,can_transact,can_select,chance_of_playing_next_round,chance_of_playing_this_round,code,cost_change_event,cost_change_event_fall,cost_change_start,cost_change_start_fall,dreamteam_count,position,xP_next,ep_this,event_points,first_name,form,fpl_id,in_dreamteam,news,news_added,value,photo,points_per_game,removed,second_name,selected_by_percent,special,squad_number,status,team_id,team_code,total_points,transfers_in,transfers_in_event,transfers_out,transfers_out_event,value_form,value_season,web_name,region,team_join_date,birth_date,has_temporary_code,opta_code,minutes,goals_scored,assists,clean_sheets,goals_conceded,own_goals,penalties_saved,penalties_missed,yellow_cards,red_cards,saves,bonus,bps,influence,creativity,threat,ict_index,clearances_blocks_interceptions,recoveries,tackles,defensive_contribution,starts,expected_goals,expected_assists,expected_goal_involvements,expected_goals_conceded,corners_and_indirect_freekicks_order,corners_and_indirect_freekicks_text,direct_freekicks_order,direct_freekicks_text,penalties_order,penalties_text,scout_risks,influence_rank,influence_rank_type,creativity_rank,creativity_rank_type,threat_rank,threat_rank_type,ict_index_rank,ict_index_rank_type,expected_goals_per_90,saves_per_90,expected_assists_per_90,expected_goal_involvements_per_90,expected_goals_conceded_per_90,goals_conceded_per_90,now_cost_rank,now_cost_rank_type,form_rank,form_rank_type,points_per_game_rank,points_per_game_rank_type,selected_rank,selected_rank_type,starts_per_90,clean_sheets_per_90,defensive_contribution_per_90,selected,team,strength,strength_overall_home,strength_overall_away,strength_attack_home,strength_attack_away,strength_defence_home,strength_defence_away,team_h,team_a,team_h_difficulty,team_a_difficulty,was_home,opponent_team,round,elo,team_h_name,team_a_name,win_prob,draw_prob,lose_prob,percenatge_net_transfers
0,True,True,100.0,100.0,154561,-1,1,4,-4,1,1,4.3,3.8,6,David,3.3,1,False,,,59,154561.jpg,4.1,False,Raya Martín,33.7,False,,a,1,3,86,3337464,37400,1765731,46350,0.6,14.6,Raya,200.0,2024-07-04,1995-09-15,False,p154561,1890,0,0,10,14,0,0,0,1,0,32,4,348,320.2,20.3,0.0,34.1,16,168,0,0,21,0.00,0.04,0.04,15.43,,,,,,,[],109,17,361,3,784,91,257,15,0.0,1.52,0.0,0.0,0.73,0.67,92,1,105,9,71,4,6,1,1.0,0.48,0.0,4314992,Arsenal,5,1300,1375,1340,1400,1260,1350,16,1,4,3,False,16,22,2052.35058594,Nott'm Forest,Arsenal,0.168,0.237,0.596,0.30798999450344344
1,True,True,100.0,100.0,109745,0,0,-4,4,0,1,1.0,0.5,0,Kepa,0.0,2,False,,,41,109745.jpg,0.0,False,Arrizabalaga Revuelta,0.4,False,,a,1,3,0,12325,166,72006,488,0.0,0.0,Arrizabalaga,200.0,2025-07-01,1994-10-03,False,p109745,0,0,0,0,0,0,0,0,0,0,0,0,0,0.0,0.0,0.0,0.0,0,0,0,0,0,0.00,0.00,0.00,0.00,,,,,,,[],596,81,591,70,556,55,600,81,0.0,0.0,0.0,0.0,0.0,0.0,638,38,541,76,607,81,269,36,0.0,0.0,0.0,51217,Arsenal,5,1300,1375,1340,1400,1260,1350,16,1,4,3,False,16,22,2052.35058594,Nott'm Forest,Arsenal,0.168,0.237,0.596,-0.7076994225136664
2,True,True,100.0,100.0,551221,0,0,-1,1,0,1,1.0,0.5,0,Tommy,0.0,4,False,,,39,551221.jpg,0.0,False,Setford,0.3,False,,a,1,3,0,31626,516,27294,750,0.0,0.0,Setford,241.0,2024-07-24,2006-03-13,False,p551221,0,0,0,0,0,0,0,0,0,0,0,0,0,0.0,0.0,0.0,0.0,0,0,0,0,0,0.00,0.00,0.00,0.00,,,,,,,[],527,55,520,42,481,27,530,55,0.0,0.0,0.0,0.0,0.0,0.0,754,88,469,50,537,55,337,47,0.0,0.0,0.0,38412,Arsenal,5,1300,1375,1340,1400,1260,1350,16,1,4,3,False,16,22,2052.35058594,Nott'm Forest,Arsenal,0.168,0.237,0.596,0.0735234215885947
3,True,True,100.0,100.0,226597,1,-1,7,-7,4,2,6.2,5.7,6,Gabriel,5.2,5,True,,2025-11-17T12:00:07.436586Z,67,226597.jpg,7.5,False,dos Santos Magalhães,31.4,False,,a,1,3,112,6350974,311066,4922616,3820,0.8,16.7,Gabriel,30.0,2020-09-01,1997-12-19,False,p226597,1265,3,2,9,7,0,0,0,1,0,0,16,362,443.6,73.0,158.0,67.3,109,21,14,123,14,1.56,0.76,2.32,8.95,,,,,,,[],36,15,253,73,122,20,102,30,0.11,0.0,0.05,0.16,0.64,0.5,48,1,26,6,2,1,9,2,1.0,0.64,8.75,4020497,Arsenal,5,1300,1375,1340,1400,1260,1350,16,1,4,3,False,16,22,2052.35058594,Nott'm Forest,Arsenal,0.168,0.237,0.596,0.12669948082199192
4,True,True,100.0,100.0,462424,0,0,-1,1,0,2,4.3,3.8,7,William,3.3,6,False,,2025-11-30T22:30:08.957329Z,59,462424.jpg,3.6,False,Saliba,11.8,False,,a,1,3,61,1367276,33646,1888950,15114,0.6,10.3,Saliba,73.0,2019-07-25,2001-03-24,False,p462424,1354,0,0,7,9,0,0,0,0,0,0,2,288,269.0,64.0,22.0,35.5,75,60,18,93,16,0.29,0.44,0.73,10.61,,,,,,,[],148,65,272,85,346,116,252,84,0.02,0.0,0.03,0.05,0.71,0.6,98,6,106,38,114,44,37,11,1.06,0.47,6.18,1510888,Arsenal,5,1300,1375,1340,1400,1260,1350,16,1,4,3,False,16,22,2052.35058594,Nott'm Forest,Arsenal,0.168,0.237,0.596,-0.16020816736921822
5,True,True,100.0,100.0,445122,0,0,8,-8,2,2,5.3,4.8,6,Jurriën,4.3,8,True,,2025-12-27T22:00:11.070756Z,63,445122.jpg,5.2,False,Timber,27.4,False,,a,1,3,104,5448707,76702,2731103,50002,0.7,16.5,J.Timber,152.0,2023-07-14,2001-06-17,False,p445122,1639,2,4,9,12,0,0,0,2,0,0,7,374,375.0,277.2,315.0,97.0,58,66,46,104,18,4.06,0.85,4.91,11.22,,,,,,,[],71,31,66,13,42,1,41,3,0.22,0.0,0.05,0.27,0.62,0.66,69,2,47,14,12,4,11,4,0.99,0.49,5.71,3508332,Arsenal,5,1300,1375,1340,1400,1260,1350,16,1,4,3,False,16,22,2052.35058594,Nott'm Forest,Arsenal,0.168,0.237,0.596,0.3322331447796465
6,True,True,100.0,100.0,499169,0,0,-4,4,0,2,1.7,1.2,1,Myles,0.7,10,False,,,51,499169.jpg,0.9,False,Lewis-Skelly,1.5,False,,a,1,3,12,126826,884,444105,2318,0.1,2.4,Lewis-Skelly,241.0,2022-12-04,2006-09-26,False,p499169,311,0,0,0,5,0,0,0,3,0,0,0,36,31.2,45.5,18.0,9.4,10,14,4,14,1,0.05,0.06,0.11,5.26,,,,,,,[],404,153,312,104,359,126,390,140,0.01,0.0,0.02,0.03,1.52,1.45,238,37,324,121,481,166,154,60,0.29,0.0,4.05,192062,Arsenal,5,1300,1375,1340,1400,1260,1350,16,1,4,3,False,16,22,2052.35058594,Nott'm Forest,Arsenal,0.168,0.237,0.596,-0.555722145057809
7,True,True,100.0,100.0,198869,0,0,-4,4,1,2,1.3,0.8,0,Benjamin,0.3,11,False,,2025-12-13T23:30:11.163639Z,51,198869.jpg,4.6,False,White,0.5,False,,a,1,3,23,325878,463,374701,1973,0.1,4.5,White,241.0,2021-07-30,1997-10-08,False,p198869,287,0,1,2,3,0,0,0,0,0,0,3,89,92.2,77.1,34.0,20.3,16,16,11,27,4,0.37,0.43,0.80,5.52,,,,,,,[],318,120,244,67,314,98,327,108,0.12,0.0,0.13,0.25,1.73,0.94,228,33,368,134,33,15,240,90,1.25,0.63,8.47,64021,Arsenal,5,1300,1375,1340,1400,1260,1350,16,1,4,3,False,16,22,2052.35058594,Nott'm Forest,Arsenal,0.168,0.237,0.596,-0.06968949968526034
8,True,True,100.0,100.0,563324,0,0,-2,2,0,2,1.0,0.5,0,Brayden,0.0,13,False,,,38,563324.jpg,0.0,False,Clarke,0.5,False,,a,1,3,0,49036,312,70278,1006,0.0,0.0,Clarke,,,,False,p563324,0,0,0,0,0,0,0,0,0,0,0,0,0,0.0,0.0,0.0,0.0,0,0,0,0,0,0.00,0.00,0.00,0.00,,,,,,,[],493,187,485,188,445,178,496,187,0.0,0.0,0.0,0.0,0.0,0.0,791,257,433,166,503,187,256,99,0.0,0.0,0.0,64021,Arsenal,5,1300,1375,1340,1400,1260,1350,16,1,4,3,False,16,22,2052.35058594,Nott'm Forest,Arsenal,0.168,0.237,0.596,-0.17803443015907605
9,True,True,100.0,100.0,499167,0,0,-2,2,0,2,1.0,0.5,0,Josh,0.0,15,False,,,38,499167.jpg,0.0,False,Nichols,0.2,False,,a,1,3,0,16723,60,23962,269,0.0,0.0,Nichols,241.0,2024-07-24,2006-07-26,False,p499167,0,0,0,0,0,0,0,0,0,0,0,0,0,0.0,0.0,0.0,0.0,0,0,0,0,0,0.00,0.00,0.00,0.00,,,,,,,[],487,181,478,181,437,170,490,181,0.0,0.0,0.0,0.0,0.0,0.0,781,247,426,159,497,181,384,140,0.0,0.0,0.0,25608,Arsenal,5,1300,1375,1340,1400,1260,1350,16,1,4,3,False,16,22,2052.35058594,Nott'm Forest,Arsenal,0.168,0.237,0.596,-0.17792798328622342
10,True,True,100.0,100.0,223340,0,0,2,-2,1,3,6.7,6.2,3,Bukayo,5.7,16,False,,2025-08-23T22:30:05.759392Z,102,223340.jpg,5.2,False,Saka,20.2,False,,a,1,3,98,3849229,30902,3240437,64662,0.6,9.6,Saka,241.0,2018-11-28,2001-09-05,False,p223340,1420,4,7,8,9,0,0,0,1,0,0,10,363,383.8,533.8,510.0,142.8,8,74,25,107,16,5.38,4.30,9.68,9.14,2.0,,,,1.0,,[],61,19,8,8,10,4,7,5,0.34,0.0,0.27,0.61,0.58,0.57,5,3,20,11,13,7,18,7,1.01,0.51,6.78,2586435,Arsenal,5,1300,1375,1340,1400,1260,1350,16,1,4,3,False,16,22,2052.35058594,Nott'm Forest,Arsenal,0.168,0.237,0.596,0.08587033578168562
11,True,True,100.0,100.0,184029,0,0,-2,2,1,3,5.8,5.3,3,Martin,4.8,17,False,,2025-10-04T20:00:07.945438Z,78,184029.jpg,3.2,False,Ødegaard,2.5,False,,a,1,3,48,339442,11618,485554,7855,0.6,6.2,Ødegaard,161.0,2021-08-20,1998-12-17,False,p184029,870,1,3,4,8,0,0,0,0,0,0,5,204,216.4,376.3,130.0,72.3,12,43,14,69,11,0.87,2.13,3.00,10.67,4.0,,,,3.0,,[],190,81,32,31,149,88,87,53,0.09,0.0,0.22,0.31,1.1,0.83,17,12,30,16,164,72,117,39,1.14,0.41,7.14,320103,Arsenal,5,1300,1375,1340,1400,1260,1350,16,1,4,3,False,16,22,2052.35058594,Nott'm Forest,Arsenal,0.168,0.237,0.596,-0.17710631324273088
12,True,True,100.0,100.0,248857,0,0,-2,2,0,3,1.7,1.2,1,Noni,0.7,18,False,,2025-09-21T22:30:05.839272Z,68,248857.jpg,1.7,False,Madueke,0.7,False,,a,1,3,20,210566,714,278399,1558,0.1,2.9,Madueke,241.0,2025-07-18,2002-03-10,False,p248857,505,0,0,3,5,0,0,0,0,0,0,0,76,58.8,159.3,175.0,39.3,7,14,6,27,6,0.54,1.39,1.93,6.87,3.0,,,,,,[],364,161,144,99,106,63,225,113,0.1,0.0,0.25,0.35,1.22,0.89,45,28,331,149,362,160,222,77,1.07,0.53,4.81,89629,Arsenal,5,1300,1375,1340,1400,1260,1350,16,1,4,3,False,16,22,2052.35058594,Nott'm Forest,Arsenal,0.168,0.237,0.596,-0.13872772079801213
13,True,True,100.0,100.0,444145,0,0,-2,2,0,3,2.2,1.7,0,Gabriel,1.2,19,False,,2025-12-24T02:30:10.584394Z,68,444145.jpg,1.8,False,Martinelli Silva,0.8,False,,a,1,3,28,134186,987,217717,1487,0.2,4.1,Martinelli,30.0,2019-07-15,2001-06-18,False,p444145,500,1,1,2,3,0,0,0,2,0,0,1,86,70.2,66.0,172.0,30.3,4,18,5,27,6,1.99,0.18,2.17,5.36,,,,,,,[],348,154,267,159,112,65,282,138,0.36,0.0,0.03,0.39,0.96,0.54,46,29,282,127,350,154,196,66,1.08,0.36,4.86,102433,Arsenal,5,1300,1375,1340,1400,1260,1350,16,1,4,3,False,16,22,2052.35058594,Nott'm Forest,Arsenal,0.168,0.237,0.596,-0.23736938872359714
14,True,True,100.0,100.0,116216,-1,1,-1,1,2,3,4.7,4.2,2,Leandro,3.7,20,False,,2025-11-27T10:00:06.582480Z,69,116216.jpg,4.7,False,Trossard,1.8,False,,a,1,3,80,425484,7907,260998,16148,0.5,11.6,Trossard,21.0,2023-01-20,1994-12-04,False,p116216,1128,5,4,6,9,0,0,0,1,0,0,9,274,334.8,322.8,351.0,101.0,12,45,14,71,12,4.17,2.04,6.21,8.24,,,,,4.0,,[],97,31,45,39,35,21,37,28,0.33,0.0,0.16,0.49,0.66,0.72,41,25,88,40,30,13,145,50,0.96,0.48,5.66,230474,Arsenal,5,1300,1375,1340,1400,1260,1350,16,1,4,3,False,16,22,2052.35058594,Nott'm Forest,Arsenal,0.168,0.237,0.596,0.23960715648771563
15,True,True,100.0,100.0,204480,1,-1,8,-8,4,3,7.3,6.8,3,Declan,6.3,21,True,,2025-12-30T16:00:11.463587Z,73,204480.jpg,6.1,False,Rice,26.7,False,,a,1,3,122,4959948,252532,2730744,14708,0.9,16.7,Rice,241.0,2023-07-15,1999-01-14,False,p204480,1695,4,7,9,13,0,0,0,1,0,0,18,490,536.4,580.7,210.0,132.8,71,100,34,205,19,2.66,3.78,6.44,11.96,1.0,,1.0,,,,[],14,4,5,5,83,51,10,8,0.14,0.0,0.2,0.34,0.64,0.69,23,16,13,7,4,1,12,4,1.01,0.48,10.88,3418703,Arsenal,5,1300,1375,1340,1400,1260,1350,16,1,4,3,False,16,22,2052.35058594,Nott'm Forest,Arsenal,0.168,0.237,0.596,0.28985740164864227
16,True,True,100.0,100.0,195384,-1,1,-4,4,1,3,2.2,1.7,0,Mikel,1.2,22,False,,,56,195384.jpg,3.1,False,Merino Zazón,1.8,False,,a,1,3,58,821446,1248,700217,23089,0.2,10.4,Merino,200.0,2024-08-27,1996-06-22,False,p195384,931,3,3,4,8,0,0,0,1,0,0,4,209,262.2,174.1,185.0,61.9,27,50,23,100,10,2.29,0.93,3.22,6.22,,,,,,,[],163,61,130,94,100,60,126,68,0.22,0.0,0.09,0.31,0.6,0.77,129,80,275,121,178,75,144,49,0.97,0.39,9.67,230474,Arsenal,5,1300,1375,1340,1400,1260,1350,16,1,4,3,False,16,22,2052.35058594,Nott'm Forest,Arsenal,0.168,0.237,0.596,0.07966875714267876
17,True,True,100.0,100.0,128295,0,0,-4,4,0,3,1.2,0.7,0,Christian,0.2,24,False,,2025-08-18T08:00:05.297235Z,51,128295.jpg,1.0,False,Nørgaard,0.1,False,,a,1,3,3,6243,99,59524,171,0.0,0.6,Nørgaard,58.0,2025-07-10,1994-03-10,False,p128295,31,0,0,0,1,0,0,0,0,0,0,0,11,14.6,0.4,7.0,2.3,5,3,0,8,0,0.05,0.00,0.05,2.16,,,,,,,[],430,193,451,219,390,193,441,200,0.15,0.0,0.0,0.15,6.27,2.9,225,138,408,189,467,218,426,142,0.0,0.0,23.23,12804,Arsenal,5,1300,1375,1340,1400,1260,1350,16,1,4,3,False,16,22,2052.35058594,Nott'm Forest,Arsenal,0.168,0.237,0.596,-0.8101479465385376
18,True,True,100.0,100.0,499175,0,0,-5,5,0,3,1.0,0.5,0,Ethan,0.0,25,False,,,50,499175.jpg,1.3,False,Nwaneri,0.1,False,,a,1,3,8,12864,123,34899,201,0.0,1.6,Nwaneri,241.0,2022-09-17,2007-03-21,False,p499175,165,0,0,1,0,0,0,0,0,0,0,0,20,8.6,22.5,24.0,5.4,1,10,2,13,0,0.23,0.08,0.31,0.73,,,,,,,[],436,197,356,185,338,178,414,186,0.13,0.0,0.04,0.17,0.4,0.0,268,163,739,321,408,182,429,144,0.0,0.55,7.09,12804,Arsenal,5,1300,1375,1340,1400,1260,1350,16,1,4,3,False,16,22,2052.35058594,Nott'm Forest,Arsenal,0.168,0.237,0.596,-0.4613403680673325
19,True,True,100.0,100.0,481655,0,0,-3,3,1,3,4.7,4.2,5,Martín,3.7,26,False,,2025-11-01T18:30:07.784912Z,52,481655.jpg,3.7,False,Zubimendi Ibáñez,2.2,False,,a,1,3,77,721215,3401,758982,6023,0.7,14.8,Zubimendi,200.0,2025-07-06,1999-02-02,False,p481655,1770,3,1,10,13,0,0,0,4,0,0,5,360,374.8,291.2,144.0,81.2,71,72,38,181,20,1.87,1.45,3.32,14.59,,,,,,,[],72,22,62,50,132,78,72,46,0.1,0.0,0.07,0.17,0.74,0.66,216,133,81,36,104,44,126,42,1.02,0.51,9.2,281691,Arsenal,5,1300,1375,1340,1400,1260,1350,16,1,4,3,False,16,22,2052.35058594,Nott'm Forest,Arsenal,0.168,0.237,0.596,-0.025514847010229044
110,True,True,100.0,100.0,200641,0,0,-2,2,0,3,0.5,0.5,1,Reiss,0.5,27,False,,2025-12-09T15:00:09.283718Z,48,200641.jpg,1.0,False,Nelson,0.1,False,,a,5,94,6,9467,109,16905,108,0.1,1.2,Nelson,241.0,2025-09-01,1999-12-10,False,p200641,50,0,0,0,1,0,0,0,0,0,0,0,19,16.4,4.0,16.0,3.4,3,12,2,17,0,0.61,0.07,0.68,1.21,,,,,,,"[{'property': 'loan_ineligible', 'notes': 'This player will not be available to face their parent club in Gameweek 26 as part of their loan conditions.', 'gameweek': 26, 'url': None}]",426,190,423,205,363,184,434,196,1.1,0.0,0.13,1.23,2.18,1.8,351,219,342,152,459,213,472,161,0.0,0.0,30.6,12804,Brentford,3,1135,1175,1100,1110,1170,1240,7,5,3,3,False,7,22,1841.53430176,Chelsea,Brentford,0.579,0.234,0.187,-0.2820415592294858
20,True,True,100.0,100.0,219847,0,0,-2,2,0,4,1.0,0.5,0,Kai,0.0,30,False,,2025-08-20T13:00:06.498911Z,73,219847.jpg,1.0,False,Havertz,0.3,False,,a,1,3,1,12053,559,112237,318,0.0,0.1,Havertz,80.0,2023-06-28,1999-06-11,False,p219847,30,0,0,0,0,0,0,0,0,0,0,0,4,2.8,0.8,2.0,0.6,1,2,0,3,0,0.00,0.01,0.01,0.82,,,,,,,[],457,52,444,54,425,58,463,57,0.0,0.0,0.03,0.03,2.46,0.0,25,9,792,87,478,59,295,50,0.0,0.0,9.0,38412,Arsenal,5,1300,1375,1340,1400,1260,1350,16,1,4,3,False,16,22,2052.35058594,Nott'm Forest,Arsenal,0.168,0.237,0.596,-0.8060503660793306
21,True,True,100.0,100.0,205651,0,0,-1,1,0,4,2.5,2.0,1,Gabriel,1.5,31,False,,2025-07-21T10:00:04.697564Z,64,205651.jpg,1.5,False,Fernando de Jesus,0.3,False,,a,1,3,9,47833,2261,30080,3112,0.2,1.4,G.Jesus,30.0,2022-07-04,1997-04-03,False,p205651,116,1,0,0,3,0,0,0,1,0,0,0,39,53.6,6.5,94.0,15.3,3,7,4,14,0,0.47,0.03,0.50,2.65,,,,,,,[],375,39,413,50,208,40,354,41,0.36,0.0,0.02,0.38,2.06,2.33,56,20,256,29,388,44,335,55,0.0,0.0,10.86,38412,Arsenal,5,1300,1375,1340,1400,1260,1350,16,1,4,3,False,16,22,2052.35058594,Nott'm Forest,Arsenal,0.168,0.237,0.596,0.2278567119736116
27,True,True,75.0,100.0,98980,0,0,0,0,2,1,1.3,1.7,1,Emiliano,1.7,32,False,Calf injury - 75% chance of playing,2026-01-09T17:30:11.419226Z,50,98980.jpg,3.8,False,Martínez Romero,3.5,False,,d,2,7,64,639538,9439,448119,16816,0.3,12.8,Martinez,10.0,2020-09-16,1992-09-02,False,p98980,1485,0,0,4,16,0,1,0,1,0,49,3,282,379.6,3.0,0.0,38.2,13,132,0,0,17,0.00,0.03,0.03,22.32,,,,,,,[],67,13,426,12,744,84,234,13,0.0,2.97,0.0,0.0,1.35,0.97,242,8,231,18,93,8,95,15,1.03,0.24,0.0,448145,Aston Villa,3,1145,1185,1150,1170,1140,1200,2,9,2,3,True,9,22,1923.92321777,Aston Villa,Everton,0.518,0.267,0.215,0.1759920636744856
28,True,True,100.0,100.0,72147,0,0,-3,3,0,1,0.5,0.5,2,Marco,0.5,33,False,,,42,72147.jpg,2.2,False,Bizot,0.4,False,,a,2,7,11,81308,437,109330,506,0.1,2.6,M.Bizot,152.0,2025-07-15,1991-03-10,False,p72147,405,0,0,1,8,0,0,0,2,0,13,0,51,92.8,0.0,0.0,9.3,6,41,0,0,4,0.00,0.00,0.00,8.53,,,,,,,[],316,27,593,72,559,57,391,27,0.0,2.89,0.0,0.0,1.9,1.78,616,32,333,23,281,23,268,35,0.89,0.22,0.0,51217,Aston Villa,3,1145,1185,1150,1170,1140,1200,2,9,2,3,True,9,22,1923.92321777,Aston Villa,Everton,0.518,0.267,0.215,-0.14699063145857594
29,True,True,100.0,100.0,199796,0,0,3,-3,2,2,2.3,2.3,6,Matty,2.3,36,False,,2025-12-28T02:30:08.800205Z,48,199796.jpg,4.3,False,Cash,10.7,False,,a,2,7,87,2310254,55151,1342864,12809,0.5,18.1,Cash,172.0,2020-09-03,1997-08-07,False,p199796,1771,3,2,6,19,0,0,0,5,0,0,6,316,425.2,295.3,123.0,84.4,80,47,35,115,20,0.70,1.76,2.46,26.74,1.0,,,,,,[],44,20,58,11,156,28,60,9,0.04,0.0,0.09,0.13,1.36,0.97,350,59,176,65,47,22,41,13,1.02,0.3,5.84,1370042,Aston Villa,3,1145,1185,1150,1170,1140,1200,2,9,2,3,True,9,22,1923.92321777,Aston Villa,Everton,0.518,0.267,0.215,0.2648121412995693
30,True,True,100.0,100.0,101188,0,0,0,0,1,2,2.2,2.2,9,Lucas,2.2,37,False,,2025-10-23T13:30:07.954318Z,45,101188.jpg,3.2,False,Digne,1.6,False,,a,2,7,64,270462,5610,304864,2532,0.5,14.2,Digne,73.0,2022-01-13,1993-07-20,False,p101188,1192,0,3,6,12,0,0,0,2,0,0,4,250,237.8,277.5,89.0,60.2,45,42,21,66,14,0.49,1.75,2.24,18.41,2.0,,2.0,,,,[],177,72,65,12,214,53,135,44,0.04,0.0,0.13,0.17,1.39,0.91,397,73,189,69,149,58,152,59,1.06,0.45,4.98,204866,Aston Villa,3,1145,1185,1150,1170,1140,1200,2,9,2,3,True,9,22,1923.92321777,Aston Villa,Everton,0.518,0.267,0.215,-0.05979566367589854
31,True,True,100.0,100.0,199798,0,0,-1,1,0,2,2.7,2.7,7,Ezri,2.7,38,False,,2025-11-18T09:30:07.536725Z,44,199798.jpg,3.1,False,Konsa Ngoyo,7.4,False,,a,2,7,62,476534,10806,1844005,7225,0.6,14.1,Konsa,241.0,2019-07-11,1997-10-23,False,p199798,1775,0,0,6,23,0,0,0,0,1,0,3,313,360.2,71.4,72.0,50.7,106,59,11,117,20,0.36,0.38,0.74,29.32,,,,,,,[],80,36,259,78,244,67,173,57,0.02,0.0,0.02,0.04,1.49,1.17,513,104,151,60,171,69,56,17,1.01,0.3,5.93,947506,Aston Villa,3,1145,1185,1150,1170,1140,1200,2,9,2,3,True,9,22,1923.92321777,Aston Villa,Everton,0.518,0.267,0.215,-0.5892902467918014
32,True,True,100.0,100.0,441302,0,0,-3,3,0,2,1.3,1.3,1,Ian,1.3,39,False,,,42,441302.jpg,1.2,False,Maatsen,0.5,False,,a,2,7,18,48016,997,88341,1243,0.3,4.3,Maatsen,152.0,2024-06-28,2002-03-10,False,p441302,688,0,0,0,12,0,0,0,1,0,0,0,98,139.4,138.5,103.0,38.3,39,44,21,60,7,0.66,0.79,1.45,12.44,5.0,,,,,,[],263,104,162,39,188,43,232,79,0.09,0.0,0.1,0.19,1.63,1.57,625,148,258,99,416,153,249,95,0.92,0.0,7.85,64021,Aston Villa,3,1145,1185,1150,1170,1140,1200,2,9,2,3,True,9,22,1923.92321777,Aston Villa,Everton,0.518,0.267,0.215,-0.2957310589115337
33,True,True,50.0,50.0,149484,0,0,-2,2,0,2,0.0,0.0,0,Tyrone,0.0,40,False,Hamstring injury - 50% chance of playing,2025-11-02T00:00:09.519584Z,43,149484.jpg,3.4,False,Mings,0.5,False,,d,2,7,24,122663,49,187735,438,0.0,5.6,Mings,241.0,2019-07-08,1993-03-13,False,p149484,497,0,0,2,6,0,0,0,0,0,0,1,87,120.2,44.6,25.0,19.0,39,16,2,41,6,0.33,0.09,0.42,8.78,,,,,,,[],281,107,317,106,333,109,334,113,0.06,0.0,0.02,0.08,1.59,1.09,562,125,557,232,125,47,242,92,1.09,0.36,7.42,64021,Aston Villa,3,1145,1185,1150,1170,1140,1200,2,9,2,3,True,9,22,1923.92321777,Aston Villa,Everton,0.518,0.267,0.215,-0.20964052603431724
34,True,True,100.0,50.0,244954,0,0,-2,2,0,2,0.0,0.0,0,Pau,0.0,41,False,,2025-12-12T00:00:09.857457Z,43,244954.jpg,3.2,False,Torres,0.3,False,,a,2,7,39,60898,301,87973,684,0.0,9.1,Pau,200.0,2023-07-12,1997-01-16,False,p244954,952,0,1,3,11,1,0,0,0,0,0,2,176,207.6,17.3,26.0,25.3,58,52,15,73,10,0.22,0.22,0.44,14.19,,,,,,,[],197,79,374,135,329,107,301,100,0.02,0.0,0.02,0.04,1.34,1.04,572,132,560,233,148,57,313,116,0.95,0.28,6.9,38412,Aston Villa,3,1145,1185,1150,1170,1140,1200,2,9,2,3,True,9,22,1923.92321777,Aston Villa,Everton,0.518,0.267,0.215,-0.18186886633394012
35,True,True,100.0,100.0,606798,0,0,-1,1,0,2,0.2,0.2,0,Andrés,0.2,42,False,,2025-10-23T13:30:07.986013Z,39,606798.jpg,0.5,False,García,0.2,False,,a,2,7,1,26560,218,36574,371,0.1,0.3,A.García,200.0,2025-01-21,2003-02-07,False,p606798,30,0,0,0,2,0,0,0,0,0,0,0,-3,0.6,1.5,0.0,0.2,0,2,0,0,0,0.00,0.01,0.01,1.52,,,,,,,[],471,169,433,160,488,192,475,170,0.0,0.0,0.03,0.03,4.56,6.0,762,228,380,138,484,168,358,132,0.0,0.0,0.0,25608,Aston Villa,3,1145,1185,1150,1170,1140,1200,2,9,2,3,True,9,22,1923.92321777,Aston Villa,Everton,0.518,0.267,0.215,-0.15861500934520226
36,True,True,100.0,100.0,515597,0,0,0,0,0,2,0.2,0.2,1,Lamare,0.2,44,False,,2025-11-20T10:30:09.224047Z,40,515597.jpg,1.3,False,Bogarde,0.5,False,,a,2,7,21,93870,702,78777,1066,0.0,5.2,Bogarde,152.0,2021-01-07,2004-01-05,False,p515597,432,0,0,1,6,0,0,0,4,0,0,3,62,58.2,37.4,6.0,10.1,14,14,9,23,4,0.00,0.12,0.12,7.70,,,,,,,[],366,139,333,113,393,146,387,138,0.0,0.0,0.02,0.02,1.6,1.25,679,178,382,140,401,147,243,93,0.83,0.21,4.79,64021,Aston Villa,3,1145,1185,1150,1170,1140,1200,2,9,2,3,True,9,22,1923.92321777,Aston Villa,Everton,0.518,0.267,0.215,0.0874211541469009
37,True,True,100.0,100.0,514315,0,0,-1,1,0,2,0.0,0.0,0,Lino,0.0,45,False,,,39,514315.jpg,0.0,False,da Cruz Sousa,0.3,False,,a,2,7,0,17604,124,31141,267,0.0,0.0,Sousa,,,,False,p514315,0,0,0,0,0,0,0,0,0,0,0,0,0,0.0,0.0,0.0,0.0,0,0,0,0,0,0.00,0.00,0.00,0.00,,,,,,,[],523,194,516,195,477,186,526,194,0.0,0.0,0.0,0.0,0.0,0.0,750,221,465,174,533,194,323,120,0.0,0.0,0.0,38412,Aston Villa,3,1145,1185,1150,1170,1140,1200,2,9,2,3,True,9,22,1923.92321777,Aston Villa,Everton,0.518,0.267,0.215,-0.277710534413786
38,True,True,100.0,100.0,244850,0,0,6,-6,3,3,6.7,6.7,3,Morgan,6.7,47,False,,2025-08-10T22:00:04.458365Z,76,244850.jpg,4.8,False,Rogers,31.7,False,,a,2,7,101,4727423,143611,1839743,66073,0.9,13.3,Rogers,241.0,2024-02-01,2002-07-26,False,p244850,1867,7,4,6,24,0,0,0,4,0,0,10,359,455.6,358.8,455.0,126.8,27,72,21,120,21,3.42,2.36,5.78,30.15,,,,,,,[],33,9,36,34,16,7,13,11,0.16,0.0,0.11,0.27,1.45,1.16,20,13,8,2,27,12,8,3,1.01,0.29,5.78,4058910,Aston Villa,3,1145,1185,1150,1170,1140,1200,2,9,2,3,True,9,22,1923.92321777,Aston Villa,Everton,0.518,0.267,0.215,0.43971478716999085
39,True,True,100.0,100.0,166989,0,0,-1,1,0,3,4.5,4.5,3,Youri,4.5,48,False,,2025-09-14T22:00:07.795199Z,59,166989.jpg,3.1,False,Tielemans,1.1,False,,a,2,7,47,144171,7584,274992,4081,0.8,8.0,Tielemans,21.0,2023-06-14,1997-05-07,False,p166989,1132,0,4,3,16,0,0,0,0,0,0,3,252,261.2,294.5,139.0,69.5,22,60,35,117,13,0.91,1.81,2.72,20.48,3.0,,,,,,[],164,62,60,48,138,79,96,55,0.07,0.0,0.14,0.21,1.63,1.27,93,59,42,21,181,77,177,60,1.03,0.24,9.3,140845,Aston Villa,3,1145,1185,1150,1170,1140,1200,2,9,2,3,True,9,22,1923.92321777,Aston Villa,Everton,0.518,0.267,0.215,-0.3121005432254278
40,True,True,100.0,100.0,195546,0,0,-2,2,2,3,1.7,1.7,1,Emiliano,1.7,50,False,,2025-10-31T00:00:08.522687Z,53,195546.jpg,3.1,False,Buendía Stati,0.3,False,,a,2,7,58,156746,943,138184,2960,0.3,10.9,Buendía,10.0,2021-06-10,1996-12-25,False,p195546,772,4,2,2,8,0,0,0,2,0,0,7,189,246.0,197.3,180.0,62.4,17,47,25,89,9,1.87,0.98,2.85,13.03,,,6.0,,2.0,,[],172,68,103,73,101,61,122,65,0.22,0.0,0.11,0.33,1.52,0.93,186,115,234,100,177,74,285,97,1.05,0.23,10.38,38412,Aston Villa,3,1145,1185,1150,1170,1140,1200,2,9,2,3,True,9,22,1923.92321777,Aston Villa,Everton,0.518,0.267,0.215,0.06293696809412402
375,True,True,100.0,100.0,232653,0,0,-2,2,0,3,1.2,1.2,1,Jacob,1.2,52,False,,2025-08-31T01:30:07.565346Z,53,232653.jpg,1.2,False,Ramsey,0.2,False,,a,15,4,14,22113,201,71476,356,0.2,2.6,J.Ramsey,241.0,2025-08-17,2001-05-28,False,p232653,505,0,0,0,11,0,0,0,2,0,0,0,81,60.6,139.1,64.0,26.4,8,42,11,61,4,0.34,0.63,0.97,9.00,,,,,,,[],362,160,161,111,262,141,297,144,0.06,0.0,0.11,0.17,1.6,1.96,191,119,273,119,419,188,365,122,0.71,0.0,10.87,25608,Newcastle,3,1160,1220,1170,1180,1150,1260,20,15,3,2,False,20,22,1876.20507812,Wolves,Newcastle,0.213,0.246,0.541,-0.5274444646272533
41,True,True,100.0,100.0,204646,0,0,-4,4,1,3,1.5,1.5,1,Donyell,1.5,53,False,,,51,204646.jpg,2.6,False,Malen,0.7,False,,a,2,7,55,172541,606,305824,3515,0.3,10.8,Malen,152.0,2025-01-14,1999-01-19,False,p204646,640,4,2,1,10,0,0,0,0,0,0,3,161,183.4,99.7,290.0,56.3,2,10,4,16,5,4.03,0.35,4.38,10.59,,,,,1.0,,[],218,93,208,133,50,32,146,80,0.57,0.0,0.05,0.62,1.49,1.41,229,140,253,110,236,104,223,78,0.7,0.14,2.25,89629,Aston Villa,3,1145,1185,1150,1170,1140,1200,2,9,2,3,True,9,22,1923.92321777,Aston Villa,Everton,0.518,0.267,0.215,-0.2786219727613851
42,True,True,100.0,100.0,122806,0,0,-1,1,1,3,4.5,4.5,3,John,4.5,54,False,,,54,122806.jpg,3.3,False,McGinn,1.1,False,,a,2,7,70,191900,10808,143992,5221,0.8,13.0,McGinn,243.0,2018-08-08,1994-10-18,False,p122806,1574,3,2,7,21,0,0,0,3,0,0,4,285,308.2,384.1,193.0,88.8,29,70,27,126,20,2.52,1.95,4.47,26.45,4.0,,,,,,[],115,40,30,29,94,56,52,37,0.14,0.0,0.11,0.25,1.51,1.2,158,98,38,19,144,62,174,59,1.14,0.4,7.2,140845,Aston Villa,3,1145,1185,1150,1170,1140,1200,2,9,2,3,True,9,22,1923.92321777,Aston Villa,Everton,0.518,0.267,0.215,0.14262917842639897
43,True,True,100.0,100.0,226944,0,0,-1,1,0,3,1.8,1.8,3,Boubacar,1.8,58,False,,2025-12-28T02:30:08.852487Z,49,226944.jpg,3.4,False,Kamara,0.5,False,,a,2,7,61,110897,1144,84118,2554,0.4,12.4,Kamara,73.0,2022-06-11,1999-11-23,False,p226944,1410,1,3,5,15,0,0,0,5,0,0,7,282,325.0,241.3,75.0,64.2,46,65,38,149,17,0.53,0.84,1.36,20.80,,,,,,,[],104,36,81,61,239,132,115,63,0.03,0.0,0.05,0.08,1.33,0.96,307,189,212,89,133,57,258,86,1.09,0.32,9.51,64021,Aston Villa,3,1145,1185,1150,1170,1140,1200,2,9,2,3,True,9,22,1923.92321777,Aston Villa,Everton,0.518,0.267,0.215,0.13731764223264878
44,True,True,100.0,100.0,577731,0,0,-1,1,0,3,0.0,0.0,0,Ben,0.0,60,False,,,44,577731.jpg,0.0,False,Broggio,0.3,False,,a,2,7,0,37231,156,46016,499,0.0,0.0,Broggio,241.0,2024-09-23,2007-01-29,False,p577731,0,0,0,0,0,0,0,0,0,0,0,0,0,0.0,0.0,0.0,0.0,0,0,0,0,0,0.00,0.00,0.00,0.00,,,,,,,[],647,246,644,250,618,238,650,248,0.0,0.0,0.0,0.0,0.0,0.0,547,327,606,223,654,252,315,104,0.0,0.0,0.0,38412,Aston Villa,3,1145,1185,1150,1170,1140,1200,2,9,2,3,True,9,22,1923.92321777,Aston Villa,Everton,0.518,0.267,0.215,-0.10552932838420603
45,True,True,100.0,100.0,559962,0,0,0,0,0,3,0.2,0.2,0,Jamaldeen,0.2,62,False,,,45,559962.jpg,1.0,False,Jimoh-Aloba,0.1,False,,a,2,7,1,7590,227,8683,144,0.0,0.2,Jimoh-Aloba,241.0,2024-09-23,2006-10-02,False,p559962,8,0,0,0,0,0,0,0,0,0,0,0,3,0.2,0.3,0.0,0.1,0,1,0,1,0,0.00,0.00,0.00,0.61,,,,,,,[],476,218,456,222,671,276,478,219,0.0,0.0,0.0,0.0,6.86,0.0,460,280,398,180,448,203,532,188,0.0,0.0,11.25,12804,Aston Villa,3,1145,1185,1150,1170,1140,1200,2,9,2,3,True,9,22,1923.92321777,Aston Villa,Everton,0.518,0.267,0.215,-0.06716647207030049
46,True,True,100.0,100.0,537403,0,0,-2,2,0,3,0.0,0.0,0,Kadan,0.0,63,False,,,43,537403.jpg,0.0,False,Young,0.6,False,,a,2,7,0,90721,1333,104973,1858,0.0,0.0,Young,,,,False,p537403,0,0,0,0,0,0,0,0,0,0,0,0,0,0.0,0.0,0.0,0.0,0,0,0,0,0,0.00,0.00,0.00,0.00,,,,,,,[],615,225,613,230,583,216,618,227,0.0,0.0,0.0,0.0,0.0,0.0,596,343,572,203,625,234,229,80,0.0,0.0,0.0,76825,Aston Villa,3,1145,1185,1150,1170,1140,1200,2,9,2,3,True,9,22,1923.92321777,Aston Villa,Everton,0.518,0.267,0.215,-0.07282798655043077
47,True,True,100.0,100.0,178301,1,-1,-2,2,2,4,6.0,6.0,2,Ollie,6.0,64,False,,2025-10-13T11:00:08.391124Z,88,178301.jpg,3.9,False,Watkins,13.8,False,,a,2,7,81,1833277,98022,3144448,45992,0.7,9.2,Watkins,241.0,2020-09-09,1995-12-30,False,p178301,1561,7,2,6,21,0,0,0,1,0,0,9,297,324.2,164.9,600.0,108.8,14,32,11,57,18,8.68,0.82,9.50,25.09,,,,,3.0,,[],105,10,138,8,5,4,33,7,0.5,0.0,0.05,0.55,1.45,1.21,8,4,19,4,88,8,25,6,1.04,0.35,3.29,1766970,Aston Villa,3,1145,1185,1150,1170,1140,1200,2,9,2,3,True,9,22,1923.92321777,Aston Villa,Everton,0.518,0.267,0.215,-0.2634076812198344
87,True,True,100.0,100.0,457569,0,0,0,0,0,1,0.8,0.8,1,Đorđe,0.8,67,False,,,45,457569.jpg,2.7,False,Petrović,4.6,False,,a,4,91,57,785074,1407,620117,12510,0.2,12.7,Petrović,190.0,2025-07-16,1999-10-08,False,p457569,1890,0,0,5,40,1,0,0,1,0,59,1,223,435.0,0.0,0.0,43.7,42,159,0,0,21,0.00,0.00,0.00,31.36,,,,,,,[],39,10,667,84,646,73,205,11,0.0,2.81,0.0,0.0,1.49,1.9,423,24,302,21,226,18,81,14,1.0,0.24,0.0,588990,Bournemouth,3,1150,1220,1100,1240,1200,1200,6,4,3,3,False,6,22,1799.17553711,Brighton,Bournemouth,0.498,0.246,0.256,0.11739115892430281
88,True,True,100.0,100.0,568791,0,0,-1,1,0,1,0.0,0.0,0,Callan,0.0,69,False,,,39,568791.jpg,0.0,False,McKenna,0.2,False,,a,4,91,0,15604,990,14857,353,0.0,0.0,McKenna,243.0,2024-02-01,2006-12-22,False,p568791,0,0,0,0,0,0,0,0,0,0,0,0,0,0.0,0.0,0.0,0.0,0,0,0,0,0,0.00,0.00,0.00,0.00,,,,,,,[],530,57,523,44,484,29,533,57,0.0,0.0,0.0,0.0,0.0,0.0,757,90,472,52,540,57,348,51,0.0,0.0,0.0,25608,Bournemouth,3,1150,1220,1100,1240,1200,1200,6,4,3,3,False,6,22,1799.17553711,Brighton,Bournemouth,0.498,0.246,0.256,0.02452316076294278
89,True,True,100.0,100.0,221466,0,0,3,-3,1,2,2.8,2.8,6,Marcos,2.8,72,False,,2025-12-06T22:00:07.547408Z,48,221466.jpg,4.4,False,Senesi Barón,14.2,False,,a,4,91,88,4113264,21829,2653468,21843,0.6,18.3,Senesi,10.0,2022-08-08,1997-05-10,False,p221466,1758,0,4,5,39,0,0,0,6,0,0,6,285,684.8,263.8,103.0,105.2,217,88,38,255,20,0.56,3.53,4.09,29.41,,,,,,,[],2,1,75,16,190,45,34,1,0.03,0.0,0.18,0.21,1.51,2.0,355,62,139,55,46,21,24,8,1.02,0.26,13.05,1818187,Bournemouth,3,1150,1220,1100,1240,1200,1200,6,4,3,3,False,6,22,1799.17553711,Brighton,Bournemouth,0.498,0.246,0.256,0.2157313160917264
90,True,True,100.0,100.0,54469,0,0,-1,1,0,2,0.5,0.5,0,Adam,0.5,73,False,,2025-08-31T01:00:07.918421Z,44,54469.jpg,2.0,False,Smith,0.2,False,,a,4,91,20,22421,153,38238,285,0.1,4.5,Smith,241.0,2014-01-28,1991-04-29,False,p54469,522,0,1,2,12,0,0,0,1,0,0,0,50,56.2,28.3,18.0,10.2,22,11,4,26,8,0.00,0.11,0.11,9.73,,,,,,,[],374,143,346,122,355,124,386,137,0.0,0.0,0.02,0.02,1.68,2.07,505,97,336,125,311,121,383,139,1.38,0.34,4.48,25608,Bournemouth,3,1150,1220,1100,1240,1200,1200,6,4,3,3,False,6,22,1799.17553711,Brighton,Bournemouth,0.498,0.246,0.256,-0.2607527324881716
91,True,True,100.0,100.0,494521,0,0,0,0,0,2,1.8,1.8,1,Adrien,1.8,74,False,,,45,494521.jpg,3.2,False,Truffert,1.8,False,,a,4,91,67,476744,1217,347567,6690,0.4,14.9,Truffert,73.0,2025-06-16,2001-11-20,False,p494521,1848,0,1,5,37,0,0,0,3,0,0,7,254,429.6,303.2,81.0,81.3,111,105,55,166,21,0.33,1.12,1.45,29.06,,,,,,,[],42,18,52,7,227,59,71,13,0.02,0.0,0.05,0.07,1.42,1.8,438,90,211,83,151,59,142,57,1.02,0.24,8.08,230474,Bournemouth,3,1150,1220,1100,1240,1200,1200,6,4,3,3,False,6,22,1799.17553711,Brighton,Bournemouth,0.498,0.246,0.256,0.15670905762509538
92,True,True,25.0,25.0,541462,0,0,-2,2,0,2,0.0,0.0,0,Matai,0.0,75,False,Muscle injury - 25% chance of playing,2025-11-07T15:00:08.469996Z,38,541462.jpg,0.0,False,Akinmboni,0.2,False,,d,4,91,0,13447,104,30344,232,0.0,0.0,Akinmboni,229.0,2025-01-03,2006-10-17,False,p541462,0,0,0,0,0,0,0,0,0,0,0,0,0,0.0,0.0,0.0,0.0,0,0,0,0,0,0.00,0.00,0.00,0.00,,,,,,,[],490,184,481,184,440,173,493,184,0.0,0.0,0.0,0.0,0.0,0.0,785,251,429,162,500,184,372,136,0.0,0.0,0.0,25608,Bournemouth,3,1150,1220,1100,1240,1200,1200,6,4,3,3,False,6,22,1799.17553711,Brighton,Bournemouth,0.498,0.246,0.256,-0.38585554109291864
93,True,True,100.0,100.0,518906,0,0,-2,2,0,2,0.0,0.0,0,Owen,0.0,76,False,,,38,518906.jpg,0.0,False,Bevan,0.2,False,,a,4,91,0,10258,487,16192,241,0.0,0.0,Bevan,244.0,2022-08-22,2003-10-26,False,p518906,0,0,0,0,0,0,0,0,0,0,0,0,0,0.0,0.0,0.0,0.0,0,0,0,0,0,0.00,0.00,0.00,0.00,,,,,,,[],489,183,480,183,439,172,492,183,0.0,0.0,0.0,0.0,0.0,0.0,783,249,428,161,499,183,397,144,0.0,0.0,0.0,25608,Bournemouth,3,1150,1220,1100,1240,1200,1200,6,4,3,3,False,6,22,1799.17553711,Brighton,Bournemouth,0.498,0.246,0.256,-0.22434782608695653
94,True,True,100.0,100.0,463981,0,0,-1,1,0,2,1.7,1.7,3,James,1.7,77,False,,,39,463981.jpg,2.3,False,Hill,0.6,False,,a,4,91,28,99325,933,114395,837,0.4,7.2,Hill,241.0,2022-01-05,2002-01-10,False,p463981,572,0,0,2,10,0,0,0,1,0,0,0,84,136.2,20.7,51.0,20.8,58,16,11,69,5,0.15,0.27,0.42,8.06,,,,,,,[],265,105,359,129,284,88,323,105,0.02,0.0,0.04,0.06,1.27,1.57,738,216,225,86,267,105,227,85,0.79,0.31,10.86,76825,Bournemouth,3,1150,1220,1100,1240,1200,1200,6,4,3,3,False,6,22,1799.17553711,Brighton,Bournemouth,0.498,0.246,0.256,-0.07051282051282051
95,True,True,100.0,100.0,575901,0,0,0,0,0,2,0.2,0.2,0,Julio,0.2,80,False,,2025-10-16T08:00:09.313004Z,40,575901.jpg,1.0,False,Soler Barreto,0.2,False,,a,4,91,3,16492,358,27529,402,0.0,0.8,Soler,10.0,2025-01-07,2005-02-16,False,p575901,34,0,0,0,2,0,0,0,0,0,0,0,2,1.8,2.5,2.0,0.6,0,4,1,1,0,0.00,0.00,0.00,1.62,,,,,,,[],463,167,428,157,412,155,461,164,0.0,0.0,0.0,0.0,4.29,5.29,692,188,383,141,428,160,353,129,0.0,0.0,2.65,25608,Bournemouth,3,1150,1220,1100,1240,1200,1200,6,4,3,3,False,6,22,1799.17553711,Brighton,Bournemouth,0.498,0.246,0.256,-0.250721246677722
314,True,True,100.0,100.0,437730,0,0,6,-6,3,3,6.7,6.7,6,Antoine,6.2,82,True,,2025-11-17T13:00:08.045504Z,76,437730.jpg,6.0,False,Semenyo,43.3,False,,a,13,43,120,9222091,104943,5285001,201508,0.8,15.8,Semenyo,81.0,2023-01-27,2000-01-07,False,p437730,1800,10,5,5,38,0,0,1,6,0,0,14,390,553.4,347.8,611.0,151.4,28,101,28,157,20,6.69,1.83,8.52,30.67,,,,,,,[],11,3,38,35,3,1,4,2,0.33,0.0,0.09,0.42,1.53,1.9,21,14,15,8,6,3,2,1,1.0,0.25,7.85,5544189,Man City,4,1250,1305,1210,1230,1290,1380,14,13,4,3,False,14,22,1982.90136719,Man Utd,Man City,0.236,0.236,0.527,0.27139071014370075
111,True,True,100.0,0.0,533463,0,0,-2,2,2,3,0.3,0.0,0,Dango,0.3,83,False,,2025-12-13T14:30:10.953675Z,58,533463.jpg,4.3,False,Ouattara,0.3,False,,a,5,94,64,447701,243,439630,1590,0.1,11.0,O.Dango,35.0,2025-08-16,2002-02-11,False,p533463,1061,3,4,3,15,0,0,0,3,0,0,6,176,183.6,96.5,309.0,58.4,40,46,11,97,12,3.56,0.66,4.22,14.32,2.0,,,,,,[],217,92,212,134,44,26,139,75,0.3,0.0,0.06,0.36,1.21,1.27,111,71,369,166,52,22,298,99,1.02,0.25,8.23,38412,Brentford,3,1135,1175,1100,1110,1170,1240,7,5,3,3,False,7,22,1841.53430176,Chelsea,Brentford,0.579,0.234,0.187,0.009095816555490566
96,True,True,100.0,100.0,201658,-1,1,0,0,2,3,4.2,4.2,5,Marcus,4.2,84,False,,,55,201658.jpg,4.1,False,Tavernier,2.4,False,,a,4,91,86,777090,15192,558935,11206,0.8,15.6,Tavernier,241.0,2022-08-01,1999-03-22,False,p201658,1692,4,3,6,36,0,0,0,3,0,0,8,325,385.8,427.6,308.0,112.3,43,89,27,159,19,4.31,2.06,6.37,26.88,2.0,,1.0,,4.0,,[],60,18,19,19,45,27,25,21,0.23,0.0,0.11,0.34,1.43,1.91,140,88,56,29,70,32,119,40,1.01,0.32,8.46,307299,Bournemouth,3,1150,1220,1100,1240,1200,1200,6,4,3,3,False,6,22,1799.17553711,Brighton,Bournemouth,0.498,0.246,0.256,0.16328661514567466
97,True,True,100.0,100.0,111317,0,0,0,0,1,3,3.3,3.3,4,David,3.3,86,False,,2025-11-29T20:30:06.847415Z,50,111317.jpg,2.3,False,Brooks,0.2,False,,a,4,91,43,69028,981,69807,527,0.7,8.6,Brooks,244.0,2018-07-01,1997-07-08,False,p111317,932,1,2,4,17,0,0,0,6,0,0,4,169,191.6,297.7,379.0,85.4,14,43,15,72,11,4.41,2.79,7.20,13.34,5.0,,3.0,,,,[],210,90,57,46,28,15,58,40,0.43,0.0,0.27,0.7,1.29,1.64,243,148,102,46,272,120,363,120,1.06,0.39,6.95,25608,Bournemouth,3,1150,1220,1100,1240,1200,1200,6,4,3,3,False,6,22,1799.17553711,Brighton,Bournemouth,0.498,0.246,0.256,-0.00561097705909893
98,True,True,100.0,100.0,155408,0,0,-1,1,0,3,2.5,2.5,3,Lewis,2.5,88,False,,2025-12-31T00:00:09.255879Z,49,155408.jpg,2.0,False,Cook,0.0,False,,a,4,91,22,5686,190,5193,100,0.5,4.5,Cook,241.0,2016-07-08,1997-02-03,False,p155408,500,0,1,0,14,0,0,0,1,1,0,0,108,121.4,130.6,10.0,26.4,34,34,14,82,4,0.07,0.27,0.34,8.88,,,,,,,[],276,122,169,114,373,188,296,143,0.01,0.0,0.05,0.06,1.6,2.52,286,176,166,69,315,138,632,256,0.72,0.0,14.76,0,Bournemouth,3,1150,1220,1100,1240,1200,1200,6,4,3,3,False,6,22,1799.17553711,Brighton,Bournemouth,0.498,0.246,0.256,0.04531666513466311
99,True,True,100.0,100.0,503139,0,0,0,0,0,3,2.7,2.7,4,Alex,2.7,90,False,,2025-12-29T19:30:08.900947Z,50,503139.jpg,3.0,False,Scott,0.2,False,,a,4,91,62,67669,469,57579,665,0.5,12.4,Scott,241.0,2023-08-10,2003-08-21,False,p503139,1408,1,1,5,28,0,0,0,2,0,0,3,287,251.8,183.8,130.0,56.1,70,82,29,181,18,1.24,0.81,2.05,23.73,1.0,,,,,,[],171,67,116,83,147,87,147,81,0.08,0.0,0.05,0.13,1.52,1.79,270,165,156,63,193,82,347,115,1.15,0.32,11.57,25608,Bournemouth,3,1150,1220,1100,1240,1200,1200,6,4,3,3,False,6,22,1799.17553711,Brighton,Bournemouth,0.498,0.246,0.256,0.08056016862544711
100,True,True,100.0,100.0,444102,0,0,0,0,0,4,4.0,4.0,6,Francisco Evanilson,4.0,97,False,,2025-10-19T01:30:09.447327Z,70,444102.jpg,3.3,False,de Lima Barbosa,1.6,False,,a,4,91,62,701610,13653,771051,4357,0.6,8.9,Evanilson,30.0,2024-08-16,1999-10-06,False,p444102,1406,4,3,5,28,0,0,0,1,0,0,3,220,182.0,206.1,429.0,81.4,14,38,5,57,16,5.33,0.76,6.09,19.30,,,,,,,[],221,17,97,3,21,13,70,13,0.34,0.0,0.05,0.39,1.24,1.79,40,16,64,8,146,14,150,22,1.02,0.32,3.65,204866,Bournemouth,3,1150,1220,1100,1240,1200,1200,6,4,3,3,False,6,22,1799.17553711,Brighton,Bournemouth,0.498,0.246,0.256,-0.0471534182001153
101,True,True,100.0,100.0,168636,0,0,-1,1,0,4,0.7,0.7,1,Enes,0.7,98,False,,2025-07-21T10:00:04.802496Z,54,168636.jpg,1.4,False,Ünal,0.0,False,,a,4,91,13,10338,337,7744,297,0.1,2.4,Enes Ünal,219.0,2024-07-01,1997-05-10,False,p168636,111,1,0,0,2,0,0,0,1,0,0,1,40,38.0,4.1,51.0,9.0,2,3,0,5,0,0.96,0.05,1.01,1.89,,,,,,,[],397,43,422,53,285,47,395,47,0.78,0.0,0.04,0.82,1.53,1.62,160,39,327,37,399,45,592,78,0.0,0.0,4.05,0,Bournemouth,3,1150,1220,1100,1240,1200,1200,6,4,3,3,False,6,22,1799.17553711,Brighton,Bournemouth,0.498,0.246,0.256,0.14345758212587104
102,True,True,100.0,100.0,560262,0,0,1,-1,0,4,3.2,3.2,7,Junior,3.2,100,False,,,46,560262.jpg,3.4,False,Kroupi,4.1,False,,a,4,91,54,1110632,35469,765802,13125,0.7,11.7,Kroupi.Jr,73.0,2025-02-02,2006-06-23,False,p560262,568,7,0,2,15,0,0,0,2,0,0,6,250,266.0,86.2,265.0,61.7,13,22,5,40,7,3.59,0.21,3.80,10.02,,,,,,,[],157,13,227,23,58,20,127,16,0.57,0.0,0.03,0.6,1.59,2.38,393,62,111,14,131,12,88,15,1.11,0.32,6.34,524969,Bournemouth,3,1150,1220,1100,1240,1200,1200,6,4,3,3,False,6,22,1799.17553711,Brighton,Bournemouth,0.498,0.246,0.256,0.18376878696506246
112,True,True,100.0,100.0,200720,0,0,0,0,2,1,6.8,6.8,13,Caoimhín,6.8,101,False,,2025-08-09T14:00:04.798673Z,45,200720.jpg,3.9,False,Kelleher,9.6,False,,a,5,94,81,750568,63208,794630,9184,1.5,18.0,Kelleher,104.0,2025-06-03,1998-11-23,False,p200720,1890,0,0,5,28,0,3,0,1,0,61,3,318,524.2,20.0,0.0,54.5,27,166,1,0,21,0.00,0.04,0.04,28.72,,,,,,,[],15,4,363,4,631,70,153,4,0.0,2.9,0.0,0.0,1.37,1.33,404,21,2,1,79,5,46,7,1.0,0.24,0.0,1229197,Brentford,3,1135,1175,1100,1110,1170,1240,7,5,3,3,False,7,22,1841.53430176,Chelsea,Brentford,0.579,0.234,0.187,-0.028515439445300862
113,True,True,100.0,100.0,235448,0,0,-1,1,0,1,0.0,0.0,0,Ellery,0.0,102,False,,,39,235448.jpg,0.0,False,Balcombe,0.3,False,,a,5,94,0,13969,280,21379,313,0.0,0.0,Balcombe,241.0,2016-11-02,1999-10-15,False,p235448,0,0,0,0,0,0,0,0,0,0,0,0,0,0.0,0.0,0.0,0.0,0,0,0,0,0,0.00,0.00,0.00,0.00,,,,,,,[],509,44,502,31,463,16,512,44,0.0,0.0,0.0,0.0,0.0,0.0,731,77,451,39,519,44,329,45,0.0,0.0,0.0,38412,Brentford,3,1135,1175,1100,1110,1170,1240,7,5,3,3,False,7,22,1841.53430176,Chelsea,Brentford,0.579,0.234,0.187,-0.2096299649202218
114,True,True,100.0,100.0,503300,0,0,-1,1,0,1,0.0,0.0,0,Matthew,0.0,103,False,,,39,503300.jpg,0.0,False,Cox,0.2,False,,a,5,94,0,11711,136,10783,286,0.0,0.0,Cox,241.0,2021-10-26,2003-05-02,False,p503300,0,0,0,0,0,0,0,0,0,0,0,0,0,0.0,0.0,0.0,0.0,0,0,0,0,0,0.00,0.00,0.00,0.00,,,,,,,[],521,52,514,39,475,24,524,52,0.0,0.0,0.0,0.0,0.0,0.0,748,85,463,47,531,52,390,58,0.0,0.0,0.0,25608,Brentford,3,1135,1175,1100,1110,1170,1240,7,5,3,3,False,7,22,1841.53430176,Chelsea,Brentford,0.579,0.234,0.187,0.04125544589668356
115,True,True,100.0,100.0,535017,0,0,-1,1,0,1,0.0,0.0,0,Julian,0.0,104,False,,,39,535017.jpg,0.0,False,Eyestone,0.1,False,,a,5,94,0,12306,56,8342,229,0.0,0.0,Eyestone,229.0,2024-08-08,2006-04-21,False,p535017,0,0,0,0,0,0,0,0,0,0,0,0,0,0.0,0.0,0.0,0.0,0,0,0,0,0,0.00,0.00,0.00,0.00,,,,,,,[],526,54,519,41,480,26,529,54,0.0,0.0,0.0,0.0,0.0,0.0,753,87,468,49,536,54,435,66,0.0,0.0,0.0,12804,Brentford,3,1135,1175,1100,1110,1170,1240,7,5,3,3,False,7,22,1841.53430176,Chelsea,Brentford,0.579,0.234,0.187,0.1919798527702441
116,True,True,100.0,100.0,507433,0,0,-1,1,0,1,0.0,0.0,0,Hákon Rafn,0.0,105,False,,,39,507433.jpg,0.0,False,Valdimarsson,0.6,False,,a,5,94,0,35928,202,65431,783,0.0,0.0,Valdimarsson,99.0,2024-01-26,2001-10-13,False,p507433,0,0,0,0,0,0,0,0,0,0,0,0,0,0.0,0.0,0.0,0.0,0,0,0,0,0,0.00,0.00,0.00,0.00,,,,,,,[],522,53,515,40,476,25,525,53,0.0,0.0,0.0,0.0,0.0,0.0,749,86,464,48,532,53,226,29,0.0,0.0,0.0,76825,Brentford,3,1135,1175,1100,1110,1170,1240,7,5,3,3,False,7,22,1841.53430176,Chelsea,Brentford,0.579,0.234,0.187,-0.29107430025947373
117,True,True,100.0,100.0,432830,1,-1,0,0,2,2,8.0,8.0,13,Nathan,8.0,106,False,,,50,432830.jpg,4.2,False,Collins,3.0,False,,a,5,94,89,383572,94097,208991,5617,1.6,17.8,Collins,104.0,2023-07-04,2001-04-30,False,p432830,1816,1,2,5,27,1,0,0,4,0,0,7,298,588.0,100.1,221.0,91.1,197,87,21,218,20,1.42,0.86,2.28,27.65,,,,,,,[],8,3,207,53,72,4,49,4,0.07,0.0,0.04,0.11,1.37,1.34,257,41,1,1,56,24,105,41,0.99,0.25,10.8,384124,Brentford,3,1135,1175,1100,1110,1170,1240,7,5,3,3,False,7,22,1841.53430176,Chelsea,Brentford,0.579,0.234,0.187,0.2946201500937453
118,True,True,100.0,100.0,249231,0,0,-1,1,1,2,6.8,6.8,6,Keane,6.8,107,False,,,49,249231.jpg,3.4,False,Lewis-Potter,2.4,False,,a,5,94,65,371791,16986,122949,9535,1.4,13.3,Lewis-Potter,241.0,2022-07-12,2001-02-22,False,p249231,904,2,1,6,15,0,0,0,1,0,0,3,176,171.6,149.4,145.0,46.6,21,36,12,33,10,1.27,0.93,2.20,16.19,,,,,,,[],228,93,155,37,131,23,188,62,0.13,0.0,0.09,0.22,1.61,1.49,313,54,3,2,134,52,120,47,1.0,0.6,3.29,307299,Brentford,3,1135,1175,1100,1110,1170,1240,7,5,3,3,False,7,22,1841.53430176,Chelsea,Brentford,0.579,0.234,0.187,0.5029753001576586
119,True,True,100.0,100.0,191866,0,0,-1,1,0,2,3.8,3.8,6,Kristoffer,3.8,108,False,,2025-11-10T10:00:08.739589Z,44,191866.jpg,3.1,False,Ajer,0.2,False,,a,5,94,46,19386,833,22366,343,0.9,10.5,Ajer,161.0,2021-07-21,1998-04-17,False,p191866,971,0,2,3,15,0,0,0,1,0,0,1,131,222.0,28.8,114.0,36.6,87,26,22,109,11,0.64,0.54,1.18,15.01,,,,,,,[],185,73,344,120,167,34,244,82,0.06,0.0,0.05,0.11,1.39,1.39,511,102,68,22,170,68,379,137,1.02,0.28,10.1,25608,Brentford,3,1135,1175,1100,1110,1170,1240,7,5,3,3,False,7,22,1841.53430176,Chelsea,Brentford,0.579,0.234,0.187,-0.07137382640352558
120,True,True,100.0,100.0,194010,0,0,-2,2,0,2,4.0,4.0,6,Rico,4.0,109,False,,,43,194010.jpg,2.0,False,Henry,0.2,False,,a,5,94,34,13735,1112,16440,322,0.9,7.9,Henry,107.0,2016-08-31,1997-07-08,False,p194010,712,0,1,3,11,0,0,0,2,0,0,0,86,68.0,33.0,22.0,12.2,28,45,8,36,6,0.17,0.23,0.40,15.17,,,,,,,[],350,133,339,117,341,111,371,131,0.02,0.0,0.03,0.05,1.92,1.39,565,127,58,18,310,120,403,147,0.76,0.38,4.55,25608,Brentford,3,1135,1175,1100,1110,1170,1240,7,5,3,3,False,7,22,1841.53430176,Chelsea,Brentford,0.579,0.234,0.187,-0.08964374482187241
121,True,True,100.0,100.0,607464,0,0,0,0,0,2,4.2,4.2,6,Michael,4.2,110,False,,,45,607464.jpg,3.0,False,Kayode,0.7,False,,a,5,94,63,150245,3452,91144,2156,0.9,14.0,Kayode,106.0,2025-07-01,2004-07-10,False,p607464,1828,0,1,5,27,0,0,0,5,0,0,6,301,362.2,299.2,67.0,73.0,94,95,43,137,21,0.19,2.05,2.24,28.01,,,,,,,[],78,35,55,9,254,71,85,18,0.01,0.0,0.1,0.11,1.38,1.33,485,95,50,15,191,77,214,81,1.03,0.25,6.75,89629,Brentford,3,1135,1175,1100,1110,1170,1240,7,5,3,3,False,7,22,1841.53430176,Chelsea,Brentford,0.579,0.234,0.187,0.24483717153639975
122,True,True,100.0,100.0,231065,0,0,-3,3,0,2,0.0,0.0,0,Ethan,0.0,111,False,,2025-08-18T08:00:05.393517Z,42,231065.jpg,1.3,False,Pinnock,0.1,False,,a,5,94,4,10346,135,24338,255,0.0,1.0,Pinnock,107.0,2019-07-02,1993-05-29,False,p231065,228,0,0,0,5,1,0,0,1,0,0,0,21,62.8,1.1,12.0,7.6,25,9,4,29,3,0.00,0.06,0.06,3.18,,,,,,,[],359,136,438,162,368,132,405,146,0.0,0.0,0.02,0.02,1.26,1.97,622,147,544,224,402,148,449,165,1.18,0.0,11.45,12804,Brentford,3,1135,1175,1100,1110,1170,1240,7,5,3,3,False,7,22,1841.53430176,Chelsea,Brentford,0.579,0.234,0.187,-0.4034136777764964
123,True,True,100.0,100.0,444765,0,0,0,0,0,2,1.8,1.8,0,Sepp,1.8,113,False,,2025-12-27T22:00:11.195580Z,45,444765.jpg,3.1,False,van den Berg,0.9,False,,a,5,94,52,204412,519,158287,4675,0.4,11.6,Van den Berg,152.0,2024-08-22,2001-12-20,False,p444765,1530,0,0,3,25,0,0,0,1,0,0,0,190,341.4,31.7,173.0,54.7,142,56,12,154,17,1.86,0.20,2.06,22.42,,,,,,,[],91,41,342,119,107,16,150,49,0.11,0.0,0.01,0.12,1.32,1.47,420,84,210,82,172,70,192,75,1.0,0.18,9.06,115237,Brentford,3,1135,1175,1100,1110,1170,1240,7,5,3,3,False,7,22,1841.53430176,Chelsea,Brentford,0.579,0.234,0.187,0.12717156650555972
124,True,True,100.0,100.0,622536,0,0,-1,1,0,2,0.0,0.0,0,Benjamin,0.0,114,False,,2025-10-31T17:00:08.779634Z,39,622536.jpg,0.0,False,Arthur,0.2,False,,a,5,94,0,11810,128,26663,204,0.0,0.0,Arthur,241.0,2024-03-08,2005-10-09,False,p622536,0,0,0,0,0,0,0,0,0,0,0,0,0,0.0,0.0,0.0,0.0,0,0,0,0,0,0.00,0.00,0.00,0.00,,,,,,,[],535,201,528,202,490,194,538,201,0.0,0.0,0.0,0.0,0.0,0.0,764,230,477,181,545,201,362,133,0.0,0.0,0.0,25608,Brentford,3,1135,1175,1100,1110,1170,1240,7,5,3,3,False,7,22,1841.53430176,Chelsea,Brentford,0.579,0.234,0.187,-0.3860629532399345
125,True,True,100.0,100.0,472713,0,0,0,0,0,2,1.7,1.7,1,Aaron,1.7,116,False,,2025-10-16T08:00:09.344205Z,40,472713.jpg,2.2,False,Hickey,0.5,False,,a,5,94,28,60491,760,57406,1505,0.4,7.0,Hickey,243.0,2022-07-09,2002-06-10,False,p472713,506,0,0,2,6,0,0,0,1,0,0,0,81,57.6,12.6,37.0,10.7,23,28,9,32,6,0.35,0.17,0.52,4.92,,,,,,,[],371,142,383,140,303,95,384,136,0.06,0.0,0.03,0.09,0.88,1.07,667,171,226,87,280,108,252,96,1.07,0.36,5.69,64021,Brentford,3,1135,1175,1100,1110,1170,1240,7,5,3,3,False,7,22,1841.53430176,Chelsea,Brentford,0.579,0.234,0.187,0.02616690840309762
342,True,True,100.0,0.0,446008,0,0,1,-1,1,3,-0.2,0.0,0,Bryan,0.3,119,False,,2025-12-13T14:30:10.989622Z,81,446008.jpg,4.6,False,Mbeumo,8.9,False,,a,14,1,74,4693268,5660,5398667,22919,0.0,9.1,Mbeumo,38.0,2025-07-21,1999-08-07,False,p446008,1405,6,1,2,25,0,0,0,3,0,0,10,292,360.0,472.6,527.0,135.9,7,54,13,74,16,5.35,3.41,8.76,20.83,2.0,,2.0,,,,[],81,25,15,15,9,3,9,7,0.34,0.0,0.22,0.56,1.33,1.6,15,10,376,172,37,18,51,19,1.02,0.13,4.74,1139568,Man Utd,3,1135,1205,1100,1150,1170,1260,14,13,4,3,True,13,22,1824.42858887,Man Utd,Man City,0.236,0.236,0.527,-0.06989729917998877
126,True,True,100.0,100.0,513418,0,0,1,-1,1,3,6.3,6.3,6,Kevin,6.3,120,False,,2025-12-06T20:00:08.974964Z,71,513418.jpg,4.2,False,Schade,2.6,False,,a,5,94,85,587123,30410,304803,13618,0.9,12.0,Schade,80.0,2023-07-01,2001-11-27,False,p513418,1645,6,4,7,18,0,0,1,5,0,0,5,287,419.6,273.3,528.0,122.2,40,61,28,129,19,7.70,1.43,9.13,22.32,,,,,3.0,,[],47,13,70,55,8,2,16,13,0.42,0.0,0.08,0.5,1.22,0.98,37,22,12,6,63,28,113,36,1.04,0.38,7.06,332907,Brentford,3,1135,1175,1100,1110,1170,1240,7,5,3,3,False,7,22,1841.53430176,Chelsea,Brentford,0.579,0.234,0.187,0.31652850124337667
127,True,True,100.0,100.0,440089,0,0,-2,2,0,3,2.3,2.3,1,Mikkel,2.3,121,False,,,58,440089.jpg,3.1,False,Damsgaard,0.5,False,,a,5,94,56,94813,579,151775,2326,0.4,9.7,Damsgaard,58.0,2022-08-10,2000-07-03,False,p440089,1160,1,3,2,19,0,0,0,0,0,0,3,238,274.2,415.5,149.0,83.9,24,71,32,127,13,1.08,3.28,4.36,17.60,1.0,,3.0,,,,[],144,50,23,22,127,74,62,41,0.08,0.0,0.25,0.33,1.37,1.47,107,69,182,78,180,76,239,81,1.01,0.16,9.85,64021,Brentford,3,1135,1175,1100,1110,1170,1240,7,5,3,3,False,7,22,1841.53430176,Chelsea,Brentford,0.579,0.234,0.187,-0.23100069751974955
128,True,True,100.0,100.0,56979,0,0,0,0,0,3,2.3,2.3,1,Jordan,2.3,124,False,,2025-12-18T01:30:08.549911Z,50,56979.jpg,2.9,False,Henderson,0.4,False,,a,5,94,58,93546,629,80975,2560,0.5,11.6,Henderson,241.0,2025-07-15,1990-06-17,False,p56979,1349,1,3,4,21,0,0,0,4,0,0,5,254,265.8,270.7,41.0,57.7,38,68,19,125,15,0.33,2.02,2.35,18.52,,,,,,,[],158,57,71,56,298,157,142,78,0.02,0.0,0.13,0.15,1.24,1.4,240,147,178,76,200,87,260,88,1.0,0.27,8.34,51217,Brentford,3,1135,1175,1100,1110,1170,1240,7,5,3,3,False,7,22,1841.53430176,Chelsea,Brentford,0.579,0.234,0.187,0.07203144607239244
129,True,True,100.0,100.0,204580,0,0,-1,1,1,3,6.5,6.5,7,Vitaly,6.5,125,False,,2025-08-09T14:00:04.867824Z,49,204580.jpg,3.2,False,Janelt,0.2,False,,a,5,94,52,29011,10514,5813,996,1.3,10.6,Janelt,80.0,2020-10-03,1998-05-10,False,p204580,758,0,4,4,7,0,0,0,3,0,0,3,203,218.0,178.9,62.0,45.6,44,50,20,114,7,0.47,1.47,1.94,11.63,5.0,,,,,,[],188,80,122,89,267,145,197,99,0.06,0.0,0.17,0.23,1.38,0.83,295,182,9,3,154,66,364,121,0.83,0.47,13.54,25608,Brentford,3,1135,1175,1100,1110,1170,1240,7,5,3,3,False,7,22,1841.53430176,Chelsea,Brentford,0.579,0.234,0.187,0.666149781759706
130,True,True,100.0,100.0,207283,0,0,-1,1,0,3,2.3,2.3,3,Mathias,2.3,126,False,,,49,207283.jpg,2.2,False,Jensen,0.1,False,,a,5,94,41,12067,152,14497,229,0.5,8.4,Jensen,58.0,2019-07-10,1996-01-01,False,p207283,764,2,0,4,9,0,0,0,1,0,0,0,172,151.4,159.0,74.0,38.3,18,36,16,70,9,0.88,1.81,2.69,11.91,3.0,,,,,,[],250,110,145,100,242,134,233,116,0.1,0.0,0.21,0.31,1.4,1.06,298,184,177,75,287,125,498,173,1.06,0.47,8.25,12804,Brentford,3,1135,1175,1100,1110,1170,1240,7,5,3,3,False,7,22,1841.53430176,Chelsea,Brentford,0.579,0.234,0.187,-0.09147718717060684
131,True,True,100.0,100.0,626464,0,0,-1,1,0,3,0.0,0.0,0,Gustavo,0.0,127,False,,2025-08-09T14:00:04.884092Z,49,626464.jpg,0.0,False,Nunes Fernandes Gomes,0.0,False,,a,5,94,0,1426,46,1736,46,0.0,0.0,Nunes,30.0,2024-08-28,2005-11-20,False,p626464,0,0,0,0,0,0,0,0,0,0,0,0,0,0.0,0.0,0.0,0.0,0,0,0,0,0,0.00,0.00,0.00,0.00,,,,,,,[],751,324,747,324,740,322,751,324,0.0,0.0,0.0,0.0,0.0,0.0,338,210,727,312,751,324,675,282,0.0,0.0,0.0,0,Brentford,3,1135,1175,1100,1110,1170,1240,7,5,3,3,False,7,22,1841.53430176,Chelsea,Brentford,0.579,0.234,0.187,-0.09803921568627451
132,True,True,100.0,100.0,508395,0,0,0,0,0,3,4.5,4.5,8,Yehor,4.5,129,False,,2025-10-25T23:00:07.803030Z,50,508395.jpg,3.1,False,Yarmoliuk,0.1,False,,a,5,94,65,16191,1093,14090,244,0.9,13.0,Yarmoliuk,225.0,2022-10-28,2004-03-01,False,p508395,1564,1,2,5,24,0,0,0,4,0,0,0,273,270.4,185.5,99.0,55.5,41,110,42,193,19,0.92,1.00,1.92,24.10,,,,,,,[],146,51,114,81,198,113,149,82,0.05,0.0,0.06,0.11,1.39,1.38,272,167,37,18,175,73,475,163,1.09,0.29,11.11,12804,Brentford,3,1135,1175,1100,1110,1170,1240,7,5,3,3,False,7,22,1841.53430176,Chelsea,Brentford,0.579,0.234,0.187,0.06938344176216109
133,True,True,100.0,100.0,606689,0,0,-1,1,0,3,0.0,0.0,0,Romelle,0.0,130,False,,,44,606689.jpg,0.0,False,Donovan,0.1,False,,a,5,94,0,12597,88,16277,220,0.0,0.0,Donovan,241.0,2025-07-01,2006-11-30,False,p606689,0,0,0,0,0,0,0,0,0,0,0,0,0,0.0,0.0,0.0,0.0,0,0,0,0,0,0.00,0.00,0.00,0.00,,,,,,,[],651,248,648,252,623,241,654,250,0.0,0.0,0.0,0.0,0.0,0.0,552,330,610,225,658,254,470,159,0.0,0.0,0.0,12804,Brentford,3,1135,1175,1100,1110,1170,1240,7,5,3,3,False,7,22,1841.53430176,Chelsea,Brentford,0.579,0.234,0.187,-0.12745030130913626
134,True,True,100.0,100.0,628204,0,0,-2,2,0,3,0.0,0.0,0,Yunus Emre,0.0,131,False,,,43,628204.jpg,0.0,False,Konak,0.2,False,,a,5,94,0,37779,338,37507,620,0.0,0.0,Konak,219.0,2024-01-11,2006-01-10,False,p628204,0,0,0,0,0,0,0,0,0,0,0,0,0,0.0,0.0,0.0,0.0,0,0,0,0,0,0.00,0.00,0.00,0.00,,,,,,,[],626,234,624,239,595,226,629,236,0.0,0.0,0.0,0.0,0.0,0.0,612,356,585,213,636,243,367,123,0.0,0.0,0.0,25608,Brentford,3,1135,1175,1100,1110,1170,1240,7,5,3,3,False,7,22,1841.53430176,Chelsea,Brentford,0.579,0.234,0.187,0.0036128895146507983
135,True,True,100.0,100.0,220695,0,0,0,0,0,3,0.0,0.0,0,Paris,0.0,132,False,,2025-08-14T16:00:05.924672Z,45,220695.jpg,0.0,False,Maghoma,0.0,False,,a,5,94,0,3763,127,4154,115,0.0,0.0,Maghoma,241.0,2020-08-01,2001-05-08,False,p220695,0,0,0,0,0,0,0,0,0,0,0,0,0,0.0,0.0,0.0,0.0,0,0,0,0,0,0.00,0.00,0.00,0.00,,,,,,,[],661,254,658,257,635,247,664,256,0.0,0.0,0.0,0.0,0.0,0.0,409,246,620,231,667,259,637,259,0.0,0.0,0.0,0,Brentford,3,1135,1175,1100,1110,1170,1240,7,5,3,3,False,7,22,1841.53430176,Chelsea,Brentford,0.579,0.234,0.187,-0.049387394214980423
136,True,True,100.0,100.0,450539,0,0,-1,1,0,3,0.2,0.2,0,Myles,0.2,133,False,,,44,450539.jpg,1.0,False,Peart-Harris,0.0,False,,a,5,94,1,3847,64,5532,75,0.0,0.2,Peart-Harris,241.0,2021-07-23,2002-09-18,False,p450539,1,0,0,0,0,0,0,0,0,0,0,0,2,0.0,0.0,0.0,0.0,0,0,0,0,0,0.00,0.00,0.00,0.00,,,,,,,[],634,236,632,241,605,228,637,238,0.0,0.0,0.0,0.0,0.0,0.0,530,315,391,175,439,195,606,233,0.0,0.0,0.0,0,Brentford,3,1135,1175,1100,1110,1170,1240,7,5,3,3,False,7,22,1841.53430176,Chelsea,Brentford,0.579,0.234,0.187,-0.17965667981661157
376,True,True,100.0,100.0,216646,0,0,-2,2,0,4,1.8,1.8,1,Yoane,1.8,135,False,,2025-12-01T13:00:07.211962Z,73,216646.jpg,1.7,False,Wissa,1.1,False,,a,15,4,12,196286,6135,349165,10650,0.2,1.6,Wissa,50.0,2025-09-01,1996-09-03,False,p216646,241,1,0,1,3,0,0,0,1,0,0,0,39,38.8,19.6,95.0,14.8,1,7,1,9,2,1.51,0.35,1.86,3.62,,,,,,,[],396,42,366,45,204,39,357,42,0.56,0.0,0.13,0.69,1.35,1.12,24,8,221,25,364,40,178,26,0.75,0.37,3.36,140845,Newcastle,3,1160,1220,1170,1180,1150,1260,20,15,3,2,False,20,22,1876.20507812,Wolves,Newcastle,0.213,0.246,0.541,-0.2802799884865918
137,True,True,100.0,100.0,502500,1,-1,11,-11,5,4,6.7,6.7,12,Igor Thiago,6.7,136,True,,2025-12-18T01:30:08.634916Z,71,502500.jpg,5.7,False,Nascimento Rodrigues,34.3,False,,a,5,94,120,6870924,400194,2741281,17388,0.9,16.9,Thiago,30.0,2024-07-01,2001-06-26,False,p502500,1752,16,1,5,26,0,0,1,4,0,0,18,500,684.2,187.0,747.0,161.8,43,42,17,102,20,12.59,0.76,13.35,27.44,,,,,2.0,,[],3,2,112,5,2,2,3,2,0.65,0.0,0.04,0.69,1.41,1.34,36,15,7,3,9,2,4,2,1.03,0.26,5.24,4391817,Brentford,3,1135,1175,1100,1110,1170,1240,7,5,3,3,False,7,22,1841.53430176,Chelsea,Brentford,0.579,0.234,0.187,0.4296249403752833
138,True,True,100.0,100.0,49262,0,0,-3,3,0,1,0.0,-0.5,0,Jason,0.0,138,False,,,42,49262.jpg,0.0,False,Steele,0.2,False,,a,6,36,0,8533,117,36918,233,0.0,0.0,Steele,241.0,2018-07-01,1990-08-18,False,p49262,0,0,0,0,0,0,0,0,0,0,0,0,0,0.0,0.0,0.0,0.0,0,0,0,0,0,0.00,0.00,0.00,0.00,,,,,,,[],597,82,592,71,557,56,601,82,0.0,0.0,0.0,0.0,0.0,0.0,614,31,542,77,608,82,340,48,0.0,0.0,0.0,25608,Brighton,3,1150,1160,1090,1110,1210,1210,6,4,3,3,True,4,22,1838.91809082,Brighton,Bournemouth,0.498,0.246,0.256,-0.6245187124595718
139,True,True,100.0,100.0,489639,0,0,0,0,2,1,4.0,3.5,3,Bart,4.0,139,False,,,45,489639.jpg,3.2,False,Verbruggen,5.8,False,,a,6,36,68,556492,10901,680497,8099,0.9,15.1,Verbruggen,152.0,2023-07-03,2002-08-18,False,p489639,1890,0,0,5,28,1,1,0,3,0,61,4,358,549.8,10.0,0.0,55.9,17,196,1,0,21,0.00,0.01,0.01,30.63,,,,,,,[],13,3,398,7,652,74,148,3,0.0,2.9,0.0,0.0,1.46,1.33,432,25,59,5,150,14,72,11,1.0,0.24,0.0,742640,Brighton,3,1150,1160,1090,1110,1210,1210,6,4,3,3,True,4,22,1838.91809082,Brighton,Bournemouth,0.498,0.246,0.256,-0.10024745571706782
140,True,True,100.0,100.0,209288,0,0,-1,1,0,1,0.0,-0.5,0,Tom,0.0,140,False,,,39,209288.jpg,0.0,False,McGill,0.3,False,,a,6,36,0,16200,251,25186,289,0.0,0.0,McGill,39.0,2021-02-02,2000-03-25,False,p209288,0,0,0,0,0,0,0,0,0,0,0,0,0,0.0,0.0,0.0,0.0,0,0,0,0,0,0.00,0.00,0.00,0.00,,,,,,,[],507,42,500,29,461,14,510,42,0.0,0.0,0.0,0.0,0.0,0.0,727,75,449,37,517,42,301,40,0.0,0.0,0.0,38412,Brighton,3,1150,1160,1090,1110,1210,1210,6,4,3,3,True,4,22,1838.91809082,Brighton,Bournemouth,0.498,0.246,0.256,-0.2171265645387329
141,True,True,100.0,100.0,204120,0,0,-3,3,0,2,1.3,0.8,0,Olivier,1.3,143,False,,,42,204120.jpg,3.0,False,Boscagli,0.1,False,,a,6,36,9,4611,42,11512,86,0.3,2.1,Boscagli,73.0,2025-07-02,1997-11-18,False,p204120,142,0,0,1,1,0,0,0,1,0,0,2,40,39.0,10.2,2.0,5.2,13,10,3,16,2,0.00,0.11,0.11,2.47,,,,,,,[],392,150,394,145,413,156,415,150,0.0,0.0,0.07,0.07,1.57,0.63,620,145,257,98,187,74,500,180,1.27,0.63,10.14,12804,Brighton,3,1150,1160,1090,1110,1210,1210,6,4,3,3,True,4,22,1838.91809082,Brighton,Bournemouth,0.498,0.246,0.256,-0.4280220802580165
142,True,True,100.0,100.0,550090,0,0,-3,3,0,2,1.2,0.7,0,Diego,1.2,144,False,,,42,550090.jpg,2.0,False,Coppola,0.1,False,,a,6,36,10,2582,34,7122,86,0.3,2.4,Coppola,106.0,2025-06-17,2003-12-28,False,p550090,193,0,0,1,3,0,0,0,2,0,0,0,32,42.4,3.7,2.0,4.8,16,6,2,18,2,0.00,0.01,0.01,4.52,,,,,,,[],388,149,425,156,414,157,419,153,0.0,0.0,0.0,0.0,2.11,1.4,631,152,267,102,309,119,562,206,0.93,0.47,8.39,12804,Brighton,3,1150,1160,1090,1110,1210,1210,6,4,3,3,True,4,22,1838.91809082,Brighton,Bournemouth,0.498,0.246,0.256,-0.46784830997526794
143,True,True,100.0,100.0,465730,0,0,-2,2,1,2,1.5,1.0,1,Maxim,1.5,145,False,,2025-09-13T21:30:07.998380Z,43,465730.jpg,2.7,False,De Cuyper,2.2,False,,a,6,36,49,240234,1066,645701,6398,0.3,11.4,De Cuyper,21.0,2025-07-05,2000-12-22,False,p465730,975,2,0,3,16,0,0,0,2,0,0,6,184,192.8,298.9,118.0,61.0,27,45,14,41,12,1.34,1.98,3.32,18.74,3.0,,6.0,,,,[],208,84,56,10,163,31,131,43,0.12,0.0,0.18,0.3,1.73,1.48,575,135,246,93,224,89,127,51,1.11,0.28,3.78,281691,Brighton,3,1150,1160,1090,1110,1210,1210,6,4,3,3,True,4,22,1838.91809082,Brighton,Bournemouth,0.498,0.246,0.256,-0.45767127385191914
144,True,True,100.0,100.0,83299,0,0,0,0,0,2,1.8,1.3,3,Lewis,1.8,146,False,,2025-12-13T19:30:10.698808Z,45,83299.jpg,2.4,False,Dunk,0.9,False,,a,6,36,48,125429,1450,173829,1147,0.4,10.7,Dunk,241.0,2009-07-01,1991-11-21,False,p83299,1755,0,1,4,27,0,0,0,8,0,0,0,242,374.0,65.8,75.0,51.7,120,85,22,142,19,0.66,0.26,0.92,28.39,,,1.0,,,,[],74,32,268,82,238,64,166,54,0.03,0.0,0.01,0.04,1.46,1.38,396,72,209,81,254,100,190,74,0.97,0.21,7.28,115237,Brighton,3,1150,1160,1090,1110,1210,1210,6,4,3,3,True,4,22,1838.91809082,Brighton,Bournemouth,0.498,0.246,0.256,-0.16173335382846907
145,True,True,100.0,100.0,231416,0,0,-1,1,0,2,3.8,3.3,2,Ferdi,3.8,148,False,,,44,231416.jpg,2.8,False,Kadıoğlu,0.3,False,,a,6,36,56,54232,2519,42413,837,0.9,12.7,F.Kadıoğlu,219.0,2024-08-27,1999-10-07,False,p231416,1602,0,1,5,23,0,0,0,4,0,0,4,263,257.8,253.9,122.0,63.7,54,75,34,88,17,0.99,2.04,3.03,26.18,2.0,,,,,,[],166,70,77,18,159,29,117,39,0.06,0.0,0.11,0.17,1.47,1.29,518,108,69,23,212,84,302,113,0.96,0.28,4.94,38412,Brighton,3,1150,1160,1090,1110,1210,1210,6,4,3,3,True,4,22,1838.91809082,Brighton,Bournemouth,0.498,0.246,0.256,0.12229292772517979
491,True,True,100.0,100.0,223434,0,0,0,0,0,2,0.0,0.0,0,Igor Julio,0.0,149,False,,2025-12-29T18:00:08.845429Z,45,223434.jpg,1.5,False,dos Santos de Paulo,0.1,False,,a,19,21,6,7537,124,8747,193,0.0,1.3,Igor,30.0,2025-09-01,1998-02-07,False,p223434,103,0,0,0,3,0,0,0,0,0,0,0,10,25.8,10.6,0.0,3.6,13,3,0,13,1,0.00,0.00,0.00,4.66,,,,,,,[],411,155,392,144,636,248,432,158,0.0,0.0,0.0,0.0,4.07,2.62,410,80,621,243,384,142,518,187,0.87,0.0,11.36,12804,West Ham,3,1075,1075,1050,1050,1100,1100,18,19,2,3,False,18,22,1699.84411621,Spurs,West Ham,0.555,0.244,0.201,-0.07430606730533039
146,True,True,100.0,100.0,469142,0,0,0,0,1,2,2.2,1.7,3,Jan Paul,2.2,151,False,,2025-12-23T17:00:10.606727Z,45,469142.jpg,3.9,False,van Hecke,4.2,False,,a,6,36,78,776294,11553,389705,10352,0.5,17.3,Van Hecke,152.0,2020-09-10,2000-06-08,False,p469142,1800,3,1,4,28,1,0,0,5,0,0,4,297,597.6,92.7,203.0,89.6,141,60,30,171,20,1.90,0.62,2.51,29.25,,,,,,,[],6,2,218,60,86,8,50,5,0.1,0.0,0.03,0.13,1.46,1.4,428,86,191,71,80,33,85,31,1.0,0.2,8.55,537774,Brighton,3,1150,1160,1090,1110,1210,1210,6,4,3,3,True,4,22,1838.91809082,Brighton,Bournemouth,0.498,0.246,0.256,0.3315517423256795
147,True,True,100.0,100.0,111478,0,0,-2,2,0,2,2.8,2.3,0,Joël,2.8,152,False,,2025-10-02T13:00:07.706508Z,43,111478.jpg,2.5,False,Veltman,0.1,False,,a,6,36,27,18238,327,30369,420,0.7,6.3,Veltman,152.0,2020-07-29,1992-01-15,False,p111478,583,1,0,1,9,0,0,0,3,0,0,1,101,169.0,64.8,52.0,28.7,42,22,25,67,6,0.88,0.08,0.96,10.47,,,,,,,[],232,95,271,84,280,84,289,95,0.14,0.0,0.01,0.15,1.62,1.39,559,122,137,53,243,94,407,150,0.93,0.15,10.34,12804,Brighton,3,1150,1160,1090,1110,1210,1210,6,4,3,3,True,4,22,1838.91809082,Brighton,Bournemouth,0.498,0.246,0.256,-0.24957310675417121
148,True,True,100.0,100.0,547720,0,0,-2,2,0,2,0.0,-0.5,0,Charlie,0.0,156,False,,,38,547720.jpg,0.0,False,Tasker,0.1,False,,a,6,36,0,8673,276,14815,193,0.0,0.0,Tasker,241.0,2025-03-28,2006-02-24,False,p547720,0,0,0,0,0,0,0,0,0,0,0,0,0,0.0,0.0,0.0,0.0,0,0,0,0,0,0.00,0.00,0.00,0.00,,,,,,,[],492,186,484,187,443,176,495,186,0.0,0.0,0.0,0.0,0.0,0.0,788,254,431,164,502,186,412,151,0.0,0.0,0.0,12804,Brighton,3,1150,1160,1090,1110,1210,1210,6,4,3,3,True,4,22,1838.91809082,Brighton,Bournemouth,0.498,0.246,0.256,-0.26149523160762944
149,True,True,100.0,100.0,451340,0,0,-4,4,0,3,2.3,1.8,8,Mitoma,2.3,157,False,,2025-12-27T22:00:11.277770Z,61,451340.jpg,3.1,False,Kaoru,1.9,False,,a,6,36,34,215640,11463,783156,1921,0.4,5.6,Mitoma,108.0,2021-08-09,1997-05-20,False,p451340,743,2,1,2,9,0,0,0,2,0,0,2,111,154.8,202.2,159.0,51.2,11,24,5,40,8,1.30,1.11,2.41,11.29,,,,,,,[],247,108,99,70,120,70,172,93,0.16,0.0,0.13,0.29,1.37,1.09,82,54,183,79,183,79,135,47,0.97,0.24,4.85,243279,Brighton,3,1150,1160,1090,1110,1210,1210,6,4,3,3,True,4,22,1838.91809082,Brighton,Bournemouth,0.498,0.246,0.256,-0.5682001129359749
150,True,True,100.0,100.0,463067,0,0,-4,4,0,3,2.7,2.2,2,Georginio,2.7,158,False,,2025-11-30T22:30:09.146377Z,56,463067.jpg,3.2,False,Rutter,0.5,False,,a,6,36,60,118315,1844,216931,1679,0.5,10.7,Georginio,73.0,2024-08-19,2002-04-20,False,p463067,1336,2,4,6,14,1,0,0,2,0,0,2,207,238.4,251.0,326.0,81.5,30,41,19,90,16,1.88,2.03,3.91,18.11,,,,,,,[],176,72,78,58,40,24,69,45,0.13,0.0,0.14,0.27,1.22,0.94,131,82,160,65,160,70,250,83,1.08,0.4,6.06,64021,Brighton,3,1150,1160,1090,1110,1210,1210,6,4,3,3,True,4,22,1838.91809082,Brighton,Bournemouth,0.498,0.246,0.256,-0.29416010929287745
151,True,True,25.0,25.0,109345,0,0,-2,2,0,3,0.0,-0.1,0,Solly,0.0,159,False,Knee injury - 25% chance of playing,2025-08-10T18:00:05.450301Z,58,109345.jpg,0.0,False,March,0.0,False,,d,6,36,0,612,11,2435,10,0.0,0.0,March,241.0,2012-07-01,1994-07-20,False,p109345,0,0,0,0,0,0,0,0,0,0,0,0,0,0.0,0.0,0.0,0.0,0,0,0,0,0,0.00,0.00,0.00,0.00,,,,,,,[],784,348,784,348,782,347,784,348,0.0,0.0,0.0,0.0,0.0,0.0,103,67,778,347,784,348,730,315,0.0,0.0,0.0,0,Brighton,3,1150,1160,1090,1110,1210,1210,6,4,3,3,True,4,22,1838.91809082,Brighton,Bournemouth,0.498,0.246,0.256,-0.598293403347555
152,True,True,25.0,25.0,592031,-1,1,-2,2,0,3,0.4,0.3,0,Yankuba,1.7,160,False,Dead leg - 25% chance of playing,2025-12-31T00:00:09.377936Z,58,592031.jpg,4.2,False,Minteh,3.3,False,,d,6,36,79,1881477,168,1640706,67130,0.3,13.6,Minteh,78.0,2024-07-01,2004-07-22,False,p592031,1543,1,8,6,23,0,0,0,0,0,0,6,296,290.2,419.0,414.0,112.6,20,64,32,116,18,2.79,2.72,5.51,23.57,1.0,,,,,,[],128,45,22,21,22,9,24,20,0.16,0.0,0.16,0.32,1.37,1.34,113,73,238,103,61,26,100,30,1.05,0.35,6.77,422536,Brighton,3,1150,1160,1090,1110,1210,1210,6,4,3,3,True,4,22,1838.91809082,Brighton,Bournemouth,0.498,0.246,0.256,0.06835845837652388
153,True,True,100.0,100.0,513433,0,0,-1,1,0,3,1.7,1.2,1,Brajan,1.7,162,False,,2025-10-16T12:30:10.115478Z,54,513433.jpg,1.9,False,Gruda,0.1,False,,a,6,36,33,15275,70,16836,152,0.3,6.1,Gruda,80.0,2024-08-14,2004-05-31,False,p513433,643,1,1,2,10,0,0,0,2,0,0,2,96,119.6,190.7,137.0,44.4,4,35,13,52,7,1.83,0.81,2.64,12.51,,,,,,,[],283,126,107,77,142,82,204,103,0.26,0.0,0.11,0.37,1.75,1.4,176,110,236,102,331,144,551,200,0.98,0.28,7.28,12804,Brighton,3,1150,1160,1090,1110,1210,1210,6,4,3,3,True,4,22,1838.91809082,Brighton,Bournemouth,0.498,0.246,0.256,-0.04861262495717978
154,True,True,100.0,100.0,532529,0,0,-4,4,0,3,2.2,1.7,5,Jack,2.2,163,False,,2025-09-13T21:30:08.019508Z,51,532529.jpg,2.8,False,Hinshelwood,0.0,False,,a,6,36,34,7615,78,14847,194,0.4,6.7,Hinshelwood,241.0,2022-12-30,2005-04-11,False,p532529,590,1,2,1,12,0,0,0,0,0,0,2,129,117.4,53.5,50.0,22.3,19,26,9,54,6,0.46,0.32,0.78,14.36,,,,,,,[],287,128,298,168,286,151,315,154,0.07,0.0,0.05,0.12,2.19,1.83,239,146,193,84,216,94,576,214,0.92,0.15,8.24,0,Brighton,3,1150,1160,1090,1110,1210,1210,6,4,3,3,True,4,22,1838.91809082,Brighton,Bournemouth,0.498,0.246,0.256,-0.32196598700026713
155,True,True,100.0,100.0,509416,0,0,-2,2,1,3,5.0,4.5,5,Yasin,5.0,166,False,,2025-12-04T09:30:08.531025Z,48,509416.jpg,3.5,False,Ayari,0.3,False,,a,6,36,66,73330,4699,63582,881,1.0,13.8,Ayari,206.0,2023-01-30,2003-10-06,False,p509416,1519,2,2,5,18,0,0,0,0,0,0,4,291,245.0,191.2,186.0,62.3,40,99,39,178,16,2.43,0.92,3.35,22.32,4.0,,5.0,,,,[],173,69,106,76,98,58,124,67,0.14,0.0,0.05,0.19,1.32,1.07,365,227,28,15,117,49,305,102,0.95,0.3,10.55,38412,Brighton,3,1150,1160,1090,1110,1210,1210,6,4,3,3,True,4,22,1838.91809082,Brighton,Bournemouth,0.498,0.246,0.256,0.07119901834755171
156,True,True,100.0,0.0,535301,-1,1,-5,5,0,3,0.3,0.0,0,Carlos,0.3,167,False,,2025-12-13T14:30:11.072266Z,45,535301.jpg,1.6,False,Baleba,1.3,False,,a,6,36,25,148244,446,523930,1988,0.1,5.6,Baleba,38.0,2023-08-29,2004-01-03,False,p535301,894,0,0,4,13,0,0,0,4,0,0,0,97,63.2,68.4,16.0,14.7,35,51,18,104,14,0.21,0.22,0.43,12.92,,,,,,,[],358,158,261,156,362,183,358,169,0.02,0.0,0.02,0.04,1.3,1.31,449,271,358,161,366,163,164,56,1.41,0.4,10.47,166454,Brighton,3,1150,1160,1090,1110,1210,1210,6,4,3,3,True,4,22,1838.91809082,Brighton,Bournemouth,0.498,0.246,0.256,-0.5589118293775124
167,True,True,100.0,100.0,536916,0,0,-4,4,0,3,0.0,0.0,0,Facundo,0.0,168,False,,2025-09-21T22:30:05.997985Z,46,536916.jpg,1.0,False,Buonanotte,0.1,False,,a,7,8,1,11181,121,25752,180,0.0,0.2,Buonanotte,10.0,2025-09-01,2004-12-23,False,p536916,45,0,0,0,1,0,0,0,0,0,0,0,4,5.6,25.1,8.0,3.9,0,2,1,3,1,0.00,0.09,0.09,0.55,,,,,,,"[{'property': 'loan_ineligible', 'notes': 'This player will not be available to face their parent club in Gameweek 34 as part of their loan conditions.', 'gameweek': 34, 'url': None}]",444,202,352,183,381,189,428,193,0.0,0.0,0.18,0.18,1.1,2.0,391,242,688,286,457,211,493,171,2.0,0.0,6.0,12804,Chelsea,3,1180,1190,1140,1160,1220,1220,7,5,3,3,True,5,22,1882.60693359,Chelsea,Brentford,0.579,0.234,0.187,-0.39452522134676304
157,True,True,100.0,100.0,514254,0,0,-1,1,1,3,2.8,2.3,2,Diego,2.8,169,False,,2025-12-13T19:30:10.729938Z,49,514254.jpg,2.7,False,Gómez Amarilla,0.2,False,,a,6,36,52,71227,455,56416,1007,0.6,10.6,Gomez,168.0,2025-01-01,2003-03-27,False,p514254,1268,3,0,4,20,0,0,0,5,0,0,5,213,259.0,237.2,293.0,78.9,27,55,41,123,15,4.39,1.16,5.55,19.51,,,3.0,,,,[],165,63,86,64,49,31,76,48,0.31,0.0,0.08,0.39,1.38,1.42,332,204,142,58,228,100,360,119,1.06,0.28,8.73,25608,Brighton,3,1150,1160,1090,1110,1210,1210,6,4,3,3,True,4,22,1838.91809082,Brighton,Bournemouth,0.498,0.246,0.256,0.11603456515437588
158,True,True,100.0,100.0,15157,0,0,-1,1,0,3,0.8,0.3,1,James,0.8,170,False,,2025-10-28T21:00:08.282346Z,49,15157.jpg,1.7,False,Milner,0.1,False,,a,6,36,20,16465,148,21724,162,0.2,4.1,Milner,241.0,2023-07-01,1986-01-04,False,p15157,297,1,1,0,9,0,0,0,2,0,0,0,83,88.2,90.0,23.0,20.0,9,19,5,33,2,0.85,0.52,1.37,6.14,5.0,,,,1.0,,[],322,143,223,140,340,179,330,162,0.26,0.0,0.16,0.42,1.86,2.73,280,173,304,136,355,156,462,155,0.61,0.0,10.0,12804,Brighton,3,1150,1160,1090,1110,1210,1210,6,4,3,3,True,4,22,1838.91809082,Brighton,Bournemouth,0.498,0.246,0.256,-0.13770981172588964
159,True,True,100.0,100.0,549074,0,0,-2,2,0,3,0.5,0.0,0,Tom,0.5,172,False,,2025-08-10T18:00:05.491553Z,48,549074.jpg,0.8,False,Watson,0.0,False,,a,6,36,5,2193,44,3485,52,0.1,1.0,Watson,241.0,2025-06-01,2006-04-08,False,p549074,57,0,0,0,2,0,0,0,1,0,0,0,15,6.0,2.4,7.0,1.6,0,4,1,5,0,0.04,0.03,0.07,1.72,,,,,,,[],441,201,430,207,389,192,450,204,0.06,0.0,0.05,0.11,2.72,3.16,367,229,344,153,483,227,624,248,0.0,0.0,7.89,0,Brighton,3,1150,1160,1090,1110,1210,1210,6,4,3,3,True,4,22,1838.91809082,Brighton,Bournemouth,0.498,0.246,0.256,-0.2275449101796407
160,True,True,100.0,100.0,567121,0,0,-1,1,0,3,0.0,-0.5,0,Joe,0.0,175,False,,,44,567121.jpg,1.0,False,Knight,0.1,False,,a,6,36,1,10496,58,13141,142,0.0,0.2,Knight,241.0,2025-01-31,2005-09-21,False,p567121,1,0,0,0,0,0,0,0,0,0,0,0,3,0.0,0.0,0.0,0.0,0,0,0,0,0,0.00,0.00,0.00,0.00,,,,,,,[],646,245,643,249,617,237,649,247,0.0,0.0,0.0,0.0,0.0,0.0,545,325,605,222,441,197,499,174,0.0,0.0,0.0,12804,Brighton,3,1150,1160,1090,1110,1210,1210,6,4,3,3,True,4,22,1838.91809082,Brighton,Bournemouth,0.498,0.246,0.256,-0.11190083343909972
161,True,True,100.0,100.0,50175,-1,1,-3,3,2,4,1.2,0.7,1,Danny,1.2,178,False,,2025-12-19T14:00:08.695558Z,62,50175.jpg,3.2,False,Welbeck,4.1,False,,a,6,36,65,1851332,5052,1916373,31722,0.2,10.5,Welbeck,241.0,2020-10-18,1990-11-26,False,p50175,1113,8,0,3,18,0,0,2,3,0,0,8,254,300.4,154.3,316.0,76.5,16,25,10,51,12,7.15,0.64,7.79,17.46,,,2.0,,2.0,,[],120,11,150,11,41,17,80,14,0.58,0.0,0.05,0.63,1.41,1.46,71,23,278,33,162,15,87,14,0.97,0.24,4.12,524969,Brighton,3,1150,1160,1090,1110,1210,1210,6,4,3,3,True,4,22,1838.91809082,Brighton,Bournemouth,0.498,0.246,0.256,-0.017262763406370722
162,True,True,100.0,100.0,647850,0,0,-2,2,0,4,1.3,0.8,0,Charalampos,1.3,181,False,,,48,647850.jpg,1.6,False,Kostoulas,0.3,False,,a,6,36,18,43365,521,63772,858,0.3,3.8,Kostoulas,83.0,2025-07-01,2007-05-30,False,p647850,167,1,1,1,3,0,0,0,1,0,0,0,81,79.8,69.2,142.0,29.1,1,17,7,25,1,1.29,0.20,1.49,2.65,,,,,,,[],335,33,260,27,135,33,287,35,0.7,0.0,0.11,0.81,1.43,1.62,369,61,260,30,370,41,292,48,0.54,0.54,13.47,38412,Brighton,3,1150,1160,1090,1110,1210,1210,6,4,3,3,True,4,22,1838.91809082,Brighton,Bournemouth,0.498,0.246,0.256,-0.1904757460074484
315,True,True,100.0,100.0,432720,0,0,-5,5,0,1,0.5,0.5,0,James,0.0,182,False,,,45,432720.jpg,3.7,False,Trafford,1.0,False,,a,13,43,11,98775,92,266204,700,0.0,2.4,Trafford,241.0,2025-07-29,2002-10-10,False,p432720,270,0,0,1,4,0,0,0,0,0,11,0,62,100.2,0.0,0.0,10.1,6,33,2,0,3,0.00,0.00,0.00,3.97,,,,,,,[],306,25,661,83,640,72,388,26,0.0,3.67,0.0,0.0,1.32,1.33,416,23,625,86,102,11,186,24,1.0,0.33,0.0,128041,Man City,4,1250,1305,1210,1230,1290,1380,14,13,4,3,False,14,22,1982.90136719,Man Utd,Man City,0.236,0.236,0.527,-0.4587359820702013
61,True,True,100.0,100.0,518030,0,0,-2,2,0,1,-0.5,0.0,0,Max,0.0,183,False,,,43,518030.jpg,0.0,False,Weiß,0.1,False,,a,3,90,0,5873,122,15398,152,0.0,0.0,Weiss,80.0,2025-06-25,2004-06-15,False,p518030,0,0,0,0,0,0,0,0,0,0,0,0,0,0.0,0.0,0.0,0.0,0,0,0,0,0,0.00,0.00,0.00,0.00,,,,,,,[],612,86,610,79,580,66,615,86,0.0,0.0,0.0,0.0,0.0,0.0,592,30,569,83,622,86,450,68,0.0,0.0,0.0,12804,Burnley,3,1055,1095,1010,1090,1100,1100,12,3,2,4,False,12,22,1687.70825195,Liverpool,Burnley,0.761,0.155,0.085,-0.4477927694983781
62,True,True,100.0,100.0,51943,0,0,-1,1,0,1,-0.5,0.0,0,Václav,0.0,185,False,,,39,51943.jpg,0.0,False,Hladký,0.2,False,,a,3,90,0,12951,181,17322,227,0.0,0.0,Hladký,57.0,2024-07-19,1990-11-14,False,p51943,0,0,0,0,0,0,0,0,0,0,0,0,0,0.0,0.0,0.0,0.0,0,0,0,0,0,0.00,0.00,0.00,0.00,,,,,,,[],497,32,489,18,449,3,500,32,0.0,0.0,0.0,0.0,0.0,0.0,714,64,437,26,507,32,391,59,0.0,0.0,0.0,25608,Burnley,3,1055,1095,1010,1090,1100,1100,12,3,2,4,False,12,22,1687.70825195,Liverpool,Burnley,0.761,0.155,0.085,-0.14438608661183233
63,True,True,100.0,100.0,58621,0,0,-1,1,1,2,1.0,1.5,1,Kyle,1.5,187,False,,2025-12-06T20:00:09.097987Z,44,58621.jpg,2.1,False,Walker,1.1,False,,a,3,90,43,130288,945,238282,1715,0.3,9.8,Walker,241.0,2025-07-05,1990-05-28,False,p58621,1786,0,1,3,38,0,0,0,7,0,0,3,117,287.8,93.3,22.0,40.5,97,92,33,130,20,0.12,0.60,0.72,39.63,,,,,,,[],129,55,216,59,343,113,219,72,0.01,0.0,0.03,0.04,2.0,1.91,506,98,247,94,298,115,172,69,1.01,0.15,6.55,140845,Burnley,3,1055,1095,1010,1090,1100,1100,12,3,2,4,False,12,22,1687.70825195,Liverpool,Burnley,0.761,0.155,0.085,-0.29300811243454433
64,True,True,100.0,100.0,478969,0,0,-1,1,0,2,2.5,3.0,0,Hjalmar,3.0,190,False,,,39,478969.jpg,3.1,False,Ekdal,0.9,False,,a,3,90,43,243232,718,180608,2183,0.8,11.0,Ekdal,206.0,2023-01-21,1998-10-21,False,p478969,1163,0,0,2,24,0,0,0,0,0,0,2,117,267.6,43.1,78.0,38.9,110,31,19,129,13,0.21,0.24,0.45,21.85,,,,,,,[],153,67,321,108,230,62,228,76,0.02,0.0,0.02,0.04,1.69,1.86,742,219,122,46,167,65,189,73,1.01,0.15,9.98,115237,Burnley,3,1055,1095,1010,1090,1100,1100,12,3,2,4,False,12,22,1687.70825195,Liverpool,Burnley,0.761,0.155,0.085,0.14775386938467347
65,True,True,100.0,50.0,477717,0,0,-1,1,0,2,0.2,0.3,3,Maxime,0.7,191,False,,2025-12-21T11:00:10.862458Z,39,477717.jpg,2.5,False,Estève,8.5,False,,a,3,90,45,688170,2162,1780829,16782,0.2,11.5,Estève,73.0,2024-06-14,2002-05-26,False,p477717,1536,0,0,2,37,2,0,0,0,0,0,0,148,373.0,67.5,60.0,50.3,154,56,19,173,18,0.41,0.39,0.80,37.05,,,,,,,[],75,33,263,80,269,78,176,58,0.02,0.0,0.02,0.04,2.17,2.17,741,218,310,114,240,91,52,16,1.05,0.12,10.14,1088351,Burnley,3,1055,1095,1010,1090,1100,1100,12,3,2,4,False,12,22,1687.70825195,Liverpool,Burnley,0.761,0.155,0.085,-0.44255141456112373
66,True,True,100.0,100.0,494960,0,0,0,0,0,2,0.2,0.7,0,Quilindschy,0.7,192,False,,,40,494960.jpg,3.1,False,Hartman,0.8,False,,a,3,90,46,176303,909,146762,3101,0.2,11.5,Hartman,152.0,2025-06-26,2001-11-14,False,p494960,1337,0,5,2,28,0,0,0,1,0,0,0,170,305.4,228.9,57.0,59.2,73,49,31,104,15,0.19,1.51,1.70,30.28,1.0,,,,,,[],117,49,90,22,273,81,136,45,0.01,0.0,0.1,0.11,2.04,1.88,674,175,311,115,168,66,200,77,1.01,0.13,7.0,102433,Burnley,3,1055,1095,1010,1090,1100,1100,12,3,2,4,False,12,22,1687.70825195,Liverpool,Burnley,0.761,0.155,0.085,0.09143980313559191
67,True,True,100.0,100.0,461188,0,0,-1,1,0,2,2.5,3.0,6,Bashir,3.0,193,False,,2025-12-05T17:00:09.488823Z,39,461188.jpg,3.6,False,Humphreys,0.1,False,,a,3,90,18,4997,647,7555,116,0.8,4.6,Humphreys,241.0,2025-07-01,2003-03-15,False,p461188,347,0,1,1,7,0,0,0,1,0,0,0,68,90.8,19.0,18.0,12.7,30,12,6,36,3,0.13,0.10,0.23,6.80,,,,,,,[],320,121,367,132,352,121,367,130,0.03,0.0,0.03,0.06,1.76,1.82,736,215,121,45,108,41,519,188,0.78,0.26,9.34,12804,Burnley,3,1055,1095,1010,1090,1100,1100,12,3,2,4,False,12,22,1687.70825195,Liverpool,Burnley,0.761,0.155,0.085,-0.20379222434671765
68,True,True,100.0,100.0,549329,0,0,-2,2,0,2,1.3,1.8,1,Lucas,1.8,195,False,,2025-12-06T20:30:09.199109Z,38,549329.jpg,1.3,False,Pires Silva,0.2,False,,a,3,90,9,29453,968,25865,482,0.5,2.4,Lucas Pires,30.0,2024-07-16,2001-03-24,False,p549329,501,0,0,1,11,0,0,0,0,1,0,0,32,64.6,94.7,44.0,20.2,14,29,11,25,6,0.26,0.68,0.94,10.04,,,,,,,[],356,135,214,57,293,91,328,109,0.05,0.0,0.12,0.17,1.8,1.98,790,256,204,77,400,146,351,128,1.08,0.18,4.49,25608,Burnley,3,1055,1095,1010,1090,1100,1100,12,3,2,4,False,12,22,1687.70825195,Liverpool,Burnley,0.761,0.155,0.085,0.06486134712028635
69,True,True,100.0,100.0,519895,0,0,-2,2,0,2,1.2,1.7,1,Oliver,1.7,197,False,,,38,519895.jpg,1.9,False,Sonne,0.3,False,,a,3,90,13,33223,383,21007,776,0.4,3.4,Sonne,169.0,2025-01-01,2000-11-10,False,p519895,164,1,0,0,4,0,0,0,0,0,0,0,20,44.8,18.1,30.0,9.2,5,4,2,7,1,0.55,0.08,0.63,3.79,,,,,,,[],386,147,369,134,321,104,392,141,0.3,0.0,0.04,0.34,2.08,2.2,784,250,224,85,320,123,320,118,0.55,0.0,3.84,38412,Burnley,3,1055,1095,1010,1090,1100,1100,12,3,2,4,False,12,22,1687.70825195,Liverpool,Burnley,0.761,0.155,0.085,0.22526276968467637
70,True,True,100.0,0.0,180804,0,0,-1,1,0,2,-0.3,0.0,0,Axel,0.2,198,False,,2025-12-04T09:51:41.164996Z,39,180804.jpg,2.2,False,Tuanzebe,1.0,False,,a,3,90,18,131197,47,277047,1763,0.1,4.6,Tuanzebe,50.0,2025-07-01,1997-11-14,False,p180804,706,0,0,1,17,0,0,0,1,0,0,0,59,149.8,8.6,0.0,16.0,65,24,9,74,8,0.00,0.11,0.11,18.97,,,,,,,[],253,103,404,147,460,181,349,123,0.0,0.0,0.01,0.01,2.42,2.17,726,209,379,137,278,107,180,71,1.02,0.13,9.43,128041,Burnley,3,1055,1095,1010,1090,1100,1100,12,3,2,4,False,12,22,1687.70825195,Liverpool,Burnley,0.761,0.155,0.085,-0.3572618336093121
71,True,True,100.0,100.0,444180,0,0,-4,4,2,3,1.5,2.0,6,Jaidon,2.0,200,False,,2025-10-07T11:30:07.662899Z,51,444180.jpg,3.5,False,Anthony,2.0,False,,a,3,90,69,1186962,797,1037077,5414,0.4,13.5,Anthony,241.0,2025-07-01,1999-12-01,False,p444180,1251,5,2,3,26,0,0,0,3,0,0,5,258,318.6,235.3,277.0,83.0,24,66,24,114,15,2.61,1.27,3.88,27.22,2.0,,,,,,[],111,38,87,65,53,34,65,42,0.19,0.0,0.09,0.28,1.96,1.87,234,143,198,86,120,52,134,46,1.08,0.22,8.2,256083,Burnley,3,1055,1095,1010,1090,1100,1100,12,3,2,4,False,12,22,1687.70825195,Liverpool,Burnley,0.761,0.155,0.085,0.06739315272798724
72,True,True,100.0,100.0,179458,0,0,-2,2,0,3,1.2,1.7,0,Jacob,1.7,202,False,,2025-09-14T22:00:08.065375Z,53,179458.jpg,1.7,False,Bruun Larsen,0.0,False,,a,3,90,31,5111,55,7493,105,0.3,5.8,Bruun Larsen,58.0,2025-07-11,1998-09-19,False,p179458,853,0,1,3,23,0,0,0,0,0,0,0,94,104.6,175.9,123.0,40.3,16,27,11,54,9,1.18,1.05,2.23,20.04,3.0,,1.0,,3.0,,[],302,135,127,91,158,94,222,112,0.12,0.0,0.11,0.23,2.11,2.43,185,114,233,99,358,158,613,238,0.95,0.32,5.7,0,Burnley,3,1055,1095,1010,1090,1100,1100,12,3,2,4,False,12,22,1687.70825195,Liverpool,Burnley,0.761,0.155,0.085,-0.18898762297683275
73,True,True,100.0,100.0,578614,0,0,-3,3,0,3,-0.5,0.0,0,Enock,0.0,203,False,,,47,578614.jpg,0.0,False,Agyei,0.0,False,,a,3,90,0,3144,63,6224,103,0.0,0.0,Boateng,21.0,2023-01-30,2005-01-13,False,p578614,0,0,0,0,0,0,0,0,0,0,0,0,0,0.0,0.0,0.0,0.0,0,0,0,0,0,0.00,0.00,0.00,0.00,,,,,,,[],731,310,726,310,713,306,731,310,0.0,0.0,0.0,0.0,0.0,0.0,384,239,695,290,731,310,589,222,0.0,0.0,0.0,0,Burnley,3,1055,1095,1010,1090,1100,1100,12,3,2,4,False,12,22,1687.70825195,Liverpool,Burnley,0.761,0.155,0.085,-0.3287788215200683
74,True,True,100.0,100.0,174592,0,0,-3,3,0,3,2.2,2.7,5,Marcus,2.7,206,False,,,47,174592.jpg,1.9,False,Edwards,0.1,False,,a,3,90,21,9426,341,13763,209,0.6,4.5,Edwards,241.0,2025-07-01,1998-12-03,False,p174592,398,0,2,1,6,0,0,0,0,0,0,0,90,90.6,182.8,98.0,36.9,2,19,3,24,3,0.67,1.32,1.99,7.34,,,3.0,,,,[],321,142,119,86,201,115,241,121,0.15,0.0,0.3,0.45,1.66,1.36,373,232,153,61,324,141,524,184,0.68,0.23,5.43,12804,Burnley,3,1055,1095,1010,1090,1100,1100,12,3,2,4,False,12,22,1687.70825195,Liverpool,Burnley,0.761,0.155,0.085,-0.18702833239898228
75,True,True,100.0,75.0,465527,0,0,-3,3,0,3,-0.5,0.0,0,Hannibal,0.0,207,False,,2025-12-06T01:00:07.884430Z,47,465527.jpg,1.6,False,Mejbri,0.1,False,,a,3,90,22,12393,342,22496,79,0.0,4.7,Hannibal,218.0,2024-08-28,2003-01-21,False,p465527,452,0,2,1,11,0,0,0,4,0,0,0,87,58.2,118.1,35.0,21.1,5,22,10,37,5,0.29,0.76,1.05,12.84,,,4.0,,,,[],367,162,182,122,311,165,321,159,0.06,0.0,0.15,0.21,2.56,2.19,380,236,694,289,367,164,473,162,1.0,0.2,7.37,12804,Burnley,3,1055,1095,1010,1090,1100,1100,12,3,2,4,False,12,22,1687.70825195,Liverpool,Burnley,0.761,0.155,0.085,-0.28957551090601624
76,True,True,100.0,100.0,167887,0,0,-2,2,0,3,3.5,4.0,4,Josh,4.0,209,False,,,48,167887.jpg,2.3,False,Laurent,0.0,False,,a,3,90,41,4302,147,4281,137,0.8,8.5,Laurent,241.0,2024-08-30,1995-05-06,False,p167887,1053,1,0,1,26,0,0,0,3,0,0,1,170,212.8,80.2,68.0,36.2,59,35,28,122,11,0.43,0.23,0.66,24.42,,,,,,,[],192,82,237,147,251,138,245,123,0.04,0.0,0.02,0.06,2.09,2.22,346,216,61,30,269,117,597,227,0.94,0.09,10.43,0,Burnley,3,1055,1095,1010,1090,1100,1100,12,3,2,4,False,12,22,1687.70825195,Liverpool,Burnley,0.761,0.155,0.085,0.002446696959105208
77,True,True,100.0,100.0,469272,0,0,-1,1,0,3,0.2,0.7,0,Loum,0.7,210,False,,,49,469272.jpg,2.0,False,Tchaouna,0.0,False,,a,3,90,32,4458,33,5344,59,0.1,6.5,Tchaouna,73.0,2025-07-02,2003-09-08,False,p469272,752,1,1,2,11,0,0,0,1,0,0,0,108,85.4,76.0,101.0,26.2,11,19,13,43,9,0.86,0.38,1.24,14.13,,,2.0,,,,[],326,145,246,152,195,111,298,145,0.1,0.0,0.05,0.15,1.69,1.32,327,202,322,144,316,139,617,241,1.08,0.24,5.15,0,Burnley,3,1055,1095,1010,1090,1100,1100,12,3,2,4,False,12,22,1687.70825195,Liverpool,Burnley,0.761,0.155,0.085,-0.09038971638441134
78,True,True,100.0,100.0,551206,0,0,0,0,0,3,-0.3,0.2,0,Jaydon,0.2,213,False,,,45,551206.jpg,1.0,False,Banel,0.0,False,,a,3,90,1,7075,81,7642,114,0.0,0.2,Banel,152.0,2025-02-03,2004-10-19,False,p551206,9,0,0,0,0,0,0,0,0,0,0,0,2,0.0,0.5,0.0,0.0,0,0,0,0,0,0.00,0.00,0.00,0.05,,,,,,,[],690,280,447,216,667,273,691,281,0.0,0.0,0.0,0.0,0.5,0.0,455,277,397,179,446,201,588,221,0.0,0.0,0.0,0,Burnley,3,1055,1095,1010,1090,1100,1100,12,3,2,4,False,12,22,1687.70825195,Liverpool,Burnley,0.761,0.155,0.085,-0.03852687368349528
79,True,True,100.0,75.0,435973,0,0,-1,1,0,4,-0.2,0.2,0,Lyle,0.3,217,False,,2025-12-13T14:30:11.187944Z,49,435973.jpg,2.6,False,Foster,0.8,False,,a,3,90,36,430219,660,422230,1584,0.1,7.3,Foster,198.0,2023-01-25,2000-09-03,False,p435973,880,2,1,3,19,0,0,0,3,0,0,4,133,131.4,107.3,127.0,36.1,17,24,10,51,11,1.60,0.25,1.85,18.48,,,,,,,[],271,25,195,19,153,36,246,28,0.16,0.0,0.03,0.19,1.89,1.94,317,57,367,45,235,22,204,30,1.12,0.31,5.22,102433,Burnley,3,1055,1095,1010,1090,1100,1100,12,3,2,4,False,12,22,1687.70825195,Liverpool,Burnley,0.761,0.155,0.085,0.009371821657366013
80,True,True,100.0,100.0,44699,0,0,-3,3,0,4,-0.3,0.2,0,Ashley,0.2,218,False,,,42,44699.jpg,1.0,False,Barnes,1.3,False,,a,3,90,2,162339,5303,288040,4213,0.0,0.5,Barnes,241.0,2025-01-02,1989-10-30,False,p44699,9,0,0,0,1,0,0,0,0,0,0,0,6,0.2,0.3,7.0,0.8,0,1,0,1,0,0.11,0.00,0.11,0.41,,,,,2.0,,[],475,58,452,55,385,53,458,54,1.1,0.0,0.0,1.1,4.1,10.0,613,86,386,47,431,49,162,24,0.0,0.0,10.0,166454,Burnley,3,1055,1095,1010,1090,1100,1100,12,3,2,4,False,12,22,1687.70825195,Liverpool,Burnley,0.761,0.155,0.085,-0.2791004909198697
168,True,True,100.0,75.0,215059,0,0,-1,1,1,1,2.8,2.1,2,Robert,2.8,220,False,,2026-01-04T21:30:12.078705Z,49,215059.jpg,3.7,False,Lynch Sánchez,13.4,False,,a,7,8,74,1194894,13335,2405519,36485,0.6,15.1,Sánchez,200.0,2023-08-05,1997-11-18,False,p215059,1714,0,1,8,23,0,0,0,2,1,48,4,319,434.0,50.0,0.0,48.1,19,163,0,0,20,0.00,0.02,0.02,26.83,,,,,,,[],41,11,304,1,729,82,183,7,0.0,2.52,0.0,0.0,1.41,1.21,303,12,140,12,103,12,26,3,1.05,0.42,0.0,1715754,Chelsea,3,1180,1190,1140,1160,1220,1220,7,5,3,3,True,5,22,1882.60693359,Chelsea,Brentford,0.579,0.234,0.187,-0.3362461473169884
169,True,True,100.0,100.0,508479,0,0,-2,2,0,1,0.3,0.3,0,Filip,0.3,221,False,,,43,508479.jpg,1.5,False,Jörgensen,0.2,False,,a,7,8,3,14074,352,23500,478,0.1,0.7,Jörgensen,58.0,2024-07-30,2002-04-16,False,p508479,174,0,0,0,3,0,0,0,0,0,3,0,18,28.2,0.0,0.0,2.8,2,14,0,0,1,0.00,0.00,0.00,2.78,,,,,,,[],408,30,609,78,579,65,437,30,0.0,1.55,0.0,0.0,1.44,1.55,591,29,355,24,381,30,381,56,0.52,0.0,0.0,25608,Chelsea,3,1180,1190,1140,1160,1220,1220,7,5,3,3,True,5,22,1882.60693359,Chelsea,Brentford,0.579,0.234,0.187,-0.2508649598126364
170,True,True,100.0,100.0,471798,0,0,-1,1,0,1,0.0,0.0,0,Gabriel,0.0,223,False,,,39,471798.jpg,0.0,False,Słonina,0.1,False,,a,7,8,0,9413,103,10961,152,0.0,0.0,Slonina,229.0,2022-08-02,2004-05-15,False,p471798,0,0,0,0,0,0,0,0,0,0,0,0,0,0.0,0.0,0.0,0.0,0,0,0,0,0,0.00,0.00,0.00,0.00,,,,,,,[],515,47,508,34,469,19,518,47,0.0,0.0,0.0,0.0,0.0,0.0,740,80,457,42,525,47,442,67,0.0,0.0,0.0,12804,Chelsea,3,1180,1190,1140,1160,1220,1220,7,5,3,3,True,5,22,1882.60693359,Chelsea,Brentford,0.579,0.234,0.187,-0.07597918916265829
171,True,True,100.0,75.0,179268,-1,1,0,0,0,2,1.0,0.8,-3,Marc,1.0,224,False,,2025-12-28T21:30:08.615371Z,60,179268.jpg,3.6,False,Cucurella Saseta,16.1,False,,a,7,8,69,2383553,6143,3045228,78736,0.2,11.5,Cucurella,200.0,2022-08-05,1998-07-22,False,p179268,1525,0,2,8,19,0,0,0,3,1,0,5,316,299.4,307.8,113.0,71.9,72,71,35,107,18,0.58,2.04,2.62,22.66,,,,,,,[],122,51,49,6,169,35,89,21,0.03,0.0,0.12,0.15,1.34,1.12,85,3,297,110,115,45,20,7,1.06,0.47,6.31,2061465,Chelsea,3,1180,1190,1140,1160,1220,1220,7,5,3,3,True,5,22,1882.60693359,Chelsea,Brentford,0.579,0.234,0.187,-0.12188279468263685
172,True,True,100.0,100.0,225796,0,0,2,-2,1,2,3.7,3.7,1,Reece,3.7,225,False,,2025-10-13T09:30:08.256625Z,57,225796.jpg,4.2,False,James,11.3,False,,a,7,8,83,1795880,37292,1151726,43501,0.6,14.6,James,241.0,2019-05-15,1999-12-08,False,p225796,1361,2,5,5,16,0,0,0,4,0,0,8,341,377.0,368.6,85.0,83.2,55,75,37,92,14,0.86,2.14,3.00,21.98,2.0,,2.0,,,,[],69,30,33,2,222,57,63,11,0.06,0.0,0.14,0.2,1.45,1.06,119,11,85,30,60,26,38,12,0.93,0.33,6.08,1446867,Chelsea,3,1180,1190,1140,1160,1220,1220,7,5,3,3,True,5,22,1882.60693359,Chelsea,Brentford,0.579,0.234,0.187,0.2185346345474938
173,True,True,100.0,100.0,180736,0,0,5,-5,2,2,3.3,3.3,3,Trevoh,3.3,226,False,,2025-09-28T00:00:08.404840Z,55,180736.jpg,5.1,False,Chalobah,17.9,False,,a,7,8,102,3539516,55700,1642574,51838,0.6,18.5,Chalobah,241.0,2018-02-16,1999-07-05,False,p180736,1740,3,1,8,23,0,0,0,3,1,0,7,377,497.2,82.5,143.0,72.2,141,78,26,167,20,1.14,0.68,1.82,25.07,,,,,,,[],21,8,234,65,133,24,88,20,0.06,0.0,0.04,0.1,1.3,1.19,138,16,103,37,15,6,19,6,1.03,0.41,8.64,2291940,Chelsea,3,1180,1190,1140,1160,1220,1220,7,5,3,3,True,5,22,1882.60693359,Chelsea,Brentford,0.579,0.234,0.187,0.3660573243614063
174,True,True,100.0,100.0,482609,0,0,0,0,2,2,3.8,3.8,2,Malo,3.8,228,False,,2025-10-18T18:30:08.275780Z,50,482609.jpg,3.8,False,Gusto,2.3,False,,a,7,8,73,400182,6777,343354,10441,0.8,14.6,Gusto,73.0,2023-01-28,2003-05-19,False,p482609,1216,2,2,6,14,0,0,0,1,1,0,7,277,273.2,200.1,118.0,59.1,42,77,31,73,13,1.23,0.83,2.06,21.15,,,,,,,[],145,63,101,26,164,32,137,46,0.09,0.0,0.06,0.15,1.57,1.04,262,43,71,24,94,37,121,48,0.96,0.44,5.4,294495,Chelsea,3,1180,1190,1140,1160,1220,1220,7,5,3,3,True,5,22,1882.60693359,Chelsea,Brentford,0.579,0.234,0.187,0.07642938606873104
175,True,True,100.0,100.0,242880,0,0,-1,1,0,2,0.5,0.5,0,Benoît,0.5,229,False,,2025-10-17T12:30:08.541306Z,44,242880.jpg,0.5,False,Badiashile Mukinayi,0.0,False,,a,7,8,3,3612,111,4308,117,0.1,0.7,B.Badiashile,73.0,2023-01-05,2001-03-26,False,p242880,335,0,0,0,7,0,0,0,2,0,0,0,30,57.8,6.2,0.0,6.5,24,11,3,27,4,0.00,0.04,0.04,5.13,,,,,,,[],369,141,414,151,602,245,409,147,0.0,0.0,0.01,0.01,1.38,1.88,523,113,337,126,486,170,647,226,1.07,0.0,7.25,0,Chelsea,3,1180,1190,1140,1160,1220,1220,7,5,3,3,True,5,22,1882.60693359,Chelsea,Brentford,0.579,0.234,0.187,-0.08787878787878788
176,True,True,100.0,75.0,444463,0,0,-1,1,0,2,2.2,1.7,0,Wesley,2.2,230,False,,2026-01-04T21:30:12.123677Z,44,444463.jpg,4.1,False,Fofana,0.4,False,,a,7,8,41,81979,532,64816,3095,0.5,9.3,Fofana,73.0,2022-08-31,2000-12-17,False,p444463,757,0,0,4,8,0,0,0,1,0,0,3,177,214.8,14.7,22.0,25.2,87,43,13,100,9,0.25,0.07,0.32,11.87,,,,,,,[],191,76,376,137,344,114,303,101,0.03,0.0,0.01,0.04,1.41,0.95,528,116,187,68,66,28,265,100,1.07,0.48,11.89,51217,Chelsea,3,1180,1190,1140,1160,1220,1220,7,5,3,3,True,5,22,1882.60693359,Chelsea,Brentford,0.579,0.234,0.187,0.11691815116318675
177,True,True,100.0,100.0,109646,0,0,-4,4,0,2,0.0,0.0,0,Tosin,0.0,232,False,,2025-09-26T11:30:06.530261Z,41,109646.jpg,2.7,False,Adarabioyo,0.3,False,,a,7,8,27,103277,497,213399,692,0.0,6.6,Tosin,241.0,2024-07-01,1997-09-24,False,p109646,647,0,0,2,11,0,0,0,2,0,0,2,101,190.8,31.8,19.0,24.2,59,16,13,72,6,0.11,0.40,0.50,9.82,,,,,,,[],211,85,341,118,351,120,307,103,0.02,0.0,0.06,0.08,1.37,1.53,637,157,540,222,223,88,316,117,0.83,0.28,10.02,38412,Chelsea,3,1180,1190,1140,1160,1220,1220,7,5,3,3,True,5,22,1882.60693359,Chelsea,Brentford,0.579,0.234,0.187,-0.3477434349303389
178,True,True,100.0,100.0,577016,0,0,-2,2,1,2,0.5,0.5,1,Josh,0.5,233,False,,2025-09-24T11:30:08.237944Z,38,577016.jpg,3.8,False,Acheampong,1.3,False,,a,7,8,30,473958,2258,436520,2428,0.1,7.9,Acheampong,241.0,2024-03-10,2006-05-05,False,p577016,468,1,0,2,9,0,0,0,0,0,0,5,90,107.8,25.6,64.0,19.9,25,19,6,31,6,0.60,0.08,0.68,11.78,,,,,,,[],298,112,351,126,259,74,332,111,0.12,0.0,0.02,0.14,2.27,1.73,792,258,332,123,89,34,169,67,1.15,0.38,5.96,166454,Chelsea,3,1180,1190,1140,1160,1220,1220,7,5,3,3,True,5,22,1882.60693359,Chelsea,Brentford,0.579,0.234,0.187,0.04111906053743199
179,True,True,100.0,100.0,244851,0,0,-1,1,0,3,3.8,3.8,1,Cole,3.8,235,False,,2025-09-20T23:30:06.610468Z,104,244851.jpg,3.3,False,Palmer,12.3,False,,a,7,8,36,1380757,34265,6616956,36829,0.4,3.5,Palmer,241.0,2023-09-01,2002-05-06,False,p244851,663,3,1,1,10,0,0,0,1,0,0,1,140,161.2,113.2,197.0,47.0,10,31,10,51,9,2.72,0.36,3.08,13.11,,,1.0,,1.0,,[],240,104,187,125,89,54,186,97,0.37,0.0,0.05,0.42,1.78,1.36,3,2,76,35,147,64,34,13,1.22,0.14,6.92,1574908,Chelsea,3,1180,1190,1140,1160,1220,1220,7,5,3,3,True,5,22,1882.60693359,Chelsea,Brentford,0.579,0.234,0.187,-0.654712040804665
180,True,True,100.0,100.0,247632,-1,1,1,-1,1,3,3.0,3.0,5,Pedro,3.0,236,False,,2025-11-09T11:00:08.651575Z,71,247632.jpg,4.2,False,Lomba Neto,6.5,False,,a,7,8,88,1759839,8823,1503170,36640,0.4,12.4,Neto,173.0,2024-08-11,2000-03-09,False,p247632,1639,5,4,8,15,0,0,0,2,0,0,6,370,379.4,527.9,378.0,128.8,14,54,13,81,19,3.56,4.01,7.57,21.58,1.0,,4.0,,,,[],68,20,9,9,29,16,11,9,0.2,0.0,0.22,0.42,1.18,0.82,34,21,136,56,62,27,62,22,1.04,0.44,4.45,832269,Chelsea,3,1180,1190,1140,1160,1220,1220,7,5,3,3,True,5,22,1882.60693359,Chelsea,Brentford,0.579,0.234,0.187,0.07866021822189274
181,True,True,100.0,100.0,448047,0,0,-1,1,2,3,4.3,4.3,1,Enzo,4.3,237,False,,2025-11-09T11:00:08.666360Z,64,448047.jpg,4.6,False,Fernández,10.3,False,,a,7,8,92,3217210,61308,2646032,28539,0.7,14.4,Enzo,10.0,2023-01-31,2001-01-17,False,p448047,1700,6,2,7,21,0,0,0,5,0,0,11,379,463.4,502.9,501.0,146.8,29,80,38,147,19,7.79,3.87,11.66,24.53,3.0,,3.0,,2.0,,[],29,8,13,13,11,5,5,3,0.41,0.0,0.2,0.61,1.3,1.11,60,38,48,23,36,17,42,16,1.01,0.37,7.78,1318826,Chelsea,3,1180,1190,1140,1160,1220,1220,7,5,3,3,True,5,22,1882.60693359,Chelsea,Brentford,0.579,0.234,0.187,0.09741675339342978
182,True,True,100.0,100.0,624773,0,0,-1,1,0,3,1.3,1.3,0,Estêvão,1.3,238,False,,2025-12-17T17:00:10.965534Z,64,624773.jpg,2.3,False,Almeida de Oliveira Gonçalves,1.8,False,,a,7,8,39,662524,3349,701443,6655,0.2,6.1,Estêvão,30.0,2025-07-14,2007-04-24,False,p624773,602,1,4,2,8,0,0,0,3,0,0,2,131,120.4,189.0,233.0,54.1,5,28,9,42,8,2.34,2.06,4.40,7.44,4.0,,,,3.0,,[],280,125,110,79,68,42,156,85,0.35,0.0,0.31,0.66,1.11,1.2,63,41,265,114,276,123,141,48,1.2,0.3,6.28,230474,Chelsea,3,1180,1190,1140,1160,1220,1220,7,5,3,3,True,5,22,1882.60693359,Chelsea,Brentford,0.579,0.234,0.187,-0.02853368153335088
183,True,True,100.0,100.0,463936,0,0,-5,5,0,3,0.5,0.5,0,Jamie,0.5,239,False,,,60,463936.jpg,1.6,False,Bynoe-Gittens,0.1,False,,a,7,8,23,16477,144,39520,256,0.1,3.8,Gittens,241.0,2025-07-05,2004-08-08,False,p463936,445,0,2,1,5,0,0,0,0,0,0,0,93,93.0,128.8,91.0,31.2,6,15,8,29,4,0.81,0.94,1.75,7.61,,,,,,,[],315,140,171,115,211,120,278,136,0.16,0.0,0.19,0.35,1.54,1.01,86,56,352,157,373,168,447,153,0.81,0.2,5.87,12804,Chelsea,3,1180,1190,1140,1160,1220,1220,7,5,3,3,True,5,22,1882.60693359,Chelsea,Brentford,0.579,0.234,0.187,-0.4115041877243424
184,True,True,100.0,100.0,486672,0,0,2,-2,1,3,1.8,1.8,4,Moisés,1.8,241,False,,2025-12-31T00:00:09.550966Z,57,486672.jpg,4.3,False,Caicedo Corozo,7.9,False,,a,7,8,69,3089999,6345,3009021,14465,0.3,12.1,Caicedo,62.0,2023-08-14,2001-11-02,False,p486672,1342,3,1,4,20,0,0,0,5,1,0,9,317,375.6,191.6,85.0,65.0,60,92,45,197,15,0.89,0.99,1.88,21.28,,,,,,,[],70,21,105,75,223,124,112,61,0.06,0.0,0.07,0.13,1.43,1.34,122,77,219,95,51,21,54,20,1.01,0.27,13.21,1011526,Chelsea,3,1180,1190,1140,1160,1220,1220,7,5,3,3,True,5,22,1882.60693359,Chelsea,Brentford,0.579,0.234,0.187,0.013277215027988103
185,True,True,100.0,100.0,550615,0,0,-2,2,0,3,0.0,0.0,0,Tyrique,0.0,243,False,,,48,550615.jpg,1.0,False,George,0.1,False,,a,7,8,4,6036,61,8550,107,0.0,0.8,George,241.0,2024-04-15,2006-02-04,False,p550615,142,0,0,1,2,0,0,0,2,0,0,0,2,8.2,7.0,56.0,7.1,0,1,2,3,0,0.32,0.08,0.40,1.65,,,,,,,[],438,199,411,201,276,148,406,184,0.2,0.0,0.05,0.25,1.05,1.27,368,230,704,297,462,215,549,198,0.0,0.63,1.9,12804,Chelsea,3,1180,1190,1140,1160,1220,1220,7,5,3,3,True,5,22,1882.60693359,Chelsea,Brentford,0.579,0.234,0.187,-0.17235705470999588
186,True,True,100.0,100.0,532605,0,0,0,0,0,3,0.7,0.7,1,Andrey,0.7,246,False,,2025-10-01T00:30:06.094463Z,45,532605.jpg,1.2,False,Nascimento dos Santos,0.3,False,,a,7,8,18,63956,799,71681,879,0.2,4.0,Andrey Santos,30.0,2023-01-07,2004-05-03,False,p532605,511,0,0,1,5,0,0,0,3,0,0,0,79,86.0,93.0,59.0,23.7,22,27,16,65,5,1.70,0.50,2.20,7.96,,,,,,,[],325,144,217,136,272,146,310,150,0.3,0.0,0.09,0.39,1.4,0.88,448,270,316,141,418,187,314,103,0.88,0.18,11.45,38412,Chelsea,3,1180,1190,1140,1160,1220,1220,7,5,3,3,True,5,22,1882.60693359,Chelsea,Brentford,0.579,0.234,0.187,-0.05695348614316153
187,True,True,100.0,100.0,475168,-1,1,-4,4,3,4,3.3,3.3,1,João Pedro,3.3,249,False,,,71,475168.jpg,4.0,False,Junqueira de Jesus,26.6,False,,a,7,8,84,4361387,13594,7730085,93358,0.5,11.8,João Pedro,30.0,2025-07-02,2001-09-26,False,p475168,1521,6,3,7,17,0,0,0,2,0,0,15,352,380.2,329.7,458.0,116.4,27,48,15,90,18,6.39,1.36,7.75,21.46,,,,,,,[],65,6,41,1,15,9,19,4,0.38,0.0,0.08,0.46,1.27,1.01,35,14,107,13,77,7,13,3,1.07,0.41,5.33,3405899,Chelsea,3,1180,1190,1140,1160,1220,1220,7,5,3,3,True,5,22,1882.60693359,Chelsea,Brentford,0.579,0.234,0.187,-0.2786011496367026
188,True,True,100.0,100.0,463034,0,0,-3,3,0,4,1.5,1.5,7,Liam,1.5,250,False,,2025-12-06T20:30:09.280737Z,62,463034.jpg,1.8,False,Delap,0.9,False,,a,7,8,21,85998,5388,439219,1078,0.2,3.4,Delap,241.0,2025-06-04,2003-02-08,False,p463034,571,1,0,2,9,0,0,0,2,0,0,1,72,52.0,45.4,223.0,31.4,6,11,1,18,8,2.47,0.17,2.64,7.75,,,,,,,[],376,40,314,35,71,24,276,32,0.39,0.0,0.03,0.42,1.22,1.42,76,25,255,28,348,38,188,27,1.26,0.32,2.84,115237,Chelsea,3,1180,1190,1140,1160,1220,1220,7,5,3,3,True,5,22,1882.60693359,Chelsea,Brentford,0.579,0.234,0.187,-0.6725239282049134
189,True,True,100.0,100.0,499309,0,0,-2,2,0,4,0.0,0.0,0,Marc,0.0,252,False,,2025-09-24T11:30:08.351112Z,43,499309.jpg,1.3,False,Guiu Paz,6.8,False,,a,7,8,12,1113921,2821,2477136,22575,0.0,2.8,Marc Guiu,200.0,2024-07-01,2006-01-04,False,p499309,247,0,1,0,2,0,0,0,1,0,0,0,19,24.6,38.8,81.0,12.6,4,3,0,7,1,1.46,0.29,1.75,5.65,,,,,,,[],414,45,330,40,226,43,368,43,0.53,0.0,0.11,0.64,2.06,0.73,587,80,566,50,406,46,60,12,0.36,0.0,2.55,870681,Chelsea,3,1180,1190,1140,1160,1220,1220,7,5,3,3,True,5,22,1882.60693359,Chelsea,Brentford,0.579,0.234,0.187,-0.37961385742415116
194,True,True,100.0,100.0,172649,0,0,1,-1,1,1,2.7,2.7,7,Dean,2.7,253,False,,,51,172649.jpg,3.8,False,Henderson,8.0,False,,a,8,31,79,824772,8831,726330,10234,0.5,15.5,Henderson,241.0,2023-08-31,1997-03-12,False,p172649,1890,0,0,8,23,0,0,0,2,0,57,2,344,454.0,10.0,0.0,46.3,28,164,0,0,21,0.00,0.08,0.08,28.00,,,,,,,[],34,9,402,11,760,86,191,9,0.0,2.71,0.0,0.0,1.33,1.1,227,7,157,14,95,9,53,8,1.0,0.38,0.0,1024331,Crystal Palace,3,1165,1205,1150,1150,1180,1260,17,8,3,3,False,17,22,1799.60229492,Sunderland,Crystal Palace,0.328,0.306,0.367,0.0634658455730184
195,True,True,100.0,100.0,121709,0,0,0,0,0,1,0.0,0.0,0,Walter,0.0,254,False,,2025-09-19T14:49:12.216385Z,40,121709.jpg,0.0,False,Benítez,0.3,False,,a,8,31,0,11825,371,27838,303,0.0,0.0,Benitez,10.0,2025-07-01,1993-01-19,False,p121709,0,0,0,0,0,0,0,0,0,0,0,0,0,0.0,0.0,0.0,0.0,0,0,0,0,0,0.00,0.00,0.00,0.00,,,,,,,[],542,64,536,52,498,37,545,64,0.0,0.0,0.0,0.0,0.0,0.0,648,45,484,59,552,64,312,43,0.0,0.0,0.0,38412,Crystal Palace,3,1165,1205,1150,1150,1180,1260,17,8,3,3,False,17,22,1799.60229492,Sunderland,Crystal Palace,0.328,0.306,0.367,-0.40372639487683737
196,True,True,100.0,100.0,169593,0,0,-1,1,0,1,0.0,0.0,0,Remi,0.0,255,False,,,39,169593.jpg,0.0,False,Matthews,0.1,False,,a,8,31,0,5131,68,7636,88,0.0,0.0,Matthews,241.0,2021-07-13,1994-02-10,False,p169593,0,0,0,0,0,0,0,0,0,0,0,0,0,0.0,0.0,0.0,0.0,0,0,0,0,0,0.00,0.00,0.00,0.00,,,,,,,[],506,41,499,28,459,13,509,41,0.0,0.0,0.0,0.0,0.0,0.0,725,74,448,36,516,41,461,72,0.0,0.0,0.0,12804,Crystal Palace,3,1165,1205,1150,1150,1180,1260,17,8,3,3,False,17,22,1799.60229492,Sunderland,Crystal Palace,0.328,0.306,0.367,-0.1962089762669382
197,True,True,100.0,100.0,437499,0,0,1,-1,1,2,3.0,3.0,8,Maxence,3.0,257,False,,,51,437499.jpg,4.7,False,Lacroix,5.9,False,,a,8,31,98,1311771,25414,780844,12866,0.6,19.2,Lacroix,73.0,2024-08-30,2000-04-06,False,p437499,1890,0,2,8,23,0,0,0,3,0,0,4,360,495.0,71.7,100.0,66.6,185,60,42,227,21,1.12,0.61,1.73,28.00,,,,,,,[],23,9,258,77,197,47,104,32,0.05,0.0,0.03,0.08,1.33,1.1,233,35,133,51,28,14,70,24,1.0,0.38,10.81,755444,Crystal Palace,3,1165,1205,1150,1150,1180,1260,17,8,3,3,False,17,22,1799.60229492,Sunderland,Crystal Palace,0.328,0.306,0.367,0.25371461066655837
198,True,True,100.0,100.0,244723,0,0,0,0,1,2,2.3,2.3,5,Tyrick,2.3,258,False,,,50,244723.jpg,4.0,False,Mitchell,2.2,False,,a,8,31,84,392269,2702,305184,4173,0.5,16.8,Mitchell,241.0,2019-12-15,1999-09-01,False,p244723,1884,1,0,8,23,0,0,0,4,0,0,5,311,392.8,268.4,138.0,80.0,91,106,62,153,21,0.68,1.27,1.95,28.00,,,,,,,[],55,26,72,15,140,26,73,14,0.03,0.0,0.06,0.09,1.34,1.1,254,40,179,66,74,31,124,50,1.0,0.38,7.31,281691,Crystal Palace,3,1165,1205,1150,1150,1180,1260,17,8,3,3,False,17,22,1799.60229492,Sunderland,Crystal Palace,0.328,0.306,0.367,0.12486146019875174
199,True,True,100.0,100.0,218364,0,0,-2,2,0,2,0.5,0.5,1,Borna,0.5,259,False,,2025-11-27T10:00:06.850858Z,48,218364.jpg,1.0,False,Sosa,0.1,False,,a,8,31,4,8629,148,16095,143,0.1,0.8,Sosa,97.0,2025-07-11,1998-01-21,False,p218364,28,0,0,0,1,0,0,0,0,0,0,0,6,4.6,10.9,4.0,1.9,2,1,1,3,0,0.00,0.06,0.06,0.83,,,,,,,[],449,164,390,142,404,151,444,161,0.0,0.0,0.19,0.19,2.67,3.21,354,61,343,130,460,165,446,163,0.0,0.0,9.64,12804,Crystal Palace,3,1165,1205,1150,1150,1180,1260,17,8,3,3,False,17,22,1799.60229492,Sunderland,Crystal Palace,0.328,0.306,0.367,-0.30197379064876234
200,True,True,100.0,100.0,209036,0,0,8,-8,3,2,2.3,2.3,6,Marc,2.3,260,True,,2025-11-10T10:00:08.937102Z,53,209036.jpg,5.2,False,Guéhi,39.8,False,,a,8,31,105,5107449,70074,1813639,34850,0.4,19.8,Guéhi,241.0,2021-07-18,2000-07-13,False,p209036,1800,2,4,7,23,0,0,0,4,0,0,8,374,489.8,137.0,212.0,83.9,134,88,30,164,20,1.94,1.51,3.45,27.62,,,,,,,[],24,10,166,41,78,6,61,10,0.1,0.0,0.08,0.18,1.38,1.15,188,25,181,67,11,3,3,1,1.0,0.35,8.2,5096045,Crystal Palace,3,1165,1205,1150,1150,1180,1260,17,8,3,3,False,17,22,1799.60229492,Sunderland,Crystal Palace,0.328,0.306,0.367,0.4759092790035324
201,True,True,100.0,100.0,427623,0,0,-1,1,0,2,0.5,0.5,0,Chris,0.5,261,False,,2025-12-24T02:30:10.869906Z,44,427623.jpg,4.4,False,Richards,1.9,False,,a,8,31,75,745473,3168,690771,5896,0.1,17.0,Richards,229.0,2022-07-27,2000-03-28,False,p427623,1522,0,0,7,19,0,0,0,0,0,0,1,274,382.6,68.1,62.0,51.5,144,26,36,180,17,0.43,1.16,1.59,21.43,,,,,,,[],62,28,262,79,266,76,169,55,0.03,0.0,0.07,0.1,1.27,1.12,525,115,338,127,45,20,137,53,1.01,0.41,10.64,243279,Crystal Palace,3,1165,1205,1150,1150,1180,1260,17,8,3,3,False,17,22,1799.60229492,Sunderland,Crystal Palace,0.328,0.306,0.367,0.03808684318263471
22,True,True,100.0,100.0,232413,-1,1,-2,2,2,3,1.3,0.8,1,Eberechi,0.3,266,False,,,73,232413.jpg,4.2,False,Eze,9.2,False,,a,1,3,67,3220887,2015,3456866,50889,0.0,9.2,Eze,241.0,2025-08-23,1998-06-29,False,p232413,1003,4,3,6,6,0,0,0,0,0,0,6,258,252.6,158.8,281.0,69.2,13,41,11,65,12,2.54,1.41,3.95,6.06,,,,,,,[],169,65,146,101,52,33,98,56,0.23,0.0,0.13,0.36,0.54,0.54,27,18,375,171,64,29,49,18,1.08,0.54,5.83,1177980,Arsenal,5,1300,1375,1340,1400,1260,1350,16,1,4,3,False,16,22,2052.35058594,Nott'm Forest,Arsenal,0.168,0.237,0.596,-0.035338084532326966
202,True,True,100.0,100.0,108413,0,0,-3,3,0,3,1.5,1.5,3,Will,1.5,270,False,,2026-01-01T21:30:11.748759Z,47,108413.jpg,1.4,False,Hughes,0.1,False,,a,8,31,26,17070,306,21037,234,0.3,5.5,Hughes,241.0,2021-08-28,1995-04-17,False,p108413,867,0,0,4,10,0,0,0,4,0,0,0,127,120.8,183.3,63.0,36.8,33,34,17,84,10,0.72,0.93,1.65,13.71,5.0,,,,,,[],279,124,118,85,264,143,242,122,0.07,0.0,0.1,0.17,1.42,1.04,371,231,251,108,391,173,467,157,1.04,0.42,8.72,12804,Crystal Palace,3,1165,1205,1150,1150,1180,1260,17,8,3,3,False,17,22,1799.60229492,Sunderland,Crystal Palace,0.328,0.306,0.367,-0.104101608628336
203,True,True,100.0,100.0,496221,0,0,0,0,0,3,3.0,3.0,3,Adam,3.0,273,False,,2025-10-31T16:30:08.463118Z,50,496221.jpg,3.5,False,Wharton,0.8,False,,a,8,31,66,146304,1591,122070,3929,0.6,13.2,Wharton,241.0,2024-02-01,2004-02-06,False,p496221,1564,0,3,6,22,0,0,0,2,0,0,4,326,283.8,425.6,105.0,81.5,45,96,45,186,19,0.96,4.58,5.53,23.78,3.0,,,,,,[],135,48,20,20,184,104,68,44,0.06,0.0,0.26,0.32,1.37,1.27,267,162,131,54,119,51,198,67,1.09,0.35,10.7,102433,Crystal Palace,3,1165,1205,1150,1150,1180,1260,17,8,3,3,False,17,22,1799.60229492,Sunderland,Crystal Palace,0.328,0.306,0.367,0.09029935835811219
204,True,True,100.0,100.0,579075,0,0,-2,2,0,3,0.0,0.0,0,Asher,0.0,274,False,,,43,579075.jpg,0.0,False,Agbinone,0.1,False,,a,8,31,0,5142,103,7145,114,0.0,0.0,Agbinone,241.0,2024-07-30,2005-09-28,False,p579075,0,0,0,0,0,0,0,0,0,0,0,0,0,0.0,0.0,0.0,0.0,0,0,0,0,0,0.00,0.00,0.00,0.00,,,,,,,[],619,229,617,234,587,220,622,231,0.0,0.0,0.0,0.0,0.0,0.0,602,348,577,207,629,238,558,203,0.0,0.0,0.0,12804,Crystal Palace,3,1165,1205,1150,1150,1180,1260,17,8,3,3,False,17,22,1799.60229492,Sunderland,Crystal Palace,0.328,0.306,0.367,-0.16301782371612272
205,True,True,100.0,100.0,489706,0,0,-2,2,0,3,2.3,2.3,3,Justin,2.3,276,False,,2025-12-12T00:00:10.165623Z,43,489706.jpg,1.6,False,Devenny,1.5,False,,a,8,31,27,239943,4728,253533,4764,0.5,6.3,Devenny,242.0,2024-03-13,2003-10-11,False,p489706,503,1,0,1,8,0,0,0,0,0,0,0,78,83.2,92.5,162.0,33.8,7,22,15,44,4,2.38,0.35,2.73,8.34,,,2.0,,,,[],331,146,219,137,117,68,261,128,0.43,0.0,0.06,0.49,1.49,1.43,580,337,174,73,365,162,153,51,0.72,0.18,7.87,192062,Crystal Palace,3,1165,1205,1150,1150,1180,1260,17,8,3,3,False,17,22,1799.60229492,Sunderland,Crystal Palace,0.328,0.306,0.367,-0.02753933321985264
206,True,True,100.0,100.0,530318,0,0,-1,1,0,3,0.2,0.2,0,Kaden,0.2,281,False,,,44,530318.jpg,1.0,False,Rodney,0.0,False,,a,8,31,1,4558,54,5931,89,0.0,0.2,Rodney,241.0,2022-07-08,2004-10-07,False,p530318,3,0,0,0,0,0,0,0,0,0,0,0,2,0.0,0.1,0.0,0.0,0,0,0,0,0,0.00,0.00,0.00,0.65,,,,,,,[],641,243,463,223,612,235,644,245,0.0,0.0,0.0,0.0,19.5,0.0,540,323,392,176,440,196,585,218,0.0,0.0,0.0,0,Crystal Palace,3,1165,1205,1150,1150,1180,1260,17,8,3,3,False,17,22,1799.60229492,Sunderland,Crystal Palace,0.328,0.306,0.367,-0.13089903708647155
207,True,True,100.0,100.0,231747,0,0,1,-1,2,4,3.2,3.2,2,Jean-Philippe,3.2,283,False,,2025-12-10T22:00:09.981733Z,76,231747.jpg,3.8,False,Mateta,11.1,False,,a,8,31,80,4677775,17332,4502859,58152,0.4,10.5,Mateta,73.0,2022-01-31,1997-06-28,False,p231747,1730,8,0,8,18,0,0,0,2,0,0,9,269,387.2,103.6,600.0,108.9,44,49,8,101,21,11.12,1.06,12.18,22.76,,,,,2.0,,[],58,4,203,20,4,3,32,6,0.58,0.0,0.06,0.64,1.18,0.94,19,7,120,17,101,9,39,8,1.09,0.42,5.25,1421259,Crystal Palace,3,1165,1205,1150,1150,1180,1260,17,8,3,3,False,17,22,1799.60229492,Sunderland,Crystal Palace,0.328,0.306,0.367,0.0190527146600115
208,True,True,100.0,100.0,576980,0,0,0,0,0,4,0.0,0.0,0,Zach,0.0,286,False,,,45,576980.jpg,0.0,False,Marsh,0.3,False,,a,8,31,0,43668,392,51387,709,0.0,0.0,Marsh,241.0,2023-07-18,2005-10-06,False,p576980,0,0,0,0,0,0,0,0,0,0,0,0,0,0.0,0.0,0.0,0.0,0,0,0,0,0,0.00,0.00,0.00,0.00,,,,,,,[],703,75,699,74,682,74,704,75,0.0,0.0,0.0,0.0,0.0,0.0,472,66,663,66,705,75,307,51,0.0,0.0,0.0,38412,Crystal Palace,3,1165,1205,1150,1150,1180,1260,17,8,3,3,False,17,22,1799.60229492,Sunderland,Crystal Palace,0.328,0.306,0.367,-0.08120561780022093
217,True,True,100.0,100.0,111234,0,0,1,-1,3,1,4.0,4.0,3,Jordan,4.0,287,False,,,56,111234.jpg,4.3,False,Pickford,13.1,False,,a,9,11,90,1178184,18170,958444,32521,0.7,16.1,Pickford,241.0,2017-07-01,1994-03-07,False,p111234,1890,0,0,8,25,0,1,0,0,0,57,8,347,505.4,0.1,0.0,50.5,31,180,1,0,21,0.00,0.12,0.12,30.72,,,,,,,[],19,6,466,16,780,89,175,6,0.0,2.71,0.01,0.01,1.46,1.19,126,3,62,6,50,3,27,4,1.0,0.38,0.0,1677341,Everton,3,1100,1130,1110,1130,1090,1130,2,9,2,3,False,2,22,1796.4831543,Aston Villa,Everton,0.518,0.267,0.215,0.10284429484215316
218,True,True,100.0,100.0,229600,0,0,-2,2,0,1,0.0,0.0,0,Mark,0.0,288,False,,,43,229600.jpg,0.0,False,Travers,0.1,False,,a,9,11,0,3779,54,10923,96,0.0,0.0,Travers,104.0,2025-07-15,1999-05-18,False,p229600,0,0,0,0,0,0,0,0,0,0,0,0,0,0.0,0.0,0.0,0.0,0,0,0,0,0,0.00,0.00,0.00,0.00,,,,,,,[],604,85,602,77,571,64,608,85,0.0,0.0,0.0,0.0,0.0,0.0,569,28,559,82,615,85,452,69,0.0,0.0,0.0,12804,Everton,3,1100,1130,1110,1130,1090,1130,2,9,2,3,False,2,22,1796.4831543,Aston Villa,Everton,0.518,0.267,0.215,-0.4859202829547
219,True,True,100.0,100.0,447325,0,0,-1,1,0,1,0.0,0.0,0,Harry,0.0,289,False,,,39,447325.jpg,0.0,False,Tyrer,0.1,False,,a,9,11,0,4578,39,8312,79,0.0,0.0,Tyrer,241.0,2021-02-09,2001-12-06,False,p447325,0,0,0,0,0,0,0,0,0,0,0,0,0,0.0,0.0,0.0,0.0,0,0,0,0,0,0.00,0.00,0.00,0.00,,,,,,,[],512,45,505,32,466,17,515,45,0.0,0.0,0.0,0.0,0.0,0.0,735,78,454,40,522,45,455,70,0.0,0.0,0.0,12804,Everton,3,1100,1130,1110,1130,1090,1130,2,9,2,3,False,2,22,1796.4831543,Aston Villa,Everton,0.518,0.267,0.215,-0.2896819239720714
220,True,True,100.0,100.0,17761,0,0,2,-2,0,2,4.5,4.5,4,James,4.5,291,False,,,57,17761.jpg,4.8,False,Tarkowski,12.7,False,,a,9,11,100,1796373,52849,1031956,36273,0.8,17.5,Tarkowski,241.0,2022-07-01,1992-11-19,False,p17761,1890,0,1,8,25,0,0,0,4,0,0,6,359,553.0,167.6,162.0,88.5,204,52,31,235,21,1.05,1.06,2.11,30.72,,,,,,,[],12,5,136,34,118,19,53,6,0.05,0.0,0.05,0.1,1.46,1.19,114,9,40,11,24,12,28,9,1.0,0.38,11.19,1626125,Everton,3,1100,1130,1110,1130,1090,1130,2,9,2,3,False,2,22,1796.4831543,Aston Villa,Everton,0.518,0.267,0.215,0.2702715985304397
221,True,True,100.0,100.0,224967,0,0,-1,1,0,2,3.0,3.0,2,Vitalii,3.0,292,False,,2025-09-05T10:00:06.495475Z,49,224967.jpg,3.1,False,Mykolenko,0.8,False,,a,9,11,56,115889,1622,119060,4526,0.6,11.4,Mykolenko,225.0,2022-01-01,1999-05-29,False,p224967,1615,0,0,6,24,0,0,0,4,0,0,1,199,295.8,176.5,49.0,52.1,108,63,24,132,18,0.24,1.29,1.53,25.68,,,,,,,[],125,53,125,30,287,89,163,52,0.01,0.0,0.07,0.08,1.43,1.34,306,52,129,49,174,72,203,78,1.0,0.33,7.36,102433,Everton,3,1100,1130,1110,1130,1090,1130,2,9,2,3,False,2,22,1796.4831543,Aston Villa,Everton,0.518,0.267,0.215,-0.013496546058931939
222,True,True,100.0,100.0,512462,0,0,-1,1,0,2,3.2,3.2,2,Jake,3.2,293,False,,,49,512462.jpg,3.2,False,O'Brien,0.7,False,,a,9,11,67,107005,1324,88590,4658,0.7,13.7,O'Brien,104.0,2024-07-30,2001-05-15,False,p512462,1758,0,1,7,24,0,0,0,1,0,0,1,227,312.8,170.0,90.0,57.6,100,64,28,128,19,0.60,0.54,1.14,29.90,,,,,,,[],114,48,133,32,213,52,143,47,0.03,0.0,0.03,0.06,1.53,1.23,331,56,114,43,155,61,212,80,0.97,0.36,6.55,89629,Everton,3,1100,1130,1110,1130,1090,1130,2,9,2,3,False,2,22,1796.4831543,Aston Villa,Everton,0.518,0.267,0.215,0.0941486234310693
223,True,True,100.0,100.0,243571,0,0,-1,1,0,2,1.7,1.7,1,Nathan,1.7,296,False,,2025-10-17T14:30:10.578096Z,44,243571.jpg,3.3,False,Patterson,0.0,False,,a,9,11,10,2750,79,3958,135,0.4,2.3,Patterson,243.0,2022-01-04,2001-10-16,False,p243571,76,0,0,1,0,0,0,0,0,0,0,0,33,23.0,1.7,17.0,4.1,8,2,4,12,1,0.03,0.00,0.03,1.02,,,,,,,[],415,158,432,159,360,127,427,156,0.04,0.0,0.0,0.04,1.21,0.0,524,114,229,89,137,53,639,222,1.18,1.18,14.21,0,Everton,3,1100,1130,1110,1130,1090,1130,2,9,2,3,False,2,22,1796.4831543,Aston Villa,Everton,0.518,0.267,0.215,-0.1800834824090638
224,True,True,100.0,100.0,496178,0,0,-2,2,0,2,0.0,0.0,0,Roman,0.0,297,False,,,38,496178.jpg,0.0,False,Dixon,0.2,False,,a,9,11,0,8692,80,18720,191,0.0,0.0,Dixon,,,,False,p496178,0,0,0,0,0,0,0,0,0,0,0,0,0,0.0,0.0,0.0,0.0,0,0,0,0,0,0.00,0.00,0.00,0.00,,,,,,,[],486,180,477,180,436,169,489,180,0.0,0.0,0.0,0.0,0.0,0.0,780,246,425,158,496,180,382,138,0.0,0.0,0.0,25608,Everton,3,1100,1130,1110,1130,1090,1130,2,9,2,3,False,2,22,1796.4831543,Aston Villa,Everton,0.518,0.267,0.215,-0.36582518604990516
225,True,True,100.0,100.0,474907,0,0,-2,2,0,2,0.0,0.0,0,Reece,0.0,298,False,,,38,474907.jpg,0.0,False,Welch,0.1,False,,a,9,11,0,6405,58,13440,136,0.0,0.0,Welch,241.0,2021-04-11,2003-09-19,False,p474907,0,0,0,0,0,0,0,0,0,0,0,0,0,0.0,0.0,0.0,0.0,0,0,0,0,0,0.00,0.00,0.00,0.00,,,,,,,[],484,178,475,178,434,167,487,178,0.0,0.0,0.0,0.0,0.0,0.0,778,244,423,156,494,178,419,156,0.0,0.0,0.0,12804,Everton,3,1100,1130,1110,1130,1090,1130,2,9,2,3,False,2,22,1796.4831543,Aston Villa,Everton,0.518,0.267,0.215,-0.3544973544973545
226,True,True,100.0,100.0,433154,0,0,-5,5,0,3,2.7,2.7,2,Dwight,2.7,300,False,,,55,433154.jpg,1.9,False,McNeil,0.2,False,,a,9,11,23,26681,243,51166,1308,0.5,4.2,McNeil,241.0,2022-07-28,1999-11-22,False,p433154,480,0,1,2,3,0,0,0,0,0,0,0,74,66.4,110.2,36.0,21.2,9,23,9,41,5,0.41,0.66,1.07,9.68,,,,,,,[],353,156,191,127,309,163,320,158,0.08,0.0,0.12,0.2,1.82,0.56,144,91,159,64,332,145,374,127,0.94,0.38,7.69,25608,Everton,3,1100,1130,1110,1130,1090,1130,2,9,2,3,False,2,22,1796.4831543,Aston Villa,Everton,0.518,0.267,0.215,-0.3145272136370059
227,True,True,100.0,100.0,232928,0,0,1,-1,1,3,6.5,6.5,6,James,6.5,303,False,,,51,232928.jpg,4.5,False,Garner,3.6,False,,a,9,11,95,636017,27337,208610,19171,1.3,18.6,Garner,241.0,2022-09-01,2001-03-13,False,p232928,1883,2,3,8,25,0,0,0,4,0,0,10,469,495.0,433.8,168.0,109.8,85,101,57,243,21,1.57,2.90,4.47,30.66,3.0,,3.0,,,,[],22,6,18,18,114,66,30,25,0.08,0.0,0.14,0.22,1.47,1.19,232,142,10,4,44,20,94,29,1.0,0.38,11.61,460949,Everton,3,1100,1130,1110,1130,1090,1130,2,9,2,3,False,2,22,1796.4831543,Aston Villa,Everton,0.518,0.267,0.215,0.5060304726228264
228,True,True,100.0,100.0,490094,0,0,-2,2,0,3,4.2,4.2,7,Tim,4.2,304,False,,2025-12-02T22:30:08.872866Z,48,490094.jpg,2.9,False,Iroegbunam,0.0,False,,a,9,11,49,4775,473,4138,163,0.9,10.2,Iroegbunam,241.0,2024-06-22,2003-06-30,False,p490094,923,0,3,7,9,0,0,0,7,0,0,1,156,162.8,79.4,46.0,28.7,27,54,43,124,11,0.35,0.58,0.93,15.01,,,,,,,[],237,102,239,148,289,152,290,141,0.03,0.0,0.06,0.09,1.46,0.88,362,225,52,25,199,86,572,211,1.07,0.68,12.09,0,Everton,3,1100,1130,1110,1130,1090,1130,2,9,2,3,False,2,22,1796.4831543,Aston Villa,Everton,0.518,0.267,0.215,0.07146864131044542
229,True,True,100.0,100.0,609873,0,0,0,0,0,3,0.8,0.8,4,Harrison,0.8,305,False,,2025-09-02T11:36:28.006606Z,45,609873.jpg,2.0,False,Armstrong,0.1,False,,a,9,11,6,4342,304,14791,58,0.2,1.3,Armstrong,241.0,2024-08-09,2007-01-19,False,p609873,100,0,0,0,2,0,0,0,0,0,0,0,18,18.6,17.6,2.0,3.8,6,6,2,14,1,0.00,0.07,0.07,0.98,,,,,,,[],424,189,373,189,419,206,429,194,0.0,0.0,0.06,0.06,0.88,1.8,486,299,303,135,313,136,571,210,0.9,0.0,12.6,12804,Everton,3,1100,1130,1110,1130,1090,1130,2,9,2,3,False,2,22,1796.4831543,Aston Villa,Everton,0.518,0.267,0.215,-0.5461244969424555
230,True,True,100.0,100.0,547801,0,0,-2,2,0,3,0.0,0.0,0,Callum,0.0,306,False,,,43,547801.jpg,0.0,False,Bates,0.1,False,,a,9,11,0,8997,109,11803,198,0.0,0.0,Bates,241.0,2024-11-08,2005-09-28,False,p547801,0,0,0,0,0,0,0,0,0,0,0,0,0,0.0,0.0,0.0,0.0,0,0,0,0,0,0.00,0.00,0.00,0.00,,,,,,,[],617,227,615,232,585,218,620,229,0.0,0.0,0.0,0.0,0.0,0.0,599,346,574,205,627,236,508,177,0.0,0.0,0.0,12804,Everton,3,1100,1130,1110,1130,1090,1130,2,9,2,3,False,2,22,1796.4831543,Aston Villa,Everton,0.518,0.267,0.215,-0.13490384615384615
231,True,True,100.0,100.0,504296,0,0,-1,1,0,3,0.0,0.0,0,Coby,0.0,307,False,,,44,504296.jpg,0.0,False,Ebere,0.0,False,,a,9,11,0,3882,42,5546,85,0.0,0.0,Ebere,,,,False,p504296,0,0,0,0,0,0,0,0,0,0,0,0,0,0.0,0.0,0.0,0.0,0,0,0,0,0,0.00,0.00,0.00,0.00,,,,,,,[],638,240,636,245,609,232,641,242,0.0,0.0,0.0,0.0,0.0,0.0,536,320,598,218,647,248,599,228,0.0,0.0,0.0,0,Everton,3,1100,1130,1110,1130,1090,1130,2,9,2,3,False,2,22,1796.4831543,Aston Villa,Everton,0.518,0.267,0.215,-0.17649554518455665
232,True,True,100.0,100.0,586309,0,0,-3,3,0,4,3.2,3.2,2,Thierno,3.2,310,False,,,57,586309.jpg,2.0,False,Barry,0.7,False,,a,9,11,42,112714,1915,114728,7224,0.6,7.4,Barry,73.0,2025-07-09,2002-10-21,False,p586309,1098,3,0,6,16,0,0,0,2,0,0,0,119,133.6,102.1,249.0,47.0,20,15,2,37,13,3.48,0.15,3.63,17.30,,,,,,,[],268,24,204,21,64,21,185,20,0.29,0.0,0.01,0.3,1.42,1.31,123,32,119,16,319,31,219,33,1.07,0.49,3.03,89629,Everton,3,1100,1130,1110,1130,1090,1130,2,9,2,3,False,2,22,1796.4831543,Aston Villa,Everton,0.518,0.267,0.215,-0.008855004792430598
233,True,True,100.0,100.0,486385,0,0,-5,5,0,4,1.8,1.8,1,Norberto Bercique,1.8,311,False,,,50,486385.jpg,1.7,False,Gomes Betuncal,2.5,False,,a,9,11,36,415421,2601,1068627,6543,0.4,7.2,Beto,90.0,2023-08-29,1998-01-31,False,p486385,824,2,0,2,12,0,0,0,1,0,0,1,85,125.8,52.6,289.0,45.3,23,15,9,47,8,4.46,0.14,4.60,14.84,,,,,2.0,,[],273,26,299,32,51,18,199,23,0.49,0.0,0.02,0.51,1.62,1.31,263,52,214,24,356,39,118,18,0.87,0.22,5.13,320103,Everton,3,1100,1130,1110,1130,1090,1130,2,9,2,3,False,2,22,1796.4831543,Aston Villa,Everton,0.518,0.267,0.215,-0.44015153148685215
241,True,True,100.0,100.0,80201,0,0,-1,1,1,1,3.7,3.7,3,Bernd,3.7,314,False,,,49,80201.jpg,3.0,False,Leno,1.6,False,,a,10,54,64,184804,2446,194749,2669,0.8,13.1,Leno,80.0,2022-08-02,1992-03-04,False,p80201,1890,0,0,5,30,0,0,0,3,0,53,3,279,462.6,0.0,0.0,46.1,30,165,2,0,21,0.00,0.00,0.00,28.95,,,,,,,[],30,8,731,86,721,80,193,10,0.0,2.52,0.0,0.0,1.38,1.43,282,10,78,7,192,16,149,20,1.0,0.24,0.0,204866,Fulham,3,1090,1130,1080,1140,1100,1120,11,10,2,3,False,11,22,1809.49267578,Leeds,Fulham,0.417,0.296,0.287,-0.026201874310043657
242,True,True,100.0,100.0,169528,0,0,-1,1,0,2,4.3,4.3,2,Antonee,4.3,316,False,,2025-10-17T01:00:10.471151Z,49,169528.jpg,3.2,False,Robinson,0.8,False,,a,10,54,29,112693,7227,137723,1798,0.9,5.9,Robinson,229.0,2020-08-20,1997-08-08,False,p169528,583,0,0,2,6,0,0,0,0,0,0,4,123,151.6,190.2,32.0,37.4,33,37,18,51,6,0.22,1.06,1.28,9.50,,,,,,,[],249,100,109,27,319,102,237,80,0.03,0.0,0.16,0.19,1.47,0.93,290,47,43,12,153,60,207,79,0.93,0.31,7.87,102433,Fulham,3,1090,1130,1080,1140,1100,1120,11,10,2,3,False,11,22,1809.49267578,Leeds,Fulham,0.417,0.296,0.287,-0.09995367708133665
243,True,True,100.0,100.0,174874,0,0,1,-1,1,2,3.7,3.7,2,Joachim,3.7,317,False,,2025-10-18T20:00:09.645414Z,46,174874.jpg,3.8,False,Andersen,5.5,False,,a,10,54,76,1078796,7218,722494,12063,0.8,16.5,Andersen,58.0,2024-08-23,1996-05-31,False,p174874,1751,0,0,5,27,0,0,0,4,0,0,4,268,497.8,76.1,79.0,65.4,188,74,25,213,20,0.73,1.38,2.11,25.49,,,,,,,[],20,7,245,68,229,61,109,35,0.04,0.0,0.07,0.11,1.31,1.39,387,68,77,26,91,35,76,27,1.03,0.26,10.95,704227,Fulham,3,1090,1130,1080,1140,1100,1120,11,10,2,3,False,11,22,1809.49267578,Leeds,Fulham,0.417,0.296,0.287,0.1978037961683016
244,True,True,100.0,100.0,166477,0,0,-2,2,0,2,0.7,0.7,1,Timothy,0.7,319,False,,,43,166477.jpg,1.2,False,Castagne,0.1,False,,a,10,54,20,15482,343,21186,231,0.2,4.7,Castagne,21.0,2023-08-29,1995-12-05,False,p166477,764,0,1,0,17,0,0,0,2,0,0,0,85,150.6,115.5,83.0,35.0,45,27,18,63,8,0.94,0.40,1.34,14.93,,,,,,,[],251,101,185,46,225,58,254,85,0.11,0.0,0.05,0.16,1.76,2.0,564,126,314,118,417,154,454,166,0.94,0.0,7.42,12804,Fulham,3,1090,1130,1080,1140,1100,1120,11,10,2,3,False,11,22,1809.49267578,Leeds,Fulham,0.417,0.296,0.287,-0.15555797970982874
245,True,True,100.0,100.0,219924,0,0,-2,2,0,2,0.8,0.8,2,Issa,0.8,320,False,,,43,219924.jpg,1.3,False,Diop,0.1,False,,a,10,54,9,6001,172,10133,90,0.2,2.1,Diop,73.0,2022-08-10,1997-01-09,False,p219924,410,0,0,0,8,0,0,0,1,0,0,0,30,70.2,4.3,8.0,8.3,29,10,5,34,4,0.02,0.03,0.05,7.80,,,,,,,[],345,130,418,154,377,138,400,144,0.0,0.0,0.01,0.01,1.71,1.76,566,128,300,111,403,149,520,189,0.88,0.0,7.46,12804,Fulham,3,1090,1130,1080,1140,1100,1120,11,10,2,3,False,11,22,1809.49267578,Leeds,Fulham,0.417,0.296,0.287,-0.2561051196231561
246,True,True,100.0,100.0,246301,0,0,-2,2,0,2,3.3,3.3,0,Jorge,3.3,321,False,,,43,246301.jpg,3.4,False,Cuenca Barreno,0.1,False,,a,10,54,27,3925,214,4809,125,0.8,6.3,J.Cuenca,200.0,2024-08-03,1999-11-17,False,p246301,573,0,0,2,5,0,0,0,3,0,0,1,114,150.4,23.2,6.0,18.0,59,27,11,70,7,0.00,0.08,0.08,7.83,,,,,,,[],252,102,354,127,394,147,338,116,0.0,0.0,0.01,0.01,1.23,0.79,573,133,96,32,126,48,561,205,1.1,0.31,10.99,12804,Fulham,3,1090,1130,1080,1140,1100,1120,11,10,2,3,False,11,22,1809.49267578,Leeds,Fulham,0.417,0.296,0.287,-0.10121364781314403
247,True,True,100.0,100.0,591385,0,0,-2,2,0,2,0.0,0.0,0,Samuel,0.0,323,False,,,38,591385.jpg,0.0,False,Amissah,0.1,False,,a,10,54,0,7889,76,15154,170,0.0,0.0,Amissah,241.0,2023-07-19,2007-03-07,False,p591385,0,0,0,0,0,0,0,0,0,0,0,0,0,0.0,0.0,0.0,0.0,0,0,0,0,0,0.00,0.00,0.00,0.00,,,,,,,[],495,189,487,190,447,180,498,189,0.0,0.0,0.0,0.0,0.0,0.0,794,260,435,168,505,189,413,152,0.0,0.0,0.0,12804,Fulham,3,1090,1130,1080,1140,1100,1120,11,10,2,3,False,11,22,1809.49267578,Leeds,Fulham,0.417,0.296,0.287,-0.31528012845549624
248,True,True,100.0,100.0,209289,0,0,-4,4,0,3,3.7,3.7,5,Emile,3.7,325,False,,2025-10-28T21:00:08.536299Z,56,209289.jpg,2.3,False,Smith Rowe,0.7,False,,a,10,54,49,145996,2092,170573,3813,0.7,8.8,Smith Rowe,241.0,2024-08-02,2000-07-28,False,p209289,902,3,1,2,13,0,0,0,1,0,0,1,213,191.8,194.9,225.0,61.2,23,40,10,73,9,2.93,0.63,3.56,15.72,,,,,,,[],209,89,104,74,70,44,129,70,0.29,0.0,0.06,0.35,1.57,1.3,130,81,83,37,274,121,210,73,0.9,0.2,7.28,89629,Fulham,3,1090,1130,1080,1140,1100,1120,11,10,2,3,False,11,22,1809.49267578,Leeds,Fulham,0.417,0.296,0.287,-0.07763552337721003
249,True,True,100.0,100.0,159533,0,0,-4,4,0,3,0.8,0.8,1,Adama,0.8,326,False,,,51,159533.jpg,1.1,False,Traoré Diarra,0.1,False,,a,10,54,17,11028,102,32792,212,0.2,3.3,Adama,200.0,2023-08-12,1996-01-25,False,p159533,261,0,0,0,7,0,0,0,0,0,0,0,58,20.2,61.8,57.0,13.5,1,12,1,14,1,0.19,0.55,0.74,4.89,,,,,,,[],421,186,277,160,275,147,364,171,0.07,0.0,0.19,0.26,1.69,2.41,226,139,307,138,421,189,420,140,0.34,0.0,4.83,12804,Fulham,3,1090,1130,1080,1140,1100,1120,11,10,2,3,False,11,22,1809.49267578,Leeds,Fulham,0.417,0.296,0.287,-0.49666818804199
250,True,True,100.0,100.0,184349,0,0,-1,1,1,3,0.2,0.2,1,Ryan,0.2,328,False,,2025-12-08T08:00:09.095165Z,54,184349.jpg,4.1,False,Sessegnon,0.2,False,,a,10,54,57,138449,206,132485,348,0.0,10.6,Sessegnon,241.0,2024-07-26,2000-05-18,False,p184349,1123,2,2,3,21,0,0,0,0,0,0,5,206,253.0,122.5,128.0,50.3,62,44,26,132,13,0.85,1.29,2.14,16.32,,,,,,,[],168,64,180,121,151,89,177,95,0.07,0.0,0.1,0.17,1.31,1.68,162,101,411,192,69,31,405,136,1.04,0.24,10.58,25608,Fulham,3,1090,1130,1080,1140,1100,1120,11,10,2,3,False,11,22,1809.49267578,Leeds,Fulham,0.417,0.296,0.287,0.022012741110381127
251,True,True,100.0,100.0,153682,1,-1,4,-4,1,3,6.7,6.7,9,Harry,6.7,329,True,,2025-12-22T23:30:10.987047Z,59,153682.jpg,5.1,False,Wilson,20.3,False,,a,10,54,102,3280980,271045,807651,15551,1.1,17.3,Wilson,244.0,2021-07-24,1997-03-22,False,p153682,1497,7,6,5,20,0,0,0,5,0,0,13,389,444.8,319.9,387.0,114.9,38,46,19,103,18,3.77,2.44,6.21,20.40,3.0,,3.0,,3.0,,[],35,10,47,41,26,13,22,18,0.23,0.0,0.15,0.38,1.23,1.2,91,58,6,1,16,8,17,6,1.08,0.3,6.19,2599239,Fulham,3,1090,1130,1080,1140,1100,1120,11,10,2,3,False,11,22,1809.49267578,Leeds,Fulham,0.417,0.296,0.287,0.6049283977937847
252,True,True,100.0,100.0,207189,0,0,-1,1,1,3,3.3,3.3,10,Sander,3.3,330,False,,,49,207189.jpg,2.6,False,Berge,0.1,False,,a,10,54,54,7950,478,9669,129,0.7,11.0,Berge,161.0,2024-08-22,1998-02-14,False,p207189,1721,0,2,5,28,1,0,0,3,0,0,3,312,296.0,239.3,46.0,58.3,58,78,32,168,20,0.64,0.87,1.51,26.44,,,,,,,[],124,43,84,63,290,153,140,76,0.03,0.0,0.05,0.08,1.38,1.46,297,183,101,45,234,103,517,183,1.05,0.26,8.79,12804,Fulham,3,1090,1130,1080,1140,1100,1120,11,10,2,3,False,11,22,1809.49267578,Leeds,Fulham,0.417,0.296,0.287,-0.0975651285544015
253,True,True,100.0,100.0,76357,0,0,-2,2,0,3,2.0,2.0,2,Tom,2.0,331,False,,2025-10-18T20:00:09.684225Z,48,76357.jpg,1.6,False,Cairney,0.0,False,,a,10,54,21,2057,98,3821,53,0.4,4.4,Cairney,243.0,2015-07-07,1991-01-20,False,p76357,397,1,0,0,7,0,0,0,2,0,0,1,92,75.6,80.5,43.0,20.1,7,22,3,32,3,0.69,0.26,0.95,7.01,,,,,,,[],341,151,236,146,297,156,329,161,0.16,0.0,0.06,0.22,1.59,1.59,342,213,197,85,368,165,625,249,0.68,0.0,7.25,0,Fulham,3,1090,1130,1080,1140,1100,1120,11,10,2,3,False,11,22,1809.49267578,Leeds,Fulham,0.417,0.296,0.287,-0.3001020755358966
254,True,True,100.0,100.0,212314,0,0,-1,1,0,3,3.0,3.0,1,Saša,3.0,332,False,,2025-12-18T02:00:09.874646Z,49,212314.jpg,2.7,False,Lukić,0.1,False,,a,10,54,48,14264,151,17236,174,0.6,9.8,Lukić,190.0,2023-01-31,1996-08-13,False,p212314,1143,1,3,3,17,0,0,0,5,0,0,3,221,225.4,326.9,102.0,65.4,42,49,34,125,14,1.63,1.31,2.94,17.73,1.0,,,,,,[],183,77,44,38,193,109,110,60,0.13,0.0,0.1,0.23,1.4,1.34,301,186,128,52,227,99,528,187,1.1,0.24,9.84,12804,Fulham,3,1090,1130,1080,1140,1100,1120,11,10,2,3,False,11,22,1809.49267578,Leeds,Fulham,0.417,0.296,0.287,-0.09434920634920635
255,True,True,100.0,100.0,153366,0,0,-2,2,0,3,1.7,1.7,1,Harrison,1.7,336,False,,,43,153366.jpg,2.8,False,Reed,0.3,False,,a,10,54,11,53090,1846,52851,893,0.4,2.6,Reed,241.0,2020-08-30,1995-01-27,False,p153366,14,1,0,0,1,0,0,0,0,0,0,2,34,35.6,8.4,7.0,5.1,0,1,0,1,0,0.04,0.24,0.28,0.41,,,,,,,[],399,176,405,198,387,191,416,187,0.26,0.0,1.54,1.8,2.64,6.43,563,333,228,98,210,93,318,106,0.0,0.0,6.43,38412,Fulham,3,1090,1130,1080,1140,1100,1120,11,10,2,3,False,11,22,1809.49267578,Leeds,Fulham,0.417,0.296,0.287,0.0022559726640299788
256,True,True,100.0,100.0,102057,0,0,-3,3,0,4,4.7,4.7,5,Raúl,4.7,337,False,,2025-10-29T18:00:08.542122Z,62,102057.jpg,3.4,False,Jiménez Rodríguez,2.1,False,,a,10,54,67,449711,16320,455633,6924,0.8,10.8,Raúl,139.0,2023-07-25,1991-05-05,False,p102057,1308,5,4,4,17,0,0,0,4,0,0,5,248,281.8,205.1,438.0,92.0,22,34,18,74,16,5.80,0.66,6.46,19.74,,,1.0,,1.0,,[],138,12,98,4,17,10,48,10,0.4,0.0,0.05,0.45,1.36,1.17,72,24,35,7,136,13,129,19,1.1,0.28,5.09,268887,Fulham,3,1090,1130,1080,1140,1100,1120,11,10,2,3,False,11,22,1809.49267578,Leeds,Fulham,0.417,0.296,0.287,-0.006541160045242471
262,True,True,100.0,100.0,437495,0,0,-3,3,0,1,0.0,0.0,0,Illan,0.0,339,False,,,42,437495.jpg,0.0,False,Meslier,0.3,False,,a,11,2,0,11269,152,59979,352,0.0,0.0,Meslier,73.0,2020-07-27,2000-03-02,False,p437495,0,0,0,0,0,0,0,0,0,0,0,0,0,0.0,0.0,0.0,0.0,0,0,0,0,0,0.00,0.00,0.00,0.00,,,,,,,[],600,84,595,74,562,60,604,84,0.0,0.0,0.0,0.0,0.0,0.0,624,35,546,79,610,84,289,38,0.0,0.0,0.0,38412,Leeds,3,1095,1145,1080,1100,1110,1190,11,10,2,3,True,10,22,1751.14904785,Leeds,Fulham,0.417,0.296,0.287,-0.6836683134965192
263,True,True,100.0,100.0,97846,0,0,-1,1,0,1,0.0,0.0,0,Alex,0.0,340,False,,,39,97846.jpg,0.0,False,Cairns,0.2,False,,a,11,2,0,7011,77,13071,130,0.0,0.0,Cairns,241.0,2024-07-08,1993-01-04,False,p97846,0,0,0,0,0,0,0,0,0,0,0,0,0,0.0,0.0,0.0,0.0,0,0,0,0,0,0.00,0.00,0.00,0.00,,,,,,,[],502,37,495,24,455,9,505,37,0.0,0.0,0.0,0.0,0.0,0.0,720,70,443,32,512,37,402,61,0.0,0.0,0.0,25608,Leeds,3,1095,1145,1080,1100,1110,1190,11,10,2,3,True,10,22,1751.14904785,Leeds,Fulham,0.417,0.296,0.287,-0.30176277263220797
264,True,True,100.0,100.0,59735,0,0,-1,1,0,1,0.0,0.0,0,Karl,0.0,341,False,,,39,59735.jpg,2.0,False,Darlow,2.0,False,,a,11,2,10,143074,2239,234959,2843,0.0,2.6,Darlow,244.0,2023-07-29,1990-10-08,False,p59735,450,0,0,0,8,0,0,0,0,0,13,0,55,105.0,0.0,0.0,10.5,6,53,0,0,5,0.00,0.01,0.01,4.43,,,,,,,[],301,24,490,19,450,4,385,25,0.0,2.6,0.0,0.0,0.89,1.6,715,65,438,27,308,26,133,17,1.0,0.0,0.0,256083,Leeds,3,1095,1145,1080,1100,1110,1190,11,10,2,3,True,10,22,1751.14904785,Leeds,Fulham,0.417,0.296,0.287,-0.24306079098914646
265,True,True,50.0,50.0,226182,0,0,-1,1,0,2,0.9,0.9,0,Jayden,1.8,342,False,Calf injury - 50% chance of playing,2026-01-04T21:30:12.521247Z,44,226182.jpg,2.4,False,Bogle,0.2,False,,d,11,2,45,25896,27,32891,1052,0.4,10.2,Bogle,241.0,2024-07-20,2000-07-27,False,p226182,1580,0,2,3,30,0,0,0,4,0,0,0,113,209.4,140.8,108.0,45.9,61,82,37,98,18,1.15,0.93,2.08,22.66,,,,,,,[],194,78,158,38,177,37,194,65,0.07,0.0,0.05,0.12,1.29,1.71,517,107,208,80,252,98,399,145,1.03,0.17,5.58,25608,Leeds,3,1095,1145,1080,1100,1110,1190,11,10,2,3,True,10,22,1751.14904785,Leeds,Fulham,0.417,0.296,0.287,-0.11898889210199534
266,True,True,100.0,100.0,222694,0,0,-2,2,0,2,4.7,4.7,2,Pascal,4.7,343,False,,2025-10-23T13:30:08.346349Z,43,222694.jpg,3.1,False,Struijk,0.4,False,,a,11,2,58,52116,5347,57864,988,1.1,13.5,Struijk,152.0,2018-04-12,1999-08-11,False,p222694,1628,0,1,3,31,0,0,0,3,0,0,3,200,397.4,104.2,170.0,67.1,144,71,20,164,18,2.06,0.43,2.49,25.68,,,,,3.0,,[],52,25,202,51,113,18,103,31,0.11,0.0,0.02,0.13,1.42,1.71,567,129,32,7,169,67,283,106,1.0,0.17,9.07,51217,Leeds,3,1095,1145,1080,1100,1110,1190,11,10,2,3,True,10,22,1751.14904785,Leeds,Fulham,0.417,0.296,0.287,-0.05226404800872886
267,True,True,100.0,100.0,434752,0,0,-1,1,0,2,3.8,3.8,3,Jaka,3.8,344,False,,2025-07-21T10:00:04.901206Z,39,434752.jpg,3.6,False,Bijol,0.6,False,,a,11,2,43,89151,4101,39538,1411,1.0,11.0,Bijol,195.0,2025-06-23,1999-02-05,False,p434752,982,1,2,1,18,0,0,0,1,0,0,2,150,268.4,37.7,129.0,43.5,86,38,14,100,11,0.48,0.50,0.98,16.90,,,,,,,[],152,66,332,112,150,27,207,68,0.04,0.0,0.05,0.09,1.55,1.65,733,213,67,21,107,40,236,88,1.01,0.09,9.16,76825,Leeds,3,1095,1145,1080,1100,1110,1190,11,10,2,3,True,10,22,1751.14904785,Leeds,Fulham,0.417,0.296,0.287,0.3855263464631787
268,True,True,100.0,100.0,437738,0,0,-2,2,0,2,1.5,1.5,1,Sebastiaan,1.5,345,False,,2025-11-27T15:30:07.090974Z,38,437738.jpg,2.2,False,Bornauw,0.1,False,,a,11,2,11,13400,338,11380,242,0.4,2.9,Bornauw,21.0,2025-07-01,1999-03-22,False,p437738,164,0,0,1,2,0,0,0,0,0,0,0,31,24.6,4.9,6.0,3.5,14,2,2,16,2,0.00,0.01,0.01,3.64,,,,,,,[],413,157,417,153,392,145,433,159,0.0,0.0,0.01,0.01,2.0,1.1,776,242,244,91,277,106,448,164,1.1,0.55,8.78,12804,Leeds,3,1095,1145,1080,1100,1110,1190,11,10,2,3,True,10,22,1751.14904785,Leeds,Fulham,0.417,0.296,0.287,0.08151735270379339
269,True,True,100.0,100.0,113564,0,0,-2,2,0,2,0.0,0.0,0,Sam,0.0,346,False,,,38,113564.jpg,1.0,False,Byram,0.2,False,,a,11,2,1,21494,107,30563,249,0.0,0.3,Byram,241.0,2023-08-05,1993-09-16,False,p113564,7,0,0,0,1,0,0,0,0,0,0,0,-2,0.0,0.0,0.0,0.0,0,0,0,0,0,0.00,0.00,0.00,0.79,,,,,,,[],479,173,469,172,428,161,482,173,0.0,0.0,0.0,0.0,10.16,12.86,767,233,418,151,423,155,371,135,0.0,0.0,0.0,25608,Leeds,3,1095,1145,1080,1100,1110,1190,11,10,2,3,True,10,22,1751.14904785,Leeds,Fulham,0.417,0.296,0.287,-0.17421288203315596
270,True,True,100.0,100.0,243526,0,0,-2,2,0,2,2.7,2.7,0,Gabriel,2.7,347,False,,2025-10-25T09:30:08.635945Z,38,243526.jpg,2.3,False,Gudmundsson,4.1,False,,a,11,2,49,811514,12387,644596,7950,0.7,12.9,Gudmundsson,206.0,2025-07-08,1999-04-29,False,p243526,1740,0,0,3,33,1,0,0,2,0,0,8,197,334.4,301.6,114.0,75.1,82,80,46,128,20,0.90,1.89,2.78,26.83,,,,,,,[],98,44,53,8,166,33,83,16,0.05,0.0,0.1,0.15,1.39,1.71,772,238,148,57,266,104,86,32,1.03,0.16,6.62,524969,Leeds,3,1095,1145,1080,1100,1110,1190,11,10,2,3,True,10,22,1751.14904785,Leeds,Fulham,0.417,0.296,0.287,0.11463282306968567
271,True,True,100.0,50.0,214225,0,0,-1,1,1,2,1.0,0.5,1,Joe,1.0,348,False,,2025-12-28T21:30:08.770296Z,39,214225.jpg,3.1,False,Rodon,3.4,False,,a,11,2,58,944928,4813,807031,9169,0.3,14.9,Rodon,244.0,2024-07-02,1997-10-22,False,p214225,1650,2,0,2,35,0,0,0,1,0,0,5,193,424.2,60.2,154.0,63.9,132,51,18,150,19,0.93,0.16,1.09,26.84,,,,,,,[],45,21,286,93,124,21,116,38,0.05,0.0,0.01,0.06,1.46,1.91,728,210,286,104,166,64,98,37,1.04,0.11,8.18,435340,Leeds,3,1095,1145,1080,1100,1110,1190,11,10,2,3,True,10,22,1751.14904785,Leeds,Fulham,0.417,0.296,0.287,0.07871017529519812
272,True,True,100.0,100.0,427637,0,0,-1,1,2,3,6.0,6.0,14,Brenden,6.0,350,False,,,54,427637.jpg,4.2,False,Aaronson,0.5,False,,a,11,2,84,80697,35834,36984,1810,1.1,15.6,Aaronson,229.0,2022-07-01,2000-10-22,False,p427637,1242,4,6,4,19,0,0,0,1,0,0,5,305,332.6,273.5,334.0,94.0,16,68,31,115,14,2.85,2.51,5.36,18.99,,,,,,,[],100,33,69,54,39,23,45,33,0.21,0.0,0.18,0.39,1.38,1.38,168,104,17,9,59,25,257,85,1.01,0.29,8.33,64021,Leeds,3,1095,1145,1080,1100,1110,1190,11,10,2,3,True,10,22,1751.14904785,Leeds,Fulham,0.417,0.296,0.287,0.3714533357126469
273,True,True,100.0,100.0,492859,0,0,-3,3,0,3,1.3,1.3,1,Wilfried,1.3,351,False,,2025-09-18T14:30:08.147956Z,52,492859.jpg,1.6,False,Gnonto,0.1,False,,a,11,2,19,8147,102,38711,150,0.2,3.7,Gnonto,106.0,2022-09-01,2003-11-05,False,p492859,317,0,2,1,10,0,0,0,2,0,0,0,84,57.8,73.1,27.0,15.9,9,14,14,37,4,0.22,0.51,0.73,7.86,,,,,,,[],370,163,252,154,327,172,350,166,0.06,0.0,0.14,0.2,2.23,2.84,217,134,261,113,372,167,486,169,1.14,0.28,10.5,12804,Leeds,3,1095,1145,1080,1100,1110,1190,11,10,2,3,True,10,22,1751.14904785,Leeds,Fulham,0.417,0.296,0.287,-0.6522685560629988
274,True,True,100.0,100.0,221399,0,0,-4,4,0,3,0.2,0.2,0,Jack,0.2,352,False,,2025-12-02T16:30:09.049722Z,51,221399.jpg,1.1,False,Harrison,0.1,False,,a,11,2,12,5760,156,17118,148,0.0,2.4,Harrison,241.0,2021-07-02,1996-11-20,False,p221399,262,0,0,0,5,0,0,0,0,0,0,0,51,30.0,49.4,35.0,11.5,6,13,5,24,1,0.28,0.23,0.51,3.82,4.0,,,,,,[],405,180,307,171,312,166,378,176,0.1,0.0,0.08,0.18,1.31,1.72,230,141,409,190,422,190,550,199,0.34,0.0,8.24,12804,Leeds,3,1095,1145,1080,1100,1110,1190,11,10,2,3,True,10,22,1751.14904785,Leeds,Fulham,0.417,0.296,0.287,-0.4964594807238395
275,True,True,100.0,100.0,199598,0,0,-1,1,1,3,4.2,4.2,3,Ethan,4.2,354,False,,2026-01-01T21:30:11.936054Z,49,199598.jpg,3.4,False,Ampadu,0.1,False,,a,11,2,61,25092,761,21474,692,0.9,12.4,Ampadu,244.0,2023-07-19,2000-09-14,False,p199598,1589,1,0,3,30,0,0,0,6,0,0,3,285,317.6,150.2,77.0,54.7,79,96,44,219,18,1.59,0.87,2.46,24.73,,,,,,,[],112,39,154,106,235,129,151,83,0.09,0.0,0.05,0.14,1.4,1.7,293,181,53,26,132,56,431,145,1.02,0.17,12.4,12804,Leeds,3,1095,1145,1080,1100,1110,1190,11,10,2,3,True,10,22,1751.14904785,Leeds,Fulham,0.417,0.296,0.287,0.0776961731735601
276,True,True,100.0,100.0,486520,0,0,-3,3,0,3,2.7,2.7,7,Ilia,2.7,356,False,,,47,486520.jpg,2.3,False,Gruev,0.0,False,,a,11,2,28,4490,392,5650,118,0.6,6.0,Gruev,34.0,2023-08-31,2000-05-06,False,p486520,650,0,2,2,16,0,0,0,1,0,0,0,146,97.4,72.2,6.0,17.6,15,37,16,68,7,0.00,0.32,0.32,15.36,,,,,,,[],311,138,257,155,395,194,341,164,0.0,0.0,0.04,0.04,2.13,2.22,382,237,155,62,268,116,574,212,0.97,0.28,9.42,0,Leeds,3,1095,1145,1080,1100,1110,1190,11,10,2,3,True,10,22,1751.14904785,Leeds,Fulham,0.417,0.296,0.287,-0.11439842209072978
277,True,True,100.0,100.0,248056,0,0,-2,2,0,3,1.2,1.2,1,Tanaka,1.2,358,False,,2025-08-24T01:30:06.493361Z,48,248056.jpg,2.3,False,Ao,0.3,False,,a,11,2,41,48384,445,47058,2269,0.3,8.5,Tanaka,108.0,2024-08-30,1998-09-10,False,p248056,704,2,0,2,15,0,0,0,1,0,0,2,158,133.0,122.5,78.0,33.3,19,42,15,76,7,0.83,0.61,1.44,13.06,,,,,,,[],270,119,179,120,231,126,265,130,0.11,0.0,0.08,0.19,1.67,1.92,359,222,270,116,270,118,327,110,0.89,0.26,9.72,38412,Leeds,3,1095,1145,1080,1100,1110,1190,11,10,2,3,True,10,22,1751.14904785,Leeds,Fulham,0.417,0.296,0.287,0.013893254542025524
278,True,True,100.0,100.0,235826,0,0,-6,6,0,4,0.3,0.3,0,Joël,0.3,362,False,,2025-09-11T17:30:06.758854Z,49,235826.jpg,1.1,False,Piroe,0.4,False,,a,11,2,11,35257,258,214745,647,0.1,2.2,Piroe,152.0,2023-08-24,1999-08-02,False,p235826,201,0,0,1,6,0,0,0,0,0,0,0,22,6.0,20.7,90.0,11.2,1,8,0,9,2,0.65,0.08,0.73,4.77,,,,,2.0,,[],442,49,360,44,212,41,381,46,0.29,0.0,0.04,0.33,2.14,2.69,311,55,366,44,420,48,282,44,0.9,0.45,4.03,51217,Leeds,3,1095,1145,1080,1100,1110,1190,11,10,2,3,True,10,22,1751.14904785,Leeds,Fulham,0.417,0.296,0.287,-0.7179462564299486
279,True,True,100.0,100.0,174594,0,0,0,0,0,4,0.8,0.8,1,Lukas,0.8,365,False,,2025-12-04T19:00:09.704394Z,50,174594.jpg,2.3,False,Nmecha,0.5,False,,a,11,2,42,179168,1168,192846,1717,0.2,8.4,Nmecha,80.0,2025-07-01,1998-12-14,False,p174594,593,4,0,2,14,0,0,1,0,0,0,4,151,161.8,44.7,242.0,44.9,11,15,5,31,6,4.51,0.35,4.86,12.40,,,,,1.0,,[],239,19,316,36,66,23,202,24,0.68,0.0,0.05,0.73,1.88,2.12,245,50,306,36,273,27,244,38,0.91,0.3,4.7,64021,Leeds,3,1095,1145,1080,1100,1110,1190,11,10,2,3,True,10,22,1751.14904785,Leeds,Fulham,0.417,0.296,0.287,-0.0367674334836861
288,True,True,100.0,100.0,116535,0,0,-1,1,1,1,5.5,4.5,10,Alisson,5.0,366,False,,2025-11-27T10:00:06.952479Z,54,116535.jpg,3.9,False,Becker,6.0,False,,a,12,14,62,478151,20898,1183437,4306,0.9,11.5,A.Becker,30.0,2018-07-19,1992-10-02,False,p116535,1440,0,0,6,18,0,0,0,0,0,33,6,244,280.6,0.1,0.0,28.0,25,135,0,0,16,0.00,0.02,0.02,16.70,,,,,,,[],139,20,465,15,766,88,291,20,0.0,2.06,0.0,0.0,1.04,1.12,157,4,29,3,84,6,68,10,1.0,0.38,0.0,768248,Liverpool,4,1230,1265,1170,1210,1290,1320,12,3,2,4,True,3,22,1940.71777344,Liverpool,Burnley,0.761,0.155,0.085,-0.42446502983892515
289,True,True,100.0,100.0,449027,0,0,-3,3,0,1,0.5,-0.5,0,Giorgi,0.0,367,False,,,42,449027.jpg,3.8,False,Mamardashvili,0.6,False,,a,12,14,19,149060,345,156689,1264,0.0,4.5,Mamardashvili,79.0,2024-08-27,2000-09-29,False,p449027,450,0,0,1,10,0,1,0,0,0,17,0,70,140.0,0.0,0.0,13.9,7,43,0,0,5,0.00,0.00,0.00,7.10,,,,,,,[],262,22,596,75,563,61,362,22,0.0,3.4,0.0,0.0,1.42,2.0,626,36,547,80,90,7,238,32,1.0,0.2,0.0,76825,Liverpool,4,1230,1265,1170,1210,1290,1320,12,3,2,4,True,3,22,1940.71777344,Liverpool,Burnley,0.761,0.155,0.085,-0.024951839580832642
290,True,True,100.0,100.0,586268,0,0,-1,1,0,1,0.5,-0.5,0,Ármin,0.0,368,False,,,39,586268.jpg,0.0,False,Pécsi,0.3,False,,a,12,14,0,48903,51,28155,386,0.0,0.0,Pécsi,98.0,2025-06-07,2005-02-24,False,p586268,0,0,0,0,0,0,0,0,0,0,0,0,0,0.0,0.0,0.0,0.0,0,0,0,0,0,0.00,0.00,0.00,0.00,,,,,,,[],532,58,525,45,486,30,535,58,0.0,0.0,0.0,0.0,0.0,0.0,759,91,474,53,542,58,306,41,0.0,0.0,0.0,38412,Liverpool,4,1230,1265,1170,1210,1290,1320,12,3,2,4,True,3,22,1940.71777344,Liverpool,Burnley,0.761,0.155,0.085,0.26925173246126294
291,True,True,100.0,100.0,155503,0,0,-1,1,0,1,0.5,-0.5,0,Freddie,0.0,369,False,,,39,155503.jpg,0.0,False,Woodman,0.2,False,,a,12,14,0,21500,85,14885,268,0.0,0.0,Woodman,241.0,2025-07-01,1997-03-04,False,p155503,0,0,0,0,0,0,0,0,0,0,0,0,0,0.0,0.0,0.0,0.0,0,0,0,0,0,0.00,0.00,0.00,0.00,,,,,,,[],505,40,498,27,458,12,508,40,0.0,0.0,0.0,0.0,0.0,0.0,724,73,447,35,515,40,378,54,0.0,0.0,0.0,25608,Liverpool,4,1230,1265,1170,1210,1290,1320,12,3,2,4,True,3,22,1940.71777344,Liverpool,Burnley,0.761,0.155,0.085,0.1818056891576199
292,True,True,100.0,100.0,216094,0,0,-3,3,0,2,4.7,3.7,6,Jeremie,4.2,370,False,,2025-10-23T09:00:08.355744Z,57,216094.jpg,3.6,False,Frimpong,5.7,False,,a,12,14,32,399780,32959,3022183,4333,0.7,5.6,Frimpong,152.0,2025-06-01,2000-12-10,False,p216094,390,0,4,2,4,0,0,0,0,0,0,0,113,58.2,73.4,67.0,20.0,10,18,2,12,4,0.10,0.64,0.74,4.93,,,,,,,[],368,140,251,72,257,73,331,110,0.02,0.0,0.15,0.17,1.14,0.92,118,10,57,17,113,43,73,26,0.92,0.46,2.77,729836,Liverpool,4,1230,1265,1170,1210,1290,1320,12,3,2,4,True,3,22,1940.71777344,Liverpool,Burnley,0.761,0.155,0.085,-0.7663446390273653
293,True,True,100.0,100.0,544877,0,0,-4,4,0,2,4.2,3.2,9,Milos,3.7,371,False,,,56,544877.jpg,2.6,False,Kerkez,2.9,False,,a,12,14,52,282434,5067,749909,2515,0.7,9.3,Kerkez,98.0,2025-06-26,2003-11-07,False,p544877,1413,1,0,4,21,0,0,0,3,0,0,4,224,283.0,240.5,96.0,62.0,69,53,32,101,17,0.94,0.45,1.39,18.36,,,,,,,[],137,58,82,19,203,49,125,42,0.06,0.0,0.03,0.09,1.17,1.34,133,15,84,29,239,90,108,42,1.08,0.25,6.43,371320,Liverpool,4,1230,1265,1170,1210,1290,1320,12,3,2,4,True,3,22,1940.71777344,Liverpool,Burnley,0.761,0.155,0.085,-0.45282914690175646
294,True,True,100.0,100.0,122798,0,0,-2,2,1,2,1.8,0.8,0,Andrew,1.3,372,False,,,58,122798.jpg,1.9,False,Robertson,1.0,False,,a,12,14,23,49581,1142,123746,1110,0.2,4.0,Robertson,243.0,2017-07-21,1994-03-11,False,p122798,481,0,0,2,7,0,0,0,0,0,0,2,108,105.2,166.8,49.0,32.2,19,19,8,27,4,0.21,0.72,0.92,5.67,,,,,,,[],300,114,137,35,288,90,270,92,0.04,0.0,0.13,0.17,1.06,1.31,104,7,263,100,333,128,183,72,0.75,0.37,5.05,128041,Liverpool,4,1230,1265,1170,1210,1290,1320,12,3,2,4,True,3,22,1940.71777344,Liverpool,Burnley,0.761,0.155,0.085,-0.4278906344654901
295,True,True,100.0,100.0,97032,0,0,-1,1,0,2,4.3,3.3,6,Virgil,3.8,373,False,,,59,97032.jpg,3.8,False,van Dijk,22.4,False,,a,12,14,79,2540363,35522,2989272,23029,0.6,13.4,Virgil,152.0,2018-01-01,1991-07-08,False,p97032,1890,0,0,7,28,0,0,0,3,0,0,4,311,567.6,116.4,142.0,82.5,182,44,15,197,21,0.92,0.59,1.51,23.80,,,,,,,[],10,4,184,45,136,25,66,12,0.04,0.0,0.03,0.07,1.13,1.33,90,5,74,25,98,39,15,5,1.0,0.33,9.38,2868126,Liverpool,4,1230,1265,1170,1210,1290,1320,12,3,2,4,True,3,22,1940.71777344,Liverpool,Burnley,0.761,0.155,0.085,-0.08118239268957174
296,True,True,100.0,100.0,204716,0,0,-1,1,0,2,5.0,4.0,7,Ibrahima,4.5,374,False,,2025-10-05T01:30:08.114532Z,54,204716.jpg,3.8,False,Konaté,3.4,False,,a,12,14,79,516802,13840,532463,4996,0.8,14.6,Konaté,73.0,2021-07-01,1999-05-25,False,p204716,1786,0,0,7,25,0,0,0,5,0,0,6,303,456.4,99.4,71.0,62.9,150,60,30,180,21,0.81,0.71,1.52,21.23,,,,,,,[],32,14,209,54,247,69,120,40,0.04,0.0,0.04,0.08,1.07,1.26,163,19,39,10,96,38,99,38,1.06,0.35,9.07,435340,Liverpool,4,1230,1265,1170,1210,1290,1320,12,3,2,4,True,3,22,1940.71777344,Liverpool,Burnley,0.761,0.155,0.085,-0.014925686075490939
297,True,True,50.0,100.0,492777,0,0,0,0,0,2,2.1,3.2,6,Conor,3.7,375,False,Knee injury - 50% chance of playing,2026-01-09T17:30:11.990256Z,50,492777.jpg,2.8,False,Bradley,0.2,False,,d,12,14,42,62366,2703,59658,2185,0.7,8.4,Bradley,242.0,2023-09-25,2003-07-09,False,p492777,928,0,2,4,13,0,0,0,5,0,0,2,157,157.4,105.2,62.0,32.3,46,43,19,65,12,0.18,0.84,1.02,10.77,,,,,,,[],244,98,198,48,268,77,268,91,0.02,0.0,0.08,0.1,1.04,1.26,266,44,79,27,215,87,344,126,1.16,0.39,6.3,25608,Liverpool,4,1230,1265,1170,1210,1290,1320,12,3,2,4,True,3,22,1940.71777344,Liverpool,Burnley,0.761,0.155,0.085,0.02219235560217662
298,True,True,100.0,100.0,171287,0,0,-1,1,1,2,1.5,0.5,1,Joe,1.0,376,False,,2025-12-13T19:30:11.021904Z,49,171287.jpg,2.5,False,Gomez,0.1,False,,a,12,14,25,20592,381,26248,140,0.2,5.1,Gomez,241.0,2015-06-20,1997-05-23,False,p171287,246,0,2,2,5,0,0,0,2,0,0,2,73,70.2,56.3,20.0,14.6,18,8,1,19,3,0.18,0.53,0.71,3.14,,,,,,,[],346,131,294,97,349,118,359,127,0.07,0.0,0.19,0.26,1.15,1.83,291,48,291,108,246,95,414,153,1.1,0.73,6.95,12804,Liverpool,4,1230,1265,1170,1210,1290,1320,12,3,2,4,True,3,22,1940.71777344,Liverpool,Burnley,0.761,0.155,0.085,-0.12075149444918873
299,True,True,100.0,100.0,611926,0,0,-3,3,0,2,0.5,-0.5,0,Amara,0.0,378,False,,2025-10-30T11:30:08.685763Z,37,611926.jpg,0.0,False,Nallo,0.8,False,,a,12,14,0,133759,13458,53192,4469,0.0,0.0,Nallo,241.0,2024-02-27,2006-11-18,False,p611926,0,0,0,0,0,0,0,0,0,0,0,0,0,0.0,0.0,0.0,0.0,0,0,0,0,0,0.00,0.00,0.00,0.00,,,,,,,[],477,171,467,170,426,159,480,171,0.0,0.0,0.0,0.0,0.0,0.0,795,261,416,149,488,172,194,76,0.0,0.0,0.0,102433,Liverpool,4,1230,1265,1170,1210,1290,1320,12,3,2,4,True,3,22,1940.71777344,Liverpool,Burnley,0.761,0.155,0.085,0.43095249557370646
300,True,True,100.0,100.0,219937,0,0,-2,2,0,2,0.5,-0.5,0,Rhys,0.0,379,False,,,38,219937.jpg,0.0,False,Williams,0.2,False,,a,12,14,0,24269,74,26551,303,0.0,0.0,R.Williams,241.0,2020-09-23,2001-02-03,False,p219937,0,0,0,0,0,0,0,0,0,0,0,0,0,0.0,0.0,0.0,0.0,0,0,0,0,0,0.00,0.00,0.00,0.00,,,,,,,[],480,174,470,173,429,162,483,174,0.0,0.0,0.0,0.0,0.0,0.0,769,235,419,152,490,174,357,131,0.0,0.0,0.0,25608,Liverpool,4,1230,1265,1170,1210,1290,1320,12,3,2,4,True,3,22,1940.71777344,Liverpool,Burnley,0.761,0.155,0.085,-0.04490358126721763
301,True,True,100.0,100.0,489580,0,0,-2,2,0,2,0.5,-0.5,0,Calvin,0.0,380,False,,,38,489580.jpg,0.0,False,Ramsay,0.2,False,,a,12,14,0,26171,88,28428,332,0.0,0.0,Ramsay,243.0,2022-06-19,2003-07-31,False,p489580,0,0,0,0,0,0,0,0,0,0,0,0,0,0.0,0.0,0.0,0.0,0,0,0,0,0,0.00,0.00,0.00,0.00,,,,,,,[],485,179,476,179,435,168,488,179,0.0,0.0,0.0,0.0,0.0,0.0,779,245,424,157,495,179,345,127,0.0,0.0,0.0,25608,Liverpool,4,1230,1265,1170,1210,1290,1320,12,3,2,4,True,3,22,1940.71777344,Liverpool,Burnley,0.761,0.155,0.085,-0.041337753438707665
302,True,True,100.0,100.0,494595,0,0,-3,3,1,3,7.0,6.0,3,Florian,6.5,382,False,,2025-11-21T12:00:09.930986Z,82,494595.jpg,3.5,False,Wirtz,10.8,False,,a,12,14,71,1256256,59352,3614983,16361,0.8,8.7,Wirtz,80.0,2025-06-20,2003-05-03,False,p494595,1404,2,2,7,16,0,0,0,1,0,0,11,306,265.2,515.9,368.0,115.0,12,70,24,106,16,4.03,2.81,6.83,17.12,4.0,,,,,,[],159,58,11,11,31,18,21,17,0.26,0.0,0.18,0.44,1.1,1.03,14,9,11,5,124,55,40,15,1.03,0.45,6.79,1382846,Liverpool,4,1230,1265,1170,1210,1290,1320,12,3,2,4,True,3,22,1940.71777344,Liverpool,Burnley,0.761,0.155,0.085,-0.4842150015632573
303,True,True,100.0,100.0,243298,0,0,-2,2,1,3,2.3,1.3,3,Cody,1.8,384,False,,2025-12-09T02:00:07.849895Z,73,243298.jpg,4.0,False,Gakpo,5.5,False,,a,12,14,76,3192289,30421,3588297,6268,0.2,10.4,Gakpo,152.0,2023-01-01,1999-05-07,False,p243298,1344,5,3,5,20,0,0,0,1,0,0,5,264,300.0,377.3,435.0,111.1,21,41,10,72,15,4.79,2.83,7.62,14.86,3.0,,,,2.0,,[],121,42,31,30,18,8,29,24,0.32,0.0,0.19,0.51,1.0,1.34,28,19,222,97,78,35,75,25,1.0,0.33,4.82,704227,Liverpool,4,1230,1265,1170,1210,1290,1320,12,3,2,4,True,3,22,1940.71777344,Liverpool,Burnley,0.761,0.155,0.085,-0.05840321175780382
304,True,True,100.0,100.0,223541,0,0,-2,2,0,3,1.5,0.5,0,Federico,1.0,385,False,,2025-10-03T09:30:08.615318Z,63,223541.jpg,1.8,False,Chiesa,0.3,False,,a,12,14,27,54508,270,62717,956,0.2,4.3,Chiesa,106.0,2024-08-29,1997-10-25,False,p223541,227,2,1,0,6,0,0,0,2,0,0,0,104,111.0,32.7,104.0,24.8,11,6,8,25,1,1.17,0.49,1.66,4.30,,,,,,,[],297,134,340,180,187,107,305,148,0.46,0.0,0.19,0.65,1.7,2.38,67,45,298,133,349,153,304,101,0.4,0.0,9.91,38412,Liverpool,4,1230,1265,1170,1210,1290,1320,12,3,2,4,True,3,22,1940.71777344,Liverpool,Burnley,0.761,0.155,0.085,-0.07002772446150565
305,True,True,100.0,100.0,243016,0,0,-3,3,0,3,2.3,1.3,2,Alexis,1.8,386,False,,2025-08-28T17:30:07.822110Z,62,243016.jpg,2.2,False,Mac Allister,1.3,False,,a,12,14,44,155173,1697,248761,2920,0.3,7.1,Mac Allister,10.0,2023-06-14,1998-12-24,False,p243016,1386,0,2,5,19,0,0,0,3,0,0,0,223,199.6,264.0,160.0,62.4,33,58,22,113,17,1.77,0.95,2.72,16.58,,,,,3.0,,[],201,85,74,57,119,69,123,66,0.11,0.0,0.06,0.17,1.08,1.23,74,48,220,96,293,129,165,57,1.1,0.32,7.34,166454,Liverpool,4,1230,1265,1170,1210,1290,1320,12,3,2,4,True,3,22,1940.71777344,Liverpool,Burnley,0.761,0.155,0.085,-0.23169131590804437
306,True,True,100.0,100.0,424876,0,0,1,-1,1,3,2.5,1.5,3,Dominik,2.0,387,False,,2025-12-13T19:30:11.046303Z,66,424876.jpg,3.5,False,Szoboszlai,4.6,False,,a,12,14,71,1307328,19377,1101054,12456,0.3,10.8,Szoboszlai,98.0,2023-07-02,2000-10-25,False,p424876,1792,2,1,7,27,0,0,0,5,0,0,8,376,390.0,629.8,210.0,122.9,53,102,29,184,20,2.41,2.77,5.18,22.51,2.0,,2.0,,,,[],56,16,3,3,82,50,15,12,0.12,0.0,0.14,0.26,1.13,1.36,49,31,202,88,123,54,80,26,1.0,0.35,9.24,588990,Liverpool,4,1230,1265,1170,1210,1290,1320,12,3,2,4,True,3,22,1940.71777344,Liverpool,Burnley,0.761,0.155,0.085,0.08564837305709809
307,True,True,100.0,100.0,206915,0,0,-1,1,0,3,3.0,2.0,0,Curtis,2.5,388,False,,2025-10-25T23:00:08.088311Z,54,206915.jpg,1.9,False,Jones,0.1,False,,a,12,14,34,25564,324,25533,1012,0.5,6.3,C.Jones,241.0,2018-04-06,2001-01-30,False,p206915,964,0,1,2,18,0,0,0,1,0,0,1,223,179.4,249.4,78.0,50.5,17,69,19,105,9,0.79,1.87,2.66,14.64,,,,,,,[],222,96,79,59,233,128,174,94,0.07,0.0,0.17,0.24,1.37,1.68,165,102,169,71,329,143,408,137,0.84,0.19,9.8,12804,Liverpool,4,1230,1265,1170,1210,1290,1320,12,3,2,4,True,3,22,1940.71777344,Liverpool,Burnley,0.761,0.155,0.085,0.0006066892381157407
48,True,True,100.0,100.0,444884,0,0,-4,4,0,3,0.0,0.0,0,Harvey,0.0,389,False,,2025-12-19T15:00:08.993439Z,51,444884.jpg,1.0,False,Elliott,0.2,False,,a,2,7,4,91743,119,100294,193,0.0,0.8,Elliott,241.0,2025-09-01,2003-04-04,False,p444884,97,0,0,0,2,0,0,0,0,0,0,0,13,8.6,17.8,18.0,4.4,2,3,0,5,1,0.19,0.06,0.25,1.74,,,,,,,"[{'property': 'loan_ineligible', 'notes': 'This player will not be available to face their parent club in Gameweek 37 as part of their loan conditions.', 'gameweek': 37, 'url': None}]",437,198,371,188,358,182,425,191,0.18,0.0,0.06,0.24,1.61,1.86,235,144,746,326,468,219,393,133,0.93,0.0,4.64,25608,Aston Villa,3,1145,1185,1150,1170,1140,1200,2,9,2,3,True,9,22,1923.92321777,Aston Villa,Everton,0.518,0.267,0.215,-0.04452787744028495
308,True,True,100.0,100.0,441266,0,0,2,-2,3,3,5.2,4.2,3,Ryan,4.7,390,False,,2025-10-20T00:30:09.747338Z,57,441266.jpg,4.9,False,Gravenberch,6.4,False,,a,12,14,94,1770636,16680,1083758,27319,0.8,16.5,Gravenberch,152.0,2023-09-01,2002-05-16,False,p441266,1681,4,3,7,22,0,0,0,3,0,0,13,412,422.8,280.2,115.0,81.8,59,80,31,170,19,1.00,1.29,2.29,18.71,,,,,,,[],46,12,64,52,165,96,67,43,0.05,0.0,0.07,0.12,1.0,1.18,120,76,34,17,20,10,63,23,1.02,0.37,9.1,819464,Liverpool,4,1230,1265,1170,1210,1290,1320,12,3,2,4,True,3,22,1940.71777344,Liverpool,Burnley,0.761,0.155,0.085,0.24063881860738215
309,True,True,100.0,100.0,591386,0,0,-2,2,0,3,0.8,-0.2,0,Trey,0.3,396,False,,,43,591386.jpg,1.0,False,Nyoni,0.4,False,,a,12,14,2,95554,110,75913,814,0.1,0.5,Nyoni,241.0,2023-11-11,2007-06-30,False,p591386,2,0,0,0,0,0,0,0,0,0,0,0,5,2.2,10.3,0.0,1.3,0,0,0,0,0,0.00,0.00,0.00,0.00,,,,,,,[],459,211,393,196,588,221,455,209,0.0,0.0,0.0,0.0,0.0,0.0,603,349,356,159,437,193,281,96,0.0,0.0,0.0,51217,Liverpool,4,1230,1265,1170,1210,1290,1320,12,3,2,4,True,3,22,1940.71777344,Liverpool,Burnley,0.761,0.155,0.085,0.11454682242064071
316,True,True,100.0,100.0,88248,0,0,-3,3,0,1,0.5,0.5,0,Stefan,0.0,400,False,,,47,88248.jpg,0.0,False,Ortega Moreno,0.2,False,,a,13,43,0,2995,37,18932,123,0.0,0.0,Ortega Moreno,80.0,2022-07-01,1992-11-06,False,p88248,0,0,0,0,0,0,0,0,0,0,0,0,0,0.0,0.0,0.0,0.0,0,0,0,0,0,0.00,0.00,0.00,0.00,,,,,,,[],729,89,724,85,710,76,729,89,0.0,0.0,0.0,0.0,0.0,0.0,370,16,689,87,729,89,398,60,0.0,0.0,0.0,25608,Man City,4,1250,1305,1210,1230,1290,1380,14,13,4,3,False,14,22,1982.90136719,Man Utd,Man City,0.236,0.236,0.527,-0.7268208145209103
317,True,True,100.0,100.0,122074,0,0,-1,1,0,1,0.5,0.5,0,Marcus,0.0,401,False,,2025-08-22T12:00:07.134628Z,39,122074.jpg,0.0,False,Bettinelli,0.1,False,,a,13,43,0,3694,86,13303,141,0.0,0.0,Bettinelli,241.0,2025-06-10,1992-05-24,False,p122074,0,0,0,0,0,0,0,0,0,0,0,0,0,0.0,0.0,0.0,0.0,0,0,0,0,0,0.00,0.00,0.00,0.00,,,,,,,[],503,38,496,25,456,10,506,38,0.0,0.0,0.0,0.0,0.0,0.0,722,71,445,33,513,38,463,73,0.0,0.0,0.0,12804,Man City,4,1250,1305,1210,1230,1290,1380,14,13,4,3,False,14,22,1982.90136719,Man Utd,Man City,0.236,0.236,0.527,-0.5653350591280815
318,True,True,100.0,0.0,448514,0,0,-3,3,0,2,0.7,0.0,0,Rayan,0.2,402,False,,2025-12-13T14:30:11.538845Z,57,448514.jpg,2.4,False,Aït-Nouri,3.8,False,,a,13,43,12,507316,59,2379396,2291,0.0,2.1,Aït-Nouri,3.0,2025-06-09,2001-06-06,False,p448514,204,0,0,1,2,0,0,0,1,0,0,1,41,46.4,37.8,7.0,9.1,14,8,9,23,3,0.04,0.48,0.52,2.96,,,,,,,[],385,146,331,111,391,144,394,143,0.02,0.0,0.21,0.23,1.31,0.88,121,12,413,148,264,103,90,34,1.32,0.44,10.15,486557,Man City,4,1250,1305,1210,1230,1290,1380,14,13,4,3,False,14,22,1982.90136719,Man Utd,Man City,0.236,0.236,0.527,-0.648516374338694
319,True,True,100.0,100.0,126184,0,0,-2,2,0,2,2.5,2.5,2,Nathan,2.0,405,False,,,53,126184.jpg,2.2,False,Aké,0.6,False,,a,13,43,24,35778,1632,72880,708,0.4,4.5,Aké,152.0,2020-08-05,1995-02-18,False,p126184,394,0,0,2,5,0,0,0,1,0,0,1,103,84.0,66.8,21.0,17.3,24,8,9,33,3,0.28,0.33,0.61,5.57,,,,,,,[],329,125,264,81,348,117,344,120,0.06,0.0,0.08,0.14,1.27,1.14,183,24,199,75,288,112,232,87,0.69,0.46,7.54,76825,Man City,4,1250,1305,1210,1230,1290,1380,14,13,4,3,False,14,22,1982.90136719,Man Utd,Man City,0.236,0.236,0.527,-0.3414566805941578
320,True,True,100.0,100.0,578153,0,0,-1,1,0,2,1.2,1.2,2,Abdukodir,0.7,406,False,,2025-09-21T22:30:06.201489Z,54,578153.jpg,2.1,False,Khusanov,0.3,False,,a,13,43,15,32949,2317,57189,537,0.1,2.8,Khusanov,231.0,2025-01-20,2004-02-29,False,p578153,379,0,0,1,3,0,0,0,1,0,0,0,75,70.2,11.9,0.0,8.3,21,18,11,32,4,0.00,0.04,0.04,5.71,,,,,,,[],347,132,385,141,775,261,402,145,0.0,0.0,0.01,0.01,1.36,0.71,180,22,330,122,304,117,311,115,0.95,0.24,7.6,38412,Man City,4,1250,1305,1210,1230,1290,1380,14,13,4,3,False,14,22,1982.90136719,Man Utd,Man City,0.236,0.236,0.527,-0.268920987818678
321,True,True,100.0,100.0,465351,0,0,0,0,4,2,6.7,6.7,2,Matheus,6.2,407,False,,,55,465351.jpg,4.9,False,Nunes,4.6,False,,a,13,43,94,703719,56507,199666,20450,1.1,17.1,Matheus N.,173.0,2023-09-01,1998-08-27,False,p465351,1575,1,4,7,16,0,0,0,3,0,0,11,391,417.6,237.9,52.0,71.0,90,101,41,131,17,0.25,1.17,1.42,18.81,,,,,4.0,,[],49,23,85,20,283,87,93,25,0.01,0.0,0.07,0.08,1.07,0.91,149,17,14,3,19,8,82,29,0.97,0.4,7.49,588990,Man City,4,1250,1305,1210,1230,1290,1380,14,13,4,3,False,14,22,1982.90136719,Man Utd,Man City,0.236,0.236,0.527,0.5579603380618452
322,True,True,100.0,100.0,477064,0,0,-3,3,1,2,1.0,1.0,1,Rico,0.5,410,False,,2025-09-05T10:00:06.653551Z,47,477064.jpg,2.1,False,Lewis,1.3,False,,a,13,43,19,362354,461,445581,1411,0.1,4.0,Lewis,241.0,2022-07-16,2004-11-21,False,p477064,221,0,1,1,3,0,0,0,0,0,0,2,71,58.6,73.9,33.0,16.5,11,9,3,14,2,0.02,1.22,1.24,2.77,,,,,,,[],365,138,250,71,316,100,347,122,0.01,0.0,0.5,0.51,1.13,1.22,381,67,340,129,299,116,166,64,0.81,0.41,5.7,166454,Man City,4,1250,1305,1210,1230,1290,1380,14,13,4,3,False,14,22,1982.90136719,Man Utd,Man City,0.236,0.236,0.527,-0.10301199972770086
323,True,True,100.0,100.0,472769,0,0,3,-3,0,2,3.3,3.3,1,Nico,2.8,411,False,,2025-09-05T10:00:06.671127Z,53,472769.jpg,4.0,False,O'Reilly,9.5,False,,a,13,43,79,1858999,13869,694895,70223,0.5,14.9,O'Reilly,241.0,2022-12-16,2005-03-21,False,p472769,1476,1,3,8,13,0,0,0,3,0,0,2,311,343.6,256.0,200.0,80.0,65,64,47,112,16,2.06,1.41,3.47,18.76,,,,,,,[],88,40,76,17,87,9,74,15,0.13,0.0,0.09,0.22,1.14,0.79,199,27,145,56,75,32,47,15,0.98,0.49,6.83,1216393,Man City,4,1250,1305,1210,1230,1290,1380,14,13,4,3,False,14,22,1982.90136719,Man Utd,Man City,0.236,0.236,0.527,0.4558153157492049
324,True,True,100.0,100.0,209244,-1,1,7,-7,3,3,4.3,4.3,2,Phil,3.8,414,False,,2025-08-10T23:00:06.538510Z,87,209244.jpg,5.3,False,Foden,34.1,False,,a,13,43,100,6092359,22345,2097857,309378,0.4,11.5,Foden,241.0,2016-12-05,2000-05-28,False,p209244,1567,7,2,9,14,0,0,0,3,0,0,10,431,440.6,650.0,364.0,145.2,20,72,21,113,18,4.95,3.44,8.39,19.10,1.0,,3.0,,,,[],37,11,2,2,32,19,6,4,0.28,0.0,0.2,0.48,1.1,0.8,9,5,75,34,10,6,5,2,1.03,0.52,6.49,4366209,Man City,4,1250,1305,1210,1230,1290,1380,14,13,4,3,False,14,22,1982.90136719,Man Utd,Man City,0.236,0.236,0.527,0.48771631908120616
325,True,True,25.0,25.0,510281,0,0,-1,1,0,3,0.4,0.4,0,Sávio,1.2,415,False,Knock - 25% chance of playing,2026-01-02T00:30:11.916072Z,69,510281.jpg,1.7,False,Moreira de Oliveira,0.4,False,,d,13,43,26,33055,13,109891,780,0.2,3.8,Savinho,30.0,2024-07-18,2004-04-10,False,p510281,531,0,2,2,5,0,0,0,1,0,0,0,87,75.0,138.1,218.0,43.1,9,30,5,44,5,1.28,1.18,2.46,6.39,,,,,,,[],343,153,163,112,74,45,212,106,0.22,0.0,0.2,0.42,1.08,0.85,43,26,283,128,363,161,264,91,0.85,0.34,7.46,51217,Man City,4,1250,1305,1210,1230,1290,1380,14,13,4,3,False,14,22,1982.90136719,Man Utd,Man City,0.236,0.236,0.527,-0.537517664012984
326,True,True,100.0,100.0,165809,0,0,-3,3,0,3,2.8,2.8,2,Bernardo,2.3,416,False,,,62,165809.jpg,2.2,False,Mota Veiga de Carvalho e Silva,0.5,False,,a,13,43,46,68300,1004,112717,1415,0.4,7.4,Bernardo,173.0,2017-07-01,1994-08-10,False,p165809,1493,0,2,7,15,0,0,0,5,0,0,0,231,183.4,321.7,99.0,60.3,34,76,20,130,17,0.63,1.75,2.38,18.69,5.0,,,,,,[],220,95,46,40,199,114,133,73,0.04,0.0,0.11,0.15,1.13,0.9,73,47,184,80,292,128,246,82,1.02,0.42,7.84,64021,Man City,4,1250,1305,1210,1230,1290,1380,14,13,4,3,False,14,22,1982.90136719,Man Utd,Man City,0.236,0.236,0.527,-0.24537474380859256
327,True,True,100.0,100.0,466052,0,0,3,-3,2,3,6.0,6.0,1,Rayan,5.5,417,False,,2025-09-01T10:30:08.352331Z,68,466052.jpg,4.8,False,Cherki,15.7,False,,a,13,43,76,2401978,49646,1398495,120014,0.8,11.2,Cherki,73.0,2025-06-10,2003-08-17,False,p466052,834,2,8,4,7,0,0,0,1,0,0,11,328,338.2,512.3,265.0,111.7,11,52,15,78,10,1.71,5.33,7.04,10.81,2.0,,4.0,,,,[],93,29,12,12,59,38,27,23,0.18,0.0,0.58,0.76,1.17,0.76,47,30,21,12,26,11,22,8,1.08,0.43,8.42,2010249,Man City,4,1250,1305,1210,1230,1290,1380,14,13,4,3,False,14,22,1982.90136719,Man Utd,Man City,0.236,0.236,0.527,0.264041607452546
328,True,True,100.0,100.0,248875,0,0,-1,1,1,3,2.2,2.2,8,Jérémy,1.7,418,False,,2025-12-15T01:30:08.582948Z,64,248875.jpg,3.8,False,Doku,3.0,False,,a,13,43,69,2084874,10583,1961797,6505,0.3,10.8,Doku,21.0,2023-08-24,2002-05-27,False,p248875,1084,1,7,5,11,0,0,0,0,0,0,9,295,295.8,549.3,372.0,121.6,9,51,13,73,12,1.79,4.22,6.01,13.08,,,,,3.0,,[],126,44,6,6,30,17,17,14,0.15,0.0,0.35,0.5,1.09,0.91,58,36,240,105,100,43,106,33,1.0,0.42,6.06,384124,Man City,4,1250,1305,1210,1230,1290,1380,14,13,4,3,False,14,22,1982.90136719,Man Utd,Man City,0.236,0.236,0.527,0.03041438258756395
234,True,True,100.0,100.0,114283,0,0,0,0,2,3,2.3,2.3,-1,Jack,2.3,419,False,,2025-12-27T22:00:11.888873Z,65,114283.jpg,4.0,False,Grealish,9.7,False,,a,9,11,76,3773101,7884,3259102,62979,0.4,11.7,Grealish,241.0,2025-08-12,1995-09-10,False,p114283,1537,2,6,6,23,0,0,0,3,1,0,12,342,371.0,515.9,381.0,126.8,25,82,19,126,17,1.97,3.36,5.33,24.37,,,,,,,"[{'property': 'loan_ineligible', 'notes': 'This player will not be available to face their parent club in Gameweek 35 as part of their loan conditions.', 'gameweek': 35, 'url': None}]",76,24,10,10,27,14,12,10,0.12,0.0,0.2,0.32,1.43,1.35,50,32,186,82,76,34,45,17,1.0,0.35,7.38,1242001,Everton,3,1100,1130,1110,1130,1090,1130,2,9,2,3,False,2,22,1796.4831543,Aston Villa,Everton,0.518,0.267,0.215,0.07309217324926484
329,True,True,100.0,100.0,220566,0,0,-2,2,0,3,1.7,1.7,1,Rodrigo 'Rodri',1.2,421,False,,2025-11-07T16:00:08.654141Z,63,220566.jpg,2.1,False,Hernandez Cascante,0.4,False,,a,13,43,19,48005,1274,90841,993,0.2,3.0,Rodrigo,200.0,2019-07-04,1996-06-22,False,p220566,453,0,0,1,4,0,0,0,0,0,0,1,106,97.4,123.1,29.0,24.9,15,35,15,65,5,0.14,0.66,0.80,6.51,,,,,,,[],313,139,178,119,323,168,304,147,0.03,0.0,0.13,0.16,1.29,0.79,66,44,280,125,305,134,261,89,0.99,0.2,12.91,51217,Man City,4,1250,1305,1210,1230,1290,1380,14,13,4,3,False,14,22,1982.90136719,Man Utd,Man City,0.236,0.236,0.527,-0.30851446926811
330,True,True,100.0,100.0,465694,0,0,-1,1,0,3,3.2,3.2,4,Nico,2.7,423,False,,2026-01-02T00:30:11.938858Z,59,465694.jpg,2.9,False,González Iglesias,0.1,False,,a,13,43,55,26574,230,27376,365,0.5,9.3,N.Gonzalez,200.0,2025-02-03,2002-01-03,False,p465694,1331,1,0,7,13,0,0,0,4,0,0,1,287,269.0,183.5,64.0,51.6,63,76,33,172,15,0.56,0.91,1.47,15.72,,,,,,,[],149,52,117,84,263,142,168,91,0.04,0.0,0.06,0.1,1.06,0.88,99,64,163,67,205,91,439,149,1.01,0.47,11.63,12804,Man City,4,1250,1305,1210,1230,1290,1380,14,13,4,3,False,14,22,1982.90136719,Man Utd,Man City,0.236,0.236,0.527,-0.014865616311399444
331,True,True,25.0,25.0,477555,0,0,-4,4,0,3,0.1,0.1,0,Oscar,0.0,424,False,Hamstring injury - 25% chance of playing,2025-12-18T01:30:09.837246Z,51,477555.jpg,2.0,False,Bobb,0.2,False,,d,13,43,18,81574,7,94566,198,0.0,3.5,Bobb,161.0,2022-01-06,2003-07-12,False,p477555,464,0,1,2,5,0,0,0,1,0,0,0,82,69.8,154.3,87.0,31.2,3,18,8,29,5,0.40,1.15,1.55,5.10,,,,,,,[],349,155,149,103,218,121,277,135,0.08,0.0,0.22,0.3,0.99,0.97,237,145,747,327,317,140,377,129,0.97,0.39,5.62,25608,Man City,4,1250,1305,1210,1230,1290,1380,14,13,4,3,False,14,22,1982.90136719,Man Utd,Man City,0.236,0.236,0.527,-0.07375950948109458
405,True,True,100.0,100.0,432714,0,0,-5,5,0,3,-0.8,0.2,0,James,0.2,426,False,,,50,432714.jpg,0.9,False,McAtee,0.1,False,,a,16,17,6,11727,73,25086,171,0.0,1.2,McAtee,241.0,2025-08-16,2002-10-18,False,p432714,169,0,0,0,7,0,0,0,1,0,0,0,24,16.2,44.9,8.0,7.0,1,6,4,11,1,0.02,0.17,0.19,3.56,,,,,,,[],427,191,315,174,382,190,408,185,0.01,0.0,0.09,0.1,1.9,3.73,256,157,407,188,480,226,483,168,0.53,0.0,5.86,12804,Nott'm Forest,3,1100,1130,1100,1110,1100,1150,16,1,4,3,True,1,22,1767.03271484,Nott'm Forest,Arsenal,0.168,0.237,0.596,-0.36288811017846956
332,True,True,100.0,100.0,433036,0,0,-3,3,1,3,5.8,5.8,2,Tijjani,5.3,427,False,,,52,433036.jpg,3.9,False,Reijnders,12.4,False,,a,13,43,78,3467069,22353,4508680,23989,1.0,15.0,Reijnders,152.0,2025-06-10,1998-07-29,False,p433036,1332,5,2,6,15,0,0,0,2,0,0,6,305,318.8,292.3,360.0,96.6,26,46,8,80,16,3.61,1.75,5.36,15.83,3.0,,,,,,[],110,37,61,49,34,20,42,31,0.24,0.0,0.12,0.36,1.07,1.01,213,132,22,13,82,37,32,11,1.08,0.41,5.41,1587712,Man City,4,1250,1305,1210,1230,1290,1380,14,13,4,3,False,14,22,1982.90136719,Man Utd,Man City,0.236,0.236,0.527,-0.13059726428201288
333,True,True,100.0,100.0,155405,0,0,-2,2,0,3,0.5,0.5,0,Kalvin,0.0,429,False,,,48,155405.jpg,0.0,False,Phillips,0.1,False,,a,13,43,0,3856,44,7665,67,0.0,0.0,Phillips,241.0,2022-07-04,1995-12-02,False,p155405,0,0,0,0,0,0,0,0,0,0,0,0,0,0.0,0.0,0.0,0.0,0,0,0,0,0,0.00,0.00,0.00,0.00,,,,,,,[],732,311,727,311,714,307,732,311,0.0,0.0,0.0,0.0,0.0,0.0,345,215,697,292,732,311,533,189,0.0,0.0,0.0,12804,Man City,4,1250,1305,1210,1230,1290,1380,14,13,4,3,False,14,22,1982.90136719,Man Utd,Man City,0.236,0.236,0.527,-0.3306136620085062
334,True,True,100.0,100.0,223094,0,0,11,-11,8,4,7.3,7.3,6,Erling,6.8,430,True,,2025-09-24T06:00:06.159318Z,151,223094.jpg,7.8,False,Haaland,74.2,False,,a,13,43,163,6590102,18465,933158,10945,0.5,10.8,Haaland,161.0,2022-07-01,2000-07-21,False,p223094,1822,20,4,10,18,0,0,1,0,0,0,31,666,828.6,152.7,1021.0,200.4,34,26,11,71,21,18.47,1.26,19.73,22.69,,,,,1.0,,[],1,1,152,12,1,1,1,1,0.91,0.0,0.06,0.97,1.12,0.89,1,1,5,2,1,1,1,1,1.04,0.49,3.51,9500666,Man City,4,1250,1305,1210,1230,1290,1380,14,13,4,3,False,14,22,1982.90136719,Man Utd,Man City,0.236,0.236,0.527,0.7519272230389485
343,True,True,100.0,100.0,451302,-1,1,-3,3,0,1,-0.5,0.0,0,Altay,0.0,431,False,,,47,451302.jpg,1.8,False,Bayındır,0.3,False,,a,14,1,11,34627,85,58915,350,0.0,2.3,Bayindir,219.0,2023-09-01,1998-04-14,False,p451302,540,0,0,0,11,0,0,0,0,0,13,0,49,118.4,10.0,0.0,12.8,7,39,0,0,6,0.00,0.05,0.05,9.24,,,,,,,[],285,23,400,9,711,77,366,23,0.0,2.17,0.01,0.01,1.54,1.83,378,17,692,88,342,28,301,40,1.0,0.0,0.0,38412,Man Utd,3,1135,1205,1100,1150,1170,1260,14,13,4,3,True,13,22,1824.42858887,Man Utd,Man City,0.236,0.236,0.527,-0.2596480725235723
344,True,True,100.0,100.0,21205,0,0,-1,1,0,1,-0.5,0.0,0,Tom,0.0,434,False,,,39,21205.jpg,0.0,False,Heaton,0.3,False,,a,14,1,0,14351,179,20662,274,0.0,0.0,Heaton,241.0,2021-07-02,1986-04-15,False,p21205,0,0,0,0,0,0,0,0,0,0,0,0,0,0.0,0.0,0.0,0.0,0,0,0,0,0,0.00,0.00,0.00,0.00,,,,,,,[],496,31,488,17,448,2,499,31,0.0,0.0,0.0,0.0,0.0,0.0,713,63,436,25,506,31,326,44,0.0,0.0,0.0,38412,Man Utd,3,1135,1205,1100,1150,1170,1260,14,13,4,3,True,13,22,1824.42858887,Man Utd,Man City,0.236,0.236,0.527,-0.18024733670351012
345,True,True,100.0,100.0,461537,0,0,-1,1,0,1,-0.5,0.0,0,Dermot,0.0,435,False,,,39,461537.jpg,0.0,False,Mee,0.1,False,,a,14,1,0,4736,86,7389,92,0.0,0.0,Mee,242.0,2023-07-24,2002-11-20,False,p461537,0,0,0,0,0,0,0,0,0,0,0,0,0,0.0,0.0,0.0,0.0,0,0,0,0,0,0.00,0.00,0.00,0.00,,,,,,,[],513,46,506,33,467,18,516,46,0.0,0.0,0.0,0.0,0.0,0.0,737,79,455,41,523,46,460,71,0.0,0.0,0.0,12804,Man Utd,3,1135,1205,1100,1150,1170,1260,14,13,4,3,True,13,22,1824.42858887,Man Utd,Man City,0.236,0.236,0.527,-0.2188041237113402
346,True,True,25.0,25.0,209365,0,0,-1,1,0,2,-0.1,0.0,0,Matthijs,0.0,436,False,Back injury - 25% chance of playing,2025-12-05T00:30:07.892711Z,49,209365.jpg,3.3,False,de Ligt,2.0,False,,d,14,1,43,419022,97,524457,3170,0.0,8.8,De Ligt,152.0,2024-08-13,1999-08-12,False,p209365,1170,1,0,1,20,0,0,0,0,0,0,5,169,276.6,60.2,122.0,45.7,88,40,19,107,13,1.38,0.83,2.21,18.73,,,,,,,[],143,62,287,94,160,30,195,66,0.11,0.0,0.06,0.17,1.44,1.54,299,50,712,251,141,55,132,52,1.0,0.08,8.23,256083,Man Utd,3,1135,1205,1100,1150,1170,1260,14,13,4,3,True,13,22,1824.42858887,Man Utd,Man City,0.236,0.236,0.527,-0.11175129494138185
347,True,True,100.0,100.0,221820,0,0,-2,2,0,2,2.7,3.2,1,Lisandro,3.2,437,False,,2025-08-10T23:00:06.577034Z,48,221820.jpg,2.4,False,Martínez,0.5,False,,a,14,1,22,72855,3056,34781,5357,0.7,4.6,Martinez,10.0,2022-07-17,1998-01-18,False,p221820,454,0,0,1,6,0,0,0,0,0,0,2,87,116.8,51.7,6.0,17.6,34,29,4,38,4,0.05,0.20,0.25,4.16,,,,,,,[],289,109,301,100,397,148,342,118,0.01,0.0,0.04,0.05,0.82,1.19,356,63,112,42,256,102,247,94,0.79,0.2,7.53,64021,Man Utd,3,1135,1205,1100,1150,1170,1260,14,13,4,3,True,13,22,1824.42858887,Man Utd,Man City,0.236,0.236,0.527,0.3537292355717418
348,True,True,100.0,100.0,661712,0,0,-3,3,0,2,-0.5,0.0,0,Diego,0.0,439,False,,,42,661712.jpg,0.0,False,León Blanco,0.1,False,,a,14,1,0,2906,28,7916,74,0.0,0.0,D.Leon,168.0,2025-07-05,2007-04-03,False,p661712,0,0,0,0,0,0,0,0,0,0,0,0,0,0.0,0.0,0.0,0.0,0,0,0,0,0,0.00,0.00,0.00,0.00,,,,,,,[],603,242,600,242,568,239,607,243,0.0,0.0,0.0,0.0,0.0,0.0,636,156,553,228,613,242,554,200,0.0,0.0,0.0,12804,Man Utd,3,1135,1205,1100,1150,1170,1260,14,13,4,3,True,13,22,1824.42858887,Man Utd,Man City,0.236,0.236,0.527,-0.4629458510441693
349,True,True,100.0,100.0,216051,0,0,0,0,2,2,2.8,3.3,1,Diogo,3.3,440,False,,2025-12-05T17:00:09.775964Z,45,216051.jpg,3.4,False,Dalot Teixeira,4.3,False,,a,14,1,65,671863,2499,374413,43169,0.7,14.4,Dalot,173.0,2018-06-08,1999-03-18,False,p216051,1404,1,5,3,26,0,0,0,2,0,0,5,209,304.6,276.4,111.0,69.2,71,69,27,98,16,1.23,1.51,2.74,20.91,,,,,,,[],118,50,67,14,171,36,97,27,0.08,0.0,0.1,0.18,1.34,1.67,408,79,97,33,128,50,84,30,1.03,0.19,6.28,550578,Man Utd,3,1135,1205,1100,1150,1170,1260,14,13,4,3,True,13,22,1824.42858887,Man Utd,Man City,0.236,0.236,0.527,0.2842940103758473
350,True,True,100.0,100.0,596777,0,0,-3,3,1,2,4.7,5.2,5,Patrick,5.2,441,False,,,42,596777.jpg,2.5,False,Dorgu,7.1,False,,a,14,1,51,1212250,21023,1062017,31487,1.2,12.1,Dorgu,58.0,2025-02-02,2004-10-26,False,p596777,1159,1,3,2,19,0,0,0,5,0,0,5,198,314.8,338.0,195.0,84.8,44,57,41,85,12,1.27,1.40,2.67,17.53,,,,,,,[],113,47,39,4,92,11,59,8,0.1,0.0,0.11,0.21,1.36,1.48,635,155,24,5,242,93,57,18,0.93,0.16,6.6,909093,Man Utd,3,1135,1205,1100,1150,1170,1260,14,13,4,3,True,13,22,1824.42858887,Man Utd,Man City,0.236,0.236,0.527,0.06605776718388826
351,True,True,100.0,25.0,95658,0,0,-2,2,1,2,-0.5,0.0,0,Harry,0.0,442,False,,2025-11-08T18:30:08.844225Z,43,95658.jpg,4.1,False,Maguire,0.5,False,,a,14,1,33,73153,491,122519,366,0.0,7.7,Maguire,241.0,2019-08-05,1993-03-05,False,p95658,341,1,1,2,4,0,0,0,0,0,0,3,83,86.8,16.3,40.0,14.3,22,13,1,23,4,0.32,0.02,0.34,6.70,,,,,,,[],323,122,375,136,299,93,360,128,0.08,0.0,0.01,0.09,1.77,1.06,557,120,554,229,65,27,253,97,1.06,0.53,6.07,64021,Man Utd,3,1135,1205,1100,1150,1170,1260,14,13,4,3,True,13,22,1824.42858887,Man Utd,Man City,0.236,0.236,0.527,-0.252289545770473
352,True,True,100.0,100.0,106760,0,0,0,0,0,2,1.7,2.2,1,Luke,2.2,443,False,,,45,106760.jpg,2.2,False,Shaw,0.6,False,,a,14,1,47,122461,881,86781,3896,0.5,10.4,Shaw,241.0,2014-07-01,1995-07-12,False,p106760,1818,0,1,3,29,0,0,0,3,0,0,0,215,322.4,214.5,33.0,57.0,73,62,44,117,21,0.08,1.18,1.26,24.93,,,,,,,[],106,45,95,24,315,99,144,48,0.0,0.0,0.06,0.06,1.23,1.44,398,74,190,70,285,111,225,84,1.04,0.15,5.79,76825,Man Utd,3,1135,1205,1100,1150,1170,1260,14,13,4,3,True,13,22,1824.42858887,Man Utd,Man City,0.236,0.236,0.527,0.17052025883904762
353,True,True,100.0,100.0,550864,0,0,-3,3,0,2,0.7,1.2,1,Leny,1.2,444,False,,,42,550864.jpg,1.7,False,Yoro,1.3,False,,a,14,1,35,198850,490,280872,2679,0.3,8.3,Yoro,73.0,2024-07-19,2005-11-13,False,p550864,1133,0,1,1,24,0,0,0,0,0,0,1,105,194.6,61.3,73.0,32.8,72,49,22,94,12,0.68,0.24,0.92,17.22,,,,,,,[],206,83,280,91,243,66,267,90,0.05,0.0,0.02,0.07,1.37,1.91,632,153,268,103,351,131,159,62,0.95,0.08,7.47,166454,Man Utd,3,1135,1205,1100,1150,1170,1260,14,13,4,3,True,13,22,1824.42858887,Man Utd,Man City,0.236,0.236,0.527,-0.17097819153593122
354,True,True,100.0,100.0,547676,0,0,-2,2,0,2,-0.3,0.2,0,Tyler,0.2,446,False,,,38,547676.jpg,1.0,False,Fredricson,0.1,False,,a,14,1,1,9672,74,13005,150,0.1,0.3,Fredricson,241.0,2022-09-07,2005-02-23,False,p547676,2,0,0,0,0,0,0,0,0,0,0,0,4,4.0,0.0,0.0,0.4,2,0,0,2,0,0.00,0.00,0.00,0.30,,,,,,,[],451,165,483,186,442,175,465,166,0.0,0.0,0.0,0.0,13.5,0.0,787,253,378,136,425,157,422,158,0.0,0.0,90.0,12804,Man Utd,3,1135,1205,1100,1150,1170,1260,14,13,4,3,True,13,22,1824.42858887,Man Utd,Man City,0.236,0.236,0.527,-0.14697711337478503
355,True,True,100.0,100.0,606745,0,0,-1,1,0,2,2.7,3.2,0,Ayden,3.2,447,False,,2025-10-14T13:00:06.698643Z,39,606745.jpg,2.5,False,Heaven,2.7,False,,a,14,1,25,365490,4894,206034,12203,0.8,6.4,Heaven,241.0,2025-02-01,2006-09-22,False,p606745,635,0,1,1,12,1,0,0,1,0,0,0,104,174.6,27.2,26.0,22.8,54,29,16,70,8,0.34,0.17,0.51,7.95,,,,,,,[],226,92,347,123,328,106,313,104,0.05,0.0,0.02,0.07,1.13,1.7,761,227,108,39,241,92,111,45,1.13,0.14,9.92,345712,Man Utd,3,1135,1205,1100,1150,1170,1260,14,13,4,3,True,13,22,1824.42858887,Man Utd,Man City,0.236,0.236,0.527,0.27900140676507024
356,True,True,100.0,100.0,222690,0,0,-2,2,0,2,-0.3,0.2,0,Tyrell,0.2,448,False,,,38,222690.jpg,1.0,False,Malacia,0.4,False,,a,14,1,1,50859,289,50117,786,0.1,0.3,Malacia,152.0,2022-07-05,1999-08-17,False,p222690,2,0,0,0,0,0,0,0,0,0,0,0,3,3.0,0.0,0.0,0.3,1,0,1,2,0,0.00,0.00,0.00,0.30,,,,,,,[],455,166,471,174,430,163,470,168,0.0,0.0,0.0,0.0,13.5,0.0,770,236,377,135,424,156,266,101,0.0,0.0,90.0,51217,Man Utd,3,1135,1205,1100,1150,1170,1260,14,13,4,3,True,13,22,1824.42858887,Man Utd,Man City,0.236,0.236,0.527,0.00734828077959119
357,True,True,100.0,75.0,141746,0,0,1,-1,3,3,3.0,2.6,7,Bruno,3.5,449,True,,2025-12-21T21:30:09.265444Z,91,141746.jpg,5.9,False,Borges Fernandes,12.6,False,,a,14,1,106,3983235,178851,5176872,17535,0.4,11.6,B.Fernandes,173.0,2020-01-30,1994-09-08,False,p141746,1535,5,8,1,28,0,0,2,2,0,0,19,479,632.0,823.4,335.0,179.3,48,97,30,175,18,7.07,5.09,12.16,22.78,1.0,,1.0,,1.0,,[],4,1,1,1,38,22,2,1,0.41,0.0,0.3,0.71,1.34,1.64,6,4,94,44,7,4,29,10,1.06,0.06,10.26,1613321,Man Utd,3,1135,1205,1100,1150,1170,1260,14,13,4,3,True,13,22,1824.42858887,Man Utd,Man City,0.236,0.236,0.527,-0.13030819399817054
358,True,True,100.0,100.0,430871,0,0,2,-2,0,3,4.8,5.3,2,Matheus,5.3,450,False,,2025-11-25T00:00:08.817052Z,82,430871.jpg,3.7,False,Santos Carneiro da Cunha,12.4,False,,a,14,1,66,2581838,12058,2036190,161792,0.6,8.0,Cunha,30.0,2025-06-01,1999-05-27,False,p430871,1372,4,1,3,21,0,0,0,1,0,0,6,282,325.8,305.9,463.0,109.6,24,71,17,112,16,4.88,1.98,6.86,19.44,,,,,,,[],103,35,50,43,14,6,31,26,0.32,0.0,0.13,0.45,1.28,1.38,13,8,23,14,106,46,33,12,1.05,0.2,7.35,1587712,Man Utd,3,1135,1205,1100,1150,1170,1260,14,13,4,3,True,13,22,1824.42858887,Man Utd,Man City,0.236,0.236,0.527,0.11815606141842362
359,True,True,100.0,0.0,493250,-1,1,-3,3,0,3,0.7,0.0,0,Amad,1.2,452,False,,2025-12-13T14:30:11.647420Z,62,493250.jpg,3.7,False,Diallo,0.9,False,,a,14,1,56,237101,653,473540,1488,0.2,9.0,Amad,54.0,2021-01-07,2002-07-11,False,p493250,1203,2,4,2,18,0,0,0,1,0,0,6,283,287.2,392.2,301.0,98.2,26,59,22,107,14,3.58,2.78,6.36,15.45,,,,,,,[],131,46,28,27,47,29,40,30,0.27,0.0,0.21,0.48,1.16,1.35,78,51,279,124,105,45,187,65,1.05,0.15,8.0,115237,Man Utd,3,1135,1205,1100,1150,1170,1260,14,13,4,3,True,13,22,1824.42858887,Man Utd,Man City,0.236,0.236,0.527,-0.3327122977706043
190,True,True,100.0,100.0,493105,0,0,-1,1,1,3,1.7,1.7,0,Alejandro,1.7,453,False,,,64,493105.jpg,3.0,False,Garnacho Ferreyra,0.5,False,,a,7,8,39,206487,597,191898,2889,0.3,6.1,Garnacho,10.0,2025-08-30,2004-07-01,False,p493105,759,1,3,4,10,0,0,0,1,0,0,2,143,136.2,227.8,259.0,61.7,6,30,7,43,10,1.90,2.50,4.40,14.13,,,,,,,[],266,116,91,67,60,39,128,69,0.23,0.0,0.3,0.53,1.68,1.19,62,40,242,107,197,85,251,84,1.19,0.47,5.1,64021,Chelsea,3,1180,1190,1140,1160,1220,1220,7,5,3,3,True,5,22,1882.60693359,Chelsea,Brentford,0.579,0.234,0.187,0.03662035468202869
360,True,True,100.0,75.0,184341,0,0,-1,1,0,3,0.5,0.8,1,Mason,1.0,455,False,,2025-12-27T16:30:08.828421Z,59,184341.jpg,2.8,False,Mount,0.4,False,,a,14,1,45,180431,481,173241,4058,0.2,7.6,Mount,241.0,2023-07-05,1999-01-10,False,p184341,811,3,0,3,14,0,0,0,0,0,0,3,161,162.4,198.5,158.0,51.9,7,41,14,62,10,1.54,1.40,2.94,10.30,3.0,,,,,,[],238,103,102,72,121,71,165,89,0.17,0.0,0.16,0.33,1.14,1.55,95,61,296,132,220,97,259,87,1.11,0.33,6.88,51217,Man Utd,3,1135,1205,1100,1150,1170,1260,14,13,4,3,True,13,22,1824.42858887,Man Utd,Man City,0.236,0.236,0.527,0.020329570901852563
49,True,True,100.0,100.0,209243,0,0,-2,2,0,3,1.2,1.2,3,Jadon,1.2,456,False,,2025-12-13T19:30:11.153931Z,58,209243.jpg,1.3,False,Sancho,0.2,False,,a,2,7,14,37079,440,41662,390,0.2,2.4,Sancho,241.0,2025-09-01,2000-03-25,False,p209243,302,0,0,1,2,0,0,0,0,0,0,0,44,39.0,85.4,105.0,23.1,8,7,1,16,2,0.38,0.59,0.97,4.11,,,,,,,"[{'property': 'loan_ineligible', 'notes': 'This player will not be available to face their parent club in Gameweek 30 as part of their loan conditions.', 'gameweek': 30, 'url': None}]",395,174,228,142,185,105,311,151,0.11,0.0,0.18,0.29,1.22,0.6,105,68,276,122,413,186,376,128,0.6,0.3,4.77,25608,Aston Villa,3,1145,1185,1150,1170,1140,1200,2,9,2,3,True,9,22,1923.92321777,Aston Villa,Everton,0.518,0.267,0.215,-0.05820347722279372
361,True,True,100.0,100.0,61256,0,0,0,0,2,3,3.8,4.3,4,Carlos Henrique,4.3,457,False,,2025-12-15T23:00:11.358129Z,55,61256.jpg,4.6,False,Casimiro,1.4,False,,a,14,1,87,366392,3020,240267,12627,0.8,15.8,Casemiro,30.0,2022-08-22,1992-02-23,False,p61256,1304,4,3,4,17,0,0,0,5,1,0,11,322,394.4,274.0,252.0,92.2,59,75,44,178,18,3.08,1.57,4.65,14.90,,,,,,,[],53,14,68,53,62,41,47,35,0.21,0.0,0.11,0.32,1.03,1.17,135,84,45,22,34,15,156,53,1.24,0.28,12.29,179258,Man Utd,3,1135,1205,1100,1150,1170,1260,14,13,4,3,True,13,22,1824.42858887,Man Utd,Man City,0.236,0.236,0.527,0.20790097896841553
362,True,True,100.0,25.0,516895,0,0,-4,4,0,3,-0.2,0.1,1,Kobbie,0.3,458,False,,2025-12-21T22:30:11.933542Z,46,516895.jpg,1.0,False,Mainoo,0.4,False,,a,14,1,12,48777,1167,97485,729,0.1,2.6,Mainoo,241.0,2022-10-15,2005-04-19,False,p516895,228,0,0,0,7,0,0,0,0,0,0,0,48,48.4,90.1,18.0,15.7,8,14,6,28,0,0.09,0.26,0.35,4.26,,,,,,,[],382,169,222,139,357,181,351,167,0.04,0.0,0.1,0.14,1.68,2.76,390,241,362,164,456,210,271,92,0.0,0.0,11.05,51217,Man Utd,3,1135,1205,1100,1150,1170,1260,14,13,4,3,True,13,22,1824.42858887,Man Utd,Man City,0.236,0.236,0.527,-0.3330188292242688
363,True,True,100.0,100.0,232112,0,0,-3,3,0,3,1.8,2.3,2,Manuel,2.3,459,False,,,47,232112.jpg,1.9,False,Ugarte Ribeiro,0.2,False,,a,14,1,28,26194,617,30553,904,0.5,6.0,Ugarte,230.0,2024-08-30,2001-04-11,False,p232112,721,0,0,1,18,0,0,0,1,0,0,0,144,114.2,60.7,32.0,20.5,30,44,38,112,7,0.31,0.15,0.46,13.36,,,,,,,[],292,131,283,163,318,167,325,160,0.04,0.0,0.02,0.06,1.67,2.25,376,234,175,74,325,142,385,130,0.87,0.12,13.98,25608,Man Utd,3,1135,1205,1100,1150,1170,1260,14,13,4,3,True,13,22,1824.42858887,Man Utd,Man City,0.236,0.236,0.527,-0.0768146333726893
364,True,True,100.0,100.0,556639,-1,1,-2,2,0,3,-0.5,0.0,0,Jayce,0.0,461,False,,,43,556639.jpg,0.0,False,Fitzgerald,0.0,False,,a,14,1,0,2472,40,4240,60,0.0,0.0,Fitzgerald,,,,False,p556639,0,0,0,0,0,0,0,0,0,0,0,0,0,0.0,0.0,0.0,0.0,0,0,0,0,0,0.00,0.00,0.00,0.00,,,,,,,[],618,228,616,233,586,219,621,230,0.0,0.0,0.0,0.0,0.0,0.0,600,347,575,206,628,237,604,231,0.0,0.0,0.0,0,Man Utd,3,1135,1205,1100,1150,1170,1260,14,13,4,3,True,13,22,1824.42858887,Man Utd,Man City,0.236,0.236,0.527,-0.2634088200238379
365,True,True,100.0,100.0,547037,0,0,-2,2,0,3,0.0,0.5,0,Jack,0.5,462,False,,,43,547037.jpg,1.0,False,Fletcher,0.1,False,,a,14,1,3,11596,351,8965,445,0.1,0.7,J.Fletcher,241.0,2024-07-12,2007-03-19,False,p547037,107,0,0,0,0,0,0,0,0,0,0,0,10,18.6,24.4,5.0,4.8,2,4,5,11,0,0.03,0.02,0.05,1.86,,,,,,,[],423,188,353,184,400,197,420,188,0.03,0.0,0.02,0.05,1.56,0.0,597,344,335,150,435,192,481,167,0.0,0.0,9.25,12804,Man Utd,3,1135,1205,1100,1150,1170,1260,14,13,4,3,True,13,22,1824.42858887,Man Utd,Man City,0.236,0.236,0.527,0.12796070230047177
366,True,True,100.0,100.0,618873,0,0,-2,2,0,3,-0.5,0.0,0,Sékou,0.0,463,False,,,43,618873.jpg,0.0,False,Koné,0.1,False,,a,14,1,0,8392,94,11405,189,0.0,0.0,Kone,132.0,2025-02-15,2006-02-03,False,p618873,0,0,0,0,0,0,0,0,0,0,0,0,0,0.0,0.0,0.0,0.0,0,0,0,0,0,0.00,0.00,0.00,0.00,,,,,,,[],624,232,622,237,593,224,627,234,0.0,0.0,0.0,0.0,0.0,0.0,610,354,583,211,634,241,479,165,0.0,0.0,0.0,12804,Man Utd,3,1135,1205,1100,1150,1170,1260,14,13,4,3,True,13,22,1824.42858887,Man Utd,Man City,0.236,0.236,0.527,-0.1521947769864121
367,True,True,100.0,100.0,458249,0,0,-2,2,0,4,2.2,2.7,1,Joshua,2.7,466,False,,2025-08-10T23:00:06.602693Z,58,458249.jpg,2.4,False,Zirkzee,0.5,False,,a,14,1,33,102009,1158,108690,3823,0.5,5.7,Zirkzee,152.0,2024-07-17,2001-05-22,False,p458249,481,2,1,1,7,0,0,0,1,0,0,6,116,141.0,129.2,166.0,43.3,11,16,7,34,4,1.77,0.29,2.06,6.41,,,,,,,[],261,22,170,15,115,31,209,25,0.33,0.0,0.05,0.38,1.2,1.31,108,30,161,19,265,26,248,40,0.75,0.19,6.36,64021,Man Utd,3,1135,1205,1100,1150,1170,1260,14,13,4,3,True,13,22,1824.42858887,Man Utd,Man City,0.236,0.236,0.527,-0.03170874090527245
368,True,True,100.0,100.0,596047,0,0,-3,3,0,4,-0.5,0.0,0,Chido,0.0,467,False,,,42,596047.jpg,0.0,False,Obi,1.8,False,,a,14,1,0,251917,4976,309916,7568,0.0,0.0,Obi,58.0,2025-02-15,2007-11-29,False,p596047,0,0,0,0,0,0,0,0,0,0,0,0,0,0.0,0.0,0.0,0.0,0,0,0,0,0,0.00,0.00,0.00,0.00,,,,,,,[],602,59,599,59,567,59,606,60,0.0,0.0,0.0,0.0,0.0,0.0,634,87,552,49,612,60,143,20,0.0,0.0,0.0,230474,Man Utd,3,1135,1205,1100,1150,1170,1260,14,13,4,3,True,13,22,1824.42858887,Man Utd,Man City,0.236,0.236,0.527,-0.1032317432404291
377,True,True,100.0,100.0,98747,0,0,1,-1,1,1,1.7,1.7,2,Nick,1.7,469,False,,2025-11-30T11:00:09.029807Z,51,98747.jpg,4.3,False,Pope,5.1,False,,a,15,4,65,1450228,11017,1411719,6504,0.3,12.7,Pope,241.0,2022-06-23,1992-04-19,False,p98747,1336,0,1,6,17,0,0,0,1,0,45,3,267,358.2,0.0,0.0,35.8,24,130,1,0,15,0.00,0.00,0.00,16.16,,,,,,,[],83,14,766,89,759,85,249,14,0.0,3.03,0.0,0.0,1.09,1.15,224,6,232,19,49,2,77,13,1.01,0.4,0.0,653011,Newcastle,3,1160,1220,1170,1180,1150,1260,20,15,3,2,False,20,22,1876.20507812,Wolves,Newcastle,0.213,0.246,0.541,0.013455525207140454
81,True,True,100.0,100.0,67089,0,0,0,0,2,1,2.8,3.3,3,Martin,3.3,470,False,,2025-08-11T10:30:07.723845Z,40,67089.jpg,3.0,False,Dúbravka,33.1,False,,a,3,90,63,1442599,14905,1108886,29788,0.8,15.8,Dúbravka,194.0,2025-08-07,1989-01-15,False,p67089,1890,0,0,3,41,0,0,0,0,0,77,5,276,600.2,0.0,0.0,60.2,42,168,0,0,21,0.00,0.03,0.03,42.20,,,,,,,[],5,1,531,48,493,33,134,2,0.0,3.67,0.0,0.0,2.01,1.95,643,41,95,8,186,15,7,2,1.0,0.14,0.0,4238168,Burnley,3,1055,1095,1010,1090,1100,1100,12,3,2,4,False,12,22,1687.70825195,Liverpool,Burnley,0.761,0.155,0.085,0.13079167621992682
378,True,True,100.0,100.0,81441,0,0,-1,1,0,1,0.0,0.0,0,Mark,0.0,471,False,,,39,81441.jpg,0.0,False,Gillespie,0.1,False,,a,15,4,0,5940,61,9431,97,0.0,0.0,Gillespie,241.0,2020-07-27,1992-03-27,False,p81441,0,0,0,0,0,0,0,0,0,0,0,0,0,0.0,0.0,0.0,0.0,0,0,0,0,0,0.00,0.00,0.00,0.00,,,,,,,[],500,35,493,22,453,7,503,35,0.0,0.0,0.0,0.0,0.0,0.0,718,68,441,30,510,35,424,64,0.0,0.0,0.0,12804,Newcastle,3,1160,1220,1170,1180,1150,1260,20,15,3,2,False,20,22,1876.20507812,Wolves,Newcastle,0.213,0.246,0.541,-0.22711599765792725
379,True,True,100.0,100.0,487838,0,0,-2,2,0,2,3.7,3.7,4,Lewis,3.7,473,False,,2026-01-02T13:00:09.395222Z,53,487838.jpg,3.0,False,Hall,2.9,False,,a,15,4,42,437315,20672,313304,6068,0.7,7.9,Hall,241.0,2024-07-01,2004-09-08,False,p487838,940,0,2,2,16,0,0,0,1,0,0,1,187,256.4,177.0,86.0,51.9,57,49,27,84,10,0.49,1.52,2.01,14.24,4.0,,,,,,[],167,71,124,29,220,56,164,53,0.05,0.0,0.15,0.2,1.36,1.53,201,29,82,28,195,78,110,44,0.96,0.19,8.04,371320,Newcastle,3,1160,1220,1170,1180,1150,1260,20,15,3,2,False,20,22,1876.20507812,Wolves,Newcastle,0.213,0.246,0.541,0.16521164532206087
380,True,True,100.0,100.0,220237,0,0,-1,1,0,2,0.7,0.7,4,Sven,0.7,475,False,,2025-11-28T18:30:07.166361Z,49,220237.jpg,3.3,False,Botman,0.3,False,,a,15,4,36,64341,864,94082,200,0.1,7.3,Botman,152.0,2022-06-28,2000-01-12,False,p220237,700,0,1,3,11,1,0,0,0,0,0,4,139,197.8,45.4,52.0,29.4,65,39,5,70,8,0.27,0.25,0.52,9.48,,,,,,,[],203,81,313,105,282,86,285,94,0.03,0.0,0.03,0.06,1.22,1.41,305,51,318,119,142,56,297,111,1.03,0.39,9.0,38412,Newcastle,3,1160,1220,1170,1180,1150,1260,20,15,3,2,False,20,22,1876.20507812,Wolves,Newcastle,0.213,0.246,0.541,-0.1877315793792568
381,True,True,100.0,100.0,441191,0,0,-1,1,0,2,0.7,0.7,1,Tino,0.7,477,False,,2025-12-18T01:30:10.275412Z,49,441191.jpg,3.8,False,Livramento,2.2,False,,a,15,4,49,1089106,3201,1329353,2070,0.1,10.0,Livramento,241.0,2023-08-08,2002-11-12,False,p441191,1048,0,1,5,10,0,0,0,1,0,0,3,218,190.8,178.1,36.0,40.5,39,68,19,58,11,0.12,0.57,0.69,11.00,,,,,,,[],212,86,123,28,308,96,220,73,0.01,0.0,0.05,0.06,0.94,0.86,320,55,320,120,92,36,123,49,0.94,0.43,4.98,281691,Newcastle,3,1160,1220,1170,1180,1150,1260,20,15,3,2,False,20,22,1876.20507812,Wolves,Newcastle,0.213,0.246,0.541,-0.0993388765325358
382,True,True,100.0,100.0,77794,0,0,-1,1,0,2,0.0,0.0,0,Kieran,0.0,478,False,,2025-11-28T18:30:07.183281Z,49,77794.jpg,3.3,False,Trippier,1.3,False,,a,15,4,30,226690,893,362370,576,0.0,6.1,Trippier,241.0,2022-01-07,1990-09-19,False,p77794,699,0,0,4,10,0,0,0,1,0,0,2,121,113.0,230.7,4.0,34.6,22,36,9,31,8,0.00,0.90,0.90,7.51,2.0,,2.0,,,,[],295,111,88,21,406,152,255,86,0.0,0.0,0.12,0.12,0.97,1.29,281,46,705,250,140,54,168,66,1.03,0.52,3.99,166454,Newcastle,3,1160,1220,1170,1180,1150,1260,20,15,3,2,False,20,22,1876.20507812,Wolves,Newcastle,0.213,0.246,0.541,-0.2303330730316097
383,True,True,25.0,25.0,101148,0,0,-2,2,0,2,0.0,0.0,0,Jamaal,0.0,480,False,Lack of match fitness - 25% chance of playing,2025-12-19T14:00:09.135296Z,43,101148.jpg,0.5,False,Lascelles,0.1,False,,d,15,4,1,2732,7,8493,79,0.0,0.2,Lascelles,241.0,2014-08-04,1993-11-11,False,p101148,19,0,0,0,2,0,0,0,0,0,0,0,0,10.2,0.0,7.0,1.7,5,0,0,5,0,0.04,0.00,0.04,0.55,,,,,,,[],432,162,601,243,386,143,446,162,0.19,0.0,0.0,0.19,2.61,9.47,558,121,555,230,485,169,563,207,0.0,0.0,23.68,12804,Newcastle,3,1160,1220,1170,1180,1150,1260,20,15,3,2,False,20,22,1876.20507812,Wolves,Newcastle,0.213,0.246,0.541,-0.5132293986636971
384,True,True,100.0,100.0,545477,0,0,-2,2,0,2,0.0,0.0,0,Alex,0.0,481,False,,,38,545477.jpg,0.0,False,Murphy,0.7,False,,a,15,4,0,68131,633,89377,1486,0.0,0.0,A.Murphy,104.0,2023-07-19,2004-06-25,False,p545477,0,0,0,0,0,0,0,0,0,0,0,0,0,0.0,0.0,0.0,0.0,0,0,0,0,0,0.00,0.00,0.00,0.00,,,,,,,[],491,185,482,185,441,174,494,185,0.0,0.0,0.0,0.0,0.0,0.0,786,252,430,163,501,185,217,82,0.0,0.0,0.0,89629,Newcastle,3,1160,1220,1170,1180,1150,1260,20,15,3,2,False,20,22,1876.20507812,Wolves,Newcastle,0.213,0.246,0.541,-0.1348883866216319
385,True,True,100.0,100.0,441024,0,0,-1,1,0,2,0.0,0.0,0,Harrison,0.0,482,False,,2025-10-17T14:00:10.381414Z,39,441024.jpg,0.0,False,Ashby,0.1,False,,a,15,4,0,8532,34,15421,90,0.0,0.0,Ashby,243.0,2023-01-31,2001-11-14,False,p441024,0,0,0,0,0,0,0,0,0,0,0,0,0,0.0,0.0,0.0,0.0,0,0,0,0,0,0.00,0.00,0.00,0.00,,,,,,,[],511,191,504,192,465,183,514,191,0.0,0.0,0.0,0.0,0.0,0.0,734,214,453,171,521,191,433,160,0.0,0.0,0.0,12804,Newcastle,3,1160,1220,1170,1180,1150,1260,20,15,3,2,False,20,22,1876.20507812,Wolves,Newcastle,0.213,0.246,0.541,-0.28760489291529245
386,True,True,100.0,100.0,578512,0,0,-2,2,0,2,0.0,0.0,0,Miodrag,0.0,483,False,,,38,578512.jpg,0.0,False,Pivaš,0.4,False,,a,15,4,0,61737,118,40784,1106,0.0,0.0,Pivas,,,,False,p578512,0,0,0,0,0,0,0,0,0,0,0,0,0,0.0,0.0,0.0,0.0,0,0,0,0,0,0.00,0.00,0.00,0.00,,,,,,,[],494,188,486,189,446,179,497,188,0.0,0.0,0.0,0.0,0.0,0.0,793,259,434,167,504,188,270,102,0.0,0.0,0.0,51217,Newcastle,3,1160,1220,1170,1180,1150,1260,20,15,3,2,False,20,22,1876.20507812,Wolves,Newcastle,0.213,0.246,0.541,0.20437763970308523
387,True,True,100.0,100.0,232826,1,-1,0,0,1,3,3.5,3.5,1,Anthony,3.5,485,False,,2025-11-06T09:30:08.733043Z,75,232826.jpg,3.1,False,Gordon,6.0,False,,a,15,4,50,1372317,15720,871585,51909,0.5,6.7,Gordon,241.0,2023-01-29,2001-02-24,False,p232826,999,2,3,5,17,0,0,0,2,1,0,4,172,185.0,248.4,277.0,70.7,10,33,12,55,14,4.29,2.52,6.81,11.42,,,,,2.0,,[],216,91,80,60,54,35,94,54,0.39,0.0,0.23,0.62,1.03,1.53,22,15,93,43,185,80,69,24,1.26,0.45,4.95,768248,Newcastle,3,1160,1220,1170,1180,1150,1260,20,15,3,2,False,20,22,1876.20507812,Wolves,Newcastle,0.213,0.246,0.541,0.2231523480080681
388,True,True,25.0,25.0,449434,0,0,-5,5,0,3,0.1,0.1,0,Anthony,0.3,486,False,Knock - 25% chance of playing,2025-12-27T16:30:08.885009Z,65,449434.jpg,1.6,False,Elanga,2.6,False,,d,15,4,27,542697,29,1164149,4628,0.0,4.2,Elanga,206.0,2025-07-11,2002-04-27,False,p449434,675,0,1,2,14,0,0,0,0,0,0,0,89,76.6,139.2,105.0,32.1,4,15,6,25,7,1.12,0.49,1.61,9.02,,,,,,,[],340,150,160,110,186,106,272,132,0.15,0.0,0.07,0.22,1.2,1.87,53,34,374,170,374,169,112,35,0.93,0.27,3.33,332907,Newcastle,3,1160,1220,1170,1180,1150,1260,20,15,3,2,False,20,22,1876.20507812,Wolves,Newcastle,0.213,0.246,0.541,-0.3640937729590133
389,True,True,100.0,100.0,201666,0,0,-4,4,2,3,3.5,3.5,15,Harvey,3.5,487,False,,,61,201666.jpg,3.2,False,Barnes,1.3,False,,a,15,4,65,593626,36705,505813,3688,0.6,10.7,Barnes,241.0,2023-07-23,1997-12-09,False,p201666,942,5,0,3,12,0,0,0,0,0,0,8,214,268.8,217.1,406.0,89.0,13,33,6,52,9,4.27,1.77,6.04,11.33,,,,,,,[],150,53,94,69,25,12,51,36,0.41,0.0,0.17,0.58,1.08,1.15,80,53,92,42,161,71,158,54,0.86,0.29,4.97,166454,Newcastle,3,1160,1220,1170,1180,1150,1260,20,15,3,2,False,20,22,1876.20507812,Wolves,Newcastle,0.213,0.246,0.541,0.07987073407437793
390,True,True,100.0,100.0,208706,1,-1,7,-7,3,3,6.0,6.0,11,Bruno,6.0,488,True,,,72,208706.jpg,5.8,False,Guimarães Rodriguez Moura,21.6,False,,a,15,4,117,3468987,286538,1028617,12042,0.8,16.2,Bruno G.,30.0,2022-01-30,1997-11-16,False,p208706,1749,8,5,5,27,0,0,0,4,0,0,18,509,585.0,491.6,315.0,139.2,38,92,42,172,19,3.88,2.51,6.39,22.51,,,,,,,[],9,2,14,14,43,25,8,6,0.2,0.0,0.13,0.33,1.16,1.39,32,20,18,10,8,5,16,5,0.98,0.26,8.85,2765693,Newcastle,3,1160,1220,1170,1180,1150,1260,20,15,3,2,False,20,22,1876.20507812,Wolves,Newcastle,0.213,0.246,0.541,0.5425933452567189
391,True,True,100.0,75.0,114243,0,0,-5,5,0,3,1.7,1.3,1,Jacob,1.7,489,False,,2026-01-05T02:00:09.636055Z,60,114243.jpg,2.8,False,Murphy,0.8,False,,a,15,4,51,154065,701,320905,3789,0.3,8.5,J.Murphy,241.0,2017-07-19,1995-02-24,False,p114243,1005,2,1,6,9,0,0,0,0,0,0,2,209,209.2,299.6,266.0,77.3,10,26,7,43,12,2.75,2.32,5.07,11.71,,,,,,,[],195,83,54,45,57,37,77,49,0.25,0.0,0.21,0.46,1.05,0.81,83,55,239,104,221,98,206,71,1.07,0.54,3.85,102433,Newcastle,3,1160,1220,1170,1180,1150,1260,20,15,3,2,False,20,22,1876.20507812,Wolves,Newcastle,0.213,0.246,0.541,-0.3512642903762343
392,True,True,100.0,100.0,180974,0,0,-1,1,0,3,3.7,3.7,8,Joelinton Cássio,3.7,490,False,,2025-12-11T00:30:10.513386Z,59,180974.jpg,3.1,False,Apolinário de Lira,0.4,False,,a,15,4,53,59651,4132,76254,916,0.6,9.0,Joelinton,30.0,2019-07-24,1996-08-14,False,p180974,1227,2,0,4,17,0,0,0,5,0,0,2,216,231.6,179.9,232.0,64.4,48,78,27,153,15,1.26,0.89,2.15,16.47,,,,,,,[],179,74,121,88,69,43,114,62,0.09,0.0,0.07,0.16,1.21,1.25,94,60,86,38,182,78,275,94,1.1,0.29,11.22,51217,Newcastle,3,1160,1220,1170,1180,1150,1260,20,15,3,2,False,20,22,1876.20507812,Wolves,Newcastle,0.213,0.246,0.541,-0.12216621905007174
393,True,True,100.0,100.0,432422,0,0,-2,2,0,3,1.8,1.8,1,Sandro,1.8,491,False,,2025-12-03T12:00:08.874410Z,53,432422.jpg,2.4,False,Tonali,1.0,False,,a,15,4,50,170405,1474,280517,3162,0.3,9.4,Tonali,106.0,2023-07-03,2000-05-08,False,p432422,1427,0,1,6,17,0,0,0,2,0,0,1,268,227.4,295.0,109.0,63.3,44,87,16,147,18,0.66,1.50,2.16,17.02,1.0,,1.0,,,,[],181,76,59,47,174,100,118,64,0.04,0.0,0.09,0.13,1.07,1.07,194,120,215,91,260,112,179,61,1.14,0.38,9.27,128041,Newcastle,3,1160,1220,1170,1180,1150,1260,20,15,3,2,False,20,22,1876.20507812,Wolves,Newcastle,0.213,0.246,0.541,-0.24419300899046842
280,True,True,100.0,100.0,180135,0,0,-2,2,1,3,0.0,0.0,0,Sean,0.0,493,False,,2025-11-27T15:30:07.230475Z,48,180135.jpg,3.3,False,Longstaff,0.2,False,,a,11,2,40,174956,140,176766,352,0.0,8.3,Longstaff,241.0,2025-07-18,1997-10-30,False,p180135,877,1,2,1,15,0,0,0,1,0,0,4,221,228.2,327.0,54.0,60.9,23,36,35,94,10,0.74,1.27,2.01,11.28,1.0,,2.0,,,,[],180,75,43,37,279,150,132,72,0.08,0.0,0.13,0.21,1.16,1.54,347,217,698,293,138,59,341,113,1.03,0.1,9.65,25608,Leeds,3,1095,1145,1080,1100,1110,1190,11,10,2,3,True,10,22,1751.14904785,Leeds,Fulham,0.417,0.296,0.287,-0.0051461097116472666
394,True,True,100.0,100.0,200089,0,0,0,0,0,3,0.7,0.7,0,Joe,0.7,494,False,,2025-08-10T23:30:07.136690Z,50,200089.jpg,1.3,False,Willock,0.1,False,,a,15,4,14,9217,167,9702,189,0.1,2.8,Willock,241.0,2021-08-13,1999-08-20,False,p200089,233,0,0,2,2,0,0,0,1,0,0,0,54,35.4,49.6,27.0,11.0,4,11,10,25,2,0.60,0.11,0.71,3.44,,,,,,,[],400,177,305,170,326,171,382,178,0.23,0.0,0.04,0.27,1.33,0.77,247,150,323,145,407,181,511,180,0.77,0.77,9.66,12804,Newcastle,3,1160,1220,1170,1180,1150,1260,20,15,3,2,False,20,22,1876.20507812,Wolves,Newcastle,0.213,0.246,0.541,-0.025635604418838207
395,True,True,100.0,100.0,547719,0,0,0,0,1,3,3.8,3.8,4,Lewis,3.8,497,False,,2025-10-13T11:30:08.705391Z,45,547719.jpg,3.2,False,Miley,3.6,False,,a,15,4,55,570353,11307,410919,10535,0.8,12.2,L.Miley,241.0,2023-02-01,2006-05-01,False,p547719,1020,1,3,2,14,0,0,0,0,0,0,4,252,251.8,175.8,113.0,54.1,42,55,20,117,10,1.18,1.94,3.12,12.46,,,,,,,[],170,66,128,92,168,97,155,84,0.1,0.0,0.17,0.27,1.1,1.24,452,274,70,31,152,65,93,28,0.88,0.18,10.32,460949,Newcastle,3,1160,1220,1170,1180,1150,1260,20,15,3,2,False,20,22,1876.20507812,Wolves,Newcastle,0.213,0.246,0.541,0.16247686676069428
396,True,True,100.0,0.0,461484,0,0,0,0,0,3,0.0,0.0,0,Joe,0.0,498,False,,2025-07-30T14:07:15.215025Z,45,461484.jpg,0.0,False,White,0.0,False,,a,15,4,0,78,78,1132,8,0.0,0.0,White,241.0,2024-01-29,2002-10-01,False,p461484,0,0,0,0,0,0,0,0,0,0,0,0,0,0.0,0.0,0.0,0.0,0,0,0,0,0,0.00,0.00,0.00,0.00,,,,,,,[],671,262,670,265,649,256,674,264,0.0,0.0,0.0,0.0,0.0,0.0,426,255,633,240,677,267,741,320,0.0,0.0,0.0,0,Newcastle,3,1160,1220,1170,1180,1150,1260,20,15,3,2,False,20,22,1876.20507812,Wolves,Newcastle,0.213,0.246,0.541,-0.8710743801652893
397,True,True,100.0,100.0,599303,0,0,-2,2,0,4,0.0,0.0,0,Sean,0.0,501,False,,,43,599303.jpg,0.0,False,Neave,0.2,False,,a,15,4,0,19855,297,31323,366,0.0,0.0,Neave,241.0,2025-02-07,2007-05-27,False,p599303,0,0,0,0,0,0,0,0,0,0,0,0,0,0.0,0.0,0.0,0.0,0,0,0,0,0,0.00,0.00,0.00,0.00,,,,,,,[],622,63,620,62,591,62,625,63,0.0,0.0,0.0,0.0,0.0,0.0,606,84,580,54,632,63,352,57,0.0,0.0,0.0,25608,Newcastle,3,1160,1220,1170,1180,1150,1260,20,15,3,2,False,20,22,1876.20507812,Wolves,Newcastle,0.213,0.246,0.541,-0.22408065965844698
406,True,True,100.0,100.0,85633,0,0,-4,4,0,1,-0.3,0.7,3,Matz,0.7,502,False,,2025-12-10T22:00:10.213183Z,46,85633.jpg,2.6,False,Sels,5.6,False,,a,16,17,44,361880,1050,1887305,7735,0.2,9.6,Sels,21.0,2024-02-01,1992-02-26,False,p85633,1452,0,0,2,26,0,0,0,1,0,50,0,187,379.8,10.0,0.0,39.0,16,113,1,0,16,0.00,0.06,0.06,22.69,,,,,,,[],66,12,399,8,709,75,227,12,0.0,3.1,0.0,0.0,1.41,1.61,386,18,317,22,233,21,74,12,0.99,0.12,0.0,717031,Nott'm Forest,3,1100,1130,1100,1110,1100,1150,16,1,4,3,True,1,22,1767.03271484,Nott'm Forest,Arsenal,0.168,0.237,0.596,-0.6782123302440661
407,True,True,100.0,100.0,227444,0,0,-4,4,0,2,2.0,3.0,2,Nikola,3.0,505,False,,,51,227444.jpg,2.5,False,Milenković,3.2,False,,a,16,17,52,294581,841,997872,5968,0.6,10.2,Milenković,190.0,2024-07-18,1997-10-12,False,p227444,1890,0,0,3,34,1,0,0,4,0,0,1,182,387.8,35.7,88.0,51.4,155,64,14,169,21,0.72,0.41,1.13,28.82,,,,,,,[],57,27,335,114,217,55,171,56,0.03,0.0,0.02,0.05,1.37,1.62,231,34,132,50,247,96,103,40,1.0,0.14,8.05,409732,Nott'm Forest,3,1100,1130,1100,1110,1100,1150,16,1,4,3,True,1,22,1767.03271484,Nott'm Forest,Arsenal,0.168,0.237,0.596,-0.5441520890895065
408,True,True,100.0,100.0,575476,0,0,-3,3,1,2,1.7,2.7,2,Murillo,2.7,506,False,,2025-11-29T01:00:07.306025Z,52,575476.jpg,3.1,False,Costa dos Santos,1.9,False,,a,16,17,46,183836,1810,716403,4442,0.5,8.8,Murillo,30.0,2023-08-31,2002-07-04,False,p575476,1279,1,0,2,22,1,0,0,3,0,0,3,178,359.8,63.2,67.0,49.1,115,65,25,140,15,0.48,0.40,0.88,18.79,,,3.0,,,,[],82,37,275,88,256,72,181,60,0.03,0.0,0.03,0.06,1.32,1.55,221,32,158,63,176,73,140,56,1.06,0.14,9.85,243279,Nott'm Forest,3,1100,1130,1100,1110,1100,1150,16,1,4,3,True,1,22,1767.03271484,Nott'm Forest,Arsenal,0.168,0.237,0.596,-0.5915840126899634
409,True,True,100.0,100.0,159506,0,0,-3,3,0,2,-0.5,0.5,2,Ola,0.5,507,False,,2025-09-11T06:30:07.556962Z,47,159506.jpg,1.8,False,Aina,1.9,False,,a,16,17,9,234164,601,1585901,721,0.1,1.9,Aina,157.0,2023-07-22,1996-10-08,False,p159506,428,0,0,0,8,0,0,0,1,0,0,0,39,86.6,60.9,38.0,18.6,28,25,10,38,5,0.07,0.40,0.47,7.17,,,,,,,[],324,123,282,92,302,94,336,114,0.01,0.0,0.08,0.09,1.51,1.68,372,64,339,128,341,130,138,54,1.05,0.0,7.99,243279,Nott'm Forest,3,1100,1130,1100,1110,1100,1150,16,1,4,3,True,1,22,1767.03271484,Nott'm Forest,Arsenal,0.168,0.237,0.596,-0.7426861128586068
410,True,True,100.0,100.0,215136,0,0,-3,3,2,2,1.7,2.7,4,Neco,2.7,508,False,,,47,215136.jpg,2.8,False,Williams,3.3,False,,a,16,17,59,349496,1604,1068816,6829,0.6,12.6,N.Williams,244.0,2022-07-11,2001-04-13,False,p215136,1890,1,1,3,34,0,0,0,4,0,0,7,294,476.8,329.5,210.0,101.8,81,96,63,144,21,1.35,2.00,3.35,28.82,4.0,,,,,,[],25,11,42,5,80,7,36,2,0.06,0.0,0.1,0.16,1.37,1.62,375,65,154,62,214,86,101,39,1.0,0.14,6.86,422536,Nott'm Forest,3,1100,1130,1100,1110,1100,1150,16,1,4,3,True,1,22,1767.03271484,Nott'm Forest,Arsenal,0.168,0.237,0.596,-0.5071662652505231
411,True,True,100.0,100.0,575458,-1,1,-3,3,0,2,-1.0,0.0,0,Jair,0.0,510,False,,,42,575458.jpg,3.0,False,Paula da Cunha Filho,0.1,False,,a,16,17,3,2771,47,7616,76,0.0,0.7,Jair Cunha,30.0,2025-07-11,2005-03-07,False,p575458,90,0,0,0,2,0,0,0,0,0,0,0,9,26.0,0.4,0.0,2.6,9,1,2,11,1,0.00,0.00,0.00,3.28,,,,,,,[],409,154,449,166,566,238,439,160,0.0,0.0,0.0,0.0,3.28,2.0,633,154,551,227,188,75,542,197,1.0,0.0,11.0,12804,Nott'm Forest,3,1100,1130,1100,1110,1100,1150,16,1,4,3,True,1,22,1767.03271484,Nott'm Forest,Arsenal,0.168,0.237,0.596,-0.4664484451718494
412,True,True,100.0,100.0,485047,0,0,-2,2,0,2,-0.8,0.2,1,Felipe,0.2,511,False,,,43,485047.jpg,2.1,False,Rodrigues da Silva,0.1,False,,a,16,17,21,7660,41,11748,165,0.0,4.9,Morato,30.0,2024-08-30,2001-06-30,False,p485047,709,0,0,1,14,0,0,0,4,0,0,1,83,165.2,9.1,5.0,17.9,52,31,18,70,8,0.03,0.06,0.09,10.69,,,,,,,[],235,97,403,146,399,149,339,117,0.0,0.0,0.01,0.01,1.36,1.78,578,136,387,144,297,114,496,179,1.02,0.13,8.89,12804,Nott'm Forest,3,1100,1130,1100,1110,1100,1150,16,1,4,3,True,1,22,1767.03271484,Nott'm Forest,Arsenal,0.168,0.237,0.596,-0.21063478977741137
413,True,True,100.0,100.0,549067,0,0,-2,2,0,2,-1.0,0.0,0,Zach,0.0,513,False,,,38,549067.jpg,1.0,False,Abbott,0.3,False,,a,16,17,1,24552,178,23710,627,0.0,0.3,Abbott,241.0,2022-08-22,2006-05-13,False,p549067,45,0,0,0,1,0,0,0,0,0,0,0,5,15.6,0.6,0.0,1.6,6,1,1,7,0,0.00,0.00,0.00,0.63,,,,,,,[],429,161,445,164,444,177,449,163,0.0,0.0,0.0,0.0,1.26,2.0,789,255,432,165,426,158,332,123,0.0,0.0,14.0,38412,Nott'm Forest,3,1100,1130,1100,1110,1100,1150,16,1,4,3,True,1,22,1767.03271484,Nott'm Forest,Arsenal,0.168,0.237,0.596,0.017446438191537857
414,True,True,100.0,0.0,90585,0,0,-2,2,0,2,-1.0,0.0,0,Willy,0.0,514,False,,2025-12-13T14:30:11.773577Z,38,90585.jpg,0.0,False,Boly,0.3,False,,a,16,17,0,33757,57,57502,599,0.0,0.0,Boly,54.0,2022-09-01,1991-02-03,False,p90585,0,0,0,0,0,0,0,0,0,0,0,0,0,0.0,0.0,0.0,0.0,0,0,0,0,0,0.00,0.00,0.00,0.00,,,,,,,[],478,172,468,171,427,160,481,172,0.0,0.0,0.0,0.0,0.0,0.0,766,232,417,150,489,173,288,107,0.0,0.0,0.0,38412,Nott'm Forest,3,1100,1130,1100,1110,1100,1150,16,1,4,3,True,1,22,1767.03271484,Nott'm Forest,Arsenal,0.168,0.237,0.596,-0.2601935151601486
415,True,True,100.0,100.0,222531,0,0,-2,2,0,3,3.3,4.3,9,Morgan,4.3,515,False,,2025-11-27T10:00:07.108311Z,73,222531.jpg,3.9,False,Gibbs-White,3.0,False,,a,16,17,81,674893,12250,950160,7894,0.6,11.1,Gibbs-White,241.0,2022-08-19,2000-01-27,False,p222531,1782,5,1,3,31,0,0,0,0,0,0,7,323,328.8,384.5,408.0,111.9,29,62,11,102,20,5.70,1.67,7.37,27.73,,,2.0,,2.0,,[],102,34,29,28,23,10,26,22,0.29,0.0,0.08,0.37,1.4,1.57,26,17,49,24,87,41,107,34,1.01,0.15,5.15,384124,Nott'm Forest,3,1100,1130,1100,1110,1100,1150,16,1,4,3,True,1,22,1767.03271484,Nott'm Forest,Arsenal,0.168,0.237,0.596,-0.1693895522176815
416,True,True,100.0,75.0,209046,0,0,-3,3,1,3,3.5,3.4,2,Callum,4.5,516,False,,2026-01-04T21:30:13.057175Z,57,209046.jpg,2.8,False,Hudson-Odoi,0.8,False,,a,16,17,53,247370,1375,300886,5103,0.8,9.3,Hudson-Odoi,241.0,2023-09-01,2000-11-07,False,p209046,1118,3,1,1,19,0,0,0,0,0,0,6,208,223.4,333.0,198.0,75.3,13,39,10,62,11,1.83,1.49,3.32,17.28,,,,,,,[],184,78,40,36,88,53,82,52,0.15,0.0,0.12,0.27,1.39,1.53,116,74,41,20,219,96,199,68,0.89,0.08,4.99,102433,Nott'm Forest,3,1100,1130,1100,1110,1100,1150,16,1,4,3,True,1,22,1767.03271484,Nott'm Forest,Arsenal,0.168,0.237,0.596,-0.09761133485087259
417,True,True,100.0,100.0,215379,0,0,-2,2,0,3,3.2,4.2,7,Elliot,4.2,517,False,,,53,215379.jpg,4.1,False,Anderson,4.5,False,,a,16,17,87,881025,8145,1045244,11308,0.8,16.4,Anderson,241.0,2024-07-01,2002-11-06,False,p215379,1890,1,3,3,34,0,0,0,4,0,0,4,413,465.4,543.7,146.0,115.9,54,177,56,287,21,1.80,1.94,3.74,28.82,2.0,,,,4.0,,[],28,7,7,7,129,76,20,16,0.09,0.0,0.09,0.18,1.37,1.62,189,117,55,28,68,30,83,27,1.0,0.14,13.67,576186,Nott'm Forest,3,1100,1130,1100,1110,1100,1150,16,1,4,3,True,1,22,1767.03271484,Nott'm Forest,Arsenal,0.168,0.237,0.596,-0.08525237129393662
418,True,True,100.0,100.0,250199,0,0,0,0,0,3,1.8,2.8,10,Nicolás,2.8,519,False,,2025-12-15T01:30:08.723436Z,50,250199.jpg,2.1,False,Domínguez,0.0,False,,a,16,17,25,1878,252,1598,55,0.6,5.0,Dominguez,10.0,2023-09-01,1998-06-28,False,p250199,564,1,0,1,11,0,0,0,2,0,0,3,104,121.4,131.4,64.0,31.8,11,25,23,59,8,0.68,0.37,1.05,7.73,3.0,,,,,,[],277,123,168,113,261,140,275,134,0.11,0.0,0.06,0.17,1.23,1.76,255,156,143,59,302,133,663,273,1.28,0.16,9.41,0,Nott'm Forest,3,1100,1130,1100,1110,1100,1150,16,1,4,3,True,1,22,1767.03271484,Nott'm Forest,Arsenal,0.168,0.237,0.596,0.0805523590333717
419,True,True,100.0,0.0,210462,0,0,-1,1,1,3,2.0,0.0,0,Ibrahim,3.0,521,False,,2025-12-13T14:30:11.791163Z,49,210462.jpg,3.6,False,Sangaré,0.1,False,,a,16,17,47,7116,21,10566,107,0.6,9.6,Sangaré,54.0,2023-09-01,1997-12-02,False,p210462,864,2,2,3,13,0,0,0,2,0,0,2,188,233.0,78.6,77.0,38.9,39,40,27,106,11,0.78,1.07,1.85,12.80,,,,,,,[],178,73,240,149,236,130,230,115,0.08,0.0,0.11,0.19,1.33,1.35,300,185,127,51,111,47,570,209,1.15,0.31,11.04,12804,Nott'm Forest,3,1100,1130,1100,1110,1100,1150,16,1,4,3,True,1,22,1767.03271484,Nott'm Forest,Arsenal,0.168,0.237,0.596,-0.19511367492365117
420,True,True,25.0,25.0,204968,0,0,-3,3,0,3,-0.2,0.0,0,Ryan,0.0,522,False,Hamstring injury - 25% chance of playing,2025-12-06T20:30:09.569234Z,47,204968.jpg,1.4,False,Yates,0.1,False,,d,16,17,15,9016,3,18362,99,0.0,3.2,Yates,241.0,2018-08-01,1997-11-21,False,p204968,299,0,1,0,5,0,0,0,1,0,0,0,67,64.2,27.0,25.0,11.5,15,11,7,33,1,0.07,0.17,0.24,3.48,,,,,,,[],357,157,348,182,334,175,377,175,0.02,0.0,0.05,0.07,1.05,1.51,374,233,690,287,392,174,538,191,0.3,0.0,9.93,12804,Nott'm Forest,3,1100,1130,1100,1110,1100,1150,16,1,4,3,True,1,22,1767.03271484,Nott'm Forest,Arsenal,0.168,0.237,0.596,-0.34136898239462343
421,True,True,100.0,100.0,482973,0,0,-2,2,0,4,1.5,2.5,2,Igor Jesus,2.5,526,False,,,58,482973.jpg,2.2,False,Maciel da Cruz,1.1,False,,a,16,17,44,294139,2612,268425,12566,0.4,7.6,Igor Jesus,30.0,2025-07-05,2001-02-25,False,p482973,1143,1,2,3,23,0,0,0,0,0,0,3,134,116.6,109.0,344.0,54.6,17,29,12,58,13,3.33,0.82,4.15,18.17,,,,,3.0,,[],290,29,192,18,37,16,152,17,0.26,0.0,0.06,0.32,1.43,1.81,109,31,170,21,291,28,176,25,1.02,0.24,4.57,140845,Nott'm Forest,3,1100,1130,1100,1110,1100,1150,16,1,4,3,True,1,22,1767.03271484,Nott'm Forest,Arsenal,0.168,0.237,0.596,0.04570857715744342
422,True,True,100.0,100.0,210156,0,0,-3,3,0,4,-0.5,0.5,0,Taiwo,0.5,527,False,,2025-11-20T17:00:08.462155Z,52,210156.jpg,1.0,False,Awoniyi,0.3,False,,a,16,17,7,29464,340,87674,382,0.1,1.3,Awoniyi,157.0,2022-06-25,1997-08-12,False,p210156,182,0,0,0,2,0,0,0,0,0,0,0,29,17.0,40.5,68.0,12.6,3,6,1,10,1,0.46,0.39,0.85,2.94,,,,,,,[],425,46,325,38,252,44,369,44,0.23,0.0,0.19,0.42,1.45,0.99,210,46,347,39,469,55,322,53,0.49,0.0,4.95,38412,Nott'm Forest,3,1100,1130,1100,1110,1100,1150,16,1,4,3,True,1,22,1767.03271484,Nott'm Forest,Arsenal,0.168,0.237,0.596,-0.49693523877819323
430,True,True,100.0,100.0,232571,0,0,-3,3,0,1,0.0,0.0,0,Anthony,0.0,528,False,,,42,232571.jpg,0.0,False,Patterson,0.2,False,,a,17,56,0,9885,175,30610,223,0.0,0.0,Patterson,241.0,2018-10-09,2000-05-10,False,p232571,0,0,0,0,0,0,0,0,0,0,0,0,0,0.0,0.0,0.0,0.0,0,0,0,0,0,0.00,0.00,0.00,0.00,,,,,,,[],599,83,594,73,561,59,603,83,0.0,0.0,0.0,0.0,0.0,0.0,623,34,545,78,609,83,380,55,0.0,0.0,0.0,25608,Sunderland,3,1100,1145,1100,1120,1100,1170,17,8,3,3,True,8,22,1680.29211426,Sunderland,Crystal Palace,0.328,0.306,0.367,-0.5117915792073096
431,True,True,100.0,100.0,74854,0,0,-1,1,0,1,0.0,0.0,0,Simon,0.0,529,False,,,39,74854.jpg,0.0,False,Moore,0.4,False,,a,17,56,0,16235,204,30210,359,0.0,0.0,Moore,241.0,2024-07-01,1990-05-19,False,p74854,0,0,0,0,0,0,0,0,0,0,0,0,0,0.0,0.0,0.0,0.0,0,0,0,0,0,0.00,0.00,0.00,0.00,,,,,,,[],498,33,491,20,451,5,501,33,0.0,0.0,0.0,0.0,0.0,0.0,716,66,439,28,508,33,276,37,0.0,0.0,0.0,51217,Sunderland,3,1100,1145,1100,1120,1100,1170,17,8,3,3,True,8,22,1680.29211426,Sunderland,Crystal Palace,0.328,0.306,0.367,-0.30089352998169877
432,True,True,100.0,100.0,490000,0,0,-1,1,0,1,0.0,0.0,0,Blondy,0.0,530,False,,,39,490000.jpg,0.0,False,Nna Noukeu,0.1,False,,a,17,56,0,7357,89,10828,138,0.0,0.0,Nna Noukeu,38.0,2024-08-02,2001-05-31,False,p490000,0,0,0,0,0,0,0,0,0,0,0,0,0,0.0,0.0,0.0,0.0,0,0,0,0,0,0.00,0.00,0.00,0.00,,,,,,,[],519,51,512,38,473,23,522,51,0.0,0.0,0.0,0.0,0.0,0.0,746,84,461,46,529,51,428,65,0.0,0.0,0.0,12804,Sunderland,3,1100,1145,1100,1120,1100,1170,17,8,3,3,True,8,22,1680.29211426,Sunderland,Crystal Palace,0.328,0.306,0.367,-0.19087159747044266
433,True,True,100.0,100.0,223827,0,0,1,-1,1,2,3.2,3.2,1,Daniel,3.2,531,False,,2025-12-28T21:30:09.047270Z,46,223827.jpg,4.5,False,Ballard,2.9,False,,a,17,56,77,986834,8730,878424,5943,0.7,16.7,Ballard,242.0,2022-07-01,1999-09-22,False,p223827,1221,2,1,4,15,0,0,0,2,0,0,7,235,400.4,72.5,251.0,72.4,126,31,20,146,13,1.36,0.39,1.75,18.87,,,,,,,[],50,24,254,74,63,2,86,19,0.1,0.0,0.03,0.13,1.39,1.11,388,69,110,41,40,17,109,43,0.96,0.29,10.76,371320,Sunderland,3,1100,1145,1100,1120,1100,1170,17,8,3,3,True,8,22,1680.29211426,Sunderland,Crystal Palace,0.328,0.306,0.367,0.05812064604467586
434,True,True,100.0,100.0,487676,0,0,0,0,1,2,3.3,3.3,0,Trai,3.3,532,False,,,45,487676.jpg,3.1,False,Hume,0.4,False,,a,17,56,65,68465,729,57488,1033,0.7,14.4,Hume,242.0,2022-01-04,2002-03-18,False,p487676,1741,0,1,6,20,0,0,0,5,0,0,4,254,298.2,224.7,102.0,62.6,86,62,43,129,19,0.73,0.87,1.60,28.91,2.0,,,,,,[],123,52,92,23,192,46,121,41,0.04,0.0,0.04,0.08,1.49,1.03,431,87,99,35,173,71,280,105,0.98,0.31,6.67,51217,Sunderland,3,1100,1145,1100,1120,1100,1170,17,8,3,3,True,8,22,1680.29211426,Sunderland,Crystal Palace,0.328,0.306,0.367,0.08715155653299246
435,True,True,100.0,100.0,232820,0,0,-2,2,0,2,0.0,0.0,0,Joe,0.0,534,False,,,38,232820.jpg,0.0,False,Anderson,0.4,False,,a,17,56,0,37467,978,54302,547,0.0,0.0,Anderson,241.0,2023-01-31,2001-02-06,False,p232820,0,0,0,0,0,0,0,0,0,0,0,0,0,0.0,0.0,0.0,0.0,0,0,0,0,0,0.00,0.00,0.00,0.00,,,,,,,[],481,175,472,175,431,164,484,175,0.0,0.0,0.0,0.0,0.0,0.0,771,237,420,153,491,175,273,103,0.0,0.0,0.0,51217,Sunderland,3,1100,1145,1100,1120,1100,1170,17,8,3,3,True,8,22,1680.29211426,Sunderland,Crystal Palace,0.328,0.306,0.367,-0.1834497488258562
436,True,True,100.0,100.0,461195,0,0,0,0,0,2,1.8,1.8,1,Dennis,1.8,535,False,,2025-07-21T10:00:05.027113Z,40,461195.jpg,2.8,False,Cirkin,0.0,False,,a,17,56,11,4312,384,3393,185,0.4,2.8,Cirkin,241.0,2021-08-11,2002-04-06,False,p461195,249,0,0,1,2,0,0,0,1,0,0,0,35,50.0,7.5,2.0,5.9,14,5,8,22,3,0.00,0.02,0.02,5.82,,,,,,,[],379,144,407,149,411,154,412,149,0.0,0.0,0.01,0.01,2.1,0.72,662,169,206,78,208,81,598,215,1.08,0.36,7.95,0,Sunderland,3,1100,1145,1100,1120,1100,1170,17,8,3,3,True,8,22,1680.29211426,Sunderland,Crystal Palace,0.328,0.306,0.367,0.11927319922128488
437,True,True,100.0,100.0,477547,0,0,0,0,0,2,0.0,0.0,0,Leo Fuhr,0.0,536,False,,2025-07-21T10:00:05.047173Z,40,477547.jpg,0.0,False,Hjelde,0.0,False,,a,17,56,0,939,43,863,40,0.0,0.0,Hjelde,161.0,2024-01-30,2003-08-26,False,p477547,0,0,0,0,0,0,0,0,0,0,0,0,0,0.0,0.0,0.0,0.0,0,0,0,0,0,0.00,0.00,0.00,0.00,,,,,,,[],560,211,555,212,518,205,563,211,0.0,0.0,0.0,0.0,0.0,0.0,670,172,502,191,571,212,699,239,0.0,0.0,0.0,0,Sunderland,3,1100,1145,1100,1120,1100,1170,17,8,3,3,True,8,22,1680.29211426,Sunderland,Crystal Palace,0.328,0.306,0.367,0.042175360710321866
438,True,True,100.0,100.0,514613,0,0,-2,2,0,2,0.0,0.0,0,Zak,0.0,538,False,,,38,514613.jpg,0.0,False,Johnson,0.3,False,,a,17,56,0,23010,862,26640,462,0.0,0.0,Johnson,241.0,2021-10-12,2004-07-30,False,p514613,0,0,0,0,0,0,0,0,0,0,0,0,0,0.0,0.0,0.0,0.0,0,0,0,0,0,0.00,0.00,0.00,0.00,,,,,,,[],488,182,479,182,438,171,491,182,0.0,0.0,0.0,0.0,0.0,0.0,782,248,427,160,498,182,334,124,0.0,0.0,0.0,38412,Sunderland,3,1100,1145,1100,1120,1100,1170,17,8,3,3,True,8,22,1680.29211426,Sunderland,Crystal Palace,0.328,0.306,0.367,-0.07311178247734139
439,True,True,100.0,100.0,167512,0,0,0,0,0,2,0.2,0.2,1,Luke,0.2,539,False,,2025-12-06T20:30:09.638471Z,40,167512.jpg,0.0,False,O'Nien,0.1,False,,a,17,56,0,5529,165,6099,114,0.0,0.0,O'Nien,241.0,2018-07-30,1994-11-21,False,p167512,11,0,0,0,0,0,0,0,0,1,0,0,1,5.0,0.5,0.0,0.5,0,1,2,2,0,0.00,0.00,0.00,0.73,,,,,,,[],446,163,446,165,500,197,464,165,0.0,0.0,0.0,0.0,5.97,0.0,650,162,381,139,554,204,559,203,0.0,0.0,16.36,12804,Sunderland,3,1100,1145,1100,1120,1100,1170,17,8,3,3,True,8,22,1680.29211426,Sunderland,Crystal Palace,0.328,0.306,0.367,-0.049019607843137254
440,True,True,100.0,25.0,434399,0,0,-2,2,1,2,1.7,0.4,0,Reinildo,1.7,541,False,,2025-12-13T14:30:11.873299Z,38,434399.jpg,3.1,False,Mandava,2.6,False,,a,17,56,37,469760,3151,952806,4526,0.4,9.7,Reinildo,146.0,2025-07-08,1994-01-21,False,p434399,1022,0,1,3,12,0,0,0,4,1,0,3,135,186.4,33.9,25.0,24.7,68,45,24,92,12,0.10,0.08,0.18,14.00,,,,,,,[],215,89,336,115,332,108,306,102,0.01,0.0,0.01,0.02,1.23,1.06,774,240,223,84,165,63,116,46,1.06,0.26,8.1,332907,Sunderland,3,1100,1145,1100,1120,1100,1170,17,8,3,3,True,8,22,1680.29211426,Sunderland,Crystal Palace,0.328,0.306,0.367,-0.339559640818071
441,True,True,100.0,100.0,535818,0,0,-6,6,0,3,3.0,3.0,1,Simon,3.0,543,False,,,49,535818.jpg,2.4,False,Adingra,0.4,False,,a,17,56,34,88102,585,217444,857,0.6,6.9,Adingra,54.0,2025-07-10,2002-01-01,False,p535818,649,1,1,4,8,0,0,0,2,0,0,3,81,81.4,116.8,75.0,27.0,13,21,11,45,9,0.35,0.62,0.97,11.30,,,,,,,[],333,147,183,123,240,133,293,142,0.05,0.0,0.09,0.14,1.57,1.11,334,206,130,53,257,110,262,90,1.25,0.55,6.24,51217,Sunderland,3,1100,1145,1100,1120,1100,1170,17,8,3,3,True,8,22,1680.29211426,Sunderland,Crystal Palace,0.328,0.306,0.367,-0.4233143291026556
442,True,True,100.0,100.0,484420,0,0,-1,1,2,3,2.5,2.5,0,Enzo,2.5,547,False,,2025-09-13T21:30:08.349570Z,49,484420.jpg,3.5,False,Le Fée,1.0,False,,a,17,56,71,207772,3778,132071,5189,0.5,14.5,E.Le Fée,73.0,2025-07-01,2000-02-03,False,p484420,1575,2,4,6,19,0,0,1,5,0,0,6,278,348.4,446.9,138.0,93.4,39,71,46,156,18,3.23,2.25,5.48,26.43,3.0,,2.0,,2.0,,[],87,26,17,17,139,80,46,34,0.18,0.0,0.13,0.31,1.51,1.09,328,203,167,70,118,50,185,64,1.03,0.34,8.91,128041,Sunderland,3,1100,1145,1100,1120,1100,1170,17,8,3,3,True,8,22,1680.29211426,Sunderland,Crystal Palace,0.328,0.306,0.367,0.22275285940860928
443,True,True,100.0,100.0,461199,0,0,-1,1,0,3,1.0,1.0,1,Romaine,1.0,548,False,,2025-08-10T23:30:07.214806Z,49,461199.jpg,0.9,False,Mundle,0.0,False,,a,17,56,7,790,25,1152,25,0.2,1.4,Mundle,241.0,2024-02-01,2003-04-24,False,p461199,170,0,0,0,2,0,0,0,1,0,0,0,28,20.0,19.9,46.0,8.3,4,10,2,16,0,0.45,0.24,0.69,3.83,,,3.0,,,,[],422,187,364,186,291,154,401,182,0.24,0.0,0.13,0.37,2.03,1.06,323,198,292,130,479,225,722,310,0.0,0.0,8.47,0,Sunderland,3,1100,1145,1100,1120,1100,1170,17,8,3,3,True,8,22,1680.29211426,Sunderland,Crystal Palace,0.328,0.306,0.367,-0.18640576725025745
444,True,True,100.0,100.0,223336,0,0,-2,2,0,3,0.2,0.2,1,Dan,0.2,549,False,,,48,223336.jpg,1.0,False,Neil,0.0,False,,a,17,56,3,1881,28,4088,43,0.0,0.6,Neil,241.0,2018-11-01,2001-12-13,False,p223336,13,0,0,0,0,0,0,0,0,0,0,0,10,3.0,1.4,0.0,0.4,2,0,0,2,0,0.00,0.00,0.00,0.64,,,,,,,[],456,209,436,211,718,309,469,215,0.0,0.0,0.0,0.0,4.43,0.0,357,221,401,183,461,214,629,253,0.0,0.0,13.85,0,Sunderland,3,1100,1145,1100,1120,1100,1170,17,8,3,3,True,8,22,1680.29211426,Sunderland,Crystal Palace,0.328,0.306,0.367,-0.3697436756575641
445,True,True,100.0,100.0,215460,0,0,-2,2,0,3,0.0,0.0,0,Ian,0.0,550,False,,,48,215460.jpg,0.0,False,Poveda-Ocampo,0.0,False,,a,17,56,0,836,12,2488,27,0.0,0.0,Poveda,48.0,2024-07-24,2000-02-09,False,p215460,0,0,0,0,0,0,0,0,0,0,0,0,0,0.0,0.0,0.0,0.0,0,0,0,0,0,0.00,0.00,0.00,0.00,,,,,,,[],734,312,729,312,717,308,734,312,0.0,0.0,0.0,0.0,0.0,0.0,353,220,700,294,734,312,652,267,0.0,0.0,0.0,0,Sunderland,3,1100,1145,1100,1120,1100,1170,17,8,3,3,True,8,22,1680.29211426,Sunderland,Crystal Palace,0.328,0.306,0.367,-0.4969915764139591
446,True,True,100.0,100.0,554197,0,0,-3,3,0,3,1.2,1.2,1,Chris,1.2,551,False,,,47,554197.jpg,1.5,False,Rigg,0.0,False,,a,17,56,15,5129,81,8024,123,0.3,3.2,Rigg,241.0,2022-12-31,2007-06-18,False,p554197,375,0,0,2,2,0,0,0,0,0,0,0,48,20.2,48.4,21.0,8.9,7,14,6,27,6,0.32,0.35,0.67,5.12,,,,,,,[],420,185,309,173,347,180,396,179,0.08,0.0,0.08,0.16,1.23,0.48,383,238,269,115,385,171,575,213,1.44,0.48,6.48,0,Sunderland,3,1100,1145,1100,1120,1100,1170,17,8,3,3,True,8,22,1680.29211426,Sunderland,Crystal Palace,0.328,0.306,0.367,-0.22010187789857827
447,True,True,100.0,0.0,577669,0,0,-1,1,0,3,0.5,0.0,0,Noah,0.5,552,False,,2025-12-13T14:30:11.905086Z,49,577669.jpg,2.3,False,Sadiki,0.0,False,,a,17,56,37,7919,44,10339,68,0.1,7.6,Sadiki,50.0,2025-07-04,2004-12-17,False,p577669,1414,0,0,5,17,0,0,0,4,0,0,0,190,159.4,155.6,37.0,35.3,50,48,20,118,16,0.24,0.75,0.99,20.09,,,,,,,[],242,105,148,102,304,159,253,126,0.02,0.0,0.05,0.07,1.28,1.08,337,209,346,155,271,119,586,219,1.02,0.32,7.51,0,Sunderland,3,1100,1145,1100,1120,1100,1170,17,8,3,3,True,8,22,1680.29211426,Sunderland,Crystal Palace,0.328,0.306,0.367,-0.13254463796691862
448,True,True,100.0,100.0,477851,0,0,-2,2,0,3,0.0,0.0,0,Abdoullah,0.0,554,False,,,43,477851.jpg,0.0,False,Ba,0.4,False,,a,17,56,0,77080,174,68480,879,0.0,0.0,Ba,73.0,2022-08-31,2003-07-31,False,p477851,0,0,0,0,0,0,0,0,0,0,0,0,0,0.0,0.0,0.0,0.0,0,0,0,0,0,0.00,0.00,0.00,0.00,,,,,,,[],606,220,604,225,573,210,610,222,0.0,0.0,0.0,0.0,0.0,0.0,577,336,562,198,617,229,274,93,0.0,0.0,0.0,51217,Sunderland,3,1100,1145,1100,1120,1100,1170,17,8,3,3,True,8,22,1680.29211426,Sunderland,Crystal Palace,0.328,0.306,0.367,0.059082165430063206
449,True,True,100.0,100.0,547410,0,0,-2,2,0,3,0.0,0.0,0,Harrison,0.0,557,False,,,43,547410.jpg,0.0,False,Jones,0.1,False,,a,17,56,0,6276,58,8674,116,0.0,0.0,H.Jones,241.0,2024-01-01,2004-12-25,False,p547410,0,0,0,0,0,0,0,0,0,0,0,0,0,0.0,0.0,0.0,0.0,0,0,0,0,0,0.00,0.00,0.00,0.00,,,,,,,[],616,226,614,231,584,217,619,228,0.0,0.0,0.0,0.0,0.0,0.0,598,345,573,204,626,235,540,193,0.0,0.0,0.0,12804,Sunderland,3,1100,1145,1100,1120,1100,1170,17,8,3,3,True,8,22,1680.29211426,Sunderland,Crystal Palace,0.328,0.306,0.367,-0.16040133779264215
450,True,True,100.0,100.0,493837,0,0,-2,2,0,3,0.0,0.0,0,Jay,0.0,558,False,,,43,493837.jpg,0.0,False,Matete,0.2,False,,a,17,56,0,30554,322,37857,620,0.0,0.0,Matete,241.0,2022-01-31,2001-02-11,False,p493837,0,0,0,0,0,0,0,0,0,0,0,0,0,0.0,0.0,0.0,0.0,0,0,0,0,0,0.00,0.00,0.00,0.00,,,,,,,[],609,222,606,227,575,212,612,224,0.0,0.0,0.0,0.0,0.0,0.0,584,339,565,200,619,231,356,118,0.0,0.0,0.0,25608,Sunderland,3,1100,1145,1100,1120,1100,1170,17,8,3,3,True,8,22,1680.29211426,Sunderland,Crystal Palace,0.328,0.306,0.367,-0.10675183815468273
451,True,True,75.0,75.0,437505,0,0,-2,2,1,4,0.4,0.4,0,Wilson,0.5,560,False,Knock - 75% chance of playing,2026-01-04T21:30:13.190592Z,53,437505.jpg,2.6,False,Isidor,1.7,False,,d,17,56,50,931251,628,792926,17784,0.1,9.4,Isidor,73.0,2025-02-01,2000-08-27,False,p437505,970,4,0,4,13,0,0,0,1,0,0,7,166,160.4,22.2,345.0,52.6,13,16,7,36,11,3.39,0.06,3.45,15.56,,,,,,,[],241,20,357,42,36,15,160,18,0.31,0.0,0.01,0.32,1.44,1.21,196,45,349,41,237,23,146,21,1.02,0.37,3.34,217670,Sunderland,3,1100,1145,1100,1120,1100,1170,17,8,3,3,True,8,22,1680.29211426,Sunderland,Crystal Palace,0.328,0.306,0.367,0.08022668206338444
452,True,True,100.0,100.0,564406,0,0,-3,3,0,4,1.0,1.0,1,Eliezer,1.0,561,False,,,52,564406.jpg,1.9,False,Mayenda Dossou,0.5,False,,a,17,56,23,261794,465,298223,840,0.2,4.4,Mayenda,200.0,2023-07-28,2005-05-08,False,p564406,492,1,0,3,4,0,0,0,0,0,0,2,82,65.2,39.4,110.0,21.1,5,9,2,16,5,0.91,0.13,1.04,8.99,,,,,3.0,,[],354,37,328,39,173,38,322,39,0.17,0.0,0.02,0.19,1.64,0.73,220,48,293,35,327,32,245,39,0.91,0.55,2.93,64021,Sunderland,3,1100,1145,1100,1120,1100,1170,17,8,3,3,True,8,22,1680.29211426,Sunderland,Crystal Palace,0.328,0.306,0.367,-0.06504981098788072
453,True,True,100.0,100.0,611975,0,0,-2,2,0,4,0.0,0.0,0,Ahmed,0.0,562,False,,,43,611975.jpg,0.0,False,Abdullahi,0.4,False,,a,17,56,0,43363,387,75102,766,0.0,0.0,Abdullahi,157.0,2024-08-31,2004-06-19,False,p611975,0,0,0,0,0,0,0,0,0,0,0,0,0,0.0,0.0,0.0,0.0,0,0,0,0,0,0.00,0.00,0.00,0.00,,,,,,,[],623,64,621,63,592,63,626,64,0.0,0.0,0.0,0.0,0.0,0.0,608,85,581,55,633,64,278,43,0.0,0.0,0.0,51217,Sunderland,3,1100,1145,1100,1120,1100,1170,17,8,3,3,True,8,22,1680.29211426,Sunderland,Crystal Palace,0.328,0.306,0.367,-0.26791879458067785
464,True,True,100.0,100.0,184254,0,0,-2,2,0,1,3.0,3.0,1,Guglielmo,3.0,565,False,,,48,184254.jpg,3.6,False,Vicario,6.9,False,,a,18,6,75,1308487,8795,1208534,13594,0.6,15.6,Vicario,106.0,2023-07-01,1996-10-07,False,p184254,1890,0,0,7,27,0,0,0,1,0,55,6,333,474.0,0.1,0.0,47.5,28,176,0,0,21,0.00,0.02,0.02,26.57,,,,,,,[],27,7,464,14,715,78,184,8,0.0,2.62,0.0,0.0,1.27,1.29,348,14,126,11,110,13,59,9,1.0,0.33,0.0,883485,Spurs,3,1165,1175,1130,1150,1200,1200,18,19,2,3,True,19,22,1803.93261719,Spurs,West Ham,0.555,0.244,0.201,0.03971083276619464
465,True,True,100.0,100.0,214572,0,0,-1,1,0,1,0.0,0.0,0,Brandon,0.0,566,False,,,39,214572.jpg,0.0,False,Austin,0.3,False,,a,18,6,0,19727,144,21596,318,0.0,0.0,Austin,241.0,2017-07-22,1999-01-08,False,p214572,0,0,0,0,0,0,0,0,0,0,0,0,0,0.0,0.0,0.0,0.0,0,0,0,0,0,0.00,0.00,0.00,0.00,,,,,,,[],508,43,501,30,462,15,511,43,0.0,0.0,0.0,0.0,0.0,0.0,729,76,450,38,518,43,308,42,0.0,0.0,0.0,38412,Spurs,3,1165,1175,1130,1150,1200,1200,18,19,2,3,True,19,22,1803.93261719,Spurs,West Ham,0.555,0.244,0.201,-0.04522904919778332
466,True,True,100.0,100.0,485055,0,0,-1,1,0,1,0.0,0.0,0,Antonín,0.0,567,False,,,39,485055.jpg,0.0,False,Kinský,1.7,False,,a,18,6,0,121558,599,157869,1857,0.0,0.0,Kinsky,57.0,2025-01-05,2003-03-13,False,p485055,0,0,0,0,0,0,0,0,0,0,0,0,0,0.0,0.0,0.0,0.0,0,0,0,0,0,0.00,0.00,0.00,0.00,,,,,,,[],518,50,511,37,472,22,521,50,0.0,0.0,0.0,0.0,0.0,0.0,745,83,460,45,528,50,147,19,0.0,0.0,0.0,217670,Spurs,3,1165,1175,1130,1150,1200,1200,18,19,2,3,True,19,22,1803.93261719,Spurs,West Ham,0.555,0.244,0.201,-0.1299480723051101
467,True,True,100.0,100.0,441164,0,0,-3,3,2,2,3.5,3.5,0,Pedro,3.5,568,False,,,52,441164.jpg,3.5,False,Porro Sauceda,12.6,False,,a,18,6,74,1396118,16127,2522528,24757,0.7,14.2,Pedro Porro,200.0,2023-07-01,1999-09-13,False,p441164,1685,0,2,7,21,0,0,0,5,0,0,4,314,363.2,423.6,71.0,86.0,89,83,40,129,19,0.35,2.31,2.66,22.06,3.0,,2.0,,,,[],77,34,21,1,246,68,57,7,0.02,0.0,0.12,0.14,1.18,1.12,215,31,90,31,121,46,30,10,1.01,0.37,6.89,1613321,Spurs,3,1165,1175,1130,1150,1200,1200,18,19,2,3,True,19,22,1803.93261719,Spurs,West Ham,0.555,0.244,0.201,-0.28744877694999754
468,True,True,100.0,100.0,221632,0,0,0,0,2,2,2.5,2.5,3,Cristian,2.5,569,False,,2025-12-20T23:00:11.705207Z,50,221632.jpg,4.3,False,Romero,3.7,False,,a,18,6,73,878390,8194,976843,5276,0.5,14.6,Romero,10.0,2022-08-30,1998-04-27,False,p221632,1457,2,1,5,21,0,0,0,7,1,0,8,265,426.2,97.0,150.0,67.3,112,65,44,156,16,1.07,1.05,2.12,20.38,,,,,,,[],43,19,211,56,126,22,101,29,0.07,0.0,0.06,0.13,1.26,1.3,251,39,168,64,48,23,91,35,0.99,0.31,9.64,473753,Spurs,3,1165,1175,1130,1150,1200,1200,18,19,2,3,True,19,22,1803.93261719,Spurs,West Ham,0.555,0.244,0.201,-0.05306772788108017
469,True,True,100.0,100.0,135720,0,0,-3,3,0,2,1.2,1.2,0,Kevin,1.2,570,False,,,42,135720.jpg,2.2,False,Danso,0.1,False,,a,18,6,26,15983,153,27476,257,0.3,6.2,Danso,14.0,2025-07-01,1998-09-19,False,p135720,581,0,0,2,10,0,0,0,4,0,0,1,106,175.2,7.1,8.0,19.1,75,25,11,86,7,0.03,0.16,0.19,9.30,,,,,,,[],225,91,410,150,376,137,333,112,0.0,0.0,0.02,0.02,1.44,1.55,617,143,266,101,282,109,421,157,1.08,0.31,13.32,12804,Spurs,3,1165,1175,1130,1150,1200,1200,18,19,2,3,True,19,22,1803.93261719,Spurs,West Ham,0.555,0.244,0.201,-0.2644561540762558
470,True,True,100.0,100.0,115556,0,0,-2,2,0,2,1.7,1.7,0,Ben,1.7,571,False,,2025-10-14T13:00:06.756853Z,43,115556.jpg,5.0,False,Davies,0.1,False,,a,18,6,10,4135,156,10341,132,0.4,2.3,Davies,244.0,2014-07-23,1993-04-24,False,p115556,118,1,0,0,2,0,0,0,0,0,0,1,30,64.8,18.2,52.0,13.5,9,3,4,13,1,0.49,0.07,0.56,0.78,,,,,,,[],355,134,368,133,281,85,363,129,0.37,0.0,0.05,0.42,0.59,1.53,561,124,227,88,17,7,506,184,0.76,0.0,9.92,12804,Spurs,3,1165,1175,1130,1150,1200,1200,18,19,2,3,True,19,22,1803.93261719,Spurs,West Ham,0.555,0.244,0.201,-0.42870958828405636
471,True,True,100.0,100.0,493125,0,0,0,0,0,2,0.2,0.2,0,Radu,0.2,572,False,,2025-07-21T10:00:05.088977Z,45,493125.jpg,1.0,False,Drăgușin,0.0,False,,a,18,6,1,900,53,891,34,0.0,0.2,Dragusin,177.0,2024-01-11,2002-02-03,False,p493125,5,0,0,0,0,0,0,0,0,0,0,0,2,0.0,0.3,4.0,0.4,1,1,0,1,0,0.06,0.00,0.06,0.06,,,,,,,[],677,251,455,167,402,150,468,167,1.08,0.0,0.0,1.08,1.08,0.0,436,88,396,146,445,164,714,243,0.0,0.0,18.0,0,Spurs,3,1165,1175,1130,1150,1200,1200,18,19,2,3,True,19,22,1803.93261719,Spurs,West Ham,0.555,0.244,0.201,0.005025125628140704
472,True,True,100.0,100.0,232859,0,0,-2,2,0,2,2.7,2.7,1,Djed,2.7,573,False,,,43,232859.jpg,2.9,False,Spence,1.2,False,,a,18,6,53,286974,1647,318378,2700,0.6,12.3,Spence,241.0,2022-07-19,2000-08-09,False,p232859,1345,0,0,7,18,0,0,0,2,0,0,1,199,168.8,121.7,77.0,36.6,45,67,24,69,16,0.59,0.65,1.24,19.79,,,,,,,[],233,96,181,44,234,63,243,81,0.04,0.0,0.04,0.08,1.32,1.2,570,130,149,58,198,79,171,68,1.07,0.47,4.62,153650,Spurs,3,1165,1175,1130,1150,1200,1200,18,19,2,3,True,19,22,1803.93261719,Spurs,West Ham,0.555,0.244,0.201,-0.0518772548864132
473,True,True,75.0,75.0,487053,0,0,-2,2,0,2,0.0,0.0,0,Destiny,0.0,574,False,Lack of match fitness - 75% chance of playing,2026-01-05T18:30:09.905036Z,43,487053.jpg,1.3,False,Udogie,0.3,False,,d,18,6,13,46374,84,108389,251,0.0,3.0,Udogie,106.0,2022-08-16,2002-11-28,False,p487053,605,0,1,0,13,0,0,0,1,0,0,0,58,119.0,98.3,57.0,27.4,18,38,12,30,6,0.10,0.32,0.42,10.36,,,,,,,[],284,108,210,55,274,82,292,96,0.01,0.0,0.05,0.06,1.54,1.93,579,137,563,234,405,150,309,114,0.89,0.0,4.46,38412,Spurs,3,1165,1175,1130,1150,1200,1200,18,19,2,3,True,19,22,1803.93261719,Spurs,West Ham,0.555,0.244,0.201,-0.40070947190219885
474,True,True,100.0,100.0,491279,1,-1,1,-1,3,2,4.2,4.2,0,Micky,4.2,575,False,,,46,491279.jpg,4.5,False,van de Ven,28.0,False,,a,18,6,89,3165389,69141,2945457,46954,0.9,19.3,Van de Ven,152.0,2023-08-08,2001-04-19,False,p491279,1789,3,1,7,25,0,0,0,5,0,0,10,319,417.6,72.2,172.0,66.2,105,73,22,127,20,2.41,0.31,2.72,24.53,,,,,,,[],48,22,256,76,111,17,106,33,0.12,0.0,0.02,0.14,1.23,1.26,389,70,51,16,41,18,10,3,1.01,0.35,6.39,3585157,Spurs,3,1165,1175,1130,1150,1200,1200,18,19,2,3,True,19,22,1803.93261719,Spurs,West Ham,0.555,0.244,0.201,0.03599043405773931
209,True,True,100.0,100.0,242898,0,0,-5,5,0,3,1.0,1.0,2,Brennan,1.0,580,False,,,65,242898.jpg,2.1,False,Johnson,2.6,False,,a,8,31,37,1121542,5416,1271877,3342,0.2,5.7,Johnson,244.0,2026-01-02,2001-05-23,False,p242898,763,2,0,4,6,0,0,0,4,0,0,2,123,148.4,123.5,153.0,42.4,17,21,15,53,8,1.54,0.40,1.94,12.68,,,,,,,[],256,112,176,118,125,73,214,108,0.18,0.0,0.05,0.23,1.5,0.71,51,33,299,134,306,135,114,37,0.94,0.47,6.25,332907,Crystal Palace,3,1165,1205,1150,1150,1180,1260,17,8,3,3,False,17,22,1799.60229492,Sunderland,Crystal Palace,0.328,0.306,0.367,-0.06281181857418196
475,True,True,100.0,100.0,511499,0,0,-3,3,1,3,2.3,2.3,10,Mathys,2.3,584,False,,,62,511499.jpg,3.0,False,Tel,0.2,False,,a,18,6,42,24816,5206,27376,584,0.4,6.8,Tel,73.0,2025-07-01,2005-04-27,False,p511499,461,3,1,1,8,0,0,0,0,0,0,5,137,135.6,81.7,103.0,32.2,5,26,8,39,5,0.60,0.50,1.10,5.00,4.0,,,,4.0,,[],267,117,235,145,191,108,271,131,0.12,0.0,0.1,0.22,0.98,1.56,79,52,185,81,196,84,401,135,0.98,0.2,7.61,25608,Spurs,3,1165,1175,1130,1150,1200,1200,18,19,2,3,True,19,22,1803.93261719,Spurs,West Ham,0.555,0.244,0.201,-0.049049662783568364
476,True,True,50.0,100.0,202993,0,0,-2,2,1,3,1.6,3.2,2,Rodrigo,3.2,585,False,Hamstring injury - 50% chance of playing,2026-01-08T18:30:11.365390Z,53,202993.jpg,3.2,False,Bentancur,0.2,False,,d,18,6,64,56751,327,56314,1688,0.6,12.1,Bentancur,230.0,2022-01-31,1997-06-25,False,p202993,1407,1,1,5,21,0,0,0,5,0,0,3,269,268.6,159.7,85.0,51.6,69,101,37,207,17,0.45,0.68,1.13,20.56,,,,,,,[],151,54,142,98,221,123,167,90,0.03,0.0,0.04,0.07,1.32,1.34,187,116,115,49,159,69,346,114,1.09,0.32,13.24,25608,Spurs,3,1165,1175,1130,1150,1200,1200,18,19,2,3,True,19,22,1803.93261719,Spurs,West Ham,0.555,0.244,0.201,0.003865033387874232
477,True,True,75.0,100.0,570526,0,0,-2,2,1,3,0.9,1.2,1,Lucas,1.2,586,False,Knock - 75% chance of playing,2026-01-08T18:30:11.382633Z,53,570526.jpg,2.4,False,Bergvall,0.2,False,,d,18,6,38,102087,169,107113,520,0.2,7.2,Bergvall,206.0,2024-07-01,2006-02-02,False,p570526,798,1,2,3,12,0,0,0,2,0,0,0,133,133.4,77.4,127.0,33.9,14,34,20,68,10,0.96,0.31,1.27,9.31,,,,,,,[],269,118,243,151,154,91,260,127,0.11,0.0,0.03,0.14,1.05,1.35,207,127,274,120,262,114,368,124,1.13,0.34,7.67,25608,Spurs,3,1165,1175,1130,1150,1200,1200,18,19,2,3,True,19,22,1803.93261719,Spurs,West Ham,0.555,0.244,0.201,-0.024024856596558317
478,True,True,100.0,0.0,227127,0,0,-3,3,0,3,0.0,0.0,0,Yves,0.0,587,False,,2025-08-22T13:47:04.343594Z,52,227127.jpg,0.0,False,Bissouma,0.0,False,,a,18,6,0,1266,35,13706,20,0.0,0.0,Bissouma,132.0,2022-06-17,1996-08-30,False,p227127,0,0,0,0,0,0,0,0,0,0,0,0,0,0.0,0.0,0.0,0.0,0,0,0,0,0,0.00,0.00,0.00,0.00,,,,,,,[],768,337,767,337,761,335,768,337,0.0,0.0,0.0,0.0,0.0,0.0,211,130,749,329,768,337,608,234,0.0,0.0,0.0,0,Spurs,3,1165,1175,1130,1150,1200,1200,18,19,2,3,True,19,22,1803.93261719,Spurs,West Ham,0.555,0.244,0.201,-0.8308843173924659
479,True,True,100.0,100.0,550839,0,0,-2,2,0,3,1.5,1.5,1,Wilson,1.5,588,False,,2025-10-23T14:00:09.078476Z,53,550839.jpg,1.7,False,Odobert,0.0,False,,a,18,6,33,5730,195,6942,184,0.3,6.2,Odobert,73.0,2024-08-16,2004-11-28,False,p550839,706,0,1,2,10,0,0,0,0,0,0,3,118,97.6,175.2,120.0,39.2,12,34,7,53,6,0.97,0.75,1.72,8.16,,,,,,,[],309,137,129,93,162,95,226,114,0.12,0.0,0.1,0.22,1.04,1.27,206,126,254,111,360,159,590,223,0.76,0.25,6.76,0,Spurs,3,1165,1175,1130,1150,1200,1200,18,19,2,3,True,19,22,1803.93261719,Spurs,West Ham,0.555,0.244,0.201,-0.09564393939393939
480,True,True,100.0,100.0,547701,0,0,-2,2,0,3,3.2,3.2,1,Archie,3.2,591,False,,2025-10-31T09:00:09.658347Z,48,547701.jpg,2.5,False,Gray,0.1,False,,a,18,6,27,13607,482,18148,541,0.7,5.6,Gray,241.0,2024-07-02,2006-03-12,False,p547701,600,1,0,5,7,0,0,0,3,0,0,3,95,91.0,44.6,78.0,21.3,30,26,4,60,8,0.68,0.12,0.80,6.65,,,,,,,[],319,141,319,175,232,127,319,157,0.1,0.0,0.02,0.12,1.0,1.05,366,228,113,48,245,107,423,141,1.2,0.75,9.0,12804,Spurs,3,1165,1175,1130,1150,1200,1200,18,19,2,3,True,19,22,1803.93261719,Spurs,West Ham,0.555,0.244,0.201,-0.1430011021886317
481,True,True,100.0,100.0,499726,0,0,-2,2,0,3,0.0,0.0,0,Callum,0.0,595,False,,,43,499726.jpg,0.0,False,Olusesi,0.2,False,,a,18,6,0,20512,146,26697,324,0.0,0.0,Olusesi,241.0,2024-11-06,2007-03-11,False,p499726,0,0,0,0,0,0,0,0,0,0,0,0,0,0.0,0.0,0.0,0.0,0,0,0,0,0,0.00,0.00,0.00,0.00,,,,,,,[],610,223,607,228,577,214,613,225,0.0,0.0,0.0,0.0,0.0,0.0,588,341,567,201,620,232,370,125,0.0,0.0,0.0,25608,Spurs,3,1165,1175,1130,1150,1200,1200,18,19,2,3,True,19,22,1803.93261719,Spurs,West Ham,0.555,0.244,0.201,-0.1310131542714313
482,True,True,100.0,100.0,212319,0,0,-1,1,1,4,2.7,2.7,1,Richarlison,2.7,597,False,,,64,212319.jpg,3.6,False,de Andrade,7.7,False,,a,18,6,75,2944072,16690,2747152,35873,0.4,11.7,Richarlison,30.0,2022-07-01,1997-05-10,False,p212319,1276,7,3,5,19,0,0,0,4,0,0,9,336,381.8,159.3,464.0,100.4,46,37,15,98,13,4.80,1.22,6.02,17.99,,,,,3.0,,[],63,5,143,10,13,8,39,8,0.34,0.0,0.09,0.43,1.27,1.34,57,21,164,20,116,10,55,11,0.92,0.35,6.91,985918,Spurs,3,1165,1175,1130,1150,1200,1200,18,19,2,3,True,19,22,1803.93261719,Spurs,West Ham,0.555,0.244,0.201,0.03460064126802952
483,True,True,100.0,100.0,490145,0,0,-2,2,0,4,0.2,0.2,0,Dane,0.2,599,False,,,43,490145.jpg,1.0,False,Scarlett,0.6,False,,a,18,6,1,56116,529,98539,840,0.0,0.2,Scarlett,241.0,2020-08-21,2004-03-24,False,p490145,2,0,0,0,0,0,0,0,0,0,0,0,2,0.0,0.1,2.0,0.2,0,0,0,0,0,0.00,0.00,0.00,0.00,,,,,,,[],607,60,460,57,416,56,476,58,0.0,0.0,0.0,0.0,0.0,0.0,581,79,388,48,433,50,234,36,0.0,0.0,0.0,76825,Spurs,3,1165,1175,1130,1150,1200,1200,18,19,2,3,True,19,22,1803.93261719,Spurs,West Ham,0.555,0.244,0.201,-0.27430732921664347
492,True,True,100.0,100.0,84182,0,0,-2,2,0,1,2.0,2.0,2,Alphonse,2.0,600,False,,,43,84182.jpg,2.6,False,Areola,2.2,False,,a,19,21,44,142399,1959,389881,4214,0.5,10.2,Areola,73.0,2022-07-01,1993-02-27,False,p84182,1530,0,1,0,32,0,0,0,0,0,68,2,193,513.4,10.0,0.0,52.2,24,121,0,0,17,0.00,0.00,0.00,30.49,,,,,,,[],18,5,396,6,569,63,161,5,0.0,4.0,0.0,0.0,1.79,1.88,556,27,195,16,232,20,125,16,1.0,0.0,0.0,281691,West Ham,3,1075,1075,1050,1050,1100,1100,18,19,2,3,False,18,22,1699.84411621,Spurs,West Ham,0.555,0.244,0.201,-0.4649470203652213
493,True,True,100.0,100.0,483364,0,0,-1,1,0,1,0.0,0.0,0,Krisztián,0.0,602,False,,,39,483364.jpg,0.0,False,Hegyi,0.2,False,,a,19,21,0,11282,223,15385,271,0.0,0.0,Hegyi,98.0,2022-08-24,2002-09-24,False,p483364,0,0,0,0,0,0,0,0,0,0,0,0,0,0.0,0.0,0.0,0.0,0,0,0,0,0,0.00,0.00,0.00,0.00,,,,,,,[],517,49,510,36,471,21,520,49,0.0,0.0,0.0,0.0,0.0,0.0,744,82,459,44,527,49,342,49,0.0,0.0,0.0,25608,West Ham,3,1075,1075,1050,1050,1100,1100,18,19,2,3,False,18,22,1699.84411621,Spurs,West Ham,0.555,0.244,0.201,-0.15386057674279072
494,True,True,100.0,100.0,214048,0,0,-3,3,0,2,1.0,1.0,0,Maximilian,1.0,605,False,,,42,214048.jpg,1.9,False,Kilman,0.2,False,,a,19,21,34,27944,83,43599,625,0.2,8.1,Kilman,241.0,2024-07-05,1997-05-23,False,p214048,1533,0,0,1,35,0,0,0,4,0,0,0,77,380.8,55.6,60.0,49.7,139,42,16,155,17,0.56,0.25,0.81,31.46,,,,,,,[],64,29,295,98,270,79,179,59,0.03,0.0,0.01,0.04,1.85,2.05,621,146,287,105,322,125,386,141,1.0,0.06,9.1,25608,West Ham,3,1075,1075,1050,1050,1100,1100,18,19,2,3,False,18,22,1699.84411621,Spurs,West Ham,0.555,0.244,0.201,-0.21881945123911495
495,True,True,100.0,100.0,233963,0,0,-1,1,0,2,1.0,1.0,2,Konstantinos,1.0,606,False,,2025-10-23T14:00:09.099071Z,44,233963.jpg,2.4,False,Mavropanos,0.1,False,,a,19,21,34,10326,70,11935,198,0.2,7.7,Mavropanos,83.0,2023-08-22,1997-12-11,False,p233963,1091,0,0,1,22,1,0,0,2,0,0,0,103,277.4,10.8,105.0,39.3,113,47,16,129,11,0.74,0.32,1.06,18.57,,,,,,,[],142,61,391,143,182,42,224,75,0.06,0.0,0.03,0.09,1.53,1.81,522,112,289,107,253,99,536,196,0.91,0.08,10.64,12804,West Ham,3,1075,1075,1050,1050,1100,1100,18,19,2,3,False,18,22,1699.84411621,Spurs,West Ham,0.555,0.244,0.201,-0.07227887336597637
496,True,True,100.0,100.0,536109,0,0,-2,2,0,2,1.8,1.8,4,Ollie,1.8,608,False,,2025-12-20T23:30:09.037716Z,43,536109.jpg,1.7,False,Scarles,0.0,False,,a,19,21,12,3516,71,4960,110,0.4,2.8,Scarles,241.0,2022-10-01,2005-12-12,False,p536109,464,0,0,0,12,0,0,0,0,0,0,0,43,92.8,44.6,18.0,15.6,30,26,21,51,7,0.18,0.28,0.46,10.13,,,,,,,[],317,119,318,107,354,123,352,124,0.03,0.0,0.05,0.08,1.96,2.33,595,141,207,79,353,133,607,218,1.36,0.0,9.89,0,West Ham,3,1075,1075,1050,1050,1100,1100,18,19,2,3,False,18,22,1699.84411621,Spurs,West Ham,0.555,0.244,0.201,-0.170363378952336
497,True,True,100.0,75.0,462116,0,0,-2,2,0,2,1.0,0.8,2,Jean-Clair,1.0,609,False,,2025-12-31T00:00:10.284367Z,43,462116.jpg,1.7,False,Todibo,0.1,False,,a,19,21,25,9282,78,16213,133,0.2,5.8,Todibo,73.0,2025-07-01,1999-12-30,False,p462116,1251,0,1,0,28,0,0,0,4,0,0,0,94,277.4,62.8,15.0,35.6,87,60,25,112,15,0.05,0.29,0.34,23.93,,,,,,,[],141,60,276,89,364,129,250,83,0.0,0.0,0.02,0.02,1.72,2.01,574,134,288,106,352,132,464,170,1.08,0.0,8.06,12804,West Ham,3,1075,1075,1050,1050,1100,1100,18,19,2,3,False,18,22,1699.84411621,Spurs,West Ham,0.555,0.244,0.201,-0.27185722690723674
498,True,True,100.0,0.0,214590,0,0,-4,4,0,2,0.2,0.0,0,Aaron,0.2,610,False,,2025-12-13T14:30:12.044504Z,41,214590.jpg,2.1,False,Wan-Bissaka,3.9,False,,a,19,21,25,118135,423,2250437,4671,0.0,6.1,Wan-Bissaka,50.0,2024-08-13,1997-11-26,False,p214590,1011,0,1,0,25,0,0,0,2,0,0,0,61,195.8,171.4,18.0,38.7,74,30,14,88,11,0.00,0.50,0.50,19.32,,,,,,,[],205,82,132,31,353,122,231,78,0.0,0.0,0.04,0.04,1.72,2.23,640,159,385,143,295,113,89,33,0.98,0.0,7.83,499361,West Ham,3,1075,1075,1050,1050,1100,1100,18,19,2,3,False,18,22,1699.84411621,Spurs,West Ham,0.555,0.244,0.201,-0.9002479130885613
499,True,True,100.0,75.0,224024,0,0,-1,1,1,3,3.7,2.8,2,Lucas,3.7,612,False,,2026-01-05T18:30:10.016169Z,59,224024.jpg,3.8,False,Tolentino Coelho de Lima,2.1,False,,a,19,21,69,895965,2427,837214,21463,0.6,11.7,L.Paquetá,30.0,2022-08-29,1997-08-27,False,p224024,1513,4,2,3,33,0,0,0,5,1,0,8,291,374.6,397.2,186.0,95.7,30,76,40,146,18,2.85,2.00,4.85,24.22,3.0,,2.0,,1.0,,[],73,23,27,26,99,59,43,32,0.17,0.0,0.12,0.29,1.44,1.96,97,63,87,39,99,42,128,43,1.07,0.18,8.68,268887,West Ham,3,1075,1075,1050,1050,1100,1100,18,19,2,3,False,18,22,1699.84411621,Spurs,West Ham,0.555,0.244,0.201,0.033897825902575555
500,True,True,100.0,100.0,215439,0,0,-3,3,1,3,1.8,1.8,6,Tomáš,1.8,613,False,,2025-09-13T21:30:08.395458Z,57,215439.jpg,2.3,False,Souček,0.2,False,,a,19,21,42,26368,213,100754,379,0.3,7.4,Souček,57.0,2020-07-28,1995-02-27,False,p215439,716,2,2,1,22,0,0,0,0,1,0,4,158,193.2,54.5,206.0,45.4,45,20,13,78,7,2.50,0.12,2.62,16.59,,,,,,,[],207,88,296,167,85,52,198,100,0.31,0.0,0.02,0.33,2.09,2.77,117,75,218,94,275,122,349,116,0.88,0.13,9.8,25608,West Ham,3,1075,1075,1050,1050,1100,1100,18,19,2,3,False,18,22,1699.84411621,Spurs,West Ham,0.555,0.244,0.201,-0.5851544185900159
501,True,True,100.0,100.0,101178,0,0,-4,4,0,3,0.0,0.0,0,James,0.0,614,False,,,56,101178.jpg,2.2,False,Ward-Prowse,0.2,False,,a,19,21,11,14671,125,44343,349,0.0,2.0,Ward-Prowse,241.0,2023-08-14,1994-11-01,False,p101178,414,0,0,1,11,0,0,0,0,0,0,0,82,56.6,176.3,6.0,23.9,9,9,4,22,5,0.13,0.91,1.04,7.27,,,3.0,,3.0,,[],372,164,126,90,398,196,308,149,0.03,0.0,0.2,0.23,1.58,2.39,125,78,777,346,289,126,388,131,1.09,0.22,4.78,25608,West Ham,3,1075,1075,1050,1050,1100,1100,18,19,2,3,False,18,22,1699.84411621,Spurs,West Ham,0.555,0.244,0.201,-0.502795946724506
502,True,True,100.0,100.0,450070,0,0,0,0,0,3,2.0,2.0,4,Crysencio,2.0,615,False,,2025-11-28T19:00:08.821232Z,55,450070.jpg,2.4,False,Summerville,0.1,False,,a,19,21,38,33702,274,28647,434,0.4,6.9,Summerville,152.0,2024-08-03,2001-10-30,False,p450070,1137,0,3,1,24,0,0,0,3,0,0,0,139,117.6,173.8,211.0,50.3,25,52,19,96,14,1.85,0.68,2.53,18.33,2.0,,,,,,[],286,127,131,95,79,49,178,96,0.15,0.0,0.05,0.2,1.45,1.9,147,93,201,87,263,115,478,164,1.11,0.08,7.6,12804,West Ham,3,1075,1075,1050,1050,1100,1100,18,19,2,3,False,18,22,1699.84411621,Spurs,West Ham,0.555,0.244,0.201,0.08107587932444786
503,True,True,100.0,100.0,197024,0,0,-2,2,0,3,0.3,0.3,0,Guido,0.3,618,False,,,48,197024.jpg,1.4,False,Rodríguez,0.0,False,,a,19,21,7,2177,27,5399,65,0.1,1.5,G.Rodriguez,10.0,2024-08-06,1994-04-12,False,p197024,164,0,0,1,2,0,0,0,1,0,0,0,26,5.6,6.0,2.0,1.3,2,10,1,13,2,0.03,0.04,0.07,2.38,,,,,,,[],445,203,415,203,420,207,456,210,0.02,0.0,0.02,0.04,1.31,1.1,349,218,364,165,393,175,587,220,1.1,0.55,7.13,0,West Ham,3,1075,1075,1050,1050,1100,1100,18,19,2,3,False,18,22,1699.84411621,Spurs,West Ham,0.555,0.244,0.201,-0.42529039070749736
504,True,True,100.0,100.0,490885,0,0,0,0,0,3,0.2,0.2,0,George,0.2,620,False,,2025-10-02T14:30:07.920085Z,45,490885.jpg,1.0,False,Earthy,0.0,False,,a,19,21,1,3751,37,8782,84,0.0,0.2,Earthy,241.0,2023-07-14,2004-09-05,False,p490885,8,0,0,0,1,0,0,0,0,0,0,0,3,0.0,1.5,2.0,0.4,0,0,0,0,0,0.00,0.01,0.01,0.73,,,,,,,[],675,266,434,209,418,205,467,214,0.0,0.0,0.11,0.11,8.21,11.25,434,260,395,178,444,200,581,216,0.0,0.0,0.0,0,West Ham,3,1075,1075,1050,1050,1100,1100,18,19,2,3,False,18,22,1699.84411621,Spurs,West Ham,0.555,0.244,0.201,-0.40142025053857816
505,True,True,100.0,100.0,229384,0,0,-2,2,0,3,0.0,0.0,0,Andy,0.0,621,False,,,43,229384.jpg,1.3,False,Irving,0.3,False,,a,19,21,9,42804,283,47128,605,0.0,2.1,Irving,243.0,2023-08-31,2000-05-13,False,p229384,156,0,0,0,4,0,0,0,0,0,0,0,49,31.6,52.3,2.0,8.6,2,14,6,22,2,0.00,0.17,0.17,4.03,3.0,,,,,,[],402,178,300,169,415,203,397,180,0.0,0.0,0.1,0.1,2.32,2.31,568,334,558,196,404,180,325,109,1.15,0.0,12.69,38412,West Ham,3,1075,1075,1050,1050,1100,1100,18,19,2,3,False,18,22,1699.84411621,Spurs,West Ham,0.555,0.244,0.201,-0.04808077213894943
506,True,True,100.0,100.0,490142,0,0,-1,1,0,3,2.2,2.2,1,Freddie,2.2,623,False,,2025-11-14T12:00:07.935476Z,44,490142.jpg,1.8,False,Potts,0.8,False,,a,19,21,29,133936,1196,124212,2691,0.5,6.6,Potts,241.0,2021-12-08,2003-09-12,False,p490142,967,0,1,0,23,0,0,0,1,0,0,0,186,159.0,124.8,35.0,31.9,37,36,23,96,10,0.21,0.40,0.61,19.37,1.0,,,,,,[],243,106,175,117,310,164,274,133,0.02,0.0,0.04,0.06,1.8,2.14,533,317,188,83,339,149,202,70,0.93,0.0,8.93,102433,West Ham,3,1075,1075,1050,1050,1100,1100,18,19,2,3,False,18,22,1699.84411621,Spurs,West Ham,0.555,0.244,0.201,0.037668314300323844
507,True,True,100.0,100.0,178186,0,0,-3,3,1,4,4.0,4.0,2,Jarrod,4.0,624,False,,,77,178186.jpg,4.3,False,Bowen,9.1,False,,a,19,21,90,1769923,13891,2473708,111462,0.5,11.7,Bowen,241.0,2020-01-31,1996-12-20,False,p178186,1890,6,2,1,43,0,0,0,2,0,0,16,363,399.2,267.2,566.0,123.1,30,80,24,134,21,4.50,1.60,6.10,35.93,,,1.0,,2.0,,[],51,3,73,2,7,6,14,3,0.21,0.0,0.08,0.29,1.71,2.05,18,6,66,10,55,6,50,10,1.0,0.05,6.38,1165176,West Ham,3,1075,1075,1050,1050,1100,1100,18,19,2,3,False,18,22,1699.84411621,Spurs,West Ham,0.555,0.244,0.201,-0.16584500396005214
519,True,True,100.0,100.0,101982,0,0,-1,1,0,1,-0.2,-0.2,0,Sam,-0.2,627,False,,,44,101982.jpg,1.8,False,Johnstone,0.1,False,,a,20,39,21,17536,170,20692,302,0.0,4.8,Johnstone,241.0,2024-08-30,1993-03-25,False,p101982,1080,0,0,0,24,1,0,0,0,0,39,0,117,308.0,0.1,0.0,30.8,24,107,2,0,12,0.00,0.02,0.02,18.59,,,,,,,[],116,18,462,13,596,67,279,18,0.0,3.25,0.0,0.0,1.55,2.0,508,26,795,91,338,27,410,63,1.0,0.0,0.0,12804,Wolves,3,1070,1085,1050,1050,1090,1120,20,15,3,2,True,15,22,1666.98193359,Wolves,Newcastle,0.213,0.246,0.541,-0.08255728785183634
520,True,True,100.0,100.0,149065,0,0,-3,3,0,1,2.3,2.3,1,José,2.3,628,False,,,42,149065.jpg,2.1,False,Malheiro de Sá,1.0,False,,a,20,39,19,44325,1125,153599,1296,0.5,4.5,José Sá,173.0,2021-07-15,1993-01-17,False,p149065,810,0,0,1,17,0,0,0,1,0,17,1,77,149.2,10.0,0.0,16.1,17,81,0,0,9,0.00,0.03,0.03,10.97,,,,,,,[],255,21,395,5,560,58,348,21,0.0,1.89,0.0,0.0,1.22,1.89,618,33,173,15,296,25,184,23,1.0,0.11,0.0,128041,Wolves,3,1070,1085,1050,1050,1090,1120,20,15,3,2,True,15,22,1666.98193359,Wolves,Newcastle,0.213,0.246,0.541,-0.5521008063701218
521,True,True,25.0,25.0,79602,0,0,-1,1,0,1,0.0,0.0,0,Daniel,0.0,629,False,Ankle injury - 25% chance of playing,2025-11-21T13:30:09.840951Z,39,79602.jpg,0.0,False,Bentley,0.5,False,,d,20,39,0,13267,137,47168,526,0.0,0.0,Bentley,241.0,2023-01-25,1993-07-13,False,p79602,0,0,0,0,0,0,0,0,0,0,0,0,0,0.0,0.0,0.0,0.0,0,0,0,0,0,0.00,0.00,0.00,0.00,,,,,,,[],499,34,492,21,452,6,502,34,0.0,0.0,0.0,0.0,0.0,0.0,717,67,440,29,509,34,254,33,0.0,0.0,0.0,64021,Wolves,3,1070,1085,1050,1050,1090,1120,20,15,3,2,True,15,22,1666.98193359,Wolves,Newcastle,0.213,0.246,0.541,-0.5609497807561843
235,True,True,100.0,100.0,138001,0,0,-1,1,0,1,0.0,0.0,0,Tom,0.0,630,False,,,39,138001.jpg,0.0,False,King,1.3,False,,a,9,11,0,65800,880,86824,1442,0.0,0.0,King,244.0,2025-08-15,1995-03-09,False,p138001,0,0,0,0,0,0,0,0,0,0,0,0,0,0.0,0.0,0.0,0.0,0,0,0,0,0,0.00,0.00,0.00,0.00,,,,,,,[],504,39,497,26,457,11,507,39,0.0,0.0,0.0,0.0,0.0,0.0,723,72,446,34,514,39,161,21,0.0,0.0,0.0,166454,Everton,3,1100,1130,1110,1130,1090,1130,2,9,2,3,False,2,22,1796.4831543,Aston Villa,Everton,0.518,0.267,0.215,-0.13775028829017716
522,True,True,100.0,0.0,516939,0,0,-3,3,0,2,0.0,0.0,0,Emmanuel,0.0,631,False,,2025-12-13T14:30:12.072057Z,42,516939.jpg,1.5,False,Agbadou,0.1,False,,a,20,39,20,23995,6,61755,146,0.0,4.8,Agbadou,54.0,2025-01-09,1997-06-17,False,p516939,1010,0,0,0,27,0,0,0,1,1,0,0,75,286.4,65.2,69.0,42.1,87,61,28,115,11,0.50,0.35,0.85,16.90,,,5.0,,,,[],133,56,270,83,249,70,216,71,0.04,0.0,0.03,0.07,1.51,2.41,630,151,550,226,379,138,436,161,0.98,0.0,10.25,12804,Wolves,3,1070,1085,1050,1050,1090,1120,20,15,3,2,True,15,22,1666.98193359,Wolves,Newcastle,0.213,0.246,0.541,-0.44034985422740525
523,True,True,100.0,100.0,87835,0,0,-1,1,0,2,1.5,1.5,0,Matt,1.5,632,False,,2025-10-31T09:00:09.720618Z,44,87835.jpg,1.4,False,Doherty,0.1,False,,a,20,39,11,5420,61,18975,152,0.3,2.5,Doherty,104.0,2023-07-20,1992-01-16,False,p87835,599,0,0,1,11,0,0,0,4,0,0,0,53,104.4,50.1,18.0,17.3,34,23,13,47,8,0.09,0.19,0.28,9.23,,,,,,,[],303,115,303,102,356,125,343,119,0.01,0.0,0.03,0.04,1.39,1.65,507,99,248,95,390,144,482,175,1.2,0.15,7.06,12804,Wolves,3,1070,1085,1050,1050,1090,1120,20,15,3,2,True,15,22,1666.98193359,Wolves,Newcastle,0.213,0.246,0.541,-0.5556466489034638
524,True,True,100.0,100.0,490721,0,0,-2,2,1,2,3.2,3.2,2,Hugo,3.2,633,False,,2025-12-19T14:30:09.734923Z,43,490721.jpg,2.4,False,Bueno López,0.1,False,,a,20,39,43,18221,350,17072,500,0.7,10.0,H.Bueno,200.0,2021-01-29,2002-09-18,False,p490721,1158,0,2,2,21,0,0,0,1,0,0,4,163,280.0,358.5,106.0,74.7,49,56,34,83,12,0.37,1.57,1.94,16.83,2.0,,,,,,[],140,59,37,3,180,40,84,17,0.03,0.0,0.12,0.15,1.31,1.63,582,138,109,40,251,97,457,168,0.93,0.16,6.45,12804,Wolves,3,1070,1085,1050,1050,1090,1120,20,15,3,2,True,15,22,1666.98193359,Wolves,Newcastle,0.213,0.246,0.541,0.0325560309409798
525,True,True,100.0,100.0,501837,0,0,-2,2,0,2,2.7,2.7,3,Yerson,2.7,634,False,,2025-12-29T19:30:09.954306Z,43,501837.jpg,1.5,False,Mosquera Valdelamar,0.1,False,,a,20,39,18,3647,145,6305,98,0.6,4.2,Mosquera,48.0,2021-06-17,2001-05-02,False,p501837,866,0,0,1,18,2,0,0,6,0,0,0,80,178.6,75.8,88.0,34.2,61,40,27,88,10,0.68,0.24,0.92,13.27,,,,,,,[],223,90,247,69,216,54,256,87,0.07,0.0,0.02,0.09,1.38,1.87,590,140,150,59,380,139,553,199,1.04,0.1,9.15,12804,Wolves,3,1070,1085,1050,1050,1090,1120,20,15,3,2,True,15,22,1666.98193359,Wolves,Newcastle,0.213,0.246,0.541,-0.2670819935691318
526,True,True,100.0,100.0,231480,0,0,-1,1,1,2,3.0,3.0,2,Santiago,3.0,636,False,,2025-12-29T19:30:09.980940Z,44,231480.jpg,3.6,False,Ignacio Bueno,0.1,False,,a,20,39,43,15831,232,15705,241,0.7,9.8,S.Bueno,230.0,2023-08-31,1998-11-09,False,p231480,1024,2,1,1,21,0,0,0,2,0,0,2,132,285.0,59.8,107.0,45.1,68,25,30,98,11,1.55,0.47,2.02,15.15,,,,,,,[],134,57,288,95,179,39,201,67,0.14,0.0,0.04,0.18,1.33,1.85,519,109,123,47,109,42,504,182,0.97,0.09,8.61,12804,Wolves,3,1070,1085,1050,1050,1090,1120,20,15,3,2,True,15,22,1666.98193359,Wolves,Newcastle,0.213,0.246,0.541,0.003995433789954338
527,True,True,100.0,100.0,441271,0,0,-2,2,0,2,0.7,0.7,0,Ki-Jana,0.7,638,False,,2025-08-23T23:00:08.490117Z,38,441271.jpg,1.2,False,Hoever,1.3,False,,a,20,39,10,120429,3519,219517,3532,0.2,2.6,Hoever,152.0,2020-09-19,2002-01-18,False,p441271,423,0,0,0,13,0,0,0,0,0,0,0,38,101.4,87.8,13.0,20.3,27,16,13,40,6,0.02,0.36,0.38,9.36,,,,,,,[],305,116,225,63,367,131,326,107,0.0,0.0,0.08,0.08,1.99,2.77,777,243,309,113,415,152,167,65,1.28,0.0,8.51,166454,Wolves,3,1070,1085,1050,1050,1090,1120,20,15,3,2,True,15,22,1666.98193359,Wolves,Newcastle,0.213,0.246,0.541,-0.29148158825225184
528,True,True,100.0,0.0,641221,0,0,0,0,0,2,0.2,0.0,1,Pedro,0.2,640,False,,2025-09-02T13:11:07.466362Z,40,641221.jpg,1.0,False,Cardoso de Lima,0.4,False,,a,20,39,1,8038,116,86691,204,0.0,0.2,Pedro Lima,30.0,2024-07-02,2006-07-01,False,p641221,1,0,0,0,0,0,0,0,0,0,0,0,3,0.2,0.1,0.0,0.0,0,0,0,0,0,0.00,0.00,0.00,0.00,,,,,,,[],474,170,458,168,552,232,596,237,0.0,0.0,0.0,0.0,0.0,0.0,709,204,384,142,430,162,277,104,0.0,0.0,0.0,51217,Wolves,3,1070,1085,1050,1050,1090,1120,20,15,3,2,True,15,22,1666.98193359,Wolves,Newcastle,0.213,0.246,0.541,-0.8302948410729555
529,True,True,100.0,75.0,184754,0,0,-4,4,0,3,3.0,2.2,1,Hwang,3.0,642,False,,2026-01-05T19:30:09.661821Z,56,184754.jpg,2.2,False,Hee-chan,0.1,False,,a,20,39,36,35378,432,42691,751,0.5,6.4,Hee Chan,114.0,2022-07-01,1996-01-26,False,p184754,879,2,1,1,16,0,0,0,3,0,0,0,96,117.4,113.8,136.0,36.1,18,28,8,54,11,2.07,0.79,2.86,12.98,,,,,3.0,,[],288,129,186,124,143,83,247,124,0.21,0.0,0.08,0.29,1.33,1.64,128,79,135,55,290,127,432,146,1.13,0.1,5.53,12804,Wolves,3,1070,1085,1050,1050,1090,1120,20,15,3,2,True,15,22,1666.98193359,Wolves,Newcastle,0.213,0.246,0.541,-0.09367354519719735
530,True,True,100.0,100.0,509291,0,0,-2,2,0,3,1.8,1.8,1,André,1.8,643,False,,2025-12-28T02:30:10.011337Z,53,509291.jpg,2.4,False,Trindade da Costa Neto,0.1,False,,a,20,39,47,10630,82,14178,143,0.3,8.9,André,30.0,2024-08-30,2001-07-16,False,p509291,1423,0,0,0,30,0,0,0,5,0,0,1,238,218.8,190.4,15.0,42.4,54,106,41,201,15,0.17,0.64,0.81,25.03,,,,,,,[],187,79,108,78,365,185,213,107,0.01,0.0,0.04,0.05,1.58,1.9,204,124,216,92,261,113,509,178,0.95,0.0,12.71,12804,Wolves,3,1070,1085,1050,1050,1090,1120,20,15,3,2,True,15,22,1666.98193359,Wolves,Newcastle,0.213,0.246,0.541,-0.14301838116736537
531,True,True,100.0,100.0,643135,0,0,-3,3,0,3,0.7,0.7,0,Fer,0.7,645,False,,2025-12-04T10:30:09.788624Z,52,643135.jpg,1.3,False,López González,0.0,False,,a,20,39,12,1267,28,4418,46,0.1,2.3,Fer López,200.0,2025-06-20,2004-05-24,False,p643135,228,0,1,0,9,0,0,0,1,0,0,0,38,29.0,61.0,37.0,12.4,1,10,1,12,2,0.16,0.61,0.77,3.98,,,,,,,[],406,181,281,162,306,161,370,173,0.06,0.0,0.24,0.3,1.57,3.55,223,137,325,146,410,184,633,257,0.79,0.0,4.74,0,Wolves,3,1070,1085,1050,1050,1090,1120,20,15,3,2,True,15,22,1666.98193359,Wolves,Newcastle,0.213,0.246,0.541,-0.5542656112576957
532,True,True,100.0,75.0,448089,0,0,-2,2,0,3,3.2,2.4,4,João Victor,3.2,646,False,,2026-01-05T19:30:09.679999Z,53,448089.jpg,2.5,False,Gomes da Silva,0.1,False,,a,20,39,51,12065,159,17977,243,0.6,9.6,Gomes,30.0,2023-01-30,2001-02-12,False,p448089,1594,0,0,1,32,0,0,0,6,0,0,1,271,242.8,184.6,101.0,53.2,58,111,52,221,18,0.72,0.91,1.63,23.75,,,,,,,[],174,70,115,82,196,112,159,87,0.04,0.0,0.05,0.09,1.34,1.81,197,122,116,50,248,108,480,166,1.02,0.06,12.48,12804,Wolves,3,1070,1085,1050,1050,1090,1120,20,15,3,2,True,15,22,1666.98193359,Wolves,Newcastle,0.213,0.246,0.541,-0.19679115904400507
533,True,True,100.0,100.0,497606,0,0,-2,2,0,3,0.2,0.2,0,Tawanda,0.2,650,False,,2025-12-13T14:30:12.117016Z,43,497606.jpg,1.0,False,Chirewa,0.2,False,,a,20,39,2,30003,254,44020,328,0.0,0.5,Chirewa,239.0,2023-12-01,2003-10-12,False,p497606,25,0,0,0,0,0,0,0,0,0,0,0,4,3.2,0.3,0.0,0.4,1,1,2,4,0,0.00,0.00,0.00,0.50,,,,,,,[],454,208,453,220,576,213,466,213,0.0,0.0,0.0,0.0,1.8,0.0,585,340,389,173,434,191,354,117,0.0,0.0,14.4,25608,Wolves,3,1070,1085,1050,1050,1090,1120,20,15,3,2,True,15,22,1666.98193359,Wolves,Newcastle,0.213,0.246,0.541,-0.18936006376396525
534,True,True,100.0,100.0,596054,0,0,-2,2,0,3,0.0,0.0,0,Tom,0.0,651,False,,,43,596054.jpg,0.0,False,Edozie,0.4,False,,a,20,39,0,50169,253,58044,797,0.0,0.0,Edozie,,,,False,p596054,0,0,0,0,0,0,0,0,0,0,0,0,0,0.0,0.0,0.0,0.0,0,0,0,0,0,0.00,0.00,0.00,0.00,,,,,,,[],621,231,619,236,590,223,624,233,0.0,0.0,0.0,0.0,0.0,0.0,605,351,579,209,631,240,279,95,0.0,0.0,0.0,51217,Wolves,3,1070,1085,1050,1050,1090,1120,20,15,3,2,True,15,22,1666.98193359,Wolves,Newcastle,0.213,0.246,0.541,-0.0727731418591112
535,True,True,100.0,100.0,593001,0,0,-2,2,0,3,0.0,0.0,0,Enso,0.0,652,False,,,43,593001.jpg,0.0,False,González Medina,1.3,False,,a,20,39,0,176611,1487,214738,3044,0.0,0.0,Gonzalez,168.0,2023-08-31,2005-01-20,False,p593001,0,0,0,0,0,0,0,0,0,0,0,0,0,0.0,0.0,0.0,0.0,0,0,0,0,0,0.00,0.00,0.00,0.00,,,,,,,[],620,230,618,235,589,222,623,232,0.0,0.0,0.0,0.0,0.0,0.0,604,350,578,208,630,239,160,55,0.0,0.0,0.0,166454,Wolves,3,1070,1085,1050,1050,1090,1120,20,15,3,2,True,15,22,1666.98193359,Wolves,Newcastle,0.213,0.246,0.541,-0.09742454944308021
536,True,True,100.0,100.0,247412,0,0,-4,4,0,4,1.3,1.3,4,Jørgen,1.3,654,False,,2025-10-03T14:00:09.236895Z,61,247412.jpg,1.9,False,Strand Larsen,0.9,False,,a,20,39,36,187907,611,607323,1102,0.2,5.9,Strand Larsen,161.0,2025-07-01,2000-02-06,False,p247412,1309,1,1,3,25,0,0,1,2,0,0,0,86,121.6,101.3,244.0,46.2,31,15,5,51,14,2.83,0.44,3.27,20.38,,,,,2.0,,[],275,27,206,22,65,22,192,22,0.19,0.0,0.03,0.22,1.4,1.72,81,26,264,32,335,35,191,28,0.96,0.21,3.51,115237,Wolves,3,1070,1085,1050,1050,1090,1120,20,15,3,2,True,15,22,1666.98193359,Wolves,Newcastle,0.213,0.246,0.541,-0.5274147102096249
537,True,True,100.0,100.0,531363,0,0,-2,2,0,4,0.0,0.0,0,Nathan,0.0,658,False,,,43,531363.jpg,0.0,False,Fraser,1.6,False,,a,20,39,0,194379,734,311159,2743,0.0,0.0,Fraser,,,,False,p531363,0,0,0,0,0,0,0,0,0,0,0,0,0,0.0,0.0,0.0,0.0,0,0,0,0,0,0.00,0.00,0.00,0.00,,,,,,,[],613,62,611,61,581,61,616,62,0.0,0.0,0.0,0.0,0.0,0.0,593,82,570,52,623,62,151,23,0.0,0.0,0.0,204866,Wolves,3,1070,1085,1050,1050,1090,1120,20,15,3,2,True,15,22,1666.98193359,Wolves,Newcastle,0.213,0.246,0.541,-0.23100142818146213
508,True,True,100.0,100.0,158534,0,0,-3,3,0,2,1.5,1.5,0,Kyle,1.5,659,False,,,42,158534.jpg,1.9,False,Walker-Peters,0.3,False,,a,19,21,30,27842,220,45324,781,0.4,7.1,Walker-Peters,241.0,2025-07-20,1997-04-13,False,p158534,952,1,0,1,21,0,0,0,2,0,0,0,117,202.2,87.9,98.0,38.9,37,40,34,71,10,1.13,0.26,1.39,20.95,,,,,,,[],198,80,224,62,200,48,229,77,0.11,0.0,0.02,0.13,1.98,1.99,619,144,245,92,321,124,321,119,0.95,0.09,6.71,38412,West Ham,3,1075,1075,1050,1050,1100,1100,18,19,2,3,False,18,22,1699.84411621,Spurs,West Ham,0.555,0.244,0.201,-0.23893611786895552
281,True,True,100.0,100.0,466525,0,0,-1,1,2,3,4.2,4.2,2,Anton,4.2,660,False,,2025-11-24T11:30:07.231421Z,49,466525.jpg,4.6,False,Stach,3.2,False,,a,11,2,87,906181,8292,557996,15774,0.9,17.8,Stach,80.0,2025-07-22,1998-11-15,False,p466525,1529,3,5,3,28,0,0,0,2,0,0,6,346,392.8,603.6,213.0,121.1,49,78,36,163,18,2.09,2.85,4.94,22.89,3.0,,1.0,,,,[],54,15,4,4,77,48,18,15,0.12,0.0,0.17,0.29,1.35,1.65,325,200,54,27,32,14,104,32,1.06,0.18,9.59,409732,Leeds,3,1095,1145,1080,1100,1110,1190,11,10,2,3,True,10,22,1751.14904785,Leeds,Fulham,0.417,0.296,0.287,0.23780253343687272
310,True,True,75.0,75.0,510663,-1,1,4,-4,2,4,4.0,3.2,0,Hugo,4.8,661,False,Hamstring injury - 75% chance of playing,2026-01-04T21:30:13.458754Z,89,510663.jpg,4.7,False,Ekitiké,26.0,False,,d,12,14,84,6429405,14779,5458471,291046,0.5,9.4,Ekitiké,73.0,2025-07-23,2002-06-20,False,p510663,1128,8,2,5,15,0,0,0,0,0,0,16,301,354.6,168.5,431.0,94.4,22,25,7,54,13,5.78,1.11,6.89,16.26,,,,,,,[],85,8,134,7,19,11,44,9,0.46,0.0,0.09,0.55,1.3,1.2,7,3,31,6,31,4,14,4,1.04,0.4,4.31,3329074,Liverpool,4,1230,1265,1170,1210,1290,1320,12,3,2,4,True,3,22,1940.71777344,Liverpool,Burnley,0.761,0.155,0.085,0.08167430413978073
538,True,True,100.0,100.0,230376,0,0,-6,6,0,3,2.8,2.8,1,Jhon,2.8,663,False,,,49,230376.jpg,2.1,False,Arias,0.2,False,,a,20,39,42,18087,195,75540,415,0.6,8.6,J.Arias,48.0,2025-07-24,1997-09-21,False,p230376,1043,1,0,2,18,0,0,0,1,0,0,2,167,168.4,201.9,146.0,51.5,24,51,40,115,13,3.38,0.61,3.99,13.91,1.0,,1.0,,,,[],234,100,100,71,128,75,170,92,0.29,0.0,0.05,0.34,1.2,1.55,310,191,141,57,301,132,395,134,1.12,0.17,9.92,25608,Wolves,3,1070,1085,1050,1050,1090,1120,20,15,3,2,True,15,22,1666.98193359,Wolves,Newcastle,0.213,0.246,0.541,-0.6136370918645263
257,True,True,100.0,100.0,86873,0,0,-1,1,0,1,0.0,0.0,0,Benjamin,0.0,664,False,,,39,86873.jpg,0.0,False,Lecomte,0.7,False,,a,10,54,0,36869,869,45452,876,0.0,0.0,Lecomte,73.0,2025-07-26,1991-04-26,False,p86873,0,0,0,0,0,0,0,0,0,0,0,0,0,0.0,0.0,0.0,0.0,0,0,0,0,0,0.00,0.00,0.00,0.00,,,,,,,[],501,36,494,23,454,8,504,36,0.0,0.0,0.0,0.0,0.0,0.0,719,69,442,31,511,36,211,28,0.0,0.0,0.0,89629,Fulham,3,1090,1130,1080,1140,1100,1120,11,10,2,3,False,11,22,1809.49267578,Leeds,Fulham,0.417,0.296,0.287,-0.10426258184424388
282,True,True,100.0,100.0,201595,0,0,0,0,0,1,3.0,3.0,1,Lucas Estella,3.0,665,False,,2025-09-11T17:30:07.176029Z,45,201595.jpg,2.7,False,Perri,0.3,False,,a,11,2,43,32521,1200,48829,606,0.7,9.6,Perri,30.0,2025-07-26,1997-12-10,False,p201595,1440,0,0,3,29,0,0,0,2,0,38,3,153,322.4,0.0,0.0,32.2,16,100,0,0,16,0.00,0.00,0.00,26.68,,,,,,,[],108,16,655,82,632,71,269,17,0.0,2.38,0.0,0.0,1.67,1.81,405,22,125,10,225,17,330,46,1.0,0.19,0.0,38412,Leeds,3,1095,1145,1080,1100,1110,1190,11,10,2,3,True,10,22,1751.14904785,Leeds,Fulham,0.417,0.296,0.287,-0.20046711739397666
23,True,True,100.0,100.0,224117,-1,1,-3,3,1,4,3.5,3.0,2,Viktor,2.5,666,False,,2025-11-01T18:00:08.847750Z,87,224117.jpg,2.8,False,Gyökeres,9.4,False,,a,1,3,54,2620280,6569,4518115,15317,0.3,6.2,Gyökeres,206.0,2025-07-26,1998-06-04,False,p224117,1289,5,0,9,6,0,0,0,3,0,0,4,183,199.8,136.4,430.0,76.2,14,27,4,45,16,6.27,0.88,7.15,9.18,,,,,2.0,,[],200,16,167,14,20,12,81,15,0.44,0.0,0.06,0.5,0.64,0.42,10,5,172,22,222,21,48,9,1.12,0.63,3.14,1203588,Arsenal,5,1300,1375,1340,1400,1260,1350,16,1,4,3,False,16,22,2052.35058594,Nott'm Forest,Arsenal,0.168,0.237,0.596,-0.26586298460648367
236,True,True,100.0,100.0,499300,0,0,-3,3,0,2,0.0,0.0,0,Adam,0.0,667,False,,2025-08-29T10:30:08.715230Z,42,499300.jpg,0.0,False,Aznou,0.1,False,,a,9,11,0,2226,36,11837,58,0.0,0.0,Aznou,145.0,2025-07-29,2006-06-02,False,p499300,0,0,0,0,0,0,0,0,0,0,0,0,0,0.0,0.0,0.0,0.0,0,0,0,0,0,0.00,0.00,0.00,0.00,,,,,,,[],601,241,598,241,565,237,605,242,0.0,0.0,0.0,0.0,0.0,0.0,628,149,549,225,611,241,557,202,0.0,0.0,0.0,12804,Everton,3,1100,1130,1110,1130,1090,1130,2,9,2,3,False,2,22,1796.4831543,Aston Villa,Everton,0.518,0.267,0.215,-0.6834245893479343
454,True,True,100.0,100.0,84450,0,0,2,-2,0,3,3.8,3.8,2,Granit,3.8,668,False,,,52,84450.jpg,4.2,False,Xhaka,7.1,False,,a,17,56,88,1283216,16626,786772,25704,0.7,16.9,Xhaka,207.0,2025-07-30,1992-09-27,False,p84450,1872,1,5,7,22,0,0,0,4,0,0,5,414,515.8,413.9,77.0,100.6,98,99,35,232,21,0.59,2.15,2.74,30.64,1.0,,1.0,,,,[],16,5,24,23,237,131,38,29,0.03,0.0,0.1,0.13,1.47,1.06,208,128,73,33,58,24,58,21,1.01,0.34,11.15,909093,Sunderland,3,1100,1145,1100,1120,1100,1170,17,8,3,3,True,8,22,1680.29211426,Sunderland,Crystal Palace,0.328,0.306,0.367,0.2398294096390897
423,True,True,100.0,50.0,456512,0,0,-5,5,0,3,-0.8,0.1,0,Dan,0.2,669,False,,2025-12-23T00:30:11.580251Z,55,456512.jpg,2.7,False,Ndoye,0.7,False,,a,16,17,41,542452,26,568010,1176,0.0,7.5,Ndoye,207.0,2025-07-31,2000-10-25,False,p456512,997,1,2,2,16,0,0,0,1,0,0,4,140,143.4,152.7,134.0,43.1,19,43,18,80,14,0.78,1.22,2.00,13.88,,,,,,,[],259,114,151,104,145,85,211,105,0.07,0.0,0.11,0.18,1.25,1.44,148,94,412,193,231,102,213,74,1.26,0.18,7.22,89629,Nott'm Forest,3,1100,1130,1100,1110,1100,1150,16,1,4,3,True,1,22,1767.03271484,Nott'm Forest,Arsenal,0.168,0.237,0.596,-0.02301564574024145
455,True,True,100.0,100.0,498016,0,0,4,-4,3,1,5.2,5.2,2,Robin,5.2,670,True,,,49,498016.jpg,4.5,False,Roefs,12.2,False,,a,17,56,95,1860019,78987,499213,14537,1.1,19.4,Roefs,152.0,2025-08-01,2003-01-17,False,p498016,1890,0,0,7,22,0,1,0,2,0,73,9,407,593.2,40.0,0.0,63.2,20,214,0,0,21,0.00,0.04,0.04,31.20,,,,,,,[],7,2,327,2,739,83,119,1,0.0,3.48,0.0,0.0,1.49,1.05,330,13,25,2,42,1,35,5,1.0,0.33,0.0,1562104,Sunderland,3,1100,1145,1100,1120,1100,1170,17,8,3,3,True,8,22,1680.29211426,Sunderland,Crystal Palace,0.328,0.306,0.367,0.5768004164066951
509,True,True,100.0,100.0,75115,0,0,-2,2,1,4,1.7,1.7,0,Callum,1.7,671,False,,,58,75115.jpg,3.1,False,Wilson,0.7,False,,a,19,21,52,184587,873,175227,7302,0.3,9.0,Wilson,241.0,2025-08-02,1992-02-27,False,p75115,803,4,2,1,16,0,0,0,0,0,0,6,189,178.2,60.5,266.0,49.7,6,18,2,26,8,3.45,0.15,3.60,14.89,,,,,,,[],224,18,285,29,56,19,180,19,0.39,0.0,0.02,0.41,1.67,1.79,102,29,237,26,179,17,221,34,0.9,0.11,2.91,89629,West Ham,3,1075,1075,1050,1050,1100,1100,18,19,2,3,False,18,22,1699.84411621,Spurs,West Ham,0.555,0.244,0.201,0.026013440277476697
191,True,True,100.0,100.0,551210,0,0,-4,4,0,2,0.3,0.3,1,Jorrel,0.3,672,False,,2025-12-29T19:00:09.929576Z,46,551210.jpg,0.8,False,Hato,0.2,False,,a,7,8,5,11200,290,36247,136,0.1,1.1,Hato,152.0,2025-08-03,2006-03-07,False,p551210,256,0,0,0,4,0,0,0,2,0,0,0,17,46.4,28.5,17.0,9.1,13,9,7,20,2,0.22,0.05,0.27,3.37,,,,,,,[],384,145,345,121,361,128,393,142,0.08,0.0,0.02,0.1,1.18,1.41,392,71,363,132,482,167,400,146,0.7,0.0,7.03,25608,Chelsea,3,1180,1190,1140,1160,1220,1220,7,5,3,3,True,5,22,1882.60693359,Chelsea,Brentford,0.579,0.234,0.187,-0.5278942820410142
484,True,True,100.0,100.0,154296,0,0,0,0,0,3,2.8,2.8,9,João Maria,2.8,673,False,,,55,154296.jpg,3.9,False,Lobo Alves Palhares Costa Palhinha Gonçalves,1.0,False,,a,18,6,78,353279,4102,319298,2247,0.5,14.2,J.Palhinha,173.0,2025-08-03,1995-07-09,False,p154296,1299,3,3,4,20,0,0,0,5,0,0,11,323,385.8,85.3,138.0,61.1,48,52,74,174,14,1.00,0.47,1.47,19.28,,,,,,,[],59,17,229,143,141,81,130,71,0.07,0.0,0.03,0.1,1.34,1.39,137,86,146,60,85,39,182,63,0.97,0.28,12.06,128041,Spurs,3,1165,1175,1130,1150,1200,1200,18,19,2,3,True,19,22,1803.93261719,Spurs,West Ham,0.555,0.244,0.201,0.05052358317337643
398,True,True,100.0,100.0,225321,0,0,-2,2,0,1,1.0,1.0,0,Aaron,1.0,674,False,,,48,225321.jpg,1.6,False,Ramsdale,0.8,False,,a,15,4,11,104725,721,131580,3194,0.2,2.3,Ramsdale,241.0,2025-08-02,1998-05-14,False,p225321,553,0,0,0,10,0,0,0,0,0,10,0,45,97.4,10.0,0.0,10.8,5,49,0,0,6,0.00,0.00,0.00,7.96,,,,,,,[],312,26,401,10,719,79,383,24,0.0,1.63,0.0,0.0,1.3,1.63,358,15,290,20,369,29,205,27,0.98,0.0,0.0,102433,Newcastle,3,1160,1220,1170,1180,1150,1260,20,15,3,2,False,20,22,1876.20507812,Wolves,Newcastle,0.213,0.246,0.541,-0.11364550051839784
424,True,True,100.0,100.0,107265,0,0,0,0,0,1,-1.0,0.0,0,Angus,0.0,675,False,,2025-10-31T00:00:09.154875Z,40,107265.jpg,0.0,False,Gunn,1.2,False,,a,16,17,0,28080,133,94235,636,0.0,0.0,Gunn,243.0,2025-08-06,1996-01-22,False,p107265,0,0,0,0,0,0,0,0,0,0,0,0,0,0.0,0.0,0.0,0.0,0,0,0,0,0,0.00,0.00,0.00,0.00,,,,,,,[],540,62,534,50,496,35,543,62,0.0,0.0,0.0,0.0,0.0,0.0,646,43,482,57,550,62,170,22,0.0,0.0,0.0,153650,Nott'm Forest,3,1100,1130,1100,1110,1100,1150,16,1,4,3,True,1,22,1767.03271484,Nott'm Forest,Arsenal,0.168,0.237,0.596,-0.5408576217144259
82,True,True,100.0,100.0,503714,0,0,0,0,0,3,3.3,3.8,4,Lesley,3.8,676,False,,2025-09-14T22:00:08.706775Z,50,503714.jpg,3.0,False,Ugochukwu,0.1,False,,a,3,90,61,33714,289,28036,488,0.8,12.2,Ugochukwu,73.0,2025-08-06,2004-03-26,False,p503714,1282,3,1,3,27,0,0,0,0,1,0,5,217,266.4,106.5,164.0,53.4,36,59,32,127,15,2.08,0.20,2.28,29.41,,,,,,,[],155,55,196,130,116,67,158,86,0.15,0.0,0.01,0.16,2.06,1.9,271,166,72,32,194,83,440,150,1.05,0.21,8.92,12804,Burnley,3,1055,1095,1010,1090,1100,1100,12,3,2,4,False,12,22,1687.70825195,Liverpool,Burnley,0.761,0.155,0.085,0.09195141700404859
50,True,True,100.0,0.0,485337,0,0,-3,3,0,3,0.2,0.0,0,Evann,0.2,677,False,,2025-12-20T09:30:09.741346Z,62,485337.jpg,1.9,False,Guessand,0.0,False,,a,2,7,23,6313,10,11832,68,0.0,3.7,Guessand,54.0,2025-08-08,2001-07-01,False,p485337,511,0,2,1,9,0,0,0,0,0,0,0,70,75.4,42.4,109.0,22.3,6,26,16,48,6,0.97,0.37,1.34,8.44,,,,,,,[],342,152,323,177,176,102,316,155,0.17,0.0,0.07,0.24,1.49,1.59,77,50,414,194,336,147,623,247,1.06,0.18,8.45,0,Aston Villa,3,1145,1185,1150,1170,1140,1200,2,9,2,3,True,9,22,1923.92321777,Aston Villa,Everton,0.518,0.267,0.215,-0.3041609258748967
456,True,True,100.0,0.0,105717,0,0,-1,1,0,2,0.0,0.0,0,Arthur,0.0,678,False,,2025-12-13T14:30:12.161495Z,39,105717.jpg,0.3,False,Masuaku,0.5,False,,a,17,56,1,52233,20,75988,747,0.0,0.3,Masuaku,50.0,2025-08-10,1993-11-07,False,p105717,125,0,0,0,2,0,0,0,1,0,0,0,4,21.8,20.1,7.0,4.9,6,3,4,10,2,0.07,0.08,0.15,2.09,,,,,,,[],416,159,362,130,384,142,418,152,0.05,0.0,0.06,0.11,1.5,1.44,721,208,444,169,487,171,241,91,1.44,0.0,7.2,64021,Sunderland,3,1100,1145,1100,1120,1100,1170,17,8,3,3,True,8,22,1680.29211426,Sunderland,Crystal Palace,0.328,0.306,0.367,-0.18526606406126922
510,True,True,100.0,100.0,467189,0,0,-3,3,0,1,0.0,0.0,0,Mads,0.0,679,False,,,42,467189.jpg,2.2,False,Hermansen,0.2,False,,a,19,21,9,14688,69,35298,179,0.0,2.1,Hermansen,58.0,2025-08-09,2000-07-11,False,p467189,360,0,0,1,11,0,0,0,0,0,9,0,27,84.8,0.0,0.0,8.5,7,27,0,0,4,0.00,0.01,0.01,5.44,,,,,,,[],327,28,597,76,564,62,399,28,0.0,2.25,0.0,0.0,1.36,2.75,627,37,548,81,283,24,369,53,1.0,0.25,0.0,25608,West Ham,3,1075,1075,1050,1050,1100,1100,18,19,2,3,False,18,22,1699.84411621,Spurs,West Ham,0.555,0.244,0.201,-0.41231544832553113
83,True,True,100.0,100.0,440323,0,0,-3,3,0,4,3.2,3.7,2,Armando,3.7,680,False,,2025-11-17T14:00:08.532872Z,52,440323.jpg,2.1,False,Broja,0.2,False,,a,3,90,32,39367,1192,40838,1629,0.7,6.2,Broja,2.0,2025-08-08,2001-09-10,False,p440323,626,1,1,1,22,0,0,0,0,0,0,2,96,96.2,57.6,179.0,33.5,10,21,6,37,6,1.94,0.11,2.05,16.47,,,,,,,[],314,31,292,31,103,27,263,31,0.28,0.0,0.02,0.3,2.37,3.16,214,47,80,11,303,29,350,56,0.86,0.14,5.32,25608,Burnley,3,1055,1095,1010,1090,1100,1100,12,3,2,4,False,12,22,1687.70825195,Liverpool,Burnley,0.761,0.155,0.085,-0.018340502462439998
369,True,True,100.0,100.0,485711,0,0,-3,3,2,4,3.5,4.0,13,Benjamin,4.0,681,False,,2025-11-08T18:30:09.316829Z,72,485711.jpg,3.2,False,Sesko,3.5,False,,a,14,1,55,619629,25010,1259225,5743,0.6,7.6,Šeško,195.0,2025-08-09,2003-05-31,False,p485711,1038,4,2,1,20,0,0,0,1,0,0,8,168,227.4,125.2,486.0,83.1,17,22,5,44,11,4.95,0.20,5.15,15.32,,,,,,,[],182,14,174,16,12,7,64,12,0.43,0.0,0.02,0.45,1.33,1.73,33,13,65,9,163,16,96,17,0.95,0.09,3.82,448145,Man Utd,3,1135,1205,1100,1150,1170,1260,14,13,4,3,True,13,22,1824.42858887,Man Utd,Man City,0.236,0.236,0.527,-0.34041814850967667
539,True,True,100.0,100.0,497949,0,0,-2,2,0,2,0.8,0.8,0,David,0.8,682,False,,,43,497949.jpg,1.4,False,Møller Wolfe,0.1,False,,a,20,39,20,4088,23,8451,83,0.2,4.7,Møller Wolfe,161.0,2025-08-02,2002-04-23,False,p497949,703,0,2,0,18,0,0,0,1,0,0,0,42,113.4,101.8,44.0,26.1,27,17,5,32,8,0.13,0.97,1.10,13.31,,,,,,,[],294,110,205,52,294,92,299,98,0.02,0.0,0.12,0.14,1.7,2.3,586,139,301,112,389,143,535,195,1.02,0.0,4.1,12804,Wolves,3,1070,1085,1050,1050,1090,1120,20,15,3,2,True,15,22,1666.98193359,Wolves,Newcastle,0.213,0.246,0.541,-0.3479543823271393
457,True,True,100.0,100.0,201895,0,0,1,-1,1,2,4.5,4.5,1,Omar,4.5,683,False,,2025-10-23T13:30:08.702646Z,41,201895.jpg,4.5,False,Alderete,6.3,False,,a,17,56,77,1324322,19884,689029,11917,1.1,18.8,Alderete,168.0,2025-08-12,1996-12-26,False,p201895,1469,1,1,6,17,0,0,0,3,0,0,5,241,434.2,61.6,192.0,69.1,144,51,18,162,16,1.16,0.72,1.87,24.60,,,,,,,[],40,17,279,90,96,14,99,28,0.07,0.0,0.04,0.11,1.51,1.04,639,158,36,9,39,16,65,21,0.98,0.37,9.93,806660,Sunderland,3,1100,1145,1100,1120,1100,1170,17,8,3,3,True,8,22,1680.29211426,Sunderland,Crystal Palace,0.328,0.306,0.367,0.31554011198246107
399,True,True,100.0,100.0,465642,0,0,1,-1,2,2,4.3,4.3,-1,Malick,4.3,684,False,,,51,465642.jpg,4.2,False,Thiaw,6.2,False,,a,15,4,75,1006106,41713,256170,22391,0.8,14.7,Thiaw,80.0,2025-08-12,2001-08-08,False,p465642,1487,3,0,3,24,0,0,0,3,0,0,7,250,475.2,42.6,196.0,71.2,141,70,22,163,17,1.91,0.43,2.34,21.80,,,,,,,[],26,12,322,109,90,10,92,24,0.12,0.0,0.03,0.15,1.32,1.45,236,36,44,13,57,25,66,22,1.03,0.18,9.87,793856,Newcastle,3,1160,1220,1170,1180,1150,1260,20,15,3,2,False,20,22,1876.20507812,Wolves,Newcastle,0.213,0.246,0.541,0.5941141240109136
103,True,True,100.0,100.0,242882,0,0,-2,2,1,2,0.5,0.5,1,Bafodé,0.5,685,False,,2025-09-13T21:30:08.472990Z,43,242882.jpg,2.8,False,Diakité,0.3,False,,a,4,91,44,94634,132,87073,841,0.1,10.2,Diakité,73.0,2025-08-13,2001-01-06,False,p242882,1263,0,0,4,26,0,0,0,1,0,0,2,161,262.8,54.3,22.0,34.0,95,48,20,115,15,0.02,0.19,0.21,21.79,,,,,,,[],162,69,297,99,342,112,258,88,0.0,0.0,0.01,0.01,1.55,1.85,571,131,334,124,211,83,299,112,1.07,0.29,8.19,38412,Bournemouth,3,1150,1220,1100,1240,1200,1200,6,4,3,3,False,6,22,1799.17553711,Brighton,Bournemouth,0.498,0.246,0.256,0.041610945092924324
311,True,True,100.0,100.0,611922,0,0,-2,2,0,3,0.7,-0.3,0,Rio,0.2,686,False,,,43,611922.jpg,1.8,False,Ngumoha,0.7,False,,a,12,14,11,207207,2533,144236,3951,0.0,2.6,Ngumoha,241.0,2024-12-17,2008-08-29,False,p611922,48,1,0,0,2,0,0,0,0,0,0,0,49,49.6,56.6,27.0,13.4,0,2,1,3,0,0.37,0.14,0.51,1.50,,,,,,,[],381,168,293,166,325,170,365,172,0.69,0.0,0.26,0.95,2.81,3.75,607,352,390,174,337,148,215,75,0.0,0.0,5.62,89629,Liverpool,4,1230,1265,1170,1210,1290,1320,12,3,2,4,True,3,22,1940.71777344,Liverpool,Burnley,0.761,0.155,0.085,0.1791784158455283
104,True,True,100.0,100.0,606774,0,0,-1,1,0,3,0.0,0.0,0,Remy,0.0,687,False,,,44,606774.jpg,0.0,False,Rees-Dottin,0.1,False,,a,4,91,0,13078,27,14879,111,0.0,0.0,Rees-Dottin,241.0,2024-12-28,2006-03-06,False,p606774,0,0,0,0,0,0,0,0,0,0,0,0,0,0.0,0.0,0.0,0.0,0,0,0,0,0,0.00,0.00,0.00,0.00,,,,,,,[],652,249,649,253,624,242,655,251,0.0,0.0,0.0,0.0,0.0,0.0,553,331,611,226,659,255,441,151,0.0,0.0,0.0,12804,Bournemouth,3,1150,1220,1100,1240,1200,1200,6,4,3,3,False,6,22,1799.17553711,Brighton,Bournemouth,0.498,0.246,0.256,-0.06442035983832314
51,True,True,100.0,100.0,481283,0,0,-1,1,0,1,0.0,0.0,0,James,0.0,688,False,,,39,481283.jpg,0.0,False,Wright,0.6,False,,a,2,7,0,57102,632,37850,966,0.0,0.0,Wright,241.0,2023-03-31,2004-12-02,False,p481283,0,0,0,0,0,0,0,0,0,0,0,0,0,0.0,0.0,0.0,0.0,0,0,0,0,0,0.00,0.00,0.00,0.00,,,,,,,[],516,48,509,35,470,20,519,48,0.0,0.0,0.0,0.0,0.0,0.0,743,81,458,43,526,48,230,31,0.0,0.0,0.0,76825,Aston Villa,3,1145,1185,1150,1170,1140,1200,2,9,2,3,True,9,22,1923.92321777,Aston Villa,Everton,0.518,0.267,0.215,0.20275507624905215
400,True,True,100.0,100.0,623110,0,0,-2,2,0,3,0.0,0.0,0,Seung-Soo,0.0,689,False,,,43,623110.jpg,0.0,False,Park,0.2,False,,a,15,4,0,36662,2602,31336,698,0.0,0.0,Seung soo,114.0,2025-07-26,2007-03-17,False,p623110,0,0,0,0,0,0,0,0,0,0,0,0,0,0.0,0.0,0.0,0.0,0,0,0,0,0,0.00,0.00,0.00,0.00,,,,,,,[],625,233,623,238,594,225,628,235,0.0,0.0,0.0,0.0,0.0,0.0,611,355,584,212,635,242,339,112,0.0,0.0,0.0,25608,Newcastle,3,1160,1220,1170,1180,1150,1260,20,15,3,2,False,20,22,1876.20507812,Wolves,Newcastle,0.213,0.246,0.541,0.07832583311273861
283,True,True,100.0,100.0,177815,1,-1,5,-5,2,4,6.8,6.8,8,Dominic,6.8,691,False,,2025-12-04T19:00:10.210491Z,60,177815.jpg,4.7,False,Calvert-Lewin,12.6,False,,a,11,2,89,2134545,195597,570687,27042,1.1,14.8,Calvert-Lewin,241.0,2025-08-15,1997-03-16,False,p177815,1309,9,2,3,20,0,0,0,1,0,0,15,299,361.4,186.2,573.0,111.3,12,24,8,44,14,7.95,0.86,8.80,16.32,,,,,,,[],79,7,113,6,6,5,28,5,0.55,0.0,0.06,0.61,1.12,1.38,84,27,4,1,29,3,31,7,0.96,0.21,3.03,1613321,Leeds,3,1095,1145,1080,1100,1110,1190,11,10,2,3,True,10,22,1751.14904785,Leeds,Fulham,0.417,0.296,0.287,0.5780864635639383
425,True,True,100.0,100.0,503301,0,0,-1,1,0,3,2.5,3.5,1,Omari,3.5,693,False,,,54,503301.jpg,2.9,False,Hutchinson,0.1,False,,a,16,17,47,30007,207,15941,2086,0.6,8.7,Hutchinson,241.0,2025-08-16,2003-10-30,False,p503301,877,1,4,2,15,0,0,0,0,0,0,3,185,183.4,286.9,216.0,68.3,7,53,13,73,8,1.58,2.40,3.98,14.12,,,,,,,[],219,94,63,51,75,46,100,57,0.16,0.0,0.25,0.41,1.45,1.54,174,108,91,41,204,90,411,138,0.82,0.21,7.49,12804,Nott'm Forest,3,1100,1130,1100,1110,1100,1150,16,1,4,3,True,1,22,1767.03271484,Nott'm Forest,Arsenal,0.168,0.237,0.596,0.3061286671889963
458,True,True,100.0,100.0,200834,1,-1,4,-4,3,2,6.0,6.0,3,Nordi,6.0,694,False,,,44,200834.jpg,4.8,False,Mukiele,9.8,False,,a,17,56,92,1621704,89701,458965,11557,1.4,20.9,Mukiele,73.0,2025-08-17,1997-11-01,False,p200834,1710,1,2,6,20,1,0,0,3,0,0,8,308,439.4,168.3,105.0,71.3,145,82,47,192,19,0.60,1.39,1.99,29.64,,,,,,,[],38,16,135,33,181,41,91,23,0.03,0.0,0.07,0.1,1.56,1.05,514,105,16,4,21,9,44,14,1.0,0.32,10.11,1254805,Sunderland,3,1100,1145,1100,1120,1100,1170,17,8,3,3,True,8,22,1680.29211426,Sunderland,Crystal Palace,0.328,0.306,0.367,0.5588293957376209
540,True,True,100.0,100.0,523705,0,0,-1,1,0,2,1.7,1.7,2,Jackson,1.7,695,False,,,44,523705.jpg,1.5,False,Tchatchoua,0.0,False,,a,20,39,30,5029,35,4524,77,0.4,6.8,Tchatchoua,38.0,2025-08-19,2001-09-14,False,p523705,1101,0,0,1,23,0,0,0,2,0,0,0,74,188.2,211.5,32.0,43.2,48,42,19,67,10,0.26,0.96,1.22,14.82,,,,,,,[],214,88,96,25,317,101,210,70,0.02,0.0,0.08,0.1,1.21,1.88,538,118,230,90,383,141,635,220,0.82,0.08,5.48,0,Wolves,3,1070,1085,1050,1050,1090,1120,20,15,3,2,True,15,22,1666.98193359,Wolves,Newcastle,0.213,0.246,0.541,0.052862974981681146
105,True,True,100.0,100.0,489888,0,0,-1,1,0,3,0.7,0.7,1,Amine,0.7,697,False,,,54,489888.jpg,1.3,False,Adli,0.0,False,,a,4,91,22,8256,100,7707,108,0.1,4.1,Adli,145.0,2025-08-21,2000-05-10,False,p489888,429,1,0,0,10,0,0,0,1,0,0,0,93,113.6,87.2,109.0,30.3,13,26,19,58,3,1.00,0.37,1.37,8.24,,,6.0,,,,[],293,132,226,141,175,101,281,137,0.21,0.0,0.08,0.29,1.73,2.1,173,107,329,148,411,185,600,229,0.63,0.0,12.17,0,Bournemouth,3,1150,1220,1100,1240,1200,1200,6,4,3,3,False,6,22,1799.17553711,Brighton,Bournemouth,0.498,0.246,0.256,0.03439203157301259
284,True,True,100.0,100.0,435997,0,0,0,0,0,3,1.8,1.8,1,Noah,1.8,698,False,,2025-10-17T00:30:11.157914Z,55,435997.jpg,2.7,False,Okafor,0.1,False,,a,11,2,49,56373,454,47474,808,0.3,8.9,Okafor,207.0,2025-08-21,2000-05-24,False,p435997,1031,2,2,2,21,0,0,0,2,0,0,3,163,170.6,160.9,257.0,58.9,19,35,17,71,13,2.74,0.81,3.55,16.43,,,,,,,[],230,99,141,97,61,40,138,74,0.24,0.0,0.07,0.31,1.43,1.83,145,92,217,93,230,101,453,154,1.13,0.17,6.2,12804,Leeds,3,1095,1145,1080,1100,1110,1190,11,10,2,3,True,10,22,1751.14904785,Leeds,Fulham,0.417,0.296,0.287,0.08569337583175249
426,True,True,100.0,100.0,230046,0,0,-1,1,0,3,-0.3,0.7,0,Douglas Luiz,0.7,699,False,,2025-11-01T18:30:08.443766Z,49,230046.jpg,1.4,False,Soares de Paulo,0.0,False,,a,16,17,11,14889,99,14600,142,0.1,2.2,Douglas Luiz,30.0,2025-08-21,1998-05-09,False,p230046,314,0,1,0,7,0,0,0,2,0,0,0,64,46.6,77.4,25.0,14.9,10,20,9,39,5,0.14,0.64,0.78,4.45,1.0,,,,,,[],383,170,242,150,335,176,356,168,0.04,0.0,0.18,0.22,1.28,2.01,309,190,319,142,396,177,584,217,1.43,0.0,11.18,0,Nott'm Forest,3,1100,1130,1100,1110,1100,1150,16,1,4,3,True,1,22,1767.03271484,Nott'm Forest,Arsenal,0.168,0.237,0.596,0.009800264505408796
52,True,True,100.0,100.0,645618,0,0,-1,1,0,3,0.0,0.0,0,Bradley,0.0,702,False,,,44,645618.jpg,1.0,False,Burrowes,0.1,False,,a,2,7,1,9035,43,8083,84,0.0,0.2,Burrowes,241.0,2025-01-09,2008-03-04,False,p645618,16,0,0,0,1,0,0,0,0,0,0,0,3,0.0,0.3,0.0,0.0,0,1,0,1,0,0.00,0.00,0.00,0.90,,,,,,,[],653,250,454,221,625,243,656,252,0.0,0.0,0.0,0.0,5.06,5.62,555,332,612,227,443,199,525,185,0.0,0.0,5.62,12804,Aston Villa,3,1145,1185,1150,1170,1140,1200,2,9,2,3,True,9,22,1923.92321777,Aston Villa,Everton,0.518,0.267,0.215,0.05561397359504615
53,True,True,100.0,100.0,564505,0,0,-1,1,0,1,0.0,0.0,0,Sam,0.0,703,False,,,39,564505.jpg,0.0,False,Proctor,0.6,False,,a,2,7,0,78301,3546,28439,2060,0.0,0.0,Proctor,241.0,2023-12-16,2006-12-21,False,p564505,0,0,0,0,0,0,0,0,0,0,0,0,0,0.0,0.0,0.0,0.0,0,0,0,0,0,0.00,0.00,0.00,0.00,,,,,,,[],528,56,521,43,482,28,531,56,0.0,0.0,0.0,0.0,0.0,0.0,755,89,470,51,538,56,228,30,0.0,0.0,0.0,76825,Aston Villa,3,1145,1185,1150,1170,1140,1200,2,9,2,3,True,9,22,1923.92321777,Aston Villa,Everton,0.518,0.267,0.215,0.46713509462244707
237,True,True,100.0,100.0,491745,0,0,-1,1,0,2,0.0,0.0,0,Elijah,0.0,705,False,,,39,491745.jpg,0.0,False,Campbell,0.2,False,,a,9,11,0,18014,89,14691,194,0.0,0.0,Campbell,241.0,2023-12-15,2004-08-02,False,p491745,0,0,0,0,0,0,0,0,0,0,0,0,0,0.0,0.0,0.0,0.0,0,0,0,0,0,0.00,0.00,0.00,0.00,,,,,,,[],520,193,513,194,474,185,523,193,0.0,0.0,0.0,0.0,0.0,0.0,747,220,462,173,530,193,394,142,0.0,0.0,0.0,25608,Everton,3,1100,1130,1110,1130,1090,1130,2,9,2,3,False,2,22,1796.4831543,Aston Villa,Everton,0.518,0.267,0.215,0.10160525913468889
285,True,True,100.0,100.0,220627,0,0,-1,1,0,2,2.0,2.0,0,James,2.0,706,False,,,39,220627.jpg,1.5,False,Justin,0.2,False,,a,11,2,18,39461,859,24902,444,0.5,4.6,Justin,241.0,2025-08-25,1998-02-23,False,p220627,429,0,0,1,9,0,0,0,1,0,0,0,45,84.2,7.7,23.0,11.6,39,19,5,44,4,0.12,0.01,0.13,11.09,,,,,,,[],328,124,406,148,339,110,375,133,0.03,0.0,0.0,0.03,2.33,1.89,730,211,194,73,377,136,338,125,0.84,0.21,9.23,25608,Leeds,3,1095,1145,1080,1100,1110,1190,11,10,2,3,True,10,22,1751.14904785,Leeds,Fulham,0.417,0.296,0.287,0.22620138899678385
238,True,True,100.0,100.0,496661,0,0,-2,2,0,3,1.7,1.7,0,Tyler,1.7,707,False,,,53,496661.jpg,1.4,False,Dibling,0.0,False,,a,9,11,15,7233,55,5514,242,0.3,2.8,Dibling,241.0,2025-08-25,2006-02-17,False,p496661,319,0,0,2,2,0,0,0,2,0,0,0,43,40.8,48.7,28.0,11.4,11,21,7,39,4,0.20,0.08,0.28,5.82,,,,,,,[],391,172,308,172,324,169,380,177,0.06,0.0,0.02,0.08,1.64,0.56,202,123,235,101,398,179,612,237,1.13,0.56,11.0,0,Everton,3,1100,1130,1110,1130,1090,1130,2,9,2,3,False,2,22,1796.4831543,Aston Villa,Everton,0.518,0.267,0.215,0.13485526006119086
511,True,True,100.0,100.0,551226,0,0,0,0,0,3,3.3,3.3,2,Mateus Gonçalo,3.3,708,False,,,55,551226.jpg,3.3,False,Espanha Fernandes,0.2,False,,a,19,21,63,41126,181,23870,2092,0.6,11.5,M.Fernandes,173.0,2025-08-29,2004-07-10,False,p551226,1493,2,1,2,28,0,0,0,2,0,0,2,325,337.2,360.6,69.0,76.8,44,88,49,181,18,0.98,1.37,2.35,25.11,4.0,,,,,,[],94,30,35,33,250,137,79,51,0.06,0.0,0.08,0.14,1.51,1.69,153,96,104,47,145,63,392,132,1.09,0.12,10.91,25608,West Ham,3,1075,1075,1050,1050,1100,1100,18,19,2,3,False,18,22,1699.84411621,Spurs,West Ham,0.555,0.244,0.201,0.2654932611237615
541,True,True,100.0,100.0,431248,0,0,0,0,0,2,3.3,3.3,2,Ladislav,3.3,709,False,,2025-11-30T22:30:09.864078Z,45,431248.jpg,2.4,False,Krejcí,0.1,False,,a,20,39,39,17158,345,11093,491,0.7,8.7,Krejčí,57.0,2025-08-28,1999-04-20,False,p431248,1390,2,1,1,30,1,0,0,2,0,0,0,135,348.8,111.1,194.0,65.5,90,43,17,107,16,1.97,1.23,3.20,21.79,,,,,,,[],86,39,190,47,93,12,108,34,0.13,0.0,0.08,0.21,1.41,1.94,415,83,98,34,255,101,514,185,1.04,0.06,6.93,12804,Wolves,3,1070,1085,1050,1050,1090,1120,20,15,3,2,True,15,22,1666.98193359,Wolves,Newcastle,0.213,0.246,0.541,0.21468266610031503
54,True,True,100.0,100.0,534836,0,0,-1,1,0,2,0.0,0.0,0,Travis,0.0,710,False,,,39,534836.jpg,0.0,False,Patterson,0.2,False,,a,2,7,0,32086,47,20069,323,0.0,0.0,Patterson,241.0,2025-08-30,2005-10-06,False,p534836,0,0,0,0,0,0,0,0,0,0,0,0,0,0.0,0.0,0.0,0.0,0,0,0,0,0,0.00,0.00,0.00,0.00,,,,,,,[],525,196,518,197,479,188,528,196,0.0,0.0,0.0,0.0,0.0,0.0,752,223,467,176,535,196,366,134,0.0,0.0,0.0,25608,Aston Villa,3,1145,1185,1150,1170,1140,1200,2,9,2,3,True,9,22,1923.92321777,Aston Villa,Everton,0.518,0.267,0.215,0.2304093567251462
24,True,True,100.0,100.0,646243,0,0,0,0,0,3,1.0,0.5,0,Andre,0.0,711,False,,,45,646243.jpg,0.0,False,Harriman-Annous,0.0,False,,a,1,3,0,1612,24,1492,20,0.0,0.0,Harriman-Annous,241.0,2025-07-22,2007-12-28,False,p646243,0,0,0,0,0,0,0,0,0,0,0,0,0,0.0,0.0,0.0,0.0,0,0,0,0,0,0.00,0.00,0.00,0.00,,,,,,,[],724,305,719,305,703,300,724,305,0.0,0.0,0.0,0.0,0.0,0.0,497,307,683,281,724,305,692,294,0.0,0.0,0.0,0,Arsenal,5,1300,1375,1340,1400,1260,1350,16,1,4,3,False,16,22,2052.35058594,Nott'm Forest,Arsenal,0.168,0.237,0.596,0.03865979381443299
210,True,True,100.0,100.0,488024,0,0,-2,2,0,3,2.5,2.5,3,Yéremy,2.5,712,False,,2025-09-20T23:30:07.351615Z,58,488024.jpg,2.5,False,Pino Santos,0.3,False,,a,8,31,48,114047,471,87351,2142,0.4,8.3,Yeremy,200.0,2025-08-29,2002-10-20,False,p488024,1347,1,1,6,17,0,0,0,3,0,0,1,192,196.4,405.3,275.0,87.4,19,63,25,107,17,3.44,3.42,6.86,19.11,1.0,,1.0,,,,[],204,87,26,25,55,36,55,39,0.23,0.0,0.23,0.46,1.28,1.14,110,70,171,72,250,109,336,111,1.14,0.4,7.15,38412,Crystal Palace,3,1165,1205,1150,1150,1180,1260,17,8,3,3,False,17,22,1799.60229492,Sunderland,Crystal Palace,0.328,0.306,0.367,0.13255345137488952
106,True,True,100.0,100.0,551483,0,0,0,0,0,2,2.0,2.0,0,Álex,2.0,713,False,,,45,551483.jpg,1.8,False,Jiménez Sánchez,0.1,False,,a,4,91,31,14594,209,8263,366,0.4,6.9,A.Jimenez,200.0,2025-09-01,2005-05-08,False,p551483,1153,0,2,2,27,0,0,0,5,0,0,0,106,169.6,94.0,74.0,33.7,38,53,30,68,13,0.45,0.61,1.06,22.48,,,,,,,[],231,94,215,58,241,65,262,89,0.04,0.0,0.05,0.09,1.75,2.11,456,92,196,74,340,129,505,183,1.01,0.16,5.31,12804,Bournemouth,3,1150,1220,1100,1240,1200,1200,6,4,3,3,False,6,22,1799.17553711,Brighton,Bournemouth,0.498,0.246,0.256,0.2769829811436321
401,True,True,100.0,100.0,470313,0,0,3,-3,1,4,3.7,3.7,5,Nick,3.7,714,False,,,73,470313.jpg,4.3,False,Woltemade,16.0,False,,a,15,4,78,5311550,43937,3446221,95645,0.5,10.7,Woltemade,80.0,2025-08-30,2002-02-14,False,p470313,1258,7,3,5,18,1,0,0,0,0,0,10,279,341.6,162.2,362.0,86.1,22,27,15,64,16,6.04,0.75,6.79,16.49,,,,,3.0,,[],90,9,140,9,33,14,56,11,0.43,0.0,0.05,0.48,1.18,1.29,29,10,89,12,54,5,21,5,1.14,0.36,4.58,2048661,Newcastle,3,1160,1220,1170,1180,1150,1260,20,15,3,2,False,20,22,1876.20507812,Wolves,Newcastle,0.213,0.246,0.541,0.21299129652967633
427,True,True,75.0,75.0,221389,0,0,0,0,0,1,0.6,1.4,0,John Victor,1.8,715,False,Calf injury - 75% chance of playing,2026-01-04T21:30:13.580158Z,40,221389.jpg,2.2,False,Maciel Furtado,0.4,False,,d,16,17,11,65242,218,32430,1486,0.4,2.8,John,30.0,2025-08-31,1996-02-13,False,p221389,437,0,0,1,8,0,0,0,1,0,6,0,32,56.4,0.0,0.0,5.7,4,26,0,0,5,0.00,0.00,0.00,6.13,,,,,,,[],373,29,540,53,503,38,413,29,0.0,1.24,0.0,0.0,1.26,1.65,653,46,205,17,279,22,263,34,1.03,0.21,0.0,51217,Nott'm Forest,3,1100,1130,1100,1110,1100,1150,16,1,4,3,True,1,22,1767.03271484,Nott'm Forest,Arsenal,0.168,0.237,0.596,0.33594069948398725
428,True,True,100.0,100.0,500151,0,0,0,0,1,2,0.5,1.5,0,Nicolò,1.5,716,False,,,45,500151.jpg,2.8,False,Savona,0.1,False,,a,16,17,39,46295,59,32427,1338,0.3,8.7,Savona,106.0,2025-08-30,2003-03-19,False,p500151,1025,2,0,3,18,0,0,0,2,0,0,0,131,216.6,123.2,94.0,43.5,37,27,20,57,11,1.34,0.45,1.79,15.04,,,,,,,[],189,75,177,43,206,50,208,69,0.12,0.0,0.04,0.16,1.32,1.58,441,91,250,97,213,85,416,154,0.97,0.26,5.0,12804,Nott'm Forest,3,1100,1130,1100,1110,1100,1150,16,1,4,3,True,1,22,1767.03271484,Nott'm Forest,Arsenal,0.168,0.237,0.596,0.17616422346993216
485,True,True,100.0,100.0,493362,0,0,-5,5,1,3,1.2,1.2,5,Xavi,1.2,717,False,,2025-12-20T23:00:11.931727Z,65,493362.jpg,2.9,False,Simons,1.0,False,,a,18,6,44,738501,10355,673791,1751,0.2,6.8,Xavi,152.0,2025-08-29,2003-04-21,False,p493362,920,1,3,3,17,0,0,0,2,1,0,3,169,173.2,181.3,102.0,45.7,13,49,21,83,10,0.90,1.61,2.51,13.66,5.0,,,,,,[],227,97,120,87,194,110,196,98,0.09,0.0,0.16,0.25,1.34,1.66,54,35,281,126,206,92,181,62,0.98,0.29,8.12,128041,Spurs,3,1165,1175,1130,1150,1200,1200,18,19,2,3,True,19,22,1803.93261719,Spurs,West Ham,0.555,0.244,0.201,0.04581913655249764
512,True,True,100.0,100.0,564940,0,0,0,0,0,3,2.3,2.3,0,Soungoutou,2.3,718,False,,,50,564940.jpg,2.4,False,Magassa,0.0,False,,a,19,21,33,4873,30,2927,248,0.5,6.6,S.Magassa,73.0,2025-08-30,2003-10-08,False,p564940,732,1,0,1,18,0,0,0,2,0,0,2,157,149.6,66.4,37.0,25.3,25,43,33,101,9,0.31,0.28,0.59,14.82,,,,,,,[],254,111,266,158,305,160,302,146,0.04,0.0,0.03,0.07,1.82,2.21,274,169,180,77,258,111,620,244,1.11,0.12,12.42,0,West Ham,3,1075,1075,1050,1050,1100,1100,18,19,2,3,False,18,22,1699.84411621,Spurs,West Ham,0.555,0.244,0.201,0.2494871794871795
55,True,True,100.0,100.0,184667,0,0,0,0,0,2,2.7,2.7,6,Victor,2.7,719,False,,2025-09-18T04:00:08.433120Z,45,184667.jpg,2.0,False,Lindelöf,0.1,False,,a,2,7,20,15087,1370,7035,346,0.6,4.4,Lindelöf,206.0,2025-09-01,1994-07-17,False,p184667,565,0,1,1,9,0,0,0,0,0,0,0,87,121.0,26.5,8.0,15.6,30,12,4,34,6,0.03,0.04,0.07,10.62,,,,,,,[],278,106,349,124,379,140,353,125,0.0,0.0,0.01,0.01,1.69,1.43,403,76,152,61,312,122,459,169,0.96,0.16,5.42,12804,Aston Villa,3,1145,1185,1150,1170,1140,1200,2,9,2,3,True,9,22,1923.92321777,Aston Villa,Everton,0.518,0.267,0.215,0.3639815568212639
542,True,True,100.0,100.0,488213,0,0,-1,1,0,4,3.2,3.2,2,Tolu,3.2,720,False,,,54,488213.jpg,1.9,False,Arokodare,0.1,False,,a,20,39,32,25557,536,18206,605,0.6,5.9,Tolu,157.0,2025-09-01,2000-11-23,False,p488213,665,1,1,1,17,0,0,0,1,0,0,2,98,82.4,111.2,210.0,39.8,22,18,4,44,7,1.50,0.21,1.71,8.66,,,2.0,,,,[],332,32,189,17,81,25,223,26,0.2,0.0,0.03,0.23,1.17,2.3,172,41,118,15,330,34,494,70,0.95,0.14,5.95,12804,Wolves,3,1070,1085,1050,1050,1090,1120,20,15,3,2,True,15,22,1666.98193359,Wolves,Newcastle,0.213,0.246,0.541,0.16797294518200306
107,True,True,100.0,75.0,620487,0,0,-1,1,0,2,0.2,0.2,1,Veljko,0.2,721,False,,2026-01-06T17:00:10.479922Z,44,620487.jpg,3.0,False,Milosavljevic,0.0,False,,a,4,91,18,5768,37,5426,22,0.0,4.1,Milosavljević,190.0,2025-09-01,2007-06-28,False,p620487,366,0,0,1,6,0,0,0,0,0,0,0,60,98.4,13.9,10.0,12.2,34,13,5,39,4,0.15,0.19,0.34,4.39,,,,,,,[],308,118,380,138,371,133,372,132,0.04,0.0,0.05,0.09,1.08,1.48,554,119,394,145,189,76,650,227,0.98,0.25,9.59,0,Bournemouth,3,1150,1220,1100,1240,1200,1200,6,4,3,3,False,6,22,1799.17553711,Brighton,Bournemouth,0.498,0.246,0.256,0.03055208147221726
84,True,True,100.0,100.0,216055,0,0,0,0,0,3,1.3,1.8,2,Florentino Ibrain,1.8,722,False,,,50,216055.jpg,2.9,False,Morris Luís,0.0,False,,a,3,90,50,11366,42,9718,131,0.4,10.0,Florentino,173.0,2025-09-01,1999-08-19,False,p216055,1313,0,1,2,29,0,0,0,3,0,0,0,229,264.6,145.9,39.0,45.2,65,67,60,192,15,0.52,0.31,0.83,29.75,,,,,,,[],161,60,156,107,300,158,200,101,0.04,0.0,0.02,0.06,2.04,1.99,250,153,213,90,201,88,616,240,1.03,0.14,13.16,0,Burnley,3,1055,1095,1010,1090,1100,1100,12,3,2,4,False,12,22,1687.70825195,Liverpool,Burnley,0.761,0.155,0.085,0.078163536330867
211,True,True,100.0,100.0,651426,0,0,0,0,1,2,2.2,2.2,10,Jaydee,2.2,723,False,,2025-12-10T22:00:10.518689Z,45,651426.jpg,3.4,False,Canvot,0.0,False,,a,8,31,27,3222,643,2262,92,0.5,6.0,Canvot,73.0,2025-09-01,2006-07-29,False,p651426,288,0,0,2,3,0,0,0,0,0,0,4,78,99.0,5.4,10.0,11.5,33,12,14,47,2,0.05,0.12,0.17,5.45,,,,,,,[],307,117,416,152,372,134,376,134,0.02,0.0,0.04,0.06,1.7,0.94,500,96,192,72,130,51,645,224,0.62,0.62,14.69,0,Crystal Palace,3,1165,1205,1150,1150,1180,1260,17,8,3,3,False,17,22,1799.60229492,Sunderland,Crystal Palace,0.328,0.306,0.367,0.175054704595186
459,True,True,100.0,100.0,247955,0,0,0,0,0,2,2.8,2.8,1,Lutsharel,2.8,724,False,,,45,247955.jpg,1.9,False,Geertruida,0.0,False,,a,17,56,32,7047,235,4097,177,0.6,7.1,Geertruida,152.0,2025-09-01,2000-07-18,False,p247955,970,0,0,2,14,0,0,0,0,0,0,0,145,156.2,63.6,34.0,25.4,44,43,20,64,10,0.37,0.42,0.79,20.56,,,,,,,[],245,99,273,86,313,97,300,99,0.03,0.0,0.04,0.07,1.91,1.3,413,82,138,54,323,126,583,212,0.93,0.19,5.94,0,Sunderland,3,1100,1145,1100,1120,1100,1170,17,8,3,3,True,8,22,1680.29211426,Sunderland,Crystal Palace,0.328,0.306,0.367,0.2647164393395549
25,True,True,75.0,100.0,448104,0,0,-2,2,1,2,3.2,3.7,1,Piero,3.2,725,False,Muscle injury - 75% chance of playing,2026-01-09T17:30:12.626512Z,53,448104.jpg,2.9,False,Hincapié,1.4,False,,d,1,3,35,457123,2100,285554,16726,0.6,6.6,Hincapie,62.0,2025-09-01,2002-01-09,False,p448104,889,0,0,2,9,0,0,0,2,0,0,2,147,188.6,58.3,20.0,26.6,61,36,19,80,10,0.00,0.74,0.74,9.45,,,,,,,[],213,87,290,96,350,119,295,97,0.0,0.0,0.07,0.07,0.96,0.91,198,26,117,44,203,80,157,61,1.01,0.2,8.1,179258,Arsenal,5,1300,1375,1340,1400,1260,1350,16,1,4,3,False,16,22,2052.35058594,Nott'm Forest,Arsenal,0.168,0.237,0.596,0.2310142901961418
486,True,True,100.0,100.0,247693,0,0,-1,1,0,4,1.7,1.7,1,Randal,1.7,726,False,,2025-11-14T12:00:08.068318Z,69,247693.jpg,1.6,False,Kolo Muani,0.3,False,,a,18,6,22,100547,1503,89360,1612,0.2,3.2,Kolo Muani,73.0,2025-09-01,1998-12-05,False,p247693,832,0,0,3,14,0,0,0,2,0,0,0,54,67.6,137.7,141.0,34.0,11,27,14,52,10,1.29,0.69,1.98,11.44,,,,,,,[],351,35,164,13,137,34,259,30,0.14,0.0,0.07,0.21,1.24,1.51,42,17,243,27,375,42,293,49,1.08,0.32,5.62,38412,Spurs,3,1165,1175,1130,1150,1200,1200,18,19,2,3,True,19,22,1803.93261719,Spurs,West Ham,0.555,0.244,0.201,0.05890778117710248
239,True,True,100.0,100.0,513466,0,0,0,0,0,3,1.5,1.5,1,Merlin,1.5,728,False,,2025-11-21T15:00:09.732749Z,50,513466.jpg,1.4,False,Röhl,0.0,False,,a,9,11,13,1018,20,1008,44,0.3,2.6,Röhl,80.0,2025-09-01,2002-07-05,False,p513466,263,0,0,1,4,0,0,0,0,0,0,0,33,50.8,44.0,26.0,12.1,8,14,14,36,1,0.37,0.15,0.52,4.83,,,,,,,[],378,166,320,176,331,174,373,174,0.13,0.0,0.05,0.18,1.65,1.37,273,168,252,109,397,178,706,302,0.34,0.34,12.32,0,Everton,3,1100,1130,1110,1130,1090,1130,2,9,2,3,False,2,22,1796.4831543,Aston Villa,Everton,0.518,0.267,0.215,0.004935834155972359
460,True,True,100.0,100.0,441264,0,0,0,0,0,4,2.8,2.8,2,Brian,2.8,730,False,,2026-01-02T00:30:12.435254Z,55,441264.jpg,2.5,False,Brobbey,0.4,False,,a,17,56,40,89524,6528,48643,3140,0.5,7.3,Brobbey,152.0,2025-09-01,2002-02-01,False,p441264,698,3,1,3,8,0,0,0,1,0,0,4,140,144.4,46.3,173.0,35.5,7,20,4,31,7,1.70,0.15,1.85,14.11,,,,,,,[],258,21,311,34,109,30,251,29,0.22,0.0,0.02,0.24,1.82,1.03,146,35,147,18,249,24,272,42,0.9,0.39,4.0,51217,Sunderland,3,1100,1145,1100,1120,1100,1170,17,8,3,3,True,8,22,1680.29211426,Sunderland,Crystal Palace,0.328,0.306,0.367,0.29588107145700493
258,True,True,100.0,100.0,560552,0,0,-2,2,0,3,2.7,2.7,1,Kevin,2.7,731,False,,2025-09-24T06:30:08.624024Z,58,560552.jpg,1.9,False,Santos Lopes de Macedo,0.1,False,,a,10,54,32,30374,268,25903,345,0.5,5.5,Kevin,30.0,2025-09-01,2003-01-04,False,p560552,706,0,2,4,10,0,0,0,1,0,0,0,124,155.6,187.8,180.0,52.2,13,32,16,61,6,0.87,1.20,2.07,10.00,4.0,,,,,,[],246,107,111,80,102,62,162,88,0.11,0.0,0.15,0.26,1.27,1.27,112,72,162,66,334,146,539,192,0.76,0.51,7.78,12804,Fulham,3,1090,1130,1080,1140,1100,1120,11,10,2,3,False,11,22,1809.49267578,Leeds,Fulham,0.417,0.296,0.287,0.07944631021554098
212,True,True,100.0,100.0,660392,0,0,0,0,0,4,1.3,1.3,0,Christantus,1.3,732,False,,,55,660392.jpg,1.3,False,Uche,0.0,False,,a,8,31,13,11123,236,7797,303,0.2,2.4,Uche,157.0,2025-09-01,2003-05-19,False,p660392,109,0,1,0,4,0,0,0,0,0,0,0,37,10.8,4.2,65.0,7.7,1,6,1,8,0,0.36,0.01,0.37,4.05,,,,,,,[],431,47,421,52,258,46,404,48,0.3,0.0,0.01,0.31,3.34,3.3,154,38,262,31,412,47,579,77,0.0,0.0,6.61,0,Crystal Palace,3,1165,1205,1150,1150,1180,1260,17,8,3,3,False,17,22,1799.60229492,Sunderland,Crystal Palace,0.328,0.306,0.367,0.17579281183932347
370,True,True,100.0,100.0,465247,0,0,0,0,1,1,2.3,2.8,1,Senne,2.8,733,False,,,50,465247.jpg,2.7,False,Lammens,1.9,False,,a,14,1,41,374643,2102,196843,17433,0.6,8.2,Lammens,21.0,2025-09-01,2002-07-07,False,p465247,1350,0,0,2,21,0,0,0,0,0,33,4,155,287.2,0.0,2.0,28.9,9,104,1,0,15,0.00,0.00,0.00,17.61,,,,,,,[],130,19,755,88,423,1,288,19,0.0,2.2,0.0,0.0,1.17,1.4,259,9,144,13,229,19,136,18,1.0,0.13,0.0,243279,Man Utd,3,1135,1205,1100,1150,1170,1260,14,13,4,3,True,13,22,1824.42858887,Man Utd,Man City,0.236,0.236,0.527,0.311118732567377
429,True,True,100.0,100.0,476887,0,0,-1,1,0,3,0.2,1.2,1,Dilane,1.2,734,False,,2025-10-24T09:00:08.676633Z,59,476887.jpg,1.5,False,Bakwa,0.0,False,,a,16,17,12,3705,57,3240,121,0.2,2.0,Bakwa,73.0,2025-09-01,2002-08-26,False,p476887,302,0,1,0,7,0,0,0,1,0,0,0,53,49.8,108.8,71.0,23.0,3,19,1,23,3,0.39,0.68,1.07,5.51,,,,,,,[],380,167,193,128,248,136,312,152,0.12,0.0,0.2,0.32,1.64,2.09,101,66,277,123,387,172,671,279,0.89,0.0,6.85,0,Nott'm Forest,3,1100,1130,1100,1110,1100,1150,16,1,4,3,True,1,22,1767.03271484,Nott'm Forest,Arsenal,0.168,0.237,0.596,0.06695464362850972
461,True,True,100.0,0.0,110504,0,0,0,0,0,3,0.5,0.0,0,Bertrand,0.5,735,False,,2025-12-13T14:30:12.251523Z,55,110504.jpg,2.8,False,Traoré,0.0,False,,a,17,56,28,13335,39,12066,107,0.1,5.1,Traoré,35.0,2025-09-01,1995-09-06,False,p110504,607,1,1,3,9,0,0,0,1,0,0,1,114,115.6,108.1,135.0,35.9,11,18,11,40,9,0.48,0.25,0.73,8.99,,,,,,,[],291,130,194,129,144,84,248,125,0.07,0.0,0.04,0.11,1.33,1.33,136,85,350,156,218,95,619,243,1.33,0.44,5.93,0,Sunderland,3,1100,1145,1100,1120,1100,1170,17,8,3,3,True,8,22,1680.29211426,Sunderland,Crystal Palace,0.328,0.306,0.367,0.049958663044762014
335,True,True,100.0,100.0,204936,0,0,2,-2,0,1,4.8,4.8,1,Gianluigi,4.3,736,False,,,57,204936.jpg,3.8,False,Donnarumma,10.2,False,,a,13,43,69,1827778,17501,887966,35993,0.8,12.1,Donnarumma,106.0,2025-09-01,1999-02-25,False,p204936,1620,0,0,8,15,0,1,0,5,0,38,0,290,330.0,0.0,0.0,33.1,24,110,0,0,18,0.00,0.00,0.00,19.27,,,,,,,[],101,15,783,91,781,90,266,16,0.0,2.11,0.0,0.0,1.07,0.83,115,2,46,4,97,10,43,6,1.0,0.44,0.0,1306021,Man City,4,1250,1305,1210,1230,1290,1380,14,13,4,3,False,14,22,1982.90136719,Man Utd,Man City,0.236,0.236,0.527,0.34606060070463196
259,True,True,100.0,100.0,631786,0,0,0,0,0,4,0.3,0.3,0,Jonah,0.3,737,False,,,45,631786.jpg,1.0,False,Kusi-Asare,0.1,False,,a,10,54,4,15749,165,12032,302,0.1,0.9,Kusi-Asare,206.0,2025-09-01,2007-07-04,False,p631786,28,0,0,0,1,0,0,0,0,0,0,0,12,1.2,11.4,8.0,2.1,0,2,0,2,0,0.00,0.07,0.07,0.37,,,,,,,[],468,55,387,49,380,52,442,52,0.0,0.0,0.22,0.22,1.19,3.21,496,70,361,43,454,52,497,71,0.0,0.0,6.43,12804,Fulham,3,1090,1130,1080,1140,1100,1120,11,10,2,3,False,11,22,1809.49267578,Leeds,Fulham,0.417,0.296,0.287,0.13379647960836544
513,True,True,25.0,25.0,37096,0,0,0,0,0,1,0.0,0.0,0,Lukasz,0.0,738,False,Back injury - 25% chance of playing,2026-01-05T18:30:10.223348Z,45,37096.jpg,0.0,False,Fabianski,0.0,False,,d,19,21,0,5416,29,4635,177,0.0,0.0,Fabianski,172.0,2025-09-10,1985-04-18,False,p37096,0,0,0,0,0,0,0,0,0,0,0,0,0,0.0,0.0,0.0,0.0,0,0,0,0,0,0.00,0.00,0.00,0.00,,,,,,,[],654,87,650,80,626,68,657,87,0.0,0.0,0.0,0.0,0.0,0.0,394,19,613,84,660,87,614,79,0.0,0.0,0.0,0,West Ham,3,1075,1075,1050,1050,1100,1100,18,19,2,3,False,18,22,1699.84411621,Spurs,West Ham,0.555,0.244,0.201,0.07770371107352503
336,True,True,100.0,100.0,590039,0,0,-1,1,0,3,0.7,0.7,0,Divine,0.2,739,False,,,44,590039.jpg,1.0,False,Mukasa,0.0,False,,a,13,43,1,3144,49,2486,51,0.0,0.2,Mukasa,241.0,2025-08-07,2007-08-22,False,p590039,15,0,0,0,0,0,0,0,0,0,0,0,2,2.0,17.8,0.0,2.0,0,1,0,1,0,0.00,0.20,0.20,0.18,,,,,,,[],461,213,370,187,621,240,443,201,0.0,0.0,1.2,1.2,1.08,0.0,550,329,393,177,442,198,661,272,0.0,0.0,6.0,0,Man City,4,1250,1305,1210,1230,1290,1380,14,13,4,3,False,14,22,1982.90136719,Man Utd,Man City,0.236,0.236,0.527,0.11687388987566608
337,True,True,100.0,100.0,566213,0,0,-1,1,0,2,0.5,0.5,0,Stephen,0.0,740,False,,,39,566213.jpg,0.0,False,Mfuni,0.0,False,,a,13,43,0,2908,52,2998,76,0.0,0.0,Mfuni,241.0,2024-07-23,2008-02-12,False,p566213,0,0,0,0,0,0,0,0,0,0,0,0,0,0.0,0.0,0.0,0.0,0,0,0,0,0,0.00,0.00,0.00,0.00,,,,,,,[],529,197,522,198,483,189,532,197,0.0,0.0,0.0,0.0,0.0,0.0,756,224,471,177,539,197,603,217,0.0,0.0,0.0,0,Man City,4,1250,1305,1210,1230,1290,1380,14,13,4,3,False,14,22,1982.90136719,Man Utd,Man City,0.236,0.236,0.527,-0.015238740264138165
286,True,True,100.0,100.0,600882,0,0,0,0,0,4,0.0,0.0,0,Harry,0.0,741,False,,2025-10-02T14:30:07.989923Z,45,600882.jpg,0.0,False,Gray,0.1,False,,a,11,2,0,27244,503,18770,674,0.0,0.0,Gray,241.0,2025-04-20,2008-10-08,False,p600882,0,0,0,0,0,0,0,0,0,0,0,0,0,0.0,0.0,0.0,0.0,0,0,0,0,0,0.00,0.00,0.00,0.00,,,,,,,[],712,76,707,75,691,75,712,76,0.0,0.0,0.0,0.0,0.0,0.0,481,67,671,67,713,76,434,63,0.0,0.0,0.0,12804,Leeds,3,1095,1145,1080,1100,1110,1190,11,10,2,3,True,10,22,1751.14904785,Leeds,Fulham,0.417,0.296,0.287,0.18416134220019995
338,True,True,100.0,100.0,616288,0,0,0,0,0,3,0.5,0.5,0,Ryan,0.0,742,False,,,45,616288.jpg,0.0,False,McAidoo,0.0,False,,a,13,43,0,1252,18,980,25,0.0,0.0,McAidoo,241.0,2025-09-26,2008-06-24,False,p616288,0,0,0,0,0,0,0,0,0,0,0,0,0,0.0,0.0,0.0,0.0,0,0,0,0,0,0.00,0.00,0.00,0.00,,,,,,,[],719,302,714,302,698,297,719,302,0.0,0.0,0.0,0.0,0.0,0.0,490,303,678,278,719,302,711,306,0.0,0.0,0.0,0,Man City,4,1250,1305,1210,1230,1290,1380,14,13,4,3,False,14,22,1982.90136719,Man Utd,Man City,0.236,0.236,0.527,0.12186379928315412
192,True,True,100.0,100.0,611912,0,0,0,0,0,3,0.0,0.0,0,Landon,0.0,743,False,,,45,611912.jpg,0.0,False,Emenalo,0.0,False,,a,7,8,0,1210,19,1021,26,0.0,0.0,Emenalo,241.0,2025-04-01,2008-01-18,False,p611912,0,0,0,0,0,0,0,0,0,0,0,0,0,0.0,0.0,0.0,0.0,0,0,0,0,0,0.00,0.00,0.00,0.00,,,,,,,[],717,300,712,300,696,295,717,300,0.0,0.0,0.0,0.0,0.0,0.0,488,301,676,276,717,300,709,304,0.0,0.0,0.0,0,Chelsea,3,1180,1190,1140,1160,1220,1220,7,5,3,3,True,5,22,1882.60693359,Chelsea,Brentford,0.579,0.234,0.187,0.08471537427162708
163,True,True,100.0,100.0,556637,0,0,0,0,0,3,0.0,-0.5,0,Nehemiah,0.0,744,False,,,45,556637.jpg,1.0,False,Oriola,0.0,False,,a,6,36,1,2231,31,1431,49,0.0,0.2,Oriola,241.0,2025-10-17,2007-06-11,False,p556637,1,0,0,0,0,0,0,0,0,0,0,0,3,0.0,0.0,0.0,0.0,0,0,0,0,0,0.00,0.00,0.00,0.00,,,,,,,[],692,281,688,282,669,274,693,282,0.0,0.0,0.0,0.0,0.0,0.0,458,278,652,258,447,202,697,298,0.0,0.0,0.0,0,Brighton,3,1150,1160,1090,1110,1210,1210,6,4,3,3,True,4,22,1838.91809082,Brighton,Bournemouth,0.498,0.246,0.256,0.2184598580010923
487,True,True,100.0,100.0,640419,0,0,0,0,0,2,0.0,0.0,0,Jun'ai,0.0,745,False,,,40,640419.jpg,0.0,False,Byfield,0.0,False,,a,18,6,0,1333,54,1243,60,0.0,0.0,Byfield,241.0,2025-07-25,2008-12-06,False,p640419,0,0,0,0,0,0,0,0,0,0,0,0,0,0.0,0.0,0.0,0.0,0,0,0,0,0,0.00,0.00,0.00,0.00,,,,,,,[],592,236,587,237,551,231,595,236,0.0,0.0,0.0,0.0,0.0,0.0,708,203,536,218,603,237,642,223,0.0,0.0,0.0,0,Spurs,3,1165,1175,1130,1150,1200,1200,18,19,2,3,True,19,22,1803.93261719,Spurs,West Ham,0.555,0.244,0.201,0.03493788819875776
312,True,True,100.0,100.0,596042,0,0,0,0,0,3,0.5,-0.5,0,Kieran,0.0,746,False,,,45,596042.jpg,0.0,False,Morrison,0.0,False,,a,12,14,0,794,14,548,25,0.0,0.0,Morrison,242.0,2025-01-29,2006-11-09,False,p596042,0,0,0,0,0,0,0,0,0,0,0,0,0,0.0,0.0,0.0,0.0,0,0,0,0,0,0.00,0.00,0.00,0.00,,,,,,,[],710,294,705,294,689,289,710,294,0.0,0.0,0.0,0.0,0.0,0.0,479,294,669,270,711,295,726,312,0.0,0.0,0.0,0,Liverpool,4,1230,1265,1170,1210,1290,1320,12,3,2,4,True,3,22,1940.71777344,Liverpool,Burnley,0.761,0.155,0.085,0.18330849478390462
514,True,True,100.0,100.0,602903,0,0,0,0,0,2,0.7,0.7,1,Ezra,0.7,747,False,,,40,602903.jpg,1.0,False,Mayers,0.0,False,,a,19,21,5,1745,75,1186,60,0.2,1.2,Mayers,241.0,2024-11-29,2007-01-16,False,p602903,112,0,0,0,3,0,0,0,0,0,0,0,15,21.2,33.8,9.0,6.4,5,6,0,5,0,0.12,0.44,0.56,2.80,,,,,,,[],417,160,337,116,374,135,410,148,0.1,0.0,0.35,0.45,2.25,2.41,701,196,312,116,429,161,646,225,0.0,0.0,4.02,0,West Ham,3,1075,1075,1050,1050,1100,1100,18,19,2,3,False,18,22,1699.84411621,Spurs,West Ham,0.555,0.244,0.201,0.19071989082224497
543,True,True,100.0,100.0,647671,0,0,0,0,1,4,5.0,5.0,9,Mateus,5.0,749,False,,,45,647671.jpg,3.4,False,Mané,0.8,False,,a,20,39,34,111053,25067,21444,4262,1.1,7.6,Mané,241.0,2025-02-24,2007-09-16,False,p647671,446,2,2,1,8,0,0,0,0,0,0,6,126,136.8,80.1,89.0,30.5,8,16,9,33,4,0.53,0.38,0.91,6.52,,,,,,,[],264,23,238,26,215,42,280,33,0.11,0.0,0.08,0.19,1.32,1.61,498,71,27,5,129,11,209,31,0.81,0.2,6.66,102433,Wolves,3,1070,1085,1050,1050,1090,1120,20,15,3,2,True,15,22,1666.98193359,Wolves,Newcastle,0.213,0.246,0.541,0.6763096522940142
488,True,True,100.0,100.0,499716,0,0,0,0,0,2,0.0,0.0,0,James,0.0,750,False,,,40,499716.jpg,0.0,False,Rowswell,0.0,False,,a,18,6,0,1000,54,835,59,0.0,0.0,Rowswell,241.0,2025-07-25,2006-07-13,False,p499716,0,0,0,0,0,0,0,0,0,0,0,0,0,0.0,0.0,0.0,0.0,0,0,0,0,0,0.00,0.00,0.00,0.00,,,,,,,[],565,214,560,215,523,208,568,214,0.0,0.0,0.0,0.0,0.0,0.0,676,176,507,194,576,215,662,230,0.0,0.0,0.0,0,Spurs,3,1165,1175,1130,1150,1200,1200,18,19,2,3,True,19,22,1803.93261719,Spurs,West Ham,0.555,0.244,0.201,0.08991825613079019
489,True,True,100.0,100.0,590035,0,0,0,0,0,3,0.0,0.0,0,Yusuf,0.0,751,False,,,45,590035.jpg,0.0,False,Akhamrich,0.0,False,,a,18,6,0,625,17,390,17,0.0,0.0,Akhamrich,145.0,2025-07-25,2005-09-05,False,p590035,0,0,0,0,0,0,0,0,0,0,0,0,0,0.0,0.0,0.0,0.0,0,0,0,0,0,0.00,0.00,0.00,0.00,,,,,,,[],708,292,703,292,687,287,708,292,0.0,0.0,0.0,0.0,0.0,0.0,477,292,667,268,709,293,742,321,0.0,0.0,0.0,0,Spurs,3,1165,1175,1130,1150,1200,1200,18,19,2,3,True,19,22,1803.93261719,Spurs,West Ham,0.555,0.244,0.201,0.2315270935960591
515,True,True,100.0,100.0,643473,0,0,0,0,0,2,0.0,0.0,0,Airidas,0.0,752,False,,,40,643473.jpg,0.0,False,Golambeckis,0.0,False,,a,19,21,0,1064,42,977,60,0.0,0.0,Golambeckis,241.0,2025-07-23,2007-11-04,False,p643473,0,0,0,0,0,0,0,0,0,0,0,0,0,0.0,0.0,0.0,0.0,0,0,0,0,0,0.00,0.00,0.00,0.00,,,,,,,[],594,238,589,239,554,234,598,239,0.0,0.0,0.0,0.0,0.0,0.0,711,206,538,220,605,239,669,232,0.0,0.0,0.0,0,West Ham,3,1075,1075,1050,1050,1100,1100,18,19,2,3,False,18,22,1699.84411621,Spurs,West Ham,0.555,0.244,0.201,0.04262616364527193
402,True,True,100.0,100.0,19236,0,0,0,0,0,1,0.0,0.0,0,John,0.0,753,False,,,40,19236.jpg,0.0,False,Ruddy,0.0,False,,a,15,4,0,1070,45,539,45,0.0,0.0,Ruddy,241.0,2024-07-01,1986-10-24,False,p19236,0,0,0,0,0,0,0,0,0,0,0,0,0,0.0,0.0,0.0,0.0,0,0,0,0,0,0.00,0.00,0.00,0.00,,,,,,,[],536,59,529,46,491,31,539,59,0.0,0.0,0.0,0.0,0.0,0.0,641,39,478,54,546,59,698,81,0.0,0.0,0.0,0,Newcastle,3,1160,1220,1170,1180,1150,1260,20,15,3,2,False,20,22,1876.20507812,Wolves,Newcastle,0.213,0.246,0.541,0.3300186451211933
56,True,True,100.0,100.0,577285,0,0,0,0,0,3,0.2,0.2,0,George,0.2,754,False,,,45,577285.jpg,1.0,False,Hemmings,0.0,False,,a,2,7,1,572,25,331,31,0.0,0.2,George Hemmings,241.0,2025-08-05,2007-03-04,False,p577285,8,0,0,0,0,0,0,0,0,0,0,0,3,0.0,1.0,0.0,0.1,0,0,0,0,0,0.00,0.01,0.01,0.61,,,,,,,[],704,288,439,212,683,283,479,220,0.0,0.0,0.11,0.11,6.86,0.0,473,288,400,182,451,206,749,325,0.0,0.0,0.0,0,Aston Villa,3,1145,1185,1150,1170,1140,1200,2,9,2,3,True,9,22,1923.92321777,Aston Villa,Everton,0.518,0.267,0.215,0.26688815060908083
371,True,True,100.0,100.0,576628,0,0,0,0,0,3,-0.2,0.3,1,Shea,0.3,755,False,,,45,576628.jpg,1.0,False,Lacey,0.0,False,,a,14,1,2,2082,791,758,118,0.1,0.4,Lacey,241.0,2025-05-26,2007-04-14,False,p576628,12,0,0,0,0,0,0,0,0,0,0,0,8,4.0,1.5,11.0,1.5,0,0,1,1,0,0.07,0.00,0.07,0.11,,,,,,,[],452,206,435,210,369,186,451,205,0.52,0.0,0.0,0.52,0.82,0.0,470,287,359,162,450,205,689,293,0.0,0.0,7.5,0,Man Utd,3,1135,1205,1100,1150,1170,1260,14,13,4,3,True,13,22,1824.42858887,Man Utd,Man City,0.236,0.236,0.527,0.46619718309859154
108,True,True,100.0,100.0,678552,0,0,0,0,0,3,0.0,0.0,0,Malcom,0.0,756,False,,,45,678552.jpg,0.0,False,DaCosta,0.0,False,,a,4,91,0,1174,41,650,40,0.0,0.0,DaCosta,62.0,2025-12-01,2008-04-17,False,p678552,0,0,0,0,0,0,0,0,0,0,0,0,0,0.0,0.0,0.0,0.0,0,0,0,0,0,0.00,0.00,0.00,0.00,,,,,,,[],727,308,722,308,707,304,727,308,0.0,0.0,0.0,0.0,0.0,0.0,503,311,686,284,727,308,729,314,0.0,0.0,0.0,0,Bournemouth,3,1150,1220,1100,1240,1200,1200,6,4,3,3,False,6,22,1799.17553711,Brighton,Bournemouth,0.498,0.246,0.256,0.28728070175438597
57,True,True,100.0,100.0,516875,0,0,0,0,0,1,0.0,0.0,0,Ronnie,0.0,757,False,,,40,516875.jpg,0.0,False,Hollingshead,0.0,False,,a,2,7,0,840,37,457,39,0.0,0.0,Hollingshead,244.0,2025-12-02,2004-09-09,False,p516875,0,0,0,0,0,0,0,0,0,0,0,0,0,0.0,0.0,0.0,0.0,0,0,0,0,0,0.00,0.00,0.00,0.00,,,,,,,[],569,77,564,66,527,51,572,77,0.0,0.0,0.0,0.0,0.0,0.0,681,59,511,72,580,77,715,82,0.0,0.0,0.0,0,Aston Villa,3,1145,1185,1150,1170,1140,1200,2,9,2,3,True,9,22,1923.92321777,Aston Villa,Everton,0.518,0.267,0.215,0.2952968388589052
516,True,True,100.0,100.0,630699,0,0,0,0,0,3,0.3,0.3,0,Mohamadou,0.3,758,False,,,45,630699.jpg,1.0,False,Kanté,0.0,False,,a,19,21,3,1151,26,561,53,0.1,0.7,Mohamadou Kanté,73.0,2024-08-22,2005-09-20,False,p630699,16,0,0,0,0,0,0,0,0,0,0,0,11,4.4,10.9,4.0,1.7,0,3,1,4,0,0.03,0.02,0.05,0.54,,,,,,,[],450,205,389,195,403,199,447,203,0.17,0.0,0.11,0.28,3.04,0.0,494,306,360,163,453,208,727,313,0.0,0.0,22.5,0,West Ham,3,1075,1075,1050,1050,1100,1100,18,19,2,3,False,18,22,1699.84411621,Spurs,West Ham,0.555,0.244,0.201,0.3446261682242991
26,True,True,100.0,100.0,616065,0,0,0,0,0,2,1.0,0.5,0,Marli,0.0,759,False,,,40,616065.jpg,0.0,False,Salmon,0.0,False,,a,1,3,0,791,39,544,52,0.0,0.0,Salmon,241.0,2025-07-22,2009-08-29,False,p616065,0,0,0,0,0,0,0,0,0,0,0,0,0,0.0,0.0,0.0,0.0,0,0,0,0,0,0.00,0.00,0.00,0.00,,,,,,,[],589,233,584,234,548,228,592,233,0.0,0.0,0.0,0.0,0.0,0.0,705,200,533,215,600,234,700,240,0.0,0.0,0.0,0,Arsenal,5,1300,1375,1340,1400,1260,1350,16,1,4,3,False,16,22,2052.35058594,Nott'm Forest,Arsenal,0.168,0.237,0.596,0.1850187265917603
313,True,True,100.0,100.0,519440,0,0,0,0,0,2,0.5,-0.5,0,Wellity,0.0,760,False,,,40,519440.jpg,0.0,False,Lucky,0.0,False,,a,12,14,0,550,73,314,41,0.0,0.0,Lucky,200.0,2025-08-01,2006-01-12,False,p519440,0,0,0,0,0,0,0,0,0,0,0,0,0,0.0,0.0,0.0,0.0,0,0,0,0,0,0.00,0.00,0.00,0.00,,,,,,,[],572,218,567,219,530,212,575,218,0.0,0.0,0.0,0.0,0.0,0.0,684,181,514,198,583,219,717,245,0.0,0.0,0.0,0,Liverpool,4,1230,1265,1170,1210,1290,1320,12,3,2,4,True,3,22,1940.71777344,Liverpool,Burnley,0.761,0.155,0.085,0.27314814814814814
164,True,True,100.0,100.0,604988,0,0,0,0,0,2,0.0,-0.5,0,Freddie,0.0,761,False,,,40,604988.jpg,0.0,False,Simmonds,0.0,False,,a,6,36,0,424,38,256,35,0.0,0.0,Simmonds,241.0,2024-07-01,2008-03-09,False,p604988,0,0,0,0,0,0,0,0,0,0,0,0,0,0.0,0.0,0.0,0.0,0,0,0,0,0,0.00,0.00,0.00,0.00,,,,,,,[],587,231,582,232,546,226,590,231,0.0,0.0,0.0,0.0,0.0,0.0,702,197,530,212,598,232,738,252,0.0,0.0,0.0,0,Brighton,3,1150,1160,1090,1110,1210,1210,6,4,3,3,True,4,22,1838.91809082,Brighton,Bournemouth,0.498,0.246,0.256,0.24705882352941178
213,True,True,100.0,100.0,672492,0,0,0,0,0,3,0.4,0.4,0,Joél,0.4,762,False,,,45,672492.jpg,1.0,False,Drakes-Thomas,0.0,False,,a,8,31,2,412,27,140,31,0.1,0.4,Drakes-Thomas,241.0,2025-12-10,2009-06-09,False,p672492,7,0,0,0,1,0,0,0,0,0,0,0,6,1.4,1.0,0.0,0.3,0,2,1,3,0,0.00,0.00,0.00,0.73,,,,,,,[],466,215,440,213,706,303,473,217,0.0,0.0,0.0,0.0,9.39,12.86,502,310,353,158,455,209,760,331,0.0,0.0,38.57,0,Crystal Palace,3,1165,1205,1150,1150,1180,1260,17,8,3,3,False,17,22,1799.60229492,Sunderland,Crystal Palace,0.328,0.306,0.367,0.4927536231884058
339,True,True,100.0,100.0,516234,0,0,0,0,0,3,0.5,0.5,0,Charlie,0.0,763,False,,,45,516234.jpg,0.0,False,Gray,0.0,False,,a,13,43,0,217,25,107,24,0.0,0.0,Gray,241.0,2025-12-16,2006-02-22,False,p516234,0,0,0,0,0,0,0,0,0,0,0,0,0,0.0,0.0,0.0,0.0,0,0,0,0,0,0.00,0.00,0.00,0.00,,,,,,,[],683,273,680,275,660,266,684,274,0.0,0.0,0.0,0.0,0.0,0.0,445,267,644,251,687,277,770,339,0.0,0.0,0.0,0,Man City,4,1250,1305,1210,1230,1290,1380,14,13,4,3,False,14,22,1982.90136719,Man Utd,Man City,0.236,0.236,0.527,0.3395061728395062
340,True,True,100.0,100.0,580921,0,0,0,0,0,3,0.5,0.5,0,Reigan,0.0,764,False,,,45,580921.jpg,0.0,False,Heskey,0.0,False,,a,13,43,0,90,8,47,10,0.0,0.0,Heskey,241.0,2024-07-26,2008-01-18,False,p580921,0,0,0,0,0,0,0,0,0,0,0,0,0,0.0,0.0,0.0,0.0,0,0,0,0,0,0.00,0.00,0.00,0.00,,,,,,,[],705,289,700,289,684,284,705,289,0.0,0.0,0.0,0.0,0.0,0.0,474,289,664,265,706,290,780,343,0.0,0.0,0.0,0,Man City,4,1250,1305,1210,1230,1290,1380,14,13,4,3,False,14,22,1982.90136719,Man Utd,Man City,0.236,0.236,0.527,0.31386861313868614
403,True,True,100.0,100.0,553746,0,0,0,0,0,2,0.0,0.0,0,Leo,0.0,765,False,,,40,553746.jpg,0.0,False,Shahar,0.0,False,,a,15,4,0,1868,155,765,116,0.0,0.0,Shahar,241.0,2024-08-08,2007-03-18,False,p553746,0,0,0,0,0,0,0,0,0,0,0,0,0,0.0,0.0,0.0,0.0,0,0,0,0,0,0.00,0.00,0.00,0.00,,,,,,,[],576,221,571,222,535,216,579,221,0.0,0.0,0.0,0.0,0.0,0.0,689,185,519,202,587,222,688,236,0.0,0.0,0.0,0,Newcastle,3,1160,1220,1170,1180,1150,1260,20,15,3,2,False,20,22,1876.20507812,Wolves,Newcastle,0.213,0.246,0.541,0.4189137865552602
544,True,True,100.0,100.0,601956,0,0,0,0,0,2,0.0,0.0,0,Saheed,0.0,766,False,,,40,601956.jpg,0.0,False,Olagunju,0.0,False,,a,20,39,0,630,105,261,62,0.0,0.0,Olagunju,241.0,2025-12-19,2007-01-07,False,p601956,0,0,0,0,0,0,0,0,0,0,0,0,0,0.0,0.0,0.0,0.0,0,0,0,0,0,0.00,0.00,0.00,0.00,,,,,,,[],586,230,581,231,545,225,589,230,0.0,0.0,0.0,0.0,0.0,0.0,700,195,529,211,597,231,720,246,0.0,0.0,0.0,0,Wolves,3,1070,1085,1050,1050,1090,1120,20,15,3,2,True,15,22,1666.98193359,Wolves,Newcastle,0.213,0.246,0.541,0.41414141414141414
545,True,True,100.0,100.0,605319,0,0,0,0,0,3,0.0,0.0,0,Luke,0.0,767,False,,,45,605319.jpg,0.0,False,Rawlings,0.0,False,,a,20,39,0,604,29,240,40,0.0,0.0,Rawlings,241.0,2024-07-30,2008-04-04,False,p605319,0,0,0,0,0,0,0,0,0,0,0,0,0,0.0,0.0,0.0,0.0,0,0,0,0,0,0.00,0.00,0.00,0.00,,,,,,,[],714,297,709,297,693,292,714,297,0.0,0.0,0.0,0.0,0.0,0.0,483,297,673,273,715,298,754,327,0.0,0.0,0.0,0,Wolves,3,1070,1085,1050,1050,1090,1120,20,15,3,2,True,15,22,1666.98193359,Wolves,Newcastle,0.213,0.246,0.541,0.4312796208530806
58,True,True,100.0,100.0,664015,0,0,0,0,0,2,0.0,0.0,0,Leon,0.0,768,False,,,40,664015.jpg,0.0,False,Routh,0.0,False,,a,2,7,0,291,41,166,31,0.0,0.0,Leon Routh,241.0,2025-12-20,2007-11-30,False,p664015,0,0,0,0,0,0,0,0,0,0,0,0,0,0.0,0.0,0.0,0.0,0,0,0,0,0,0.00,0.00,0.00,0.00,,,,,,,[],595,239,590,240,555,235,599,240,0.0,0.0,0.0,0.0,0.0,0.0,712,207,539,221,606,240,733,248,0.0,0.0,0.0,0,Aston Villa,3,1145,1185,1150,1170,1140,1200,2,9,2,3,True,9,22,1923.92321777,Aston Villa,Everton,0.518,0.267,0.215,0.2735229759299781
372,True,True,100.0,100.0,576620,0,0,0,0,0,3,-0.3,0.2,0,Bendito,0.2,769,False,,,45,576620.jpg,1.0,False,Mantato,0.0,False,,a,14,1,1,190,19,79,10,0.0,0.2,Bendito Mantato,241.0,2025-04-30,2008-01-25,False,p576620,15,0,0,0,0,0,0,0,0,0,0,0,3,2.2,11.7,0.0,1.4,0,0,0,0,0,0.00,0.01,0.01,0.05,,,,,,,[],460,212,386,193,680,282,453,207,0.0,0.0,0.06,0.06,0.3,0.0,469,286,399,181,449,204,769,338,0.0,0.0,0.0,0,Man Utd,3,1135,1205,1100,1150,1170,1260,14,13,4,3,True,13,22,1824.42858887,Man Utd,Man City,0.236,0.236,0.527,0.41263940520446096
260,True,True,100.0,100.0,619536,0,0,0,0,0,3,0.0,0.0,0,Seth,0.0,770,False,,,45,619536.jpg,0.0,False,Ridgeon,0.0,False,,a,10,54,0,287,40,100,18,0.0,0.0,Ridgeon,241.0,2025-10-27,2008-09-12,False,p619536,0,0,0,0,0,0,0,0,0,0,0,0,0,0.0,0.0,0.0,0.0,0,0,0,0,0,0.00,0.00,0.00,0.00,,,,,,,[],720,303,715,303,699,298,720,303,0.0,0.0,0.0,0.0,0.0,0.0,491,304,679,279,720,303,766,336,0.0,0.0,0.0,0,Fulham,3,1090,1130,1080,1140,1100,1120,11,10,2,3,False,11,22,1809.49267578,Leeds,Fulham,0.417,0.296,0.287,0.48320413436692505
373,True,True,100.0,100.0,519913,0,0,0,0,0,3,-0.5,0.0,0,Tyler,0.0,771,False,,,45,519913.jpg,0.0,False,Fletcher,0.0,False,,a,14,1,0,793,73,309,68,0.0,0.0,Fletcher,243.0,2025-05-26,2007-03-19,False,p519913,0,0,0,0,0,0,0,0,0,0,0,0,0,0.0,0.0,0.0,0.0,0,0,0,0,0,0.00,0.00,0.00,0.00,,,,,,,[],684,274,681,276,661,267,685,275,0.0,0.0,0.0,0.0,0.0,0.0,446,268,645,252,688,278,748,324,0.0,0.0,0.0,0,Man Utd,3,1135,1205,1100,1150,1170,1260,14,13,4,3,True,13,22,1824.42858887,Man Utd,Man City,0.236,0.236,0.527,0.43920145190562615
404,True,True,100.0,100.0,666607,0,0,0,0,0,3,0.0,0.0,0,Sam,0.0,772,False,,,45,666607.jpg,0.0,False,Alabi,0.0,False,,a,15,4,0,137,19,64,12,0.0,0.0,Alabi,241.0,2025-11-24,2009-07-09,False,p666607,0,0,0,0,0,0,0,0,0,0,0,0,0,0.0,0.0,0.0,0.0,0,0,0,0,0,0.00,0.00,0.00,0.00,,,,,,,[],726,307,721,307,705,302,726,307,0.0,0.0,0.0,0.0,0.0,0.0,501,309,685,283,726,307,775,340,0.0,0.0,0.0,0,Newcastle,3,1160,1220,1170,1180,1150,1260,20,15,3,2,False,20,22,1876.20507812,Wolves,Newcastle,0.213,0.246,0.541,0.36318407960199006
214,True,True,100.0,100.0,643426,0,0,0,0,0,2,0.0,0.0,0,Dean,0.0,773,False,,,40,643426.jpg,0.0,False,Benamar,0.0,False,,a,8,31,0,261,37,123,32,0.0,0.0,Benamar,241.0,2025-07-31,2008-05-31,False,p643426,0,0,0,0,0,0,0,0,0,0,0,0,0,0.0,0.0,0.0,0.0,0,0,0,0,0,0.00,0.00,0.00,0.00,,,,,,,[],593,237,588,238,553,233,597,238,0.0,0.0,0.0,0.0,0.0,0.0,710,205,537,219,604,238,753,256,0.0,0.0,0.0,0,Crystal Palace,3,1165,1205,1150,1150,1180,1260,17,8,3,3,False,17,22,1799.60229492,Sunderland,Crystal Palace,0.328,0.306,0.367,0.359375
462,True,True,100.0,100.0,232356,0,0,0,0,0,2,0.0,0.0,0,Jenson,0.0,774,False,,,40,232356.jpg,0.0,False,Jones,0.0,False,,a,17,56,0,347,59,92,23,0.0,0.0,Jenson Jones,241.0,2025-08-24,2006-06-26,False,p232356,0,0,0,0,0,0,0,0,0,0,0,0,0,0.0,0.0,0.0,0.0,0,0,0,0,0,0.00,0.00,0.00,0.00,,,,,,,[],548,207,543,208,506,201,551,207,0.0,0.0,0.0,0.0,0.0,0.0,656,166,490,187,559,208,745,253,0.0,0.0,0.0,0,Sunderland,3,1100,1145,1100,1120,1100,1170,17,8,3,3,True,8,22,1680.29211426,Sunderland,Crystal Palace,0.328,0.306,0.367,0.5808656036446469
463,True,True,100.0,100.0,604211,0,0,0,0,0,3,0.0,0.0,0,Tymur,0.0,775,False,,,45,604211.jpg,0.0,False,Tutierov,0.0,False,,a,17,56,0,152,25,59,16,0.0,0.0,Tutierov,225.0,2024-08-30,2005-06-11,False,p604211,0,0,0,0,0,0,0,0,0,0,0,0,0,0.0,0.0,0.0,0.0,0,0,0,0,0,0.00,0.00,0.00,0.00,,,,,,,[],713,296,708,296,692,291,713,296,0.0,0.0,0.0,0.0,0.0,0.0,482,296,672,272,714,297,783,345,0.0,0.0,0.0,0,Sunderland,3,1100,1145,1100,1120,1100,1170,17,8,3,3,True,8,22,1680.29211426,Sunderland,Crystal Palace,0.328,0.306,0.367,0.44075829383886256
85,True,True,100.0,100.0,647960,0,0,0,0,0,3,-0.5,0.0,0,Oliver,0.0,776,False,,,45,647960.jpg,0.0,False,Pimlott,0.0,False,,a,3,90,0,87,10,33,7,0.0,0.0,Pimlott,241.0,2025-08-25,2007-04-07,False,p647960,0,0,0,0,0,0,0,0,0,0,0,0,0,0.0,0.0,0.0,0.0,0,0,0,0,0,0.00,0.00,0.00,0.00,,,,,,,[],725,306,720,306,704,301,725,306,0.0,0.0,0.0,0.0,0.0,0.0,499,308,684,282,725,306,790,352,0.0,0.0,0.0,0,Burnley,3,1055,1095,1010,1090,1100,1100,12,3,2,4,False,12,22,1687.70825195,Liverpool,Burnley,0.761,0.155,0.085,0.45
546,True,True,100.0,100.0,514362,0,0,0,0,0,3,0.0,0.0,0,Temple,0.0,777,False,,,45,514362.jpg,0.0,False,Ojinnaka,0.0,False,,a,20,39,0,140,24,49,17,0.0,0.0,Ojinnaka,106.0,2024-04-19,2005-03-30,False,p514362,0,0,0,0,0,0,0,0,0,0,0,0,0,0.0,0.0,0.0,0.0,0,0,0,0,0,0.00,0.00,0.00,0.00,,,,,,,[],681,271,678,273,658,264,682,272,0.0,0.0,0.0,0.0,0.0,0.0,443,265,642,249,685,275,782,344,0.0,0.0,0.0,0,Wolves,3,1070,1085,1050,1050,1090,1120,20,15,3,2,True,15,22,1666.98193359,Wolves,Newcastle,0.213,0.246,0.541,0.48148148148148145
547,True,True,100.0,100.0,589121,0,0,0,0,0,3,0.0,0.0,0,Ethan,0.0,778,False,,,45,589121.jpg,0.0,False,Sutherland,0.0,False,,a,20,39,0,353,61,102,30,0.0,0.0,Sutherland,243.0,2025-12-29,2006-04-25,False,p589121,0,0,0,0,0,0,0,0,0,0,0,0,0,0.0,0.0,0.0,0.0,0,0,0,0,0,0.00,0.00,0.00,0.00,,,,,,,[],707,291,702,291,686,286,707,291,0.0,0.0,0.0,0.0,0.0,0.0,476,291,666,267,708,292,765,335,0.0,0.0,0.0,0,Wolves,3,1070,1085,1050,1050,1090,1120,20,15,3,2,True,15,22,1666.98193359,Wolves,Newcastle,0.213,0.246,0.541,0.5516483516483517
240,True,True,100.0,100.0,629068,0,0,0,0,0,4,0.0,0.0,0,Braiden,0.0,779,False,,,45,629068.jpg,0.0,False,Graham,0.0,False,,a,9,11,0,663,174,219,91,0.0,0.0,Graham,242.0,2025-12-29,2007-11-07,False,p629068,0,0,0,0,0,0,0,0,0,0,0,0,0,0.0,0.0,0.0,0.0,0,0,0,0,0,0.00,0.00,0.00,0.00,,,,,,,[],722,77,717,76,701,76,722,77,0.0,0.0,0.0,0.0,0.0,0.0,493,68,681,68,722,77,728,86,0.0,0.0,0.0,0,Everton,3,1100,1130,1110,1130,1090,1130,2,9,2,3,False,2,22,1796.4831543,Aston Villa,Everton,0.518,0.267,0.215,0.5034013605442177
215,True,True,100.0,100.0,631106,0,0,0,0,0,4,0.0,0.0,0,Ben,0.0,780,False,,,45,631106.jpg,0.0,False,Casey,0.0,False,,a,8,31,0,409,134,113,46,0.0,0.0,Casey,241.0,2025-12-10,2008-02-04,False,p631106,0,0,0,0,0,0,0,0,0,0,0,0,0,0.0,0.0,0.0,0.0,0,0,0,0,0,0.00,0.00,0.00,0.00,,,,,,,[],723,78,718,77,702,77,723,78,0.0,0.0,0.0,0.0,0.0,0.0,495,69,682,69,723,78,747,87,0.0,0.0,0.0,0,Crystal Palace,3,1165,1205,1150,1150,1180,1260,17,8,3,3,False,17,22,1799.60229492,Sunderland,Crystal Palace,0.328,0.306,0.367,0.5670498084291188
59,True,True,100.0,100.0,618027,0,0,0,0,0,2,0.0,0.0,0,TJ,0.0,781,False,,,40,618027.jpg,0.0,False,Carroll,0.0,False,,a,2,7,0,107,43,28,15,0.0,0.0,Carroll,241.0,2026-01-02,2006-10-19,False,p618027,0,0,0,0,0,0,0,0,0,0,0,0,0,0.0,0.0,0.0,0.0,0,0,0,0,0,0.00,0.00,0.00,0.00,,,,,,,[],590,234,585,235,549,229,593,234,0.0,0.0,0.0,0.0,0.0,0.0,706,201,534,216,601,235,767,258,0.0,0.0,0.0,0,Aston Villa,3,1145,1185,1150,1170,1140,1200,2,9,2,3,True,9,22,1923.92321777,Aston Villa,Everton,0.518,0.267,0.215,0.5851851851851851
109,True,True,100.0,100.0,40383,0,0,0,0,0,1,0.0,0.0,0,Fraser,0.0,782,False,,,40,40383.jpg,0.0,False,Forster,0.0,False,,a,4,91,0,525,199,65,34,0.0,0.0,Forster,241.0,2026-01-02,1988-03-17,False,p40383,0,0,0,0,0,0,0,0,0,0,0,0,0,0.0,0.0,0.0,0.0,0,0,0,0,0,0.00,0.00,0.00,0.00,,,,,,,[],537,60,530,47,492,32,540,60,0.0,0.0,0.0,0.0,0.0,0.0,642,40,479,55,547,60,743,84,0.0,0.0,0.0,0,Bournemouth,3,1150,1220,1100,1240,1200,1200,6,4,3,3,False,6,22,1799.17553711,Brighton,Bournemouth,0.498,0.246,0.256,0.7796610169491526
165,True,True,100.0,100.0,60307,0,0,0,0,0,3,1.0,0.5,1,Pascal,1.0,783,False,,,55,60307.jpg,1.0,False,Groß,0.0,False,,a,6,36,2,2112,976,299,154,0.2,0.4,Groß,80.0,2026-01-02,1991-06-15,False,p60307,109,0,0,0,1,0,0,0,1,0,0,0,11,9.8,4.3,25.0,3.7,5,3,1,9,1,0.14,0.00,0.14,2.59,,,,,,,[],433,194,420,204,336,177,430,195,0.12,0.0,0.0,0.12,2.14,0.83,134,83,294,131,473,223,684,291,0.83,0.0,7.43,0,Brighton,3,1150,1160,1090,1110,1210,1210,6,4,3,3,True,4,22,1838.91809082,Brighton,Bournemouth,0.498,0.246,0.256,0.7519701368726669
86,True,True,100.0,100.0,704232,0,0,0,0,0,3,-0.5,0.0,0,George,0.0,784,False,,,45,704232.jpg,0.0,False,Brierley,0.0,False,,a,3,90,0,57,22,14,7,0.0,0.0,Brierley,241.0,2025-09-22,2007-11-20,False,p704232,0,0,0,0,0,0,0,0,0,0,0,0,0,0.0,0.0,0.0,0.0,0,0,0,0,0,0.00,0.00,0.00,0.00,,,,,,,[],728,309,723,309,708,305,728,309,0.0,0.0,0.0,0.0,0.0,0.0,504,312,687,285,728,309,792,354,0.0,0.0,0.0,0,Burnley,3,1055,1095,1010,1090,1100,1100,12,3,2,4,False,12,22,1687.70825195,Liverpool,Burnley,0.761,0.155,0.085,0.6056338028169014
517,True,True,100.0,100.0,530335,0,0,0,0,0,4,0.5,0.5,1,Pablo Felipe,0.5,785,False,,,55,530335.jpg,1.0,False,Pereira de Jesus,0.0,False,,a,19,21,1,1781,204,457,280,0.1,0.2,Pablo,30.0,2026-01-02,2004-01-02,False,p530335,27,0,0,0,1,0,0,0,0,0,0,0,3,0.4,12.3,4.0,1.7,0,1,1,2,0,0.04,0.02,0.06,0.91,,,,,,,[],473,57,384,48,409,55,448,53,0.13,0.0,0.07,0.2,3.03,3.33,152,37,351,42,474,56,707,82,0.0,0.0,6.67,0,West Ham,3,1075,1075,1050,1050,1100,1100,18,19,2,3,False,18,22,1699.84411621,Spurs,West Ham,0.555,0.244,0.201,0.5915996425379804
261,True,True,100.0,100.0,505079,0,0,0,0,0,1,0.0,0.0,0,Alfie,0.0,786,False,,,40,505079.jpg,0.0,False,McNally,0.0,False,,a,10,54,0,80,38,12,9,0.0,0.0,McNally,241.0,2026-01-03,2004-12-22,False,p505079,0,0,0,0,0,0,0,0,0,0,0,0,0,0.0,0.0,0.0,0.0,0,0,0,0,0,0.00,0.00,0.00,0.00,,,,,,,[],567,76,562,65,525,50,570,76,0.0,0.0,0.0,0.0,0.0,0.0,678,58,509,71,578,76,777,90,0.0,0.0,0.0,0,Fulham,3,1090,1130,1080,1140,1100,1120,11,10,2,3,False,11,22,1809.49267578,Leeds,Fulham,0.417,0.296,0.287,0.7391304347826086
287,True,True,100.0,100.0,565863,0,0,0,0,0,3,0.0,0.0,0,Sam,0.0,787,False,,,45,565863.jpg,0.0,False,Chambers,0.0,False,,a,11,2,0,103,54,14,9,0.0,0.0,Chambers,243.0,2024-08-22,2007-08-18,False,p565863,0,0,0,0,0,0,0,0,0,0,0,0,0,0.0,0.0,0.0,0.0,0,0,0,0,0,0.00,0.00,0.00,0.00,,,,,,,[],695,283,691,284,673,277,696,284,0.0,0.0,0.0,0.0,0.0,0.0,462,281,655,260,697,285,786,348,0.0,0.0,0.0,0,Leeds,3,1095,1145,1080,1100,1110,1190,11,10,2,3,True,10,22,1751.14904785,Leeds,Fulham,0.417,0.296,0.287,0.7606837606837606
374,True,True,100.0,100.0,576637,0,0,0,0,0,2,-0.5,0.0,0,Godwill,0.0,788,False,,,40,576637.jpg,0.0,False,Kukonki,0.0,False,,a,14,1,0,72,43,14,11,0.0,0.0,Kukonki,241.0,2024-12-03,2008-02-06,False,p576637,0,0,0,0,0,0,0,0,0,0,0,0,0,0.0,0.0,0.0,0.0,0,0,0,0,0,0.00,0.00,0.00,0.00,,,,,,,[],579,224,574,225,538,219,582,224,0.0,0.0,0.0,0.0,0.0,0.0,693,189,522,205,590,225,774,259,0.0,0.0,0.0,0,Man Utd,3,1135,1205,1100,1150,1170,1260,14,13,4,3,True,13,22,1824.42858887,Man Utd,Man City,0.236,0.236,0.527,0.6744186046511628
193,True,True,100.0,100.0,518335,0,0,0,0,0,1,0.0,0.0,0,Max,0.0,789,False,,,40,518335.jpg,0.0,False,Merrick,0.0,False,,a,7,8,0,91,47,12,9,0.0,0.0,Merrick,241.0,2024-11-07,2005-11-10,False,p518335,0,0,0,0,0,0,0,0,0,0,0,0,0,0.0,0.0,0.0,0.0,0,0,0,0,0,0.00,0.00,0.00,0.00,,,,,,,[],570,78,565,67,528,52,573,78,0.0,0.0,0.0,0.0,0.0,0.0,682,60,512,73,581,78,779,91,0.0,0.0,0.0,0,Chelsea,3,1180,1190,1140,1160,1220,1220,7,5,3,3,True,5,22,1882.60693359,Chelsea,Brentford,0.579,0.234,0.187,0.7669902912621359
490,True,True,100.0,100.0,611917,0,0,0,0,0,3,0.0,0.0,0,Lucá,0.0,790,False,,,45,611917.jpg,0.0,False,Williams-Barnett,0.0,False,,a,18,6,0,88,48,15,11,0.0,0.0,Williams-Barnett,241.0,2025-07-25,2008-10-01,False,p611917,0,0,0,0,0,0,0,0,0,0,0,0,0,0.0,0.0,0.0,0.0,0,0,0,0,0,0.00,0.00,0.00,0.00,,,,,,,[],718,301,713,301,697,296,718,301,0.0,0.0,0.0,0.0,0.0,0.0,489,302,677,277,718,301,785,347,0.0,0.0,0.0,0,Spurs,3,1165,1175,1130,1150,1200,1200,18,19,2,3,True,19,22,1803.93261719,Spurs,West Ham,0.555,0.244,0.201,0.7087378640776699
518,True,True,100.0,100.0,247670,0,0,0,0,0,4,1.9,1.9,2,Valentín,2.0,791,False,,,55,247670.jpg,2.0,False,Castellanos,0.0,False,,a,19,21,2,1067,731,150,128,0.4,0.4,Taty,10.0,2026-01-05,1998-10-03,False,p247670,90,0,0,0,2,0,0,0,0,0,0,0,0,5.0,21.9,44.0,7.1,1,3,0,4,1,0.40,0.01,0.41,1.38,,,,,,,[],448,51,358,43,296,49,407,49,0.4,0.0,0.01,0.41,1.38,2.0,143,34,200,23,318,30,725,85,1.0,0.0,4.0,0,West Ham,3,1075,1075,1050,1050,1100,1100,18,19,2,3,False,18,22,1699.84411621,Spurs,West Ham,0.555,0.244,0.201,0.7534921939194741
60,True,True,100.0,100.0,653481,0,0,0,0,0,3,1.7,1.7,0,Alysson Edward Franco,0.0,792,False,,,50,653481.jpg,0.0,False,da Rocha dos Santos,0.0,False,,a,2,7,0,57,50,5,5,0.0,0.0,Alysson,30.0,2026-01-01,2006-05-05,False,p653481,0,0,0,0,0,0,0,0,0,0,0,0,0,0.0,0.0,0.0,0.0,0,0,0,0,0,0.00,0.00,0.00,0.00,,,,,,,[],767,336,765,336,758,334,767,336,0.0,0.0,0.0,0.0,0.0,0.0,279,172,745,325,767,336,787,349,0.0,0.0,0.0,0,Aston Villa,3,1145,1185,1150,1170,1140,1200,2,9,2,3,True,9,22,1923.92321777,Aston Villa,Everton,0.518,0.267,0.215,0.8387096774193549
216,True,True,100.0,100.0,591384,0,0,0,0,0,2,1.4,1.4,0,George,0.0,793,False,,,40,591384.jpg,0.0,False,King,0.0,False,,a,8,31,0,73,73,5,5,0.0,0.0,King,241.0,2025-07-11,2007-03-20,False,p591384,0,0,0,0,0,0,0,0,0,0,0,0,0,0.0,0.0,0.0,0.0,0,0,0,0,0,0.00,0.00,0.00,0.00,,,,,,,[],585,229,580,230,544,224,588,229,0.0,0.0,0.0,0.0,0.0,0.0,699,194,528,210,596,230,781,260,0.0,0.0,0.0,0,Crystal Palace,3,1165,1205,1150,1150,1180,1260,17,8,3,3,False,17,22,1799.60229492,Sunderland,Crystal Palace,0.328,0.306,0.367,0.8717948717948718
341,True,True,100.0,100.0,494307,0,0,0,0,0,2,2.6,2.6,4,Max,4.0,794,False,,,45,494307.jpg,4.0,False,Alleyne,0.0,False,,a,13,43,4,848,848,100,100,0.9,0.9,Alleyne,241.0,2022-12-16,2005-07-21,False,p494307,90,0,0,0,1,0,0,0,0,0,0,0,17,25.8,12.8,9.0,4.8,7,3,3,10,1,0.16,0.05,0.21,1.16,,,,,,,[],412,156,382,139,375,136,421,154,0.16,0.0,0.05,0.21,1.16,1.0,437,89,60,19,73,30,736,251,1.0,0.0,10.0,0,Man City,4,1250,1305,1210,1230,1290,1380,14,13,4,3,False,14,22,1982.90136719,Man Utd,Man City,0.236,0.236,0.527,0.7890295358649789
166,True,True,100.0,100.0,597320,0,0,0,0,0,3,1.2,0.7,0,Harry,0.0,795,False,,,45,597320.jpg,0.0,False,Howell,0.0,False,,a,6,36,0,22,22,2,2,0.0,0.0,Howell,241.0,2025-04-11,2008-04-20,False,p597320,0,0,0,0,0,0,0,0,0,0,0,0,0,0.0,0.0,0.0,0.0,0,0,0,0,0,0.00,0.00,0.00,0.00,,,,,,,[],711,295,706,295,690,290,711,295,0.0,0.0,0.0,0.0,0.0,0.0,480,295,670,271,712,296,795,356,0.0,0.0,0.0,0,Brighton,3,1150,1160,1090,1110,1210,1210,6,4,3,3,True,4,22,1838.91809082,Brighton,Bournemouth,0.498,0.246,0.256,0.8333333333333334
