,can_transact,can_select,chance_of_playing_next_round,chance_of_playing_this_round,code,cost_change_event,cost_change_event_fall,cost_change_start,cost_change_start_fall,dreamteam_count,position,xP_next,ep_this,event_points,first_name,form,fpl_id,in_dreamteam,news,news_added,value,photo,points_per_game,removed,second_name,selected_by_percent,special,squad_number,status,team_id,team_code,total_points,transfers_in,transfers_in_event,transfers_out,transfers_out_event,value_form,value_season,web_name,region,team_join_date,birth_date,has_temporary_code,opta_code,minutes,goals_scored,assists,clean_sheets,goals_conceded,own_goals,penalties_saved,penalties_missed,yellow_cards,red_cards,saves,bonus,bps,influence,creativity,threat,ict_index,clearances_blocks_interceptions,recoveries,tackles,defensive_contribution,starts,expected_goals,expected_assists,expected_goal_involvements,expected_goals_conceded,corners_and_indirect_freekicks_order,corners_and_indirect_freekicks_text,direct_freekicks_order,direct_freekicks_text,penalties_order,penalties_text,scout_risks,influence_rank,influence_rank_type,creativity_rank,creativity_rank_type,threat_rank,threat_rank_type,ict_index_rank,ict_index_rank_type,expected_goals_per_90,saves_per_90,expected_assists_per_90,expected_goal_involvements_per_90,expected_goals_conceded_per_90,goals_conceded_per_90,now_cost_rank,now_cost_rank_type,form_rank,form_rank_type,points_per_game_rank,points_per_game_rank_type,selected_rank,selected_rank_type,starts_per_90,clean_sheets_per_90,defensive_contribution_per_90,selected,team,strength,strength_overall_home,strength_overall_away,strength_attack_home,strength_attack_away,strength_defence_home,strength_defence_away,team_h,team_a,team_h_difficulty,team_a_difficulty,was_home,opponent_team,round,elo,team_h_name,team_a_name,win_prob,draw_prob,lose_prob,percenatge_net_transfers
0,True,True,100.0,100.0,154561,0,0,4,-4,1,1,4.2,4.2,1,David,3.2,1,False,,,59,154561.jpg,4.0,False,Raya Martín,33.2,False,,a,1,3,93,3475118,51147,1958119,59342,0.5,15.8,Raya,200.0,2024-07-04,1995-09-15,False,p154561,2070,0,0,11,17,0,0,0,1,0,32,4,368,331.2,20.3,0.0,35.2,19,185,1,0,23,0.00,0.05,0.05,16.48,,,,,,,[],112,16,376,3,796,93,268,16,0.0,1.39,0.0,0.0,0.72,0.74,93,1,118,11,71,7,6,1,1.0,0.48,0.0,4271016,Arsenal,5,1300,1375,1340,1400,1260,1350,11,1,4,3,False,Leeds,24,2052.35058594,Leeds,Arsenal,,,,0.2792072202997955
1,True,True,100.0,100.0,109745,0,0,-4,4,0,1,1.0,1.0,0,Kepa,0.0,2,False,,,41,109745.jpg,0.0,False,Arrizabalaga Revuelta,0.4,False,,a,1,3,0,13094,228,73388,358,0.0,0.0,Arrizabalaga,200.0,2025-07-01,1994-10-03,False,p109745,0,0,0,0,0,0,0,0,0,0,0,0,0,0.0,0.0,0.0,0.0,0,0,0,0,0,0.00,0.00,0.00,0.00,,,,,,,[],608,83,601,72,568,57,609,83,0.0,0.0,0.0,0.0,0.0,0.0,646,38,542,77,617,83,269,36,0.0,0.0,0.0,51458,Arsenal,5,1300,1375,1340,1400,1260,1350,11,1,4,3,False,Leeds,24,2052.35058594,Leeds,Arsenal,,,,-0.6971855414999653
2,True,True,100.0,100.0,551221,0,0,-1,1,0,1,1.0,1.0,0,Tommy,0.0,4,False,,,39,551221.jpg,0.0,False,Setford,0.2,False,,a,1,3,0,32236,171,29322,531,0.0,0.0,Setford,241.0,2024-07-24,2006-03-13,False,p551221,0,0,0,0,0,0,0,0,0,0,0,0,0,0.0,0.0,0.0,0.0,0,0,0,0,0,0.00,0.00,0.00,0.00,,,,,,,[],537,56,528,43,491,28,537,56,0.0,0.0,0.0,0.0,0.0,0.0,765,89,468,50,546,56,342,48,0.0,0.0,0.0,25729,Arsenal,5,1300,1375,1340,1400,1260,1350,11,1,4,3,False,Leeds,24,2052.35058594,Leeds,Arsenal,,,,0.047337470353162873
3,True,True,100.0,100.0,226597,0,0,9,-9,4,2,8.8,8.8,1,Gabriel,7.8,5,True,,2025-11-17T12:00:07.436586Z,69,226597.jpg,7.1,False,dos Santos Magalhães,37.8,False,,a,1,3,121,7199052,162579,4964392,15372,1.1,17.5,Gabriel,30.0,2020-09-01,1997-12-19,False,p226597,1445,3,2,10,10,0,0,0,1,0,0,18,391,476.6,78.8,165.0,71.9,120,24,16,136,16,1.70,0.78,2.48,10.00,,,,,,,[],41,18,257,76,126,22,108,33,0.11,0.0,0.05,0.16,0.62,0.62,41,1,1,1,2,1,3,1,1.0,0.62,8.47,4862783,Arsenal,5,1300,1375,1340,1400,1260,1350,11,1,4,3,False,Leeds,24,2052.35058594,Leeds,Arsenal,,,,0.183719347908372
4,True,True,75.0,100.0,462424,0,0,0,0,0,2,3.6,4.8,1,William,3.8,6,False,Knock - 75% chance of playing,2026-01-28T04:30:08.458028Z,60,462424.jpg,3.7,False,Saliba,12.2,False,,d,1,3,70,1483723,26722,1953713,27249,0.6,11.7,Saliba,73.0,2019-07-25,2001-03-24,False,p462424,1534,0,0,8,12,0,0,0,0,0,0,4,321,301.2,109.8,32.0,44.3,82,71,20,102,18,0.38,0.55,0.93,11.66,,,,,,,[],142,60,207,53,330,106,222,76,0.02,0.0,0.03,0.05,0.68,0.7,87,4,74,29,106,39,36,12,1.06,0.47,5.98,1569470,Arsenal,5,1300,1375,1340,1400,1260,1350,11,1,4,3,False,Leeds,24,2052.35058594,Leeds,Arsenal,,,,-0.13672690924281936
5,True,True,100.0,75.0,466075,0,0,1,-1,2,2,1.0,0.8,0,Riccardo,0.0,7,False,,2025-12-27T22:00:11.031357Z,56,466075.jpg,4.8,False,Calafiori,6.1,False,,a,1,3,77,2535467,4273,2356830,12577,0.0,13.8,Calafiori,106.0,2024-07-29,2002-05-19,False,p466075,1256,1,2,9,7,0,0,0,5,0,0,4,287,222.0,104.8,219.0,54.5,57,57,28,85,16,2.49,0.36,2.85,7.09,,,,,,,[],199,80,216,57,85,8,177,57,0.18,0.0,0.03,0.21,0.51,0.5,133,15,791,263,24,12,62,21,1.15,0.64,6.09,784735,Arsenal,5,1300,1375,1340,1400,1260,1350,11,1,4,3,False,Leeds,24,2052.35058594,Leeds,Arsenal,,,,0.036513932003719315
6,True,True,75.0,100.0,445122,0,0,8,-8,2,2,4.3,5.8,1,Jurriën,4.8,8,False,Knock - 75% chance of playing,2026-01-28T04:30:08.479318Z,63,445122.jpg,5.0,False,Timber,27.8,False,,d,1,3,110,5754938,69637,2977603,111409,0.8,17.5,J.Timber,152.0,2023-07-14,2001-06-17,False,p445122,1819,2,4,10,15,0,0,0,3,0,0,7,389,380.8,281.7,323.0,98.9,60,68,48,108,20,4.16,0.88,5.04,12.27,,,,,,,[],85,38,77,17,47,1,52,7,0.21,0.0,0.04,0.25,0.61,0.74,69,2,35,14,16,7,11,3,0.99,0.49,5.34,3576332,Arsenal,5,1300,1375,1340,1400,1260,1350,11,1,4,3,False,Leeds,24,2052.35058594,Leeds,Arsenal,,,,0.3180443126462275
7,True,True,100.0,100.0,499169,0,0,-4,4,0,2,1.4,1.4,0,Myles,0.4,10,False,,,51,499169.jpg,0.9,False,Lewis-Skelly,1.5,False,,a,1,3,12,129927,789,452584,1882,0.1,2.4,Lewis-Skelly,241.0,2022-12-04,2006-09-26,False,p499169,311,0,0,0,5,0,0,0,3,0,0,0,36,31.2,45.5,18.0,9.4,10,14,4,14,1,0.05,0.06,0.11,5.26,,,,,,,[],410,156,323,109,365,128,400,144,0.01,0.0,0.02,0.03,1.52,1.45,239,36,352,131,488,170,153,59,0.29,0.0,4.05,192968,Arsenal,5,1300,1375,1340,1400,1260,1350,11,1,4,3,False,Leeds,24,2052.35058594,Leeds,Arsenal,,,,-0.5539071365175937
8,True,True,100.0,100.0,198869,0,0,-4,4,1,2,2.6,2.6,1,Benjamin,1.6,11,False,,2025-12-13T23:30:11.163639Z,51,198869.jpg,4.3,False,White,0.6,False,,a,1,3,30,339162,2517,382617,1999,0.3,5.9,White,241.0,2021-07-30,1997-10-08,False,p198869,409,0,1,3,4,0,0,0,0,0,0,3,112,111.4,92.7,46.0,25.0,23,18,13,36,5,0.43,0.49,0.92,6.13,,,,,,,[],310,120,230,65,302,95,317,109,0.09,0.0,0.11,0.2,1.35,0.88,228,31,242,92,49,21,238,89,1.1,0.66,7.92,77187,Arsenal,5,1300,1375,1340,1400,1260,1350,11,1,4,3,False,Leeds,24,2052.35058594,Leeds,Arsenal,,,,-0.06020540913492911
424,True,True,100.0,100.0,206325,0,0,-1,1,0,2,0.0,0.0,0,Oleksandr,0.0,12,False,,2026-01-07T11:30:11.012783Z,49,206325.jpg,1.4,False,Zinchenko,0.2,False,,a,16,17,7,26162,400,50498,240,0.0,1.4,Zinchenko,225.0,2025-09-01,1996-12-15,False,p206325,352,0,0,0,6,0,0,0,0,0,0,0,56,80.8,83.4,22.0,18.6,14,17,10,24,4,0.07,0.36,0.43,5.02,,,,,,,[],343,131,249,73,355,122,353,123,0.02,0.0,0.09,0.11,1.28,1.53,303,48,396,145,404,149,353,129,1.02,0.0,6.14,25729,Nott'm Forest,3,1100,1130,1100,1110,1100,1150,16,8,3,3,True,Crystal Palace,24,1767.03259277,Nott'm Forest,Crystal Palace,,,,-0.31745369162535875
9,True,True,100.0,100.0,563324,0,0,-2,2,0,2,1.0,1.0,0,Brayden,0.0,13,False,,,38,563324.jpg,0.0,False,Clarke,0.4,False,,a,1,3,0,50261,301,73198,740,0.0,0.0,Clarke,,,,False,p563324,0,0,0,0,0,0,0,0,0,0,0,0,0,0.0,0.0,0.0,0.0,0,0,0,0,0,0.00,0.00,0.00,0.00,,,,,,,[],504,191,494,191,457,183,504,190,0.0,0.0,0.0,0.0,0.0,0.0,801,257,434,172,513,191,261,98,0.0,0.0,0.0,51458,Arsenal,5,1300,1375,1340,1400,1260,1350,11,1,4,3,False,Leeds,24,2052.35058594,Leeds,Arsenal,,,,-0.1857863744238978
10,True,True,100.0,100.0,499167,0,0,-2,2,0,2,1.0,1.0,0,Josh,0.0,15,False,,,38,499167.jpg,0.0,False,Nichols,0.2,False,,a,1,3,0,17020,85,24687,213,0.0,0.0,Nichols,241.0,2024-07-24,2006-07-26,False,p499167,0,0,0,0,0,0,0,0,0,0,0,0,0,0.0,0.0,0.0,0.0,0,0,0,0,0,0.00,0.00,0.00,0.00,,,,,,,[],497,184,486,183,448,174,497,183,0.0,0.0,0.0,0.0,0.0,0.0,790,246,425,163,506,184,386,140,0.0,0.0,0.0,25729,Arsenal,5,1300,1375,1340,1400,1260,1350,11,1,4,3,False,Leeds,24,2052.35058594,Leeds,Arsenal,,,,-0.18383005250917112
11,True,True,100.0,100.0,223340,-1,1,0,0,1,3,4.2,4.2,2,Bukayo,3.2,16,False,,2025-08-23T22:30:05.759392Z,100,223340.jpg,4.8,False,Saka,16.5,False,,a,1,3,101,3942551,25923,3805099,177799,0.3,10.1,Saka,241.0,2018-11-28,2001-09-05,False,p223340,1543,4,7,8,12,0,0,0,1,0,0,10,394,421.2,628.1,564.0,161.4,11,81,26,118,17,5.58,5.11,10.69,9.95,2.0,,,,1.0,,[],62,18,6,6,10,4,6,4,0.33,0.0,0.3,0.63,0.58,0.7,5,3,122,55,28,13,21,9,0.99,0.47,6.88,2122643,Arsenal,5,1300,1375,1340,1400,1260,1350,11,1,4,3,False,Leeds,24,2052.35058594,Leeds,Arsenal,,,,0.017741121501358478
12,True,True,100.0,100.0,184029,0,0,-2,2,1,3,5.0,5.0,4,Martin,4.0,17,False,,2025-10-04T20:00:07.945438Z,78,184029.jpg,3.1,False,Ødegaard,2.3,False,,a,1,3,53,365760,5619,536525,13067,0.5,6.8,Ødegaard,161.0,2021-08-20,1998-12-17,False,p184029,983,1,4,4,10,0,0,0,0,0,0,5,217,221.0,394.1,134.0,74.8,13,46,16,75,13,0.97,2.61,3.58,11.35,4.0,,,,3.0,,[],201,85,33,32,166,96,99,56,0.09,0.0,0.24,0.33,1.04,0.92,17,12,62,25,183,78,119,40,1.19,0.37,6.87,295884,Arsenal,5,1300,1375,1340,1400,1260,1350,11,1,4,3,False,Leeds,24,2052.35058594,Leeds,Arsenal,,,,-0.189258382883457
13,True,True,100.0,100.0,248857,0,0,-2,2,0,3,2.2,2.2,1,Noni,1.2,18,False,,2025-09-21T22:30:05.839272Z,68,248857.jpg,1.6,False,Madueke,0.6,False,,a,1,3,22,212451,585,283158,1078,0.2,3.2,Madueke,241.0,2025-07-18,2002-03-10,False,p248857,576,0,0,3,6,0,0,0,0,0,0,0,87,74.2,191.2,197.0,46.2,9,15,7,31,7,0.60,1.61,2.21,7.38,3.0,,,,,,[],356,159,134,95,101,60,215,108,0.09,0.0,0.25,0.34,1.15,0.94,46,28,280,123,383,171,224,76,1.09,0.47,4.84,77187,Arsenal,5,1300,1375,1340,1400,1260,1350,11,1,4,3,False,Leeds,24,2052.35058594,Leeds,Arsenal,,,,-0.14266690072214186
14,True,True,100.0,100.0,444145,0,0,-2,2,0,3,2.2,2.2,0,Gabriel,1.2,19,False,,2025-12-24T02:30:10.584394Z,68,444145.jpg,1.7,False,Martinelli Silva,0.9,False,,a,1,3,29,141799,1319,223377,1786,0.2,4.3,Martinelli,30.0,2019-07-15,2001-06-18,False,p444145,545,1,1,2,3,0,0,0,2,0,0,1,89,78.6,71.4,207.0,35.2,6,21,7,34,7,2.57,0.23,2.80,5.56,,,,,,,[],347,154,271,161,94,57,269,132,0.42,0.0,0.04,0.46,0.92,0.5,47,29,281,124,370,163,195,65,1.16,0.33,5.61,115781,Arsenal,5,1300,1375,1340,1400,1260,1350,11,1,4,3,False,Leeds,24,2052.35058594,Leeds,Arsenal,,,,-0.22339365128047844
15,True,True,100.0,100.0,116216,-1,1,-2,2,2,3,4.8,4.8,2,Leandro,3.8,20,False,,2025-11-27T10:00:06.582480Z,68,116216.jpg,4.4,False,Trossard,1.4,False,,a,1,3,83,454497,8126,331008,15037,0.6,12.2,Trossard,21.0,2023-01-20,1994-12-04,False,p116216,1247,5,4,6,11,0,0,0,1,0,0,9,287,337.0,337.4,355.0,103.1,14,48,14,76,13,4.24,2.06,6.30,8.82,,,,,4.0,,[],109,36,49,42,36,21,40,30,0.31,0.0,0.15,0.46,0.64,0.79,44,26,76,32,45,20,155,52,0.94,0.43,5.49,180103,Arsenal,5,1300,1375,1340,1400,1260,1350,11,1,4,3,False,Leeds,24,2052.35058594,Leeds,Arsenal,,,,0.1572096931273512
16,True,True,100.0,100.0,204480,0,0,9,-9,4,3,5.8,5.8,1,Declan,4.8,21,True,,2025-12-30T16:00:11.463587Z,74,204480.jpg,5.7,False,Rice,31.6,False,,a,1,3,126,5776100,157112,2903741,92759,0.6,17.0,Rice,241.0,2023-07-15,1999-01-14,False,p204480,1875,4,7,10,16,0,0,0,2,0,0,18,533,593.8,686.0,241.0,152.2,80,107,39,226,21,2.89,4.69,7.58,13.01,1.0,,1.0,,,,[],13,4,4,4,72,46,8,6,0.14,0.0,0.23,0.37,0.62,0.77,22,15,37,15,8,5,8,2,1.01,0.48,10.85,4065184,Arsenal,5,1300,1375,1340,1400,1260,1350,11,1,4,3,False,Leeds,24,2052.35058594,Leeds,Arsenal,,,,0.330922997322186
17,True,True,100.0,100.0,195384,0,0,-5,5,1,3,3.2,3.2,7,Mikel,2.2,22,False,,,55,195384.jpg,3.1,False,Merino Zazón,1.4,False,,a,1,3,66,829953,4674,753622,7567,0.4,12.0,Merino,200.0,2024-08-27,1996-06-22,False,p195384,996,4,3,4,9,0,0,0,1,0,0,5,238,304.4,187.0,237.0,72.6,30,55,26,111,10,2.99,1.45,4.44,6.59,,,,,,,[],136,46,135,96,75,48,104,58,0.27,0.0,0.13,0.4,0.6,0.81,140,87,196,84,173,74,156,53,0.9,0.36,10.03,180103,Arsenal,5,1300,1375,1340,1400,1260,1350,11,1,4,3,False,Leeds,24,2052.35058594,Leeds,Arsenal,,,,0.04820169553068216
18,True,True,100.0,100.0,128295,0,0,-4,4,0,3,1.2,1.2,0,Christian,0.2,24,False,,2025-08-18T08:00:05.297235Z,51,128295.jpg,1.0,False,Nørgaard,0.1,False,,a,1,3,3,6624,137,59995,145,0.0,0.6,Nørgaard,58.0,2025-07-10,1994-03-10,False,p128295,31,0,0,0,1,0,0,0,0,0,0,0,11,14.6,0.4,7.0,2.3,5,3,0,8,0,0.05,0.00,0.05,2.16,,,,,,,[],436,196,459,223,402,197,448,203,0.15,0.0,0.0,0.15,6.27,2.9,226,139,402,188,476,223,427,143,0.0,0.0,23.23,12865,Arsenal,5,1300,1375,1340,1400,1260,1350,11,1,4,3,False,Leeds,24,2052.35058594,Leeds,Arsenal,,,,-0.8011378135366787
19,True,True,100.0,100.0,481655,0,0,-3,3,1,3,5.0,5.0,1,Martín,4.0,26,False,,2025-11-01T18:30:07.784912Z,52,481655.jpg,3.5,False,Zubimendi Ibáñez,2.2,False,,a,1,3,81,746823,6647,782232,7301,0.8,15.6,Zubimendi,200.0,2025-07-06,1999-02-02,False,p481655,1905,3,1,11,15,0,0,0,4,0,0,5,381,397.6,294.5,186.0,88.0,80,74,40,194,22,2.18,1.47,3.65,15.31,,,,,,,[],75,22,68,54,111,66,68,44,0.1,0.0,0.07,0.17,0.72,0.71,217,134,57,23,123,56,121,41,1.04,0.52,9.17,283019,Arsenal,5,1300,1375,1340,1400,1260,1350,11,1,4,3,False,Leeds,24,2052.35058594,Leeds,Arsenal,,,,-0.02315744037984245
117,True,True,100.0,100.0,200641,0,0,-2,2,0,3,0.4,0.4,0,Reiss,0.4,27,False,,2025-12-09T15:00:09.283718Z,48,200641.jpg,1.0,False,Nelson,0.1,False,,a,5,94,6,9852,89,17279,132,0.1,1.2,Nelson,241.0,2025-09-01,1999-12-10,False,p200641,50,0,0,0,1,0,0,0,0,0,0,0,19,16.4,4.0,16.0,3.4,3,12,2,17,0,0.61,0.07,0.68,1.21,,,,,,,"[{'property': 'loan_ineligible', 'notes': 'This player will not be available to face their parent club in Gameweek 26 as part of their loan conditions.', 'gameweek': 26, 'url': None}]",433,194,431,208,368,186,440,199,1.1,0.0,0.13,1.23,2.18,1.8,357,224,348,155,466,216,477,165,0.0,0.0,30.6,12865,Brentford,3,1135,1175,1100,1110,1170,1240,2,5,3,3,False,Aston Villa,24,1841.53430176,Aston Villa,Brentford,,,,-0.27374589952452916
20,True,True,100.0,100.0,219847,0,0,-2,2,0,4,1.0,1.0,0,Kai,0.0,30,False,,2025-08-20T13:00:06.498911Z,73,219847.jpg,1.0,False,Havertz,0.4,False,,a,1,3,1,16117,2259,113872,661,0.0,0.1,Havertz,80.0,2023-06-28,1999-06-11,False,p219847,30,0,0,0,0,0,0,0,0,0,0,0,4,2.8,0.8,2.0,0.6,1,2,0,3,0,0.00,0.01,0.01,0.82,,,,,,,[],465,53,453,56,435,58,471,58,0.0,0.0,0.03,0.03,2.46,0.0,24,9,805,89,485,58,288,45,0.0,0.0,9.0,51458,Arsenal,5,1300,1375,1340,1400,1260,1350,11,1,4,3,False,Leeds,24,2052.35058594,Leeds,Arsenal,,,,-0.7520251713606536
21,True,True,100.0,100.0,205651,0,0,-1,1,0,4,2.6,2.6,1,Gabriel,1.6,31,False,,2025-07-21T10:00:04.697564Z,64,205651.jpg,1.4,False,Fernando de Jesus,0.4,False,,a,1,3,11,80997,14563,41506,4212,0.2,1.7,G.Jesus,30.0,2022-07-04,1997-04-03,False,p205651,206,1,0,0,5,0,0,0,1,0,0,0,42,60.0,21.9,139.0,21.9,4,13,4,21,1,1.00,0.15,1.15,3.19,,,,,,,[],377,39,373,47,156,36,335,40,0.44,0.0,0.07,0.51,1.39,2.18,57,20,248,29,407,47,259,41,0.44,0.0,9.17,51458,Arsenal,5,1300,1375,1340,1400,1260,1350,11,1,4,3,False,Leeds,24,2052.35058594,Leeds,Arsenal,,,,0.3223676154869677
28,True,True,100.0,75.0,98980,0,0,0,0,3,1,3.4,2.5,10,Emiliano,3.4,32,False,,2026-01-22T01:30:06.743087Z,50,98980.jpg,4.0,False,Martínez Romero,3.2,False,,a,2,7,76,665178,20170,514412,9522,0.7,15.2,Martinez,10.0,2020-09-16,1992-09-02,False,p98980,1665,0,0,5,17,0,1,0,1,0,55,6,329,424.8,3.0,0.0,42.8,15,156,0,0,19,0.00,0.04,0.04,25.01,,,,,,,[],60,12,434,12,753,85,232,12,0.0,2.97,0.0,0.0,1.35,0.92,244,7,96,9,68,5,99,15,1.03,0.27,0.0,411664,Aston Villa,3,1145,1185,1150,1170,1140,1200,2,5,3,3,True,Brentford,24,1923.92321777,Aston Villa,Brentford,,,,0.1278122059359608
29,True,True,100.0,100.0,72147,0,0,-3,3,0,1,0.4,0.4,0,Marco,0.4,33,False,,,42,72147.jpg,2.2,False,Bizot,0.4,False,,a,2,7,11,82668,209,111175,478,0.1,2.6,M.Bizot,152.0,2025-07-15,1991-03-10,False,p72147,405,0,0,1,8,0,0,0,2,0,13,0,51,92.8,0.0,0.0,9.3,6,41,0,0,4,0.00,0.00,0.00,8.53,,,,,,,[],330,27,603,74,571,59,401,27,0.0,2.89,0.0,0.0,1.9,1.78,621,32,334,23,293,25,267,35,0.89,0.22,0.0,51458,Aston Villa,3,1145,1185,1150,1170,1140,1200,2,5,3,3,True,Brentford,24,1923.92321777,Aston Villa,Brentford,,,,-0.14706231331541506
30,True,True,100.0,100.0,199796,0,0,3,-3,2,2,3.8,3.8,6,Matty,3.8,36,False,,2025-12-28T02:30:08.800205Z,48,199796.jpg,4.3,False,Cash,11.3,False,,a,2,7,95,2500390,55496,1462707,31217,0.8,19.8,Cash,172.0,2020-09-03,1997-08-07,False,p199796,1951,3,2,7,20,0,0,0,5,0,0,6,346,452.8,317.8,132.0,90.3,87,55,36,123,22,0.75,1.92,2.67,29.43,1.0,,,,,,[],50,23,57,10,169,35,62,10,0.03,0.0,0.09,0.12,1.36,0.92,356,58,67,27,46,19,40,13,1.01,0.32,5.67,1453689,Aston Villa,3,1145,1185,1150,1170,1140,1200,2,5,3,3,True,Brentford,24,1923.92321777,Aston Villa,Brentford,,,,0.2618363870478063
31,True,True,100.0,100.0,101188,0,0,0,0,1,2,2.8,2.8,3,Lucas,2.8,37,False,,2025-10-23T13:30:07.954318Z,45,101188.jpg,3.1,False,Digne,1.6,False,,a,2,7,68,282789,3018,320109,3956,0.6,15.1,Digne,73.0,2022-01-13,1993-07-20,False,p101188,1224,0,4,6,12,0,0,0,3,0,0,4,268,260.6,296.5,108.0,66.3,46,43,21,67,14,0.54,2.19,2.73,18.54,2.0,,2.0,,,,[],176,72,66,13,202,51,125,39,0.04,0.0,0.16,0.2,1.36,0.88,405,73,141,53,166,69,149,58,1.03,0.44,4.93,205832,Aston Villa,3,1145,1185,1150,1170,1140,1200,2,5,3,3,True,Brentford,24,1923.92321777,Aston Villa,Brentford,,,,-0.06190101808266075
32,True,True,100.0,100.0,199798,0,0,-1,1,0,2,3.4,3.4,6,Ezri,3.4,38,False,,2025-11-18T09:30:07.536725Z,44,199798.jpg,3.2,False,Konsa Ngoyo,7.4,False,,a,2,7,70,522863,19553,1890851,11859,0.8,15.9,Konsa,241.0,2019-07-11,1997-10-23,False,p199798,1955,0,0,7,24,0,0,0,0,1,0,3,352,396.6,73.8,79.0,55.3,116,67,14,130,22,0.38,0.41,0.79,32.01,,,,,,,[],76,35,268,82,245,68,173,54,0.02,0.0,0.02,0.04,1.47,1.1,519,104,94,36,147,60,55,17,1.01,0.32,5.98,951973,Aston Villa,3,1145,1185,1150,1170,1140,1200,2,5,3,3,True,Brentford,24,1923.92321777,Aston Villa,Brentford,,,,-0.5667564591331036
33,True,True,100.0,100.0,441302,0,0,-3,3,0,2,2.0,2.0,5,Ian,2.0,39,False,,,42,441302.jpg,1.5,False,Maatsen,0.5,False,,a,2,7,25,53400,2604,92700,1146,0.5,6.0,Maatsen,152.0,2024-06-28,2002-03-10,False,p441302,850,0,0,1,13,0,0,0,2,0,0,0,138,164.2,181.9,118.0,46.7,43,54,24,67,9,0.68,1.24,1.92,15.13,5.0,,,,,,[],254,103,137,32,189,41,212,70,0.07,0.0,0.13,0.2,1.6,1.38,631,149,200,73,385,141,250,95,0.95,0.11,7.09,64323,Aston Villa,3,1145,1185,1150,1170,1140,1200,2,5,3,3,True,Brentford,24,1923.92321777,Aston Villa,Brentford,,,,-0.26899383983572894
34,True,True,100.0,100.0,149484,0,0,-2,2,0,2,0.2,0.2,1,Tyrone,0.2,40,False,,2025-11-02T00:00:09.519584Z,43,149484.jpg,3.1,False,Mings,0.5,False,,a,2,7,25,124241,509,188615,278,0.0,5.8,Mings,241.0,2019-07-08,1993-03-13,False,p149484,512,0,0,2,6,0,0,0,0,0,0,1,91,127.2,44.6,25.0,19.7,42,16,2,44,6,0.33,0.09,0.42,8.91,,,,,,,[],291,110,328,111,341,113,347,121,0.06,0.0,0.02,0.08,1.57,1.05,570,125,370,138,165,68,246,92,1.05,0.35,7.73,64323,Aston Villa,3,1145,1185,1150,1170,1140,1200,2,5,3,3,True,Brentford,24,1923.92321777,Aston Villa,Brentford,,,,-0.20576239547907024
35,True,True,100.0,100.0,244954,0,0,-2,2,0,2,1.6,1.6,6,Pau,1.6,41,False,,2025-12-12T00:00:09.857457Z,43,244954.jpg,3.4,False,Torres,0.3,False,,a,2,7,47,63723,1570,89636,535,0.4,10.9,Pau,200.0,2023-07-12,1997-01-16,False,p244954,1116,0,1,4,12,1,0,0,0,0,0,2,201,226.2,29.8,42.0,30.0,67,60,17,84,12,0.43,0.27,0.70,16.74,,,,,,,[],195,78,354,125,308,99,292,97,0.03,0.0,0.02,0.05,1.35,0.97,579,131,235,89,125,47,313,117,0.97,0.32,6.77,38594,Aston Villa,3,1145,1185,1150,1170,1140,1200,2,5,3,3,True,Brentford,24,1923.92321777,Aston Villa,Brentford,,,,-0.1689695420549169
36,True,True,100.0,100.0,515597,0,0,0,0,0,2,0.4,0.4,1,Lamare,0.4,44,False,,2025-11-20T10:30:09.224047Z,40,515597.jpg,1.3,False,Bogarde,0.5,False,,a,2,7,23,96693,813,82463,1105,0.1,5.8,Bogarde,152.0,2021-01-07,2004-01-05,False,p515597,520,0,0,1,7,0,0,0,5,0,0,3,74,69.8,40.8,8.0,11.8,17,17,12,29,5,0.00,0.14,0.14,8.34,,,,,,,[],360,137,334,114,386,142,381,135,0.0,0.0,0.02,0.02,1.44,1.21,691,179,333,121,408,150,247,93,0.87,0.17,5.02,64323,Aston Villa,3,1145,1185,1150,1170,1140,1200,2,5,3,3,True,Brentford,24,1923.92321777,Aston Villa,Brentford,,,,0.07942798454977784
37,True,True,100.0,100.0,514315,0,0,-2,2,0,2,0.0,0.0,0,Lino,0.0,45,False,,,38,514315.jpg,0.0,False,da Cruz Sousa,0.3,False,,a,2,7,0,19640,737,32275,414,0.0,0.0,Sousa,,,,False,p514315,0,0,0,0,0,0,0,0,0,0,0,0,0,0.0,0.0,0.0,0.0,0,0,0,0,0,0.00,0.00,0.00,0.00,,,,,,,[],498,185,487,184,449,175,498,184,0.0,0.0,0.0,0.0,0.0,0.0,791,247,426,164,507,185,319,118,0.0,0.0,0.0,38594,Aston Villa,3,1145,1185,1150,1170,1140,1200,2,5,3,3,True,Brentford,24,1923.92321777,Aston Villa,Brentford,,,,-0.24337859963401715
38,True,True,100.0,100.0,244850,0,0,7,-7,3,3,3.8,3.8,8,Morgan,3.8,47,False,,2025-08-10T22:00:04.458365Z,77,244850.jpg,4.8,False,Rogers,31.3,False,,a,2,7,111,5126382,119984,2277607,88933,0.5,14.4,Rogers,241.0,2024-02-01,2002-07-26,False,p244850,2047,7,5,7,25,0,0,0,4,0,0,10,376,496.4,411.7,514.0,142.1,30,84,25,139,23,4.33,2.46,6.79,32.84,,,,,,,[],36,9,29,28,12,6,12,10,0.19,0.0,0.11,0.3,1.44,1.1,19,14,77,33,27,12,9,3,1.01,0.31,6.11,4026590,Aston Villa,3,1145,1185,1150,1170,1140,1200,2,5,3,3,True,Brentford,24,1923.92321777,Aston Villa,Brentford,,,,0.38476218697785747
39,True,True,100.0,100.0,215711,0,0,0,0,0,3,0.2,0.2,1,Leon,0.2,49,False,,2025-08-20T13:31:56.843157Z,55,215711.jpg,1.0,False,Bailey,0.1,False,,a,2,7,1,2826,473,48364,79,0.0,0.2,Bailey,107.0,2021-08-04,1997-08-09,False,p215711,31,0,0,0,0,0,0,0,0,0,0,0,4,5.0,1.9,7.0,1.4,0,5,2,7,0,0.02,0.03,0.05,0.25,,,,,,,[],455,207,439,211,403,198,461,213,0.06,0.0,0.09,0.15,0.73,0.0,141,88,405,190,482,228,508,180,0.0,0.0,20.32,12865,Aston Villa,3,1145,1185,1150,1170,1140,1200,2,5,3,3,True,Brentford,24,1923.92321777,Aston Villa,Brentford,,,,-0.8895878101191639
40,True,True,100.0,100.0,195546,0,0,-2,2,3,3,3.6,3.6,11,Emiliano,3.6,50,False,,2025-10-31T00:00:08.522687Z,53,195546.jpg,3.4,False,Buendía Stati,0.4,False,,a,2,7,71,174456,12829,147114,2041,0.7,13.4,Buendía,10.0,2021-06-10,1996-12-25,False,p195546,936,5,2,3,9,0,0,0,2,0,0,8,236,300.8,227.6,226.0,75.5,19,63,29,111,11,2.16,1.18,3.34,15.58,,,6.0,,2.0,,[],143,52,103,76,80,51,97,55,0.21,0.0,0.11,0.32,1.5,0.87,190,117,87,38,135,59,264,89,1.06,0.29,10.67,51458,Aston Villa,3,1145,1185,1150,1170,1140,1200,2,5,3,3,True,Brentford,24,1923.92321777,Aston Villa,Brentford,,,,0.0850265883011475
396,True,True,100.0,100.0,232653,0,0,-2,2,0,3,0.3,0.8,1,Jacob,0.8,52,False,,2025-08-31T01:30:07.565346Z,53,232653.jpg,1.2,False,Ramsey,0.2,False,,a,15,4,15,23029,255,72608,302,0.2,2.8,J.Ramsey,241.0,2025-08-17,2001-05-28,False,p232653,547,0,0,0,12,0,0,0,2,0,0,0,89,68.8,142.4,68.0,28.0,9,45,14,68,4,0.40,0.65,1.05,9.66,,,,,,,[],362,161,170,116,263,143,304,146,0.07,0.0,0.11,0.18,1.59,1.97,194,121,313,142,425,191,362,120,0.66,0.0,11.19,25729,Newcastle,3,1160,1220,1170,1180,1150,1260,12,15,3,4,False,Liverpool,24,1876.20507812,Liverpool,Newcastle,,,,-0.5184081474743039
41,True,True,25.0,0.0,88894,0,0,-2,2,0,3,0.0,0.0,0,Ross,0.0,55,False,Lack of match fitness - 25% chance of playing,2025-11-30T22:30:09.043798Z,48,88894.jpg,2.1,False,Barkley,0.0,False,,d,2,7,15,4411,16,11759,35,0.0,3.1,Barkley,241.0,2024-07-01,1993-12-05,False,p88894,114,1,1,0,0,0,0,0,0,0,0,0,56,51.8,33.7,55.0,14.0,2,10,3,15,0,0.43,0.16,0.59,1.41,,,,,,,[],386,168,345,181,288,152,371,173,0.34,0.0,0.13,0.47,1.11,0.0,350,219,699,289,306,133,621,243,0.0,0.0,11.84,0,Aston Villa,3,1145,1185,1150,1170,1140,1200,2,5,3,3,True,Brentford,24,1923.92321777,Aston Villa,Brentford,,,,-0.454421768707483
42,True,True,100.0,100.0,449871,0,0,-2,2,0,3,1.2,1.2,5,Amadou,1.2,59,False,,2025-12-31T00:00:09.203825Z,48,449871.jpg,3.4,False,Onana,0.6,False,,a,2,7,51,136777,2108,261492,960,0.3,10.6,Onana,21.0,2024-07-22,2001-08-16,False,p449871,974,2,0,4,11,0,0,0,2,0,0,3,228,258.8,73.9,69.0,40.2,59,41,30,130,12,0.43,0.22,0.65,16.14,,,,,,,[],177,72,267,160,260,140,247,122,0.04,0.0,0.02,0.06,1.49,1.02,367,229,268,115,130,57,231,81,1.11,0.37,12.01,77187,Aston Villa,3,1145,1185,1150,1170,1140,1200,2,5,3,3,True,Brentford,24,1923.92321777,Aston Villa,Brentford,,,,-0.3131426247084257
43,True,True,100.0,100.0,577731,0,0,-1,1,0,3,0.0,0.0,0,Ben,0.0,60,False,,,44,577731.jpg,0.0,False,Broggio,0.3,False,,a,2,7,0,37815,182,47272,394,0.0,0.0,Broggio,241.0,2024-09-23,2007-01-29,False,p577731,0,0,0,0,0,0,0,0,0,0,0,0,0,0.0,0.0,0.0,0.0,0,0,0,0,0,0.00,0.00,0.00,0.00,,,,,,,[],661,253,657,257,632,246,662,254,0.0,0.0,0.0,0.0,0.0,0.0,554,332,611,223,667,259,323,109,0.0,0.0,0.0,38594,Aston Villa,3,1145,1185,1150,1170,1140,1200,2,5,3,3,True,Brentford,24,1923.92321777,Aston Villa,Brentford,,,,-0.11114506328816388
44,True,True,100.0,100.0,559962,0,0,0,0,0,3,0.2,0.2,0,Jamaldeen,0.2,62,False,,,45,559962.jpg,1.0,False,Jimoh-Aloba,0.1,False,,a,2,7,1,8264,154,9137,156,0.0,0.2,Jimoh-Aloba,241.0,2024-09-23,2006-10-02,False,p559962,8,0,0,0,0,0,0,0,0,0,0,0,3,0.2,0.3,0.0,0.1,0,1,0,1,0,0.00,0.00,0.00,0.61,,,,,,,[],484,222,464,226,682,282,485,224,0.0,0.0,0.0,0.0,6.86,0.0,467,285,384,175,458,208,530,189,0.0,0.0,11.25,12865,Aston Villa,3,1145,1185,1150,1170,1140,1200,2,5,3,3,True,Brentford,24,1923.92321777,Aston Villa,Brentford,,,,-0.050169530486753634
45,True,True,100.0,100.0,537403,0,0,-2,2,0,3,0.0,0.0,0,Kadan,0.0,63,False,,,43,537403.jpg,0.0,False,Young,0.6,False,,a,2,7,0,96144,1576,110710,1904,0.0,0.0,Young,241.0,2022-12-10,2006-01-19,False,p537403,0,0,0,0,0,0,0,0,0,0,0,0,0,0.0,0.0,0.0,0.0,0,0,0,0,0,0.00,0.00,0.00,0.00,,,,,,,[],627,230,624,235,596,222,628,231,0.0,0.0,0.0,0.0,0.0,0.0,602,348,574,201,636,239,228,79,0.0,0.0,0.0,77187,Aston Villa,3,1145,1185,1150,1170,1140,1200,2,5,3,3,True,Brentford,24,1923.92321777,Aston Villa,Brentford,,,,-0.07041681572510079
46,True,True,100.0,100.0,178301,0,0,-2,2,2,4,4.8,4.8,8,Ollie,4.8,64,False,,2025-10-13T11:00:08.391124Z,88,178301.jpg,4.0,False,Watkins,13.5,False,,a,2,7,91,2061617,117060,3410771,47968,0.5,10.3,Watkins,241.0,2020-09-09,1995-12-30,False,p178301,1741,8,2,7,22,0,0,0,1,0,0,11,336,376.0,194.3,687.0,125.6,14,34,15,63,20,9.40,0.91,10.31,27.78,,,,,3.0,,[],87,7,129,7,3,3,23,5,0.49,0.0,0.05,0.54,1.44,1.14,7,3,38,8,76,8,29,5,1.03,0.36,3.26,1736708,Aston Villa,3,1145,1185,1150,1170,1140,1200,2,5,3,3,True,Brentford,24,1923.92321777,Aston Villa,Brentford,,,,-0.24653843989132349
91,True,True,100.0,100.0,457569,0,0,0,0,0,1,1.2,0.7,1,Đorđe,1.2,67,False,,,45,457569.jpg,2.6,False,Petrović,4.3,False,,a,4,91,60,796470,7456,671810,12521,0.3,13.3,Petrović,190.0,2025-07-16,1999-10-08,False,p457569,2070,0,0,5,43,1,0,0,2,0,65,1,244,477.6,0.0,0.0,48.0,45,182,0,0,23,0.00,0.00,0.00,33.34,,,,,,,[],39,11,679,86,657,74,207,11,0.0,2.83,0.0,0.0,1.45,1.87,431,24,267,21,242,22,81,14,1.0,0.22,0.0,553174,Bournemouth,3,1150,1220,1100,1240,1200,1200,20,4,3,2,False,Wolves,24,1799.17553711,Wolves,Bournemouth,,,,0.0849020622769499
92,True,True,100.0,100.0,568791,0,0,-1,1,0,1,0.0,-0.5,0,Callan,0.0,69,False,,,39,568791.jpg,0.0,False,McKenna,0.2,False,,a,4,91,0,17314,412,16148,344,0.0,0.0,McKenna,243.0,2024-02-01,2006-12-22,False,p568791,0,0,0,0,0,0,0,0,0,0,0,0,0,0.0,0.0,0.0,0.0,0,0,0,0,0,0.00,0.00,0.00,0.00,,,,,,,[],540,58,531,45,494,30,540,58,0.0,0.0,0.0,0.0,0.0,0.0,768,91,471,52,549,58,346,49,0.0,0.0,0.0,25729,Bournemouth,3,1150,1220,1100,1240,1200,1200,20,4,3,2,False,Wolves,24,1799.17553711,Wolves,Bournemouth,,,,0.034845496383957925
93,True,True,100.0,100.0,221466,0,0,3,-3,1,2,3.2,2.7,3,Marcos,3.2,72,False,,2025-12-06T22:00:07.547408Z,48,221466.jpg,4.3,False,Senesi Barón,14.0,False,,a,4,91,94,4240292,65465,2799183,39005,0.7,19.6,Senesi,10.0,2022-08-08,1997-05-10,False,p221466,1938,0,4,5,42,0,0,0,7,0,0,6,297,735.4,274.7,115.0,112.6,240,92,41,281,22,0.88,3.69,4.57,31.39,,,,,,,[],2,1,80,20,193,45,34,1,0.04,0.0,0.17,0.21,1.46,1.95,361,61,111,42,47,20,28,9,1.02,0.23,13.05,1801031,Bournemouth,3,1150,1220,1100,1240,1200,1200,20,4,3,2,False,Wolves,24,1799.17553711,Wolves,Bournemouth,,,,0.2047182495853739
94,True,True,100.0,100.0,54469,0,0,-1,1,0,2,0.2,-0.3,1,Adam,0.2,73,False,,2025-08-31T01:00:07.918421Z,44,54469.jpg,1.8,False,Smith,0.2,False,,a,4,91,21,23230,375,39200,243,0.0,4.8,Smith,241.0,2014-01-28,1991-04-29,False,p54469,631,0,1,2,15,0,0,0,2,0,0,0,47,67.8,29.3,18.0,11.5,30,15,4,34,9,0.00,0.11,0.11,11.16,,,,,,,[],364,139,355,126,362,126,383,137,0.0,0.0,0.02,0.02,1.59,2.14,511,97,340,125,344,133,385,139,1.28,0.29,4.85,25729,Bournemouth,3,1150,1220,1100,1240,1200,1200,20,4,3,2,False,Wolves,24,1799.17553711,Wolves,Bournemouth,,,,-0.2558065032836777
95,True,True,100.0,100.0,494521,0,0,0,0,0,2,2.2,1.7,3,Adrien,2.2,74,False,,,45,494521.jpg,3.2,False,Truffert,1.7,False,,a,4,91,74,486571,5883,375958,6375,0.5,16.4,Truffert,73.0,2025-06-16,2001-11-20,False,p494521,2028,0,1,5,40,0,0,0,3,0,0,7,272,476.8,320.5,87.0,88.4,122,110,66,188,23,0.33,1.20,1.53,31.04,,,,,,,[],40,17,53,8,232,63,67,13,0.01,0.0,0.05,0.06,1.38,1.78,445,90,170,61,148,61,143,56,1.02,0.22,8.34,218697,Bournemouth,3,1150,1220,1100,1240,1200,1200,20,4,3,2,False,Wolves,24,1799.17553711,Wolves,Bournemouth,,,,0.12824264459513826
96,True,True,25.0,25.0,541462,0,0,-2,2,0,2,0.0,-0.1,0,Matai,0.0,75,False,Muscle injury - 25% chance of playing,2025-11-07T15:00:08.469996Z,38,541462.jpg,0.0,False,Akinmboni,0.2,False,,d,4,91,0,13769,56,31151,219,0.0,0.0,Akinmboni,229.0,2025-01-03,2006-10-17,False,p541462,0,0,0,0,0,0,0,0,0,0,0,0,0,0.0,0.0,0.0,0.0,0,0,0,0,0,0.00,0.00,0.00,0.00,,,,,,,[],501,188,490,187,452,178,501,187,0.0,0.0,0.0,0.0,0.0,0.0,795,251,429,167,510,188,372,135,0.0,0.0,0.0,25729,Bournemouth,3,1150,1220,1100,1240,1200,1200,20,4,3,2,False,Wolves,24,1799.17553711,Wolves,Bournemouth,,,,-0.3869545859305432
97,True,True,100.0,100.0,518906,0,0,-2,2,0,2,0.0,-0.5,0,Owen,0.0,76,False,,,38,518906.jpg,0.0,False,Bevan,0.2,False,,a,4,91,0,11897,312,17171,286,0.0,0.0,Bevan,244.0,2022-08-22,2003-10-26,False,p518906,0,0,0,0,0,0,0,0,0,0,0,0,0,0.0,0.0,0.0,0.0,0,0,0,0,0,0.00,0.00,0.00,0.00,,,,,,,[],500,187,489,186,451,177,500,186,0.0,0.0,0.0,0.0,0.0,0.0,793,249,428,166,509,187,390,142,0.0,0.0,0.0,25729,Bournemouth,3,1150,1220,1100,1240,1200,1200,20,4,3,2,False,Wolves,24,1799.17553711,Wolves,Bournemouth,,,,-0.1814366313471859
98,True,True,100.0,100.0,463981,0,0,-1,1,0,2,3.5,3.0,6,James,3.5,77,False,,,39,463981.jpg,2.6,False,Hill,0.8,False,,a,4,91,36,126607,24315,121141,3942,0.9,9.2,Hill,241.0,2022-01-05,2002-01-10,False,p463981,752,0,1,2,13,0,0,0,1,0,0,0,106,193.2,44.9,57.0,29.6,73,19,16,89,7,0.23,0.48,0.70,10.04,,,,,,,[],233,96,325,110,282,85,294,98,0.03,0.0,0.06,0.09,1.2,1.56,750,218,93,35,236,92,200,77,0.84,0.24,10.65,102916,Bournemouth,3,1150,1220,1100,1240,1200,1200,20,4,3,2,False,Wolves,24,1799.17553711,Wolves,Bournemouth,,,,0.022062741172481717
333,True,True,100.0,100.0,437730,1,-1,8,-8,3,3,4.7,4.7,8,Antoine,4.2,82,True,,2025-11-17T13:00:08.045504Z,78,437730.jpg,5.9,False,Semenyo,48.3,False,,a,13,43,130,10212347,265438,5640021,58495,0.5,16.7,Semenyo,81.0,2026-01-09,2000-01-07,False,p437730,1980,11,5,6,40,0,0,1,6,0,0,14,429,601.0,382.6,660.0,164.5,33,106,30,169,22,7.04,2.00,9.04,33.55,,,,,,,[],12,3,38,36,5,1,4,2,0.32,0.0,0.09,0.41,1.52,1.82,18,13,45,18,6,3,2,1,1.0,0.27,7.68,6213556,Man City,4,1250,1305,1210,1230,1290,1380,18,13,4,3,False,Spurs,24,1982.90136719,Spurs,Man City,,,,0.2884317346152953
118,True,True,100.0,100.0,533463,0,0,-2,2,2,3,0.4,0.4,1,Dango,0.4,83,False,,2025-12-13T14:30:10.953675Z,58,533463.jpg,3.9,False,Ouattara,0.3,False,,a,5,94,66,453007,623,444307,1320,0.1,11.4,O.Dango,35.0,2025-08-16,2002-02-11,False,p533463,1127,3,4,3,16,0,0,0,3,0,0,6,179,200.6,134.8,354.0,68.4,45,50,13,108,12,4.50,1.07,5.57,14.83,2.0,,,,,,[],222,94,178,119,37,22,119,66,0.36,0.0,0.09,0.45,1.18,1.28,112,70,355,158,82,36,299,100,0.96,0.24,8.62,38594,Brentford,3,1135,1175,1100,1110,1170,1240,2,5,3,3,False,Aston Villa,24,1841.53430176,Aston Villa,Brentford,,,,0.009695602654143366
99,True,True,100.0,100.0,158499,0,0,-1,1,0,3,0.5,0.0,1,Ryan,0.5,87,False,,2026-01-02T13:30:09.399485Z,49,158499.jpg,1.5,False,Christie,0.1,False,,a,4,91,20,7801,278,14699,60,0.1,4.1,Christie,243.0,2021-08-31,1995-02-22,False,p158499,328,1,1,0,9,0,0,0,1,0,0,0,78,93.8,90.4,97.0,28.3,11,18,8,37,1,1.10,0.27,1.37,6.87,,,,,,,[],327,143,236,145,220,121,303,145,0.3,0.0,0.07,0.37,1.89,2.47,293,181,349,156,394,175,567,209,0.27,0.0,10.15,12865,Bournemouth,3,1150,1220,1100,1240,1200,1200,20,4,3,2,False,Wolves,24,1799.17553711,Wolves,Bournemouth,,,,-0.3065777777777778
100,True,True,100.0,100.0,155408,0,0,-1,1,0,3,3.8,3.3,4,Lewis,3.8,88,False,,2025-12-31T00:00:09.255879Z,49,155408.jpg,2.3,False,Cook,0.0,False,,a,4,91,30,7536,837,5822,219,0.8,6.1,Cook,241.0,2016-07-08,1997-02-03,False,p155408,680,0,1,0,17,0,0,0,1,1,0,0,144,171.2,145.9,12.0,33.2,47,50,21,118,6,0.07,0.30,0.37,10.86,,,,,,,[],250,106,165,111,376,189,278,138,0.01,0.0,0.04,0.05,1.44,2.25,292,180,127,56,280,119,601,231,0.79,0.0,15.62,0,Bournemouth,3,1150,1220,1100,1240,1200,1200,20,4,3,2,False,Wolves,24,1799.17553711,Wolves,Bournemouth,,,,0.12831262164994758
101,True,True,100.0,100.0,503139,0,0,0,0,0,3,3.8,3.3,5,Alex,3.8,90,False,,2025-12-29T19:30:08.900947Z,50,503139.jpg,3.1,False,Scott,0.3,False,,a,4,91,71,77631,6834,60784,1134,0.8,14.2,Scott,241.0,2023-08-10,2003-08-21,False,p503139,1588,1,2,5,31,0,0,0,2,0,0,3,321,287.8,211.8,144.0,63.9,76,95,31,202,20,1.47,1.19,2.66,25.71,1.0,,,,,,[],154,59,114,81,149,87,139,77,0.08,0.0,0.07,0.15,1.46,1.76,273,166,97,43,172,73,317,105,1.13,0.28,11.45,38594,Bournemouth,3,1150,1220,1100,1240,1200,1200,20,4,3,2,False,Wolves,24,1799.17553711,Wolves,Bournemouth,,,,0.12171368710038652
102,True,True,100.0,100.0,441240,0,0,0,0,0,3,0.0,-0.5,0,Romain,0.0,92,False,,2025-09-11T13:43:59.477111Z,45,441240.jpg,0.0,False,Faivre,0.1,False,,a,4,91,0,4097,110,19105,54,0.0,0.0,Faivre,73.0,2023-07-13,1998-07-14,False,p441240,0,0,0,0,0,0,0,0,0,0,0,0,0,0.0,0.0,0.0,0.0,0,0,0,0,0,0.00,0.00,0.00,0.00,,,,,,,[],679,264,676,267,654,258,680,265,0.0,0.0,0.0,0.0,0.0,0.0,427,256,632,235,684,269,537,191,0.0,0.0,0.0,12865,Bournemouth,3,1150,1220,1100,1240,1200,1200,20,4,3,2,False,Wolves,24,1799.17553711,Wolves,Bournemouth,,,,-0.6468407895871046
103,True,True,100.0,100.0,444102,0,0,0,0,0,4,5.8,5.3,8,Francisco Evanilson,5.8,97,False,,2025-10-19T01:30:09.447327Z,70,444102.jpg,3.4,False,de Lima Barbosa,2.6,False,,a,4,91,72,850469,129065,807138,14147,0.8,10.3,Evanilson,30.0,2024-08-16,1999-10-06,False,p444102,1586,5,3,5,31,0,0,0,1,0,0,5,256,226.2,232.1,512.0,96.7,18,44,6,68,18,6.66,0.79,7.45,21.28,,,,,,,[],197,15,100,4,14,8,55,11,0.38,0.0,0.04,0.42,1.21,1.76,40,16,30,6,137,11,114,18,1.02,0.28,3.86,334477,Bournemouth,3,1150,1220,1100,1240,1200,1200,20,4,3,2,False,Wolves,24,1799.17553711,Wolves,Bournemouth,,,,0.026140695593105
104,True,True,100.0,75.0,168636,0,0,-1,1,0,4,0.8,0.2,1,Enes,0.8,98,False,,2026-01-11T18:30:10.266239Z,54,168636.jpg,1.4,False,Ünal,0.0,False,,a,4,91,14,10814,405,9043,194,0.1,2.6,Enes Ünal,219.0,2024-07-01,1997-05-10,False,p168636,112,1,0,0,2,0,0,0,1,0,0,1,43,38.0,4.1,53.0,9.2,2,3,0,5,0,0.96,0.05,1.01,1.89,,,,,,,[],402,44,430,55,291,49,403,49,0.77,0.0,0.04,0.81,1.52,1.61,162,41,314,38,406,46,612,79,0.0,0.0,4.02,0,Bournemouth,3,1150,1220,1100,1240,1200,1200,20,4,3,2,False,Wolves,24,1799.17553711,Wolves,Bournemouth,,,,0.08918769199778416
105,True,True,100.0,100.0,560262,0,0,1,-1,0,4,3.8,3.3,1,Junior,3.8,100,False,,,46,560262.jpg,3.2,False,Kroupi,5.1,False,,a,4,91,57,1319408,88862,843581,29886,0.8,12.4,Kroupi.Jr,73.0,2025-02-02,2006-06-23,False,p560262,705,7,0,3,16,0,0,0,3,0,0,6,263,277.0,99.8,274.0,65.1,22,24,5,51,9,3.64,0.23,3.87,11.31,,,,,,,[],161,13,222,24,63,22,132,17,0.46,0.0,0.03,0.49,1.44,2.04,401,64,126,13,151,13,75,13,1.15,0.38,6.51,656090,Bournemouth,3,1150,1220,1100,1240,1200,1200,20,4,3,2,False,Wolves,24,1799.17553711,Wolves,Bournemouth,,,,0.21998586215648808
119,True,True,100.0,100.0,200720,0,0,1,-1,2,1,4.6,4.6,1,Caoimhín,4.6,101,False,,2025-08-09T14:00:04.798673Z,46,200720.jpg,3.6,False,Kelleher,10.0,False,,a,5,94,83,886270,21496,866421,28532,1.0,18.0,Kelleher,104.0,2025-06-03,1998-11-23,False,p200720,2070,0,0,5,32,0,3,0,1,0,61,3,317,528.0,20.0,0.0,54.9,28,177,1,0,23,0.00,0.04,0.04,31.09,,,,,,,[],22,6,378,4,719,77,175,7,0.0,2.65,0.0,0.0,1.35,1.39,394,19,40,2,110,10,43,6,1.0,0.22,0.0,1286450,Brentford,3,1135,1175,1100,1110,1170,1240,2,5,3,3,False,Aston Villa,24,1841.53430176,Aston Villa,Brentford,,,,0.011324871297907046
120,True,True,100.0,100.0,235448,0,0,-1,1,0,1,0.0,0.0,0,Ellery,0.0,102,False,,,39,235448.jpg,0.0,False,Balcombe,0.3,False,,a,5,94,0,14638,166,22304,250,0.0,0.0,Balcombe,241.0,2016-11-02,1999-10-15,False,p235448,0,0,0,0,0,0,0,0,0,0,0,0,0,0.0,0.0,0.0,0.0,0,0,0,0,0,0.00,0.00,0.00,0.00,,,,,,,[],520,45,511,32,474,17,520,45,0.0,0.0,0.0,0.0,0.0,0.0,743,78,451,39,529,45,335,45,0.0,0.0,0.0,38594,Brentford,3,1135,1175,1100,1110,1170,1240,2,5,3,3,False,Aston Villa,24,1841.53430176,Aston Villa,Brentford,,,,-0.2075144821612257
121,True,True,100.0,100.0,535017,0,0,-1,1,0,1,0.0,0.0,0,Julian,0.0,104,False,,,39,535017.jpg,0.0,False,Eyestone,0.1,False,,a,5,94,0,12498,54,9084,208,0.0,0.0,Eyestone,229.0,2024-08-08,2006-04-21,False,p535017,0,0,0,0,0,0,0,0,0,0,0,0,0,0.0,0.0,0.0,0.0,0,0,0,0,0,0.00,0.00,0.00,0.00,,,,,,,[],536,55,527,42,490,27,536,55,0.0,0.0,0.0,0.0,0.0,0.0,764,88,467,49,545,55,447,67,0.0,0.0,0.0,12865,Brentford,3,1135,1175,1100,1110,1170,1240,2,5,3,3,False,Aston Villa,24,1841.53430176,Aston Villa,Brentford,,,,0.1581873783708646
122,True,True,100.0,100.0,507433,0,0,-1,1,0,1,0.0,0.0,0,Hákon Rafn,0.0,105,False,,,39,507433.jpg,0.0,False,Valdimarsson,0.6,False,,a,5,94,0,36452,101,67939,710,0.0,0.0,Valdimarsson,99.0,2024-01-26,2001-10-13,False,p507433,0,0,0,0,0,0,0,0,0,0,0,0,0,0.0,0.0,0.0,0.0,0,0,0,0,0,0.00,0.00,0.00,0.00,,,,,,,[],533,54,524,41,487,26,533,54,0.0,0.0,0.0,0.0,0.0,0.0,761,87,464,48,542,54,229,29,0.0,0.0,0.0,77187,Brentford,3,1135,1175,1100,1110,1170,1240,2,5,3,3,False,Aston Villa,24,1841.53430176,Aston Villa,Brentford,,,,-0.30162561906677776
123,True,True,100.0,100.0,432830,0,0,0,0,2,2,6.8,6.8,1,Nathan,6.8,106,False,,,50,432830.jpg,4.0,False,Collins,3.9,False,,a,5,94,91,575779,14505,281870,36466,1.4,18.2,Collins,104.0,2023-07-04,2001-04-30,False,p432830,1996,1,2,5,31,1,0,0,4,0,0,7,311,636.2,103.9,235.0,97.7,207,92,23,230,22,1.42,0.88,2.30,30.02,,,,,,,[],8,4,218,59,76,5,53,8,0.06,0.0,0.04,0.1,1.35,1.4,259,40,4,2,69,29,90,32,0.99,0.23,10.37,501716,Brentford,3,1135,1175,1100,1110,1170,1240,2,5,3,3,False,Aston Villa,24,1841.53430176,Aston Villa,Brentford,,,,0.34269147401792577
124,True,True,100.0,100.0,249231,0,0,-1,1,1,2,2.8,2.8,1,Keane,2.8,107,False,,,49,249231.jpg,3.2,False,Lewis-Potter,2.1,False,,a,5,94,67,402591,1259,191951,25449,0.6,13.7,Lewis-Potter,241.0,2022-07-12,2001-02-22,False,p249231,921,2,1,6,15,0,0,0,1,0,0,3,180,172.8,150.7,152.0,47.6,22,37,12,34,10,1.32,0.95,2.27,16.19,,,,,,,[],246,101,163,41,136,24,208,68,0.13,0.0,0.09,0.22,1.58,1.47,320,53,145,56,155,64,124,47,0.98,0.59,3.32,270155,Brentford,3,1135,1175,1100,1110,1170,1240,2,5,3,3,False,Aston Villa,24,1841.53430176,Aston Villa,Brentford,,,,0.3542895203366625
125,True,True,75.0,100.0,191866,0,0,-1,1,0,2,3.0,4.0,1,Kristoffer,4.0,108,False,Ankle injury - 75% chance of playing,2026-01-26T04:00:07.526158Z,44,191866.jpg,2.8,False,Ajer,0.2,False,,d,5,94,48,23369,249,25570,1170,0.9,10.9,Ajer,161.0,2021-07-21,1998-04-17,False,p191866,1097,0,2,3,18,0,0,0,1,0,0,1,138,244.4,30.0,122.0,39.8,95,32,24,119,13,0.64,0.57,1.21,16.90,,,,,,,[],185,75,353,124,181,37,250,86,0.05,0.0,0.05,0.1,1.39,1.48,517,102,51,19,211,81,374,136,1.07,0.25,9.76,25729,Brentford,3,1135,1175,1100,1110,1170,1240,2,5,3,3,False,Aston Villa,24,1841.53430176,Aston Villa,Brentford,,,,-0.04497435583072805
126,True,True,100.0,100.0,194010,0,0,-2,2,0,2,3.2,3.2,2,Rico,3.2,109,False,,,43,194010.jpg,1.9,False,Henry,0.2,False,,a,5,94,37,16103,358,18029,533,0.7,8.6,Henry,107.0,2016-08-31,1997-07-08,False,p194010,859,0,1,3,14,0,0,0,2,0,0,0,99,90.0,38.6,24.0,15.2,35,51,12,47,8,0.17,0.41,0.58,17.15,,,,,,,[],333,128,338,116,346,116,366,130,0.02,0.0,0.04,0.06,1.8,1.47,573,127,107,39,330,125,400,146,0.84,0.31,4.92,25729,Brentford,3,1135,1175,1100,1110,1170,1240,2,5,3,3,False,Aston Villa,24,1841.53430176,Aston Villa,Brentford,,,,-0.056427985468182354
127,True,True,100.0,100.0,607464,0,0,0,0,0,2,2.8,2.8,1,Michael,2.8,110,False,,,45,607464.jpg,2.8,False,Kayode,0.7,False,,a,5,94,65,159853,770,105067,4889,0.6,14.4,Kayode,106.0,2025-07-01,2004-07-10,False,p607464,1998,0,1,5,31,0,0,0,5,0,0,6,314,386.6,339.9,71.0,79.9,98,103,45,143,23,0.19,2.21,2.40,30.38,,,,,,,[],81,36,47,6,257,74,85,19,0.01,0.0,0.1,0.11,1.37,1.4,491,95,143,54,213,83,219,83,1.04,0.23,6.44,90052,Brentford,3,1135,1175,1100,1110,1170,1240,2,5,3,3,False,Aston Villa,24,1841.53430176,Aston Villa,Brentford,,,,0.20680205345009814
128,True,True,100.0,100.0,231065,0,0,-3,3,0,2,0.0,0.0,0,Ethan,0.0,111,False,,2025-08-18T08:00:05.393517Z,42,231065.jpg,1.3,False,Pinnock,0.1,False,,a,5,94,4,10887,120,25142,233,0.0,1.0,Pinnock,107.0,2019-07-02,1993-05-29,False,p231065,228,0,0,0,5,1,0,0,1,0,0,0,21,62.8,1.1,12.0,7.6,25,9,4,29,3,0.00,0.06,0.06,3.18,,,,,,,[],369,142,447,164,375,135,412,149,0.0,0.0,0.02,0.02,1.26,1.97,627,147,546,230,409,151,452,167,1.18,0.0,11.45,12865,Brentford,3,1135,1175,1100,1110,1170,1240,2,5,3,3,False,Aston Villa,24,1841.53430176,Aston Villa,Brentford,,,,-0.39565350134613786
129,True,True,100.0,100.0,444765,0,0,0,0,0,2,0.2,0.2,1,Sepp,0.2,113,False,,2025-12-27T22:00:11.195580Z,45,444765.jpg,2.9,False,van den Berg,0.7,False,,a,5,94,53,206217,272,180206,4803,0.0,11.8,Van den Berg,152.0,2024-08-22,2001-12-20,False,p444765,1583,0,0,3,26,0,0,0,1,0,0,0,201,363.8,33.4,180.0,57.8,150,63,12,162,17,1.92,0.21,2.13,22.90,,,,,,,[],94,41,346,121,114,19,164,53,0.11,0.0,0.01,0.12,1.3,1.48,428,85,380,141,195,76,212,81,0.97,0.17,9.21,90052,Brentford,3,1135,1175,1100,1110,1170,1240,2,5,3,3,False,Aston Villa,24,1841.53430176,Aston Villa,Brentford,,,,0.06731224590668775
130,True,True,100.0,100.0,622536,0,0,-1,1,0,2,0.0,0.0,0,Benjamin,0.0,114,False,,2025-10-31T17:00:08.779634Z,39,622536.jpg,0.0,False,Arthur,0.2,False,,a,5,94,0,12343,97,27535,216,0.0,0.0,Arthur,241.0,2024-03-08,2005-10-09,False,p622536,0,0,0,0,0,0,0,0,0,0,0,0,0,0.0,0.0,0.0,0.0,0,0,0,0,0,0.00,0.00,0.00,0.00,,,,,,,[],544,204,535,204,499,197,544,203,0.0,0.0,0.0,0.0,0.0,0.0,773,230,475,186,553,204,361,132,0.0,0.0,0.0,25729,Brentford,3,1135,1175,1100,1110,1170,1240,2,5,3,3,False,Aston Villa,24,1841.53430176,Aston Villa,Brentford,,,,-0.3809619338983901
131,True,True,100.0,100.0,472713,0,0,0,0,0,2,1.0,1.0,1,Aaron,1.0,116,False,,2025-10-16T08:00:09.344205Z,40,472713.jpg,2.0,False,Hickey,0.5,False,,a,5,94,30,62579,536,62916,1494,0.2,7.5,Hickey,243.0,2022-07-09,2002-06-10,False,p472713,537,0,0,2,7,0,0,0,1,0,0,0,82,58.8,14.2,42.0,11.3,23,30,9,32,6,0.40,0.17,0.57,5.31,,,,,,,[],379,146,388,142,307,98,390,140,0.07,0.0,0.03,0.1,0.89,1.17,677,171,284,104,315,120,257,97,1.01,0.34,5.36,64323,Brentford,3,1135,1175,1100,1110,1170,1240,2,5,3,3,False,Aston Villa,24,1841.53430176,Aston Villa,Brentford,,,,-0.0026853659508346947
361,True,True,100.0,100.0,446008,1,-1,3,-3,1,3,3.8,2.8,10,Bryan,3.8,119,False,,2025-12-13T14:30:10.989622Z,83,446008.jpg,5.2,False,Mbeumo,15.8,False,,a,14,1,93,5601889,568394,5442067,14756,0.5,11.2,Mbeumo,38.0,2025-07-21,1999-08-07,False,p446008,1543,8,1,3,26,0,0,0,3,0,0,14,344,438.2,499.0,605.0,154.2,10,58,14,82,18,6.30,3.42,9.72,21.84,2.0,,2.0,,,,[],55,14,16,15,8,3,7,5,0.37,0.0,0.2,0.57,1.27,1.52,13,8,78,34,14,7,23,10,1.05,0.17,4.78,2032592,Man Utd,3,1135,1205,1100,1150,1170,1260,14,10,2,3,True,Fulham,24,1824.42858887,Man Utd,Fulham,,,,0.014471444833717194
132,True,True,100.0,100.0,513418,1,-1,2,-2,1,3,3.6,3.6,2,Kevin,3.6,120,False,,2025-12-06T20:00:08.974964Z,72,513418.jpg,4.0,False,Schade,2.9,False,,a,5,94,88,736194,12571,413822,51079,0.5,12.2,Schade,80.0,2023-07-01,2001-11-27,False,p513418,1816,6,4,7,22,0,0,1,6,0,0,5,301,432.0,293.8,607.0,133.4,43,65,30,138,21,8.45,1.71,10.16,24.69,,,,,3.0,,[],57,16,69,55,7,2,16,13,0.42,0.0,0.08,0.5,1.22,1.09,35,21,92,41,74,31,106,32,1.04,0.35,6.84,373071,Brentford,3,1135,1175,1100,1110,1170,1240,2,5,3,3,False,Aston Villa,24,1841.53430176,Aston Villa,Brentford,,,,0.2803195781623908
133,True,True,75.0,100.0,440089,0,0,-3,3,0,3,1.5,2.0,1,Mikkel,2.0,121,False,Knee injury - 75% chance of playing,2026-01-26T04:00:07.541386Z,57,440089.jpg,3.0,False,Damsgaard,0.5,False,,d,5,94,61,97844,250,160007,2981,0.4,10.7,Damsgaard,58.0,2022-08-10,2000-07-03,False,p440089,1272,1,3,2,22,0,0,0,0,0,0,3,264,298.4,454.8,172.0,92.6,27,80,35,142,15,1.13,3.63,4.76,19.46,1.0,,3.0,,,,[],145,53,21,20,121,71,58,38,0.08,0.0,0.26,0.34,1.38,1.56,120,75,209,92,192,83,252,85,1.06,0.14,10.05,64323,Brentford,3,1135,1175,1100,1110,1170,1240,2,5,3,3,False,Aston Villa,24,1841.53430176,Aston Villa,Brentford,,,,-0.24108108946639725
134,True,True,100.0,75.0,56979,0,0,0,0,0,3,1.0,0.8,1,Jordan,1.0,124,False,,2026-01-11T18:30:10.304842Z,50,56979.jpg,2.8,False,Henderson,0.4,False,,a,5,94,59,94274,443,92331,1837,0.2,11.8,Henderson,241.0,2025-07-15,1990-06-17,False,p56979,1358,1,3,4,21,0,0,0,4,0,0,5,257,266.2,271.3,41.0,57.8,38,68,19,125,15,0.33,2.02,2.35,18.52,,,,,,,[],174,70,82,60,312,162,165,90,0.02,0.0,0.13,0.15,1.23,1.39,242,149,291,130,214,93,283,94,0.99,0.27,8.28,51458,Brentford,3,1135,1175,1100,1110,1170,1240,2,5,3,3,False,Aston Villa,24,1841.53430176,Aston Villa,Brentford,,,,0.01041236837169422
135,True,True,100.0,100.0,204580,0,0,-1,1,1,3,5.2,5.2,2,Vitaly,5.2,125,False,,2025-08-09T14:00:04.867824Z,49,204580.jpg,3.1,False,Janelt,0.3,False,,a,5,94,55,54136,1617,15561,3671,1.1,11.2,Janelt,80.0,2020-10-03,1998-05-10,False,p204580,938,0,4,4,11,0,0,0,4,0,0,3,232,249.6,268.2,68.0,58.3,48,58,21,127,9,0.57,1.77,2.34,14.00,5.0,,,,,,[],180,75,83,61,262,142,162,89,0.05,0.0,0.17,0.22,1.34,1.06,302,187,24,9,169,70,300,101,0.86,0.38,12.19,38594,Brentford,3,1135,1175,1100,1110,1170,1240,2,5,3,3,False,Aston Villa,24,1841.53430176,Aston Villa,Brentford,,,,0.5534671506664562
136,True,True,100.0,100.0,207283,0,0,-1,1,0,3,2.2,2.2,2,Mathias,2.2,126,False,,,49,207283.jpg,2.1,False,Jensen,0.1,False,,a,5,94,45,12942,152,15570,266,0.4,9.2,Jensen,58.0,2019-07-10,1996-01-01,False,p207283,944,2,0,4,13,0,0,0,1,0,0,0,211,183.8,254.6,107.0,54.4,21,46,19,86,11,1.28,2.79,4.07,14.28,3.0,,,,5.0,,[],241,101,88,65,207,113,179,96,0.12,0.0,0.27,0.39,1.36,1.24,305,189,190,79,309,136,507,179,1.05,0.38,8.2,12865,Brentford,3,1135,1175,1100,1110,1170,1240,2,5,3,3,False,Aston Villa,24,1841.53430176,Aston Villa,Brentford,,,,-0.09217171717171717
137,True,True,100.0,100.0,428580,0,0,-2,2,0,3,0.0,0.0,0,Frank,0.0,128,False,,2025-12-13T14:30:11.035784Z,48,428580.jpg,2.0,False,Onyeka,0.0,False,,a,5,94,12,5315,48,8491,37,0.0,2.5,Onyeka,157.0,2021-07-20,1998-01-01,False,p428580,88,0,2,0,2,0,0,0,0,0,0,0,41,28.4,13.6,4.0,4.6,3,5,2,10,0,0.00,0.36,0.36,2.02,,,,,,,[],414,185,392,195,416,206,433,195,0.0,0.0,0.37,0.37,2.07,2.05,366,228,704,292,319,140,593,225,0.0,0.0,10.23,0,Brentford,3,1135,1175,1100,1110,1170,1240,2,5,3,3,False,Aston Villa,24,1841.53430176,Aston Villa,Brentford,,,,-0.2300449080110097
138,True,True,100.0,100.0,508395,0,0,0,0,0,3,4.2,4.2,3,Yehor,4.2,129,False,,2025-10-25T23:00:07.803030Z,50,508395.jpg,3.0,False,Yarmoliuk,0.1,False,,a,5,94,70,21438,903,16017,576,0.8,14.0,Yarmoliuk,225.0,2022-10-28,2004-03-01,False,p508395,1734,1,2,5,28,0,0,0,5,0,0,0,300,291.8,195.3,108.0,59.5,47,125,47,219,21,1.19,1.08,2.27,26.47,,,,,,,[],150,56,128,92,203,111,158,88,0.06,0.0,0.06,0.12,1.37,1.45,275,168,49,21,190,81,446,153,1.09,0.26,11.37,12865,Brentford,3,1135,1175,1100,1110,1170,1240,2,5,3,3,False,Aston Villa,24,1841.53430176,Aston Villa,Brentford,,,,0.1447336804164998
139,True,True,100.0,100.0,606689,0,0,-1,1,0,3,0.2,0.2,0,Romelle,0.2,130,False,,,44,606689.jpg,1.0,False,Donovan,0.1,False,,a,5,94,1,13110,113,16925,188,0.0,0.2,Donovan,241.0,2025-07-01,2006-11-30,False,p606689,1,0,0,0,0,0,0,0,0,0,0,0,4,3.0,10.5,4.0,1.8,0,1,0,1,0,0.05,0.01,0.06,0.00,,,,,,,[],463,213,400,198,412,204,450,204,4.5,0.0,0.9,5.4,0.0,0.0,560,335,378,173,452,203,478,166,0.0,0.0,90.0,12865,Brentford,3,1135,1175,1100,1110,1170,1240,2,5,3,3,False,Aston Villa,24,1841.53430176,Aston Villa,Brentford,,,,-0.12701847844181788
397,True,True,100.0,100.0,216646,0,0,-2,2,0,4,1.0,1.5,2,Yoane,1.5,135,False,,2025-12-01T13:00:07.211962Z,73,216646.jpg,1.7,False,Wissa,0.9,False,,a,15,4,15,222139,5121,392172,11154,0.2,2.1,Wissa,50.0,2025-09-01,1996-09-03,False,p216646,325,1,0,1,4,0,0,0,1,0,0,0,51,43.6,33.0,122.0,19.4,1,11,2,14,3,1.56,0.40,1.96,4.29,,,,,,,[],394,42,349,43,185,40,349,42,0.43,0.0,0.11,0.54,1.19,1.11,23,8,182,21,372,42,191,31,0.83,0.28,3.88,115781,Newcastle,3,1160,1220,1170,1180,1150,1260,12,15,3,4,False,Liverpool,24,1876.20507812,Liverpool,Newcastle,,,,-0.276786513671414
140,True,True,100.0,100.0,502500,0,0,12,-12,5,4,7.0,7.0,2,Igor Thiago,7.0,136,True,,2025-12-18T01:30:08.634916Z,72,502500.jpg,5.4,False,Nascimento Rodrigues,37.1,False,,a,5,94,124,7567589,101264,3066924,217324,1.0,17.2,Thiago,30.0,2024-07-01,2001-06-26,False,p502500,1932,16,1,5,30,0,0,1,4,0,0,18,512,690.8,201.6,786.0,167.8,46,49,19,114,22,13.19,0.86,14.05,29.81,,,,,2.0,,[],4,2,125,6,2,2,3,2,0.61,0.0,0.04,0.65,1.39,1.4,34,14,3,1,9,2,5,2,1.02,0.23,5.31,4772731,Brentford,3,1135,1175,1100,1110,1170,1240,2,5,3,3,False,Aston Villa,24,1841.53430176,Aston Villa,Brentford,,,,0.4232130799031418
142,True,True,100.0,100.0,49262,0,0,-3,3,0,1,0.0,0.0,0,Jason,0.0,138,False,,,42,49262.jpg,0.0,False,Steele,0.2,False,,a,6,36,0,9170,134,37676,206,0.0,0.0,Steele,241.0,2018-07-01,1990-08-18,False,p49262,0,0,0,0,0,0,0,0,0,0,0,0,0,0.0,0.0,0.0,0.0,0,0,0,0,0,0.00,0.00,0.00,0.00,,,,,,,[],609,84,602,73,569,58,610,84,0.0,0.0,0.0,0.0,0.0,0.0,619,31,544,78,618,84,340,47,0.0,0.0,0.0,25729,Brighton,3,1150,1160,1090,1110,1210,1210,6,9,2,3,True,Everton,24,1838.91809082,Brighton,Everton,,,,-0.6085044614268027
143,True,True,100.0,100.0,489639,0,0,0,0,2,1,3.2,3.2,1,Bart,3.2,139,False,,,45,489639.jpg,3.1,False,Verbruggen,5.9,False,,a,6,36,71,620319,14987,730586,18508,0.7,15.8,Verbruggen,152.0,2023-07-03,2002-08-18,False,p489639,2070,0,0,5,31,1,1,0,3,0,64,4,369,569.4,10.0,0.0,57.9,20,209,1,0,23,0.00,0.01,0.01,33.01,,,,,,,[],14,3,406,7,663,75,163,3,0.0,2.78,0.0,0.0,1.44,1.35,440,25,142,14,167,16,67,11,1.0,0.22,0.0,759006,Brighton,3,1150,1160,1090,1110,1210,1210,6,9,2,3,True,Everton,24,1838.91809082,Brighton,Everton,,,,-0.08162454058575548
144,True,True,100.0,100.0,209288,0,0,-1,1,0,1,0.0,0.0,0,Tom,0.0,140,False,,,39,209288.jpg,0.0,False,McGill,0.3,False,,a,6,36,0,16789,142,26138,277,0.0,0.0,McGill,39.0,2021-02-02,2000-03-25,False,p209288,0,0,0,0,0,0,0,0,0,0,0,0,0,0.0,0.0,0.0,0.0,0,0,0,0,0,0.00,0.00,0.00,0.00,,,,,,,[],518,43,509,30,472,15,518,43,0.0,0.0,0.0,0.0,0.0,0.0,739,76,449,37,527,43,305,41,0.0,0.0,0.0,38594,Brighton,3,1150,1160,1090,1110,1210,1210,6,9,2,3,True,Everton,24,1838.91809082,Brighton,Everton,,,,-0.21778833834183614
145,True,True,100.0,100.0,204120,0,0,-3,3,0,2,1.5,1.5,5,Olivier,1.5,143,False,,,42,204120.jpg,3.0,False,Boscagli,0.1,False,,a,6,36,15,5027,250,11815,94,0.4,3.6,Boscagli,73.0,2025-07-02,1997-11-18,False,p204120,230,0,1,1,2,0,0,0,1,0,0,2,61,68.2,37.1,12.0,11.8,15,15,4,19,3,0.05,0.19,0.24,3.49,,,,,,,[],363,138,340,118,374,134,382,136,0.02,0.0,0.07,0.09,1.37,0.78,625,145,265,99,184,71,502,181,1.17,0.39,7.43,12865,Brighton,3,1150,1160,1090,1110,1210,1210,6,9,2,3,True,Everton,24,1838.91809082,Brighton,Everton,,,,-0.40304001900011877
146,True,True,100.0,100.0,550090,0,0,-3,3,0,2,0.0,0.0,0,Diego,0.0,144,False,,,42,550090.jpg,2.0,False,Coppola,0.1,False,,a,6,36,10,2728,31,7318,44,0.0,2.4,Coppola,106.0,2025-06-17,2003-12-28,False,p550090,193,0,0,1,3,0,0,0,2,0,0,0,32,42.4,3.7,2.0,4.8,16,6,2,18,2,0.00,0.01,0.01,4.52,,,,,,,[],396,152,433,159,423,160,429,156,0.0,0.0,0.0,0.0,2.11,1.4,639,153,556,234,316,121,570,207,0.93,0.47,8.39,12865,Brighton,3,1150,1160,1090,1110,1210,1210,6,9,2,3,True,Everton,24,1838.91809082,Brighton,Everton,,,,-0.45689826796735017
147,True,True,100.0,100.0,465730,0,0,-2,2,1,2,0.8,0.8,1,Maxim,0.8,145,False,,2025-09-13T21:30:07.998380Z,43,465730.jpg,2.6,False,De Cuyper,2.0,False,,a,6,36,50,243958,944,675122,8389,0.2,11.6,De Cuyper,21.0,2025-07-05,2000-12-22,False,p465730,977,2,0,3,17,0,0,0,2,0,0,6,187,199.4,299.0,118.0,61.7,28,46,16,44,12,1.34,1.98,3.32,18.77,3.0,,6.0,,,,[],225,90,64,12,190,42,148,47,0.12,0.0,0.18,0.3,1.73,1.57,582,134,319,117,240,95,133,52,1.11,0.28,4.05,257290,Brighton,3,1150,1160,1090,1110,1210,1210,6,9,2,3,True,Everton,24,1838.91809082,Brighton,Everton,,,,-0.46912564738651696
148,True,True,100.0,100.0,83299,0,0,0,0,0,2,3.5,3.5,3,Lewis,3.5,146,False,,2025-12-13T19:30:10.698808Z,45,83299.jpg,2.4,False,Dunk,0.9,False,,a,6,36,53,133090,2192,179694,1611,0.8,11.8,Dunk,241.0,2009-07-01,1991-11-21,False,p83299,1935,0,1,4,30,0,0,0,8,0,0,0,270,430.2,90.6,115.0,63.8,137,93,23,160,21,0.91,0.42,1.33,30.77,,,1.0,,,,[],58,27,235,67,192,44,141,45,0.04,0.0,0.02,0.06,1.43,1.4,404,72,108,40,268,106,190,73,0.98,0.19,7.44,115781,Brighton,3,1150,1160,1090,1110,1210,1210,6,9,2,3,True,Everton,24,1838.91809082,Brighton,Everton,,,,-0.14899739117090388
149,True,True,100.0,100.0,231416,0,0,-1,1,0,2,3.5,3.5,1,Ferdi,3.5,148,False,,,44,231416.jpg,2.7,False,Kadıoğlu,0.4,False,,a,6,36,59,66737,2488,48972,2215,0.8,13.4,F.Kadıoğlu,219.0,2024-08-27,1999-10-07,False,p231416,1780,0,1,5,26,0,0,0,4,0,0,4,282,293.2,284.7,144.0,72.5,60,81,37,97,19,1.35,2.09,3.44,28.56,2.0,,,,,,[],149,62,75,16,148,28,105,32,0.07,0.0,0.11,0.18,1.44,1.31,523,107,81,31,225,87,284,108,0.96,0.25,4.9,51458,Brighton,3,1150,1160,1090,1110,1210,1210,6,9,2,3,True,Everton,24,1838.91809082,Brighton,Everton,,,,0.1535317045346516
150,True,True,100.0,100.0,223434,0,0,0,0,0,2,0.0,0.0,0,Igor Julio,0.0,149,False,,2025-12-29T18:00:08.845429Z,45,223434.jpg,1.5,False,dos Santos de Paulo,0.1,False,,a,6,36,6,8038,148,9246,165,0.0,1.3,Igor,30.0,2023-07-26,1998-02-07,False,p223434,103,0,0,0,3,0,0,0,0,0,0,0,10,25.8,10.6,0.0,3.6,13,3,0,13,1,0.00,0.00,0.00,4.66,,,,,,,[],418,158,399,147,647,251,439,160,0.0,0.0,0.0,0.0,4.07,2.62,418,81,625,247,390,145,516,185,0.87,0.0,11.36,12865,Brighton,3,1150,1160,1090,1110,1210,1210,6,9,2,3,True,Everton,24,1838.91809082,Brighton,Everton,,,,-0.0698912288822032
151,True,True,100.0,100.0,469142,0,0,0,0,1,2,4.0,4.0,1,Jan Paul,4.0,151,False,,2025-12-23T17:00:10.606727Z,45,469142.jpg,3.9,False,van Hecke,4.3,False,,a,6,36,85,848598,17678,451666,24218,0.9,18.9,Van Hecke,152.0,2020-09-10,2000-06-08,False,p469142,1980,3,2,4,31,1,0,0,6,0,0,6,325,656.2,132.1,224.0,101.5,151,69,32,183,22,2.05,0.70,2.74,31.63,,,,,,,[],6,2,180,47,83,7,47,5,0.09,0.0,0.03,0.12,1.44,1.41,436,87,109,41,77,30,80,26,1.0,0.18,8.32,553174,Brighton,3,1150,1160,1090,1110,1210,1210,6,9,2,3,True,Everton,24,1838.91809082,Brighton,Everton,,,,0.3052703143361656
152,True,True,100.0,100.0,111478,0,0,-2,2,0,2,2.0,2.0,0,Joël,2.0,152,False,,2025-10-02T13:00:07.706508Z,43,111478.jpg,2.4,False,Veltman,0.2,False,,a,6,36,29,20565,607,32318,632,0.5,6.7,Veltman,152.0,2020-07-29,1992-01-15,False,p111478,673,1,0,1,10,0,0,0,3,0,0,1,113,189.0,68.2,59.0,31.7,48,28,27,75,7,0.99,0.10,1.09,11.80,,,,,,,[],239,98,276,87,278,84,287,96,0.13,0.0,0.01,0.14,1.58,1.34,567,122,80,30,267,105,406,148,0.94,0.13,10.03,25729,Brighton,3,1150,1160,1090,1110,1210,1210,6,9,2,3,True,Everton,24,1838.91809082,Brighton,Everton,,,,-0.22224533403929428
153,True,True,100.0,100.0,547720,0,0,-2,2,0,2,0.0,0.0,0,Charlie,0.0,156,False,,,38,547720.jpg,0.0,False,Tasker,0.1,False,,a,6,36,0,9763,228,15472,198,0.0,0.0,Tasker,241.0,2025-03-28,2006-02-24,False,p547720,0,0,0,0,0,0,0,0,0,0,0,0,0,0.0,0.0,0.0,0.0,0,0,0,0,0,0.00,0.00,0.00,0.00,,,,,,,[],503,190,493,190,455,181,503,189,0.0,0.0,0.0,0.0,0.0,0.0,798,254,432,170,512,190,411,151,0.0,0.0,0.0,12865,Brighton,3,1150,1160,1090,1110,1210,1210,6,9,2,3,True,Everton,24,1838.91809082,Brighton,Everton,,,,-0.22623340598375272
154,True,True,100.0,100.0,451340,0,0,-4,4,0,3,3.8,3.8,2,Mitoma,3.8,157,False,,2025-12-27T22:00:11.277770Z,61,451340.jpg,2.9,False,Kaoru,2.1,False,,a,6,36,38,250069,6038,798811,5540,0.6,6.2,Mitoma,108.0,2021-08-09,1997-05-20,False,p451340,923,2,1,2,12,0,0,0,2,0,0,2,136,172.0,243.8,195.0,60.7,12,28,7,47,10,1.64,1.50,3.14,13.67,,,,,,,[],248,105,93,70,104,62,153,85,0.16,0.0,0.15,0.31,1.33,1.17,82,54,119,53,204,88,125,43,0.98,0.2,4.58,270155,Brighton,3,1150,1160,1090,1110,1210,1210,6,9,2,3,True,Everton,24,1838.91809082,Brighton,Everton,,,,-0.5231694760125086
155,True,True,100.0,100.0,463067,0,0,-4,4,0,3,3.0,3.0,1,Georginio,3.0,158,False,,2025-11-30T22:30:09.146377Z,56,463067.jpg,3.0,False,Rutter,0.5,False,,a,6,36,62,125951,909,229599,3620,0.5,11.1,Georginio,73.0,2024-08-19,2002-04-20,False,p463067,1362,2,4,6,15,1,0,0,2,0,0,2,211,239.2,251.3,334.0,82.4,30,44,20,94,16,1.91,2.03,3.94,18.16,,,,,,,[],188,79,89,66,44,26,82,50,0.13,0.0,0.13,0.26,1.2,0.99,132,81,160,67,191,82,258,87,1.06,0.4,6.21,64323,Brighton,3,1150,1160,1090,1110,1210,1210,6,9,2,3,True,Everton,24,1838.91809082,Brighton,Everton,,,,-0.29151455491492057
156,True,True,25.0,25.0,109345,0,0,-2,2,0,3,0.0,0.0,0,Solly,0.0,159,False,Lack of match fitness - 25% chance of playing,2025-08-10T18:00:05.450301Z,58,109345.jpg,0.0,False,March,0.0,False,,d,6,36,0,655,12,2463,9,0.0,0.0,March,241.0,2012-07-01,1994-07-20,False,p109345,0,0,0,0,0,0,0,0,0,0,0,0,0,0.0,0.0,0.0,0.0,0,0,0,0,0,0.00,0.00,0.00,0.00,,,,,,,[],796,354,796,354,794,353,796,354,0.0,0.0,0.0,0.0,0.0,0.0,105,67,792,353,796,354,739,316,0.0,0.0,0.0,0,Brighton,3,1150,1160,1090,1110,1210,1210,6,9,2,3,True,Everton,24,1838.91809082,Brighton,Everton,,,,-0.5798588838999359
157,True,True,100.0,100.0,592031,0,0,-2,2,0,3,0.5,0.5,1,Yankuba,0.5,160,False,,2025-12-31T00:00:09.377936Z,58,592031.jpg,3.9,False,Minteh,2.7,False,,a,6,36,81,1901894,4818,1743251,21454,0.1,14.0,Minteh,78.0,2024-07-01,2004-07-22,False,p592031,1576,1,8,6,24,0,0,0,0,0,0,6,303,304.2,437.6,450.0,119.5,20,64,33,117,18,2.86,2.78,5.64,23.62,1.0,,,,,,[],137,47,24,23,22,10,26,21,0.16,0.0,0.16,0.32,1.35,1.37,114,72,277,121,83,37,111,34,1.03,0.34,6.68,347342,Brighton,3,1150,1160,1090,1110,1210,1210,6,9,2,3,True,Everton,24,1838.91809082,Brighton,Everton,,,,0.04352172547319791
158,True,True,75.0,100.0,513433,0,0,-1,1,0,3,1.1,1.5,0,Brajan,1.5,162,False,Knock - 75% chance of playing,2026-01-24T19:00:08.663125Z,54,513433.jpg,1.9,False,Gruda,0.1,False,,d,6,36,35,16457,44,17786,411,0.3,6.5,Gruda,80.0,2024-08-14,2004-05-31,False,p513433,708,1,1,2,11,0,0,0,2,0,0,2,114,134.4,217.1,152.0,50.0,4,40,14,58,8,1.86,0.88,2.74,13.82,,,,,,,[],287,129,110,78,137,80,199,105,0.24,0.0,0.11,0.35,1.76,1.4,180,112,259,111,339,149,551,201,1.02,0.25,7.37,12865,Brighton,3,1150,1160,1090,1110,1210,1210,6,9,2,3,True,Everton,24,1838.91809082,Brighton,Everton,,,,-0.038810851852933446
159,True,True,100.0,100.0,532529,0,0,-4,4,0,3,1.8,1.8,0,Jack,1.8,163,False,,2025-09-13T21:30:08.019508Z,51,532529.jpg,2.8,False,Hinshelwood,0.0,False,,a,6,36,36,8201,130,15572,233,0.4,7.1,Hinshelwood,241.0,2022-12-30,2005-04-11,False,p532529,655,1,2,1,13,0,0,0,0,0,0,2,141,132.6,56.1,93.0,28.4,23,33,9,65,7,0.70,0.34,1.04,15.67,,,,,,,[],289,131,305,173,227,124,301,144,0.1,0.0,0.05,0.15,2.15,1.79,240,147,243,105,216,94,581,217,0.96,0.14,8.93,0,Brighton,3,1150,1160,1090,1110,1210,1210,6,9,2,3,True,Everton,24,1838.91809082,Brighton,Everton,,,,-0.3100576284019686
160,True,True,100.0,100.0,509416,0,0,-2,2,2,3,7.0,7.0,11,Yasin,7.0,166,False,,2025-12-04T09:30:08.531025Z,48,509416.jpg,3.9,False,Ayari,0.6,False,,a,6,36,77,121692,30202,72384,3463,1.5,16.0,Ayari,206.0,2023-01-30,2003-10-06,False,p509416,1609,3,2,5,20,0,0,0,0,0,0,6,325,288.2,200.9,204.0,69.4,45,105,41,191,17,2.54,0.95,3.49,23.37,4.0,,5.0,,,,[],153,58,126,90,96,59,116,64,0.14,0.0,0.05,0.19,1.31,1.12,371,232,7,3,79,33,225,77,0.95,0.28,10.68,77187,Brighton,3,1150,1160,1090,1110,1210,1210,6,9,2,3,True,Everton,24,1838.91809082,Brighton,Everton,,,,0.2540654176714277
161,True,True,100.0,100.0,535301,0,0,-5,5,0,3,1.2,1.2,4,Carlos,1.2,167,False,,2026-01-15T20:30:09.550299Z,45,535301.jpg,1.7,False,Baleba,1.3,False,,a,6,36,30,156082,2572,527734,1189,0.3,6.7,Baleba,38.0,2023-08-29,2004-01-03,False,p535301,998,0,0,4,14,0,0,0,4,0,0,0,120,76.6,74.6,23.0,17.4,39,58,22,119,15,0.36,0.24,0.60,13.96,,,,,,,[],350,156,263,158,348,181,357,168,0.03,0.0,0.02,0.05,1.26,1.26,456,276,287,127,363,160,161,56,1.35,0.36,10.73,167239,Brighton,3,1150,1160,1090,1110,1210,1210,6,9,2,3,True,Everton,24,1838.91809082,Brighton,Everton,,,,-0.5434970810861401
282,True,True,100.0,100.0,536916,0,0,-4,4,0,3,-1.0,0.0,0,Facundo,0.0,168,False,,2026-01-16T15:16:37.873087Z,46,536916.jpg,0.5,False,Buonanotte,0.1,False,,a,11,2,1,13327,350,26642,272,0.0,0.2,Buonanotte,10.0,2026-01-15,2004-12-23,False,p536916,50,0,0,0,1,0,0,0,1,0,0,0,4,6.0,25.4,13.0,4.5,1,3,1,5,1,0.04,0.10,0.14,0.55,,,,,,,"[{'property': 'loan_ineligible', 'notes': 'This player will not be available to face their parent club in Gameweek 37 as part of their loan conditions.', 'gameweek': 37, 'url': None}]",450,204,365,188,373,188,434,196,0.07,0.0,0.18,0.25,0.99,1.8,399,247,692,285,493,232,482,169,1.8,0.0,9.0,12865,Leeds,3,1095,1145,1080,1100,1110,1190,11,1,4,3,True,Arsenal,24,1751.14916992,Leeds,Arsenal,,,,-0.33313317821311517
162,True,True,100.0,100.0,514254,0,0,-1,1,1,3,2.2,2.2,2,Diego,2.2,169,False,,2025-12-13T19:30:10.729938Z,49,514254.jpg,2.7,False,Gómez Amarilla,0.2,False,,a,6,36,56,74472,695,61702,1339,0.4,11.4,Gomez,168.0,2025-01-01,2003-03-27,False,p514254,1413,3,0,4,22,0,0,0,5,0,0,5,238,285.6,243.2,301.0,83.0,30,64,51,145,17,4.45,1.18,5.63,21.84,,,3.0,,,,[],156,60,94,71,53,32,80,48,0.28,0.0,0.08,0.36,1.39,1.4,339,209,192,81,228,100,367,123,1.08,0.25,9.24,25729,Brighton,3,1150,1160,1090,1110,1210,1210,6,9,2,3,True,Everton,24,1838.91809082,Brighton,Everton,,,,0.09377707932498128
163,True,True,100.0,100.0,15157,0,0,-1,1,0,3,0.8,0.8,1,James,0.8,170,False,,2025-10-28T21:00:08.282346Z,49,15157.jpg,1.6,False,Milner,0.1,False,,a,6,36,21,17084,184,22207,157,0.2,4.3,Milner,241.0,2023-07-01,1986-01-04,False,p15157,306,1,1,0,10,0,0,0,2,0,0,0,86,88.8,91.6,23.0,20.2,9,19,5,33,2,0.85,0.52,1.37,6.17,5.0,,,,1.0,,[],334,147,233,143,349,182,344,165,0.25,0.0,0.15,0.4,1.81,2.94,286,177,310,140,379,168,467,159,0.59,0.0,9.71,12865,Brighton,3,1150,1160,1090,1110,1210,1210,6,9,2,3,True,Everton,24,1838.91809082,Brighton,Everton,,,,-0.130386093507419
164,True,True,100.0,100.0,549074,0,0,-2,2,0,3,0.2,0.2,0,Tom,0.2,172,False,,2025-08-10T18:00:05.491553Z,48,549074.jpg,0.8,False,Watson,0.0,False,,a,6,36,5,2344,35,3653,64,0.0,1.0,Watson,241.0,2025-06-01,2006-04-08,False,p549074,57,0,0,0,2,0,0,0,1,0,0,0,15,6.0,2.4,7.0,1.6,0,4,1,5,0,0.04,0.03,0.07,1.72,,,,,,,[],451,205,438,210,401,196,456,208,0.06,0.0,0.05,0.11,2.72,3.16,373,234,394,183,490,231,627,248,0.0,0.0,7.89,0,Brighton,3,1150,1160,1090,1110,1210,1210,6,9,2,3,True,Everton,24,1838.91809082,Brighton,Everton,,,,-0.21827580456895115
165,True,True,100.0,100.0,567121,0,0,-1,1,0,3,0.0,0.0,0,Joe,0.0,175,False,,,44,567121.jpg,1.0,False,Knight,0.1,False,,a,6,36,1,10791,78,13599,133,0.0,0.2,Knight,241.0,2025-01-31,2005-09-21,False,p567121,1,0,0,0,0,0,0,0,0,0,0,0,3,0.0,0.0,0.0,0.0,0,0,0,0,0,0.00,0.00,0.00,0.00,,,,,,,[],659,252,655,256,630,245,660,253,0.0,0.0,0.0,0.0,0.0,0.0,551,330,609,222,450,201,510,182,0.0,0.0,0.0,12865,Brighton,3,1150,1160,1090,1110,1210,1210,6,9,2,3,True,Everton,24,1838.91809082,Brighton,Everton,,,,-0.11512915129151291
166,True,True,100.0,100.0,50175,0,0,-3,3,2,4,1.2,1.2,2,Danny,1.2,178,False,,2025-12-19T14:00:08.695558Z,62,50175.jpg,3.1,False,Welbeck,4.1,False,,a,6,36,68,1921804,20123,1991993,18718,0.2,11.0,Welbeck,241.0,2020-10-18,1990-11-26,False,p50175,1276,8,0,3,20,0,0,2,4,0,0,8,261,308.8,174.3,354.0,83.1,18,27,12,57,14,7.76,0.70,8.46,19.81,,,2.0,,2.0,,[],128,11,144,9,38,16,78,13,0.55,0.0,0.05,0.6,1.4,1.41,71,23,247,28,179,17,84,15,0.99,0.21,4.02,527445,Brighton,3,1150,1160,1090,1110,1210,1210,6,9,2,3,True,Everton,24,1838.91809082,Brighton,Everton,,,,-0.01793373544923255
167,True,True,100.0,100.0,647850,0,0,-2,2,0,4,3.2,3.2,0,Charalampos,3.2,181,False,,,48,647850.jpg,2.0,False,Kostoulas,0.4,False,,a,6,36,26,48043,1121,66689,1072,0.7,5.4,Kostoulas,83.0,2025-07-01,2007-05-30,False,p647850,182,2,1,1,4,0,0,0,2,0,0,3,109,115.0,71.1,161.0,34.6,1,17,8,26,1,1.37,0.21,1.58,2.68,,,,,,,[],305,30,272,27,129,32,270,32,0.68,0.0,0.1,0.78,1.33,1.98,375,63,157,18,320,32,290,46,0.49,0.49,12.86,51458,Brighton,3,1150,1160,1090,1110,1210,1210,6,9,2,3,True,Everton,24,1838.91809082,Brighton,Everton,,,,-0.1625178677265279
334,True,True,100.0,100.0,432720,0,0,-5,5,0,1,0.5,0.5,0,James,0.0,182,False,,,45,432720.jpg,3.7,False,Trafford,0.9,False,,a,13,43,11,99102,74,269049,827,0.0,2.4,Trafford,241.0,2025-07-29,2002-10-10,False,p432720,270,0,0,1,4,0,0,0,0,0,11,0,62,100.2,0.0,0.0,10.1,6,33,2,0,3,0.00,0.00,0.00,3.97,,,,,,,[],320,25,673,85,651,73,394,26,0.0,3.67,0.0,0.0,1.32,1.33,424,23,629,88,98,9,189,24,1.0,0.33,0.0,115781,Man City,4,1250,1305,1210,1230,1290,1380,18,13,4,3,False,Spurs,24,1982.90136719,Spurs,Man City,,,,-0.4616230840062909
62,True,True,100.0,100.0,518030,0,0,-2,2,0,1,0.0,0.0,0,Max,0.0,183,False,,,43,518030.jpg,0.0,False,Weiß,0.1,False,,a,3,90,0,6378,122,15918,170,0.0,0.0,Weiss,80.0,2025-06-25,2004-06-15,False,p518030,0,0,0,0,0,0,0,0,0,0,0,0,0,0.0,0.0,0.0,0.0,0,0,0,0,0,0.00,0.00,0.00,0.00,,,,,,,[],625,88,622,81,594,68,626,88,0.0,0.0,0.0,0.0,0.0,0.0,599,30,572,84,634,88,449,68,0.0,0.0,0.0,12865,Burnley,3,1055,1095,1010,1090,1100,1100,17,3,2,3,False,Sunderland,24,1687.70825195,Sunderland,Burnley,,,,-0.4278794402583423
63,True,True,100.0,100.0,51943,0,0,-1,1,0,1,0.0,0.0,0,Václav,0.0,185,False,,,39,51943.jpg,0.0,False,Hladký,0.2,False,,a,3,90,0,13795,94,18431,305,0.0,0.0,Hladký,57.0,2024-07-19,1990-11-14,False,p51943,0,0,0,0,0,0,0,0,0,0,0,0,0,0.0,0.0,0.0,0.0,0,0,0,0,0,0.00,0.00,0.00,0.00,,,,,,,[],509,34,499,20,462,5,509,34,0.0,0.0,0.0,0.0,0.0,0.0,727,66,439,28,518,34,394,59,0.0,0.0,0.0,25729,Burnley,3,1055,1095,1010,1090,1100,1100,17,3,2,3,False,Sunderland,24,1687.70825195,Sunderland,Burnley,,,,-0.14385899584186682
64,True,True,100.0,100.0,58621,0,0,-1,1,1,2,1.8,1.8,4,Kyle,1.8,187,False,,2025-12-06T20:00:09.097987Z,44,58621.jpg,2.2,False,Walker,1.1,False,,a,3,90,49,136735,1540,244858,1759,0.4,11.1,Walker,241.0,2025-07-05,1990-05-28,False,p58621,1966,0,2,3,41,0,0,0,7,0,0,3,147,342.0,135.1,22.0,50.1,107,102,34,141,22,0.12,0.89,1.01,44.86,,,,,,,[],105,47,176,44,352,119,198,63,0.01,0.0,0.04,0.05,2.05,1.88,512,98,252,96,295,113,174,66,1.01,0.14,6.45,141510,Burnley,3,1055,1095,1010,1090,1100,1100,17,3,2,3,False,Sunderland,24,1687.70825195,Sunderland,Burnley,,,,-0.28334639262250616
65,True,True,100.0,100.0,478969,0,0,-1,1,0,2,0.5,0.5,0,Hjalmar,0.5,190,False,,,39,478969.jpg,2.9,False,Ekdal,0.9,False,,a,3,90,44,245273,215,189660,2682,0.1,11.3,Ekdal,206.0,2023-01-21,1998-10-21,False,p478969,1179,0,0,2,24,0,0,0,0,0,0,2,121,273.8,43.1,78.0,39.5,113,31,19,132,13,0.21,0.24,0.45,22.73,,,,,,,[],164,68,329,112,247,70,252,87,0.02,0.0,0.02,0.04,1.74,1.83,754,221,283,103,194,75,194,74,0.99,0.15,10.08,115781,Burnley,3,1055,1095,1010,1090,1100,1100,17,3,2,3,False,Sunderland,24,1687.70825195,Sunderland,Burnley,,,,0.12786567126430967
66,True,True,100.0,100.0,477717,0,0,-1,1,0,2,2.0,2.0,3,Maxime,2.0,191,False,,2026-01-15T19:30:09.554033Z,39,477717.jpg,2.5,False,Estève,8.2,False,,a,3,90,50,707542,7049,1837579,17894,0.5,12.8,Estève,73.0,2024-06-14,2002-05-26,False,p477717,1699,0,0,2,40,2,0,0,0,0,0,0,164,408.2,68.4,64.0,54.3,166,60,23,189,20,0.41,0.46,0.87,41.40,,,,,,,[],70,31,275,86,269,78,180,58,0.02,0.0,0.02,0.04,2.19,2.12,753,220,234,88,253,99,50,16,1.06,0.11,10.01,1054889,Burnley,3,1055,1095,1010,1090,1100,1100,17,3,2,3,False,Sunderland,24,1687.70825195,Sunderland,Burnley,,,,-0.44400128716866505
67,True,True,100.0,100.0,494960,0,0,0,0,0,2,0.0,0.0,0,Quilindschy,0.0,192,False,,,40,494960.jpg,3.1,False,Hartman,0.7,False,,a,3,90,46,180225,486,159795,3432,0.0,11.5,Hartman,152.0,2025-06-26,2001-11-14,False,p494960,1337,0,5,2,28,0,0,0,1,0,0,0,170,305.4,228.9,57.0,59.2,73,49,31,104,15,0.19,1.51,1.70,30.28,1.0,,,,,,[],135,59,102,23,283,86,160,52,0.01,0.0,0.1,0.11,2.04,1.88,684,175,505,199,164,67,208,80,1.01,0.13,7.0,90052,Burnley,3,1055,1095,1010,1090,1100,1100,17,3,2,3,False,Sunderland,24,1687.70825195,Sunderland,Burnley,,,,0.06008470089994706
68,True,True,100.0,100.0,461188,0,0,-1,1,0,2,3.2,3.2,1,Bashir,3.2,193,False,,2025-12-05T17:00:09.488823Z,39,461188.jpg,3.3,False,Humphreys,0.1,False,,a,3,90,23,13814,1715,9456,876,0.8,5.9,Humphreys,241.0,2025-07-01,2003-03-15,False,p461188,527,0,1,1,10,0,0,0,2,0,0,1,99,137.4,21.3,24.0,18.2,43,18,11,54,5,0.16,0.10,0.26,12.03,,,,,,,[],281,109,374,135,345,115,355,125,0.03,0.0,0.02,0.05,2.05,1.71,748,217,123,45,138,55,431,160,0.85,0.17,9.22,12865,Burnley,3,1055,1095,1010,1090,1100,1100,17,3,2,3,False,Sunderland,24,1687.70825195,Sunderland,Burnley,,,,0.18727975934679844
69,True,True,100.0,100.0,549329,0,0,-2,2,0,2,1.8,1.8,1,Lucas,1.8,195,False,,2025-12-06T20:30:09.199109Z,38,549329.jpg,1.6,False,Pires Silva,0.3,False,,a,3,90,14,37695,2320,29088,1150,0.5,3.7,Lucas Pires,30.0,2024-07-16,2001-03-24,False,p549329,681,0,0,1,14,0,0,0,0,1,0,0,55,111.6,101.1,51.0,26.3,33,39,16,49,8,0.30,0.72,1.02,15.27,,,,,,,[],309,119,220,61,294,93,311,106,0.04,0.0,0.1,0.14,2.02,1.85,800,256,232,87,373,139,326,120,1.06,0.13,6.48,38594,Burnley,3,1055,1095,1010,1090,1100,1100,17,3,2,3,False,Sunderland,24,1687.70825195,Sunderland,Burnley,,,,0.12888010421813934
70,True,True,100.0,100.0,519895,0,0,-2,2,0,2,0.5,0.5,0,Oliver,0.5,197,False,,,38,519895.jpg,1.9,False,Sonne,0.3,False,,a,3,90,13,34463,109,24100,920,0.1,3.4,Sonne,169.0,2025-01-01,2000-11-10,False,p519895,164,1,0,0,4,0,0,0,0,0,0,0,20,44.8,18.1,30.0,9.2,5,4,2,7,1,0.55,0.08,0.63,3.79,,,,,,,[],393,150,380,138,332,108,402,145,0.3,0.0,0.04,0.34,2.08,2.2,794,250,330,119,328,123,330,122,0.55,0.0,3.84,38594,Burnley,3,1055,1095,1010,1090,1100,1100,17,3,2,3,False,Sunderland,24,1687.70825195,Sunderland,Burnley,,,,0.17695473251028807
71,True,True,100.0,100.0,180804,0,0,-1,1,0,2,2.8,2.8,7,Axel,2.8,198,False,,2025-12-04T09:51:41.164996Z,39,180804.jpg,2.9,False,Tuanzebe,1.0,False,,a,3,90,29,133618,1421,280589,898,0.7,7.4,Tuanzebe,50.0,2025-07-01,1997-11-14,False,p180804,886,1,0,1,20,0,0,0,1,0,0,0,84,221.0,8.9,52.0,28.4,81,27,11,92,10,0.61,0.11,0.72,24.20,,,,,,,[],200,81,413,151,292,91,299,101,0.06,0.0,0.01,0.07,2.46,2.03,738,211,184,67,193,74,182,71,1.02,0.1,9.35,128645,Burnley,3,1055,1095,1010,1090,1100,1100,17,3,2,3,False,Sunderland,24,1687.70825195,Sunderland,Burnley,,,,-0.35482500295745845
72,True,True,75.0,75.0,208912,0,0,-2,2,0,2,0.0,0.0,0,Joe,0.0,199,False,Lack of match fitness - 75% chance of playing,2026-01-22T20:00:06.979570Z,38,208912.jpg,1.2,False,Worrall,0.1,False,,d,3,90,7,17733,35,21485,229,0.0,1.8,Worrall,241.0,2024-08-23,1997-01-10,False,p208912,154,0,0,0,3,0,0,0,0,0,0,0,19,42.4,0.8,2.0,4.6,21,4,2,23,1,0.00,0.02,0.02,3.95,,,,,,,[],395,151,450,166,420,157,432,157,0.0,0.0,0.01,0.01,2.31,1.75,778,234,416,154,421,153,413,152,0.58,0.0,13.44,12865,Burnley,3,1055,1095,1010,1090,1100,1100,17,3,2,3,False,Sunderland,24,1687.70825195,Sunderland,Burnley,,,,-0.09567035544902851
73,True,True,100.0,100.0,444180,0,0,-4,4,2,3,3.0,3.0,2,Jaidon,3.0,200,False,,2025-10-07T11:30:07.662899Z,51,444180.jpg,3.3,False,Anthony,1.9,False,,a,3,90,73,1197237,2448,1056174,5469,0.6,14.3,Anthony,241.0,2025-07-01,1999-12-01,False,p444180,1431,5,2,3,29,0,0,0,3,0,0,5,286,342.6,271.8,308.0,92.2,29,79,26,134,17,2.86,1.51,4.37,32.45,2.0,,,,,,[],103,34,81,59,50,29,59,39,0.18,0.0,0.09,0.27,2.04,1.82,234,144,176,76,143,62,137,45,1.07,0.19,8.43,244426,Burnley,3,1055,1095,1010,1090,1100,1100,17,3,2,3,False,Sunderland,24,1687.70825195,Sunderland,Burnley,,,,0.06259976542228649
74,True,True,100.0,100.0,179458,0,0,-2,2,0,3,0.2,0.2,0,Jacob,0.2,202,False,,2025-09-14T22:00:08.065375Z,53,179458.jpg,1.7,False,Bruun Larsen,0.0,False,,a,3,90,31,5422,53,7923,95,0.0,5.8,Bruun Larsen,58.0,2025-07-11,1998-09-19,False,p179458,853,0,1,3,23,0,0,0,0,0,0,0,94,104.6,175.9,123.0,40.3,16,27,11,54,9,1.18,1.05,2.23,20.04,3.0,,1.0,,3.0,,[],315,139,143,101,180,106,246,121,0.12,0.0,0.11,0.23,2.11,2.43,189,116,354,157,366,162,618,240,0.95,0.32,5.7,0,Burnley,3,1055,1095,1010,1090,1100,1100,17,3,2,3,False,Sunderland,24,1687.70825195,Sunderland,Burnley,,,,-0.18741101536155863
75,True,True,100.0,100.0,578614,0,0,-3,3,0,3,0.0,0.0,0,Enock,0.0,203,False,,,47,578614.jpg,0.0,False,Agyei,0.0,False,,a,3,90,0,3435,63,6559,105,0.0,0.0,Boateng,21.0,2023-01-30,2005-01-13,False,p578614,0,0,0,0,0,0,0,0,0,0,0,0,0,0.0,0.0,0.0,0.0,0,0,0,0,0,0.00,0.00,0.00,0.00,,,,,,,[],742,315,737,315,723,310,741,314,0.0,0.0,0.0,0.0,0.0,0.0,390,244,698,288,742,315,590,222,0.0,0.0,0.0,0,Burnley,3,1055,1095,1010,1090,1100,1100,17,3,2,3,False,Sunderland,24,1687.70825195,Sunderland,Burnley,,,,-0.31258755253151893
76,True,True,100.0,100.0,174592,0,0,-3,3,0,3,4.2,4.2,2,Marcus,4.2,206,False,,,47,174592.jpg,2.5,False,Edwards,0.1,False,,a,3,90,32,16079,1320,15584,925,0.9,6.8,Edwards,241.0,2025-07-01,1998-12-03,False,p174592,571,1,2,1,8,0,0,0,0,0,0,2,121,136.0,208.8,129.0,47.2,4,25,6,35,5,0.81,1.49,2.30,12.15,,,3.0,,,,[],285,128,116,83,174,100,209,107,0.13,0.0,0.23,0.36,1.92,1.26,380,237,66,26,260,109,459,156,0.79,0.16,5.52,12865,Burnley,3,1055,1095,1010,1090,1100,1100,17,3,2,3,False,Sunderland,24,1687.70825195,Sunderland,Burnley,,,,0.0156333891292676
77,True,True,100.0,100.0,465527,0,0,-3,3,0,3,0.5,0.5,1,Hannibal,0.5,207,False,,2025-12-06T01:00:07.884430Z,47,465527.jpg,1.5,False,Mejbri,0.1,False,,a,3,90,24,13410,207,22966,175,0.1,5.1,Hannibal,218.0,2024-08-28,2003-01-21,False,p465527,458,0,2,1,12,0,0,0,4,0,0,0,94,60.4,128.5,35.0,22.4,5,24,10,39,5,0.29,0.77,1.06,13.27,,,4.0,,,,[],376,165,183,121,322,168,331,161,0.06,0.0,0.15,0.21,2.61,2.36,387,241,345,152,391,172,475,163,0.98,0.2,7.66,12865,Burnley,3,1055,1095,1010,1090,1100,1100,17,3,2,3,False,Sunderland,24,1687.70825195,Sunderland,Burnley,,,,-0.26270068176819883
78,True,True,100.0,100.0,167887,0,0,-2,2,0,3,1.5,1.5,0,Josh,1.5,209,False,,,48,167887.jpg,2.1,False,Laurent,0.0,False,,a,3,90,42,5289,104,5149,222,0.3,8.8,Laurent,241.0,2024-08-30,1995-05-06,False,p167887,1079,1,0,1,27,0,0,0,4,0,0,1,173,216.4,81.6,68.0,36.7,59,36,29,124,11,0.43,0.24,0.67,25.22,,,,,,,[],204,87,254,153,261,141,262,128,0.04,0.0,0.02,0.06,2.1,2.25,352,221,110,48,307,134,594,226,0.92,0.08,10.34,0,Burnley,3,1055,1095,1010,1090,1100,1100,17,3,2,3,False,Sunderland,24,1687.70825195,Sunderland,Burnley,,,,0.013412531136232995
79,True,True,100.0,100.0,469272,0,0,-1,1,0,3,0.5,0.5,0,Loum,0.5,210,False,,,49,469272.jpg,1.9,False,Tchaouna,0.0,False,,a,3,90,33,4608,14,5579,71,0.1,6.7,Tchaouna,73.0,2025-07-02,2003-09-08,False,p469272,753,1,1,2,11,0,0,0,1,0,0,0,111,85.6,76.7,101.0,26.3,11,21,13,45,9,0.86,0.38,1.24,14.16,,,2.0,,,,[],336,149,261,157,215,119,312,150,0.1,0.0,0.05,0.15,1.69,1.31,334,207,311,141,336,148,622,244,1.08,0.24,5.38,0,Burnley,3,1055,1095,1010,1090,1100,1100,17,3,2,3,False,Sunderland,24,1687.70825195,Sunderland,Burnley,,,,-0.09531756159811525
80,True,True,100.0,100.0,551206,0,0,0,0,0,3,0.2,0.2,0,Jaydon,0.2,213,False,,,45,551206.jpg,1.0,False,Banel,0.0,False,,a,3,90,1,7472,38,8188,140,0.0,0.2,Banel,152.0,2025-02-03,2004-10-19,False,p551206,9,0,0,0,0,0,0,0,0,0,0,0,2,0.0,0.5,0.0,0.0,0,0,0,0,0,0.00,0.00,0.00,0.05,,,,,,,[],702,286,455,220,678,279,702,286,0.0,0.0,0.0,0.0,0.5,0.0,462,282,383,174,456,206,592,224,0.0,0.0,0.0,0,Burnley,3,1055,1095,1010,1090,1100,1100,17,3,2,3,False,Sunderland,24,1687.70825195,Sunderland,Burnley,,,,-0.045721583652618136
81,True,True,75.0,75.0,431639,0,0,-2,2,1,4,0.0,0.0,0,Zian,0.0,215,False,Lack of match fitness - 75% chance of playing,2026-01-22T20:00:07.015630Z,53,431639.jpg,2.8,False,Flemming,0.3,False,,d,3,90,42,142219,97,136351,1701,0.0,7.9,Flemming,152.0,2025-06-01,1998-08-01,False,p431639,660,5,0,2,10,0,0,0,3,0,0,3,157,209.0,58.6,207.0,46.8,15,10,6,31,8,3.15,0.16,3.31,13.86,,,,,1.0,,[],216,19,300,32,93,27,211,24,0.43,0.0,0.02,0.45,1.89,1.36,196,46,765,78,217,21,327,54,1.09,0.27,4.23,38594,Burnley,3,1055,1095,1010,1090,1100,1100,17,3,2,3,False,Sunderland,24,1687.70825195,Sunderland,Burnley,,,,0.021064723408837995
82,True,True,100.0,100.0,435973,0,0,-1,1,0,4,1.5,1.5,5,Lyle,1.5,217,False,,2025-12-13T14:30:11.187944Z,49,435973.jpg,2.6,False,Foster,0.8,False,,a,3,90,42,436268,2621,427138,1303,0.3,8.6,Foster,198.0,2023-01-25,2000-09-03,False,p435973,917,3,1,3,20,0,0,0,3,0,0,4,159,171.8,107.7,161.0,43.6,18,26,10,54,11,2.25,0.25,2.50,20.13,,,,,,,[],249,22,210,23,130,33,224,26,0.22,0.0,0.02,0.24,1.98,1.96,324,59,270,33,245,23,205,33,1.08,0.29,5.3,102916,Burnley,3,1055,1095,1010,1090,1100,1100,17,3,2,3,False,Sunderland,24,1687.70825195,Sunderland,Burnley,,,,0.010574399529306028
83,True,True,100.0,100.0,44699,0,0,-3,3,0,4,-0.2,-0.2,0,Ashley,-0.2,218,False,,,42,44699.jpg,1.0,False,Barnes,1.3,False,,a,3,90,1,179121,6939,301837,4354,0.0,0.2,Barnes,241.0,2025-01-02,1989-10-30,False,p44699,9,0,0,0,1,0,0,0,1,0,0,0,3,0.2,0.3,7.0,0.8,0,1,0,1,0,0.11,0.00,0.11,0.41,,,,,2.0,,[],482,59,460,57,397,54,464,54,1.1,0.0,0.0,1.1,4.1,10.0,618,86,543,46,439,52,160,25,0.0,0.0,10.0,167239,Burnley,3,1055,1095,1010,1090,1100,1100,17,3,2,3,False,Sunderland,24,1687.70825195,Sunderland,Burnley,,,,-0.25514909825806
172,True,True,100.0,100.0,215059,0,0,-1,1,2,1,4.0,4.0,3,Robert,4.0,220,False,,2026-01-04T21:30:12.078705Z,49,215059.jpg,4.0,False,Lynch Sánchez,14.3,False,,a,7,8,88,1402122,96575,2490910,28311,0.8,18.0,Sánchez,200.0,2023-08-05,1997-11-18,False,p215059,1894,0,1,9,24,0,0,0,2,1,59,7,378,526.2,50.0,0.0,57.3,19,187,0,0,22,0.00,0.02,0.02,30.12,,,,,,,[],24,7,314,1,739,84,168,4,0.0,2.8,0.0,0.0,1.43,1.14,310,13,85,8,67,4,24,3,1.05,0.43,0.0,1839624,Chelsea,3,1180,1190,1140,1160,1220,1220,7,19,2,3,True,West Ham,24,1882.60693359,Chelsea,West Ham,,,,-0.27967609821856076
173,True,True,100.0,0.0,508479,0,0,-2,2,0,1,0.5,0.0,0,Filip,0.5,221,False,,2026-01-22T01:30:07.050948Z,43,508479.jpg,1.5,False,Jörgensen,0.2,False,,a,7,8,3,14658,52,25171,460,0.1,0.7,Jörgensen,58.0,2024-07-30,2002-04-16,False,p508479,174,0,0,0,3,0,0,0,0,0,3,0,18,28.2,0.0,0.0,2.8,2,14,0,0,1,0.00,0.00,0.00,2.78,,,,,,,[],415,30,621,80,593,67,443,30,0.0,1.55,0.0,0.0,1.44,1.55,598,29,339,24,388,30,389,57,0.52,0.0,0.0,25729,Chelsea,3,1180,1190,1140,1160,1220,1220,7,19,2,3,True,West Ham,24,1882.60693359,Chelsea,West Ham,,,,-0.26395340078837026
174,True,True,100.0,100.0,471798,0,0,-1,1,0,1,0.0,0.0,0,Gabriel,0.0,223,False,,,39,471798.jpg,0.0,False,Słonina,0.1,False,,a,7,8,0,9651,64,11501,170,0.0,0.0,Slonina,229.0,2022-08-02,2004-05-15,False,p471798,0,0,0,0,0,0,0,0,0,0,0,0,0,0.0,0.0,0.0,0.0,0,0,0,0,0,0.00,0.00,0.00,0.00,,,,,,,[],526,48,517,35,480,20,526,48,0.0,0.0,0.0,0.0,0.0,0.0,752,81,457,42,535,48,450,69,0.0,0.0,0.0,12865,Chelsea,3,1180,1190,1140,1160,1220,1220,7,19,2,3,True,West Ham,24,1882.60693359,Chelsea,West Ham,,,,-0.08746217851739788
175,True,True,100.0,100.0,179268,0,0,0,0,0,2,1.5,1.5,4,Marc,1.5,224,False,,2025-12-28T21:30:08.615371Z,60,179268.jpg,3.7,False,Cucurella Saseta,16.1,False,,a,7,8,78,2469305,32625,3129607,18721,0.2,13.0,Cucurella,200.0,2022-08-05,1998-07-22,False,p179268,1705,0,2,9,20,0,0,0,4,1,0,5,354,344.4,319.7,134.0,79.7,87,79,39,126,20,0.72,2.27,2.99,25.95,,,,,,,[],102,45,55,9,165,34,87,21,0.04,0.0,0.12,0.16,1.37,1.06,86,3,279,102,105,38,22,7,1.06,0.48,6.65,2071185,Chelsea,3,1180,1190,1140,1160,1220,1220,7,19,2,3,True,West Ham,24,1882.60693359,Chelsea,West Ham,,,,-0.11793398431695301
176,True,True,100.0,100.0,225796,0,0,2,-2,1,2,3.8,3.8,6,Reece,3.8,225,False,,2026-01-15T00:00:09.589881Z,57,225796.jpg,4.4,False,James,11.1,False,,a,7,8,96,1942031,63073,1335812,20330,0.7,16.8,James,241.0,2019-05-15,1999-12-08,False,p225796,1525,2,5,7,16,0,0,0,4,0,0,9,398,404.6,394.0,87.0,88.7,65,80,40,105,16,0.86,2.29,3.15,24.16,2.0,,2.0,,,,[],71,32,34,2,235,64,66,12,0.05,0.0,0.14,0.19,1.43,0.94,119,11,117,44,41,18,41,14,0.94,0.41,6.2,1427960,Chelsea,3,1180,1190,1140,1160,1220,1220,7,19,2,3,True,West Ham,24,1882.60693359,Chelsea,West Ham,,,,0.1849444894096514
177,True,True,100.0,100.0,180736,0,0,6,-6,2,2,4.8,4.8,4,Trevoh,4.8,226,True,,2025-09-28T00:00:08.404840Z,56,180736.jpg,5.2,False,Chalobah,21.3,False,,a,7,8,114,4110016,199029,1778458,33353,0.9,20.4,Chalobah,241.0,2018-02-16,1999-07-05,False,p180736,1920,3,1,9,24,0,0,0,3,1,0,7,420,546.8,83.0,143.0,77.2,161,85,30,191,22,1.14,0.68,1.82,28.36,,,,,,,[],18,7,251,75,151,29,91,23,0.05,0.0,0.03,0.08,1.33,1.12,129,14,60,24,12,5,17,6,1.03,0.42,8.95,2740140,Chelsea,3,1180,1190,1140,1160,1220,1220,7,19,2,3,True,West Ham,24,1882.60693359,Chelsea,West Ham,,,,0.39595283939438297
178,True,True,100.0,100.0,482609,0,0,-1,1,2,2,1.2,1.2,1,Malo,1.2,228,False,,2026-01-15T00:00:09.616293Z,49,482609.jpg,3.7,False,Gusto,2.0,False,,a,7,8,74,413241,4981,402997,10272,0.2,15.1,Gusto,73.0,2023-01-28,2003-05-19,False,p482609,1232,2,2,6,15,0,0,0,1,1,0,7,286,281.2,203.5,118.0,60.2,45,77,31,76,13,1.23,0.83,2.06,22.24,,,,,,,[],157,65,120,30,191,43,155,49,0.09,0.0,0.06,0.15,1.62,1.1,335,55,272,101,100,35,132,51,0.95,0.44,5.55,257290,Chelsea,3,1180,1190,1140,1160,1220,1220,7,19,2,3,True,West Ham,24,1882.60693359,Chelsea,West Ham,,,,0.012550261075813671
179,True,True,100.0,100.0,242880,0,0,-1,1,0,2,1.5,1.5,4,Benoît,1.5,229,False,,2025-10-17T12:30:08.541306Z,44,242880.jpg,1.0,False,Badiashile Mukinayi,0.0,False,,a,7,8,7,5509,1551,4922,308,0.3,1.6,B.Badiashile,73.0,2023-01-05,2001-03-26,False,p242880,425,0,0,0,8,0,0,0,2,0,0,0,42,80.4,7.1,2.0,9.1,35,15,6,41,5,0.00,0.05,0.05,6.90,,,,,,,[],344,132,419,153,426,161,404,146,0.0,0.0,0.01,0.01,1.46,1.69,528,112,266,100,446,165,617,221,1.06,0.0,8.68,0,Chelsea,3,1180,1190,1140,1160,1220,1220,7,19,2,3,True,West Ham,24,1882.60693359,Chelsea,West Ham,,,,0.056274566196913046
180,True,True,100.0,100.0,444463,0,0,-1,1,0,2,0.2,0.2,1,Wesley,0.2,230,False,,2026-01-04T21:30:12.123677Z,44,444463.jpg,3.5,False,Fofana,0.4,False,,a,7,8,42,88023,1001,75819,3416,0.0,9.5,Fofana,73.0,2022-08-31,2000-12-17,False,p444463,806,0,0,4,9,0,0,0,2,0,0,3,183,247.6,15.3,22.0,28.5,102,44,13,115,9,0.25,0.07,0.32,13.31,,,,,,,[],181,73,385,140,353,120,298,100,0.03,0.0,0.01,0.04,1.49,1.0,533,115,308,111,121,44,273,101,1.0,0.45,12.84,51458,Chelsea,3,1180,1190,1140,1160,1220,1220,7,19,2,3,True,West Ham,24,1882.60693359,Chelsea,West Ham,,,,0.0744863954297433
181,True,True,100.0,100.0,577016,0,0,-2,2,1,2,1.0,1.0,0,Josh,1.0,233,False,,2025-09-24T11:30:08.237944Z,38,577016.jpg,3.4,False,Acheampong,1.2,False,,a,7,8,31,483376,1716,448743,4118,0.3,8.2,Acheampong,241.0,2024-03-10,2006-05-05,False,p577016,473,1,0,2,9,0,0,0,0,0,0,5,93,109.8,25.6,64.0,20.1,25,19,7,32,6,0.60,0.08,0.68,11.93,,,,,,,[],313,121,364,131,268,77,345,120,0.11,0.0,0.02,0.13,2.27,1.71,802,258,303,106,124,46,170,65,1.14,0.38,6.09,154374,Chelsea,3,1180,1190,1140,1160,1220,1220,7,19,2,3,True,West Ham,24,1882.60693359,Chelsea,West Ham,,,,0.03715512718869586
182,True,True,100.0,0.0,622758,0,0,0,0,0,2,0.0,0.0,0,Aarón,0.0,234,False,,2025-09-02T11:35:16.308555Z,40,622758.jpg,0.0,False,Anselmino,0.1,False,,a,7,8,0,1076,46,9925,24,0.0,0.0,Anselmino,10.0,2024-08-08,2005-04-29,False,p622758,0,0,0,0,0,0,0,0,0,0,0,0,0,0.0,0.0,0.0,0.0,0,0,0,0,0,0.00,0.00,0.00,0.00,,,,,,,[],603,239,596,239,562,234,603,238,0.0,0.0,0.0,0.0,0.0,0.0,720,204,537,224,612,239,565,204,0.0,0.0,0.0,12865,Chelsea,3,1180,1190,1140,1160,1220,1220,7,19,2,3,True,West Ham,24,1882.60693359,Chelsea,West Ham,,,,-0.8043814198709208
183,True,True,100.0,75.0,244851,0,0,-1,1,0,3,3.0,2.2,0,Cole,3.0,235,False,,2026-01-22T01:30:07.085135Z,104,244851.jpg,3.8,False,Palmer,11.6,False,,a,7,8,45,1530164,23110,6848934,88990,0.3,4.3,Palmer,241.0,2023-09-01,2002-05-06,False,p244851,753,4,1,2,10,0,0,0,2,0,0,1,161,197.6,117.5,219.0,53.3,13,39,11,63,10,3.54,0.38,3.92,14.63,,,1.0,,1.0,,[],226,96,199,130,86,53,184,97,0.42,0.0,0.05,0.47,1.75,1.2,3,2,79,35,97,47,37,13,1.2,0.24,7.53,1492283,Chelsea,3,1180,1190,1140,1160,1220,1220,7,19,2,3,True,West Ham,24,1882.60693359,Chelsea,West Ham,,,,-0.6347664151917068
184,True,True,100.0,100.0,247632,0,0,1,-1,1,3,3.2,3.2,3,Pedro,3.2,236,False,,2025-11-09T11:00:08.651575Z,71,247632.jpg,4.1,False,Lomba Neto,6.2,False,,a,7,8,94,1847129,23525,1629036,37886,0.5,13.2,Neto,173.0,2024-08-11,2000-03-09,False,p247632,1802,5,4,10,15,0,0,0,2,0,0,6,396,392.8,558.0,382.0,133.5,15,59,14,88,21,3.59,4.25,7.84,23.78,1.0,,4.0,,,,[],78,24,10,10,30,16,15,12,0.18,0.0,0.21,0.39,1.19,0.75,36,22,151,63,63,28,60,21,1.05,0.5,4.4,797599,Chelsea,3,1180,1190,1140,1160,1220,1220,7,19,2,3,True,West Ham,24,1882.60693359,Chelsea,West Ham,,,,0.06273954199527353
185,True,True,100.0,100.0,448047,1,-1,2,-2,2,3,6.5,6.5,8,Enzo,6.5,237,False,,2025-11-09T11:00:08.666360Z,67,448047.jpg,4.8,False,Fernández,16.8,False,,a,7,8,106,4145419,391347,2742773,25189,1.0,15.8,Enzo,10.0,2023-01-31,2001-01-17,False,p448047,1874,7,3,8,22,0,0,0,5,0,0,12,432,538.6,558.9,528.0,162.7,33,84,41,158,21,8.73,3.95,12.68,27.66,3.0,,3.0,,2.0,,[],19,5,9,9,11,5,5,3,0.42,0.0,0.19,0.61,1.33,1.06,48,30,2,1,26,11,20,8,1.01,0.38,7.59,2161237,Chelsea,3,1180,1190,1140,1160,1220,1220,7,19,2,3,True,West Ham,24,1882.60693359,Chelsea,West Ham,,,,0.2036305027502137
186,True,True,100.0,100.0,624773,0,0,-1,1,1,3,3.5,3.5,13,Estêvão,3.5,238,False,,2025-12-17T17:00:10.965534Z,64,624773.jpg,2.9,False,Almeida de Oliveira Gonçalves,2.4,False,,a,7,8,52,752234,70739,722097,6619,0.5,8.1,Estêvão,30.0,2025-07-14,2007-04-24,False,p624773,675,2,5,3,8,0,0,0,3,0,0,4,163,172.4,202.2,274.0,64.7,5,30,9,44,9,2.76,2.10,4.86,8.12,4.0,,,,3.0,,[],247,104,124,89,65,41,135,74,0.37,0.0,0.28,0.65,1.08,1.07,62,41,75,31,206,90,116,38,1.2,0.4,5.87,308748,Chelsea,3,1180,1190,1140,1160,1220,1220,7,19,2,3,True,West Ham,24,1882.60693359,Chelsea,West Ham,,,,0.020441135674417753
187,True,True,100.0,100.0,463936,0,0,-5,5,0,3,0.2,0.2,1,Jamie,0.2,239,False,,2026-01-15T00:00:09.647153Z,60,463936.jpg,1.6,False,Bynoe-Gittens,0.1,False,,a,7,8,24,16862,161,40360,178,0.0,4.0,Gittens,241.0,2025-07-05,2004-08-08,False,p463936,461,0,2,1,6,0,0,0,0,0,0,0,95,93.0,129.3,91.0,31.3,6,15,8,29,4,0.81,0.94,1.75,8.70,,,,,,,[],329,144,181,120,228,125,288,140,0.16,0.0,0.18,0.34,1.7,1.17,88,56,358,160,382,170,455,155,0.78,0.2,5.66,12865,Chelsea,3,1180,1190,1140,1160,1220,1220,7,19,2,3,True,West Ham,24,1882.60693359,Chelsea,West Ham,,,,-0.41064625493691237
188,True,True,100.0,100.0,486672,0,0,2,-2,1,3,2.8,2.8,2,Moisés,2.8,241,False,,2025-12-31T00:00:09.550966Z,57,486672.jpg,4.2,False,Caicedo Corozo,8.0,False,,a,7,8,76,3144519,17350,3053293,16251,0.5,13.3,Caicedo,62.0,2023-08-14,2001-11-02,False,p486672,1504,3,1,6,20,0,0,0,6,1,0,9,353,396.0,202.6,86.0,68.2,65,101,52,218,17,0.94,1.01,1.95,23.48,,,,,,,[],77,23,122,87,236,128,121,67,0.06,0.0,0.06,0.12,1.41,1.2,123,77,181,78,57,23,51,18,1.02,0.36,13.05,1029160,Chelsea,3,1180,1190,1140,1160,1220,1220,7,19,2,3,True,West Ham,24,1882.60693359,Chelsea,West Ham,,,,0.014719065373393061
228,True,True,100.0,75.0,215413,0,0,-1,1,3,3,0.2,0.2,1,Kiernan,0.2,242,False,,2025-12-13T19:30:10.843882Z,49,215413.jpg,4.8,False,Dewsbury-Hall,2.1,False,,a,9,11,76,1517291,10668,1793068,12520,0.0,15.5,Dewsbury-Hall,241.0,2025-08-06,1998-09-06,False,p215413,1302,4,3,6,16,0,0,0,5,0,0,10,295,293.6,323.9,189.0,80.6,28,57,28,113,15,1.59,2.80,4.39,17.72,2.0,,,,,,[],148,55,51,43,109,64,83,51,0.11,0.0,0.19,0.3,1.22,1.11,311,193,397,185,20,9,123,42,1.04,0.41,7.81,270155,Everton,3,1100,1130,1110,1130,1090,1130,6,9,2,3,False,Brighton,24,1796.4831543,Brighton,Everton,,,,-0.08330727875737949
189,True,True,100.0,100.0,550615,0,0,-2,2,0,3,0.0,0.0,0,Tyrique,0.0,243,False,,,48,550615.jpg,1.0,False,George,0.1,False,,a,7,8,4,6238,55,8797,83,0.0,0.8,George,241.0,2024-04-15,2006-02-04,False,p550615,142,0,0,1,2,0,0,0,2,0,0,0,2,8.2,7.0,56.0,7.1,0,1,2,3,0,0.32,0.08,0.40,1.65,,,,,,,[],446,202,421,205,287,151,416,187,0.2,0.0,0.05,0.25,1.05,1.27,374,235,707,294,469,218,554,203,0.0,0.63,1.9,12865,Chelsea,3,1180,1190,1140,1160,1220,1220,7,19,2,3,True,West Ham,24,1882.60693359,Chelsea,West Ham,,,,-0.17020285999334886
190,True,True,100.0,100.0,532605,0,0,0,0,0,3,1.5,1.5,3,Andrey,1.5,246,False,,2025-10-01T00:30:06.094463Z,45,532605.jpg,1.3,False,Nascimento dos Santos,0.3,False,,a,7,8,22,66537,757,74904,901,0.3,4.9,Andrey Santos,30.0,2023-01-07,2004-05-03,False,p532605,634,0,0,1,6,0,0,0,4,0,0,0,104,112.4,94.1,59.0,26.5,32,32,20,84,6,1.70,0.51,2.21,10.08,,,,,,,[],307,136,229,141,279,147,310,149,0.24,0.0,0.07,0.31,1.43,0.85,455,275,253,107,413,183,321,107,0.85,0.14,11.92,38594,Chelsea,3,1180,1190,1140,1160,1220,1220,7,19,2,3,True,West Ham,24,1882.60693359,Chelsea,West Ham,,,,-0.059155407555093645
191,True,True,100.0,100.0,475168,1,-1,-3,3,4,4,5.8,5.8,12,João Pedro,5.8,249,False,,,72,475168.jpg,4.5,False,Junqueira de Jesus,31.1,False,,a,7,8,104,5069259,507829,7875367,24320,0.8,14.4,João Pedro,30.0,2025-07-02,2001-09-26,False,p475168,1678,8,4,9,17,0,0,0,2,0,0,20,434,464.2,344.9,509.0,131.4,30,52,16,98,20,7.19,1.38,8.57,23.57,,,,,,,[],45,4,44,1,15,9,17,4,0.39,0.0,0.07,0.46,1.26,0.91,32,12,36,7,34,4,10,3,1.07,0.48,5.26,4000861,Chelsea,3,1180,1190,1140,1160,1220,1220,7,19,2,3,True,West Ham,24,1882.60693359,Chelsea,West Ham,,,,-0.21677783506452794
192,True,True,100.0,100.0,463034,0,0,-3,3,0,4,3.0,3.0,1,Liam,3.0,250,False,,2026-01-15T00:00:09.689137Z,62,463034.jpg,1.9,False,Delap,0.9,False,,a,7,8,26,95360,2145,446807,2622,0.5,4.2,Delap,241.0,2025-06-04,2003-02-08,False,p463034,592,1,1,2,10,0,0,0,2,0,0,1,87,54.0,47.0,225.0,32.0,7,13,1,21,8,2.47,0.17,2.64,8.92,,,,,,,[],383,40,321,35,82,24,285,34,0.38,0.0,0.03,0.41,1.36,1.52,76,25,149,17,340,35,188,30,1.22,0.3,3.19,115781,Chelsea,3,1180,1190,1140,1160,1220,1220,7,19,2,3,True,West Ham,24,1882.60693359,Chelsea,West Ham,,,,-0.6482264689662042
193,True,True,100.0,100.0,499309,0,0,-3,3,0,4,0.0,0.0,0,Marc,0.0,252,False,,2025-09-24T11:30:08.351112Z,42,499309.jpg,1.3,False,Guiu Paz,6.4,False,,a,7,8,12,1139050,7159,2555298,26066,0.0,2.9,Marc Guiu,200.0,2024-07-01,2006-01-04,False,p499309,247,0,1,0,2,0,0,0,1,0,0,0,19,24.6,38.8,81.0,12.6,4,3,0,7,1,1.46,0.29,1.75,5.65,,,,,,,[],420,46,337,41,241,45,377,45,0.53,0.0,0.11,0.64,2.06,0.73,635,87,552,47,410,48,59,11,0.36,0.0,2.55,823328,Chelsea,3,1180,1190,1140,1160,1220,1220,7,19,2,3,True,West Ham,24,1882.60693359,Chelsea,West Ham,,,,-0.3833553309000668
199,True,True,100.0,100.0,172649,0,0,0,0,1,1,3.0,3.0,1,Dean,3.0,253,False,,,50,172649.jpg,3.6,False,Henderson,7.5,False,,a,8,31,82,839582,4315,799638,21715,0.6,16.4,Henderson,241.0,2023-08-31,1997-03-12,False,p172649,2070,0,0,8,28,0,0,0,2,0,64,2,362,514.6,10.0,0.0,52.4,32,178,0,0,23,0.00,0.08,0.08,31.91,,,,,,,[],32,9,410,11,754,86,186,8,0.0,2.78,0.0,0.0,1.39,1.22,247,8,128,12,114,11,54,8,1.0,0.35,0.0,964838,Crystal Palace,3,1165,1205,1150,1150,1180,1260,16,8,3,3,False,Nott'm Forest,24,1799.60217285,Nott'm Forest,Crystal Palace,,,,0.024367687070679957
200,True,True,100.0,100.0,121709,0,0,0,0,0,1,0.0,0.0,0,Walter,0.0,254,False,,2025-09-19T14:49:12.216385Z,40,121709.jpg,0.0,False,Benítez,0.3,False,,a,8,31,0,12838,267,28832,286,0.0,0.0,Benitez,10.0,2025-07-01,1993-01-19,False,p121709,0,0,0,0,0,0,0,0,0,0,0,0,0,0.0,0.0,0.0,0.0,0,0,0,0,0,0.00,0.00,0.00,0.00,,,,,,,[],551,64,543,52,507,37,551,64,0.0,0.0,0.0,0.0,0.0,0.0,657,45,482,58,560,64,315,43,0.0,0.0,0.0,38594,Crystal Palace,3,1165,1205,1150,1150,1180,1260,16,8,3,3,False,Nott'm Forest,24,1799.60217285,Nott'm Forest,Crystal Palace,,,,-0.3838252939764819
201,True,True,100.0,100.0,169593,0,0,-1,1,0,1,0.0,0.0,0,Remi,0.0,255,False,,,39,169593.jpg,0.0,False,Matthews,0.1,False,,a,8,31,0,5361,67,7969,89,0.0,0.0,Matthews,241.0,2021-07-13,1994-02-10,False,p169593,0,0,0,0,0,0,0,0,0,0,0,0,0,0.0,0.0,0.0,0.0,0,0,0,0,0,0.00,0.00,0.00,0.00,,,,,,,[],517,42,508,29,471,14,517,42,0.0,0.0,0.0,0.0,0.0,0.0,737,75,448,36,526,42,470,72,0.0,0.0,0.0,12865,Crystal Palace,3,1165,1205,1150,1150,1180,1260,16,8,3,3,False,Nott'm Forest,24,1799.60217285,Nott'm Forest,Crystal Palace,,,,-0.19564891222805703
202,True,True,100.0,75.0,247348,0,0,3,-3,2,2,0.2,0.2,1,Daniel,0.2,256,False,,2025-12-08T08:00:09.019509Z,58,247348.jpg,6.0,False,Muñoz Mejía,6.1,False,,a,8,31,90,3233308,43980,3606305,17005,0.0,15.5,Muñoz,48.0,2024-01-30,1996-05-26,False,p247348,1335,3,3,7,14,0,0,0,4,0,0,7,294,346.8,132.7,240.0,71.7,74,56,33,107,15,1.78,2.01,3.79,19.01,,,,,,,[],100,44,179,46,73,4,110,35,0.12,0.0,0.14,0.26,1.28,0.94,108,9,408,149,4,2,63,22,1.01,0.47,7.21,784735,Crystal Palace,3,1165,1205,1150,1150,1180,1260,16,8,3,3,False,Nott'm Forest,24,1799.60217285,Nott'm Forest,Crystal Palace,,,,-0.05453481066838138
203,True,True,100.0,100.0,437499,0,0,1,-1,1,2,3.0,3.0,1,Maxence,3.0,257,False,,,51,437499.jpg,4.3,False,Lacroix,5.8,False,,a,8,31,100,1392251,15231,881750,35480,0.6,19.6,Lacroix,73.0,2024-08-30,2000-04-06,False,p437499,2070,0,2,8,28,0,0,0,3,0,0,4,376,526.8,72.6,140.0,73.9,198,66,44,242,23,1.32,0.61,1.93,31.91,,,,,,,[],23,9,269,83,155,31,100,29,0.06,0.0,0.03,0.09,1.39,1.22,233,33,131,48,50,22,70,24,1.0,0.35,10.52,746141,Crystal Palace,3,1165,1205,1150,1150,1180,1260,16,8,3,3,False,Nott'm Forest,24,1799.60217285,Nott'm Forest,Crystal Palace,,,,0.22449462423279498
204,True,True,100.0,100.0,244723,0,0,0,0,1,2,2.4,2.4,1,Tyrick,2.4,258,False,,,50,244723.jpg,3.7,False,Mitchell,2.1,False,,a,8,31,85,401511,2091,334231,7805,0.5,17.0,Mitchell,241.0,2019-12-15,1999-09-01,False,p244723,2038,1,0,8,28,0,0,0,5,0,0,5,303,415.0,285.0,142.0,84.3,99,113,65,164,23,0.86,1.32,2.18,31.91,,,,,,,[],66,29,74,15,153,30,76,18,0.04,0.0,0.06,0.1,1.41,1.24,256,39,175,63,102,36,127,48,1.02,0.35,7.24,270155,Crystal Palace,3,1165,1205,1150,1150,1180,1260,16,8,3,3,False,Nott'm Forest,24,1799.60217285,Nott'm Forest,Crystal Palace,,,,0.09144509896132068
205,True,True,100.0,100.0,218364,0,0,-2,2,0,2,0.6,0.6,1,Borna,0.6,259,False,,2025-11-27T10:00:06.850858Z,48,218364.jpg,1.0,False,Sosa,0.1,False,,a,8,31,5,9093,142,16570,146,0.1,1.0,Sosa,97.0,2025-07-11,1998-01-21,False,p218364,53,0,0,0,1,0,0,0,0,0,0,0,10,11.0,12.2,4.0,2.7,4,1,3,7,0,0.00,0.06,0.06,0.83,,,,,,,[],437,163,394,145,415,155,445,162,0.0,0.0,0.1,0.1,1.41,1.7,360,60,321,118,467,167,448,165,0.0,0.0,11.89,12865,Crystal Palace,3,1165,1205,1150,1150,1180,1260,16,8,3,3,False,Nott'm Forest,24,1799.60217285,Nott'm Forest,Crystal Palace,,,,-0.2913533102131473
335,True,True,100.0,100.0,209036,0,0,7,-7,3,2,3.7,3.7,6,Marc,3.2,260,False,,2026-01-17T10:30:09.463372Z,52,209036.jpg,5.3,False,Guéhi,37.5,False,,a,13,43,111,5439909,98042,2432204,92932,0.6,21.3,Guéhi,241.0,2026-01-19,2000-07-13,False,p209036,1890,2,4,8,23,0,0,0,4,0,0,8,403,515.8,153.5,233.0,90.3,139,93,30,169,21,2.01,1.70,3.71,28.23,,,,,,,[],29,12,160,40,77,6,63,11,0.1,0.0,0.08,0.18,1.34,1.1,209,28,116,43,10,3,4,2,1.0,0.38,8.05,4824189,Man City,4,1250,1305,1210,1230,1290,1380,18,13,4,3,False,Spurs,24,1982.90136719,Spurs,Man City,,,,0.3820708620417415
206,True,True,100.0,100.0,427623,0,0,-1,1,0,2,1.8,1.8,7,Chris,1.8,261,False,,2025-12-24T02:30:10.869906Z,44,427623.jpg,4.4,False,Richards,1.9,False,,a,8,31,84,775385,15976,720953,9526,0.4,19.1,Richards,229.0,2022-07-27,2000-03-28,False,p427623,1702,1,0,7,24,0,0,0,1,0,0,1,305,461.8,74.3,99.0,63.8,160,36,42,202,19,0.82,1.19,2.01,25.34,,,,,,,[],47,20,264,80,217,55,140,44,0.04,0.0,0.06,0.1,1.34,1.27,530,114,216,80,35,15,136,55,1.0,0.37,10.68,244426,Crystal Palace,3,1165,1205,1150,1150,1180,1260,16,8,3,3,False,Nott'm Forest,24,1799.60217285,Nott'm Forest,Crystal Palace,,,,0.03637680791372003
207,True,True,100.0,100.0,515621,0,0,0,0,0,2,0.8,0.8,4,Chadi,0.8,262,False,,2025-12-10T22:30:09.761507Z,40,515621.jpg,4.0,False,Riad Dnanou,0.0,False,,a,8,31,4,1848,285,2113,60,0.2,1.0,Chadi Riad,145.0,2024-07-02,2003-06-17,False,p515621,14,0,1,0,0,0,0,0,0,0,0,0,15,21.8,10.2,8.0,4.0,0,1,0,0,0,0.09,0.00,0.09,0.00,,,,,,,[],424,160,402,148,387,143,436,158,0.58,0.0,0.0,0.58,0.0,0.0,692,180,304,107,64,27,668,232,0.0,0.0,0.0,0,Crystal Palace,3,1165,1205,1150,1150,1180,1260,16,8,3,3,False,Nott'm Forest,24,1799.60217285,Nott'm Forest,Crystal Palace,,,,-0.06690229739964655
208,True,True,100.0,100.0,57328,0,0,-2,2,0,2,1.6,1.6,0,Nathaniel,1.6,263,False,,2026-01-04T21:30:12.231108Z,38,57328.jpg,2.0,False,Clyne,0.6,False,,a,8,31,14,84969,885,88954,2582,0.4,3.7,Clyne,241.0,2020-10-14,1991-04-05,False,p57328,418,0,1,0,8,0,0,0,0,0,0,2,50,74.4,46.3,31.0,15.1,22,15,12,34,6,0.43,0.56,0.99,5.77,,,,,,,[],355,135,322,108,331,107,367,131,0.09,0.0,0.12,0.21,1.24,1.72,774,231,231,86,314,119,232,87,1.29,0.0,7.32,77187,Crystal Palace,3,1165,1205,1150,1150,1180,1260,16,8,3,3,False,Nott'm Forest,24,1799.60217285,Nott'm Forest,Crystal Palace,,,,-0.022912438262909448
22,True,True,100.0,100.0,232413,0,0,-2,2,2,3,1.4,1.4,0,Eberechi,0.4,266,False,,,73,232413.jpg,3.8,False,Eze,8.2,False,,a,1,3,68,3228275,2512,3590757,26678,0.1,9.3,Eze,241.0,2025-08-23,1998-06-29,False,p232413,1046,4,3,6,7,0,0,0,1,0,0,6,262,256.8,176.9,287.0,72.0,14,42,12,68,12,2.54,1.67,4.21,6.40,,,,,,,[],178,73,141,99,59,37,107,60,0.22,0.0,0.14,0.36,0.55,0.6,26,17,364,166,94,44,49,17,1.03,0.52,5.85,1054889,Arsenal,5,1300,1375,1340,1400,1260,1350,11,1,4,3,False,Leeds,24,2052.35058594,Leeds,Arsenal,,,,-0.05315739829348212
209,True,True,100.0,100.0,232185,0,0,-2,2,1,3,0.4,0.4,2,Ismaïla,0.4,267,False,,2025-11-30T22:30:09.281464Z,63,232185.jpg,4.2,False,Sarr,2.0,False,,a,8,31,54,2236121,6795,2602581,2861,0.1,8.6,Sarr,189.0,2024-08-01,1998-02-25,False,p232185,1099,3,1,6,12,0,0,0,1,0,0,6,170,212.0,178.6,239.0,63.1,27,40,11,78,13,4.47,0.58,5.04,16.52,,,,,,,[],210,88,139,98,74,47,144,78,0.37,0.0,0.05,0.42,1.35,0.98,68,46,362,164,58,24,128,44,1.06,0.49,6.39,257290,Crystal Palace,3,1165,1205,1150,1150,1180,1260,16,8,3,3,False,Nott'm Forest,24,1799.60217285,Nott'm Forest,Crystal Palace,,,,-0.0757351868331631
210,True,True,100.0,100.0,108413,0,0,-3,3,0,3,2.4,2.4,1,Will,2.4,270,False,,2026-01-01T21:30:11.748759Z,47,108413.jpg,1.6,False,Hughes,0.1,False,,a,8,31,32,18217,257,21996,293,0.5,6.8,Hughes,241.0,2021-08-28,1995-04-17,False,p108413,971,0,1,4,12,0,0,0,4,0,0,0,154,127.4,202.9,63.0,39.4,35,42,17,94,11,0.72,1.08,1.80,15.42,5.0,,,,,,[],290,132,121,86,272,145,253,124,0.07,0.0,0.1,0.17,1.43,1.11,378,236,171,74,377,167,472,161,1.02,0.37,8.71,12865,Crystal Palace,3,1165,1205,1150,1150,1180,1260,16,8,3,3,False,Nott'm Forest,24,1799.60217285,Nott'm Forest,Crystal Palace,,,,-0.09397458533310124
211,True,True,100.0,100.0,152551,0,0,-1,1,0,3,1.2,1.2,1,Jefferson,1.2,272,False,,2026-01-04T21:30:12.323244Z,49,152551.jpg,1.8,False,Lerma Solís,0.1,False,,a,8,31,36,7996,138,11058,91,0.2,7.3,Lerma,48.0,2023-07-01,1994-10-25,False,p152551,931,0,2,4,11,0,0,0,5,0,0,1,145,148.4,120.4,146.0,41.5,47,52,11,110,9,0.84,0.73,1.57,12.90,,,,,,,[],269,118,195,129,146,85,238,118,0.08,0.0,0.07,0.15,1.25,1.06,291,179,269,116,351,155,549,199,0.87,0.39,10.63,12865,Crystal Palace,3,1165,1205,1150,1150,1180,1260,16,8,3,3,False,Nott'm Forest,24,1799.60217285,Nott'm Forest,Crystal Palace,,,,-0.16070116510968827
212,True,True,100.0,100.0,579075,0,0,-2,2,0,3,0.0,0.0,0,Asher,0.0,274,False,,,43,579075.jpg,0.0,False,Agbinone,0.1,False,,a,8,31,0,5754,226,7561,149,0.0,0.0,Agbinone,241.0,2024-07-30,2005-09-28,False,p579075,0,0,0,0,0,0,0,0,0,0,0,0,0,0.0,0.0,0.0,0.0,0,0,0,0,0,0.00,0.00,0.00,0.00,,,,,,,[],631,234,628,239,600,226,632,235,0.0,0.0,0.0,0.0,0.0,0.0,608,353,579,205,640,243,559,205,0.0,0.0,0.0,12865,Crystal Palace,3,1165,1205,1150,1150,1180,1260,16,8,3,3,False,Nott'm Forest,24,1799.60217285,Nott'm Forest,Crystal Palace,,,,-0.13571160345475028
213,True,True,100.0,100.0,489706,0,0,-2,2,0,3,1.6,1.6,0,Justin,1.6,276,False,,2025-12-12T00:00:10.165623Z,43,489706.jpg,1.6,False,Devenny,1.5,False,,a,8,31,29,260344,4286,274803,8166,0.4,6.7,Devenny,242.0,2024-03-13,2003-10-11,False,p489706,593,1,0,1,10,0,0,0,0,0,0,0,81,86.6,94.5,164.0,34.5,8,24,16,48,5,2.38,0.36,2.74,10.05,,,2.0,,,,[],335,148,228,140,127,74,271,133,0.36,0.0,0.05,0.41,1.53,1.52,587,342,236,101,374,165,150,49,0.76,0.15,7.28,192968,Crystal Palace,3,1165,1205,1150,1150,1180,1260,16,8,3,3,False,Nott'm Forest,24,1799.60217285,Nott'm Forest,Crystal Palace,,,,-0.027018744382384653
214,True,True,100.0,100.0,450542,0,0,-1,1,0,3,0.0,0.0,0,Jesurun,0.0,278,False,,2025-09-22T09:16:14.064898Z,44,450542.jpg,0.0,False,Rak-Sakyi,0.0,False,,a,8,31,0,4287,30,9314,23,0.0,0.0,J.Rak-Sakyi,241.0,2021-04-09,2002-10-05,False,p450542,0,0,0,0,0,0,0,0,0,0,0,0,0,0.0,0.0,0.0,0.0,0,0,0,0,0,0.00,0.00,0.00,0.00,,,,,,,[],647,243,644,248,618,236,648,244,0.0,0.0,0.0,0.0,0.0,0.0,536,320,598,214,655,251,637,258,0.0,0.0,0.0,0,Crystal Palace,3,1165,1205,1150,1150,1180,1260,16,8,3,3,False,Nott'm Forest,24,1799.60217285,Nott'm Forest,Crystal Palace,,,,-0.3696051760899934
215,True,True,100.0,100.0,530318,0,0,-1,1,0,3,0.2,0.2,0,Kaden,0.2,281,False,,,44,530318.jpg,1.0,False,Rodney,0.0,False,,a,8,31,1,4774,64,6209,88,0.0,0.2,Rodney,241.0,2022-07-08,2004-10-07,False,p530318,3,0,0,0,0,0,0,0,0,0,0,0,2,0.0,0.1,0.0,0.0,0,0,0,0,0,0.00,0.00,0.00,0.65,,,,,,,[],653,249,469,227,624,242,654,250,0.0,0.0,0.0,0.0,19.5,0.0,545,327,376,171,449,200,587,220,0.0,0.0,0.0,0,Crystal Palace,3,1165,1205,1150,1150,1180,1260,16,8,3,3,False,Nott'm Forest,24,1799.60217285,Nott'm Forest,Crystal Palace,,,,-0.13065646908859146
216,True,True,100.0,100.0,231747,0,0,0,0,2,4,3.4,3.4,2,Jean-Philippe,3.4,283,False,,2025-12-10T22:00:09.981733Z,75,231747.jpg,3.7,False,Mateta,9.8,False,,a,8,31,84,4717993,15518,4705496,49019,0.5,11.2,Mateta,73.0,2022-01-31,1997-06-28,False,p231747,1904,8,0,8,23,0,0,0,2,0,0,9,281,411.8,119.7,664.0,119.4,51,51,8,110,23,11.88,1.26,13.14,26.67,,,,,2.0,,[],69,5,197,19,4,4,27,6,0.56,0.0,0.06,0.62,1.26,1.09,21,7,104,11,107,9,44,8,1.09,0.38,5.2,1260721,Crystal Palace,3,1165,1205,1150,1150,1180,1260,16,8,3,3,False,Nott'm Forest,24,1799.60217285,Nott'm Forest,Crystal Palace,,,,0.001326154251360616
217,True,True,100.0,100.0,576980,0,0,-1,1,0,4,0.0,0.0,0,Zach,0.0,286,False,,,44,576980.jpg,0.0,False,Marsh,0.3,False,,a,8,31,0,45203,464,53208,565,0.0,0.0,Marsh,241.0,2023-07-18,2005-10-06,False,p576980,0,0,0,0,0,0,0,0,0,0,0,0,0,0.0,0.0,0.0,0.0,0,0,0,0,0,0.00,0.00,0.00,0.00,,,,,,,[],660,70,656,69,631,69,661,70,0.0,0.0,0.0,0.0,0.0,0.0,552,79,610,59,666,70,309,51,0.0,0.0,0.0,38594,Crystal Palace,3,1165,1205,1150,1150,1180,1260,16,8,3,3,False,Nott'm Forest,24,1799.60217285,Nott'm Forest,Crystal Palace,,,,-0.08134253284693785
229,True,True,100.0,100.0,111234,0,0,1,-1,3,1,4.2,4.2,3,Jordan,4.2,287,True,,,56,111234.jpg,4.5,False,Pickford,14.0,False,,a,9,11,103,1381272,75941,1048596,25497,0.8,18.4,Pickford,241.0,2017-07-01,1994-03-07,False,p111234,2070,0,0,9,26,0,1,0,0,0,65,11,394,562.2,0.1,0.0,56.2,34,199,1,0,23,0.00,0.13,0.13,33.39,,,,,,,[],15,4,473,16,792,91,171,5,0.0,2.83,0.01,0.01,1.45,1.13,127,3,22,1,33,1,26,4,1.0,0.39,0.0,1801031,Everton,3,1100,1130,1110,1130,1090,1130,6,9,2,3,False,Brighton,24,1796.4831543,Brighton,Everton,,,,0.13691114085209566
230,True,True,100.0,100.0,229600,0,0,-2,2,0,1,0.0,0.0,0,Mark,0.0,288,False,,,43,229600.jpg,0.0,False,Travers,0.1,False,,a,9,11,0,4033,89,11248,98,0.0,0.0,Travers,104.0,2025-07-15,1999-05-18,False,p229600,0,0,0,0,0,0,0,0,0,0,0,0,0,0.0,0.0,0.0,0.0,0,0,0,0,0,0.00,0.00,0.00,0.00,,,,,,,[],618,87,614,79,585,66,619,87,0.0,0.0,0.0,0.0,0.0,0.0,577,28,565,83,627,87,454,70,0.0,0.0,0.0,12865,Everton,3,1100,1130,1110,1130,1090,1130,6,9,2,3,False,Brighton,24,1796.4831543,Brighton,Everton,,,,-0.4721549636803874
231,True,True,100.0,75.0,480455,0,0,-2,2,0,2,0.2,0.2,1,Jarrad,0.2,290,False,,2025-10-17T14:00:10.203776Z,53,480455.jpg,1.0,False,Branthwaite,0.2,False,,a,9,11,1,3673,1386,68659,249,0.0,0.2,Branthwaite,241.0,2020-06-20,2002-06-27,False,p480455,45,0,0,0,0,0,0,0,0,0,0,0,8,10.6,13.3,4.0,2.8,1,5,0,1,0,0.00,0.02,0.02,0.17,,,,,,,[],439,164,393,144,418,156,444,161,0.0,0.0,0.04,0.04,0.34,0.0,200,25,404,147,479,168,407,149,0.0,0.0,2.0,25729,Everton,3,1100,1130,1110,1130,1090,1130,6,9,2,3,False,Brighton,24,1796.4831543,Brighton,Everton,,,,-0.8984405242492949
232,True,True,100.0,100.0,17761,0,0,3,-3,0,2,4.5,4.5,4,James,4.5,291,True,,,58,17761.jpg,4.9,False,Tarkowski,14.0,False,,a,9,11,112,2112347,68148,1178525,48505,0.8,19.3,Tarkowski,241.0,2022-07-01,1992-11-19,False,p17761,2070,0,1,9,26,0,0,0,4,0,0,6,401,608.4,172.5,172.0,95.6,224,56,34,258,23,1.15,1.07,2.22,33.39,,,,,,,[],10,5,146,36,122,21,57,9,0.05,0.0,0.05,0.1,1.45,1.13,103,7,23,9,18,9,27,8,1.0,0.39,11.22,1801031,Everton,3,1100,1130,1110,1130,1090,1130,6,9,2,3,False,Brighton,24,1796.4831543,Brighton,Everton,,,,0.2837612644915998
233,True,True,100.0,100.0,224967,0,0,-1,1,0,2,2.5,2.5,2,Vitalii,2.5,292,False,,2025-09-05T10:00:06.495475Z,49,224967.jpg,3.2,False,Mykolenko,0.8,False,,a,9,11,64,130103,2149,134036,4162,0.5,13.1,Mykolenko,225.0,2022-01-01,1999-05-29,False,p224967,1795,0,0,7,25,0,0,0,4,0,0,1,228,319.2,217.1,57.0,59.3,113,66,27,140,20,0.28,1.35,1.63,28.35,,,,,,,[],121,51,109,28,284,87,159,51,0.01,0.0,0.07,0.08,1.42,1.25,313,51,86,33,154,63,206,79,1.0,0.35,7.02,102916,Everton,3,1100,1130,1110,1130,1090,1130,6,9,2,3,False,Brighton,24,1796.4831543,Brighton,Everton,,,,-0.01488988752134293
234,True,True,100.0,100.0,512462,0,0,-1,1,0,2,3.8,3.8,4,Jake,3.8,293,False,,,49,512462.jpg,3.5,False,O'Brien,0.8,False,,a,9,11,80,131901,4902,103905,4464,0.8,16.3,O'Brien,104.0,2024-07-30,2001-05-15,False,p512462,1938,0,1,8,25,0,0,0,1,0,0,2,271,362.2,173.4,94.0,63.3,117,74,33,150,21,0.60,0.55,1.15,32.57,,,,,,,[],97,42,145,35,224,59,142,46,0.03,0.0,0.03,0.06,1.51,1.16,338,56,41,16,122,45,199,76,0.98,0.37,6.97,102916,Everton,3,1100,1130,1110,1130,1090,1130,6,9,2,3,False,Brighton,24,1796.4831543,Brighton,Everton,,,,0.11872471438385791
235,True,True,100.0,100.0,59949,0,0,-3,3,0,2,0.0,0.0,0,Séamus,0.0,294,False,,2025-11-25T00:00:08.625945Z,42,59949.jpg,1.0,False,Coleman,0.1,False,,a,9,11,3,5214,111,17004,45,0.0,0.7,Coleman,104.0,2009-02-02,1988-10-11,False,p59949,11,0,0,0,0,0,0,0,0,0,0,0,10,0.0,0.1,0.0,0.0,0,1,0,0,1,0.00,0.00,0.00,0.24,,,,,,,[],610,244,466,171,570,240,611,244,0.0,0.0,0.0,0.0,1.96,0.0,620,142,545,229,440,164,484,174,8.18,0.0,0.0,12865,Everton,3,1100,1130,1110,1130,1090,1130,6,9,2,3,False,Brighton,24,1796.4831543,Brighton,Everton,,,,-0.5306508236564947
236,True,True,100.0,0.0,106611,0,0,2,-2,2,2,1.2,0.0,0,Michael,1.2,295,False,,2026-01-07T23:00:09.480891Z,47,106611.jpg,5.1,False,Keane,4.1,False,,a,9,11,96,1317004,12397,866039,27184,0.3,20.4,Keane,241.0,2017-07-03,1993-01-11,False,p106611,1676,3,0,6,25,0,0,0,0,1,0,8,276,515.4,26.0,178.0,71.8,173,55,21,194,19,1.67,0.17,1.84,28.08,,,,,,,[],30,13,363,130,116,20,109,34,0.09,0.0,0.01,0.1,1.51,1.34,377,63,288,105,15,6,85,28,1.02,0.32,10.42,527445,Everton,3,1100,1130,1110,1130,1090,1130,6,9,2,3,False,Brighton,24,1796.4831543,Brighton,Everton,,,,0.20657632488228586
237,True,True,100.0,100.0,243571,0,0,-1,1,0,2,2.8,2.8,2,Nathan,2.8,296,False,,2025-10-17T14:30:10.578096Z,44,243571.jpg,4.0,False,Patterson,0.0,False,,a,9,11,20,4941,435,4628,271,0.6,4.5,Patterson,243.0,2022-01-04,2001-10-16,False,p243571,236,0,0,2,1,0,0,0,0,0,0,0,65,61.6,6.1,17.0,8.4,20,13,9,29,3,0.03,0.04,0.07,3.55,,,,,,,[],371,143,423,155,366,129,409,148,0.01,0.0,0.02,0.03,1.35,0.38,529,113,64,25,65,28,602,216,1.14,0.76,11.06,0,Everton,3,1100,1130,1110,1130,1090,1130,6,9,2,3,False,Brighton,24,1796.4831543,Brighton,Everton,,,,0.03270979203678545
238,True,True,100.0,100.0,496178,0,0,-2,2,0,2,0.0,0.0,0,Roman,0.0,297,False,,,38,496178.jpg,0.0,False,Dixon,0.2,False,,a,9,11,0,9087,98,19286,170,0.0,0.0,Dixon,,,,False,p496178,0,0,0,0,0,0,0,0,0,0,0,0,0,0.0,0.0,0.0,0.0,0,0,0,0,0,0.00,0.00,0.00,0.00,,,,,,,[],496,183,485,182,447,173,496,182,0.0,0.0,0.0,0.0,0.0,0.0,789,245,424,162,505,183,382,138,0.0,0.0,0.0,25729,Everton,3,1100,1130,1110,1130,1090,1130,6,9,2,3,False,Brighton,24,1796.4831543,Brighton,Everton,,,,-0.3594614598385789
239,True,True,100.0,100.0,474907,0,0,-2,2,0,2,0.0,0.0,0,Reece,0.0,298,False,,,38,474907.jpg,0.0,False,Welch,0.1,False,,a,9,11,0,6668,58,13881,127,0.0,0.0,Welch,241.0,2021-04-11,2003-09-19,False,p474907,0,0,0,0,0,0,0,0,0,0,0,0,0,0.0,0.0,0.0,0.0,0,0,0,0,0,0.00,0.00,0.00,0.00,,,,,,,[],494,181,483,180,445,171,494,180,0.0,0.0,0.0,0.0,0.0,0.0,787,243,422,160,503,181,422,155,0.0,0.0,0.0,12865,Everton,3,1100,1130,1110,1130,1090,1130,6,9,2,3,False,Brighton,24,1796.4831543,Brighton,Everton,,,,-0.35101464791474035
240,True,True,100.0,100.0,440993,0,0,-3,3,0,3,0.5,0.5,2,Iliman,0.5,299,False,,2025-12-13T14:30:11.340794Z,62,440993.jpg,4.4,False,Ndiaye,4.0,False,,a,9,11,75,1594324,27413,2403228,14195,0.1,12.1,Ndiaye,189.0,2024-07-03,2000-03-06,False,p440993,1433,4,2,6,20,0,0,0,2,0,0,3,306,351.6,260.2,307.0,92.0,18,99,37,154,17,3.34,3.04,6.38,20.50,,,,,1.0,,[],99,32,85,63,51,30,60,40,0.21,0.0,0.19,0.4,1.29,1.26,75,49,359,161,43,18,86,29,1.07,0.38,9.67,514580,Everton,3,1100,1130,1110,1130,1090,1130,6,9,2,3,False,Brighton,24,1796.4831543,Brighton,Everton,,,,-0.20234983810091775
241,True,True,100.0,100.0,433154,0,0,-5,5,0,3,2.2,2.2,1,Dwight,2.2,300,False,,,55,433154.jpg,2.1,False,McNeil,0.2,False,,a,9,11,29,30047,524,55899,1191,0.4,5.3,McNeil,241.0,2022-07-28,1999-11-22,False,p433154,615,0,2,3,4,0,0,0,1,0,0,0,99,76.0,127.8,45.0,24.9,11,31,11,53,7,0.46,0.68,1.14,12.17,,,,,,,[],352,157,185,123,303,159,318,153,0.07,0.0,0.1,0.17,1.78,0.59,145,91,135,59,312,137,377,128,1.02,0.44,7.76,25729,Everton,3,1100,1130,1110,1130,1090,1130,6,9,2,3,False,Brighton,24,1796.4831543,Brighton,Everton,,,,-0.30079352151350847
242,True,True,100.0,100.0,502697,0,0,-3,3,0,3,0.0,0.0,0,Carlos,0.0,301,False,,2026-01-24T15:00:07.496838Z,52,502697.jpg,1.7,False,Alcaraz Durán,0.1,False,,a,9,11,25,16452,40,28238,232,0.0,4.8,Alcaraz,10.0,2025-07-01,2002-11-30,False,p502697,656,0,1,3,8,0,0,0,3,0,0,0,104,79.4,144.0,156.0,38.0,10,38,12,60,6,1.04,0.43,1.47,13.00,,,,,,,[],346,153,168,114,135,79,257,125,0.14,0.0,0.06,0.2,1.78,1.1,219,136,759,334,365,161,491,173,0.82,0.41,8.23,12865,Everton,3,1100,1130,1110,1130,1090,1130,6,9,2,3,False,Brighton,24,1796.4831543,Brighton,Everton,,,,-0.2637279033340792
243,True,True,100.0,100.0,80801,0,0,-1,1,0,3,1.5,1.5,6,Idrissa Gana,1.5,302,False,,2025-12-13T14:30:11.361048Z,54,80801.jpg,3.6,False,Gueye,0.1,False,,a,9,11,50,20029,671,26385,163,0.3,9.3,Gana,189.0,2022-09-01,1989-09-26,False,p80801,1141,2,1,3,14,0,0,0,0,1,0,4,236,227.6,146.3,125.0,49.9,29,63,31,123,14,1.17,0.78,1.95,17.33,,,,,,,[],193,83,164,110,176,102,200,106,0.09,0.0,0.06,0.15,1.37,1.1,157,98,275,120,116,53,499,177,1.1,0.24,9.7,12865,Everton,3,1100,1130,1110,1130,1090,1130,6,9,2,3,False,Brighton,24,1796.4831543,Brighton,Everton,,,,-0.13694144008273365
244,True,True,100.0,100.0,232928,0,0,2,-2,1,3,4.0,4.0,2,James,4.0,303,False,,,52,232928.jpg,4.4,False,Garner,4.6,False,,a,9,11,101,853087,48067,297781,37262,0.8,19.4,Garner,241.0,2022-09-01,2001-03-13,False,p232928,2063,2,3,9,26,0,0,0,5,0,0,10,509,529.2,469.5,177.0,117.7,94,118,67,279,23,1.65,3.14,4.79,33.33,3.0,,3.0,,,,[],21,6,20,19,118,69,31,25,0.07,0.0,0.14,0.21,1.45,1.13,212,132,8,4,39,16,79,27,1.0,0.39,12.17,591767,Everton,3,1100,1130,1110,1130,1090,1130,6,9,2,3,False,Brighton,24,1796.4831543,Brighton,Everton,,,,0.4825105920053386
245,True,True,100.0,100.0,609873,0,0,0,0,0,3,2.2,2.2,1,Harrison,2.2,305,False,,2025-09-02T11:36:28.006606Z,45,609873.jpg,2.0,False,Armstrong,0.1,False,,a,9,11,10,5940,326,15230,206,0.5,2.2,Armstrong,241.0,2024-08-09,2007-01-19,False,p609873,235,0,0,1,3,0,0,0,0,0,0,0,29,29.0,33.3,10.0,7.3,10,9,4,23,3,0.00,0.12,0.12,3.47,,,,,,,[],412,183,347,182,382,192,414,186,0.0,0.0,0.05,0.05,1.33,1.15,492,303,220,94,318,139,546,197,1.15,0.38,8.81,12865,Everton,3,1100,1130,1110,1130,1090,1130,6,9,2,3,False,Brighton,24,1796.4831543,Brighton,Everton,,,,-0.43882853094000945
246,True,True,100.0,100.0,547801,0,0,-2,2,0,3,0.0,0.0,0,Callum,0.0,306,False,,,43,547801.jpg,0.0,False,Bates,0.1,False,,a,9,11,0,9714,235,12398,172,0.0,0.0,Bates,241.0,2024-11-08,2005-09-28,False,p547801,0,0,0,0,0,0,0,0,0,0,0,0,0,0.0,0.0,0.0,0.0,0,0,0,0,0,0.00,0.00,0.00,0.00,,,,,,,[],629,232,626,237,598,224,630,233,0.0,0.0,0.0,0.0,0.0,0.0,605,351,576,203,638,241,511,183,0.0,0.0,0.0,12865,Everton,3,1100,1130,1110,1130,1090,1130,6,9,2,3,False,Brighton,24,1796.4831543,Brighton,Everton,,,,-0.12138205499276411
247,True,True,100.0,100.0,504296,0,0,-1,1,0,3,0.0,0.0,0,Coby,0.0,307,False,,,44,504296.jpg,0.0,False,Ebere,0.0,False,,a,9,11,0,4073,45,5775,70,0.0,0.0,Ebere,,,,False,p504296,0,0,0,0,0,0,0,0,0,0,0,0,0,0.0,0.0,0.0,0.0,0,0,0,0,0,0.00,0.00,0.00,0.00,,,,,,,[],650,246,647,251,621,239,651,247,0.0,0.0,0.0,0.0,0.0,0.0,541,324,601,217,658,254,599,230,0.0,0.0,0.0,0,Everton,3,1100,1130,1110,1130,1090,1130,6,9,2,3,False,Brighton,24,1796.4831543,Brighton,Everton,,,,-0.17282696994313565
248,True,True,100.0,100.0,586309,0,0,-3,3,0,4,6.2,6.2,9,Thierno,6.2,310,False,,,57,586309.jpg,2.6,False,Barry,1.0,False,,a,9,11,59,174611,32480,139070,7291,1.1,10.4,Barry,73.0,2025-07-09,2002-10-21,False,p586309,1269,5,0,7,17,0,0,0,2,0,0,5,184,211.4,119.8,339.0,65.6,23,19,2,44,15,3.80,0.19,3.99,19.84,,,,,,,[],211,17,196,18,43,18,129,16,0.27,0.0,0.01,0.28,1.41,1.21,124,33,11,2,251,25,181,28,1.06,0.5,3.12,128645,Everton,3,1100,1130,1110,1130,1090,1130,6,9,2,3,False,Brighton,24,1796.4831543,Brighton,Everton,,,,0.11330300528243661
249,True,True,100.0,100.0,486385,0,0,-5,5,0,4,2.0,2.0,1,Norberto Bercique,2.0,311,False,,,50,486385.jpg,1.7,False,Gomes Betuncal,2.4,False,,a,9,11,38,425361,3006,1086643,4677,0.4,7.6,Beto,90.0,2023-08-29,1998-01-31,False,p486385,831,2,0,2,12,0,0,0,1,0,0,1,88,125.8,53.6,291.0,45.5,23,15,9,47,8,4.46,0.14,4.60,14.97,,,,,2.0,,[],294,28,309,33,55,20,218,25,0.48,0.0,0.02,0.5,1.62,1.3,265,54,224,25,364,40,118,19,0.87,0.22,5.09,308748,Everton,3,1100,1130,1110,1130,1090,1130,6,9,2,3,False,Brighton,24,1796.4831543,Brighton,Everton,,,,-0.4373546630829019
250,True,True,100.0,100.0,536241,0,0,-1,1,0,4,0.0,0.0,0,Martin,0.0,313,False,,2025-09-22T21:18:55.519763Z,44,536241.jpg,0.0,False,Sherif,0.1,False,,a,9,11,0,8475,231,25433,96,0.0,0.0,Sherif,152.0,2024-09-16,2006-06-10,False,p536241,0,0,0,0,0,0,0,0,0,0,0,0,0,0.0,0.0,0.0,0.0,0,0,0,0,0,0.00,0.00,0.00,0.00,,,,,,,[],655,68,651,67,626,67,656,68,0.0,0.0,0.0,0.0,0.0,0.0,547,77,605,57,662,68,445,63,0.0,0.0,0.0,12865,Everton,3,1100,1130,1110,1130,1090,1130,6,9,2,3,False,Brighton,24,1796.4831543,Brighton,Everton,,,,-0.5001179662616492
257,True,True,100.0,100.0,80201,0,0,-1,1,1,1,2.4,2.4,3,Bernd,2.4,314,False,,,49,80201.jpg,3.0,False,Leno,1.6,False,,a,10,54,70,197658,1034,210852,5779,0.5,14.3,Leno,80.0,2022-08-02,1992-03-04,False,p80201,2070,0,0,5,32,0,0,0,3,0,60,3,316,516.6,0.0,0.0,51.5,30,188,2,0,23,0.00,0.00,0.00,31.97,,,,,,,[],27,8,742,88,731,82,192,9,0.0,2.61,0.0,0.0,1.39,1.39,288,11,173,17,188,17,147,20,1.0,0.22,0.0,205832,Fulham,3,1090,1130,1080,1140,1100,1120,14,10,2,3,False,Man Utd,24,1809.49279785,Man Utd,Fulham,,,,-0.03229786296541089
258,True,True,100.0,100.0,428971,0,0,0,0,0,1,0.0,0.0,0,Steven,0.0,315,False,,2025-07-28T11:48:41.553663Z,40,428971.jpg,0.0,False,Benda,0.0,False,,a,10,54,0,359,113,541,40,0.0,0.0,Benda,80.0,2023-08-30,1998-10-01,False,p428971,0,0,0,0,0,0,0,0,0,0,0,0,0,0.0,0.0,0.0,0.0,0,0,0,0,0,0.00,0.00,0.00,0.00,,,,,,,[],559,67,552,56,517,41,559,67,0.0,0.0,0.0,0.0,0.0,0.0,667,49,490,61,568,67,735,85,0.0,0.0,0.0,0,Fulham,3,1090,1130,1080,1140,1100,1120,14,10,2,3,False,Man Utd,24,1809.49279785,Man Utd,Fulham,,,,-0.20222222222222222
259,True,True,100.0,100.0,169528,0,0,-1,1,0,2,1.6,1.6,1,Antonee,1.6,316,False,,2025-10-17T01:00:10.471151Z,49,169528.jpg,2.9,False,Robinson,0.8,False,,a,10,54,32,133655,1391,150653,5298,0.3,6.5,Robinson,229.0,2020-08-20,1997-08-08,False,p169528,731,0,0,2,8,0,0,0,0,0,0,4,134,178.8,194.2,32.0,40.5,40,44,25,65,8,0.22,1.09,1.31,12.20,,,,,,,[],244,99,130,31,327,105,243,81,0.03,0.0,0.13,0.16,1.5,0.98,296,46,239,91,198,78,198,75,0.98,0.25,8.0,102916,Fulham,3,1090,1130,1080,1140,1100,1120,14,10,2,3,False,Man Utd,24,1809.49279785,Man Utd,Fulham,,,,-0.0597872729574968
260,True,True,100.0,100.0,174874,0,0,1,-1,1,2,3.6,3.6,8,Joachim,3.6,317,False,,2025-10-18T20:00:09.645414Z,46,174874.jpg,3.9,False,Andersen,5.3,False,,a,10,54,86,1128858,14467,805978,29704,0.8,18.7,Andersen,58.0,2024-08-23,1996-05-31,False,p174874,1931,0,1,5,29,0,0,0,4,0,0,5,305,562.0,87.7,81.0,73.2,204,83,29,233,22,0.73,1.42,2.15,28.51,,,,,,,[],16,6,240,70,242,67,102,30,0.03,0.0,0.07,0.1,1.33,1.35,393,67,83,32,78,31,74,25,1.03,0.23,10.86,681819,Fulham,3,1090,1130,1080,1140,1100,1120,14,10,2,3,False,Man Utd,24,1809.49279785,Man Utd,Fulham,,,,0.16687719269230053
261,True,True,100.0,100.0,232892,0,0,-1,1,0,2,0.0,0.0,0,Calvin,0.0,318,False,,2025-12-13T14:30:11.389034Z,44,232892.jpg,3.4,False,Bassey,0.4,False,,a,10,54,55,95731,1085,115900,1051,0.0,12.5,Bassey,157.0,2023-07-28,1999-12-31,False,p232892,1358,1,0,3,25,0,0,0,3,0,0,6,178,335.2,74.1,54.0,46.5,89,66,31,120,15,0.91,0.18,1.09,20.78,,,,,,,[],110,49,265,81,289,89,213,71,0.06,0.0,0.01,0.07,1.38,1.66,526,110,595,244,127,49,282,107,0.99,0.2,7.95,51458,Fulham,3,1090,1130,1080,1140,1100,1120,14,10,2,3,False,Man Utd,24,1809.49279785,Man Utd,Fulham,,,,-0.09530267304884445
262,True,True,100.0,100.0,166477,0,0,-2,2,0,2,1.4,1.4,4,Timothy,1.4,319,False,,,43,166477.jpg,1.4,False,Castagne,0.1,False,,a,10,54,25,17162,200,22687,433,0.3,5.8,Castagne,21.0,2023-08-29,1995-12-05,False,p166477,944,0,1,0,19,0,0,0,3,0,0,0,115,194.8,121.1,83.0,40.0,63,29,20,83,10,0.94,0.47,1.41,17.95,,,,,,,[],230,93,192,49,239,66,248,84,0.09,0.0,0.04,0.13,1.71,1.81,572,126,251,95,399,146,456,168,0.95,0.0,7.91,12865,Fulham,3,1090,1130,1080,1140,1100,1120,14,10,2,3,False,Man Utd,24,1809.49279785,Man Utd,Fulham,,,,-0.13864839770132248
263,True,True,100.0,100.0,219924,0,0,-2,2,0,2,0.8,0.8,0,Issa,0.8,320,False,,,43,219924.jpg,1.2,False,Diop,0.1,False,,a,10,54,10,6484,61,10657,124,0.2,2.3,Diop,73.0,2022-08-10,1997-01-09,False,p219924,412,0,0,0,9,0,0,0,1,0,0,0,29,72.4,4.3,8.0,8.5,30,10,5,35,4,0.02,0.03,0.05,8.18,,,,,,,[],359,136,427,157,389,145,408,147,0.0,0.0,0.01,0.01,1.79,1.97,574,128,307,110,423,155,521,188,0.87,0.0,7.65,12865,Fulham,3,1090,1130,1080,1140,1100,1120,14,10,2,3,False,Man Utd,24,1809.49279785,Man Utd,Fulham,,,,-0.24345137389883903
264,True,True,100.0,100.0,246301,0,0,-2,2,0,2,2.6,2.6,4,Jorge,2.6,321,False,,,43,246301.jpg,3.4,False,Cuenca Barreno,0.1,False,,a,10,54,34,5145,172,5548,193,0.6,7.9,J.Cuenca,200.0,2024-08-03,1999-11-17,False,p246301,753,0,0,2,7,0,0,0,4,0,0,1,133,195.2,24.6,10.0,23.1,80,34,13,93,9,0.05,0.08,0.13,10.85,,,,,,,[],229,92,367,132,380,137,326,110,0.01,0.0,0.01,0.02,1.3,0.84,580,132,153,57,126,48,555,200,1.08,0.24,11.12,12865,Fulham,3,1090,1130,1080,1140,1100,1120,14,10,2,3,False,Man Utd,24,1809.49279785,Man Utd,Fulham,,,,-0.03768820723838025
265,True,True,75.0,75.0,167074,0,0,0,0,1,2,0.2,0.2,0,Kenny,0.2,322,False,Lack of match fitness - 75% chance of playing,2026-01-01T21:30:11.847911Z,45,167074.jpg,4.1,False,Tete,0.3,False,,d,10,54,65,154612,14,142948,2634,0.0,14.4,Tete,152.0,2020-09-10,1995-10-09,False,p167074,1346,1,0,5,18,0,0,0,2,0,0,5,251,322.4,137.2,79.0,53.9,75,56,51,126,16,0.38,0.92,1.30,19.78,,,,,,,[],116,50,175,43,246,69,181,59,0.03,0.0,0.06,0.09,1.32,1.2,409,75,379,140,59,26,311,115,1.07,0.33,8.42,38594,Fulham,3,1090,1130,1080,1140,1100,1120,14,10,2,3,False,Man Utd,24,1809.49279785,Man Utd,Fulham,,,,0.03919881704530179
266,True,True,100.0,100.0,591385,0,0,-2,2,0,2,0.0,0.0,0,Samuel,0.0,323,False,,,38,591385.jpg,0.0,False,Amissah,0.1,False,,a,10,54,0,8407,81,15852,204,0.0,0.0,Amissah,241.0,2023-07-19,2007-03-07,False,p591385,0,0,0,0,0,0,0,0,0,0,0,0,0,0.0,0.0,0.0,0.0,0,0,0,0,0,0.00,0.00,0.00,0.00,,,,,,,[],507,193,497,193,460,185,507,192,0.0,0.0,0.0,0.0,0.0,0.0,805,260,437,174,516,193,416,154,0.0,0.0,0.0,12865,Fulham,3,1090,1130,1080,1140,1100,1120,14,10,2,3,False,Man Utd,24,1809.49279785,Man Utd,Fulham,,,,-0.30689640957994974
267,True,True,100.0,100.0,153133,0,0,-2,2,1,3,0.4,0.4,2,Alex,0.4,324,False,,2025-12-13T14:30:11.406691Z,63,153133.jpg,3.4,False,Iwobi,0.7,False,,a,10,54,58,283173,1443,389064,1218,0.1,9.2,Iwobi,157.0,2023-09-01,1996-05-03,False,p153133,1416,2,2,3,25,0,0,0,2,0,0,5,273,272.2,376.3,150.0,80.0,20,67,18,105,17,0.79,2.10,2.89,21.95,5.0,,,,,,[],165,64,40,38,141,82,84,52,0.05,0.0,0.13,0.18,1.4,1.59,64,43,361,163,136,60,210,71,1.08,0.19,6.67,90052,Fulham,3,1090,1130,1080,1140,1100,1120,14,10,2,3,False,Man Utd,24,1809.49279785,Man Utd,Fulham,,,,-0.15752033880908073
268,True,True,100.0,75.0,209289,0,0,-4,4,0,3,2.6,2.0,2,Emile,2.6,325,False,,2026-01-17T18:30:08.672854Z,56,209289.jpg,2.3,False,Smith Rowe,0.6,False,,a,10,54,54,151163,1016,190638,3984,0.5,9.6,Smith Rowe,241.0,2024-08-02,2000-07-28,False,p209289,1046,3,1,3,14,0,0,0,1,0,0,1,232,207.6,213.9,226.0,64.8,27,44,14,85,11,2.98,0.67,3.65,17.88,,,,,,,[],218,91,113,80,81,52,134,73,0.26,0.0,0.06,0.32,1.54,1.2,131,80,159,66,287,124,226,78,0.95,0.26,7.31,77187,Fulham,3,1090,1130,1080,1140,1100,1120,14,10,2,3,False,Man Utd,24,1809.49279785,Man Utd,Fulham,,,,-0.11549117761504502
505,True,True,100.0,100.0,159533,0,0,-4,4,0,3,0.6,0.6,0,Adama,0.6,326,False,,,51,159533.jpg,1.1,False,Traoré Diarra,0.1,False,,a,19,21,17,11911,489,33500,254,0.1,3.3,Adama,200.0,2026-01-28,1996-01-25,False,p159533,261,0,0,0,7,0,0,0,0,0,0,0,58,20.2,61.8,57.0,13.5,1,12,1,14,1,0.19,0.55,0.74,4.89,,,,,,,[],429,191,286,165,285,150,375,175,0.07,0.0,0.19,0.26,1.69,2.41,227,140,324,147,429,193,417,140,0.34,0.0,4.83,12865,West Ham,3,1075,1075,1050,1050,1100,1100,7,19,2,3,False,Chelsea,24,1699.84399414,Chelsea,West Ham,,,,-0.47541344608134595
269,True,True,100.0,100.0,184349,0,0,-1,1,1,3,1.0,1.0,1,Ryan,1.0,328,False,,2025-12-08T08:00:09.095165Z,54,184349.jpg,3.8,False,Sessegnon,0.2,False,,a,10,54,61,141512,232,134448,736,0.2,11.3,Sessegnon,241.0,2024-07-26,2000-05-18,False,p184349,1218,2,2,4,21,0,0,0,0,0,0,5,213,266.8,123.2,137.0,52.4,67,46,27,140,14,0.92,1.29,2.21,17.36,,,,,,,[],172,68,191,127,159,92,187,98,0.07,0.0,0.1,0.17,1.28,1.55,164,102,295,134,90,40,398,135,1.03,0.3,10.34,25729,Fulham,3,1090,1130,1080,1140,1100,1120,14,10,2,3,False,Man Utd,24,1809.49279785,Man Utd,Fulham,,,,0.025597912740976954
270,True,True,100.0,100.0,153682,0,0,5,-5,2,3,5.8,5.8,10,Harry,5.8,329,True,,2025-12-22T23:30:10.987047Z,60,153682.jpg,5.2,False,Wilson,24.1,False,,a,10,54,114,3945464,183750,981802,63841,1.0,19.0,Wilson,244.0,2021-07-24,1997-03-22,False,p153682,1674,8,6,6,21,0,0,0,6,0,0,16,432,491.8,389.5,415.0,129.4,42,54,19,115,20,3.90,2.84,6.74,23.04,3.0,,3.0,,3.0,,[],37,10,35,33,27,14,20,16,0.21,0.0,0.15,0.36,1.24,1.13,83,55,13,6,13,6,15,5,1.08,0.32,6.18,3100346,Fulham,3,1090,1130,1080,1140,1100,1120,14,10,2,3,False,Man Utd,24,1809.49279785,Man Utd,Fulham,,,,0.601482038923817
271,True,True,100.0,100.0,207189,0,0,-1,1,1,3,3.2,3.2,1,Sander,3.2,330,False,,,49,207189.jpg,2.5,False,Berge,0.1,False,,a,10,54,57,9726,202,10653,327,0.7,11.6,Berge,161.0,2024-08-22,1998-02-14,False,p207189,1901,0,2,5,30,1,0,0,4,0,0,3,342,319.6,247.6,46.0,61.5,64,86,37,187,22,0.64,0.89,1.53,29.46,,,,,,,[],120,42,92,69,299,156,149,82,0.03,0.0,0.04,0.07,1.39,1.42,304,188,113,50,261,110,509,181,1.04,0.24,8.85,12865,Fulham,3,1090,1130,1080,1140,1100,1120,14,10,2,3,False,Man Utd,24,1809.49279785,Man Utd,Fulham,,,,-0.04548800235536582
272,True,True,100.0,100.0,76357,0,0,-2,2,0,3,2.4,2.4,1,Tom,2.4,331,False,,2025-10-18T20:00:09.684225Z,48,76357.jpg,1.5,False,Cairney,0.0,False,,a,10,54,23,2378,54,4095,82,0.5,4.8,Cairney,243.0,2015-07-07,1991-01-20,False,p76357,442,1,0,0,8,0,0,0,2,0,0,1,96,76.8,82.1,48.0,20.8,7,24,3,34,3,0.85,0.27,1.12,7.98,,,,,,,[],349,155,253,152,295,153,339,163,0.17,0.0,0.05,0.22,1.62,1.63,349,218,172,75,393,174,626,247,0.61,0.0,6.92,0,Fulham,3,1090,1130,1080,1140,1100,1120,14,10,2,3,False,Man Utd,24,1809.49279785,Man Utd,Fulham,,,,-0.2652556774293218
273,True,True,100.0,100.0,577725,0,0,-1,1,0,3,1.0,1.0,4,Josh,1.0,335,False,,2026-01-01T21:30:11.885073Z,44,577725.jpg,1.8,False,King,1.8,False,,a,10,54,36,915694,2786,815586,7646,0.2,8.2,King,241.0,2024-02-02,2007-01-03,False,p577725,878,0,2,3,15,0,0,0,3,0,0,0,124,104.4,105.6,172.0,37.4,15,38,18,71,11,1.17,0.42,1.59,12.90,,,,,,,[],317,140,213,135,120,70,261,127,0.12,0.0,0.04,0.16,1.32,1.54,553,331,286,126,347,152,138,46,1.13,0.31,7.28,231561,Fulham,3,1090,1130,1080,1140,1100,1120,14,10,2,3,False,Man Utd,24,1809.49279785,Man Utd,Fulham,,,,0.05782311353449471
274,True,True,100.0,100.0,153366,0,0,-2,2,0,3,2.0,2.0,0,Harrison,2.0,336,False,,,43,153366.jpg,2.8,False,Reed,0.3,False,,a,10,54,11,59963,1725,56992,1371,0.5,2.6,Reed,241.0,2020-08-30,1995-01-27,False,p153366,14,1,0,0,1,0,0,0,0,0,0,2,34,35.6,8.4,7.0,5.1,0,1,0,1,0,0.04,0.24,0.28,0.41,,,,,,,[],405,179,416,202,399,195,426,192,0.26,0.0,1.54,1.8,2.64,6.43,571,338,201,87,209,92,310,104,0.0,0.0,6.43,38594,Fulham,3,1090,1130,1080,1140,1100,1120,14,10,2,3,False,Man Utd,24,1809.49279785,Man Utd,Fulham,,,,0.02540293275191313
275,True,True,100.0,100.0,102057,0,0,-3,3,0,4,3.2,3.2,2,Raúl,3.2,337,False,,2025-10-29T18:00:08.542122Z,62,102057.jpg,3.2,False,Jiménez Rodríguez,2.0,False,,a,10,54,71,503524,5954,512341,24413,0.5,11.5,Raúl,139.0,2023-07-25,1991-05-05,False,p102057,1485,5,4,5,18,0,0,0,4,0,0,5,262,296.6,240.3,494.0,102.7,30,38,18,86,18,6.33,0.69,7.02,22.38,,,1.0,,1.0,,[],146,12,96,3,18,10,41,9,0.38,0.0,0.04,0.42,1.36,1.09,72,24,120,12,163,14,129,20,1.09,0.3,5.21,257290,Fulham,3,1090,1130,1080,1140,1100,1120,14,10,2,3,False,Man Utd,24,1809.49279785,Man Utd,Fulham,,,,-0.008679302860124131
283,True,True,100.0,100.0,437495,0,0,-3,3,0,1,-1.0,0.0,0,Illan,0.0,339,False,,,42,437495.jpg,0.0,False,Meslier,0.3,False,,a,11,2,0,11722,117,61065,295,0.0,0.0,Meslier,73.0,2020-07-27,2000-03-02,False,p437495,0,0,0,0,0,0,0,0,0,0,0,0,0,0.0,0.0,0.0,0.0,0,0,0,0,0,0.00,0.00,0.00,0.00,,,,,,,[],612,86,605,76,574,62,613,86,0.0,0.0,0.0,0.0,0.0,0.0,630,35,548,80,620,86,296,39,0.0,0.0,0.0,38594,Leeds,3,1095,1145,1080,1100,1110,1190,11,1,4,3,True,Arsenal,24,1751.14916992,Leeds,Arsenal,,,,-0.6779095168093203
284,True,True,100.0,100.0,97846,0,0,-1,1,0,1,-1.0,0.0,0,Alex,0.0,340,False,,,39,97846.jpg,0.0,False,Cairns,0.2,False,,a,11,2,0,7398,88,13702,159,0.0,0.0,Cairns,241.0,2024-07-08,1993-01-04,False,p97846,0,0,0,0,0,0,0,0,0,0,0,0,0,0.0,0.0,0.0,0.0,0,0,0,0,0,0.00,0.00,0.00,0.00,,,,,,,[],514,39,505,26,468,11,514,39,0.0,0.0,0.0,0.0,0.0,0.0,733,72,444,33,523,39,405,62,0.0,0.0,0.0,25729,Leeds,3,1095,1145,1080,1100,1110,1190,11,1,4,3,True,Arsenal,24,1751.14916992,Leeds,Arsenal,,,,-0.29876777251184833
285,True,True,100.0,100.0,59735,0,0,-1,1,0,1,0.6,1.6,2,Karl,1.6,341,False,,,39,59735.jpg,2.6,False,Darlow,2.1,False,,a,11,2,18,159906,6802,245255,3415,0.4,4.6,Darlow,244.0,2023-07-29,1990-10-08,False,p59735,630,0,0,1,9,0,0,0,0,0,16,0,88,135.2,0.0,0.0,13.6,9,67,0,0,7,0.00,0.01,0.01,5.42,,,,,,,[],286,23,500,21,463,6,373,23,0.0,2.29,0.0,0.0,0.77,1.29,728,67,233,20,234,20,126,17,1.0,0.14,0.0,270155,Leeds,3,1095,1145,1080,1100,1110,1190,11,1,4,3,True,Arsenal,24,1751.14916992,Leeds,Arsenal,,,,-0.21065452992760902
286,True,True,100.0,100.0,226182,0,0,-1,1,0,2,0.8,1.8,2,Jayden,1.8,342,False,,2026-01-04T21:30:12.521247Z,44,226182.jpg,2.5,False,Bogle,0.2,False,,a,11,2,53,27090,381,34504,387,0.4,12.0,Bogle,241.0,2024-07-20,2000-07-27,False,p226182,1750,0,2,4,31,0,0,0,4,0,0,0,145,224.8,165.9,122.0,51.4,66,95,40,106,20,1.15,1.06,2.21,23.65,,,,,,,[],198,79,150,38,182,38,193,61,0.06,0.0,0.05,0.11,1.22,1.59,522,106,215,79,258,102,402,147,1.03,0.21,5.45,25729,Leeds,3,1095,1145,1080,1100,1110,1190,11,1,4,3,True,Arsenal,24,1751.14916992,Leeds,Arsenal,,,,-0.12036886709744456
287,True,True,100.0,100.0,222694,0,0,-2,2,0,2,4.6,5.6,4,Pascal,5.6,343,False,,2025-10-23T13:30:08.346349Z,43,222694.jpg,3.2,False,Struijk,0.4,False,,a,11,2,68,72788,5488,66888,2457,1.3,15.8,Struijk,152.0,2018-04-12,1999-08-11,False,p222694,1808,0,1,4,32,0,0,0,3,0,0,3,237,438.2,105.9,182.0,72.6,161,81,23,184,20,2.25,0.47,2.72,26.67,,,,,3.0,,[],54,26,212,55,113,18,103,31,0.11,0.0,0.02,0.13,1.33,1.59,575,129,15,7,146,59,262,99,1.0,0.2,9.16,51458,Leeds,3,1095,1145,1080,1100,1110,1190,11,1,4,3,True,Arsenal,24,1751.14916992,Leeds,Arsenal,,,,0.042240613992382374
288,True,True,100.0,100.0,437738,0,0,-2,2,0,2,1.8,2.8,4,Sebastiaan,2.8,345,False,,2026-01-11T22:30:10.606564Z,38,437738.jpg,2.3,False,Bornauw,0.1,False,,a,11,2,16,16052,1602,12772,505,0.7,4.2,Bornauw,21.0,2025-07-01,1999-03-22,False,p437738,249,0,0,1,3,0,0,0,0,0,0,0,48,60.4,5.1,6.0,7.1,27,6,5,32,3,0.00,0.01,0.01,4.24,,,,,,,[],375,145,426,156,404,151,415,151,0.0,0.0,0.0,0.0,1.53,1.08,785,241,138,50,278,108,432,161,1.08,0.36,11.57,12865,Leeds,3,1095,1145,1080,1100,1110,1190,11,1,4,3,True,Arsenal,24,1751.14916992,Leeds,Arsenal,,,,0.1137940605051346
289,True,True,100.0,100.0,113564,0,0,-2,2,0,2,-1.0,0.0,0,Sam,0.0,346,False,,,38,113564.jpg,1.0,False,Byram,0.2,False,,a,11,2,1,22162,214,31615,252,0.0,0.3,Byram,241.0,2023-08-05,1993-09-16,False,p113564,7,0,0,0,1,0,0,0,0,0,0,0,-2,0.0,0.0,0.0,0.0,0,0,0,0,0,0.00,0.00,0.00,0.79,,,,,,,[],489,177,477,175,439,166,489,176,0.0,0.0,0.0,0.0,10.16,12.86,776,233,414,153,431,156,369,134,0.0,0.0,0.0,25729,Leeds,3,1095,1145,1080,1100,1110,1190,11,1,4,3,True,Arsenal,24,1751.14916992,Leeds,Arsenal,,,,-0.17578146791379215
290,True,True,25.0,75.0,243526,0,0,-2,2,0,2,0.6,2.4,0,Gabriel,3.2,347,False,Muscle injury - 25% chance of playing,2026-01-22T19:30:07.290489Z,38,243526.jpg,2.5,False,Gudmundsson,3.9,False,,d,11,2,55,853275,4463,708833,31705,0.8,14.5,Gudmundsson,206.0,2025-07-08,1999-04-29,False,p243526,1830,0,0,4,33,1,0,0,2,0,0,8,220,339.6,303.2,120.0,76.4,83,85,48,131,21,0.98,1.89,2.86,27.22,,,,,,,[],108,48,61,11,186,40,94,25,0.05,0.0,0.09,0.14,1.34,1.62,781,237,105,38,252,98,88,30,1.03,0.2,6.44,501716,Leeds,3,1095,1145,1080,1100,1110,1190,11,1,4,3,True,Arsenal,24,1751.14916992,Leeds,Arsenal,,,,0.09246607788962095
291,True,True,100.0,100.0,214225,0,0,-1,1,1,2,1.2,2.2,4,Joe,2.2,348,False,,2025-12-28T21:30:08.770296Z,39,214225.jpg,3.2,False,Rodon,3.5,False,,a,11,2,68,988233,14991,840189,12936,0.6,17.4,Rodon,244.0,2024-07-02,1997-10-22,False,p214225,1830,2,0,3,36,0,0,0,1,0,0,5,223,444.4,60.8,156.0,66.2,141,55,22,163,21,0.93,0.16,1.09,27.83,,,,,,,[],52,24,292,95,134,23,126,40,0.05,0.0,0.01,0.06,1.37,1.77,740,212,185,68,144,58,96,36,1.03,0.15,8.02,450258,Leeds,3,1095,1145,1080,1100,1110,1190,11,1,4,3,True,Arsenal,24,1751.14916992,Leeds,Arsenal,,,,0.08096817911838733
292,True,True,100.0,100.0,427637,0,0,-1,1,2,3,5.2,6.2,4,Brenden,6.2,350,False,,,54,427637.jpg,4.1,False,Aaronson,0.8,False,,a,11,2,91,157547,9590,63658,9585,1.1,16.9,Aaronson,229.0,2022-07-01,2000-10-22,False,p427637,1416,4,6,5,20,0,0,0,1,0,0,5,322,364.2,318.3,353.0,103.5,21,79,36,136,16,3.15,2.77,5.92,19.98,,,,,,,[],93,29,56,46,39,23,39,29,0.2,0.0,0.18,0.38,1.27,1.27,171,106,10,5,62,27,196,66,1.02,0.32,8.64,102916,Leeds,3,1095,1145,1080,1100,1110,1190,11,1,4,3,True,Arsenal,24,1751.14916992,Leeds,Arsenal,,,,0.4244433896159671
293,True,True,100.0,100.0,492859,0,0,-3,3,0,3,-0.4,0.6,0,Wilfried,0.6,351,False,,2025-09-18T14:30:08.147956Z,52,492859.jpg,1.5,False,Gnonto,0.1,False,,a,11,2,20,8525,112,39218,137,0.1,3.8,Gnonto,106.0,2022-09-01,2003-11-05,False,p492859,337,0,2,1,10,0,0,0,2,0,0,0,86,59.0,85.2,29.0,17.4,9,14,14,37,4,0.25,0.53,0.78,7.87,,,,,,,[],378,166,244,149,335,175,358,169,0.07,0.0,0.14,0.21,2.1,2.67,218,135,325,148,395,176,493,175,1.07,0.27,9.88,12865,Leeds,3,1095,1145,1080,1100,1110,1190,11,1,4,3,True,Arsenal,24,1751.14916992,Leeds,Arsenal,,,,-0.6428795844416982
294,True,True,75.0,25.0,200617,0,0,-3,3,0,3,-0.8,0.0,0,Daniel,0.0,353,False,Lack of match fitness - 75% chance of playing,2025-12-04T10:30:09.533717Z,52,200617.jpg,1.3,False,James,0.1,False,,d,11,2,13,7285,18,52103,67,0.0,2.5,James,244.0,2021-08-31,1997-11-10,False,p200617,348,0,0,1,12,0,0,0,0,0,0,0,50,36.0,95.0,87.0,21.9,2,12,4,18,4,0.71,0.56,1.27,8.79,,,,,,,[],404,178,227,139,234,127,334,162,0.18,0.0,0.14,0.32,2.27,3.1,208,130,758,333,418,188,476,164,1.03,0.26,4.66,12865,Leeds,3,1095,1145,1080,1100,1110,1190,11,1,4,3,True,Arsenal,24,1751.14916992,Leeds,Arsenal,,,,-0.7546642419343975
295,True,True,100.0,100.0,199598,0,0,-1,1,1,3,2.6,3.6,4,Ethan,3.6,354,False,,2026-01-01T21:30:11.936054Z,49,199598.jpg,3.6,False,Ampadu,0.1,False,,a,11,2,72,30257,844,24056,822,0.7,14.7,Ampadu,244.0,2023-07-19,2000-09-14,False,p199598,1769,1,1,4,31,0,0,0,7,0,0,5,334,363.4,206.1,80.0,65.2,85,109,48,242,20,1.60,1.28,2.88,25.72,,,,,,,[],95,30,118,84,244,132,131,71,0.08,0.0,0.07,0.15,1.31,1.58,299,185,84,37,112,51,408,137,1.02,0.2,12.31,12865,Leeds,3,1095,1145,1080,1100,1110,1190,11,1,4,3,True,Arsenal,24,1751.14916992,Leeds,Arsenal,,,,0.11417156113637619
296,True,True,100.0,100.0,486520,0,0,-3,3,0,3,2.4,3.4,2,Ilia,3.4,356,False,,,47,486520.jpg,2.4,False,Gruev,0.1,False,,a,11,2,33,5835,195,6368,225,0.7,7.0,Gruev,34.0,2023-08-31,2000-05-06,False,p486520,795,0,2,4,16,0,0,0,2,0,0,0,157,101.0,85.2,8.0,19.2,17,41,16,74,9,0.09,0.32,0.41,16.13,,,,,,,[],319,141,243,148,393,193,350,166,0.01,0.0,0.04,0.05,1.83,1.81,388,242,95,42,269,113,563,207,1.02,0.45,8.38,12865,Leeds,3,1095,1145,1080,1100,1110,1190,11,1,4,3,True,Arsenal,24,1751.14916992,Leeds,Arsenal,,,,-0.04367778415143817
297,True,True,100.0,100.0,248056,0,0,-2,2,0,3,0.0,1.0,1,Tanaka,1.0,358,False,,2025-08-24T01:30:06.493361Z,48,248056.jpg,2.1,False,Ao,0.2,False,,a,11,2,43,50072,284,52614,1429,0.2,9.0,Tanaka,108.0,2024-08-30,1998-09-10,False,p248056,737,2,0,2,16,0,0,0,1,0,0,2,166,140.0,127.1,78.0,34.5,20,46,17,83,7,0.83,0.61,1.44,13.29,,,,,,,[],280,124,187,125,248,133,272,134,0.1,0.0,0.07,0.17,1.62,1.95,365,227,289,128,308,135,344,116,0.85,0.24,10.14,25729,Leeds,3,1095,1145,1080,1100,1110,1190,11,1,4,3,True,Arsenal,24,1751.14916992,Leeds,Arsenal,,,,-0.024755078589096858
298,True,True,100.0,100.0,235826,0,0,-6,6,0,4,-0.8,0.2,0,Joël,0.2,362,False,,2025-09-11T17:30:06.758854Z,49,235826.jpg,1.1,False,Piroe,0.3,False,,a,11,2,11,36233,309,216331,431,0.0,2.2,Piroe,152.0,2023-08-24,1999-08-02,False,p235826,201,0,0,1,6,0,0,0,0,0,0,0,22,6.0,20.7,90.0,11.2,1,8,0,9,2,0.65,0.08,0.73,4.77,,,,,2.0,,[],452,52,375,48,229,44,391,48,0.29,0.0,0.04,0.33,2.14,2.69,318,57,400,44,428,51,292,47,0.9,0.45,4.03,38594,Leeds,3,1095,1145,1080,1100,1110,1190,11,1,4,3,True,Arsenal,24,1751.14916992,Leeds,Arsenal,,,,-0.7130786652096103
306,True,True,100.0,100.0,116535,0,0,-1,1,1,1,4.5,4.5,1,Alisson,4.0,366,False,,2025-11-27T10:00:06.952479Z,54,116535.jpg,3.6,False,Becker,6.0,False,,a,12,14,65,529454,3561,1229606,15274,0.7,12.0,A.Becker,30.0,2018-07-19,1992-10-02,False,p116535,1620,0,0,6,22,0,0,0,0,0,36,6,261,307.4,0.1,0.0,30.7,26,155,0,0,18,0.00,0.02,0.02,19.45,,,,,,,[],132,20,472,15,777,90,291,20,0.0,2.0,0.0,0.0,1.08,1.22,159,4,58,4,117,12,65,10,1.0,0.33,0.0,771870,Liverpool,4,1230,1265,1170,1210,1290,1320,12,15,3,4,True,Newcastle,24,1940.71777344,Liverpool,Newcastle,,,,-0.398026218548543
307,True,True,100.0,100.0,449027,0,0,-3,3,0,1,0.5,0.5,0,Giorgi,0.0,367,False,,,42,449027.jpg,3.8,False,Mamardashvili,0.6,False,,a,12,14,19,150116,296,160843,1191,0.0,4.5,Mamardashvili,79.0,2024-08-27,2000-09-29,False,p449027,450,0,0,1,10,0,1,0,0,0,17,0,70,140.0,0.0,0.0,13.9,7,43,0,0,5,0.00,0.00,0.00,7.10,,,,,,,[],279,22,606,77,575,63,372,22,0.0,3.4,0.0,0.0,1.42,2.0,632,36,549,81,87,8,243,32,1.0,0.2,0.0,77187,Liverpool,4,1230,1265,1170,1210,1290,1320,12,15,3,4,True,Newcastle,24,1940.71777344,Liverpool,Newcastle,,,,-0.034496509186098485
308,True,True,100.0,100.0,586268,0,0,-2,2,0,1,0.5,0.5,0,Ármin,0.0,368,False,,,38,586268.jpg,0.0,False,Pécsi,0.5,False,,a,12,14,0,72588,8227,33007,2023,0.0,0.0,Pécsi,98.0,2025-06-07,2005-02-24,False,p586268,0,0,0,0,0,0,0,0,0,0,0,0,0,0.0,0.0,0.0,0.0,0,0,0,0,0,0.00,0.00,0.00,0.00,,,,,,,[],506,32,496,18,459,3,506,32,0.0,0.0,0.0,0.0,0.0,0.0,804,93,436,26,515,32,254,33,0.0,0.0,0.0,64323,Liverpool,4,1230,1265,1170,1210,1290,1320,12,15,3,4,True,Newcastle,24,1940.71777344,Liverpool,Newcastle,,,,0.3748378237605947
309,True,True,100.0,100.0,155503,0,0,-1,1,0,1,0.5,0.5,0,Freddie,0.0,369,False,,,39,155503.jpg,0.0,False,Woodman,0.2,False,,a,12,14,0,21744,66,15731,260,0.0,0.0,Woodman,241.0,2025-07-01,1997-03-04,False,p155503,0,0,0,0,0,0,0,0,0,0,0,0,0,0.0,0.0,0.0,0.0,0,0,0,0,0,0.00,0.00,0.00,0.00,,,,,,,[],516,41,507,28,470,13,516,41,0.0,0.0,0.0,0.0,0.0,0.0,736,74,447,35,525,41,381,55,0.0,0.0,0.0,25729,Liverpool,4,1230,1265,1170,1210,1290,1320,12,15,3,4,True,Newcastle,24,1940.71777344,Liverpool,Newcastle,,,,0.16045363575717145
310,True,True,25.0,100.0,216094,0,0,-2,2,0,2,1.0,4.1,0,Jeremie,3.6,370,False,Groin Injury - 25% chance of playing,2026-01-29T00:00:09.393048Z,58,216094.jpg,3.1,False,Frimpong,6.5,False,,d,12,14,34,586983,7582,3112933,51768,0.6,5.9,Frimpong,152.0,2025-06-01,2000-12-10,False,p216094,538,0,4,2,7,0,0,0,0,0,0,0,136,83.2,140.8,103.0,32.8,12,31,4,16,6,0.39,1.02,1.41,5.96,,,,,,,[],340,130,171,42,213,54,280,93,0.07,0.0,0.17,0.24,1.0,1.17,107,8,90,34,177,70,58,19,1.0,0.33,2.68,836193,Liverpool,4,1230,1265,1170,1210,1290,1320,12,15,3,4,True,Newcastle,24,1940.71777344,Liverpool,Newcastle,,,,-0.6827046884307644
311,True,True,100.0,100.0,544877,0,0,-4,4,0,2,2.9,2.9,0,Milos,2.4,371,False,,,56,544877.jpg,2.4,False,Kerkez,2.9,False,,a,12,14,53,302000,1925,768678,6651,0.4,9.5,Kerkez,98.0,2025-06-26,2003-11-07,False,p544877,1535,1,0,4,24,0,0,0,4,0,0,4,241,314.6,330.0,110.0,75.6,72,58,34,106,19,0.95,0.58,1.53,19.29,,,,,,,[],125,54,50,7,199,50,96,27,0.06,0.0,0.03,0.09,1.13,1.41,134,16,180,66,274,107,107,43,1.11,0.23,6.21,373071,Liverpool,4,1230,1265,1170,1210,1290,1320,12,15,3,4,True,Newcastle,24,1940.71777344,Liverpool,Newcastle,,,,-0.4358714758312023
312,True,True,100.0,100.0,122798,0,0,-3,3,1,2,2.1,2.1,1,Andrew,1.6,372,False,,,57,122798.jpg,1.8,False,Robertson,1.0,False,,a,12,14,25,51799,528,127339,999,0.3,4.4,Robertson,243.0,2017-07-21,1994-03-11,False,p122798,538,0,0,2,8,0,0,0,0,0,0,2,112,115.6,180.3,57.0,35.4,20,21,10,30,4,0.21,0.78,0.98,7.47,,,,,,,[],304,116,138,33,286,88,266,90,0.04,0.0,0.13,0.17,1.25,1.34,115,10,246,93,358,135,186,72,0.67,0.33,5.02,128645,Liverpool,4,1230,1265,1170,1210,1290,1320,12,15,3,4,True,Newcastle,24,1940.71777344,Liverpool,Newcastle,,,,-0.4216860744230705
313,True,True,100.0,100.0,97032,0,0,-1,1,0,2,5.3,5.3,9,Virgil,4.8,373,False,,,59,97032.jpg,3.9,False,van Dijk,22.0,False,,a,12,14,90,2655965,23564,3154365,47345,0.8,15.3,Virgil,152.0,2018-01-01,1991-07-08,False,p97032,2070,1,0,7,32,0,0,0,3,0,0,4,343,656.0,135.0,212.0,100.2,201,51,16,217,23,1.05,0.72,1.77,26.55,,,,,,,[],7,3,177,45,91,10,50,6,0.05,0.0,0.03,0.08,1.15,1.39,91,5,33,13,84,32,16,5,1.0,0.3,9.43,2830191,Liverpool,4,1230,1265,1170,1210,1290,1320,12,15,3,4,True,Newcastle,24,1940.71777344,Liverpool,Newcastle,,,,-0.08577826044303852
314,True,True,75.0,25.0,204716,0,0,-1,1,0,2,2.9,1.0,0,Ibrahima,3.4,374,False,Personal Reasons - 75% chance of playing,2026-01-23T11:00:09.438636Z,54,204716.jpg,3.7,False,Konaté,2.9,False,,d,12,14,81,551400,272,623859,30184,0.6,15.0,Konaté,73.0,2021-07-01,1999-05-25,False,p204716,1876,0,0,7,26,0,0,0,5,0,0,6,315,478.2,107.5,73.0,66.1,156,61,31,187,22,0.81,0.81,1.62,21.63,,,,,,,[],38,16,211,54,256,73,127,41,0.04,0.0,0.04,0.08,1.04,1.25,166,18,100,37,104,37,109,44,1.06,0.34,8.97,373071,Liverpool,4,1230,1265,1170,1210,1290,1320,12,15,3,4,True,Newcastle,24,1940.71777344,Liverpool,Newcastle,,,,-0.06165364400527883
315,True,True,75.0,100.0,171287,0,0,-1,1,1,2,0.7,0.9,0,Joe,0.4,376,False,Knock - 75% chance of playing,2026-01-25T00:30:09.079910Z,49,171287.jpg,2.3,False,Gomez,0.1,False,,d,12,14,25,22188,75,27320,496,0.1,5.1,Gomez,241.0,2015-06-20,1997-05-23,False,p171287,279,0,2,2,7,0,0,0,2,0,0,2,70,74.8,56.9,22.0,15.3,19,9,2,21,4,0.18,0.54,0.72,3.77,,,,,,,[],354,134,303,100,354,121,365,129,0.06,0.0,0.17,0.23,1.22,2.26,297,47,350,129,281,110,410,150,1.29,0.65,6.77,12865,Liverpool,4,1230,1265,1170,1210,1290,1320,12,15,3,4,True,Newcastle,24,1940.71777344,Liverpool,Newcastle,,,,-0.10366001454310414
316,True,True,100.0,100.0,611926,0,0,-3,3,0,2,0.5,0.5,0,Amara,0.0,378,False,,2025-10-30T11:30:08.685763Z,37,611926.jpg,0.0,False,Nallo,1.1,False,,a,12,14,0,179083,11081,73066,7009,0.0,0.0,Nallo,241.0,2024-02-27,2006-11-18,False,p611926,0,0,0,0,0,0,0,0,0,0,0,0,0,0.0,0.0,0.0,0.0,0,0,0,0,0,0.00,0.00,0.00,0.00,,,,,,,[],487,175,475,173,437,164,487,174,0.0,0.0,0.0,0.0,0.0,0.0,808,263,412,151,497,176,178,70,0.0,0.0,0.0,141510,Liverpool,4,1230,1265,1170,1210,1290,1320,12,15,3,4,True,Newcastle,24,1940.71777344,Liverpool,Newcastle,,,,0.42045377931302524
317,True,True,100.0,100.0,219937,-1,1,-3,3,0,2,0.5,0.5,0,Rhys,0.0,379,False,,,37,219937.jpg,0.0,False,Williams,0.3,False,,a,12,14,0,30741,6278,28378,1119,0.0,0.0,R.Williams,241.0,2020-09-23,2001-02-03,False,p219937,0,0,0,0,0,0,0,0,0,0,0,0,0,0.0,0.0,0.0,0.0,0,0,0,0,0,0.00,0.00,0.00,0.00,,,,,,,[],486,174,474,172,436,163,486,173,0.0,0.0,0.0,0.0,0.0,0.0,807,262,411,150,496,175,325,119,0.0,0.0,0.0,38594,Liverpool,4,1230,1265,1170,1210,1290,1320,12,15,3,4,True,Newcastle,24,1940.71777344,Liverpool,Newcastle,,,,0.03997022953703547
318,True,True,100.0,100.0,489580,0,0,-2,2,0,2,0.5,0.5,0,Calvin,0.0,380,False,,,38,489580.jpg,0.0,False,Ramsay,0.2,False,,a,12,14,0,26548,113,29543,300,0.0,0.0,Ramsay,243.0,2022-06-19,2003-07-31,False,p489580,0,0,0,0,0,0,0,0,0,0,0,0,0,0.0,0.0,0.0,0.0,0,0,0,0,0,0.00,0.00,0.00,0.00,,,,,,,[],495,182,484,181,446,172,495,181,0.0,0.0,0.0,0.0,0.0,0.0,788,244,423,161,504,182,349,127,0.0,0.0,0.0,25729,Liverpool,4,1230,1265,1170,1210,1290,1320,12,15,3,4,True,Newcastle,24,1940.71777344,Liverpool,Newcastle,,,,-0.053395375372163094
319,True,True,100.0,100.0,118748,0,0,-5,5,0,3,1.5,1.5,5,Mohamed,1.0,381,False,,2025-12-13T14:30:11.477568Z,140,118748.jpg,4.6,False,Salah,14.3,False,,a,12,14,69,1299588,11759,5835591,7364,0.1,4.9,M.Salah,63.0,2017-07-01,1992-06-15,False,p118748,1273,4,4,4,24,0,0,0,1,0,0,5,218,308.4,485.7,501.0,129.5,7,41,3,51,13,5.00,2.94,7.94,18.91,,,4.0,,1.0,,[],129,44,17,16,17,8,19,15,0.35,0.0,0.21,0.56,1.34,1.7,2,1,302,139,31,15,25,11,0.92,0.28,3.61,1839624,Liverpool,4,1230,1265,1170,1210,1290,1320,12,15,3,4,True,Newcastle,24,1940.71777344,Liverpool,Newcastle,,,,-0.6357237849253676
320,True,True,100.0,100.0,494595,0,0,-2,2,2,3,6.1,6.1,2,Florian,5.6,382,False,,2025-11-21T12:00:09.930986Z,83,494595.jpg,3.8,False,Wirtz,12.8,False,,a,12,14,83,1687243,38863,3777005,105767,0.7,10.0,Wirtz,80.0,2025-06-20,2003-05-03,False,p494595,1584,3,2,7,20,0,0,0,1,0,0,14,345,324.4,604.3,446.0,137.5,14,74,24,112,18,4.64,3.52,8.15,19.87,4.0,,,,,,[],115,40,7,7,23,11,13,11,0.26,0.0,0.2,0.46,1.13,1.14,14,9,20,8,96,46,32,12,1.02,0.4,6.36,1646657,Liverpool,4,1230,1265,1170,1210,1290,1320,12,15,3,4,True,Newcastle,24,1940.71777344,Liverpool,Newcastle,,,,-0.38244274417998597
321,True,True,100.0,100.0,243298,0,0,-2,2,1,3,3.3,3.3,2,Cody,2.8,384,False,,2025-12-09T02:00:07.849895Z,73,243298.jpg,3.8,False,Gakpo,5.7,False,,a,12,14,80,3271594,4362,3649717,22113,0.4,11.0,Gakpo,152.0,2023-01-01,1999-05-07,False,p243298,1494,5,3,5,23,0,0,0,1,0,0,5,294,325.0,433.0,504.0,126.1,21,45,11,77,17,5.09,3.41,8.50,16.31,3.0,,,,3.0,,[],114,39,25,24,16,7,22,18,0.31,0.0,0.21,0.52,0.98,1.39,28,19,152,64,95,45,71,24,1.02,0.3,4.64,733277,Liverpool,4,1230,1265,1170,1210,1290,1320,12,15,3,4,True,Newcastle,24,1940.71777344,Liverpool,Newcastle,,,,-0.054631701999809
322,True,True,100.0,50.0,223541,0,0,-2,2,0,3,1.1,0.6,0,Federico,0.6,385,False,,2026-01-22T01:30:07.298753Z,63,223541.jpg,1.8,False,Chiesa,0.3,False,,a,12,14,28,54879,33,66377,953,0.1,4.4,Chiesa,106.0,2024-08-29,1997-10-25,False,p223541,230,2,1,0,6,0,0,0,2,0,0,0,107,111.0,33.0,106.0,24.9,11,6,8,25,1,1.17,0.49,1.66,4.39,,,,,,,[],312,138,348,183,209,115,319,154,0.46,0.0,0.19,0.65,1.72,2.35,67,45,328,150,361,159,322,108,0.39,0.0,9.78,38594,Liverpool,4,1230,1265,1170,1210,1290,1320,12,15,3,4,True,Newcastle,24,1940.71777344,Liverpool,Newcastle,,,,-0.09482417364913902
323,True,True,100.0,100.0,243016,0,0,-3,3,0,3,1.9,1.9,1,Alexis,1.4,386,False,,2025-08-28T17:30:07.822110Z,62,243016.jpg,2.1,False,Mac Allister,1.2,False,,a,12,14,46,159787,1139,261084,3306,0.2,7.4,Mac Allister,10.0,2023-06-14,1998-12-24,False,p243016,1456,0,2,5,21,0,0,0,3,0,0,0,234,220.2,283.4,178.0,68.2,37,61,24,122,18,2.05,1.07,3.12,17.30,,,,,4.0,,[],202,86,76,58,117,68,122,68,0.13,0.0,0.07,0.2,1.07,1.3,74,48,262,113,313,138,171,59,1.11,0.31,7.54,154374,Liverpool,4,1230,1265,1170,1210,1290,1320,12,15,3,4,True,Newcastle,24,1940.71777344,Liverpool,Newcastle,,,,-0.24068420014683833
324,True,True,100.0,100.0,424876,0,0,1,-1,2,3,4.7,4.7,13,Dominik,4.2,387,False,,2025-12-13T19:30:11.046303Z,66,424876.jpg,3.8,False,Szoboszlai,5.9,False,,a,12,14,84,1527725,122372,1169257,16254,0.6,12.7,Szoboszlai,98.0,2023-07-02,2000-10-25,False,p424876,1972,3,2,7,31,0,0,1,5,0,0,11,435,467.0,719.3,251.0,143.6,54,111,30,195,22,3.40,3.41,6.81,25.26,2.0,,2.0,,,,[],44,11,2,2,70,45,11,9,0.16,0.0,0.16,0.32,1.15,1.41,49,31,50,22,93,43,68,23,1.0,0.32,8.9,759006,Liverpool,4,1230,1265,1170,1210,1290,1320,12,15,3,4,True,Newcastle,24,1940.71777344,Liverpool,Newcastle,,,,0.13291449479455184
325,True,True,75.0,100.0,206915,0,0,-1,1,0,3,2.0,2.7,1,Curtis,2.2,388,False,Illness - 75% chance of playing,2026-01-29T15:00:09.369227Z,54,206915.jpg,2.0,False,Jones,0.1,False,,d,12,14,40,26885,297,29160,995,0.4,7.4,C.Jones,241.0,2018-04-06,2001-01-30,False,p206915,1081,0,2,2,20,0,0,0,1,0,0,1,247,209.6,291.0,106.0,60.5,20,77,20,117,10,1.05,2.16,3.21,16.65,,,,,,,[],214,89,70,56,208,114,154,86,0.09,0.0,0.18,0.27,1.39,1.67,168,104,194,82,324,144,430,145,0.83,0.17,9.74,12865,Liverpool,4,1230,1265,1170,1210,1290,1320,12,15,3,4,True,Newcastle,24,1940.71777344,Liverpool,Newcastle,,,,-0.04059238112231243
47,True,True,100.0,100.0,444884,0,0,-4,4,0,3,0.0,0.0,0,Harvey,0.0,389,False,,2025-12-19T15:00:08.993439Z,51,444884.jpg,1.0,False,Elliott,0.2,False,,a,2,7,4,92526,297,100990,228,0.0,0.8,Elliott,241.0,2025-09-01,2003-04-04,False,p444884,97,0,0,0,2,0,0,0,0,0,0,0,13,8.6,17.8,18.0,4.4,2,3,0,5,1,0.19,0.06,0.25,1.74,,,,,,,"[{'property': 'loan_ineligible', 'notes': 'This player will not be available to face their parent club in Gameweek 37 as part of their loan conditions.', 'gameweek': 37, 'url': None}]",445,201,381,191,364,185,435,197,0.18,0.0,0.06,0.24,1.61,1.86,235,145,756,331,477,224,391,133,0.93,0.0,4.64,25729,Aston Villa,3,1145,1185,1150,1170,1140,1200,2,5,3,3,True,Brentford,24,1923.92321777,Aston Villa,Brentford,,,,-0.043737985489571925
326,True,True,100.0,100.0,441266,0,0,2,-2,3,3,3.1,3.1,1,Ryan,2.6,390,False,,2025-10-20T00:30:09.747338Z,57,441266.jpg,4.6,False,Gravenberch,5.6,False,,a,12,14,97,1824173,9504,1245222,61571,0.5,17.0,Gravenberch,152.0,2023-09-01,2002-05-16,False,p441266,1848,4,3,7,26,0,0,0,4,0,0,13,444,463.6,319.7,125.0,90.8,66,90,35,191,21,1.22,1.49,2.71,21.36,,,,,,,[],46,12,54,45,177,103,61,41,0.06,0.0,0.07,0.13,1.04,1.27,121,76,162,69,29,14,72,25,1.02,0.34,9.3,720412,Liverpool,4,1230,1265,1170,1210,1290,1320,12,15,3,4,True,Newcastle,24,1940.71777344,Liverpool,Newcastle,,,,0.18862055877461192
327,True,True,100.0,100.0,158983,0,0,-1,1,0,3,0.7,0.7,1,Endo,0.2,392,False,,2025-12-12T12:00:10.357849Z,49,158983.jpg,1.3,False,Wataru,0.1,False,,a,12,14,8,6866,125,14428,61,0.0,1.6,Endo,108.0,2023-08-18,1993-02-09,False,p158983,99,0,1,0,5,0,0,0,1,0,0,0,32,41.4,16.0,0.0,5.7,7,0,5,12,0,0.00,0.04,0.04,3.69,,,,,,,[],397,174,384,192,734,315,423,190,0.0,0.0,0.04,0.04,3.35,4.55,294,182,395,184,415,185,492,174,0.0,0.0,10.91,12865,Liverpool,4,1230,1265,1170,1210,1290,1320,12,15,3,4,True,Newcastle,24,1940.71777344,Liverpool,Newcastle,,,,-0.3551235089696628
328,True,True,100.0,100.0,591386,0,0,-2,2,0,3,0.5,0.5,0,Trey,0.0,396,False,,,43,591386.jpg,1.0,False,Nyoni,0.3,False,,a,12,14,2,95959,108,78562,820,0.0,0.5,Nyoni,241.0,2023-11-11,2007-06-30,False,p591386,2,0,0,0,0,0,0,0,0,0,0,0,5,2.2,10.3,0.0,1.3,0,0,0,0,0,0.00,0.00,0.00,0.00,,,,,,,[],467,216,401,199,601,227,462,214,0.0,0.0,0.0,0.0,0.0,0.0,609,354,580,206,445,197,298,99,0.0,0.0,0.0,38594,Liverpool,4,1230,1265,1170,1210,1290,1320,12,15,3,4,True,Newcastle,24,1940.71777344,Liverpool,Newcastle,,,,0.09968427868279463
336,True,True,100.0,100.0,88248,0,0,-3,3,0,1,0.5,0.5,0,Stefan,0.0,400,False,,,47,88248.jpg,0.0,False,Ortega Moreno,0.2,False,,a,13,43,0,3131,32,19425,127,0.0,0.0,Ortega Moreno,80.0,2022-07-01,1992-11-06,False,p88248,0,0,0,0,0,0,0,0,0,0,0,0,0,0.0,0.0,0.0,0.0,0,0,0,0,0,0.00,0.00,0.00,0.00,,,,,,,[],740,91,735,87,720,78,739,91,0.0,0.0,0.0,0.0,0.0,0.0,376,16,693,89,740,91,401,60,0.0,0.0,0.0,25729,Man City,4,1250,1305,1210,1230,1290,1380,18,13,4,3,False,Spurs,24,1982.90136719,Spurs,Man City,,,,-0.7223798545841461
337,True,True,100.0,100.0,122074,0,0,-2,2,0,1,0.5,0.5,0,Marcus,0.0,401,False,,2025-08-22T12:00:07.134628Z,38,122074.jpg,0.0,False,Bettinelli,0.2,False,,a,13,43,0,17778,4416,17767,1619,0.0,0.0,Bettinelli,241.0,2025-06-10,1992-05-24,False,p122074,0,0,0,0,0,0,0,0,0,0,0,0,0,0.0,0.0,0.0,0.0,0,0,0,0,0,0.00,0.00,0.00,0.00,,,,,,,[],490,31,478,17,440,2,490,31,0.0,0.0,0.0,0.0,0.0,0.0,777,92,415,25,499,31,363,53,0.0,0.0,0.0,25729,Man City,4,1250,1305,1210,1230,1290,1380,18,13,4,3,False,Spurs,24,1982.90136719,Spurs,Man City,,,,0.0003094668729779153
338,True,True,100.0,100.0,448514,0,0,-3,3,0,2,0.7,0.7,0,Rayan,0.2,402,False,,2025-12-13T14:30:11.538845Z,57,448514.jpg,2.2,False,Aït-Nouri,3.8,False,,a,13,43,13,515767,919,2386121,2413,0.0,2.3,Aït-Nouri,3.0,2025-06-09,2001-06-06,False,p448514,214,0,0,1,2,0,0,0,1,0,0,1,42,46.6,39.3,11.0,9.7,14,8,9,23,3,0.04,0.51,0.55,3.12,,,,,,,[],391,149,336,115,379,136,398,143,0.02,0.0,0.21,0.23,1.31,0.84,122,12,407,148,301,114,91,33,1.26,0.42,9.67,488851,Man City,4,1250,1305,1210,1230,1290,1380,18,13,4,3,False,Spurs,24,1982.90136719,Spurs,Man City,,,,-0.6445300438886683
339,True,True,100.0,100.0,126184,0,0,-2,2,0,2,2.9,2.9,0,Nathan,2.4,405,False,,,53,126184.jpg,2.1,False,Aké,0.6,False,,a,13,43,25,42260,634,78626,2213,0.5,4.7,Aké,152.0,2020-08-05,1995-02-18,False,p126184,484,0,0,2,7,0,0,0,1,0,0,1,106,93.6,83.1,25.0,20.3,26,12,9,35,4,0.28,0.44,0.72,7.84,,,,,,,[],328,127,250,74,344,114,343,119,0.05,0.0,0.08,0.13,1.46,1.3,187,24,177,64,311,118,227,86,0.74,0.37,6.51,77187,Man City,4,1250,1305,1210,1230,1290,1380,18,13,4,3,False,Spurs,24,1982.90136719,Spurs,Man City,,,,-0.3008288801019142
340,True,True,100.0,100.0,578153,0,0,-1,1,0,2,2.9,2.9,6,Abdukodir,2.4,406,False,,2025-09-21T22:30:06.201489Z,54,578153.jpg,2.7,False,Khusanov,0.4,False,,a,13,43,24,45263,1517,61940,1728,0.4,4.4,Khusanov,231.0,2025-01-20,2004-02-29,False,p578153,559,0,0,2,5,0,0,0,1,0,0,0,117,112.2,30.4,0.0,14.3,38,23,15,53,6,0.00,0.09,0.09,8.59,,,,,,,[],308,118,352,123,786,263,369,132,0.0,0.0,0.01,0.01,1.38,0.81,184,22,179,65,231,90,278,104,0.97,0.32,8.53,51458,Man City,4,1250,1305,1210,1230,1290,1380,18,13,4,3,False,Spurs,24,1982.90136719,Spurs,Man City,,,,-0.15556467636166899
341,True,True,100.0,75.0,465351,-1,1,-1,1,5,2,5.5,4.1,11,Matheus,5.0,407,False,,2026-01-20T00:30:08.597207Z,54,465351.jpg,5.2,False,Nunes,3.3,False,,a,13,43,105,775183,28825,438829,24604,0.9,19.4,Matheus N.,173.0,2023-09-01,1998-08-27,False,p465351,1665,1,5,8,16,0,0,0,4,0,0,14,427,443.0,257.4,54.0,75.7,92,103,42,134,18,0.25,1.32,1.57,19.42,,,,,4.0,,[],53,25,86,21,290,90,95,26,0.01,0.0,0.07,0.08,1.05,0.86,174,21,28,11,11,4,98,37,0.97,0.43,7.24,424529,Man City,4,1250,1305,1210,1230,1290,1380,18,13,4,3,False,Spurs,24,1982.90136719,Spurs,Man City,,,,0.2770598643176509
342,True,True,100.0,100.0,477064,0,0,-4,4,1,2,0.7,0.7,0,Rico,0.2,410,False,,2025-09-05T10:00:06.653551Z,46,477064.jpg,1.9,False,Lewis,1.3,False,,a,13,43,19,365205,337,452333,1974,0.0,4.1,Lewis,241.0,2022-07-16,2004-11-21,False,p477064,311,0,1,1,5,0,0,0,1,0,0,2,75,67.4,97.3,43.0,20.7,14,10,5,19,3,0.11,1.31,1.42,5.04,,,,,,,[],366,141,225,64,306,97,340,117,0.03,0.0,0.38,0.41,1.46,1.45,396,69,390,144,335,130,169,64,0.87,0.29,5.5,167239,Man City,4,1250,1305,1210,1230,1290,1380,18,13,4,3,False,Spurs,24,1982.90136719,Spurs,Man City,,,,-0.10657363939046259
343,True,True,100.0,100.0,472769,-1,1,0,0,0,2,2.3,2.3,6,Nico,1.8,411,False,,2025-09-05T10:00:06.671127Z,50,472769.jpg,3.8,False,O'Reilly,6.2,False,,a,13,43,84,1893261,4477,1159286,93143,0.4,16.8,O'Reilly,241.0,2022-12-16,2005-03-21,False,p472769,1611,1,3,9,15,0,0,0,4,0,0,2,326,364.8,276.4,203.0,84.5,73,68,49,122,17,2.11,1.49,3.60,21.26,,,,,,,[],92,40,79,19,97,11,75,17,0.12,0.0,0.08,0.2,1.19,0.84,262,41,223,84,89,34,61,20,0.95,0.5,6.82,797599,Man City,4,1250,1305,1210,1230,1290,1380,18,13,4,3,False,Spurs,24,1982.90136719,Spurs,Man City,,,,0.24044674824007622
344,True,True,100.0,100.0,438234,0,0,-2,2,0,3,2.5,2.5,10,Omar,2.0,413,False,,2025-12-13T14:30:11.571466Z,83,438234.jpg,2.4,False,Marmoush,2.4,False,,a,13,43,26,219388,9834,1236591,2346,0.2,3.1,Marmoush,63.0,2025-01-23,1999-02-07,False,p438234,277,1,1,1,3,0,0,0,0,0,0,4,83,79.8,57.9,124.0,26.0,4,10,6,20,3,1.50,0.54,2.04,2.66,,,1.0,,2.0,,[],345,152,301,171,179,105,314,151,0.49,0.0,0.18,0.67,0.86,0.97,12,7,211,93,277,118,117,39,0.97,0.32,6.5,308748,Man City,4,1250,1305,1210,1230,1290,1380,18,13,4,3,False,Spurs,24,1982.90136719,Spurs,Man City,,,,-0.6986385105829136
345,True,True,100.0,100.0,209244,-2,2,4,-4,3,3,2.3,2.3,1,Phil,1.8,414,False,,2025-08-10T23:00:06.538510Z,84,209244.jpg,4.9,False,Foden,18.6,False,,a,13,43,102,6143356,3210,4133309,668495,0.2,12.1,Foden,241.0,2016-12-05,2000-05-28,False,p209244,1641,7,2,9,14,0,0,0,3,0,0,10,440,450.2,686.8,366.0,150.0,20,75,24,119,19,4.95,3.52,8.47,19.98,1.0,,3.0,,,,[],51,13,3,3,35,20,9,7,0.27,0.0,0.19,0.46,1.1,0.77,11,6,229,100,19,8,18,6,1.04,0.49,6.53,2392798,Man City,4,1250,1305,1210,1230,1290,1380,18,13,4,3,False,Spurs,24,1982.90136719,Spurs,Man City,,,,0.19559331748188735
346,True,True,100.0,100.0,165809,0,0,-3,3,0,3,3.3,3.3,6,Bernardo,2.8,416,False,,,62,165809.jpg,2.3,False,Mota Veiga de Carvalho e Silva,0.5,False,,a,13,43,54,71684,766,117926,1233,0.5,8.7,Bernardo,173.0,2017-07-01,1994-08-10,False,p165809,1662,0,3,8,17,0,0,0,5,0,0,0,265,226.2,368.2,105.0,69.8,38,83,23,144,19,0.69,1.83,2.52,21.41,5.0,,,,,,[],196,84,42,39,212,118,115,63,0.04,0.0,0.1,0.14,1.16,0.92,73,47,148,61,288,125,251,84,1.03,0.43,7.8,64323,Man City,4,1250,1305,1210,1230,1290,1380,18,13,4,3,False,Spurs,24,1982.90136719,Spurs,Man City,,,,-0.24387954221823743
347,True,True,100.0,100.0,466052,-1,1,1,-1,2,3,3.3,3.3,3,Rayan,2.8,417,False,,2025-09-01T10:30:08.352331Z,66,466052.jpg,4.4,False,Cherki,11.5,False,,a,13,43,80,2519119,14051,2052945,214064,0.4,12.1,Cherki,73.0,2025-06-10,2003-08-17,False,p466052,951,2,8,5,9,0,0,0,1,0,0,11,343,346.8,538.1,290.0,117.7,13,61,17,91,11,1.86,5.63,7.49,12.89,2.0,,4.0,,,,[],101,33,13,13,57,35,32,26,0.18,0.0,0.53,0.71,1.22,0.85,50,32,150,62,44,19,38,14,1.04,0.47,8.61,1479418,Man City,4,1250,1305,1210,1230,1290,1380,18,13,4,3,False,Spurs,24,1982.90136719,Spurs,Man City,,,,0.10196138986680851
348,True,True,25.0,100.0,248875,0,0,-1,1,1,3,0.8,3.1,1,Jérémy,2.6,418,False,Calf injury - 25% chance of playing,2026-01-29T00:00:09.498877Z,64,248875.jpg,3.6,False,Doku,2.9,False,,d,13,43,72,2119071,3108,2005421,18280,0.4,11.2,Doku,21.0,2023-08-24,2002-05-27,False,p248875,1179,1,7,5,13,0,0,0,0,0,0,9,305,302.0,557.2,380.0,123.8,10,54,15,79,13,1.81,4.25,6.06,15.61,,,,,3.0,,[],141,51,11,11,31,17,24,19,0.14,0.0,0.32,0.46,1.19,0.99,58,37,166,72,120,55,108,33,0.99,0.38,6.03,373071,Man City,4,1250,1305,1210,1230,1290,1380,18,13,4,3,False,Spurs,24,1982.90136719,Spurs,Man City,,,,0.027554908580256672
349,True,True,100.0,100.0,220566,0,0,-2,2,0,3,3.1,3.1,3,Rodrigo 'Rodri',2.6,421,False,,2025-11-07T16:00:08.654141Z,63,220566.jpg,2.3,False,Hernandez Cascante,0.4,False,,a,13,43,25,52177,688,94772,1217,0.4,4.0,Rodrigo,200.0,2019-07-04,1996-06-22,False,p220566,633,0,0,2,6,0,0,0,1,0,0,1,142,137.4,169.7,33.0,34.0,23,47,20,90,7,0.14,0.84,0.98,9.39,,,,,,,[],283,126,148,102,325,170,275,135,0.02,0.0,0.12,0.14,1.34,0.85,66,44,164,70,289,126,260,88,1.0,0.28,12.8,51458,Man City,4,1250,1305,1210,1230,1290,1380,18,13,4,3,False,Spurs,24,1982.90136719,Spurs,Man City,,,,-0.2898624692920673
350,True,True,100.0,25.0,465694,0,0,-1,1,0,3,1.5,0.4,0,Nico,1.0,423,False,,2026-01-16T16:30:09.636510Z,59,465694.jpg,2.9,False,González Iglesias,0.1,False,,a,13,43,55,26688,24,29420,421,0.2,9.3,N.Gonzalez,200.0,2025-02-03,2002-01-03,False,p465694,1331,1,0,7,13,0,0,0,4,0,0,1,287,269.0,183.5,64.0,51.6,63,76,33,172,15,0.56,0.91,1.47,15.72,,,,,,,[],167,65,136,97,271,144,191,102,0.04,0.0,0.06,0.1,1.06,0.88,99,64,297,136,203,87,468,160,1.01,0.47,11.63,12865,Man City,4,1250,1305,1210,1230,1290,1380,18,13,4,3,False,Spurs,24,1982.90136719,Spurs,Man City,,,,-0.048691808654737295
425,True,True,100.0,100.0,432714,0,0,-5,5,0,3,0.0,0.0,0,James,0.0,426,False,,,50,432714.jpg,0.9,False,McAtee,0.1,False,,a,16,17,6,12188,155,25553,144,0.0,1.2,McAtee,241.0,2025-08-16,2002-10-18,False,p432714,169,0,0,0,7,0,0,0,1,0,0,0,24,16.2,44.9,8.0,7.0,1,6,4,11,1,0.02,0.17,0.19,3.56,,,,,,,[],434,195,327,179,394,194,417,188,0.01,0.0,0.09,0.1,1.9,3.73,258,158,739,317,487,230,488,172,0.53,0.0,5.86,12865,Nott'm Forest,3,1100,1130,1100,1110,1100,1150,16,8,3,3,True,Crystal Palace,24,1767.03259277,Nott'm Forest,Crystal Palace,,,,-0.3541241620518799
351,True,True,100.0,100.0,433036,0,0,-3,3,1,3,3.9,3.9,3,Tijjani,3.4,427,False,,,52,433036.jpg,3.7,False,Reijnders,11.3,False,,a,13,43,82,3508177,6047,4686809,49867,0.7,15.8,Reijnders,152.0,2025-06-10,1998-07-29,False,p433036,1402,5,2,7,15,0,0,0,2,0,0,6,312,320.2,301.2,377.0,99.1,26,49,8,83,17,3.65,1.80,5.45,16.10,3.0,,,,,,[],119,41,62,50,33,19,51,35,0.23,0.0,0.12,0.35,1.03,0.96,213,133,98,44,103,50,39,15,1.09,0.45,5.33,1453689,Man City,4,1250,1305,1210,1230,1290,1380,18,13,4,3,False,Spurs,24,1982.90136719,Spurs,Man City,,,,-0.14382355259667315
352,True,True,100.0,100.0,155405,0,0,-2,2,0,3,0.5,0.5,0,Kalvin,0.0,429,False,,,48,155405.jpg,0.0,False,Phillips,0.1,False,,a,13,43,0,3996,29,7909,86,0.0,0.0,Phillips,241.0,2022-07-04,1995-12-02,False,p155405,0,0,0,0,0,0,0,0,0,0,0,0,0,0.0,0.0,0.0,0.0,0,0,0,0,0,0.00,0.00,0.00,0.00,,,,,,,[],743,316,738,316,724,311,742,315,0.0,0.0,0.0,0.0,0.0,0.0,351,220,700,290,743,316,536,190,0.0,0.0,0.0,12865,Man City,4,1250,1305,1210,1230,1290,1380,18,13,4,3,False,Spurs,24,1982.90136719,Spurs,Man City,,,,-0.3286854262914742
353,True,True,100.0,100.0,223094,-1,1,10,-10,8,4,3.1,3.1,1,Erling,2.6,430,True,,2025-09-24T06:00:06.159318Z,150,223094.jpg,7.2,False,Haaland,72.5,False,,a,13,43,166,6655188,12009,1196258,171645,0.2,11.1,Haaland,161.0,2022-07-01,2000-07-21,False,p223094,1918,20,4,10,20,0,0,1,0,0,0,31,676,828.6,154.3,1033.0,201.7,34,27,11,72,22,18.60,1.26,19.86,25.22,,,,,1.0,,[],1,1,159,13,1,1,1,1,0.87,0.0,0.06,0.93,1.18,0.94,1,1,168,20,1,1,1,1,1.03,0.47,3.38,9326766,Man City,4,1250,1305,1210,1230,1290,1380,18,13,4,3,False,Spurs,24,1982.90136719,Spurs,Man City,,,,0.6952770228566815
362,True,True,100.0,100.0,451302,0,0,-3,3,0,1,0.0,-1.0,0,Altay,0.0,431,False,,,47,451302.jpg,1.8,False,Bayındır,0.3,False,,a,14,1,11,35111,225,60023,310,0.0,2.3,Bayindir,219.0,2023-09-01,1998-04-14,False,p451302,540,0,0,0,11,0,0,0,0,0,13,0,49,118.4,10.0,0.0,12.8,7,39,0,0,6,0.00,0.05,0.05,9.24,,,,,,,[],300,24,408,9,721,79,376,24,0.0,2.17,0.01,0.01,1.54,1.83,385,17,696,90,349,28,304,40,1.0,0.0,0.0,38594,Man Utd,3,1135,1205,1100,1150,1170,1260,14,10,2,3,True,Fulham,24,1824.42858887,Man Utd,Fulham,,,,-0.2618622154014338
363,True,True,100.0,100.0,21205,0,0,-1,1,0,1,0.0,-1.0,0,Tom,0.0,434,False,,,39,21205.jpg,0.0,False,Heaton,0.3,False,,a,14,1,0,14804,87,22104,486,0.0,0.0,Heaton,241.0,2021-07-02,1986-04-15,False,p21205,0,0,0,0,0,0,0,0,0,0,0,0,0,0.0,0.0,0.0,0.0,0,0,0,0,0,0.00,0.00,0.00,0.00,,,,,,,[],508,33,498,19,461,4,508,33,0.0,0.0,0.0,0.0,0.0,0.0,726,65,438,27,517,33,336,46,0.0,0.0,0.0,38594,Man Utd,3,1135,1205,1100,1150,1170,1260,14,10,2,3,True,Fulham,24,1824.42858887,Man Utd,Fulham,,,,-0.197789097214696
364,True,True,100.0,100.0,461537,0,0,-1,1,0,1,0.0,-1.0,0,Dermot,0.0,435,False,,,39,461537.jpg,0.0,False,Mee,0.1,False,,a,14,1,0,5039,54,7927,155,0.0,0.0,Mee,242.0,2023-07-24,2002-11-20,False,p461537,0,0,0,0,0,0,0,0,0,0,0,0,0,0.0,0.0,0.0,0.0,0,0,0,0,0,0.00,0.00,0.00,0.00,,,,,,,[],524,47,515,34,478,19,524,47,0.0,0.0,0.0,0.0,0.0,0.0,749,80,455,41,533,47,469,71,0.0,0.0,0.0,12865,Man Utd,3,1135,1205,1100,1150,1170,1260,14,10,2,3,True,Fulham,24,1824.42858887,Man Utd,Fulham,,,,-0.22273638747493443
365,True,True,100.0,100.0,221820,0,0,-2,2,0,2,2.8,1.8,-1,Lisandro,2.8,437,False,,2025-08-10T23:00:06.577034Z,48,221820.jpg,2.6,False,Martínez,0.7,False,,a,14,1,29,103277,11749,51362,5596,0.6,6.0,Martinez,10.0,2022-07-17,1998-01-18,False,p221820,634,0,0,2,8,1,0,0,0,0,0,2,112,154.6,57.8,10.0,22.4,48,32,7,55,6,0.06,0.22,0.28,5.80,,,,,,,[],266,106,302,99,384,140,332,113,0.01,0.0,0.03,0.04,0.82,1.14,362,62,144,55,243,97,223,85,0.85,0.28,7.81,90052,Man Utd,3,1135,1205,1100,1150,1170,1260,14,10,2,3,True,Fulham,24,1824.42858887,Man Utd,Fulham,,,,0.3357173804796979
366,True,True,100.0,100.0,230001,0,0,-1,1,0,2,0.2,-0.8,1,Noussair,0.2,438,False,,2025-12-13T14:30:11.618299Z,49,230001.jpg,1.8,False,Mazraoui,0.2,False,,a,14,1,18,27793,1389,50026,364,0.0,3.7,Mazraoui,145.0,2024-08-13,1997-11-14,False,p230001,441,0,0,1,5,0,0,0,1,0,0,2,96,106.6,51.1,14.0,17.1,29,23,13,42,6,0.02,0.23,0.24,3.93,,,,,,,[],314,122,311,103,371,132,360,127,0.0,0.0,0.05,0.05,0.8,1.02,315,52,398,146,352,134,378,137,1.22,0.2,8.57,25729,Man Utd,3,1135,1205,1100,1150,1170,1260,14,10,2,3,True,Fulham,24,1824.42858887,Man Utd,Fulham,,,,-0.28570143538210463
367,True,True,100.0,100.0,661712,0,0,-3,3,0,2,0.0,-1.0,0,Diego,0.0,439,False,,,42,661712.jpg,0.0,False,León Blanco,0.1,False,,a,14,1,0,3023,28,8151,65,0.0,0.0,D.Leon,168.0,2025-07-05,2007-04-03,False,p661712,0,0,0,0,0,0,0,0,0,0,0,0,0,0.0,0.0,0.0,0.0,0,0,0,0,0,0.00,0.00,0.00,0.00,,,,,,,[],617,246,612,245,582,243,618,246,0.0,0.0,0.0,0.0,0.0,0.0,645,156,561,236,625,245,560,202,0.0,0.0,0.0,12865,Man Utd,3,1135,1205,1100,1150,1170,1260,14,10,2,3,True,Fulham,24,1824.42858887,Man Utd,Fulham,,,,-0.458922498657598
368,True,True,100.0,100.0,216051,0,0,0,0,2,2,2.2,1.2,1,Diogo,2.2,440,False,,2025-12-05T17:00:09.775964Z,45,216051.jpg,3.4,False,Dalot Teixeira,3.5,False,,a,14,1,71,701006,18049,512479,27820,0.5,15.8,Dalot,173.0,2018-06-08,1999-03-18,False,p216051,1584,1,5,4,28,0,0,0,3,0,0,5,228,317.2,278.8,113.0,70.9,77,75,29,106,18,1.23,1.53,2.76,22.55,,,,,,,[],123,53,78,18,195,47,113,36,0.07,0.0,0.09,0.16,1.28,1.59,416,80,189,71,129,51,95,35,1.02,0.23,6.02,450258,Man Utd,3,1135,1205,1100,1150,1170,1260,14,10,2,3,True,Fulham,24,1824.42858887,Man Utd,Fulham,,,,0.15535997560744466
369,True,True,50.0,100.0,596777,1,-1,-1,1,2,2,3.1,5.2,8,Patrick,6.2,441,False,Hamstring injury - 50% chance of playing,2026-01-26T04:00:08.082150Z,44,596777.jpg,3.4,False,Dorgu,9.4,False,,d,14,1,74,1755486,258378,1303400,154647,1.4,16.8,Dorgu,58.0,2025-02-02,2004-10-26,False,p596777,1329,3,3,3,20,0,0,0,5,0,0,8,261,402.4,354.1,262.0,101.9,48,72,47,95,14,1.86,1.42,3.28,18.78,,,,,,,[],73,33,43,4,69,3,45,4,0.13,0.0,0.1,0.23,1.27,1.35,559,118,9,4,128,50,46,15,0.95,0.2,6.43,1209263,Man Utd,3,1135,1205,1100,1150,1170,1260,14,10,2,3,True,Fulham,24,1824.42858887,Man Utd,Fulham,,,,0.14779432773892195
370,True,True,100.0,100.0,95658,0,0,-2,2,1,2,1.8,0.8,3,Harry,1.8,442,False,,2026-01-15T19:30:10.123534Z,43,95658.jpg,4.2,False,Maguire,0.8,False,,a,14,1,42,116912,34486,127799,3776,0.4,9.8,Maguire,241.0,2019-08-05,1993-03-05,False,p95658,521,1,1,3,6,0,0,0,0,0,0,3,112,124.0,17.1,47.0,18.9,38,20,3,41,6,0.47,0.02,0.49,8.34,,,,,,,[],295,112,383,139,296,94,352,122,0.08,0.0,0.0,0.08,1.44,1.04,565,120,212,76,54,24,204,78,1.04,0.52,7.08,102916,Man Utd,3,1135,1205,1100,1150,1170,1260,14,10,2,3,True,Fulham,24,1824.42858887,Man Utd,Fulham,,,,-0.044489213807307394
371,True,True,100.0,100.0,106760,0,0,0,0,0,2,2.2,1.2,1,Luke,2.2,443,False,,,45,106760.jpg,2.3,False,Shaw,0.6,False,,a,14,1,53,131460,5371,100605,3044,0.5,11.8,Shaw,241.0,2014-07-01,1995-07-12,False,p106760,1998,0,1,4,31,0,0,0,4,0,0,0,236,342.2,218.4,35.0,59.6,81,65,48,129,23,0.08,1.23,1.31,26.57,,,,,,,[],104,46,107,27,321,103,157,50,0.0,0.0,0.06,0.06,1.2,1.4,406,74,188,70,279,109,233,88,1.04,0.18,5.81,77187,Man Utd,3,1135,1205,1100,1150,1170,1260,14,10,2,3,True,Fulham,24,1824.42858887,Man Utd,Fulham,,,,0.13295843836856053
372,True,True,100.0,100.0,550864,0,0,-3,3,0,2,0.8,-0.2,0,Leny,0.8,444,False,,,42,550864.jpg,1.7,False,Yoro,1.3,False,,a,14,1,35,200804,644,291686,3152,0.2,8.3,Yoro,73.0,2024-07-19,2005-11-13,False,p550864,1133,0,1,1,24,0,0,0,0,0,0,1,105,194.6,61.3,73.0,32.8,72,49,22,94,12,0.68,0.24,0.92,17.22,,,,,,,[],231,94,288,93,254,71,279,92,0.05,0.0,0.02,0.07,1.37,1.91,640,154,306,109,362,136,168,63,0.95,0.08,7.47,167239,Man Utd,3,1135,1205,1100,1150,1170,1260,14,10,2,3,True,Fulham,24,1824.42858887,Man Utd,Fulham,,,,-0.18453572661373835
373,True,True,100.0,100.0,547676,0,0,-2,2,0,2,0.0,-1.0,0,Tyler,0.0,446,False,,,38,547676.jpg,1.0,False,Fredricson,0.1,False,,a,14,1,1,10078,79,13686,199,0.0,0.3,Fredricson,241.0,2022-09-07,2005-02-23,False,p547676,2,0,0,0,0,0,0,0,0,0,0,0,4,4.0,0.0,0.0,0.4,2,0,0,2,0,0.00,0.00,0.00,0.30,,,,,,,[],458,167,492,189,454,180,472,168,0.0,0.0,0.0,0.0,13.5,0.0,797,253,431,169,433,158,424,157,0.0,0.0,90.0,12865,Man Utd,3,1135,1205,1100,1150,1170,1260,14,10,2,3,True,Fulham,24,1824.42858887,Man Utd,Fulham,,,,-0.15182629187005556
374,True,True,100.0,100.0,606745,-1,1,-2,2,0,2,1.4,0.4,0,Ayden,1.4,447,False,,2025-10-14T13:00:06.698643Z,38,606745.jpg,2.4,False,Heaven,2.3,False,,a,14,1,26,374241,2080,269109,21291,0.4,6.8,Heaven,241.0,2025-02-01,2006-09-22,False,p606745,636,0,1,1,12,1,0,0,1,0,0,0,107,175.6,27.2,26.0,22.9,55,29,16,71,8,0.34,0.17,0.51,7.95,,,,,,,[],245,100,360,128,337,110,328,111,0.05,0.0,0.02,0.07,1.12,1.7,806,261,250,94,266,104,120,46,1.13,0.14,10.05,295884,Man Utd,3,1135,1205,1100,1150,1170,1260,14,10,2,3,True,Fulham,24,1824.42858887,Man Utd,Fulham,,,,0.1634133830729774
375,True,True,100.0,100.0,222690,0,0,-2,2,0,2,0.0,-1.0,0,Tyrell,0.0,448,False,,,38,222690.jpg,1.0,False,Malacia,0.4,False,,a,14,1,1,52176,294,53068,956,0.0,0.3,Malacia,152.0,2022-07-05,1999-08-17,False,p222690,2,0,0,0,0,0,0,0,0,0,0,0,3,3.0,0.0,0.0,0.3,1,0,1,2,0,0.00,0.00,0.00,0.30,,,,,,,[],462,168,479,176,441,167,477,170,0.0,0.0,0.0,0.0,13.5,0.0,779,235,417,155,432,157,268,100,0.0,0.0,90.0,51458,Man Utd,3,1135,1205,1100,1150,1170,1260,14,10,2,3,True,Fulham,24,1824.42858887,Man Utd,Fulham,,,,-0.00847554254874387
376,True,True,100.0,100.0,141746,2,-2,5,-5,4,3,4.4,3.4,5,Bruno,4.4,449,True,,2025-12-21T21:30:09.265444Z,95,141746.jpg,6.0,False,Borges Fernandes,24.5,False,,a,14,1,121,5542427,678135,5233430,10926,0.5,12.7,B.Fernandes,173.0,2020-01-30,1994-09-08,False,p141746,1715,5,10,2,30,0,0,2,2,0,0,21,533,687.2,932.6,344.0,196.7,51,110,36,197,20,7.44,5.65,13.09,24.42,1.0,,1.0,,1.0,,[],5,1,1,1,41,24,2,1,0.39,0.0,0.3,0.69,1.28,1.57,6,4,46,19,5,2,14,4,1.05,0.1,10.34,3151804,Man Utd,3,1135,1205,1100,1150,1170,1260,14,10,2,3,True,Fulham,24,1824.42858887,Man Utd,Fulham,,,,0.028674935088689464
377,True,True,100.0,100.0,430871,0,0,0,0,0,3,5.2,4.2,9,Matheus,5.2,450,False,,2025-11-25T00:00:08.817052Z,80,430871.jpg,4.0,False,Santos Carneiro da Cunha,7.8,False,,a,14,1,79,2658583,59507,2710576,57063,0.6,9.9,Cunha,30.0,2025-06-01,1999-05-27,False,p430871,1412,5,2,3,22,0,0,0,1,0,0,9,327,388.6,322.2,474.0,118.6,25,74,21,120,16,4.91,2.16,7.07,20.07,,,,,,,[],79,25,52,44,20,9,30,24,0.31,0.0,0.14,0.45,1.28,1.4,16,11,25,10,75,32,52,19,1.02,0.19,7.65,1003431,Man Utd,3,1135,1205,1100,1150,1170,1260,14,10,2,3,True,Fulham,24,1824.42858887,Man Utd,Fulham,,,,-0.009683639467559072
378,True,True,100.0,100.0,493250,0,0,-3,3,0,3,1.0,0.0,2,Amad,1.0,452,False,,2025-12-13T14:30:11.647420Z,62,493250.jpg,3.6,False,Diallo,1.5,False,,a,14,1,61,313018,25816,484790,6549,0.2,9.8,Amad,54.0,2021-01-07,2002-07-11,False,p493250,1380,2,4,3,20,0,0,0,1,0,0,6,293,295.8,396.1,332.0,102.5,30,66,24,120,16,3.81,2.81,6.62,17.09,,,,,,,[],147,54,32,31,45,27,42,31,0.25,0.0,0.18,0.43,1.11,1.3,78,51,298,137,118,54,154,51,1.04,0.2,7.83,192968,Man Utd,3,1135,1205,1100,1150,1170,1260,14,10,2,3,True,Fulham,24,1824.42858887,Man Utd,Fulham,,,,-0.21530493552333393
194,True,True,100.0,100.0,493105,0,0,-1,1,1,3,0.2,0.2,0,Alejandro,0.2,453,False,,,64,493105.jpg,2.9,False,Garnacho Ferreyra,0.6,False,,a,7,8,40,227414,2334,204351,4261,0.0,6.2,Garnacho,10.0,2025-08-30,2004-07-01,False,p493105,815,1,3,4,10,0,0,0,1,0,0,2,141,136.2,232.1,265.0,62.4,6,30,7,43,11,2.49,2.51,5.00,15.30,,,,,,,[],284,127,99,74,68,44,146,80,0.27,0.0,0.28,0.55,1.69,1.1,61,40,300,138,205,89,242,82,1.21,0.44,4.75,77187,Chelsea,3,1180,1190,1140,1160,1220,1220,7,19,2,3,True,West Ham,24,1882.60693359,Chelsea,West Ham,,,,0.05341563118826213
379,True,True,100.0,100.0,184341,0,0,-1,1,0,3,0.4,-0.6,0,Mason,0.4,455,False,,2025-12-27T16:30:08.828421Z,59,184341.jpg,2.7,False,Mount,0.4,False,,a,14,1,46,182686,681,185669,2778,0.1,7.8,Mount,241.0,2023-07-05,1999-01-10,False,p184341,812,3,0,3,14,0,0,0,0,0,0,3,164,162.4,198.5,158.0,51.9,7,41,14,62,10,1.54,1.40,2.94,10.30,3.0,,,,,,[],258,112,127,91,133,78,188,99,0.17,0.0,0.16,0.33,1.14,1.55,96,61,356,159,232,102,276,93,1.11,0.33,6.87,51458,Man Utd,3,1135,1205,1100,1150,1170,1260,14,10,2,3,True,Fulham,24,1824.42858887,Man Utd,Fulham,,,,-0.008098166171220698
48,True,True,100.0,100.0,209243,0,0,-2,2,0,3,1.4,1.4,1,Jadon,1.4,456,False,,2025-12-13T19:30:11.153931Z,58,209243.jpg,1.2,False,Sancho,0.2,False,,a,2,7,15,39582,1041,43261,545,0.2,2.6,Sancho,241.0,2025-09-01,2000-03-25,False,p209243,360,0,0,1,2,0,0,0,0,0,0,0,49,41.0,88.0,109.0,24.0,8,11,2,21,3,0.38,0.60,0.98,6.03,,,,,,,"[{'property': 'loan_ineligible', 'notes': 'This player will not be available to face their parent club in Gameweek 30 as part of their loan conditions.', 'gameweek': 30, 'url': None}]",399,175,237,146,200,109,322,156,0.1,0.0,0.15,0.25,1.51,0.5,106,68,260,112,426,192,364,121,0.75,0.25,5.25,25729,Aston Villa,3,1145,1185,1150,1170,1140,1200,2,5,3,3,True,Brentford,24,1923.92321777,Aston Villa,Brentford,,,,-0.04440930434677643
380,True,True,100.0,100.0,61256,0,0,0,0,2,3,4.4,3.4,2,Carlos Henrique,4.4,457,False,,2025-12-15T23:00:11.358129Z,55,61256.jpg,4.4,False,Casimiro,1.3,False,,a,14,1,92,393069,11596,283897,10630,0.8,16.7,Casemiro,30.0,2022-08-22,1992-02-23,False,p61256,1474,4,3,5,19,0,0,0,5,1,0,11,347,426.6,290.6,287.0,100.6,67,80,48,195,20,3.69,1.84,5.53,16.45,,,,,,,[],59,17,71,57,58,36,48,34,0.23,0.0,0.11,0.34,1.0,1.16,136,83,44,17,40,17,166,58,1.22,0.31,11.91,167239,Man Utd,3,1135,1205,1100,1150,1170,1260,14,10,2,3,True,Fulham,24,1824.42858887,Man Utd,Fulham,,,,0.1612665924137992
381,True,True,100.0,100.0,516895,0,0,-4,4,0,3,1.8,0.8,5,Kobbie,1.8,458,False,,2026-01-15T19:30:10.140014Z,46,516895.jpg,1.4,False,Mainoo,0.5,False,,a,14,1,20,72239,10657,101419,1798,0.4,4.3,Mainoo,241.0,2022-10-15,2005-04-19,False,p516895,408,0,1,1,9,0,0,0,0,0,0,0,83,91.0,121.0,29.0,24.1,14,20,9,43,2,0.14,0.29,0.43,5.90,,,,,,,[],332,146,194,128,334,174,321,155,0.03,0.0,0.06,0.09,1.3,1.99,398,246,221,95,402,179,245,83,0.44,0.22,9.49,64323,Man Utd,3,1135,1205,1100,1150,1170,1260,14,10,2,3,True,Fulham,24,1824.42858887,Man Utd,Fulham,,,,-0.16803141807460642
382,True,True,100.0,100.0,232112,0,0,-3,3,0,3,1.8,0.8,0,Manuel,1.8,459,False,,,47,232112.jpg,1.8,False,Ugarte Ribeiro,0.2,False,,a,14,1,29,27776,391,33890,911,0.4,6.2,Ugarte,230.0,2024-08-30,2001-04-11,False,p232112,730,0,0,1,18,0,0,0,1,0,0,0,147,116.6,60.7,32.0,20.7,30,46,39,115,7,0.31,0.15,0.46,13.45,,,,,,,[],301,134,293,169,326,171,341,164,0.04,0.0,0.02,0.06,1.66,2.22,383,239,222,96,348,153,397,134,0.86,0.12,14.18,25729,Man Utd,3,1135,1205,1100,1150,1170,1260,14,10,2,3,True,Fulham,24,1824.42858887,Man Utd,Fulham,,,,-0.0991470178055979
383,True,True,100.0,100.0,490881,0,0,0,0,0,3,0.0,-1.0,0,Toby,0.0,460,False,,2025-08-19T13:36:56.708077Z,45,490881.jpg,0.0,False,Collyer,0.0,False,,a,14,1,0,479,28,9483,21,0.0,0.0,Collyer,241.0,2023-07-01,2004-01-03,False,p490881,0,0,0,0,0,0,0,0,0,0,0,0,0,0.0,0.0,0.0,0.0,0,0,0,0,0,0.00,0.00,0.00,0.00,,,,,,,[],687,271,685,274,664,265,688,272,0.0,0.0,0.0,0.0,0.0,0.0,441,264,641,243,692,276,650,265,0.0,0.0,0.0,0,Man Utd,3,1135,1205,1100,1150,1170,1260,14,10,2,3,True,Fulham,24,1824.42858887,Man Utd,Fulham,,,,-0.9038345713712106
384,True,True,100.0,100.0,556639,0,0,-2,2,0,3,0.0,-1.0,0,Jayce,0.0,461,False,,,43,556639.jpg,0.0,False,Fitzgerald,0.0,False,,a,14,1,0,2675,46,4448,48,0.0,0.0,Fitzgerald,,,,False,p556639,0,0,0,0,0,0,0,0,0,0,0,0,0,0.0,0.0,0.0,0.0,0,0,0,0,0,0.00,0.00,0.00,0.00,,,,,,,[],630,233,627,238,599,225,631,234,0.0,0.0,0.0,0.0,0.0,0.0,606,352,577,204,639,242,609,234,0.0,0.0,0.0,0,Man Utd,3,1135,1205,1100,1150,1170,1260,14,10,2,3,True,Fulham,24,1824.42858887,Man Utd,Fulham,,,,-0.24891197529130984
385,True,True,100.0,100.0,547037,0,0,-2,2,0,3,0.2,-0.8,0,Jack,0.2,462,False,,,43,547037.jpg,1.0,False,Fletcher,0.1,False,,a,14,1,3,12650,134,10589,405,0.0,0.7,J.Fletcher,241.0,2024-07-12,2007-03-19,False,p547037,107,0,0,0,0,0,0,0,0,0,0,0,10,18.6,24.4,5.0,4.8,2,4,5,11,0,0.03,0.02,0.05,1.86,,,,,,,[],432,193,368,189,408,201,430,193,0.03,0.0,0.02,0.05,1.56,0.0,603,349,373,168,443,196,497,176,0.0,0.0,9.25,12865,Man Utd,3,1135,1205,1100,1150,1170,1260,14,10,2,3,True,Fulham,24,1824.42858887,Man Utd,Fulham,,,,0.08868712078832997
386,True,True,100.0,100.0,618873,0,0,-2,2,0,3,0.0,-1.0,0,Sékou,0.0,463,False,,,43,618873.jpg,0.0,False,Koné,0.1,False,,a,14,1,0,8771,88,11966,149,0.0,0.0,Kone,132.0,2025-02-15,2006-02-03,False,p618873,0,0,0,0,0,0,0,0,0,0,0,0,0,0.0,0.0,0.0,0.0,0,0,0,0,0,0.00,0.00,0.00,0.00,,,,,,,[],636,238,633,243,606,231,637,239,0.0,0.0,0.0,0.0,0.0,0.0,615,359,585,210,645,247,486,171,0.0,0.0,0.0,12865,Man Utd,3,1135,1205,1100,1150,1170,1260,14,10,2,3,True,Fulham,24,1824.42858887,Man Utd,Fulham,,,,-0.15407243092057674
387,True,True,50.0,25.0,458249,0,0,-2,2,0,4,1.3,0.4,0,Joshua,2.6,466,False,Knock - 50% chance of playing,2026-01-22T13:30:10.394946Z,58,458249.jpg,2.4,False,Zirkzee,0.4,False,,d,14,1,33,104032,106,120710,2997,0.4,5.7,Zirkzee,152.0,2024-07-17,2001-05-22,False,p458249,481,2,1,1,7,0,0,0,1,0,0,6,116,141.0,129.2,166.0,43.3,11,16,7,34,4,1.77,0.29,2.06,6.41,,,,,,,[],278,26,182,15,124,31,229,27,0.33,0.0,0.05,0.38,1.2,1.31,109,31,163,19,276,29,263,42,0.75,0.19,6.36,51458,Man Utd,3,1135,1205,1100,1150,1170,1260,14,10,2,3,True,Fulham,24,1824.42858887,Man Utd,Fulham,,,,-0.0742095380480729
388,True,True,100.0,100.0,596047,0,0,-3,3,0,4,0.0,-1.0,0,Chido,0.0,467,False,,,42,596047.jpg,0.0,False,Obi,1.7,False,,a,14,1,0,258451,1613,330680,6700,0.0,0.0,Obi,58.0,2025-02-15,2007-11-29,False,p596047,0,0,0,0,0,0,0,0,0,0,0,0,0,0.0,0.0,0.0,0.0,0,0,0,0,0,0.00,0.00,0.00,0.00,,,,,,,[],615,61,610,60,580,60,616,61,0.0,0.0,0.0,0.0,0.0,0.0,642,89,558,49,623,61,142,22,0.0,0.0,0.0,218697,Man Utd,3,1135,1205,1100,1150,1170,1260,14,10,2,3,True,Fulham,24,1824.42858887,Man Utd,Fulham,,,,-0.1226026130011831
389,True,True,100.0,100.0,575034,0,0,0,0,0,4,0.0,-1.0,0,Ethan,0.0,468,False,,2025-09-22T21:18:26.096577Z,45,575034.jpg,0.0,False,Wheatley,0.1,False,,a,14,1,0,4262,215,14197,87,0.0,0.0,Wheatley,241.0,2024-04-12,2006-01-20,False,p575034,0,0,0,0,0,0,0,0,0,0,0,0,0,0.0,0.0,0.0,0.0,0,0,0,0,0,0.00,0.00,0.00,0.00,,,,,,,[],711,74,707,73,688,73,711,74,0.0,0.0,0.0,0.0,0.0,0.0,473,66,664,63,713,74,489,67,0.0,0.0,0.0,12865,Man Utd,3,1135,1205,1100,1150,1170,1260,14,10,2,3,True,Fulham,24,1824.42858887,Man Utd,Fulham,,,,-0.5382198385611355
398,True,True,100.0,100.0,98747,0,0,1,-1,1,1,3.7,4.2,3,Nick,4.2,469,False,,2025-11-30T11:00:09.029807Z,51,98747.jpg,4.4,False,Pope,5.0,False,,a,15,4,74,1472932,3058,1450995,12316,0.8,14.5,Pope,241.0,2022-06-23,1992-04-19,False,p98747,1516,0,1,7,19,0,0,0,1,0,53,3,311,414.6,0.0,0.0,41.5,27,152,1,0,17,0.00,0.00,0.00,17.61,,,,,,,[],67,14,779,91,773,88,239,14,0.0,3.15,0.0,0.0,1.05,1.13,225,6,71,7,38,2,76,13,1.01,0.42,0.0,643225,Newcastle,3,1160,1220,1170,1180,1150,1260,12,15,3,4,False,Liverpool,24,1876.20507812,Liverpool,Newcastle,,,,0.007502581288794146
84,True,True,100.0,100.0,67089,0,0,0,0,2,1,3.5,3.5,5,Martin,3.5,470,False,,2025-08-11T10:30:07.723845Z,40,67089.jpg,3.2,False,Dúbravka,32.9,False,,a,3,90,73,1534239,35649,1212742,27609,0.9,18.2,Dúbravka,194.0,2025-08-07,1989-01-15,False,p67089,2070,0,0,3,44,0,0,0,0,0,94,7,327,709.4,0.0,0.0,71.1,47,187,0,0,23,0.00,0.03,0.03,47.43,,,,,,,[],3,1,538,48,502,33,112,1,0.0,4.09,0.0,0.0,2.06,1.91,651,41,106,10,145,14,7,2,1.0,0.13,0.0,4232422,Burnley,3,1055,1095,1010,1090,1100,1100,17,3,2,3,False,Sunderland,24,1687.70825195,Sunderland,Burnley,,,,0.1170364847809286
399,True,True,100.0,100.0,81441,0,0,-1,1,0,1,-0.5,0.0,0,Mark,0.0,471,False,,,39,81441.jpg,0.0,False,Gillespie,0.1,False,,a,15,4,0,6129,54,9768,89,0.0,0.0,Gillespie,241.0,2020-07-27,1992-03-27,False,p81441,0,0,0,0,0,0,0,0,0,0,0,0,0,0.0,0.0,0.0,0.0,0,0,0,0,0,0.00,0.00,0.00,0.00,,,,,,,[],512,37,503,24,466,9,512,37,0.0,0.0,0.0,0.0,0.0,0.0,731,70,442,31,521,37,425,65,0.0,0.0,0.0,12865,Newcastle,3,1160,1220,1170,1180,1150,1260,12,15,3,4,False,Liverpool,24,1876.20507812,Liverpool,Newcastle,,,,-0.22891111530477448
400,True,True,100.0,100.0,487838,0,0,-2,2,1,2,4.5,5.0,1,Lewis,5.0,473,False,,2026-01-02T13:00:09.395222Z,53,487838.jpg,3.2,False,Hall,3.1,False,,a,15,4,52,526176,11480,377946,30074,0.9,9.8,Hall,241.0,2024-07-01,2004-09-08,False,p487838,1120,0,2,3,18,0,0,0,1,0,0,4,231,299.4,214.0,96.0,60.9,67,67,31,98,12,0.58,1.70,2.28,15.69,4.0,,,,,,[],144,61,112,29,221,57,151,48,0.05,0.0,0.14,0.19,1.26,1.45,201,26,31,12,160,66,105,42,0.96,0.24,7.88,398800,Newcastle,3,1160,1220,1170,1180,1150,1260,12,15,3,4,False,Liverpool,24,1876.20507812,Liverpool,Newcastle,,,,0.16394911306217524
401,True,True,100.0,100.0,220237,0,0,-1,1,0,2,2.5,3.0,3,Sven,3.0,475,False,,2025-11-28T18:30:07.166361Z,49,220237.jpg,3.4,False,Botman,0.4,False,,a,15,4,44,69254,669,95655,495,0.6,9.0,Botman,152.0,2022-06-28,2000-01-12,False,p220237,880,0,1,4,13,1,0,0,1,0,0,4,178,244.6,47.6,73.0,36.5,79,53,8,87,10,0.30,0.27,0.57,10.93,,,,,,,[],184,74,320,107,255,72,263,89,0.03,0.0,0.03,0.06,1.12,1.33,312,50,174,62,132,53,287,110,1.02,0.41,8.9,51458,Newcastle,3,1160,1220,1170,1180,1150,1260,12,15,3,4,False,Liverpool,24,1876.20507812,Liverpool,Newcastle,,,,-0.16009435506855296
402,True,True,100.0,75.0,78916,0,0,0,0,1,2,-0.5,0.0,0,Dan,0.0,476,False,,2025-12-15T01:30:08.656752Z,50,78916.jpg,4.5,False,Burn,3.2,False,,a,15,4,67,1464674,1910,1633186,4398,0.0,13.4,Burn,241.0,2022-01-31,1992-05-09,False,p78916,1255,0,3,6,17,0,0,0,3,1,0,5,196,270.2,72.4,60.0,40.3,102,46,19,121,15,0.12,0.30,0.42,12.38,,,,,,,[],166,69,270,84,277,83,245,83,0.01,0.0,0.02,0.03,0.89,1.22,243,37,733,256,32,14,100,38,1.08,0.43,8.68,411664,Newcastle,3,1160,1220,1170,1180,1150,1260,12,15,3,4,False,Liverpool,24,1876.20507812,Liverpool,Newcastle,,,,-0.054396260644444874
403,True,True,100.0,100.0,77794,0,0,-1,1,0,2,1.3,1.8,1,Kieran,1.8,478,False,,2025-11-28T18:30:07.183281Z,49,77794.jpg,3.4,False,Trippier,1.3,False,,a,15,4,37,232060,1058,364814,808,0.4,7.6,Trippier,241.0,2022-01-07,1990-09-19,False,p77794,879,0,0,5,12,0,0,0,1,0,0,2,157,145.2,285.4,5.0,43.4,26,44,12,38,10,0.05,1.45,1.50,8.96,2.0,,2.0,,,,[],273,108,73,14,409,153,228,79,0.01,0.0,0.15,0.16,0.92,1.23,287,45,254,97,131,52,165,62,1.02,0.51,3.89,167239,Newcastle,3,1160,1220,1170,1180,1150,1260,12,15,3,4,False,Liverpool,24,1876.20507812,Liverpool,Newcastle,,,,-0.22241545116724803
404,True,True,25.0,25.0,101148,0,0,-2,2,0,2,-0.1,0.0,0,Jamaal,0.0,480,False,Lack of match fitness - 25% chance of playing,2025-12-19T14:00:09.135296Z,43,101148.jpg,0.5,False,Lascelles,0.1,False,,d,15,4,1,2747,5,8725,56,0.0,0.2,Lascelles,241.0,2014-08-04,1993-11-11,False,p101148,19,0,0,0,2,0,0,0,0,0,0,0,0,10.2,0.0,7.0,1.7,5,0,0,5,0,0.04,0.00,0.04,0.55,,,,,,,[],440,165,613,246,398,150,452,164,0.19,0.0,0.0,0.19,2.61,9.47,566,121,562,237,492,172,577,209,0.0,0.0,23.68,12865,Newcastle,3,1160,1220,1170,1180,1150,1260,12,15,3,4,False,Liverpool,24,1876.20507812,Liverpool,Newcastle,,,,-0.521094839609484
405,True,True,100.0,100.0,545477,0,0,-2,2,0,2,-0.5,0.0,0,Alex,0.0,481,False,,,38,545477.jpg,0.0,False,Murphy,0.7,False,,a,15,4,0,70877,722,93565,1270,0.0,0.0,A.Murphy,104.0,2023-07-19,2004-06-25,False,p545477,0,0,0,0,0,0,0,0,0,0,0,0,0,0.0,0.0,0.0,0.0,0,0,0,0,0,0.00,0.00,0.00,0.00,,,,,,,[],502,189,491,188,453,179,502,188,0.0,0.0,0.0,0.0,0.0,0.0,796,252,430,168,511,189,216,82,0.0,0.0,0.0,90052,Newcastle,3,1160,1220,1170,1180,1150,1260,12,15,3,4,False,Liverpool,24,1876.20507812,Liverpool,Newcastle,,,,-0.13796961846730155
406,True,True,100.0,100.0,578512,0,0,-2,2,0,2,-0.5,0.0,0,Miodrag,0.0,483,False,,,38,578512.jpg,0.0,False,Pivaš,0.4,False,,a,15,4,0,62457,203,43679,950,0.0,0.0,Pivas,,,,False,p578512,0,0,0,0,0,0,0,0,0,0,0,0,0,0.0,0.0,0.0,0.0,0,0,0,0,0,0.00,0.00,0.00,0.00,,,,,,,[],505,192,495,192,458,184,505,191,0.0,0.0,0.0,0.0,0.0,0.0,803,259,435,173,514,192,274,102,0.0,0.0,0.0,51458,Newcastle,3,1160,1220,1170,1180,1150,1260,12,15,3,4,False,Liverpool,24,1876.20507812,Liverpool,Newcastle,,,,0.17692394663450667
407,True,True,100.0,100.0,232826,-1,1,-2,2,1,3,1.5,2.0,2,Anthony,2.0,485,False,,2025-11-06T09:30:08.733043Z,73,232826.jpg,3.1,False,Gordon,4.2,False,,a,15,4,55,1413391,4292,1144783,96133,0.3,7.5,Gordon,241.0,2023-01-29,2001-02-24,False,p232826,1127,2,3,6,18,0,0,0,2,1,0,4,194,200.2,313.9,284.0,79.4,11,36,12,59,16,4.82,2.99,7.81,12.32,,,,,2.0,,[],223,95,58,47,61,39,88,53,0.38,0.0,0.24,0.62,0.98,1.44,27,18,167,73,182,77,83,28,1.28,0.48,4.71,540309,Newcastle,3,1160,1220,1170,1180,1150,1260,12,15,3,4,False,Liverpool,24,1876.20507812,Liverpool,Newcastle,,,,0.10499989445596743
408,True,True,100.0,100.0,449434,0,0,-5,5,0,3,0.0,0.5,1,Anthony,0.5,486,False,,2026-01-15T19:30:10.210181Z,65,449434.jpg,1.5,False,Elanga,2.6,False,,a,15,4,29,545257,775,1170388,1482,0.1,4.5,Elanga,206.0,2025-07-11,2002-04-27,False,p449434,725,0,1,2,15,0,0,0,0,0,0,0,99,81.6,145.7,109.0,33.6,5,15,6,26,7,1.20,0.52,1.72,9.57,,,,,,,[],341,150,166,112,201,110,276,136,0.15,0.0,0.06,0.21,1.19,1.86,53,34,363,165,398,178,113,36,0.87,0.25,3.23,334477,Newcastle,3,1160,1220,1170,1180,1150,1260,12,15,3,4,False,Liverpool,24,1876.20507812,Liverpool,Newcastle,,,,-0.3643708342926421
409,True,True,100.0,100.0,201666,0,0,-4,4,2,3,4.7,5.2,2,Harvey,5.2,487,False,,,61,201666.jpg,3.2,False,Barnes,1.6,False,,a,15,4,70,672545,7705,545255,15999,0.9,11.5,Barnes,241.0,2023-07-23,1997-12-09,False,p201666,1122,5,0,4,14,0,0,0,0,0,0,8,233,277.8,256.9,441.0,97.4,13,41,7,61,11,4.88,1.89,6.77,12.78,,,,,,,[],160,62,87,64,24,12,54,36,0.39,0.0,0.15,0.54,1.03,1.12,80,53,42,16,162,68,146,48,0.88,0.32,4.89,205832,Newcastle,3,1160,1220,1170,1180,1150,1260,12,15,3,4,False,Liverpool,24,1876.20507812,Liverpool,Newcastle,,,,0.10452455247167022
410,True,True,100.0,75.0,208706,-1,1,7,-7,3,3,5.5,4.5,0,Bruno,6.0,488,True,,2026-01-22T01:30:07.490772Z,72,208706.jpg,5.7,False,Guimarães Rodriguez Moura,18.2,False,,a,15,4,120,3872125,19079,1838305,433730,0.8,16.7,Bruno G.,30.0,2022-01-30,1997-11-16,False,p208706,1839,8,5,6,27,0,0,0,4,0,0,18,526,606.4,542.4,342.0,149.1,39,94,45,178,20,4.03,2.95,6.98,22.80,,,,,,,[],11,2,12,12,42,25,10,8,0.2,0.0,0.14,0.34,1.12,1.32,31,20,5,2,7,4,19,7,0.98,0.29,8.71,2341340,Newcastle,3,1160,1220,1170,1180,1150,1260,12,15,3,4,False,Liverpool,24,1876.20507812,Liverpool,Newcastle,,,,0.3561588181625552
411,True,True,100.0,25.0,114243,0,0,-6,6,0,3,0.5,0.2,0,Jacob,1.0,489,False,,2026-01-14T01:00:09.974413Z,59,114243.jpg,2.8,False,Murphy,0.6,False,,a,15,4,51,154404,62,338004,2730,0.2,8.6,J.Murphy,241.0,2017-07-19,1995-02-24,False,p114243,1005,2,1,6,9,0,0,0,0,0,0,2,209,209.2,299.6,266.0,77.3,10,26,7,43,12,2.75,2.32,5.07,11.71,,,,,,,[],215,90,63,51,67,43,90,54,0.25,0.0,0.21,0.46,1.05,0.81,92,58,296,135,221,98,230,80,1.07,0.54,3.85,77187,Newcastle,3,1160,1220,1170,1180,1150,1260,12,15,3,4,False,Liverpool,24,1876.20507812,Liverpool,Newcastle,,,,-0.3728615294633718
412,True,True,100.0,100.0,432422,0,0,-2,2,0,3,2.0,2.5,4,Sandro,2.5,491,False,,2025-12-03T12:00:08.874410Z,53,432422.jpg,2.4,False,Tonali,1.0,False,,a,15,4,56,177225,2077,289876,2299,0.5,10.6,Tonali,106.0,2023-07-03,2000-05-08,False,p432422,1576,0,1,7,18,0,0,0,3,0,0,1,303,262.8,305.7,141.0,71.2,48,99,24,171,20,1.31,1.56,2.87,17.99,1.0,,1.0,,,,[],175,71,59,48,154,89,111,61,0.07,0.0,0.09,0.16,1.03,1.03,197,122,178,77,273,116,183,61,1.14,0.4,9.77,128645,Newcastle,3,1160,1220,1170,1180,1150,1260,12,15,3,4,False,Liverpool,24,1876.20507812,Liverpool,Newcastle,,,,-0.24117053913393463
299,True,True,100.0,100.0,180135,0,0,-2,2,1,3,-0.8,0.2,1,Sean,0.2,493,False,,2025-11-27T15:30:07.230475Z,48,180135.jpg,3.2,False,Longstaff,0.2,False,,a,11,2,41,175667,152,178130,378,0.0,8.5,Longstaff,241.0,2025-07-18,1997-10-30,False,p180135,882,1,2,1,15,0,0,0,1,0,0,4,224,228.2,341.1,58.0,62.7,23,36,35,94,10,0.80,1.29,2.09,11.28,1.0,,2.0,,,,[],192,82,46,40,280,148,145,79,0.08,0.0,0.13,0.21,1.15,1.53,353,222,391,180,153,63,343,115,1.02,0.1,9.59,25729,Leeds,3,1095,1145,1080,1100,1110,1190,11,1,4,3,True,Arsenal,24,1751.14916992,Leeds,Arsenal,,,,-0.006961619233628324
413,True,True,100.0,100.0,200089,0,0,0,0,0,3,0.0,0.5,1,Joe,0.5,494,False,,2025-08-10T23:30:07.136690Z,50,200089.jpg,1.2,False,Willock,0.1,False,,a,15,4,15,9969,281,10318,200,0.1,3.0,Willock,241.0,2021-08-13,1999-08-20,False,p200089,239,0,0,2,3,0,0,0,1,0,0,0,57,36.0,49.9,27.0,11.1,4,12,10,26,2,0.60,0.11,0.71,3.88,,,,,,,[],403,177,315,176,336,176,392,180,0.23,0.0,0.04,0.27,1.46,1.13,250,152,322,145,424,190,512,184,0.75,0.75,9.79,12865,Newcastle,3,1160,1220,1170,1180,1150,1260,12,15,3,4,False,Liverpool,24,1876.20507812,Liverpool,Newcastle,,,,-0.017203135012569627
414,True,True,100.0,100.0,547719,0,0,0,0,1,3,3.0,3.5,2,Lewis,3.5,497,False,,2025-10-13T11:30:08.705391Z,45,547719.jpg,3.1,False,Miley,3.5,False,,a,15,4,58,613240,9572,468799,20839,0.8,12.9,L.Miley,241.0,2023-02-01,2006-05-01,False,p547719,1133,1,3,2,16,0,0,0,0,0,0,4,271,275.0,214.3,132.0,62.1,42,57,24,123,11,1.36,2.00,3.36,13.65,,,,,,,[],163,63,111,79,168,98,147,81,0.11,0.0,0.16,0.27,1.08,1.27,459,279,82,36,168,69,94,30,0.87,0.16,9.77,450258,Newcastle,3,1160,1220,1170,1180,1150,1260,12,15,3,4,False,Liverpool,24,1876.20507812,Liverpool,Newcastle,,,,0.13348964316443307
415,True,True,100.0,50.0,538207,0,0,-1,1,0,4,-0.5,0.0,0,William,0.0,500,False,,2025-11-06T09:30:08.761577Z,54,538207.jpg,1.8,False,Osula,0.2,False,,a,15,4,18,68927,135,85430,114,0.0,3.3,Osula,58.0,2024-08-08,2003-08-04,False,p538207,213,1,1,1,4,0,0,0,0,0,0,0,60,41.2,14.2,68.0,12.1,1,6,1,8,1,0.64,0.03,0.67,3.27,,,,,,,[],398,43,389,50,264,46,380,46,0.27,0.0,0.01,0.28,1.38,1.69,182,44,780,80,356,38,373,59,0.42,0.42,3.38,25729,Newcastle,3,1160,1220,1170,1180,1150,1260,12,15,3,4,False,Liverpool,24,1876.20507812,Liverpool,Newcastle,,,,-0.1069144904345122
416,True,True,100.0,100.0,599303,0,0,-2,2,0,4,-0.5,0.0,0,Sean,0.0,501,False,,,43,599303.jpg,0.0,False,Neave,0.2,False,,a,15,4,0,20987,361,32405,356,0.0,0.0,Neave,241.0,2025-02-07,2007-05-27,False,p599303,0,0,0,0,0,0,0,0,0,0,0,0,0,0.0,0.0,0.0,0.0,0,0,0,0,0,0.00,0.00,0.00,0.00,,,,,,,[],634,64,631,63,604,63,635,64,0.0,0.0,0.0,0.0,0.0,0.0,612,85,583,53,643,64,350,56,0.0,0.0,0.0,25729,Newcastle,3,1160,1220,1170,1180,1150,1260,12,15,3,4,False,Liverpool,24,1876.20507812,Liverpool,Newcastle,,,,-0.21385226251123765
426,True,True,100.0,100.0,85633,0,0,-4,4,0,1,5.0,5.0,6,Matz,5.0,502,False,,2025-12-10T22:00:10.213183Z,46,85633.jpg,3.2,False,Sels,5.6,False,,a,16,17,60,380193,11914,1909762,5420,1.1,13.0,Sels,21.0,2024-02-01,1992-02-26,False,p85633,1632,0,0,4,26,0,0,0,1,0,54,3,240,416.2,10.0,0.0,42.6,21,124,1,0,18,0.00,0.06,0.06,26.60,,,,,,,[],65,13,407,8,718,76,233,13,0.0,2.98,0.0,0.0,1.47,1.43,392,18,52,3,150,15,73,12,0.99,0.22,0.0,720412,Nott'm Forest,3,1100,1130,1100,1110,1100,1150,16,8,3,3,True,Crystal Palace,24,1767.03259277,Nott'm Forest,Crystal Palace,,,,-0.6679471867351106
427,True,True,100.0,100.0,227444,0,0,-4,4,0,2,4.8,4.8,8,Nikola,4.8,505,False,,,51,227444.jpg,2.9,False,Milenković,3.2,False,,a,16,17,66,305463,7070,1014956,2956,0.9,12.9,Milenković,190.0,2024-07-18,1997-10-12,False,p227444,2070,0,0,5,34,1,0,0,4,0,0,1,230,424.2,36.0,88.0,55.1,173,69,16,189,23,0.72,0.41,1.13,32.73,,,,,,,[],61,28,342,119,231,62,174,55,0.03,0.0,0.02,0.05,1.42,1.48,231,32,56,23,200,79,102,40,1.0,0.22,8.22,411664,Nott'm Forest,3,1100,1130,1100,1110,1100,1150,16,8,3,3,True,Crystal Palace,24,1767.03259277,Nott'm Forest,Crystal Palace,,,,-0.5373241372624902
428,True,True,100.0,75.0,575476,0,0,-3,3,1,2,5.2,3.9,8,Murillo,5.2,506,False,,2026-01-23T16:00:07.559469Z,52,575476.jpg,3.6,False,Costa dos Santos,1.9,False,,a,16,17,62,203474,9010,732051,4165,1.0,11.9,Murillo,30.0,2023-08-31,2002-07-04,False,p575476,1459,1,0,4,22,1,0,0,3,0,0,3,227,401.4,77.2,67.0,54.7,137,68,26,163,17,0.48,0.42,0.90,22.70,,,3.0,,,,[],74,34,260,78,266,76,176,56,0.03,0.0,0.03,0.06,1.4,1.36,223,30,43,17,115,43,134,53,1.05,0.25,10.05,244426,Nott'm Forest,3,1100,1130,1100,1110,1100,1150,16,8,3,3,True,Crystal Palace,24,1767.03259277,Nott'm Forest,Crystal Palace,,,,-0.5650057454370541
429,True,True,100.0,100.0,159506,0,0,-3,3,1,2,4.8,4.8,11,Ola,4.8,507,False,,2025-09-11T06:30:07.556962Z,47,159506.jpg,3.6,False,Aina,2.0,False,,a,16,17,25,249128,11310,1589202,1605,1.0,5.3,Aina,157.0,2023-07-22,1996-10-08,False,p159506,608,0,1,2,8,0,0,0,2,0,0,2,86,116.0,69.3,41.0,22.7,41,37,10,51,7,0.08,0.43,0.51,11.08,,,,,,,[],302,115,274,85,311,100,330,112,0.01,0.0,0.06,0.07,1.64,1.18,379,64,65,26,111,42,131,50,1.04,0.3,7.55,257290,Nott'm Forest,3,1100,1130,1100,1110,1100,1150,16,8,3,3,True,Crystal Palace,24,1767.03259277,Nott'm Forest,Crystal Palace,,,,-0.7289626998417041
430,True,True,100.0,100.0,215136,0,0,-3,3,2,2,4.8,4.8,8,Neco,4.8,508,False,,,47,215136.jpg,3.2,False,Williams,3.2,False,,a,16,17,73,363897,8727,1092202,4427,1.0,15.5,N.Williams,244.0,2022-07-11,2001-04-13,False,p215136,2070,1,1,5,34,0,0,0,4,0,0,7,344,514.6,343.2,216.0,107.6,91,104,69,160,23,1.35,2.19,3.54,32.73,4.0,,,,,,[],31,14,45,5,90,9,36,2,0.06,0.0,0.1,0.16,1.42,1.48,382,65,54,21,152,62,101,39,1.0,0.22,6.96,411664,Nott'm Forest,3,1100,1130,1100,1110,1100,1150,16,8,3,3,True,Crystal Palace,24,1767.03259277,Nott'm Forest,Crystal Palace,,,,-0.5001754688383139
431,True,True,100.0,100.0,575458,0,0,-3,3,0,2,0.0,0.0,0,Jair,0.0,510,False,,,42,575458.jpg,3.0,False,Paula da Cunha Filho,0.1,False,,a,16,17,3,2912,59,7846,69,0.0,0.7,Jair Cunha,30.0,2025-07-11,2005-03-07,False,p575458,90,0,0,0,2,0,0,0,0,0,0,0,9,26.0,0.4,0.0,2.6,9,1,2,11,1,0.00,0.00,0.00,3.28,,,,,,,[],416,157,457,168,579,242,446,163,0.0,0.0,0.0,0.0,3.28,2.0,641,155,557,235,185,72,545,198,1.0,0.0,11.0,12865,Nott'm Forest,3,1100,1130,1100,1110,1100,1150,16,8,3,3,True,Crystal Palace,24,1767.03259277,Nott'm Forest,Crystal Palace,,,,-0.4586354340955568
432,True,True,100.0,100.0,485047,0,0,-2,2,0,2,0.5,0.5,1,Felipe,0.5,511,False,,,43,485047.jpg,2.0,False,Rodrigues da Silva,0.1,False,,a,16,17,22,7839,66,12207,104,0.1,5.1,Morato,30.0,2024-08-30,2001-06-30,False,p485047,712,0,0,1,14,0,0,0,4,0,0,1,89,169.2,9.1,5.0,18.3,53,31,19,72,8,0.03,0.06,0.09,10.83,,,,,,,[],252,102,412,150,407,152,354,124,0.0,0.0,0.01,0.01,1.37,1.77,585,135,336,123,317,122,506,183,1.01,0.13,9.1,12865,Nott'm Forest,3,1100,1130,1100,1110,1100,1150,16,8,3,3,True,Crystal Palace,24,1767.03259277,Nott'm Forest,Crystal Palace,,,,-0.2178988326848249
433,True,True,100.0,100.0,549067,0,0,-2,2,0,2,0.0,0.0,0,Zach,0.0,513,False,,,38,549067.jpg,1.0,False,Abbott,0.3,False,,a,16,17,1,25486,269,25565,547,0.0,0.3,Abbott,241.0,2022-08-22,2006-05-13,False,p549067,45,0,0,0,1,0,0,0,0,0,0,0,5,15.6,0.6,0.0,1.6,6,1,1,7,0,0.00,0.00,0.00,0.63,,,,,,,[],435,162,454,167,456,182,455,165,0.0,0.0,0.0,0.0,1.26,2.0,799,255,433,171,434,159,338,125,0.0,0.0,14.0,38594,Nott'm Forest,3,1100,1130,1100,1110,1100,1150,16,8,3,3,True,Crystal Palace,24,1767.03259277,Nott'm Forest,Crystal Palace,,,,-0.00154747213570743
434,True,True,100.0,100.0,90585,0,0,-2,2,0,2,0.0,0.0,0,Willy,0.0,514,False,,2025-12-13T14:30:11.773577Z,38,90585.jpg,0.0,False,Boly,0.4,False,,a,16,17,0,36990,935,59122,515,0.0,0.0,Boly,54.0,2022-09-01,1991-02-03,False,p90585,0,0,0,0,0,0,0,0,0,0,0,0,0,0.0,0.0,0.0,0.0,0,0,0,0,0,0.00,0.00,0.00,0.00,,,,,,,[],488,176,476,174,438,165,488,175,0.0,0.0,0.0,0.0,0.0,0.0,775,232,413,152,498,177,286,109,0.0,0.0,0.0,51458,Nott'm Forest,3,1100,1130,1100,1110,1100,1150,16,8,3,3,True,Crystal Palace,24,1767.03259277,Nott'm Forest,Crystal Palace,,,,-0.23027301481604795
435,True,True,100.0,100.0,222531,0,0,-2,2,0,3,6.5,6.5,6,Morgan,6.5,515,False,,2025-11-27T10:00:07.108311Z,73,222531.jpg,3.9,False,Gibbs-White,3.1,False,,a,16,17,90,718969,22517,981176,7323,0.9,12.3,Gibbs-White,241.0,2022-08-19,2000-01-27,False,p222531,1962,5,2,5,31,0,0,0,0,0,0,7,354,363.0,412.3,416.0,118.9,35,65,12,112,22,5.81,1.77,7.58,31.64,,,2.0,,2.0,,[],96,31,28,27,26,13,29,23,0.27,0.0,0.08,0.35,1.45,1.42,25,16,18,7,86,39,104,31,1.01,0.23,5.14,398800,Nott'm Forest,3,1100,1130,1100,1110,1100,1150,16,8,3,3,True,Crystal Palace,24,1767.03259277,Nott'm Forest,Crystal Palace,,,,-0.15422625717218238
436,True,True,100.0,100.0,209046,0,0,-3,3,1,3,2.0,2.0,3,Callum,2.0,516,False,,2026-01-04T21:30:13.057175Z,57,209046.jpg,2.8,False,Hudson-Odoi,0.8,False,,a,16,17,59,253003,2066,313055,2740,0.4,10.4,Hudson-Odoi,241.0,2023-09-01,2000-11-07,False,p209046,1294,3,1,3,19,0,0,0,0,0,0,6,237,245.2,380.9,206.0,83.0,17,47,12,76,13,1.84,1.62,3.46,21.05,,,,,,,[],183,77,39,37,95,58,81,49,0.13,0.0,0.11,0.24,1.46,1.32,117,73,208,91,219,96,207,69,0.9,0.21,5.29,102916,Nott'm Forest,3,1100,1130,1100,1110,1100,1150,16,8,3,3,True,Crystal Palace,24,1767.03259277,Nott'm Forest,Crystal Palace,,,,-0.10608806871380672
437,True,True,100.0,100.0,215379,0,0,-2,2,0,3,5.2,5.2,5,Elliot,5.2,517,False,,,53,215379.jpg,4.2,False,Anderson,4.7,False,,a,16,17,97,959948,36155,1103525,18027,1.0,18.3,Anderson,241.0,2024-07-01,2002-11-06,False,p215379,2070,1,3,5,34,0,0,0,4,0,0,4,450,499.8,567.7,150.0,122.1,62,194,60,316,23,1.82,2.06,3.88,32.73,2.0,,,,4.0,,[],34,8,8,8,140,81,25,20,0.08,0.0,0.09,0.17,1.42,1.48,192,119,27,11,56,22,78,26,1.0,0.22,13.74,604632,Nott'm Forest,3,1100,1130,1100,1110,1100,1150,16,8,3,3,True,Crystal Palace,24,1767.03259277,Nott'm Forest,Crystal Palace,,,,-0.06958026589153335
438,True,True,100.0,100.0,250199,0,0,0,0,0,3,5.0,5.0,3,Nicolás,5.0,519,False,,2025-12-15T01:30:08.723436Z,50,250199.jpg,2.2,False,Domínguez,0.0,False,,a,16,17,31,3125,499,1931,141,1.0,6.2,Dominguez,10.0,2023-09-01,1998-06-28,False,p250199,712,1,0,3,11,0,0,0,2,0,0,3,117,143.4,137.3,82.0,36.4,16,30,28,74,10,0.90,0.38,1.28,11.08,3.0,,,,,,[],275,121,174,118,240,130,264,129,0.11,0.0,0.05,0.16,1.4,1.39,257,157,48,20,298,129,643,261,1.26,0.38,9.35,0,Nott'm Forest,3,1100,1130,1100,1110,1100,1150,16,8,3,3,True,Crystal Palace,24,1767.03259277,Nott'm Forest,Crystal Palace,,,,0.23615506329113925
439,True,True,100.0,100.0,210462,0,0,-1,1,1,3,2.0,2.0,5,Ibrahim,2.0,521,False,,2025-12-13T14:30:11.791163Z,49,210462.jpg,3.7,False,Sangaré,0.1,False,,a,16,17,55,8024,397,10842,105,0.4,11.2,Sangaré,54.0,2023-09-01,1997-12-02,False,p210462,1044,2,2,5,13,0,0,0,2,0,0,2,213,267.8,82.7,81.0,43.2,53,47,30,130,13,0.90,1.12,2.02,16.71,,,,,,,[],170,67,252,151,243,131,230,113,0.08,0.0,0.1,0.18,1.44,1.12,307,190,240,103,99,48,558,204,1.12,0.43,11.21,12865,Nott'm Forest,3,1100,1130,1100,1110,1100,1150,16,8,3,3,True,Crystal Palace,24,1767.03259277,Nott'm Forest,Crystal Palace,,,,-0.14936923566203753
440,True,True,100.0,100.0,204968,0,0,-3,3,0,3,0.0,0.0,0,Ryan,0.0,522,False,,2025-12-06T20:30:09.569234Z,47,204968.jpg,1.4,False,Yates,0.1,False,,a,16,17,15,9194,53,18622,40,0.0,3.2,Yates,241.0,2018-08-01,1997-11-21,False,p204968,299,0,1,0,5,0,0,0,1,0,0,0,67,64.2,27.0,25.0,11.5,15,11,7,33,1,0.07,0.17,0.24,3.48,,,,,,,[],368,162,362,187,342,178,385,177,0.02,0.0,0.05,0.07,1.05,1.51,381,238,694,286,403,180,544,196,0.3,0.0,9.93,12865,Nott'm Forest,3,1100,1130,1100,1110,1100,1150,16,8,3,3,True,Crystal Palace,24,1767.03259277,Nott'm Forest,Crystal Palace,,,,-0.3389416163359218
441,True,True,100.0,100.0,569014,0,0,0,0,0,3,0.0,0.0,0,Eric,0.0,523,False,,2025-09-02T12:23:02.683095Z,45,569014.jpg,0.0,False,da Silva Moreira,0.1,False,,a,16,17,0,1967,34,16430,24,0.0,0.0,Da Silva Moreira,80.0,2024-07-01,2006-05-03,False,p569014,0,0,0,0,0,0,0,0,0,0,0,0,0,0.0,0.0,0.0,0.0,0,0,0,0,0,0.00,0.00,0.00,0.00,,,,,,,[],707,289,703,290,684,283,707,289,0.0,0.0,0.0,0.0,0.0,0.0,469,286,660,260,709,291,572,212,0.0,0.0,0.0,12865,Nott'm Forest,3,1100,1130,1100,1110,1100,1150,16,8,3,3,True,Crystal Palace,24,1767.03259277,Nott'm Forest,Crystal Palace,,,,-0.7861607870848508
442,True,True,100.0,75.0,482973,0,0,-2,2,0,4,3.8,2.8,9,Igor Jesus,3.8,526,False,,2026-01-23T16:00:07.578702Z,58,482973.jpg,2.5,False,Maciel da Cruz,1.0,False,,a,16,17,55,316094,15457,300483,5994,0.7,9.5,Igor Jesus,30.0,2025-07-05,2001-02-25,False,p482973,1285,2,2,5,23,0,0,0,0,0,0,6,174,160.0,111.7,383.0,63.1,19,31,16,66,15,3.56,0.84,4.40,21.43,,,,,3.0,,[],260,24,205,22,29,14,143,18,0.25,0.0,0.06,0.31,1.5,1.61,110,32,101,10,265,27,179,27,1.05,0.35,4.62,128645,Nott'm Forest,3,1100,1130,1100,1110,1100,1150,16,8,3,3,True,Crystal Palace,24,1767.03259277,Nott'm Forest,Crystal Palace,,,,0.025318816627931305
443,True,True,100.0,100.0,210156,0,0,-3,3,0,4,1.5,1.5,6,Taiwo,1.5,527,False,,2025-11-20T17:00:08.462155Z,52,210156.jpg,1.6,False,Awoniyi,0.3,False,,a,16,17,13,31776,1300,88791,339,0.3,2.5,Awoniyi,157.0,2022-06-25,1997-08-12,False,p210156,204,1,0,0,2,0,0,0,0,0,0,1,59,52.4,41.8,101.0,19.6,4,7,1,12,1,0.85,0.39,1.24,3.39,,,,,,,[],385,41,332,40,216,43,348,41,0.38,0.0,0.17,0.55,1.5,0.88,210,47,256,31,381,43,318,53,0.44,0.0,5.29,38594,Nott'm Forest,3,1100,1130,1100,1110,1100,1150,16,8,3,3,True,Crystal Palace,24,1767.03259277,Nott'm Forest,Crystal Palace,,,,-0.47289059195302197
451,True,True,100.0,100.0,232571,0,0,-3,3,0,1,0.0,0.0,0,Anthony,0.0,528,False,,,42,232571.jpg,0.0,False,Patterson,0.2,False,,a,17,56,0,10400,124,31353,202,0.0,0.0,Patterson,241.0,2018-10-09,2000-05-10,False,p232571,0,0,0,0,0,0,0,0,0,0,0,0,0,0.0,0.0,0.0,0.0,0,0,0,0,0,0.00,0.00,0.00,0.00,,,,,,,[],611,85,604,75,573,61,612,85,0.0,0.0,0.0,0.0,0.0,0.0,628,34,547,79,619,85,383,56,0.0,0.0,0.0,25729,Sunderland,3,1100,1145,1100,1120,1100,1170,17,3,2,3,True,Burnley,24,1680.29211426,Sunderland,Burnley,,,,-0.5018322036739875
452,True,True,100.0,100.0,74854,0,0,-1,1,0,1,0.0,0.0,0,Simon,0.0,529,False,,,39,74854.jpg,0.0,False,Moore,0.4,False,,a,17,56,0,16810,139,31434,357,0.0,0.0,Moore,241.0,2024-07-01,1990-05-19,False,p74854,0,0,0,0,0,0,0,0,0,0,0,0,0,0.0,0.0,0.0,0.0,0,0,0,0,0,0.00,0.00,0.00,0.00,,,,,,,[],510,35,501,22,464,7,510,35,0.0,0.0,0.0,0.0,0.0,0.0,729,68,440,29,519,35,279,38,0.0,0.0,0.0,51458,Sunderland,3,1100,1145,1100,1120,1100,1170,17,3,2,3,True,Burnley,24,1680.29211426,Sunderland,Burnley,,,,-0.30312577729873147
453,True,True,100.0,100.0,223827,0,0,1,-1,1,2,1.6,1.6,2,Daniel,1.6,531,False,,2025-12-28T21:30:09.047270Z,46,223827.jpg,4.4,False,Ballard,3.1,False,,a,17,56,83,1038837,6828,905217,10897,0.3,18.0,Ballard,242.0,2022-07-01,1999-09-22,False,p223827,1401,2,1,4,19,0,0,0,3,0,0,7,246,458.4,98.6,313.0,87.0,146,34,24,170,15,2.00,0.49,2.49,21.00,,,,,,,[],48,21,224,63,48,2,69,14,0.13,0.0,0.03,0.16,1.35,1.22,395,68,237,90,36,16,103,41,0.96,0.26,10.92,398800,Sunderland,3,1100,1145,1100,1120,1100,1170,17,3,2,3,True,Burnley,24,1680.29211426,Sunderland,Burnley,,,,0.06873265866071622
454,True,True,100.0,100.0,487676,0,0,0,0,1,2,1.8,1.8,0,Trai,1.8,532,False,,,45,487676.jpg,2.9,False,Hume,0.3,False,,a,17,56,66,71762,244,61991,1568,0.4,14.7,Hume,242.0,2022-01-04,2002-03-18,False,p487676,1876,0,1,6,24,0,0,0,6,0,0,4,234,306.8,234.6,150.0,68.2,88,64,44,132,21,1.14,0.92,2.06,30.82,2.0,,,,,,[],134,58,97,22,139,25,120,38,0.05,0.0,0.04,0.09,1.48,1.15,439,88,219,83,196,77,293,111,1.01,0.29,6.33,38594,Sunderland,3,1100,1145,1100,1120,1100,1170,17,3,2,3,True,Burnley,24,1680.29211426,Sunderland,Burnley,,,,0.07305256704522516
455,True,True,100.0,100.0,461195,0,0,0,0,0,2,2.2,2.2,1,Dennis,2.2,535,False,,2025-07-21T10:00:05.027113Z,40,461195.jpg,2.2,False,Cirkin,0.1,False,,a,17,56,13,6157,412,4205,253,0.6,3.2,Cirkin,241.0,2021-08-11,2002-04-06,False,p461195,296,0,0,1,2,0,0,0,1,0,0,0,44,58.2,8.7,2.0,6.8,18,7,8,26,3,0.00,0.02,0.02,6.04,,,,,,,[],380,147,415,152,421,158,418,152,0.0,0.0,0.01,0.01,1.84,0.61,672,169,186,69,291,111,569,206,0.91,0.3,7.91,12865,Sunderland,3,1100,1145,1100,1120,1100,1170,17,3,2,3,True,Burnley,24,1680.29211426,Sunderland,Burnley,,,,0.18838062150164062
456,True,True,100.0,100.0,477547,0,0,0,0,0,2,0.0,0.0,0,Leo Fuhr,0.0,536,False,,2025-07-21T10:00:05.047173Z,40,477547.jpg,0.0,False,Hjelde,0.0,False,,a,17,56,0,1154,74,1015,54,0.0,0.0,Hjelde,161.0,2024-01-30,2003-08-26,False,p477547,0,0,0,0,0,0,0,0,0,0,0,0,0,0.0,0.0,0.0,0.0,0,0,0,0,0,0.00,0.00,0.00,0.00,,,,,,,[],570,214,563,214,528,208,570,213,0.0,0.0,0.0,0.0,0.0,0.0,680,172,501,196,579,214,687,237,0.0,0.0,0.0,0,Sunderland,3,1100,1145,1100,1120,1100,1170,17,3,2,3,True,Burnley,24,1680.29211426,Sunderland,Burnley,,,,0.06408483171968649
457,True,True,100.0,100.0,167512,0,0,0,0,0,2,0.4,0.4,1,Luke,0.4,539,False,,2025-12-06T20:30:09.638471Z,40,167512.jpg,0.2,False,O'Nien,0.1,False,,a,17,56,1,6083,102,6521,144,0.1,0.2,O'Nien,241.0,2018-07-30,1994-11-21,False,p167512,18,0,0,0,0,0,0,0,0,1,0,0,4,5.4,1.0,0.0,0.6,0,1,2,2,0,0.00,0.00,0.00,0.86,,,,,,,[],453,166,448,165,509,200,468,166,0.0,0.0,0.0,0.0,4.3,0.0,659,162,331,120,495,174,557,201,0.0,0.0,10.0,12865,Sunderland,3,1100,1145,1100,1120,1100,1170,17,3,2,3,True,Burnley,24,1680.29211426,Sunderland,Burnley,,,,-0.034750872738813075
458,True,True,100.0,100.0,434399,0,0,-2,2,1,2,0.2,0.2,-1,Reinildo,0.2,541,False,,2026-01-15T19:30:10.289748Z,38,434399.jpg,2.7,False,Mandava,2.8,False,,a,17,56,38,517985,13882,969058,6963,0.1,10.0,Reinildo,146.0,2025-07-08,1994-01-21,False,p434399,1157,0,1,3,16,0,0,0,5,1,0,3,132,208.4,50.2,25.0,28.5,75,53,27,102,14,0.10,0.16,0.26,15.91,,,,,,,[],217,88,312,104,340,112,297,99,0.01,0.0,0.01,0.02,1.24,1.24,783,239,365,133,223,85,110,45,1.09,0.23,7.93,360206,Sunderland,3,1100,1145,1100,1120,1100,1170,17,3,2,3,True,Burnley,24,1680.29211426,Sunderland,Burnley,,,,-0.3033355457777616
459,True,True,100.0,100.0,535818,0,0,-6,6,0,3,1.0,1.0,0,Simon,1.0,543,False,,,49,535818.jpg,2.4,False,Adingra,0.4,False,,a,17,56,34,90248,289,220861,957,0.2,6.9,Adingra,54.0,2025-07-10,2002-01-01,False,p535818,649,1,1,4,8,0,0,0,2,0,0,3,81,81.4,116.8,75.0,27.0,13,21,11,45,9,0.35,0.62,0.97,11.30,,,,,,,[],342,151,200,131,253,138,307,148,0.05,0.0,0.09,0.14,1.57,1.11,341,211,290,129,270,114,265,90,1.25,0.55,6.24,51458,Sunderland,3,1100,1145,1100,1120,1100,1170,17,3,2,3,True,Burnley,24,1680.29211426,Sunderland,Burnley,,,,-0.4198303488487958
460,True,True,100.0,100.0,547027,0,0,-2,2,0,3,0.0,0.0,0,Habib,0.0,544,False,,2025-12-20T23:30:08.955091Z,53,547027.jpg,2.2,False,Diarra,0.0,False,,a,17,56,13,7026,231,16285,94,0.0,2.5,Diarra,189.0,2025-07-01,2004-01-03,False,p547027,416,0,1,2,2,0,0,0,2,0,0,0,26,19.6,34.9,47.0,9.5,9,13,4,26,4,0.54,0.09,0.63,4.69,,,,,1.0,,[],431,192,343,180,297,154,399,182,0.12,0.0,0.02,0.14,1.01,0.43,205,127,768,338,299,130,607,233,0.87,0.43,5.62,0,Sunderland,3,1100,1145,1100,1120,1100,1170,17,3,2,3,True,Burnley,24,1680.29211426,Sunderland,Burnley,,,,-0.39719445755222854
461,True,True,100.0,0.0,626844,0,0,-1,1,0,3,0.0,0.0,0,Milan,0.0,546,False,,2025-09-08T09:11:30.805435Z,49,626844.jpg,0.0,False,Aleksić,0.0,False,,a,17,56,0,300,5,3377,4,0.0,0.0,Aleksić,190.0,2024-08-30,2005-08-30,False,p626844,0,0,0,0,0,0,0,0,0,0,0,0,0,0.0,0.0,0.0,0.0,0,0,0,0,0,0.00,0.00,0.00,0.00,,,,,,,[],763,330,759,330,750,327,762,329,0.0,0.0,0.0,0.0,0.0,0.0,346,216,730,311,763,330,686,289,0.0,0.0,0.0,0,Sunderland,3,1100,1145,1100,1120,1100,1170,17,3,2,3,True,Burnley,24,1680.29211426,Sunderland,Burnley,,,,-0.8368234974163721
462,True,True,100.0,100.0,484420,0,0,-1,1,2,3,3.8,3.8,2,Enzo,3.8,547,False,,2025-09-13T21:30:08.349570Z,49,484420.jpg,3.7,False,Le Fée,1.4,False,,a,17,56,81,287639,13017,157947,11402,0.8,16.5,E.Le Fée,73.0,2025-07-01,2000-02-03,False,p484420,1755,3,4,6,23,0,0,1,5,0,0,7,326,404.2,483.6,165.0,105.4,43,81,49,173,20,3.71,2.43,6.14,28.56,3.0,,2.0,,2.0,,[],72,21,18,17,125,73,37,27,0.19,0.0,0.12,0.31,1.46,1.18,336,208,69,28,101,49,158,55,1.03,0.31,8.87,180103,Sunderland,3,1100,1145,1100,1120,1100,1170,17,3,2,3,True,Burnley,24,1680.29211426,Sunderland,Burnley,,,,0.2910594138954096
463,True,True,100.0,100.0,461199,0,0,-1,1,0,3,1.2,1.2,1,Romaine,1.2,548,False,,2025-08-10T23:30:07.214806Z,49,461199.jpg,1.0,False,Mundle,0.0,False,,a,17,56,10,943,37,1271,38,0.2,2.0,Mundle,241.0,2024-02-01,2003-04-24,False,p461199,302,0,0,0,6,0,0,0,1,0,0,0,37,24.6,29.3,46.0,9.7,4,15,4,23,2,0.45,0.26,0.71,5.74,,,3.0,,,,[],421,187,356,185,300,157,397,181,0.13,0.0,0.08,0.21,1.71,1.79,330,203,271,117,471,219,729,310,0.6,0.0,6.85,0,Sunderland,3,1100,1145,1100,1120,1100,1170,17,3,2,3,True,Burnley,24,1680.29211426,Sunderland,Burnley,,,,-0.14814814814814814
464,True,True,100.0,100.0,215460,0,0,-2,2,0,3,0.0,0.0,0,Ian,0.0,550,False,,,48,215460.jpg,0.0,False,Poveda-Ocampo,0.0,False,,a,17,56,0,880,11,2554,22,0.0,0.0,Poveda,48.0,2024-07-24,2000-02-09,False,p215460,0,0,0,0,0,0,0,0,0,0,0,0,0,0.0,0.0,0.0,0.0,0,0,0,0,0,0.00,0.00,0.00,0.00,,,,,,,[],745,317,740,317,727,312,744,316,0.0,0.0,0.0,0.0,0.0,0.0,359,225,702,291,745,317,655,269,0.0,0.0,0.0,0,Sunderland,3,1100,1145,1100,1120,1100,1170,17,3,2,3,True,Burnley,24,1680.29211426,Sunderland,Burnley,,,,-0.48747815958066393
465,True,True,100.0,100.0,554197,0,0,-3,3,0,3,0.4,0.4,0,Chris,0.4,551,False,,,47,554197.jpg,1.5,False,Rigg,0.0,False,,a,17,56,15,5386,49,8460,111,0.1,3.2,Rigg,241.0,2022-12-31,2007-06-18,False,p554197,375,0,0,2,2,0,0,0,0,0,0,0,48,20.2,48.4,21.0,8.9,7,14,6,27,6,0.32,0.35,0.67,5.12,,,,,,,[],428,190,319,178,356,183,405,183,0.08,0.0,0.08,0.16,1.23,0.48,389,243,346,153,392,173,584,218,1.44,0.48,6.48,0,Sunderland,3,1100,1145,1100,1120,1100,1170,17,3,2,3,True,Burnley,24,1680.29211426,Sunderland,Burnley,,,,-0.22201357792864365
466,True,True,100.0,100.0,577669,0,0,-1,1,0,3,1.6,1.6,3,Noah,1.6,552,False,,2025-12-13T14:30:11.905086Z,49,577669.jpg,2.5,False,Sadiki,0.1,False,,a,17,56,45,9049,270,10612,159,0.3,9.2,Sadiki,50.0,2025-07-04,2004-12-17,False,p577669,1594,0,1,5,21,0,0,0,5,0,0,0,232,191.8,166.9,46.0,40.6,57,58,27,142,18,0.30,0.78,1.08,22.22,,,,,,,[],235,98,149,103,301,158,242,120,0.02,0.0,0.04,0.06,1.25,1.19,344,214,241,104,262,111,568,210,1.02,0.28,8.02,12865,Sunderland,3,1100,1145,1100,1120,1100,1170,17,3,2,3,True,Burnley,24,1680.29211426,Sunderland,Burnley,,,,-0.0794974823254158
467,True,True,100.0,100.0,549912,0,0,-1,1,0,3,0.2,0.2,1,Chemsdine,0.2,553,False,,2025-12-13T14:30:11.920590Z,49,549912.jpg,3.1,False,Talbi,0.1,False,,a,17,56,52,56192,168,67994,168,0.0,10.6,Talbi,145.0,2025-07-09,2005-05-09,False,p549912,926,2,2,5,8,0,0,0,0,0,0,5,150,133.2,144.6,124.0,39.7,12,36,7,55,9,1.20,0.52,1.71,13.77,,,,,,,[],288,130,167,113,178,104,251,123,0.12,0.0,0.05,0.17,1.34,0.78,342,212,401,187,170,71,418,141,0.87,0.49,5.35,12865,Sunderland,3,1100,1145,1100,1120,1100,1170,17,3,2,3,True,Burnley,24,1680.29211426,Sunderland,Burnley,,,,-0.09503486705425733
468,True,True,100.0,100.0,477851,0,0,-2,2,0,3,0.0,0.0,0,Abdoullah,0.0,554,False,,,43,477851.jpg,0.0,False,Ba,0.4,False,,a,17,56,0,78092,237,71671,1129,0.0,0.0,Ba,73.0,2022-08-31,2003-07-31,False,p477851,0,0,0,0,0,0,0,0,0,0,0,0,0,0.0,0.0,0.0,0.0,0,0,0,0,0,0.00,0.00,0.00,0.00,,,,,,,[],620,225,616,230,587,216,621,226,0.0,0.0,0.0,0.0,0.0,0.0,584,341,567,196,629,234,285,95,0.0,0.0,0.0,51458,Sunderland,3,1100,1145,1100,1120,1100,1170,17,3,2,3,True,Burnley,24,1680.29211426,Sunderland,Burnley,,,,0.04287440823167271
469,True,True,100.0,100.0,547410,0,0,-2,2,0,3,0.0,0.0,0,Harrison,0.0,557,False,,,43,547410.jpg,0.0,False,Jones,0.1,False,,a,17,56,0,6770,125,9087,138,0.0,0.0,H.Jones,241.0,2024-01-01,2004-12-25,False,p547410,0,0,0,0,0,0,0,0,0,0,0,0,0,0.0,0.0,0.0,0.0,0,0,0,0,0,0.00,0.00,0.00,0.00,,,,,,,[],628,231,625,236,597,223,629,232,0.0,0.0,0.0,0.0,0.0,0.0,604,350,575,202,637,240,539,192,0.0,0.0,0.0,12865,Sunderland,3,1100,1145,1100,1120,1100,1170,17,3,2,3,True,Burnley,24,1680.29211426,Sunderland,Burnley,,,,-0.1461184334994009
470,True,True,100.0,100.0,437505,0,0,-3,3,1,4,0.4,0.4,1,Wilson,0.4,560,False,,2026-01-04T21:30:13.190592Z,52,437505.jpg,2.5,False,Isidor,1.6,False,,a,17,56,51,944609,3173,822111,6670,0.1,9.8,Isidor,73.0,2025-02-01,2000-08-27,False,p437505,985,4,0,4,13,0,0,0,1,0,0,7,169,161.4,22.2,351.0,53.3,14,17,8,39,11,3.50,0.06,3.56,15.74,,,,,,,[],259,23,372,46,40,17,183,20,0.32,0.0,0.01,0.33,1.44,1.19,214,48,353,42,264,26,148,23,1.01,0.37,3.56,205832,Sunderland,3,1100,1145,1100,1120,1100,1170,17,3,2,3,True,Burnley,24,1680.29211426,Sunderland,Burnley,,,,0.06933639739177686
471,True,True,100.0,100.0,564406,0,0,-3,3,0,4,1.6,1.6,2,Eliezer,1.6,561,False,,,52,564406.jpg,1.9,False,Mayenda Dossou,0.5,False,,a,17,56,26,263115,380,300470,583,0.3,5.0,Mayenda,200.0,2023-07-28,2005-05-08,False,p564406,572,1,0,3,7,0,0,0,0,0,0,2,86,73.4,42.0,131.0,24.3,6,11,3,20,6,1.05,0.14,1.19,10.33,,,,,3.0,,[],357,35,330,38,171,37,320,37,0.17,0.0,0.02,0.19,1.63,1.1,221,50,244,27,337,33,249,40,0.94,0.47,3.15,64323,Sunderland,3,1100,1145,1100,1120,1100,1170,17,3,2,3,True,Burnley,24,1680.29211426,Sunderland,Burnley,,,,-0.06628104012704383
472,True,True,100.0,100.0,611975,0,0,-3,3,0,4,0.0,0.0,0,Ahmed,0.0,562,False,,,42,611975.jpg,0.0,False,Abdullahi,0.4,False,,a,17,56,0,48389,2107,77875,1044,0.0,0.0,Abdullahi,157.0,2024-08-31,2004-06-19,False,p611975,0,0,0,0,0,0,0,0,0,0,0,0,0,0.0,0.0,0.0,0.0,0,0,0,0,0,0.00,0.00,0.00,0.00,,,,,,,[],616,62,611,61,581,61,617,62,0.0,0.0,0.0,0.0,0.0,0.0,643,90,559,50,624,62,271,43,0.0,0.0,0.0,51458,Sunderland,3,1100,1145,1100,1120,1100,1170,17,3,2,3,True,Burnley,24,1680.29211426,Sunderland,Burnley,,,,-0.23352657923081796
480,True,True,100.0,100.0,184254,0,0,-2,2,0,1,1.5,2.0,1,Guglielmo,2.0,565,False,,,48,184254.jpg,3.3,False,Vicario,6.5,False,,a,18,6,77,1332354,1385,1272684,25152,0.4,16.0,Vicario,106.0,2023-07-01,1996-10-07,False,p184254,2070,0,0,7,31,0,0,0,1,0,59,6,352,511.6,0.1,0.0,51.3,28,189,0,0,23,0.00,0.02,0.02,30.70,,,,,,,[],33,10,470,14,725,80,194,10,0.0,2.57,0.0,0.0,1.33,1.35,354,14,204,19,140,13,56,9,1.0,0.3,0.0,836193,Spurs,3,1165,1175,1130,1150,1200,1200,18,13,4,3,True,Man City,24,1803.93261719,Spurs,Man City,,,,0.022905615964143325
481,True,True,100.0,100.0,214572,0,0,-1,1,0,1,-0.5,0.0,0,Brandon,0.0,566,False,,,39,214572.jpg,0.0,False,Austin,0.3,False,,a,18,6,0,20080,93,22604,274,0.0,0.0,Austin,241.0,2017-07-22,1999-01-08,False,p214572,0,0,0,0,0,0,0,0,0,0,0,0,0,0.0,0.0,0.0,0.0,0,0,0,0,0,0.00,0.00,0.00,0.00,,,,,,,[],519,44,510,31,473,16,519,44,0.0,0.0,0.0,0.0,0.0,0.0,741,77,450,38,528,44,314,42,0.0,0.0,0.0,38594,Spurs,3,1165,1175,1130,1150,1200,1200,18,13,4,3,True,Man City,24,1803.93261719,Spurs,Man City,,,,-0.0591322275325649
482,True,True,100.0,100.0,485055,0,0,-1,1,0,1,-0.5,0.0,0,Antonín,0.0,567,False,,,39,485055.jpg,0.0,False,Kinský,1.7,False,,a,18,6,0,122943,365,164211,1994,0.0,0.0,Kinsky,57.0,2025-01-05,2003-03-13,False,p485055,0,0,0,0,0,0,0,0,0,0,0,0,0,0.0,0.0,0.0,0.0,0,0,0,0,0,0.00,0.00,0.00,0.00,,,,,,,[],529,51,520,38,483,23,529,51,0.0,0.0,0.0,0.0,0.0,0.0,757,84,460,45,538,51,144,19,0.0,0.0,0.0,218697,Spurs,3,1165,1175,1130,1150,1200,1200,18,13,4,3,True,Man City,24,1803.93261719,Spurs,Man City,,,,-0.14371382603063165
483,True,True,100.0,100.0,221632,0,0,0,0,3,2,6.1,6.6,11,Cristian,6.6,569,False,,2025-12-20T23:00:11.705207Z,50,221632.jpg,4.8,False,Romero,4.2,False,,a,18,6,92,961172,29501,1000439,10579,1.3,18.4,Romero,10.0,2022-08-30,1998-04-27,False,p221632,1637,4,1,5,25,0,0,0,8,1,0,10,308,538.2,110.1,202.0,85.1,125,77,52,177,18,1.33,1.18,2.51,24.48,,,,,,,[],20,8,206,52,98,12,73,15,0.07,0.0,0.06,0.13,1.35,1.37,253,38,6,3,22,10,82,27,0.99,0.27,9.73,540309,Spurs,3,1165,1175,1130,1150,1200,1200,18,13,4,3,True,Man City,24,1803.93261719,Spurs,Man City,,,,-0.020017730324717795
484,True,True,100.0,100.0,135720,0,0,-3,3,0,2,-0.3,0.2,1,Kevin,0.2,570,False,,,42,135720.jpg,2.1,False,Danso,0.1,False,,a,18,6,27,16571,160,28299,234,0.0,6.4,Danso,14.0,2025-07-01,1998-09-19,False,p135720,658,0,0,2,12,0,0,0,4,0,0,1,111,194.2,9.1,8.0,21.2,80,28,13,93,8,0.03,0.18,0.21,10.71,,,,,,,[],232,95,411,149,388,144,336,114,0.0,0.0,0.02,0.02,1.46,1.64,622,143,369,137,303,115,423,156,1.09,0.27,12.72,12865,Spurs,3,1165,1175,1130,1150,1200,1200,18,13,4,3,True,Man City,24,1803.93261719,Spurs,Man City,,,,-0.26137731223534655
485,True,True,100.0,100.0,493125,0,0,0,0,0,2,-0.3,0.2,1,Radu,0.2,572,False,,2025-07-21T10:00:05.088977Z,45,493125.jpg,1.0,False,Drăgușin,0.0,False,,a,18,6,2,1065,44,1031,45,0.0,0.4,Dragusin,177.0,2024-01-11,2002-02-03,False,p493125,6,0,0,0,0,0,0,0,0,0,0,0,5,0.2,0.3,4.0,0.4,1,1,0,1,0,0.06,0.00,0.06,0.09,,,,,,,[],483,173,463,169,413,154,475,169,0.9,0.0,0.0,0.9,1.35,0.0,444,89,381,142,455,166,717,246,0.0,0.0,15.0,0,Spurs,3,1165,1175,1130,1150,1200,1200,18,13,4,3,True,Man City,24,1803.93261719,Spurs,Man City,,,,0.016221374045801526
486,True,True,100.0,100.0,232859,0,0,-2,2,0,2,1.5,2.0,1,Djed,2.0,573,False,,,43,232859.jpg,2.8,False,Spence,1.1,False,,a,18,6,55,292764,964,330237,4103,0.5,12.8,Spence,241.0,2022-07-19,2000-08-09,False,p232859,1506,0,0,7,21,0,0,0,3,0,0,1,224,216.2,171.0,147.0,53.3,51,87,27,78,17,0.82,1.37,2.19,23.60,,,,,,,[],206,84,147,37,142,26,182,60,0.05,0.0,0.08,0.13,1.41,1.25,578,130,202,74,210,80,176,68,1.02,0.42,4.66,141510,Spurs,3,1165,1175,1130,1150,1200,1200,18,13,4,3,True,Man City,24,1803.93261719,Spurs,Man City,,,,-0.06014918114096125
487,True,True,100.0,100.0,487053,0,0,-2,2,0,2,-0.3,0.2,1,Destiny,0.2,574,False,,2026-01-05T18:30:09.905036Z,43,487053.jpg,1.3,False,Udogie,0.3,False,,a,18,6,14,47660,334,109105,224,0.0,3.3,Udogie,106.0,2022-08-16,2002-11-28,False,p487053,650,0,1,0,14,0,0,0,1,0,0,0,56,121.8,101.0,61.0,28.4,18,40,13,31,6,0.10,0.37,0.47,11.16,,,,,,,[],297,114,221,62,275,81,300,102,0.01,0.0,0.05,0.06,1.55,1.94,586,136,371,139,412,152,307,114,0.83,0.0,4.29,38594,Spurs,3,1165,1175,1130,1150,1200,1200,18,13,4,3,True,Man City,24,1803.93261719,Spurs,Man City,,,,-0.3919561126526967
488,True,True,75.0,100.0,491279,0,0,1,-1,3,2,2.6,4.0,7,Micky,4.0,575,False,Knock - 75% chance of playing,2026-01-28T04:30:09.145679Z,46,491279.jpg,4.4,False,van de Ven,27.4,False,,d,18,6,96,3368068,32009,3212095,103918,0.9,20.9,Van de Ven,152.0,2023-08-08,2001-04-19,False,p491279,1969,4,1,7,29,0,0,0,6,0,0,10,347,498.4,75.9,191.0,76.5,117,78,25,142,22,2.48,0.33,2.81,28.66,,,,,,,[],35,15,262,79,108,17,93,24,0.11,0.0,0.02,0.13,1.31,1.33,397,70,53,20,37,17,12,4,1.01,0.32,6.49,3524874,Spurs,3,1165,1175,1130,1150,1200,1200,18,13,4,3,True,Man City,24,1803.93261719,Spurs,Man City,,,,0.023703516159098187
218,True,True,100.0,100.0,242898,0,0,-5,5,0,3,1.4,1.4,2,Brennan,1.4,580,False,,,65,242898.jpg,2.0,False,Johnson,2.5,False,,a,8,31,41,1130042,1761,1289020,4405,0.2,6.3,Johnson,244.0,2026-01-02,2001-05-23,False,p242898,928,2,0,4,11,0,0,0,4,0,0,2,137,155.4,127.2,162.0,44.3,20,28,16,64,10,1.57,0.42,1.99,16.59,,,,,,,[],264,114,186,124,128,75,223,111,0.15,0.0,0.04,0.19,1.61,1.07,51,33,263,114,327,147,115,37,0.97,0.39,6.21,321613,Crystal Palace,3,1165,1205,1150,1150,1180,1260,16,8,3,3,False,Nott'm Forest,24,1799.60217285,Nott'm Forest,Crystal Palace,,,,-0.06571886127763571
489,True,True,100.0,100.0,511499,0,0,-3,3,1,3,2.7,3.2,1,Mathys,3.2,584,False,,,62,511499.jpg,2.8,False,Tel,0.2,False,,a,18,6,45,38075,271,35311,3756,0.5,7.3,Tel,73.0,2025-07-01,2005-04-27,False,p511499,534,3,1,1,9,0,0,0,0,0,0,5,145,141.8,104.9,160.0,40.9,5,30,10,45,6,1.10,0.53,1.62,6.58,4.0,,,,4.0,,[],276,122,215,136,132,77,241,119,0.19,0.0,0.09,0.28,1.11,1.52,79,52,121,54,222,99,371,125,1.01,0.17,7.58,25729,Spurs,3,1165,1175,1130,1150,1200,1200,18,13,4,3,True,Man City,24,1803.93261719,Spurs,Man City,,,,0.03766385959174774
490,True,True,100.0,100.0,227127,0,0,-3,3,0,3,0.5,1.0,4,Yves,1.0,587,False,,2025-08-22T13:47:04.343594Z,52,227127.jpg,2.5,False,Bissouma,0.0,False,,a,18,6,5,1788,200,13843,60,0.2,1.0,Bissouma,132.0,2022-06-17,1996-08-30,False,p227127,122,0,0,0,3,0,0,0,0,0,0,0,40,34.2,8.9,21.0,6.4,9,8,6,23,1,0.28,0.07,0.35,2.69,,,,,,,[],406,180,414,201,357,184,420,189,0.21,0.0,0.05,0.26,1.98,2.21,211,131,293,132,263,112,598,229,0.74,0.0,16.97,0,Spurs,3,1165,1175,1130,1150,1200,1200,18,13,4,3,True,Man City,24,1803.93261719,Spurs,Man City,,,,-0.771223850041584
491,True,True,100.0,100.0,550839,0,0,-2,2,0,3,2.9,3.4,8,Wilson,3.4,588,False,,2025-10-23T14:00:09.078476Z,53,550839.jpg,2.0,False,Odobert,0.1,False,,a,18,6,43,13574,1232,8995,1043,0.6,8.1,Odobert,73.0,2024-08-16,2004-11-28,False,p550839,885,0,2,2,13,0,0,0,0,0,0,6,164,149.4,249.8,210.0,60.9,13,46,10,69,8,1.56,1.15,2.71,11.40,,,,,,,[],268,117,91,68,92,56,152,84,0.16,0.0,0.12,0.28,1.16,1.32,206,128,99,45,323,143,483,170,0.81,0.2,7.02,12865,Spurs,3,1165,1175,1130,1150,1200,1200,18,13,4,3,True,Man City,24,1803.93261719,Spurs,Man City,,,,0.2028889184279321
492,True,True,100.0,100.0,547701,0,0,-2,2,0,3,1.1,1.6,1,Archie,1.6,591,False,,2025-10-31T09:00:09.658347Z,48,547701.jpg,2.2,False,Gray,0.1,False,,a,18,6,28,15010,207,20243,538,0.3,5.8,Gray,241.0,2024-07-02,2006-03-12,False,p547701,657,1,0,5,8,0,0,0,4,0,0,3,103,98.6,56.6,78.0,23.3,31,31,6,68,9,0.68,0.13,0.81,8.09,,,,,,,[],322,142,304,172,249,134,325,158,0.09,0.0,0.02,0.11,1.11,1.1,372,233,238,102,297,128,429,144,1.23,0.68,9.32,12865,Spurs,3,1165,1175,1130,1150,1200,1200,18,13,4,3,True,Man City,24,1803.93261719,Spurs,Man City,,,,-0.14844126740986582
493,True,True,100.0,100.0,482442,0,0,-5,5,0,3,-0.5,0.0,0,Pape Matar,0.0,593,False,,2025-12-13T14:30:12.000738Z,45,482442.jpg,3.0,False,Sarr,0.8,False,,a,18,6,42,329290,1171,555379,1023,0.0,9.3,P.M.Sarr,189.0,2021-08-27,2002-09-14,False,p482442,703,2,2,3,7,0,0,0,0,0,0,0,161,154.6,84.7,94.0,33.4,29,41,12,82,7,1.04,0.45,1.49,12.70,,,,,,,[],265,115,246,150,222,122,277,137,0.13,0.0,0.06,0.19,1.63,0.9,438,263,640,242,186,79,202,67,0.9,0.38,10.5,102916,Spurs,3,1165,1175,1130,1150,1200,1200,18,13,4,3,True,Man City,24,1803.93261719,Spurs,Man City,,,,-0.2555633802020869
494,True,True,100.0,100.0,499726,0,0,-2,2,0,3,-0.5,0.0,0,Callum,0.0,595,False,,,43,499726.jpg,0.0,False,Olusesi,0.2,False,,a,18,6,0,21274,201,27669,314,0.0,0.0,Olusesi,241.0,2024-11-06,2007-03-11,False,p499726,0,0,0,0,0,0,0,0,0,0,0,0,0,0.0,0.0,0.0,0.0,0,0,0,0,0,0.00,0.00,0.00,0.00,,,,,,,[],623,228,619,233,591,220,624,229,0.0,0.0,0.0,0.0,0.0,0.0,595,346,570,199,632,237,366,122,0.0,0.0,0.0,25729,Spurs,3,1165,1175,1130,1150,1200,1200,18,13,4,3,True,Man City,24,1803.93261719,Spurs,Man City,,,,-0.13066219888441657
495,True,True,100.0,100.0,154566,0,0,-3,3,0,4,0.1,0.6,2,Dominic,0.6,596,False,,2025-09-12T16:30:09.183639Z,72,154566.jpg,1.2,False,Solanke-Mitchell,1.0,False,,a,18,6,5,53885,2569,453606,3548,0.1,0.7,Solanke,241.0,2024-08-10,1997-09-14,False,p154566,149,0,0,0,3,0,0,0,0,0,0,0,24,22.4,25.2,68.0,11.5,2,2,6,10,1,0.68,0.02,0.70,2.80,,,,,2.0,,[],422,47,366,45,265,47,388,47,0.41,0.0,0.01,0.42,1.69,1.81,30,11,329,40,427,50,185,29,0.6,0.0,6.04,128645,Spurs,3,1165,1175,1130,1150,1200,1200,18,13,4,3,True,Man City,24,1803.93261719,Spurs,Man City,,,,-0.7876415542344594
496,True,True,100.0,100.0,490145,0,0,-2,2,0,4,-0.1,0.4,1,Dane,0.4,599,False,,,43,490145.jpg,1.0,False,Scarlett,0.6,False,,a,18,6,2,58812,1137,101092,864,0.1,0.5,Scarlett,241.0,2020-08-21,2004-03-24,False,p490145,7,0,0,0,0,0,0,0,0,0,0,0,5,1.0,4.1,2.0,0.7,0,1,0,1,0,0.00,0.01,0.01,0.03,,,,,,,[],477,57,429,54,425,56,466,56,0.0,0.0,0.13,0.13,0.39,0.0,588,82,337,41,441,53,236,36,0.0,0.0,12.86,77187,Spurs,3,1165,1175,1130,1150,1200,1200,18,13,4,3,True,Man City,24,1803.93261719,Spurs,Man City,,,,-0.26440864518711227
506,True,True,100.0,100.0,84182,0,0,-2,2,0,1,2.2,2.2,2,Alphonse,2.2,600,False,,,43,84182.jpg,2.6,False,Areola,2.2,False,,a,19,21,49,154992,3289,404299,4206,0.5,11.4,Areola,73.0,2022-07-01,1993-02-27,False,p84182,1710,0,1,0,34,0,0,0,0,0,74,2,215,551.6,10.0,0.0,56.0,26,134,0,0,19,0.00,0.00,0.00,32.60,,,,,,,[],17,5,404,6,583,65,172,6,0.0,3.89,0.0,0.0,1.72,1.79,564,27,187,18,239,21,122,16,1.0,0.0,0.0,283019,West Ham,3,1075,1075,1050,1050,1100,1100,7,19,2,3,False,Chelsea,24,1699.84399414,Chelsea,West Ham,,,,-0.44575542964217196
507,True,True,100.0,100.0,613804,0,0,-5,5,0,2,0.2,0.2,1,El Hadji Malick,0.2,603,False,,2025-12-13T14:30:12.025609Z,40,613804.jpg,2.6,False,Diouf,1.3,False,,a,19,21,45,224983,3685,868213,2387,0.0,11.2,Diouf,189.0,2025-07-15,2004-12-29,False,p613804,1407,0,4,2,30,0,0,0,3,0,0,1,120,279.8,158.4,64.0,50.3,94,54,21,115,15,0.39,0.82,1.21,24.12,,,,,,,[],159,66,157,39,270,79,197,62,0.02,0.0,0.05,0.07,1.54,1.92,716,200,367,135,237,93,162,61,0.96,0.13,7.36,167239,West Ham,3,1075,1075,1050,1050,1100,1100,7,19,2,3,False,Chelsea,24,1699.84399414,Chelsea,West Ham,,,,-0.5883940299818148
508,True,True,100.0,100.0,214048,0,0,-3,3,0,2,0.8,0.8,1,Maximilian,0.8,605,False,,,42,214048.jpg,1.8,False,Kilman,0.2,False,,a,19,21,36,28757,133,46441,546,0.2,8.6,Kilman,241.0,2024-07-05,1997-05-23,False,p214048,1535,0,0,1,35,0,0,0,4,0,0,0,83,380.8,55.6,60.0,49.7,139,42,16,155,17,0.56,0.25,0.81,31.50,,,,,,,[],84,37,306,101,276,82,201,64,0.03,0.0,0.01,0.04,1.85,2.05,626,146,318,116,342,131,399,145,1.0,0.06,9.09,25729,West Ham,3,1075,1075,1050,1050,1100,1100,7,19,2,3,False,Chelsea,24,1699.84399414,Chelsea,West Ham,,,,-0.23516582887842763
509,True,True,100.0,100.0,233963,0,0,-1,1,0,2,2.2,2.2,2,Konstantinos,2.2,606,False,,2026-01-11T22:30:10.941940Z,44,233963.jpg,2.5,False,Mavropanos,0.1,False,,a,19,21,40,12868,228,13264,464,0.5,9.1,Mavropanos,83.0,2023-08-22,1997-12-11,False,p233963,1271,0,0,1,24,1,0,0,2,0,0,0,119,313.8,11.5,135.0,46.0,134,55,17,151,13,1.01,0.32,1.33,20.68,,,,,,,[],126,55,396,146,163,33,216,73,0.07,0.0,0.02,0.09,1.46,1.7,527,111,203,75,259,103,517,186,0.92,0.07,10.69,12865,West Ham,3,1075,1075,1050,1050,1100,1100,7,19,2,3,False,Chelsea,24,1699.84399414,Chelsea,West Ham,,,,-0.015153834379305066
510,True,True,100.0,100.0,536109,0,0,-2,2,0,2,3.0,3.0,5,Ollie,3.0,608,False,,2025-12-20T23:30:09.037716Z,43,536109.jpg,2.1,False,Scarles,0.0,False,,a,19,21,19,4263,221,5610,160,0.7,4.4,Scarles,241.0,2022-10-01,2005-12-12,False,p536109,624,0,1,0,14,0,0,0,0,0,0,0,79,126.0,60.6,22.0,20.9,38,33,27,65,9,0.18,0.31,0.49,12.13,,,,,,,[],293,111,294,96,351,118,338,116,0.03,0.0,0.04,0.07,1.75,2.02,601,141,124,46,304,116,606,218,1.3,0.0,9.38,0,West Ham,3,1075,1075,1050,1050,1100,1100,7,19,2,3,False,Chelsea,24,1699.84399414,Chelsea,West Ham,,,,-0.13643269522941356
511,True,True,100.0,100.0,462116,0,0,-2,2,0,2,2.0,2.0,2,Jean-Clair,2.0,609,False,,2025-12-31T00:00:10.284367Z,43,462116.jpg,1.8,False,Todibo,0.1,False,,a,19,21,31,10860,195,16927,338,0.5,7.2,Todibo,73.0,2025-07-01,1999-12-30,False,p462116,1431,0,1,0,30,0,0,0,4,0,0,0,126,318.2,63.9,15.0,39.8,96,72,31,127,17,0.05,0.29,0.34,26.04,,,,,,,[],122,52,282,89,369,131,249,85,0.0,0.0,0.02,0.02,1.64,1.89,581,133,214,78,343,132,460,170,1.07,0.0,7.99,12865,West Ham,3,1075,1075,1050,1050,1100,1100,7,19,2,3,False,Chelsea,24,1699.84399414,Chelsea,West Ham,,,,-0.2183395112822543
512,True,True,100.0,100.0,214590,0,0,-4,4,0,2,1.5,1.5,2,Aaron,1.5,610,False,,2025-12-13T14:30:12.044504Z,41,214590.jpg,2.2,False,Wan-Bissaka,3.9,False,,a,19,21,31,132050,3846,2258670,2877,0.4,7.6,Wan-Bissaka,50.0,2024-08-13,1997-11-26,False,p214590,1191,0,1,0,27,0,0,0,2,0,0,0,86,243.6,221.4,18.0,48.5,87,35,18,105,13,0.00,0.65,0.65,21.43,,,,,,,[],186,76,105,25,361,125,203,66,0.0,0.0,0.05,0.05,1.62,2.04,648,158,264,98,292,112,89,31,0.98,0.0,7.93,501716,West Ham,3,1075,1075,1050,1050,1100,1100,7,19,2,3,False,Chelsea,24,1699.84399414,Chelsea,West Ham,,,,-0.8895311872573952
513,True,True,100.0,100.0,215439,0,0,-3,3,1,3,3.0,3.0,2,Tomáš,3.0,613,False,,2025-09-13T21:30:08.395458Z,57,215439.jpg,2.4,False,Souček,0.2,False,,a,19,21,47,28613,317,102462,577,0.5,8.2,Souček,57.0,2020-07-28,1995-02-27,False,p215439,896,2,2,1,24,0,0,0,1,1,0,4,192,242.8,92.1,229.0,56.4,60,27,18,105,9,2.72,0.33,3.05,18.70,,,,,,,[],187,78,231,142,79,50,169,93,0.27,0.0,0.03,0.3,1.88,2.41,118,74,161,68,275,117,341,114,0.9,0.1,10.55,25729,West Ham,3,1075,1075,1050,1050,1100,1100,7,19,2,3,False,Chelsea,24,1699.84399414,Chelsea,West Ham,,,,-0.563410261300782
85,True,True,100.0,100.0,101178,0,0,-4,4,0,3,0.0,0.0,0,James,0.0,614,False,,,56,101178.jpg,2.2,False,Ward-Prowse,0.2,False,,a,3,90,11,15525,352,45207,271,0.0,2.0,Ward-Prowse,241.0,2026-01-28,1994-11-01,False,p101178,414,0,0,1,11,0,0,0,0,0,0,0,82,56.6,176.3,6.0,23.9,9,9,4,22,5,0.13,0.91,1.04,7.27,,,,,,,[],381,167,142,100,406,200,323,157,0.03,0.0,0.2,0.23,1.58,2.39,126,78,790,352,300,131,387,132,1.09,0.22,4.78,25729,Burnley,3,1055,1095,1010,1090,1100,1100,17,3,2,3,False,Sunderland,24,1687.70825195,Sunderland,Burnley,,,,-0.488737403675163
514,True,True,100.0,100.0,450070,0,0,0,0,1,3,6.0,6.0,8,Crysencio,6.0,615,False,,2025-11-28T19:00:08.821232Z,55,450070.jpg,3.1,False,Summerville,0.3,False,,a,19,21,56,65651,14648,33314,2802,1.1,10.2,Summerville,152.0,2024-08-03,2001-10-30,False,p450070,1317,2,3,1,26,0,0,0,3,0,0,4,200,202.0,232.9,286.0,72.1,29,58,22,109,16,2.33,0.98,3.31,20.44,2.0,,,,,,[],221,93,98,73,60,38,106,59,0.16,0.0,0.07,0.23,1.4,1.78,148,93,29,12,175,75,308,103,1.09,0.07,7.45,38594,West Ham,3,1075,1075,1050,1050,1100,1100,7,19,2,3,False,Chelsea,24,1699.84399414,Chelsea,West Ham,,,,0.32675188197847727
515,True,True,100.0,100.0,490142,0,0,-1,1,0,3,0.8,0.8,1,Freddie,0.8,623,False,,2025-11-14T12:00:07.935476Z,44,490142.jpg,1.8,False,Potts,0.7,False,,a,19,21,30,136981,576,135791,3670,0.2,6.8,Potts,241.0,2021-12-08,2003-09-12,False,p490142,982,0,1,0,23,0,0,0,1,0,0,0,192,164.2,125.6,37.0,32.7,38,36,25,99,10,0.21,1.04,1.25,19.48,1.0,,,,,,[],255,109,188,126,314,163,281,139,0.02,0.0,0.1,0.12,1.79,2.11,538,321,285,125,346,151,209,70,0.92,0.0,9.07,90052,West Ham,3,1075,1075,1050,1050,1100,1100,7,19,2,3,False,Chelsea,24,1699.84399414,Chelsea,West Ham,,,,0.004362617864003637
516,True,True,100.0,100.0,178186,0,0,-4,4,2,4,5.2,5.2,12,Jarrod,5.2,624,False,,,76,178186.jpg,4.6,False,Bowen,8.3,False,,a,19,21,105,1906489,79469,2720828,40378,0.7,13.8,Bowen,241.0,2020-01-31,1996-12-20,False,p178186,2070,7,3,1,45,0,0,0,3,0,0,19,409,474.0,289.8,598.0,136.0,34,90,29,153,23,5.44,1.78,7.22,38.04,,,1.0,,2.0,,[],42,3,72,2,9,6,14,3,0.24,0.0,0.08,0.32,1.65,1.96,20,6,19,4,30,3,48,10,1.0,0.04,6.65,1067754,West Ham,3,1075,1075,1050,1050,1100,1100,7,19,2,3,False,Chelsea,24,1699.84399414,Chelsea,West Ham,,,,-0.17598513350176787
529,True,True,100.0,100.0,101982,0,0,-1,1,0,1,0.0,-0.5,0,Sam,0.0,627,False,,,44,101982.jpg,1.8,False,Johnstone,0.1,False,,a,20,39,21,18272,194,22252,250,0.0,4.8,Johnstone,241.0,2024-08-30,1993-03-25,False,p101982,1080,0,0,0,24,1,0,0,0,0,39,0,117,308.0,0.1,0.0,30.8,24,107,2,0,12,0.00,0.02,0.02,18.59,,,,,,,[],131,19,468,13,609,69,290,19,0.0,3.25,0.0,0.0,1.55,2.0,514,26,588,85,345,27,420,64,1.0,0.0,0.0,12865,Wolves,3,1070,1085,1050,1050,1090,1120,20,4,3,2,True,Bournemouth,24,1666.98193359,Wolves,Bournemouth,,,,-0.09821340440232948
530,True,True,100.0,100.0,149065,0,0,-3,3,0,1,3.8,3.3,1,José,3.8,628,False,,,42,149065.jpg,2.5,False,Malheiro de Sá,1.0,False,,a,20,39,27,56006,5987,160858,2313,0.9,6.4,José Sá,173.0,2021-07-15,1993-01-17,False,p149065,990,0,0,2,19,0,0,0,1,0,21,2,110,185.2,10.0,0.0,19.7,20,91,0,0,11,0.00,0.03,0.03,12.77,,,,,,,[],240,21,403,5,572,60,346,21,0.0,1.91,0.0,0.0,1.16,1.73,623,33,63,6,254,23,180,23,1.0,0.18,0.0,128645,Wolves,3,1070,1085,1050,1050,1090,1120,20,4,3,2,True,Bournemouth,24,1666.98193359,Wolves,Bournemouth,,,,-0.4834919580935517
531,True,True,100.0,100.0,79602,0,0,-1,1,0,1,0.0,-0.5,0,Daniel,0.0,629,False,,2026-01-15T19:30:10.431067Z,39,79602.jpg,0.0,False,Bentley,0.5,False,,a,20,39,0,14995,538,48456,359,0.0,0.0,Bentley,241.0,2023-01-25,1993-07-13,False,p79602,0,0,0,0,0,0,0,0,0,0,0,0,0,0.0,0.0,0.0,0.0,0,0,0,0,0,0.00,0.00,0.00,0.00,,,,,,,[],511,36,502,23,465,8,511,36,0.0,0.0,0.0,0.0,0.0,0.0,730,69,441,30,520,36,256,34,0.0,0.0,0.0,64323,Wolves,3,1070,1085,1050,1050,1090,1120,20,4,3,2,True,Bournemouth,24,1666.98193359,Wolves,Bournemouth,,,,-0.527351814786213
251,True,True,100.0,100.0,138001,0,0,-1,1,0,1,0.0,0.0,0,Tom,0.0,630,False,,,39,138001.jpg,0.0,False,King,1.3,False,,a,9,11,0,67249,407,91155,1342,0.0,0.0,King,244.0,2025-08-15,1995-03-09,False,p138001,0,0,0,0,0,0,0,0,0,0,0,0,0,0.0,0.0,0.0,0.0,0,0,0,0,0,0.00,0.00,0.00,0.00,,,,,,,[],515,40,506,27,469,12,515,40,0.0,0.0,0.0,0.0,0.0,0.0,735,73,446,34,524,40,167,21,0.0,0.0,0.0,167239,Everton,3,1100,1130,1110,1130,1090,1130,6,9,2,3,False,Brighton,24,1796.4831543,Brighton,Everton,,,,-0.150917906113482
532,True,True,100.0,100.0,516939,0,0,-3,3,0,2,0.0,-0.5,0,Emmanuel,0.0,631,False,,2025-12-13T14:30:12.072057Z,42,516939.jpg,1.5,False,Agbadou,0.1,False,,a,20,39,20,24211,45,62101,101,0.0,4.8,Agbadou,54.0,2025-01-09,1997-06-17,False,p516939,1010,0,0,0,27,0,0,0,1,1,0,0,75,286.4,65.2,69.0,42.1,87,61,28,115,11,0.50,0.35,0.85,16.90,,,5.0,,,,[],155,64,281,88,259,75,234,80,0.04,0.0,0.03,0.07,1.51,2.41,637,152,554,233,387,143,439,163,0.98,0.0,10.25,12865,Wolves,3,1070,1085,1050,1050,1090,1120,20,4,3,2,True,Bournemouth,24,1666.98193359,Wolves,Bournemouth,,,,-0.43898878487348225
533,True,True,100.0,100.0,87835,0,0,-1,1,0,2,0.4,-0.1,0,Matt,0.4,632,False,,2025-10-31T09:00:09.720618Z,44,87835.jpg,1.4,False,Doherty,0.1,False,,a,20,39,11,5660,45,19527,114,0.1,2.5,Doherty,104.0,2023-07-20,1992-01-16,False,p87835,599,0,0,1,11,0,0,0,4,0,0,0,53,104.4,50.1,18.0,17.3,34,23,13,47,8,0.09,0.19,0.28,9.23,,,,,,,[],316,123,313,105,363,127,359,126,0.01,0.0,0.03,0.04,1.39,1.65,513,99,341,126,401,148,490,177,1.2,0.15,7.06,12865,Wolves,3,1070,1085,1050,1050,1090,1120,20,4,3,2,True,Bournemouth,24,1666.98193359,Wolves,Bournemouth,,,,-0.550561797752809
534,True,True,100.0,100.0,490721,0,0,-2,2,1,2,5.0,4.5,1,Hugo,5.0,633,False,,2025-12-19T14:30:09.734923Z,43,490721.jpg,2.5,False,Bueno López,0.1,False,,a,20,39,50,23552,2255,20899,732,1.2,11.6,H.Bueno,200.0,2021-01-29,2002-09-18,False,p490721,1338,0,2,3,23,0,0,0,1,0,0,4,196,309.2,375.3,110.0,79.7,64,66,35,99,14,0.42,1.71,2.13,18.63,2.0,,,,,,[],127,56,41,3,197,49,86,20,0.03,0.0,0.12,0.15,1.25,1.55,589,137,26,10,256,100,438,162,0.94,0.2,6.66,12865,Wolves,3,1070,1085,1050,1050,1090,1120,20,4,3,2,True,Bournemouth,24,1666.98193359,Wolves,Bournemouth,,,,0.05968369665474343
535,True,True,100.0,100.0,501837,0,0,-2,2,0,2,4.2,3.7,0,Yerson,4.2,634,False,,2025-12-29T19:30:09.954306Z,43,501837.jpg,1.9,False,Mosquera Valdelamar,0.1,False,,a,20,39,26,5375,908,7097,285,1.0,6.0,Mosquera,48.0,2021-06-17,2001-05-02,False,p501837,1046,0,0,2,20,2,0,0,8,0,0,1,110,214.4,87.4,147.0,44.8,75,51,32,107,12,1.12,0.26,1.38,15.07,,,,,,,[],208,85,241,71,143,27,219,75,0.1,0.0,0.02,0.12,1.3,1.72,597,140,47,18,331,126,534,195,1.03,0.17,9.21,12865,Wolves,3,1070,1085,1050,1050,1090,1120,20,4,3,2,True,Bournemouth,24,1666.98193359,Wolves,Bournemouth,,,,-0.1380692751763951
536,True,True,100.0,100.0,483081,0,0,-1,1,0,2,0.4,-0.1,1,Rodrigo,0.4,635,False,,2025-10-31T09:00:09.735105Z,44,483081.jpg,1.9,False,Martins Gomes,0.1,False,,a,20,39,15,8837,55,14326,32,0.1,3.4,R.Gomes,173.0,2024-07-01,2003-07-07,False,p483081,381,1,0,0,9,0,0,0,0,0,0,0,27,60.8,41.3,107.0,21.1,11,17,7,18,4,0.95,0.23,1.18,4.78,,,,,,,[],373,144,333,113,206,53,337,115,0.22,0.0,0.05,0.27,1.13,2.13,537,116,342,127,332,127,566,205,0.94,0.0,4.25,12865,Wolves,3,1070,1085,1050,1050,1090,1120,20,4,3,2,True,Bournemouth,24,1666.98193359,Wolves,Bournemouth,,,,-0.23697275827828865
537,True,True,100.0,100.0,231480,0,0,-1,1,1,2,3.0,2.5,1,Santiago,3.0,636,False,,2025-12-29T19:30:09.980940Z,44,231480.jpg,3.6,False,Ignacio Bueno,0.1,False,,a,20,39,50,17718,628,17236,260,0.7,11.4,S.Bueno,230.0,2023-08-31,1998-11-09,False,p231480,1204,2,1,2,23,0,0,0,2,0,0,2,156,307.2,60.9,113.0,48.0,76,28,32,108,13,1.55,0.50,2.05,16.95,,,,,,,[],133,57,291,94,194,46,206,67,0.12,0.0,0.04,0.16,1.27,1.72,524,108,125,47,109,41,500,179,0.97,0.15,8.07,12865,Wolves,3,1070,1085,1050,1050,1090,1120,20,4,3,2,True,Bournemouth,24,1666.98193359,Wolves,Bournemouth,,,,0.013789551982605711
538,True,True,100.0,100.0,641221,0,0,0,0,0,2,0.2,-0.3,0,Pedro,0.2,640,False,,2025-09-02T13:11:07.466362Z,40,641221.jpg,1.0,False,Cardoso de Lima,0.4,False,,a,20,39,1,8536,127,87383,270,0.0,0.2,Pedro Lima,30.0,2024-07-02,2006-07-01,False,p641221,1,0,0,0,0,0,0,0,0,0,0,0,3,0.2,0.1,0.0,0.0,0,0,0,0,0,0.00,0.00,0.00,0.00,,,,,,,[],481,172,465,170,564,236,605,240,0.0,0.0,0.0,0.0,0.0,0.0,722,206,368,136,438,163,277,103,0.0,0.0,0.0,51458,Wolves,3,1070,1085,1050,1050,1090,1120,20,4,3,2,True,Bournemouth,24,1666.98193359,Wolves,Bournemouth,,,,-0.8220164930827052
539,True,True,100.0,100.0,184754,0,0,-4,4,0,3,3.8,3.3,2,Hwang,3.8,642,False,,2026-01-05T19:30:09.661821Z,56,184754.jpg,2.3,False,Hee-chan,0.1,False,,a,20,39,41,39985,1653,45936,814,0.7,7.3,Hee Chan,114.0,2022-07-01,1996-01-26,False,p184754,1033,2,1,2,18,0,0,0,3,0,0,0,107,120.6,128.0,138.0,38.0,19,33,8,60,13,2.07,0.90,2.97,14.41,,,,,3.0,,[],298,133,184,122,158,91,258,126,0.18,0.0,0.08,0.26,1.26,1.57,130,79,73,30,286,123,421,142,1.13,0.17,5.23,12865,Wolves,3,1070,1085,1050,1050,1090,1120,20,4,3,2,True,Bournemouth,24,1666.98193359,Wolves,Bournemouth,,,,-0.06926129816924849
540,True,True,100.0,100.0,509291,0,0,-2,2,0,3,1.0,0.5,1,André,1.0,643,False,,2025-12-28T02:30:10.011337Z,53,509291.jpg,2.3,False,Trindade da Costa Neto,0.1,False,,a,20,39,50,11330,147,15408,146,0.2,9.4,André,30.0,2024-08-30,2001-07-16,False,p509291,1603,0,0,1,32,0,0,0,7,0,0,1,267,235.0,193.9,15.0,44.4,58,117,46,221,17,0.17,0.66,0.83,26.83,,,,,,,[],190,80,131,93,370,187,221,110,0.01,0.0,0.04,0.05,1.51,1.8,204,126,294,133,284,122,524,187,0.95,0.06,12.41,12865,Wolves,3,1070,1085,1050,1050,1090,1120,20,4,3,2,True,Bournemouth,24,1666.98193359,Wolves,Bournemouth,,,,-0.15251701697957962
541,True,True,50.0,0.0,231057,0,0,-4,4,0,3,0.0,0.0,0,Jean-Ricner,0.0,644,False,Hamstring injury - 50% chance of playing,2025-12-09T13:00:10.361407Z,51,231057.jpg,1.8,False,Bellegarde,0.0,False,,d,20,39,25,3498,16,10336,33,0.0,4.9,Bellegarde,92.0,2023-09-01,1998-06-27,False,p231057,685,1,0,1,20,0,0,0,1,0,0,0,114,111.2,91.3,93.0,29.4,20,21,18,59,9,0.73,0.58,1.31,11.84,3.0,,4.0,,,,[],311,137,234,144,226,123,295,142,0.1,0.0,0.08,0.18,1.56,2.63,232,143,755,330,353,156,616,239,1.18,0.13,7.75,0,Wolves,3,1070,1085,1050,1050,1090,1120,20,4,3,2,True,Bournemouth,24,1666.98193359,Wolves,Bournemouth,,,,-0.4942894318346104
542,True,True,100.0,100.0,448089,0,0,-2,2,0,3,3.0,2.5,3,João Victor,3.0,646,False,,2026-01-05T19:30:09.679999Z,53,448089.jpg,2.6,False,Gomes da Silva,0.1,False,,a,20,39,57,14285,698,19438,319,0.6,10.8,Gomes,30.0,2023-01-30,2001-02-12,False,p448089,1754,0,0,2,34,0,0,0,7,0,0,1,296,280.0,250.4,108.0,64.3,62,120,61,243,20,0.77,1.12,1.89,25.00,,,,,,,[],158,61,90,67,205,112,137,75,0.04,0.0,0.06,0.1,1.28,1.74,199,124,134,58,248,105,480,168,1.03,0.1,12.47,12865,Wolves,3,1070,1085,1050,1050,1090,1120,20,4,3,2,True,Bournemouth,24,1666.98193359,Wolves,Bournemouth,,,,-0.1528037244610503
543,True,True,75.0,75.0,497606,0,0,-2,2,0,3,0.2,-0.2,0,Tawanda,0.2,650,False,Illness - 75% chance of playing,2026-01-16T16:30:10.054764Z,43,497606.jpg,1.0,False,Chirewa,0.2,False,,d,20,39,2,30421,72,45453,444,0.0,0.5,Chirewa,239.0,2023-12-01,2003-10-12,False,p497606,25,0,0,0,0,0,0,0,0,0,0,0,4,3.2,0.3,0.0,0.4,1,1,2,4,0,0.00,0.00,0.00,0.50,,,,,,,[],461,212,461,224,590,219,473,217,0.0,0.0,0.0,0.0,1.8,0.0,593,345,372,167,442,195,355,118,0.0,0.0,14.4,25729,Wolves,3,1070,1085,1050,1050,1090,1120,20,4,3,2,True,Bournemouth,24,1666.98193359,Wolves,Bournemouth,,,,-0.19811793236154676
544,True,True,100.0,100.0,596054,0,0,-2,2,0,3,0.0,-0.5,0,Tom,0.0,651,False,,,43,596054.jpg,0.0,False,Edozie,0.4,False,,a,20,39,0,51465,237,60460,743,0.0,0.0,Edozie,,,,False,p596054,0,0,0,0,0,0,0,0,0,0,0,0,0,0.0,0.0,0.0,0.0,0,0,0,0,0,0.00,0.00,0.00,0.00,,,,,,,[],633,236,630,241,603,229,634,237,0.0,0.0,0.0,0.0,0.0,0.0,611,356,582,208,642,245,289,96,0.0,0.0,0.0,51458,Wolves,3,1070,1085,1050,1050,1090,1120,20,4,3,2,True,Bournemouth,24,1666.98193359,Wolves,Bournemouth,,,,-0.08036631672995309
545,True,True,100.0,100.0,593001,0,0,-2,2,0,3,0.0,-0.5,0,Enso,0.0,652,False,,,43,593001.jpg,0.0,False,González Medina,1.3,False,,a,20,39,0,181574,1004,223693,2835,0.0,0.0,Gonzalez,168.0,2023-08-31,2005-01-20,False,p593001,0,0,0,0,0,0,0,0,0,0,0,0,0,0.0,0.0,0.0,0.0,0,0,0,0,0,0.00,0.00,0.00,0.00,,,,,,,[],632,235,629,240,602,228,633,236,0.0,0.0,0.0,0.0,0.0,0.0,610,355,581,207,641,244,163,57,0.0,0.0,0.0,167239,Wolves,3,1070,1085,1050,1050,1090,1120,20,4,3,2,True,Bournemouth,24,1666.98193359,Wolves,Bournemouth,,,,-0.10392901469895155
546,True,True,100.0,100.0,247412,0,0,-4,4,0,4,1.4,0.9,1,Jørgen,1.4,654,False,,2025-10-03T14:00:09.236895Z,61,247412.jpg,1.8,False,Strand Larsen,0.9,False,,a,20,39,38,191785,1480,612014,1117,0.2,6.2,Strand Larsen,161.0,2025-07-01,2000-02-06,False,p247412,1379,1,1,3,25,0,0,1,2,0,0,0,90,126.2,113.0,249.0,48.2,31,15,6,52,14,2.86,0.44,3.30,21.12,,,,,2.0,,[],292,27,202,21,71,23,205,23,0.19,0.0,0.03,0.22,1.38,1.63,81,26,261,32,360,39,192,32,0.91,0.2,3.39,115781,Wolves,3,1070,1085,1050,1050,1090,1120,20,4,3,2,True,Bournemouth,24,1666.98193359,Wolves,Bournemouth,,,,-0.5228035864687565
547,True,True,100.0,100.0,531363,0,0,-3,3,0,4,0.0,-0.5,0,Nathan,0.0,658,False,,,42,531363.jpg,0.0,False,Fraser,1.7,False,,a,20,39,0,214876,8453,320937,3737,0.0,0.0,Fraser,,,,False,p531363,0,0,0,0,0,0,0,0,0,0,0,0,0,0.0,0.0,0.0,0.0,0,0,0,0,0,0.00,0.00,0.00,0.00,,,,,,,[],614,60,609,59,578,59,615,60,0.0,0.0,0.0,0.0,0.0,0.0,638,88,555,48,622,60,141,21,0.0,0.0,0.0,218697,Wolves,3,1070,1085,1050,1050,1090,1120,20,4,3,2,True,Bournemouth,24,1666.98193359,Wolves,Bournemouth,,,,-0.19794405884142416
517,True,True,100.0,100.0,158534,0,0,-3,3,0,2,0.8,0.8,0,Kyle,0.8,659,False,,,42,158534.jpg,1.9,False,Walker-Peters,0.3,False,,a,19,21,30,28775,185,48699,694,0.2,7.1,Walker-Peters,241.0,2025-07-20,1997-04-13,False,p158534,952,1,0,1,21,0,0,0,2,0,0,0,117,202.2,87.9,98.0,38.9,37,40,34,71,10,1.13,0.26,1.39,20.95,,,,,,,[],220,89,238,68,218,56,254,88,0.11,0.0,0.02,0.13,1.98,1.99,624,144,305,108,329,124,333,123,0.95,0.09,6.71,38594,West Ham,3,1075,1075,1050,1050,1100,1100,7,19,2,3,False,Chelsea,24,1699.84399414,Chelsea,West Ham,,,,-0.25717014740429045
300,True,True,100.0,75.0,466525,0,0,-1,1,2,3,2.8,2.8,8,Anton,3.8,660,False,,2026-01-17T18:30:09.016368Z,49,466525.jpg,4.8,False,Stach,2.6,False,,a,11,2,95,928994,5995,655431,23866,0.8,19.4,Stach,80.0,2025-07-22,1998-11-15,False,p466525,1613,3,6,3,29,0,0,0,3,0,0,8,377,437.4,632.0,230.0,130.1,55,83,41,179,19,2.13,3.22,5.35,23.49,3.0,,1.0,,,,[],56,15,5,5,78,49,18,14,0.12,0.0,0.18,0.3,1.31,1.62,332,205,68,27,21,10,112,35,1.06,0.17,9.99,334477,Leeds,3,1095,1145,1080,1100,1110,1190,11,1,4,3,True,Arsenal,24,1751.14916992,Leeds,Arsenal,,,,0.17265758871514902
329,True,True,100.0,100.0,510663,-1,1,3,-3,2,4,1.5,1.5,1,Hugo,1.0,661,False,,2026-01-04T21:30:13.458754Z,88,510663.jpg,4.3,False,Ekitiké,24.7,False,,a,12,14,87,6778855,37982,5979919,274279,0.1,9.9,Ekitiké,73.0,2025-07-23,2002-06-20,False,p510663,1249,8,2,5,17,0,0,0,0,0,0,16,306,367.2,207.0,514.0,107.8,23,26,7,56,14,6.45,1.69,8.14,18.37,,,,,,,[],91,9,117,5,13,7,35,8,0.46,0.0,0.12,0.58,1.32,1.22,8,4,301,37,52,6,13,4,1.01,0.36,4.04,3177533,Liverpool,4,1230,1265,1170,1210,1290,1320,12,15,3,4,True,Newcastle,24,1940.71777344,Liverpool,Newcastle,,,,0.06261855567000403
23,True,True,100.0,100.0,500040,0,0,-2,2,0,2,1.0,1.0,0,Cristhian,0.0,662,False,,2025-12-04T09:00:09.512338Z,53,500040.jpg,1.7,False,Mosquera,0.1,False,,a,1,3,17,42742,369,50376,147,0.0,3.2,Mosquera,200.0,2025-07-24,2004-06-27,False,p500040,429,0,0,1,4,0,0,0,1,0,0,1,85,84.0,23.2,8.0,11.5,24,17,11,35,4,0.00,0.43,0.43,2.68,,,,,,,[],338,129,369,133,395,148,387,139,0.0,0.0,0.09,0.09,0.56,0.84,203,27,767,259,367,137,428,159,0.84,0.21,7.34,12865,Arsenal,5,1300,1375,1340,1400,1260,1350,11,1,4,3,False,Leeds,24,2052.35058594,Leeds,Arsenal,,,,-0.08198200133164373
548,True,True,100.0,100.0,230376,0,0,-6,6,0,3,3.2,2.7,1,Jhon,3.2,663,False,,,49,230376.jpg,2.0,False,Arias,0.2,False,,a,20,39,44,19146,234,78191,332,0.7,9.0,J.Arias,48.0,2025-07-24,1997-09-21,False,p230376,1107,1,0,2,20,0,0,0,1,0,0,2,172,170.0,203.7,146.0,51.8,24,57,42,123,14,3.38,0.61,3.99,15.15,1.0,,1.0,,,,[],251,107,119,85,147,86,189,100,0.27,0.0,0.05,0.32,1.23,1.63,317,196,114,51,321,141,404,136,1.14,0.16,10.0,25729,Wolves,3,1070,1085,1050,1050,1090,1120,20,4,3,2,True,Bournemouth,24,1666.98193359,Wolves,Bournemouth,,,,-0.6066038608134625
276,True,True,100.0,100.0,86873,0,0,-1,1,0,1,0.0,0.0,0,Benjamin,0.0,664,False,,,39,86873.jpg,0.0,False,Lecomte,0.7,False,,a,10,54,0,38477,405,48260,869,0.0,0.0,Lecomte,73.0,2025-07-26,1991-04-26,False,p86873,0,0,0,0,0,0,0,0,0,0,0,0,0,0.0,0.0,0.0,0.0,0,0,0,0,0,0.00,0.00,0.00,0.00,,,,,,,[],513,38,504,25,467,10,513,38,0.0,0.0,0.0,0.0,0.0,0.0,732,71,443,32,522,38,211,27,0.0,0.0,0.0,90052,Fulham,3,1090,1130,1080,1140,1100,1120,14,10,2,3,False,Man Utd,24,1809.49279785,Man Utd,Fulham,,,,-0.11278923642736087
301,True,True,100.0,100.0,201595,0,0,0,0,0,1,1.6,2.6,0,Lucas Estella,2.6,665,False,,2025-09-11T17:30:07.176029Z,45,201595.jpg,2.7,False,Perri,0.3,False,,a,11,2,43,37796,621,54425,865,0.6,9.6,Perri,30.0,2025-07-26,1997-12-10,False,p201595,1440,0,0,3,29,0,0,0,2,0,38,3,153,322.4,0.0,0.0,32.2,16,100,0,0,16,0.00,0.00,0.00,26.68,,,,,,,[],117,17,667,84,643,72,284,18,0.0,2.38,0.0,0.0,1.67,1.81,413,22,154,16,227,19,332,44,1.0,0.19,0.0,38594,Leeds,3,1095,1145,1080,1100,1110,1190,11,1,4,3,True,Arsenal,24,1751.14916992,Leeds,Arsenal,,,,-0.18031684757267868
24,True,True,100.0,100.0,224117,0,0,-3,3,1,4,2.6,2.6,1,Viktor,1.6,666,False,,2025-11-01T18:00:08.847750Z,87,224117.jpg,2.7,False,Gyökeres,9.3,False,,a,1,3,56,2649310,9943,4564675,12476,0.2,6.4,Gyökeres,206.0,2025-07-26,1998-06-04,False,p224117,1377,5,0,9,7,0,0,0,3,0,0,4,185,199.8,139.3,440.0,77.1,14,31,4,49,17,6.40,0.90,7.30,9.69,,,,,2.0,,[],224,20,172,14,25,13,92,15,0.42,0.0,0.06,0.48,0.63,0.46,9,5,249,30,233,22,47,9,1.11,0.59,3.2,1196399,Arsenal,5,1300,1375,1340,1400,1260,1350,11,1,4,3,False,Leeds,24,2052.35058594,Leeds,Arsenal,,,,-0.2655072057954099
252,True,True,100.0,100.0,499300,0,0,-3,3,0,2,0.0,0.0,0,Adam,0.0,667,False,,2025-08-29T10:30:08.715230Z,42,499300.jpg,0.0,False,Aznou,0.1,False,,a,9,11,0,2368,36,11997,34,0.0,0.0,Aznou,145.0,2025-07-29,2006-06-02,False,p499300,0,0,0,0,0,0,0,0,0,0,0,0,0,0.0,0.0,0.0,0.0,0,0,0,0,0,0.00,0.00,0.00,0.00,,,,,,,[],613,245,608,244,577,241,614,245,0.0,0.0,0.0,0.0,0.0,0.0,634,150,551,231,621,244,562,203,0.0,0.0,0.0,12865,Everton,3,1100,1130,1110,1130,1090,1130,6,9,2,3,False,Brighton,24,1796.4831543,Brighton,Everton,,,,-0.6703097807170205
473,True,True,25.0,100.0,84450,0,0,2,-2,0,3,0.7,2.6,0,Granit,2.6,668,False,Ankle injury - 25% chance of playing,2026-01-24T19:00:09.277794Z,52,84450.jpg,4.1,False,Xhaka,6.1,False,,d,17,56,90,1345772,1615,975055,122856,0.5,17.3,Xhaka,207.0,2025-07-30,1992-09-27,False,p84450,1962,1,5,7,23,0,0,0,4,0,0,5,426,521.2,420.4,77.0,101.8,101,101,35,237,22,0.59,2.19,2.78,31.25,1.0,,1.0,,,,[],26,7,26,25,251,136,46,33,0.03,0.0,0.1,0.13,1.43,1.06,207,129,158,65,60,25,64,22,1.01,0.32,10.87,784735,Sunderland,3,1100,1145,1100,1120,1100,1170,17,3,2,3,True,Burnley,24,1680.29211426,Sunderland,Burnley,,,,0.15973487037163908
444,True,True,100.0,100.0,456512,0,0,-5,5,0,3,0.2,0.2,0,Dan,0.2,669,False,,2025-12-23T00:30:11.580251Z,55,456512.jpg,2.6,False,Ndoye,0.7,False,,a,16,17,42,543123,218,569925,521,0.0,7.6,Ndoye,207.0,2025-07-31,2000-10-25,False,p456512,1011,1,2,2,16,0,0,0,1,0,0,4,144,144.6,153.0,136.0,43.5,20,44,18,82,14,0.78,1.22,2.00,14.08,,,,,,,[],274,120,161,108,161,93,227,112,0.07,0.0,0.11,0.18,1.25,1.42,149,94,406,191,250,107,213,72,1.25,0.18,7.3,90052,Nott'm Forest,3,1100,1130,1100,1110,1100,1150,16,8,3,3,True,Crystal Palace,24,1767.03259277,Nott'm Forest,Crystal Palace,,,,-0.024079824050714793
474,True,True,100.0,100.0,498016,0,0,5,-5,3,1,3.0,3.0,1,Robin,3.0,670,False,,,50,498016.jpg,4.3,False,Roefs,13.0,False,,a,17,56,98,2052276,20514,597888,46313,0.6,19.6,Roefs,152.0,2025-08-01,2003-01-17,False,p498016,2070,0,0,7,26,0,1,0,2,0,76,9,425,624.8,40.0,0.0,66.4,23,233,0,0,23,0.00,0.05,0.05,33.33,,,,,,,[],9,2,335,2,763,87,124,2,0.0,3.3,0.0,0.0,1.45,1.13,270,10,129,13,48,3,31,5,1.0,0.3,0.0,1672386,Sunderland,3,1100,1145,1100,1120,1100,1170,17,3,2,3,True,Burnley,24,1680.29211426,Sunderland,Burnley,,,,0.5487916974194804
518,True,True,100.0,100.0,75115,0,0,-2,2,1,4,2.2,2.2,1,Callum,2.2,671,False,,,58,75115.jpg,3.1,False,Wilson,0.7,False,,a,19,21,59,195082,2233,190293,4071,0.4,10.2,Wilson,241.0,2025-08-02,1992-02-27,False,p75115,824,5,2,1,16,0,0,0,0,0,0,7,222,211.2,70.5,312.0,58.5,6,19,2,27,8,4.45,0.15,4.60,15.04,,,,,,,[],212,18,273,28,49,19,161,19,0.49,0.0,0.02,0.51,1.64,1.75,104,30,147,16,176,16,222,35,0.87,0.11,2.95,90052,West Ham,3,1075,1075,1050,1050,1100,1100,7,19,2,3,False,Chelsea,24,1699.84399414,Chelsea,West Ham,,,,0.01242685695750892
195,True,True,100.0,100.0,551210,0,0,-4,4,0,2,1.0,1.0,1,Jorrel,1.0,672,False,,2025-12-29T19:00:09.929576Z,46,551210.jpg,0.9,False,Hato,0.2,False,,a,7,8,7,12374,185,36987,202,0.2,1.5,Hato,152.0,2025-08-03,2006-03-07,False,p551210,270,0,0,0,5,0,0,0,2,0,0,0,18,53.0,28.6,17.0,9.8,18,9,7,25,2,0.22,0.05,0.27,4.47,,,,,,,[],384,148,357,127,367,130,395,141,0.07,0.0,0.02,0.09,1.49,1.67,400,71,309,112,486,169,396,144,0.67,0.0,8.33,25729,Chelsea,3,1180,1190,1140,1160,1220,1220,7,19,2,3,True,West Ham,24,1882.60693359,Chelsea,West Ham,,,,-0.49863252365227606
497,True,True,100.0,75.0,154296,0,0,0,0,0,3,1.7,1.7,0,João Maria,2.2,673,False,,2026-01-20T00:30:08.833073Z,55,154296.jpg,3.9,False,Lobo Alves Palhares Costa Palhinha Gonçalves,0.9,False,,a,18,6,78,360733,131,340296,6471,0.4,14.2,J.Palhinha,173.0,2025-08-03,1995-07-09,False,p154296,1299,3,3,4,20,0,0,0,5,0,0,11,323,385.8,85.3,138.0,61.1,48,52,74,174,14,1.00,0.47,1.47,19.28,,,,,,,[],82,26,242,147,157,90,150,83,0.07,0.0,0.03,0.1,1.34,1.39,138,85,195,83,81,35,193,64,0.97,0.28,12.06,115781,Spurs,3,1165,1175,1130,1150,1200,1200,18,13,4,3,True,Man City,24,1803.93261719,Spurs,Man City,,,,0.029152859582128557
417,True,True,100.0,100.0,225321,0,0,-2,2,0,1,-0.5,0.0,0,Aaron,0.0,674,False,,,48,225321.jpg,1.6,False,Ramsdale,0.7,False,,a,15,4,11,106714,349,141644,1731,0.0,2.3,Ramsdale,241.0,2025-08-02,1998-05-14,False,p225321,553,0,0,0,10,0,0,0,0,0,10,0,45,97.4,10.0,0.0,10.8,5,49,0,0,6,0.00,0.00,0.00,7.96,,,,,,,[],325,26,409,10,729,81,393,25,0.0,1.63,0.0,0.0,1.3,1.63,364,15,703,91,378,29,214,28,0.98,0.0,0.0,90052,Newcastle,3,1160,1220,1170,1180,1150,1260,12,15,3,4,False,Liverpool,24,1876.20507812,Liverpool,Newcastle,,,,-0.14064374813776886
445,True,True,100.0,100.0,107265,0,0,0,0,0,1,0.0,0.0,0,Angus,0.0,675,False,,2025-10-31T00:00:09.154875Z,40,107265.jpg,0.0,False,Gunn,1.2,False,,a,16,17,0,28466,111,96215,521,0.0,0.0,Gunn,243.0,2025-08-06,1996-01-22,False,p107265,0,0,0,0,0,0,0,0,0,0,0,0,0,0.0,0.0,0.0,0.0,0,0,0,0,0,0.00,0.00,0.00,0.00,,,,,,,[],549,62,541,50,505,35,549,62,0.0,0.0,0.0,0.0,0.0,0.0,654,43,480,56,558,62,172,22,0.0,0.0,0.0,154374,Nott'm Forest,3,1100,1130,1100,1110,1100,1150,16,8,3,3,True,Crystal Palace,24,1767.03259277,Nott'm Forest,Crystal Palace,,,,-0.5433787024486489
86,True,True,100.0,100.0,503714,0,0,0,0,0,3,2.8,2.8,2,Lesley,2.8,676,False,,2025-09-14T22:00:08.706775Z,50,503714.jpg,3.0,False,Ugochukwu,0.1,False,,a,3,90,67,37157,433,30880,909,0.6,13.4,Ugochukwu,73.0,2025-08-06,2004-03-26,False,p503714,1456,3,1,3,30,0,0,0,0,1,0,5,243,302.6,111.7,166.0,57.8,43,69,37,149,17,2.08,0.22,2.30,34.62,,,,,,,[],140,50,204,132,123,72,166,91,0.13,0.0,0.01,0.14,2.14,1.85,274,167,130,57,189,80,433,146,1.05,0.19,9.21,12865,Burnley,3,1055,1095,1010,1090,1100,1100,17,3,2,3,False,Sunderland,24,1687.70825195,Sunderland,Burnley,,,,0.0922586239840087
49,True,True,100.0,100.0,485337,0,0,-3,3,0,3,0.4,0.4,0,Evann,0.4,677,False,,2025-12-20T09:30:09.741346Z,62,485337.jpg,1.9,False,Guessand,0.0,False,,a,2,7,25,6783,166,12028,89,0.1,4.0,Guessand,54.0,2025-08-08,2001-07-01,False,p485337,583,0,2,1,10,0,0,0,0,0,0,0,82,92.8,55.0,136.0,28.0,10,27,18,55,6,1.19,0.41,1.60,8.82,,,,,,,[],331,145,307,174,162,94,305,147,0.18,0.0,0.06,0.24,1.36,1.54,77,50,360,162,341,150,619,241,0.93,0.15,8.49,0,Aston Villa,3,1145,1185,1150,1170,1140,1200,2,5,3,3,True,Brentford,24,1923.92321777,Aston Villa,Brentford,,,,-0.2788262187018234
519,True,True,100.0,100.0,467189,0,0,-3,3,0,1,0.0,0.0,0,Mads,0.0,679,False,,,42,467189.jpg,2.2,False,Hermansen,0.2,False,,a,19,21,9,15040,109,35939,183,0.0,2.1,Hermansen,58.0,2025-08-09,2000-07-11,False,p467189,360,0,0,1,11,0,0,0,0,0,9,0,27,84.8,0.0,0.0,8.5,7,27,0,0,4,0.00,0.01,0.01,5.44,,,,,,,[],337,28,607,78,576,64,407,28,0.0,2.25,0.0,0.0,1.36,2.75,633,37,550,82,294,26,365,54,1.0,0.25,0.0,25729,West Ham,3,1075,1075,1050,1050,1100,1100,7,19,2,3,False,Chelsea,24,1699.84399414,Chelsea,West Ham,,,,-0.40995311795052863
87,True,True,100.0,100.0,440323,0,0,-3,3,0,4,2.0,2.0,2,Armando,2.0,680,False,,2025-11-17T14:00:08.532872Z,52,440323.jpg,2.1,False,Broja,0.2,False,,a,3,90,36,44692,921,46627,1491,0.4,6.9,Broja,2.0,2025-08-08,2001-09-10,False,p440323,767,1,1,1,24,0,0,0,0,0,0,2,101,96.2,59.3,192.0,34.4,11,24,6,41,8,2.03,0.12,2.15,20.05,,,,,,,[],326,32,299,31,107,28,274,33,0.24,0.0,0.01,0.25,2.35,2.82,215,49,132,14,310,31,351,57,0.94,0.12,4.81,25729,Burnley,3,1055,1095,1010,1090,1100,1100,17,3,2,3,False,Sunderland,24,1687.70825195,Sunderland,Burnley,,,,-0.021189456739561317
390,True,True,100.0,100.0,485711,0,0,-3,3,2,4,3.6,2.6,1,Benjamin,3.6,681,False,,2025-11-08T18:30:09.316829Z,72,485711.jpg,3.1,False,Sesko,3.3,False,,a,14,1,56,655604,7427,1313397,15338,0.5,7.8,Šeško,195.0,2025-08-09,2003-05-31,False,p485711,1047,4,2,1,21,0,0,0,1,0,0,8,171,227.4,125.2,486.0,83.1,17,22,5,44,11,4.95,0.20,5.15,15.72,,,,,,,[],194,14,189,16,19,11,79,14,0.43,0.0,0.02,0.45,1.35,1.81,33,13,91,9,181,19,97,17,0.95,0.09,3.78,424529,Man Utd,3,1135,1205,1100,1150,1170,1260,14,10,2,3,True,Fulham,24,1824.42858887,Man Utd,Fulham,,,,-0.33407448751930546
549,True,True,100.0,100.0,497949,0,0,-2,2,0,2,0.4,-0.1,0,David,0.4,682,False,,,43,497949.jpg,1.4,False,Møller Wolfe,0.1,False,,a,20,39,20,4173,25,8761,76,0.1,4.7,Møller Wolfe,161.0,2025-08-02,2002-04-23,False,p497949,703,0,2,0,18,0,0,0,1,0,0,0,42,113.4,101.8,44.0,26.1,27,17,5,32,8,0.13,0.97,1.10,13.31,,,,,,,[],306,117,219,60,304,96,313,107,0.02,0.0,0.12,0.14,1.7,2.3,594,139,338,124,400,147,541,197,1.02,0.0,4.1,12865,Wolves,3,1070,1085,1050,1050,1090,1120,20,4,3,2,True,Bournemouth,24,1666.98193359,Wolves,Bournemouth,,,,-0.3547239832998299
475,True,True,100.0,100.0,201895,0,0,1,-1,1,2,2.4,2.4,1,Omar,2.4,683,False,,2025-10-23T13:30:08.702646Z,41,201895.jpg,4.2,False,Alderete,6.5,False,,a,17,56,79,1427152,25458,766507,33495,0.6,19.3,Alderete,168.0,2025-08-12,1996-12-26,False,p201895,1649,1,1,6,21,0,0,0,4,0,0,5,257,471.0,83.6,195.0,75.3,160,57,19,179,18,1.23,0.74,1.96,26.73,,,,,,,[],43,19,248,72,103,15,98,28,0.07,0.0,0.04,0.11,1.46,1.15,647,157,169,60,53,23,57,18,0.98,0.33,9.77,836193,Sunderland,3,1100,1145,1100,1120,1100,1170,17,3,2,3,True,Burnley,24,1680.29211426,Sunderland,Burnley,,,,0.3011612105618968
418,True,True,100.0,100.0,465642,0,0,1,-1,3,2,6.0,6.5,1,Malick,6.5,684,False,,,51,465642.jpg,4.2,False,Thiaw,5.8,False,,a,15,4,85,1117516,14166,406891,74134,1.3,16.7,Thiaw,80.0,2025-08-12,2001-08-08,False,p465642,1667,3,0,4,26,0,0,0,3,0,0,10,288,522.4,62.0,198.0,78.0,152,77,23,175,19,1.91,0.46,2.37,23.25,,,,,,,[],25,10,285,92,100,14,89,22,0.1,0.0,0.02,0.12,1.26,1.4,237,35,12,5,55,25,69,23,1.03,0.22,9.45,746141,Newcastle,3,1160,1220,1170,1180,1150,1260,12,15,3,4,False,Liverpool,24,1876.20507812,Liverpool,Newcastle,,,,0.46616487591568395
106,True,True,100.0,100.0,242882,-1,1,-3,3,1,2,0.5,0.0,0,Bafodé,0.5,685,False,,2025-09-13T21:30:08.472990Z,42,242882.jpg,2.6,False,Diakité,0.3,False,,a,4,91,45,95458,423,90332,781,0.1,10.7,Diakité,73.0,2025-08-13,2001-01-06,False,p242882,1274,0,0,4,27,0,0,0,1,0,0,2,161,267.0,54.3,22.0,34.4,97,48,20,117,15,0.02,0.19,0.21,22.29,,,,,,,[],171,71,308,102,350,117,273,91,0.0,0.0,0.01,0.01,1.57,1.91,629,148,335,122,238,94,312,116,1.06,0.28,8.27,38594,Bournemouth,3,1150,1220,1100,1240,1200,1200,20,4,3,2,False,Wolves,24,1799.17553711,Wolves,Bournemouth,,,,0.0275902901124926
330,True,True,100.0,100.0,611922,0,0,-2,2,0,3,1.1,1.1,1,Rio,0.6,686,False,,,43,611922.jpg,1.6,False,Ngumoha,0.7,False,,a,12,14,13,216689,2879,156140,3654,0.1,3.0,Ngumoha,241.0,2024-12-17,2008-08-29,False,p611922,76,1,0,0,3,0,0,0,0,0,0,0,56,50.8,59.7,41.0,15.3,0,2,1,3,0,0.37,0.35,0.72,2.78,,,,,,,[],387,169,297,170,310,161,364,171,0.44,0.0,0.41,0.85,3.29,3.55,614,358,320,144,375,166,215,73,0.0,0.0,3.55,90052,Liverpool,4,1230,1265,1170,1210,1290,1320,12,15,3,4,True,Newcastle,24,1940.71777344,Liverpool,Newcastle,,,,0.1624042121186925
107,True,True,100.0,100.0,606774,-1,1,-2,2,0,3,0.0,-0.5,0,Remy,0.0,687,False,,,43,606774.jpg,0.0,False,Rees-Dottin,0.1,False,,a,4,91,0,13816,643,15314,207,0.0,0.0,Rees-Dottin,241.0,2024-12-28,2006-03-06,False,p606774,0,0,0,0,0,0,0,0,0,0,0,0,0,0.0,0.0,0.0,0.0,0,0,0,0,0,0.00,0.00,0.00,0.00,,,,,,,[],635,237,632,242,605,230,636,238,0.0,0.0,0.0,0.0,0.0,0.0,613,357,584,209,644,246,437,148,0.0,0.0,0.0,12865,Bournemouth,3,1150,1220,1100,1240,1200,1200,20,4,3,2,False,Wolves,24,1799.17553711,Wolves,Bournemouth,,,,-0.05142464812907655
50,True,True,100.0,100.0,481283,0,0,-1,1,0,1,0.0,0.0,0,James,0.0,688,False,,,39,481283.jpg,0.0,False,Wright,0.6,False,,a,2,7,0,58204,283,40308,760,0.0,0.0,Wright,241.0,2023-03-31,2004-12-02,False,p481283,0,0,0,0,0,0,0,0,0,0,0,0,0,0.0,0.0,0.0,0.0,0,0,0,0,0,0.00,0.00,0.00,0.00,,,,,,,[],527,49,518,36,481,21,527,49,0.0,0.0,0.0,0.0,0.0,0.0,755,82,458,43,536,49,235,31,0.0,0.0,0.0,77187,Aston Villa,3,1145,1185,1150,1170,1140,1200,2,5,3,3,True,Brentford,24,1923.92321777,Aston Villa,Brentford,,,,0.1816631476368361
419,True,True,100.0,100.0,623110,0,0,-2,2,0,3,-0.5,0.0,0,Seung-Soo,0.0,689,False,,,43,623110.jpg,0.0,False,Park,0.3,False,,a,15,4,0,47946,3448,35285,1649,0.0,0.0,Seung soo,114.0,2025-07-26,2007-03-17,False,p623110,0,0,0,0,0,0,0,0,0,0,0,0,0,0.0,0.0,0.0,0.0,0,0,0,0,0,0.00,0.00,0.00,0.00,,,,,,,[],637,239,634,244,607,232,638,240,0.0,0.0,0.0,0.0,0.0,0.0,616,360,586,211,646,248,303,102,0.0,0.0,0.0,38594,Newcastle,3,1160,1220,1170,1180,1150,1260,12,15,3,4,False,Liverpool,24,1876.20507812,Liverpool,Newcastle,,,,0.15211880188871935
219,True,True,25.0,25.0,590014,0,0,-1,1,0,3,0.0,0.0,0,Rio,0.0,690,False,Groin Injury - 25% chance of playing,2025-12-17T17:00:11.927108Z,44,590014.jpg,0.0,False,Cardines,0.3,False,,d,8,31,0,57924,6,54099,324,0.0,0.0,Cardines,217.0,2025-07-24,2006-07-01,False,p590014,0,0,0,0,0,0,0,0,0,0,0,0,0,0.0,0.0,0.0,0.0,0,0,0,0,0,0.00,0.00,0.00,0.00,,,,,,,[],663,254,659,258,634,247,664,255,0.0,0.0,0.0,0.0,0.0,0.0,556,333,613,224,669,260,328,111,0.0,0.0,0.0,38594,Crystal Palace,3,1165,1205,1150,1150,1180,1260,16,8,3,3,False,Nott'm Forest,24,1799.60217285,Nott'm Forest,Crystal Palace,,,,0.034144773841086204
302,True,True,100.0,100.0,177815,0,0,5,-5,2,4,2.0,3.0,2,Dominic,3.0,691,False,,2025-12-04T19:00:10.210491Z,60,177815.jpg,4.4,False,Calvert-Lewin,13.3,False,,a,11,2,93,2495218,46137,831170,122039,0.5,15.5,Calvert-Lewin,241.0,2025-08-15,1997-03-16,False,p177815,1489,9,2,4,21,0,0,0,1,0,0,15,299,367.2,191.8,614.0,116.6,13,26,9,48,16,8.70,0.91,9.60,17.31,,,,,,,[],90,8,133,8,6,5,33,7,0.53,0.0,0.06,0.59,1.05,1.27,85,28,137,15,42,5,30,6,0.97,0.24,2.9,1710979,Leeds,3,1095,1145,1080,1100,1110,1190,11,1,4,3,True,Arsenal,24,1751.14916992,Leeds,Arsenal,,,,0.5002567349329062
446,True,True,100.0,100.0,503301,0,0,-1,1,0,3,1.2,1.2,1,Omari,1.2,693,False,,,54,503301.jpg,2.7,False,Hutchinson,0.1,False,,a,16,17,49,30846,198,21715,1055,0.2,9.1,Hutchinson,241.0,2025-08-16,2003-10-30,False,p503301,907,1,4,2,15,0,0,0,0,0,0,3,192,189.6,295.5,218.0,70.0,9,53,14,76,8,1.58,2.46,4.04,14.67,,,,,,,[],238,100,67,53,87,54,114,62,0.16,0.0,0.24,0.4,1.46,1.49,178,110,258,110,230,101,462,157,0.79,0.2,7.54,12865,Nott'm Forest,3,1100,1130,1100,1110,1100,1150,16,8,3,3,True,Crystal Palace,24,1767.03259277,Nott'm Forest,Crystal Palace,,,,0.17372196114990202
476,True,True,100.0,100.0,200834,0,0,5,-5,3,2,5.6,5.6,4,Nordi,5.6,694,False,,,45,200834.jpg,4.9,False,Mukiele,12.8,False,,a,17,56,102,2078365,91715,532179,31786,1.2,22.7,Mukiele,73.0,2025-08-17,1997-11-01,False,p200834,1882,1,4,6,24,1,0,0,4,0,0,8,344,516.4,221.4,111.0,84.9,157,86,50,207,21,0.60,1.68,2.28,31.64,,,,,,,[],28,11,106,26,196,48,74,16,0.03,0.0,0.08,0.11,1.51,1.15,412,77,16,8,17,8,33,10,1.0,0.29,9.9,1646657,Sunderland,3,1100,1145,1100,1120,1100,1170,17,3,2,3,True,Burnley,24,1680.29211426,Sunderland,Burnley,,,,0.5922849796823957
550,True,True,100.0,100.0,523705,0,0,-1,1,0,2,2.8,2.3,0,Jackson,2.8,695,False,,,44,523705.jpg,1.6,False,Tchatchoua,0.0,False,,a,20,39,36,5418,87,4975,86,0.6,8.2,Tchatchoua,38.0,2025-08-19,2001-09-14,False,p523705,1236,0,0,2,25,0,0,0,2,0,0,0,96,210.2,223.3,36.0,47.0,54,44,22,76,12,0.26,0.97,1.23,16.44,,,,,,,[],213,87,104,24,318,101,210,69,0.02,0.0,0.07,0.09,1.2,1.82,543,117,140,52,376,140,638,222,0.87,0.15,5.53,0,Wolves,3,1070,1085,1050,1050,1090,1120,20,4,3,2,True,Bournemouth,24,1666.98193359,Wolves,Bournemouth,,,,0.0426248436447609
108,True,True,100.0,100.0,489888,0,0,-1,1,0,3,4.2,3.7,10,Amine,4.2,697,False,,,54,489888.jpg,2.0,False,Adli,0.1,False,,a,4,91,38,18628,9605,9075,1042,0.8,7.0,Adli,145.0,2025-08-21,2000-05-10,False,p489888,597,2,1,1,12,0,0,0,1,0,0,1,138,166.4,96.3,160.0,41.6,19,35,24,78,5,1.38,0.49,1.87,9.72,,,6.0,,,,[],253,108,226,138,131,76,237,117,0.21,0.0,0.07,0.28,1.47,1.81,177,109,89,40,325,145,443,152,0.75,0.15,11.76,12865,Bournemouth,3,1150,1220,1100,1240,1200,1200,20,4,3,2,False,Wolves,24,1799.17553711,Wolves,Bournemouth,,,,0.34483629931776344
303,True,True,100.0,100.0,435997,0,0,0,0,0,3,0.6,1.6,1,Noah,1.6,698,False,,2025-10-17T00:30:11.157914Z,55,435997.jpg,2.6,False,Okafor,0.1,False,,a,11,2,53,57935,294,49915,654,0.3,9.6,Okafor,207.0,2025-08-21,2000-05-24,False,p435997,1105,2,2,3,21,0,0,0,2,0,0,3,177,180.8,193.8,274.0,64.9,20,41,17,78,14,2.82,0.90,3.72,16.80,,,,,,,[],243,103,132,94,64,40,133,72,0.23,0.0,0.07,0.3,1.37,1.71,146,92,245,106,249,106,464,158,1.14,0.24,6.35,12865,Leeds,3,1095,1145,1080,1100,1110,1190,11,1,4,3,True,Arsenal,24,1751.14916992,Leeds,Arsenal,,,,0.07436254056560038
51,True,True,100.0,100.0,230046,0,0,-1,1,0,3,0.2,0.2,0,Douglas Luiz,0.2,699,False,,2025-11-01T18:30:08.443766Z,49,230046.jpg,1.4,False,Soares de Paulo,0.1,False,,a,2,7,11,15861,663,15143,234,0.0,2.2,Douglas Luiz,30.0,2026-01-28,1998-05-09,False,p230046,314,0,1,0,7,0,0,0,2,0,0,0,64,46.6,77.4,25.0,14.9,10,20,9,39,5,0.14,0.64,0.78,4.45,,,,,,,[],390,172,259,156,343,179,368,172,0.04,0.0,0.18,0.22,1.28,2.01,316,195,399,186,405,181,575,214,1.43,0.0,11.18,12865,Aston Villa,3,1145,1185,1150,1170,1140,1200,2,5,3,3,True,Brentford,24,1923.92321777,Aston Villa,Brentford,,,,0.023158302154560703
52,True,True,100.0,100.0,645618,0,0,-1,1,0,3,0.0,0.0,0,Bradley,0.0,702,False,,,44,645618.jpg,1.0,False,Burrowes,0.1,False,,a,2,7,1,9173,32,8341,78,0.0,0.2,Burrowes,241.0,2025-01-09,2008-03-04,False,p645618,16,0,0,0,1,0,0,0,0,0,0,0,3,0.0,0.3,0.0,0.0,0,1,0,1,0,0.00,0.00,0.00,0.90,,,,,,,[],665,255,462,225,636,248,666,256,0.0,0.0,0.0,0.0,5.06,5.62,562,336,615,225,453,204,529,188,0.0,0.0,5.62,12865,Aston Villa,3,1145,1185,1150,1170,1140,1200,2,5,3,3,True,Brentford,24,1923.92321777,Aston Villa,Brentford,,,,0.04750485326024895
53,True,True,100.0,100.0,564505,0,0,-1,1,0,1,0.0,0.0,0,Sam,0.0,703,False,,,39,564505.jpg,0.0,False,Proctor,0.6,False,,a,2,7,0,81696,798,33613,1584,0.0,0.0,Proctor,241.0,2023-12-16,2006-12-21,False,p564505,0,0,0,0,0,0,0,0,0,0,0,0,0,0.0,0.0,0.0,0.0,0,0,0,0,0,0.00,0.00,0.00,0.00,,,,,,,[],538,57,529,44,492,29,538,57,0.0,0.0,0.0,0.0,0.0,0.0,766,90,469,51,547,57,234,30,0.0,0.0,0.0,77187,Aston Villa,3,1145,1185,1150,1170,1140,1200,2,5,3,3,True,Brentford,24,1923.92321777,Aston Villa,Brentford,,,,0.41699260248549547
253,True,True,100.0,100.0,491745,0,0,-1,1,0,2,0.0,0.0,0,Elijah,0.0,705,False,,,39,491745.jpg,0.0,False,Campbell,0.2,False,,a,9,11,0,18322,103,15189,152,0.0,0.0,Campbell,241.0,2023-12-15,2004-08-02,False,p491745,0,0,0,0,0,0,0,0,0,0,0,0,0,0.0,0.0,0.0,0.0,0,0,0,0,0,0.00,0.00,0.00,0.00,,,,,,,[],531,197,522,197,485,189,531,196,0.0,0.0,0.0,0.0,0.0,0.0,759,222,462,179,540,197,395,143,0.0,0.0,0.0,25729,Everton,3,1100,1130,1110,1130,1090,1130,6,9,2,3,False,Brighton,24,1796.4831543,Brighton,Everton,,,,0.09349168929605205
304,True,True,100.0,100.0,220627,0,0,-1,1,1,2,4.6,5.6,9,James,5.6,706,False,,,39,220627.jpg,2.6,False,Justin,0.4,False,,a,11,2,36,57260,11219,28520,1933,1.4,9.2,Justin,241.0,2025-08-25,1998-02-23,False,p220627,609,1,0,2,10,0,0,0,1,0,0,4,104,147.4,49.2,85.0,28.3,44,29,14,58,6,0.74,0.18,0.92,12.08,,,,,,,[],270,107,318,106,237,65,302,103,0.11,0.0,0.03,0.14,1.79,1.48,742,213,14,6,235,91,280,105,0.89,0.3,8.57,51458,Leeds,3,1095,1145,1080,1100,1110,1190,11,1,4,3,True,Arsenal,24,1751.14916992,Leeds,Arsenal,,,,0.3350431335975752
254,True,True,100.0,100.0,496661,0,0,-2,2,0,3,0.5,0.5,1,Tyler,0.5,707,False,,,53,496661.jpg,1.3,False,Dibling,0.0,False,,a,9,11,16,7421,46,6434,133,0.1,3.0,Dibling,241.0,2025-08-25,2006-02-17,False,p496661,338,0,0,2,2,0,0,0,2,0,0,0,45,46.0,61.0,32.0,13.6,11,22,7,40,4,0.20,0.14,0.34,5.95,,,,,,,[],392,173,290,168,329,173,374,174,0.05,0.0,0.04,0.09,1.58,0.53,202,125,257,109,419,189,632,253,1.07,0.53,10.65,0,Everton,3,1100,1130,1110,1130,1090,1130,6,9,2,3,False,Brighton,24,1796.4831543,Brighton,Everton,,,,0.07123782028148683
520,True,True,100.0,100.0,551226,0,0,0,0,1,3,5.2,5.2,8,Mateus Gonçalo,5.2,708,False,,2026-01-15T20:30:10.600167Z,55,551226.jpg,3.8,False,Espanha Fernandes,0.2,False,,a,19,21,80,53948,6124,31203,1827,0.9,14.5,M.Fernandes,173.0,2025-08-29,2004-07-10,False,p551226,1673,3,2,2,30,0,0,0,3,0,0,6,389,420.2,387.1,78.0,88.7,52,98,58,208,20,1.05,1.42,2.47,27.19,4.0,,,,,,[],64,20,36,34,250,135,65,43,0.06,0.0,0.08,0.14,1.46,1.61,155,97,32,13,91,41,357,119,1.08,0.11,11.19,25729,West Ham,3,1075,1075,1050,1050,1100,1100,7,19,2,3,False,Chelsea,24,1699.84399414,Chelsea,West Ham,,,,0.2671137156345786
551,True,True,100.0,100.0,431248,0,0,0,0,0,2,4.6,4.1,1,Ladislav,4.6,709,False,,2025-11-30T22:30:09.864078Z,45,431248.jpg,2.6,False,Krejcí,0.1,False,,a,20,39,46,19563,814,14068,393,1.0,10.2,Krejčí,57.0,2025-08-28,1999-04-20,False,p431248,1570,2,1,2,32,1,0,0,2,0,0,0,163,379.2,112.4,198.0,69.1,103,48,18,121,18,1.97,1.27,3.24,23.59,,,,,,,[],86,39,203,51,99,13,117,37,0.11,0.0,0.07,0.18,1.35,1.83,423,84,39,15,241,96,520,187,1.03,0.11,6.94,12865,Wolves,3,1070,1085,1050,1050,1090,1120,20,4,3,2,True,Bournemouth,24,1666.98193359,Wolves,Bournemouth,,,,0.16339091909250394
54,True,True,100.0,100.0,534836,0,0,-1,1,0,2,0.0,0.0,0,Travis,0.0,710,False,,,39,534836.jpg,0.0,False,Patterson,0.2,False,,a,2,7,0,32321,63,21012,285,0.0,0.0,Patterson,241.0,2025-08-30,2005-10-06,False,p534836,0,0,0,0,0,0,0,0,0,0,0,0,0,0.0,0.0,0.0,0.0,0,0,0,0,0,0.00,0.00,0.00,0.00,,,,,,,[],535,199,526,199,489,191,535,198,0.0,0.0,0.0,0.0,0.0,0.0,763,224,466,181,544,199,368,133,0.0,0.0,0.0,25729,Aston Villa,3,1145,1185,1150,1170,1140,1200,2,5,3,3,True,Brentford,24,1923.92321777,Aston Villa,Brentford,,,,0.2120450752817205
25,True,True,100.0,100.0,646243,0,0,-1,1,0,3,1.0,1.0,0,Andre,0.0,711,False,,,44,646243.jpg,0.0,False,Harriman-Annous,0.0,False,,a,1,3,0,1677,18,1573,20,0.0,0.0,Harriman-Annous,241.0,2025-07-22,2007-12-28,False,p646243,0,0,0,0,0,0,0,0,0,0,0,0,0,0.0,0.0,0.0,0.0,0,0,0,0,0,0.00,0.00,0.00,0.00,,,,,,,[],666,256,661,259,637,249,667,257,0.0,0.0,0.0,0.0,0.0,0.0,563,337,616,226,671,261,696,294,0.0,0.0,0.0,0,Arsenal,5,1300,1375,1340,1400,1260,1350,11,1,4,3,False,Leeds,24,2052.35058594,Leeds,Arsenal,,,,0.032
220,True,True,100.0,100.0,488024,0,0,-2,2,1,3,3.4,3.4,1,Yéremy,3.4,712,False,,2025-09-20T23:30:07.351615Z,58,488024.jpg,2.8,False,Pino Santos,0.2,False,,a,8,31,58,119888,1527,95373,2114,0.6,10.0,Yeremy,200.0,2025-08-29,2002-10-20,False,p488024,1462,2,1,6,19,0,0,0,3,0,0,3,234,247.2,478.3,301.0,102.4,22,69,27,118,18,3.58,4.52,8.10,20.82,1.0,,1.0,,,,[],182,76,19,18,54,33,43,32,0.22,0.0,0.28,0.5,1.28,1.17,111,69,102,46,220,97,348,117,1.11,0.37,7.26,25729,Crystal Palace,3,1165,1205,1150,1150,1180,1260,16,8,3,3,False,Nott'm Forest,24,1799.60217285,Nott'm Forest,Crystal Palace,,,,0.1138850047152062
109,True,True,100.0,100.0,551483,0,0,0,0,0,2,2.5,2.0,7,Álex,2.5,713,False,,,45,551483.jpg,2.1,False,Jiménez Sánchez,0.1,False,,a,4,91,40,23908,8549,11360,1442,0.6,8.9,A.Jimenez,200.0,2025-09-01,2005-05-08,False,p551483,1327,1,2,2,30,0,0,0,5,0,0,0,133,236.8,119.4,136.0,49.2,48,65,33,81,15,0.90,0.75,1.65,24.30,,,,,,,[],189,77,198,50,160,32,202,65,0.06,0.0,0.05,0.11,1.65,2.03,463,92,155,58,305,117,426,158,1.02,0.14,5.49,12865,Bournemouth,3,1150,1220,1100,1240,1200,1200,20,4,3,2,False,Wolves,24,1799.17553711,Wolves,Bournemouth,,,,0.3557899512305773
420,True,True,100.0,100.0,470313,-1,1,1,-1,1,4,1.7,2.2,1,Nick,2.2,714,False,,,71,470313.jpg,4.0,False,Woltemade,12.3,False,,a,15,4,81,5374000,6376,3979485,178582,0.3,11.4,Woltemade,80.0,2025-08-30,2002-02-14,False,p470313,1352,7,3,6,19,1,0,0,0,0,0,10,285,341.6,164.9,372.0,86.8,22,30,15,67,17,6.19,0.75,6.94,17.27,,,,,3.0,,[],107,10,151,10,34,15,70,12,0.41,0.0,0.05,0.46,1.15,1.26,37,15,210,24,73,7,34,7,1.13,0.4,4.46,1582334,Newcastle,3,1160,1220,1170,1180,1150,1260,12,15,3,4,False,Liverpool,24,1876.20507812,Liverpool,Newcastle,,,,0.14909041923945995
447,True,True,100.0,100.0,500151,0,0,0,0,1,2,0.2,0.2,0,Nicolò,0.2,716,False,,,45,500151.jpg,2.8,False,Savona,0.1,False,,a,16,17,39,46593,71,36831,855,0.0,8.7,Savona,106.0,2025-08-30,2003-03-19,False,p500151,1025,2,0,3,18,0,0,0,2,0,0,0,131,216.6,123.2,94.0,43.5,37,27,20,57,11,1.34,0.45,1.79,15.04,,,,,,,[],203,82,190,48,223,58,226,78,0.12,0.0,0.04,0.16,1.32,1.58,448,91,382,143,212,82,458,169,0.97,0.26,5.0,12865,Nott'm Forest,3,1100,1130,1100,1110,1100,1150,16,8,3,3,True,Crystal Palace,24,1767.03259277,Nott'm Forest,Crystal Palace,,,,0.11701668584579977
498,True,True,100.0,100.0,493362,0,0,-5,5,1,3,1.7,2.2,4,Xavi,2.2,717,False,,2025-12-20T23:00:11.931727Z,65,493362.jpg,2.9,False,Simons,1.2,False,,a,18,6,50,774187,1985,691622,8609,0.3,7.7,Xavi,152.0,2025-08-29,2003-04-21,False,p493362,1100,1,3,3,21,0,0,0,2,1,0,3,194,192.2,264.0,144.0,60.1,14,61,24,99,12,1.60,2.28,3.88,17.79,5.0,,,,,,[],234,97,84,62,150,88,156,87,0.13,0.0,0.19,0.32,1.46,1.72,54,35,198,85,207,91,173,60,0.98,0.25,8.1,154374,Spurs,3,1165,1175,1130,1150,1200,1200,18,13,4,3,True,Man City,24,1803.93261719,Spurs,Man City,,,,0.056327256825411766
521,True,True,100.0,100.0,564940,0,0,0,0,0,3,0.2,0.2,0,Soungoutou,0.2,718,False,,,50,564940.jpg,2.4,False,Magassa,0.0,False,,a,19,21,33,5023,31,3750,168,0.0,6.6,S.Magassa,73.0,2025-08-30,2003-10-08,False,p564940,732,1,0,1,18,0,0,0,2,0,0,2,157,149.6,66.4,37.0,25.3,25,43,33,101,9,0.31,0.28,0.59,14.82,,,,,,,[],267,116,278,163,315,164,316,152,0.04,0.0,0.03,0.07,1.82,2.21,277,170,323,146,271,115,641,260,1.11,0.12,12.42,0,West Ham,3,1075,1075,1050,1050,1100,1100,7,19,2,3,False,Chelsea,24,1699.84399414,Chelsea,West Ham,,,,0.14510429727573235
55,True,True,100.0,100.0,184667,0,0,0,0,0,2,1.8,1.8,1,Victor,1.8,719,False,,2025-09-18T04:00:08.433120Z,45,184667.jpg,1.9,False,Lindelöf,0.1,False,,a,2,7,21,17847,492,9653,650,0.4,4.7,Lindelöf,206.0,2025-09-01,1994-07-17,False,p184667,566,0,1,1,9,0,0,0,0,0,0,0,91,123.8,27.2,8.0,16.0,32,13,4,36,6,0.03,0.07,0.10,10.75,,,,,,,[],296,113,361,129,391,147,361,128,0.0,0.0,0.01,0.01,1.71,1.43,411,76,217,81,333,128,461,171,0.95,0.16,5.72,12865,Aston Villa,3,1145,1185,1150,1170,1140,1200,2,5,3,3,True,Brentford,24,1923.92321777,Aston Villa,Brentford,,,,0.2979636363636364
552,True,True,100.0,100.0,488213,0,0,-1,1,0,4,1.8,1.3,1,Tolu,1.8,720,False,,,54,488213.jpg,1.8,False,Arokodare,0.1,False,,a,20,39,35,27348,367,20917,543,0.3,6.5,Tolu,157.0,2025-09-01,2000-11-23,False,p488213,748,1,1,2,17,0,0,0,1,0,0,2,104,83.4,114.3,223.0,41.3,23,19,4,46,8,1.61,0.26,1.87,9.12,,,2.0,,,,[],339,33,201,20,84,25,240,28,0.19,0.0,0.03,0.22,1.1,2.05,176,43,226,26,355,37,515,72,0.96,0.24,5.53,12865,Wolves,3,1070,1085,1050,1050,1090,1120,20,4,3,2,True,Bournemouth,24,1666.98193359,Wolves,Bournemouth,,,,0.13324355122759765
110,True,True,100.0,100.0,620487,0,0,-1,1,0,2,0.5,0.0,0,Veljko,0.5,721,False,,2026-01-06T17:00:10.479922Z,44,620487.jpg,2.7,False,Milosavljevic,0.0,False,,a,4,91,19,5906,48,5546,32,0.1,4.3,Milosavljević,190.0,2025-09-01,2007-06-28,False,p620487,367,0,0,1,6,0,0,0,0,0,0,0,63,98.4,13.9,10.0,12.2,34,13,5,39,4,0.15,0.19,0.34,4.42,,,,,,,[],323,126,391,143,381,138,379,134,0.04,0.0,0.05,0.09,1.08,1.47,561,119,343,128,226,88,652,227,0.98,0.25,9.56,0,Bournemouth,3,1150,1220,1100,1240,1200,1200,20,4,3,2,False,Wolves,24,1799.17553711,Wolves,Bournemouth,,,,0.031435557107928745
88,True,True,100.0,100.0,216055,0,0,0,0,0,3,4.0,4.0,4,Florentino Ibrain,4.0,722,False,,,50,216055.jpg,3.2,False,Morris Luís,0.0,False,,a,3,90,61,12997,270,10497,322,0.8,12.2,Florentino,173.0,2025-09-01,1999-08-19,False,p216055,1470,0,2,2,31,0,0,0,3,0,0,0,255,303.0,160.4,42.0,50.8,72,78,70,220,17,0.55,0.35,0.90,34.19,,,,,,,[],139,49,153,105,309,160,195,103,0.03,0.0,0.02,0.05,2.09,1.9,252,154,70,29,157,65,595,227,1.04,0.12,13.47,0,Burnley,3,1055,1095,1010,1090,1100,1100,17,3,2,3,False,Sunderland,24,1687.70825195,Sunderland,Burnley,,,,0.10641014727164383
221,True,True,100.0,100.0,651426,0,0,0,0,1,2,2.6,2.6,0,Jaydee,2.6,723,False,,2025-12-10T22:00:10.518689Z,45,651426.jpg,3.0,False,Canvot,0.0,False,,a,8,31,27,4270,82,2944,169,0.6,6.0,Canvot,73.0,2025-09-01,2006-07-29,False,p651426,352,0,0,2,6,0,0,0,1,0,0,4,71,99.0,7.1,10.0,11.5,36,13,16,52,3,0.05,0.12,0.17,7.65,,,,,,,[],321,125,420,154,383,139,384,138,0.01,0.0,0.03,0.04,1.96,1.53,505,96,156,59,187,73,642,224,0.77,0.51,13.3,0,Crystal Palace,3,1165,1205,1150,1150,1180,1260,16,8,3,3,False,Nott'm Forest,24,1799.60217285,Nott'm Forest,Crystal Palace,,,,0.18380925977266427
477,True,True,100.0,100.0,247955,0,0,0,0,0,2,1.8,1.8,0,Lutsharel,1.8,724,False,,,45,247955.jpg,1.9,False,Geertruida,0.0,False,,a,17,56,32,7813,95,4991,301,0.4,7.1,Geertruida,152.0,2025-09-01,2000-07-18,False,p247955,970,0,0,2,14,0,0,0,0,0,0,0,145,156.2,63.6,34.0,25.4,44,43,20,64,10,0.37,0.42,0.79,20.56,,,,,,,[],263,105,283,90,324,104,315,108,0.03,0.0,0.04,0.07,1.91,1.3,421,83,218,82,334,129,586,212,0.93,0.19,5.94,0,Sunderland,3,1100,1145,1100,1120,1100,1170,17,3,2,3,True,Burnley,24,1680.29211426,Sunderland,Burnley,,,,0.22039987503905029
26,True,True,100.0,75.0,448104,-1,1,-4,4,1,2,1.8,1.4,0,Piero,0.8,725,False,,2026-01-09T17:30:12.626512Z,51,448104.jpg,2.7,False,Hincapié,0.7,False,,a,1,3,35,459445,1821,382134,7350,0.2,6.9,Hincapie,62.0,2025-09-01,2002-01-09,False,p448104,946,0,0,2,11,0,0,0,2,0,0,2,145,196.4,60.5,20.0,27.6,65,37,20,85,11,0.00,0.75,0.75,9.89,,,,,,,[],227,91,295,97,359,123,306,104,0.0,0.0,0.07,0.07,0.94,1.05,236,34,312,113,229,89,220,84,1.05,0.19,8.09,90052,Arsenal,5,1300,1375,1340,1400,1260,1350,11,1,4,3,False,Leeds,24,2052.35058594,Leeds,Arsenal,,,,0.09186422189717186
499,True,True,100.0,100.0,247693,0,0,-1,1,0,4,0.7,1.2,0,Randal,1.2,726,False,,2025-11-14T12:00:08.068318Z,69,247693.jpg,1.6,False,Kolo Muani,0.4,False,,a,18,6,24,114116,721,99285,4086,0.2,3.5,Kolo Muani,73.0,2025-09-01,1998-12-05,False,p247693,922,0,0,3,16,0,0,0,2,0,0,0,63,73.4,159.1,151.0,37.7,11,32,14,57,11,1.29,0.92,2.21,14.13,,,,,,,[],358,36,156,12,138,34,260,31,0.13,0.0,0.09,0.22,1.38,1.56,42,17,282,35,384,44,275,44,1.07,0.29,5.56,51458,Spurs,3,1165,1175,1130,1150,1200,1200,18,13,4,3,True,Man City,24,1803.93261719,Spurs,Man City,,,,0.06949826851795446
277,True,True,100.0,100.0,218328,0,0,-2,2,1,3,1.2,1.2,6,Samuel,1.2,727,False,,2025-12-13T14:30:12.223752Z,53,218328.jpg,4.1,False,Chukwueze,0.1,False,,a,10,54,41,92996,2396,84489,549,0.2,7.7,Chukwueze,157.0,2025-09-01,1999-05-22,False,p218328,424,3,4,0,10,0,0,0,0,0,0,1,167,205.6,151.6,147.0,50.5,7,24,2,33,3,1.26,2.17,3.43,6.35,,,,,,,[],219,92,162,109,144,83,196,104,0.27,0.0,0.46,0.73,1.35,2.12,193,120,274,119,61,26,479,167,0.64,0.0,7.0,12865,Fulham,3,1090,1130,1080,1140,1100,1120,14,10,2,3,False,Man Utd,24,1809.49279785,Man Utd,Fulham,,,,0.047930811054455305
255,True,True,100.0,100.0,513466,0,0,0,0,0,3,1.2,1.2,0,Merlin,1.2,728,False,,2025-11-21T15:00:09.732749Z,50,513466.jpg,1.6,False,Röhl,0.0,False,,a,9,11,16,1295,79,1190,49,0.2,3.2,Röhl,80.0,2025-09-01,2002-07-05,False,p513466,353,0,0,2,4,0,0,0,0,0,0,0,39,61.2,65.9,32.0,15.9,10,18,15,43,2,0.50,0.17,0.67,6.27,,,,,,,[],372,163,279,164,328,172,362,170,0.13,0.0,0.04,0.17,1.6,1.02,276,169,205,88,380,169,701,295,0.51,0.51,10.96,0,Everton,3,1100,1130,1110,1130,1090,1130,6,9,2,3,False,Brighton,24,1796.4831543,Brighton,Everton,,,,0.04225352112676056
448,True,True,100.0,0.0,560441,0,0,0,0,0,2,0.0,0.0,0,Luis Eduardo,0.0,729,False,,2025-09-05T08:56:15.818633Z,45,560441.jpg,0.0,False,Soares da Silva,0.0,False,,a,16,17,0,38,13,42,1,0.0,0.0,Cuiabano,30.0,2025-09-01,2003-02-16,False,p560441,0,0,0,0,0,0,0,0,0,0,0,0,0,0.0,0.0,0.0,0.0,0,0,0,0,0,0.00,0.00,0.00,0.00,,,,,,,[],706,255,702,255,683,254,706,255,0.0,0.0,0.0,0.0,0.0,0.0,468,93,659,250,708,255,804,263,0.0,0.0,0.0,0,Nott'm Forest,3,1100,1130,1100,1110,1100,1150,16,8,3,3,True,Crystal Palace,24,1767.03259277,Nott'm Forest,Crystal Palace,,,,-0.05
478,True,True,100.0,100.0,441264,0,0,0,0,1,4,5.6,5.6,7,Brian,5.6,730,False,,2026-01-02T00:30:12.435254Z,55,441264.jpg,3.1,False,Brobbey,1.3,False,,a,17,56,56,219230,51879,67209,8713,1.0,10.2,Brobbey,152.0,2025-09-01,2002-02-01,False,p441264,871,5,1,3,12,0,0,0,1,0,0,8,212,215.0,59.6,218.0,48.4,8,24,5,37,9,2.24,0.20,2.44,16.24,,,,,,,[],207,16,298,30,88,26,204,22,0.23,0.0,0.02,0.25,1.68,1.24,147,36,17,3,174,15,164,26,0.93,0.31,3.82,167239,Sunderland,3,1100,1145,1100,1120,1100,1170,17,3,2,3,True,Burnley,24,1680.29211426,Sunderland,Burnley,,,,0.5307273101777342
278,True,True,100.0,100.0,560552,0,0,-2,2,0,3,1.8,1.8,1,Kevin,1.8,731,False,,2025-09-24T06:30:08.624024Z,58,560552.jpg,1.8,False,Santos Lopes de Macedo,0.1,False,,a,10,54,34,31266,131,27123,347,0.3,5.9,Kevin,30.0,2025-09-01,2003-01-04,False,p560552,789,0,2,4,12,0,0,0,1,0,0,0,129,156.6,202.5,188.0,54.5,14,33,17,64,7,0.94,1.27,2.21,11.98,4.0,,,,,,[],262,113,123,88,110,65,178,95,0.11,0.0,0.14,0.25,1.37,1.37,113,71,228,99,359,158,548,198,0.8,0.46,7.3,12865,Fulham,3,1090,1130,1080,1140,1100,1120,14,10,2,3,False,Man Utd,24,1809.49279785,Man Utd,Fulham,,,,0.0709551456609978
222,True,True,100.0,100.0,660392,0,0,0,0,0,4,0.6,0.6,1,Christantus,0.6,732,False,,,55,660392.jpg,1.3,False,Uche,0.0,False,,a,8,31,14,11941,250,8678,218,0.1,2.5,Uche,157.0,2025-09-01,2003-05-19,False,p660392,114,0,1,0,4,0,0,0,0,0,0,0,36,10.8,5.5,65.0,7.8,1,6,1,8,0,0.36,0.01,0.37,4.05,,,,,,,[],438,49,425,52,267,48,411,50,0.28,0.0,0.01,0.29,3.2,3.16,156,40,327,39,420,49,579,76,0.0,0.0,6.32,0,Crystal Palace,3,1165,1205,1150,1150,1180,1260,16,8,3,3,False,Nott'm Forest,24,1799.60217285,Nott'm Forest,Crystal Palace,,,,0.15825209757990202
391,True,True,100.0,100.0,465247,0,0,0,0,1,1,2.8,1.8,2,Senne,2.8,733,False,,,50,465247.jpg,2.9,False,Lammens,1.8,False,,a,14,1,49,399525,15204,240480,8688,0.6,9.8,Lammens,21.0,2025-09-01,2002-07-07,False,p465247,1530,0,0,3,23,0,0,0,0,0,37,4,187,320.6,0.0,2.0,32.3,13,118,1,0,17,0.00,0.00,0.00,19.25,,,,,,,[],118,18,766,90,433,1,282,17,0.0,2.18,0.0,0.0,1.13,1.35,261,9,146,15,199,18,139,18,1.0,0.18,0.0,231561,Man Utd,3,1135,1205,1100,1150,1170,1260,14,10,2,3,True,Fulham,24,1824.42858887,Man Utd,Fulham,,,,0.24850587104788244
449,True,True,100.0,100.0,476887,0,0,-1,1,0,3,1.2,1.2,0,Dilane,1.2,734,False,,2025-10-24T09:00:08.676633Z,59,476887.jpg,1.5,False,Bakwa,0.0,False,,a,16,17,12,3886,84,3532,72,0.2,2.0,Bakwa,73.0,2025-09-01,2002-08-26,False,p476887,302,0,1,0,7,0,0,0,1,0,0,0,53,49.8,108.8,71.0,23.0,3,19,1,23,3,0.39,0.68,1.07,5.51,,,,,,,[],389,171,208,133,258,139,327,159,0.12,0.0,0.2,0.32,1.64,2.09,101,66,278,122,397,177,675,280,0.89,0.0,6.85,0,Nott'm Forest,3,1100,1130,1100,1110,1100,1150,16,8,3,3,True,Crystal Palace,24,1767.03259277,Nott'm Forest,Crystal Palace,,,,0.0477217578862227
354,True,True,100.0,100.0,204936,0,0,2,-2,0,1,4.5,4.5,8,Gianluigi,4.0,736,False,,,57,204936.jpg,4.0,False,Donnarumma,9.5,False,,a,13,43,79,1895925,16112,1056005,48405,0.7,13.9,Donnarumma,106.0,2025-09-01,1999-02-25,False,p204936,1800,0,0,9,17,0,1,0,5,0,44,2,343,387.8,0.0,0.0,38.9,27,132,0,0,20,0.00,0.00,0.00,22.15,,,,,,,[],80,15,795,93,793,92,255,15,0.0,2.2,0.0,0.0,1.11,0.85,116,2,61,5,70,6,45,7,1.0,0.45,0.0,1222128,Man City,4,1250,1305,1210,1230,1290,1380,18,13,4,3,False,Spurs,24,1982.90136719,Spurs,Man City,,,,0.28453249230164673
279,True,True,100.0,100.0,631786,0,0,0,0,0,4,0.2,0.2,0,Jonah,0.2,737,False,,,45,631786.jpg,0.8,False,Kusi-Asare,0.1,False,,a,10,54,4,16784,231,13079,274,0.0,0.9,Kusi-Asare,206.0,2025-09-01,2007-07-04,False,p631786,30,0,0,0,2,0,0,0,1,0,0,0,11,1.2,11.4,8.0,2.1,0,2,0,2,0,0.00,0.07,0.07,0.75,,,,,,,[],475,56,397,51,392,53,449,53,0.0,0.0,0.21,0.21,2.25,6.0,502,72,388,43,489,59,496,69,0.0,0.0,6.0,12865,Fulham,3,1090,1130,1080,1140,1100,1120,14,10,2,3,False,Man Utd,24,1809.49279785,Man Utd,Fulham,,,,0.12406657067273884
522,True,True,25.0,25.0,37096,0,0,0,0,0,1,0.0,0.0,0,Lukasz,0.0,738,False,Back injury - 25% chance of playing,2026-01-05T18:30:10.223348Z,45,37096.jpg,0.0,False,Fabianski,0.0,False,,d,19,21,0,5572,37,5046,94,0.0,0.0,Fabianski,172.0,2025-09-10,1985-04-18,False,p37096,0,0,0,0,0,0,0,0,0,0,0,0,0,0.0,0.0,0.0,0.0,0,0,0,0,0,0.00,0.00,0.00,0.00,,,,,,,[],667,89,662,82,638,70,668,89,0.0,0.0,0.0,0.0,0.0,0.0,402,20,617,86,672,89,623,79,0.0,0.0,0.0,0,West Ham,3,1075,1075,1050,1050,1100,1100,7,19,2,3,False,Chelsea,24,1699.84399414,Chelsea,West Ham,,,,0.04953851949519684
355,True,True,100.0,100.0,590039,0,0,-1,1,0,3,0.7,0.7,0,Divine,0.2,739,False,,,44,590039.jpg,1.0,False,Mukasa,0.0,False,,a,13,43,2,3390,56,2776,93,0.0,0.5,Mukasa,241.0,2025-08-07,2007-08-22,False,p590039,25,0,0,0,0,0,0,0,0,0,0,0,5,4.2,28.3,4.0,3.7,0,1,0,1,0,0.00,0.21,0.21,0.34,,,,,,,[],457,209,358,186,411,203,437,198,0.0,0.0,0.76,0.76,1.22,0.0,557,334,377,172,451,202,663,272,0.0,0.0,3.6,0,Man City,4,1250,1305,1210,1230,1290,1380,18,13,4,3,False,Spurs,24,1982.90136719,Spurs,Man City,,,,0.09957833279273436
356,True,True,100.0,100.0,566213,0,0,-1,1,0,2,0.5,0.5,0,Stephen,0.0,740,False,,,39,566213.jpg,0.0,False,Mfuni,0.0,False,,a,13,43,0,3093,32,3316,77,0.0,0.0,Mfuni,241.0,2024-07-23,2008-02-12,False,p566213,0,0,0,0,0,0,0,0,0,0,0,0,0,0.0,0.0,0.0,0.0,0,0,0,0,0,0.00,0.00,0.00,0.00,,,,,,,[],539,200,530,200,493,192,539,199,0.0,0.0,0.0,0.0,0.0,0.0,767,225,470,182,548,200,605,217,0.0,0.0,0.0,0,Man City,4,1250,1305,1210,1230,1290,1380,18,13,4,3,False,Spurs,24,1982.90136719,Spurs,Man City,,,,-0.0347948197846778
357,True,True,100.0,100.0,616288,0,0,0,0,0,3,0.5,0.5,0,Ryan,0.0,742,False,,,45,616288.jpg,0.0,False,McAidoo,0.0,False,,a,13,43,0,1319,21,1092,32,0.0,0.0,McAidoo,241.0,2025-09-26,2008-06-24,False,p616288,0,0,0,0,0,0,0,0,0,0,0,0,0,0.0,0.0,0.0,0.0,0,0,0,0,0,0.00,0.00,0.00,0.00,,,,,,,[],730,307,725,307,707,301,729,306,0.0,0.0,0.0,0.0,0.0,0.0,496,307,682,277,730,307,721,306,0.0,0.0,0.0,0,Man City,4,1250,1305,1210,1230,1290,1380,18,13,4,3,False,Spurs,24,1982.90136719,Spurs,Man City,,,,0.0941518042306097
196,True,True,100.0,100.0,611912,0,0,0,0,0,3,0.0,0.0,0,Landon,0.0,743,False,,,45,611912.jpg,0.0,False,Emenalo,0.0,False,,a,7,8,0,1276,24,1121,39,0.0,0.0,Emenalo,241.0,2025-04-01,2008-01-18,False,p611912,0,0,0,0,0,0,0,0,0,0,0,0,0,0.0,0.0,0.0,0.0,0,0,0,0,0,0.00,0.00,0.00,0.00,,,,,,,[],728,305,723,305,705,299,727,304,0.0,0.0,0.0,0.0,0.0,0.0,494,305,680,275,728,305,719,305,0.0,0.0,0.0,0,Chelsea,3,1180,1190,1140,1160,1220,1220,7,19,2,3,True,West Ham,24,1882.60693359,Chelsea,West Ham,,,,0.06466416353775553
168,True,True,100.0,100.0,556637,0,0,0,0,0,3,0.0,0.0,0,Nehemiah,0.0,744,False,,,45,556637.jpg,1.0,False,Oriola,0.0,False,,a,6,36,1,2356,29,1611,42,0.0,0.2,Oriola,241.0,2025-10-17,2007-06-11,False,p556637,1,0,0,0,0,0,0,0,0,0,0,0,3,0.0,0.0,0.0,0.0,0,0,0,0,0,0.00,0.00,0.00,0.00,,,,,,,[],704,287,700,288,680,280,704,287,0.0,0.0,0.0,0.0,0.0,0.0,465,283,657,258,457,207,706,299,0.0,0.0,0.0,0,Brighton,3,1150,1160,1090,1110,1210,1210,6,9,2,3,True,Everton,24,1838.91809082,Brighton,Everton,,,,0.18779934459289135
500,True,True,100.0,100.0,640419,0,0,0,0,0,2,-0.5,0.0,0,Jun'ai,0.0,745,False,,,40,640419.jpg,0.0,False,Byfield,0.0,False,,a,18,6,0,1534,48,1448,69,0.0,0.0,Byfield,241.0,2025-07-25,2008-12-06,False,p640419,0,0,0,0,0,0,0,0,0,0,0,0,0,0.0,0.0,0.0,0.0,0,0,0,0,0,0.00,0.00,0.00,0.00,,,,,,,[],604,240,597,240,563,235,604,239,0.0,0.0,0.0,0.0,0.0,0.0,721,205,538,225,613,240,639,223,0.0,0.0,0.0,0,Spurs,3,1165,1175,1130,1150,1200,1200,18,13,4,3,True,Man City,24,1803.93261719,Spurs,Man City,,,,0.028839704896042925
331,True,True,100.0,100.0,596042,0,0,0,0,0,3,0.5,0.5,0,Kieran,0.0,746,False,,,45,596042.jpg,0.0,False,Morrison,0.0,False,,a,12,14,0,853,19,630,26,0.0,0.0,Morrison,242.0,2025-01-29,2006-11-09,False,p596042,0,0,0,0,0,0,0,0,0,0,0,0,0,0.0,0.0,0.0,0.0,0,0,0,0,0,0.00,0.00,0.00,0.00,,,,,,,[],721,299,716,299,698,293,720,298,0.0,0.0,0.0,0.0,0.0,0.0,485,298,673,269,722,300,734,313,0.0,0.0,0.0,0,Liverpool,4,1230,1265,1170,1210,1290,1320,12,15,3,4,True,Newcastle,24,1940.71777344,Liverpool,Newcastle,,,,0.15037086985839515
523,True,True,100.0,100.0,602903,0,0,0,0,0,2,0.5,0.5,0,Ezra,0.5,747,False,,,40,602903.jpg,1.0,False,Mayers,0.0,False,,a,19,21,5,1998,62,1434,88,0.1,1.2,Mayers,241.0,2024-11-29,2007-01-16,False,p602903,112,0,0,0,3,0,0,0,0,0,0,0,15,21.2,33.8,9.0,6.4,5,6,0,5,0,0.12,0.44,0.56,2.80,,,,,,,[],425,161,344,120,385,141,419,153,0.1,0.0,0.35,0.45,2.25,2.41,713,197,317,115,437,162,648,226,0.0,0.0,4.02,0,West Ham,3,1075,1075,1050,1050,1100,1100,7,19,2,3,False,Chelsea,24,1699.84399414,Chelsea,West Ham,,,,0.16433566433566432
553,True,True,100.0,100.0,647671,0,0,0,0,1,4,5.4,4.9,2,Mateus,5.4,749,False,,,45,647671.jpg,3.2,False,Mané,1.5,False,,a,20,39,38,241551,56351,58626,15643,1.2,8.4,Mané,241.0,2025-02-24,2007-09-16,False,p647671,626,2,2,2,10,0,0,0,0,0,0,6,141,147.0,121.0,120.0,38.7,10,20,10,40,6,0.73,0.75,1.48,8.32,,,,,,,[],271,25,193,17,187,41,256,29,0.1,0.0,0.11,0.21,1.2,1.44,503,73,21,5,149,12,151,24,0.86,0.29,5.75,192968,Wolves,3,1070,1085,1050,1050,1090,1120,20,4,3,2,True,Bournemouth,24,1666.98193359,Wolves,Bournemouth,,,,0.609390459628819
501,True,True,100.0,100.0,499716,0,0,0,0,0,2,-0.5,0.0,0,James,0.0,750,False,,,40,499716.jpg,0.0,False,Rowswell,0.0,False,,a,18,6,0,1234,62,1034,60,0.0,0.0,Rowswell,241.0,2025-07-25,2006-07-13,False,p499716,0,0,0,0,0,0,0,0,0,0,0,0,0,0.0,0.0,0.0,0.0,0,0,0,0,0,0.00,0.00,0.00,0.00,,,,,,,[],575,217,568,217,533,211,575,216,0.0,0.0,0.0,0.0,0.0,0.0,686,176,507,200,584,217,657,228,0.0,0.0,0.0,0,Spurs,3,1165,1175,1130,1150,1200,1200,18,13,4,3,True,Man City,24,1803.93261719,Spurs,Man City,,,,0.08818342151675485
524,True,True,100.0,100.0,643473,0,0,0,0,0,2,0.0,0.0,0,Airidas,0.0,752,False,,,40,643473.jpg,0.0,False,Golambeckis,0.0,False,,a,19,21,0,1338,71,1180,79,0.0,0.0,Golambeckis,241.0,2025-07-23,2007-11-04,False,p643473,0,0,0,0,0,0,0,0,0,0,0,0,0,0.0,0.0,0.0,0.0,0,0,0,0,0,0.00,0.00,0.00,0.00,,,,,,,[],606,242,599,242,566,238,607,242,0.0,0.0,0.0,0.0,0.0,0.0,724,208,540,227,615,242,662,230,0.0,0.0,0.0,0,West Ham,3,1075,1075,1050,1050,1100,1100,7,19,2,3,False,Chelsea,24,1699.84399414,Chelsea,West Ham,,,,0.06274821286735505
421,True,True,100.0,100.0,19236,0,0,0,0,0,1,-0.5,0.0,0,John,0.0,753,False,,,40,19236.jpg,0.0,False,Ruddy,0.0,False,,a,15,4,0,1200,38,663,37,0.0,0.0,Ruddy,241.0,2024-07-01,1986-10-24,False,p19236,0,0,0,0,0,0,0,0,0,0,0,0,0,0.0,0.0,0.0,0.0,0,0,0,0,0,0.00,0.00,0.00,0.00,,,,,,,[],545,59,536,46,500,31,545,59,0.0,0.0,0.0,0.0,0.0,0.0,649,39,476,53,554,59,698,81,0.0,0.0,0.0,0,Newcastle,3,1160,1220,1170,1180,1150,1260,12,15,3,4,False,Liverpool,24,1876.20507812,Liverpool,Newcastle,,,,0.2882447665056361
56,True,True,100.0,100.0,577285,0,0,0,0,0,3,0.4,0.4,0,George,0.4,754,False,,,45,577285.jpg,1.0,False,Hemmings,0.0,False,,a,2,7,2,685,31,410,33,0.1,0.4,George Hemmings,241.0,2025-08-05,2007-03-04,False,p577285,25,0,0,0,0,0,0,0,0,0,0,0,5,0.0,1.7,2.0,0.3,0,1,0,1,0,0.04,0.01,0.05,0.61,,,,,,,[],714,293,441,213,429,212,480,221,0.14,0.0,0.04,0.18,2.2,0.0,478,292,344,151,461,211,751,324,0.0,0.0,3.6,0,Aston Villa,3,1145,1185,1150,1170,1140,1200,2,5,3,3,True,Brentford,24,1923.92321777,Aston Villa,Brentford,,,,0.2511415525114155
392,True,True,100.0,100.0,576628,0,0,0,0,0,3,0.2,-0.8,0,Shea,0.2,755,False,,2026-01-11T22:30:11.118984Z,45,576628.jpg,1.0,False,Lacey,0.0,False,,a,14,1,2,2703,117,1522,219,0.0,0.4,Lacey,241.0,2025-05-26,2007-04-14,False,p576628,12,0,0,0,0,0,0,0,0,0,0,0,8,4.0,1.5,11.0,1.5,0,0,1,1,0,0.07,0.00,0.07,0.11,,,,,,,[],459,210,444,215,377,190,457,209,0.52,0.0,0.0,0.52,0.82,0.0,476,291,386,177,460,210,702,296,0.0,0.0,7.5,0,Man Utd,3,1135,1205,1100,1150,1170,1260,14,10,2,3,True,Fulham,24,1824.42858887,Man Utd,Fulham,,,,0.2795266272189349
111,True,True,100.0,100.0,678552,0,0,0,0,0,3,0.0,-0.5,0,Malcom,0.0,756,False,,,45,678552.jpg,0.0,False,DaCosta,0.0,False,,a,4,91,0,1267,24,782,41,0.0,0.0,DaCosta,62.0,2025-12-01,2008-04-17,False,p678552,0,0,0,0,0,0,0,0,0,0,0,0,0,0.0,0.0,0.0,0.0,0,0,0,0,0,0.00,0.00,0.00,0.00,,,,,,,[],738,313,733,313,716,308,737,312,0.0,0.0,0.0,0.0,0.0,0.0,509,315,690,283,738,313,738,315,0.0,0.0,0.0,0,Bournemouth,3,1150,1220,1100,1240,1200,1200,20,4,3,2,False,Wolves,24,1799.17553711,Wolves,Bournemouth,,,,0.23670082967301123
57,True,True,100.0,100.0,516875,0,0,0,0,0,1,0.0,0.0,0,Ronnie,0.0,757,False,,,40,516875.jpg,0.0,False,Hollingshead,0.0,False,,a,2,7,0,986,39,585,36,0.0,0.0,Hollingshead,244.0,2025-12-02,2004-09-09,False,p516875,0,0,0,0,0,0,0,0,0,0,0,0,0,0.0,0.0,0.0,0.0,0,0,0,0,0,0.00,0.00,0.00,0.00,,,,,,,[],580,79,573,68,538,53,580,79,0.0,0.0,0.0,0.0,0.0,0.0,693,61,512,73,589,79,715,83,0.0,0.0,0.0,0,Aston Villa,3,1145,1185,1150,1170,1140,1200,2,5,3,3,True,Brentford,24,1923.92321777,Aston Villa,Brentford,,,,0.2552514322087842
525,True,True,100.0,100.0,630699,0,0,0,0,0,3,0.0,0.0,0,Mohamadou,0.0,758,False,,,45,630699.jpg,1.0,False,Kanté,0.0,False,,a,19,21,3,1301,42,739,59,0.0,0.7,Mohamadou Kanté,73.0,2024-08-22,2005-09-20,False,p630699,16,0,0,0,0,0,0,0,0,0,0,0,11,4.4,10.9,4.0,1.7,0,3,1,4,0,0.03,0.02,0.05,0.54,,,,,,,[],456,208,398,197,414,205,453,206,0.17,0.0,0.11,0.28,3.04,0.0,500,310,387,178,463,213,733,312,0.0,0.0,22.5,0,West Ham,3,1075,1075,1050,1050,1100,1100,7,19,2,3,False,Chelsea,24,1699.84399414,Chelsea,West Ham,,,,0.2754901960784314
27,True,True,100.0,100.0,616065,0,0,0,0,0,2,1.0,1.0,0,Marli,0.0,759,False,,,40,616065.jpg,0.0,False,Salmon,0.0,False,,a,1,3,0,926,40,693,40,0.0,0.0,Salmon,241.0,2025-07-22,2009-08-29,False,p616065,0,0,0,0,0,0,0,0,0,0,0,0,0,0.0,0.0,0.0,0.0,0,0,0,0,0,0.00,0.00,0.00,0.00,,,,,,,[],600,236,593,236,559,231,600,235,0.0,0.0,0.0,0.0,0.0,0.0,717,201,534,221,609,236,695,240,0.0,0.0,0.0,0,Arsenal,5,1300,1375,1340,1400,1260,1350,11,1,4,3,False,Leeds,24,2052.35058594,Leeds,Arsenal,,,,0.1439159975293391
332,True,True,100.0,100.0,519440,0,0,0,0,0,2,0.5,0.5,0,Wellity,0.0,760,False,,,40,519440.jpg,0.0,False,Lucky,0.0,False,,a,12,14,0,699,49,487,49,0.0,0.0,Lucky,200.0,2025-08-01,2006-01-12,False,p519440,0,0,0,0,0,0,0,0,0,0,0,0,0,0.0,0.0,0.0,0.0,0,0,0,0,0,0.00,0.00,0.00,0.00,,,,,,,[],583,221,576,221,541,215,583,220,0.0,0.0,0.0,0.0,0.0,0.0,696,182,515,204,592,221,709,243,0.0,0.0,0.0,0,Liverpool,4,1230,1265,1170,1210,1290,1320,12,15,3,4,True,Newcastle,24,1940.71777344,Liverpool,Newcastle,,,,0.178752107925801
169,True,True,100.0,100.0,604988,0,0,0,0,0,2,0.0,0.0,0,Freddie,0.0,761,False,,,40,604988.jpg,0.0,False,Simmonds,0.0,False,,a,6,36,0,573,27,373,42,0.0,0.0,Simmonds,241.0,2024-07-01,2008-03-09,False,p604988,0,0,0,0,0,0,0,0,0,0,0,0,0,0.0,0.0,0.0,0.0,0,0,0,0,0,0.00,0.00,0.00,0.00,,,,,,,[],598,234,591,234,557,229,598,233,0.0,0.0,0.0,0.0,0.0,0.0,714,198,532,219,607,234,727,249,0.0,0.0,0.0,0,Brighton,3,1150,1160,1090,1110,1210,1210,6,9,2,3,True,Everton,24,1838.91809082,Brighton,Everton,,,,0.21141649048625794
223,True,True,100.0,100.0,672492,0,0,0,0,0,3,0.2,0.2,0,Joél,0.2,762,False,,,45,672492.jpg,1.0,False,Drakes-Thomas,0.0,False,,a,8,31,2,477,18,222,26,0.0,0.4,Drakes-Thomas,241.0,2025-12-10,2009-06-09,False,p672492,7,0,0,0,1,0,0,0,0,0,0,0,6,1.4,1.0,0.0,0.3,0,2,1,3,0,0.00,0.00,0.00,0.73,,,,,,,[],473,219,449,217,715,307,481,222,0.0,0.0,0.0,0.0,9.39,12.86,508,314,389,179,464,214,768,333,0.0,0.0,38.57,0,Crystal Palace,3,1165,1205,1150,1150,1180,1260,16,8,3,3,False,Nott'm Forest,24,1799.60217285,Nott'm Forest,Crystal Palace,,,,0.3648068669527897
358,True,True,100.0,100.0,516234,0,0,0,0,0,3,0.5,0.5,0,Charlie,0.0,763,False,,,45,516234.jpg,0.0,False,Gray,0.0,False,,a,13,43,0,272,15,169,17,0.0,0.0,Gray,241.0,2025-12-16,2006-02-22,False,p516234,0,0,0,0,0,0,0,0,0,0,0,0,0,0.0,0.0,0.0,0.0,0,0,0,0,0,0.00,0.00,0.00,0.00,,,,,,,[],695,279,692,281,671,272,695,279,0.0,0.0,0.0,0.0,0.0,0.0,452,272,649,251,699,283,781,343,0.0,0.0,0.0,0,Man City,4,1250,1305,1210,1230,1290,1380,18,13,4,3,False,Spurs,24,1982.90136719,Spurs,Man City,,,,0.23356009070294784
359,True,True,100.0,100.0,580921,0,0,0,0,0,3,0.5,0.5,0,Reigan,0.0,764,False,,,45,580921.jpg,0.0,False,Heskey,0.0,False,,a,13,43,0,130,4,91,8,0.0,0.0,Heskey,241.0,2024-07-26,2008-01-18,False,p580921,0,0,0,0,0,0,0,0,0,0,0,0,0,0.0,0.0,0.0,0.0,0,0,0,0,0,0.00,0.00,0.00,0.00,,,,,,,[],715,294,710,294,692,288,714,293,0.0,0.0,0.0,0.0,0.0,0.0,479,293,667,264,716,295,788,347,0.0,0.0,0.0,0,Man City,4,1250,1305,1210,1230,1290,1380,18,13,4,3,False,Spurs,24,1982.90136719,Spurs,Man City,,,,0.17647058823529413
422,True,True,100.0,100.0,553746,0,0,0,0,0,2,-0.5,0.0,0,Leo,0.0,765,False,,,40,553746.jpg,0.0,False,Shahar,0.0,False,,a,15,4,0,2390,122,1175,126,0.0,0.0,Shahar,241.0,2024-08-08,2007-03-18,False,p553746,0,0,0,0,0,0,0,0,0,0,0,0,0,0.0,0.0,0.0,0.0,0,0,0,0,0,0.00,0.00,0.00,0.00,,,,,,,[],587,224,580,224,546,219,587,223,0.0,0.0,0.0,0.0,0.0,0.0,701,186,520,208,596,224,674,234,0.0,0.0,0.0,0,Newcastle,3,1160,1220,1170,1180,1150,1260,12,15,3,4,False,Liverpool,24,1876.20507812,Liverpool,Newcastle,,,,0.34081346423562414
554,True,True,100.0,100.0,601956,0,0,0,0,0,2,0.0,-0.5,0,Saheed,0.0,766,False,,,40,601956.jpg,0.0,False,Olagunju,0.0,False,,a,20,39,0,1415,196,597,152,0.0,0.0,Olagunju,241.0,2025-12-19,2007-01-07,False,p601956,0,0,0,0,0,0,0,0,0,0,0,0,0,0.0,0.0,0.0,0.0,0,0,0,0,0,0.00,0.00,0.00,0.00,,,,,,,[],597,233,590,233,556,228,597,232,0.0,0.0,0.0,0.0,0.0,0.0,712,196,531,218,606,233,689,238,0.0,0.0,0.0,0,Wolves,3,1070,1085,1050,1050,1090,1120,20,4,3,2,True,Bournemouth,24,1666.98193359,Wolves,Bournemouth,,,,0.40656063618290256
555,True,True,100.0,100.0,605319,0,0,0,0,0,3,0.0,-0.5,0,Luke,0.0,767,False,,,45,605319.jpg,0.0,False,Rawlings,0.0,False,,a,20,39,0,705,26,374,33,0.0,0.0,Rawlings,241.0,2024-07-30,2008-04-04,False,p605319,0,0,0,0,0,0,0,0,0,0,0,0,0,0.0,0.0,0.0,0.0,0,0,0,0,0,0.00,0.00,0.00,0.00,,,,,,,[],725,302,720,302,702,296,724,301,0.0,0.0,0.0,0.0,0.0,0.0,489,301,677,272,726,303,761,330,0.0,0.0,0.0,0,Wolves,3,1070,1085,1050,1050,1090,1120,20,4,3,2,True,Bournemouth,24,1666.98193359,Wolves,Bournemouth,,,,0.30676552363299353
58,True,True,100.0,100.0,664015,0,0,0,0,0,2,0.0,0.0,0,Leon,0.0,768,False,,,40,664015.jpg,0.0,False,Routh,0.0,False,,a,2,7,0,378,34,259,31,0.0,0.0,Leon Routh,241.0,2025-12-20,2007-11-30,False,p664015,0,0,0,0,0,0,0,0,0,0,0,0,0,0.0,0.0,0.0,0.0,0,0,0,0,0,0.00,0.00,0.00,0.00,,,,,,,[],607,243,600,243,567,239,608,243,0.0,0.0,0.0,0.0,0.0,0.0,725,209,541,228,616,243,725,247,0.0,0.0,0.0,0,Aston Villa,3,1145,1185,1150,1170,1140,1200,2,5,3,3,True,Brentford,24,1923.92321777,Aston Villa,Brentford,,,,0.18681318681318682
393,True,True,100.0,100.0,576620,0,0,0,0,0,3,0.2,-0.8,0,Bendito,0.2,769,False,,,45,576620.jpg,1.0,False,Mantato,0.0,False,,a,14,1,1,260,19,150,20,0.0,0.2,Bendito Mantato,241.0,2025-04-30,2008-01-25,False,p576620,15,0,0,0,0,0,0,0,0,0,0,0,3,2.2,11.7,0.0,1.4,0,0,0,0,0,0.00,0.01,0.01,0.05,,,,,,,[],468,217,395,196,690,287,459,211,0.0,0.0,0.06,0.06,0.3,0.0,475,290,385,176,459,209,780,342,0.0,0.0,0.0,0,Man Utd,3,1135,1205,1100,1150,1170,1260,14,10,2,3,True,Fulham,24,1824.42858887,Man Utd,Fulham,,,,0.2682926829268293
280,True,True,100.0,100.0,619536,0,0,0,0,0,3,0.0,0.0,0,Seth,0.0,770,False,,,45,619536.jpg,0.0,False,Ridgeon,0.0,False,,a,10,54,0,387,26,170,28,0.0,0.0,Ridgeon,241.0,2025-10-27,2008-09-12,False,p619536,0,0,0,0,0,0,0,0,0,0,0,0,0,0.0,0.0,0.0,0.0,0,0,0,0,0,0.00,0.00,0.00,0.00,,,,,,,[],731,308,726,308,708,302,730,307,0.0,0.0,0.0,0.0,0.0,0.0,497,308,683,278,731,308,773,337,0.0,0.0,0.0,0,Fulham,3,1090,1130,1080,1140,1100,1120,14,10,2,3,False,Man Utd,24,1809.49279785,Man Utd,Fulham,,,,0.3895870736086176
394,True,True,100.0,100.0,519913,0,0,0,0,0,3,0.0,-1.0,0,Tyler,0.0,771,False,,,45,519913.jpg,0.0,False,Fletcher,0.0,False,,a,14,1,0,955,33,543,70,0.0,0.0,Fletcher,243.0,2025-05-26,2007-03-19,False,p519913,0,0,0,0,0,0,0,0,0,0,0,0,0,0.0,0.0,0.0,0.0,0,0,0,0,0,0.00,0.00,0.00,0.00,,,,,,,[],696,280,693,282,672,273,696,280,0.0,0.0,0.0,0.0,0.0,0.0,453,273,650,252,700,284,756,327,0.0,0.0,0.0,0,Man Utd,3,1135,1205,1100,1150,1170,1260,14,10,2,3,True,Fulham,24,1824.42858887,Man Utd,Fulham,,,,0.2750333778371162
423,True,True,100.0,100.0,666607,0,0,0,0,0,3,-0.5,0.0,0,Sam,0.0,772,False,,,45,666607.jpg,0.0,False,Alabi,0.0,False,,a,15,4,0,202,19,105,8,0.0,0.0,Alabi,241.0,2025-11-24,2009-07-09,False,p666607,0,0,0,0,0,0,0,0,0,0,0,0,0,0.0,0.0,0.0,0.0,0,0,0,0,0,0.00,0.00,0.00,0.00,,,,,,,[],737,312,732,312,714,306,736,311,0.0,0.0,0.0,0.0,0.0,0.0,507,313,689,282,737,312,783,345,0.0,0.0,0.0,0,Newcastle,3,1160,1220,1170,1180,1150,1260,12,15,3,4,False,Liverpool,24,1876.20507812,Liverpool,Newcastle,,,,0.31596091205211724
224,True,True,100.0,100.0,643426,0,0,0,0,0,2,0.0,0.0,0,Dean,0.0,773,False,,,40,643426.jpg,0.0,False,Benamar,0.0,False,,a,8,31,0,383,30,244,36,0.0,0.0,Benamar,241.0,2025-07-31,2008-05-31,False,p643426,0,0,0,0,0,0,0,0,0,0,0,0,0,0.0,0.0,0.0,0.0,0,0,0,0,0,0.00,0.00,0.00,0.00,,,,,,,[],605,241,598,241,565,237,606,241,0.0,0.0,0.0,0.0,0.0,0.0,723,207,539,226,614,241,742,253,0.0,0.0,0.0,0,Crystal Palace,3,1165,1205,1150,1150,1180,1260,16,8,3,3,False,Nott'm Forest,24,1799.60217285,Nott'm Forest,Crystal Palace,,,,0.22169059011164274
479,True,True,100.0,100.0,232356,0,0,0,0,0,2,0.0,0.0,0,Jenson,0.0,774,False,,,40,232356.jpg,0.0,False,Jones,0.0,False,,a,17,56,0,612,67,227,61,0.0,0.0,Jenson Jones,241.0,2025-08-24,2006-06-26,False,p232356,0,0,0,0,0,0,0,0,0,0,0,0,0,0.0,0.0,0.0,0.0,0,0,0,0,0,0.00,0.00,0.00,0.00,,,,,,,[],557,210,550,210,515,204,557,209,0.0,0.0,0.0,0.0,0.0,0.0,665,166,488,192,566,210,730,250,0.0,0.0,0.0,0,Sunderland,3,1100,1145,1100,1120,1100,1170,17,3,2,3,True,Burnley,24,1680.29211426,Sunderland,Burnley,,,,0.45887961859356374
89,True,True,100.0,100.0,647960,0,0,0,0,0,3,0.0,0.0,0,Oliver,0.0,776,False,,,45,647960.jpg,0.0,False,Pimlott,0.0,False,,a,3,90,0,162,17,86,14,0.0,0.0,Pimlott,241.0,2025-08-25,2007-04-07,False,p647960,0,0,0,0,0,0,0,0,0,0,0,0,0,0.0,0.0,0.0,0.0,0,0,0,0,0,0.00,0.00,0.00,0.00,,,,,,,[],735,310,730,310,712,304,734,309,0.0,0.0,0.0,0.0,0.0,0.0,504,311,687,280,735,310,793,350,0.0,0.0,0.0,0,Burnley,3,1055,1095,1010,1090,1100,1100,17,3,2,3,False,Sunderland,24,1687.70825195,Sunderland,Burnley,,,,0.3064516129032258
556,True,True,100.0,100.0,514362,0,0,0,0,0,3,0.0,-0.5,0,Temple,0.0,777,False,,,45,514362.jpg,0.0,False,Ojinnaka,0.0,False,,a,20,39,0,358,43,124,36,0.0,0.0,Ojinnaka,106.0,2024-04-19,2005-03-30,False,p514362,0,0,0,0,0,0,0,0,0,0,0,0,0,0.0,0.0,0.0,0.0,0,0,0,0,0,0.00,0.00,0.00,0.00,,,,,,,[],693,277,690,279,669,270,693,277,0.0,0.0,0.0,0.0,0.0,0.0,450,270,647,249,697,281,776,339,0.0,0.0,0.0,0,Wolves,3,1070,1085,1050,1050,1090,1120,20,4,3,2,True,Bournemouth,24,1666.98193359,Wolves,Bournemouth,,,,0.4854771784232365
557,True,True,100.0,100.0,589121,0,0,0,0,0,3,0.0,-0.5,0,Ethan,0.0,778,False,,,45,589121.jpg,0.0,False,Sutherland,0.0,False,,a,20,39,0,830,128,283,56,0.0,0.0,Sutherland,243.0,2025-12-29,2006-04-25,False,p589121,0,0,0,0,0,0,0,0,0,0,0,0,0,0.0,0.0,0.0,0.0,0,0,0,0,0,0.00,0.00,0.00,0.00,,,,,,,[],717,296,712,296,694,290,716,295,0.0,0.0,0.0,0.0,0.0,0.0,481,295,669,266,718,297,746,319,0.0,0.0,0.0,0,Wolves,3,1070,1085,1050,1050,1090,1120,20,4,3,2,True,Bournemouth,24,1666.98193359,Wolves,Bournemouth,,,,0.4914645103324349
256,True,True,100.0,100.0,629068,0,0,0,0,0,4,0.0,0.0,0,Braiden,0.0,779,False,,,45,629068.jpg,0.0,False,Graham,0.0,False,,a,9,11,0,1413,247,512,124,0.0,0.0,Graham,242.0,2025-12-29,2007-11-07,False,p629068,0,0,0,0,0,0,0,0,0,0,0,0,0,0.0,0.0,0.0,0.0,0,0,0,0,0,0.00,0.00,0.00,0.00,,,,,,,[],733,78,728,77,710,77,732,78,0.0,0.0,0.0,0.0,0.0,0.0,499,70,685,67,733,78,692,83,0.0,0.0,0.0,0,Everton,3,1100,1130,1110,1130,1090,1130,6,9,2,3,False,Brighton,24,1796.4831543,Brighton,Everton,,,,0.46805194805194805
225,True,True,100.0,100.0,631106,0,0,0,0,0,4,0.0,0.0,0,Ben,0.0,780,False,,,45,631106.jpg,0.0,False,Casey,0.0,False,,a,8,31,0,907,146,317,82,0.0,0.0,Casey,241.0,2025-12-10,2008-02-04,False,p631106,0,0,0,0,0,0,0,0,0,0,0,0,0,0.0,0.0,0.0,0.0,0,0,0,0,0,0.00,0.00,0.00,0.00,,,,,,,[],734,79,729,78,711,78,733,79,0.0,0.0,0.0,0.0,0.0,0.0,501,71,686,68,734,79,720,86,0.0,0.0,0.0,0,Crystal Palace,3,1165,1205,1150,1150,1180,1260,16,8,3,3,False,Nott'm Forest,24,1799.60217285,Nott'm Forest,Crystal Palace,,,,0.4820261437908497
59,True,True,100.0,100.0,618027,0,0,0,0,0,2,0.0,0.0,0,TJ,0.0,781,False,,,40,618027.jpg,0.0,False,Carroll,0.0,False,,a,2,7,0,243,33,103,33,0.0,0.0,Carroll,241.0,2026-01-02,2006-10-19,False,p618027,0,0,0,0,0,0,0,0,0,0,0,0,0,0.0,0.0,0.0,0.0,0,0,0,0,0,0.00,0.00,0.00,0.00,,,,,,,[],602,238,595,238,561,233,602,237,0.0,0.0,0.0,0.0,0.0,0.0,719,203,536,223,611,238,753,256,0.0,0.0,0.0,0,Aston Villa,3,1145,1185,1150,1170,1140,1200,2,5,3,3,True,Brentford,24,1923.92321777,Aston Villa,Brentford,,,,0.4046242774566474
112,True,True,100.0,100.0,40383,0,0,0,0,0,1,0.0,-0.5,0,Fraser,0.0,782,False,,,40,40383.jpg,0.0,False,Forster,0.0,False,,a,4,91,0,1200,196,257,72,0.0,0.0,Forster,241.0,2026-01-02,1988-03-17,False,p40383,0,0,0,0,0,0,0,0,0,0,0,0,0,0.0,0.0,0.0,0.0,0,0,0,0,0,0.00,0.00,0.00,0.00,,,,,,,[],546,60,537,47,501,32,546,60,0.0,0.0,0.0,0.0,0.0,0.0,650,40,477,54,555,60,712,82,0.0,0.0,0.0,0,Bournemouth,3,1150,1220,1100,1240,1200,1200,20,4,3,2,False,Wolves,24,1799.17553711,Wolves,Bournemouth,,,,0.6472203157172272
170,True,True,100.0,100.0,60307,0,0,0,0,0,3,1.8,1.8,2,Pascal,1.8,783,False,,,55,60307.jpg,1.8,False,Groß,0.0,False,,a,6,36,7,6237,702,1529,534,0.3,1.3,Groß,80.0,2026-01-02,1991-06-15,False,p60307,286,0,0,0,3,0,0,0,1,0,0,1,51,50.0,143.1,37.0,22.8,9,11,3,23,3,0.24,0.75,0.99,4.94,,,,,,,[],388,170,169,115,317,166,329,160,0.08,0.0,0.24,0.32,1.55,0.94,135,82,227,98,357,157,610,235,0.94,0.0,7.24,0,Brighton,3,1150,1160,1090,1110,1210,1210,6,9,2,3,True,Everton,24,1838.91809082,Brighton,Everton,,,,0.6062322946175638
90,True,True,100.0,100.0,704232,0,0,0,0,0,3,0.0,0.0,0,George,0.0,784,False,,,45,704232.jpg,0.0,False,Brierley,0.0,False,,a,3,90,0,199,19,109,15,0.0,0.0,Brierley,241.0,2025-09-22,2007-11-20,False,p704232,0,0,0,0,0,0,0,0,0,0,0,0,0,0.0,0.0,0.0,0.0,0,0,0,0,0,0.00,0.00,0.00,0.00,,,,,,,[],739,314,734,314,717,309,738,313,0.0,0.0,0.0,0.0,0.0,0.0,510,316,691,284,739,314,794,351,0.0,0.0,0.0,0,Burnley,3,1055,1095,1010,1090,1100,1100,17,3,2,3,False,Sunderland,24,1687.70825195,Sunderland,Burnley,,,,0.2922077922077922
526,True,True,100.0,100.0,530335,0,0,0,0,0,4,1.2,1.2,2,Pablo Felipe,1.2,785,False,,,55,530335.jpg,1.7,False,Pereira de Jesus,0.0,False,,a,19,21,5,2833,227,1320,269,0.2,0.9,Pablo,30.0,2026-01-02,2004-01-02,False,p530335,174,0,0,0,3,0,0,0,0,0,0,0,5,8.0,28.0,21.0,5.7,2,5,6,13,2,0.34,0.03,0.37,2.71,,,,,,,[],447,50,359,44,358,52,424,52,0.18,0.0,0.02,0.2,1.4,1.55,154,39,276,34,369,41,700,84,1.03,0.0,6.72,0,West Ham,3,1075,1075,1050,1050,1100,1100,7,19,2,3,False,Chelsea,24,1699.84399414,Chelsea,West Ham,,,,0.3643149530459909
281,True,True,100.0,100.0,505079,0,0,0,0,0,1,0.0,0.0,0,Alfie,0.0,786,False,,,40,505079.jpg,0.0,False,McNally,0.0,False,,a,10,54,0,251,32,85,23,0.0,0.0,McNally,241.0,2026-01-03,2004-12-22,False,p505079,0,0,0,0,0,0,0,0,0,0,0,0,0,0.0,0.0,0.0,0.0,0,0,0,0,0,0.00,0.00,0.00,0.00,,,,,,,[],579,78,572,67,537,52,579,78,0.0,0.0,0.0,0.0,0.0,0.0,690,60,511,72,588,78,766,86,0.0,0.0,0.0,0,Fulham,3,1090,1130,1080,1140,1100,1120,14,10,2,3,False,Man Utd,24,1809.49279785,Man Utd,Fulham,,,,0.49404761904761907
305,True,True,100.0,100.0,565863,-1,1,-1,1,0,3,-1.0,0.0,0,Sam,0.0,787,False,,,44,565863.jpg,0.0,False,Chambers,0.0,False,,a,11,2,0,447,127,160,34,0.0,0.0,Chambers,243.0,2024-08-22,2007-08-18,False,p565863,0,0,0,0,0,0,0,0,0,0,0,0,0,0.0,0.0,0.0,0.0,0,0,0,0,0,0.00,0.00,0.00,0.00,,,,,,,[],658,251,654,255,629,244,659,252,0.0,0.0,0.0,0.0,0.0,0.0,550,329,608,221,665,258,772,336,0.0,0.0,0.0,0,Leeds,3,1095,1145,1080,1100,1110,1190,11,1,4,3,True,Arsenal,24,1751.14916992,Leeds,Arsenal,,,,0.4728171334431631
395,True,True,100.0,100.0,576637,0,0,0,0,0,2,0.0,-1.0,0,Godwill,0.0,788,False,,,40,576637.jpg,0.0,False,Kukonki,0.0,False,,a,14,1,0,197,31,114,22,0.0,0.0,Kukonki,241.0,2024-12-03,2008-02-06,False,p576637,0,0,0,0,0,0,0,0,0,0,0,0,0,0.0,0.0,0.0,0.0,0,0,0,0,0,0.00,0.00,0.00,0.00,,,,,,,[],590,227,583,227,549,222,590,226,0.0,0.0,0.0,0.0,0.0,0.0,705,190,524,212,599,227,763,259,0.0,0.0,0.0,0,Man Utd,3,1135,1205,1100,1150,1170,1260,14,10,2,3,True,Fulham,24,1824.42858887,Man Utd,Fulham,,,,0.26688102893890675
197,True,True,100.0,100.0,518335,0,0,0,0,0,1,0.0,0.0,0,Max,0.0,789,False,,,40,518335.jpg,0.0,False,Merrick,0.0,False,,a,7,8,0,231,27,107,19,0.0,0.0,Merrick,241.0,2024-11-07,2005-11-10,False,p518335,0,0,0,0,0,0,0,0,0,0,0,0,0,0.0,0.0,0.0,0.0,0,0,0,0,0,0.00,0.00,0.00,0.00,,,,,,,[],581,80,574,69,539,54,581,80,0.0,0.0,0.0,0.0,0.0,0.0,694,62,513,74,590,80,771,87,0.0,0.0,0.0,0,Chelsea,3,1180,1190,1140,1160,1220,1220,7,19,2,3,True,West Ham,24,1882.60693359,Chelsea,West Ham,,,,0.3668639053254438
502,True,True,100.0,100.0,611917,0,0,0,0,0,3,-0.5,0.0,0,Lucá,0.0,790,False,,,45,611917.jpg,0.0,False,Williams-Barnett,0.0,False,,a,18,6,0,235,53,81,32,0.0,0.0,Williams-Barnett,241.0,2025-07-25,2008-10-01,False,p611917,0,0,0,0,0,0,0,0,0,0,0,0,0,0.0,0.0,0.0,0.0,0,0,0,0,0,0.00,0.00,0.00,0.00,,,,,,,[],729,306,724,306,706,300,728,305,0.0,0.0,0.0,0.0,0.0,0.0,495,306,681,276,729,306,782,344,0.0,0.0,0.0,0,Spurs,3,1165,1175,1130,1150,1200,1200,18,13,4,3,True,Man City,24,1803.93261719,Spurs,Man City,,,,0.4873417721518987
527,True,True,100.0,100.0,247670,0,0,0,0,0,4,2.3,2.3,4,Valentín,2.3,791,False,,,55,247670.jpg,2.3,False,Castellanos,0.0,False,,a,19,21,7,6526,977,1392,638,0.4,1.3,Taty,10.0,2026-01-05,1998-10-03,False,p247670,254,0,1,0,4,0,0,0,2,0,0,0,11,20.0,45.1,102.0,15.7,4,7,2,13,3,1.35,0.04,1.39,3.35,,,,,,,[],430,48,324,36,214,42,363,44,0.48,0.0,0.01,0.49,1.19,1.42,144,35,183,22,285,30,603,78,1.06,0.0,4.61,0,West Ham,3,1075,1075,1050,1050,1100,1100,7,19,2,3,False,Chelsea,24,1699.84399414,Chelsea,West Ham,,,,0.6483960596110129
60,True,True,25.0,25.0,653481,0,0,0,0,0,3,0.0,0.0,0,Alysson Edward Franco,0.0,792,False,Knock - 25% chance of playing,2026-01-16T16:30:10.231142Z,50,653481.jpg,0.0,False,da Rocha dos Santos,0.0,False,,d,2,7,0,108,4,75,15,0.0,0.0,Alysson,30.0,2026-01-01,2006-05-05,False,p653481,0,0,0,0,0,0,0,0,0,0,0,0,0,0.0,0.0,0.0,0.0,0,0,0,0,0,0.00,0.00,0.00,0.00,,,,,,,[],779,342,777,342,771,340,779,342,0.0,0.0,0.0,0.0,0.0,0.0,284,175,752,327,779,342,798,355,0.0,0.0,0.0,0,Aston Villa,3,1145,1185,1150,1170,1140,1200,2,5,3,3,True,Brentford,24,1923.92321777,Aston Villa,Brentford,,,,0.18032786885245902
226,True,True,100.0,100.0,591384,0,0,0,0,0,2,0.0,0.0,0,George,0.0,793,False,,,40,591384.jpg,0.0,False,King,0.0,False,,a,8,31,0,342,81,101,43,0.0,0.0,King,241.0,2025-07-11,2007-03-20,False,p591384,0,0,0,0,0,0,0,0,0,0,0,0,0,0.0,0.0,0.0,0.0,0,0,0,0,0,0.00,0.00,0.00,0.00,,,,,,,[],596,232,589,232,555,227,596,231,0.0,0.0,0.0,0.0,0.0,0.0,711,195,530,217,605,232,752,255,0.0,0.0,0.0,0,Crystal Palace,3,1165,1205,1150,1150,1180,1260,16,8,3,3,False,Nott'm Forest,24,1799.60217285,Nott'm Forest,Crystal Palace,,,,0.5440180586907449
360,True,True,100.0,100.0,494307,-2,2,-2,2,0,2,2.2,2.2,0,Max,1.7,794,False,,,43,494307.jpg,2.5,False,Alleyne,0.0,False,,a,13,43,5,4786,61,2952,714,0.4,1.2,Alleyne,241.0,2022-12-16,2005-07-21,False,p494307,135,0,0,0,1,0,0,0,0,0,0,0,27,34.0,14.8,26.0,7.5,8,4,3,11,2,0.26,0.06,0.32,1.54,,,,,,,[],407,154,386,141,339,111,413,150,0.17,0.0,0.04,0.21,1.03,0.67,592,138,230,85,257,101,679,236,1.33,0.0,7.33,0,Man City,4,1250,1305,1210,1230,1290,1380,18,13,4,3,False,Spurs,24,1982.90136719,Spurs,Man City,,,,0.2370121478418196
171,True,True,100.0,100.0,597320,0,0,0,0,0,3,0.0,0.0,0,Harry,0.0,795,False,,,45,597320.jpg,0.0,False,Howell,0.0,False,,a,6,36,0,113,23,31,14,0.0,0.0,Howell,241.0,2025-04-11,2008-04-20,False,p597320,0,0,0,0,0,0,0,0,0,0,0,0,0,0.0,0.0,0.0,0.0,0,0,0,0,0,0.00,0.00,0.00,0.00,,,,,,,[],722,300,717,300,699,294,721,299,0.0,0.0,0.0,0.0,0.0,0.0,486,299,674,270,723,301,795,352,0.0,0.0,0.0,0,Brighton,3,1150,1160,1090,1110,1210,1210,6,9,2,3,True,Everton,24,1838.91809082,Brighton,Everton,,,,0.5694444444444444
503,True,True,100.0,100.0,232787,0,0,0,0,0,3,1.5,2.0,2,Conor,2.0,796,False,,,55,232787.jpg,2.0,False,Gallagher,0.1,False,,a,18,6,4,23077,1364,4388,2449,0.4,0.7,Gallagher,241.0,2026-01-14,2000-02-06,False,p232787,174,0,0,0,4,0,0,0,0,0,0,0,32,25.2,31.1,58.0,11.4,3,12,3,18,2,0.31,0.24,0.55,4.10,,,,,,,[],419,186,351,184,281,149,389,179,0.16,0.0,0.12,0.28,2.12,2.07,143,90,207,90,326,146,412,139,1.03,0.0,9.31,12865,Spurs,3,1165,1175,1130,1150,1200,1200,18,13,4,3,True,Man City,24,1803.93261719,Spurs,Man City,,,,0.680466047697069
141,True,True,100.0,100.0,593174,0,0,0,0,0,4,0.0,0.0,0,Kaye,0.0,797,False,,,45,593174.jpg,0.0,False,Furo,0.0,False,,a,5,94,0,287,118,59,39,0.0,0.0,Furo,21.0,2026-01-11,2007-02-06,False,p593174,0,0,0,0,0,0,0,0,0,0,0,0,0,0.0,0.0,0.0,0.0,0,0,0,0,0,0.00,0.00,0.00,0.00,,,,,,,[],720,76,715,75,697,75,719,76,0.0,0.0,0.0,0.0,0.0,0.0,484,68,672,65,721,76,767,89,0.0,0.0,0.0,0,Brentford,3,1135,1175,1100,1110,1170,1240,2,5,3,3,False,Aston Villa,24,1841.53430176,Aston Villa,Brentford,,,,0.6589595375722543
227,True,True,100.0,100.0,502988,0,0,0,0,0,2,0.0,0.0,0,Danny,0.0,798,False,,,40,502988.jpg,0.0,False,Imray,0.0,False,,a,8,31,0,81,30,13,9,0.0,0.0,Imray,241.0,2024-03-13,2003-07-27,False,p502988,0,0,0,0,0,0,0,0,0,0,0,0,0,0.0,0.0,0.0,0.0,0,0,0,0,0,0.00,0.00,0.00,0.00,,,,,,,[],578,219,571,219,536,213,578,218,0.0,0.0,0.0,0.0,0.0,0.0,689,178,510,202,587,219,785,261,0.0,0.0,0.0,0,Crystal Palace,3,1165,1205,1150,1150,1180,1260,16,8,3,3,False,Nott'm Forest,24,1799.60217285,Nott'm Forest,Crystal Palace,,,,0.723404255319149
113,True,True,100.0,100.0,658013,0,0,0,0,0,3,0.0,-0.5,0,Charlie,0.0,799,False,,,45,658013.jpg,0.0,False,Stevens,0.0,False,,a,4,91,0,90,34,17,13,0.0,0.0,Stevens,244.0,2025-01-18,2007-05-31,False,p658013,0,0,0,0,0,0,0,0,0,0,0,0,0,0.0,0.0,0.0,0.0,0,0,0,0,0,0.00,0.00,0.00,0.00,,,,,,,[],736,311,731,311,713,305,735,310,0.0,0.0,0.0,0.0,0.0,0.0,506,312,688,281,736,311,802,359,0.0,0.0,0.0,0,Bournemouth,3,1150,1220,1100,1240,1200,1200,20,4,3,2,False,Wolves,24,1799.17553711,Wolves,Bournemouth,,,,0.6822429906542056
114,True,True,100.0,100.0,614574,0,0,0,0,0,3,1.8,1.3,1,Alex,1.0,801,False,,,50,614574.jpg,1.0,False,Tóth,0.0,False,,a,4,91,1,528,195,49,40,0.2,0.2,Tóth.A,98.0,2026-01-20,2005-10-23,False,p614574,5,0,0,0,0,0,0,0,0,0,0,0,3,0.2,0.1,0.0,0.0,0,0,0,0,0,0.00,0.00,0.00,0.14,,,,,,,[],485,223,471,228,769,339,777,341,0.0,0.0,0.0,0.0,2.52,0.0,282,174,292,131,475,222,760,329,0.0,0.0,0.0,0,Bournemouth,3,1150,1220,1100,1240,1200,1200,20,4,3,2,False,Wolves,24,1799.17553711,Wolves,Bournemouth,,,,0.830155979202773
528,True,True,100.0,100.0,572702,0,0,0,0,0,3,1.8,1.8,0,Keiber,0.0,802,False,,,50,572702.jpg,0.0,False,Lamadrid,0.0,False,,a,19,21,0,78,52,13,9,0.0,0.0,Lamadrid,233.0,2026-01-22,2003-11-18,False,p572702,0,0,0,0,0,0,0,0,0,0,0,0,0,0.0,0.0,0.0,0.0,0,0,0,0,0,0.00,0.00,0.00,0.00,,,,,,,[],776,340,774,340,767,337,775,339,0.0,0.0,0.0,0.0,0.0,0.0,280,172,749,325,776,340,797,354,0.0,0.0,0.0,0,West Ham,3,1075,1075,1050,1050,1100,1100,7,19,2,3,False,Chelsea,24,1699.84399414,Chelsea,West Ham,,,,0.7142857142857143
198,True,True,100.0,100.0,499857,0,0,0,0,0,1,1.4,1.4,0,Teddy,0.0,803,False,,,40,499857.jpg,0.0,False,Sharman-Lowe,0.0,False,,a,7,8,0,18,18,4,4,0.0,0.0,Sharman-Lowe,241.0,2021-10-25,2003-03-30,False,p499857,0,0,0,0,0,0,0,0,0,0,0,0,0,0.0,0.0,0.0,0.0,0,0,0,0,0,0.00,0.00,0.00,0.00,,,,,,,[],577,77,570,66,535,51,577,77,0.0,0.0,0.0,0.0,0.0,0.0,688,59,509,71,586,77,806,93,0.0,0.0,0.0,0,Chelsea,3,1180,1190,1140,1160,1220,1220,7,19,2,3,True,West Ham,24,1882.60693359,Chelsea,West Ham,,,,0.6363636363636364
504,True,True,100.0,100.0,616221,0,0,0,0,0,2,0.9,1.4,0,João Victor,0.0,804,False,,,40,616221.jpg,0.0,False,de Souza Menezes,0.0,False,,a,18,6,0,140,140,23,23,0.0,0.0,Souza,30.0,2026-01-22,2006-06-16,False,p616221,0,0,0,0,0,0,0,0,0,0,0,0,0,0.0,0.0,0.0,0.0,0,0,0,0,0,0.00,0.00,0.00,0.00,,,,,,,[],601,237,594,237,560,232,601,236,0.0,0.0,0.0,0.0,0.0,0.0,718,202,535,222,610,237,790,262,0.0,0.0,0.0,0,Spurs,3,1165,1175,1130,1150,1200,1200,18,13,4,3,True,Man City,24,1803.93261719,Spurs,Man City,,,,0.7177914110429447
450,True,True,100.0,100.0,469130,0,0,0,0,0,4,1.9,1.9,0,Lorenzo,0.0,805,False,,,55,469130.jpg,0.0,False,Lucca,0.0,False,,a,16,17,0,409,409,42,42,0.0,0.0,Lucca,106.0,2026-01-24,2000-09-10,False,p469130,0,0,0,0,0,0,0,0,0,0,0,0,0,0.0,0.0,0.0,0.0,0,0,0,0,0,0.00,0.00,0.00,0.00,,,,,,,[],792,85,791,85,788,85,792,85,0.0,0.0,0.0,0.0,0.0,0.0,150,37,785,81,792,85,775,90,0.0,0.0,0.0,0,Nott'm Forest,3,1100,1130,1100,1110,1100,1150,16,8,3,3,True,Crystal Palace,24,1767.03259277,Nott'm Forest,Crystal Palace,,,,0.8137472283813747
115,True,True,100.0,100.0,436416,0,0,0,0,0,1,1.4,0.9,0,Christos,0.0,806,False,,,40,436416.jpg,0.0,False,Mandas,0.0,False,,a,4,91,0,49,49,3,3,0.0,0.0,Mandas,83.0,2026-01-27,2001-09-17,False,p436416,0,0,0,0,0,0,0,0,0,0,0,0,0,0.0,0.0,0.0,0.0,0,0,0,0,0,0.00,0.00,0.00,0.00,,,,,,,[],560,68,553,57,518,42,560,68,0.0,0.0,0.0,0.0,0.0,0.0,668,50,491,62,569,68,805,92,0.0,0.0,0.0,0,Bournemouth,3,1150,1220,1100,1240,1200,1200,20,4,3,2,False,Wolves,24,1799.17553711,Wolves,Bournemouth,,,,0.8846153846153846
116,True,True,100.0,100.0,499604,0,0,0,0,0,3,2.1,1.6,0,Rayan Vitor,0.0,807,False,,,55,499604.jpg,0.0,False,Simplício Rocha,0.0,False,,a,4,91,0,624,624,45,45,0.0,0.0,Rayan,30.0,2026-01-27,2006-08-03,False,p499604,0,0,0,0,0,0,0,0,0,0,0,0,0,0.0,0.0,0.0,0.0,0,0,0,0,0,0.00,0.00,0.00,0.00,,,,,,,[],795,353,794,353,791,352,795,353,0.0,0.0,0.0,0.0,0.0,0.0,153,96,788,351,795,353,757,328,0.0,0.0,0.0,0,Bournemouth,3,1150,1220,1100,1240,1200,1200,20,4,3,2,False,Wolves,24,1799.17553711,Wolves,Bournemouth,,,,0.8654708520179372
61,True,True,100.0,100.0,173879,0,0,0,0,0,4,2.1,2.1,0,Tammy,0.0,808,False,,,60,173879.jpg,0.0,False,Abraham,0.0,False,,a,2,7,0,1474,1474,95,95,0.0,0.0,Abraham,241.0,2026-01-27,1997-10-02,False,p173879,0,0,0,0,0,0,0,0,0,0,0,0,0,0.0,0.0,0.0,0.0,0,0,0,0,0,0.00,0.00,0.00,0.00,,,,,,,[],799,87,799,87,799,87,799,87,0.0,0.0,0.0,0.0,0.0,0.0,84,27,796,84,799,87,708,85,0.0,0.0,0.0,0,Aston Villa,3,1145,1185,1150,1170,1140,1200,2,5,3,3,True,Brentford,24,1923.92321777,Aston Villa,Brentford,,,,0.8789037603569152
