,assists_x,bonus,bps,clean_sheets,creativity,element,expected_assists,expected_goal_involvements,expected_goals,expected_goals_conceded,fixture,goals_conceded,goals_scored,ict_index,influence,date,minutes,mng_clean_sheets,mng_draw,mng_goals_scored,mng_loss,mng_underdog_draw,mng_underdog_win,mng_win,modified,opponent_team,own_goals,penalties_missed,penalties_saved,red_cards,round,saves,selected,starts,team_a_score,team_h_score,threat,total_points,transfers_balance,transfers_in,transfers_out,value,was_home,yellow_cards,goals,shots,xG,time,h_team,a_team,h_goals,a_goals,id,season,roster_id,xA,assists_y,key_passes,npg,npxG,xGChain,xGBuildup,player_team,team_h_difficulty,team_a_difficulty,event,xP,position,clean_sheets_1,expected_assists_1,expected_goal_involvements_1,expected_goals_1,expected_goals_conceded_1,goals_conceded_1,goals_scored_1,ict_index_1,influence_1,creativity_1,threat_1,minutes_1,own_goals_1,penalties_missed_1,penalties_saved_1,red_cards_1,yellow_cards_1,saves_1,starts_1,team_a_score_1,team_h_score_1,total_points_1,goals_1,shots_1,xG_1,xA_1,assists_x_1,assists_y_1,key_passes_1,npg_1,npxG_1,xGChain_1,xGBuildup_1,xP_1,clean_sheets_2,expected_assists_2,expected_goal_involvements_2,expected_goals_2,expected_goals_conceded_2,goals_conceded_2,goals_scored_2,ict_index_2,influence_2,creativity_2,threat_2,minutes_2,own_goals_2,penalties_missed_2,penalties_saved_2,red_cards_2,yellow_cards_2,saves_2,starts_2,team_a_score_2,team_h_score_2,total_points_2,goals_2,shots_2,xG_2,xA_2,assists_x_2,assists_y_2,key_passes_2,npg_2,npxG_2,xGChain_2,xGBuildup_2,xP_2,clean_sheets_3,expected_assists_3,expected_goal_involvements_3,expected_goals_3,expected_goals_conceded_3,goals_conceded_3,goals_scored_3,ict_index_3,influence_3,creativity_3,threat_3,minutes_3,own_goals_3,penalties_missed_3,penalties_saved_3,red_cards_3,yellow_cards_3,saves_3,starts_3,team_a_score_3,team_h_score_3,total_points_3,goals_3,shots_3,xG_3,xA_3,assists_x_3,assists_y_3,key_passes_3,npg_3,npxG_3,xGChain_3,xGBuildup_3,xP_3,clean_sheets_4,expected_assists_4,expected_goal_involvements_4,expected_goals_4,expected_goals_conceded_4,goals_conceded_4,goals_scored_4,ict_index_4,influence_4,creativity_4,threat_4,minutes_4,own_goals_4,penalties_missed_4,penalties_saved_4,red_cards_4,yellow_cards_4,saves_4,starts_4,team_a_score_4,team_h_score_4,total_points_4,goals_4,shots_4,xG_4,xA_4,assists_x_4,assists_y_4,key_passes_4,npg_4,npxG_4,xGChain_4,xGBuildup_4,xP_4,clean_sheets_5,expected_assists_5,expected_goal_involvements_5,expected_goals_5,expected_goals_conceded_5,goals_conceded_5,goals_scored_5,ict_index_5,influence_5,creativity_5,threat_5,minutes_5,own_goals_5,penalties_missed_5,penalties_saved_5,red_cards_5,yellow_cards_5,saves_5,starts_5,team_a_score_5,team_h_score_5,total_points_5,goals_5,shots_5,xG_5,xA_5,assists_x_5,assists_y_5,key_passes_5,npg_5,npxG_5,xGChain_5,xGBuildup_5,xP_5,ownership_change,percenatge_net_transfers,pts_bps,whh,whd,wha,saves_preds,xgc_preds,xG_preds,xA_preds,y_preds,cs_preds
15,0,0,28,1,15.3,517,0.18,0.18,0.0,2.28,355,0,0,2.6,10.4,2025-05-11,90,0,0,0,0,0,0,0,False,14,0,0,0,0,36,0,197011,1,2,0,0.0,5,-5088,1247,6335,3.9,False,1,0,0,0.0,90,Manchester United,West Ham,0,2,26956,2024,726590,0.0873318240046501,0,1,0,0.0,0.0582604184746742,0.0582604184746742,West Ham,2,3,36,1.8,DEF,0.0,0.1,0.1,0.0,0.77,1.0,0.0,1.8,13.0,5.3,0.0,87.0,0.0,0.0,0.0,0.0,0.0,0.0,1.0,1.0,1.0,2.0,0.0,0.0,0.0,0.0,0.0,0.0,0.0,0.0,0.0,0.42,0.42,0.5,0.0,0.05,0.05,0.0,0.61,1.0,0.0,1.85,15.8,3.05,0.0,66.0,0.0,0.0,0.0,0.0,0.0,0.0,1.0,0.5,1.0,1.5,0.0,0.0,0.0,0.0,0.0,0.0,0.0,0.0,0.0,0.21,0.21,0.75,0.0,0.03,0.03,0.0,0.87,1.0,0.0,1.6,13.87,2.3,0.0,66.67,0.0,0.0,0.0,0.0,0.0,0.0,1.0,0.67,0.67,1.67,0.0,0.0,0.0,0.0,0.0,0.0,0.0,0.0,0.0,0.17,0.17,1.73,0.25,0.2,0.2,0.0,0.75,0.75,0.0,2.8,18.1,10.07,0.0,72.5,0.0,0.0,0.0,0.0,0.0,0.0,1.0,0.5,1.0,3.5,0.0,0.0,0.0,0.29,0.0,0.0,0.5,0.0,0.0,0.29,0.14,2.3,0.4,0.16,0.16,0.0,0.84,0.6,0.0,2.58,17.72,8.28,0.0,76.0,0.0,0.0,0.0,0.0,0.0,0.0,1.0,0.6,0.8,4.0,0.0,0.0,0.0,0.23,0.0,0.0,0.4,0.0,0.0,0.39,0.27,2.14,-5148.0,-0.6710630440517014,5.0,0.499,0.264,0.237,,1.2204926587267546,3.9846503874230166e-10,0.0485658511003961,0,0.0
45,0,3,31,1,0.0,14,0.0,0.0,0.0,1.82,358,0,0,3.2,31.8,2025-05-10,90,0,0,0,0,0,0,0,False,13,0,0,0,0,36,4,156152,1,0,0,0.0,10,-4702,2784,7486,4.4,True,0,0,0,0.0,90,Southampton,Manchester City,0,0,26959,2024,725770,0.0,0,0,0,0.0,0.0,0.0,Southampton,4,1,36,3.0,GK,0.0,0.0,0.0,0.0,1.4,2.0,0.0,1.6,15.8,0.0,0.0,90.0,0.0,0.0,0.0,0.0,0.0,2.0,1.0,0.0,2.0,1.0,0.0,0.0,0.0,0.0,0.0,0.0,0.0,0.0,0.0,0.04,0.04,5.5,0.0,0.0,0.0,0.0,1.91,2.0,0.0,2.1,21.0,0.0,0.0,90.0,0.0,0.0,0.0,0.0,0.0,2.5,1.0,1.0,1.5,1.5,0.0,0.0,0.0,0.0,0.0,0.0,0.0,0.0,0.0,0.02,0.02,2.75,0.0,0.0,0.0,0.0,1.58,1.67,0.0,2.33,23.13,0.03,0.0,90.0,0.0,0.0,0.0,0.0,0.0,2.67,1.0,1.0,1.33,2.0,0.0,0.0,0.0,0.0,0.0,0.0,0.0,0.0,0.0,0.06,0.06,3.6,0.0,0.0,0.0,0.0,1.94,2.0,0.0,3.98,39.55,0.02,0.0,90.0,0.0,0.0,0.5,0.0,0.0,3.75,1.0,1.5,1.0,5.5,0.0,0.0,0.0,0.0,0.0,0.0,0.0,0.0,0.0,0.06,0.06,2.7,0.0,0.0,0.0,0.0,1.98,2.2,0.0,3.92,39.04,0.02,0.0,90.0,0.0,0.0,0.4,0.0,0.0,4.0,1.0,1.4,1.4,4.8,0.0,0.0,0.0,0.0,0.0,0.0,0.0,0.0,0.0,0.12,0.12,2.4,-4915.0,-0.4578383641674781,7.0,0.086,0.126,0.788,4.023054266398,1.986265167793924,,,0,0.0
81,1,3,36,1,23.8,388,0.22,0.22,0.0,2.28,355,0,0,6.3,33.4,2025-05-11,90,0,0,0,0,0,0,0,False,14,0,0,0,0,36,0,557174,1,2,0,6.0,12,-4862,13241,18103,4.4,False,0,0,0,0.0,90,Manchester United,West Ham,0,2,26956,2024,726594,0.5311180949211121,1,2,0,0.0,0.5311180949211121,0.0582604184746742,West Ham,2,3,36,5.0,DEF,0.0,0.07,0.11,0.04,0.77,1.0,0.0,5.8,30.4,16.8,11.0,90.0,0.0,0.0,0.0,0.0,0.0,0.0,1.0,1.0,1.0,7.0,0.0,1.0,0.05,0.4,1.0,1.0,1.0,0.0,0.05,0.46,0.4,2.2,0.0,0.07,0.16,0.09,1.04,2.0,0.0,5.95,23.1,20.5,16.0,90.0,0.0,0.0,0.0,0.0,0.0,0.0,1.0,1.5,2.0,4.0,0.0,1.5,0.1,0.28,0.5,0.5,1.5,0.0,0.1,0.75,0.65,1.1,0.0,0.09,0.15,0.06,1.29,2.0,0.0,5.8,24.73,22.13,11.33,90.0,0.0,0.0,0.0,0.0,0.0,0.0,1.0,1.33,2.0,3.0,0.0,1.0,0.06,0.29,0.33,0.33,1.67,0.0,0.06,0.62,0.45,0.73,0.0,0.07,0.12,0.05,1.5,2.0,0.0,4.85,22.4,17.3,9.0,90.0,0.0,0.0,0.0,0.0,0.0,0.0,1.0,1.5,2.0,2.5,0.0,0.75,0.05,0.22,0.25,0.25,1.25,0.0,0.05,0.54,0.41,0.85,0.0,0.09,0.12,0.04,1.43,1.8,0.0,5.0,24.72,17.4,8.0,90.0,0.0,0.0,0.0,0.0,0.0,0.0,1.0,1.2,1.8,2.4,0.0,0.6,0.04,0.19,0.2,0.2,1.2,0.0,0.04,0.58,0.46,1.08,-5150.0,-0.1551174068402246,9.0,0.499,0.264,0.237,,1.6271799210730773,0.0088318664434601,0.1156440434229004,0,0.0
114,1,0,18,0,11.8,217,0.02,0.02,0.0,0.64,352,1,0,3.4,20.0,2025-05-10,60,0,0,0,0,0,0,0,False,9,0,0,0,0,36,0,57157,1,3,1,2.0,5,-12383,2876,15259,5.1,False,0,0,0,0.0,64,Fulham,Everton,1,3,26953,2024,725733,0.0194629020988941,1,1,0,0.0,0.1202024742960929,0.1007395684719085,Everton,3,3,36,2.2,MID,0.0,0.01,0.17,0.16,0.88,1.0,0.0,1.7,6.4,2.4,8.0,90.0,0.0,0.0,0.0,0.0,0.0,0.0,1.0,0.0,1.0,2.0,0.0,1.0,0.42,0.0,0.0,0.0,0.0,0.0,0.42,0.76,0.34,0.0,0.0,0.02,0.17,0.16,1.46,1.5,0.0,3.05,7.9,2.4,20.0,90.0,0.0,0.0,0.0,0.0,0.0,0.0,1.0,1.0,0.5,2.0,0.0,1.5,0.27,0.0,0.0,0.0,0.0,0.0,0.27,0.46,0.23,1.75,0.33,0.04,0.25,0.21,1.15,1.0,0.33,5.23,18.87,11.37,22.0,90.0,0.0,0.0,0.0,0.0,0.33,0.0,1.0,1.0,0.33,4.67,0.33,1.67,0.3,0.06,0.0,0.0,0.67,0.33,0.3,0.55,0.26,1.17,0.25,0.03,0.2,0.17,1.31,1.0,0.25,4.58,15.75,8.65,21.25,90.0,0.0,0.0,0.0,0.0,0.25,0.0,1.0,1.0,0.5,4.0,0.25,1.5,0.24,0.05,0.0,0.0,0.5,0.25,0.24,0.43,0.19,1.25,0.2,0.03,0.16,0.14,1.34,1.0,0.2,4.42,16.44,9.14,18.6,89.0,0.0,0.0,0.0,0.0,0.2,0.0,1.0,0.8,0.6,3.6,0.2,1.2,0.19,0.11,0.0,0.0,0.6,0.2,0.19,0.42,0.16,1.2,14874.0,-0.6828232699200442,5.0,0.516,0.276,0.209,,,0.0012378310998548,0.0863190774349529,1,0.0
184,0,0,-4,0,1.8,81,0.01,0.01,0.0,0.98,351,1,0,0.2,0.2,2025-05-10,69,0,0,0,0,0,0,0,False,2,0,0,0,0,36,0,14933,1,1,0,0.0,1,-125,156,281,4.4,True,1,0,0,0.0,78,Bournemouth,Aston Villa,0,1,26955,2024,725991,0.0,0,0,0,0.0,0.0520547851920127,0.0520547851920127,Bournemouth,3,3,36,2.0,DEF,0.0,0.14,0.14,0.0,2.52,1.0,0.0,4.2,19.2,22.6,0.0,90.0,0.0,0.0,0.0,0.0,1.0,0.0,1.0,1.0,1.0,1.0,0.0,0.0,0.0,0.09,0.0,0.0,1.0,0.0,0.0,0.29,0.2,0.0,0.5,0.11,0.13,0.02,1.44,0.5,0.0,3.95,12.9,20.7,6.0,86.5,0.0,0.0,0.0,0.0,0.5,0.0,1.0,0.5,0.5,3.5,0.0,1.0,0.03,0.08,0.0,0.0,1.0,0.0,0.03,0.24,0.18,1.75,0.67,0.07,0.09,0.02,1.32,0.33,0.0,3.2,13.87,14.23,4.0,87.67,0.0,0.0,0.0,0.0,0.33,0.0,1.0,0.33,0.67,4.33,0.0,0.67,0.02,0.05,0.0,0.0,0.67,0.0,0.02,0.19,0.15,1.17,0.5,0.06,0.07,0.01,1.08,0.5,0.0,2.62,10.4,13.38,3.0,82.25,0.0,0.0,0.0,0.0,0.5,0.0,1.0,0.75,1.0,3.5,0.0,0.5,0.01,0.05,0.0,0.0,0.75,0.0,0.01,0.15,0.12,1.18,0.4,0.05,0.06,0.01,1.02,0.6,0.0,2.64,10.84,13.66,2.4,74.8,0.0,0.0,0.0,0.0,0.4,0.0,1.0,1.0,1.0,3.0,0.0,0.4,0.01,0.05,0.0,0.0,0.8,0.0,0.01,0.14,0.12,1.1,-1171.0,-0.2860411899313501,1.0,0.394,0.263,0.344,,0.4806283785680358,0.0002033467254118,-4.954303457438414e-05,0,0.0
198,0,2,29,1,0.7,147,0.01,0.01,0.0,0.91,360,0,0,1.7,16.4,2025-05-10,90,0,0,0,0,0,0,0,False,20,0,0,0,0,36,0,8969,1,2,0,0.0,8,-70,37,107,4.3,False,0,0,0,0.0,90,Wolverhampton Wanderers,Brighton,0,2,26961,2024,725820,0.0,0,0,0,0.0,0.0521191656589508,0.0521191656589508,Brighton,3,3,36,2.0,DEF,0.0,0.08,0.08,0.0,1.72,2.0,0.0,3.0,13.8,10.3,6.0,90.0,0.0,0.0,0.0,0.0,0.0,0.0,1.0,2.0,2.0,1.0,0.0,0.0,0.0,0.26,0.0,0.0,1.0,0.0,0.0,0.44,0.44,2.3,0.0,0.06,0.05,0.0,1.31,1.5,0.0,3.25,16.8,11.75,4.0,90.0,0.0,0.0,0.0,0.0,0.0,0.0,1.0,1.5,2.0,1.5,0.0,0.0,0.0,0.15,0.0,0.0,1.0,0.0,0.0,0.55,0.55,3.15,0.0,0.04,0.04,0.0,1.36,1.33,0.0,3.43,19.33,11.57,3.33,90.0,0.0,0.0,0.0,0.0,0.0,0.0,1.0,1.33,2.0,1.67,0.0,0.0,0.0,0.13,0.0,0.0,1.0,0.0,0.0,0.42,0.4,3.5,0.25,0.04,0.04,0.0,1.05,1.0,0.0,3.15,20.05,8.98,2.5,90.0,0.0,0.0,0.0,0.0,0.0,0.0,1.0,2.0,1.5,2.75,0.0,0.0,0.0,0.1,0.0,0.0,0.75,0.0,0.0,0.73,0.71,3.55,0.4,0.03,0.03,0.0,0.95,0.8,0.0,3.14,22.12,7.3,2.0,90.0,0.0,0.0,0.0,0.0,0.0,0.0,1.0,1.6,1.8,3.4,0.0,0.0,0.0,0.08,0.0,0.0,0.6,0.0,0.0,0.73,0.72,3.2,-5202.0,-0.4861111111111111,6.0,0.351,0.271,0.379,,1.292868711863686,3.9846503874230166e-10,1.2754949234583537e-06,0,0.0
254,0,0,5,0,14.7,239,0.03,0.03,0.0,0.3,352,2,0,2.0,4.8,2025-05-10,27,0,0,0,0,0,0,0,False,8,0,0,0,0,36,0,163211,0,3,1,0.0,1,-80,3306,3386,4.5,True,0,0,0,0.0,24,Fulham,Everton,1,3,26953,2024,725721,0.0291998703032732,0,1,0,0.0,0.0291998703032732,0.0,Fulham,3,3,36,1.8,MID,0.0,0.1,0.16,0.06,0.54,0.0,0.0,2.4,4.0,14.3,6.0,23.0,0.0,0.0,0.0,0.0,1.0,0.0,0.0,0.0,1.0,0.0,0.0,1.0,0.07,0.03,0.0,0.0,1.0,0.0,0.07,0.1,0.0,1.8,0.0,0.24,0.28,0.05,0.39,0.0,0.0,5.95,18.2,34.3,7.0,34.0,0.0,0.0,0.0,0.0,0.5,0.0,0.0,1.0,1.0,2.5,0.0,1.0,0.05,0.37,0.5,0.5,2.5,0.0,0.05,0.43,0.22,0.9,0.0,0.16,0.19,0.03,0.3,0.33,0.0,4.4,12.87,26.47,4.67,24.67,0.0,0.0,0.0,0.0,0.33,0.0,0.0,1.33,1.0,2.0,0.0,0.67,0.04,0.25,0.33,0.33,2.0,0.0,0.04,0.3,0.15,1.0,0.0,0.12,0.15,0.03,0.22,0.25,0.0,3.58,10.95,20.72,4.0,26.75,0.0,0.0,0.0,0.0,0.25,0.0,0.0,1.0,1.0,1.75,0.0,0.5,0.03,0.19,0.25,0.25,1.5,0.0,0.03,0.22,0.11,0.75,0.0,0.1,0.12,0.02,0.2,0.2,0.0,2.86,8.8,16.6,3.2,23.0,0.0,0.0,0.0,0.0,0.2,0.0,0.0,1.2,1.4,1.6,0.0,0.4,0.02,0.15,0.2,0.2,1.2,0.0,0.02,0.18,0.09,0.66,32.0,-0.0119545726240286,1.0,0.516,0.276,0.209,,,0.001540545981983,0.0821002492846629,0,0.0
291,0,0,2,0,29.8,372,0.03,0.15,0.12,0.29,355,0,0,5.1,6.2,2025-05-11,31,0,0,0,0,0,0,0,False,19,0,0,0,0,36,0,564372,0,2,0,15.0,1,20294,24211,3917,5.9,True,0,0,1,0.2598091959953308,29,Manchester United,West Ham,0,2,26956,2024,726582,0.0368066243827343,0,2,0,0.2598091959953308,0.1813808679580688,0.163640022277832,Manchester United,2,3,36,4.2,MID,0.0,0.39,0.54,0.15,2.8,4.0,1.0,14.4,61.6,60.3,22.0,90.0,0.0,0.0,0.0,0.0,1.0,0.0,1.0,3.0,4.0,12.0,1.0,2.0,0.11,0.62,1.0,1.0,5.0,1.0,0.11,0.87,0.58,5.5,0.0,0.24,0.74,0.51,1.66,2.5,0.5,11.05,33.3,36.95,40.0,90.0,0.0,0.0,0.0,0.0,0.5,0.0,1.0,2.0,2.5,7.0,0.5,5.0,0.35,0.35,0.5,0.5,3.0,0.5,0.35,0.76,0.51,2.75,0.0,0.29,0.64,0.35,1.19,2.0,0.33,9.97,26.2,37.73,35.67,90.0,0.0,0.0,0.0,0.0,0.33,0.0,1.0,1.67,1.67,5.33,0.33,3.67,0.25,0.32,0.33,0.33,3.0,0.33,0.25,0.8,0.52,2.83,0.0,0.22,0.52,0.29,1.2,2.0,0.5,9.33,29.0,28.88,35.25,81.0,0.0,0.0,0.0,0.0,0.25,0.0,1.0,1.5,2.25,5.5,0.5,3.25,0.23,0.24,0.25,0.25,2.25,0.5,0.23,0.63,0.39,2.12,0.2,0.21,0.45,0.24,1.06,1.6,0.4,8.1,25.24,24.06,31.6,82.8,0.0,0.0,0.0,0.0,0.2,0.0,1.0,1.2,1.8,5.0,0.4,3.0,0.21,0.19,0.2,0.2,1.8,0.4,0.21,0.65,0.43,2.4,22921.0,0.7214874857792947,1.0,0.499,0.264,0.237,,,0.1001168954644511,0.1351063185845531,0,0.0
328,0,0,19,0,48.3,247,0.19,0.28,0.09,1.12,352,3,0,9.0,21.4,2025-05-10,90,0,0,0,0,0,0,0,False,8,0,0,0,0,36,0,715736,1,3,1,20.0,2,-26936,32854,59790,5.6,True,0,0,3,0.136453166604042,90,Fulham,Everton,1,3,26953,2024,725718,0.1145057752728462,0,3,0,0.136453166604042,0.8880615234375,0.6988005042076111,Fulham,3,3,36,4.2,MID,0.0,0.19,0.27,0.08,0.46,1.0,0.0,7.6,16.0,39.4,21.0,75.0,0.0,0.0,0.0,0.0,0.0,0.0,1.0,0.0,1.0,2.0,0.0,2.0,0.09,0.23,0.0,0.0,3.0,0.0,0.09,0.53,0.31,4.2,0.0,0.2,0.35,0.15,0.55,1.0,0.0,6.55,17.5,32.85,15.5,80.0,0.0,0.0,0.0,0.0,0.0,0.0,1.0,1.0,1.0,3.5,0.0,1.5,0.1,0.15,0.5,0.5,2.0,0.0,0.1,0.34,0.2,2.1,0.0,0.14,0.25,0.11,0.63,1.0,0.33,6.33,23.27,22.93,17.33,81.0,0.0,0.0,0.0,0.0,0.0,0.0,1.0,1.33,1.0,5.0,0.33,1.33,0.09,0.1,0.33,0.33,1.33,0.33,0.09,0.25,0.13,3.4,0.0,0.17,0.29,0.12,0.84,1.0,0.25,6.08,21.5,23.02,16.25,83.25,0.0,0.0,0.0,0.0,0.0,0.0,1.0,1.0,1.0,4.25,0.25,1.5,0.09,0.19,0.25,0.25,1.25,0.25,0.09,0.33,0.1,2.55,0.0,0.15,0.28,0.13,0.94,1.2,0.4,7.34,30.08,21.76,21.6,82.8,0.0,0.0,0.0,0.0,0.0,0.0,1.0,1.2,1.4,6.0,0.4,2.0,0.1,0.23,0.4,0.4,1.2,0.4,0.1,0.31,0.1,2.98,-26291.0,-0.2907473770562583,2.0,0.516,0.276,0.209,,,0.1224765721098839,0.2626478379501882,0,0.0
354,0,0,1,0,17.5,77,0.11,0.14,0.03,0.92,351,1,0,2.4,4.6,2025-05-10,45,0,0,0,0,0,0,0,False,2,0,0,0,0,36,0,3422,1,1,0,2.0,0,27,63,36,4.7,True,1,0,1,0.0170768704265356,54,Bournemouth,Aston Villa,0,1,26955,2024,725996,0.0520547851920127,0,1,0,0.0170768704265356,0.0691316574811935,0.0,Bournemouth,3,3,36,1.0,MID,0.0,0.12,0.12,0.0,0.12,0.0,0.0,2.5,7.6,15.2,2.0,25.0,0.0,0.0,0.0,0.0,0.0,0.0,0.0,2.0,1.0,1.0,0.0,0.0,0.0,0.06,0.0,0.0,1.0,0.0,0.0,0.0,0.0,0.8,0.5,0.07,0.07,0.0,0.58,0.0,0.0,2.25,6.1,14.15,2.0,48.0,0.0,0.0,0.0,0.0,0.0,0.0,0.5,1.5,1.0,2.0,0.0,0.0,0.0,0.03,0.0,0.0,1.0,0.0,0.0,0.0,0.0,0.4,0.33,0.05,0.06,0.01,0.43,0.0,0.0,1.83,5.93,9.67,2.67,47.0,0.0,0.0,0.0,0.0,0.33,0.0,0.67,1.0,0.67,1.33,0.0,0.33,0.01,0.02,0.0,0.0,0.67,0.0,0.01,0.01,0.01,0.77,0.5,0.11,0.16,0.05,0.54,0.0,0.0,2.78,7.5,13.0,7.25,51.25,0.0,0.0,0.0,0.0,0.25,0.0,0.75,0.75,0.75,1.75,0.0,1.0,0.05,0.19,0.0,0.0,1.0,0.0,0.05,0.23,0.04,0.57,0.4,0.09,0.13,0.04,0.5,0.2,0.0,2.3,6.52,10.76,5.8,54.2,0.0,0.0,0.0,0.0,0.2,0.0,0.8,1.0,1.0,1.8,0.0,0.8,0.04,0.15,0.0,0.0,0.8,0.0,0.04,0.21,0.05,0.76,44.0,0.2727272727272727,0.0,0.394,0.263,0.344,,,0.0074925873478337,0.0839692449721456,0,0.0
388,0,0,6,1,3.4,401,0.03,0.35,0.32,0.69,356,0,0,7.1,1.6,2025-05-11,90,0,0,0,0,0,0,0,False,6,0,0,0,0,36,0,6861917,1,0,2,66.0,2,-257192,39851,297043,9.6,True,0,0,4,0.3114967346191406,90,Newcastle United,Chelsea,2,0,26957,2024,726458,0.0,0,0,0,0.3114967346191406,0.2670367062091827,0.053748719394207,Newcastle United,3,4,36,5.5,FWD,0.0,0.04,0.95,0.91,0.69,1.0,1.0,9.7,38.2,35.3,23.0,90.0,0.0,0.0,0.0,0.0,0.0,0.0,1.0,1.0,1.0,9.0,1.0,2.0,0.88,0.18,0.0,0.0,3.0,0.0,0.12,0.37,0.07,6.1,0.5,0.06,1.24,1.18,0.4,0.5,1.0,8.9,33.0,21.8,34.0,83.0,0.0,0.0,0.0,0.0,0.0,0.0,1.0,0.5,2.0,7.5,1.0,4.0,1.31,0.09,0.0,0.0,1.5,0.0,0.55,0.73,0.09,3.05,0.33,0.04,0.85,0.81,0.97,1.67,0.67,7.4,23.73,18.6,31.67,80.33,0.0,0.0,0.0,0.0,0.0,0.0,1.0,0.67,2.67,5.67,0.67,3.0,0.89,0.07,0.0,0.0,1.33,0.0,0.38,0.51,0.06,3.73,0.5,0.03,0.86,0.83,1.14,1.25,0.75,7.8,26.3,14.47,37.25,78.0,0.0,0.0,0.0,0.0,0.0,0.0,1.0,0.5,3.25,5.75,0.75,3.75,1.05,0.05,0.0,0.0,1.0,0.25,0.67,0.66,0.05,2.8,0.4,0.06,0.8,0.73,0.99,1.2,0.6,7.62,25.44,14.74,36.0,77.8,0.0,0.0,0.0,0.0,0.0,0.0,1.0,0.6,3.4,5.6,0.6,3.4,0.97,0.1,0.2,0.2,1.0,0.2,0.66,0.72,0.07,2.24,-281994.0,-0.7634211354313226,2.0,0.447,0.25,0.303,,,0.5220107683903004,6.746065928098233e-10,0,
424,0,0,3,0,15.8,329,0.14,0.14,0.0,0.85,354,1,0,1.8,2.0,2025-05-11,24,0,0,0,0,0,0,0,False,1,0,0,0,0,36,0,221872,0,2,2,0.0,1,2415,9692,7277,6.2,True,0,0,0,0.0,21,Liverpool,Arsenal,2,2,26952,2024,726765,0.0791910961270332,0,1,0,0.0,0.1155791506171226,0.0363880507647991,Liverpool,5,5,36,4.5,MID,0.0,0.06,0.06,0.0,1.44,1.0,0.0,3.3,17.2,15.6,0.0,21.0,0.0,0.0,0.0,0.0,0.0,0.0,0.0,1.0,3.0,4.0,0.0,0.0,0.0,0.35,1.0,1.0,1.0,0.0,0.0,0.25,0.25,6.5,0.0,0.34,0.42,0.07,0.95,1.0,0.5,7.35,38.5,24.25,10.5,51.5,0.0,0.0,0.0,0.0,0.0,0.0,0.5,1.0,4.0,7.0,0.5,1.5,0.08,0.2,0.5,0.5,1.5,0.5,0.08,0.69,0.65,3.25,0.33,0.3,0.35,0.05,0.72,0.67,0.33,7.57,32.73,35.07,7.67,64.33,0.0,0.0,0.0,0.0,0.0,0.0,0.67,1.0,2.67,5.67,0.33,1.0,0.05,0.21,0.33,0.33,2.0,0.33,0.05,0.88,0.85,4.33,0.25,0.3,0.42,0.11,0.92,0.75,0.25,8.2,32.25,34.0,15.5,70.75,0.0,0.0,0.0,0.0,0.0,0.0,0.75,1.0,2.5,5.5,0.25,1.75,0.15,0.2,0.5,0.5,2.0,0.25,0.15,0.87,0.76,3.25,0.2,0.27,0.36,0.09,0.88,1.2,0.4,8.32,34.88,34.32,13.8,74.6,0.0,0.0,0.0,0.0,0.0,0.0,0.8,1.2,2.6,6.2,0.4,1.6,0.12,0.17,0.4,0.4,2.0,0.4,0.12,0.77,0.67,4.0,2654.0,0.14231834521775,1.0,0.474,0.263,0.263,,,0.0014398930803432,0.0685664554255427,1,0.0
463,0,0,9,0,0.0,310,0.0,0.0,0.0,2.31,354,2,0,2.8,27.8,2025-05-11,90,0,0,0,0,0,0,0,False,1,0,0,0,0,36,4,963112,1,2,2,0.0,2,-18249,6146,24395,5.5,True,0,0,0,0.0,90,Liverpool,Arsenal,2,2,26952,2024,726754,0.0,0,0,0,0.0,0.5612434148788452,0.5612434148788452,Liverpool,5,5,36,3.0,GK,0.0,0.0,0.0,0.0,3.13,3.0,0.0,3.9,39.0,0.0,0.0,90.0,0.0,0.0,0.0,0.0,0.0,5.0,1.0,1.0,3.0,2.0,0.0,0.0,0.0,0.0,0.0,0.0,0.0,0.0,0.0,0.0,0.0,4.2,0.0,0.0,0.0,0.0,1.8,2.0,0.0,2.85,28.7,0.0,0.0,90.0,0.0,0.0,0.0,0.0,0.0,3.5,1.0,1.0,4.0,2.0,0.0,0.0,0.0,0.0,0.0,0.0,0.0,0.0,0.0,0.04,0.04,2.1,0.33,0.0,0.0,0.0,1.29,1.33,0.0,2.03,20.6,0.0,0.0,90.0,0.0,0.0,0.0,0.0,0.0,2.33,1.0,1.0,2.67,3.33,0.0,0.0,0.0,0.0,0.0,0.0,0.0,0.0,0.0,0.19,0.19,2.63,0.25,0.0,0.0,0.0,1.34,1.25,0.0,2.48,24.85,0.0,0.0,90.0,0.0,0.0,0.0,0.0,0.0,2.75,1.0,1.0,2.5,3.25,0.0,0.0,0.0,0.0,0.0,0.0,0.0,0.0,0.0,0.34,0.34,1.98,0.2,0.0,0.0,0.0,1.14,1.2,0.0,2.44,24.48,0.0,0.0,90.0,0.0,0.0,0.0,0.0,0.0,2.8,1.0,1.0,2.6,3.2,0.0,0.0,0.0,0.0,0.0,0.0,0.0,0.0,0.0,0.3,0.3,2.62,-18038.0,-0.5975246390098556,2.0,0.474,0.263,0.263,3.331609210952357,1.174077029715983,,,0,0.0
490,0,1,30,1,0.0,513,0.0,0.0,0.0,2.28,355,0,0,4.4,44.0,2025-05-11,90,0,0,0,0,0,0,0,False,14,0,0,0,0,36,5,783944,1,2,0,0.0,8,-1735,12774,14509,4.2,False,0,0,0,0.0,90,Manchester United,West Ham,0,2,26956,2024,726587,0.0,0,0,0,0.0,0.085313580930233,0.085313580930233,West Ham,2,3,36,4.0,GK,0.0,0.0,0.0,0.0,0.77,1.0,0.0,1.1,11.2,0.0,0.0,90.0,0.0,0.0,0.0,0.0,0.0,1.0,1.0,1.0,1.0,2.0,0.0,0.0,0.0,0.0,0.0,0.0,0.0,0.0,0.0,0.4,0.4,2.5,0.0,0.0,0.0,0.0,1.04,2.0,0.0,2.7,26.9,0.0,0.0,90.0,0.0,0.0,0.0,0.0,0.0,3.5,1.0,1.5,2.0,2.5,0.0,0.0,0.0,0.0,0.0,0.0,0.0,0.0,0.0,0.31,0.31,1.25,0.0,0.0,0.0,0.0,0.91,1.67,0.0,2.3,23.07,0.0,0.0,90.0,0.0,0.0,0.0,0.0,0.0,3.33,1.0,1.33,1.67,2.67,0.0,0.0,0.0,0.0,0.0,0.0,0.0,0.0,0.0,0.2,0.2,1.73,0.0,0.0,0.0,0.0,1.12,1.75,0.0,2.42,24.25,0.0,0.0,90.0,0.0,0.0,0.0,0.0,0.0,3.5,1.0,1.25,1.75,2.5,0.0,0.0,0.0,0.0,0.0,0.0,0.0,0.0,0.0,0.23,0.23,1.3,0.0,0.0,0.0,0.0,1.32,1.8,0.0,2.3,22.96,0.0,0.0,90.0,0.0,0.0,0.0,0.0,0.0,3.6,1.0,1.4,1.8,2.4,0.0,0.0,0.0,0.0,0.0,0.0,0.0,0.0,0.0,0.21,0.21,1.4,-3310.0,-0.0635927134112817,7.0,0.499,0.264,0.237,5.416413046818248,1.7246719560488235,,,0,1.0
515,0,0,16,1,5.3,233,0.02,0.02,0.0,0.8,351,0,0,2.6,18.8,2025-05-10,90,0,0,0,0,0,0,0,False,3,0,0,0,0,36,0,243734,1,1,0,2.0,3,-6,786,792,4.8,False,0,0,0,0.0,90,Bournemouth,Aston Villa,0,1,26955,2024,726011,0.0,0,0,0,0.0,0.4503471255302429,0.4503471255302429,Aston Villa,3,3,36,3.0,MID,0.0,0.1,0.1,0.0,0.23,0.0,0.0,2.6,8.0,15.8,2.0,29.0,0.0,0.0,0.0,0.0,0.0,0.0,0.0,0.0,1.0,1.0,0.0,0.0,0.0,0.03,0.0,0.0,1.0,0.0,0.0,0.86,0.83,3.0,0.0,0.1,0.18,0.08,0.57,0.5,0.0,2.5,8.9,9.35,6.5,52.0,0.0,0.0,0.0,0.0,0.0,0.0,0.5,0.5,1.5,1.5,0.0,0.5,0.04,0.02,0.0,0.0,0.5,0.0,0.04,0.78,0.76,3.8,0.0,0.07,0.15,0.08,0.48,0.33,0.33,3.13,17.0,7.33,6.67,40.67,0.0,0.0,0.0,0.0,0.0,0.0,0.33,0.67,2.33,3.0,0.33,0.67,0.04,0.01,0.0,0.0,0.33,0.33,0.04,0.77,0.74,4.07,0.25,0.09,0.16,0.07,0.43,0.25,0.25,4.03,20.2,12.08,7.75,52.5,0.0,0.0,0.0,0.0,0.0,0.0,0.5,1.25,1.75,3.0,0.25,0.75,0.04,0.03,0.0,0.0,0.75,0.25,0.04,0.69,0.66,3.05,0.2,0.08,0.13,0.05,0.56,0.4,0.2,3.36,17.2,9.96,6.2,54.2,0.0,0.0,0.0,0.0,0.0,0.0,0.6,1.2,1.8,2.8,0.2,0.6,0.03,0.02,0.0,0.0,0.6,0.2,0.03,0.62,0.6,2.64,42.0,-0.0038022813688212,3.0,0.394,0.263,0.344,,,0.0075491538338319,0.0001526952835404,1,0.0
549,0,0,9,0,2.5,240,0.02,0.04,0.02,1.03,352,3,0,1.0,0.6,2025-05-10,73,0,0,0,0,0,0,0,False,8,0,0,0,0,36,0,97844,1,3,1,7.0,2,-1121,478,1599,4.9,True,0,0,1,0.0170572083443403,78,Fulham,Everton,1,3,26953,2024,725714,0.0,0,0,0,0.0170572083443403,0.1232743114233017,0.1062171012163162,Fulham,3,3,36,1.2,MID,0.0,0.15,0.21,0.06,0.39,1.0,0.0,4.0,1.6,35.7,3.0,45.0,0.0,0.0,0.0,0.0,0.0,0.0,1.0,2.0,1.0,1.0,0.0,1.0,0.04,0.14,0.0,0.0,2.0,0.0,0.04,0.17,0.13,0.0,0.0,0.17,0.23,0.06,0.64,1.5,0.0,3.3,0.8,27.35,6.0,67.5,0.0,0.0,0.0,0.0,0.0,0.0,1.0,2.0,1.0,1.5,0.0,1.5,0.06,0.09,0.0,0.0,1.5,0.0,0.06,0.1,0.06,0.75,0.0,0.18,0.23,0.04,0.92,1.33,0.0,4.43,3.53,36.23,5.33,67.67,0.0,0.0,0.0,0.0,0.0,0.0,1.0,1.33,1.0,1.67,0.0,1.0,0.04,0.16,0.0,0.0,2.33,0.0,0.04,0.12,0.06,0.5,0.0,0.21,0.26,0.05,1.0,1.5,0.0,3.9,2.8,30.2,6.5,69.5,0.0,0.0,0.0,0.0,0.0,0.0,1.0,1.5,1.5,1.75,0.0,1.25,0.06,0.26,0.0,0.0,2.0,0.0,0.06,0.35,0.14,0.8,0.0,0.18,0.22,0.04,1.03,1.4,0.0,3.82,3.48,30.0,5.2,60.2,0.0,0.0,0.0,0.0,0.2,0.0,0.8,1.4,1.6,1.4,0.0,1.0,0.05,0.21,0.0,0.0,2.0,0.0,0.05,0.42,0.25,1.08,-4902.0,-0.5397207510832932,2.0,0.516,0.276,0.209,,,0.0811480528244155,-0.0006336697814204,0,0.0
582,1,0,13,0,25.0,335,0.27,0.44,0.17,2.31,354,2,0,5.9,26.6,2025-05-11,90,0,0,0,0,0,0,0,False,1,0,0,0,0,36,0,451711,1,2,2,7.0,4,-13963,1415,15378,5.8,True,0,0,2,0.4279278814792633,90,Liverpool,Arsenal,2,2,26952,2024,726758,0.5772902369499207,1,2,0,0.4279278814792633,1.5511150360107422,0.6345691680908203,Liverpool,5,5,36,1.5,DEF,0.0,0.04,0.1,0.06,0.46,1.0,0.0,2.3,6.0,7.5,9.0,90.0,0.0,0.0,0.0,0.0,0.0,0.0,1.0,1.0,5.0,2.0,0.0,1.0,0.08,0.0,0.0,0.0,0.0,0.0,0.08,0.34,0.34,0.0,0.0,0.02,0.05,0.03,0.6,1.0,0.0,1.15,3.0,4.0,5.5,60.0,0.5,0.0,0.0,0.0,0.0,0.0,0.5,1.0,3.5,0.5,0.0,0.5,0.04,0.0,0.0,0.0,0.0,0.0,0.04,0.21,0.21,0.0,0.0,0.11,0.14,0.03,0.62,1.67,0.0,1.27,3.53,3.4,6.33,67.0,0.33,0.0,0.0,0.0,0.0,0.0,0.67,1.33,3.33,0.67,0.0,0.67,0.04,0.0,0.0,0.0,0.0,0.0,0.04,0.19,0.19,1.67,0.25,0.12,0.16,0.04,0.63,1.25,0.0,2.33,7.9,9.45,6.25,72.75,0.25,0.0,0.0,0.0,0.0,0.0,0.75,1.0,2.75,2.25,0.0,0.75,0.04,0.03,0.0,0.0,0.5,0.0,0.04,0.22,0.18,2.5,0.2,0.1,0.15,0.05,0.52,1.0,0.0,2.12,6.44,8.04,7.0,67.2,0.2,0.0,0.0,0.0,0.0,0.0,0.6,1.0,2.8,2.0,0.0,1.0,0.06,0.02,0.0,0.0,0.4,0.0,0.06,0.33,0.29,2.66,-21036.0,-0.83147740129816,4.0,0.474,0.263,0.263,,1.017979509435266,0.0381264508544945,0.1012367805995309,0,0.0
648,0,0,20,0,16.3,642,0.02,0.02,0.0,1.57,360,2,0,4.5,28.8,2025-05-10,88,0,0,0,0,0,0,0,False,5,0,0,0,0,36,0,4002,1,2,0,0.0,2,21,189,168,5.0,True,0,0,0,0.0,90,Wolverhampton Wanderers,Brighton,0,2,26961,2024,725807,0.0193725358694791,0,1,0,0.0,0.0640319660305976,0.0446594282984733,Wolverhampton Wanderers,3,3,36,2.2,MID,0.0,0.01,0.05,0.04,0.71,1.0,0.0,2.3,10.6,10.9,1.0,79.0,0.0,0.0,0.0,0.0,0.0,0.0,1.0,0.0,1.0,2.0,0.0,1.0,0.05,0.04,0.0,0.0,1.0,0.0,0.05,0.16,0.07,1.7,0.5,0.02,0.08,0.06,0.91,0.5,0.0,2.9,15.1,12.3,1.5,81.0,0.0,0.0,0.0,0.0,0.0,0.0,1.0,0.0,2.0,2.5,0.0,1.0,0.03,0.06,0.0,0.0,1.0,0.0,0.03,0.45,0.36,0.85,0.67,0.02,0.06,0.04,1.04,0.33,0.0,3.03,15.67,13.6,1.0,84.0,0.0,0.0,0.0,0.0,0.33,0.0,1.0,0.33,1.33,2.33,0.0,0.67,0.02,0.05,0.0,0.0,1.0,0.0,0.02,0.31,0.24,1.17,0.5,0.02,0.04,0.03,1.27,0.75,0.0,2.5,13.6,10.68,0.75,85.5,0.0,0.0,0.0,0.0,0.25,0.0,1.0,0.75,2.0,2.25,0.0,0.5,0.01,0.03,0.0,0.0,0.75,0.0,0.01,0.3,0.25,0.88,0.4,0.02,0.04,0.02,1.18,0.8,0.0,2.5,12.88,11.14,1.0,86.4,0.0,0.0,0.0,0.0,0.4,0.0,1.0,1.0,1.8,2.0,0.0,0.4,0.01,0.03,0.0,0.0,0.8,0.0,0.01,0.49,0.45,1.04,41.0,0.0588235294117647,2.0,0.351,0.271,0.379,,,8.242891832743737e-05,0.0941251412981261,1,1.0
696,1,2,27,0,53.0,432,0.34,0.37,0.03,1.07,357,2,0,8.9,27.8,2025-05-11,90,0,0,0,0,0,0,0,False,11,0,0,0,0,36,0,1211085,1,2,2,8.0,7,255617,284076,28459,5.5,True,0,0,1,0.0387086831033229,90,Nottingham Forest,Leicester,2,2,26958,2024,726610,0.683377742767334,1,3,0,0.0387086831033229,0.2195685803890228,0.0439150556921958,Nottingham Forest,1,4,36,4.8,MID,0.0,0.08,0.26,0.18,2.56,1.0,0.0,6.3,11.8,20.7,30.0,90.0,0.0,0.0,0.0,0.0,0.0,0.0,1.0,1.0,1.0,2.0,0.0,2.0,0.19,0.05,0.0,0.0,1.0,0.0,0.19,0.17,0.0,2.7,0.0,0.16,0.3,0.14,2.1,1.5,0.0,8.5,14.0,31.3,39.5,90.0,0.0,0.0,0.0,0.0,0.0,0.0,1.0,1.5,0.5,2.0,0.0,2.5,0.14,0.1,0.0,0.0,2.0,0.0,0.14,0.14,0.0,1.35,0.0,0.13,0.23,0.09,1.84,1.0,0.0,6.8,15.07,25.9,27.0,75.0,0.0,0.0,0.0,0.0,0.0,0.0,1.0,1.67,0.67,2.67,0.0,1.67,0.09,0.19,0.33,0.33,1.67,0.0,0.09,0.1,0.01,2.47,0.0,0.1,0.17,0.07,1.57,1.0,0.0,5.18,11.4,20.0,20.25,64.0,0.0,0.0,0.0,0.0,0.0,0.0,0.75,1.5,0.5,2.25,0.0,1.25,0.07,0.14,0.25,0.25,1.25,0.0,0.07,0.09,0.02,1.85,0.0,0.08,0.17,0.09,1.55,1.2,0.0,4.34,9.12,16.4,18.2,60.2,0.0,0.0,0.0,0.0,0.0,0.0,0.8,1.4,0.8,2.0,0.0,1.2,0.08,0.11,0.2,0.2,1.0,0.0,0.08,0.11,0.03,3.44,273268.0,0.8178827971267218,5.0,0.704,0.178,0.117,,,0.0577484240882963,0.3483425798176738,0,0.0
730,0,0,7,1,2.9,398,0.02,0.02,0.0,0.55,356,0,0,0.8,0.0,2025-05-11,64,0,0,0,0,0,0,0,False,6,0,0,0,0,36,0,898829,1,0,2,6.0,3,-19692,8780,28472,7.4,True,0,0,0,0.0,71,Newcastle United,Chelsea,2,0,26957,2024,726457,0.0,0,0,0,0.0,0.0,0.0,Newcastle United,3,4,36,1.9,MID,0.0,0.03,0.07,0.04,0.52,0.0,0.0,1.3,2.8,9.4,1.0,34.0,0.0,0.0,0.0,0.0,0.0,0.0,0.0,1.0,1.0,1.0,0.0,1.0,0.03,0.0,0.0,0.0,0.0,0.0,0.03,0.03,0.0,1.5,0.0,0.05,0.1,0.05,0.26,0.0,0.0,1.95,3.5,11.35,4.5,28.5,0.0,0.0,0.0,0.0,0.0,0.0,0.0,0.5,2.0,1.0,0.0,1.5,0.07,0.01,0.0,0.0,0.5,0.0,0.07,0.12,0.04,0.75,0.0,0.04,0.07,0.03,0.31,0.67,0.0,1.53,3.27,8.4,3.67,27.33,0.0,0.0,0.0,0.0,0.0,0.0,0.0,0.67,2.67,1.0,0.0,1.0,0.04,0.01,0.0,0.0,0.33,0.0,0.04,0.27,0.21,0.87,0.0,0.03,0.07,0.04,0.36,0.5,0.0,1.18,2.45,6.75,3.0,27.5,0.0,0.0,0.0,0.0,0.0,0.0,0.0,0.5,3.25,1.0,0.0,1.0,0.06,0.01,0.0,0.0,0.25,0.0,0.06,0.22,0.16,0.65,0.0,0.02,0.05,0.03,0.36,0.4,0.0,1.04,2.84,5.56,2.4,24.4,0.0,0.0,0.0,0.0,0.0,0.0,0.0,0.6,3.4,1.0,0.0,0.8,0.04,0.01,0.0,0.0,0.2,0.0,0.04,0.18,0.13,0.52,-19485.0,-0.5286159132395576,3.0,0.447,0.25,0.303,,,0.0518089095744829,-0.0004568825628044,0,0.0
767,0,0,5,0,19.5,78,0.07,0.2,0.13,0.98,351,1,0,6.6,5.8,2025-05-10,90,0,0,0,0,0,0,0,False,2,0,0,0,0,36,0,828729,1,1,0,41.0,2,10751,43475,32724,5.7,True,0,0,2,0.3323409259319305,90,Bournemouth,Aston Villa,0,1,26955,2024,725999,0.0170768704265356,0,1,0,0.3323409259319305,0.3494177758693695,0.0,Bournemouth,3,3,36,4.5,MID,0.0,0.06,0.06,0.0,0.12,0.0,0.0,3.0,16.2,11.6,2.0,25.0,0.0,0.0,0.0,0.0,0.0,0.0,0.0,2.0,1.0,4.0,0.0,0.0,0.0,0.31,1.0,1.0,1.0,0.0,0.0,0.31,0.0,5.5,0.5,0.04,0.13,0.09,0.77,0.0,0.5,5.0,30.4,8.55,11.0,54.5,0.0,0.0,0.0,0.0,0.0,0.0,0.5,1.5,1.0,6.5,0.5,1.0,0.1,0.16,0.5,0.5,0.5,0.5,0.1,0.3,0.04,2.75,0.67,0.06,0.16,0.1,0.64,0.0,0.33,5.37,24.67,17.47,11.33,66.33,0.0,0.0,0.0,0.0,0.0,0.0,0.67,1.0,0.67,5.33,0.33,1.67,0.12,0.15,0.33,0.33,1.33,0.33,0.12,0.32,0.07,3.57,0.75,0.06,0.16,0.11,0.74,0.0,0.5,5.93,28.15,17.65,13.25,71.75,0.0,0.0,0.0,0.0,0.0,0.0,0.75,0.75,0.75,6.5,0.5,1.5,0.12,0.13,0.25,0.25,1.25,0.5,0.12,0.29,0.06,2.68,0.6,0.06,0.18,0.12,0.73,0.4,0.4,6.1,25.72,17.2,18.0,75.4,0.0,0.0,0.0,0.0,0.0,0.0,0.8,1.0,1.0,6.4,0.4,2.2,0.13,0.12,0.4,0.2,1.2,0.4,0.13,0.3,0.07,2.84,11550.0,0.1410910904342576,2.0,0.394,0.263,0.344,,,0.230657312906104,0.0723622133056729,0,0.0
820,0,0,0,0,0.0,365,0.0,0.0,0.0,0.0,355,0,0,0.0,0.0,2025-05-11,0,0,0,0,0,0,0,0,False,19,0,0,0,0,36,0,20080,0,2,0,0.0,0,-38,0,38,5.7,True,0,0,2,0.042000625282526,33,Real Betis,Osasuna,1,1,27325,2024,727011,0.0,0,0,0,0.042000625282526,0.0399906188249588,0.0204361155629158,Real Betis,2,3,36,0.0,MID,0.0,0.0,0.0,0.0,0.0,0.0,0.0,0.0,0.0,0.0,0.0,0.0,0.0,0.0,0.0,0.0,0.0,0.0,0.0,3.0,4.0,0.0,1.0,5.0,0.16,0.0,0.0,0.0,0.0,1.0,0.16,0.33,0.17,0.0,0.0,0.0,0.0,0.0,0.0,0.0,0.0,0.0,0.0,0.0,0.0,0.0,0.0,0.0,0.0,0.0,0.0,0.0,0.0,2.0,4.0,0.0,0.5,4.0,0.15,0.35,0.0,0.0,1.5,0.5,0.15,0.89,0.39,0.0,0.0,0.0,0.0,0.0,0.0,0.0,0.0,0.0,0.0,0.0,0.0,0.0,0.0,0.0,0.0,0.0,0.0,0.0,0.0,2.33,2.67,0.0,0.33,4.33,0.16,0.39,0.0,0.0,2.67,0.33,0.16,0.98,0.5,0.0,0.0,0.0,0.0,0.0,0.0,0.0,0.0,0.0,0.0,0.0,0.0,0.0,0.0,0.0,0.0,0.0,0.0,0.0,0.0,2.0,2.25,0.0,0.25,3.5,0.13,0.46,0.0,0.0,3.25,0.25,0.13,0.77,0.39,0.0,0.0,0.0,0.0,0.0,0.0,0.0,0.0,0.0,0.0,0.0,0.0,0.0,0.0,0.0,0.0,0.0,0.0,0.0,0.0,1.6,2.0,0.0,0.4,3.6,0.14,0.4,0.0,0.2,3.4,0.4,0.14,0.75,0.4,0.0,-39.0,-1.0,,,,,,,0.0507003373672627,0.0397833204217583,0,0.0
846,0,0,8,0,3.6,489,0.01,0.01,0.0,3.39,359,2,0,0.8,4.6,2025-05-11,90,0,0,0,0,0,0,0,False,7,0,0,0,0,36,0,19962,1,2,0,0.0,2,-138,196,334,4.6,True,0,0,0,0.0,90,Tottenham,Crystal Palace,0,2,26960,2024,726640,0.0,0,0,0,0.0,0.0,0.0,Tottenham,3,3,36,1.2,MID,0.0,0.01,0.01,0.0,0.84,1.0,0.0,1.1,9.4,1.1,0.0,90.0,0.0,0.0,0.0,0.0,0.0,0.0,1.0,1.0,1.0,2.0,0.0,0.0,0.0,0.0,0.0,0.0,0.0,0.0,0.0,0.0,0.0,1.2,0.0,0.0,0.0,0.0,0.99,2.0,0.0,0.75,6.0,1.15,0.0,67.5,0.0,0.0,0.0,0.0,0.0,0.0,1.0,1.0,3.0,1.5,0.0,0.0,0.0,0.0,0.0,0.0,0.0,0.0,0.0,0.0,0.0,0.6,0.0,0.01,0.01,0.0,1.46,2.67,0.0,0.9,5.93,2.2,0.67,75.0,0.0,0.0,0.0,0.0,0.0,0.0,1.0,1.33,3.33,1.67,0.0,0.0,0.0,0.0,0.0,0.0,0.0,0.0,0.0,0.01,0.01,0.4,0.0,0.0,0.0,0.0,1.17,2.25,0.0,0.68,4.5,1.65,0.5,58.75,0.0,0.0,0.0,0.0,0.0,0.0,0.75,1.25,3.25,1.5,0.0,0.0,0.0,0.0,0.0,0.0,0.0,0.0,0.0,0.0,0.0,0.68,0.0,0.02,0.02,0.0,1.13,2.2,0.0,1.26,7.56,4.5,0.4,65.0,0.0,0.0,0.0,0.0,0.0,0.0,0.8,1.0,3.0,1.6,0.0,0.0,0.0,0.01,0.0,0.0,0.2,0.0,0.0,0.07,0.07,0.84,-99.0,-0.260377358490566,2.0,0.359,0.263,0.378,,,0.0001432787667368,-0.0001324850982362,1,0.0
908,0,0,18,0,46.0,238,0.58,0.58,0.0,0.79,352,1,0,7.6,29.8,2025-05-10,90,0,0,0,0,0,0,0,False,9,0,0,0,0,36,0,162147,1,3,1,0.0,2,-4142,1449,5591,4.2,False,0,0,0,0.0,90,Fulham,Everton,1,3,26953,2024,725726,0.6080112457275391,0,3,0,0.0,0.3682165145874023,0.1144454702734947,Everton,3,3,36,1.0,DEF,0.0,0.0,0.0,0.0,0.01,0.0,0.0,0.2,1.4,0.2,0.0,8.0,0.0,0.0,0.0,0.0,0.0,0.0,0.0,2.0,2.0,1.0,0.0,0.0,0.0,0.0,0.0,0.0,0.0,0.0,0.0,0.0,0.0,1.0,0.0,0.0,0.0,0.0,0.22,0.0,0.0,0.55,2.7,2.4,0.0,17.0,0.0,0.0,0.0,0.0,0.0,0.0,0.0,1.0,1.5,1.0,0.0,0.0,0.0,0.0,0.0,0.0,0.0,0.0,0.0,0.2,0.2,0.5,0.0,0.0,0.0,0.0,0.33,0.0,0.0,0.6,4.2,1.6,0.0,16.33,0.0,0.0,0.0,0.0,0.0,0.0,0.0,1.0,1.33,1.0,0.0,0.0,0.0,0.0,0.0,0.0,0.0,0.0,0.0,0.13,0.13,0.4,0.0,0.0,0.0,0.0,0.3,0.0,0.0,0.45,3.2,1.2,0.0,15.25,0.0,0.0,0.0,0.0,0.0,0.0,0.0,0.75,1.25,1.0,0.0,0.0,0.0,0.0,0.0,0.0,0.0,0.0,0.0,0.1,0.1,0.22,0.0,0.0,0.0,0.0,0.24,0.0,0.0,0.36,2.56,0.96,0.0,12.4,0.0,0.0,0.0,0.0,0.0,0.0,0.0,0.8,1.2,1.0,0.0,0.0,0.0,0.0,0.0,0.0,0.0,0.0,0.0,0.08,0.08,0.42,-4177.0,-0.5883522727272728,2.0,0.516,0.276,0.209,,1.3224729646138569,0.0019112461452288,0.133550369535601,0,0.0
943,0,0,8,0,2.2,282,0.01,0.01,0.0,1.41,353,1,0,0.9,7.0,2025-05-10,84,0,0,0,0,0,0,0,False,4,0,0,0,0,36,0,135477,1,1,0,0.0,2,-1617,521,2138,3.9,True,0,0,0,0.0,87,Ipswich,Brentford,0,1,26954,2024,725742,0.0,0,0,0,0.0,0.0806594491004943,0.0806594491004943,Ipswich,3,2,36,0.3,DEF,0.0,0.01,0.01,0.0,0.0,0.0,0.0,0.0,0.0,0.6,0.0,1.0,0.0,0.0,0.0,0.0,0.0,0.0,0.0,2.0,2.0,1.0,0.0,0.0,0.0,0.0,0.0,0.0,0.0,0.0,0.0,0.0,0.0,-0.2,0.0,0.0,0.0,0.0,1.27,2.0,0.0,1.5,14.6,0.8,0.0,45.5,0.0,0.0,0.0,0.0,0.0,0.0,0.5,3.0,1.0,0.5,0.0,0.0,0.0,0.0,0.0,0.0,0.0,0.0,0.0,0.0,0.0,-0.45,0.0,0.0,0.0,0.0,1.61,2.0,0.0,1.27,12.33,0.7,0.0,60.33,0.33,0.0,0.0,0.0,0.0,0.0,0.67,2.67,1.33,0.0,0.0,0.0,0.0,0.0,0.0,0.0,0.0,0.0,0.0,0.0,0.0,-0.3,0.0,0.01,0.01,0.0,1.67,1.75,0.0,1.3,12.5,0.82,0.0,65.25,0.25,0.0,0.0,0.0,0.0,0.0,0.75,2.5,1.25,0.5,0.0,0.0,0.0,0.0,0.0,0.0,0.0,0.0,0.0,0.19,0.19,0.1,0.0,0.01,0.01,0.0,1.71,1.6,0.0,1.26,12.2,0.72,0.0,70.2,0.2,0.0,0.0,0.0,0.0,0.0,0.8,2.4,1.2,0.8,0.0,0.0,0.0,0.0,0.0,0.0,0.0,0.0,0.0,0.15,0.15,0.08,-1523.0,-0.6081233546446032,2.0,0.189,0.237,0.574,,0.7555324073188969,3.9846503874230166e-10,-0.0001356107823839,0,0.0
979,0,1,28,1,0.0,146,0.0,0.0,0.0,0.91,360,0,0,2.6,26.4,2025-05-10,90,0,0,0,0,0,0,0,False,20,0,0,0,0,36,4,297698,1,2,0,0.0,8,-6420,3818,10238,4.6,False,0,0,0,0.0,90,Wolverhampton Wanderers,Brighton,0,2,26961,2024,725817,0.0,0,0,0,0.0,0.0521191656589508,0.0521191656589508,Brighton,3,3,36,3.2,GK,0.0,0.0,0.0,0.0,1.87,1.0,0.0,3.3,33.0,0.0,0.0,90.0,0.0,0.0,0.0,0.0,0.0,4.0,1.0,1.0,1.0,3.0,0.0,0.0,0.0,0.0,0.0,0.0,0.0,0.0,0.0,0.0,0.0,1.3,0.0,0.0,0.0,0.0,1.57,1.5,0.0,2.7,27.1,0.0,0.0,90.0,0.0,0.0,0.0,0.0,0.0,3.0,1.0,1.5,2.0,2.0,0.0,0.0,0.0,0.0,0.0,0.0,0.0,0.0,0.0,0.02,0.02,0.65,0.0,0.0,0.0,0.0,1.77,2.33,0.0,2.9,29.2,0.0,0.0,90.0,0.0,0.0,0.0,0.0,0.0,3.33,1.0,1.67,2.67,1.67,0.0,0.0,0.0,0.0,0.0,0.0,0.0,0.0,0.0,0.01,0.01,0.83,0.0,0.0,0.0,0.0,1.7,2.25,0.0,3.15,31.75,0.0,0.0,90.0,0.0,0.0,0.0,0.0,0.0,3.5,1.0,1.75,2.5,1.75,0.0,0.0,0.0,0.0,0.0,0.0,0.0,0.0,0.0,0.16,0.16,0.62,0.0,0.0,0.0,0.0,1.48,2.2,0.0,2.84,28.64,0.0,0.0,90.0,0.0,0.0,0.0,0.0,0.0,3.0,1.0,1.6,2.4,1.6,0.0,0.0,0.0,0.0,0.0,0.0,0.0,0.0,0.0,0.14,0.14,0.64,-6751.0,-0.4567444507683551,7.0,0.351,0.271,0.379,3.2476785394215444,1.3872791259556545,,,0,0.0
998,0,0,10,0,16.1,160,0.48,0.48,0.0,0.16,359,0,0,3.1,12.6,2025-05-11,29,0,0,0,0,0,0,0,False,18,0,0,0,0,36,0,58585,0,2,0,2.0,1,-195,300,495,4.6,False,0,0,0,0.0,25,Tottenham,Crystal Palace,0,2,26960,2024,726659,0.5749242305755615,0,1,0,0.0,0.6059567928314209,0.6059567928314209,Crystal Palace,3,3,36,0.2,DEF,0.0,0.0,0.0,0.0,0.15,1.0,0.0,0.6,5.2,0.7,0.0,27.0,0.0,0.0,0.0,0.0,0.0,0.0,0.0,2.0,5.0,1.0,0.0,0.0,0.0,0.0,0.0,0.0,0.0,0.0,0.0,0.05,0.05,0.0,0.0,0.0,0.02,0.02,0.26,0.5,0.0,0.7,6.2,0.35,0.5,27.0,0.0,0.0,0.0,0.0,0.0,0.0,0.0,1.5,3.5,1.0,0.0,0.5,0.02,0.0,0.0,0.0,0.0,0.0,0.02,0.02,0.02,0.5,0.0,0.01,0.02,0.01,0.17,0.33,0.0,1.1,6.67,4.0,0.33,28.67,0.0,0.0,0.0,0.0,0.0,0.0,0.0,1.33,2.67,1.0,0.0,0.33,0.01,0.02,0.0,0.0,0.33,0.0,0.01,0.04,0.03,0.67,0.0,0.01,0.02,0.01,0.21,0.25,0.0,1.15,5.6,5.62,0.25,26.0,0.0,0.0,0.0,0.0,0.25,0.0,0.0,1.0,2.25,0.75,0.0,0.25,0.01,0.04,0.0,0.0,0.5,0.0,0.01,0.06,0.02,0.62,0.0,0.01,0.01,0.01,0.18,0.2,0.0,0.94,4.68,4.5,0.2,21.0,0.0,0.0,0.0,0.0,0.2,0.0,0.0,1.2,1.8,0.8,0.0,0.2,0.01,0.03,0.0,0.0,0.4,0.0,0.01,0.05,0.02,0.6,-1390.0,-0.2452830188679245,1.0,0.359,0.263,0.378,,0.8707939881205697,0.0020263309951891,0.0579011806817202,0,0.0
1014,0,0,4,0,0.9,484,0.0,0.0,0.0,3.39,359,2,0,3.0,26.8,2025-05-11,90,0,0,0,0,0,0,0,False,7,0,0,0,0,36,0,17808,1,2,0,2.0,1,93,242,149,4.3,True,0,0,0,0.0,90,Tottenham,Crystal Palace,0,2,26960,2024,726636,0.0,0,0,0,0.0,0.4692958295345306,0.4692958295345306,Tottenham,3,3,36,0.8,DEF,0.0,0.0,0.0,0.0,0.84,1.0,0.0,1.7,16.2,0.6,0.0,90.0,0.0,0.0,0.0,0.0,1.0,0.0,1.0,1.0,1.0,1.0,0.0,0.0,0.0,0.0,0.0,0.0,0.0,0.0,0.0,0.06,0.06,0.2,0.0,0.0,0.0,0.0,1.56,3.0,0.0,2.45,24.0,0.35,0.0,90.0,0.0,0.0,0.0,0.0,0.5,0.0,1.0,1.0,3.0,0.5,0.0,0.0,0.0,0.0,0.0,0.0,0.0,0.0,0.0,0.03,0.03,0.1,0.0,0.06,0.06,0.0,1.14,2.0,0.0,2.5,21.53,2.27,1.0,75.0,0.0,0.0,0.0,0.0,0.33,0.0,0.67,1.33,2.33,0.67,0.0,0.33,0.0,0.0,0.0,0.0,0.0,0.0,0.0,0.13,0.13,0.07,0.0,0.07,0.1,0.02,1.45,2.5,0.0,2.6,19.15,4.55,2.25,78.75,0.0,0.0,0.0,0.0,0.5,0.0,0.75,1.5,2.75,0.25,0.0,0.5,0.03,0.01,0.0,0.0,0.25,0.0,0.03,0.22,0.21,0.05,0.0,0.06,0.08,0.02,1.37,2.2,0.0,2.32,17.0,3.94,2.2,81.0,0.0,0.0,0.0,0.0,0.4,0.0,0.8,1.4,2.8,0.6,0.0,0.4,0.03,0.01,0.0,0.0,0.2,0.0,0.03,0.26,0.25,0.34,127.0,0.237851662404092,1.0,0.359,0.263,0.378,,1.2700389461054962,0.0015575901518205,3.0080391439035736e-05,0,1.0
1039,0,0,3,0,0.1,275,0.0,0.0,0.0,0.0,353,0,0,0.1,0.4,2025-05-10,5,0,0,0,0,0,0,0,False,4,0,0,0,0,36,0,221450,0,1,0,0.0,1,525,7699,7174,3.8,True,0,0,0,0.0,3,Ipswich,Brentford,0,1,26954,2024,725754,0.0,0,0,0,0.0,0.3664870262145996,0.3664870262145996,Ipswich,3,2,36,-1.0,DEF,0.0,0.01,0.01,0.0,0.52,3.0,0.0,0.2,1.6,0.3,0.0,36.0,0.0,0.0,0.0,1.0,0.0,0.0,1.0,0.0,3.0,-3.0,0.0,0.0,0.0,0.0,0.0,0.0,0.0,0.0,0.0,0.0,0.0,0.0,0.0,0.0,0.0,0.0,1.54,3.5,0.0,0.4,3.4,0.45,0.0,63.0,0.0,0.0,0.0,0.5,0.0,0.0,1.0,2.0,1.5,-1.5,0.0,0.0,0.0,0.0,0.0,0.0,0.0,0.0,0.0,0.0,0.0,1.15,0.0,0.12,0.18,0.06,1.78,3.0,0.33,5.9,25.93,21.37,11.67,72.0,0.0,0.0,0.0,0.33,0.0,0.0,1.0,2.0,1.67,3.0,0.33,0.33,0.1,0.37,0.33,0.33,1.67,0.33,0.1,0.43,0.01,0.77,0.0,0.09,0.14,0.04,2.01,2.75,0.25,4.75,21.9,16.33,9.25,76.5,0.0,0.0,0.0,0.25,0.0,0.0,1.0,2.0,1.5,2.5,0.25,0.25,0.07,0.28,0.25,0.25,1.25,0.25,0.07,0.33,0.02,0.82,0.0,0.08,0.16,0.08,1.94,2.4,0.2,4.38,18.8,16.02,9.0,79.2,0.0,0.0,0.0,0.2,0.0,0.0,1.0,2.0,1.4,2.4,0.2,0.6,0.13,0.23,0.2,0.2,1.2,0.2,0.13,0.33,0.01,0.76,-24729.0,0.0352988637127681,1.0,0.189,0.237,0.574,,0.6731854968660793,0.0023605324339666,0.0001729959085206,0,0.0
1065,0,0,9,0,16.3,24,0.01,0.05,0.04,2.19,354,2,0,5.5,19.8,2025-05-11,77,0,0,0,0,0,0,0,False,12,0,0,0,0,36,0,256567,1,2,2,19.0,1,-2001,1643,3644,6.1,False,0,0,1,0.0547024682164192,81,Liverpool,Arsenal,2,2,26952,2024,726771,0.1516100466251373,0,1,0,0.0547024682164192,0.3075503408908844,0.2528478801250458,Arsenal,5,5,36,2.0,DEF,0.0,0.01,0.01,0.0,0.97,2.0,0.0,1.9,15.4,1.2,2.0,85.0,0.0,0.0,0.0,0.0,0.0,0.0,1.0,2.0,1.0,1.0,0.0,0.0,0.0,0.0,0.0,0.0,0.0,0.0,0.0,0.63,0.63,2.8,0.5,0.06,0.06,0.01,0.57,1.0,0.0,4.75,18.4,20.35,8.5,87.5,0.0,0.0,0.0,0.0,0.0,0.0,1.0,3.0,0.5,3.5,0.0,0.5,0.02,0.08,0.0,0.0,1.5,0.0,0.02,0.63,0.58,4.25,0.33,0.07,0.14,0.07,0.74,1.0,0.0,4.4,15.93,17.43,10.33,78.33,0.0,0.0,0.0,0.0,0.0,0.0,1.0,2.33,0.67,3.0,0.0,0.67,0.06,0.1,0.0,0.0,1.33,0.0,0.06,0.46,0.39,3.13,0.25,0.06,0.11,0.05,0.58,0.75,0.0,3.42,13.2,13.08,7.75,60.0,0.0,0.0,0.0,0.0,0.0,0.0,0.75,1.75,0.5,2.5,0.0,0.5,0.05,0.07,0.0,0.0,1.0,0.0,0.05,0.35,0.29,2.52,0.2,0.05,0.1,0.05,0.47,0.6,0.0,2.88,10.56,10.86,7.4,48.8,0.0,0.0,0.0,0.0,0.0,0.0,0.6,1.6,0.4,2.2,0.0,0.6,0.05,0.06,0.0,0.0,0.8,0.0,0.05,0.3,0.24,2.16,-1917.0,-0.3784755059580102,1.0,0.474,0.263,0.263,,1.2203681170700067,0.0611557844704633,0.0669429336553126,0,0.0
1103,0,0,18,1,31.9,342,0.21,0.57,0.36,0.1,358,0,0,6.2,11.2,2025-05-10,90,0,0,0,0,0,0,0,False,17,0,0,0,0,36,0,307550,1,0,0,19.0,3,10967,13345,2378,6.1,False,0,0,3,0.293211430311203,90,Southampton,Manchester City,0,0,26959,2024,725792,0.0808841288089752,0,2,0,0.293211430311203,0.432464450597763,0.1032443940639495,Manchester City,4,1,36,5.5,MID,1.0,0.1,0.1,0.0,0.4,0.0,0.0,7.5,25.8,40.9,8.0,90.0,0.0,0.0,0.0,0.0,0.0,0.0,1.0,0.0,1.0,3.0,0.0,0.0,0.0,0.16,0.0,0.0,3.0,0.0,0.0,0.23,0.23,4.3,0.5,0.1,0.2,0.11,1.08,0.5,0.5,8.15,35.0,33.95,12.5,90.0,0.0,0.0,0.0,0.0,0.5,0.0,1.0,0.5,1.5,6.0,0.5,0.5,0.21,0.1,0.0,0.0,2.5,0.5,0.21,0.55,0.34,5.45,0.67,0.09,0.16,0.07,1.02,0.33,0.33,6.2,26.67,26.27,9.0,90.0,0.0,0.0,0.0,0.0,0.33,0.0,1.0,1.0,1.0,5.0,0.33,0.33,0.14,0.07,0.0,0.0,1.67,0.33,0.14,0.8,0.66,5.83,0.75,0.07,0.12,0.05,1.0,0.25,0.25,5.82,27.25,24.12,6.75,90.0,0.0,0.0,0.0,0.0,0.5,0.0,1.0,0.75,0.75,4.25,0.25,0.25,0.1,0.06,0.0,0.0,1.5,0.25,0.1,0.62,0.51,4.75,0.6,0.09,0.13,0.04,0.84,0.2,0.2,5.1,22.64,22.42,5.8,75.4,0.0,0.0,0.0,0.0,0.4,0.0,0.8,1.0,1.0,3.6,0.2,0.2,0.08,0.06,0.0,0.0,1.4,0.2,0.08,0.5,0.41,4.1,11369.0,0.6975131972269923,3.0,0.086,0.126,0.788,,,0.0935314238408624,0.1543089332749483,0,0.0
1141,0,0,3,0,0.0,248,0.0,0.0,0.0,1.12,352,3,0,3.3,32.8,2025-05-10,90,0,0,0,0,0,0,0,False,8,0,0,0,0,36,4,362854,1,3,1,0.0,2,-869,11127,11996,5.0,True,0,0,0,0.0,90,Fulham,Everton,1,3,26953,2024,725709,0.0,0,0,0,0.0,0.1200181394815445,0.1200181394815445,Fulham,3,3,36,2.0,GK,0.0,0.01,0.01,0.0,0.96,1.0,0.0,2.1,21.2,0.0,0.0,90.0,0.0,0.0,0.0,0.0,0.0,2.0,1.0,0.0,1.0,2.0,0.0,0.0,0.0,0.0,0.0,0.0,0.0,0.0,0.0,0.0,0.0,2.0,0.0,0.0,0.0,0.0,0.8,1.0,0.0,2.0,20.1,0.0,0.0,90.0,0.0,0.0,0.0,0.0,0.0,2.0,1.0,1.0,1.0,2.0,0.0,0.0,0.0,0.0,0.0,0.0,0.0,0.0,0.0,0.15,0.15,1.0,0.0,0.0,0.0,0.0,0.83,1.33,0.0,2.57,25.6,0.0,0.0,90.0,0.0,0.0,0.0,0.0,0.0,3.0,1.0,1.33,1.0,2.0,0.0,0.0,0.0,0.0,0.0,0.0,0.0,0.0,0.0,0.1,0.1,1.27,0.0,0.0,0.0,0.0,0.99,1.25,0.0,2.43,24.15,0.0,0.0,90.0,0.0,0.0,0.0,0.0,0.0,2.75,1.0,1.0,1.0,2.0,0.0,0.0,0.0,0.0,0.0,0.0,0.0,0.0,0.0,0.19,0.19,0.95,0.0,0.0,0.0,0.0,1.09,1.4,0.0,2.62,26.2,0.0,0.0,90.0,0.0,0.0,0.0,0.0,0.2,3.0,1.0,1.2,1.4,1.8,0.0,0.0,0.0,0.0,0.0,0.0,0.0,0.0,0.0,0.16,0.16,1.62,3105.0,-0.0375816286813994,2.0,0.516,0.276,0.209,3.8819708088372336,1.3072904060076431,,,0,0.0
1174,1,0,24,0,27.6,635,0.12,0.19,0.07,1.29,357,2,0,4.6,11.6,2025-05-11,90,0,0,0,0,0,0,0,False,16,0,0,0,0,36,0,19527,1,2,2,7.0,5,-4419,793,5212,4.8,False,0,0,1,0.0466786064207553,90,Nottingham Forest,Leicester,2,2,26958,2024,726626,0.0943662151694297,0,2,0,0.0466786064207553,0.0685629174113273,0.0,Leicester,1,4,36,2.8,MID,1.0,0.11,0.39,0.28,0.5,0.0,0.0,11.5,23.6,64.9,26.0,83.0,0.0,0.0,0.0,0.0,0.0,0.0,1.0,0.0,2.0,6.0,0.0,5.0,0.39,0.7,1.0,1.0,5.0,0.0,0.39,0.99,0.45,3.8,0.5,0.26,0.42,0.16,1.1,1.0,0.0,7.8,15.5,48.85,13.5,82.5,0.0,0.0,0.0,0.0,0.0,0.0,1.0,0.0,2.5,4.0,0.0,3.0,0.21,0.41,0.5,0.5,3.5,0.0,0.21,0.53,0.23,1.9,0.33,0.18,0.3,0.12,1.59,1.0,0.0,5.67,13.67,33.7,9.33,85.0,0.0,0.0,0.0,0.0,0.0,0.0,1.0,0.33,1.67,3.33,0.0,2.33,0.15,0.27,0.33,0.33,2.33,0.0,0.15,0.36,0.15,1.6,0.25,0.21,0.32,0.1,2.17,1.25,0.0,6.88,19.0,38.58,11.25,86.25,0.0,0.0,0.0,0.0,0.25,0.0,1.0,0.75,1.75,3.75,0.0,2.0,0.13,0.38,0.5,0.5,2.75,0.0,0.13,0.34,0.14,1.2,0.2,0.18,0.28,0.1,2.31,1.6,0.0,6.6,17.72,36.02,12.4,83.6,0.0,0.0,0.0,0.0,0.2,0.0,1.0,1.2,1.4,3.4,0.0,1.8,0.12,0.31,0.4,0.4,2.4,0.0,0.12,0.3,0.11,1.12,-4786.0,-0.735886761032473,5.0,0.704,0.178,0.117,,,0.0561293912510219,0.1348607996715352,0,0.0
1229,0,0,2,1,1.3,42,0.01,0.42,0.41,0.8,351,0,0,2.4,5.0,2025-05-10,90,0,0,0,0,0,0,0,False,3,0,0,0,0,36,0,4499,1,1,0,18.0,3,116,247,131,5.0,False,0,0,2,0.4101880192756653,90,Bournemouth,Aston Villa,0,1,26955,2024,726012,0.0,0,0,0,0.4101880192756653,0.4101880192756653,0.0,Aston Villa,3,3,36,2.5,MID,1.0,0.02,0.02,0.0,0.85,0.0,0.0,2.4,15.6,8.4,0.0,90.0,0.0,0.0,0.0,0.0,0.0,0.0,1.0,0.0,1.0,3.0,0.0,0.0,0.0,0.0,0.0,0.0,0.0,0.0,0.0,0.78,0.78,2.0,0.5,0.02,0.02,0.0,1.09,1.0,0.0,1.8,11.4,6.8,0.0,90.0,0.0,0.0,0.0,0.0,0.0,0.0,1.0,0.5,1.5,2.5,0.0,0.0,0.0,0.0,0.0,0.0,0.0,0.0,0.0,0.69,0.69,2.3,0.33,0.1,0.11,0.0,1.06,1.0,0.0,2.77,14.07,13.13,0.67,87.0,0.0,0.0,0.0,0.0,0.0,0.0,1.0,0.67,2.33,2.33,0.0,0.33,0.01,0.11,0.0,0.0,0.67,0.0,0.01,0.57,0.56,2.4,0.25,0.08,0.08,0.0,0.8,0.75,0.0,2.1,10.7,9.95,0.5,65.5,0.0,0.0,0.0,0.0,0.0,0.0,0.75,1.25,1.75,2.0,0.0,0.25,0.01,0.09,0.0,0.0,0.5,0.0,0.01,0.43,0.42,1.8,0.2,0.07,0.09,0.02,0.73,0.6,0.0,2.1,9.4,10.1,1.6,58.0,0.0,0.0,0.0,0.0,0.0,0.0,0.6,1.2,1.8,1.8,0.0,0.4,0.02,0.09,0.0,0.0,0.6,0.0,0.02,0.38,0.33,1.74,156.0,0.3068783068783068,3.0,0.394,0.263,0.344,,,0.1259277012321105,-0.0010101284159416,1,0.0
1261,0,0,4,0,1.0,285,0.01,0.01,0.0,0.08,357,0,0,1.5,12.0,2025-05-11,30,0,0,0,0,0,0,0,False,16,0,0,0,0,36,0,32485,0,2,2,2.0,1,-564,317,881,4.4,False,0,0,0,0.0,28,Nottingham Forest,Leicester,2,2,26958,2024,726630,0.0,0,0,0,0.0,0.1567127555608749,0.1567127555608749,Leicester,1,4,36,0.2,MID,0.0,0.0,0.0,0.0,0.03,0.0,0.0,0.7,7.2,0.0,0.0,6.0,0.0,0.0,0.0,0.0,0.0,0.0,0.0,0.0,2.0,1.0,0.0,0.0,0.0,0.0,0.0,0.0,0.0,0.0,0.0,0.0,0.0,1.5,0.0,0.0,0.0,0.0,0.44,0.5,0.0,0.75,7.3,0.4,0.0,25.5,0.0,0.0,0.0,0.0,0.0,0.0,0.5,0.0,2.5,1.0,0.0,0.0,0.0,0.0,0.0,0.0,0.0,0.0,0.0,0.02,0.02,0.75,0.0,0.0,0.0,0.0,1.15,0.67,0.0,1.1,8.33,2.2,0.67,47.0,0.0,0.0,0.0,0.0,0.0,0.0,0.67,0.33,1.67,1.33,0.0,0.0,0.0,0.0,0.0,0.0,0.0,0.0,0.0,0.02,0.02,0.67,0.0,0.0,0.01,0.0,1.84,1.0,0.0,1.55,8.85,4.95,1.75,57.75,0.0,0.0,0.0,0.0,0.0,0.0,0.75,0.75,1.75,1.5,0.0,0.25,0.01,0.01,0.0,0.0,0.25,0.0,0.01,0.05,0.05,0.5,0.0,0.01,0.01,0.0,2.12,1.4,0.0,1.52,8.2,5.58,1.4,64.2,0.0,0.0,0.0,0.0,0.0,0.0,0.8,1.2,1.4,1.6,0.0,0.2,0.0,0.0,0.0,0.0,0.2,0.0,0.0,0.05,0.05,0.7,-580.0,-0.4707846410684474,1.0,0.704,0.178,0.117,,,0.0044922993843621,0.0001738905045651,0,0.0
1282,0,0,21,0,3.6,595,0.01,0.61,0.6,0.08,360,0,1,5.4,32.6,2025-05-10,31,0,0,0,0,0,0,0,False,20,0,0,0,0,36,0,3101,0,2,0,18.0,6,-1,52,53,5.4,False,0,1,2,0.4872433543205261,24,Wolverhampton Wanderers,Brighton,0,2,26961,2024,725828,0.0,0,0,1,0.4872433543205261,0.4872433543205261,0.0521191656589508,Brighton,3,3,36,3.5,MID,0.0,0.21,0.21,0.0,0.03,0.0,0.0,1.6,2.0,14.0,0.0,1.0,0.0,0.0,0.0,0.0,0.0,0.0,0.0,1.0,1.0,1.0,0.0,0.0,0.0,0.37,0.0,0.0,1.0,0.0,0.0,0.0,0.0,1.7,0.0,0.26,0.26,0.0,0.27,0.5,0.0,4.0,19.5,17.4,3.0,4.5,0.0,0.0,0.0,0.0,0.0,0.0,0.0,1.5,2.0,4.0,0.0,0.0,0.0,0.43,1.0,1.0,1.5,0.0,0.0,0.24,0.0,0.85,0.0,0.17,0.2,0.03,0.35,0.33,0.0,2.7,13.0,11.73,3.33,5.67,0.0,0.0,0.0,0.0,0.0,0.0,0.0,1.67,2.0,3.0,0.0,0.33,0.03,0.29,0.67,0.67,1.0,0.0,0.03,0.23,0.04,0.57,0.0,0.14,0.16,0.02,0.28,0.25,0.0,2.48,10.4,11.72,3.5,8.75,0.0,0.0,0.0,0.0,0.0,0.0,0.0,1.5,2.0,2.5,0.0,0.25,0.02,0.23,0.5,0.5,1.0,0.0,0.02,0.2,0.04,0.75,0.0,0.12,0.13,0.02,0.46,0.6,0.0,2.22,8.68,10.14,4.0,23.6,0.0,0.0,0.0,0.0,0.0,0.0,0.2,1.8,1.6,2.4,0.0,0.2,0.02,0.19,0.4,0.4,0.8,0.0,0.02,0.19,0.07,0.8,-1.0,-0.0095238095238095,6.0,0.351,0.271,0.379,,,0.1350255077634239,0.0003034194686679,0,0.0
1351,0,0,19,0,65.4,366,0.42,0.56,0.14,1.56,355,2,0,9.3,19.6,2025-05-11,90,0,0,0,0,0,0,0,False,19,0,0,0,0,36,0,1821140,1,2,0,8.0,2,-80734,74931,155665,8.5,True,0,0,4,0.0816655084490776,90,Manchester United,West Ham,0,2,26956,2024,726577,0.5705807209014893,0,4,0,0.0816655084490776,0.4404846429824829,0.3964903950691223,Manchester United,2,3,36,1.8,MID,0.0,0.52,0.57,0.05,0.53,1.0,0.0,13.7,31.0,94.1,12.0,90.0,0.0,0.0,0.0,0.0,0.0,0.0,1.0,1.0,1.0,4.0,0.0,3.0,0.06,0.59,0.0,0.0,7.0,0.0,0.06,0.84,0.41,0.0,0.0,0.31,0.63,0.32,0.32,1.0,0.0,8.25,18.2,51.3,13.0,60.5,0.0,0.0,0.0,0.0,0.0,0.0,0.5,1.0,0.5,2.5,0.0,3.5,0.14,0.29,0.0,0.0,3.5,0.0,0.14,0.59,0.36,1.0,0.0,0.23,0.44,0.21,0.94,2.0,0.0,6.97,16.6,43.77,9.33,67.33,0.0,0.0,0.0,0.0,0.0,0.0,0.67,1.0,1.67,2.33,0.0,2.33,0.1,0.31,0.0,0.0,3.0,0.0,0.1,0.51,0.35,0.67,0.25,0.3,0.5,0.2,0.83,1.5,0.0,6.92,17.5,43.75,8.0,73.0,0.0,0.0,0.0,0.0,0.0,0.0,0.75,0.75,1.25,2.5,0.0,2.0,0.11,0.38,0.0,0.0,3.0,0.0,0.11,0.54,0.29,2.2,0.2,0.29,0.48,0.19,0.76,1.4,0.0,8.44,20.88,51.98,11.6,76.4,0.0,0.0,0.0,0.0,0.0,0.0,0.8,0.6,1.2,2.4,0.0,2.2,0.11,0.35,0.0,0.0,3.6,0.0,0.11,0.62,0.38,3.52,-175434.0,-0.3501101493521136,2.0,0.499,0.264,0.237,,,0.0793303762166337,0.2926116283724604,0,0.0
1389,0,0,27,1,19.8,394,0.07,0.17,0.1,0.69,356,0,1,7.7,40.6,2025-05-11,90,0,0,0,0,0,0,0,False,6,0,0,0,0,36,0,344137,1,0,2,17.0,7,-24028,5063,29091,6.2,True,1,1,3,0.1911068260669708,90,Newcastle United,Chelsea,2,0,26957,2024,726454,0.0932581648230552,0,1,1,0.1911068260669708,1.0133897066116333,0.91555255651474,Newcastle United,3,4,36,3.5,MID,0.0,0.09,0.16,0.07,0.69,1.0,0.0,5.0,14.0,23.3,13.0,90.0,0.0,0.0,0.0,0.0,0.0,0.0,1.0,1.0,1.0,2.0,0.0,1.0,0.06,0.07,0.0,0.0,2.0,0.0,0.06,0.16,0.08,3.7,0.5,0.16,0.33,0.18,0.39,0.5,0.0,7.0,16.3,28.55,25.5,90.0,0.0,0.0,0.0,0.0,0.0,0.0,1.0,0.5,2.0,2.5,0.0,2.0,0.38,0.08,0.0,0.0,2.0,0.0,0.38,0.87,0.44,1.85,0.33,0.14,0.29,0.15,1.02,1.67,0.0,5.8,12.93,24.53,20.67,90.0,0.0,0.0,0.0,0.0,0.33,0.0,1.0,0.67,2.67,2.0,0.0,1.67,0.28,0.07,0.0,0.0,1.67,0.0,0.28,0.62,0.31,2.47,0.5,0.14,0.24,0.11,1.18,1.25,0.0,4.82,10.25,21.48,16.5,85.25,0.0,0.0,0.0,0.0,0.5,0.0,1.0,0.5,3.25,2.0,0.0,1.25,0.21,0.18,0.0,0.0,1.5,0.0,0.21,0.81,0.58,1.85,0.4,0.13,0.34,0.21,1.03,1.2,0.2,6.34,17.08,21.46,24.8,85.0,0.0,0.0,0.0,0.0,0.4,0.0,1.0,0.6,3.4,3.2,0.2,1.6,0.25,0.16,0.0,0.0,1.4,0.2,0.25,0.91,0.63,1.48,-24430.0,-0.7035193535164256,7.0,0.447,0.25,0.303,,,0.1630178073606929,0.1046419221025602,1,0.0
1427,1,0,24,1,18.5,99,0.23,0.41,0.18,0.93,353,0,0,9.8,33.2,2025-05-10,90,0,0,0,0,0,0,0,False,10,0,0,0,0,36,0,5318080,1,1,0,46.0,6,493905,511288,17383,8.2,False,0,0,4,0.1815620809793472,90,Ipswich,Brentford,0,1,26954,2024,725763,0.324519008398056,1,1,0,0.1815620809793472,0.1815620809793472,0.0,Brentford,3,2,36,8.3,MID,0.0,0.12,0.18,0.06,1.56,3.0,0.0,4.3,10.0,17.8,15.0,90.0,0.0,0.0,0.0,0.0,0.0,0.0,1.0,3.0,4.0,5.0,0.0,2.0,0.11,0.06,1.0,0.0,1.0,0.0,0.11,1.23,1.12,6.8,0.5,0.15,0.28,0.12,1.27,1.5,0.0,5.45,11.2,24.7,18.5,90.0,0.0,0.0,0.0,0.0,0.5,0.0,1.0,2.5,2.0,3.5,0.0,2.5,0.15,0.09,0.5,0.0,1.5,0.0,0.15,0.74,0.56,3.4,0.33,0.31,0.59,0.28,1.32,1.67,0.67,12.4,45.8,48.07,30.0,90.0,0.0,0.0,0.0,0.0,0.33,0.0,1.0,2.33,2.67,8.33,0.67,3.0,0.26,0.41,0.67,0.33,3.33,0.67,0.26,0.72,0.38,4.87,0.25,0.3,0.51,0.21,1.23,1.5,0.5,10.23,36.7,41.82,23.5,90.0,0.0,0.0,0.0,0.0,0.25,0.0,1.0,2.0,2.25,6.75,0.5,2.25,0.2,0.32,0.5,0.25,2.75,0.5,0.2,0.56,0.28,3.65,0.4,0.34,0.53,0.2,1.23,1.2,0.4,9.34,30.32,38.64,24.2,90.0,0.0,0.0,0.0,0.0,0.2,0.0,1.0,1.6,1.8,6.0,0.4,2.2,0.19,0.34,0.4,0.2,2.6,0.4,0.19,0.55,0.23,3.96,511417.0,0.934238874460676,6.0,0.189,0.237,0.574,,,0.3793018666736725,0.0882597100309652,0,0.0
1452,0,0,9,0,49.2,17,0.18,0.56,0.38,2.34,354,2,0,8.9,11.4,2025-05-11,87,0,0,0,0,0,0,0,False,12,0,0,0,0,36,0,1952220,1,2,2,28.0,2,-307570,30177,337747,10.3,False,0,0,4,0.5108399391174316,90,Liverpool,Arsenal,2,2,26952,2024,726778,0.2114278376102447,0,4,0,0.5108399391174316,0.4391655027866363,0.1849240958690643,Arsenal,5,5,36,1.5,MID,0.0,0.06,0.54,0.48,0.97,2.0,0.0,5.6,3.8,12.3,40.0,85.0,0.0,0.0,0.0,0.0,0.0,0.0,1.0,2.0,1.0,2.0,0.0,4.0,0.88,0.08,0.0,0.0,1.0,0.0,0.88,1.66,0.7,2.2,0.0,0.04,0.36,0.32,0.76,1.5,0.0,4.55,4.5,12.7,28.5,57.5,0.0,0.0,0.0,0.0,0.0,0.0,0.5,2.0,1.5,1.5,0.0,2.5,0.65,0.06,0.0,0.0,1.0,0.0,0.65,1.06,0.36,4.75,0.0,0.32,0.7,0.39,0.54,1.0,0.0,6.1,4.2,28.57,28.33,57.0,0.0,0.0,0.0,0.0,0.0,0.0,0.67,2.67,1.0,1.33,0.0,2.67,0.65,0.29,0.0,0.0,2.33,0.0,0.65,1.1,0.34,5.6,0.0,0.24,0.56,0.32,0.44,1.0,0.0,5.12,3.45,21.78,26.0,49.5,0.0,0.0,0.0,0.0,0.0,0.0,0.5,2.25,1.0,1.25,0.0,2.5,0.51,0.21,0.0,0.0,1.75,0.0,0.51,0.84,0.26,4.2,0.0,0.24,0.52,0.28,0.51,1.0,0.0,4.74,3.76,20.42,23.2,48.6,0.0,0.0,0.0,0.0,0.0,0.0,0.4,2.0,1.0,1.2,0.0,2.4,0.43,0.19,0.0,0.0,1.6,0.0,0.43,0.69,0.21,4.06,-317108.0,-0.8359606875332949,2.0,0.474,0.263,0.263,,,0.1732775288630657,0.2093842862107828,0,0.0
1475,0,0,3,0,0.0,301,0.0,0.0,0.0,0.02,357,0,0,0.0,0.0,2025-05-11,1,0,0,0,0,0,0,0,False,16,0,0,0,0,36,0,50906,0,2,2,0.0,1,-1235,171,1406,4.0,False,0,0,0,0.0,1,Nottingham Forest,Leicester,2,2,26958,2024,726631,0.0,0,0,0,0.0,0.0211055278778076,0.0211055278778076,Leicester,1,4,36,-0.8,DEF,0.0,0.04,0.52,0.48,3.91,2.0,1.0,9.3,55.8,2.3,35.0,90.0,0.0,0.0,0.0,0.0,1.0,0.0,1.0,2.0,2.0,6.0,1.0,1.0,0.54,0.0,0.0,0.0,0.0,1.0,0.54,0.22,0.22,0.0,0.0,0.02,0.26,0.24,2.02,1.0,0.5,4.7,28.5,1.2,17.5,60.0,0.0,0.0,0.0,0.0,0.5,0.0,0.5,1.0,2.0,3.5,0.5,0.5,0.27,0.0,0.0,0.0,0.0,0.5,0.27,0.11,0.11,-0.1,0.0,0.02,0.18,0.16,1.76,1.67,0.33,3.7,23.47,1.27,12.33,67.33,0.0,0.0,0.0,0.0,0.67,0.0,0.67,2.0,1.33,2.33,0.33,0.33,0.18,0.0,0.0,0.0,0.0,0.33,0.18,0.09,0.09,0.1,0.0,0.02,0.14,0.12,1.66,1.75,0.25,3.05,20.15,1.12,9.25,73.0,0.0,0.0,0.0,0.0,0.5,0.0,0.75,2.0,1.0,2.0,0.25,0.25,0.13,0.0,0.0,0.0,0.0,0.25,0.13,0.07,0.07,0.12,0.0,0.01,0.11,0.1,1.49,1.6,0.2,2.48,16.44,0.9,7.4,64.4,0.0,0.0,0.0,0.0,0.4,0.0,0.6,1.6,1.6,1.8,0.2,0.2,0.11,0.0,0.0,0.0,0.0,0.2,0.11,0.06,0.06,0.14,-3090.0,-0.7831325301204819,1.0,0.704,0.178,0.117,,1.1037574587797745,0.0159678980982629,0.0139304151139945,0,0.0
1522,0,0,3,0,1.0,421,0.0,0.0,0.0,0.0,356,0,0,0.1,0.0,2025-05-11,1,0,0,0,0,0,0,0,False,6,0,0,0,0,36,0,17331,0,0,2,0.0,1,-1060,384,1444,6.9,True,0,0,0,0.0,1,Newcastle United,Chelsea,2,0,26957,2024,726460,0.0,0,0,0,0.0,0.0,0.0,Newcastle United,3,4,36,1.5,FWD,0.0,0.0,0.03,0.03,0.52,0.0,0.0,1.9,2.0,0.0,17.0,16.0,0.0,0.0,0.0,0.0,0.0,0.0,0.0,1.0,1.0,1.0,0.0,1.0,0.05,0.0,0.0,0.0,0.0,0.0,0.05,0.05,0.0,1.5,0.0,0.01,0.02,0.02,0.26,0.0,0.0,1.45,2.0,2.0,10.5,14.5,0.0,0.0,0.0,0.0,0.0,0.0,0.0,0.5,2.0,1.0,0.0,0.5,0.02,0.0,0.0,0.0,0.0,0.0,0.02,0.02,0.0,0.75,0.0,0.01,0.02,0.01,0.22,0.0,0.0,1.03,1.33,1.43,7.67,14.33,0.0,0.0,0.0,0.0,0.0,0.0,0.0,0.67,2.67,1.0,0.0,0.33,0.02,0.0,0.0,0.0,0.0,0.0,0.02,0.02,0.0,1.0,0.0,0.01,0.02,0.01,0.25,0.0,0.0,0.77,1.0,1.08,5.75,15.25,0.0,0.0,0.0,0.0,0.0,0.0,0.0,0.5,3.25,1.0,0.0,0.25,0.01,0.0,0.0,0.0,0.0,0.0,0.01,0.01,0.0,0.75,0.0,0.01,0.01,0.01,0.27,0.0,0.0,0.62,0.8,0.86,4.6,14.6,0.0,0.0,0.0,0.0,0.0,0.0,0.0,0.6,3.4,1.0,0.0,0.2,0.01,0.0,0.0,0.0,0.0,0.0,0.01,0.01,0.0,0.6,-949.0,-0.5798687089715536,1.0,0.447,0.25,0.303,,,0.015174897047633,0.0028299056869838,0,
1558,0,0,5,0,3.3,241,0.02,0.02,0.0,1.12,352,3,0,2.5,21.8,2025-05-10,90,0,0,0,0,0,0,0,False,8,0,0,0,0,36,0,73687,1,3,1,0.0,1,618,3411,2793,4.5,True,0,0,0,0.0,90,Fulham,Everton,1,3,26953,2024,725712,0.0,0,0,0,0.0,0.6817432641983032,0.6817432641983032,Fulham,3,3,36,1.0,DEF,0.0,0.07,0.07,0.0,0.96,1.0,0.0,3.5,16.4,16.1,2.0,90.0,0.0,0.0,0.0,0.0,1.0,0.0,1.0,0.0,1.0,1.0,0.0,0.0,0.0,0.05,0.0,0.0,1.0,0.0,0.0,0.18,0.18,1.2,0.0,0.04,0.06,0.02,0.8,1.0,0.0,2.9,14.8,10.1,4.0,90.0,0.0,0.0,0.0,0.0,0.5,0.0,1.0,1.0,1.0,1.5,0.0,0.5,0.02,0.03,0.0,0.0,0.5,0.0,0.02,0.47,0.47,0.6,0.0,0.03,0.04,0.01,0.83,1.33,0.0,2.67,16.8,7.07,2.67,90.0,0.0,0.0,0.0,0.0,0.67,0.0,1.0,1.33,1.0,1.0,0.0,0.33,0.02,0.02,0.0,0.0,0.33,0.0,0.02,0.32,0.32,0.67,0.0,0.03,0.04,0.01,0.99,1.25,0.0,2.38,15.8,5.8,2.0,90.0,0.0,0.0,0.0,0.0,0.5,0.0,1.0,1.0,1.0,1.25,0.0,0.25,0.01,0.01,0.0,0.0,0.25,0.0,0.01,0.26,0.26,0.5,0.0,0.03,0.03,0.01,1.09,1.4,0.0,2.36,16.68,4.76,2.0,90.0,0.0,0.0,0.0,0.0,0.4,0.0,1.0,1.2,1.4,1.2,0.0,0.2,0.01,0.01,0.0,0.0,0.2,0.0,0.01,0.21,0.21,0.66,1026.0,0.0996131528046421,1.0,0.516,0.276,0.209,,0.9791431208962722,3.9846503874230166e-10,1.045663361343152e-05,0,0.0
1592,0,0,2,0,10.5,27,0.11,0.11,0.0,0.72,358,0,0,1.6,3.0,2025-05-10,25,0,0,0,0,0,0,0,False,13,0,0,0,0,36,0,131339,0,0,0,2.0,1,-2912,775,3687,4.8,True,0,0,0,0.0,22,Southampton,Manchester City,0,0,26959,2024,725784,0.1050352975726127,0,1,0,0.0,0.1050352975726127,0.0,Southampton,4,1,36,0.0,FWD,0.0,0.0,0.0,0.0,0.11,0.0,0.0,0.2,0.0,0.0,2.0,11.0,0.0,0.0,0.0,0.0,0.0,0.0,0.0,0.0,2.0,1.0,0.0,0.0,0.0,0.0,0.0,0.0,0.0,0.0,0.0,0.0,0.0,1.2,0.0,0.0,0.0,0.0,0.68,1.0,0.0,0.25,0.5,0.05,2.0,17.5,0.0,0.0,0.0,0.0,0.0,0.0,0.0,1.0,1.5,1.0,0.0,0.0,0.0,0.0,0.0,0.0,0.0,0.0,0.0,0.03,0.03,0.6,0.0,0.01,0.01,0.0,0.51,0.67,0.0,0.27,0.4,0.27,2.0,18.67,0.0,0.0,0.0,0.0,0.0,0.0,0.0,1.0,1.33,1.0,0.0,0.0,0.0,0.0,0.0,0.0,0.0,0.0,0.0,0.02,0.02,0.73,0.25,0.01,0.04,0.03,0.59,0.5,0.0,1.05,1.65,3.2,5.75,29.0,0.0,0.0,0.0,0.0,0.0,0.0,0.25,1.5,1.0,1.25,0.0,0.25,0.06,0.01,0.0,0.0,0.25,0.0,0.06,0.09,0.02,0.55,0.2,0.01,0.05,0.04,0.72,0.8,0.0,1.04,1.6,2.94,6.0,37.6,0.0,0.0,0.0,0.0,0.0,0.0,0.4,1.4,1.4,1.4,0.0,0.4,0.07,0.01,0.0,0.0,0.4,0.0,0.07,0.07,0.02,0.6,-2925.0,-0.6526221425369789,1.0,0.086,0.126,0.788,,,0.0368596408272692,0.0673609333933993,0,
1612,0,0,16,0,0.3,263,0.0,0.36,0.36,1.41,353,1,0,5.6,38.4,2025-05-10,90,0,0,0,0,0,0,0,False,4,0,0,0,0,36,0,217515,1,1,0,17.0,2,-2993,3918,6911,3.8,True,0,0,1,0.3664870262145996,90,Ipswich,Brentford,0,1,26954,2024,725743,0.0,0,0,0,0.3664870262145996,0.3664870262145996,0.0,Ipswich,3,2,36,1.3,DEF,0.0,0.0,0.0,0.0,0.55,2.0,0.0,5.7,40.4,12.3,4.0,90.0,0.0,0.0,0.0,0.0,0.0,0.0,1.0,2.0,2.0,4.0,0.0,0.0,0.0,0.01,1.0,1.0,1.0,0.0,0.0,0.22,0.21,1.0,0.0,0.0,0.0,0.0,1.7,2.5,0.0,3.75,29.2,6.25,2.0,90.0,0.0,0.0,0.0,0.0,0.0,0.0,1.0,1.0,2.5,2.5,0.0,0.0,0.0,0.01,0.5,0.5,0.5,0.0,0.0,0.11,0.11,0.5,0.0,0.01,0.01,0.0,1.54,2.33,0.0,3.3,23.93,7.67,1.33,78.33,0.0,0.0,0.0,0.0,0.0,0.0,0.67,2.0,1.67,1.67,0.0,0.0,0.0,0.02,0.33,0.33,0.67,0.0,0.0,0.09,0.09,0.17,0.0,0.01,0.01,0.0,1.72,2.25,0.0,2.98,22.8,5.78,1.0,81.25,0.0,0.0,0.0,0.0,0.0,0.0,0.75,2.0,1.75,1.5,0.0,0.0,0.0,0.02,0.25,0.25,0.5,0.0,0.0,0.08,0.08,0.12,0.0,0.01,0.01,0.0,1.92,2.2,0.0,3.02,22.16,6.7,1.2,83.0,0.0,0.0,0.0,0.0,0.0,0.0,0.8,2.0,1.6,1.4,0.0,0.0,0.0,0.03,0.2,0.2,0.6,0.0,0.0,0.08,0.06,0.36,-2591.0,-0.2763874780681503,2.0,0.189,0.237,0.574,,1.9603069957257269,0.053302301616904,0.0001753085742166,0,0.0
1636,1,0,19,0,24.3,450,0.03,0.15,0.12,0.66,352,1,0,7.3,26.2,2025-05-10,83,0,0,0,0,0,0,0,False,9,0,0,0,0,36,0,5985,1,3,1,22.0,5,113,430,317,4.7,False,0,0,2,0.1664222031831741,87,Fulham,Everton,1,3,26953,2024,725734,0.1614817231893539,1,2,0,0.1664222031831741,0.2671617567539215,0.0,Everton,3,3,36,2.8,MID,0.0,0.13,0.13,0.0,0.84,2.0,0.0,4.2,19.4,20.7,2.0,89.0,0.0,0.0,0.0,0.0,1.0,0.0,1.0,2.0,2.0,4.0,0.0,0.0,0.0,0.31,1.0,1.0,1.0,0.0,0.0,0.33,0.02,2.3,0.0,0.1,0.11,0.02,0.66,1.0,0.0,3.65,14.4,18.6,3.5,67.0,0.0,0.0,0.0,0.0,0.5,0.0,0.5,1.0,1.5,2.5,0.0,0.5,0.01,0.32,0.5,0.5,1.0,0.0,0.01,0.38,0.04,1.15,0.0,0.06,0.07,0.01,0.93,1.33,0.0,2.43,9.6,12.4,2.33,48.33,0.0,0.0,0.0,0.0,0.33,0.0,0.33,1.33,1.0,2.0,0.0,0.33,0.01,0.22,0.33,0.33,0.67,0.0,0.01,0.25,0.03,0.93,0.0,0.07,0.1,0.03,0.7,1.0,0.0,2.05,7.75,9.75,3.0,42.0,0.0,0.0,0.0,0.0,0.25,0.0,0.25,1.25,0.75,1.75,0.0,0.5,0.02,0.16,0.25,0.25,0.5,0.0,0.02,0.24,0.06,0.7,0.0,0.05,0.08,0.02,0.67,0.8,0.0,1.64,6.2,7.8,2.4,36.6,0.0,0.0,0.0,0.0,0.4,0.0,0.2,1.2,0.8,1.4,0.0,0.4,0.02,0.13,0.2,0.2,0.4,0.0,0.02,0.19,0.04,0.72,129.0,0.1512717536813922,5.0,0.516,0.276,0.209,,,0.1140652850454309,0.1796816776322003,1,0.0
1670,0,0,16,1,5.6,115,0.01,0.01,0.0,0.83,360,0,0,1.7,11.8,2025-05-10,78,0,0,0,0,0,0,0,False,20,0,0,0,0,36,0,19347,1,2,0,0.0,3,1247,1829,582,5.0,False,0,0,0,0.0,86,Wolverhampton Wanderers,Brighton,0,2,26961,2024,725822,0.0,0,0,0,0.0,0.0521191656589508,0.0521191656589508,Brighton,3,3,36,4.2,MID,0.0,0.02,0.04,0.02,1.87,1.0,0.0,1.6,7.2,4.8,4.0,90.0,0.0,0.0,0.0,0.0,0.0,0.0,1.0,1.0,1.0,2.0,0.0,1.0,0.02,0.0,0.0,0.0,0.0,0.0,0.02,0.02,0.0,3.5,0.0,0.02,0.04,0.02,1.57,1.5,0.5,4.25,32.2,3.7,6.5,90.0,0.0,0.0,0.0,0.0,0.0,0.0,1.0,1.5,2.0,6.0,0.5,1.0,0.02,0.0,0.0,0.0,0.0,0.5,0.02,0.31,0.31,1.75,0.0,0.02,0.03,0.01,1.67,2.0,0.33,3.23,24.53,3.33,4.33,85.33,0.0,0.0,0.0,0.0,0.0,0.0,1.0,1.67,2.67,4.67,0.33,0.67,0.01,0.0,0.0,0.0,0.0,0.33,0.01,0.28,0.27,1.77,0.0,0.02,0.03,0.01,1.63,2.0,0.25,4.0,27.7,9.0,3.25,86.5,0.0,0.0,0.0,0.0,0.0,0.0,1.0,1.75,2.5,4.0,0.25,0.5,0.01,0.03,0.0,0.0,0.5,0.25,0.01,0.41,0.4,1.33,0.0,0.02,0.04,0.02,1.42,2.0,0.2,3.78,25.44,8.1,4.2,87.2,0.0,0.0,0.0,0.0,0.0,0.0,1.0,1.6,2.4,3.6,0.2,0.8,0.01,0.02,0.0,0.0,0.4,0.2,0.01,0.49,0.47,1.32,1323.0,0.517212774782248,3.0,0.351,0.271,0.379,,,0.0009329703898217,-0.0002929523890997,1,0.0
1736,0,0,3,0,1.1,654,0.01,0.01,0.0,1.55,355,0,0,0.2,0.4,2025-05-11,17,0,0,0,0,0,0,0,False,14,0,0,0,0,36,0,3476,0,2,0,0.0,1,-54,37,91,5.0,False,0,0,0,0.0,15,Manchester United,West Ham,0,2,26956,2024,726602,0.0,0,0,0,0.0,0.0,0.0,West Ham,2,3,36,1.0,MID,0.0,0.0,0.0,0.0,0.0,0.0,0.0,0.7,4.4,0.2,2.0,10.0,0.0,0.0,0.0,0.0,0.0,0.0,0.0,1.0,1.0,1.0,0.0,0.0,0.0,0.0,0.0,0.0,0.0,0.0,0.0,0.0,0.0,1.2,0.0,0.01,0.02,0.02,0.32,0.5,0.0,1.7,10.2,5.1,1.5,50.0,0.0,0.0,0.0,0.0,0.0,0.0,0.5,1.0,1.0,1.5,0.0,0.5,0.01,0.0,0.0,0.0,0.0,0.0,0.01,0.11,0.1,1.6,0.0,0.01,0.18,0.17,0.68,0.67,0.0,3.03,9.0,10.83,10.33,59.0,0.0,0.0,0.0,0.0,0.0,0.0,0.67,1.0,1.33,1.67,0.0,1.33,0.23,0.02,0.0,0.0,0.67,0.0,0.23,0.32,0.07,1.07,0.0,0.01,0.14,0.13,0.76,0.75,0.0,2.95,10.55,9.25,9.5,53.25,0.0,0.0,0.0,0.0,0.0,0.0,0.5,1.25,1.5,1.5,0.0,1.25,0.17,0.02,0.0,0.0,0.5,0.0,0.17,0.27,0.08,0.92,0.0,0.02,0.12,0.1,0.75,0.6,0.0,2.5,9.04,7.82,8.0,51.6,0.0,0.0,0.0,0.0,0.0,0.0,0.4,1.0,1.4,1.4,0.0,1.0,0.14,0.01,0.0,0.0,0.4,0.0,0.14,0.23,0.08,0.94,-39.0,-0.421875,1.0,0.499,0.264,0.237,,,-0.0006701036510867,-0.0002239246522615,0,0.0
1789,0,0,24,1,0.5,194,0.0,0.04,0.04,0.68,359,0,0,5.0,16.0,2025-05-11,90,0,0,0,0,0,0,0,False,18,0,0,0,0,36,0,22853,1,2,0,33.0,6,-551,195,746,4.4,False,0,0,1,0.16654834151268,90,Tottenham,Crystal Palace,0,2,26960,2024,726649,0.0,0,0,0,0.16654834151268,0.7261305451393127,0.7261305451393127,Crystal Palace,3,3,36,1.2,DEF,0.0,0.01,0.08,0.07,0.71,1.0,0.0,2.6,12.2,4.6,9.0,90.0,0.0,0.0,0.0,0.0,0.0,0.0,1.0,1.0,1.0,2.0,0.0,1.0,0.06,0.0,0.0,0.0,0.0,0.0,0.06,0.06,0.06,0.7,0.0,0.25,0.28,0.04,0.55,0.5,0.0,1.3,6.1,3.95,4.5,67.5,0.0,0.0,0.0,0.5,0.0,0.0,1.0,0.5,0.5,0.0,0.0,0.5,0.03,0.0,0.0,0.0,0.0,0.0,0.03,0.03,0.03,0.55,0.0,0.17,0.26,0.1,0.83,2.0,0.0,1.93,11.53,2.7,6.0,75.0,0.0,0.0,0.0,0.33,0.0,0.0,1.0,0.33,2.0,0.0,0.0,0.67,0.17,0.0,0.0,0.0,0.0,0.0,0.17,0.02,0.02,0.37,0.0,0.12,0.33,0.2,1.58,2.75,0.25,3.8,24.0,2.02,12.75,78.75,0.0,0.0,0.0,0.25,0.0,0.0,1.0,0.75,2.75,1.5,0.25,0.75,0.29,0.0,0.0,0.0,0.0,0.25,0.29,0.12,0.12,0.28,0.2,0.1,0.28,0.18,1.56,2.2,0.2,3.86,25.48,1.88,11.8,81.0,0.0,0.0,0.0,0.2,0.2,0.0,1.0,0.6,2.4,2.4,0.2,1.0,0.25,0.0,0.0,0.0,0.0,0.2,0.25,0.13,0.13,1.18,-552.0,-0.5855472901168969,6.0,0.359,0.263,0.378,,1.5729236706725054,0.1079684701267711,-2.230488447407808e-05,0,0.0
1825,0,2,27,0,10.7,447,0.0,0.74,0.74,1.07,357,2,1,7.9,29.2,2025-05-11,90,0,0,0,0,0,0,0,False,11,0,0,0,0,36,0,3636359,1,2,2,39.0,8,368352,424287,55935,7.1,True,0,1,5,0.9696245193481444,90,Nottingham Forest,Leicester,2,2,26958,2024,726613,0.0387086831033229,0,1,1,0.9696245193481444,0.985476016998291,0.0,Nottingham Forest,1,4,36,6.0,FWD,0.0,0.05,0.29,0.24,2.56,1.0,0.0,4.1,10.6,14.6,16.0,90.0,0.0,0.0,0.0,0.0,0.0,0.0,1.0,1.0,1.0,2.0,0.0,2.0,0.18,0.13,0.0,0.0,1.0,0.0,0.18,0.35,0.11,4.0,0.0,0.06,0.32,0.25,2.1,1.5,0.0,3.8,6.3,13.85,18.0,90.0,0.0,0.0,0.0,0.0,0.0,0.0,1.0,1.5,0.5,2.0,0.0,2.0,0.14,0.1,0.0,0.0,1.0,0.0,0.14,0.26,0.06,2.0,0.33,0.12,0.33,0.21,1.99,1.0,0.33,4.83,16.93,13.83,17.67,85.0,0.0,0.0,0.0,0.0,0.0,0.0,1.0,1.67,0.67,4.0,0.33,1.67,0.22,0.11,0.0,0.0,1.0,0.33,0.22,0.23,0.04,2.33,0.25,0.1,0.25,0.16,1.83,1.0,0.25,4.0,13.75,13.05,13.25,86.25,0.0,0.0,0.0,0.0,0.0,0.0,1.0,1.5,0.5,3.5,0.25,1.25,0.16,0.09,0.0,0.0,1.0,0.25,0.16,0.21,0.06,1.75,0.4,0.08,0.23,0.16,1.53,0.8,0.2,4.12,12.76,10.64,17.8,84.8,0.0,0.0,0.0,0.0,0.0,0.0,1.0,2.0,0.8,3.2,0.2,1.4,0.16,0.07,0.0,0.0,0.8,0.2,0.16,0.19,0.06,2.06,395510.0,0.7670452415757713,6.0,0.704,0.178,0.117,,,0.6511526132941166,0.0683170232583554,1,
1849,0,0,5,0,18.6,370,0.31,0.38,0.07,0.29,355,0,0,2.8,7.2,2025-05-11,7,0,0,0,0,0,0,0,False,19,0,0,0,0,36,0,19898,0,2,0,2.0,1,31,122,91,5.2,True,0,0,1,0.0454545021057128,5,Manchester United,West Ham,0,2,26956,2024,726584,0.1445742398500442,0,1,0,0.0454545021057128,0.1900287419557571,0.1445742398500442,Manchester United,2,3,36,1.8,MID,0.0,0.1,0.17,0.07,1.76,2.0,0.0,9.6,27.8,60.6,8.0,33.0,0.0,0.0,0.0,0.0,0.0,0.0,0.0,3.0,4.0,4.0,0.0,2.0,0.07,0.26,1.0,1.0,4.0,0.0,0.07,0.54,0.32,2.0,0.0,0.05,0.11,0.06,0.88,1.0,0.0,5.7,14.9,35.95,6.5,17.0,0.0,0.0,0.0,0.0,0.0,0.0,0.0,2.0,2.5,2.5,0.0,1.5,0.05,0.14,0.5,0.5,2.5,0.0,0.05,0.27,0.16,1.0,0.0,0.16,0.22,0.06,0.67,1.0,0.0,5.6,16.6,31.73,8.0,41.33,0.0,0.0,0.0,0.0,0.33,0.0,0.33,1.67,1.67,2.0,0.0,1.67,0.06,0.27,0.33,0.33,2.0,0.0,0.06,0.45,0.37,0.93,0.0,0.12,0.17,0.05,1.04,1.75,0.0,4.47,14.05,24.85,6.0,53.5,0.0,0.0,0.0,0.0,0.25,0.0,0.5,1.5,2.25,2.0,0.0,1.25,0.05,0.2,0.25,0.25,1.5,0.0,0.05,0.42,0.37,0.7,0.0,0.11,0.14,0.04,0.87,1.4,0.0,4.2,12.24,25.14,4.8,49.0,0.0,0.0,0.0,0.0,0.4,0.0,0.4,1.2,2.0,1.6,0.0,1.0,0.04,0.18,0.2,0.2,1.6,0.0,0.04,0.37,0.31,0.8,56.0,0.1455399061032863,1.0,0.499,0.264,0.237,,,0.0081372683669671,0.080215214158027,1,0.0
1882,0,0,6,1,3.7,101,0.03,0.03,0.0,0.93,353,0,0,0.9,5.0,2025-05-10,90,0,0,0,0,0,0,0,False,10,0,0,0,0,36,0,23580,1,1,0,0.0,2,1911,2565,654,4.8,False,1,0,0,0.0,90,Ipswich,Brentford,0,1,26954,2024,725761,0.0,0,0,0,0.0,0.0572184585034847,0.0572184585034847,Brentford,3,2,36,4.5,MID,0.0,0.28,0.51,0.23,1.56,3.0,0.0,9.1,37.0,20.8,33.0,90.0,0.0,0.0,0.0,0.0,0.0,0.0,1.0,3.0,4.0,5.0,0.0,1.0,0.56,0.5,1.0,1.0,1.0,0.0,0.56,0.5,0.5,3.8,0.5,0.15,0.29,0.15,1.27,1.5,0.0,6.0,22.9,17.05,20.0,90.0,0.0,0.0,0.0,0.0,0.5,0.0,1.0,2.5,2.0,3.5,0.0,1.0,0.31,0.27,0.5,0.5,1.0,0.0,0.31,0.28,0.26,1.9,0.33,0.11,0.35,0.24,1.32,1.67,0.33,6.33,28.73,12.57,22.0,90.0,0.0,0.0,0.0,0.0,0.33,0.0,1.0,2.33,2.67,4.67,0.33,1.67,0.39,0.18,0.33,0.33,0.67,0.33,0.39,0.21,0.19,2.33,0.25,0.08,0.27,0.18,1.21,1.5,0.25,5.4,26.6,9.88,17.5,90.0,0.0,0.0,0.0,0.0,0.5,0.0,1.0,2.0,2.25,3.75,0.25,1.25,0.3,0.14,0.25,0.25,0.5,0.25,0.3,0.16,0.14,1.75,0.4,0.07,0.22,0.15,1.21,1.2,0.2,4.86,26.12,8.46,14.0,90.0,0.0,0.0,0.0,0.0,0.4,0.0,1.0,1.6,1.8,3.6,0.2,1.0,0.24,0.11,0.2,0.2,0.4,0.2,0.24,0.16,0.14,2.3,2038.0,0.5936626281453867,2.0,0.189,0.237,0.574,,,0.0026557550570351,0.0002693242772595,1,0.0
1951,0,3,33,0,10.8,321,0.01,0.58,0.57,1.46,354,1,1,8.8,33.8,2025-05-11,65,0,0,0,0,0,0,0,False,1,0,0,0,0,36,0,548675,1,2,2,43.0,9,-23624,3235,26859,7.2,True,0,1,2,0.5772902369499207,69,Liverpool,Arsenal,2,2,26952,2024,726763,0.020029354840517,0,1,1,0.5772902369499207,1.873246192932129,1.2959558963775637,Liverpool,5,5,36,4.8,FWD,0.0,0.25,0.31,0.06,3.13,3.0,0.0,4.1,7.2,12.8,21.0,90.0,0.0,0.0,0.0,0.0,0.0,0.0,1.0,1.0,3.0,2.0,0.0,1.0,0.04,0.0,0.0,0.0,0.0,0.0,0.04,0.04,0.0,3.8,0.0,0.14,0.26,0.12,1.78,2.0,0.5,5.85,21.3,12.35,25.0,78.5,0.0,0.0,0.0,0.0,0.5,0.0,1.0,1.0,4.0,4.5,0.5,2.0,0.14,0.02,0.0,0.0,0.5,0.5,0.14,0.37,0.3,1.9,0.0,0.14,0.3,0.16,1.22,1.33,0.33,6.83,19.73,18.9,29.67,72.0,0.0,0.0,0.0,0.0,0.33,0.0,1.0,1.0,2.67,3.33,0.33,2.33,0.26,0.14,0.0,0.0,1.0,0.33,0.26,0.86,0.52,2.1,0.0,0.11,0.23,0.12,1.1,1.25,0.25,5.2,14.8,14.42,22.75,61.5,0.0,0.0,0.0,0.0,0.25,0.0,0.75,1.0,2.5,2.75,0.25,1.75,0.19,0.1,0.0,0.0,0.75,0.25,0.19,0.67,0.41,1.58,0.0,0.09,0.19,0.1,0.99,1.6,0.2,4.36,12.36,11.76,19.4,60.0,0.0,0.0,0.0,0.0,0.2,0.0,0.8,1.2,2.6,2.4,0.2,1.4,0.16,0.08,0.0,0.0,0.6,0.2,0.16,0.53,0.33,1.66,-23824.0,-0.7850069781351764,6.0,0.474,0.263,0.263,,,0.6579484642493085,0.0687409849922462,0,
1988,0,0,11,0,18.3,182,0.04,0.27,0.23,1.57,356,2,0,4.9,9.4,2025-05-11,90,0,0,0,0,0,0,0,False,15,0,0,0,0,36,0,3900595,1,0,2,21.0,2,-7311,89012,96323,10.5,False,0,0,3,0.0944609120488166,90,Newcastle United,Chelsea,2,0,26957,2024,726471,0.0340816676616668,0,1,0,0.0944609120488166,0.4481835961341858,0.3196410238742828,Chelsea,3,4,36,3.7,MID,0.0,0.55,1.67,1.12,1.05,1.0,1.0,14.5,52.6,44.8,48.0,90.0,0.0,0.0,0.0,0.0,0.0,0.0,1.0,1.0,3.0,10.0,1.0,5.0,1.31,1.06,0.0,0.0,4.0,0.0,0.55,2.04,0.44,3.8,0.5,0.31,0.87,0.56,0.74,0.5,0.5,9.6,33.1,38.0,25.0,90.0,0.0,0.0,0.0,0.0,0.0,0.0,1.0,0.5,2.0,6.5,0.5,2.5,0.66,0.55,0.0,0.0,3.0,0.0,0.28,1.08,0.27,1.9,0.33,0.22,0.62,0.4,0.58,0.67,0.33,7.67,25.2,30.0,21.67,90.0,0.0,0.0,0.0,0.0,0.0,0.0,1.0,1.0,1.67,5.0,0.33,2.33,0.46,0.39,0.0,0.0,2.33,0.0,0.21,0.8,0.21,2.33,0.25,0.2,0.57,0.37,0.7,1.0,0.25,8.68,26.65,35.8,24.5,90.0,0.0,0.0,0.0,0.0,0.25,0.0,1.0,1.25,1.75,4.75,0.25,3.25,0.42,0.31,0.25,0.25,2.75,0.0,0.23,0.97,0.45,1.75,0.2,0.17,0.5,0.33,0.69,0.8,0.2,7.26,21.32,29.66,22.2,78.2,0.0,0.0,0.0,0.0,0.2,0.0,0.8,1.0,1.4,4.0,0.2,3.2,0.38,0.25,0.2,0.2,2.2,0.0,0.22,0.83,0.38,1.96,-1399.0,-0.0394474869830307,2.0,0.447,0.25,0.303,,,0.1529401726216113,0.0812786176839888,0,1.0
2007,0,0,3,0,0.0,313,0.0,0.0,0.0,1.46,354,1,0,0.8,8.0,2025-05-11,66,0,0,0,0,0,0,0,False,1,0,0,0,0,36,0,110664,1,2,2,0.0,1,1729,10446,8717,4.7,True,1,0,0,0.0,70,Liverpool,Arsenal,2,2,26952,2024,726755,0.0,0,0,0,0.0,0.0886721834540367,0.0886721834540367,Liverpool,5,5,36,1.8,DEF,0.0,0.01,0.01,0.0,1.46,1.0,0.0,1.0,2.6,1.7,6.0,33.0,0.0,0.0,0.0,0.0,0.0,0.0,0.0,1.0,3.0,1.0,0.0,0.0,0.0,0.0,0.0,0.0,0.0,0.0,0.0,0.0,0.0,3.6,0.5,0.15,0.16,0.02,0.78,0.5,0.0,3.2,6.7,12.7,12.5,51.5,0.0,0.0,0.0,0.0,0.5,0.0,0.5,1.0,1.5,3.0,0.0,0.5,0.03,0.12,0.0,0.0,1.0,0.0,0.03,0.77,0.77,4.8,0.67,0.1,0.13,0.03,0.95,0.33,0.0,3.5,9.13,13.23,12.67,56.67,0.0,0.0,0.0,0.0,0.33,0.0,0.67,1.0,1.67,5.0,0.0,0.67,0.03,0.08,0.0,0.0,1.0,0.0,0.03,0.66,0.65,3.2,0.5,0.08,0.11,0.02,0.73,0.25,0.0,3.85,13.3,15.25,10.0,48.25,0.0,0.0,0.0,0.0,0.25,0.0,0.5,1.25,2.0,4.75,0.0,0.5,0.02,0.15,0.25,0.25,1.25,0.0,0.02,0.59,0.49,2.95,0.4,0.07,0.09,0.02,0.59,0.2,0.0,3.12,10.64,12.26,8.4,43.2,0.0,0.0,0.0,0.0,0.2,0.0,0.4,1.4,2.0,4.0,0.0,0.4,0.02,0.12,0.2,0.2,1.0,0.0,0.02,0.54,0.46,3.08,2281.0,0.0902259562698951,1.0,0.474,0.263,0.263,,0.6006014435563127,3.9846503874230166e-10,2.5609458128350585e-05,0,0.0
2029,0,0,2,0,4.8,265,0.01,0.01,0.0,0.66,353,1,0,0.7,0.0,2025-05-10,56,0,0,0,0,0,0,0,False,4,0,0,0,0,36,0,8315,1,1,0,2.0,1,52,99,47,5.1,True,0,0,0,0.0,59,Ipswich,Brentford,0,1,26954,2024,725749,0.0,0,0,0,0.0,0.0504073314368724,0.0504073314368724,Ipswich,3,2,36,0.5,MID,0.0,0.01,0.01,0.0,0.51,2.0,0.0,2.4,3.8,20.5,0.0,67.0,0.0,0.0,0.0,0.0,1.0,0.0,1.0,2.0,2.0,1.0,0.0,0.0,0.0,0.04,0.0,0.0,2.0,0.0,0.0,0.14,0.11,0.3,0.0,0.0,0.01,0.0,0.38,1.5,0.0,1.25,1.9,10.9,0.0,43.0,0.0,0.0,0.0,0.0,0.5,0.0,0.5,1.0,2.5,1.0,0.0,0.0,0.0,0.02,0.0,0.0,1.0,0.0,0.0,0.07,0.06,0.15,0.0,0.0,0.0,0.0,0.27,1.0,0.0,0.83,1.27,7.27,0.0,29.0,0.0,0.0,0.0,0.0,0.33,0.0,0.33,2.0,1.67,1.0,0.0,0.0,0.0,0.01,0.0,0.0,0.67,0.0,0.0,0.05,0.04,-0.23,0.0,0.0,0.0,0.0,0.41,1.0,0.0,0.68,1.45,5.48,0.0,24.0,0.0,0.0,0.0,0.0,0.25,0.0,0.25,2.0,1.5,1.0,0.0,0.0,0.0,0.01,0.0,0.0,0.5,0.0,0.0,0.03,0.03,-0.1,0.0,0.04,0.04,0.0,0.78,1.6,0.0,1.28,2.52,10.38,0.0,31.4,0.0,0.0,0.0,0.0,0.2,0.0,0.4,2.4,1.2,1.2,0.0,0.0,0.0,0.07,0.0,0.0,0.8,0.0,0.0,0.08,0.02,0.52,72.0,0.3561643835616438,1.0,0.189,0.237,0.574,,,0.0165314273314429,-0.0003680782577009,0,0.0
2051,0,0,18,0,0.2,288,0.0,0.41,0.41,1.31,357,2,1,7.8,43.2,2025-05-11,90,0,0,0,0,0,0,0,False,16,0,0,0,0,36,0,37243,1,2,2,35.0,7,65,2164,2099,4.0,False,0,1,1,0.5428453087806702,90,Nottingham Forest,Leicester,2,2,26958,2024,726620,0.0,0,0,1,0.5428453087806702,0.918938159942627,0.3760928213596344,Leicester,1,4,36,3.5,DEF,1.0,0.0,0.0,0.0,0.53,0.0,0.0,2.6,25.0,0.5,0.0,90.0,0.0,0.0,0.0,0.0,0.0,0.0,1.0,0.0,2.0,8.0,0.0,0.0,0.0,0.0,0.0,0.0,0.0,0.0,0.0,0.67,0.67,2.8,0.5,0.0,0.06,0.06,1.27,1.5,0.0,3.15,22.2,0.4,8.5,90.0,0.0,0.0,0.0,0.0,0.0,0.0,1.0,0.0,2.5,4.5,0.0,0.5,0.05,0.0,0.0,0.0,0.0,0.0,0.05,0.39,0.39,1.4,0.33,0.0,0.04,0.04,1.71,1.33,0.0,3.07,22.87,0.53,7.0,90.0,0.0,0.0,0.0,0.0,0.0,0.0,1.0,0.33,1.67,3.67,0.0,0.33,0.03,0.0,0.0,0.0,0.0,0.0,0.03,0.29,0.29,0.77,0.25,0.0,0.03,0.03,2.26,1.5,0.0,2.5,19.0,0.57,5.25,90.0,0.0,0.0,0.0,0.0,0.25,0.0,1.0,0.75,1.75,2.75,0.0,0.25,0.02,0.0,0.0,0.0,0.0,0.0,0.02,0.28,0.28,0.57,0.2,0.0,0.02,0.02,2.46,1.8,0.0,2.24,17.44,0.56,4.2,90.0,0.0,0.0,0.0,0.0,0.2,0.0,1.0,1.2,1.4,2.4,0.0,0.2,0.02,0.0,0.0,0.0,0.0,0.0,0.02,0.23,0.23,0.56,216.0,0.0152474783016654,7.0,0.704,0.178,0.117,,2.3880541729800453,0.1666183927041959,0.0008169677096026,0,0.0
2142,0,0,17,0,12.1,324,0.03,0.13,0.1,1.46,354,1,0,5.4,20.4,2025-05-11,66,0,0,0,0,0,0,0,False,1,0,0,0,0,36,0,28248,1,2,2,21.0,2,-290,189,479,5.3,True,0,0,1,0.1200700029730796,70,Liverpool,Arsenal,2,2,26952,2024,726760,0.0215520653873682,0,1,0,0.1200700029730796,1.211512804031372,1.0698907375335691,Liverpool,5,5,36,1.5,MID,0.0,0.04,0.04,0.0,3.13,3.0,0.0,2.1,10.4,6.4,4.0,90.0,0.0,0.0,0.0,0.0,0.0,0.0,1.0,1.0,3.0,2.0,0.0,0.0,0.0,0.0,0.0,0.0,0.0,0.0,0.0,0.04,0.04,2.8,0.0,0.02,0.04,0.02,1.58,1.5,0.0,1.35,5.9,3.65,4.0,56.0,0.0,0.0,0.0,0.0,0.0,0.0,0.5,1.0,4.0,1.5,0.0,1.0,0.02,0.0,0.0,0.0,0.0,0.0,0.02,0.09,0.08,1.4,0.0,0.02,0.03,0.01,1.07,1.0,0.0,0.9,3.93,2.47,2.67,37.67,0.0,0.0,0.0,0.0,0.0,0.0,0.33,1.0,2.67,1.33,0.0,0.67,0.01,0.0,0.0,0.0,0.0,0.0,0.01,0.06,0.05,2.17,0.25,0.08,0.09,0.02,1.12,0.75,0.0,1.23,5.1,3.5,3.75,45.0,0.0,0.0,0.0,0.0,0.0,0.0,0.5,1.0,2.5,1.75,0.0,0.75,0.01,0.0,0.0,0.0,0.0,0.0,0.01,0.12,0.12,1.62,0.2,0.08,0.1,0.02,1.04,1.2,0.0,2.12,6.32,7.78,7.2,54.0,0.0,0.0,0.0,0.0,0.0,0.0,0.6,1.2,2.6,1.8,0.0,0.8,0.02,0.02,0.0,0.0,0.4,0.0,0.02,0.19,0.16,2.0,-273.0,-0.4341317365269461,2.0,0.474,0.263,0.263,,,0.1084951699451695,0.0603342520803973,1,0.0
2176,0,0,10,0,14.8,205,0.11,0.11,0.0,0.16,359,0,0,2.5,7.8,2025-05-11,29,0,0,0,0,0,0,0,False,18,0,0,0,0,36,0,11966,0,2,0,2.0,1,-17,76,93,5.1,False,0,0,0,0.0,25,Tottenham,Crystal Palace,0,2,26960,2024,726658,0.1961861103773117,0,1,0,0.0,0.802142858505249,0.6059567928314209,Crystal Palace,3,3,36,1.2,MID,0.0,0.02,0.15,0.13,0.71,1.0,0.0,2.3,9.2,2.0,12.0,86.0,0.0,0.0,0.0,0.0,1.0,0.0,1.0,1.0,1.0,1.0,0.0,3.0,0.07,0.0,0.0,0.0,0.0,0.0,0.07,0.11,0.07,0.7,0.0,0.04,0.13,0.1,0.96,1.5,0.0,3.8,12.1,16.4,9.5,88.0,0.0,0.0,0.0,0.0,0.5,0.0,1.0,1.5,1.5,1.5,0.0,2.0,0.06,0.21,0.0,0.0,1.0,0.0,0.06,0.1,0.03,1.15,0.0,0.02,0.09,0.06,0.66,1.0,0.0,2.8,9.13,11.07,7.67,63.67,0.0,0.0,0.0,0.0,0.33,0.0,0.67,1.0,1.0,1.33,0.0,1.33,0.04,0.14,0.0,0.0,0.67,0.0,0.04,0.07,0.02,1.3,0.0,0.04,0.11,0.07,0.54,1.0,0.0,2.92,7.85,12.67,8.5,56.0,0.0,0.0,0.0,0.0,0.25,0.0,0.5,0.75,2.0,1.25,0.0,1.5,0.06,0.13,0.0,0.0,0.75,0.0,0.06,0.13,0.06,0.98,0.0,0.08,0.13,0.06,1.19,1.8,0.0,2.66,6.8,12.46,7.2,62.8,0.0,0.0,0.0,0.0,0.4,0.0,0.6,1.0,2.6,1.2,0.0,1.2,0.04,0.13,0.0,0.0,0.8,0.0,0.04,0.21,0.15,0.78,-1.0,-0.1005917159763313,1.0,0.359,0.263,0.378,,,0.0065094437761306,0.0649289773184149,1,0.0
2213,1,2,38,1,11.8,395,0.01,0.09,0.08,0.69,356,0,0,6.9,36.6,2025-05-11,90,0,0,0,0,0,0,0,False,6,0,0,0,0,36,0,1308163,1,0,2,21.0,11,-33173,16205,49378,4.5,True,0,0,2,0.0731302797794342,90,Newcastle United,Chelsea,2,0,26957,2024,726451,0.0205536317080259,1,1,0,0.0731302797794342,0.053748719394207,0.053748719394207,Newcastle United,3,4,36,6.3,DEF,0.0,0.0,0.0,0.0,0.69,1.0,0.0,2.8,20.8,1.1,6.0,90.0,0.0,0.0,0.0,0.0,0.0,0.0,1.0,1.0,1.0,2.0,0.0,0.0,0.0,0.0,0.0,0.0,0.0,0.0,0.0,0.19,0.19,4.5,0.5,0.01,0.21,0.2,0.39,0.5,0.5,6.5,37.6,6.9,20.5,90.0,0.0,0.0,0.0,0.0,0.5,0.0,1.0,0.5,2.0,7.5,0.5,0.5,0.44,0.04,0.0,0.0,0.5,0.5,0.44,0.25,0.21,2.25,0.33,0.01,0.16,0.15,1.02,1.67,0.33,4.7,25.67,5.13,16.33,90.0,0.33,0.0,0.0,0.0,0.33,0.0,1.0,0.67,2.67,4.33,0.33,1.0,0.31,0.03,0.0,0.0,0.33,0.33,0.31,0.37,0.34,2.53,0.5,0.02,0.13,0.11,1.26,1.25,0.25,4.3,23.75,6.55,12.75,90.0,0.25,0.0,0.0,0.0,0.5,0.0,1.0,0.5,3.25,4.5,0.25,0.75,0.23,0.13,0.0,0.0,0.5,0.25,0.23,0.31,0.29,1.9,0.4,0.05,0.17,0.12,1.15,1.2,0.2,4.2,21.8,7.62,12.6,90.0,0.2,0.0,0.0,0.0,0.4,0.0,1.0,0.6,3.4,4.0,0.2,0.8,0.19,0.11,0.0,0.0,0.6,0.2,0.19,0.28,0.25,1.52,-39104.0,-0.5058170562493329,9.0,0.447,0.25,0.303,,1.034986644169897,0.0701708399329512,0.068970986889949,0,0.0
2268,0,0,-1,0,0.0,69,0.0,0.46,0.46,0.0,351,0,0,0.5,0.0,2025-05-10,2,0,0,0,0,0,0,0,False,2,0,0,0,0,36,0,118748,0,1,0,7.0,1,-1762,1409,3171,4.5,True,0,0,1,0.6796350479125977,1,Bournemouth,Aston Villa,0,1,26955,2024,726004,0.0,0,0,0,0.6796350479125977,0.969294548034668,0.2896595001220703,Bournemouth,3,3,36,0.8,FWD,0.0,0.0,0.0,0.0,0.12,0.0,0.0,0.2,2.0,0.0,0.0,3.0,0.0,0.0,0.0,0.0,0.0,0.0,0.0,2.0,1.0,1.0,0.0,0.0,0.0,0.0,0.0,0.0,0.0,0.0,0.0,0.0,0.0,-0.5,0.0,0.0,0.0,0.0,0.06,0.0,0.0,0.1,1.0,0.0,0.0,2.0,0.0,0.0,0.0,0.0,0.0,0.0,0.0,1.5,1.0,1.0,0.0,0.0,0.0,0.0,0.0,0.0,0.0,0.0,0.0,0.0,0.0,-0.25,0.0,0.0,0.0,0.0,0.04,0.0,0.0,0.1,1.0,0.1,0.0,1.67,0.0,0.0,0.0,0.0,0.0,0.0,0.0,1.67,1.33,1.0,0.0,0.0,0.0,0.0,0.0,0.0,0.0,0.0,0.0,0.0,0.0,0.33,0.0,0.0,0.0,0.0,0.03,0.0,0.0,0.15,0.75,0.2,0.5,2.0,0.0,0.0,0.0,0.0,0.0,0.0,0.0,1.75,1.25,1.0,0.0,0.0,0.0,0.0,0.0,0.0,0.0,0.0,0.0,0.0,0.0,0.55,0.0,0.0,0.0,0.0,0.04,0.0,0.0,0.16,1.04,0.16,0.4,2.6,0.0,0.0,0.0,0.0,0.0,0.0,0.0,1.8,1.2,1.0,0.0,0.0,0.0,0.0,0.0,0.0,0.0,0.0,0.0,0.0,0.0,0.64,-1706.0,-0.3847161572052401,1.0,0.394,0.263,0.344,,,0.161390919150808,0.0073262196939039,0,
2305,1,2,39,1,35.8,211,0.24,0.44,0.2,0.68,359,0,0,10.2,35.0,2025-05-11,90,0,0,0,0,0,0,0,False,18,0,0,0,0,36,0,2282909,1,2,0,31.0,11,-76576,33100,109676,5.2,False,0,0,3,0.2105399966239929,90,Tottenham,Crystal Palace,0,2,26960,2024,726651,0.6228629350662231,1,3,0,0.2105399966239929,0.9851728081703186,0.2731717228889465,Crystal Palace,3,3,36,3.4,DEF,0.0,0.1,0.21,0.11,0.71,1.0,0.0,8.7,32.0,28.3,27.0,90.0,0.0,0.0,0.0,0.0,1.0,0.0,1.0,1.0,1.0,1.0,0.0,1.0,0.07,0.06,0.0,0.0,2.0,0.0,0.07,0.07,0.0,0.7,0.0,0.32,0.37,0.06,0.96,1.5,0.0,7.5,25.0,32.8,17.5,90.0,0.0,0.0,0.0,0.0,0.5,0.0,1.0,1.5,1.5,1.0,0.0,0.5,0.03,0.43,0.0,0.0,2.5,0.0,0.03,0.16,0.05,2.35,0.33,0.22,0.32,0.1,0.88,1.0,0.0,5.93,19.67,24.23,15.67,90.0,0.0,0.0,0.0,0.0,0.67,0.0,1.0,1.0,1.0,2.33,0.0,0.67,0.06,0.29,0.0,0.0,1.67,0.0,0.06,0.15,0.03,2.9,0.25,0.18,0.3,0.13,1.01,2.0,0.0,5.62,20.85,21.25,14.25,90.0,0.0,0.0,0.0,0.0,0.75,0.0,1.0,0.75,2.0,1.5,0.0,0.75,0.09,0.23,0.0,0.0,1.5,0.0,0.09,0.17,0.03,2.17,0.2,0.15,0.25,0.1,1.57,2.6,0.0,5.26,20.08,20.76,11.8,90.0,0.0,0.0,0.0,0.0,0.6,0.0,1.0,1.0,2.6,1.2,0.0,0.6,0.07,0.19,0.0,0.0,1.2,0.0,0.07,0.24,0.12,1.74,-84225.0,-0.5363366392110719,9.0,0.359,0.263,0.378,,1.4349424814555634,0.1250875240057738,0.1394607065029776,0,0.0
2361,0,3,44,1,17.6,148,0.01,0.8,0.79,0.91,360,0,1,8.4,45.8,2025-05-10,90,0,0,0,0,0,0,0,False,20,0,0,0,0,36,0,712942,1,2,0,21.0,9,-13920,15056,28976,5.5,False,0,1,1,0.7611688375473022,90,Wolverhampton Wanderers,Brighton,0,2,26961,2024,725827,0.0687636360526084,0,1,0,0.0,0.183403879404068,0.1146402508020401,Brighton,3,3,36,4.2,FWD,0.0,0.02,0.02,0.0,1.87,1.0,0.0,3.1,7.0,24.3,0.0,90.0,0.0,0.0,0.0,0.0,1.0,0.0,1.0,1.0,1.0,1.0,0.0,0.0,0.0,0.09,0.0,0.0,2.0,0.0,0.0,0.09,0.02,2.0,0.0,0.02,0.06,0.04,1.57,1.5,0.0,2.65,6.9,14.65,5.0,90.0,0.0,0.0,0.0,0.0,0.5,0.0,1.0,1.5,2.0,1.5,0.0,0.5,0.03,0.05,0.0,0.0,1.0,0.0,0.03,0.16,0.08,1.0,0.0,0.04,0.14,0.1,1.67,2.0,0.33,4.67,17.27,14.63,14.67,85.33,0.0,0.0,0.0,0.0,0.67,0.0,1.0,1.67,2.67,2.67,0.33,1.0,0.09,0.06,0.0,0.0,1.0,0.33,0.09,0.2,0.08,2.0,0.0,0.03,0.26,0.24,1.63,2.0,0.25,4.97,16.15,11.72,21.75,86.5,0.0,0.0,0.0,0.0,0.5,0.0,1.0,1.75,2.5,2.5,0.25,2.0,0.16,0.04,0.0,0.0,0.75,0.25,0.16,0.25,0.08,1.5,0.0,0.03,0.32,0.29,1.42,2.0,0.4,5.88,20.96,9.86,27.8,87.2,0.0,0.0,0.0,0.0,0.4,0.0,1.0,1.6,2.4,3.8,0.4,2.0,0.3,0.03,0.0,0.0,0.6,0.4,0.3,0.39,0.08,1.86,-13940.0,-0.3161337209302325,6.0,0.351,0.271,0.379,,,0.3018536628232779,0.0966962616696909,0,
2390,0,0,4,0,10.6,316,0.01,0.01,0.0,0.85,354,1,0,2.1,4.2,2025-05-11,23,0,0,0,0,0,0,0,False,1,0,0,0,0,36,0,219243,0,2,2,6.0,1,-2333,440,2773,7.0,True,0,0,0,0.0,20,Liverpool,Arsenal,2,2,26952,2024,726767,0.0169083569198846,0,1,0,0.0,0.0532964095473289,0.0363880507647991,Liverpool,5,5,36,0.8,FWD,0.0,0.02,0.32,0.3,1.46,1.0,0.0,1.1,0.0,0.8,10.0,32.0,0.0,0.0,0.0,0.0,0.0,0.0,0.0,1.0,3.0,1.0,0.0,1.0,0.38,0.0,0.0,0.0,0.0,0.0,0.38,0.63,0.25,1.5,0.0,0.02,0.18,0.16,0.73,0.5,0.0,0.9,0.0,0.65,8.5,19.5,0.0,0.0,0.0,0.0,0.0,0.0,0.0,1.0,4.0,1.0,0.0,1.0,0.21,0.0,0.0,0.0,0.0,0.0,0.21,0.41,0.2,0.75,0.0,0.02,0.12,0.11,0.52,0.33,0.0,0.67,0.33,0.7,5.67,20.67,0.0,0.0,0.0,0.0,0.0,0.0,0.0,1.33,3.67,1.0,0.0,0.67,0.14,0.0,0.0,0.0,0.0,0.0,0.14,0.29,0.15,1.0,0.0,0.02,0.1,0.08,0.39,0.25,0.0,0.75,0.25,3.2,4.5,19.25,0.0,0.0,0.0,0.0,0.25,0.0,0.0,1.0,3.0,0.75,0.0,0.75,0.11,0.03,0.0,0.0,0.25,0.0,0.11,0.27,0.13,2.25,0.0,0.02,0.25,0.24,0.37,0.4,0.2,2.84,7.36,5.3,16.0,28.8,0.0,0.0,0.0,0.0,0.4,0.0,0.2,1.0,3.0,2.6,0.2,1.4,0.38,0.04,0.2,0.0,0.4,0.2,0.38,0.46,0.13,2.56,-2166.0,-0.7261126672891379,1.0,0.474,0.263,0.263,,,0.0333427005249171,0.0537544889153631,0,
2419,0,0,8,0,30.5,62,0.14,0.14,0.0,0.0,351,0,0,4.5,10.8,2025-05-10,20,0,0,0,0,0,0,0,False,2,0,0,0,0,36,0,3556,0,1,0,4.0,1,-55,40,95,4.9,True,0,0,0,0.0,12,Bournemouth,Aston Villa,0,1,26955,2024,726005,0.0971669778227806,0,2,0,0.0,0.3868264853954315,0.2896595001220703,Bournemouth,3,3,36,0.8,MID,0.0,0.0,0.0,0.0,0.12,0.0,0.0,0.2,1.0,0.5,0.0,16.0,0.0,0.0,0.0,0.0,0.0,0.0,0.0,2.0,1.0,1.0,0.0,0.0,0.0,0.0,0.0,0.0,0.0,0.0,0.0,0.0,0.0,-0.5,0.0,0.02,0.02,0.0,0.16,0.0,0.0,0.9,1.7,6.95,0.0,18.5,0.0,0.0,0.0,0.0,0.0,0.0,0.0,1.0,0.5,1.0,0.0,0.0,0.0,0.01,0.0,0.0,0.5,0.0,0.0,0.01,0.0,0.15,0.0,0.06,0.06,0.0,0.22,0.33,0.0,1.73,3.6,12.8,0.67,20.0,0.0,0.0,0.0,0.0,0.0,0.0,0.0,1.33,1.0,1.0,0.0,0.0,0.0,0.04,0.0,0.0,1.0,0.0,0.0,0.05,0.03,0.6,0.0,0.04,0.05,0.01,0.25,0.5,0.0,1.5,2.75,11.32,0.75,23.0,0.0,0.0,0.0,0.0,0.0,0.0,0.0,1.5,1.0,1.0,0.0,0.25,0.0,0.03,0.0,0.0,0.75,0.0,0.0,0.06,0.04,0.82,0.0,0.04,0.14,0.1,0.21,0.4,0.0,1.98,3.4,12.18,4.0,20.6,0.0,0.0,0.0,0.0,0.0,0.0,0.0,1.6,1.0,1.0,0.0,0.4,0.11,0.03,0.0,0.0,0.8,0.0,0.11,0.17,0.16,0.96,-40.0,-0.4074074074074074,1.0,0.394,0.263,0.344,,,0.0237994770042995,0.1180047368827934,0,0.0
2457,0,0,7,0,0.0,15,0.0,0.0,0.0,2.56,354,2,0,2.6,25.8,2025-05-11,90,0,0,0,0,0,0,0,False,12,0,0,0,0,36,3,3510942,1,2,2,0.0,2,-120830,8929,129759,5.6,False,0,0,0,0.0,90,Liverpool,Arsenal,2,2,26952,2024,726770,0.0,0,0,0,0.0,0.121033564209938,0.121033564209938,Arsenal,5,5,36,2.5,GK,0.0,0.01,0.01,0.0,0.97,2.0,0.0,0.2,2.2,0.0,0.0,90.0,0.0,0.0,0.0,0.0,0.0,0.0,1.0,2.0,1.0,1.0,0.0,0.0,0.0,0.0,0.0,0.0,0.0,0.0,0.0,0.11,0.11,3.5,0.0,0.0,0.0,0.0,1.36,2.0,0.0,1.05,10.4,0.0,0.0,90.0,0.0,0.0,0.0,0.0,0.0,1.0,1.0,2.0,1.5,1.0,0.0,0.0,0.0,0.0,0.0,0.0,0.0,0.0,0.0,0.09,0.09,5.6,0.33,0.0,0.0,0.0,0.96,1.33,0.0,0.9,8.87,0.0,0.0,90.0,0.0,0.0,0.0,0.0,0.0,0.67,1.0,2.67,1.0,2.67,0.0,0.0,0.0,0.0,0.0,0.0,0.0,0.0,0.0,0.18,0.18,6.3,0.25,0.0,0.0,0.0,0.78,1.25,0.0,0.95,9.45,0.02,0.0,90.0,0.0,0.0,0.0,0.0,0.0,0.75,1.0,2.25,1.0,2.5,0.0,0.0,0.0,0.0,0.0,0.0,0.0,0.0,0.0,0.21,0.21,4.72,0.2,0.0,0.0,0.0,0.84,1.2,0.0,1.02,10.2,0.02,0.0,90.0,0.0,0.0,0.0,0.0,0.0,0.8,1.0,2.0,1.0,2.4,0.0,0.0,0.0,0.0,0.0,0.0,0.0,0.0,0.0,0.21,0.21,4.54,-134753.0,-0.8712361559760037,2.0,0.474,0.263,0.263,3.1807432929088426,1.2765873516420152,,,0,1.0
2495,0,0,23,1,0.0,201,0.0,0.0,0.0,0.68,359,0,0,1.4,14.0,2025-05-11,90,0,0,0,0,0,0,0,False,18,0,0,0,0,36,1,1404971,1,2,0,0.0,6,-25853,9749,35602,4.6,False,0,0,0,0.0,90,Tottenham,Crystal Palace,0,2,26960,2024,726647,0.0,0,0,0,0.0,0.6045153737068176,0.6045153737068176,Crystal Palace,3,3,36,4.0,GK,0.0,0.0,0.0,0.0,0.71,1.0,0.0,2.2,21.6,0.0,0.0,90.0,0.0,0.0,0.0,0.0,0.0,4.0,1.0,1.0,1.0,3.0,0.0,0.0,0.0,0.0,0.0,0.0,0.0,0.0,0.0,0.0,0.0,2.5,0.0,0.0,0.0,0.0,0.96,1.5,0.0,1.8,18.0,0.0,0.0,90.0,0.0,0.0,0.0,0.0,0.0,3.0,1.0,1.5,1.5,2.0,0.0,0.0,0.0,0.0,0.0,0.0,0.0,0.0,0.0,0.05,0.05,3.55,0.33,0.0,0.0,0.0,0.88,1.0,0.0,2.33,23.33,0.0,0.0,90.0,0.0,0.0,0.0,0.0,0.0,3.33,1.0,1.0,1.0,4.33,0.0,0.0,0.0,0.0,0.0,0.0,0.0,0.0,0.0,0.03,0.03,3.9,0.25,0.0,0.0,0.0,1.01,2.0,0.0,2.3,22.9,0.0,0.0,90.0,0.0,0.0,0.0,0.0,0.0,3.25,1.0,0.75,2.0,3.5,0.0,0.0,0.0,0.0,0.0,0.0,0.0,0.0,0.0,0.03,0.03,2.92,0.2,0.0,0.0,0.0,1.57,2.6,0.0,2.36,23.52,0.0,0.0,90.0,0.0,0.0,0.0,0.0,0.0,3.2,1.0,1.0,2.6,3.0,0.0,0.0,0.0,0.0,0.0,0.0,0.0,0.0,0.0,0.09,0.09,2.34,-29255.0,-0.570064607175145,6.0,0.359,0.263,0.378,1.690045742627552,1.2004972827306104,,,0,0.0
2527,0,0,14,0,3.7,580,0.02,0.02,0.0,0.98,351,1,0,3.5,31.0,2025-05-10,90,0,0,0,0,0,0,0,False,2,0,0,0,0,36,0,515317,1,1,0,0.0,1,37471,49260,11789,4.5,True,1,0,0,0.0,90,Bournemouth,Aston Villa,0,1,26955,2024,725992,0.0,0,0,0,0.0,0.4388812482357025,0.4388812482357025,Bournemouth,3,3,36,4.5,DEF,0.0,0.02,0.17,0.15,1.42,1.0,1.0,8.3,47.4,2.6,33.0,90.0,0.0,0.0,0.0,0.0,0.0,0.0,1.0,2.0,1.0,8.0,1.0,1.0,0.31,0.0,0.0,0.0,0.0,1.0,0.31,0.76,0.44,5.0,0.0,0.02,0.09,0.08,1.97,1.0,0.5,5.4,35.5,2.1,16.5,90.0,0.0,0.0,0.0,0.0,0.5,0.0,1.0,1.5,1.0,4.5,0.5,0.5,0.16,0.0,0.0,0.0,0.0,0.5,0.16,0.43,0.27,2.5,0.33,0.02,0.09,0.06,1.44,0.67,0.33,5.5,35.73,6.8,12.67,90.0,0.0,0.0,0.0,0.0,0.33,0.0,1.0,1.0,0.67,5.67,0.33,1.0,0.12,0.01,0.0,0.0,0.33,0.33,0.12,0.36,0.23,3.27,0.5,0.02,0.06,0.05,1.34,0.5,0.25,4.62,31.75,5.25,9.5,90.0,0.0,0.0,0.0,0.0,0.25,0.0,1.0,0.75,0.75,6.0,0.25,0.75,0.09,0.01,0.0,0.0,0.25,0.25,0.09,0.27,0.17,2.45,0.4,0.05,0.1,0.04,1.21,0.8,0.2,4.8,32.16,6.44,9.6,90.0,0.0,0.0,0.0,0.0,0.2,0.0,1.0,1.0,1.0,5.6,0.2,0.8,0.08,0.15,0.2,0.2,0.4,0.2,0.08,0.24,0.17,2.4,42904.0,0.6137856475945552,1.0,0.394,0.263,0.344,,1.1777306567939818,3.9846503874230166e-10,3.68027146719907e-05,0,0.0
2596,0,0,1,0,0.0,492,0.0,0.04,0.04,0.18,359,0,0,0.3,0.0,2025-05-11,18,0,0,0,0,0,0,0,False,7,0,0,0,0,36,0,261586,1,2,0,5.0,1,63,2605,2542,6.2,True,0,0,1,0.0665461122989654,18,Tottenham,Crystal Palace,0,2,26960,2024,726642,0.0,0,0,0,0.0665461122989654,0.0665461122989654,0.0,Tottenham,3,3,36,1.5,MID,0.0,0.06,0.06,0.0,0.84,1.0,0.0,3.4,9.8,15.8,8.0,90.0,0.0,0.0,0.0,0.0,0.0,0.0,1.0,1.0,1.0,2.0,0.0,0.0,0.0,0.09,0.0,0.0,1.0,0.0,0.0,0.09,0.0,1.5,0.0,0.03,0.04,0.01,0.99,1.5,0.0,2.4,9.5,8.05,6.0,67.5,0.0,0.0,0.0,0.0,0.0,0.0,0.5,1.0,3.0,1.5,0.0,0.5,0.01,0.05,0.0,0.0,0.5,0.0,0.01,0.06,0.0,0.75,0.0,0.03,0.06,0.03,0.82,1.67,0.0,3.3,9.0,10.07,13.67,67.0,0.0,0.0,0.0,0.0,0.0,0.0,0.67,1.33,2.33,1.67,0.0,1.0,0.1,0.04,0.0,0.0,0.67,0.0,0.1,0.08,0.02,0.6,0.0,0.02,0.04,0.02,0.76,1.5,0.0,2.6,7.4,7.67,10.75,54.0,0.0,0.0,0.0,0.0,0.0,0.0,0.5,1.5,2.75,1.5,0.0,0.75,0.07,0.03,0.0,0.0,0.5,0.0,0.07,0.06,0.02,0.45,0.0,0.02,0.04,0.02,0.62,1.2,0.0,2.16,6.2,6.16,9.0,48.0,0.0,0.0,0.0,0.0,0.0,0.0,0.4,1.4,2.2,1.4,0.0,0.6,0.06,0.02,0.0,0.0,0.4,0.0,0.06,0.09,0.06,1.12,337.0,0.0122401398873129,1.0,0.359,0.263,0.378,,,0.0686881438906186,0.0103653145492106,0,0.0
2689,0,0,2,0,0.5,317,0.0,0.09,0.09,0.1,354,0,0,0.3,0.0,2025-05-11,11,0,0,0,0,0,0,0,False,1,0,0,0,0,36,0,302795,0,2,2,4.0,1,-6304,1401,7705,7.2,True,0,0,1,0.0791910961270332,8,Liverpool,Arsenal,2,2,26952,2024,726766,0.0,0,0,0,0.0791910961270332,0.0791910961270332,0.0,Liverpool,5,5,36,1.0,MID,0.0,0.0,0.18,0.18,1.68,2.0,0.0,0.8,0.0,1.6,13.0,57.0,0.0,0.0,0.0,0.0,0.0,0.0,1.0,1.0,3.0,1.0,0.0,2.0,0.11,0.0,0.0,0.0,0.0,0.0,0.11,0.07,0.0,2.0,0.0,0.0,0.12,0.12,0.85,1.0,0.0,0.95,1.6,1.3,10.0,39.5,0.0,0.0,0.0,0.0,0.0,0.0,0.5,1.0,4.0,1.0,0.0,1.5,0.11,0.0,0.0,0.0,0.0,0.0,0.11,0.17,0.07,1.0,0.0,0.0,0.23,0.23,0.63,0.67,0.0,1.3,1.07,1.1,14.33,36.33,0.0,0.0,0.0,0.0,0.0,0.0,0.33,1.0,2.67,1.0,0.0,2.33,0.5,0.0,0.0,0.0,0.0,0.0,0.5,0.39,0.09,2.1,0.0,0.0,0.18,0.18,0.66,0.5,0.0,1.42,1.3,4.27,11.25,42.0,0.0,0.0,0.0,0.0,0.0,0.0,0.5,1.0,2.5,1.0,0.0,1.75,0.37,0.01,0.0,0.0,0.25,0.0,0.37,0.3,0.06,1.58,0.0,0.0,0.21,0.2,0.66,1.0,0.0,1.7,2.08,3.46,13.6,46.8,0.0,0.0,0.0,0.0,0.0,0.0,0.6,1.2,2.6,1.2,0.0,1.6,0.37,0.01,0.0,0.0,0.2,0.0,0.37,0.31,0.05,2.36,-6208.0,-0.692290797276521,1.0,0.474,0.263,0.263,,,0.0513205088385961,0.0004640988512167,1,0.0
2714,0,0,6,0,2.0,504,0.0,0.0,0.0,3.39,359,2,0,2.2,20.4,2025-05-11,90,0,0,0,0,0,0,0,False,7,0,0,0,0,36,0,92595,1,2,0,0.0,1,-5401,940,6341,4.4,True,0,0,0,0.0,90,Tottenham,Crystal Palace,0,2,26960,2024,726637,0.0,0,0,0,0.0,0.6400248408317566,0.6400248408317566,Tottenham,3,3,36,1.0,DEF,0.0,0.02,0.02,0.0,0.84,1.0,0.0,4.0,21.8,15.9,2.0,90.0,0.0,0.0,0.0,0.0,0.0,0.0,1.0,1.0,1.0,2.0,0.0,0.0,0.0,0.06,0.0,0.0,1.0,0.0,0.0,0.3,0.3,0.2,0.0,0.02,0.04,0.01,1.56,3.0,0.0,2.35,13.1,8.3,2.0,90.0,0.0,0.0,0.0,0.0,0.0,0.0,1.0,1.0,3.0,1.0,0.0,0.5,0.0,0.03,0.0,0.0,0.5,0.0,0.0,0.15,0.15,0.1,0.0,0.02,0.05,0.03,1.2,2.67,0.0,2.4,12.47,8.1,3.33,90.0,0.0,0.0,0.0,0.0,0.0,0.0,1.0,1.33,2.33,1.0,0.0,0.67,0.02,0.02,0.0,0.0,0.33,0.0,0.02,0.42,0.4,0.3,0.0,0.02,0.05,0.02,1.5,3.0,0.0,2.62,14.4,8.15,3.5,90.0,0.25,0.0,0.0,0.0,0.0,0.0,1.0,1.5,2.75,0.25,0.0,0.5,0.01,0.02,0.0,0.0,0.25,0.0,0.01,0.32,0.3,0.22,0.0,0.08,0.13,0.05,1.41,2.6,0.0,3.42,17.28,9.76,7.0,90.0,0.2,0.0,0.0,0.0,0.0,0.0,1.0,1.4,2.8,1.2,0.0,0.6,0.03,0.04,0.2,0.2,0.4,0.0,0.03,0.35,0.31,0.74,-5604.0,-0.7417937096552671,1.0,0.359,0.263,0.378,,1.3408691635493044,3.9846503874230166e-10,-0.0001169479861629,0,1.0
2740,0,0,2,0,0.0,220,0.0,0.1,0.1,0.13,352,0,0,2.2,3.0,2025-05-10,1,0,0,0,0,0,0,0,False,9,0,0,0,0,36,0,118873,0,3,1,19.0,1,506,828,322,5.4,False,0,0,1,0.253771036863327,1,Fulham,Everton,1,3,26953,2024,725739,0.0,0,0,0,0.253771036863327,0.253771036863327,0.0,Everton,3,3,36,0.5,FWD,0.0,0.0,0.05,0.05,0.29,1.0,0.0,0.5,0.0,1.3,4.0,13.0,0.0,0.0,0.0,0.0,0.0,0.0,0.0,2.0,2.0,1.0,0.0,1.0,0.04,0.0,0.0,0.0,0.0,0.0,0.04,0.0,0.0,0.5,0.0,0.0,0.02,0.02,0.18,0.5,0.0,0.25,0.0,0.7,2.0,12.5,0.0,0.0,0.0,0.0,0.0,0.0,0.5,1.5,1.0,1.0,0.0,0.5,0.02,0.0,0.0,0.0,0.0,0.0,0.02,0.0,0.0,1.35,0.0,0.02,0.33,0.32,0.5,1.0,0.33,3.9,11.67,5.53,22.0,38.33,0.0,0.0,0.0,0.0,0.33,0.0,0.67,1.67,1.67,2.33,0.33,2.33,0.53,0.04,0.0,0.0,0.33,0.33,0.53,0.47,0.07,0.9,0.0,0.01,0.38,0.36,0.68,1.0,0.25,3.32,8.75,4.97,20.25,51.25,0.0,0.0,0.0,0.0,0.25,0.0,0.75,1.5,1.25,2.25,0.25,2.5,0.62,0.03,0.0,0.0,0.25,0.25,0.62,0.45,0.06,0.98,0.0,0.01,0.3,0.29,0.7,1.0,0.2,2.74,7.32,4.38,16.2,52.6,0.0,0.0,0.0,0.0,0.2,0.0,0.6,1.2,1.2,2.0,0.2,2.0,0.49,0.02,0.0,0.0,0.2,0.2,0.49,0.37,0.05,1.1,608.0,0.44,1.0,0.516,0.276,0.209,,,0.2394598997211847,0.0019105093946159,0,
2803,1,0,23,0,29.8,336,0.63,0.69,0.06,2.31,354,2,0,7.3,27.8,2025-05-11,90,0,0,0,0,0,0,0,False,1,0,0,0,0,36,0,297949,1,2,2,15.0,5,-18459,2844,21303,6.2,True,0,0,2,0.0369377098977565,90,Liverpool,Arsenal,2,2,26952,2024,726762,0.8612412214279175,1,2,0,0.0369377098977565,0.8402930498123169,0.020029354840517,Liverpool,5,5,36,4.5,MID,0.0,0.01,0.01,0.0,1.44,1.0,0.0,0.2,1.2,0.8,0.0,21.0,0.0,0.0,0.0,0.0,0.0,0.0,0.0,1.0,3.0,1.0,0.0,0.0,0.0,0.0,0.0,0.0,0.0,0.0,0.0,0.25,0.25,4.5,0.0,0.32,0.46,0.14,0.94,1.0,0.0,7.85,24.3,42.1,12.0,44.0,0.0,0.0,0.0,0.0,0.0,0.0,0.5,1.0,4.0,5.0,0.0,1.0,0.22,0.61,1.0,1.0,4.0,0.0,0.22,0.9,0.13,2.25,0.33,0.29,0.4,0.11,0.66,0.67,0.0,7.47,22.2,37.8,14.67,52.67,0.0,0.0,0.0,0.0,0.0,0.0,0.67,1.0,2.67,4.33,0.0,1.33,0.16,0.63,0.67,0.67,3.67,0.0,0.16,1.26,0.64,2.67,0.25,0.22,0.3,0.08,0.55,0.75,0.0,5.62,16.7,28.6,11.0,45.0,0.0,0.0,0.0,0.0,0.0,0.0,0.5,1.0,2.5,3.5,0.0,1.0,0.12,0.47,0.5,0.5,2.75,0.0,0.12,0.96,0.5,2.0,0.2,0.18,0.25,0.07,0.56,1.2,0.0,4.58,13.36,23.28,10.2,46.8,0.0,0.0,0.0,0.0,0.0,0.0,0.6,1.2,2.6,3.0,0.0,1.2,0.11,0.38,0.4,0.4,2.2,0.0,0.11,0.77,0.4,2.2,-18785.0,-0.7644427879239657,5.0,0.474,0.263,0.263,,,0.079462652510329,0.2171279707232336,0,0.0
2824,1,0,21,0,15.3,230,0.07,0.07,0.0,0.15,352,0,0,3.6,20.6,2025-05-10,29,0,0,0,0,0,0,0,False,9,0,0,0,0,36,0,145660,0,3,1,0.0,4,9531,11502,1971,5.1,False,0,0,0,0.0,26,Fulham,Everton,1,3,26953,2024,725738,0.3202067911624908,1,1,0,0.0,0.253771036863327,0.253771036863327,Everton,3,3,36,4.0,MID,0.0,0.03,0.06,0.03,0.56,1.0,1.0,5.6,34.0,11.3,11.0,77.0,0.0,0.0,0.0,0.0,0.0,0.0,1.0,2.0,2.0,10.0,1.0,1.0,0.02,0.0,0.0,0.0,0.0,1.0,0.02,0.06,0.04,4.5,0.0,0.02,0.11,0.09,0.5,0.5,0.5,4.1,18.8,6.25,16.0,52.0,0.0,0.0,0.0,0.0,0.0,0.0,0.5,1.0,1.5,5.5,0.5,1.0,0.18,0.0,0.0,0.0,0.0,0.5,0.18,0.23,0.05,2.25,0.0,0.01,0.07,0.06,0.82,1.0,0.33,2.83,12.87,4.17,11.33,38.33,0.0,0.0,0.0,0.0,0.0,0.0,0.33,1.33,1.0,4.0,0.33,0.67,0.12,0.0,0.0,0.0,0.0,0.33,0.12,0.15,0.03,1.83,0.0,0.02,0.06,0.04,0.62,0.75,0.25,2.88,14.45,5.7,8.5,29.0,0.0,0.0,0.0,0.0,0.0,0.0,0.25,1.25,0.75,4.0,0.25,0.5,0.09,0.08,0.25,0.25,0.25,0.25,0.09,0.19,0.03,1.38,0.0,0.01,0.05,0.04,0.51,0.6,0.2,2.3,11.56,4.56,6.8,23.8,0.0,0.0,0.0,0.0,0.0,0.0,0.2,1.2,0.8,3.4,0.2,0.4,0.07,0.06,0.2,0.2,0.2,0.2,0.07,0.15,0.02,1.06,9907.0,0.7074148296593187,4.0,0.516,0.276,0.209,,,0.0027961637642242,0.0849680529652301,0,0.0
2858,0,3,52,1,28.9,199,0.2,1.36,1.16,0.68,359,0,2,13.8,70.4,2025-05-11,90,0,0,0,0,0,0,0,False,18,0,0,0,0,36,0,1486489,1,2,0,39.0,16,53409,98695,45286,6.9,False,0,2,4,1.067571043968201,90,Tottenham,Crystal Palace,0,2,26960,2024,726656,0.16654834151268,0,1,2,1.067571043968201,1.7241451740264893,0.6707310676574707,Crystal Palace,3,3,36,7.0,MID,0.0,0.07,1.05,0.98,0.71,1.0,1.0,8.8,40.0,22.3,26.0,90.0,0.0,0.0,0.0,0.0,0.0,0.0,1.0,1.0,1.0,10.0,1.0,3.0,0.87,0.01,0.0,0.0,1.0,0.0,0.11,0.12,0.0,4.7,0.0,0.2,0.82,0.61,0.77,1.5,1.0,8.4,37.0,22.35,25.0,76.0,0.0,0.0,0.0,0.0,0.0,0.0,1.0,1.5,1.5,9.5,1.0,3.0,0.51,0.11,0.0,0.0,1.5,0.5,0.13,0.22,0.0,6.35,0.0,0.15,0.57,0.42,0.65,1.0,0.67,5.83,24.67,15.33,18.67,65.67,0.0,0.0,0.0,0.0,0.0,0.0,1.0,1.0,1.0,6.67,0.67,2.33,0.36,0.07,0.0,0.0,1.0,0.33,0.1,0.15,0.0,6.9,0.0,0.12,0.63,0.51,0.79,1.75,0.5,4.98,19.5,11.7,18.75,63.25,0.0,0.25,0.0,0.0,0.0,0.0,1.0,0.75,2.0,4.75,0.5,2.0,0.46,0.06,0.0,0.0,0.75,0.25,0.08,0.12,0.01,5.18,0.0,0.09,0.64,0.54,1.38,2.4,0.6,5.02,21.84,9.62,18.8,66.4,0.0,0.2,0.0,0.0,0.0,0.0,1.0,1.0,2.6,5.2,0.6,2.0,0.44,0.04,0.0,0.0,0.6,0.4,0.14,0.2,0.11,4.14,59744.0,0.3709447774359117,13.0,0.359,0.263,0.378,,,0.4753774039000153,0.2063472863617208,0,0.0
2887,0,0,-2,0,0.1,11,0.0,0.28,0.28,0.16,359,0,0,2.7,1.0,2025-05-11,30,0,0,0,0,0,0,0,False,18,0,0,0,0,36,0,67395,0,2,0,26.0,1,-1151,1094,2245,5.9,False,0,0,2,0.5940418839454651,26,Tottenham,Crystal Palace,0,2,26960,2024,726660,0.0,0,0,0,0.5940418839454651,0.5940418839454651,0.0,Crystal Palace,3,3,36,1.0,FWD,0.0,0.0,0.2,0.2,0.0,0.0,0.0,1.9,0.0,10.1,11.0,14.0,0.0,0.0,0.0,0.0,1.0,0.0,0.0,1.0,1.0,0.0,0.0,2.0,0.42,0.06,0.0,0.0,1.0,0.0,0.42,0.15,0.0,0.3,0.0,0.0,0.48,0.48,0.56,1.0,0.0,2.05,0.3,5.4,16.0,46.5,0.0,0.0,0.0,0.0,0.5,0.0,0.5,1.5,1.5,1.0,0.0,2.5,0.56,0.03,0.0,0.0,0.5,0.0,0.56,0.23,0.05,0.15,0.0,0.0,0.32,0.32,0.39,0.67,0.0,1.43,0.53,3.77,10.67,36.0,0.0,0.0,0.0,0.0,0.33,0.0,0.33,1.0,1.0,1.0,0.0,1.67,0.37,0.02,0.0,0.0,0.33,0.0,0.37,0.19,0.08,0.1,0.0,0.0,0.3,0.3,0.34,0.75,0.0,1.8,0.7,4.05,13.75,35.5,0.0,0.0,0.0,0.0,0.25,0.0,0.25,0.75,2.0,1.0,0.0,1.75,0.32,0.02,0.0,0.0,0.25,0.0,0.32,0.23,0.1,0.08,0.0,0.0,0.24,0.24,0.27,0.6,0.0,1.44,0.56,3.24,11.0,30.2,0.0,0.0,0.0,0.2,0.2,0.0,0.2,0.8,2.0,0.4,0.0,1.4,0.26,0.01,0.0,0.0,0.2,0.0,0.26,0.18,0.08,-0.04,-1035.0,-0.3447139862234202,1.0,0.359,0.263,0.378,,,0.2111450735520055,0.0008823228921186,0,
2913,0,0,19,1,0.0,347,0.0,0.0,0.0,0.1,358,0,0,0.2,2.0,2025-05-10,90,0,0,0,0,0,0,0,False,17,0,0,0,0,36,0,650461,1,0,0,0.0,6,69665,74923,5258,5.3,False,0,0,0,0.0,90,Southampton,Manchester City,0,0,26959,2024,725786,0.0,0,0,0,0.0,0.0354851260781288,0.0354851260781288,Manchester City,4,1,36,4.0,GK,1.0,0.0,0.0,0.0,0.4,0.0,0.0,0.6,5.8,0.0,0.0,90.0,0.0,0.0,0.0,0.0,0.0,0.0,1.0,0.0,1.0,6.0,0.0,0.0,0.0,0.0,0.0,0.0,0.0,0.0,0.0,0.14,0.14,3.0,0.5,0.07,0.07,0.0,1.04,1.0,0.0,2.0,13.4,6.5,0.0,80.0,0.0,0.0,0.0,0.0,0.0,0.0,1.0,1.0,3.0,5.0,0.0,0.0,0.0,0.23,0.5,0.5,0.5,0.0,0.0,0.56,0.33,1.5,0.67,0.05,0.05,0.0,1.0,0.67,0.0,2.0,15.73,4.33,0.0,83.33,0.0,0.0,0.0,0.0,0.0,0.67,1.0,0.67,2.0,5.33,0.0,0.0,0.0,0.15,0.33,0.33,0.33,0.0,0.0,0.38,0.23,2.5,0.75,0.04,0.04,0.0,0.76,0.5,0.0,1.65,13.25,3.25,0.0,85.0,0.0,0.0,0.0,0.0,0.0,0.5,1.0,0.5,2.0,5.5,0.0,0.0,0.0,0.11,0.25,0.25,0.25,0.0,0.0,0.32,0.21,2.75,0.6,0.03,0.03,0.0,0.76,0.6,0.0,1.76,14.96,2.6,0.0,86.0,0.0,0.0,0.0,0.0,0.0,1.0,1.0,0.4,1.8,5.0,0.0,0.0,0.0,0.09,0.2,0.2,0.2,0.0,0.0,0.3,0.21,3.5,77126.0,0.8688467342637283,6.0,0.086,0.126,0.788,0.0492595378888329,0.496167898148631,,,0,1.0
2941,0,0,2,0,1.4,511,0.0,0.0,0.0,1.7,355,0,0,0.3,1.6,2025-05-11,26,0,0,0,0,0,0,0,False,14,0,0,0,0,36,0,13868,0,2,0,0.0,1,-118,27,145,5.0,False,0,0,0,0.0,24,Manchester United,West Ham,0,2,26956,2024,726601,0.0,0,0,0,0.0,0.0,0.0,West Ham,2,3,36,0.2,MID,0.0,0.04,0.04,0.0,1.13,1.0,0.0,0.8,4.2,4.2,0.0,53.0,0.0,0.0,0.0,0.0,0.0,0.0,1.0,2.0,2.0,1.0,0.0,0.0,0.0,0.0,0.0,0.0,0.0,0.0,0.0,0.03,0.03,0.2,0.0,0.02,0.02,0.0,0.92,0.5,0.0,0.6,3.7,2.55,0.0,49.0,0.0,0.0,0.0,0.0,0.0,0.0,0.5,1.0,1.5,1.0,0.0,0.0,0.0,0.0,0.0,0.0,0.0,0.0,0.0,0.01,0.01,0.6,0.0,0.02,0.02,0.0,1.08,0.67,0.0,1.03,5.93,2.47,2.0,54.0,0.0,0.0,0.0,0.0,0.0,0.0,0.67,1.0,1.0,1.33,0.0,0.0,0.0,0.0,0.0,0.0,0.0,0.0,0.0,0.02,0.02,1.07,0.25,0.02,0.02,0.0,0.84,0.5,0.0,1.52,7.75,5.95,1.5,56.75,0.0,0.0,0.0,0.0,0.0,0.0,0.75,0.75,1.25,1.75,0.0,0.0,0.0,0.01,0.0,0.0,0.25,0.0,0.0,0.04,0.03,1.3,0.4,0.02,0.02,0.0,0.88,0.4,0.0,1.44,7.68,5.44,1.2,62.8,0.0,0.0,0.0,0.0,0.0,0.0,0.8,0.8,1.0,2.0,0.0,0.0,0.0,0.01,0.0,0.0,0.2,0.0,0.0,0.05,0.04,1.38,-531.0,-0.686046511627907,1.0,0.499,0.264,0.237,,,0.000855145177744,0.0001334586544272,1,0.0
2978,0,0,4,0,13.9,423,0.02,0.08,0.06,0.92,357,2,0,3.1,12.2,2025-05-11,90,0,0,0,0,0,0,0,False,11,0,0,0,0,36,0,38751,1,2,2,5.0,1,3067,4336,1269,5.0,True,1,0,1,0.0213344693183898,90,Nottingham Forest,Leicester,2,2,26958,2024,726608,0.018129950389266,0,1,0,0.0213344693183898,0.2364905923604965,0.2151561230421066,Nottingham Forest,1,4,36,4.5,MID,0.0,0.05,0.15,0.1,2.56,1.0,0.0,3.9,21.4,4.1,13.0,90.0,0.0,0.0,0.0,0.0,0.0,0.0,1.0,1.0,1.0,2.0,0.0,2.0,0.07,0.0,0.0,0.0,0.0,0.0,0.07,0.13,0.09,4.3,0.0,0.05,0.12,0.06,1.8,1.0,0.0,3.65,13.5,3.55,19.0,75.0,0.0,0.0,0.0,0.0,0.5,0.0,1.0,1.5,0.5,1.5,0.0,1.5,0.05,0.0,0.0,0.0,0.0,0.0,0.05,0.1,0.06,2.15,0.0,0.04,0.09,0.05,1.92,1.0,0.33,4.93,27.67,6.3,15.0,80.0,0.0,0.0,0.0,0.0,0.33,0.0,1.0,1.67,0.67,4.33,0.33,1.33,0.04,0.01,0.0,0.0,0.33,0.33,0.04,0.08,0.05,3.0,0.0,0.03,0.07,0.04,1.78,1.0,0.25,4.47,25.7,7.47,11.25,82.5,0.0,0.0,0.0,0.0,0.25,0.0,1.0,1.5,0.5,3.75,0.25,1.0,0.03,0.03,0.0,0.0,0.5,0.25,0.03,0.09,0.05,2.25,0.0,0.03,0.12,0.09,2.03,1.2,0.2,3.9,20.6,6.86,11.2,84.0,0.0,0.0,0.0,0.0,0.2,0.0,1.0,1.4,0.8,3.4,0.2,1.6,0.08,0.02,0.0,0.0,0.4,0.2,0.08,0.15,0.07,2.56,3368.0,0.5471900089206067,1.0,0.704,0.178,0.117,,,0.054029691163117,0.0513288719938949,1,0.0
2991,0,0,0,0,0.8,405,0.01,0.01,0.0,0.14,356,0,0,0.3,2.4,2025-05-11,25,0,0,0,0,0,0,0,False,6,0,0,0,0,36,0,9990,0,0,2,0.0,0,-28,34,62,4.3,True,1,0,0,0.0,19,Newcastle United,Chelsea,2,0,26957,2024,726459,0.0,0,0,0,0.0,0.072716049849987,0.072716049849987,Newcastle United,3,4,36,1.1,DEF,0.0,0.0,0.0,0.0,0.0,0.0,0.0,0.0,0.0,0.0,0.0,1.0,0.0,0.0,0.0,0.0,0.0,0.0,0.0,1.0,1.0,1.0,0.0,0.0,0.0,0.0,0.0,0.0,0.0,0.0,0.0,0.0,0.0,1.3,0.0,0.0,0.0,0.0,0.08,0.0,0.0,0.3,2.7,0.15,0.0,7.5,0.0,0.0,0.0,0.0,0.0,0.0,0.0,1.0,2.5,1.0,0.0,0.0,0.0,0.0,0.0,0.0,0.0,0.0,0.0,0.28,0.28,1.4,0.0,0.0,0.0,0.0,0.16,0.0,0.0,0.27,2.07,0.6,0.0,8.67,0.0,0.0,0.0,0.0,0.0,0.0,0.0,0.67,3.33,1.0,0.0,0.0,0.0,0.0,0.0,0.0,0.0,0.0,0.0,0.18,0.18,0.93,0.0,0.0,0.0,0.0,0.2,0.0,0.0,0.28,2.05,0.65,0.0,9.5,0.0,0.0,0.0,0.0,0.0,0.0,0.0,0.75,3.5,1.0,0.0,0.0,0.0,0.0,0.0,0.0,0.0,0.0,0.0,0.14,0.14,0.7,0.0,0.0,0.0,0.0,0.21,0.0,0.0,0.28,1.68,0.58,0.4,8.2,0.0,0.0,0.0,0.0,0.0,0.0,0.0,1.2,2.8,1.0,0.0,0.0,0.0,0.0,0.0,0.0,0.0,0.0,0.0,0.11,0.11,0.86,-8.0,-0.2916666666666667,0.0,0.447,0.25,0.303,,0.2372709219592215,3.9846503874230166e-10,-3.6002256512457365e-05,0,0.0
3024,1,0,28,0,41.9,19,0.19,0.19,0.0,0.82,352,1,0,6.9,23.0,2025-05-10,62,0,0,0,0,0,0,0,False,8,0,0,0,0,36,0,845385,1,3,1,4.0,5,-2102,5150,7252,5.1,True,0,0,0,0.0,66,Fulham,Everton,1,3,26953,2024,725717,0.6000635027885437,1,3,0,0.0,0.6672737002372742,0.6526554822921753,Fulham,3,3,36,3.5,MID,0.0,0.0,0.03,0.03,0.75,0.0,0.0,0.4,1.4,1.3,1.0,33.0,0.0,0.0,0.0,0.0,0.0,0.0,0.0,0.0,1.0,1.0,0.0,1.0,0.03,0.0,0.0,0.0,0.0,0.0,0.03,0.16,0.16,2.5,0.0,0.01,0.16,0.15,0.39,0.0,0.5,4.15,21.0,1.8,18.5,28.5,0.0,0.0,0.0,0.0,0.0,0.0,0.0,1.0,1.0,4.5,0.5,1.5,0.09,0.0,0.0,0.0,0.0,0.5,0.09,0.16,0.12,1.25,0.0,0.01,0.12,0.1,0.26,0.0,0.33,2.97,14.47,1.93,13.0,26.0,0.0,0.0,0.0,0.0,0.0,0.0,0.0,0.67,1.0,3.33,0.33,1.0,0.06,0.0,0.0,0.0,0.0,0.33,0.06,0.12,0.09,0.83,0.0,0.01,0.09,0.08,0.25,0.0,0.25,2.23,10.85,1.48,9.75,23.0,0.0,0.0,0.0,0.0,0.25,0.0,0.0,1.0,1.5,2.5,0.25,0.75,0.05,0.0,0.0,0.0,0.0,0.25,0.05,0.09,0.07,0.8,0.0,0.01,0.07,0.06,0.45,0.2,0.2,2.1,10.12,2.44,8.2,31.6,0.0,0.0,0.0,0.0,0.2,0.0,0.2,1.0,1.6,2.4,0.2,0.6,0.04,0.0,0.0,0.0,0.0,0.2,0.04,0.07,0.06,1.0,-2064.0,-0.1694887921303015,5.0,0.516,0.276,0.209,,,0.0309372467126352,0.1922039187997606,0,0.0
3076,0,2,28,1,0.0,47,0.01,0.01,0.0,0.8,351,0,0,3.5,34.6,2025-05-10,90,0,0,0,0,0,0,0,False,3,0,0,0,0,36,4,1456301,1,1,0,0.0,8,11670,28000,16330,5.0,False,1,0,0,0.0,90,Bournemouth,Aston Villa,0,1,26955,2024,726006,0.0,0,0,0,0.0,0.3482730984687805,0.3482730984687805,Aston Villa,3,3,36,5.2,GK,1.0,0.0,0.0,0.0,0.85,0.0,0.0,2.6,26.4,0.0,0.0,90.0,0.0,0.0,0.0,0.0,0.0,3.0,1.0,0.0,1.0,9.0,0.0,0.0,0.0,0.0,0.0,0.0,0.0,0.0,0.0,0.2,0.2,4.8,0.5,0.0,0.0,0.0,1.09,1.0,0.0,2.75,27.6,0.0,0.0,90.0,0.0,0.0,0.0,0.0,0.0,3.5,1.0,0.5,1.5,5.5,0.0,0.0,0.0,0.0,0.0,0.0,0.0,0.0,0.0,0.25,0.25,5.3,0.33,0.0,0.0,0.0,1.06,1.0,0.0,2.77,24.33,3.33,0.0,90.0,0.0,0.0,0.0,0.0,0.0,3.0,1.0,0.67,2.33,4.33,0.0,0.0,0.0,0.01,0.0,0.0,0.33,0.0,0.0,0.31,0.3,5.47,0.5,0.0,0.0,0.0,0.87,0.75,0.0,2.52,22.7,2.5,0.0,90.0,0.0,0.0,0.0,0.0,0.0,2.75,1.0,1.25,1.75,4.75,0.0,0.0,0.0,0.01,0.0,0.0,0.25,0.0,0.0,0.31,0.3,4.1,0.4,0.0,0.0,0.0,0.99,0.8,0.0,2.58,21.8,4.0,0.0,90.0,0.0,0.0,0.0,0.0,0.2,2.6,1.0,1.2,1.8,4.0,0.0,0.0,0.0,0.06,0.0,0.0,0.4,0.0,0.0,0.3,0.24,3.88,13072.0,0.263252876156102,6.0,0.394,0.263,0.344,4.159868691711375,1.3745811871754587,,,0,1.0
3149,0,0,18,0,42.7,168,0.1,0.12,0.02,1.57,356,2,0,8.1,15.2,2025-05-11,90,0,0,0,0,0,0,0,False,15,0,0,0,0,36,0,457188,1,0,2,23.0,1,31107,43000,11893,4.7,False,1,0,1,0.0388343930244445,90,Newcastle United,Chelsea,2,0,26957,2024,726468,0.1795655041933059,0,3,0,0.0388343930244445,0.3729766011238098,0.20231594145298,Chelsea,3,4,36,4.7,MID,0.0,0.06,0.71,0.65,1.05,1.0,1.0,9.7,51.0,22.6,23.0,87.0,0.0,0.0,0.0,0.0,0.0,0.0,1.0,1.0,3.0,9.0,1.0,2.0,0.44,0.39,0.0,0.0,2.0,1.0,0.44,1.48,0.66,4.5,0.5,0.04,0.39,0.36,0.74,0.5,0.5,7.5,39.3,23.2,12.5,88.5,0.0,0.0,0.0,0.0,0.0,0.0,1.0,0.5,2.0,7.5,0.5,1.5,0.24,0.25,0.5,0.5,2.0,0.5,0.24,0.84,0.36,2.25,0.33,0.17,0.41,0.24,0.58,0.67,0.33,7.13,35.6,26.73,9.0,89.0,0.0,0.0,0.0,0.0,0.0,0.0,1.0,1.0,1.67,6.67,0.33,1.0,0.16,0.24,0.67,0.67,2.0,0.33,0.16,0.64,0.32,3.17,0.25,0.23,0.47,0.24,0.7,1.0,0.25,8.65,33.75,38.1,14.75,89.25,0.0,0.0,0.0,0.0,0.0,0.0,1.0,1.25,1.75,5.5,0.25,1.5,0.24,0.35,0.5,0.5,2.75,0.25,0.24,0.87,0.49,2.38,0.4,0.2,0.42,0.22,0.8,0.8,0.2,8.4,29.48,40.06,14.6,89.4,0.0,0.0,0.0,0.0,0.2,0.0,1.0,1.0,1.4,4.8,0.2,2.0,0.22,0.32,0.4,0.4,3.0,0.2,0.22,0.77,0.41,3.0,33326.0,0.5666842766837301,1.0,0.447,0.25,0.303,,,0.1514143010674662,0.2084488722149355,1,1.0
3182,0,0,6,1,22.6,351,0.21,0.26,0.05,0.1,358,0,0,5.0,3.4,2025-05-10,90,0,0,0,0,0,0,0,False,17,0,0,0,0,36,0,2683468,1,0,0,24.0,2,138138,147052,8914,14.8,False,0,0,1,0.0388482846319675,90,Southampton,Manchester City,0,0,26959,2024,725796,0.1334400773048401,0,2,0,0.0388482846319675,0.1535523831844329,0.0201123021543025,Manchester City,4,1,36,1.5,FWD,0.0,0.03,0.98,0.95,2.04,2.0,1.0,6.4,32.4,2.7,29.0,90.0,0.0,0.0,0.0,0.0,0.0,0.0,1.0,2.0,2.0,7.0,1.0,3.0,0.89,0.0,0.0,0.0,0.0,0.0,0.13,0.13,0.0,4.7,0.0,0.03,0.58,0.55,1.38,1.5,0.5,4.35,16.2,8.35,19.0,90.0,0.0,0.0,0.0,0.0,0.0,0.0,1.0,1.0,1.5,4.5,0.5,2.5,0.51,0.01,0.0,0.0,0.5,0.0,0.13,0.13,0.0,4.25,0.33,0.03,0.86,0.83,1.37,1.0,0.67,6.53,25.8,9.37,30.33,90.0,0.0,0.0,0.0,0.0,0.0,0.0,1.0,1.0,1.0,5.67,0.67,2.67,0.87,0.03,0.0,0.0,0.67,0.33,0.62,0.75,0.11,4.03,0.5,0.11,0.77,0.66,1.14,0.75,0.5,6.78,23.65,12.52,31.75,89.0,0.0,0.0,0.0,0.0,0.0,0.0,1.0,0.75,1.75,5.5,0.5,2.5,0.68,0.17,0.25,0.25,1.0,0.25,0.49,0.57,0.08,4.95,0.4,0.1,0.7,0.6,1.12,1.6,0.6,6.76,24.96,10.32,32.4,89.2,0.0,0.0,0.0,0.0,0.0,0.0,1.0,0.8,2.4,5.6,0.6,2.2,0.63,0.14,0.2,0.2,0.8,0.4,0.48,0.54,0.06,5.26,-1664066.0,0.8856930356616186,2.0,0.086,0.126,0.788,,,0.2596896815708442,0.1287787981670323,0,
3285,0,0,21,1,0.2,44,0.0,0.0,0.0,0.8,351,0,0,1.0,9.8,2025-05-10,90,0,0,0,0,0,0,0,False,3,0,0,0,0,36,0,930462,1,1,0,0.0,5,1083,16352,15269,4.4,False,1,0,0,0.0,90,Bournemouth,Aston Villa,0,1,26955,2024,726009,0.0,0,0,0,0.0,0.3482730984687805,0.3482730984687805,Aston Villa,3,3,36,3.5,DEF,1.0,0.01,0.01,0.0,0.85,0.0,0.0,1.8,17.4,0.9,0.0,90.0,0.0,0.0,0.0,0.0,0.0,0.0,1.0,0.0,1.0,6.0,0.0,0.0,0.0,0.0,0.0,0.0,0.0,0.0,0.0,0.25,0.25,4.0,0.5,0.0,0.04,0.04,1.09,1.0,0.0,1.5,12.1,0.6,2.5,90.0,0.0,0.0,0.0,0.0,0.0,0.0,1.0,0.5,1.5,3.5,0.0,0.5,0.05,0.0,0.0,0.0,0.0,0.0,0.05,0.33,0.27,4.9,0.33,0.01,0.03,0.02,1.06,1.0,0.0,1.23,10.2,0.43,1.67,90.0,0.0,0.0,0.0,0.0,0.0,0.0,1.0,0.67,2.33,3.0,0.0,0.33,0.03,0.0,0.0,0.0,0.0,0.0,0.03,0.35,0.32,5.2,0.5,0.02,0.07,0.06,0.87,0.75,0.0,2.17,12.85,6.08,2.75,90.0,0.0,0.0,0.0,0.0,0.0,0.0,1.0,1.25,1.75,4.0,0.0,0.5,0.05,0.03,0.0,0.0,0.5,0.0,0.05,0.38,0.36,3.9,0.4,0.01,0.06,0.04,0.91,0.8,0.0,1.84,11.28,4.92,2.2,81.0,0.0,0.0,0.0,0.0,0.0,0.0,0.8,1.2,1.8,3.4,0.0,0.4,0.04,0.03,0.0,0.0,0.4,0.0,0.04,0.31,0.29,3.72,-875.0,0.0342493912273489,5.0,0.394,0.263,0.344,,1.0261721299724085,3.9846503874230166e-10,-5.264456805509354e-05,0,0.0
3319,0,0,21,1,1.8,415,0.02,0.02,0.0,0.69,356,0,0,2.2,18.6,2025-05-11,90,0,0,0,0,0,0,0,False,6,0,0,0,0,36,0,478695,1,0,2,2.0,5,-54869,11193,66062,5.6,True,1,0,0,0.0,90,Newcastle United,Chelsea,2,0,26957,2024,726450,0.0,0,0,0,0.0,0.1911541223526001,0.1911541223526001,Newcastle United,3,4,36,5.8,DEF,0.0,0.09,0.39,0.3,0.69,1.0,0.0,3.1,16.6,1.9,12.0,90.0,0.0,0.0,0.0,0.0,0.0,0.0,1.0,1.0,1.0,6.0,0.0,2.0,0.24,0.0,1.0,0.0,0.0,0.0,0.24,0.05,0.05,7.1,0.5,0.06,0.22,0.16,0.4,0.5,0.0,2.7,15.0,4.4,7.5,86.0,0.0,0.0,0.0,0.0,0.0,0.0,1.0,0.5,2.0,6.0,0.0,1.5,0.13,0.0,0.5,0.0,0.0,0.0,0.13,0.22,0.22,3.55,0.33,0.04,0.24,0.2,0.99,1.67,0.33,4.5,25.87,3.0,16.0,84.33,0.0,0.0,0.0,0.0,0.33,0.0,1.0,0.67,2.67,5.67,0.33,1.33,0.21,0.0,0.33,0.0,0.0,0.33,0.21,0.14,0.14,4.67,0.5,0.04,0.23,0.2,1.24,1.25,0.5,6.1,33.75,7.47,19.75,85.75,0.0,0.0,0.0,0.0,0.25,0.0,1.0,0.5,3.25,7.75,0.5,1.75,0.24,0.04,0.25,0.0,0.5,0.5,0.24,0.15,0.13,3.5,0.4,0.03,0.18,0.16,1.14,1.2,0.4,5.42,30.68,6.12,17.4,86.6,0.0,0.0,0.0,0.0,0.2,0.0,1.0,0.6,3.4,6.6,0.4,1.4,0.19,0.04,0.2,0.0,0.4,0.4,0.19,0.12,0.1,2.8,-59340.0,-0.7102323474208789,5.0,0.447,0.25,0.303,,0.8636481978073351,0.0014206269027758,-0.0001025989215401,0,0.0
3351,0,2,27,0,11.5,117,0.01,0.14,0.13,0.08,357,0,1,8.8,38.8,2025-05-11,29,0,0,0,0,0,0,0,False,16,0,0,0,0,36,0,45648,0,2,2,38.0,7,-634,250,884,4.5,False,1,1,2,0.3549872934818268,27,Nottingham Forest,Leicester,2,2,26958,2024,726628,0.0,0,1,1,0.3549872934818268,0.3549872934818268,0.0,Leicester,1,4,36,1.2,MID,0.0,0.01,0.07,0.06,0.84,1.0,0.0,1.6,7.4,1.7,7.0,45.0,0.0,0.0,0.0,0.0,0.0,0.0,1.0,0.0,3.0,1.0,0.0,1.0,0.04,0.0,0.0,0.0,0.0,0.0,0.04,0.04,0.0,0.0,0.0,0.02,0.14,0.12,0.9,1.0,0.0,2.1,6.1,7.7,7.0,37.0,0.0,0.0,0.0,0.0,0.0,0.0,0.5,0.5,1.5,1.0,0.0,1.5,0.07,0.02,0.0,0.0,0.5,0.0,0.07,0.07,0.04,-0.35,0.0,0.09,0.18,0.09,0.76,0.67,0.0,2.47,5.4,12.47,6.67,39.67,0.0,0.0,0.0,0.0,0.0,0.0,0.33,1.33,1.0,1.0,0.0,1.67,0.06,0.04,0.0,0.0,0.67,0.0,0.06,0.05,0.02,-0.07,0.0,0.07,0.14,0.07,0.6,0.5,0.0,1.92,4.4,9.72,5.0,37.25,0.0,0.0,0.0,0.0,0.0,0.0,0.25,1.0,1.25,1.0,0.0,1.25,0.04,0.03,0.0,0.0,0.5,0.0,0.04,0.06,0.04,0.08,0.0,0.05,0.15,0.1,0.52,0.8,0.0,1.76,4.0,8.04,5.4,35.0,0.0,0.0,0.0,0.0,0.0,0.0,0.2,1.4,1.0,1.0,0.0,1.2,0.1,0.03,0.0,0.0,0.4,0.0,0.1,0.12,0.03,0.32,-1542.0,-0.5590828924162258,5.0,0.704,0.178,0.117,,,0.3199138631510125,0.0639832127970692,0,0.0
3395,0,0,6,1,1.5,518,0.0,0.0,0.0,1.82,358,0,0,1.7,15.4,2025-05-10,90,0,0,0,0,0,0,0,False,13,0,0,0,0,36,0,4144,1,0,0,0.0,2,-1,63,64,4.7,True,1,0,0,0.0,90,Southampton,Manchester City,0,0,26959,2024,725777,0.0,0,0,0,0.0,0.0319594927132129,0.0319594927132129,Southampton,4,1,36,1.0,MID,0.0,0.15,0.15,0.0,1.4,2.0,0.0,1.7,7.2,7.7,2.0,90.0,0.0,0.0,0.0,0.0,0.0,0.0,1.0,0.0,2.0,2.0,0.0,0.0,0.0,0.0,0.0,0.0,0.0,0.0,0.0,0.36,0.36,1.5,0.0,0.1,0.1,0.0,1.91,2.0,0.0,2.15,10.4,9.95,1.0,90.0,0.0,0.0,0.0,0.0,0.0,0.0,1.0,1.0,1.5,2.0,0.0,0.0,0.0,0.13,0.0,0.0,0.5,0.0,0.0,0.36,0.23,0.75,0.0,0.08,0.09,0.01,1.58,1.67,0.0,2.87,11.6,14.73,2.33,90.0,0.0,0.0,0.0,0.0,0.0,0.0,1.0,1.0,1.33,2.0,0.0,0.33,0.01,0.11,0.0,0.0,1.0,0.0,0.01,0.27,0.17,0.67,0.25,0.06,0.07,0.0,1.34,1.25,0.0,2.6,11.25,12.45,2.25,89.75,0.0,0.0,0.0,0.0,0.25,0.0,1.0,1.0,1.25,2.0,0.0,0.25,0.0,0.08,0.0,0.0,0.75,0.0,0.0,0.24,0.17,0.62,0.2,0.05,0.05,0.0,1.07,1.0,0.0,2.12,9.2,10.1,1.8,73.2,0.0,0.0,0.0,0.0,0.2,0.0,0.8,1.2,1.2,1.8,0.0,0.2,0.0,0.06,0.0,0.0,0.6,0.0,0.0,0.2,0.14,0.56,14.0,-0.0078740157480314,2.0,0.086,0.126,0.788,,,-0.0011887443130726,0.0002538678742347,0,0.0
3426,0,0,10,0,2.8,617,0.01,0.13,0.12,0.98,351,1,0,4.7,4.2,2025-05-10,90,0,0,0,0,0,0,0,False,2,0,0,0,0,36,0,411387,1,1,0,40.0,2,-16771,35784,52555,5.8,True,0,0,2,0.1065403372049331,90,Bournemouth,Aston Villa,0,1,26955,2024,726000,0.0,0,0,0,0.1065403372049331,0.1236172094941139,0.0170768704265356,Bournemouth,3,3,36,3.0,FWD,0.0,0.01,0.6,0.59,1.3,1.0,1.0,7.4,30.4,1.9,42.0,86.0,0.0,0.0,0.0,0.0,1.0,0.0,1.0,2.0,1.0,6.0,1.0,4.0,0.94,0.0,0.0,0.0,0.0,1.0,0.94,0.39,0.0,2.0,0.0,0.09,0.38,0.3,1.17,1.0,0.5,4.9,19.7,7.6,22.0,77.5,0.0,0.0,0.0,0.5,0.5,0.0,1.0,1.5,1.0,4.0,0.5,2.0,0.47,0.05,0.5,0.5,0.5,0.5,0.47,0.3,0.05,1.0,0.33,0.07,0.33,0.26,0.9,0.67,0.33,5.2,17.2,9.33,25.67,81.67,0.0,0.0,0.0,0.33,0.33,0.0,1.0,1.0,0.67,3.33,0.33,2.33,0.38,0.04,0.33,0.33,0.67,0.33,0.38,0.28,0.04,2.73,0.5,0.06,0.39,0.33,0.94,0.5,0.25,4.6,14.1,7.72,24.25,83.75,0.0,0.0,0.0,0.25,0.25,0.0,1.0,0.75,0.75,3.0,0.25,2.75,0.48,0.03,0.25,0.25,0.5,0.25,0.48,0.39,0.03,2.05,0.4,0.05,0.65,0.61,0.89,0.8,0.6,6.64,24.48,8.62,33.4,84.8,0.0,0.0,0.0,0.2,0.2,0.0,1.0,1.0,1.0,5.0,0.6,2.8,0.69,0.04,0.2,0.2,0.6,0.6,0.69,0.49,0.03,3.28,-16601.0,-0.18984819841746,2.0,0.394,0.263,0.344,,,0.3319675362188636,6.746065928098233e-10,0,
3546,0,0,27,0,2.6,9,0.03,0.43,0.4,2.56,354,2,1,8.0,37.6,2025-05-11,90,0,0,0,0,0,0,0,False,12,0,0,0,0,36,0,286784,1,2,2,40.0,7,-17610,5205,22815,6.5,False,0,1,2,0.4096138775348663,90,Liverpool,Arsenal,2,2,26952,2024,726780,0.0,0,0,1,0.4096138775348663,0.3936284780502319,0.0663310885429382,Arsenal,5,5,36,4.8,MID,0.0,0.37,0.45,0.08,0.97,2.0,0.0,8.4,12.8,42.3,29.0,85.0,0.0,0.0,0.0,0.0,0.0,0.0,1.0,2.0,1.0,2.0,0.0,2.0,0.13,0.24,0.0,0.0,3.0,0.0,0.13,0.68,0.31,4.5,0.0,0.29,0.35,0.06,1.36,2.0,0.0,6.05,8.6,27.7,24.0,87.5,0.0,0.0,0.0,0.0,0.0,0.0,1.0,2.0,1.5,2.0,0.0,2.0,0.12,0.33,0.0,0.0,2.0,0.0,0.12,0.63,0.17,7.1,0.33,0.2,0.46,0.26,0.95,1.33,0.33,6.67,16.53,20.07,30.0,82.33,0.0,0.0,0.0,0.0,0.0,0.0,1.0,2.67,1.0,4.0,0.33,3.0,0.33,0.22,0.0,0.0,1.33,0.33,0.33,0.76,0.24,7.97,0.25,0.18,0.43,0.25,0.77,1.25,0.25,6.55,14.65,21.33,29.5,84.25,0.0,0.0,0.0,0.0,0.0,0.0,1.0,2.25,1.0,3.5,0.25,2.75,0.28,0.17,0.0,0.0,1.25,0.25,0.28,0.61,0.18,5.98,0.2,0.15,0.36,0.21,0.78,1.2,0.2,5.98,13.6,17.52,28.6,76.4,0.0,0.0,0.0,0.0,0.0,0.0,0.8,2.0,1.0,3.0,0.2,2.4,0.24,0.14,0.0,0.0,1.0,0.2,0.24,0.54,0.18,5.48,-18356.0,-0.6284796573875803,7.0,0.474,0.263,0.263,,,0.3858905079882113,0.0005141385764466,0,0.0
3573,0,0,1,0,0.2,272,0.0,0.32,0.32,0.63,353,0,0,2.0,2.0,2025-05-10,29,0,0,0,0,0,0,0,False,4,0,0,0,0,36,0,5124,0,1,0,18.0,0,480,825,345,5.4,True,1,0,2,0.1259339451789856,26,Ipswich,Brentford,0,1,26954,2024,725753,0.0,0,0,0,0.1259339451789856,0.1259339451789856,0.0,Ipswich,3,2,36,1.5,FWD,0.0,0.12,0.4,0.28,0.05,0.0,1.0,8.1,35.2,10.8,35.0,22.0,0.0,0.0,0.0,0.0,1.0,0.0,0.0,2.0,2.0,5.0,1.0,1.0,0.61,0.06,0.0,0.0,1.0,1.0,0.61,0.67,0.0,2.0,0.0,0.06,0.2,0.14,0.15,0.5,0.5,4.3,18.9,6.4,17.5,20.5,0.0,0.0,0.0,0.0,0.5,0.0,0.0,1.0,2.5,3.0,0.5,0.5,0.3,0.03,0.0,0.0,0.5,0.5,0.3,0.33,0.0,1.0,0.0,0.04,0.16,0.12,0.85,1.33,0.33,3.37,13.47,5.7,14.33,40.67,0.0,0.0,0.0,0.0,0.33,0.0,0.33,2.0,1.67,2.67,0.33,0.67,0.22,0.02,0.0,0.0,0.33,0.33,0.22,0.24,0.0,0.67,0.0,0.03,0.16,0.12,0.99,1.25,0.25,2.62,10.1,4.62,12.0,48.0,0.0,0.0,0.0,0.0,0.25,0.0,0.5,2.0,1.75,2.5,0.25,1.0,0.25,0.02,0.0,0.0,0.25,0.25,0.25,0.49,0.22,0.5,0.0,0.03,0.12,0.1,0.96,1.2,0.2,2.1,8.08,3.7,9.6,40.2,0.0,0.0,0.0,0.0,0.2,0.0,0.4,2.0,1.6,2.2,0.2,0.8,0.2,0.01,0.0,0.0,0.2,0.2,0.2,0.39,0.18,0.86,542.0,0.4102564102564102,0.0,0.189,0.237,0.574,,,0.2253635368424662,0.0008823228921186,0,
3630,0,0,-2,0,2.1,548,0.01,0.53,0.52,0.91,360,1,0,1.2,0.0,2025-05-10,58,0,0,0,0,0,0,0,False,5,0,0,0,0,36,0,10468,1,2,0,13.0,1,-14,152,166,5.3,True,0,0,2,0.4740495979785919,66,Wolverhampton Wanderers,Brighton,0,2,26961,2024,725811,0.0,0,0,0,0.4740495979785919,0.1023306027054786,0.0,Wolverhampton Wanderers,3,3,36,0.8,MID,0.0,0.01,0.01,0.0,0.0,0.0,0.0,0.1,0.6,0.6,0.0,10.0,0.0,0.0,0.0,0.0,0.0,0.0,0.0,0.0,1.0,1.0,0.0,0.0,0.0,0.0,0.0,0.0,0.0,0.0,0.0,0.0,0.0,0.0,0.0,0.0,0.04,0.04,0.03,0.0,0.0,0.05,0.3,0.3,0.5,5.5,0.0,0.0,0.0,0.0,0.0,0.0,0.0,0.0,2.0,1.0,0.0,0.5,0.04,0.0,0.0,0.0,0.0,0.0,0.04,0.04,0.0,0.0,0.0,0.01,0.04,0.03,0.26,0.33,0.0,0.37,0.4,1.4,2.33,10.67,0.0,0.0,0.0,0.0,0.0,0.0,0.0,0.67,1.67,1.0,0.0,0.33,0.03,0.0,0.0,0.0,0.0,0.0,0.03,0.06,0.04,0.33,0.0,0.01,0.03,0.02,0.23,0.25,0.0,0.32,0.3,1.62,1.75,9.75,0.0,0.0,0.0,0.0,0.0,0.0,0.0,0.75,1.5,1.0,0.0,0.25,0.02,0.0,0.0,0.0,0.0,0.0,0.02,0.05,0.03,0.38,0.0,0.02,0.03,0.02,0.51,0.6,0.0,0.56,0.76,3.46,1.8,16.8,0.0,0.0,0.0,0.0,0.0,0.0,0.2,0.8,1.6,1.0,0.0,0.2,0.02,0.01,0.0,0.0,0.2,0.0,0.02,0.06,0.03,0.44,20.0,-0.0440251572327044,1.0,0.351,0.271,0.379,,,0.1032787563646477,-0.000236627222153,0,0.0
3677,0,0,10,1,2.4,588,0.01,0.01,0.0,0.58,355,0,0,1.0,6.0,2025-05-11,63,0,0,0,0,0,0,0,False,14,0,0,0,0,36,0,7019,1,2,0,2.0,3,-15,15,30,4.8,False,0,0,0,0.0,66,Manchester United,West Ham,0,2,26956,2024,726592,0.0,0,0,0,0.0,0.085313580930233,0.085313580930233,West Ham,2,3,36,0.8,MID,0.0,0.0,0.0,0.0,0.08,0.0,0.0,0.0,0.0,0.0,0.0,1.0,0.0,0.0,0.0,0.0,0.0,0.0,0.0,1.0,1.0,1.0,0.0,0.0,0.0,0.0,0.0,0.0,0.0,0.0,0.0,0.0,0.0,0.2,0.0,0.0,0.0,0.0,0.04,0.0,0.0,0.0,0.0,0.0,0.0,1.0,0.0,0.0,0.0,0.0,0.0,0.0,0.0,1.0,1.0,1.0,0.0,0.0,0.0,0.0,0.0,0.0,0.0,0.0,0.0,0.0,0.0,0.6,0.0,0.0,0.0,0.0,0.08,0.0,0.0,0.33,3.2,0.17,0.0,15.67,0.0,0.0,0.0,0.0,0.0,0.0,0.33,1.33,0.67,1.0,0.0,0.0,0.0,0.0,0.0,0.0,0.0,0.0,0.0,0.01,0.01,0.4,0.0,0.0,0.0,0.0,0.34,0.5,0.0,0.5,4.15,0.9,0.0,31.75,0.0,0.0,0.0,0.0,0.0,0.0,0.5,1.5,1.25,1.25,0.0,0.0,0.0,0.0,0.0,0.0,0.0,0.0,0.0,0.01,0.01,0.55,0.2,0.0,0.02,0.02,0.47,0.4,0.0,0.96,6.32,2.84,0.4,38.8,0.0,0.0,0.0,0.0,0.2,0.0,0.6,1.4,1.0,1.4,0.0,0.2,0.01,0.01,0.0,0.0,0.2,0.0,0.01,0.11,0.1,0.68,-22.0,-0.3333333333333333,3.0,0.499,0.264,0.237,,,0.0084732912437328,-0.0001414854167212,0,0.0
3730,0,0,3,0,10.7,377,0.01,0.37,0.36,0.64,355,1,0,5.0,11.2,2025-05-11,38,0,0,0,0,0,0,0,False,19,0,0,0,0,36,0,90419,0,2,0,28.0,1,5612,7818,2206,4.9,True,0,0,3,0.4509971141815185,36,Manchester United,West Ham,0,2,26956,2024,726586,0.6022781729698181,0,1,0,0.4509971141815185,0.2391571849584579,0.2391571849584579,Manchester United,2,3,36,0.8,DEF,0.0,0.01,0.01,0.0,2.03,2.0,0.0,0.6,3.6,0.5,2.0,55.0,0.0,0.0,0.0,0.0,0.0,0.0,0.0,3.0,4.0,0.0,0.0,0.0,0.0,0.0,0.0,0.0,0.0,0.0,0.0,0.0,0.0,0.5,0.0,0.01,0.03,0.02,1.28,1.5,0.0,2.35,4.8,0.3,18.5,60.0,0.0,0.0,0.0,0.0,0.0,0.0,0.5,2.0,2.5,1.0,0.0,0.5,0.02,0.0,0.0,0.0,0.0,0.0,0.02,0.17,0.17,0.25,0.0,0.01,0.02,0.02,0.99,1.0,0.0,2.13,8.73,0.23,12.33,59.0,0.0,0.0,0.0,0.0,0.0,0.0,0.67,1.33,1.67,1.0,0.0,0.33,0.01,0.0,0.0,0.0,0.0,0.0,0.01,0.13,0.13,0.23,0.0,0.01,0.17,0.16,0.76,0.75,0.0,2.28,6.55,0.18,16.5,44.75,0.0,0.0,0.0,0.0,0.0,0.0,0.5,1.0,1.5,1.0,0.0,1.0,0.18,0.0,0.0,0.0,0.0,0.0,0.18,0.28,0.11,0.12,0.0,0.0,0.17,0.17,0.89,1.0,0.2,4.4,20.24,0.24,23.8,53.8,0.0,0.0,0.0,0.0,0.0,0.0,0.6,1.2,1.8,2.4,0.2,1.4,0.23,0.0,0.0,0.0,0.0,0.2,0.23,0.23,0.1,0.84,7264.0,0.5598563447725459,1.0,0.499,0.264,0.237,,0.8365381096185884,0.0879905804184797,0.051003216937147,0,0.0
3759,0,0,15,0,11.3,259,0.03,0.33,0.3,1.03,352,3,0,7.1,8.2,2025-05-10,73,0,0,0,0,0,0,0,False,8,0,0,0,0,36,0,24570,1,3,1,51.0,2,267,941,674,5.2,True,0,0,8,0.2831248342990875,78,Fulham,Everton,1,3,26953,2024,725716,0.0689850151538848,0,1,0,0.2831248342990875,0.9204978942871094,0.568388044834137,Fulham,3,3,36,1.8,MID,0.0,0.01,0.47,0.46,0.42,1.0,0.0,4.6,11.2,3.3,31.0,66.0,0.0,0.0,0.0,0.0,0.0,0.0,1.0,0.0,1.0,2.0,0.0,3.0,0.32,0.0,0.0,0.0,0.0,0.0,0.32,0.34,0.02,1.2,0.0,0.08,0.31,0.24,0.52,1.0,0.0,4.55,10.0,18.0,17.0,75.5,0.0,0.0,0.0,0.0,0.0,0.0,1.0,1.0,1.0,2.0,0.0,2.0,0.17,0.04,0.0,0.0,1.0,0.0,0.17,0.23,0.04,0.6,0.0,0.05,0.21,0.16,0.41,1.33,0.0,3.13,7.4,12.17,11.33,54.0,0.0,0.0,0.0,0.0,0.0,0.0,0.67,1.33,1.0,1.67,0.0,1.33,0.11,0.03,0.0,0.0,0.67,0.0,0.11,0.15,0.03,0.47,0.0,0.04,0.16,0.12,0.35,1.0,0.0,2.43,5.85,9.55,8.5,53.5,0.0,0.0,0.0,0.0,0.0,0.0,0.75,1.25,0.75,1.5,0.0,1.0,0.09,0.02,0.0,0.0,0.5,0.0,0.09,0.14,0.05,1.35,0.2,0.12,0.22,0.1,0.38,0.8,0.0,4.74,12.44,24.96,9.8,60.8,0.0,0.0,0.0,0.0,0.0,0.0,0.8,1.4,0.6,2.6,0.0,1.0,0.08,0.18,0.2,0.2,1.8,0.0,0.08,0.3,0.09,1.08,314.0,0.1653250773993808,2.0,0.516,0.276,0.209,,,0.2627929504135882,0.0617213591050336,0,0.0
3814,0,0,6,1,29.7,392,0.14,0.51,0.37,0.69,356,0,0,9.0,12.2,2025-05-11,90,0,0,0,0,0,0,0,False,6,0,0,0,0,36,0,586506,1,0,2,48.0,3,-77834,26623,104457,6.0,True,0,0,4,0.4266063570976257,90,Newcastle United,Chelsea,2,0,26957,2024,726456,0.0441472344100475,0,1,0,0.4266063570976257,0.4100454151630401,0.0816165283322334,Newcastle United,3,4,36,5.5,MID,0.0,0.22,0.48,0.26,0.69,1.0,0.0,8.3,11.6,23.7,48.0,90.0,0.0,0.0,0.0,0.0,0.0,0.0,1.0,1.0,1.0,2.0,0.0,3.0,0.15,0.17,0.0,0.0,2.0,0.0,0.15,0.4,0.09,7.9,0.5,0.21,0.42,0.2,0.4,0.5,0.0,7.9,8.5,30.75,40.0,83.0,0.0,0.0,0.0,0.0,0.0,0.0,1.0,0.5,2.0,2.5,0.0,3.5,0.16,0.3,0.0,0.0,2.0,0.0,0.16,0.49,0.05,3.95,0.33,0.21,0.36,0.15,0.97,1.67,0.0,6.83,13.13,25.8,29.67,80.33,0.0,0.0,0.0,0.0,0.0,0.0,1.0,0.67,2.67,3.33,0.0,2.67,0.13,0.33,0.33,0.33,1.67,0.0,0.13,0.33,0.04,5.8,0.5,0.16,0.32,0.16,1.22,1.25,0.25,6.7,18.55,20.45,28.25,82.75,0.0,0.0,0.0,0.0,0.0,0.0,1.0,0.5,3.25,5.5,0.25,2.5,0.18,0.24,0.5,0.25,1.25,0.25,0.18,0.35,0.04,4.35,0.4,0.17,0.46,0.29,1.12,1.2,0.6,8.5,30.84,19.76,34.6,84.2,0.0,0.0,0.0,0.0,0.0,0.0,1.0,0.6,3.4,7.4,0.6,2.4,0.38,0.2,0.4,0.2,1.0,0.6,0.38,0.52,0.03,3.48,-80605.0,-0.5937900518767165,3.0,0.447,0.25,0.303,,,0.3044088289970734,0.1338077803032573,0,0.0
3832,0,0,1,0,0.8,319,0.02,0.07,0.05,0.1,354,0,0,0.0,0.0,2025-05-11,7,0,0,0,0,0,0,0,False,1,0,0,0,0,36,0,25778,0,2,2,4.0,1,32,225,193,5.2,True,0,0,1,0.0363880507647991,4,Liverpool,Arsenal,2,2,26952,2024,726769,0.0,0,0,0,0.0363880507647991,0.0363880507647991,0.0363880507647991,Liverpool,5,5,36,1.0,MID,0.0,0.04,0.14,0.1,1.69,2.0,0.0,1.6,1.6,4.1,10.0,68.0,0.0,0.0,0.0,0.0,0.0,0.0,1.0,1.0,3.0,2.0,0.0,2.0,0.09,0.0,0.0,0.0,0.0,0.0,0.09,0.46,0.43,1.8,0.0,0.09,0.28,0.19,0.84,1.0,0.0,1.95,2.6,8.2,8.5,41.0,0.0,0.0,0.0,0.0,0.5,0.0,0.5,1.0,4.0,1.0,0.0,1.5,0.12,0.01,0.0,0.0,0.5,0.0,0.12,0.3,0.21,0.9,0.0,0.06,0.2,0.14,0.62,0.67,0.0,1.83,2.27,9.23,6.67,33.67,0.0,0.0,0.0,0.0,0.33,0.0,0.33,1.0,2.67,1.0,0.0,1.33,0.09,0.04,0.0,0.0,0.67,0.0,0.09,0.25,0.14,1.27,0.0,0.05,0.21,0.16,0.51,0.5,0.0,2.22,2.1,8.25,11.75,34.0,0.0,0.0,0.0,0.0,0.25,0.0,0.25,1.25,2.75,1.0,0.0,1.75,0.1,0.03,0.0,0.0,0.5,0.0,0.1,0.22,0.11,1.33,0.0,0.05,0.2,0.15,0.43,0.4,0.0,2.64,3.24,7.34,15.6,36.2,0.0,0.0,0.0,0.0,0.2,0.0,0.2,1.2,2.8,1.0,0.0,2.2,0.11,0.03,0.0,0.0,0.4,0.0,0.11,0.33,0.22,1.42,62.0,0.0765550239234449,1.0,0.474,0.263,0.263,,,0.0400424623083774,0.0024813603684075,1,0.0
3884,0,0,3,0,0.0,45,0.0,0.0,0.0,0.55,351,0,0,0.1,1.0,2025-05-10,1,0,0,0,0,0,0,0,False,3,0,0,0,0,36,0,183567,0,1,0,0.0,1,13892,16774,2882,4.5,False,0,0,0,0.0,1,Bournemouth,Aston Villa,0,1,26955,2024,726017,0.0,0,0,0,0.0,0.0,0.0,Aston Villa,3,3,36,3.8,DEF,1.0,0.0,0.04,0.04,0.7,0.0,0.0,1.2,6.2,2.1,4.0,70.0,0.0,0.0,0.0,0.0,0.0,0.0,1.0,0.0,1.0,6.0,0.0,1.0,0.04,0.0,0.0,0.0,0.0,0.0,0.04,0.06,0.06,5.0,0.5,0.08,0.25,0.18,0.85,0.5,0.5,5.3,28.5,10.6,14.0,80.0,0.0,0.0,0.0,0.0,0.0,0.0,1.0,0.5,2.5,7.0,0.5,2.0,0.21,0.21,0.0,0.0,0.5,0.5,0.21,0.6,0.46,5.8,0.67,0.06,0.2,0.14,0.67,0.33,0.33,4.73,21.8,9.23,16.33,83.33,0.0,0.0,0.0,0.0,0.0,0.0,1.0,1.33,1.67,6.67,0.33,2.33,0.18,0.14,0.0,0.0,0.33,0.33,0.18,0.7,0.56,3.87,0.5,0.15,0.28,0.14,0.87,0.5,0.25,5.32,24.8,11.15,17.25,85.0,0.0,0.0,0.0,0.0,0.0,0.0,1.0,1.25,1.75,6.25,0.25,2.25,0.16,0.26,0.25,0.25,0.5,0.25,0.16,0.92,0.82,3.4,0.4,0.12,0.23,0.11,0.9,0.6,0.2,4.3,20.08,9.08,13.8,70.4,0.0,0.0,0.0,0.0,0.0,0.0,0.8,1.2,2.2,5.2,0.2,1.8,0.13,0.21,0.2,0.2,0.4,0.2,0.13,0.74,0.66,2.96,15370.0,0.7067562067562068,1.0,0.394,0.263,0.344,,0.4235082791536326,0.0083373894299731,0.0033699215733229,0,0.0
3897,0,0,20,0,20.1,442,0.02,0.02,0.0,0.92,357,2,0,4.0,20.0,2025-05-11,82,0,0,0,0,0,0,0,False,11,0,0,0,0,36,0,136490,1,2,2,0.0,2,-1664,1575,3239,4.3,True,0,0,0,0.0,85,Nottingham Forest,Leicester,2,2,26958,2024,726609,0.0,0,1,0,0.0,0.4621593356132507,0.4621593356132507,Nottingham Forest,1,4,36,2.0,MID,0.0,0.01,0.01,0.0,1.98,1.0,0.0,1.9,15.4,4.0,0.0,75.0,0.0,0.0,0.0,0.0,1.0,0.0,1.0,1.0,1.0,1.0,0.0,0.0,0.0,0.0,0.0,0.0,0.0,0.0,0.0,0.17,0.17,1.0,0.0,0.01,0.01,0.0,1.03,0.5,0.0,1.75,10.0,7.75,0.0,45.0,0.0,0.0,0.0,0.0,0.5,0.0,0.5,1.5,0.5,1.0,0.0,0.0,0.0,0.01,0.0,0.0,0.5,0.0,0.0,0.1,0.1,0.5,0.0,0.01,0.01,0.0,0.9,0.33,0.0,1.6,7.53,8.63,0.0,31.33,0.0,0.0,0.0,0.0,0.33,0.0,0.33,1.0,0.67,1.0,0.0,0.0,0.0,0.03,0.0,0.0,0.67,0.0,0.0,0.09,0.09,0.73,0.0,0.01,0.01,0.0,0.69,0.25,0.0,1.23,5.75,6.52,0.0,26.0,0.0,0.0,0.0,0.0,0.25,0.0,0.25,0.75,0.75,1.0,0.0,0.0,0.0,0.02,0.0,0.0,0.5,0.0,0.0,0.1,0.1,0.75,0.0,0.01,0.01,0.0,0.57,0.2,0.0,1.1,5.84,5.24,0.0,23.4,0.0,0.0,0.0,0.0,0.2,0.0,0.2,1.2,1.4,1.0,0.0,0.0,0.0,0.02,0.0,0.0,0.4,0.0,0.0,0.08,0.08,0.9,-1562.0,-0.3456584960531782,2.0,0.704,0.178,0.117,,,0.0004867656419056,0.0854644330965384,0,0.0
3928,0,0,5,0,0.1,326,0.0,0.1,0.1,2.31,354,2,0,1.2,7.8,2025-05-11,90,0,0,0,0,0,0,0,False,1,0,0,0,0,36,0,820498,1,2,2,4.0,1,-59420,3737,63157,5.3,True,0,0,1,0.0578858405351638,90,Liverpool,Arsenal,2,2,26952,2024,726756,0.0,0,0,0,0.0578858405351638,0.2242806851863861,0.2242806851863861,Liverpool,5,5,36,3.0,DEF,0.0,0.02,0.06,0.04,0.46,1.0,0.0,1.8,12.0,1.9,4.0,90.0,0.0,0.0,0.0,0.0,0.0,0.0,1.0,1.0,5.0,2.0,0.0,1.0,0.02,0.0,0.0,0.0,0.0,0.0,0.02,0.81,0.81,0.0,0.5,0.02,0.06,0.04,0.36,0.5,0.0,3.3,16.1,1.6,15.0,90.0,0.0,0.0,0.0,0.0,0.0,0.0,1.0,1.0,2.5,5.5,0.0,2.0,0.12,0.0,0.0,0.0,0.0,0.0,0.12,0.96,0.96,3.0,0.33,0.02,0.04,0.03,0.74,0.67,0.0,3.17,16.33,5.0,10.0,90.0,0.0,0.0,0.0,0.0,0.0,0.0,1.0,1.0,2.33,4.33,0.0,1.33,0.08,0.01,0.0,0.0,0.33,0.0,0.08,0.8,0.79,2.0,0.25,0.01,0.05,0.04,0.72,1.25,0.0,2.88,15.85,3.95,8.75,84.0,0.0,0.0,0.0,0.0,0.0,0.0,1.0,1.25,2.5,3.5,0.0,1.25,0.06,0.01,0.0,0.0,0.25,0.0,0.06,0.61,0.6,2.62,0.4,0.01,0.13,0.12,0.71,1.0,0.0,2.98,17.16,4.02,8.4,85.2,0.0,0.0,0.0,0.0,0.0,0.0,1.0,1.0,2.2,4.0,0.0,1.2,0.08,0.01,0.0,0.0,0.2,0.0,0.08,0.54,0.53,3.1,-56201.0,-0.8882709959039675,1.0,0.474,0.263,0.263,,0.6714075857832911,0.0194544236317517,0.0001128025010521,0,0.0
3965,0,0,12,0,5.0,222,0.01,0.01,0.0,0.66,352,1,0,1.1,6.4,2025-05-10,90,0,0,0,0,0,0,0,False,9,0,0,0,0,36,0,21392,1,3,1,0.0,2,-1122,511,1633,4.8,False,0,0,0,0.0,90,Fulham,Everton,1,3,26953,2024,725730,0.0,0,0,0,0.0,0.0,0.0,Everton,3,3,36,2.0,MID,0.0,0.03,0.03,0.0,0.84,2.0,0.0,1.8,9.6,5.9,2.0,89.0,0.0,0.0,0.0,0.0,0.0,0.0,1.0,2.0,2.0,2.0,0.0,0.0,0.0,0.0,0.0,0.0,0.0,0.0,0.0,0.02,0.02,2.5,0.0,0.02,0.04,0.02,0.86,1.5,0.0,2.0,11.8,3.65,4.5,89.5,0.0,0.0,0.0,0.0,0.0,0.0,1.0,1.0,1.5,2.0,0.0,0.5,0.01,0.0,0.0,0.0,0.0,0.0,0.01,0.22,0.21,1.25,0.33,0.02,0.03,0.01,0.77,1.0,0.0,1.73,11.07,3.2,3.0,85.67,0.0,0.0,0.0,0.0,0.33,0.0,1.0,1.33,1.0,2.0,0.0,0.33,0.01,0.0,0.0,0.0,0.0,0.0,0.01,0.17,0.16,1.33,0.5,0.05,0.07,0.02,0.71,0.75,0.0,1.8,11.35,3.45,3.25,86.75,0.0,0.0,0.0,0.0,0.5,0.0,1.0,1.25,0.75,2.0,0.0,0.75,0.02,0.0,0.0,0.0,0.0,0.0,0.02,0.16,0.14,1.0,0.4,0.04,0.06,0.02,0.92,0.8,0.0,2.48,12.64,9.18,3.0,87.4,0.0,0.0,0.0,0.0,0.4,0.0,1.0,1.2,0.8,2.0,0.0,0.6,0.02,0.04,0.0,0.0,0.6,0.0,0.02,0.17,0.15,1.36,-1163.0,-0.523320895522388,2.0,0.516,0.276,0.209,,,0.0003448939900885,-0.0004001729172176,1,0.0
3986,0,0,5,0,0.3,107,0.0,0.0,0.0,0.53,353,0,0,0.3,2.2,2025-05-10,5,0,0,0,0,0,0,0,False,10,0,0,0,0,36,0,2836,0,1,0,0.0,1,282,346,64,5.9,False,0,0,0,0.0,3,Ipswich,Brentford,0,1,26954,2024,725768,0.0,0,0,0,0.0,0.0,0.0,Brentford,3,2,36,1.0,FWD,0.0,0.01,0.01,0.0,0.26,2.0,0.0,0.5,3.0,0.3,2.0,9.0,0.0,0.0,0.0,0.0,0.0,0.0,0.0,3.0,4.0,1.0,0.0,0.0,0.0,0.0,0.0,0.0,0.0,0.0,0.0,0.0,0.0,0.1,0.0,0.01,0.01,0.0,0.67,2.0,0.0,1.2,3.6,6.6,2.0,40.5,0.0,0.0,0.0,0.0,0.0,0.0,0.5,2.5,4.0,1.5,0.0,0.0,0.0,0.02,0.0,0.0,0.5,0.0,0.0,0.25,0.22,0.65,0.0,0.01,0.04,0.03,0.69,1.33,0.0,0.87,2.4,4.57,2.67,33.33,0.0,0.0,0.0,0.0,0.0,0.0,0.33,2.0,3.67,1.33,0.0,0.33,0.03,0.02,0.0,0.0,0.33,0.0,0.03,0.19,0.15,0.7,0.0,0.01,0.03,0.02,0.56,1.0,0.0,1.15,3.15,7.0,2.0,30.0,0.0,0.0,0.0,0.0,0.0,0.0,0.25,1.75,3.75,1.25,0.0,0.25,0.02,0.03,0.0,0.0,0.5,0.0,0.02,0.16,0.11,0.65,0.0,0.01,0.03,0.02,0.56,0.8,0.0,0.94,2.76,5.64,1.6,27.6,0.0,0.0,0.0,0.0,0.0,0.0,0.2,1.4,3.0,1.2,0.0,0.2,0.02,0.02,0.0,0.0,0.4,0.0,0.02,0.13,0.09,0.58,338.0,0.6878048780487804,1.0,0.189,0.237,0.574,,,0.009791566919769,0.0008823228921186,0,
4019,0,0,4,0,0.3,232,0.0,0.0,0.0,0.15,352,0,0,0.1,0.8,2025-05-10,29,0,0,0,0,0,0,0,False,9,0,0,0,0,36,0,125136,0,3,1,0.0,1,-23547,4831,28378,5.2,False,0,0,0,0.0,26,Fulham,Everton,1,3,26953,2024,725737,0.0,0,0,0,0.0,0.253771036863327,0.253771036863327,Everton,3,3,36,1.5,FWD,0.0,0.03,0.06,0.03,0.85,2.0,0.0,2.7,10.6,4.4,12.0,90.0,0.0,0.0,0.0,0.0,0.0,0.0,1.0,2.0,2.0,2.0,0.0,1.0,0.04,0.0,0.0,0.0,0.0,0.0,0.04,0.1,0.06,2.3,0.0,0.02,0.04,0.02,0.62,1.5,0.0,1.4,5.3,3.1,6.0,67.5,0.0,0.0,0.0,0.0,0.0,0.0,1.0,1.0,1.5,1.5,0.0,0.5,0.02,0.0,0.0,0.0,0.0,0.0,0.02,0.05,0.03,1.15,0.33,0.02,0.09,0.07,0.61,1.0,0.0,1.8,4.93,6.73,6.67,71.0,0.0,0.0,0.0,0.0,0.0,0.0,1.0,1.33,1.0,1.67,0.0,1.0,0.05,0.02,0.0,0.0,0.33,0.0,0.05,0.09,0.04,1.77,0.5,0.01,0.18,0.17,0.58,0.75,0.0,2.9,5.0,5.45,18.75,69.75,0.0,0.0,0.0,0.0,0.0,0.0,1.0,1.25,0.75,1.75,0.0,1.5,0.15,0.01,0.0,0.0,0.25,0.0,0.15,0.21,0.06,1.32,0.4,0.04,0.36,0.32,0.71,0.8,0.2,3.66,11.96,5.34,19.4,70.6,0.0,0.0,0.0,0.0,0.0,0.0,1.0,1.2,0.8,3.2,0.2,1.8,0.3,0.01,0.0,0.0,0.2,0.0,0.15,0.21,0.06,1.62,-26714.0,-0.7090547743081694,1.0,0.516,0.276,0.209,,,0.0051984402064011,6.746065928098233e-10,0,
4088,0,0,12,0,1.1,85,0.05,0.08,0.03,0.98,351,1,0,4.2,23.6,2025-05-10,87,0,0,0,0,0,0,0,False,2,0,0,0,0,36,0,51306,1,1,0,17.0,1,-913,832,1745,4.4,True,1,0,1,0.0103612141683697,90,Bournemouth,Aston Villa,0,1,26955,2024,725993,0.0,0,0,0,0.0103612141683697,0.0794928669929504,0.0691316574811935,Bournemouth,3,3,36,3.5,DEF,0.0,0.01,0.01,0.0,1.42,1.0,0.0,2.2,17.2,4.4,0.0,90.0,0.0,0.0,0.0,0.0,0.0,0.0,1.0,2.0,1.0,2.0,0.0,0.0,0.0,0.0,0.0,0.0,0.0,0.0,0.0,0.42,0.42,2.5,0.0,0.01,0.05,0.04,1.97,1.0,0.0,2.3,15.8,2.4,4.5,90.0,0.0,0.0,0.0,0.0,0.0,0.0,1.0,1.5,1.0,2.0,0.0,1.0,0.07,0.0,0.0,0.0,0.0,0.0,0.07,0.26,0.26,1.25,0.33,0.02,0.05,0.03,1.44,0.67,0.0,3.1,20.6,7.2,3.0,90.0,0.0,0.0,0.0,0.0,0.0,0.0,1.0,1.0,0.67,4.33,0.0,0.67,0.05,0.01,0.0,0.0,0.33,0.0,0.05,0.25,0.25,1.83,0.25,0.02,0.04,0.02,1.13,0.5,0.0,2.48,16.85,5.4,2.25,78.75,0.0,0.0,0.0,0.0,0.0,0.0,0.75,0.75,0.75,3.5,0.0,0.5,0.03,0.01,0.0,0.0,0.25,0.0,0.03,0.18,0.18,1.38,0.2,0.02,0.07,0.05,1.01,0.8,0.0,2.26,14.76,4.4,3.2,78.4,0.0,0.0,0.0,0.0,0.0,0.0,0.8,1.0,1.0,3.0,0.0,0.6,0.05,0.01,0.0,0.0,0.2,0.0,0.05,0.17,0.17,1.4,-887.0,-0.3542879317035312,1.0,0.394,0.263,0.344,,1.3347170440270184,0.0461152341141717,0.0001007665925263,0,0.0
4126,1,0,18,1,34.1,585,0.33,0.96,0.63,0.58,359,0,0,7.4,17.2,2025-05-11,77,0,0,0,0,0,0,0,False,18,0,0,0,0,36,0,802029,1,2,0,23.0,6,-111445,12645,124090,5.7,False,0,0,4,0.6981105804443359,82,Tottenham,Crystal Palace,0,2,26960,2024,726655,1.146352767944336,1,3,0,0.6981105804443359,2.102297782897949,0.7134456038475037,Crystal Palace,3,3,36,2.6,MID,0.0,0.41,1.01,0.6,0.71,1.0,0.0,8.1,18.8,30.7,31.0,90.0,0.0,0.0,0.0,0.0,0.0,0.0,1.0,1.0,1.0,2.0,0.0,2.0,0.45,0.17,0.0,0.0,2.0,0.0,0.45,0.59,0.0,1.9,0.0,0.26,0.68,0.42,0.54,0.5,0.0,6.25,11.0,24.75,26.5,58.5,0.0,0.0,0.0,0.0,0.0,0.0,0.5,1.5,1.5,1.5,0.0,2.5,0.63,0.25,0.0,0.0,1.5,0.0,0.63,0.53,0.0,2.75,0.33,0.3,0.58,0.28,0.6,0.33,0.0,4.87,9.27,21.43,17.67,69.0,0.0,0.0,0.0,0.0,0.33,0.0,0.67,1.0,1.0,1.67,0.0,1.67,0.42,0.21,0.0,0.0,1.33,0.0,0.42,0.4,0.04,3.03,0.25,0.23,0.45,0.22,0.78,1.5,0.0,4.18,7.35,18.92,15.25,70.5,0.0,0.0,0.0,0.0,0.25,0.0,0.75,0.75,2.0,1.75,0.0,1.5,0.33,0.17,0.0,0.0,1.25,0.0,0.33,0.34,0.04,2.28,0.2,0.22,0.48,0.27,1.38,2.2,0.0,4.24,10.64,18.26,13.4,74.4,0.0,0.0,0.0,0.0,0.2,0.0,0.8,1.0,2.6,2.4,0.0,1.4,0.29,0.21,0.2,0.2,1.2,0.0,0.29,0.37,0.04,1.82,-115361.0,-0.8150436976633635,6.0,0.359,0.263,0.378,,,0.1600730062983761,0.1762345646831666,0,0.0
4179,0,0,5,0,21.6,631,0.02,0.02,0.0,0.76,353,0,0,2.7,5.0,2025-05-10,33,0,0,0,0,0,0,0,False,4,0,0,0,0,36,0,4648,0,1,0,0.0,1,9,104,95,5.4,True,0,0,0,0.0,31,Ipswich,Brentford,0,1,26954,2024,725752,0.0668637454509735,0,2,0,0.0,0.1490519940853119,0.0821882486343383,Ipswich,3,2,36,0.5,MID,0.0,0.0,0.0,0.0,0.05,0.0,0.0,0.4,0.6,1.1,2.0,22.0,0.0,0.0,0.0,0.0,0.0,0.0,0.0,2.0,2.0,1.0,0.0,0.0,0.0,0.0,0.0,0.0,0.0,0.0,0.0,0.0,0.0,0.7,0.0,0.0,0.0,0.0,0.29,0.0,0.0,1.35,3.7,5.8,4.0,30.5,0.0,0.0,0.0,0.0,0.0,0.0,0.5,1.0,2.5,1.0,0.0,0.0,0.0,0.0,0.0,0.0,0.5,0.0,0.0,0.0,0.0,0.35,0.0,0.0,0.0,0.0,0.63,0.67,0.0,1.57,4.93,7.5,3.33,31.67,0.0,0.0,0.0,0.0,0.0,0.0,0.67,2.0,1.67,1.0,0.0,0.0,0.0,0.02,0.0,0.0,0.67,0.0,0.0,0.02,0.0,0.07,0.0,0.01,0.01,0.01,0.82,0.75,0.0,1.82,6.95,8.57,2.75,41.25,0.0,0.0,0.0,0.0,0.0,0.0,0.75,2.0,1.75,1.25,0.0,0.25,0.0,0.03,0.0,0.0,0.75,0.0,0.0,0.18,0.15,0.05,0.0,0.0,0.01,0.01,0.72,0.6,0.0,1.88,7.24,8.92,2.6,36.6,0.0,0.0,0.0,0.0,0.0,0.0,0.6,2.0,1.6,1.2,0.0,0.2,0.0,0.02,0.0,0.0,0.8,0.0,0.0,0.15,0.12,0.48,24.0,0.0452261306532663,1.0,0.189,0.237,0.574,,,-0.0005588080539939,0.0948324964625835,0,0.0
4233,0,0,7,0,20.3,224,0.03,0.19,0.16,0.64,352,1,0,5.3,10.0,2025-05-10,60,0,0,0,0,0,0,0,False,9,0,0,0,0,36,0,18710,1,3,1,23.0,2,-2091,433,2524,5.2,False,0,0,1,0.1007395684719085,64,Fulham,Everton,1,3,26953,2024,725732,0.0116956997662782,0,1,0,0.1007395684719085,0.2151850461959839,0.1144454702734947,Everton,3,3,36,2.0,MID,0.0,0.04,0.04,0.0,0.29,1.0,0.0,0.8,3.0,4.8,0.0,12.0,0.0,0.0,0.0,0.0,0.0,0.0,0.0,2.0,2.0,1.0,0.0,0.0,0.0,0.0,0.0,0.0,0.0,0.0,0.0,0.0,0.0,2.7,0.0,0.02,0.02,0.0,0.36,1.0,0.0,1.6,3.9,11.8,0.0,37.0,0.0,0.0,0.0,0.0,0.0,0.0,0.5,1.0,1.5,1.5,0.0,0.0,0.0,0.01,0.0,0.0,0.5,0.0,0.0,0.22,0.21,1.35,0.33,0.03,0.03,0.0,0.44,0.67,0.0,2.13,4.87,14.17,2.0,50.67,0.0,0.0,0.0,0.0,0.0,0.0,0.67,1.33,1.0,2.0,0.0,0.0,0.0,0.02,0.0,0.0,0.67,0.0,0.0,0.16,0.14,1.9,0.5,0.1,0.16,0.06,0.45,0.5,0.0,2.95,5.55,20.58,3.25,60.25,0.0,0.0,0.0,0.0,0.0,0.0,0.75,1.25,0.75,2.25,0.0,0.5,0.04,0.06,0.0,0.0,1.0,0.0,0.04,0.21,0.14,1.42,0.4,0.14,0.19,0.05,0.7,0.6,0.0,3.1,7.68,20.22,3.0,65.4,0.0,0.0,0.0,0.0,0.0,0.0,0.8,1.2,0.8,3.0,0.0,0.4,0.03,0.1,0.2,0.0,1.0,0.0,0.03,0.17,0.11,1.7,-2279.0,-0.7071356104159622,2.0,0.516,0.276,0.209,,,0.1282780786994246,0.0997975046369037,0,0.0
4259,0,0,3,0,0.0,126,0.0,0.0,0.0,0.0,360,0,0,0.0,0.2,2025-05-10,1,0,0,0,0,0,0,0,False,20,0,0,0,0,36,0,7122,0,2,0,0.0,1,351,593,242,4.9,False,0,0,0,0.0,1,Wolverhampton Wanderers,Brighton,0,2,26961,2024,725831,0.0,0,0,0,0.0,0.0,0.0,Brighton,3,3,36,3.2,MID,1.0,0.01,0.01,0.0,0.81,0.0,0.0,1.0,1.8,4.4,4.0,68.0,0.0,0.0,0.0,0.0,0.0,0.0,1.0,1.0,1.0,3.0,0.0,0.0,0.0,0.0,0.0,0.0,0.0,0.0,0.0,0.0,0.0,3.0,0.5,0.05,0.06,0.02,0.78,0.5,0.0,3.75,13.5,20.05,4.0,74.5,0.0,0.0,0.0,0.0,0.5,0.0,1.0,1.5,2.0,3.5,0.0,0.5,0.01,0.07,0.5,0.5,1.5,0.0,0.01,0.12,0.1,1.5,0.33,0.03,0.06,0.03,1.25,1.67,0.0,4.5,17.87,18.97,8.33,79.67,0.0,0.0,0.0,0.0,0.33,0.0,1.0,1.67,2.67,4.0,0.0,0.67,0.03,0.15,0.67,0.67,1.33,0.0,0.03,0.25,0.24,1.83,0.25,0.03,0.05,0.02,1.31,1.75,0.0,4.05,15.25,17.55,7.75,82.25,0.0,0.0,0.0,0.0,0.25,0.0,1.0,1.75,2.5,3.5,0.0,0.5,0.02,0.12,0.5,0.5,1.25,0.0,0.02,0.4,0.39,1.38,0.2,0.03,0.05,0.02,1.16,1.8,0.0,3.96,14.84,14.7,10.0,83.8,0.0,0.0,0.0,0.0,0.2,0.0,1.0,1.6,2.4,3.2,0.0,0.6,0.03,0.1,0.4,0.4,1.0,0.0,0.03,0.46,0.44,1.64,408.0,0.4203592814371257,1.0,0.351,0.271,0.379,,,0.014539287421031,0.0209109493154295,1,0.0
4279,0,0,25,1,0.5,472,0.0,0.0,0.0,1.82,358,0,0,2.5,24.6,2025-05-10,90,0,0,0,0,0,0,0,False,13,0,0,0,0,36,0,39099,1,0,0,0.0,6,-739,325,1064,4.0,True,0,0,0,0.0,90,Southampton,Manchester City,0,0,26959,2024,725772,0.0,0,0,0,0.0,0.0,0.0,Southampton,4,1,36,2.8,DEF,0.0,0.01,0.01,0.0,0.9,2.0,0.0,1.1,9.0,1.9,0.0,45.0,0.0,0.0,0.0,0.0,0.0,0.0,1.0,0.0,2.0,0.0,0.0,0.0,0.0,0.0,0.0,0.0,0.0,0.0,0.0,0.05,0.05,2.5,0.0,0.0,0.14,0.13,1.66,2.0,0.5,3.8,27.9,1.4,8.5,67.5,0.0,0.0,0.0,0.0,0.0,0.0,1.0,1.0,1.5,3.5,0.5,0.5,0.21,0.0,0.0,0.0,0.0,0.5,0.21,0.03,0.03,1.25,0.0,0.02,0.12,0.1,1.41,1.67,0.33,4.3,26.8,5.4,10.67,75.0,0.0,0.0,0.0,0.0,0.0,0.0,1.0,1.0,1.33,3.0,0.33,0.67,0.16,0.01,0.0,0.0,0.33,0.33,0.16,0.08,0.07,1.07,0.0,0.01,0.09,0.08,1.82,2.0,0.25,3.98,27.35,4.3,8.0,78.75,0.0,0.0,0.0,0.0,0.0,0.0,1.0,1.5,1.0,2.5,0.25,0.5,0.12,0.01,0.0,0.0,0.25,0.25,0.12,0.08,0.07,0.8,0.0,0.01,0.07,0.06,1.6,1.8,0.2,3.48,24.24,3.6,6.8,81.0,0.0,0.0,0.0,0.0,0.0,0.0,1.0,1.4,1.0,2.4,0.2,0.4,0.09,0.01,0.0,0.0,0.2,0.2,0.09,0.07,0.06,0.74,-871.0,-0.5320374370050396,6.0,0.086,0.126,0.788,,2.326462049651021,3.9846503874230166e-10,-7.084522359868117e-07,0,0.0
4310,0,0,3,0,2.5,281,0.01,0.05,0.04,0.78,353,1,0,0.5,0.0,2025-05-10,60,0,0,0,0,0,0,0,False,4,0,0,0,0,36,0,3094,1,1,0,3.0,1,13,49,36,4.8,True,1,0,2,0.0340416952967643,63,Ipswich,Brentford,0,1,26954,2024,725747,0.0,0,0,0,0.0340416952967643,0.0340416952967643,0.0,Ipswich,3,2,36,1.0,MID,0.0,0.0,0.0,0.0,0.51,2.0,0.0,1.6,13.2,2.9,0.0,81.0,0.0,0.0,0.0,0.0,0.0,0.0,1.0,2.0,2.0,2.0,0.0,0.0,0.0,0.0,0.0,0.0,0.0,0.0,0.0,0.22,0.22,1.0,0.0,0.0,0.0,0.0,1.58,2.5,0.0,1.35,11.6,1.75,0.0,83.0,0.0,0.0,0.0,0.0,0.0,0.0,1.0,1.0,2.5,2.0,0.0,0.0,0.0,0.0,0.0,0.0,0.0,0.0,0.0,0.11,0.11,0.5,0.0,0.01,0.04,0.03,1.28,2.33,0.0,1.4,9.07,2.97,2.0,70.33,0.0,0.0,0.0,0.0,0.0,0.0,0.67,2.0,1.67,1.67,0.0,0.67,0.03,0.0,0.0,0.0,0.0,0.0,0.03,0.09,0.07,0.17,0.0,0.01,0.03,0.03,1.18,2.0,0.0,1.1,6.8,2.25,2.5,56.25,0.0,0.0,0.0,0.0,0.0,0.0,0.5,2.0,1.75,1.5,0.0,0.75,0.04,0.0,0.0,0.0,0.0,0.0,0.04,0.08,0.06,0.12,0.0,0.01,0.03,0.02,1.17,2.0,0.0,1.0,6.04,1.94,2.4,50.0,0.0,0.0,0.0,0.0,0.0,0.0,0.4,2.0,1.6,1.4,0.0,0.6,0.03,0.0,0.0,0.0,0.0,0.0,0.03,0.06,0.04,0.3,23.0,0.1529411764705882,1.0,0.189,0.237,0.574,,,0.0389011181184688,2.315758775428556e-05,0,0.0
4335,0,0,10,0,21.4,270,0.02,0.06,0.04,1.41,353,1,0,5.3,24.0,2025-05-10,90,0,0,0,0,0,0,0,False,4,0,0,0,0,36,0,272581,1,1,0,8.0,2,-8459,3582,12041,3.8,True,0,0,1,0.0691615864634513,90,Ipswich,Brentford,0,1,26954,2024,725745,0.0767485275864601,0,2,0,0.0691615864634513,0.0767485275864601,0.0,Ipswich,3,2,36,0.3,DEF,0.0,0.01,0.01,0.0,0.55,2.0,0.0,3.3,26.4,0.9,6.0,90.0,0.0,0.0,0.0,0.0,0.0,0.0,1.0,2.0,2.0,1.0,0.0,0.0,0.0,0.0,0.0,0.0,0.0,0.0,0.0,0.1,0.1,-0.3,0.0,0.01,0.01,0.0,1.7,2.5,0.0,2.85,24.4,1.35,3.0,90.0,0.0,0.0,0.0,0.0,0.5,0.0,1.0,1.0,2.5,0.5,0.0,0.0,0.0,0.0,0.0,0.0,0.0,0.0,0.0,0.05,0.05,-0.15,0.0,0.01,0.01,0.0,1.98,3.0,0.0,3.1,28.07,1.1,2.0,90.0,0.0,0.0,0.0,0.0,0.33,0.0,1.0,2.0,1.67,0.33,0.0,0.0,0.0,0.0,0.0,0.0,0.0,0.0,0.0,0.03,0.03,-0.6,0.0,0.01,0.01,0.0,1.7,3.0,0.0,2.55,23.2,1.03,1.5,78.75,0.0,0.0,0.0,0.0,0.25,0.0,1.0,2.5,1.75,0.25,0.0,0.0,0.0,0.0,0.0,0.0,0.0,0.0,0.0,0.03,0.03,-0.45,0.0,0.01,0.12,0.11,2.01,2.6,0.0,3.66,27.48,1.1,8.2,81.0,0.0,0.0,0.0,0.0,0.4,0.0,1.0,2.0,1.6,0.4,0.0,0.2,0.01,0.0,0.0,0.0,0.0,0.0,0.01,0.03,0.03,-0.2,-8214.0,-0.5414453049990399,2.0,0.189,0.237,0.574,,1.9550646444661368,0.0240704468110264,0.0978115080395714,0,0.0
4370,1,0,24,1,43.9,402,0.82,0.85,0.03,0.69,356,0,0,9.2,38.8,2025-05-11,90,0,0,0,0,0,0,0,False,6,0,0,0,0,36,0,1813869,1,0,2,9.0,5,-252747,30632,283379,5.3,True,1,0,1,0.0441472344100475,90,Newcastle United,Chelsea,2,0,26957,2024,726452,0.7781471610069275,1,3,0,0.0441472344100475,0.9693012833595276,0.2286234050989151,Newcastle United,3,4,36,6.1,MID,0.0,0.02,0.11,0.09,0.17,1.0,0.0,1.5,0.6,3.1,11.0,55.0,0.0,0.0,0.0,0.0,0.0,0.0,1.0,1.0,1.0,1.0,0.0,1.0,0.06,0.0,0.0,0.0,0.0,0.0,0.06,0.06,0.0,6.1,0.5,0.13,0.21,0.08,0.14,0.5,0.0,4.4,5.6,22.7,15.5,60.5,0.0,0.0,0.0,0.0,0.0,0.0,1.0,0.5,2.0,3.5,0.0,1.5,0.07,0.23,0.5,0.0,1.0,0.0,0.07,0.36,0.07,3.05,0.33,0.12,0.17,0.05,0.7,1.0,0.0,4.07,7.73,20.47,12.33,61.67,0.0,0.0,0.0,0.0,0.0,0.0,1.0,0.67,2.67,3.0,0.0,1.0,0.05,0.16,0.33,0.0,1.0,0.0,0.05,0.26,0.07,5.0,0.5,0.14,0.18,0.04,0.9,0.75,0.25,5.98,20.05,25.1,14.5,61.5,0.0,0.0,0.0,0.0,0.0,0.0,1.0,0.5,3.25,5.75,0.25,1.0,0.04,0.31,0.5,0.25,1.5,0.25,0.04,0.32,0.05,3.75,0.4,0.23,0.27,0.04,0.79,0.8,0.2,6.02,21.48,25.64,13.0,64.6,0.0,0.0,0.0,0.0,0.0,0.0,1.0,0.6,3.4,5.6,0.2,1.0,0.04,0.42,0.6,0.4,1.6,0.2,0.04,0.51,0.12,3.0,-271634.0,-0.804898554509237,5.0,0.447,0.25,0.303,,,0.0661187967033603,0.2766746189389824,0,1.0
4400,0,0,-1,1,11.8,53,0.01,0.12,0.11,0.08,351,0,0,2.6,2.0,2025-05-10,79,0,0,0,0,0,0,0,False,3,0,0,0,1,36,0,35782,1,1,0,12.0,0,-805,603,1408,5.4,False,0,0,1,0.102074034512043,88,Bournemouth,Aston Villa,0,1,26955,2024,726015,0.0619149059057235,0,1,0,0.102074034512043,0.5122620463371277,0.3482730984687805,Aston Villa,3,3,36,1.5,MID,0.0,0.02,0.06,0.04,0.23,0.0,0.0,3.2,6.6,21.8,4.0,30.0,0.0,0.0,0.0,0.0,0.0,0.0,0.0,0.0,1.0,1.0,0.0,1.0,0.03,0.09,0.0,0.0,2.0,0.0,0.03,0.08,0.05,2.2,0.0,0.02,0.04,0.02,0.5,0.5,0.0,2.3,6.4,11.55,5.0,45.0,0.0,0.0,0.0,0.0,0.0,0.0,0.5,0.5,1.5,3.0,0.0,0.5,0.02,0.04,0.5,0.0,1.0,0.0,0.02,0.19,0.17,3.0,0.0,0.02,0.06,0.04,0.44,0.33,0.0,1.87,4.27,9.0,6.0,36.0,0.0,0.0,0.0,0.0,0.33,0.0,0.33,0.67,2.33,2.0,0.0,0.67,0.04,0.03,0.33,0.0,0.67,0.0,0.04,0.4,0.36,3.27,0.25,0.03,0.07,0.05,0.39,0.25,0.0,2.65,6.7,13.2,7.0,43.25,0.0,0.0,0.0,0.0,0.25,0.0,0.5,1.25,1.75,2.25,0.0,0.75,0.05,0.03,0.25,0.0,1.0,0.0,0.05,0.32,0.27,2.45,0.2,0.06,0.09,0.04,0.39,0.2,0.0,3.08,6.8,17.14,7.2,40.2,0.0,0.0,0.0,0.0,0.2,0.0,0.4,1.2,1.8,2.0,0.0,0.6,0.04,0.14,0.2,0.0,1.4,0.0,0.04,0.36,0.21,2.26,-776.0,-0.4002983590253605,0.0,0.394,0.263,0.344,,,0.0826057453976996,0.0606418433043478,0,0.0
4452,0,0,5,0,12.8,386,0.04,0.04,0.0,0.01,356,1,0,2.1,4.6,2025-05-11,15,0,0,0,0,0,0,0,False,15,0,0,0,0,36,0,107398,0,0,2,4.0,1,-1828,892,2720,6.2,False,0,0,0,0.0,9,Newcastle United,Chelsea,2,0,26957,2024,726475,0.0388343930244445,0,1,0,0.0,0.0388343930244445,0.0388343930244445,Chelsea,3,4,36,0.3,MID,0.0,0.06,0.27,0.21,0.25,1.0,0.0,3.7,4.4,11.2,21.0,18.0,0.0,0.0,0.0,0.0,1.0,0.0,0.0,1.0,3.0,0.0,0.0,1.0,0.3,0.35,0.0,0.0,1.0,0.0,0.3,0.73,0.43,1.0,0.0,0.03,0.14,0.1,0.2,0.5,0.0,1.9,2.7,5.75,10.5,15.0,0.0,0.0,0.0,0.0,0.5,0.0,0.0,0.5,2.0,0.5,0.0,0.5,0.15,0.18,0.0,0.0,0.5,0.0,0.15,0.37,0.22,0.5,0.0,0.03,0.11,0.08,0.19,0.33,0.0,2.77,4.27,9.4,14.0,25.0,0.0,0.0,0.0,0.0,0.33,0.0,0.0,1.0,1.67,0.67,0.0,0.67,0.1,0.14,0.0,0.0,0.67,0.0,0.1,0.3,0.18,1.4,0.0,0.03,0.11,0.07,0.19,0.25,0.25,4.42,12.85,15.18,16.25,24.25,0.0,0.0,0.0,0.0,0.25,0.0,0.0,1.25,1.75,2.0,0.25,0.75,0.08,0.13,0.0,0.0,1.25,0.25,0.08,0.35,0.24,1.05,0.2,0.03,0.11,0.07,0.39,0.2,0.2,4.2,11.12,14.92,16.0,37.4,0.0,0.0,0.0,0.0,0.2,0.0,0.2,1.0,1.4,2.2,0.2,0.8,0.08,0.12,0.0,0.0,1.4,0.2,0.08,0.33,0.2,1.48,-1622.0,-0.5060908084163898,1.0,0.447,0.25,0.303,,,0.013504342402929,0.0731142337480939,1,0.0
4490,0,0,7,0,1.2,8,0.01,0.01,0.0,2.56,354,2,0,1.6,14.4,2025-05-11,90,0,0,0,0,0,0,0,False,12,0,0,0,0,36,0,237274,1,2,2,0.0,1,-16527,6652,23179,4.8,False,0,0,0,0.0,90,Liverpool,Arsenal,2,2,26952,2024,726773,0.0,0,0,0,0.0,0.644035816192627,0.644035816192627,Arsenal,5,5,36,3.8,DEF,0.0,0.0,0.0,0.0,0.97,2.0,0.0,1.4,10.0,4.3,0.0,90.0,0.0,0.0,0.0,0.0,0.0,0.0,1.0,2.0,1.0,1.0,0.0,0.0,0.0,0.0,0.0,0.0,0.0,0.0,0.0,0.19,0.19,5.0,0.0,0.03,0.05,0.02,1.36,2.0,0.5,5.15,38.5,4.7,8.5,90.0,0.0,0.0,0.0,0.0,0.0,0.0,1.0,2.0,1.5,4.0,0.5,0.5,0.06,0.0,0.0,0.0,0.0,0.5,0.06,0.41,0.41,7.55,0.33,0.03,0.04,0.01,0.96,1.33,0.33,4.03,29.27,4.8,6.33,90.0,0.0,0.0,0.0,0.0,0.0,0.0,1.0,2.67,1.0,4.67,0.33,0.33,0.04,0.0,0.0,0.0,0.0,0.33,0.04,0.49,0.49,8.4,0.25,0.03,0.06,0.03,0.78,1.25,0.25,3.8,25.55,7.32,5.25,90.0,0.0,0.0,0.0,0.0,0.0,0.0,1.0,2.25,1.0,4.0,0.25,0.5,0.04,0.01,0.0,0.0,0.25,0.25,0.04,0.43,0.42,6.3,0.2,0.04,0.06,0.02,0.84,1.2,0.2,3.78,24.04,8.82,5.0,90.0,0.0,0.0,0.0,0.0,0.0,0.0,1.0,2.0,1.0,3.6,0.2,0.4,0.03,0.07,0.0,0.0,0.4,0.2,0.03,0.41,0.41,5.4,-19677.0,-0.5540209848814991,1.0,0.474,0.263,0.263,,1.4158271866493743,3.9846503874230166e-10,-9.16910941173299e-07,0,1.0
4504,0,0,5,0,0.0,304,0.0,0.0,0.0,1.31,357,2,0,2.0,20.2,2025-05-11,90,0,0,0,0,0,0,0,False,16,0,0,0,0,36,2,48211,1,2,2,0.0,1,1724,4404,2680,4.0,False,0,0,0,0.0,90,Nottingham Forest,Leicester,2,2,26958,2024,726617,0.0,0,0,0,0.0,0.3331030011177063,0.3331030011177063,Leicester,1,4,36,0.8,GK,1.0,0.0,0.0,0.0,0.53,0.0,0.0,2.0,20.0,0.0,0.0,90.0,0.0,0.0,0.0,0.0,0.0,2.0,1.0,0.0,2.0,6.0,0.0,0.0,0.0,0.0,0.0,0.0,0.0,0.0,0.0,0.61,0.61,1.5,0.5,0.0,0.0,0.0,0.79,0.5,0.0,2.55,25.7,0.0,0.0,90.0,0.0,0.0,0.0,0.0,0.5,3.5,1.0,1.0,1.5,4.0,0.0,0.0,0.0,0.0,0.0,0.0,0.0,0.0,0.0,0.36,0.36,1.5,0.33,0.0,0.0,0.0,1.25,1.0,0.0,1.83,18.33,0.0,0.0,90.0,0.0,0.0,0.0,0.0,0.33,2.33,1.0,1.33,1.0,3.0,0.0,0.0,0.0,0.0,0.0,0.0,0.0,0.0,0.0,0.24,0.24,1.0,0.25,0.0,0.0,0.0,1.4,1.25,0.0,1.92,19.2,0.0,0.0,90.0,0.0,0.0,0.0,0.0,0.25,2.25,1.0,1.5,0.75,2.5,0.0,0.0,0.0,0.0,0.0,0.0,0.0,0.0,0.0,0.2,0.2,1.1,0.2,0.0,0.0,0.0,1.43,1.4,0.0,1.92,19.12,0.0,0.0,90.0,0.0,0.0,0.0,0.0,0.2,2.4,1.0,1.4,1.0,2.4,0.0,0.0,0.0,0.0,0.0,0.0,0.0,0.0,0.0,0.18,0.18,1.08,2184.0,0.243365330321852,1.0,0.704,0.178,0.117,2.4060983159265783,1.4961413165708493,,,0,0.0
4522,0,0,28,1,4.3,457,0.03,0.03,0.0,1.82,358,0,0,2.0,15.2,2025-05-10,90,0,0,0,0,0,0,0,False,13,0,0,0,0,36,0,35620,1,0,0,0.0,6,-724,83,807,3.9,True,0,0,0,0.0,90,Southampton,Manchester City,0,0,26959,2024,725774,0.0,0,0,0,0.0,0.1050352975726127,0.1050352975726127,Southampton,4,1,36,0.8,DEF,0.0,0.0,0.0,0.0,0.6,1.0,0.0,0.1,0.4,0.3,0.0,4.0,0.0,0.0,0.0,0.0,0.0,0.0,0.0,2.0,1.0,1.0,0.0,0.0,0.0,0.0,0.0,0.0,0.0,0.0,0.0,0.0,0.0,0.0,0.0,0.03,0.03,0.0,1.07,2.0,0.0,0.5,2.3,2.35,0.0,24.5,0.0,0.0,0.0,0.0,0.0,0.0,0.5,1.0,2.5,0.5,0.0,0.0,0.0,0.0,0.0,0.0,0.0,0.0,0.0,0.23,0.23,-0.35,0.0,0.05,0.05,0.0,2.04,2.67,0.0,0.8,4.2,3.5,0.0,46.33,0.0,0.0,0.0,0.0,0.0,0.0,0.67,2.0,1.67,0.33,0.0,0.0,0.0,0.0,0.0,0.0,0.0,0.0,0.0,0.15,0.15,0.2,0.0,0.04,0.04,0.0,1.83,2.75,0.0,0.85,4.5,3.2,0.5,57.25,0.0,0.0,0.0,0.0,0.0,0.0,0.75,2.25,1.5,0.5,0.0,0.25,0.0,0.0,0.0,0.0,0.0,0.0,0.0,0.15,0.15,0.48,0.0,0.03,0.04,0.01,1.83,2.4,0.0,1.32,6.84,4.94,1.2,63.8,0.0,0.0,0.0,0.0,0.0,0.0,0.8,2.2,1.4,0.8,0.0,0.4,0.01,0.0,0.0,0.0,0.0,0.0,0.01,0.13,0.13,0.68,-1042.0,-0.8134831460674158,6.0,0.086,0.126,0.788,,1.8740906888658868,3.9846503874230166e-10,0.0006970365608387,0,0.0
4542,0,0,9,0,5.1,223,0.03,0.03,0.0,0.79,352,1,0,1.7,12.2,2025-05-10,90,0,0,0,0,0,0,0,False,9,0,0,0,0,36,0,2357,1,3,1,0.0,2,-19,94,113,4.9,False,0,0,0,0.0,90,Fulham,Everton,1,3,26953,2024,725731,0.0,0,0,0,0.0,0.0194629020988941,0.0194629020988941,Everton,3,3,36,2.0,MID,0.0,0.09,0.09,0.0,0.85,2.0,0.0,3.8,18.2,19.9,0.0,90.0,0.0,0.0,0.0,0.0,0.0,0.0,1.0,2.0,2.0,2.0,0.0,0.0,0.0,0.07,0.0,0.0,1.0,0.0,0.0,0.13,0.06,2.7,0.0,0.05,0.05,0.0,0.87,1.5,0.0,2.8,16.8,11.35,0.0,90.0,0.0,0.0,0.0,0.0,0.0,0.0,1.0,1.0,1.5,2.0,0.0,0.0,0.0,0.04,0.0,0.0,0.5,0.0,0.0,0.25,0.21,1.35,0.0,0.08,0.08,0.0,1.26,1.67,0.0,3.13,17.13,14.4,0.0,90.0,0.0,0.0,0.0,0.0,0.0,0.0,1.0,1.33,1.0,2.0,0.0,0.0,0.0,0.05,0.0,0.0,0.67,0.0,0.0,0.17,0.14,1.4,0.25,0.06,0.1,0.04,1.07,1.25,0.0,3.4,16.45,13.22,4.5,90.0,0.0,0.0,0.0,0.0,0.0,0.0,1.0,1.25,0.75,2.25,0.0,0.5,0.03,0.04,0.0,0.0,0.5,0.0,0.03,0.19,0.14,1.05,0.2,0.05,0.08,0.03,0.96,1.0,0.0,2.74,13.36,10.58,3.6,77.0,0.0,0.0,0.0,0.0,0.0,0.0,0.8,1.2,0.8,2.0,0.0,0.4,0.02,0.03,0.0,0.0,0.4,0.0,0.02,0.15,0.12,1.08,-9.0,-0.0917874396135265,2.0,0.516,0.276,0.209,,,0.0001912552573708,-0.0003855631874944,1,0.0
4588,0,0,-1,0,5.4,295,0.02,0.04,0.02,1.31,357,2,0,1.5,6.0,2025-05-11,90,0,0,0,0,0,0,0,False,16,0,0,0,0,36,0,124220,1,2,2,4.0,0,-2068,2748,4816,4.1,False,1,0,1,0.0188621561974287,90,Nottingham Forest,Leicester,2,2,26958,2024,726618,0.0,0,0,0,0.0188621561974287,0.0211055278778076,0.0211055278778076,Leicester,1,4,36,1.0,DEF,1.0,0.01,0.01,0.0,0.53,0.0,0.0,1.9,17.0,1.6,0.0,90.0,0.0,0.0,0.0,0.0,0.0,0.0,1.0,0.0,2.0,7.0,0.0,0.0,0.0,0.0,0.0,0.0,0.0,0.0,0.0,0.6,0.6,2.2,0.5,0.01,0.01,0.0,0.86,1.0,0.0,2.15,13.6,6.7,1.0,67.5,0.0,0.0,0.0,0.0,0.0,0.0,0.5,0.0,2.5,3.5,0.0,0.0,0.0,0.03,0.0,0.0,0.5,0.0,0.0,0.33,0.33,1.1,0.33,0.01,0.01,0.0,0.57,0.67,0.0,1.6,10.6,4.5,0.67,47.33,0.0,0.0,0.0,0.0,0.0,0.0,0.33,0.33,1.67,2.67,0.0,0.0,0.0,0.02,0.0,0.0,0.33,0.0,0.0,0.22,0.22,0.4,0.25,0.01,0.01,0.0,1.4,1.0,0.0,1.7,12.15,4.12,0.5,58.0,0.0,0.0,0.0,0.0,0.0,0.0,0.5,0.75,1.75,2.25,0.0,0.0,0.0,0.02,0.0,0.0,0.25,0.0,0.0,0.26,0.26,0.3,0.2,0.01,0.01,0.0,1.7,1.4,0.0,1.44,9.72,4.46,0.4,61.0,0.0,0.0,0.0,0.0,0.2,0.0,0.6,1.2,1.4,1.8,0.0,0.0,0.0,0.01,0.0,0.0,0.2,0.0,0.0,0.22,0.22,0.2,-2211.0,-0.2734003172924378,0.0,0.704,0.178,0.117,,1.7752554896015682,0.0162697468200914,0.0009419720360412,0,0.0
4636,0,0,4,0,17.8,357,0.17,0.17,0.0,0.03,358,0,0,2.4,4.4,2025-05-10,45,0,0,0,0,0,0,0,False,17,0,0,0,0,36,0,13210,1,0,0,2.0,1,-503,986,1489,4.6,False,0,0,0,0.0,48,Southampton,Manchester City,0,0,26959,2024,725793,0.1294921338558197,0,1,0,0.0,0.0206133592873811,0.0206133592873811,Manchester City,4,1,36,2.0,MID,0.0,0.0,0.0,0.0,0.0,0.0,0.0,0.3,0.0,1.1,2.0,6.0,0.0,0.0,0.0,0.0,0.0,0.0,0.0,0.0,1.0,1.0,0.0,0.0,0.0,0.0,0.0,0.0,0.0,0.0,0.0,0.0,0.0,2.7,0.0,0.0,0.03,0.03,0.86,0.5,0.0,0.55,0.0,1.7,4.5,39.5,0.0,0.0,0.0,0.0,0.0,0.0,0.5,0.5,1.5,1.5,0.0,0.5,0.02,0.0,0.0,0.0,0.0,0.0,0.02,0.06,0.04,3.65,0.0,0.2,0.67,0.48,1.14,1.0,0.33,4.03,12.13,9.07,19.67,53.33,0.0,0.0,0.0,0.0,0.33,0.0,0.67,1.0,2.67,3.0,0.33,1.67,0.43,0.24,0.0,0.0,0.67,0.33,0.43,0.7,0.03,2.43,0.0,0.15,0.52,0.37,0.86,0.75,0.25,3.08,9.1,6.87,16.0,43.0,0.0,0.0,0.0,0.0,0.25,0.0,0.5,0.75,2.5,2.5,0.25,1.75,0.34,0.18,0.0,0.0,0.5,0.25,0.34,0.53,0.02,2.03,0.0,0.12,0.41,0.29,0.74,0.6,0.2,2.46,7.28,5.56,12.8,34.6,0.0,0.0,0.0,0.0,0.2,0.0,0.4,0.8,2.0,2.2,0.2,1.4,0.27,0.14,0.0,0.0,0.4,0.2,0.27,0.42,0.02,2.26,-507.0,-0.2032323232323232,1.0,0.086,0.126,0.788,,,0.0083190728787838,0.0955432321931841,0,0.0
4695,0,0,23,1,26.1,531,0.13,0.53,0.4,2.28,355,0,0,8.4,21.8,2025-05-11,90,0,0,0,0,0,0,0,False,14,0,0,0,0,36,0,58830,1,2,0,36.0,3,-282,200,482,6.1,False,0,0,2,0.4653287231922149,90,Manchester United,West Ham,0,2,26956,2024,726593,0.1475435495376587,0,2,0,0.4653287231922149,0.5506423115730286,0.0582604184746742,West Ham,2,3,36,2.0,MID,0.0,0.38,0.47,0.09,0.0,0.0,0.0,3.7,5.6,28.5,3.0,10.0,0.0,0.0,0.0,0.0,0.0,0.0,0.0,1.0,1.0,1.0,0.0,2.0,0.06,0.52,0.0,0.0,2.0,0.0,0.06,0.01,0.0,1.8,0.0,0.2,0.27,0.06,0.14,0.5,0.0,2.95,5.4,21.55,2.5,27.5,0.0,0.0,0.0,0.0,0.0,0.0,0.5,1.5,2.0,1.0,0.0,1.5,0.05,0.27,0.0,0.0,1.5,0.0,0.05,0.11,0.08,0.9,0.33,0.15,0.22,0.08,0.26,0.33,0.0,3.57,8.07,19.13,8.33,46.67,0.0,0.0,0.0,0.0,0.0,0.0,0.67,1.33,1.67,1.67,0.0,1.67,0.05,0.2,0.0,0.0,1.33,0.0,0.05,0.11,0.07,1.7,0.25,0.13,0.2,0.07,0.64,0.75,0.0,3.68,8.5,20.88,7.25,57.5,0.0,0.0,0.0,0.0,0.0,0.0,0.75,1.25,1.75,1.75,0.0,1.5,0.06,0.29,0.0,0.0,1.5,0.0,0.06,0.22,0.08,1.27,0.2,0.13,0.18,0.06,0.93,1.0,0.0,4.04,11.96,22.56,5.8,64.0,0.0,0.0,0.0,0.0,0.2,0.0,0.8,1.4,1.8,2.2,0.0,1.2,0.05,0.32,0.2,0.2,1.6,0.0,0.05,0.21,0.09,1.46,-237.0,-0.4134897360703812,3.0,0.499,0.264,0.237,,,0.1765980457229292,0.1773100049284433,0,1.0
4731,1,0,17,0,14.3,306,0.02,0.03,0.01,1.31,357,2,0,4.4,17.4,2025-05-11,90,0,0,0,0,0,0,0,False,16,0,0,0,0,36,0,537147,1,2,2,12.0,5,-6127,14587,20714,5.3,False,0,0,1,0.0213956106454134,90,Nottingham Forest,Leicester,2,2,26958,2024,726627,0.3331030011177063,1,1,0,0.0213956106454134,0.4468259215354919,0.1137229204177856,Leicester,1,4,36,3.0,FWD,1.0,0.07,0.55,0.48,0.5,0.0,1.0,6.7,36.2,0.9,30.0,84.0,0.0,0.0,0.0,0.0,0.0,0.0,1.0,0.0,2.0,9.0,1.0,2.0,0.39,0.0,0.0,0.0,0.0,1.0,0.39,0.52,0.19,3.2,0.5,0.04,0.68,0.65,1.26,1.5,0.5,4.65,19.2,1.25,26.0,87.0,0.0,0.5,0.0,0.0,0.0,0.0,1.0,0.0,2.5,4.5,0.5,2.0,0.58,0.0,0.0,0.0,0.0,0.5,0.2,0.28,0.11,1.6,0.67,0.02,0.46,0.43,1.38,1.0,0.33,3.1,12.8,1.57,17.33,78.33,0.0,0.33,0.0,0.0,0.0,0.0,1.0,0.33,1.67,3.67,0.33,1.33,0.39,0.0,0.0,0.0,0.0,0.33,0.14,0.19,0.07,1.07,0.5,0.02,0.34,0.32,1.96,1.25,0.25,2.38,9.95,1.25,13.0,73.75,0.0,0.25,0.0,0.0,0.0,0.0,1.0,0.75,1.75,3.25,0.25,1.0,0.29,0.0,0.0,0.0,0.0,0.25,0.1,0.14,0.05,0.8,0.4,0.02,0.31,0.29,2.22,1.6,0.2,2.58,9.04,1.76,15.4,77.0,0.0,0.2,0.0,0.0,0.0,0.0,1.0,1.2,1.4,3.0,0.2,1.4,0.26,0.0,0.0,0.0,0.0,0.2,0.11,0.14,0.05,0.8,-7313.0,-0.173564488258123,5.0,0.704,0.178,0.117,,,0.1226644876202813,0.1263492062053157,0,
4762,0,1,30,1,0.2,455,0.0,0.0,0.0,1.82,358,0,0,4.0,40.2,2025-05-10,90,0,0,0,0,0,0,0,False,13,0,0,0,0,36,0,232646,1,0,0,0.0,7,-7293,2039,9332,4.0,True,0,0,0,0.0,90,Southampton,Manchester City,0,0,26959,2024,725771,0.0,0,0,0,0.0,0.0,0.0,Southampton,4,1,36,1.8,DEF,0.0,0.0,0.0,0.0,1.4,2.0,0.0,1.7,16.8,0.5,0.0,90.0,0.0,0.0,0.0,0.0,0.0,0.0,1.0,0.0,2.0,1.0,0.0,0.0,0.0,0.0,0.0,0.0,0.0,0.0,0.0,0.04,0.04,1.0,0.0,0.0,0.0,0.0,1.91,2.0,0.0,1.85,18.0,0.4,0.0,90.0,0.0,0.0,0.0,0.0,0.0,0.0,1.0,1.0,1.5,1.0,0.0,0.0,0.0,0.0,0.0,0.0,0.0,0.0,0.0,0.04,0.04,0.5,0.0,0.01,0.01,0.0,1.58,1.67,0.0,1.97,18.87,0.7,0.0,90.0,0.0,0.0,0.0,0.0,0.0,0.0,1.0,1.0,1.33,1.33,0.0,0.0,0.0,0.0,0.0,0.0,0.0,0.0,0.0,0.08,0.08,0.5,0.0,0.01,0.01,0.0,1.94,2.0,0.0,2.0,18.75,0.6,0.5,90.0,0.0,0.0,0.0,0.0,0.25,0.0,1.0,1.5,1.0,1.0,0.0,0.0,0.0,0.0,0.0,0.0,0.0,0.0,0.0,0.07,0.07,0.38,0.0,0.01,0.01,0.0,1.98,2.2,0.0,2.62,22.44,2.84,0.8,90.0,0.0,0.0,0.0,0.0,0.2,0.0,1.0,1.4,1.4,1.0,0.0,0.0,0.0,0.01,0.0,0.0,0.2,0.0,0.0,0.13,0.13,0.34,-7580.0,-0.6413683932811538,6.0,0.086,0.126,0.788,,2.241064553393331,0.0003653561585947,0.0001034717099936,0,0.0
4794,0,1,28,1,0.8,144,0.0,0.0,0.0,0.91,360,0,0,2.0,18.8,2025-05-10,90,0,0,0,0,0,0,0,False,20,0,0,0,0,36,0,86230,1,2,0,0.0,7,530,2833,2303,4.5,False,0,0,0,0.0,90,Wolverhampton Wanderers,Brighton,0,2,26961,2024,725819,0.0,0,0,0,0.0,0.0521191656589508,0.0521191656589508,Brighton,3,3,36,2.0,DEF,0.0,0.01,0.01,0.0,1.87,1.0,0.0,1.6,14.6,1.3,0.0,90.0,0.0,0.0,0.0,0.0,0.0,0.0,1.0,1.0,1.0,2.0,0.0,0.0,0.0,0.0,0.0,0.0,0.0,0.0,0.0,0.0,0.0,-0.3,0.0,0.03,0.03,0.0,2.02,2.5,0.0,2.0,15.3,2.45,2.0,90.0,0.0,0.0,0.0,0.0,0.5,0.0,1.0,1.5,2.5,0.5,0.0,0.0,0.0,0.0,0.0,0.0,0.0,0.0,0.0,0.29,0.29,-0.4,0.0,0.05,0.05,0.0,1.54,2.33,0.0,2.43,16.07,6.07,2.0,90.0,0.0,0.0,0.0,0.33,0.33,0.0,1.0,1.33,2.33,-0.33,0.0,0.0,0.0,0.01,0.0,0.0,0.33,0.0,0.0,0.44,0.44,-0.27,0.0,0.06,0.06,0.0,1.46,2.5,0.0,2.78,16.75,5.1,5.75,90.0,0.0,0.0,0.0,0.25,0.25,0.0,1.0,1.75,1.75,0.0,0.0,0.25,0.0,0.01,0.0,0.0,0.25,0.0,0.0,0.34,0.34,0.72,0.0,0.04,0.05,0.01,1.52,2.4,0.0,2.6,16.36,4.14,5.4,90.0,0.0,0.0,0.0,0.2,0.2,0.0,1.0,1.8,1.8,0.2,0.0,0.4,0.01,0.01,0.0,0.0,0.2,0.0,0.01,0.37,0.37,1.38,802.0,0.1031931464174454,6.0,0.351,0.271,0.379,,1.2550237460110265,3.9846503874230166e-10,-9.257586585853515e-05,0,1.0
4856,0,0,9,0,0.1,219,0.01,0.08,0.07,0.79,352,1,0,2.9,20.0,2025-05-10,90,0,0,0,0,0,0,0,False,9,0,0,0,0,36,0,234616,1,3,1,9.0,2,-5740,10288,16028,4.8,False,0,0,1,0.0387600623071193,90,Fulham,Everton,1,3,26953,2024,725727,0.0,0,0,0,0.0387600623071193,0.0387600623071193,0.0,Everton,3,3,36,1.5,DEF,0.0,0.15,0.15,0.0,0.85,2.0,0.0,3.2,18.2,11.8,2.0,90.0,0.0,0.0,0.0,0.0,0.0,0.0,1.0,2.0,2.0,1.0,0.0,0.0,0.0,0.27,0.0,0.0,1.0,0.0,0.0,0.0,0.0,2.7,0.0,0.08,0.08,0.0,0.87,1.5,0.0,3.0,22.6,6.3,1.0,90.0,0.0,0.0,0.0,0.0,0.0,0.0,1.0,1.0,1.5,1.5,0.0,0.0,0.0,0.13,0.0,0.0,0.5,0.0,0.0,0.38,0.38,1.35,0.0,0.05,0.16,0.11,1.26,1.67,0.0,3.33,22.07,4.3,7.0,90.0,0.0,0.0,0.0,0.0,0.0,0.0,1.0,1.33,1.0,1.33,0.0,0.33,0.15,0.09,0.0,0.0,0.33,0.0,0.15,0.25,0.25,1.57,0.25,0.08,0.16,0.08,1.07,1.25,0.0,3.12,22.15,3.42,5.75,90.0,0.0,0.0,0.0,0.0,0.25,0.0,1.0,1.25,0.75,2.25,0.0,0.25,0.11,0.07,0.0,0.0,0.25,0.0,0.11,0.21,0.21,1.18,0.2,0.06,0.13,0.07,1.22,1.2,0.0,2.92,21.72,2.84,4.6,90.0,0.0,0.0,0.0,0.0,0.2,0.0,1.0,1.2,0.8,2.2,0.0,0.2,0.09,0.05,0.0,0.0,0.2,0.0,0.09,0.17,0.17,1.24,-9518.0,-0.2181182550539595,2.0,0.516,0.276,0.209,,1.1539779149727911,0.0704407061244027,2.7393420670929203e-05,0,0.0
4889,0,0,25,1,4.8,514,0.01,0.3,0.29,0.73,355,0,1,6.2,36.2,2025-05-11,72,0,0,0,0,0,0,0,False,14,0,0,0,0,36,0,1393848,1,2,0,21.0,8,95329,157290,61961,7.7,False,0,1,1,0.4728576838970184,75,Manchester United,West Ham,0,2,26956,2024,726597,0.0,0,0,1,0.4728576838970184,0.499910831451416,0.0270531587302684,West Ham,2,3,36,9.0,MID,0.0,0.05,0.58,0.53,0.77,1.0,1.0,10.9,35.4,1.8,72.0,90.0,0.0,0.0,0.0,0.0,0.0,0.0,1.0,1.0,1.0,9.0,1.0,3.0,0.93,0.0,0.0,0.0,0.0,1.0,0.93,0.47,0.05,7.5,0.0,0.46,0.76,0.3,1.04,2.0,0.5,10.95,38.3,26.8,44.5,90.0,0.0,0.0,0.0,0.0,0.0,0.0,1.0,1.5,2.0,9.5,0.5,2.5,0.51,0.46,1.0,1.0,2.0,0.5,0.51,0.74,0.22,3.75,0.33,0.32,0.57,0.26,0.86,1.33,0.67,9.33,36.4,18.8,38.33,88.33,0.0,0.0,0.0,0.0,0.0,0.0,1.0,1.33,1.67,9.33,0.67,2.33,0.41,0.31,0.67,0.67,1.33,0.67,0.41,0.57,0.15,4.33,0.25,0.25,0.54,0.29,1.09,1.5,0.5,8.1,29.85,16.72,34.5,88.75,0.0,0.0,0.0,0.0,0.0,0.0,1.0,1.25,1.75,7.5,0.5,2.0,0.39,0.23,0.5,0.5,1.0,0.5,0.39,0.51,0.11,3.25,0.2,0.2,0.51,0.31,1.3,1.6,0.6,7.98,31.96,13.72,34.2,89.0,0.0,0.0,0.0,0.0,0.0,0.0,1.0,1.4,1.8,7.4,0.6,2.4,0.38,0.18,0.4,0.4,0.8,0.6,0.38,0.46,0.09,3.44,93860.0,0.4347939120004013,8.0,0.499,0.264,0.237,,,0.1683681330843263,0.0011484010072093,0,1.0
4921,0,0,26,1,0.3,591,0.0,0.0,0.0,1.78,355,0,0,1.1,10.6,2025-05-11,82,0,0,0,0,0,0,0,False,14,0,0,0,0,36,0,29440,1,2,0,0.0,6,-590,168,758,4.2,False,0,0,0,0.0,85,Manchester United,West Ham,0,2,26956,2024,726588,0.0,0,0,0,0.0,0.0582604184746742,0.0582604184746742,West Ham,2,3,36,2.8,DEF,0.0,0.0,0.0,0.0,0.77,1.0,0.0,1.3,10.8,0.4,2.0,79.0,0.0,0.0,0.0,0.0,0.0,0.0,1.0,1.0,1.0,2.0,0.0,0.0,0.0,0.0,0.0,0.0,0.0,0.0,0.0,0.46,0.46,1.8,0.0,0.0,0.0,0.0,1.04,2.0,0.0,1.5,13.2,1.0,1.0,84.5,0.0,0.0,0.0,0.0,0.0,0.0,1.0,1.5,2.0,1.5,0.0,0.0,0.0,0.0,0.0,0.0,0.0,0.0,0.0,0.39,0.39,0.9,0.0,0.0,0.0,0.0,0.91,1.67,0.0,1.83,16.87,0.8,0.67,86.33,0.0,0.0,0.0,0.0,0.0,0.0,1.0,1.33,1.67,1.67,0.0,0.0,0.0,0.0,0.0,0.0,0.0,0.0,0.0,0.31,0.31,1.17,0.0,0.0,0.0,0.0,1.03,1.5,0.0,1.58,14.45,0.68,0.5,84.0,0.0,0.0,0.0,0.0,0.0,0.0,1.0,1.25,1.75,1.75,0.0,0.0,0.0,0.0,0.0,0.0,0.0,0.0,0.0,0.25,0.25,0.88,0.0,0.0,0.0,0.0,1.23,1.6,0.0,1.66,15.36,0.7,0.4,83.8,0.0,0.0,0.0,0.0,0.0,0.0,1.0,1.4,1.8,1.6,0.0,0.0,0.0,0.0,0.0,0.0,0.0,0.0,0.0,0.2,0.2,0.74,-562.0,-0.6371490280777538,6.0,0.499,0.264,0.237,,1.446382547744124,3.9846503874230166e-10,4.062750444822072e-05,0,0.0
4958,0,0,7,0,22.3,207,0.02,0.6,0.58,0.52,359,0,0,10.1,16.2,2025-05-11,59,0,0,0,0,0,0,0,False,18,0,0,0,0,36,0,1195393,1,2,0,62.0,1,-342421,21727,364148,7.6,False,0,0,4,0.8518876433372498,64,Tottenham,Crystal Palace,0,2,26960,2024,726657,0.1387945562601089,0,2,0,0.8518876433372498,1.052812099456787,0.602352499961853,Crystal Palace,3,3,36,2.8,FWD,0.0,0.01,0.05,0.04,0.71,1.0,0.0,0.6,0.2,1.8,4.0,75.0,0.0,0.0,0.0,0.0,0.0,0.0,1.0,1.0,1.0,2.0,0.0,1.0,0.05,0.0,0.0,0.0,0.0,0.0,0.05,0.05,0.0,2.3,0.0,0.04,0.09,0.05,0.4,0.5,0.5,3.25,19.2,7.95,5.5,42.5,0.0,0.0,0.0,0.0,0.0,0.0,0.5,1.5,1.5,5.0,0.5,1.0,0.03,0.05,0.0,0.0,0.5,0.5,0.03,0.08,0.0,4.15,0.33,0.03,0.07,0.05,0.5,0.33,0.33,2.4,12.8,5.73,6.33,53.0,0.0,0.0,0.0,0.0,0.0,0.0,0.67,1.0,1.0,4.0,0.33,1.0,0.05,0.03,0.0,0.0,0.33,0.33,0.05,0.06,0.0,4.77,0.25,0.02,0.15,0.12,0.68,1.25,0.25,2.22,9.95,4.5,8.5,53.5,0.0,0.0,0.0,0.0,0.0,0.0,0.75,0.75,2.0,3.25,0.25,1.25,0.19,0.03,0.0,0.0,0.25,0.25,0.19,0.21,0.01,3.58,0.2,0.02,0.13,0.11,0.93,1.4,0.2,1.86,7.96,3.82,7.6,51.8,0.0,0.0,0.0,0.0,0.0,0.0,0.8,1.0,2.6,2.8,0.2,1.0,0.15,0.02,0.0,0.0,0.2,0.2,0.15,0.17,0.01,2.86,-348665.0,-0.8873884029802397,1.0,0.359,0.263,0.378,,,0.5985438277704163,0.128177601009402,0,
4993,0,0,5,0,4.4,535,0.0,0.08,0.08,0.66,360,1,0,1.1,2.2,2025-05-10,30,0,0,0,0,0,0,0,False,5,0,0,0,0,36,0,22036,0,2,0,4.0,1,141,2433,2292,4.9,True,0,0,1,0.0575966089963912,24,Wolverhampton Wanderers,Brighton,0,2,26961,2024,725812,0.0,0,0,0,0.0575966089963912,0.0575966089963912,0.0,Wolverhampton Wanderers,3,3,36,1.0,MID,0.0,0.06,0.06,0.0,0.6,1.0,0.0,3.9,16.0,15.1,8.0,65.0,0.0,0.0,0.0,0.0,0.0,0.0,1.0,0.0,1.0,2.0,0.0,0.0,0.0,0.0,0.0,0.0,0.0,0.0,0.0,0.07,0.07,0.5,0.0,0.03,0.03,0.0,0.32,0.5,0.0,2.05,9.1,7.6,4.0,35.5,0.0,0.0,0.0,0.0,0.0,0.0,0.5,0.0,2.0,1.5,0.0,0.0,0.0,0.0,0.0,0.0,0.0,0.0,0.0,0.04,0.04,0.25,0.0,0.02,0.02,0.0,0.45,0.33,0.0,1.63,8.47,5.33,2.67,37.33,0.0,0.0,0.0,0.0,0.0,0.0,0.67,0.67,2.67,1.33,0.0,0.0,0.0,0.0,0.0,0.0,0.0,0.0,0.0,0.06,0.06,0.17,0.0,0.03,0.06,0.02,0.52,0.5,0.0,2.55,8.05,14.12,3.5,44.0,0.0,0.0,0.0,0.0,0.0,0.0,0.75,1.0,2.25,1.5,0.0,0.25,0.01,0.07,0.0,0.0,0.5,0.0,0.01,0.12,0.07,1.45,0.2,0.03,0.06,0.03,0.68,0.4,0.0,2.36,7.24,13.14,3.4,53.0,0.0,0.0,0.0,0.0,0.0,0.0,0.8,0.8,2.0,1.8,0.0,0.4,0.02,0.06,0.0,0.0,0.4,0.0,0.02,0.2,0.16,2.42,197.0,0.0298412698412698,1.0,0.351,0.271,0.379,,,0.0202957886396606,-0.0002419365735433,0,0.0
5026,0,0,7,1,14.4,206,0.13,0.2,0.07,0.52,359,0,0,5.2,17.4,2025-05-11,60,0,0,0,0,0,0,0,False,18,0,0,0,0,36,0,7043,1,2,0,20.0,2,-422,39,461,4.8,False,1,0,2,0.0658338367938995,65,Tottenham,Crystal Palace,0,2,26960,2024,726653,0.1216152086853981,0,1,0,0.0658338367938995,0.7366526126861572,0.6045153737068176,Crystal Palace,3,3,36,1.2,MID,0.0,0.02,0.02,0.0,0.0,0.0,0.0,0.4,1.2,0.5,2.0,3.0,0.0,0.0,0.0,0.0,0.0,0.0,0.0,1.0,1.0,1.0,0.0,0.0,0.0,0.0,0.0,0.0,0.0,0.0,0.0,0.0,0.0,0.5,0.0,0.04,0.03,0.0,0.61,1.0,0.0,1.0,7.9,0.95,1.0,46.5,0.0,0.0,0.0,0.0,0.0,0.0,0.5,1.5,1.5,1.5,0.0,0.0,0.0,0.0,0.0,0.0,0.0,0.0,0.0,0.12,0.12,1.95,0.0,0.03,0.03,0.0,0.52,0.67,0.0,0.67,5.27,0.73,0.67,46.0,0.0,0.0,0.0,0.0,0.33,0.0,0.33,1.0,1.0,1.0,0.0,0.0,0.0,0.0,0.0,0.0,0.0,0.0,0.0,0.08,0.08,2.43,0.0,0.04,0.04,0.0,0.72,1.75,0.0,1.0,5.1,3.45,1.5,55.5,0.0,0.0,0.0,0.0,0.5,0.0,0.5,0.75,2.0,1.0,0.0,0.0,0.0,0.0,0.0,0.0,0.0,0.0,0.0,0.22,0.22,1.82,0.0,0.03,0.04,0.01,1.34,2.4,0.0,1.2,6.64,3.42,2.0,62.4,0.0,0.0,0.0,0.0,0.6,0.0,0.6,1.0,2.6,1.0,0.0,0.2,0.02,0.0,0.0,0.0,0.0,0.0,0.02,0.25,0.25,1.46,-428.0,-0.844,2.0,0.359,0.263,0.378,,,0.1040827728034958,0.0696794228046651,1,0.0
5068,0,0,1,0,0.5,619,0.0,0.0,0.0,0.63,353,0,0,0.6,5.2,2025-05-10,29,0,0,0,0,0,0,0,False,4,0,0,0,0,36,0,14985,0,1,0,0.0,1,-492,229,721,4.5,True,0,0,0,0.0,27,Ipswich,Brentford,0,1,26954,2024,725755,0.0,0,0,0,0.0,0.0137665122747421,0.0137665122747421,Ipswich,3,2,36,0.5,MID,0.0,0.01,0.01,0.0,0.05,0.0,0.0,0.2,2.0,0.3,0.0,8.0,0.0,0.0,0.0,0.0,0.0,0.0,0.0,2.0,2.0,1.0,0.0,0.0,0.0,0.0,0.0,0.0,0.0,0.0,0.0,0.0,0.0,0.7,0.0,0.0,0.0,0.0,1.14,1.5,0.0,0.75,6.3,1.45,0.0,44.5,0.0,0.0,0.0,0.0,0.0,0.0,0.5,3.0,1.0,1.5,0.0,0.0,0.0,0.0,0.0,0.0,0.0,0.0,0.0,0.0,0.0,0.6,0.0,0.0,0.03,0.03,1.52,1.67,0.0,1.83,12.93,4.57,1.0,59.67,0.0,0.0,0.0,0.0,0.0,0.0,0.67,2.67,1.33,1.67,0.0,0.67,0.03,0.0,0.0,0.0,0.33,0.0,0.03,0.15,0.12,0.4,0.0,0.06,0.08,0.02,1.6,1.5,0.0,1.98,11.95,7.22,0.75,64.75,0.0,0.0,0.0,0.0,0.0,0.0,0.75,2.5,1.25,1.75,0.0,0.5,0.02,0.03,0.0,0.0,0.5,0.0,0.02,0.15,0.1,1.37,0.0,0.05,0.08,0.04,1.66,1.4,0.0,2.14,11.84,8.3,1.4,69.8,0.0,0.0,0.0,0.0,0.0,0.0,0.8,2.4,1.2,1.8,0.0,0.6,0.04,0.02,0.0,0.0,0.6,0.0,0.04,0.32,0.25,1.86,-451.0,-0.5178947368421053,1.0,0.189,0.237,0.574,,,-0.0002852350678954,-8.462378507712032e-06,0,0.0
5144,0,0,4,0,2.3,191,0.02,0.04,0.02,1.12,352,3,0,3.3,26.6,2025-05-10,90,0,0,0,0,0,0,0,False,8,0,0,0,0,36,0,395335,1,3,1,4.0,1,-1039,2614,3653,4.2,True,0,0,1,0.0127887986600399,90,Fulham,Everton,1,3,26953,2024,725711,0.0,0,0,0,0.0127887986600399,0.6817432641983032,0.6817432641983032,Fulham,3,3,36,1.5,DEF,0.0,0.01,0.07,0.06,0.96,1.0,0.0,2.7,17.0,2.3,8.0,90.0,0.0,0.0,0.0,0.0,0.0,0.0,1.0,0.0,1.0,2.0,0.0,1.0,0.07,0.0,0.0,0.0,0.0,0.0,0.07,0.29,0.21,1.8,0.0,0.05,0.3,0.25,0.8,1.0,0.0,6.5,32.8,5.3,27.0,90.0,0.0,0.0,0.0,0.0,0.0,0.0,1.0,1.0,1.0,2.0,0.0,2.0,0.19,0.0,0.0,0.0,0.0,0.0,0.19,0.55,0.51,0.9,0.0,0.04,0.21,0.17,0.83,1.33,0.0,5.33,30.33,5.07,18.0,90.0,0.0,0.0,0.0,0.0,0.0,0.0,1.0,1.33,1.0,1.67,0.0,1.33,0.12,0.0,0.0,0.0,0.0,0.0,0.12,0.37,0.34,0.93,0.0,0.03,0.17,0.14,0.99,1.25,0.0,5.28,30.55,3.95,18.25,90.0,0.0,0.0,0.0,0.0,0.0,0.0,1.0,1.0,1.0,1.75,0.0,1.25,0.12,0.0,0.0,0.0,0.0,0.0,0.12,0.29,0.28,0.7,0.0,0.03,0.14,0.11,1.09,1.4,0.0,4.9,31.12,3.28,14.6,90.0,0.0,0.0,0.0,0.0,0.0,0.0,1.0,1.2,1.4,1.6,0.0,1.0,0.09,0.0,0.0,0.0,0.0,0.0,0.09,0.27,0.26,0.82,-782.0,-0.1657890537737354,1.0,0.516,0.276,0.209,,1.0525584772801988,0.0294638547141545,0.0001094058391719,0,1.0
5177,0,0,10,0,0.8,452,0.01,0.01,0.0,1.17,358,0,0,1.8,17.0,2025-05-10,45,0,0,0,0,0,0,0,False,13,0,0,0,0,36,0,7133,0,0,0,0.0,1,-101,245,346,4.9,True,0,0,0,0.0,42,Southampton,Manchester City,0,0,26959,2024,725783,0.0,0,0,0,0.0,0.0,0.0,Southampton,4,1,36,-0.8,MID,0.0,0.01,0.04,0.03,1.16,2.0,0.0,2.5,5.0,13.3,7.0,63.0,0.0,0.0,0.0,0.0,0.0,0.0,1.0,1.0,3.0,2.0,0.0,1.0,0.06,0.01,0.0,0.0,1.0,0.0,0.06,0.17,0.11,1.2,0.0,0.0,0.02,0.02,0.69,1.5,0.0,1.3,3.0,6.85,3.5,41.0,0.0,0.0,0.0,0.0,0.0,0.0,0.5,1.0,2.0,1.5,0.0,0.5,0.03,0.01,0.0,0.0,0.5,0.0,0.03,0.09,0.06,1.0,0.0,0.02,0.07,0.05,0.58,1.67,0.0,2.07,4.27,10.5,6.0,57.33,0.0,0.0,0.0,0.0,0.0,0.0,0.67,1.33,1.67,1.67,0.0,1.0,0.07,0.04,0.0,0.0,0.67,0.0,0.07,0.18,0.09,1.1,0.0,0.01,0.05,0.04,0.65,1.5,0.0,1.55,3.3,7.88,4.5,44.75,0.0,0.0,0.0,0.0,0.0,0.0,0.5,1.25,2.0,1.5,0.0,0.75,0.06,0.03,0.0,0.0,0.5,0.0,0.06,0.13,0.07,0.95,0.0,0.01,0.04,0.03,1.03,2.0,0.0,1.82,7.0,7.66,3.6,53.8,0.0,0.0,0.0,0.0,0.0,0.0,0.6,1.0,2.4,1.6,0.0,0.6,0.04,0.02,0.0,0.0,0.4,0.0,0.04,0.2,0.15,1.02,-273.0,-0.170896785109983,1.0,0.086,0.126,0.788,,,-0.0016352118215821,-6.55241690579178e-05,0,0.0
5285,0,0,1,0,0.3,48,0.01,0.01,0.0,0.72,351,0,0,0.2,1.6,2025-05-10,20,0,0,0,0,0,0,0,False,3,0,0,0,0,36,0,77374,0,1,0,0.0,1,931,1888,957,5.2,False,0,0,0,0.0,12,Bournemouth,Aston Villa,0,1,26955,2024,726019,0.0,0,0,0,0.0,0.0,0.0,Aston Villa,3,3,36,2.5,MID,1.0,0.08,0.08,0.0,0.62,0.0,0.0,5.8,23.8,34.4,0.0,60.0,0.0,0.0,0.0,0.0,0.0,0.0,1.0,0.0,1.0,6.0,0.0,0.0,0.0,0.32,1.0,1.0,2.0,0.0,0.0,0.06,0.06,3.5,0.5,0.04,0.04,0.0,0.6,0.5,0.0,3.35,15.1,17.6,1.0,44.5,0.0,0.0,0.0,0.0,0.0,0.0,0.5,0.5,1.5,3.5,0.0,0.0,0.0,0.16,0.5,0.5,1.0,0.0,0.0,0.03,0.03,3.65,0.33,0.03,0.17,0.14,0.63,0.67,0.0,4.6,17.0,15.67,13.33,53.33,0.0,0.0,0.0,0.0,0.0,0.0,0.67,0.67,2.33,3.0,0.0,0.67,0.13,0.14,0.33,0.33,1.0,0.0,0.13,0.32,0.16,3.7,0.25,0.02,0.2,0.18,0.48,0.5,0.25,4.7,20.5,11.77,14.75,41.25,0.0,0.0,0.0,0.0,0.25,0.0,0.5,1.25,1.75,3.5,0.25,0.75,0.21,0.1,0.25,0.25,0.75,0.25,0.21,0.24,0.12,2.77,0.2,0.05,0.2,0.15,0.44,0.4,0.2,4.2,16.92,12.42,12.6,36.4,0.0,0.0,0.0,0.0,0.2,0.0,0.4,1.2,1.8,3.0,0.2,0.6,0.17,0.15,0.2,0.2,0.8,0.2,0.17,0.26,0.09,2.52,1073.0,0.3272407732864675,1.0,0.394,0.263,0.344,,,0.0013531128205706,0.0004271640554027,0,0.0
5334,0,0,7,0,16.0,192,0.04,0.04,0.0,1.23,357,2,0,2.8,11.6,2025-05-11,60,0,0,0,0,0,0,0,False,16,0,0,0,0,36,0,17986,1,2,2,0.0,2,-841,224,1065,5.1,False,0,0,0,0.0,63,Nottingham Forest,Leicester,2,2,26958,2024,726625,0.0213956106454134,0,1,0,0.0,0.0,0.0,Leicester,1,4,36,1.8,MID,1.0,0.07,0.19,0.12,0.5,0.0,1.0,6.9,35.8,23.8,9.0,69.0,0.0,0.0,0.0,0.0,0.0,0.0,1.0,0.0,2.0,8.0,1.0,2.0,0.11,0.36,0.0,0.0,1.0,1.0,0.11,0.42,0.42,2.2,0.5,0.09,0.18,0.08,0.86,1.0,0.5,5.5,21.4,22.3,11.0,57.0,0.0,0.0,0.0,0.0,0.0,0.0,0.5,0.0,2.5,4.5,0.5,1.5,0.09,0.19,0.0,0.0,1.0,0.5,0.09,0.25,0.24,1.1,0.33,0.06,0.12,0.06,0.61,0.67,0.33,3.73,14.6,15.03,7.33,41.33,0.0,0.0,0.0,0.0,0.0,0.0,0.33,0.0,2.33,3.33,0.33,1.0,0.06,0.13,0.0,0.0,0.67,0.33,0.06,0.2,0.19,0.8,0.25,0.05,0.09,0.04,0.46,0.5,0.25,3.1,12.1,12.53,6.0,31.25,0.0,0.0,0.0,0.0,0.0,0.0,0.25,0.75,1.75,2.75,0.25,0.75,0.04,0.09,0.0,0.0,0.5,0.25,0.04,0.15,0.14,0.68,0.2,0.06,0.09,0.03,0.56,1.0,0.2,3.06,11.16,14.28,4.8,35.8,0.0,0.0,0.0,0.0,0.0,0.0,0.4,1.4,1.4,2.4,0.2,0.6,0.03,0.08,0.0,0.0,0.6,0.2,0.03,0.13,0.12,0.9,-883.0,-0.65244375484872,2.0,0.704,0.178,0.117,,,0.0004996926884293,0.0713063247994176,0,0.0
5372,0,0,14,0,0.0,235,0.0,0.0,0.0,0.79,352,1,0,3.3,33.2,2025-05-10,90,0,0,0,0,0,0,0,False,9,0,0,0,0,36,5,1849218,1,3,1,0.0,3,-7091,36323,43414,5.1,False,0,0,0,0.0,90,Fulham,Everton,1,3,26953,2024,725725,0.0,0,0,0,0.0,0.0,0.0,Everton,3,3,36,2.5,GK,0.0,0.0,0.0,0.0,0.85,2.0,0.0,2.1,21.4,0.0,0.0,90.0,0.0,0.0,0.0,0.0,0.0,3.0,1.0,2.0,2.0,2.0,0.0,0.0,0.0,0.0,0.0,0.0,0.0,0.0,0.0,0.0,0.0,4.5,0.0,0.0,0.0,0.0,0.86,1.5,0.0,3.15,31.6,0.0,0.0,90.0,0.0,0.0,0.0,0.0,0.0,4.5,1.0,1.0,1.5,3.0,0.0,0.0,0.0,0.0,0.0,0.0,0.0,0.0,0.0,0.21,0.21,2.25,0.0,0.0,0.0,0.0,1.26,1.67,0.0,3.1,30.93,0.0,0.0,90.0,0.0,0.0,0.0,0.0,0.33,4.33,1.0,1.33,1.0,2.33,0.0,0.0,0.0,0.0,0.0,0.0,0.0,0.0,0.0,0.15,0.15,2.67,0.25,0.0,0.0,0.0,1.07,1.25,0.0,3.42,34.3,0.0,0.0,90.0,0.0,0.0,0.0,0.0,0.25,4.5,1.0,1.25,0.75,4.0,0.0,0.0,0.0,0.0,0.0,0.0,0.0,0.0,0.0,0.2,0.2,2.0,0.2,0.01,0.01,0.0,1.22,1.2,0.0,3.22,32.2,0.0,0.0,90.0,0.0,0.0,0.0,0.0,0.2,4.2,1.0,1.2,0.8,3.8,0.0,0.0,0.0,0.0,0.0,0.0,0.0,0.0,0.0,0.16,0.16,2.1,-17296.0,-0.0889298569045737,3.0,0.516,0.276,0.209,4.326088340209029,1.532709756209142,,,0,0.0
5407,0,0,3,0,4.9,604,0.01,0.06,0.05,0.1,352,0,0,1.2,1.6,2025-05-10,7,0,0,0,0,0,0,0,False,8,0,0,0,0,36,0,9435,0,3,1,5.0,1,19,107,88,4.4,True,0,0,1,0.0834133774042129,4,Fulham,Everton,1,3,26953,2024,725723,0.0,0,0,0,0.0834133774042129,0.0834133774042129,0.0,Fulham,3,3,36,0.2,MID,0.0,0.0,0.0,0.0,0.0,0.0,0.0,0.1,0.2,0.3,0.0,1.0,0.0,0.0,0.0,0.0,0.0,0.0,0.0,2.0,0.0,1.0,0.0,0.0,0.0,0.0,0.0,0.0,0.0,0.0,0.0,0.0,0.0,0.0,0.0,0.3,0.4,0.1,0.04,0.0,0.0,1.4,1.3,5.45,7.0,3.0,0.0,0.0,0.0,0.0,0.0,0.0,0.0,2.0,1.5,1.0,0.0,0.5,0.02,0.34,0.0,0.0,0.5,0.0,0.02,0.36,0.0,0.5,0.0,0.2,0.26,0.07,0.03,0.0,0.0,1.07,1.2,3.83,5.33,2.33,0.0,0.0,0.0,0.0,0.0,0.0,0.0,2.0,1.67,1.0,0.0,0.33,0.01,0.23,0.0,0.0,0.33,0.0,0.01,0.24,0.0,0.6,0.25,0.16,0.21,0.05,0.07,0.0,0.0,1.95,4.05,9.17,6.0,17.0,0.0,0.0,0.0,0.0,0.0,0.0,0.25,1.5,1.25,1.5,0.0,0.25,0.01,0.19,0.0,0.0,0.75,0.0,0.01,0.2,0.0,0.75,0.2,0.13,0.17,0.04,0.07,0.0,0.0,1.68,4.28,7.46,4.8,15.6,0.0,0.0,0.0,0.0,0.0,0.0,0.2,1.4,1.6,1.4,0.0,0.2,0.01,0.15,0.0,0.0,0.6,0.0,0.01,0.16,0.0,0.64,-461.0,0.0974358974358974,1.0,0.516,0.276,0.209,,,0.0870902045467756,5.192537395304342e-05,0,0.0
5469,0,0,2,0,0.0,554,0.0,0.0,0.0,1.57,360,2,0,0.5,4.8,2025-05-10,90,0,0,0,0,0,0,0,False,5,0,0,0,0,36,0,340841,1,2,0,0.0,1,7264,14259,6995,4.4,True,0,0,0,0.0,90,Wolverhampton Wanderers,Brighton,0,2,26961,2024,725801,0.0,0,0,0,0.0,0.0,0.0,Wolverhampton Wanderers,3,3,36,3.8,GK,0.0,0.0,0.0,0.0,0.71,1.0,0.0,1.1,11.0,0.0,0.0,90.0,0.0,0.0,0.0,0.0,0.0,1.0,1.0,0.0,1.0,2.0,0.0,0.0,0.0,0.0,0.0,0.0,0.0,0.0,0.0,0.07,0.07,3.3,0.5,0.0,0.0,0.0,0.93,0.5,0.0,2.35,23.3,0.0,0.0,90.0,0.0,0.0,0.5,0.0,0.0,1.5,1.0,0.0,2.0,7.0,0.0,0.0,0.0,0.0,0.0,0.0,0.0,0.0,0.0,0.13,0.13,1.65,0.33,0.0,0.0,0.0,1.27,1.0,0.0,2.03,20.13,0.0,0.0,90.0,0.0,0.0,0.33,0.0,0.0,1.67,1.0,0.67,2.67,5.0,0.0,0.0,0.0,0.0,0.0,0.0,0.0,0.0,0.0,0.08,0.08,1.1,0.25,0.0,0.0,0.0,1.16,1.0,0.0,1.67,16.6,0.0,0.0,90.0,0.0,0.0,0.25,0.0,0.0,1.5,1.0,1.0,2.25,4.25,0.0,0.0,0.0,0.0,0.0,0.0,0.0,0.0,0.0,0.07,0.07,1.58,0.4,0.0,0.0,0.0,1.19,0.8,0.0,1.52,15.16,0.0,0.0,90.0,0.0,0.0,0.2,0.0,0.2,1.4,1.0,0.8,2.0,4.4,0.0,0.0,0.0,0.0,0.0,0.0,0.0,0.0,0.0,0.06,0.06,1.92,8921.0,0.3417709607603275,1.0,0.351,0.271,0.379,0.0903307207838577,0.8068172141330725,,,0,1.0
5545,0,0,10,0,3.7,553,0.02,0.02,0.0,0.91,360,1,0,0.4,0.0,2025-05-10,59,0,0,0,0,0,0,0,False,5,0,0,0,0,36,0,28226,1,2,0,0.0,1,682,2034,1352,4.9,True,0,0,0,0.0,66,Wolverhampton Wanderers,Brighton,0,2,26961,2024,725808,0.0,0,0,0,0.0,0.0446594282984733,0.0446594282984733,Wolverhampton Wanderers,3,3,36,2.2,MID,0.0,0.01,0.01,0.0,0.71,1.0,0.0,3.6,21.4,13.0,2.0,90.0,0.0,0.0,0.0,0.0,0.0,0.0,1.0,0.0,1.0,2.0,0.0,0.0,0.0,0.08,0.0,0.0,1.0,0.0,0.0,0.08,0.0,2.0,0.5,0.02,0.08,0.06,0.93,0.5,0.0,3.55,16.9,13.45,5.5,90.0,0.0,0.0,0.0,0.0,0.0,0.0,1.0,0.0,2.0,2.5,0.0,0.5,0.06,0.1,0.0,0.0,1.0,0.0,0.06,0.4,0.3,1.0,0.67,0.02,0.07,0.04,1.06,0.33,0.0,3.03,15.6,11.33,3.67,90.0,0.0,0.0,0.0,0.0,0.0,0.0,1.0,0.33,1.33,2.67,0.0,0.33,0.04,0.07,0.0,0.0,0.67,0.0,0.04,0.27,0.21,1.4,0.5,0.02,0.07,0.05,1.04,0.5,0.0,2.68,12.55,10.4,4.0,88.0,0.0,0.0,0.0,0.0,0.0,0.0,1.0,0.75,2.0,2.5,0.0,0.75,0.05,0.05,0.0,0.0,0.5,0.0,0.05,0.25,0.18,1.05,0.4,0.03,0.1,0.07,1.0,0.6,0.0,2.58,10.52,9.34,6.0,88.4,0.0,0.0,0.0,0.0,0.0,0.0,1.0,1.0,1.8,2.4,0.0,1.4,0.07,0.04,0.0,0.0,0.4,0.0,0.07,0.46,0.39,1.24,826.0,0.2014176018901358,1.0,0.351,0.271,0.379,,,0.0010259331269635,-0.0004024382058744,1,0.0
5603,0,0,24,1,10.9,350,0.08,0.15,0.07,0.1,358,0,0,4.7,10.2,2025-05-10,90,0,0,0,0,0,0,0,False,17,0,0,0,0,36,0,4289282,1,0,0,26.0,6,415427,428211,12784,6.4,False,0,0,2,0.1601125299930572,90,Southampton,Manchester City,0,0,26959,2024,725790,0.0,0,0,0,0.1601125299930572,0.403848648071289,0.2437361180782318,Manchester City,4,1,36,6.2,DEF,1.0,0.04,0.04,0.0,0.4,0.0,0.0,2.4,18.2,5.3,0.0,90.0,0.0,0.0,0.0,0.0,0.0,0.0,1.0,0.0,1.0,8.0,0.0,0.0,0.0,0.0,0.0,0.0,0.0,0.0,0.0,0.17,0.17,4.5,0.5,0.03,0.1,0.07,1.08,0.5,0.0,3.0,18.9,4.55,6.5,90.0,0.0,0.0,0.0,0.0,0.5,0.0,1.0,0.5,1.5,4.5,0.0,1.0,0.09,0.0,0.0,0.0,0.0,0.0,0.09,0.31,0.31,7.35,0.67,0.03,0.07,0.05,1.02,0.33,0.0,2.87,20.4,3.97,4.33,90.0,0.0,0.0,0.0,0.0,0.33,0.0,1.0,1.0,1.0,5.0,0.0,0.67,0.06,0.0,0.0,0.0,0.0,0.0,0.06,0.27,0.27,8.3,0.5,0.02,0.06,0.04,1.22,0.75,0.0,2.95,20.75,5.5,3.25,90.0,0.0,0.0,0.0,0.0,0.25,0.0,1.0,1.25,2.0,4.0,0.0,0.5,0.05,0.0,0.0,0.0,0.0,0.0,0.05,0.74,0.74,6.22,0.6,0.02,0.05,0.03,1.16,0.6,0.0,3.08,23.0,4.8,3.0,90.0,0.0,0.0,0.0,0.0,0.2,0.0,1.0,1.0,1.6,5.0,0.0,0.4,0.04,0.0,0.0,0.0,0.0,0.0,0.04,0.62,0.62,6.14,438794.0,0.9420220183902313,6.0,0.086,0.126,0.788,,0.5755327739289564,0.1083750362087581,0.0409058632266168,0,0.0
5629,0,0,14,0,14.3,121,0.02,0.05,0.03,1.41,353,1,0,3.8,14.2,2025-05-10,90,0,0,0,0,0,0,0,False,4,0,0,0,0,36,0,20325,1,1,0,9.0,2,8697,9993,1296,5.4,True,0,0,2,0.0220933016389608,90,Ipswich,Brentford,0,1,26954,2024,725750,0.0164856035262346,0,1,0,0.0220933016389608,0.1164137050509452,0.0778347998857498,Ipswich,3,2,36,3.0,MID,0.0,0.02,0.35,0.33,0.55,2.0,1.0,9.7,36.4,16.1,44.0,90.0,0.0,0.0,0.0,0.0,0.0,0.0,1.0,2.0,2.0,9.0,1.0,6.0,0.29,0.05,0.0,0.0,1.0,1.0,0.29,0.29,0.01,5.7,0.0,0.02,0.19,0.18,1.58,2.0,0.5,5.05,18.2,11.8,22.5,80.0,0.0,0.0,0.0,0.0,0.0,0.0,1.0,1.0,2.5,5.5,0.5,3.5,0.16,0.02,0.0,0.0,0.5,0.5,0.16,0.15,0.01,2.85,0.0,0.01,0.14,0.12,1.67,2.0,0.33,3.8,15.27,8.37,15.67,68.33,0.0,0.0,0.0,0.0,0.0,0.0,1.0,2.0,1.67,4.0,0.33,2.67,0.12,0.02,0.0,0.0,0.33,0.33,0.12,0.11,0.0,3.07,0.0,0.09,0.3,0.21,1.6,1.75,0.5,5.57,26.75,11.58,18.5,70.0,0.0,0.0,0.0,0.0,0.0,0.0,1.0,2.0,1.75,6.25,0.5,2.75,0.25,0.09,0.25,0.25,0.75,0.5,0.25,0.33,0.0,2.3,0.0,0.08,0.25,0.17,1.82,1.8,0.4,4.92,22.72,11.7,15.6,74.0,0.0,0.0,0.0,0.0,0.2,0.0,1.0,2.0,1.6,5.2,0.4,2.2,0.2,0.08,0.2,0.2,0.8,0.4,0.2,0.27,0.01,2.38,9277.0,0.7703959606696784,2.0,0.189,0.237,0.574,,,0.0637014044484698,0.0820497099863855,0,0.0
5641,0,0,3,0,0.3,592,0.0,0.0,0.0,0.0,351,0,0,0.0,0.0,2025-05-10,2,0,0,0,0,0,0,0,False,2,0,0,0,0,36,0,14250,0,1,0,0.0,1,82,129,47,4.3,True,0,0,0,0.0,1,Bournemouth,Aston Villa,0,1,26955,2024,726002,0.0,0,0,0,0.0,0.0,0.0,Bournemouth,3,3,36,1.0,DEF,0.0,0.0,0.0,0.0,1.3,1.0,0.0,0.7,6.2,1.0,0.0,64.0,0.0,0.0,0.0,0.0,0.0,0.0,1.0,2.0,1.0,2.0,0.0,0.0,0.0,0.0,0.0,0.0,0.0,0.0,0.0,0.42,0.42,-0.2,0.0,0.0,0.0,0.0,0.65,0.5,0.0,0.65,4.0,1.65,1.0,35.0,0.0,0.0,0.0,0.0,0.0,0.0,0.5,1.0,0.5,1.5,0.0,0.0,0.0,0.0,0.0,0.0,0.0,0.0,0.0,0.22,0.22,0.0,0.0,0.0,0.0,0.0,0.55,0.33,0.0,0.5,3.33,1.1,0.67,25.33,0.0,0.0,0.0,0.0,0.0,0.0,0.33,1.33,1.33,1.33,0.0,0.0,0.0,0.0,0.0,0.0,0.0,0.0,0.0,0.15,0.15,0.1,0.0,0.0,0.0,0.0,0.58,0.25,0.0,0.4,2.65,0.9,0.5,26.25,0.0,0.0,0.0,0.0,0.25,0.0,0.5,1.25,1.25,1.0,0.0,0.0,0.0,0.0,0.0,0.0,0.0,0.0,0.0,0.13,0.13,0.12,0.0,0.0,0.0,0.0,0.51,0.2,0.0,0.5,3.6,1.04,0.4,30.0,0.0,0.0,0.0,0.0,0.2,0.0,0.6,1.0,1.4,1.0,0.0,0.0,0.0,0.0,0.0,0.0,0.0,0.0,0.0,0.11,0.11,-0.04,106.0,0.4659090909090909,1.0,0.394,0.263,0.344,,0.4137153164076925,0.0105961500552653,0.0059298723404666,0,0.0
5693,0,0,3,0,0.4,645,0.0,0.0,0.0,0.11,359,0,0,0.1,0.8,2025-05-11,3,0,0,0,0,0,0,0,False,18,0,0,0,0,36,0,8955,0,2,0,0.0,1,-130,46,176,4.5,False,0,0,0,0.0,1,Tottenham,Crystal Palace,0,2,26960,2024,726661,0.0,0,0,0,0.0,0.0,0.0,Crystal Palace,3,3,36,0.8,MID,0.0,0.01,0.15,0.14,1.12,2.0,0.0,2.7,4.6,3.8,19.0,79.0,0.0,0.0,0.0,0.0,1.0,0.0,1.0,2.0,2.0,1.0,0.0,1.0,0.33,0.0,0.0,0.0,0.0,0.0,0.33,0.33,0.0,1.0,0.0,0.0,0.08,0.07,0.57,1.0,0.0,1.45,3.3,1.95,9.5,40.0,0.0,0.0,0.0,0.0,0.5,0.0,0.5,1.0,1.0,1.0,0.0,0.5,0.17,0.0,0.0,0.0,0.0,0.0,0.17,0.17,0.0,1.0,0.0,0.01,0.05,0.05,0.4,0.67,0.0,0.97,2.2,1.57,6.33,28.33,0.0,0.0,0.0,0.0,0.33,0.0,0.33,0.67,2.33,1.0,0.0,0.33,0.11,0.0,0.0,0.0,0.0,0.0,0.11,0.11,0.0,0.67,0.0,0.02,0.05,0.04,0.32,0.5,0.0,1.05,2.1,3.88,4.75,23.75,0.0,0.0,0.0,0.0,0.25,0.0,0.25,1.0,3.0,1.0,0.0,0.25,0.08,0.01,0.0,0.0,0.25,0.0,0.08,0.09,0.0,0.5,0.0,0.02,0.05,0.03,0.32,0.4,0.0,0.94,2.32,3.1,4.2,20.6,0.0,0.0,0.0,0.0,0.2,0.0,0.2,1.0,2.8,1.0,0.0,0.4,0.07,0.01,0.0,0.0,0.2,0.0,0.07,0.08,0.0,0.6,-724.0,-0.5855855855855856,1.0,0.359,0.263,0.378,,,0.0001298099181055,0.0002328431336049,0,0.0
5727,0,0,6,0,6.9,71,0.03,0.03,0.0,0.06,351,0,0,2.3,2.2,2025-05-10,45,0,0,0,0,0,0,0,False,2,0,0,0,0,36,0,1252646,0,1,0,14.0,1,-37237,34637,71874,6.0,True,0,0,0,0.0,36,Bournemouth,Aston Villa,0,1,26955,2024,726003,0.0,0,0,0,0.0,0.0530426390469074,0.0530426390469074,Bournemouth,3,3,36,1.8,MID,0.0,0.0,0.13,0.13,1.3,1.0,0.0,0.1,0.0,2.2,3.0,64.0,0.0,0.0,0.0,0.0,0.0,0.0,1.0,2.0,1.0,2.0,0.0,2.0,0.08,0.0,0.0,0.0,0.0,0.0,0.08,0.44,0.37,0.5,0.5,0.04,0.12,0.08,1.17,0.5,0.0,0.95,0.0,9.9,3.0,67.5,0.0,0.0,0.0,0.0,0.5,0.0,1.0,1.5,1.0,2.0,0.0,1.5,0.05,0.05,0.0,0.0,0.5,0.0,0.05,0.28,0.18,0.25,0.67,0.09,0.14,0.05,0.9,0.33,0.0,2.1,4.07,15.27,4.0,75.0,0.0,0.0,0.0,0.0,0.67,0.0,1.0,1.0,0.67,2.0,0.0,1.0,0.03,0.07,0.0,0.0,0.67,0.0,0.03,0.24,0.15,0.3,0.5,0.18,0.22,0.04,0.87,0.75,0.0,3.38,6.5,23.08,6.0,75.75,0.0,0.0,0.0,0.0,0.5,0.0,1.0,1.25,0.75,2.0,0.0,0.75,0.02,0.18,0.0,0.0,1.25,0.0,0.02,0.36,0.24,1.55,0.4,0.21,0.32,0.11,1.0,1.0,0.0,3.84,8.32,22.12,9.4,78.6,0.0,0.0,0.0,0.0,0.4,0.0,1.0,1.4,1.0,2.6,0.0,1.0,0.12,0.23,0.2,0.2,1.2,0.0,0.12,0.5,0.23,2.44,-37445.0,-0.3496070828365145,1.0,0.394,0.263,0.344,,,0.1037890370893941,-0.0002400612664548,1,0.0
5756,0,0,12,0,39.8,346,0.2,0.2,0.0,0.07,358,0,0,9.3,15.2,2025-05-10,45,0,0,0,0,0,0,0,False,17,0,0,0,0,36,0,210235,0,0,0,38.0,1,40058,43590,3532,6.2,False,0,0,0,0.0,42,Southampton,Manchester City,0,0,26959,2024,725797,0.2127087414264679,0,3,0,0.0,0.5065018534660339,0.4141486287117004,Manchester City,4,1,36,4.0,MID,1.0,0.15,0.15,0.0,0.4,0.0,0.0,10.2,26.4,39.8,36.0,90.0,0.0,0.0,0.0,0.0,0.0,0.0,1.0,0.0,1.0,6.0,0.0,0.0,0.0,0.63,1.0,1.0,3.0,0.0,0.0,0.24,0.17,3.5,0.5,0.15,0.16,0.0,0.22,0.0,0.0,7.3,23.7,27.3,22.0,53.0,0.0,0.0,0.0,0.0,0.0,0.0,0.5,0.5,1.5,5.0,0.0,0.0,0.0,0.46,1.0,1.0,2.0,0.0,0.0,0.26,0.08,4.25,0.33,0.13,0.13,0.0,0.16,0.0,0.0,5.43,17.67,19.97,16.67,39.33,0.0,0.0,0.0,0.0,0.0,0.0,0.33,1.0,1.0,3.67,0.0,0.0,0.0,0.3,0.67,0.67,1.33,0.0,0.0,0.2,0.08,4.5,0.25,0.1,0.12,0.02,0.12,0.0,0.0,4.22,13.3,15.22,13.75,30.25,0.0,0.0,0.0,0.0,0.0,0.0,0.25,1.25,2.0,3.0,0.0,0.25,0.02,0.23,0.5,0.5,1.0,0.0,0.02,0.17,0.06,3.38,0.2,0.08,0.1,0.01,0.19,0.0,0.0,3.46,11.28,12.32,11.0,30.8,0.0,0.0,0.0,0.0,0.0,0.0,0.2,1.0,1.6,2.6,0.0,0.2,0.02,0.18,0.4,0.4,0.8,0.0,0.02,0.14,0.05,3.14,41904.0,0.8500912524935275,1.0,0.086,0.126,0.788,,,0.1546114308366513,0.2127379197198746,0,0.0
5791,0,0,4,0,1.5,566,0.01,0.01,0.0,0.66,360,1,0,0.4,2.2,2025-05-10,31,0,0,0,0,0,0,0,False,5,0,0,0,0,36,0,363990,0,2,0,0.0,1,-165339,4110,169449,5.3,True,0,0,0,0.0,24,Wolverhampton Wanderers,Brighton,0,2,26961,2024,725813,0.0,0,0,0,0.0,0.0,0.0,Wolverhampton Wanderers,3,3,36,1.7,FWD,1.0,0.02,0.78,0.76,1.1,0.0,1.0,6.7,28.4,2.3,36.0,76.0,0.0,0.0,0.0,0.0,0.0,0.0,1.0,0.0,3.0,6.0,1.0,4.0,1.26,0.0,0.0,0.0,0.0,1.0,1.26,1.31,0.06,0.0,1.0,0.02,0.45,0.44,0.92,0.0,0.5,3.85,14.2,2.0,23.0,74.5,0.0,0.0,0.0,0.0,0.0,0.0,1.0,0.5,1.5,4.0,0.5,2.5,0.66,0.0,0.0,0.0,0.0,0.5,0.66,0.66,0.03,2.9,0.67,0.01,0.75,0.74,0.95,0.33,0.67,5.83,20.6,2.07,36.0,72.67,0.0,0.0,0.0,0.0,0.0,0.0,1.0,1.0,2.33,4.67,0.67,3.0,0.89,0.0,0.0,0.0,0.0,0.67,0.89,0.89,0.02,1.93,0.5,0.03,0.84,0.82,0.91,0.5,0.75,6.97,23.85,2.25,44.0,77.0,0.0,0.0,0.0,0.0,0.25,0.0,1.0,1.25,2.0,5.0,0.75,3.0,0.95,0.0,0.0,0.0,0.0,0.75,0.95,0.96,0.02,3.78,0.6,0.07,0.77,0.69,1.0,0.4,0.8,7.6,27.8,9.46,39.0,79.6,0.0,0.0,0.0,0.0,0.2,0.0,1.0,1.0,1.8,5.8,0.8,2.8,0.79,0.16,0.0,0.0,0.6,0.8,0.79,0.96,0.02,4.56,-357512.0,-0.9526385839973728,1.0,0.351,0.271,0.379,,,-0.0077219786148523,6.746065928098233e-10,0,
5860,0,0,7,1,1.0,462,0.01,0.04,0.03,1.71,358,0,0,2.6,16.2,2025-05-10,87,0,0,0,0,0,0,0,False,13,0,0,0,0,36,0,2946,1,0,0,9.0,3,-922,220,1142,5.0,True,0,0,1,0.0319594927132129,90,Southampton,Manchester City,0,0,26959,2024,725780,0.0,0,0,0,0.0319594927132129,0.136994794011116,0.1050352975726127,Southampton,4,1,36,0.5,MID,0.0,0.16,0.18,0.02,0.97,2.0,0.0,2.4,1.4,16.1,6.0,56.0,0.0,0.0,0.0,0.0,1.0,0.0,1.0,0.0,2.0,0.0,0.0,1.0,0.02,0.31,0.0,0.0,1.0,0.0,0.02,0.37,0.04,1.5,0.0,0.08,0.15,0.06,1.18,1.5,0.0,2.95,3.4,9.05,17.0,66.5,0.0,0.0,0.0,0.0,1.0,0.0,1.0,1.0,1.5,0.5,0.0,2.0,0.07,0.16,0.0,0.0,0.5,0.0,0.07,0.24,0.04,0.75,0.0,0.07,0.17,0.1,1.04,1.33,0.0,2.67,2.6,7.13,17.0,68.67,0.0,0.0,0.0,0.0,0.67,0.0,1.0,1.0,1.33,1.0,0.0,2.33,0.1,0.1,0.0,0.0,0.33,0.0,0.1,0.21,0.06,1.4,0.25,0.06,0.14,0.08,0.98,1.0,0.0,2.32,2.55,5.85,15.0,66.5,0.0,0.0,0.0,0.0,0.5,0.0,1.0,1.5,1.0,1.5,0.0,2.25,0.09,0.08,0.0,0.0,0.25,0.0,0.09,0.18,0.04,1.05,0.2,0.08,0.18,0.1,1.21,1.4,0.0,4.08,8.4,12.54,20.0,71.2,0.0,0.0,0.0,0.0,0.4,0.0,1.0,1.4,1.4,2.2,0.0,2.4,0.1,0.13,0.2,0.2,0.8,0.0,0.1,0.24,0.09,1.4,-957.0,-0.6769456681350955,3.0,0.086,0.126,0.788,,,0.0452347667961519,-0.0001198010877452,0,0.0
5878,0,0,11,0,16.4,299,0.01,0.16,0.15,1.23,357,2,0,7.4,18.6,2025-05-11,76,0,0,0,0,0,0,0,False,16,0,0,0,0,36,0,4300,1,2,2,39.0,2,-183,38,221,4.7,False,0,0,1,0.0627539902925491,79,Nottingham Forest,Leicester,2,2,26958,2024,726624,0.0466786064207553,0,1,0,0.0627539902925491,0.1313169002532959,0.0218843072652816,Leicester,1,4,36,0.2,MID,1.0,0.01,0.07,0.06,0.5,0.0,0.0,5.4,10.0,22.6,21.0,83.0,0.0,0.0,0.0,0.0,0.0,0.0,1.0,0.0,2.0,3.0,0.0,1.0,0.06,0.2,0.0,0.0,2.0,0.0,0.06,0.69,0.42,1.2,0.5,0.02,0.05,0.03,0.84,1.0,0.0,2.85,5.7,12.1,10.5,64.0,0.0,0.0,0.0,0.0,0.5,0.0,0.5,0.0,2.5,1.5,0.0,0.5,0.03,0.1,0.0,0.0,1.0,0.0,0.03,0.38,0.24,0.6,0.33,0.05,0.09,0.04,1.86,1.33,0.0,3.27,4.67,13.4,14.33,72.67,0.0,0.0,0.0,0.0,0.33,0.0,0.67,0.67,2.33,1.67,0.0,1.0,0.04,0.11,0.0,0.0,1.0,0.0,0.04,0.35,0.25,0.4,0.25,0.04,0.07,0.03,1.42,1.25,0.0,2.5,3.6,10.32,10.75,56.5,0.0,0.0,0.0,0.0,0.25,0.0,0.5,1.25,1.75,1.5,0.0,0.75,0.03,0.08,0.0,0.0,0.75,0.0,0.03,0.26,0.19,0.38,0.2,0.03,0.06,0.02,1.26,1.2,0.0,2.16,3.96,8.42,9.0,50.4,0.0,0.0,0.0,0.0,0.4,0.0,0.4,1.4,1.4,1.2,0.0,0.6,0.02,0.06,0.0,0.0,0.6,0.0,0.02,0.21,0.15,0.3,-186.0,-0.7065637065637066,2.0,0.704,0.178,0.117,,,0.160588193216405,0.0757090860125497,1,0.0
5916,0,0,12,1,29.6,98,0.21,0.21,0.0,0.93,353,0,0,4.9,15.2,2025-05-10,90,0,0,0,0,0,0,0,False,10,0,0,0,0,36,0,10573,1,1,0,4.0,3,261,514,253,5.0,False,0,0,0,0.0,90,Ipswich,Brentford,0,1,26954,2024,725760,0.193745344877243,0,2,0,0.0,0.193745344877243,0.0,Brentford,3,2,36,3.0,MID,0.0,0.01,0.01,0.0,1.3,1.0,0.0,1.8,3.4,14.1,0.0,80.0,0.0,0.0,0.0,0.0,0.0,0.0,1.0,3.0,4.0,2.0,0.0,0.0,0.0,0.08,0.0,0.0,1.0,0.0,0.0,0.58,0.5,2.2,0.0,0.0,0.0,0.0,0.78,0.5,0.0,0.95,2.0,7.3,0.0,62.5,0.0,0.0,0.0,0.0,0.5,0.0,1.0,2.5,2.0,1.0,0.0,0.0,0.0,0.04,0.0,0.0,0.5,0.0,0.0,0.34,0.3,1.1,0.0,0.06,0.06,0.0,0.72,0.67,0.0,1.93,9.4,9.7,0.0,66.67,0.0,0.0,0.0,0.0,0.33,0.0,1.0,2.33,2.67,2.33,0.0,0.0,0.0,0.13,0.33,0.33,0.67,0.0,0.0,0.44,0.41,1.67,0.0,0.04,0.04,0.0,0.78,0.75,0.0,1.78,9.05,8.4,0.0,72.5,0.0,0.0,0.0,0.0,0.25,0.0,1.0,2.0,2.25,2.25,0.0,0.0,0.0,0.1,0.25,0.25,0.5,0.0,0.0,0.33,0.31,1.25,0.2,0.13,0.14,0.01,0.87,0.6,0.0,2.76,12.76,10.72,3.8,76.0,0.0,0.0,0.0,0.0,0.2,0.0,1.0,1.6,1.8,2.4,0.0,0.2,0.01,0.18,0.2,0.2,0.6,0.0,0.01,0.35,0.33,1.3,309.0,0.3402868318122555,3.0,0.189,0.237,0.574,,,0.0200163258700554,0.1226670520546728,1,0.0
5938,0,0,1,0,22.8,257,0.02,0.02,0.0,1.12,352,3,0,4.1,18.0,2025-05-10,90,0,0,0,0,0,0,0,False,8,0,0,0,0,36,0,24660,1,3,1,0.0,1,308,786,478,4.4,True,0,0,0,0.0,90,Fulham,Everton,1,3,26953,2024,725710,0.0483110137283802,0,2,0,0.0,0.6987068057060242,0.6728532910346985,Fulham,3,3,36,2.5,DEF,0.0,0.04,0.04,0.0,0.42,1.0,0.0,0.9,3.8,5.5,0.0,66.0,0.0,0.0,0.0,0.0,1.0,0.0,1.0,0.0,1.0,1.0,0.0,0.0,0.0,0.0,0.0,0.0,0.0,0.0,0.0,0.27,0.27,2.2,0.0,0.08,0.11,0.03,0.52,1.0,0.0,3.5,13.5,17.7,4.0,78.0,0.0,0.0,0.0,0.0,0.5,0.0,1.0,1.0,1.0,1.5,0.0,0.5,0.02,0.06,0.0,0.0,1.0,0.0,0.02,0.53,0.47,1.1,0.33,0.05,0.12,0.07,0.59,0.67,0.0,3.6,14.73,13.33,8.0,77.67,0.0,0.0,0.0,0.0,0.33,0.0,1.0,1.33,1.0,3.0,0.0,1.33,0.06,0.04,0.0,0.0,0.67,0.0,0.06,0.36,0.31,1.33,0.25,0.04,0.09,0.05,0.48,0.5,0.0,2.78,11.8,10.0,6.0,60.25,0.0,0.0,0.0,0.0,0.25,0.0,0.75,1.5,1.5,2.5,0.0,1.0,0.05,0.03,0.0,0.0,0.5,0.0,0.05,0.27,0.23,0.88,0.2,0.03,0.07,0.04,0.6,0.6,0.0,2.36,10.84,8.04,4.8,59.0,0.0,0.0,0.0,0.0,0.2,0.0,0.8,1.6,1.6,2.2,0.0,0.8,0.04,0.02,0.0,0.0,0.4,0.0,0.04,0.22,0.19,0.94,474.0,0.2436708860759493,1.0,0.516,0.276,0.209,,0.8052314303937276,3.9846503874230166e-10,0.075892650693677,0,0.0
5969,0,0,9,0,0.0,152,0.0,0.0,0.0,0.98,351,1,0,2.1,21.4,2025-05-10,90,0,0,0,0,0,0,0,False,2,0,0,0,0,36,2,364993,1,1,0,0.0,2,3745,17077,13332,4.6,True,0,0,0,0.0,90,Bournemouth,Aston Villa,0,1,26955,2024,725990,0.0,0,0,0,0.0,0.1246050596237182,0.1246050596237182,Bournemouth,3,3,36,3.5,GK,0.0,0.0,0.0,0.0,1.42,1.0,0.0,3.2,31.6,0.0,0.0,90.0,0.0,0.0,0.0,0.0,0.0,3.0,1.0,2.0,1.0,3.0,0.0,0.0,0.0,0.0,0.0,0.0,0.0,0.0,0.0,0.05,0.05,4.8,0.0,0.0,0.0,0.0,1.97,1.0,0.0,3.6,35.8,0.0,0.0,90.0,0.0,0.0,0.0,0.0,0.0,4.0,1.0,1.5,1.0,3.0,0.0,0.0,0.0,0.0,0.0,0.0,0.0,0.0,0.0,0.03,0.03,2.4,0.33,0.0,0.0,0.0,1.44,0.67,0.0,2.5,25.0,0.0,0.0,90.0,0.0,0.0,0.0,0.0,0.0,2.67,1.0,1.0,0.67,4.0,0.0,0.0,0.0,0.0,0.0,0.0,0.0,0.0,0.0,0.06,0.06,3.2,0.5,0.0,0.0,0.0,1.34,0.5,0.0,3.07,30.75,0.0,0.0,90.0,0.0,0.0,0.0,0.0,0.0,3.75,1.0,0.75,0.75,5.75,0.0,0.0,0.0,0.0,0.0,0.0,0.0,0.0,0.0,0.21,0.21,2.4,0.4,0.0,0.0,0.0,1.21,0.8,0.0,2.72,27.08,0.04,0.0,90.0,0.0,0.0,0.0,0.0,0.0,3.4,1.0,1.0,1.0,4.8,0.0,0.0,0.0,0.0,0.0,0.0,0.0,0.0,0.0,0.17,0.17,2.22,4984.0,0.1231543293104015,2.0,0.394,0.263,0.344,2.510313807761733,1.241722136078078,,,1,0.0
5997,0,0,20,1,80.6,345,0.81,1.18,0.37,0.1,358,0,0,12.4,18.0,2025-05-10,90,0,0,0,0,0,0,0,False,17,0,0,0,0,36,0,1719286,1,0,0,25.0,3,720022,729002,8980,9.6,False,0,0,5,0.3578371703624725,90,Southampton,Manchester City,0,0,26959,2024,725794,0.2378739863634109,0,4,0,0.3578371703624725,0.3864578902721405,0.2344593256711959,Manchester City,4,1,36,5.8,MID,1.0,0.09,0.47,0.38,0.4,0.0,1.0,8.5,40.8,19.3,25.0,83.0,0.0,0.0,0.0,0.0,0.0,0.0,1.0,0.0,1.0,11.0,1.0,1.0,0.53,0.0,0.0,0.0,0.0,1.0,0.53,0.74,0.21,7.5,0.5,0.31,0.54,0.23,1.08,0.5,0.5,10.8,31.0,55.25,22.0,86.5,0.0,0.0,0.0,0.0,0.0,0.0,1.0,0.5,1.5,6.5,0.5,1.0,0.31,0.17,0.0,0.0,3.0,0.5,0.31,0.43,0.1,8.25,0.67,0.23,0.46,0.23,1.01,0.33,0.33,8.33,21.73,43.27,18.33,86.67,0.0,0.0,0.0,0.0,0.0,0.0,1.0,1.0,1.0,5.33,0.33,1.33,0.25,0.19,0.0,0.0,2.33,0.33,0.25,0.37,0.11,8.5,0.5,0.27,0.55,0.29,1.21,0.75,0.5,9.68,30.95,43.92,21.75,86.5,0.0,0.0,0.0,0.0,0.0,0.0,1.0,1.25,2.0,7.0,0.5,2.5,0.44,0.41,0.25,0.25,2.5,0.5,0.44,1.03,0.42,6.38,0.6,0.23,0.47,0.24,1.15,0.6,0.4,8.52,26.16,36.3,22.6,87.2,0.0,0.0,0.0,0.0,0.0,0.0,1.0,1.0,1.6,6.2,0.4,2.4,0.36,0.33,0.2,0.2,2.0,0.4,0.36,0.83,0.33,5.46,758635.0,0.9756633630630558,3.0,0.086,0.126,0.788,,,0.1740909281462104,0.3510169513263372,0,0.0
6035,0,3,31,1,21.8,106,0.07,0.39,0.32,0.09,353,0,1,12.8,42.2,2025-05-10,71,0,0,0,0,0,0,0,False,10,0,0,0,0,36,0,285980,1,1,0,64.0,11,188789,193002,4213,5.2,False,0,1,2,0.3999315798282623,75,Ipswich,Brentford,0,1,26954,2024,725765,0.1552700698375702,0,2,1,0.3999315798282623,0.3527062535285949,0.1220236346125602,Brentford,3,2,36,9.3,MID,0.0,0.0,1.21,1.21,1.3,1.0,2.0,15.7,67.0,1.3,89.0,71.0,0.0,0.0,0.0,0.0,0.0,0.0,1.0,3.0,4.0,14.0,2.0,4.0,1.54,0.0,0.0,0.0,0.0,2.0,1.54,1.1,0.0,6.2,0.5,0.04,0.88,0.84,0.93,0.5,1.5,11.55,52.5,6.9,56.0,69.0,0.0,0.0,0.0,0.0,0.0,0.0,1.0,2.5,2.0,11.0,1.5,2.5,0.98,0.03,0.0,0.0,0.5,1.5,0.98,0.77,0.01,3.1,0.33,0.06,0.74,0.68,1.07,1.0,1.0,9.63,37.4,9.87,49.0,74.67,0.0,0.0,0.0,0.0,0.0,0.0,1.0,2.33,2.67,8.0,1.0,2.67,0.85,0.12,0.0,0.0,0.67,1.0,0.85,0.81,0.01,2.73,0.25,0.04,0.55,0.51,1.04,1.0,0.75,7.5,29.6,7.48,37.75,78.5,0.0,0.0,0.0,0.0,0.25,0.0,1.0,2.0,2.25,6.25,0.75,2.0,0.64,0.09,0.0,0.0,0.5,0.75,0.64,0.6,0.0,2.05,0.4,0.05,0.46,0.41,1.08,0.8,0.6,6.52,25.08,8.54,31.4,80.8,0.0,0.0,0.0,0.0,0.2,0.0,1.0,1.6,1.8,5.6,0.6,1.6,0.51,0.09,0.0,0.0,0.6,0.6,0.51,0.51,0.02,2.0,202860.0,0.9572750551428644,8.0,0.189,0.237,0.574,,,0.4657383881881469,0.1622526631691712,0,0.0
6111,0,0,13,0,8.0,378,0.09,0.26,0.17,1.56,355,2,0,2.3,7.0,2025-05-11,90,0,0,0,0,0,0,0,False,19,0,0,0,0,36,0,200597,1,2,0,8.0,2,158,714,556,5.2,True,0,0,2,0.1472624242305755,90,Manchester United,West Ham,0,2,26956,2024,726579,0.0,0,0,0,0.1472624242305755,0.2624991238117218,0.2447582632303238,Manchester United,2,3,36,1.8,MID,0.0,0.02,0.02,0.0,2.8,4.0,0.0,2.3,15.0,5.7,2.0,90.0,0.0,0.0,0.0,0.0,0.0,0.0,1.0,3.0,4.0,2.0,0.0,0.0,0.0,0.0,0.0,0.0,0.0,0.0,0.0,0.64,0.64,1.5,0.0,0.02,0.04,0.02,1.66,2.5,0.0,3.45,12.9,10.75,10.5,77.0,0.0,0.0,0.0,0.0,0.0,0.0,1.0,2.0,2.5,2.0,0.0,1.0,0.05,0.01,0.0,0.0,0.5,0.0,0.05,0.52,0.51,0.75,0.0,0.01,0.04,0.02,1.15,1.67,0.0,2.53,9.0,7.93,8.0,70.67,0.0,0.0,0.0,0.0,0.0,0.0,1.0,1.67,1.67,1.67,0.0,1.0,0.04,0.01,0.0,0.0,0.33,0.0,0.04,0.35,0.34,0.67,0.0,0.01,0.03,0.02,0.86,1.25,0.0,1.95,6.75,6.1,6.5,55.0,0.0,0.0,0.0,0.0,0.0,0.0,0.75,1.5,2.25,1.5,0.0,0.75,0.03,0.01,0.0,0.0,0.25,0.0,0.03,0.3,0.29,0.5,0.0,0.05,0.07,0.02,1.1,1.2,0.0,2.2,6.68,7.42,7.8,57.8,0.0,0.0,0.0,0.0,0.0,0.0,0.8,1.6,1.8,1.6,0.0,0.8,0.04,0.11,0.0,0.0,0.4,0.0,0.04,0.36,0.23,0.7,261.0,0.1244094488188976,2.0,0.499,0.264,0.237,,,0.0478507039471152,-0.0005421918109991,1,0.0
6145,0,0,4,0,0.1,528,0.0,0.0,0.0,0.5,355,0,0,0.6,6.0,2025-05-11,7,0,0,0,0,0,0,0,False,14,0,0,0,0,36,0,14833,0,2,0,0.0,1,-149,36,185,4.3,False,0,0,0,0.0,5,Manchester United,West Ham,0,2,26956,2024,726599,0.0,0,0,0,0.0,0.0,0.0,West Ham,2,3,36,0.8,DEF,0.0,0.0,0.0,0.0,0.0,0.0,0.0,0.0,0.4,0.0,0.0,2.0,0.0,0.0,0.0,0.0,0.0,0.0,0.0,1.0,1.0,1.0,0.0,0.0,0.0,0.0,0.0,0.0,0.0,0.0,0.0,0.0,0.0,0.8,0.0,0.01,0.03,0.02,0.66,1.5,0.0,2.15,13.6,5.25,3.0,46.0,0.0,0.0,0.0,0.0,0.5,0.0,0.5,1.5,2.0,0.5,0.0,0.5,0.07,0.01,0.0,0.0,0.5,0.0,0.07,0.15,0.15,0.4,0.0,0.0,0.02,0.02,0.48,1.33,0.0,1.47,9.4,3.5,2.0,32.0,0.0,0.0,0.0,0.0,0.33,0.0,0.33,1.33,1.67,0.67,0.0,0.33,0.05,0.01,0.0,0.0,0.33,0.0,0.05,0.1,0.1,0.77,0.0,0.0,0.09,0.09,0.81,1.5,0.0,1.5,10.0,2.7,2.5,46.5,0.0,0.0,0.0,0.0,0.25,0.0,0.5,1.25,1.75,0.75,0.0,0.5,0.09,0.01,0.0,0.0,0.25,0.0,0.09,0.12,0.12,0.57,0.0,0.0,0.07,0.07,0.66,1.2,0.0,1.2,8.08,2.16,2.0,38.4,0.0,0.0,0.0,0.0,0.2,0.0,0.4,1.4,1.8,0.8,0.0,0.4,0.07,0.0,0.0,0.0,0.2,0.0,0.07,0.12,0.12,0.62,-131.0,-0.6742081447963801,1.0,0.499,0.264,0.237,,0.4564108541975538,3.9846503874230166e-10,3.633817406090145e-05,0,0.0
6173,0,0,0,0,0.0,50,0.0,0.0,0.0,0.0,351,0,0,0.0,0.0,2025-05-10,0,0,0,0,0,0,0,0,False,3,0,0,0,0,36,0,56925,0,1,0,0.0,0,-559,0,559,3.9,False,0,0,0,0.0,90,Werder Bremen,RasenBallsport Leipzig,0,0,28034,2024,725663,0.0,0,0,0,0.0,0.1534870713949203,0.1534870713949203,RasenBallsport Leipzig,3,3,36,0.0,DEF,0.0,0.0,0.0,0.0,0.0,0.0,0.0,0.0,0.0,0.0,0.0,0.0,0.0,0.0,0.0,0.0,0.0,0.0,0.0,0.0,1.0,0.0,0.0,0.0,0.0,0.0,0.0,0.0,0.0,0.0,0.0,0.0,0.0,0.0,0.0,0.0,0.0,0.0,0.0,0.0,0.0,0.0,0.0,0.0,0.0,0.0,0.0,0.0,0.0,0.0,0.0,0.0,0.0,0.5,2.5,0.0,0.0,0.0,0.0,0.0,0.0,0.0,0.0,0.0,0.0,0.0,0.0,0.0,0.0,0.0,0.0,0.0,0.0,0.0,0.0,0.0,0.0,0.0,0.0,0.0,0.0,0.0,0.0,0.0,0.0,0.0,0.0,0.67,2.33,0.0,0.0,0.33,0.01,0.03,0.0,0.0,0.33,0.0,0.01,0.07,0.07,0.0,0.0,0.0,0.0,0.0,0.03,0.25,0.0,0.02,0.15,0.12,0.0,1.75,0.0,0.0,0.0,0.0,0.0,0.0,0.0,0.5,2.25,0.25,0.0,0.25,0.0,0.02,0.0,0.0,0.25,0.0,0.0,0.06,0.06,0.05,0.0,0.0,0.0,0.0,0.08,0.4,0.0,0.02,0.12,0.18,0.0,5.6,0.0,0.0,0.0,0.0,0.0,0.0,0.0,0.4,2.4,0.4,0.0,0.2,0.0,0.02,0.0,0.0,0.2,0.0,0.0,0.05,0.05,0.08,-577.0,-1.0,,,,,,0.1567630995587059,0.0146509344979459,0.0068190507249854,0,0.0
6293,1,2,31,0,29.8,23,0.37,0.67,0.3,2.19,354,2,0,8.2,27.0,2025-05-11,77,0,0,0,0,0,0,0,False,12,0,0,0,0,36,0,475214,1,2,2,25.0,7,-63641,24626,88267,6.8,False,0,0,2,0.1685641556978225,81,Liverpool,Arsenal,2,2,26952,2024,726779,0.6857402920722961,1,2,0,0.1685641556978225,0.9928176403045654,0.1385132074356079,Arsenal,5,5,36,8.2,MID,0.0,0.18,0.33,0.15,0.97,2.0,0.0,5.6,8.2,16.0,32.0,90.0,0.0,0.0,0.0,0.0,0.0,0.0,1.0,2.0,1.0,2.0,0.0,2.0,0.22,0.13,0.0,0.0,1.0,0.0,0.22,0.43,0.08,8.0,0.0,0.1,0.5,0.39,1.36,2.0,0.5,6.5,20.3,9.95,35.0,90.0,0.0,0.0,0.0,0.0,0.0,0.0,1.0,2.0,1.5,5.0,0.5,2.5,0.57,0.07,0.0,0.0,0.5,0.5,0.57,0.34,0.12,12.45,0.33,0.15,0.54,0.39,0.95,1.33,1.0,8.8,35.2,11.57,41.33,87.67,0.0,0.0,0.0,0.0,0.0,0.0,1.0,2.67,1.0,8.67,1.0,3.0,0.5,0.09,0.0,0.0,0.67,1.0,0.5,0.47,0.17,13.93,0.25,0.14,0.47,0.33,0.77,1.25,0.75,7.7,27.85,12.88,36.25,88.25,0.0,0.0,0.0,0.0,0.0,0.0,1.0,2.25,1.0,7.0,0.75,3.0,0.39,0.08,0.0,0.0,0.75,0.75,0.39,0.39,0.16,10.45,0.2,0.12,0.44,0.33,0.84,1.2,0.8,8.18,28.88,11.16,41.8,88.6,0.0,0.0,0.0,0.0,0.0,0.0,1.0,2.0,1.0,7.4,0.8,3.0,0.41,0.06,0.0,0.0,0.6,0.8,0.41,0.44,0.16,9.32,-71547.0,-0.5637284862657561,5.0,0.474,0.263,0.263,,,0.1800791433385775,0.2929122110184452,0,0.0
6349,0,0,5,0,0.8,572,0.0,0.0,0.0,0.92,355,1,0,0.9,7.8,2025-05-11,51,0,0,0,0,0,0,0,False,19,0,0,0,0,36,0,26300,1,2,0,0.0,1,967,1815,848,4.3,True,0,0,0,0.0,54,Manchester United,West Ham,0,2,26956,2024,726572,0.0,0,0,0,0.0,0.1268733143806457,0.1268733143806457,Manchester United,2,3,36,1.0,DEF,0.0,0.02,0.02,0.0,1.76,2.0,0.0,2.4,12.6,11.7,0.0,45.0,0.0,0.0,0.0,0.0,0.0,0.0,0.0,3.0,4.0,0.0,0.0,0.0,0.0,0.02,0.0,0.0,1.0,0.0,0.0,0.17,0.15,0.5,0.0,0.02,0.02,0.0,1.14,1.5,0.0,2.7,12.3,11.95,3.0,67.5,0.0,0.0,0.0,0.0,0.0,0.0,0.5,2.0,2.5,1.0,0.0,0.0,0.0,0.03,0.0,0.0,1.0,0.0,0.0,0.23,0.22,0.25,0.0,0.02,0.02,0.0,0.77,1.0,0.0,1.9,9.13,8.17,2.0,49.0,0.0,0.0,0.0,0.0,0.0,0.0,0.33,1.67,1.67,1.0,0.0,0.0,0.0,0.02,0.0,0.0,0.67,0.0,0.0,0.19,0.18,0.77,0.0,0.01,0.01,0.0,1.12,1.75,0.0,1.92,11.6,6.38,1.5,59.25,0.0,0.0,0.0,0.0,0.25,0.0,0.5,1.5,2.25,0.5,0.0,0.0,0.0,0.01,0.0,0.0,0.5,0.0,0.0,0.14,0.14,0.57,0.2,0.01,0.01,0.0,1.0,1.4,0.0,1.72,10.72,5.46,1.2,65.4,0.0,0.0,0.0,0.0,0.4,0.0,0.6,1.2,1.8,1.4,0.0,0.0,0.0,0.01,0.0,0.0,0.4,0.0,0.0,0.12,0.11,0.82,1293.0,0.3631242959068719,1.0,0.499,0.264,0.237,,0.5851924718227293,3.9846503874230166e-10,3.0330651965782e-05,0,0.0
6398,0,0,-2,0,0.0,188,0.0,0.0,0.0,0.65,358,0,0,0.0,0.4,2025-05-10,45,0,0,0,0,0,0,0,False,13,0,0,0,0,36,0,37395,1,0,0,0.0,0,148,2018,1870,4.4,True,1,0,0,0.0,48,Southampton,Manchester City,0,0,26959,2024,725776,0.0,0,0,0,0.0,0.0,0.0,Southampton,4,1,36,2.2,MID,0.0,0.01,0.07,0.06,1.29,2.0,0.0,1.7,5.8,3.8,7.0,78.0,0.0,0.0,0.0,0.0,1.0,0.0,1.0,0.0,2.0,1.0,0.0,1.0,0.01,0.0,0.0,0.0,0.0,0.0,0.01,0.37,0.37,3.8,0.0,0.01,0.04,0.03,1.85,2.0,0.0,2.1,8.6,7.9,4.5,84.0,0.0,0.0,0.0,0.0,0.5,0.0,1.0,1.0,1.5,1.5,0.0,0.5,0.01,0.03,0.0,0.0,0.5,0.0,0.01,0.24,0.21,1.9,0.0,0.01,0.06,0.04,1.54,1.67,0.33,4.1,23.93,6.93,10.0,86.0,0.0,0.0,0.0,0.0,0.33,0.0,1.0,1.0,1.33,4.33,0.33,0.67,0.03,0.02,0.0,0.0,0.33,0.33,0.03,0.21,0.17,2.43,0.0,0.01,0.04,0.03,1.91,2.0,0.25,3.52,21.7,5.5,8.0,87.0,0.0,0.0,0.0,0.0,0.25,0.0,1.0,1.5,1.0,3.75,0.25,0.5,0.02,0.01,0.0,0.0,0.25,0.25,0.02,0.25,0.22,1.82,0.0,0.01,0.11,0.1,1.79,2.0,0.2,3.28,17.36,8.02,7.6,86.0,0.0,0.0,0.0,0.0,0.4,0.0,1.0,1.4,1.4,3.2,0.2,0.6,0.04,0.02,0.0,0.0,0.4,0.2,0.04,0.23,0.19,1.76,270.0,0.0380658436213991,0.0,0.086,0.126,0.788,,,0.0226705625446597,0.011775292824085,0,0.0
6432,0,0,4,0,1.0,162,0.0,0.0,0.0,1.57,356,2,0,2.1,19.8,2025-05-11,90,0,0,0,0,0,0,0,False,15,0,0,0,0,36,0,288149,1,0,2,0.0,0,-12157,1510,13667,4.4,False,1,0,0,0.0,90,Newcastle United,Chelsea,2,0,26957,2024,726466,0.0,0,0,0,0.0,0.3687906861305237,0.3687906861305237,Chelsea,3,4,36,1.7,DEF,0.0,0.0,0.0,0.0,1.05,1.0,0.0,1.6,16.0,0.3,0.0,90.0,0.0,0.0,0.0,0.0,0.0,0.0,1.0,1.0,3.0,2.0,0.0,0.0,0.0,0.0,0.0,0.0,0.0,0.0,0.0,0.51,0.51,1.5,0.5,0.01,0.0,0.0,0.74,0.5,0.0,2.05,18.1,0.45,2.0,90.0,0.0,0.0,0.0,0.0,0.0,0.0,1.0,0.5,2.0,4.0,0.0,0.0,0.0,0.0,0.0,0.0,0.0,0.0,0.0,0.26,0.26,0.75,0.33,0.0,0.1,0.1,0.58,0.67,0.0,2.27,15.67,0.4,6.67,90.0,0.0,0.0,0.0,0.0,0.33,0.0,1.0,1.0,1.67,3.0,0.0,0.67,0.06,0.0,0.0,0.0,0.0,0.0,0.06,0.2,0.2,1.17,0.25,0.02,0.17,0.15,0.7,1.0,0.0,3.55,16.0,7.28,12.25,90.0,0.0,0.0,0.0,0.0,0.25,0.0,1.0,1.25,1.75,2.5,0.0,1.5,0.14,0.02,0.0,0.0,0.5,0.0,0.14,0.42,0.33,0.88,0.4,0.02,0.14,0.12,0.72,0.8,0.0,3.24,16.12,6.18,10.2,90.0,0.0,0.0,0.0,0.0,0.2,0.0,1.0,1.0,1.6,3.2,0.0,1.2,0.11,0.02,0.0,0.0,0.4,0.0,0.11,0.41,0.34,1.66,-12943.0,-0.8010146932858931,0.0,0.447,0.25,0.303,,1.4808099652644926,3.9846503874230166e-10,-2.956843679324805e-05,0,0.0
6469,0,0,10,0,3.0,64,0.03,0.03,0.0,0.98,351,1,0,1.1,6.2,2025-05-10,90,0,0,0,0,0,0,0,False,2,0,0,0,0,36,0,17250,1,1,0,2.0,2,-91,185,276,5.0,True,0,0,0,0.0,90,Bournemouth,Aston Villa,0,1,26955,2024,725998,0.0,0,0,0,0.0,0.0715624243021011,0.0715624243021011,Bournemouth,3,3,36,1.5,MID,0.0,0.05,0.05,0.0,1.42,1.0,0.0,3.5,19.4,15.4,0.0,90.0,0.0,0.0,0.0,0.0,0.0,0.0,1.0,2.0,1.0,2.0,0.0,0.0,0.0,0.04,0.0,0.0,1.0,0.0,0.0,0.42,0.42,0.5,0.0,0.02,0.03,0.0,1.45,1.0,0.0,1.95,11.3,7.85,0.0,54.0,0.0,0.0,0.0,0.0,0.0,0.0,0.5,1.5,1.0,1.5,0.0,0.0,0.0,0.02,0.0,0.0,0.5,0.0,0.0,0.21,0.21,0.25,0.0,0.02,0.02,0.0,1.05,0.67,0.0,1.73,10.8,6.17,0.0,51.0,0.0,0.0,0.0,0.0,0.0,0.0,0.33,1.0,0.67,1.33,0.0,0.0,0.0,0.01,0.0,0.0,0.33,0.0,0.0,0.18,0.18,1.0,0.25,0.02,0.04,0.02,1.05,0.5,0.0,2.53,15.15,9.62,0.25,60.75,0.0,0.0,0.0,0.0,0.25,0.0,0.5,0.75,0.75,1.5,0.0,0.25,0.01,0.01,0.0,0.0,0.5,0.0,0.01,0.3,0.3,0.75,0.2,0.07,0.09,0.01,0.98,0.8,0.0,2.86,15.0,13.24,0.2,66.6,0.0,0.0,0.0,0.0,0.4,0.0,0.6,1.0,1.0,1.4,0.0,0.2,0.0,0.03,0.0,0.0,0.6,0.0,0.0,0.28,0.28,1.3,-49.0,-0.1973969631236442,2.0,0.394,0.263,0.344,,,0.0034368117164285,0.0002552138536149,1,0.0
6535,0,0,5,0,1.0,411,0.01,0.01,0.0,0.17,356,0,0,0.6,2.8,2025-05-11,35,0,0,0,0,0,0,0,False,6,0,0,0,0,36,0,2031,0,0,2,2.0,1,-15,38,53,5.0,True,0,0,0,0.0,29,Newcastle United,Chelsea,2,0,26957,2024,726462,0.0,0,0,0,0.0,0.0,0.0,Newcastle United,3,4,36,0.9,MID,0.0,0.19,0.19,0.0,0.0,0.0,0.0,1.0,2.2,7.9,0.0,23.0,0.0,0.0,0.0,0.0,0.0,0.0,0.0,0.0,3.0,1.0,0.0,0.0,0.0,0.0,0.0,0.0,0.0,0.0,0.0,0.2,0.2,0.0,0.0,0.1,0.1,0.0,0.15,0.0,0.0,0.7,2.7,4.2,0.0,14.0,0.0,0.0,0.0,0.0,0.0,0.0,0.0,0.5,3.5,1.0,0.0,0.0,0.0,0.0,0.0,0.0,0.0,0.0,0.0,0.1,0.1,0.0,0.0,0.06,0.06,0.0,0.18,0.0,0.0,0.57,2.6,2.9,0.0,17.67,0.0,0.0,0.0,0.0,0.0,0.0,0.0,1.33,2.33,1.0,0.0,0.0,0.0,0.0,0.0,0.0,0.0,0.0,0.0,0.07,0.07,0.5,0.0,0.05,0.05,0.0,0.14,0.0,0.0,0.43,1.95,2.18,0.0,13.5,0.0,0.0,0.0,0.0,0.0,0.0,0.0,1.25,2.25,1.0,0.0,0.0,0.0,0.0,0.0,0.0,0.0,0.0,0.0,0.05,0.05,0.63,0.0,0.04,0.04,0.0,0.31,0.0,0.0,0.42,2.04,2.06,0.0,15.0,0.0,0.0,0.0,0.0,0.0,0.0,0.0,1.0,2.2,1.0,0.0,0.0,0.0,0.0,0.0,0.0,0.0,0.0,0.0,0.04,0.04,1.06,8.0,-0.1648351648351648,1.0,0.447,0.25,0.303,,,0.0111381622624795,-0.0002500191795258,0,0.0
6571,0,0,9,0,0.3,268,0.0,0.03,0.03,0.78,353,1,0,2.2,4.2,2025-05-10,61,0,0,0,0,0,0,0,False,4,0,0,0,0,36,0,351911,1,1,0,17.0,2,-10152,14156,24308,5.6,True,0,0,1,0.0328512378036975,64,Ipswich,Brentford,0,1,26954,2024,725751,0.0,0,0,0,0.0328512378036975,0.0328512378036975,0.0328512378036975,Ipswich,3,2,36,0.7,FWD,0.0,0.04,0.21,0.17,0.51,2.0,0.0,2.4,0.2,10.3,13.0,67.0,0.0,0.0,0.0,0.0,1.0,0.0,1.0,2.0,2.0,1.0,0.0,2.0,0.16,0.08,0.0,0.0,1.0,0.0,0.16,0.24,0.0,0.5,0.0,0.02,0.14,0.12,1.56,2.0,0.0,2.05,0.1,7.45,12.5,68.5,0.0,0.0,0.0,0.0,1.0,0.0,1.0,1.0,2.5,1.0,0.0,2.5,0.13,0.04,0.0,0.0,0.5,0.0,0.13,0.15,0.0,0.25,0.0,0.01,0.1,0.08,1.14,1.67,0.0,1.37,0.07,5.0,8.33,48.33,0.0,0.0,0.0,0.0,0.67,0.0,0.67,2.0,1.67,1.0,0.0,1.67,0.09,0.03,0.0,0.0,0.33,0.0,0.09,0.1,0.0,1.27,0.0,0.01,0.09,0.08,1.07,1.5,0.0,1.65,1.35,3.82,11.0,41.0,0.0,0.0,0.0,0.0,0.5,0.0,0.5,2.0,1.75,1.0,0.0,1.5,0.1,0.02,0.0,0.0,0.25,0.0,0.1,0.07,0.0,0.95,0.0,0.01,0.17,0.16,1.23,1.4,0.2,2.84,8.36,3.58,16.2,48.8,0.0,0.0,0.0,0.0,0.4,0.0,0.6,2.0,1.6,2.4,0.2,1.4,0.2,0.02,0.0,0.0,0.2,0.2,0.2,0.18,0.0,2.02,-10500.0,-0.2639351081530782,2.0,0.189,0.237,0.574,,,0.2747016493217047,0.0008823228921186,0,
6665,0,1,27,1,15.2,36,0.13,0.13,0.0,0.8,351,0,0,3.1,16.0,2025-05-10,90,0,0,0,0,0,0,0,False,3,0,0,0,0,36,0,657694,1,1,0,0.0,7,-29208,3831,33039,4.4,False,0,0,0,0.0,90,Bournemouth,Aston Villa,0,1,26955,2024,726010,0.3482730984687805,0,1,0,0.0,0.4030333161354065,0.0547602288424968,Aston Villa,3,3,36,2.0,DEF,0.0,0.0,0.0,0.0,0.15,0.0,0.0,0.8,7.8,0.5,0.0,19.0,0.0,0.0,0.0,0.0,0.0,0.0,0.0,0.0,1.0,1.0,0.0,0.0,0.0,0.0,0.0,0.0,0.0,0.0,0.0,0.13,0.13,0.2,0.0,0.08,0.08,0.0,0.74,1.0,0.0,2.05,11.2,9.6,0.0,54.5,0.0,0.0,0.0,0.0,0.5,0.0,0.5,0.5,1.5,0.5,0.0,0.0,0.0,0.15,0.0,0.0,0.5,0.0,0.0,0.41,0.41,0.8,0.33,0.09,0.09,0.0,0.79,0.67,0.0,2.57,14.2,11.7,0.0,66.33,0.0,0.0,0.0,0.0,0.33,0.0,0.67,1.33,1.0,2.33,0.0,0.0,0.0,0.12,0.0,0.0,0.67,0.0,0.0,0.46,0.46,2.53,0.5,0.08,0.08,0.0,0.8,0.5,0.0,2.82,15.65,12.82,0.0,72.25,0.0,0.0,0.0,0.0,0.25,0.0,0.75,1.25,0.75,3.25,0.0,0.0,0.0,0.12,0.0,0.0,0.75,0.0,0.0,0.37,0.35,2.5,0.4,0.15,0.15,0.0,1.3,1.0,0.0,2.96,13.8,14.3,1.6,73.2,0.0,0.0,0.0,0.0,0.2,0.0,0.8,1.2,1.4,2.8,0.0,0.0,0.0,0.1,0.0,0.0,0.8,0.0,0.0,0.3,0.28,2.3,-30956.0,-0.7921887713588284,6.0,0.394,0.263,0.344,,1.3418888897021914,3.9846503874230166e-10,0.0417211959185168,0,1.0
6699,0,1,29,0,11.0,327,0.04,1.32,1.28,2.21,354,2,1,10.9,41.8,2025-05-11,78,0,0,0,0,0,0,0,False,1,0,0,0,0,36,0,1926572,1,2,2,56.0,8,-174101,23411,197512,7.5,True,0,1,2,1.2759265899658203,82,Liverpool,Arsenal,2,2,26952,2024,726764,0.1200700029730796,0,1,1,1.2759265899658203,1.3959965705871582,0.1200700029730796,Liverpool,5,5,36,4.5,MID,0.0,0.01,0.77,0.76,0.46,1.0,1.0,7.8,33.2,12.2,33.0,75.0,0.0,0.0,0.0,0.0,0.0,0.0,1.0,1.0,5.0,7.0,1.0,1.0,0.73,0.01,0.0,0.0,1.0,1.0,0.73,0.74,0.01,0.0,0.5,0.19,0.64,0.44,0.34,0.5,0.5,7.75,23.4,31.6,22.5,82.5,0.0,0.0,0.0,0.0,0.0,0.0,1.0,1.0,2.5,5.0,0.5,1.5,0.48,0.33,0.0,0.0,2.5,0.5,0.48,1.32,0.51,4.15,0.33,0.19,0.82,0.63,0.73,0.67,0.67,9.8,32.47,31.43,34.0,85.0,0.0,0.0,0.0,0.0,0.0,0.0,1.0,1.0,2.33,6.33,0.67,2.33,0.53,0.27,0.0,0.0,2.33,0.67,0.53,1.11,0.35,2.77,0.25,0.18,0.7,0.53,0.59,0.5,0.75,9.62,34.5,30.4,31.25,72.5,0.0,0.0,0.0,0.0,0.0,0.0,0.75,1.25,2.5,6.25,0.75,2.0,0.47,0.29,0.0,0.0,2.25,0.75,0.47,1.04,0.31,4.2,0.4,0.19,0.67,0.48,0.61,0.4,0.6,10.62,35.96,40.04,30.2,75.0,0.0,0.0,0.0,0.0,0.0,0.0,0.8,1.0,2.2,6.8,0.6,2.2,0.42,0.33,0.2,0.2,3.0,0.6,0.42,1.01,0.29,5.06,-755092.0,-0.7880619039212757,7.0,0.474,0.263,0.263,,,0.4194155437124462,0.068581610048096,0,0.0
6731,0,0,4,0,1.3,387,0.01,0.01,0.0,0.92,355,1,0,0.4,3.0,2025-05-11,51,0,0,0,0,0,0,0,False,19,0,0,0,0,36,0,20090,1,2,0,0.0,1,822,1130,308,4.9,True,0,0,0,0.0,54,Manchester United,West Ham,0,2,26956,2024,726574,0.0,0,0,0,0.0,0.0512455180287361,0.0512455180287361,Manchester United,2,3,36,0.0,DEF,0.0,0.0,0.0,0.0,1.04,2.0,0.0,0.1,0.8,0.3,0.0,45.0,1.0,0.0,0.0,0.0,0.0,0.0,1.0,3.0,4.0,-2.0,0.0,0.0,0.0,0.0,0.0,0.0,0.0,0.0,0.0,0.0,0.0,0.0,0.0,0.3,0.31,0.02,0.78,1.5,0.0,3.6,11.0,19.55,5.5,67.5,0.5,0.0,0.0,0.0,0.5,0.0,1.0,2.0,2.5,-0.5,0.0,0.5,0.02,0.16,0.0,0.0,1.5,0.0,0.02,0.32,0.17,0.0,0.0,0.25,0.26,0.01,0.52,1.0,0.0,3.4,9.33,21.17,3.67,49.0,0.33,0.0,0.0,0.0,0.33,0.0,0.67,1.67,3.0,0.0,0.0,0.33,0.01,0.19,0.0,0.0,1.67,0.0,0.01,0.3,0.11,0.0,0.0,0.19,0.2,0.01,0.46,0.75,0.0,2.78,9.05,15.97,2.75,45.25,0.25,0.0,0.0,0.0,0.25,0.0,0.5,1.25,3.25,0.25,0.0,0.25,0.01,0.14,0.0,0.0,1.25,0.0,0.01,0.25,0.11,0.12,0.0,0.15,0.16,0.01,0.41,0.6,0.0,2.44,8.92,13.22,2.2,43.0,0.2,0.0,0.0,0.0,0.2,0.0,0.4,1.2,2.8,0.4,0.0,0.2,0.01,0.11,0.0,0.0,1.0,0.0,0.01,0.23,0.12,0.12,1142.0,0.5716272600834492,1.0,0.499,0.264,0.237,,0.401416158102966,3.9846503874230166e-10,-9.180217968607352e-05,0,0.0
6744,0,0,-5,0,14.9,305,0.17,0.17,0.0,1.23,357,2,0,2.5,5.6,2025-05-11,76,0,0,0,0,0,0,0,False,16,0,0,0,0,36,0,163587,1,2,2,4.0,0,-1321,1823,3144,3.9,False,1,0,0,0.0,79,Nottingham Forest,Leicester,2,2,26958,2024,726621,0.0627539902925491,0,1,0,0.0,0.0627539902925491,0.0,Leicester,1,4,36,1.2,DEF,1.0,0.04,0.28,0.24,0.53,0.0,0.0,6.1,13.8,37.6,10.0,90.0,0.0,0.0,0.0,0.0,0.0,0.0,1.0,0.0,2.0,6.0,0.0,2.0,0.22,0.19,0.0,0.0,3.0,0.0,0.22,0.72,0.52,2.5,0.5,0.02,0.15,0.12,1.27,1.5,0.0,4.3,16.4,21.7,5.0,90.0,0.0,0.0,0.0,0.0,0.0,0.0,1.0,0.0,2.5,3.5,0.0,1.0,0.11,0.1,0.0,0.0,1.5,0.0,0.11,0.38,0.29,1.25,0.33,0.02,0.1,0.08,1.71,1.33,0.0,4.1,21.73,16.07,3.33,90.0,0.0,0.0,0.0,0.0,0.0,0.0,1.0,0.33,1.67,3.0,0.0,0.67,0.07,0.06,0.0,0.0,1.0,0.0,0.07,0.26,0.19,0.67,0.25,0.03,0.11,0.08,2.2,1.5,0.0,3.65,16.55,15.62,4.5,82.5,0.0,0.0,0.0,0.0,0.0,0.0,1.0,0.75,1.75,2.5,0.0,0.75,0.07,0.05,0.0,0.0,1.0,0.0,0.07,0.21,0.16,0.5,0.2,0.03,0.09,0.06,2.42,1.8,0.0,3.62,16.64,16.02,3.6,84.0,0.0,0.0,0.0,0.0,0.0,0.0,1.0,1.2,1.4,2.2,0.0,0.6,0.06,0.05,0.0,0.0,1.0,0.0,0.06,0.18,0.14,0.44,-1225.0,-0.2659553050130864,0.0,0.704,0.178,0.117,,1.7816473079879431,0.0135365060386953,0.0648736511864516,0,0.0
6840,0,0,4,0,15.9,171,0.09,0.09,0.0,0.01,356,1,0,2.4,8.2,2025-05-11,15,0,0,0,0,0,0,0,False,15,0,0,0,0,36,0,160514,0,0,2,0.0,1,-1384,864,2248,4.9,False,0,0,0,0.0,9,Newcastle United,Chelsea,2,0,26957,2024,726474,0.20231594145298,0,1,0,0.0,0.2411503493785858,0.0388343930244445,Chelsea,3,4,36,0.3,DEF,0.0,0.01,0.01,0.0,0.15,1.0,0.0,1.9,5.8,11.0,2.0,12.0,0.0,0.0,0.0,0.0,0.0,0.0,0.0,1.0,3.0,1.0,0.0,0.0,0.0,0.07,0.0,0.0,1.0,0.0,0.0,0.22,0.15,-0.2,0.0,0.02,0.02,0.01,0.15,0.5,0.0,1.95,6.3,7.75,5.5,27.5,0.0,0.0,0.0,0.0,0.0,0.0,0.0,1.5,2.0,1.0,0.0,0.5,0.01,0.04,0.0,0.0,0.5,0.0,0.01,0.13,0.08,1.8,0.0,0.09,0.09,0.01,0.24,0.33,0.0,3.37,8.6,19.93,5.0,33.33,0.0,0.0,0.0,0.0,0.0,0.0,0.0,1.67,2.0,1.0,0.0,0.33,0.01,0.06,0.0,0.0,1.33,0.0,0.01,0.3,0.27,1.2,0.25,0.08,0.09,0.01,0.48,0.25,0.0,3.42,9.45,20.27,4.5,47.5,0.0,0.0,0.0,0.0,0.25,0.0,0.25,1.25,1.5,2.0,0.0,0.5,0.01,0.06,0.0,0.0,1.25,0.0,0.01,0.28,0.26,2.2,0.4,0.08,0.1,0.02,0.54,0.2,0.0,3.84,12.24,21.38,4.8,56.0,0.0,0.0,0.0,0.0,0.2,0.0,0.4,1.0,1.4,3.2,0.0,0.6,0.02,0.06,0.0,0.0,1.4,0.0,0.02,0.28,0.23,2.46,-1186.0,-0.4447300771208226,1.0,0.447,0.25,0.303,,1.4066483702130663,3.9846503874230166e-10,0.0517754356622865,0,0.0
6866,0,0,26,1,12.2,340,0.18,0.64,0.46,0.1,358,0,0,6.2,17.2,2025-05-10,90,0,0,0,0,0,0,0,False,17,0,0,0,0,36,0,257519,1,0,0,33.0,6,3382,4155,773,5.3,False,0,0,4,0.2659991085529327,90,Southampton,Manchester City,0,0,26959,2024,725789,0.0,0,0,0,0.2659991085529327,0.3464794754981994,0.3263671696186065,Manchester City,4,1,36,3.2,DEF,0.0,0.01,0.01,0.0,0.0,0.0,0.0,1.1,9.6,1.0,0.0,32.0,0.0,0.0,0.0,0.0,0.0,0.0,0.0,0.0,1.0,1.0,0.0,0.0,0.0,0.0,0.0,0.0,0.0,0.0,0.0,0.13,0.13,1.3,0.0,0.0,0.01,0.0,0.0,0.0,0.0,0.55,4.8,0.5,0.0,16.5,0.0,0.0,0.0,0.0,0.0,0.0,0.0,0.5,1.5,1.0,0.0,0.0,0.0,0.0,0.0,0.0,0.0,0.0,0.0,0.07,0.07,1.35,0.0,0.0,0.0,0.0,0.01,0.0,0.0,0.4,3.27,0.7,0.0,11.67,0.0,0.0,0.0,0.0,0.0,0.0,0.0,1.0,1.0,1.0,0.0,0.0,0.0,0.0,0.0,0.0,0.0,0.0,0.0,0.07,0.07,1.37,0.0,0.01,0.05,0.04,0.26,1.25,0.0,0.7,3.3,2.02,1.75,31.25,0.0,0.0,0.0,0.0,0.0,0.0,0.25,1.0,2.0,0.75,0.0,0.25,0.02,0.0,0.0,0.0,0.0,0.0,0.02,0.06,0.06,1.58,0.0,0.01,0.04,0.03,0.57,1.2,0.0,0.82,4.92,1.92,1.4,43.0,0.0,0.0,0.0,0.0,0.0,0.0,0.4,1.0,2.2,1.0,0.0,0.2,0.01,0.0,0.0,0.0,0.0,0.0,0.01,0.31,0.31,1.82,3794.0,0.6862824675324676,6.0,0.086,0.126,0.788,,0.4000257282670012,0.0997575912980781,0.0534067794467987,0,0.0
6896,0,0,5,0,2.5,652,0.02,0.02,0.0,1.28,355,2,0,0.4,1.8,2025-05-11,58,0,0,0,0,0,0,0,False,19,0,0,0,0,36,0,12703,1,2,0,0.0,1,271,565,294,4.9,True,0,0,0,0.0,61,Manchester United,West Ham,0,2,26956,2024,726578,0.0,0,0,0,0.0,0.1221368685364723,0.1221368685364723,Manchester United,2,3,36,2.5,MID,0.0,0.02,0.07,0.05,2.8,4.0,0.0,6.9,35.6,16.6,17.0,90.0,0.0,0.0,0.0,0.0,1.0,0.0,1.0,3.0,4.0,4.0,0.0,1.0,0.07,0.04,1.0,1.0,1.0,0.0,0.07,0.18,0.11,2.5,0.0,0.02,0.12,0.1,1.4,2.0,0.0,6.0,28.1,20.35,11.5,57.5,0.0,0.0,0.0,0.0,0.5,0.0,0.5,2.0,2.5,4.0,0.0,1.5,0.09,0.24,1.0,1.0,1.5,0.0,0.09,0.41,0.12,1.25,0.0,0.02,0.09,0.07,0.98,1.33,0.0,4.43,22.13,14.6,7.67,57.67,0.0,0.0,0.0,0.0,0.33,0.0,0.67,1.67,1.67,3.0,0.0,1.0,0.06,0.16,0.67,0.67,1.0,0.0,0.06,0.27,0.08,1.33,0.0,0.02,0.08,0.06,1.27,2.0,0.0,4.05,20.3,12.15,8.0,65.75,0.0,0.0,0.0,0.0,0.5,0.0,0.75,1.5,2.25,2.5,0.0,1.25,0.05,0.12,0.5,0.5,0.75,0.0,0.05,0.28,0.12,1.0,0.2,0.02,0.13,0.11,1.12,1.6,0.0,3.6,16.4,11.1,8.4,66.6,0.0,0.0,0.0,0.0,0.4,0.0,0.8,1.2,1.8,2.6,0.0,1.6,0.14,0.09,0.4,0.4,0.6,0.0,0.14,0.31,0.1,1.16,336.0,0.3154831199068684,1.0,0.499,0.264,0.237,,,0.000274259391678,0.0001814802851709,1,0.0
6934,0,1,35,1,14.1,200,0.14,0.14,0.0,0.68,359,0,0,4.9,33.0,2025-05-11,90,0,0,0,0,0,0,0,False,18,0,0,0,0,36,0,713456,1,2,0,2.0,7,-7167,6655,13822,4.7,False,0,0,0,0.0,90,Tottenham,Crystal Palace,0,2,26960,2024,726650,0.3978557586669922,0,1,0,0.0,1.0592119693756104,0.6613562703132629,Crystal Palace,3,3,36,2.8,DEF,0.0,0.55,0.66,0.11,0.71,1.0,0.0,7.0,22.4,30.9,17.0,90.0,0.0,0.0,0.0,0.0,0.0,0.0,1.0,1.0,1.0,2.0,0.0,1.0,0.06,0.42,0.0,0.0,3.0,0.0,0.06,0.06,0.0,0.9,0.0,0.28,0.41,0.13,0.96,1.5,0.0,6.35,19.6,16.1,28.0,90.0,0.0,0.0,0.0,0.0,0.0,0.0,1.0,1.5,1.5,1.5,0.0,1.5,0.24,0.21,0.0,0.0,1.5,0.0,0.24,0.24,0.2,0.95,0.33,0.19,0.28,0.09,0.88,1.0,0.0,4.73,16.67,10.83,20.0,90.0,0.0,0.0,0.0,0.0,0.0,0.0,1.0,1.0,1.0,3.0,0.0,1.0,0.16,0.14,0.0,0.0,1.0,0.0,0.16,0.16,0.13,0.97,0.25,0.16,0.23,0.07,1.01,2.0,0.0,4.5,14.3,14.88,16.0,90.0,0.25,0.0,0.0,0.0,0.0,0.0,1.0,0.75,2.0,1.75,0.0,0.75,0.12,0.13,0.0,0.0,1.25,0.0,0.12,0.17,0.13,0.72,0.2,0.13,0.18,0.05,0.94,1.8,0.0,4.14,14.64,14.18,12.8,89.8,0.2,0.0,0.0,0.2,0.0,0.0,1.0,0.8,2.0,1.2,0.0,0.6,0.1,0.1,0.0,0.0,1.2,0.0,0.1,0.14,0.12,0.68,-7268.0,-0.3500024417639302,6.0,0.359,0.263,0.378,,1.2887352054706138,0.0021617052513631,0.0849369799995705,0,1.0
6950,0,0,2,0,0.4,79,0.0,0.03,0.03,0.0,351,0,0,0.7,2.8,2025-05-10,14,0,0,0,0,0,0,0,False,2,0,0,0,0,36,0,33716,0,1,0,4.0,1,78,618,540,4.6,True,0,0,1,0.0414478071033954,6,Bournemouth,Aston Villa,0,1,26955,2024,726001,0.0,0,0,0,0.0414478071033954,0.0426814258098602,0.0426814258098602,Bournemouth,3,3,36,0.5,DEF,0.0,0.0,0.0,0.0,1.1,1.0,0.0,0.7,7.0,0.0,0.0,5.0,0.0,0.0,0.0,0.0,0.0,0.0,0.0,1.0,1.0,1.0,0.0,0.0,0.0,0.0,0.0,0.0,0.0,0.0,0.0,0.0,0.0,0.0,0.0,0.0,0.0,0.0,0.98,0.5,0.0,0.5,5.2,0.0,0.0,25.0,0.0,0.0,0.0,0.0,0.5,0.0,0.5,0.5,1.0,0.5,0.0,0.0,0.0,0.0,0.0,0.0,0.0,0.0,0.0,0.33,0.33,0.0,0.0,0.0,0.0,0.0,0.71,0.33,0.0,0.73,7.53,0.03,0.0,21.0,0.0,0.0,0.0,0.0,0.33,0.0,0.33,1.0,1.33,0.67,0.0,0.0,0.0,0.0,0.0,0.0,0.0,0.0,0.0,0.22,0.22,0.4,0.0,0.0,0.0,0.0,0.62,0.5,0.0,0.8,7.6,0.6,0.0,23.75,0.0,0.0,0.0,0.0,0.25,0.0,0.25,1.25,1.25,0.75,0.0,0.0,0.0,0.0,0.0,0.0,0.0,0.0,0.0,0.17,0.17,0.5,0.0,0.01,0.01,0.0,0.59,0.8,0.0,1.26,9.72,2.58,0.4,35.2,0.0,0.0,0.0,0.0,0.2,0.0,0.4,1.8,1.4,0.8,0.0,0.0,0.0,0.01,0.0,0.0,0.2,0.0,0.0,0.13,0.13,0.6,-1716.0,0.0673575129533678,1.0,0.394,0.263,0.344,,0.6116571247267595,0.0350948012683358,7.281776342882296e-05,0,0.0
7003,0,0,17,0,20.6,83,0.09,0.1,0.01,0.98,351,1,0,3.4,9.0,2025-05-10,90,0,0,0,0,0,0,0,False,2,0,0,0,0,36,0,24094,1,1,0,4.0,2,181,588,407,5.4,True,0,0,1,0.0098856035619974,90,Bournemouth,Aston Villa,0,1,26955,2024,725997,0.2896595001220703,0,1,0,0.0098856035619974,0.4132767021656036,0.4132767021656036,Bournemouth,3,3,36,2.2,MID,0.0,0.27,0.37,0.1,1.42,1.0,0.0,2.3,4.0,9.8,9.0,90.0,0.0,0.0,0.0,0.0,0.0,0.0,1.0,2.0,1.0,5.0,0.0,2.0,0.12,0.0,1.0,0.0,0.0,0.0,0.12,0.06,0.0,1.0,0.0,0.14,0.18,0.05,1.45,1.0,0.0,1.75,6.7,5.95,4.5,54.0,0.0,0.0,0.0,0.0,0.0,0.0,0.5,1.5,1.0,3.0,0.0,1.0,0.06,0.0,0.5,0.0,0.0,0.0,0.06,0.03,0.0,0.5,0.0,0.1,0.15,0.05,1.05,0.67,0.0,1.53,4.8,5.4,5.0,45.67,0.0,0.0,0.0,0.0,0.0,0.0,0.33,1.0,0.67,2.33,0.0,1.0,0.04,0.0,0.33,0.0,0.0,0.0,0.04,0.04,0.01,0.5,0.0,0.08,0.11,0.03,0.84,0.5,0.0,1.18,3.6,4.35,3.75,40.5,0.0,0.0,0.0,0.0,0.0,0.0,0.25,0.75,0.75,2.0,0.0,0.75,0.03,0.0,0.25,0.0,0.0,0.0,0.03,0.03,0.01,0.38,0.0,0.07,0.13,0.06,0.84,0.8,0.0,1.82,3.68,6.96,7.6,50.4,0.0,0.0,0.0,0.0,0.2,0.0,0.4,1.0,0.8,1.8,0.0,1.2,0.05,0.01,0.2,0.0,0.2,0.0,0.05,0.27,0.24,0.96,232.0,0.1819095477386934,2.0,0.394,0.263,0.344,,,0.0348706542019001,0.1000830313044753,1,0.0
7057,0,2,27,1,0.0,91,0.0,0.0,0.0,0.93,353,0,0,3.6,35.6,2025-05-10,90,0,0,0,0,0,0,0,False,10,0,0,0,0,36,4,1142944,1,1,0,0.0,9,75931,91460,15529,4.4,False,0,0,0,0.0,90,Ipswich,Brentford,0,1,26954,2024,725756,0.0,0,0,0,0.0,0.0,0.0,Brentford,3,2,36,6.5,GK,0.0,0.0,0.0,0.0,1.56,3.0,0.0,1.6,16.2,0.0,0.0,90.0,0.0,0.0,0.0,0.0,0.0,2.0,1.0,3.0,4.0,1.0,0.0,0.0,0.0,0.0,0.0,0.0,0.0,0.0,0.0,0.58,0.58,4.2,0.5,0.0,0.0,0.0,1.27,1.5,0.0,4.0,35.1,5.0,0.0,90.0,0.0,0.0,0.0,0.0,0.0,3.5,1.0,2.5,2.0,7.0,0.0,0.0,0.0,0.11,0.5,0.5,0.5,0.0,0.0,0.66,0.55,2.1,0.33,0.0,0.0,0.0,1.32,1.67,0.0,3.23,29.2,3.33,0.0,90.0,0.0,0.0,0.0,0.0,0.0,2.67,1.0,2.33,2.67,5.0,0.0,0.0,0.0,0.07,0.33,0.33,0.33,0.0,0.0,0.55,0.48,2.57,0.25,0.0,0.0,0.0,1.23,1.5,0.0,3.0,27.7,2.5,0.0,90.0,0.0,0.0,0.0,0.0,0.0,2.5,1.0,2.0,2.25,4.25,0.0,0.0,0.0,0.06,0.25,0.25,0.25,0.0,0.0,0.41,0.36,1.92,0.4,0.0,0.0,0.0,1.23,1.2,0.0,3.24,30.64,2.0,0.0,90.0,0.0,0.0,0.0,0.0,0.0,3.2,1.0,1.6,1.8,5.4,0.0,0.0,0.0,0.04,0.2,0.2,0.2,0.0,0.0,0.35,0.3,2.38,81660.0,0.7097084747030068,7.0,0.189,0.237,0.574,4.229884124680245,1.4743480969275753,,,0,1.0
7066,0,0,3,0,11.5,605,0.07,0.07,0.0,0.1,352,0,0,2.2,2.4,2025-05-10,7,0,0,0,0,0,0,0,False,8,0,0,0,0,36,0,4206,0,3,1,8.0,1,10,51,41,4.4,True,0,0,0,0.0,4,Fulham,Everton,1,3,26953,2024,725722,0.0834133774042129,0,1,0,0.0,0.0834133774042129,0.0,Fulham,3,3,36,0.2,MID,0.0,0.0,0.0,0.0,0.05,0.0,0.0,0.8,1.0,0.5,6.0,14.0,0.0,0.0,0.0,0.0,0.0,0.0,0.0,0.0,0.0,1.0,0.0,0.0,0.0,0.0,0.0,0.0,0.0,0.0,0.0,0.0,0.0,0.7,,,,,,,,,,,,,,,,,,,,,,,,,,,,,,,,,,,,,,,,,,,,,,,,,,,,,,,,,,,,,,,,,,,,,,,,,,,,,,,,,,,,,,,,,,,,,,,,,,,,,,,,,,,,,,,,,,,,,,,,,,,,,,,,,,,,,,,,,604.0,0.108695652173913,1.0,0.516,0.276,0.209,,,0.046810193785779,0.0582845166918437,1,0.0
7104,1,0,26,0,39.5,13,0.16,0.32,0.16,2.56,354,2,0,7.4,11.8,2025-05-11,90,0,0,0,0,0,0,0,False,12,0,0,0,0,36,0,573521,1,2,2,23.0,5,-14419,6104,20523,8.2,False,0,0,3,0.1384119391441345,90,Liverpool,Arsenal,2,2,26952,2024,726776,0.3180090188980102,0,2,0,0.1384119391441345,0.6192090511322021,0.48079714179039,Arsenal,5,5,36,6.0,MID,0.0,0.18,0.3,0.12,0.97,2.0,0.0,4.9,22.4,19.3,7.0,90.0,0.0,0.0,0.0,0.0,0.0,0.0,1.0,2.0,1.0,8.0,0.0,2.0,0.13,0.58,1.0,1.0,1.0,0.0,0.13,0.88,0.24,5.8,0.0,0.19,0.31,0.12,1.31,2.0,0.0,5.45,21.1,25.05,8.0,87.5,0.0,0.0,0.0,0.0,0.0,0.0,1.0,2.0,1.5,6.5,0.0,2.0,0.12,0.39,1.0,1.0,1.5,0.0,0.12,0.74,0.37,6.95,0.33,0.29,0.4,0.11,0.93,1.33,0.0,9.37,27.6,42.03,23.67,88.33,0.0,0.0,0.0,0.0,0.0,0.0,1.0,2.67,1.0,6.33,0.0,2.33,0.11,0.37,1.0,1.0,2.67,0.0,0.11,0.8,0.5,7.33,0.25,0.25,0.33,0.08,0.73,1.25,0.0,7.82,21.65,38.15,18.25,73.25,0.0,0.0,0.0,0.0,0.25,0.0,0.75,2.25,1.0,4.75,0.0,1.75,0.08,0.3,0.75,0.75,2.5,0.0,0.08,0.62,0.4,5.5,0.2,0.2,0.31,0.11,0.58,1.0,0.0,6.32,17.32,30.64,15.4,62.4,0.0,0.0,0.0,0.0,0.2,0.0,0.6,2.0,1.0,4.0,0.0,1.6,0.09,0.24,0.6,0.6,2.0,0.0,0.09,0.53,0.33,5.04,-14394.0,-0.5415180080369549,5.0,0.474,0.263,0.263,,,0.1202646601818617,0.2078129876621279,1,0.0
7122,0,0,6,0,27.8,382,0.2,0.26,0.06,1.28,355,2,0,6.1,14.0,2025-05-11,58,0,0,0,0,0,0,0,False,19,0,0,0,0,36,0,23046,1,2,0,19.0,1,9606,10013,407,6.3,True,0,0,1,0.0577763132750988,61,Manchester United,West Ham,0,2,26956,2024,726580,0.0783950984477996,0,2,0,0.0577763132750988,0.1547769010066986,0.0186054892838001,Manchester United,2,3,36,2.2,MID,0.0,0.05,0.88,0.83,1.04,2.0,1.0,8.4,41.0,6.8,36.0,56.0,0.0,0.0,0.0,0.0,0.0,0.0,1.0,3.0,4.0,6.0,1.0,3.0,0.47,0.0,0.0,0.0,0.0,1.0,0.47,0.47,0.0,2.2,0.0,0.04,0.58,0.53,0.52,1.0,0.5,5.35,20.5,5.65,27.0,40.5,0.0,0.0,0.0,0.0,0.0,0.0,0.5,2.0,2.5,3.5,0.5,2.5,0.31,0.0,0.0,0.0,0.0,0.5,0.31,0.37,0.06,1.1,0.0,0.05,0.58,0.53,0.39,1.0,0.33,3.97,13.67,5.03,22.33,37.33,0.0,0.0,0.0,0.0,0.0,0.0,0.33,1.67,1.67,2.67,0.33,2.33,0.42,0.0,0.0,0.0,0.0,0.33,0.42,0.52,0.1,1.0,0.0,0.04,0.44,0.4,0.52,1.25,0.25,3.35,11.6,3.92,19.0,36.75,0.0,0.0,0.0,0.0,0.0,0.0,0.25,1.5,2.25,2.25,0.25,2.0,0.32,0.0,0.0,0.0,0.0,0.25,0.32,0.39,0.07,0.75,0.0,0.04,0.4,0.36,0.42,1.0,0.2,3.24,10.44,6.14,16.6,33.2,0.0,0.0,0.0,0.0,0.2,0.0,0.2,1.2,1.8,1.8,0.2,1.8,0.28,0.01,0.0,0.0,0.2,0.2,0.28,0.38,0.1,0.56,10608.0,0.9218809980806142,1.0,0.499,0.264,0.237,,,0.1214186226213367,0.1273996981485132,0,0.0
7165,0,0,17,1,30.4,354,0.11,0.22,0.11,0.1,358,0,0,5.2,13.8,2025-05-10,83,0,0,0,0,0,0,0,False,17,0,0,0,0,36,0,161851,1,0,0,8.0,3,8105,12651,4546,5.4,False,0,0,3,0.0595487169921398,86,Southampton,Manchester City,0,0,26959,2024,725791,0.055904421955347,0,2,0,0.0595487169921398,0.2718172371387481,0.1769774407148361,Manchester City,4,1,36,4.5,MID,1.0,0.06,0.12,0.06,0.4,0.0,0.0,4.3,16.8,21.6,5.0,90.0,0.0,0.0,0.0,0.0,0.0,0.0,1.0,0.0,1.0,3.0,0.0,3.0,0.08,0.01,0.0,0.0,1.0,0.0,0.08,0.24,0.24,5.7,0.5,0.06,0.1,0.04,1.08,0.5,0.0,4.15,17.0,15.0,9.5,90.0,0.0,0.0,0.0,0.0,0.0,0.0,1.0,0.5,1.5,2.5,0.0,2.5,0.06,0.01,0.0,0.0,0.5,0.0,0.06,0.35,0.35,7.55,0.33,0.04,0.1,0.05,0.73,0.33,0.33,4.6,23.27,10.77,12.0,64.0,0.0,0.0,0.0,0.0,0.0,0.0,0.67,1.0,1.0,3.67,0.33,2.0,0.07,0.0,0.0,0.0,0.33,0.33,0.07,0.5,0.5,8.17,0.25,0.08,0.15,0.08,1.0,0.75,0.5,5.25,27.7,13.65,11.25,69.5,0.0,0.0,0.0,0.0,0.0,0.0,0.75,1.25,2.0,5.25,0.5,2.0,0.08,0.08,0.0,0.0,0.5,0.5,0.08,0.89,0.8,6.12,0.4,0.07,0.13,0.06,0.99,0.6,0.4,4.94,25.72,14.68,9.0,73.6,0.0,0.0,0.0,0.0,0.0,0.0,0.8,1.0,1.6,4.8,0.4,1.6,0.06,0.07,0.0,0.0,0.6,0.4,0.06,0.73,0.65,5.2,8386.0,0.4713031342676048,3.0,0.086,0.126,0.788,,,0.0478325423028445,0.149533061081446,0,0.0
7200,0,0,11,1,1.9,623,0.12,0.19,0.07,1.82,358,0,0,2.0,11.0,2025-05-10,90,0,0,0,0,0,0,0,False,13,0,0,0,0,36,0,9292,1,0,0,7.0,3,-3046,739,3785,5.0,True,0,0,1,0.1050352975726127,90,Southampton,Manchester City,0,0,26959,2024,725778,0.0,0,0,0,0.1050352975726127,0.1050352975726127,0.1050352975726127,Southampton,4,1,36,1.0,MID,0.0,0.08,0.12,0.04,0.97,2.0,0.0,4.4,18.4,18.1,7.0,56.0,0.0,0.0,0.0,0.0,0.0,0.0,1.0,0.0,2.0,1.0,0.0,1.0,0.04,0.05,0.0,0.0,1.0,0.0,0.04,0.37,0.33,1.5,0.0,0.05,0.08,0.03,1.4,1.5,0.0,3.7,19.9,11.05,6.0,70.5,0.0,0.0,0.0,0.0,0.0,0.0,1.0,1.0,1.5,1.5,0.0,1.0,0.04,0.02,0.0,0.0,0.5,0.0,0.04,0.23,0.19,0.75,0.0,0.07,0.09,0.02,1.23,1.33,0.0,4.33,17.6,21.07,4.67,77.0,0.0,0.0,0.0,0.0,0.0,0.0,1.0,1.0,1.33,1.67,0.0,0.67,0.03,0.06,0.0,0.0,1.33,0.0,0.03,0.2,0.13,2.0,0.0,0.05,0.08,0.02,1.47,1.5,0.0,3.55,13.6,16.58,5.25,79.75,0.0,0.0,0.0,0.0,0.25,0.0,1.0,1.5,1.0,1.5,0.0,0.75,0.03,0.05,0.0,0.0,1.0,0.0,0.03,0.15,0.1,1.5,0.0,0.05,0.15,0.1,1.6,1.8,0.2,4.9,22.0,16.32,10.6,81.8,0.0,0.0,0.0,0.0,0.2,0.0,1.0,1.4,1.4,3.0,0.2,1.6,0.1,0.06,0.0,0.0,1.0,0.2,0.1,0.21,0.1,2.3,-3177.0,-0.6732979664014147,3.0,0.086,0.126,0.788,,,0.0376486355451659,0.0005161956818344,0,0.0
7263,0,0,2,0,28.6,541,0.16,0.27,0.11,0.91,360,1,0,4.4,0.0,2025-05-10,58,0,0,0,0,0,0,0,False,5,0,0,0,0,36,0,1741939,1,2,0,16.0,0,180977,265693,84716,7.1,True,1,0,2,0.0503657050430774,66,Wolverhampton Wanderers,Brighton,0,2,26961,2024,725809,0.4070822298526764,0,2,0,0.0503657050430774,0.1526962965726852,0.1023306027054786,Wolverhampton Wanderers,3,3,36,6.2,FWD,0.0,0.1,0.18,0.08,0.71,1.0,0.0,1.8,0.0,8.6,13.0,84.0,0.0,0.0,0.0,0.0,0.0,0.0,1.0,0.0,1.0,2.0,0.0,2.0,0.12,0.0,0.0,0.0,0.0,0.0,0.12,0.19,0.07,7.5,0.5,0.15,0.48,0.32,0.9,0.5,0.5,11.6,42.9,34.95,40.0,86.0,0.0,0.0,0.0,0.0,0.0,0.0,1.0,0.0,2.0,8.5,0.5,4.0,0.37,0.24,1.0,1.0,2.5,0.5,0.37,0.64,0.26,3.75,0.67,0.14,0.36,0.22,1.02,0.33,0.33,9.17,31.93,31.23,29.67,87.33,0.0,0.0,0.0,0.0,0.0,0.0,1.0,0.33,1.33,8.33,0.33,3.0,0.26,0.18,1.0,0.67,2.0,0.33,0.26,0.44,0.17,3.77,0.5,0.14,0.44,0.3,1.0,0.5,0.5,9.0,34.75,28.75,27.25,70.5,0.0,0.0,0.0,0.0,0.0,0.0,0.75,0.75,2.0,8.0,0.5,2.75,0.3,0.15,0.75,0.5,2.0,0.5,0.3,0.44,0.13,2.82,0.4,0.13,0.44,0.31,1.14,0.8,0.4,8.88,30.68,26.64,32.0,74.4,0.0,0.0,0.0,0.0,0.0,0.0,0.8,1.0,1.8,6.8,0.4,3.4,0.3,0.12,0.6,0.4,1.8,0.4,0.3,0.42,0.13,3.6,188098.0,0.5164736065569092,0.0,0.351,0.271,0.379,,,0.2403065111871329,0.1096077568981912,0,
7287,0,0,4,0,0.0,95,0.0,0.0,0.0,0.84,353,0,0,0.2,2.2,2025-05-10,18,0,0,0,0,0,0,0,False,10,0,0,0,0,36,0,7307,0,1,0,0.0,1,262,374,112,5.3,False,0,0,0,0.0,15,Ipswich,Brentford,0,1,26954,2024,725767,0.0,0,0,0,0.0,0.0,0.0,Brentford,3,2,36,2.0,MID,0.0,0.26,0.26,0.0,0.26,2.0,0.0,0.6,1.6,4.3,0.0,22.0,0.0,0.0,0.0,0.0,0.0,0.0,0.0,3.0,4.0,1.0,0.0,0.0,0.0,0.0,0.0,0.0,0.0,0.0,0.0,0.62,0.62,1.5,0.0,0.13,0.13,0.0,0.34,1.0,0.0,0.5,2.9,2.25,0.0,22.0,0.0,0.0,0.0,0.0,0.0,0.0,0.0,2.5,2.0,1.0,0.0,0.0,0.0,0.0,0.0,0.0,0.0,0.0,0.0,0.36,0.36,0.75,0.0,0.13,0.13,0.0,0.51,1.0,0.0,1.73,11.07,6.47,0.0,19.33,0.0,0.0,0.0,0.0,0.33,0.0,0.0,2.33,2.67,1.67,0.0,0.0,0.0,0.14,0.33,0.33,0.33,0.0,0.0,0.27,0.27,0.9,0.0,0.1,0.1,0.0,0.44,0.75,0.0,1.33,8.45,4.9,0.0,17.0,0.0,0.0,0.0,0.0,0.25,0.0,0.0,2.0,2.25,1.5,0.0,0.0,0.0,0.1,0.25,0.25,0.25,0.0,0.0,0.2,0.2,0.68,0.0,0.09,0.09,0.0,0.4,0.6,0.0,1.18,7.04,4.76,0.0,15.0,0.0,0.0,0.0,0.0,0.2,0.0,0.0,1.6,1.8,1.4,0.0,0.0,0.0,0.08,0.2,0.2,0.2,0.0,0.0,0.16,0.16,0.5,298.0,0.5390946502057613,1.0,0.189,0.237,0.574,,,0.0372210064683558,0.0106611078867815,1,0.0
7312,1,0,23,1,2.6,149,0.08,0.08,0.0,0.91,360,0,0,3.7,32.2,2025-05-10,90,0,0,0,0,0,0,0,False,20,0,0,0,0,36,0,6079,1,2,0,2.0,5,96,176,80,4.7,False,1,0,0,0.0,90,Wolverhampton Wanderers,Brighton,0,2,26961,2024,725818,0.0,0,0,0,0.0,0.0521191656589508,0.0521191656589508,Brighton,3,3,36,4.0,MID,0.0,0.01,0.01,0.0,0.25,0.0,0.0,3.6,24.2,11.3,0.0,53.0,0.0,0.0,0.0,0.0,1.0,0.0,1.0,1.0,1.0,3.0,0.0,0.0,0.0,0.1,1.0,1.0,1.0,0.0,0.0,0.1,0.0,2.3,0.0,0.04,0.14,0.1,0.76,1.0,0.0,5.8,22.9,14.6,20.0,71.5,0.0,0.0,0.0,0.0,0.5,0.0,1.0,1.5,2.0,2.5,0.0,1.0,0.15,0.06,0.5,0.5,1.0,0.0,0.15,0.36,0.29,1.15,0.0,0.14,0.21,0.07,1.13,1.67,0.0,6.6,29.33,20.4,16.0,77.0,0.0,0.0,0.0,0.0,0.33,0.0,1.0,1.67,2.67,3.67,0.0,0.67,0.1,0.18,0.67,0.67,1.33,0.0,0.1,0.39,0.34,1.43,0.0,0.14,0.21,0.07,0.86,1.25,0.0,5.38,22.55,17.88,13.0,58.0,0.0,0.0,0.0,0.0,0.25,0.0,0.75,1.5,2.5,3.0,0.0,0.75,0.09,0.16,0.5,0.5,1.25,0.0,0.09,0.33,0.26,1.25,0.0,0.11,0.17,0.06,0.77,1.4,0.0,4.62,19.0,16.52,10.4,50.0,0.0,0.0,0.0,0.0,0.2,0.0,0.6,1.8,2.0,2.6,0.0,0.6,0.07,0.13,0.4,0.4,1.2,0.0,0.07,0.26,0.2,1.1,114.0,0.375,5.0,0.351,0.271,0.379,,,0.00725669674693,0.0025584175326363,1,0.0
7343,0,0,5,0,1.3,543,0.02,0.02,0.0,0.91,360,1,0,1.2,8.8,2025-05-10,58,0,0,0,0,0,0,0,False,5,0,0,0,0,36,0,39327,1,2,0,2.0,1,142,1309,1167,4.3,True,0,0,0,0.0,66,Wolverhampton Wanderers,Brighton,0,2,26961,2024,725802,0.0,0,0,0,0.0,0.0,0.0,Wolverhampton Wanderers,3,3,36,2.5,DEF,0.0,0.0,0.0,0.0,0.6,1.0,0.0,0.8,7.8,0.2,0.0,64.0,0.0,0.0,0.0,0.0,0.0,0.0,1.0,0.0,1.0,2.0,0.0,0.0,0.0,0.0,0.0,0.0,0.0,0.0,0.0,0.07,0.07,2.0,0.5,0.0,0.01,0.0,0.85,0.5,0.0,0.95,8.5,1.1,0.0,73.5,0.0,0.0,0.0,0.0,0.0,0.0,1.0,0.0,2.0,4.0,0.0,0.0,0.0,0.0,0.0,0.0,0.0,0.0,0.0,0.43,0.43,1.0,0.33,0.0,0.0,0.0,0.76,0.33,0.0,0.73,6.73,0.73,0.0,51.67,0.0,0.0,0.0,0.0,0.0,0.0,0.67,0.33,1.33,3.0,0.0,0.0,0.0,0.0,0.0,0.0,0.0,0.0,0.0,0.28,0.28,1.37,0.25,0.0,0.0,0.0,0.76,0.25,0.0,0.72,6.65,0.58,0.0,50.0,0.0,0.0,0.0,0.0,0.0,0.0,0.75,0.75,2.0,2.5,0.0,0.0,0.0,0.0,0.0,0.0,0.0,0.0,0.0,0.24,0.24,1.02,0.2,0.05,0.06,0.01,0.75,0.4,0.0,0.82,5.76,1.28,1.2,52.8,0.0,0.0,0.0,0.0,0.0,0.0,0.8,1.0,1.8,2.4,0.0,0.2,0.01,0.0,0.0,0.0,0.0,0.0,0.01,0.26,0.25,1.56,166.0,0.0573505654281098,1.0,0.351,0.271,0.379,,1.180713987959925,0.0028904326606062,4.02238836698654e-05,0,0.0
7363,0,0,6,0,25.1,629,0.03,0.1,0.07,0.83,360,0,0,3.7,6.6,2025-05-10,58,0,0,0,0,0,0,0,False,20,0,0,0,0,36,0,5737,1,2,0,5.0,1,396,608,212,5.5,False,0,0,1,0.0687636360526084,66,Wolverhampton Wanderers,Brighton,0,2,26961,2024,725825,0.0553768351674079,0,2,0,0.0687636360526084,0.1241404712200164,0.0,Brighton,3,3,36,1.8,MID,0.0,0.01,0.01,0.0,1.83,1.0,0.0,2.4,2.8,13.2,8.0,90.0,0.0,0.0,0.0,0.0,0.0,0.0,1.0,1.0,1.0,2.0,0.0,0.0,0.0,0.13,0.0,0.0,1.0,0.0,0.0,0.15,0.02,2.3,0.0,0.1,0.12,0.02,1.3,1.0,0.0,5.0,6.2,29.45,14.5,85.5,0.0,0.0,0.0,0.0,0.0,0.0,1.0,1.5,2.0,2.0,0.0,0.5,0.03,0.22,0.0,0.0,2.0,0.0,0.03,0.11,0.01,1.15,0.0,0.1,0.14,0.05,1.48,1.67,0.0,4.8,5.33,28.93,13.67,78.33,0.0,0.0,0.0,0.0,0.0,0.0,1.0,1.67,2.67,2.0,0.0,1.0,0.07,0.17,0.0,0.0,1.67,0.0,0.07,0.16,0.07,1.6,0.0,0.08,0.27,0.19,1.23,1.5,0.0,5.02,4.95,26.22,19.0,76.0,0.0,0.0,0.0,0.0,0.0,0.0,1.0,1.75,2.5,2.75,0.0,1.5,0.24,0.14,0.25,0.0,1.5,0.0,0.24,0.32,0.05,1.2,0.0,0.07,0.22,0.15,1.07,1.6,0.0,4.6,8.64,22.06,15.2,73.2,0.0,0.0,0.0,0.0,0.0,0.0,1.0,1.6,2.4,2.6,0.0,1.2,0.19,0.11,0.2,0.0,1.2,0.0,0.19,0.38,0.16,1.16,478.0,0.4829268292682926,1.0,0.351,0.271,0.379,,,0.0474706154503621,0.1041656912707547,0,0.0
7421,0,0,26,1,0.6,32,0.0,0.04,0.04,0.8,351,0,0,3.8,20.2,2025-05-10,90,0,0,0,0,0,0,0,False,3,0,0,0,0,36,0,140568,1,1,0,17.0,6,8096,11113,3017,4.4,False,0,0,1,0.0180311203002929,90,Bournemouth,Aston Villa,0,1,26955,2024,726007,0.0,0,0,0,0.0180311203002929,0.5630214810371399,0.5449903607368469,Aston Villa,3,3,36,4.2,DEF,1.0,0.02,0.02,0.0,0.85,0.0,0.0,3.1,13.8,16.8,0.0,90.0,0.0,0.0,0.0,0.0,0.0,0.0,1.0,0.0,1.0,7.0,0.0,0.0,0.0,0.0,0.0,0.0,0.0,0.0,0.0,0.21,0.21,4.2,0.5,0.01,0.01,0.0,0.81,0.5,0.0,2.1,11.1,8.85,1.0,75.0,0.0,0.0,0.0,0.0,0.0,0.0,1.0,0.5,1.5,4.5,0.0,0.0,0.0,0.0,0.0,0.0,0.0,0.0,0.0,0.11,0.11,4.8,0.33,0.01,0.01,0.0,0.87,0.67,0.0,1.73,9.13,6.03,2.0,80.0,0.0,0.0,0.0,0.0,0.0,0.0,1.0,0.67,2.33,3.67,0.0,0.0,0.0,0.0,0.0,0.0,0.0,0.0,0.0,0.08,0.08,5.0,0.5,0.02,0.04,0.02,0.72,0.5,0.0,2.05,11.5,6.1,2.75,81.0,0.0,0.0,0.0,0.0,0.0,0.0,1.0,1.25,1.75,4.25,0.0,0.5,0.01,0.0,0.0,0.0,0.0,0.0,0.01,0.18,0.18,3.75,0.6,0.04,0.06,0.02,0.67,0.4,0.0,2.34,11.96,7.92,3.4,80.8,0.0,0.0,0.0,0.0,0.0,0.0,1.0,1.6,1.4,4.6,0.0,0.6,0.02,0.01,0.0,0.0,0.2,0.0,0.02,0.22,0.22,3.6,8792.0,0.572965322009908,6.0,0.394,0.263,0.344,,1.2396858120719112,0.0726581164089004,-7.303343437281562e-05,0,0.0
7459,0,0,8,0,0.0,443,0.0,0.0,0.0,1.07,357,2,0,2.8,28.2,2025-05-11,90,0,0,0,0,0,0,0,False,11,0,0,0,0,36,4,2439978,1,2,2,0.0,2,147112,167313,20201,5.2,True,0,0,0,0.0,90,Nottingham Forest,Leicester,2,2,26958,2024,726603,0.0,0,0,0,0.0,0.0600813329219818,0.0600813329219818,Nottingham Forest,1,4,36,2.5,GK,0.0,0.01,0.01,0.0,2.56,1.0,0.0,1.3,13.0,0.0,0.0,90.0,0.0,0.0,0.0,0.0,1.0,2.0,1.0,1.0,1.0,1.0,0.0,0.0,0.0,0.0,0.0,0.0,0.0,0.0,0.0,0.11,0.11,2.3,0.0,0.0,0.0,0.0,2.1,1.5,0.0,1.2,12.0,0.0,0.0,90.0,0.0,0.0,0.0,0.0,0.5,1.5,1.0,1.5,0.5,1.0,0.0,0.0,0.0,0.0,0.0,0.0,0.0,0.0,0.0,0.08,0.08,1.15,0.0,0.0,0.0,0.0,2.12,1.33,0.0,1.63,16.33,0.0,0.0,90.0,0.0,0.0,0.0,0.0,0.67,2.33,1.0,1.67,0.67,1.33,0.0,0.0,0.0,0.0,0.0,0.0,0.0,0.0,0.0,0.05,0.05,2.27,0.0,0.0,0.0,0.0,1.93,1.25,0.0,2.1,21.0,0.0,0.0,90.0,0.0,0.0,0.0,0.0,0.5,2.75,1.0,1.5,0.5,1.75,0.0,0.0,0.0,0.0,0.0,0.0,0.0,0.0,0.0,0.07,0.07,1.7,0.0,0.0,0.0,0.0,2.15,1.4,0.0,2.62,26.24,0.0,0.0,90.0,0.0,0.0,0.0,0.0,0.4,3.4,1.0,1.4,0.8,2.0,0.0,0.0,0.0,0.0,0.0,0.0,0.0,0.0,0.0,0.07,0.07,2.26,167337.0,0.7845387544396685,2.0,0.704,0.178,0.117,3.530609998943717,1.2401506281919397,,,0,0.0
7501,0,0,26,1,0.3,524,0.0,0.08,0.08,2.28,355,0,0,2.8,23.6,2025-05-11,90,0,0,0,0,0,0,0,False,14,0,0,0,0,36,0,143484,1,2,0,4.0,6,-4080,415,4495,4.3,False,0,0,1,0.1204903870820999,90,Manchester United,West Ham,0,2,26956,2024,726589,0.0,0,0,0,0.1204903870820999,0.0582604184746742,0.0582604184746742,West Ham,2,3,36,2.5,DEF,0.0,0.0,0.02,0.02,0.77,1.0,0.0,1.3,7.4,0.7,5.0,90.0,0.0,0.0,0.0,0.0,0.0,0.0,1.0,1.0,1.0,2.0,0.0,1.0,0.01,0.0,0.0,0.0,0.0,0.0,0.01,0.42,0.42,1.2,0.0,0.06,0.07,0.01,1.04,2.0,0.0,2.75,16.1,6.7,4.5,90.0,0.0,0.0,0.0,0.0,0.0,0.0,1.0,1.5,2.0,1.5,0.0,0.5,0.01,0.02,0.0,0.0,0.5,0.0,0.01,0.44,0.42,0.6,0.0,0.04,0.05,0.01,0.91,1.67,0.0,2.83,20.67,4.67,3.0,90.0,0.0,0.0,0.0,0.0,0.33,0.0,1.0,1.33,1.67,1.33,0.0,0.33,0.0,0.01,0.0,0.0,0.33,0.0,0.0,0.38,0.37,0.97,0.0,0.07,0.08,0.0,1.12,1.75,0.0,3.35,25.05,6.22,2.25,90.0,0.0,0.0,0.0,0.0,0.25,0.0,1.0,1.25,1.75,1.25,0.0,0.25,0.0,0.02,0.0,0.0,0.5,0.0,0.0,0.31,0.31,0.72,0.0,0.06,0.06,0.0,1.32,1.8,0.0,3.02,23.2,5.22,1.8,90.0,0.0,0.0,0.0,0.0,0.2,0.0,1.0,1.4,1.8,1.2,0.0,0.2,0.0,0.02,0.0,0.0,0.4,0.0,0.0,0.28,0.27,0.82,-4230.0,-0.8309572301425662,6.0,0.499,0.264,0.237,,1.7151263938320418,0.0190297465233375,1.908682501783332e-05,0,0.0
7536,0,0,22,1,10.7,650,0.13,0.43,0.3,0.68,359,0,0,3.5,10.4,2025-05-11,90,0,0,0,0,0,0,0,False,18,0,0,0,0,36,0,109119,1,2,0,14.0,6,-2401,2631,5032,4.5,False,0,0,1,0.2200137376785278,90,Tottenham,Crystal Palace,0,2,26960,2024,726648,0.0553117766976356,0,1,0,0.2200137376785278,0.8028683066368103,0.8028683066368103,Crystal Palace,3,3,36,3.0,DEF,0.0,0.01,0.29,0.28,0.71,1.0,0.0,5.3,22.0,0.6,30.0,90.0,0.0,0.0,0.0,0.0,0.0,0.0,1.0,1.0,1.0,2.0,0.0,4.0,0.28,0.0,0.0,0.0,0.0,0.0,0.28,0.06,0.0,1.1,0.0,0.0,0.14,0.14,0.96,1.5,0.0,3.35,17.9,0.55,15.0,90.0,0.0,0.0,0.0,0.0,0.0,0.0,1.0,1.5,1.5,1.5,0.0,2.0,0.14,0.0,0.0,0.0,0.0,0.0,0.14,0.06,0.03,1.75,0.33,0.0,0.1,0.09,0.88,1.0,0.0,3.87,22.8,3.73,12.0,90.0,0.0,0.0,0.0,0.0,0.0,0.0,1.0,1.0,1.0,3.0,0.0,1.33,0.09,0.02,0.0,0.0,0.33,0.0,0.09,0.08,0.06,1.97,0.25,0.06,0.13,0.07,1.01,2.0,0.0,3.42,19.2,5.5,9.5,90.0,0.0,0.0,0.0,0.0,0.0,0.0,1.0,0.75,2.0,2.25,0.0,1.0,0.07,0.16,0.0,0.0,0.5,0.0,0.07,0.23,0.07,1.48,0.2,0.05,0.11,0.06,1.54,2.4,0.0,2.98,17.8,4.42,7.6,84.4,0.0,0.0,0.0,0.0,0.2,0.0,1.0,1.0,2.6,1.6,0.0,0.8,0.06,0.13,0.0,0.0,0.4,0.0,0.06,0.26,0.13,1.18,-2425.0,-0.3133237635390839,6.0,0.359,0.263,0.378,,1.1356703554945935,0.0696299169758385,0.0611544321288495,0,1.0
7553,0,1,29,0,0.1,228,0.0,0.18,0.18,0.79,352,1,1,8.6,49.2,2025-05-10,90,0,0,0,0,0,0,0,False,9,0,0,0,0,36,0,462904,1,3,1,37.0,9,-4895,9238,14133,3.8,False,0,1,2,0.3319025039672851,90,Fulham,Everton,1,3,26953,2024,725728,0.0,0,0,1,0.3319025039672851,0.0,0.0,Everton,3,3,36,2.0,DEF,0.0,0.0,0.0,0.0,1.81,2.0,0.0,0.7,7.0,0.0,0.0,38.0,0.0,0.0,0.0,0.0,1.0,0.0,0.0,2.0,0.0,-1.0,0.0,0.0,0.0,0.0,0.0,0.0,0.0,0.0,0.0,0.0,0.0,-0.7,0.0,0.0,0.0,0.0,1.03,1.5,0.0,0.35,3.5,0.0,0.0,20.0,0.0,0.0,0.0,0.0,0.5,0.0,0.0,2.0,1.5,0.0,0.0,0.0,0.0,0.0,0.0,0.0,0.0,0.0,0.0,0.0,0.0,-0.35,0.0,0.0,0.03,0.03,0.94,1.33,0.0,1.33,6.87,0.2,6.33,43.33,0.0,0.0,0.0,0.0,0.67,0.0,0.33,1.33,1.33,0.33,0.0,0.33,0.07,0.0,0.0,0.0,0.0,0.0,0.07,0.04,0.04,1.83,0.0,0.0,0.04,0.04,1.02,1.25,0.0,1.92,10.7,2.72,5.75,55.0,0.0,0.0,0.0,0.0,0.5,0.0,0.5,1.25,1.25,0.75,0.0,0.5,0.06,0.0,0.0,0.0,0.0,0.0,0.06,0.05,0.05,3.2,0.2,0.0,0.03,0.03,1.06,1.0,0.2,3.04,19.64,2.2,8.4,62.0,0.0,0.0,0.0,0.0,0.6,0.0,0.6,1.4,1.0,3.4,0.2,0.6,0.06,0.0,0.0,0.0,0.0,0.2,0.06,0.04,0.04,3.9,-44319.0,-0.2094476060074451,8.0,0.516,0.276,0.209,,1.5260460607146942,0.1202912137059961,-0.0003409616125111,0,0.0
7618,0,0,18,0,12.1,633,0.02,1.06,1.04,2.19,354,2,1,9.5,38.6,2025-05-11,78,0,0,0,0,0,0,0,False,12,0,0,0,1,36,0,239925,1,2,2,44.0,4,-81302,3309,84611,6.1,False,0,1,3,0.9187521934509276,82,Liverpool,Arsenal,2,2,26952,2024,726777,0.0412208847701549,0,1,1,0.9187521934509276,1.0263041257858276,0.0663310885429382,Arsenal,5,5,36,2.2,MID,0.0,0.01,0.01,0.0,0.2,1.0,0.0,0.3,1.6,1.8,0.0,16.0,0.0,0.0,0.0,0.0,0.0,0.0,0.0,2.0,1.0,1.0,0.0,0.0,0.0,0.0,0.0,0.0,0.0,0.0,0.0,0.0,0.0,2.5,0.0,0.02,0.24,0.22,0.15,0.5,0.0,3.2,14.1,10.4,7.5,36.0,0.0,0.0,0.0,0.0,0.0,0.0,0.5,3.0,0.5,2.5,0.0,1.0,0.25,0.26,0.5,0.5,0.5,0.0,0.25,0.38,0.05,5.9,0.0,0.02,0.18,0.16,0.1,0.33,0.0,2.3,9.4,7.57,6.33,29.0,0.0,0.0,0.0,0.0,0.0,0.0,0.33,2.33,0.67,2.0,0.0,1.0,0.18,0.17,0.33,0.33,0.33,0.0,0.18,0.26,0.04,3.93,0.0,0.02,0.18,0.16,0.34,0.5,0.0,2.52,10.95,6.45,8.0,44.25,0.0,0.0,0.0,0.0,0.0,0.0,0.5,2.0,0.75,2.0,0.0,1.25,0.16,0.13,0.25,0.25,0.25,0.0,0.16,0.22,0.05,4.82,0.0,0.03,0.17,0.14,0.47,0.6,0.2,3.52,17.04,6.58,11.6,53.4,0.0,0.0,0.0,0.0,0.0,0.0,0.6,1.8,1.0,3.6,0.2,1.4,0.15,0.1,0.2,0.2,0.2,0.2,0.15,0.29,0.15,5.36,-83671.0,-0.9247270245677888,4.0,0.474,0.263,0.263,,,0.2942870897495389,0.091969953164501,0,0.0
7628,0,0,5,0,1.2,610,0.01,0.01,0.0,3.21,359,2,0,0.9,4.2,2025-05-11,71,0,0,0,0,0,0,0,False,7,0,0,0,0,36,0,22008,0,2,0,4.0,2,-5,100,105,4.5,True,0,0,0,0.0,72,Tottenham,Crystal Palace,0,2,26960,2024,726645,0.0,0,0,0,0.0,0.4692958295345306,0.4692958295345306,Tottenham,3,3,36,0.8,MID,0.0,0.0,0.0,0.0,0.37,0.0,0.0,0.1,0.2,0.3,0.0,22.0,0.0,0.0,0.0,0.0,0.0,0.0,0.0,1.0,1.0,1.0,0.0,0.0,0.0,0.0,0.0,0.0,0.0,0.0,0.0,0.0,0.0,0.2,0.0,0.06,0.06,0.0,0.7,0.0,0.0,1.6,1.5,11.4,3.0,33.5,0.0,0.0,0.0,0.0,0.0,0.0,0.5,1.5,0.5,1.0,0.0,0.0,0.0,0.06,0.0,0.0,1.0,0.0,0.0,0.07,0.01,1.2,0.0,0.04,0.05,0.01,0.46,0.0,0.0,1.37,1.4,8.27,4.0,34.33,0.0,0.0,0.0,0.0,0.0,0.0,0.33,1.67,0.67,1.0,0.0,0.33,0.01,0.04,0.0,0.0,0.67,0.0,0.01,0.08,0.02,1.47,0.0,0.13,0.17,0.04,0.35,0.0,0.0,2.12,5.45,10.12,5.75,30.0,0.0,0.0,0.0,0.0,0.0,0.0,0.25,1.75,1.25,2.5,0.0,0.5,0.03,0.17,0.5,0.25,0.75,0.0,0.03,0.08,0.02,1.1,0.0,0.11,0.14,0.03,0.43,0.2,0.0,1.76,4.48,8.5,4.6,36.2,0.0,0.0,0.0,0.0,0.0,0.0,0.4,1.4,1.2,2.4,0.0,0.4,0.02,0.13,0.4,0.2,0.6,0.0,0.02,0.12,0.08,1.18,17.0,-0.024390243902439,2.0,0.359,0.263,0.378,,,0.0239017479207659,-0.0001301520511369,0,0.0
7665,0,0,10,1,23.3,89,0.05,0.17,0.12,0.4,353,0,0,3.9,7.6,2025-05-10,84,0,0,0,0,0,0,0,False,10,0,0,0,0,36,0,144163,1,1,0,8.0,3,4371,10006,5635,4.9,False,0,0,2,0.0944085866212844,87,Ipswich,Brentford,0,1,26954,2024,725764,0.1386295557022094,0,2,0,0.0944085866212844,0.352739542722702,0.1197014078497886,Brentford,3,2,36,3.7,MID,0.0,0.29,0.29,0.0,1.3,1.0,0.0,4.6,15.4,26.7,4.0,80.0,0.0,0.0,0.0,0.0,0.0,0.0,1.0,3.0,4.0,5.0,0.0,0.0,0.0,0.61,1.0,0.0,2.0,0.0,0.0,0.05,0.0,3.0,0.5,0.31,0.32,0.01,1.01,0.5,0.0,4.65,12.0,31.9,2.5,81.5,0.0,0.0,0.0,0.0,0.0,0.0,1.0,2.5,2.0,4.0,0.0,0.5,0.01,0.54,0.5,0.0,2.0,0.0,0.01,0.07,0.04,1.5,0.33,0.28,0.29,0.01,1.12,1.0,0.0,3.73,9.27,23.7,4.33,83.0,0.0,0.0,0.0,0.0,0.0,0.0,1.0,2.33,2.67,3.33,0.0,0.33,0.01,0.36,0.33,0.0,1.33,0.0,0.01,0.22,0.2,1.67,0.25,0.22,0.23,0.01,1.02,1.0,0.0,3.25,8.8,18.95,4.75,82.0,0.0,0.0,0.0,0.0,0.0,0.0,1.0,2.0,2.25,3.0,0.0,0.5,0.02,0.27,0.25,0.0,1.0,0.0,0.02,0.18,0.16,1.25,0.4,0.22,0.26,0.04,1.02,0.8,0.0,3.3,9.12,18.3,5.6,82.0,0.0,0.0,0.0,0.0,0.0,0.0,1.0,1.6,1.8,3.0,0.0,0.8,0.04,0.23,0.2,0.0,1.0,0.0,0.04,0.16,0.13,1.3,4777.0,0.2794578351767789,3.0,0.189,0.237,0.574,,,0.0629049369968979,0.0965803140113885,0,0.0
7703,0,0,11,0,22.8,70,0.03,0.06,0.03,0.98,351,1,0,4.7,13.4,2025-05-10,87,0,0,0,0,0,0,0,False,2,0,0,0,0,36,0,2001456,1,1,0,11.0,2,-28480,38423,66903,5.3,True,0,0,1,0.0222915131598711,90,Bournemouth,Aston Villa,0,1,26955,2024,725994,0.0103612141683697,0,1,0,0.0222915131598711,0.0103612141683697,0.0103612141683697,Bournemouth,3,3,36,3.5,DEF,0.0,0.13,0.13,0.0,1.42,1.0,0.0,3.1,8.2,20.9,2.0,90.0,0.0,0.0,0.0,0.0,0.0,0.0,1.0,2.0,1.0,2.0,0.0,0.0,0.0,0.37,0.0,0.0,1.0,0.0,0.0,0.42,0.42,3.5,0.0,0.12,0.12,0.0,1.97,1.0,0.0,3.55,10.4,24.1,1.0,90.0,0.0,0.0,0.0,0.0,0.0,0.0,1.0,1.5,1.0,2.0,0.0,0.0,0.0,0.24,0.0,0.0,1.0,0.0,0.0,0.26,0.26,1.75,0.33,0.11,0.11,0.0,1.44,0.67,0.0,4.63,13.27,31.13,2.0,90.0,0.0,0.0,0.0,0.0,0.0,0.0,1.0,1.0,0.67,4.0,0.0,0.0,0.0,0.21,0.0,0.0,1.67,0.0,0.0,0.24,0.22,2.5,0.5,0.09,0.09,0.0,1.34,0.5,0.0,4.2,14.35,25.63,2.0,90.0,0.0,0.0,0.0,0.0,0.0,0.0,1.0,0.75,0.75,4.5,0.0,0.0,0.0,0.16,0.0,0.0,1.25,0.0,0.0,0.36,0.34,1.88,0.4,0.07,0.07,0.0,1.21,0.8,0.0,3.76,14.68,20.96,2.0,90.0,0.0,0.0,0.0,0.0,0.0,0.0,1.0,1.0,1.0,3.8,0.0,0.0,0.0,0.13,0.0,0.0,1.0,0.0,0.0,0.29,0.27,2.0,-30750.0,-0.2703985720524847,2.0,0.394,0.263,0.344,,1.3184352173988718,0.0486543951918632,0.0867136138818356,0,0.0
7739,0,0,4,0,3.3,136,0.0,0.0,0.0,0.08,360,0,0,1.1,3.8,2025-05-10,10,0,0,0,0,0,0,0,False,20,0,0,0,0,36,0,742186,0,2,0,4.0,1,-55334,13195,68529,6.4,False,0,0,0,0.0,3,Wolverhampton Wanderers,Brighton,0,2,26961,2024,725829,0.0,0,0,0,0.0,0.0,0.0,Brighton,3,3,36,3.2,MID,0.0,0.0,0.52,0.52,0.52,1.0,1.0,7.6,38.2,0.8,37.0,28.0,0.0,0.0,0.0,0.0,0.0,0.0,0.0,2.0,3.0,6.0,1.0,1.0,0.48,0.0,0.0,0.0,0.0,1.0,0.48,0.5,0.02,0.0,0.0,0.0,0.62,0.62,0.42,1.0,1.0,6.45,33.9,1.1,29.5,26.5,0.0,0.0,0.0,0.0,0.0,0.0,0.0,2.0,3.5,6.0,1.0,2.0,0.57,0.0,0.0,0.0,0.0,1.0,0.57,0.57,0.01,1.25,0.0,0.01,0.43,0.42,0.43,1.33,0.67,5.17,23.47,6.43,21.67,38.33,0.0,0.0,0.0,0.0,0.0,0.0,0.33,1.67,3.0,4.67,0.67,1.67,0.39,0.03,0.0,0.0,0.33,0.67,0.39,0.4,0.01,1.4,0.0,0.01,0.39,0.38,0.63,1.75,0.5,5.72,21.95,8.9,26.25,51.25,0.0,0.0,0.0,0.0,0.0,0.0,0.5,2.0,2.25,4.0,0.5,1.75,0.32,0.03,0.0,0.0,0.5,0.5,0.32,0.34,0.03,1.48,0.0,0.03,0.41,0.38,0.85,1.8,0.4,5.82,19.32,10.12,28.6,57.4,0.0,0.0,0.0,0.0,0.2,0.0,0.6,2.0,2.2,3.4,0.4,1.8,0.33,0.04,0.0,0.0,0.6,0.4,0.33,0.48,0.14,1.72,-163459.0,-0.6770838431794821,1.0,0.351,0.271,0.379,,,0.0078988531535157,0.0001984480906591,0,0.0
7777,0,0,7,0,30.4,328,0.39,0.39,0.0,2.31,354,2,0,5.4,4.0,2025-05-11,90,0,0,0,0,0,0,0,False,1,0,0,0,0,36,0,7844933,1,2,2,20.0,2,-273562,14395,287957,13.7,True,0,0,0,0.0,90,Liverpool,Arsenal,2,2,26952,2024,726761,0.5089592933654785,0,2,0,0.0,1.4524140357971191,0.9798427820205688,Liverpool,5,5,36,3.8,MID,0.0,0.31,0.4,0.09,3.13,3.0,0.0,5.0,5.8,28.4,16.0,90.0,0.0,0.0,0.0,0.0,0.0,0.0,1.0,1.0,3.0,2.0,0.0,1.0,0.25,0.38,0.0,0.0,2.0,0.0,0.25,0.63,0.0,5.8,0.0,0.32,0.47,0.15,1.8,2.0,0.5,9.8,24.7,43.4,30.0,90.0,0.0,0.0,0.0,0.0,0.0,0.0,1.0,1.0,4.0,5.0,0.5,2.5,0.29,0.56,0.0,0.0,3.5,0.5,0.29,1.16,0.4,2.9,0.33,0.23,0.7,0.46,1.29,1.33,0.33,9.43,17.4,36.63,40.33,90.0,0.0,0.0,0.0,0.0,0.0,0.0,1.0,1.0,2.67,4.33,0.33,4.0,0.85,0.55,0.0,0.0,3.33,0.33,0.85,1.73,0.62,3.6,0.5,0.24,0.61,0.37,1.31,1.0,0.25,8.9,17.95,36.75,34.25,88.5,0.0,0.0,0.0,0.0,0.0,0.0,1.0,1.0,2.5,4.75,0.25,3.25,0.65,0.61,0.25,0.25,3.25,0.25,0.65,1.5,0.54,2.7,0.4,0.22,0.6,0.38,1.2,1.4,0.2,8.04,15.72,35.54,29.0,88.8,0.0,0.0,0.0,0.0,0.0,0.0,1.0,1.2,2.6,4.2,0.2,2.8,0.57,0.51,0.2,0.2,3.0,0.2,0.57,1.3,0.46,2.86,-290575.0,-0.904779859236916,2.0,0.474,0.263,0.263,,,0.1396155783889756,0.1490473861732095,0,0.0
7809,1,0,11,1,14.2,525,0.02,0.15,0.13,0.73,355,0,0,4.2,11.6,2025-05-11,72,0,0,0,0,0,0,0,False,14,0,0,0,0,36,0,277354,1,2,0,16.0,6,-3977,3171,7148,6.2,False,0,0,3,0.1543157696723938,75,Manchester United,West Ham,0,2,26956,2024,726596,0.9126979112625122,1,1,0,0.1543157696723938,1.0670136213302612,0.0582604184746742,West Ham,2,3,36,4.2,MID,0.0,0.11,0.15,0.04,0.77,1.0,0.0,5.3,13.4,33.4,6.0,90.0,0.0,0.0,0.0,0.0,1.0,0.0,1.0,1.0,1.0,1.0,0.0,1.0,0.03,0.07,0.0,0.0,2.0,0.0,0.03,0.5,0.4,3.2,0.0,0.07,0.24,0.17,1.04,2.0,0.5,6.9,27.6,17.95,23.5,90.0,0.0,0.0,0.0,0.0,0.5,0.0,1.0,1.5,2.0,4.0,0.5,1.5,0.09,0.03,0.0,0.0,1.0,0.5,0.09,0.44,0.32,1.6,0.33,0.11,0.28,0.17,0.82,1.33,0.33,5.9,19.27,17.4,22.33,84.67,0.0,0.0,0.0,0.0,0.33,0.0,1.0,1.33,1.67,3.67,0.33,1.67,0.12,0.06,0.0,0.0,1.0,0.33,0.12,0.46,0.28,1.97,0.25,0.09,0.26,0.17,1.06,1.5,0.25,5.98,17.15,14.32,28.25,86.0,0.0,0.0,0.0,0.0,0.25,0.0,1.0,1.25,1.75,3.25,0.25,2.25,0.13,0.04,0.0,0.0,0.75,0.25,0.13,0.47,0.29,1.48,0.2,0.1,0.24,0.14,1.25,1.6,0.2,6.14,18.28,19.78,23.4,85.4,0.0,0.0,0.0,0.0,0.4,0.0,1.0,1.4,1.8,3.4,0.2,1.8,0.11,0.06,0.2,0.2,1.2,0.2,0.11,0.4,0.24,1.4,-4283.0,-0.3854055625545111,6.0,0.499,0.264,0.237,,,0.0908070096808175,0.0559245291918064,1,0.0
7847,0,0,19,0,16.7,157,0.03,0.06,0.03,1.57,356,2,0,3.5,17.4,2025-05-11,90,0,0,0,0,0,0,0,False,15,0,0,0,0,36,0,112701,1,0,2,1.0,2,676,1835,1159,4.9,False,0,0,1,0.0173016712069511,90,Newcastle United,Chelsea,2,0,26957,2024,726464,0.0150680150836706,0,1,0,0.0173016712069511,0.0879840776324272,0.0729160606861114,Chelsea,3,4,36,2.5,MID,0.0,0.02,0.02,0.0,1.05,1.0,0.0,4.9,25.6,12.9,10.0,90.0,0.0,0.0,0.0,0.0,0.0,0.0,1.0,1.0,3.0,6.0,0.0,0.0,0.0,0.08,1.0,0.0,1.0,0.0,0.0,0.66,0.66,2.0,0.5,0.02,0.04,0.02,0.75,0.5,0.0,3.4,20.0,8.35,5.5,90.0,0.0,0.0,0.0,0.0,0.0,0.0,1.0,0.5,2.0,4.5,0.0,0.5,0.02,0.04,0.5,0.0,0.5,0.0,0.02,0.38,0.37,1.0,0.33,0.03,0.04,0.01,0.58,0.67,0.0,3.0,16.07,10.2,3.67,90.0,0.0,0.0,0.0,0.0,0.33,0.0,1.0,1.0,1.67,3.33,0.0,0.33,0.01,0.03,0.33,0.0,0.67,0.0,0.01,0.29,0.28,1.4,0.25,0.05,0.08,0.03,0.7,1.0,0.0,3.15,15.75,11.8,4.0,90.0,0.0,0.0,0.0,0.0,0.25,0.0,1.0,1.25,1.75,3.0,0.0,1.0,0.03,0.13,0.25,0.0,0.75,0.0,0.03,0.51,0.38,1.05,0.4,0.06,0.08,0.03,0.8,0.8,0.0,3.82,17.48,17.1,3.6,90.0,0.0,0.0,0.0,0.0,0.2,0.0,1.0,1.0,1.4,3.0,0.0,0.8,0.02,0.13,0.2,0.0,1.2,0.0,0.02,0.47,0.35,1.48,957.0,0.2257849031396125,2.0,0.447,0.25,0.303,,,0.0250509029661101,0.0562541700959697,1,1.0
7881,1,3,43,0,30.8,433,0.13,0.41,0.28,1.07,357,2,1,12.3,54.0,2025-05-11,90,0,0,0,0,0,0,0,False,11,0,0,0,0,36,0,753571,1,2,2,38.0,13,71098,96644,25546,6.4,True,0,1,5,0.6204525232315063,90,Nottingham Forest,Leicester,2,2,26958,2024,726611,0.2996249496936798,1,2,1,0.6204525232315063,0.5191935300827026,0.201438620686531,Nottingham Forest,1,4,36,5.0,MID,0.0,0.03,0.03,0.0,2.56,1.0,0.0,4.2,11.0,31.3,0.0,90.0,0.0,0.0,0.0,0.0,1.0,0.0,1.0,1.0,1.0,1.0,0.0,0.0,0.0,0.05,0.0,0.0,2.0,0.0,0.0,0.26,0.24,1.7,0.0,0.03,0.07,0.04,2.06,1.5,0.0,4.15,9.3,27.8,4.5,82.0,0.0,0.0,0.0,0.0,1.0,0.0,1.0,1.5,0.5,1.0,0.0,0.5,0.04,0.07,0.0,0.0,2.0,0.0,0.04,0.24,0.15,0.85,0.0,0.02,0.16,0.14,2.08,1.33,0.0,3.4,8.73,19.8,5.67,84.67,0.0,0.0,0.0,0.0,1.0,0.0,1.0,1.67,0.67,1.0,0.0,1.0,0.08,0.04,0.0,0.0,1.33,0.0,0.08,0.22,0.1,1.4,0.0,0.02,0.14,0.13,1.9,1.25,0.0,3.3,7.6,16.55,9.0,86.0,0.0,0.0,0.0,0.0,0.75,0.0,1.0,1.5,0.5,1.25,0.0,1.5,0.08,0.03,0.0,0.0,1.0,0.0,0.08,0.2,0.11,1.05,0.0,0.03,0.18,0.15,2.13,1.4,0.0,3.54,7.12,19.68,8.8,86.8,0.0,0.0,0.0,0.0,0.6,0.0,1.0,1.4,0.8,1.4,0.0,1.8,0.09,0.04,0.0,0.0,1.2,0.0,0.09,0.27,0.17,1.6,75968.0,0.5818643096816434,10.0,0.704,0.178,0.117,,,0.3857629086725198,0.1867162176248575,0,0.0
7918,1,0,20,1,14.5,54,0.28,0.28,0.0,0.26,351,0,0,4.4,27.2,2025-05-10,88,0,0,0,0,0,0,0,False,3,0,0,0,0,36,0,2806591,1,1,0,2.0,6,-43585,71650,115235,5.7,False,0,0,0,0.0,90,Bournemouth,Aston Villa,0,1,26955,2024,726013,0.5449903607368469,1,1,0,0.0,0.8932634592056274,0.3482730984687805,Aston Villa,3,3,36,4.0,MID,1.0,0.71,0.79,0.08,0.85,0.0,0.0,6.4,14.6,43.8,6.0,90.0,0.0,0.0,0.0,0.0,0.0,0.0,1.0,0.0,1.0,3.0,0.0,1.0,0.05,0.78,0.0,0.0,3.0,0.0,0.05,0.86,0.6,4.0,0.5,0.41,0.45,0.04,0.88,0.5,0.0,4.5,10.8,29.45,5.0,87.5,0.0,0.0,0.0,0.0,0.5,0.0,1.0,0.5,1.5,2.0,0.0,0.5,0.02,0.54,0.0,0.0,2.0,0.0,0.02,0.58,0.3,7.9,0.33,0.32,0.45,0.13,0.92,0.67,0.0,6.77,20.2,28.27,19.33,85.33,0.0,0.0,0.0,0.0,0.33,0.0,1.0,0.67,2.33,3.33,0.0,1.67,0.27,0.41,0.33,0.33,2.0,0.0,0.27,0.79,0.29,9.2,0.5,0.26,0.36,0.1,0.75,0.5,0.0,6.55,20.5,25.52,19.5,85.0,0.0,0.0,0.0,0.0,0.25,0.0,1.0,1.25,1.75,4.0,0.0,1.25,0.2,0.38,0.5,0.5,1.75,0.0,0.2,0.7,0.32,6.9,0.4,0.23,0.51,0.28,0.9,0.6,0.2,7.48,24.88,25.0,25.0,86.0,0.0,0.0,0.0,0.0,0.2,0.0,1.0,1.2,1.8,5.0,0.2,1.6,0.29,0.33,0.4,0.4,1.8,0.2,0.29,0.71,0.26,7.32,-56553.0,-0.2332182893223105,6.0,0.394,0.263,0.344,,,0.0067168371332888,0.1193991306133597,1,1.0
7984,0,0,15,0,3.3,597,0.02,0.02,0.0,2.56,354,2,0,0.7,3.8,2025-05-11,90,0,0,0,0,0,0,0,False,12,0,0,0,0,36,0,43352,1,2,2,0.0,1,-154,3290,3444,4.5,False,1,0,0,0.0,90,Liverpool,Arsenal,2,2,26952,2024,726774,0.0,0,0,0,0.0,0.9230507612228394,0.9230507612228394,Arsenal,5,5,36,1.5,MID,0.0,0.03,0.03,0.0,0.97,2.0,0.0,2.9,15.4,14.0,0.0,90.0,0.0,0.0,0.0,0.0,0.0,0.0,1.0,2.0,1.0,2.0,0.0,0.0,0.0,0.08,0.0,0.0,1.0,0.0,0.0,0.26,0.26,2.5,0.0,0.04,0.04,0.0,1.31,2.0,0.0,2.85,11.8,16.1,1.0,87.5,0.0,0.0,0.0,0.0,0.0,0.0,1.0,2.0,1.5,2.0,0.0,0.0,0.0,0.07,0.0,0.0,1.0,0.0,0.0,0.16,0.13,4.1,0.0,0.03,0.06,0.03,0.9,1.33,0.0,2.23,8.6,11.7,2.33,69.33,0.0,0.0,0.0,0.0,0.0,0.0,0.67,2.67,1.0,1.67,0.0,0.33,0.03,0.05,0.0,0.0,0.67,0.0,0.03,0.18,0.12,4.63,0.0,0.03,0.05,0.02,0.7,1.25,0.0,1.78,7.05,9.22,1.75,59.0,0.0,0.0,0.0,0.0,0.0,0.0,0.5,2.25,1.0,1.5,0.0,0.25,0.03,0.04,0.0,0.0,0.5,0.0,0.03,0.15,0.11,3.47,0.0,0.03,0.04,0.02,0.78,1.2,0.0,1.78,6.4,9.72,1.8,62.0,0.0,0.0,0.0,0.0,0.0,0.0,0.6,2.0,1.0,1.6,0.0,0.2,0.02,0.04,0.0,0.0,0.6,0.0,0.02,0.2,0.16,3.34,-7.0,-0.0228690228690228,1.0,0.474,0.263,0.263,,,6.310593501357431e-05,-0.0004558411474719,1,0.0
8050,0,2,27,1,1.4,88,0.01,0.01,0.0,0.93,353,0,0,2.0,17.0,2025-05-10,90,0,0,0,0,0,0,0,False,10,0,0,0,0,36,0,495077,1,1,0,2.0,8,95659,107517,11858,4.6,False,0,0,0,0.0,90,Ipswich,Brentford,0,1,26954,2024,725758,0.0,0,0,0,0.0,0.0,0.0,Brentford,3,2,36,5.5,DEF,0.0,0.01,0.01,0.0,1.56,3.0,0.0,2.7,23.6,1.2,2.0,90.0,0.0,0.0,0.0,0.0,0.0,0.0,1.0,3.0,4.0,1.0,0.0,0.0,0.0,0.0,0.0,0.0,0.0,0.0,0.0,1.2,1.2,4.5,0.5,0.12,0.12,0.0,1.27,1.5,0.0,4.5,33.5,7.35,4.0,90.0,0.0,0.0,0.0,0.0,0.0,0.0,1.0,2.5,2.0,6.0,0.0,0.5,0.01,0.21,0.5,0.5,0.5,0.0,0.01,0.86,0.65,2.25,0.33,0.08,0.13,0.05,1.32,1.67,0.0,5.27,28.27,8.5,15.67,90.0,0.0,0.0,0.0,0.0,0.33,0.0,1.0,2.33,2.67,4.0,0.0,0.67,0.14,0.16,0.33,0.33,0.67,0.0,0.14,0.78,0.64,2.67,0.25,0.08,0.12,0.04,1.23,1.5,0.0,5.1,29.3,9.2,12.25,90.0,0.0,0.0,0.0,0.0,0.25,0.0,1.0,2.0,2.25,4.5,0.0,0.5,0.1,0.24,0.5,0.5,0.75,0.0,0.1,0.59,0.48,2.0,0.4,0.07,0.1,0.03,1.23,1.2,0.0,4.58,28.0,7.42,10.2,90.0,0.0,0.0,0.0,0.0,0.2,0.0,1.0,1.6,1.8,5.0,0.0,0.4,0.08,0.19,0.4,0.4,0.6,0.0,0.08,0.47,0.39,2.16,106138.0,0.8013319371727748,6.0,0.189,0.237,0.574,,1.21832839906229,0.0007218605854655,0.0001053476190582,0,1.0
8119,0,0,6,0,13.3,437,0.03,0.03,0.0,1.07,357,2,0,3.2,14.4,2025-05-11,90,0,0,0,0,0,0,0,False,11,0,0,0,0,36,0,494802,1,2,2,4.0,1,73658,79864,6206,4.5,True,0,0,0,0.0,90,Nottingham Forest,Leicester,2,2,26958,2024,726607,0.0600813329219818,0,1,0,0.0,0.0782112851738929,0.018129950389266,Nottingham Forest,1,4,36,3.0,DEF,0.0,0.19,0.3,0.11,2.56,1.0,0.0,7.9,41.4,19.2,18.0,90.0,0.0,0.0,0.0,0.0,1.0,0.0,1.0,1.0,1.0,5.0,0.0,4.0,0.11,0.08,1.0,1.0,1.0,0.0,0.11,0.2,0.11,2.7,0.0,0.11,0.18,0.06,2.1,1.5,0.0,5.7,29.1,16.2,11.5,90.0,0.0,0.0,0.0,0.0,1.0,0.0,1.0,1.5,0.5,2.5,0.0,2.5,0.06,0.05,0.5,0.5,1.0,0.0,0.06,0.2,0.15,1.35,0.0,0.08,0.12,0.04,2.12,1.33,0.0,4.77,28.73,11.1,7.67,90.0,0.0,0.0,0.0,0.0,0.67,0.0,1.0,1.67,0.67,2.33,0.0,1.67,0.04,0.03,0.33,0.33,0.67,0.0,0.04,0.13,0.1,2.13,0.0,0.06,0.1,0.04,1.93,1.25,0.0,4.2,27.2,8.5,6.25,90.0,0.0,0.0,0.0,0.0,0.5,0.0,1.0,1.5,0.5,2.25,0.0,1.5,0.04,0.02,0.25,0.25,0.5,0.0,0.04,0.12,0.09,1.6,0.0,0.11,0.2,0.09,2.15,1.4,0.0,5.2,27.64,17.12,7.2,90.0,0.0,0.0,0.0,0.0,0.4,0.0,1.0,1.4,0.8,2.6,0.0,1.8,0.06,0.07,0.4,0.4,1.2,0.0,0.06,0.18,0.12,2.04,78853.0,0.8557917973742303,1.0,0.704,0.178,0.117,,0.8276068762263995,0.0141220091313998,0.0527944336588515,0,0.0
8147,0,0,27,1,0.0,413,0.0,0.0,0.0,0.69,356,0,0,2.3,22.6,2025-05-11,90,0,0,0,0,0,0,0,False,6,0,0,0,0,36,3,686779,1,0,2,0.0,7,-22822,5753,28575,5.0,True,0,0,0,0.0,90,Newcastle United,Chelsea,2,0,26957,2024,726448,0.0,0,0,0,0.0,0.0,0.0,Newcastle United,3,4,36,6.3,GK,0.0,0.0,0.0,0.0,0.69,1.0,0.0,1.1,11.2,0.0,0.0,90.0,0.0,0.0,0.0,0.0,0.0,1.0,1.0,1.0,1.0,2.0,0.0,0.0,0.0,0.0,0.0,0.0,0.0,0.0,0.0,0.0,0.0,5.5,0.5,0.0,0.0,0.0,0.4,0.5,0.0,1.25,7.5,5.0,0.0,90.0,0.0,0.0,0.0,0.0,0.0,0.5,1.0,0.5,2.0,4.0,0.0,0.0,0.0,0.04,0.0,0.0,0.5,0.0,0.0,0.04,0.0,2.75,0.33,0.0,0.0,0.0,1.02,1.67,0.0,2.43,21.13,3.33,0.0,90.0,0.0,0.0,0.0,0.0,0.0,2.33,1.0,0.67,2.67,3.33,0.0,0.0,0.0,0.03,0.0,0.0,0.33,0.0,0.0,0.03,0.0,3.67,0.5,0.0,0.0,0.0,1.26,1.25,0.0,2.78,25.4,2.5,0.0,90.0,0.0,0.0,0.25,0.0,0.0,2.5,1.0,0.5,3.25,5.5,0.0,0.0,0.0,0.02,0.0,0.0,0.25,0.0,0.0,0.04,0.02,2.75,0.4,0.0,0.0,0.0,1.15,1.2,0.0,2.72,25.32,2.0,0.0,90.0,0.0,0.0,0.2,0.0,0.0,2.8,1.0,0.6,3.4,5.0,0.0,0.0,0.0,0.02,0.0,0.0,0.2,0.0,0.0,0.03,0.02,2.2,-24706.0,-0.6648217198788161,7.0,0.447,0.25,0.303,3.2909782968371326,1.1396074114291015,,,0,0.0
8165,0,0,-1,0,0.1,589,0.0,0.0,0.0,1.55,355,0,0,0.0,0.2,2025-05-11,17,0,0,0,0,0,0,0,False,14,0,0,0,0,36,0,93044,0,2,0,0.0,1,-1712,567,2279,6.7,False,0,0,0,0.0,15,Manchester United,West Ham,0,2,26956,2024,726598,0.0,0,0,0,0.0,0.0,0.0,West Ham,2,3,36,2.2,FWD,0.0,0.04,0.11,0.07,0.77,1.0,0.0,0.8,0.0,4.3,8.0,79.0,0.0,0.0,0.0,0.0,0.0,0.0,1.0,1.0,1.0,2.0,0.0,1.0,0.05,0.0,0.0,0.0,0.0,0.0,0.05,0.47,0.42,2.2,0.0,0.02,0.06,0.04,0.9,1.5,0.0,0.5,0.8,2.25,4.0,62.0,0.0,0.0,0.0,0.0,0.0,0.0,0.5,1.5,2.0,1.5,0.0,0.5,0.02,0.0,0.0,0.0,0.0,0.0,0.02,0.24,0.21,1.1,0.33,0.04,0.1,0.06,0.73,1.0,0.0,3.67,10.2,15.4,12.33,67.67,0.0,0.0,0.0,0.0,0.0,0.0,0.67,1.33,1.67,2.67,0.0,0.67,0.05,0.12,0.33,0.33,1.33,0.0,0.05,0.33,0.15,1.97,0.25,0.03,0.1,0.08,0.64,1.0,0.0,2.78,7.65,11.55,10.25,53.75,0.0,0.0,0.0,0.0,0.0,0.0,0.5,1.25,1.75,2.25,0.0,0.75,0.05,0.09,0.25,0.25,1.0,0.0,0.05,0.26,0.11,1.48,0.2,0.02,0.11,0.09,0.71,1.0,0.2,3.64,14.44,11.7,11.6,50.2,0.0,0.0,0.0,0.0,0.0,0.0,0.4,1.4,1.8,3.2,0.2,0.8,0.12,0.1,0.2,0.2,1.0,0.2,0.12,0.25,0.11,1.54,-1622.0,-0.6015460295151089,1.0,0.499,0.264,0.237,,,-0.0081983166165287,0.0008823228921186,0,
8197,0,0,-9,0,1.3,180,0.0,0.0,0.0,1.0,356,2,0,0.0,0.0,2025-05-11,35,0,0,0,0,0,0,0,False,15,0,0,0,1,36,0,763000,1,0,2,4.0,-2,-4867,10600,15467,7.7,False,0,0,0,0.0,35,Newcastle United,Chelsea,2,0,26957,2024,726473,0.0,0,0,0,0.0,0.0,0.0,Chelsea,3,4,36,2.0,FWD,1.0,0.01,0.13,0.12,0.8,0.0,0.0,4.8,10.4,1.7,36.0,71.0,0.0,0.0,0.0,0.0,0.0,0.0,1.0,1.0,3.0,2.0,0.0,2.0,0.13,0.0,0.0,0.0,0.0,0.0,0.13,0.13,0.0,2.2,1.0,0.02,0.12,0.1,0.62,0.0,0.5,4.95,21.7,4.5,23.5,80.5,0.0,0.0,0.0,0.0,0.0,0.0,1.0,0.5,2.0,5.0,0.5,1.5,0.08,0.0,0.0,0.0,0.0,0.5,0.08,0.1,0.01,1.1,0.67,0.07,0.16,0.09,0.47,0.33,0.33,4.03,14.47,7.27,19.33,79.33,0.0,0.0,0.0,0.0,0.0,0.0,1.0,1.0,1.67,4.0,0.33,1.33,0.07,0.04,0.0,0.0,0.33,0.33,0.07,0.1,0.01,1.13,0.5,0.06,0.22,0.16,0.61,0.75,0.25,3.42,10.85,5.78,21.0,81.0,0.0,0.0,0.0,0.0,0.25,0.0,1.0,1.25,1.75,3.25,0.25,2.25,0.21,0.03,0.0,0.0,0.25,0.25,0.21,0.25,0.03,0.85,0.4,0.05,0.22,0.17,0.62,0.6,0.2,3.48,8.92,9.12,19.4,73.8,0.0,0.0,0.0,0.0,0.2,0.0,0.8,1.0,1.4,2.8,0.2,2.2,0.2,0.03,0.0,0.0,0.6,0.2,0.2,0.26,0.05,0.92,-4435.0,-0.1867111673763762,-2.0,0.447,0.25,0.303,,,0.056758650087523,6.746065928098233e-10,0,
8229,0,0,11,0,4.7,431,0.04,0.22,0.18,0.68,357,1,0,5.6,12.8,2025-05-11,73,0,0,0,0,0,0,0,False,11,0,0,0,0,36,0,4556,1,2,2,38.0,2,78,169,91,4.8,True,0,0,2,0.1116760224103927,76,Nottingham Forest,Leicester,2,2,26958,2024,726612,0.0,0,0,0,0.1116760224103927,0.1116760224103927,0.0600813329219818,Nottingham Forest,1,4,36,3.0,MID,0.0,0.15,0.15,0.0,1.94,1.0,0.0,1.2,4.6,5.3,2.0,65.0,0.0,0.0,0.0,0.0,1.0,0.0,1.0,1.0,1.0,1.0,0.0,0.0,0.0,0.0,0.0,0.0,0.0,0.0,0.0,0.23,0.23,2.7,0.0,0.1,0.1,0.0,1.27,1.0,0.0,1.35,5.7,5.7,2.0,55.0,0.0,0.0,0.0,0.0,0.5,0.0,0.5,1.5,0.5,1.0,0.0,0.0,0.0,0.0,0.0,0.0,0.0,0.0,0.0,0.15,0.15,1.35,0.0,0.06,0.06,0.0,1.31,0.67,0.0,2.27,13.2,7.3,2.0,55.67,0.0,0.0,0.0,0.0,0.33,0.0,0.67,1.67,0.67,2.0,0.0,0.0,0.0,0.01,0.33,0.33,0.33,0.0,0.0,0.1,0.1,1.9,0.25,0.05,0.06,0.0,1.15,0.5,0.0,2.5,14.3,8.68,2.0,60.25,0.0,0.0,0.0,0.0,0.25,0.0,0.75,1.5,0.5,2.25,0.0,0.25,0.01,0.01,0.25,0.25,0.5,0.0,0.01,0.12,0.12,1.42,0.2,0.05,0.07,0.02,1.37,0.8,0.0,2.98,14.76,9.4,5.6,62.8,0.0,0.0,0.0,0.0,0.2,0.0,0.8,1.4,0.8,2.2,0.0,0.6,0.03,0.03,0.2,0.2,0.6,0.0,0.03,0.17,0.13,1.58,90.0,0.3,2.0,0.704,0.178,0.117,,,0.2070861687353393,-8.663080322324213e-05,1,0.0
8266,0,0,5,0,0.7,573,0.0,0.0,0.0,1.07,357,2,0,1.1,10.4,2025-05-11,90,0,0,0,0,0,0,0,False,11,0,0,0,0,36,0,2144764,1,2,2,0.0,1,99996,140160,40164,5.2,True,0,0,0,0.0,90,Nottingham Forest,Leicester,2,2,26958,2024,726605,0.0,0,0,0,0.0,0.0858664363622665,0.0858664363622665,Nottingham Forest,1,4,36,2.5,DEF,0.0,0.0,0.0,0.0,2.56,1.0,0.0,2.7,26.4,0.1,0.0,90.0,0.0,0.0,0.0,0.0,0.0,0.0,1.0,1.0,1.0,2.0,0.0,0.0,0.0,0.0,0.0,0.0,0.0,0.0,0.0,0.0,0.0,2.3,0.0,0.0,0.0,0.0,2.1,1.5,0.0,2.9,22.4,5.35,1.0,90.0,0.0,0.0,0.0,0.0,0.0,0.0,1.0,1.5,0.5,1.5,0.0,0.0,0.0,0.07,0.0,0.0,0.5,0.0,0.0,0.0,0.0,1.15,0.0,0.0,0.0,0.0,2.12,1.33,0.0,2.8,23.4,3.63,0.67,90.0,0.0,0.0,0.0,0.0,0.0,0.0,1.0,1.67,0.67,1.67,0.0,0.0,0.0,0.05,0.0,0.0,0.33,0.0,0.0,0.0,0.0,1.87,0.0,0.0,0.0,0.0,1.93,1.25,0.0,2.65,22.3,3.08,1.0,90.0,0.0,0.0,0.0,0.0,0.0,0.0,1.0,1.5,0.5,1.75,0.0,0.0,0.0,0.04,0.0,0.0,0.25,0.0,0.0,0.02,0.02,1.4,0.0,0.0,0.0,0.0,2.15,1.4,0.0,2.44,21.0,2.5,0.8,90.0,0.0,0.0,0.0,0.0,0.0,0.0,1.0,1.4,0.8,1.6,0.0,0.0,0.0,0.03,0.0,0.0,0.2,0.0,0.0,0.06,0.06,2.42,107491.0,0.5545351700272843,1.0,0.704,0.178,0.117,,0.726538713460888,3.9846503874230166e-10,8.635376348475887e-05,0,0.0
8298,0,0,2,0,12.0,177,0.15,0.15,0.0,1.48,356,1,0,1.6,0.0,2025-05-11,45,0,0,0,0,0,0,0,False,15,0,0,0,0,36,0,361153,1,0,2,4.0,1,647,3133,2486,6.0,False,0,0,0,0.0,52,Newcastle United,Chelsea,2,0,26957,2024,726472,0.1173250675201416,0,1,0,0.0,0.1173250675201416,0.0,Chelsea,3,4,36,1.3,MID,0.0,0.09,0.95,0.86,1.05,1.0,0.0,6.5,8.0,25.0,32.0,90.0,0.0,0.0,0.0,0.0,0.0,0.0,1.0,1.0,3.0,2.0,0.0,4.0,1.15,0.14,0.0,0.0,2.0,0.0,1.15,1.72,0.43,1.8,0.5,0.05,0.64,0.6,0.67,0.5,0.0,7.95,14.0,14.25,51.0,83.5,0.0,0.0,0.0,0.0,0.0,0.0,1.0,0.5,2.0,2.5,0.0,4.0,0.68,0.07,0.0,0.0,1.0,0.0,0.68,0.94,0.22,0.9,0.33,0.07,0.47,0.4,0.47,0.67,0.0,5.87,11.07,11.53,36.0,70.67,0.0,0.0,0.0,0.0,0.0,0.0,1.0,1.0,1.67,2.0,0.0,2.67,0.45,0.05,0.0,0.0,0.67,0.0,0.45,0.63,0.14,1.27,0.25,0.09,0.45,0.36,0.58,1.0,0.0,6.87,11.0,20.62,37.0,69.75,0.0,0.0,0.0,0.0,0.0,0.0,1.0,1.25,1.75,2.75,0.0,3.0,0.41,0.13,0.25,0.0,1.5,0.0,0.41,0.78,0.35,0.95,0.2,0.07,0.38,0.3,0.57,0.8,0.0,5.96,9.16,16.96,33.4,67.4,0.0,0.0,0.0,0.0,0.0,0.0,1.0,1.0,1.4,2.4,0.0,2.6,0.34,0.11,0.2,0.0,1.2,0.0,0.34,0.63,0.28,1.0,842.0,0.1151450436020644,1.0,0.447,0.25,0.303,,,0.0439578368041382,0.0655371938668325,0,0.0
8328,0,2,34,0,11.8,218,0.05,0.51,0.46,0.66,352,1,1,11.0,40.4,2025-05-10,90,0,0,0,0,0,0,0,False,9,0,0,0,0,36,0,351153,1,3,1,58.0,8,-17541,19383,36924,4.8,False,0,1,3,0.4149823486804962,90,Fulham,Everton,1,3,26953,2024,725735,0.1144454702734947,0,1,1,0.4149823486804962,0.1751876175403595,0.0,Everton,3,3,36,4.2,FWD,0.0,0.02,0.47,0.45,0.56,1.0,1.0,10.0,32.2,1.6,66.0,76.0,0.0,0.0,0.0,0.0,0.0,0.0,1.0,2.0,2.0,6.0,1.0,5.0,0.71,0.0,0.0,0.0,0.0,1.0,0.71,0.42,0.0,3.0,0.0,0.01,0.25,0.24,0.5,1.0,0.5,5.4,16.1,1.05,37.5,69.5,0.0,0.0,0.0,0.0,0.0,0.0,1.0,1.0,1.5,4.0,0.5,3.0,0.37,0.0,0.0,0.0,0.0,0.5,0.37,0.23,0.0,1.5,0.0,0.02,0.19,0.17,0.94,1.33,0.33,4.03,12.07,2.03,26.67,55.33,0.0,0.0,0.0,0.0,0.0,0.0,0.67,1.33,1.0,3.0,0.33,2.33,0.26,0.0,0.0,0.0,0.0,0.33,0.26,0.17,0.0,1.23,0.0,0.02,0.15,0.13,0.71,1.0,0.25,3.48,9.6,4.43,21.0,48.0,0.0,0.0,0.0,0.0,0.0,0.0,0.5,1.25,0.75,2.5,0.25,1.75,0.2,0.02,0.0,0.0,0.25,0.25,0.2,0.14,0.0,0.92,0.0,0.02,0.12,0.1,0.82,1.0,0.2,3.2,8.12,3.6,20.4,51.2,0.0,0.0,0.0,0.0,0.0,0.0,0.6,1.2,0.8,2.4,0.2,1.4,0.16,0.01,0.0,0.0,0.2,0.2,0.16,0.11,0.0,0.98,-18960.0,-0.3115243220203527,6.0,0.516,0.276,0.209,,,0.8422369746276357,0.101242597358389,0,
8367,0,0,8,0,7.9,594,0.03,0.03,0.0,1.56,355,2,0,3.7,26.6,2025-05-11,90,0,0,0,0,0,0,0,False,19,0,0,0,0,36,0,870100,1,2,0,2.0,1,-13032,8254,21286,4.2,True,0,0,0,0.0,90,Manchester United,West Ham,0,2,26956,2024,726573,0.0,0,0,0,0.0,0.3082541823387146,0.3082541823387146,Manchester United,2,3,36,1.2,DEF,0.0,0.02,0.09,0.07,0.53,1.0,0.0,3.8,17.4,15.6,5.0,74.0,0.0,0.0,0.0,0.0,0.0,0.0,1.0,1.0,1.0,2.0,0.0,1.0,0.04,0.04,0.0,0.0,1.0,0.0,0.04,0.04,0.0,0.0,0.0,0.03,0.06,0.04,0.39,1.0,0.0,3.6,18.5,14.95,2.5,82.0,0.0,0.0,0.0,0.0,0.0,0.0,1.0,1.0,0.5,2.0,0.0,0.5,0.02,0.03,0.0,0.0,1.0,0.0,0.02,0.16,0.14,1.4,0.0,0.02,0.05,0.02,0.98,2.0,0.0,2.73,15.07,10.43,1.67,80.33,0.0,0.0,0.0,0.0,0.0,0.0,1.0,1.0,1.67,1.33,0.0,0.33,0.01,0.02,0.0,0.0,0.67,0.0,0.01,0.11,0.09,0.93,0.25,0.02,0.04,0.02,0.86,1.5,0.0,2.58,15.85,8.2,1.5,82.75,0.0,0.0,0.0,0.0,0.0,0.0,1.0,0.75,1.25,2.75,0.0,0.5,0.01,0.02,0.0,0.0,0.5,0.0,0.01,0.14,0.13,1.82,0.2,0.03,0.04,0.02,0.78,1.4,0.0,3.08,18.48,10.52,1.6,84.2,0.0,0.0,0.0,0.0,0.0,0.0,1.0,0.6,1.2,2.6,0.0,0.4,0.01,0.03,0.0,0.0,0.6,0.0,0.01,0.2,0.19,2.02,-18131.0,-0.4411645226811103,1.0,0.499,0.264,0.237,,1.2367508453729728,0.0014612920104295,0.0002270710370346,0,0.0
8401,0,0,5,0,30.2,559,0.19,0.19,0.0,1.57,360,2,0,4.9,14.6,2025-05-10,90,0,0,0,0,0,0,0,False,5,0,0,0,0,36,0,74424,1,2,0,4.0,1,2510,6088,3578,4.5,True,0,0,0,0.0,90,Wolverhampton Wanderers,Brighton,0,2,26961,2024,725805,0.0563838891685009,0,2,0,0.0,0.0563838891685009,0.0,Wolverhampton Wanderers,3,3,36,3.8,DEF,0.0,0.0,0.08,0.08,0.71,1.0,0.0,1.3,8.2,0.2,5.0,85.0,0.0,0.0,0.0,0.0,0.0,0.0,1.0,0.0,1.0,2.0,0.0,1.0,0.06,0.0,0.0,0.0,0.0,0.0,0.06,0.14,0.08,3.3,0.5,0.04,0.08,0.04,0.9,0.5,0.0,2.7,9.1,15.65,2.5,86.5,0.0,0.0,0.0,0.0,0.0,0.0,1.0,0.0,2.0,4.0,0.0,0.5,0.03,0.06,0.0,0.0,1.0,0.0,0.03,0.33,0.3,1.65,0.67,0.03,0.07,0.03,0.85,0.33,0.0,2.03,7.13,11.37,2.0,82.0,0.0,0.0,0.0,0.0,0.0,0.0,1.0,0.33,1.33,4.67,0.0,0.67,0.03,0.04,0.0,0.0,0.67,0.0,0.03,0.23,0.2,2.37,0.5,0.04,0.08,0.04,1.13,0.75,0.0,1.9,7.75,8.9,2.5,84.0,0.0,0.0,0.0,0.0,0.0,0.0,1.0,0.75,2.0,3.75,0.0,0.75,0.03,0.03,0.0,0.0,0.5,0.0,0.03,0.32,0.29,1.78,0.4,0.04,0.09,0.04,1.06,0.8,0.0,2.06,9.0,8.28,3.4,85.2,0.0,0.0,0.0,0.0,0.0,0.0,1.0,1.0,1.8,3.4,0.0,0.8,0.03,0.02,0.0,0.0,0.4,0.0,0.03,0.32,0.28,2.08,3015.0,0.2596730809021312,1.0,0.351,0.271,0.379,,1.4408391309961963,0.0063505198847546,0.0983141780795811,0,0.0
8442,0,0,6,0,2.3,422,0.03,0.03,0.0,1.07,357,2,0,1.1,8.6,2025-05-11,90,0,0,0,0,0,0,0,False,11,0,0,0,0,36,0,1529662,1,2,2,0.0,0,104104,120782,16678,5.2,True,1,0,0,0.0,90,Nottingham Forest,Leicester,2,2,26958,2024,726604,0.0,0,0,0,0.0,0.3691295385360718,0.3691295385360718,Nottingham Forest,1,4,36,1.5,DEF,0.0,0.06,0.07,0.01,2.56,1.0,0.0,4.1,13.8,25.5,2.0,90.0,0.0,0.0,0.0,0.0,1.0,0.0,1.0,1.0,1.0,1.0,0.0,1.0,0.01,0.18,0.0,0.0,2.0,0.0,0.01,0.19,0.11,1.0,0.0,0.19,0.2,0.0,2.07,1.5,0.0,4.4,17.2,26.0,1.0,82.0,0.0,0.0,0.0,0.0,0.5,0.0,1.0,1.5,0.5,1.0,0.0,0.5,0.01,0.13,0.0,0.0,2.0,0.0,0.01,0.17,0.09,0.5,0.0,0.13,0.14,0.0,1.53,1.0,0.0,3.13,13.0,17.63,0.67,67.67,0.0,0.0,0.0,0.0,0.33,0.0,1.0,1.0,0.67,1.0,0.0,0.33,0.0,0.08,0.0,0.0,1.33,0.0,0.0,0.11,0.06,1.4,0.0,0.1,0.11,0.0,1.25,1.25,0.0,2.95,14.55,13.55,1.25,73.25,0.0,0.0,0.0,0.0,0.25,0.0,1.0,1.75,1.0,1.0,0.0,0.5,0.01,0.06,0.0,0.0,1.0,0.0,0.01,0.1,0.05,1.98,0.2,0.09,0.09,0.0,1.17,1.0,0.0,2.68,14.44,11.18,1.0,76.6,0.0,0.0,0.0,0.0,0.2,0.0,1.0,1.4,1.0,2.0,0.0,0.4,0.01,0.05,0.0,0.0,0.8,0.0,0.01,0.09,0.05,2.22,115841.0,0.7573403171831805,0.0,0.704,0.178,0.117,,0.6052853348355771,3.9846503874230166e-10,1.5076147922732376e-05,0,0.0
8458,0,0,3,0,0.0,25,0.0,0.0,0.0,0.22,354,0,0,0.5,5.2,2025-05-11,2,0,0,0,0,0,0,0,False,12,0,0,0,0,36,0,106942,0,2,2,0.0,1,-1455,1097,2552,4.8,False,0,0,0,0.0,1,Liverpool,Arsenal,2,2,26952,2024,726782,0.0,0,0,0,0.0,0.0,0.0,Arsenal,5,5,36,3.2,DEF,0.0,0.01,0.01,0.0,0.0,0.0,0.0,0.4,2.2,1.4,0.0,4.0,0.0,0.0,0.0,0.0,0.0,0.0,0.0,2.0,1.0,1.0,0.0,0.0,0.0,0.0,0.0,0.0,0.0,0.0,0.0,0.0,0.0,5.5,0.5,0.06,0.11,0.05,0.08,0.0,0.0,3.15,15.2,11.3,5.0,47.0,0.0,0.0,0.0,0.0,0.0,0.0,0.5,3.0,0.5,6.0,0.0,1.0,0.05,0.03,0.5,0.5,0.5,0.0,0.05,0.25,0.25,7.4,0.67,0.05,0.09,0.04,0.1,0.0,0.0,2.57,10.67,10.47,4.67,51.67,0.0,0.0,0.0,0.0,0.0,0.0,0.67,2.33,0.67,6.0,0.0,1.0,0.04,0.02,0.33,0.33,0.33,0.0,0.04,0.19,0.19,4.93,0.5,0.04,0.07,0.03,0.13,0.0,0.0,2.05,8.0,8.3,4.5,43.75,0.0,0.0,0.0,0.0,0.0,0.0,0.5,1.75,0.5,4.75,0.0,0.75,0.03,0.02,0.25,0.25,0.25,0.0,0.03,0.14,0.14,3.88,0.4,0.04,0.08,0.04,0.11,0.0,0.0,2.04,7.0,7.64,6.0,41.8,0.0,0.0,0.0,0.0,0.0,0.0,0.4,1.6,0.4,4.0,0.0,1.0,0.05,0.01,0.2,0.2,0.2,0.0,0.05,0.14,0.12,3.24,-1415.0,-0.3987393806522334,1.0,0.474,0.263,0.263,,0.6126911562014097,3.9846503874230166e-10,0.0002389201635,0,0.0
8481,0,0,2,0,1.3,501,0.0,0.0,0.0,1.23,357,2,0,1.4,10.8,2025-05-11,59,0,0,0,0,0,0,0,False,16,0,0,0,0,36,0,4222,1,2,2,2.0,1,-4,15,19,4.7,False,0,0,0,0.0,62,Nottingham Forest,Leicester,2,2,26958,2024,726623,0.0,0,0,0,0.0,0.0,0.0,Leicester,1,4,36,0.0,MID,1.0,0.02,0.02,0.0,0.53,0.0,0.0,1.8,11.0,6.7,0.0,90.0,0.0,0.0,0.0,0.0,1.0,0.0,1.0,0.0,2.0,2.0,0.0,0.0,0.0,0.0,0.0,0.0,0.0,0.0,0.0,0.5,0.5,0.8,0.5,0.02,0.03,0.02,0.86,1.0,0.0,1.2,7.4,4.05,0.5,67.5,0.0,0.0,0.0,0.0,1.0,0.0,0.5,0.0,2.5,1.0,0.0,0.5,0.01,0.0,0.0,0.0,0.0,0.0,0.01,0.29,0.28,0.4,0.33,0.01,0.02,0.01,0.57,0.67,0.0,0.83,4.93,3.13,0.33,47.33,0.0,0.0,0.0,0.0,0.67,0.0,0.33,0.33,1.67,1.0,0.0,0.33,0.0,0.0,0.0,0.0,0.0,0.0,0.0,0.19,0.19,-0.17,0.25,0.01,0.02,0.01,0.48,0.5,0.0,1.02,4.15,5.48,0.75,42.75,0.0,0.0,0.0,0.0,0.75,0.0,0.25,0.75,1.75,0.75,0.0,0.25,0.0,0.02,0.0,0.0,0.25,0.0,0.0,0.19,0.19,-0.12,0.2,0.01,0.01,0.01,0.5,0.4,0.0,0.82,3.32,4.64,0.6,43.2,0.0,0.0,0.0,0.0,0.8,0.0,0.2,0.6,1.8,0.6,0.0,0.2,0.0,0.02,0.0,0.0,0.2,0.0,0.0,0.15,0.15,-0.2,2.0,-0.1176470588235294,1.0,0.704,0.178,0.117,,,0.0072225109107495,0.0015288310833232,1,0.0
8534,0,3,34,1,1.7,58,0.02,0.38,0.36,0.8,351,0,1,7.3,34.6,2025-05-10,90,0,0,0,0,0,0,0,False,3,0,0,0,0,36,0,2096312,1,1,0,37.0,9,-78060,38846,116906,8.9,False,0,1,1,0.5449903607368469,90,Bournemouth,Aston Villa,0,1,26955,2024,726016,0.0,0,0,1,0.5449903607368469,0.7018246054649353,0.1568342596292495,Aston Villa,3,3,36,5.8,FWD,1.0,0.01,0.22,0.21,0.7,0.0,0.0,3.7,5.4,11.0,21.0,70.0,0.0,0.0,0.0,0.0,0.0,0.0,1.0,0.0,1.0,2.0,0.0,2.0,0.15,0.05,0.0,0.0,1.0,0.0,0.15,0.18,0.0,5.2,0.5,0.01,0.12,0.1,0.56,0.5,0.0,1.9,2.7,5.9,11.5,42.0,0.0,0.0,0.0,0.0,0.5,0.0,0.5,0.5,1.5,1.0,0.0,1.0,0.08,0.02,0.0,0.0,0.5,0.0,0.08,0.09,0.0,6.3,0.33,0.03,0.25,0.22,0.71,0.67,0.33,5.07,17.67,11.53,22.33,55.33,0.0,0.0,0.0,0.0,0.33,0.0,0.67,0.67,2.33,4.67,0.33,2.33,0.3,0.14,0.33,0.33,1.0,0.33,0.3,0.38,0.14,6.67,0.25,0.02,0.26,0.23,0.54,0.5,0.5,5.28,22.6,8.9,22.0,47.5,0.0,0.0,0.0,0.0,0.25,0.0,0.5,1.25,1.75,5.25,0.5,2.0,0.31,0.11,0.25,0.25,0.75,0.5,0.31,0.38,0.11,5.0,0.2,0.02,0.2,0.19,0.65,0.6,0.4,4.22,18.08,7.24,17.6,50.2,0.0,0.0,0.0,0.0,0.2,0.0,0.6,1.2,1.8,4.6,0.4,1.6,0.25,0.09,0.2,0.2,0.6,0.4,0.25,0.31,0.09,4.1,-84039.0,-0.5011813652473163,6.0,0.394,0.263,0.344,,,0.5286842852299458,0.0008823228921186,0,
8565,0,0,18,0,44.0,274,0.42,0.45,0.03,1.41,353,1,0,8.3,16.4,2025-05-10,90,0,0,0,0,0,0,0,False,4,0,0,0,0,36,0,29071,1,1,0,23.0,2,1077,1763,686,5.2,True,0,0,1,0.0449835583567619,90,Ipswich,Brentford,0,1,26954,2024,725748,0.4568504691123962,0,3,0,0.0449835583567619,0.5496422648429871,0.1053204089403152,Ipswich,3,2,36,1.3,MID,0.0,0.12,0.16,0.04,0.55,2.0,0.0,4.3,9.0,28.3,6.0,90.0,0.0,0.0,0.0,0.0,0.0,0.0,1.0,2.0,2.0,5.0,0.0,1.0,0.02,0.21,1.0,0.0,2.0,0.0,0.02,0.25,0.01,0.7,0.0,0.07,0.15,0.08,1.04,3.0,0.0,3.5,7.5,16.9,10.5,90.0,0.0,0.0,0.0,0.0,0.0,0.0,1.0,3.0,2.0,3.5,0.0,2.0,0.06,0.11,0.5,0.0,1.0,0.0,0.06,0.19,0.08,1.85,0.0,0.05,0.1,0.05,1.07,2.33,0.0,2.5,6.0,11.93,7.0,67.67,0.0,0.0,0.0,0.0,0.0,0.0,0.67,2.0,1.67,2.67,0.0,1.33,0.04,0.07,0.33,0.0,0.67,0.0,0.04,0.25,0.17,1.9,0.0,0.04,0.08,0.04,0.98,2.5,0.0,2.0,4.6,10.18,5.25,67.0,0.0,0.0,0.0,0.0,0.0,0.0,0.75,2.0,2.0,2.5,0.0,1.0,0.03,0.05,0.25,0.0,0.5,0.0,0.03,0.22,0.16,2.68,0.0,0.05,0.17,0.12,1.13,2.8,0.2,4.24,13.2,17.26,12.0,71.6,0.0,0.0,0.0,0.0,0.0,0.0,0.8,2.4,1.8,3.8,0.2,1.6,0.12,0.08,0.2,0.0,1.0,0.2,0.12,0.31,0.15,2.98,1189.0,0.439771335238873,2.0,0.189,0.237,0.574,,,0.1379494559997651,0.2025873793795776,0,0.0
8611,0,0,0,0,2.8,565,0.01,0.01,0.0,0.66,360,1,0,0.3,0.6,2025-05-10,31,0,0,0,0,0,0,0,False,5,0,0,0,0,36,0,15223,0,2,0,0.0,1,-1441,978,2419,5.0,True,0,0,0,0.0,24,Wolverhampton Wanderers,Brighton,0,2,26961,2024,725815,0.0,0,0,0,0.0,0.0,0.0,Wolverhampton Wanderers,3,3,36,2.0,MID,0.0,0.01,0.01,0.0,0.12,0.0,0.0,0.5,4.0,1.3,0.0,25.0,0.0,0.0,0.0,0.0,0.0,0.0,0.0,0.0,1.0,1.0,0.0,0.0,0.0,0.0,0.0,0.0,0.0,0.0,0.0,0.0,0.0,1.5,0.0,0.01,0.06,0.05,0.08,0.0,0.0,0.6,2.5,1.25,2.5,19.0,0.0,0.0,0.0,0.0,0.0,0.0,0.0,0.0,2.0,1.0,0.0,0.5,0.06,0.0,0.0,0.0,0.0,0.0,0.06,0.12,0.06,0.75,0.0,0.01,0.07,0.06,0.25,0.0,0.33,1.8,13.07,0.93,4.0,18.0,0.0,0.0,0.0,0.0,0.33,0.0,0.0,0.33,1.33,2.33,0.33,0.67,0.07,0.0,0.0,0.0,0.0,0.33,0.07,0.09,0.05,2.1,0.0,0.04,0.12,0.08,0.5,0.5,0.25,2.3,11.3,7.3,4.5,25.5,0.0,0.0,0.0,0.0,0.25,0.0,0.0,0.75,2.0,2.0,0.25,0.75,0.09,0.03,0.0,0.0,0.5,0.25,0.09,0.12,0.04,1.58,0.0,0.18,0.25,0.07,0.42,0.4,0.4,4.24,20.92,13.78,7.8,25.4,0.0,0.0,0.0,0.0,0.2,0.0,0.0,1.0,1.8,4.0,0.4,0.8,0.08,0.23,0.2,0.2,1.0,0.4,0.08,0.31,0.04,2.2,-1405.0,-0.4241978216073006,1.0,0.351,0.271,0.379,,,0.0011473048186505,-0.000514692872052,1,0.0
8646,0,0,11,0,1.9,499,0.0,0.39,0.39,3.39,359,2,0,2.9,14.6,2025-05-11,90,0,0,0,0,0,0,0,False,7,0,0,0,0,36,0,22014,1,2,0,12.0,2,-187,307,494,4.7,True,0,0,2,0.4843896627426147,90,Tottenham,Crystal Palace,0,2,26960,2024,726638,0.0,0,0,0,0.4843896627426147,0.5358419418334961,0.0665461122989654,Tottenham,3,3,36,1.8,MID,0.0,0.1,0.12,0.02,0.84,1.0,0.0,2.7,9.8,16.1,1.0,90.0,0.0,0.0,0.0,0.0,0.0,0.0,1.0,1.0,1.0,2.0,0.0,1.0,0.01,0.24,0.0,0.0,1.0,0.0,0.01,0.31,0.06,1.5,0.0,0.06,0.08,0.03,0.99,1.5,0.0,2.45,11.8,8.55,4.0,67.5,0.0,0.0,0.0,0.0,0.0,0.0,0.5,1.0,3.0,1.5,0.0,1.0,0.01,0.12,0.0,0.0,0.5,0.0,0.01,0.16,0.03,0.75,0.0,0.05,0.1,0.05,0.82,1.67,0.0,2.07,7.93,7.0,5.67,71.67,0.0,0.0,0.0,0.0,0.0,0.0,0.67,1.33,2.33,1.67,0.0,1.33,0.03,0.08,0.0,0.0,0.33,0.0,0.03,0.4,0.29,0.67,0.0,0.04,0.08,0.05,0.85,1.75,0.0,1.77,6.0,5.4,6.25,67.25,0.0,0.0,0.0,0.0,0.0,0.0,0.75,1.5,2.75,1.5,0.0,1.25,0.03,0.06,0.0,0.0,0.25,0.0,0.03,0.31,0.22,0.5,0.0,0.03,0.07,0.04,0.76,1.6,0.0,1.5,5.4,4.48,5.0,60.4,0.0,0.0,0.0,0.0,0.0,0.0,0.6,1.4,2.8,1.4,0.0,1.0,0.02,0.05,0.0,0.0,0.2,0.0,0.02,0.25,0.18,0.56,-168.0,-0.2334581772784019,2.0,0.359,0.263,0.378,,,0.0570171707142153,-0.0003996467367797,0,0.0
8701,0,0,3,0,0.0,52,0.0,0.0,0.0,0.72,351,0,0,0.2,2.0,2025-05-10,20,0,0,0,0,0,0,0,False,3,0,0,0,0,36,0,89251,0,1,0,0.0,1,888,1986,1098,4.2,False,0,0,0,0.0,12,Bournemouth,Aston Villa,0,1,26955,2024,726018,0.0,0,0,0,0.0,0.0,0.0,Aston Villa,3,3,36,2.0,DEF,1.0,0.01,0.01,0.0,0.85,0.0,0.0,1.4,11.2,0.5,2.0,90.0,0.0,0.0,0.0,0.0,0.0,0.0,1.0,0.0,1.0,6.0,0.0,0.0,0.0,0.0,0.0,0.0,0.0,0.0,0.0,0.2,0.2,1.8,0.5,0.01,0.01,0.0,1.09,1.0,0.0,1.95,10.6,5.6,3.0,90.0,0.0,0.0,0.0,0.0,0.0,0.0,1.0,0.5,1.5,3.5,0.0,0.0,0.0,0.05,0.0,0.0,0.5,0.0,0.0,0.3,0.24,2.2,0.67,0.01,0.01,0.0,1.03,0.67,0.0,2.37,17.33,3.97,2.0,90.0,0.0,0.0,0.0,0.0,0.0,0.0,1.0,1.33,1.0,5.0,0.0,0.0,0.0,0.03,0.0,0.0,0.33,0.0,0.0,0.25,0.21,2.8,0.5,0.0,0.0,0.0,0.85,0.75,0.0,1.95,14.1,3.0,2.0,72.25,0.0,0.0,0.0,0.0,0.0,0.0,1.0,1.5,1.25,4.0,0.0,0.25,0.0,0.03,0.0,0.0,0.25,0.0,0.0,0.19,0.16,2.55,0.4,0.01,0.04,0.04,1.23,1.2,0.0,2.12,15.28,2.6,3.0,75.8,0.0,0.0,0.0,0.0,0.0,0.0,1.0,1.2,1.6,3.4,0.0,0.4,0.02,0.02,0.0,0.0,0.2,0.0,0.02,0.15,0.13,2.4,992.0,0.2879377431906614,1.0,0.394,0.263,0.344,,0.3638165216696152,3.9846503874230166e-10,0.0001802000759687,0,0.0
8761,0,0,16,0,9.3,560,0.06,0.26,0.2,1.57,356,2,0,3.0,6.6,2025-05-11,90,0,0,0,0,0,0,0,False,15,0,0,0,0,36,0,149795,1,0,2,14.0,2,-2545,8616,11161,6.1,False,0,0,2,0.2132540494203567,90,Newcastle United,Chelsea,2,0,26957,2024,726470,0.0,0,0,0,0.2132540494203567,0.3012381196022033,0.0879840776324272,Chelsea,3,4,36,4.5,MID,0.0,0.41,0.59,0.18,1.05,1.0,0.0,6.6,22.6,26.8,17.0,90.0,0.0,0.0,0.0,0.0,0.0,0.0,1.0,1.0,3.0,5.0,0.0,3.0,0.19,0.44,1.0,1.0,2.0,0.0,0.19,0.92,0.43,4.2,0.5,0.23,0.32,0.09,0.74,0.5,0.0,5.05,17.2,23.9,9.5,90.0,0.0,0.0,0.0,0.0,0.0,0.0,1.0,0.5,2.0,4.0,0.0,1.5,0.1,0.24,0.5,0.5,1.5,0.0,0.1,0.51,0.26,2.1,0.33,0.19,0.34,0.16,0.58,0.67,0.33,8.07,30.07,28.37,22.33,90.0,0.0,0.0,0.0,0.0,0.0,0.0,1.0,1.0,1.67,6.0,0.33,2.0,0.16,0.17,0.33,0.33,1.67,0.33,0.16,0.44,0.18,2.73,0.25,0.3,0.45,0.16,0.7,1.0,0.25,9.9,30.75,44.88,23.5,90.0,0.0,0.0,0.0,0.0,0.0,0.0,1.0,1.25,1.75,5.25,0.25,2.75,0.15,0.33,0.25,0.25,2.5,0.25,0.15,0.66,0.4,2.05,0.2,0.25,0.42,0.17,0.69,0.8,0.2,9.44,27.16,41.52,25.8,78.2,0.0,0.0,0.0,0.0,0.0,0.0,0.8,1.0,1.4,4.4,0.2,3.0,0.15,0.27,0.2,0.2,2.2,0.2,0.15,0.61,0.36,2.0,-2258.0,-0.1286848359205137,2.0,0.447,0.25,0.303,,,0.0958611361007475,0.0009478648205532,0,1.0
8795,0,0,3,0,29.0,495,0.38,0.46,0.08,2.51,359,2,0,4.5,8.4,2025-05-11,57,0,0,0,0,0,0,0,False,7,0,0,0,0,36,0,1951866,1,2,0,8.0,0,-36304,8870,45174,5.3,True,0,0,2,0.0677099153399467,62,Tottenham,Crystal Palace,0,2,26960,2024,726634,0.4843896627426147,0,2,0,0.0677099153399467,0.5023807287216187,0.0,Tottenham,3,3,36,1.2,DEF,0.0,0.35,0.38,0.03,0.48,2.0,0.0,16.6,54.2,108.0,4.0,90.0,0.0,0.0,0.0,0.0,0.0,0.0,1.0,2.0,1.0,5.0,0.0,1.0,0.02,0.61,1.0,1.0,7.0,0.0,0.02,1.32,1.21,1.0,0.0,0.3,0.33,0.02,0.76,1.5,0.0,12.0,43.1,74.4,2.5,90.0,0.0,0.0,0.0,0.0,0.5,0.0,1.0,1.5,2.0,3.0,0.0,1.0,0.02,0.62,0.5,0.5,5.0,0.0,0.02,0.81,0.7,0.9,0.0,0.21,0.22,0.02,0.51,1.0,0.0,8.0,28.73,49.7,1.67,60.67,0.0,0.0,0.0,0.0,0.67,0.0,0.67,1.0,1.67,2.0,0.0,0.67,0.01,0.41,0.33,0.33,3.33,0.0,0.01,0.54,0.47,0.53,0.0,0.2,0.22,0.01,0.91,1.25,0.0,7.78,26.8,49.2,1.75,67.0,0.0,0.0,0.0,0.0,0.5,0.0,0.75,1.25,1.75,1.75,0.0,0.5,0.01,0.35,0.25,0.25,3.25,0.0,0.01,0.44,0.37,0.9,0.0,0.23,0.24,0.01,1.15,1.2,0.0,8.06,26.8,51.98,1.8,71.6,0.0,0.0,0.0,0.0,0.4,0.0,0.8,1.2,1.4,1.8,0.0,0.4,0.01,0.39,0.2,0.2,3.4,0.0,0.01,0.51,0.45,1.22,-68444.0,-0.6717489453038266,0.0,0.359,0.263,0.378,,0.9473364761416456,0.0216812542900537,0.0853395476577323,0,0.0
8825,0,1,28,1,3.7,122,0.02,0.02,0.0,0.91,360,0,0,3.1,25.6,2025-05-10,90,0,0,0,0,0,0,0,False,20,0,0,0,0,36,0,144620,1,2,0,2.0,7,-252,6332,6584,4.9,False,0,0,0,0.0,90,Wolverhampton Wanderers,Brighton,0,2,26961,2024,725821,0.0,0,0,0,0.0,0.0521191656589508,0.0521191656589508,Brighton,3,3,36,2.2,DEF,0.0,0.02,0.16,0.14,1.87,1.0,0.0,2.5,16.0,3.2,6.0,90.0,0.0,0.0,0.0,0.0,0.0,0.0,1.0,1.0,1.0,2.0,0.0,1.0,0.13,0.0,0.0,0.0,0.0,0.0,0.13,0.21,0.08,0.0,0.0,0.03,0.2,0.16,1.57,1.5,0.0,3.15,15.0,4.1,12.5,90.0,0.0,0.0,0.0,0.0,0.0,0.0,1.0,1.5,2.0,1.5,0.0,2.5,0.14,0.0,0.0,0.0,0.0,0.0,0.14,0.45,0.32,0.0,0.0,0.09,0.2,0.11,1.77,2.33,0.0,3.17,14.6,7.53,9.67,90.0,0.0,0.0,0.0,0.0,0.33,0.0,1.0,1.67,2.67,0.67,0.0,1.67,0.1,0.03,0.0,0.0,0.33,0.0,0.1,0.41,0.3,0.07,0.0,0.08,0.17,0.08,1.7,2.25,0.0,3.2,14.5,9.4,8.25,90.0,0.0,0.0,0.0,0.0,0.5,0.0,1.0,1.75,2.5,0.5,0.0,1.25,0.07,0.04,0.0,0.0,0.5,0.0,0.07,0.49,0.41,0.05,0.0,0.07,0.15,0.08,1.47,2.2,0.0,2.78,11.96,8.04,8.0,88.0,0.0,0.0,0.0,0.0,0.4,0.0,1.0,1.6,2.4,0.6,0.0,1.4,0.08,0.04,0.0,0.0,0.4,0.0,0.08,0.42,0.34,0.64,535.0,-0.0195106844224218,6.0,0.351,0.271,0.379,,1.3129965738330749,0.0023675979331321,0.0001234314153562,0,1.0
8853,0,0,14,1,29.7,348,0.2,0.24,0.04,0.1,358,0,0,4.4,5.4,2025-05-10,75,0,0,0,0,0,0,0,False,17,0,0,0,0,36,0,533112,1,0,0,9.0,3,-3610,7469,11079,9.1,False,0,0,2,0.07129967212677,78,Southampton,Manchester City,0,0,26959,2024,725795,0.1069374904036521,0,1,0,0.07129967212677,0.2154463827610016,0.073217824101448,Manchester City,4,1,36,2.0,MID,0.0,0.0,0.0,0.0,0.0,0.0,0.0,0.1,0.0,1.3,0.0,6.0,0.0,0.0,0.0,0.0,0.0,0.0,0.0,0.0,1.0,1.0,0.0,0.0,0.0,0.0,0.0,0.0,0.0,0.0,0.0,0.0,0.0,0.7,0.0,0.01,0.14,0.13,0.2,0.0,0.0,1.15,0.0,9.5,3.5,31.5,0.0,0.0,0.0,0.0,0.0,0.0,0.5,0.0,0.5,1.0,0.0,1.0,0.23,0.01,0.0,0.0,0.5,0.0,0.23,0.24,0.0,0.95,0.0,0.0,0.09,0.09,0.3,0.0,0.0,0.97,0.0,6.93,3.67,25.67,0.0,0.0,0.0,0.0,0.0,0.0,0.33,0.67,1.0,1.0,0.0,0.67,0.15,0.01,0.0,0.0,0.33,0.0,0.15,0.16,0.0,1.4,0.25,0.03,0.13,0.11,0.34,0.0,0.0,2.08,2.15,14.52,4.75,36.25,0.0,0.0,0.0,0.0,0.0,0.0,0.5,0.5,1.0,1.5,0.0,0.75,0.15,0.04,0.0,0.0,1.0,0.0,0.15,0.21,0.02,1.6,0.2,0.03,0.11,0.08,0.37,0.0,0.0,1.76,2.16,11.78,4.2,32.2,0.0,0.0,0.0,0.0,0.0,0.0,0.4,0.6,0.8,1.4,0.0,0.6,0.12,0.04,0.0,0.0,0.8,0.0,0.12,0.18,0.03,1.78,-3141.0,-0.1946301488031054,3.0,0.086,0.126,0.788,,,0.076036895064383,0.1258708561685131,0,0.0
8950,0,0,-4,0,3.3,375,0.01,1.32,1.31,1.56,355,2,0,7.2,0.0,2025-05-11,90,0,0,0,0,0,0,0,False,19,0,0,0,0,36,0,118940,1,2,0,70.0,2,-520,2635,3155,6.9,True,0,0,6,1.2253657579421997,90,Manchester United,West Ham,0,2,26956,2024,726581,0.0,0,0,0,1.2253657579421997,0.5221095085144043,0.0186054892838001,Manchester United,2,3,36,3.2,FWD,0.0,0.01,0.49,0.48,0.53,1.0,1.0,8.9,37.8,13.8,37.0,90.0,0.0,0.0,0.0,0.0,0.0,0.0,1.0,1.0,1.0,9.0,1.0,1.0,0.42,0.04,0.0,0.0,1.0,1.0,0.42,0.44,0.02,0.0,0.5,0.01,0.29,0.28,0.33,0.5,0.5,5.15,18.9,7.5,25.5,79.5,0.0,0.0,0.0,0.0,0.0,0.0,1.0,1.0,0.5,5.5,0.5,1.0,0.25,0.02,0.0,0.0,0.5,0.5,0.25,0.22,0.01,0.75,0.33,0.01,0.3,0.29,0.53,1.0,0.33,4.0,12.87,7.47,20.0,64.67,0.0,0.0,0.0,0.0,0.0,0.0,0.67,1.0,1.67,4.0,0.33,1.33,0.25,0.01,0.0,0.0,0.33,0.33,0.25,0.23,0.01,0.5,0.5,0.01,0.22,0.22,0.52,0.75,0.25,3.1,9.75,5.93,15.5,66.0,0.0,0.0,0.0,0.0,0.0,0.0,0.75,0.75,1.25,3.5,0.25,1.0,0.19,0.01,0.0,0.0,0.25,0.25,0.19,0.18,0.02,1.08,0.4,0.01,0.19,0.18,0.47,0.6,0.2,3.08,8.4,7.56,15.0,61.8,0.0,0.0,0.0,0.0,0.0,0.0,0.6,0.6,1.2,3.0,0.2,1.0,0.17,0.02,0.0,0.0,0.4,0.2,0.17,0.18,0.02,1.36,-78.0,-0.0898100172711571,2.0,0.499,0.264,0.237,,,0.6565039594240716,6.746065928098233e-10,0,
8987,0,0,16,0,24.7,533,0.04,0.06,0.02,1.57,360,2,0,7.8,25.8,2025-05-10,90,0,0,0,0,0,0,0,False,5,0,0,0,0,36,0,1831530,1,2,0,27.0,1,178536,201819,23283,5.1,True,0,0,1,0.0353632494807243,90,Wolverhampton Wanderers,Brighton,0,2,26961,2024,725806,0.1333237737417221,0,2,0,0.0353632494807243,0.1333237737417221,0.1023306027054786,Wolverhampton Wanderers,3,3,36,4.8,DEF,0.0,0.01,0.23,0.22,0.71,1.0,0.0,1.9,5.2,2.6,11.0,90.0,0.0,0.0,0.0,0.0,0.0,0.0,1.0,0.0,1.0,2.0,0.0,2.0,0.44,0.0,0.0,0.0,0.0,0.0,0.44,0.44,0.0,7.5,0.5,0.12,0.27,0.16,0.9,0.5,0.0,4.95,18.6,13.6,17.0,83.0,0.0,0.0,0.0,0.0,0.0,0.0,1.0,0.0,2.0,6.5,0.0,2.5,0.31,0.19,0.5,0.5,0.5,0.0,0.31,0.59,0.28,3.75,0.67,0.08,0.18,0.1,0.85,0.33,0.0,3.6,13.8,10.13,12.0,82.33,0.0,0.0,0.0,0.0,0.33,0.0,1.0,0.33,1.33,6.0,0.0,1.67,0.2,0.13,0.33,0.33,0.33,0.0,0.2,0.4,0.2,4.9,0.5,0.24,0.33,0.09,0.89,0.5,0.25,5.82,26.6,17.9,13.75,79.0,0.0,0.0,0.0,0.0,0.25,0.0,1.0,0.75,2.0,8.0,0.25,1.5,0.17,0.32,0.5,0.5,1.0,0.25,0.17,0.52,0.17,3.68,0.4,0.32,0.46,0.14,0.85,0.6,0.2,7.12,24.88,27.22,19.0,80.6,0.0,0.0,0.0,0.0,0.2,0.0,1.0,1.0,1.8,6.8,0.2,2.0,0.19,0.43,0.4,0.4,1.8,0.2,0.19,0.67,0.35,3.74,198434.0,0.7931337793533598,1.0,0.351,0.271,0.379,,1.282944636598323,0.109070123980165,0.0958223474026693,0,0.0
9025,0,3,35,0,32.5,252,0.06,0.26,0.2,1.12,352,3,1,9.7,37.0,2025-05-10,90,0,0,0,0,0,0,0,False,8,0,0,0,0,36,0,572593,1,3,1,27.0,9,-36179,12800,48979,5.3,True,0,1,2,0.5975878834724426,90,Fulham,Everton,1,3,26953,2024,725719,0.1443772464990615,0,3,1,0.5975878834724426,0.8109501600265503,0.6665729284286499,Fulham,3,3,36,3.5,FWD,0.0,0.06,0.08,0.02,0.96,1.0,0.0,6.2,15.2,33.4,13.0,90.0,0.0,0.0,0.0,0.0,0.0,0.0,1.0,0.0,1.0,2.0,0.0,1.0,0.01,0.23,0.0,0.0,3.0,0.0,0.01,0.44,0.19,1.5,0.0,0.06,0.43,0.37,0.8,1.0,0.0,5.45,7.6,18.8,30.0,90.0,0.0,0.0,0.0,0.0,0.5,0.0,1.0,1.0,1.0,1.5,0.0,4.0,0.4,0.11,0.0,0.0,1.5,0.0,0.4,0.54,0.16,0.75,0.0,0.04,0.29,0.25,0.8,1.0,0.0,3.77,5.2,13.8,20.0,87.67,0.0,0.0,0.0,0.0,0.33,0.0,1.0,1.33,1.0,1.67,0.0,2.67,0.26,0.08,0.0,0.0,1.0,0.0,0.26,0.36,0.11,1.0,0.0,0.04,0.23,0.18,0.6,0.75,0.0,3.52,5.45,14.18,16.5,74.0,0.0,0.0,0.0,0.0,0.25,0.0,0.75,1.0,1.0,1.5,0.0,2.0,0.2,0.06,0.0,0.0,1.0,0.0,0.2,0.28,0.08,0.75,0.0,0.04,0.19,0.15,0.53,0.6,0.0,3.18,5.16,13.4,14.0,62.0,0.0,0.0,0.0,0.0,0.2,0.0,0.6,1.2,1.4,1.4,0.0,1.6,0.16,0.06,0.0,0.0,1.0,0.0,0.16,0.23,0.06,0.74,-36332.0,-0.5856197089625924,6.0,0.516,0.276,0.209,,,0.3274604495107318,0.2204957615910852,0,
9044,0,0,0,0,4.8,172,0.02,0.13,0.11,0.09,356,1,0,1.3,2.4,2025-05-11,45,0,0,0,0,0,0,0,False,15,0,0,0,0,36,0,105666,0,0,2,6.0,1,-8161,1549,9710,4.8,False,0,0,1,0.20231594145298,38,Newcastle United,Chelsea,2,0,26957,2024,726476,0.0,0,0,0,0.20231594145298,0.2514656186103821,0.0491496846079826,Chelsea,3,4,36,0.5,DEF,0.0,0.0,0.0,0.0,0.0,0.0,0.0,0.1,0.0,0.8,0.0,2.0,0.0,0.0,0.0,0.0,0.0,0.0,0.0,1.0,3.0,1.0,0.0,0.0,0.0,0.0,0.0,0.0,0.0,0.0,0.0,0.0,0.0,-0.2,0.0,0.0,0.0,0.0,0.12,0.0,0.0,0.4,1.4,2.3,0.0,12.5,0.0,0.0,0.0,0.0,0.0,0.0,0.0,0.5,2.0,1.0,0.0,0.0,0.0,0.0,0.0,0.0,0.0,0.0,0.0,0.0,0.0,-0.1,0.0,0.01,0.02,0.01,0.1,0.33,0.0,1.03,2.4,5.37,2.33,23.33,0.0,0.0,0.0,0.0,0.0,0.0,0.33,1.0,1.67,1.0,0.0,0.33,0.01,0.02,0.0,0.0,0.33,0.0,0.01,0.0,0.0,0.87,0.25,0.07,0.09,0.02,0.21,0.25,0.0,2.5,6.25,11.48,7.0,36.5,0.0,0.0,0.0,0.0,0.0,0.0,0.5,0.75,1.25,3.0,0.0,0.75,0.03,0.16,0.0,0.0,0.75,0.0,0.03,0.01,0.01,1.78,0.2,0.06,0.07,0.02,0.24,0.2,0.0,2.02,5.0,9.46,5.6,30.8,0.0,0.0,0.0,0.0,0.0,0.0,0.4,0.6,1.2,2.6,0.0,0.6,0.02,0.13,0.0,0.0,0.6,0.0,0.02,0.01,0.01,1.72,-8126.0,-0.7248423483435474,1.0,0.447,0.25,0.303,,0.5807192786541604,0.0349520959897766,-4.448709667803641e-05,0,0.0
9097,0,0,3,0,0.0,578,0.0,0.0,0.0,0.37,354,0,0,0.0,0.2,2025-05-11,12,0,0,0,0,0,0,0,False,12,0,0,0,0,36,0,135173,0,2,2,0.0,1,74,648,574,5.8,False,0,0,0,0.0,9,Liverpool,Arsenal,2,2,26952,2024,726781,0.0,0,0,0,0.0,0.0,0.0,Arsenal,5,5,36,0.2,DEF,0.0,0.05,0.05,0.0,0.27,1.0,0.0,1.0,3.6,2.8,4.0,57.0,0.0,0.0,0.0,0.0,0.0,0.0,1.0,1.0,1.0,1.0,0.0,0.0,0.0,0.0,0.0,0.0,0.0,0.0,0.0,0.17,0.17,1.3,0.0,0.04,0.09,0.05,0.16,0.5,0.0,1.55,2.0,7.8,6.0,51.0,0.0,0.0,0.0,0.0,0.5,0.0,1.0,0.5,0.5,0.5,0.0,0.5,0.03,0.06,0.0,0.0,0.5,0.0,0.03,0.19,0.14,1.0,0.0,0.04,0.1,0.06,0.46,0.67,0.0,2.33,4.6,10.13,8.67,52.33,0.0,0.0,0.0,0.0,0.33,0.0,1.0,0.67,0.33,0.67,0.0,1.0,0.05,0.05,0.0,0.0,0.67,0.0,0.05,0.15,0.09,1.67,0.0,0.03,0.08,0.05,0.36,0.5,0.0,1.98,4.15,7.75,8.0,42.75,0.0,0.0,0.0,0.0,0.25,0.0,0.75,1.0,0.25,0.75,0.0,0.75,0.03,0.04,0.0,0.0,0.5,0.0,0.03,0.26,0.22,2.12,0.0,0.02,0.06,0.04,0.28,0.4,0.0,1.6,3.32,6.36,6.4,34.4,0.0,0.0,0.0,0.0,0.2,0.0,0.6,1.0,1.2,0.8,0.0,0.6,0.03,0.03,0.0,0.0,0.4,0.0,0.03,0.22,0.18,2.1,-12639.0,0.0605564648117839,1.0,0.474,0.263,0.263,,0.3813817720226564,0.0019660143010691,0.001540513634338,0,0.0
9146,0,0,22,1,11.4,355,0.06,0.06,0.0,0.1,358,0,0,2.4,4.8,2025-05-10,75,0,0,0,0,0,0,0,False,17,0,0,0,0,36,0,406682,1,0,0,8.0,6,-11844,6702,18546,4.3,False,0,0,0,0.0,78,Southampton,Manchester City,0,0,26959,2024,725787,0.0,0,0,0,0.0,0.1928557455539703,0.1928557455539703,Manchester City,4,1,36,2.8,DEF,0.0,0.01,0.01,0.0,0.0,0.0,0.0,0.1,0.0,1.3,0.0,7.0,0.0,0.0,0.0,0.0,0.0,0.0,0.0,0.0,1.0,1.0,0.0,0.0,0.0,0.0,0.0,0.0,0.0,0.0,0.0,0.0,0.0,1.0,0.0,0.02,0.02,0.0,0.91,1.0,0.0,0.7,3.6,3.55,0.0,48.5,0.0,0.0,0.0,0.0,0.0,0.0,0.5,1.0,3.0,1.0,0.0,0.0,0.0,0.0,0.0,0.0,0.0,0.0,0.0,1.32,1.32,0.5,0.0,0.01,0.01,0.0,0.74,0.67,0.0,0.8,5.4,2.67,0.0,37.67,0.0,0.0,0.0,0.0,0.0,0.0,0.33,0.67,2.0,1.0,0.0,0.0,0.0,0.0,0.0,0.0,0.0,0.0,0.0,0.88,0.88,0.83,0.0,0.01,0.01,0.0,0.56,0.5,0.0,0.6,4.05,2.08,0.0,28.5,0.0,0.0,0.0,0.0,0.0,0.0,0.25,0.5,2.0,1.0,0.0,0.0,0.0,0.0,0.0,0.0,0.0,0.0,0.0,0.66,0.66,1.0,0.0,0.01,0.01,0.0,0.85,0.8,0.0,0.94,6.84,2.26,0.4,40.8,0.0,0.0,0.0,0.0,0.0,0.0,0.4,0.8,2.0,1.0,0.0,0.0,0.0,0.0,0.0,0.0,0.0,0.0,0.0,0.66,0.66,1.06,-12275.0,-0.469106463878327,6.0,0.086,0.126,0.788,,0.567734860282515,0.0445343533190596,0.0331529497429436,0,0.0
9176,0,0,10,0,0.0,185,0.0,0.0,0.0,1.57,356,2,0,3.8,37.6,2025-05-11,90,0,0,0,0,0,0,0,False,15,0,0,0,0,36,4,715285,1,0,2,0.0,2,-17629,4863,22492,4.5,False,0,0,0,0.0,90,Newcastle United,Chelsea,2,0,26957,2024,726463,0.0,0,0,0,0.0,0.2363976091146469,0.2363976091146469,Chelsea,3,4,36,3.3,GK,0.0,0.0,0.0,0.0,1.05,1.0,0.0,1.1,10.6,0.0,0.0,90.0,0.0,0.0,0.0,0.0,0.0,1.0,1.0,1.0,3.0,2.0,0.0,0.0,0.0,0.0,0.0,0.0,0.0,0.0,0.0,0.35,0.35,1.9,0.5,0.0,0.0,0.0,0.75,0.5,0.0,2.1,15.7,5.0,0.0,90.0,0.0,0.0,0.0,0.0,0.0,2.0,1.0,0.5,2.0,5.5,0.0,0.0,0.0,0.0,0.0,0.0,0.0,0.0,0.0,0.19,0.19,0.95,0.33,0.0,0.0,0.0,0.58,0.67,0.0,1.57,12.0,3.33,0.0,90.0,0.0,0.0,0.0,0.0,0.0,1.33,1.0,1.0,1.67,4.33,0.0,0.0,0.0,0.0,0.0,0.0,0.0,0.0,0.0,0.13,0.13,1.9,0.25,0.0,0.0,0.0,0.7,1.0,0.0,1.47,11.95,2.5,0.0,90.0,0.0,0.0,0.0,0.0,0.0,1.5,1.0,1.25,1.75,3.5,0.0,0.0,0.0,0.0,0.0,0.0,0.0,0.0,0.0,0.23,0.23,1.42,0.4,0.0,0.0,0.0,0.8,0.8,0.0,1.62,14.04,2.0,0.0,90.0,0.0,0.0,0.0,0.0,0.0,1.6,1.0,1.0,1.4,4.0,0.0,0.0,0.0,0.0,0.0,0.0,0.0,0.0,0.0,0.22,0.22,2.24,-17999.0,-0.644452568086273,2.0,0.447,0.25,0.303,4.889998657372985,1.5633670505235249,,,0,1.0
9209,0,0,1,0,0.2,480,0.0,0.0,0.0,2.02,359,1,0,0.2,1.4,2025-05-11,45,0,0,0,0,0,0,0,False,7,0,0,0,0,36,0,13987,1,2,0,0.0,0,-9,106,115,4.9,True,1,0,0,0.0,50,Tottenham,Crystal Palace,0,2,26960,2024,726639,0.0,0,0,0,0.0,0.0,0.0,Tottenham,3,3,36,0.5,MID,0.0,0.06,0.06,0.0,0.48,2.0,0.0,3.5,15.0,16.0,4.0,90.0,0.0,0.0,0.0,0.0,0.0,0.0,1.0,2.0,1.0,2.0,0.0,0.0,0.0,0.04,0.0,0.0,1.0,0.0,0.0,0.43,0.43,1.0,0.0,0.04,0.04,0.0,0.97,2.0,0.0,2.15,8.9,9.4,3.0,62.5,0.0,0.0,0.0,0.0,0.0,0.0,0.5,2.0,2.5,1.5,0.0,0.0,0.0,0.02,0.0,0.0,0.5,0.0,0.0,0.22,0.22,0.5,0.0,0.03,0.03,0.0,0.86,1.33,0.0,2.03,11.33,6.8,2.0,60.33,0.0,0.0,0.0,0.0,0.0,0.0,0.67,1.67,2.67,1.33,0.0,0.0,0.0,0.01,0.0,0.0,0.33,0.0,0.0,0.26,0.26,1.07,0.0,0.04,0.04,0.0,0.92,1.25,0.0,2.28,13.85,6.8,2.0,67.75,0.0,0.0,0.0,0.0,0.0,0.0,0.75,1.25,2.25,1.5,0.0,0.0,0.0,0.01,0.0,0.0,0.25,0.0,0.0,0.35,0.35,1.1,0.0,0.05,0.08,0.04,0.86,1.2,0.0,2.6,11.96,8.78,5.2,71.2,0.0,0.0,0.0,0.0,0.0,0.0,0.8,1.0,2.2,1.6,0.0,0.6,0.02,0.01,0.0,0.0,0.4,0.0,0.02,0.3,0.3,1.18,8.0,-0.0407239819004524,0.0,0.359,0.263,0.378,,,2.2439866050438795e-05,0.0004588894244776,1,0.0
9234,0,0,2,0,1.2,563,0.0,0.0,0.0,0.66,360,1,0,0.3,0.2,2025-05-10,31,0,0,0,0,0,0,0,False,5,0,0,0,0,36,0,7708,0,2,0,2.0,1,26,115,89,5.1,True,0,0,0,0.0,24,Wolverhampton Wanderers,Brighton,0,2,26961,2024,725814,0.0,0,0,0,0.0,0.0,0.0,Wolverhampton Wanderers,3,3,36,2.2,MID,0.0,0.0,0.0,0.0,0.12,0.0,0.0,0.5,4.2,0.8,0.0,24.0,0.0,0.0,0.0,0.0,0.0,0.0,0.0,0.0,1.0,1.0,0.0,0.0,0.0,0.0,0.0,0.0,0.0,0.0,0.0,0.0,0.0,1.7,0.0,0.0,0.1,0.1,0.09,0.0,0.5,3.45,19.8,5.65,9.0,18.5,0.0,0.0,0.0,0.0,0.0,0.0,0.0,0.0,2.0,3.5,0.5,1.0,0.09,0.04,0.0,0.0,0.5,0.5,0.09,0.13,0.0,0.85,0.0,0.0,0.07,0.07,0.25,0.0,0.33,2.87,13.87,7.27,7.33,17.67,0.0,0.0,0.0,0.0,0.0,0.0,0.0,0.33,1.33,2.67,0.33,0.67,0.06,0.04,0.0,0.0,0.67,0.33,0.06,0.1,0.0,0.83,0.0,0.0,0.06,0.05,0.42,0.25,0.25,2.22,11.0,5.6,5.5,18.25,0.0,0.0,0.0,0.0,0.0,0.0,0.0,0.75,2.0,2.25,0.25,0.5,0.05,0.03,0.0,0.0,0.5,0.25,0.05,0.08,0.0,0.62,0.0,0.03,0.08,0.04,0.36,0.2,0.2,2.24,9.92,7.54,4.8,19.6,0.0,0.0,0.0,0.0,0.0,0.0,0.0,1.0,1.8,2.0,0.2,0.4,0.04,0.04,0.0,0.0,0.6,0.2,0.04,0.11,0.04,0.56,40.0,0.1274509803921568,1.0,0.351,0.271,0.379,,,0.0093793116580811,-0.0005762603904986,0,0.0
9282,0,0,12,0,6.3,174,0.04,0.04,0.0,1.55,356,1,0,1.0,3.6,2025-05-11,74,0,0,0,0,0,0,0,False,15,0,0,0,0,36,0,45404,1,0,2,0.0,2,696,873,177,4.5,False,0,0,0,0.0,81,Newcastle United,Chelsea,2,0,26957,2024,726469,0.0,0,0,0,0.0,0.1514067351818084,0.1514067351818084,Chelsea,3,4,36,1.5,MID,1.0,0.01,0.01,0.0,0.9,0.0,0.0,0.8,7.0,0.6,0.0,77.0,0.0,0.0,0.0,0.0,0.0,0.0,1.0,1.0,3.0,3.0,0.0,0.0,0.0,0.0,0.0,0.0,0.0,0.0,0.0,0.44,0.44,0.5,1.0,0.02,0.02,0.0,0.56,0.0,0.0,1.6,8.4,7.2,0.0,71.5,0.0,0.0,0.0,0.0,0.0,0.0,1.0,0.5,2.0,3.0,0.0,0.0,0.0,0.02,0.0,0.0,0.5,0.0,0.0,0.28,0.26,0.25,0.67,0.01,0.01,0.0,0.37,0.0,0.0,1.13,5.87,5.03,0.0,50.33,0.0,0.0,0.0,0.0,0.0,0.0,0.67,0.33,1.67,2.33,0.0,0.0,0.0,0.01,0.0,0.0,0.33,0.0,0.0,0.19,0.17,0.23,0.5,0.01,0.01,0.0,0.52,0.25,0.0,1.05,4.95,5.15,0.0,51.5,0.0,0.0,0.0,0.0,0.25,0.0,0.75,0.75,1.75,1.75,0.0,0.0,0.0,0.01,0.0,0.0,0.25,0.0,0.0,0.18,0.17,0.3,0.4,0.01,0.01,0.0,0.71,0.6,0.0,1.34,6.32,6.82,0.0,50.2,0.0,0.0,0.0,0.0,0.4,0.0,0.8,1.4,2.0,1.4,0.0,0.0,0.0,0.01,0.0,0.0,0.4,0.0,0.0,0.18,0.17,0.4,782.0,0.6628571428571428,2.0,0.447,0.25,0.303,,,0.0002318879395368,-6.470575667694156e-05,1,0.0
9315,0,0,3,0,0.1,473,0.0,0.0,0.0,0.11,358,0,0,0.0,0.2,2025-05-10,2,0,0,0,0,0,0,0,False,13,0,0,0,0,36,0,188460,0,0,0,0.0,1,287,7141,6854,4.4,True,0,0,0,0.0,1,Southampton,Manchester City,0,0,26959,2024,725785,0.0,0,0,0,0.0,0.0,0.0,Southampton,4,1,36,0.2,FWD,0.0,0.0,0.06,0.06,0.9,2.0,0.0,0.5,0.0,1.5,5.0,45.0,0.0,0.0,0.0,0.0,0.0,0.0,1.0,0.0,2.0,1.0,0.0,1.0,0.07,0.0,0.0,0.0,0.0,0.0,0.07,0.0,0.0,1.2,0.5,0.0,0.07,0.07,1.02,1.0,0.0,0.95,2.1,1.0,7.0,55.0,0.0,0.0,0.0,0.0,0.0,0.0,1.0,1.0,1.5,1.5,0.0,1.0,0.07,0.0,0.0,0.0,0.0,0.0,0.07,0.04,0.0,0.6,0.33,0.0,0.05,0.05,0.68,0.67,0.0,0.7,2.07,0.67,4.67,38.33,0.0,0.0,0.0,0.0,0.0,0.0,0.67,1.0,1.33,1.33,0.0,0.67,0.05,0.0,0.0,0.0,0.0,0.0,0.05,0.03,0.0,0.5,0.25,0.0,0.04,0.04,1.07,1.25,0.0,0.55,1.55,0.95,3.5,36.0,0.0,0.0,0.0,0.0,0.0,0.0,0.5,1.5,1.0,1.25,0.0,0.5,0.04,0.0,0.0,0.0,0.0,0.0,0.04,0.02,0.0,0.38,0.2,0.0,0.03,0.03,1.02,1.2,0.0,0.46,1.28,0.82,2.8,30.2,0.0,0.0,0.0,0.0,0.0,0.0,0.4,1.4,1.4,1.2,0.0,0.4,0.03,0.0,0.0,0.0,0.0,0.0,0.03,0.08,0.06,0.28,618.0,0.0205073240443015,1.0,0.086,0.126,0.788,,,0.0804696887464646,0.0008823228921186,0,
9389,0,0,3,0,0.8,323,0.01,0.09,0.08,2.21,354,2,0,0.7,0.2,2025-05-11,82,0,0,0,0,0,0,0,False,1,0,0,0,0,36,0,78417,1,2,2,6.0,2,-725,799,1524,5.0,True,0,0,1,0.0692325085401535,86,Liverpool,Arsenal,2,2,26952,2024,726759,0.0,0,0,0,0.0692325085401535,0.5618330836296082,0.4926005899906158,Liverpool,5,5,36,2.5,MID,0.0,0.02,0.04,0.02,0.46,1.0,0.0,5.2,28.4,17.0,7.0,90.0,0.0,0.0,0.0,0.0,0.0,0.0,1.0,1.0,5.0,5.0,0.0,1.0,0.03,0.04,1.0,1.0,1.0,0.0,0.03,0.91,0.83,0.0,0.5,0.04,0.07,0.04,0.36,0.5,0.0,4.05,25.1,11.1,4.5,90.0,0.0,0.0,0.0,0.0,0.0,0.0,1.0,1.0,2.5,4.0,0.0,1.0,0.03,0.02,0.5,0.5,0.5,0.0,0.03,1.13,1.09,2.35,0.33,0.04,0.07,0.03,0.74,0.67,0.0,3.33,20.33,8.87,4.33,90.0,0.0,0.0,0.0,0.0,0.0,0.0,1.0,1.0,2.33,3.33,0.0,1.0,0.02,0.01,0.33,0.33,0.33,0.0,0.02,0.79,0.76,1.57,0.25,0.04,0.06,0.02,0.74,1.25,0.0,3.65,23.4,10.1,3.25,90.0,0.0,0.0,0.0,0.0,0.0,0.0,1.0,1.25,2.5,3.75,0.0,0.75,0.02,0.01,0.5,0.5,0.5,0.0,0.02,0.68,0.65,2.42,0.4,0.04,0.07,0.03,0.73,1.0,0.0,3.78,22.24,10.48,5.2,90.0,0.0,0.0,0.0,0.0,0.0,0.0,1.0,1.0,2.2,3.6,0.0,1.0,0.02,0.01,0.4,0.4,0.4,0.0,0.02,0.66,0.63,2.64,-508.0,-0.3120964270340077,2.0,0.474,0.263,0.263,,,0.0606018682193882,0.0011802623234626,1,0.0
9415,0,0,3,0,0.0,467,0.0,0.0,0.0,0.11,358,0,0,0.3,3.0,2025-05-10,2,0,0,0,0,0,0,0,False,13,0,0,0,0,36,0,7967,0,0,0,0.0,1,-917,253,1170,4.3,True,0,0,0,0.0,1,Southampton,Manchester City,0,0,26959,2024,725782,0.0,0,0,0,0.0,0.0,0.0,Southampton,4,1,36,1.0,DEF,0.0,0.11,0.11,0.0,1.4,2.0,0.0,8.0,20.6,55.1,4.0,90.0,0.0,0.0,0.0,0.0,0.0,0.0,1.0,0.0,2.0,1.0,0.0,1.0,0.01,0.15,0.0,0.0,4.0,0.0,0.01,0.37,0.37,2.0,0.0,0.15,0.14,0.0,1.91,2.0,0.0,7.2,24.2,45.85,2.0,90.0,0.0,0.0,0.0,0.0,0.0,0.0,1.0,1.0,1.5,2.5,0.0,0.5,0.0,0.32,0.5,0.5,3.5,0.0,0.0,0.22,0.2,1.0,0.0,0.12,0.14,0.02,1.58,1.67,0.0,6.43,19.13,40.87,4.33,88.0,0.0,0.0,0.0,0.0,0.0,0.0,1.0,1.0,1.33,2.33,0.0,1.0,0.02,0.24,0.33,0.33,3.0,0.0,0.02,0.2,0.19,1.33,0.0,0.1,0.11,0.01,1.72,1.75,0.0,5.4,16.3,34.42,3.25,86.25,0.0,0.0,0.0,0.0,0.0,0.0,1.0,1.5,1.0,2.0,0.0,0.75,0.02,0.19,0.25,0.25,2.5,0.0,0.02,0.17,0.16,1.0,0.0,0.08,0.09,0.01,1.61,1.8,0.0,4.96,16.52,30.02,3.0,81.6,0.0,0.0,0.0,0.0,0.0,0.0,1.0,1.4,1.4,1.8,0.0,0.6,0.01,0.16,0.2,0.2,2.2,0.0,0.01,0.17,0.15,1.24,-998.0,-0.6444132115249473,1.0,0.086,0.126,0.788,,0.7747826226817545,3.9846503874230166e-10,0.0003994174667749,0,0.0
9429,0,0,-1,0,3.5,579,0.03,0.07,0.04,1.03,352,3,0,5.5,28.0,2025-05-10,82,0,0,0,0,0,0,0,False,8,0,0,0,0,36,0,368012,1,3,1,23.0,1,61454,73958,12504,4.2,True,0,0,1,0.0447527430951595,86,Fulham,Everton,1,3,26953,2024,725713,0.0,0,0,0,0.0447527430951595,0.7282707691192627,0.7282707691192627,Fulham,3,3,36,5.8,DEF,0.0,0.08,0.08,0.0,0.21,1.0,0.0,2.2,3.8,12.1,6.0,56.0,0.0,0.0,0.0,0.0,1.0,0.0,1.0,0.0,1.0,0.0,0.0,0.0,0.0,0.07,0.0,0.0,1.0,0.0,0.0,0.13,0.13,5.8,0.0,0.14,0.32,0.17,0.42,1.0,0.5,8.6,33.5,31.2,21.0,73.0,0.0,0.0,0.0,0.0,0.5,0.0,1.0,1.0,1.0,5.5,0.5,1.5,0.13,0.15,0.0,0.0,2.5,0.5,0.13,0.48,0.34,2.9,0.33,0.1,0.21,0.11,0.52,0.67,0.33,7.47,32.8,25.67,16.0,74.67,0.0,0.0,0.0,0.0,0.33,0.0,1.0,1.33,1.0,7.33,0.33,1.0,0.09,0.12,0.33,0.33,2.0,0.33,0.09,0.35,0.25,3.87,0.25,0.08,0.27,0.19,0.76,0.75,0.25,6.7,25.55,19.57,21.75,70.0,0.0,0.0,0.0,0.0,0.25,0.0,1.0,1.0,1.0,5.75,0.25,1.5,0.24,0.09,0.25,0.25,1.5,0.25,0.24,0.44,0.2,2.9,0.2,0.08,0.25,0.17,0.88,1.0,0.4,6.98,27.92,17.8,24.0,72.2,0.0,0.0,0.0,0.0,0.2,0.0,1.0,1.2,1.4,6.0,0.4,1.8,0.29,0.1,0.2,0.2,1.4,0.4,0.29,0.48,0.16,3.32,73061.0,0.7107631098054636,1.0,0.516,0.276,0.209,,0.7659875418254434,0.0799217753586614,0.0012833227574811,0,1.0
9465,0,0,4,0,10.6,449,0.01,0.06,0.05,0.39,357,1,0,1.7,4.6,2025-05-11,16,0,0,0,0,0,0,0,False,11,0,0,0,0,36,0,15145,0,2,2,2.0,1,-101,120,221,4.8,True,0,0,1,0.0344917960464954,14,Nottingham Forest,Leicester,2,2,26958,2024,726616,0.0257851053029298,0,1,0,0.0344917960464954,0.0602769032120704,0.0,Nottingham Forest,1,4,36,1.8,MID,0.0,0.0,0.0,0.0,0.59,0.0,0.0,0.3,2.4,0.3,0.0,14.0,0.0,0.0,0.0,0.0,1.0,0.0,0.0,1.0,1.0,0.0,0.0,0.0,0.0,0.0,0.0,0.0,0.0,0.0,0.0,0.0,0.0,1.3,0.0,0.0,0.02,0.02,1.08,1.0,0.0,0.75,3.5,1.45,2.5,49.0,0.0,0.0,0.0,0.0,0.5,0.0,0.5,1.5,0.5,1.0,0.0,0.5,0.01,0.0,0.0,0.0,0.0,0.0,0.01,0.08,0.07,0.65,0.0,0.0,0.01,0.01,0.97,1.0,0.0,0.6,3.07,1.07,1.67,43.33,0.0,0.0,0.0,0.0,0.67,0.0,0.33,1.67,0.67,0.67,0.0,0.33,0.01,0.0,0.0,0.0,0.0,0.0,0.01,0.05,0.05,1.33,0.0,0.0,0.01,0.01,0.9,1.0,0.0,0.62,3.6,0.82,1.75,36.25,0.0,0.0,0.0,0.0,0.5,0.0,0.25,1.5,0.5,0.75,0.0,0.25,0.0,0.0,0.0,0.0,0.0,0.0,0.0,0.04,0.03,1.0,0.0,0.0,0.02,0.02,1.32,1.2,0.0,1.28,6.44,3.02,3.2,47.0,0.0,0.0,0.0,0.0,0.4,0.0,0.4,1.4,0.8,1.0,0.0,0.6,0.01,0.01,0.0,0.0,0.2,0.0,0.01,0.13,0.11,1.5,-86.0,-0.2961876832844575,1.0,0.704,0.178,0.117,,,0.007435661065783,0.0457927013678196,1,0.0
9492,0,3,31,1,12.4,361,0.16,0.25,0.09,0.1,358,0,0,7.5,32.6,2025-05-10,90,0,0,0,0,0,0,0,False,17,0,0,0,0,36,0,561977,1,0,0,30.0,9,106096,114249,8153,5.5,False,0,0,3,0.0857971012592315,90,Southampton,Manchester City,0,0,26959,2024,725788,0.0,0,0,0,0.0857971012592315,0.4635196030139923,0.4432113766670227,Manchester City,4,1,36,7.2,DEF,1.0,0.01,0.03,0.02,0.4,0.0,0.0,1.5,11.6,2.8,1.0,90.0,0.0,0.0,0.0,0.0,0.0,0.0,1.0,0.0,1.0,7.0,0.0,1.0,0.01,0.0,0.0,0.0,0.0,0.0,0.01,0.24,0.24,4.7,0.5,0.02,0.1,0.08,1.08,0.5,0.0,2.5,10.7,2.95,11.5,90.0,0.0,0.0,0.0,0.0,0.0,0.0,1.0,0.5,1.5,4.5,0.0,1.5,0.07,0.0,0.0,0.0,0.0,0.0,0.07,0.21,0.21,7.05,0.67,0.02,0.07,0.05,1.02,0.33,0.0,2.9,17.8,2.87,8.33,90.0,0.0,0.0,0.0,0.0,0.0,0.0,1.0,1.0,1.0,5.33,0.0,1.0,0.04,0.0,0.0,0.0,0.0,0.0,0.04,0.21,0.21,7.83,0.5,0.02,0.06,0.04,1.22,0.75,0.0,2.68,16.95,3.42,6.25,90.0,0.0,0.0,0.0,0.0,0.0,0.0,1.0,1.25,2.0,4.25,0.0,0.75,0.03,0.0,0.0,0.0,0.0,0.0,0.03,0.82,0.82,5.88,0.6,0.02,0.06,0.03,1.16,0.6,0.0,2.72,18.32,3.44,5.4,90.0,0.0,0.0,0.0,0.0,0.2,0.0,1.0,1.0,1.6,4.4,0.0,0.6,0.03,0.0,0.0,0.0,0.0,0.0,0.03,0.66,0.66,5.6,112722.0,0.8667832224963644,6.0,0.086,0.126,0.788,,0.7520122942253276,0.1179838167927413,0.0466508505155047,0,0.0
9532,0,0,17,0,24.2,278,0.02,0.09,0.07,1.41,353,1,0,4.0,14.6,2025-05-10,90,0,0,0,0,0,0,0,False,4,0,0,0,0,36,0,14597,1,1,0,1.0,2,32,384,352,4.8,True,0,0,1,0.0218801833689212,90,Ipswich,Brentford,0,1,26954,2024,725746,0.031322605907917,0,2,0,0.0218801833689212,0.5715224146842957,0.5320861339569092,Ipswich,3,2,36,1.3,MID,0.0,0.01,0.01,0.0,0.51,2.0,0.0,0.7,4.8,2.1,0.0,67.0,0.0,0.0,0.0,0.0,1.0,0.0,1.0,2.0,2.0,1.0,0.0,0.0,0.0,0.0,0.0,0.0,0.0,0.0,0.0,0.22,0.22,1.0,0.0,0.01,0.01,0.0,1.68,2.5,0.0,1.65,10.0,6.45,0.0,78.5,0.0,0.0,0.0,0.0,0.5,0.0,1.0,1.0,2.5,1.5,0.0,0.0,0.0,0.01,0.0,0.0,0.5,0.0,0.0,0.11,0.11,0.5,0.0,0.02,0.02,0.0,1.96,3.0,0.0,2.03,11.27,8.93,0.0,82.33,0.0,0.0,0.0,0.0,0.33,0.0,1.0,2.0,1.67,1.67,0.0,0.0,0.0,0.02,0.0,0.0,0.67,0.0,0.0,0.11,0.09,0.43,0.0,0.02,0.02,0.0,2.04,2.75,0.0,1.95,12.35,7.0,0.0,84.25,0.0,0.0,0.0,0.0,0.5,0.0,1.0,2.0,1.75,1.5,0.0,0.0,0.0,0.02,0.0,0.0,0.5,0.0,0.0,0.33,0.31,0.32,0.0,0.02,0.02,0.0,2.17,2.6,0.0,2.04,12.88,6.06,1.4,85.4,0.0,0.0,0.0,0.0,0.4,0.0,1.0,2.0,1.6,1.6,0.0,0.2,0.0,0.01,0.0,0.0,0.4,0.0,0.0,0.27,0.26,0.52,75.0,0.0434782608695652,2.0,0.189,0.237,0.574,,,0.0281759001957662,0.0889439660752382,1,0.0
9562,0,0,0,0,0.0,451,0.0,0.0,0.0,0.0,358,0,0,0.0,0.0,2025-05-10,0,0,0,0,0,0,0,0,False,13,0,0,0,0,36,0,9385,0,0,0,0.0,0,-61,0,61,4.4,True,0,0,1,0.0638207122683525,86,Angers,Strasbourg,2,1,28338,2024,726232,0.1309127062559127,0,2,0,0.0638207122683525,0.3083056509494781,0.1135722398757934,Angers,4,1,36,0.0,MID,0.0,0.0,0.0,0.0,0.0,0.0,0.0,0.0,0.0,0.0,0.0,0.0,0.0,0.0,0.0,0.0,0.0,0.0,0.0,0.0,2.0,0.0,0.0,1.0,0.04,0.0,0.0,0.0,0.0,0.0,0.04,0.04,0.0,0.0,0.0,0.0,0.0,0.0,0.0,0.0,0.0,0.0,0.0,0.0,0.0,0.0,0.0,0.0,0.0,0.0,0.0,0.0,0.0,1.0,1.5,0.0,0.0,0.5,0.02,0.0,0.0,0.0,0.0,0.0,0.02,0.02,0.0,0.0,0.0,0.0,0.0,0.0,0.0,0.0,0.0,0.0,0.0,0.0,0.0,0.0,0.0,0.0,0.0,0.0,0.0,0.0,0.0,1.0,1.33,0.0,0.0,0.33,0.01,0.05,0.0,0.0,0.33,0.0,0.01,0.06,0.0,0.0,0.0,0.0,0.0,0.0,0.0,0.0,0.0,0.0,0.0,0.0,0.0,0.0,0.0,0.0,0.0,0.0,0.0,0.0,0.0,1.5,1.0,0.0,0.25,0.75,0.04,0.04,0.0,0.0,0.25,0.25,0.04,0.17,0.09,0.0,0.0,0.0,0.0,0.0,0.0,0.0,0.0,0.0,0.0,0.0,0.0,0.0,0.0,0.0,0.0,0.0,0.0,0.0,0.0,1.4,1.4,0.0,0.2,0.8,0.06,0.03,0.0,0.0,0.2,0.2,0.06,0.17,0.08,0.0,-65.0,-1.0,,,,,,,0.0299159051417465,0.0237704008719881,0,0.0
9593,0,0,11,0,13.9,622,0.02,0.02,0.0,1.03,352,3,0,1.8,4.4,2025-05-10,82,0,0,0,0,0,0,0,False,8,0,0,0,0,36,0,2889,1,3,1,0.0,1,-4,80,84,5.0,True,1,0,0,0.0,86,Fulham,Everton,1,3,26953,2024,725715,0.0243071559816598,0,1,0,0.0,0.6612976789474487,0.6369905471801758,Fulham,3,3,36,1.2,MID,0.0,0.01,0.01,0.0,0.46,1.0,0.0,0.5,0.4,4.2,0.0,74.0,0.0,0.0,0.0,0.0,1.0,0.0,1.0,0.0,1.0,1.0,0.0,0.0,0.0,0.0,0.0,0.0,0.0,0.0,0.0,0.18,0.18,1.2,0.0,0.02,0.02,0.0,0.43,1.0,0.0,0.6,1.1,4.75,0.0,59.5,0.0,0.0,0.0,0.0,0.5,0.0,1.0,1.0,1.0,1.0,0.0,0.0,0.0,0.0,0.0,0.0,0.0,0.0,0.0,0.16,0.16,0.6,0.0,0.02,0.02,0.0,0.58,1.33,0.0,0.8,3.53,3.77,0.67,69.67,0.0,0.0,0.0,0.0,0.33,0.0,1.0,1.33,1.0,1.33,0.0,0.0,0.0,0.0,0.0,0.0,0.0,0.0,0.0,0.1,0.1,1.0,0.0,0.02,0.02,0.0,0.8,1.25,0.0,0.82,3.8,3.52,1.0,66.75,0.0,0.0,0.0,0.0,0.25,0.0,1.0,1.0,1.0,1.25,0.0,0.0,0.0,0.0,0.0,0.0,0.0,0.0,0.0,0.09,0.09,0.75,0.0,0.03,0.03,0.0,0.94,1.4,0.0,1.14,4.28,5.98,1.2,71.4,0.0,0.0,0.0,0.0,0.2,0.0,1.0,1.2,1.4,1.4,0.0,0.0,0.0,0.02,0.0,0.0,0.2,0.0,0.0,0.12,0.1,0.86,16.0,-0.024390243902439,1.0,0.516,0.276,0.209,,,-0.0010031285686811,0.050513823525869,1,0.0
9629,0,3,41,1,35.2,417,0.17,0.84,0.67,0.69,356,0,1,11.4,44.0,2025-05-11,90,0,0,0,0,0,0,0,False,6,0,0,0,0,36,0,90671,1,0,2,35.0,11,-5316,2180,7496,5.5,True,0,1,1,0.623814582824707,90,Newcastle United,Chelsea,2,0,26957,2024,726455,0.0740462243556976,0,2,1,0.623814582824707,0.8428364992141724,0.2190219312906265,Newcastle United,3,4,36,5.3,MID,0.0,0.03,0.07,0.04,0.69,1.0,0.0,1.7,8.2,4.8,4.0,90.0,0.0,0.0,0.0,0.0,0.0,0.0,1.0,1.0,1.0,2.0,0.0,1.0,0.06,0.0,0.0,0.0,0.0,0.0,0.06,0.11,0.11,4.9,0.5,0.29,0.36,0.07,0.39,0.5,0.0,6.6,16.1,43.7,6.0,90.0,0.0,0.0,0.0,0.0,0.0,0.0,1.0,0.5,2.0,2.5,0.0,1.5,0.1,0.2,0.0,0.0,3.5,0.0,0.1,0.64,0.48,2.45,0.33,0.2,0.26,0.06,1.02,1.67,0.0,5.2,14.07,30.23,7.67,90.0,0.0,0.0,0.0,0.0,0.0,0.0,1.0,0.67,2.67,2.33,0.0,1.33,0.07,0.13,0.0,0.0,2.33,0.0,0.07,0.61,0.51,3.8,0.5,0.16,0.21,0.05,1.26,1.25,0.0,4.97,16.7,26.17,6.75,90.0,0.0,0.0,0.0,0.0,0.0,0.0,1.0,0.5,3.25,3.25,0.0,1.25,0.06,0.17,0.25,0.25,2.0,0.0,0.06,0.55,0.47,2.85,0.4,0.14,0.23,0.09,1.15,1.2,0.2,5.32,21.16,22.1,9.8,90.0,0.0,0.0,0.0,0.0,0.0,0.0,1.0,0.6,3.4,4.4,0.2,1.4,0.11,0.13,0.2,0.2,1.6,0.2,0.11,0.5,0.38,2.28,-5317.0,-0.5494005787515502,8.0,0.447,0.25,0.303,,,0.3003218820488278,0.2132082369876198,0,0.0
9703,0,0,0,0,0.0,381,0.0,0.0,0.0,0.0,355,0,0,0.0,0.0,2025-05-11,0,0,0,0,0,0,0,0,False,19,0,0,0,0,36,0,15128,0,2,0,0.0,0,-12,0,12,4.9,True,0,0,3,0.1532725840806961,90,Napoli,Genoa,2,2,27718,2024,726978,0.7381442189216614,2,2,0,0.1532725840806961,1.234045147895813,0.6948888897895813,Napoli,2,3,36,0.0,MID,0.0,0.0,0.0,0.0,0.0,0.0,0.0,0.0,0.0,0.0,0.0,0.0,0.0,0.0,0.0,0.0,0.0,0.0,0.0,1.0,1.0,0.0,2.0,2.0,0.26,0.0,0.0,0.0,0.0,2.0,0.26,0.26,0.0,0.0,0.0,0.0,0.0,0.0,0.0,0.0,0.0,0.0,0.0,0.0,0.0,0.0,0.0,0.0,0.0,0.0,0.0,0.0,0.0,2.0,0.5,0.0,1.0,3.0,0.28,0.0,0.0,0.0,0.0,1.0,0.28,0.4,0.21,0.0,0.0,0.0,0.0,0.0,0.0,0.0,0.0,0.0,0.0,0.0,0.0,0.0,0.0,0.0,0.0,0.0,0.0,0.0,0.0,1.67,0.67,0.0,0.67,3.33,0.26,0.05,0.0,0.0,0.67,0.67,0.26,0.56,0.32,0.0,0.0,0.0,0.0,0.0,0.0,0.0,0.0,0.0,0.0,0.0,0.0,0.0,0.0,0.0,0.0,0.0,0.0,0.0,0.0,1.75,0.5,0.0,0.5,3.25,0.25,0.04,0.0,0.0,0.5,0.5,0.25,0.47,0.24,0.0,0.0,0.0,0.0,0.0,0.0,0.0,0.0,0.0,0.0,0.0,0.0,0.0,0.0,0.0,0.0,0.0,0.0,0.0,0.0,1.4,1.2,0.0,0.6,2.8,0.21,0.04,0.0,0.0,0.6,0.6,0.21,0.47,0.26,0.0,-20.0,-1.0,,,,,,,0.0487392281600187,0.0379038066982355,0,0.0
9728,0,0,3,0,0.0,410,0.0,0.0,0.0,0.0,356,0,0,0.0,0.2,2025-05-11,1,0,0,0,0,0,0,0,False,6,0,0,0,0,36,0,39510,0,0,2,0.0,1,-148,371,519,4.4,True,0,0,0,0.0,1,Newcastle United,Chelsea,2,0,26957,2024,726461,0.0,0,0,0,0.0,0.0,0.0,Newcastle United,3,4,36,0.9,MID,0.0,0.0,0.0,0.0,0.32,0.0,0.0,1.1,10.4,0.4,0.0,18.0,0.0,0.0,0.0,0.0,0.0,0.0,0.0,0.0,5.0,1.0,0.0,0.0,0.0,0.0,0.0,0.0,0.0,0.0,0.0,0.0,0.0,0.0,0.0,0.0,0.0,0.0,0.32,0.0,0.0,0.65,5.2,1.1,0.0,11.5,0.0,0.0,0.0,0.0,0.0,0.0,0.0,0.5,4.5,1.0,0.0,0.0,0.0,0.0,0.0,0.0,0.0,0.0,0.0,0.0,0.0,0.0,0.0,0.0,0.0,0.0,0.29,0.0,0.0,0.53,4.2,0.87,0.0,16.0,0.0,0.0,0.0,0.0,0.0,0.0,0.0,1.33,3.0,1.0,0.0,0.0,0.0,0.0,0.0,0.0,0.0,0.0,0.0,0.0,0.0,0.33,0.0,0.0,0.0,0.0,0.23,0.0,0.0,0.4,3.15,0.65,0.0,12.5,0.0,0.0,0.0,0.0,0.0,0.0,0.0,1.25,2.25,1.0,0.0,0.0,0.0,0.0,0.0,0.0,0.0,0.0,0.0,0.0,0.0,0.57,0.0,0.0,0.0,0.0,0.28,0.0,0.0,0.44,3.72,0.52,0.0,10.4,0.0,0.0,0.0,0.0,0.0,0.0,0.0,1.0,2.2,1.0,0.0,0.0,0.0,0.0,0.0,0.0,0.0,0.0,0.0,0.0,0.0,0.5,-529.0,-0.1662921348314607,1.0,0.447,0.25,0.303,,,0.030411122158007,0.0127023898837208,0,0.0
9757,0,0,26,1,0.6,338,0.01,0.12,0.11,0.93,353,0,0,1.7,12.4,2025-05-10,90,0,0,0,0,0,0,0,False,10,0,0,0,0,36,0,171707,1,1,0,4.0,6,8005,11581,3576,4.1,False,0,0,1,0.136526882648468,90,Ipswich,Brentford,0,1,26954,2024,725759,0.0,0,0,0,0.136526882648468,0.136526882648468,0.0,Brentford,3,2,36,4.0,DEF,0.0,0.0,0.1,0.1,1.56,3.0,0.0,3.5,20.4,10.5,4.0,90.0,0.0,0.0,0.0,0.0,0.0,0.0,1.0,3.0,4.0,1.0,0.0,1.0,0.06,0.61,0.0,0.0,1.0,0.0,0.06,1.79,1.12,2.5,0.5,0.0,0.22,0.22,1.27,1.5,0.0,3.45,17.8,5.35,11.5,90.0,0.0,0.0,0.0,0.0,0.0,0.0,1.0,2.5,2.0,3.5,0.0,1.0,0.23,0.3,0.0,0.0,0.5,0.0,0.23,0.95,0.61,1.25,0.33,0.0,0.19,0.18,1.32,1.67,0.0,3.47,20.13,3.9,10.67,90.0,0.0,0.0,0.0,0.0,0.0,0.0,1.0,2.33,2.67,2.67,0.0,1.0,0.17,0.2,0.0,0.0,0.33,0.0,0.17,0.86,0.63,1.57,0.25,0.0,0.14,0.14,1.23,1.5,0.0,3.23,21.15,3.12,8.0,90.0,0.0,0.0,0.0,0.0,0.0,0.0,1.0,2.0,2.25,2.5,0.0,0.75,0.13,0.15,0.0,0.0,0.25,0.0,0.13,0.64,0.48,1.18,0.4,0.0,0.21,0.21,1.23,1.2,0.0,3.08,20.08,2.6,8.2,90.0,0.0,0.0,0.0,0.0,0.2,0.0,1.0,1.6,1.8,3.0,0.0,0.8,0.2,0.12,0.0,0.0,0.2,0.0,0.2,0.56,0.42,1.3,8464.0,0.5281388137494227,6.0,0.189,0.237,0.574,,1.1931834075448395,0.0373148612984253,0.0003159210763283,1,0.0
9790,1,0,14,0,15.3,113,0.01,0.07,0.06,0.08,360,0,0,3.3,13.6,2025-05-10,31,0,0,0,0,0,0,0,False,20,0,0,0,0,36,0,33852,0,2,0,4.0,4,297,606,309,5.1,False,0,0,1,0.03998988494277,24,Wolverhampton Wanderers,Brighton,0,2,26961,2024,725832,0.4351241886615753,1,1,0,0.03998988494277,0.03998988494277,0.0,Brighton,3,3,36,2.5,MID,1.0,0.03,0.03,0.0,0.81,0.0,0.0,1.5,4.6,6.2,4.0,68.0,0.0,0.0,0.0,0.0,0.0,0.0,1.0,1.0,1.0,3.0,0.0,0.0,0.0,0.0,0.0,0.0,0.0,0.0,0.0,0.02,0.02,2.3,0.5,0.03,0.04,0.02,0.78,0.5,0.0,3.25,10.4,11.3,10.5,64.5,0.0,0.0,0.0,0.0,0.0,0.0,1.0,1.5,2.0,2.5,0.0,0.5,0.03,0.02,0.0,0.0,0.5,0.0,0.03,0.06,0.02,1.15,0.33,0.02,0.03,0.01,0.62,0.67,0.0,2.2,7.27,7.57,7.0,43.33,0.0,0.0,0.0,0.0,0.0,0.0,0.67,1.67,2.67,2.0,0.0,0.33,0.02,0.01,0.0,0.0,0.33,0.0,0.02,0.04,0.01,1.5,0.25,0.12,0.27,0.15,0.72,1.0,0.0,4.6,9.95,14.8,21.0,52.75,0.0,0.0,0.0,0.0,0.0,0.0,0.75,1.75,2.5,2.75,0.0,2.0,0.2,0.09,0.25,0.0,0.75,0.0,0.2,0.3,0.03,1.12,0.2,0.1,0.22,0.12,0.61,0.8,0.0,3.88,8.28,12.28,18.0,47.6,0.0,0.0,0.0,0.0,0.0,0.0,0.6,1.6,2.4,2.4,0.0,1.6,0.16,0.07,0.2,0.0,0.6,0.0,0.16,0.26,0.05,1.16,345.0,0.3245901639344262,4.0,0.351,0.271,0.379,,,0.0128861926274235,0.0879798412043646,0,1.0
9879,0,0,17,0,10.8,393,0.03,0.03,0.0,0.52,356,0,0,3.8,25.2,2025-05-11,54,0,0,0,0,0,0,0,False,6,0,0,0,0,36,0,4034,1,0,2,2.0,1,170,223,53,4.4,True,0,0,0,0.0,61,Newcastle United,Chelsea,2,0,26957,2024,726449,0.0619101040065288,0,1,0,0.0,0.1911541223526001,0.1911541223526001,Newcastle United,3,4,36,1.1,DEF,0.0,0.0,0.0,0.0,0.0,0.0,0.0,0.5,5.0,0.0,0.0,1.0,0.0,0.0,0.0,0.0,0.0,0.0,0.0,1.0,1.0,1.0,0.0,0.0,0.0,0.0,0.0,0.0,0.0,0.0,0.0,0.0,0.0,0.9,0.0,0.0,0.0,0.0,0.0,0.0,0.0,0.55,5.0,0.25,0.0,4.0,0.0,0.0,0.0,0.0,0.0,0.0,0.0,0.5,2.0,1.0,0.0,0.0,0.0,0.0,0.0,0.0,0.0,0.0,0.0,0.03,0.03,0.45,0.0,0.0,0.0,0.0,0.39,0.67,0.0,0.67,4.87,0.33,1.33,17.67,0.0,0.0,0.0,0.0,0.0,0.0,0.33,1.67,1.67,0.67,0.0,0.0,0.0,0.0,0.0,0.0,0.0,0.0,0.0,0.02,0.02,0.3,0.25,0.0,0.0,0.0,0.7,0.5,0.0,1.02,7.95,0.6,1.5,35.75,0.0,0.0,0.0,0.0,0.0,0.0,0.5,1.25,2.0,2.0,0.0,0.0,0.0,0.0,0.0,0.0,0.0,0.0,0.0,0.03,0.03,0.48,0.2,0.0,0.01,0.01,0.71,0.6,0.0,1.38,10.36,0.62,2.6,46.6,0.0,0.0,0.0,0.0,0.2,0.0,0.6,1.4,1.8,1.8,0.0,0.2,0.01,0.0,0.0,0.0,0.0,0.0,0.01,0.17,0.17,0.34,216.0,0.6159420289855072,1.0,0.447,0.25,0.303,,0.8500947340738207,0.0026093038833365,0.0439464215230427,0,0.0
9909,0,0,5,0,22.7,571,0.06,0.21,0.15,0.0,358,0,0,3.8,5.0,2025-05-10,14,0,0,0,0,0,0,0,False,17,0,0,0,0,36,0,269949,0,0,0,10.0,1,-41629,8373,50002,6.1,False,0,0,1,0.1168442219495773,12,Southampton,Manchester City,0,0,26959,2024,725798,0.1363141536712646,0,2,0,0.1168442219495773,0.3506611883640289,0.0975028052926063,Manchester City,4,1,36,2.0,MID,1.0,0.1,0.19,0.09,0.87,0.0,0.0,5.1,11.0,18.6,21.0,77.0,0.0,0.0,0.0,0.0,0.0,0.0,1.0,2.0,0.0,3.0,0.0,1.0,0.07,0.08,0.0,0.0,1.0,0.0,0.07,0.2,0.13,6.2,0.5,0.05,0.1,0.04,0.5,0.0,0.0,2.75,6.5,10.45,10.5,42.5,0.0,0.0,0.0,0.0,0.0,0.0,0.5,2.0,2.5,2.0,0.0,0.5,0.04,0.04,0.0,0.0,0.5,0.0,0.04,0.14,0.11,3.1,0.67,0.2,0.28,0.08,0.34,0.0,0.0,6.37,15.73,27.07,20.67,56.33,0.0,0.0,0.0,0.0,0.0,0.0,0.67,1.33,2.33,4.33,0.0,1.0,0.1,0.29,0.33,0.33,2.0,0.0,0.1,0.49,0.14,3.57,0.5,0.15,0.3,0.15,0.58,0.5,0.0,5.88,13.1,23.75,21.75,56.5,0.0,0.0,0.0,0.0,0.25,0.0,0.75,1.5,2.25,3.25,0.0,1.25,0.22,0.22,0.25,0.25,1.5,0.0,0.22,0.52,0.11,3.3,0.6,0.13,0.26,0.13,0.56,0.4,0.0,5.3,11.2,22.0,19.6,58.8,0.0,0.0,0.0,0.0,0.2,0.0,0.8,1.2,2.0,3.2,0.0,1.2,0.19,0.19,0.2,0.2,1.4,0.0,0.19,0.48,0.14,3.34,-138407.0,-0.7131306209850107,1.0,0.086,0.126,0.788,,,0.0624555977366216,0.1025006471946843,0,1.0
9914,0,0,5,0,0.3,221,0.0,0.0,0.0,0.13,352,0,0,0.5,4.2,2025-05-10,1,0,0,0,0,0,0,0,False,9,0,0,0,0,36,0,3986,0,3,1,0.0,1,6,96,90,4.3,False,0,0,0,0.0,1,Fulham,Everton,1,3,26953,2024,725736,0.0,0,0,0,0.0,0.0,0.0,Everton,3,3,36,0.2,DEF,0.0,0.0,0.0,0.0,2.04,1.0,0.0,2.2,21.0,0.5,0.0,89.0,0.0,0.0,0.0,0.0,1.0,0.0,1.0,1.0,1.0,1.0,0.0,0.0,0.0,0.0,0.0,0.0,0.0,0.0,0.0,0.0,0.0,-0.1,0.0,0.0,0.0,0.0,1.05,0.5,0.0,1.15,10.7,0.4,0.0,53.0,0.0,0.0,0.0,0.0,0.5,0.0,0.5,0.5,0.5,1.0,0.0,0.0,0.0,0.0,0.0,0.0,0.0,0.0,0.0,0.0,0.0,-0.2,0.0,0.0,0.21,0.21,1.44,1.33,0.0,2.07,12.67,0.63,7.0,65.33,0.0,0.0,0.0,0.0,0.33,0.0,0.67,1.33,1.0,1.0,0.0,0.33,0.16,0.0,0.0,0.0,0.0,0.0,0.16,0.38,0.22,-0.03,,,,,,,,,,,,,,,,,,,,,,,,,,,,,,,,,,,,,,,,,,,,,,,,,,,,,,,,,,,,,,,,,,,,,-126.0,0.032258064516129,1.0,0.516,0.276,0.209,,0.5165036801543359,3.9846503874230166e-10,-0.0001013244138792,1,0.0
9941,0,0,3,0,0.0,424,0.0,0.0,0.0,0.15,357,0,0,0.0,0.0,2025-05-11,7,0,0,0,0,0,0,0,False,11,0,0,0,0,36,0,37312,0,2,2,0.0,1,506,1072,566,5.5,True,0,0,0,0.0,5,Nottingham Forest,Leicester,2,2,26958,2024,726614,0.0,0,0,0,0.0,0.0,0.0,Nottingham Forest,1,4,36,1.8,FWD,0.0,0.0,0.0,0.0,0.6,1.0,0.0,0.1,1.0,0.1,0.0,29.0,0.0,0.0,0.0,0.0,0.0,0.0,0.0,2.0,0.0,1.0,0.0,0.0,0.0,0.0,0.0,0.0,0.0,0.0,0.0,0.0,0.0,0.0,0.0,0.0,0.0,0.0,0.49,1.0,0.0,0.2,2.1,0.05,0.0,21.5,0.0,0.0,0.0,0.0,0.0,0.0,0.0,2.0,0.5,1.0,0.0,0.0,0.0,0.0,0.0,0.0,0.0,0.0,0.0,0.0,0.0,0.35,0.33,0.0,0.04,0.04,0.66,0.67,0.0,0.67,3.53,1.47,1.67,42.67,0.0,0.0,0.0,0.0,0.0,0.0,0.33,1.33,0.67,1.33,0.0,0.33,0.05,0.0,0.0,0.0,0.0,0.0,0.05,0.05,0.0,0.83,0.25,0.0,0.03,0.03,0.52,1.0,0.0,0.52,2.7,1.23,1.25,34.5,0.0,0.0,0.0,0.0,0.0,0.0,0.25,2.0,1.0,1.25,0.0,0.25,0.04,0.0,0.0,0.0,0.0,0.0,0.04,0.11,0.07,0.95,0.2,0.0,0.02,0.02,0.43,0.8,0.0,0.42,2.2,0.98,1.0,28.2,0.0,0.0,0.0,0.0,0.0,0.0,0.2,1.6,1.0,1.2,0.0,0.2,0.03,0.0,0.0,0.0,0.0,0.0,0.03,0.09,0.06,0.86,1126.0,0.3089133089133089,1.0,0.704,0.178,0.117,,,0.044107449466026,0.0099698063064217,0,
9956,0,0,2,0,5.3,131,0.09,0.09,0.0,0.83,360,0,0,1.6,10.2,2025-05-10,58,0,0,0,0,0,0,0,False,20,0,0,0,0,36,0,25898,1,2,0,0.0,1,-117,299,416,4.4,False,0,0,0,0.0,66,Wolverhampton Wanderers,Brighton,0,2,26961,2024,725824,0.0,0,0,0,0.0,0.0912948325276374,0.0912948325276374,Brighton,3,3,36,0.5,DEF,0.0,0.18,0.18,0.0,1.62,1.0,0.0,1.6,11.4,0.6,4.0,36.0,0.0,0.0,0.0,0.0,0.0,0.0,0.0,1.0,1.0,1.0,0.0,0.0,0.0,0.0,0.0,0.0,0.0,0.0,0.0,0.13,0.13,-0.3,0.0,0.17,0.17,0.0,1.54,1.0,0.0,2.55,13.6,7.7,4.0,63.0,0.0,0.0,0.0,0.0,0.0,0.0,0.5,1.0,1.5,1.5,0.0,0.0,0.0,0.18,0.0,0.0,0.5,0.0,0.0,0.24,0.06,1.95,0.33,0.11,0.11,0.0,1.04,0.67,0.0,2.2,12.67,5.7,3.33,64.0,0.0,0.0,0.0,0.0,0.0,0.0,0.67,2.0,1.0,3.0,0.0,0.0,0.0,0.12,0.0,0.0,0.33,0.0,0.0,0.19,0.07,2.53,0.5,0.08,0.09,0.01,0.92,0.5,0.0,2.0,11.7,4.48,3.5,70.5,0.0,0.0,0.0,0.0,0.0,0.0,0.75,1.5,1.5,3.75,0.0,0.25,0.02,0.09,0.0,0.0,0.25,0.0,0.02,0.18,0.07,2.35,0.4,0.09,0.1,0.01,1.41,1.8,0.0,1.98,10.52,5.96,3.0,74.4,0.0,0.0,0.0,0.0,0.0,0.0,0.8,1.2,2.6,2.8,0.0,0.4,0.02,0.07,0.0,0.0,0.2,0.0,0.02,0.17,0.08,1.88,-64.0,-0.1636363636363636,1.0,0.351,0.271,0.379,,1.188348707154551,3.9846503874230166e-10,-3.901276060447323e-05,0,0.0
9989,0,0,22,1,0.3,461,0.01,0.01,0.0,1.82,358,0,0,2.0,19.6,2025-05-10,90,0,0,0,0,0,0,0,False,13,0,0,0,0,36,0,497181,1,0,0,0.0,6,-11957,1797,13754,3.9,True,0,0,0,0.0,90,Southampton,Manchester City,0,0,26959,2024,725773,0.0,0,0,0,0.0,0.1050352975726127,0.1050352975726127,Southampton,4,1,36,1.2,DEF,0.0,0.01,0.05,0.04,1.4,2.0,0.0,4.2,18.0,5.1,19.0,90.0,0.0,0.0,0.0,0.0,1.0,0.0,1.0,0.0,2.0,0.0,0.0,1.0,0.05,0.0,0.0,0.0,0.0,0.0,0.05,0.06,0.06,0.8,0.0,0.01,0.03,0.02,1.91,2.0,0.0,3.5,22.2,3.2,9.5,90.0,0.0,0.0,0.0,0.0,0.5,0.0,1.0,1.0,1.5,0.5,0.0,0.5,0.02,0.0,0.0,0.0,0.0,0.0,0.02,0.04,0.04,0.4,0.0,0.03,0.04,0.01,1.58,1.67,0.0,3.67,19.27,9.73,7.67,88.0,0.0,0.0,0.0,0.0,0.33,0.0,1.0,1.0,1.33,1.0,0.0,0.33,0.02,0.12,0.0,0.0,0.67,0.0,0.02,0.07,0.07,0.5,0.0,0.02,0.04,0.01,1.94,2.0,0.0,3.48,20.15,7.45,7.25,88.5,0.0,0.0,0.0,0.0,0.5,0.0,1.0,1.5,1.0,0.75,0.0,0.5,0.02,0.09,0.0,0.0,0.5,0.0,0.02,0.07,0.07,0.38,0.0,0.02,0.03,0.01,1.98,2.2,0.0,3.02,17.96,6.5,5.8,88.8,0.0,0.0,0.0,0.0,0.4,0.0,1.0,1.4,1.4,0.8,0.0,0.4,0.01,0.07,0.0,0.0,0.4,0.0,0.01,0.14,0.14,0.46,-12299.0,-0.7688894604848563,6.0,0.086,0.126,0.788,,2.060897833929161,3.9846503874230166e-10,-1.4686895162263625e-05,0,0.0
10023,0,0,14,0,15.3,20,0.23,0.23,0.0,2.56,354,2,0,3.4,14.8,2025-05-11,90,0,0,0,0,0,0,0,False,12,0,0,0,0,36,0,82400,1,2,2,4.0,2,-1512,733,2245,4.9,False,0,0,0,0.0,90,Liverpool,Arsenal,2,2,26952,2024,726775,0.0721821188926696,0,1,0,0.0,0.8785407543182373,0.8063586354255676,Arsenal,5,5,36,1.5,MID,0.0,0.14,0.14,0.0,0.97,2.0,0.0,1.6,8.0,5.6,2.0,90.0,0.0,0.0,0.0,0.0,0.0,0.0,1.0,2.0,1.0,2.0,0.0,0.0,0.0,0.0,0.0,0.0,0.0,0.0,0.0,0.89,0.89,4.5,0.0,0.08,0.08,0.0,1.36,2.0,0.0,1.7,10.9,4.7,1.0,90.0,0.0,0.0,0.0,0.0,0.0,0.0,1.0,2.0,1.5,2.0,0.0,0.0,0.0,0.0,0.0,0.0,0.0,0.0,0.0,0.8,0.8,6.3,0.33,0.06,0.15,0.09,0.95,1.33,0.33,3.4,21.27,4.03,8.33,82.67,0.0,0.0,0.0,0.0,0.0,0.0,1.0,1.67,1.33,4.67,0.33,0.33,0.1,0.0,0.0,0.0,0.0,0.33,0.1,0.7,0.6,4.2,0.25,0.06,0.14,0.09,0.96,1.25,0.25,3.15,19.85,3.97,7.5,84.5,0.0,0.0,0.0,0.0,0.0,0.0,1.0,1.5,1.5,4.0,0.25,0.5,0.09,0.0,0.0,0.0,0.0,0.25,0.09,0.67,0.58,3.78,0.4,0.05,0.12,0.07,0.84,1.0,0.2,2.7,17.28,3.5,6.0,85.6,0.0,0.0,0.0,0.0,0.2,0.0,1.0,1.2,1.4,3.6,0.2,0.4,0.07,0.0,0.0,0.0,0.0,0.2,0.07,0.58,0.51,3.32,-1511.0,-0.5077233042310275,2.0,0.474,0.263,0.263,,,0.0212712705674325,0.0586908833136734,1,1.0
10043,0,0,7,0,0.2,226,0.0,0.0,0.0,0.13,352,0,0,0.5,4.6,2025-05-10,6,0,0,0,0,0,0,0,False,9,0,0,0,0,36,0,71318,0,3,1,0.0,1,-1368,544,1912,4.3,False,0,0,0,0.0,3,Fulham,Everton,1,3,26953,2024,725740,0.0,0,0,0,0.0,0.253771036863327,0.253771036863327,Everton,3,3,36,0.5,MID,0.0,0.0,0.0,0.0,0.01,0.0,0.0,0.2,2.2,0.0,0.0,1.0,0.0,0.0,0.0,0.0,0.0,0.0,0.0,2.0,2.0,1.0,0.0,0.0,0.0,0.0,0.0,0.0,0.0,0.0,0.0,0.0,0.0,0.7,0.0,0.0,0.0,0.0,0.73,1.0,0.0,0.2,1.7,0.2,0.0,6.0,0.0,0.0,0.0,0.0,0.5,0.0,0.0,2.0,1.0,0.5,0.0,0.0,0.0,0.0,0.0,0.0,0.0,0.0,0.0,0.0,0.0,0.5,0.0,0.0,0.0,0.0,0.91,1.0,0.0,0.47,4.33,0.33,0.0,25.33,0.0,0.0,0.0,0.0,0.33,0.0,0.33,1.67,1.0,1.0,0.0,0.0,0.0,0.0,0.0,0.0,0.0,0.0,0.0,0.01,0.01,0.6,0.0,0.0,0.0,0.0,0.73,0.75,0.0,0.47,4.55,0.28,0.0,22.0,0.0,0.0,0.0,0.0,0.25,0.0,0.25,1.25,1.0,1.0,0.0,0.0,0.0,0.0,0.0,0.0,0.0,0.0,0.0,0.01,0.01,0.38,0.0,0.0,0.0,0.0,0.59,0.6,0.0,0.46,4.2,0.42,0.0,19.8,0.0,0.0,0.0,0.0,0.2,0.0,0.2,1.2,1.0,1.0,0.0,0.0,0.0,0.0,0.0,0.0,0.0,0.0,0.0,0.0,0.0,0.44,-1215.0,-0.5570032573289903,1.0,0.516,0.276,0.209,,,0.003189090944484,-0.0002306476959874,1,0.0
10120,0,1,33,1,35.8,409,0.34,0.34,0.0,0.69,356,0,0,6.1,19.6,2025-05-11,90,0,0,0,0,0,0,0,False,6,0,0,0,0,36,0,1010854,1,0,2,6.0,7,-56273,9431,65704,4.6,True,0,0,0,0.0,90,Newcastle United,Chelsea,2,0,26957,2024,726453,0.196073442697525,0,2,0,0.0,0.2197229415178299,0.2197229415178299,Newcastle United,3,4,36,4.7,DEF,0.0,0.02,0.02,0.0,0.69,1.0,0.0,2.0,12.2,5.8,2.0,90.0,0.0,0.0,0.0,0.0,0.0,0.0,1.0,1.0,1.0,2.0,0.0,0.0,0.0,0.0,0.0,0.0,0.0,0.0,0.0,0.14,0.14,3.7,0.5,0.04,0.04,0.0,0.39,0.5,0.0,2.65,13.5,8.15,5.0,90.0,0.0,0.0,0.0,0.0,0.0,0.0,1.0,0.5,2.0,4.0,0.0,0.0,0.0,0.0,0.0,0.0,0.0,0.0,0.0,0.38,0.38,1.85,0.33,0.04,0.07,0.03,1.02,1.67,0.0,3.0,12.07,9.73,8.33,90.0,0.0,0.0,0.0,0.0,0.0,0.0,1.0,0.67,2.67,2.67,0.0,0.33,0.02,0.02,0.0,0.0,0.33,0.0,0.02,0.29,0.25,2.8,0.5,0.03,0.06,0.02,1.26,1.25,0.0,3.0,13.1,10.63,6.25,90.0,0.0,0.0,0.0,0.0,0.0,0.0,1.0,0.5,3.25,3.5,0.0,0.25,0.01,0.02,0.0,0.0,0.5,0.0,0.01,0.38,0.35,2.1,0.4,0.03,0.05,0.02,1.15,1.2,0.0,3.24,14.4,11.76,6.2,90.0,0.0,0.0,0.0,0.0,0.0,0.0,1.0,0.6,3.4,3.2,0.0,0.2,0.01,0.02,0.0,0.0,0.6,0.0,0.01,0.48,0.45,1.68,-63859.0,-0.7489585412923404,6.0,0.447,0.25,0.303,,1.2290875883556414,0.0171917132885583,0.117266933752359,0,0.0
10151,0,0,4,0,8.3,243,0.04,0.09,0.05,0.1,352,0,0,1.8,1.2,2025-05-10,16,0,0,0,0,0,0,0,False,8,0,0,0,0,36,0,3402,0,3,1,8.0,1,-1,31,32,4.8,True,0,0,1,0.0335079617798328,12,Fulham,Everton,1,3,26953,2024,725724,0.0,0,0,0,0.0335079617798328,0.0627078264951706,0.0291998703032732,Fulham,3,3,36,0.8,MID,0.0,0.12,0.12,0.0,0.0,0.0,0.0,2.1,4.2,14.8,2.0,4.0,0.0,0.0,0.0,0.0,0.0,0.0,0.0,2.0,1.0,1.0,0.0,0.0,0.0,0.13,0.0,0.0,1.0,0.0,0.0,0.55,0.55,0.0,0.0,0.06,0.06,0.0,0.08,1.0,0.0,1.1,2.4,7.7,1.0,11.0,0.0,0.0,0.0,0.0,0.0,0.0,0.0,2.0,1.0,1.0,0.0,0.0,0.0,0.06,0.0,0.0,0.5,0.0,0.0,0.27,0.27,0.1,0.0,0.05,0.07,0.02,0.06,0.67,0.0,1.9,3.47,9.83,5.67,17.67,0.0,0.0,0.0,0.0,0.33,0.0,0.0,1.33,1.0,0.67,0.0,0.33,0.01,0.06,0.0,0.0,0.67,0.0,0.01,0.21,0.2,0.07,0.0,0.04,0.05,0.01,0.1,0.5,0.0,1.6,4.15,7.55,4.25,17.75,0.0,0.0,0.0,0.0,0.25,0.0,0.0,1.0,1.25,0.75,0.0,0.25,0.01,0.04,0.0,0.0,0.5,0.0,0.01,0.16,0.15,0.18,0.0,0.03,0.04,0.01,0.29,0.6,0.0,1.58,3.6,8.8,3.4,18.4,0.0,0.0,0.0,0.0,0.2,0.0,0.0,1.2,1.0,0.8,0.0,0.2,0.01,0.04,0.0,0.0,0.6,0.0,0.01,0.13,0.12,0.24,-10.0,-0.0158730158730158,1.0,0.516,0.276,0.209,,,0.0759440097886823,0.0001935068927236,1,0.0
10211,0,2,34,1,1.3,530,0.0,0.59,0.59,2.28,355,0,1,10.0,61.8,2025-05-11,90,0,0,0,0,0,0,0,False,14,0,0,0,0,36,0,155300,1,2,0,37.0,10,-2550,1501,4051,4.8,False,0,1,1,0.9126979112625122,90,Manchester United,West Ham,0,2,26956,2024,726595,0.0,0,0,1,0.9126979112625122,0.9709582924842834,0.0582604184746742,West Ham,2,3,36,5.0,MID,0.0,0.02,0.07,0.05,0.77,1.0,0.0,1.0,0.2,2.3,7.0,79.0,0.0,0.0,0.0,0.0,0.0,0.0,1.0,1.0,1.0,2.0,0.0,2.0,0.02,0.0,0.0,0.0,0.0,0.0,0.02,0.48,0.46,2.5,0.0,0.02,0.36,0.35,1.04,2.0,0.5,5.9,25.9,2.55,30.5,84.5,0.0,0.0,0.0,0.0,0.0,0.0,1.0,1.5,2.0,4.5,0.5,2.5,0.34,0.0,0.0,0.0,0.0,0.5,0.34,0.69,0.36,1.25,0.0,0.01,0.24,0.23,0.78,1.67,0.33,4.03,18.33,1.77,20.33,59.67,0.0,0.0,0.0,0.0,0.0,0.0,0.67,1.33,1.67,3.33,0.33,1.67,0.23,0.0,0.0,0.0,0.0,0.33,0.23,0.46,0.24,1.27,0.0,0.01,0.18,0.18,0.87,1.5,0.25,3.5,16.25,1.52,17.25,58.0,0.0,0.0,0.0,0.0,0.0,0.0,0.75,1.5,1.75,2.75,0.25,1.5,0.18,0.0,0.0,0.0,0.0,0.25,0.18,0.35,0.18,1.82,0.0,0.01,0.23,0.22,0.81,1.2,0.2,2.92,13.0,1.24,15.4,49.0,0.0,0.0,0.0,0.0,0.0,0.0,0.6,1.2,1.6,2.4,0.2,1.6,0.23,0.0,0.0,0.0,0.0,0.2,0.23,0.37,0.15,2.32,-2724.0,-0.4592939481268011,8.0,0.499,0.264,0.237,,,0.362162523399429,0.0043732412079249,0,0.0
10264,0,0,12,0,2.9,567,0.03,0.03,0.0,1.57,360,2,0,3.2,28.6,2025-05-10,90,0,0,0,0,0,0,0,False,5,0,0,0,0,36,0,35533,1,2,0,0.0,1,1876,3265,1389,4.3,True,0,0,0,0.0,90,Wolverhampton Wanderers,Brighton,0,2,26961,2024,725803,0.0,0,0,0,0.0,0.0,0.0,Wolverhampton Wanderers,3,3,36,4.2,DEF,0.0,0.0,0.0,0.0,0.71,1.0,0.0,1.7,15.8,1.0,0.0,90.0,0.0,0.0,0.0,0.0,0.0,0.0,1.0,0.0,1.0,2.0,0.0,0.0,0.0,0.0,0.0,0.0,0.0,0.0,0.0,0.07,0.07,3.5,0.5,0.0,0.0,0.0,0.93,0.5,0.0,3.1,19.8,11.05,0.0,90.0,0.0,0.0,0.0,0.0,0.5,0.0,1.0,0.0,2.0,3.5,0.0,0.0,0.0,0.03,0.0,0.0,1.0,0.0,0.0,0.42,0.42,1.75,0.67,0.0,0.0,0.0,1.06,0.33,0.0,2.77,20.2,7.47,0.0,90.0,0.0,0.0,0.0,0.0,0.33,0.0,1.0,0.33,1.33,5.33,0.0,0.0,0.0,0.02,0.0,0.0,0.67,0.0,0.0,0.28,0.28,2.57,0.5,0.0,0.0,0.0,1.28,0.75,0.0,2.5,19.05,5.93,0.0,90.0,0.0,0.0,0.0,0.0,0.5,0.0,1.0,0.75,2.0,4.0,0.0,0.0,0.0,0.01,0.0,0.0,0.5,0.0,0.0,0.4,0.4,1.93,0.4,0.0,0.11,0.11,1.19,0.8,0.0,3.8,20.4,7.98,9.6,90.0,0.0,0.0,0.0,0.0,0.4,0.0,1.0,1.0,1.8,3.6,0.0,0.6,0.15,0.02,0.0,0.0,0.6,0.0,0.15,0.35,0.35,2.2,2125.0,0.4030941125913193,1.0,0.351,0.271,0.379,,1.5730123619565974,3.9846503874230166e-10,-5.013268771270063e-05,0,1.0
10298,0,0,0,0,1.4,311,0.09,0.14,0.05,0.85,354,1,0,0.5,2.2,2025-05-11,23,0,0,0,0,0,0,0,False,1,0,0,0,0,36,0,1945314,0,2,2,1.0,1,-49336,22482,71818,7.2,True,0,0,1,0.0659750550985336,20,Liverpool,Arsenal,2,2,26952,2024,726768,0.0,0,0,0,0.0659750550985336,0.0363880507647991,0.0363880507647991,Liverpool,5,5,36,3.0,DEF,0.0,0.24,0.28,0.04,1.68,2.0,0.0,2.6,10.4,8.3,7.0,56.0,0.0,0.0,0.0,0.0,0.0,0.0,1.0,1.0,3.0,0.0,0.0,1.0,0.04,0.0,0.0,0.0,0.0,0.0,0.04,0.08,0.04,3.8,0.0,0.13,0.23,0.11,1.07,1.5,0.0,2.15,7.8,4.9,8.5,65.5,0.0,0.0,0.0,0.0,0.0,0.0,1.0,1.0,4.0,2.5,0.0,2.0,0.08,0.0,0.5,0.0,0.0,0.0,0.08,0.17,0.12,1.9,0.0,0.08,0.16,0.08,0.77,1.0,0.33,3.23,17.33,3.37,11.33,50.0,0.0,0.0,0.0,0.0,0.33,0.0,0.67,1.0,2.67,3.67,0.33,1.67,0.07,0.0,0.33,0.0,0.0,0.33,0.07,0.11,0.08,2.0,0.0,0.09,0.2,0.12,0.67,1.0,0.25,5.18,19.75,11.38,20.5,59.5,0.0,0.0,0.0,0.0,0.25,0.0,0.75,1.0,2.75,3.25,0.25,2.5,0.16,0.04,0.25,0.0,0.5,0.25,0.16,0.3,0.19,3.05,0.2,0.07,0.17,0.09,0.58,0.8,0.2,4.56,19.52,9.66,16.4,62.8,0.0,0.0,0.0,0.0,0.2,0.0,0.8,0.8,2.6,3.8,0.2,2.0,0.13,0.03,0.2,0.0,0.4,0.2,0.13,0.36,0.27,3.58,-50326.0,-0.5231813361611877,1.0,0.474,0.263,0.263,,0.5138212892016798,0.0286323952880038,-2.3853948373231404e-05,0,0.0
10324,0,0,12,0,2.2,159,0.01,0.06,0.05,1.55,356,1,0,1.7,10.6,2025-05-11,74,0,0,0,0,0,0,0,False,15,0,0,0,0,36,0,87427,1,0,2,4.0,2,-1162,2766,3928,4.4,False,0,0,1,0.0477392561733722,81,Newcastle United,Chelsea,2,0,26957,2024,726465,0.0,0,0,0,0.0477392561733722,0.0491496846079826,0.0491496846079826,Chelsea,3,4,36,3.0,DEF,0.0,0.0,0.0,0.0,1.05,1.0,0.0,1.8,17.4,0.2,0.0,90.0,0.0,0.0,0.0,0.0,1.0,0.0,1.0,1.0,3.0,1.0,0.0,0.0,0.0,0.0,0.0,0.0,0.0,0.0,0.0,0.39,0.39,2.2,0.5,0.0,0.0,0.0,0.74,0.5,0.0,2.3,21.1,0.9,1.0,90.0,0.0,0.0,0.0,0.0,0.5,0.0,1.0,0.5,2.0,5.0,0.0,0.0,0.0,0.0,0.0,0.0,0.0,0.0,0.0,0.21,0.21,1.1,0.33,0.01,0.01,0.0,0.58,0.67,0.0,2.47,22.67,1.23,0.67,90.0,0.0,0.0,0.0,0.0,0.33,0.0,1.0,1.0,1.67,4.0,0.0,0.0,0.0,0.0,0.0,0.0,0.0,0.0,0.0,0.18,0.18,1.9,0.25,0.01,0.14,0.12,0.7,1.0,0.0,3.53,21.4,2.25,11.5,90.0,0.0,0.0,0.0,0.0,0.25,0.0,1.0,1.25,1.75,3.25,0.0,0.5,0.15,0.0,0.0,0.0,0.0,0.0,0.15,0.3,0.29,1.42,0.4,0.01,0.11,0.1,0.8,0.8,0.0,3.36,19.44,3.98,10.0,90.0,0.0,0.0,0.0,0.0,0.2,0.0,1.0,1.0,1.4,3.8,0.0,0.6,0.12,0.01,0.0,0.0,0.2,0.0,0.12,0.27,0.26,1.98,-1480.0,-0.1735882880191216,2.0,0.447,0.25,0.303,,1.5760423680465183,0.0191905869375434,7.928597998474451e-05,0,0.0
10350,0,0,15,0,15.2,60,0.02,0.02,0.0,0.98,351,1,0,3.0,14.4,2025-05-10,75,0,0,0,0,0,0,0,False,2,0,0,0,0,36,0,6900,1,1,0,0.0,2,-95,147,242,4.9,True,0,0,0,0.0,84,Bournemouth,Aston Villa,0,1,26955,2024,725995,0.0098856035619974,0,1,0,0.0,0.0,0.0,Bournemouth,3,3,36,1.8,MID,0.0,0.02,0.02,0.0,1.42,1.0,0.0,2.3,9.0,13.8,0.0,90.0,0.0,0.0,0.0,0.0,0.0,0.0,1.0,2.0,1.0,2.0,0.0,0.0,0.0,0.02,0.0,0.0,1.0,0.0,0.0,0.5,0.48,0.8,0.0,0.08,0.08,0.0,1.97,1.0,0.0,3.2,17.0,12.75,2.0,90.0,0.0,0.0,0.0,0.0,0.5,0.0,1.0,1.5,1.0,1.5,0.0,0.0,0.0,0.08,0.0,0.0,1.0,0.0,0.0,0.25,0.24,0.4,0.33,0.06,0.06,0.0,1.36,0.67,0.0,2.67,12.4,12.8,1.33,80.0,0.0,0.0,0.0,0.0,0.67,0.0,1.0,1.0,0.67,1.67,0.0,0.0,0.0,0.06,0.0,0.0,1.0,0.0,0.0,0.17,0.16,0.87,0.5,0.06,0.16,0.1,1.28,0.5,0.0,3.2,13.55,11.35,7.0,82.5,0.0,0.0,0.0,0.0,0.75,0.0,1.0,0.75,0.75,1.75,0.0,0.5,0.18,0.04,0.0,0.0,0.75,0.0,0.18,0.46,0.3,0.65,0.4,0.05,0.13,0.08,1.17,0.8,0.0,2.82,12.92,9.6,5.6,84.0,0.0,0.0,0.0,0.0,0.6,0.0,1.0,1.0,1.0,1.8,0.0,0.4,0.14,0.03,0.0,0.0,0.6,0.0,0.14,0.38,0.25,0.96,-89.0,-0.2442159383033419,2.0,0.394,0.263,0.344,,,0.0001602264453972,0.0536111397882343,1,1.0
10384,0,0,5,1,2.6,608,0.01,0.01,0.0,1.1,358,0,0,0.3,0.0,2025-05-10,64,0,0,0,0,0,0,0,False,13,0,0,0,0,36,0,157533,1,0,0,0.0,3,1029,7676,6647,4.3,True,0,0,0,0.0,68,Southampton,Manchester City,0,0,26959,2024,725779,0.0,0,0,0,0.0,0.0,0.0,Southampton,4,1,36,0.5,MID,0.0,0.01,0.01,0.0,0.5,0.0,0.0,0.5,1.2,1.7,2.0,45.0,0.0,0.0,0.0,0.0,0.0,0.0,0.0,0.0,2.0,1.0,0.0,0.0,0.0,0.0,0.0,0.0,0.0,0.0,0.0,0.31,0.31,1.0,0.0,0.01,0.0,0.0,0.76,0.5,0.0,0.4,1.5,1.25,1.0,28.5,0.0,0.0,0.0,0.0,0.0,0.0,0.0,1.0,1.5,1.0,0.0,0.0,0.0,0.0,0.0,0.0,0.0,0.0,0.0,0.16,0.16,0.5,0.0,0.01,0.05,0.05,0.56,0.33,0.0,0.9,1.47,5.27,2.0,24.33,0.0,0.0,0.0,0.0,0.0,0.0,0.0,1.0,1.33,1.0,0.0,0.33,0.12,0.01,0.0,0.0,0.33,0.0,0.12,0.11,0.11,0.57,0.0,0.01,0.04,0.03,1.02,1.0,0.0,0.93,3.2,4.27,1.5,29.5,0.0,0.0,0.0,0.0,0.0,0.0,0.0,1.5,1.0,1.0,0.0,0.25,0.09,0.01,0.0,0.0,0.25,0.0,0.09,0.09,0.09,0.42,0.0,0.03,0.05,0.03,1.07,1.2,0.0,1.42,4.44,7.46,2.0,38.0,0.0,0.0,0.0,0.0,0.0,0.0,0.2,1.4,1.4,1.2,0.0,0.2,0.07,0.02,0.0,0.0,0.4,0.0,0.07,0.09,0.09,0.78,1864.0,0.0718424910982336,3.0,0.086,0.126,0.788,,,0.0032095808499328,0.0003412622091429,0,0.0
10424,0,0,22,1,24.8,210,0.05,0.13,0.08,0.52,359,0,0,7.0,12.6,2025-05-11,60,0,0,0,0,0,0,0,False,18,0,0,0,0,36,0,248423,1,2,0,33.0,6,1064,8534,7470,4.8,False,0,0,1,0.0831218957901001,65,Tottenham,Crystal Palace,0,2,26960,2024,726652,0.1100082099437713,0,2,0,0.0831218957901001,0.8234538435935974,0.6303237080574036,Crystal Palace,3,3,36,3.6,DEF,0.0,0.05,0.05,0.0,0.71,1.0,0.0,2.7,10.2,15.0,2.0,90.0,0.0,0.0,0.0,0.0,0.0,0.0,1.0,1.0,1.0,5.0,0.0,0.0,0.0,0.07,1.0,0.0,1.0,0.0,0.0,0.07,0.07,1.9,0.0,0.05,0.04,0.0,0.96,1.5,0.0,2.95,13.9,13.65,2.0,90.0,0.0,0.0,0.0,0.0,0.0,0.0,1.0,1.5,1.5,3.0,0.0,0.0,0.0,0.06,0.5,0.0,1.0,0.0,0.0,0.25,0.22,2.15,0.33,0.03,0.03,0.0,0.88,1.0,0.0,2.67,16.2,9.27,1.33,90.0,0.0,0.0,0.0,0.0,0.0,0.0,1.0,1.0,1.0,4.0,0.0,0.0,0.0,0.04,0.33,0.0,0.67,0.0,0.0,0.16,0.14,2.23,0.25,0.08,0.08,0.0,1.01,2.0,0.0,2.82,15.15,11.13,2.0,90.0,0.0,0.0,0.0,0.0,0.0,0.0,1.0,0.75,2.0,3.0,0.0,0.0,0.0,0.07,0.25,0.0,0.75,0.0,0.0,0.19,0.14,1.67,0.2,0.07,0.07,0.0,1.54,2.4,0.0,2.38,13.32,8.96,1.6,84.4,0.0,0.0,0.0,0.0,0.0,0.0,1.0,1.0,2.6,2.4,0.0,0.0,0.0,0.06,0.2,0.0,0.6,0.0,0.0,0.23,0.19,1.34,1674.0,0.0664833791552112,6.0,0.359,0.263,0.378,,1.081378275689231,0.1590731626870811,0.0924430147230372,0,1.0
10439,0,0,22,1,0.7,49,0.03,0.03,0.0,0.08,351,0,0,1.1,5.8,2025-05-10,69,0,0,0,0,0,0,0,False,3,0,0,0,0,36,0,26154,1,1,0,4.0,6,-1470,257,1727,4.4,False,0,0,0,0.0,78,Bournemouth,Aston Villa,0,1,26955,2024,726008,0.0,0,0,0,0.0,0.3482730984687805,0.3482730984687805,Aston Villa,3,3,36,2.0,DEF,0.0,0.0,0.04,0.04,1.0,1.0,0.0,1.5,11.0,0.3,4.0,90.0,0.0,0.0,0.0,0.0,0.0,0.0,1.0,1.0,4.0,2.0,0.0,1.0,0.02,0.0,0.0,0.0,0.0,0.0,0.02,0.7,0.7,3.0,0.5,0.0,0.04,0.04,0.65,0.5,0.0,2.05,9.9,6.05,4.5,90.0,0.0,0.0,0.0,0.0,0.0,0.0,1.0,2.0,2.0,4.0,0.0,1.5,0.02,0.01,0.0,0.0,0.5,0.0,0.02,0.75,0.74,1.5,0.33,0.01,0.07,0.06,0.93,0.67,0.0,2.3,12.07,4.47,6.33,90.0,0.0,0.0,0.0,0.0,0.0,0.0,1.0,1.67,2.0,3.33,0.0,1.33,0.03,0.01,0.0,0.0,0.33,0.0,0.03,0.71,0.71,1.17,0.5,0.01,0.13,0.13,0.9,0.5,0.0,2.92,16.2,3.85,9.0,90.0,0.0,0.0,0.0,0.0,0.0,0.0,1.0,1.5,1.5,4.5,0.0,1.25,0.12,0.0,0.0,0.0,0.25,0.0,0.12,0.55,0.55,1.62,0.4,0.01,0.11,0.1,1.08,0.6,0.0,2.66,15.32,3.44,7.6,83.8,0.0,0.0,0.0,0.0,0.0,0.0,1.0,1.4,1.6,3.8,0.0,1.0,0.1,0.0,0.0,0.0,0.2,0.0,0.1,0.44,0.44,1.52,-6153.0,-0.7409274193548387,6.0,0.394,0.263,0.344,,0.9845015898247056,0.0206813778483707,3.1272316078689855e-05,0,0.0
10468,0,0,0,0,0.5,296,0.0,0.0,0.0,0.08,357,0,0,0.1,0.4,2025-05-11,13,0,0,0,0,0,0,0,False,16,0,0,0,0,36,0,13379,0,2,2,0.0,1,-308,65,373,4.4,False,0,0,0,0.0,11,Nottingham Forest,Leicester,2,2,26958,2024,726629,0.0,0,0,0,0.0,0.3331030011177063,0.3331030011177063,Leicester,1,4,36,-0.8,DEF,0.0,0.06,0.06,0.0,2.78,3.0,0.0,3.0,14.8,15.4,0.0,45.0,0.0,0.0,0.0,0.0,0.0,0.0,1.0,3.0,0.0,0.0,0.0,0.0,0.0,0.05,0.0,0.0,1.0,0.0,0.0,0.05,0.0,-0.2,0.0,0.03,0.03,0.0,2.45,2.5,0.0,1.8,9.5,8.35,0.0,52.0,0.0,0.0,0.0,0.0,0.0,0.0,1.0,1.5,1.0,0.0,0.0,0.0,0.0,0.02,0.0,0.0,0.5,0.0,0.0,0.03,0.01,0.15,0.0,0.02,0.02,0.0,1.86,2.33,0.0,1.6,9.87,6.13,0.0,61.67,0.0,0.0,0.0,0.0,0.0,0.0,1.0,2.0,0.67,0.33,0.0,0.0,0.0,0.02,0.0,0.0,0.33,0.0,0.0,0.16,0.14,0.53,0.0,0.02,0.02,0.0,1.82,2.0,0.0,1.23,7.4,4.67,0.5,66.75,0.0,0.0,0.0,0.0,0.0,0.0,1.0,1.5,0.75,0.75,0.0,0.0,0.0,0.01,0.0,0.0,0.25,0.0,0.0,0.12,0.11,0.52,0.0,0.02,0.02,0.01,1.67,2.0,0.0,1.8,11.88,5.16,1.2,70.6,0.0,0.0,0.0,0.0,0.0,0.0,1.0,1.2,1.0,0.8,0.0,0.2,0.01,0.01,0.0,0.0,0.2,0.0,0.01,0.11,0.09,0.56,-204.0,-0.7031963470319634,1.0,0.704,0.178,0.117,,0.7234737759140215,0.000834048259757,0.0002059583362676,0,0.0
10483,0,0,0,0,1.4,376,0.01,0.01,0.0,0.64,355,1,0,1.0,6.6,2025-05-11,38,0,0,0,0,0,0,0,False,19,0,0,0,0,36,0,8733,0,2,0,2.0,1,99,187,88,4.3,True,0,0,0,0.0,36,Manchester United,West Ham,0,2,26956,2024,726585,0.0,0,0,0,0.0,0.1813808679580688,0.1813808679580688,Manchester United,2,3,36,1.2,DEF,0.0,0.0,0.0,0.0,0.1,0.0,0.0,0.4,2.8,0.7,0.0,14.0,0.0,0.0,0.0,0.0,0.0,0.0,0.0,3.0,4.0,1.0,0.0,0.0,0.0,0.0,0.0,0.0,0.0,0.0,0.0,0.07,0.07,1.0,0.0,0.0,0.0,0.0,0.05,0.0,0.0,0.4,3.3,0.5,0.0,19.0,0.0,0.0,0.0,0.0,0.0,0.0,0.0,2.0,2.5,1.0,0.0,0.0,0.0,0.0,0.0,0.0,0.0,0.0,0.0,0.16,0.16,0.5,0.0,0.0,0.0,0.0,0.11,0.33,0.0,0.87,7.8,0.67,0.0,38.33,0.0,0.0,0.0,0.0,0.0,0.0,0.33,1.67,1.67,1.33,0.0,0.0,0.0,0.0,0.0,0.0,0.0,0.0,0.0,0.1,0.1,0.6,0.0,0.0,0.0,0.0,0.62,1.25,0.0,0.87,8.0,0.55,0.0,51.25,0.0,0.0,0.0,0.0,0.0,0.0,0.5,1.5,2.25,1.0,0.0,0.0,0.0,0.0,0.0,0.0,0.0,0.0,0.0,0.08,0.08,0.45,0.0,0.0,0.0,0.0,0.51,1.0,0.0,0.82,7.6,0.5,0.0,47.4,0.0,0.0,0.0,0.0,0.0,0.0,0.4,1.2,1.8,1.0,0.0,0.0,0.0,0.0,0.0,0.0,0.0,0.0,0.0,0.08,0.08,0.72,153.0,0.36,1.0,0.499,0.264,0.237,,0.572574906129963,0.0018527980363114,8.074248361800151e-05,0,0.0
10521,0,0,5,0,0.6,339,0.03,0.03,0.0,2.31,354,2,0,2.3,22.0,2025-05-11,90,0,0,0,0,0,0,0,False,1,0,0,0,0,36,0,2941345,1,2,2,0.0,1,-43720,33336,77056,6.7,True,0,0,0,0.0,90,Liverpool,Arsenal,2,2,26952,2024,726757,0.0,0,0,0,0.0,1.562638282775879,1.562638282775879,Liverpool,5,5,36,4.0,DEF,0.0,0.01,0.29,0.28,3.13,3.0,1.0,7.8,48.8,2.5,27.0,90.0,0.0,0.0,0.0,0.0,1.0,0.0,1.0,1.0,3.0,6.0,1.0,3.0,0.52,0.0,0.0,0.0,0.0,1.0,0.52,0.42,0.42,7.0,0.0,0.03,0.18,0.15,1.8,2.0,0.5,5.95,38.3,7.1,14.0,90.0,0.0,0.0,0.0,0.0,0.5,0.0,1.0,1.0,4.0,4.0,0.5,2.0,0.27,0.04,0.0,0.0,0.5,0.5,0.27,0.68,0.64,3.5,0.33,0.04,0.21,0.17,1.29,1.33,0.33,5.5,31.2,9.17,14.67,90.0,0.0,0.0,0.0,0.0,0.33,0.0,1.0,1.0,2.67,5.0,0.33,2.0,0.22,0.19,0.0,0.0,0.67,0.33,0.22,0.84,0.81,4.9,0.25,0.03,0.2,0.17,1.34,1.25,0.5,5.9,34.95,7.35,16.75,90.0,0.0,0.0,0.0,0.0,0.25,0.0,1.0,1.0,2.5,6.0,0.5,2.0,0.21,0.14,0.0,0.0,0.5,0.5,0.21,0.75,0.73,3.68,0.2,0.03,0.16,0.14,1.22,1.6,0.4,5.3,33.52,6.12,13.4,90.0,0.0,0.0,0.0,0.0,0.2,0.0,1.0,1.2,2.6,5.0,0.4,1.6,0.17,0.11,0.0,0.0,0.4,0.4,0.17,0.62,0.6,4.04,-44231.0,-0.3960431915356185,1.0,0.474,0.263,0.263,,1.021225501117911,8.631299174211016e-05,3.126506796302664e-05,0,0.0
10555,0,0,17,0,1.2,231,0.01,0.04,0.03,0.79,352,1,1,4.9,40.6,2025-05-10,90,0,0,0,0,0,0,0,False,9,0,0,0,0,36,0,689174,1,3,1,7.0,8,-14475,20330,34805,4.3,False,0,1,1,0.0194629020988941,90,Fulham,Everton,1,3,26953,2024,725729,0.0,0,0,1,0.0194629020988941,0.0194629020988941,0.0,Everton,3,3,36,2.8,DEF,0.0,0.08,0.08,0.0,0.85,2.0,0.0,2.0,8.2,3.7,8.0,90.0,0.0,0.0,0.0,0.0,1.0,0.0,1.0,2.0,2.0,0.0,0.0,0.0,0.0,0.0,0.0,0.0,0.0,0.0,0.0,0.02,0.02,2.7,0.0,0.11,0.11,0.0,0.86,1.5,0.0,2.8,10.1,11.95,6.0,90.0,0.0,0.0,0.0,0.0,0.5,0.0,1.0,1.0,1.5,1.0,0.0,0.0,0.0,0.21,0.0,0.0,0.5,0.0,0.0,0.42,0.21,1.35,0.0,0.09,0.1,0.01,1.26,1.67,0.0,3.4,12.8,14.73,6.33,90.0,0.0,0.0,0.0,0.0,0.33,0.0,1.0,1.33,1.0,1.0,0.0,0.33,0.01,0.15,0.0,0.0,0.67,0.0,0.01,0.31,0.15,1.47,0.25,0.09,0.1,0.01,1.07,1.25,0.0,3.25,13.4,14.18,4.75,90.0,0.0,0.0,0.0,0.0,0.25,0.0,1.0,1.25,0.75,2.25,0.0,0.25,0.01,0.12,0.0,0.0,0.5,0.0,0.01,0.33,0.2,1.1,0.2,0.07,0.08,0.01,1.15,1.2,0.0,3.22,16.36,11.4,4.2,90.0,0.0,0.0,0.0,0.0,0.2,0.0,1.0,1.0,0.8,2.2,0.0,0.2,0.01,0.09,0.0,0.0,0.4,0.0,0.01,0.26,0.16,1.04,-21696.0,-0.262537408179922,8.0,0.516,0.276,0.209,,1.3613365817957233,0.0450738634748588,0.0002284348184209,0,0.0
10609,0,0,18,1,2.1,516,0.02,0.08,0.06,1.78,355,0,0,1.7,6.8,2025-05-11,82,0,0,0,0,0,0,0,False,14,0,0,0,0,36,0,42003,1,2,0,8.0,6,19,413,394,4.1,False,0,0,1,0.0873318240046501,85,Manchester United,West Ham,0,2,26956,2024,726591,0.0,0,0,0,0.0873318240046501,0.085313580930233,0.085313580930233,West Ham,2,3,36,2.0,DEF,0.0,0.0,0.0,0.0,0.0,0.0,0.0,0.1,0.6,0.3,0.0,10.0,0.0,0.0,0.0,0.0,0.0,0.0,0.0,1.0,1.0,1.0,0.0,0.0,0.0,0.0,0.0,0.0,0.0,0.0,0.0,0.0,0.0,0.5,0.0,0.0,0.0,0.0,0.26,1.0,0.0,0.35,2.3,0.15,1.0,7.0,0.0,0.0,0.0,0.0,0.0,0.0,0.0,1.5,2.0,0.5,0.0,0.0,0.0,0.0,0.0,0.0,0.0,0.0,0.0,0.0,0.0,0.25,0.0,0.01,0.01,0.0,0.39,1.0,0.0,0.87,7.07,0.83,0.67,34.67,0.0,0.0,0.0,0.0,0.33,0.0,0.33,1.33,1.67,0.67,0.0,0.0,0.0,0.0,0.0,0.0,0.0,0.0,0.0,0.01,0.01,0.4,0.0,0.0,0.0,0.0,0.38,1.0,0.0,0.8,6.05,0.82,1.0,34.25,0.0,0.0,0.0,0.0,0.5,0.0,0.25,1.25,1.75,0.5,0.0,0.0,0.0,0.0,0.0,0.0,0.0,0.0,0.0,0.02,0.02,0.3,0.0,0.0,0.0,0.0,0.59,1.0,0.0,1.08,9.08,0.82,0.8,41.6,0.0,0.0,0.0,0.0,0.4,0.0,0.4,1.2,1.8,0.8,0.0,0.0,0.0,0.0,0.0,0.0,0.0,0.0,0.0,0.07,0.07,0.38,61.0,0.023543990086741,6.0,0.499,0.264,0.237,,0.6053753013914083,0.0534401793929699,0.0002375395684703,0,0.0
10671,0,0,14,0,12.2,300,0.0,0.0,0.0,1.31,357,2,0,3.2,17.6,2025-05-11,90,0,0,0,0,0,0,0,False,16,0,0,0,0,36,0,19133,1,2,2,2.0,2,-662,69,731,4.9,False,0,0,0,0.0,90,Nottingham Forest,Leicester,2,2,26958,2024,726622,0.0211055278778076,0,1,0,0.0,0.3542085289955139,0.3542085289955139,Leicester,1,4,36,0.8,MID,1.0,0.01,0.23,0.22,0.53,0.0,0.0,2.9,14.4,2.8,12.0,90.0,0.0,0.0,0.0,0.0,0.0,0.0,1.0,0.0,2.0,3.0,0.0,2.0,0.44,0.0,0.0,0.0,0.0,0.0,0.44,0.7,0.7,1.8,0.5,0.03,0.14,0.11,1.27,1.5,0.0,3.8,18.5,11.4,8.0,90.0,0.0,0.0,0.0,0.0,0.5,0.0,1.0,0.0,2.5,2.0,0.0,1.0,0.22,0.01,0.0,0.0,0.5,0.0,0.22,0.41,0.4,0.9,0.33,0.03,0.12,0.09,1.71,1.33,0.0,3.77,19.6,9.6,8.33,87.33,0.0,0.0,0.0,0.0,0.67,0.0,1.0,0.33,1.67,1.67,0.0,1.33,0.18,0.01,0.0,0.0,0.33,0.0,0.18,0.29,0.27,0.6,0.25,0.04,0.13,0.1,2.2,1.5,0.0,3.9,17.4,13.62,7.75,80.5,0.0,0.0,0.0,0.0,0.5,0.0,1.0,0.75,1.75,1.75,0.0,1.25,0.15,0.04,0.0,0.0,0.75,0.0,0.15,0.26,0.22,0.45,0.2,0.06,0.13,0.08,2.42,1.8,0.0,3.86,15.88,14.36,8.2,82.4,0.0,0.0,0.0,0.0,0.6,0.0,1.0,1.2,1.4,1.6,0.0,1.0,0.12,0.04,0.0,0.0,0.8,0.0,0.12,0.23,0.19,0.52,-689.0,-0.8275,2.0,0.704,0.178,0.117,,,0.0045636939591344,0.0615059206198429,1,0.0
10704,0,0,13,1,41.4,203,0.28,0.32,0.04,0.58,359,0,0,5.3,10.0,2025-05-11,86,0,0,0,0,0,0,0,False,18,0,0,0,0,36,0,4982,1,2,0,2.0,3,-48,63,111,4.9,False,0,0,1,0.0277865082025527,90,Tottenham,Crystal Palace,0,2,26960,2024,726654,0.2639831900596618,0,3,0,0.0277865082025527,1.5746837854385376,1.546897292137146,Crystal Palace,3,3,36,1.6,MID,0.0,0.01,0.02,0.01,0.18,1.0,0.0,0.4,0.0,1.0,3.0,29.0,0.0,0.0,0.0,0.0,0.0,0.0,0.0,1.0,1.0,1.0,0.0,1.0,0.01,0.0,0.0,0.0,0.0,0.0,0.01,0.0,0.0,0.7,0.0,0.0,0.01,0.01,0.28,0.5,0.0,0.25,0.4,0.65,1.5,28.0,0.0,0.0,0.0,0.0,0.0,0.0,0.0,1.5,1.5,1.0,0.0,0.5,0.01,0.0,0.0,0.0,0.0,0.0,0.01,0.17,0.17,0.85,0.33,0.0,0.03,0.02,0.43,0.33,0.0,0.57,3.4,0.67,1.67,48.67,0.0,0.0,0.0,0.0,0.0,0.0,0.33,1.0,1.0,1.67,0.0,0.67,0.02,0.0,0.0,0.0,0.0,0.0,0.02,0.13,0.11,0.9,0.25,0.06,0.1,0.04,0.62,1.25,0.0,0.52,2.55,4.38,1.5,50.5,0.0,0.0,0.0,0.0,0.25,0.0,0.5,0.75,2.0,1.25,0.0,0.75,0.03,0.11,0.0,0.0,0.25,0.0,0.03,0.11,0.08,0.68,0.2,0.05,0.08,0.03,0.87,1.6,0.0,0.58,3.52,3.68,1.2,49.4,0.0,0.0,0.0,0.0,0.2,0.0,0.4,1.0,2.6,1.2,0.0,0.6,0.02,0.09,0.0,0.0,0.2,0.0,0.02,0.1,0.08,0.54,-37.0,-0.2758620689655172,3.0,0.359,0.263,0.378,,,0.0084517616511559,0.1973764606762977,0,1.0
10725,0,0,3,0,0.0,471,0.0,0.0,0.0,0.0,358,0,0,0.0,0.0,2025-05-10,1,0,0,0,0,0,0,0,False,13,0,0,0,0,36,0,2588,0,0,0,0.0,1,4,45,41,5.0,True,0,0,0,0.0,1,Southampton,Manchester City,0,0,26959,2024,725781,0.0,0,0,0,0.0,0.0,0.0,Southampton,4,1,36,-0.5,MID,0.0,0.01,0.01,0.0,0.44,0.0,0.0,0.4,2.2,1.5,0.0,33.0,0.0,0.0,0.0,0.0,0.0,0.0,0.0,0.0,2.0,1.0,0.0,0.0,0.0,0.0,0.0,0.0,0.0,0.0,0.0,0.01,0.01,0.5,0.0,0.01,0.02,0.02,1.33,1.5,0.0,0.35,1.5,1.55,0.5,31.0,0.0,0.0,0.0,0.0,0.0,0.0,0.0,1.5,1.0,1.0,0.0,0.5,0.01,0.0,0.0,0.0,0.0,0.0,0.01,0.02,0.0,0.25,0.0,0.01,0.02,0.01,1.2,1.33,0.0,0.6,2.73,1.63,1.67,29.33,0.0,0.0,0.0,0.0,0.0,0.0,0.0,1.33,1.67,1.0,0.0,0.33,0.01,0.0,0.0,0.0,0.0,0.0,0.01,0.11,0.1,0.1,0.0,0.02,0.06,0.03,1.7,1.5,0.25,2.58,12.3,7.45,6.0,39.5,0.0,0.0,0.0,0.0,0.0,0.0,0.25,1.25,2.0,2.5,0.25,0.5,0.08,0.04,0.0,0.0,0.5,0.25,0.08,0.17,0.09,0.32,0.0,0.03,0.05,0.02,1.87,2.0,0.2,3.06,12.48,13.24,4.8,49.6,0.0,0.0,0.0,0.0,0.0,0.0,0.4,1.0,2.4,2.4,0.2,0.4,0.06,0.05,0.0,0.0,1.0,0.2,0.06,0.25,0.17,0.26,10.0,0.0465116279069767,1.0,0.086,0.126,0.788,,,0.0327316583881625,0.0247581596534605,0,0.0
10775,0,0,6,0,1.2,18,0.01,0.01,0.0,2.56,354,2,0,1.7,16.2,2025-05-11,90,0,0,0,0,0,0,0,False,12,0,0,0,0,36,0,3500901,1,2,2,0.0,1,-171341,14804,186145,6.5,False,0,0,0,0.0,90,Liverpool,Arsenal,2,2,26952,2024,726772,0.0,0,0,0,0.0,0.6751812696456909,0.6751812696456909,Arsenal,5,5,36,2.2,DEF,0.0,0.0,0.0,0.0,0.97,2.0,0.0,1.9,18.4,0.5,0.0,90.0,0.0,0.0,0.0,0.0,0.0,0.0,1.0,2.0,1.0,1.0,0.0,0.0,0.0,0.0,0.0,0.0,0.0,0.0,0.0,0.64,0.64,3.5,0.0,0.01,0.14,0.14,1.36,2.0,0.0,3.0,24.5,2.8,2.5,90.0,0.0,0.0,0.0,0.0,0.0,0.0,1.0,2.0,1.5,1.0,0.0,0.5,0.26,0.0,0.0,0.0,0.0,0.0,0.26,0.58,0.58,5.6,0.33,0.02,0.11,0.09,0.96,1.33,0.0,2.83,23.07,3.33,1.67,90.0,0.0,0.0,0.0,0.0,0.0,0.0,1.0,2.67,1.0,2.67,0.0,0.33,0.17,0.0,0.0,0.0,0.0,0.0,0.17,0.55,0.55,6.3,0.25,0.08,0.15,0.07,0.78,1.25,0.0,3.55,21.9,12.08,1.25,90.0,0.0,0.0,0.0,0.0,0.0,0.0,1.0,2.25,1.0,2.5,0.0,0.25,0.13,0.03,0.0,0.0,0.75,0.0,0.13,0.47,0.47,4.72,0.2,0.07,0.13,0.05,0.84,1.2,0.0,3.48,22.28,10.02,2.2,90.0,0.0,0.0,0.0,0.0,0.0,0.0,1.0,2.0,1.0,2.4,0.0,0.2,0.1,0.03,0.0,0.0,0.6,0.0,0.1,0.48,0.48,4.74,-184204.0,-0.8526591324166828,1.0,0.474,0.263,0.263,,1.4885043251803824,3.9846503874230166e-10,-8.115365553118536e-05,0,1.0
10796,0,0,2,0,3.8,612,0.02,0.07,0.05,3.39,359,2,0,1.8,6.8,2025-05-11,90,0,0,0,0,0,0,0,False,7,0,0,0,0,36,0,4726,1,2,0,7.0,2,522,651,129,5.3,True,0,0,1,0.0483518056571483,90,Tottenham,Crystal Palace,0,2,26960,2024,726641,0.0,0,0,0,0.0483518056571483,0.0483518056571483,0.0,Tottenham,3,3,36,3.8,MID,0.0,0.01,0.48,0.47,0.84,1.0,1.0,5.5,37.0,0.7,17.0,90.0,0.0,0.0,0.0,0.0,0.0,0.0,1.0,1.0,1.0,10.0,1.0,1.0,0.38,0.0,0.0,0.0,0.0,1.0,0.38,0.38,0.0,3.2,0.0,0.01,0.24,0.24,0.62,1.0,0.5,3.25,19.7,0.9,11.5,56.0,0.0,0.0,0.0,0.0,0.0,0.0,0.5,1.0,3.0,5.5,0.5,0.5,0.19,0.0,0.0,0.0,0.0,0.5,0.19,0.19,0.0,1.6,0.0,0.16,0.33,0.16,0.57,1.33,0.33,3.73,17.8,8.03,11.33,59.33,0.0,0.0,0.0,0.0,0.0,0.0,0.67,1.33,2.33,4.33,0.33,0.67,0.13,0.22,0.0,0.0,0.33,0.33,0.13,0.36,0.22,1.3,0.0,0.13,0.25,0.12,0.52,1.25,0.25,2.9,13.95,6.3,8.5,52.75,0.0,0.0,0.0,0.0,0.0,0.0,0.5,1.25,2.5,3.5,0.25,0.5,0.1,0.16,0.0,0.0,0.25,0.25,0.1,0.29,0.19,1.42,0.0,0.11,0.2,0.1,0.63,1.2,0.2,2.74,11.96,7.6,7.6,54.8,0.0,0.0,0.0,0.0,0.0,0.0,0.6,1.0,2.2,3.2,0.2,0.4,0.08,0.15,0.0,0.0,0.4,0.2,0.08,0.25,0.15,1.38,595.0,0.6692307692307692,2.0,0.359,0.263,0.378,,,0.0479262137934191,0.0007763425103108,0,0.0
10830,0,0,9,0,0.3,291,0.0,0.17,0.17,1.31,357,2,0,2.5,17.8,2025-05-11,90,0,0,0,0,0,0,0,False,16,0,0,0,0,36,0,572700,1,2,2,7.0,1,5985,18995,13010,3.8,False,0,0,1,0.0724819079041481,90,Nottingham Forest,Leicester,2,2,26958,2024,726619,0.0,0,0,0,0.0724819079041481,0.3549872934818268,0.3549872934818268,Leicester,1,4,36,1.5,DEF,1.0,0.0,0.0,0.0,0.53,0.0,0.0,1.7,16.4,0.5,0.0,90.0,0.0,0.0,0.0,0.0,0.0,0.0,1.0,0.0,2.0,7.0,0.0,0.0,0.0,0.0,0.0,0.0,0.0,0.0,0.0,0.79,0.79,2.2,0.5,0.0,0.0,0.0,1.27,1.5,0.0,2.4,23.3,0.7,0.0,90.0,0.0,0.0,0.0,0.0,0.5,0.0,1.0,0.0,2.5,3.5,0.0,0.0,0.0,0.0,0.0,0.0,0.0,0.0,0.0,0.45,0.45,1.1,0.33,0.01,0.01,0.0,1.71,1.33,0.0,1.97,19.0,0.6,0.0,90.0,0.0,0.0,0.0,0.0,0.33,0.0,1.0,0.33,1.67,3.0,0.0,0.0,0.0,0.0,0.0,0.0,0.0,0.0,0.0,0.3,0.3,0.57,0.25,0.0,0.05,0.05,2.1,1.75,0.0,2.15,18.7,0.52,2.25,90.0,0.0,0.0,0.0,0.0,0.25,0.0,1.0,1.0,1.25,2.5,0.0,0.25,0.02,0.0,0.0,0.0,0.0,0.0,0.02,0.22,0.22,0.55,0.2,0.0,0.04,0.04,2.12,1.8,0.0,2.26,19.84,0.48,2.2,90.0,0.0,0.0,0.0,0.0,0.2,0.0,1.0,0.8,1.4,2.2,0.0,0.2,0.02,0.0,0.0,0.0,0.0,0.0,0.02,0.18,0.18,0.6,8277.0,0.1870020309326667,1.0,0.704,0.178,0.117,,1.7704981012412628,0.0779152418624917,0.0008007497278248,0,0.0
10862,0,0,8,1,26.8,135,0.04,0.06,0.02,0.83,360,0,0,4.1,7.4,2025-05-10,79,0,0,0,0,0,0,0,False,20,0,0,0,0,36,0,123229,1,2,0,7.0,3,3047,9443,6396,4.8,False,0,0,1,0.0328456349670887,87,Wolverhampton Wanderers,Brighton,0,2,26961,2024,725826,0.0921090468764305,0,2,0,0.0328456349670887,0.1249546855688095,0.0,Brighton,3,3,36,3.8,MID,0.0,0.03,0.28,0.25,1.83,1.0,1.0,8.9,45.2,5.5,38.0,90.0,0.0,0.0,0.0,0.0,0.0,0.0,1.0,1.0,1.0,9.0,1.0,2.0,0.18,0.0,0.0,0.0,0.0,1.0,0.18,0.18,0.0,3.0,0.0,0.02,0.15,0.12,1.18,1.0,0.5,5.65,25.3,5.0,26.0,59.0,0.0,0.0,0.0,0.0,0.0,0.0,0.5,1.5,2.0,5.0,0.5,1.0,0.09,0.0,0.0,0.0,0.0,0.5,0.09,0.33,0.24,1.5,0.0,0.04,0.18,0.14,1.4,1.67,0.33,4.47,17.87,4.93,21.67,60.67,0.0,0.0,0.0,0.0,0.0,0.0,0.67,1.67,2.67,4.0,0.33,1.0,0.09,0.0,0.0,0.0,0.0,0.33,0.09,0.28,0.2,1.73,0.0,0.16,0.33,0.16,1.17,1.5,0.25,4.7,15.5,10.27,21.0,62.75,0.0,0.0,0.0,0.0,0.0,0.0,0.75,1.75,2.5,3.5,0.25,1.0,0.09,0.13,0.0,0.0,0.5,0.25,0.09,0.44,0.23,1.3,0.0,0.19,0.33,0.13,1.05,1.6,0.2,4.72,17.48,11.48,18.0,64.4,0.0,0.0,0.0,0.0,0.0,0.0,0.8,1.6,2.4,3.8,0.2,0.8,0.07,0.22,0.2,0.2,0.6,0.2,0.07,0.48,0.19,1.5,3787.0,0.1923732558873666,3.0,0.351,0.271,0.379,,,0.0477342831056077,0.1073084798000683,1,0.0
10896,0,0,11,1,2.6,600,0.01,0.04,0.03,0.91,360,0,0,1.0,3.6,2025-05-10,90,0,0,0,0,0,0,0,False,20,0,0,0,0,36,0,4070,1,2,0,4.0,3,57,184,127,5.0,False,0,0,1,0.0225311983376741,90,Wolverhampton Wanderers,Brighton,0,2,26961,2024,725823,0.0,0,0,0,0.0225311983376741,0.0625210851430893,0.03998988494277,Brighton,3,3,36,3.0,MID,0.0,0.01,0.01,0.0,1.05,1.0,0.0,0.0,0.0,0.6,0.0,21.0,0.0,0.0,0.0,0.0,0.0,0.0,0.0,1.0,1.0,1.0,0.0,0.0,0.0,0.0,0.0,0.0,0.0,0.0,0.0,0.0,0.0,2.3,0.0,0.03,0.05,0.02,1.16,1.5,0.5,4.45,25.2,14.95,4.5,55.5,0.0,0.0,0.0,0.0,0.5,0.0,0.5,1.5,2.0,4.0,0.5,0.5,0.01,0.05,0.0,0.0,1.0,0.5,0.01,0.11,0.06,1.15,0.0,0.03,0.04,0.01,0.87,1.33,0.33,3.27,17.8,11.93,3.0,41.33,0.0,0.0,0.0,0.0,0.33,0.0,0.33,1.67,2.67,3.0,0.33,0.33,0.01,0.03,0.0,0.0,0.67,0.33,0.01,0.07,0.04,1.27,0.0,0.04,0.07,0.02,1.03,1.5,0.25,3.22,16.9,12.48,3.0,53.5,0.0,0.0,0.0,0.0,0.25,0.0,0.5,1.75,2.5,2.75,0.25,0.5,0.01,0.02,0.0,0.0,0.5,0.25,0.01,0.12,0.09,0.95,0.0,0.03,0.1,0.07,0.84,1.2,0.2,3.46,14.8,10.1,9.8,44.6,0.0,0.0,0.0,0.0,0.2,0.0,0.4,1.6,2.4,2.4,0.2,0.8,0.04,0.02,0.0,0.0,0.4,0.2,0.04,0.12,0.07,1.02,67.0,0.1832797427652733,3.0,0.351,0.271,0.379,,,0.0263975399433991,0.0001649778110208,1,0.0
10927,0,0,9,1,2.3,111,0.02,0.02,0.0,0.93,353,0,0,1.0,7.8,2025-05-10,90,0,0,0,0,0,0,0,False,10,0,0,0,0,36,0,258511,1,1,0,0.0,2,2985,8086,5101,4.3,False,1,0,0,0.0,90,Ipswich,Brentford,0,1,26954,2024,725762,0.0,0,0,0,0.0,0.1082875803112983,0.1082875803112983,Brentford,3,2,36,2.5,MID,0.0,0.23,0.23,0.0,1.3,1.0,0.0,3.4,15.2,18.3,0.0,67.0,0.0,0.0,0.0,0.0,0.0,0.0,1.0,3.0,4.0,2.0,0.0,0.0,0.0,0.44,0.0,0.0,1.0,0.0,0.0,0.58,0.58,1.5,0.5,0.14,0.14,0.0,1.14,0.5,0.0,3.95,16.6,20.75,2.0,78.5,0.0,0.0,0.0,0.0,0.5,0.0,1.0,2.5,2.0,2.0,0.0,0.0,0.0,0.28,0.0,0.0,1.5,0.0,0.0,0.61,0.55,0.75,0.33,0.1,0.1,0.0,0.95,0.67,0.0,3.27,14.73,15.9,2.0,77.33,0.0,0.0,0.0,0.0,0.33,0.0,1.0,2.33,2.67,2.0,0.0,0.0,0.0,0.19,0.0,0.0,1.0,0.0,0.0,0.42,0.38,1.1,0.25,0.08,0.08,0.0,0.78,0.5,0.0,2.45,11.05,11.95,1.5,63.25,0.0,0.0,0.0,0.0,0.5,0.0,0.75,2.0,2.25,1.5,0.0,0.0,0.0,0.14,0.0,0.0,0.75,0.0,0.0,0.31,0.28,0.82,0.4,0.06,0.06,0.0,0.77,0.4,0.0,2.14,9.52,10.64,1.2,63.6,0.0,0.0,0.0,0.0,0.4,0.0,0.8,1.6,1.8,1.8,0.0,0.0,0.0,0.11,0.0,0.0,0.6,0.0,0.0,0.27,0.24,0.96,3648.0,0.2263592932433457,2.0,0.189,0.237,0.574,,,8.013803491224714e-05,-4.535050039744526e-05,1,0.0
10967,0,0,7,1,13.4,110,0.08,0.63,0.55,0.76,353,0,0,5.2,2.4,2025-05-10,90,0,0,0,0,0,0,0,False,10,0,0,0,0,36,0,2539874,1,1,0,36.0,1,606648,623660,17012,6.8,False,1,0,5,0.4222831726074219,90,Ipswich,Brentford,0,1,26954,2024,725766,0.0480727143585681,0,1,0,0.4222831726074219,0.4703558981418609,0.0,Brentford,3,2,36,7.0,FWD,0.0,0.01,1.21,1.2,1.56,3.0,1.0,9.0,37.2,1.9,51.0,90.0,0.0,0.0,0.0,0.0,0.0,0.0,1.0,3.0,4.0,7.0,1.0,4.0,1.38,0.0,0.0,0.0,0.0,1.0,1.38,1.89,0.58,8.5,0.5,0.0,0.85,0.84,1.26,1.5,1.0,8.2,43.9,1.4,36.5,90.0,0.0,0.0,0.0,0.0,0.0,0.0,1.0,2.5,2.0,7.0,1.0,3.0,0.85,0.0,0.0,0.0,0.0,1.0,0.85,1.11,0.29,4.25,0.33,0.01,0.78,0.76,1.32,1.67,1.0,10.17,48.07,4.7,48.67,90.0,0.0,0.0,0.0,0.0,0.0,0.0,1.0,2.33,2.67,8.33,1.0,3.33,0.86,0.02,0.33,0.33,0.33,1.0,0.86,0.9,0.2,5.1,0.25,0.02,0.62,0.6,1.23,1.5,1.0,9.15,45.5,4.12,41.75,90.0,0.0,0.0,0.0,0.0,0.0,0.0,1.0,2.0,2.25,8.5,1.0,2.75,0.76,0.01,0.25,0.25,0.25,1.0,0.76,0.68,0.15,3.82,0.4,0.09,0.64,0.55,1.23,1.2,0.8,8.78,38.64,10.14,39.0,90.0,0.0,0.0,0.0,0.0,0.0,0.0,1.0,1.6,1.8,7.2,0.8,2.8,0.71,0.04,0.2,0.2,0.6,0.8,0.71,0.67,0.12,3.96,635643.0,0.9468932620748214,1.0,0.189,0.237,0.574,,,0.3668869654572602,0.0649111422211379,0,
11019,0,0,3,0,0.1,97,0.0,0.0,0.0,0.17,353,0,0,0.0,0.0,2025-05-10,1,0,0,0,0,0,0,0,False,10,0,0,0,0,36,0,6453,0,1,0,0.0,1,1,59,58,4.4,False,0,0,0,0.0,1,Ipswich,Brentford,0,1,26954,2024,725769,0.0,0,0,0,0.0,0.0,0.0,Brentford,3,2,36,1.3,MID,0.0,0.0,0.0,0.0,0.26,0.0,0.0,0.0,0.2,0.2,0.0,6.0,0.0,0.0,0.0,0.0,0.0,0.0,0.0,2.0,0.0,1.0,0.0,0.0,0.0,0.0,0.0,0.0,0.0,0.0,0.0,0.0,0.0,0.0,0.0,0.0,0.0,0.0,0.16,0.0,0.0,0.0,0.1,0.35,0.0,12.5,0.0,0.0,0.0,0.0,0.0,0.0,0.0,2.0,2.0,1.0,0.0,0.0,0.0,0.0,0.0,0.0,0.0,0.0,0.0,0.0,0.0,0.1,0.0,0.0,0.0,0.0,0.13,0.0,0.0,0.1,0.87,0.5,0.0,10.0,0.0,0.0,0.0,0.0,0.0,0.0,0.0,2.0,1.67,1.0,0.0,0.0,0.0,0.0,0.0,0.0,0.0,0.0,0.0,0.0,0.0,0.0,0.0,0.0,0.0,0.0,0.1,0.0,0.0,0.2,1.65,0.7,0.0,8.25,0.0,0.0,0.0,0.0,0.0,0.0,0.0,2.5,1.25,1.0,0.0,0.0,0.0,0.0,0.0,0.0,0.0,0.0,0.0,0.08,0.08,0.05,0.0,0.0,0.0,0.0,0.08,0.0,0.0,0.16,1.32,0.56,0.0,6.8,0.0,0.0,0.0,0.0,0.0,0.0,0.0,2.4,1.0,1.0,0.0,0.0,0.0,0.0,0.0,0.0,0.0,0.0,0.0,0.06,0.06,0.08,-17.0,0.0085470085470085,1.0,0.189,0.237,0.574,,,0.0041223978929916,0.0031144674127727,0,0.0
11045,0,0,3,0,0.8,482,0.0,0.0,0.0,1.37,359,1,0,0.7,5.8,2025-05-11,45,0,0,0,0,0,0,0,False,7,0,0,0,0,36,0,27093,0,2,0,0.0,1,-20,128,148,4.8,True,0,0,0,0.0,40,Tottenham,Crystal Palace,0,2,26960,2024,726644,0.0,0,0,0,0.0,0.0483518056571483,0.0483518056571483,Tottenham,3,3,36,0.8,MID,0.0,0.0,0.04,0.04,0.84,1.0,0.0,2.1,19.0,0.6,1.0,90.0,0.0,0.0,0.0,0.0,0.0,0.0,1.0,1.0,1.0,2.0,0.0,1.0,0.02,0.0,0.0,0.0,0.0,0.0,0.02,0.0,0.0,0.5,0.0,0.0,0.04,0.04,0.89,1.5,0.0,2.0,13.5,2.2,4.0,72.0,0.0,0.0,0.0,0.0,0.5,0.0,1.0,1.5,2.5,1.0,0.0,1.0,0.02,0.0,0.0,0.0,0.0,0.0,0.02,0.24,0.24,0.25,0.0,0.0,0.03,0.02,0.7,1.33,0.0,1.87,10.87,4.87,2.67,51.33,0.0,0.0,0.0,0.0,0.33,0.0,0.67,1.33,2.67,1.0,0.0,0.67,0.01,0.03,0.0,0.0,0.33,0.0,0.01,0.19,0.16,0.57,0.0,0.0,0.02,0.02,0.62,1.0,0.0,1.42,8.2,3.88,2.0,49.75,0.0,0.0,0.0,0.0,0.25,0.0,0.75,1.0,2.5,1.0,0.0,0.5,0.01,0.02,0.0,0.0,0.25,0.0,0.01,0.14,0.12,0.55,0.0,0.0,0.04,0.03,0.74,1.0,0.0,1.36,7.28,3.54,2.6,48.8,0.0,0.0,0.0,0.0,0.4,0.0,0.8,1.2,2.4,0.8,0.0,0.6,0.02,0.02,0.0,0.0,0.2,0.0,0.02,0.14,0.12,0.44,5.0,-0.072463768115942,1.0,0.359,0.263,0.378,,,-0.0001536324577868,-0.0003412334869776,1,0.0
