2025-08-12 12:32:49,022:WARNING:
'cuml' is a soft dependency and not included in the pycaret installation. Please run: `pip install cuml` to install.
2025-08-12 12:32:49,022:WARNING:
'cuml' is a soft dependency and not included in the pycaret installation. Please run: `pip install cuml` to install.
2025-08-12 12:32:49,022:WARNING:
'cuml' is a soft dependency and not included in the pycaret installation. Please run: `pip install cuml` to install.
2025-08-12 12:32:49,022:WARNING:
'cuml' is a soft dependency and not included in the pycaret installation. Please run: `pip install cuml` to install.
2025-08-12 12:37:50,198:INFO:Initializing load_model()
2025-08-12 12:37:50,198:INFO:load_model(model_name=./g_cs_final_model, platform=None, authentication=None, verbose=True)
2025-08-12 12:38:37,895:INFO:Initializing load_model()
2025-08-12 12:38:37,896:INFO:load_model(model_name=..g_cs_final_model, platform=None, authentication=None, verbose=True)
2025-08-12 12:38:41,730:INFO:Initializing load_model()
2025-08-12 12:38:41,730:INFO:load_model(model_name=../_cs_final_model, platform=None, authentication=None, verbose=True)
2025-08-12 12:38:50,824:INFO:Initializing load_model()
2025-08-12 12:38:50,825:INFO:load_model(model_name=../g_cs_final_model, platform=None, authentication=None, verbose=True)
2025-08-12 12:39:08,801:WARNING:C:\Users\Ilyas\AppData\Local\Temp\ipykernel_1596\1770214023.py:2: SettingWithCopyWarning: 
A value is trying to be set on a copy of a slice from a DataFrame

See the caveats in the documentation: https://pandas.pydata.org/pandas-docs/stable/user_guide/indexing.html#returning-a-view-versus-a-copy
  data_36_gk_cs.drop(columns=['position', 'clean_sheets'], inplace=True)

2025-08-12 12:39:08,862:INFO:Initializing predict_model()
2025-08-12 12:39:08,862:INFO:predict_model(self=<pycaret.classification.oop.ClassificationExperiment object at 0x000001B603A80D10>, estimator=Pipeline(memory=Memory(location=None),
         steps=[('numerical_imputer',
                 TransformerWrapper(include=['whh', 'whd', 'wha',
                                             'team_h_difficulty',
                                             'team_a_difficulty',
                                             'ownership_change',
                                             'percenatge_net_transfers',
                                             'ict_index', 'influence',
                                             'creativity', 'threat',
                                             'clean_sheets_1',
                                             'expected_goals_conceded_1',
                                             'goals_conceded_1',
                                             'goals_scored_1', 'ict_index_1',
                                             'influence_...
                 TransformerWrapper(transformer=FixImbalancer(estimator=SMOTEENN()))),
                ('normalize', TransformerWrapper(transformer=StandardScaler())),
                ('actual_estimator',
                 VotingClassifier(estimators=[('Logistic Regression',
                                               LogisticRegression(max_iter=1000,
                                                                  random_state=123)),
                                              ('K Neighbors Classifier',
                                               KNeighborsClassifier(n_jobs=-1)),
                                              ('Naive Bayes', GaussianNB())],
                                  n_jobs=-1, voting='soft'))]), probability_threshold=None, encoded_labels=False, raw_score=False, round=4, verbose=True, ml_usecase=None, preprocess=True, encode_labels=<function _SupervisedExperiment.predict_model.<locals>.encode_labels at 0x000001B6056BECA0>)
2025-08-12 12:39:08,862:INFO:Checking exceptions
2025-08-12 12:39:08,863:INFO:Preloading libraries
2025-08-12 12:39:08,863:INFO:Set up data.
2025-08-12 12:39:08,952:INFO:Set up index.
2025-08-12 12:53:18,343:INFO:Initializing load_model()
2025-08-12 12:53:18,343:INFO:load_model(model_name=../g_cs_final_model, platform=None, authentication=None, verbose=True)
2025-08-12 12:53:51,771:INFO:Initializing load_model()
2025-08-12 12:53:51,771:INFO:load_model(model_name=../g_cs_final_model, platform=None, authentication=None, verbose=True)
2025-08-12 12:53:54,470:WARNING:C:\Users\Ilyas\AppData\Local\Temp\ipykernel_1596\1770214023.py:2: SettingWithCopyWarning: 
A value is trying to be set on a copy of a slice from a DataFrame

See the caveats in the documentation: https://pandas.pydata.org/pandas-docs/stable/user_guide/indexing.html#returning-a-view-versus-a-copy
  data_36_gk_cs.drop(columns=['position', 'clean_sheets'], inplace=True)

2025-08-12 12:53:54,525:INFO:Initializing predict_model()
2025-08-12 12:53:54,525:INFO:predict_model(self=<pycaret.classification.oop.ClassificationExperiment object at 0x000001B605888ED0>, estimator=Pipeline(memory=Memory(location=None),
         steps=[('numerical_imputer',
                 TransformerWrapper(include=['whh', 'whd', 'wha',
                                             'team_h_difficulty',
                                             'team_a_difficulty',
                                             'ownership_change',
                                             'percenatge_net_transfers',
                                             'ict_index', 'influence',
                                             'creativity', 'threat',
                                             'clean_sheets_1',
                                             'expected_goals_conceded_1',
                                             'goals_conceded_1',
                                             'goals_scored_1', 'ict_index_1',
                                             'influence_...
                 TransformerWrapper(transformer=FixImbalancer(estimator=SMOTEENN()))),
                ('normalize', TransformerWrapper(transformer=StandardScaler())),
                ('actual_estimator',
                 VotingClassifier(estimators=[('Logistic Regression',
                                               LogisticRegression(max_iter=1000,
                                                                  random_state=123)),
                                              ('K Neighbors Classifier',
                                               KNeighborsClassifier(n_jobs=-1)),
                                              ('Naive Bayes', GaussianNB())],
                                  n_jobs=-1, voting='soft'))]), probability_threshold=None, encoded_labels=False, raw_score=False, round=4, verbose=True, ml_usecase=None, preprocess=True, encode_labels=<function _SupervisedExperiment.predict_model.<locals>.encode_labels at 0x000001B6710B84A0>)
2025-08-12 12:53:54,525:INFO:Checking exceptions
2025-08-12 12:53:54,525:INFO:Preloading libraries
2025-08-12 12:53:54,526:INFO:Set up data.
2025-08-12 12:53:54,608:INFO:Set up index.
2025-08-12 13:07:20,312:INFO:Initializing load_model()
2025-08-12 13:07:20,312:INFO:load_model(model_name=../g_cs_final_model, platform=None, authentication=None, verbose=True)
2025-08-12 13:07:24,156:WARNING:C:\Users\Ilyas\AppData\Local\Temp\ipykernel_1596\1770214023.py:2: SettingWithCopyWarning: 
A value is trying to be set on a copy of a slice from a DataFrame

See the caveats in the documentation: https://pandas.pydata.org/pandas-docs/stable/user_guide/indexing.html#returning-a-view-versus-a-copy
  data_36_gk_cs.drop(columns=['position', 'clean_sheets'], inplace=True)

2025-08-12 13:07:24,219:INFO:Initializing predict_model()
2025-08-12 13:07:24,220:INFO:predict_model(self=<pycaret.classification.oop.ClassificationExperiment object at 0x000001B605F5C910>, estimator=Pipeline(memory=Memory(location=None),
         steps=[('numerical_imputer',
                 TransformerWrapper(include=['whh', 'whd', 'wha',
                                             'team_h_difficulty',
                                             'team_a_difficulty',
                                             'ownership_change',
                                             'percenatge_net_transfers',
                                             'ict_index', 'influence',
                                             'creativity', 'threat',
                                             'clean_sheets_1',
                                             'expected_goals_conceded_1',
                                             'goals_conceded_1',
                                             'goals_scored_1', 'ict_index_1',
                                             'influence_...
                 TransformerWrapper(transformer=FixImbalancer(estimator=SMOTEENN()))),
                ('normalize', TransformerWrapper(transformer=StandardScaler())),
                ('actual_estimator',
                 VotingClassifier(estimators=[('Logistic Regression',
                                               LogisticRegression(max_iter=1000,
                                                                  random_state=123)),
                                              ('K Neighbors Classifier',
                                               KNeighborsClassifier(n_jobs=-1)),
                                              ('Naive Bayes', GaussianNB())],
                                  n_jobs=-1, voting='soft'))]), probability_threshold=None, encoded_labels=False, raw_score=False, round=4, verbose=True, ml_usecase=None, preprocess=True, encode_labels=<function _SupervisedExperiment.predict_model.<locals>.encode_labels at 0x000001B60862BBA0>)
2025-08-12 13:07:24,221:INFO:Checking exceptions
2025-08-12 13:07:24,221:INFO:Preloading libraries
2025-08-12 13:07:24,221:INFO:Set up data.
2025-08-12 13:07:24,377:INFO:Set up index.
2025-08-12 13:15:52,671:INFO:Initializing load_model()
2025-08-12 13:15:52,672:INFO:load_model(model_name=../g_cs_final_model, platform=None, authentication=None, verbose=True)
2025-08-12 13:15:54,989:WARNING:C:\Users\Ilyas\AppData\Local\Temp\ipykernel_1596\1770214023.py:2: SettingWithCopyWarning: 
A value is trying to be set on a copy of a slice from a DataFrame

See the caveats in the documentation: https://pandas.pydata.org/pandas-docs/stable/user_guide/indexing.html#returning-a-view-versus-a-copy
  data_36_gk_cs.drop(columns=['position', 'clean_sheets'], inplace=True)

2025-08-12 13:15:55,021:INFO:Initializing predict_model()
2025-08-12 13:15:55,021:INFO:predict_model(self=<pycaret.classification.oop.ClassificationExperiment object at 0x000001B60BAF4C10>, estimator=Pipeline(memory=Memory(location=None),
         steps=[('numerical_imputer',
                 TransformerWrapper(include=['whh', 'whd', 'wha',
                                             'team_h_difficulty',
                                             'team_a_difficulty',
                                             'ownership_change',
                                             'percenatge_net_transfers',
                                             'ict_index', 'influence',
                                             'creativity', 'threat',
                                             'clean_sheets_1',
                                             'expected_goals_conceded_1',
                                             'goals_conceded_1',
                                             'goals_scored_1', 'ict_index_1',
                                             'influence_...
                 TransformerWrapper(exclude=[],
                                    transformer=RemoveMulticollinearity(threshold=0.85))),
                ('remove_outliers',
                 TransformerWrapper(transformer=RemoveOutliers(random_state=123))),
                ('balance',
                 TransformerWrapper(transformer=FixImbalancer(estimator=SMOTEENN()))),
                ('normalize', TransformerWrapper(transformer=StandardScaler())),
                ('actual_estimator', RidgeClassifier(random_state=1176))]), probability_threshold=None, encoded_labels=False, raw_score=False, round=4, verbose=True, ml_usecase=None, preprocess=True, encode_labels=<function _SupervisedExperiment.predict_model.<locals>.encode_labels at 0x000001B6086EF880>)
2025-08-12 13:15:55,021:INFO:Checking exceptions
2025-08-12 13:15:55,021:INFO:Preloading libraries
2025-08-12 13:15:55,022:INFO:Set up data.
2025-08-12 13:15:55,084:INFO:Set up index.
2025-08-12 13:18:01,473:INFO:Initializing load_model()
2025-08-12 13:18:01,473:INFO:load_model(model_name=../g_cs_final_model, platform=None, authentication=None, verbose=True)
2025-08-12 13:18:25,267:WARNING:C:\Users\Ilyas\AppData\Local\Temp\ipykernel_1596\1770214023.py:2: SettingWithCopyWarning: 
A value is trying to be set on a copy of a slice from a DataFrame

See the caveats in the documentation: https://pandas.pydata.org/pandas-docs/stable/user_guide/indexing.html#returning-a-view-versus-a-copy
  data_36_gk_cs.drop(columns=['position', 'clean_sheets'], inplace=True)

2025-08-12 13:18:25,300:INFO:Initializing predict_model()
2025-08-12 13:18:25,300:INFO:predict_model(self=<pycaret.classification.oop.ClassificationExperiment object at 0x000001B60C788B10>, estimator=Pipeline(memory=Memory(location=None),
         steps=[('numerical_imputer',
                 TransformerWrapper(include=['whh', 'whd', 'wha',
                                             'team_h_difficulty',
                                             'team_a_difficulty',
                                             'ownership_change',
                                             'percenatge_net_transfers',
                                             'ict_index', 'influence',
                                             'creativity', 'threat',
                                             'clean_sheets_1',
                                             'expected_goals_conceded_1',
                                             'goals_conceded_1',
                                             'goals_scored_1', 'ict_index_1',
                                             'influence_...
                 TransformerWrapper(exclude=[],
                                    transformer=RemoveMulticollinearity(threshold=0.85))),
                ('remove_outliers',
                 TransformerWrapper(transformer=RemoveOutliers(random_state=123))),
                ('balance',
                 TransformerWrapper(transformer=FixImbalancer(estimator=SMOTEENN()))),
                ('normalize', TransformerWrapper(transformer=StandardScaler())),
                ('actual_estimator', RidgeClassifier(random_state=1176))]), probability_threshold=None, encoded_labels=False, raw_score=False, round=4, verbose=True, ml_usecase=None, preprocess=True, encode_labels=<function _SupervisedExperiment.predict_model.<locals>.encode_labels at 0x000001B6086EDBC0>)
2025-08-12 13:18:25,300:INFO:Checking exceptions
2025-08-12 13:18:25,301:INFO:Preloading libraries
2025-08-12 13:18:25,301:INFO:Set up data.
2025-08-12 13:18:25,403:INFO:Set up index.
2025-08-12 13:48:09,804:INFO:Initializing load_model()
2025-08-12 13:48:09,805:INFO:load_model(model_name=../g_cs_final_model, platform=None, authentication=None, verbose=True)
2025-08-12 13:48:46,982:INFO:Initializing load_model()
2025-08-12 13:48:46,982:INFO:load_model(model_name=../g_cs_final_model, platform=None, authentication=None, verbose=True)
2025-08-12 13:49:01,907:INFO:Initializing load_model()
2025-08-12 13:49:01,907:INFO:load_model(model_name=../g_cs_final_model, platform=None, authentication=None, verbose=True)
2025-08-12 13:49:05,212:INFO:Initializing load_model()
2025-08-12 13:49:05,212:INFO:load_model(model_name=../g_cs_final_model, platform=None, authentication=None, verbose=True)
2025-08-12 13:49:10,031:INFO:Initializing load_model()
2025-08-12 13:49:10,032:INFO:load_model(model_name=../g_cs_final_model, platform=None, authentication=None, verbose=True)
2025-08-12 13:49:26,954:INFO:Initializing load_model()
2025-08-12 13:49:26,970:INFO:load_model(model_name=../g_cs_final_model, platform=None, authentication=None, verbose=True)
2025-08-12 13:49:31,440:INFO:Initializing load_model()
2025-08-12 13:49:31,440:INFO:load_model(model_name=../g_cs_final_model, platform=None, authentication=None, verbose=True)
2025-08-12 13:54:23,855:INFO:Initializing load_model()
2025-08-12 13:54:23,855:INFO:load_model(model_name=../g_cs_final_model, platform=None, authentication=None, verbose=True)
2025-08-12 13:55:30,707:INFO:Initializing load_model()
2025-08-12 13:55:30,707:INFO:load_model(model_name=../g_cs_final_model, platform=None, authentication=None, verbose=True)
2025-08-12 13:55:38,833:INFO:Initializing load_model()
2025-08-12 13:55:38,842:INFO:load_model(model_name=../g_cs_final_model, platform=None, authentication=None, verbose=True)
2025-08-12 13:56:02,625:INFO:Initializing load_model()
2025-08-12 13:56:02,626:INFO:load_model(model_name=../g_cs_final_model, platform=None, authentication=None, verbose=True)
2025-08-12 13:56:19,480:INFO:Initializing load_model()
2025-08-12 13:56:19,480:INFO:load_model(model_name=../g_cs_final_model, platform=None, authentication=None, verbose=True)
2025-08-12 13:57:29,949:INFO:Initializing load_model()
2025-08-12 13:57:29,949:INFO:load_model(model_name=../g_cs_final_model, platform=None, authentication=None, verbose=True)
2025-08-12 13:57:36,725:INFO:Initializing load_model()
2025-08-12 13:57:36,725:INFO:load_model(model_name=../g_cs_final_model, platform=None, authentication=None, verbose=True)
2025-08-12 13:57:49,150:INFO:Initializing load_model()
2025-08-12 13:57:49,150:INFO:load_model(model_name=../g_cs_final_model, platform=None, authentication=None, verbose=True)
2025-08-12 13:58:14,009:INFO:Initializing load_model()
2025-08-12 13:58:14,009:INFO:load_model(model_name=../g_cs_final_model, platform=None, authentication=None, verbose=True)
2025-08-12 13:58:30,956:WARNING:C:\Users\Ilyas\AppData\Local\Temp\ipykernel_1596\1770214023.py:2: SettingWithCopyWarning: 
A value is trying to be set on a copy of a slice from a DataFrame

See the caveats in the documentation: https://pandas.pydata.org/pandas-docs/stable/user_guide/indexing.html#returning-a-view-versus-a-copy
  data_36_gk_cs.drop(columns=['position', 'clean_sheets'], inplace=True)

2025-08-12 13:58:30,985:INFO:Initializing predict_model()
2025-08-12 13:58:30,985:INFO:predict_model(self=<pycaret.classification.oop.ClassificationExperiment object at 0x000001B60C7A1D10>, estimator=Pipeline(memory=Memory(location=None),
         steps=[('numerical_imputer',
                 TransformerWrapper(include=['whh', 'whd', 'wha',
                                             'team_h_difficulty',
                                             'team_a_difficulty',
                                             'ownership_change',
                                             'percenatge_net_transfers',
                                             'ict_index', 'influence',
                                             'creativity', 'threat',
                                             'clean_sheets_1',
                                             'expected_goals_conceded_1',
                                             'goals_conceded_1',
                                             'goals_scored_1', 'ict_index_1',
                                             'influence_...
                 TransformerWrapper(exclude=[],
                                    transformer=RemoveMulticollinearity(threshold=0.85))),
                ('remove_outliers',
                 TransformerWrapper(transformer=RemoveOutliers(random_state=123))),
                ('balance',
                 TransformerWrapper(transformer=FixImbalancer(estimator=SMOTEENN()))),
                ('normalize', TransformerWrapper(transformer=StandardScaler())),
                ('actual_estimator', RidgeClassifier(random_state=1176))]), probability_threshold=None, encoded_labels=False, raw_score=False, round=4, verbose=True, ml_usecase=None, preprocess=True, encode_labels=<function _SupervisedExperiment.predict_model.<locals>.encode_labels at 0x000001B60EB196C0>)
2025-08-12 13:58:30,985:INFO:Checking exceptions
2025-08-12 13:58:30,985:INFO:Preloading libraries
2025-08-12 13:58:30,985:INFO:Set up data.
2025-08-12 13:58:31,057:INFO:Set up index.
2025-08-12 13:59:06,276:INFO:Initializing load_model()
2025-08-12 13:59:06,276:INFO:load_model(model_name=../g_cs_final_model, platform=None, authentication=None, verbose=True)
2025-08-12 13:59:14,639:INFO:Initializing load_model()
2025-08-12 13:59:14,639:INFO:load_model(model_name=../g_cs_final_model, platform=None, authentication=None, verbose=True)
2025-08-12 13:59:21,848:INFO:Initializing load_model()
2025-08-12 13:59:21,848:INFO:load_model(model_name=../g_cs_final_model, platform=None, authentication=None, verbose=True)
2025-08-12 13:59:24,253:WARNING:C:\Users\Ilyas\AppData\Local\Temp\ipykernel_1596\1770214023.py:2: SettingWithCopyWarning: 
A value is trying to be set on a copy of a slice from a DataFrame

See the caveats in the documentation: https://pandas.pydata.org/pandas-docs/stable/user_guide/indexing.html#returning-a-view-versus-a-copy
  data_36_gk_cs.drop(columns=['position', 'clean_sheets'], inplace=True)

2025-08-12 13:59:24,292:INFO:Initializing predict_model()
2025-08-12 13:59:24,292:INFO:predict_model(self=<pycaret.classification.oop.ClassificationExperiment object at 0x000001B60D403B10>, estimator=Pipeline(memory=Memory(location=None),
         steps=[('numerical_imputer',
                 TransformerWrapper(include=['whh', 'whd', 'wha',
                                             'team_h_difficulty',
                                             'team_a_difficulty',
                                             'ownership_change',
                                             'percenatge_net_transfers',
                                             'ict_index', 'influence',
                                             'creativity', 'threat',
                                             'clean_sheets_1',
                                             'expected_goals_conceded_1',
                                             'goals_conceded_1',
                                             'goals_scored_1', 'ict_index_1',
                                             'influence_...
                 TransformerWrapper(exclude=[],
                                    transformer=RemoveMulticollinearity(threshold=0.85))),
                ('remove_outliers',
                 TransformerWrapper(transformer=RemoveOutliers(random_state=123))),
                ('balance',
                 TransformerWrapper(transformer=FixImbalancer(estimator=SMOTEENN()))),
                ('normalize', TransformerWrapper(transformer=StandardScaler())),
                ('actual_estimator', RidgeClassifier(random_state=1176))]), probability_threshold=None, encoded_labels=False, raw_score=False, round=4, verbose=True, ml_usecase=None, preprocess=True, encode_labels=<function _SupervisedExperiment.predict_model.<locals>.encode_labels at 0x000001B60ECA2F20>)
2025-08-12 13:59:24,292:INFO:Checking exceptions
2025-08-12 13:59:24,292:INFO:Preloading libraries
2025-08-12 13:59:24,293:INFO:Set up data.
2025-08-12 13:59:24,359:INFO:Set up index.
2025-08-12 13:59:33,228:INFO:Initializing load_model()
2025-08-12 13:59:33,228:INFO:load_model(model_name=../g_cs_final_model, platform=None, authentication=None, verbose=True)
2025-08-12 13:59:37,168:INFO:Initializing load_model()
2025-08-12 13:59:37,169:INFO:load_model(model_name=../g_cs_final_model, platform=None, authentication=None, verbose=True)
2025-08-12 14:03:20,840:INFO:Initializing load_model()
2025-08-12 14:03:20,840:INFO:load_model(model_name=../g_cs_final_model, platform=None, authentication=None, verbose=True)
2025-08-12 14:03:27,240:INFO:Initializing load_model()
2025-08-12 14:03:27,241:INFO:load_model(model_name=../g_cs_final_model, platform=None, authentication=None, verbose=True)
2025-08-12 14:03:42,045:INFO:Initializing load_model()
2025-08-12 14:03:42,046:INFO:load_model(model_name=../g_cs_final_model, platform=None, authentication=None, verbose=True)
2025-08-12 14:03:47,083:INFO:Initializing load_model()
2025-08-12 14:03:47,084:INFO:load_model(model_name=../g_cs_final_model, platform=None, authentication=None, verbose=True)
2025-08-12 14:04:02,876:INFO:Initializing load_model()
2025-08-12 14:04:02,876:INFO:load_model(model_name=../g_cs_final_model, platform=None, authentication=None, verbose=True)
2025-08-12 14:04:12,358:INFO:Initializing load_model()
2025-08-12 14:04:12,359:INFO:load_model(model_name=../g_cs_final_model, platform=None, authentication=None, verbose=True)
2025-08-12 14:04:20,179:INFO:Initializing load_model()
2025-08-12 14:04:20,180:INFO:load_model(model_name=../g_cs_final_model, platform=None, authentication=None, verbose=True)
2025-08-12 14:04:35,493:INFO:Initializing load_model()
2025-08-12 14:04:35,493:INFO:load_model(model_name=../g_cs_final_model, platform=None, authentication=None, verbose=True)
2025-08-12 14:04:55,406:WARNING:C:\Users\Ilyas\AppData\Local\Temp\ipykernel_1596\4067393997.py:2: SettingWithCopyWarning: 
A value is trying to be set on a copy of a slice from a DataFrame

See the caveats in the documentation: https://pandas.pydata.org/pandas-docs/stable/user_guide/indexing.html#returning-a-view-versus-a-copy
  data_36_gk_cs.drop(columns=['clean_sheets'], inplace=True)

2025-08-12 14:04:55,443:INFO:Initializing predict_model()
2025-08-12 14:04:55,443:INFO:predict_model(self=<pycaret.classification.oop.ClassificationExperiment object at 0x000001B60ED5C710>, estimator=Pipeline(memory=Memory(location=None),
         steps=[('numerical_imputer',
                 TransformerWrapper(include=['whh', 'whd', 'wha',
                                             'team_h_difficulty',
                                             'team_a_difficulty',
                                             'ownership_change',
                                             'percenatge_net_transfers',
                                             'ict_index', 'influence',
                                             'creativity', 'threat',
                                             'clean_sheets_1',
                                             'expected_goals_conceded_1',
                                             'goals_conceded_1',
                                             'goals_scored_1', 'ict_index_1',
                                             'influence_...
                 TransformerWrapper(exclude=[],
                                    transformer=RemoveMulticollinearity(threshold=0.85))),
                ('remove_outliers',
                 TransformerWrapper(transformer=RemoveOutliers(random_state=123))),
                ('balance',
                 TransformerWrapper(transformer=FixImbalancer(estimator=SMOTEENN()))),
                ('normalize', TransformerWrapper(transformer=StandardScaler())),
                ('actual_estimator', RidgeClassifier(random_state=1176))]), probability_threshold=None, encoded_labels=False, raw_score=False, round=4, verbose=True, ml_usecase=None, preprocess=True, encode_labels=<function _SupervisedExperiment.predict_model.<locals>.encode_labels at 0x000001B60ECA05E0>)
2025-08-12 14:04:55,443:INFO:Checking exceptions
2025-08-12 14:04:55,443:INFO:Preloading libraries
2025-08-12 14:04:55,444:INFO:Set up data.
2025-08-12 14:04:55,477:INFO:Set up index.
2025-08-12 14:05:44,128:INFO:Initializing load_model()
2025-08-12 14:05:44,128:INFO:load_model(model_name=../g_cs_final_model, platform=None, authentication=None, verbose=True)
2025-08-12 14:05:58,912:INFO:Initializing load_model()
2025-08-12 14:05:58,913:INFO:load_model(model_name=../g_cs_final_model, platform=None, authentication=None, verbose=True)
2025-08-12 14:09:50,707:INFO:Initializing load_model()
2025-08-12 14:09:50,707:INFO:load_model(model_name=../g_cs_final_model, platform=None, authentication=None, verbose=True)
2025-08-12 14:09:54,664:INFO:Initializing load_model()
2025-08-12 14:09:54,665:INFO:load_model(model_name=../g_cs_final_model, platform=None, authentication=None, verbose=True)
2025-08-12 14:09:59,397:INFO:Initializing load_model()
2025-08-12 14:09:59,398:INFO:load_model(model_name=../g_cs_final_model, platform=None, authentication=None, verbose=True)
2025-08-12 14:10:37,050:INFO:Initializing load_model()
2025-08-12 14:10:37,050:INFO:load_model(model_name=../g_cs_final_model, platform=None, authentication=None, verbose=True)
2025-08-12 14:10:44,722:INFO:Initializing load_model()
2025-08-12 14:10:44,723:INFO:load_model(model_name=../g_cs_final_model, platform=None, authentication=None, verbose=True)
2025-08-12 14:11:01,611:INFO:Initializing load_model()
2025-08-12 14:11:01,611:INFO:load_model(model_name=../g_cs_final_model, platform=None, authentication=None, verbose=True)
2025-08-12 14:11:10,561:INFO:Initializing load_model()
2025-08-12 14:11:10,561:INFO:load_model(model_name=../g_cs_final_model, platform=None, authentication=None, verbose=True)
2025-08-12 14:14:00,002:WARNING:C:\Users\Ilyas\AppData\Local\Temp\ipykernel_1596\4067393997.py:2: SettingWithCopyWarning: 
A value is trying to be set on a copy of a slice from a DataFrame

See the caveats in the documentation: https://pandas.pydata.org/pandas-docs/stable/user_guide/indexing.html#returning-a-view-versus-a-copy
  data_36_gk_cs.drop(columns=['clean_sheets'], inplace=True)

2025-08-12 14:14:00,032:INFO:Initializing predict_model()
2025-08-12 14:14:00,034:INFO:predict_model(self=<pycaret.classification.oop.ClassificationExperiment object at 0x000001B60EDE2490>, estimator=Pipeline(memory=Memory(location=None),
         steps=[('numerical_imputer',
                 TransformerWrapper(include=['whh', 'whd', 'wha',
                                             'team_h_difficulty',
                                             'team_a_difficulty',
                                             'ownership_change',
                                             'percenatge_net_transfers',
                                             'ict_index', 'influence',
                                             'creativity', 'threat',
                                             'clean_sheets_1',
                                             'expected_goals_conceded_1',
                                             'goals_conceded_1',
                                             'goals_scored_1', 'ict_index_1',
                                             'influence_...
                 TransformerWrapper(exclude=[],
                                    transformer=RemoveMulticollinearity(threshold=0.85))),
                ('remove_outliers',
                 TransformerWrapper(transformer=RemoveOutliers(random_state=123))),
                ('balance',
                 TransformerWrapper(transformer=FixImbalancer(estimator=SMOTEENN()))),
                ('normalize', TransformerWrapper(transformer=StandardScaler())),
                ('actual_estimator', RidgeClassifier(random_state=1176))]), probability_threshold=None, encoded_labels=False, raw_score=False, round=4, verbose=True, ml_usecase=None, preprocess=True, encode_labels=<function _SupervisedExperiment.predict_model.<locals>.encode_labels at 0x000001B60EB19F80>)
2025-08-12 14:14:00,034:INFO:Checking exceptions
2025-08-12 14:14:00,034:INFO:Preloading libraries
2025-08-12 14:14:00,034:INFO:Set up data.
2025-08-12 14:14:00,066:INFO:Set up index.
2025-08-12 14:14:02,206:INFO:Initializing load_model()
2025-08-12 14:14:02,206:INFO:load_model(model_name=../g_cs_final_model, platform=None, authentication=None, verbose=True)
2025-08-12 14:14:06,476:WARNING:C:\Users\Ilyas\AppData\Local\Temp\ipykernel_1596\4067393997.py:2: SettingWithCopyWarning: 
A value is trying to be set on a copy of a slice from a DataFrame

See the caveats in the documentation: https://pandas.pydata.org/pandas-docs/stable/user_guide/indexing.html#returning-a-view-versus-a-copy
  data_36_gk_cs.drop(columns=['clean_sheets'], inplace=True)

2025-08-12 14:14:06,519:INFO:Initializing predict_model()
2025-08-12 14:14:06,519:INFO:predict_model(self=<pycaret.classification.oop.ClassificationExperiment object at 0x000001B60DAAFF10>, estimator=Pipeline(memory=Memory(location=None),
         steps=[('numerical_imputer',
                 TransformerWrapper(include=['whh', 'whd', 'wha',
                                             'team_h_difficulty',
                                             'team_a_difficulty',
                                             'ownership_change',
                                             'percenatge_net_transfers',
                                             'ict_index', 'influence',
                                             'creativity', 'threat',
                                             'clean_sheets_1',
                                             'expected_goals_conceded_1',
                                             'goals_conceded_1',
                                             'goals_scored_1', 'ict_index_1',
                                             'influence_...
                 TransformerWrapper(exclude=[],
                                    transformer=RemoveMulticollinearity(threshold=0.85))),
                ('remove_outliers',
                 TransformerWrapper(transformer=RemoveOutliers(random_state=123))),
                ('balance',
                 TransformerWrapper(transformer=FixImbalancer(estimator=SMOTEENN()))),
                ('normalize', TransformerWrapper(transformer=StandardScaler())),
                ('actual_estimator', RidgeClassifier(random_state=1176))]), probability_threshold=None, encoded_labels=False, raw_score=False, round=4, verbose=True, ml_usecase=None, preprocess=True, encode_labels=<function _SupervisedExperiment.predict_model.<locals>.encode_labels at 0x000001B60D441DA0>)
2025-08-12 14:14:06,520:INFO:Checking exceptions
2025-08-12 14:14:06,520:INFO:Preloading libraries
2025-08-12 14:14:06,520:INFO:Set up data.
2025-08-12 14:14:06,543:INFO:Set up index.
2025-08-12 14:14:11,459:INFO:Initializing load_model()
2025-08-12 14:14:11,459:INFO:load_model(model_name=../g_cs_final_model, platform=None, authentication=None, verbose=True)
2025-08-12 14:14:13,097:WARNING:C:\Users\Ilyas\AppData\Local\Temp\ipykernel_1596\4067393997.py:2: SettingWithCopyWarning: 
A value is trying to be set on a copy of a slice from a DataFrame

See the caveats in the documentation: https://pandas.pydata.org/pandas-docs/stable/user_guide/indexing.html#returning-a-view-versus-a-copy
  data_36_gk_cs.drop(columns=['clean_sheets'], inplace=True)

2025-08-12 14:14:13,130:INFO:Initializing predict_model()
2025-08-12 14:14:13,130:INFO:predict_model(self=<pycaret.classification.oop.ClassificationExperiment object at 0x000001B6104BF810>, estimator=Pipeline(memory=Memory(location=None),
         steps=[('numerical_imputer',
                 TransformerWrapper(include=['whh', 'whd', 'wha',
                                             'team_h_difficulty',
                                             'team_a_difficulty',
                                             'ownership_change',
                                             'percenatge_net_transfers',
                                             'ict_index', 'influence',
                                             'creativity', 'threat',
                                             'clean_sheets_1',
                                             'expected_goals_conceded_1',
                                             'goals_conceded_1',
                                             'goals_scored_1', 'ict_index_1',
                                             'influence_...
                 TransformerWrapper(exclude=[],
                                    transformer=RemoveMulticollinearity(threshold=0.85))),
                ('remove_outliers',
                 TransformerWrapper(transformer=RemoveOutliers(random_state=123))),
                ('balance',
                 TransformerWrapper(transformer=FixImbalancer(estimator=SMOTEENN()))),
                ('normalize', TransformerWrapper(transformer=StandardScaler())),
                ('actual_estimator', RidgeClassifier(random_state=1176))]), probability_threshold=None, encoded_labels=False, raw_score=False, round=4, verbose=True, ml_usecase=None, preprocess=True, encode_labels=<function _SupervisedExperiment.predict_model.<locals>.encode_labels at 0x000001B60576F740>)
2025-08-12 14:14:13,130:INFO:Checking exceptions
2025-08-12 14:14:13,130:INFO:Preloading libraries
2025-08-12 14:14:13,131:INFO:Set up data.
2025-08-12 14:14:13,154:INFO:Set up index.
2025-08-12 14:14:46,402:INFO:Initializing load_model()
2025-08-12 14:14:46,402:INFO:load_model(model_name=../g_cs_final_model, platform=None, authentication=None, verbose=True)
2025-08-12 14:14:56,822:INFO:Initializing load_model()
2025-08-12 14:14:56,822:INFO:load_model(model_name=../g_cs_final_model, platform=None, authentication=None, verbose=True)
2025-08-12 14:16:28,464:INFO:Initializing load_model()
2025-08-12 14:16:28,464:INFO:load_model(model_name=../g_cs_final_model, platform=None, authentication=None, verbose=True)
2025-08-12 14:16:43,208:INFO:Initializing load_model()
2025-08-12 14:16:43,208:INFO:load_model(model_name=../g_cs_final_model, platform=None, authentication=None, verbose=True)
2025-08-12 14:16:50,506:INFO:Initializing load_model()
2025-08-12 14:16:50,506:INFO:load_model(model_name=../g_cs_final_model, platform=None, authentication=None, verbose=True)
2025-08-12 14:17:08,305:INFO:Initializing load_model()
2025-08-12 14:17:08,306:INFO:load_model(model_name=../g_cs_final_model, platform=None, authentication=None, verbose=True)
2025-08-12 14:17:27,981:INFO:Initializing load_model()
2025-08-12 14:17:27,981:INFO:load_model(model_name=../g_cs_final_model, platform=None, authentication=None, verbose=True)
2025-08-12 14:17:34,822:INFO:Initializing load_model()
2025-08-12 14:17:34,822:INFO:load_model(model_name=../g_cs_final_model, platform=None, authentication=None, verbose=True)
2025-08-12 14:17:37,988:INFO:Initializing load_model()
2025-08-12 14:17:37,989:INFO:load_model(model_name=../g_cs_final_model, platform=None, authentication=None, verbose=True)
2025-08-12 14:17:45,272:INFO:Initializing load_model()
2025-08-12 14:17:45,272:INFO:load_model(model_name=../g_cs_final_model, platform=None, authentication=None, verbose=True)
2025-08-12 14:17:51,094:INFO:Initializing load_model()
2025-08-12 14:17:51,094:INFO:load_model(model_name=../g_cs_final_model, platform=None, authentication=None, verbose=True)
2025-08-12 14:18:07,371:INFO:Initializing load_model()
2025-08-12 14:18:07,371:INFO:load_model(model_name=../g_cs_final_model, platform=None, authentication=None, verbose=True)
2025-08-12 14:18:16,447:INFO:Initializing load_model()
2025-08-12 14:18:16,447:INFO:load_model(model_name=../g_cs_final_model, platform=None, authentication=None, verbose=True)
2025-08-12 14:18:25,123:INFO:Initializing load_model()
2025-08-12 14:18:25,124:INFO:load_model(model_name=../g_cs_final_model, platform=None, authentication=None, verbose=True)
2025-08-12 14:18:29,428:INFO:Initializing load_model()
2025-08-12 14:18:29,430:INFO:load_model(model_name=../g_cs_final_model, platform=None, authentication=None, verbose=True)
2025-08-12 14:18:34,102:INFO:Initializing load_model()
2025-08-12 14:18:34,103:INFO:load_model(model_name=../g_cs_final_model, platform=None, authentication=None, verbose=True)
2025-08-12 14:18:38,661:INFO:Initializing load_model()
2025-08-12 14:18:38,661:INFO:load_model(model_name=../g_cs_final_model, platform=None, authentication=None, verbose=True)
2025-08-12 14:18:53,989:INFO:Initializing load_model()
2025-08-12 14:18:53,990:INFO:load_model(model_name=../g_cs_final_model, platform=None, authentication=None, verbose=True)
2025-08-12 14:18:58,518:INFO:Initializing load_model()
2025-08-12 14:18:58,518:INFO:load_model(model_name=../g_cs_final_model, platform=None, authentication=None, verbose=True)
2025-08-12 14:19:04,153:INFO:Initializing load_model()
2025-08-12 14:19:04,153:INFO:load_model(model_name=../g_cs_final_model, platform=None, authentication=None, verbose=True)
2025-08-12 14:19:13,648:INFO:Initializing load_model()
2025-08-12 14:19:13,648:INFO:load_model(model_name=../g_cs_final_model, platform=None, authentication=None, verbose=True)
2025-08-12 14:19:32,326:INFO:Initializing load_model()
2025-08-12 14:19:32,327:INFO:load_model(model_name=../g_cs_final_model, platform=None, authentication=None, verbose=True)
2025-08-12 14:19:55,199:INFO:Initializing load_model()
2025-08-12 14:19:55,200:INFO:load_model(model_name=../g_cs_final_model, platform=None, authentication=None, verbose=True)
2025-08-12 14:20:02,286:INFO:Initializing load_model()
2025-08-12 14:20:02,298:INFO:load_model(model_name=../g_cs_final_model, platform=None, authentication=None, verbose=True)
2025-08-12 14:20:07,794:INFO:Initializing load_model()
2025-08-12 14:20:07,794:INFO:load_model(model_name=../g_cs_final_model, platform=None, authentication=None, verbose=True)
2025-08-12 14:20:17,217:WARNING:C:\Users\Ilyas\AppData\Local\Temp\ipykernel_1596\4067393997.py:2: SettingWithCopyWarning: 
A value is trying to be set on a copy of a slice from a DataFrame

See the caveats in the documentation: https://pandas.pydata.org/pandas-docs/stable/user_guide/indexing.html#returning-a-view-versus-a-copy
  data_36_gk_cs.drop(columns=['clean_sheets'], inplace=True)

2025-08-12 14:20:17,248:INFO:Initializing predict_model()
2025-08-12 14:20:17,248:INFO:predict_model(self=<pycaret.classification.oop.ClassificationExperiment object at 0x000001B6116760D0>, estimator=Pipeline(memory=Memory(location=None),
         steps=[('numerical_imputer',
                 TransformerWrapper(include=['whh', 'whd', 'wha',
                                             'team_h_difficulty',
                                             'team_a_difficulty',
                                             'ownership_change',
                                             'percenatge_net_transfers',
                                             'ict_index', 'influence',
                                             'creativity', 'threat',
                                             'clean_sheets_1',
                                             'expected_goals_conceded_1',
                                             'goals_conceded_1',
                                             'goals_scored_1', 'ict_index_1',
                                             'influence_...
                 TransformerWrapper(exclude=[],
                                    transformer=RemoveMulticollinearity(threshold=0.85))),
                ('remove_outliers',
                 TransformerWrapper(transformer=RemoveOutliers(random_state=123))),
                ('balance',
                 TransformerWrapper(transformer=FixImbalancer(estimator=SMOTEENN()))),
                ('normalize', TransformerWrapper(transformer=StandardScaler())),
                ('actual_estimator', RidgeClassifier(random_state=1176))]), probability_threshold=None, encoded_labels=False, raw_score=False, round=4, verbose=True, ml_usecase=None, preprocess=True, encode_labels=<function _SupervisedExperiment.predict_model.<locals>.encode_labels at 0x000001B6086EDEE0>)
2025-08-12 14:20:17,248:INFO:Checking exceptions
2025-08-12 14:20:17,248:INFO:Preloading libraries
2025-08-12 14:20:17,248:INFO:Set up data.
2025-08-12 14:20:17,336:INFO:Set up index.
2025-08-12 14:20:41,089:INFO:Initializing load_model()
2025-08-12 14:20:41,090:INFO:load_model(model_name=../g_cs_final_model, platform=None, authentication=None, verbose=True)
2025-08-12 14:20:42,684:WARNING:C:\Users\Ilyas\AppData\Local\Temp\ipykernel_1596\4067393997.py:2: SettingWithCopyWarning: 
A value is trying to be set on a copy of a slice from a DataFrame

See the caveats in the documentation: https://pandas.pydata.org/pandas-docs/stable/user_guide/indexing.html#returning-a-view-versus-a-copy
  data_36_gk_cs.drop(columns=['clean_sheets'], inplace=True)

2025-08-12 14:20:42,718:INFO:Initializing predict_model()
2025-08-12 14:20:42,718:INFO:predict_model(self=<pycaret.classification.oop.ClassificationExperiment object at 0x000001B61177E450>, estimator=Pipeline(memory=Memory(location=None),
         steps=[('numerical_imputer',
                 TransformerWrapper(include=['whh', 'whd', 'wha',
                                             'team_h_difficulty',
                                             'team_a_difficulty',
                                             'ownership_change',
                                             'percenatge_net_transfers',
                                             'ict_index', 'influence',
                                             'creativity', 'threat',
                                             'clean_sheets_1',
                                             'expected_goals_conceded_1',
                                             'goals_conceded_1',
                                             'goals_scored_1', 'ict_index_1',
                                             'influence_...
                 TransformerWrapper(exclude=[],
                                    transformer=RemoveMulticollinearity(threshold=0.85))),
                ('remove_outliers',
                 TransformerWrapper(transformer=RemoveOutliers(random_state=123))),
                ('balance',
                 TransformerWrapper(transformer=FixImbalancer(estimator=SMOTEENN()))),
                ('normalize', TransformerWrapper(transformer=StandardScaler())),
                ('actual_estimator', RidgeClassifier(random_state=1176))]), probability_threshold=None, encoded_labels=False, raw_score=False, round=4, verbose=True, ml_usecase=None, preprocess=True, encode_labels=<function _SupervisedExperiment.predict_model.<locals>.encode_labels at 0x000001B6119E80E0>)
2025-08-12 14:20:42,718:INFO:Checking exceptions
2025-08-12 14:20:42,718:INFO:Preloading libraries
2025-08-12 14:20:42,719:INFO:Set up data.
2025-08-12 14:20:42,784:INFO:Set up index.
2025-08-12 14:21:00,126:INFO:Initializing load_model()
2025-08-12 14:21:00,127:INFO:load_model(model_name=../g_cs_final_model, platform=None, authentication=None, verbose=True)
2025-08-12 14:21:01,714:WARNING:C:\Users\Ilyas\AppData\Local\Temp\ipykernel_1596\4067393997.py:2: SettingWithCopyWarning: 
A value is trying to be set on a copy of a slice from a DataFrame

See the caveats in the documentation: https://pandas.pydata.org/pandas-docs/stable/user_guide/indexing.html#returning-a-view-versus-a-copy
  data_36_gk_cs.drop(columns=['clean_sheets'], inplace=True)

2025-08-12 14:21:01,750:INFO:Initializing predict_model()
2025-08-12 14:21:01,750:INFO:predict_model(self=<pycaret.classification.oop.ClassificationExperiment object at 0x000001B611AB2F90>, estimator=Pipeline(memory=Memory(location=None),
         steps=[('numerical_imputer',
                 TransformerWrapper(include=['whh', 'whd', 'wha',
                                             'team_h_difficulty',
                                             'team_a_difficulty',
                                             'ownership_change',
                                             'percenatge_net_transfers',
                                             'ict_index', 'influence',
                                             'creativity', 'threat',
                                             'clean_sheets_1',
                                             'expected_goals_conceded_1',
                                             'goals_conceded_1',
                                             'goals_scored_1', 'ict_index_1',
                                             'influence_...
                 TransformerWrapper(exclude=[],
                                    transformer=RemoveMulticollinearity(threshold=0.85))),
                ('remove_outliers',
                 TransformerWrapper(transformer=RemoveOutliers(random_state=123))),
                ('balance',
                 TransformerWrapper(transformer=FixImbalancer(estimator=SMOTEENN()))),
                ('normalize', TransformerWrapper(transformer=StandardScaler())),
                ('actual_estimator', RidgeClassifier(random_state=1176))]), probability_threshold=None, encoded_labels=False, raw_score=False, round=4, verbose=True, ml_usecase=None, preprocess=True, encode_labels=<function _SupervisedExperiment.predict_model.<locals>.encode_labels at 0x000001B61196FEC0>)
2025-08-12 14:21:01,750:INFO:Checking exceptions
2025-08-12 14:21:01,751:INFO:Preloading libraries
2025-08-12 14:21:01,751:INFO:Set up data.
2025-08-12 14:21:01,812:INFO:Set up index.
2025-08-12 15:02:17,090:INFO:Initializing load_model()
2025-08-12 15:02:17,091:INFO:load_model(model_name=../g_cs_final_model, platform=None, authentication=None, verbose=True)
2025-08-12 15:02:17,360:WARNING:C:\Users\Ilyas\AppData\Local\Temp\ipykernel_1596\4067393997.py:2: SettingWithCopyWarning: 
A value is trying to be set on a copy of a slice from a DataFrame

See the caveats in the documentation: https://pandas.pydata.org/pandas-docs/stable/user_guide/indexing.html#returning-a-view-versus-a-copy
  data_36_gk_cs.drop(columns=['clean_sheets'], inplace=True)

2025-08-12 15:02:17,394:INFO:Initializing predict_model()
2025-08-12 15:02:17,394:INFO:predict_model(self=<pycaret.classification.oop.ClassificationExperiment object at 0x000001B6115C7090>, estimator=Pipeline(memory=Memory(location=None),
         steps=[('numerical_imputer',
                 TransformerWrapper(include=['whh', 'whd', 'wha',
                                             'team_h_difficulty',
                                             'team_a_difficulty',
                                             'ownership_change',
                                             'percenatge_net_transfers',
                                             'ict_index', 'influence',
                                             'creativity', 'threat',
                                             'clean_sheets_1',
                                             'expected_goals_conceded_1',
                                             'goals_conceded_1',
                                             'goals_scored_1', 'ict_index_1',
                                             'influence_...
                 TransformerWrapper(exclude=[],
                                    transformer=RemoveMulticollinearity(threshold=0.85))),
                ('remove_outliers',
                 TransformerWrapper(transformer=RemoveOutliers(random_state=123))),
                ('balance',
                 TransformerWrapper(transformer=FixImbalancer(estimator=SMOTEENN()))),
                ('normalize', TransformerWrapper(transformer=StandardScaler())),
                ('actual_estimator', RidgeClassifier(random_state=1176))]), probability_threshold=None, encoded_labels=False, raw_score=False, round=4, verbose=True, ml_usecase=None, preprocess=True, encode_labels=<function _SupervisedExperiment.predict_model.<locals>.encode_labels at 0x000001B611A83920>)
2025-08-12 15:02:17,394:INFO:Checking exceptions
2025-08-12 15:02:17,394:INFO:Preloading libraries
2025-08-12 15:02:17,394:INFO:Set up data.
2025-08-12 15:02:17,449:INFO:Set up index.
2025-08-12 15:04:31,684:INFO:Initializing load_model()
2025-08-12 15:04:31,684:INFO:load_model(model_name=../g_cs_final_model, platform=None, authentication=None, verbose=True)
2025-08-12 15:04:31,913:WARNING:C:\Users\Ilyas\AppData\Local\Temp\ipykernel_1596\436908689.py:17: SettingWithCopyWarning: 
A value is trying to be set on a copy of a slice from a DataFrame

See the caveats in the documentation: https://pandas.pydata.org/pandas-docs/stable/user_guide/indexing.html#returning-a-view-versus-a-copy
  data_36_gk_cs.drop(columns=['clean_sheets'], inplace=True)

2025-08-12 15:04:31,980:INFO:Initializing predict_model()
2025-08-12 15:04:31,980:INFO:predict_model(self=<pycaret.classification.oop.ClassificationExperiment object at 0x000001B611AFF410>, estimator=Pipeline(memory=Memory(location=None),
         steps=[('numerical_imputer',
                 TransformerWrapper(include=['whh', 'whd', 'wha',
                                             'team_h_difficulty',
                                             'team_a_difficulty',
                                             'ownership_change',
                                             'percenatge_net_transfers',
                                             'ict_index', 'influence',
                                             'creativity', 'threat',
                                             'clean_sheets_1',
                                             'expected_goals_conceded_1',
                                             'goals_conceded_1',
                                             'goals_scored_1', 'ict_index_1',
                                             'influence_...
                 TransformerWrapper(exclude=[],
                                    transformer=RemoveMulticollinearity(threshold=0.85))),
                ('remove_outliers',
                 TransformerWrapper(transformer=RemoveOutliers(random_state=123))),
                ('balance',
                 TransformerWrapper(transformer=FixImbalancer(estimator=SMOTEENN()))),
                ('normalize', TransformerWrapper(transformer=StandardScaler())),
                ('actual_estimator', RidgeClassifier(random_state=1176))]), probability_threshold=None, encoded_labels=False, raw_score=False, round=4, verbose=True, ml_usecase=None, preprocess=True, encode_labels=<function _SupervisedExperiment.predict_model.<locals>.encode_labels at 0x000001B611B2ECA0>)
2025-08-12 15:04:31,980:INFO:Checking exceptions
2025-08-12 15:04:31,980:INFO:Preloading libraries
2025-08-12 15:04:31,996:INFO:Set up data.
2025-08-12 15:04:32,013:INFO:Set up index.
2025-08-12 15:08:21,989:WARNING:
'cuml' is a soft dependency and not included in the pycaret installation. Please run: `pip install cuml` to install.
2025-08-12 15:08:21,989:WARNING:
'cuml' is a soft dependency and not included in the pycaret installation. Please run: `pip install cuml` to install.
2025-08-12 15:08:21,989:WARNING:
'cuml' is a soft dependency and not included in the pycaret installation. Please run: `pip install cuml` to install.
2025-08-12 15:08:21,990:WARNING:
'cuml' is a soft dependency and not included in the pycaret installation. Please run: `pip install cuml` to install.
2025-08-12 15:11:28,925:INFO:Initializing load_model()
2025-08-12 15:11:28,925:INFO:load_model(model_name=./models/def_xg_final_model, platform=None, authentication=None, verbose=True)
2025-08-12 15:11:36,796:INFO:Initializing load_model()
2025-08-12 15:11:36,796:INFO:load_model(model_name=../def_xg_final_model, platform=None, authentication=None, verbose=True)
2025-08-12 15:12:03,485:WARNING:C:\Users\Ilyas\AppData\Local\Temp\ipykernel_23836\1766718703.py:2: SettingWithCopyWarning: 
A value is trying to be set on a copy of a slice from a DataFrame

See the caveats in the documentation: https://pandas.pydata.org/pandas-docs/stable/user_guide/indexing.html#returning-a-view-versus-a-copy
  data_36_def_xg.drop(columns=['position', 'xG'], inplace=True)

2025-08-12 15:12:03,533:INFO:Initializing predict_model()
2025-08-12 15:12:03,533:INFO:predict_model(self=<pycaret.regression.oop.RegressionExperiment object at 0x000001CB37364C10>, estimator=Pipeline(memory=Memory(location=None),
         steps=[('numerical_imputer',
                 TransformerWrapper(include=['whh', 'whd', 'wha',
                                             'team_h_difficulty',
                                             'team_a_difficulty',
                                             'percenatge_net_transfers',
                                             'ict_index', 'influence',
                                             'creativity', 'threat',
                                             'expected_assists_1',
                                             'expected_goal_involvements_1',
                                             'expected_goals_1',
                                             'goals_scored_1', 'ict_index_1',
                                             'influence_1', 'creativi...
                                    transformer=SimpleImputer(strategy='most_frequent'))),
                ('remove_multicollinearity',
                 TransformerWrapper(exclude=[],
                                    transformer=RemoveMulticollinearity(threshold=0.9))),
                ('feature_selection',
                 TransformerWrapper(exclude=[],
                                    transformer=SelectFromModel(estimator=LGBMRegressor(),
                                                                max_features=29,
                                                                threshold=-inf))),
                ('actual_estimator',
                 ExtraTreesRegressor(n_jobs=-1, random_state=2708))]), probability_threshold=None, encoded_labels=False, raw_score=False, round=4, verbose=True, ml_usecase=None, preprocess=True, encode_labels=<function _SupervisedExperiment.predict_model.<locals>.encode_labels at 0x000001CB2633E700>)
2025-08-12 15:12:03,533:INFO:Checking exceptions
2025-08-12 15:12:03,533:INFO:Preloading libraries
2025-08-12 15:12:03,534:INFO:Set up data.
2025-08-12 15:12:03,672:INFO:Set up index.
2025-08-12 15:16:44,938:INFO:Initializing load_model()
2025-08-12 15:16:44,938:INFO:load_model(model_name=../def_xg_final_model, platform=None, authentication=None, verbose=True)
2025-08-12 15:17:01,463:INFO:Initializing load_model()
2025-08-12 15:17:01,463:INFO:load_model(model_name=../def_xg_final_model, platform=None, authentication=None, verbose=True)
2025-08-12 15:17:25,808:INFO:Initializing load_model()
2025-08-12 15:17:25,809:INFO:load_model(model_name=../def_xg_final_model, platform=None, authentication=None, verbose=True)
2025-08-12 15:17:44,020:INFO:Initializing load_model()
2025-08-12 15:17:44,020:INFO:load_model(model_name=../def_xg_final_model, platform=None, authentication=None, verbose=True)
2025-08-12 15:17:46,218:WARNING:C:\Users\Ilyas\AppData\Local\Temp\ipykernel_23836\1766718703.py:2: SettingWithCopyWarning: 
A value is trying to be set on a copy of a slice from a DataFrame

See the caveats in the documentation: https://pandas.pydata.org/pandas-docs/stable/user_guide/indexing.html#returning-a-view-versus-a-copy
  data_36_def_xg.drop(columns=['position', 'xG'], inplace=True)

2025-08-12 15:17:46,264:INFO:Initializing predict_model()
2025-08-12 15:17:46,264:INFO:predict_model(self=<pycaret.regression.oop.RegressionExperiment object at 0x000001CB38DA4ED0>, estimator=Pipeline(memory=Memory(location=None),
         steps=[('numerical_imputer',
                 TransformerWrapper(include=['whh', 'whd', 'wha',
                                             'team_h_difficulty',
                                             'team_a_difficulty',
                                             'percenatge_net_transfers',
                                             'ict_index', 'influence',
                                             'creativity', 'threat',
                                             'expected_assists_1',
                                             'expected_goal_involvements_1',
                                             'expected_goals_1',
                                             'goals_scored_1', 'ict_index_1',
                                             'influence_1', 'creativi...
                                    transformer=SimpleImputer(strategy='most_frequent'))),
                ('remove_multicollinearity',
                 TransformerWrapper(exclude=[],
                                    transformer=RemoveMulticollinearity(threshold=0.9))),
                ('feature_selection',
                 TransformerWrapper(exclude=[],
                                    transformer=SelectFromModel(estimator=LGBMRegressor(),
                                                                max_features=29,
                                                                threshold=-inf))),
                ('actual_estimator',
                 ExtraTreesRegressor(n_jobs=-1, random_state=2708))]), probability_threshold=None, encoded_labels=False, raw_score=False, round=4, verbose=True, ml_usecase=None, preprocess=True, encode_labels=<function _SupervisedExperiment.predict_model.<locals>.encode_labels at 0x000001CB389F1120>)
2025-08-12 15:17:46,264:INFO:Checking exceptions
2025-08-12 15:17:46,264:INFO:Preloading libraries
2025-08-12 15:17:46,264:INFO:Set up data.
2025-08-12 15:17:46,351:INFO:Set up index.
2025-08-12 15:17:46,734:WARNING:C:\Users\Ilyas\AppData\Local\Temp\ipykernel_23836\1766718703.py:11: SettingWithCopyWarning: 
A value is trying to be set on a copy of a slice from a DataFrame.
Try using .loc[row_indexer,col_indexer] = value instead

See the caveats in the documentation: https://pandas.pydata.org/pandas-docs/stable/user_guide/indexing.html#returning-a-view-versus-a-copy
  data_36_def['xG_preds'] = predicted

2025-08-12 15:18:00,403:WARNING:C:\Users\Ilyas\AppData\Local\Temp\ipykernel_23836\4034698818.py:3: SettingWithCopyWarning: 
A value is trying to be set on a copy of a slice from a DataFrame

See the caveats in the documentation: https://pandas.pydata.org/pandas-docs/stable/user_guide/indexing.html#returning-a-view-versus-a-copy
  data_37_def_xg.drop(columns=['position', 'xG'], inplace=True)

2025-08-12 15:18:00,458:INFO:Initializing predict_model()
2025-08-12 15:18:00,458:INFO:predict_model(self=<pycaret.regression.oop.RegressionExperiment object at 0x000001CB3A7A7A90>, estimator=Pipeline(memory=Memory(location=None),
         steps=[('numerical_imputer',
                 TransformerWrapper(include=['whh', 'whd', 'wha',
                                             'team_h_difficulty',
                                             'team_a_difficulty',
                                             'percenatge_net_transfers',
                                             'ict_index', 'influence',
                                             'creativity', 'threat',
                                             'expected_assists_1',
                                             'expected_goal_involvements_1',
                                             'expected_goals_1',
                                             'goals_scored_1', 'ict_index_1',
                                             'influence_1', 'creativi...
                                    transformer=SimpleImputer(strategy='most_frequent'))),
                ('remove_multicollinearity',
                 TransformerWrapper(exclude=[],
                                    transformer=RemoveMulticollinearity(threshold=0.9))),
                ('feature_selection',
                 TransformerWrapper(exclude=[],
                                    transformer=SelectFromModel(estimator=LGBMRegressor(),
                                                                max_features=29,
                                                                threshold=-inf))),
                ('actual_estimator',
                 ExtraTreesRegressor(n_jobs=-1, random_state=2708))]), probability_threshold=None, encoded_labels=False, raw_score=False, round=4, verbose=True, ml_usecase=None, preprocess=True, encode_labels=<function _SupervisedExperiment.predict_model.<locals>.encode_labels at 0x000001CB389F36A0>)
2025-08-12 15:18:00,458:INFO:Checking exceptions
2025-08-12 15:18:00,458:INFO:Preloading libraries
2025-08-12 15:18:00,459:INFO:Set up data.
2025-08-12 15:18:00,558:INFO:Set up index.
2025-08-12 15:18:00,995:WARNING:C:\Users\Ilyas\AppData\Local\Temp\ipykernel_23836\4034698818.py:12: SettingWithCopyWarning: 
A value is trying to be set on a copy of a slice from a DataFrame.
Try using .loc[row_indexer,col_indexer] = value instead

See the caveats in the documentation: https://pandas.pydata.org/pandas-docs/stable/user_guide/indexing.html#returning-a-view-versus-a-copy
  data_37_def['xG_preds'] = predicted

2025-08-12 15:18:05,849:WARNING:C:\Users\Ilyas\AppData\Local\Temp\ipykernel_23836\1002305843.py:3: SettingWithCopyWarning: 
A value is trying to be set on a copy of a slice from a DataFrame

See the caveats in the documentation: https://pandas.pydata.org/pandas-docs/stable/user_guide/indexing.html#returning-a-view-versus-a-copy
  data_38_def_xg.drop(columns=['position', 'xG'], inplace=True)

2025-08-12 15:18:05,895:INFO:Initializing predict_model()
2025-08-12 15:18:05,895:INFO:predict_model(self=<pycaret.regression.oop.RegressionExperiment object at 0x000001CB38D9EAD0>, estimator=Pipeline(memory=Memory(location=None),
         steps=[('numerical_imputer',
                 TransformerWrapper(include=['whh', 'whd', 'wha',
                                             'team_h_difficulty',
                                             'team_a_difficulty',
                                             'percenatge_net_transfers',
                                             'ict_index', 'influence',
                                             'creativity', 'threat',
                                             'expected_assists_1',
                                             'expected_goal_involvements_1',
                                             'expected_goals_1',
                                             'goals_scored_1', 'ict_index_1',
                                             'influence_1', 'creativi...
                                    transformer=SimpleImputer(strategy='most_frequent'))),
                ('remove_multicollinearity',
                 TransformerWrapper(exclude=[],
                                    transformer=RemoveMulticollinearity(threshold=0.9))),
                ('feature_selection',
                 TransformerWrapper(exclude=[],
                                    transformer=SelectFromModel(estimator=LGBMRegressor(),
                                                                max_features=29,
                                                                threshold=-inf))),
                ('actual_estimator',
                 ExtraTreesRegressor(n_jobs=-1, random_state=2708))]), probability_threshold=None, encoded_labels=False, raw_score=False, round=4, verbose=True, ml_usecase=None, preprocess=True, encode_labels=<function _SupervisedExperiment.predict_model.<locals>.encode_labels at 0x000001CB22FF5BC0>)
2025-08-12 15:18:05,895:INFO:Checking exceptions
2025-08-12 15:18:05,895:INFO:Preloading libraries
2025-08-12 15:18:05,896:INFO:Set up data.
2025-08-12 15:18:05,989:INFO:Set up index.
2025-08-12 15:18:06,273:WARNING:C:\Users\Ilyas\AppData\Local\Temp\ipykernel_23836\1002305843.py:12: SettingWithCopyWarning: 
A value is trying to be set on a copy of a slice from a DataFrame.
Try using .loc[row_indexer,col_indexer] = value instead

See the caveats in the documentation: https://pandas.pydata.org/pandas-docs/stable/user_guide/indexing.html#returning-a-view-versus-a-copy
  data_38_def['xG_preds'] = predicted

2025-08-12 15:20:51,523:INFO:Initializing load_model()
2025-08-12 15:20:51,523:INFO:load_model(model_name=./mid_xg_final_model, platform=None, authentication=None, verbose=True)
2025-08-12 15:21:32,897:INFO:Initializing load_model()
2025-08-12 15:21:32,898:INFO:load_model(model_name=../mid_xg_final_model, platform=None, authentication=None, verbose=True)
2025-08-12 15:22:27,185:INFO:Initializing load_model()
2025-08-12 15:22:27,185:INFO:load_model(model_name=../mid_xg_final_model, platform=None, authentication=None, verbose=True)
2025-08-12 15:23:26,167:WARNING:C:\Users\Ilyas\AppData\Local\Temp\ipykernel_23836\1569287174.py:2: SettingWithCopyWarning: 
A value is trying to be set on a copy of a slice from a DataFrame

See the caveats in the documentation: https://pandas.pydata.org/pandas-docs/stable/user_guide/indexing.html#returning-a-view-versus-a-copy
  data_36_mid_xg.drop(columns=['position', 'xG'], inplace=True)

2025-08-12 15:23:26,257:INFO:Initializing predict_model()
2025-08-12 15:23:26,257:INFO:predict_model(self=<pycaret.regression.oop.RegressionExperiment object at 0x000001CB38F0B990>, estimator=Pipeline(memory=Memory(location=None),
         steps=[('numerical_imputer',
                 TransformerWrapper(include=['whh', 'whd', 'wha',
                                             'team_h_difficulty',
                                             'team_a_difficulty',
                                             'percenatge_net_transfers',
                                             'ict_index', 'influence',
                                             'creativity', 'threat',
                                             'expected_assists_1',
                                             'expected_goal_involvements_1',
                                             'expected_goals_1',
                                             'goals_scored_1', 'ict_index_1',
                                             'influence_1', 'creativi...
                                    transformer=SelectFromModel(estimator=LGBMRegressor(),
                                                                max_features=29,
                                                                threshold=-inf))),
                ('actual_estimator',
                 VotingRegressor(estimators=[('Random Forest Regressor',
                                              RandomForestRegressor(n_jobs=-1,
                                                                    random_state=1739)),
                                             ('Extra Trees Regressor',
                                              ExtraTreesRegressor(n_jobs=-1,
                                                                  random_state=1739)),
                                             ('Gradient Boosting Regressor',
                                              GradientBoostingRegressor(random_state=1739))],
                                 n_jobs=-1))]), probability_threshold=None, encoded_labels=False, raw_score=False, round=4, verbose=True, ml_usecase=None, preprocess=True, encode_labels=<function _SupervisedExperiment.predict_model.<locals>.encode_labels at 0x000001CB39FB2020>)
2025-08-12 15:23:26,257:INFO:Checking exceptions
2025-08-12 15:23:26,257:INFO:Preloading libraries
2025-08-12 15:23:26,257:INFO:Set up data.
2025-08-12 15:23:26,413:INFO:Set up index.
2025-08-12 15:23:26,778:WARNING:C:\Users\Ilyas\AppData\Local\Temp\ipykernel_23836\1569287174.py:11: SettingWithCopyWarning: 
A value is trying to be set on a copy of a slice from a DataFrame.
Try using .loc[row_indexer,col_indexer] = value instead

See the caveats in the documentation: https://pandas.pydata.org/pandas-docs/stable/user_guide/indexing.html#returning-a-view-versus-a-copy
  data_36_mid['xG_preds'] = predicted

2025-08-12 15:23:35,227:WARNING:C:\Users\Ilyas\AppData\Local\Temp\ipykernel_23836\1460296985.py:3: SettingWithCopyWarning: 
A value is trying to be set on a copy of a slice from a DataFrame

See the caveats in the documentation: https://pandas.pydata.org/pandas-docs/stable/user_guide/indexing.html#returning-a-view-versus-a-copy
  data_37_mid_xg.drop(columns=['position', 'xG'], inplace=True)

2025-08-12 15:23:35,332:INFO:Initializing predict_model()
2025-08-12 15:23:35,332:INFO:predict_model(self=<pycaret.regression.oop.RegressionExperiment object at 0x000001CB349A7B10>, estimator=Pipeline(memory=Memory(location=None),
         steps=[('numerical_imputer',
                 TransformerWrapper(include=['whh', 'whd', 'wha',
                                             'team_h_difficulty',
                                             'team_a_difficulty',
                                             'percenatge_net_transfers',
                                             'ict_index', 'influence',
                                             'creativity', 'threat',
                                             'expected_assists_1',
                                             'expected_goal_involvements_1',
                                             'expected_goals_1',
                                             'goals_scored_1', 'ict_index_1',
                                             'influence_1', 'creativi...
                                    transformer=SelectFromModel(estimator=LGBMRegressor(),
                                                                max_features=29,
                                                                threshold=-inf))),
                ('actual_estimator',
                 VotingRegressor(estimators=[('Random Forest Regressor',
                                              RandomForestRegressor(n_jobs=-1,
                                                                    random_state=1739)),
                                             ('Extra Trees Regressor',
                                              ExtraTreesRegressor(n_jobs=-1,
                                                                  random_state=1739)),
                                             ('Gradient Boosting Regressor',
                                              GradientBoostingRegressor(random_state=1739))],
                                 n_jobs=-1))]), probability_threshold=None, encoded_labels=False, raw_score=False, round=4, verbose=True, ml_usecase=None, preprocess=True, encode_labels=<function _SupervisedExperiment.predict_model.<locals>.encode_labels at 0x000001CB274C32E0>)
2025-08-12 15:23:35,333:INFO:Checking exceptions
2025-08-12 15:23:35,333:INFO:Preloading libraries
2025-08-12 15:23:35,334:INFO:Set up data.
2025-08-12 15:23:35,483:INFO:Set up index.
2025-08-12 15:23:35,798:WARNING:C:\Users\Ilyas\AppData\Local\Temp\ipykernel_23836\1460296985.py:12: SettingWithCopyWarning: 
A value is trying to be set on a copy of a slice from a DataFrame.
Try using .loc[row_indexer,col_indexer] = value instead

See the caveats in the documentation: https://pandas.pydata.org/pandas-docs/stable/user_guide/indexing.html#returning-a-view-versus-a-copy
  data_37_mid['xG_preds'] = predicted

2025-08-12 15:23:43,228:WARNING:C:\Users\Ilyas\AppData\Local\Temp\ipykernel_23836\1710043576.py:3: SettingWithCopyWarning: 
A value is trying to be set on a copy of a slice from a DataFrame

See the caveats in the documentation: https://pandas.pydata.org/pandas-docs/stable/user_guide/indexing.html#returning-a-view-versus-a-copy
  data_38_mid_xg.drop(columns=['position', 'xG'], inplace=True)

2025-08-12 15:23:43,322:INFO:Initializing predict_model()
2025-08-12 15:23:43,322:INFO:predict_model(self=<pycaret.regression.oop.RegressionExperiment object at 0x000001CB3A7A1E10>, estimator=Pipeline(memory=Memory(location=None),
         steps=[('numerical_imputer',
                 TransformerWrapper(include=['whh', 'whd', 'wha',
                                             'team_h_difficulty',
                                             'team_a_difficulty',
                                             'percenatge_net_transfers',
                                             'ict_index', 'influence',
                                             'creativity', 'threat',
                                             'expected_assists_1',
                                             'expected_goal_involvements_1',
                                             'expected_goals_1',
                                             'goals_scored_1', 'ict_index_1',
                                             'influence_1', 'creativi...
                                    transformer=SelectFromModel(estimator=LGBMRegressor(),
                                                                max_features=29,
                                                                threshold=-inf))),
                ('actual_estimator',
                 VotingRegressor(estimators=[('Random Forest Regressor',
                                              RandomForestRegressor(n_jobs=-1,
                                                                    random_state=1739)),
                                             ('Extra Trees Regressor',
                                              ExtraTreesRegressor(n_jobs=-1,
                                                                  random_state=1739)),
                                             ('Gradient Boosting Regressor',
                                              GradientBoostingRegressor(random_state=1739))],
                                 n_jobs=-1))]), probability_threshold=None, encoded_labels=False, raw_score=False, round=4, verbose=True, ml_usecase=None, preprocess=True, encode_labels=<function _SupervisedExperiment.predict_model.<locals>.encode_labels at 0x000001CB39FDB560>)
2025-08-12 15:23:43,322:INFO:Checking exceptions
2025-08-12 15:23:43,322:INFO:Preloading libraries
2025-08-12 15:23:43,322:INFO:Set up data.
2025-08-12 15:23:43,490:INFO:Set up index.
2025-08-12 15:23:43,906:WARNING:C:\Users\Ilyas\AppData\Local\Temp\ipykernel_23836\1710043576.py:12: SettingWithCopyWarning: 
A value is trying to be set on a copy of a slice from a DataFrame.
Try using .loc[row_indexer,col_indexer] = value instead

See the caveats in the documentation: https://pandas.pydata.org/pandas-docs/stable/user_guide/indexing.html#returning-a-view-versus-a-copy
  data_38_mid['xG_preds'] = predicted

2025-08-12 15:25:52,128:INFO:Initializing load_model()
2025-08-12 15:25:52,128:INFO:load_model(model_name=../fwd_xg_final_model, platform=None, authentication=None, verbose=True)
2025-08-12 15:25:59,479:INFO:Initializing load_model()
2025-08-12 15:25:59,479:INFO:load_model(model_name=../fwd_xg_final_model, platform=None, authentication=None, verbose=True)
2025-08-12 15:26:27,557:WARNING:C:\Users\Ilyas\AppData\Local\Temp\ipykernel_23836\1861646744.py:3: SettingWithCopyWarning: 
A value is trying to be set on a copy of a slice from a DataFrame

See the caveats in the documentation: https://pandas.pydata.org/pandas-docs/stable/user_guide/indexing.html#returning-a-view-versus-a-copy
  data_36_fwd_xg.drop(columns=['position', 'xG'], inplace=True)

2025-08-12 15:26:27,610:INFO:Initializing predict_model()
2025-08-12 15:26:27,611:INFO:predict_model(self=<pycaret.regression.oop.RegressionExperiment object at 0x000001CB3A8C2990>, estimator=Pipeline(memory=Memory(location=None),
         steps=[('numerical_imputer',
                 TransformerWrapper(include=['whh', 'whd', 'wha',
                                             'team_h_difficulty',
                                             'team_a_difficulty',
                                             'percenatge_net_transfers',
                                             'ict_index', 'influence',
                                             'creativity', 'threat',
                                             'expected_assists_1',
                                             'expected_goal_involvements_1',
                                             'expected_goals_1',
                                             'goals_scored_1', 'ict_index_1',
                                             'influence_1', 'creativi...
                                    transformer=SimpleImputer(strategy='most_frequent'))),
                ('remove_multicollinearity',
                 TransformerWrapper(exclude=[],
                                    transformer=RemoveMulticollinearity(threshold=0.9))),
                ('feature_selection',
                 TransformerWrapper(exclude=[],
                                    transformer=SelectFromModel(estimator=LGBMRegressor(),
                                                                max_features=29,
                                                                threshold=-inf))),
                ('actual_estimator',
                 GradientBoostingRegressor(random_state=3614))]), probability_threshold=None, encoded_labels=False, raw_score=False, round=4, verbose=True, ml_usecase=None, preprocess=True, encode_labels=<function _SupervisedExperiment.predict_model.<locals>.encode_labels at 0x000001CB274C32E0>)
2025-08-12 15:26:27,611:INFO:Checking exceptions
2025-08-12 15:26:27,611:INFO:Preloading libraries
2025-08-12 15:26:27,612:INFO:Set up data.
2025-08-12 15:26:27,727:INFO:Set up index.
2025-08-12 15:26:28,279:WARNING:C:\Users\Ilyas\AppData\Local\Temp\ipykernel_23836\1861646744.py:12: SettingWithCopyWarning: 
A value is trying to be set on a copy of a slice from a DataFrame.
Try using .loc[row_indexer,col_indexer] = value instead

See the caveats in the documentation: https://pandas.pydata.org/pandas-docs/stable/user_guide/indexing.html#returning-a-view-versus-a-copy
  data_36_fwd['xG_preds'] = predicted

2025-08-12 15:26:33,157:WARNING:C:\Users\Ilyas\AppData\Local\Temp\ipykernel_23836\2257107111.py:3: SettingWithCopyWarning: 
A value is trying to be set on a copy of a slice from a DataFrame

See the caveats in the documentation: https://pandas.pydata.org/pandas-docs/stable/user_guide/indexing.html#returning-a-view-versus-a-copy
  data_37_fwd_xg.drop(columns=['position', 'xG'], inplace=True)

2025-08-12 15:26:33,199:INFO:Initializing predict_model()
2025-08-12 15:26:33,199:INFO:predict_model(self=<pycaret.regression.oop.RegressionExperiment object at 0x000001CB3A7A4810>, estimator=Pipeline(memory=Memory(location=None),
         steps=[('numerical_imputer',
                 TransformerWrapper(include=['whh', 'whd', 'wha',
                                             'team_h_difficulty',
                                             'team_a_difficulty',
                                             'percenatge_net_transfers',
                                             'ict_index', 'influence',
                                             'creativity', 'threat',
                                             'expected_assists_1',
                                             'expected_goal_involvements_1',
                                             'expected_goals_1',
                                             'goals_scored_1', 'ict_index_1',
                                             'influence_1', 'creativi...
                                    transformer=SimpleImputer(strategy='most_frequent'))),
                ('remove_multicollinearity',
                 TransformerWrapper(exclude=[],
                                    transformer=RemoveMulticollinearity(threshold=0.9))),
                ('feature_selection',
                 TransformerWrapper(exclude=[],
                                    transformer=SelectFromModel(estimator=LGBMRegressor(),
                                                                max_features=29,
                                                                threshold=-inf))),
                ('actual_estimator',
                 GradientBoostingRegressor(random_state=3614))]), probability_threshold=None, encoded_labels=False, raw_score=False, round=4, verbose=True, ml_usecase=None, preprocess=True, encode_labels=<function _SupervisedExperiment.predict_model.<locals>.encode_labels at 0x000001CB3C940220>)
2025-08-12 15:26:33,199:INFO:Checking exceptions
2025-08-12 15:26:33,199:INFO:Preloading libraries
2025-08-12 15:26:33,199:INFO:Set up data.
2025-08-12 15:26:33,300:INFO:Set up index.
2025-08-12 15:26:33,570:WARNING:C:\Users\Ilyas\AppData\Local\Temp\ipykernel_23836\2257107111.py:12: SettingWithCopyWarning: 
A value is trying to be set on a copy of a slice from a DataFrame.
Try using .loc[row_indexer,col_indexer] = value instead

See the caveats in the documentation: https://pandas.pydata.org/pandas-docs/stable/user_guide/indexing.html#returning-a-view-versus-a-copy
  data_37_fwd['xG_preds'] = predicted

2025-08-12 15:26:36,943:WARNING:C:\Users\Ilyas\AppData\Local\Temp\ipykernel_23836\1391899560.py:3: SettingWithCopyWarning: 
A value is trying to be set on a copy of a slice from a DataFrame

See the caveats in the documentation: https://pandas.pydata.org/pandas-docs/stable/user_guide/indexing.html#returning-a-view-versus-a-copy
  data_38_fwd_xg.drop(columns=['position', 'xG'], inplace=True)

2025-08-12 15:26:36,978:INFO:Initializing predict_model()
2025-08-12 15:26:36,980:INFO:predict_model(self=<pycaret.regression.oop.RegressionExperiment object at 0x000001CB3734EF50>, estimator=Pipeline(memory=Memory(location=None),
         steps=[('numerical_imputer',
                 TransformerWrapper(include=['whh', 'whd', 'wha',
                                             'team_h_difficulty',
                                             'team_a_difficulty',
                                             'percenatge_net_transfers',
                                             'ict_index', 'influence',
                                             'creativity', 'threat',
                                             'expected_assists_1',
                                             'expected_goal_involvements_1',
                                             'expected_goals_1',
                                             'goals_scored_1', 'ict_index_1',
                                             'influence_1', 'creativi...
                                    transformer=SimpleImputer(strategy='most_frequent'))),
                ('remove_multicollinearity',
                 TransformerWrapper(exclude=[],
                                    transformer=RemoveMulticollinearity(threshold=0.9))),
                ('feature_selection',
                 TransformerWrapper(exclude=[],
                                    transformer=SelectFromModel(estimator=LGBMRegressor(),
                                                                max_features=29,
                                                                threshold=-inf))),
                ('actual_estimator',
                 GradientBoostingRegressor(random_state=3614))]), probability_threshold=None, encoded_labels=False, raw_score=False, round=4, verbose=True, ml_usecase=None, preprocess=True, encode_labels=<function _SupervisedExperiment.predict_model.<locals>.encode_labels at 0x000001CB39FB34C0>)
2025-08-12 15:26:36,981:INFO:Checking exceptions
2025-08-12 15:26:36,981:INFO:Preloading libraries
2025-08-12 15:26:36,982:INFO:Set up data.
2025-08-12 15:26:37,098:INFO:Set up index.
2025-08-12 15:26:37,497:WARNING:C:\Users\Ilyas\AppData\Local\Temp\ipykernel_23836\1391899560.py:12: SettingWithCopyWarning: 
A value is trying to be set on a copy of a slice from a DataFrame.
Try using .loc[row_indexer,col_indexer] = value instead

See the caveats in the documentation: https://pandas.pydata.org/pandas-docs/stable/user_guide/indexing.html#returning-a-view-versus-a-copy
  data_38_fwd['xG_preds'] = predicted

2025-08-12 15:30:47,842:INFO:Initializing load_model()
2025-08-12 15:30:47,842:INFO:load_model(model_name=./models/def_xa_final_model, platform=None, authentication=None, verbose=True)
2025-08-12 15:30:57,000:INFO:Initializing load_model()
2025-08-12 15:30:57,000:INFO:load_model(model_name=../def_xa_final_model, platform=None, authentication=None, verbose=True)
2025-08-12 15:31:04,762:WARNING:C:\Users\Ilyas\AppData\Local\Temp\ipykernel_23836\1286060865.py:2: SettingWithCopyWarning: 
A value is trying to be set on a copy of a slice from a DataFrame

See the caveats in the documentation: https://pandas.pydata.org/pandas-docs/stable/user_guide/indexing.html#returning-a-view-versus-a-copy
  data_36_def_xa.drop(columns=['position', 'xA'], inplace=True)

2025-08-12 15:31:04,853:INFO:Initializing predict_model()
2025-08-12 15:31:04,853:INFO:predict_model(self=<pycaret.regression.oop.RegressionExperiment object at 0x000001CB3C98C610>, estimator=Pipeline(memory=Memory(location=None),
         steps=[('numerical_imputer',
                 TransformerWrapper(include=['whh', 'whd', 'wha',
                                             'team_h_difficulty',
                                             'team_a_difficulty',
                                             'percenatge_net_transfers',
                                             'ict_index', 'influence',
                                             'creativity', 'threat', 'starts',
                                             'expected_assists_1',
                                             'expected_goal_involvements_1',
                                             'ict_index_1', 'influence_1',
                                             'creativity_1', 'threat_1',
                                             'minutes_1...
                                    transformer=SelectFromModel(estimator=LGBMRegressor(),
                                                                max_features=23,
                                                                threshold=-inf))),
                ('actual_estimator',
                 VotingRegressor(estimators=[('Random Forest Regressor',
                                              RandomForestRegressor(n_jobs=-1,
                                                                    random_state=1024)),
                                             ('Extra Trees Regressor',
                                              ExtraTreesRegressor(n_jobs=-1,
                                                                  random_state=1024)),
                                             ('Gradient Boosting Regressor',
                                              GradientBoostingRegressor(random_state=1024))],
                                 n_jobs=-1))]), probability_threshold=None, encoded_labels=False, raw_score=False, round=4, verbose=True, ml_usecase=None, preprocess=True, encode_labels=<function _SupervisedExperiment.predict_model.<locals>.encode_labels at 0x000001CB3A7620C0>)
2025-08-12 15:31:04,853:INFO:Checking exceptions
2025-08-12 15:31:04,853:INFO:Preloading libraries
2025-08-12 15:31:04,854:INFO:Set up data.
2025-08-12 15:31:04,942:INFO:Set up index.
2025-08-12 15:31:05,402:WARNING:C:\Users\Ilyas\AppData\Local\Temp\ipykernel_23836\1286060865.py:11: SettingWithCopyWarning: 
A value is trying to be set on a copy of a slice from a DataFrame.
Try using .loc[row_indexer,col_indexer] = value instead

See the caveats in the documentation: https://pandas.pydata.org/pandas-docs/stable/user_guide/indexing.html#returning-a-view-versus-a-copy
  data_36_def['xA_preds'] = predicted

2025-08-12 15:31:09,815:INFO:Initializing load_model()
2025-08-12 15:31:09,815:INFO:load_model(model_name=../def_xa_final_model, platform=None, authentication=None, verbose=True)
2025-08-12 15:31:10,591:WARNING:C:\Users\Ilyas\AppData\Local\Temp\ipykernel_23836\1286060865.py:2: SettingWithCopyWarning: 
A value is trying to be set on a copy of a slice from a DataFrame

See the caveats in the documentation: https://pandas.pydata.org/pandas-docs/stable/user_guide/indexing.html#returning-a-view-versus-a-copy
  data_36_def_xa.drop(columns=['position', 'xA'], inplace=True)

2025-08-12 15:31:10,704:INFO:Initializing predict_model()
2025-08-12 15:31:10,704:INFO:predict_model(self=<pycaret.regression.oop.RegressionExperiment object at 0x000001CB33C2CC50>, estimator=Pipeline(memory=Memory(location=None),
         steps=[('numerical_imputer',
                 TransformerWrapper(include=['whh', 'whd', 'wha',
                                             'team_h_difficulty',
                                             'team_a_difficulty',
                                             'percenatge_net_transfers',
                                             'ict_index', 'influence',
                                             'creativity', 'threat', 'starts',
                                             'expected_assists_1',
                                             'expected_goal_involvements_1',
                                             'ict_index_1', 'influence_1',
                                             'creativity_1', 'threat_1',
                                             'minutes_1...
                                    transformer=SelectFromModel(estimator=LGBMRegressor(),
                                                                max_features=23,
                                                                threshold=-inf))),
                ('actual_estimator',
                 VotingRegressor(estimators=[('Random Forest Regressor',
                                              RandomForestRegressor(n_jobs=-1,
                                                                    random_state=1024)),
                                             ('Extra Trees Regressor',
                                              ExtraTreesRegressor(n_jobs=-1,
                                                                  random_state=1024)),
                                             ('Gradient Boosting Regressor',
                                              GradientBoostingRegressor(random_state=1024))],
                                 n_jobs=-1))]), probability_threshold=None, encoded_labels=False, raw_score=False, round=4, verbose=True, ml_usecase=None, preprocess=True, encode_labels=<function _SupervisedExperiment.predict_model.<locals>.encode_labels at 0x000001CB22FF5BC0>)
2025-08-12 15:31:10,704:INFO:Checking exceptions
2025-08-12 15:31:10,704:INFO:Preloading libraries
2025-08-12 15:31:10,704:INFO:Set up data.
2025-08-12 15:31:10,790:INFO:Set up index.
2025-08-12 15:31:11,107:WARNING:C:\Users\Ilyas\AppData\Local\Temp\ipykernel_23836\1286060865.py:11: SettingWithCopyWarning: 
A value is trying to be set on a copy of a slice from a DataFrame.
Try using .loc[row_indexer,col_indexer] = value instead

See the caveats in the documentation: https://pandas.pydata.org/pandas-docs/stable/user_guide/indexing.html#returning-a-view-versus-a-copy
  data_36_def['xA_preds'] = predicted

2025-08-12 15:31:12,941:WARNING:C:\Users\Ilyas\AppData\Local\Temp\ipykernel_23836\2235968509.py:3: SettingWithCopyWarning: 
A value is trying to be set on a copy of a slice from a DataFrame

See the caveats in the documentation: https://pandas.pydata.org/pandas-docs/stable/user_guide/indexing.html#returning-a-view-versus-a-copy
  data_37_def_xa.drop(columns=['position', 'xA'], inplace=True)

2025-08-12 15:31:13,118:INFO:Initializing predict_model()
2025-08-12 15:31:13,118:INFO:predict_model(self=<pycaret.regression.oop.RegressionExperiment object at 0x000001CB32AFA2D0>, estimator=Pipeline(memory=Memory(location=None),
         steps=[('numerical_imputer',
                 TransformerWrapper(include=['whh', 'whd', 'wha',
                                             'team_h_difficulty',
                                             'team_a_difficulty',
                                             'percenatge_net_transfers',
                                             'ict_index', 'influence',
                                             'creativity', 'threat', 'starts',
                                             'expected_assists_1',
                                             'expected_goal_involvements_1',
                                             'ict_index_1', 'influence_1',
                                             'creativity_1', 'threat_1',
                                             'minutes_1...
                                    transformer=SelectFromModel(estimator=LGBMRegressor(),
                                                                max_features=23,
                                                                threshold=-inf))),
                ('actual_estimator',
                 VotingRegressor(estimators=[('Random Forest Regressor',
                                              RandomForestRegressor(n_jobs=-1,
                                                                    random_state=1024)),
                                             ('Extra Trees Regressor',
                                              ExtraTreesRegressor(n_jobs=-1,
                                                                  random_state=1024)),
                                             ('Gradient Boosting Regressor',
                                              GradientBoostingRegressor(random_state=1024))],
                                 n_jobs=-1))]), probability_threshold=None, encoded_labels=False, raw_score=False, round=4, verbose=True, ml_usecase=None, preprocess=True, encode_labels=<function _SupervisedExperiment.predict_model.<locals>.encode_labels at 0x000001CB3A7F44A0>)
2025-08-12 15:31:13,118:INFO:Checking exceptions
2025-08-12 15:31:13,120:INFO:Preloading libraries
2025-08-12 15:31:13,120:INFO:Set up data.
2025-08-12 15:31:13,237:INFO:Set up index.
2025-08-12 15:31:13,770:WARNING:C:\Users\Ilyas\AppData\Local\Temp\ipykernel_23836\2235968509.py:12: SettingWithCopyWarning: 
A value is trying to be set on a copy of a slice from a DataFrame.
Try using .loc[row_indexer,col_indexer] = value instead

See the caveats in the documentation: https://pandas.pydata.org/pandas-docs/stable/user_guide/indexing.html#returning-a-view-versus-a-copy
  data_37_def['xA_preds'] = predicted

2025-08-12 15:31:15,322:WARNING:C:\Users\Ilyas\AppData\Local\Temp\ipykernel_23836\1502491043.py:3: SettingWithCopyWarning: 
A value is trying to be set on a copy of a slice from a DataFrame

See the caveats in the documentation: https://pandas.pydata.org/pandas-docs/stable/user_guide/indexing.html#returning-a-view-versus-a-copy
  data_38_def_xa.drop(columns=['position', 'xA'], inplace=True)

2025-08-12 15:31:15,447:INFO:Initializing predict_model()
2025-08-12 15:31:15,447:INFO:predict_model(self=<pycaret.regression.oop.RegressionExperiment object at 0x000001CB3A00CE10>, estimator=Pipeline(memory=Memory(location=None),
         steps=[('numerical_imputer',
                 TransformerWrapper(include=['whh', 'whd', 'wha',
                                             'team_h_difficulty',
                                             'team_a_difficulty',
                                             'percenatge_net_transfers',
                                             'ict_index', 'influence',
                                             'creativity', 'threat', 'starts',
                                             'expected_assists_1',
                                             'expected_goal_involvements_1',
                                             'ict_index_1', 'influence_1',
                                             'creativity_1', 'threat_1',
                                             'minutes_1...
                                    transformer=SelectFromModel(estimator=LGBMRegressor(),
                                                                max_features=23,
                                                                threshold=-inf))),
                ('actual_estimator',
                 VotingRegressor(estimators=[('Random Forest Regressor',
                                              RandomForestRegressor(n_jobs=-1,
                                                                    random_state=1024)),
                                             ('Extra Trees Regressor',
                                              ExtraTreesRegressor(n_jobs=-1,
                                                                  random_state=1024)),
                                             ('Gradient Boosting Regressor',
                                              GradientBoostingRegressor(random_state=1024))],
                                 n_jobs=-1))]), probability_threshold=None, encoded_labels=False, raw_score=False, round=4, verbose=True, ml_usecase=None, preprocess=True, encode_labels=<function _SupervisedExperiment.predict_model.<locals>.encode_labels at 0x000001CB3A7F40E0>)
2025-08-12 15:31:15,448:INFO:Checking exceptions
2025-08-12 15:31:15,448:INFO:Preloading libraries
2025-08-12 15:31:15,449:INFO:Set up data.
2025-08-12 15:31:15,573:INFO:Set up index.
2025-08-12 15:31:15,989:WARNING:C:\Users\Ilyas\AppData\Local\Temp\ipykernel_23836\1502491043.py:12: SettingWithCopyWarning: 
A value is trying to be set on a copy of a slice from a DataFrame.
Try using .loc[row_indexer,col_indexer] = value instead

See the caveats in the documentation: https://pandas.pydata.org/pandas-docs/stable/user_guide/indexing.html#returning-a-view-versus-a-copy
  data_38_def['xA_preds'] = predicted

2025-08-12 15:32:56,876:INFO:Initializing load_model()
2025-08-12 15:32:56,876:INFO:load_model(model_name=../mid_xa_final_model, platform=None, authentication=None, verbose=True)
2025-08-12 15:33:03,877:WARNING:C:\Users\Ilyas\AppData\Local\Temp\ipykernel_23836\2404194884.py:3: SettingWithCopyWarning: 
A value is trying to be set on a copy of a slice from a DataFrame

See the caveats in the documentation: https://pandas.pydata.org/pandas-docs/stable/user_guide/indexing.html#returning-a-view-versus-a-copy
  data_36_mid_xa.drop(columns=['position', 'xA'], inplace=True)

2025-08-12 15:33:03,966:INFO:Initializing predict_model()
2025-08-12 15:33:03,967:INFO:predict_model(self=<pycaret.regression.oop.RegressionExperiment object at 0x000001CB3A7A7F50>, estimator=Pipeline(memory=Memory(location=None),
         steps=[('numerical_imputer',
                 TransformerWrapper(include=['whh', 'whd', 'wha',
                                             'team_h_difficulty',
                                             'team_a_difficulty',
                                             'percenatge_net_transfers',
                                             'ict_index', 'influence',
                                             'creativity', 'threat', 'starts',
                                             'expected_assists_1',
                                             'expected_goal_involvements_1',
                                             'ict_index_1', 'influence_1',
                                             'creativity_1', 'threat_1',
                                             'minutes_1...
                                    transformer=SelectFromModel(estimator=LGBMRegressor(),
                                                                max_features=23,
                                                                threshold=-inf))),
                ('actual_estimator',
                 VotingRegressor(estimators=[('Random Forest Regressor',
                                              RandomForestRegressor(n_jobs=-1,
                                                                    random_state=6253)),
                                             ('Extra Trees Regressor',
                                              ExtraTreesRegressor(n_jobs=-1,
                                                                  random_state=6253)),
                                             ('Gradient Boosting Regressor',
                                              GradientBoostingRegressor(random_state=6253))],
                                 n_jobs=-1))]), probability_threshold=None, encoded_labels=False, raw_score=False, round=4, verbose=True, ml_usecase=None, preprocess=True, encode_labels=<function _SupervisedExperiment.predict_model.<locals>.encode_labels at 0x000001CB3C947C40>)
2025-08-12 15:33:03,967:INFO:Checking exceptions
2025-08-12 15:33:03,967:INFO:Preloading libraries
2025-08-12 15:33:03,967:INFO:Set up data.
2025-08-12 15:33:04,073:INFO:Set up index.
2025-08-12 15:33:04,578:WARNING:C:\Users\Ilyas\AppData\Local\Temp\ipykernel_23836\2404194884.py:12: SettingWithCopyWarning: 
A value is trying to be set on a copy of a slice from a DataFrame.
Try using .loc[row_indexer,col_indexer] = value instead

See the caveats in the documentation: https://pandas.pydata.org/pandas-docs/stable/user_guide/indexing.html#returning-a-view-versus-a-copy
  data_36_mid['xA_preds'] = predicted

2025-08-12 15:33:28,611:INFO:Initializing load_model()
2025-08-12 15:33:28,611:INFO:load_model(model_name=../mid_xa_final_model, platform=None, authentication=None, verbose=True)
2025-08-12 15:33:29,174:WARNING:C:\Users\Ilyas\AppData\Local\Temp\ipykernel_23836\2404194884.py:3: SettingWithCopyWarning: 
A value is trying to be set on a copy of a slice from a DataFrame

See the caveats in the documentation: https://pandas.pydata.org/pandas-docs/stable/user_guide/indexing.html#returning-a-view-versus-a-copy
  data_36_mid_xa.drop(columns=['position', 'xA'], inplace=True)

2025-08-12 15:33:29,299:INFO:Initializing predict_model()
2025-08-12 15:33:29,299:INFO:predict_model(self=<pycaret.regression.oop.RegressionExperiment object at 0x000001CB3A7A7790>, estimator=Pipeline(memory=Memory(location=None),
         steps=[('numerical_imputer',
                 TransformerWrapper(include=['whh', 'whd', 'wha',
                                             'team_h_difficulty',
                                             'team_a_difficulty',
                                             'percenatge_net_transfers',
                                             'ict_index', 'influence',
                                             'creativity', 'threat', 'starts',
                                             'expected_assists_1',
                                             'expected_goal_involvements_1',
                                             'ict_index_1', 'influence_1',
                                             'creativity_1', 'threat_1',
                                             'minutes_1...
                                    transformer=SelectFromModel(estimator=LGBMRegressor(),
                                                                max_features=23,
                                                                threshold=-inf))),
                ('actual_estimator',
                 VotingRegressor(estimators=[('Random Forest Regressor',
                                              RandomForestRegressor(n_jobs=-1,
                                                                    random_state=6253)),
                                             ('Extra Trees Regressor',
                                              ExtraTreesRegressor(n_jobs=-1,
                                                                  random_state=6253)),
                                             ('Gradient Boosting Regressor',
                                              GradientBoostingRegressor(random_state=6253))],
                                 n_jobs=-1))]), probability_threshold=None, encoded_labels=False, raw_score=False, round=4, verbose=True, ml_usecase=None, preprocess=True, encode_labels=<function _SupervisedExperiment.predict_model.<locals>.encode_labels at 0x000001CB38EC3EC0>)
2025-08-12 15:33:29,300:INFO:Checking exceptions
2025-08-12 15:33:29,300:INFO:Preloading libraries
2025-08-12 15:33:29,301:INFO:Set up data.
2025-08-12 15:33:29,394:INFO:Set up index.
2025-08-12 15:33:30,123:WARNING:C:\Users\Ilyas\AppData\Local\Temp\ipykernel_23836\2404194884.py:12: SettingWithCopyWarning: 
A value is trying to be set on a copy of a slice from a DataFrame.
Try using .loc[row_indexer,col_indexer] = value instead

See the caveats in the documentation: https://pandas.pydata.org/pandas-docs/stable/user_guide/indexing.html#returning-a-view-versus-a-copy
  data_36_mid['xA_preds'] = predicted

2025-08-12 15:33:31,527:WARNING:C:\Users\Ilyas\AppData\Local\Temp\ipykernel_23836\353010864.py:3: SettingWithCopyWarning: 
A value is trying to be set on a copy of a slice from a DataFrame

See the caveats in the documentation: https://pandas.pydata.org/pandas-docs/stable/user_guide/indexing.html#returning-a-view-versus-a-copy
  data_37_mid_xa.drop(columns=['position', 'xA'], inplace=True)

2025-08-12 15:33:31,677:INFO:Initializing predict_model()
2025-08-12 15:33:31,677:INFO:predict_model(self=<pycaret.regression.oop.RegressionExperiment object at 0x000001CB32ADE490>, estimator=Pipeline(memory=Memory(location=None),
         steps=[('numerical_imputer',
                 TransformerWrapper(include=['whh', 'whd', 'wha',
                                             'team_h_difficulty',
                                             'team_a_difficulty',
                                             'percenatge_net_transfers',
                                             'ict_index', 'influence',
                                             'creativity', 'threat', 'starts',
                                             'expected_assists_1',
                                             'expected_goal_involvements_1',
                                             'ict_index_1', 'influence_1',
                                             'creativity_1', 'threat_1',
                                             'minutes_1...
                                    transformer=SelectFromModel(estimator=LGBMRegressor(),
                                                                max_features=23,
                                                                threshold=-inf))),
                ('actual_estimator',
                 VotingRegressor(estimators=[('Random Forest Regressor',
                                              RandomForestRegressor(n_jobs=-1,
                                                                    random_state=6253)),
                                             ('Extra Trees Regressor',
                                              ExtraTreesRegressor(n_jobs=-1,
                                                                  random_state=6253)),
                                             ('Gradient Boosting Regressor',
                                              GradientBoostingRegressor(random_state=6253))],
                                 n_jobs=-1))]), probability_threshold=None, encoded_labels=False, raw_score=False, round=4, verbose=True, ml_usecase=None, preprocess=True, encode_labels=<function _SupervisedExperiment.predict_model.<locals>.encode_labels at 0x000001CB38EC0C20>)
2025-08-12 15:33:31,677:INFO:Checking exceptions
2025-08-12 15:33:31,677:INFO:Preloading libraries
2025-08-12 15:33:31,677:INFO:Set up data.
2025-08-12 15:33:31,793:INFO:Set up index.
2025-08-12 15:33:32,471:WARNING:C:\Users\Ilyas\AppData\Local\Temp\ipykernel_23836\353010864.py:12: SettingWithCopyWarning: 
A value is trying to be set on a copy of a slice from a DataFrame.
Try using .loc[row_indexer,col_indexer] = value instead

See the caveats in the documentation: https://pandas.pydata.org/pandas-docs/stable/user_guide/indexing.html#returning-a-view-versus-a-copy
  data_37_mid['xA_preds'] = predicted

2025-08-12 15:33:33,738:WARNING:C:\Users\Ilyas\AppData\Local\Temp\ipykernel_23836\2601050171.py:3: SettingWithCopyWarning: 
A value is trying to be set on a copy of a slice from a DataFrame

See the caveats in the documentation: https://pandas.pydata.org/pandas-docs/stable/user_guide/indexing.html#returning-a-view-versus-a-copy
  data_38_mid_xa.drop(columns=['position', 'xA'], inplace=True)

2025-08-12 15:33:33,834:INFO:Initializing predict_model()
2025-08-12 15:33:33,834:INFO:predict_model(self=<pycaret.regression.oop.RegressionExperiment object at 0x000001CB32ADE490>, estimator=Pipeline(memory=Memory(location=None),
         steps=[('numerical_imputer',
                 TransformerWrapper(include=['whh', 'whd', 'wha',
                                             'team_h_difficulty',
                                             'team_a_difficulty',
                                             'percenatge_net_transfers',
                                             'ict_index', 'influence',
                                             'creativity', 'threat', 'starts',
                                             'expected_assists_1',
                                             'expected_goal_involvements_1',
                                             'ict_index_1', 'influence_1',
                                             'creativity_1', 'threat_1',
                                             'minutes_1...
                                    transformer=SelectFromModel(estimator=LGBMRegressor(),
                                                                max_features=23,
                                                                threshold=-inf))),
                ('actual_estimator',
                 VotingRegressor(estimators=[('Random Forest Regressor',
                                              RandomForestRegressor(n_jobs=-1,
                                                                    random_state=6253)),
                                             ('Extra Trees Regressor',
                                              ExtraTreesRegressor(n_jobs=-1,
                                                                  random_state=6253)),
                                             ('Gradient Boosting Regressor',
                                              GradientBoostingRegressor(random_state=6253))],
                                 n_jobs=-1))]), probability_threshold=None, encoded_labels=False, raw_score=False, round=4, verbose=True, ml_usecase=None, preprocess=True, encode_labels=<function _SupervisedExperiment.predict_model.<locals>.encode_labels at 0x000001CB3CA43060>)
2025-08-12 15:33:33,834:INFO:Checking exceptions
2025-08-12 15:33:33,834:INFO:Preloading libraries
2025-08-12 15:33:33,835:INFO:Set up data.
2025-08-12 15:33:33,928:INFO:Set up index.
2025-08-12 15:33:34,488:WARNING:C:\Users\Ilyas\AppData\Local\Temp\ipykernel_23836\2601050171.py:12: SettingWithCopyWarning: 
A value is trying to be set on a copy of a slice from a DataFrame.
Try using .loc[row_indexer,col_indexer] = value instead

See the caveats in the documentation: https://pandas.pydata.org/pandas-docs/stable/user_guide/indexing.html#returning-a-view-versus-a-copy
  data_38_mid['xA_preds'] = predicted

2025-08-12 15:34:03,608:INFO:Initializing load_model()
2025-08-12 15:34:03,608:INFO:load_model(model_name=../mid_xa_final_model, platform=None, authentication=None, verbose=True)
2025-08-12 15:34:04,355:WARNING:C:\Users\Ilyas\AppData\Local\Temp\ipykernel_23836\2404194884.py:3: SettingWithCopyWarning: 
A value is trying to be set on a copy of a slice from a DataFrame

See the caveats in the documentation: https://pandas.pydata.org/pandas-docs/stable/user_guide/indexing.html#returning-a-view-versus-a-copy
  data_36_mid_xa.drop(columns=['position', 'xA'], inplace=True)

2025-08-12 15:34:04,468:INFO:Initializing predict_model()
2025-08-12 15:34:04,469:INFO:predict_model(self=<pycaret.regression.oop.RegressionExperiment object at 0x000001CB32ADE490>, estimator=Pipeline(memory=Memory(location=None),
         steps=[('numerical_imputer',
                 TransformerWrapper(include=['whh', 'whd', 'wha',
                                             'team_h_difficulty',
                                             'team_a_difficulty',
                                             'percenatge_net_transfers',
                                             'ict_index', 'influence',
                                             'creativity', 'threat', 'starts',
                                             'expected_assists_1',
                                             'expected_goal_involvements_1',
                                             'ict_index_1', 'influence_1',
                                             'creativity_1', 'threat_1',
                                             'minutes_1...
                                    transformer=SelectFromModel(estimator=LGBMRegressor(),
                                                                max_features=23,
                                                                threshold=-inf))),
                ('actual_estimator',
                 VotingRegressor(estimators=[('Random Forest Regressor',
                                              RandomForestRegressor(n_jobs=-1,
                                                                    random_state=6253)),
                                             ('Extra Trees Regressor',
                                              ExtraTreesRegressor(n_jobs=-1,
                                                                  random_state=6253)),
                                             ('Gradient Boosting Regressor',
                                              GradientBoostingRegressor(random_state=6253))],
                                 n_jobs=-1))]), probability_threshold=None, encoded_labels=False, raw_score=False, round=4, verbose=True, ml_usecase=None, preprocess=True, encode_labels=<function _SupervisedExperiment.predict_model.<locals>.encode_labels at 0x000001CB3A8A0180>)
2025-08-12 15:34:04,469:INFO:Checking exceptions
2025-08-12 15:34:04,469:INFO:Preloading libraries
2025-08-12 15:34:04,471:INFO:Set up data.
2025-08-12 15:34:04,544:INFO:Set up index.
2025-08-12 15:34:05,428:WARNING:C:\Users\Ilyas\AppData\Local\Temp\ipykernel_23836\2404194884.py:12: SettingWithCopyWarning: 
A value is trying to be set on a copy of a slice from a DataFrame.
Try using .loc[row_indexer,col_indexer] = value instead

See the caveats in the documentation: https://pandas.pydata.org/pandas-docs/stable/user_guide/indexing.html#returning-a-view-versus-a-copy
  data_36_mid['xA_preds'] = predicted

2025-08-12 15:34:06,680:WARNING:C:\Users\Ilyas\AppData\Local\Temp\ipykernel_23836\353010864.py:3: SettingWithCopyWarning: 
A value is trying to be set on a copy of a slice from a DataFrame

See the caveats in the documentation: https://pandas.pydata.org/pandas-docs/stable/user_guide/indexing.html#returning-a-view-versus-a-copy
  data_37_mid_xa.drop(columns=['position', 'xA'], inplace=True)

2025-08-12 15:34:06,820:INFO:Initializing predict_model()
2025-08-12 15:34:06,820:INFO:predict_model(self=<pycaret.regression.oop.RegressionExperiment object at 0x000001CB65524910>, estimator=Pipeline(memory=Memory(location=None),
         steps=[('numerical_imputer',
                 TransformerWrapper(include=['whh', 'whd', 'wha',
                                             'team_h_difficulty',
                                             'team_a_difficulty',
                                             'percenatge_net_transfers',
                                             'ict_index', 'influence',
                                             'creativity', 'threat', 'starts',
                                             'expected_assists_1',
                                             'expected_goal_involvements_1',
                                             'ict_index_1', 'influence_1',
                                             'creativity_1', 'threat_1',
                                             'minutes_1...
                                    transformer=SelectFromModel(estimator=LGBMRegressor(),
                                                                max_features=23,
                                                                threshold=-inf))),
                ('actual_estimator',
                 VotingRegressor(estimators=[('Random Forest Regressor',
                                              RandomForestRegressor(n_jobs=-1,
                                                                    random_state=6253)),
                                             ('Extra Trees Regressor',
                                              ExtraTreesRegressor(n_jobs=-1,
                                                                  random_state=6253)),
                                             ('Gradient Boosting Regressor',
                                              GradientBoostingRegressor(random_state=6253))],
                                 n_jobs=-1))]), probability_threshold=None, encoded_labels=False, raw_score=False, round=4, verbose=True, ml_usecase=None, preprocess=True, encode_labels=<function _SupervisedExperiment.predict_model.<locals>.encode_labels at 0x000001CB6550BEC0>)
2025-08-12 15:34:06,821:INFO:Checking exceptions
2025-08-12 15:34:06,821:INFO:Preloading libraries
2025-08-12 15:34:06,821:INFO:Set up data.
2025-08-12 15:34:06,939:INFO:Set up index.
2025-08-12 15:34:07,783:WARNING:C:\Users\Ilyas\AppData\Local\Temp\ipykernel_23836\353010864.py:12: SettingWithCopyWarning: 
A value is trying to be set on a copy of a slice from a DataFrame.
Try using .loc[row_indexer,col_indexer] = value instead

See the caveats in the documentation: https://pandas.pydata.org/pandas-docs/stable/user_guide/indexing.html#returning-a-view-versus-a-copy
  data_37_mid['xA_preds'] = predicted

2025-08-12 15:34:09,266:WARNING:C:\Users\Ilyas\AppData\Local\Temp\ipykernel_23836\2601050171.py:3: SettingWithCopyWarning: 
A value is trying to be set on a copy of a slice from a DataFrame

See the caveats in the documentation: https://pandas.pydata.org/pandas-docs/stable/user_guide/indexing.html#returning-a-view-versus-a-copy
  data_38_mid_xa.drop(columns=['position', 'xA'], inplace=True)

2025-08-12 15:34:09,431:INFO:Initializing predict_model()
2025-08-12 15:34:09,431:INFO:predict_model(self=<pycaret.regression.oop.RegressionExperiment object at 0x000001CB38E8B710>, estimator=Pipeline(memory=Memory(location=None),
         steps=[('numerical_imputer',
                 TransformerWrapper(include=['whh', 'whd', 'wha',
                                             'team_h_difficulty',
                                             'team_a_difficulty',
                                             'percenatge_net_transfers',
                                             'ict_index', 'influence',
                                             'creativity', 'threat', 'starts',
                                             'expected_assists_1',
                                             'expected_goal_involvements_1',
                                             'ict_index_1', 'influence_1',
                                             'creativity_1', 'threat_1',
                                             'minutes_1...
                                    transformer=SelectFromModel(estimator=LGBMRegressor(),
                                                                max_features=23,
                                                                threshold=-inf))),
                ('actual_estimator',
                 VotingRegressor(estimators=[('Random Forest Regressor',
                                              RandomForestRegressor(n_jobs=-1,
                                                                    random_state=6253)),
                                             ('Extra Trees Regressor',
                                              ExtraTreesRegressor(n_jobs=-1,
                                                                  random_state=6253)),
                                             ('Gradient Boosting Regressor',
                                              GradientBoostingRegressor(random_state=6253))],
                                 n_jobs=-1))]), probability_threshold=None, encoded_labels=False, raw_score=False, round=4, verbose=True, ml_usecase=None, preprocess=True, encode_labels=<function _SupervisedExperiment.predict_model.<locals>.encode_labels at 0x000001CB31359760>)
2025-08-12 15:34:09,431:INFO:Checking exceptions
2025-08-12 15:34:09,431:INFO:Preloading libraries
2025-08-12 15:34:09,432:INFO:Set up data.
2025-08-12 15:34:09,589:INFO:Set up index.
2025-08-12 15:34:10,502:WARNING:C:\Users\Ilyas\AppData\Local\Temp\ipykernel_23836\2601050171.py:12: SettingWithCopyWarning: 
A value is trying to be set on a copy of a slice from a DataFrame.
Try using .loc[row_indexer,col_indexer] = value instead

See the caveats in the documentation: https://pandas.pydata.org/pandas-docs/stable/user_guide/indexing.html#returning-a-view-versus-a-copy
  data_38_mid['xA_preds'] = predicted

2025-08-12 15:34:11,998:INFO:Initializing load_model()
2025-08-12 15:34:11,998:INFO:load_model(model_name=../mid_xa_final_model, platform=None, authentication=None, verbose=True)
2025-08-12 15:35:12,360:INFO:Initializing load_model()
2025-08-12 15:35:12,360:INFO:load_model(model_name=../fwd_xa_final_model, platform=None, authentication=None, verbose=True)
2025-08-12 15:35:16,291:INFO:Initializing load_model()
2025-08-12 15:35:16,291:INFO:load_model(model_name=../fwd_xa_final_model, platform=None, authentication=None, verbose=True)
2025-08-12 15:35:16,578:WARNING:C:\Users\Ilyas\AppData\Local\Temp\ipykernel_23836\1637177864.py:3: SettingWithCopyWarning: 
A value is trying to be set on a copy of a slice from a DataFrame

See the caveats in the documentation: https://pandas.pydata.org/pandas-docs/stable/user_guide/indexing.html#returning-a-view-versus-a-copy
  data_36_fwd_xa.drop(columns=['position', 'xA'], inplace=True)

2025-08-12 15:35:16,627:INFO:Initializing predict_model()
2025-08-12 15:35:16,627:INFO:predict_model(self=<pycaret.regression.oop.RegressionExperiment object at 0x000001CB38DB1410>, estimator=Pipeline(memory=Memory(location=None),
         steps=[('numerical_imputer',
                 TransformerWrapper(include=['whh', 'whd', 'wha',
                                             'team_h_difficulty',
                                             'team_a_difficulty',
                                             'percenatge_net_transfers',
                                             'ict_index', 'influence',
                                             'creativity', 'threat', 'starts',
                                             'expected_assists_1',
                                             'expected_goal_involvements_1',
                                             'ict_index_1', 'influence_1',
                                             'creativity_1', 'threat_1',
                                             'minutes_1...
                                    transformer=SimpleImputer(strategy='most_frequent'))),
                ('remove_multicollinearity',
                 TransformerWrapper(exclude=[],
                                    transformer=RemoveMulticollinearity(threshold=0.9))),
                ('feature_selection',
                 TransformerWrapper(exclude=[],
                                    transformer=SelectFromModel(estimator=LGBMRegressor(),
                                                                max_features=23,
                                                                threshold=-inf))),
                ('actual_estimator',
                 ExtraTreesRegressor(n_jobs=-1, random_state=3056))]), probability_threshold=None, encoded_labels=False, raw_score=False, round=4, verbose=True, ml_usecase=None, preprocess=True, encode_labels=<function _SupervisedExperiment.predict_model.<locals>.encode_labels at 0x000001CB3CA18C20>)
2025-08-12 15:35:16,628:INFO:Checking exceptions
2025-08-12 15:35:16,628:INFO:Preloading libraries
2025-08-12 15:35:16,628:INFO:Set up data.
2025-08-12 15:35:16,721:INFO:Set up index.
2025-08-12 15:35:17,657:WARNING:C:\Users\Ilyas\AppData\Local\Temp\ipykernel_23836\1637177864.py:12: SettingWithCopyWarning: 
A value is trying to be set on a copy of a slice from a DataFrame.
Try using .loc[row_indexer,col_indexer] = value instead

See the caveats in the documentation: https://pandas.pydata.org/pandas-docs/stable/user_guide/indexing.html#returning-a-view-versus-a-copy
  data_36_fwd['xA_preds'] = predicted

2025-08-12 15:35:18,223:WARNING:C:\Users\Ilyas\AppData\Local\Temp\ipykernel_23836\1382519671.py:3: SettingWithCopyWarning: 
A value is trying to be set on a copy of a slice from a DataFrame

See the caveats in the documentation: https://pandas.pydata.org/pandas-docs/stable/user_guide/indexing.html#returning-a-view-versus-a-copy
  data_37_fwd_xa.drop(columns=['position', 'xA'], inplace=True)

2025-08-12 15:35:18,269:INFO:Initializing predict_model()
2025-08-12 15:35:18,270:INFO:predict_model(self=<pycaret.regression.oop.RegressionExperiment object at 0x000001CB38E8B710>, estimator=Pipeline(memory=Memory(location=None),
         steps=[('numerical_imputer',
                 TransformerWrapper(include=['whh', 'whd', 'wha',
                                             'team_h_difficulty',
                                             'team_a_difficulty',
                                             'percenatge_net_transfers',
                                             'ict_index', 'influence',
                                             'creativity', 'threat', 'starts',
                                             'expected_assists_1',
                                             'expected_goal_involvements_1',
                                             'ict_index_1', 'influence_1',
                                             'creativity_1', 'threat_1',
                                             'minutes_1...
                                    transformer=SimpleImputer(strategy='most_frequent'))),
                ('remove_multicollinearity',
                 TransformerWrapper(exclude=[],
                                    transformer=RemoveMulticollinearity(threshold=0.9))),
                ('feature_selection',
                 TransformerWrapper(exclude=[],
                                    transformer=SelectFromModel(estimator=LGBMRegressor(),
                                                                max_features=23,
                                                                threshold=-inf))),
                ('actual_estimator',
                 ExtraTreesRegressor(n_jobs=-1, random_state=3056))]), probability_threshold=None, encoded_labels=False, raw_score=False, round=4, verbose=True, ml_usecase=None, preprocess=True, encode_labels=<function _SupervisedExperiment.predict_model.<locals>.encode_labels at 0x000001CB3CA2E340>)
2025-08-12 15:35:18,270:INFO:Checking exceptions
2025-08-12 15:35:18,270:INFO:Preloading libraries
2025-08-12 15:35:18,272:INFO:Set up data.
2025-08-12 15:35:18,370:INFO:Set up index.
2025-08-12 15:35:18,684:WARNING:C:\Users\Ilyas\AppData\Local\Temp\ipykernel_23836\1382519671.py:12: SettingWithCopyWarning: 
A value is trying to be set on a copy of a slice from a DataFrame.
Try using .loc[row_indexer,col_indexer] = value instead

See the caveats in the documentation: https://pandas.pydata.org/pandas-docs/stable/user_guide/indexing.html#returning-a-view-versus-a-copy
  data_37_fwd['xA_preds'] = predicted

2025-08-12 15:35:19,272:WARNING:C:\Users\Ilyas\AppData\Local\Temp\ipykernel_23836\3948311769.py:3: SettingWithCopyWarning: 
A value is trying to be set on a copy of a slice from a DataFrame

See the caveats in the documentation: https://pandas.pydata.org/pandas-docs/stable/user_guide/indexing.html#returning-a-view-versus-a-copy
  data_38_fwd_xa.drop(columns=['position', 'xA'], inplace=True)

2025-08-12 15:35:19,338:INFO:Initializing predict_model()
2025-08-12 15:35:19,338:INFO:predict_model(self=<pycaret.regression.oop.RegressionExperiment object at 0x000001CB3A879710>, estimator=Pipeline(memory=Memory(location=None),
         steps=[('numerical_imputer',
                 TransformerWrapper(include=['whh', 'whd', 'wha',
                                             'team_h_difficulty',
                                             'team_a_difficulty',
                                             'percenatge_net_transfers',
                                             'ict_index', 'influence',
                                             'creativity', 'threat', 'starts',
                                             'expected_assists_1',
                                             'expected_goal_involvements_1',
                                             'ict_index_1', 'influence_1',
                                             'creativity_1', 'threat_1',
                                             'minutes_1...
                                    transformer=SimpleImputer(strategy='most_frequent'))),
                ('remove_multicollinearity',
                 TransformerWrapper(exclude=[],
                                    transformer=RemoveMulticollinearity(threshold=0.9))),
                ('feature_selection',
                 TransformerWrapper(exclude=[],
                                    transformer=SelectFromModel(estimator=LGBMRegressor(),
                                                                max_features=23,
                                                                threshold=-inf))),
                ('actual_estimator',
                 ExtraTreesRegressor(n_jobs=-1, random_state=3056))]), probability_threshold=None, encoded_labels=False, raw_score=False, round=4, verbose=True, ml_usecase=None, preprocess=True, encode_labels=<function _SupervisedExperiment.predict_model.<locals>.encode_labels at 0x000001CB3C941940>)
2025-08-12 15:35:19,338:INFO:Checking exceptions
2025-08-12 15:35:19,338:INFO:Preloading libraries
2025-08-12 15:35:19,339:INFO:Set up data.
2025-08-12 15:35:19,421:INFO:Set up index.
2025-08-12 15:35:20,095:WARNING:C:\Users\Ilyas\AppData\Local\Temp\ipykernel_23836\3948311769.py:12: SettingWithCopyWarning: 
A value is trying to be set on a copy of a slice from a DataFrame.
Try using .loc[row_indexer,col_indexer] = value instead

See the caveats in the documentation: https://pandas.pydata.org/pandas-docs/stable/user_guide/indexing.html#returning-a-view-versus-a-copy
  data_38_fwd['xA_preds'] = predicted

2025-08-12 15:37:57,428:INFO:Initializing load_model()
2025-08-12 15:37:57,429:INFO:load_model(model_name=../g_saves_final_model, platform=None, authentication=None, verbose=True)
2025-08-12 15:38:09,001:INFO:Initializing load_model()
2025-08-12 15:38:09,002:INFO:load_model(model_name=../g_saves_final_model, platform=None, authentication=None, verbose=True)
2025-08-12 15:38:09,148:WARNING:C:\Users\Ilyas\AppData\Local\Temp\ipykernel_23836\127723658.py:3: SettingWithCopyWarning: 
A value is trying to be set on a copy of a slice from a DataFrame

See the caveats in the documentation: https://pandas.pydata.org/pandas-docs/stable/user_guide/indexing.html#returning-a-view-versus-a-copy
  data_36_gk_saves.drop(columns=['position', 'saves'], inplace=True)

2025-08-12 15:38:09,206:INFO:Initializing predict_model()
2025-08-12 15:38:09,207:INFO:predict_model(self=<pycaret.regression.oop.RegressionExperiment object at 0x000001CB38F33990>, estimator=Pipeline(memory=Memory(location=None),
         steps=[('numerical_imputer',
                 TransformerWrapper(include=['whh', 'whd', 'wha',
                                             'team_h_difficulty',
                                             'team_a_difficulty',
                                             'ownership_change',
                                             'percenatge_net_transfers',
                                             'ict_index', 'influence',
                                             'creativity', 'threat',
                                             'clean_sheets_1',
                                             'expected_goals_conceded_1',
                                             'goals_conceded_1',
                                             'goals_scored_1', 'ict_index_1',
                                             'influence_...
                                    transformer=SimpleImputer(strategy='most_frequent'))),
                ('remove_multicollinearity',
                 TransformerWrapper(exclude=[],
                                    transformer=RemoveMulticollinearity(threshold=0.9))),
                ('feature_selection',
                 TransformerWrapper(exclude=[],
                                    transformer=SelectFromModel(estimator=LGBMRegressor(),
                                                                max_features=23,
                                                                threshold=-inf))),
                ('actual_estimator',
                 GradientBoostingRegressor(random_state=8052))]), probability_threshold=None, encoded_labels=False, raw_score=False, round=4, verbose=True, ml_usecase=None, preprocess=True, encode_labels=<function _SupervisedExperiment.predict_model.<locals>.encode_labels at 0x000001CB634B9F80>)
2025-08-12 15:38:09,207:INFO:Checking exceptions
2025-08-12 15:38:09,207:INFO:Preloading libraries
2025-08-12 15:38:09,208:INFO:Set up data.
2025-08-12 15:38:09,339:INFO:Set up index.
2025-08-12 15:38:10,092:WARNING:C:\Users\Ilyas\AppData\Local\Temp\ipykernel_23836\127723658.py:12: SettingWithCopyWarning: 
A value is trying to be set on a copy of a slice from a DataFrame.
Try using .loc[row_indexer,col_indexer] = value instead

See the caveats in the documentation: https://pandas.pydata.org/pandas-docs/stable/user_guide/indexing.html#returning-a-view-versus-a-copy
  data_36_gk['saves_preds'] = predicted

2025-08-12 15:38:11,297:WARNING:C:\Users\Ilyas\AppData\Local\Temp\ipykernel_23836\1962156808.py:3: SettingWithCopyWarning: 
A value is trying to be set on a copy of a slice from a DataFrame

See the caveats in the documentation: https://pandas.pydata.org/pandas-docs/stable/user_guide/indexing.html#returning-a-view-versus-a-copy
  data_37_gk_saves.drop(columns=['position', 'saves'], inplace=True)

2025-08-12 15:38:11,374:INFO:Initializing predict_model()
2025-08-12 15:38:11,374:INFO:predict_model(self=<pycaret.regression.oop.RegressionExperiment object at 0x000001CB3CAD0E10>, estimator=Pipeline(memory=Memory(location=None),
         steps=[('numerical_imputer',
                 TransformerWrapper(include=['whh', 'whd', 'wha',
                                             'team_h_difficulty',
                                             'team_a_difficulty',
                                             'ownership_change',
                                             'percenatge_net_transfers',
                                             'ict_index', 'influence',
                                             'creativity', 'threat',
                                             'clean_sheets_1',
                                             'expected_goals_conceded_1',
                                             'goals_conceded_1',
                                             'goals_scored_1', 'ict_index_1',
                                             'influence_...
                                    transformer=SimpleImputer(strategy='most_frequent'))),
                ('remove_multicollinearity',
                 TransformerWrapper(exclude=[],
                                    transformer=RemoveMulticollinearity(threshold=0.9))),
                ('feature_selection',
                 TransformerWrapper(exclude=[],
                                    transformer=SelectFromModel(estimator=LGBMRegressor(),
                                                                max_features=23,
                                                                threshold=-inf))),
                ('actual_estimator',
                 GradientBoostingRegressor(random_state=8052))]), probability_threshold=None, encoded_labels=False, raw_score=False, round=4, verbose=True, ml_usecase=None, preprocess=True, encode_labels=<function _SupervisedExperiment.predict_model.<locals>.encode_labels at 0x000001CB39FDA520>)
2025-08-12 15:38:11,374:INFO:Checking exceptions
2025-08-12 15:38:11,374:INFO:Preloading libraries
2025-08-12 15:38:11,375:INFO:Set up data.
2025-08-12 15:38:11,534:INFO:Set up index.
2025-08-12 15:38:12,062:WARNING:C:\Users\Ilyas\AppData\Local\Temp\ipykernel_23836\1962156808.py:12: SettingWithCopyWarning: 
A value is trying to be set on a copy of a slice from a DataFrame.
Try using .loc[row_indexer,col_indexer] = value instead

See the caveats in the documentation: https://pandas.pydata.org/pandas-docs/stable/user_guide/indexing.html#returning-a-view-versus-a-copy
  data_37_gk['saves_preds'] = predicted

2025-08-12 15:38:13,082:WARNING:C:\Users\Ilyas\AppData\Local\Temp\ipykernel_23836\3764586901.py:3: SettingWithCopyWarning: 
A value is trying to be set on a copy of a slice from a DataFrame

See the caveats in the documentation: https://pandas.pydata.org/pandas-docs/stable/user_guide/indexing.html#returning-a-view-versus-a-copy
  data_38_gk_saves.drop(columns=['position', 'saves'], inplace=True)

2025-08-12 15:38:13,138:INFO:Initializing predict_model()
2025-08-12 15:38:13,138:INFO:predict_model(self=<pycaret.regression.oop.RegressionExperiment object at 0x000001CB38D9D810>, estimator=Pipeline(memory=Memory(location=None),
         steps=[('numerical_imputer',
                 TransformerWrapper(include=['whh', 'whd', 'wha',
                                             'team_h_difficulty',
                                             'team_a_difficulty',
                                             'ownership_change',
                                             'percenatge_net_transfers',
                                             'ict_index', 'influence',
                                             'creativity', 'threat',
                                             'clean_sheets_1',
                                             'expected_goals_conceded_1',
                                             'goals_conceded_1',
                                             'goals_scored_1', 'ict_index_1',
                                             'influence_...
                                    transformer=SimpleImputer(strategy='most_frequent'))),
                ('remove_multicollinearity',
                 TransformerWrapper(exclude=[],
                                    transformer=RemoveMulticollinearity(threshold=0.9))),
                ('feature_selection',
                 TransformerWrapper(exclude=[],
                                    transformer=SelectFromModel(estimator=LGBMRegressor(),
                                                                max_features=23,
                                                                threshold=-inf))),
                ('actual_estimator',
                 GradientBoostingRegressor(random_state=8052))]), probability_threshold=None, encoded_labels=False, raw_score=False, round=4, verbose=True, ml_usecase=None, preprocess=True, encode_labels=<function _SupervisedExperiment.predict_model.<locals>.encode_labels at 0x000001CB38EC3B00>)
2025-08-12 15:38:13,138:INFO:Checking exceptions
2025-08-12 15:38:13,138:INFO:Preloading libraries
2025-08-12 15:38:13,139:INFO:Set up data.
2025-08-12 15:38:13,218:INFO:Set up index.
2025-08-12 15:38:13,801:WARNING:C:\Users\Ilyas\AppData\Local\Temp\ipykernel_23836\3764586901.py:12: SettingWithCopyWarning: 
A value is trying to be set on a copy of a slice from a DataFrame.
Try using .loc[row_indexer,col_indexer] = value instead

See the caveats in the documentation: https://pandas.pydata.org/pandas-docs/stable/user_guide/indexing.html#returning-a-view-versus-a-copy
  data_38_gk['saves_preds'] = predicted

2025-08-12 15:40:22,255:INFO:Initializing load_model()
2025-08-12 15:40:22,255:INFO:load_model(model_name=../g_xgc_final_model, platform=None, authentication=None, verbose=True)
2025-08-12 15:40:34,483:INFO:Initializing load_model()
2025-08-12 15:40:34,484:INFO:load_model(model_name=../g_xgc_final_model, platform=None, authentication=None, verbose=True)
2025-08-12 15:40:35,201:WARNING:C:\Users\Ilyas\AppData\Local\Temp\ipykernel_23836\702450570.py:3: SettingWithCopyWarning: 
A value is trying to be set on a copy of a slice from a DataFrame

See the caveats in the documentation: https://pandas.pydata.org/pandas-docs/stable/user_guide/indexing.html#returning-a-view-versus-a-copy
  data_36_gk_xgc.drop(columns=['position', 'expected_goals_conceded'], inplace=True)

2025-08-12 15:40:35,301:INFO:Initializing predict_model()
2025-08-12 15:40:35,302:INFO:predict_model(self=<pycaret.regression.oop.RegressionExperiment object at 0x000001CB6556D210>, estimator=Pipeline(memory=Memory(location=None),
         steps=[('numerical_imputer',
                 TransformerWrapper(include=['whh', 'whd', 'wha',
                                             'team_h_difficulty',
                                             'team_a_difficulty',
                                             'ownership_change',
                                             'percenatge_net_transfers',
                                             'ict_index', 'influence',
                                             'creativity', 'threat',
                                             'clean_sheets_1',
                                             'expected_goals_conceded_1',
                                             'goals_conceded_1', 'ict_index_1',
                                             'influence_1', 'creativity_1'...
                 TransformerWrapper(exclude=[],
                                    transformer=SelectFromModel(estimator=LGBMRegressor(),
                                                                max_features=21,
                                                                threshold=-inf))),
                ('actual_estimator',
                 VotingRegressor(estimators=[('Extra Trees Regressor',
                                              ExtraTreesRegressor(n_jobs=-1,
                                                                  random_state=920)),
                                             ('Random Forest Regressor',
                                              RandomForestRegressor(n_jobs=-1,
                                                                    random_state=920)),
                                             ('Ridge Regression',
                                              Ridge(random_state=920))],
                                 n_jobs=-1))]), probability_threshold=None, encoded_labels=False, raw_score=False, round=4, verbose=True, ml_usecase=None, preprocess=True, encode_labels=<function _SupervisedExperiment.predict_model.<locals>.encode_labels at 0x000001CB39FD8860>)
2025-08-12 15:40:35,302:INFO:Checking exceptions
2025-08-12 15:40:35,302:INFO:Preloading libraries
2025-08-12 15:40:35,303:INFO:Set up data.
2025-08-12 15:40:35,412:INFO:Set up index.
2025-08-12 15:40:36,009:WARNING:C:\Users\Ilyas\AppData\Local\Temp\ipykernel_23836\702450570.py:12: SettingWithCopyWarning: 
A value is trying to be set on a copy of a slice from a DataFrame.
Try using .loc[row_indexer,col_indexer] = value instead

See the caveats in the documentation: https://pandas.pydata.org/pandas-docs/stable/user_guide/indexing.html#returning-a-view-versus-a-copy
  data_36_gk['xgc_preds'] = predicted

2025-08-12 15:40:37,500:WARNING:C:\Users\Ilyas\AppData\Local\Temp\ipykernel_23836\1323881549.py:3: SettingWithCopyWarning: 
A value is trying to be set on a copy of a slice from a DataFrame

See the caveats in the documentation: https://pandas.pydata.org/pandas-docs/stable/user_guide/indexing.html#returning-a-view-versus-a-copy
  data_37_gk_xgc.drop(columns=['position', 'expected_goals_conceded'], inplace=True)

2025-08-12 15:40:37,610:INFO:Initializing predict_model()
2025-08-12 15:40:37,610:INFO:predict_model(self=<pycaret.regression.oop.RegressionExperiment object at 0x000001CB37DC8190>, estimator=Pipeline(memory=Memory(location=None),
         steps=[('numerical_imputer',
                 TransformerWrapper(include=['whh', 'whd', 'wha',
                                             'team_h_difficulty',
                                             'team_a_difficulty',
                                             'ownership_change',
                                             'percenatge_net_transfers',
                                             'ict_index', 'influence',
                                             'creativity', 'threat',
                                             'clean_sheets_1',
                                             'expected_goals_conceded_1',
                                             'goals_conceded_1', 'ict_index_1',
                                             'influence_1', 'creativity_1'...
                 TransformerWrapper(exclude=[],
                                    transformer=SelectFromModel(estimator=LGBMRegressor(),
                                                                max_features=21,
                                                                threshold=-inf))),
                ('actual_estimator',
                 VotingRegressor(estimators=[('Extra Trees Regressor',
                                              ExtraTreesRegressor(n_jobs=-1,
                                                                  random_state=920)),
                                             ('Random Forest Regressor',
                                              RandomForestRegressor(n_jobs=-1,
                                                                    random_state=920)),
                                             ('Ridge Regression',
                                              Ridge(random_state=920))],
                                 n_jobs=-1))]), probability_threshold=None, encoded_labels=False, raw_score=False, round=4, verbose=True, ml_usecase=None, preprocess=True, encode_labels=<function _SupervisedExperiment.predict_model.<locals>.encode_labels at 0x000001CB3A79C040>)
2025-08-12 15:40:37,610:INFO:Checking exceptions
2025-08-12 15:40:37,610:INFO:Preloading libraries
2025-08-12 15:40:37,611:INFO:Set up data.
2025-08-12 15:40:37,730:INFO:Set up index.
2025-08-12 15:40:38,539:WARNING:C:\Users\Ilyas\AppData\Local\Temp\ipykernel_23836\1323881549.py:12: SettingWithCopyWarning: 
A value is trying to be set on a copy of a slice from a DataFrame.
Try using .loc[row_indexer,col_indexer] = value instead

See the caveats in the documentation: https://pandas.pydata.org/pandas-docs/stable/user_guide/indexing.html#returning-a-view-versus-a-copy
  data_37_gk['xgc_preds'] = predicted

2025-08-12 15:40:39,947:WARNING:C:\Users\Ilyas\AppData\Local\Temp\ipykernel_23836\3705190149.py:3: SettingWithCopyWarning: 
A value is trying to be set on a copy of a slice from a DataFrame

See the caveats in the documentation: https://pandas.pydata.org/pandas-docs/stable/user_guide/indexing.html#returning-a-view-versus-a-copy
  data_38_gk_xgc.drop(columns=['position', 'expected_goals_conceded'], inplace=True)

2025-08-12 15:40:40,049:INFO:Initializing predict_model()
2025-08-12 15:40:40,049:INFO:predict_model(self=<pycaret.regression.oop.RegressionExperiment object at 0x000001CB3A76B8D0>, estimator=Pipeline(memory=Memory(location=None),
         steps=[('numerical_imputer',
                 TransformerWrapper(include=['whh', 'whd', 'wha',
                                             'team_h_difficulty',
                                             'team_a_difficulty',
                                             'ownership_change',
                                             'percenatge_net_transfers',
                                             'ict_index', 'influence',
                                             'creativity', 'threat',
                                             'clean_sheets_1',
                                             'expected_goals_conceded_1',
                                             'goals_conceded_1', 'ict_index_1',
                                             'influence_1', 'creativity_1'...
                 TransformerWrapper(exclude=[],
                                    transformer=SelectFromModel(estimator=LGBMRegressor(),
                                                                max_features=21,
                                                                threshold=-inf))),
                ('actual_estimator',
                 VotingRegressor(estimators=[('Extra Trees Regressor',
                                              ExtraTreesRegressor(n_jobs=-1,
                                                                  random_state=920)),
                                             ('Random Forest Regressor',
                                              RandomForestRegressor(n_jobs=-1,
                                                                    random_state=920)),
                                             ('Ridge Regression',
                                              Ridge(random_state=920))],
                                 n_jobs=-1))]), probability_threshold=None, encoded_labels=False, raw_score=False, round=4, verbose=True, ml_usecase=None, preprocess=True, encode_labels=<function _SupervisedExperiment.predict_model.<locals>.encode_labels at 0x000001CB389F34C0>)
2025-08-12 15:40:40,049:INFO:Checking exceptions
2025-08-12 15:40:40,049:INFO:Preloading libraries
2025-08-12 15:40:40,049:INFO:Set up data.
2025-08-12 15:40:40,186:INFO:Set up index.
2025-08-12 15:40:41,232:WARNING:C:\Users\Ilyas\AppData\Local\Temp\ipykernel_23836\3705190149.py:12: SettingWithCopyWarning: 
A value is trying to be set on a copy of a slice from a DataFrame.
Try using .loc[row_indexer,col_indexer] = value instead

See the caveats in the documentation: https://pandas.pydata.org/pandas-docs/stable/user_guide/indexing.html#returning-a-view-versus-a-copy
  data_38_gk['xgc_preds'] = predicted

2025-08-12 15:41:39,987:INFO:Initializing load_model()
2025-08-12 15:41:39,987:INFO:load_model(model_name=../def_xgc_final_model, platform=None, authentication=None, verbose=True)
2025-08-12 15:41:43,283:INFO:Initializing load_model()
2025-08-12 15:41:43,283:INFO:load_model(model_name=../def_xgc_final_model, platform=None, authentication=None, verbose=True)
2025-08-12 15:41:45,163:WARNING:C:\Users\Ilyas\AppData\Local\Temp\ipykernel_23836\1970645865.py:3: SettingWithCopyWarning: 
A value is trying to be set on a copy of a slice from a DataFrame

See the caveats in the documentation: https://pandas.pydata.org/pandas-docs/stable/user_guide/indexing.html#returning-a-view-versus-a-copy
  data_36_def_xgc.drop(columns=['position', 'expected_goals_conceded'], inplace=True)

2025-08-12 15:41:45,311:INFO:Initializing predict_model()
2025-08-12 15:41:45,311:INFO:predict_model(self=<pycaret.regression.oop.RegressionExperiment object at 0x000001CB38D95510>, estimator=Pipeline(memory=Memory(location=None),
         steps=[('numerical_imputer',
                 TransformerWrapper(include=['whh', 'whd', 'wha',
                                             'team_h_difficulty',
                                             'team_a_difficulty',
                                             'ownership_change',
                                             'percenatge_net_transfers',
                                             'ict_index', 'influence',
                                             'creativity', 'threat',
                                             'clean_sheets_1',
                                             'expected_goals_conceded_1',
                                             'goals_conceded_1', 'ict_index_1',
                                             'influence_1', 'creativity_1'...
                                                                max_features=21,
                                                                threshold=-inf))),
                ('actual_estimator',
                 VotingRegressor(estimators=[('Extra Trees Regressor',
                                              ExtraTreesRegressor(n_jobs=-1,
                                                                  random_state=5063)),
                                             ('Light Gradient Boosting Machine',
                                              LGBMRegressor(n_jobs=-1,
                                                            random_state=5063)),
                                             ('Random Forest Regressor',
                                              RandomForestRegressor(n_jobs=-1,
                                                                    random_state=5063))],
                                 n_jobs=-1,
                                 weights=[0.8400000000000001, 0.54, 0.31]))]), probability_threshold=None, encoded_labels=False, raw_score=False, round=4, verbose=True, ml_usecase=None, preprocess=True, encode_labels=<function _SupervisedExperiment.predict_model.<locals>.encode_labels at 0x000001CB3A79C180>)
2025-08-12 15:41:45,311:INFO:Checking exceptions
2025-08-12 15:41:45,312:INFO:Preloading libraries
2025-08-12 15:41:45,312:INFO:Set up data.
2025-08-12 15:41:45,449:INFO:Set up index.
2025-08-12 15:42:58,409:INFO:Initializing load_model()
2025-08-12 15:42:58,409:INFO:load_model(model_name=../def_xgc_final_model, platform=None, authentication=None, verbose=True)
2025-08-12 15:42:59,738:WARNING:C:\Users\Ilyas\AppData\Local\Temp\ipykernel_23836\1970645865.py:3: SettingWithCopyWarning: 
A value is trying to be set on a copy of a slice from a DataFrame

See the caveats in the documentation: https://pandas.pydata.org/pandas-docs/stable/user_guide/indexing.html#returning-a-view-versus-a-copy
  data_36_def_xgc.drop(columns=['position', 'expected_goals_conceded'], inplace=True)

2025-08-12 15:42:59,890:INFO:Initializing predict_model()
2025-08-12 15:42:59,890:INFO:predict_model(self=<pycaret.regression.oop.RegressionExperiment object at 0x000001CB39F2F5D0>, estimator=Pipeline(memory=Memory(location=None),
         steps=[('numerical_imputer',
                 TransformerWrapper(include=['whh', 'whd', 'wha',
                                             'team_h_difficulty',
                                             'team_a_difficulty',
                                             'ownership_change',
                                             'percenatge_net_transfers',
                                             'ict_index', 'influence',
                                             'creativity', 'threat',
                                             'clean_sheets_1',
                                             'expected_goals_conceded_1',
                                             'goals_conceded_1', 'ict_index_1',
                                             'influence_1', 'creativity_1'...
                                                                max_features=21,
                                                                threshold=-inf))),
                ('actual_estimator',
                 VotingRegressor(estimators=[('Extra Trees Regressor',
                                              ExtraTreesRegressor(n_jobs=-1,
                                                                  random_state=5063)),
                                             ('Light Gradient Boosting Machine',
                                              LGBMRegressor(n_jobs=-1,
                                                            random_state=5063)),
                                             ('Random Forest Regressor',
                                              RandomForestRegressor(n_jobs=-1,
                                                                    random_state=5063))],
                                 n_jobs=-1,
                                 weights=[0.8400000000000001, 0.54, 0.31]))]), probability_threshold=None, encoded_labels=False, raw_score=False, round=4, verbose=True, ml_usecase=None, preprocess=True, encode_labels=<function _SupervisedExperiment.predict_model.<locals>.encode_labels at 0x000001CB3C943EC0>)
2025-08-12 15:42:59,890:INFO:Checking exceptions
2025-08-12 15:42:59,890:INFO:Preloading libraries
2025-08-12 15:42:59,891:INFO:Set up data.
2025-08-12 15:43:00,034:INFO:Set up index.
2025-08-12 15:43:01,216:WARNING:C:\Users\Ilyas\AppData\Local\Temp\ipykernel_23836\1970645865.py:12: SettingWithCopyWarning: 
A value is trying to be set on a copy of a slice from a DataFrame.
Try using .loc[row_indexer,col_indexer] = value instead

See the caveats in the documentation: https://pandas.pydata.org/pandas-docs/stable/user_guide/indexing.html#returning-a-view-versus-a-copy
  data_36_def['xgc_preds'] = predicted

2025-08-12 15:43:02,823:WARNING:C:\Users\Ilyas\AppData\Local\Temp\ipykernel_23836\1602403833.py:3: SettingWithCopyWarning: 
A value is trying to be set on a copy of a slice from a DataFrame

See the caveats in the documentation: https://pandas.pydata.org/pandas-docs/stable/user_guide/indexing.html#returning-a-view-versus-a-copy
  data_37_def_xgc.drop(columns=['position', 'expected_goals_conceded'], inplace=True)

2025-08-12 15:43:02,951:INFO:Initializing predict_model()
2025-08-12 15:43:02,951:INFO:predict_model(self=<pycaret.regression.oop.RegressionExperiment object at 0x000001CB34A14ED0>, estimator=Pipeline(memory=Memory(location=None),
         steps=[('numerical_imputer',
                 TransformerWrapper(include=['whh', 'whd', 'wha',
                                             'team_h_difficulty',
                                             'team_a_difficulty',
                                             'ownership_change',
                                             'percenatge_net_transfers',
                                             'ict_index', 'influence',
                                             'creativity', 'threat',
                                             'clean_sheets_1',
                                             'expected_goals_conceded_1',
                                             'goals_conceded_1', 'ict_index_1',
                                             'influence_1', 'creativity_1'...
                                                                max_features=21,
                                                                threshold=-inf))),
                ('actual_estimator',
                 VotingRegressor(estimators=[('Extra Trees Regressor',
                                              ExtraTreesRegressor(n_jobs=-1,
                                                                  random_state=5063)),
                                             ('Light Gradient Boosting Machine',
                                              LGBMRegressor(n_jobs=-1,
                                                            random_state=5063)),
                                             ('Random Forest Regressor',
                                              RandomForestRegressor(n_jobs=-1,
                                                                    random_state=5063))],
                                 n_jobs=-1,
                                 weights=[0.8400000000000001, 0.54, 0.31]))]), probability_threshold=None, encoded_labels=False, raw_score=False, round=4, verbose=True, ml_usecase=None, preprocess=True, encode_labels=<function _SupervisedExperiment.predict_model.<locals>.encode_labels at 0x000001CB3C9437E0>)
2025-08-12 15:43:02,952:INFO:Checking exceptions
2025-08-12 15:43:02,952:INFO:Preloading libraries
2025-08-12 15:43:02,954:INFO:Set up data.
2025-08-12 15:43:03,043:INFO:Set up index.
2025-08-12 15:43:03,492:WARNING:C:\Users\Ilyas\AppData\Local\Temp\ipykernel_23836\1602403833.py:12: SettingWithCopyWarning: 
A value is trying to be set on a copy of a slice from a DataFrame.
Try using .loc[row_indexer,col_indexer] = value instead

See the caveats in the documentation: https://pandas.pydata.org/pandas-docs/stable/user_guide/indexing.html#returning-a-view-versus-a-copy
  data_37_def['xgc_preds'] = predicted

2025-08-12 15:43:04,637:WARNING:C:\Users\Ilyas\AppData\Local\Temp\ipykernel_23836\1141747292.py:3: SettingWithCopyWarning: 
A value is trying to be set on a copy of a slice from a DataFrame

See the caveats in the documentation: https://pandas.pydata.org/pandas-docs/stable/user_guide/indexing.html#returning-a-view-versus-a-copy
  data_38_def_xgc.drop(columns=['position', 'expected_goals_conceded'], inplace=True)

2025-08-12 15:43:04,752:INFO:Initializing predict_model()
2025-08-12 15:43:04,752:INFO:predict_model(self=<pycaret.regression.oop.RegressionExperiment object at 0x000001CB38D9CD90>, estimator=Pipeline(memory=Memory(location=None),
         steps=[('numerical_imputer',
                 TransformerWrapper(include=['whh', 'whd', 'wha',
                                             'team_h_difficulty',
                                             'team_a_difficulty',
                                             'ownership_change',
                                             'percenatge_net_transfers',
                                             'ict_index', 'influence',
                                             'creativity', 'threat',
                                             'clean_sheets_1',
                                             'expected_goals_conceded_1',
                                             'goals_conceded_1', 'ict_index_1',
                                             'influence_1', 'creativity_1'...
                                                                max_features=21,
                                                                threshold=-inf))),
                ('actual_estimator',
                 VotingRegressor(estimators=[('Extra Trees Regressor',
                                              ExtraTreesRegressor(n_jobs=-1,
                                                                  random_state=5063)),
                                             ('Light Gradient Boosting Machine',
                                              LGBMRegressor(n_jobs=-1,
                                                            random_state=5063)),
                                             ('Random Forest Regressor',
                                              RandomForestRegressor(n_jobs=-1,
                                                                    random_state=5063))],
                                 n_jobs=-1,
                                 weights=[0.8400000000000001, 0.54, 0.31]))]), probability_threshold=None, encoded_labels=False, raw_score=False, round=4, verbose=True, ml_usecase=None, preprocess=True, encode_labels=<function _SupervisedExperiment.predict_model.<locals>.encode_labels at 0x000001CB274C32E0>)
2025-08-12 15:43:04,752:INFO:Checking exceptions
2025-08-12 15:43:04,752:INFO:Preloading libraries
2025-08-12 15:43:04,752:INFO:Set up data.
2025-08-12 15:43:04,868:INFO:Set up index.
2025-08-12 15:43:05,685:WARNING:C:\Users\Ilyas\AppData\Local\Temp\ipykernel_23836\1141747292.py:12: SettingWithCopyWarning: 
A value is trying to be set on a copy of a slice from a DataFrame.
Try using .loc[row_indexer,col_indexer] = value instead

See the caveats in the documentation: https://pandas.pydata.org/pandas-docs/stable/user_guide/indexing.html#returning-a-view-versus-a-copy
  data_38_def['xgc_preds'] = predicted

2025-08-12 15:43:49,812:WARNING:C:\Users\Ilyas\AppData\Local\Temp\ipykernel_23836\3841226997.py:6: SettingWithCopyWarning: 
A value is trying to be set on a copy of a slice from a DataFrame.
Try using .loc[row_indexer,col_indexer] = value instead

See the caveats in the documentation: https://pandas.pydata.org/pandas-docs/stable/user_guide/indexing.html#returning-a-view-versus-a-copy
  data_36[cols_to_add] = preds_36[cols_to_add]

2025-08-12 15:43:49,813:WARNING:C:\Users\Ilyas\AppData\Local\Temp\ipykernel_23836\3841226997.py:6: SettingWithCopyWarning: 
A value is trying to be set on a copy of a slice from a DataFrame.
Try using .loc[row_indexer,col_indexer] = value instead

See the caveats in the documentation: https://pandas.pydata.org/pandas-docs/stable/user_guide/indexing.html#returning-a-view-versus-a-copy
  data_36[cols_to_add] = preds_36[cols_to_add]

2025-08-12 15:43:49,815:WARNING:C:\Users\Ilyas\AppData\Local\Temp\ipykernel_23836\3841226997.py:6: SettingWithCopyWarning: 
A value is trying to be set on a copy of a slice from a DataFrame.
Try using .loc[row_indexer,col_indexer] = value instead

See the caveats in the documentation: https://pandas.pydata.org/pandas-docs/stable/user_guide/indexing.html#returning-a-view-versus-a-copy
  data_36[cols_to_add] = preds_36[cols_to_add]

2025-08-12 15:43:49,816:WARNING:C:\Users\Ilyas\AppData\Local\Temp\ipykernel_23836\3841226997.py:6: SettingWithCopyWarning: 
A value is trying to be set on a copy of a slice from a DataFrame.
Try using .loc[row_indexer,col_indexer] = value instead

See the caveats in the documentation: https://pandas.pydata.org/pandas-docs/stable/user_guide/indexing.html#returning-a-view-versus-a-copy
  data_36[cols_to_add] = preds_36[cols_to_add]

2025-08-12 15:43:57,381:WARNING:C:\Users\Ilyas\AppData\Local\Temp\ipykernel_23836\4169562541.py:6: SettingWithCopyWarning: 
A value is trying to be set on a copy of a slice from a DataFrame.
Try using .loc[row_indexer,col_indexer] = value instead

See the caveats in the documentation: https://pandas.pydata.org/pandas-docs/stable/user_guide/indexing.html#returning-a-view-versus-a-copy
  data_36[cols_to_add] = preds_36[cols_to_add]

2025-08-12 15:43:57,657:WARNING:C:\Users\Ilyas\AppData\Local\Temp\ipykernel_23836\4169562541.py:14: SettingWithCopyWarning: 
A value is trying to be set on a copy of a slice from a DataFrame.
Try using .loc[row_indexer,col_indexer] = value instead

See the caveats in the documentation: https://pandas.pydata.org/pandas-docs/stable/user_guide/indexing.html#returning-a-view-versus-a-copy
  data_37[cols_to_add] = preds_37[cols_to_add]

2025-08-12 15:43:57,657:WARNING:C:\Users\Ilyas\AppData\Local\Temp\ipykernel_23836\4169562541.py:14: SettingWithCopyWarning: 
A value is trying to be set on a copy of a slice from a DataFrame.
Try using .loc[row_indexer,col_indexer] = value instead

See the caveats in the documentation: https://pandas.pydata.org/pandas-docs/stable/user_guide/indexing.html#returning-a-view-versus-a-copy
  data_37[cols_to_add] = preds_37[cols_to_add]

2025-08-12 15:43:57,657:WARNING:C:\Users\Ilyas\AppData\Local\Temp\ipykernel_23836\4169562541.py:14: SettingWithCopyWarning: 
A value is trying to be set on a copy of a slice from a DataFrame.
Try using .loc[row_indexer,col_indexer] = value instead

See the caveats in the documentation: https://pandas.pydata.org/pandas-docs/stable/user_guide/indexing.html#returning-a-view-versus-a-copy
  data_37[cols_to_add] = preds_37[cols_to_add]

2025-08-12 15:43:57,657:WARNING:C:\Users\Ilyas\AppData\Local\Temp\ipykernel_23836\4169562541.py:14: SettingWithCopyWarning: 
A value is trying to be set on a copy of a slice from a DataFrame.
Try using .loc[row_indexer,col_indexer] = value instead

See the caveats in the documentation: https://pandas.pydata.org/pandas-docs/stable/user_guide/indexing.html#returning-a-view-versus-a-copy
  data_37[cols_to_add] = preds_37[cols_to_add]

2025-08-12 15:43:57,881:WARNING:C:\Users\Ilyas\AppData\Local\Temp\ipykernel_23836\4169562541.py:22: SettingWithCopyWarning: 
A value is trying to be set on a copy of a slice from a DataFrame.
Try using .loc[row_indexer,col_indexer] = value instead

See the caveats in the documentation: https://pandas.pydata.org/pandas-docs/stable/user_guide/indexing.html#returning-a-view-versus-a-copy
  data_38[cols_to_add] = preds_38[cols_to_add]

2025-08-12 15:43:57,882:WARNING:C:\Users\Ilyas\AppData\Local\Temp\ipykernel_23836\4169562541.py:22: SettingWithCopyWarning: 
A value is trying to be set on a copy of a slice from a DataFrame.
Try using .loc[row_indexer,col_indexer] = value instead

See the caveats in the documentation: https://pandas.pydata.org/pandas-docs/stable/user_guide/indexing.html#returning-a-view-versus-a-copy
  data_38[cols_to_add] = preds_38[cols_to_add]

2025-08-12 15:43:57,883:WARNING:C:\Users\Ilyas\AppData\Local\Temp\ipykernel_23836\4169562541.py:22: SettingWithCopyWarning: 
A value is trying to be set on a copy of a slice from a DataFrame.
Try using .loc[row_indexer,col_indexer] = value instead

See the caveats in the documentation: https://pandas.pydata.org/pandas-docs/stable/user_guide/indexing.html#returning-a-view-versus-a-copy
  data_38[cols_to_add] = preds_38[cols_to_add]

2025-08-12 15:43:57,884:WARNING:C:\Users\Ilyas\AppData\Local\Temp\ipykernel_23836\4169562541.py:22: SettingWithCopyWarning: 
A value is trying to be set on a copy of a slice from a DataFrame.
Try using .loc[row_indexer,col_indexer] = value instead

See the caveats in the documentation: https://pandas.pydata.org/pandas-docs/stable/user_guide/indexing.html#returning-a-view-versus-a-copy
  data_38[cols_to_add] = preds_38[cols_to_add]

2025-08-12 15:50:14,399:INFO:Initializing load_model()
2025-08-12 15:50:14,400:INFO:load_model(model_name=../def_cs_final_model, platform=None, authentication=None, verbose=True)
2025-08-12 15:50:19,937:WARNING:C:\Users\Ilyas\AppData\Local\Temp\ipykernel_1596\1254191297.py:3: SettingWithCopyWarning: 
A value is trying to be set on a copy of a slice from a DataFrame

See the caveats in the documentation: https://pandas.pydata.org/pandas-docs/stable/user_guide/indexing.html#returning-a-view-versus-a-copy
  data_36_def_cs.drop(columns=['position', 'clean_sheets'], inplace=True)

2025-08-12 15:50:20,011:INFO:Initializing predict_model()
2025-08-12 15:50:20,011:INFO:predict_model(self=<pycaret.classification.oop.ClassificationExperiment object at 0x000001B611B7C610>, estimator=Pipeline(memory=Memory(location=None),
         steps=[('numerical_imputer',
                 TransformerWrapper(include=['whh', 'whd', 'wha',
                                             'team_h_difficulty',
                                             'team_a_difficulty',
                                             'ownership_change',
                                             'percenatge_net_transfers',
                                             'ict_index', 'influence',
                                             'creativity', 'threat',
                                             'clean_sheets_1',
                                             'expected_goals_conceded_1',
                                             'goals_conceded_1',
                                             'goals_scored_1', 'ict_index_1',
                                             'influence_...
                                    transformer=RemoveMulticollinearity(threshold=0.9))),
                ('balance',
                 TransformerWrapper(transformer=FixImbalancer(estimator=SMOTE()))),
                ('normalize', TransformerWrapper(transformer=StandardScaler())),
                ('feature_selection',
                 TransformerWrapper(exclude=[],
                                    transformer=SelectFromModel(estimator=LGBMClassifier(),
                                                                max_features=23,
                                                                threshold=-inf))),
                ('trained_model',
                 ExtraTreesClassifier(n_jobs=-1, random_state=653))]), probability_threshold=None, encoded_labels=False, raw_score=False, round=4, verbose=True, ml_usecase=None, preprocess=True, encode_labels=<function _SupervisedExperiment.predict_model.<locals>.encode_labels at 0x000001B60576FD80>)
2025-08-12 15:50:20,022:INFO:Checking exceptions
2025-08-12 15:50:20,022:INFO:Preloading libraries
2025-08-12 15:50:20,028:INFO:Set up data.
2025-08-12 15:50:20,202:INFO:Set up index.
2025-08-12 16:24:56,333:INFO:Initializing load_model()
2025-08-12 16:24:56,333:INFO:load_model(model_name=../g_cs_final_model, platform=None, authentication=None, verbose=True)
2025-08-12 16:25:05,093:WARNING:C:\Users\Ilyas\AppData\Local\Temp\ipykernel_1596\3736912767.py:3: SettingWithCopyWarning: 
A value is trying to be set on a copy of a slice from a DataFrame

See the caveats in the documentation: https://pandas.pydata.org/pandas-docs/stable/user_guide/indexing.html#returning-a-view-versus-a-copy
  data_36_gk.drop(columns=['position', 'clean_sheets'], inplace=True)

2025-08-12 16:25:05,125:INFO:Initializing predict_model()
2025-08-12 16:25:05,125:INFO:predict_model(self=<pycaret.classification.oop.ClassificationExperiment object at 0x000001B60A40B190>, estimator=Pipeline(memory=Memory(location=None),
         steps=[('numerical_imputer',
                 TransformerWrapper(include=['whh', 'whd', 'wha',
                                             'team_h_difficulty',
                                             'team_a_difficulty',
                                             'ownership_change',
                                             'percenatge_net_transfers',
                                             'ict_index', 'influence',
                                             'creativity', 'threat',
                                             'clean_sheets_1',
                                             'expected_goals_conceded_1',
                                             'goals_conceded_1',
                                             'goals_scored_1', 'ict_index_1',
                                             'influence_...
                 TransformerWrapper(exclude=[],
                                    transformer=RemoveMulticollinearity(threshold=0.85))),
                ('remove_outliers',
                 TransformerWrapper(transformer=RemoveOutliers(random_state=123))),
                ('balance',
                 TransformerWrapper(transformer=FixImbalancer(estimator=SMOTEENN()))),
                ('normalize', TransformerWrapper(transformer=StandardScaler())),
                ('actual_estimator', RidgeClassifier(random_state=1176))]), probability_threshold=None, encoded_labels=False, raw_score=False, round=4, verbose=True, ml_usecase=None, preprocess=True, encode_labels=<function _SupervisedExperiment.predict_model.<locals>.encode_labels at 0x000001B60A4AC860>)
2025-08-12 16:25:05,126:INFO:Checking exceptions
2025-08-12 16:25:05,126:INFO:Preloading libraries
2025-08-12 16:25:05,126:INFO:Set up data.
2025-08-12 16:25:05,390:INFO:Set up index.
2025-08-12 16:27:13,924:INFO:Initializing load_model()
2025-08-12 16:27:13,924:INFO:load_model(model_name=../g_cs_final_model, platform=None, authentication=None, verbose=True)
2025-08-12 16:27:19,984:WARNING:C:\Users\Ilyas\AppData\Local\Temp\ipykernel_1596\3736912767.py:3: SettingWithCopyWarning: 
A value is trying to be set on a copy of a slice from a DataFrame

See the caveats in the documentation: https://pandas.pydata.org/pandas-docs/stable/user_guide/indexing.html#returning-a-view-versus-a-copy
  data_36_gk.drop(columns=['position', 'clean_sheets'], inplace=True)

2025-08-12 16:27:20,020:INFO:Initializing predict_model()
2025-08-12 16:27:20,020:INFO:predict_model(self=<pycaret.classification.oop.ClassificationExperiment object at 0x000001B60A557C10>, estimator=Pipeline(memory=Memory(location=None),
         steps=[('numerical_imputer',
                 TransformerWrapper(include=['whh', 'whd', 'wha',
                                             'team_h_difficulty',
                                             'team_a_difficulty',
                                             'ownership_change',
                                             'percenatge_net_transfers',
                                             'ict_index', 'influence',
                                             'creativity', 'threat',
                                             'clean_sheets_1',
                                             'expected_goals_conceded_1',
                                             'goals_conceded_1',
                                             'goals_scored_1', 'ict_index_1',
                                             'influence_...
                 TransformerWrapper(exclude=[],
                                    transformer=RemoveMulticollinearity(threshold=0.85))),
                ('remove_outliers',
                 TransformerWrapper(transformer=RemoveOutliers(random_state=123))),
                ('balance',
                 TransformerWrapper(transformer=FixImbalancer(estimator=SMOTEENN()))),
                ('normalize', TransformerWrapper(transformer=StandardScaler())),
                ('actual_estimator', RidgeClassifier(random_state=1176))]), probability_threshold=None, encoded_labels=False, raw_score=False, round=4, verbose=True, ml_usecase=None, preprocess=True, encode_labels=<function _SupervisedExperiment.predict_model.<locals>.encode_labels at 0x000001B60A552B60>)
2025-08-12 16:27:20,020:INFO:Checking exceptions
2025-08-12 16:27:20,020:INFO:Preloading libraries
2025-08-12 16:27:20,021:INFO:Set up data.
2025-08-12 16:27:20,227:INFO:Set up index.
2025-08-12 16:53:14,565:INFO:Initializing load_model()
2025-08-12 16:53:14,565:INFO:load_model(model_name=../g_cs_final_model, platform=None, authentication=None, verbose=True)
2025-08-12 16:53:14,834:WARNING:C:\Users\Ilyas\AppData\Local\Temp\ipykernel_1596\447343491.py:3: SettingWithCopyWarning: 
A value is trying to be set on a copy of a slice from a DataFrame

See the caveats in the documentation: https://pandas.pydata.org/pandas-docs/stable/user_guide/indexing.html#returning-a-view-versus-a-copy
  data_36_gk.drop(columns=['position', 'clean_sheets'], inplace=True)

2025-08-12 16:53:14,882:INFO:Initializing predict_model()
2025-08-12 16:53:14,882:INFO:predict_model(self=<pycaret.classification.oop.ClassificationExperiment object at 0x000001B611BD9A50>, estimator=Pipeline(memory=Memory(location=None),
         steps=[('numerical_imputer',
                 TransformerWrapper(include=['whh', 'whd', 'wha',
                                             'team_h_difficulty',
                                             'team_a_difficulty',
                                             'ownership_change',
                                             'percenatge_net_transfers',
                                             'ict_index', 'influence',
                                             'creativity', 'threat',
                                             'clean_sheets_1',
                                             'expected_goals_conceded_1',
                                             'goals_conceded_1',
                                             'goals_scored_1', 'ict_index_1',
                                             'influence_...
                                    transformer=RemoveMulticollinearity(threshold=0.85))),
                ('remove_outliers',
                 TransformerWrapper(transformer=RemoveOutliers(random_state=123))),
                ('balance',
                 TransformerWrapper(transformer=FixImbalancer(estimator=SMOTEENN()))),
                ('normalize', TransformerWrapper(transformer=StandardScaler())),
                ('actual_estimator',
                 LogisticRegression(max_iter=1000, random_state=2248))]), probability_threshold=None, encoded_labels=False, raw_score=False, round=4, verbose=True, ml_usecase=None, preprocess=True, encode_labels=<function _SupervisedExperiment.predict_model.<locals>.encode_labels at 0x000001B611BF5440>)
2025-08-12 16:53:14,882:INFO:Checking exceptions
2025-08-12 16:53:14,883:INFO:Preloading libraries
2025-08-12 16:53:14,883:INFO:Set up data.
2025-08-12 16:53:15,028:INFO:Set up index.
2025-08-12 16:57:37,130:INFO:Initializing load_model()
2025-08-12 16:57:37,130:INFO:load_model(model_name=../g_cs_final_model, platform=None, authentication=None, verbose=True)
2025-08-12 16:57:56,347:INFO:Initializing load_model()
2025-08-12 16:57:56,347:INFO:load_model(model_name=../g_cs_final_model, platform=None, authentication=None, verbose=True)
2025-08-12 16:57:56,622:INFO:Initializing load_model()
2025-08-12 16:57:56,622:INFO:load_model(model_name=../g_cs_final_model, platform=None, authentication=None, verbose=True)
2025-08-12 16:57:56,929:WARNING:C:\Users\Ilyas\AppData\Local\Temp\ipykernel_1596\436908689.py:17: SettingWithCopyWarning: 
A value is trying to be set on a copy of a slice from a DataFrame

See the caveats in the documentation: https://pandas.pydata.org/pandas-docs/stable/user_guide/indexing.html#returning-a-view-versus-a-copy
  data_36_gk_cs.drop(columns=['clean_sheets'], inplace=True)

2025-08-12 16:57:56,998:INFO:Initializing predict_model()
2025-08-12 16:57:56,998:INFO:predict_model(self=<pycaret.classification.oop.ClassificationExperiment object at 0x000001B60A40B690>, estimator=Pipeline(memory=Memory(location=None),
         steps=[('numerical_imputer',
                 TransformerWrapper(include=['whh', 'whd', 'wha',
                                             'team_h_difficulty',
                                             'team_a_difficulty',
                                             'ownership_change',
                                             'percenatge_net_transfers',
                                             'ict_index', 'influence',
                                             'creativity', 'threat',
                                             'clean_sheets_1',
                                             'expected_goals_conceded_1',
                                             'goals_conceded_1',
                                             'goals_scored_1', 'ict_index_1',
                                             'influence_...
                                    transformer=RemoveMulticollinearity(threshold=0.85))),
                ('remove_outliers',
                 TransformerWrapper(transformer=RemoveOutliers(random_state=123))),
                ('balance',
                 TransformerWrapper(transformer=FixImbalancer(estimator=SMOTEENN()))),
                ('normalize', TransformerWrapper(transformer=StandardScaler())),
                ('actual_estimator',
                 LogisticRegression(max_iter=1000, random_state=2248))]), probability_threshold=None, encoded_labels=False, raw_score=False, round=4, verbose=True, ml_usecase=None, preprocess=True, encode_labels=<function _SupervisedExperiment.predict_model.<locals>.encode_labels at 0x000001B611B2FF60>)
2025-08-12 16:57:56,998:INFO:Checking exceptions
2025-08-12 16:57:56,998:INFO:Preloading libraries
2025-08-12 16:57:56,999:INFO:Set up data.
2025-08-12 16:57:57,051:INFO:Set up index.
2025-08-12 16:59:31,400:WARNING:C:\Users\Ilyas\AppData\Local\Temp\ipykernel_1596\447343491.py:3: SettingWithCopyWarning: 
A value is trying to be set on a copy of a slice from a DataFrame

See the caveats in the documentation: https://pandas.pydata.org/pandas-docs/stable/user_guide/indexing.html#returning-a-view-versus-a-copy
  data_36_gk.drop(columns=['position', 'clean_sheets'], inplace=True)

2025-08-12 16:59:31,441:INFO:Initializing predict_model()
2025-08-12 16:59:31,441:INFO:predict_model(self=<pycaret.classification.oop.ClassificationExperiment object at 0x000001B611A5C1D0>, estimator=Pipeline(memory=Memory(location=None),
         steps=[('numerical_imputer',
                 TransformerWrapper(include=['whh', 'whd', 'wha',
                                             'team_h_difficulty',
                                             'team_a_difficulty',
                                             'ownership_change',
                                             'percenatge_net_transfers',
                                             'ict_index', 'influence',
                                             'creativity', 'threat',
                                             'clean_sheets_1',
                                             'expected_goals_conceded_1',
                                             'goals_conceded_1',
                                             'goals_scored_1', 'ict_index_1',
                                             'influence_...
                                    transformer=RemoveMulticollinearity(threshold=0.85))),
                ('remove_outliers',
                 TransformerWrapper(transformer=RemoveOutliers(random_state=123))),
                ('balance',
                 TransformerWrapper(transformer=FixImbalancer(estimator=SMOTEENN()))),
                ('normalize', TransformerWrapper(transformer=StandardScaler())),
                ('actual_estimator',
                 LogisticRegression(max_iter=1000, random_state=2248))]), probability_threshold=None, encoded_labels=False, raw_score=False, round=4, verbose=True, ml_usecase=None, preprocess=True, encode_labels=<function _SupervisedExperiment.predict_model.<locals>.encode_labels at 0x000001B611A81E40>)
2025-08-12 16:59:31,443:INFO:Checking exceptions
2025-08-12 16:59:31,443:INFO:Preloading libraries
2025-08-12 16:59:31,443:INFO:Set up data.
2025-08-12 16:59:31,598:INFO:Set up index.
2025-08-12 17:09:45,744:INFO:Initializing load_model()
2025-08-12 17:09:45,744:INFO:load_model(model_name=../g_cs_final_model, platform=None, authentication=None, verbose=True)
2025-08-12 17:09:45,956:WARNING:C:\Users\Ilyas\AppData\Local\Temp\ipykernel_1596\436908689.py:17: SettingWithCopyWarning: 
A value is trying to be set on a copy of a slice from a DataFrame

See the caveats in the documentation: https://pandas.pydata.org/pandas-docs/stable/user_guide/indexing.html#returning-a-view-versus-a-copy
  data_36_gk_cs.drop(columns=['clean_sheets'], inplace=True)

2025-08-12 17:09:45,989:INFO:Initializing predict_model()
2025-08-12 17:09:45,989:INFO:predict_model(self=<pycaret.classification.oop.ClassificationExperiment object at 0x000001B611AC6610>, estimator=Pipeline(memory=Memory(location=None),
         steps=[('numerical_imputer',
                 TransformerWrapper(include=['whh', 'whd', 'wha',
                                             'team_h_difficulty',
                                             'team_a_difficulty',
                                             'ownership_change',
                                             'percenatge_net_transfers',
                                             'ict_index', 'influence',
                                             'creativity', 'threat',
                                             'clean_sheets_1',
                                             'expected_goals_conceded_1',
                                             'goals_conceded_1',
                                             'goals_scored_1', 'ict_index_1',
                                             'influence_...
                                    transformer=RemoveMulticollinearity(threshold=0.85))),
                ('remove_outliers',
                 TransformerWrapper(transformer=RemoveOutliers(random_state=123))),
                ('balance',
                 TransformerWrapper(transformer=FixImbalancer(estimator=SMOTEENN()))),
                ('normalize', TransformerWrapper(transformer=StandardScaler())),
                ('actual_estimator',
                 LogisticRegression(max_iter=1000, random_state=2248))]), probability_threshold=None, encoded_labels=False, raw_score=False, round=4, verbose=True, ml_usecase=None, preprocess=True, encode_labels=<function _SupervisedExperiment.predict_model.<locals>.encode_labels at 0x000001B60576D8A0>)
2025-08-12 17:09:45,989:INFO:Checking exceptions
2025-08-12 17:09:45,989:INFO:Preloading libraries
2025-08-12 17:09:45,989:INFO:Set up data.
2025-08-12 17:09:46,020:INFO:Set up index.
2025-08-12 17:35:06,334:INFO:Initializing predict_model()
2025-08-12 17:35:06,334:INFO:predict_model(self=<pycaret.regression.oop.RegressionExperiment object at 0x000001B60A4B9550>, estimator=Pipeline(memory=Memory(location=None),
         steps=[('numerical_imputer',
                 TransformerWrapper(include=['whh', 'whd', 'wha',
                                             'team_h_difficulty',
                                             'team_a_difficulty',
                                             'ownership_change',
                                             'percenatge_net_transfers',
                                             'ict_index', 'influence',
                                             'creativity', 'threat',
                                             'clean_sheets_1',
                                             'expected_goals_conceded_1',
                                             'goals_conceded_1',
                                             'goals_scored_1', 'ict_index_1',
                                             'influence_...
                                    transformer=RemoveMulticollinearity(threshold=0.85))),
                ('remove_outliers',
                 TransformerWrapper(transformer=RemoveOutliers(random_state=123))),
                ('balance',
                 TransformerWrapper(transformer=FixImbalancer(estimator=SMOTEENN()))),
                ('normalize', TransformerWrapper(transformer=StandardScaler())),
                ('actual_estimator',
                 LogisticRegression(max_iter=1000, random_state=2248))]), probability_threshold=None, encoded_labels=False, raw_score=False, round=4, verbose=True, ml_usecase=None, preprocess=True, encode_labels=<function _SupervisedExperiment.predict_model.<locals>.encode_labels at 0x000001B60EB1B420>)
2025-08-12 17:35:06,334:INFO:Checking exceptions
2025-08-12 17:35:06,334:INFO:Preloading libraries
2025-08-12 17:35:06,334:INFO:Set up data.
2025-08-12 17:35:06,455:INFO:Set up index.
2025-08-12 17:45:59,405:INFO:Initializing predict_model()
2025-08-12 17:45:59,406:INFO:predict_model(self=<pycaret.classification.oop.ClassificationExperiment object at 0x000001B6117925D0>, estimator=Pipeline(memory=Memory(location=None),
         steps=[('numerical_imputer',
                 TransformerWrapper(include=['whh', 'whd', 'wha',
                                             'team_h_difficulty',
                                             'team_a_difficulty',
                                             'ownership_change',
                                             'percenatge_net_transfers',
                                             'ict_index', 'influence',
                                             'creativity', 'threat',
                                             'clean_sheets_1',
                                             'expected_goals_conceded_1',
                                             'goals_conceded_1',
                                             'goals_scored_1', 'ict_index_1',
                                             'influence_...
                                    transformer=RemoveMulticollinearity(threshold=0.85))),
                ('remove_outliers',
                 TransformerWrapper(transformer=RemoveOutliers(random_state=123))),
                ('balance',
                 TransformerWrapper(transformer=FixImbalancer(estimator=SMOTEENN()))),
                ('normalize', TransformerWrapper(transformer=StandardScaler())),
                ('actual_estimator',
                 LogisticRegression(max_iter=1000, random_state=2248))]), probability_threshold=None, encoded_labels=False, raw_score=False, round=4, verbose=True, ml_usecase=None, preprocess=True, encode_labels=<function _SupervisedExperiment.predict_model.<locals>.encode_labels at 0x000001B60D4404A0>)
2025-08-12 17:45:59,406:INFO:Checking exceptions
2025-08-12 17:45:59,406:INFO:Preloading libraries
2025-08-12 17:45:59,407:INFO:Set up data.
2025-08-12 17:45:59,509:INFO:Set up index.
2025-08-12 17:46:11,600:INFO:Initializing load_model()
2025-08-12 17:46:11,600:INFO:load_model(model_name=../g_cs_final_model, platform=None, authentication=None, verbose=True)
2025-08-12 17:46:12,131:INFO:Initializing predict_model()
2025-08-12 17:46:12,131:INFO:predict_model(self=<pycaret.classification.oop.ClassificationExperiment object at 0x000001B60A4B8A90>, estimator=Pipeline(memory=Memory(location=None),
         steps=[('numerical_imputer',
                 TransformerWrapper(include=['whh', 'whd', 'wha',
                                             'team_h_difficulty',
                                             'team_a_difficulty',
                                             'ownership_change',
                                             'percenatge_net_transfers',
                                             'ict_index', 'influence',
                                             'creativity', 'threat',
                                             'clean_sheets_1',
                                             'expected_goals_conceded_1',
                                             'goals_conceded_1',
                                             'goals_scored_1', 'ict_index_1',
                                             'influence_...
                                    transformer=RemoveMulticollinearity(threshold=0.85))),
                ('remove_outliers',
                 TransformerWrapper(transformer=RemoveOutliers(random_state=123))),
                ('balance',
                 TransformerWrapper(transformer=FixImbalancer(estimator=SMOTEENN()))),
                ('normalize', TransformerWrapper(transformer=StandardScaler())),
                ('actual_estimator',
                 LogisticRegression(max_iter=1000, random_state=2248))]), probability_threshold=None, encoded_labels=False, raw_score=False, round=4, verbose=True, ml_usecase=None, preprocess=True, encode_labels=<function _SupervisedExperiment.predict_model.<locals>.encode_labels at 0x000001B6056BDE40>)
2025-08-12 17:46:12,132:INFO:Checking exceptions
2025-08-12 17:46:12,132:INFO:Preloading libraries
2025-08-12 17:46:12,133:INFO:Set up data.
2025-08-12 17:46:12,236:INFO:Set up index.
2025-08-12 17:46:29,717:INFO:Initializing predict_model()
2025-08-12 17:46:29,717:INFO:predict_model(self=<pycaret.classification.oop.ClassificationExperiment object at 0x000001B60A485690>, estimator=Pipeline(memory=Memory(location=None),
         steps=[('numerical_imputer',
                 TransformerWrapper(include=['whh', 'whd', 'wha',
                                             'team_h_difficulty',
                                             'team_a_difficulty',
                                             'ownership_change',
                                             'percenatge_net_transfers',
                                             'ict_index', 'influence',
                                             'creativity', 'threat',
                                             'clean_sheets_1',
                                             'expected_goals_conceded_1',
                                             'goals_conceded_1',
                                             'goals_scored_1', 'ict_index_1',
                                             'influence_...
                                    transformer=RemoveMulticollinearity(threshold=0.85))),
                ('remove_outliers',
                 TransformerWrapper(transformer=RemoveOutliers(random_state=123))),
                ('balance',
                 TransformerWrapper(transformer=FixImbalancer(estimator=SMOTEENN()))),
                ('normalize', TransformerWrapper(transformer=StandardScaler())),
                ('actual_estimator',
                 LogisticRegression(max_iter=1000, random_state=2248))]), probability_threshold=None, encoded_labels=False, raw_score=False, round=4, verbose=True, ml_usecase=None, preprocess=True, encode_labels=<function _SupervisedExperiment.predict_model.<locals>.encode_labels at 0x000001B60ECA0180>)
2025-08-12 17:46:29,717:INFO:Checking exceptions
2025-08-12 17:46:29,717:INFO:Preloading libraries
2025-08-12 17:46:29,718:INFO:Set up data.
2025-08-12 17:46:29,827:INFO:Set up index.
2025-08-12 17:48:41,218:INFO:Initializing load_model()
2025-08-12 17:48:41,218:INFO:load_model(model_name=../g_cs_final_model, platform=None, authentication=None, verbose=True)
2025-08-12 17:48:55,210:INFO:Initializing load_model()
2025-08-12 17:48:55,210:INFO:load_model(model_name=../g_cs_final_model, platform=None, authentication=None, verbose=True)
2025-08-12 17:49:21,465:INFO:Initializing predict_model()
2025-08-12 17:49:21,468:INFO:predict_model(self=<pycaret.classification.oop.ClassificationExperiment object at 0x000001B611582C10>, estimator=Pipeline(memory=Memory(location=None),
         steps=[('numerical_imputer',
                 TransformerWrapper(include=['whh', 'whd', 'wha',
                                             'team_h_difficulty',
                                             'team_a_difficulty',
                                             'ownership_change',
                                             'percenatge_net_transfers',
                                             'ict_index', 'influence',
                                             'creativity', 'threat',
                                             'clean_sheets_1',
                                             'expected_goals_conceded_1',
                                             'goals_conceded_1',
                                             'goals_scored_1', 'ict_index_1',
                                             'influence_...
                                    transformer=RemoveMulticollinearity(threshold=0.85))),
                ('remove_outliers',
                 TransformerWrapper(transformer=RemoveOutliers(random_state=123))),
                ('balance',
                 TransformerWrapper(transformer=FixImbalancer(estimator=SMOTEENN()))),
                ('normalize', TransformerWrapper(transformer=StandardScaler())),
                ('actual_estimator',
                 LogisticRegression(max_iter=1000, random_state=2248))]), probability_threshold=None, encoded_labels=False, raw_score=False, round=4, verbose=True, ml_usecase=None, preprocess=True, encode_labels=<function _SupervisedExperiment.predict_model.<locals>.encode_labels at 0x000001B611A82520>)
2025-08-12 17:49:21,468:INFO:Checking exceptions
2025-08-12 17:49:21,468:INFO:Preloading libraries
2025-08-12 17:49:21,469:INFO:Set up data.
2025-08-12 17:49:21,600:INFO:Set up index.
2025-08-12 17:49:58,823:INFO:Initializing predict_model()
2025-08-12 17:49:58,823:INFO:predict_model(self=<pycaret.classification.oop.ClassificationExperiment object at 0x000001B60A6A8A10>, estimator=Pipeline(memory=Memory(location=None),
         steps=[('numerical_imputer',
                 TransformerWrapper(include=['whh', 'whd', 'wha',
                                             'team_h_difficulty',
                                             'team_a_difficulty',
                                             'ownership_change',
                                             'percenatge_net_transfers',
                                             'ict_index', 'influence',
                                             'creativity', 'threat',
                                             'clean_sheets_1',
                                             'expected_goals_conceded_1',
                                             'goals_conceded_1',
                                             'goals_scored_1', 'ict_index_1',
                                             'influence_...
                                    transformer=RemoveMulticollinearity(threshold=0.85))),
                ('remove_outliers',
                 TransformerWrapper(transformer=RemoveOutliers(random_state=123))),
                ('balance',
                 TransformerWrapper(transformer=FixImbalancer(estimator=SMOTEENN()))),
                ('normalize', TransformerWrapper(transformer=StandardScaler())),
                ('actual_estimator',
                 LogisticRegression(max_iter=1000, random_state=2248))]), probability_threshold=None, encoded_labels=False, raw_score=False, round=4, verbose=True, ml_usecase=None, preprocess=True, encode_labels=<function _SupervisedExperiment.predict_model.<locals>.encode_labels at 0x000001B611B2EE80>)
2025-08-12 17:49:58,824:INFO:Checking exceptions
2025-08-12 17:49:58,824:INFO:Preloading libraries
2025-08-12 17:49:58,825:INFO:Set up data.
2025-08-12 17:49:58,906:INFO:Set up index.
2025-08-12 17:53:28,388:INFO:Initializing load_model()
2025-08-12 17:53:28,388:INFO:load_model(model_name=../g_cs_final_model, platform=None, authentication=None, verbose=True)
2025-08-12 17:53:45,613:INFO:Initializing predict_model()
2025-08-12 17:53:45,613:INFO:predict_model(self=<pycaret.classification.oop.ClassificationExperiment object at 0x000001B611BB1590>, estimator=Pipeline(memory=Memory(location=None),
         steps=[('numerical_imputer',
                 TransformerWrapper(include=['whh', 'whd', 'wha',
                                             'team_h_difficulty',
                                             'team_a_difficulty',
                                             'ownership_change',
                                             'percenatge_net_transfers',
                                             'ict_index', 'influence',
                                             'creativity', 'threat',
                                             'clean_sheets_1',
                                             'expected_goals_conceded_1',
                                             'goals_conceded_1',
                                             'goals_scored_1', 'ict_index_1',
                                             'influence_...
                                    transformer=RemoveMulticollinearity(threshold=0.85))),
                ('remove_outliers',
                 TransformerWrapper(transformer=RemoveOutliers(random_state=123))),
                ('balance',
                 TransformerWrapper(transformer=FixImbalancer(estimator=SMOTEENN()))),
                ('normalize', TransformerWrapper(transformer=StandardScaler())),
                ('actual_estimator',
                 LogisticRegression(max_iter=1000, random_state=2248))]), probability_threshold=None, encoded_labels=False, raw_score=False, round=4, verbose=True, ml_usecase=None, preprocess=True, encode_labels=<function _SupervisedExperiment.predict_model.<locals>.encode_labels at 0x000001B611BF4C20>)
2025-08-12 17:53:45,613:INFO:Checking exceptions
2025-08-12 17:53:45,613:INFO:Preloading libraries
2025-08-12 17:53:45,614:INFO:Set up data.
2025-08-12 17:53:45,689:INFO:Set up index.
2025-08-12 18:10:08,764:WARNING:
'cuml' is a soft dependency and not included in the pycaret installation. Please run: `pip install cuml` to install.
2025-08-12 18:10:08,779:WARNING:
'cuml' is a soft dependency and not included in the pycaret installation. Please run: `pip install cuml` to install.
2025-08-12 18:10:08,779:WARNING:
'cuml' is a soft dependency and not included in the pycaret installation. Please run: `pip install cuml` to install.
2025-08-12 18:10:08,779:WARNING:
'cuml' is a soft dependency and not included in the pycaret installation. Please run: `pip install cuml` to install.
2025-08-12 18:20:16,814:INFO:Initializing load_model()
2025-08-12 18:20:16,814:INFO:load_model(model_name=./g_cs_final_model, platform=None, authentication=None, verbose=True)
2025-08-12 18:20:28,228:INFO:Initializing load_model()
2025-08-12 18:20:28,229:INFO:load_model(model_name=../g_cs_final_model, platform=None, authentication=None, verbose=True)
2025-08-12 18:30:52,614:INFO:Initializing load_model()
2025-08-12 18:30:52,614:INFO:load_model(model_name=../g_cs_final_model, platform=None, authentication=None, verbose=True)
2025-08-12 18:31:21,940:INFO:Initializing load_model()
2025-08-12 18:31:21,940:INFO:load_model(model_name=../g_cs_final_model, platform=None, authentication=None, verbose=True)
2025-08-12 18:31:22,100:INFO:Initializing load_model()
2025-08-12 18:31:22,100:INFO:load_model(model_name=g_cs_final_model, platform=None, authentication=None, verbose=True)
2025-08-12 18:31:33,527:INFO:Initializing load_model()
2025-08-12 18:31:33,527:INFO:load_model(model_name=../g_cs_final_model, platform=None, authentication=None, verbose=True)
2025-08-12 18:31:33,729:INFO:Initializing predict_model()
2025-08-12 18:31:33,729:INFO:predict_model(self=<pycaret.classification.oop.ClassificationExperiment object at 0x0000018BBE41BBD0>, estimator=Pipeline(memory=Memory(location=None),
         steps=[('numerical_imputer',
                 TransformerWrapper(include=['whh', 'whd', 'wha',
                                             'team_h_difficulty',
                                             'team_a_difficulty',
                                             'ownership_change',
                                             'percenatge_net_transfers',
                                             'ict_index', 'influence',
                                             'creativity', 'threat',
                                             'clean_sheets_1',
                                             'expected_goals_conceded_1',
                                             'goals_conceded_1',
                                             'goals_scored_1', 'ict_index_1',
                                             'influence_...
                                    transformer=RemoveMulticollinearity(threshold=0.85))),
                ('remove_outliers',
                 TransformerWrapper(transformer=RemoveOutliers(random_state=123))),
                ('balance',
                 TransformerWrapper(transformer=FixImbalancer(estimator=SMOTEENN()))),
                ('normalize', TransformerWrapper(transformer=StandardScaler())),
                ('actual_estimator',
                 LogisticRegression(max_iter=1000, random_state=2248))]), probability_threshold=None, encoded_labels=False, raw_score=False, round=4, verbose=True, ml_usecase=None, preprocess=True, encode_labels=<function _SupervisedExperiment.predict_model.<locals>.encode_labels at 0x0000018BC0693BA0>)
2025-08-12 18:31:33,729:INFO:Checking exceptions
2025-08-12 18:31:33,729:INFO:Preloading libraries
2025-08-12 18:31:33,729:INFO:Set up data.
2025-08-12 18:31:33,773:INFO:Set up index.
2025-08-12 18:46:55,600:INFO:Initializing predict_model()
2025-08-12 18:46:55,600:INFO:predict_model(self=<pycaret.classification.oop.ClassificationExperiment object at 0x0000018BC579BBD0>, estimator=Pipeline(memory=Memory(location=None),
         steps=[('numerical_imputer',
                 TransformerWrapper(include=['whh', 'whd', 'wha',
                                             'team_h_difficulty',
                                             'team_a_difficulty',
                                             'ownership_change',
                                             'percenatge_net_transfers',
                                             'ict_index', 'influence',
                                             'creativity', 'threat',
                                             'clean_sheets_1',
                                             'expected_goals_conceded_1',
                                             'goals_conceded_1',
                                             'goals_scored_1', 'ict_index_1',
                                             'influence_...
                                    transformer=RemoveMulticollinearity(threshold=0.85))),
                ('remove_outliers',
                 TransformerWrapper(transformer=RemoveOutliers(random_state=123))),
                ('balance',
                 TransformerWrapper(transformer=FixImbalancer(estimator=SMOTEENN()))),
                ('normalize', TransformerWrapper(transformer=StandardScaler())),
                ('actual_estimator',
                 LogisticRegression(max_iter=1000, random_state=2248))]), probability_threshold=None, encoded_labels=False, raw_score=False, round=4, verbose=True, ml_usecase=None, preprocess=True, encode_labels=<function _SupervisedExperiment.predict_model.<locals>.encode_labels at 0x0000018BC58628E0>)
2025-08-12 18:46:55,600:INFO:Checking exceptions
2025-08-12 18:46:55,600:INFO:Preloading libraries
2025-08-12 18:46:55,600:INFO:Set up data.
2025-08-12 18:46:55,747:INFO:Set up index.
2025-08-12 18:48:49,089:INFO:Initializing predict_model()
2025-08-12 18:48:49,089:INFO:predict_model(self=<pycaret.classification.oop.ClassificationExperiment object at 0x0000018BC06B7510>, estimator=Pipeline(memory=Memory(location=None),
         steps=[('numerical_imputer',
                 TransformerWrapper(include=['whh', 'whd', 'wha',
                                             'team_h_difficulty',
                                             'team_a_difficulty',
                                             'ownership_change',
                                             'percenatge_net_transfers',
                                             'ict_index', 'influence',
                                             'creativity', 'threat',
                                             'clean_sheets_1',
                                             'expected_goals_conceded_1',
                                             'goals_conceded_1',
                                             'goals_scored_1', 'ict_index_1',
                                             'influence_...
                                    transformer=RemoveMulticollinearity(threshold=0.85))),
                ('remove_outliers',
                 TransformerWrapper(transformer=RemoveOutliers(random_state=123))),
                ('balance',
                 TransformerWrapper(transformer=FixImbalancer(estimator=SMOTEENN()))),
                ('normalize', TransformerWrapper(transformer=StandardScaler())),
                ('actual_estimator',
                 LogisticRegression(max_iter=1000, random_state=2248))]), probability_threshold=None, encoded_labels=False, raw_score=False, round=4, verbose=True, ml_usecase=None, preprocess=True, encode_labels=<function _SupervisedExperiment.predict_model.<locals>.encode_labels at 0x0000018BC69598A0>)
2025-08-12 18:48:49,089:INFO:Checking exceptions
2025-08-12 18:48:49,089:INFO:Preloading libraries
2025-08-12 18:48:49,089:INFO:Set up data.
2025-08-12 18:48:49,157:INFO:Set up index.
2025-08-12 18:48:58,891:INFO:Initializing predict_model()
2025-08-12 18:48:58,891:INFO:predict_model(self=<pycaret.classification.oop.ClassificationExperiment object at 0x0000018BC585B990>, estimator=Pipeline(memory=Memory(location=None),
         steps=[('numerical_imputer',
                 TransformerWrapper(include=['whh', 'whd', 'wha',
                                             'team_h_difficulty',
                                             'team_a_difficulty',
                                             'ownership_change',
                                             'percenatge_net_transfers',
                                             'ict_index', 'influence',
                                             'creativity', 'threat',
                                             'clean_sheets_1',
                                             'expected_goals_conceded_1',
                                             'goals_conceded_1',
                                             'goals_scored_1', 'ict_index_1',
                                             'influence_...
                                    transformer=RemoveMulticollinearity(threshold=0.85))),
                ('remove_outliers',
                 TransformerWrapper(transformer=RemoveOutliers(random_state=123))),
                ('balance',
                 TransformerWrapper(transformer=FixImbalancer(estimator=SMOTEENN()))),
                ('normalize', TransformerWrapper(transformer=StandardScaler())),
                ('actual_estimator',
                 LogisticRegression(max_iter=1000, random_state=2248))]), probability_threshold=None, encoded_labels=False, raw_score=False, round=4, verbose=True, ml_usecase=None, preprocess=True, encode_labels=<function _SupervisedExperiment.predict_model.<locals>.encode_labels at 0x0000018BC6A35260>)
2025-08-12 18:48:58,891:INFO:Checking exceptions
2025-08-12 18:48:58,891:INFO:Preloading libraries
2025-08-12 18:48:58,892:INFO:Set up data.
2025-08-12 18:48:58,953:INFO:Set up index.
2025-08-12 19:00:51,972:INFO:Initializing predict_model()
2025-08-12 19:00:51,972:INFO:predict_model(self=<pycaret.classification.oop.ClassificationExperiment object at 0x0000018BBE44DD10>, estimator=Pipeline(memory=Memory(location=None),
         steps=[('numerical_imputer',
                 TransformerWrapper(include=['whh', 'whd', 'wha',
                                             'team_h_difficulty',
                                             'team_a_difficulty',
                                             'ownership_change',
                                             'percenatge_net_transfers',
                                             'ict_index', 'influence',
                                             'creativity', 'threat',
                                             'clean_sheets_1',
                                             'expected_goals_conceded_1',
                                             'goals_conceded_1',
                                             'goals_scored_1', 'ict_index_1',
                                             'influence_...
                                    transformer=RemoveMulticollinearity(threshold=0.85))),
                ('remove_outliers',
                 TransformerWrapper(transformer=RemoveOutliers(random_state=123))),
                ('balance',
                 TransformerWrapper(transformer=FixImbalancer(estimator=SMOTEENN()))),
                ('normalize', TransformerWrapper(transformer=StandardScaler())),
                ('actual_estimator',
                 LogisticRegression(max_iter=1000, random_state=2248))]), probability_threshold=None, encoded_labels=False, raw_score=False, round=4, verbose=True, ml_usecase=None, preprocess=True, encode_labels=<function _SupervisedExperiment.predict_model.<locals>.encode_labels at 0x0000018BC3263C40>)
2025-08-12 19:00:51,972:INFO:Checking exceptions
2025-08-12 19:00:51,972:INFO:Preloading libraries
2025-08-12 19:00:51,972:INFO:Set up data.
2025-08-12 19:00:52,016:INFO:Set up index.
2025-08-12 19:09:15,146:INFO:PyCaret ClassificationExperiment
2025-08-12 19:09:15,146:INFO:Logging name: clf-default-name
2025-08-12 19:09:15,146:INFO:ML Usecase: MLUsecase.CLASSIFICATION
2025-08-12 19:09:15,146:INFO:version 3.3.2
2025-08-12 19:09:15,146:INFO:Initializing setup()
2025-08-12 19:09:15,146:INFO:self.USI: a056
2025-08-12 19:09:15,146:INFO:self._variable_keys: {'is_multiclass', 'gpu_n_jobs_param', 'log_plots_param', 'X_test', 'y', 'X_train', 'memory', 'logging_param', 'fold_groups_param', 'fold_shuffle_param', 'pipeline', 'seed', '_ml_usecase', 'USI', 'y_test', 'data', 'fix_imbalance', 'fold_generator', 'X', 'target_param', 'gpu_param', 'exp_name_log', 'n_jobs_param', 'exp_id', 'y_train', '_available_plots', 'html_param', 'idx'}
2025-08-12 19:09:15,146:INFO:Checking environment
2025-08-12 19:09:15,146:INFO:python_version: 3.11.11
2025-08-12 19:09:15,146:INFO:python_build: ('main', 'Dec 11 2024 16:34:19')
2025-08-12 19:09:15,146:INFO:machine: AMD64
2025-08-12 19:09:15,146:INFO:platform: Windows-10-10.0.22631-SP0
2025-08-12 19:09:15,177:INFO:Memory: svmem(total=17067888640, available=2147962880, percent=87.4, used=14919925760, free=2147962880)
2025-08-12 19:09:15,177:INFO:Physical Core: 2
2025-08-12 19:09:15,177:INFO:Logical Core: 4
2025-08-12 19:09:15,177:INFO:Checking libraries
2025-08-12 19:09:15,177:INFO:System:
2025-08-12 19:09:15,177:INFO:    python: 3.11.11 | packaged by Anaconda, Inc. | (main, Dec 11 2024, 16:34:19) [MSC v.1929 64 bit (AMD64)]
2025-08-12 19:09:15,177:INFO:executable: c:\Users\Ilyas\anaconda3\envs\Pycaret\python.exe
2025-08-12 19:09:15,177:INFO:   machine: Windows-10-10.0.22631-SP0
2025-08-12 19:09:15,177:INFO:PyCaret required dependencies:
2025-08-12 19:09:15,177:INFO:                 pip: 25.0
2025-08-12 19:09:15,177:INFO:          setuptools: 65.5.0
2025-08-12 19:09:15,177:INFO:             pycaret: 3.3.2
2025-08-12 19:09:15,177:INFO:             IPython: 8.30.0
2025-08-12 19:09:15,177:INFO:          ipywidgets: 8.1.5
2025-08-12 19:09:15,177:INFO:                tqdm: 4.67.1
2025-08-12 19:09:15,193:INFO:               numpy: 1.26.4
2025-08-12 19:09:15,193:INFO:              pandas: 2.1.4
2025-08-12 19:09:15,193:INFO:              jinja2: 3.1.5
2025-08-12 19:09:15,193:INFO:               scipy: 1.11.4
2025-08-12 19:09:15,193:INFO:              joblib: 1.3.2
2025-08-12 19:09:15,193:INFO:             sklearn: 1.4.2
2025-08-12 19:09:15,193:INFO:                pyod: 2.0.3
2025-08-12 19:09:15,193:INFO:            imblearn: 0.13.0
2025-08-12 19:09:15,193:INFO:   category_encoders: 2.7.0
2025-08-12 19:09:15,193:INFO:            lightgbm: 4.6.0
2025-08-12 19:09:15,193:INFO:               numba: 0.61.0
2025-08-12 19:09:15,193:INFO:            requests: 2.32.3
2025-08-12 19:09:15,193:INFO:          matplotlib: 3.7.5
2025-08-12 19:09:15,193:INFO:          scikitplot: 0.3.7
2025-08-12 19:09:15,193:INFO:         yellowbrick: 1.5
2025-08-12 19:09:15,193:INFO:              plotly: 5.24.1
2025-08-12 19:09:15,193:INFO:    plotly-resampler: Not installed
2025-08-12 19:09:15,193:INFO:             kaleido: 0.2.1
2025-08-12 19:09:15,193:INFO:           schemdraw: 0.15
2025-08-12 19:09:15,193:INFO:         statsmodels: 0.14.4
2025-08-12 19:09:15,193:INFO:              sktime: 0.26.0
2025-08-12 19:09:15,193:INFO:               tbats: 1.1.3
2025-08-12 19:09:15,193:INFO:            pmdarima: 2.0.4
2025-08-12 19:09:15,193:INFO:              psutil: 5.9.0
2025-08-12 19:09:15,193:INFO:          markupsafe: 3.0.2
2025-08-12 19:09:15,193:INFO:             pickle5: Not installed
2025-08-12 19:09:15,193:INFO:         cloudpickle: 3.0.0
2025-08-12 19:09:15,193:INFO:         deprecation: 2.1.0
2025-08-12 19:09:15,193:INFO:              xxhash: 3.5.0
2025-08-12 19:09:15,193:INFO:           wurlitzer: Not installed
2025-08-12 19:09:15,193:INFO:PyCaret optional dependencies:
2025-08-12 19:09:15,379:INFO:                shap: Not installed
2025-08-12 19:09:15,379:INFO:           interpret: Not installed
2025-08-12 19:09:15,379:INFO:                umap: Not installed
2025-08-12 19:09:15,379:INFO:     ydata_profiling: Not installed
2025-08-12 19:09:15,379:INFO:  explainerdashboard: Not installed
2025-08-12 19:09:15,381:INFO:             autoviz: Not installed
2025-08-12 19:09:15,381:INFO:           fairlearn: Not installed
2025-08-12 19:09:15,381:INFO:          deepchecks: Not installed
2025-08-12 19:09:15,381:INFO:             xgboost: 2.1.1
2025-08-12 19:09:15,388:INFO:            catboost: Not installed
2025-08-12 19:09:15,388:INFO:              kmodes: Not installed
2025-08-12 19:09:15,388:INFO:             mlxtend: Not installed
2025-08-12 19:09:15,388:INFO:       statsforecast: Not installed
2025-08-12 19:09:15,389:INFO:        tune_sklearn: Not installed
2025-08-12 19:09:15,389:INFO:                 ray: Not installed
2025-08-12 19:09:15,389:INFO:            hyperopt: 0.2.7
2025-08-12 19:09:15,389:INFO:              optuna: 4.3.0
2025-08-12 19:09:15,390:INFO:               skopt: 0.10.2
2025-08-12 19:09:15,390:INFO:              mlflow: Not installed
2025-08-12 19:09:15,390:INFO:              gradio: Not installed
2025-08-12 19:09:15,390:INFO:             fastapi: Not installed
2025-08-12 19:09:15,390:INFO:             uvicorn: Not installed
2025-08-12 19:09:15,390:INFO:              m2cgen: Not installed
2025-08-12 19:09:15,390:INFO:           evidently: Not installed
2025-08-12 19:09:15,390:INFO:               fugue: Not installed
2025-08-12 19:09:15,391:INFO:           streamlit: Not installed
2025-08-12 19:09:15,391:INFO:             prophet: Not installed
2025-08-12 19:09:15,391:INFO:None
2025-08-12 19:09:15,391:INFO:Set up data.
2025-08-12 19:10:35,446:INFO:PyCaret ClassificationExperiment
2025-08-12 19:10:35,446:INFO:Logging name: clf-default-name
2025-08-12 19:10:35,446:INFO:ML Usecase: MLUsecase.CLASSIFICATION
2025-08-12 19:10:35,446:INFO:version 3.3.2
2025-08-12 19:10:35,446:INFO:Initializing setup()
2025-08-12 19:10:35,446:INFO:self.USI: 683a
2025-08-12 19:10:35,446:INFO:self._variable_keys: {'is_multiclass', 'gpu_n_jobs_param', 'log_plots_param', 'X_test', 'y', 'X_train', 'memory', 'logging_param', 'fold_groups_param', 'fold_shuffle_param', 'pipeline', 'seed', '_ml_usecase', 'USI', 'y_test', 'data', 'fix_imbalance', 'fold_generator', 'X', 'target_param', 'gpu_param', 'exp_name_log', 'n_jobs_param', 'exp_id', 'y_train', '_available_plots', 'html_param', 'idx'}
2025-08-12 19:10:35,446:INFO:Checking environment
2025-08-12 19:10:35,446:INFO:python_version: 3.11.11
2025-08-12 19:10:35,446:INFO:python_build: ('main', 'Dec 11 2024 16:34:19')
2025-08-12 19:10:35,446:INFO:machine: AMD64
2025-08-12 19:10:35,446:INFO:platform: Windows-10-10.0.22631-SP0
2025-08-12 19:10:35,446:INFO:Memory: svmem(total=17067888640, available=1936457728, percent=88.7, used=15131430912, free=1936457728)
2025-08-12 19:10:35,446:INFO:Physical Core: 2
2025-08-12 19:10:35,446:INFO:Logical Core: 4
2025-08-12 19:10:35,446:INFO:Checking libraries
2025-08-12 19:10:35,446:INFO:System:
2025-08-12 19:10:35,446:INFO:    python: 3.11.11 | packaged by Anaconda, Inc. | (main, Dec 11 2024, 16:34:19) [MSC v.1929 64 bit (AMD64)]
2025-08-12 19:10:35,446:INFO:executable: c:\Users\Ilyas\anaconda3\envs\Pycaret\python.exe
2025-08-12 19:10:35,446:INFO:   machine: Windows-10-10.0.22631-SP0
2025-08-12 19:10:35,446:INFO:PyCaret required dependencies:
2025-08-12 19:10:35,446:INFO:                 pip: 25.0
2025-08-12 19:10:35,446:INFO:          setuptools: 65.5.0
2025-08-12 19:10:35,446:INFO:             pycaret: 3.3.2
2025-08-12 19:10:35,446:INFO:             IPython: 8.30.0
2025-08-12 19:10:35,446:INFO:          ipywidgets: 8.1.5
2025-08-12 19:10:35,446:INFO:                tqdm: 4.67.1
2025-08-12 19:10:35,446:INFO:               numpy: 1.26.4
2025-08-12 19:10:35,446:INFO:              pandas: 2.1.4
2025-08-12 19:10:35,446:INFO:              jinja2: 3.1.5
2025-08-12 19:10:35,446:INFO:               scipy: 1.11.4
2025-08-12 19:10:35,446:INFO:              joblib: 1.3.2
2025-08-12 19:10:35,446:INFO:             sklearn: 1.4.2
2025-08-12 19:10:35,446:INFO:                pyod: 2.0.3
2025-08-12 19:10:35,446:INFO:            imblearn: 0.13.0
2025-08-12 19:10:35,446:INFO:   category_encoders: 2.7.0
2025-08-12 19:10:35,446:INFO:            lightgbm: 4.6.0
2025-08-12 19:10:35,446:INFO:               numba: 0.61.0
2025-08-12 19:10:35,446:INFO:            requests: 2.32.3
2025-08-12 19:10:35,446:INFO:          matplotlib: 3.7.5
2025-08-12 19:10:35,461:INFO:          scikitplot: 0.3.7
2025-08-12 19:10:35,461:INFO:         yellowbrick: 1.5
2025-08-12 19:10:35,461:INFO:              plotly: 5.24.1
2025-08-12 19:10:35,461:INFO:    plotly-resampler: Not installed
2025-08-12 19:10:35,461:INFO:             kaleido: 0.2.1
2025-08-12 19:10:35,461:INFO:           schemdraw: 0.15
2025-08-12 19:10:35,463:INFO:         statsmodels: 0.14.4
2025-08-12 19:10:35,463:INFO:              sktime: 0.26.0
2025-08-12 19:10:35,463:INFO:               tbats: 1.1.3
2025-08-12 19:10:35,463:INFO:            pmdarima: 2.0.4
2025-08-12 19:10:35,463:INFO:              psutil: 5.9.0
2025-08-12 19:10:35,463:INFO:          markupsafe: 3.0.2
2025-08-12 19:10:35,463:INFO:             pickle5: Not installed
2025-08-12 19:10:35,463:INFO:         cloudpickle: 3.0.0
2025-08-12 19:10:35,463:INFO:         deprecation: 2.1.0
2025-08-12 19:10:35,463:INFO:              xxhash: 3.5.0
2025-08-12 19:10:35,463:INFO:           wurlitzer: Not installed
2025-08-12 19:10:35,463:INFO:PyCaret optional dependencies:
2025-08-12 19:10:35,463:INFO:                shap: Not installed
2025-08-12 19:10:35,463:INFO:           interpret: Not installed
2025-08-12 19:10:35,463:INFO:                umap: Not installed
2025-08-12 19:10:35,463:INFO:     ydata_profiling: Not installed
2025-08-12 19:10:35,463:INFO:  explainerdashboard: Not installed
2025-08-12 19:10:35,463:INFO:             autoviz: Not installed
2025-08-12 19:10:35,463:INFO:           fairlearn: Not installed
2025-08-12 19:10:35,463:INFO:          deepchecks: Not installed
2025-08-12 19:10:35,463:INFO:             xgboost: 2.1.1
2025-08-12 19:10:35,463:INFO:            catboost: Not installed
2025-08-12 19:10:35,463:INFO:              kmodes: Not installed
2025-08-12 19:10:35,463:INFO:             mlxtend: Not installed
2025-08-12 19:10:35,463:INFO:       statsforecast: Not installed
2025-08-12 19:10:35,463:INFO:        tune_sklearn: Not installed
2025-08-12 19:10:35,463:INFO:                 ray: Not installed
2025-08-12 19:10:35,463:INFO:            hyperopt: 0.2.7
2025-08-12 19:10:35,463:INFO:              optuna: 4.3.0
2025-08-12 19:10:35,463:INFO:               skopt: 0.10.2
2025-08-12 19:10:35,463:INFO:              mlflow: Not installed
2025-08-12 19:10:35,463:INFO:              gradio: Not installed
2025-08-12 19:10:35,463:INFO:             fastapi: Not installed
2025-08-12 19:10:35,463:INFO:             uvicorn: Not installed
2025-08-12 19:10:35,463:INFO:              m2cgen: Not installed
2025-08-12 19:10:35,463:INFO:           evidently: Not installed
2025-08-12 19:10:35,463:INFO:               fugue: Not installed
2025-08-12 19:10:35,463:INFO:           streamlit: Not installed
2025-08-12 19:10:35,463:INFO:             prophet: Not installed
2025-08-12 19:10:35,463:INFO:None
2025-08-12 19:10:35,463:INFO:Set up data.
2025-08-12 19:10:35,539:INFO:Set up folding strategy.
2025-08-12 19:10:35,539:INFO:Set up train/test split.
2025-08-12 19:12:25,827:INFO:PyCaret ClassificationExperiment
2025-08-12 19:12:25,827:INFO:Logging name: clf-default-name
2025-08-12 19:12:25,827:INFO:ML Usecase: MLUsecase.CLASSIFICATION
2025-08-12 19:12:25,827:INFO:version 3.3.2
2025-08-12 19:12:25,827:INFO:Initializing setup()
2025-08-12 19:12:25,827:INFO:self.USI: ee3c
2025-08-12 19:12:25,827:INFO:self._variable_keys: {'is_multiclass', 'gpu_n_jobs_param', 'log_plots_param', 'X_test', 'y', 'X_train', 'memory', 'logging_param', 'fold_groups_param', 'fold_shuffle_param', 'pipeline', 'seed', '_ml_usecase', 'USI', 'y_test', 'data', 'fix_imbalance', 'fold_generator', 'X', 'target_param', 'gpu_param', 'exp_name_log', 'n_jobs_param', 'exp_id', 'y_train', '_available_plots', 'html_param', 'idx'}
2025-08-12 19:12:25,827:INFO:Checking environment
2025-08-12 19:12:25,827:INFO:python_version: 3.11.11
2025-08-12 19:12:25,827:INFO:python_build: ('main', 'Dec 11 2024 16:34:19')
2025-08-12 19:12:25,827:INFO:machine: AMD64
2025-08-12 19:12:25,827:INFO:platform: Windows-10-10.0.22631-SP0
2025-08-12 19:12:25,827:INFO:Memory: svmem(total=17067888640, available=2305355776, percent=86.5, used=14762532864, free=2305355776)
2025-08-12 19:12:25,827:INFO:Physical Core: 2
2025-08-12 19:12:25,827:INFO:Logical Core: 4
2025-08-12 19:12:25,827:INFO:Checking libraries
2025-08-12 19:12:25,827:INFO:System:
2025-08-12 19:12:25,827:INFO:    python: 3.11.11 | packaged by Anaconda, Inc. | (main, Dec 11 2024, 16:34:19) [MSC v.1929 64 bit (AMD64)]
2025-08-12 19:12:25,827:INFO:executable: c:\Users\Ilyas\anaconda3\envs\Pycaret\python.exe
2025-08-12 19:12:25,827:INFO:   machine: Windows-10-10.0.22631-SP0
2025-08-12 19:12:25,827:INFO:PyCaret required dependencies:
2025-08-12 19:12:25,827:INFO:                 pip: 25.0
2025-08-12 19:12:25,827:INFO:          setuptools: 65.5.0
2025-08-12 19:12:25,827:INFO:             pycaret: 3.3.2
2025-08-12 19:12:25,827:INFO:             IPython: 8.30.0
2025-08-12 19:12:25,827:INFO:          ipywidgets: 8.1.5
2025-08-12 19:12:25,827:INFO:                tqdm: 4.67.1
2025-08-12 19:12:25,827:INFO:               numpy: 1.26.4
2025-08-12 19:12:25,827:INFO:              pandas: 2.1.4
2025-08-12 19:12:25,827:INFO:              jinja2: 3.1.5
2025-08-12 19:12:25,827:INFO:               scipy: 1.11.4
2025-08-12 19:12:25,827:INFO:              joblib: 1.3.2
2025-08-12 19:12:25,827:INFO:             sklearn: 1.4.2
2025-08-12 19:12:25,827:INFO:                pyod: 2.0.3
2025-08-12 19:12:25,827:INFO:            imblearn: 0.13.0
2025-08-12 19:12:25,827:INFO:   category_encoders: 2.7.0
2025-08-12 19:12:25,827:INFO:            lightgbm: 4.6.0
2025-08-12 19:12:25,827:INFO:               numba: 0.61.0
2025-08-12 19:12:25,827:INFO:            requests: 2.32.3
2025-08-12 19:12:25,827:INFO:          matplotlib: 3.7.5
2025-08-12 19:12:25,827:INFO:          scikitplot: 0.3.7
2025-08-12 19:12:25,827:INFO:         yellowbrick: 1.5
2025-08-12 19:12:25,827:INFO:              plotly: 5.24.1
2025-08-12 19:12:25,827:INFO:    plotly-resampler: Not installed
2025-08-12 19:12:25,827:INFO:             kaleido: 0.2.1
2025-08-12 19:12:25,838:INFO:           schemdraw: 0.15
2025-08-12 19:12:25,838:INFO:         statsmodels: 0.14.4
2025-08-12 19:12:25,838:INFO:              sktime: 0.26.0
2025-08-12 19:12:25,839:INFO:               tbats: 1.1.3
2025-08-12 19:12:25,839:INFO:            pmdarima: 2.0.4
2025-08-12 19:12:25,839:INFO:              psutil: 5.9.0
2025-08-12 19:12:25,839:INFO:          markupsafe: 3.0.2
2025-08-12 19:12:25,839:INFO:             pickle5: Not installed
2025-08-12 19:12:25,840:INFO:         cloudpickle: 3.0.0
2025-08-12 19:12:25,840:INFO:         deprecation: 2.1.0
2025-08-12 19:12:25,840:INFO:              xxhash: 3.5.0
2025-08-12 19:12:25,840:INFO:           wurlitzer: Not installed
2025-08-12 19:12:25,840:INFO:PyCaret optional dependencies:
2025-08-12 19:12:25,840:INFO:                shap: Not installed
2025-08-12 19:12:25,841:INFO:           interpret: Not installed
2025-08-12 19:12:25,841:INFO:                umap: Not installed
2025-08-12 19:12:25,841:INFO:     ydata_profiling: Not installed
2025-08-12 19:12:25,841:INFO:  explainerdashboard: Not installed
2025-08-12 19:12:25,841:INFO:             autoviz: Not installed
2025-08-12 19:12:25,841:INFO:           fairlearn: Not installed
2025-08-12 19:12:25,841:INFO:          deepchecks: Not installed
2025-08-12 19:12:25,841:INFO:             xgboost: 2.1.1
2025-08-12 19:12:25,841:INFO:            catboost: Not installed
2025-08-12 19:12:25,841:INFO:              kmodes: Not installed
2025-08-12 19:12:25,842:INFO:             mlxtend: Not installed
2025-08-12 19:12:25,842:INFO:       statsforecast: Not installed
2025-08-12 19:12:25,842:INFO:        tune_sklearn: Not installed
2025-08-12 19:12:25,842:INFO:                 ray: Not installed
2025-08-12 19:12:25,842:INFO:            hyperopt: 0.2.7
2025-08-12 19:12:25,842:INFO:              optuna: 4.3.0
2025-08-12 19:12:25,842:INFO:               skopt: 0.10.2
2025-08-12 19:12:25,842:INFO:              mlflow: Not installed
2025-08-12 19:12:25,842:INFO:              gradio: Not installed
2025-08-12 19:12:25,843:INFO:             fastapi: Not installed
2025-08-12 19:12:25,843:INFO:             uvicorn: Not installed
2025-08-12 19:12:25,843:INFO:              m2cgen: Not installed
2025-08-12 19:12:25,843:INFO:           evidently: Not installed
2025-08-12 19:12:25,843:INFO:               fugue: Not installed
2025-08-12 19:12:25,843:INFO:           streamlit: Not installed
2025-08-12 19:12:25,843:INFO:             prophet: Not installed
2025-08-12 19:12:25,843:INFO:None
2025-08-12 19:12:25,843:INFO:Set up data.
2025-08-12 19:12:25,875:INFO:Set up folding strategy.
2025-08-12 19:12:25,875:INFO:Set up train/test split.
2025-08-12 19:13:23,936:INFO:PyCaret ClassificationExperiment
2025-08-12 19:13:23,936:INFO:Logging name: clf-default-name
2025-08-12 19:13:23,936:INFO:ML Usecase: MLUsecase.CLASSIFICATION
2025-08-12 19:13:23,936:INFO:version 3.3.2
2025-08-12 19:13:23,937:INFO:Initializing setup()
2025-08-12 19:13:23,937:INFO:self.USI: 5fb2
2025-08-12 19:13:23,937:INFO:self._variable_keys: {'is_multiclass', 'gpu_n_jobs_param', 'log_plots_param', 'X_test', 'y', 'X_train', 'memory', 'logging_param', 'fold_groups_param', 'fold_shuffle_param', 'pipeline', 'seed', '_ml_usecase', 'USI', 'y_test', 'data', 'fix_imbalance', 'fold_generator', 'X', 'target_param', 'gpu_param', 'exp_name_log', 'n_jobs_param', 'exp_id', 'y_train', '_available_plots', 'html_param', 'idx'}
2025-08-12 19:13:23,937:INFO:Checking environment
2025-08-12 19:13:23,937:INFO:python_version: 3.11.11
2025-08-12 19:13:23,937:INFO:python_build: ('main', 'Dec 11 2024 16:34:19')
2025-08-12 19:13:23,938:INFO:machine: AMD64
2025-08-12 19:13:23,938:INFO:platform: Windows-10-10.0.22631-SP0
2025-08-12 19:13:23,938:INFO:Memory: svmem(total=17067888640, available=2418216960, percent=85.8, used=14649671680, free=2418216960)
2025-08-12 19:13:23,938:INFO:Physical Core: 2
2025-08-12 19:13:23,939:INFO:Logical Core: 4
2025-08-12 19:13:23,939:INFO:Checking libraries
2025-08-12 19:13:23,939:INFO:System:
2025-08-12 19:13:23,939:INFO:    python: 3.11.11 | packaged by Anaconda, Inc. | (main, Dec 11 2024, 16:34:19) [MSC v.1929 64 bit (AMD64)]
2025-08-12 19:13:23,940:INFO:executable: c:\Users\Ilyas\anaconda3\envs\Pycaret\python.exe
2025-08-12 19:13:23,940:INFO:   machine: Windows-10-10.0.22631-SP0
2025-08-12 19:13:23,940:INFO:PyCaret required dependencies:
2025-08-12 19:13:24,034:INFO:                 pip: 25.0
2025-08-12 19:13:24,034:INFO:          setuptools: 65.5.0
2025-08-12 19:13:24,034:INFO:             pycaret: 3.3.2
2025-08-12 19:13:24,034:INFO:             IPython: 8.30.0
2025-08-12 19:13:24,034:INFO:          ipywidgets: 8.1.5
2025-08-12 19:13:24,034:INFO:                tqdm: 4.67.1
2025-08-12 19:13:24,034:INFO:               numpy: 1.26.4
2025-08-12 19:13:24,034:INFO:              pandas: 2.1.4
2025-08-12 19:13:24,034:INFO:              jinja2: 3.1.5
2025-08-12 19:13:24,034:INFO:               scipy: 1.11.4
2025-08-12 19:13:24,034:INFO:              joblib: 1.3.2
2025-08-12 19:13:24,034:INFO:             sklearn: 1.4.2
2025-08-12 19:13:24,034:INFO:                pyod: 2.0.3
2025-08-12 19:13:24,034:INFO:            imblearn: 0.13.0
2025-08-12 19:13:24,034:INFO:   category_encoders: 2.7.0
2025-08-12 19:13:24,034:INFO:            lightgbm: 4.6.0
2025-08-12 19:13:24,034:INFO:               numba: 0.61.0
2025-08-12 19:13:24,034:INFO:            requests: 2.32.3
2025-08-12 19:13:24,034:INFO:          matplotlib: 3.7.5
2025-08-12 19:13:24,050:INFO:          scikitplot: 0.3.7
2025-08-12 19:13:24,050:INFO:         yellowbrick: 1.5
2025-08-12 19:13:24,050:INFO:              plotly: 5.24.1
2025-08-12 19:13:24,050:INFO:    plotly-resampler: Not installed
2025-08-12 19:13:24,050:INFO:             kaleido: 0.2.1
2025-08-12 19:13:24,050:INFO:           schemdraw: 0.15
2025-08-12 19:13:24,050:INFO:         statsmodels: 0.14.4
2025-08-12 19:13:24,050:INFO:              sktime: 0.26.0
2025-08-12 19:13:24,050:INFO:               tbats: 1.1.3
2025-08-12 19:13:24,050:INFO:            pmdarima: 2.0.4
2025-08-12 19:13:24,050:INFO:              psutil: 5.9.0
2025-08-12 19:13:24,050:INFO:          markupsafe: 3.0.2
2025-08-12 19:13:24,050:INFO:             pickle5: Not installed
2025-08-12 19:13:24,050:INFO:         cloudpickle: 3.0.0
2025-08-12 19:13:24,050:INFO:         deprecation: 2.1.0
2025-08-12 19:13:24,050:INFO:              xxhash: 3.5.0
2025-08-12 19:13:24,050:INFO:           wurlitzer: Not installed
2025-08-12 19:13:24,050:INFO:PyCaret optional dependencies:
2025-08-12 19:13:24,050:INFO:                shap: Not installed
2025-08-12 19:13:24,050:INFO:           interpret: Not installed
2025-08-12 19:13:24,050:INFO:                umap: Not installed
2025-08-12 19:13:24,050:INFO:     ydata_profiling: Not installed
2025-08-12 19:13:24,050:INFO:  explainerdashboard: Not installed
2025-08-12 19:13:24,050:INFO:             autoviz: Not installed
2025-08-12 19:13:24,050:INFO:           fairlearn: Not installed
2025-08-12 19:13:24,050:INFO:          deepchecks: Not installed
2025-08-12 19:13:24,050:INFO:             xgboost: 2.1.1
2025-08-12 19:13:24,050:INFO:            catboost: Not installed
2025-08-12 19:13:24,050:INFO:              kmodes: Not installed
2025-08-12 19:13:24,050:INFO:             mlxtend: Not installed
2025-08-12 19:13:24,050:INFO:       statsforecast: Not installed
2025-08-12 19:13:24,050:INFO:        tune_sklearn: Not installed
2025-08-12 19:13:24,050:INFO:                 ray: Not installed
2025-08-12 19:13:24,050:INFO:            hyperopt: 0.2.7
2025-08-12 19:13:24,050:INFO:              optuna: 4.3.0
2025-08-12 19:13:24,050:INFO:               skopt: 0.10.2
2025-08-12 19:13:24,050:INFO:              mlflow: Not installed
2025-08-12 19:13:24,050:INFO:              gradio: Not installed
2025-08-12 19:13:24,050:INFO:             fastapi: Not installed
2025-08-12 19:13:24,050:INFO:             uvicorn: Not installed
2025-08-12 19:13:24,050:INFO:              m2cgen: Not installed
2025-08-12 19:13:24,050:INFO:           evidently: Not installed
2025-08-12 19:13:24,050:INFO:               fugue: Not installed
2025-08-12 19:13:24,050:INFO:           streamlit: Not installed
2025-08-12 19:13:24,050:INFO:             prophet: Not installed
2025-08-12 19:13:24,050:INFO:None
2025-08-12 19:13:24,050:INFO:Set up data.
2025-08-12 19:13:24,081:INFO:Set up folding strategy.
2025-08-12 19:13:24,082:INFO:Set up train/test split.
2025-08-12 19:14:03,703:INFO:PyCaret ClassificationExperiment
2025-08-12 19:14:03,703:INFO:Logging name: clf-default-name
2025-08-12 19:14:03,703:INFO:ML Usecase: MLUsecase.CLASSIFICATION
2025-08-12 19:14:03,703:INFO:version 3.3.2
2025-08-12 19:14:03,703:INFO:Initializing setup()
2025-08-12 19:14:03,703:INFO:self.USI: 458e
2025-08-12 19:14:03,704:INFO:self._variable_keys: {'is_multiclass', 'gpu_n_jobs_param', 'log_plots_param', 'X_test', 'y', 'X_train', 'memory', 'logging_param', 'fold_groups_param', 'fold_shuffle_param', 'pipeline', 'seed', '_ml_usecase', 'USI', 'y_test', 'data', 'fix_imbalance', 'fold_generator', 'X', 'target_param', 'gpu_param', 'exp_name_log', 'n_jobs_param', 'exp_id', 'y_train', '_available_plots', 'html_param', 'idx'}
2025-08-12 19:14:03,704:INFO:Checking environment
2025-08-12 19:14:03,704:INFO:python_version: 3.11.11
2025-08-12 19:14:03,704:INFO:python_build: ('main', 'Dec 11 2024 16:34:19')
2025-08-12 19:14:03,704:INFO:machine: AMD64
2025-08-12 19:14:03,705:INFO:platform: Windows-10-10.0.22631-SP0
2025-08-12 19:14:03,705:INFO:Memory: svmem(total=17067888640, available=2529972224, percent=85.2, used=14537916416, free=2529972224)
2025-08-12 19:14:03,707:INFO:Physical Core: 2
2025-08-12 19:14:03,707:INFO:Logical Core: 4
2025-08-12 19:14:03,707:INFO:Checking libraries
2025-08-12 19:14:03,707:INFO:System:
2025-08-12 19:14:03,708:INFO:    python: 3.11.11 | packaged by Anaconda, Inc. | (main, Dec 11 2024, 16:34:19) [MSC v.1929 64 bit (AMD64)]
2025-08-12 19:14:03,708:INFO:executable: c:\Users\Ilyas\anaconda3\envs\Pycaret\python.exe
2025-08-12 19:14:03,708:INFO:   machine: Windows-10-10.0.22631-SP0
2025-08-12 19:14:03,708:INFO:PyCaret required dependencies:
2025-08-12 19:14:03,708:INFO:                 pip: 25.0
2025-08-12 19:14:03,709:INFO:          setuptools: 65.5.0
2025-08-12 19:14:03,709:INFO:             pycaret: 3.3.2
2025-08-12 19:14:03,709:INFO:             IPython: 8.30.0
2025-08-12 19:14:03,709:INFO:          ipywidgets: 8.1.5
2025-08-12 19:14:03,709:INFO:                tqdm: 4.67.1
2025-08-12 19:14:03,710:INFO:               numpy: 1.26.4
2025-08-12 19:14:03,710:INFO:              pandas: 2.1.4
2025-08-12 19:14:03,710:INFO:              jinja2: 3.1.5
2025-08-12 19:14:03,710:INFO:               scipy: 1.11.4
2025-08-12 19:14:03,710:INFO:              joblib: 1.3.2
2025-08-12 19:14:03,710:INFO:             sklearn: 1.4.2
2025-08-12 19:14:03,710:INFO:                pyod: 2.0.3
2025-08-12 19:14:03,710:INFO:            imblearn: 0.13.0
2025-08-12 19:14:03,710:INFO:   category_encoders: 2.7.0
2025-08-12 19:14:03,710:INFO:            lightgbm: 4.6.0
2025-08-12 19:14:03,711:INFO:               numba: 0.61.0
2025-08-12 19:14:03,711:INFO:            requests: 2.32.3
2025-08-12 19:14:03,711:INFO:          matplotlib: 3.7.5
2025-08-12 19:14:03,711:INFO:          scikitplot: 0.3.7
2025-08-12 19:14:03,711:INFO:         yellowbrick: 1.5
2025-08-12 19:14:03,711:INFO:              plotly: 5.24.1
2025-08-12 19:14:03,711:INFO:    plotly-resampler: Not installed
2025-08-12 19:14:03,712:INFO:             kaleido: 0.2.1
2025-08-12 19:14:03,712:INFO:           schemdraw: 0.15
2025-08-12 19:14:03,712:INFO:         statsmodels: 0.14.4
2025-08-12 19:14:03,712:INFO:              sktime: 0.26.0
2025-08-12 19:14:03,713:INFO:               tbats: 1.1.3
2025-08-12 19:14:03,713:INFO:            pmdarima: 2.0.4
2025-08-12 19:14:03,713:INFO:              psutil: 5.9.0
2025-08-12 19:14:03,713:INFO:          markupsafe: 3.0.2
2025-08-12 19:14:03,714:INFO:             pickle5: Not installed
2025-08-12 19:14:03,715:INFO:         cloudpickle: 3.0.0
2025-08-12 19:14:03,715:INFO:         deprecation: 2.1.0
2025-08-12 19:14:03,715:INFO:              xxhash: 3.5.0
2025-08-12 19:14:03,715:INFO:           wurlitzer: Not installed
2025-08-12 19:14:03,715:INFO:PyCaret optional dependencies:
2025-08-12 19:14:03,715:INFO:                shap: Not installed
2025-08-12 19:14:03,715:INFO:           interpret: Not installed
2025-08-12 19:14:03,715:INFO:                umap: Not installed
2025-08-12 19:14:03,715:INFO:     ydata_profiling: Not installed
2025-08-12 19:14:03,715:INFO:  explainerdashboard: Not installed
2025-08-12 19:14:03,715:INFO:             autoviz: Not installed
2025-08-12 19:14:03,715:INFO:           fairlearn: Not installed
2025-08-12 19:14:03,715:INFO:          deepchecks: Not installed
2025-08-12 19:14:03,716:INFO:             xgboost: 2.1.1
2025-08-12 19:14:03,716:INFO:            catboost: Not installed
2025-08-12 19:14:03,716:INFO:              kmodes: Not installed
2025-08-12 19:14:03,716:INFO:             mlxtend: Not installed
2025-08-12 19:14:03,716:INFO:       statsforecast: Not installed
2025-08-12 19:14:03,716:INFO:        tune_sklearn: Not installed
2025-08-12 19:14:03,716:INFO:                 ray: Not installed
2025-08-12 19:14:03,716:INFO:            hyperopt: 0.2.7
2025-08-12 19:14:03,717:INFO:              optuna: 4.3.0
2025-08-12 19:14:03,717:INFO:               skopt: 0.10.2
2025-08-12 19:14:03,717:INFO:              mlflow: Not installed
2025-08-12 19:14:03,717:INFO:              gradio: Not installed
2025-08-12 19:14:03,718:INFO:             fastapi: Not installed
2025-08-12 19:14:03,718:INFO:             uvicorn: Not installed
2025-08-12 19:14:03,718:INFO:              m2cgen: Not installed
2025-08-12 19:14:03,718:INFO:           evidently: Not installed
2025-08-12 19:14:03,718:INFO:               fugue: Not installed
2025-08-12 19:14:03,718:INFO:           streamlit: Not installed
2025-08-12 19:14:03,718:INFO:             prophet: Not installed
2025-08-12 19:14:03,718:INFO:None
2025-08-12 19:14:03,718:INFO:Set up data.
2025-08-12 19:14:03,844:INFO:Set up folding strategy.
2025-08-12 19:14:03,844:INFO:Set up train/test split.
2025-08-12 19:14:03,929:INFO:Set up index.
2025-08-12 19:14:03,929:INFO:Assigning column types.
2025-08-12 19:14:04,032:INFO:Engine successfully changes for model 'lr' to 'sklearn'.
2025-08-12 19:14:04,302:INFO:Engine for model 'knn' has not been set explicitly, hence returning None.
2025-08-12 19:14:04,315:INFO:Engine for model 'rbfsvm' has not been set explicitly, hence returning None.
2025-08-12 19:14:04,459:INFO:Soft dependency imported: xgboost: 2.1.1
2025-08-12 19:14:04,531:WARNING:
'catboost' is a soft dependency and not included in the pycaret installation. Please run: `pip install catboost` to install.
Alternately, you can install this by running `pip install pycaret[models]`
2025-08-12 19:14:04,637:INFO:Engine for model 'knn' has not been set explicitly, hence returning None.
2025-08-12 19:14:04,637:INFO:Engine for model 'rbfsvm' has not been set explicitly, hence returning None.
2025-08-12 19:14:04,684:INFO:Soft dependency imported: xgboost: 2.1.1
2025-08-12 19:14:04,699:WARNING:
'catboost' is a soft dependency and not included in the pycaret installation. Please run: `pip install catboost` to install.
Alternately, you can install this by running `pip install pycaret[models]`
2025-08-12 19:14:04,699:INFO:Engine successfully changes for model 'knn' to 'sklearn'.
2025-08-12 19:14:04,784:INFO:Engine for model 'rbfsvm' has not been set explicitly, hence returning None.
2025-08-12 19:14:04,836:INFO:Soft dependency imported: xgboost: 2.1.1
2025-08-12 19:14:04,836:WARNING:
'catboost' is a soft dependency and not included in the pycaret installation. Please run: `pip install catboost` to install.
Alternately, you can install this by running `pip install pycaret[models]`
2025-08-12 19:14:04,985:INFO:Engine for model 'rbfsvm' has not been set explicitly, hence returning None.
2025-08-12 19:14:05,016:INFO:Soft dependency imported: xgboost: 2.1.1
2025-08-12 19:14:05,032:WARNING:
'catboost' is a soft dependency and not included in the pycaret installation. Please run: `pip install catboost` to install.
Alternately, you can install this by running `pip install pycaret[models]`
2025-08-12 19:14:05,032:INFO:Engine successfully changes for model 'rbfsvm' to 'sklearn'.
2025-08-12 19:14:05,131:INFO:Soft dependency imported: xgboost: 2.1.1
2025-08-12 19:14:05,131:WARNING:
'catboost' is a soft dependency and not included in the pycaret installation. Please run: `pip install catboost` to install.
Alternately, you can install this by running `pip install pycaret[models]`
2025-08-12 19:14:05,270:INFO:Soft dependency imported: xgboost: 2.1.1
2025-08-12 19:14:05,270:WARNING:
'catboost' is a soft dependency and not included in the pycaret installation. Please run: `pip install catboost` to install.
Alternately, you can install this by running `pip install pycaret[models]`
2025-08-12 19:14:05,270:INFO:Preparing preprocessing pipeline...
2025-08-12 19:14:05,286:INFO:Set up simple imputation.
2025-08-12 19:14:05,371:INFO:Finished creating preprocessing pipeline.
2025-08-12 19:14:05,371:INFO:Pipeline: Pipeline(memory=FastMemory(location=C:\Users\Ilyas\AppData\Local\Temp\joblib),
         steps=[('numerical_imputer',
                 TransformerWrapper(exclude=None,
                                    include=['whh', 'whd', 'wha',
                                             'team_h_difficulty',
                                             'team_a_difficulty',
                                             'ownership_change',
                                             'percenatge_net_transfers',
                                             'ict_index', 'creativity',
                                             'threat', 'clean_sheets_1',
                                             'expected_goals_conceded_1',
                                             'goals_conceded_1',
                                             '...
                                    transformer=SimpleImputer(add_indicator=False,
                                                              copy=True,
                                                              fill_value=None,
                                                              keep_empty_features=False,
                                                              missing_values=nan,
                                                              strategy='mean'))),
                ('categorical_imputer',
                 TransformerWrapper(exclude=None, include=[],
                                    transformer=SimpleImputer(add_indicator=False,
                                                              copy=True,
                                                              fill_value=None,
                                                              keep_empty_features=False,
                                                              missing_values=nan,
                                                              strategy='most_frequent')))],
         verbose=False)
2025-08-12 19:14:05,371:INFO:Creating final display dataframe.
2025-08-12 19:14:05,702:INFO:Setup _display_container:                     Description             Value
0                    Session id               123
1                        Target      clean_sheets
2                   Target type        Multiclass
3           Original data shape       (11077, 48)
4        Transformed data shape       (11077, 48)
5   Transformed train set shape        (7753, 48)
6    Transformed test set shape        (3324, 48)
7              Numeric features                47
8      Rows with missing values             21.8%
9                    Preprocess              True
10              Imputation type            simple
11           Numeric imputation              mean
12       Categorical imputation              mode
13               Fold Generator   StratifiedKFold
14                  Fold Number                10
15                     CPU Jobs                -1
16                      Use GPU             False
17               Log Experiment             False
18              Experiment Name  clf-default-name
19                          USI              458e
2025-08-12 19:14:05,801:INFO:Soft dependency imported: xgboost: 2.1.1
2025-08-12 19:14:05,817:WARNING:
'catboost' is a soft dependency and not included in the pycaret installation. Please run: `pip install catboost` to install.
Alternately, you can install this by running `pip install pycaret[models]`
2025-08-12 19:14:05,918:INFO:Soft dependency imported: xgboost: 2.1.1
2025-08-12 19:14:05,934:WARNING:
'catboost' is a soft dependency and not included in the pycaret installation. Please run: `pip install catboost` to install.
Alternately, you can install this by running `pip install pycaret[models]`
2025-08-12 19:14:05,934:INFO:setup() successfully completed in 4.07s...............
2025-08-12 19:14:05,949:INFO:Initializing predict_model()
2025-08-12 19:14:05,949:INFO:predict_model(self=<pycaret.classification.oop.ClassificationExperiment object at 0x0000018BCB89B490>, estimator=Pipeline(memory=Memory(location=None),
         steps=[('numerical_imputer',
                 TransformerWrapper(exclude=None,
                                    include=['whh', 'whd', 'wha',
                                             'team_h_difficulty',
                                             'team_a_difficulty',
                                             'ownership_change',
                                             'percenatge_net_transfers',
                                             'ict_index', 'influence',
                                             'creativity', 'threat',
                                             'clean_sheets_1',
                                             'expected_goals_conceded_1',
                                             'goals_conceded_1',
                                             'goals_scored_1', 'ict_index_1...
                 TransformerWrapper(exclude=None, include=None,
                                    transformer=StandardScaler(copy=True,
                                                               with_mean=True,
                                                               with_std=True))),
                ('actual_estimator',
                 LogisticRegression(C=1.0, class_weight=None, dual=False,
                                    fit_intercept=True, intercept_scaling=1,
                                    l1_ratio=None, max_iter=1000,
                                    multi_class='auto', n_jobs=None,
                                    penalty='l2', random_state=2248,
                                    solver='lbfgs', tol=0.0001, verbose=0,
                                    warm_start=False))],
         verbose=False), probability_threshold=None, encoded_labels=False, raw_score=False, round=4, verbose=True, ml_usecase=None, preprocess=True, encode_labels=<function _SupervisedExperiment.predict_model.<locals>.encode_labels at 0x0000018BCBAF5580>)
2025-08-12 19:14:05,949:INFO:Checking exceptions
2025-08-12 19:14:05,949:INFO:Preloading libraries
2025-08-12 19:14:05,949:INFO:Set up data.
2025-08-12 19:14:05,965:INFO:Set up index.
2025-08-12 19:40:42,552:WARNING:
'cuml' is a soft dependency and not included in the pycaret installation. Please run: `pip install cuml` to install.
2025-08-12 19:40:42,552:WARNING:
'cuml' is a soft dependency and not included in the pycaret installation. Please run: `pip install cuml` to install.
2025-08-12 19:40:42,552:WARNING:
'cuml' is a soft dependency and not included in the pycaret installation. Please run: `pip install cuml` to install.
2025-08-12 19:40:42,552:WARNING:
'cuml' is a soft dependency and not included in the pycaret installation. Please run: `pip install cuml` to install.
2025-08-12 19:40:44,611:INFO:Initializing load_model()
2025-08-12 19:40:44,612:INFO:load_model(model_name=../def_xg_final_model, platform=None, authentication=None, verbose=True)
2025-08-12 19:40:45,302:WARNING:C:\Users\Ilyas\AppData\Local\Temp\ipykernel_12008\1766718703.py:2: SettingWithCopyWarning: 
A value is trying to be set on a copy of a slice from a DataFrame

See the caveats in the documentation: https://pandas.pydata.org/pandas-docs/stable/user_guide/indexing.html#returning-a-view-versus-a-copy
  data_36_def_xg.drop(columns=['position', 'xG'], inplace=True)

2025-08-12 19:40:45,364:INFO:Initializing predict_model()
2025-08-12 19:40:45,364:INFO:predict_model(self=<pycaret.regression.oop.RegressionExperiment object at 0x0000025A23D40E10>, estimator=Pipeline(memory=Memory(location=None),
         steps=[('numerical_imputer',
                 TransformerWrapper(include=['whh', 'whd', 'wha',
                                             'team_h_difficulty',
                                             'team_a_difficulty',
                                             'percenatge_net_transfers',
                                             'ict_index', 'influence',
                                             'creativity', 'threat',
                                             'expected_assists_1',
                                             'expected_goal_involvements_1',
                                             'expected_goals_1',
                                             'goals_scored_1', 'ict_index_1',
                                             'influence_1', 'creativi...
                                    transformer=SimpleImputer(strategy='most_frequent'))),
                ('remove_multicollinearity',
                 TransformerWrapper(exclude=[],
                                    transformer=RemoveMulticollinearity(threshold=0.9))),
                ('feature_selection',
                 TransformerWrapper(exclude=[],
                                    transformer=SelectFromModel(estimator=LGBMRegressor(),
                                                                max_features=29,
                                                                threshold=-inf))),
                ('actual_estimator',
                 ExtraTreesRegressor(n_jobs=-1, random_state=2708))]), probability_threshold=None, encoded_labels=False, raw_score=False, round=4, verbose=True, ml_usecase=None, preprocess=True, encode_labels=<function _SupervisedExperiment.predict_model.<locals>.encode_labels at 0x0000025A1644F740>)
2025-08-12 19:40:45,364:INFO:Checking exceptions
2025-08-12 19:40:45,365:INFO:Preloading libraries
2025-08-12 19:40:45,365:INFO:Set up data.
2025-08-12 19:40:45,472:INFO:Set up index.
2025-08-12 19:40:45,827:WARNING:C:\Users\Ilyas\AppData\Local\Temp\ipykernel_12008\1766718703.py:11: SettingWithCopyWarning: 
A value is trying to be set on a copy of a slice from a DataFrame.
Try using .loc[row_indexer,col_indexer] = value instead

See the caveats in the documentation: https://pandas.pydata.org/pandas-docs/stable/user_guide/indexing.html#returning-a-view-versus-a-copy
  data_36_def['xG_preds'] = predicted

2025-08-12 19:40:47,435:WARNING:C:\Users\Ilyas\AppData\Local\Temp\ipykernel_12008\4034698818.py:3: SettingWithCopyWarning: 
A value is trying to be set on a copy of a slice from a DataFrame

See the caveats in the documentation: https://pandas.pydata.org/pandas-docs/stable/user_guide/indexing.html#returning-a-view-versus-a-copy
  data_37_def_xg.drop(columns=['position', 'xG'], inplace=True)

2025-08-12 19:40:47,499:INFO:Initializing predict_model()
2025-08-12 19:40:47,500:INFO:predict_model(self=<pycaret.regression.oop.RegressionExperiment object at 0x0000025A22247450>, estimator=Pipeline(memory=Memory(location=None),
         steps=[('numerical_imputer',
                 TransformerWrapper(include=['whh', 'whd', 'wha',
                                             'team_h_difficulty',
                                             'team_a_difficulty',
                                             'percenatge_net_transfers',
                                             'ict_index', 'influence',
                                             'creativity', 'threat',
                                             'expected_assists_1',
                                             'expected_goal_involvements_1',
                                             'expected_goals_1',
                                             'goals_scored_1', 'ict_index_1',
                                             'influence_1', 'creativi...
                                    transformer=SimpleImputer(strategy='most_frequent'))),
                ('remove_multicollinearity',
                 TransformerWrapper(exclude=[],
                                    transformer=RemoveMulticollinearity(threshold=0.9))),
                ('feature_selection',
                 TransformerWrapper(exclude=[],
                                    transformer=SelectFromModel(estimator=LGBMRegressor(),
                                                                max_features=29,
                                                                threshold=-inf))),
                ('actual_estimator',
                 ExtraTreesRegressor(n_jobs=-1, random_state=2708))]), probability_threshold=None, encoded_labels=False, raw_score=False, round=4, verbose=True, ml_usecase=None, preprocess=True, encode_labels=<function _SupervisedExperiment.predict_model.<locals>.encode_labels at 0x0000025A162D71A0>)
2025-08-12 19:40:47,500:INFO:Checking exceptions
2025-08-12 19:40:47,500:INFO:Preloading libraries
2025-08-12 19:40:47,501:INFO:Set up data.
2025-08-12 19:40:47,677:INFO:Set up index.
2025-08-12 19:40:47,960:WARNING:C:\Users\Ilyas\AppData\Local\Temp\ipykernel_12008\4034698818.py:12: SettingWithCopyWarning: 
A value is trying to be set on a copy of a slice from a DataFrame.
Try using .loc[row_indexer,col_indexer] = value instead

See the caveats in the documentation: https://pandas.pydata.org/pandas-docs/stable/user_guide/indexing.html#returning-a-view-versus-a-copy
  data_37_def['xG_preds'] = predicted

2025-08-12 19:40:49,013:WARNING:C:\Users\Ilyas\AppData\Local\Temp\ipykernel_12008\1002305843.py:3: SettingWithCopyWarning: 
A value is trying to be set on a copy of a slice from a DataFrame

See the caveats in the documentation: https://pandas.pydata.org/pandas-docs/stable/user_guide/indexing.html#returning-a-view-versus-a-copy
  data_38_def_xg.drop(columns=['position', 'xG'], inplace=True)

2025-08-12 19:40:49,077:INFO:Initializing predict_model()
2025-08-12 19:40:49,077:INFO:predict_model(self=<pycaret.regression.oop.RegressionExperiment object at 0x0000025A27962B10>, estimator=Pipeline(memory=Memory(location=None),
         steps=[('numerical_imputer',
                 TransformerWrapper(include=['whh', 'whd', 'wha',
                                             'team_h_difficulty',
                                             'team_a_difficulty',
                                             'percenatge_net_transfers',
                                             'ict_index', 'influence',
                                             'creativity', 'threat',
                                             'expected_assists_1',
                                             'expected_goal_involvements_1',
                                             'expected_goals_1',
                                             'goals_scored_1', 'ict_index_1',
                                             'influence_1', 'creativi...
                                    transformer=SimpleImputer(strategy='most_frequent'))),
                ('remove_multicollinearity',
                 TransformerWrapper(exclude=[],
                                    transformer=RemoveMulticollinearity(threshold=0.9))),
                ('feature_selection',
                 TransformerWrapper(exclude=[],
                                    transformer=SelectFromModel(estimator=LGBMRegressor(),
                                                                max_features=29,
                                                                threshold=-inf))),
                ('actual_estimator',
                 ExtraTreesRegressor(n_jobs=-1, random_state=2708))]), probability_threshold=None, encoded_labels=False, raw_score=False, round=4, verbose=True, ml_usecase=None, preprocess=True, encode_labels=<function _SupervisedExperiment.predict_model.<locals>.encode_labels at 0x0000025A24C9D3A0>)
2025-08-12 19:40:49,077:INFO:Checking exceptions
2025-08-12 19:40:49,077:INFO:Preloading libraries
2025-08-12 19:40:49,077:INFO:Set up data.
2025-08-12 19:40:49,221:INFO:Set up index.
2025-08-12 19:40:49,581:WARNING:C:\Users\Ilyas\AppData\Local\Temp\ipykernel_12008\1002305843.py:12: SettingWithCopyWarning: 
A value is trying to be set on a copy of a slice from a DataFrame.
Try using .loc[row_indexer,col_indexer] = value instead

See the caveats in the documentation: https://pandas.pydata.org/pandas-docs/stable/user_guide/indexing.html#returning-a-view-versus-a-copy
  data_38_def['xG_preds'] = predicted

2025-08-12 19:40:50,860:INFO:Initializing load_model()
2025-08-12 19:40:50,860:INFO:load_model(model_name=../mid_xg_final_model, platform=None, authentication=None, verbose=True)
2025-08-12 19:40:52,329:WARNING:C:\Users\Ilyas\AppData\Local\Temp\ipykernel_12008\1569287174.py:2: SettingWithCopyWarning: 
A value is trying to be set on a copy of a slice from a DataFrame

See the caveats in the documentation: https://pandas.pydata.org/pandas-docs/stable/user_guide/indexing.html#returning-a-view-versus-a-copy
  data_36_mid_xg.drop(columns=['position', 'xG'], inplace=True)

2025-08-12 19:40:52,428:INFO:Initializing predict_model()
2025-08-12 19:40:52,428:INFO:predict_model(self=<pycaret.regression.oop.RegressionExperiment object at 0x0000025A24D57C90>, estimator=Pipeline(memory=Memory(location=None),
         steps=[('numerical_imputer',
                 TransformerWrapper(include=['whh', 'whd', 'wha',
                                             'team_h_difficulty',
                                             'team_a_difficulty',
                                             'percenatge_net_transfers',
                                             'ict_index', 'influence',
                                             'creativity', 'threat',
                                             'expected_assists_1',
                                             'expected_goal_involvements_1',
                                             'expected_goals_1',
                                             'goals_scored_1', 'ict_index_1',
                                             'influence_1', 'creativi...
                                    transformer=SelectFromModel(estimator=LGBMRegressor(),
                                                                max_features=29,
                                                                threshold=-inf))),
                ('actual_estimator',
                 VotingRegressor(estimators=[('Random Forest Regressor',
                                              RandomForestRegressor(n_jobs=-1,
                                                                    random_state=1739)),
                                             ('Extra Trees Regressor',
                                              ExtraTreesRegressor(n_jobs=-1,
                                                                  random_state=1739)),
                                             ('Gradient Boosting Regressor',
                                              GradientBoostingRegressor(random_state=1739))],
                                 n_jobs=-1))]), probability_threshold=None, encoded_labels=False, raw_score=False, round=4, verbose=True, ml_usecase=None, preprocess=True, encode_labels=<function _SupervisedExperiment.predict_model.<locals>.encode_labels at 0x0000025A24DABEC0>)
2025-08-12 19:40:52,428:INFO:Checking exceptions
2025-08-12 19:40:52,429:INFO:Preloading libraries
2025-08-12 19:40:52,429:INFO:Set up data.
2025-08-12 19:40:52,623:INFO:Set up index.
2025-08-12 19:40:52,919:WARNING:C:\Users\Ilyas\AppData\Local\Temp\ipykernel_12008\1569287174.py:11: SettingWithCopyWarning: 
A value is trying to be set on a copy of a slice from a DataFrame.
Try using .loc[row_indexer,col_indexer] = value instead

See the caveats in the documentation: https://pandas.pydata.org/pandas-docs/stable/user_guide/indexing.html#returning-a-view-versus-a-copy
  data_36_mid['xG_preds'] = predicted

2025-08-12 19:40:54,493:WARNING:C:\Users\Ilyas\AppData\Local\Temp\ipykernel_12008\1460296985.py:3: SettingWithCopyWarning: 
A value is trying to be set on a copy of a slice from a DataFrame

See the caveats in the documentation: https://pandas.pydata.org/pandas-docs/stable/user_guide/indexing.html#returning-a-view-versus-a-copy
  data_37_mid_xg.drop(columns=['position', 'xG'], inplace=True)

2025-08-12 19:40:54,643:INFO:Initializing predict_model()
2025-08-12 19:40:54,643:INFO:predict_model(self=<pycaret.regression.oop.RegressionExperiment object at 0x0000025A24B651D0>, estimator=Pipeline(memory=Memory(location=None),
         steps=[('numerical_imputer',
                 TransformerWrapper(include=['whh', 'whd', 'wha',
                                             'team_h_difficulty',
                                             'team_a_difficulty',
                                             'percenatge_net_transfers',
                                             'ict_index', 'influence',
                                             'creativity', 'threat',
                                             'expected_assists_1',
                                             'expected_goal_involvements_1',
                                             'expected_goals_1',
                                             'goals_scored_1', 'ict_index_1',
                                             'influence_1', 'creativi...
                                    transformer=SelectFromModel(estimator=LGBMRegressor(),
                                                                max_features=29,
                                                                threshold=-inf))),
                ('actual_estimator',
                 VotingRegressor(estimators=[('Random Forest Regressor',
                                              RandomForestRegressor(n_jobs=-1,
                                                                    random_state=1739)),
                                             ('Extra Trees Regressor',
                                              ExtraTreesRegressor(n_jobs=-1,
                                                                  random_state=1739)),
                                             ('Gradient Boosting Regressor',
                                              GradientBoostingRegressor(random_state=1739))],
                                 n_jobs=-1))]), probability_threshold=None, encoded_labels=False, raw_score=False, round=4, verbose=True, ml_usecase=None, preprocess=True, encode_labels=<function _SupervisedExperiment.predict_model.<locals>.encode_labels at 0x0000025A216D0D60>)
2025-08-12 19:40:54,643:INFO:Checking exceptions
2025-08-12 19:40:54,643:INFO:Preloading libraries
2025-08-12 19:40:54,643:INFO:Set up data.
2025-08-12 19:40:54,737:INFO:Set up index.
2025-08-12 19:40:54,994:WARNING:C:\Users\Ilyas\AppData\Local\Temp\ipykernel_12008\1460296985.py:12: SettingWithCopyWarning: 
A value is trying to be set on a copy of a slice from a DataFrame.
Try using .loc[row_indexer,col_indexer] = value instead

See the caveats in the documentation: https://pandas.pydata.org/pandas-docs/stable/user_guide/indexing.html#returning-a-view-versus-a-copy
  data_37_mid['xG_preds'] = predicted

2025-08-12 19:40:56,561:WARNING:C:\Users\Ilyas\AppData\Local\Temp\ipykernel_12008\1710043576.py:3: SettingWithCopyWarning: 
A value is trying to be set on a copy of a slice from a DataFrame

See the caveats in the documentation: https://pandas.pydata.org/pandas-docs/stable/user_guide/indexing.html#returning-a-view-versus-a-copy
  data_38_mid_xg.drop(columns=['position', 'xG'], inplace=True)

2025-08-12 19:40:56,687:INFO:Initializing predict_model()
2025-08-12 19:40:56,687:INFO:predict_model(self=<pycaret.regression.oop.RegressionExperiment object at 0x0000025A27981250>, estimator=Pipeline(memory=Memory(location=None),
         steps=[('numerical_imputer',
                 TransformerWrapper(include=['whh', 'whd', 'wha',
                                             'team_h_difficulty',
                                             'team_a_difficulty',
                                             'percenatge_net_transfers',
                                             'ict_index', 'influence',
                                             'creativity', 'threat',
                                             'expected_assists_1',
                                             'expected_goal_involvements_1',
                                             'expected_goals_1',
                                             'goals_scored_1', 'ict_index_1',
                                             'influence_1', 'creativi...
                                    transformer=SelectFromModel(estimator=LGBMRegressor(),
                                                                max_features=29,
                                                                threshold=-inf))),
                ('actual_estimator',
                 VotingRegressor(estimators=[('Random Forest Regressor',
                                              RandomForestRegressor(n_jobs=-1,
                                                                    random_state=1739)),
                                             ('Extra Trees Regressor',
                                              ExtraTreesRegressor(n_jobs=-1,
                                                                  random_state=1739)),
                                             ('Gradient Boosting Regressor',
                                              GradientBoostingRegressor(random_state=1739))],
                                 n_jobs=-1))]), probability_threshold=None, encoded_labels=False, raw_score=False, round=4, verbose=True, ml_usecase=None, preprocess=True, encode_labels=<function _SupervisedExperiment.predict_model.<locals>.encode_labels at 0x0000025A175D32E0>)
2025-08-12 19:40:56,687:INFO:Checking exceptions
2025-08-12 19:40:56,687:INFO:Preloading libraries
2025-08-12 19:40:56,688:INFO:Set up data.
2025-08-12 19:40:56,842:INFO:Set up index.
2025-08-12 19:40:57,192:WARNING:C:\Users\Ilyas\AppData\Local\Temp\ipykernel_12008\1710043576.py:12: SettingWithCopyWarning: 
A value is trying to be set on a copy of a slice from a DataFrame.
Try using .loc[row_indexer,col_indexer] = value instead

See the caveats in the documentation: https://pandas.pydata.org/pandas-docs/stable/user_guide/indexing.html#returning-a-view-versus-a-copy
  data_38_mid['xG_preds'] = predicted

2025-08-12 19:40:58,942:INFO:Initializing load_model()
2025-08-12 19:40:58,942:INFO:load_model(model_name=../fwd_xg_final_model, platform=None, authentication=None, verbose=True)
2025-08-12 19:40:59,195:WARNING:C:\Users\Ilyas\AppData\Local\Temp\ipykernel_12008\1861646744.py:3: SettingWithCopyWarning: 
A value is trying to be set on a copy of a slice from a DataFrame

See the caveats in the documentation: https://pandas.pydata.org/pandas-docs/stable/user_guide/indexing.html#returning-a-view-versus-a-copy
  data_36_fwd_xg.drop(columns=['position', 'xG'], inplace=True)

2025-08-12 19:40:59,242:INFO:Initializing predict_model()
2025-08-12 19:40:59,242:INFO:predict_model(self=<pycaret.regression.oop.RegressionExperiment object at 0x0000025A24D48590>, estimator=Pipeline(memory=Memory(location=None),
         steps=[('numerical_imputer',
                 TransformerWrapper(include=['whh', 'whd', 'wha',
                                             'team_h_difficulty',
                                             'team_a_difficulty',
                                             'percenatge_net_transfers',
                                             'ict_index', 'influence',
                                             'creativity', 'threat',
                                             'expected_assists_1',
                                             'expected_goal_involvements_1',
                                             'expected_goals_1',
                                             'goals_scored_1', 'ict_index_1',
                                             'influence_1', 'creativi...
                                    transformer=SimpleImputer(strategy='most_frequent'))),
                ('remove_multicollinearity',
                 TransformerWrapper(exclude=[],
                                    transformer=RemoveMulticollinearity(threshold=0.9))),
                ('feature_selection',
                 TransformerWrapper(exclude=[],
                                    transformer=SelectFromModel(estimator=LGBMRegressor(),
                                                                max_features=29,
                                                                threshold=-inf))),
                ('actual_estimator',
                 GradientBoostingRegressor(random_state=3614))]), probability_threshold=None, encoded_labels=False, raw_score=False, round=4, verbose=True, ml_usecase=None, preprocess=True, encode_labels=<function _SupervisedExperiment.predict_model.<locals>.encode_labels at 0x0000025A242B40E0>)
2025-08-12 19:40:59,242:INFO:Checking exceptions
2025-08-12 19:40:59,242:INFO:Preloading libraries
2025-08-12 19:40:59,242:INFO:Set up data.
2025-08-12 19:40:59,410:INFO:Set up index.
2025-08-12 19:40:59,713:WARNING:C:\Users\Ilyas\AppData\Local\Temp\ipykernel_12008\1861646744.py:12: SettingWithCopyWarning: 
A value is trying to be set on a copy of a slice from a DataFrame.
Try using .loc[row_indexer,col_indexer] = value instead

See the caveats in the documentation: https://pandas.pydata.org/pandas-docs/stable/user_guide/indexing.html#returning-a-view-versus-a-copy
  data_36_fwd['xG_preds'] = predicted

2025-08-12 19:41:00,510:WARNING:C:\Users\Ilyas\AppData\Local\Temp\ipykernel_12008\2257107111.py:3: SettingWithCopyWarning: 
A value is trying to be set on a copy of a slice from a DataFrame

See the caveats in the documentation: https://pandas.pydata.org/pandas-docs/stable/user_guide/indexing.html#returning-a-view-versus-a-copy
  data_37_fwd_xg.drop(columns=['position', 'xG'], inplace=True)

2025-08-12 19:41:00,617:INFO:Initializing predict_model()
2025-08-12 19:41:00,618:INFO:predict_model(self=<pycaret.regression.oop.RegressionExperiment object at 0x0000025A24C86FD0>, estimator=Pipeline(memory=Memory(location=None),
         steps=[('numerical_imputer',
                 TransformerWrapper(include=['whh', 'whd', 'wha',
                                             'team_h_difficulty',
                                             'team_a_difficulty',
                                             'percenatge_net_transfers',
                                             'ict_index', 'influence',
                                             'creativity', 'threat',
                                             'expected_assists_1',
                                             'expected_goal_involvements_1',
                                             'expected_goals_1',
                                             'goals_scored_1', 'ict_index_1',
                                             'influence_1', 'creativi...
                                    transformer=SimpleImputer(strategy='most_frequent'))),
                ('remove_multicollinearity',
                 TransformerWrapper(exclude=[],
                                    transformer=RemoveMulticollinearity(threshold=0.9))),
                ('feature_selection',
                 TransformerWrapper(exclude=[],
                                    transformer=SelectFromModel(estimator=LGBMRegressor(),
                                                                max_features=29,
                                                                threshold=-inf))),
                ('actual_estimator',
                 GradientBoostingRegressor(random_state=3614))]), probability_threshold=None, encoded_labels=False, raw_score=False, round=4, verbose=True, ml_usecase=None, preprocess=True, encode_labels=<function _SupervisedExperiment.predict_model.<locals>.encode_labels at 0x0000025A214D7880>)
2025-08-12 19:41:00,618:INFO:Checking exceptions
2025-08-12 19:41:00,618:INFO:Preloading libraries
2025-08-12 19:41:00,618:INFO:Set up data.
2025-08-12 19:41:00,774:INFO:Set up index.
2025-08-12 19:41:00,925:WARNING:C:\Users\Ilyas\AppData\Local\Temp\ipykernel_12008\2257107111.py:12: SettingWithCopyWarning: 
A value is trying to be set on a copy of a slice from a DataFrame.
Try using .loc[row_indexer,col_indexer] = value instead

See the caveats in the documentation: https://pandas.pydata.org/pandas-docs/stable/user_guide/indexing.html#returning-a-view-versus-a-copy
  data_37_fwd['xG_preds'] = predicted

2025-08-12 19:41:01,658:WARNING:C:\Users\Ilyas\AppData\Local\Temp\ipykernel_12008\1391899560.py:3: SettingWithCopyWarning: 
A value is trying to be set on a copy of a slice from a DataFrame

See the caveats in the documentation: https://pandas.pydata.org/pandas-docs/stable/user_guide/indexing.html#returning-a-view-versus-a-copy
  data_38_fwd_xg.drop(columns=['position', 'xG'], inplace=True)

2025-08-12 19:41:01,705:INFO:Initializing predict_model()
2025-08-12 19:41:01,705:INFO:predict_model(self=<pycaret.regression.oop.RegressionExperiment object at 0x0000025A1646E550>, estimator=Pipeline(memory=Memory(location=None),
         steps=[('numerical_imputer',
                 TransformerWrapper(include=['whh', 'whd', 'wha',
                                             'team_h_difficulty',
                                             'team_a_difficulty',
                                             'percenatge_net_transfers',
                                             'ict_index', 'influence',
                                             'creativity', 'threat',
                                             'expected_assists_1',
                                             'expected_goal_involvements_1',
                                             'expected_goals_1',
                                             'goals_scored_1', 'ict_index_1',
                                             'influence_1', 'creativi...
                                    transformer=SimpleImputer(strategy='most_frequent'))),
                ('remove_multicollinearity',
                 TransformerWrapper(exclude=[],
                                    transformer=RemoveMulticollinearity(threshold=0.9))),
                ('feature_selection',
                 TransformerWrapper(exclude=[],
                                    transformer=SelectFromModel(estimator=LGBMRegressor(),
                                                                max_features=29,
                                                                threshold=-inf))),
                ('actual_estimator',
                 GradientBoostingRegressor(random_state=3614))]), probability_threshold=None, encoded_labels=False, raw_score=False, round=4, verbose=True, ml_usecase=None, preprocess=True, encode_labels=<function _SupervisedExperiment.predict_model.<locals>.encode_labels at 0x0000025A279ABEC0>)
2025-08-12 19:41:01,705:INFO:Checking exceptions
2025-08-12 19:41:01,705:INFO:Preloading libraries
2025-08-12 19:41:01,720:INFO:Set up data.
2025-08-12 19:41:01,874:INFO:Set up index.
2025-08-12 19:41:02,173:WARNING:C:\Users\Ilyas\AppData\Local\Temp\ipykernel_12008\1391899560.py:12: SettingWithCopyWarning: 
A value is trying to be set on a copy of a slice from a DataFrame.
Try using .loc[row_indexer,col_indexer] = value instead

See the caveats in the documentation: https://pandas.pydata.org/pandas-docs/stable/user_guide/indexing.html#returning-a-view-versus-a-copy
  data_38_fwd['xG_preds'] = predicted

2025-08-12 19:41:02,790:INFO:Initializing load_model()
2025-08-12 19:41:02,790:INFO:load_model(model_name=../def_xa_final_model, platform=None, authentication=None, verbose=True)
2025-08-12 19:41:03,559:WARNING:C:\Users\Ilyas\AppData\Local\Temp\ipykernel_12008\1286060865.py:2: SettingWithCopyWarning: 
A value is trying to be set on a copy of a slice from a DataFrame

See the caveats in the documentation: https://pandas.pydata.org/pandas-docs/stable/user_guide/indexing.html#returning-a-view-versus-a-copy
  data_36_def_xa.drop(columns=['position', 'xA'], inplace=True)

2025-08-12 19:41:03,684:INFO:Initializing predict_model()
2025-08-12 19:41:03,685:INFO:predict_model(self=<pycaret.regression.oop.RegressionExperiment object at 0x0000025A27B9FB50>, estimator=Pipeline(memory=Memory(location=None),
         steps=[('numerical_imputer',
                 TransformerWrapper(include=['whh', 'whd', 'wha',
                                             'team_h_difficulty',
                                             'team_a_difficulty',
                                             'percenatge_net_transfers',
                                             'ict_index', 'influence',
                                             'creativity', 'threat', 'starts',
                                             'expected_assists_1',
                                             'expected_goal_involvements_1',
                                             'ict_index_1', 'influence_1',
                                             'creativity_1', 'threat_1',
                                             'minutes_1...
                                    transformer=SelectFromModel(estimator=LGBMRegressor(),
                                                                max_features=23,
                                                                threshold=-inf))),
                ('actual_estimator',
                 VotingRegressor(estimators=[('Random Forest Regressor',
                                              RandomForestRegressor(n_jobs=-1,
                                                                    random_state=1024)),
                                             ('Extra Trees Regressor',
                                              ExtraTreesRegressor(n_jobs=-1,
                                                                  random_state=1024)),
                                             ('Gradient Boosting Regressor',
                                              GradientBoostingRegressor(random_state=1024))],
                                 n_jobs=-1))]), probability_threshold=None, encoded_labels=False, raw_score=False, round=4, verbose=True, ml_usecase=None, preprocess=True, encode_labels=<function _SupervisedExperiment.predict_model.<locals>.encode_labels at 0x0000025A24D78E00>)
2025-08-12 19:41:03,685:INFO:Checking exceptions
2025-08-12 19:41:03,685:INFO:Preloading libraries
2025-08-12 19:41:03,686:INFO:Set up data.
2025-08-12 19:41:03,807:INFO:Set up index.
2025-08-12 19:41:04,127:WARNING:C:\Users\Ilyas\AppData\Local\Temp\ipykernel_12008\1286060865.py:11: SettingWithCopyWarning: 
A value is trying to be set on a copy of a slice from a DataFrame.
Try using .loc[row_indexer,col_indexer] = value instead

See the caveats in the documentation: https://pandas.pydata.org/pandas-docs/stable/user_guide/indexing.html#returning-a-view-versus-a-copy
  data_36_def['xA_preds'] = predicted

2025-08-12 19:41:05,458:WARNING:C:\Users\Ilyas\AppData\Local\Temp\ipykernel_12008\2235968509.py:3: SettingWithCopyWarning: 
A value is trying to be set on a copy of a slice from a DataFrame

See the caveats in the documentation: https://pandas.pydata.org/pandas-docs/stable/user_guide/indexing.html#returning-a-view-versus-a-copy
  data_37_def_xa.drop(columns=['position', 'xA'], inplace=True)

2025-08-12 19:41:05,540:INFO:Initializing predict_model()
2025-08-12 19:41:05,540:INFO:predict_model(self=<pycaret.regression.oop.RegressionExperiment object at 0x0000025A27A4BE10>, estimator=Pipeline(memory=Memory(location=None),
         steps=[('numerical_imputer',
                 TransformerWrapper(include=['whh', 'whd', 'wha',
                                             'team_h_difficulty',
                                             'team_a_difficulty',
                                             'percenatge_net_transfers',
                                             'ict_index', 'influence',
                                             'creativity', 'threat', 'starts',
                                             'expected_assists_1',
                                             'expected_goal_involvements_1',
                                             'ict_index_1', 'influence_1',
                                             'creativity_1', 'threat_1',
                                             'minutes_1...
                                    transformer=SelectFromModel(estimator=LGBMRegressor(),
                                                                max_features=23,
                                                                threshold=-inf))),
                ('actual_estimator',
                 VotingRegressor(estimators=[('Random Forest Regressor',
                                              RandomForestRegressor(n_jobs=-1,
                                                                    random_state=1024)),
                                             ('Extra Trees Regressor',
                                              ExtraTreesRegressor(n_jobs=-1,
                                                                  random_state=1024)),
                                             ('Gradient Boosting Regressor',
                                              GradientBoostingRegressor(random_state=1024))],
                                 n_jobs=-1))]), probability_threshold=None, encoded_labels=False, raw_score=False, round=4, verbose=True, ml_usecase=None, preprocess=True, encode_labels=<function _SupervisedExperiment.predict_model.<locals>.encode_labels at 0x0000025A214D7880>)
2025-08-12 19:41:05,540:INFO:Checking exceptions
2025-08-12 19:41:05,540:INFO:Preloading libraries
2025-08-12 19:41:05,540:INFO:Set up data.
2025-08-12 19:41:05,609:INFO:Set up index.
2025-08-12 19:41:06,052:WARNING:C:\Users\Ilyas\AppData\Local\Temp\ipykernel_12008\2235968509.py:12: SettingWithCopyWarning: 
A value is trying to be set on a copy of a slice from a DataFrame.
Try using .loc[row_indexer,col_indexer] = value instead

See the caveats in the documentation: https://pandas.pydata.org/pandas-docs/stable/user_guide/indexing.html#returning-a-view-versus-a-copy
  data_37_def['xA_preds'] = predicted

2025-08-12 19:41:07,008:WARNING:C:\Users\Ilyas\AppData\Local\Temp\ipykernel_12008\1502491043.py:3: SettingWithCopyWarning: 
A value is trying to be set on a copy of a slice from a DataFrame

See the caveats in the documentation: https://pandas.pydata.org/pandas-docs/stable/user_guide/indexing.html#returning-a-view-versus-a-copy
  data_38_def_xa.drop(columns=['position', 'xA'], inplace=True)

2025-08-12 19:41:07,123:INFO:Initializing predict_model()
2025-08-12 19:41:07,123:INFO:predict_model(self=<pycaret.regression.oop.RegressionExperiment object at 0x0000025A27A27D10>, estimator=Pipeline(memory=Memory(location=None),
         steps=[('numerical_imputer',
                 TransformerWrapper(include=['whh', 'whd', 'wha',
                                             'team_h_difficulty',
                                             'team_a_difficulty',
                                             'percenatge_net_transfers',
                                             'ict_index', 'influence',
                                             'creativity', 'threat', 'starts',
                                             'expected_assists_1',
                                             'expected_goal_involvements_1',
                                             'ict_index_1', 'influence_1',
                                             'creativity_1', 'threat_1',
                                             'minutes_1...
                                    transformer=SelectFromModel(estimator=LGBMRegressor(),
                                                                max_features=23,
                                                                threshold=-inf))),
                ('actual_estimator',
                 VotingRegressor(estimators=[('Random Forest Regressor',
                                              RandomForestRegressor(n_jobs=-1,
                                                                    random_state=1024)),
                                             ('Extra Trees Regressor',
                                              ExtraTreesRegressor(n_jobs=-1,
                                                                  random_state=1024)),
                                             ('Gradient Boosting Regressor',
                                              GradientBoostingRegressor(random_state=1024))],
                                 n_jobs=-1))]), probability_threshold=None, encoded_labels=False, raw_score=False, round=4, verbose=True, ml_usecase=None, preprocess=True, encode_labels=<function _SupervisedExperiment.predict_model.<locals>.encode_labels at 0x0000025A24D7B600>)
2025-08-12 19:41:07,123:INFO:Checking exceptions
2025-08-12 19:41:07,123:INFO:Preloading libraries
2025-08-12 19:41:07,123:INFO:Set up data.
2025-08-12 19:41:07,234:INFO:Set up index.
2025-08-12 19:41:07,509:WARNING:C:\Users\Ilyas\AppData\Local\Temp\ipykernel_12008\1502491043.py:12: SettingWithCopyWarning: 
A value is trying to be set on a copy of a slice from a DataFrame.
Try using .loc[row_indexer,col_indexer] = value instead

See the caveats in the documentation: https://pandas.pydata.org/pandas-docs/stable/user_guide/indexing.html#returning-a-view-versus-a-copy
  data_38_def['xA_preds'] = predicted

2025-08-12 19:41:08,406:INFO:Initializing load_model()
2025-08-12 19:41:08,406:INFO:load_model(model_name=../mid_xa_final_model, platform=None, authentication=None, verbose=True)
2025-08-12 19:41:09,524:WARNING:C:\Users\Ilyas\AppData\Local\Temp\ipykernel_12008\2404194884.py:3: SettingWithCopyWarning: 
A value is trying to be set on a copy of a slice from a DataFrame

See the caveats in the documentation: https://pandas.pydata.org/pandas-docs/stable/user_guide/indexing.html#returning-a-view-versus-a-copy
  data_36_mid_xa.drop(columns=['position', 'xA'], inplace=True)

2025-08-12 19:41:09,617:INFO:Initializing predict_model()
2025-08-12 19:41:09,617:INFO:predict_model(self=<pycaret.regression.oop.RegressionExperiment object at 0x0000025A24CC9990>, estimator=Pipeline(memory=Memory(location=None),
         steps=[('numerical_imputer',
                 TransformerWrapper(include=['whh', 'whd', 'wha',
                                             'team_h_difficulty',
                                             'team_a_difficulty',
                                             'percenatge_net_transfers',
                                             'ict_index', 'influence',
                                             'creativity', 'threat', 'starts',
                                             'expected_assists_1',
                                             'expected_goal_involvements_1',
                                             'ict_index_1', 'influence_1',
                                             'creativity_1', 'threat_1',
                                             'minutes_1...
                                    transformer=SelectFromModel(estimator=LGBMRegressor(),
                                                                max_features=23,
                                                                threshold=-inf))),
                ('actual_estimator',
                 VotingRegressor(estimators=[('Random Forest Regressor',
                                              RandomForestRegressor(n_jobs=-1,
                                                                    random_state=6253)),
                                             ('Extra Trees Regressor',
                                              ExtraTreesRegressor(n_jobs=-1,
                                                                  random_state=6253)),
                                             ('Gradient Boosting Regressor',
                                              GradientBoostingRegressor(random_state=6253))],
                                 n_jobs=-1))]), probability_threshold=None, encoded_labels=False, raw_score=False, round=4, verbose=True, ml_usecase=None, preprocess=True, encode_labels=<function _SupervisedExperiment.predict_model.<locals>.encode_labels at 0x0000025A2797F1A0>)
2025-08-12 19:41:09,617:INFO:Checking exceptions
2025-08-12 19:41:09,618:INFO:Preloading libraries
2025-08-12 19:41:09,618:INFO:Set up data.
2025-08-12 19:41:09,739:INFO:Set up index.
2025-08-12 19:41:10,030:WARNING:C:\Users\Ilyas\AppData\Local\Temp\ipykernel_12008\2404194884.py:12: SettingWithCopyWarning: 
A value is trying to be set on a copy of a slice from a DataFrame.
Try using .loc[row_indexer,col_indexer] = value instead

See the caveats in the documentation: https://pandas.pydata.org/pandas-docs/stable/user_guide/indexing.html#returning-a-view-versus-a-copy
  data_36_mid['xA_preds'] = predicted

2025-08-12 19:41:11,205:WARNING:C:\Users\Ilyas\AppData\Local\Temp\ipykernel_12008\353010864.py:3: SettingWithCopyWarning: 
A value is trying to be set on a copy of a slice from a DataFrame

See the caveats in the documentation: https://pandas.pydata.org/pandas-docs/stable/user_guide/indexing.html#returning-a-view-versus-a-copy
  data_37_mid_xa.drop(columns=['position', 'xA'], inplace=True)

2025-08-12 19:41:11,389:INFO:Initializing predict_model()
2025-08-12 19:41:11,389:INFO:predict_model(self=<pycaret.regression.oop.RegressionExperiment object at 0x0000025A24C15610>, estimator=Pipeline(memory=Memory(location=None),
         steps=[('numerical_imputer',
                 TransformerWrapper(include=['whh', 'whd', 'wha',
                                             'team_h_difficulty',
                                             'team_a_difficulty',
                                             'percenatge_net_transfers',
                                             'ict_index', 'influence',
                                             'creativity', 'threat', 'starts',
                                             'expected_assists_1',
                                             'expected_goal_involvements_1',
                                             'ict_index_1', 'influence_1',
                                             'creativity_1', 'threat_1',
                                             'minutes_1...
                                    transformer=SelectFromModel(estimator=LGBMRegressor(),
                                                                max_features=23,
                                                                threshold=-inf))),
                ('actual_estimator',
                 VotingRegressor(estimators=[('Random Forest Regressor',
                                              RandomForestRegressor(n_jobs=-1,
                                                                    random_state=6253)),
                                             ('Extra Trees Regressor',
                                              ExtraTreesRegressor(n_jobs=-1,
                                                                  random_state=6253)),
                                             ('Gradient Boosting Regressor',
                                              GradientBoostingRegressor(random_state=6253))],
                                 n_jobs=-1))]), probability_threshold=None, encoded_labels=False, raw_score=False, round=4, verbose=True, ml_usecase=None, preprocess=True, encode_labels=<function _SupervisedExperiment.predict_model.<locals>.encode_labels at 0x0000025A24C9ECA0>)
2025-08-12 19:41:11,389:INFO:Checking exceptions
2025-08-12 19:41:11,389:INFO:Preloading libraries
2025-08-12 19:41:11,389:INFO:Set up data.
2025-08-12 19:41:11,466:INFO:Set up index.
2025-08-12 19:41:11,808:WARNING:C:\Users\Ilyas\AppData\Local\Temp\ipykernel_12008\353010864.py:12: SettingWithCopyWarning: 
A value is trying to be set on a copy of a slice from a DataFrame.
Try using .loc[row_indexer,col_indexer] = value instead

See the caveats in the documentation: https://pandas.pydata.org/pandas-docs/stable/user_guide/indexing.html#returning-a-view-versus-a-copy
  data_37_mid['xA_preds'] = predicted

2025-08-12 19:41:13,291:WARNING:C:\Users\Ilyas\AppData\Local\Temp\ipykernel_12008\2601050171.py:3: SettingWithCopyWarning: 
A value is trying to be set on a copy of a slice from a DataFrame

See the caveats in the documentation: https://pandas.pydata.org/pandas-docs/stable/user_guide/indexing.html#returning-a-view-versus-a-copy
  data_38_mid_xa.drop(columns=['position', 'xA'], inplace=True)

2025-08-12 19:41:13,422:INFO:Initializing predict_model()
2025-08-12 19:41:13,422:INFO:predict_model(self=<pycaret.regression.oop.RegressionExperiment object at 0x0000025A27CAAE10>, estimator=Pipeline(memory=Memory(location=None),
         steps=[('numerical_imputer',
                 TransformerWrapper(include=['whh', 'whd', 'wha',
                                             'team_h_difficulty',
                                             'team_a_difficulty',
                                             'percenatge_net_transfers',
                                             'ict_index', 'influence',
                                             'creativity', 'threat', 'starts',
                                             'expected_assists_1',
                                             'expected_goal_involvements_1',
                                             'ict_index_1', 'influence_1',
                                             'creativity_1', 'threat_1',
                                             'minutes_1...
                                    transformer=SelectFromModel(estimator=LGBMRegressor(),
                                                                max_features=23,
                                                                threshold=-inf))),
                ('actual_estimator',
                 VotingRegressor(estimators=[('Random Forest Regressor',
                                              RandomForestRegressor(n_jobs=-1,
                                                                    random_state=6253)),
                                             ('Extra Trees Regressor',
                                              ExtraTreesRegressor(n_jobs=-1,
                                                                  random_state=6253)),
                                             ('Gradient Boosting Regressor',
                                              GradientBoostingRegressor(random_state=6253))],
                                 n_jobs=-1))]), probability_threshold=None, encoded_labels=False, raw_score=False, round=4, verbose=True, ml_usecase=None, preprocess=True, encode_labels=<function _SupervisedExperiment.predict_model.<locals>.encode_labels at 0x0000025A175D32E0>)
2025-08-12 19:41:13,422:INFO:Checking exceptions
2025-08-12 19:41:13,422:INFO:Preloading libraries
2025-08-12 19:41:13,422:INFO:Set up data.
2025-08-12 19:41:13,555:INFO:Set up index.
2025-08-12 19:41:13,889:WARNING:C:\Users\Ilyas\AppData\Local\Temp\ipykernel_12008\2601050171.py:12: SettingWithCopyWarning: 
A value is trying to be set on a copy of a slice from a DataFrame.
Try using .loc[row_indexer,col_indexer] = value instead

See the caveats in the documentation: https://pandas.pydata.org/pandas-docs/stable/user_guide/indexing.html#returning-a-view-versus-a-copy
  data_38_mid['xA_preds'] = predicted

2025-08-12 19:41:15,590:INFO:Initializing load_model()
2025-08-12 19:41:15,590:INFO:load_model(model_name=../fwd_xa_final_model, platform=None, authentication=None, verbose=True)
2025-08-12 19:41:15,955:WARNING:C:\Users\Ilyas\AppData\Local\Temp\ipykernel_12008\1637177864.py:3: SettingWithCopyWarning: 
A value is trying to be set on a copy of a slice from a DataFrame

See the caveats in the documentation: https://pandas.pydata.org/pandas-docs/stable/user_guide/indexing.html#returning-a-view-versus-a-copy
  data_36_fwd_xa.drop(columns=['position', 'xA'], inplace=True)

2025-08-12 19:41:16,002:INFO:Initializing predict_model()
2025-08-12 19:41:16,002:INFO:predict_model(self=<pycaret.regression.oop.RegressionExperiment object at 0x0000025A27981850>, estimator=Pipeline(memory=Memory(location=None),
         steps=[('numerical_imputer',
                 TransformerWrapper(include=['whh', 'whd', 'wha',
                                             'team_h_difficulty',
                                             'team_a_difficulty',
                                             'percenatge_net_transfers',
                                             'ict_index', 'influence',
                                             'creativity', 'threat', 'starts',
                                             'expected_assists_1',
                                             'expected_goal_involvements_1',
                                             'ict_index_1', 'influence_1',
                                             'creativity_1', 'threat_1',
                                             'minutes_1...
                                    transformer=SimpleImputer(strategy='most_frequent'))),
                ('remove_multicollinearity',
                 TransformerWrapper(exclude=[],
                                    transformer=RemoveMulticollinearity(threshold=0.9))),
                ('feature_selection',
                 TransformerWrapper(exclude=[],
                                    transformer=SelectFromModel(estimator=LGBMRegressor(),
                                                                max_features=23,
                                                                threshold=-inf))),
                ('actual_estimator',
                 ExtraTreesRegressor(n_jobs=-1, random_state=3056))]), probability_threshold=None, encoded_labels=False, raw_score=False, round=4, verbose=True, ml_usecase=None, preprocess=True, encode_labels=<function _SupervisedExperiment.predict_model.<locals>.encode_labels at 0x0000025A279A9D00>)
2025-08-12 19:41:16,002:INFO:Checking exceptions
2025-08-12 19:41:16,002:INFO:Preloading libraries
2025-08-12 19:41:16,002:INFO:Set up data.
2025-08-12 19:41:16,117:INFO:Set up index.
2025-08-12 19:41:16,468:WARNING:C:\Users\Ilyas\AppData\Local\Temp\ipykernel_12008\1637177864.py:12: SettingWithCopyWarning: 
A value is trying to be set on a copy of a slice from a DataFrame.
Try using .loc[row_indexer,col_indexer] = value instead

See the caveats in the documentation: https://pandas.pydata.org/pandas-docs/stable/user_guide/indexing.html#returning-a-view-versus-a-copy
  data_36_fwd['xA_preds'] = predicted

2025-08-12 19:41:17,189:WARNING:C:\Users\Ilyas\AppData\Local\Temp\ipykernel_12008\1382519671.py:3: SettingWithCopyWarning: 
A value is trying to be set on a copy of a slice from a DataFrame

See the caveats in the documentation: https://pandas.pydata.org/pandas-docs/stable/user_guide/indexing.html#returning-a-view-versus-a-copy
  data_37_fwd_xa.drop(columns=['position', 'xA'], inplace=True)

2025-08-12 19:41:17,236:INFO:Initializing predict_model()
2025-08-12 19:41:17,236:INFO:predict_model(self=<pycaret.regression.oop.RegressionExperiment object at 0x0000025A27CC0C50>, estimator=Pipeline(memory=Memory(location=None),
         steps=[('numerical_imputer',
                 TransformerWrapper(include=['whh', 'whd', 'wha',
                                             'team_h_difficulty',
                                             'team_a_difficulty',
                                             'percenatge_net_transfers',
                                             'ict_index', 'influence',
                                             'creativity', 'threat', 'starts',
                                             'expected_assists_1',
                                             'expected_goal_involvements_1',
                                             'ict_index_1', 'influence_1',
                                             'creativity_1', 'threat_1',
                                             'minutes_1...
                                    transformer=SimpleImputer(strategy='most_frequent'))),
                ('remove_multicollinearity',
                 TransformerWrapper(exclude=[],
                                    transformer=RemoveMulticollinearity(threshold=0.9))),
                ('feature_selection',
                 TransformerWrapper(exclude=[],
                                    transformer=SelectFromModel(estimator=LGBMRegressor(),
                                                                max_features=23,
                                                                threshold=-inf))),
                ('actual_estimator',
                 ExtraTreesRegressor(n_jobs=-1, random_state=3056))]), probability_threshold=None, encoded_labels=False, raw_score=False, round=4, verbose=True, ml_usecase=None, preprocess=True, encode_labels=<function _SupervisedExperiment.predict_model.<locals>.encode_labels at 0x0000025A175D32E0>)
2025-08-12 19:41:17,236:INFO:Checking exceptions
2025-08-12 19:41:17,236:INFO:Preloading libraries
2025-08-12 19:41:17,236:INFO:Set up data.
2025-08-12 19:41:17,360:INFO:Set up index.
2025-08-12 19:41:17,665:WARNING:C:\Users\Ilyas\AppData\Local\Temp\ipykernel_12008\1382519671.py:12: SettingWithCopyWarning: 
A value is trying to be set on a copy of a slice from a DataFrame.
Try using .loc[row_indexer,col_indexer] = value instead

See the caveats in the documentation: https://pandas.pydata.org/pandas-docs/stable/user_guide/indexing.html#returning-a-view-versus-a-copy
  data_37_fwd['xA_preds'] = predicted

2025-08-12 19:41:18,368:WARNING:C:\Users\Ilyas\AppData\Local\Temp\ipykernel_12008\3948311769.py:3: SettingWithCopyWarning: 
A value is trying to be set on a copy of a slice from a DataFrame

See the caveats in the documentation: https://pandas.pydata.org/pandas-docs/stable/user_guide/indexing.html#returning-a-view-versus-a-copy
  data_38_fwd_xa.drop(columns=['position', 'xA'], inplace=True)

2025-08-12 19:41:18,421:INFO:Initializing predict_model()
2025-08-12 19:41:18,421:INFO:predict_model(self=<pycaret.regression.oop.RegressionExperiment object at 0x0000025A27B15110>, estimator=Pipeline(memory=Memory(location=None),
         steps=[('numerical_imputer',
                 TransformerWrapper(include=['whh', 'whd', 'wha',
                                             'team_h_difficulty',
                                             'team_a_difficulty',
                                             'percenatge_net_transfers',
                                             'ict_index', 'influence',
                                             'creativity', 'threat', 'starts',
                                             'expected_assists_1',
                                             'expected_goal_involvements_1',
                                             'ict_index_1', 'influence_1',
                                             'creativity_1', 'threat_1',
                                             'minutes_1...
                                    transformer=SimpleImputer(strategy='most_frequent'))),
                ('remove_multicollinearity',
                 TransformerWrapper(exclude=[],
                                    transformer=RemoveMulticollinearity(threshold=0.9))),
                ('feature_selection',
                 TransformerWrapper(exclude=[],
                                    transformer=SelectFromModel(estimator=LGBMRegressor(),
                                                                max_features=23,
                                                                threshold=-inf))),
                ('actual_estimator',
                 ExtraTreesRegressor(n_jobs=-1, random_state=3056))]), probability_threshold=None, encoded_labels=False, raw_score=False, round=4, verbose=True, ml_usecase=None, preprocess=True, encode_labels=<function _SupervisedExperiment.predict_model.<locals>.encode_labels at 0x0000025A279ABBA0>)
2025-08-12 19:41:18,421:INFO:Checking exceptions
2025-08-12 19:41:18,421:INFO:Preloading libraries
2025-08-12 19:41:18,421:INFO:Set up data.
2025-08-12 19:41:18,570:INFO:Set up index.
2025-08-12 19:41:18,783:WARNING:C:\Users\Ilyas\AppData\Local\Temp\ipykernel_12008\3948311769.py:12: SettingWithCopyWarning: 
A value is trying to be set on a copy of a slice from a DataFrame.
Try using .loc[row_indexer,col_indexer] = value instead

See the caveats in the documentation: https://pandas.pydata.org/pandas-docs/stable/user_guide/indexing.html#returning-a-view-versus-a-copy
  data_38_fwd['xA_preds'] = predicted

2025-08-12 19:41:19,369:INFO:Initializing load_model()
2025-08-12 19:41:19,369:INFO:load_model(model_name=../g_saves_final_model, platform=None, authentication=None, verbose=True)
2025-08-12 19:41:19,624:WARNING:C:\Users\Ilyas\AppData\Local\Temp\ipykernel_12008\127723658.py:3: SettingWithCopyWarning: 
A value is trying to be set on a copy of a slice from a DataFrame

See the caveats in the documentation: https://pandas.pydata.org/pandas-docs/stable/user_guide/indexing.html#returning-a-view-versus-a-copy
  data_36_gk_saves.drop(columns=['position', 'saves'], inplace=True)

2025-08-12 19:41:19,671:INFO:Initializing predict_model()
2025-08-12 19:41:19,671:INFO:predict_model(self=<pycaret.regression.oop.RegressionExperiment object at 0x0000025A24B53990>, estimator=Pipeline(memory=Memory(location=None),
         steps=[('numerical_imputer',
                 TransformerWrapper(include=['whh', 'whd', 'wha',
                                             'team_h_difficulty',
                                             'team_a_difficulty',
                                             'ownership_change',
                                             'percenatge_net_transfers',
                                             'ict_index', 'influence',
                                             'creativity', 'threat',
                                             'clean_sheets_1',
                                             'expected_goals_conceded_1',
                                             'goals_conceded_1',
                                             'goals_scored_1', 'ict_index_1',
                                             'influence_...
                                    transformer=SimpleImputer(strategy='most_frequent'))),
                ('remove_multicollinearity',
                 TransformerWrapper(exclude=[],
                                    transformer=RemoveMulticollinearity(threshold=0.9))),
                ('feature_selection',
                 TransformerWrapper(exclude=[],
                                    transformer=SelectFromModel(estimator=LGBMRegressor(),
                                                                max_features=23,
                                                                threshold=-inf))),
                ('actual_estimator',
                 GradientBoostingRegressor(random_state=8052))]), probability_threshold=None, encoded_labels=False, raw_score=False, round=4, verbose=True, ml_usecase=None, preprocess=True, encode_labels=<function _SupervisedExperiment.predict_model.<locals>.encode_labels at 0x0000025A24CD3060>)
2025-08-12 19:41:19,671:INFO:Checking exceptions
2025-08-12 19:41:19,671:INFO:Preloading libraries
2025-08-12 19:41:19,671:INFO:Set up data.
2025-08-12 19:41:19,815:INFO:Set up index.
2025-08-12 19:41:20,071:WARNING:C:\Users\Ilyas\AppData\Local\Temp\ipykernel_12008\127723658.py:12: SettingWithCopyWarning: 
A value is trying to be set on a copy of a slice from a DataFrame.
Try using .loc[row_indexer,col_indexer] = value instead

See the caveats in the documentation: https://pandas.pydata.org/pandas-docs/stable/user_guide/indexing.html#returning-a-view-versus-a-copy
  data_36_gk['saves_preds'] = predicted

2025-08-12 19:41:20,539:WARNING:C:\Users\Ilyas\AppData\Local\Temp\ipykernel_12008\1962156808.py:3: SettingWithCopyWarning: 
A value is trying to be set on a copy of a slice from a DataFrame

See the caveats in the documentation: https://pandas.pydata.org/pandas-docs/stable/user_guide/indexing.html#returning-a-view-versus-a-copy
  data_37_gk_saves.drop(columns=['position', 'saves'], inplace=True)

2025-08-12 19:41:20,587:INFO:Initializing predict_model()
2025-08-12 19:41:20,602:INFO:predict_model(self=<pycaret.regression.oop.RegressionExperiment object at 0x0000025A27BA15D0>, estimator=Pipeline(memory=Memory(location=None),
         steps=[('numerical_imputer',
                 TransformerWrapper(include=['whh', 'whd', 'wha',
                                             'team_h_difficulty',
                                             'team_a_difficulty',
                                             'ownership_change',
                                             'percenatge_net_transfers',
                                             'ict_index', 'influence',
                                             'creativity', 'threat',
                                             'clean_sheets_1',
                                             'expected_goals_conceded_1',
                                             'goals_conceded_1',
                                             'goals_scored_1', 'ict_index_1',
                                             'influence_...
                                    transformer=SimpleImputer(strategy='most_frequent'))),
                ('remove_multicollinearity',
                 TransformerWrapper(exclude=[],
                                    transformer=RemoveMulticollinearity(threshold=0.9))),
                ('feature_selection',
                 TransformerWrapper(exclude=[],
                                    transformer=SelectFromModel(estimator=LGBMRegressor(),
                                                                max_features=23,
                                                                threshold=-inf))),
                ('actual_estimator',
                 GradientBoostingRegressor(random_state=8052))]), probability_threshold=None, encoded_labels=False, raw_score=False, round=4, verbose=True, ml_usecase=None, preprocess=True, encode_labels=<function _SupervisedExperiment.predict_model.<locals>.encode_labels at 0x0000025A24D0C7C0>)
2025-08-12 19:41:20,602:INFO:Checking exceptions
2025-08-12 19:41:20,603:INFO:Preloading libraries
2025-08-12 19:41:20,604:INFO:Set up data.
2025-08-12 19:41:20,679:INFO:Set up index.
2025-08-12 19:41:20,805:WARNING:C:\Users\Ilyas\AppData\Local\Temp\ipykernel_12008\1962156808.py:12: SettingWithCopyWarning: 
A value is trying to be set on a copy of a slice from a DataFrame.
Try using .loc[row_indexer,col_indexer] = value instead

See the caveats in the documentation: https://pandas.pydata.org/pandas-docs/stable/user_guide/indexing.html#returning-a-view-versus-a-copy
  data_37_gk['saves_preds'] = predicted

2025-08-12 19:41:21,288:WARNING:C:\Users\Ilyas\AppData\Local\Temp\ipykernel_12008\3764586901.py:3: SettingWithCopyWarning: 
A value is trying to be set on a copy of a slice from a DataFrame

See the caveats in the documentation: https://pandas.pydata.org/pandas-docs/stable/user_guide/indexing.html#returning-a-view-versus-a-copy
  data_38_gk_saves.drop(columns=['position', 'saves'], inplace=True)

2025-08-12 19:41:21,350:INFO:Initializing predict_model()
2025-08-12 19:41:21,350:INFO:predict_model(self=<pycaret.regression.oop.RegressionExperiment object at 0x0000025A27B73350>, estimator=Pipeline(memory=Memory(location=None),
         steps=[('numerical_imputer',
                 TransformerWrapper(include=['whh', 'whd', 'wha',
                                             'team_h_difficulty',
                                             'team_a_difficulty',
                                             'ownership_change',
                                             'percenatge_net_transfers',
                                             'ict_index', 'influence',
                                             'creativity', 'threat',
                                             'clean_sheets_1',
                                             'expected_goals_conceded_1',
                                             'goals_conceded_1',
                                             'goals_scored_1', 'ict_index_1',
                                             'influence_...
                                    transformer=SimpleImputer(strategy='most_frequent'))),
                ('remove_multicollinearity',
                 TransformerWrapper(exclude=[],
                                    transformer=RemoveMulticollinearity(threshold=0.9))),
                ('feature_selection',
                 TransformerWrapper(exclude=[],
                                    transformer=SelectFromModel(estimator=LGBMRegressor(),
                                                                max_features=23,
                                                                threshold=-inf))),
                ('actual_estimator',
                 GradientBoostingRegressor(random_state=8052))]), probability_threshold=None, encoded_labels=False, raw_score=False, round=4, verbose=True, ml_usecase=None, preprocess=True, encode_labels=<function _SupervisedExperiment.predict_model.<locals>.encode_labels at 0x0000025A24C89D00>)
2025-08-12 19:41:21,350:INFO:Checking exceptions
2025-08-12 19:41:21,350:INFO:Preloading libraries
2025-08-12 19:41:21,350:INFO:Set up data.
2025-08-12 19:41:21,453:INFO:Set up index.
2025-08-12 19:41:21,588:WARNING:C:\Users\Ilyas\AppData\Local\Temp\ipykernel_12008\3764586901.py:12: SettingWithCopyWarning: 
A value is trying to be set on a copy of a slice from a DataFrame.
Try using .loc[row_indexer,col_indexer] = value instead

See the caveats in the documentation: https://pandas.pydata.org/pandas-docs/stable/user_guide/indexing.html#returning-a-view-versus-a-copy
  data_38_gk['saves_preds'] = predicted

2025-08-12 19:41:22,253:INFO:Initializing load_model()
2025-08-12 19:41:22,253:INFO:load_model(model_name=../g_xgc_final_model, platform=None, authentication=None, verbose=True)
2025-08-12 19:41:22,921:WARNING:C:\Users\Ilyas\AppData\Local\Temp\ipykernel_12008\702450570.py:3: SettingWithCopyWarning: 
A value is trying to be set on a copy of a slice from a DataFrame

See the caveats in the documentation: https://pandas.pydata.org/pandas-docs/stable/user_guide/indexing.html#returning-a-view-versus-a-copy
  data_36_gk_xgc.drop(columns=['position', 'expected_goals_conceded'], inplace=True)

2025-08-12 19:41:23,086:INFO:Initializing predict_model()
2025-08-12 19:41:23,086:INFO:predict_model(self=<pycaret.regression.oop.RegressionExperiment object at 0x0000025A27BEBA90>, estimator=Pipeline(memory=Memory(location=None),
         steps=[('numerical_imputer',
                 TransformerWrapper(include=['whh', 'whd', 'wha',
                                             'team_h_difficulty',
                                             'team_a_difficulty',
                                             'ownership_change',
                                             'percenatge_net_transfers',
                                             'ict_index', 'influence',
                                             'creativity', 'threat',
                                             'clean_sheets_1',
                                             'expected_goals_conceded_1',
                                             'goals_conceded_1', 'ict_index_1',
                                             'influence_1', 'creativity_1'...
                 TransformerWrapper(exclude=[],
                                    transformer=SelectFromModel(estimator=LGBMRegressor(),
                                                                max_features=21,
                                                                threshold=-inf))),
                ('actual_estimator',
                 VotingRegressor(estimators=[('Extra Trees Regressor',
                                              ExtraTreesRegressor(n_jobs=-1,
                                                                  random_state=920)),
                                             ('Random Forest Regressor',
                                              RandomForestRegressor(n_jobs=-1,
                                                                    random_state=920)),
                                             ('Ridge Regression',
                                              Ridge(random_state=920))],
                                 n_jobs=-1))]), probability_threshold=None, encoded_labels=False, raw_score=False, round=4, verbose=True, ml_usecase=None, preprocess=True, encode_labels=<function _SupervisedExperiment.predict_model.<locals>.encode_labels at 0x0000025A1644F740>)
2025-08-12 19:41:23,087:INFO:Checking exceptions
2025-08-12 19:41:23,087:INFO:Preloading libraries
2025-08-12 19:41:23,087:INFO:Set up data.
2025-08-12 19:41:23,185:INFO:Set up index.
2025-08-12 19:41:23,482:WARNING:C:\Users\Ilyas\AppData\Local\Temp\ipykernel_12008\702450570.py:12: SettingWithCopyWarning: 
A value is trying to be set on a copy of a slice from a DataFrame.
Try using .loc[row_indexer,col_indexer] = value instead

See the caveats in the documentation: https://pandas.pydata.org/pandas-docs/stable/user_guide/indexing.html#returning-a-view-versus-a-copy
  data_36_gk['xgc_preds'] = predicted

2025-08-12 19:41:23,905:WARNING:C:\Users\Ilyas\AppData\Local\Temp\ipykernel_12008\1323881549.py:3: SettingWithCopyWarning: 
A value is trying to be set on a copy of a slice from a DataFrame

See the caveats in the documentation: https://pandas.pydata.org/pandas-docs/stable/user_guide/indexing.html#returning-a-view-versus-a-copy
  data_37_gk_xgc.drop(columns=['position', 'expected_goals_conceded'], inplace=True)

2025-08-12 19:41:24,041:INFO:Initializing predict_model()
2025-08-12 19:41:24,041:INFO:predict_model(self=<pycaret.regression.oop.RegressionExperiment object at 0x0000025A23D27DD0>, estimator=Pipeline(memory=Memory(location=None),
         steps=[('numerical_imputer',
                 TransformerWrapper(include=['whh', 'whd', 'wha',
                                             'team_h_difficulty',
                                             'team_a_difficulty',
                                             'ownership_change',
                                             'percenatge_net_transfers',
                                             'ict_index', 'influence',
                                             'creativity', 'threat',
                                             'clean_sheets_1',
                                             'expected_goals_conceded_1',
                                             'goals_conceded_1', 'ict_index_1',
                                             'influence_1', 'creativity_1'...
                 TransformerWrapper(exclude=[],
                                    transformer=SelectFromModel(estimator=LGBMRegressor(),
                                                                max_features=21,
                                                                threshold=-inf))),
                ('actual_estimator',
                 VotingRegressor(estimators=[('Extra Trees Regressor',
                                              ExtraTreesRegressor(n_jobs=-1,
                                                                  random_state=920)),
                                             ('Random Forest Regressor',
                                              RandomForestRegressor(n_jobs=-1,
                                                                    random_state=920)),
                                             ('Ridge Regression',
                                              Ridge(random_state=920))],
                                 n_jobs=-1))]), probability_threshold=None, encoded_labels=False, raw_score=False, round=4, verbose=True, ml_usecase=None, preprocess=True, encode_labels=<function _SupervisedExperiment.predict_model.<locals>.encode_labels at 0x0000025A24C9F560>)
2025-08-12 19:41:24,041:INFO:Checking exceptions
2025-08-12 19:41:24,041:INFO:Preloading libraries
2025-08-12 19:41:24,042:INFO:Set up data.
2025-08-12 19:41:24,136:INFO:Set up index.
2025-08-12 19:41:24,412:WARNING:C:\Users\Ilyas\AppData\Local\Temp\ipykernel_12008\1323881549.py:12: SettingWithCopyWarning: 
A value is trying to be set on a copy of a slice from a DataFrame.
Try using .loc[row_indexer,col_indexer] = value instead

See the caveats in the documentation: https://pandas.pydata.org/pandas-docs/stable/user_guide/indexing.html#returning-a-view-versus-a-copy
  data_37_gk['xgc_preds'] = predicted

2025-08-12 19:41:24,887:WARNING:C:\Users\Ilyas\AppData\Local\Temp\ipykernel_12008\3705190149.py:3: SettingWithCopyWarning: 
A value is trying to be set on a copy of a slice from a DataFrame

See the caveats in the documentation: https://pandas.pydata.org/pandas-docs/stable/user_guide/indexing.html#returning-a-view-versus-a-copy
  data_38_gk_xgc.drop(columns=['position', 'expected_goals_conceded'], inplace=True)

2025-08-12 19:41:24,980:INFO:Initializing predict_model()
2025-08-12 19:41:24,980:INFO:predict_model(self=<pycaret.regression.oop.RegressionExperiment object at 0x0000025A27C89090>, estimator=Pipeline(memory=Memory(location=None),
         steps=[('numerical_imputer',
                 TransformerWrapper(include=['whh', 'whd', 'wha',
                                             'team_h_difficulty',
                                             'team_a_difficulty',
                                             'ownership_change',
                                             'percenatge_net_transfers',
                                             'ict_index', 'influence',
                                             'creativity', 'threat',
                                             'clean_sheets_1',
                                             'expected_goals_conceded_1',
                                             'goals_conceded_1', 'ict_index_1',
                                             'influence_1', 'creativity_1'...
                 TransformerWrapper(exclude=[],
                                    transformer=SelectFromModel(estimator=LGBMRegressor(),
                                                                max_features=21,
                                                                threshold=-inf))),
                ('actual_estimator',
                 VotingRegressor(estimators=[('Extra Trees Regressor',
                                              ExtraTreesRegressor(n_jobs=-1,
                                                                  random_state=920)),
                                             ('Random Forest Regressor',
                                              RandomForestRegressor(n_jobs=-1,
                                                                    random_state=920)),
                                             ('Ridge Regression',
                                              Ridge(random_state=920))],
                                 n_jobs=-1))]), probability_threshold=None, encoded_labels=False, raw_score=False, round=4, verbose=True, ml_usecase=None, preprocess=True, encode_labels=<function _SupervisedExperiment.predict_model.<locals>.encode_labels at 0x0000025A2799ADE0>)
2025-08-12 19:41:24,980:INFO:Checking exceptions
2025-08-12 19:41:24,980:INFO:Preloading libraries
2025-08-12 19:41:24,980:INFO:Set up data.
2025-08-12 19:41:25,102:INFO:Set up index.
2025-08-12 19:41:25,432:WARNING:C:\Users\Ilyas\AppData\Local\Temp\ipykernel_12008\3705190149.py:12: SettingWithCopyWarning: 
A value is trying to be set on a copy of a slice from a DataFrame.
Try using .loc[row_indexer,col_indexer] = value instead

See the caveats in the documentation: https://pandas.pydata.org/pandas-docs/stable/user_guide/indexing.html#returning-a-view-versus-a-copy
  data_38_gk['xgc_preds'] = predicted

2025-08-12 19:41:25,953:INFO:Initializing load_model()
2025-08-12 19:41:25,953:INFO:load_model(model_name=../def_xgc_final_model, platform=None, authentication=None, verbose=True)
2025-08-12 19:41:27,404:WARNING:C:\Users\Ilyas\AppData\Local\Temp\ipykernel_12008\1970645865.py:3: SettingWithCopyWarning: 
A value is trying to be set on a copy of a slice from a DataFrame

See the caveats in the documentation: https://pandas.pydata.org/pandas-docs/stable/user_guide/indexing.html#returning-a-view-versus-a-copy
  data_36_def_xgc.drop(columns=['position', 'expected_goals_conceded'], inplace=True)

2025-08-12 19:41:27,548:INFO:Initializing predict_model()
2025-08-12 19:41:27,548:INFO:predict_model(self=<pycaret.regression.oop.RegressionExperiment object at 0x0000025A279DFF90>, estimator=Pipeline(memory=Memory(location=None),
         steps=[('numerical_imputer',
                 TransformerWrapper(include=['whh', 'whd', 'wha',
                                             'team_h_difficulty',
                                             'team_a_difficulty',
                                             'ownership_change',
                                             'percenatge_net_transfers',
                                             'ict_index', 'influence',
                                             'creativity', 'threat',
                                             'clean_sheets_1',
                                             'expected_goals_conceded_1',
                                             'goals_conceded_1', 'ict_index_1',
                                             'influence_1', 'creativity_1'...
                                                                max_features=21,
                                                                threshold=-inf))),
                ('actual_estimator',
                 VotingRegressor(estimators=[('Extra Trees Regressor',
                                              ExtraTreesRegressor(n_jobs=-1,
                                                                  random_state=5063)),
                                             ('Light Gradient Boosting Machine',
                                              LGBMRegressor(n_jobs=-1,
                                                            random_state=5063)),
                                             ('Random Forest Regressor',
                                              RandomForestRegressor(n_jobs=-1,
                                                                    random_state=5063))],
                                 n_jobs=-1,
                                 weights=[0.8400000000000001, 0.54, 0.31]))]), probability_threshold=None, encoded_labels=False, raw_score=False, round=4, verbose=True, ml_usecase=None, preprocess=True, encode_labels=<function _SupervisedExperiment.predict_model.<locals>.encode_labels at 0x0000025A24D0FBA0>)
2025-08-12 19:41:27,548:INFO:Checking exceptions
2025-08-12 19:41:27,548:INFO:Preloading libraries
2025-08-12 19:41:27,548:INFO:Set up data.
2025-08-12 19:41:27,647:INFO:Set up index.
2025-08-12 19:41:27,975:WARNING:C:\Users\Ilyas\AppData\Local\Temp\ipykernel_12008\1970645865.py:12: SettingWithCopyWarning: 
A value is trying to be set on a copy of a slice from a DataFrame.
Try using .loc[row_indexer,col_indexer] = value instead

See the caveats in the documentation: https://pandas.pydata.org/pandas-docs/stable/user_guide/indexing.html#returning-a-view-versus-a-copy
  data_36_def['xgc_preds'] = predicted

2025-08-12 19:41:29,390:WARNING:C:\Users\Ilyas\AppData\Local\Temp\ipykernel_12008\1602403833.py:3: SettingWithCopyWarning: 
A value is trying to be set on a copy of a slice from a DataFrame

See the caveats in the documentation: https://pandas.pydata.org/pandas-docs/stable/user_guide/indexing.html#returning-a-view-versus-a-copy
  data_37_def_xgc.drop(columns=['position', 'expected_goals_conceded'], inplace=True)

2025-08-12 19:41:29,552:INFO:Initializing predict_model()
2025-08-12 19:41:29,552:INFO:predict_model(self=<pycaret.regression.oop.RegressionExperiment object at 0x0000025A27BF5290>, estimator=Pipeline(memory=Memory(location=None),
         steps=[('numerical_imputer',
                 TransformerWrapper(include=['whh', 'whd', 'wha',
                                             'team_h_difficulty',
                                             'team_a_difficulty',
                                             'ownership_change',
                                             'percenatge_net_transfers',
                                             'ict_index', 'influence',
                                             'creativity', 'threat',
                                             'clean_sheets_1',
                                             'expected_goals_conceded_1',
                                             'goals_conceded_1', 'ict_index_1',
                                             'influence_1', 'creativity_1'...
                                                                max_features=21,
                                                                threshold=-inf))),
                ('actual_estimator',
                 VotingRegressor(estimators=[('Extra Trees Regressor',
                                              ExtraTreesRegressor(n_jobs=-1,
                                                                  random_state=5063)),
                                             ('Light Gradient Boosting Machine',
                                              LGBMRegressor(n_jobs=-1,
                                                            random_state=5063)),
                                             ('Random Forest Regressor',
                                              RandomForestRegressor(n_jobs=-1,
                                                                    random_state=5063))],
                                 n_jobs=-1,
                                 weights=[0.8400000000000001, 0.54, 0.31]))]), probability_threshold=None, encoded_labels=False, raw_score=False, round=4, verbose=True, ml_usecase=None, preprocess=True, encode_labels=<function _SupervisedExperiment.predict_model.<locals>.encode_labels at 0x0000025A24D0E160>)
2025-08-12 19:41:29,552:INFO:Checking exceptions
2025-08-12 19:41:29,552:INFO:Preloading libraries
2025-08-12 19:41:29,552:INFO:Set up data.
2025-08-12 19:41:29,653:INFO:Set up index.
2025-08-12 19:41:29,969:WARNING:C:\Users\Ilyas\AppData\Local\Temp\ipykernel_12008\1602403833.py:12: SettingWithCopyWarning: 
A value is trying to be set on a copy of a slice from a DataFrame.
Try using .loc[row_indexer,col_indexer] = value instead

See the caveats in the documentation: https://pandas.pydata.org/pandas-docs/stable/user_guide/indexing.html#returning-a-view-versus-a-copy
  data_37_def['xgc_preds'] = predicted

2025-08-12 19:41:31,303:WARNING:C:\Users\Ilyas\AppData\Local\Temp\ipykernel_12008\1141747292.py:3: SettingWithCopyWarning: 
A value is trying to be set on a copy of a slice from a DataFrame

See the caveats in the documentation: https://pandas.pydata.org/pandas-docs/stable/user_guide/indexing.html#returning-a-view-versus-a-copy
  data_38_def_xgc.drop(columns=['position', 'expected_goals_conceded'], inplace=True)

2025-08-12 19:41:31,426:INFO:Initializing predict_model()
2025-08-12 19:41:31,450:INFO:predict_model(self=<pycaret.regression.oop.RegressionExperiment object at 0x0000025A27A722D0>, estimator=Pipeline(memory=Memory(location=None),
         steps=[('numerical_imputer',
                 TransformerWrapper(include=['whh', 'whd', 'wha',
                                             'team_h_difficulty',
                                             'team_a_difficulty',
                                             'ownership_change',
                                             'percenatge_net_transfers',
                                             'ict_index', 'influence',
                                             'creativity', 'threat',
                                             'clean_sheets_1',
                                             'expected_goals_conceded_1',
                                             'goals_conceded_1', 'ict_index_1',
                                             'influence_1', 'creativity_1'...
                                                                max_features=21,
                                                                threshold=-inf))),
                ('actual_estimator',
                 VotingRegressor(estimators=[('Extra Trees Regressor',
                                              ExtraTreesRegressor(n_jobs=-1,
                                                                  random_state=5063)),
                                             ('Light Gradient Boosting Machine',
                                              LGBMRegressor(n_jobs=-1,
                                                            random_state=5063)),
                                             ('Random Forest Regressor',
                                              RandomForestRegressor(n_jobs=-1,
                                                                    random_state=5063))],
                                 n_jobs=-1,
                                 weights=[0.8400000000000001, 0.54, 0.31]))]), probability_threshold=None, encoded_labels=False, raw_score=False, round=4, verbose=True, ml_usecase=None, preprocess=True, encode_labels=<function _SupervisedExperiment.predict_model.<locals>.encode_labels at 0x0000025A24CD22A0>)
2025-08-12 19:41:31,451:INFO:Checking exceptions
2025-08-12 19:41:31,451:INFO:Preloading libraries
2025-08-12 19:41:31,451:INFO:Set up data.
2025-08-12 19:41:31,527:INFO:Set up index.
2025-08-12 19:41:31,873:WARNING:C:\Users\Ilyas\AppData\Local\Temp\ipykernel_12008\1141747292.py:12: SettingWithCopyWarning: 
A value is trying to be set on a copy of a slice from a DataFrame.
Try using .loc[row_indexer,col_indexer] = value instead

See the caveats in the documentation: https://pandas.pydata.org/pandas-docs/stable/user_guide/indexing.html#returning-a-view-versus-a-copy
  data_38_def['xgc_preds'] = predicted

2025-08-12 19:41:33,236:WARNING:C:\Users\Ilyas\AppData\Local\Temp\ipykernel_12008\4169562541.py:6: SettingWithCopyWarning: 
A value is trying to be set on a copy of a slice from a DataFrame.
Try using .loc[row_indexer,col_indexer] = value instead

See the caveats in the documentation: https://pandas.pydata.org/pandas-docs/stable/user_guide/indexing.html#returning-a-view-versus-a-copy
  data_36[cols_to_add] = preds_36[cols_to_add]

2025-08-12 19:41:33,236:WARNING:C:\Users\Ilyas\AppData\Local\Temp\ipykernel_12008\4169562541.py:6: SettingWithCopyWarning: 
A value is trying to be set on a copy of a slice from a DataFrame.
Try using .loc[row_indexer,col_indexer] = value instead

See the caveats in the documentation: https://pandas.pydata.org/pandas-docs/stable/user_guide/indexing.html#returning-a-view-versus-a-copy
  data_36[cols_to_add] = preds_36[cols_to_add]

2025-08-12 19:41:33,283:WARNING:C:\Users\Ilyas\AppData\Local\Temp\ipykernel_12008\4169562541.py:6: SettingWithCopyWarning: 
A value is trying to be set on a copy of a slice from a DataFrame.
Try using .loc[row_indexer,col_indexer] = value instead

See the caveats in the documentation: https://pandas.pydata.org/pandas-docs/stable/user_guide/indexing.html#returning-a-view-versus-a-copy
  data_36[cols_to_add] = preds_36[cols_to_add]

2025-08-12 19:41:33,283:WARNING:C:\Users\Ilyas\AppData\Local\Temp\ipykernel_12008\4169562541.py:6: SettingWithCopyWarning: 
A value is trying to be set on a copy of a slice from a DataFrame.
Try using .loc[row_indexer,col_indexer] = value instead

See the caveats in the documentation: https://pandas.pydata.org/pandas-docs/stable/user_guide/indexing.html#returning-a-view-versus-a-copy
  data_36[cols_to_add] = preds_36[cols_to_add]

2025-08-12 19:41:33,517:WARNING:C:\Users\Ilyas\AppData\Local\Temp\ipykernel_12008\4169562541.py:14: SettingWithCopyWarning: 
A value is trying to be set on a copy of a slice from a DataFrame.
Try using .loc[row_indexer,col_indexer] = value instead

See the caveats in the documentation: https://pandas.pydata.org/pandas-docs/stable/user_guide/indexing.html#returning-a-view-versus-a-copy
  data_37[cols_to_add] = preds_37[cols_to_add]

2025-08-12 19:41:33,518:WARNING:C:\Users\Ilyas\AppData\Local\Temp\ipykernel_12008\4169562541.py:14: SettingWithCopyWarning: 
A value is trying to be set on a copy of a slice from a DataFrame.
Try using .loc[row_indexer,col_indexer] = value instead

See the caveats in the documentation: https://pandas.pydata.org/pandas-docs/stable/user_guide/indexing.html#returning-a-view-versus-a-copy
  data_37[cols_to_add] = preds_37[cols_to_add]

2025-08-12 19:41:33,518:WARNING:C:\Users\Ilyas\AppData\Local\Temp\ipykernel_12008\4169562541.py:14: SettingWithCopyWarning: 
A value is trying to be set on a copy of a slice from a DataFrame.
Try using .loc[row_indexer,col_indexer] = value instead

See the caveats in the documentation: https://pandas.pydata.org/pandas-docs/stable/user_guide/indexing.html#returning-a-view-versus-a-copy
  data_37[cols_to_add] = preds_37[cols_to_add]

2025-08-12 19:41:33,518:WARNING:C:\Users\Ilyas\AppData\Local\Temp\ipykernel_12008\4169562541.py:14: SettingWithCopyWarning: 
A value is trying to be set on a copy of a slice from a DataFrame.
Try using .loc[row_indexer,col_indexer] = value instead

See the caveats in the documentation: https://pandas.pydata.org/pandas-docs/stable/user_guide/indexing.html#returning-a-view-versus-a-copy
  data_37[cols_to_add] = preds_37[cols_to_add]

2025-08-12 19:41:33,701:WARNING:C:\Users\Ilyas\AppData\Local\Temp\ipykernel_12008\4169562541.py:22: SettingWithCopyWarning: 
A value is trying to be set on a copy of a slice from a DataFrame.
Try using .loc[row_indexer,col_indexer] = value instead

See the caveats in the documentation: https://pandas.pydata.org/pandas-docs/stable/user_guide/indexing.html#returning-a-view-versus-a-copy
  data_38[cols_to_add] = preds_38[cols_to_add]

2025-08-12 19:41:33,701:WARNING:C:\Users\Ilyas\AppData\Local\Temp\ipykernel_12008\4169562541.py:22: SettingWithCopyWarning: 
A value is trying to be set on a copy of a slice from a DataFrame.
Try using .loc[row_indexer,col_indexer] = value instead

See the caveats in the documentation: https://pandas.pydata.org/pandas-docs/stable/user_guide/indexing.html#returning-a-view-versus-a-copy
  data_38[cols_to_add] = preds_38[cols_to_add]

2025-08-12 19:41:33,718:WARNING:C:\Users\Ilyas\AppData\Local\Temp\ipykernel_12008\4169562541.py:22: SettingWithCopyWarning: 
A value is trying to be set on a copy of a slice from a DataFrame.
Try using .loc[row_indexer,col_indexer] = value instead

See the caveats in the documentation: https://pandas.pydata.org/pandas-docs/stable/user_guide/indexing.html#returning-a-view-versus-a-copy
  data_38[cols_to_add] = preds_38[cols_to_add]

2025-08-12 19:41:33,718:WARNING:C:\Users\Ilyas\AppData\Local\Temp\ipykernel_12008\4169562541.py:22: SettingWithCopyWarning: 
A value is trying to be set on a copy of a slice from a DataFrame.
Try using .loc[row_indexer,col_indexer] = value instead

See the caveats in the documentation: https://pandas.pydata.org/pandas-docs/stable/user_guide/indexing.html#returning-a-view-versus-a-copy
  data_38[cols_to_add] = preds_38[cols_to_add]

2025-08-12 19:42:08,896:WARNING:
'cuml' is a soft dependency and not included in the pycaret installation. Please run: `pip install cuml` to install.
2025-08-12 19:42:08,896:WARNING:
'cuml' is a soft dependency and not included in the pycaret installation. Please run: `pip install cuml` to install.
2025-08-12 19:42:08,896:WARNING:
'cuml' is a soft dependency and not included in the pycaret installation. Please run: `pip install cuml` to install.
2025-08-12 19:42:08,896:WARNING:
'cuml' is a soft dependency and not included in the pycaret installation. Please run: `pip install cuml` to install.
2025-08-12 19:43:15,964:INFO:PyCaret ClassificationExperiment
2025-08-12 19:43:15,964:INFO:Logging name: clf-default-name
2025-08-12 19:43:15,964:INFO:ML Usecase: MLUsecase.CLASSIFICATION
2025-08-12 19:43:15,964:INFO:version 3.3.2
2025-08-12 19:43:15,964:INFO:Initializing setup()
2025-08-12 19:43:15,964:INFO:self.USI: 5be6
2025-08-12 19:43:15,964:INFO:self._variable_keys: {'X_train', 'idx', 'fix_imbalance', 'is_multiclass', 'fold_generator', 'target_param', 'gpu_n_jobs_param', 'exp_id', 'y_test', 'fold_groups_param', 'y', 'X', 'X_test', '_ml_usecase', 'logging_param', 'exp_name_log', '_available_plots', 'y_train', 'n_jobs_param', 'data', 'fold_shuffle_param', 'pipeline', 'seed', 'log_plots_param', 'memory', 'html_param', 'USI', 'gpu_param'}
2025-08-12 19:43:15,964:INFO:Checking environment
2025-08-12 19:43:15,964:INFO:python_version: 3.11.11
2025-08-12 19:43:15,964:INFO:python_build: ('main', 'Dec 11 2024 16:34:19')
2025-08-12 19:43:15,964:INFO:machine: AMD64
2025-08-12 19:43:15,964:INFO:platform: Windows-10-10.0.22631-SP0
2025-08-12 19:43:15,964:INFO:Memory: svmem(total=17067888640, available=2993233920, percent=82.5, used=14074654720, free=2993233920)
2025-08-12 19:43:15,964:INFO:Physical Core: 2
2025-08-12 19:43:15,964:INFO:Logical Core: 4
2025-08-12 19:43:15,964:INFO:Checking libraries
2025-08-12 19:43:15,964:INFO:System:
2025-08-12 19:43:15,964:INFO:    python: 3.11.11 | packaged by Anaconda, Inc. | (main, Dec 11 2024, 16:34:19) [MSC v.1929 64 bit (AMD64)]
2025-08-12 19:43:15,964:INFO:executable: c:\Users\Ilyas\anaconda3\envs\Pycaret\python.exe
2025-08-12 19:43:15,964:INFO:   machine: Windows-10-10.0.22631-SP0
2025-08-12 19:43:15,964:INFO:PyCaret required dependencies:
2025-08-12 19:43:15,964:INFO:                 pip: 25.0
2025-08-12 19:43:15,964:INFO:          setuptools: 65.5.0
2025-08-12 19:43:15,964:INFO:             pycaret: 3.3.2
2025-08-12 19:43:15,964:INFO:             IPython: 8.30.0
2025-08-12 19:43:15,964:INFO:          ipywidgets: 8.1.5
2025-08-12 19:43:15,964:INFO:                tqdm: 4.67.1
2025-08-12 19:43:15,964:INFO:               numpy: 1.26.4
2025-08-12 19:43:15,964:INFO:              pandas: 2.1.4
2025-08-12 19:43:15,964:INFO:              jinja2: 3.1.5
2025-08-12 19:43:15,964:INFO:               scipy: 1.11.4
2025-08-12 19:43:15,964:INFO:              joblib: 1.3.2
2025-08-12 19:43:15,964:INFO:             sklearn: 1.4.2
2025-08-12 19:43:15,964:INFO:                pyod: 2.0.3
2025-08-12 19:43:15,964:INFO:            imblearn: 0.13.0
2025-08-12 19:43:15,964:INFO:   category_encoders: 2.7.0
2025-08-12 19:43:15,964:INFO:            lightgbm: 4.6.0
2025-08-12 19:43:15,964:INFO:               numba: 0.61.0
2025-08-12 19:43:15,964:INFO:            requests: 2.32.3
2025-08-12 19:43:15,964:INFO:          matplotlib: 3.7.5
2025-08-12 19:43:15,964:INFO:          scikitplot: 0.3.7
2025-08-12 19:43:15,964:INFO:         yellowbrick: 1.5
2025-08-12 19:43:15,964:INFO:              plotly: 5.24.1
2025-08-12 19:43:15,964:INFO:    plotly-resampler: Not installed
2025-08-12 19:43:15,964:INFO:             kaleido: 0.2.1
2025-08-12 19:43:15,964:INFO:           schemdraw: 0.15
2025-08-12 19:43:15,964:INFO:         statsmodels: 0.14.4
2025-08-12 19:43:15,964:INFO:              sktime: 0.26.0
2025-08-12 19:43:15,964:INFO:               tbats: 1.1.3
2025-08-12 19:43:15,964:INFO:            pmdarima: 2.0.4
2025-08-12 19:43:15,964:INFO:              psutil: 5.9.0
2025-08-12 19:43:15,964:INFO:          markupsafe: 3.0.2
2025-08-12 19:43:15,964:INFO:             pickle5: Not installed
2025-08-12 19:43:15,964:INFO:         cloudpickle: 3.0.0
2025-08-12 19:43:15,964:INFO:         deprecation: 2.1.0
2025-08-12 19:43:15,964:INFO:              xxhash: 3.5.0
2025-08-12 19:43:15,964:INFO:           wurlitzer: Not installed
2025-08-12 19:43:15,964:INFO:PyCaret optional dependencies:
2025-08-12 19:43:16,064:INFO:                shap: Not installed
2025-08-12 19:43:16,064:INFO:           interpret: Not installed
2025-08-12 19:43:16,064:INFO:                umap: Not installed
2025-08-12 19:43:16,064:INFO:     ydata_profiling: Not installed
2025-08-12 19:43:16,064:INFO:  explainerdashboard: Not installed
2025-08-12 19:43:16,064:INFO:             autoviz: Not installed
2025-08-12 19:43:16,064:INFO:           fairlearn: Not installed
2025-08-12 19:43:16,064:INFO:          deepchecks: Not installed
2025-08-12 19:43:16,064:INFO:             xgboost: 2.1.1
2025-08-12 19:43:16,064:INFO:            catboost: Not installed
2025-08-12 19:43:16,064:INFO:              kmodes: Not installed
2025-08-12 19:43:16,064:INFO:             mlxtend: Not installed
2025-08-12 19:43:16,064:INFO:       statsforecast: Not installed
2025-08-12 19:43:16,064:INFO:        tune_sklearn: Not installed
2025-08-12 19:43:16,064:INFO:                 ray: Not installed
2025-08-12 19:43:16,064:INFO:            hyperopt: 0.2.7
2025-08-12 19:43:16,064:INFO:              optuna: 4.3.0
2025-08-12 19:43:16,064:INFO:               skopt: 0.10.2
2025-08-12 19:43:16,064:INFO:              mlflow: Not installed
2025-08-12 19:43:16,064:INFO:              gradio: Not installed
2025-08-12 19:43:16,064:INFO:             fastapi: Not installed
2025-08-12 19:43:16,064:INFO:             uvicorn: Not installed
2025-08-12 19:43:16,064:INFO:              m2cgen: Not installed
2025-08-12 19:43:16,064:INFO:           evidently: Not installed
2025-08-12 19:43:16,064:INFO:               fugue: Not installed
2025-08-12 19:43:16,064:INFO:           streamlit: Not installed
2025-08-12 19:43:16,064:INFO:             prophet: Not installed
2025-08-12 19:43:16,064:INFO:None
2025-08-12 19:43:16,064:INFO:Set up data.
2025-08-12 19:43:16,098:INFO:Set up folding strategy.
2025-08-12 19:43:16,098:INFO:Set up train/test split.
2025-08-12 19:43:16,114:INFO:Set up index.
2025-08-12 19:43:16,114:INFO:Assigning column types.
2025-08-12 19:43:16,148:INFO:Engine successfully changes for model 'lr' to 'sklearn'.
2025-08-12 19:43:16,214:INFO:Engine for model 'knn' has not been set explicitly, hence returning None.
2025-08-12 19:43:16,234:INFO:Engine for model 'rbfsvm' has not been set explicitly, hence returning None.
2025-08-12 19:43:16,281:INFO:Soft dependency imported: xgboost: 2.1.1
2025-08-12 19:43:16,281:WARNING:
'catboost' is a soft dependency and not included in the pycaret installation. Please run: `pip install catboost` to install.
Alternately, you can install this by running `pip install pycaret[models]`
2025-08-12 19:43:16,354:INFO:Engine for model 'knn' has not been set explicitly, hence returning None.
2025-08-12 19:43:16,354:INFO:Engine for model 'rbfsvm' has not been set explicitly, hence returning None.
2025-08-12 19:43:16,381:INFO:Soft dependency imported: xgboost: 2.1.1
2025-08-12 19:43:16,381:WARNING:
'catboost' is a soft dependency and not included in the pycaret installation. Please run: `pip install catboost` to install.
Alternately, you can install this by running `pip install pycaret[models]`
2025-08-12 19:43:16,381:INFO:Engine successfully changes for model 'knn' to 'sklearn'.
2025-08-12 19:43:16,464:INFO:Engine for model 'rbfsvm' has not been set explicitly, hence returning None.
2025-08-12 19:43:16,499:INFO:Soft dependency imported: xgboost: 2.1.1
2025-08-12 19:43:16,499:WARNING:
'catboost' is a soft dependency and not included in the pycaret installation. Please run: `pip install catboost` to install.
Alternately, you can install this by running `pip install pycaret[models]`
2025-08-12 19:43:16,598:INFO:Engine for model 'rbfsvm' has not been set explicitly, hence returning None.
2025-08-12 19:43:16,631:INFO:Soft dependency imported: xgboost: 2.1.1
2025-08-12 19:43:16,631:WARNING:
'catboost' is a soft dependency and not included in the pycaret installation. Please run: `pip install catboost` to install.
Alternately, you can install this by running `pip install pycaret[models]`
2025-08-12 19:43:16,631:INFO:Engine successfully changes for model 'rbfsvm' to 'sklearn'.
2025-08-12 19:43:16,732:INFO:Soft dependency imported: xgboost: 2.1.1
2025-08-12 19:43:16,732:WARNING:
'catboost' is a soft dependency and not included in the pycaret installation. Please run: `pip install catboost` to install.
Alternately, you can install this by running `pip install pycaret[models]`
2025-08-12 19:43:16,831:INFO:Soft dependency imported: xgboost: 2.1.1
2025-08-12 19:43:16,831:WARNING:
'catboost' is a soft dependency and not included in the pycaret installation. Please run: `pip install catboost` to install.
Alternately, you can install this by running `pip install pycaret[models]`
2025-08-12 19:43:16,831:INFO:Preparing preprocessing pipeline...
2025-08-12 19:43:16,848:INFO:Set up simple imputation.
2025-08-12 19:43:17,131:INFO:Finished creating preprocessing pipeline.
2025-08-12 19:43:17,131:INFO:Pipeline: Pipeline(memory=FastMemory(location=C:\Users\Ilyas\AppData\Local\Temp\joblib),
         steps=[('numerical_imputer',
                 TransformerWrapper(exclude=None,
                                    include=['whh', 'whd', 'wha',
                                             'team_h_difficulty',
                                             'team_a_difficulty',
                                             'ownership_change',
                                             'percenatge_net_transfers',
                                             'ict_index', 'creativity',
                                             'threat', 'clean_sheets_1',
                                             'expected_goals_conceded_1',
                                             'goals_conceded_1',
                                             '...
                                    transformer=SimpleImputer(add_indicator=False,
                                                              copy=True,
                                                              fill_value=None,
                                                              keep_empty_features=False,
                                                              missing_values=nan,
                                                              strategy='mean'))),
                ('categorical_imputer',
                 TransformerWrapper(exclude=None, include=[],
                                    transformer=SimpleImputer(add_indicator=False,
                                                              copy=True,
                                                              fill_value=None,
                                                              keep_empty_features=False,
                                                              missing_values=nan,
                                                              strategy='most_frequent')))],
         verbose=False)
2025-08-12 19:43:17,131:INFO:Creating final display dataframe.
2025-08-12 19:43:17,406:INFO:Setup _display_container:                     Description             Value
0                    Session id               123
1                        Target      clean_sheets
2                   Target type        Multiclass
3           Original data shape       (11077, 48)
4        Transformed data shape       (11077, 48)
5   Transformed train set shape        (7753, 48)
6    Transformed test set shape        (3324, 48)
7              Numeric features                47
8      Rows with missing values             21.8%
9                    Preprocess              True
10              Imputation type            simple
11           Numeric imputation              mean
12       Categorical imputation              mode
13               Fold Generator   StratifiedKFold
14                  Fold Number                10
15                     CPU Jobs                -1
16                      Use GPU             False
17               Log Experiment             False
18              Experiment Name  clf-default-name
19                          USI              5be6
2025-08-12 19:43:17,531:INFO:Soft dependency imported: xgboost: 2.1.1
2025-08-12 19:43:17,531:WARNING:
'catboost' is a soft dependency and not included in the pycaret installation. Please run: `pip install catboost` to install.
Alternately, you can install this by running `pip install pycaret[models]`
2025-08-12 19:43:17,647:INFO:Soft dependency imported: xgboost: 2.1.1
2025-08-12 19:43:17,647:WARNING:
'catboost' is a soft dependency and not included in the pycaret installation. Please run: `pip install catboost` to install.
Alternately, you can install this by running `pip install pycaret[models]`
2025-08-12 19:43:17,647:INFO:setup() successfully completed in 2.25s...............
2025-08-12 19:43:17,665:INFO:Initializing predict_model()
2025-08-12 19:43:17,665:INFO:predict_model(self=<pycaret.classification.oop.ClassificationExperiment object at 0x00000183C87744D0>, estimator=Pipeline(memory=Memory(location=None),
         steps=[('numerical_imputer',
                 TransformerWrapper(exclude=None,
                                    include=['whh', 'whd', 'wha',
                                             'team_h_difficulty',
                                             'team_a_difficulty',
                                             'ownership_change',
                                             'percenatge_net_transfers',
                                             'ict_index', 'influence',
                                             'creativity', 'threat',
                                             'clean_sheets_1',
                                             'expected_goals_conceded_1',
                                             'goals_conceded_1',
                                             'goals_scored_1', 'ict_index_1...
                 TransformerWrapper(exclude=None, include=None,
                                    transformer=StandardScaler(copy=True,
                                                               with_mean=True,
                                                               with_std=True))),
                ('actual_estimator',
                 LogisticRegression(C=1.0, class_weight=None, dual=False,
                                    fit_intercept=True, intercept_scaling=1,
                                    l1_ratio=None, max_iter=1000,
                                    multi_class='auto', n_jobs=None,
                                    penalty='l2', random_state=2248,
                                    solver='lbfgs', tol=0.0001, verbose=0,
                                    warm_start=False))],
         verbose=False), probability_threshold=None, encoded_labels=False, raw_score=False, round=4, verbose=True, ml_usecase=None, preprocess=True, encode_labels=<function _SupervisedExperiment.predict_model.<locals>.encode_labels at 0x00000183CAFF7B00>)
2025-08-12 19:43:17,665:INFO:Checking exceptions
2025-08-12 19:43:17,665:INFO:Preloading libraries
2025-08-12 19:43:17,665:INFO:Set up data.
2025-08-12 19:43:17,681:INFO:Set up index.
2025-08-12 19:58:49,339:INFO:Initializing predict_model()
2025-08-12 19:58:49,339:INFO:predict_model(self=<pycaret.classification.oop.ClassificationExperiment object at 0x00000183C87744D0>, estimator=Pipeline(memory=Memory(location=None),
         steps=[('numerical_imputer',
                 TransformerWrapper(exclude=None,
                                    include=['whh', 'whd', 'wha',
                                             'team_h_difficulty',
                                             'team_a_difficulty',
                                             'ownership_change',
                                             'percenatge_net_transfers',
                                             'ict_index', 'influence',
                                             'creativity', 'threat',
                                             'clean_sheets_1',
                                             'expected_goals_conceded_1',
                                             'goals_conceded_1',
                                             'goals_scored_1', 'ict_index_1...
                 TransformerWrapper(exclude=None, include=None,
                                    transformer=StandardScaler(copy=True,
                                                               with_mean=True,
                                                               with_std=True))),
                ('actual_estimator',
                 LogisticRegression(C=1.0, class_weight=None, dual=False,
                                    fit_intercept=True, intercept_scaling=1,
                                    l1_ratio=None, max_iter=1000,
                                    multi_class='auto', n_jobs=None,
                                    penalty='l2', random_state=2248,
                                    solver='lbfgs', tol=0.0001, verbose=0,
                                    warm_start=False))],
         verbose=False), probability_threshold=None, encoded_labels=False, raw_score=False, round=4, verbose=True, ml_usecase=None, preprocess=True, encode_labels=<function _SupervisedExperiment.predict_model.<locals>.encode_labels at 0x00000183BAA2F7E0>)
2025-08-12 19:58:49,339:INFO:Checking exceptions
2025-08-12 19:58:49,339:INFO:Preloading libraries
2025-08-12 19:58:49,339:INFO:Set up data.
2025-08-12 19:58:49,416:INFO:Set up index.
2025-08-12 20:00:33,448:INFO:Initializing predict_model()
2025-08-12 20:00:33,448:INFO:predict_model(self=<pycaret.classification.oop.ClassificationExperiment object at 0x00000183C87744D0>, estimator=Pipeline(memory=Memory(location=None),
         steps=[('numerical_imputer',
                 TransformerWrapper(exclude=None,
                                    include=['whh', 'whd', 'wha',
                                             'team_h_difficulty',
                                             'team_a_difficulty',
                                             'ownership_change',
                                             'percenatge_net_transfers',
                                             'ict_index', 'influence',
                                             'creativity', 'threat',
                                             'clean_sheets_1',
                                             'expected_goals_conceded_1',
                                             'goals_conceded_1',
                                             'goals_scored_1', 'ict_index_1...
                 TransformerWrapper(exclude=None, include=None,
                                    transformer=StandardScaler(copy=True,
                                                               with_mean=True,
                                                               with_std=True))),
                ('actual_estimator',
                 LogisticRegression(C=1.0, class_weight=None, dual=False,
                                    fit_intercept=True, intercept_scaling=1,
                                    l1_ratio=None, max_iter=1000,
                                    multi_class='auto', n_jobs=None,
                                    penalty='l2', random_state=2248,
                                    solver='lbfgs', tol=0.0001, verbose=0,
                                    warm_start=False))],
         verbose=False), probability_threshold=None, encoded_labels=False, raw_score=False, round=4, verbose=True, ml_usecase=None, preprocess=True, encode_labels=<function _SupervisedExperiment.predict_model.<locals>.encode_labels at 0x00000183D3153600>)
2025-08-12 20:00:33,448:INFO:Checking exceptions
2025-08-12 20:00:33,448:INFO:Preloading libraries
2025-08-12 20:00:33,448:INFO:Set up data.
2025-08-12 20:00:33,481:INFO:Set up index.
2025-08-12 20:01:49,836:INFO:Initializing predict_model()
2025-08-12 20:01:49,836:INFO:predict_model(self=<pycaret.classification.oop.ClassificationExperiment object at 0x00000183C87744D0>, estimator=Pipeline(memory=Memory(location=None),
         steps=[('numerical_imputer',
                 TransformerWrapper(exclude=None,
                                    include=['whh', 'whd', 'wha',
                                             'team_h_difficulty',
                                             'team_a_difficulty',
                                             'ownership_change',
                                             'percenatge_net_transfers',
                                             'ict_index', 'influence',
                                             'creativity', 'threat',
                                             'clean_sheets_1',
                                             'expected_goals_conceded_1',
                                             'goals_conceded_1',
                                             'goals_scored_1', 'ict_index_1...
                 TransformerWrapper(exclude=None, include=None,
                                    transformer=StandardScaler(copy=True,
                                                               with_mean=True,
                                                               with_std=True))),
                ('actual_estimator',
                 LogisticRegression(C=1.0, class_weight=None, dual=False,
                                    fit_intercept=True, intercept_scaling=1,
                                    l1_ratio=None, max_iter=1000,
                                    multi_class='auto', n_jobs=None,
                                    penalty='l2', random_state=2248,
                                    solver='lbfgs', tol=0.0001, verbose=0,
                                    warm_start=False))],
         verbose=False), probability_threshold=None, encoded_labels=False, raw_score=False, round=4, verbose=True, ml_usecase=None, preprocess=True, encode_labels=<function _SupervisedExperiment.predict_model.<locals>.encode_labels at 0x00000183D37C2660>)
2025-08-12 20:01:49,836:INFO:Checking exceptions
2025-08-12 20:01:49,836:INFO:Preloading libraries
2025-08-12 20:01:49,846:INFO:Set up data.
2025-08-12 20:01:49,897:INFO:Set up index.
2025-08-12 20:03:48,503:INFO:Initializing predict_model()
2025-08-12 20:03:48,503:INFO:predict_model(self=<pycaret.classification.oop.ClassificationExperiment object at 0x00000183C87744D0>, estimator=Pipeline(memory=Memory(location=None),
         steps=[('numerical_imputer',
                 TransformerWrapper(exclude=None,
                                    include=['whh', 'whd', 'wha',
                                             'team_h_difficulty',
                                             'team_a_difficulty',
                                             'ownership_change',
                                             'percenatge_net_transfers',
                                             'ict_index', 'influence',
                                             'creativity', 'threat',
                                             'clean_sheets_1',
                                             'expected_goals_conceded_1',
                                             'goals_conceded_1',
                                             'goals_scored_1', 'ict_index_1...
                 TransformerWrapper(exclude=None, include=None,
                                    transformer=StandardScaler(copy=True,
                                                               with_mean=True,
                                                               with_std=True))),
                ('actual_estimator',
                 LogisticRegression(C=1.0, class_weight=None, dual=False,
                                    fit_intercept=True, intercept_scaling=1,
                                    l1_ratio=None, max_iter=1000,
                                    multi_class='auto', n_jobs=None,
                                    penalty='l2', random_state=2248,
                                    solver='lbfgs', tol=0.0001, verbose=0,
                                    warm_start=False))],
         verbose=False), probability_threshold=None, encoded_labels=False, raw_score=False, round=4, verbose=True, ml_usecase=None, preprocess=True, encode_labels=<function _SupervisedExperiment.predict_model.<locals>.encode_labels at 0x00000183D38737E0>)
2025-08-12 20:03:48,503:INFO:Checking exceptions
2025-08-12 20:03:48,503:INFO:Preloading libraries
2025-08-12 20:03:48,503:INFO:Set up data.
2025-08-12 20:03:48,556:INFO:Set up index.
2025-08-12 22:03:03,781:INFO:Initializing predict_model()
2025-08-12 22:03:03,781:INFO:predict_model(self=<pycaret.classification.oop.ClassificationExperiment object at 0x00000183C87744D0>, estimator=Pipeline(memory=Memory(location=None),
         steps=[('numerical_imputer',
                 TransformerWrapper(exclude=None,
                                    include=['whh', 'whd', 'wha',
                                             'team_h_difficulty',
                                             'team_a_difficulty',
                                             'ownership_change',
                                             'percenatge_net_transfers',
                                             'ict_index', 'influence',
                                             'creativity', 'threat',
                                             'clean_sheets_1',
                                             'expected_goals_conceded_1',
                                             'goals_conceded_1',
                                             'goals_scored_1', 'ict_index_1...
                                                                importance_getter='auto',
                                                                max_features=22,
                                                                norm_order=1,
                                                                prefit=False,
                                                                threshold=-inf))),
                ('actual_estimator',
                 LogisticRegression(C=1.0, class_weight=None, dual=False,
                                    fit_intercept=True, intercept_scaling=1,
                                    l1_ratio=None, max_iter=1000,
                                    multi_class='auto', n_jobs=None,
                                    penalty='l2', random_state=5499,
                                    solver='lbfgs', tol=0.0001, verbose=0,
                                    warm_start=False))],
         verbose=False), probability_threshold=None, encoded_labels=False, raw_score=False, round=4, verbose=True, ml_usecase=None, preprocess=True, encode_labels=<function _SupervisedExperiment.predict_model.<locals>.encode_labels at 0x00000183D3979A80>)
2025-08-12 22:03:03,781:INFO:Checking exceptions
2025-08-12 22:03:03,781:INFO:Preloading libraries
2025-08-12 22:03:03,789:INFO:Set up data.
2025-08-12 22:03:03,898:INFO:Set up index.
2025-08-12 22:03:34,570:INFO:Initializing load_model()
2025-08-12 22:03:34,570:INFO:load_model(model_name=../g_cs_final_model.pkl, platform=None, authentication=None, verbose=True)
2025-08-12 22:03:52,203:INFO:Initializing load_model()
2025-08-12 22:03:52,203:INFO:load_model(model_name=../g_cs_final_model, platform=None, authentication=None, verbose=True)
2025-08-12 22:03:52,313:INFO:Initializing predict_model()
2025-08-12 22:03:52,313:INFO:predict_model(self=<pycaret.classification.oop.ClassificationExperiment object at 0x00000183C87744D0>, estimator=Pipeline(memory=FastMemory(location=C:\Users\Ilyas\AppData\Local\Temp\joblib),
         steps=[('numerical_imputer',
                 TransformerWrapper(exclude=None,
                                    include=['whh', 'whd', 'wha',
                                             'team_h_difficulty',
                                             'team_a_difficulty',
                                             'ownership_change',
                                             'percenatge_net_transfers',
                                             'ict_index', 'influence',
                                             'creativity', 'threat',
                                             'clean_sheets_1',
                                             'expected_goals_conceded_1',
                                             'goals_c...
                                                                importance_getter='auto',
                                                                max_features=22,
                                                                norm_order=1,
                                                                prefit=False,
                                                                threshold=-inf))),
                ('actual_estimator',
                 LogisticRegression(C=1.0, class_weight=None, dual=False,
                                    fit_intercept=True, intercept_scaling=1,
                                    l1_ratio=None, max_iter=1000,
                                    multi_class='auto', n_jobs=None,
                                    penalty='l2', random_state=5499,
                                    solver='lbfgs', tol=0.0001, verbose=0,
                                    warm_start=False))],
         verbose=False), probability_threshold=None, encoded_labels=False, raw_score=False, round=4, verbose=True, ml_usecase=None, preprocess=True, encode_labels=<function _SupervisedExperiment.predict_model.<locals>.encode_labels at 0x00000183D39796C0>)
2025-08-12 22:03:52,313:INFO:Checking exceptions
2025-08-12 22:03:52,313:INFO:Preloading libraries
2025-08-12 22:03:52,320:INFO:Set up data.
2025-08-12 22:03:52,427:INFO:Set up index.
2025-08-12 22:09:32,041:INFO:Initializing load_model()
2025-08-12 22:09:32,041:INFO:load_model(model_name=../g_cs_final_model, platform=None, authentication=None, verbose=True)
2025-08-12 22:09:32,096:INFO:Initializing predict_model()
2025-08-12 22:09:32,096:INFO:predict_model(self=<pycaret.classification.oop.ClassificationExperiment object at 0x00000183C87744D0>, estimator=Pipeline(memory=FastMemory(location=C:\Users\Ilyas\AppData\Local\Temp\joblib),
         steps=[('numerical_imputer',
                 TransformerWrapper(exclude=None,
                                    include=['whh', 'whd', 'wha',
                                             'team_h_difficulty',
                                             'team_a_difficulty',
                                             'ownership_change',
                                             'percenatge_net_transfers',
                                             'ict_index', 'influence',
                                             'creativity', 'threat',
                                             'clean_sheets_1',
                                             'expected_goals_conceded_1',
                                             'goals_c...
                                                              fill_value=None,
                                                              keep_empty_features=False,
                                                              missing_values=nan,
                                                              strategy='most_frequent'))),
                ('actual_estimator',
                 LogisticRegression(C=1.0, class_weight=None, dual=False,
                                    fit_intercept=True, intercept_scaling=1,
                                    l1_ratio=None, max_iter=1000,
                                    multi_class='auto', n_jobs=None,
                                    penalty='l2', random_state=5499,
                                    solver='lbfgs', tol=0.0001, verbose=0,
                                    warm_start=False))],
         verbose=False), probability_threshold=None, encoded_labels=False, raw_score=False, round=4, verbose=True, ml_usecase=None, preprocess=True, encode_labels=<function _SupervisedExperiment.predict_model.<locals>.encode_labels at 0x00000183D363AA20>)
2025-08-12 22:09:32,096:INFO:Checking exceptions
2025-08-12 22:09:32,100:INFO:Preloading libraries
2025-08-12 22:09:32,107:INFO:Set up data.
2025-08-12 22:09:32,236:INFO:Set up index.
2025-08-12 22:10:27,109:INFO:Initializing load_model()
2025-08-12 22:10:27,109:INFO:load_model(model_name=../g_cs_final_model, platform=None, authentication=None, verbose=True)
2025-08-12 22:10:27,151:INFO:Initializing predict_model()
2025-08-12 22:10:27,155:INFO:predict_model(self=<pycaret.classification.oop.ClassificationExperiment object at 0x00000183C87744D0>, estimator=Pipeline(memory=FastMemory(location=C:\Users\Ilyas\AppData\Local\Temp\joblib),
         steps=[('numerical_imputer',
                 TransformerWrapper(exclude=None,
                                    include=['whh', 'whd', 'wha',
                                             'team_h_difficulty',
                                             'team_a_difficulty',
                                             'ownership_change',
                                             'percenatge_net_transfers',
                                             'ict_index', 'influence',
                                             'creativity', 'threat',
                                             'clean_sheets_1',
                                             'expected_goals_conceded_1',
                                             'goals_c...
                                                              fill_value=None,
                                                              keep_empty_features=False,
                                                              missing_values=nan,
                                                              strategy='most_frequent'))),
                ('actual_estimator',
                 LogisticRegression(C=1.0, class_weight=None, dual=False,
                                    fit_intercept=True, intercept_scaling=1,
                                    l1_ratio=None, max_iter=1000,
                                    multi_class='auto', n_jobs=None,
                                    penalty='l2', random_state=5499,
                                    solver='lbfgs', tol=0.0001, verbose=0,
                                    warm_start=False))],
         verbose=False), probability_threshold=None, encoded_labels=False, raw_score=False, round=4, verbose=True, ml_usecase=None, preprocess=True, encode_labels=<function _SupervisedExperiment.predict_model.<locals>.encode_labels at 0x00000183D31F05E0>)
2025-08-12 22:10:27,155:INFO:Checking exceptions
2025-08-12 22:10:27,155:INFO:Preloading libraries
2025-08-12 22:10:27,156:INFO:Set up data.
2025-08-12 22:10:27,264:INFO:Set up index.
2025-08-12 22:11:22,844:INFO:Initializing load_model()
2025-08-12 22:11:22,844:INFO:load_model(model_name=../g_cs_final_model, platform=None, authentication=None, verbose=True)
2025-08-12 22:11:22,878:INFO:Initializing predict_model()
2025-08-12 22:11:22,878:INFO:predict_model(self=<pycaret.classification.oop.ClassificationExperiment object at 0x00000183C87744D0>, estimator=Pipeline(memory=FastMemory(location=C:\Users\Ilyas\AppData\Local\Temp\joblib),
         steps=[('numerical_imputer',
                 TransformerWrapper(exclude=None,
                                    include=['whh', 'whd', 'wha',
                                             'team_h_difficulty',
                                             'team_a_difficulty',
                                             'ownership_change',
                                             'percenatge_net_transfers',
                                             'ict_index', 'influence',
                                             'creativity', 'threat',
                                             'clean_sheets_1',
                                             'expected_goals_conceded_1',
                                             'goals_c...
                                                              fill_value=None,
                                                              keep_empty_features=False,
                                                              missing_values=nan,
                                                              strategy='most_frequent'))),
                ('actual_estimator',
                 LogisticRegression(C=1.0, class_weight=None, dual=False,
                                    fit_intercept=True, intercept_scaling=1,
                                    l1_ratio=None, max_iter=1000,
                                    multi_class='auto', n_jobs=None,
                                    penalty='l2', random_state=5499,
                                    solver='lbfgs', tol=0.0001, verbose=0,
                                    warm_start=False))],
         verbose=False), probability_threshold=None, encoded_labels=False, raw_score=False, round=4, verbose=True, ml_usecase=None, preprocess=True, encode_labels=<function _SupervisedExperiment.predict_model.<locals>.encode_labels at 0x00000183BA8B71A0>)
2025-08-12 22:11:22,878:INFO:Checking exceptions
2025-08-12 22:11:22,878:INFO:Preloading libraries
2025-08-12 22:11:22,882:INFO:Set up data.
2025-08-12 22:11:23,258:INFO:Set up index.
2025-08-12 22:11:35,139:INFO:Initializing load_model()
2025-08-12 22:11:35,139:INFO:load_model(model_name=../g_cs_final_model, platform=None, authentication=None, verbose=True)
2025-08-12 22:11:35,173:INFO:Initializing predict_model()
2025-08-12 22:11:35,173:INFO:predict_model(self=<pycaret.classification.oop.ClassificationExperiment object at 0x00000183C87744D0>, estimator=Pipeline(memory=FastMemory(location=C:\Users\Ilyas\AppData\Local\Temp\joblib),
         steps=[('numerical_imputer',
                 TransformerWrapper(exclude=None,
                                    include=['whh', 'whd', 'wha',
                                             'team_h_difficulty',
                                             'team_a_difficulty',
                                             'ownership_change',
                                             'percenatge_net_transfers',
                                             'ict_index', 'influence',
                                             'creativity', 'threat',
                                             'clean_sheets_1',
                                             'expected_goals_conceded_1',
                                             'goals_c...
                                                              fill_value=None,
                                                              keep_empty_features=False,
                                                              missing_values=nan,
                                                              strategy='most_frequent'))),
                ('actual_estimator',
                 LogisticRegression(C=1.0, class_weight=None, dual=False,
                                    fit_intercept=True, intercept_scaling=1,
                                    l1_ratio=None, max_iter=1000,
                                    multi_class='auto', n_jobs=None,
                                    penalty='l2', random_state=5499,
                                    solver='lbfgs', tol=0.0001, verbose=0,
                                    warm_start=False))],
         verbose=False), probability_threshold=None, encoded_labels=False, raw_score=False, round=4, verbose=True, ml_usecase=None, preprocess=True, encode_labels=<function _SupervisedExperiment.predict_model.<locals>.encode_labels at 0x00000183B8591E40>)
2025-08-12 22:11:35,173:INFO:Checking exceptions
2025-08-12 22:11:35,178:INFO:Preloading libraries
2025-08-12 22:11:35,178:INFO:Set up data.
2025-08-12 22:11:35,379:INFO:Set up index.
2025-08-12 22:12:08,567:INFO:Initializing load_model()
2025-08-12 22:12:08,567:INFO:load_model(model_name=../g_cs_final_model, platform=None, authentication=None, verbose=True)
2025-08-12 22:12:09,874:INFO:Initializing predict_model()
2025-08-12 22:12:09,874:INFO:predict_model(self=<pycaret.classification.oop.ClassificationExperiment object at 0x00000183C87744D0>, estimator=Pipeline(memory=FastMemory(location=C:\Users\Ilyas\AppData\Local\Temp\joblib),
         steps=[('numerical_imputer',
                 TransformerWrapper(exclude=None,
                                    include=['whh', 'whd', 'wha',
                                             'team_h_difficulty',
                                             'team_a_difficulty',
                                             'ownership_change',
                                             'percenatge_net_transfers',
                                             'ict_index', 'influence',
                                             'creativity', 'threat',
                                             'clean_sheets_1',
                                             'expected_goals_conceded_1',
                                             'goals_c...
                                                              fill_value=None,
                                                              keep_empty_features=False,
                                                              missing_values=nan,
                                                              strategy='most_frequent'))),
                ('actual_estimator',
                 LogisticRegression(C=1.0, class_weight=None, dual=False,
                                    fit_intercept=True, intercept_scaling=1,
                                    l1_ratio=None, max_iter=1000,
                                    multi_class='auto', n_jobs=None,
                                    penalty='l2', random_state=5499,
                                    solver='lbfgs', tol=0.0001, verbose=0,
                                    warm_start=False))],
         verbose=False), probability_threshold=None, encoded_labels=False, raw_score=False, round=4, verbose=True, ml_usecase=None, preprocess=True, encode_labels=<function _SupervisedExperiment.predict_model.<locals>.encode_labels at 0x00000183D3FC3920>)
2025-08-12 22:12:09,874:INFO:Checking exceptions
2025-08-12 22:12:09,874:INFO:Preloading libraries
2025-08-12 22:12:09,874:INFO:Set up data.
2025-08-12 22:12:10,059:INFO:Set up index.
2025-08-12 22:17:51,387:INFO:Initializing load_model()
2025-08-12 22:17:51,387:INFO:load_model(model_name=../g_cs_final_model, platform=None, authentication=None, verbose=True)
2025-08-12 22:18:26,069:INFO:Initializing load_model()
2025-08-12 22:18:26,069:INFO:load_model(model_name=../g_cs_final_model, platform=None, authentication=None, verbose=True)
2025-08-12 22:18:26,101:INFO:Initializing predict_model()
2025-08-12 22:18:26,101:INFO:predict_model(self=<pycaret.classification.oop.ClassificationExperiment object at 0x00000183C87744D0>, estimator=Pipeline(memory=FastMemory(location=C:\Users\Ilyas\AppData\Local\Temp\joblib),
         steps=[('numerical_imputer',
                 TransformerWrapper(exclude=None,
                                    include=['whh', 'whd', 'wha',
                                             'team_h_difficulty',
                                             'team_a_difficulty',
                                             'ownership_change',
                                             'percenatge_net_transfers',
                                             'ict_index', 'influence',
                                             'creativity', 'threat',
                                             'clean_sheets_1',
                                             'expected_goals_conceded_1',
                                             'goals_c...
                                                              fill_value=None,
                                                              keep_empty_features=False,
                                                              missing_values=nan,
                                                              strategy='most_frequent'))),
                ('actual_estimator',
                 LogisticRegression(C=1.0, class_weight=None, dual=False,
                                    fit_intercept=True, intercept_scaling=1,
                                    l1_ratio=None, max_iter=1000,
                                    multi_class='auto', n_jobs=None,
                                    penalty='l2', random_state=5499,
                                    solver='lbfgs', tol=0.0001, verbose=0,
                                    warm_start=False))],
         verbose=False), probability_threshold=None, encoded_labels=False, raw_score=False, round=4, verbose=True, ml_usecase=None, preprocess=True, encode_labels=<function _SupervisedExperiment.predict_model.<locals>.encode_labels at 0x00000183D40BAB60>)
2025-08-12 22:18:26,101:INFO:Checking exceptions
2025-08-12 22:18:26,101:INFO:Preloading libraries
2025-08-12 22:18:26,107:INFO:Set up data.
2025-08-12 22:18:26,487:INFO:Set up index.
2025-08-12 22:18:32,235:INFO:Initializing load_model()
2025-08-12 22:18:32,236:INFO:load_model(model_name=../g_cs_final_model, platform=None, authentication=None, verbose=True)
2025-08-12 22:18:32,263:INFO:Initializing predict_model()
2025-08-12 22:18:32,263:INFO:predict_model(self=<pycaret.classification.oop.ClassificationExperiment object at 0x00000183C87744D0>, estimator=Pipeline(memory=FastMemory(location=C:\Users\Ilyas\AppData\Local\Temp\joblib),
         steps=[('numerical_imputer',
                 TransformerWrapper(exclude=None,
                                    include=['whh', 'whd', 'wha',
                                             'team_h_difficulty',
                                             'team_a_difficulty',
                                             'ownership_change',
                                             'percenatge_net_transfers',
                                             'ict_index', 'influence',
                                             'creativity', 'threat',
                                             'clean_sheets_1',
                                             'expected_goals_conceded_1',
                                             'goals_c...
                                                              fill_value=None,
                                                              keep_empty_features=False,
                                                              missing_values=nan,
                                                              strategy='most_frequent'))),
                ('actual_estimator',
                 LogisticRegression(C=1.0, class_weight=None, dual=False,
                                    fit_intercept=True, intercept_scaling=1,
                                    l1_ratio=None, max_iter=1000,
                                    multi_class='auto', n_jobs=None,
                                    penalty='l2', random_state=5499,
                                    solver='lbfgs', tol=0.0001, verbose=0,
                                    warm_start=False))],
         verbose=False), probability_threshold=None, encoded_labels=False, raw_score=False, round=4, verbose=True, ml_usecase=None, preprocess=True, encode_labels=<function _SupervisedExperiment.predict_model.<locals>.encode_labels at 0x00000183D675A980>)
2025-08-12 22:18:32,263:INFO:Checking exceptions
2025-08-12 22:18:32,263:INFO:Preloading libraries
2025-08-12 22:18:32,269:INFO:Set up data.
2025-08-12 22:18:32,919:INFO:Set up index.
2025-08-12 22:24:29,774:INFO:Initializing load_model()
2025-08-12 22:24:29,774:INFO:load_model(model_name=../g_cs_final_model, platform=None, authentication=None, verbose=True)
2025-08-12 22:24:29,784:WARNING:C:\Users\Ilyas\AppData\Local\Temp\ipykernel_6704\1339388609.py:6: SettingWithCopyWarning: 
A value is trying to be set on a copy of a slice from a DataFrame

See the caveats in the documentation: https://pandas.pydata.org/pandas-docs/stable/user_guide/indexing.html#returning-a-view-versus-a-copy
  data_36_gk_for_pred.drop('was_home', axis=1, inplace=True)

2025-08-12 22:24:29,807:INFO:Initializing predict_model()
2025-08-12 22:24:29,815:INFO:predict_model(self=<pycaret.classification.oop.ClassificationExperiment object at 0x00000183C87744D0>, estimator=Pipeline(memory=FastMemory(location=C:\Users\Ilyas\AppData\Local\Temp\joblib),
         steps=[('numerical_imputer',
                 TransformerWrapper(exclude=None,
                                    include=['whh', 'whd', 'wha',
                                             'team_h_difficulty',
                                             'team_a_difficulty',
                                             'ownership_change',
                                             'percenatge_net_transfers',
                                             'ict_index', 'influence',
                                             'creativity', 'threat',
                                             'clean_sheets_1',
                                             'expected_goals_conceded_1',
                                             'goals_c...
                                                              fill_value=None,
                                                              keep_empty_features=False,
                                                              missing_values=nan,
                                                              strategy='most_frequent'))),
                ('actual_estimator',
                 LogisticRegression(C=1.0, class_weight=None, dual=False,
                                    fit_intercept=True, intercept_scaling=1,
                                    l1_ratio=None, max_iter=1000,
                                    multi_class='auto', n_jobs=None,
                                    penalty='l2', random_state=5499,
                                    solver='lbfgs', tol=0.0001, verbose=0,
                                    warm_start=False))],
         verbose=False), probability_threshold=None, encoded_labels=False, raw_score=False, round=4, verbose=True, ml_usecase=None, preprocess=True, encode_labels=<function _SupervisedExperiment.predict_model.<locals>.encode_labels at 0x00000183D3152E80>)
2025-08-12 22:24:29,815:INFO:Checking exceptions
2025-08-12 22:24:29,815:INFO:Preloading libraries
2025-08-12 22:24:29,821:INFO:Set up data.
2025-08-12 22:24:30,167:INFO:Set up index.
2025-08-12 22:24:59,500:INFO:Initializing load_model()
2025-08-12 22:24:59,500:INFO:load_model(model_name=../g_cs_final_model, platform=None, authentication=None, verbose=True)
2025-08-12 22:25:17,418:INFO:Initializing load_model()
2025-08-12 22:25:17,418:INFO:load_model(model_name=../g_cs_final_model, platform=None, authentication=None, verbose=True)
2025-08-12 22:25:52,472:INFO:Initializing load_model()
2025-08-12 22:25:52,472:INFO:load_model(model_name=../g_cs_final_model, platform=None, authentication=None, verbose=True)
2025-08-12 22:25:54,171:WARNING:C:\Users\Ilyas\AppData\Local\Temp\ipykernel_6704\443225593.py:6: SettingWithCopyWarning: 
A value is trying to be set on a copy of a slice from a DataFrame

See the caveats in the documentation: https://pandas.pydata.org/pandas-docs/stable/user_guide/indexing.html#returning-a-view-versus-a-copy
  data_36_gk_for_pred.drop(columns=['was_home'], errors='ignore', inplace=True)

2025-08-12 22:25:54,212:INFO:Initializing predict_model()
2025-08-12 22:25:54,212:INFO:predict_model(self=<pycaret.classification.oop.ClassificationExperiment object at 0x00000183C87744D0>, estimator=Pipeline(memory=FastMemory(location=C:\Users\Ilyas\AppData\Local\Temp\joblib),
         steps=[('numerical_imputer',
                 TransformerWrapper(exclude=None,
                                    include=['whh', 'whd', 'wha',
                                             'team_h_difficulty',
                                             'team_a_difficulty',
                                             'ownership_change',
                                             'percenatge_net_transfers',
                                             'ict_index', 'influence',
                                             'creativity', 'threat',
                                             'clean_sheets_1',
                                             'expected_goals_conceded_1',
                                             'goals_c...
                                                              fill_value=None,
                                                              keep_empty_features=False,
                                                              missing_values=nan,
                                                              strategy='most_frequent'))),
                ('actual_estimator',
                 LogisticRegression(C=1.0, class_weight=None, dual=False,
                                    fit_intercept=True, intercept_scaling=1,
                                    l1_ratio=None, max_iter=1000,
                                    multi_class='auto', n_jobs=None,
                                    penalty='l2', random_state=5499,
                                    solver='lbfgs', tol=0.0001, verbose=0,
                                    warm_start=False))],
         verbose=False), probability_threshold=None, encoded_labels=False, raw_score=False, round=4, verbose=True, ml_usecase=None, preprocess=True, encode_labels=<function _SupervisedExperiment.predict_model.<locals>.encode_labels at 0x00000183D39FD4E0>)
2025-08-12 22:25:54,212:INFO:Checking exceptions
2025-08-12 22:25:54,212:INFO:Preloading libraries
2025-08-12 22:25:54,217:INFO:Set up data.
2025-08-12 22:25:54,426:INFO:Set up index.
2025-08-12 22:26:38,659:INFO:Initializing load_model()
2025-08-12 22:26:38,659:INFO:load_model(model_name=../g_cs_final_model, platform=None, authentication=None, verbose=True)
2025-08-12 22:26:38,689:INFO:Initializing predict_model()
2025-08-12 22:26:38,689:INFO:predict_model(self=<pycaret.classification.oop.ClassificationExperiment object at 0x00000183C87744D0>, estimator=Pipeline(memory=FastMemory(location=C:\Users\Ilyas\AppData\Local\Temp\joblib),
         steps=[('numerical_imputer',
                 TransformerWrapper(exclude=None,
                                    include=['whh', 'whd', 'wha',
                                             'team_h_difficulty',
                                             'team_a_difficulty',
                                             'ownership_change',
                                             'percenatge_net_transfers',
                                             'ict_index', 'influence',
                                             'creativity', 'threat',
                                             'clean_sheets_1',
                                             'expected_goals_conceded_1',
                                             'goals_c...
                                                              fill_value=None,
                                                              keep_empty_features=False,
                                                              missing_values=nan,
                                                              strategy='most_frequent'))),
                ('actual_estimator',
                 LogisticRegression(C=1.0, class_weight=None, dual=False,
                                    fit_intercept=True, intercept_scaling=1,
                                    l1_ratio=None, max_iter=1000,
                                    multi_class='auto', n_jobs=None,
                                    penalty='l2', random_state=5499,
                                    solver='lbfgs', tol=0.0001, verbose=0,
                                    warm_start=False))],
         verbose=False), probability_threshold=None, encoded_labels=False, raw_score=False, round=4, verbose=True, ml_usecase=None, preprocess=True, encode_labels=<function _SupervisedExperiment.predict_model.<locals>.encode_labels at 0x00000183D67587C0>)
2025-08-12 22:26:38,689:INFO:Checking exceptions
2025-08-12 22:26:38,689:INFO:Preloading libraries
2025-08-12 22:26:38,696:INFO:Set up data.
2025-08-12 22:26:38,996:INFO:Set up index.
2025-08-12 22:28:52,696:INFO:Initializing load_model()
2025-08-12 22:28:52,696:INFO:load_model(model_name=../g_cs_final_model, platform=None, authentication=None, verbose=True)
2025-08-12 22:28:52,726:INFO:Initializing predict_model()
2025-08-12 22:28:52,726:INFO:predict_model(self=<pycaret.classification.oop.ClassificationExperiment object at 0x00000183C87744D0>, estimator=Pipeline(memory=FastMemory(location=C:\Users\Ilyas\AppData\Local\Temp\joblib),
         steps=[('numerical_imputer',
                 TransformerWrapper(exclude=None,
                                    include=['whh', 'whd', 'wha',
                                             'team_h_difficulty',
                                             'team_a_difficulty',
                                             'ownership_change',
                                             'percenatge_net_transfers',
                                             'ict_index', 'influence',
                                             'creativity', 'threat',
                                             'clean_sheets_1',
                                             'expected_goals_conceded_1',
                                             'goals_c...
                                                              fill_value=None,
                                                              keep_empty_features=False,
                                                              missing_values=nan,
                                                              strategy='most_frequent'))),
                ('actual_estimator',
                 LogisticRegression(C=1.0, class_weight=None, dual=False,
                                    fit_intercept=True, intercept_scaling=1,
                                    l1_ratio=None, max_iter=1000,
                                    multi_class='auto', n_jobs=None,
                                    penalty='l2', random_state=5499,
                                    solver='lbfgs', tol=0.0001, verbose=0,
                                    warm_start=False))],
         verbose=False), probability_threshold=None, encoded_labels=False, raw_score=False, round=4, verbose=True, ml_usecase=None, preprocess=True, encode_labels=<function _SupervisedExperiment.predict_model.<locals>.encode_labels at 0x00000183D40EBE20>)
2025-08-12 22:28:52,726:INFO:Checking exceptions
2025-08-12 22:28:52,726:INFO:Preloading libraries
2025-08-12 22:28:52,734:INFO:Set up data.
2025-08-12 22:28:52,841:INFO:Set up index.
2025-08-12 22:29:10,274:INFO:Initializing load_model()
2025-08-12 22:29:10,274:INFO:load_model(model_name=../g_cs_final_model, platform=None, authentication=None, verbose=True)
2025-08-12 22:29:10,284:WARNING:C:\Users\Ilyas\AppData\Local\Temp\ipykernel_6704\443225593.py:6: SettingWithCopyWarning: 
A value is trying to be set on a copy of a slice from a DataFrame

See the caveats in the documentation: https://pandas.pydata.org/pandas-docs/stable/user_guide/indexing.html#returning-a-view-versus-a-copy
  data_36_gk_for_pred.drop(columns=['was_home'], errors='ignore', inplace=True)

2025-08-12 22:29:10,311:INFO:Initializing predict_model()
2025-08-12 22:29:10,311:INFO:predict_model(self=<pycaret.classification.oop.ClassificationExperiment object at 0x00000183C87744D0>, estimator=Pipeline(memory=FastMemory(location=C:\Users\Ilyas\AppData\Local\Temp\joblib),
         steps=[('numerical_imputer',
                 TransformerWrapper(exclude=None,
                                    include=['whh', 'whd', 'wha',
                                             'team_h_difficulty',
                                             'team_a_difficulty',
                                             'ownership_change',
                                             'percenatge_net_transfers',
                                             'ict_index', 'influence',
                                             'creativity', 'threat',
                                             'clean_sheets_1',
                                             'expected_goals_conceded_1',
                                             'goals_c...
                                                              fill_value=None,
                                                              keep_empty_features=False,
                                                              missing_values=nan,
                                                              strategy='most_frequent'))),
                ('actual_estimator',
                 LogisticRegression(C=1.0, class_weight=None, dual=False,
                                    fit_intercept=True, intercept_scaling=1,
                                    l1_ratio=None, max_iter=1000,
                                    multi_class='auto', n_jobs=None,
                                    penalty='l2', random_state=5499,
                                    solver='lbfgs', tol=0.0001, verbose=0,
                                    warm_start=False))],
         verbose=False), probability_threshold=None, encoded_labels=False, raw_score=False, round=4, verbose=True, ml_usecase=None, preprocess=True, encode_labels=<function _SupervisedExperiment.predict_model.<locals>.encode_labels at 0x00000183D68C0220>)
2025-08-12 22:29:10,311:INFO:Checking exceptions
2025-08-12 22:29:10,311:INFO:Preloading libraries
2025-08-12 22:29:10,316:INFO:Set up data.
2025-08-12 22:29:10,424:INFO:Set up index.
2025-08-12 22:29:43,458:INFO:Initializing load_model()
2025-08-12 22:29:43,458:INFO:load_model(model_name=../g_cs_final_model, platform=None, authentication=None, verbose=True)
2025-08-12 22:29:43,488:INFO:Initializing predict_model()
2025-08-12 22:29:43,488:INFO:predict_model(self=<pycaret.classification.oop.ClassificationExperiment object at 0x00000183C87744D0>, estimator=Pipeline(memory=FastMemory(location=C:\Users\Ilyas\AppData\Local\Temp\joblib),
         steps=[('numerical_imputer',
                 TransformerWrapper(exclude=None,
                                    include=['whh', 'whd', 'wha',
                                             'team_h_difficulty',
                                             'team_a_difficulty',
                                             'ownership_change',
                                             'percenatge_net_transfers',
                                             'ict_index', 'influence',
                                             'creativity', 'threat',
                                             'clean_sheets_1',
                                             'expected_goals_conceded_1',
                                             'goals_c...
                                                              fill_value=None,
                                                              keep_empty_features=False,
                                                              missing_values=nan,
                                                              strategy='most_frequent'))),
                ('actual_estimator',
                 LogisticRegression(C=1.0, class_weight=None, dual=False,
                                    fit_intercept=True, intercept_scaling=1,
                                    l1_ratio=None, max_iter=1000,
                                    multi_class='auto', n_jobs=None,
                                    penalty='l2', random_state=5499,
                                    solver='lbfgs', tol=0.0001, verbose=0,
                                    warm_start=False))],
         verbose=False), probability_threshold=None, encoded_labels=False, raw_score=False, round=4, verbose=True, ml_usecase=None, preprocess=True, encode_labels=<function _SupervisedExperiment.predict_model.<locals>.encode_labels at 0x00000183D68C00E0>)
2025-08-12 22:29:43,488:INFO:Checking exceptions
2025-08-12 22:29:43,488:INFO:Preloading libraries
2025-08-12 22:29:43,501:INFO:Set up data.
2025-08-12 22:29:43,670:INFO:Set up index.
2025-08-12 22:30:05,214:WARNING:C:\Users\Ilyas\AppData\Local\Temp\ipykernel_6704\113658896.py:4: SettingWithCopyWarning: 
A value is trying to be set on a copy of a slice from a DataFrame

See the caveats in the documentation: https://pandas.pydata.org/pandas-docs/stable/user_guide/indexing.html#returning-a-view-versus-a-copy
  data_36_gk_for_pred.drop(columns=['was_home'], errors='ignore', inplace=True)

2025-08-12 22:30:23,162:INFO:Initializing load_model()
2025-08-12 22:30:23,163:INFO:load_model(model_name=../g_cs_final_model, platform=None, authentication=None, verbose=True)
2025-08-12 22:30:23,195:INFO:Initializing predict_model()
2025-08-12 22:30:23,195:INFO:predict_model(self=<pycaret.classification.oop.ClassificationExperiment object at 0x00000183C87744D0>, estimator=Pipeline(memory=FastMemory(location=C:\Users\Ilyas\AppData\Local\Temp\joblib),
         steps=[('numerical_imputer',
                 TransformerWrapper(exclude=None,
                                    include=['whh', 'whd', 'wha',
                                             'team_h_difficulty',
                                             'team_a_difficulty',
                                             'ownership_change',
                                             'percenatge_net_transfers',
                                             'ict_index', 'influence',
                                             'creativity', 'threat',
                                             'clean_sheets_1',
                                             'expected_goals_conceded_1',
                                             'goals_c...
                                                              fill_value=None,
                                                              keep_empty_features=False,
                                                              missing_values=nan,
                                                              strategy='most_frequent'))),
                ('actual_estimator',
                 LogisticRegression(C=1.0, class_weight=None, dual=False,
                                    fit_intercept=True, intercept_scaling=1,
                                    l1_ratio=None, max_iter=1000,
                                    multi_class='auto', n_jobs=None,
                                    penalty='l2', random_state=5499,
                                    solver='lbfgs', tol=0.0001, verbose=0,
                                    warm_start=False))],
         verbose=False), probability_threshold=None, encoded_labels=False, raw_score=False, round=4, verbose=True, ml_usecase=None, preprocess=True, encode_labels=<function _SupervisedExperiment.predict_model.<locals>.encode_labels at 0x00000183D68F0D60>)
2025-08-12 22:30:23,195:INFO:Checking exceptions
2025-08-12 22:30:23,195:INFO:Preloading libraries
2025-08-12 22:30:23,202:INFO:Set up data.
2025-08-12 22:30:23,307:INFO:Set up index.
2025-08-12 22:31:31,274:INFO:Initializing load_model()
2025-08-12 22:31:31,274:INFO:load_model(model_name=../g_cs_final_model, platform=None, authentication=None, verbose=True)
2025-08-12 22:31:32,329:INFO:Initializing predict_model()
2025-08-12 22:31:32,329:INFO:predict_model(self=<pycaret.classification.oop.ClassificationExperiment object at 0x00000183C87744D0>, estimator=Pipeline(memory=FastMemory(location=C:\Users\Ilyas\AppData\Local\Temp\joblib),
         steps=[('numerical_imputer',
                 TransformerWrapper(exclude=None,
                                    include=['whh', 'whd', 'wha',
                                             'team_h_difficulty',
                                             'team_a_difficulty',
                                             'ownership_change',
                                             'percenatge_net_transfers',
                                             'ict_index', 'influence',
                                             'creativity', 'threat',
                                             'clean_sheets_1',
                                             'expected_goals_conceded_1',
                                             'goals_c...
                                                              fill_value=None,
                                                              keep_empty_features=False,
                                                              missing_values=nan,
                                                              strategy='most_frequent'))),
                ('actual_estimator',
                 LogisticRegression(C=1.0, class_weight=None, dual=False,
                                    fit_intercept=True, intercept_scaling=1,
                                    l1_ratio=None, max_iter=1000,
                                    multi_class='auto', n_jobs=None,
                                    penalty='l2', random_state=5499,
                                    solver='lbfgs', tol=0.0001, verbose=0,
                                    warm_start=False))],
         verbose=False), probability_threshold=None, encoded_labels=False, raw_score=False, round=4, verbose=True, ml_usecase=None, preprocess=True, encode_labels=<function _SupervisedExperiment.predict_model.<locals>.encode_labels at 0x00000183D40BAAC0>)
2025-08-12 22:31:32,329:INFO:Checking exceptions
2025-08-12 22:31:32,329:INFO:Preloading libraries
2025-08-12 22:31:32,335:INFO:Set up data.
2025-08-12 22:31:32,405:INFO:Set up index.
2025-08-12 22:33:24,820:INFO:Initializing load_model()
2025-08-12 22:33:24,820:INFO:load_model(model_name=../g_cs_final_model, platform=None, authentication=None, verbose=True)
2025-08-12 22:33:24,854:INFO:Initializing predict_model()
2025-08-12 22:33:24,854:INFO:predict_model(self=<pycaret.classification.oop.ClassificationExperiment object at 0x00000183C87744D0>, estimator=Pipeline(memory=FastMemory(location=C:\Users\Ilyas\AppData\Local\Temp\joblib),
         steps=[('numerical_imputer',
                 TransformerWrapper(exclude=None,
                                    include=['whh', 'whd', 'wha',
                                             'team_h_difficulty',
                                             'team_a_difficulty',
                                             'ownership_change',
                                             'percenatge_net_transfers',
                                             'ict_index', 'influence',
                                             'creativity', 'threat',
                                             'clean_sheets_1',
                                             'expected_goals_conceded_1',
                                             'goals_c...
                                                              fill_value=None,
                                                              keep_empty_features=False,
                                                              missing_values=nan,
                                                              strategy='most_frequent'))),
                ('actual_estimator',
                 LogisticRegression(C=1.0, class_weight=None, dual=False,
                                    fit_intercept=True, intercept_scaling=1,
                                    l1_ratio=None, max_iter=1000,
                                    multi_class='auto', n_jobs=None,
                                    penalty='l2', random_state=5499,
                                    solver='lbfgs', tol=0.0001, verbose=0,
                                    warm_start=False))],
         verbose=False), probability_threshold=None, encoded_labels=False, raw_score=False, round=4, verbose=True, ml_usecase=None, preprocess=True, encode_labels=<function _SupervisedExperiment.predict_model.<locals>.encode_labels at 0x00000183D68F2D40>)
2025-08-12 22:33:24,854:INFO:Checking exceptions
2025-08-12 22:33:24,854:INFO:Preloading libraries
2025-08-12 22:33:24,860:INFO:Set up data.
2025-08-12 22:33:25,070:INFO:Set up index.
2025-08-12 22:42:01,684:INFO:Initializing load_model()
2025-08-12 22:42:01,684:INFO:load_model(model_name=../g_cs_final_model, platform=None, authentication=None, verbose=True)
2025-08-12 22:42:01,812:INFO:Initializing predict_model()
2025-08-12 22:42:01,812:INFO:predict_model(self=<pycaret.classification.oop.ClassificationExperiment object at 0x00000183C87744D0>, estimator=Pipeline(memory=FastMemory(location=C:\Users\Ilyas\AppData\Local\Temp\joblib),
         steps=[('numerical_imputer',
                 TransformerWrapper(exclude=None,
                                    include=['whh', 'whd', 'wha',
                                             'team_h_difficulty',
                                             'team_a_difficulty',
                                             'ownership_change',
                                             'percenatge_net_transfers',
                                             'ict_index', 'influence',
                                             'creativity', 'threat',
                                             'clean_sheets_1',
                                             'expected_goals_conceded_1',
                                             'goals_c...
                               importance_type=None,
                               interaction_constraints=None, learning_rate=None,
                               max_bin=None, max_cat_threshold=None,
                               max_cat_to_onehot=None, max_delta_step=None,
                               max_depth=None, max_leaves=None,
                               min_child_weight=None, missing=nan,
                               monotone_constraints=None, multi_strategy=None,
                               n_estimators=None, n_jobs=-1,
                               num_parallel_tree=None,
                               objective='binary:logistic', ...))],
         verbose=False), probability_threshold=None, encoded_labels=False, raw_score=False, round=4, verbose=True, ml_usecase=None, preprocess=True, encode_labels=<function _SupervisedExperiment.predict_model.<locals>.encode_labels at 0x00000183D675A480>)
2025-08-12 22:42:01,812:INFO:Checking exceptions
2025-08-12 22:42:01,812:INFO:Preloading libraries
2025-08-12 22:42:01,907:INFO:Set up data.
2025-08-12 22:42:02,084:INFO:Set up index.
2025-08-12 22:51:56,295:WARNING:<>:1: SyntaxWarning: list indices must be integers or slices, not tuple; perhaps you missed a comma?

2025-08-12 22:51:56,304:WARNING:<>:1: SyntaxWarning: list indices must be integers or slices, not tuple; perhaps you missed a comma?

2025-08-12 22:51:56,317:WARNING:C:\Users\Ilyas\AppData\Local\Temp\ipykernel_6704\433334168.py:1: SyntaxWarning: list indices must be integers or slices, not tuple; perhaps you missed a comma?
  f = ['whh', 'whd', 'wha', 'team_h_difficulty', 'team_a_difficulty', 'ownership_change', 'percenatge_net_transfers', 'ict_index', 'influence', 'creativity', 'threat', 'clean_sheets_1', 'expected_goals_conceded_1', 'goals_conceded_1', 'goals_scored_1', 'ict_index_1', 'influence_1', 'creativity_1', 'threat_1', 'minutes_1', 'own_goals_1', 'penalties_saved_1', 'yellow_cards_1', 'saves_1', 'starts_1', 'team_a_score_1', 'team_h_score_1', 'total_points_1', 'xGChain_1', 'xGBuildup_1', 'xP_1', 'clean_sheets_2', 'expected_goals_conceded_2', 'goals_conceded_2', 'ict_index_2', 'influence_2', 'creativity_2', 'threat_2', 'minutes_2', 'own_goals_2', 'penalties_saved_2', 'red_cards_2', 'yellow_cards_2', 'saves_2', 'starts_2', 'team_a_score_2', 'team_h_score_2', 'total_points_2', 'xGChain_2', 'xGBuildup_2', 'xP_2', 'clean_sheets_3', 'expected_goals_conceded_3', 'goals_conceded_3', 'ict_index_3', 'influence_3', 'creativity_3', 'threat_3', 'minutes_3', 'own_goals_3', 'penalties_saved_3', 'red_cards_3', 'yellow_cards_3', 'saves_3', 'starts_3', 'team_a_score_3', 'team_h_score_3', 'total_points_3', 'xGChain_3', 'xGBuildup_3', 'xP_3', 'clean_sheets_4', 'expected_goals_conceded_4', 'goals_conceded_4', 'ict_index_4', 'influence_4', 'creativity_4', 'threat_4', 'minutes_4', 'own_goals_4', 'penalties_saved_4', 'red_cards_4', 'yellow_cards_4', 'saves_4', 'starts_4', 'team_a_score_4', 'team_h_score_4', 'total_points_4', 'xGChain_4', 'xGBuildup_4', 'xP_4', 'clean_sheets_5', 'expected_goals_conceded_5', 'goals_conceded_5', 'ict_index_5', 'influence_5', 'creativity_5', 'threat_5', 'minutes_5', 'own_goals_5', 'penalties_saved_5', 'red_cards_5', 'yellow_cards_5', 'saves_5', 'starts_5', 'team_a_score_5', 'team_h_score_5', 'total_points_5', 'xGChain_5', 'xGBuildup_5', 'xP_5'] ['whh', 'whd', 'wha', 'was_home', 'team_h_difficulty', 'team_a_difficulty', 'ownership_change', 'percenatge_net_transfers', 'ict_index', 'influence', 'creativity', 'threat', 'clean_sheets_1', 'expected_goals_conceded_1', 'goals_conceded_1', 'goals_scored_1', 'ict_index_1', 'influence_1', 'creativity_1', 'threat_1', 'minutes_1', 'own_goals_1', 'penalties_saved_1', 'yellow_cards_1', 'saves_1', 'starts_1', 'team_a_score_1', 'team_h_score_1', 'total_points_1', 'xGChain_1', 'xGBuildup_1', 'xP_1', 'clean_sheets_2', 'expected_goals_conceded_2', 'goals_conceded_2', 'ict_index_2', 'influence_2', 'creativity_2', 'threat_2', 'minutes_2', 'own_goals_2', 'penalties_saved_2', 'red_cards_2', 'yellow_cards_2', 'saves_2', 'starts_2', 'team_a_score_2', 'team_h_score_2', 'total_points_2', 'xGChain_2', 'xGBuildup_2', 'xP_2', 'clean_sheets_3', 'expected_goals_conceded_3', 'goals_conceded_3', 'ict_index_3', 'influence_3', 'creativity_3', 'threat_3', 'minutes_3', 'own_goals_3', 'penalties_saved_3', 'red_cards_3', 'yellow_cards_3', 'saves_3', 'starts_3', 'team_a_score_3', 'team_h_score_3', 'total_points_3', 'xGChain_3', 'xGBuildup_3', 'xP_3', 'clean_sheets_4', 'expected_goals_conceded_4', 'goals_conceded_4', 'ict_index_4', 'influence_4', 'creativity_4', 'threat_4', 'minutes_4', 'own_goals_4', 'penalties_saved_4', 'red_cards_4', 'yellow_cards_4', 'saves_4', 'starts_4', 'team_a_score_4', 'team_h_score_4', 'total_points_4', 'xGChain_4', 'xGBuildup_4', 'xP_4', 'clean_sheets_5', 'expected_goals_conceded_5', 'goals_conceded_5', 'ict_index_5', 'influence_5', 'creativity_5', 'threat_5', 'minutes_5', 'own_goals_5', 'penalties_saved_5', 'red_cards_5', 'yellow_cards_5', 'saves_5', 'starts_5', 'team_a_score_5', 'team_h_score_5', 'total_points_5', 'xGChain_5', 'xGBuildup_5', 'xP_5']

2025-08-12 22:51:56,398:WARNING:C:\Users\Ilyas\AppData\Local\Temp\ipykernel_6704\433334168.py:1: SyntaxWarning: list indices must be integers or slices, not tuple; perhaps you missed a comma?
  f = ['whh', 'whd', 'wha', 'team_h_difficulty', 'team_a_difficulty', 'ownership_change', 'percenatge_net_transfers', 'ict_index', 'influence', 'creativity', 'threat', 'clean_sheets_1', 'expected_goals_conceded_1', 'goals_conceded_1', 'goals_scored_1', 'ict_index_1', 'influence_1', 'creativity_1', 'threat_1', 'minutes_1', 'own_goals_1', 'penalties_saved_1', 'yellow_cards_1', 'saves_1', 'starts_1', 'team_a_score_1', 'team_h_score_1', 'total_points_1', 'xGChain_1', 'xGBuildup_1', 'xP_1', 'clean_sheets_2', 'expected_goals_conceded_2', 'goals_conceded_2', 'ict_index_2', 'influence_2', 'creativity_2', 'threat_2', 'minutes_2', 'own_goals_2', 'penalties_saved_2', 'red_cards_2', 'yellow_cards_2', 'saves_2', 'starts_2', 'team_a_score_2', 'team_h_score_2', 'total_points_2', 'xGChain_2', 'xGBuildup_2', 'xP_2', 'clean_sheets_3', 'expected_goals_conceded_3', 'goals_conceded_3', 'ict_index_3', 'influence_3', 'creativity_3', 'threat_3', 'minutes_3', 'own_goals_3', 'penalties_saved_3', 'red_cards_3', 'yellow_cards_3', 'saves_3', 'starts_3', 'team_a_score_3', 'team_h_score_3', 'total_points_3', 'xGChain_3', 'xGBuildup_3', 'xP_3', 'clean_sheets_4', 'expected_goals_conceded_4', 'goals_conceded_4', 'ict_index_4', 'influence_4', 'creativity_4', 'threat_4', 'minutes_4', 'own_goals_4', 'penalties_saved_4', 'red_cards_4', 'yellow_cards_4', 'saves_4', 'starts_4', 'team_a_score_4', 'team_h_score_4', 'total_points_4', 'xGChain_4', 'xGBuildup_4', 'xP_4', 'clean_sheets_5', 'expected_goals_conceded_5', 'goals_conceded_5', 'ict_index_5', 'influence_5', 'creativity_5', 'threat_5', 'minutes_5', 'own_goals_5', 'penalties_saved_5', 'red_cards_5', 'yellow_cards_5', 'saves_5', 'starts_5', 'team_a_score_5', 'team_h_score_5', 'total_points_5', 'xGChain_5', 'xGBuildup_5', 'xP_5'] ['whh', 'whd', 'wha', 'was_home', 'team_h_difficulty', 'team_a_difficulty', 'ownership_change', 'percenatge_net_transfers', 'ict_index', 'influence', 'creativity', 'threat', 'clean_sheets_1', 'expected_goals_conceded_1', 'goals_conceded_1', 'goals_scored_1', 'ict_index_1', 'influence_1', 'creativity_1', 'threat_1', 'minutes_1', 'own_goals_1', 'penalties_saved_1', 'yellow_cards_1', 'saves_1', 'starts_1', 'team_a_score_1', 'team_h_score_1', 'total_points_1', 'xGChain_1', 'xGBuildup_1', 'xP_1', 'clean_sheets_2', 'expected_goals_conceded_2', 'goals_conceded_2', 'ict_index_2', 'influence_2', 'creativity_2', 'threat_2', 'minutes_2', 'own_goals_2', 'penalties_saved_2', 'red_cards_2', 'yellow_cards_2', 'saves_2', 'starts_2', 'team_a_score_2', 'team_h_score_2', 'total_points_2', 'xGChain_2', 'xGBuildup_2', 'xP_2', 'clean_sheets_3', 'expected_goals_conceded_3', 'goals_conceded_3', 'ict_index_3', 'influence_3', 'creativity_3', 'threat_3', 'minutes_3', 'own_goals_3', 'penalties_saved_3', 'red_cards_3', 'yellow_cards_3', 'saves_3', 'starts_3', 'team_a_score_3', 'team_h_score_3', 'total_points_3', 'xGChain_3', 'xGBuildup_3', 'xP_3', 'clean_sheets_4', 'expected_goals_conceded_4', 'goals_conceded_4', 'ict_index_4', 'influence_4', 'creativity_4', 'threat_4', 'minutes_4', 'own_goals_4', 'penalties_saved_4', 'red_cards_4', 'yellow_cards_4', 'saves_4', 'starts_4', 'team_a_score_4', 'team_h_score_4', 'total_points_4', 'xGChain_4', 'xGBuildup_4', 'xP_4', 'clean_sheets_5', 'expected_goals_conceded_5', 'goals_conceded_5', 'ict_index_5', 'influence_5', 'creativity_5', 'threat_5', 'minutes_5', 'own_goals_5', 'penalties_saved_5', 'red_cards_5', 'yellow_cards_5', 'saves_5', 'starts_5', 'team_a_score_5', 'team_h_score_5', 'total_points_5', 'xGChain_5', 'xGBuildup_5', 'xP_5']

2025-08-12 22:51:56,401:WARNING:C:\Users\Ilyas\AppData\Local\Temp\ipykernel_6704\433334168.py:1: SyntaxWarning: list indices must be integers or slices, not tuple; perhaps you missed a comma?
  f = ['whh', 'whd', 'wha', 'team_h_difficulty', 'team_a_difficulty', 'ownership_change', 'percenatge_net_transfers', 'ict_index', 'influence', 'creativity', 'threat', 'clean_sheets_1', 'expected_goals_conceded_1', 'goals_conceded_1', 'goals_scored_1', 'ict_index_1', 'influence_1', 'creativity_1', 'threat_1', 'minutes_1', 'own_goals_1', 'penalties_saved_1', 'yellow_cards_1', 'saves_1', 'starts_1', 'team_a_score_1', 'team_h_score_1', 'total_points_1', 'xGChain_1', 'xGBuildup_1', 'xP_1', 'clean_sheets_2', 'expected_goals_conceded_2', 'goals_conceded_2', 'ict_index_2', 'influence_2', 'creativity_2', 'threat_2', 'minutes_2', 'own_goals_2', 'penalties_saved_2', 'red_cards_2', 'yellow_cards_2', 'saves_2', 'starts_2', 'team_a_score_2', 'team_h_score_2', 'total_points_2', 'xGChain_2', 'xGBuildup_2', 'xP_2', 'clean_sheets_3', 'expected_goals_conceded_3', 'goals_conceded_3', 'ict_index_3', 'influence_3', 'creativity_3', 'threat_3', 'minutes_3', 'own_goals_3', 'penalties_saved_3', 'red_cards_3', 'yellow_cards_3', 'saves_3', 'starts_3', 'team_a_score_3', 'team_h_score_3', 'total_points_3', 'xGChain_3', 'xGBuildup_3', 'xP_3', 'clean_sheets_4', 'expected_goals_conceded_4', 'goals_conceded_4', 'ict_index_4', 'influence_4', 'creativity_4', 'threat_4', 'minutes_4', 'own_goals_4', 'penalties_saved_4', 'red_cards_4', 'yellow_cards_4', 'saves_4', 'starts_4', 'team_a_score_4', 'team_h_score_4', 'total_points_4', 'xGChain_4', 'xGBuildup_4', 'xP_4', 'clean_sheets_5', 'expected_goals_conceded_5', 'goals_conceded_5', 'ict_index_5', 'influence_5', 'creativity_5', 'threat_5', 'minutes_5', 'own_goals_5', 'penalties_saved_5', 'red_cards_5', 'yellow_cards_5', 'saves_5', 'starts_5', 'team_a_score_5', 'team_h_score_5', 'total_points_5', 'xGChain_5', 'xGBuildup_5', 'xP_5'] ['whh', 'whd', 'wha', 'was_home', 'team_h_difficulty', 'team_a_difficulty', 'ownership_change', 'percenatge_net_transfers', 'ict_index', 'influence', 'creativity', 'threat', 'clean_sheets_1', 'expected_goals_conceded_1', 'goals_conceded_1', 'goals_scored_1', 'ict_index_1', 'influence_1', 'creativity_1', 'threat_1', 'minutes_1', 'own_goals_1', 'penalties_saved_1', 'yellow_cards_1', 'saves_1', 'starts_1', 'team_a_score_1', 'team_h_score_1', 'total_points_1', 'xGChain_1', 'xGBuildup_1', 'xP_1', 'clean_sheets_2', 'expected_goals_conceded_2', 'goals_conceded_2', 'ict_index_2', 'influence_2', 'creativity_2', 'threat_2', 'minutes_2', 'own_goals_2', 'penalties_saved_2', 'red_cards_2', 'yellow_cards_2', 'saves_2', 'starts_2', 'team_a_score_2', 'team_h_score_2', 'total_points_2', 'xGChain_2', 'xGBuildup_2', 'xP_2', 'clean_sheets_3', 'expected_goals_conceded_3', 'goals_conceded_3', 'ict_index_3', 'influence_3', 'creativity_3', 'threat_3', 'minutes_3', 'own_goals_3', 'penalties_saved_3', 'red_cards_3', 'yellow_cards_3', 'saves_3', 'starts_3', 'team_a_score_3', 'team_h_score_3', 'total_points_3', 'xGChain_3', 'xGBuildup_3', 'xP_3', 'clean_sheets_4', 'expected_goals_conceded_4', 'goals_conceded_4', 'ict_index_4', 'influence_4', 'creativity_4', 'threat_4', 'minutes_4', 'own_goals_4', 'penalties_saved_4', 'red_cards_4', 'yellow_cards_4', 'saves_4', 'starts_4', 'team_a_score_4', 'team_h_score_4', 'total_points_4', 'xGChain_4', 'xGBuildup_4', 'xP_4', 'clean_sheets_5', 'expected_goals_conceded_5', 'goals_conceded_5', 'ict_index_5', 'influence_5', 'creativity_5', 'threat_5', 'minutes_5', 'own_goals_5', 'penalties_saved_5', 'red_cards_5', 'yellow_cards_5', 'saves_5', 'starts_5', 'team_a_score_5', 'team_h_score_5', 'total_points_5', 'xGChain_5', 'xGBuildup_5', 'xP_5']

2025-08-12 22:51:56,406:WARNING:C:\Users\Ilyas\AppData\Local\Temp\ipykernel_6704\433334168.py:1: SyntaxWarning: list indices must be integers or slices, not tuple; perhaps you missed a comma?
  f = ['whh', 'whd', 'wha', 'team_h_difficulty', 'team_a_difficulty', 'ownership_change', 'percenatge_net_transfers', 'ict_index', 'influence', 'creativity', 'threat', 'clean_sheets_1', 'expected_goals_conceded_1', 'goals_conceded_1', 'goals_scored_1', 'ict_index_1', 'influence_1', 'creativity_1', 'threat_1', 'minutes_1', 'own_goals_1', 'penalties_saved_1', 'yellow_cards_1', 'saves_1', 'starts_1', 'team_a_score_1', 'team_h_score_1', 'total_points_1', 'xGChain_1', 'xGBuildup_1', 'xP_1', 'clean_sheets_2', 'expected_goals_conceded_2', 'goals_conceded_2', 'ict_index_2', 'influence_2', 'creativity_2', 'threat_2', 'minutes_2', 'own_goals_2', 'penalties_saved_2', 'red_cards_2', 'yellow_cards_2', 'saves_2', 'starts_2', 'team_a_score_2', 'team_h_score_2', 'total_points_2', 'xGChain_2', 'xGBuildup_2', 'xP_2', 'clean_sheets_3', 'expected_goals_conceded_3', 'goals_conceded_3', 'ict_index_3', 'influence_3', 'creativity_3', 'threat_3', 'minutes_3', 'own_goals_3', 'penalties_saved_3', 'red_cards_3', 'yellow_cards_3', 'saves_3', 'starts_3', 'team_a_score_3', 'team_h_score_3', 'total_points_3', 'xGChain_3', 'xGBuildup_3', 'xP_3', 'clean_sheets_4', 'expected_goals_conceded_4', 'goals_conceded_4', 'ict_index_4', 'influence_4', 'creativity_4', 'threat_4', 'minutes_4', 'own_goals_4', 'penalties_saved_4', 'red_cards_4', 'yellow_cards_4', 'saves_4', 'starts_4', 'team_a_score_4', 'team_h_score_4', 'total_points_4', 'xGChain_4', 'xGBuildup_4', 'xP_4', 'clean_sheets_5', 'expected_goals_conceded_5', 'goals_conceded_5', 'ict_index_5', 'influence_5', 'creativity_5', 'threat_5', 'minutes_5', 'own_goals_5', 'penalties_saved_5', 'red_cards_5', 'yellow_cards_5', 'saves_5', 'starts_5', 'team_a_score_5', 'team_h_score_5', 'total_points_5', 'xGChain_5', 'xGBuildup_5', 'xP_5'] ['whh', 'whd', 'wha', 'was_home', 'team_h_difficulty', 'team_a_difficulty', 'ownership_change', 'percenatge_net_transfers', 'ict_index', 'influence', 'creativity', 'threat', 'clean_sheets_1', 'expected_goals_conceded_1', 'goals_conceded_1', 'goals_scored_1', 'ict_index_1', 'influence_1', 'creativity_1', 'threat_1', 'minutes_1', 'own_goals_1', 'penalties_saved_1', 'yellow_cards_1', 'saves_1', 'starts_1', 'team_a_score_1', 'team_h_score_1', 'total_points_1', 'xGChain_1', 'xGBuildup_1', 'xP_1', 'clean_sheets_2', 'expected_goals_conceded_2', 'goals_conceded_2', 'ict_index_2', 'influence_2', 'creativity_2', 'threat_2', 'minutes_2', 'own_goals_2', 'penalties_saved_2', 'red_cards_2', 'yellow_cards_2', 'saves_2', 'starts_2', 'team_a_score_2', 'team_h_score_2', 'total_points_2', 'xGChain_2', 'xGBuildup_2', 'xP_2', 'clean_sheets_3', 'expected_goals_conceded_3', 'goals_conceded_3', 'ict_index_3', 'influence_3', 'creativity_3', 'threat_3', 'minutes_3', 'own_goals_3', 'penalties_saved_3', 'red_cards_3', 'yellow_cards_3', 'saves_3', 'starts_3', 'team_a_score_3', 'team_h_score_3', 'total_points_3', 'xGChain_3', 'xGBuildup_3', 'xP_3', 'clean_sheets_4', 'expected_goals_conceded_4', 'goals_conceded_4', 'ict_index_4', 'influence_4', 'creativity_4', 'threat_4', 'minutes_4', 'own_goals_4', 'penalties_saved_4', 'red_cards_4', 'yellow_cards_4', 'saves_4', 'starts_4', 'team_a_score_4', 'team_h_score_4', 'total_points_4', 'xGChain_4', 'xGBuildup_4', 'xP_4', 'clean_sheets_5', 'expected_goals_conceded_5', 'goals_conceded_5', 'ict_index_5', 'influence_5', 'creativity_5', 'threat_5', 'minutes_5', 'own_goals_5', 'penalties_saved_5', 'red_cards_5', 'yellow_cards_5', 'saves_5', 'starts_5', 'team_a_score_5', 'team_h_score_5', 'total_points_5', 'xGChain_5', 'xGBuildup_5', 'xP_5']

2025-08-12 22:51:56,406:WARNING:C:\Users\Ilyas\AppData\Local\Temp\ipykernel_6704\433334168.py:1: SyntaxWarning: list indices must be integers or slices, not tuple; perhaps you missed a comma?
  f = ['whh', 'whd', 'wha', 'team_h_difficulty', 'team_a_difficulty', 'ownership_change', 'percenatge_net_transfers', 'ict_index', 'influence', 'creativity', 'threat', 'clean_sheets_1', 'expected_goals_conceded_1', 'goals_conceded_1', 'goals_scored_1', 'ict_index_1', 'influence_1', 'creativity_1', 'threat_1', 'minutes_1', 'own_goals_1', 'penalties_saved_1', 'yellow_cards_1', 'saves_1', 'starts_1', 'team_a_score_1', 'team_h_score_1', 'total_points_1', 'xGChain_1', 'xGBuildup_1', 'xP_1', 'clean_sheets_2', 'expected_goals_conceded_2', 'goals_conceded_2', 'ict_index_2', 'influence_2', 'creativity_2', 'threat_2', 'minutes_2', 'own_goals_2', 'penalties_saved_2', 'red_cards_2', 'yellow_cards_2', 'saves_2', 'starts_2', 'team_a_score_2', 'team_h_score_2', 'total_points_2', 'xGChain_2', 'xGBuildup_2', 'xP_2', 'clean_sheets_3', 'expected_goals_conceded_3', 'goals_conceded_3', 'ict_index_3', 'influence_3', 'creativity_3', 'threat_3', 'minutes_3', 'own_goals_3', 'penalties_saved_3', 'red_cards_3', 'yellow_cards_3', 'saves_3', 'starts_3', 'team_a_score_3', 'team_h_score_3', 'total_points_3', 'xGChain_3', 'xGBuildup_3', 'xP_3', 'clean_sheets_4', 'expected_goals_conceded_4', 'goals_conceded_4', 'ict_index_4', 'influence_4', 'creativity_4', 'threat_4', 'minutes_4', 'own_goals_4', 'penalties_saved_4', 'red_cards_4', 'yellow_cards_4', 'saves_4', 'starts_4', 'team_a_score_4', 'team_h_score_4', 'total_points_4', 'xGChain_4', 'xGBuildup_4', 'xP_4', 'clean_sheets_5', 'expected_goals_conceded_5', 'goals_conceded_5', 'ict_index_5', 'influence_5', 'creativity_5', 'threat_5', 'minutes_5', 'own_goals_5', 'penalties_saved_5', 'red_cards_5', 'yellow_cards_5', 'saves_5', 'starts_5', 'team_a_score_5', 'team_h_score_5', 'total_points_5', 'xGChain_5', 'xGBuildup_5', 'xP_5'] ['whh', 'whd', 'wha', 'was_home', 'team_h_difficulty', 'team_a_difficulty', 'ownership_change', 'percenatge_net_transfers', 'ict_index', 'influence', 'creativity', 'threat', 'clean_sheets_1', 'expected_goals_conceded_1', 'goals_conceded_1', 'goals_scored_1', 'ict_index_1', 'influence_1', 'creativity_1', 'threat_1', 'minutes_1', 'own_goals_1', 'penalties_saved_1', 'yellow_cards_1', 'saves_1', 'starts_1', 'team_a_score_1', 'team_h_score_1', 'total_points_1', 'xGChain_1', 'xGBuildup_1', 'xP_1', 'clean_sheets_2', 'expected_goals_conceded_2', 'goals_conceded_2', 'ict_index_2', 'influence_2', 'creativity_2', 'threat_2', 'minutes_2', 'own_goals_2', 'penalties_saved_2', 'red_cards_2', 'yellow_cards_2', 'saves_2', 'starts_2', 'team_a_score_2', 'team_h_score_2', 'total_points_2', 'xGChain_2', 'xGBuildup_2', 'xP_2', 'clean_sheets_3', 'expected_goals_conceded_3', 'goals_conceded_3', 'ict_index_3', 'influence_3', 'creativity_3', 'threat_3', 'minutes_3', 'own_goals_3', 'penalties_saved_3', 'red_cards_3', 'yellow_cards_3', 'saves_3', 'starts_3', 'team_a_score_3', 'team_h_score_3', 'total_points_3', 'xGChain_3', 'xGBuildup_3', 'xP_3', 'clean_sheets_4', 'expected_goals_conceded_4', 'goals_conceded_4', 'ict_index_4', 'influence_4', 'creativity_4', 'threat_4', 'minutes_4', 'own_goals_4', 'penalties_saved_4', 'red_cards_4', 'yellow_cards_4', 'saves_4', 'starts_4', 'team_a_score_4', 'team_h_score_4', 'total_points_4', 'xGChain_4', 'xGBuildup_4', 'xP_4', 'clean_sheets_5', 'expected_goals_conceded_5', 'goals_conceded_5', 'ict_index_5', 'influence_5', 'creativity_5', 'threat_5', 'minutes_5', 'own_goals_5', 'penalties_saved_5', 'red_cards_5', 'yellow_cards_5', 'saves_5', 'starts_5', 'team_a_score_5', 'team_h_score_5', 'total_points_5', 'xGChain_5', 'xGBuildup_5', 'xP_5']

2025-08-12 22:52:15,272:WARNING:<>:1: SyntaxWarning: list indices must be integers or slices, not tuple; perhaps you missed a comma?

2025-08-12 22:52:15,282:WARNING:<>:1: SyntaxWarning: list indices must be integers or slices, not tuple; perhaps you missed a comma?

2025-08-12 22:52:15,282:WARNING:C:\Users\Ilyas\AppData\Local\Temp\ipykernel_6704\3403761572.py:1: SyntaxWarning: list indices must be integers or slices, not tuple; perhaps you missed a comma?
  f = ['whh', 'whd', 'wha', 'team_h_difficulty', 'team_a_difficulty', 'ownership_change', 'percenatge_net_transfers', 'ict_index', 'influence', 'creativity', 'threat', 'clean_sheets_1', 'expected_goals_conceded_1', 'goals_conceded_1', 'goals_scored_1', 'ict_index_1', 'influence_1', 'creativity_1', 'threat_1', 'minutes_1', 'own_goals_1', 'penalties_saved_1', 'yellow_cards_1', 'saves_1', 'starts_1', 'team_a_score_1', 'team_h_score_1', 'total_points_1', 'xGChain_1', 'xGBuildup_1', 'xP_1', 'clean_sheets_2', 'expected_goals_conceded_2', 'goals_conceded_2', 'ict_index_2', 'influence_2', 'creativity_2', 'threat_2', 'minutes_2', 'own_goals_2', 'penalties_saved_2', 'red_cards_2', 'yellow_cards_2', 'saves_2', 'starts_2', 'team_a_score_2', 'team_h_score_2', 'total_points_2', 'xGChain_2', 'xGBuildup_2', 'xP_2', 'clean_sheets_3', 'expected_goals_conceded_3', 'goals_conceded_3', 'ict_index_3', 'influence_3', 'creativity_3', 'threat_3', 'minutes_3', 'own_goals_3', 'penalties_saved_3', 'red_cards_3', 'yellow_cards_3', 'saves_3', 'starts_3', 'team_a_score_3', 'team_h_score_3', 'total_points_3', 'xGChain_3', 'xGBuildup_3', 'xP_3', 'clean_sheets_4', 'expected_goals_conceded_4', 'goals_conceded_4', 'ict_index_4', 'influence_4', 'creativity_4', 'threat_4', 'minutes_4', 'own_goals_4', 'penalties_saved_4', 'red_cards_4', 'yellow_cards_4', 'saves_4', 'starts_4', 'team_a_score_4', 'team_h_score_4', 'total_points_4', 'xGChain_4', 'xGBuildup_4', 'xP_4', 'clean_sheets_5', 'expected_goals_conceded_5', 'goals_conceded_5', 'ict_index_5', 'influence_5', 'creativity_5', 'threat_5', 'minutes_5', 'own_goals_5', 'penalties_saved_5', 'red_cards_5', 'yellow_cards_5', 'saves_5', 'starts_5', 'team_a_score_5', 'team_h_score_5', 'total_points_5', 'xGChain_5', 'xGBuildup_5', 'xP_5'] ['whh', 'whd', 'wha', 'was_home', 'team_h_difficulty', 'team_a_difficulty', 'ownership_change', 'percenatge_net_transfers', 'ict_index', 'influence', 'creativity', 'threat', 'clean_sheets_1', 'expected_goals_conceded_1', 'goals_conceded_1', 'goals_scored_1', 'ict_index_1', 'influence_1', 'creativity_1', 'threat_1', 'minutes_1', 'own_goals_1', 'penalties_saved_1', 'yellow_cards_1', 'saves_1', 'starts_1', 'team_a_score_1', 'team_h_score_1', 'total_points_1', 'xGChain_1', 'xGBuildup_1', 'xP_1', 'clean_sheets_2', 'expected_goals_conceded_2', 'goals_conceded_2', 'ict_index_2', 'influence_2', 'creativity_2', 'threat_2', 'minutes_2', 'own_goals_2', 'penalties_saved_2', 'red_cards_2', 'yellow_cards_2', 'saves_2', 'starts_2', 'team_a_score_2', 'team_h_score_2', 'total_points_2', 'xGChain_2', 'xGBuildup_2', 'xP_2', 'clean_sheets_3', 'expected_goals_conceded_3', 'goals_conceded_3', 'ict_index_3', 'influence_3', 'creativity_3', 'threat_3', 'minutes_3', 'own_goals_3', 'penalties_saved_3', 'red_cards_3', 'yellow_cards_3', 'saves_3', 'starts_3', 'team_a_score_3', 'team_h_score_3', 'total_points_3', 'xGChain_3', 'xGBuildup_3', 'xP_3', 'clean_sheets_4', 'expected_goals_conceded_4', 'goals_conceded_4', 'ict_index_4', 'influence_4', 'creativity_4', 'threat_4', 'minutes_4', 'own_goals_4', 'penalties_saved_4', 'red_cards_4', 'yellow_cards_4', 'saves_4', 'starts_4', 'team_a_score_4', 'team_h_score_4', 'total_points_4', 'xGChain_4', 'xGBuildup_4', 'xP_4', 'clean_sheets_5', 'expected_goals_conceded_5', 'goals_conceded_5', 'ict_index_5', 'influence_5', 'creativity_5', 'threat_5', 'minutes_5', 'own_goals_5', 'penalties_saved_5', 'red_cards_5', 'yellow_cards_5', 'saves_5', 'starts_5', 'team_a_score_5', 'team_h_score_5', 'total_points_5', 'xGChain_5', 'xGBuildup_5', 'xP_5']

2025-08-12 22:52:15,383:WARNING:C:\Users\Ilyas\AppData\Local\Temp\ipykernel_6704\3403761572.py:1: SyntaxWarning: list indices must be integers or slices, not tuple; perhaps you missed a comma?
  f = ['whh', 'whd', 'wha', 'team_h_difficulty', 'team_a_difficulty', 'ownership_change', 'percenatge_net_transfers', 'ict_index', 'influence', 'creativity', 'threat', 'clean_sheets_1', 'expected_goals_conceded_1', 'goals_conceded_1', 'goals_scored_1', 'ict_index_1', 'influence_1', 'creativity_1', 'threat_1', 'minutes_1', 'own_goals_1', 'penalties_saved_1', 'yellow_cards_1', 'saves_1', 'starts_1', 'team_a_score_1', 'team_h_score_1', 'total_points_1', 'xGChain_1', 'xGBuildup_1', 'xP_1', 'clean_sheets_2', 'expected_goals_conceded_2', 'goals_conceded_2', 'ict_index_2', 'influence_2', 'creativity_2', 'threat_2', 'minutes_2', 'own_goals_2', 'penalties_saved_2', 'red_cards_2', 'yellow_cards_2', 'saves_2', 'starts_2', 'team_a_score_2', 'team_h_score_2', 'total_points_2', 'xGChain_2', 'xGBuildup_2', 'xP_2', 'clean_sheets_3', 'expected_goals_conceded_3', 'goals_conceded_3', 'ict_index_3', 'influence_3', 'creativity_3', 'threat_3', 'minutes_3', 'own_goals_3', 'penalties_saved_3', 'red_cards_3', 'yellow_cards_3', 'saves_3', 'starts_3', 'team_a_score_3', 'team_h_score_3', 'total_points_3', 'xGChain_3', 'xGBuildup_3', 'xP_3', 'clean_sheets_4', 'expected_goals_conceded_4', 'goals_conceded_4', 'ict_index_4', 'influence_4', 'creativity_4', 'threat_4', 'minutes_4', 'own_goals_4', 'penalties_saved_4', 'red_cards_4', 'yellow_cards_4', 'saves_4', 'starts_4', 'team_a_score_4', 'team_h_score_4', 'total_points_4', 'xGChain_4', 'xGBuildup_4', 'xP_4', 'clean_sheets_5', 'expected_goals_conceded_5', 'goals_conceded_5', 'ict_index_5', 'influence_5', 'creativity_5', 'threat_5', 'minutes_5', 'own_goals_5', 'penalties_saved_5', 'red_cards_5', 'yellow_cards_5', 'saves_5', 'starts_5', 'team_a_score_5', 'team_h_score_5', 'total_points_5', 'xGChain_5', 'xGBuildup_5', 'xP_5'] ['whh', 'whd', 'wha', 'was_home', 'team_h_difficulty', 'team_a_difficulty', 'ownership_change', 'percenatge_net_transfers', 'ict_index', 'influence', 'creativity', 'threat', 'clean_sheets_1', 'expected_goals_conceded_1', 'goals_conceded_1', 'goals_scored_1', 'ict_index_1', 'influence_1', 'creativity_1', 'threat_1', 'minutes_1', 'own_goals_1', 'penalties_saved_1', 'yellow_cards_1', 'saves_1', 'starts_1', 'team_a_score_1', 'team_h_score_1', 'total_points_1', 'xGChain_1', 'xGBuildup_1', 'xP_1', 'clean_sheets_2', 'expected_goals_conceded_2', 'goals_conceded_2', 'ict_index_2', 'influence_2', 'creativity_2', 'threat_2', 'minutes_2', 'own_goals_2', 'penalties_saved_2', 'red_cards_2', 'yellow_cards_2', 'saves_2', 'starts_2', 'team_a_score_2', 'team_h_score_2', 'total_points_2', 'xGChain_2', 'xGBuildup_2', 'xP_2', 'clean_sheets_3', 'expected_goals_conceded_3', 'goals_conceded_3', 'ict_index_3', 'influence_3', 'creativity_3', 'threat_3', 'minutes_3', 'own_goals_3', 'penalties_saved_3', 'red_cards_3', 'yellow_cards_3', 'saves_3', 'starts_3', 'team_a_score_3', 'team_h_score_3', 'total_points_3', 'xGChain_3', 'xGBuildup_3', 'xP_3', 'clean_sheets_4', 'expected_goals_conceded_4', 'goals_conceded_4', 'ict_index_4', 'influence_4', 'creativity_4', 'threat_4', 'minutes_4', 'own_goals_4', 'penalties_saved_4', 'red_cards_4', 'yellow_cards_4', 'saves_4', 'starts_4', 'team_a_score_4', 'team_h_score_4', 'total_points_4', 'xGChain_4', 'xGBuildup_4', 'xP_4', 'clean_sheets_5', 'expected_goals_conceded_5', 'goals_conceded_5', 'ict_index_5', 'influence_5', 'creativity_5', 'threat_5', 'minutes_5', 'own_goals_5', 'penalties_saved_5', 'red_cards_5', 'yellow_cards_5', 'saves_5', 'starts_5', 'team_a_score_5', 'team_h_score_5', 'total_points_5', 'xGChain_5', 'xGBuildup_5', 'xP_5']

2025-08-12 22:52:15,383:WARNING:C:\Users\Ilyas\AppData\Local\Temp\ipykernel_6704\3403761572.py:1: SyntaxWarning: list indices must be integers or slices, not tuple; perhaps you missed a comma?
  f = ['whh', 'whd', 'wha', 'team_h_difficulty', 'team_a_difficulty', 'ownership_change', 'percenatge_net_transfers', 'ict_index', 'influence', 'creativity', 'threat', 'clean_sheets_1', 'expected_goals_conceded_1', 'goals_conceded_1', 'goals_scored_1', 'ict_index_1', 'influence_1', 'creativity_1', 'threat_1', 'minutes_1', 'own_goals_1', 'penalties_saved_1', 'yellow_cards_1', 'saves_1', 'starts_1', 'team_a_score_1', 'team_h_score_1', 'total_points_1', 'xGChain_1', 'xGBuildup_1', 'xP_1', 'clean_sheets_2', 'expected_goals_conceded_2', 'goals_conceded_2', 'ict_index_2', 'influence_2', 'creativity_2', 'threat_2', 'minutes_2', 'own_goals_2', 'penalties_saved_2', 'red_cards_2', 'yellow_cards_2', 'saves_2', 'starts_2', 'team_a_score_2', 'team_h_score_2', 'total_points_2', 'xGChain_2', 'xGBuildup_2', 'xP_2', 'clean_sheets_3', 'expected_goals_conceded_3', 'goals_conceded_3', 'ict_index_3', 'influence_3', 'creativity_3', 'threat_3', 'minutes_3', 'own_goals_3', 'penalties_saved_3', 'red_cards_3', 'yellow_cards_3', 'saves_3', 'starts_3', 'team_a_score_3', 'team_h_score_3', 'total_points_3', 'xGChain_3', 'xGBuildup_3', 'xP_3', 'clean_sheets_4', 'expected_goals_conceded_4', 'goals_conceded_4', 'ict_index_4', 'influence_4', 'creativity_4', 'threat_4', 'minutes_4', 'own_goals_4', 'penalties_saved_4', 'red_cards_4', 'yellow_cards_4', 'saves_4', 'starts_4', 'team_a_score_4', 'team_h_score_4', 'total_points_4', 'xGChain_4', 'xGBuildup_4', 'xP_4', 'clean_sheets_5', 'expected_goals_conceded_5', 'goals_conceded_5', 'ict_index_5', 'influence_5', 'creativity_5', 'threat_5', 'minutes_5', 'own_goals_5', 'penalties_saved_5', 'red_cards_5', 'yellow_cards_5', 'saves_5', 'starts_5', 'team_a_score_5', 'team_h_score_5', 'total_points_5', 'xGChain_5', 'xGBuildup_5', 'xP_5'] ['whh', 'whd', 'wha', 'was_home', 'team_h_difficulty', 'team_a_difficulty', 'ownership_change', 'percenatge_net_transfers', 'ict_index', 'influence', 'creativity', 'threat', 'clean_sheets_1', 'expected_goals_conceded_1', 'goals_conceded_1', 'goals_scored_1', 'ict_index_1', 'influence_1', 'creativity_1', 'threat_1', 'minutes_1', 'own_goals_1', 'penalties_saved_1', 'yellow_cards_1', 'saves_1', 'starts_1', 'team_a_score_1', 'team_h_score_1', 'total_points_1', 'xGChain_1', 'xGBuildup_1', 'xP_1', 'clean_sheets_2', 'expected_goals_conceded_2', 'goals_conceded_2', 'ict_index_2', 'influence_2', 'creativity_2', 'threat_2', 'minutes_2', 'own_goals_2', 'penalties_saved_2', 'red_cards_2', 'yellow_cards_2', 'saves_2', 'starts_2', 'team_a_score_2', 'team_h_score_2', 'total_points_2', 'xGChain_2', 'xGBuildup_2', 'xP_2', 'clean_sheets_3', 'expected_goals_conceded_3', 'goals_conceded_3', 'ict_index_3', 'influence_3', 'creativity_3', 'threat_3', 'minutes_3', 'own_goals_3', 'penalties_saved_3', 'red_cards_3', 'yellow_cards_3', 'saves_3', 'starts_3', 'team_a_score_3', 'team_h_score_3', 'total_points_3', 'xGChain_3', 'xGBuildup_3', 'xP_3', 'clean_sheets_4', 'expected_goals_conceded_4', 'goals_conceded_4', 'ict_index_4', 'influence_4', 'creativity_4', 'threat_4', 'minutes_4', 'own_goals_4', 'penalties_saved_4', 'red_cards_4', 'yellow_cards_4', 'saves_4', 'starts_4', 'team_a_score_4', 'team_h_score_4', 'total_points_4', 'xGChain_4', 'xGBuildup_4', 'xP_4', 'clean_sheets_5', 'expected_goals_conceded_5', 'goals_conceded_5', 'ict_index_5', 'influence_5', 'creativity_5', 'threat_5', 'minutes_5', 'own_goals_5', 'penalties_saved_5', 'red_cards_5', 'yellow_cards_5', 'saves_5', 'starts_5', 'team_a_score_5', 'team_h_score_5', 'total_points_5', 'xGChain_5', 'xGBuildup_5', 'xP_5']

2025-08-12 22:52:15,383:WARNING:C:\Users\Ilyas\AppData\Local\Temp\ipykernel_6704\3403761572.py:1: SyntaxWarning: list indices must be integers or slices, not tuple; perhaps you missed a comma?
  f = ['whh', 'whd', 'wha', 'team_h_difficulty', 'team_a_difficulty', 'ownership_change', 'percenatge_net_transfers', 'ict_index', 'influence', 'creativity', 'threat', 'clean_sheets_1', 'expected_goals_conceded_1', 'goals_conceded_1', 'goals_scored_1', 'ict_index_1', 'influence_1', 'creativity_1', 'threat_1', 'minutes_1', 'own_goals_1', 'penalties_saved_1', 'yellow_cards_1', 'saves_1', 'starts_1', 'team_a_score_1', 'team_h_score_1', 'total_points_1', 'xGChain_1', 'xGBuildup_1', 'xP_1', 'clean_sheets_2', 'expected_goals_conceded_2', 'goals_conceded_2', 'ict_index_2', 'influence_2', 'creativity_2', 'threat_2', 'minutes_2', 'own_goals_2', 'penalties_saved_2', 'red_cards_2', 'yellow_cards_2', 'saves_2', 'starts_2', 'team_a_score_2', 'team_h_score_2', 'total_points_2', 'xGChain_2', 'xGBuildup_2', 'xP_2', 'clean_sheets_3', 'expected_goals_conceded_3', 'goals_conceded_3', 'ict_index_3', 'influence_3', 'creativity_3', 'threat_3', 'minutes_3', 'own_goals_3', 'penalties_saved_3', 'red_cards_3', 'yellow_cards_3', 'saves_3', 'starts_3', 'team_a_score_3', 'team_h_score_3', 'total_points_3', 'xGChain_3', 'xGBuildup_3', 'xP_3', 'clean_sheets_4', 'expected_goals_conceded_4', 'goals_conceded_4', 'ict_index_4', 'influence_4', 'creativity_4', 'threat_4', 'minutes_4', 'own_goals_4', 'penalties_saved_4', 'red_cards_4', 'yellow_cards_4', 'saves_4', 'starts_4', 'team_a_score_4', 'team_h_score_4', 'total_points_4', 'xGChain_4', 'xGBuildup_4', 'xP_4', 'clean_sheets_5', 'expected_goals_conceded_5', 'goals_conceded_5', 'ict_index_5', 'influence_5', 'creativity_5', 'threat_5', 'minutes_5', 'own_goals_5', 'penalties_saved_5', 'red_cards_5', 'yellow_cards_5', 'saves_5', 'starts_5', 'team_a_score_5', 'team_h_score_5', 'total_points_5', 'xGChain_5', 'xGBuildup_5', 'xP_5'] ['whh', 'whd', 'wha', 'was_home', 'team_h_difficulty', 'team_a_difficulty', 'ownership_change', 'percenatge_net_transfers', 'ict_index', 'influence', 'creativity', 'threat', 'clean_sheets_1', 'expected_goals_conceded_1', 'goals_conceded_1', 'goals_scored_1', 'ict_index_1', 'influence_1', 'creativity_1', 'threat_1', 'minutes_1', 'own_goals_1', 'penalties_saved_1', 'yellow_cards_1', 'saves_1', 'starts_1', 'team_a_score_1', 'team_h_score_1', 'total_points_1', 'xGChain_1', 'xGBuildup_1', 'xP_1', 'clean_sheets_2', 'expected_goals_conceded_2', 'goals_conceded_2', 'ict_index_2', 'influence_2', 'creativity_2', 'threat_2', 'minutes_2', 'own_goals_2', 'penalties_saved_2', 'red_cards_2', 'yellow_cards_2', 'saves_2', 'starts_2', 'team_a_score_2', 'team_h_score_2', 'total_points_2', 'xGChain_2', 'xGBuildup_2', 'xP_2', 'clean_sheets_3', 'expected_goals_conceded_3', 'goals_conceded_3', 'ict_index_3', 'influence_3', 'creativity_3', 'threat_3', 'minutes_3', 'own_goals_3', 'penalties_saved_3', 'red_cards_3', 'yellow_cards_3', 'saves_3', 'starts_3', 'team_a_score_3', 'team_h_score_3', 'total_points_3', 'xGChain_3', 'xGBuildup_3', 'xP_3', 'clean_sheets_4', 'expected_goals_conceded_4', 'goals_conceded_4', 'ict_index_4', 'influence_4', 'creativity_4', 'threat_4', 'minutes_4', 'own_goals_4', 'penalties_saved_4', 'red_cards_4', 'yellow_cards_4', 'saves_4', 'starts_4', 'team_a_score_4', 'team_h_score_4', 'total_points_4', 'xGChain_4', 'xGBuildup_4', 'xP_4', 'clean_sheets_5', 'expected_goals_conceded_5', 'goals_conceded_5', 'ict_index_5', 'influence_5', 'creativity_5', 'threat_5', 'minutes_5', 'own_goals_5', 'penalties_saved_5', 'red_cards_5', 'yellow_cards_5', 'saves_5', 'starts_5', 'team_a_score_5', 'team_h_score_5', 'total_points_5', 'xGChain_5', 'xGBuildup_5', 'xP_5']

2025-08-12 22:52:15,391:WARNING:C:\Users\Ilyas\AppData\Local\Temp\ipykernel_6704\3403761572.py:1: SyntaxWarning: list indices must be integers or slices, not tuple; perhaps you missed a comma?
  f = ['whh', 'whd', 'wha', 'team_h_difficulty', 'team_a_difficulty', 'ownership_change', 'percenatge_net_transfers', 'ict_index', 'influence', 'creativity', 'threat', 'clean_sheets_1', 'expected_goals_conceded_1', 'goals_conceded_1', 'goals_scored_1', 'ict_index_1', 'influence_1', 'creativity_1', 'threat_1', 'minutes_1', 'own_goals_1', 'penalties_saved_1', 'yellow_cards_1', 'saves_1', 'starts_1', 'team_a_score_1', 'team_h_score_1', 'total_points_1', 'xGChain_1', 'xGBuildup_1', 'xP_1', 'clean_sheets_2', 'expected_goals_conceded_2', 'goals_conceded_2', 'ict_index_2', 'influence_2', 'creativity_2', 'threat_2', 'minutes_2', 'own_goals_2', 'penalties_saved_2', 'red_cards_2', 'yellow_cards_2', 'saves_2', 'starts_2', 'team_a_score_2', 'team_h_score_2', 'total_points_2', 'xGChain_2', 'xGBuildup_2', 'xP_2', 'clean_sheets_3', 'expected_goals_conceded_3', 'goals_conceded_3', 'ict_index_3', 'influence_3', 'creativity_3', 'threat_3', 'minutes_3', 'own_goals_3', 'penalties_saved_3', 'red_cards_3', 'yellow_cards_3', 'saves_3', 'starts_3', 'team_a_score_3', 'team_h_score_3', 'total_points_3', 'xGChain_3', 'xGBuildup_3', 'xP_3', 'clean_sheets_4', 'expected_goals_conceded_4', 'goals_conceded_4', 'ict_index_4', 'influence_4', 'creativity_4', 'threat_4', 'minutes_4', 'own_goals_4', 'penalties_saved_4', 'red_cards_4', 'yellow_cards_4', 'saves_4', 'starts_4', 'team_a_score_4', 'team_h_score_4', 'total_points_4', 'xGChain_4', 'xGBuildup_4', 'xP_4', 'clean_sheets_5', 'expected_goals_conceded_5', 'goals_conceded_5', 'ict_index_5', 'influence_5', 'creativity_5', 'threat_5', 'minutes_5', 'own_goals_5', 'penalties_saved_5', 'red_cards_5', 'yellow_cards_5', 'saves_5', 'starts_5', 'team_a_score_5', 'team_h_score_5', 'total_points_5', 'xGChain_5', 'xGBuildup_5', 'xP_5'] ['whh', 'whd', 'wha', 'was_home', 'team_h_difficulty', 'team_a_difficulty', 'ownership_change', 'percenatge_net_transfers', 'ict_index', 'influence', 'creativity', 'threat', 'clean_sheets_1', 'expected_goals_conceded_1', 'goals_conceded_1', 'goals_scored_1', 'ict_index_1', 'influence_1', 'creativity_1', 'threat_1', 'minutes_1', 'own_goals_1', 'penalties_saved_1', 'yellow_cards_1', 'saves_1', 'starts_1', 'team_a_score_1', 'team_h_score_1', 'total_points_1', 'xGChain_1', 'xGBuildup_1', 'xP_1', 'clean_sheets_2', 'expected_goals_conceded_2', 'goals_conceded_2', 'ict_index_2', 'influence_2', 'creativity_2', 'threat_2', 'minutes_2', 'own_goals_2', 'penalties_saved_2', 'red_cards_2', 'yellow_cards_2', 'saves_2', 'starts_2', 'team_a_score_2', 'team_h_score_2', 'total_points_2', 'xGChain_2', 'xGBuildup_2', 'xP_2', 'clean_sheets_3', 'expected_goals_conceded_3', 'goals_conceded_3', 'ict_index_3', 'influence_3', 'creativity_3', 'threat_3', 'minutes_3', 'own_goals_3', 'penalties_saved_3', 'red_cards_3', 'yellow_cards_3', 'saves_3', 'starts_3', 'team_a_score_3', 'team_h_score_3', 'total_points_3', 'xGChain_3', 'xGBuildup_3', 'xP_3', 'clean_sheets_4', 'expected_goals_conceded_4', 'goals_conceded_4', 'ict_index_4', 'influence_4', 'creativity_4', 'threat_4', 'minutes_4', 'own_goals_4', 'penalties_saved_4', 'red_cards_4', 'yellow_cards_4', 'saves_4', 'starts_4', 'team_a_score_4', 'team_h_score_4', 'total_points_4', 'xGChain_4', 'xGBuildup_4', 'xP_4', 'clean_sheets_5', 'expected_goals_conceded_5', 'goals_conceded_5', 'ict_index_5', 'influence_5', 'creativity_5', 'threat_5', 'minutes_5', 'own_goals_5', 'penalties_saved_5', 'red_cards_5', 'yellow_cards_5', 'saves_5', 'starts_5', 'team_a_score_5', 'team_h_score_5', 'total_points_5', 'xGChain_5', 'xGBuildup_5', 'xP_5']

2025-08-12 22:54:20,221:WARNING:<>:1: SyntaxWarning: list indices must be integers or slices, not tuple; perhaps you missed a comma?

2025-08-12 22:54:20,227:WARNING:<>:1: SyntaxWarning: list indices must be integers or slices, not tuple; perhaps you missed a comma?

2025-08-12 22:54:20,235:WARNING:C:\Users\Ilyas\AppData\Local\Temp\ipykernel_6704\3664977302.py:1: SyntaxWarning: list indices must be integers or slices, not tuple; perhaps you missed a comma?
  f = ['whh', 'whd', 'wha', 'team_h_difficulty', 'team_a_difficulty', 'ownership_change', 'percenatge_net_transfers', 'ict_index', 'influence', 'creativity', 'threat', 'clean_sheets_1',

2025-08-12 22:54:20,299:WARNING:C:\Users\Ilyas\AppData\Local\Temp\ipykernel_6704\3664977302.py:1: SyntaxWarning: list indices must be integers or slices, not tuple; perhaps you missed a comma?
  f = ['whh', 'whd', 'wha', 'team_h_difficulty', 'team_a_difficulty', 'ownership_change', 'percenatge_net_transfers', 'ict_index', 'influence', 'creativity', 'threat', 'clean_sheets_1',

2025-08-12 22:54:20,299:WARNING:C:\Users\Ilyas\AppData\Local\Temp\ipykernel_6704\3664977302.py:1: SyntaxWarning: list indices must be integers or slices, not tuple; perhaps you missed a comma?
  f = ['whh', 'whd', 'wha', 'team_h_difficulty', 'team_a_difficulty', 'ownership_change', 'percenatge_net_transfers', 'ict_index', 'influence', 'creativity', 'threat', 'clean_sheets_1',

2025-08-12 22:54:20,299:WARNING:C:\Users\Ilyas\AppData\Local\Temp\ipykernel_6704\3664977302.py:1: SyntaxWarning: list indices must be integers or slices, not tuple; perhaps you missed a comma?
  f = ['whh', 'whd', 'wha', 'team_h_difficulty', 'team_a_difficulty', 'ownership_change', 'percenatge_net_transfers', 'ict_index', 'influence', 'creativity', 'threat', 'clean_sheets_1',

2025-08-12 22:54:20,307:WARNING:C:\Users\Ilyas\AppData\Local\Temp\ipykernel_6704\3664977302.py:1: SyntaxWarning: list indices must be integers or slices, not tuple; perhaps you missed a comma?
  f = ['whh', 'whd', 'wha', 'team_h_difficulty', 'team_a_difficulty', 'ownership_change', 'percenatge_net_transfers', 'ict_index', 'influence', 'creativity', 'threat', 'clean_sheets_1',

2025-08-12 22:55:50,678:WARNING:<>:1: SyntaxWarning: list indices must be integers or slices, not tuple; perhaps you missed a comma?

2025-08-12 22:55:50,688:WARNING:<>:1: SyntaxWarning: list indices must be integers or slices, not tuple; perhaps you missed a comma?

2025-08-12 22:55:50,694:WARNING:C:\Users\Ilyas\AppData\Local\Temp\ipykernel_6704\1043540735.py:1: SyntaxWarning: list indices must be integers or slices, not tuple; perhaps you missed a comma?
  f = ['whh', 'whd', 'wha', 'team_h_difficulty', 'team_a_difficulty', 'ownership_change', 'percenatge_net_transfers', 'ict_index', 'influence', 'creativity', 'threat', 'clean_sheets_1',

2025-08-12 22:55:50,785:WARNING:C:\Users\Ilyas\AppData\Local\Temp\ipykernel_6704\1043540735.py:1: SyntaxWarning: list indices must be integers or slices, not tuple; perhaps you missed a comma?
  f = ['whh', 'whd', 'wha', 'team_h_difficulty', 'team_a_difficulty', 'ownership_change', 'percenatge_net_transfers', 'ict_index', 'influence', 'creativity', 'threat', 'clean_sheets_1',

2025-08-12 22:55:50,788:WARNING:C:\Users\Ilyas\AppData\Local\Temp\ipykernel_6704\1043540735.py:1: SyntaxWarning: list indices must be integers or slices, not tuple; perhaps you missed a comma?
  f = ['whh', 'whd', 'wha', 'team_h_difficulty', 'team_a_difficulty', 'ownership_change', 'percenatge_net_transfers', 'ict_index', 'influence', 'creativity', 'threat', 'clean_sheets_1',

2025-08-12 22:55:50,791:WARNING:C:\Users\Ilyas\AppData\Local\Temp\ipykernel_6704\1043540735.py:1: SyntaxWarning: list indices must be integers or slices, not tuple; perhaps you missed a comma?
  f = ['whh', 'whd', 'wha', 'team_h_difficulty', 'team_a_difficulty', 'ownership_change', 'percenatge_net_transfers', 'ict_index', 'influence', 'creativity', 'threat', 'clean_sheets_1',

2025-08-12 22:55:50,792:WARNING:C:\Users\Ilyas\AppData\Local\Temp\ipykernel_6704\1043540735.py:1: SyntaxWarning: list indices must be integers or slices, not tuple; perhaps you missed a comma?
  f = ['whh', 'whd', 'wha', 'team_h_difficulty', 'team_a_difficulty', 'ownership_change', 'percenatge_net_transfers', 'ict_index', 'influence', 'creativity', 'threat', 'clean_sheets_1',

2025-08-12 22:56:03,105:WARNING:<>:1: SyntaxWarning: list indices must be integers or slices, not tuple; perhaps you missed a comma?

2025-08-12 22:56:03,113:WARNING:<>:1: SyntaxWarning: list indices must be integers or slices, not tuple; perhaps you missed a comma?

2025-08-12 22:56:03,123:WARNING:C:\Users\Ilyas\AppData\Local\Temp\ipykernel_6704\3576132945.py:1: SyntaxWarning: list indices must be integers or slices, not tuple; perhaps you missed a comma?
  f = list(['whh', 'whd', 'wha', 'team_h_difficulty', 'team_a_difficulty', 'ownership_change', 'percenatge_net_transfers', 'ict_index', 'influence', 'creativity', 'threat', 'clean_sheets_1',

2025-08-12 22:56:03,227:WARNING:C:\Users\Ilyas\AppData\Local\Temp\ipykernel_6704\3576132945.py:1: SyntaxWarning: list indices must be integers or slices, not tuple; perhaps you missed a comma?
  f = list(['whh', 'whd', 'wha', 'team_h_difficulty', 'team_a_difficulty', 'ownership_change', 'percenatge_net_transfers', 'ict_index', 'influence', 'creativity', 'threat', 'clean_sheets_1',

2025-08-12 22:56:03,233:WARNING:C:\Users\Ilyas\AppData\Local\Temp\ipykernel_6704\3576132945.py:1: SyntaxWarning: list indices must be integers or slices, not tuple; perhaps you missed a comma?
  f = list(['whh', 'whd', 'wha', 'team_h_difficulty', 'team_a_difficulty', 'ownership_change', 'percenatge_net_transfers', 'ict_index', 'influence', 'creativity', 'threat', 'clean_sheets_1',

2025-08-12 22:56:03,235:WARNING:C:\Users\Ilyas\AppData\Local\Temp\ipykernel_6704\3576132945.py:1: SyntaxWarning: list indices must be integers or slices, not tuple; perhaps you missed a comma?
  f = list(['whh', 'whd', 'wha', 'team_h_difficulty', 'team_a_difficulty', 'ownership_change', 'percenatge_net_transfers', 'ict_index', 'influence', 'creativity', 'threat', 'clean_sheets_1',

2025-08-12 22:56:03,240:WARNING:C:\Users\Ilyas\AppData\Local\Temp\ipykernel_6704\3576132945.py:1: SyntaxWarning: list indices must be integers or slices, not tuple; perhaps you missed a comma?
  f = list(['whh', 'whd', 'wha', 'team_h_difficulty', 'team_a_difficulty', 'ownership_change', 'percenatge_net_transfers', 'ict_index', 'influence', 'creativity', 'threat', 'clean_sheets_1',

2025-08-13 17:52:42,858:WARNING:
'cuml' is a soft dependency and not included in the pycaret installation. Please run: `pip install cuml` to install.
2025-08-13 17:52:42,895:WARNING:
'cuml' is a soft dependency and not included in the pycaret installation. Please run: `pip install cuml` to install.
2025-08-13 17:52:42,895:WARNING:
'cuml' is a soft dependency and not included in the pycaret installation. Please run: `pip install cuml` to install.
2025-08-13 17:52:42,895:WARNING:
'cuml' is a soft dependency and not included in the pycaret installation. Please run: `pip install cuml` to install.
2025-08-13 17:53:12,105:INFO:Initializing load_model()
2025-08-13 17:53:12,105:INFO:load_model(model_name=../g_cs_final_model, platform=None, authentication=None, verbose=True)
2025-08-13 17:53:12,632:INFO:Initializing predict_model()
2025-08-13 17:53:12,632:INFO:predict_model(self=<pycaret.classification.oop.ClassificationExperiment object at 0x0000020BCDAC79D0>, estimator=Pipeline(memory=Memory(location=None),
         steps=[('numerical_imputer',
                 TransformerWrapper(include=['whh', 'whd', 'wha',
                                             'team_h_difficulty',
                                             'team_a_difficulty',
                                             'ownership_change',
                                             'percenatge_net_transfers',
                                             'ict_index', 'influence',
                                             'creativity', 'threat',
                                             'clean_sheets_1',
                                             'expected_goals_conceded_1',
                                             'goals_conceded_1',
                                             'goals_scored_1', 'ict_index_1',
                                             'influence_...
                               feature_types=None, gamma=None, grow_policy=None,
                               importance_type=None,
                               interaction_constraints=None, learning_rate=None,
                               max_bin=None, max_cat_threshold=None,
                               max_cat_to_onehot=None, max_delta_step=None,
                               max_depth=None, max_leaves=None,
                               min_child_weight=None, missing=nan,
                               monotone_constraints=None, multi_strategy=None,
                               n_estimators=None, n_jobs=-1,
                               num_parallel_tree=None, random_state=5919, ...))]), probability_threshold=None, encoded_labels=False, raw_score=False, round=4, verbose=True, ml_usecase=None, preprocess=True, encode_labels=<function _SupervisedExperiment.predict_model.<locals>.encode_labels at 0x0000020BCFBEDA80>)
2025-08-13 17:53:12,632:INFO:Checking exceptions
2025-08-13 17:53:12,633:INFO:Preloading libraries
2025-08-13 17:53:12,633:INFO:Set up data.
2025-08-13 17:53:12,714:INFO:Set up index.
2025-08-13 17:56:24,626:INFO:Initializing load_model()
2025-08-13 17:56:24,626:INFO:load_model(model_name=../base_gk_cs_model, platform=None, authentication=None, verbose=True)
2025-08-13 17:56:45,651:INFO:Initializing load_model()
2025-08-13 17:56:45,652:INFO:load_model(model_name=../base_gk_cs_model.pkl.pkl, platform=None, authentication=None, verbose=True)
2025-08-13 17:56:51,174:INFO:Initializing load_model()
2025-08-13 17:56:51,174:INFO:load_model(model_name=../base_gk_cs_model.pkl, platform=None, authentication=None, verbose=True)
2025-08-13 17:56:51,309:INFO:Initializing predict_model()
2025-08-13 17:56:51,309:INFO:predict_model(self=<pycaret.classification.oop.ClassificationExperiment object at 0x0000020BC1279E50>, estimator=Pipeline(memory=Memory(location=None),
         steps=[('numerical_imputer',
                 TransformerWrapper(include=['whh', 'whd', 'wha',
                                             'team_h_difficulty',
                                             'team_a_difficulty',
                                             'ownership_change',
                                             'percenatge_net_transfers',
                                             'ict_index', 'influence',
                                             'creativity', 'threat',
                                             'clean_sheets_1',
                                             'expected_goals_conceded_1',
                                             'goals_conceded_1',
                                             'goals_scored_1', 'ict_index_1',
                                             'influence_...
                ('balance',
                 TransformerWrapper(transformer=FixImbalancer(estimator=SMOTE(random_state=123)))),
                ('normalize', TransformerWrapper(transformer=StandardScaler())),
                ('feature_selection',
                 TransformerWrapper(exclude=[],
                                    transformer=SelectFromModel(estimator=LGBMClassifier(),
                                                                max_features=22,
                                                                threshold=-inf))),
                ('actual_estimator', RidgeClassifier(random_state=123))]), probability_threshold=None, encoded_labels=False, raw_score=False, round=4, verbose=True, ml_usecase=None, preprocess=True, encode_labels=<function _SupervisedExperiment.predict_model.<locals>.encode_labels at 0x0000020BD6AC2200>)
2025-08-13 17:56:51,309:INFO:Checking exceptions
2025-08-13 17:56:51,309:INFO:Preloading libraries
2025-08-13 17:56:51,309:INFO:Set up data.
2025-08-13 17:56:51,515:INFO:Set up index.
2025-08-13 17:57:01,994:INFO:Initializing load_model()
2025-08-13 17:57:01,994:INFO:load_model(model_name=../base_gk_cs_model.pkl, platform=None, authentication=None, verbose=True)
2025-08-13 17:57:02,104:INFO:Initializing predict_model()
2025-08-13 17:57:02,104:INFO:predict_model(self=<pycaret.classification.oop.ClassificationExperiment object at 0x0000020BD5B90BD0>, estimator=Pipeline(memory=Memory(location=None),
         steps=[('numerical_imputer',
                 TransformerWrapper(include=['whh', 'whd', 'wha',
                                             'team_h_difficulty',
                                             'team_a_difficulty',
                                             'ownership_change',
                                             'percenatge_net_transfers',
                                             'ict_index', 'influence',
                                             'creativity', 'threat',
                                             'clean_sheets_1',
                                             'expected_goals_conceded_1',
                                             'goals_conceded_1',
                                             'goals_scored_1', 'ict_index_1',
                                             'influence_...
                ('balance',
                 TransformerWrapper(transformer=FixImbalancer(estimator=SMOTE(random_state=123)))),
                ('normalize', TransformerWrapper(transformer=StandardScaler())),
                ('feature_selection',
                 TransformerWrapper(exclude=[],
                                    transformer=SelectFromModel(estimator=LGBMClassifier(),
                                                                max_features=22,
                                                                threshold=-inf))),
                ('actual_estimator', RidgeClassifier(random_state=123))]), probability_threshold=None, encoded_labels=False, raw_score=False, round=4, verbose=True, ml_usecase=None, preprocess=True, encode_labels=<function _SupervisedExperiment.predict_model.<locals>.encode_labels at 0x0000020BC1236DE0>)
2025-08-13 17:57:02,104:INFO:Checking exceptions
2025-08-13 17:57:02,125:INFO:Preloading libraries
2025-08-13 17:57:02,126:INFO:Set up data.
2025-08-13 17:57:02,369:INFO:Set up index.
2025-08-13 18:10:56,254:WARNING:
'cuml' is a soft dependency and not included in the pycaret installation. Please run: `pip install cuml` to install.
2025-08-13 18:10:56,254:WARNING:
'cuml' is a soft dependency and not included in the pycaret installation. Please run: `pip install cuml` to install.
2025-08-13 18:10:56,254:WARNING:
'cuml' is a soft dependency and not included in the pycaret installation. Please run: `pip install cuml` to install.
2025-08-13 18:10:56,254:WARNING:
'cuml' is a soft dependency and not included in the pycaret installation. Please run: `pip install cuml` to install.
2025-08-13 18:11:31,413:INFO:Initializing load_model()
2025-08-13 18:11:31,413:INFO:load_model(model_name=../g_cs_final_model, platform=None, authentication=None, verbose=True)
2025-08-13 18:11:31,757:INFO:Initializing predict_model()
2025-08-13 18:11:31,757:INFO:predict_model(self=<pycaret.classification.oop.ClassificationExperiment object at 0x0000021EBE41F4D0>, estimator=Pipeline(memory=Memory(location=None),
         steps=[('numerical_imputer',
                 TransformerWrapper(include=['whh', 'whd', 'wha',
                                             'team_h_difficulty',
                                             'team_a_difficulty',
                                             'ownership_change',
                                             'percenatge_net_transfers',
                                             'ict_index', 'influence',
                                             'creativity', 'threat',
                                             'clean_sheets_1',
                                             'expected_goals_conceded_1',
                                             'goals_conceded_1',
                                             'goals_scored_1', 'ict_index_1',
                                             'influence_...
                               feature_types=None, gamma=None, grow_policy=None,
                               importance_type=None,
                               interaction_constraints=None, learning_rate=None,
                               max_bin=None, max_cat_threshold=None,
                               max_cat_to_onehot=None, max_delta_step=None,
                               max_depth=None, max_leaves=None,
                               min_child_weight=None, missing=nan,
                               monotone_constraints=None, multi_strategy=None,
                               n_estimators=None, n_jobs=-1,
                               num_parallel_tree=None, random_state=5919, ...))]), probability_threshold=None, encoded_labels=False, raw_score=False, round=4, verbose=True, ml_usecase=None, preprocess=True, encode_labels=<function _SupervisedExperiment.predict_model.<locals>.encode_labels at 0x0000021EC0700D60>)
2025-08-13 18:11:31,757:INFO:Checking exceptions
2025-08-13 18:11:31,757:INFO:Preloading libraries
2025-08-13 18:11:31,757:INFO:Set up data.
2025-08-13 18:11:32,051:INFO:Set up index.
2025-08-13 18:12:06,304:INFO:Initializing load_model()
2025-08-13 18:12:06,304:INFO:load_model(model_name=../base_gk_cs_model, platform=None, authentication=None, verbose=True)
2025-08-13 18:12:38,303:INFO:Initializing load_model()
2025-08-13 18:12:38,303:INFO:load_model(model_name=../base_gk_cs_model, platform=None, authentication=None, verbose=True)
2025-08-13 18:12:38,465:INFO:Initializing predict_model()
2025-08-13 18:12:38,465:INFO:predict_model(self=<pycaret.classification.oop.ClassificationExperiment object at 0x0000020BC1478950>, estimator=Pipeline(memory=Memory(location=None),
         steps=[('numerical_imputer',
                 TransformerWrapper(include=['whh', 'whd', 'wha',
                                             'team_h_difficulty',
                                             'team_a_difficulty',
                                             'ownership_change',
                                             'percenatge_net_transfers',
                                             'ict_index', 'influence',
                                             'creativity', 'threat',
                                             'clean_sheets_1',
                                             'expected_goals_conceded_1',
                                             'goals_conceded_1',
                                             'goals_scored_1', 'ict_index_1',
                                             'influence_...
                ('balance',
                 TransformerWrapper(transformer=FixImbalancer(estimator=SMOTE(random_state=123)))),
                ('normalize', TransformerWrapper(transformer=StandardScaler())),
                ('feature_selection',
                 TransformerWrapper(exclude=[],
                                    transformer=SelectFromModel(estimator=LGBMClassifier(),
                                                                max_features=22,
                                                                threshold=-inf))),
                ('actual_estimator', RidgeClassifier(random_state=123))]), probability_threshold=None, encoded_labels=False, raw_score=False, round=4, verbose=True, ml_usecase=None, preprocess=True, encode_labels=<function _SupervisedExperiment.predict_model.<locals>.encode_labels at 0x0000020BD5D24360>)
2025-08-13 18:12:38,465:INFO:Checking exceptions
2025-08-13 18:12:38,466:INFO:Preloading libraries
2025-08-13 18:12:38,466:INFO:Set up data.
2025-08-13 18:12:38,641:INFO:Set up index.
2025-08-13 18:28:08,530:INFO:Initializing load_model()
2025-08-13 18:28:08,530:INFO:load_model(model_name=../base_gk_cs_model, platform=None, authentication=None, verbose=True)
2025-08-13 18:28:08,786:INFO:Initializing predict_model()
2025-08-13 18:28:08,786:INFO:predict_model(self=<pycaret.classification.oop.ClassificationExperiment object at 0x0000020BD0ED57D0>, estimator=Pipeline(memory=Memory(location=None),
         steps=[('numerical_imputer',
                 TransformerWrapper(include=['whh', 'whd', 'wha',
                                             'team_h_difficulty',
                                             'team_a_difficulty',
                                             'ownership_change',
                                             'percenatge_net_transfers',
                                             'ict_index', 'influence',
                                             'creativity', 'threat',
                                             'clean_sheets_1',
                                             'expected_goals_conceded_1',
                                             'goals_conceded_1',
                                             'goals_scored_1', 'ict_index_1',
                                             'influence_...
                 TransformerWrapper(transformer=FixImbalancer(estimator=SMOTE(random_state=123)))),
                ('normalize', TransformerWrapper(transformer=StandardScaler())),
                ('feature_selection',
                 TransformerWrapper(exclude=[],
                                    transformer=SelectFromModel(estimator=LGBMClassifier(),
                                                                max_features=22,
                                                                threshold=-inf))),
                ('actual_estimator',
                 LogisticRegression(max_iter=1000, random_state=123))]), probability_threshold=None, encoded_labels=False, raw_score=False, round=4, verbose=True, ml_usecase=None, preprocess=True, encode_labels=<function _SupervisedExperiment.predict_model.<locals>.encode_labels at 0x0000020BC263D120>)
2025-08-13 18:28:08,786:INFO:Checking exceptions
2025-08-13 18:28:08,786:INFO:Preloading libraries
2025-08-13 18:28:08,786:INFO:Set up data.
2025-08-13 18:28:08,852:INFO:Set up index.
2025-08-13 18:28:09,435:INFO:Initializing predict_model()
2025-08-13 18:28:09,436:INFO:predict_model(self=<pycaret.classification.oop.ClassificationExperiment object at 0x0000020BCDA2D3D0>, estimator=Pipeline(memory=Memory(location=None),
         steps=[('numerical_imputer',
                 TransformerWrapper(include=['whh', 'whd', 'wha',
                                             'team_h_difficulty',
                                             'team_a_difficulty',
                                             'ownership_change',
                                             'percenatge_net_transfers',
                                             'ict_index', 'influence',
                                             'creativity', 'threat',
                                             'clean_sheets_1',
                                             'expected_goals_conceded_1',
                                             'goals_conceded_1',
                                             'goals_scored_1', 'ict_index_1',
                                             'influence_...
                 TransformerWrapper(transformer=FixImbalancer(estimator=SMOTE(random_state=123)))),
                ('normalize', TransformerWrapper(transformer=StandardScaler())),
                ('feature_selection',
                 TransformerWrapper(exclude=[],
                                    transformer=SelectFromModel(estimator=LGBMClassifier(),
                                                                max_features=22,
                                                                threshold=-inf))),
                ('actual_estimator',
                 LogisticRegression(max_iter=1000, random_state=123))]), probability_threshold=None, encoded_labels=False, raw_score=False, round=4, verbose=True, ml_usecase=None, preprocess=True, encode_labels=<function _SupervisedExperiment.predict_model.<locals>.encode_labels at 0x0000020BD5CD0B80>)
2025-08-13 18:28:09,436:INFO:Checking exceptions
2025-08-13 18:28:09,436:INFO:Preloading libraries
2025-08-13 18:28:09,437:INFO:Set up data.
2025-08-13 18:28:09,637:INFO:Set up index.
2025-08-13 18:28:10,039:WARNING:C:\Users\Ilyas\AppData\Local\Temp\ipykernel_4736\2771271112.py:24: SettingWithCopyWarning: 
A value is trying to be set on a copy of a slice from a DataFrame.
Try using .loc[row_indexer,col_indexer] = value instead

See the caveats in the documentation: https://pandas.pydata.org/pandas-docs/stable/user_guide/indexing.html#returning-a-view-versus-a-copy
  data_36_gk['cs_preds'] = g_cs_preds_36['prediction_label']

2025-08-13 18:28:10,471:INFO:PyCaret ClassificationExperiment
2025-08-13 18:28:10,471:INFO:Logging name: clf-default-name
2025-08-13 18:28:10,471:INFO:ML Usecase: MLUsecase.CLASSIFICATION
2025-08-13 18:28:10,471:INFO:version 3.3.2
2025-08-13 18:28:10,471:INFO:Initializing setup()
2025-08-13 18:28:10,471:INFO:self.USI: 469b
2025-08-13 18:28:10,471:INFO:self._variable_keys: {'pipeline', 'gpu_n_jobs_param', 'fold_generator', 'fold_groups_param', 'exp_name_log', 'USI', 'html_param', 'target_param', 'n_jobs_param', 'exp_id', 'X_test', 'fix_imbalance', 'seed', 'y', 'log_plots_param', 'idx', 'data', 'y_test', 'y_train', 'is_multiclass', 'fold_shuffle_param', 'memory', 'gpu_param', 'logging_param', 'X', '_available_plots', '_ml_usecase', 'X_train'}
2025-08-13 18:28:10,471:INFO:Checking environment
2025-08-13 18:28:10,471:INFO:python_version: 3.11.11
2025-08-13 18:28:10,471:INFO:python_build: ('main', 'Dec 11 2024 16:34:19')
2025-08-13 18:28:10,471:INFO:machine: AMD64
2025-08-13 18:28:10,471:INFO:platform: Windows-10-10.0.22631-SP0
2025-08-13 18:28:10,471:INFO:Memory: svmem(total=17067888640, available=2654822400, percent=84.4, used=14413066240, free=2654822400)
2025-08-13 18:28:10,471:INFO:Physical Core: 2
2025-08-13 18:28:10,471:INFO:Logical Core: 4
2025-08-13 18:28:10,471:INFO:Checking libraries
2025-08-13 18:28:10,471:INFO:System:
2025-08-13 18:28:10,471:INFO:    python: 3.11.11 | packaged by Anaconda, Inc. | (main, Dec 11 2024, 16:34:19) [MSC v.1929 64 bit (AMD64)]
2025-08-13 18:28:10,471:INFO:executable: c:\Users\Ilyas\anaconda3\envs\Pycaret\python.exe
2025-08-13 18:28:10,471:INFO:   machine: Windows-10-10.0.22631-SP0
2025-08-13 18:28:10,471:INFO:PyCaret required dependencies:
2025-08-13 18:28:10,471:INFO:                 pip: 25.0
2025-08-13 18:28:10,471:INFO:          setuptools: 65.5.0
2025-08-13 18:28:10,471:INFO:             pycaret: 3.3.2
2025-08-13 18:28:10,471:INFO:             IPython: 8.30.0
2025-08-13 18:28:10,471:INFO:          ipywidgets: 8.1.5
2025-08-13 18:28:10,471:INFO:                tqdm: 4.67.1
2025-08-13 18:28:10,471:INFO:               numpy: 1.26.4
2025-08-13 18:28:10,471:INFO:              pandas: 2.1.4
2025-08-13 18:28:10,471:INFO:              jinja2: 3.1.5
2025-08-13 18:28:10,471:INFO:               scipy: 1.11.4
2025-08-13 18:28:10,471:INFO:              joblib: 1.3.2
2025-08-13 18:28:10,471:INFO:             sklearn: 1.4.2
2025-08-13 18:28:10,471:INFO:                pyod: 2.0.3
2025-08-13 18:28:10,471:INFO:            imblearn: 0.13.0
2025-08-13 18:28:10,471:INFO:   category_encoders: 2.7.0
2025-08-13 18:28:10,471:INFO:            lightgbm: 4.6.0
2025-08-13 18:28:10,471:INFO:               numba: 0.61.0
2025-08-13 18:28:10,471:INFO:            requests: 2.32.3
2025-08-13 18:28:10,471:INFO:          matplotlib: 3.7.5
2025-08-13 18:28:10,471:INFO:          scikitplot: 0.3.7
2025-08-13 18:28:10,471:INFO:         yellowbrick: 1.5
2025-08-13 18:28:10,471:INFO:              plotly: 5.24.1
2025-08-13 18:28:10,471:INFO:    plotly-resampler: Not installed
2025-08-13 18:28:10,471:INFO:             kaleido: 0.2.1
2025-08-13 18:28:10,471:INFO:           schemdraw: 0.15
2025-08-13 18:28:10,471:INFO:         statsmodels: 0.14.4
2025-08-13 18:28:10,471:INFO:              sktime: 0.26.0
2025-08-13 18:28:10,471:INFO:               tbats: 1.1.3
2025-08-13 18:28:10,471:INFO:            pmdarima: 2.0.4
2025-08-13 18:28:10,471:INFO:              psutil: 5.9.0
2025-08-13 18:28:10,471:INFO:          markupsafe: 3.0.2
2025-08-13 18:28:10,471:INFO:             pickle5: Not installed
2025-08-13 18:28:10,471:INFO:         cloudpickle: 3.0.0
2025-08-13 18:28:10,471:INFO:         deprecation: 2.1.0
2025-08-13 18:28:10,471:INFO:              xxhash: 3.5.0
2025-08-13 18:28:10,471:INFO:           wurlitzer: Not installed
2025-08-13 18:28:10,471:INFO:PyCaret optional dependencies:
2025-08-13 18:28:10,486:INFO:                shap: Not installed
2025-08-13 18:28:10,486:INFO:           interpret: Not installed
2025-08-13 18:28:10,486:INFO:                umap: Not installed
2025-08-13 18:28:10,486:INFO:     ydata_profiling: Not installed
2025-08-13 18:28:10,486:INFO:  explainerdashboard: Not installed
2025-08-13 18:28:10,486:INFO:             autoviz: Not installed
2025-08-13 18:28:10,486:INFO:           fairlearn: Not installed
2025-08-13 18:28:10,486:INFO:          deepchecks: Not installed
2025-08-13 18:28:10,486:INFO:             xgboost: 2.1.1
2025-08-13 18:28:10,486:INFO:            catboost: Not installed
2025-08-13 18:28:10,486:INFO:              kmodes: Not installed
2025-08-13 18:28:10,486:INFO:             mlxtend: Not installed
2025-08-13 18:28:10,486:INFO:       statsforecast: Not installed
2025-08-13 18:28:10,486:INFO:        tune_sklearn: Not installed
2025-08-13 18:28:10,486:INFO:                 ray: Not installed
2025-08-13 18:28:10,486:INFO:            hyperopt: 0.2.7
2025-08-13 18:28:10,486:INFO:              optuna: 4.3.0
2025-08-13 18:28:10,486:INFO:               skopt: 0.10.2
2025-08-13 18:28:10,486:INFO:              mlflow: Not installed
2025-08-13 18:28:10,486:INFO:              gradio: Not installed
2025-08-13 18:28:10,486:INFO:             fastapi: Not installed
2025-08-13 18:28:10,486:INFO:             uvicorn: Not installed
2025-08-13 18:28:10,486:INFO:              m2cgen: Not installed
2025-08-13 18:28:10,486:INFO:           evidently: Not installed
2025-08-13 18:28:10,486:INFO:               fugue: Not installed
2025-08-13 18:28:10,486:INFO:           streamlit: Not installed
2025-08-13 18:28:10,486:INFO:             prophet: Not installed
2025-08-13 18:28:10,486:INFO:None
2025-08-13 18:28:10,502:INFO:Set up data.
2025-08-13 18:28:10,554:INFO:Set up folding strategy.
2025-08-13 18:28:10,554:INFO:Set up train/test split.
2025-08-13 18:28:10,648:INFO:Set up index.
2025-08-13 18:28:10,648:INFO:Assigning column types.
2025-08-13 18:28:10,768:INFO:Engine successfully changes for model 'lr' to 'sklearn'.
2025-08-13 18:28:10,838:INFO:Engine for model 'knn' has not been set explicitly, hence returning None.
2025-08-13 18:28:10,853:INFO:Engine for model 'rbfsvm' has not been set explicitly, hence returning None.
2025-08-13 18:28:10,919:INFO:Soft dependency imported: xgboost: 2.1.1
2025-08-13 18:28:10,919:WARNING:
'catboost' is a soft dependency and not included in the pycaret installation. Please run: `pip install catboost` to install.
Alternately, you can install this by running `pip install pycaret[models]`
2025-08-13 18:28:11,001:INFO:Engine for model 'knn' has not been set explicitly, hence returning None.
2025-08-13 18:28:11,003:INFO:Engine for model 'rbfsvm' has not been set explicitly, hence returning None.
2025-08-13 18:28:11,059:INFO:Soft dependency imported: xgboost: 2.1.1
2025-08-13 18:28:11,061:WARNING:
'catboost' is a soft dependency and not included in the pycaret installation. Please run: `pip install catboost` to install.
Alternately, you can install this by running `pip install pycaret[models]`
2025-08-13 18:28:11,061:INFO:Engine successfully changes for model 'knn' to 'sklearn'.
2025-08-13 18:28:11,209:INFO:Engine for model 'rbfsvm' has not been set explicitly, hence returning None.
2025-08-13 18:28:11,324:INFO:Soft dependency imported: xgboost: 2.1.1
2025-08-13 18:28:11,341:WARNING:
'catboost' is a soft dependency and not included in the pycaret installation. Please run: `pip install catboost` to install.
Alternately, you can install this by running `pip install pycaret[models]`
2025-08-13 18:28:11,513:INFO:Engine for model 'rbfsvm' has not been set explicitly, hence returning None.
2025-08-13 18:28:11,571:INFO:Soft dependency imported: xgboost: 2.1.1
2025-08-13 18:28:11,571:WARNING:
'catboost' is a soft dependency and not included in the pycaret installation. Please run: `pip install catboost` to install.
Alternately, you can install this by running `pip install pycaret[models]`
2025-08-13 18:28:11,571:INFO:Engine successfully changes for model 'rbfsvm' to 'sklearn'.
2025-08-13 18:28:11,680:INFO:Soft dependency imported: xgboost: 2.1.1
2025-08-13 18:28:11,695:WARNING:
'catboost' is a soft dependency and not included in the pycaret installation. Please run: `pip install catboost` to install.
Alternately, you can install this by running `pip install pycaret[models]`
2025-08-13 18:28:11,873:INFO:Soft dependency imported: xgboost: 2.1.1
2025-08-13 18:28:11,873:WARNING:
'catboost' is a soft dependency and not included in the pycaret installation. Please run: `pip install catboost` to install.
Alternately, you can install this by running `pip install pycaret[models]`
2025-08-13 18:28:11,873:INFO:Preparing preprocessing pipeline...
2025-08-13 18:28:11,891:INFO:Set up simple imputation.
2025-08-13 18:28:12,123:INFO:Finished creating preprocessing pipeline.
2025-08-13 18:28:12,123:INFO:Pipeline: Pipeline(memory=FastMemory(location=C:\Users\Ilyas\AppData\Local\Temp\joblib),
         steps=[('numerical_imputer',
                 TransformerWrapper(exclude=None,
                                    include=['whh', 'whd', 'wha',
                                             'team_h_difficulty',
                                             'team_a_difficulty',
                                             'ownership_change',
                                             'percenatge_net_transfers',
                                             'ict_index', 'influence',
                                             'creativity', 'threat',
                                             'clean_sheets_1',
                                             'expected_goals_conceded_1',
                                             'goals_c...
                                    transformer=SimpleImputer(add_indicator=False,
                                                              copy=True,
                                                              fill_value=None,
                                                              keep_empty_features=False,
                                                              missing_values=nan,
                                                              strategy='mean'))),
                ('categorical_imputer',
                 TransformerWrapper(exclude=None, include=[],
                                    transformer=SimpleImputer(add_indicator=False,
                                                              copy=True,
                                                              fill_value=None,
                                                              keep_empty_features=False,
                                                              missing_values=nan,
                                                              strategy='most_frequent')))],
         verbose=False)
2025-08-13 18:28:12,134:INFO:Creating final display dataframe.
2025-08-13 18:28:12,768:INFO:Setup _display_container:                     Description             Value
0                    Session id               123
1                        Target      clean_sheets
2                   Target type        Multiclass
3           Original data shape      (11077, 112)
4        Transformed data shape      (11077, 112)
5   Transformed train set shape       (7753, 112)
6    Transformed test set shape       (3324, 112)
7              Numeric features               111
8      Rows with missing values             21.8%
9                    Preprocess              True
10              Imputation type            simple
11           Numeric imputation              mean
12       Categorical imputation              mode
13               Fold Generator   StratifiedKFold
14                  Fold Number                10
15                     CPU Jobs                -1
16                      Use GPU             False
17               Log Experiment             False
18              Experiment Name  clf-default-name
19                          USI              469b
2025-08-13 18:28:12,887:INFO:Soft dependency imported: xgboost: 2.1.1
2025-08-13 18:28:12,887:WARNING:
'catboost' is a soft dependency and not included in the pycaret installation. Please run: `pip install catboost` to install.
Alternately, you can install this by running `pip install pycaret[models]`
2025-08-13 18:28:12,997:INFO:Soft dependency imported: xgboost: 2.1.1
2025-08-13 18:28:13,013:WARNING:
'catboost' is a soft dependency and not included in the pycaret installation. Please run: `pip install catboost` to install.
Alternately, you can install this by running `pip install pycaret[models]`
2025-08-13 18:28:13,013:INFO:setup() successfully completed in 2.91s...............
2025-08-13 18:28:13,028:INFO:Initializing predict_model()
2025-08-13 18:28:13,028:INFO:predict_model(self=<pycaret.classification.oop.ClassificationExperiment object at 0x0000020BCEEE44D0>, estimator=Pipeline(memory=Memory(location=None),
         steps=[('numerical_imputer',
                 TransformerWrapper(exclude=None,
                                    include=['whh', 'whd', 'wha',
                                             'team_h_difficulty',
                                             'team_a_difficulty',
                                             'ownership_change',
                                             'percenatge_net_transfers',
                                             'ict_index', 'influence',
                                             'creativity', 'threat',
                                             'clean_sheets_1',
                                             'expected_goals_conceded_1',
                                             'goals_conceded_1',
                                             'goals_scored_1', 'ict_index_1...
                               importance_type=None,
                               interaction_constraints=None, learning_rate=None,
                               max_bin=None, max_cat_threshold=None,
                               max_cat_to_onehot=None, max_delta_step=None,
                               max_depth=None, max_leaves=None,
                               min_child_weight=None, missing=nan,
                               monotone_constraints=None, multi_strategy=None,
                               n_estimators=None, n_jobs=-1,
                               num_parallel_tree=None,
                               objective='binary:logistic', ...))],
         verbose=False), probability_threshold=None, encoded_labels=False, raw_score=False, round=4, verbose=True, ml_usecase=None, preprocess=True, encode_labels=<function _SupervisedExperiment.predict_model.<locals>.encode_labels at 0x0000020BD6C6F6A0>)
2025-08-13 18:28:13,028:INFO:Checking exceptions
2025-08-13 18:28:13,028:INFO:Preloading libraries
2025-08-13 18:28:13,034:INFO:Set up data.
2025-08-13 18:28:13,071:INFO:Set up index.
