,assists_x,bonus,bps,clean_sheets,creativity,element,expected_assists,expected_goal_involvements,expected_goals,expected_goals_conceded,fixture,goals_conceded,goals_scored,ict_index,influence,date,minutes,opponent_team,own_goals,penalties_missed,penalties_saved,red_cards,round,saves,selected,starts,team_a_score,team_h_score,threat,total_points,transfers_balance,transfers_in,transfers_out,value,was_home,yellow_cards,fpl_id,position_x,team,goals,shots,xG,time,position_y,h_team,a_team,h_goals,a_goals,id,season,roster_id,xA,assists_y,key_passes,npg,npxG,xGChain,xGBuildup,understat_id,player_team,fpl_name,understat_name,team_h_difficulty,team_a_difficulty,event,xP,position,clean_sheets_1,expected_assists_1,expected_goal_involvements_1,expected_goals_1,expected_goals_conceded_1,goals_conceded_1,goals_scored_1,ict_index_1,influence_1,creativity_1,threat_1,minutes_1,own_goals_1,penalties_missed_1,penalties_saved_1,red_cards_1,yellow_cards_1,saves_1,starts_1,team_a_score_1,team_h_score_1,total_points_1,goals_1,shots_1,xG_1,xA_1,assists_x_1,assists_y_1,key_passes_1,npg_1,npxG_1,xGChain_1,xGBuildup_1,xP_1,clean_sheets_3,expected_assists_3,expected_goal_involvements_3,expected_goals_3,expected_goals_conceded_3,goals_conceded_3,goals_scored_3,ict_index_3,influence_3,creativity_3,threat_3,minutes_3,own_goals_3,penalties_missed_3,penalties_saved_3,red_cards_3,yellow_cards_3,saves_3,starts_3,team_a_score_3,team_h_score_3,total_points_3,goals_3,shots_3,xG_3,xA_3,assists_x_3,assists_y_3,key_passes_3,npg_3,npxG_3,xGChain_3,xGBuildup_3,xP_3,clean_sheets_5,expected_assists_5,expected_goal_involvements_5,expected_goals_5,expected_goals_conceded_5,goals_conceded_5,goals_scored_5,ict_index_5,influence_5,creativity_5,threat_5,minutes_5,own_goals_5,penalties_missed_5,penalties_saved_5,red_cards_5,yellow_cards_5,saves_5,starts_5,team_a_score_5,team_h_score_5,total_points_5,goals_5,shots_5,xG_5,xA_5,assists_x_5,assists_y_5,key_passes_5,npg_5,npxG_5,xGChain_5,xGBuildup_5,xP_5,ownership_change,percenatge_net_transfers,pts_bps,whh,whd,wha,saves_preds,xgc_preds,xG_preds,xA_preds,y_preds,cs_preds,xP_preds
8,0,0,4,0,0.5,530,0.0,0.0,0.0,0.68,355,1,0,0.3,2.4,2024-05-05,14,7,0,0,0,0,36,0,32482,0,0,5,0.0,1,-147,238,385,4.2,False,0,530.0,,West Ham United,0,0,0.0,11,Sub,Chelsea,West Ham United,5,0,22249,2023,659355,0.0,0,0,0,0.0,0.0,0.0,534.0,West Ham United,Aaron Cresswell,Aaron Cresswell,2,3,36,0.5,DEF,0.0,0.0,0.0,0.0,0.6,1.0,0.0,0.5,4.2,0.7,0.0,45.0,0.0,0.0,0.0,0.0,0.0,0.0,0.0,2.0,5.0,1.0,0.0,0.0,0.0,0.0,0.0,0.0,0.0,0.0,0.0,0.0,0.0,0.4,0.0,0.0,0.0,0.0,0.22,0.33,0.0,0.47,4.0,0.7,0.0,29.0,0.0,0.0,0.0,0.0,0.0,0.0,0.0,1.67,2.33,1.0,0.0,0.0,0.0,0.0,0.0,0.0,0.0,0.0,0.0,0.0,0.0,0.33,0.0,0.05,0.05,0.0,0.27,0.6,0.0,1.44,5.84,8.66,0.0,38.2,0.0,0.0,0.0,0.0,0.0,0.0,0.2,2.6,1.8,1.0,0.0,0.0,0.0,0.04,0.0,0.0,0.6,0.0,0.0,0.05,0.04,0.28,-243.0,-0.2359550561797752,1.0,0.577,0.212,0.212,,0.2903584573137301,5.515961021274052e-10,-5.277553949412095e-10,0,0.0,0.8550000017263104
58,0,0,12,0,16.6,401,0.05,0.05,0.0,1.47,356,4,0,3.5,18.0,2024-05-06,90,8,0,0,0,0,36,0,199258,1,0,4,0.0,0,3037,6304,3267,4.4,False,0,401.0,,Manchester United,0,0,0.0,90,DL,Crystal Palace,Manchester United,4,0,22250,2023,660056,0.075659267604351,0,1,0,0.0,0.075659267604351,0.075659267604351,5584.0,Manchester United,Aaron Wan-Bissaka,Aaron Wan-Bissaka,3,2,36,1.0,DEF,0.0,0.02,0.02,0.0,2.06,1.0,0.0,2.8,14.6,11.8,2.0,90.0,0.0,0.0,0.0,0.0,0.0,0.0,1.0,1.0,1.0,2.0,0.0,0.0,0.0,0.05,0.0,0.0,1.0,0.0,0.0,0.21,0.16,2.1,0.0,0.03,0.03,0.0,1.53,1.67,0.0,2.7,12.67,10.6,4.0,90.0,0.0,0.0,0.0,0.0,0.0,0.0,1.0,1.67,2.33,1.33,0.0,0.0,0.0,0.02,0.0,0.0,0.67,0.0,0.0,0.61,0.59,1.83,0.0,0.03,0.03,0.0,2.24,2.2,0.0,3.3,18.88,11.04,3.2,90.0,0.0,0.0,0.0,0.0,0.0,0.0,1.0,2.0,2.6,1.6,0.0,0.0,0.0,0.04,0.2,0.2,0.8,0.0,0.0,0.49,0.45,1.3,3188.0,0.3173127154947236,0.0,0.402,0.255,0.342,,1.6190327124036497,5.515961021274052e-10,0.0534092106436177,0,0.0,1.3502276352404299
91,0,0,4,0,0.8,249,0.01,0.05,0.04,0.56,358,1,0,1.2,7.2,2024-05-03,53,12,0,0,0,0,36,0,56721,1,1,1,4.0,1,282,2744,2462,5.5,False,0,249.0,,Everton,0,1,0.0270914305001497,60,AMC,Luton,Everton,1,1,22252,2023,658579,0.0,0,0,0,0.0270914305001497,0.0270914305001497,0.0,1726.0,Everton,Abdoulaye Doucouré,Abdoulaye Doucouré,2,2,36,3.3,MID,1.0,0.06,0.2,0.14,0.84,0.0,0.0,2.3,0.4,16.4,6.0,90.0,0.0,0.0,0.0,0.0,0.0,0.0,1.0,0.0,1.0,3.0,0.0,1.0,0.3,0.04,0.0,0.0,1.0,0.0,0.3,0.54,0.2,3.2,1.0,0.07,0.16,0.09,1.25,0.0,0.0,3.23,10.67,15.63,6.0,90.0,0.0,0.0,0.0,0.0,0.33,0.0,1.0,0.0,1.67,3.67,0.0,0.67,0.14,0.04,0.33,0.33,1.0,0.0,0.14,0.3,0.13,4.33,0.8,0.05,0.12,0.07,1.43,1.2,0.0,2.74,8.48,11.06,7.8,90.0,0.0,0.0,0.0,0.0,0.2,0.0,1.0,0.0,2.4,3.2,0.0,0.8,0.09,0.02,0.2,0.2,0.6,0.0,0.09,0.22,0.11,3.46,665.0,0.0541682673837879,1.0,0.365,0.263,0.372,,,0.0171115355113755,1.159168760977991e-09,0,0.0,2.0855576810343837
145,0,0,7,0,1.7,84,0.01,0.01,0.0,3.89,351,2,0,0.9,7.6,2024-05-04,88,1,0,0,0,0,36,0,64197,1,0,3,0.0,0,-5541,946,6487,4.4,False,1,84.0,,Bournemouth,0,0,0.0,90,DR,Arsenal,Bournemouth,3,0,22245,2023,658600,0.0,0,0,0,0.0,0.0,0.0,825.0,Bournemouth,Adam Smith,Adam Smith,2,5,36,1.8,DEF,1.0,0.0,0.03,0.03,1.0,0.0,0.0,1.4,12.2,0.3,1.0,90.0,0.0,0.0,0.0,0.0,0.0,0.0,1.0,0.0,3.0,7.0,0.0,1.0,0.02,0.0,0.0,0.0,0.0,0.0,0.02,0.41,0.38,3.0,0.67,0.01,0.02,0.01,0.72,0.33,0.0,2.17,8.87,11.7,1.0,75.0,0.0,0.0,0.0,0.0,0.33,0.0,1.0,0.67,2.0,4.33,0.0,0.33,0.01,0.07,0.0,0.0,1.0,0.0,0.01,0.4,0.34,5.6,0.4,0.06,0.06,0.01,0.94,1.0,0.0,3.14,13.36,16.6,1.4,76.8,0.0,0.0,0.0,0.0,0.2,0.0,1.0,1.0,2.0,3.0,0.0,0.2,0.0,0.12,0.0,0.0,1.2,0.0,0.0,0.4,0.29,4.86,-5243.0,-0.7454594376429436,0.0,0.785,0.128,0.087,,0.7983807415937489,0.0003428520462591,-5.277553949412095e-10,0,0.0,1.6030571106942881
158,0,2,27,1,11.3,153,0.01,0.01,0.0,0.06,353,0,0,2.5,13.8,2024-05-05,90,2,0,0,0,0,36,0,15787,1,0,1,0.0,8,218,343,125,4.2,True,0,153.0,,Brighton and Hove Albion,0,0,0.0,90,DC,Brighton and Hove Albion,Aston Villa,1,0,22247,2023,659390,0.0378914438188076,0,1,0,0.0,1.0511876344680786,1.013296127319336,7699.0,Brighton and Hove Albion,Adam Webster,Adam Webster,3,3,36,1.7,DEF,0.0,0.0,0.0,0.0,0.27,1.0,0.0,0.9,8.8,0.1,0.0,16.0,0.0,0.0,0.0,0.0,0.0,0.0,0.0,0.0,3.0,1.0,0.0,0.0,0.0,0.0,0.0,0.0,0.0,0.0,0.0,0.0,0.0,0.2,0.0,0.04,0.05,0.01,0.57,1.33,0.0,3.13,14.6,13.6,3.0,50.33,0.0,0.0,0.0,0.0,0.0,0.0,0.67,1.67,2.0,1.0,0.0,0.33,0.02,0.05,0.0,0.0,1.0,0.0,0.02,0.43,0.4,0.47,0.2,0.03,0.04,0.01,0.56,0.8,0.0,2.46,12.44,9.34,2.6,48.4,0.0,0.0,0.0,0.0,0.2,0.0,0.6,1.0,1.2,1.8,0.0,0.4,0.02,0.03,0.0,0.0,0.6,0.0,0.02,0.4,0.39,0.68,247.0,0.4658119658119658,6.0,0.35,0.257,0.393,,1.2398237603122668,5.515961021274052e-10,0.0419298153916465,0,1.0,4.505789449484516
175,0,0,11,1,12.8,807,0.07,0.07,0.0,0.35,356,0,0,2.9,16.6,2024-05-06,90,14,0,0,0,0,36,0,1913,1,0,4,0.0,3,127,248,121,5.0,True,0,807.0,,Crystal Palace,0,0,0.0,90,,Crystal Palace,Manchester United,4,0,22250,2023,660043,0.1098105311393737,0,1,0,0.0,0.2590089440345764,0.1491984277963638,12409.0,Crystal Palace,Adam Wharton,Adam Wharton,3,2,36,3.6,MID,0.0,0.03,0.05,0.02,1.14,1.0,0.0,7.0,34.8,33.8,1.0,90.0,0.0,0.0,0.0,0.0,0.0,0.0,1.0,1.0,1.0,8.0,0.0,1.0,0.02,0.37,1.0,1.0,3.0,0.0,0.02,0.78,0.42,4.0,0.33,0.12,0.15,0.03,0.83,0.67,0.0,4.33,20.67,18.3,4.33,77.33,0.0,0.0,0.0,0.0,0.33,0.0,1.0,1.0,2.67,4.0,0.0,1.67,0.03,0.28,0.33,0.33,1.33,0.0,0.03,0.32,0.18,4.93,0.4,0.11,0.14,0.04,1.45,1.2,0.0,4.34,21.8,17.96,3.6,82.4,0.0,0.0,0.0,0.0,0.2,0.0,1.0,1.6,2.0,4.0,0.0,1.2,0.04,0.28,0.4,0.4,1.4,0.0,0.04,0.51,0.3,3.86,173.0,0.3441734417344173,3.0,0.402,0.255,0.342,,,-1.5743444325977407e-09,0.0769654395993875,1,1.0,2.23089631092644
192,0,0,3,0,1.3,662,0.01,0.06,0.05,0.02,352,0,0,2.8,3.2,2024-05-04,26,4,0,0,0,0,36,0,3975,0,0,0,23.0,1,-61,64,125,4.9,False,0,662.0,,Fulham,0,1,0.0653089433908462,20,,Brentford,Fulham,0,0,22246,2023,658862,0.0,0,0,0,0.0653089433908462,0.0653089433908462,0.0,900.0,Fulham,Adama Traoré,Adama Traoré,2,2,36,0.8,MID,0.0,0.03,0.03,0.0,0.03,0.0,0.0,1.3,2.2,10.5,0.0,5.0,0.0,0.0,0.0,0.0,0.0,0.0,0.0,3.0,1.0,1.0,0.0,0.0,0.0,0.02,0.0,0.0,1.0,0.0,0.0,0.02,0.02,1.1,0.0,0.02,0.04,0.02,0.14,0.33,0.0,1.1,3.0,4.2,3.67,10.33,0.0,0.0,0.0,0.0,0.0,0.0,0.0,2.0,0.33,1.0,0.0,0.33,0.01,0.01,0.0,0.0,0.33,0.0,0.01,0.02,0.01,1.43,0.0,0.08,0.11,0.03,0.48,0.8,0.0,2.14,6.8,8.38,6.2,23.0,0.0,0.0,0.0,0.0,0.0,0.0,0.0,2.0,1.4,1.6,0.0,0.6,0.03,0.03,0.2,0.2,0.6,0.0,0.03,0.07,0.02,1.82,-120.0,-0.3227513227513227,1.0,0.453,0.25,0.297,,,0.2517148994156348,1.159168760977991e-09,0,0.0,2.2585745005556803
209,1,1,25,0,16.6,21,0.09,0.09,0.0,1.43,358,1,0,5.6,35.2,2024-05-03,90,9,0,0,0,0,36,0,2011,1,1,1,4.0,6,13,32,19,4.9,True,0,21.0,,Luton,0,0,0.0,90,MC,Luton,Everton,1,1,22252,2023,658562,0.249422550201416,1,1,0,0.0,0.2819333970546722,0.0325108468532562,9689.0,Luton,Albert Sambi Lokonga,Albert Sambi Lokonga,2,2,36,1.7,MID,0.0,0.01,0.01,0.0,1.21,2.0,0.0,2.2,17.0,2.9,2.0,90.0,0.0,0.0,0.0,0.0,1.0,0.0,1.0,1.0,2.0,1.0,0.0,0.0,0.0,0.0,0.0,0.0,0.0,0.0,0.0,0.02,0.02,0.1,0.0,0.01,0.01,0.0,1.57,2.0,0.0,1.2,8.93,2.5,0.67,68.33,0.0,0.0,0.0,0.0,0.33,0.0,1.0,2.33,2.33,1.33,0.0,0.0,0.0,0.0,0.0,0.0,0.0,0.0,0.0,0.04,0.04,1.0,0.0,0.08,0.08,0.0,1.87,2.2,0.0,2.56,15.6,9.12,1.0,77.0,0.0,0.0,0.0,0.0,0.2,0.0,1.0,2.4,1.8,1.6,0.0,0.2,0.0,0.01,0.0,0.0,0.4,0.0,0.0,0.09,0.09,1.72,29.0,0.2549019607843137,5.0,0.365,0.263,0.372,,,0.0134275953145577,0.0686210588605251,1,0.0,1.2730011531543637
244,0,0,8,0,3.4,382,0.03,0.06,0.03,1.47,356,4,0,2.3,4.8,2024-05-06,90,8,0,0,0,0,36,0,1150517,1,0,4,15.0,2,-26492,50571,77063,5.0,False,0,382.0,,Manchester United,0,1,0.0456564612686634,90,AML,Crystal Palace,Manchester United,4,0,22250,2023,660061,0.0,0,0,0,0.0456564612686634,0.075659267604351,0.075659267604351,10552.0,Manchester United,Alejandro Garnacho,Alejandro Garnacho,3,2,36,3.2,MID,0.0,0.23,0.77,0.54,2.06,1.0,0.0,10.0,4.8,34.1,61.0,90.0,0.0,0.0,0.0,0.0,0.0,0.0,1.0,1.0,1.0,2.0,0.0,6.0,0.67,0.53,0.0,0.0,3.0,0.0,0.67,1.13,0.29,5.9,0.0,0.13,0.53,0.4,1.37,1.67,0.0,9.77,14.4,22.9,60.67,75.0,0.0,0.0,0.0,0.0,0.0,0.0,1.0,1.67,2.33,3.67,0.0,4.33,0.6,0.21,0.67,0.33,1.67,0.0,0.6,1.15,0.66,5.6,0.0,0.09,0.5,0.42,1.74,1.6,0.4,9.48,24.08,17.08,53.8,77.8,0.0,0.0,0.0,0.0,0.0,0.0,1.0,2.0,2.6,5.4,0.4,4.0,0.53,0.13,0.4,0.2,1.2,0.4,0.53,0.95,0.5,6.16,-23445.0,-0.2075622483037435,2.0,0.402,0.255,0.342,,,0.1087201030016076,0.0007081841839857,0,0.0,2.5457250675599954
258,0,0,0,0,0.0,641,0.0,0.0,0.0,0.0,357,0,0,0.0,0.0,2024-05-05,0,11,0,0,0,0,36,0,5636,0,2,4,0.0,0,-18,0,18,5.4,False,0,641.0,,Granada,0,1,0.4441752135753631,4,Sub,Sevilla,Granada,3,0,23022,2023,659831,0.0,0,0,0,0.4441752135753631,0.4441752135753631,0.0,12105.0,Tottenham Hotspur,Alejo Véliz,Alejo Véliz,3,5,36,0.0,FWD,0.0,0.0,0.0,0.0,0.0,0.0,0.0,0.0,0.0,0.0,0.0,0.0,0.0,0.0,0.0,0.0,0.0,0.0,0.0,1.0,3.0,0.0,0.0,0.0,0.0,0.0,0.0,0.0,0.0,0.0,0.0,0.0,0.0,0.0,0.0,0.0,0.0,0.0,0.06,0.33,0.0,0.1,0.07,0.1,0.67,2.67,0.0,0.0,0.0,0.0,0.0,0.0,0.0,1.33,2.33,0.33,0.0,0.33,0.02,0.0,0.0,0.0,0.0,0.0,0.02,0.02,0.02,0.43,0.0,0.0,0.08,0.08,0.2,0.4,0.2,1.26,6.64,0.06,5.8,5.8,0.0,0.0,0.0,0.0,0.0,0.0,0.0,1.6,2.2,1.4,0.2,0.6,0.05,0.0,0.0,0.0,0.0,0.2,0.05,0.05,0.01,0.62,-232.0,-1.0,,,,,,,-6.041389832844857e-09,0.014644781992503,0,,1.0439343218119497
290,0,0,16,1,51.8,256,0.23,0.4,0.17,0.62,352,0,0,9.8,17.4,2024-05-04,90,4,0,0,0,0,36,0,50800,1,0,0,29.0,3,-1820,918,2738,5.3,False,0,256.0,,Fulham,0,3,0.1384375095367431,90,AMR,Brentford,Fulham,0,0,22246,2023,658856,0.4055480062961578,0,4,0,0.1384375095367431,0.6325979232788086,0.1356745064258575,500.0,Everton,Alex Iwobi,Alex Iwobi,2,2,36,3.2,MID,0.0,0.02,0.02,0.0,1.01,1.0,0.0,2.8,7.8,13.8,6.0,90.0,0.0,0.0,0.0,0.0,0.0,0.0,1.0,1.0,1.0,2.0,0.0,0.0,0.0,0.05,0.0,0.0,1.0,0.0,0.0,0.09,0.03,3.0,0.33,0.36,0.45,0.09,0.97,1.33,0.0,5.13,13.67,23.23,14.33,82.33,0.0,0.0,0.0,0.0,0.0,0.0,1.0,2.0,0.67,3.33,0.0,0.67,0.13,0.44,0.33,0.33,2.0,0.0,0.13,1.0,0.47,2.63,0.2,0.25,0.31,0.05,0.84,1.4,0.0,4.06,12.4,18.66,9.4,73.8,0.0,0.0,0.0,0.0,0.0,0.0,1.0,1.6,1.0,2.6,0.0,0.4,0.08,0.27,0.2,0.2,1.4,0.0,0.08,0.67,0.35,3.1,-1674.0,-0.4978118161925601,3.0,0.453,0.25,0.297,,,0.1963105629839001,0.3036189645503446,1,1.0,3.8924097085705345
316,0,0,8,0,12.8,644,0.04,0.1,0.06,3.43,351,2,0,3.0,10.0,2024-05-04,70,1,0,0,0,0,36,0,2145,1,0,3,7.0,1,-34,29,63,4.9,False,1,644.0,,Bournemouth,0,1,0.0495360791683197,75,AMC,Arsenal,Bournemouth,3,0,22245,2023,658607,0.2556728422641754,0,1,0,0.0495360791683197,0.3052089214324951,0.0,12149.0,Bournemouth,Alex Scott,Alex Scott,2,5,36,0.6,MID,1.0,0.06,0.12,0.06,1.0,0.0,0.0,3.5,6.2,21.5,7.0,76.0,0.0,0.0,0.0,0.0,0.0,0.0,1.0,0.0,3.0,3.0,0.0,1.0,0.09,0.41,0.0,0.0,2.0,0.0,0.09,0.5,0.0,1.6,0.67,0.08,0.14,0.06,0.79,0.33,0.0,4.77,7.33,27.3,13.0,56.67,0.0,0.0,0.0,0.0,0.0,0.0,0.67,0.67,2.0,2.33,0.0,1.67,0.07,0.31,0.0,0.0,2.33,0.0,0.07,0.41,0.05,1.53,0.4,0.05,0.09,0.03,0.59,0.4,0.0,3.34,5.44,18.98,9.0,43.6,0.0,0.0,0.0,0.0,0.0,0.0,0.6,0.6,1.8,1.8,0.0,1.0,0.04,0.19,0.0,0.0,1.6,0.0,0.04,0.26,0.05,1.34,-18.0,-0.3695652173913043,1.0,0.785,0.128,0.087,,,0.0566760085600233,0.080443764499845,0,0.0,1.5247113362996516
345,1,0,28,1,11.8,415,0.08,1.72,1.64,0.68,354,0,1,12.6,40.4,2024-05-04,76,6,0,1,0,0,36,0,4183973,1,4,1,74.0,7,464029,479054,15025,8.3,False,0,415.0,,Newcastle United,1,4,1.9042134284973145,83,FW,Burnley,Newcastle United,1,4,22248,2023,658889,0.0492703355848789,0,1,1,1.1430444717407229,1.5632277727127075,0.3709129095077514,5232.0,Newcastle United,Alexander Isak,Alexander Isak,3,2,36,9.0,FWD,0.0,0.09,1.31,1.22,1.48,1.0,2.0,16.3,73.6,24.2,65.0,90.0,0.0,0.0,0.0,0.0,0.0,0.0,1.0,1.0,5.0,13.0,2.0,5.0,1.22,0.15,0.0,0.0,2.0,1.0,0.46,0.85,0.25,7.7,0.33,0.05,0.98,0.93,1.03,1.0,1.33,11.4,49.87,17.6,46.33,90.0,0.0,0.0,0.0,0.0,0.0,0.0,1.0,0.33,3.67,9.0,1.33,4.0,0.96,0.17,0.0,0.0,1.33,1.0,0.71,0.92,0.1,8.07,0.4,0.08,0.96,0.88,1.16,0.8,1.0,10.68,42.8,18.1,45.6,90.0,0.0,0.0,0.0,0.0,0.0,0.0,1.0,0.6,2.4,7.4,1.0,3.6,0.89,0.15,0.0,0.0,1.4,0.8,0.74,0.93,0.1,8.34,462669.0,0.939179766798427,7.0,0.278,0.237,0.485,,,0.9828030320016604,0.0795629592726054,0,,6.1699010058244586
369,0,0,3,0,0.3,32,0.0,0.0,0.0,0.05,353,0,0,0.1,0.2,2024-05-05,1,5,0,0,0,0,36,0,148631,0,0,1,0.0,1,-19871,66,19937,4.9,False,0,,,Aston Villa,0,0,0.0,1,,Brighton and Hove Albion,Aston Villa,1,0,22247,2023,659415,0.0,0,0,0,0.0,0.0,0.0,,Aston Villa,,,3,3,36,0.5,DEF,0.0,0.0,0.0,0.0,0.03,0.0,0.0,0.4,3.2,0.5,0.0,10.0,0.0,0.0,0.0,0.0,0.0,0.0,0.0,2.0,0.0,1.0,0.0,0.0,0.0,0.0,0.0,0.0,0.0,0.0,0.0,0.0,0.0,1.7,0.0,0.0,0.0,0.0,0.24,0.0,0.0,0.23,1.47,0.17,0.67,10.0,0.0,0.0,0.0,0.0,0.0,0.0,0.0,2.0,2.33,1.0,0.0,0.0,0.0,0.0,0.0,0.0,0.0,0.0,0.0,0.02,0.02,1.97,0.2,0.01,0.01,0.01,0.66,0.2,0.0,0.68,2.92,0.9,2.8,30.8,0.0,0.0,0.0,0.0,0.0,0.0,0.4,1.4,2.0,2.2,0.0,0.2,0.01,0.0,0.0,0.0,0.0,0.0,0.01,0.09,0.09,1.92,-135652.0,-0.9934009898515224,1.0,0.35,0.257,0.393,,-0.0736802927047446,5.515961021274052e-10,-5.277553949412095e-10,0,0.0,1.0370000017263103
400,0,0,7,0,13.9,304,0.05,0.05,0.0,0.74,357,1,0,2.8,12.4,2024-05-05,74,18,0,0,0,0,36,0,481965,1,2,4,2.0,2,-45242,2758,48000,5.9,True,0,304.0,,Liverpool,0,0,0.0,77,MC,Liverpool,Tottenham Hotspur,4,2,22251,2023,659547,0.1059089079499244,0,1,0,0.0,1.0080502033233645,0.902141273021698,8379.0,Liverpool,Alexis Mac Allister,Alexis Mac Allister,3,5,36,1.6,MID,0.0,0.26,0.46,0.2,0.7,2.0,0.0,10.4,25.8,54.3,24.0,90.0,0.0,0.0,0.0,0.0,1.0,0.0,1.0,2.0,2.0,1.0,0.0,2.0,0.3,0.33,0.0,0.0,4.0,0.0,0.3,0.86,0.59,3.5,0.0,0.14,0.24,0.1,0.7,1.33,0.0,5.37,16.6,25.73,11.33,65.33,0.0,0.0,0.0,0.0,0.33,0.0,0.67,1.67,1.67,1.33,0.0,2.0,0.14,0.13,0.0,0.0,1.67,0.0,0.14,0.69,0.57,6.5,0.0,0.14,0.24,0.1,0.94,1.4,0.0,5.18,17.76,26.02,8.0,75.2,0.0,0.0,0.0,0.0,0.2,0.0,0.8,1.6,1.4,1.6,0.0,1.6,0.13,0.12,0.0,0.0,1.6,0.0,0.13,0.82,0.71,6.3,-43217.0,-0.8913274754718468,2.0,0.641,0.167,0.192,,,0.0067847687315478,0.0721630874283063,1,0.0,1.2504131059426578
437,0,0,23,0,90.5,321,0.3,0.32,0.02,1.43,358,1,0,14.4,30.8,2024-05-03,90,9,0,0,0,0,36,0,791698,1,1,1,23.0,2,-47180,8238,55418,4.4,True,0,321.0,,Luton,0,1,0.0372710414230823,90,DML,Luton,Everton,1,1,22252,2023,658561,0.3168856799602508,0,6,0,0.0372710414230823,0.3650769889354706,0.308404266834259,11723.0,Luton,Alfie Doughty,Alfie Doughty,2,2,36,0.0,DEF,0.0,0.04,0.04,0.0,1.21,2.0,0.0,3.9,9.4,29.3,0.0,87.0,0.0,0.0,0.0,0.0,0.0,0.0,1.0,1.0,2.0,1.0,0.0,0.0,0.0,0.14,0.0,0.0,2.0,0.0,0.0,0.68,0.57,0.1,0.0,0.02,0.09,0.07,2.87,4.0,0.0,4.07,17.07,10.97,12.67,89.0,0.0,0.0,0.0,0.0,0.33,0.0,1.0,2.33,2.67,0.0,0.0,0.67,0.11,0.05,0.0,0.0,0.67,0.0,0.11,0.41,0.26,0.03,0.0,0.02,0.07,0.05,1.95,3.0,0.0,3.72,16.52,8.02,12.6,89.4,0.0,0.0,0.0,0.0,0.2,0.0,1.0,1.6,2.4,0.6,0.0,0.6,0.08,0.03,0.0,0.0,0.4,0.0,0.08,0.42,0.34,0.32,-43864.0,-0.7411712957144653,2.0,0.365,0.263,0.372,,1.9442226390373647,0.0809299295115211,0.1823952534213544,0,0.0,2.06076533733319
450,0,0,2,0,0.1,716,0.0,0.0,0.0,0.04,355,0,0,0.0,0.0,2024-05-05,1,19,0,0,0,0,36,0,15576,0,0,5,0.0,1,4927,5749,822,4.0,True,0,716.0,,Chelsea,0,0,0.0,1,,Chelsea,West Ham United,5,0,22249,2023,659341,0.0,0,0,0,0.0,0.021399138495326,0.021399138495326,11595.0,Chelsea,Alfie Gilchrist,Alfie Gilchrist,2,3,36,2.6,DEF,1.0,0.0,0.1,0.1,0.97,0.0,0.0,2.0,12.8,1.9,5.0,84.0,0.0,0.0,0.0,0.0,0.0,0.0,1.0,0.0,2.0,6.0,0.0,2.0,0.11,0.0,0.0,0.0,0.0,0.0,0.11,0.39,0.37,3.4,0.33,0.01,0.09,0.08,1.26,1.67,0.33,2.93,19.93,1.93,7.33,54.33,0.0,0.0,0.0,0.0,0.33,0.0,0.67,0.0,4.33,4.0,0.33,1.0,0.17,0.0,0.0,0.0,0.0,0.33,0.17,0.31,0.16,2.07,0.2,0.01,0.07,0.06,0.83,1.0,0.2,2.02,12.12,1.52,6.6,36.2,0.0,0.0,0.0,0.0,0.2,0.0,0.4,1.0,3.8,2.8,0.2,1.0,0.13,0.0,0.0,0.0,0.0,0.2,0.13,0.19,0.1,1.54,5081.0,0.7498097702024045,1.0,0.577,0.212,0.212,,0.9215182215480744,0.0003428520462591,-5.277553949412095e-10,0,0.0,0.5410571106942883
476,0,0,19,0,0.0,291,0.0,0.0,0.0,1.16,357,2,0,2.8,27.8,2024-05-05,90,18,0,0,0,0,36,4,1011562,1,2,4,0.0,2,-5169,11229,16398,5.7,True,0,,,Liverpool,0,0,0.0,90,,Liverpool,Tottenham Hotspur,4,2,22251,2023,659542,0.0,0,0,0,0.0,0.0,0.0,,Liverpool,,,3,5,36,2.6,GK,0.0,0.0,0.0,0.0,0.7,2.0,0.0,4.5,44.6,0.0,0.0,90.0,0.0,0.0,0.0,0.0,0.0,6.0,1.0,2.0,2.0,3.0,0.0,0.0,0.0,0.0,0.0,0.0,0.0,0.0,0.0,0.23,0.23,2.3,0.0,0.0,0.0,0.0,0.86,1.67,0.0,3.63,36.27,0.0,0.0,90.0,0.0,0.0,0.0,0.0,0.0,4.67,1.0,1.67,1.67,2.67,0.0,0.0,0.0,0.0,0.0,0.0,0.0,0.0,0.0,0.2,0.2,3.17,0.0,0.0,0.0,0.0,1.6,1.8,0.0,3.34,33.24,0.06,0.0,90.0,0.0,0.0,0.0,0.0,0.0,4.2,1.0,1.4,1.6,2.6,0.0,0.0,0.0,0.0,0.0,0.0,0.0,0.0,0.0,0.28,0.28,2.7,-2840.0,-0.1870995765012487,2.0,0.641,0.167,0.192,3.2964995077554766,1.5379173755645752,,,1,0.0,1.33
507,0,0,26,0,0.0,524,0.0,0.0,0.0,4.13,355,5,0,6.7,66.6,2024-05-05,90,7,0,0,0,0,36,9,2512104,1,0,5,0.0,3,-36225,14146,50371,4.2,False,0,524.0,,West Ham United,0,0,0.0,90,GK,Chelsea,West Ham United,5,0,22249,2023,659342,0.0,0,0,0,0.0,0.0,0.0,2310.0,West Ham United,Alphonse Areola,Alphonse Areola,2,3,36,1.0,GK,0.0,0.0,0.0,0.0,1.75,2.0,0.0,5.3,52.6,0.0,0.0,90.0,1.0,0.0,0.0,0.0,0.0,7.0,1.0,2.0,2.0,1.0,0.0,0.0,0.0,0.0,0.0,0.0,0.0,0.0,0.0,0.0,0.0,-0.3,0.0,0.0,0.0,0.0,1.27,1.33,0.0,3.37,33.6,0.0,0.0,75.0,0.33,0.0,0.0,0.0,0.0,4.67,1.0,2.0,2.33,2.0,0.0,0.0,0.0,0.0,0.0,0.0,0.0,0.0,0.0,0.04,0.04,3.07,0.0,0.0,0.0,0.0,1.44,1.4,0.0,4.06,40.6,0.0,0.0,81.0,0.2,0.0,0.2,0.0,0.0,5.2,1.0,2.2,2.0,4.2,0.0,0.0,0.0,0.0,0.0,0.0,0.0,0.0,0.0,0.03,0.03,3.84,-32455.0,-0.5614799200210797,3.0,0.577,0.212,0.212,8.526428035243551,2.913784503936768,,,0,0.0,3.3850000000000007
538,0,0,4,0,0.8,261,0.01,0.07,0.06,0.41,358,0,0,1.4,7.8,2024-05-03,35,12,0,0,0,0,36,0,16249,0,1,1,5.0,1,28,219,191,4.7,False,0,261.0,,Everton,0,1,0.0756001770496368,29,Sub,Luton,Everton,1,1,22252,2023,658581,0.0,0,0,0,0.0756001770496368,0.0,0.0,9667.0,Everton,Amadou Onana,Amadou Onana,2,2,36,1.3,MID,0.0,0.01,0.01,0.0,0.1,0.0,0.0,1.2,8.6,1.1,2.0,12.0,0.0,0.0,0.0,0.0,0.0,0.0,0.0,0.0,1.0,1.0,0.0,0.0,0.0,0.0,0.0,0.0,0.0,0.0,0.0,0.0,0.0,0.6,0.0,0.01,0.01,0.01,0.56,1.33,0.0,0.8,4.27,1.5,2.0,24.0,0.0,0.0,0.0,0.0,0.0,0.0,0.33,0.0,3.0,1.0,0.0,0.33,0.01,0.0,0.0,0.0,0.0,0.0,0.01,0.34,0.34,0.83,0.0,0.03,0.03,0.01,0.93,1.2,0.0,1.28,6.84,4.26,1.4,42.0,0.0,0.0,0.0,0.0,0.2,0.0,0.6,0.4,2.4,1.2,0.0,0.4,0.01,0.01,0.0,0.0,0.2,0.0,0.01,0.27,0.26,0.96,70.0,0.0682926829268292,1.0,0.365,0.263,0.372,,,0.0732380679917013,0.0002867622624234,1,0.0,0.3670506267457767
598,0,0,14,0,14.3,655,0.01,0.05,0.04,1.1,360,3,0,2.3,4.8,2024-05-04,65,16,0,0,0,0,36,0,3478,1,3,1,4.0,2,-22,31,53,4.4,True,0,655.0,,Sheffield United,0,1,0.0555789433419704,73,MC,Sheffield United,Nottingham Forest,1,3,22254,2023,658903,0.0288231130689382,0,1,0,0.0555789433419704,0.3423680663108825,0.2867891192436218,11731.0,Sheffield United,Andre Brooks,Andre Brooks,2,2,36,0.7,MID,0.0,0.0,0.09,0.09,2.21,4.0,0.0,1.3,6.2,1.8,5.0,69.0,0.0,0.0,0.0,0.0,0.0,0.0,1.0,1.0,5.0,2.0,0.0,2.0,0.15,0.0,0.0,0.0,0.0,0.0,0.15,0.34,0.32,0.3,0.0,0.0,0.03,0.03,1.39,1.67,0.0,0.83,5.0,1.53,1.67,42.0,0.0,0.0,0.0,0.0,0.0,0.0,0.67,2.33,3.33,1.33,0.0,0.67,0.05,0.0,0.0,0.0,0.0,0.0,0.05,0.11,0.11,0.43,0.0,0.0,0.02,0.02,1.05,1.4,0.0,0.62,3.8,1.0,1.4,36.6,0.0,0.0,0.0,0.0,0.0,0.0,0.4,2.8,2.6,1.2,0.0,0.4,0.03,0.0,0.0,0.0,0.0,0.0,0.03,0.08,0.08,-0.08,-10.0,-0.2619047619047619,2.0,0.2,0.226,0.575,,,0.0261268111642536,0.0624541139575502,0,0.0,1.3179963976939186
636,0,0,6,1,29.6,267,0.03,0.21,0.18,0.62,352,0,0,4.8,3.4,2024-05-04,74,4,0,0,0,0,36,0,100303,1,0,0,15.0,3,-1414,5402,6816,5.3,False,0,,,Fulham,0,4,0.1587475091218948,81,,Brentford,Fulham,0,0,22246,2023,658857,0.1128442883491516,0,2,0,0.1587475091218948,0.2660401463508606,0.1072926297783851,,Fulham,,,2,2,36,5.8,MID,1.0,0.1,0.1,0.0,0.87,0.0,0.0,3.3,6.0,27.0,0.0,84.0,0.0,0.0,0.0,0.0,0.0,0.0,1.0,1.0,1.0,3.0,0.0,0.0,0.0,0.34,0.0,0.0,2.0,0.0,0.0,0.8,0.53,5.8,0.67,0.24,0.81,0.58,0.93,1.0,0.67,8.17,27.73,27.23,26.67,82.33,0.0,0.0,0.0,0.0,0.33,0.0,1.0,2.0,0.67,6.67,0.67,1.67,0.71,0.25,0.0,0.0,1.67,0.67,0.71,1.06,0.26,6.23,0.6,0.33,0.75,0.42,0.85,1.2,0.4,9.78,26.48,42.2,29.0,76.2,0.0,0.0,0.0,0.0,0.2,0.0,1.0,1.6,1.0,5.8,0.4,2.0,0.49,0.26,0.2,0.2,2.6,0.4,0.49,0.82,0.22,5.3,-936.0,-0.1157308888525126,3.0,0.453,0.25,0.297,,,0.0938186795267574,0.1383407529389544,0,0.0,2.8841156564506503
670,0,1,42,1,12.9,307,0.27,1.18,0.91,0.28,357,0,1,10.1,44.0,2024-05-05,63,18,0,0,0,0,36,0,496293,1,2,4,44.0,13,3823,21022,17199,6.5,True,0,307.0,,Liverpool,1,2,0.9488855600357056,66,DL,Liverpool,Tottenham Hotspur,4,2,22251,2023,659546,0.5161395072937012,0,1,1,0.9488855600357056,2.207404613494873,0.7423794865608215,1688.0,Liverpool,Andrew Robertson,Andrew Robertson,3,5,36,5.4,DEF,0.0,0.4,0.51,0.11,0.7,2.0,1.0,18.0,63.4,72.8,44.0,90.0,0.0,0.0,0.0,0.0,0.0,0.0,1.0,2.0,2.0,9.0,1.0,2.0,0.16,0.25,0.0,0.0,5.0,1.0,0.16,1.01,0.72,3.7,0.0,0.2,0.26,0.06,0.85,1.67,0.33,10.9,35.4,47.87,25.67,87.67,0.0,0.0,0.0,0.0,0.0,0.0,1.0,1.67,1.67,4.0,0.33,1.0,0.07,0.18,0.0,0.0,3.33,0.33,0.07,0.64,0.47,4.17,0.0,0.23,0.29,0.05,1.03,1.6,0.2,10.44,30.24,54.98,19.2,88.6,0.0,0.0,0.0,0.0,0.0,0.0,1.0,1.6,1.4,3.0,0.2,1.0,0.06,0.34,0.0,0.0,3.6,0.2,0.06,0.66,0.47,3.36,6550.0,0.1000235472645927,12.0,0.641,0.167,0.192,,1.040325455394974,0.0963872154347078,0.0402754695950215,0,0.0,2.179149701393311
700,0,0,3,0,0.3,727,0.0,0.03,0.03,0.0,358,0,0,0.5,0.0,2024-05-03,10,9,0,0,0,0,36,0,6910,0,1,1,5.0,1,-167,118,285,5.0,True,0,727.0,,Luton,0,1,0.017787680029869,4,,Luton,Everton,1,1,22252,2023,658569,0.0,0,0,0,0.017787680029869,0.0,0.0,775.0,Luton,Andros Townsend,Andros Townsend,2,2,36,0.3,MID,0.0,0.0,0.0,0.0,0.74,1.0,0.0,0.2,2.0,0.3,0.0,19.0,0.0,0.0,0.0,0.0,0.0,0.0,0.0,5.0,1.0,1.0,0.0,0.0,0.0,0.0,0.0,0.0,0.0,0.0,0.0,0.0,0.0,1.1,0.0,0.01,0.01,0.0,1.09,1.0,0.0,2.1,5.87,13.93,1.33,46.0,0.0,0.0,0.0,0.0,0.0,0.0,0.67,2.33,2.67,1.33,0.0,0.0,0.0,0.03,0.0,0.0,1.0,0.0,0.0,0.04,0.01,0.97,0.0,0.05,0.06,0.01,1.41,1.4,0.0,2.54,8.08,16.16,1.2,61.6,0.0,0.0,0.0,0.0,0.0,0.0,0.8,1.6,2.4,1.6,0.0,0.2,0.01,0.04,0.0,0.0,1.0,0.0,0.01,0.09,0.06,0.84,-588.0,-0.4143920595533499,1.0,0.365,0.263,0.372,,,0.0651111658878293,1.159168760977991e-09,0,0.0,1.3255558329166528
736,0,0,23,0,0.0,597,0.0,0.0,0.0,1.47,356,4,0,4.7,46.6,2024-05-06,90,8,0,0,0,0,36,6,1680827,1,0,4,0.0,2,21165,52643,31478,5.0,False,0,597.0,,Manchester United,0,0,0.0,90,GK,Crystal Palace,Manchester United,4,0,22250,2023,660052,0.0,0,0,0,0.0,0.0736285299062728,0.0736285299062728,10913.0,Manchester United,André Onana,André Onana,3,2,36,2.2,GK,0.0,0.01,0.01,0.0,2.06,1.0,0.0,3.9,39.4,0.0,0.0,90.0,0.0,0.0,0.0,0.0,0.0,6.0,1.0,1.0,1.0,4.0,0.0,0.0,0.0,0.0,0.0,0.0,0.0,0.0,0.0,0.06,0.06,2.7,0.0,0.01,0.01,0.0,1.53,1.67,0.0,2.77,27.53,0.0,0.0,90.0,0.0,0.0,0.0,0.0,0.0,3.67,1.0,1.67,2.33,2.33,0.0,0.0,0.0,0.0,0.0,0.0,0.0,0.0,0.0,0.17,0.17,2.47,0.0,0.0,0.0,0.0,2.24,2.2,0.0,3.38,33.8,0.0,0.0,90.0,0.0,0.0,0.0,0.0,0.2,4.6,1.0,2.0,2.6,2.2,0.0,0.0,0.0,0.0,0.0,0.0,0.0,0.0,0.0,0.21,0.21,3.34,22057.0,0.2516018592265903,2.0,0.402,0.255,0.342,5.810009159843124,2.2425098419189453,,,0,0.0,2.8160000000000003
769,0,0,-1,0,1.3,471,0.01,0.01,0.0,1.49,360,3,0,0.8,4.8,2024-05-04,90,16,0,0,0,1,36,0,21507,1,3,1,2.0,-2,561,1616,1055,4.3,True,0,,,Sheffield United,0,0,0.0,90,,Sheffield United,Nottingham Forest,1,3,22254,2023,658897,0.0,0,0,0,0.0,0.1898602694272995,0.1898602694272995,,Sheffield United,,,2,2,36,0.5,DEF,0.0,0.18,0.69,0.51,2.82,5.0,1.0,11.6,55.4,23.4,37.0,90.0,0.0,0.0,0.0,0.0,0.0,0.0,1.0,1.0,5.0,6.0,1.0,2.0,0.46,0.19,0.0,0.0,2.0,1.0,0.46,0.19,0.0,0.8,0.0,0.06,0.26,0.2,2.66,4.33,0.33,5.87,28.13,14.73,15.67,90.0,0.0,0.0,0.0,0.0,0.0,0.0,1.0,2.33,3.33,2.0,0.33,1.0,0.18,0.11,0.0,0.0,1.33,0.33,0.18,0.14,0.04,0.6,0.0,0.05,0.17,0.12,1.88,3.4,0.2,4.02,20.96,8.98,10.2,90.0,0.0,0.0,0.0,0.0,0.2,0.0,1.0,1.8,2.8,1.4,0.2,0.6,0.11,0.07,0.0,0.0,0.8,0.2,0.11,0.21,0.15,0.42,731.0,0.2100336952452265,-2.0,0.2,0.226,0.575,,1.6221379671628915,0.003102972213903,-5.277553949412095e-10,0,0.0,1.2076178317001522
780,0,0,2,0,0.2,577,0.0,0.0,0.0,4.13,355,5,0,1.0,7.6,2024-05-05,90,7,0,0,0,0,36,0,11077,1,0,5,2.0,-1,59,185,126,4.2,False,1,577.0,,West Ham United,0,0,0.0,90,DC,Chelsea,West Ham United,5,0,22249,2023,659345,0.0,0,0,0,0.0,0.0,0.0,528.0,West Ham United,Angelo Ogbonna,Angelo Ogbonna,2,3,36,-0.2,DEF,0.0,0.05,0.05,0.0,1.75,2.0,0.0,2.6,23.2,0.5,2.0,90.0,0.0,0.0,0.0,0.0,0.0,0.0,1.0,2.0,2.0,1.0,0.0,0.0,0.0,0.0,0.0,0.0,0.0,0.0,0.0,0.03,0.03,-0.5,0.0,0.02,0.03,0.01,1.21,2.0,0.0,1.27,9.67,0.17,2.67,45.33,0.0,0.0,0.0,0.0,0.0,0.0,0.67,2.33,2.67,0.33,0.0,0.33,0.01,0.0,0.0,0.0,0.0,0.0,0.01,0.02,0.01,-0.17,0.4,0.01,0.02,0.01,1.76,1.2,0.0,1.74,15.44,0.18,1.6,63.2,0.0,0.0,0.0,0.0,0.0,0.0,0.8,1.8,1.6,2.6,0.0,0.2,0.01,0.0,0.0,0.0,0.0,0.0,0.01,0.01,0.01,0.48,97.0,0.1897106109324758,-1.0,0.577,0.212,0.212,,1.2225452827875407,0.0015697020263212,-5.277553949412095e-10,0,0.0,0.398418210574661
849,0,0,9,0,2.0,378,0.32,0.32,0.0,2.14,360,1,0,1.3,2.8,2024-05-04,66,17,0,0,0,0,36,0,127518,1,3,1,8.0,2,-2045,3420,5465,5.0,False,0,378.0,,Nottingham Forest,0,0,0.0,74,AMR,Sheffield United,Nottingham Forest,1,3,22254,2023,658916,0.0,0,0,0,0.0,0.3321309387683868,0.3321309387683868,9524.0,Nottingham Forest,Anthony Elanga,Anthony Elanga,2,2,36,1.7,MID,0.0,0.11,0.11,0.0,0.77,2.0,0.0,2.2,4.6,11.4,6.0,73.0,0.0,0.0,0.0,0.0,0.0,0.0,1.0,2.0,0.0,2.0,0.0,0.0,0.0,0.49,0.0,0.0,1.0,0.0,0.0,1.16,0.67,1.2,0.0,0.08,0.11,0.03,0.86,2.0,0.0,3.83,12.2,16.43,9.67,66.67,0.0,0.0,0.0,0.0,0.0,0.0,0.67,1.0,1.67,3.0,0.0,0.33,0.02,0.31,0.33,0.33,1.33,0.0,0.02,0.43,0.25,1.53,0.0,0.07,0.13,0.06,0.87,1.4,0.0,2.84,7.64,12.8,8.0,65.4,0.0,0.0,0.0,0.0,0.0,0.0,0.6,1.0,1.8,2.4,0.0,0.8,0.12,0.19,0.2,0.2,0.8,0.0,0.12,0.45,0.34,1.52,-1429.0,-0.2301631963984243,2.0,0.2,0.226,0.575,,,0.0863496393547942,1.159168760977991e-09,0,0.0,2.4317482002514774
884,1,0,19,1,54.3,412,0.36,0.51,0.15,0.99,354,0,0,10.2,29.4,2024-05-04,84,6,0,0,0,0,36,0,2312678,1,4,1,18.0,6,312356,334553,22197,6.3,False,0,412.0,,Newcastle United,0,4,0.1323643326759338,90,ML,Burnley,Newcastle United,1,4,22248,2023,658888,0.3317547142505646,1,4,0,0.1323643326759338,0.4070911407470703,0.0656508281826973,8150.0,Newcastle United,Anthony Gordon,Anthony Gordon,3,2,36,9.0,MID,0.0,0.35,0.35,0.0,1.39,1.0,0.0,8.4,26.8,43.5,14.0,81.0,0.0,0.0,0.0,0.0,0.0,0.0,1.0,1.0,5.0,10.0,0.0,0.0,0.0,0.53,2.0,1.0,3.0,0.0,0.0,0.95,0.89,8.3,0.33,0.4,0.68,0.28,1.0,1.0,0.33,12.5,43.53,59.97,21.67,87.0,0.0,0.0,0.0,0.0,0.33,0.0,1.0,0.33,3.67,9.33,0.33,1.0,0.39,0.53,1.33,1.0,4.0,0.33,0.39,0.87,0.3,6.87,0.4,0.27,0.57,0.29,1.19,1.2,0.2,10.72,31.16,44.32,31.8,88.2,0.0,0.0,0.0,0.2,0.2,0.0,1.0,1.0,3.0,7.8,0.2,2.8,0.4,0.4,1.4,0.8,3.0,0.2,0.4,0.8,0.22,5.86,314164.0,0.8755599159074983,6.0,0.278,0.237,0.485,,,0.1948434357972066,0.3231434476509414,0,0.0,3.943647521938857
930,0,0,4,0,2.3,82,0.01,0.05,0.04,3.98,351,3,0,1.1,0.2,2024-05-04,90,1,0,0,0,0,36,0,234060,1,0,3,8.0,2,-22736,1633,24369,4.5,False,0,82.0,,Bournemouth,0,1,0.025426659733057,90,AMR,Arsenal,Bournemouth,3,0,22245,2023,658606,0.0,0,0,0,0.025426659733057,0.025426659733057,0.0,11363.0,Bournemouth,Antoine Semenyo,Antoine Semenyo,2,5,36,1.8,FWD,1.0,0.33,0.37,0.04,1.0,0.0,0.0,5.5,14.0,30.8,10.0,90.0,0.0,0.0,0.0,0.0,0.0,0.0,1.0,0.0,3.0,2.0,0.0,1.0,0.07,0.28,0.0,0.0,2.0,0.0,0.07,0.36,0.0,2.8,0.67,0.12,0.26,0.13,0.9,0.33,0.33,6.07,21.67,12.1,26.67,69.0,0.0,0.0,0.0,0.0,0.0,0.0,0.67,0.67,2.0,4.0,0.33,2.0,0.3,0.09,0.0,0.0,0.67,0.33,0.3,0.5,0.13,4.33,0.6,0.09,0.19,0.1,0.66,0.2,0.2,5.42,19.72,13.78,20.6,64.0,0.0,0.0,0.0,0.0,0.2,0.0,0.6,0.6,1.8,3.4,0.2,1.4,0.25,0.15,0.2,0.2,1.0,0.2,0.25,0.47,0.09,4.58,-22552.0,-0.8743942773632798,2.0,0.785,0.128,0.087,,,0.1258226875833465,-8.433620468650813e-10,0,,2.5032907478033
967,0,1,28,1,2.3,283,0.01,0.06,0.05,0.63,352,0,0,3.4,24.4,2024-05-04,90,4,0,0,0,0,36,0,482606,1,0,0,7.0,7,-12805,10368,23173,4.6,False,0,283.0,,Fulham,0,2,0.0649615079164505,90,DL,Brentford,Fulham,0,0,22246,2023,658853,0.0,0,0,0,0.0649615079164505,0.238927736878395,0.1878836303949356,8940.0,Fulham,Antonee Robinson,Antonee Robinson,2,2,36,4.0,DEF,0.0,0.03,0.03,0.0,1.01,1.0,0.0,2.7,19.8,5.2,2.0,90.0,0.0,0.0,0.0,0.0,0.0,0.0,1.0,1.0,1.0,2.0,0.0,0.0,0.0,0.0,0.0,0.0,0.0,0.0,0.0,0.32,0.32,2.8,0.33,0.04,0.05,0.0,0.99,1.33,0.0,3.53,17.67,15.3,2.33,90.0,0.0,0.0,0.0,0.0,0.0,0.0,1.0,2.0,0.67,3.0,0.0,0.33,0.0,0.04,0.0,0.0,0.67,0.0,0.0,0.46,0.42,2.33,0.2,0.05,0.06,0.01,1.01,1.6,0.0,4.34,18.48,17.26,7.6,90.0,0.0,0.0,0.0,0.0,0.0,0.0,1.0,1.6,1.0,2.4,0.0,0.4,0.02,0.05,0.0,0.0,0.8,0.0,0.02,0.38,0.31,2.74,-11556.0,-0.3817715631615038,6.0,0.453,0.25,0.297,,1.5323177666400918,0.0381044630615032,-5.277553949412095e-10,0,1.0,5.462626776785753
997,0,0,2,0,5.5,372,0.01,0.03,0.02,1.08,356,3,0,1.7,4.6,2024-05-06,59,8,0,0,0,0,36,0,64299,1,0,4,7.0,1,1325,1710,385,6.8,False,0,,,Manchester United,0,1,0.0116613032296299,63,,Crystal Palace,Manchester United,4,0,22250,2023,660059,0.0,0,0,0,0.0116613032296299,0.1609491109848022,0.1492878049612045,,Manchester United,,,3,2,36,2.0,MID,0.0,0.16,1.68,1.52,2.06,1.0,1.0,18.1,58.8,19.3,103.0,90.0,0.0,0.0,0.0,0.0,1.0,0.0,1.0,1.0,1.0,6.0,1.0,8.0,1.51,0.03,0.0,0.0,1.0,1.0,1.51,1.76,0.28,2.9,0.0,0.08,0.64,0.56,1.36,1.33,0.33,8.37,24.47,15.73,43.33,56.0,0.0,0.0,0.0,0.0,0.67,0.0,0.67,1.67,2.33,2.33,0.33,3.67,0.57,0.16,0.0,0.0,1.0,0.33,0.57,0.85,0.29,1.87,0.0,0.09,0.46,0.36,1.63,1.8,0.2,6.74,20.68,15.58,31.0,57.8,0.0,0.0,0.0,0.0,0.4,0.0,0.6,1.8,2.4,2.6,0.2,3.0,0.37,0.15,0.2,0.2,1.0,0.2,0.37,0.68,0.31,1.78,1629.0,0.6324582338902148,1.0,0.402,0.255,0.342,,,0.1035622002589224,0.0015954354373364,1,0.0,0.5225973076066213
1008,0,3,43,0,20.0,172,0.03,0.03,0.0,3.58,354,4,0,9.8,78.2,2024-05-04,90,15,0,0,1,0,36,7,28848,1,4,1,0.0,10,3170,4865,1695,4.3,True,0,172.0,,Burnley,0,0,0.0,90,GK,Burnley,Newcastle United,1,4,22248,2023,658865,0.3161885738372803,0,2,0,0.0,0.3161885738372803,0.0,7027.0,Burnley,Arijanet Muric,Arijanet Muric,3,2,36,6.5,GK,0.0,0.0,0.0,0.0,2.71,1.0,0.0,7.4,63.8,10.0,0.0,90.0,0.0,0.0,0.0,0.0,0.0,9.0,1.0,1.0,1.0,8.0,0.0,0.0,0.0,0.03,0.0,0.0,1.0,0.0,0.0,0.17,0.14,4.5,0.0,0.0,0.0,0.0,2.02,1.0,0.0,6.5,61.67,3.33,0.0,90.0,0.33,0.0,0.0,0.0,0.0,9.0,1.0,2.0,1.0,6.0,0.0,0.0,0.0,0.01,0.0,0.0,0.33,0.0,0.0,0.12,0.11,3.6,0.0,0.0,0.0,0.0,1.54,1.0,0.0,4.64,44.32,2.0,0.0,90.0,0.2,0.0,0.0,0.0,0.0,6.0,1.0,1.4,1.0,4.4,0.0,0.0,0.0,0.01,0.0,0.0,0.2,0.0,0.0,0.16,0.16,2.94,3645.0,0.4832317073170731,7.0,0.278,0.237,0.485,9.705534783378363,2.7100863456726074,,,0,0.0,3.8799999999999994
1074,0,0,19,0,0.7,588,0.01,0.01,0.0,0.58,358,1,0,1.5,14.4,2024-05-03,66,12,0,0,0,0,36,0,40225,1,1,1,0.0,2,2952,3844,892,4.4,False,0,588.0,,Everton,0,0,0.0,73,DL,Luton,Everton,1,1,22252,2023,658574,0.0,0,0,0,0.0,0.0,0.0,631.0,Everton,Ashley Young,Ashley Young,2,2,36,3.3,DEF,1.0,0.02,0.02,0.0,0.84,0.0,0.0,1.7,15.2,1.8,0.0,90.0,0.0,0.0,0.0,0.0,0.0,0.0,1.0,0.0,1.0,7.0,0.0,0.0,0.0,0.0,0.0,0.0,0.0,0.0,0.0,0.34,0.34,3.6,0.67,0.02,0.03,0.01,0.82,0.0,0.0,1.33,9.4,1.2,2.67,75.0,0.0,0.0,0.0,0.0,0.0,0.0,0.67,0.0,1.67,4.67,0.0,0.33,0.01,0.0,0.0,0.0,0.0,0.0,0.01,0.12,0.12,4.6,0.6,0.02,0.05,0.03,1.18,1.2,0.0,2.28,9.16,9.98,3.8,79.4,0.0,0.0,0.0,0.0,0.2,0.0,0.8,0.0,2.4,3.6,0.0,0.4,0.02,0.05,0.0,0.0,0.8,0.0,0.02,0.34,0.28,4.0,3299.0,0.6233108108108109,2.0,0.365,0.263,0.372,,1.4808466971085834,0.0006875925282947,-5.277553949412095e-10,0,0.0,1.2641255535865021
1106,0,0,15,0,10.5,27,0.0,0.0,0.0,1.49,360,3,0,2.6,15.2,2024-05-04,90,16,0,0,0,0,36,0,210384,1,3,1,0.0,1,-3519,2062,5581,3.9,True,0,27.0,,Sheffield United,0,0,0.0,90,DC,Sheffield United,Nottingham Forest,1,3,22254,2023,658898,0.056112240999937,0,1,0,0.0,0.1382431387901306,0.0821309015154838,11732.0,Sheffield United,Auston Trusty,Auston Trusty,2,2,36,-0.1,DEF,0.0,0.33,0.33,0.0,2.82,5.0,0.0,5.3,30.8,20.4,2.0,90.0,0.0,0.0,0.0,0.0,0.0,0.0,1.0,1.0,5.0,0.0,0.0,0.0,0.0,0.58,0.0,0.0,2.0,0.0,0.0,0.2,0.0,0.0,0.0,0.14,0.15,0.02,2.66,4.33,0.0,3.3,18.13,7.0,7.67,90.0,0.0,0.0,0.0,0.0,0.0,0.0,1.0,2.33,3.33,0.0,0.0,0.33,0.02,0.19,0.0,0.0,0.67,0.0,0.02,0.08,0.02,0.33,0.0,0.09,0.1,0.01,1.88,3.4,0.0,2.78,13.6,7.5,6.6,89.2,0.0,0.0,0.0,0.0,0.0,0.0,1.0,1.8,2.8,0.4,0.0,0.2,0.01,0.13,0.0,0.0,0.6,0.0,0.01,0.2,0.14,0.32,-3062.0,-0.4604213005364386,1.0,0.2,0.226,0.575,,2.071778126423137,5.515961021274052e-10,0.0444164223161744,1,0.0,0.0972492702580996
1139,0,0,3,0,0.0,611,0.0,0.0,0.0,0.06,355,0,0,0.2,2.4,2024-05-05,8,19,0,0,0,0,36,0,382837,0,0,5,0.0,1,-22615,6216,28831,4.9,True,0,611.0,,Chelsea,0,0,0.0,5,Sub,Chelsea,West Ham United,5,0,22249,2023,659338,0.0,0,0,0,0.0,0.021399138495326,0.021399138495326,6885.0,Chelsea,Axel Disasi,Axel Disasi,2,3,36,0.1,DEF,0.0,0.0,0.0,0.0,0.1,0.0,0.0,0.0,0.2,0.0,0.0,1.0,0.0,0.0,0.0,0.0,0.0,0.0,0.0,2.0,2.0,1.0,0.0,0.0,0.0,0.0,0.0,0.0,0.0,0.0,0.0,0.0,0.0,0.0,0.0,0.0,0.31,0.31,1.61,2.33,0.0,1.27,8.33,1.83,2.33,60.33,0.0,0.0,0.0,0.0,0.0,0.0,0.67,1.33,3.0,0.67,0.0,0.33,0.29,0.0,0.0,0.0,0.0,0.0,0.29,0.02,0.02,0.37,0.0,0.02,0.23,0.22,1.6,2.4,0.0,2.08,11.56,4.04,5.2,69.0,0.0,0.0,0.0,0.0,0.0,0.0,0.8,1.8,3.0,0.8,0.0,0.8,0.23,0.01,0.0,0.0,0.2,0.0,0.23,0.3,0.3,1.26,-23733.0,-0.6452763431962792,1.0,0.577,0.212,0.212,,0.7822579494722564,5.515961021274052e-10,-5.277553949412095e-10,0,0.0,1.6090000017263106
1159,0,0,23,1,1.0,152,0.0,0.0,0.0,0.06,353,0,0,1.5,13.6,2024-05-05,90,2,0,0,0,0,36,1,98844,1,0,1,0.0,6,4070,8139,4069,4.4,True,0,152.0,,Brighton and Hove Albion,0,0,0.0,90,GK,Brighton and Hove Albion,Aston Villa,1,0,22247,2023,659387,0.0,0,0,0,0.0,0.7640538811683655,0.7640538811683655,11711.0,Brighton and Hove Albion,Bart Verbruggen,Bart Verbruggen,3,3,36,2.0,GK,0.0,0.0,0.0,0.0,2.26,3.0,0.0,2.3,22.6,0.0,0.0,90.0,0.0,0.0,0.0,0.0,0.0,3.0,1.0,0.0,3.0,2.0,0.0,0.0,0.0,0.0,0.0,0.0,0.0,0.0,0.0,0.07,0.07,2.4,0.0,0.0,0.0,0.0,2.4,2.33,0.0,2.2,22.07,0.0,0.0,90.0,0.0,0.0,0.0,0.0,0.0,3.0,1.0,1.33,1.33,2.0,0.0,0.0,0.0,0.0,0.0,0.0,0.0,0.0,0.0,0.06,0.06,3.63,0.2,0.0,0.0,0.0,2.1,1.8,0.0,2.7,27.04,0.0,0.0,90.0,0.0,0.0,0.0,0.0,0.0,3.4,1.0,1.0,1.2,3.2,0.0,0.0,0.0,0.0,0.0,0.0,0.0,0.0,0.0,0.05,0.05,4.36,4223.0,0.3333879423328965,6.0,0.35,0.257,0.393,1.5297108680066982,1.214284896850586,,,0,0.0,1.9029999999999998
1173,0,1,31,0,15.3,775,0.05,1.11,1.06,1.49,360,3,1,10.2,38.8,2024-05-04,90,16,0,0,0,0,36,0,25674,1,3,1,48.0,8,-1702,2359,4061,5.0,True,0,,,Sheffield United,1,4,1.0122170448303225,90,,Sheffield United,Nottingham Forest,1,3,22254,2023,658905,0.3639289140701294,0,1,0,0.25104820728302,0.7341833114624023,0.1192061901092529,,Sheffield United,,,2,2,36,3.5,MID,0.0,0.01,0.33,0.32,2.82,5.0,0.0,7.1,8.4,4.2,58.0,90.0,0.0,0.0,0.0,0.0,0.0,0.0,1.0,1.0,5.0,2.0,0.0,5.0,0.37,0.0,0.0,0.0,0.0,0.0,0.37,0.41,0.04,2.0,0.0,0.03,0.49,0.46,2.66,4.33,0.33,8.47,26.0,7.27,51.33,90.0,0.0,0.0,0.0,0.0,0.0,0.0,1.0,2.33,3.33,3.67,0.33,4.33,0.53,0.01,0.0,0.0,0.33,0.33,0.53,0.64,0.14,7.27,0.0,0.08,0.51,0.43,1.88,3.4,0.2,6.54,17.04,10.34,38.0,90.0,0.0,0.0,0.0,0.0,0.4,0.0,1.0,1.8,2.8,2.6,0.2,3.4,0.45,0.12,0.0,0.0,0.6,0.2,0.45,0.65,0.2,6.36,-1252.0,-0.2651090342679127,7.0,0.2,0.226,0.575,,,0.5028730366216076,0.1023693998994952,0,0.0,4.821473382806524
1221,0,0,13,0,1.8,252,0.0,0.0,0.0,0.96,358,1,0,2.5,23.2,2024-05-03,90,12,0,0,0,0,36,0,17585,1,1,1,0.0,2,1731,2019,288,4.3,False,0,252.0,,Everton,0,0,0.0,90,DR,Luton,Everton,1,1,22252,2023,658571,0.0,0,0,0,0.0,0.023149337619543,0.023149337619543,7689.0,Everton,Ben Godfrey,Ben Godfrey,2,2,36,3.5,DEF,1.0,0.01,0.05,0.04,0.84,0.0,0.0,2.1,10.0,5.7,5.0,90.0,0.0,0.0,0.0,0.0,0.0,0.0,1.0,0.0,1.0,6.0,0.0,2.0,0.08,0.0,0.0,0.0,0.0,0.0,0.08,0.27,0.2,2.6,0.67,0.01,0.1,0.09,0.97,0.0,0.0,2.2,12.47,2.03,7.33,60.33,0.0,0.0,0.0,0.0,0.0,0.0,0.67,0.0,3.0,4.33,0.0,1.67,0.1,0.0,0.0,0.0,0.0,0.0,0.1,0.09,0.07,2.17,0.4,0.01,0.07,0.05,1.39,0.6,0.0,2.34,14.12,4.72,4.4,72.0,0.0,0.0,0.0,0.0,0.0,0.0,0.8,0.4,2.4,3.2,0.0,1.0,0.06,0.0,0.0,0.0,0.2,0.0,0.06,0.08,0.07,1.76,1869.0,0.7503250975292588,2.0,0.365,0.263,0.372,,1.3578385693355148,5.515961021274052e-10,-5.277553949412095e-10,0,0.0,1.3210000017263106
1274,0,0,12,0,14.9,489,0.02,0.02,0.0,1.49,360,3,0,2.5,9.8,2024-05-04,90,16,0,0,0,0,36,0,1545,1,3,1,0.0,2,-7,27,34,4.8,True,0,489.0,,Sheffield United,0,0,0.0,90,DML,Sheffield United,Nottingham Forest,1,3,22254,2023,658901,0.029813902452588,0,1,0,0.0,0.137525275349617,0.137525275349617,7714.0,Sheffield United,Ben Osborn,Ben Osborn,2,2,36,1.5,MID,0.0,0.04,0.04,0.0,2.82,5.0,0.0,2.9,5.8,21.6,2.0,90.0,1.0,0.0,0.0,0.0,0.0,0.0,1.0,1.0,5.0,0.0,0.0,0.0,0.0,0.04,0.0,0.0,1.0,0.0,0.0,0.16,0.16,1.3,0.0,0.08,0.08,0.0,2.66,4.33,0.0,3.2,14.2,16.4,1.33,90.0,0.33,0.0,0.0,0.0,0.33,0.0,1.0,2.33,3.33,2.0,0.0,0.0,0.0,0.19,0.33,0.33,1.0,0.0,0.0,0.39,0.22,3.03,0.0,0.09,0.11,0.01,1.88,3.4,0.0,3.0,13.76,14.46,1.8,90.0,0.2,0.0,0.0,0.0,0.2,0.0,1.0,1.8,2.8,2.0,0.0,0.4,0.01,0.12,0.2,0.2,0.8,0.0,0.01,0.3,0.19,2.34,-5.0,-0.1147540983606557,2.0,0.2,0.226,0.575,,,-1.5743444325977407e-09,0.0711101744267708,0,0.0,2.21333051540859
1316,0,0,22,1,33.3,29,0.24,0.33,0.09,0.37,351,0,0,5.7,13.0,2024-05-04,90,3,0,0,0,0,36,0,2440727,1,0,3,11.0,6,153419,176387,22968,6.1,True,0,,,Arsenal,0,1,0.0609700083732605,90,,Arsenal,Bournemouth,3,0,22245,2023,658587,0.2365215420722961,0,3,0,0.0609700083732605,1.003907561302185,0.8222145438194275,,Arsenal,,,2,5,36,8.6,DEF,0.0,0.01,0.01,0.0,2.37,2.0,0.0,2.9,25.6,1.8,2.0,90.0,0.0,0.0,0.0,0.0,0.0,0.0,1.0,3.0,2.0,1.0,0.0,0.0,0.0,0.0,0.0,0.0,0.0,0.0,0.0,0.09,0.09,7.7,0.67,0.1,0.21,0.12,1.37,0.67,0.67,8.13,43.13,22.07,16.33,90.0,0.0,0.0,0.0,0.0,0.33,0.0,1.0,1.67,2.33,9.0,0.67,1.0,0.21,0.11,0.0,0.0,1.67,0.67,0.21,0.67,0.58,14.57,0.8,0.08,0.15,0.07,1.01,0.4,0.4,6.58,33.28,22.16,10.6,85.2,0.0,0.0,0.0,0.0,0.6,0.0,1.0,2.0,1.4,7.4,0.4,0.6,0.12,0.25,0.0,0.0,1.8,0.4,0.12,0.91,0.71,11.54,159254.0,0.7695768854555943,6.0,0.785,0.128,0.087,,0.5056770136717548,0.0485012187447952,0.1119959130634153,0,0.0,2.3739950516590174
1333,0,0,28,1,1.4,191,0.01,0.01,0.0,1.04,355,0,0,2.2,21.0,2024-05-05,90,19,0,0,0,0,36,0,12363,1,0,5,0.0,6,4480,5095,615,4.4,True,0,,,Chelsea,0,0,0.0,90,,Chelsea,West Ham United,5,0,22249,2023,659329,0.0,0,0,0,0.0,1.991857528686524,1.991857528686524,,Chelsea,,,2,3,36,2.4,DEF,1.0,0.01,0.02,0.01,1.54,0.0,0.0,2.8,21.6,1.2,5.0,90.0,0.0,0.0,0.0,0.0,0.0,0.0,1.0,0.0,2.0,6.0,0.0,1.0,0.03,0.0,0.0,0.0,0.0,0.0,0.03,0.11,0.11,1.6,0.33,0.08,0.11,0.03,1.93,2.33,0.0,4.0,25.4,10.07,4.67,90.0,0.0,0.0,0.0,0.0,0.33,0.0,1.0,0.67,3.0,2.0,0.0,0.67,0.04,0.32,0.0,0.0,0.67,0.0,0.04,0.12,0.1,0.93,0.2,0.05,0.08,0.03,1.59,2.2,0.0,2.84,18.72,6.14,3.6,72.2,0.0,0.0,0.0,0.0,0.2,0.0,0.8,1.4,3.0,1.6,0.0,0.6,0.04,0.19,0.0,0.0,0.4,0.0,0.04,0.1,0.08,0.96,4595.0,0.7845884413309983,6.0,0.577,0.212,0.212,,1.734847485503947,5.515961021274052e-10,-5.277553949412095e-10,0,0.0,1.1330000017263107
1366,0,0,15,0,33.1,344,0.62,0.7,0.08,0.35,359,1,0,5.5,8.0,2024-05-04,79,20,0,0,0,0,36,0,284463,1,1,5,14.0,2,2073,8579,6506,6.2,True,0,,,Manchester City,0,1,0.0830365717411041,87,,Manchester City,Wolverhampton Wanderers,5,1,22253,2023,659055,0.51386958360672,0,2,0,0.0830365717411041,0.8257108926773071,0.6494234204292297,,Manchester City,,,2,5,36,3.8,MID,1.0,0.05,0.05,0.0,1.64,0.0,0.0,2.3,11.6,7.4,4.0,90.0,0.0,0.0,0.0,0.0,0.0,0.0,1.0,2.0,0.0,3.0,0.0,0.0,0.0,0.0,0.0,0.0,0.0,0.0,0.0,0.41,0.41,3.4,0.67,0.02,0.02,0.0,0.63,0.0,0.0,2.3,12.07,9.73,1.33,56.0,0.0,0.0,0.0,0.0,0.0,0.0,0.67,3.33,0.67,3.33,0.0,0.0,0.0,0.12,0.33,0.33,0.33,0.0,0.0,0.36,0.24,3.2,0.6,0.13,0.22,0.09,0.65,0.2,0.0,3.5,11.4,12.26,11.4,66.4,0.0,0.0,0.0,0.0,0.0,0.0,0.8,2.2,1.2,3.0,0.0,0.2,0.08,0.21,0.2,0.2,0.6,0.0,0.08,0.51,0.22,2.88,2645.0,0.137421279416639,2.0,0.876,0.079,0.045,,,0.0906856843137564,0.1704821340425231,1,0.0,0.9648748236963514
1405,0,0,27,1,0.0,275,0.0,0.0,0.0,0.63,352,0,0,1.9,19.2,2024-05-04,90,4,0,0,0,0,36,2,1625397,1,0,0,0.0,6,-18976,14279,33255,4.8,False,0,275.0,,Fulham,0,0,0.0,90,GK,Brentford,Fulham,0,0,22246,2023,658849,0.0,0,0,0,0.0,0.0,0.0,181.0,Fulham,Bernd Leno,Bernd Leno,2,2,36,5.0,GK,0.0,0.0,0.0,0.0,1.01,1.0,0.0,2.2,22.4,0.0,0.0,90.0,0.0,0.0,0.0,0.0,0.0,3.0,1.0,1.0,1.0,3.0,0.0,0.0,0.0,0.0,0.0,0.0,0.0,0.0,0.0,0.09,0.09,4.2,0.33,0.0,0.0,0.0,0.99,1.33,0.0,2.9,29.27,0.0,0.0,90.0,0.0,0.0,0.0,0.0,0.0,3.67,1.0,2.0,0.67,4.67,0.0,0.0,0.0,0.0,0.0,0.0,0.0,0.0,0.0,0.19,0.19,3.47,0.2,0.0,0.0,0.0,1.01,1.6,0.0,2.68,26.8,0.0,0.0,90.0,0.0,0.0,0.0,0.0,0.0,3.2,1.0,1.6,1.0,3.6,0.0,0.0,0.0,0.0,0.0,0.0,0.0,0.0,0.0,0.14,0.14,3.1,-16580.0,-0.3992089872512307,6.0,0.453,0.25,0.297,2.072409872812756,1.2005984783172607,,,0,1.0,6.091
1441,0,0,9,1,8.8,133,0.11,0.11,0.0,0.06,353,0,0,1.2,3.4,2024-05-05,87,2,0,0,0,0,36,0,23885,1,0,1,0.0,3,-61,85,146,4.8,True,0,133.0,,Brighton and Hove Albion,0,0,0.0,90,DMC,Brighton and Hove Albion,Aston Villa,1,0,22247,2023,659393,0.0,0,0,0,0.0,1.0370562076568604,1.0370562076568604,7988.0,Brighton and Hove Albion,Billy Gilmour,Billy Gilmour,3,3,36,0.5,MID,0.0,0.19,0.25,0.06,2.26,3.0,0.0,5.7,19.4,32.1,5.0,90.0,0.0,0.0,0.0,0.0,1.0,0.0,1.0,0.0,3.0,1.0,0.0,1.0,0.05,0.06,0.0,0.0,2.0,0.0,0.05,0.96,0.89,0.1,0.33,0.12,0.17,0.05,1.08,1.33,0.0,4.17,11.8,26.33,3.33,86.67,0.0,0.0,0.0,0.33,0.67,0.0,1.0,2.0,1.33,0.67,0.0,1.33,0.04,0.07,0.0,0.0,1.33,0.0,0.04,1.01,0.91,0.87,0.2,0.08,0.11,0.03,0.96,1.2,0.0,3.26,11.24,18.84,2.4,88.0,0.0,0.0,0.0,0.2,0.4,0.0,1.0,1.6,2.0,1.2,0.0,1.0,0.03,0.04,0.0,0.0,0.8,0.0,0.03,0.77,0.71,1.42,-39.0,-0.264069264069264,3.0,0.35,0.257,0.393,,,-1.5743444325977407e-09,0.0032199291883079,1,0.0,1.0096597796932016
1480,0,0,2,0,10.7,270,0.02,0.02,0.0,0.02,352,0,0,1.7,2.6,2024-05-04,15,4,0,0,0,0,36,0,15268,0,0,0,4.0,1,-177,157,334,5.2,False,0,,,Fulham,0,0,0.0,9,,Brentford,Fulham,0,0,22246,2023,658860,0.0510623045265674,0,1,0,0.0,0.0510623045265674,0.0,,Fulham,,,2,2,36,1.5,MID,1.0,0.07,0.28,0.21,0.7,0.0,0.0,1.1,0.0,1.2,11.0,67.0,0.0,0.0,0.0,0.0,0.0,0.0,1.0,1.0,1.0,3.0,0.0,3.0,0.35,0.0,0.0,0.0,0.0,0.0,0.35,0.35,0.0,1.2,0.33,0.03,0.1,0.07,0.54,0.67,0.0,1.43,3.13,6.2,5.67,51.0,0.0,0.0,0.0,0.0,0.33,0.0,0.67,2.0,0.67,1.67,0.0,1.0,0.12,0.01,0.0,0.0,0.33,0.0,0.12,0.18,0.06,1.43,0.2,0.02,0.1,0.08,0.37,0.4,0.2,2.0,9.04,5.96,5.6,35.4,0.0,0.0,0.0,0.0,0.2,0.0,0.4,2.0,1.6,2.4,0.2,1.0,0.1,0.01,0.0,0.0,0.4,0.2,0.1,0.14,0.04,1.86,-137.0,-0.3604887983706721,1.0,0.453,0.25,0.297,,,0.022101003452621,0.0635757381932313,0,0.0,1.301232231842799
1524,0,0,9,0,2.3,574,0.01,0.01,0.0,3.57,359,5,0,1.1,8.2,2024-05-04,90,13,0,0,0,0,36,0,34352,1,1,5,0.0,1,-33,221,254,4.3,False,1,,,Wolverhampton Wanderers,0,0,0.0,90,,Manchester City,Wolverhampton Wanderers,5,1,22253,2023,659072,0.0,0,0,0,0.0,0.0,0.0,,Wolverhampton Wanderers,,,2,5,36,0.4,MID,0.0,0.0,0.13,0.13,0.59,1.0,0.0,4.6,17.2,23.3,5.0,90.0,0.0,0.0,0.0,0.0,0.0,0.0,1.0,1.0,2.0,2.0,0.0,3.0,0.13,0.08,0.0,0.0,2.0,0.0,0.13,0.5,0.31,1.7,0.0,0.01,0.07,0.06,0.6,1.0,0.0,2.33,11.73,9.03,2.33,68.67,0.0,0.0,0.0,0.0,0.0,0.0,0.67,1.33,0.67,1.67,0.0,1.67,0.06,0.03,0.0,0.0,0.67,0.0,0.06,0.19,0.12,1.23,0.0,0.01,0.05,0.04,0.43,0.8,0.0,1.7,8.12,5.64,3.0,47.0,0.0,0.0,0.0,0.0,0.2,0.0,0.4,1.6,1.0,1.2,0.0,1.4,0.04,0.02,0.0,0.0,0.4,0.0,0.04,0.12,0.07,1.0,-1.0,-0.0694736842105263,1.0,0.876,0.079,0.045,,,-1.5743444325977407e-09,1.159168760977991e-09,1,0.0,0.9999999956057841
1559,1,0,14,0,30.8,450,0.25,0.35,0.1,3.22,357,4,0,8.6,28.6,2024-05-05,90,11,0,0,0,0,36,0,164514,1,2,4,27.0,5,-28927,3584,32511,5.8,False,0,450.0,,Tottenham Hotspur,0,1,0.2602687776088714,90,FWL,Liverpool,Tottenham Hotspur,4,2,22251,2023,659568,0.3075763285160064,1,2,0,0.2602687776088714,0.5432913899421692,0.0,10760.0,Nottingham Forest,Brennan Johnson,Brennan Johnson,3,5,36,2.5,MID,0.0,0.1,0.35,0.25,1.91,2.0,0.0,4.0,4.4,14.5,21.0,77.0,0.0,0.0,0.0,0.0,0.0,0.0,1.0,0.0,2.0,2.0,0.0,2.0,0.31,0.1,0.0,0.0,1.0,0.0,0.31,0.54,0.23,3.6,0.0,0.07,0.23,0.15,1.85,2.33,0.0,3.0,3.87,12.5,13.33,75.33,0.0,0.0,0.0,0.0,0.0,0.0,0.67,1.0,2.67,1.67,0.0,1.67,0.17,0.14,0.0,0.0,0.67,0.0,0.17,0.38,0.17,4.3,0.0,0.11,0.43,0.32,1.65,1.8,0.2,5.56,11.72,16.14,27.4,80.6,0.0,0.0,0.0,0.0,0.2,0.0,0.8,1.0,2.4,3.2,0.2,1.8,0.44,0.13,0.0,0.0,1.0,0.2,0.44,0.63,0.12,5.2,-33080.0,-0.8014129380800665,5.0,0.641,0.167,0.192,,,0.2397224539804607,0.2241482224352928,0,0.0,3.8710569372081816
1596,0,0,4,1,9.1,108,0.02,0.1,0.08,1.19,352,0,0,3.3,6.4,2024-05-04,90,10,0,0,0,0,36,0,735245,1,0,0,17.0,3,4186,20168,15982,6.8,True,0,108.0,,Brentford,0,1,0.1025624722242355,90,FWR,Brentford,Fulham,0,0,22246,2023,658841,0.0,0,0,0,0.1025624722242355,0.1025624722242355,0.0,6552.0,Brentford,Bryan Mbeumo,Bryan Mbeumo,2,2,36,4.0,MID,0.0,0.02,0.06,0.04,0.77,1.0,0.0,1.9,6.2,5.8,7.0,90.0,0.0,0.0,0.0,0.0,1.0,0.0,1.0,0.0,1.0,1.0,0.0,1.0,0.06,0.0,0.0,0.0,0.0,0.0,0.06,0.0,0.0,4.2,0.33,0.35,0.44,0.08,0.73,0.67,0.0,5.93,19.67,24.07,15.67,89.67,0.0,0.0,0.0,0.0,0.33,0.0,1.0,1.67,1.33,4.33,0.0,1.33,0.09,0.41,0.67,0.67,1.33,0.0,0.09,0.87,0.64,4.13,0.2,0.25,0.35,0.1,0.82,1.0,0.2,4.88,18.48,16.18,14.4,74.2,0.0,0.0,0.0,0.0,0.2,0.0,0.8,1.6,1.4,4.2,0.2,1.4,0.1,0.24,0.4,0.4,0.8,0.2,0.1,0.56,0.39,2.94,5129.0,0.1157952973720608,3.0,0.453,0.25,0.297,,,0.092846871896979,0.0108210422184666,1,1.0,2.496697486140295
1632,0,2,33,1,65.5,19,0.53,1.75,1.22,0.37,351,0,1,19.9,50.8,2024-05-04,85,3,0,0,0,0,36,0,6068655,1,0,3,83.0,10,57790,128724,70934,9.0,True,0,19.0,,Arsenal,1,6,1.325021266937256,90,FWR,Arsenal,Bournemouth,3,0,22245,2023,658594,1.1941931247711182,0,5,0,0.5638524293899536,1.9266819953918457,0.7200692892074585,7322.0,Arsenal,Bukayo Saka,Bukayo Saka,2,5,36,7.6,MID,0.0,0.02,0.43,0.41,2.37,2.0,1.0,10.9,52.6,13.8,43.0,90.0,0.0,0.0,0.0,0.0,0.0,0.0,1.0,3.0,2.0,12.0,1.0,3.0,0.63,0.1,1.0,0.0,1.0,1.0,0.63,0.81,0.08,6.0,0.67,0.17,0.43,0.26,1.37,0.67,0.33,11.2,32.53,37.5,42.0,87.0,0.0,0.0,0.0,0.0,0.0,0.0,1.0,1.67,2.33,7.0,0.33,3.67,0.4,0.24,0.67,0.33,3.0,0.33,0.4,0.9,0.3,8.67,0.6,0.2,0.66,0.46,1.13,0.8,0.4,10.98,30.52,39.0,40.2,82.8,0.0,0.0,0.0,0.0,0.0,0.0,1.0,2.0,1.4,6.6,0.4,3.6,0.52,0.21,0.4,0.2,3.0,0.2,0.36,0.85,0.32,6.78,75866.0,0.2894449508659808,8.0,0.785,0.128,0.087,,,0.7539977920356868,0.5079049905694537,0,0.0,7.293703931886795
1644,0,0,0,0,0.0,593,0.0,0.0,0.0,0.0,360,0,0,0.0,0.0,2024-05-04,0,16,0,0,0,0,36,0,2802,0,3,1,0.0,0,-10,0,10,5.1,True,0,593.0,,Brest,0,0,0.0,73,FWR,Brest,Nantes,0,0,23658,2023,659224,0.0410939902067184,0,2,0,0.0,0.0718663781881332,0.0461452864110469,11729.0,Sheffield United,Bénie Traoré,Bénie Traoré,2,2,36,0.0,FWD,0.0,0.0,0.0,0.0,0.0,0.0,0.0,0.0,0.0,0.0,0.0,0.0,0.0,0.0,0.0,0.0,0.0,0.0,0.0,4.0,1.0,0.0,0.0,0.0,0.0,0.0,0.0,0.0,0.0,0.0,0.0,0.0,0.0,0.0,0.0,0.0,0.0,0.0,0.33,0.33,0.0,0.07,0.0,0.1,0.67,5.0,0.0,0.0,0.0,0.0,0.0,0.0,0.0,2.67,1.0,0.33,0.0,0.0,0.0,0.0,0.0,0.0,0.0,0.0,0.0,0.0,0.0,-0.17,0.0,0.01,0.01,0.0,0.44,0.8,0.0,0.44,1.08,2.94,0.4,13.2,0.0,0.0,0.0,0.0,0.0,0.0,0.0,2.0,1.8,0.6,0.0,0.0,0.0,0.01,0.0,0.0,0.2,0.0,0.0,0.0,0.0,-0.2,-17.0,-1.0,,,,,,,-6.041389832844857e-09,0.014644781992503,0,,1.0439343218119497
1672,0,3,46,0,38.1,205,0.09,0.4,0.31,2.27,360,1,2,15.7,70.0,2024-05-04,89,17,0,0,0,0,36,0,36260,1,3,1,49.0,15,-579,2020,2599,4.7,False,0,205.0,,Nottingham Forest,2,4,0.2738849818706512,90,AML,Sheffield United,Nottingham Forest,1,3,22254,2023,658918,0.0654948502779007,0,3,2,0.2738849818706512,0.7543829679489136,0.4608651995658874,6456.0,Nottingham Forest,Callum Hudson-Odoi,Callum Hudson-Odoi,2,2,36,5.7,MID,0.0,0.17,0.24,0.07,0.84,2.0,0.0,6.0,10.2,35.3,14.0,90.0,0.0,0.0,0.0,0.0,0.0,0.0,1.0,2.0,0.0,2.0,0.0,3.0,0.1,0.11,0.0,0.0,2.0,0.0,0.1,1.29,1.15,1.0,0.0,0.09,0.19,0.1,0.77,2.0,0.0,5.37,8.4,22.8,22.33,86.33,0.0,0.0,0.0,0.0,0.0,0.0,1.0,1.33,1.33,2.0,0.0,2.33,0.18,0.08,0.0,0.0,1.33,0.0,0.18,0.6,0.42,2.4,0.0,0.07,0.24,0.18,0.9,2.0,0.2,5.6,13.8,16.8,25.4,83.6,0.0,0.0,0.0,0.0,0.0,0.0,1.0,1.2,2.0,3.0,0.2,2.4,0.23,0.06,0.0,0.0,1.0,0.2,0.23,0.6,0.37,2.42,-259.0,-0.1253518077505953,12.0,0.2,0.226,0.575,,,0.5249170002194441,0.1802021611818116,0,1.0,6.165191484642655
1693,0,0,28,1,12.1,433,0.11,1.03,0.92,0.6,354,0,1,9.7,33.6,2024-05-04,68,6,0,0,0,0,36,0,300685,1,4,1,51.0,5,6041,7920,1879,7.8,False,1,433.0,,Newcastle United,1,2,0.8898428082466125,75,FW,Burnley,Newcastle United,1,4,22248,2023,658890,0.3391649723052978,0,1,1,0.8898428082466125,2.0497727394104004,0.8207648992538452,468.0,Newcastle United,Callum Wilson,Callum Wilson,3,2,36,3.3,FWD,0.0,0.11,0.65,0.54,0.08,0.0,1.0,7.8,41.4,0.6,36.0,24.0,0.0,0.0,0.0,0.0,0.0,0.0,0.0,1.0,5.0,5.0,1.0,2.0,0.57,0.0,0.0,0.0,0.0,1.0,0.57,0.64,0.07,2.0,0.0,0.04,0.22,0.18,0.64,1.0,0.33,2.93,13.8,0.5,15.33,46.33,0.0,0.0,0.0,0.0,0.33,0.0,0.33,1.33,3.0,2.33,0.33,0.67,0.19,0.0,0.0,0.0,0.0,0.33,0.19,0.21,0.02,1.07,0.0,0.05,0.21,0.16,0.8,1.2,0.2,2.62,9.32,4.72,12.8,43.8,0.0,0.0,0.0,0.0,0.2,0.0,0.2,2.2,2.8,1.8,0.2,0.8,0.15,0.03,0.0,0.0,0.4,0.2,0.15,0.19,0.04,1.24,6592.0,0.6164914787223186,5.0,0.278,0.237,0.485,,,0.7169814785063016,0.0765052160181003,0,,4.097441562079507
1697,0,0,3,0,0.0,37,0.0,0.0,0.0,0.05,353,0,0,0.1,1.4,2024-05-05,1,5,0,0,0,0,36,0,214707,0,0,1,0.0,1,5218,11262,6044,3.8,False,0,37.0,,Aston Villa,0,0,0.0,1,Sub,Brighton and Hove Albion,Aston Villa,1,0,22247,2023,659416,0.0,0,0,0,0.0,0.0,0.0,508.0,Aston Villa,Calum Chambers,Calum Chambers,3,3,36,0.7,DEF,0.0,0.0,0.0,0.0,1.0,1.0,0.0,0.5,5.0,0.3,0.0,26.0,0.0,0.0,0.0,0.0,1.0,0.0,0.0,1.0,4.0,0.0,0.0,0.0,0.0,0.0,0.0,0.0,0.0,0.0,0.0,0.05,0.05,-0.5,0.0,0.0,0.0,0.0,0.85,0.67,0.0,0.5,4.8,0.17,0.0,23.67,0.0,0.0,0.0,0.0,0.33,0.0,0.0,1.0,2.67,0.33,0.0,0.0,0.0,0.0,0.0,0.0,0.0,0.0,0.0,0.09,0.09,-0.17,0.0,0.0,0.0,0.0,0.51,0.4,0.0,0.3,2.88,0.1,0.0,14.2,0.0,0.0,0.0,0.0,0.2,0.0,0.0,0.6,1.6,0.2,0.0,0.0,0.0,0.0,0.0,0.0,0.0,0.0,0.0,0.06,0.06,-0.1,28742.0,0.3015139258060788,1.0,0.35,0.257,0.393,,0.2301346128364623,5.515961021274052e-10,-5.277553949412095e-10,0,0.0,0.8850000017263104
1726,0,0,27,1,0.9,610,0.01,0.01,0.0,0.63,352,0,0,2.3,21.8,2024-05-04,90,4,0,0,0,0,36,0,47119,1,0,0,0.0,5,-713,949,1662,4.4,False,1,610.0,,Fulham,0,0,0.0,90,DC,Brentford,Fulham,0,0,22246,2023,658852,0.0,0,0,0,0.0,0.2151675075292587,0.2151675075292587,11728.0,Fulham,Calvin Bassey,Calvin Bassey,2,2,36,3.8,DEF,0.0,0.0,0.0,0.0,1.01,1.0,0.0,1.5,14.4,0.3,0.0,90.0,0.0,0.0,0.0,0.0,0.0,0.0,1.0,1.0,1.0,2.0,0.0,0.0,0.0,0.0,0.0,0.0,0.0,0.0,0.0,0.31,0.31,3.0,0.33,0.0,0.0,0.0,0.99,1.33,0.0,1.83,18.07,0.2,0.0,90.0,0.0,0.0,0.0,0.0,0.0,0.0,1.0,2.0,0.67,3.33,0.0,0.0,0.0,0.0,0.0,0.0,0.0,0.0,0.0,0.3,0.3,2.4,0.2,0.01,0.01,0.0,1.01,1.6,0.0,2.06,18.92,1.32,0.4,90.0,0.0,0.0,0.0,0.0,0.0,0.0,1.0,1.6,1.0,2.6,0.0,0.0,0.0,0.0,0.0,0.0,0.0,0.0,0.0,0.24,0.24,2.32,-551.0,-0.2730754500191497,5.0,0.453,0.25,0.297,,1.503887189203312,5.515961021274052e-10,-5.277553949412095e-10,0,1.0,5.248000001726311
1756,0,0,0,0,11.9,33,0.04,0.81,0.77,1.25,360,3,0,6.1,8.6,2024-05-04,73,16,0,0,0,0,36,0,385175,1,3,1,40.0,2,-6153,5938,12091,4.2,True,0,33.0,,Sheffield United,0,3,0.957316756248474,81,FW,Sheffield United,Nottingham Forest,1,3,22254,2023,658906,0.0555789433419704,0,1,0,0.957316756248474,0.5272372364997864,0.0,9912.0,Aston Villa,Cameron Archer,Cameron Archer,2,2,36,1.1,FWD,0.0,0.03,0.31,0.28,2.09,4.0,0.0,4.6,4.4,28.3,13.0,66.0,0.0,0.0,0.0,0.0,0.0,0.0,1.0,1.0,5.0,2.0,0.0,3.0,0.34,0.09,0.0,0.0,2.0,0.0,0.34,0.43,0.0,1.2,0.0,0.14,0.25,0.11,1.72,2.33,0.0,2.23,2.27,13.77,6.0,49.67,0.0,0.0,0.0,0.0,0.0,0.0,0.67,2.33,3.33,1.67,0.0,1.33,0.13,0.07,0.0,0.0,1.0,0.0,0.13,0.39,0.19,1.8,0.0,0.11,0.2,0.09,1.11,1.6,0.0,2.04,4.8,10.82,4.8,33.2,0.0,0.0,0.0,0.0,0.0,0.0,0.4,1.8,2.8,2.0,0.0,1.0,0.09,0.16,0.2,0.2,0.8,0.0,0.09,0.25,0.11,1.32,-5372.0,-0.3412834877142381,2.0,0.2,0.226,0.575,,,0.303142928707218,0.053803718971283,0,,2.3739828717427214
1792,0,0,3,0,0.1,690,0.0,0.0,0.0,0.0,353,0,0,0.1,1.2,2024-05-05,2,2,0,0,0,0,36,0,5092,0,0,1,0.0,1,-7,107,114,4.5,True,0,690.0,,Brighton and Hove Albion,0,0,0.0,1,,Brighton and Hove Albion,Aston Villa,1,0,22247,2023,659399,0.0,0,0,0,0.0,0.0,0.0,10527.0,Brighton and Hove Albion,Carlos Baleba,Carlos Baleba,3,3,36,0.7,MID,0.0,0.0,0.0,0.0,0.0,0.0,0.0,0.1,1.0,0.2,0.0,2.0,0.0,0.0,0.0,0.0,0.0,0.0,0.0,0.0,3.0,1.0,0.0,0.0,0.0,0.0,0.0,0.0,0.0,0.0,0.0,0.0,0.0,1.6,0.0,0.01,0.04,0.03,1.0,1.67,0.0,1.47,6.67,1.73,6.33,60.67,0.0,0.0,0.0,0.0,0.33,0.0,0.67,1.67,1.33,1.33,0.0,1.0,0.03,0.0,0.0,0.0,0.0,0.0,0.03,0.12,0.09,1.63,0.2,0.02,0.06,0.04,1.35,1.6,0.0,1.92,7.08,5.96,6.0,72.4,0.0,0.0,0.0,0.0,0.4,0.0,0.8,1.6,0.8,1.6,0.0,1.0,0.03,0.0,0.0,0.0,0.2,0.0,0.03,0.24,0.21,1.76,23.0,-0.0316742081447963,1.0,0.35,0.257,0.393,,,-1.5743444325977407e-09,1.159168760977991e-09,0,0.0,1.9999999956057841
1817,0,0,17,0,0.8,376,0.02,0.09,0.07,1.47,356,4,0,6.4,24.6,2024-05-06,90,8,0,0,0,0,36,0,208017,1,0,4,39.0,2,-146,403,549,5.3,False,0,,,Manchester United,0,2,0.052860077470541,90,,Crystal Palace,Manchester United,4,0,22250,2023,660054,0.0,0,0,0,0.052860077470541,0.0736285299062728,0.0736285299062728,,Manchester United,,,3,2,36,2.0,MID,0.0,0.04,0.14,0.1,2.06,1.0,0.0,6.2,28.8,4.6,29.0,90.0,0.0,0.0,0.0,0.0,0.0,0.0,1.0,1.0,1.0,2.0,0.0,3.0,0.2,0.0,0.0,0.0,0.0,0.0,0.2,0.05,0.04,2.3,0.0,0.03,0.18,0.15,1.53,1.67,0.0,5.27,28.4,7.1,17.0,90.0,0.0,0.0,0.0,0.0,0.0,0.0,1.0,1.67,2.33,2.0,0.0,1.67,0.11,0.03,0.0,0.0,0.33,0.0,0.11,0.47,0.47,2.4,0.0,0.06,0.21,0.15,2.04,1.8,0.0,4.64,25.24,8.16,12.8,86.8,0.0,0.0,0.0,0.0,0.2,0.0,1.0,2.0,2.6,1.8,0.0,1.4,0.1,0.02,0.0,0.0,0.4,0.0,0.1,0.43,0.42,2.34,29.0,-0.1533613445378151,2.0,0.402,0.255,0.342,,,0.2270871689004983,0.0014248761225785,1,0.0,2.1397104728702265
1869,0,0,6,0,1.6,326,0.01,0.09,0.08,1.43,358,1,0,2.3,10.6,2024-05-03,90,9,0,0,0,0,36,0,559878,1,1,1,11.0,2,-20976,18396,39372,4.8,True,0,326.0,,Luton,0,2,0.0979204475879669,90,AMC,Luton,Everton,1,1,22252,2023,658565,0.0,0,0,0,0.0979204475879669,0.0668094158172607,0.039178516715765,11717.0,Luton,Carlton Morris,Carlton Morris,2,2,36,2.7,FWD,0.0,0.03,0.4,0.37,1.21,2.0,1.0,10.7,47.6,4.8,55.0,90.0,0.0,0.0,0.0,0.0,0.0,0.0,1.0,1.0,2.0,7.0,1.0,4.0,0.73,0.0,0.0,0.0,0.0,1.0,0.73,0.61,0.0,3.7,0.0,0.01,0.16,0.15,2.87,4.0,0.33,5.27,24.13,3.8,24.67,90.0,0.0,0.0,0.0,0.0,0.0,0.0,1.0,2.33,2.67,3.67,0.33,1.67,0.26,0.0,0.0,0.0,0.0,0.33,0.26,0.22,0.0,2.8,0.0,0.02,0.25,0.23,1.95,3.0,0.4,6.12,23.92,5.52,31.6,90.0,0.0,0.0,0.0,0.0,0.0,0.0,1.0,1.6,2.4,4.2,0.4,2.0,0.32,0.0,0.0,0.0,0.2,0.4,0.32,0.32,0.02,2.28,-17997.0,-0.3631076028250934,2.0,0.365,0.263,0.372,,,0.1119814665215779,-8.433620468650813e-10,0,,2.4479258635562258
1902,0,0,5,0,15.1,340,0.03,0.06,0.03,0.26,358,0,0,2.7,7.6,2024-05-03,20,9,0,0,0,0,36,0,66201,0,1,1,4.0,1,-1474,610,2084,4.3,True,0,340.0,,Luton,0,2,0.0297185406088829,14,Sub,Luton,Everton,1,1,22252,2023,658567,0.0221939869225025,0,1,0,0.0297185406088829,0.0519125275313854,0.0,11721.0,Luton,Cauley Woodrow,Cauley Woodrow,2,2,36,0.3,FWD,0.0,0.01,0.09,0.08,0.39,0.0,0.0,0.8,0.8,2.2,5.0,24.0,0.0,0.0,0.0,0.0,0.0,0.0,0.0,1.0,2.0,1.0,0.0,2.0,0.07,0.0,0.0,0.0,0.0,0.0,0.07,0.0,0.0,0.9,0.0,0.1,0.16,0.06,0.8,1.33,0.0,2.77,10.27,13.8,3.67,21.67,0.0,0.0,0.0,0.0,0.0,0.0,0.0,1.0,3.0,2.0,0.0,1.0,0.06,0.3,0.33,0.33,1.0,0.0,0.06,0.35,0.01,1.13,0.0,0.06,0.1,0.03,0.53,1.0,0.0,1.72,6.6,8.4,2.2,17.4,0.0,0.0,0.0,0.0,0.0,0.0,0.0,0.8,2.6,1.6,0.0,0.6,0.03,0.18,0.2,0.2,0.6,0.0,0.03,0.22,0.02,1.1,-1381.0,-0.5471417965850037,1.0,0.365,0.263,0.372,,,0.0327817906862331,0.0729722093420641,0,,1.3500437907711247
1913,0,0,3,0,10.5,791,0.01,0.01,0.0,0.32,355,0,0,1.2,1.4,2024-05-05,14,19,0,0,0,0,36,0,385,0,0,5,0.0,1,10,33,23,4.5,True,0,791.0,,Chelsea,0,0,0.0,11,,Chelsea,West Ham United,5,0,22249,2023,659340,0.021399138495326,0,1,0,0.0,0.021399138495326,0.021399138495326,10433.0,Chelsea,Cesare Casadei,Cesare Casadei,2,3,36,1.0,MID,0.0,0.0,0.0,0.0,0.57,0.0,0.0,0.2,0.2,1.3,0.0,15.0,0.0,0.0,0.0,0.0,0.0,0.0,0.0,0.0,2.0,1.0,0.0,0.0,0.0,0.0,0.0,0.0,0.0,0.0,0.0,0.0,0.0,0.6,0.0,0.0,0.0,0.0,0.42,0.0,0.0,0.23,1.0,1.03,0.0,9.0,0.0,0.0,0.0,0.0,0.0,0.0,0.0,0.67,3.0,1.0,0.0,0.0,0.0,0.0,0.0,0.0,0.0,0.0,0.0,0.0,0.0,0.27,0.0,0.0,0.0,0.0,0.38,0.2,0.0,0.18,0.68,0.86,0.0,7.6,0.0,0.0,0.0,0.0,0.0,0.0,0.0,0.8,3.4,1.0,0.0,0.0,0.0,0.0,0.0,0.0,0.0,0.0,0.0,0.01,0.01,0.46,17.0,0.1785714285714285,1.0,0.577,0.212,0.212,,,-1.5743444325977407e-09,0.0303243404629587,0,0.0,1.090973013517154
2038,1,2,43,1,10.3,238,0.0,0.07,0.07,0.35,356,0,0,7.5,38.8,2024-05-06,90,14,0,0,0,0,36,0,116026,1,0,4,26.0,11,3879,7780,3901,3.9,True,0,238.0,,Crystal Palace,0,2,0.0907675102353096,90,DC,Crystal Palace,Manchester United,4,0,22250,2023,660038,0.3435188829898834,1,1,0,0.0907675102353096,0.6345077753067017,0.2909888625144958,8430.0,Crystal Palace,Chris Richards,Chris Richards,3,2,36,3.8,DEF,0.0,0.01,0.09,0.08,1.14,1.0,0.0,3.1,24.4,1.0,6.0,90.0,0.0,0.0,0.0,0.0,0.0,0.0,1.0,1.0,1.0,2.0,0.0,1.0,0.05,0.0,0.0,0.0,0.0,0.0,0.05,0.06,0.06,1.6,0.33,0.01,0.05,0.04,0.94,1.0,0.0,3.1,17.27,4.1,9.67,90.0,0.0,0.0,0.0,0.0,0.33,0.0,1.0,1.0,2.67,2.67,0.0,0.67,0.03,0.03,0.0,0.0,0.33,0.0,0.03,0.33,0.33,1.87,0.2,0.01,0.03,0.02,0.92,1.0,0.0,2.68,18.0,3.06,5.8,90.0,0.0,0.0,0.0,0.0,0.2,0.0,1.0,1.0,2.0,2.4,0.0,0.4,0.02,0.02,0.0,0.0,0.2,0.0,0.02,0.28,0.28,2.52,4180.0,0.3320777330707987,9.0,0.402,0.255,0.342,,1.2414304154100746,0.1657228216037383,0.0804015928054717,0,0.0,2.614541708038845
2069,0,0,-5,0,3.5,468,0.02,0.63,0.61,2.27,360,1,0,3.3,2.8,2024-05-04,89,17,0,0,0,0,36,0,213964,1,3,1,27.0,2,20319,37789,17470,4.8,False,0,468.0,,Nottingham Forest,0,3,0.8363785743713379,90,FW,Sheffield United,Nottingham Forest,1,3,22254,2023,658919,0.0,0,0,0,0.8363785743713379,0.8774025440216064,0.1095914542675018,4456.0,Nottingham Forest,Chris Wood,Chris Wood,2,2,36,2.5,FWD,0.0,0.03,0.87,0.84,0.84,2.0,0.0,4.4,0.6,21.6,22.0,90.0,0.0,0.0,0.0,0.0,0.0,0.0,1.0,2.0,0.0,2.0,0.0,3.0,1.15,0.09,0.0,0.0,2.0,0.0,1.15,1.34,0.1,2.0,0.0,0.03,0.43,0.41,0.79,2.0,0.0,4.27,2.07,11.37,29.33,90.0,0.0,0.0,0.0,0.0,0.0,0.0,1.0,1.33,1.33,2.0,0.0,2.0,0.64,0.03,0.0,0.0,0.67,0.0,0.64,0.75,0.08,4.4,0.0,0.02,0.5,0.48,1.03,2.0,0.4,6.3,17.0,13.62,32.4,85.4,0.0,0.0,0.0,0.0,0.0,0.0,1.0,1.2,2.0,4.0,0.4,2.0,0.73,0.06,0.0,0.0,1.0,0.4,0.73,0.85,0.08,5.22,23066.0,0.3677048082665267,2.0,0.2,0.226,0.575,,,0.2172757459064611,-8.433620468650813e-10,0,,2.8691029810957587
2090,0,0,13,0,36.7,379,0.14,0.24,0.1,1.47,356,4,0,5.3,12.6,2024-05-06,90,8,0,0,0,0,36,0,41233,1,0,4,4.0,2,27,147,120,5.8,False,0,379.0,,Manchester United,0,1,0.081951305270195,90,DMC,Crystal Palace,Manchester United,4,0,22250,2023,660057,0.052860077470541,0,2,0,0.081951305270195,0.075659267604351,0.075659267604351,646.0,Manchester United,Christian Eriksen,Christian Eriksen,3,2,36,1.8,MID,1.0,0.11,0.19,0.08,1.17,0.0,0.0,6.9,18.4,44.3,6.0,80.0,0.0,0.0,0.0,0.0,0.0,0.0,1.0,1.0,1.0,3.0,0.0,1.0,0.07,0.23,0.0,0.0,4.0,0.0,0.07,0.53,0.29,1.5,0.33,0.29,0.34,0.05,0.76,1.33,0.0,5.5,13.07,38.57,3.33,60.0,0.0,0.0,0.0,0.0,0.0,0.0,0.67,1.67,2.0,2.0,0.0,1.0,0.04,0.31,0.0,0.0,3.0,0.0,0.04,0.54,0.43,0.8,0.2,0.24,0.32,0.08,0.83,1.6,0.0,5.36,12.28,37.14,4.2,65.4,0.0,0.0,0.0,0.0,0.2,0.0,0.8,1.6,2.0,1.6,0.0,1.0,0.05,0.24,0.0,0.0,2.8,0.0,0.05,0.41,0.28,0.98,163.0,0.1011235955056179,2.0,0.402,0.255,0.342,,,0.0291222427397537,0.2234358915627483,1,0.0,1.8159188883870137
2122,0,0,10,1,2.2,110,0.03,0.07,0.04,1.15,352,0,0,2.1,8.6,2024-05-04,81,10,0,0,0,0,36,0,13587,1,0,0,10.0,3,-33,81,114,5.2,True,0,110.0,,Brentford,0,1,0.0402779951691627,88,MC,Brentford,Fulham,0,0,22246,2023,658838,0.0,0,0,0,0.0402779951691627,0.0402779951691627,0.0,7083.0,Brentford,Christian Nørgaard,Christian Nørgaard,2,2,36,1.5,MID,0.0,0.01,0.01,0.0,0.74,1.0,0.0,1.7,8.2,6.6,2.0,77.0,0.0,0.0,0.0,0.0,0.0,0.0,1.0,0.0,1.0,2.0,0.0,0.0,0.0,0.0,0.0,0.0,0.0,0.0,0.0,0.06,0.06,0.6,0.0,0.0,0.02,0.02,0.46,1.0,0.0,1.87,6.6,5.7,6.33,43.0,0.0,0.0,0.0,0.0,0.0,0.0,0.67,2.0,1.33,1.33,0.0,0.33,0.03,0.0,0.0,0.0,0.33,0.0,0.03,0.06,0.06,0.7,0.0,0.02,0.05,0.03,0.94,1.8,0.0,2.7,13.2,8.46,5.2,61.8,0.0,0.0,0.0,0.0,0.0,0.0,0.8,2.0,2.0,1.6,0.0,0.4,0.04,0.01,0.0,0.0,0.4,0.0,0.04,0.11,0.08,1.1,-5.0,-0.1692307692307692,3.0,0.453,0.25,0.297,,,0.0996230499261923,1.159168760977991e-09,1,0.0,0.4981152531084678
2132,0,0,2,0,4.3,212,0.01,0.01,0.0,0.32,355,0,0,0.5,0.8,2024-05-05,14,19,0,0,0,0,36,0,86910,0,0,5,0.0,1,-477,244,721,7.2,True,0,212.0,,Chelsea,0,0,0.0,11,Sub,Chelsea,West Ham United,5,0,22249,2023,659339,0.0,0,0,0,0.0,0.021399138495326,0.021399138495326,3300.0,Chelsea,Christopher Nkunku,Christopher Nkunku,2,3,36,0.2,FWD,0.0,0.0,0.21,0.21,0.94,1.0,0.0,2.9,5.2,0.1,24.0,26.0,0.0,0.0,0.0,0.0,0.0,0.0,0.0,1.0,1.0,1.0,0.0,2.0,0.21,0.0,0.0,0.0,0.0,0.0,0.21,0.21,0.0,1.2,0.0,0.01,0.3,0.3,0.75,1.33,0.0,3.9,5.27,6.5,27.33,47.33,0.0,0.0,0.0,0.0,0.0,0.0,0.33,2.67,1.33,1.33,0.0,1.67,0.26,0.01,0.0,0.0,0.33,0.0,0.26,0.64,0.37,2.07,0.0,0.01,0.21,0.21,1.05,1.6,0.2,3.5,9.6,5.06,20.6,43.0,0.0,0.0,0.0,0.0,0.0,0.0,0.2,2.4,2.0,2.0,0.2,1.2,0.18,0.01,0.0,0.0,0.2,0.2,0.18,0.41,0.22,2.08,-50470.0,-0.494300518134715,1.0,0.577,0.212,0.212,,,-6.041389832844857e-09,-8.433620468650813e-10,0,,0.9999999733043545
2182,1,3,48,0,28.2,297,0.54,0.63,0.09,1.16,357,2,1,11.8,60.2,2024-05-05,90,18,0,0,0,0,36,0,253815,1,2,4,30.0,12,-4573,2122,6695,7.1,True,0,297.0,,Liverpool,1,2,0.0739751979708671,90,FW,Liverpool,Tottenham Hotspur,4,2,22251,2023,659551,0.6770731806755066,1,2,1,0.0739751979708671,1.3509726524353027,0.5999242663383484,11296.0,Liverpool,Cody Gakpo,Cody Gakpo,3,5,36,4.0,FWD,0.0,0.08,0.54,0.46,0.7,2.0,0.0,7.6,5.6,24.3,46.0,90.0,0.0,0.0,0.0,0.0,0.0,0.0,1.0,2.0,2.0,2.0,0.0,8.0,0.57,0.36,0.0,0.0,2.0,0.0,0.57,0.76,0.09,3.3,0.0,0.19,0.39,0.2,0.64,1.0,0.0,8.47,20.87,29.93,33.67,66.33,0.0,0.0,0.0,0.0,0.0,0.0,0.67,2.0,1.0,2.67,0.0,4.0,0.24,0.36,0.33,0.33,2.0,0.0,0.24,0.73,0.27,4.1,0.0,0.21,0.37,0.17,0.46,0.6,0.2,7.4,20.76,25.38,27.6,47.6,0.0,0.0,0.0,0.0,0.0,0.0,0.4,1.8,1.6,3.4,0.2,3.2,0.23,0.36,0.2,0.2,1.8,0.2,0.23,0.65,0.17,3.86,-4227.0,-0.5186571396166496,9.0,0.641,0.167,0.192,,,0.3587636220723686,0.2340773253538146,0,,4.137286464350918
2215,0,0,44,1,50.9,362,0.58,0.91,0.33,1.0,355,0,1,13.2,51.6,2024-05-05,88,19,0,0,0,0,36,0,5366996,1,0,5,29.0,8,88581,100781,12200,6.2,True,0,362.0,,Chelsea,1,4,0.2426939606666565,90,AMC,Chelsea,West Ham United,5,0,22249,2023,659334,1.089113712310791,0,4,1,0.2426939606666565,2.303168535232544,1.9753447771072388,8497.0,Manchester City,Cole Palmer,Cole Palmer,2,3,36,8.4,MID,1.0,0.02,1.3,1.28,1.54,0.0,0.0,6.0,7.2,24.3,28.0,90.0,0.0,0.0,0.0,0.0,0.0,0.0,1.0,0.0,2.0,6.0,0.0,5.0,1.17,0.09,1.0,0.0,2.0,0.0,1.17,1.15,0.0,18.6,0.67,0.04,1.36,1.32,1.26,0.67,1.33,12.17,51.13,23.97,46.33,86.33,0.0,0.0,0.0,0.0,0.0,0.0,1.0,0.67,3.33,11.33,1.33,5.33,1.41,0.07,0.33,0.0,1.67,1.0,1.15,1.44,0.33,17.9,0.4,0.12,1.3,1.17,1.21,1.2,1.4,15.14,61.28,40.18,49.8,84.4,0.0,0.0,0.0,0.0,0.0,0.0,1.0,1.4,3.2,11.8,1.4,5.4,1.22,0.27,0.4,0.2,3.0,0.8,0.77,1.12,0.22,16.68,96013.0,0.7840344836742461,8.0,0.577,0.212,0.212,,,0.2688867051274606,0.3091544803165935,0,1.0,5.271896966587083
2277,0,0,27,1,41.0,202,0.08,0.81,0.73,1.04,355,0,1,11.4,46.8,2024-05-05,90,19,0,0,0,0,36,0,112963,1,0,5,26.0,8,15678,20449,4771,5.4,True,0,202.0,,Chelsea,1,2,0.9960525631904602,90,DMC,Chelsea,West Ham United,5,0,22249,2023,659332,0.1612565219402313,0,3,1,0.9960525631904602,2.069508075714112,1.0203250646591189,9040.0,Chelsea,Conor Gallagher,Conor Gallagher,2,3,36,5.6,MID,1.0,0.06,0.06,0.0,1.54,0.0,0.0,4.0,27.4,12.3,0.0,90.0,0.0,0.0,0.0,0.0,0.0,0.0,1.0,0.0,2.0,6.0,0.0,0.0,0.0,0.24,1.0,1.0,1.0,0.0,0.0,0.29,0.29,9.6,0.33,0.08,0.12,0.04,1.93,2.33,0.33,5.63,28.4,18.2,9.67,90.0,0.0,0.0,0.0,0.0,0.0,0.0,1.0,0.67,3.0,5.67,0.33,1.0,0.03,0.09,0.33,0.33,0.67,0.33,0.03,0.32,0.3,7.27,0.4,0.06,0.09,0.03,1.71,1.8,0.2,5.24,25.04,21.3,6.0,90.0,0.0,0.0,0.0,0.0,0.0,0.0,1.0,0.8,3.4,5.0,0.2,0.8,0.02,0.13,0.4,0.4,1.2,0.2,0.02,0.46,0.44,6.22,14735.0,0.6216494845360825,8.0,0.577,0.212,0.212,,,0.1917060895755442,0.2027221154141159,0,0.0,3.5666967941200687
2335,0,0,17,0,1.1,511,0.02,0.02,0.0,3.22,357,4,0,3.1,29.8,2024-05-05,90,11,0,0,0,0,36,0,1154222,1,2,4,0.0,0,27087,49304,22217,5.1,False,0,511.0,,Tottenham Hotspur,0,0,0.0,90,DC,Liverpool,Tottenham Hotspur,4,2,22251,2023,659560,0.0,0,0,0,0.0,0.5482780337333679,0.5482780337333679,7218.0,Tottenham Hotspur,Cristian Romero,Cristian Romero,3,5,36,1.8,DEF,0.0,0.02,0.3,0.28,1.94,2.0,0.0,2.9,13.0,1.8,14.0,90.0,0.0,0.0,0.0,0.0,0.0,0.0,1.0,0.0,2.0,1.0,0.0,2.0,0.13,0.0,0.0,0.0,0.0,0.0,0.13,0.1,0.1,4.4,0.0,0.1,0.49,0.39,1.96,3.0,0.33,4.3,26.07,3.0,14.0,90.0,0.0,0.0,0.0,0.0,0.33,0.0,1.0,1.0,2.67,2.33,0.33,2.0,0.44,0.0,0.0,0.0,0.0,0.33,0.44,0.45,0.21,3.43,0.0,0.07,0.31,0.24,1.72,2.2,0.2,3.5,23.44,3.2,8.4,90.0,0.0,0.0,0.0,0.0,0.4,0.0,1.0,1.0,2.4,2.0,0.2,1.2,0.26,0.0,0.0,0.0,0.0,0.2,0.26,0.34,0.2,3.42,26651.0,0.3787279260636736,0.0,0.641,0.167,0.192,,1.488993074559669,5.515961021274052e-10,-5.277553949412095e-10,0,0.0,1.2560000017263107
2406,0,0,11,0,0.8,407,0.0,0.05,0.05,1.08,354,1,0,1.8,12.8,2024-05-04,90,6,0,0,0,0,36,0,997282,1,4,1,4.0,2,213555,228489,14934,4.6,False,0,407.0,,Newcastle United,0,1,0.0258783660829067,90,DC,Burnley,Newcastle United,1,4,22248,2023,658883,0.0,0,0,0,0.0258783660829067,0.5746396780014038,0.5746396780014038,7382.0,Newcastle United,Dan Burn,Dan Burn,3,2,36,3.3,DEF,0.0,0.0,0.06,0.06,1.48,1.0,0.0,4.1,32.8,0.3,8.0,90.0,0.0,0.0,0.0,0.0,0.0,0.0,1.0,1.0,5.0,2.0,0.0,1.0,0.09,0.0,0.0,0.0,0.0,0.0,0.09,0.34,0.34,4.3,0.33,0.04,0.1,0.06,1.03,1.0,0.0,3.7,22.13,8.67,6.33,90.0,0.0,0.0,0.0,0.0,0.0,0.0,1.0,0.33,3.67,3.0,0.0,0.67,0.05,0.02,0.0,0.0,0.67,0.0,0.05,0.27,0.25,3.6,0.4,0.02,0.08,0.06,1.16,0.8,0.0,3.26,21.56,5.3,5.8,90.0,0.0,0.0,0.0,0.0,0.0,0.0,1.0,0.6,2.4,3.4,0.0,0.6,0.05,0.01,0.0,0.0,0.4,0.0,0.05,0.18,0.16,2.92,216414.0,0.877300008626958,2.0,0.278,0.237,0.485,,1.75272527916231,0.0331427034064282,0.0013795093937267,0,0.0,1.3269947486197493
2441,0,0,15,0,1.7,78,0.04,0.08,0.04,3.98,351,3,0,2.6,20.4,2024-05-04,90,1,0,0,0,0,36,0,2512,1,0,3,4.0,2,-1,106,107,4.7,False,0,78.0,,Bournemouth,0,1,0.0302222836762666,90,DL,Arsenal,Bournemouth,3,0,22245,2023,658603,0.0,0,0,0,0.0302222836762666,0.0223085265606641,0.0223085265606641,9662.0,Bournemouth,Dango Ouattara,Dango Ouattara,2,5,36,1.6,MID,1.0,0.17,0.17,0.0,1.0,0.0,0.0,6.0,31.4,24.8,4.0,90.0,0.0,0.0,0.0,0.0,0.0,0.0,1.0,0.0,3.0,6.0,0.0,0.0,0.0,0.28,1.0,1.0,2.0,0.0,0.0,0.41,0.27,2.4,0.33,0.06,0.14,0.08,1.2,1.0,0.0,3.87,14.27,9.17,15.33,62.33,0.0,0.0,0.0,0.0,0.0,0.0,0.67,0.67,2.0,3.0,0.0,0.67,0.13,0.09,0.33,0.33,0.67,0.0,0.13,0.28,0.1,2.73,0.2,0.05,0.11,0.06,1.14,1.4,0.0,3.4,11.4,11.18,11.6,57.4,0.0,0.0,0.0,0.0,0.0,0.0,0.6,1.0,2.0,2.4,0.0,0.6,0.1,0.08,0.2,0.2,0.8,0.0,0.1,0.34,0.2,2.86,24.0,-0.0046948356807511,2.0,0.785,0.128,0.087,,,0.0197568930201637,0.0006366466850298,0,0.0,2.1006944051559078
2464,2,1,40,1,38.3,792,0.06,0.17,0.11,0.35,356,0,0,10.5,49.2,2024-05-06,90,14,0,0,0,0,36,0,59386,1,0,4,17.0,13,-4140,1180,5320,4.5,True,0,792.0,,Crystal Palace,0,1,0.0977478697896003,90,,Crystal Palace,Manchester United,4,0,22250,2023,660040,0.2470673024654388,2,3,0,0.0977478697896003,0.7781161665916443,0.433301031589508,12408.0,Crystal Palace,Daniel Muñoz,Daniel Muñoz,3,2,36,5.6,DEF,0.0,0.2,0.23,0.03,1.14,1.0,0.0,2.9,6.2,13.2,10.0,90.0,0.0,0.0,0.0,0.0,0.0,0.0,1.0,1.0,1.0,2.0,0.0,1.0,0.02,0.33,0.0,0.0,1.0,0.0,0.02,0.48,0.13,3.0,0.33,0.14,0.15,0.01,0.86,1.0,0.0,4.47,19.07,17.83,8.0,90.0,0.0,0.0,0.0,0.0,0.0,0.0,1.0,1.0,2.67,3.0,0.0,0.33,0.01,0.33,0.0,0.0,1.33,0.0,0.01,0.5,0.21,4.73,0.4,0.1,0.1,0.01,1.47,1.4,0.0,3.62,19.4,11.38,5.6,90.0,0.0,0.0,0.0,0.0,0.0,0.0,1.0,1.6,2.0,3.0,0.0,0.2,0.0,0.2,0.0,0.0,0.8,0.0,0.0,0.49,0.31,3.44,-3848.0,-0.6369230769230769,12.0,0.402,0.255,0.342,,1.8673588937949948,0.1019783163338465,0.1613619442144624,0,0.0,2.161955730646466
2493,1,0,27,0,48.8,442,0.08,0.31,0.23,2.27,360,1,0,9.2,37.8,2024-05-04,90,17,0,0,0,0,36,0,7835,1,3,1,5.0,5,125,284,159,5.3,False,0,,,Nottingham Forest,0,3,0.2100394368171692,90,,Sheffield United,Nottingham Forest,1,3,22254,2023,658915,0.2207313030958175,1,4,0,0.2100394368171692,0.8752903342247009,0.5211926698684692,,Nottingham Forest,,,2,2,36,5.0,MID,0.0,0.03,0.03,0.0,0.77,2.0,0.0,3.8,11.4,26.8,0.0,73.0,0.0,0.0,0.0,0.0,0.0,0.0,1.0,2.0,0.0,2.0,0.0,0.0,0.0,0.05,0.0,0.0,2.0,0.0,0.0,1.34,1.3,2.5,0.0,0.03,0.34,0.3,0.74,2.0,0.33,6.57,22.73,24.93,18.33,80.0,0.0,0.0,0.0,0.0,0.0,0.0,1.0,1.33,1.33,4.33,0.33,1.0,0.23,0.07,0.0,0.0,2.0,0.33,0.23,0.77,0.53,3.23,0.0,0.03,0.23,0.2,1.01,2.0,0.2,5.52,23.44,19.78,12.2,82.0,0.0,0.0,0.0,0.0,0.2,0.0,1.0,1.2,2.0,3.8,0.2,1.0,0.16,0.11,0.2,0.2,1.6,0.2,0.16,0.69,0.52,2.52,170.0,0.2821670428893905,5.0,0.2,0.226,0.575,,,0.0479756484395521,0.2247237520795,0,0.0,2.9140494984362606
2513,0,0,0,0,0.5,535,0.01,0.01,0.0,0.98,355,1,0,0.1,0.6,2024-05-05,20,7,0,0,0,0,36,0,68500,0,0,5,0.0,1,-464,283,747,5.5,False,0,535.0,,West Ham United,0,0,0.0,17,Sub,Chelsea,West Ham United,5,0,22249,2023,659354,0.0,0,0,0,0.0,0.0,0.0,986.0,West Ham United,Danny Ings,Danny Ings,2,3,36,1.0,FWD,0.0,0.0,0.0,0.0,0.14,0.0,0.0,0.4,3.2,0.3,0.0,15.0,0.0,0.0,0.0,0.0,0.0,0.0,0.0,2.0,5.0,1.0,0.0,0.0,0.0,0.0,0.0,0.0,0.0,0.0,0.0,0.0,0.0,0.8,0.0,0.05,0.1,0.05,1.14,0.67,0.0,1.4,1.07,2.03,11.0,35.33,0.0,0.0,0.0,0.0,0.0,0.0,0.33,2.33,3.0,1.33,0.0,1.0,0.05,0.0,0.0,0.0,0.0,0.0,0.05,0.11,0.1,1.13,0.0,0.03,0.1,0.06,0.82,0.6,0.2,1.98,7.84,1.22,10.8,23.0,0.0,0.0,0.0,0.0,0.0,0.0,0.2,1.8,2.6,2.4,0.2,1.0,0.06,0.0,0.0,0.0,0.0,0.2,0.06,0.08,0.06,1.28,-463.0,-0.4504854368932038,1.0,0.577,0.212,0.212,,,-6.041389832844857e-09,-8.433620468650813e-10,0,,0.9999999733043545
2541,0,0,6,1,5.3,154,0.02,0.13,0.11,0.06,353,0,0,2.1,6.4,2024-05-05,87,2,0,0,0,0,36,0,97651,1,0,1,9.0,2,-807,2564,3371,5.7,True,0,154.0,,Brighton and Hove Albion,0,1,0.3529534935951233,90,FW,Brighton and Hove Albion,Aston Villa,1,0,22247,2023,659397,0.0,0,0,0,0.3529534935951233,1.030423641204834,0.6774701476097107,501.0,Brighton and Hove Albion,Danny Welbeck,Danny Welbeck,3,3,36,1.3,FWD,0.0,0.04,0.04,0.0,1.12,2.0,0.0,1.8,4.8,11.4,2.0,45.0,0.0,0.0,0.0,0.0,0.0,0.0,0.0,0.0,3.0,1.0,0.0,0.0,0.0,0.02,0.0,0.0,1.0,0.0,0.0,0.06,0.04,1.6,0.0,0.04,0.07,0.04,1.32,2.33,0.0,2.83,5.53,15.5,7.33,65.0,0.0,0.0,0.0,0.0,0.0,0.0,0.67,1.67,1.33,1.67,0.0,0.67,0.02,0.04,0.0,0.0,1.33,0.0,0.02,0.11,0.06,2.17,0.0,0.04,0.12,0.09,1.32,1.8,0.0,2.92,4.68,16.24,8.2,57.2,0.0,0.0,0.0,0.0,0.0,0.0,0.6,1.6,0.8,1.6,0.0,1.0,0.1,0.05,0.0,0.0,1.4,0.0,0.1,0.19,0.05,2.14,-621.0,-0.1359730412805391,2.0,0.35,0.257,0.393,,,0.0804787947299747,-8.433620468650813e-10,0,,2.3219151763898127
2575,0,0,25,0,0.8,173,0.03,0.06,0.03,3.58,354,4,1,8.7,62.8,2024-05-04,90,15,0,0,0,0,36,0,32002,1,4,1,23.0,6,-117,1948,2065,4.4,True,0,,,Burnley,1,2,0.0311792809516191,90,,Burnley,Newcastle United,1,4,22248,2023,658868,0.0,0,0,1,0.0311792809516191,0.0939811542630195,0.0939811542630195,,Burnley,,,3,2,36,2.0,DEF,0.0,0.01,0.12,0.11,2.71,1.0,0.0,2.9,19.4,3.8,6.0,90.0,0.0,0.0,0.0,0.0,0.0,0.0,1.0,1.0,1.0,2.0,0.0,1.0,0.02,0.0,0.0,0.0,0.0,0.0,0.02,0.2,0.2,0.3,0.0,0.01,0.05,0.04,2.09,1.0,0.0,1.8,14.07,1.87,2.0,82.0,0.0,0.0,0.0,0.33,0.0,0.0,1.0,1.67,1.0,1.0,0.0,0.33,0.01,0.0,0.0,0.0,0.0,0.0,0.01,0.18,0.18,1.87,0.0,0.04,0.07,0.04,2.24,1.2,0.2,4.08,25.24,8.96,6.6,85.2,0.0,0.0,0.0,0.2,0.0,0.0,1.0,1.6,1.2,3.2,0.2,0.6,0.02,0.07,0.2,0.2,0.6,0.2,0.02,0.21,0.15,2.22,117.0,-0.02915524545228,6.0,0.278,0.237,0.485,,1.583599149024422,0.1649035797689744,-5.277553949412095e-10,0,0.0,2.1974214770305807
2611,0,0,-3,0,0.0,293,0.0,0.36,0.36,0.43,357,1,0,1.1,2.0,2024-05-05,15,18,0,0,0,0,36,0,1603314,0,2,4,9.0,1,-256596,5553,262149,7.6,True,0,,,Liverpool,0,1,0.2460297793149948,13,,Liverpool,Tottenham Hotspur,4,2,22251,2023,659556,0.0,0,0,0,0.2460297793149948,0.2460297793149948,0.0,,Liverpool,,,3,5,36,1.2,FWD,0.0,0.0,0.0,0.0,0.04,0.0,0.0,1.4,2.0,10.3,2.0,11.0,0.0,0.0,0.0,0.0,0.0,0.0,0.0,2.0,2.0,1.0,0.0,0.0,0.0,0.03,0.0,0.0,1.0,0.0,0.0,0.03,0.0,3.2,0.0,0.04,0.24,0.2,0.48,0.67,0.0,2.83,3.13,11.9,13.33,39.0,0.0,0.0,0.0,0.0,0.33,0.0,0.33,1.67,1.67,1.0,0.0,0.67,0.17,0.16,0.0,0.0,1.0,0.0,0.17,0.36,0.16,5.47,0.0,0.16,0.4,0.24,0.61,1.0,0.0,4.48,6.72,13.88,24.2,49.8,0.0,0.0,0.0,0.0,0.2,0.0,0.6,1.6,1.4,2.0,0.0,2.0,0.38,0.2,0.2,0.2,1.0,0.0,0.38,0.48,0.19,5.14,-249668.0,-0.9585135710603582,1.0,0.641,0.167,0.192,,,0.1505943651257513,0.0017919327836724,0,,1.6077532588540224
2645,0,0,4,0,10.1,200,0.0,0.0,0.0,0.35,354,0,0,1.2,2.2,2024-05-04,5,15,0,0,0,0,36,0,27873,0,4,1,0.0,1,-3550,717,4267,5.0,True,0,200.0,,Burnley,0,0,0.0,1,Sub,Burnley,Newcastle United,1,4,22248,2023,658879,0.0228703189641237,0,1,0,0.0,0.0228703189641237,0.0,11295.0,Mainz 05,David Datro Fofana,David Datro Fofana,3,2,36,0.7,FWD,0.0,0.03,0.17,0.14,1.81,0.0,0.0,4.3,12.2,12.0,19.0,56.0,0.0,0.0,0.0,0.0,0.0,0.0,1.0,1.0,1.0,1.0,0.0,1.0,0.11,0.02,0.0,0.0,1.0,0.0,0.11,0.13,0.0,1.0,0.33,0.02,0.3,0.28,0.91,0.0,0.0,2.1,4.07,4.93,12.67,41.0,0.0,0.0,0.0,0.0,0.0,0.0,0.67,2.0,1.0,1.33,0.0,1.0,0.28,0.01,0.0,0.0,0.33,0.0,0.28,0.29,0.0,1.13,0.2,0.03,0.26,0.23,0.82,0.4,0.0,2.82,4.44,7.26,17.0,54.6,0.0,0.0,0.0,0.0,0.0,0.0,0.8,1.4,1.0,1.6,0.0,1.0,0.21,0.02,0.0,0.0,0.4,0.0,0.21,0.22,0.01,2.28,-3257.0,-0.7122792937399679,1.0,0.278,0.237,0.485,,,0.0023697812708602,0.0330731600587539,0,,1.1086986052597023
2685,0,0,23,1,0.0,113,0.0,0.0,0.0,0.37,351,0,0,1.5,15.2,2024-05-04,90,3,0,0,0,0,36,2,1150837,1,0,3,0.0,6,22343,49141,26798,5.2,True,0,,,Arsenal,0,0,0.0,90,,Arsenal,Bournemouth,3,0,22245,2023,658586,0.0,0,0,0,0.0,0.0,0.0,,Arsenal,,,2,5,36,5.8,GK,0.0,0.0,0.0,0.0,2.37,2.0,0.0,0.0,0.0,0.0,0.0,90.0,0.0,0.0,0.0,0.0,0.0,0.0,1.0,3.0,2.0,1.0,0.0,0.0,0.0,0.0,0.0,0.0,0.0,0.0,0.0,0.5,0.5,5.5,0.67,0.0,0.0,0.0,1.37,0.67,0.0,1.0,10.0,0.0,0.0,90.0,0.0,0.0,0.0,0.0,0.0,1.33,1.0,1.67,2.33,5.67,0.0,0.0,0.0,0.0,0.0,0.0,0.0,0.0,0.0,0.24,0.24,10.77,0.6,0.0,0.0,0.0,1.16,0.8,0.0,0.88,8.84,0.0,0.0,90.0,0.0,0.0,0.0,0.0,0.0,1.2,1.0,2.0,1.4,4.8,0.0,0.0,0.0,0.0,0.0,0.0,0.0,0.0,0.0,0.27,0.27,8.5,28099.0,0.2942229947721197,6.0,0.785,0.128,0.087,1.4253849109083725,0.9687695503234864,,,0,1.0,5.991
2704,0,0,26,1,0.0,385,0.0,0.0,0.0,0.35,356,0,0,1.4,14.4,2024-05-06,90,14,0,0,0,0,36,2,195063,1,0,4,0.0,6,-9733,3877,13610,4.4,True,0,385.0,,Crystal Palace,0,0,0.0,90,GK,Crystal Palace,Manchester United,4,0,22250,2023,660036,0.0,0,0,0,0.0,0.1265933811664581,0.1265933811664581,7702.0,Crystal Palace,Dean Henderson,Dean Henderson,3,2,36,4.4,GK,0.0,0.0,0.0,0.0,1.14,1.0,0.0,1.0,10.4,0.0,0.0,90.0,0.0,0.0,0.0,0.0,0.0,1.0,1.0,1.0,1.0,2.0,0.0,0.0,0.0,0.0,0.0,0.0,0.0,0.0,0.0,0.0,0.0,3.4,0.33,0.0,0.0,0.0,0.94,1.0,0.0,0.97,9.8,0.0,0.0,90.0,0.33,0.0,0.0,0.0,0.0,1.0,1.0,1.0,2.67,2.33,0.0,0.0,0.0,0.0,0.0,0.0,0.0,0.0,0.0,0.01,0.01,5.8,0.4,0.0,0.0,0.0,1.52,1.4,0.0,2.08,20.76,0.0,0.0,90.0,0.2,0.0,0.0,0.0,0.0,2.4,1.0,1.6,2.0,3.4,0.0,0.0,0.0,0.0,0.0,0.0,0.0,0.0,0.0,0.0,0.0,4.34,-8999.0,-0.5565848916337851,6.0,0.402,0.255,0.342,1.6409825921949492,1.422872543334961,,,0,1.0,5.835999999999999
2742,1,3,38,1,39.3,540,0.21,0.55,0.34,0.37,351,0,1,13.5,61.4,2024-05-04,90,3,0,0,0,0,36,0,628051,1,0,3,34.0,14,-8445,7852,16297,5.5,True,0,540.0,,Arsenal,1,3,0.5234462022781372,90,MC,Arsenal,Bournemouth,3,0,22245,2023,658593,0.2000559270381927,1,3,1,0.5234462022781372,1.47710919380188,0.8446885943412781,5553.0,Arsenal,Declan Rice,Declan Rice,2,5,36,7.6,MID,0.0,0.51,0.59,0.08,2.37,2.0,0.0,7.1,33.6,30.5,7.0,90.0,0.0,0.0,0.0,0.0,0.0,0.0,1.0,3.0,2.0,6.0,0.0,1.0,0.08,0.61,1.0,1.0,2.0,0.0,0.08,0.22,0.14,4.3,0.67,0.23,0.37,0.14,1.37,0.67,0.0,9.07,32.4,34.0,24.33,90.0,0.0,0.0,0.0,0.0,0.33,0.0,1.0,1.67,2.33,5.67,0.0,2.67,0.15,0.35,1.0,0.67,2.67,0.0,0.15,0.46,0.21,7.17,0.6,0.2,0.3,0.1,1.16,0.8,0.0,7.38,25.0,30.34,18.4,90.0,0.0,0.0,0.0,0.0,0.2,0.0,1.0,2.0,1.4,4.4,0.0,2.2,0.12,0.28,0.6,0.4,2.2,0.0,0.12,0.56,0.38,5.84,-6575.0,-0.3497039214874322,11.0,0.785,0.128,0.087,,,0.2855899939507693,0.2231472981261475,0,0.0,4.097391864132289
2779,0,0,3,0,2.4,501,0.01,0.01,0.0,2.55,357,4,0,0.7,3.0,2024-05-05,60,11,0,0,0,0,36,0,219983,1,2,4,2.0,2,-4014,1892,5906,6.7,False,0,501.0,,Tottenham Hotspur,0,0,0.0,63,FWR,Liverpool,Tottenham Hotspur,4,2,22251,2023,659566,0.0,0,0,0,0.0,0.0,0.0,6691.0,Tottenham Hotspur,Dejan Kulusevski,Dejan Kulusevski,3,5,36,1.5,MID,0.0,0.18,0.28,0.1,1.94,2.0,0.0,4.8,6.4,24.1,17.0,90.0,0.0,0.0,0.0,0.0,0.0,0.0,1.0,0.0,2.0,2.0,0.0,1.0,0.06,0.18,0.0,0.0,2.0,0.0,0.06,0.34,0.23,2.4,0.0,0.22,0.29,0.07,1.14,2.0,0.0,5.0,13.13,20.9,15.67,70.67,0.0,0.0,0.0,0.0,0.33,0.0,0.67,1.0,2.67,1.33,0.0,1.33,0.06,0.27,0.0,0.0,1.33,0.0,0.06,0.39,0.1,2.1,0.0,0.14,0.19,0.04,0.75,1.2,0.0,3.64,10.32,15.96,9.8,49.2,0.0,0.0,0.0,0.0,0.2,0.0,0.4,1.0,2.4,1.2,0.0,0.8,0.04,0.17,0.0,0.0,1.0,0.0,0.04,0.25,0.07,2.4,-4059.0,-0.5147473711208002,2.0,0.641,0.167,0.192,,,0.0058006358543316,1.159168760977991e-09,0,0.0,2.029003182749164
2836,0,0,16,0,0.3,41,0.0,0.0,0.0,2.69,353,1,0,3.2,29.2,2024-05-05,90,5,0,0,0,0,36,0,49885,1,0,1,2.0,2,1,903,902,4.4,False,0,,,Aston Villa,0,0,0.0,90,,Brighton and Hove Albion,Aston Villa,1,0,22247,2023,659404,0.0,0,0,0,0.0,0.0,0.0,,Aston Villa,,,3,3,36,3.0,DEF,0.0,0.0,0.0,0.0,0.31,1.0,0.0,0.3,2.4,0.1,0.0,15.0,0.0,0.0,0.0,0.0,0.0,0.0,0.0,2.0,2.0,1.0,0.0,0.0,0.0,0.0,0.0,0.0,0.0,0.0,0.0,0.12,0.12,2.1,0.33,0.0,0.0,0.0,0.75,0.33,0.0,0.73,6.6,0.43,0.0,36.0,0.0,0.0,0.0,0.0,0.0,0.0,0.33,1.67,1.67,2.67,0.0,0.0,0.0,0.0,0.0,0.0,0.0,0.0,0.0,0.07,0.07,2.37,0.2,0.01,0.02,0.01,1.42,1.6,0.0,1.4,11.24,0.78,1.8,57.6,0.0,0.0,0.0,0.0,0.2,0.0,0.6,1.8,2.4,1.6,0.0,0.2,0.02,0.0,0.0,0.0,0.0,0.0,0.02,0.2,0.19,1.96,148.0,0.0005540166204986,2.0,0.35,0.257,0.393,,1.7683566385385614,0.0029086222435348,-5.277553949412095e-10,0,0.0,0.13345173187794257
2871,0,0,13,0,23.0,377,0.03,0.03,0.0,1.47,356,4,0,3.9,14.0,2024-05-06,90,8,0,0,0,0,36,0,831904,1,0,4,2.0,0,18681,52393,33712,5.2,False,0,,,Manchester United,0,0,0.0,90,,Crystal Palace,Manchester United,4,0,22250,2023,660053,0.0852898359298706,0,2,0,0.0,0.1609491109848022,0.1492878049612045,,Manchester United,,,3,2,36,1.0,DEF,0.0,0.0,0.02,0.02,2.06,1.0,0.0,0.8,4.8,1.8,1.0,90.0,0.0,0.0,0.0,0.0,0.0,0.0,1.0,1.0,1.0,2.0,0.0,1.0,0.03,0.0,0.0,0.0,0.0,0.0,0.03,0.1,0.07,2.1,0.0,0.06,0.1,0.04,1.53,1.67,0.0,4.23,13.87,19.0,9.33,90.0,0.0,0.0,0.0,0.0,0.0,0.0,1.0,1.67,2.33,1.33,0.0,1.0,0.03,0.15,0.0,0.0,1.33,0.0,0.03,0.6,0.55,2.0,0.0,0.1,0.13,0.03,2.24,2.2,0.0,4.48,18.2,20.48,6.0,90.0,0.0,0.0,0.0,0.0,0.0,0.0,1.0,2.0,2.6,1.6,0.0,0.8,0.02,0.22,0.2,0.2,1.4,0.0,0.02,0.54,0.45,2.44,16779.0,0.2169560420416932,0.0,0.402,0.255,0.342,,1.6402595329377911,0.0013134973989681,0.0774820983533168,0,0.0,1.4203272794537596
2955,0,2,27,0,4.6,246,0.01,1.04,1.03,0.71,358,1,1,9.5,36.0,2024-05-03,79,12,0,0,0,0,36,0,98050,1,1,1,54.0,8,-4243,4655,8898,5.8,False,0,246.0,,Everton,1,2,0.8974692225456238,86,FW,Luton,Everton,1,1,22252,2023,658580,0.0,0,0,0,0.1363003849983215,0.1363003849983215,0.0,5555.0,Everton,Dominic Calvert-Lewin,Dominic Calvert-Lewin,2,2,36,2.8,FWD,1.0,0.01,0.3,0.29,2.0,0.0,1.0,12.0,46.2,2.1,72.0,90.0,0.0,0.0,0.0,0.0,0.0,0.0,1.0,0.0,2.0,6.0,1.0,3.0,0.76,0.0,0.0,0.0,0.0,1.0,0.76,0.18,0.17,5.9,1.0,0.01,0.36,0.36,1.06,0.0,0.67,8.43,31.67,5.1,47.67,79.33,0.0,0.0,0.0,0.0,0.0,0.0,1.0,0.0,1.67,5.67,0.67,3.0,0.5,0.01,0.0,0.0,0.33,0.67,0.5,0.28,0.06,5.6,0.6,0.03,0.47,0.44,1.17,0.4,0.6,7.3,26.68,5.52,40.8,71.4,0.0,0.0,0.0,0.0,0.0,0.0,0.8,0.4,1.6,5.0,0.6,2.6,0.51,0.02,0.0,0.0,0.4,0.4,0.36,0.25,0.05,4.22,-13065.0,-0.3130672175902014,6.0,0.365,0.263,0.372,,,0.7098291468349756,-8.433620468650813e-10,0,,4.839316584809816
2994,0,0,-3,0,2.5,85,0.01,0.13,0.12,3.98,351,3,0,3.2,4.4,2024-05-04,90,1,0,0,0,0,36,0,2649464,1,0,3,25.0,2,-392861,25743,418604,7.2,False,0,85.0,,Bournemouth,0,1,0.2556728422641754,90,FW,Arsenal,Bournemouth,3,0,22245,2023,658609,0.0,0,0,0,0.2556728422641754,0.2556728422641754,0.0,1679.0,Bournemouth,Dominic Solanke,Dominic Solanke,2,5,36,2.8,FWD,1.0,0.1,0.39,0.29,1.0,0.0,0.0,5.2,13.8,13.7,24.0,90.0,0.0,0.0,0.0,0.0,0.0,0.0,1.0,0.0,3.0,2.0,0.0,4.0,0.4,0.35,0.0,0.0,1.0,0.0,0.4,0.97,0.23,3.8,0.67,0.07,0.49,0.42,1.23,1.0,0.33,5.8,19.13,12.53,26.0,88.67,0.0,0.0,0.0,0.0,0.0,0.0,1.0,0.67,2.0,3.33,0.33,2.67,0.48,0.14,0.0,0.0,1.0,0.0,0.23,0.55,0.18,6.67,0.4,0.07,0.39,0.32,1.26,1.4,0.4,6.26,22.16,16.72,23.4,89.2,0.0,0.0,0.0,0.0,0.0,0.0,1.0,1.0,2.0,3.8,0.4,2.8,0.39,0.14,0.0,0.0,1.4,0.2,0.24,0.51,0.18,5.76,-389859.0,-0.8841310957427416,2.0,0.785,0.128,0.087,,,0.2086491590650265,-8.433620468650813e-10,0,,2.8345966337300204
3027,0,0,2,0,14.5,309,0.05,0.11,0.06,0.11,357,0,0,2.0,1.4,2024-05-05,7,18,0,0,0,0,36,0,361625,0,2,4,4.0,1,-3601,794,4395,7.1,True,0,309.0,,Liverpool,0,1,0.0937635079026222,5,Sub,Liverpool,Tottenham Hotspur,4,2,22251,2023,659553,0.0185509622097015,0,1,0,0.0937635079026222,0.3397932946681976,0.2460297793149948,9788.0,Liverpool,Dominik Szoboszlai,Dominik Szoboszlai,3,5,36,1.2,MID,0.0,0.01,0.01,0.0,0.04,0.0,0.0,0.4,0.0,0.5,4.0,1.0,0.0,0.0,0.0,0.0,0.0,0.0,0.0,2.0,2.0,1.0,0.0,0.0,0.0,0.0,0.0,0.0,0.0,0.0,0.0,0.0,0.0,2.0,0.0,0.03,0.04,0.01,0.32,0.67,0.0,1.2,1.87,4.43,6.0,22.33,0.0,0.0,0.0,0.0,0.0,0.0,0.33,1.67,1.67,1.33,0.0,0.33,0.01,0.03,0.0,0.0,0.33,0.0,0.01,0.2,0.17,3.6,0.0,0.14,0.31,0.17,0.38,0.6,0.0,3.78,4.92,21.28,11.8,35.4,0.0,0.0,0.0,0.0,0.0,0.0,0.4,1.6,1.4,1.4,0.0,1.4,0.16,0.19,0.0,0.0,1.6,0.0,0.16,0.67,0.49,3.12,-3002.0,-0.6939680092503373,1.0,0.641,0.167,0.192,,,0.0126995239565161,0.0548056969909365,0,0.0,1.22791471075539
3065,0,0,14,0,3.7,43,0.01,0.01,0.0,2.69,353,1,0,1.4,10.2,2024-05-05,90,5,0,0,0,0,36,0,563628,1,0,1,0.0,2,-15376,4489,19865,5.4,False,0,,,Aston Villa,0,0,0.0,90,,Brighton and Hove Albion,Aston Villa,1,0,22247,2023,659407,0.0,0,0,0,0.0,0.0,0.0,,Aston Villa,,,3,3,36,1.3,MID,0.0,0.03,0.03,0.0,1.07,1.0,0.0,0.3,0.0,4.2,0.0,74.0,0.0,0.0,0.0,0.0,1.0,0.0,1.0,2.0,2.0,1.0,0.0,0.0,0.0,0.0,0.0,0.0,0.0,0.0,0.0,0.05,0.05,1.1,0.0,0.12,0.18,0.06,1.64,2.33,0.0,3.83,5.47,26.07,7.0,75.67,0.0,0.0,0.0,0.0,1.0,0.0,1.0,2.0,3.0,1.0,0.0,0.33,0.16,0.09,0.0,0.0,1.67,0.0,0.16,0.36,0.34,1.5,0.2,0.13,0.17,0.04,1.69,1.6,0.0,3.66,7.08,24.46,5.0,81.4,0.0,0.0,0.0,0.0,0.8,0.0,1.0,1.4,2.4,1.4,0.0,0.4,0.1,0.08,0.0,0.0,1.4,0.0,0.1,0.43,0.4,2.7,-14140.0,-0.631354192329802,2.0,0.35,0.257,0.393,,,-1.5743444325977407e-09,0.0009627167367907,0,0.0,2.0028881423386498
3100,0,0,11,0,12.5,259,0.3,0.3,0.0,0.96,358,1,0,2.2,5.6,2024-05-03,90,12,0,0,0,0,36,0,39583,1,1,1,4.0,2,3693,6576,2883,5.4,False,0,259.0,,Everton,0,0,0.0,90,ML,Luton,Everton,1,1,22252,2023,658578,0.1363003849983215,0,1,0,0.0,0.1363003849983215,0.0,6756.0,Everton,Dwight McNeil,Dwight McNeil,2,2,36,5.1,MID,1.0,0.42,0.63,0.21,0.84,0.0,0.0,8.8,15.8,54.2,18.0,90.0,0.0,0.0,0.0,0.0,0.0,0.0,1.0,0.0,1.0,3.0,0.0,5.0,0.21,0.2,0.0,0.0,3.0,0.0,0.21,0.73,0.39,4.8,1.0,0.26,0.39,0.13,1.25,0.0,0.33,10.7,34.67,54.87,17.67,90.0,0.0,0.0,0.0,0.0,0.0,0.0,1.0,0.0,1.67,6.33,0.33,3.33,0.16,0.32,0.33,0.33,3.33,0.33,0.16,0.43,0.18,7.27,0.8,0.25,0.34,0.09,1.43,1.2,0.2,8.68,26.16,48.36,12.4,90.0,0.0,0.0,0.0,0.0,0.0,0.0,1.0,0.0,2.4,4.8,0.2,2.4,0.1,0.25,0.2,0.2,3.0,0.2,0.1,0.31,0.11,5.58,4002.0,0.3904218204884237,2.0,0.365,0.263,0.372,,,0.0214693170208586,0.0493837205960299,0,0.0,2.2554977468923827
3127,0,0,12,1,26.5,226,0.08,0.28,0.2,0.35,356,0,0,7.3,19.6,2024-05-06,84,14,0,0,0,0,36,0,596206,1,0,4,27.0,3,-111768,6398,118166,6.1,True,0,226.0,,Crystal Palace,0,3,0.2328875660896301,88,AMC,Crystal Palace,Manchester United,4,0,22250,2023,660045,0.1009319797158241,0,2,0,0.2328875660896301,0.6276214718818665,0.3435188829898834,8706.0,Crystal Palace,Eberechi Eze,Eberechi Eze,3,2,36,5.4,MID,1.0,0.29,0.5,0.21,0.1,0.0,0.0,9.9,14.0,55.2,30.0,82.0,0.0,0.0,0.0,0.0,0.0,0.0,1.0,0.0,2.0,3.0,0.0,5.0,0.26,0.09,0.0,0.0,3.0,0.0,0.26,0.54,0.45,11.0,0.67,0.38,0.94,0.56,1.23,0.33,0.67,12.43,40.53,43.9,39.67,79.33,0.0,0.0,0.0,0.0,0.0,0.0,1.0,1.0,2.33,8.0,0.67,4.67,0.7,0.5,0.33,0.33,2.67,0.67,0.7,1.49,0.42,8.77,0.4,0.26,0.6,0.34,1.27,0.8,0.4,8.56,26.92,32.28,26.2,78.2,0.0,0.0,0.0,0.0,0.0,0.0,1.0,1.4,2.0,5.6,0.4,2.8,0.42,0.33,0.2,0.2,2.0,0.4,0.42,0.92,0.25,6.1,-564254.0,-0.8972736906329276,3.0,0.402,0.255,0.342,,,0.1924246349707497,0.1378154287444817,0,1.0,4.375569461087194
3187,0,0,14,0,0.0,352,0.0,0.0,0.0,0.35,359,1,0,0.8,8.2,2024-05-04,90,20,0,0,0,0,36,0,1517633,1,1,5,0.0,2,-35200,25692,60892,5.5,True,0,,,Manchester City,0,0,0.0,90,,Manchester City,Wolverhampton Wanderers,5,1,22253,2023,659048,0.0,0,0,0,0.0,0.1999728679656982,0.1999728679656982,,Manchester City,,,2,5,36,4.0,GK,0.0,0.0,0.0,0.0,1.27,0.0,0.0,1.1,10.6,0.0,0.0,45.0,0.0,0.0,0.0,0.0,0.0,1.0,1.0,2.0,0.0,1.0,0.0,0.0,0.0,0.0,0.0,0.0,0.0,0.0,0.0,0.0,0.0,3.0,0.33,0.0,0.0,0.0,0.75,0.33,0.0,1.77,17.73,0.0,0.0,75.0,0.0,0.0,0.0,0.0,0.0,1.67,1.0,2.33,1.67,3.33,0.0,0.0,0.0,0.0,0.0,0.0,0.0,0.0,0.0,0.14,0.14,2.6,0.2,0.0,0.0,0.0,0.76,0.6,0.0,1.16,11.68,0.0,0.0,74.0,0.0,0.0,0.0,0.0,0.2,1.2,1.0,1.8,1.8,2.4,0.0,0.0,0.0,0.0,0.0,0.0,0.0,0.0,0.0,0.12,0.12,3.9,-37739.0,-0.4065416243185808,2.0,0.876,0.079,0.045,0.8065171095295864,0.8778514862060547,,,0,1.0,5.83
3219,0,0,3,0,0.4,642,0.01,0.01,0.0,2.01,355,3,0,0.6,4.0,2024-05-05,45,7,0,0,0,0,36,0,16850,1,0,5,2.0,1,-45,117,162,5.0,False,0,,,West Ham United,0,0,0.0,49,,Chelsea,West Ham United,5,0,22249,2023,659348,0.0,0,0,0,0.0,0.0,0.0,,West Ham United,,,2,3,36,1.8,MID,0.0,0.06,0.06,0.0,1.75,2.0,0.0,4.0,27.2,12.9,0.0,90.0,0.0,0.0,0.0,0.0,0.0,0.0,1.0,2.0,2.0,2.0,0.0,0.0,0.0,0.06,0.0,0.0,1.0,0.0,0.0,0.44,0.38,1.5,0.0,0.05,0.05,0.0,2.45,3.0,0.0,3.77,22.4,14.47,0.67,84.67,0.0,0.0,0.0,0.0,0.0,0.0,1.0,2.0,2.33,2.0,0.0,0.0,0.0,0.05,0.0,0.0,1.0,0.0,0.0,0.2,0.15,1.23,0.0,0.03,0.03,0.0,1.9,2.2,0.0,3.0,19.64,9.56,0.8,86.8,0.0,0.0,0.0,0.0,0.2,0.0,1.0,1.8,1.8,1.8,0.0,0.0,0.0,0.03,0.0,0.0,0.6,0.0,0.0,0.24,0.21,1.4,26.0,-0.1612903225806451,1.0,0.577,0.212,0.212,,,0.0062595806880882,0.0002867622624234,1,0.0,1.0321581902277113
3245,0,3,28,0,0.5,314,0.0,0.33,0.33,1.43,358,1,1,6.6,44.2,2024-05-03,79,9,0,0,0,0,36,0,95606,1,1,1,21.0,9,-489,1647,2136,4.8,True,0,314.0,,Luton,1,1,0.249422550201416,86,FW,Luton,Everton,1,1,22252,2023,658566,0.0,0,0,1,0.249422550201416,0.249422550201416,0.0,11718.0,Luton,Elijah Adebayo,Elijah Adebayo,2,2,36,2.0,FWD,0.0,0.0,0.0,0.0,0.0,0.0,0.0,0.3,0.2,0.8,2.0,12.0,0.0,0.0,0.0,0.0,0.0,0.0,0.0,1.0,2.0,1.0,0.0,0.0,0.0,0.0,0.0,0.0,0.0,0.0,0.0,0.0,0.0,0.0,0.0,0.0,0.16,0.16,1.35,2.33,0.33,4.37,14.6,1.8,27.33,63.0,0.0,0.0,0.0,0.0,0.0,0.0,0.67,2.67,2.33,4.0,0.33,2.0,0.28,0.0,0.33,0.0,0.0,0.33,0.28,0.23,0.01,5.53,0.2,0.02,0.3,0.28,1.08,1.6,0.8,7.5,30.4,8.66,36.0,69.8,0.0,0.0,0.0,0.0,0.0,0.0,0.8,1.8,2.4,6.2,0.8,2.0,0.48,0.03,0.2,0.0,0.6,0.8,0.48,0.59,0.23,5.68,-100.0,-0.1292624900872323,6.0,0.365,0.263,0.372,,,0.283274886178795,-8.433620468650813e-10,0,,3.1330995421850942
3265,0,0,1,0,11.4,403,0.01,0.01,0.0,0.48,354,1,0,2.1,7.2,2024-05-04,21,6,0,0,0,0,36,0,186528,0,4,1,2.0,0,27,4769,4742,4.2,False,1,403.0,,Newcastle United,0,0,0.0,15,Sub,Burnley,Newcastle United,1,4,22248,2023,658894,0.0291591938585042,0,1,0,0.0,0.0291591938585042,0.0,9154.0,Newcastle United,Elliot Anderson,Elliot Anderson,3,2,36,2.0,MID,0.0,0.04,0.22,0.18,1.39,1.0,0.0,1.9,1.0,3.5,14.0,65.0,0.0,0.0,0.0,0.0,0.0,0.0,1.0,1.0,5.0,2.0,0.0,2.0,0.11,0.0,0.0,0.0,0.0,0.0,0.11,0.32,0.28,2.3,0.33,0.08,0.29,0.2,0.96,1.0,0.0,4.0,7.2,7.0,25.67,80.67,0.0,0.0,0.0,0.0,0.33,0.0,1.0,0.33,3.67,2.0,0.0,2.67,0.15,0.02,0.0,0.0,0.33,0.0,0.15,0.18,0.12,1.87,0.4,0.07,0.2,0.13,0.73,0.6,0.0,3.84,8.92,12.3,17.0,72.4,0.0,0.0,0.0,0.0,0.2,0.0,0.8,0.6,2.4,2.0,0.0,1.8,0.09,0.05,0.0,0.0,0.8,0.0,0.09,0.16,0.1,1.76,648.0,0.0028388182104931,0.0,0.278,0.237,0.485,,,0.0034870840218268,0.069823782132057,0,0.0,2.226906766505305
3289,0,0,4,0,3.1,497,0.01,0.01,0.0,2.55,357,4,0,2.4,20.8,2024-05-05,60,11,0,0,0,0,36,0,79330,1,2,4,0.0,-1,1447,2357,910,4.3,False,1,,,Tottenham Hotspur,0,0,0.0,63,,Liverpool,Tottenham Hotspur,4,2,22251,2023,659562,0.0,0,0,0,0.0,0.2602687776088714,0.2602687776088714,,Tottenham Hotspur,,,3,5,36,0.0,DEF,0.0,0.03,0.06,0.03,1.91,2.0,0.0,2.6,6.4,18.2,1.0,85.0,0.0,0.0,0.0,0.0,0.0,0.0,1.0,0.0,2.0,1.0,0.0,1.0,0.02,0.01,0.0,0.0,1.0,0.0,0.02,0.33,0.31,0.4,0.0,0.04,0.05,0.01,1.07,1.67,0.0,2.7,11.0,13.3,2.33,72.0,0.0,0.0,0.0,0.0,0.0,0.0,0.67,0.33,3.0,1.0,0.0,0.33,0.01,0.0,0.0,0.0,0.33,0.0,0.01,0.38,0.37,0.8,0.0,0.04,0.06,0.02,1.0,1.4,0.0,2.54,11.96,9.96,3.2,60.2,0.0,0.0,0.0,0.0,0.0,0.0,0.6,1.0,2.4,1.0,0.0,0.4,0.01,0.0,0.0,0.0,0.2,0.0,0.01,0.24,0.22,0.66,1512.0,0.4429139883685338,-1.0,0.641,0.167,0.192,,1.333331267546836,5.515961021274052e-10,-5.277553949412095e-10,0,0.0,1.3330000017263106
3297,0,0,-1,0,16.2,532,0.07,0.41,0.34,4.13,355,5,0,3.8,14.2,2024-05-05,90,7,0,0,0,0,36,0,236500,1,0,5,8.0,-1,-11156,1404,12560,4.4,False,1,,,Tottenham Hotspur,0,0,0.0,63,,Liverpool,Tottenham Hotspur,4,2,22251,2023,659562,0.0,0,0,0,0.0,0.2602687776088714,0.2602687776088714,,Tottenham Hotspur,,,2,3,36,-0.2,DEF,0.0,0.06,0.06,0.0,2.71,1.0,0.0,4.2,19.4,22.9,0.0,90.0,0.0,0.0,0.0,0.0,0.0,0.0,1.0,3.0,1.0,2.0,0.0,0.0,0.0,0.0,0.0,0.0,0.0,0.0,0.0,0.76,0.76,3.8,0.33,0.02,0.02,0.0,2.47,0.67,0.0,2.97,19.4,8.97,1.33,87.33,0.0,0.0,0.0,0.0,0.0,0.0,1.0,1.67,1.0,3.33,0.0,0.33,0.02,0.01,0.0,0.0,0.33,0.0,0.02,0.34,0.32,2.83,0.4,0.02,0.11,0.09,1.84,0.6,0.0,3.18,17.08,8.44,6.4,88.4,0.0,0.0,0.0,0.0,0.0,0.0,1.0,1.2,1.2,4.2,0.0,0.2,0.01,0.08,0.0,0.0,0.4,0.0,0.01,0.36,0.35,2.54,-69816.0,-0.7989114866800344,-1.0,0.641,0.167,0.192,,2.22022212299602,0.0295113486408058,0.0612263683215932,0,0.0,1.2507471968096142
3312,0,0,14,0,0.8,417,0.01,0.01,0.0,1.08,354,1,0,1.9,16.6,2024-05-04,90,6,0,0,0,0,36,0,8008,1,4,1,2.0,2,1718,2517,799,4.4,False,0,417.0,,Newcastle United,0,0,0.0,90,DC,Burnley,Newcastle United,1,4,22248,2023,658882,0.0,0,0,0,0.0,0.7617608904838562,0.7617608904838562,1545.0,Newcastle United,Emil Krafth,Emil Krafth,3,2,36,3.0,DEF,0.0,0.0,0.0,0.0,0.17,0.0,0.0,1.2,11.4,0.9,0.0,45.0,0.0,0.0,0.0,0.0,0.0,0.0,0.0,1.0,5.0,1.0,0.0,0.0,0.0,0.0,0.0,0.0,0.0,0.0,0.0,0.08,0.08,3.7,0.33,0.02,0.03,0.01,0.59,0.67,0.0,1.9,17.47,1.23,0.33,75.0,0.0,0.0,0.0,0.0,0.0,0.0,0.67,0.33,3.67,2.67,0.0,0.33,0.01,0.0,0.0,0.0,0.0,0.0,0.01,0.05,0.05,3.07,0.4,0.03,0.05,0.02,0.89,0.6,0.0,2.6,14.84,9.0,2.0,81.0,0.0,0.0,0.0,0.0,0.2,0.0,0.8,0.6,2.4,3.0,0.0,0.4,0.02,0.07,0.0,0.0,0.6,0.0,0.02,0.14,0.06,2.44,1757.0,0.5180940892641737,2.0,0.278,0.237,0.485,,1.4527454818107095,0.0008790333664141,-5.277553949412095e-10,0,0.0,1.2792741986152185
3376,0,0,2,0,0.2,804,0.0,0.0,0.0,0.1,351,1,0,0.0,0.2,2024-05-04,10,1,0,0,0,0,36,0,3469,0,0,3,0.0,1,831,1095,264,5.0,False,0,804.0,,Bournemouth,0,0,0.0,6,,Arsenal,Bournemouth,3,0,22245,2023,658612,0.0,0,0,0,0.0,0.0,0.0,6219.0,Bournemouth,Enes Ünal,Enes Ünal,2,5,36,2.0,FWD,1.0,0.0,0.66,0.66,0.67,0.0,1.0,10.3,54.6,10.5,38.0,66.0,0.0,0.0,0.0,0.0,0.0,0.0,1.0,0.0,3.0,12.0,1.0,4.0,0.68,0.72,1.0,1.0,1.0,1.0,0.68,0.83,0.35,3.0,0.33,0.0,0.33,0.33,0.29,0.0,0.33,5.37,23.87,3.6,26.33,25.67,0.0,0.0,0.0,0.0,0.33,0.0,0.33,0.67,2.0,4.33,0.33,2.0,0.41,0.24,0.33,0.33,0.33,0.33,0.41,0.46,0.12,1.73,0.2,0.0,0.22,0.22,0.34,0.4,0.2,3.56,15.6,2.62,17.8,22.4,0.0,0.0,0.0,0.0,0.2,0.0,0.2,1.0,2.0,3.0,0.2,1.4,0.27,0.14,0.2,0.2,0.2,0.2,0.27,0.33,0.12,1.94,1004.0,0.6114790286975718,1.0,0.785,0.128,0.087,,,0.0035560796798528,-8.433620468650813e-10,0,,1.014224316189325
3444,0,3,97,0,14.9,355,0.05,2.16,2.11,0.35,359,1,4,30.2,142.6,2024-05-04,82,20,0,0,0,0,36,0,7055766,1,1,5,144.0,21,339945,393596,53651,14.1,True,0,355.0,,Manchester City,4,8,2.727445363998413,90,FW,Manchester City,Wolverhampton Wanderers,5,1,22253,2023,659058,0.0830365717411041,0,1,2,1.2051076889038086,1.2881442308425903,0.0,8260.0,Manchester City,Erling Haaland,Erling Haaland,2,5,36,10.0,FWD,0.0,0.04,0.47,0.43,0.11,0.0,1.0,7.6,37.0,3.0,36.0,28.0,0.0,0.0,0.0,0.0,0.0,0.0,0.0,2.0,0.0,5.0,1.0,2.0,0.49,0.0,0.0,0.0,0.0,1.0,0.49,0.65,0.15,4.2,0.33,0.12,1.06,0.94,0.51,0.67,1.0,10.2,37.4,12.7,52.0,66.0,0.0,0.0,0.0,0.0,0.0,0.0,0.67,2.33,2.33,7.67,1.0,3.0,1.05,0.21,0.33,0.0,1.0,0.67,0.8,1.17,0.16,4.9,0.4,0.08,0.72,0.64,0.93,0.6,0.6,7.7,25.52,14.56,37.8,75.6,0.0,0.0,0.0,0.0,0.0,0.0,0.8,1.6,1.6,5.4,0.6,2.8,0.7,0.16,0.2,0.0,1.2,0.4,0.55,0.83,0.13,4.62,365984.0,0.7600833543880674,18.0,0.876,0.079,0.045,,,1.379659542261792,0.0856869630408008,0,,7.775699058169571
3475,0,0,27,1,0.8,112,0.01,0.01,0.0,1.19,352,0,0,3.0,29.6,2024-05-04,90,10,0,0,0,0,36,0,154954,1,0,0,0.0,6,2958,4536,1578,4.5,True,0,112.0,,Brentford,0,0,0.0,90,DC,Brentford,Fulham,0,0,22246,2023,658836,0.0,0,0,0,0.0,0.0,0.0,9678.0,Brentford,Ethan Pinnock,Ethan Pinnock,2,2,36,4.0,DEF,0.0,0.0,0.04,0.04,0.77,1.0,0.0,2.2,17.6,0.5,4.0,90.0,0.0,0.0,0.0,0.0,0.0,0.0,1.0,0.0,1.0,2.0,0.0,1.0,0.05,0.0,0.0,0.0,0.0,0.0,0.05,0.0,0.0,2.0,0.0,0.0,0.06,0.06,0.45,0.67,0.33,3.03,21.4,0.33,8.33,60.33,0.0,0.0,0.0,0.0,0.33,0.0,0.67,1.67,1.33,3.33,0.33,1.0,0.12,0.0,0.0,0.0,0.0,0.33,0.12,0.01,0.01,1.6,0.2,0.0,0.05,0.05,0.93,1.0,0.2,2.78,21.28,0.4,5.8,72.2,0.0,0.0,0.0,0.0,0.2,0.0,0.8,2.0,1.0,3.4,0.2,0.8,0.08,0.0,0.0,0.0,0.0,0.2,0.08,0.0,0.0,1.4,3358.0,0.4838076545632973,6.0,0.453,0.25,0.297,,1.8624777083687545,5.515961021274052e-10,-5.277553949412095e-10,0,0.0,1.0690000017263106
3479,0,0,2,0,0.0,850,0.0,0.0,0.0,0.32,356,0,0,0.2,2.0,2024-05-06,10,8,0,0,0,0,36,0,260,0,0,4,0.0,1,42,73,31,4.5,False,0,850.0,,Manchester United,0,0,0.0,7,,Crystal Palace,Manchester United,4,0,22250,2023,660065,0.0,0,0,0,0.0,0.0,0.0,12568.0,Manchester United,Ethan Wheatley,Ethan Wheatley,3,2,36,0.5,FWD,0.0,0.0,0.0,0.0,0.0,0.0,0.0,0.0,0.0,0.0,0.0,1.0,0.0,0.0,0.0,0.0,0.0,0.0,0.0,2.0,4.0,1.0,0.0,0.0,0.0,0.0,0.0,0.0,0.0,0.0,0.0,0.0,0.0,1.0,0.0,0.0,0.0,0.0,0.0,0.0,0.0,0.0,0.0,0.0,0.0,0.33,0.0,0.0,0.0,0.0,0.0,0.0,0.0,0.67,1.33,0.33,0.0,0.0,0.0,0.0,0.0,0.0,0.0,0.0,0.0,0.0,0.0,0.33,0.0,0.0,0.0,0.0,0.0,0.0,0.0,0.0,0.0,0.0,0.0,0.2,0.0,0.0,0.0,0.0,0.0,0.0,0.0,0.4,0.8,0.2,0.0,0.0,0.0,0.0,0.0,0.0,0.0,0.0,0.0,0.0,0.0,0.2,196.0,0.4038461538461538,1.0,0.402,0.255,0.342,,,-6.041389832844857e-09,0.014644781992503,0,,1.0439343218119497
3540,0,0,12,0,1.1,48,0.01,0.01,0.0,2.63,353,1,0,0.2,1.2,2024-05-05,89,5,0,0,0,0,36,0,262622,1,0,1,0.0,2,1012,9014,8002,4.5,False,0,48.0,,Aston Villa,0,0,0.0,90,DR,Brighton and Hove Albion,Aston Villa,1,0,22247,2023,659403,0.0,0,0,0,0.0,0.0,0.0,7726.0,Aston Villa,Ezri Konsa Ngoyo,Ezri Konsa Ngoyo,3,3,36,3.3,DEF,0.0,0.0,0.04,0.04,1.37,2.0,0.0,0.7,5.6,0.4,1.0,90.0,0.0,0.0,0.0,0.0,0.0,0.0,1.0,2.0,2.0,1.0,0.0,1.0,0.01,0.0,0.0,0.0,0.0,0.0,0.01,0.18,0.16,2.5,0.33,0.03,0.04,0.01,1.56,1.0,0.0,2.07,15.2,2.6,3.0,90.0,0.0,0.0,0.0,0.0,0.0,0.0,1.0,1.67,1.67,3.0,0.0,0.33,0.0,0.0,0.0,0.0,0.0,0.0,0.0,0.47,0.46,4.03,0.2,0.03,0.08,0.06,1.9,2.0,0.0,2.48,15.04,5.9,4.0,90.0,0.0,0.0,0.0,0.0,0.0,0.0,1.0,1.8,2.4,2.0,0.0,0.6,0.03,0.01,0.0,0.0,0.2,0.0,0.03,0.42,0.41,4.08,1364.0,0.0594734367653972,2.0,0.35,0.257,0.393,,0.5362634211341866,5.515961021274052e-10,-5.277553949412095e-10,0,0.0,1.7320000017263106
3603,0,0,2,1,3.0,125,0.01,0.01,0.0,0.06,353,0,0,0.7,4.4,2024-05-05,60,2,0,0,0,0,36,0,6020,1,0,1,0.0,3,-53,121,174,4.7,True,0,125.0,,Brighton and Hove Albion,0,0,0.0,66,AMR,Brighton and Hove Albion,Aston Villa,1,0,22247,2023,659394,0.0,0,0,0,0.0,0.3141600489616394,0.3141600489616394,11362.0,Brighton and Hove Albion,Facundo Buonanotte,Facundo Buonanotte,3,3,36,1.0,MID,0.0,0.05,0.44,0.39,2.26,3.0,0.0,5.4,11.2,5.3,37.0,90.0,0.0,0.0,0.0,0.0,0.0,0.0,1.0,0.0,3.0,2.0,0.0,2.0,0.79,0.0,0.0,0.0,0.0,0.0,0.79,0.79,0.04,1.2,0.0,0.05,0.18,0.13,1.0,1.33,0.0,2.27,5.27,4.33,13.0,43.33,0.0,0.0,0.0,0.0,0.0,0.0,0.33,1.33,1.33,1.33,0.0,0.67,0.26,0.0,0.0,0.0,0.0,0.0,0.26,0.3,0.05,0.97,0.2,0.05,0.15,0.09,0.8,0.8,0.0,2.16,5.36,6.1,10.0,44.6,0.0,0.0,0.0,0.0,0.2,0.0,0.4,1.0,1.2,1.4,0.0,0.8,0.17,0.01,0.0,0.0,0.2,0.0,0.17,0.21,0.04,0.82,-26.0,-0.1796610169491525,3.0,0.35,0.257,0.393,,,0.000166966390358,1.159168760977991e-09,0,0.0,1.0008348354292962
3661,0,0,7,0,14.3,111,0.04,0.04,0.0,0.04,352,0,0,2.1,6.2,2024-05-04,8,10,0,0,0,0,36,0,2162,0,0,0,0.0,1,-20,40,60,4.9,True,0,111.0,,Brentford,0,0,0.0,2,Sub,Brentford,Fulham,0,0,22246,2023,658847,0.0267076082527637,0,1,0,0.0,0.0,0.0,9681.0,Brentford,Frank Onyeka,Frank Onyeka,2,2,36,1.8,MID,0.0,0.0,0.29,0.29,0.0,0.0,1.0,5.0,33.2,0.2,17.0,1.0,0.0,0.0,0.0,0.0,0.0,0.0,0.0,0.0,2.0,6.0,1.0,1.0,0.39,0.0,0.0,0.0,0.0,1.0,0.39,0.39,0.0,2.5,0.0,0.0,0.1,0.1,0.26,0.0,0.33,1.77,12.07,0.07,5.67,3.0,0.0,0.0,0.0,0.0,0.0,0.0,0.0,1.0,1.67,2.67,0.33,0.33,0.13,0.0,0.0,0.0,0.0,0.33,0.13,0.13,0.0,1.2,0.0,0.0,0.06,0.06,0.78,0.4,0.2,1.3,8.72,0.38,3.8,28.8,0.0,0.0,0.0,0.0,0.2,0.0,0.4,1.0,1.8,2.0,0.2,0.2,0.08,0.0,0.0,0.0,0.0,0.2,0.08,0.08,0.0,1.38,96.0,-0.2,1.0,0.453,0.25,0.297,,,-1.5743444325977407e-09,0.05767166001276,1,0.0,0.17301497216655792
3668,0,0,1,0,11.4,329,0.01,0.01,0.0,1.17,358,1,0,1.6,4.6,2024-05-03,69,9,0,0,0,0,36,0,322,1,1,1,0.0,2,9,38,29,5.0,True,0,329.0,,Luton,0,0,0.0,76,DMR,Luton,Everton,1,1,22252,2023,658560,0.0276309009641408,0,1,0,0.0,0.0937636047601699,0.0661327019333839,12549.0,Luton,Fred Onyedinma,Fred Onyedinma,2,2,36,1.0,MID,0.0,0.0,0.0,0.0,0.0,0.0,0.0,0.0,0.0,0.3,0.0,2.0,0.0,0.0,0.0,0.0,0.0,0.0,0.0,1.0,2.0,1.0,0.0,0.0,0.0,0.0,0.0,0.0,0.0,0.0,0.0,0.0,0.0,0.7,0.0,0.02,0.02,0.0,1.97,2.67,0.0,1.33,7.13,4.13,2.0,48.0,0.0,0.0,0.0,0.0,0.0,0.0,0.33,2.33,2.67,1.33,0.0,0.0,0.0,0.03,0.0,0.0,0.33,0.0,0.0,0.03,0.0,0.37,0.0,0.02,0.04,0.02,1.36,2.0,0.0,2.16,6.24,4.02,11.2,49.2,0.0,0.0,0.0,0.0,0.2,0.0,0.4,1.6,2.4,1.2,0.0,0.6,0.02,0.02,0.0,0.0,0.2,0.0,0.02,0.06,0.02,-0.0,32.0,0.1343283582089552,2.0,0.365,0.263,0.372,,,-1.5743444325977407e-09,0.0671105901844297,0,0.0,1.201331762681567
3703,0,1,27,1,1.3,5,0.01,0.14,0.13,0.37,351,0,0,1.7,8.6,2024-05-04,90,3,0,0,0,0,36,0,3091835,1,0,3,7.0,7,7325,57942,50617,5.4,True,0,,,Arsenal,0,1,0.0548284649848938,90,,Arsenal,Bournemouth,3,0,22245,2023,658588,0.0,0,0,0,0.0548284649848938,0.0858033075928688,0.0858033075928688,,Arsenal,,,2,5,36,5.0,DEF,0.0,0.03,0.03,0.0,2.37,2.0,0.0,1.5,13.8,0.8,0.0,90.0,0.0,0.0,0.0,0.0,0.0,0.0,1.0,3.0,2.0,1.0,0.0,0.0,0.0,0.0,0.0,0.0,0.0,0.0,0.0,0.1,0.1,4.7,0.67,0.01,0.01,0.0,1.37,0.67,0.0,1.53,14.27,1.07,0.0,90.0,0.0,0.0,0.0,0.0,0.0,0.0,1.0,1.67,2.33,4.33,0.0,0.0,0.0,0.0,0.0,0.0,0.0,0.0,0.0,0.4,0.4,9.57,0.6,0.01,0.15,0.14,1.16,0.8,0.0,2.76,15.16,1.32,11.0,90.0,0.0,0.0,0.0,0.0,0.2,0.0,1.0,2.0,1.4,3.8,0.0,1.0,0.17,0.0,0.0,0.0,0.0,0.0,0.17,0.39,0.39,7.9,14379.0,0.0674748293554656,6.0,0.785,0.128,0.087,,0.9762778496425056,0.083613778500418,-5.277553949412095e-10,0,0.0,2.0136826694192416
3730,1,0,12,0,11.3,8,0.05,0.05,0.0,0.0,351,0,0,3.2,18.4,2024-05-04,4,3,0,0,0,0,36,0,292518,0,0,3,2.0,4,-10399,2336,12735,7.7,True,0,,,Arsenal,0,0,0.0,1,,Arsenal,Bournemouth,3,0,22245,2023,658597,0.1192033886909484,1,1,0,0.0,0.1192033886909484,0.1192033886909484,,Arsenal,,,2,5,36,3.4,FWD,0.0,0.05,0.05,0.0,0.0,0.0,0.0,1.0,2.4,1.1,6.0,18.0,0.0,0.0,0.0,0.0,0.0,0.0,0.0,0.0,5.0,1.0,0.0,0.0,0.0,0.0,0.0,0.0,0.0,0.0,0.0,0.4,0.4,6.6,0.67,0.23,0.33,0.1,0.18,0.0,0.0,3.97,9.73,9.8,19.67,58.33,0.0,0.0,0.0,0.0,0.0,0.0,0.67,1.33,1.67,2.67,0.0,1.67,0.14,0.23,0.33,0.33,0.67,0.0,0.14,0.57,0.27,5.23,0.8,0.2,0.38,0.18,0.33,0.0,0.0,4.34,7.48,12.16,23.4,61.8,0.0,0.0,0.0,0.0,0.2,0.0,0.8,1.4,1.0,2.8,0.0,2.4,0.23,0.19,0.4,0.2,0.8,0.0,0.23,0.53,0.19,3.9,-32407.0,-0.690000663525977,4.0,0.785,0.128,0.087,,,0.0149686538324922,0.105278422418972,0,,1.3757098825868848
3765,0,0,2,0,0.7,12,0.0,0.0,0.0,0.0,351,0,0,0.4,1.2,2024-05-04,9,3,0,0,0,0,36,0,468384,0,0,3,2.0,1,-10296,1319,11615,7.6,True,0,,,Arsenal,0,0,0.0,5,,Arsenal,Bournemouth,3,0,22245,2023,658598,0.0,0,0,0,0.0,0.1192033886909484,0.1192033886909484,,Arsenal,,,2,5,36,2.0,MID,0.0,0.0,0.02,0.02,1.23,2.0,0.0,1.5,6.0,0.0,9.0,27.0,0.0,0.0,0.0,0.0,0.0,0.0,0.0,3.0,2.0,1.0,0.0,1.0,0.04,0.0,0.0,0.0,0.0,0.0,0.04,0.0,0.0,1.5,0.0,0.0,0.24,0.24,0.42,0.67,0.0,2.77,5.33,0.93,21.33,21.0,0.0,0.0,0.0,0.0,0.0,0.0,0.0,1.67,2.33,1.0,0.0,1.67,0.32,0.0,0.0,0.0,0.0,0.0,0.32,0.36,0.05,3.17,0.0,0.05,0.2,0.14,0.43,0.8,0.0,2.46,6.04,4.76,13.6,22.4,0.0,0.0,0.0,0.0,0.0,0.0,0.0,2.0,1.4,1.0,0.0,1.0,0.19,0.01,0.0,0.0,0.4,0.0,0.19,0.22,0.03,2.56,-9383.0,-0.7960414411628267,1.0,0.785,0.128,0.087,,,0.0122083228486116,1.159168760977991e-09,0,0.0,1.0610416177205644
3786,0,0,13,0,1.4,330,0.01,0.05,0.04,1.43,358,1,0,2.2,17.4,2024-05-03,90,9,0,0,0,0,36,0,6654,1,1,1,3.0,2,68,325,257,4.4,True,0,330.0,,Luton,0,1,0.0288616567850112,90,DC,Luton,Everton,1,1,22252,2023,658558,0.0,0,0,0,0.0288616567850112,0.3372659385204315,0.308404266834259,12151.0,Luton,Gabriel Osho,Gabriel Osho,2,2,36,0.3,DEF,0.0,0.01,0.01,0.0,1.21,2.0,0.0,2.1,14.8,2.2,4.0,90.0,0.0,0.0,0.0,0.0,0.0,0.0,1.0,1.0,2.0,1.0,0.0,0.0,0.0,0.0,0.0,0.0,0.0,0.0,0.0,0.17,0.17,-0.3,0.0,0.03,0.04,0.01,2.24,2.67,0.0,2.53,16.13,5.77,3.33,86.67,0.0,0.0,0.0,0.0,0.0,0.0,1.0,2.33,1.33,1.0,0.0,0.33,0.01,0.02,0.0,0.0,0.33,0.0,0.01,0.09,0.09,-0.13,0.0,0.02,0.07,0.05,2.57,2.8,0.0,2.86,17.68,5.84,5.0,88.0,0.0,0.0,0.0,0.0,0.2,0.0,1.0,2.0,1.8,0.6,0.0,0.8,0.05,0.02,0.0,0.0,0.4,0.0,0.05,0.08,0.07,1.4,119.0,0.1168384879725085,2.0,0.365,0.263,0.372,,1.7358721799583292,0.0428653924308899,-5.277553949412095e-10,0,0.0,1.3891923530020738
3826,0,0,4,0,11.2,503,0.02,0.05,0.03,0.61,357,0,0,2.7,8.6,2024-05-05,15,11,0,0,0,0,36,0,7048,0,2,4,7.0,1,-22,55,77,4.8,False,0,503.0,,Tottenham Hotspur,0,1,0.0159055851399898,13,Sub,Liverpool,Tottenham Hotspur,4,2,22251,2023,659569,0.0538188032805919,0,1,0,0.0159055851399898,0.0786075443029403,0.0627019628882408,5681.0,Tottenham Hotspur,Giovani Lo Celso,Giovani Lo Celso,3,5,36,1.0,MID,0.0,0.15,0.18,0.03,0.03,0.0,0.0,5.2,13.0,29.7,9.0,4.0,0.0,0.0,0.0,0.0,0.0,0.0,0.0,0.0,2.0,1.0,0.0,1.0,0.05,0.05,0.0,0.0,2.0,0.0,0.05,0.18,0.18,2.0,0.0,0.06,0.08,0.02,0.07,0.33,0.0,2.67,6.33,16.33,4.0,5.0,0.0,0.0,0.0,0.0,0.0,0.0,0.0,1.0,2.67,1.0,0.0,0.67,0.02,0.02,0.0,0.0,0.67,0.0,0.02,0.06,0.06,1.77,0.0,0.04,0.05,0.01,0.07,0.2,0.0,1.96,4.4,12.3,3.0,6.0,0.0,0.0,0.0,0.0,0.0,0.0,0.0,1.0,2.4,1.0,0.0,0.6,0.02,0.02,0.0,0.0,0.6,0.0,0.02,0.05,0.05,1.48,6.0,-0.1666666666666666,1.0,0.641,0.167,0.192,,,0.0561054343069995,0.1069387371190726,0,0.0,1.6013433828922152
3849,0,0,2,0,2.6,679,0.02,0.02,0.0,2.15,360,1,0,0.1,0.0,2024-05-04,82,17,0,0,0,0,36,0,5683,1,3,1,2.0,1,266,373,107,4.4,False,1,679.0,,Nottingham Forest,0,0,0.0,90,,Sheffield United,Nottingham Forest,1,3,22254,2023,658910,0.0,0,0,0,0.0,0.4608651995658874,0.4608651995658874,9897.0,Nottingham Forest,Gonzalo Montiel,Gonzalo Montiel,2,2,36,1.0,DEF,0.0,0.44,0.46,0.02,0.62,1.0,0.0,3.9,8.0,22.2,9.0,55.0,0.0,0.0,0.0,0.0,0.0,0.0,0.0,2.0,0.0,1.0,0.0,1.0,0.03,0.64,0.0,0.0,2.0,0.0,0.03,0.67,0.0,-0.5,0.0,0.15,0.16,0.01,0.21,0.33,0.0,1.43,3.33,7.93,3.0,23.33,0.0,0.0,0.0,0.0,0.0,0.0,0.0,1.33,1.33,1.0,0.0,0.33,0.01,0.21,0.0,0.0,0.67,0.0,0.01,0.24,0.01,0.3,0.0,0.11,0.11,0.0,0.63,1.2,0.0,2.4,13.72,7.56,2.6,49.0,0.0,0.0,0.0,0.0,0.2,0.0,0.4,1.6,1.6,1.4,0.0,0.2,0.01,0.19,0.2,0.2,0.6,0.0,0.01,0.21,0.01,1.34,318.0,0.5541666666666667,1.0,0.2,0.226,0.575,,0.5034134936202306,0.0193353613793885,-5.277553949412095e-10,0,0.0,0.8640121666930649
3888,0,0,28,0,0.0,520,0.0,0.0,0.0,3.22,357,4,0,5.6,56.4,2024-05-05,90,11,0,0,0,0,36,8,889688,1,2,4,0.0,2,-4764,22055,26819,5.3,False,0,520.0,,Tottenham Hotspur,0,0,0.0,90,GK,Liverpool,Tottenham Hotspur,4,2,22251,2023,659558,0.0,0,0,0,0.0,0.5432913899421692,0.5432913899421692,8858.0,Tottenham Hotspur,Guglielmo Vicario,Guglielmo Vicario,3,5,36,1.0,GK,0.0,0.0,0.0,0.0,1.94,2.0,0.0,1.7,16.6,0.0,0.0,90.0,0.0,0.0,0.0,0.0,0.0,2.0,1.0,0.0,2.0,1.0,0.0,0.0,0.0,0.0,0.0,0.0,0.0,0.0,0.0,0.14,0.14,3.0,0.0,0.0,0.0,0.0,1.96,3.0,0.0,1.47,14.47,0.0,0.0,90.0,0.0,0.0,0.0,0.0,0.0,1.33,1.0,1.0,2.67,0.67,0.0,0.0,0.0,0.0,0.0,0.0,0.0,0.0,0.0,0.17,0.17,2.9,0.0,0.0,0.0,0.0,1.72,2.2,0.0,2.2,21.96,0.0,0.0,90.0,0.0,0.0,0.0,0.0,0.0,2.4,1.0,1.0,2.4,1.8,0.0,0.0,0.0,0.0,0.0,0.0,0.0,0.0,0.0,0.13,0.13,3.26,-6602.0,-0.0974751401563203,2.0,0.641,0.167,0.192,7.604843964811408,2.3429880142211914,,,0,0.0,3.364
3925,0,0,15,0,60.3,663,0.16,0.3,0.14,1.49,360,3,0,10.4,30.0,2024-05-04,90,16,0,0,0,0,36,0,22045,1,3,1,14.0,2,1746,3335,1589,4.9,True,0,663.0,,Sheffield United,0,3,0.1149040758609771,90,,Sheffield United,Nottingham Forest,1,3,22254,2023,658902,0.3146574795246124,0,5,0,0.1149040758609771,0.6856410503387451,0.4181407988071441,11839.0,Sheffield United,Gustavo Hamer,Gustavo Hamer,2,2,36,3.3,MID,0.0,0.56,0.56,0.0,2.82,5.0,0.0,10.0,35.0,61.2,4.0,78.0,0.0,0.0,0.0,0.0,0.0,0.0,1.0,1.0,5.0,5.0,0.0,0.0,0.0,0.67,1.0,1.0,5.0,0.0,0.0,0.38,0.16,4.0,0.0,0.28,0.36,0.08,2.44,4.33,0.33,9.17,30.53,49.2,11.67,81.67,0.0,0.0,0.0,0.0,0.0,0.0,1.0,2.33,3.33,5.0,0.33,1.33,0.07,0.37,0.33,0.33,4.0,0.33,0.07,0.61,0.39,6.73,0.0,0.2,0.26,0.06,1.74,3.4,0.2,6.9,24.24,36.0,8.6,85.0,0.0,0.0,0.0,0.0,0.0,0.0,1.0,1.8,2.8,4.4,0.2,1.2,0.05,0.29,0.4,0.4,2.8,0.2,0.05,0.58,0.42,5.44,2082.0,0.3545897644191714,2.0,0.2,0.226,0.575,,,0.1061093024080517,0.4381445184193195,0,0.0,3.844980067298217
4027,0,0,2,0,0.8,465,0.0,0.0,0.0,0.11,360,0,0,0.1,0.0,2024-05-04,7,17,0,0,0,0,36,0,18473,0,3,1,0.0,1,-528,605,1133,4.4,False,0,465.0,,Nottingham Forest,0,0,0.0,1,Sub,Sheffield United,Nottingham Forest,1,3,22254,2023,658923,0.0,0,0,0,0.0,0.0,0.0,10758.0,Nottingham Forest,Harry Toffolo,Harry Toffolo,2,2,36,0.7,DEF,0.0,0.0,0.0,0.0,0.06,0.0,0.0,0.1,1.0,0.0,0.0,7.0,0.0,0.0,0.0,0.0,0.0,0.0,0.0,1.0,3.0,1.0,0.0,0.0,0.0,0.0,0.0,0.0,0.0,0.0,0.0,0.0,0.0,1.2,0.0,0.0,0.0,0.0,0.23,0.33,0.0,0.7,6.53,0.57,0.0,34.33,0.0,0.0,0.0,0.0,0.33,0.0,0.33,1.0,1.67,1.0,0.0,0.0,0.0,0.0,0.0,0.0,0.0,0.0,0.0,0.0,0.0,1.57,0.0,0.01,0.01,0.0,0.64,0.6,0.0,1.28,8.04,3.56,1.2,56.6,0.0,0.0,0.0,0.0,0.2,0.0,0.6,0.8,1.2,1.4,0.0,0.0,0.0,0.06,0.0,0.0,0.2,0.0,0.0,0.09,0.03,1.24,-9362.0,-0.3037974683544304,1.0,0.2,0.226,0.575,,0.1139918493755658,5.515961021274052e-10,-5.277553949412095e-10,0,0.0,0.9430000017263104
4062,0,0,3,0,0.3,288,0.01,0.01,0.0,0.02,352,0,0,0.1,0.2,2024-05-04,1,4,0,0,0,0,36,0,17489,0,0,0,0.0,1,-392,59,451,5.3,False,0,288.0,,Fulham,0,0,0.0,1,Sub,Brentford,Fulham,0,0,22246,2023,658864,0.0,0,0,0,0.0,0.0,0.0,5596.0,Fulham,Harry Wilson,Harry Wilson,2,2,36,1.0,MID,0.0,0.0,0.08,0.08,0.14,1.0,0.0,0.2,0.0,0.3,2.0,5.0,0.0,0.0,0.0,0.0,0.0,0.0,0.0,1.0,1.0,1.0,0.0,1.0,0.03,0.0,0.0,0.0,0.0,0.0,0.03,0.03,0.0,1.0,0.0,0.01,0.05,0.04,0.09,0.67,0.0,0.9,1.53,0.5,7.0,13.33,0.0,0.0,0.0,0.0,0.0,0.0,0.0,2.0,0.67,1.0,0.0,0.67,0.02,0.0,0.0,0.0,0.0,0.0,0.02,0.06,0.04,0.7,0.0,0.04,0.1,0.06,0.28,1.0,0.0,1.22,2.08,4.76,5.4,19.4,0.0,0.0,0.0,0.0,0.0,0.0,0.2,1.6,1.0,1.0,0.0,0.6,0.03,0.01,0.0,0.0,0.2,0.0,0.03,0.06,0.03,0.82,-353.0,-0.7686274509803922,1.0,0.453,0.25,0.297,,,-1.5743444325977407e-09,1.159168760977991e-09,0,0.0,0.9999999956057841
4082,0,0,6,0,11.9,603,0.07,0.27,0.2,0.48,354,1,0,4.1,5.4,2024-05-04,21,6,0,0,0,0,36,0,136192,0,4,1,24.0,1,-2440,2721,5161,6.2,False,0,603.0,,Newcastle United,0,2,0.2289100438356399,15,Sub,Burnley,Newcastle United,1,4,22248,2023,658893,0.4124770760536194,0,1,0,0.2289100438356399,0.670546293258667,0.4416362643241882,6681.0,Newcastle United,Harvey Barnes,Harvey Barnes,3,2,36,3.0,MID,0.0,0.11,0.11,0.0,0.08,0.0,0.0,4.7,21.4,21.4,4.0,24.0,0.0,0.0,0.0,0.0,0.0,0.0,0.0,1.0,5.0,4.0,0.0,0.0,0.0,0.56,1.0,1.0,2.0,0.0,0.0,0.56,0.0,3.0,0.33,0.1,0.17,0.06,0.45,0.33,0.0,3.83,9.27,20.07,8.67,58.33,0.0,0.0,0.0,0.0,0.0,0.0,0.67,0.33,3.67,3.0,0.0,1.0,0.08,0.49,0.33,0.33,1.67,0.0,0.08,0.54,0.0,4.1,0.2,0.18,0.31,0.12,0.57,0.4,0.0,4.88,11.36,21.18,16.0,58.0,0.0,0.0,0.0,0.0,0.0,0.0,0.6,0.6,2.4,3.0,0.0,1.2,0.16,0.53,0.4,0.4,1.8,0.0,0.16,0.73,0.06,4.5,-2373.0,-0.3095660999746257,1.0,0.278,0.237,0.485,,,0.1815599057094739,0.0748629969411764,0,0.0,2.1323885193708985
4117,1,2,47,0,64.4,295,0.74,1.08,0.34,1.05,357,2,1,18.3,71.0,2024-05-05,82,18,0,0,0,0,36,0,28261,1,2,4,48.0,12,-1259,535,1794,4.8,True,0,295.0,,Liverpool,1,4,0.2696261405944824,85,MC,Liverpool,Tottenham Hotspur,4,2,22251,2023,659549,0.4193218350410461,1,5,1,0.2696261405944824,1.7845016717910769,1.2516921758651731,7546.0,Liverpool,Harvey Elliott,Harvey Elliott,3,5,36,4.2,MID,0.0,0.07,0.35,0.28,0.7,2.0,0.0,5.2,9.6,12.1,30.0,90.0,0.0,0.0,0.0,0.0,0.0,0.0,1.0,2.0,2.0,2.0,0.0,4.0,0.53,0.0,0.0,0.0,0.0,0.0,0.53,0.58,0.05,2.8,0.0,0.06,0.25,0.19,0.61,1.0,0.0,4.1,11.93,13.67,15.33,69.0,0.0,0.0,0.0,0.0,0.0,0.0,0.67,1.67,1.67,2.67,0.0,3.0,0.25,0.03,0.33,0.33,0.67,0.0,0.25,0.31,0.05,4.53,0.0,0.05,0.2,0.15,0.44,0.6,0.0,4.14,9.52,10.12,21.6,47.2,0.0,0.0,0.0,0.0,0.0,0.0,0.4,1.6,1.4,2.6,0.0,2.2,0.17,0.02,0.4,0.2,0.4,0.0,0.17,0.28,0.12,3.68,-1148.0,-0.5405753542292829,10.0,0.641,0.167,0.192,,,0.4841682405786962,0.306216865675367,0,1.0,6.339491799919582
4127,0,0,10,0,1.8,167,0.0,0.0,0.0,1.97,354,1,0,0.8,5.8,2024-05-04,45,15,0,0,0,0,36,0,19224,0,4,1,0.0,1,549,1239,690,3.9,True,0,167.0,,Burnley,0,0,0.0,45,Sub,Burnley,Newcastle United,1,4,22248,2023,658877,0.0,0,0,0,0.0,0.0228703189641237,0.0228703189641237,11704.0,Burnley,Hjalmar Ekdal,Hjalmar Ekdal,3,2,36,2.0,DEF,1.0,0.0,0.0,0.0,0.76,0.0,0.0,2.2,21.2,0.8,0.0,66.0,0.0,0.0,0.0,0.0,0.0,0.0,1.0,1.0,1.0,9.0,0.0,0.0,0.0,0.0,0.0,0.0,0.0,0.0,0.0,0.08,0.08,1.7,0.33,0.0,0.01,0.01,1.04,1.67,0.0,1.9,15.67,0.43,3.0,65.33,0.0,0.0,0.0,0.0,0.33,0.0,1.0,1.33,2.0,3.0,0.0,0.33,0.01,0.0,0.0,0.0,0.0,0.0,0.01,0.09,0.09,0.8,0.2,0.0,0.01,0.01,1.02,1.2,0.0,1.52,12.24,0.42,2.6,58.8,0.0,0.0,0.0,0.0,0.2,0.0,0.8,1.2,1.6,2.4,0.0,0.4,0.02,0.0,0.0,0.0,0.0,0.0,0.02,0.08,0.08,0.56,5021.0,0.2846034214618974,1.0,0.278,0.237,0.485,,0.8361715779014767,5.515961021274052e-10,-5.277553949412095e-10,0,0.0,1.5820000017263107
4148,0,0,9,0,11.7,548,0.25,0.25,0.0,2.67,359,4,0,2.2,6.4,2024-05-04,70,13,0,0,0,0,36,0,10605,1,1,5,4.0,0,-104,56,160,4.4,False,0,,,Wolverhampton Wanderers,0,0,0.0,78,,Manchester City,Wolverhampton Wanderers,5,1,22253,2023,659069,0.1362167000770568,0,1,0,0.0,0.1362167000770568,0.0,,Wolverhampton Wanderers,,,2,5,36,-0.4,DEF,0.0,0.0,0.0,0.0,0.07,0.0,0.0,0.0,0.0,0.3,0.0,5.0,0.0,0.0,0.0,0.0,0.0,0.0,0.0,1.0,2.0,1.0,0.0,0.0,0.0,0.0,0.0,0.0,0.0,0.0,0.0,0.0,0.0,1.3,0.0,0.0,0.01,0.01,0.55,0.67,0.0,0.73,5.2,1.83,0.33,42.0,0.0,0.0,0.0,0.0,0.0,0.0,0.33,1.67,1.33,1.0,0.0,0.33,0.01,0.0,0.0,0.0,0.0,0.0,0.01,0.02,0.01,1.17,0.0,0.0,0.01,0.0,0.5,0.6,0.0,0.88,6.52,2.2,0.2,39.2,0.0,0.0,0.0,0.0,0.0,0.0,0.4,1.6,1.2,1.2,0.0,0.2,0.01,0.0,0.0,0.0,0.0,0.0,0.01,0.02,0.01,1.2,-83.0,-0.4814814814814814,0.0,0.876,0.079,0.045,,0.2959463334867942,0.0255094636558135,0.0457709771370689,0,0.0,1.1423697133460877
4176,0,0,21,0,5.1,557,0.01,0.16,0.15,3.29,359,5,1,5.7,33.2,2024-05-04,86,13,0,0,0,0,36,0,211298,1,1,5,19.0,7,-11489,2736,14225,5.4,False,0,,,Wolverhampton Wanderers,1,1,0.2606700956821441,90,,Manchester City,Wolverhampton Wanderers,5,1,22253,2023,659074,0.0,0,0,1,0.2606700956821441,0.396886795759201,0.1362167000770568,,Wolverhampton Wanderers,,,2,5,36,2.2,MID,0.0,0.04,0.27,0.23,0.59,1.0,1.0,9.5,39.2,10.8,45.0,90.0,0.0,0.0,0.0,0.0,1.0,0.0,1.0,1.0,2.0,6.0,1.0,3.0,0.38,0.06,0.0,0.0,1.0,1.0,0.38,0.46,0.02,2.3,0.0,0.13,0.26,0.13,1.0,1.0,0.33,5.3,16.13,8.93,28.0,76.67,0.0,0.0,0.0,0.0,0.67,0.0,1.0,1.33,0.67,2.67,0.33,1.67,0.16,0.03,0.0,0.0,0.67,0.33,0.16,0.18,0.04,0.77,0.2,0.09,0.19,0.11,0.77,0.6,0.2,3.58,9.72,6.46,19.8,69.2,0.0,0.0,0.0,0.0,0.4,0.0,0.8,1.2,1.0,2.4,0.2,1.2,0.12,0.02,0.0,0.0,0.4,0.2,0.12,0.17,0.06,0.5,-11089.0,-0.6773775131183303,7.0,0.876,0.079,0.045,,,0.1303819096055769,1.159168760977991e-09,1,0.0,1.651909551505391
4257,0,0,11,0,13.5,254,0.01,0.01,0.0,0.71,358,1,0,2.6,12.6,2024-05-03,79,12,0,0,0,0,36,0,5547,1,1,1,0.0,1,1586,1765,179,4.8,False,1,254.0,,Everton,0,0,0.0,86,MC,Luton,Everton,1,1,22252,2023,658576,0.0270914305001497,0,1,0,0.0,0.0270914305001497,0.0,668.0,Everton,Idrissa Gueye,Idrissa Gueye,2,2,36,5.5,MID,1.0,0.07,0.13,0.06,0.74,0.0,1.0,6.2,35.6,6.7,20.0,77.0,0.0,0.0,0.0,0.0,0.0,0.0,1.0,0.0,1.0,10.0,1.0,2.0,0.29,0.0,0.0,0.0,0.0,1.0,0.29,0.38,0.38,4.8,1.0,0.03,0.07,0.04,1.13,0.0,0.67,5.6,34.4,7.07,14.67,80.33,0.0,0.0,0.0,0.0,0.0,0.0,1.0,0.0,1.67,8.0,0.67,1.33,0.13,0.03,0.0,0.0,0.33,0.67,0.13,0.25,0.19,4.07,0.6,0.02,0.05,0.03,1.29,0.2,0.4,3.9,25.48,4.88,8.8,74.0,0.0,0.0,0.0,0.0,0.0,0.0,1.0,0.4,1.4,5.4,0.4,0.8,0.08,0.02,0.0,0.0,0.2,0.4,0.08,0.19,0.16,2.58,1697.0,0.815843621399177,1.0,0.365,0.263,0.372,,,-1.5743444325977407e-09,0.0546583941885876,1,0.0,1.1639751746940408
4280,0,0,25,1,4.7,606,0.01,0.01,0.0,0.06,353,0,0,1.6,11.4,2024-05-05,90,2,0,0,0,0,36,0,12645,1,0,1,0.0,6,864,1235,371,4.3,True,0,,,Brighton and Hove Albion,0,0,0.0,90,,Brighton and Hove Albion,Aston Villa,1,0,22247,2023,659391,0.0,0,0,0,0.0,1.0125682353973389,1.0125682353973389,,Brighton and Hove Albion,,,3,3,36,2.0,DEF,0.0,0.01,0.11,0.1,1.99,2.0,0.0,1.3,8.0,0.7,4.0,73.0,0.0,0.0,0.0,0.0,0.0,0.0,1.0,0.0,3.0,1.0,0.0,1.0,0.08,0.0,0.0,0.0,0.0,0.0,0.08,0.22,0.22,2.0,0.0,0.05,0.08,0.03,1.35,1.33,0.0,1.97,9.67,7.77,2.0,61.33,0.0,0.0,0.0,0.0,0.0,0.0,0.33,1.67,1.33,1.33,0.0,0.33,0.03,0.13,0.0,0.0,0.67,0.0,0.03,0.28,0.26,1.77,0.2,0.04,0.07,0.03,0.92,0.8,0.0,1.84,9.96,6.46,1.8,57.6,0.0,0.0,0.0,0.0,0.0,0.0,0.4,1.0,1.0,2.2,0.0,0.6,0.02,0.08,0.0,0.0,0.4,0.0,0.02,0.25,0.23,1.68,913.0,0.5379825653798257,6.0,0.35,0.257,0.393,,1.1093300708928364,5.515961021274052e-10,-5.277553949412095e-10,0,0.0,1.4450000017263105
4318,0,0,17,0,0.5,89,0.01,0.01,0.0,3.98,351,3,0,2.5,24.8,2024-05-04,90,1,0,0,0,0,36,0,282251,1,0,3,0.0,1,-40835,1133,41968,4.5,False,0,89.0,,Bournemouth,0,0,0.0,90,DC,Arsenal,Bournemouth,3,0,22245,2023,658602,0.0,0,0,0,0.0,0.0,0.0,11486.0,Bournemouth,Illia Zabarnyi,Illia Zabarnyi,2,5,36,0.8,DEF,1.0,0.01,0.01,0.0,0.54,0.0,0.0,3.0,19.8,10.3,0.0,90.0,0.0,0.0,0.0,0.0,0.0,0.0,1.0,1.0,0.0,7.0,0.0,0.0,0.0,0.07,0.0,0.0,1.0,0.0,0.0,0.19,0.11,5.5,0.33,0.01,0.01,0.0,1.36,1.67,0.0,2.6,21.4,3.93,0.67,90.0,0.0,0.0,0.0,0.0,0.33,0.0,1.0,1.33,1.67,2.67,0.0,0.0,0.0,0.02,0.0,0.0,0.33,0.0,0.0,0.26,0.24,4.6,0.4,0.01,0.01,0.0,1.12,1.4,0.0,2.14,18.08,2.82,0.4,90.0,0.0,0.0,0.0,0.0,0.2,0.0,1.0,1.0,1.6,3.2,0.0,0.0,0.0,0.01,0.0,0.0,0.2,0.0,0.0,0.17,0.15,4.42,-152926.0,-0.947425813786223,1.0,0.785,0.128,0.087,,1.1638889099725986,5.515961021274052e-10,-5.277553949412095e-10,0,0.0,1.4180000017263108
4339,0,0,26,1,0.9,271,0.01,0.01,0.0,0.63,352,0,0,2.9,28.0,2024-05-04,90,4,0,0,0,0,36,0,45014,1,0,0,0.0,6,19,190,171,4.4,False,0,271.0,,Fulham,0,0,0.0,90,DC,Brentford,Fulham,0,0,22246,2023,658851,0.0,0,0,0,0.0,0.1463333517313003,0.1463333517313003,3203.0,Fulham,Issa Diop,Issa Diop,2,2,36,2.0,DEF,0.0,0.01,0.09,0.08,1.01,1.0,0.0,3.1,26.6,0.5,4.0,90.0,0.0,0.0,0.0,0.0,0.0,0.0,1.0,1.0,1.0,2.0,0.0,1.0,0.07,0.0,0.0,0.0,0.0,0.0,0.07,0.05,0.05,0.5,0.0,0.0,0.04,0.04,1.2,1.33,0.0,2.0,16.73,0.37,2.67,63.0,0.0,0.0,0.0,0.0,0.0,0.0,0.67,1.67,1.0,1.33,0.0,0.67,0.04,0.0,0.0,0.0,0.0,0.0,0.04,0.05,0.05,1.0,0.2,0.01,0.03,0.02,1.28,1.0,0.0,2.46,22.4,0.38,1.6,70.6,0.0,0.0,0.0,0.0,0.0,0.0,0.8,1.2,1.2,2.6,0.0,0.4,0.02,0.0,0.0,0.0,0.0,0.0,0.02,0.04,0.04,1.5,85.0,0.0526315789473684,6.0,0.453,0.25,0.297,,1.4475116020127836,5.515961021274052e-10,-5.277553949412095e-10,0,0.0,1.2760000017263107
4384,0,0,9,1,13.8,117,0.02,0.07,0.05,1.19,352,0,0,4.7,11.0,2024-05-04,90,10,0,0,0,0,36,0,511757,1,0,0,22.0,2,-39513,13814,53327,7.8,True,0,117.0,,Brentford,0,2,0.033504769206047,90,FW,Brentford,Fulham,0,0,22246,2023,658842,0.1025624722242355,0,1,0,0.033504769206047,0.1025624722242355,0.0,998.0,Brentford,Ivan Toney,Ivan Toney,2,2,36,1.0,FWD,0.0,0.04,0.52,0.48,0.77,1.0,0.0,6.6,11.4,2.9,52.0,90.0,0.0,0.0,0.0,0.0,0.0,0.0,1.0,0.0,1.0,2.0,0.0,3.0,0.55,0.0,0.0,0.0,0.0,0.0,0.55,0.5,0.0,0.8,0.33,0.12,0.4,0.28,0.74,0.33,0.0,3.77,6.47,7.27,24.0,63.0,0.0,0.0,0.0,0.0,0.0,0.0,0.67,1.0,1.33,1.67,0.0,1.67,0.25,0.02,0.0,0.0,0.33,0.0,0.25,0.29,0.05,1.67,0.2,0.14,0.5,0.36,1.08,0.8,0.0,5.04,6.64,11.28,32.6,73.8,0.0,0.0,0.0,0.0,0.2,0.0,0.8,1.0,1.4,2.2,0.0,3.4,0.4,0.2,0.2,0.2,0.8,0.0,0.4,0.41,0.05,1.92,-34150.0,-0.5885077672361151,2.0,0.453,0.25,0.297,,,0.1623951691745857,0.0671008753286634,0,,2.850883302684333
4419,0,0,3,0,1.9,354,0.01,0.01,0.0,0.0,359,0,0,0.2,0.4,2024-05-04,10,20,0,0,0,0,36,0,167975,0,1,5,0.0,1,113,1618,1505,7.2,True,0,354.0,,Manchester City,0,0,0.0,3,Sub,Manchester City,Wolverhampton Wanderers,5,1,22253,2023,659063,0.0,0,0,0,0.0,0.6315119862556458,0.6315119862556458,675.0,Manchester City,Jack Grealish,Jack Grealish,2,5,36,2.2,MID,1.0,0.06,0.06,0.0,1.53,0.0,0.0,2.7,2.6,16.6,8.0,61.0,0.0,0.0,0.0,0.0,0.0,0.0,1.0,2.0,0.0,3.0,0.0,0.0,0.0,0.07,0.0,0.0,1.0,0.0,0.0,0.1,0.03,2.4,0.33,0.08,0.11,0.04,0.97,0.67,0.0,2.17,1.27,13.6,7.0,56.33,0.0,0.0,0.0,0.0,0.0,0.0,0.67,3.33,0.67,2.0,0.0,1.0,0.05,0.03,0.0,0.0,0.67,0.0,0.05,0.34,0.29,2.13,0.2,0.12,0.17,0.05,0.76,0.6,0.0,3.88,4.64,20.18,14.2,57.6,0.0,0.0,0.0,0.0,0.2,0.0,0.6,2.2,1.2,1.6,0.0,1.2,0.07,0.07,0.0,0.0,1.2,0.0,0.07,0.59,0.48,1.58,559.0,0.0361831572206211,1.0,0.876,0.079,0.045,,,-1.5743444325977407e-09,1.159168760977991e-09,0,0.0,0.9999999956057841
4448,0,0,16,0,30.4,661,0.43,0.49,0.06,0.96,358,1,0,7.0,25.6,2024-05-03,90,12,0,0,0,0,36,0,13865,1,1,1,14.0,2,92,661,569,5.5,False,0,661.0,,Everton,0,3,0.0617639608681201,90,,Luton,Everton,1,1,22252,2023,658575,0.121875062584877,0,2,0,0.0617639608681201,0.2183970361948013,0.1363003849983215,8720.0,Everton,Jack Harrison,Jack Harrison,2,2,36,2.7,MID,1.0,0.24,0.39,0.15,0.84,0.0,0.0,2.8,7.0,2.5,18.0,90.0,0.0,0.0,0.0,0.0,0.0,0.0,1.0,0.0,1.0,3.0,0.0,4.0,0.2,0.0,0.0,0.0,0.0,0.0,0.2,0.17,0.0,2.0,1.0,0.12,0.21,0.09,1.25,0.0,0.0,4.8,15.6,19.3,13.0,90.0,0.0,0.0,0.0,0.0,0.33,0.0,1.0,0.0,1.67,2.67,0.0,1.67,0.09,0.1,0.0,0.0,1.67,0.0,0.09,0.2,0.05,2.33,0.6,0.08,0.14,0.06,1.07,0.4,0.0,3.06,10.08,12.22,8.2,64.4,0.0,0.0,0.0,0.0,0.2,0.0,0.6,0.0,2.4,2.0,0.0,1.2,0.06,0.06,0.0,0.0,1.0,0.0,0.06,0.12,0.03,1.94,248.0,0.0747967479674796,2.0,0.365,0.263,0.372,,,0.0902224924256795,0.1881261467298907,0,0.0,3.01549090231807
4492,0,0,10,0,12.8,576,0.04,0.11,0.07,1.49,360,3,0,3.1,9.6,2024-05-04,90,16,0,0,0,0,36,0,9120,1,3,1,9.0,1,89,220,131,4.3,True,0,576.0,,Sheffield United,0,2,0.0819463357329368,90,DC,Sheffield United,Nottingham Forest,1,3,22254,2023,658899,0.0510632805526256,0,1,0,0.0819463357329368,0.3508412837982178,0.2178316563367843,8286.0,Sheffield United,Jack Robinson,Jack Robinson,2,2,36,-0.1,DEF,0.0,0.0,0.0,0.0,0.73,1.0,0.0,0.2,1.8,0.6,0.0,23.0,0.0,0.0,0.0,0.0,0.0,0.0,0.0,1.0,5.0,1.0,0.0,0.0,0.0,0.0,0.0,0.0,0.0,0.0,0.0,0.0,0.0,-0.1,0.0,0.01,0.02,0.01,0.92,2.0,0.0,2.07,7.67,1.87,11.33,67.67,0.0,0.0,0.0,0.0,0.33,0.0,0.67,1.33,3.33,0.67,0.0,0.67,0.02,0.0,0.0,0.0,0.0,0.0,0.02,0.21,0.21,1.2,0.0,0.01,0.05,0.04,1.49,2.2,0.2,4.28,23.8,5.34,13.8,76.6,0.0,0.0,0.0,0.0,0.2,0.0,0.8,1.8,3.0,2.0,0.2,0.6,0.12,0.03,0.0,0.0,0.4,0.2,0.12,0.17,0.14,1.28,119.0,0.2535612535612536,1.0,0.2,0.226,0.575,,1.5701531326370484,0.0525528306303308,0.0601266727274618,0,0.0,1.7106970019643701
4543,0,0,5,0,25.3,608,0.04,0.14,0.1,3.12,354,4,0,6.6,17.6,2024-05-04,61,15,0,0,0,0,36,0,7624,1,4,1,23.0,2,700,1741,1041,4.8,True,0,608.0,,Burnley,0,3,0.3805470168590545,68,AML,Burnley,Newcastle United,1,4,22248,2023,658874,0.0183953512459993,0,1,0,0.3805470168590545,0.4093649685382843,0.0288179330527782,5355.0,Burnley,Jacob Bruun Larsen,Jacob Bruun Larsen,3,2,36,2.7,MID,1.0,0.05,0.18,0.13,1.86,0.0,0.0,5.0,9.0,17.1,24.0,71.0,0.0,0.0,0.0,0.0,0.0,0.0,1.0,1.0,1.0,3.0,0.0,3.0,0.13,0.04,0.0,0.0,1.0,0.0,0.13,0.12,0.0,2.7,0.33,0.06,0.33,0.27,1.47,0.67,0.33,5.77,17.87,17.13,22.67,71.33,0.0,0.0,0.0,0.0,0.0,0.0,1.0,2.0,1.0,3.67,0.33,2.0,0.41,0.04,0.0,0.0,1.0,0.33,0.41,0.63,0.22,3.4,0.2,0.05,0.32,0.27,1.14,0.8,0.4,6.2,20.96,18.0,23.0,70.8,0.0,0.0,0.0,0.0,0.0,0.0,1.0,1.4,1.0,4.6,0.4,1.8,0.39,0.04,0.0,0.0,1.0,0.4,0.39,0.54,0.15,4.0,834.0,0.2516175413371675,2.0,0.278,0.237,0.485,,,0.1436184665657738,0.2171200497121606,0,1.0,4.36945248196535
4563,2,1,35,1,68.6,423,0.95,1.06,0.11,0.6,354,0,0,13.2,48.2,2024-05-04,68,6,0,0,0,0,36,0,11754,1,4,1,15.0,10,533,839,306,4.8,False,0,423.0,,Newcastle United,0,2,0.1300962120294571,75,MR,Burnley,Newcastle United,1,4,22248,2023,658885,1.353281021118164,2,6,0,0.1300962120294571,1.5245277881622314,0.403297871351242,6063.0,Newcastle United,Jacob Murphy,Jacob Murphy,3,2,36,5.5,MID,0.0,0.43,0.49,0.06,1.39,1.0,0.0,9.7,32.8,57.1,7.0,65.0,0.0,0.0,0.0,0.0,0.0,0.0,1.0,1.0,5.0,5.0,0.0,1.0,0.03,0.48,1.0,1.0,4.0,0.0,0.03,0.82,0.59,3.7,0.33,0.16,0.18,0.02,0.89,0.67,0.0,4.17,14.87,24.57,2.33,68.67,0.0,0.0,0.0,0.0,0.0,0.0,1.0,0.33,3.67,3.33,0.0,0.33,0.01,0.17,0.33,0.33,1.67,0.0,0.01,0.28,0.2,2.7,0.4,0.12,0.18,0.06,1.06,0.6,0.0,3.88,10.28,20.06,8.6,72.0,0.0,0.0,0.0,0.0,0.0,0.0,1.0,0.6,2.4,3.0,0.0,1.0,0.1,0.12,0.2,0.2,1.2,0.0,0.1,0.29,0.15,2.92,601.0,0.4655021834061135,9.0,0.278,0.237,0.485,,,0.1431067919910298,0.4491458423534071,0,1.0,5.06297148701537
4600,0,0,3,0,2.4,239,0.03,0.03,0.0,0.0,356,0,0,0.6,4.0,2024-05-06,22,14,0,0,0,0,36,0,6211,0,0,4,0.0,1,-13,80,93,4.3,True,0,239.0,,Crystal Palace,0,0,0.0,19,Sub,Crystal Palace,Manchester United,4,0,22250,2023,660050,0.0,0,0,0,0.0,0.0396599769592285,0.0396599769592285,6027.0,Crystal Palace,Jairo Riedewald,Jairo Riedewald,3,2,36,0.8,MID,0.0,0.0,0.0,0.0,0.32,0.0,0.0,0.3,2.4,0.4,0.0,7.0,0.0,0.0,0.0,0.0,0.0,0.0,0.0,0.0,2.0,1.0,0.0,0.0,0.0,0.0,0.0,0.0,0.0,0.0,0.0,0.06,0.06,1.0,0.0,0.0,0.01,0.01,0.3,0.33,0.0,0.53,3.47,0.37,1.33,9.67,0.0,0.0,0.0,0.0,0.0,0.0,0.0,1.0,2.33,1.0,0.0,0.33,0.02,0.0,0.0,0.0,0.0,0.0,0.02,0.04,0.02,0.6,0.0,0.0,0.01,0.01,0.53,0.6,0.0,0.42,2.28,0.56,1.2,23.4,0.0,0.0,0.0,0.0,0.0,0.0,0.2,1.2,2.0,1.2,0.0,0.2,0.01,0.0,0.0,0.0,0.0,0.0,0.01,0.17,0.16,0.32,-95.0,-0.0751445086705202,1.0,0.402,0.255,0.342,,,-1.5743444325977407e-09,1.159168760977991e-09,1,0.0,-4.39421588005473e-09
4636,0,0,4,0,0.5,144,0.0,0.0,0.0,0.0,353,0,0,0.2,1.2,2024-05-05,2,2,0,0,0,0,36,0,6630,0,0,1,0.0,1,-15,64,79,4.4,True,0,144.0,,Brighton and Hove Albion,0,0,0.0,1,Sub,Brighton and Hove Albion,Aston Villa,1,0,22247,2023,659401,0.0,0,0,0,0.0,0.0485543310642242,0.0485543310642242,9284.0,Brighton and Hove Albion,Jakub Moder,Jakub Moder,3,3,36,0.5,MID,0.0,0.0,0.0,0.0,0.88,3.0,0.0,1.1,8.4,2.3,0.0,55.0,0.0,0.0,0.0,0.0,0.0,0.0,1.0,4.0,0.0,1.0,0.0,0.0,0.0,0.0,0.0,0.0,0.0,0.0,0.0,0.0,0.0,0.6,0.0,0.01,0.05,0.04,1.68,2.0,0.0,2.03,6.33,6.7,7.67,64.33,0.0,0.0,0.0,0.0,0.0,0.0,1.0,2.67,0.33,1.67,0.0,1.0,0.04,0.02,0.0,0.0,0.33,0.0,0.04,0.14,0.13,1.23,0.0,0.01,0.04,0.04,1.52,1.6,0.0,1.76,7.48,4.28,6.0,55.8,0.0,0.0,0.0,0.0,0.0,0.0,0.8,1.8,0.6,1.6,0.0,1.0,0.05,0.01,0.0,0.0,0.2,0.0,0.05,0.1,0.08,1.32,-49.0,-0.1048951048951049,1.0,0.35,0.257,0.393,,,-1.5743444325977407e-09,1.159168760977991e-09,1,0.0,0.9999999956057841
4689,0,0,-1,0,13.7,250,0.01,0.14,0.13,0.56,358,1,0,2.8,3.8,2024-05-03,54,12,0,0,0,0,36,0,9187,1,1,1,10.0,0,21,219,198,4.9,False,1,250.0,,Everton,0,2,0.0743545070290565,61,MC,Luton,Everton,1,1,22252,2023,658577,0.023149337619543,0,1,0,0.0743545070290565,0.0694242194294929,0.0,7438.0,Everton,James Garner,James Garner,2,2,36,1.9,MID,1.0,0.04,0.11,0.07,0.84,0.0,0.0,4.4,10.8,24.8,8.0,90.0,0.0,0.0,0.0,0.0,0.0,0.0,1.0,0.0,1.0,3.0,0.0,2.0,0.06,0.04,0.0,0.0,2.0,0.0,0.06,0.17,0.14,2.0,0.67,0.01,0.04,0.02,1.01,0.0,0.0,1.93,7.93,8.6,2.67,67.67,0.0,0.0,0.0,0.0,0.0,0.0,0.67,0.0,1.67,2.33,0.0,0.67,0.02,0.01,0.0,0.0,0.67,0.0,0.02,0.06,0.05,2.6,0.6,0.02,0.04,0.01,0.97,0.8,0.0,2.02,7.4,10.76,2.0,67.6,0.0,0.0,0.0,0.0,0.2,0.0,0.8,0.0,2.4,2.0,0.0,0.4,0.01,0.02,0.0,0.0,0.8,0.0,0.01,0.27,0.26,2.28,55.0,0.0503597122302158,0.0,0.365,0.263,0.372,,,0.1237609996966382,0.0711994396181465,0,0.0,2.8324033173376306
4721,0,0,2,0,0.9,504,0.02,0.2,0.18,0.67,357,0,0,1.9,4.0,2024-05-05,29,11,0,0,0,0,36,0,1087761,0,2,4,14.0,1,-44783,7399,52182,7.8,False,0,504.0,,Tottenham Hotspur,0,3,0.1409904211759567,27,Sub,Liverpool,Tottenham Hotspur,4,2,22251,2023,659571,0.0,0,0,0,0.1409904211759567,0.0425855554640293,0.0159055851399898,6818.0,Tottenham Hotspur,James Maddison,James Maddison,3,5,36,1.2,MID,0.0,0.03,0.08,0.05,0.29,1.0,0.0,2.5,4.6,13.3,7.0,27.0,0.0,0.0,0.0,0.0,0.0,0.0,0.0,0.0,2.0,1.0,0.0,2.0,0.05,0.02,0.0,0.0,1.0,0.0,0.05,0.07,0.05,3.0,0.0,0.16,0.21,0.05,1.31,2.33,0.0,4.83,8.33,28.37,11.33,56.67,0.0,0.0,0.0,0.0,0.33,0.0,0.67,1.0,2.67,1.33,0.0,1.67,0.04,0.24,0.0,0.0,2.0,0.0,0.04,0.14,0.07,2.77,0.0,0.15,0.22,0.07,1.27,1.8,0.0,5.38,9.24,29.1,15.4,62.8,0.0,0.0,0.0,0.0,0.2,0.0,0.8,1.0,2.4,1.6,0.0,1.8,0.07,0.2,0.0,0.0,2.0,0.0,0.07,0.52,0.4,3.3,-48275.0,-0.7516322317517329,1.0,0.641,0.167,0.192,,,0.1174126789463081,1.159168760977991e-09,0,0.0,1.5870633982090467
4755,0,0,2,0,0.6,360,0.01,0.01,0.0,0.39,360,0,0,0.1,0.4,2024-05-04,24,16,0,0,0,0,36,0,52644,0,3,1,0.0,1,-3873,229,4102,4.4,True,0,360.0,,Sheffield United,0,0,0.0,17,Sub,Sheffield United,Nottingham Forest,1,3,22254,2023,658908,0.0,0,0,0,0.0,0.0,0.0,10126.0,Manchester City,James McAtee,James McAtee,2,2,36,1.1,MID,0.0,0.0,0.0,0.0,0.74,2.0,0.0,0.0,0.2,0.2,0.0,24.0,0.0,0.0,0.0,0.0,0.0,0.0,0.0,2.0,4.0,1.0,0.0,0.0,0.0,0.0,0.0,0.0,0.0,0.0,0.0,0.0,0.0,3.1,0.0,0.23,0.28,0.05,1.09,2.67,0.0,4.9,14.6,21.53,13.0,49.0,0.0,0.0,0.0,0.0,0.0,0.0,0.33,2.0,2.33,2.33,0.0,1.0,0.05,0.26,0.33,0.33,1.67,0.0,0.05,0.38,0.12,2.3,0.0,0.16,0.28,0.12,0.82,1.8,0.0,4.78,11.92,20.8,15.2,44.6,0.0,0.0,0.0,0.0,0.0,0.0,0.4,1.8,2.4,2.0,0.0,0.8,0.14,0.17,0.2,0.2,1.6,0.0,0.14,0.35,0.07,1.58,-11617.0,-0.8942507504040638,1.0,0.2,0.226,0.575,,,-1.5743444325977407e-09,1.159168760977991e-09,0,0.0,0.9999999956057841
4810,0,0,16,0,11.4,265,0.02,0.13,0.11,0.96,358,1,0,4.8,23.4,2024-05-03,90,12,0,0,0,0,36,0,609200,1,1,1,13.0,2,45919,58727,12808,4.6,False,0,265.0,,Everton,0,1,0.0933059304952621,90,DC,Luton,Everton,1,1,22252,2023,658572,0.0280796233564615,0,1,0,0.0933059304952621,0.023149337619543,0.023149337619543,1665.0,Everton,James Tarkowski,James Tarkowski,2,2,36,4.1,DEF,1.0,0.01,0.07,0.06,0.84,0.0,0.0,3.4,25.8,1.2,7.0,90.0,0.0,0.0,0.0,0.0,1.0,0.0,1.0,0.0,1.0,5.0,0.0,1.0,0.04,0.0,0.0,0.0,0.0,0.0,0.04,0.13,0.09,4.2,1.0,0.03,0.06,0.03,1.25,0.0,0.0,4.07,26.0,3.97,10.67,90.0,0.0,0.0,0.0,0.0,0.33,0.0,1.0,0.0,1.67,6.0,0.0,0.67,0.02,0.12,0.0,0.0,0.33,0.0,0.02,0.07,0.06,4.8,0.8,0.03,0.05,0.02,1.43,1.2,0.0,3.0,20.12,2.62,7.2,90.0,0.0,0.0,0.0,0.0,0.6,0.0,1.0,0.0,2.4,4.2,0.0,0.4,0.01,0.07,0.0,0.0,0.2,0.0,0.01,0.08,0.07,3.54,48252.0,0.6419095547634025,2.0,0.365,0.263,0.372,,1.1785080220470197,0.1279305542341333,0.0764144207889758,0,0.0,2.407826587771727
4879,0,0,13,0,30.3,664,0.07,0.18,0.11,2.13,355,2,0,5.5,16.8,2024-05-05,45,7,0,0,0,0,36,0,607944,0,0,5,8.0,1,-17875,1400,19275,5.8,False,0,664.0,,West Ham United,0,2,0.095364786684513,41,,Chelsea,West Ham United,5,0,22249,2023,659353,0.0888966247439384,0,2,0,0.095364786684513,0.3818864822387695,0.3818864822387695,843.0,West Ham United,James Ward-Prowse,James Ward-Prowse,2,3,36,1.5,MID,0.0,0.03,0.03,0.0,0.26,0.0,0.0,1.2,1.6,10.7,0.0,16.0,0.0,0.0,0.0,0.0,0.0,0.0,0.0,2.0,2.0,1.0,0.0,0.0,0.0,0.07,0.0,0.0,1.0,0.0,0.0,0.35,0.35,3.3,0.0,0.15,0.18,0.03,1.55,2.0,0.0,3.97,10.53,25.47,3.67,58.0,0.0,0.0,0.0,0.0,0.0,0.0,0.67,2.0,2.33,1.67,0.0,0.67,0.08,0.38,0.0,0.0,1.67,0.0,0.08,0.2,0.12,3.43,0.0,0.1,0.16,0.06,1.42,1.6,0.2,4.66,17.8,22.14,6.8,70.8,0.0,0.0,0.0,0.0,0.0,0.0,0.8,1.8,1.8,3.4,0.2,1.6,0.09,0.32,0.0,0.0,1.4,0.2,0.09,0.24,0.09,2.9,-16776.0,-0.8645707376058042,1.0,0.577,0.212,0.212,,,0.0681843599732285,0.1455939830369874,0,0.0,1.7777037489771046
4927,0,0,19,0,0.8,626,0.01,0.01,0.0,1.16,357,2,0,1.9,16.4,2024-05-05,90,18,0,0,0,0,36,0,30853,1,2,4,2.0,1,155,1796,1641,4.0,True,0,626.0,,Liverpool,0,0,0.0,90,DC,Liverpool,Tottenham Hotspur,4,2,22251,2023,659545,0.0,0,0,0,0.0,0.1334962397813797,0.1334962397813797,10187.0,Liverpool,Jarell Quansah,Jarell Quansah,3,5,36,1.0,DEF,0.0,0.02,0.02,0.0,0.66,2.0,0.0,2.5,23.0,2.0,0.0,90.0,0.0,0.0,0.0,0.0,0.0,0.0,1.0,2.0,2.0,1.0,0.0,0.0,0.0,0.0,0.0,0.0,0.0,0.0,0.0,0.52,0.52,1.3,0.0,0.01,0.01,0.0,0.6,1.0,0.0,2.27,16.8,5.87,0.0,69.0,0.0,0.0,0.0,0.0,0.0,0.0,0.67,1.67,1.67,1.33,0.0,0.0,0.0,0.01,0.0,0.0,0.33,0.0,0.0,0.28,0.28,2.43,0.0,0.02,0.02,0.0,0.59,1.2,0.0,2.38,16.56,6.8,0.4,77.4,0.0,0.0,0.0,0.0,0.0,0.0,0.8,1.6,1.8,1.4,0.0,0.0,0.0,0.01,0.0,0.0,0.4,0.0,0.0,0.55,0.55,2.16,304.0,0.0450974687227233,1.0,0.641,0.167,0.192,,1.6839803124534458,0.0002562545796476,-5.277553949412095e-10,0,0.0,1.1595375258946192
4962,1,0,22,0,11.2,245,0.17,0.17,0.0,0.96,358,1,0,4.0,24.8,2024-05-03,90,12,0,0,0,0,36,0,1082140,1,1,1,4.0,5,231595,245618,14023,4.4,False,0,245.0,,Everton,0,0,0.0,90,DC,Luton,Everton,1,1,22252,2023,658573,0.0933059304952621,0,1,0,0.0,0.0,0.0,8476.0,Everton,Jarrad Branthwaite,Jarrad Branthwaite,2,2,36,6.5,DEF,1.0,0.02,0.02,0.0,0.84,0.0,0.0,2.4,17.0,0.6,6.0,90.0,0.0,0.0,0.0,0.0,0.0,0.0,1.0,0.0,1.0,6.0,0.0,0.0,0.0,0.0,0.0,0.0,0.0,0.0,0.0,0.04,0.04,6.2,1.0,0.01,0.07,0.06,1.25,0.0,0.33,4.87,36.73,0.43,11.33,90.0,0.0,0.0,0.0,0.0,0.33,0.0,1.0,0.0,1.67,8.67,0.33,1.0,0.18,0.0,0.0,0.0,0.0,0.33,0.18,0.07,0.07,6.53,0.8,0.02,0.07,0.06,1.19,0.8,0.2,3.62,25.52,1.04,9.6,83.2,0.0,0.0,0.0,0.0,0.2,0.0,1.0,0.0,2.4,6.2,0.2,1.2,0.12,0.0,0.0,0.0,0.0,0.2,0.12,0.06,0.06,4.92,236645.0,0.8919816207763797,5.0,0.365,0.263,0.372,,0.8833551079089683,0.0127645736379424,0.0612894350611357,0,0.0,1.8184557470110614
4997,0,0,0,0,2.6,526,0.01,0.44,0.43,4.13,355,5,0,1.9,0.0,2024-05-05,90,7,0,0,0,0,36,0,1355121,1,0,5,20.0,2,35693,53648,17955,7.6,False,0,526.0,,West Ham United,0,4,0.2958299815654754,90,AMR,Chelsea,West Ham United,5,0,22249,2023,659349,0.0,0,0,0,0.2958299815654754,0.183340311050415,0.0,1776.0,West Ham United,Jarrod Bowen,Jarrod Bowen,2,3,36,3.8,MID,0.0,0.2,0.4,0.2,1.75,2.0,1.0,11.6,63.2,17.5,35.0,90.0,0.0,0.0,0.0,0.0,0.0,0.0,1.0,2.0,2.0,13.0,1.0,3.0,0.17,0.35,1.0,1.0,1.0,1.0,0.17,0.45,0.0,2.2,0.0,0.45,0.57,0.12,1.39,1.33,0.33,7.33,30.07,25.3,18.0,77.67,0.0,0.0,0.0,0.0,0.0,0.0,1.0,1.67,1.33,6.33,0.33,1.67,0.11,0.33,0.67,0.67,1.67,0.33,0.11,0.22,0.02,3.5,0.0,0.35,0.48,0.13,1.77,1.8,0.4,8.04,33.16,25.28,21.8,82.6,0.0,0.0,0.0,0.0,0.0,0.0,1.0,1.8,1.8,6.2,0.4,1.8,0.16,0.25,0.6,0.6,1.8,0.4,0.16,0.27,0.04,4.4,42864.0,0.4984847003617167,2.0,0.577,0.212,0.212,,,0.1262066977094142,1.159168760977991e-09,1,0.0,1.631033492024577
5068,0,0,11,0,11.9,476,0.17,0.33,0.16,1.49,360,3,0,3.8,10.8,2024-05-04,90,16,0,0,0,0,36,0,16059,1,3,1,15.0,1,1869,2641,772,4.5,True,0,476.0,,Sheffield United,0,3,0.2564213871955871,90,DMR,Sheffield United,Nottingham Forest,1,3,22254,2023,658900,0.1077293679118156,0,1,0,0.2564213871955871,0.3641507625579834,0.1077293679118156,9205.0,Sheffield United,Jayden Bogle,Jayden Bogle,2,2,36,1.5,DEF,0.0,0.04,0.04,0.0,2.82,5.0,0.0,1.3,5.2,6.0,2.0,90.0,0.0,0.0,0.0,0.0,0.0,0.0,1.0,1.0,5.0,0.0,0.0,0.0,0.0,0.0,0.0,0.0,0.0,0.0,0.0,0.04,0.04,1.7,0.0,0.02,0.13,0.1,2.45,3.67,0.33,4.23,21.4,2.77,18.33,85.67,0.0,0.0,0.0,0.0,0.0,0.0,1.0,2.33,3.33,2.33,0.33,1.0,0.17,0.0,0.0,0.0,0.0,0.33,0.17,0.39,0.23,2.23,0.0,0.02,0.12,0.11,1.68,2.8,0.4,4.32,22.24,2.1,18.8,84.4,0.0,0.0,0.0,0.0,0.0,0.0,1.0,1.8,2.8,3.2,0.4,1.2,0.18,0.0,0.0,0.0,0.0,0.4,0.18,0.36,0.24,2.48,2179.0,0.5476120714913566,1.0,0.2,0.226,0.575,,1.8206412450889613,0.1119343560177379,0.0548482932506648,0,0.0,1.9261510158584212
5105,0,0,27,1,1.3,232,0.01,0.15,0.14,0.35,356,0,1,5.5,33.0,2024-05-06,67,14,0,0,0,0,36,0,655895,1,0,4,21.0,6,-6178,72890,79068,5.1,True,0,232.0,,Crystal Palace,1,1,0.3435188829898834,71,FW,Crystal Palace,Manchester United,4,0,22250,2023,660046,0.0,0,0,1,0.3435188829898834,0.5509878396987915,0.2074689269065857,5735.0,Crystal Palace,Jean-Philippe Mateta,Jean-Philippe Mateta,3,2,36,7.8,FWD,0.0,0.03,0.29,0.26,0.93,1.0,0.0,1.0,0.0,2.3,10.0,68.0,0.0,0.0,0.0,0.0,0.0,0.0,1.0,1.0,1.0,2.0,0.0,1.0,0.33,0.0,0.0,0.0,0.0,0.0,0.33,0.66,0.33,7.6,0.33,0.03,0.52,0.5,0.87,0.67,1.33,10.23,49.4,13.23,40.67,75.0,0.0,0.0,0.0,0.0,0.0,0.0,1.0,1.0,2.67,10.33,1.33,2.67,0.77,0.04,0.33,0.0,1.0,1.33,0.77,0.97,0.17,12.93,0.4,0.02,0.62,0.6,1.38,1.2,1.0,8.38,37.08,10.12,37.0,77.4,0.0,0.0,0.0,0.0,0.2,0.0,1.0,1.6,2.0,7.6,1.0,2.4,0.85,0.03,0.2,0.0,0.8,1.0,0.85,0.87,0.12,9.56,-8991.0,-0.040655970728754,6.0,0.402,0.255,0.342,,,0.3154272314301509,-8.433620468650813e-10,0,,3.261708923190518
5127,1,0,10,0,0.4,715,0.0,0.2,0.2,1.45,359,2,0,0.9,0.2,2024-05-04,45,13,0,0,0,0,36,0,1330,0,1,5,8.0,4,-20,6,26,4.9,False,0,715.0,,Wolverhampton Wanderers,0,1,0.1362167000770568,37,,Manchester City,Wolverhampton Wanderers,5,1,22253,2023,659075,0.0,0,0,0,0.1362167000770568,0.1362167000770568,0.0,7762.0,Wolverhampton Wanderers,Jean-Ricner Bellegarde,Jean-Ricner Bellegarde,2,5,36,-0.2,MID,0.0,0.0,0.0,0.0,0.08,0.0,0.0,0.0,0.0,0.1,0.0,10.0,0.0,0.0,0.0,0.0,0.0,0.0,1.0,1.0,2.0,1.0,0.0,0.0,0.0,0.0,0.0,0.0,0.0,0.0,0.0,0.0,0.0,1.2,0.0,0.01,0.08,0.07,0.73,0.67,0.0,1.97,2.47,7.73,9.67,31.33,0.0,0.0,0.0,0.0,0.0,0.0,0.67,0.33,2.0,1.33,0.0,1.0,0.06,0.03,0.0,0.0,0.67,0.0,0.06,0.08,0.03,0.9,0.0,0.02,0.09,0.07,0.86,0.8,0.0,2.2,3.6,10.34,8.2,36.2,0.0,0.0,0.0,0.0,0.0,0.0,0.4,1.0,1.4,1.4,0.0,1.0,0.07,0.04,0.0,0.0,0.8,0.0,0.07,0.17,0.09,1.14,-610.0,-0.625,4.0,0.876,0.079,0.045,,,0.1756902316461144,1.159168760977991e-09,0,0.0,1.8784511617080781
5185,0,0,1,0,0.1,240,0.0,0.0,0.0,0.0,356,0,0,0.0,0.2,2024-05-06,5,14,0,0,0,0,36,0,9505,0,0,4,0.0,1,202,277,75,4.8,True,0,240.0,,Crystal Palace,0,0,0.0,2,Sub,Crystal Palace,Manchester United,4,0,22250,2023,660049,0.0,0,0,0,0.0,0.0,0.0,757.0,Crystal Palace,Jeffrey Schlupp,Jeffrey Schlupp,3,2,36,2.6,MID,0.0,0.0,0.08,0.08,0.14,0.0,1.0,5.9,41.2,10.5,7.0,14.0,0.0,0.0,0.0,0.0,0.0,0.0,0.0,1.0,1.0,9.0,1.0,1.0,0.03,0.04,0.0,0.0,1.0,1.0,0.03,0.08,0.0,3.2,0.0,0.01,0.03,0.03,0.15,0.33,0.33,2.77,16.13,8.43,3.0,10.0,0.0,0.0,0.0,0.0,0.0,0.0,0.0,1.0,2.67,3.67,0.33,0.33,0.01,0.03,0.0,0.0,0.67,0.33,0.01,0.18,0.14,2.8,0.0,0.04,0.06,0.02,0.3,0.6,0.2,2.52,14.12,7.9,3.2,13.8,0.0,0.0,0.0,0.0,0.0,0.0,0.0,1.6,2.0,3.2,0.2,0.4,0.01,0.13,0.2,0.2,0.6,0.2,0.01,0.22,0.08,1.92,227.0,0.5738636363636364,1.0,0.402,0.255,0.342,,,-1.5743444325977407e-09,1.159168760977991e-09,1,0.0,-4.39421588005473e-09
5213,0,0,3,0,0.1,44,0.0,0.0,0.0,1.44,353,1,0,0.0,0.0,2024-05-05,17,5,0,0,0,0,36,0,18276,0,0,1,0.0,1,-198,189,387,5.0,False,0,44.0,,Aston Villa,0,0,0.0,12,Sub,Brighton and Hove Albion,Aston Villa,1,0,22247,2023,659413,0.0,0,0,0,0.0,0.0,0.0,11366.0,Aston Villa,Jhon Durán,Jhon Durán,3,3,36,1.3,FWD,0.0,0.0,0.1,0.1,0.2,0.0,0.0,0.4,0.2,0.1,4.0,7.0,0.0,0.0,0.0,0.0,0.0,0.0,0.0,2.0,2.0,1.0,0.0,1.0,0.05,0.0,0.0,0.0,0.0,0.0,0.05,0.0,0.0,2.5,0.0,0.0,0.03,0.03,0.18,0.0,0.0,0.13,0.13,0.03,1.33,3.0,0.0,0.0,0.0,0.0,0.0,0.0,0.0,2.0,2.67,1.0,0.0,0.33,0.02,0.0,0.0,0.0,0.0,0.0,0.02,0.0,0.0,2.37,0.0,0.02,0.09,0.07,0.73,0.8,0.2,1.62,7.8,2.38,6.0,24.8,0.0,0.0,0.0,0.0,0.2,0.0,0.2,1.4,2.8,2.0,0.2,0.6,0.09,0.02,0.0,0.0,0.2,0.2,0.09,0.18,0.08,1.86,-110.0,-0.34375,1.0,0.35,0.257,0.393,,,-6.041389832844857e-09,0.0146748664402671,0,,1.044024575155242
5252,0,0,23,1,1.6,220,0.01,0.01,0.0,0.35,356,0,0,0.9,7.2,2024-05-06,90,14,0,0,0,0,36,0,1573493,1,0,4,0.0,6,-9664,31335,40999,4.7,True,0,220.0,,Crystal Palace,0,0,0.0,90,DC,Crystal Palace,Manchester United,4,0,22250,2023,660037,0.0,0,0,0,0.0,0.1779918372631073,0.1779918372631073,6314.0,Crystal Palace,Joachim Andersen,Joachim Andersen,3,2,36,5.2,DEF,0.0,0.01,0.01,0.0,1.14,1.0,0.0,1.5,12.4,0.6,2.0,90.0,0.0,0.0,0.0,0.0,1.0,0.0,1.0,1.0,1.0,1.0,0.0,0.0,0.0,0.0,0.0,0.0,0.0,0.0,0.0,0.05,0.05,4.0,0.33,0.11,0.24,0.13,0.94,1.0,0.0,4.57,24.0,15.37,6.0,90.0,0.0,0.0,0.0,0.0,0.33,0.0,1.0,1.0,2.67,4.0,0.0,0.67,0.18,0.2,0.33,0.33,1.33,0.0,0.18,0.26,0.22,6.27,0.4,0.11,0.19,0.08,1.52,1.4,0.0,4.2,26.32,11.32,4.0,90.0,0.0,0.0,0.0,0.0,0.2,0.0,1.0,1.6,2.0,4.0,0.0,0.4,0.11,0.24,0.2,0.2,1.0,0.0,0.11,0.36,0.33,4.26,-8989.0,-0.1336024552769099,6.0,0.402,0.255,0.342,,1.0453284058588723,5.515961021274052e-10,-5.277553949412095e-10,0,0.0,1.4770000017263105
5338,0,0,5,0,12.1,416,0.02,0.02,0.0,0.4,354,1,0,3.0,18.0,2024-05-04,13,6,0,0,0,0,36,0,40576,0,4,1,0.0,1,-105,15,120,5.8,False,0,,,Newcastle United,0,0,0.0,7,,Burnley,Newcastle United,1,4,22248,2023,658891,0.0937416329979896,0,1,0,0.0,0.670546293258667,0.670546293258667,,Newcastle United,,,3,2,36,0.5,MID,0.0,0.0,0.0,0.0,6.05,3.0,0.0,2.1,14.6,2.3,4.0,81.0,0.0,0.0,0.0,0.0,1.0,0.0,1.0,2.0,4.0,1.0,0.0,0.0,0.0,0.0,0.0,0.0,0.0,0.0,0.0,0.0,0.0,1.8,0.0,0.02,0.02,0.0,2.09,1.0,0.0,0.9,6.53,1.77,1.33,45.0,0.0,0.0,0.0,0.0,0.33,0.0,0.67,1.67,2.67,1.0,0.0,0.0,0.0,0.0,0.0,0.0,0.0,0.0,0.0,0.18,0.18,2.3,0.0,0.03,0.13,0.11,2.68,2.0,0.2,3.46,14.2,11.06,9.6,63.0,0.0,0.0,0.0,0.0,0.4,0.0,0.8,1.2,3.0,2.2,0.2,0.8,0.1,0.07,0.0,0.0,0.8,0.2,0.1,0.27,0.14,2.9,-17540.0,-0.7777777777777778,1.0,0.278,0.237,0.485,,,-1.5743444325977407e-09,0.0613919447629878,1,0.0,0.18417582641724128
5384,0,0,6,0,1.1,50,0.01,0.01,0.0,2.69,353,1,0,1.3,11.4,2024-05-05,90,5,0,0,0,0,36,0,95940,1,0,1,0.0,2,-439,1196,1635,5.3,False,0,50.0,,Aston Villa,0,0,0.0,90,DMC,Brighton and Hove Albion,Aston Villa,1,0,22247,2023,659408,0.0,0,0,0,0.0,0.0,0.0,7723.0,Aston Villa,John McGinn,John McGinn,3,3,36,3.5,MID,0.0,0.02,0.38,0.36,1.37,2.0,0.0,2.2,5.2,10.8,6.0,90.0,0.0,0.0,0.0,0.0,0.0,0.0,1.0,2.0,2.0,5.0,0.0,1.0,0.13,0.04,1.0,0.0,1.0,0.0,0.13,0.42,0.25,3.5,0.33,0.02,0.18,0.15,1.56,1.0,0.0,1.93,10.47,5.0,3.67,90.0,0.0,0.0,0.0,0.0,0.0,0.0,1.0,1.67,1.67,3.33,0.0,1.33,0.07,0.01,0.33,0.0,0.33,0.0,0.07,0.23,0.15,2.37,0.2,0.12,0.21,0.09,1.71,2.0,0.0,3.68,15.12,18.22,3.4,84.8,0.0,0.0,0.0,0.2,0.0,0.0,1.0,2.4,1.6,2.8,0.0,0.8,0.04,0.13,0.4,0.2,1.2,0.0,0.04,0.25,0.2,2.08,-212.0,-0.155068880254327,2.0,0.35,0.257,0.393,,,-1.5743444325977407e-09,1.159168760977991e-09,0,0.0,1.9999999956057841
5402,0,0,3,0,0.3,368,0.0,0.0,0.0,0.43,359,0,0,0.4,3.2,2024-05-04,21,20,0,0,0,0,36,0,351128,0,1,5,0.0,1,-4896,4061,8957,5.3,True,0,368.0,,Manchester City,0,0,0.0,14,Sub,Manchester City,Wolverhampton Wanderers,5,1,22253,2023,659062,0.0,0,0,0,0.0,0.0932508632540702,0.0932508632540702,586.0,Manchester City,John Stones,John Stones,2,5,36,1.2,DEF,0.0,0.05,0.05,0.0,1.08,2.0,0.0,3.2,12.4,20.0,0.0,90.0,0.0,0.0,0.0,0.0,0.0,0.0,1.0,4.0,2.0,1.0,0.0,0.0,0.0,0.03,0.0,0.0,1.0,0.0,0.0,0.99,0.99,3.8,0.0,0.04,0.33,0.29,1.27,1.33,0.33,5.23,24.8,14.57,13.0,90.0,0.0,0.0,0.0,0.0,0.0,0.0,1.0,2.0,2.0,4.33,0.33,0.67,0.22,0.02,0.0,0.0,0.67,0.33,0.22,0.51,0.5,4.63,0.4,0.05,0.27,0.21,1.01,0.8,0.2,4.24,18.52,11.54,12.4,90.0,0.0,0.0,0.0,0.0,0.2,0.0,1.0,1.4,1.4,4.8,0.2,0.8,0.15,0.01,0.0,0.0,0.4,0.2,0.15,0.56,0.55,4.3,7488.0,-0.3760946381932709,1.0,0.876,0.079,0.045,,0.7031636004497672,5.515961021274052e-10,-5.277553949412095e-10,0,0.0,1.6480000017263108
5422,0,0,24,0,1.4,703,0.01,0.01,0.0,1.47,356,4,0,3.1,29.6,2024-05-06,90,8,0,0,0,0,36,0,56266,1,0,4,0.0,0,-2494,180,2674,4.0,False,0,703.0,,Manchester United,0,0,0.0,90,,Crystal Palace,Manchester United,4,0,22250,2023,660055,0.0,0,0,0,0.0,0.0736285299062728,0.0736285299062728,807.0,Manchester United,Jonny Evans,Jonny Evans,3,2,36,0.0,DEF,0.0,0.0,0.0,0.0,0.38,0.0,0.0,1.3,12.4,0.3,0.0,20.0,0.0,0.0,0.0,0.0,0.0,0.0,0.0,3.0,4.0,1.0,0.0,0.0,0.0,0.0,0.0,0.0,0.0,0.0,0.0,0.0,0.0,1.7,0.33,0.0,0.0,0.0,1.58,0.33,0.0,2.8,23.67,3.57,0.67,58.67,0.0,0.0,0.0,0.0,0.0,0.0,0.67,1.33,3.0,3.0,0.0,0.0,0.0,0.04,0.0,0.0,0.33,0.0,0.0,0.17,0.17,1.3,0.2,0.0,0.0,0.0,1.08,0.2,0.0,2.2,19.28,2.2,0.4,44.4,0.0,0.0,0.0,0.0,0.0,0.0,0.4,1.6,2.2,2.2,0.0,0.0,0.0,0.03,0.0,0.0,0.2,0.0,0.0,0.26,0.26,1.18,-20855.0,-0.8738612473721094,0.0,0.402,0.255,0.342,,1.6574869077473844,5.515961021274052e-10,-5.277553949412095e-10,0,0.0,0.17100000172631047
5459,0,0,3,0,14.4,221,0.02,0.07,0.05,0.0,356,0,0,2.6,5.0,2024-05-06,5,14,0,0,0,0,36,0,41888,0,0,4,7.0,1,-3104,497,3601,5.4,True,0,221.0,,Crystal Palace,0,1,0.0396599769592285,2,Sub,Crystal Palace,Manchester United,4,0,22250,2023,660048,0.0646113157272338,0,1,0,0.0396599769592285,0.0396599769592285,0.0,672.0,Crystal Palace,Jordan Ayew,Jordan Ayew,3,2,36,2.0,MID,0.0,0.01,0.01,0.0,1.0,1.0,0.0,2.2,9.8,4.2,8.0,75.0,0.0,0.0,0.0,0.0,0.0,0.0,1.0,1.0,1.0,2.0,0.0,0.0,0.0,0.0,0.0,0.0,0.0,0.0,0.0,0.06,0.06,2.2,0.33,0.03,0.04,0.01,0.37,0.67,0.0,2.97,14.07,6.9,8.67,56.33,0.0,0.0,0.0,0.0,0.33,0.0,0.67,1.0,2.67,2.67,0.0,0.67,0.01,0.11,0.33,0.33,0.33,0.0,0.01,0.22,0.1,3.8,0.2,0.02,0.06,0.03,0.9,1.2,0.0,1.98,9.08,4.4,6.6,52.8,0.0,0.0,0.0,0.0,0.2,0.0,0.6,1.6,2.0,2.2,0.0,0.8,0.03,0.07,0.2,0.2,0.2,0.0,0.03,0.25,0.15,2.88,-2955.0,-0.7574426549536359,1.0,0.402,0.255,0.342,,,0.0430502051982677,0.0585265339199096,1,0.0,0.39083062775106736
5519,0,0,16,0,0.0,263,0.01,0.01,0.0,0.96,358,1,0,3.0,29.8,2024-05-03,90,12,0,0,0,0,36,4,1797610,1,1,1,0.0,3,160806,177379,16573,4.8,False,0,263.0,,Everton,0,0,0.0,90,GK,Luton,Everton,1,1,22252,2023,658570,0.0,0,0,0,0.0,0.0,0.0,741.0,Everton,Jordan Pickford,Jordan Pickford,2,2,36,6.7,GK,1.0,0.01,0.01,0.0,0.84,0.0,0.0,3.1,31.2,0.0,0.0,90.0,0.0,0.0,0.0,0.0,0.0,4.0,1.0,0.0,1.0,10.0,0.0,0.0,0.0,0.0,0.0,0.0,0.0,0.0,0.0,0.0,0.0,7.2,1.0,0.01,0.01,0.0,1.25,0.0,0.0,3.6,36.07,0.0,0.0,90.0,0.0,0.0,0.0,0.0,0.0,4.67,1.0,0.0,1.67,9.33,0.0,0.0,0.0,0.0,0.0,0.0,0.0,0.0,0.0,0.01,0.01,9.0,0.8,0.01,0.01,0.0,1.43,1.2,0.0,2.98,29.92,0.0,0.0,90.0,0.0,0.0,0.0,0.0,0.0,3.8,1.0,0.0,2.4,7.2,0.0,0.0,0.0,0.0,0.0,0.0,0.0,0.0,0.0,0.01,0.01,6.94,168276.0,0.8291020458670186,3.0,0.365,0.263,0.372,3.8608616257077326,1.427204132080078,,,0,1.0,6.573
5580,0,0,1,0,15.6,161,0.06,0.06,0.0,3.23,354,4,0,3.2,8.8,2024-05-04,84,15,0,0,0,0,36,0,17398,1,4,1,8.0,1,-357,319,676,4.7,True,1,161.0,,Burnley,0,0,0.0,90,AMC,Burnley,Newcastle United,1,4,22248,2023,658873,0.0353724062442779,0,1,0,0.0,0.5833469033241272,0.5833469033241272,8323.0,Burnley,Josh Brownhill,Josh Brownhill,3,2,36,2.0,MID,0.0,0.06,0.14,0.08,0.67,0.0,0.0,0.8,0.0,3.1,6.0,31.0,0.0,0.0,0.0,0.0,0.0,0.0,0.0,4.0,1.0,1.0,0.0,1.0,0.01,0.0,0.0,0.0,0.0,0.0,0.01,0.22,0.21,2.8,0.0,0.02,0.14,0.12,0.37,0.33,0.33,2.73,14.93,1.4,11.33,25.0,0.0,0.0,0.0,0.0,0.0,0.0,0.0,1.67,1.0,3.33,0.33,1.33,0.14,0.0,0.0,0.0,0.0,0.33,0.14,0.23,0.09,2.13,0.0,0.02,0.09,0.07,0.58,0.4,0.2,2.94,16.76,5.24,7.6,24.2,0.0,0.0,0.0,0.0,0.0,0.0,0.0,1.6,1.4,3.0,0.2,0.8,0.08,0.03,0.2,0.2,0.4,0.2,0.08,0.25,0.16,1.38,-1524.0,-0.3587939698492462,1.0,0.278,0.237,0.485,,,0.0770569106977072,0.049293585446239,1,0.0,0.5331653098272531
5604,0,0,17,0,26.8,165,0.03,0.1,0.07,3.58,354,4,0,5.0,16.6,2024-05-04,90,15,0,0,0,0,36,0,7361,1,4,1,7.0,2,-253,158,411,5.0,True,0,165.0,,Burnley,0,1,0.060819137841463,90,DMC,Burnley,Newcastle United,1,4,22248,2023,658870,0.0698854401707649,0,2,0,0.060819137841463,0.282928466796875,0.1522238850593567,1018.0,Burnley,Josh Cullen,Josh Cullen,3,2,36,1.7,MID,0.0,0.02,0.04,0.02,2.71,1.0,0.0,4.1,14.4,23.5,3.0,90.0,0.0,0.0,0.0,0.0,1.0,0.0,1.0,1.0,1.0,1.0,0.0,1.0,0.02,0.04,0.0,0.0,2.0,0.0,0.02,0.59,0.57,1.7,0.0,0.06,0.08,0.03,2.02,1.0,0.0,5.4,23.6,25.53,5.0,90.0,0.0,0.0,0.0,0.0,0.67,0.0,1.0,2.0,1.0,2.33,0.0,0.67,0.02,0.11,0.33,0.33,2.0,0.0,0.02,0.85,0.78,3.13,0.0,0.09,0.11,0.02,1.54,1.0,0.0,5.08,20.32,27.32,3.2,90.0,0.0,0.0,0.0,0.0,0.4,0.0,1.0,1.4,1.0,2.2,0.0,0.6,0.02,0.11,0.2,0.2,1.8,0.0,0.02,0.63,0.58,3.64,-212.0,-0.4446397188049209,2.0,0.278,0.237,0.485,,,0.0341202099026254,0.19201151988063,1,1.0,2.746635609155017
5643,0,0,23,0,0.0,569,0.0,0.0,0.0,3.57,359,5,0,5.4,54.2,2024-05-04,90,13,0,0,0,0,36,7,241150,1,1,5,0.0,2,-12353,2037,14390,5.0,False,0,,,Wolverhampton Wanderers,0,0,0.0,90,,Manchester City,Wolverhampton Wanderers,5,1,22253,2023,659064,0.0,0,0,0,0.0,0.0,0.0,,Wolverhampton Wanderers,,,2,5,36,2.8,GK,0.0,0.0,0.0,0.0,0.59,1.0,0.0,4.0,39.6,0.0,0.0,90.0,0.0,0.0,0.0,0.0,0.0,5.0,1.0,1.0,2.0,3.0,0.0,0.0,0.0,0.0,0.0,0.0,0.0,0.0,0.0,0.49,0.49,4.1,0.0,0.0,0.0,0.0,1.23,1.33,0.0,4.57,45.2,0.33,0.0,90.0,0.0,0.0,0.0,0.0,0.0,5.67,1.0,1.33,0.67,3.0,0.0,0.0,0.0,0.0,0.0,0.0,0.0,0.0,0.0,0.18,0.18,5.37,0.0,0.0,0.0,0.0,1.34,1.6,0.0,4.68,44.6,2.2,0.0,90.0,0.0,0.0,0.0,0.0,0.0,5.2,1.0,1.6,1.0,3.6,0.0,0.0,0.0,0.0,0.2,0.0,0.0,0.0,0.0,0.12,0.12,4.48,-12406.0,-0.7519936689596396,2.0,0.876,0.079,0.045,7.630375030770368,2.5010194778442383,,,0,1.0,7.292
5677,0,0,19,1,4.0,280,0.03,0.12,0.09,0.63,352,0,0,1.6,8.2,2024-05-04,90,4,0,0,0,0,36,0,31048,1,0,0,4.0,3,-251,337,588,5.0,False,0,,,Fulham,0,1,0.060230515897274,90,,Brentford,Fulham,0,0,22246,2023,658854,0.0,0,0,0,0.060230515897274,0.1463333517313003,0.1463333517313003,,Fulham,,,2,2,36,2.5,MID,1.0,0.11,0.11,0.0,0.7,0.0,0.0,3.2,20.0,11.6,0.0,68.0,0.0,0.0,0.0,0.0,0.0,0.0,1.0,1.0,1.0,3.0,0.0,0.0,0.0,0.3,0.0,0.0,1.0,0.0,0.0,0.84,0.53,2.2,0.67,0.08,0.16,0.08,0.84,0.67,0.0,3.4,18.33,7.63,7.67,76.0,0.0,0.0,0.0,0.0,0.33,0.0,1.0,2.0,0.67,2.33,0.0,1.33,0.13,0.14,0.0,0.0,0.67,0.0,0.13,0.8,0.65,2.9,0.4,0.05,0.19,0.13,0.88,1.2,0.0,2.92,14.44,5.86,8.6,76.4,0.0,0.0,0.0,0.0,0.2,0.0,1.0,1.6,1.0,2.2,0.0,1.8,0.14,0.08,0.0,0.0,0.4,0.0,0.14,0.57,0.45,2.9,-151.0,-0.2713513513513513,3.0,0.453,0.25,0.297,,,0.0145653385029187,1.159168760977991e-09,1,0.0,1.0728266959920996
5708,0,1,26,1,40.7,135,0.14,1.65,1.51,0.06,353,0,1,16.9,50.2,2024-05-05,90,2,0,1,0,0,36,0,622490,1,0,1,78.0,5,10338,18616,8278,5.2,True,0,,,Brighton and Hove Albion,1,4,1.6533310413360596,90,,Brighton and Hove Albion,Aston Villa,1,0,22247,2023,659395,0.3611586689949035,0,3,1,0.8921622037887573,0.8085640668869019,0.0623794235289096,,Brighton and Hove Albion,,,3,3,36,2.3,FWD,0.0,0.1,0.29,0.19,2.26,3.0,0.0,9.2,13.0,49.1,30.0,87.0,0.0,0.0,0.0,0.0,0.0,0.0,1.0,0.0,3.0,2.0,0.0,4.0,0.24,0.88,0.0,0.0,4.0,0.0,0.24,1.03,0.02,1.8,0.0,0.07,0.29,0.22,1.74,2.67,0.0,6.4,7.67,31.17,25.33,88.33,0.0,0.0,0.0,0.0,0.0,0.0,1.0,1.67,1.33,2.0,0.0,3.67,0.26,0.33,0.0,0.0,2.33,0.0,0.26,0.61,0.1,1.3,0.2,0.11,0.32,0.21,1.29,1.8,0.0,7.18,9.0,31.46,31.4,76.4,0.0,0.0,0.0,0.0,0.0,0.0,0.8,1.6,0.8,1.8,0.0,3.4,0.22,0.3,0.0,0.0,2.2,0.0,0.22,0.52,0.14,0.88,11001.0,0.3843980069904067,4.0,0.35,0.257,0.393,,,0.9318879855843996,0.2154434696898914,0,,6.373882351407272
5742,0,0,9,0,2.2,559,0.01,0.01,0.0,3.57,359,5,0,1.2,10.0,2024-05-04,90,13,0,0,0,0,36,0,10817,1,1,5,0.0,1,-698,83,781,4.9,False,1,,,Wolverhampton Wanderers,0,0,0.0,90,,Manchester City,Wolverhampton Wanderers,5,1,22253,2023,659070,0.0,0,0,0,0.0,0.0,0.0,,Wolverhampton Wanderers,,,2,5,36,0.2,MID,0.0,0.12,0.16,0.04,0.59,1.0,0.0,2.8,2.8,20.5,5.0,90.0,0.0,0.0,0.0,0.0,1.0,0.0,1.0,1.0,2.0,1.0,0.0,1.0,0.05,0.02,0.0,0.0,1.0,0.0,0.05,0.07,0.02,1.7,0.0,0.05,0.08,0.03,1.23,1.33,0.0,3.43,9.73,16.07,8.67,81.0,0.0,0.0,0.0,0.0,0.33,0.0,1.0,1.33,0.67,1.67,0.0,0.67,0.04,0.02,0.0,0.0,1.0,0.0,0.04,0.1,0.06,1.63,0.0,0.09,0.13,0.04,1.27,1.6,0.0,3.48,11.28,14.8,8.8,78.2,0.0,0.0,0.0,0.0,0.6,0.0,1.0,1.6,1.0,1.2,0.0,0.8,0.04,0.02,0.0,0.0,0.8,0.0,0.04,0.12,0.07,1.48,-650.0,-0.8078703703703703,1.0,0.876,0.079,0.045,,,-1.5743444325977407e-09,0.0002867622624234,0,0.0,2.000860278915548
5770,0,0,16,1,1.3,151,0.03,0.08,0.05,0.06,353,0,0,1.2,6.8,2024-05-05,90,2,0,0,0,0,36,0,50385,1,0,1,4.0,6,1924,2813,889,4.3,True,0,151.0,,Brighton and Hove Albion,0,1,0.0741590559482574,90,DR,Brighton and Hove Albion,Aston Villa,1,0,22247,2023,659388,0.0,0,0,0,0.0741590559482574,0.3529534935951233,0.3529534935951233,8780.0,Brighton and Hove Albion,Joël Veltman,Joël Veltman,3,3,36,1.3,DEF,0.0,0.01,0.01,0.0,0.27,1.0,0.0,1.4,13.6,0.6,0.0,16.0,0.0,0.0,0.0,0.0,0.0,0.0,0.0,0.0,3.0,1.0,0.0,0.0,0.0,0.0,0.0,0.0,0.0,0.0,0.0,0.0,0.0,1.4,0.0,0.01,0.01,0.0,0.93,1.67,0.0,0.97,8.27,0.9,0.67,50.33,0.0,0.0,0.0,0.0,0.67,0.0,0.67,1.67,1.33,0.33,0.0,0.0,0.0,0.0,0.0,0.0,0.0,0.0,0.0,0.01,0.01,1.43,0.2,0.02,0.03,0.01,1.22,1.4,0.0,1.66,11.72,3.34,1.6,65.2,0.0,0.0,0.0,0.0,0.4,0.0,0.8,1.2,1.2,1.6,0.0,0.2,0.01,0.02,0.0,0.0,0.2,0.0,0.01,0.07,0.05,2.02,1998.0,0.5197190707725554,6.0,0.35,0.257,0.393,,0.9511691170438212,0.0369450585957715,-5.277553949412095e-10,0,0.0,0.7456703499913628
5796,1,1,29,0,25.2,616,0.11,0.51,0.4,0.35,359,1,0,8.8,18.6,2024-05-04,90,20,0,0,0,0,36,0,1099340,1,1,5,44.0,6,442271,451376,9105,5.0,True,0,,,Manchester City,0,2,0.1726293265819549,90,,Manchester City,Wolverhampton Wanderers,5,1,22253,2023,659052,0.4501223564147949,0,2,0,0.1726293265819549,1.086074709892273,0.6359522938728333,,Manchester City,,,2,5,36,10.8,DEF,1.0,0.05,0.13,0.08,1.64,0.0,1.0,9.3,50.6,5.1,37.0,90.0,0.0,0.0,0.0,0.0,0.0,0.0,1.0,2.0,0.0,15.0,1.0,1.0,0.02,0.0,0.0,0.0,0.0,1.0,0.02,0.56,0.56,8.0,0.67,0.07,0.2,0.13,0.87,0.33,0.67,8.53,41.67,16.23,27.33,90.0,0.0,0.0,0.0,0.0,0.0,0.0,1.0,2.33,1.67,11.0,0.67,1.67,0.09,0.09,0.33,0.33,1.0,0.67,0.09,0.83,0.7,7.37,0.4,0.11,0.26,0.15,0.78,0.6,0.4,6.34,30.24,13.98,19.0,81.0,0.0,0.0,0.0,0.0,0.2,0.0,1.0,2.4,2.2,7.0,0.4,1.4,0.08,0.16,0.2,0.2,0.8,0.4,0.08,0.93,0.74,6.02,447199.0,0.9604543944266972,5.0,0.876,0.079,0.045,,0.3090914478507045,0.0815451683253809,0.0600536187773439,0,0.0,2.5144318662843177
5808,0,0,11,0,26.6,130,0.24,0.45,0.21,0.0,353,0,0,4.5,8.6,2024-05-05,29,2,0,0,0,0,36,0,46591,0,0,1,10.0,1,17,144,127,5.0,True,0,130.0,,Brighton and Hove Albion,0,3,0.1684639900922775,24,Sub,Brighton and Hove Albion,Aston Villa,1,0,22247,2023,659400,0.4043982326984405,0,2,0,0.1684639900922775,0.5728622078895569,0.3529534935951233,11058.0,Brighton and Hove Albion,Julio Enciso,Julio Enciso,3,3,36,0.0,MID,0.0,0.02,0.17,0.15,0.31,1.0,0.0,2.0,2.4,12.4,5.0,24.0,0.0,0.0,0.0,0.0,0.0,0.0,0.0,0.0,3.0,1.0,0.0,2.0,0.09,0.04,0.0,0.0,1.0,0.0,0.09,0.13,0.02,0.8,0.0,0.01,0.14,0.13,0.96,1.0,0.0,2.53,3.8,8.3,13.0,37.33,0.0,0.0,0.0,0.0,0.0,0.0,0.33,1.0,1.0,1.33,0.0,2.67,0.11,0.04,0.0,0.0,0.67,0.0,0.11,0.25,0.13,0.5,0.0,0.01,0.11,0.1,0.64,1.0,0.0,1.9,2.56,6.18,10.4,34.2,0.0,0.0,0.0,0.0,0.0,0.0,0.4,0.6,1.4,1.2,0.0,2.4,0.09,0.02,0.0,0.0,0.4,0.0,0.09,0.18,0.08,0.56,54.0,0.062730627306273,1.0,0.35,0.257,0.393,,,0.1539326037217305,0.0800255839308232,0,0.0,2.009739770401122
5845,0,0,27,0,2.0,343,0.0,0.32,0.32,0.0,359,0,1,5.2,33.0,2024-05-04,8,20,0,0,0,0,36,0,1794495,0,1,5,17.0,5,-34172,38835,73007,6.4,True,0,343.0,,Manchester City,1,1,0.3762824237346649,1,Sub,Manchester City,Wolverhampton Wanderers,5,1,22253,2023,659059,0.0,0,0,1,0.3762824237346649,1.0077943801879885,0.6315119862556458,10846.0,Manchester City,Julián Álvarez,Julián Álvarez,2,5,36,5.5,FWD,1.0,0.04,0.13,0.09,1.64,0.0,0.0,3.3,3.8,25.5,4.0,88.0,0.0,0.0,0.0,0.0,0.0,0.0,1.0,2.0,0.0,2.0,0.0,1.0,0.15,0.05,0.0,0.0,2.0,0.0,0.15,0.59,0.41,4.4,0.67,0.19,0.54,0.35,0.87,0.33,0.33,8.1,21.47,26.9,32.67,89.33,0.0,0.0,0.0,0.0,0.0,0.0,1.0,2.33,1.67,4.33,0.33,3.33,0.6,0.06,0.33,0.33,1.67,0.33,0.6,1.12,0.6,4.03,0.4,0.14,0.71,0.56,0.78,0.6,0.2,7.98,15.56,20.26,44.0,86.2,0.0,0.0,0.0,0.0,0.0,0.0,1.0,2.4,2.2,3.4,0.2,4.2,0.78,0.05,0.2,0.2,1.2,0.2,0.78,1.25,0.52,3.28,-35652.0,-0.3055381699182776,5.0,0.876,0.079,0.045,,,0.2602277366863101,-8.433620468650813e-10,0,,3.0409109442151547
5879,0,0,7,0,1.8,72,0.01,0.12,0.11,3.89,351,2,0,1.3,3.6,2024-05-04,88,1,0,0,0,0,36,0,85955,1,0,3,8.0,2,-7110,3779,10889,4.6,False,0,72.0,,Bournemouth,0,3,0.1085882112383842,90,AML,Arsenal,Bournemouth,3,0,22245,2023,658608,0.0,0,0,0,0.1085882112383842,0.3073363304138183,0.2556728422641754,6963.0,Bournemouth,Justin Kluivert,Justin Kluivert,2,5,36,3.2,MID,1.0,0.02,0.63,0.61,1.0,0.0,1.0,8.0,32.6,1.8,46.0,90.0,0.0,0.0,0.0,0.0,1.0,0.0,1.0,0.0,3.0,7.0,1.0,3.0,0.61,0.0,0.0,0.0,0.0,1.0,0.61,0.83,0.22,5.0,0.67,0.05,0.49,0.45,0.86,0.67,0.33,6.23,14.6,6.1,41.67,79.33,0.0,0.0,0.0,0.0,0.33,0.0,1.0,0.67,2.0,4.0,0.33,3.0,0.51,0.04,0.0,0.0,0.33,0.33,0.51,0.76,0.25,7.33,0.6,0.05,0.45,0.4,0.86,0.8,0.4,6.5,19.64,7.32,38.0,76.0,0.0,0.0,0.0,0.0,0.2,0.0,1.0,1.0,2.0,5.0,0.4,3.4,0.51,0.03,0.2,0.2,0.4,0.4,0.51,0.6,0.15,6.28,-6485.0,-0.4847286610308153,2.0,0.785,0.128,0.087,,,0.0508254646845547,1.159168760977991e-09,0,0.0,2.2541273269002797
5907,0,0,11,0,15.8,678,0.56,0.63,0.07,0.0,359,0,0,4.3,10.2,2024-05-04,10,20,0,0,0,0,36,0,215847,0,1,5,17.0,1,-4293,4932,9225,6.4,True,0,,,Manchester City,0,1,0.0745280981063842,3,,Manchester City,Wolverhampton Wanderers,5,1,22253,2023,659060,0.6315119862556458,0,1,0,0.0745280981063842,0.70604008436203,0.6315119862556458,,Manchester City,,,2,5,36,5.8,MID,0.0,0.01,0.05,0.04,1.27,0.0,0.0,0.7,0.0,2.1,6.0,45.0,0.0,0.0,0.0,0.0,0.0,0.0,1.0,2.0,0.0,1.0,0.0,2.0,0.05,0.0,0.0,0.0,0.0,0.0,0.05,0.06,0.03,5.8,0.0,0.12,0.33,0.21,0.66,0.33,0.33,7.1,22.33,16.27,33.0,49.0,0.0,0.0,0.0,0.0,0.0,0.0,0.67,2.33,1.67,6.0,0.33,3.0,0.33,0.08,0.67,0.33,1.0,0.33,0.33,0.81,0.4,6.3,0.0,0.11,0.28,0.17,0.57,0.4,0.2,7.5,21.32,20.44,33.6,51.0,0.0,0.0,0.0,0.0,0.0,0.0,0.6,1.6,1.8,5.0,0.2,2.8,0.26,0.11,0.6,0.4,1.4,0.2,0.26,0.71,0.4,4.62,-3787.0,-0.3032422123331214,1.0,0.876,0.079,0.045,,,0.1319406068612445,0.1110864779872664,0,0.0,1.9929624682680218
5935,1,0,16,0,40.4,170,0.3,0.33,0.03,0.45,354,0,0,6.8,25.6,2024-05-04,28,15,0,0,0,0,36,0,2619,0,4,1,2.0,4,-8,31,39,4.8,True,0,,,Burnley,0,1,0.0228703189641237,22,,Burnley,Newcastle United,1,4,22248,2023,658876,0.451033741235733,1,2,0,0.0228703189641237,0.5295260548591614,0.506655752658844,,Burnley,,,3,2,36,2.3,MID,0.0,0.03,0.03,0.0,0.85,1.0,0.0,0.2,0.2,1.6,0.0,18.0,0.0,0.0,0.0,0.0,0.0,0.0,0.0,1.0,1.0,1.0,0.0,0.0,0.0,0.0,0.0,0.0,0.0,0.0,0.0,0.0,0.0,1.5,0.0,0.01,0.3,0.28,0.35,0.33,0.33,2.73,12.07,2.63,12.67,14.67,0.0,0.0,0.0,0.0,0.0,0.0,0.0,1.67,1.0,2.67,0.33,1.0,0.26,0.0,0.0,0.0,0.0,0.33,0.26,0.26,0.0,1.07,0.0,0.01,0.18,0.17,0.52,0.4,0.2,1.72,7.92,1.68,7.6,13.0,0.0,0.0,0.0,0.0,0.0,0.0,0.0,1.8,1.4,2.0,0.2,0.6,0.16,0.0,0.0,0.0,0.0,0.2,0.16,0.18,0.02,0.84,0.0,-0.1142857142857142,4.0,0.278,0.237,0.485,,,0.0095760820540846,0.1831418025478082,0,0.0,1.5973058179138475
5972,1,0,23,1,35.3,6,0.16,0.43,0.27,0.37,351,0,0,10.6,20.4,2024-05-04,90,3,0,0,0,0,36,0,962251,1,0,3,50.0,5,166020,181973,15953,7.5,True,1,6.0,,Arsenal,0,2,0.1671896278858184,90,FW,Arsenal,Bournemouth,3,0,22245,2023,658595,0.7405745387077332,0,2,0,0.1671896278858184,1.0297887325286863,0.233522355556488,5220.0,Arsenal,Kai Havertz,Kai Havertz,2,5,36,8.2,MID,0.0,0.26,0.67,0.41,2.37,2.0,1.0,12.5,62.4,23.9,39.0,90.0,0.0,0.0,0.0,0.0,0.0,0.0,1.0,3.0,2.0,13.0,1.0,1.0,0.5,0.54,1.0,1.0,2.0,1.0,0.5,0.54,0.4,8.8,0.67,0.16,0.74,0.58,1.37,0.67,1.0,13.97,50.27,25.8,63.67,83.67,0.0,0.0,0.0,0.0,0.0,0.0,1.0,1.67,2.33,10.0,1.0,3.33,0.65,0.25,0.33,0.33,2.0,1.0,0.65,0.87,0.33,13.2,0.6,0.25,0.76,0.51,1.13,0.8,0.8,13.26,43.92,28.98,59.8,85.8,0.0,0.0,0.0,0.0,0.2,0.0,1.0,2.0,1.4,9.0,0.8,3.0,0.7,0.31,0.4,0.4,2.2,0.8,0.7,1.04,0.27,10.82,174390.0,0.8387983387730769,5.0,0.785,0.128,0.087,,,0.3353054601617489,0.218930300571688,0,0.0,4.333318202523808
6038,0,0,-1,1,1.1,107,0.01,0.46,0.45,0.64,352,0,0,3.8,6.6,2024-05-04,65,10,0,0,0,0,36,0,5975,1,0,0,30.0,3,-157,113,270,4.7,True,0,107.0,,Brentford,0,2,0.6526608467102051,72,FWL,Brentford,Fulham,0,0,22246,2023,658843,0.0,0,0,0,0.6526608467102051,0.6526608467102051,0.0,10809.0,Brentford,Keane Lewis-Potter,Keane Lewis-Potter,2,2,36,3.2,MID,0.0,0.01,0.09,0.08,0.04,0.0,0.0,3.0,5.4,1.5,23.0,22.0,0.0,0.0,0.0,0.0,0.0,0.0,0.0,0.0,1.0,1.0,0.0,1.0,0.06,0.0,0.0,0.0,0.0,0.0,0.06,0.06,0.0,2.8,0.33,0.02,0.49,0.46,0.14,0.0,0.33,5.1,15.27,1.7,34.0,34.33,0.0,0.0,0.0,0.0,0.0,0.0,0.33,1.67,1.33,3.33,0.33,2.0,0.58,0.0,0.0,0.0,0.0,0.33,0.58,0.6,0.03,3.0,0.4,0.05,0.33,0.28,0.29,0.2,0.2,3.54,10.76,3.24,21.2,37.8,0.0,0.0,0.0,0.0,0.0,0.0,0.4,1.6,1.4,2.8,0.2,1.2,0.35,0.03,0.0,0.0,0.2,0.2,0.35,0.39,0.04,2.54,-142.0,-0.4099216710182767,3.0,0.453,0.25,0.297,,,0.1595996984431946,1.159168760977991e-09,0,0.0,1.7979984956934794
6072,0,0,12,0,31.7,349,0.35,0.38,0.03,0.35,359,1,0,5.6,8.2,2024-05-04,78,20,0,0,0,0,36,0,2014014,1,1,5,16.0,2,380705,398089,17384,10.5,True,0,349.0,,Manchester City,0,1,0.0655322596430778,86,AMC,Manchester City,Wolverhampton Wanderers,5,1,22253,2023,659056,0.1043671742081642,0,1,0,0.0655322596430778,1.2860007286071775,1.1161012649536133,447.0,Manchester City,Kevin De Bruyne,Kevin De Bruyne,2,5,36,7.0,MID,1.0,0.25,0.46,0.21,1.64,0.0,0.0,12.6,43.8,46.3,36.0,88.0,0.0,0.0,0.0,0.0,0.0,0.0,1.0,2.0,0.0,11.0,0.0,5.0,0.22,0.56,2.0,2.0,3.0,0.0,0.22,0.7,0.39,9.0,1.0,0.43,0.64,0.2,0.72,0.0,0.33,12.4,35.47,50.67,37.67,79.67,0.0,0.0,0.0,0.0,0.33,0.0,1.0,2.33,1.67,7.33,0.33,4.33,0.24,0.58,0.67,0.67,3.33,0.33,0.24,0.93,0.33,7.9,0.8,0.56,0.7,0.14,0.78,0.4,0.6,13.46,44.72,54.9,34.8,83.8,0.0,0.0,0.0,0.0,0.2,0.0,1.0,2.2,1.4,8.6,0.6,3.2,0.17,0.74,0.6,0.6,3.6,0.6,0.17,0.84,0.27,6.86,384502.0,0.9163170651281792,2.0,0.876,0.079,0.045,,,0.0993734212038512,0.134619295157812,0,1.0,3.900724991492692
6086,0,0,2,0,0.0,115,0.0,0.02,0.02,0.04,352,0,0,0.4,0.0,2024-05-04,8,10,0,0,0,0,36,0,5575,0,0,0,6.0,1,-21,44,65,5.2,True,0,115.0,,Brentford,0,1,0.0267076082527637,2,Sub,Brentford,Fulham,0,0,22246,2023,658846,0.0,0,0,0,0.0267076082527637,0.0,0.0,9156.0,Brentford,Kevin Schade,Kevin Schade,2,2,36,3.0,MID,0.0,0.0,0.03,0.03,0.04,0.0,0.0,1.3,4.0,0.0,9.0,13.0,0.0,0.0,0.0,0.0,0.0,0.0,0.0,0.0,1.0,1.0,0.0,1.0,0.03,0.0,0.0,0.0,0.0,0.0,0.03,0.03,0.0,2.2,0.0,0.12,0.27,0.16,0.12,0.33,0.33,3.5,19.13,4.9,10.67,11.0,0.0,0.0,0.0,0.0,0.0,0.0,0.0,1.67,1.33,3.67,0.33,0.67,0.2,0.13,0.33,0.33,0.33,0.33,0.2,0.33,0.0,2.07,0.0,0.11,0.29,0.18,0.27,0.4,0.2,3.44,13.64,8.72,11.8,24.2,0.0,0.0,0.0,0.0,0.0,0.0,0.2,1.4,1.4,3.4,0.2,0.8,0.2,0.12,0.4,0.2,0.6,0.2,0.2,0.33,0.03,3.04,-3.0,-0.1926605504587156,1.0,0.453,0.25,0.297,,,0.0443302420085904,1.159168760977991e-09,0,0.0,1.2216512135204582
6146,0,0,15,0,9.3,388,0.31,0.31,0.0,1.47,356,4,0,2.5,15.8,2024-05-06,90,8,0,0,0,0,36,0,90840,1,0,4,0.0,2,-682,5198,5880,4.4,False,0,388.0,,Manchester United,0,0,0.0,90,DMC,Crystal Palace,Manchester United,4,0,22250,2023,660058,0.0,0,0,0,0.0,0.075659267604351,0.075659267604351,11174.0,Manchester United,Kobbie Mainoo,Kobbie Mainoo,3,2,36,3.0,MID,1.0,0.01,0.06,0.05,1.12,0.0,0.0,2.4,5.8,14.6,4.0,64.0,0.0,0.0,0.0,0.0,0.0,0.0,1.0,1.0,1.0,3.0,0.0,1.0,0.06,0.04,0.0,0.0,1.0,0.0,0.06,0.43,0.37,4.9,0.33,0.05,0.09,0.04,1.17,1.33,0.0,3.13,11.27,11.8,8.33,77.0,0.0,0.0,0.0,0.0,0.0,0.0,1.0,1.67,2.33,3.33,0.0,1.0,0.05,0.02,0.33,0.33,0.67,0.0,0.05,0.22,0.17,4.67,0.2,0.03,0.08,0.04,1.96,2.0,0.2,4.64,22.8,12.48,11.0,81.0,0.0,0.0,0.0,0.0,0.0,0.0,1.0,2.0,2.6,4.4,0.2,1.0,0.05,0.02,0.2,0.2,0.8,0.2,0.05,0.18,0.13,4.14,-12.0,-0.0615634591081422,2.0,0.402,0.255,0.342,,,-1.5743444325977407e-09,0.0092926088786362,0,0.0,2.0278778187641864
6208,0,0,5,0,1.3,90,0.01,0.01,0.0,0.22,352,0,0,1.4,12.2,2024-05-04,45,10,0,0,0,0,36,0,98411,1,0,0,0.0,1,-1385,2168,3553,4.4,True,0,90.0,,Brentford,0,0,0.0,47,DR,Brentford,Fulham,0,0,22246,2023,658834,0.0,0,0,0,0.0,0.0,0.0,9677.0,Brentford,Kristoffer Ajer,Kristoffer Ajer,2,2,36,2.2,DEF,0.0,0.02,0.02,0.0,0.74,1.0,0.0,1.0,6.2,1.3,2.0,83.0,0.0,0.0,0.0,0.0,0.0,0.0,1.0,0.0,1.0,2.0,0.0,0.0,0.0,0.0,0.0,0.0,0.0,0.0,0.0,0.0,0.0,3.0,0.33,0.02,0.07,0.05,0.85,1.33,0.0,2.3,10.4,0.8,11.67,82.67,0.0,0.0,0.0,0.0,0.0,0.0,1.0,2.67,1.67,3.0,0.0,1.0,0.06,0.0,0.0,0.0,0.0,0.0,0.06,0.1,0.08,4.07,0.4,0.03,0.12,0.09,0.83,1.0,0.2,4.24,20.84,5.54,15.8,85.6,0.0,0.0,0.0,0.0,0.0,0.0,1.0,1.8,1.2,4.8,0.2,1.0,0.15,0.02,0.0,0.0,0.4,0.2,0.15,0.28,0.14,4.5,-1174.0,-0.2420905436112568,1.0,0.453,0.25,0.297,,1.7325282537763198,0.0003428520462591,-5.277553949412095e-10,0,1.0,5.1360571106942885
6240,0,0,9,0,0.4,544,0.0,0.0,0.0,4.13,355,5,0,2.7,26.8,2024-05-05,90,7,0,0,0,0,36,0,169732,1,0,5,0.0,0,-2847,1312,4159,4.5,False,0,544.0,,West Ham United,0,0,0.0,90,DC,Chelsea,West Ham United,5,0,22249,2023,659344,0.0,0,0,0,0.0,0.0257851704955101,0.0257851704955101,935.0,West Ham United,Kurt Zouma,Kurt Zouma,2,3,36,0.5,DEF,0.0,0.04,0.07,0.03,1.75,2.0,0.0,3.8,19.2,10.3,8.0,90.0,0.0,0.0,0.0,0.0,0.0,0.0,1.0,2.0,2.0,1.0,0.0,1.0,0.02,0.04,0.0,0.0,1.0,0.0,0.02,0.08,0.03,0.5,0.0,0.01,0.02,0.01,1.9,2.67,0.0,2.03,13.27,3.57,3.33,70.0,0.0,0.0,0.0,0.0,0.0,0.0,0.67,2.0,2.33,0.67,0.0,0.33,0.01,0.01,0.0,0.0,0.33,0.0,0.01,0.03,0.01,2.03,0.0,0.01,0.07,0.06,1.63,2.0,0.2,3.24,21.16,2.42,8.6,78.0,0.0,0.0,0.0,0.0,0.0,0.0,0.8,1.8,1.8,2.8,0.2,0.4,0.1,0.01,0.0,0.0,0.2,0.2,0.1,0.03,0.02,2.28,-2345.0,-0.52038018643758,0.0,0.577,0.212,0.212,,2.078968148636253,5.515961021274052e-10,-5.277553949412095e-10,0,0.0,0.9610000017263107
6271,0,0,12,0,4.7,369,0.02,0.02,0.0,0.35,359,1,0,1.9,14.0,2024-05-04,90,20,0,0,0,0,36,0,1479833,1,1,5,0.0,2,231204,245813,14609,5.4,True,0,369.0,,Manchester City,0,0,0.0,90,DR,Manchester City,Wolverhampton Wanderers,5,1,22253,2023,659049,0.0,0,0,0,0.0,0.6303973197937012,0.6303973197937012,638.0,Manchester City,Kyle Walker,Kyle Walker,2,5,36,7.0,DEF,1.0,0.07,0.07,0.0,1.64,0.0,0.0,2.4,13.8,10.3,0.0,90.0,0.0,0.0,0.0,0.0,0.0,0.0,1.0,2.0,0.0,8.0,0.0,0.0,0.0,0.0,0.0,0.0,0.0,0.0,0.0,0.48,0.48,5.4,0.67,0.04,0.04,0.0,1.45,0.33,0.0,4.17,24.4,13.17,4.0,86.0,0.0,0.0,0.0,0.0,0.0,0.0,1.0,2.33,0.33,8.0,0.0,0.0,0.0,0.19,0.67,0.67,0.67,0.0,0.0,0.44,0.25,4.3,0.6,0.09,0.1,0.01,0.99,0.4,0.0,4.18,19.96,15.54,6.2,87.6,0.0,0.0,0.0,0.0,0.2,0.0,1.0,1.6,1.0,6.2,0.0,0.4,0.01,0.2,0.4,0.4,0.6,0.0,0.01,0.77,0.57,4.98,231300.0,0.8878051777499597,2.0,0.876,0.079,0.045,,0.224368052160417,5.515961021274052e-10,-5.277553949412095e-10,0,0.0,1.8880000017263106
6314,0,0,23,1,5.5,26,0.04,0.59,0.55,0.37,351,0,1,7.0,33.0,2024-05-04,80,3,0,0,0,0,36,0,235659,1,0,3,31.0,8,3803,10042,6239,6.5,True,0,26.0,,Arsenal,1,4,0.4016415774822235,85,FWL,Arsenal,Bournemouth,3,0,22245,2023,658596,0.0,0,0,1,0.4016415774822235,0.758756697177887,0.357115089893341,7698.0,Arsenal,Leandro Trossard,Leandro Trossard,2,5,36,6.6,MID,1.0,0.03,0.09,0.06,1.13,0.0,0.0,1.7,4.4,1.3,11.0,62.0,0.0,0.0,0.0,0.0,0.0,0.0,1.0,3.0,2.0,3.0,0.0,1.0,0.1,0.0,0.0,0.0,0.0,0.0,0.1,0.5,0.4,5.3,1.0,0.04,0.28,0.23,0.96,0.0,0.67,6.47,26.27,11.5,27.0,68.0,0.0,0.0,0.0,0.0,0.67,0.0,1.0,1.67,2.33,5.67,0.67,2.33,0.2,0.05,0.0,0.0,0.67,0.67,0.2,0.55,0.32,9.1,0.8,0.04,0.36,0.32,0.68,0.0,0.6,7.0,26.48,13.92,29.6,59.2,0.0,0.0,0.0,0.0,0.4,0.0,0.8,2.0,1.4,5.2,0.6,2.2,0.32,0.09,0.0,0.0,1.0,0.6,0.32,0.63,0.24,7.0,4237.0,0.2335851606166697,8.0,0.785,0.128,0.087,,,0.2570680557506333,0.0014607194627158,0,1.0,4.2897224371413145
6350,0,0,4,0,1.8,34,0.02,0.02,0.0,2.69,353,1,0,1.2,6.6,2024-05-05,90,5,0,0,0,0,36,0,379939,1,0,1,4.0,2,-6615,11877,18492,5.5,False,0,34.0,,Aston Villa,0,0,0.0,90,AMR,Brighton and Hove Albion,Aston Villa,1,0,22247,2023,659409,0.0,0,0,0,0.0,0.0,0.0,5221.0,Aston Villa,Leon Bailey,Leon Bailey,3,3,36,6.0,MID,0.0,0.0,0.02,0.02,1.07,1.0,0.0,1.9,0.6,0.9,17.0,74.0,0.0,0.0,0.0,0.0,1.0,0.0,1.0,2.0,2.0,1.0,0.0,1.0,0.05,0.0,0.0,0.0,0.0,0.0,0.05,0.18,0.13,5.7,0.0,0.1,0.57,0.48,0.85,0.67,0.67,8.07,33.07,22.6,25.0,63.0,0.0,0.0,0.0,0.0,0.33,0.0,0.67,1.67,1.67,6.67,0.67,1.0,0.38,0.3,0.33,0.33,2.0,0.67,0.38,0.69,0.05,4.9,0.0,0.09,0.39,0.3,1.02,1.2,0.4,6.1,21.8,19.52,19.8,61.2,0.0,0.0,0.0,0.0,0.2,0.0,0.6,1.8,2.4,5.2,0.4,1.0,0.25,0.19,0.4,0.2,1.4,0.4,0.25,0.45,0.05,3.86,-5838.0,-0.2178208041094537,2.0,0.35,0.257,0.393,,,0.0196002253376501,1.159168760977991e-09,0,0.0,2.098001130165757
6408,0,0,14,0,0.9,66,0.0,0.0,0.0,3.98,351,3,0,2.3,22.0,2024-05-04,90,1,0,0,0,0,36,0,7460,1,0,3,0.0,2,-652,115,767,4.9,False,0,66.0,,Bournemouth,0,0,0.0,90,DMC,Arsenal,Bournemouth,3,0,22245,2023,658604,0.0,0,0,0,0.0,0.0,0.0,1789.0,Bournemouth,Lewis Cook,Lewis Cook,2,5,36,1.2,MID,1.0,0.23,0.23,0.0,1.0,0.0,0.0,5.3,26.2,26.7,0.0,90.0,0.0,0.0,0.0,0.0,0.0,0.0,1.0,0.0,3.0,3.0,0.0,0.0,0.0,0.17,0.0,0.0,2.0,0.0,0.0,0.41,0.38,2.2,0.67,0.09,0.09,0.0,1.3,1.0,0.0,2.93,16.73,11.97,0.67,90.0,0.0,0.0,0.0,0.0,0.0,0.0,1.0,0.67,2.0,2.67,0.0,0.0,0.0,0.06,0.0,0.0,0.67,0.0,0.0,0.36,0.35,3.33,0.4,0.06,0.06,0.0,1.19,1.2,0.0,2.9,13.64,14.88,0.4,89.2,0.0,0.0,0.0,0.0,0.2,0.0,1.0,1.0,2.0,2.2,0.0,0.0,0.0,0.06,0.0,0.0,1.0,0.0,0.0,0.32,0.3,2.94,-599.0,-0.7392290249433107,2.0,0.785,0.128,0.087,,,-1.5743444325977407e-09,1.159168760977991e-09,1,0.0,0.9999999956057841
6453,0,1,26,1,0.7,129,0.01,0.01,0.0,0.06,353,0,0,1.6,15.4,2024-05-05,90,2,0,0,0,0,36,0,595821,1,0,1,0.0,7,6391,26419,20028,5.2,True,0,129.0,,Brighton and Hove Albion,0,0,0.0,90,DC,Brighton and Hove Albion,Aston Villa,1,0,22247,2023,659389,0.0,0,0,0,0.0,1.3818942308425903,1.3818942308425903,6048.0,Brighton and Hove Albion,Lewis Dunk,Lewis Dunk,3,3,36,2.3,DEF,0.0,0.01,0.01,0.0,2.26,3.0,0.0,4.0,39.0,1.2,0.0,90.0,0.0,0.0,0.0,0.0,0.0,0.0,1.0,0.0,3.0,1.0,0.0,0.0,0.0,0.0,0.0,0.0,0.0,0.0,0.0,0.24,0.24,2.4,0.0,0.01,0.02,0.02,1.75,2.67,0.0,3.03,23.33,0.6,6.33,90.0,0.0,0.0,0.0,0.0,0.0,0.0,1.0,1.67,1.33,1.33,0.0,0.33,0.03,0.0,0.0,0.0,0.0,0.0,0.03,0.15,0.15,2.43,0.2,0.01,0.02,0.01,1.8,2.2,0.0,3.26,22.56,5.76,4.2,90.0,0.0,0.0,0.0,0.0,0.0,0.0,1.0,1.6,0.8,2.4,0.0,0.2,0.02,0.02,0.0,0.0,0.4,0.0,0.02,0.18,0.17,3.06,7499.0,0.1375976919930243,6.0,0.35,0.257,0.393,,1.469462694834565,5.515961021274052e-10,-5.277553949412095e-10,0,0.0,1.2650000017263108
6470,0,0,14,0,1.4,204,0.02,0.09,0.07,1.08,354,1,0,2.8,19.4,2024-05-04,90,6,0,0,0,0,36,0,41200,1,4,1,7.0,2,6760,8445,1685,4.2,False,0,204.0,,Newcastle United,0,2,0.1204319670796394,90,DL,Burnley,Newcastle United,1,4,22248,2023,658884,0.0,0,0,0,0.1204319670796394,0.7560718655586243,0.6785054802894592,10216.0,Newcastle United,Lewis Hall,Lewis Hall,3,2,36,2.0,DEF,0.0,0.01,0.09,0.08,1.39,1.0,0.0,3.2,9.0,1.6,21.0,81.0,0.0,0.0,0.0,0.0,0.0,0.0,1.0,1.0,5.0,2.0,0.0,2.0,0.1,0.0,0.0,0.0,0.0,0.0,0.1,0.37,0.28,3.0,0.0,0.01,0.04,0.03,0.58,0.67,0.0,1.13,3.0,0.8,7.67,36.0,0.0,0.0,0.0,0.0,0.0,0.0,0.33,0.33,3.67,1.33,0.0,1.0,0.04,0.0,0.0,0.0,0.0,0.0,0.04,0.13,0.09,3.13,0.4,0.04,0.06,0.02,0.7,0.4,0.0,1.96,9.64,4.88,5.0,55.2,0.0,0.0,0.0,0.0,0.0,0.0,0.6,0.6,2.4,3.8,0.0,0.6,0.02,0.03,0.0,0.0,0.2,0.0,0.02,0.3,0.25,3.34,7003.0,0.667324777887463,2.0,0.278,0.237,0.485,,1.7859402922421377,0.0642814905128912,-5.277553949412095e-10,0,0.0,0.49268894149408093
6538,0,0,14,0,12.8,805,0.02,0.12,0.1,3.58,354,4,0,6.0,22.8,2024-05-04,90,15,0,0,0,0,36,0,18119,1,4,1,24.0,0,5082,6557,1475,4.0,True,0,805.0,,Burnley,0,2,0.0634202808141708,90,,Burnley,Newcastle United,1,4,22248,2023,658866,0.0593788065016269,0,1,0,0.0634202808141708,0.6119567155838013,0.5485364198684692,8973.0,Burnley,Lorenz Assignon,Lorenz Assignon,3,2,36,4.0,DEF,0.0,0.04,0.07,0.03,2.71,1.0,0.0,3.1,13.0,1.6,16.0,90.0,0.0,0.0,0.0,0.0,0.0,0.0,1.0,1.0,1.0,2.0,0.0,1.0,0.02,0.0,0.0,0.0,0.0,0.0,0.02,0.17,0.16,4.5,0.0,0.21,0.29,0.08,2.02,1.0,0.33,7.1,36.47,14.87,19.67,90.0,0.0,0.0,0.0,0.0,0.0,0.0,1.0,2.0,1.0,6.0,0.33,1.33,0.07,0.19,0.33,0.33,1.0,0.33,0.07,0.48,0.37,2.4,0.0,0.13,0.18,0.05,2.76,1.2,0.2,4.58,23.2,9.26,13.4,78.4,0.0,0.0,0.0,0.2,0.0,0.0,1.0,1.6,1.2,3.4,0.2,0.8,0.04,0.12,0.2,0.2,0.6,0.2,0.04,0.31,0.24,1.28,5288.0,0.6327191235059761,0.0,0.278,0.237,0.485,,1.7753531108185712,0.1067601819341983,0.0594692653614394,0,0.0,1.9309688876895081
6587,0,0,11,0,1.6,42,0.01,0.01,0.0,2.63,353,1,0,1.1,9.4,2024-05-05,89,5,0,0,0,0,36,0,339579,1,0,1,0.0,2,7287,13265,5978,4.6,False,0,42.0,,Aston Villa,0,0,0.0,90,DL,Brighton and Hove Albion,Aston Villa,1,0,22247,2023,659406,0.0,0,0,0,0.0,0.0,0.0,1823.0,Aston Villa,Lucas Digne,Lucas Digne,3,3,36,4.7,DEF,0.0,0.22,0.26,0.04,1.37,2.0,0.0,5.1,17.2,25.7,8.0,90.0,0.0,0.0,0.0,0.0,0.0,0.0,1.0,2.0,2.0,1.0,0.0,1.0,0.05,0.19,0.0,0.0,2.0,0.0,0.05,0.43,0.43,3.7,0.33,0.09,0.14,0.04,1.56,1.0,0.0,3.77,18.8,14.9,4.0,90.0,0.0,0.0,0.0,0.0,0.0,0.0,1.0,1.67,1.67,5.0,0.0,0.67,0.05,0.11,0.33,0.33,1.0,0.0,0.05,0.47,0.47,3.17,0.2,0.07,0.12,0.05,1.9,2.0,0.0,3.02,14.0,11.26,4.8,90.0,0.0,0.0,0.0,0.0,0.0,0.0,1.0,1.8,2.4,3.2,0.0,0.8,0.05,0.06,0.2,0.2,0.6,0.0,0.05,0.4,0.4,2.02,8359.0,0.3786831575118224,2.0,0.35,0.257,0.393,,1.6460279881375182,5.515961021274052e-10,-5.277553949412095e-10,0,0.0,1.1770000017263107
6618,0,0,9,0,40.5,539,0.14,0.2,0.06,3.46,355,4,0,6.0,8.2,2024-05-05,75,7,0,0,0,0,36,0,161507,1,0,5,11.0,1,-3668,1204,4872,6.0,False,1,,,West Ham United,0,1,0.054591067135334,79,,Chelsea,West Ham United,5,0,22249,2023,659350,0.3561013042926788,0,2,0,0.054591067135334,0.3957764208316803,0.0396751090884208,,West Ham United,,,2,3,36,1.5,MID,0.0,0.06,0.06,0.0,1.75,2.0,0.0,1.6,4.8,2.8,8.0,90.0,0.0,0.0,0.0,0.0,0.0,0.0,1.0,2.0,2.0,2.0,0.0,0.0,0.0,0.0,0.0,0.0,0.0,0.0,0.0,0.35,0.35,2.7,0.0,0.07,0.14,0.06,2.5,3.0,0.0,4.63,10.13,19.1,17.0,90.0,0.0,0.0,0.0,0.0,0.33,0.0,1.0,2.0,2.33,1.67,0.0,1.0,0.13,0.11,0.0,0.0,1.0,0.0,0.13,0.25,0.22,3.3,0.0,0.09,0.3,0.21,1.99,2.2,0.2,5.22,18.92,18.76,14.4,90.0,0.0,0.0,0.0,0.0,0.4,0.0,1.0,1.8,1.8,3.0,0.2,1.2,0.24,0.07,0.0,0.0,1.0,0.0,0.09,0.26,0.22,3.56,-3114.0,-0.6036866359447005,1.0,0.577,0.212,0.212,,,0.0833579813266773,0.1848547494104646,0,0.0,2.9713541548647804
6655,0,0,5,0,12.9,303,0.09,0.37,0.28,0.74,357,1,0,6.3,7.0,2024-05-05,74,18,0,0,0,0,36,0,1327377,1,2,4,43.0,2,-130942,15733,146675,7.7,True,0,303.0,,Liverpool,0,2,0.2456720322370529,77,FWL,Liverpool,Tottenham Hotspur,4,2,22251,2023,659552,0.0450230874121189,0,1,0,0.2456720322370529,0.5260142087936401,0.2803421914577484,10408.0,Liverpool,Luis Díaz,Luis Díaz,3,5,36,2.4,MID,0.0,0.33,0.48,0.15,0.66,2.0,0.0,17.7,37.2,77.9,62.0,78.0,0.0,0.0,0.0,0.0,0.0,0.0,1.0,2.0,2.0,5.0,0.0,3.0,0.26,0.52,1.0,1.0,7.0,0.0,0.26,1.01,0.41,4.3,0.0,0.26,0.47,0.21,0.75,1.67,0.0,9.97,19.0,45.2,35.33,80.33,0.0,0.0,0.0,0.0,0.33,0.0,1.0,1.67,1.67,2.67,0.0,2.33,0.35,0.27,0.33,0.33,3.67,0.0,0.35,0.76,0.42,8.37,0.0,0.23,0.6,0.36,0.85,1.6,0.2,10.08,21.0,34.8,44.8,79.2,0.0,0.0,0.0,0.0,0.2,0.0,1.0,1.6,1.4,3.4,0.2,2.8,0.48,0.31,0.2,0.2,2.8,0.2,0.48,0.81,0.31,7.7,-123699.0,-0.8062533865326831,2.0,0.641,0.167,0.192,,,0.2530685192641366,0.1107805468211799,0,1.0,4.5976842367842226
6703,0,0,3,0,0.0,317,0.0,0.11,0.11,0.0,358,0,0,2.8,3.0,2024-05-03,3,9,0,0,0,0,36,0,3236,0,1,1,25.0,1,-4,48,52,4.6,True,0,317.0,,Luton,0,2,0.1331856399774551,1,Sub,Luton,Everton,1,1,22252,2023,658568,0.0,0,0,0,0.1331856399774551,0.0221939869225025,0.0,11722.0,Luton,Luke Berry,Luke Berry,2,2,36,2.0,MID,0.0,0.0,0.07,0.07,0.39,0.0,0.0,2.4,6.4,0.8,17.0,24.0,0.0,0.0,0.0,0.0,0.0,0.0,0.0,1.0,2.0,1.0,0.0,1.0,0.04,0.0,0.0,0.0,0.0,0.0,0.04,0.04,0.0,2.3,0.0,0.0,0.12,0.12,1.77,2.0,0.33,2.73,15.13,0.5,12.0,48.33,0.0,0.0,0.0,0.0,0.0,0.0,0.33,2.33,2.67,3.0,0.33,0.67,0.11,0.0,0.0,0.0,0.0,0.33,0.11,0.11,0.0,1.83,0.0,0.01,0.09,0.08,1.09,1.2,0.2,2.32,12.92,2.44,8.4,36.4,0.0,0.0,0.0,0.0,0.0,0.0,0.2,1.6,2.4,2.8,0.2,0.6,0.07,0.01,0.2,0.2,0.2,0.2,0.07,0.11,0.02,1.56,2.0,-0.04,1.0,0.365,0.263,0.372,,,0.1773744632541312,1.159168760977991e-09,0,0.0,1.8868723197481623
6751,0,0,0,0,12.8,168,0.21,0.8,0.59,3.23,354,4,0,5.5,6.2,2024-05-04,84,15,0,0,0,0,36,0,45266,1,4,1,36.0,2,456,1952,1496,4.7,True,0,168.0,,Burnley,0,4,0.5975130200386047,90,FW,Burnley,Newcastle United,1,4,22248,2023,658875,0.0288179330527782,0,1,0,0.5975130200386047,0.66170334815979,0.0353724062442779,7498.0,Burnley,Lyle Foster,Lyle Foster,3,2,36,2.5,FWD,0.0,0.05,0.62,0.57,2.71,1.0,0.0,6.3,8.4,16.7,38.0,90.0,0.0,0.0,0.0,0.0,0.0,0.0,1.0,1.0,1.0,2.0,0.0,3.0,0.63,0.11,0.0,0.0,1.0,0.0,0.63,0.73,0.02,2.5,0.0,0.05,0.46,0.41,1.96,1.0,0.33,6.77,17.07,10.87,39.67,87.67,0.0,0.0,0.0,0.0,0.0,0.0,1.0,2.0,1.0,3.33,0.33,2.33,0.46,0.05,0.0,0.0,0.67,0.33,0.46,0.64,0.19,2.27,0.0,0.06,0.32,0.26,1.51,1.0,0.2,5.8,14.64,12.32,31.0,87.6,0.0,0.0,0.0,0.0,0.0,0.0,1.0,1.4,1.0,2.8,0.2,1.6,0.29,0.05,0.0,0.0,0.8,0.2,0.29,0.51,0.22,1.68,625.0,0.1322505800464037,2.0,0.278,0.237,0.485,,,0.3653853131305975,0.0666207532831077,0,,3.661403512371713
6793,0,0,5,0,2.6,114,0.08,0.08,0.0,0.97,352,0,0,1.2,7.2,2024-05-04,45,10,0,0,0,0,36,0,60217,0,0,0,2.0,1,-4297,654,4951,4.4,True,0,,,Brentford,0,0,0.0,43,,Brentford,Fulham,0,0,22246,2023,658845,0.0,0,0,0,0.0,0.0,0.0,,Brentford,,,2,2,36,2.0,DEF,0.0,0.0,0.0,0.0,0.04,0.0,0.0,0.1,0.4,0.2,0.0,6.0,0.0,0.0,0.0,0.0,0.0,0.0,0.0,0.0,1.0,1.0,0.0,0.0,0.0,0.0,0.0,0.0,0.0,0.0,0.0,0.0,0.0,2.8,0.33,0.03,0.05,0.02,0.39,0.33,0.0,1.67,9.2,5.2,2.0,36.67,0.0,0.0,0.0,0.0,0.33,0.0,0.33,1.67,1.33,2.33,0.0,0.33,0.02,0.04,0.0,0.0,0.33,0.0,0.02,0.06,0.03,4.03,0.4,0.02,0.03,0.01,0.76,0.8,0.0,1.22,7.36,3.32,1.2,58.0,0.0,0.0,0.0,0.0,0.2,0.0,0.6,1.6,1.4,2.8,0.0,0.2,0.01,0.02,0.0,0.0,0.2,0.0,0.01,0.07,0.05,3.62,-4029.0,-0.7666369313113292,1.0,0.453,0.25,0.297,,0.8674751403095626,0.0015788911269669,-5.277553949412095e-10,0,0.0,0.5754733451785352
6834,0,0,6,0,2.6,203,0.01,0.01,0.0,0.06,355,0,0,0.9,4.4,2024-05-05,7,19,0,0,0,0,36,0,858860,0,0,5,2.0,1,-149838,1485,151323,4.3,True,0,203.0,,Chelsea,0,0,0.0,4,Sub,Chelsea,West Ham United,5,0,22249,2023,659337,0.0,0,0,0,0.0,0.021399138495326,0.021399138495326,9017.0,Chelsea,Malo Gusto,Malo Gusto,2,3,36,0.3,DEF,1.0,0.06,0.06,0.0,1.38,0.0,0.0,2.7,8.8,14.3,4.0,87.0,0.0,0.0,0.0,0.0,0.0,0.0,1.0,0.0,6.0,6.0,0.0,0.0,0.0,0.09,0.0,0.0,1.0,0.0,0.0,0.28,0.18,1.8,0.33,0.14,0.26,0.12,1.39,1.67,0.0,7.4,18.53,42.23,13.33,82.33,0.0,0.0,0.0,0.0,0.33,0.0,1.0,1.67,4.0,2.33,0.0,1.0,0.16,0.28,0.0,0.0,3.33,0.0,0.16,0.73,0.49,1.7,0.2,0.18,0.25,0.07,1.36,1.8,0.0,6.76,22.4,35.48,9.6,85.4,0.0,0.0,0.0,0.0,0.2,0.0,1.0,1.8,3.4,2.6,0.0,0.6,0.1,0.28,0.2,0.2,2.6,0.0,0.1,0.76,0.58,2.42,-317656.0,-0.9805638448248782,1.0,0.577,0.212,0.212,,0.4739046411136096,0.0073935847678034,-5.277553949412095e-10,0,0.0,1.807361507023554
6869,0,0,6,0,12.5,341,0.02,0.23,0.21,0.35,359,1,0,3.4,12.6,2024-05-04,90,20,0,0,0,0,36,0,595828,1,1,5,9.0,2,23709,33920,10211,5.0,True,0,341.0,,Manchester City,0,1,0.6315119862556458,90,DC,Manchester City,Wolverhampton Wanderers,5,1,22253,2023,659051,0.0315771549940109,0,1,0,0.6315119862556458,1.4825551509857178,0.851043164730072,6490.0,Manchester City,Manuel Akanji,Manuel Akanji,2,5,36,5.5,DEF,1.0,0.0,0.0,0.0,1.64,0.0,0.0,2.1,10.8,10.3,0.0,90.0,0.0,0.0,0.0,0.0,0.0,0.0,1.0,2.0,0.0,8.0,0.0,0.0,0.0,0.03,0.0,0.0,1.0,0.0,0.0,0.44,0.41,4.8,0.67,0.06,0.08,0.02,0.87,0.33,0.0,3.27,16.67,14.1,2.0,90.0,0.0,0.0,0.0,0.0,0.0,0.0,1.0,2.33,1.67,5.33,0.0,0.33,0.01,0.04,0.0,0.0,1.0,0.0,0.01,0.85,0.83,4.13,0.4,0.05,0.07,0.01,0.78,0.6,0.0,3.2,17.08,13.24,1.6,81.0,0.0,0.0,0.0,0.0,0.0,0.0,0.8,2.4,2.2,3.8,0.0,0.2,0.01,0.03,0.0,0.0,0.8,0.0,0.01,0.95,0.92,4.0,24761.0,0.5372413949377989,2.0,0.876,0.079,0.045,,0.1291588513694253,0.0680004798557485,0.0261962474829431,0,1.0,6.42159162158332
6903,0,0,4,0,11.1,228,0.0,0.0,0.0,0.0,356,0,0,1.5,3.6,2024-05-06,12,14,0,0,0,0,36,0,141229,0,0,4,0.0,1,-1185,354,1539,4.2,True,0,,,Crystal Palace,0,0,0.0,9,,Crystal Palace,Manchester United,4,0,22250,2023,660051,0.0513984523713588,0,1,0,0.0,0.0513984523713588,0.0513984523713588,,Crystal Palace,,,3,2,36,0.2,DEF,0.0,0.0,0.0,0.0,0.35,1.0,0.0,0.5,1.6,3.2,0.0,27.0,0.0,0.0,0.0,0.0,1.0,0.0,1.0,1.0,4.0,0.0,0.0,0.0,0.0,0.0,0.0,0.0,0.0,0.0,0.0,0.0,0.0,0.7,0.0,0.0,0.0,0.0,1.22,2.0,0.0,1.6,10.53,5.47,0.0,67.67,0.0,0.0,0.0,0.0,0.33,0.0,1.0,1.0,4.0,0.67,0.0,0.0,0.0,0.03,0.0,0.0,0.33,0.0,0.0,0.27,0.24,1.33,0.0,0.01,0.01,0.0,1.56,1.8,0.0,2.08,15.08,5.6,0.0,76.6,0.0,0.0,0.0,0.0,0.2,0.0,1.0,1.0,3.4,1.6,0.0,0.0,0.0,0.04,0.2,0.2,0.4,0.0,0.0,0.32,0.28,1.42,-201956.0,-0.6259904912836767,1.0,0.402,0.255,0.342,,0.5966017614640615,5.515961021274052e-10,0.0548430285398335,0,0.0,1.8665290889290769
6934,0,0,11,0,0.9,83,0.01,0.01,0.0,3.89,351,2,0,2.4,23.2,2024-05-04,79,1,0,0,0,0,36,0,273950,1,0,3,0.0,1,7030,21254,14224,4.4,False,0,83.0,,Bournemouth,0,0,0.0,84,DC,Arsenal,Bournemouth,3,0,22245,2023,658601,0.0,0,0,0,0.0,0.0,0.0,10864.0,Bournemouth,Marcos Senesi,Marcos Senesi,2,5,36,4.6,DEF,1.0,0.02,0.6,0.58,1.0,0.0,1.0,7.1,38.0,0.4,33.0,90.0,0.0,0.0,0.0,0.0,1.0,0.0,1.0,0.0,3.0,13.0,1.0,1.0,0.72,0.0,0.0,0.0,0.0,1.0,0.72,0.32,0.32,5.6,0.67,0.02,0.34,0.31,0.85,0.67,0.33,4.07,21.2,4.2,15.33,79.33,0.0,0.0,0.0,0.0,0.67,0.0,1.0,0.67,2.0,6.33,0.33,1.67,0.33,0.13,0.0,0.0,0.33,0.33,0.33,0.42,0.28,4.87,0.4,0.02,0.21,0.19,0.85,1.0,0.2,4.0,23.04,7.72,9.2,66.4,0.0,0.0,0.0,0.0,0.6,0.0,0.8,1.0,2.0,5.6,0.2,1.0,0.2,0.1,0.4,0.4,0.6,0.2,0.2,0.43,0.34,3.46,8906.0,0.1981509667963245,1.0,0.785,0.128,0.087,,0.7945401542423194,5.515961021274052e-10,-5.277553949412095e-10,0,0.0,1.6030000017263106
7032,0,0,4,0,0.9,565,0.0,0.0,0.0,2.12,359,3,0,0.3,1.6,2024-05-04,45,13,0,0,0,0,36,0,10480,1,1,5,0.0,0,-194,157,351,4.9,False,1,565.0,,Wolverhampton Wanderers,0,0,0.0,53,MC,Manchester City,Wolverhampton Wanderers,5,1,22253,2023,659071,0.0,0,0,0,0.0,0.0,0.0,1299.0,Wolverhampton Wanderers,Mario Lemina,Mario Lemina,2,5,36,1.4,MID,0.0,0.38,0.44,0.06,0.59,1.0,0.0,6.6,32.2,28.7,5.0,90.0,0.0,0.0,0.0,0.0,0.0,0.0,1.0,1.0,2.0,8.0,0.0,2.0,0.08,0.7,1.0,1.0,2.0,0.0,0.08,0.76,0.7,3.3,0.0,0.16,0.2,0.04,1.05,1.0,0.0,5.93,23.47,24.97,11.0,73.0,0.0,0.0,0.0,0.0,0.0,0.0,0.67,1.33,0.67,3.67,0.0,1.67,0.05,0.26,0.33,0.33,1.67,0.0,0.05,0.32,0.25,2.7,0.0,0.1,0.14,0.03,1.22,1.2,0.0,4.78,19.44,20.52,8.0,76.6,0.0,0.0,0.0,0.0,0.2,0.0,0.8,1.6,1.0,2.8,0.0,1.2,0.04,0.16,0.2,0.2,1.4,0.0,0.04,0.36,0.31,2.38,-172.0,-0.3818897637795275,0.0,0.876,0.079,0.045,,,-1.5743444325977407e-09,1.159168760977991e-09,1,0.0,0.9999999956057841
7069,0,3,31,1,0.0,101,0.0,0.0,0.0,1.19,352,0,0,3.1,30.6,2024-05-04,90,10,0,0,0,0,36,3,516515,1,0,0,0.0,10,1499,17181,15682,4.7,True,0,101.0,,Brentford,0,0,0.0,90,GK,Brentford,Fulham,0,0,22246,2023,658833,0.0,0,0,0,0.0,0.0,0.0,7047.0,Brentford,Mark Flekken,Mark Flekken,2,2,36,5.2,GK,0.0,0.0,0.0,0.0,0.77,1.0,0.0,0.8,8.0,0.0,0.0,90.0,0.0,0.0,0.0,0.0,0.0,0.0,1.0,0.0,1.0,2.0,0.0,0.0,0.0,0.0,0.0,0.0,0.0,0.0,0.0,0.0,0.0,4.6,0.33,0.0,0.0,0.0,0.73,0.67,0.0,1.63,16.33,0.0,0.0,90.0,0.0,0.0,0.0,0.0,0.0,1.33,1.0,1.67,1.33,3.67,0.0,0.0,0.0,0.0,0.0,0.0,0.0,0.0,0.0,0.16,0.16,5.3,0.4,0.0,0.0,0.0,0.97,1.0,0.0,2.04,18.28,2.02,0.0,90.0,0.0,0.0,0.0,0.0,0.0,2.0,1.0,1.6,1.4,4.6,0.0,0.0,0.0,0.0,0.0,0.0,0.2,0.0,0.0,0.13,0.13,4.74,3597.0,0.045613608009007,7.0,0.453,0.25,0.297,3.3474279940322287,1.3810877799987793,,,1,1.0,5.425
7077,0,0,14,0,0.0,88,0.0,0.0,0.0,3.98,351,3,0,4.0,40.0,2024-05-04,90,1,0,0,0,0,36,6,16849,1,0,3,0.0,3,3844,4483,639,4.0,False,0,88.0,,Bournemouth,0,0,0.0,90,GK,Arsenal,Bournemouth,3,0,22245,2023,658599,0.0,0,0,0,0.0,0.0,0.0,7582.0,Bournemouth,Mark Travers,Mark Travers,2,5,36,2.6,GK,1.0,0.0,0.0,0.0,1.0,0.0,0.0,1.2,11.6,0.0,0.0,90.0,0.0,0.0,0.0,0.0,0.0,1.0,1.0,0.0,3.0,6.0,0.0,0.0,0.0,0.0,0.0,0.0,0.0,0.0,0.0,0.0,0.0,3.0,0.67,0.0,0.0,0.0,0.51,0.0,0.0,1.3,12.73,0.0,0.0,60.0,0.0,0.0,0.0,0.0,0.0,1.67,0.67,0.33,1.0,5.0,0.0,0.0,0.0,0.0,0.0,0.0,0.0,0.0,0.0,0.0,0.0,1.83,0.4,0.0,0.0,0.0,0.31,0.0,0.0,0.78,7.64,0.0,0.0,36.0,0.0,0.0,0.0,0.0,0.0,1.0,0.4,0.2,0.6,3.0,0.0,0.0,0.0,0.0,0.0,0.0,0.0,0.0,0.0,0.0,0.0,1.1,3958.0,0.7504880905896134,3.0,0.785,0.128,0.087,4.807614373847416,1.2004516124725342,,,0,1.0,7.003
7099,0,0,17,0,0.0,409,0.0,0.0,0.0,1.08,354,1,0,2.7,26.6,2024-05-04,90,6,0,0,0,0,36,4,917528,1,4,1,0.0,3,37946,64057,26111,4.3,False,0,409.0,,Newcastle United,0,0,0.0,90,GK,Burnley,Newcastle United,1,4,22248,2023,658880,0.0,0,0,0,0.0,0.3201246559619903,0.3201246559619903,6532.0,Newcastle United,Martin Dubravka,Martin Dubravka,3,2,36,4.0,GK,0.0,0.0,0.0,0.0,1.48,1.0,0.0,2.7,27.2,0.0,0.0,90.0,0.0,0.0,0.0,0.0,0.0,3.0,1.0,1.0,5.0,3.0,0.0,0.0,0.0,0.0,0.0,0.0,0.0,0.0,0.0,0.08,0.08,5.5,0.33,0.0,0.0,0.0,1.03,1.0,0.0,2.27,22.6,0.0,0.0,90.0,0.0,0.0,0.0,0.0,0.0,3.33,1.0,0.33,3.67,3.67,0.0,0.0,0.0,0.0,0.0,0.0,0.0,0.0,0.0,0.03,0.03,4.5,0.4,0.0,0.0,0.0,1.16,0.8,0.0,2.46,24.44,0.0,0.0,90.0,0.0,0.0,0.0,0.0,0.0,3.2,1.0,0.6,2.4,4.4,0.0,0.0,0.0,0.0,0.0,0.0,0.0,0.0,0.0,0.04,0.04,3.74,38728.0,0.4208366604560376,3.0,0.278,0.237,0.485,3.072980116961201,1.2745449542999268,,,0,1.0,6.3870000000000005
7134,0,0,10,1,35.0,14,0.4,1.1,0.7,0.37,351,0,0,7.1,12.2,2024-05-04,90,3,0,0,0,0,36,0,1988180,1,0,3,24.0,3,11016,50152,39136,8.6,True,0,,,Arsenal,0,3,0.6965219974517822,90,,Arsenal,Bournemouth,3,0,22245,2023,658592,0.106652908027172,0,1,0,0.6965219974517822,1.7442748546600342,0.9410999417304992,,Arsenal,,,2,5,36,6.6,MID,0.0,0.11,0.17,0.06,2.37,2.0,0.0,5.8,12.8,26.8,18.0,88.0,0.0,0.0,0.0,0.0,0.0,0.0,1.0,3.0,2.0,2.0,0.0,1.0,0.06,0.17,0.0,0.0,2.0,0.0,0.06,0.17,0.0,7.0,0.67,0.47,0.59,0.12,1.37,0.67,0.33,11.63,36.8,58.47,20.67,89.33,0.0,0.0,0.0,0.0,0.0,0.0,1.0,1.67,2.33,7.33,0.33,2.67,0.13,0.54,0.67,0.67,4.33,0.33,0.13,0.76,0.41,12.6,0.8,0.37,0.48,0.11,0.98,0.4,0.2,9.42,26.84,45.42,21.6,86.8,0.0,0.0,0.0,0.0,0.0,0.0,1.0,2.0,1.4,5.6,0.2,2.6,0.13,0.43,0.4,0.4,3.2,0.2,0.13,0.87,0.65,9.82,13707.0,0.1233760415733357,3.0,0.785,0.128,0.087,,,0.1903951054237638,0.1995197020771242,0,0.0,3.5505346333501913
7175,0,0,11,0,6.3,209,0.04,0.12,0.08,1.15,356,4,0,2.0,6.4,2024-05-06,79,8,0,0,0,0,36,0,84985,1,0,4,7.0,2,32,304,272,6.8,False,0,209.0,,Manchester United,0,1,0.0736285299062728,83,AMC,Crystal Palace,Manchester United,4,0,22250,2023,660060,0.0,0,0,0,0.0736285299062728,0.0736285299062728,0.0,7768.0,Manchester United,Mason Mount,Mason Mount,3,2,36,1.0,MID,0.0,0.0,0.0,0.0,0.1,0.0,0.0,1.5,4.4,10.1,0.0,1.0,0.0,0.0,0.0,0.0,0.0,0.0,0.0,1.0,1.0,1.0,0.0,0.0,0.0,0.2,0.0,0.0,1.0,0.0,0.0,0.2,0.0,1.1,0.0,0.0,0.0,0.0,0.19,0.0,0.0,0.6,2.0,3.93,0.0,6.33,0.0,0.0,0.0,0.0,0.33,0.0,0.0,1.67,1.67,0.67,0.0,0.0,0.0,0.07,0.0,0.0,0.33,0.0,0.0,0.07,0.0,1.47,0.0,0.0,0.02,0.02,0.38,0.6,0.2,1.58,9.28,3.0,3.4,6.6,0.0,0.0,0.0,0.0,0.2,0.0,0.0,1.8,2.0,1.8,0.2,0.2,0.08,0.04,0.0,0.0,0.2,0.2,0.08,0.12,0.0,1.74,239.0,0.0555555555555555,2.0,0.402,0.255,0.342,,,0.050200552898636,1.159168760977991e-09,1,0.0,0.2510027679706863
7202,0,0,10,0,6.7,356,0.04,0.07,0.03,0.35,359,1,0,3.8,12.6,2024-05-04,90,20,0,0,0,0,36,0,37235,1,1,5,19.0,2,-57,252,309,4.6,True,0,,,Manchester City,0,1,0.0564112365245819,90,,Manchester City,Wolverhampton Wanderers,5,1,22253,2023,659053,0.0,0,0,0,0.0564112365245819,0.9512127041816713,0.9512127041816713,,Manchester City,,,2,5,36,4.8,MID,0.0,0.02,0.02,0.0,0.36,0.0,0.0,1.8,14.0,3.7,0.0,45.0,0.0,0.0,0.0,0.0,0.0,0.0,0.0,2.0,0.0,1.0,0.0,0.0,0.0,0.0,0.0,0.0,0.0,0.0,0.0,0.52,0.52,4.0,0.33,0.09,0.22,0.13,0.45,0.33,0.33,6.83,26.93,27.67,13.67,75.0,0.0,0.0,0.0,0.0,0.0,0.0,0.67,2.33,1.67,4.33,0.33,1.67,0.09,0.11,0.0,0.0,2.0,0.33,0.09,0.65,0.55,4.47,0.2,0.06,0.13,0.08,0.38,0.4,0.2,4.82,18.64,20.94,8.6,51.2,0.0,0.0,0.0,0.0,0.0,0.0,0.4,2.4,2.2,3.0,0.2,1.0,0.05,0.08,0.0,0.0,1.6,0.2,0.05,0.44,0.37,3.62,6.0,-0.1016042780748663,2.0,0.876,0.079,0.045,,,0.1102867999945673,1.159168760977991e-09,0,0.0,2.5514340034503427
7234,0,0,3,0,1.3,566,0.03,0.03,0.0,0.0,359,0,0,0.4,0.4,2024-05-04,11,20,0,0,0,0,36,0,9129,0,1,5,2.0,1,-32,16,48,4.7,True,0,,,Manchester City,0,0,0.0,4,,Manchester City,Wolverhampton Wanderers,5,1,22253,2023,659061,0.0,0,0,0,0.0,1.0077943801879885,1.0077943801879885,,Manchester City,,,2,5,36,2.2,MID,0.0,0.0,0.0,0.0,0.0,0.0,0.0,0.0,0.0,0.0,0.0,1.0,0.0,0.0,0.0,0.0,0.0,0.0,0.0,2.0,0.0,1.0,0.0,0.0,0.0,0.0,0.0,0.0,0.0,0.0,0.0,0.0,0.0,2.2,0.0,0.06,0.19,0.13,0.27,0.33,0.0,2.87,2.8,10.97,15.0,36.33,0.0,0.0,0.0,0.0,0.0,0.0,0.33,2.33,1.67,1.33,0.0,1.33,0.15,0.04,0.0,0.0,0.33,0.0,0.15,0.34,0.17,2.23,0.0,0.03,0.13,0.1,0.28,0.4,0.0,2.12,2.28,8.96,10.0,28.0,0.0,0.0,0.0,0.0,0.0,0.0,0.2,2.4,2.2,1.2,0.0,1.2,0.12,0.04,0.0,0.0,0.4,0.0,0.12,0.3,0.15,1.8,-20.0,-0.5,1.0,0.876,0.079,0.045,,,0.0097925798604681,1.159168760977991e-09,0,0.0,1.0489629027798468
7264,0,0,0,0,8.8,590,0.02,0.02,0.0,2.88,359,4,0,1.4,5.4,2024-05-04,75,13,0,0,0,0,36,0,321602,1,1,5,0.0,2,-38431,7479,45910,5.6,False,0,,,Wolverhampton Wanderers,0,0,0.0,83,,Manchester City,Wolverhampton Wanderers,5,1,22253,2023,659073,0.0,0,0,0,0.0,0.1362167000770568,0.1362167000770568,,Wolverhampton Wanderers,,,2,5,36,2.8,FWD,1.0,0.02,0.03,0.01,0.32,0.0,0.0,4.5,20.8,15.7,8.0,75.0,0.0,0.0,0.0,0.0,0.0,0.0,1.0,1.0,2.0,5.0,0.0,1.0,0.02,0.08,1.0,1.0,1.0,0.0,0.02,0.15,0.07,3.9,0.33,0.13,0.34,0.21,0.78,0.67,0.67,7.5,32.27,12.07,30.67,61.67,0.0,0.0,0.0,0.0,0.67,0.0,0.67,1.33,1.33,5.67,0.67,2.33,0.34,0.03,0.33,0.33,0.67,0.67,0.34,0.15,0.06,2.67,0.2,0.09,0.21,0.13,0.72,0.8,0.4,4.78,20.96,7.6,19.2,46.8,0.0,0.0,0.0,0.0,0.6,0.0,0.4,1.4,1.2,3.6,0.4,1.6,0.21,0.02,0.2,0.2,0.4,0.4,0.21,0.1,0.04,1.8,-37882.0,-0.7198299275131581,2.0,0.876,0.079,0.045,,,0.0034917099116709,-8.433620468650813e-10,0,,2.0139668371165977
7355,0,0,0,0,2.3,425,0.04,0.19,0.15,0.09,354,1,0,2.9,7.6,2024-05-04,5,6,0,0,0,0,36,0,20124,0,4,1,19.0,1,-145,181,326,4.3,False,0,425.0,,Newcastle United,0,1,0.4124770760536194,1,Sub,Burnley,Newcastle United,1,4,22248,2023,658895,0.0,0,0,0,0.4124770760536194,0.5062187314033508,0.0937416329979896,461.0,Newcastle United,Matt Ritchie,Matt Ritchie,3,2,36,1.5,MID,0.0,0.0,0.0,0.0,0.08,0.0,0.0,0.6,5.4,0.8,0.0,8.0,0.0,0.0,0.0,0.0,0.0,0.0,0.0,1.0,5.0,1.0,0.0,0.0,0.0,0.0,0.0,0.0,0.0,0.0,0.0,0.0,0.0,1.5,0.0,0.0,0.0,0.0,0.06,0.0,0.0,0.2,1.8,0.37,0.0,3.33,0.0,0.0,0.0,0.0,0.0,0.0,0.0,0.33,3.67,1.0,0.0,0.0,0.0,0.0,0.0,0.0,0.0,0.0,0.0,0.0,0.0,0.7,0.0,0.0,0.12,0.12,0.07,0.0,0.2,1.6,8.76,0.32,7.0,2.4,0.0,0.0,0.0,0.0,0.0,0.0,0.0,0.8,2.6,2.0,0.2,0.2,0.18,0.0,0.0,0.0,0.0,0.2,0.18,0.19,0.01,0.86,-95.0,-0.2859960552268245,1.0,0.278,0.237,0.485,,,0.1471195163586101,1.159168760977991e-09,1,0.0,0.7355975852705567
7389,0,0,15,0,0.0,808,0.03,0.03,0.0,2.27,360,1,0,3.1,30.6,2024-05-04,90,17,0,0,0,0,36,4,17753,1,3,1,0.0,3,4772,5726,954,4.5,False,0,808.0,,Nottingham Forest,0,0,0.0,90,,Sheffield United,Nottingham Forest,1,3,22254,2023,658909,0.0,0,0,0,0.0,0.0773661211133003,0.0773661211133003,6903.0,Nottingham Forest,Matz Sels,Matz Sels,2,2,36,2.3,GK,0.0,0.01,0.01,0.0,0.84,2.0,0.0,2.1,21.2,0.0,0.0,90.0,0.0,0.0,0.0,0.0,0.0,3.0,1.0,2.0,0.0,2.0,0.0,0.0,0.0,0.0,0.0,0.0,0.0,0.0,0.0,0.0,0.0,0.5,0.0,0.01,0.01,0.0,0.79,2.0,0.0,1.6,16.2,0.0,0.0,90.0,0.0,0.0,0.0,0.0,0.0,2.0,1.0,1.33,1.33,1.33,0.0,0.0,0.0,0.0,0.0,0.0,0.0,0.0,0.0,0.02,0.02,1.3,0.0,0.01,0.01,0.0,1.06,2.0,0.0,1.98,19.92,0.0,0.0,90.0,0.0,0.0,0.0,0.0,0.0,2.6,1.0,1.2,2.0,1.6,0.0,0.0,0.0,0.0,0.0,0.0,0.0,0.0,0.0,0.04,0.04,1.56,5460.0,0.7143712574850299,3.0,0.2,0.226,0.575,3.3634652536727154,1.2457354068756104,,,0,1.0,6.498
7410,0,0,3,0,0.7,643,0.0,0.0,0.0,0.1,351,1,0,0.1,0.6,2024-05-04,1,1,0,0,0,0,36,0,13297,0,0,3,0.0,1,2,95,93,4.4,False,0,643.0,,Bournemouth,0,0,0.0,1,Sub,Arsenal,Bournemouth,3,0,22245,2023,658613,0.0,0,0,0,0.0,0.0,0.0,7688.0,Bournemouth,Max Aarons,Max Aarons,2,5,36,-0.4,DEF,0.0,0.0,0.0,0.0,0.0,0.0,0.0,0.1,0.6,0.8,0.0,13.0,0.0,0.0,0.0,0.0,0.0,0.0,0.0,0.0,3.0,1.0,0.0,0.0,0.0,0.0,0.0,0.0,0.0,0.0,0.0,0.24,0.24,0.4,0.0,0.0,0.01,0.01,0.59,0.67,0.0,0.3,2.2,1.13,0.33,26.0,0.0,0.0,0.0,0.0,0.0,0.0,0.0,1.0,2.67,0.67,0.0,0.33,0.01,0.0,0.0,0.0,0.0,0.0,0.01,0.17,0.16,0.33,0.0,0.01,0.01,0.0,0.6,1.2,0.0,0.78,4.24,3.04,1.0,33.8,0.0,0.0,0.0,0.0,0.0,0.0,0.2,1.4,1.8,0.6,0.0,0.2,0.01,0.01,0.0,0.0,0.2,0.0,0.01,0.11,0.1,0.14,30.0,0.0106382978723404,1.0,0.785,0.128,0.087,,0.070851269869907,5.515961021274052e-10,-5.277553949412095e-10,0,0.0,0.9650000017263104
7447,0,0,16,0,0.5,563,0.0,0.0,0.0,3.57,359,5,0,2.0,19.6,2024-05-04,90,13,0,0,0,0,36,0,227932,1,1,5,0.0,0,-22741,979,23720,4.6,False,0,563.0,,Wolverhampton Wanderers,0,0,0.0,90,DC,Manchester City,Wolverhampton Wanderers,5,1,22253,2023,659067,0.0,0,0,0,0.0,0.1362167000770568,0.1362167000770568,7332.0,Wolverhampton Wanderers,Max Kilman,Max Kilman,2,5,36,0.0,DEF,0.0,0.01,0.01,0.0,0.59,1.0,0.0,3.5,23.8,11.0,0.0,90.0,0.0,0.0,0.0,0.0,0.0,0.0,1.0,1.0,2.0,2.0,0.0,0.0,0.0,0.02,0.0,0.0,1.0,0.0,0.0,0.79,0.78,1.7,0.0,0.05,0.05,0.0,1.23,1.33,0.0,3.93,26.87,11.03,1.33,90.0,0.0,0.0,0.0,0.0,0.33,0.0,1.0,1.33,0.67,1.33,0.0,0.0,0.0,0.02,0.0,0.0,1.0,0.0,0.0,0.32,0.31,1.23,0.0,0.04,0.05,0.0,1.34,1.6,0.0,3.68,24.64,9.14,3.0,90.0,0.0,0.0,0.0,0.0,0.2,0.0,1.0,1.6,1.0,1.2,0.0,0.2,0.0,0.03,0.0,0.0,0.8,0.0,0.0,0.37,0.36,1.18,-22386.0,-0.9207255354467792,0.0,0.876,0.079,0.045,,1.565552483593605,5.515961021274052e-10,-5.277553949412095e-10,0,0.0,1.2170000017263107
7503,0,3,48,1,30.8,236,0.13,0.61,0.48,0.35,356,0,2,17.8,76.6,2024-05-06,84,14,0,0,0,0,36,0,119627,1,0,4,71.0,16,-3018,13584,16602,5.6,True,0,236.0,,Crystal Palace,2,6,0.4861536920070648,88,AMC,Crystal Palace,Manchester United,4,0,22250,2023,660044,0.106294184923172,0,2,2,0.4861536920070648,0.7414107918739319,0.2552570700645447,9948.0,Crystal Palace,Michael Olise,Michael Olise,3,2,36,6.8,MID,0.0,0.45,0.87,0.42,1.14,1.0,0.0,9.0,20.2,42.4,27.0,90.0,0.0,0.0,0.0,0.0,0.0,0.0,1.0,1.0,1.0,2.0,0.0,5.0,0.43,0.14,0.0,0.0,3.0,0.0,0.43,0.85,0.45,3.8,0.0,0.29,0.55,0.26,0.91,0.67,0.33,8.2,26.47,29.67,26.0,58.0,0.0,0.0,0.0,0.0,0.0,0.0,0.67,1.0,2.67,5.0,0.33,3.33,0.36,0.33,0.33,0.33,2.0,0.33,0.36,0.89,0.45,5.0,0.2,0.21,0.38,0.17,0.83,0.4,0.2,6.36,19.32,24.82,19.6,51.4,0.0,0.0,0.0,0.0,0.0,0.0,0.6,1.6,2.0,3.8,0.2,2.4,0.24,0.29,0.2,0.2,1.8,0.2,0.24,0.73,0.36,2.94,-2475.0,-0.0999801232359371,13.0,0.402,0.255,0.342,,,0.6074657369062444,0.2044907943286666,0,1.0,5.6508010675172216
7529,0,0,7,0,0.0,523,0.0,0.03,0.03,3.15,355,4,0,1.2,5.0,2024-05-05,69,7,0,0,0,0,36,0,208541,1,0,5,7.0,2,2408,6893,4485,5.7,False,0,523.0,,West Ham United,0,1,0.0547874830663204,73,FW,Chelsea,West Ham United,5,0,22249,2023,659352,0.0,0,0,0,0.0547874830663204,0.0547874830663204,0.0,531.0,West Ham United,Michail Antonio,Michail Antonio,2,3,36,4.0,FWD,0.0,0.01,0.3,0.29,1.75,2.0,1.0,6.2,37.4,0.8,24.0,90.0,0.0,0.0,0.0,0.0,0.0,0.0,1.0,2.0,2.0,7.0,1.0,2.0,0.42,0.0,0.0,0.0,0.0,1.0,0.42,0.35,0.0,3.3,0.0,0.01,0.57,0.57,2.44,3.0,0.67,4.93,22.53,2.9,24.0,81.67,0.0,0.0,0.0,0.0,0.33,0.0,1.0,2.0,2.33,4.67,0.67,1.67,0.71,0.0,0.0,0.0,0.0,0.67,0.71,0.28,0.01,3.37,0.0,0.01,0.43,0.42,1.66,2.0,0.4,4.42,16.68,2.32,25.4,76.0,0.0,0.0,0.0,0.0,0.4,0.0,0.8,1.8,1.8,3.2,0.4,1.6,0.53,0.0,0.0,0.0,0.0,0.4,0.53,0.28,0.02,3.48,3219.0,0.2116364914747759,2.0,0.577,0.212,0.212,,,0.0830193181954284,-8.433620468650813e-10,0,,2.3320772702516277
7555,0,0,13,0,0.4,639,0.0,0.0,0.0,3.22,357,4,0,1.4,14.0,2024-05-05,90,11,0,0,0,0,36,0,270034,1,2,4,0.0,-1,15009,22846,7837,4.4,False,1,639.0,,Tottenham Hotspur,0,0,0.0,90,DC,Liverpool,Tottenham Hotspur,4,2,22251,2023,659561,0.0,0,0,0,0.0,0.0,0.0,10050.0,Tottenham Hotspur,Micky van de Ven,Micky van de Ven,3,5,36,-0.2,DEF,0.0,0.02,0.02,0.0,1.94,2.0,0.0,3.1,27.6,1.4,2.0,90.0,0.0,0.0,0.0,0.0,1.0,0.0,1.0,0.0,2.0,0.0,0.0,0.0,0.0,0.0,0.0,0.0,0.0,0.0,0.0,0.33,0.33,5.6,0.0,0.02,0.02,0.0,1.96,3.0,0.0,2.4,21.07,1.63,1.33,90.0,0.0,0.0,0.0,0.0,0.67,0.0,1.0,1.0,2.67,0.0,0.0,0.0,0.0,0.0,0.0,0.0,0.0,0.0,0.0,0.23,0.23,4.83,0.0,0.01,0.02,0.01,1.72,2.2,0.2,3.34,27.24,1.5,4.6,90.0,0.0,0.0,0.0,0.0,0.6,0.0,1.0,1.0,2.4,2.4,0.2,0.2,0.01,0.0,0.0,0.0,0.0,0.2,0.01,0.3,0.3,3.72,14376.0,0.4891633803734967,-1.0,0.641,0.167,0.192,,1.7401115157876403,5.515961021274052e-10,-5.277553949412095e-10,0,0.0,1.1300000017263105
7588,0,0,3,0,1.7,402,0.0,0.0,0.0,0.4,354,1,0,0.2,0.4,2024-05-04,13,6,0,0,0,0,36,0,293311,0,4,1,0.0,1,-2087,51,2138,6.0,False,0,,,Newcastle United,0,0,0.0,7,,Burnley,Newcastle United,1,4,22248,2023,658892,0.0,0,0,0,0.0,0.0,0.0,,Newcastle United,,,3,2,36,0.5,MID,0.0,0.35,0.35,0.0,0.0,0.0,0.0,3.2,6.4,21.3,4.0,10.0,0.0,0.0,0.0,0.0,0.0,0.0,0.0,3.0,4.0,1.0,0.0,0.0,0.0,0.47,0.0,0.0,2.0,0.0,0.0,0.47,0.0,1.3,0.0,0.13,0.2,0.07,0.32,0.67,0.0,3.43,5.53,7.9,20.67,32.67,0.0,0.0,0.0,0.0,0.0,0.0,0.33,1.67,3.33,1.33,0.0,0.67,0.18,0.16,0.0,0.0,0.67,0.0,0.18,0.33,0.0,1.53,0.0,0.13,0.22,0.1,1.09,1.2,0.0,3.04,3.32,9.92,17.2,50.2,0.0,0.0,0.0,0.0,0.0,0.0,0.6,1.6,3.2,1.6,0.0,1.2,0.15,0.1,0.0,0.0,0.6,0.0,0.15,0.25,0.02,1.32,-44204.0,-0.9534033805390588,1.0,0.278,0.237,0.485,,,-1.5743444325977407e-09,1.159168760977991e-09,0,0.0,0.9999999956057841
7630,0,0,10,1,3.7,98,0.04,0.04,0.0,1.15,352,0,0,1.5,9.0,2024-05-04,81,10,0,0,0,0,36,0,4949,1,0,0,2.0,3,-99,70,169,4.8,True,0,98.0,,Brentford,0,0,0.0,88,MC,Brentford,Fulham,0,0,22246,2023,658839,0.0,0,0,0,0.0,0.0,0.0,8859.0,Brentford,Mikkel Damsgaard,Mikkel Damsgaard,2,2,36,3.0,MID,0.0,0.06,0.09,0.03,0.04,0.0,0.0,2.4,4.2,11.9,8.0,23.0,0.0,0.0,0.0,0.0,0.0,0.0,0.0,0.0,1.0,1.0,0.0,1.0,0.03,0.06,0.0,0.0,1.0,0.0,0.03,0.1,0.0,2.8,0.67,0.09,0.14,0.05,0.35,0.0,0.0,2.9,9.0,10.27,9.67,57.0,0.0,0.0,0.0,0.0,0.33,0.0,0.67,1.67,1.33,3.0,0.0,1.0,0.05,0.15,0.33,0.0,0.67,0.0,0.05,0.48,0.3,3.2,0.4,0.06,0.12,0.06,0.57,0.6,0.0,2.68,10.56,9.22,7.0,55.4,0.0,0.0,0.0,0.0,0.4,0.0,0.6,1.6,1.4,2.8,0.0,1.0,0.05,0.16,0.4,0.2,0.6,0.0,0.05,0.41,0.22,2.26,-93.0,-0.4142259414225941,3.0,0.453,0.25,0.297,,,0.0048329107425661,1.159168760977991e-09,0,0.0,1.0241645571903368
7693,2,0,40,0,41.2,308,0.31,1.43,1.12,1.16,357,2,1,21.2,65.8,2024-05-05,90,18,0,0,0,0,36,0,2850876,1,2,4,105.0,13,-595479,9101,604580,13.5,True,0,308.0,,Liverpool,1,6,1.5200809240341189,90,FWR,Liverpool,Tottenham Hotspur,4,2,22251,2023,659550,0.3737812042236328,1,3,1,1.5200809240341189,1.977646827697754,0.0837847366929054,1250.0,Liverpool,Mohamed Salah,Mohamed Salah,3,5,36,3.8,MID,0.0,0.02,0.02,0.0,0.04,0.0,0.0,0.7,0.6,2.4,4.0,11.0,0.0,0.0,0.0,0.0,0.0,0.0,0.0,2.0,2.0,1.0,0.0,0.0,0.0,0.0,0.0,0.0,0.0,0.0,0.0,0.03,0.03,3.0,0.0,0.06,0.28,0.22,0.48,0.67,0.0,3.1,1.8,6.0,23.0,39.0,0.0,0.0,0.0,0.0,0.0,0.0,0.33,1.67,1.67,1.33,0.0,2.33,0.15,0.13,0.0,0.0,0.33,0.0,0.15,0.42,0.15,6.33,0.0,0.12,0.57,0.45,0.8,1.0,0.2,7.06,13.6,24.94,32.0,59.4,0.0,0.0,0.0,0.0,0.0,0.0,0.6,1.6,1.4,2.8,0.2,3.0,0.48,0.19,0.0,0.0,1.8,0.0,0.33,0.8,0.33,5.74,-585995.0,-0.9703396389981114,13.0,0.641,0.167,0.192,,,0.5778575789289067,0.2388634718205702,0,1.0,5.6058783101062435
7726,0,0,17,0,4.3,689,0.01,0.04,0.03,4.13,355,5,0,4.4,24.4,2024-05-05,90,7,0,0,0,0,36,0,351502,1,0,5,15.0,2,-13043,6745,19788,6.7,False,0,689.0,,West Ham United,0,2,0.0257851704955101,90,,Chelsea,West Ham United,5,0,22249,2023,659351,0.0,0,0,0,0.0257851704955101,0.0805726572871208,0.0547874830663204,12027.0,West Ham United,Mohammed Kudus,Mohammed Kudus,2,3,36,2.8,MID,0.0,0.07,0.1,0.03,1.75,2.0,0.0,7.2,31.2,17.3,23.0,90.0,0.0,0.0,0.0,0.0,0.0,0.0,1.0,2.0,2.0,5.0,0.0,1.0,0.03,0.07,1.0,1.0,1.0,0.0,0.03,0.03,0.0,2.3,0.0,0.09,0.17,0.08,2.5,3.0,0.0,5.1,15.93,18.83,16.0,88.0,0.0,0.0,0.0,0.0,0.0,0.0,1.0,2.0,2.33,3.0,0.0,2.0,0.08,0.04,0.33,0.33,1.0,0.0,0.08,0.1,0.01,3.37,0.0,0.06,0.14,0.08,1.99,2.2,0.0,4.22,12.96,13.58,15.4,88.8,0.0,0.0,0.0,0.0,0.0,0.0,1.0,1.8,1.8,2.6,0.0,2.2,0.09,0.03,0.2,0.2,0.6,0.0,0.09,0.1,0.02,3.52,-10958.0,-0.4915765273433083,2.0,0.577,0.212,0.212,,,0.1053009588988898,1.159168760977991e-09,0,0.0,2.5265047979719553
7760,1,0,28,1,23.3,126,0.21,0.23,0.02,1.04,355,0,0,6.4,38.6,2024-05-05,90,19,0,0,0,0,36,0,123415,1,0,5,2.0,6,116,1197,1081,4.5,True,0,,,Chelsea,0,1,0.021399138495326,90,,Chelsea,West Ham United,5,0,22249,2023,659331,0.5612146258354187,1,1,0,0.021399138495326,2.909004211425781,2.3477895259857178,,Chelsea,,,2,3,36,3.0,MID,1.0,0.01,0.01,0.0,1.54,0.0,0.0,2.6,25.0,1.4,0.0,90.0,0.0,0.0,0.0,0.0,0.0,0.0,1.0,0.0,2.0,3.0,0.0,0.0,0.0,0.0,0.0,0.0,0.0,0.0,0.0,0.07,0.07,3.0,0.33,0.08,0.1,0.02,1.93,2.33,0.0,3.13,20.2,6.0,5.33,90.0,0.0,0.0,0.0,0.0,0.33,0.0,1.0,0.67,3.0,2.0,0.0,0.67,0.01,0.0,0.0,0.0,0.0,0.0,0.01,0.26,0.25,2.33,0.4,0.08,0.09,0.02,1.71,1.8,0.0,3.14,19.76,7.56,4.2,90.0,0.0,0.0,0.0,0.0,0.2,0.0,1.0,0.8,3.4,2.2,0.0,0.6,0.01,0.01,0.0,0.0,0.2,0.0,0.01,0.37,0.35,2.2,251.0,0.0509218612818261,6.0,0.577,0.212,0.212,,,0.0130305192946493,0.1306552926059594,1,0.0,1.457118474291125
7798,1,2,33,0,74.0,447,0.46,0.57,0.11,2.27,360,1,0,11.8,34.2,2024-05-04,90,17,0,0,0,0,36,0,198952,1,3,1,10.0,7,17172,24145,6973,5.7,False,0,447.0,,Nottingham Forest,0,2,0.0458620451390743,90,AMC,Sheffield United,Nottingham Forest,1,3,22254,2023,658917,1.0391253232955933,1,5,0,0.0458620451390743,1.0483564138412476,0.0652061104774475,6857.0,Nottingham Forest,Morgan Gibbs-White,Morgan Gibbs-White,2,2,36,4.7,MID,0.0,0.09,0.21,0.12,0.84,2.0,0.0,3.9,5.4,21.2,12.0,90.0,0.0,0.0,0.0,0.0,0.0,0.0,1.0,2.0,0.0,2.0,0.0,3.0,0.1,0.04,0.0,0.0,1.0,0.0,0.1,1.33,1.27,1.8,0.0,0.14,0.33,0.19,0.79,2.0,0.33,5.7,18.87,22.33,15.67,90.0,0.0,0.0,0.0,0.0,0.33,0.0,1.0,1.33,1.33,3.33,0.33,2.0,0.2,0.23,0.0,0.0,1.33,0.33,0.2,0.87,0.51,4.23,0.0,0.12,0.33,0.21,0.98,2.0,0.4,7.04,25.16,30.52,14.6,82.6,0.0,0.0,0.0,0.0,0.4,0.0,1.0,1.2,2.0,4.8,0.4,2.0,0.21,0.28,0.2,0.2,2.0,0.4,0.21,0.76,0.48,5.08,19154.0,0.5518349508323157,5.0,0.2,0.226,0.575,,,0.0741915821139351,0.4459060895565696,1,1.0,3.708676179239384
7811,0,0,4,0,10.3,803,0.01,0.01,0.0,0.17,353,0,0,1.5,2.4,2024-05-05,25,5,0,0,0,0,36,0,5192,1,0,1,2.0,1,2423,2731,308,5.0,False,0,803.0,,Aston Villa,0,0,0.0,25,,Brighton and Hove Albion,Aston Villa,1,0,22247,2023,659410,0.0502806417644023,0,1,0,0.0,0.0502806417644023,0.0,12412.0,Aston Villa,Morgan Rogers,Morgan Rogers,3,3,36,4.5,MID,0.0,0.05,0.11,0.06,1.37,2.0,1.0,9.4,41.8,31.0,21.0,90.0,0.0,0.0,0.0,0.0,1.0,0.0,1.0,2.0,2.0,6.0,1.0,1.0,0.08,0.18,0.0,0.0,3.0,1.0,0.08,0.43,0.17,5.9,0.33,0.05,0.17,0.12,1.56,1.0,0.67,7.03,28.73,16.83,24.67,90.0,0.0,0.0,0.0,0.0,0.67,0.0,1.0,1.67,1.67,5.0,0.67,1.33,0.13,0.07,0.0,0.0,1.33,0.67,0.13,0.74,0.54,4.83,0.2,0.04,0.23,0.2,1.9,2.0,0.6,6.86,30.28,16.44,21.8,85.6,0.0,0.0,0.0,0.0,0.4,0.0,1.0,1.8,2.4,5.4,0.6,1.4,0.14,0.13,0.2,0.2,1.2,0.6,0.14,0.59,0.42,4.08,2577.0,0.7973017439947351,1.0,0.35,0.257,0.393,,,0.0037607547813189,0.0335324226872104,1,0.0,1.1194010419682257
7851,0,0,6,1,5.3,599,0.0,0.04,0.04,1.25,353,0,0,2.9,4.4,2024-05-05,72,5,0,0,0,0,36,0,639611,1,0,1,19.0,3,-5657,3994,9651,6.3,False,0,599.0,,Aston Villa,0,1,0.0502806417644023,78,AML,Brighton and Hove Albion,Aston Villa,1,0,22247,2023,659411,0.0,0,0,0,0.0502806417644023,0.0502806417644023,0.0,6556.0,Aston Villa,Moussa Diaby,Moussa Diaby,3,3,36,4.5,MID,0.0,0.01,0.01,0.0,1.07,2.0,0.0,0.0,0.0,0.3,0.0,56.0,0.0,0.0,0.0,0.0,0.0,0.0,0.0,2.0,2.0,1.0,0.0,0.0,0.0,0.0,0.0,0.0,0.0,0.0,0.0,0.09,0.09,3.7,0.33,0.11,0.39,0.28,1.32,1.0,0.33,4.07,14.6,13.5,12.67,68.67,0.0,0.0,0.0,0.0,0.0,0.0,0.67,1.67,1.67,4.33,0.33,1.33,0.37,0.13,0.0,0.0,0.67,0.33,0.37,0.54,0.08,4.77,0.2,0.08,0.25,0.18,1.25,1.2,0.2,2.98,9.96,10.38,9.4,53.8,0.0,0.0,0.0,0.0,0.0,0.0,0.6,1.8,2.4,3.2,0.2,1.0,0.24,0.17,0.0,0.0,0.6,0.2,0.24,0.44,0.05,4.78,-5184.0,-0.4145840967387321,3.0,0.35,0.257,0.393,,,0.1859683350476553,1.159168760977991e-09,0,0.0,2.929841678715783
7872,0,0,5,0,0.1,457,0.0,0.0,0.0,0.13,360,0,0,0.7,7.2,2024-05-04,23,17,0,0,0,0,36,0,8929,0,3,1,0.0,1,650,904,254,4.5,False,0,,,Nottingham Forest,0,0,0.0,16,,Sheffield United,Nottingham Forest,1,3,22254,2023,658922,0.0,0,0,0,0.0,0.0,0.0,,Nottingham Forest,,,2,2,36,1.3,DEF,0.0,0.0,0.0,0.0,0.84,2.0,0.0,1.2,10.8,0.9,0.0,90.0,0.0,0.0,0.0,0.0,0.0,0.0,1.0,2.0,0.0,1.0,0.0,0.0,0.0,0.0,0.0,0.0,0.0,0.0,0.0,0.63,0.63,-0.5,0.0,0.01,0.32,0.31,1.62,2.67,0.33,3.77,25.73,0.83,11.0,90.0,0.0,0.0,0.0,0.0,0.0,0.0,1.0,1.33,2.0,2.67,0.33,0.33,0.32,0.0,0.0,0.0,0.0,0.33,0.32,0.37,0.37,-0.1,0.0,0.01,0.19,0.19,1.22,2.4,0.2,3.1,23.4,0.96,6.6,90.0,0.0,0.0,0.0,0.0,0.0,0.0,1.0,1.6,2.0,2.2,0.2,0.2,0.19,0.0,0.0,0.0,0.0,0.2,0.19,0.35,0.35,0.08,808.0,0.5613126079447323,1.0,0.2,0.226,0.575,,1.1157614559462252,5.515961021274052e-10,-5.277553949412095e-10,0,0.0,1.4420000017263106
7904,0,0,20,0,0.6,696,0.0,0.0,0.0,2.27,360,1,0,3.8,37.8,2024-05-04,90,17,0,0,0,0,36,0,29088,1,3,1,0.0,2,1743,3854,2111,4.5,False,0,,,Nottingham Forest,0,0,0.0,90,,Sheffield United,Nottingham Forest,1,3,22254,2023,658912,0.0,0,0,0,0.0,0.5663903951644897,0.5663903951644897,,Nottingham Forest,,,2,2,36,1.3,DEF,0.0,0.0,0.4,0.4,0.77,2.0,0.0,1.9,11.8,0.1,7.0,73.0,0.0,0.0,0.0,0.0,0.0,0.0,1.0,2.0,0.0,1.0,0.0,1.0,0.58,0.0,0.0,0.0,0.0,0.0,0.58,0.49,0.49,-1.0,0.0,0.01,0.15,0.13,0.76,2.0,0.0,1.8,13.4,1.7,3.0,84.33,0.0,0.0,0.0,0.0,0.67,0.0,1.0,1.33,1.33,0.33,0.0,0.33,0.19,0.0,0.0,0.0,0.0,0.0,0.19,0.35,0.35,0.57,0.0,0.01,0.1,0.09,1.05,2.0,0.0,2.38,17.4,3.78,2.6,86.6,0.2,0.0,0.0,0.0,0.4,0.0,1.0,1.2,2.0,1.0,0.0,0.4,0.12,0.0,0.2,0.2,0.2,0.0,0.12,0.37,0.36,1.2,2166.0,0.2922045264040234,2.0,0.2,0.226,0.575,,1.4802661438553577,5.515961021274052e-10,-5.277553949412095e-10,0,0.0,1.2600000017263107
7935,0,0,4,1,26.8,210,0.16,0.53,0.37,0.72,355,0,0,6.6,12.8,2024-05-05,75,19,0,0,0,0,36,0,99345,1,0,5,26.0,3,-1086,1363,2449,6.3,True,0,210.0,,Chelsea,0,2,0.4298520386219024,79,AML,Chelsea,West Ham United,5,0,22249,2023,659335,0.2310224622488021,0,2,0,0.4298520386219024,0.713410496711731,0.1696267277002334,11305.0,Chelsea,Mykhailo Mudryk,Mykhailo Mudryk,2,3,36,2.2,MID,1.0,0.12,0.33,0.21,0.97,0.0,0.0,9.3,11.2,35.4,46.0,74.0,0.0,0.0,0.0,0.0,0.0,0.0,1.0,0.0,2.0,3.0,0.0,4.0,0.25,0.42,0.0,0.0,3.0,0.0,0.25,0.56,0.07,2.6,0.33,0.08,0.17,0.09,1.48,2.0,0.0,5.43,6.87,28.3,19.0,76.0,0.0,0.0,0.0,0.0,0.33,0.0,1.0,0.67,3.0,2.0,0.0,2.0,0.1,0.19,0.0,0.0,2.33,0.0,0.1,0.25,0.05,2.2,0.4,0.16,0.28,0.12,1.3,1.4,0.0,4.5,4.96,22.26,17.6,63.0,0.0,0.0,0.0,0.0,0.4,0.0,0.8,0.8,3.4,1.8,0.0,1.6,0.1,0.32,0.0,0.0,1.8,0.0,0.1,0.43,0.27,2.68,-1177.0,-0.2848898216159496,3.0,0.577,0.212,0.212,,,0.145371388721615,0.1384590326321071,0,1.0,4.142234041504397
7987,0,0,14,0,2.3,342,0.01,0.01,0.0,0.35,359,1,0,1.1,6.4,2024-05-04,68,20,0,0,0,0,36,0,582221,1,1,5,2.0,2,10545,16436,5891,5.0,True,0,342.0,,Manchester City,0,0,0.0,76,DC,Manchester City,Wolverhampton Wanderers,5,1,22253,2023,659050,0.0,0,0,0,0.0,0.4206187129020691,0.4206187129020691,579.0,Manchester City,Nathan Aké,Nathan Aké,2,5,36,4.5,DEF,1.0,0.01,0.01,0.0,1.64,0.0,0.0,2.3,21.6,1.0,0.0,90.0,0.0,0.0,0.0,0.0,0.0,0.0,1.0,2.0,0.0,6.0,0.0,0.0,0.0,0.0,0.0,0.0,0.0,0.0,0.0,0.03,0.03,3.4,0.67,0.01,0.27,0.26,0.85,0.0,0.0,2.7,13.4,1.1,12.33,68.67,0.0,0.0,0.0,0.0,0.0,0.0,1.0,2.0,0.0,4.33,0.0,0.67,0.25,0.0,0.0,0.0,0.0,0.0,0.25,0.07,0.07,2.5,0.4,0.03,0.19,0.15,1.05,0.4,0.0,2.92,16.28,5.04,7.8,77.2,0.0,0.0,0.0,0.0,0.0,0.0,1.0,1.6,0.8,3.4,0.0,0.4,0.15,0.0,0.0,0.0,0.2,0.0,0.15,0.4,0.4,3.12,11161.0,0.4722981143906481,2.0,0.876,0.079,0.045,,0.4877435169793678,0.0008291071270305,-5.277553949412095e-10,0,0.0,1.7609746411789169
8020,0,1,28,1,10.8,96,0.01,0.01,0.0,1.19,352,0,0,4.4,30.8,2024-05-04,90,10,0,0,0,0,36,0,107546,1,0,0,2.0,7,541,4267,3726,4.5,True,0,96.0,,Brentford,0,0,0.0,90,DC,Brentford,Fulham,0,0,22246,2023,658835,0.2008917331695556,0,1,0,0.0,0.2008917331695556,0.0,9733.0,Brentford,Nathan Collins,Nathan Collins,2,2,36,4.2,DEF,0.0,0.03,0.03,0.0,0.77,1.0,0.0,4.1,39.8,1.4,0.0,90.0,0.0,0.0,0.0,0.0,0.0,0.0,1.0,0.0,1.0,2.0,0.0,0.0,0.0,0.0,0.0,0.0,0.0,0.0,0.0,0.48,0.48,3.8,0.33,0.02,0.02,0.0,0.73,0.67,0.0,2.8,25.87,2.33,0.0,90.0,0.0,0.0,0.0,0.0,0.0,0.0,1.0,1.67,1.33,3.33,0.0,0.0,0.0,0.0,0.0,0.0,0.0,0.0,0.0,0.17,0.17,4.27,0.4,0.02,0.02,0.0,0.97,1.0,0.0,2.56,23.32,1.6,0.8,90.0,0.0,0.0,0.0,0.0,0.0,0.0,1.0,1.6,1.4,3.8,0.0,0.0,0.0,0.0,0.0,0.0,0.0,0.0,0.0,0.14,0.14,3.5,1147.0,0.0676842236957337,6.0,0.453,0.25,0.297,,1.348677475040342,0.0012277236513766,0.0920371627831853,0,0.0,1.6094778302578159
8077,0,0,26,1,15.8,222,0.08,0.08,0.0,0.35,356,0,0,2.9,11.0,2024-05-06,77,14,0,0,0,0,36,0,14879,1,0,4,2.0,6,-69,382,451,4.3,True,0,222.0,,Crystal Palace,0,0,0.0,81,DC,Crystal Palace,Manchester United,4,0,22250,2023,660039,0.1265933811664581,0,1,0,0.0,0.2093268036842346,0.0827334225177764,603.0,Crystal Palace,Nathaniel Clyne,Nathaniel Clyne,3,2,36,4.2,DEF,0.0,0.01,0.03,0.02,1.14,1.0,0.0,1.5,11.8,2.0,1.0,90.0,0.0,0.0,0.0,0.0,0.0,0.0,1.0,1.0,1.0,2.0,0.0,1.0,0.01,0.0,0.0,0.0,0.0,0.0,0.01,0.1,0.09,3.2,0.33,0.01,0.02,0.01,0.94,1.0,0.0,1.67,11.33,5.0,0.33,90.0,0.0,0.0,0.0,0.0,0.0,0.0,1.0,1.0,2.67,3.0,0.0,0.33,0.0,0.0,0.0,0.0,0.33,0.0,0.0,0.15,0.15,4.4,0.4,0.01,0.01,0.0,1.06,0.6,0.0,1.44,11.08,3.02,0.2,72.2,0.0,0.0,0.0,0.0,0.0,0.0,0.8,1.6,2.0,3.2,0.0,0.2,0.0,0.0,0.0,0.0,0.2,0.0,0.0,0.09,0.09,2.84,-40.0,-0.0828331332533013,6.0,0.402,0.255,0.342,,1.0377848041375453,0.0027256939071271,0.0573959889913042,0,0.0,1.669542130416675
8204,1,3,69,1,43.0,211,0.04,1.79,1.75,1.04,355,0,2,22.8,99.4,2024-05-05,90,19,0,0,0,0,36,0,1158019,1,0,5,86.0,16,76595,125987,49392,6.9,True,0,211.0,,Chelsea,2,7,1.3707677125930786,90,FW,Chelsea,West Ham United,5,0,22249,2023,659336,0.3546026051044464,1,4,2,1.3707677125930786,2.481781482696533,0.8605442643165588,10048.0,Chelsea,Nicolas Jackson,Nicolas Jackson,2,3,36,8.0,FWD,1.0,0.01,0.58,0.57,1.53,0.0,1.0,6.7,41.2,1.8,24.0,90.0,0.0,0.0,0.0,0.0,0.0,0.0,1.0,0.0,2.0,6.0,1.0,2.0,0.61,0.0,0.0,0.0,0.0,1.0,0.61,0.38,0.1,8.4,0.33,0.02,0.47,0.44,1.92,2.33,0.33,4.43,14.73,10.53,19.0,90.0,0.0,0.0,0.0,0.0,0.0,0.0,1.0,0.67,3.0,3.33,0.33,2.0,0.52,0.01,0.0,0.0,0.67,0.33,0.52,0.49,0.06,6.73,0.4,0.04,0.4,0.36,1.58,1.6,0.4,5.28,20.92,11.02,20.8,89.4,0.0,0.0,0.0,0.0,0.0,0.0,1.0,0.8,3.4,5.2,0.4,1.8,0.45,0.04,0.4,0.2,0.8,0.4,0.45,0.52,0.14,5.84,63917.0,0.4367398605306222,13.0,0.577,0.212,0.212,,,1.1724645278320645,0.2568386932049276,0,,7.460374190943041
8232,0,0,3,0,0.3,712,0.0,0.0,0.0,0.0,360,0,0,0.0,0.0,2024-05-04,1,17,0,0,0,0,36,0,2975,0,3,1,0.0,1,-96,9,105,5.0,False,0,712.0,,Nottingham Forest,0,0,0.0,1,,Sheffield United,Nottingham Forest,1,3,22254,2023,658920,0.0,0,0,0,0.0,0.0,0.0,8252.0,Nottingham Forest,Nicolás Domínguez,Nicolás Domínguez,2,2,36,1.1,MID,0.0,0.01,0.01,0.0,0.39,2.0,0.0,1.2,9.6,2.7,0.0,79.0,0.0,0.0,0.0,0.0,0.0,0.0,1.0,0.0,2.0,2.0,0.0,0.0,0.0,0.0,0.0,0.0,0.0,0.0,0.0,0.1,0.1,1.0,0.0,0.01,0.03,0.02,0.2,0.67,0.0,1.3,6.67,2.33,4.33,41.67,0.0,0.0,0.0,0.0,0.0,0.0,0.33,1.0,2.33,1.33,0.0,0.67,0.03,0.0,0.0,0.0,0.0,0.0,0.03,0.04,0.03,0.7,0.0,0.01,0.03,0.02,0.18,0.6,0.0,1.34,5.8,3.74,4.0,28.0,0.0,0.0,0.0,0.0,0.0,0.0,0.2,1.0,2.2,1.2,0.0,0.6,0.03,0.01,0.0,0.0,0.2,0.0,0.03,0.07,0.04,1.04,-130.0,-0.8421052631578947,1.0,0.2,0.226,0.575,,,-1.5743444325977407e-09,1.159168760977991e-09,1,0.0,-4.39421588005473e-09
8253,1,2,48,1,76.2,208,0.67,1.33,0.66,0.72,355,0,1,26.6,77.8,2024-05-05,75,19,0,0,0,0,36,0,26202,1,0,5,112.0,13,8468,9818,1350,5.3,True,0,208.0,,Chelsea,1,7,1.0148807764053345,79,AMR,Chelsea,West Ham United,5,0,22249,2023,659333,0.8251963257789612,1,6,1,1.0148807764053345,2.3310487270355225,1.6477813720703125,11357.0,Chelsea,Noni Madueke,Noni Madueke,2,3,36,6.6,MID,1.0,0.07,0.14,0.07,1.54,0.0,0.0,5.0,16.6,22.8,11.0,90.0,0.0,0.0,0.0,0.0,0.0,0.0,1.0,0.0,2.0,3.0,0.0,1.0,0.05,0.35,0.0,0.0,2.0,0.0,0.05,0.46,0.07,9.6,0.33,0.11,0.21,0.1,1.73,2.33,0.33,7.37,27.93,26.93,19.0,86.0,0.0,0.0,0.0,0.0,0.33,0.0,1.0,0.67,3.0,5.67,0.33,1.67,0.09,0.28,0.33,0.33,2.0,0.33,0.09,0.41,0.07,7.27,0.4,0.13,0.23,0.09,1.43,1.6,0.4,6.0,24.48,17.84,17.8,82.0,0.0,0.0,0.0,0.0,0.2,0.0,1.0,0.8,3.4,5.6,0.4,1.6,0.08,0.17,0.2,0.2,1.2,0.4,0.08,0.31,0.08,5.9,8604.0,0.7582378223495702,11.0,0.577,0.212,0.212,,,0.6692009719295051,0.5924425683393844,0,0.0,7.123332564665678
8285,0,0,0,0,0.6,691,0.03,0.03,0.0,0.25,358,0,0,0.4,0.0,2024-05-03,10,12,0,0,0,0,36,0,17496,0,1,1,4.0,1,-675,801,1476,5.7,False,0,,,Everton,0,0,0.0,4,,Luton,Everton,1,1,22252,2023,658583,0.0,0,0,0,0.0,0.0,0.0,,Everton,,,2,2,36,1.3,FWD,0.0,0.0,0.0,0.0,0.13,0.0,0.0,0.3,0.0,1.5,2.0,33.0,0.0,0.0,0.0,0.0,0.0,0.0,0.0,0.0,2.0,1.0,0.0,0.0,0.0,0.0,0.0,0.0,0.0,0.0,0.0,0.02,0.02,4.1,0.0,0.0,0.41,0.41,1.03,2.0,0.0,2.17,0.73,0.77,20.33,43.33,0.0,0.0,0.0,0.0,0.0,0.0,0.33,0.0,3.0,1.33,0.0,1.67,0.37,0.0,0.0,0.0,0.0,0.0,0.37,0.37,0.01,3.67,0.0,0.0,0.39,0.39,0.9,1.6,0.2,3.2,8.04,0.82,23.2,40.2,0.0,0.0,0.0,0.0,0.0,0.0,0.4,0.4,2.4,2.8,0.2,1.6,0.35,0.0,0.0,0.0,0.0,0.2,0.35,0.35,0.0,3.94,-15751.0,-0.2964426877470356,1.0,0.365,0.263,0.372,,,0.1234927991283438,-8.433620468650813e-10,0,,1.493971193983289
8360,0,0,9,0,1.7,572,0.0,0.0,0.0,3.57,359,5,0,1.0,8.4,2024-05-04,90,13,0,0,0,0,36,0,71803,1,1,5,0.0,-1,-2854,568,3422,4.5,False,1,,,Wolverhampton Wanderers,0,0,0.0,90,,Manchester City,Wolverhampton Wanderers,5,1,22253,2023,659066,0.0,0,0,0,0.0,0.0,0.0,,Wolverhampton Wanderers,,,2,5,36,-0.4,DEF,0.0,0.01,0.32,0.31,0.59,1.0,0.0,4.4,19.0,5.9,19.0,90.0,0.0,0.0,0.0,0.0,0.0,0.0,1.0,1.0,2.0,2.0,0.0,1.0,0.41,0.0,0.0,0.0,0.0,0.0,0.41,0.72,0.31,1.5,0.0,0.01,0.13,0.12,1.45,1.33,0.0,2.63,10.0,7.53,8.67,89.0,0.0,0.0,0.0,0.0,0.33,0.0,1.0,1.33,1.33,1.33,0.0,1.0,0.15,0.01,0.0,0.0,0.33,0.0,0.15,0.31,0.16,0.9,0.0,0.12,0.19,0.07,1.29,1.4,0.0,3.76,13.96,16.64,6.8,89.4,0.0,0.0,0.0,0.0,0.4,0.0,1.0,1.4,1.2,1.2,0.0,0.6,0.09,0.16,0.0,0.0,1.2,0.0,0.09,0.42,0.31,1.4,-2641.0,-0.7152882205513784,-1.0,0.876,0.079,0.045,,1.341103357752102,0.0010342422667171,-5.277553949412095e-10,0,0.0,1.3352054520170367
8394,0,0,-1,0,12.3,225,0.01,0.04,0.03,0.0,356,0,0,2.4,1.2,2024-05-06,22,14,0,0,0,0,36,0,149267,0,0,4,10.0,0,-2274,726,3000,5.3,True,1,225.0,,Crystal Palace,0,1,0.0513984523713588,19,Sub,Crystal Palace,Manchester United,4,0,22250,2023,660047,0.0396599769592285,0,1,0,0.0513984523713588,0.0910584330558776,0.0,3697.0,Crystal Palace,Odsonne Edouard,Odsonne Edouard,3,2,36,0.6,FWD,0.0,0.03,0.08,0.05,0.21,0.0,0.0,4.3,9.2,11.0,23.0,21.0,0.0,0.0,0.0,0.0,0.0,0.0,0.0,1.0,1.0,1.0,0.0,1.0,0.06,0.03,0.0,0.0,1.0,0.0,0.06,0.09,0.06,1.6,0.0,0.01,0.03,0.02,0.19,0.33,0.0,1.87,3.8,5.77,9.0,14.67,0.0,0.0,0.0,0.0,0.0,0.0,0.0,1.33,2.0,1.0,0.0,0.33,0.02,0.01,0.0,0.0,0.33,0.0,0.02,0.03,0.02,1.83,0.0,0.02,0.13,0.1,0.15,0.2,0.2,2.62,9.56,3.6,13.0,12.8,0.0,0.0,0.0,0.0,0.0,0.0,0.0,1.6,1.8,1.8,0.2,0.6,0.18,0.01,0.0,0.0,0.2,0.2,0.18,0.19,0.01,1.26,-2103.0,-0.6103059581320451,0.0,0.402,0.255,0.342,,,0.0956907942904849,0.0666235949342677,0,,1.5826339619647427
8438,0,0,20,0,35.4,823,0.52,0.52,0.0,1.49,360,3,0,5.0,14.6,2024-05-04,90,16,0,0,0,0,36,0,574,1,3,1,0.0,2,13,68,55,4.5,True,0,823.0,,Sheffield United,0,0,0.0,90,,Sheffield United,Nottingham Forest,1,3,22254,2023,658904,0.6580401659011841,0,3,0,0.0,0.4210524559020996,0.2718065977096557,12449.0,Sheffield United,Oliver Arblaster,Oliver Arblaster,2,2,36,1.1,MID,0.0,0.05,0.05,0.0,2.82,5.0,0.0,2.4,18.2,6.2,0.0,90.0,0.0,0.0,0.0,0.0,0.0,0.0,1.0,1.0,5.0,2.0,0.0,0.0,0.0,0.0,0.0,0.0,0.0,0.0,0.0,0.22,0.22,1.0,0.0,0.04,0.04,0.0,2.66,4.33,0.0,2.27,18.87,3.8,0.0,90.0,0.0,0.0,0.0,0.0,0.0,0.0,1.0,2.33,3.33,2.0,0.0,0.0,0.0,0.01,0.0,0.0,0.33,0.0,0.0,0.14,0.14,2.0,0.0,0.05,0.05,0.0,1.88,3.4,0.0,3.18,17.12,13.82,0.8,90.0,0.2,0.0,0.0,0.0,0.2,0.0,1.0,1.8,2.8,1.4,0.0,0.0,0.0,0.05,0.0,0.0,1.2,0.0,0.0,0.32,0.31,1.6,30.0,0.1056910569105691,2.0,0.2,0.226,0.575,,,-1.5743444325977407e-09,0.1846731676551152,1,0.0,1.5540194950936232
8506,0,0,4,0,1.4,515,0.17,0.17,0.0,0.67,357,0,0,0.7,3.4,2024-05-05,29,11,0,0,0,0,36,0,8896,0,2,4,2.0,1,-86,16,102,4.5,False,0,515.0,,Tottenham Hotspur,0,0,0.0,27,Sub,Liverpool,Tottenham Hotspur,4,2,22251,2023,659572,0.0,0,0,0,0.0,0.6908002495765686,0.6908002495765686,7198.0,Tottenham Hotspur,Oliver Skipp,Oliver Skipp,3,5,36,0.2,MID,0.0,0.0,0.0,0.0,1.15,1.0,0.0,0.1,1.2,0.1,0.0,4.0,0.0,0.0,0.0,0.0,0.0,0.0,0.0,2.0,2.0,1.0,0.0,0.0,0.0,0.0,0.0,0.0,0.0,0.0,0.0,0.0,0.0,1.3,0.0,0.07,0.14,0.07,0.72,1.33,0.0,2.23,5.8,13.37,3.0,44.33,0.0,0.0,0.0,0.0,0.0,0.0,0.67,2.0,2.33,1.33,0.0,0.67,0.05,0.05,0.0,0.0,1.0,0.0,0.05,0.18,0.15,1.17,0.0,0.05,0.09,0.04,1.1,1.2,0.0,1.78,5.76,9.66,2.2,56.2,0.0,0.0,0.0,0.0,0.2,0.0,0.6,1.6,2.4,1.2,0.0,0.4,0.03,0.03,0.0,0.0,0.6,0.0,0.03,0.41,0.39,1.06,-286.0,-0.7288135593220338,1.0,0.641,0.167,0.192,,,0.0177896366042749,1.159168760977991e-09,0,0.0,1.0889481864988808
8544,0,0,5,0,4.4,60,0.01,0.01,0.0,2.69,353,1,0,1.4,3.6,2024-05-05,90,5,0,0,0,0,36,0,4482804,1,0,1,6.0,2,37315,125845,88530,9.0,False,0,60.0,,Aston Villa,0,0,0.0,90,FW,Brighton and Hove Albion,Aston Villa,1,0,22247,2023,659412,0.0,0,0,0,0.0,0.0,0.0,8865.0,Aston Villa,Ollie Watkins,Ollie Watkins,3,3,36,5.5,FWD,0.0,0.02,0.27,0.25,1.37,2.0,0.0,4.9,5.0,0.4,44.0,90.0,0.0,0.0,0.0,0.0,0.0,0.0,1.0,2.0,2.0,2.0,0.0,3.0,0.25,0.0,0.0,0.0,0.0,0.0,0.25,0.25,0.0,6.7,0.33,0.12,0.42,0.3,1.56,1.0,0.33,8.5,26.67,17.17,41.0,90.0,0.0,0.0,0.0,0.0,0.0,0.0,1.0,1.67,1.67,6.0,0.33,3.67,0.43,0.54,0.67,0.67,1.33,0.33,0.43,0.99,0.31,5.77,0.2,0.08,0.4,0.32,1.44,1.2,0.6,7.76,29.44,11.22,37.0,81.0,0.0,0.0,0.0,0.0,0.0,0.0,1.0,1.6,2.0,6.4,0.6,2.8,0.42,0.33,0.4,0.4,0.8,0.6,0.42,0.76,0.25,5.08,40749.0,0.1740641399416909,2.0,0.35,0.257,0.393,,,0.0979960971118454,-8.433620468650813e-10,0,,2.391984385917296
8618,0,0,5,0,0.6,570,0.0,0.0,0.0,0.69,359,1,0,0.3,2.6,2024-05-04,14,13,0,0,0,0,36,0,95590,0,1,5,0.0,1,-32223,591,32814,4.7,False,0,570.0,,Wolverhampton Wanderers,0,0,0.0,7,Sub,Manchester City,Wolverhampton Wanderers,5,1,22253,2023,659076,0.0,0,0,0,0.0,0.0,0.0,2199.0,Wolverhampton Wanderers,Pablo Sarabia,Pablo Sarabia,2,5,36,0.2,MID,0.0,0.0,0.0,0.0,0.28,1.0,0.0,0.0,0.0,0.3,0.0,14.0,0.0,0.0,0.0,0.0,1.0,0.0,0.0,1.0,2.0,0.0,0.0,0.0,0.0,0.0,0.0,0.0,0.0,0.0,0.0,0.0,0.0,2.9,0.0,0.01,0.02,0.01,0.85,1.0,0.0,1.3,3.6,5.73,3.67,30.67,0.0,0.0,0.0,0.0,0.33,0.0,0.33,1.33,0.67,1.0,0.0,0.33,0.01,0.01,0.0,0.0,0.33,0.0,0.01,0.03,0.02,4.57,0.0,0.05,0.32,0.28,1.09,1.2,0.2,3.96,10.64,12.18,16.8,50.8,0.0,0.0,0.0,0.0,0.4,0.0,0.6,1.6,1.0,2.4,0.2,1.2,0.38,0.04,0.0,0.0,0.8,0.0,0.23,0.28,0.05,4.34,-31474.0,-0.9646160754378088,1.0,0.876,0.079,0.045,,,-1.5743444325977407e-09,0.0007081841839857,0,0.0,1.002124544680235
8652,0,0,4,1,22.9,134,0.06,0.56,0.5,0.06,353,0,0,5.8,9.8,2024-05-05,90,2,0,0,0,0,36,0,441970,1,0,1,25.0,2,-16477,10142,26619,6.1,True,1,134.0,,Brighton and Hove Albion,0,2,0.3386480212211609,90,DMC,Brighton and Hove Albion,Aston Villa,1,0,22247,2023,659392,0.0741590559482574,0,1,0,0.3386480212211609,0.6767151951789856,0.6522272229194641,239.0,Brighton and Hove Albion,Pascal Groß,Pascal Groß,3,3,36,1.7,MID,0.0,0.23,0.23,0.0,2.26,3.0,0.0,6.4,21.8,40.3,2.0,90.0,0.0,0.0,0.0,0.0,0.0,0.0,1.0,0.0,3.0,2.0,0.0,0.0,0.0,0.15,0.0,0.0,2.0,0.0,0.0,0.27,0.23,2.4,0.0,0.17,0.21,0.05,1.75,2.67,0.0,7.0,21.47,37.17,11.33,90.0,0.0,0.0,0.0,0.0,0.0,0.0,1.0,1.67,1.33,2.33,0.0,1.33,0.04,0.1,0.0,0.0,2.0,0.0,0.04,0.34,0.28,2.1,0.2,0.18,0.21,0.03,1.8,2.2,0.0,7.72,21.72,47.94,7.4,90.0,0.0,0.0,0.0,0.0,0.0,0.0,1.0,1.6,0.8,2.4,0.0,1.0,0.03,0.1,0.0,0.0,2.8,0.0,0.03,0.32,0.27,2.56,-15174.0,-0.4482195805337178,2.0,0.35,0.257,0.393,,,0.2168716755709441,0.1353436128729317,1,0.0,2.490389216473516
8683,0,0,15,0,0.8,584,0.0,0.0,0.0,2.69,353,1,0,1.4,13.4,2024-05-05,90,5,0,0,0,0,36,0,333229,1,0,1,0.0,2,-4407,4212,8619,4.6,False,0,584.0,,Aston Villa,0,0,0.0,90,DC,Brighton and Hove Albion,Aston Villa,1,0,22247,2023,659405,0.0,0,0,0,0.0,0.0,0.0,6221.0,Aston Villa,Pau Torres,Pau Torres,3,3,36,3.3,DEF,0.0,0.04,0.04,0.0,1.37,2.0,0.0,2.0,16.6,3.5,0.0,90.0,0.0,0.0,0.0,0.0,0.0,0.0,1.0,2.0,2.0,1.0,0.0,0.0,0.0,0.0,0.0,0.0,0.0,0.0,0.0,0.43,0.43,2.5,0.33,0.02,0.02,0.0,1.56,1.0,0.0,2.5,18.87,5.33,0.67,90.0,0.0,0.0,0.0,0.0,0.0,0.0,1.0,1.67,1.67,3.0,0.0,0.0,0.0,0.01,0.0,0.0,0.33,0.0,0.0,0.55,0.54,2.83,0.4,0.02,0.03,0.01,1.55,1.2,0.0,2.64,17.36,4.3,4.6,90.0,0.0,0.0,0.0,0.0,0.0,0.0,1.0,1.6,2.0,3.2,0.0,0.2,0.02,0.01,0.0,0.0,0.2,0.0,0.02,0.5,0.49,2.66,-3577.0,-0.3434650455927052,2.0,0.35,0.257,0.393,,1.9922602203244373,5.515961021274052e-10,-5.277553949412095e-10,1,0.0,0.0040000017263106535
8721,0,0,15,0,17.1,506,0.13,0.13,0.0,3.22,357,4,0,3.5,12.2,2024-05-05,90,11,0,0,0,0,36,0,2034696,1,2,4,6.0,0,30685,91144,60459,5.8,False,0,506.0,,Tottenham Hotspur,0,1,0.0049866824410855,90,DR,Liverpool,Tottenham Hotspur,4,2,22251,2023,659559,0.2602687776088714,0,1,0,0.0049866824410855,0.5482780337333679,0.2830226123332977,6912.0,Tottenham Hotspur,Pedro Porro,Pedro Porro,3,5,36,0.5,DEF,0.0,0.27,0.3,0.03,1.94,2.0,0.0,6.7,14.2,34.1,19.0,90.0,0.0,0.0,0.0,0.0,0.0,0.0,1.0,0.0,2.0,1.0,0.0,1.0,0.05,0.16,0.0,0.0,2.0,0.0,0.05,0.23,0.18,6.4,0.0,0.19,0.23,0.04,1.62,2.33,0.0,4.03,12.0,18.0,10.33,76.0,0.0,0.0,0.0,0.0,0.0,0.0,1.0,1.0,2.67,0.67,0.0,1.33,0.05,0.15,0.0,0.0,1.0,0.0,0.05,0.24,0.1,5.7,0.0,0.15,0.2,0.05,1.52,1.8,0.2,5.28,20.64,15.98,16.0,81.6,0.0,0.0,0.0,0.0,0.0,0.0,1.0,1.0,2.4,3.0,0.2,1.4,0.06,0.1,0.0,0.0,0.8,0.2,0.06,0.41,0.29,5.14,23805.0,0.202403646365837,0.0,0.641,0.167,0.192,,1.1641334910752297,0.0137495695829097,0.0609086965862821,0,0.0,1.6832235072563044
8802,1,0,18,0,19.1,353,0.06,0.36,0.3,0.35,359,1,0,8.1,24.6,2024-05-04,79,20,0,0,0,0,36,0,4305409,1,1,5,37.0,5,247028,309289,62261,8.4,True,0,353.0,,Manchester City,0,3,0.3277131617069244,87,AML,Manchester City,Wolverhampton Wanderers,5,1,22253,2023,659057,0.1067220047116279,1,1,0,0.3277131617069244,0.958110511302948,0.5236753225326538,6055.0,Manchester City,Phil Foden,Phil Foden,2,5,36,6.2,MID,1.0,0.19,0.42,0.23,0.18,0.0,2.0,14.7,76.2,40.1,31.0,71.0,0.0,0.0,0.0,0.0,0.0,0.0,1.0,4.0,0.0,16.0,2.0,3.0,0.54,0.28,0.0,0.0,3.0,2.0,0.54,0.75,0.21,8.8,0.67,0.25,0.48,0.22,0.46,0.33,1.67,12.5,65.33,34.63,25.0,70.0,0.0,0.0,0.0,0.0,0.0,0.0,1.0,1.67,1.33,13.0,1.67,2.67,0.37,0.31,0.0,0.0,2.33,1.67,0.37,0.94,0.54,8.1,0.4,0.3,0.73,0.42,0.81,0.6,1.4,13.0,58.4,30.86,40.6,78.0,0.0,0.0,0.0,0.0,0.0,0.0,1.0,1.4,1.6,11.2,1.4,3.8,0.47,0.32,0.0,0.0,1.8,1.4,0.47,1.04,0.42,7.84,908007.0,0.6648580271834208,5.0,0.876,0.079,0.045,,,0.2454439278496389,0.1026855187511799,1,1.0,3.5352761955017344
8833,0,0,2,0,0.4,63,0.0,0.0,0.0,0.56,351,1,0,0.1,0.2,2024-05-04,19,1,0,0,0,0,36,0,27793,0,0,3,0.0,1,-303,183,486,5.1,False,0,63.0,,Bournemouth,0,0,0.0,15,Sub,Arsenal,Bournemouth,3,0,22245,2023,658610,0.0,0,0,0,0.0,0.0,0.0,6034.0,Bournemouth,Philip Billing,Philip Billing,2,5,36,-0.6,MID,0.0,0.0,0.0,0.0,1.07,1.0,0.0,1.3,2.6,10.5,0.0,14.0,0.0,0.0,0.0,0.0,0.0,0.0,0.0,1.0,3.0,1.0,0.0,0.0,0.0,0.04,0.0,0.0,1.0,0.0,0.0,0.04,0.0,1.5,0.33,0.04,0.15,0.11,0.66,1.0,0.0,3.17,7.27,12.97,11.33,33.0,0.0,0.0,0.0,0.0,0.0,0.0,0.33,0.67,2.0,1.67,0.0,1.33,0.11,0.13,0.0,0.0,1.0,0.0,0.11,0.16,0.01,1.63,0.2,0.04,0.1,0.07,0.54,0.8,0.0,2.26,5.4,9.98,7.2,23.4,0.0,0.0,0.0,0.0,0.0,0.0,0.2,1.2,2.4,1.4,0.0,0.8,0.06,0.18,0.0,0.0,0.8,0.0,0.06,0.2,0.0,1.62,-1228.0,-0.452914798206278,1.0,0.785,0.128,0.087,,,-1.5743444325977407e-09,1.159168760977991e-09,0,0.0,0.9999999956057841
8963,0,0,2,0,0.8,617,0.01,0.07,0.06,1.15,356,4,0,0.6,0.0,2024-05-06,79,8,0,0,0,0,36,0,640671,1,0,4,8.0,2,-2289,45809,48098,7.1,False,0,617.0,,Manchester United,0,1,0.075659267604351,83,FW,Crystal Palace,Manchester United,4,0,22250,2023,660062,0.0,0,0,0,0.075659267604351,0.075659267604351,0.0,11055.0,Manchester United,Rasmus Højlund,Rasmus Højlund,3,2,36,3.2,FWD,1.0,0.0,0.0,0.0,1.12,0.0,0.0,1.9,3.0,10.1,6.0,64.0,0.0,0.0,0.0,0.0,0.0,0.0,1.0,1.0,1.0,2.0,0.0,0.0,0.0,0.06,0.0,0.0,1.0,0.0,0.0,0.06,0.0,3.5,0.33,0.03,0.23,0.2,1.21,1.33,0.33,4.73,13.73,9.37,24.0,81.33,0.0,0.0,0.0,0.0,0.0,0.0,1.0,1.67,2.33,3.67,0.33,1.0,0.27,0.03,0.0,0.0,0.67,0.33,0.27,0.34,0.06,3.0,0.2,0.04,0.17,0.13,1.83,1.6,0.2,4.86,11.88,18.72,17.8,79.8,0.0,0.0,0.0,0.0,0.0,0.0,1.0,2.0,2.6,3.0,0.2,0.8,0.18,0.11,0.0,0.0,1.6,0.2,0.18,0.31,0.03,2.26,-3597.0,-0.0243751796990639,2.0,0.402,0.255,0.342,,,0.0998726891247863,-8.433620468650813e-10,0,,2.3994907539690593
8997,0,0,6,0,1.8,545,0.0,0.0,0.0,3.57,359,5,0,0.4,2.6,2024-05-04,90,13,0,0,0,0,36,0,548219,1,1,5,0.0,0,-110447,2239,112686,4.8,False,0,,,Wolverhampton Wanderers,0,0,0.0,90,,Manchester City,Wolverhampton Wanderers,5,1,22253,2023,659068,0.0,0,0,0,0.0,0.0,0.0,,Wolverhampton Wanderers,,,2,5,36,-0.1,DEF,0.0,0.01,0.01,0.0,0.52,1.0,0.0,1.5,11.8,3.1,0.0,84.0,0.0,0.0,0.0,0.0,0.0,0.0,1.0,1.0,2.0,2.0,0.0,0.0,0.0,0.0,0.0,0.0,0.0,0.0,0.0,0.37,0.37,2.1,0.0,0.02,0.03,0.01,0.93,1.0,0.0,2.13,9.13,10.43,2.0,63.0,0.0,0.0,0.0,0.0,0.33,0.0,0.67,1.33,0.67,1.33,0.0,0.67,0.02,0.02,0.0,0.0,0.33,0.0,0.02,0.15,0.14,2.9,0.0,0.02,0.1,0.08,0.77,0.8,0.2,3.68,16.04,10.52,10.4,66.6,0.0,0.0,0.0,0.0,0.2,0.0,0.8,1.4,0.8,3.2,0.2,1.2,0.13,0.01,0.2,0.0,0.4,0.2,0.13,0.31,0.29,4.38,-112201.0,-0.9610354579073308,0.0,0.876,0.079,0.045,,0.2427318054769081,5.515961021274052e-10,-5.277553949412095e-10,0,0.0,1.8790000017263107
9022,0,0,-3,0,1.6,558,0.0,0.42,0.42,0.02,352,0,0,0.9,1.2,2024-05-04,26,4,0,0,0,0,36,0,66591,0,0,0,6.0,1,-529,457,986,5.0,False,0,558.0,,Fulham,0,1,0.5409829616546631,20,Sub,Brentford,Fulham,0,0,22246,2023,658861,0.0,0,0,0,0.5409829616546631,0.5409829616546631,0.0,4105.0,Fulham,Raúl Jiménez,Raúl Jiménez,2,2,36,0.2,FWD,0.0,0.0,0.04,0.04,0.55,0.0,0.0,1.3,3.2,0.3,9.0,4.0,0.0,0.0,0.0,0.0,0.0,0.0,0.0,1.0,0.0,1.0,0.0,1.0,0.03,0.0,0.0,0.0,0.0,0.0,0.03,0.0,0.0,0.6,0.0,0.06,0.07,0.01,0.8,0.0,0.0,1.1,2.33,4.87,3.67,11.67,0.0,0.0,0.0,0.0,0.0,0.0,0.0,1.33,2.0,1.0,0.0,0.33,0.01,0.05,0.0,0.0,0.33,0.0,0.01,0.05,0.0,0.43,0.0,0.04,0.18,0.14,1.06,0.2,0.0,1.86,2.56,4.2,12.2,34.0,0.0,0.0,0.0,0.0,0.0,0.0,0.4,0.8,1.4,1.2,0.0,1.4,0.17,0.03,0.0,0.0,0.2,0.0,0.17,0.22,0.02,1.16,-2981.0,-0.3665973665973666,1.0,0.453,0.25,0.297,,,0.0503168696057705,0.0146748664402671,0,,1.2452920777438834
9044,0,0,13,0,30.2,318,0.04,0.07,0.03,1.43,358,1,0,4.8,15.8,2024-05-03,90,9,0,0,0,0,36,0,20883,1,1,1,2.0,2,1524,2393,869,4.0,True,0,318.0,,Luton,0,1,0.0306489318609237,90,DC,Luton,Everton,1,1,22252,2023,658557,0.1149590387940406,0,2,0,0.0306489318609237,0.0873216539621353,0.0194016825407743,1771.0,Luton,Reece Burke,Reece Burke,2,2,36,1.0,DEF,0.0,0.11,0.11,0.0,1.21,2.0,0.0,7.0,43.6,22.8,4.0,90.0,0.0,0.0,0.0,0.0,0.0,0.0,1.0,1.0,2.0,4.0,0.0,0.0,0.0,0.15,1.0,1.0,2.0,0.0,0.0,0.09,0.06,0.7,0.0,0.04,0.04,0.0,2.33,3.0,0.0,3.1,22.13,7.87,1.33,75.0,0.0,0.0,0.0,0.0,0.0,0.0,1.0,2.33,2.67,1.33,0.0,0.0,0.0,0.05,0.33,0.33,0.67,0.0,0.0,0.05,0.04,0.03,0.0,0.09,0.09,0.0,1.72,2.0,0.0,2.62,17.4,7.74,1.2,72.0,0.0,0.0,0.0,0.0,0.2,0.0,1.0,1.8,2.4,1.2,0.0,0.0,0.0,0.05,0.2,0.2,0.6,0.0,0.0,0.18,0.18,0.44,1725.0,0.4671980380134886,2.0,0.365,0.263,0.372,,1.508373977429752,0.0024241952359054,0.1149206865910614,0,0.0,1.605307231188617
9118,1,0,32,0,11.4,509,0.2,0.65,0.45,0.67,357,0,1,10.7,54.0,2024-05-05,29,11,0,0,0,0,36,0,273675,0,2,4,42.0,9,-655,6378,7033,6.8,False,0,,,Tottenham Hotspur,1,2,0.3457245528697967,27,,Liverpool,Tottenham Hotspur,4,2,22251,2023,659570,0.3291701078414917,1,1,1,0.3457245528697967,0.6908002495765686,0.0159055851399898,,Tottenham Hotspur,,,3,5,36,3.0,MID,0.0,0.01,0.15,0.14,1.66,1.0,0.0,1.6,2.4,1.1,12.0,62.0,0.0,0.0,0.0,0.0,0.0,0.0,1.0,0.0,2.0,2.0,0.0,1.0,0.13,0.0,0.0,0.0,0.0,0.0,0.13,0.13,0.0,1.6,0.0,0.01,0.05,0.05,0.66,0.33,0.0,0.83,0.87,0.8,6.67,32.0,0.0,0.0,0.0,0.0,0.0,0.0,0.33,1.33,1.67,1.33,0.0,0.33,0.04,0.0,0.0,0.0,0.0,0.0,0.04,0.04,0.0,1.5,0.0,0.0,0.08,0.08,0.45,0.2,0.0,0.94,0.72,0.54,8.2,22.2,0.0,0.0,0.0,0.0,0.0,0.0,0.2,1.0,2.0,1.2,0.0,0.6,0.05,0.0,0.0,0.0,0.0,0.0,0.05,0.05,0.0,1.32,-655.0,-0.0488405040638282,9.0,0.641,0.167,0.192,,,0.3999399292781314,0.0682324235552558,0,1.0,4.204396917056425
9159,0,3,42,0,0.0,53,0.0,0.0,0.0,2.69,353,1,0,8.0,79.6,2024-05-05,90,5,0,0,1,0,36,7,62137,1,0,1,0.0,12,589,1196,607,3.9,False,0,53.0,,Aston Villa,0,0,0.0,90,GK,Brighton and Hove Albion,Aston Villa,1,0,22247,2023,659402,0.0,0,0,0,0.0,0.0,0.0,6962.0,Aston Villa,Robin Olsen,Robin Olsen,3,3,36,3.5,GK,0.0,0.0,0.0,0.0,0.85,2.0,0.0,1.4,14.2,0.0,0.0,45.0,0.0,0.0,0.0,0.0,0.0,2.0,0.0,2.0,2.0,0.0,0.0,0.0,0.0,0.0,0.0,0.0,0.0,0.0,0.0,0.05,0.05,0.9,0.0,0.0,0.0,0.0,1.62,2.33,0.0,2.7,27.0,0.0,0.0,75.0,0.0,0.0,0.0,0.0,0.0,3.33,0.67,2.0,2.33,1.33,0.0,0.0,0.0,0.0,0.0,0.0,0.0,0.0,0.0,0.02,0.02,0.7,0.0,0.0,0.0,0.0,0.97,1.4,0.0,1.62,16.2,0.0,0.0,45.0,0.0,0.0,0.0,0.0,0.0,2.0,0.4,1.2,1.4,0.8,0.0,0.0,0.0,0.0,0.0,0.0,0.0,0.0,0.0,0.01,0.01,0.42,712.0,0.3266777592900721,9.0,0.35,0.257,0.393,9.46635110205622,2.646979331970215,,,0,0.0,3.8319999999999994
9180,0,0,13,0,8.0,492,0.01,0.01,0.0,2.55,357,4,0,1.3,5.0,2024-05-05,60,11,0,0,0,0,36,0,4190,1,2,4,0.0,2,-52,89,141,5.4,False,0,492.0,,Tottenham Hotspur,0,0,0.0,63,MC,Liverpool,Tottenham Hotspur,4,2,22251,2023,659565,0.0,0,0,0,0.0,0.2602687776088714,0.2602687776088714,6108.0,Tottenham Hotspur,Rodrigo Bentancur,Rodrigo Bentancur,3,5,36,1.2,MID,0.0,0.02,0.39,0.37,0.29,1.0,0.0,2.5,6.8,2.6,16.0,27.0,0.0,0.0,0.0,0.0,0.0,0.0,0.0,0.0,2.0,1.0,0.0,3.0,0.22,0.0,0.0,0.0,0.0,0.0,0.22,0.24,0.04,3.0,0.0,0.03,0.18,0.16,1.15,2.33,0.0,1.93,8.73,3.1,7.67,42.67,0.0,0.0,0.0,0.0,0.0,0.0,0.67,1.0,2.67,1.0,0.0,1.33,0.09,0.0,0.0,0.0,0.0,0.0,0.09,0.37,0.28,2.67,0.0,0.06,0.16,0.1,1.01,1.6,0.0,2.68,10.32,8.4,8.2,48.4,0.0,0.0,0.0,0.0,0.4,0.0,0.6,1.0,2.4,1.4,0.0,1.0,0.07,0.03,0.2,0.2,0.4,0.0,0.07,0.47,0.38,2.2,-17.0,-0.2260869565217391,2.0,0.641,0.167,0.192,,,-1.5743444325977407e-09,0.0018015776840896,1,0.0,0.005404725180546688
9203,0,0,3,1,0.8,279,0.01,0.13,0.12,0.62,352,0,0,3.2,8.4,2024-05-04,63,4,0,0,0,0,36,0,622876,1,0,0,23.0,2,-40685,18034,58719,4.5,False,0,,,Wolverhampton Wanderers,0,1,0.0196979213505983,90,,Manchester City,Wolverhampton Wanderers,5,1,22253,2023,659054,0.733360230922699,2,5,0,0.0196979213505983,1.833307385444641,1.3084676265716553,,Wolverhampton Wanderers,,,2,2,36,3.8,FWD,0.0,0.02,0.56,0.54,0.59,1.0,0.0,5.2,0.0,13.0,40.0,85.0,0.0,0.0,0.0,0.0,0.0,0.0,1.0,1.0,0.0,2.0,0.0,1.0,0.03,0.08,0.0,1.0,1.0,0.0,0.03,0.82,0.79,5.0,0.0,0.08,0.57,0.49,1.3,1.33,0.33,7.83,12.93,12.97,52.67,88.33,0.0,0.0,0.0,0.0,0.0,0.0,1.0,1.67,0.67,4.0,0.33,2.33,0.11,0.07,0.0,0.33,1.0,0.33,0.11,0.84,0.72,4.17,0.0,0.07,0.54,0.47,1.07,1.0,0.6,7.8,22.04,10.02,46.0,69.4,0.0,0.0,0.0,0.0,0.0,0.0,0.8,1.2,1.2,5.2,0.2,1.8,0.09,0.08,0.0,0.4,1.6,0.2,0.09,0.76,0.65,4.16,-433568.0,-0.5300770002475473,2.0,0.876,0.079,0.045,,,0.2404790094011804,-8.433620468650813e-10,0,,2.9619160350746356
9210,0,0,4,0,0.2,799,0.0,0.0,0.0,0.1,351,1,0,0.2,1.4,2024-05-04,1,1,0,0,0,0,36,0,292,0,0,3,0.0,1,-8,8,16,5.0,False,0,799.0,,Bournemouth,0,0,0.0,1,,Arsenal,Bournemouth,3,0,22245,2023,658611,0.0,0,0,0,0.0,0.0,0.0,6420.0,Bournemouth,Romain Faivre,Romain Faivre,2,5,36,-0.6,MID,0.0,0.01,0.02,0.01,0.02,0.0,0.0,0.4,0.0,0.8,6.0,20.0,0.0,0.0,0.0,0.0,0.0,0.0,0.0,2.0,2.0,1.0,0.0,1.0,0.04,0.0,0.0,0.0,0.0,0.0,0.04,0.0,0.0,0.2,0.0,0.01,0.06,0.05,0.01,0.0,0.0,0.5,1.2,0.47,4.33,11.67,0.0,0.0,0.0,0.0,0.0,0.0,0.0,1.33,1.67,1.0,0.0,0.67,0.04,0.0,0.0,0.0,0.0,0.0,0.04,0.05,0.05,0.17,0.0,0.01,0.04,0.03,0.01,0.0,0.0,0.32,0.72,0.46,2.6,7.2,0.0,0.0,0.0,0.0,0.2,0.0,0.0,1.0,1.2,0.6,0.0,0.4,0.03,0.0,0.0,0.0,0.0,0.0,0.03,0.03,0.03,0.48,14.0,-0.3333333333333333,1.0,0.785,0.128,0.087,,,-1.5743444325977407e-09,1.159168760977991e-09,0,0.0,0.9999999956057841
9242,0,0,8,0,14.6,630,0.04,0.16,0.12,1.43,358,1,0,4.4,11.2,2024-05-03,90,9,0,0,0,0,36,0,125980,1,1,1,18.0,2,-6254,4134,10388,4.6,True,0,630.0,,Luton,0,3,0.1418453603982925,90,MC,Luton,Everton,1,1,22252,2023,658563,0.0103168589994311,0,1,0,0.1418453603982925,0.1096167489886283,0.0878433808684349,592.0,Luton,Ross Barkley,Ross Barkley,2,2,36,2.7,MID,0.0,0.03,0.07,0.04,1.21,2.0,0.0,2.5,9.6,6.2,9.0,77.0,0.0,0.0,0.0,0.0,0.0,0.0,1.0,1.0,2.0,2.0,0.0,1.0,0.04,0.0,0.0,0.0,0.0,0.0,0.04,0.09,0.09,2.5,0.0,0.02,0.09,0.07,2.87,4.0,0.33,3.43,21.8,3.53,8.67,85.67,0.0,0.0,0.0,0.0,0.0,0.0,1.0,2.33,2.67,3.67,0.33,0.67,0.13,0.0,0.0,0.0,0.0,0.33,0.13,0.3,0.18,2.57,0.0,0.04,0.14,0.1,1.95,3.0,0.2,3.6,18.52,5.96,11.4,87.4,0.0,0.0,0.0,0.0,0.0,0.0,1.0,1.6,2.4,3.0,0.2,1.8,0.13,0.01,0.0,0.0,0.2,0.2,0.13,0.27,0.15,2.46,-5515.0,-0.4306569343065693,2.0,0.365,0.263,0.372,,,0.1155913878466583,0.0434418096345667,1,0.0,1.7082823681369916
9278,0,0,10,0,25.1,65,0.09,0.09,0.0,3.98,351,3,0,3.4,9.2,2024-05-04,90,1,0,0,0,0,36,0,8188,1,0,3,0.0,1,-266,221,487,5.0,False,1,65.0,,Bournemouth,0,0,0.0,90,DMC,Arsenal,Bournemouth,3,0,22245,2023,658605,0.0525308102369308,0,2,0,0.0,0.0223085265606641,0.0,10744.0,Bournemouth,Ryan Christie,Ryan Christie,2,5,36,1.2,MID,0.0,0.02,0.02,0.0,0.33,0.0,0.0,4.6,24.8,21.2,0.0,23.0,0.0,0.0,0.0,0.0,0.0,0.0,0.0,0.0,3.0,4.0,0.0,0.0,0.0,0.13,1.0,1.0,2.0,0.0,0.0,0.34,0.2,2.4,0.33,0.15,0.22,0.08,0.72,0.67,0.0,7.43,24.8,44.23,5.33,62.67,0.0,0.0,0.0,0.0,0.0,0.0,0.67,0.67,2.0,3.0,0.0,1.67,0.09,0.19,0.33,0.33,3.33,0.0,0.09,0.47,0.3,2.87,0.2,0.19,0.26,0.07,0.95,1.2,0.0,6.4,23.88,32.1,8.0,73.6,0.0,0.0,0.0,0.0,0.2,0.0,0.8,1.0,2.0,2.4,0.0,1.4,0.08,0.14,0.2,0.2,2.4,0.0,0.08,0.43,0.29,2.8,-199.0,-0.3757062146892655,1.0,0.785,0.128,0.087,,,0.0003421594692825,0.080971156443474,0,0.0,2.2446242666768343
9304,0,0,3,0,0.1,708,0.0,0.1,0.1,0.43,357,1,0,0.9,4.4,2024-05-05,15,18,0,0,0,0,36,0,6697,0,2,4,4.0,1,8,153,145,5.0,True,0,708.0,,Liverpool,0,1,0.0837847366929054,13,,Liverpool,Tottenham Hotspur,4,2,22251,2023,659554,0.0,0,0,0,0.0837847366929054,0.0837847366929054,0.0,10697.0,Liverpool,Ryan Gravenberch,Ryan Gravenberch,3,5,36,2.6,MID,0.0,0.21,0.43,0.22,0.7,2.0,0.0,5.7,10.8,31.7,14.0,90.0,0.0,0.0,0.0,0.0,0.0,0.0,1.0,2.0,2.0,2.0,0.0,3.0,0.16,0.16,0.0,0.0,2.0,0.0,0.16,0.56,0.42,2.7,0.0,0.13,0.27,0.14,0.59,1.33,0.33,4.87,17.47,17.57,13.33,74.0,0.0,0.0,0.0,0.0,0.0,0.0,1.0,2.0,2.0,4.33,0.33,2.0,0.1,0.07,0.0,0.0,1.0,0.33,0.1,0.42,0.32,3.13,0.0,0.1,0.2,0.1,0.53,1.0,0.2,3.98,14.16,15.16,10.2,60.0,0.0,0.0,0.0,0.0,0.0,0.0,0.8,1.6,2.4,3.2,0.2,1.6,0.07,0.06,0.0,0.0,1.0,0.2,0.07,0.43,0.33,2.66,58.0,0.0268456375838926,1.0,0.641,0.167,0.192,,,0.00986253073075,1.159168760977991e-09,0,0.0,2.049312657131256
9340,0,0,30,0,2.1,470,0.01,0.2,0.19,2.27,360,1,1,7.0,43.8,2024-05-04,90,17,0,0,0,0,36,0,2930,1,3,1,24.0,7,-12,12,24,4.8,False,0,470.0,,Nottingham Forest,1,2,0.4990955293178558,90,DMC,Sheffield United,Nottingham Forest,1,3,22254,2023,658914,0.0,0,0,1,0.4990955293178558,0.4482726752758026,0.4482726752758026,11003.0,Nottingham Forest,Ryan Yates,Ryan Yates,2,2,36,3.0,MID,0.0,0.01,0.01,0.0,0.06,0.0,0.0,0.4,0.6,1.3,2.0,16.0,0.0,0.0,0.0,0.0,0.0,0.0,0.0,2.0,0.0,1.0,0.0,0.0,0.0,0.0,0.0,0.0,0.0,0.0,0.0,0.01,0.01,0.0,0.0,0.01,0.04,0.02,0.39,0.67,0.0,1.2,2.53,4.37,5.33,30.33,0.0,0.0,0.0,0.0,0.33,0.0,0.33,1.33,1.33,1.0,0.0,1.0,0.02,0.03,0.0,0.0,0.33,0.0,0.02,0.08,0.04,1.07,0.0,0.01,0.08,0.07,0.8,1.2,0.0,1.62,4.4,3.58,8.4,52.2,0.0,0.0,0.0,0.0,0.4,0.0,0.6,1.2,2.0,1.2,0.0,1.2,0.07,0.02,0.0,0.0,0.2,0.0,0.07,0.26,0.2,1.3,7.0,-0.3333333333333333,7.0,0.2,0.226,0.575,,,0.2736726406156238,0.0087800103373598,0,1.0,3.3947032340901986
9447,0,0,11,0,21.5,475,0.04,0.15,0.11,3.58,354,4,0,3.1,7.4,2024-05-04,90,15,0,0,0,0,36,0,9687,1,4,1,2.0,2,-80,95,175,4.6,True,0,475.0,,Burnley,0,2,0.0601822212338447,90,DMC,Burnley,Newcastle United,1,4,22248,2023,658871,0.0635884031653404,0,1,0,0.0601822212338447,0.8436066508293152,0.7198359966278076,8285.0,Burnley,Sander Berge,Sander Berge,3,2,36,1.5,MID,0.0,0.2,0.2,0.0,2.71,1.0,0.0,5.8,15.6,40.1,2.0,90.0,0.0,0.0,0.0,0.0,0.0,0.0,1.0,1.0,1.0,2.0,0.0,0.0,0.0,0.58,0.0,0.0,3.0,0.0,0.0,0.67,0.09,1.3,0.0,0.14,0.16,0.02,2.02,1.0,0.0,4.13,15.13,25.23,1.0,90.0,0.0,0.0,0.0,0.0,0.0,0.0,1.0,2.0,1.0,2.0,0.0,0.33,0.01,0.38,0.0,0.0,1.67,0.0,0.01,0.8,0.41,1.47,0.0,0.1,0.11,0.01,1.54,1.0,0.0,3.4,15.08,16.38,2.4,90.0,0.0,0.0,0.0,0.0,0.2,0.0,1.0,1.4,1.0,1.8,0.0,0.4,0.01,0.23,0.0,0.0,1.0,0.0,0.01,0.69,0.45,1.36,-37.0,-0.2962962962962963,2.0,0.278,0.237,0.485,,,0.0150621494061993,0.130446726757728,1,0.0,1.4666509273041806
9468,0,0,4,0,0.3,697,0.0,0.0,0.0,0.91,359,1,0,0.5,5.0,2024-05-04,19,13,0,0,0,0,36,0,4815,0,1,5,0.0,1,-252,14,266,4.5,False,0,697.0,,Wolverhampton Wanderers,0,0,0.0,12,,Manchester City,Wolverhampton Wanderers,5,1,22253,2023,659077,0.0,0,0,0,0.0,0.0,0.0,10945.0,Wolverhampton Wanderers,Santiago Bueno,Santiago Bueno,2,5,36,-0.2,DEF,0.0,0.0,0.0,0.0,1.17,1.0,0.0,1.5,15.0,0.1,0.0,45.0,0.0,0.0,0.0,0.0,0.0,0.0,1.0,1.0,0.0,1.0,0.0,0.0,0.0,0.0,0.0,0.0,0.0,0.0,0.0,0.03,0.03,1.0,0.0,0.0,0.0,0.0,1.43,1.67,0.0,2.23,21.53,0.67,0.0,75.0,0.0,0.0,0.0,0.0,0.0,0.0,1.0,1.67,0.67,1.0,0.0,0.0,0.0,0.0,0.0,0.0,0.0,0.0,0.0,0.07,0.07,1.0,0.0,0.0,0.0,0.0,1.12,1.4,0.0,1.94,16.2,2.82,0.4,67.4,0.0,0.0,0.0,0.0,0.0,0.0,0.8,1.6,0.8,1.0,0.0,0.0,0.0,0.0,0.0,0.0,0.2,0.0,0.0,0.19,0.19,1.1,-991.0,-0.9,1.0,0.876,0.079,0.045,,0.7581471636483987,5.515961021274052e-10,-5.277553949412095e-10,0,0.0,1.6210000017263106
9504,0,0,12,1,21.8,276,0.01,0.05,0.04,0.62,352,0,0,4.4,11.2,2024-05-04,74,4,0,0,0,0,36,0,40346,1,0,0,11.0,3,-772,782,1554,4.3,False,0,,,Fulham,0,1,0.0734674111008644,81,,Brentford,Fulham,0,0,22246,2023,658855,0.1013057976961135,0,2,0,0.0734674111008644,0.5619202256202698,0.3871470391750335,,Fulham,,,2,2,36,2.2,MID,0.0,0.0,0.0,0.0,0.32,1.0,0.0,2.1,8.4,10.4,2.0,21.0,0.0,0.0,0.0,0.0,0.0,0.0,0.0,1.0,1.0,1.0,0.0,0.0,0.0,0.05,0.0,0.0,1.0,0.0,0.0,0.05,0.05,1.5,0.33,0.03,0.07,0.04,0.76,1.33,0.0,3.1,13.4,12.43,5.0,67.0,0.0,0.0,0.0,0.0,0.0,0.0,0.67,2.0,0.67,2.0,0.0,0.67,0.05,0.08,0.0,0.0,1.0,0.0,0.05,0.31,0.22,1.37,0.2,0.02,0.04,0.02,0.68,1.4,0.0,2.3,9.04,10.3,3.4,51.6,0.0,0.0,0.0,0.0,0.2,0.0,0.6,1.6,1.0,1.4,0.0,0.4,0.03,0.05,0.0,0.0,0.8,0.0,0.03,0.19,0.13,1.98,-651.0,-0.3304794520547945,3.0,0.453,0.25,0.297,,,0.0622781301538515,0.0877594783032671,1,0.0,1.5746690856790586
9551,0,0,4,0,0.2,247,0.0,0.0,0.0,0.38,358,0,0,0.5,5.0,2024-05-03,23,12,0,0,0,0,36,0,4897,0,1,1,0.0,1,-241,22,263,4.4,False,0,247.0,,Everton,0,0,0.0,17,Sub,Luton,Everton,1,1,22252,2023,658582,0.0,0,0,0,0.0,0.0,0.0,585.0,Everton,Seamus Coleman,Seamus Coleman,2,2,36,0.4,DEF,0.0,0.56,0.56,0.0,1.35,4.0,0.0,1.7,4.2,11.1,2.0,45.0,0.0,0.0,0.0,0.0,0.0,0.0,1.0,0.0,6.0,-1.0,0.0,0.0,0.0,0.84,0.0,0.0,1.0,0.0,0.0,0.84,0.0,1.8,0.33,0.2,0.2,0.0,0.62,1.33,0.0,1.73,7.13,8.8,1.33,45.33,0.0,0.0,0.0,0.0,0.0,0.0,0.67,0.33,2.67,2.67,0.0,0.0,0.0,0.28,0.0,0.0,0.67,0.0,0.0,0.37,0.09,1.43,0.2,0.12,0.12,0.0,0.87,1.6,0.0,1.34,6.72,5.78,0.8,52.0,0.2,0.0,0.0,0.0,0.0,0.0,0.6,0.4,2.4,1.4,0.0,0.0,0.0,0.17,0.0,0.0,0.4,0.0,0.0,0.24,0.07,0.66,-998.0,-0.8456140350877193,1.0,0.365,0.263,0.372,,0.5198108001824633,5.515961021274052e-10,-5.277553949412095e-10,0,0.0,0.7400000017263104
9585,0,0,27,1,3.1,421,0.04,0.26,0.22,0.68,354,0,1,6.0,34.6,2024-05-04,76,6,0,0,0,0,36,0,37768,1,4,1,22.0,8,-256,817,1073,4.8,False,0,421.0,,Newcastle United,1,2,0.1590899229049682,83,MC,Burnley,Newcastle United,1,4,22248,2023,658887,0.0,0,0,1,0.1590899229049682,0.5109624862670898,0.3518725931644439,7078.0,Newcastle United,Sean Longstaff,Sean Longstaff,3,2,36,4.0,MID,0.0,0.03,0.29,0.26,1.48,1.0,0.0,5.8,13.8,15.5,29.0,90.0,0.0,0.0,0.0,0.0,0.0,0.0,1.0,1.0,5.0,2.0,0.0,3.0,0.27,0.04,0.0,0.0,1.0,0.0,0.27,0.37,0.15,2.5,0.33,0.02,0.11,0.09,0.99,1.0,0.0,3.13,11.4,8.6,11.67,89.67,0.0,0.0,0.0,0.0,0.33,0.0,1.0,0.33,3.67,2.0,0.0,1.0,0.09,0.01,0.0,0.0,0.33,0.0,0.09,0.15,0.07,2.07,0.4,0.08,0.18,0.11,1.13,0.8,0.0,2.98,9.64,8.84,11.4,89.8,0.0,0.0,0.0,0.0,0.4,0.0,1.0,0.6,2.4,2.0,0.0,1.6,0.17,0.07,0.0,0.0,0.4,0.0,0.17,0.36,0.13,2.04,-156.0,-0.1354497354497354,8.0,0.278,0.237,0.485,,,0.1542508281955275,1.159168760977991e-09,0,0.0,2.7712541444551437
9631,0,3,31,1,21.6,508,0.04,0.04,0.0,1.19,352,0,0,4.7,21.8,2024-05-04,90,10,0,0,0,0,36,0,335195,1,0,0,4.0,8,23811,34423,10612,4.5,True,1,508.0,,Brentford,0,0,0.0,90,DL,Brentford,Fulham,0,0,22246,2023,658837,0.0086929034441709,0,1,0,0.0,0.0,0.0,7187.0,Manchester United,Sergio Reguilón,Sergio Reguilón,2,2,36,6.0,DEF,0.0,0.05,0.08,0.03,0.74,1.0,0.0,5.2,22.2,26.6,3.0,76.0,0.0,0.0,0.0,0.0,1.0,0.0,1.0,0.0,1.0,1.0,0.0,1.0,0.03,0.07,0.0,0.0,2.0,0.0,0.03,0.15,0.13,5.2,0.33,0.17,0.21,0.04,0.72,0.67,0.0,7.6,31.27,40.73,4.0,85.33,0.0,0.0,0.0,0.0,0.33,0.0,1.0,1.67,1.33,5.33,0.0,1.0,0.05,0.3,0.33,0.33,3.0,0.0,0.05,0.45,0.25,5.23,0.2,0.25,0.29,0.04,0.75,0.8,0.0,6.24,28.36,30.3,3.8,69.6,0.0,0.0,0.0,0.0,0.2,0.0,0.8,1.6,1.4,5.2,0.0,1.0,0.05,0.34,0.6,0.6,2.2,0.0,0.05,0.46,0.16,3.22,25578.0,0.5287221050294215,5.0,0.453,0.25,0.297,,1.065209590319638,0.0057309235670708,0.0833876487896614,0,0.0,1.7515484877714091
9671,0,0,18,1,64.1,122,0.42,0.72,0.3,0.06,353,0,0,16.1,28.6,2024-05-05,90,2,0,0,0,0,36,0,56401,1,0,1,68.0,2,-1574,1229,2803,5.0,True,1,122.0,,Brighton and Hove Albion,0,4,0.4341223239898681,90,AML,Brighton and Hove Albion,Aston Villa,1,0,22247,2023,659396,0.8295615911483765,0,5,0,0.4341223239898681,1.6166373491287231,0.6671135425567627,11710.0,Brighton and Hove Albion,Simon Adingra,Simon Adingra,3,3,36,1.3,MID,0.0,0.03,0.07,0.04,1.95,2.0,0.0,2.3,5.6,3.7,14.0,65.0,0.0,0.0,0.0,0.0,0.0,0.0,1.0,0.0,3.0,2.0,0.0,1.0,0.04,0.0,0.0,0.0,0.0,0.0,0.04,0.04,0.0,2.0,0.0,0.05,0.16,0.12,1.36,1.33,0.0,4.43,7.73,6.7,30.67,62.0,0.0,0.0,0.0,0.0,0.0,0.0,0.67,1.67,1.33,1.67,0.0,2.0,0.13,0.01,0.0,0.0,0.33,0.0,0.13,0.16,0.02,1.9,0.2,0.06,0.16,0.1,1.56,1.4,0.0,4.58,9.8,12.92,23.4,69.8,0.0,0.0,0.0,0.0,0.0,0.0,0.8,1.6,0.8,2.0,0.0,1.8,0.1,0.03,0.0,0.0,0.8,0.0,0.1,0.18,0.06,1.98,-1394.0,-0.3903769841269841,2.0,0.35,0.257,0.393,,,0.3355772494942717,0.3063282629857815,0,0.0,4.596871036428703
9692,0,0,2,0,0.6,709,0.0,0.0,0.0,0.39,356,1,0,1.5,14.6,2024-05-06,30,8,0,0,0,0,36,0,9915,0,0,4,0.0,0,-35,31,66,5.0,False,1,709.0,,Manchester United,0,0,0.0,27,,Crystal Palace,Manchester United,4,0,22250,2023,660063,0.0,0,0,0,0.0,0.0,0.0,7927.0,Manchester United,Sofyan Amrabat,Sofyan Amrabat,3,2,36,0.5,MID,0.0,0.01,0.01,0.0,0.89,1.0,0.0,0.1,0.2,0.3,0.0,9.0,0.0,0.0,0.0,0.0,0.0,0.0,0.0,1.0,1.0,1.0,0.0,0.0,0.0,0.0,0.0,0.0,0.0,0.0,0.0,0.0,0.0,1.1,0.0,0.0,0.0,0.0,0.68,0.67,0.0,0.1,0.73,0.3,0.0,7.0,0.0,0.0,0.0,0.0,0.0,0.0,0.0,1.67,2.33,1.0,0.0,0.0,0.0,0.0,0.0,0.0,0.0,0.0,0.0,0.03,0.03,0.67,0.0,0.0,0.0,0.0,0.48,0.6,0.0,0.12,0.8,0.32,0.0,8.0,0.0,0.0,0.0,0.0,0.0,0.0,0.0,1.2,2.4,1.0,0.0,0.0,0.0,0.0,0.0,0.0,0.0,0.0,0.0,0.02,0.02,0.52,-6.0,-0.3608247422680412,0.0,0.402,0.255,0.342,,,-1.5743444325977407e-09,0.0002867622624234,0,0.0,1.000860278915548
9734,0,0,28,0,28.6,516,0.06,0.4,0.34,3.22,357,4,1,11.7,46.0,2024-05-05,90,11,0,0,0,0,36,0,3430427,1,2,4,42.0,7,-98799,87415,186214,9.9,False,0,,,Tottenham Hotspur,1,2,0.3829889297485351,90,,Liverpool,Tottenham Hotspur,4,2,22251,2023,659567,0.0786075443029403,0,2,1,0.3829889297485351,0.9510690569877625,0.621898889541626,,Tottenham Hotspur,,,3,5,36,4.2,MID,0.0,0.12,0.12,0.0,1.94,2.0,0.0,5.7,10.2,34.8,12.0,90.0,0.0,0.0,0.0,0.0,0.0,0.0,1.0,0.0,2.0,2.0,0.0,0.0,0.0,0.21,0.0,0.0,3.0,0.0,0.0,0.38,0.23,7.6,0.0,0.07,0.45,0.38,1.83,2.67,0.33,5.53,15.8,23.87,15.67,79.0,0.0,0.0,0.0,0.0,0.0,0.0,1.0,1.0,2.67,3.33,0.33,0.67,0.35,0.11,0.0,0.0,2.0,0.0,0.1,0.29,0.13,6.73,0.0,0.12,0.41,0.29,1.64,2.0,0.2,6.56,16.04,27.92,21.6,83.4,0.0,0.0,0.0,0.0,0.0,0.0,1.0,1.0,2.4,3.4,0.2,1.2,0.29,0.12,0.2,0.2,2.2,0.0,0.13,0.32,0.11,7.24,-115983.0,-0.3610691849182652,7.0,0.641,0.167,0.192,,,0.4715968526674321,0.1879150213125902,0,0.0,4.921729327274931
9738,0,0,3,0,0.3,292,0.0,0.0,0.0,0.88,357,2,0,0.8,7.8,2024-05-05,25,18,0,0,0,0,36,0,2386,0,2,4,0.0,1,8,18,10,4.7,True,0,292.0,,Liverpool,0,0,0.0,23,Sub,Liverpool,Tottenham Hotspur,4,2,22251,2023,659555,0.0,0,0,0,0.0,0.0,0.0,10723.0,Liverpool,Stefan Bajcetic,Stefan Bajcetic,3,5,36,0.2,MID,,,,,,,,,,,,,,,,,,,,,,,,,,,,,,,,,,,,,,,,,,,,,,,,,,,,,,,,,,,,,,,,,,,,,,,,,,,,,,,,,,,,,,,,,,,,,,,,,,,,,,,0.0,0.2857142857142857,1.0,0.641,0.167,0.192,,,-1.5743444325977407e-09,1.159168760977991e-09,0,1.0,0.9999999956057841
9796,0,0,2,0,16.4,586,0.02,0.06,0.04,1.43,358,1,0,2.9,8.2,2024-05-03,86,9,0,0,0,0,36,0,19725,1,1,1,4.0,1,-443,1221,1664,4.4,True,1,586.0,,Luton,0,1,0.0367877371609211,90,AMC,Luton,Everton,1,1,22252,2023,658564,0.0288616567850112,0,1,0,0.0367877371609211,0.0656493976712226,0.0,7439.0,Luton,Tahith Chong,Tahith Chong,2,2,36,1.3,MID,0.0,0.02,0.02,0.0,1.21,2.0,0.0,1.4,5.2,4.4,4.0,90.0,0.0,0.0,0.0,0.0,0.0,0.0,1.0,1.0,2.0,2.0,0.0,0.0,0.0,0.0,0.0,0.0,0.0,0.0,0.0,0.04,0.04,1.3,0.0,0.01,0.07,0.06,2.62,3.67,0.0,1.27,5.27,2.47,5.0,83.33,0.0,0.0,0.0,0.0,0.0,0.0,1.0,2.33,2.67,2.0,0.0,0.67,0.04,0.0,0.0,0.0,0.0,0.0,0.04,0.05,0.03,2.0,0.0,0.02,0.08,0.06,1.65,2.4,0.0,1.4,4.4,4.04,5.6,73.2,0.0,0.0,0.0,0.0,0.0,0.0,0.8,1.6,2.4,1.8,0.0,0.8,0.04,0.01,0.0,0.0,0.2,0.0,0.04,0.09,0.06,2.2,-239.0,-0.1535528596187175,1.0,0.365,0.263,0.372,,,0.0176170741083236,0.0373645783748228,0,0.0,2.200179105666086
9816,0,0,2,0,0.3,437,0.0,0.0,0.0,0.0,360,0,0,0.0,0.0,2024-05-04,1,17,0,0,0,0,36,0,141303,0,3,1,0.0,1,-929,257,1186,6.3,False,0,437.0,,Nottingham Forest,0,0,0.0,1,Sub,Sheffield United,Nottingham Forest,1,3,22254,2023,658921,0.0,0,0,0,0.0,0.0,0.0,7814.0,Nottingham Forest,Taiwo Awoniyi,Taiwo Awoniyi,2,2,36,0.5,FWD,0.0,0.0,0.0,0.0,0.04,0.0,0.0,0.7,5.0,0.4,2.0,18.0,0.0,0.0,0.0,0.0,0.0,0.0,0.0,0.0,1.0,1.0,0.0,0.0,0.0,0.0,0.0,0.0,0.0,0.0,0.0,0.0,0.0,3.2,0.0,0.14,0.15,0.01,0.98,1.33,0.0,1.8,10.07,4.07,4.0,29.33,0.0,0.0,0.0,0.0,0.0,0.0,0.33,1.0,1.67,2.0,0.0,0.33,0.01,0.32,0.33,0.33,0.33,0.0,0.01,0.11,0.1,2.07,0.2,0.1,0.25,0.15,0.78,1.4,0.2,3.2,12.68,3.74,15.8,44.2,0.0,0.0,0.0,0.0,0.2,0.0,0.6,1.2,1.8,3.0,0.2,1.0,0.14,0.19,0.2,0.2,0.2,0.2,0.14,0.25,0.11,2.38,-35311.0,-0.6437976437976438,1.0,0.2,0.226,0.575,,,0.0012505828352267,-8.433620468650813e-10,0,,1.0050023288108207
9838,0,0,20,1,27.3,25,0.09,0.53,0.44,0.37,351,0,0,6.6,24.0,2024-05-04,90,3,0,0,0,0,36,0,30547,1,0,3,15.0,6,1875,2427,552,4.5,True,0,25.0,,Arsenal,0,1,0.4714291989803314,90,DL,Arsenal,Bournemouth,3,0,22245,2023,658590,0.1320591270923614,0,2,0,0.4714291989803314,0.449582576751709,0.449582576751709,7931.0,Arsenal,Takehiro Tomiyasu,Takehiro Tomiyasu,2,5,36,3.6,DEF,0.0,0.01,0.04,0.03,2.37,2.0,0.0,1.0,4.4,1.6,4.0,90.0,0.0,0.0,0.0,0.0,0.0,0.0,1.0,3.0,2.0,1.0,0.0,1.0,0.11,0.0,0.0,0.0,0.0,0.0,0.11,0.0,0.0,2.0,0.33,0.03,0.14,0.11,1.57,1.33,0.0,2.4,6.53,7.77,9.67,61.33,0.0,0.0,0.0,0.0,0.0,0.0,0.67,1.67,2.33,2.33,0.0,0.67,0.07,0.01,0.0,0.0,0.33,0.0,0.07,0.15,0.15,2.77,0.2,0.02,0.09,0.07,1.01,0.8,0.0,1.48,4.16,4.82,6.0,43.6,0.0,0.0,0.0,0.0,0.0,0.0,0.4,1.6,1.8,1.8,0.0,0.6,0.05,0.0,0.0,0.0,0.2,0.0,0.05,0.1,0.09,2.46,2099.0,0.6294058408862034,6.0,0.785,0.128,0.087,,1.0453403486245647,0.0950329211543667,0.0907300546625891,0,0.0,2.3193876909139672
9867,0,0,5,0,0.0,750,0.0,0.0,0.0,0.28,359,0,0,0.2,2.0,2024-05-04,3,13,0,0,0,0,36,0,577,0,1,5,0.0,1,-1,11,12,4.4,False,0,750.0,,Wolverhampton Wanderers,0,0,0.0,1,,Manchester City,Wolverhampton Wanderers,5,1,22253,2023,659078,0.0,0,0,0,0.0,0.0,0.0,12234.0,Wolverhampton Wanderers,Tawanda Chirewa,Tawanda Chirewa,2,5,36,0.0,MID,0.0,0.06,0.12,0.06,0.0,0.0,0.0,1.1,3.0,3.8,4.0,26.0,0.0,0.0,0.0,0.0,0.0,0.0,0.0,1.0,0.0,1.0,0.0,1.0,0.03,0.0,0.0,0.0,0.0,0.0,0.03,0.03,0.0,0.6,0.0,0.02,0.05,0.03,0.28,0.33,0.0,0.93,3.33,1.73,4.33,34.0,0.0,0.0,0.0,0.0,0.0,0.0,0.33,1.67,0.67,1.33,0.0,0.67,0.02,0.0,0.0,0.0,0.0,0.0,0.02,0.03,0.02,0.57,0.0,0.01,0.03,0.02,0.19,0.2,0.0,0.66,2.48,1.22,3.4,24.8,0.0,0.0,0.0,0.0,0.2,0.0,0.2,1.4,1.0,1.0,0.0,0.4,0.01,0.0,0.0,0.0,0.0,0.0,0.01,0.02,0.01,0.34,-7.0,-0.0434782608695652,1.0,0.876,0.079,0.045,,,-1.5743444325977407e-09,1.159168760977991e-09,0,0.0,0.9999999956057841
9895,0,0,10,0,10.3,393,0.01,0.13,0.12,1.43,358,1,0,4.8,20.4,2024-05-03,90,9,0,0,0,0,36,0,168198,1,1,1,17.0,2,-2058,3390,5448,3.9,True,0,393.0,,Luton,0,3,0.1501596421003341,90,DC,Luton,Everton,1,1,22252,2023,658559,0.1109916493296623,0,1,0,0.1501596421003341,0.0686431974172592,0.0561894215643405,12073.0,Luton,Teden Mengi,Teden Mengi,2,2,36,0.3,DEF,0.0,0.01,0.01,0.0,1.21,2.0,0.0,2.2,19.0,0.6,2.0,90.0,0.0,0.0,0.0,0.0,0.0,0.0,1.0,1.0,2.0,1.0,0.0,0.0,0.0,0.0,0.0,0.0,0.0,0.0,0.0,0.09,0.09,0.3,0.0,0.01,0.01,0.0,1.56,2.67,0.0,2.73,21.87,4.13,1.33,90.0,0.0,0.0,0.0,0.0,0.0,0.0,1.0,2.33,1.67,1.0,0.0,0.0,0.0,0.01,0.0,0.0,0.33,0.0,0.0,0.07,0.06,0.37,0.0,0.01,0.01,0.0,1.7,2.4,0.0,2.52,21.72,2.62,0.8,90.0,0.0,0.0,0.0,0.0,0.2,0.0,1.0,1.6,1.8,0.8,0.0,0.0,0.0,0.01,0.0,0.0,0.2,0.0,0.0,0.04,0.03,0.12,-1613.0,-0.2328581126951799,2.0,0.365,0.263,0.372,,1.2645314840809905,0.0682366804034271,0.0382284260379959,0,0.0,1.8921053605345501
9926,1,2,48,1,25.3,217,0.08,0.2,0.12,0.99,355,0,0,8.4,52.2,2024-05-05,81,19,0,0,0,0,36,0,393236,1,0,5,6.0,11,-32590,9756,42346,5.0,True,0,,,Chelsea,0,1,0.0767715275287628,85,,Chelsea,West Ham United,5,0,22249,2023,659328,0.5986267328262329,1,2,0,0.0767715275287628,1.9248675107955933,1.9248675107955933,,Chelsea,,,2,3,36,0.9,DEF,0.0,0.03,0.06,0.03,0.77,2.0,0.0,3.6,17.6,13.1,5.0,89.0,0.0,0.0,0.0,0.0,1.0,0.0,1.0,2.0,2.0,0.0,0.0,1.0,0.03,0.03,0.0,0.0,1.0,0.0,0.03,0.17,0.15,4.6,0.33,0.01,0.02,0.01,0.93,0.67,0.0,1.97,12.47,4.57,2.33,63.67,0.0,0.0,0.0,0.0,0.33,0.0,0.67,0.67,4.33,2.33,0.0,0.33,0.01,0.01,0.0,0.0,0.33,0.0,0.01,0.13,0.12,3.67,0.2,0.01,0.05,0.04,0.9,1.0,0.2,3.5,25.2,3.28,6.2,68.2,0.0,0.0,0.0,0.0,0.2,0.0,0.8,1.4,3.2,3.8,0.2,0.6,0.07,0.01,0.0,0.0,0.2,0.2,0.07,0.12,0.11,3.46,-36056.0,-0.6255038194311159,9.0,0.577,0.212,0.212,,1.2661286996474144,0.0175690340967231,0.0748184778134994,0,1.0,5.696869638020837
9976,0,0,14,0,0.0,614,0.0,0.0,0.0,1.43,358,1,0,1.9,19.4,2024-05-03,90,9,0,0,0,0,36,3,79604,1,1,1,0.0,3,-989,2117,3106,4.5,True,0,614.0,,Luton,0,0,0.0,90,GK,Luton,Everton,1,1,22252,2023,658556,0.0,0,0,0,0.0,0.0,0.0,11712.0,Luton,Thomas Kaminski,Thomas Kaminski,2,2,36,1.7,GK,0.0,0.0,0.0,0.0,1.21,2.0,0.0,2.6,26.4,0.0,0.0,90.0,0.0,0.0,0.0,0.0,0.0,3.0,1.0,1.0,2.0,2.0,0.0,0.0,0.0,0.0,0.0,0.0,0.0,0.0,0.0,0.1,0.1,1.5,0.0,0.0,0.0,0.0,2.87,4.0,0.0,3.9,39.33,0.0,0.0,90.0,0.0,0.0,0.0,0.0,0.0,5.33,1.0,2.33,2.67,2.0,0.0,0.0,0.0,0.0,0.0,0.0,0.0,0.0,0.0,0.05,0.05,1.1,0.0,0.0,0.0,0.0,1.95,3.0,0.0,3.08,31.08,0.0,0.0,90.0,0.0,0.0,0.0,0.0,0.0,4.2,1.0,1.6,2.4,2.0,0.0,0.0,0.0,0.0,0.0,0.0,0.0,0.0,0.0,0.04,0.04,0.98,-592.0,-0.1893547769481141,3.0,0.365,0.263,0.372,1.803842728774768,1.3304262161254885,,,0,0.0,1.936
9990,0,0,10,1,13.9,15,0.09,0.24,0.15,0.37,351,0,0,4.1,16.2,2024-05-04,90,3,0,0,0,0,36,0,15335,1,0,3,11.0,2,68,113,45,4.8,True,1,15.0,,Arsenal,0,2,0.144106313586235,90,MC,Arsenal,Bournemouth,3,0,22245,2023,658591,0.1114978268742561,0,1,0,0.144106313586235,1.000974178314209,0.8894763588905334,2328.0,Arsenal,Thomas Partey,Thomas Partey,2,5,36,2.4,MID,0.0,0.02,0.02,0.0,2.37,2.0,0.0,1.8,13.4,5.0,0.0,90.0,0.0,0.0,0.0,0.0,1.0,0.0,1.0,3.0,2.0,1.0,0.0,0.0,0.0,0.0,0.0,0.0,0.0,0.0,0.0,0.57,0.57,1.8,0.33,0.02,0.07,0.05,1.33,0.67,0.0,2.07,8.4,10.57,2.0,57.0,0.0,0.0,0.0,0.0,0.33,0.0,0.67,1.67,2.33,1.67,0.0,1.0,0.03,0.06,0.0,0.0,0.67,0.0,0.03,0.74,0.65,3.67,0.4,0.03,0.06,0.03,0.86,0.4,0.0,1.52,6.56,7.06,1.6,52.2,0.0,0.0,0.0,0.0,0.2,0.0,0.6,1.0,1.8,1.8,0.0,0.6,0.02,0.04,0.0,0.0,0.4,0.0,0.02,0.5,0.44,3.04,91.0,0.430379746835443,2.0,0.785,0.128,0.087,,,0.0684278204825938,0.0630004974806499,1,0.0,0.5311405948549186
10066,0,0,23,1,2.3,688,0.01,0.08,0.07,0.63,352,0,0,2.4,13.0,2024-05-04,90,4,0,0,0,0,36,0,154073,1,0,0,9.0,6,12136,17182,5046,4.5,False,0,688.0,,Fulham,0,1,0.0657821744680404,90,,Brentford,Fulham,0,0,22246,2023,658850,0.0,0,0,0,0.0657821744680404,0.1045038253068924,0.1045038253068924,6157.0,Fulham,Timothy Castagne,Timothy Castagne,2,2,36,6.0,DEF,0.0,0.46,0.46,0.0,1.01,1.0,0.0,5.8,27.8,25.7,4.0,90.0,0.0,0.0,0.0,0.0,0.0,0.0,1.0,1.0,1.0,6.0,0.0,0.0,0.0,0.57,1.0,1.0,2.0,0.0,0.0,0.62,0.05,5.0,0.33,0.16,0.2,0.04,0.99,1.33,0.33,4.83,31.0,9.5,7.67,90.0,0.0,0.0,0.0,0.0,0.33,0.0,1.0,2.0,0.67,6.0,0.33,0.33,0.02,0.19,0.33,0.33,0.67,0.33,0.02,0.43,0.22,3.23,0.2,0.12,0.14,0.02,1.08,1.6,0.2,3.54,20.48,9.38,5.4,88.8,0.0,0.0,0.0,0.0,0.2,0.0,1.0,2.0,1.0,4.2,0.2,0.2,0.01,0.13,0.2,0.2,0.6,0.2,0.01,0.33,0.18,3.5,13273.0,0.5459780457081159,6.0,0.453,0.25,0.297,,1.2458720085913937,0.0951716459774254,-5.277553949412095e-10,0,1.0,5.9480298742812865
10100,0,0,4,0,25.3,268,0.04,0.04,0.0,0.02,352,0,0,3.4,8.8,2024-05-04,15,4,0,0,0,0,36,0,3988,0,0,0,0.0,1,-72,28,100,4.9,False,0,268.0,,Fulham,0,0,0.0,9,Sub,Brentford,Fulham,0,0,22246,2023,658863,0.1163530498743057,0,2,0,0.0,0.1163530498743057,0.0653089433908462,6835.0,Fulham,Tom Cairney,Tom Cairney,2,2,36,0.8,MID,0.0,0.0,0.0,0.0,0.14,1.0,0.0,0.1,0.6,0.6,0.0,5.0,0.0,0.0,0.0,0.0,0.0,0.0,0.0,1.0,1.0,1.0,0.0,0.0,0.0,0.0,0.0,0.0,0.0,0.0,0.0,0.0,0.0,1.2,0.33,0.06,0.1,0.04,0.15,0.67,0.0,2.77,6.47,17.27,4.0,29.33,0.0,0.0,0.0,0.0,0.0,0.0,0.33,1.67,0.67,1.67,0.0,0.67,0.02,0.07,0.0,0.0,1.33,0.0,0.02,0.17,0.12,1.3,0.2,0.06,0.11,0.05,0.27,0.6,0.0,3.6,11.2,16.84,8.0,32.2,0.0,0.0,0.0,0.0,0.0,0.0,0.2,1.8,1.6,2.0,0.0,0.8,0.04,0.05,0.2,0.2,1.2,0.0,0.04,0.2,0.15,1.28,-58.0,-0.5625,1.0,0.453,0.25,0.297,,,-1.5743444325977407e-09,0.0922424900103131,0,0.0,1.276727462159217
10204,0,0,13,0,0.7,573,0.0,0.0,0.0,3.57,359,5,0,1.8,17.6,2024-05-04,90,13,0,0,0,0,36,0,34284,1,1,5,0.0,0,-544,1674,2218,4.4,False,0,,,Wolverhampton Wanderers,0,0,0.0,90,,Manchester City,Wolverhampton Wanderers,5,1,22253,2023,659065,0.0,0,0,0,0.0,0.1362167000770568,0.1362167000770568,,Wolverhampton Wanderers,,,2,5,36,2.4,DEF,0.0,0.0,0.44,0.44,0.59,1.0,1.0,7.8,52.8,1.3,24.0,90.0,0.0,0.0,0.0,0.0,0.0,0.0,1.0,1.0,2.0,11.0,1.0,2.0,0.42,0.0,0.0,0.0,0.0,1.0,0.42,0.38,0.37,2.9,0.0,0.0,0.15,0.15,1.23,1.33,0.33,3.97,26.67,4.43,8.67,90.0,0.0,0.0,0.0,0.0,0.33,0.0,1.0,1.33,0.67,4.33,0.33,0.67,0.14,0.01,0.0,0.0,0.33,0.33,0.14,0.17,0.16,2.03,0.0,0.0,0.14,0.13,1.34,1.6,0.2,3.82,22.88,3.32,12.2,90.0,0.0,0.0,0.0,0.0,0.4,0.0,1.0,1.6,1.0,3.4,0.2,0.6,0.1,0.01,0.2,0.0,0.2,0.2,0.1,0.14,0.13,1.82,-210.0,-0.1397738951695786,0.0,0.876,0.079,0.045,,2.057381606176779,0.0006875925282947,-5.277553949412095e-10,0,0.0,0.9751255535865022
10232,0,0,5,0,35.1,290,0.22,0.37,0.15,1.16,357,2,0,7.5,18.0,2024-05-05,90,18,0,0,0,0,36,0,1129541,1,2,4,22.0,0,13461,53408,39947,8.4,True,1,290.0,,Liverpool,0,4,0.1955404132604599,90,DR,Liverpool,Tottenham Hotspur,4,2,22251,2023,659543,0.1443125456571579,0,2,0,0.1955404132604599,1.4793827533721924,1.1679073572158811,1791.0,Liverpool,Trent Alexander-Arnold,Trent Alexander-Arnold,3,5,36,2.4,DEF,0.0,0.43,0.63,0.2,0.66,2.0,0.0,9.4,21.6,42.5,30.0,77.0,0.0,0.0,0.0,0.0,0.0,0.0,1.0,2.0,2.0,1.0,0.0,4.0,0.2,0.37,0.0,0.0,3.0,0.0,0.2,0.81,0.43,2.5,0.0,0.28,0.38,0.09,0.73,1.67,0.33,6.7,28.2,26.2,12.67,79.67,0.0,0.0,0.0,0.0,0.0,0.0,1.0,1.67,1.67,3.67,0.33,2.0,0.09,0.2,0.0,0.0,1.33,0.33,0.09,0.48,0.34,3.9,0.0,0.24,0.31,0.07,0.65,1.2,0.2,5.98,24.36,27.02,8.4,65.2,0.0,0.0,0.0,0.0,0.0,0.0,0.8,1.4,1.6,3.2,0.2,1.6,0.06,0.22,0.2,0.2,1.4,0.2,0.06,0.69,0.57,2.88,11746.0,0.1441915269669541,0.0,0.641,0.167,0.192,,1.0284261855966146,0.0793304041826232,0.1734058749317917,0,1.0,6.482200049891114
10244,0,0,29,1,6.8,194,0.06,0.21,0.15,0.99,355,0,0,4.2,18.2,2024-05-05,82,19,0,0,0,0,36,0,61907,1,0,5,17.0,6,50810,52497,1687,4.3,True,0,194.0,,Chelsea,0,1,0.1170907095074653,86,DR,Chelsea,West Ham United,5,0,22249,2023,659327,0.0,0,0,0,0.1170907095074653,2.2360405921936035,2.2360405921936035,6615.0,Chelsea,Trevoh Chalobah,Trevoh Chalobah,2,3,36,6.0,DEF,1.0,0.01,0.06,0.05,1.54,0.0,1.0,6.2,43.4,1.1,17.0,90.0,0.0,0.0,0.0,0.0,0.0,0.0,1.0,0.0,2.0,15.0,1.0,1.0,0.24,0.0,0.0,0.0,0.0,1.0,0.24,0.11,0.11,7.4,0.33,0.02,0.03,0.02,1.03,1.0,0.33,3.57,23.4,6.6,5.67,67.67,0.0,0.0,0.0,0.0,0.0,0.0,0.67,0.67,3.0,6.0,0.33,0.33,0.08,0.02,0.0,0.0,0.33,0.33,0.08,0.08,0.08,5.13,0.4,0.01,0.02,0.01,1.17,1.0,0.2,3.16,23.88,4.42,3.4,76.6,0.0,0.0,0.0,0.0,0.2,0.0,0.8,0.8,3.4,4.8,0.2,0.2,0.05,0.01,0.0,0.0,0.2,0.2,0.05,0.11,0.11,3.64,51548.0,0.9377306954082386,6.0,0.577,0.212,0.212,,0.936646630808888,0.0694608092957993,-5.277553949412095e-10,0,1.0,5.94876485419153
10286,0,0,38,1,27.0,234,0.12,0.46,0.34,0.35,356,0,1,13.0,47.0,2024-05-06,90,14,0,0,0,0,36,0,490793,1,0,4,56.0,12,-19722,8209,27931,4.5,True,0,234.0,,Crystal Palace,1,2,0.682475209236145,90,DML,Crystal Palace,Manchester United,4,0,22250,2023,660041,0.2072863280773162,0,2,1,0.682475209236145,0.4161939918994903,0.2318797558546066,8214.0,Crystal Palace,Tyrick Mitchell,Tyrick Mitchell,3,2,36,6.4,DEF,0.0,0.24,0.24,0.0,1.05,1.0,0.0,2.8,8.2,16.2,4.0,84.0,0.0,0.0,0.0,0.0,0.0,0.0,1.0,1.0,1.0,2.0,0.0,0.0,0.0,0.02,0.0,0.0,1.0,0.0,0.0,0.4,0.37,4.0,0.33,0.1,0.15,0.05,0.91,1.0,0.0,2.83,7.87,14.27,6.33,88.0,0.0,0.0,0.0,0.0,0.33,0.0,1.0,1.0,2.67,2.67,0.0,1.0,0.07,0.06,0.0,0.0,1.0,0.0,0.07,0.62,0.49,6.27,0.4,0.09,0.12,0.03,1.48,1.4,0.0,3.1,14.6,11.92,4.6,85.6,0.0,0.0,0.0,0.0,0.2,0.0,1.0,1.6,2.0,4.0,0.0,0.6,0.04,0.12,0.2,0.2,0.8,0.0,0.04,0.63,0.54,4.62,-18463.0,-0.5457111234089651,12.0,0.402,0.255,0.342,,1.2531730603888902,0.2392359482815342,0.110096904486926,0,0.0,3.1387064031499836
10293,0,0,2,0,0.3,816,0.0,0.0,0.0,0.0,353,0,0,0.5,0.2,2024-05-05,1,2,0,0,0,0,36,0,3618,0,0,1,4.0,1,969,1223,254,4.0,True,0,816.0,,Brighton and Hove Albion,0,0,0.0,1,,Brighton and Hove Albion,Aston Villa,1,0,22247,2023,659398,0.0,0,0,0,0.0,0.0,0.0,12498.0,Brighton and Hove Albion,Valentín Barco,Valentín Barco,3,3,36,-0.3,DEF,0.0,0.06,0.08,0.02,2.26,3.0,0.0,2.7,5.0,17.8,4.0,90.0,0.0,0.0,0.0,0.0,1.0,0.0,1.0,0.0,3.0,0.0,0.0,1.0,0.01,0.07,0.0,0.0,1.0,0.0,0.01,0.23,0.15,0.0,0.0,0.09,0.11,0.02,1.2,2.33,0.0,2.0,4.67,12.2,3.0,60.33,0.0,0.0,0.0,0.0,0.33,0.0,0.67,1.67,1.67,0.33,0.0,0.67,0.01,0.05,0.0,0.0,0.67,0.0,0.01,0.1,0.07,-0.33,0.0,0.05,0.07,0.01,0.72,1.4,0.0,1.2,2.8,7.32,1.8,36.2,0.0,0.0,0.0,0.0,0.2,0.0,0.4,1.0,1.0,0.2,0.0,0.4,0.0,0.03,0.0,0.0,0.4,0.0,0.0,0.06,0.04,-0.2,1008.0,0.6560595802301964,1.0,0.35,0.257,0.393,,0.6254939382670335,0.032414531683119,-5.277553949412095e-10,0,0.0,1.8814871885154483
10348,0,0,2,0,0.3,638,0.0,0.02,0.02,0.25,360,0,0,0.0,0.0,2024-05-04,16,16,0,0,0,0,36,0,2986,0,3,1,1.0,1,-75,68,143,5.0,True,0,,,Sheffield United,0,1,0.0114768221974372,9,,Sheffield United,Nottingham Forest,1,3,22254,2023,658907,0.0,0,0,0,0.0114768221974372,0.0114768221974372,0.0,,Sheffield United,,,2,2,36,0.5,MID,0.0,0.0,0.0,0.0,0.61,1.0,0.0,2.2,12.0,10.1,0.0,20.0,0.0,0.0,0.0,0.0,0.0,0.0,0.0,1.0,5.0,1.0,0.0,0.0,0.0,0.14,0.0,0.0,1.0,0.0,0.0,0.14,0.0,0.7,0.0,0.01,0.06,0.05,1.18,2.33,0.0,3.23,12.6,4.77,15.0,44.0,0.0,0.0,0.0,0.0,0.0,0.0,0.33,2.33,3.33,1.33,0.0,1.0,0.06,0.05,0.0,0.0,0.33,0.0,0.06,0.29,0.2,1.63,0.0,0.01,0.04,0.03,1.04,2.0,0.0,2.44,12.0,3.12,9.4,44.6,0.0,0.0,0.0,0.0,0.0,0.0,0.4,2.0,3.0,1.4,0.0,0.6,0.03,0.03,0.0,0.0,0.2,0.0,0.03,0.18,0.12,1.32,-46.0,-0.3554502369668246,1.0,0.2,0.226,0.575,,,0.0303677106566273,1.159168760977991e-09,1,0.0,0.15183855676064284
10384,0,0,15,0,0.3,313,0.0,0.08,0.08,1.16,357,2,0,2.7,18.0,2024-05-05,90,18,0,0,0,0,36,0,2159175,1,2,4,9.0,1,-192156,8402,200558,6.7,True,0,313.0,,Liverpool,0,2,0.0469286143779754,90,DC,Liverpool,Tottenham Hotspur,4,2,22251,2023,659544,0.0,0,0,0,0.0469286143779754,0.6244372129440308,0.6244372129440308,833.0,Liverpool,Virgil van Dijk,Virgil van Dijk,3,5,36,0.9,DEF,0.0,0.01,0.15,0.14,0.7,2.0,0.0,2.3,10.8,1.5,11.0,90.0,0.0,0.0,0.0,0.0,0.0,0.0,1.0,2.0,2.0,1.0,0.0,2.0,0.12,0.0,0.0,0.0,0.0,0.0,0.12,0.54,0.54,1.8,0.0,0.01,0.09,0.07,0.86,1.67,0.0,3.73,19.47,5.43,12.33,90.0,0.0,0.0,0.0,0.0,0.33,0.0,1.0,1.67,1.67,1.0,0.0,1.33,0.06,0.01,0.0,0.0,0.33,0.0,0.06,0.5,0.5,3.0,0.0,0.02,0.1,0.07,1.03,1.6,0.0,3.68,19.6,4.74,12.4,90.0,0.0,0.0,0.0,0.0,0.2,0.0,1.0,1.6,1.4,1.2,0.0,1.6,0.06,0.01,0.0,0.0,0.2,0.0,0.06,0.58,0.58,2.6,-186873.0,-0.91958269525268,1.0,0.641,0.167,0.192,,1.6232725137646975,0.077413185225619,-5.277553949412095e-10,0,1.0,5.652479109770447
10450,0,0,13,1,17.0,105,0.1,0.1,0.0,0.64,352,0,0,2.5,5.6,2024-05-04,65,10,0,0,0,0,36,0,8211,1,0,0,2.0,3,-175,89,264,5.2,True,0,105.0,,Brentford,0,0,0.0,72,MC,Brentford,Fulham,0,0,22246,2023,658840,0.0248118657618761,0,1,0,0.0,0.2008917331695556,0.2008917331695556,9680.0,Brentford,Vitaly Janelt,Vitaly Janelt,2,2,36,3.0,MID,0.0,0.11,0.11,0.0,0.74,1.0,0.0,2.2,6.2,13.8,2.0,66.0,0.0,0.0,0.0,0.0,0.0,0.0,1.0,0.0,1.0,2.0,0.0,0.0,0.0,0.13,0.0,0.0,1.0,0.0,0.0,0.13,0.13,2.6,0.33,0.18,0.21,0.02,0.72,0.67,0.0,4.0,17.73,17.2,5.0,82.0,0.0,0.0,0.0,0.0,0.33,0.0,1.0,1.67,1.33,3.0,0.0,0.67,0.02,0.29,0.33,0.33,1.33,0.0,0.02,0.41,0.2,2.73,0.4,0.12,0.14,0.01,0.96,1.0,0.0,3.24,17.6,11.74,3.0,85.2,0.0,0.0,0.0,0.0,0.4,0.0,1.0,1.6,1.4,2.6,0.0,0.4,0.01,0.18,0.2,0.2,0.8,0.0,0.01,0.46,0.34,2.26,-136.0,-0.4957507082152974,3.0,0.453,0.25,0.297,,,0.0126421000555736,0.069633360178831,1,1.0,2.2721105808143607
10479,0,0,13,1,12.6,668,0.02,0.02,0.0,0.28,357,0,0,1.6,3.8,2024-05-05,64,18,0,0,0,0,36,0,11502,1,2,4,0.0,3,-231,139,370,5.4,True,0,668.0,,Liverpool,0,0,0.0,67,,Liverpool,Tottenham Hotspur,4,2,22251,2023,659548,0.0278366450220346,0,1,0,0.0,1.329240322113037,1.3014036417007446,8808.0,Liverpool,Wataru Endo,Wataru Endo,3,5,36,1.6,MID,0.0,0.04,0.04,0.0,0.66,2.0,0.0,1.5,10.8,4.4,0.0,78.0,0.0,0.0,0.0,0.0,1.0,0.0,1.0,2.0,2.0,1.0,0.0,0.0,0.0,0.0,0.0,0.0,0.0,0.0,0.0,0.56,0.56,1.7,0.0,0.03,0.03,0.0,0.6,1.0,0.0,1.2,7.67,4.33,0.0,65.0,0.0,0.0,0.0,0.0,0.33,0.0,0.67,1.67,1.67,1.33,0.0,0.0,0.0,0.0,0.0,0.0,0.0,0.0,0.0,0.25,0.25,2.83,0.0,0.02,0.05,0.03,0.67,1.2,0.0,1.32,7.0,5.5,0.8,61.6,0.0,0.0,0.0,0.0,0.2,0.0,0.8,1.6,1.4,1.4,0.0,0.2,0.02,0.0,0.0,0.0,0.2,0.0,0.02,0.29,0.29,2.26,-129.0,-0.4538310412573674,3.0,0.641,0.167,0.192,,,-1.5743444325977407e-09,0.0398946140845883,1,0.0,1.1196838343820428
10509,0,0,9,0,0.0,482,0.0,0.0,0.0,1.49,360,3,0,1.3,12.8,2024-05-04,90,16,0,0,0,0,36,1,32915,1,3,1,0.0,1,541,1407,866,4.4,True,0,482.0,,Sheffield United,0,0,0.0,90,GK,Sheffield United,Nottingham Forest,1,3,22254,2023,658896,0.0,0,0,0,0.0,0.0,0.0,8776.0,Sheffield United,Wes Foderingham,Wes Foderingham,2,2,36,0.5,GK,0.0,0.0,0.0,0.0,2.82,5.0,0.0,3.2,31.6,0.0,0.0,90.0,0.0,0.0,0.0,0.0,0.0,3.0,1.0,1.0,5.0,1.0,0.0,0.0,0.0,0.0,0.0,0.0,0.0,0.0,0.0,0.02,0.02,0.2,0.0,0.01,0.01,0.0,2.91,4.67,0.0,5.07,50.4,0.0,0.0,90.0,0.0,0.0,0.0,0.0,0.0,6.33,1.0,2.67,3.0,2.0,0.0,0.0,0.0,0.0,0.0,0.0,0.0,0.0,0.0,0.04,0.04,0.67,0.0,0.0,0.0,0.0,2.58,4.0,0.0,4.14,41.2,0.0,0.0,90.0,0.0,0.0,0.0,0.0,0.0,5.4,1.0,3.2,2.0,2.0,0.0,0.0,0.0,0.0,0.0,0.0,0.0,0.0,0.0,0.02,0.02,0.92,690.0,0.2380114386273647,1.0,0.2,0.226,0.575,1.5581827814870857,1.3215560913085938,,,0,0.0,1.858
10540,0,0,7,1,2.1,229,0.01,0.06,0.05,0.35,356,0,0,2.4,14.4,2024-05-06,67,14,0,0,0,0,36,0,1680,1,0,4,7.0,3,-74,61,135,4.9,True,0,229.0,,Crystal Palace,0,1,0.0409889928996562,71,MC,Crystal Palace,Manchester United,4,0,22250,2023,660042,0.0,0,0,0,0.0409889928996562,0.0,0.0,6104.0,Crystal Palace,Will Hughes,Will Hughes,3,2,36,3.8,MID,0.0,0.02,0.08,0.06,1.14,1.0,0.0,1.9,0.0,12.8,6.0,90.0,0.0,0.0,0.0,0.0,1.0,0.0,1.0,1.0,1.0,1.0,0.0,2.0,0.08,0.03,0.0,0.0,1.0,0.0,0.08,0.12,0.06,3.6,0.33,0.09,0.12,0.03,0.94,0.67,0.0,4.33,19.93,17.9,5.33,86.67,0.0,0.0,0.0,0.0,0.67,0.0,1.0,1.0,2.67,4.33,0.0,1.0,0.04,0.18,0.67,0.33,1.33,0.0,0.04,0.6,0.54,4.47,0.4,0.07,0.09,0.02,1.4,1.2,0.0,2.96,14.16,11.2,4.0,83.4,0.0,0.0,0.0,0.0,0.4,0.0,1.0,1.6,2.0,3.6,0.0,0.6,0.03,0.11,0.4,0.2,0.8,0.0,0.03,0.53,0.5,3.08,-72.0,-0.3775510204081632,3.0,0.402,0.255,0.342,,,0.0514510696450516,1.159168760977991e-09,1,1.0,2.2572553517027645
10598,0,0,26,1,11.6,20,0.01,0.12,0.11,0.37,351,0,0,5.1,20.6,2024-05-04,90,3,0,0,0,0,36,0,4302902,1,0,3,19.0,6,-12928,42332,55260,5.9,True,0,20.0,,Arsenal,0,1,0.0800036415457725,90,DC,Arsenal,Bournemouth,3,0,22245,2023,658589,0.0502532795071601,0,1,0,0.0800036415457725,0.1859487295150756,0.1356954425573349,6888.0,Arsenal,William Saliba,William Saliba,2,5,36,5.4,DEF,0.0,0.0,0.0,0.0,2.37,2.0,0.0,2.4,23.2,0.7,0.0,90.0,0.0,0.0,0.0,0.0,0.0,0.0,1.0,3.0,2.0,1.0,0.0,0.0,0.0,0.0,0.0,0.0,0.0,0.0,0.0,0.09,0.09,5.2,0.67,0.0,0.0,0.0,1.37,0.67,0.0,1.77,16.2,1.27,0.0,90.0,0.0,0.0,0.0,0.0,0.0,0.0,1.0,1.67,2.33,5.0,0.0,0.0,0.0,0.0,0.0,0.0,0.0,0.0,0.0,0.33,0.33,10.67,0.6,0.01,0.01,0.0,1.16,0.8,0.0,1.62,14.64,1.46,0.0,90.0,0.0,0.0,0.0,0.0,0.2,0.0,1.0,2.0,1.4,4.2,0.0,0.0,0.0,0.0,0.0,0.0,0.0,0.0,0.0,0.39,0.39,8.74,-4614.0,-0.1324698745798836,6.0,0.785,0.128,0.087,,0.9402002556117052,0.1093145119764733,0.0506855364021991,0,0.0,2.337943681065437
10630,0,0,7,1,2.8,591,0.01,0.01,0.0,0.62,352,0,0,0.9,4.0,2024-05-04,63,4,0,0,0,0,36,0,41490,1,0,0,2.0,3,-570,298,868,5.3,False,0,,,Fulham,0,0,0.0,70,,Brentford,Fulham,0,0,22246,2023,658858,0.0,0,0,0,0.0,0.060230515897274,0.060230515897274,,Fulham,,,2,2,36,1.8,MID,0.0,0.01,0.01,0.0,0.32,1.0,0.0,0.1,0.6,0.3,0.0,22.0,0.0,0.0,0.0,0.0,0.0,0.0,0.0,1.0,1.0,1.0,0.0,0.0,0.0,0.0,0.0,0.0,0.0,0.0,0.0,0.05,0.05,1.4,0.67,0.19,0.32,0.13,0.48,0.33,0.0,3.73,6.73,17.07,13.67,58.67,0.0,0.0,0.0,0.0,0.0,0.0,0.67,1.33,0.33,2.33,0.0,1.33,0.08,0.3,0.0,0.0,1.67,0.0,0.08,0.58,0.33,1.87,0.4,0.22,0.31,0.09,0.82,1.0,0.0,5.38,9.68,32.04,12.2,64.6,0.0,0.0,0.0,0.0,0.0,0.0,0.6,1.6,1.4,2.0,0.0,1.2,0.06,0.23,0.0,0.0,2.2,0.0,0.06,0.4,0.23,1.94,-439.0,-0.4888507718696398,3.0,0.453,0.25,0.297,,,0.0042903167708079,0.0006745369473255,0,0.0,1.0234751946960159
10649,1,1,31,0,10.4,439,0.07,0.07,0.0,2.27,360,1,0,5.7,44.2,2024-05-04,90,17,0,0,0,0,36,0,33411,1,3,1,2.0,6,503,845,342,4.5,False,0,439.0,,Nottingham Forest,0,0,0.0,90,DC,Sheffield United,Nottingham Forest,1,3,22254,2023,658911,0.4224224388599396,1,1,0,0.0,0.4689979553222656,0.4689979553222656,6850.0,Nottingham Forest,Willy Boly,Willy Boly,2,2,36,2.3,DEF,0.0,0.0,0.08,0.08,0.77,2.0,0.0,3.2,26.0,0.3,6.0,83.0,0.0,0.0,0.0,0.0,0.0,0.0,1.0,2.0,0.0,1.0,0.0,1.0,0.06,0.0,0.0,0.0,0.0,0.0,0.06,0.73,0.66,0.0,0.0,0.0,0.04,0.04,0.56,1.0,0.0,1.8,14.8,0.1,3.33,58.67,0.0,0.0,0.0,0.0,0.0,0.0,0.67,1.33,1.0,1.33,0.0,0.67,0.03,0.0,0.0,0.0,0.0,0.0,0.03,0.37,0.35,0.23,0.0,0.05,0.12,0.07,1.2,1.6,0.0,2.12,12.2,4.26,4.8,53.0,0.0,0.0,0.0,0.2,0.0,0.0,0.8,1.8,1.0,0.4,0.0,0.6,0.07,0.03,0.0,0.0,0.4,0.0,0.07,0.3,0.21,0.34,597.0,0.4237573715248525,5.0,0.2,0.226,0.575,,1.6762033378273211,0.0010404735269942,0.0555969617756735,0,0.0,0.3350337264889859
10686,0,0,2,0,4.3,660,0.02,0.05,0.03,3.58,354,4,0,1.8,6.0,2024-05-04,90,15,0,0,0,0,36,0,7181,1,4,1,8.0,2,86,960,874,5.0,True,0,660.0,,Burnley,0,1,0.0524992309510707,90,,Burnley,Newcastle United,1,4,22248,2023,658872,0.0,0,0,0,0.0524992309510707,0.5087409019470215,0.4562416970729828,10822.0,Burnley,Wilson Odobert,Wilson Odobert,3,2,36,2.0,MID,0.0,0.09,0.21,0.12,2.71,1.0,0.0,8.1,18.6,26.8,36.0,90.0,0.0,0.0,0.0,0.0,1.0,0.0,1.0,1.0,1.0,1.0,0.0,2.0,0.06,0.14,0.0,0.0,2.0,0.0,0.06,0.2,0.09,2.0,0.0,0.3,0.38,0.08,1.96,1.0,0.0,5.73,11.67,27.67,18.0,88.0,0.0,0.0,0.0,0.0,0.33,0.0,1.0,2.0,1.0,2.67,0.0,1.67,0.05,0.47,0.33,0.0,2.0,0.0,0.05,0.95,0.47,2.03,0.0,0.19,0.29,0.09,1.5,1.0,0.0,5.06,9.48,22.62,18.4,87.4,0.0,0.0,0.0,0.0,0.2,0.0,1.0,1.4,1.0,2.4,0.0,1.8,0.07,0.29,0.2,0.0,1.6,0.0,0.07,0.62,0.29,2.1,192.0,0.0468920392584514,2.0,0.278,0.237,0.485,,,0.0675421257441069,1.159168760977991e-09,1,0.0,1.337710632198041
10733,0,0,2,0,4.7,119,0.05,0.05,0.0,0.55,352,0,0,1.1,2.6,2024-05-04,24,10,0,0,0,0,36,0,586550,0,0,0,4.0,1,7064,24829,17765,5.7,True,0,119.0,,Brentford,0,0,0.0,18,Sub,Brentford,Fulham,0,0,22246,2023,658844,0.0,0,0,0,0.0,0.0,0.0,5786.0,Brentford,Yoane Wissa,Yoane Wissa,2,2,36,4.5,FWD,0.0,0.01,0.01,0.0,0.74,1.0,0.0,1.3,5.4,1.3,6.0,67.0,0.0,0.0,0.0,0.0,0.0,0.0,1.0,0.0,1.0,2.0,0.0,0.0,0.0,0.0,0.0,0.0,0.0,0.0,0.0,0.63,0.63,4.8,0.67,0.04,0.28,0.24,0.62,0.33,0.67,5.9,27.8,11.97,19.0,79.0,0.0,0.0,0.0,0.0,0.0,0.0,1.0,1.67,1.33,5.67,0.67,1.0,0.27,0.08,0.0,0.0,1.0,0.67,0.27,0.68,0.34,4.3,0.6,0.03,0.33,0.3,0.71,0.8,0.6,5.94,24.72,13.8,20.8,77.8,0.0,0.0,0.0,0.0,0.2,0.0,1.0,1.6,1.4,4.8,0.6,1.0,0.32,0.1,0.0,0.0,1.0,0.6,0.32,0.66,0.29,3.58,7501.0,0.1658449546884537,1.0,0.453,0.25,0.297,,,0.1067578601451,-8.433620468650813e-10,0,,2.427031438050314
10783,0,0,0,0,0.3,645,0.01,0.01,0.0,0.25,358,0,0,0.7,2.2,2024-05-03,10,12,0,0,0,0,36,0,6720,0,1,1,4.0,1,182,338,156,4.8,False,0,,,Everton,0,0,0.0,4,,Luton,Everton,1,1,22252,2023,658585,0.0,0,0,0,0.0,0.0,0.0,,Everton,,,2,2,36,1.3,FWD,1.0,0.11,0.15,0.04,0.84,0.0,0.0,4.3,4.2,26.2,13.0,90.0,0.0,0.0,0.0,0.0,0.0,0.0,1.0,0.0,1.0,2.0,0.0,1.0,0.04,0.32,0.0,0.0,2.0,0.0,0.04,0.45,0.1,0.6,0.33,0.04,0.05,0.01,0.3,0.0,0.0,1.43,1.4,8.73,5.0,30.67,0.0,0.0,0.0,0.0,0.33,0.0,0.33,0.0,1.67,1.0,0.0,0.33,0.01,0.11,0.0,0.0,0.67,0.0,0.01,0.15,0.03,0.13,0.2,0.02,0.03,0.01,0.21,0.0,0.0,0.94,1.56,5.36,3.0,20.4,0.0,0.0,0.0,0.0,0.4,0.0,0.2,0.2,1.6,0.8,0.0,0.2,0.01,0.06,0.0,0.0,0.4,0.0,0.01,0.09,0.02,0.24,241.0,0.3684210526315789,1.0,0.365,0.263,0.372,,,0.042470062895582,0.0016843081967801,0,,1.1749331761726682
10812,0,0,4,0,15.5,493,0.04,0.08,0.04,3.22,357,4,0,2.8,11.2,2024-05-05,90,11,0,0,0,0,36,0,33620,1,2,4,1.0,1,-79,123,202,5.0,False,1,493.0,,Tottenham Hotspur,0,1,0.0211886297911405,90,MC,Liverpool,Tottenham Hotspur,4,2,22251,2023,659563,0.0,0,0,0,0.0211886297911405,0.3457245528697967,0.3457245528697967,5609.0,Tottenham Hotspur,Yves Bissouma,Yves Bissouma,3,5,36,1.0,MID,0.0,0.04,0.04,0.0,1.66,1.0,0.0,2.7,10.4,14.8,2.0,62.0,0.0,0.0,0.0,0.0,0.0,0.0,1.0,0.0,2.0,2.0,0.0,0.0,0.0,0.02,0.0,0.0,1.0,0.0,0.0,0.13,0.1,2.0,0.0,0.02,0.02,0.0,1.41,1.33,0.0,1.6,8.93,6.73,0.67,48.0,0.0,0.0,0.0,0.0,0.33,0.0,0.67,1.0,2.67,1.0,0.0,0.0,0.0,0.01,0.0,0.0,0.33,0.0,0.0,0.09,0.08,1.9,0.0,0.04,0.07,0.04,1.23,1.2,0.0,1.88,7.92,8.48,2.6,54.0,0.0,0.0,0.0,0.0,0.2,0.0,0.8,1.0,2.4,1.2,0.0,1.0,0.03,0.01,0.0,0.0,0.4,0.0,0.03,0.25,0.23,2.1,-26.0,-0.243076923076923,1.0,0.641,0.167,0.192,,,0.0257657344270691,0.0401980430671304,1,1.0,1.2494228013367366
10847,0,0,2,0,1.3,594,0.0,0.02,0.02,0.35,354,0,0,0.3,0.0,2024-05-04,5,15,0,0,0,0,36,0,22636,0,4,1,2.0,1,272,1070,798,5.1,True,0,594.0,,Burnley,0,1,0.0174981132149696,1,Sub,Burnley,Newcastle United,1,4,22248,2023,658878,0.0,0,0,0,0.0174981132149696,0.0174981132149696,0.0,11701.0,Burnley,Zeki Amdouni,Zeki Amdouni,3,2,36,1.7,FWD,0.0,0.0,0.93,0.93,0.89,1.0,1.0,6.6,40.0,0.3,26.0,33.0,0.0,0.0,0.0,0.0,0.0,0.0,0.0,1.0,1.0,7.0,1.0,3.0,0.86,0.0,0.0,0.0,0.0,0.0,0.1,0.1,0.0,1.7,0.0,0.0,0.31,0.31,0.37,0.33,0.33,2.37,14.13,0.63,8.67,14.67,0.0,0.0,0.0,0.0,0.0,0.0,0.0,1.67,1.0,3.0,0.33,1.0,0.29,0.0,0.0,0.0,0.0,0.0,0.03,0.03,0.0,0.73,0.0,0.0,0.21,0.2,0.72,0.6,0.2,2.22,9.0,1.62,11.4,22.6,0.0,0.0,0.0,0.0,0.2,0.0,0.2,1.6,1.4,2.0,0.2,1.2,0.19,0.0,0.0,0.0,0.0,0.0,0.04,0.06,0.03,0.44,399.0,0.145610278372591,1.0,0.278,0.237,0.485,,,0.004137571106795,0.0016843081967801,0,,1.0216032090175204
