,assists_x,bonus,bps,clean_sheets,creativity,element,expected_assists,expected_goal_involvements,expected_goals,expected_goals_conceded,fixture,goals_conceded,goals_scored,ict_index,influence,date,minutes,mng_clean_sheets,mng_draw,mng_goals_scored,mng_loss,mng_underdog_draw,mng_underdog_win,mng_win,modified,opponent_team,own_goals,penalties_missed,penalties_saved,red_cards,round,saves,selected,starts,team_a_score,team_h_score,threat,total_points,transfers_balance,transfers_in,transfers_out,value,was_home,yellow_cards,goals,shots,xG,time,h_team,a_team,h_goals,a_goals,id,season,roster_id,xA,assists_y,key_passes,npg,npxG,xGChain,xGBuildup,player_team,team_h_difficulty,team_a_difficulty,event,xP,position,clean_sheets_1,expected_assists_1,expected_goal_involvements_1,expected_goals_1,expected_goals_conceded_1,goals_conceded_1,goals_scored_1,ict_index_1,influence_1,creativity_1,threat_1,minutes_1,own_goals_1,penalties_missed_1,penalties_saved_1,red_cards_1,yellow_cards_1,saves_1,starts_1,team_a_score_1,team_h_score_1,total_points_1,goals_1,shots_1,xG_1,xA_1,assists_x_1,assists_y_1,key_passes_1,npg_1,npxG_1,xGChain_1,xGBuildup_1,xP_1,clean_sheets_3,expected_assists_3,expected_goal_involvements_3,expected_goals_3,expected_goals_conceded_3,goals_conceded_3,goals_scored_3,ict_index_3,influence_3,creativity_3,threat_3,minutes_3,own_goals_3,penalties_missed_3,penalties_saved_3,red_cards_3,yellow_cards_3,saves_3,starts_3,team_a_score_3,team_h_score_3,total_points_3,goals_3,shots_3,xG_3,xA_3,assists_x_3,assists_y_3,key_passes_3,npg_3,npxG_3,xGChain_3,xGBuildup_3,xP_3,clean_sheets_5,expected_assists_5,expected_goal_involvements_5,expected_goals_5,expected_goals_conceded_5,goals_conceded_5,goals_scored_5,ict_index_5,influence_5,creativity_5,threat_5,minutes_5,own_goals_5,penalties_missed_5,penalties_saved_5,red_cards_5,yellow_cards_5,saves_5,starts_5,team_a_score_5,team_h_score_5,total_points_5,goals_5,shots_5,xG_5,xA_5,assists_x_5,assists_y_5,key_passes_5,npg_5,npxG_5,xGChain_5,xGBuildup_5,xP_5,ownership_change,percenatge_net_transfers,pts_bps,whh,whd,wha,saves_preds,xgc_preds,xG_preds,xA_preds,y_preds,cs_preds,xP_preds,fpl_name,understat_name,team
17,0,0,3,0,0.0,517,0.0,0.0,0.0,0.04,373,0,0,0.0,0.2,2025-05-25,1,0,0,0,0,0,0,0,False,10,0,0,0,0,38,0,196763,0,3,1,0.0,1,288,4152,3864,3.9,False,0,0,0,0.0,1,Ipswich,West Ham,1,3,26980,2024,730030,0.0,0,0,0,0.0,0.0,0.0,West Ham,2,2,38,2.7,DEF,0.0,0.39,0.51,0.12,1.41,1.0,0.0,3.5,9.0,16.8,9.0,57.0,0.0,0.0,0.0,0.0,0.0,0.0,1.0,2.0,1.0,1.0,0.0,2.0,0.07,0.05,0.0,0.0,1.0,0.0,0.07,0.18,0.12,1.5,0.33,0.22,0.26,0.04,1.49,0.67,0.0,2.63,10.8,12.47,3.0,78.0,0.0,0.0,0.0,0.0,0.33,0.0,1.0,1.67,0.67,2.67,0.0,0.67,0.02,0.05,0.0,0.0,0.67,0.0,0.02,0.22,0.2,1.27,0.2,0.13,0.16,0.02,1.26,0.8,0.0,2.18,12.2,7.8,1.8,69.4,0.0,0.0,0.0,0.0,0.2,0.0,1.0,1.2,0.6,2.2,0.0,0.4,0.01,0.03,0.0,0.0,0.4,0.0,0.01,0.15,0.14,1.7,824.0,0.0359281437125748,1.0,0.317,0.25,0.432,,0.7301614284515381,0.0021226351123058,0.001216837946681,0,0.0,1.6513863245138778,Aaron Cresswell,Aaron Cresswell,West Ham
47,0,0,12,0,0.0,14,0.0,0.0,0.0,2.2,378,2,0,4.3,42.6,2025-05-25,90,0,0,0,0,0,0,0,False,1,0,0,0,0,38,6,153227,1,2,1,0.0,3,-6934,1577,8511,4.4,True,0,0,0,0.0,90,Southampton,Arsenal,1,2,26977,2024,730093,0.0,0,0,0,0.0,0.0,0.0,Southampton,5,1,38,2.3,GK,0.0,0.0,0.0,0.0,2.73,2.0,0.0,1.7,17.0,0.0,0.0,90.0,0.0,0.0,0.0,0.0,0.0,2.0,1.0,0.0,2.0,1.0,0.0,0.0,0.0,0.0,0.0,0.0,0.0,0.0,0.0,0.14,0.14,3.0,0.33,0.0,0.0,0.0,1.98,1.33,0.0,2.17,21.53,0.0,0.0,90.0,0.0,0.0,0.0,0.0,0.0,2.67,1.0,0.0,1.33,4.0,0.0,0.0,0.0,0.0,0.0,0.0,0.0,0.0,0.0,0.06,0.06,3.83,0.2,0.0,0.0,0.0,1.86,1.4,0.0,2.38,23.64,0.02,0.0,90.0,0.0,0.0,0.0,0.0,0.0,2.8,1.0,0.6,1.2,3.4,0.0,0.0,0.0,0.0,0.0,0.0,0.0,0.0,0.0,0.06,0.06,3.36,-7894.0,-0.6873513084853291,3.0,0.112,0.158,0.73,5.510652194040386,2.0767611230318592,,,0,0.0,2.7989999999999995,Aaron Ramsdale,Aaron Ramsdale,Southampton
83,1,0,23,0,20.5,388,0.04,0.04,0.0,0.79,373,1,0,5.5,34.0,2025-05-25,90,0,0,0,0,0,0,0,False,10,0,0,0,0,38,0,760100,1,3,1,0.0,5,132070,142118,10048,4.5,False,0,0,0,0.0,90,Ipswich,West Ham,1,3,26980,2024,730020,0.0266935806721448,1,1,0,0.0,0.2828693985939026,0.2561758160591125,West Ham,2,2,38,6.7,DEF,0.0,0.02,0.02,0.0,1.96,2.0,0.0,3.2,25.0,5.3,2.0,90.0,0.0,0.0,0.0,0.0,0.0,0.0,1.0,2.0,1.0,1.0,0.0,0.0,0.0,0.0,0.0,0.0,0.0,0.0,0.0,0.26,0.26,4.7,0.33,0.1,0.12,0.01,1.67,1.0,0.0,5.1,29.6,15.3,6.33,90.0,0.0,0.0,0.0,0.0,0.0,0.0,1.0,1.67,0.67,6.67,0.0,0.33,0.02,0.31,0.67,0.67,1.0,0.0,0.02,0.42,0.24,3.97,0.2,0.1,0.14,0.04,1.62,1.6,0.0,5.38,26.52,19.1,8.4,90.0,0.0,0.0,0.0,0.0,0.0,0.0,1.0,1.6,1.4,4.4,0.0,0.6,0.04,0.28,0.4,0.4,1.4,0.0,0.04,0.53,0.33,2.38,155319.0,0.8679337039811784,5.0,0.317,0.25,0.432,,1.7984898090362549,3.9846503874230166e-10,0.0809269168040434,0,0.0,1.3437807528029202,Aaron Wan-Bissaka,Aaron Wan-Bissaka,West Ham
116,0,0,3,0,1.3,217,0.0,0.0,0.0,0.39,376,0,0,0.2,1.0,2025-05-25,14,0,0,0,0,0,0,0,False,15,0,0,0,0,38,0,53776,0,1,0,0.0,1,-17033,505,17538,5.1,False,0,0,0,0.0,13,Newcastle United,Everton,0,1,26973,2024,730276,0.0,0,0,0,0.0,0.0,0.0,Everton,3,4,38,1.7,MID,1.0,0.17,0.44,0.27,0.35,0.0,0.0,3.8,5.2,16.8,16.0,64.0,0.0,0.0,0.0,0.0,0.0,0.0,1.0,0.0,2.0,3.0,0.0,2.0,0.37,0.09,0.0,0.0,1.0,0.0,0.37,1.32,1.02,3.0,0.33,0.07,0.21,0.14,0.62,0.67,0.0,2.97,10.53,10.33,8.67,71.33,0.0,0.0,0.0,0.0,0.0,0.0,1.0,1.0,1.33,3.33,0.0,1.0,0.26,0.04,0.33,0.33,0.67,0.0,0.26,0.73,0.49,1.73,0.4,0.06,0.24,0.18,0.89,0.8,0.2,4.58,16.36,12.54,16.8,78.8,0.0,0.0,0.0,0.0,0.2,0.0,1.0,1.2,0.8,4.4,0.2,1.4,0.25,0.06,0.2,0.2,0.8,0.2,0.25,0.62,0.38,1.74,-19485.0,-0.9440226126475642,1.0,0.715,0.173,0.112,,,-6.725144885422194e-10,-5.689893001203925e-10,1,0.0,0.9999999949304597,Abdoulaye Doucouré,Abdoulaye Doucouré,Everton
186,0,0,27,1,13.7,81,0.31,0.31,0.0,0.27,371,0,0,2.9,11.2,2025-05-25,90,0,0,0,0,0,0,0,False,11,0,0,0,0,38,0,15438,1,0,2,4.0,6,488,667,179,4.4,True,0,0,0,0.0,90,Bournemouth,Leicester,2,0,26979,2024,730032,0.0581459105014801,0,1,0,0.0,0.0581459105014801,0.0,Bournemouth,1,3,38,2.5,DEF,0.0,0.0,0.0,0.0,0.16,1.0,0.0,0.1,0.0,1.2,0.0,21.0,0.0,0.0,0.0,0.0,0.0,0.0,0.0,1.0,3.0,1.0,0.0,0.0,0.0,0.0,0.0,0.0,0.0,0.0,0.0,0.0,0.0,0.3,0.0,0.05,0.05,0.0,1.22,1.0,0.0,1.5,6.47,8.53,0.0,60.0,0.0,0.0,0.0,0.0,0.67,0.0,0.67,1.0,1.33,1.0,0.0,0.0,0.0,0.03,0.0,0.0,0.33,0.0,0.0,0.12,0.09,0.77,0.4,0.05,0.06,0.01,1.02,0.6,0.0,1.98,8.36,9.14,2.4,70.6,0.0,0.0,0.0,0.0,0.4,0.0,0.8,0.6,1.0,3.0,0.0,0.4,0.01,0.03,0.0,0.0,0.4,0.0,0.01,0.12,0.1,1.16,602.0,0.5768321513002365,6.0,0.709,0.18,0.111,,1.2682807445526123,0.018130889198924,0.0568661773281902,0,0.0,1.645383867178115,Adam Smith,Adam Smith,Bournemouth
200,1,0,13,0,5.6,147,0.04,0.27,0.23,1.95,379,1,0,4.2,12.6,2025-05-25,90,0,0,0,0,0,0,0,False,18,0,0,0,0,38,0,9413,1,4,1,24.0,5,165,305,140,4.3,False,0,0,4,0.3647720515727997,90,Tottenham,Brighton,1,4,26976,2024,730143,0.0,0,0,0,0.3647720515727997,0.2297657430171966,0.2297657430171966,Brighton,3,3,38,3.2,DEF,0.0,0.02,0.02,0.0,2.24,2.0,0.0,1.6,13.6,2.2,0.0,90.0,0.0,0.0,0.0,0.0,1.0,0.0,1.0,2.0,3.0,0.0,0.0,0.0,0.0,0.0,0.0,0.0,0.0,0.0,0.0,0.24,0.24,1.0,0.33,0.04,0.04,0.0,1.62,1.33,0.0,2.1,14.6,4.4,2.0,90.0,0.0,0.0,0.0,0.0,0.33,0.0,1.0,2.0,1.67,3.0,0.0,0.0,0.0,0.09,0.0,0.0,0.33,0.0,0.0,0.24,0.24,1.77,0.2,0.03,0.03,0.0,1.45,1.2,0.0,2.72,17.6,7.52,2.0,90.0,0.0,0.0,0.0,0.0,0.2,0.0,1.0,1.6,1.8,2.6,0.0,0.0,0.0,0.08,0.0,0.0,0.6,0.0,0.0,0.31,0.3,2.7,194.0,0.3707865168539326,5.0,0.225,0.218,0.556,,1.6994905471801758,0.0900442009331072,-5.972489169892015e-10,0,0.0,1.6902652038068964,Adam Webster,Adam Webster,Brighton
256,0,0,4,0,9.2,239,0.03,0.21,0.18,2.8,372,2,0,1.7,0.6,2025-05-25,73,0,0,0,0,0,0,0,False,13,0,0,0,0,38,0,165171,1,2,0,7.0,2,1902,5574,3672,4.5,True,0,0,1,0.0706805735826492,75,Fulham,Manchester City,0,2,26981,2024,730196,0.0,0,0,0,0.0706805735826492,0.1090504229068756,0.0383698530495166,Fulham,4,3,38,2.5,MID,0.0,0.09,0.15,0.06,2.73,2.0,0.0,8.5,27.0,40.8,17.0,79.0,0.0,0.0,0.0,0.0,0.0,0.0,1.0,3.0,2.0,9.0,0.0,1.0,0.08,0.13,2.0,1.0,3.0,0.0,0.08,0.27,0.13,3.8,0.0,0.07,0.11,0.04,1.19,1.33,0.0,4.3,11.93,23.27,7.67,43.0,0.0,0.0,0.0,0.0,0.33,0.0,0.33,2.0,1.33,3.33,0.0,0.67,0.05,0.06,0.67,0.33,1.67,0.0,0.05,0.13,0.04,2.47,0.0,0.12,0.15,0.03,0.78,1.0,0.0,4.74,14.08,26.98,6.2,36.0,0.0,0.0,0.0,0.0,0.2,0.0,0.2,2.0,1.2,3.2,0.0,0.6,0.04,0.18,0.6,0.4,2.0,0.0,0.04,0.24,0.12,1.72,2733.0,0.2057105775470473,2.0,0.188,0.224,0.588,,,0.074209154183892,-5.689893001203925e-10,1,0.0,0.371045769212492,Adama Traoré,Adama Traoré,Fulham
330,0,0,4,0,3.3,247,0.03,0.05,0.02,0.82,372,1,0,1.5,5.6,2025-05-25,29,0,0,0,0,0,0,0,False,13,0,0,0,0,38,0,556826,0,2,0,6.0,1,-93238,5091,98329,5.4,True,0,0,1,0.0125842839479446,28,Fulham,Manchester City,0,2,26981,2024,730198,0.0,0,0,0,0.0125842839479446,0.5538346171379089,0.5412503480911255,Fulham,4,3,38,1.3,MID,0.0,0.02,0.06,0.04,2.61,2.0,0.0,0.8,0.6,2.1,5.0,65.0,0.0,0.0,0.0,0.0,0.0,0.0,1.0,3.0,2.0,2.0,0.0,1.0,0.1,0.0,0.0,0.0,0.0,0.0,0.1,0.25,0.15,2.8,0.0,0.13,0.2,0.07,1.4,2.0,0.0,5.8,12.67,29.93,15.33,76.67,0.0,0.0,0.0,0.0,0.0,0.0,1.0,2.0,1.33,2.0,0.0,2.0,0.11,0.11,0.0,0.0,2.0,0.0,0.11,0.56,0.39,3.73,0.0,0.12,0.22,0.09,1.12,1.6,0.2,5.76,18.36,23.84,15.4,79.6,0.0,0.0,0.0,0.0,0.0,0.0,1.0,2.0,1.2,3.8,0.2,1.6,0.1,0.08,0.2,0.2,1.4,0.2,0.1,0.38,0.25,3.44,-96533.0,-0.901547089537807,1.0,0.188,0.224,0.588,,,0.0399542167989397,-5.689893001203925e-10,0,0.0,2.1997710822877306,Alex Iwobi,Alex Iwobi,Fulham
355,0,0,5,0,0.0,77,0.0,0.04,0.04,0.0,371,0,0,1.0,3.0,2025-05-25,1,0,0,0,0,0,0,0,False,11,0,0,0,0,38,0,3297,0,0,2,7.0,1,-37,21,58,4.7,True,0,0,1,0.0556079819798469,1,Bournemouth,Leicester,2,0,26979,2024,730044,0.0,0,0,0,0.0556079819798469,0.0,0.0,Bournemouth,1,3,38,0.8,MID,0.0,0.11,0.14,0.03,0.92,1.0,0.0,2.4,4.6,17.5,2.0,45.0,0.0,0.0,0.0,0.0,1.0,0.0,1.0,1.0,0.0,0.0,0.0,1.0,0.02,0.05,0.0,0.0,1.0,0.0,0.02,0.07,0.0,1.0,0.33,0.08,0.09,0.01,0.69,0.33,0.0,2.3,5.6,15.27,2.0,47.0,0.0,0.0,0.0,0.0,0.33,0.0,0.67,1.33,0.67,1.33,0.0,0.33,0.01,0.04,0.0,0.0,1.0,0.0,0.01,0.02,0.0,0.6,0.4,0.11,0.15,0.04,0.61,0.2,0.0,2.7,6.92,13.9,6.2,50.0,0.0,0.0,0.0,0.0,0.4,0.0,0.8,0.8,0.6,1.4,0.0,1.0,0.04,0.16,0.0,0.0,1.0,0.0,0.04,0.2,0.03,0.66,-125.0,-0.4683544303797468,1.0,0.709,0.18,0.111,,,0.0825990838021808,0.0164684100968861,1,0.0,0.4624006493015622,Alex Scott,Alex Scott,Bournemouth
389,0,0,3,0,9.1,401,0.03,0.2,0.17,0.99,376,1,0,4.4,4.4,2025-05-25,90,0,0,0,0,0,0,0,False,8,0,0,0,0,38,0,5624924,1,1,0,30.0,2,-886139,57108,943247,9.4,True,0,0,3,0.1045533120632171,90,Newcastle United,Everton,0,1,26973,2024,730259,0.0,0,0,0,0.1045533120632171,0.0819924771785736,0.0140342656522989,Newcastle United,3,4,38,2.8,FWD,1.0,0.03,0.35,0.32,0.69,0.0,0.0,7.1,1.6,3.4,66.0,90.0,0.0,0.0,0.0,0.0,0.0,0.0,1.0,0.0,2.0,2.0,0.0,4.0,0.31,0.0,0.0,0.0,0.0,0.0,0.31,0.27,0.05,5.5,0.67,0.05,0.94,0.9,0.49,0.33,0.67,8.3,22.53,15.67,44.67,85.33,0.0,0.0,0.0,0.0,0.0,0.0,1.0,0.33,2.0,5.67,0.67,4.0,0.98,0.06,0.0,0.0,1.0,0.0,0.47,0.58,0.08,3.87,0.6,0.03,0.76,0.73,1.05,1.0,0.6,7.66,21.36,12.26,43.0,80.4,0.0,0.0,0.0,0.0,0.0,0.0,1.0,0.4,3.0,5.0,0.6,3.8,0.91,0.04,0.0,0.0,0.8,0.2,0.6,0.58,0.05,3.34,-1236993.0,-0.8858245322910366,2.0,0.715,0.173,0.112,,,0.28157659369422,6.746065928098233e-10,1,,2.1263063768007,Alexander Isak,Alexander Isak,Newcastle
465,0,0,20,0,0.0,310,0.0,0.0,0.0,1.75,374,1,0,3.3,33.0,2025-05-25,90,0,0,0,0,0,0,0,False,7,0,0,0,0,38,4,967701,1,1,1,0.0,3,1634,18130,16496,5.5,True,0,0,0,0.0,90,Liverpool,Crystal Palace,1,1,26975,2024,730156,0.0,0,0,0,0.0,0.7024821639060974,0.7024821639060974,Liverpool,3,5,38,3.8,GK,0.0,0.0,0.0,0.0,2.2,3.0,0.0,6.2,62.4,0.0,0.0,90.0,0.0,0.0,0.0,0.0,0.0,9.0,1.0,2.0,3.0,4.0,0.0,0.0,0.0,0.0,0.0,0.0,0.0,0.0,0.0,0.15,0.15,3.5,0.0,0.0,0.0,0.0,2.55,2.67,0.0,4.3,43.07,0.0,0.0,90.0,0.0,0.0,0.0,0.0,0.0,6.0,1.0,1.67,2.67,2.67,0.0,0.0,0.0,0.0,0.0,0.0,0.0,0.0,0.0,0.24,0.24,3.57,0.2,0.0,0.0,0.0,1.67,1.8,0.0,3.02,30.4,0.0,0.0,90.0,0.0,0.0,0.0,0.0,0.0,4.0,1.0,1.4,2.6,3.2,0.0,0.0,0.0,0.0,0.0,0.0,0.0,0.0,0.0,0.25,0.25,2.88,3682.0,0.0471899728527695,3.0,0.677,0.158,0.165,4.283048303487745,1.7270948863354958,,,0,0.0,2.564,Alisson Ramses Becker,Alisson,Liverpool
517,0,0,13,1,11.3,233,0.02,0.02,0.0,1.44,375,0,0,2.1,7.8,2025-05-25,62,0,0,0,0,0,0,0,False,14,0,0,0,0,38,0,244380,1,0,2,2.0,3,-131,790,921,4.8,False,0,0,0,0.0,68,Manchester United,Aston Villa,2,0,26974,2024,730239,0.0244785211980342,0,1,0,0.0,0.0244785211980342,0.0,Aston Villa,3,3,38,2.5,MID,1.0,0.17,0.17,0.0,0.51,0.0,0.0,3.6,16.2,19.8,0.0,87.0,0.0,0.0,0.0,0.0,0.0,0.0,1.0,0.0,2.0,3.0,0.0,0.0,0.0,0.39,0.0,0.0,1.0,0.0,0.0,0.67,0.67,2.3,0.67,0.1,0.1,0.0,0.51,0.0,0.0,2.93,14.33,13.63,1.33,68.67,0.0,0.0,0.0,0.0,0.0,0.0,0.67,0.33,1.0,2.33,0.0,0.0,0.0,0.14,0.0,0.0,0.67,0.0,0.0,0.66,0.65,2.77,0.4,0.08,0.13,0.05,0.55,0.2,0.2,3.12,17.2,9.42,4.4,59.8,0.0,0.0,0.0,0.0,0.0,0.0,0.6,0.6,1.8,3.0,0.2,0.4,0.03,0.09,0.0,0.0,0.4,0.2,0.03,0.69,0.67,3.5,-160.0,-0.0765634132086499,3.0,0.218,0.225,0.556,,,0.0183792341661217,0.0346114347833068,0,1.0,3.195730475180529,Amadou Onana,Amadou Onana,Aston Villa
550,0,0,-2,0,13.6,240,0.26,0.94,0.68,2.02,372,1,0,3.0,0.0,2025-05-25,60,0,0,0,0,0,0,0,False,13,0,0,0,0,38,0,96174,1,2,0,17.0,2,-1124,200,1324,4.9,True,0,0,2,0.967150866985321,62,Fulham,Manchester City,0,2,26981,2024,730195,0.0737173706293106,0,1,0,0.967150866985321,1.0408682823181152,0.0,Fulham,4,3,38,0.5,MID,0.0,0.02,0.04,0.02,1.03,3.0,0.0,1.0,0.6,2.5,7.0,73.0,0.0,0.0,0.0,0.0,0.0,0.0,1.0,3.0,1.0,2.0,0.0,1.0,0.02,0.0,0.0,0.0,0.0,0.0,0.02,0.12,0.11,1.2,0.0,0.12,0.17,0.05,0.77,2.0,0.0,2.53,0.73,19.07,6.33,69.33,0.0,0.0,0.0,0.0,0.0,0.0,1.0,2.33,1.0,1.67,0.0,1.33,0.05,0.06,0.0,0.0,1.0,0.0,0.05,0.11,0.08,0.9,0.0,0.17,0.22,0.05,1.01,1.8,0.0,3.32,2.36,24.66,6.6,70.2,0.0,0.0,0.0,0.0,0.0,0.0,1.0,1.8,1.4,1.8,0.0,1.2,0.05,0.2,0.0,0.0,1.6,0.0,0.05,0.3,0.13,0.88,-1670.0,-0.7375328083989501,2.0,0.188,0.224,0.588,,,0.1381360666934941,0.0620160768030404,0,0.0,2.8767285638765916,Andreas Hoelgebaum Pereira,Andreas Pereira,Fulham
583,0,0,5,0,6.6,335,0.04,0.04,0.0,1.44,374,1,0,1.3,4.2,2025-05-25,84,0,0,0,0,0,0,0,False,7,0,0,0,0,38,0,455332,1,1,1,2.0,2,644,8283,7639,5.8,True,0,0,0,0.0,86,Liverpool,Crystal Palace,1,1,26975,2024,730160,0.0,0,0,0,0.0,0.4360944330692291,0.4360944330692291,Liverpool,3,5,38,2.5,DEF,0.0,0.27,0.44,0.17,2.31,2.0,0.0,5.9,26.6,25.0,7.0,90.0,0.0,0.0,0.0,0.0,0.0,0.0,1.0,2.0,2.0,4.0,0.0,2.0,0.43,0.58,1.0,1.0,2.0,0.0,0.43,1.55,0.63,1.5,0.0,0.1,0.18,0.08,1.17,1.33,0.0,2.73,10.87,11.0,6.0,70.0,0.33,0.0,0.0,0.0,0.0,0.0,0.67,1.33,3.0,1.67,0.0,1.0,0.17,0.19,0.33,0.33,0.67,0.0,0.17,0.66,0.35,0.5,0.2,0.15,0.22,0.07,0.97,1.4,0.0,3.04,11.64,12.56,6.4,76.2,0.2,0.0,0.0,0.0,0.0,0.0,0.8,1.2,2.6,2.6,0.0,1.0,0.12,0.14,0.2,0.2,0.8,0.0,0.12,0.49,0.27,2.3,3621.0,0.0404471800025122,2.0,0.677,0.158,0.165,,1.3928728103637695,0.001218751506874,-5.972489169892015e-10,0,0.0,1.3113125072494973,Andrew Robertson,Andrew Robertson,Liverpool
650,0,0,15,0,23.6,642,0.08,0.1,0.02,1.43,380,1,0,3.6,11.6,2025-05-25,90,0,0,0,0,0,0,0,False,4,0,0,0,0,38,0,3917,1,1,1,1.0,2,-42,69,111,5.0,True,0,0,1,0.0186141598969697,90,Wolverhampton Wanderers,Brentford,1,1,26978,2024,730069,0.0646243169903755,0,2,0,0.0186141598969697,0.1731519401073455,0.0899134650826454,Wolverhampton Wanderers,3,3,38,1.8,MID,0.0,0.01,0.01,0.0,1.1,2.0,0.0,0.8,4.0,3.5,0.0,45.0,0.0,0.0,0.0,0.0,0.0,0.0,1.0,2.0,4.0,1.0,0.0,0.0,0.0,0.0,0.0,0.0,0.0,0.0,0.0,0.0,0.0,2.0,0.0,0.01,0.03,0.01,1.13,1.67,0.0,2.53,14.47,10.23,0.33,70.67,0.0,0.0,0.0,0.0,0.0,0.0,1.0,1.33,1.67,1.67,0.0,0.33,0.02,0.02,0.0,0.0,0.67,0.0,0.02,0.08,0.04,1.97,0.4,0.02,0.04,0.02,1.16,1.0,0.0,2.88,15.96,12.12,0.6,77.0,0.0,0.0,0.0,0.0,0.2,0.0,1.0,1.0,1.6,2.0,0.0,0.4,0.01,0.03,0.0,0.0,0.8,0.0,0.01,0.2,0.15,1.54,-26.0,-0.2333333333333333,2.0,0.353,0.258,0.389,,,0.0253238245509146,0.0983298889475638,1,0.0,1.4216087895972644,,,
698,0,0,12,0,22.1,432,0.16,0.24,0.08,1.07,377,1,0,6.1,8.4,2025-05-25,90,0,0,0,0,0,0,0,False,6,0,0,0,0,38,0,1065059,1,1,0,30.0,2,-101823,19860,121683,5.5,True,0,0,2,0.0791318416595459,90,Nottingham Forest,Chelsea,0,1,26972,2024,729981,0.087703138589859,0,1,0,0.0791318416595459,0.6000039577484131,0.5579072833061218,Nottingham Forest,3,4,38,4.1,MID,0.0,0.44,0.62,0.18,1.11,1.0,0.0,8.9,23.6,38.0,27.0,90.0,0.0,0.0,0.0,0.0,0.0,0.0,1.0,2.0,1.0,5.0,0.0,1.0,0.3,0.33,1.0,1.0,2.0,0.0,0.3,0.31,0.0,4.5,0.0,0.29,0.42,0.13,1.58,1.33,0.0,8.03,21.07,37.23,21.67,90.0,0.0,0.0,0.0,0.0,0.0,0.0,1.0,1.67,1.33,4.67,0.0,1.33,0.18,0.35,0.67,0.67,2.0,0.0,0.18,0.23,0.01,4.0,0.0,0.24,0.33,0.1,1.54,1.2,0.0,7.64,19.32,33.74,23.2,81.0,0.0,0.0,0.0,0.0,0.0,0.0,1.0,1.8,1.0,4.0,0.0,1.4,0.12,0.32,0.6,0.6,2.0,0.0,0.12,0.17,0.01,3.34,-113008.0,-0.7193785634047604,2.0,0.316,0.253,0.431,,,0.202612801560112,0.1093953031240611,0,0.0,3.3412499171727434,Anthony Elanga,Anthony Elanga,Nott'm Forest
732,0,0,5,0,1.9,398,0.02,0.04,0.02,0.24,376,0,0,0.3,0.2,2025-05-25,45,0,0,0,0,0,0,0,False,8,0,0,0,0,38,0,931878,1,1,0,1.0,1,32434,42936,10502,7.4,True,0,0,1,0.0140342656522989,47,Newcastle United,Everton,0,1,26973,2024,730260,0.0,0,0,0,0.0140342656522989,0.0140342656522989,0.0,Newcastle United,3,4,38,2.3,MID,0.0,0.15,0.15,0.0,0.64,1.0,0.0,2.5,2.2,16.5,6.0,90.0,0.0,0.0,0.0,0.0,0.0,0.0,1.0,0.0,1.0,2.0,0.0,0.0,0.0,0.11,0.0,0.0,1.0,0.0,0.0,0.11,0.11,1.3,0.33,0.07,0.08,0.01,0.57,0.33,0.0,1.53,1.67,9.6,4.33,62.67,0.0,0.0,0.0,0.0,0.0,0.0,0.67,0.33,1.33,2.0,0.0,0.33,0.01,0.04,0.0,0.0,0.33,0.0,0.01,0.04,0.04,1.57,0.2,0.06,0.08,0.02,0.42,0.6,0.0,1.58,2.4,8.92,4.6,47.2,0.0,0.0,0.0,0.0,0.0,0.0,0.4,0.4,2.2,1.6,0.0,0.6,0.03,0.03,0.0,0.0,0.4,0.0,0.03,0.18,0.15,1.16,40332.0,0.6069463677532841,1.0,0.715,0.173,0.112,,,0.052308868277477,-5.689893001203925e-10,0,0.0,2.261544339680417,Anthony Gordon,Anthony Gordon,Newcastle
769,0,3,41,1,7.2,78,0.1,0.56,0.46,0.27,371,0,2,11.7,64.6,2025-05-25,90,0,0,0,0,0,0,0,False,11,0,0,0,0,38,0,932762,1,0,2,45.0,16,116937,136147,19210,5.7,True,0,2,4,1.0862969160079956,90,Bournemouth,Leicester,2,0,26979,2024,730040,0.0,0,0,2,1.0862969160079956,1.2170511484146118,0.6086293458938599,Bournemouth,1,3,38,6.5,MID,0.0,0.01,0.09,0.08,1.6,3.0,0.0,1.8,8.2,5.0,5.0,90.0,0.0,0.0,0.0,0.0,0.0,0.0,1.0,1.0,3.0,2.0,0.0,1.0,0.07,0.0,0.0,0.0,0.0,0.0,0.07,0.07,0.0,3.7,0.0,0.05,0.12,0.07,0.9,1.33,0.0,3.8,10.07,12.03,16.0,68.33,0.0,0.0,0.0,0.0,0.0,0.0,0.67,1.33,1.33,2.67,0.0,1.0,0.14,0.11,0.33,0.33,0.67,0.0,0.14,0.25,0.0,4.57,0.4,0.05,0.15,0.1,0.9,0.8,0.2,4.9,17.6,15.38,16.0,75.8,0.0,0.0,0.0,0.0,0.0,0.0,0.8,1.0,1.0,4.0,0.2,1.6,0.15,0.09,0.2,0.2,1.0,0.2,0.15,0.28,0.04,3.78,136545.0,0.7526986231711478,13.0,0.709,0.18,0.111,,,0.5051611628102415,-5.689893001203925e-10,0,0.0,4.525805812344239,Antoine Semenyo,Antoine Semenyo,Bournemouth
805,0,0,3,0,1.5,255,0.01,0.01,0.0,2.84,372,2,0,2.9,23.0,2025-05-25,90,0,0,0,0,0,0,0,False,13,0,0,0,0,38,0,1728422,1,2,0,4.0,1,-112759,5315,118074,4.7,True,0,0,0,0.0,90,Fulham,Manchester City,0,2,26981,2024,730191,0.0,0,0,0,0.0,0.0383698530495166,0.0383698530495166,Fulham,4,3,38,0.5,DEF,0.0,0.11,0.11,0.0,2.84,2.0,0.0,4.9,30.4,16.1,2.0,88.0,0.0,0.0,0.0,0.0,0.0,0.0,1.0,3.0,2.0,1.0,0.0,0.0,0.0,0.06,0.0,0.0,1.0,0.0,0.0,0.08,0.08,0.6,0.0,0.13,0.13,0.0,1.57,1.67,0.0,4.63,27.8,15.03,3.33,89.33,0.0,0.0,0.0,0.0,0.0,0.0,1.0,1.67,1.33,1.33,0.0,0.0,0.0,0.04,0.0,0.0,0.67,0.0,0.0,0.11,0.11,0.87,0.0,0.12,0.12,0.0,1.53,1.6,0.0,4.5,23.68,16.78,4.4,89.6,0.0,0.0,0.0,0.0,0.2,0.0,1.0,1.4,1.6,1.2,0.0,0.0,0.0,0.04,0.0,0.0,1.0,0.0,0.0,0.12,0.11,0.92,-118173.0,-0.9138496948674516,1.0,0.188,0.224,0.588,,1.9340465068817136,0.0102445242041386,-5.972489169892015e-10,0,0.0,1.0944671434330848,Antonee Robinson,Antonee Robinson,Fulham
848,0,0,4,0,14.5,489,0.0,0.0,0.0,2.27,379,4,0,3.0,15.0,2025-05-25,90,0,0,0,0,0,0,0,False,5,0,0,0,0,38,0,19871,1,4,1,0.0,2,-69,282,351,4.6,True,0,0,0,0.0,90,Tottenham,Brighton,1,4,26976,2024,730131,0.0622481331229209,0,1,0,0.0,0.0622481331229209,0.0,Tottenham,3,3,38,1.8,MID,0.0,0.0,0.0,0.0,1.39,2.0,0.0,0.9,5.8,0.8,2.0,90.0,0.0,0.0,0.0,0.0,1.0,0.0,1.0,0.0,2.0,1.0,0.0,0.0,0.0,0.0,0.0,0.0,0.0,0.0,0.0,0.41,0.41,1.5,0.0,0.01,0.01,0.0,1.87,1.67,0.0,0.93,6.6,1.83,0.67,90.0,0.0,0.0,0.0,0.0,0.33,0.0,1.0,1.0,1.0,1.67,0.0,0.0,0.0,0.0,0.0,0.0,0.0,0.0,0.0,0.14,0.14,1.3,0.0,0.01,0.01,0.0,1.83,2.4,0.0,0.88,5.64,2.2,0.8,81.0,0.0,0.0,0.0,0.0,0.2,0.0,1.0,1.2,2.4,1.6,0.0,0.0,0.0,0.0,0.0,0.0,0.0,0.0,0.0,0.09,0.09,0.78,-68.0,-0.1090047393364928,2.0,0.225,0.218,0.556,,,-6.725144885422194e-10,0.0591428726038896,1,0.0,1.1774286144490964,Archie Gray,Archie Gray,Spurs
910,0,0,23,1,24.8,238,0.11,0.11,0.0,1.27,376,0,0,3.8,13.6,2025-05-25,90,0,0,0,0,0,0,0,False,15,0,0,0,0,38,0,162239,1,1,0,0.0,5,-1971,3037,5008,4.2,False,1,0,0,0.0,90,Newcastle United,Everton,0,1,26973,2024,730266,0.1253521293401718,0,2,0,0.0,0.156275674700737,0.0749485418200492,Everton,3,4,38,3.3,DEF,1.0,0.35,0.35,0.0,1.21,0.0,0.0,4.5,11.6,33.4,0.0,72.0,0.0,0.0,0.0,0.0,0.0,0.0,0.0,0.0,2.0,7.0,0.0,0.0,0.0,0.1,0.0,0.0,2.0,0.0,0.0,0.48,0.38,3.3,0.33,0.31,0.31,0.0,0.67,0.33,0.0,4.1,14.27,26.53,0.0,56.67,0.0,0.0,0.0,0.0,0.0,0.0,0.33,1.67,1.67,3.33,0.0,0.0,0.0,0.23,0.0,0.0,1.67,0.0,0.0,0.28,0.16,1.77,0.2,0.19,0.19,0.0,0.6,0.2,0.0,2.78,10.8,16.84,0.0,42.2,0.0,0.0,0.0,0.0,0.0,0.0,0.2,1.2,1.4,2.4,0.0,0.0,0.0,0.14,0.0,0.0,1.0,0.0,0.0,0.25,0.18,1.1,-2291.0,-0.2449968924798011,5.0,0.715,0.173,0.112,,0.7015373706817627,3.9846503874230166e-10,0.0924100243912049,0,0.0,0.9262300755644048,Ashley Young,Ashley Young,Everton
945,0,0,2,0,18.0,282,0.08,0.08,0.0,1.01,373,3,0,3.5,13.2,2025-05-25,90,0,0,0,0,0,0,0,False,19,0,0,0,0,38,0,133844,1,3,1,4.0,1,-1034,1007,2041,3.9,True,0,0,0,0.0,90,Ipswich,West Ham,1,3,26980,2024,730000,0.0425869673490524,0,1,0,0.0,0.0425869673490524,0.0,Ipswich,2,2,38,0.7,DEF,0.0,0.02,0.02,0.0,0.8,2.0,0.0,1.3,10.0,2.5,0.0,90.0,0.0,0.0,0.0,0.0,0.0,0.0,1.0,0.0,2.0,1.0,0.0,0.0,0.0,0.0,0.0,0.0,0.0,0.0,0.0,0.55,0.55,1.0,0.0,0.01,0.01,0.0,0.74,1.0,0.0,0.73,5.67,1.77,0.0,58.33,0.0,0.0,0.0,0.0,0.0,0.0,0.67,1.0,1.33,1.33,0.0,0.0,0.0,0.0,0.0,0.0,0.0,0.0,0.0,0.21,0.21,0.37,0.0,0.01,0.01,0.0,1.41,1.8,0.0,1.2,10.8,1.36,0.0,71.0,0.2,0.0,0.0,0.0,0.0,0.0,0.8,1.8,1.2,0.6,0.0,0.0,0.0,0.0,0.0,0.0,0.0,0.0,0.0,0.13,0.13,0.08,-986.0,-0.339238845144357,1.0,0.317,0.25,0.432,,1.063978672027588,0.0326762967074469,0.0743544942359251,0,0.0,0.8871212629524567,Axel Tuanzebe,Axel Tuanzebe,Ipswich
981,0,0,5,0,0.0,146,0.0,0.0,0.0,1.95,379,1,0,1.2,12.4,2025-05-25,90,0,0,0,0,0,0,0,False,18,0,0,0,0,38,1,284699,1,4,1,0.0,2,-4002,4520,8522,4.5,False,0,0,0,0.0,90,Tottenham,Brighton,1,4,26976,2024,730140,0.0,0,0,0,0.0,0.1574469953775406,0.1574469953775406,Brighton,3,3,38,3.8,GK,0.0,0.0,0.0,0.0,2.24,2.0,0.0,2.4,24.4,0.0,0.0,90.0,0.0,0.0,0.0,0.0,0.0,3.0,1.0,2.0,3.0,2.0,0.0,0.0,0.0,0.0,0.0,0.0,0.0,0.0,0.0,0.66,0.66,2.5,0.33,0.0,0.0,0.0,1.67,1.0,0.0,2.77,27.93,0.0,0.0,90.0,0.0,0.0,0.0,0.0,0.0,3.67,1.0,1.67,1.33,4.33,0.0,0.0,0.0,0.0,0.0,0.0,0.0,0.0,0.0,0.24,0.24,2.33,0.2,0.0,0.0,0.0,1.69,1.8,0.0,2.74,27.68,0.0,0.0,90.0,0.0,0.0,0.0,0.0,0.0,3.4,1.0,1.8,2.2,3.0,0.0,0.0,0.0,0.0,0.0,0.0,0.0,0.0,0.0,0.15,0.15,1.64,-3580.0,-0.3068547768747124,2.0,0.225,0.218,0.556,1.2765575919987793,1.3466846446781635,,,0,0.0,1.7530000000000001,Bart Verbruggen,Bart Verbruggen,Brighton
1016,0,0,-7,0,0.0,484,0.0,0.0,0.0,0.95,379,2,0,0.5,5.4,2025-05-25,24,0,0,0,0,0,0,0,False,5,0,0,0,0,38,0,17902,0,4,1,0.0,-1,161,330,169,4.3,True,1,0,0,0.0,23,Tottenham,Brighton,1,4,26976,2024,730139,0.0,0,0,0,0.0,0.0,0.0,Tottenham,3,3,38,0.5,DEF,0.0,0.0,0.0,0.0,1.39,2.0,0.0,1.8,17.2,0.3,0.0,90.0,0.0,0.0,0.0,0.0,0.0,0.0,1.0,0.0,2.0,1.0,0.0,0.0,0.0,0.0,0.0,0.0,0.0,0.0,0.0,0.41,0.41,0.8,0.0,0.0,0.0,0.0,1.87,1.67,0.0,2.17,20.07,0.6,0.67,90.0,0.0,0.0,0.0,0.0,0.33,0.0,1.0,1.0,1.0,1.0,0.0,0.0,0.0,0.0,0.0,0.0,0.0,0.0,0.0,0.31,0.31,0.6,0.0,0.03,0.04,0.0,1.64,2.0,0.0,2.46,21.72,1.6,1.0,81.0,0.0,0.0,0.0,0.0,0.2,0.0,0.8,1.2,1.8,0.8,0.0,0.2,0.0,0.0,0.0,0.0,0.0,0.0,0.0,0.25,0.25,0.36,223.0,0.3226452905811623,-1.0,0.225,0.218,0.556,,1.0177998542785645,0.0005305760110718,-5.972489169892015e-10,0,0.0,1.4941834542746841,Ben Davies,Ben Davies,Spurs
1050,0,0,3,0,0.0,687,0.0,0.0,0.0,0.0,371,0,0,0.0,0.0,2025-05-25,1,0,0,0,0,0,0,0,False,11,0,0,0,0,38,0,1449,0,0,2,0.0,1,41,105,64,4.5,True,0,0,0,0.0,1,Bournemouth,Leicester,2,0,26979,2024,730046,0.0,0,0,0,0.0,0.0,0.0,Bournemouth,1,3,38,0.7,MID,0.0,0.0,0.0,0.0,0.16,0.0,0.0,0.4,2.2,0.2,2.0,12.0,0.0,0.0,0.0,0.0,0.0,0.0,0.0,2.0,2.0,1.0,0.0,0.0,0.0,0.0,0.0,0.0,0.0,0.0,0.0,0.02,0.02,0.8,0.0,0.0,0.0,0.0,0.05,0.0,0.0,0.13,0.8,0.07,0.67,7.0,0.0,0.0,0.0,0.0,0.0,0.0,0.0,2.67,1.67,1.0,0.0,0.0,0.0,0.0,0.0,0.0,0.0,0.0,0.0,0.01,0.01,0.33,,,,,,,,,,,,,,,,,,,,,,,,,,,,,,,,,,,92.0,0.2426035502958579,1.0,0.709,0.18,0.111,,,0.1249348620523309,0.0385286011943044,0,0.0,1.7402601138445677,Ben Winterburn,Ben Winterburn,Bournemouth
1067,1,0,25,0,33.5,24,0.72,0.72,0.0,0.63,378,1,0,7.1,31.4,2025-05-25,90,0,0,0,0,0,0,0,False,17,0,0,0,0,38,0,532449,1,2,1,6.0,5,242470,245477,3007,6.2,False,0,0,0,0.0,90,Southampton,Arsenal,1,2,26977,2024,730109,0.5982730984687805,1,2,0,0.0,0.4262838661670685,0.4262838661670685,Arsenal,5,1,38,4.7,DEF,1.0,0.02,0.04,0.02,1.86,0.0,0.0,2.7,15.2,3.2,9.0,90.0,0.0,0.0,0.0,0.0,0.0,0.0,1.0,0.0,1.0,6.0,0.0,1.0,0.03,0.0,0.0,0.0,0.0,0.0,0.03,0.08,0.05,3.2,0.33,0.01,0.03,0.02,1.67,1.33,0.0,3.37,16.8,6.9,10.0,84.0,0.0,0.0,0.0,0.0,0.0,0.0,1.0,1.33,1.33,2.67,0.0,0.67,0.03,0.05,0.0,0.0,0.33,0.0,0.03,0.34,0.31,2.67,0.4,0.05,0.1,0.05,1.26,1.0,0.0,4.28,16.56,14.36,11.8,80.4,0.0,0.0,0.0,0.0,0.0,0.0,1.0,1.8,1.0,3.2,0.0,0.8,0.05,0.09,0.0,0.0,1.0,0.0,0.05,0.35,0.29,2.92,273926.0,0.975797234429581,5.0,0.112,0.158,0.73,,0.5131762027740479,0.0096917485999534,0.1463763686046184,0,0.0,2.2402795974135756,Benjamin White,Ben White,Arsenal
1105,0,0,16,1,39.3,342,0.29,0.29,0.0,1.74,372,0,0,6.1,16.0,2025-05-25,90,0,0,0,0,0,0,0,False,9,0,0,0,0,38,0,322766,1,2,0,6.0,3,13580,17594,4014,6.1,False,0,0,0,0.0,90,Fulham,Manchester City,0,2,26981,2024,730208,0.2793022692203522,0,3,0,0.0,0.469476580619812,0.3252047598361969,Manchester City,4,3,38,5.5,MID,1.0,0.28,0.58,0.3,0.78,0.0,1.0,8.2,44.6,18.8,19.0,90.0,0.0,0.0,0.0,0.0,0.0,0.0,1.0,1.0,3.0,11.0,1.0,1.0,0.43,0.04,0.0,0.0,1.0,1.0,0.43,1.2,0.73,6.2,1.0,0.2,0.42,0.22,0.43,0.0,0.33,7.3,27.2,30.53,15.33,90.0,0.0,0.0,0.0,0.0,0.0,0.0,1.0,0.33,1.33,5.67,0.33,1.33,0.24,0.09,0.0,0.0,2.0,0.33,0.24,0.62,0.36,5.33,0.8,0.15,0.33,0.17,0.79,0.2,0.4,6.6,27.16,25.9,13.0,90.0,0.0,0.0,0.0,0.0,0.2,0.0,1.0,0.8,1.2,5.8,0.4,1.0,0.23,0.06,0.0,0.0,1.6,0.4,0.23,0.81,0.57,5.84,16429.0,0.6284709366901148,3.0,0.188,0.224,0.588,,,0.0446888584326103,0.2041760872004319,0,0.0,2.835972553764347,,,
1143,0,0,12,0,0.0,248,0.0,0.0,0.0,2.84,372,2,0,2.4,24.0,2025-05-25,90,0,0,0,0,0,0,0,False,13,0,0,0,0,38,3,332324,1,2,0,0.0,2,-16460,3529,19989,5.0,True,0,0,0,0.0,90,Fulham,Manchester City,0,2,26981,2024,730187,0.0,0,0,0,0.0,0.0261149872094392,0.0261149872094392,Fulham,4,3,38,2.5,GK,0.0,0.0,0.0,0.0,2.87,2.0,0.0,4.7,47.2,0.0,0.0,90.0,0.0,0.0,1.0,0.0,1.0,3.0,1.0,3.0,2.0,6.0,0.0,0.0,0.0,0.0,0.0,0.0,0.0,0.0,0.0,0.0,0.0,3.0,0.0,0.0,0.0,0.0,1.65,2.0,0.0,3.37,33.73,0.0,0.0,90.0,0.0,0.0,0.33,0.0,0.33,3.0,1.0,2.0,1.33,3.33,0.0,0.0,0.0,0.0,0.0,0.0,0.0,0.0,0.0,0.04,0.04,2.33,0.0,0.0,0.0,0.0,1.3,1.8,0.0,3.14,31.36,0.0,0.0,90.0,0.0,0.0,0.2,0.0,0.2,3.2,1.0,2.0,1.2,2.8,0.0,0.0,0.0,0.0,0.0,0.0,0.0,0.0,0.0,0.08,0.08,1.76,-17015.0,-0.699889446381495,2.0,0.188,0.224,0.588,3.213905816821584,1.4550921075769416,,,0,0.0,2.343,Bernd Leno,Bernd Leno,Fulham
1231,0,0,16,0,1.1,42,0.02,0.02,0.0,1.99,375,1,0,0.3,1.6,2025-05-25,83,0,0,0,0,0,0,0,False,14,0,0,0,0,38,0,8589,1,0,2,0.0,2,3276,3582,306,5.0,False,0,0,0,0.0,89,Manchester United,Aston Villa,2,0,26974,2024,730240,0.0,0,0,0,0.0,0.0244785211980342,0.0244785211980342,Aston Villa,3,3,38,4.5,MID,1.0,0.14,0.18,0.04,0.51,0.0,1.0,7.8,39.8,15.1,23.0,90.0,0.0,0.0,0.0,0.0,0.0,0.0,1.0,0.0,2.0,10.0,1.0,1.0,0.07,0.09,0.0,0.0,1.0,1.0,0.07,0.26,0.16,5.3,1.0,0.06,0.21,0.15,0.72,0.0,0.33,4.2,20.13,8.27,13.67,90.0,0.0,0.0,0.0,0.0,0.0,0.0,1.0,0.33,1.0,5.33,0.33,1.0,0.16,0.03,0.0,0.0,0.33,0.33,0.16,0.48,0.31,3.27,0.6,0.09,0.18,0.09,0.9,0.6,0.2,3.7,17.4,11.16,8.6,88.2,0.0,0.0,0.0,0.0,0.0,0.0,1.0,0.6,1.8,4.0,0.2,0.8,0.1,0.09,0.0,0.0,0.6,0.2,0.1,0.48,0.37,3.0,3881.0,0.8425925925925926,2.0,0.218,0.225,0.556,,,-6.725144885422194e-10,-5.689893001203925e-10,0,1.0,2.9999999949304597,Boubacar Kamara,Boubacar Kamara,Aston Villa
1263,0,0,8,0,8.7,285,0.07,0.07,0.0,1.79,371,2,0,1.3,4.4,2025-05-25,90,0,0,0,0,0,0,0,False,3,0,0,0,0,38,0,32263,1,0,2,0.0,2,-99,728,827,4.4,False,0,0,0,0.0,90,Bournemouth,Leicester,2,0,26979,2024,730052,0.0,0,0,0,0.0,0.0343493744730949,0.0343493744730949,Leicester,1,3,38,1.3,MID,1.0,0.01,0.01,0.0,1.41,0.0,0.0,1.7,9.8,7.1,0.0,90.0,0.0,0.0,0.0,0.0,0.0,0.0,1.0,0.0,2.0,3.0,0.0,0.0,0.0,0.0,0.0,0.0,0.0,0.0,0.0,0.33,0.33,1.5,0.33,0.01,0.01,0.0,0.51,0.0,0.0,1.3,9.67,2.7,0.67,42.0,0.0,0.0,0.0,0.0,0.0,0.0,0.33,0.67,2.0,1.67,0.0,0.0,0.0,0.0,0.0,0.0,0.0,0.0,0.0,0.16,0.16,1.07,0.2,0.0,0.0,0.0,0.99,0.4,0.0,1.3,9.36,2.94,0.8,52.2,0.0,0.0,0.0,0.0,0.0,0.0,0.6,0.6,1.8,1.6,0.0,0.0,0.0,0.0,0.0,0.0,0.0,0.0,0.0,0.11,0.11,0.74,-23.0,-0.0636655948553054,2.0,0.709,0.18,0.111,,,-6.725144885422194e-10,-5.689893001203925e-10,0,0.0,0.9999999949304597,Boubakary Soumaré,Boubakary Soumare,Leicester
1284,0,0,14,0,53.4,595,0.28,0.33,0.05,1.95,379,1,0,7.1,7.4,2025-05-25,75,0,0,0,0,0,0,0,False,18,0,0,0,0,38,0,8366,1,4,1,10.0,2,4383,4548,165,5.4,False,0,0,1,0.058864913880825,77,Tottenham,Brighton,1,4,26976,2024,730149,0.2074064165353775,0,3,0,0.058864913880825,0.2170721292495727,0.1582072079181671,Brighton,3,3,38,3.8,MID,0.0,0.53,0.67,0.14,2.03,2.0,0.0,13.3,30.8,59.4,43.0,72.0,0.0,0.0,0.0,0.0,0.0,0.0,1.0,2.0,3.0,6.0,0.0,4.0,0.17,0.6,1.0,1.0,5.0,0.0,0.17,0.72,0.06,4.0,0.0,0.25,0.5,0.25,0.71,0.67,0.33,6.77,21.8,25.67,20.33,34.67,0.0,0.0,0.0,0.0,0.0,0.0,0.33,1.67,1.33,4.33,0.33,2.0,0.22,0.32,0.33,0.33,2.0,0.33,0.22,0.4,0.04,3.07,0.0,0.21,0.38,0.17,0.63,0.6,0.2,5.36,20.48,19.64,14.2,24.0,0.0,0.0,0.0,0.0,0.0,0.0,0.2,1.8,1.8,4.2,0.2,1.4,0.15,0.29,0.6,0.6,1.6,0.2,0.15,0.38,0.05,1.84,5123.0,0.9299809038828772,2.0,0.225,0.218,0.556,,,0.0955320149687275,0.2685187475625588,0,0.0,2.2832163175313136,Brajan Gruda,Brajan Gruda,Brighton
1317,0,0,4,0,0.3,491,0.0,0.48,0.48,2.27,379,4,0,1.1,0.2,2025-05-25,90,0,0,0,0,0,0,0,False,5,0,0,0,0,38,0,265985,1,4,1,10.0,2,-3829,7931,11760,6.2,True,0,0,1,0.4585594832897186,90,Tottenham,Brighton,1,4,26976,2024,730132,0.0,0,0,0,0.4585594832897186,0.4585594832897186,0.0,Tottenham,3,3,38,0.8,MID,0.0,0.0,0.0,0.0,0.06,0.0,0.0,0.2,0.0,0.0,2.0,3.0,0.0,0.0,0.0,0.0,0.0,0.0,0.0,0.0,2.0,1.0,0.0,0.0,0.0,0.0,0.0,0.0,0.0,0.0,0.0,0.0,0.0,0.8,0.0,0.01,0.01,0.0,0.78,1.67,0.0,0.27,0.13,0.63,2.0,38.67,0.0,0.0,0.0,0.0,0.0,0.0,0.33,1.0,2.67,1.33,0.0,0.0,0.0,0.0,0.0,0.0,0.0,0.0,0.0,0.08,0.08,2.1,0.0,0.03,0.16,0.13,1.15,2.0,0.4,3.68,19.2,7.04,10.6,59.2,0.0,0.0,0.0,0.0,0.0,0.0,0.6,1.2,3.0,5.4,0.4,0.8,0.16,0.04,0.4,0.2,0.4,0.4,0.16,0.23,0.05,2.62,-3047.0,-0.1944543192321365,2.0,0.225,0.218,0.556,,,0.1024024132479664,-5.689893001203925e-10,0,0.0,1.512012064532864,Brennan Johnson,Brennan Johnson,Spurs
1353,1,1,28,1,55.6,366,0.54,0.79,0.25,0.4,375,0,0,11.8,31.2,2025-05-25,90,0,0,0,0,0,0,0,False,2,0,0,0,0,38,0,1569167,1,0,2,31.0,7,-119978,19778,139756,8.4,True,0,0,5,0.2021446973085403,90,Manchester United,Aston Villa,2,0,26974,2024,730225,0.401933342218399,1,3,0,0.2021446973085403,0.6222193837165833,0.2149205207824707,Manchester United,3,3,38,2.5,MID,0.0,0.04,0.07,0.03,0.82,1.0,0.0,1.7,5.6,5.7,6.0,80.0,0.0,0.0,0.0,0.0,1.0,0.0,1.0,0.0,1.0,1.0,0.0,1.0,0.08,0.02,0.0,0.0,1.0,0.0,0.08,0.22,0.14,1.8,0.0,0.33,0.4,0.07,0.97,1.33,0.0,8.23,18.73,55.07,8.67,86.67,0.0,0.0,0.0,0.0,0.33,0.0,1.0,1.0,0.67,2.33,0.0,2.67,0.07,0.39,0.0,0.0,4.0,0.0,0.07,0.5,0.31,1.2,0.0,0.23,0.39,0.16,1.04,1.8,0.0,6.38,15.0,40.48,8.4,74.4,0.0,0.0,0.0,0.0,0.2,0.0,0.8,1.0,1.2,2.0,0.0,2.4,0.09,0.3,0.0,0.0,2.8,0.0,0.09,0.44,0.31,1.12,-122028.0,-0.7520528539370918,6.0,0.218,0.225,0.556,,,0.2355458196448496,0.3898611697540151,0,0.0,4.347312607486293,Bruno Borges Fernandes,Bruno Fernandes,Man Utd
1391,0,0,13,0,28.9,394,0.07,0.13,0.06,0.99,376,1,0,4.8,7.8,2025-05-25,90,0,0,0,0,0,0,0,False,8,0,0,0,0,38,0,345164,1,1,0,11.0,2,3068,14527,11459,6.2,True,0,0,1,0.0536121353507041,90,Newcastle United,Everton,0,1,26973,2024,730256,0.0768493935465812,0,2,0,0.0536121353507041,0.1489425003528595,0.0780222490429878,Newcastle United,3,4,38,3.7,MID,0.0,0.14,0.43,0.29,0.64,1.0,0.0,8.0,24.0,26.3,30.0,90.0,0.0,0.0,0.0,0.0,0.0,0.0,1.0,0.0,1.0,2.0,0.0,2.0,0.39,0.12,0.0,0.0,2.0,0.0,0.39,0.62,0.22,3.0,0.33,0.1,0.25,0.15,0.67,0.67,0.33,6.9,26.2,23.13,20.0,90.0,0.0,0.0,0.0,0.0,0.33,0.0,1.0,0.33,1.33,3.67,0.33,2.0,0.22,0.09,0.0,0.0,1.67,0.33,0.22,0.6,0.41,3.4,0.4,0.13,0.29,0.17,0.88,1.2,0.2,6.62,20.68,23.94,21.8,90.0,0.0,0.0,0.0,0.0,0.4,0.0,1.0,0.4,2.2,3.0,0.2,2.0,0.28,0.09,0.0,0.0,1.6,0.2,0.28,0.7,0.42,2.78,4414.0,0.1180635726929885,2.0,0.715,0.173,0.112,,,0.0708482573204414,0.1357830911925783,1,0.0,1.761590560179942,Bruno Guimarães Rodriguez Moura,Bruno Guimarães,Newcastle
1429,0,1,26,0,33.3,99,0.11,0.38,0.27,1.12,380,1,1,11.0,50.8,2025-05-25,90,0,0,0,0,0,0,0,False,20,0,0,0,0,38,0,5356745,1,1,1,26.0,8,-23566,77786,101352,8.3,False,0,1,2,0.4420421123504638,90,Wolverhampton Wanderers,Brentford,1,1,26978,2024,730086,0.1046890765428543,0,2,1,0.4420421123504638,0.5650979280471802,0.1230557933449745,Brentford,3,3,38,5.2,MID,0.0,0.09,1.08,0.99,0.99,3.0,1.0,11.5,44.6,18.8,52.0,90.0,0.0,1.0,0.0,0.0,0.0,0.0,1.0,3.0,2.0,5.0,1.0,3.0,0.91,0.07,0.0,0.0,1.0,1.0,0.15,0.55,0.33,4.5,0.33,0.15,0.56,0.41,1.16,2.0,0.33,8.53,29.27,18.37,37.67,90.0,0.0,0.33,0.0,0.0,0.0,0.0,1.0,2.33,2.0,5.33,0.33,3.0,0.4,0.15,0.67,0.33,1.0,0.33,0.14,0.65,0.49,6.53,0.4,0.25,0.65,0.4,1.18,1.6,0.6,11.7,43.04,36.3,37.6,90.0,0.0,0.2,0.0,0.0,0.2,0.0,1.0,2.2,2.0,7.2,0.6,3.2,0.37,0.33,0.6,0.4,2.4,0.6,0.22,0.58,0.29,5.48,-38157.0,-0.1315522111444808,7.0,0.353,0.258,0.389,,,0.196301445792941,0.2504516379369934,1,0.0,2.7328621427756854,Bryan Mbeumo,Bryan Mbeumo,Brentford
1454,0,0,2,0,23.3,17,0.42,0.49,0.07,0.0,378,0,0,4.6,6.6,2025-05-25,27,0,0,0,0,0,0,0,False,17,0,0,0,0,38,0,2357799,0,2,1,16.0,1,360309,393893,33584,10.4,False,0,0,2,0.1721542179584503,26,Southampton,Arsenal,1,2,26977,2024,730123,0.2135117501020431,0,2,0,0.1721542179584503,0.4059078395366668,0.0202418733388185,Arsenal,5,1,38,3.5,MID,1.0,0.28,0.34,0.06,1.54,0.0,0.0,8.2,17.8,32.8,31.0,75.0,0.0,0.0,0.0,0.0,0.0,0.0,1.0,0.0,1.0,3.0,0.0,2.0,0.12,0.6,0.0,0.0,2.0,0.0,0.12,0.15,0.03,2.8,0.33,0.17,0.48,0.31,1.62,1.33,0.0,7.57,11.0,31.43,33.0,82.33,0.0,0.0,0.0,0.0,0.0,0.0,1.0,1.33,1.33,2.33,0.0,3.33,0.5,0.3,0.0,0.0,2.33,0.0,0.5,0.75,0.31,2.17,0.2,0.28,0.6,0.32,1.1,1.0,0.0,7.08,8.36,33.54,28.8,66.6,0.0,0.0,0.0,0.0,0.0,0.0,0.8,2.0,1.2,1.8,0.0,2.8,0.52,0.33,0.0,0.0,2.6,0.0,0.52,0.78,0.25,4.22,401139.0,0.8428734177511304,1.0,0.112,0.158,0.73,,,0.1231010359270001,0.1393783499101846,0,0.0,3.033640229365554,Bukayo Saka,Bukayo Saka,Arsenal
1506,0,0,4,0,6.3,434,0.01,0.01,0.0,0.09,377,0,0,1.3,2.8,2025-05-25,33,0,0,0,0,0,0,0,False,6,0,0,0,0,38,0,136093,0,1,0,4.0,1,-2225,1166,3391,5.1,True,0,0,0,0.0,32,Nottingham Forest,Chelsea,0,1,26972,2024,729984,0.0,0,0,0,0.0,0.0,0.0,Nottingham Forest,3,4,38,1.1,MID,0.0,0.0,0.0,0.0,0.18,1.0,0.0,0.9,6.0,3.4,0.0,7.0,0.0,0.0,0.0,0.0,0.0,0.0,0.0,2.0,1.0,1.0,0.0,0.0,0.0,0.0,0.0,0.0,0.0,0.0,0.0,0.0,0.0,0.5,0.0,0.01,0.01,0.0,0.66,1.0,0.0,0.87,5.07,3.7,0.0,28.0,0.0,0.0,0.0,0.0,0.0,0.0,0.33,2.0,0.67,1.0,0.0,0.0,0.0,0.0,0.0,0.0,0.0,0.0,0.0,0.0,0.0,0.73,0.0,0.04,0.1,0.06,1.27,1.2,0.0,3.9,8.32,20.08,10.8,52.8,0.0,0.0,0.0,0.0,0.0,0.0,0.6,1.6,0.8,1.4,0.0,0.8,0.04,0.06,0.0,0.0,1.4,0.0,0.04,0.17,0.08,0.88,-2127.0,-0.4882598200570551,1.0,0.316,0.253,0.431,,,0.0235880668695314,-5.689893001203925e-10,1,0.0,0.11794033264068915,Callum Hudson-Odoi,Callum Hudson-Odoi,Nott'm Forest
1524,0,0,3,0,0.4,421,0.01,0.01,0.0,0.43,376,0,0,0.1,0.4,2025-05-25,20,0,0,0,0,0,0,0,False,8,0,0,0,0,38,0,24773,0,1,0,0.0,1,6758,7770,1012,6.9,True,0,0,0,0.0,19,Newcastle United,Everton,0,1,26973,2024,730263,0.0,0,0,0,0.0,0.0536121353507041,0.0536121353507041,Newcastle United,3,4,38,1.7,FWD,0.0,0.03,0.03,0.0,0.57,1.0,0.0,3.3,2.2,22.6,8.0,63.0,0.0,0.0,0.0,0.0,0.0,0.0,1.0,0.0,1.0,2.0,0.0,0.0,0.0,0.08,0.0,0.0,2.0,0.0,0.0,0.44,0.36,0.7,0.0,0.01,0.02,0.01,0.36,0.33,0.0,1.77,1.4,7.87,8.33,26.67,0.0,0.0,0.0,0.0,0.0,0.0,0.33,0.33,1.33,1.33,0.0,0.33,0.02,0.03,0.0,0.0,0.67,0.0,0.02,0.16,0.12,1.23,0.0,0.01,0.02,0.01,0.25,0.2,0.0,1.3,1.24,5.58,6.2,21.4,0.0,0.0,0.0,0.0,0.0,0.0,0.2,0.4,2.2,1.2,0.0,0.2,0.01,0.02,0.0,0.0,0.4,0.0,0.01,0.1,0.07,1.04,7712.0,0.7695285811887953,1.0,0.715,0.173,0.112,,,-0.0090703594484651,0.0008823228921186,0,,0.9663655308824954,Callum Wilson,Callum Wilson,Newcastle
1594,0,0,1,0,1.5,27,0.01,0.01,0.0,0.32,378,1,0,0.7,5.2,2025-05-25,11,0,0,0,0,0,0,0,False,1,0,0,0,0,38,0,129496,0,2,1,0.0,1,-1214,1338,2552,4.8,True,0,0,0,0.0,10,Southampton,Arsenal,1,2,26977,2024,730107,0.0,0,0,0,0.0,0.0,0.0,Southampton,5,1,38,-0.5,FWD,0.0,0.02,0.64,0.62,0.03,0.0,0.0,5.0,6.4,11.0,33.0,30.0,0.0,0.0,0.0,0.0,0.0,0.0,0.0,0.0,2.0,1.0,0.0,1.0,0.65,0.1,0.0,0.0,1.0,0.0,0.65,0.89,0.14,0.5,0.0,0.04,0.25,0.21,0.29,0.0,0.0,2.27,3.13,7.17,12.33,22.0,0.0,0.0,0.0,0.0,0.0,0.0,0.0,0.0,1.33,1.0,0.0,0.33,0.22,0.07,0.0,0.0,0.67,0.0,0.22,0.33,0.05,0.57,0.0,0.03,0.15,0.12,0.46,0.4,0.0,1.48,2.12,4.46,8.2,22.2,0.0,0.0,0.0,0.0,0.0,0.0,0.0,0.6,1.2,1.0,0.0,0.2,0.13,0.04,0.0,0.0,0.4,0.0,0.13,0.21,0.04,0.54,-1160.0,-0.3120822622107969,1.0,0.112,0.158,0.73,,,-0.0376394386965848,0.0008823228921186,0,,0.8520892138900166,Cameron Archer,Cameron Archer,Southampton
1638,0,2,34,1,2.8,450,0.01,0.26,0.25,0.88,376,0,1,9.5,43.6,2025-05-25,75,0,0,0,0,0,0,0,False,15,0,0,0,0,38,0,6951,1,1,0,49.0,10,-1779,108,1887,4.7,False,0,1,5,0.2973357141017914,77,Newcastle United,Everton,0,1,26973,2024,730273,0.0,0,0,1,0.2973357141017914,0.2541404366493225,0.0,Everton,3,4,38,4.5,MID,0.0,0.0,0.0,0.0,0.87,0.0,0.0,0.1,0.4,0.3,0.0,25.0,0.0,0.0,0.0,0.0,0.0,0.0,0.0,0.0,2.0,1.0,0.0,0.0,0.0,0.0,0.0,0.0,0.0,0.0,0.0,0.0,0.0,3.3,0.0,0.05,0.09,0.04,0.79,1.0,0.0,3.87,15.33,15.1,8.0,65.67,0.0,0.0,0.0,0.0,0.33,0.0,0.67,1.67,1.67,3.33,0.0,0.67,0.06,0.16,0.67,0.67,1.0,0.0,0.06,0.2,0.01,2.8,0.0,0.04,0.07,0.03,0.86,1.0,0.0,2.94,11.08,12.36,5.8,50.6,0.0,0.0,0.0,0.0,0.2,0.0,0.4,1.4,1.2,2.4,0.0,0.6,0.04,0.16,0.4,0.4,0.8,0.0,0.04,0.2,0.02,1.78,-2071.0,-0.8917293233082707,8.0,0.715,0.173,0.112,,,0.2938481812267184,-5.689893001203925e-10,0,0.0,3.4692409044266244,Carlos Alcaraz Durán,Carlos Alcaraz,Everton
1672,0,0,20,0,13.5,115,0.03,0.1,0.07,1.95,379,1,0,3.2,12.8,2025-05-25,90,0,0,0,0,0,0,0,False,18,0,0,0,0,38,0,19195,1,4,1,6.0,2,122,780,658,5.0,False,0,0,3,0.0690516605973243,90,Tottenham,Brighton,1,4,26976,2024,730146,0.1279685795307159,0,1,0,0.0690516605973243,0.1858015060424804,0.1414286643266677,Brighton,3,3,38,2.2,MID,0.0,0.02,0.02,0.0,2.24,2.0,0.0,2.2,15.2,7.1,0.0,90.0,0.0,0.0,0.0,0.0,0.0,0.0,1.0,2.0,3.0,2.0,0.0,0.0,0.0,0.0,0.0,0.0,0.0,0.0,0.0,0.2,0.2,3.2,0.33,0.02,0.02,0.01,1.65,1.0,0.0,1.83,11.4,5.83,1.33,86.0,0.0,0.0,0.0,0.0,0.0,0.0,1.0,1.67,1.33,2.33,0.0,0.33,0.01,0.0,0.0,0.0,0.0,0.0,0.01,0.09,0.08,3.63,0.2,0.02,0.03,0.01,1.62,1.6,0.2,2.72,20.12,4.54,2.6,84.8,0.0,0.0,0.0,0.0,0.0,0.0,1.0,1.8,2.2,3.8,0.2,0.4,0.01,0.0,0.0,0.0,0.0,0.2,0.01,0.21,0.21,2.54,194.0,0.0848400556328233,2.0,0.225,0.218,0.556,,,0.041608594859898,0.0569663695702655,1,0.0,1.378942083010286,Carlos Baleba,Carlos Baleba,Brighton
1696,0,0,16,1,27.8,368,0.09,0.26,0.17,0.4,375,0,0,7.4,18.8,2025-05-25,90,0,0,0,0,0,0,0,False,2,0,0,0,0,38,0,48717,1,0,2,27.0,2,-14,706,720,4.6,True,1,0,4,0.1118360385298729,90,Manchester United,Aston Villa,2,0,26974,2024,730224,0.0567976087331771,0,2,0,0.1118360385298729,0.5645943880081177,0.3959607183933258,Manchester United,3,3,38,1.0,MID,1.0,0.01,0.01,0.0,0.55,0.0,0.0,1.2,10.4,1.6,0.0,69.0,0.0,0.0,0.0,0.0,1.0,0.0,1.0,0.0,1.0,2.0,0.0,0.0,0.0,0.0,0.0,0.0,0.0,0.0,0.0,0.0,0.0,1.0,0.67,0.02,0.1,0.08,0.52,0.33,0.0,3.43,17.07,7.17,10.0,74.33,0.0,0.0,0.0,0.0,0.33,0.0,1.0,0.33,0.67,2.33,0.0,0.67,0.06,0.01,0.0,0.0,0.33,0.0,0.06,0.13,0.12,0.6,0.4,0.02,0.09,0.07,0.46,0.4,0.0,3.56,15.28,9.0,11.2,60.4,0.0,0.0,0.0,0.0,0.4,0.0,0.8,0.8,0.6,1.6,0.0,1.2,0.06,0.01,0.0,0.0,0.4,0.0,0.06,0.14,0.13,0.72,68.0,-0.0098176718092566,2.0,0.218,0.225,0.556,,,0.1204005956437226,0.1831640369473881,1,0.0,2.151495089060777,Carlos Henrique Casimiro,Casemiro,Man Utd
1749,0,0,10,0,1.3,475,0.04,0.04,0.0,2.2,378,2,0,3.3,29.4,2025-05-25,90,0,0,0,0,0,0,0,False,1,0,0,0,0,38,0,346679,1,2,1,2.0,1,-5338,298,5636,3.9,True,0,0,0,0.0,90,Southampton,Arsenal,1,2,26977,2024,730095,0.0,0,0,0,0.0,0.0,0.0,Southampton,5,1,38,-1.3,DEF,0.0,0.01,0.01,0.0,3.21,4.0,0.0,0.5,4.0,1.1,0.0,45.0,0.0,0.0,0.0,0.0,0.0,0.0,0.0,5.0,0.0,-1.0,0.0,0.0,0.0,0.0,0.0,0.0,0.0,0.0,0.0,0.07,0.07,-0.7,0.0,0.01,0.01,0.0,1.27,2.0,0.0,0.63,4.6,1.73,0.0,22.67,0.0,0.0,0.0,0.0,0.0,0.0,0.0,4.33,1.0,0.33,0.0,0.0,0.0,0.0,0.0,0.0,0.0,0.0,0.0,0.02,0.02,-0.33,0.0,0.02,0.02,0.0,1.15,1.8,0.0,1.46,9.76,4.64,0.0,31.8,0.0,0.0,0.0,0.0,0.0,0.0,0.2,3.0,1.8,0.6,0.0,0.0,0.0,0.01,0.0,0.0,0.2,0.0,0.0,0.03,0.02,-0.3,-177847.0,-0.899561846983485,1.0,0.112,0.158,0.73,,2.413344621658325,0.004103806916903,-5.972489169892015e-10,0,0.0,-0.1823771602903288,Charlie Taylor,Charlie Taylor,Southampton
1791,0,0,9,0,0.3,194,0.0,0.0,0.0,2.17,374,1,0,2.1,20.8,2025-05-25,90,0,0,0,0,0,0,0,False,12,0,0,0,0,38,0,22499,1,1,1,0.0,2,-393,551,944,4.4,False,0,0,0,0.0,90,Liverpool,Crystal Palace,1,1,26975,2024,730175,0.0,0,0,0,0.0,0.0865972489118576,0.0865972489118576,Crystal Palace,3,5,38,1.8,DEF,0.0,0.0,0.0,0.0,1.52,2.0,0.0,2.8,27.4,0.1,0.0,90.0,0.0,0.0,0.0,0.0,0.0,0.0,1.0,2.0,4.0,1.0,0.0,0.0,0.0,0.0,0.0,0.0,0.0,0.0,0.0,0.21,0.21,3.0,0.33,0.0,0.04,0.04,0.97,1.0,0.0,3.47,18.53,1.73,14.0,90.0,0.0,0.0,0.0,0.0,0.0,0.0,1.0,1.67,1.67,3.0,0.0,0.67,0.07,0.0,0.0,0.0,0.0,0.0,0.07,0.33,0.33,1.63,0.2,0.1,0.17,0.07,0.94,1.6,0.0,2.72,15.6,1.74,10.2,81.0,0.0,0.0,0.0,0.2,0.0,0.0,1.0,1.0,2.0,1.4,0.0,0.6,0.13,0.0,0.0,0.0,0.0,0.0,0.13,0.2,0.2,1.06,-440.0,-0.262876254180602,2.0,0.677,0.158,0.165,,2.1674892902374268,3.9846503874230166e-10,-5.972489169892015e-10,0,0.0,0.9160000005990434,Chris Richards,Chris Richards,Crystal Palace
1827,0,0,-3,0,3.9,447,0.01,0.96,0.95,1.07,377,1,0,2.4,0.0,2025-05-25,90,0,0,0,0,0,0,0,False,6,0,0,0,0,38,0,3519572,1,1,0,24.0,2,-128362,102557,230919,7.2,True,0,0,3,1.1398029327392578,90,Nottingham Forest,Chelsea,0,1,26972,2024,729980,0.0,0,0,0,1.1398029327392578,1.1398029327392578,0.0,Nottingham Forest,3,4,38,3.7,FWD,0.0,0.12,0.33,0.21,1.13,1.0,0.0,6.0,10.2,27.8,22.0,90.0,0.0,0.0,0.0,0.0,0.0,0.0,1.0,2.0,1.0,2.0,0.0,2.0,0.27,0.29,0.0,0.0,2.0,0.0,0.27,0.3,0.0,4.0,0.0,0.06,0.45,0.4,1.59,1.33,0.33,6.0,16.67,17.7,25.67,90.0,0.0,0.0,0.0,0.0,0.0,0.0,1.0,1.67,1.33,4.0,0.33,3.0,0.47,0.15,0.0,0.0,1.33,0.33,0.47,0.54,0.04,4.67,0.2,0.1,0.41,0.31,1.63,1.2,0.4,5.68,18.04,16.0,22.8,87.0,0.0,0.0,0.0,0.0,0.0,0.0,1.0,1.8,1.0,4.4,0.4,2.4,0.38,0.13,0.0,0.0,1.2,0.4,0.38,0.39,0.03,3.4,-148223.0,-0.3849212537034149,2.0,0.316,0.253,0.431,,,0.3010047919484291,6.746065928098233e-10,0,,3.204019169817536,Chris Wood,Chris Wood,Nott'm Forest
1850,0,0,25,0,35.2,370,0.05,0.92,0.87,0.34,375,0,1,9.8,41.8,2025-05-25,24,0,0,0,0,0,0,0,False,2,0,0,0,0,38,0,19893,0,0,2,21.0,6,-49,64,113,5.2,True,0,1,3,0.8542993068695068,19,Manchester United,Aston Villa,2,0,26974,2024,730229,0.1131578609347343,0,3,0,0.0931304916739463,0.1195130720734596,0.0314887948334217,Manchester United,3,3,38,2.8,MID,0.0,0.31,0.38,0.07,0.29,0.0,0.0,2.8,7.2,18.6,2.0,7.0,0.0,0.0,0.0,0.0,0.0,0.0,0.0,2.0,0.0,1.0,0.0,1.0,0.05,0.14,0.0,0.0,1.0,0.0,0.05,0.19,0.14,1.8,0.0,0.14,0.2,0.06,0.68,0.67,0.0,4.73,12.33,30.17,5.0,13.67,0.0,0.0,0.0,0.0,0.0,0.0,0.0,2.0,1.67,2.0,0.0,1.33,0.05,0.14,0.33,0.33,2.0,0.0,0.05,0.24,0.15,1.27,0.0,0.16,0.21,0.05,0.89,1.4,0.0,4.14,12.68,23.6,5.2,44.2,0.0,0.0,0.0,0.0,0.2,0.0,0.4,1.6,1.8,1.8,0.0,1.2,0.05,0.19,0.2,0.2,1.4,0.0,0.05,0.38,0.32,0.92,-5.0,-0.2768361581920904,6.0,0.218,0.225,0.556,,,0.1532764630401062,0.1689225244103041,0,0.0,2.273149888431443,Christian Eriksen,Christian Eriksen,Man Utd
1884,1,3,37,0,14.3,101,0.12,0.2,0.08,1.12,380,1,0,7.7,36.8,2025-05-25,90,0,0,0,0,0,0,0,False,20,0,0,0,0,38,0,22277,1,1,1,26.0,8,-761,460,1221,4.8,False,0,0,2,0.1022822856903076,90,Wolverhampton Wanderers,Brentford,1,1,26978,2024,730084,0.4194124639034271,1,1,0,0.1022822856903076,1.5715562105178833,1.0498614311218262,Brentford,3,3,38,4.2,MID,0.0,0.04,0.36,0.32,0.99,3.0,0.0,4.6,15.2,3.4,27.0,90.0,0.0,0.0,0.0,0.0,1.0,0.0,1.0,3.0,2.0,4.0,0.0,2.0,0.3,0.0,1.0,0.0,0.0,0.0,0.3,1.35,1.04,3.2,0.33,0.12,0.3,0.18,1.16,2.0,0.0,4.87,19.07,9.3,20.0,90.0,0.0,0.0,0.0,0.0,0.67,0.0,1.0,2.33,2.0,3.67,0.0,1.0,0.29,0.17,0.67,0.33,0.33,0.0,0.29,0.64,0.53,3.83,0.4,0.08,0.29,0.21,1.18,1.6,0.2,4.9,21.28,8.96,18.6,90.0,0.0,0.0,0.0,0.0,0.6,0.0,1.0,2.2,2.0,4.0,0.2,1.4,0.3,0.11,0.4,0.2,0.4,0.2,0.3,0.41,0.34,2.94,-815.0,-0.4527067221891731,5.0,0.353,0.258,0.389,,,0.2962346223730034,0.0708391776371779,1,0.0,2.6936906447765505,Christian Nørgaard,Christian Nørgaard,Brentford
1891,0,0,4,0,0.0,283,0.0,0.0,0.0,1.01,373,3,0,2.4,23.8,2025-05-25,90,0,0,0,0,0,0,0,False,19,0,0,0,0,38,3,18598,1,3,1,0.0,2,-104,213,317,4.3,True,0,0,0,0.0,90,Ipswich,West Ham,1,3,26980,2024,729999,0.0,0,0,0,0.0,0.0,0.0,Ipswich,2,2,38,0.0,GK,0.0,0.0,0.0,0.0,1.98,4.0,0.0,1.5,15.2,0.0,0.0,90.0,0.0,0.0,0.0,0.0,0.0,2.0,1.0,1.0,4.0,0.0,0.0,0.0,0.0,0.0,0.0,0.0,0.0,0.0,0.0,0.0,0.0,-0.2,0.0,0.0,0.0,0.0,1.99,4.0,0.0,2.17,21.67,0.0,0.0,90.0,0.0,0.0,0.0,0.0,0.0,2.67,1.0,3.0,1.33,0.67,0.0,0.0,0.0,0.0,0.0,0.0,0.0,0.0,0.0,0.05,0.05,0.73,0.2,0.0,0.0,0.0,2.04,2.8,0.0,2.42,22.24,2.0,0.0,90.0,0.0,0.0,0.0,0.0,0.0,2.8,1.0,2.2,1.6,2.4,0.0,0.0,0.0,0.0,0.0,0.0,0.2,0.0,0.0,0.04,0.03,0.98,-4024.0,-0.1962264150943396,2.0,0.317,0.25,0.432,2.98539211976828,1.4176557840033328,,,0,0.0,2.286,Christian Walton,Christian Walton,Ipswich
1953,1,2,27,0,35.6,321,0.2,0.26,0.06,1.75,374,1,0,8.6,23.4,2025-05-25,90,0,0,0,0,0,0,0,False,7,0,0,0,0,38,0,623622,1,1,1,27.0,7,45032,59650,14618,7.2,True,0,0,2,0.032586719840765,90,Liverpool,Crystal Palace,1,1,26975,2024,730165,0.9272403120994568,1,3,0,0.032586719840765,1.0343644618988037,0.0876807942986488,Liverpool,3,5,38,6.0,FWD,0.0,0.37,0.46,0.09,1.01,1.0,0.0,3.2,5.8,11.1,15.0,62.0,0.0,0.0,0.0,0.0,0.0,0.0,1.0,2.0,3.0,2.0,0.0,2.0,0.13,0.68,0.0,0.0,1.0,0.0,0.13,0.87,0.05,6.0,0.0,0.21,0.45,0.24,1.87,1.67,0.33,5.37,15.6,11.57,26.33,72.33,0.0,0.0,0.0,0.0,0.0,0.0,1.0,1.67,2.67,4.33,0.33,1.67,0.25,0.23,0.0,0.0,0.67,0.33,0.25,0.93,0.45,4.87,0.0,0.16,0.39,0.23,1.23,1.2,0.4,6.5,19.76,15.72,29.4,68.6,0.0,0.0,0.0,0.0,0.2,0.0,1.0,1.4,2.6,4.2,0.4,2.2,0.3,0.22,0.0,0.0,1.0,0.4,0.3,1.07,0.58,3.42,49263.0,0.6063445898637367,5.0,0.677,0.158,0.165,,,0.2753010468821542,0.2404028967056375,0,,3.822412877645529,Cody Gakpo,Cody Gakpo,Liverpool
1990,0,0,15,1,28.0,182,0.47,0.48,0.01,1.35,377,0,0,7.0,17.0,2025-05-25,90,0,0,0,0,0,0,0,False,16,0,0,0,0,38,0,3937680,1,1,0,25.0,3,-87438,56145,143583,10.5,False,0,0,1,0.0309273600578308,90,Nottingham Forest,Chelsea,0,1,26972,2024,729993,0.5579290390014648,0,2,0,0.0309273600578308,0.5888563990592957,0.0,Chelsea,3,4,38,3.7,MID,1.0,0.27,0.33,0.06,0.29,0.0,0.0,5.3,14.6,27.6,11.0,90.0,0.0,0.0,0.0,0.0,1.0,0.0,1.0,0.0,1.0,2.0,0.0,2.0,0.05,0.76,0.0,0.0,2.0,0.0,0.05,1.12,0.31,4.2,0.33,0.29,0.76,0.47,0.97,1.0,0.33,8.23,25.53,30.23,26.67,90.0,0.0,0.0,0.0,0.0,0.33,0.0,1.0,0.33,2.0,4.67,0.33,3.33,0.49,0.62,0.0,0.0,2.33,0.0,0.23,1.2,0.35,3.9,0.4,0.19,0.49,0.3,0.72,0.8,0.2,6.64,19.92,27.18,19.4,90.0,0.0,0.0,0.0,0.0,0.2,0.0,1.0,0.6,1.6,3.8,0.2,2.4,0.31,0.39,0.0,0.0,2.0,0.0,0.15,0.79,0.25,2.98,-111183.0,-0.4377853881278539,3.0,0.316,0.253,0.431,,,0.1692090155314545,0.1501580781008293,0,0.0,3.2965193119597607,Cole Palmer,Cole Palmer,Chelsea
2009,0,0,4,0,4.6,313,0.02,0.02,0.0,1.19,374,1,0,1.4,5.4,2025-05-25,45,0,0,0,0,0,0,0,False,7,0,0,0,0,38,0,138462,1,1,1,4.0,1,18752,22259,3507,4.7,True,0,0,0,0.0,47,Liverpool,Crystal Palace,1,1,26975,2024,730157,0.0,0,0,0,0.0,0.0996681973338127,0.0996681973338127,Liverpool,3,5,38,2.8,DEF,0.0,0.82,0.93,0.11,1.35,2.0,0.0,7.1,36.0,21.2,14.0,76.0,0.0,0.0,0.0,0.0,0.0,0.0,1.0,2.0,3.0,4.0,0.0,1.0,0.1,1.31,1.0,1.0,2.0,0.0,0.1,1.66,0.24,2.5,0.0,0.28,0.31,0.04,1.42,1.33,0.0,2.97,15.53,7.63,6.67,58.33,0.0,0.0,0.0,0.0,0.33,0.0,0.67,1.67,2.67,2.0,0.0,0.33,0.03,0.44,0.33,0.33,0.67,0.0,0.03,0.58,0.11,2.63,0.4,0.22,0.27,0.04,1.13,0.8,0.0,3.68,14.28,12.18,10.4,62.4,0.0,0.0,0.0,0.0,0.4,0.0,0.8,1.4,2.0,4.0,0.0,0.6,0.04,0.31,0.2,0.2,1.0,0.0,0.04,0.75,0.45,2.78,22444.0,0.7277807963983545,1.0,0.677,0.158,0.165,,0.7531375885009766,0.0307276339327879,-5.972489169892015e-10,0,0.0,0.8073658018049807,Conor Bradley,Conor Bradley,Liverpool
2031,0,0,5,0,4.3,265,0.05,0.29,0.24,0.94,373,2,0,1.8,1.0,2025-05-25,69,0,0,0,0,0,0,0,False,19,0,0,0,0,38,0,8333,1,3,1,13.0,2,2,82,80,5.1,True,0,0,2,0.1751895546913147,72,Ipswich,West Ham,1,3,26980,2024,730007,0.0,0,0,0,0.1751895546913147,0.1428877562284469,0.0564035736024379,Ipswich,2,2,38,0.7,MID,0.0,0.0,0.1,0.1,0.07,0.0,0.0,1.2,4.2,0.7,7.0,19.0,0.0,0.0,0.0,0.0,0.0,0.0,0.0,0.0,2.0,1.0,0.0,2.0,0.11,0.0,0.0,0.0,0.0,0.0,0.11,0.05,0.0,1.0,0.0,0.01,0.04,0.03,0.41,1.0,0.0,1.43,2.67,8.67,3.0,47.33,0.0,0.0,0.0,0.0,0.33,0.0,0.67,1.0,1.33,1.0,0.0,0.67,0.04,0.01,0.0,0.0,0.67,0.0,0.04,0.08,0.05,0.6,0.0,0.0,0.02,0.02,0.31,0.8,0.0,0.88,1.6,5.46,1.8,32.4,0.0,0.0,0.0,0.0,0.2,0.0,0.4,1.4,1.4,1.0,0.0,0.4,0.02,0.01,0.0,0.0,0.4,0.0,0.02,0.05,0.03,0.16,13.0,0.0123456790123456,2.0,0.317,0.25,0.432,,,0.0989022766935614,-5.689893001203925e-10,0,0.0,1.494511381760839,Conor Chaplin,Conor Chaplin,Ipswich
2053,0,0,1,0,0.3,288,0.0,0.0,0.0,1.79,371,2,0,0.9,8.4,2025-05-25,90,0,0,0,0,0,0,0,False,3,0,0,0,0,38,0,56820,1,0,2,0.0,0,4275,9497,5222,4.0,False,1,0,0,0.0,90,Bournemouth,Leicester,2,0,26979,2024,730050,0.0,0,0,0,0.0,0.0343493744730949,0.0343493744730949,Leicester,1,3,38,5.0,DEF,1.0,0.0,0.0,0.0,1.41,0.0,0.0,3.1,31.0,0.3,0.0,90.0,0.0,0.0,0.0,0.0,0.0,0.0,1.0,0.0,2.0,7.0,0.0,0.0,0.0,0.0,0.0,0.0,0.0,0.0,0.0,0.4,0.4,5.8,0.67,0.0,0.14,0.14,1.08,0.67,0.33,4.5,33.07,0.33,11.67,90.0,0.0,0.0,0.0,0.0,0.0,0.0,1.0,0.67,2.0,7.33,0.33,0.33,0.18,0.0,0.0,0.0,0.0,0.33,0.18,0.66,0.48,4.03,0.4,0.0,0.1,0.1,1.57,1.2,0.2,4.02,28.56,0.42,11.2,90.0,0.0,0.0,0.0,0.0,0.0,0.0,1.0,0.6,1.8,5.0,0.2,0.4,0.13,0.0,0.0,0.0,0.0,0.2,0.13,0.44,0.33,2.32,4435.0,0.2904409266933895,0.0,0.709,0.18,0.111,,1.6228013038635254,3.9846503874230166e-10,-5.972489169892015e-10,0,0.0,1.1890000005990435,Conor Coady,Conor Coady,Leicester
2144,0,0,13,0,20.5,324,0.05,0.08,0.03,1.75,374,1,0,4.1,16.0,2025-05-25,90,0,0,0,0,0,0,0,False,7,0,0,0,0,38,0,28254,1,1,1,4.0,2,5,364,359,5.3,True,0,0,1,0.0182196199893951,90,Liverpool,Crystal Palace,1,1,26975,2024,730162,0.0191345978528261,0,1,0,0.0182196199893951,0.5398277640342712,0.5216081142425537,Liverpool,3,5,38,2.8,MID,0.0,0.02,0.08,0.06,1.19,2.0,0.0,2.6,3.4,11.9,11.0,27.0,0.0,0.0,0.0,0.0,0.0,0.0,0.0,2.0,3.0,1.0,0.0,1.0,0.08,0.01,0.0,0.0,1.0,0.0,0.08,0.1,0.01,2.5,0.0,0.03,0.08,0.05,1.93,2.0,0.0,3.37,11.4,10.13,12.0,61.0,0.0,0.0,0.0,0.0,0.0,0.0,0.67,1.67,2.67,1.67,0.0,0.67,0.07,0.01,0.0,0.0,0.67,0.0,0.07,0.45,0.37,2.27,0.0,0.02,0.06,0.04,1.17,1.2,0.0,2.14,7.12,6.28,8.0,41.2,0.0,0.0,0.0,0.0,0.0,0.0,0.4,1.4,2.6,1.4,0.0,0.8,0.05,0.01,0.0,0.0,0.4,0.0,0.05,0.3,0.25,2.1,26.0,0.0069156293222683,2.0,0.677,0.158,0.165,,,0.0138432242602022,0.0776041377553149,0,0.0,2.3020285345669556,Curtis Jones,Curtis Jones,Liverpool
2178,0,0,16,0,5.3,205,0.01,0.01,0.0,2.17,374,1,0,1.4,6.8,2025-05-25,90,0,0,0,0,0,0,0,False,12,0,0,0,0,38,0,11984,1,1,1,2.0,2,14,102,88,5.1,False,0,0,0,0.0,90,Liverpool,Crystal Palace,1,1,26975,2024,730178,0.0,0,0,0,0.0,0.6564021110534668,0.6564021110534668,Crystal Palace,3,5,38,0.2,MID,0.0,0.02,0.02,0.0,0.3,0.0,0.0,0.7,2.8,4.3,0.0,19.0,0.0,0.0,0.0,0.0,0.0,0.0,0.0,2.0,4.0,1.0,0.0,0.0,0.0,0.0,0.0,0.0,0.0,0.0,0.0,0.04,0.04,1.0,0.0,0.05,0.09,0.04,0.39,0.33,0.0,1.83,6.6,7.03,4.67,44.67,0.0,0.0,0.0,0.0,0.33,0.0,0.33,1.67,1.67,1.0,0.0,1.0,0.02,0.07,0.0,0.0,0.33,0.0,0.02,0.32,0.24,0.97,0.0,0.04,0.08,0.04,0.49,0.6,0.0,2.32,7.6,10.46,5.0,47.8,0.0,0.0,0.0,0.0,0.2,0.0,0.4,1.4,1.4,1.2,0.0,0.8,0.03,0.13,0.0,0.0,0.6,0.0,0.03,0.21,0.14,1.22,39.0,0.0736842105263157,2.0,0.677,0.158,0.165,,,0.0108813532257008,-5.689893001203925e-10,1,0.0,0.054406764421536025,Daichi Kamada,Daichi Kamada,Crystal Palace
2215,0,0,12,0,2.4,395,0.01,0.01,0.0,0.99,376,1,0,3.3,30.8,2025-05-25,90,0,0,0,0,0,0,0,False,8,0,0,0,0,38,0,1474792,1,1,0,0.0,2,126513,140435,13922,4.6,True,0,0,0,0.0,90,Newcastle United,Everton,0,1,26973,2024,730253,0.0,0,0,0,0.0,0.086127370595932,0.086127370595932,Newcastle United,3,4,38,4.5,DEF,0.0,0.02,0.2,0.18,0.64,1.0,0.0,5.3,18.2,1.9,33.0,90.0,0.0,0.0,0.0,0.0,1.0,0.0,1.0,0.0,1.0,1.0,0.0,1.0,0.13,0.0,0.0,0.0,0.0,0.0,0.13,0.1,0.1,6.3,0.33,0.01,0.1,0.09,0.67,0.67,0.0,5.0,25.2,4.93,20.0,90.0,0.0,0.0,0.0,0.0,0.33,0.0,1.0,0.33,1.33,4.67,0.0,1.0,0.07,0.01,0.33,0.33,0.33,0.0,0.07,0.12,0.12,5.7,0.4,0.01,0.15,0.14,0.88,1.2,0.2,5.26,26.36,5.82,20.6,90.0,0.2,0.0,0.0,0.0,0.4,0.0,1.0,0.4,2.2,5.0,0.2,1.2,0.22,0.02,0.2,0.2,0.4,0.2,0.22,0.25,0.24,4.04,152915.0,0.8196129751161269,2.0,0.715,0.173,0.112,,0.5315771102905273,3.9846503874230166e-10,-5.972489169892015e-10,0,0.0,1.7340000005990435,Dan Burn,Dan Burn,Newcastle
2270,0,0,-1,0,0.8,69,0.0,0.09,0.09,0.02,371,0,0,1.1,2.2,2025-05-25,27,0,0,0,0,0,0,0,False,11,0,0,0,0,38,0,122997,0,0,2,8.0,1,4073,6332,2259,4.5,True,0,0,1,0.3027272522449493,23,Bournemouth,Leicester,2,0,26979,2024,730045,0.0,0,0,0,0.3027272522449493,0.3027272522449493,0.0,Bournemouth,1,3,38,2.7,FWD,0.0,0.0,0.29,0.29,0.08,1.0,1.0,5.1,33.0,0.5,17.0,7.0,0.0,0.0,0.0,0.0,0.0,0.0,0.0,1.0,3.0,6.0,1.0,1.0,0.3,0.0,0.0,0.0,0.0,1.0,0.3,0.3,0.0,1.7,0.0,0.0,0.25,0.25,0.07,0.33,0.33,1.93,11.67,0.17,8.0,4.0,0.0,0.0,0.0,0.0,0.0,0.0,0.0,1.33,1.33,2.67,0.33,0.67,0.33,0.0,0.0,0.0,0.0,0.33,0.33,0.42,0.1,0.67,0.0,0.0,0.15,0.15,0.04,0.2,0.2,1.18,7.2,0.16,4.8,2.8,0.0,0.0,0.0,0.0,0.0,0.0,0.0,1.4,1.4,2.0,0.2,0.4,0.2,0.0,0.0,0.0,0.0,0.2,0.2,0.25,0.06,0.7,4877.0,0.4741008031661041,1.0,0.709,0.18,0.111,,,0.0291789652336067,0.0020754530276418,0,,1.1229422200173522,Daniel Jebbison,Daniel Jebbison,Bournemouth
2307,0,0,1,0,0.8,211,0.01,0.01,0.0,2.17,374,1,0,2.0,17.0,2025-05-25,90,0,0,0,0,0,0,0,False,12,0,0,0,0,38,0,2183550,1,1,1,2.0,2,-147919,33126,181045,5.2,False,0,0,0,0.0,90,Liverpool,Crystal Palace,1,1,26975,2024,730176,0.0,0,0,0,0.0,0.7806335687637329,0.7806335687637329,Crystal Palace,3,5,38,2.8,DEF,0.0,0.05,0.1,0.05,1.52,2.0,0.0,5.1,14.2,22.5,14.0,90.0,0.0,0.0,0.0,0.0,0.0,0.0,1.0,2.0,4.0,1.0,0.0,1.0,0.13,0.11,0.0,0.0,2.0,0.0,0.13,0.83,0.59,4.3,0.33,0.13,0.25,0.12,0.97,1.0,0.0,8.0,27.07,28.87,24.0,90.0,0.0,0.0,0.0,0.0,0.33,0.0,1.0,1.67,1.67,4.33,0.0,1.67,0.13,0.27,0.33,0.33,2.33,0.0,0.13,0.63,0.29,2.8,0.4,0.19,0.3,0.11,0.97,1.0,0.0,6.62,21.64,26.2,18.4,90.0,0.0,0.0,0.0,0.0,0.4,0.0,1.0,1.4,1.4,3.8,0.0,1.2,0.11,0.32,0.2,0.2,2.0,0.0,0.11,0.45,0.19,3.28,-184518.0,-0.6906583991296674,2.0,0.677,0.158,0.165,,1.371847152709961,0.0011580394263235,-5.972489169892015e-10,0,0.0,1.3209482347661945,Daniel Muñoz,Daniel Muñoz,Crystal Palace
2392,0,0,6,0,14.4,316,0.02,0.56,0.54,0.53,374,0,0,4.4,10.4,2025-05-25,29,0,0,0,0,0,0,0,False,7,0,0,0,0,38,0,219206,0,1,1,19.0,1,407,1972,1565,7.0,True,0,0,1,0.2663877308368683,28,Liverpool,Crystal Palace,1,1,26975,2024,730169,0.0134521219879388,0,1,0,0.2663877308368683,0.2798398435115814,0.0,Liverpool,3,5,38,2.0,FWD,0.0,0.04,0.04,0.0,1.19,2.0,0.0,0.9,0.0,1.4,8.0,27.0,0.0,0.0,0.0,0.0,0.0,0.0,0.0,2.0,3.0,1.0,0.0,0.0,0.0,0.0,0.0,0.0,0.0,0.0,0.0,0.63,0.63,2.0,0.0,0.02,0.12,0.1,1.17,1.33,0.0,1.37,1.4,4.27,8.0,27.33,0.0,0.0,0.0,0.0,0.0,0.0,0.0,1.67,2.67,1.0,0.0,0.33,0.13,0.01,0.0,0.0,0.33,0.0,0.13,0.44,0.31,1.43,0.0,0.02,0.08,0.06,0.72,0.8,0.0,1.0,1.04,2.82,6.2,22.4,0.0,0.0,0.0,0.0,0.0,0.0,0.0,1.6,3.2,1.0,0.0,0.4,0.09,0.0,0.0,0.0,0.2,0.0,0.09,0.31,0.22,1.16,642.0,0.1150692677410234,1.0,0.677,0.158,0.165,,,0.161718146744801,0.0627463517677073,0,,1.835111642282326,Darwin Núñez Ribeiro,Darwin Núñez,Liverpool
2421,0,0,10,1,29.8,62,0.19,0.57,0.38,0.25,371,0,0,9.9,10.6,2025-05-25,62,0,0,0,0,0,0,0,False,11,0,0,0,0,38,0,3601,1,0,2,59.0,3,62,133,71,4.9,True,0,0,3,0.428487479686737,67,Bournemouth,Leicester,2,0,26979,2024,730038,0.041837278753519,0,2,0,0.428487479686737,0.5015317797660828,0.073044329881668,Bournemouth,1,3,38,2.0,MID,0.0,0.03,0.03,0.0,0.27,1.0,0.0,0.9,3.8,2.8,2.0,45.0,0.0,0.0,0.0,0.0,0.0,0.0,0.0,1.0,3.0,1.0,0.0,0.0,0.0,0.0,0.0,0.0,0.0,0.0,0.0,0.07,0.07,0.3,0.0,0.06,0.06,0.0,0.13,0.33,0.0,1.87,5.2,11.27,2.0,27.0,0.0,0.0,0.0,0.0,0.0,0.0,0.0,1.33,1.33,1.0,0.0,0.0,0.0,0.03,0.0,0.0,0.67,0.0,0.0,0.15,0.12,0.2,0.0,0.07,0.07,0.0,0.19,0.4,0.0,2.12,5.08,14.34,1.6,25.0,0.0,0.0,0.0,0.0,0.0,0.0,0.0,1.2,1.2,1.0,0.0,0.0,0.0,0.04,0.0,0.0,1.0,0.0,0.0,0.12,0.09,0.58,79.0,0.3039215686274509,3.0,0.709,0.18,0.111,,,0.2223558746050908,0.151794808749768,0,0.0,2.567163799274758,David Brooks,David Brooks,Bournemouth
2459,0,0,6,0,0.0,15,0.0,0.0,0.0,0.63,378,1,0,1.1,11.0,2025-05-25,90,0,0,0,0,0,0,0,False,17,0,0,0,0,38,1,3793985,1,2,1,0.0,2,240286,253183,12897,5.6,False,0,0,0,0.0,90,Southampton,Arsenal,1,2,26977,2024,730108,0.0,0,0,0,0.0,0.3755010366439819,0.3755010366439819,Arsenal,5,1,38,4.5,GK,1.0,0.01,0.01,0.0,1.86,0.0,0.0,4.1,31.0,10.0,0.0,90.0,0.0,0.0,0.0,0.0,1.0,5.0,1.0,0.0,1.0,7.0,0.0,0.0,0.0,0.09,0.0,0.0,1.0,0.0,0.0,0.09,0.0,3.8,0.33,0.01,0.01,0.0,1.8,1.33,0.0,2.3,19.67,3.33,0.0,90.0,0.0,0.0,0.0,0.0,0.33,2.67,1.0,1.33,1.33,3.33,0.0,0.0,0.0,0.03,0.0,0.0,0.33,0.0,0.0,0.11,0.08,3.27,0.4,0.0,0.0,0.0,1.46,1.2,0.0,1.88,16.68,2.0,0.0,90.0,0.0,0.0,0.0,0.0,0.2,2.0,1.0,2.0,1.2,3.4,0.0,0.0,0.0,0.02,0.0,0.0,0.2,0.0,0.0,0.15,0.13,5.04,299943.0,0.9030592303066748,2.0,0.112,0.158,0.73,1.1029829147448815,0.4515328866944379,,,0,1.0,6.142,David Raya Martin,David Raya,Arsenal
2497,0,0,10,0,10.0,201,0.0,0.0,0.0,2.17,374,1,0,2.9,19.2,2025-05-25,90,0,0,0,0,0,0,0,False,12,0,0,0,0,38,2,1332006,1,1,1,0.0,2,-57751,7604,65355,4.6,False,0,0,0,0.0,90,Liverpool,Crystal Palace,1,1,26975,2024,730172,0.0,0,0,0,0.0,0.0886734426021575,0.0886734426021575,Crystal Palace,3,5,38,2.0,GK,0.0,0.0,0.0,0.0,1.52,2.0,0.0,1.0,10.0,0.0,0.0,90.0,0.0,0.0,0.0,0.0,0.0,1.0,1.0,2.0,4.0,1.0,0.0,0.0,0.0,0.0,0.0,0.0,0.0,0.0,0.0,0.0,0.0,3.3,0.33,0.0,0.0,0.0,0.97,1.0,0.0,1.53,15.2,0.0,0.0,90.0,0.0,0.0,0.0,0.0,0.0,2.0,1.0,1.67,1.67,3.33,0.0,0.0,0.0,0.0,0.0,0.0,0.0,0.0,0.0,0.2,0.2,3.27,0.4,0.0,0.0,0.0,0.97,1.0,0.0,1.88,18.8,0.0,0.0,90.0,0.0,0.0,0.0,0.0,0.0,2.4,1.0,1.4,1.4,4.0,0.0,0.0,0.0,0.0,0.0,0.0,0.0,0.0,0.0,0.14,0.14,3.8,-68267.0,-0.7915541605559286,2.0,0.677,0.158,0.165,2.4285619922226496,0.864390575430805,,,0,0.0,2.378,Dean Henderson,Dean Henderson,Crystal Palace
2529,1,0,13,0,10.8,580,0.01,0.01,0.0,0.02,371,0,0,3.0,19.4,2025-05-25,12,0,0,0,0,0,0,0,False,11,0,0,0,0,38,0,579328,0,0,2,0.0,4,61395,75263,13868,4.5,True,0,0,0,0.0,8,Bournemouth,Leicester,2,0,26979,2024,730043,0.0480207428336143,1,1,0,0.0,0.0480207428336143,0.0,Bournemouth,1,3,38,3.7,DEF,0.0,0.02,0.02,0.0,1.6,3.0,0.0,3.1,26.0,5.3,0.0,90.0,0.0,0.0,0.0,0.0,1.0,0.0,1.0,1.0,3.0,0.0,0.0,0.0,0.0,0.0,0.0,0.0,0.0,0.0,0.0,0.44,0.44,2.0,0.0,0.02,0.07,0.05,1.33,1.67,0.33,4.97,34.8,3.87,11.0,90.0,0.0,0.0,0.0,0.0,0.67,0.0,1.0,1.33,1.33,3.0,0.33,0.33,0.1,0.0,0.0,0.0,0.0,0.33,0.1,0.55,0.44,3.83,0.2,0.02,0.06,0.04,1.38,1.2,0.2,4.62,32.84,5.88,7.6,90.0,0.0,0.0,0.0,0.0,0.6,0.0,1.0,1.0,1.0,3.6,0.2,0.6,0.07,0.01,0.0,0.0,0.2,0.2,0.07,0.39,0.32,3.26,71181.0,0.6888175831080096,4.0,0.709,0.18,0.111,,0.9927600622177124,3.9846503874230166e-10,0.0291778291081077,0,0.0,1.5915334897151134,Dean Huijsen,Dean Huijsen,Bournemouth
2564,0,0,15,0,41.6,16,0.07,0.22,0.16,0.63,378,1,0,9.1,24.2,2025-05-25,90,0,0,0,0,0,0,0,False,17,0,0,0,0,38,0,489653,1,2,1,25.0,2,96256,102853,6597,6.3,False,0,0,2,0.4369042813777923,90,Southampton,Arsenal,1,2,26977,2024,730114,0.1396893560886383,0,3,0,0.4369042813777923,1.1654757261276243,0.6143312454223633,Arsenal,5,1,38,7.0,MID,1.0,0.02,0.11,0.09,1.86,0.0,1.0,7.2,52.2,5.5,14.0,90.0,0.0,0.0,0.0,0.0,0.0,0.0,1.0,0.0,1.0,11.0,1.0,2.0,0.05,0.0,0.0,0.0,0.0,1.0,0.05,0.13,0.08,5.4,0.33,0.06,0.31,0.26,1.46,1.0,0.67,6.23,31.67,12.67,18.0,84.33,0.0,0.0,0.0,0.0,0.33,0.0,1.0,1.33,1.33,7.0,0.67,2.33,0.29,0.03,0.0,0.0,0.67,0.67,0.29,0.52,0.22,6.93,0.4,0.08,0.24,0.16,0.95,0.8,0.4,7.0,31.36,21.94,16.6,79.8,0.0,0.0,0.0,0.0,0.2,0.0,1.0,1.8,1.0,6.6,0.4,1.6,0.18,0.13,0.4,0.4,1.4,0.4,0.18,0.55,0.3,5.94,109419.0,0.87945180447693,2.0,0.112,0.158,0.73,,,0.1397269857780898,0.2679659542397441,0,0.0,3.5025327916096813,Declan Rice,Declan Rice,Arsenal
2621,0,0,-10,0,0.9,505,0.0,0.0,0.0,2.27,379,4,0,0.8,7.4,2025-05-25,90,0,0,0,0,0,0,0,False,5,0,0,0,0,38,0,167374,1,4,1,0.0,0,-87,1089,1176,4.8,True,0,0,0,0.0,90,Tottenham,Brighton,1,4,26976,2024,730128,0.0,0,0,0,0.0,0.5208076238632202,0.5208076238632202,Tottenham,3,3,38,0.0,DEF,0.0,0.06,0.06,0.0,2.28,5.0,0.0,2.9,15.2,11.3,2.0,90.0,1.0,0.0,0.0,0.0,0.0,0.0,1.0,1.0,5.0,-2.0,0.0,0.0,0.0,0.09,0.0,0.0,1.0,0.0,0.0,0.0,0.0,0.0,0.0,0.04,0.04,0.0,1.45,2.67,0.0,3.73,19.73,13.57,4.0,90.0,0.33,0.0,0.0,0.0,0.0,0.0,1.0,0.33,2.67,0.33,0.0,0.0,0.0,0.08,0.0,0.0,1.0,0.0,0.0,0.07,0.02,0.77,0.0,0.02,0.02,0.0,1.3,1.8,0.0,2.66,15.24,8.46,2.8,67.8,0.2,0.0,0.0,0.0,0.0,0.0,0.8,0.8,2.0,0.8,0.0,0.0,0.0,0.05,0.0,0.0,0.6,0.0,0.0,0.06,0.03,0.76,-1003.0,-0.03841059602649,0.0,0.225,0.218,0.556,,0.7776193618774414,3.9846503874230166e-10,-5.972489169892015e-10,0,1.0,5.611000000599043,Destiny Udogie,Iyenoma Destiny Udogie,Spurs
2664,0,0,5,0,1.8,369,0.0,0.02,0.02,0.03,375,0,0,0.4,0.0,2025-05-25,25,0,0,0,0,0,0,0,False,2,0,0,0,0,38,0,536144,0,0,2,3.0,1,-5413,1181,6594,5.0,True,0,0,1,0.0170159693807363,32,Manchester United,Aston Villa,2,0,26974,2024,730230,0.0,0,0,0,0.0170159693807363,0.0,0.0,Manchester United,3,3,38,0.2,DEF,0.0,0.03,0.03,0.0,0.12,1.0,0.0,2.0,7.6,12.3,0.0,31.0,0.0,0.0,0.0,0.0,0.0,0.0,0.0,1.0,0.0,1.0,0.0,0.0,0.0,0.01,0.0,0.0,1.0,0.0,0.0,0.18,0.16,2.8,0.33,0.08,0.08,0.0,0.93,1.67,0.0,4.17,18.07,19.4,4.0,70.33,0.0,0.0,0.0,0.0,0.33,0.0,0.67,0.67,1.33,3.0,0.0,0.0,0.0,0.08,0.33,0.33,1.33,0.0,0.0,0.24,0.18,2.77,0.4,0.1,0.12,0.02,0.89,1.2,0.0,5.18,19.84,24.36,7.6,78.2,0.0,0.0,0.0,0.0,0.2,0.0,0.8,1.0,1.0,4.4,0.0,0.4,0.01,0.08,0.4,0.4,1.6,0.0,0.01,0.29,0.22,3.7,-98191.0,-0.6962057877813504,1.0,0.218,0.225,0.556,,1.266190528869629,0.0326449072097947,-5.972489169892015e-10,0,0.0,1.5628694414670217,Diogo Dalot Teixeira,Diogo Dalot,Man Utd
2690,0,0,-3,0,1.7,317,0.0,0.33,0.33,0.53,374,0,0,1.2,0.0,2025-05-25,28,0,0,0,0,0,0,0,False,7,0,0,0,0,38,0,298087,0,1,1,11.0,1,-2645,1478,4123,7.2,True,0,0,2,0.4794036746025085,27,Liverpool,Crystal Palace,1,1,26975,2024,730168,0.0,0,0,0,0.4794036746025085,0.7017797827720642,0.2989744544029236,Liverpool,3,5,38,1.8,MID,0.0,0.0,0.09,0.09,0.1,0.0,0.0,0.3,0.0,0.5,4.0,11.0,0.0,0.0,0.0,0.0,0.0,0.0,0.0,2.0,2.0,1.0,0.0,1.0,0.08,0.0,0.0,0.0,0.0,0.0,0.08,0.08,0.0,1.0,0.0,0.0,0.11,0.11,0.6,0.67,0.0,0.73,1.07,1.03,8.0,30.0,0.0,0.0,0.0,0.0,0.0,0.0,0.33,1.33,3.33,1.0,0.0,1.33,0.1,0.0,0.0,0.0,0.0,0.0,0.1,0.14,0.05,1.0,0.0,0.0,0.16,0.16,0.55,0.4,0.0,1.2,1.04,3.52,9.8,35.8,0.0,0.0,0.0,0.0,0.0,0.0,0.4,1.2,2.4,1.0,0.0,1.6,0.31,0.01,0.0,0.0,0.2,0.0,0.31,0.25,0.05,1.46,-4708.0,-0.4722371005177647,1.0,0.677,0.158,0.165,,,0.1114607528092115,-5.689893001203925e-10,0,0.0,1.5573037623390897,Diogo Teixeira da Silva,Diogo Jota,Liverpool
2716,0,0,-6,0,0.3,504,0.0,0.0,0.0,0.81,379,2,0,0.0,0.0,2025-05-25,7,0,0,0,0,0,0,0,False,5,0,0,0,0,38,0,82767,0,4,1,0.0,0,-4152,867,5019,4.4,True,0,0,0,0.0,6,Tottenham,Brighton,1,4,26976,2024,730138,0.0,0,0,0,0.0,0.0,0.0,Tottenham,3,3,38,1.0,DEF,0.0,0.01,0.01,0.0,1.39,2.0,0.0,1.4,11.4,2.1,0.0,90.0,0.0,0.0,0.0,0.0,0.0,0.0,1.0,0.0,2.0,1.0,0.0,0.0,0.0,0.0,0.0,0.0,0.0,0.0,0.0,0.0,0.0,1.0,0.0,0.01,0.01,0.0,1.87,1.67,0.0,2.53,17.87,6.67,0.67,90.0,0.0,0.0,0.0,0.0,0.0,0.0,1.0,1.0,1.0,1.33,0.0,0.0,0.0,0.02,0.0,0.0,0.33,0.0,0.0,0.31,0.31,0.73,0.0,0.02,0.03,0.02,1.68,2.4,0.0,2.16,13.84,5.68,2.0,90.0,0.0,0.0,0.0,0.0,0.0,0.0,1.0,1.2,1.8,1.0,0.0,0.4,0.01,0.01,0.0,0.0,0.2,0.0,0.01,0.38,0.37,0.58,-4382.0,-0.7054026503567788,0.0,0.225,0.218,0.556,,1.279871702194214,0.0039391688431151,0.0011246109477824,0,0.0,1.3870088459020375,Djed Spence,Djed Spence,Spurs
2742,0,0,1,0,0.0,220,0.0,0.33,0.33,0.32,376,0,0,2.3,2.0,2025-05-25,2,0,0,0,0,0,0,0,False,15,0,0,0,0,38,0,120085,0,1,0,21.0,1,-224,746,970,5.4,False,0,0,2,0.4427803754806518,1,Newcastle United,Everton,0,1,26973,2024,730278,0.0,0,0,0,0.4427803754806518,0.4427803754806518,0.0,Everton,3,4,38,0.5,FWD,0.0,0.0,0.0,0.0,0.87,0.0,0.0,0.6,4.2,0.1,2.0,15.0,0.0,0.0,0.0,0.0,0.0,0.0,0.0,0.0,2.0,1.0,0.0,0.0,0.0,0.0,0.0,0.0,0.0,0.0,0.0,0.0,0.0,1.3,0.0,0.0,0.05,0.05,0.43,0.33,0.0,1.1,2.4,0.47,8.33,9.67,0.0,0.0,0.0,0.0,0.0,0.0,0.0,1.67,1.67,1.0,0.0,0.67,0.1,0.0,0.0,0.0,0.0,0.0,0.1,0.08,0.0,0.77,0.0,0.01,0.22,0.21,0.5,0.6,0.2,2.9,8.44,3.34,17.4,26.2,0.0,0.0,0.0,0.0,0.2,0.0,0.4,1.6,1.6,1.8,0.2,1.6,0.37,0.02,0.0,0.0,0.2,0.2,0.37,0.33,0.04,0.9,-274.0,-0.1305361305361305,1.0,0.715,0.173,0.112,,,0.1842543826435063,0.000764007784797,0,,1.7393095539284162,Dominic Calvert-Lewin,Dominic Calvert-Lewin,Everton
2769,0,1,32,0,0.3,82,0.0,0.79,0.79,1.32,379,2,1,6.3,45.2,2025-05-25,65,0,0,0,0,0,0,0,False,5,0,0,0,0,38,0,537355,1,4,1,17.0,7,7554,13262,5708,7.3,True,0,1,1,0.7611688375473022,67,Tottenham,Brighton,1,4,26976,2024,730133,0.0,0,0,0,0.0,0.0,0.0,Tottenham,3,3,38,2.0,FWD,0.0,0.0,0.0,0.0,0.1,0.0,0.0,0.2,1.4,0.4,0.0,16.0,0.0,0.0,0.0,0.0,0.0,0.0,0.0,0.0,2.0,1.0,0.0,0.0,0.0,0.0,0.0,0.0,0.0,0.0,0.0,0.0,0.0,1.8,0.0,0.0,0.09,0.09,0.66,1.33,0.33,2.83,11.47,0.8,15.67,35.33,0.0,0.0,0.0,0.0,0.0,0.0,0.33,1.0,2.67,2.67,0.33,1.0,0.12,0.0,0.0,0.0,0.0,0.33,0.12,0.12,0.03,1.03,0.2,0.01,0.19,0.19,0.9,1.4,0.2,2.56,9.0,3.24,14.2,53.2,0.0,0.0,0.0,0.0,0.0,0.0,0.6,1.2,3.0,2.4,0.2,1.4,0.22,0.02,0.0,0.0,0.2,0.2,0.22,0.36,0.16,1.12,8741.0,0.3982076963626779,6.0,0.225,0.218,0.556,,,0.2645372868502336,0.0008823228921186,0,,2.0607961160772903,Dominic Solanke-Mitchell,Dominic Solanke,Spurs
2805,0,0,15,0,25.7,336,0.1,0.15,0.05,1.23,374,1,0,4.4,10.6,2025-05-25,60,0,0,0,0,0,0,0,False,7,0,0,0,0,38,0,309862,1,1,1,8.0,2,9828,18066,8238,6.1,True,0,0,1,0.0332890935242176,62,Liverpool,Crystal Palace,1,1,26975,2024,730164,0.1347947120666504,0,2,0,0.0332890935242176,0.1209698915481567,0.0876807942986488,Liverpool,3,5,38,4.8,MID,0.0,0.02,0.13,0.11,1.01,1.0,1.0,7.6,41.2,13.3,21.0,63.0,0.0,0.0,0.0,0.0,0.0,0.0,1.0,2.0,3.0,7.0,1.0,2.0,0.08,0.04,0.0,0.0,1.0,1.0,0.08,0.95,0.91,6.5,0.0,0.22,0.28,0.06,1.59,1.33,0.33,5.03,23.4,14.63,12.0,58.0,0.0,0.0,0.0,0.0,0.0,0.0,0.67,1.67,2.67,4.33,0.33,1.33,0.04,0.3,0.33,0.33,1.0,0.33,0.04,0.68,0.39,5.17,0.2,0.31,0.4,0.1,1.06,1.0,0.2,7.46,27.12,31.3,16.0,62.2,0.0,0.0,0.0,0.0,0.0,0.0,0.8,1.4,2.6,5.0,0.2,1.6,0.12,0.56,0.6,0.6,2.8,0.2,0.12,1.11,0.57,3.8,11700.0,0.3736313868613138,2.0,0.677,0.158,0.165,,,0.0448945417088708,0.1379728026374707,0,0.0,1.6383911164567662,Dominik Szoboszlai,Dominik Szoboszlai,Liverpool
2826,0,0,10,0,10.2,230,0.01,0.01,0.0,0.39,376,0,0,1.5,4.4,2025-05-25,14,0,0,0,0,0,0,0,False,15,0,0,0,0,38,0,157124,0,1,0,0.0,1,-15984,1763,17747,5.1,False,0,0,0,0.0,13,Newcastle United,Everton,0,1,26973,2024,730277,0.3357299864292145,0,1,0,0.0,0.3357299864292145,0.0,Everton,3,4,38,4.7,MID,1.0,0.38,0.38,0.0,0.35,0.0,0.0,6.2,21.8,36.1,4.0,64.0,0.0,0.0,0.0,0.0,0.0,0.0,1.0,0.0,2.0,6.0,0.0,0.0,0.0,0.93,1.0,1.0,2.0,0.0,0.0,0.99,0.07,5.7,0.33,0.16,0.17,0.01,0.35,0.33,0.33,5.13,25.47,20.9,5.0,56.67,0.0,0.0,0.0,0.0,0.0,0.0,0.67,1.67,1.67,6.67,0.33,0.33,0.01,0.42,0.67,0.67,1.0,0.33,0.01,0.43,0.12,4.73,0.2,0.1,0.13,0.04,0.59,0.6,0.2,3.66,16.2,12.78,7.6,41.6,0.0,0.0,0.0,0.0,0.0,0.0,0.4,1.4,1.2,4.4,0.2,0.4,0.07,0.25,0.4,0.4,0.6,0.2,0.07,0.34,0.08,3.04,-20025.0,-0.8192721681189133,1.0,0.715,0.173,0.112,,,-6.725144885422194e-10,0.0572441248502535,0,0.0,1.1717323711881882,Dwight McNeil,Dwight McNeil,Everton
2860,0,0,13,1,15.2,199,0.59,0.59,0.0,0.94,374,0,0,2.2,5.2,2025-05-25,61,0,0,0,0,0,0,0,False,12,0,0,0,0,38,0,1675342,1,1,1,2.0,3,-41494,97968,139462,7.0,False,0,0,0,0.0,63,Liverpool,Crystal Palace,1,1,26975,2024,730181,0.6564021110534668,0,1,0,0.0,0.6564021110534668,0.6564021110534668,Crystal Palace,3,5,38,7.8,MID,0.0,0.06,0.27,0.21,0.17,0.0,1.0,7.7,37.4,20.5,19.0,9.0,0.0,0.0,0.0,0.0,0.0,0.0,0.0,2.0,4.0,6.0,1.0,1.0,0.14,0.25,0.0,0.0,2.0,1.0,0.14,0.39,0.0,10.7,0.33,0.11,0.89,0.78,0.52,0.33,1.33,10.1,49.27,23.9,28.0,63.0,0.0,0.0,0.0,0.0,0.0,0.0,0.67,1.67,1.67,10.67,1.33,2.67,0.69,0.14,0.0,0.0,1.33,1.0,0.44,0.75,0.22,7.47,0.2,0.14,0.67,0.53,0.56,0.6,1.0,7.8,36.36,19.08,22.8,59.2,0.0,0.0,0.0,0.0,0.0,0.0,0.8,1.4,1.4,8.4,1.0,2.4,0.45,0.13,0.0,0.0,1.2,0.8,0.3,0.51,0.13,7.68,-60249.0,-0.1747630880680621,3.0,0.677,0.158,0.165,,,0.0300730812986842,0.0787399546332596,0,0.0,2.3865852703931996,Eberechi Eze,Eberechi Eze,Crystal Palace
2889,0,0,2,0,0.1,11,0.0,0.22,0.22,1.23,374,1,0,1.9,2.0,2025-05-25,28,0,0,0,0,0,0,0,False,12,0,0,0,0,38,0,77687,0,1,1,17.0,1,9052,10989,1937,5.9,False,0,0,1,0.1242314279079437,27,Liverpool,Crystal Palace,1,1,26975,2024,730184,0.0,0,0,0,0.1242314279079437,0.1242314279079437,0.0,Crystal Palace,3,5,38,2.8,FWD,0.0,0.02,0.65,0.63,1.35,2.0,2.0,11.7,72.0,10.8,34.0,80.0,0.0,0.0,0.0,0.0,0.0,0.0,1.0,2.0,4.0,13.0,2.0,2.0,0.62,0.04,0.0,0.0,1.0,2.0,0.62,0.69,0.04,4.7,0.0,0.01,0.38,0.37,0.5,0.67,0.67,5.43,24.33,7.0,23.67,41.33,0.0,0.0,0.0,0.0,0.33,0.0,0.33,1.67,1.67,4.67,0.67,2.0,0.54,0.03,0.0,0.0,0.67,0.67,0.54,0.48,0.01,2.0,0.0,0.0,0.38,0.38,0.54,0.8,0.4,3.74,14.92,4.44,18.4,43.6,0.0,0.0,0.0,0.0,0.2,0.0,0.4,1.4,1.4,3.4,0.4,1.8,0.47,0.02,0.0,0.0,0.4,0.4,0.47,0.37,0.05,1.2,10438.0,0.7002939811233173,1.0,0.677,0.158,0.165,,,0.3192414697197991,0.002970310471986,0,,2.2858768102951545,Eddie Nketiah,Eddie Nketiah,Crystal Palace
2915,0,0,26,1,0.0,347,0.0,0.0,0.0,1.74,372,0,0,2.7,27.2,2025-05-25,90,0,0,0,0,0,0,0,False,9,0,0,0,0,38,3,649958,1,2,0,0.0,7,2089,13894,11805,5.3,False,0,0,0,0.0,90,Fulham,Manchester City,0,2,26981,2024,730203,0.0,0,0,0,0.0,0.2232101559638977,0.2232101559638977,Manchester City,4,3,38,5.5,GK,0.0,0.0,0.0,0.0,1.06,1.0,0.0,1.0,10.0,0.0,0.0,90.0,0.0,0.0,0.0,0.0,1.0,1.0,1.0,1.0,3.0,1.0,0.0,0.0,0.0,0.0,0.0,0.0,0.0,0.0,0.0,0.06,0.06,4.8,0.67,0.0,0.0,0.0,0.52,0.33,0.0,0.6,5.93,0.0,0.0,90.0,0.0,0.0,0.0,0.0,0.33,0.33,1.0,0.33,1.33,4.33,0.0,0.0,0.0,0.0,0.0,0.0,0.0,0.0,0.0,0.08,0.08,3.93,0.6,0.03,0.03,0.0,0.83,0.6,0.0,1.44,11.84,2.6,0.0,86.0,0.0,0.0,0.0,0.0,0.2,0.6,1.0,0.6,1.8,4.6,0.0,0.0,0.0,0.09,0.2,0.2,0.2,0.0,0.0,0.25,0.16,3.26,1049.0,0.0812872096190513,7.0,0.188,0.224,0.588,3.192394272628752,1.3267547145220742,,,0,1.0,6.401,Ederson Santana de Moraes,Ederson,Man City
2943,0,0,10,0,4.7,511,0.04,0.12,0.08,0.48,373,1,0,2.6,19.0,2025-05-25,79,0,0,0,0,0,0,0,False,10,0,0,0,0,38,0,14042,1,3,1,2.0,2,41,127,86,5.0,False,0,0,1,0.0342390798032283,82,Ipswich,West Ham,1,3,26980,2024,730019,0.0,0,0,0,0.0342390798032283,0.1709599494934082,0.1367208659648895,West Ham,2,2,38,1.3,MID,0.0,0.01,0.01,0.0,0.55,1.0,0.0,1.9,7.4,11.8,0.0,32.0,0.0,0.0,0.0,0.0,1.0,0.0,0.0,2.0,1.0,0.0,0.0,0.0,0.0,0.02,0.0,0.0,1.0,0.0,0.0,0.23,0.23,-0.3,0.0,0.02,0.02,0.0,1.13,0.67,0.0,1.0,4.4,5.8,0.0,37.0,0.0,0.0,0.0,0.0,0.33,0.0,0.33,2.0,1.0,0.67,0.0,0.0,0.0,0.01,0.0,0.0,0.33,0.0,0.0,0.09,0.09,0.03,0.0,0.02,0.02,0.0,1.1,0.6,0.0,1.06,5.36,4.12,1.2,44.0,0.0,0.0,0.0,0.0,0.2,0.0,0.4,1.4,0.8,1.0,0.0,0.0,0.0,0.0,0.0,0.0,0.2,0.0,0.0,0.06,0.06,0.62,86.0,0.1924882629107981,2.0,0.317,0.25,0.432,,,0.0110029427519815,0.0002854695831735,0,0.0,1.055871122509428,Edson Álvarez Velázquez,Edson Álvarez,West Ham
2980,0,0,12,0,19.7,423,0.03,0.22,0.19,1.07,377,1,0,4.9,11.6,2025-05-25,90,0,0,0,0,0,0,0,False,6,0,0,0,0,38,0,35441,1,1,0,18.0,1,-2061,533,2594,5.0,True,1,0,2,0.1972259581089019,90,Nottingham Forest,Chelsea,0,1,26972,2024,729977,0.0420966893434524,0,1,0,0.1972259581089019,0.0420966893434524,0.0420966893434524,Nottingham Forest,3,4,38,1.9,MID,1.0,0.24,0.24,0.0,0.95,0.0,0.0,4.5,16.6,22.2,6.0,82.0,0.0,0.0,0.0,0.0,1.0,0.0,1.0,2.0,1.0,2.0,0.0,0.0,0.0,0.26,0.0,0.0,1.0,0.0,0.0,0.01,0.01,2.0,0.33,0.1,0.16,0.05,1.48,1.0,0.0,3.83,16.73,13.4,8.0,87.33,0.0,0.0,0.0,0.0,0.67,0.0,1.0,1.67,1.33,1.67,0.0,1.0,0.03,0.09,0.0,0.0,0.67,0.0,0.03,0.13,0.1,3.6,0.2,0.07,0.12,0.04,1.52,1.0,0.2,4.48,22.36,11.0,11.2,82.4,0.0,0.0,0.0,0.0,0.6,0.0,1.0,1.8,1.0,3.2,0.2,1.0,0.03,0.06,0.0,0.0,0.6,0.2,0.03,0.09,0.07,3.1,-2176.0,-0.6590981771666133,1.0,0.316,0.253,0.431,,,0.0832453701515667,0.0497388736769688,1,0.0,1.5654434717887398,Elliot Anderson,Elliot Anderson,Nott'm Forest
3026,0,0,6,0,26.3,19,0.05,0.05,0.0,0.82,372,1,0,3.8,7.4,2025-05-25,29,0,0,0,0,0,0,0,False,13,0,0,0,0,38,0,835313,0,2,0,4.0,1,-8183,2379,10562,5.0,True,0,0,0,0.0,28,Fulham,Manchester City,0,2,26981,2024,730201,0.0689816921949386,0,2,0,0.0,0.4747454524040222,0.4621611535549164,Fulham,4,3,38,1.5,MID,0.0,0.06,0.16,0.1,2.61,2.0,0.0,2.6,3.0,12.4,11.0,65.0,0.0,0.0,0.0,0.0,1.0,0.0,1.0,3.0,2.0,1.0,0.0,2.0,0.05,0.1,0.0,0.0,1.0,0.0,0.05,0.12,0.0,3.8,0.0,0.08,0.13,0.04,1.39,1.0,0.0,3.3,9.13,18.53,5.33,53.33,0.0,0.0,0.0,0.0,0.33,0.0,0.67,2.0,1.33,2.33,0.0,1.0,0.03,0.23,0.33,0.33,1.33,0.0,0.03,0.31,0.27,3.27,0.0,0.06,0.14,0.08,0.84,0.6,0.2,3.68,13.88,12.02,10.8,41.0,0.0,0.0,0.0,0.0,0.2,0.0,0.4,1.6,1.2,3.2,0.2,1.0,0.05,0.14,0.2,0.2,0.8,0.2,0.05,0.23,0.19,1.96,-8916.0,-0.6323313499729541,1.0,0.188,0.224,0.588,,,0.0159631482596787,0.1109957914592414,1,0.0,0.4128031156761178,Emile Smith Rowe,Emile Smith-Rowe,Fulham
3078,0,0,-3,0,0.0,47,0.0,0.0,0.0,1.11,375,2,0,3.2,32.4,2025-05-25,45,0,0,0,0,0,0,0,False,14,0,0,0,1,38,5,1529158,1,0,2,0.0,-2,19482,43072,23590,5.0,False,0,0,0,0.0,45,Manchester United,Aston Villa,2,0,26974,2024,730234,0.0,0,0,0,0.0,0.0,0.0,Aston Villa,3,3,38,5.2,GK,1.0,0.0,0.0,0.0,0.51,0.0,0.0,1.2,12.4,0.0,0.0,90.0,0.0,0.0,0.0,0.0,0.0,1.0,1.0,0.0,2.0,6.0,0.0,0.0,0.0,0.0,0.0,0.0,0.0,0.0,0.0,0.5,0.5,7.7,1.0,0.0,0.0,0.0,0.72,0.0,0.0,2.43,24.47,0.0,0.0,90.0,0.0,0.0,0.0,0.0,0.33,2.67,1.0,0.33,1.0,7.67,0.0,0.0,0.0,0.0,0.0,0.0,0.0,0.0,0.0,0.35,0.35,5.9,0.6,0.0,0.0,0.0,0.9,0.6,0.0,2.6,24.0,2.0,0.0,90.0,0.0,0.0,0.0,0.0,0.2,2.8,1.0,0.6,1.8,5.4,0.0,0.0,0.0,0.01,0.0,0.0,0.2,0.0,0.0,0.35,0.35,5.86,14740.0,0.2922504575320272,-2.0,0.218,0.225,0.556,3.641574706778841,1.4292277338666357,,,0,1.0,6.4990000000000006,Emiliano Martínez Romero,Emiliano Martinez,Aston Villa
3098,0,0,5,0,1.8,320,0.01,0.01,0.0,0.31,374,0,0,1.1,9.6,2025-05-25,21,0,0,0,0,0,0,0,False,7,0,0,0,0,38,0,14398,0,1,1,0.0,1,30,147,117,4.6,True,0,0,0,0.0,20,Liverpool,Crystal Palace,1,1,26975,2024,730167,0.0,0,0,0,0.0,0.4028053283691406,0.4028053283691406,Liverpool,3,5,38,2.0,MID,0.0,0.0,0.0,0.0,0.85,1.0,0.0,0.2,1.6,0.8,0.0,13.0,0.0,0.0,0.0,0.0,0.0,0.0,0.0,2.0,3.0,1.0,0.0,0.0,0.0,0.0,0.0,0.0,0.0,0.0,0.0,0.0,0.0,2.0,0.0,0.01,0.01,0.0,0.85,1.0,0.0,1.33,6.6,6.2,0.67,31.67,0.0,0.0,0.0,0.0,0.0,0.0,0.33,1.33,3.67,1.33,0.0,0.0,0.0,0.01,0.0,0.0,0.33,0.0,0.0,0.04,0.03,1.33,0.0,0.01,0.01,0.0,0.53,0.8,0.0,0.8,3.96,3.74,0.4,20.2,0.0,0.0,0.0,0.0,0.0,0.0,0.2,1.0,2.8,1.2,0.0,0.0,0.0,0.01,0.0,0.0,0.2,0.0,0.0,0.03,0.02,1.2,68.0,0.1136363636363636,1.0,0.677,0.158,0.165,,,-6.725144885422194e-10,-5.689893001203925e-10,0,0.0,0.9999999949304597,Endo Wataru,Wataru Endo,Liverpool
3151,0,0,9,1,14.3,168,0.01,0.01,0.0,1.35,377,0,0,1.8,3.8,2025-05-25,90,0,0,0,0,0,0,0,False,16,0,0,0,0,38,0,464163,1,1,0,0.0,3,-14943,15586,30529,4.7,False,0,0,0,0.0,90,Nottingham Forest,Chelsea,0,1,26972,2024,729990,0.0630107000470161,0,1,0,0.0,0.1281482428312301,0.065137542784214,Chelsea,3,4,38,3.5,MID,1.0,0.01,0.03,0.02,0.29,0.0,0.0,1.1,3.0,2.5,5.0,90.0,0.0,0.0,0.0,0.0,0.0,0.0,1.0,0.0,1.0,3.0,0.0,1.0,0.03,0.0,0.0,0.0,0.0,0.0,0.03,0.67,0.67,4.8,0.33,0.06,0.29,0.23,0.97,1.0,0.33,6.3,23.07,22.6,17.0,89.0,0.0,0.0,0.0,0.0,0.33,0.0,1.0,0.33,2.0,4.33,0.33,1.33,0.17,0.19,0.0,0.0,1.67,0.33,0.17,0.84,0.51,4.67,0.4,0.12,0.27,0.15,0.72,0.8,0.2,6.12,25.0,25.08,11.0,89.4,0.0,0.0,0.0,0.0,0.2,0.0,1.0,0.6,1.6,4.8,0.2,1.0,0.11,0.18,0.4,0.4,1.8,0.2,0.11,0.59,0.36,3.8,-18617.0,-0.3240377317575626,3.0,0.316,0.253,0.431,,,-6.725144885422194e-10,0.0593428754169897,1,0.0,1.1780286228883967,Enzo Fernández,Enzo Fernández,Chelsea
3184,0,0,29,1,11.0,351,0.02,0.98,0.96,1.29,372,0,1,7.6,29.2,2025-05-25,84,0,0,0,0,0,0,0,False,9,0,0,0,0,38,0,2775792,1,2,0,36.0,6,49865,80088,30223,14.9,False,0,1,4,0.9217206239700316,86,Fulham,Manchester City,0,2,26981,2024,730213,0.0938579887151718,0,1,0,0.1605517864227295,0.3476297557353973,0.2183386832475662,Manchester City,4,3,38,3.0,FWD,1.0,0.06,0.17,0.11,0.78,0.0,0.0,5.2,7.0,2.4,43.0,82.0,0.0,0.0,0.0,0.0,0.0,0.0,1.0,1.0,3.0,2.0,0.0,1.0,0.1,0.0,0.0,0.0,0.0,0.0,0.1,0.25,0.25,1.8,0.67,0.1,0.47,0.37,0.97,0.67,0.33,5.53,14.27,9.23,32.0,87.33,0.0,0.0,0.0,0.0,0.0,0.0,1.0,1.0,1.67,3.67,0.33,1.67,0.35,0.04,0.0,0.0,0.67,0.0,0.09,0.18,0.09,2.67,0.6,0.07,0.6,0.53,1.0,0.6,0.4,5.96,17.56,10.62,31.6,88.4,0.0,0.0,0.0,0.0,0.0,0.0,1.0,0.8,1.2,4.2,0.4,2.0,0.55,0.04,0.0,0.0,0.8,0.2,0.4,0.53,0.12,3.08,53913.0,0.4520401410557424,6.0,0.188,0.224,0.588,,,0.5887650952994226,0.0633906624844269,0,,4.545232368650971,Erling Haaland,Erling Haaland,Man City
3210,0,0,17,0,50.3,12,0.13,0.17,0.04,0.63,378,1,0,9.0,15.0,2025-05-25,74,0,0,0,0,0,0,0,False,17,0,0,0,0,38,0,167305,1,2,1,25.0,2,-9690,6797,16487,4.3,False,0,0,2,0.0826125890016555,76,Southampton,Arsenal,1,2,26977,2024,730116,0.1608995795249939,0,4,0,0.0826125890016555,0.4039123058319092,0.2390211224555969,Arsenal,5,1,38,2.3,MID,0.0,0.01,0.01,0.0,0.0,0.0,0.0,0.2,0.0,0.8,2.0,4.0,0.0,0.0,0.0,0.0,0.0,0.0,0.0,2.0,1.0,1.0,0.0,0.0,0.0,0.0,0.0,0.0,0.0,0.0,0.0,0.0,0.0,3.8,0.0,0.03,0.08,0.05,0.06,0.0,0.33,2.43,12.47,3.4,8.67,13.67,0.0,0.0,0.0,0.0,0.0,0.0,0.0,2.67,1.0,2.67,0.33,0.67,0.06,0.0,0.0,0.0,0.0,0.33,0.06,0.04,0.01,7.47,0.2,0.04,0.08,0.04,0.11,0.0,0.2,2.68,9.96,8.66,8.2,29.6,0.0,0.0,0.0,0.0,0.0,0.0,0.4,2.0,1.0,2.4,0.2,0.6,0.05,0.01,0.0,0.0,0.4,0.2,0.05,0.06,0.03,5.12,-35510.0,-0.4161656072839718,2.0,0.112,0.158,0.73,,,0.1210186344304065,0.2193044803451884,0,1.0,3.2630066131875974,Ethan Nwaneri,Ethan Nwaneri,Arsenal
3287,0,0,1,0,0.3,44,0.0,0.0,0.0,2.86,375,2,0,1.4,13.2,2025-05-25,90,0,0,0,0,0,0,0,False,14,0,0,0,0,38,0,1115072,1,0,2,0.0,1,141861,152051,10190,4.5,False,0,0,0,0.0,90,Manchester United,Aston Villa,2,0,26974,2024,730237,0.0,0,0,0,0.0,0.0,0.0,Aston Villa,3,3,38,6.8,DEF,1.0,0.12,0.47,0.35,0.51,0.0,1.0,12.2,57.6,14.1,50.0,90.0,0.0,0.0,0.0,0.0,0.0,0.0,1.0,0.0,2.0,15.0,1.0,2.0,0.17,0.1,0.0,0.0,1.0,1.0,0.17,0.18,0.18,8.7,1.0,0.04,0.16,0.12,0.72,0.0,0.33,5.0,28.27,5.07,16.67,90.0,0.0,0.0,0.0,0.0,0.33,0.0,1.0,0.33,1.0,8.67,0.33,0.67,0.06,0.03,0.0,0.0,0.33,0.33,0.06,0.26,0.26,5.4,0.6,0.03,0.11,0.08,0.9,0.6,0.2,3.38,19.6,3.12,11.0,90.0,0.0,0.0,0.0,0.0,0.2,0.0,1.0,0.6,1.8,5.8,0.2,0.6,0.06,0.02,0.0,0.0,0.2,0.2,0.06,0.32,0.29,5.56,160718.0,0.8743844034491898,1.0,0.218,0.225,0.556,,1.3170363903045654,3.9846503874230166e-10,-5.972489169892015e-10,0,0.0,1.3410000005990435,Ezri Konsa Ngoyo,Ezri Konsa Ngoyo,Aston Villa
3321,0,0,2,0,3.5,415,0.04,0.45,0.41,0.99,376,1,0,2.5,3.6,2025-05-25,90,0,0,0,0,0,0,0,False,8,0,0,0,0,38,0,595814,1,1,0,18.0,1,87855,98397,10542,5.5,True,1,0,5,0.1992269158363342,90,Newcastle United,Everton,0,1,26973,2024,730252,0.0,0,0,0,0.1992269158363342,0.1914150118827819,0.0900087505578994,Newcastle United,3,4,38,4.0,DEF,0.0,0.01,0.93,0.92,0.64,1.0,0.0,8.9,33.8,1.3,54.0,90.0,0.0,0.0,0.0,0.0,0.0,0.0,1.0,0.0,1.0,2.0,0.0,4.0,1.24,0.0,0.0,0.0,0.0,0.0,1.24,0.56,0.04,4.3,0.33,0.04,0.45,0.41,0.67,0.67,0.0,4.73,23.0,1.67,22.67,90.0,0.0,0.0,0.0,0.0,0.33,0.0,1.0,0.33,1.33,4.33,0.0,2.0,0.49,0.0,0.33,0.0,0.0,0.0,0.49,0.27,0.09,5.73,0.4,0.03,0.34,0.31,0.86,1.2,0.2,4.92,26.0,2.42,20.8,86.6,0.0,0.0,0.0,0.0,0.4,0.0,1.0,0.4,2.2,4.8,0.2,1.6,0.38,0.0,0.2,0.0,0.0,0.2,0.38,0.24,0.13,4.82,104351.0,0.8064604962410156,1.0,0.715,0.173,0.112,,0.3566778898239136,0.0941747123777936,-5.972489169892015e-10,0,0.0,2.3870482724750146,Fabian Schär,Fabian Schär,Newcastle
3352,0,0,3,0,0.0,117,0.0,0.0,0.0,0.45,371,2,0,0.0,0.0,2025-05-25,18,0,0,0,0,0,0,0,False,3,0,0,0,0,38,0,47962,0,0,2,0.0,1,-1263,929,2192,4.5,False,0,0,0,0.0,14,Bournemouth,Leicester,2,0,26979,2024,730058,0.0,0,0,0,0.0,0.0,0.0,Leicester,1,3,38,1.5,MID,0.0,0.01,0.14,0.13,0.08,0.0,1.0,8.8,38.8,11.5,38.0,29.0,0.0,0.0,0.0,0.0,1.0,0.0,0.0,2.0,2.0,7.0,1.0,2.0,0.35,0.0,0.0,0.0,1.0,1.0,0.35,0.35,0.0,1.2,0.0,0.02,0.14,0.12,0.63,0.67,0.33,4.33,17.0,8.97,17.33,34.33,0.0,0.0,0.0,0.0,0.33,0.0,0.33,1.0,1.67,3.0,0.33,1.67,0.17,0.02,0.0,0.0,0.67,0.33,0.17,0.17,0.02,0.17,0.0,0.06,0.14,0.08,0.5,0.4,0.2,3.3,11.28,10.08,11.6,35.6,0.0,0.0,0.0,0.0,0.2,0.0,0.2,1.2,1.4,2.2,0.2,1.4,0.11,0.03,0.0,0.0,0.6,0.2,0.11,0.12,0.03,0.3,2314.0,-0.4046779878244153,1.0,0.709,0.18,0.111,,,0.0594127884668194,0.0206942251119683,0,0.0,1.359146617670002,Facundo Buonanotte,Facundo Buonanotte,Leicester
3397,0,0,15,0,3.4,518,0.01,0.01,0.0,2.2,378,2,0,2.5,21.8,2025-05-25,90,0,0,0,0,0,0,0,False,1,0,0,0,0,38,0,4122,1,2,1,0.0,2,-10,52,62,4.7,True,0,0,0,0.0,90,Southampton,Arsenal,1,2,26977,2024,730097,0.0,0,0,0,0.0,0.0,0.0,Southampton,5,1,38,0.3,MID,0.0,0.01,0.01,0.0,2.73,2.0,0.0,1.5,11.4,3.9,0.0,90.0,0.0,0.0,0.0,0.0,1.0,0.0,1.0,0.0,2.0,1.0,0.0,0.0,0.0,0.0,0.0,0.0,0.0,0.0,0.0,0.14,0.14,1.3,0.33,0.05,0.05,0.0,1.98,1.33,0.0,1.63,11.33,4.37,0.67,90.0,0.0,0.0,0.0,0.0,0.67,0.0,1.0,0.0,1.33,1.67,0.0,0.0,0.0,0.0,0.0,0.0,0.0,0.0,0.0,0.17,0.17,1.27,0.2,0.05,0.05,0.0,1.86,1.4,0.0,2.36,12.32,9.92,1.4,90.0,0.0,0.0,0.0,0.0,0.4,0.0,1.0,0.6,1.2,1.8,0.0,0.2,0.0,0.06,0.0,0.0,0.6,0.0,0.0,0.2,0.14,0.86,-8.0,-0.087719298245614,2.0,0.112,0.158,0.73,,,-6.725144885422194e-10,-5.689893001203925e-10,0,0.0,1.9999999949304597,Flynn Downes,Flynn Downes,Southampton
3428,0,0,3,1,12.8,617,0.05,0.45,0.4,0.27,371,0,0,3.1,0.0,2025-05-25,90,0,0,0,0,0,0,0,False,11,0,0,0,0,38,0,1026069,1,0,2,20.0,2,586708,601207,14499,5.9,True,0,0,2,0.3696727454662323,90,Bournemouth,Leicester,2,0,26979,2024,730041,0.0148984147235751,0,1,0,0.3696727454662323,0.6872984170913696,0.3027272522449493,Bournemouth,1,3,38,3.5,FWD,0.0,0.02,0.44,0.42,1.51,2.0,0.0,3.0,0.6,21.3,8.0,82.0,0.0,0.0,0.0,0.0,0.0,0.0,1.0,1.0,3.0,2.0,0.0,2.0,0.37,0.15,0.0,0.0,2.0,0.0,0.37,0.52,0.07,2.5,0.0,0.01,0.39,0.38,1.26,1.33,0.33,5.03,11.73,8.67,30.0,86.0,0.0,0.0,0.0,0.0,0.33,0.0,1.0,1.33,1.33,3.33,0.33,2.67,0.47,0.05,0.0,0.0,0.67,0.33,0.47,0.35,0.03,2.5,0.2,0.05,0.31,0.27,1.04,1.0,0.2,4.66,11.28,10.42,25.0,83.4,0.0,0.0,0.0,0.2,0.2,0.0,1.0,1.0,1.0,2.8,0.2,2.2,0.33,0.06,0.2,0.2,0.8,0.2,0.33,0.3,0.04,2.74,639398.0,0.9529028464884214,2.0,0.709,0.18,0.111,,,0.3107307010205213,0.1024838358950881,0,,3.55037431176735,Francisco Evanilson de Lima Barbosa,Evanilson,Bournemouth
3548,0,0,11,0,42.8,9,0.23,0.97,0.74,0.63,378,1,0,11.0,19.0,2025-05-25,70,0,0,0,0,0,0,0,False,17,0,0,0,0,38,0,358757,1,2,1,48.0,2,43498,51514,8016,6.5,False,0,0,4,0.5743157863616943,72,Southampton,Arsenal,1,2,26977,2024,730117,0.219860628247261,0,3,0,0.5743157863616943,0.9542203545570374,0.1849563270807266,Arsenal,5,1,38,5.0,MID,1.0,0.05,0.17,0.12,1.86,0.0,0.0,2.5,4.6,2.1,18.0,90.0,0.0,0.0,0.0,0.0,0.0,0.0,1.0,0.0,1.0,3.0,0.0,2.0,0.17,0.0,0.0,0.0,0.0,0.0,0.17,0.27,0.18,4.5,0.33,0.15,0.35,0.2,1.8,1.33,0.33,6.3,18.33,15.67,29.0,88.33,0.0,0.0,0.0,0.0,0.0,0.0,1.0,1.33,1.33,4.0,0.33,2.0,0.24,0.08,0.0,0.0,1.0,0.33,0.24,0.45,0.19,4.6,0.4,0.14,0.4,0.26,1.45,1.2,0.4,6.1,18.36,12.98,29.6,85.4,0.0,0.0,0.0,0.0,0.0,0.0,1.0,2.0,1.2,4.4,0.4,2.6,0.32,0.13,0.0,0.0,0.8,0.4,0.32,0.59,0.19,6.64,46657.0,0.7306904081975475,2.0,0.112,0.158,0.73,,,0.3197790377009271,0.2034478643432378,0,0.0,4.209238781534349,Gabriel Martinelli Silva,Gabriel Martinelli,Arsenal
3575,0,0,4,0,2.8,272,0.0,0.0,0.0,0.94,373,2,0,0.7,0.0,2025-05-25,69,0,0,0,0,0,0,0,False,19,0,0,0,0,38,0,6586,1,3,1,6.0,2,1254,1857,603,5.4,True,0,0,0,0.0,72,Ipswich,West Ham,1,3,26980,2024,730009,0.0,0,0,0,0.0,0.0,0.0,Ipswich,2,2,38,1.7,FWD,0.0,0.0,0.24,0.24,0.74,2.0,0.0,2.3,0.0,2.4,21.0,70.0,0.0,0.0,0.0,0.0,0.0,0.0,1.0,0.0,2.0,2.0,0.0,2.0,0.36,0.0,0.0,0.0,0.0,0.0,0.36,0.36,0.0,2.0,0.0,0.04,0.32,0.28,0.47,0.67,0.33,4.13,12.4,4.47,24.67,40.33,0.0,0.0,0.0,0.0,0.67,0.0,0.33,1.0,1.33,2.33,0.33,1.67,0.36,0.02,0.0,0.0,0.33,0.33,0.36,0.38,0.0,1.83,0.0,0.02,0.21,0.18,0.78,1.2,0.2,2.88,8.48,3.94,16.4,44.2,0.0,0.0,0.0,0.0,0.4,0.0,0.4,1.4,1.4,2.0,0.2,1.2,0.23,0.01,0.0,0.0,0.2,0.2,0.23,0.24,0.0,1.1,1414.0,0.5097560975609756,2.0,0.317,0.25,0.432,,,0.0334916128423157,0.0008823228921186,0,,1.1366134200456186,George Hirst,George Hirst,Ipswich
3632,0,0,5,0,38.1,548,0.16,0.49,0.33,1.21,380,1,0,6.2,7.8,2025-05-25,64,0,0,0,0,0,0,0,False,4,0,0,0,0,38,0,10360,1,1,1,16.0,2,-34,113,147,5.3,True,0,0,2,0.447430282831192,66,Wolverhampton Wanderers,Brentford,1,1,26978,2024,730073,0.1439310610294342,0,3,0,0.447430282831192,0.6302374005317688,0.0388760305941104,Wolverhampton Wanderers,3,3,38,1.5,MID,0.0,0.12,0.29,0.17,1.69,4.0,0.0,3.9,6.4,5.6,27.0,90.0,0.0,0.0,0.0,0.0,0.0,0.0,1.0,2.0,4.0,2.0,0.0,4.0,0.17,0.0,0.0,0.0,0.0,0.0,0.17,0.13,0.0,1.2,0.0,0.05,0.28,0.23,0.87,1.67,0.0,1.73,2.33,2.77,13.33,52.67,0.0,0.0,0.0,0.0,0.0,0.0,0.67,1.33,1.67,1.33,0.0,2.0,0.21,0.0,0.0,0.0,0.0,0.0,0.21,0.08,0.0,0.67,0.0,0.03,0.19,0.15,0.68,1.2,0.0,1.24,1.52,2.38,9.4,36.0,0.0,0.0,0.0,0.0,0.0,0.0,0.4,1.2,1.8,1.2,0.0,1.4,0.14,0.0,0.0,0.0,0.0,0.0,0.14,0.08,0.02,0.6,-31.0,-0.1307692307692307,2.0,0.353,0.258,0.389,,,0.1123422521067201,0.1784044552525032,0,0.0,2.09692462629111,,,
3656,0,0,0,0,0.0,508,0.0,0.0,0.0,2.27,379,4,0,3.6,36.4,2025-05-25,90,0,0,0,0,0,0,0,False,5,0,0,0,0,38,4,211301,1,4,1,0.0,1,-732,1903,2635,4.8,True,0,0,0,0.0,90,Tottenham,Brighton,1,4,26976,2024,730124,0.0,0,0,0,0.0,0.0,0.0,Tottenham,3,3,38,0.8,GK,0.0,0.0,0.0,0.0,0.84,1.0,0.0,0.9,9.0,0.0,0.0,90.0,0.0,0.0,0.0,0.0,0.0,1.0,1.0,1.0,1.0,2.0,0.0,0.0,0.0,0.0,0.0,0.0,0.0,0.0,0.0,0.0,0.0,0.8,0.0,0.0,0.0,0.0,1.2,2.67,0.0,0.97,9.67,0.0,0.0,90.0,0.0,0.0,0.0,0.0,0.0,1.33,1.0,1.33,2.33,1.0,0.0,0.0,0.0,0.0,0.0,0.0,0.0,0.0,0.0,0.06,0.06,0.7,0.0,0.0,0.0,0.0,1.41,2.6,0.0,1.42,14.32,0.0,0.0,90.0,0.0,0.0,0.0,0.0,0.0,1.8,1.0,1.4,2.8,1.2,0.0,0.0,0.0,0.0,0.0,0.0,0.0,0.0,0.0,0.19,0.19,0.98,-3263.0,-0.1613045394446892,1.0,0.225,0.218,0.556,4.7281428768544576,1.8108009475937323,,,0,1.0,6.671,Guglielmo Vicario,Guglielmo Vicario,Spurs
3679,1,0,17,0,11.3,588,0.02,0.02,0.0,0.32,373,0,0,3.5,21.6,2025-05-25,10,0,0,0,0,0,0,0,False,10,0,0,0,0,38,0,7087,0,3,1,2.0,4,15,59,44,4.8,False,0,0,0,0.0,8,Ipswich,West Ham,1,3,26980,2024,730026,0.1049133837223053,1,1,0,0.0,0.1049133837223053,0.1049133837223053,West Ham,2,2,38,2.3,MID,0.0,0.02,0.02,0.0,1.41,1.0,0.0,1.5,9.2,3.9,2.0,58.0,0.0,0.0,0.0,0.0,1.0,0.0,1.0,2.0,1.0,0.0,0.0,0.0,0.0,0.0,0.0,0.0,0.0,0.0,0.0,0.05,0.05,0.3,0.33,0.01,0.01,0.0,0.69,0.33,0.0,0.83,5.07,2.1,1.33,40.67,0.0,0.0,0.0,0.0,0.33,0.0,0.67,1.67,0.67,1.33,0.0,0.0,0.0,0.0,0.0,0.0,0.0,0.0,0.0,0.05,0.05,0.43,0.2,0.01,0.01,0.0,0.44,0.2,0.0,0.7,4.96,1.36,0.8,33.6,0.0,0.0,0.0,0.0,0.2,0.0,0.6,1.6,0.6,1.2,0.0,0.0,0.0,0.0,0.0,0.0,0.0,0.0,0.0,0.03,0.03,0.46,33.0,0.145631067961165,4.0,0.317,0.25,0.432,,,0.012631789542332,0.0689228119369556,1,0.0,0.2699273835225269,Guido Rodríguez,Guido Rodríguez,West Ham
3732,0,0,24,1,1.3,377,0.01,0.01,0.0,0.4,375,0,0,2.0,16.6,2025-05-25,90,0,0,0,0,0,0,0,False,2,0,0,0,0,38,0,93216,1,0,2,2.0,6,2449,4987,2538,4.9,True,0,0,0,0.0,90,Manchester United,Aston Villa,2,0,26974,2024,730220,0.0,0,0,0,0.0,0.2416047602891922,0.2416047602891922,Manchester United,3,3,38,2.2,DEF,0.0,0.0,0.0,0.0,0.82,1.0,0.0,2.4,11.2,10.3,2.0,90.0,0.0,0.0,0.0,0.0,0.0,0.0,1.0,0.0,1.0,2.0,0.0,1.0,0.02,0.06,0.0,0.0,1.0,0.0,0.02,0.06,0.0,1.2,0.0,0.01,0.13,0.12,1.16,1.33,0.0,2.67,8.67,7.17,10.67,61.0,0.0,0.0,0.0,0.0,0.0,0.0,0.33,1.67,1.67,1.0,0.0,1.33,0.16,0.22,0.0,0.0,0.67,0.0,0.16,0.1,0.08,0.83,0.0,0.01,0.09,0.08,0.89,1.0,0.0,2.76,9.72,4.34,13.4,61.0,0.0,0.0,0.0,0.0,0.0,0.0,0.6,1.2,1.2,1.2,0.0,1.0,0.1,0.13,0.0,0.0,0.4,0.0,0.1,0.14,0.12,0.54,3366.0,0.3254485049833887,6.0,0.218,0.225,0.556,,1.586809158325195,0.0017599097677369,-5.972489169892015e-10,0,0.0,1.2175594568146746,Harry Maguire,Harry Maguire,Man Utd
3761,0,0,14,0,0.8,259,0.01,0.13,0.12,2.02,372,1,0,5.8,13.6,2025-05-25,60,0,0,0,0,0,0,0,False,13,0,0,0,0,38,0,24545,1,2,0,44.0,2,-175,779,954,5.2,True,0,0,2,0.0806807056069374,62,Fulham,Manchester City,0,2,26981,2024,730194,0.0,0,0,0,0.0806807056069374,0.0806807056069374,0.0,Fulham,4,3,38,2.5,MID,0.0,0.03,0.04,0.01,0.26,0.0,1.0,5.4,38.2,2.5,13.0,24.0,0.0,0.0,0.0,0.0,0.0,0.0,0.0,3.0,2.0,6.0,1.0,1.0,0.02,0.0,0.0,0.0,0.0,1.0,0.02,0.02,0.0,3.0,0.0,0.02,0.28,0.26,0.57,1.33,0.33,5.7,19.2,5.7,31.67,54.33,0.0,0.0,0.0,0.0,0.0,0.0,0.67,2.0,1.33,3.33,0.33,4.0,0.21,0.02,0.0,0.0,0.33,0.33,0.21,0.43,0.2,2.0,0.0,0.04,0.2,0.16,0.5,1.4,0.2,4.38,13.72,10.06,19.6,51.8,0.0,0.0,0.0,0.0,0.0,0.0,0.6,2.0,1.2,2.6,0.2,2.6,0.13,0.03,0.0,0.0,0.6,0.2,0.13,0.28,0.13,1.24,-132.0,-0.1009809578765147,2.0,0.188,0.224,0.588,,,0.1348465208806286,-5.689893001203925e-10,0,0.0,1.6742326026961751,Harry Wilson,Harry Wilson,Fulham
3816,0,0,6,0,16.3,392,0.02,0.1,0.08,0.66,376,1,0,3.7,2.0,2025-05-25,87,0,0,0,0,0,0,0,False,8,0,0,0,0,38,0,481744,1,1,0,19.0,2,-34493,16994,51487,5.9,True,0,0,1,0.059541281312704,89,Newcastle United,Everton,0,1,26973,2024,730258,0.0131593560799956,0,1,0,0.059541281312704,0.0727006420493125,0.0,Newcastle United,3,4,38,2.7,MID,0.0,0.03,0.24,0.21,0.59,1.0,0.0,1.9,4.4,1.5,13.0,75.0,0.0,0.0,0.0,0.0,0.0,0.0,1.0,0.0,1.0,2.0,0.0,3.0,0.18,0.0,0.0,0.0,0.0,0.0,0.18,0.18,0.0,2.0,0.33,0.13,0.41,0.28,0.66,0.67,0.0,6.4,9.4,18.3,36.33,85.0,0.0,0.0,0.0,0.0,0.0,0.0,1.0,0.33,1.33,2.33,0.0,3.33,0.25,0.07,0.0,0.0,1.0,0.0,0.25,0.33,0.06,5.13,0.4,0.16,0.36,0.21,0.84,1.2,0.0,6.28,11.2,21.72,30.0,81.2,0.0,0.0,0.0,0.0,0.0,0.0,1.0,0.4,2.2,3.0,0.0,3.0,0.2,0.2,0.2,0.2,1.2,0.0,0.2,0.31,0.04,4.98,-32590.0,-0.5036871541011375,2.0,0.715,0.173,0.112,,,0.1724991069285872,0.0860313905265628,0,0.0,3.1205897062226247,Harvey Barnes,Harvey Barnes,Newcastle
3834,0,0,3,0,0.4,319,0.0,0.0,0.0,0.31,374,0,0,0.1,0.4,2025-05-25,5,0,0,0,0,0,0,0,False,7,0,0,0,0,38,0,30860,0,1,1,0.0,1,4283,4825,542,5.2,True,0,0,0,0.0,4,Liverpool,Crystal Palace,1,1,26975,2024,730170,0.0,0,0,0,0.0,0.0,0.0,Liverpool,3,5,38,5.2,MID,0.0,0.04,0.94,0.9,2.2,3.0,1.0,16.5,70.2,48.2,47.0,90.0,0.0,0.0,0.0,0.0,0.0,0.0,1.0,2.0,3.0,13.0,1.0,3.0,0.93,0.35,1.0,1.0,4.0,1.0,0.93,1.35,0.1,5.0,0.0,0.03,0.38,0.35,1.33,1.67,0.33,6.03,23.93,17.7,20.33,55.0,0.0,0.0,0.0,0.0,0.0,0.0,0.67,1.67,2.67,5.33,0.33,2.0,0.35,0.12,0.33,0.33,1.33,0.33,0.35,0.61,0.19,2.6,0.0,0.05,0.32,0.27,0.83,1.0,0.2,4.4,15.4,15.34,14.2,39.6,0.0,0.0,0.0,0.0,0.2,0.0,0.4,1.4,2.6,3.4,0.2,1.6,0.24,0.1,0.2,0.2,1.2,0.2,0.24,0.42,0.11,1.96,5063.0,0.7980249673933296,1.0,0.677,0.158,0.165,,,-6.725144885422194e-10,-5.689893001203925e-10,1,0.0,-5.069540343072276e-09,Harvey Elliott,Harvey Elliott,Liverpool
3886,0,0,-9,0,1.1,45,0.02,0.02,0.0,2.86,375,2,0,0.3,0.0,2025-05-25,90,0,0,0,0,0,0,0,False,14,0,0,0,0,38,0,184997,1,0,2,2.0,1,1351,4553,3202,4.5,False,0,0,0,0.0,90,Manchester United,Aston Villa,2,0,26974,2024,730238,0.0,0,0,0,0.0,0.1049204170703888,0.1049204170703888,Aston Villa,3,3,38,3.5,DEF,1.0,0.13,0.21,0.08,0.51,0.0,0.0,4.3,10.2,18.8,14.0,90.0,0.0,0.0,0.0,0.0,0.0,0.0,1.0,0.0,2.0,6.0,0.0,2.0,0.07,0.04,0.0,0.0,1.0,0.0,0.07,0.77,0.67,4.3,0.67,0.04,0.08,0.04,0.59,0.0,0.0,1.87,5.8,6.97,6.0,53.67,0.0,0.0,0.0,0.0,0.0,0.0,0.67,0.33,1.0,4.33,0.0,1.0,0.03,0.01,0.0,0.0,0.33,0.0,0.03,0.28,0.24,4.37,0.6,0.06,0.16,0.1,0.61,0.2,0.2,3.72,15.32,9.3,12.6,68.2,0.0,0.0,0.0,0.0,0.0,0.0,0.8,1.0,1.4,5.4,0.2,1.8,0.12,0.09,0.0,0.0,0.4,0.2,0.12,0.57,0.47,3.94,1010.0,0.1742101869761444,1.0,0.218,0.225,0.556,,0.3791927099227905,0.0036385830793184,-5.972489169892015e-10,0,0.0,0.8318314966841638,Ian Maatsen,Ian Maatsen,Aston Villa
3899,0,0,7,0,1.0,442,0.01,0.01,0.0,0.99,377,1,0,1.0,8.8,2025-05-25,56,0,0,0,0,0,0,0,False,6,0,0,0,0,38,0,136261,1,1,0,0.0,1,-109,2936,3045,4.3,True,0,0,0,0.0,58,Nottingham Forest,Chelsea,0,1,26972,2024,729978,0.0,0,0,0,0.0,0.5579072833061218,0.5579072833061218,Nottingham Forest,3,4,38,2.1,MID,1.0,0.08,0.08,0.0,0.95,0.0,0.0,2.0,15.4,4.1,0.0,82.0,0.0,0.0,0.0,0.0,0.0,0.0,1.0,2.0,1.0,3.0,0.0,0.0,0.0,0.0,0.0,0.0,0.0,0.0,0.0,0.3,0.3,2.3,0.33,0.04,0.04,0.0,1.28,1.0,0.0,2.63,16.93,9.4,0.0,79.67,0.0,0.0,0.0,0.0,0.33,0.0,1.0,1.67,1.33,2.0,0.0,0.0,0.0,0.0,0.0,0.0,0.33,0.0,0.0,0.31,0.31,1.77,0.2,0.03,0.03,0.0,0.91,0.6,0.0,2.16,11.6,10.02,0.0,51.6,0.0,0.0,0.0,0.0,0.2,0.0,0.6,1.4,1.0,1.6,0.0,0.0,0.0,0.02,0.0,0.0,0.6,0.0,0.0,0.2,0.2,1.3,483.0,-0.018224377194449,1.0,0.316,0.253,0.431,,,-6.725144885422194e-10,-5.689893001203925e-10,1,0.0,0.9999999949304597,Ibrahim Sangaré,Ibrahim Sangare,Nott'm Forest
3930,0,0,11,0,4.3,326,0.03,0.03,0.0,1.23,374,1,0,2.0,15.8,2025-05-25,61,0,0,0,0,0,0,0,False,7,0,0,0,0,38,0,801351,1,1,1,0.0,2,-9889,13073,22962,5.3,True,0,0,0,0.0,63,Liverpool,Crystal Palace,1,1,26975,2024,730158,0.0,0,0,0,0.0,0.0332890935242176,0.0332890935242176,Liverpool,3,5,38,2.0,DEF,0.0,0.02,0.02,0.0,2.2,3.0,0.0,1.0,9.6,0.8,0.0,90.0,0.0,0.0,0.0,0.0,0.0,0.0,1.0,2.0,3.0,1.0,0.0,0.0,0.0,0.0,0.0,0.0,0.0,0.0,0.0,0.94,0.94,2.0,0.0,0.01,0.06,0.05,1.66,2.0,0.0,1.33,9.8,0.93,2.67,90.0,0.0,0.0,0.0,0.0,0.0,0.0,1.0,1.67,3.33,1.33,0.0,0.67,0.03,0.0,0.0,0.0,0.0,0.0,0.03,0.66,0.66,1.67,0.2,0.01,0.05,0.04,1.35,1.4,0.0,2.34,13.28,3.18,6.8,90.0,0.0,0.0,0.0,0.0,0.0,0.0,1.0,1.4,2.4,3.0,0.0,1.0,0.06,0.01,0.0,0.0,0.2,0.0,0.06,0.71,0.7,2.2,-10561.0,-0.2744276397946441,2.0,0.677,0.158,0.165,,1.506244421005249,3.9846503874230166e-10,-5.972489169892015e-10,0,0.0,1.2470000005990434,Ibrahima Konaté,Ibrahima Konaté,Liverpool
3967,0,0,10,1,2.4,222,0.02,0.02,0.0,1.27,376,0,0,0.9,6.6,2025-05-25,90,0,0,0,0,0,0,0,False,15,0,0,0,0,38,0,19561,1,1,0,0.0,2,-1300,113,1413,4.8,False,1,0,0,0.0,90,Newcastle United,Everton,0,1,26973,2024,730270,0.0,0,0,0,0.0,0.1656753718852996,0.1656753718852996,Everton,3,4,38,1.7,MID,1.0,0.02,0.02,0.0,1.21,0.0,0.0,3.0,21.8,5.8,2.0,90.0,0.0,0.0,0.0,0.0,0.0,0.0,1.0,0.0,2.0,3.0,0.0,0.0,0.0,0.0,0.0,0.0,0.0,0.0,0.0,1.36,1.36,2.7,0.33,0.02,0.02,0.0,0.9,1.0,0.0,1.97,12.6,5.57,1.33,89.67,0.0,0.0,0.0,0.0,0.0,0.0,1.0,1.67,1.67,2.33,0.0,0.0,0.0,0.0,0.0,0.0,0.0,0.0,0.0,0.46,0.46,2.4,0.4,0.02,0.02,0.01,0.84,0.8,0.0,1.86,12.28,4.08,2.2,87.4,0.0,0.0,0.0,0.0,0.2,0.0,1.0,1.4,1.2,2.2,0.0,0.2,0.01,0.0,0.0,0.0,0.0,0.0,0.01,0.37,0.37,1.74,-1373.0,-0.8519003931847968,2.0,0.715,0.173,0.112,,,-6.725144885422194e-10,-5.689893001203925e-10,1,0.0,0.9999999949304597,Idrissa Gueye,Idrissa Gueye,Everton
3980,0,0,10,0,14.2,128,0.02,0.02,0.0,1.95,379,1,0,2.2,7.4,2025-05-25,59,0,0,0,0,0,0,0,False,18,0,0,0,0,38,0,7840,1,4,1,0.0,1,57,82,25,4.3,False,0,0,0,0.0,61,Tottenham,Brighton,1,4,26976,2024,730144,0.0178414415568113,0,1,0,0.0,0.2341533601284027,0.2163119167089462,Brighton,3,3,38,0.2,DEF,0.0,0.01,0.01,0.0,0.71,1.0,0.0,1.4,12.0,2.4,0.0,65.0,0.0,0.0,0.0,0.0,0.0,0.0,1.0,1.0,1.0,2.0,0.0,0.0,0.0,0.0,0.0,0.0,0.0,0.0,0.0,0.13,0.13,0.0,0.0,0.0,0.0,0.0,1.04,1.33,0.0,0.93,8.53,1.07,0.0,52.0,0.0,0.0,0.0,0.0,0.33,0.0,0.67,1.67,1.67,1.0,0.0,0.0,0.0,0.0,0.0,0.0,0.0,0.0,0.0,0.19,0.19,0.6,0.0,0.04,0.04,0.0,0.96,1.6,0.0,1.98,13.8,6.06,0.0,67.2,0.0,0.0,0.0,0.0,0.2,0.0,0.8,1.4,1.8,1.2,0.0,0.0,0.0,0.02,0.0,0.0,0.2,0.0,0.0,0.31,0.28,1.06,-3728.0,0.5327102803738317,1.0,0.225,0.218,0.556,,0.7474895715713501,3.9846503874230166e-10,0.0539409017902974,0,0.0,0.7878227077616825,Igor Julio dos Santos de Paulo,Igor Julio,Brighton
3988,0,0,0,0,1.3,107,0.0,0.03,0.03,0.16,380,0,0,0.5,0.0,2025-05-25,10,0,0,0,0,0,0,0,False,20,0,0,0,0,38,0,3232,0,1,1,4.0,1,204,340,136,5.9,False,0,0,1,0.020773509517312,9,Wolverhampton Wanderers,Brentford,1,1,26978,2024,730092,0.0,0,0,0,0.020773509517312,0.020773509517312,0.0,Brentford,3,3,38,0.8,FWD,0.0,0.01,0.01,0.0,0.07,0.0,0.0,0.3,2.2,0.8,0.0,14.0,0.0,0.0,0.0,0.0,0.0,0.0,0.0,3.0,2.0,1.0,0.0,0.0,0.0,0.0,0.0,0.0,0.0,0.0,0.0,0.0,0.0,0.8,0.0,0.01,0.01,0.0,0.29,0.67,0.0,0.37,2.47,0.47,0.67,9.33,0.0,0.0,0.0,0.0,0.0,0.0,0.0,2.33,2.0,1.0,0.0,0.0,0.0,0.0,0.0,0.0,0.0,0.0,0.0,0.0,0.0,0.63,0.0,0.01,0.03,0.02,0.54,0.8,0.0,0.64,2.32,2.96,1.6,23.8,0.0,0.0,0.0,0.0,0.0,0.0,0.2,2.0,2.6,1.2,0.0,0.2,0.02,0.01,0.0,0.0,0.2,0.0,0.02,0.12,0.09,0.78,249.0,0.4285714285714285,1.0,0.353,0.258,0.389,,,0.0401319967786453,0.0008823228921186,0,,1.163174955790937,Igor Thiago Nascimento Rodrigues,Thiago,Brentford
4021,0,0,15,1,3.3,232,0.01,0.04,0.03,0.88,376,0,0,2.4,13.6,2025-05-25,75,0,0,0,0,0,0,0,False,15,0,0,0,0,38,0,128531,1,1,0,7.0,2,1811,15006,13195,5.2,False,0,0,1,0.0457819513976573,77,Newcastle United,Everton,0,1,26973,2024,730274,0.0,0,0,0,0.0457819513976573,0.2115292251110077,0.16574726998806,Everton,3,4,38,4.0,FWD,1.0,0.12,1.12,1.0,0.35,0.0,2.0,14.6,74.0,16.2,56.0,74.0,0.0,0.0,0.0,0.0,0.0,0.0,1.0,0.0,2.0,13.0,2.0,2.0,0.99,0.38,0.0,0.0,1.0,2.0,0.99,1.46,0.16,4.7,0.33,0.05,0.39,0.34,0.45,0.67,0.67,5.8,28.47,6.97,22.67,64.33,0.0,0.0,0.0,0.0,0.0,0.0,0.67,1.67,1.67,5.33,0.67,1.0,0.34,0.13,0.0,0.0,0.33,0.67,0.34,0.61,0.16,2.83,0.4,0.03,0.28,0.24,0.47,0.6,0.4,4.02,17.92,7.34,15.2,63.2,0.0,0.0,0.0,0.0,0.0,0.0,0.8,1.4,1.2,3.8,0.4,1.0,0.23,0.09,0.0,0.0,0.4,0.4,0.23,0.4,0.11,2.3,2353.0,0.0642175809368462,2.0,0.715,0.173,0.112,,,0.0732613546074174,6.746065928098233e-10,0,,2.2930454204534896,Iliman Ndiaye,Iliman Ndiaye,Everton
4054,1,3,52,1,74.2,625,0.45,0.93,0.48,1.29,372,0,1,16.4,49.0,2025-05-25,84,0,0,0,0,0,0,0,False,9,0,0,0,0,38,0,56960,1,2,0,41.0,14,-937,1915,2852,6.3,False,0,1,1,0.1535872370004654,86,Fulham,Manchester City,0,2,26981,2024,730211,0.3905079364776611,0,5,1,0.1535872370004654,0.6281527280807495,0.1920836567878723,Manchester City,4,3,38,6.3,MID,1.0,0.09,0.1,0.01,0.78,0.0,0.0,5.9,25.8,21.7,11.0,90.0,0.0,0.0,0.0,0.0,0.0,0.0,1.0,1.0,3.0,6.0,0.0,1.0,0.02,0.43,1.0,1.0,1.0,0.0,0.02,1.2,0.77,3.5,0.67,0.09,0.09,0.0,0.98,0.33,0.0,3.57,12.2,16.47,7.0,87.67,0.0,0.0,0.0,0.0,0.0,0.0,1.0,0.67,2.0,3.67,0.0,0.33,0.01,0.15,0.33,0.33,0.67,0.0,0.01,0.48,0.34,5.53,0.6,0.09,0.27,0.18,1.13,0.6,0.0,5.06,17.24,23.46,9.8,88.6,0.0,0.0,0.0,0.0,0.0,0.0,1.0,1.2,2.2,4.4,0.0,1.2,0.27,0.21,0.6,0.6,1.2,0.0,0.27,1.09,0.62,5.04,-675.0,-0.1965596811411789,11.0,0.188,0.224,0.588,,,0.3302039284790761,0.4342692272187554,0,0.0,4.953827324051646,Ilkay Gündogan,Ilkay Gündogan,Man City
4090,1,2,36,1,12.3,85,0.17,0.27,0.1,0.27,371,0,0,5.1,29.6,2025-05-25,90,0,0,0,0,0,0,0,False,11,0,0,0,0,38,0,60439,1,0,2,9.0,11,8521,9616,1095,4.4,True,0,0,1,0.255115807056427,90,Bournemouth,Leicester,2,0,26979,2024,730034,0.4778750836849212,1,1,0,0.255115807056427,0.0313743092119693,0.0313743092119693,Bournemouth,1,3,38,4.3,DEF,0.0,0.01,0.01,0.0,1.6,3.0,0.0,2.2,15.8,4.2,2.0,90.0,0.0,0.0,0.0,0.0,0.0,0.0,1.0,1.0,3.0,1.0,0.0,0.0,0.0,0.0,0.0,0.0,0.0,0.0,0.0,0.07,0.07,1.0,0.0,0.02,0.03,0.01,1.33,1.67,0.0,2.87,18.87,3.23,6.33,89.0,0.0,0.0,0.0,0.0,0.33,0.0,1.0,1.33,1.33,1.33,0.0,0.33,0.0,0.0,0.0,0.0,0.0,0.0,0.0,0.19,0.19,2.33,0.2,0.02,0.05,0.02,1.38,1.2,0.0,3.14,20.24,5.38,5.6,89.4,0.0,0.0,0.0,0.0,0.2,0.0,1.0,1.0,1.0,3.0,0.0,0.6,0.03,0.01,0.0,0.0,0.2,0.0,0.03,0.18,0.18,2.0,9868.0,0.7955372981047522,9.0,0.709,0.18,0.111,,0.6939072608947754,0.0580559670249209,0.0675751085801734,0,0.0,2.204061127890046,Illia Zabarnyi,Illia Zabarnyi,Bournemouth
4128,0,2,27,0,10.9,585,0.1,0.78,0.68,2.17,374,1,1,8.9,44.0,2025-05-25,90,0,0,0,0,0,0,0,False,12,0,0,0,0,38,0,598335,1,1,1,34.0,9,-157571,6119,163690,5.5,False,0,1,2,0.4211841821670532,90,Liverpool,Crystal Palace,1,1,26975,2024,730180,0.1242314279079437,0,1,1,0.4211841821670532,0.5454156398773193,0.0,Crystal Palace,3,5,38,4.5,MID,0.0,0.33,0.66,0.33,1.18,2.0,0.0,7.7,22.8,14.3,40.0,62.0,0.0,0.0,0.0,0.0,0.0,0.0,1.0,2.0,4.0,5.0,0.0,3.0,0.34,0.54,1.0,1.0,1.0,0.0,0.34,0.82,0.07,4.3,0.33,0.36,0.88,0.52,0.82,1.0,0.0,7.73,19.6,26.37,31.33,76.33,0.0,0.0,0.0,0.0,0.0,0.0,1.0,1.67,1.67,4.33,0.0,3.0,0.5,0.62,0.67,0.67,2.0,0.0,0.5,1.17,0.26,2.93,0.4,0.31,0.67,0.36,0.71,0.6,0.0,5.94,13.56,22.54,23.2,69.2,0.0,0.0,0.0,0.0,0.2,0.0,0.8,1.4,1.4,3.2,0.0,2.4,0.46,0.46,0.4,0.4,1.6,0.0,0.46,0.82,0.18,3.2,-164788.0,-0.9279307928319463,7.0,0.677,0.158,0.165,,,0.294395522908494,0.0656027627222701,0,1.0,4.66878590270928,Ismaïla Sarr,Ismaila Sarr,Crystal Palace
4181,0,0,7,0,11.1,631,0.08,0.18,0.1,0.08,373,1,0,3.2,4.6,2025-05-25,20,0,0,0,0,0,0,0,False,19,0,0,0,0,38,0,4659,0,3,1,16.0,1,-39,90,129,5.4,True,0,0,2,0.0634594038128852,18,Ipswich,West Ham,1,3,26980,2024,730011,0.3070130944252014,0,1,0,0.0634594038128852,0.3352546393871307,0.0,Ipswich,2,2,38,0.7,MID,0.0,0.05,0.15,0.1,0.74,2.0,0.0,3.9,6.2,24.1,9.0,70.0,0.0,0.0,0.0,0.0,0.0,0.0,1.0,0.0,2.0,2.0,0.0,1.0,0.07,0.07,0.0,0.0,2.0,0.0,0.07,0.57,0.42,1.2,0.0,0.02,0.06,0.03,0.52,0.67,0.0,2.33,3.93,15.6,3.67,41.67,0.0,0.0,0.0,0.0,0.0,0.0,0.33,1.0,1.33,1.33,0.0,0.33,0.02,0.05,0.0,0.0,1.33,0.0,0.02,0.24,0.17,0.8,0.0,0.01,0.03,0.02,0.68,0.8,0.0,2.26,5.2,13.64,3.8,39.6,0.0,0.0,0.0,0.0,0.0,0.0,0.6,1.4,1.4,1.2,0.0,0.2,0.01,0.04,0.0,0.0,1.2,0.0,0.01,0.15,0.1,0.38,-21.0,-0.1780821917808219,1.0,0.317,0.25,0.432,,,0.1094750364934036,0.0542456005073592,0,0.0,1.7101119839890957,Jack Clarke,Jack Clarke,Ipswich
4235,0,0,7,1,0.9,224,0.01,0.06,0.05,1.27,376,0,0,1.0,3.4,2025-05-25,90,0,0,0,0,0,0,0,False,15,0,0,0,0,38,0,17280,1,1,0,6.0,3,-1744,93,1837,5.2,False,0,0,1,0.0611686632037162,90,Newcastle United,Everton,0,1,26973,2024,730272,0.0,0,0,0,0.0611686632037162,0.0611686632037162,0.0,Everton,3,4,38,1.3,MID,0.0,0.0,0.0,0.0,0.87,0.0,0.0,0.4,2.2,0.1,2.0,25.0,0.0,0.0,0.0,0.0,0.0,0.0,0.0,0.0,2.0,1.0,0.0,0.0,0.0,0.0,0.0,0.0,0.0,0.0,0.0,0.0,0.0,2.0,0.0,0.02,0.08,0.05,0.6,0.67,0.0,2.17,5.07,8.4,8.33,32.33,0.0,0.0,0.0,0.0,0.0,0.0,0.33,1.67,1.67,1.33,0.0,0.33,0.03,0.0,0.0,0.0,0.33,0.0,0.03,0.07,0.04,2.23,0.2,0.02,0.05,0.03,0.57,0.6,0.0,2.42,5.36,12.58,6.2,47.4,0.0,0.0,0.0,0.0,0.0,0.0,0.6,1.4,1.2,1.8,0.0,0.2,0.02,0.01,0.0,0.0,0.6,0.0,0.02,0.14,0.11,1.94,-1874.0,-0.9036269430051812,3.0,0.715,0.173,0.112,,,0.051773712692186,-5.689893001203925e-10,0,0.0,1.2588685617539621,Jack Harrison,Jack Harrison,Everton
4261,0,3,59,0,15.8,126,0.02,0.69,0.67,1.95,379,1,2,19.4,73.4,2025-05-25,90,0,0,0,0,0,0,0,False,18,0,0,0,0,38,0,6787,1,4,1,105.0,15,58,242,184,4.9,False,0,2,3,1.2465064525604248,90,Tottenham,Brighton,1,4,26976,2024,730150,0.0178832188248634,0,1,2,1.2465064525604248,0.201786071062088,0.1839028596878051,Brighton,3,3,38,6.2,MID,0.0,0.01,0.63,0.62,0.0,0.0,1.0,8.1,35.4,10.5,35.0,6.0,0.0,0.0,0.0,0.0,0.0,0.0,0.0,2.0,3.0,6.0,1.0,1.0,0.57,0.11,0.0,0.0,1.0,1.0,0.57,0.69,0.01,2.5,0.33,0.01,0.21,0.21,0.27,0.0,0.33,3.03,12.47,4.97,13.0,25.0,0.0,0.0,0.0,0.0,0.0,0.0,0.33,1.67,1.33,3.33,0.33,0.33,0.19,0.04,0.0,0.0,0.33,0.33,0.19,0.23,0.0,2.9,0.2,0.02,0.16,0.14,0.75,1.0,0.2,4.32,17.84,13.48,12.0,49.2,0.0,0.0,0.0,0.0,0.2,0.0,0.6,1.8,2.2,3.8,0.2,0.6,0.13,0.11,0.4,0.4,1.0,0.2,0.13,0.29,0.14,2.24,122.0,0.136150234741784,12.0,0.225,0.218,0.556,,,0.4020370934060153,0.1142833131098932,0,0.0,3.353035406359756,Jack Hinshelwood,Jack Hinshelwood,Brighton
4312,0,0,3,0,0.8,281,0.0,0.0,0.0,0.08,373,1,0,0.1,0.4,2025-05-25,12,0,0,0,0,0,0,0,False,19,0,0,0,0,38,0,3100,0,3,1,0.0,1,-2,42,44,4.8,True,0,0,0,0.0,10,Ipswich,West Ham,1,3,26980,2024,730014,0.0,0,0,0,0.0,0.0,0.0,Ipswich,2,2,38,0.7,MID,0.0,0.0,0.0,0.0,0.07,0.0,0.0,0.2,1.0,0.9,0.0,19.0,0.0,0.0,0.0,0.0,0.0,0.0,0.0,0.0,2.0,1.0,0.0,0.0,0.0,0.0,0.0,0.0,0.0,0.0,0.0,0.0,0.0,1.5,0.0,0.0,0.02,0.01,0.45,1.0,0.0,0.77,4.73,2.1,1.0,53.33,0.0,0.0,0.0,0.0,0.33,0.0,0.67,1.0,1.33,1.33,0.0,0.67,0.01,0.0,0.0,0.0,0.0,0.0,0.01,0.09,0.07,1.17,0.0,0.01,0.03,0.02,0.94,1.6,0.0,0.98,5.64,2.46,1.8,58.0,0.0,0.0,0.0,0.0,0.2,0.0,0.6,1.4,1.4,1.4,0.0,0.8,0.03,0.0,0.0,0.0,0.0,0.0,0.03,0.06,0.04,0.6,5.0,-0.0232558139534883,1.0,0.317,0.25,0.432,,,-6.725144885422194e-10,-5.689893001203925e-10,0,0.0,0.9999999949304597,Jack Taylor,Jack Taylor,Ipswich
4337,0,0,4,0,1.4,270,0.01,0.04,0.03,1.01,373,3,0,2.9,22.0,2025-05-25,90,0,0,0,0,0,0,0,False,19,0,0,0,0,38,0,267994,1,3,1,6.0,1,-3167,6870,10037,3.8,True,0,0,1,0.0414652116596698,90,Ipswich,West Ham,1,3,26980,2024,730002,0.0,0,0,0,0.0414652116596698,0.1001886129379272,0.1001886129379272,Ipswich,2,2,38,0.7,DEF,0.0,0.01,0.01,0.0,0.8,2.0,0.0,3.4,20.2,11.4,2.0,90.0,0.0,0.0,0.0,0.0,0.0,0.0,1.0,0.0,2.0,1.0,0.0,0.0,0.0,0.05,0.0,0.0,1.0,0.0,0.0,0.18,0.18,1.0,0.0,0.01,0.03,0.01,0.92,1.67,0.0,4.0,23.53,11.23,5.33,90.0,0.0,0.0,0.0,0.0,0.0,0.0,1.0,1.0,1.33,1.33,0.0,0.33,0.02,0.04,0.0,0.0,1.0,0.0,0.02,0.12,0.09,0.33,0.0,0.01,0.02,0.01,1.63,2.4,0.0,3.6,25.68,7.22,3.2,90.0,0.0,0.0,0.0,0.0,0.2,0.0,1.0,1.4,1.4,0.8,0.0,0.2,0.01,0.03,0.0,0.0,0.6,0.0,0.01,0.07,0.06,-0.1,-1624.0,-0.1873188620098184,1.0,0.317,0.25,0.432,,1.436141014099121,0.0306852127048953,-5.972489169892015e-10,0,0.0,1.4661112744376252,Jacob Greaves,Jacob Greaves,Ipswich
4372,0,0,9,0,4.2,402,0.02,0.02,0.0,0.56,376,1,0,1.1,2.8,2025-05-25,69,0,0,0,0,0,0,0,False,8,0,0,0,0,38,0,1631696,1,1,0,4.0,2,-74953,48007,122960,5.2,True,0,0,0,0.0,71,Newcastle United,Everton,0,1,26973,2024,730254,0.0,0,0,0,0.0,0.0,0.0,Newcastle United,3,4,38,3.0,MID,0.0,0.03,0.03,0.0,0.57,1.0,0.0,2.7,15.8,11.6,0.0,62.0,0.0,0.0,0.0,0.0,0.0,0.0,1.0,0.0,1.0,2.0,0.0,0.0,0.0,0.03,0.0,0.0,1.0,0.0,0.0,0.03,0.0,3.0,0.33,0.29,0.33,0.04,0.48,0.67,0.0,4.47,18.4,19.53,6.67,69.0,0.0,0.0,0.0,0.0,0.33,0.0,1.0,0.33,1.33,2.67,0.0,0.67,0.03,0.27,0.33,0.33,1.33,0.0,0.03,0.35,0.08,5.07,0.4,0.24,0.28,0.04,0.67,0.8,0.0,4.82,15.56,23.38,9.2,67.4,0.0,0.0,0.0,0.0,0.2,0.0,1.0,0.4,2.2,3.2,0.0,0.8,0.04,0.26,0.4,0.2,1.4,0.0,0.04,0.35,0.09,4.82,-74160.0,-0.438406242140296,2.0,0.715,0.173,0.112,,,0.0122941839070533,-5.689893001203925e-10,0,0.0,2.0614709178282986,Jacob Murphy,Jacob Murphy,Newcastle
4401,0,0,2,0,0.8,53,0.06,0.06,0.0,1.42,375,2,0,0.5,0.0,2025-05-25,27,0,0,0,0,0,0,0,False,14,0,0,0,0,38,0,33512,0,0,2,4.0,1,-226,507,733,5.4,False,0,0,0,0.0,22,Manchester United,Aston Villa,2,0,26974,2024,730249,0.0,0,0,0,0.0,0.0,0.0,Aston Villa,3,3,38,0.5,MID,1.0,0.01,0.12,0.11,0.08,0.0,0.0,2.6,2.0,11.8,12.0,79.0,0.0,0.0,0.0,1.0,0.0,0.0,1.0,1.0,0.0,0.0,0.0,1.0,0.1,0.06,0.0,0.0,1.0,0.0,0.1,0.51,0.35,1.5,0.33,0.01,0.06,0.05,0.36,0.33,0.0,2.4,4.93,11.63,7.33,56.33,0.0,0.0,0.0,0.33,0.0,0.0,0.67,0.67,1.0,2.0,0.0,0.67,0.04,0.05,0.33,0.0,1.0,0.0,0.04,0.3,0.23,2.5,0.4,0.02,0.08,0.06,0.33,0.2,0.0,2.64,5.76,12.92,8.0,50.4,0.0,0.0,0.0,0.2,0.2,0.0,0.6,1.2,1.4,1.8,0.0,0.8,0.06,0.04,0.2,0.0,1.0,0.0,0.06,0.36,0.28,2.26,-2270.0,-0.182258064516129,1.0,0.218,0.225,0.556,,,0.0386391532256964,-5.689893001203925e-10,0,0.0,1.193195764421514,Jacob Ramsey,Jacob Ramsey,Aston Villa
4453,0,0,7,1,14.3,386,0.01,0.01,0.0,0.64,377,0,0,2.4,9.8,2025-05-25,61,0,0,0,0,0,0,0,False,16,0,0,0,0,38,0,104293,1,1,0,0.0,3,-422,750,1172,6.2,False,0,0,0,0.0,63,Nottingham Forest,Chelsea,0,1,26972,2024,729994,0.0309273600578308,0,1,0,0.0,0.5237188339233398,0.4927915036678314,Chelsea,3,4,38,0.5,MID,0.0,0.04,0.04,0.0,0.01,1.0,0.0,2.1,4.6,12.8,4.0,15.0,0.0,0.0,0.0,0.0,0.0,0.0,0.0,0.0,2.0,1.0,0.0,0.0,0.0,0.04,0.0,0.0,1.0,0.0,0.0,0.04,0.04,0.3,0.0,0.03,0.1,0.07,0.14,0.67,0.0,1.97,3.33,8.1,8.33,15.0,0.0,0.0,0.0,0.0,0.33,0.0,0.0,0.33,2.0,0.67,0.0,0.33,0.1,0.13,0.0,0.0,0.67,0.0,0.1,0.26,0.16,0.43,0.0,0.04,0.09,0.06,0.15,0.4,0.2,3.96,11.2,14.7,13.8,22.4,0.0,0.0,0.0,0.0,0.2,0.0,0.0,1.0,1.8,1.8,0.2,0.6,0.07,0.11,0.0,0.0,1.2,0.2,0.07,0.29,0.2,0.9,-3105.0,-0.2195629552549427,3.0,0.316,0.253,0.431,,,-6.725144885422194e-10,0.0596904677901306,1,0.0,0.1790714000078193,Jadon Sancho,Jadon Sancho,Chelsea
4475,0,0,23,1,0.2,582,0.0,0.0,0.0,1.27,376,0,0,1.6,15.6,2025-05-25,90,0,0,0,0,0,0,0,False,15,0,0,0,0,38,0,99739,1,1,0,0.0,6,-12092,831,12923,4.5,False,0,0,0,0.0,90,Newcastle United,Everton,0,1,26973,2024,730267,0.0,0,0,0,0.0,0.0,0.0,Everton,3,4,38,2.7,DEF,1.0,0.01,0.09,0.08,1.21,0.0,0.0,2.5,13.2,0.6,11.0,90.0,0.0,0.0,0.0,0.0,0.0,0.0,1.0,0.0,2.0,7.0,0.0,1.0,0.05,0.0,0.0,0.0,0.0,0.0,0.05,0.45,0.45,2.7,0.33,0.01,0.03,0.03,0.98,1.0,0.0,1.77,13.13,0.8,3.67,90.0,0.0,0.0,0.0,0.0,0.33,0.0,1.0,0.67,1.67,3.0,0.0,0.33,0.02,0.0,0.0,0.0,0.0,0.0,0.02,0.42,0.42,1.8,0.4,0.01,0.03,0.02,1.1,1.0,0.0,1.74,12.36,1.08,4.0,90.0,0.0,0.0,0.0,0.0,0.2,0.0,1.0,1.0,1.0,3.2,0.0,0.4,0.02,0.0,0.0,0.0,0.0,0.0,0.02,0.25,0.25,1.48,-14001.0,-0.8791624254762251,6.0,0.715,0.173,0.112,,1.0899934768676758,3.9846503874230166e-10,-5.972489169892015e-10,0,0.0,1.4550000005990436,Jake O'Brien,Jake O'Brien,Everton
4492,0,0,10,0,5.3,8,0.03,0.03,0.0,0.63,378,1,0,2.8,22.4,2025-05-25,90,0,0,0,0,0,0,0,False,17,0,0,0,0,38,0,456505,1,2,1,0.0,2,191270,195803,4533,4.9,False,0,0,0,0.0,90,Southampton,Arsenal,1,2,26977,2024,730110,0.0,0,0,0,0.0,0.3584964275360107,0.3584964275360107,Arsenal,5,1,38,4.3,DEF,1.0,0.02,0.02,0.0,1.86,0.0,0.0,7.2,44.2,25.3,2.0,90.0,0.0,0.0,0.0,0.0,1.0,0.0,1.0,0.0,1.0,7.0,0.0,0.0,0.0,0.09,0.0,0.0,2.0,0.0,0.0,0.12,0.1,3.5,0.33,0.01,0.01,0.0,1.8,1.33,0.0,3.4,22.87,10.27,0.67,90.0,0.0,0.0,0.0,0.0,0.33,0.0,1.0,1.33,1.33,3.0,0.0,0.0,0.0,0.03,0.0,0.0,0.67,0.0,0.0,0.32,0.31,4.1,0.4,0.02,0.03,0.01,1.46,1.2,0.2,4.18,29.28,8.18,4.2,90.0,0.0,0.0,0.0,0.0,0.2,0.0,1.0,2.0,1.2,4.4,0.2,0.2,0.02,0.02,0.0,0.0,0.4,0.2,0.02,0.45,0.44,6.5,212725.0,0.9547460266751856,2.0,0.112,0.158,0.73,,0.922011137008667,3.9846503874230166e-10,-5.972489169892015e-10,0,0.0,1.5390000005990434,Jakub Kiwior,Jakub Kiwior,Arsenal
4506,0,0,10,0,0.0,304,0.0,0.0,0.0,1.79,371,2,0,3.1,31.4,2025-05-25,90,0,0,0,0,0,0,0,False,3,0,0,0,0,38,5,60809,1,0,2,0.0,2,4491,8061,3570,4.0,False,0,0,0,0.0,90,Bournemouth,Leicester,2,0,26979,2024,730047,0.0,0,0,0,0.0,0.0343493744730949,0.0343493744730949,Leicester,1,3,38,3.3,GK,1.0,0.0,0.0,0.0,1.41,0.0,0.0,1.6,16.0,0.0,0.0,90.0,0.0,0.0,0.0,0.0,0.0,2.0,1.0,0.0,2.0,6.0,0.0,0.0,0.0,0.0,0.0,0.0,0.0,0.0,0.0,0.0,0.0,3.2,0.67,0.0,0.0,0.0,1.08,0.67,0.0,1.87,18.73,0.0,0.0,90.0,0.0,0.0,0.0,0.0,0.0,2.0,1.0,0.67,2.0,4.33,0.0,0.0,0.0,0.0,0.0,0.0,0.0,0.0,0.0,0.31,0.31,1.83,0.4,0.0,0.0,0.0,1.3,1.0,0.0,1.82,18.24,0.0,0.0,90.0,0.0,0.0,0.0,0.0,0.2,2.2,1.0,1.2,1.4,3.2,0.0,0.0,0.0,0.0,0.0,0.0,0.0,0.0,0.0,0.21,0.21,1.4,5117.0,0.3861232912045396,2.0,0.709,0.18,0.111,3.8559157256204655,1.5179351050518002,,,0,1.0,6.526,Jakub Stolarczyk,Jakub Stolarczyk,Leicester
4544,0,0,8,1,2.9,223,0.01,0.11,0.1,1.27,376,0,0,2.7,10.8,2025-05-25,90,0,0,0,0,0,0,0,False,15,0,0,0,0,38,0,2337,1,1,0,13.0,2,-77,39,116,4.9,False,1,0,2,0.0607825852930545,90,Newcastle United,Everton,0,1,26973,2024,730271,0.0,0,0,0,0.0607825852930545,0.3542795181274414,0.3357299864292145,Everton,3,4,38,1.5,MID,1.0,0.09,0.37,0.28,1.21,0.0,0.0,6.0,13.0,18.5,28.0,90.0,0.0,0.0,0.0,0.0,1.0,0.0,1.0,0.0,2.0,2.0,0.0,3.0,0.23,0.0,0.0,0.0,0.0,0.0,0.23,1.56,1.41,2.5,0.33,0.07,0.16,0.09,0.95,1.0,0.0,3.83,14.47,14.5,9.33,90.0,0.0,0.0,0.0,0.0,0.33,0.0,1.0,1.67,1.67,2.0,0.0,1.0,0.08,0.02,0.0,0.0,0.33,0.0,0.08,0.57,0.5,2.4,0.2,0.07,0.13,0.06,1.15,1.2,0.0,3.42,15.32,13.36,5.6,90.0,0.0,0.0,0.0,0.0,0.2,0.0,1.0,1.4,1.2,2.0,0.0,0.6,0.05,0.03,0.0,0.0,0.4,0.0,0.05,0.42,0.37,1.74,-72.0,-0.4967741935483871,2.0,0.715,0.173,0.112,,,0.0860869155642494,-5.689893001203925e-10,0,0.0,2.430434576114279,James Garner,James Garner,Everton
4590,0,0,15,0,3.4,295,0.01,0.01,0.0,1.79,371,2,0,3.3,29.4,2025-05-25,90,0,0,0,0,0,0,0,False,3,0,0,0,0,38,0,133476,1,0,2,0.0,1,2462,8084,5622,4.1,False,0,0,0,0.0,90,Bournemouth,Leicester,2,0,26979,2024,730048,0.0,0,0,0,0.0,0.0,0.0,Leicester,1,3,38,4.5,DEF,1.0,0.08,0.08,0.0,0.98,0.0,0.0,5.1,39.4,11.6,0.0,63.0,0.0,0.0,0.0,0.0,0.0,0.0,1.0,0.0,2.0,12.0,0.0,0.0,0.0,0.16,1.0,1.0,1.0,0.0,0.0,0.24,0.07,4.8,0.67,0.04,0.04,0.01,0.94,0.67,0.0,2.83,20.8,6.2,1.33,81.0,0.0,0.0,0.0,0.0,0.33,0.0,1.0,0.67,2.0,6.33,0.0,0.33,0.01,0.05,0.33,0.33,0.33,0.0,0.01,0.28,0.23,2.67,0.4,0.02,0.03,0.0,0.8,0.8,0.0,2.28,15.44,6.1,1.2,59.0,0.0,0.0,0.0,0.0,0.2,0.0,0.6,0.6,1.8,4.0,0.0,0.2,0.0,0.05,0.2,0.2,0.4,0.0,0.0,0.18,0.15,1.4,2636.0,0.1796293594046403,1.0,0.709,0.18,0.111,,1.3600213527679443,3.9846503874230166e-10,-5.972489169892015e-10,0,0.0,1.3200000005990433,James Justin,James Justin,Leicester
4640,0,0,3,0,0.0,134,0.0,0.0,0.0,0.0,379,0,0,0.0,0.0,2025-05-25,1,0,0,0,0,0,0,0,False,18,0,0,0,0,38,0,4237,0,4,1,0.0,1,43,68,25,5.0,False,0,0,0,0.0,1,Tottenham,Brighton,1,4,26976,2024,730155,0.0,0,0,0,0.0,0.0,0.0,Brighton,3,3,38,0.0,MID,0.0,0.0,0.0,0.0,0.21,0.0,0.0,0.0,0.0,0.1,0.0,16.0,0.0,0.0,0.0,0.0,0.0,0.0,1.0,1.0,1.0,1.0,0.0,0.0,0.0,0.0,0.0,0.0,0.0,0.0,0.0,0.0,0.0,0.7,0.33,0.05,0.1,0.05,0.66,0.33,0.0,3.57,9.53,22.1,4.0,56.33,0.0,0.0,0.0,0.0,0.33,0.0,1.0,1.67,1.0,1.67,0.0,0.67,0.06,0.09,0.0,0.0,1.33,0.0,0.06,0.17,0.07,1.43,,,,,,,,,,,,,,,,,,,,,,,,,,,,,,,,,,,-6807.0,0.4623655913978494,1.0,0.225,0.218,0.556,,,0.0490058250050193,0.0118904576705431,0,0.0,1.2807004980367258,James Milner,James Milner,Brighton
4697,0,2,37,0,30.3,531,0.22,0.71,0.49,0.48,373,1,1,10.0,45.4,2025-05-25,79,0,0,0,0,0,0,0,False,10,0,0,0,0,38,0,59476,1,3,1,24.0,9,312,775,463,6.1,False,0,1,2,0.454345554113388,82,Ipswich,West Ham,1,3,26980,2024,730022,0.1703000366687774,0,2,1,0.454345554113388,0.7731204628944397,0.1993199288845062,West Ham,2,2,38,4.0,MID,0.0,0.15,0.15,0.0,1.41,1.0,0.0,2.7,10.4,17.0,0.0,58.0,0.0,0.0,0.0,0.0,0.0,0.0,1.0,2.0,1.0,1.0,0.0,0.0,0.0,0.13,0.0,0.0,1.0,0.0,0.0,0.08,0.08,1.0,0.33,0.22,0.38,0.16,1.23,0.33,0.0,4.93,12.6,23.87,13.0,52.67,0.0,0.0,0.0,0.0,0.0,0.0,0.67,1.67,0.67,1.67,0.0,1.33,0.18,0.26,0.0,0.0,1.67,0.0,0.18,0.22,0.05,1.6,0.4,0.14,0.27,0.13,0.89,0.4,0.0,4.36,11.28,20.1,12.2,57.6,0.0,0.0,0.0,0.0,0.0,0.0,0.8,1.6,1.2,1.8,0.0,1.4,0.13,0.17,0.0,0.0,1.4,0.0,0.13,0.19,0.07,1.62,421.0,0.2520193861066236,7.0,0.317,0.25,0.432,,,0.2153833176437085,0.1867168501973242,0,1.0,3.637067138810515,James Ward-Prowse,James Ward-Prowse,West Ham
4796,0,0,11,0,4.8,144,0.06,0.14,0.08,1.95,379,1,0,3.2,17.0,2025-05-25,90,0,0,0,0,0,0,0,False,18,0,0,0,0,38,0,85952,1,4,1,10.0,2,1344,3337,1993,4.5,False,0,0,1,0.1279685795307159,90,Tottenham,Brighton,1,4,26976,2024,730142,0.0,0,0,0,0.1279685795307159,0.3745191395282745,0.3745191395282745,Brighton,3,3,38,3.0,DEF,0.0,0.01,0.01,0.0,2.24,2.0,0.0,5.3,27.8,24.7,0.0,90.0,0.0,0.0,0.0,0.0,0.0,0.0,1.0,2.0,3.0,1.0,0.0,0.0,0.0,0.04,0.0,0.0,2.0,0.0,0.0,0.62,0.61,1.5,0.33,0.01,0.01,0.0,1.67,1.0,0.0,2.97,20.4,8.93,0.0,90.0,0.0,0.0,0.0,0.0,0.0,0.0,1.0,1.67,1.33,3.33,0.0,0.0,0.0,0.01,0.0,0.0,0.67,0.0,0.0,0.23,0.22,1.07,0.2,0.03,0.03,0.0,1.55,1.8,0.0,2.92,18.96,8.74,1.2,90.0,0.0,0.0,0.0,0.2,0.2,0.0,1.0,1.6,2.0,1.4,0.0,0.0,0.0,0.02,0.0,0.0,0.6,0.0,0.0,0.4,0.4,0.54,1963.0,0.2521575984990619,2.0,0.225,0.218,0.556,,1.863692283630371,0.0779652242710149,-5.972489169892015e-10,0,0.0,1.535791343834343,Jan Paul van Hecke,Jan Paul van Hecke,Brighton
4891,1,3,48,0,27.9,514,0.16,0.28,0.12,0.79,373,1,1,12.6,66.8,2025-05-25,90,0,0,0,0,0,0,0,False,10,0,0,0,0,38,0,2121876,1,3,1,31.0,13,511612,527212,15600,7.9,False,0,1,4,0.1723966151475906,90,Ipswich,West Ham,1,3,26980,2024,730025,0.4645785689353943,1,2,1,0.1723966151475906,0.7564301490783691,0.2828693985939026,West Ham,2,2,38,10.0,MID,0.0,0.03,0.19,0.16,1.96,2.0,1.0,8.3,38.6,3.3,41.0,90.0,0.0,0.0,0.0,0.0,0.0,0.0,1.0,2.0,1.0,8.0,1.0,3.0,0.17,0.0,0.0,0.0,0.0,1.0,0.17,0.22,0.05,8.3,0.33,0.03,0.36,0.33,1.15,1.0,1.0,8.47,36.73,3.3,44.67,84.0,0.0,0.0,0.0,0.0,0.0,0.0,1.0,1.67,0.67,8.33,1.0,2.33,0.52,0.0,0.0,0.0,0.0,1.0,0.52,0.4,0.04,8.27,0.4,0.2,0.44,0.24,1.05,1.2,0.8,8.5,36.8,12.9,35.4,85.4,0.0,0.0,0.0,0.0,0.0,0.0,1.0,1.6,1.2,8.8,0.8,2.2,0.38,0.18,0.4,0.4,0.8,0.8,0.38,0.49,0.11,6.06,553210.0,0.9425215360014148,10.0,0.317,0.25,0.432,,,0.3264716700828083,0.2149361119564201,0,0.0,4.2771666862833015,Jarrod Bowen,Jarrod Bowen,West Ham
4923,0,0,6,0,1.1,591,0.01,0.01,0.0,0.76,373,1,0,2.9,28.2,2025-05-25,90,0,0,0,0,0,0,0,False,10,0,0,0,0,38,0,31902,1,3,1,0.0,2,1439,2193,754,4.2,False,0,0,0,0.0,90,Ipswich,West Ham,1,3,26980,2024,730016,0.0,0,0,0,0.0,0.2920812964439392,0.2920812964439392,West Ham,2,2,38,3.0,DEF,0.0,0.0,0.21,0.21,1.96,2.0,0.0,2.6,18.2,0.9,7.0,90.0,0.0,0.0,0.0,0.0,1.0,0.0,1.0,2.0,1.0,0.0,0.0,1.0,0.13,0.0,0.0,0.0,0.0,0.0,0.13,0.18,0.18,1.7,0.33,0.0,0.07,0.07,1.5,1.0,0.0,1.67,13.2,0.53,3.0,83.67,0.0,0.0,0.0,0.0,0.33,0.0,1.0,1.67,0.67,2.67,0.0,0.33,0.04,0.0,0.0,0.0,0.0,0.0,0.04,0.23,0.23,2.1,0.2,0.0,0.04,0.04,1.29,1.4,0.0,1.84,15.88,0.72,1.8,86.2,0.0,0.0,0.0,0.0,0.2,0.0,1.0,1.6,1.2,2.2,0.0,0.2,0.03,0.0,0.0,0.0,0.0,0.0,0.03,0.23,0.23,1.6,1695.0,0.4882931795045809,2.0,0.317,0.25,0.432,,1.5984110832214355,3.9846503874230166e-10,-5.972489169892015e-10,0,0.0,1.2010000005990435,Jean-Clair Todibo,Jean-Clair Todibo,West Ham
4960,0,0,1,1,0.2,207,0.0,0.68,0.68,0.94,374,0,0,2.0,4.2,2025-05-25,61,0,0,0,0,0,0,0,False,12,0,0,0,0,38,0,944268,1,1,1,16.0,2,-154837,27752,182589,7.5,False,0,0,2,0.6839668154716492,63,Liverpool,Crystal Palace,1,1,26975,2024,730182,0.0,0,0,0,0.6839668154716492,0.6839668154716492,0.0,Crystal Palace,3,5,38,0.5,FWD,0.0,0.03,0.23,0.2,0.17,0.0,0.0,2.1,3.2,0.3,17.0,9.0,0.0,0.0,0.0,0.0,0.0,0.0,0.0,2.0,4.0,1.0,0.0,1.0,0.13,0.0,0.0,0.0,0.0,0.0,0.13,0.39,0.27,1.3,0.0,0.02,0.29,0.27,0.47,0.33,0.0,4.27,6.53,8.13,27.67,47.67,0.0,0.0,0.0,0.0,0.0,0.0,0.67,1.67,1.67,1.33,0.0,2.0,0.34,0.05,0.0,0.0,0.67,0.0,0.34,0.5,0.29,2.13,0.2,0.03,0.21,0.18,0.44,0.2,0.2,3.88,11.56,7.96,19.6,45.4,0.0,0.0,0.0,0.0,0.0,0.0,0.6,1.4,1.4,2.8,0.2,1.6,0.22,0.05,0.0,0.0,0.6,0.2,0.22,0.32,0.17,3.68,-162036.0,-0.7361237229070889,2.0,0.677,0.158,0.165,,,0.1483778206685235,0.0008823228921186,0,,1.5961582513504498,Jean-Philippe Mateta,Jean-Philippe Mateta,Crystal Palace
4995,0,0,2,0,0.5,535,0.0,0.0,0.0,0.14,380,0,0,0.1,0.2,2025-05-25,3,0,0,0,0,0,0,0,False,4,0,0,0,0,38,0,18075,0,1,1,0.0,1,-1294,374,1668,4.9,True,0,0,0,0.0,2,Wolverhampton Wanderers,Brentford,1,1,26978,2024,730074,0.0,0,0,0,0.0,0.0,0.0,Wolverhampton Wanderers,3,3,38,2.2,MID,0.0,0.15,0.27,0.12,1.69,4.0,0.0,4.6,19.6,20.7,6.0,90.0,0.0,0.0,0.0,0.0,0.0,0.0,1.0,2.0,4.0,5.0,0.0,1.0,0.06,0.48,1.0,1.0,1.0,0.0,0.06,0.13,0.08,2.2,0.0,0.07,0.14,0.07,0.98,2.0,0.0,3.2,12.6,13.4,6.0,61.67,0.0,0.0,0.0,0.0,0.0,0.0,0.67,1.33,1.67,2.67,0.0,0.67,0.04,0.16,0.33,0.33,0.33,0.0,0.04,0.09,0.05,1.23,0.0,0.04,0.08,0.04,0.74,1.2,0.0,2.12,9.44,8.22,3.6,46.4,0.0,0.0,0.0,0.0,0.0,0.0,0.6,1.2,2.4,2.0,0.0,0.4,0.02,0.1,0.2,0.2,0.2,0.0,0.02,0.08,0.05,0.74,-1231.0,-0.633692458374143,1.0,0.353,0.258,0.389,,,-6.725144885422194e-10,-5.689893001203925e-10,1,0.0,0.9999999949304597,Jean-Ricner Bellegarde,Jean-Ricner Bellegarde,Wolves
5028,0,0,15,0,4.1,206,0.0,0.0,0.0,2.17,374,1,0,3.6,30.2,2025-05-25,90,0,0,0,0,0,0,0,False,12,0,0,0,0,38,0,6621,1,1,1,2.0,2,-257,76,333,4.8,False,0,0,0,0.0,90,Liverpool,Crystal Palace,1,1,26975,2024,730173,0.0,0,0,0,0.0,0.6564021110534668,0.6564021110534668,Crystal Palace,3,5,38,0.8,MID,0.0,0.01,0.01,0.0,1.52,2.0,0.0,2.2,20.8,0.9,0.0,90.0,0.0,0.0,0.0,0.0,0.0,0.0,1.0,2.0,4.0,2.0,0.0,0.0,0.0,0.0,0.0,0.0,0.0,0.0,0.0,0.37,0.37,1.7,0.33,0.05,0.08,0.02,0.68,0.67,0.0,2.6,13.13,5.27,7.33,51.0,0.0,0.0,0.0,0.0,0.33,0.0,0.67,1.67,1.67,1.67,0.0,0.67,0.02,0.04,0.0,0.0,0.33,0.0,0.02,0.37,0.32,1.13,0.2,0.05,0.06,0.01,0.72,0.8,0.0,1.88,10.8,3.5,4.4,57.6,0.0,0.0,0.0,0.0,0.4,0.0,0.6,1.4,1.4,1.4,0.0,0.4,0.01,0.02,0.0,0.0,0.2,0.0,0.01,0.27,0.24,2.04,-267.0,-0.628361858190709,2.0,0.677,0.158,0.165,,,0.0090674208427952,-5.689893001203925e-10,1,0.0,0.045337102507008176,Jefferson Lerma Solís,Jefferson Lerma,Crystal Palace
5070,1,0,24,0,13.7,619,0.04,0.04,0.0,0.94,373,2,0,4.5,31.2,2025-05-25,77,0,0,0,0,0,0,0,False,19,0,0,0,0,38,0,14310,1,3,1,0.0,5,-343,313,656,4.5,True,0,0,0,0.0,80,Ipswich,West Ham,1,3,26980,2024,730005,0.0307238418608903,1,1,0,0.0,0.0871274173259735,0.0564035736024379,Ipswich,2,2,38,1.7,MID,0.0,0.08,0.25,0.17,0.74,2.0,0.0,3.5,4.8,16.8,13.0,70.0,0.0,0.0,0.0,0.0,0.0,0.0,1.0,0.0,2.0,2.0,0.0,2.0,0.14,0.11,0.0,0.0,1.0,0.0,0.14,0.53,0.39,1.0,0.0,0.03,0.09,0.06,0.47,0.67,0.0,1.43,4.0,5.87,4.33,35.67,0.0,0.0,0.0,0.0,0.0,0.0,0.33,1.0,1.33,1.33,0.0,0.67,0.05,0.04,0.0,0.0,0.33,0.0,0.05,0.18,0.13,0.73,0.0,0.02,0.07,0.05,1.19,1.4,0.0,1.92,9.76,6.2,3.2,55.6,0.0,0.0,0.0,0.0,0.0,0.0,0.6,1.8,1.2,1.6,0.0,0.8,0.05,0.02,0.0,0.0,0.4,0.0,0.05,0.2,0.15,0.54,-336.0,-0.3539731682146543,5.0,0.317,0.25,0.432,,,-6.725144885422194e-10,0.1019859025643605,0,0.0,1.305957704330509,Jens Cajuste,Jens Cajuste,Ipswich
5146,0,0,14,0,10.5,191,0.0,0.0,0.0,2.84,372,2,0,3.8,27.4,2025-05-25,90,0,0,0,0,0,0,0,False,13,0,0,0,0,38,0,387230,1,2,0,0.0,1,-4999,961,5960,4.2,True,0,0,0,0.0,90,Fulham,Manchester City,0,2,26981,2024,730189,0.0261149872094392,0,1,0,0.0,0.1052041798830032,0.1052041798830032,Fulham,4,3,38,0.5,DEF,0.0,0.01,0.03,0.02,2.87,2.0,0.0,1.8,11.2,1.9,5.0,90.0,0.0,0.0,0.0,0.0,1.0,0.0,1.0,3.0,2.0,0.0,0.0,1.0,0.02,0.0,0.0,0.0,0.0,0.0,0.02,0.07,0.07,1.2,0.0,0.01,0.05,0.03,1.65,2.0,0.0,2.6,18.27,2.17,5.67,90.0,0.0,0.0,0.0,0.0,0.33,0.0,1.0,2.0,1.33,1.0,0.0,1.0,0.03,0.0,0.0,0.0,0.0,0.0,0.03,0.35,0.32,1.5,0.0,0.03,0.14,0.11,1.3,1.8,0.0,4.22,25.76,3.88,12.6,90.0,0.0,0.0,0.0,0.0,0.2,0.0,1.0,2.0,1.2,1.2,0.0,1.2,0.08,0.0,0.0,0.0,0.0,0.0,0.08,0.37,0.36,1.1,-5387.0,-0.722294466117613,1.0,0.188,0.224,0.588,,1.80193305015564,3.9846503874230166e-10,0.0308293589511554,0,0.0,1.1914880792442564,Joachim Andersen,Joachim Andersen,Fulham
5222,0,0,3,0,1.0,420,0.0,0.0,0.0,0.76,376,1,0,0.3,1.6,2025-05-25,45,0,0,0,0,0,0,0,False,8,0,0,0,0,38,0,14637,0,1,0,0.0,1,-39,111,150,4.7,True,0,0,0,0.0,43,Newcastle United,Everton,0,1,26973,2024,730264,0.0,0,0,0,0.0,0.0,0.0,Newcastle United,3,4,38,1.0,MID,0.0,0.0,0.05,0.05,0.05,0.0,0.0,2.2,1.6,10.6,10.0,14.0,0.0,0.0,0.0,0.0,1.0,0.0,0.0,0.0,1.0,0.0,0.0,1.0,0.06,0.52,0.0,0.0,1.0,0.0,0.06,0.58,0.0,0.2,0.33,0.04,0.18,0.14,0.11,0.33,0.0,3.9,6.67,15.77,16.67,51.0,0.0,0.0,0.0,0.0,0.67,0.0,0.67,0.33,1.67,1.33,0.0,1.33,0.14,0.4,0.0,0.0,1.33,0.0,0.14,0.73,0.19,0.63,0.2,0.03,0.17,0.14,0.2,0.2,0.0,2.62,6.08,9.84,10.8,39.0,0.0,0.0,0.0,0.0,0.4,0.0,0.4,0.4,2.8,1.2,0.0,1.0,0.19,0.24,0.0,0.0,0.8,0.0,0.19,0.56,0.13,0.6,4.0,-0.1494252873563218,1.0,0.715,0.173,0.112,,,-6.725144885422194e-10,0.0005715610889593,1,0.0,0.001714679904305516,Joe Willock,Joe Willock,Newcastle
5287,0,0,6,1,3.1,48,0.03,0.09,0.06,1.44,375,0,0,0.9,0.0,2025-05-25,61,0,0,0,0,0,0,0,False,14,0,0,0,0,38,0,78246,1,0,2,7.0,3,3,1359,1356,5.2,False,0,0,2,0.0627613812685012,67,Manchester United,Aston Villa,2,0,26974,2024,730243,0.0,0,0,0,0.0627613812685012,0.0627613812685012,0.0,Aston Villa,3,3,38,3.2,MID,1.0,0.15,0.26,0.11,0.51,0.0,0.0,5.6,6.6,34.6,15.0,89.0,0.0,0.0,0.0,0.0,0.0,0.0,1.0,0.0,2.0,3.0,0.0,3.0,0.1,0.06,0.0,0.0,2.0,0.0,0.1,0.55,0.49,3.3,0.67,0.08,0.12,0.04,0.62,0.0,0.0,3.87,10.67,23.1,5.0,56.33,0.0,0.0,0.0,0.0,0.0,0.0,0.67,0.33,1.0,3.33,0.0,1.0,0.03,0.13,0.33,0.33,1.33,0.0,0.03,0.21,0.18,3.1,0.4,0.05,0.16,0.11,0.62,0.4,0.0,3.92,11.84,16.38,11.0,53.8,0.0,0.0,0.0,0.0,0.0,0.0,0.6,0.6,1.8,2.6,0.0,1.0,0.1,0.09,0.2,0.2,1.0,0.0,0.1,0.3,0.19,3.38,8.0,0.0011049723756906,3.0,0.218,0.225,0.556,,,0.062671813633546,-5.689893001203925e-10,0,0.0,1.3133590664607622,John McGinn,John McGinn,Aston Villa
5305,0,0,9,0,1.2,371,0.0,0.03,0.03,0.34,375,0,0,3.4,15.6,2025-05-25,24,0,0,0,0,0,0,0,False,2,0,0,0,0,38,0,9031,0,0,2,17.0,1,63,95,32,4.4,True,0,0,1,0.0284976530820131,19,Manchester United,Aston Villa,2,0,26974,2024,730232,0.0,0,0,0,0.0284976530820131,0.0663416534662246,0.0663416534662246,Manchester United,3,3,38,0.2,DEF,0.0,0.0,0.0,0.0,1.36,1.0,0.0,0.9,8.2,0.5,0.0,55.0,0.0,0.0,0.0,0.0,0.0,0.0,1.0,1.0,1.0,1.0,0.0,0.0,0.0,0.0,0.0,0.0,0.0,0.0,0.0,0.52,0.52,0.7,0.0,0.0,0.0,0.0,0.71,0.67,0.0,1.03,8.8,0.8,0.67,58.67,0.0,0.0,0.0,0.0,0.33,0.0,0.67,0.67,2.0,1.0,0.0,0.0,0.0,0.0,0.0,0.0,0.0,0.0,0.0,0.35,0.35,1.43,0.2,0.0,0.02,0.02,0.51,0.4,0.0,1.2,9.92,0.82,1.2,55.8,0.0,0.0,0.0,0.0,0.2,0.0,0.6,1.0,1.2,2.6,0.0,0.2,0.01,0.0,0.0,0.0,0.0,0.0,0.01,0.23,0.23,1.52,-3782.0,0.4960629921259842,1.0,0.218,0.225,0.556,,1.6226160526275637,0.0553753695998646,-5.972489169892015e-10,0,0.0,0.5212522158074407,Jonny Evans,Jonny Evans,Man Utd
5336,0,0,6,0,6.2,192,0.04,0.11,0.07,1.79,371,2,0,2.2,2.6,2025-05-25,90,0,0,0,0,0,0,0,False,3,0,0,0,0,38,0,18833,1,0,2,13.0,2,-979,522,1501,5.1,False,0,0,2,0.0528926588594913,90,Bournemouth,Leicester,2,0,26979,2024,730055,0.0,0,0,0,0.0528926588594913,0.0528926588594913,0.0,Leicester,1,3,38,3.3,MID,1.0,0.01,0.14,0.13,0.98,0.0,0.0,2.5,8.2,11.4,5.0,63.0,0.0,0.0,0.0,0.0,0.0,0.0,1.0,0.0,2.0,3.0,0.0,1.0,0.07,0.17,0.0,0.0,1.0,0.0,0.07,0.31,0.07,3.5,0.67,0.04,0.12,0.08,0.9,0.67,0.33,4.07,18.53,17.07,4.67,64.0,0.0,0.0,0.0,0.0,0.0,0.0,1.0,0.67,2.0,4.33,0.33,1.0,0.06,0.18,0.0,0.0,1.0,0.33,0.06,0.24,0.16,2.5,0.4,0.05,0.11,0.06,0.81,0.8,0.2,3.3,12.72,14.5,5.4,49.4,0.0,0.0,0.0,0.0,0.0,0.0,0.6,0.4,2.2,3.0,0.2,0.8,0.05,0.11,0.0,0.0,0.8,0.2,0.05,0.18,0.13,1.54,-1064.0,-0.4839347503707365,2.0,0.709,0.18,0.111,,,0.1052362572609331,-5.689893001203925e-10,0,0.0,2.5261812845976976,Jordan Ayew,Jordan Ayew,Leicester
5374,0,3,36,1,0.0,235,0.01,0.01,0.0,1.27,376,0,0,4.1,41.2,2025-05-25,90,0,0,0,0,0,0,0,False,15,0,0,0,0,38,6,1805906,1,1,0,0.0,11,-104438,6469,110907,5.2,False,0,0,0,0.0,90,Newcastle United,Everton,0,1,26973,2024,730265,0.0,0,0,0,0.0,0.121313139796257,0.121313139796257,Everton,3,4,38,5.0,GK,1.0,0.0,0.0,0.0,1.21,0.0,0.0,2.1,21.4,0.0,0.0,90.0,0.0,0.0,0.0,0.0,0.0,2.0,1.0,0.0,2.0,6.0,0.0,0.0,0.0,0.0,0.0,0.0,0.0,0.0,0.0,0.38,0.38,4.3,0.33,0.0,0.0,0.0,0.95,1.0,0.0,2.5,25.33,0.0,0.0,90.0,0.0,0.0,0.0,0.0,0.0,3.33,1.0,1.67,1.67,3.67,0.0,0.0,0.0,0.0,0.0,0.0,0.0,0.0,0.0,0.13,0.13,3.77,0.2,0.0,0.0,0.0,1.15,1.2,0.0,2.94,29.48,0.0,0.0,90.0,0.0,0.0,0.0,0.0,0.2,4.0,1.0,1.4,1.2,3.2,0.0,0.0,0.0,0.0,0.0,0.0,0.0,0.0,0.0,0.17,0.17,2.96,-145760.0,-0.8897730370774264,8.0,0.715,0.173,0.112,5.168000851833379,1.4940389011269355,,,0,0.0,2.976,Jordan Pickford,Jordan Pickford,Everton
5382,0,0,5,0,0.3,586,0.0,0.0,0.0,2.84,372,2,0,2.3,22.8,2025-05-25,90,0,0,0,0,0,0,0,False,13,0,0,0,0,38,0,4805,1,2,0,0.0,1,-5,40,45,4.4,True,0,0,0,0.0,90,Fulham,Manchester City,0,2,26981,2024,730190,0.0,0,0,0,0.0,0.0644848421216011,0.0644848421216011,Fulham,4,3,38,0.0,DEF,0.0,0.0,0.0,0.0,0.03,0.0,0.0,0.0,0.0,0.0,0.0,1.0,0.0,0.0,0.0,0.0,0.0,0.0,0.0,3.0,2.0,1.0,0.0,0.0,0.0,0.0,0.0,0.0,0.0,0.0,0.0,0.0,0.0,0.2,0.0,0.0,0.01,0.01,1.2,1.0,0.0,1.3,11.2,0.67,1.33,55.33,0.0,0.0,0.0,0.0,0.0,0.0,0.67,2.0,1.67,1.33,0.0,0.33,0.01,0.0,0.0,0.0,0.0,0.0,0.01,0.15,0.15,0.23,0.0,0.0,0.01,0.0,1.14,1.0,0.0,1.18,10.84,0.4,0.8,51.4,0.0,0.0,0.0,0.0,0.0,0.0,0.6,1.8,1.6,1.2,0.0,0.2,0.0,0.0,0.0,0.0,0.0,0.0,0.0,0.22,0.22,-0.04,16.0,-0.0588235294117647,1.0,0.188,0.224,0.588,,2.718646764755249,0.0004780341124683,-5.972489169892015e-10,0,0.0,-0.3561317971169369,Jorge Cuenca Barreno,Jorge Cuenca,Fulham
5409,0,0,-2,0,1.2,604,0.0,0.03,0.03,0.03,372,0,0,1.1,0.4,2025-05-25,17,0,0,0,0,0,0,0,False,13,0,0,0,0,38,0,9534,0,2,0,9.0,1,74,166,92,4.4,True,0,0,1,0.4621611535549164,16,Fulham,Manchester City,0,2,26981,2024,730202,0.0,0,0,0,0.4621611535549164,0.4621611535549164,0.4621611535549164,Fulham,4,3,38,0.3,MID,0.0,0.01,0.01,0.0,0.26,0.0,0.0,0.5,2.8,2.3,0.0,24.0,0.0,0.0,0.0,0.0,0.0,0.0,0.0,3.0,2.0,1.0,0.0,0.0,0.0,0.0,0.0,0.0,0.0,0.0,0.0,0.02,0.02,0.5,0.0,0.01,0.02,0.02,0.12,0.0,0.0,0.6,1.53,2.5,1.67,10.67,0.0,0.0,0.0,0.0,0.0,0.0,0.0,2.67,1.0,1.0,0.0,0.33,0.03,0.0,0.0,0.0,0.0,0.0,0.03,0.03,0.01,0.23,0.0,0.12,0.17,0.05,0.09,0.0,0.0,0.98,1.6,3.74,4.2,7.6,0.0,0.0,0.0,0.0,0.0,0.0,0.0,2.4,1.6,1.0,0.0,0.4,0.03,0.14,0.0,0.0,0.2,0.0,0.03,0.17,0.0,0.5,94.0,0.2868217054263566,1.0,0.188,0.224,0.588,,,0.0922109774834603,0.0002854695831735,0,0.0,1.461911296166822,Josh King,Joshua King,Fulham
5470,0,0,22,0,10.0,554,0.0,0.0,0.0,1.29,380,1,0,5.8,47.8,2025-05-25,90,0,0,0,0,0,0,0,False,4,0,0,0,0,38,6,322277,1,1,1,0.0,4,-8043,2750,10793,4.4,True,0,0,0,0.0,90,Wolverhampton Wanderers,Brentford,1,1,26978,2024,730063,0.0171871744096279,0,1,0,0.0,0.0466694124042987,0.0294822361320257,Wolverhampton Wanderers,3,3,38,1.8,GK,0.0,0.0,0.0,0.0,1.57,2.0,0.0,0.5,4.8,0.0,0.0,90.0,0.0,0.0,0.0,0.0,0.0,0.0,1.0,2.0,0.0,1.0,0.0,0.0,0.0,0.0,0.0,0.0,0.0,0.0,0.0,0.0,0.0,3.8,0.33,0.0,0.0,0.0,1.14,1.0,0.0,1.73,17.13,0.0,0.0,90.0,0.0,0.0,0.33,0.0,0.0,1.0,1.0,0.67,1.33,5.0,0.0,0.0,0.0,0.0,0.0,0.0,0.0,0.0,0.0,0.08,0.08,2.37,0.2,0.0,0.0,0.0,1.24,1.2,0.0,1.44,14.24,0.0,0.0,90.0,0.0,0.0,0.2,0.0,0.0,1.2,1.0,1.2,1.8,3.6,0.0,0.0,0.0,0.0,0.0,0.0,0.0,0.0,0.0,0.05,0.05,2.02,-18564.0,-0.5938861404415565,4.0,0.353,0.258,0.389,5.93044797592968,1.9066449883373544,,,0,1.0,7.024,José Malheiro de Sá,José Sá,Wolves
5547,0,0,25,0,15.3,553,0.07,0.24,0.17,1.43,380,1,0,4.8,22.8,2025-05-25,90,0,0,0,0,0,0,0,False,4,0,0,0,0,38,0,25338,1,1,1,10.0,1,-1126,103,1229,4.9,True,1,0,2,0.137895330786705,90,Wolverhampton Wanderers,Brentford,1,1,26978,2024,730070,0.0620352290570735,0,1,0,0.137895330786705,0.5944662094116211,0.394535630941391,Wolverhampton Wanderers,3,3,38,1.2,MID,0.0,0.02,0.02,0.0,0.59,2.0,0.0,1.4,10.0,4.1,0.0,45.0,0.0,0.0,0.0,0.0,0.0,0.0,0.0,2.0,4.0,1.0,0.0,0.0,0.0,0.0,0.0,0.0,0.0,0.0,0.0,0.06,0.06,1.8,0.0,0.02,0.02,0.0,0.74,1.33,0.0,1.8,10.47,6.93,0.67,64.67,0.0,0.0,0.0,0.0,0.0,0.0,0.67,1.33,1.67,1.33,0.0,0.0,0.0,0.03,0.0,0.0,0.33,0.0,0.0,0.06,0.03,2.0,0.4,0.02,0.05,0.03,0.94,0.8,0.0,2.18,11.36,8.36,2.2,74.8,0.0,0.0,0.0,0.0,0.0,0.0,0.8,1.0,1.6,2.0,0.0,0.2,0.03,0.04,0.0,0.0,0.4,0.0,0.03,0.18,0.14,1.64,-1151.0,-0.8453453453453453,1.0,0.353,0.258,0.389,,,0.0509296559794063,0.099980031541901,0,0.0,2.5545883745227345,,,
5568,0,0,4,0,3.3,145,0.02,0.02,0.0,0.0,379,0,0,0.7,3.8,2025-05-25,31,0,0,0,0,0,0,0,False,18,0,0,0,0,38,0,128867,0,4,1,0.0,0,-298,454,752,4.3,False,1,0,0,0.0,29,Tottenham,Brighton,1,4,26976,2024,730153,0.0,0,0,0,0.0,0.0134538356214761,0.0134538356214761,Brighton,3,3,38,0.2,DEF,0.0,0.0,0.0,0.0,1.05,1.0,0.0,0.0,0.0,0.1,0.0,21.0,0.0,0.0,0.0,0.0,0.0,0.0,0.0,1.0,1.0,1.0,0.0,0.0,0.0,0.0,0.0,0.0,0.0,0.0,0.0,0.0,0.0,-0.3,0.33,0.01,0.1,0.09,1.67,2.67,0.0,2.1,8.07,1.87,11.0,67.0,0.0,0.0,0.0,0.0,0.0,0.0,0.67,0.33,3.67,2.0,0.0,0.33,0.2,0.0,0.0,0.0,0.0,0.0,0.2,0.34,0.14,1.0,0.2,0.03,0.1,0.07,1.47,2.0,0.0,2.9,12.12,9.12,7.6,74.8,0.0,0.0,0.0,0.0,0.0,0.0,0.8,1.0,2.4,2.0,0.0,0.6,0.13,0.02,0.0,0.0,0.4,0.0,0.13,0.25,0.12,1.1,-1483.0,-0.2470978441127695,0.0,0.225,0.218,0.556,,0.4669395685195923,3.9846503874230166e-10,-5.972489169892015e-10,1,0.0,0.7670000005990434,Joël Veltman,Joël Veltman,Brighton
5605,0,2,33,1,12.3,350,0.04,0.2,0.16,1.74,372,0,0,6.7,17.4,2025-05-25,90,0,0,0,0,0,0,0,False,9,0,0,0,0,38,0,4432222,1,2,0,37.0,8,91116,149247,58131,6.5,False,0,0,1,0.1080260723829269,90,Fulham,Manchester City,0,2,26981,2024,730207,0.0982256680727005,0,1,0,0.1080260723829269,0.3685261011123657,0.2703004479408264,Manchester City,4,3,38,6.5,DEF,0.0,0.01,0.01,0.0,1.06,1.0,0.0,1.6,13.0,2.8,0.0,90.0,0.0,0.0,0.0,0.0,0.0,0.0,1.0,1.0,3.0,2.0,0.0,0.0,0.0,0.0,0.0,0.0,0.0,0.0,0.0,0.1,0.1,5.8,0.67,0.04,0.07,0.02,0.52,0.33,0.0,2.9,13.8,6.33,8.67,90.0,0.0,0.0,0.0,0.0,0.0,0.0,1.0,0.33,1.33,5.33,0.0,0.67,0.05,0.0,0.0,0.0,0.0,0.0,0.05,0.22,0.17,5.5,0.6,0.03,0.08,0.04,0.85,0.4,0.0,2.98,16.88,5.12,7.8,90.0,0.0,0.0,0.0,0.0,0.2,0.0,1.0,0.8,1.2,4.6,0.0,0.8,0.07,0.0,0.0,0.0,0.0,0.0,0.07,0.27,0.23,7.38,81409.0,0.4393715823279229,6.0,0.188,0.224,0.588,,0.8794227838516235,0.1042795112630894,0.0559885629230805,0,0.0,2.3536427563477775,Joško Gvardiol,Josko Gvardiol,Man City
5695,0,0,9,0,0.7,645,0.01,0.08,0.07,1.23,374,1,0,2.8,10.4,2025-05-25,28,0,0,0,0,0,0,0,False,12,0,0,0,0,38,0,8818,0,1,1,17.0,1,-56,143,199,4.5,False,0,0,1,0.0596595108509063,27,Liverpool,Crystal Palace,1,1,26975,2024,730185,0.0,0,0,0,0.0596595108509063,0.1838909387588501,0.1242314279079437,Crystal Palace,3,5,38,0.5,MID,0.0,0.01,0.05,0.04,0.83,1.0,0.0,4.4,26.2,10.7,7.0,45.0,0.0,0.0,0.0,0.0,0.0,0.0,0.0,2.0,4.0,4.0,0.0,1.0,0.04,0.14,1.0,1.0,1.0,0.0,0.04,0.35,0.31,1.7,0.0,0.01,0.07,0.06,0.69,1.0,0.0,2.4,10.53,4.97,8.67,42.33,0.0,0.0,0.0,0.0,0.33,0.0,0.33,2.0,2.0,2.0,0.0,0.67,0.12,0.05,0.33,0.33,0.33,0.0,0.12,0.23,0.1,1.17,0.0,0.01,0.04,0.04,0.43,0.6,0.0,1.48,6.72,3.16,5.2,26.6,0.0,0.0,0.0,0.0,0.2,0.0,0.2,1.2,2.2,1.6,0.0,0.4,0.07,0.03,0.2,0.2,0.2,0.0,0.07,0.14,0.06,0.9,-53.0,-0.1637426900584795,1.0,0.677,0.158,0.165,,,0.1367109494550782,0.0014335891233614,0,0.0,1.687855514645475,Justin Devenny,Justin Devenny,Crystal Palace
5729,0,0,11,1,9.0,71,0.22,0.28,0.06,0.27,371,0,0,3.7,5.0,2025-05-25,90,0,0,0,0,0,0,0,False,11,0,0,0,0,38,0,1266467,1,0,2,23.0,3,58391,95132,36741,5.9,True,0,0,1,0.0374014787375927,90,Bournemouth,Leicester,2,0,26979,2024,730039,0.0,0,0,0,0.0374014787375927,0.3027272522449493,0.3027272522449493,Bournemouth,1,3,38,2.3,MID,0.0,0.02,0.27,0.25,1.33,2.0,0.0,3.1,0.2,0.8,30.0,45.0,0.0,0.0,0.0,0.0,0.0,0.0,1.0,1.0,3.0,1.0,0.0,3.0,0.2,0.0,0.0,0.0,0.0,0.0,0.2,0.2,0.0,1.0,0.0,0.02,0.14,0.13,0.9,1.0,0.0,1.83,0.8,3.3,15.67,51.33,0.0,0.0,0.0,0.0,0.0,0.0,0.67,1.33,1.33,1.33,0.0,1.67,0.09,0.0,0.0,0.0,0.0,0.0,0.09,0.23,0.14,1.1,0.4,0.06,0.14,0.08,0.82,0.6,0.0,2.34,2.92,10.7,11.2,63.0,0.0,0.0,0.0,0.0,0.4,0.0,0.8,1.0,1.0,1.6,0.0,1.2,0.06,0.04,0.0,0.0,0.4,0.0,0.06,0.2,0.1,0.74,70409.0,0.4427820706285593,3.0,0.709,0.18,0.111,,,0.1472492166071015,0.0005715610889593,1,0.0,0.7379607663023855,Justin Kluivert,Justin Kluivert,Bournemouth
5758,0,0,2,1,13.8,346,0.16,0.44,0.28,1.26,372,0,0,5.3,0.6,2025-05-25,73,0,0,0,0,0,0,0,False,9,0,0,0,0,38,0,189410,1,2,0,39.0,3,-10640,3930,14570,6.2,False,0,0,5,0.336375892162323,75,Fulham,Manchester City,0,2,26981,2024,730212,0.1237377673387527,0,1,0,0.336375892162323,0.6348621845245361,0.1920836567878723,Manchester City,4,3,38,3.3,MID,0.0,0.0,0.0,0.0,0.29,1.0,0.0,0.0,0.0,0.3,0.0,1.0,0.0,0.0,0.0,0.0,0.0,0.0,0.0,1.0,3.0,1.0,0.0,0.0,0.0,0.0,0.0,0.0,0.0,0.0,0.0,0.0,0.0,3.2,0.33,0.12,0.12,0.0,0.25,0.33,0.0,6.5,13.87,26.63,24.67,45.33,0.0,0.0,0.0,0.0,0.0,0.0,0.33,0.33,1.33,2.67,0.0,0.0,0.0,0.28,0.33,0.33,2.0,0.0,0.0,0.25,0.19,3.57,0.2,0.12,0.12,0.0,0.17,0.2,0.0,5.12,13.64,20.0,17.6,32.8,0.0,0.0,0.0,0.0,0.0,0.0,0.2,0.8,1.2,2.6,0.0,0.0,0.0,0.22,0.4,0.4,1.4,0.0,0.0,0.22,0.13,4.14,-10637.0,-0.5751351351351351,3.0,0.188,0.224,0.588,,,0.154518832147551,0.0720098362364094,0,0.0,1.9886236694469832,Jérémy Doku,Jéremy Doku,Man City
5793,1,0,11,0,10.6,566,0.01,0.01,0.0,0.23,380,0,0,3.3,20.2,2025-05-25,25,0,0,0,0,0,0,0,False,4,0,0,0,0,38,0,295184,0,1,1,2.0,4,-39101,15178,54279,5.2,True,0,0,0,0.0,24,Wolverhampton Wanderers,Brentford,1,1,26978,2024,730075,0.0423419661819934,1,1,0,0.0,0.0803527534008026,0.0380107872188091,Wolverhampton Wanderers,3,3,38,2.0,FWD,0.0,0.01,0.25,0.24,1.13,3.0,1.0,10.7,51.6,16.1,39.0,66.0,0.0,0.0,0.0,0.0,0.0,0.0,1.0,2.0,4.0,11.0,1.0,1.0,0.48,0.43,1.0,1.0,1.0,1.0,0.48,0.0,0.0,4.5,0.33,0.01,0.35,0.33,0.96,1.33,0.67,5.93,27.4,6.63,25.0,57.67,0.0,0.0,0.0,0.0,0.0,0.0,0.67,1.33,2.33,6.0,0.67,1.67,0.58,0.14,0.33,0.33,0.33,0.67,0.58,0.44,0.02,2.07,0.4,0.01,0.5,0.49,0.93,1.0,0.6,5.72,23.12,4.76,29.4,63.0,0.0,0.0,0.0,0.0,0.0,0.0,0.8,1.4,2.2,5.2,0.6,2.0,0.63,0.09,0.2,0.2,0.2,0.6,0.63,0.53,0.01,2.4,-39942.0,-0.5629526181666354,4.0,0.353,0.258,0.389,,,0.0016442756023746,0.0921690827027221,0,,1.2830843505176648,Jørgen Strand Larsen,Jørgen Strand Larsen,Wolves
5817,0,0,3,0,11.9,4,0.01,0.15,0.14,0.0,378,0,0,2.0,0.2,2025-05-25,19,0,0,0,0,0,0,0,False,17,0,0,0,0,38,0,714630,0,2,1,8.0,1,51385,54198,2813,7.7,False,0,0,1,0.0738414451479911,18,Southampton,Arsenal,1,2,26977,2024,730120,0.078287735581398,0,1,0,0.0738414451479911,0.1521291881799698,0.0,Arsenal,5,1,38,1.7,FWD,0.0,0.01,0.01,0.0,0.32,0.0,0.0,0.2,0.2,0.1,2.0,14.0,0.0,0.0,0.0,0.0,1.0,0.0,0.0,0.0,1.0,0.0,0.0,0.0,0.0,0.0,0.0,0.0,0.0,0.0,0.0,0.0,0.0,0.4,0.33,0.09,0.43,0.34,0.62,0.33,0.33,5.07,21.0,5.4,24.33,64.33,0.0,0.0,0.0,0.0,0.33,0.0,0.67,0.67,2.0,4.67,0.33,2.33,0.38,0.14,0.33,0.33,0.33,0.33,0.38,0.48,0.03,2.8,0.2,0.06,0.38,0.32,0.74,0.8,0.4,5.52,19.04,7.38,28.8,74.6,0.0,0.0,0.0,0.0,0.4,0.0,0.8,1.0,2.0,4.4,0.4,2.6,0.46,0.09,0.2,0.2,0.4,0.4,0.46,0.57,0.16,2.24,55692.0,0.9013172896458578,1.0,0.112,0.158,0.73,,,0.1199093773634429,0.0607262705351632,0,,2.661816321059261,Kai Havertz,Kai Havertz,Arsenal
5862,0,0,9,0,2.3,462,0.01,0.09,0.08,1.88,378,1,0,3.2,12.4,2025-05-25,78,0,0,0,0,0,0,0,False,1,0,0,0,0,38,0,2510,1,2,1,17.0,2,-418,147,565,5.0,True,0,0,2,0.1497305631637573,80,Southampton,Arsenal,1,2,26977,2024,730102,0.0,0,0,0,0.1497305631637573,0.1497305631637573,0.0,Southampton,5,1,38,0.0,MID,0.0,0.0,0.0,0.0,2.7,2.0,0.0,0.4,2.2,1.4,0.0,59.0,0.0,0.0,0.0,0.0,0.0,0.0,1.0,0.0,2.0,1.0,0.0,0.0,0.0,0.0,0.0,0.0,0.0,0.0,0.0,0.0,0.0,0.7,0.33,0.06,0.07,0.02,1.79,1.33,0.0,1.8,6.6,6.17,5.0,67.33,0.0,0.0,0.0,0.0,0.33,0.0,1.0,0.0,1.33,1.33,0.0,0.67,0.02,0.1,0.0,0.0,0.33,0.0,0.02,0.17,0.05,0.9,0.2,0.04,0.11,0.06,1.51,1.2,0.0,2.2,5.24,4.76,12.0,70.4,0.0,0.0,0.0,0.0,0.4,0.0,1.0,0.6,1.2,1.4,0.0,1.6,0.06,0.06,0.0,0.0,0.2,0.0,0.06,0.16,0.05,1.08,-414.0,-0.5870786516853933,2.0,0.112,0.158,0.73,,,0.0806185022934786,-5.689893001203925e-10,0,0.0,2.403092509760425,Kamaldeen Sulemana,Kamaldeen Sulemana,Southampton
5880,0,0,6,0,3.0,299,0.23,0.23,0.0,1.7,371,1,0,1.9,10.0,2025-05-25,85,0,0,0,0,0,0,0,False,3,0,0,0,0,38,0,4643,1,0,2,6.0,2,200,340,140,4.7,False,0,0,0,0.0,90,Bournemouth,Leicester,2,0,26979,2024,730054,0.0,0,0,0,0.0,0.0,0.0,Leicester,1,3,38,3.0,MID,1.0,0.01,0.18,0.17,1.33,0.0,1.0,6.8,38.8,1.8,27.0,79.0,0.0,0.0,0.0,0.0,1.0,0.0,1.0,0.0,2.0,7.0,1.0,3.0,0.17,0.0,0.0,0.0,0.0,1.0,0.17,0.25,0.07,3.0,0.67,0.01,0.14,0.13,1.02,0.67,0.33,6.53,22.47,13.6,29.0,79.33,0.0,0.0,0.0,0.0,0.33,0.0,1.0,0.67,2.0,4.0,0.33,1.67,0.1,0.08,0.0,0.0,1.0,0.33,0.1,0.36,0.17,1.47,0.4,0.04,0.12,0.09,1.63,1.2,0.2,4.8,14.28,11.68,21.8,74.6,0.0,0.0,0.0,0.0,0.4,0.0,0.8,0.8,2.2,2.8,0.2,1.4,0.07,0.07,0.0,0.0,0.8,0.2,0.07,0.29,0.17,0.88,244.0,0.4166666666666667,2.0,0.709,0.18,0.111,,,0.0385769783826217,0.0008582764803157,1,0.0,1.1954597213540556,Kasey McAteer,Kasey McAteer,Leicester
5918,0,0,9,0,17.0,98,0.05,0.56,0.51,1.12,380,1,0,3.9,15.8,2025-05-25,90,0,0,0,0,0,0,0,False,20,0,0,0,0,38,0,10429,1,1,1,6.0,2,-144,171,315,5.0,False,0,0,1,0.6227879524230957,90,Wolverhampton Wanderers,Brentford,1,1,26978,2024,730083,0.0707530379295349,0,1,0,0.6227879524230957,0.7982300519943237,0.1754421144723892,Brentford,3,3,38,1.6,MID,0.0,0.03,0.03,0.0,0.93,3.0,0.0,1.5,7.6,5.3,2.0,75.0,0.0,0.0,0.0,0.0,1.0,0.0,1.0,3.0,2.0,1.0,0.0,0.0,0.0,0.0,0.0,0.0,0.0,0.0,0.0,0.0,0.0,1.5,0.33,0.08,0.08,0.0,1.05,1.33,0.0,2.73,8.73,16.33,2.0,81.67,0.0,0.0,0.0,0.0,0.33,0.0,1.0,2.33,2.0,2.0,0.0,0.0,0.0,0.09,0.0,0.0,1.0,0.0,0.0,0.26,0.17,2.23,0.2,0.08,0.08,0.0,0.8,1.0,0.0,2.44,10.2,12.8,1.2,73.0,0.0,0.0,0.0,0.0,0.4,0.0,1.0,2.2,2.0,2.2,0.0,0.0,0.0,0.12,0.2,0.2,0.8,0.0,0.0,0.3,0.25,1.9,-126.0,-0.2962962962962963,2.0,0.353,0.258,0.389,,,0.0189981987289975,0.0526099247350388,1,0.0,1.2528207678501038,Keane Lewis-Potter,Keane Lewis-Potter,Brentford
5940,0,0,9,0,0.8,257,0.01,0.07,0.06,2.84,372,2,0,4.5,36.2,2025-05-25,90,0,0,0,0,0,0,0,False,13,0,0,0,0,38,0,23964,1,2,0,8.0,1,-485,290,775,4.4,True,0,0,1,0.0563974045217037,90,Fulham,Manchester City,0,2,26981,2024,730188,0.0,0,0,0,0.0563974045217037,0.4882761538028717,0.4882761538028717,Fulham,4,3,38,0.3,DEF,0.0,0.03,0.11,0.08,2.87,2.0,0.0,4.0,21.0,7.7,11.0,90.0,0.0,0.0,0.0,0.0,1.0,0.0,1.0,3.0,2.0,0.0,0.0,1.0,0.06,0.0,0.0,0.0,0.0,0.0,0.06,0.13,0.07,1.0,0.0,0.03,0.06,0.03,1.47,2.0,0.0,3.0,14.27,12.0,3.67,82.0,0.0,0.0,0.0,0.0,0.67,0.0,1.0,2.0,1.33,0.67,0.0,0.33,0.02,0.02,0.0,0.0,0.67,0.0,0.02,0.37,0.34,1.9,0.2,0.04,0.1,0.06,1.15,1.4,0.0,3.78,16.64,14.1,7.0,82.6,0.0,0.0,0.0,0.0,0.4,0.0,1.0,2.0,1.2,2.0,0.0,1.0,0.05,0.03,0.0,0.0,0.8,0.0,0.05,0.38,0.34,1.5,-480.0,-0.4553990610328638,1.0,0.188,0.224,0.588,,2.7518422603607178,0.0346970501009362,-5.972489169892015e-10,0,0.0,0.8321822988138705,Kenny Tete,Kenny Tete,Fulham
5971,0,0,20,1,0.0,152,0.0,0.0,0.0,0.27,371,0,0,0.4,3.6,2025-05-25,90,0,0,0,0,0,0,0,False,11,0,0,0,0,38,0,430188,1,0,2,0.0,6,58680,66423,7743,4.6,True,0,0,0,0.0,90,Bournemouth,Leicester,2,0,26979,2024,730031,0.0,0,0,0,0.0,0.3696727454662323,0.3696727454662323,Bournemouth,1,3,38,3.5,GK,0.0,0.0,0.0,0.0,1.6,3.0,0.0,1.6,15.6,0.0,0.0,90.0,0.0,0.0,0.0,0.0,0.0,2.0,1.0,1.0,3.0,1.0,0.0,0.0,0.0,0.0,0.0,0.0,0.0,0.0,0.0,0.37,0.37,1.7,0.0,0.0,0.0,0.0,1.33,1.67,0.0,2.3,22.87,0.0,0.0,90.0,0.0,0.0,0.0,0.0,0.0,2.33,1.0,1.33,1.33,2.0,0.0,0.0,0.0,0.0,0.0,0.0,0.0,0.0,0.0,0.18,0.18,3.33,0.2,0.0,0.0,0.0,1.38,1.2,0.0,2.24,22.4,0.0,0.0,90.0,0.0,0.0,0.0,0.0,0.0,2.4,1.0,1.0,1.0,3.0,0.0,0.0,0.0,0.0,0.0,0.0,0.0,0.0,0.0,0.13,0.13,2.96,70948.0,0.7911981231291967,6.0,0.709,0.18,0.111,0.0365737448573739,0.5387686743158993,,,0,0.0,1.7429999999999999,Kepa Arrizabalaga,Kepa,Bournemouth
5999,0,0,3,0,1.3,345,0.01,0.01,0.0,0.45,372,0,0,0.2,0.8,2025-05-25,5,0,0,0,0,0,0,0,False,9,0,0,0,0,38,0,1313941,0,2,0,0.0,1,-296723,44411,341134,9.5,False,0,0,0,0.0,4,Fulham,Manchester City,0,2,26981,2024,730214,0.0,0,0,0,0.0,0.0,0.0,Manchester City,4,3,38,5.0,MID,1.0,0.16,1.07,0.91,0.78,0.0,0.0,5.3,1.8,36.5,15.0,68.0,0.0,0.0,0.0,0.0,0.0,0.0,1.0,1.0,3.0,3.0,0.0,3.0,0.76,0.12,0.0,0.0,2.0,0.0,0.76,0.9,0.14,6.2,1.0,0.35,0.91,0.55,0.43,0.0,0.33,8.73,20.2,45.47,21.67,80.33,0.0,0.0,0.0,0.0,0.0,0.0,1.0,0.33,1.33,5.67,0.33,3.0,0.55,0.12,0.0,0.0,2.0,0.33,0.55,0.67,0.19,6.5,0.8,0.33,0.72,0.39,0.78,0.2,0.2,8.54,17.0,49.38,19.0,83.6,0.0,0.0,0.0,0.0,0.0,0.0,1.0,0.8,1.2,4.4,0.2,2.4,0.37,0.18,0.0,0.0,2.6,0.2,0.37,0.48,0.14,7.5,-317626.0,-0.7696196293558469,1.0,0.188,0.224,0.588,,,-6.725144885422194e-10,-5.689893001203925e-10,0,0.0,1.9999999949304597,Kevin De Bruyne,Kevin De Bruyne,Man City
6037,0,0,12,0,12.8,106,0.05,0.15,0.1,0.96,380,1,0,6.9,15.8,2025-05-25,79,0,0,0,0,0,0,0,False,20,0,0,0,0,38,0,374142,1,1,1,40.0,2,-23032,31164,54196,5.3,False,0,0,2,0.140005886554718,81,Wolverhampton Wanderers,Brentford,1,1,26978,2024,730088,0.0183667205274105,0,1,0,0.140005886554718,0.8650761246681213,0.7067034840583801,Brentford,3,3,38,7.4,MID,0.0,0.01,0.13,0.12,0.93,3.0,0.0,3.2,12.4,1.6,18.0,75.0,0.0,0.0,0.0,0.0,0.0,0.0,1.0,3.0,2.0,2.0,0.0,1.0,0.07,0.0,0.0,0.0,0.0,0.0,0.07,0.07,0.0,8.8,0.33,0.03,0.58,0.55,0.77,1.33,1.0,10.57,40.53,8.23,57.0,72.33,0.0,0.0,0.0,0.0,0.0,0.0,1.0,2.33,2.0,9.0,1.0,2.33,0.67,0.05,0.0,0.0,0.67,1.0,0.67,0.51,0.04,8.1,0.4,0.05,0.55,0.5,0.85,1.2,0.8,8.98,33.36,10.6,45.8,74.0,0.0,0.0,0.0,0.0,0.0,0.0,1.0,2.2,2.0,7.4,0.8,2.2,0.6,0.1,0.0,0.0,0.8,0.8,0.6,0.57,0.03,5.26,-32210.0,-0.2698219306466729,2.0,0.353,0.258,0.389,,,0.2858284378772437,0.0713591964069553,0,0.0,3.6432197786070843,Kevin Schade,Kevin Schade,Brentford
6047,0,2,28,0,18.6,21,0.04,0.21,0.17,0.63,378,1,1,10.3,49.4,2025-05-25,62,0,0,0,0,0,0,0,False,17,0,0,0,0,38,0,10517,1,2,1,35.0,10,367,953,586,4.3,False,0,0,1,0.0475624054670333,26,Newcastle United,Everton,0,1,26973,2024,730262,0.1146782860159874,0,3,0,0.0475624054670333,0.1388987451791763,0.1263127774000167,Everton,5,1,38,4.5,DEF,0.0,0.02,0.23,0.21,0.34,0.0,0.0,2.8,7.2,11.4,9.0,45.0,0.0,0.0,0.0,0.0,0.0,0.0,0.0,0.0,0.0,1.0,0.0,0.0,0.0,0.0,0.0,0.0,0.0,0.0,0.0,0.0,0.0,0.7,0.0,0.01,0.08,0.07,0.13,0.0,0.0,1.0,3.07,3.83,3.0,15.33,0.0,0.0,0.0,0.0,0.0,0.0,0.0,1.33,0.67,0.67,0.0,0.0,0.0,0.03,0.0,0.0,0.67,0.0,0.0,0.0,0.0,0.63,0.0,0.05,0.09,0.04,0.12,0.0,0.0,0.9,2.28,4.4,2.2,11.8,0.0,0.0,0.0,0.0,0.0,0.0,0.0,2.0,1.0,0.6,0.0,0.0,0.0,0.02,0.0,0.0,0.4,0.0,0.0,0.0,0.0,0.52,5282.0,0.2384665367121507,8.0,0.715,0.173,0.112,,0.9533109664916992,0.1078384903569733,0.0565139333997894,0,0.0,1.339572742341208,Kieran Tierney,Kieran Tierney,Arsenal
6072,0,0,10,0,41.6,418,0.05,0.09,0.04,0.58,376,1,0,5.4,9.2,2025-05-25,27,0,0,0,0,0,0,0,False,8,0,0,0,0,38,0,505428,0,1,0,3.0,1,-65145,508,65653,5.6,True,0,0,1,0.0475624054670333,26,Newcastle United,Everton,0,1,26973,2024,730262,0.1146782860159874,0,3,0,0.0475624054670333,0.1388987451791763,0.1263127774000167,Newcastle United,3,4,38,0.7,DEF,0.0,0.04,0.04,0.0,0.69,1.0,0.0,2.5,17.4,7.9,0.0,90.0,0.0,0.0,0.0,0.0,0.0,0.0,1.0,1.0,1.0,2.0,0.0,0.0,0.0,0.0,0.0,0.0,0.0,0.0,0.0,0.18,0.18,6.3,0.33,0.2,0.2,0.0,0.97,1.67,0.0,6.4,32.13,30.63,1.33,85.0,0.0,0.0,0.0,0.0,0.0,0.0,1.0,0.67,2.67,5.67,0.0,0.0,0.0,0.36,0.67,0.67,1.33,0.0,0.0,0.35,0.35,3.6,0.4,0.14,0.14,0.0,0.99,1.2,0.0,6.26,28.96,32.1,1.6,82.0,0.0,0.0,0.0,0.0,0.0,0.0,1.0,0.6,3.4,5.8,0.0,0.0,0.0,0.24,0.6,0.6,1.6,0.0,0.0,0.51,0.49,2.16,-194075.0,-0.9846435211076012,1.0,0.715,0.173,0.112,,0.8542141914367676,0.02159981205972,0.1130389530395152,0,0.0,2.0417157314768652,Kieran Trippier,Kieran Trippier,Newcastle
6085,0,0,4,0,0.0,166,0.0,0.0,0.0,0.61,377,0,0,0.2,2.0,2025-05-25,4,0,0,0,0,0,0,0,False,16,0,0,0,0,38,0,12882,0,1,0,0.0,1,-8,76,84,5.5,False,0,0,0,0.0,3,Nottingham Forest,Chelsea,0,1,26972,2024,729998,0.0,0,0,0,0.0,0.0,0.0,Chelsea,3,4,38,-0.3,MID,0.0,0.0,0.0,0.0,0.0,0.0,0.0,0.0,0.0,0.0,0.0,1.0,0.0,0.0,0.0,0.0,0.0,0.0,0.0,0.0,1.0,1.0,0.0,0.0,0.0,0.0,0.0,0.0,0.0,0.0,0.0,0.0,0.0,0.0,0.0,0.01,0.01,0.0,0.18,0.0,0.0,0.97,5.07,3.8,0.67,20.0,0.0,0.0,0.0,0.0,0.0,0.0,0.33,0.0,0.67,1.0,0.0,0.0,0.0,0.02,0.0,0.0,0.33,0.0,0.0,0.02,0.0,0.9,0.0,0.01,0.01,0.0,0.14,0.0,0.0,0.84,4.52,3.36,0.4,19.2,0.0,0.0,0.0,0.0,0.0,0.0,0.2,0.0,1.4,1.0,0.0,0.0,0.0,0.01,0.0,0.0,0.2,0.0,0.0,0.04,0.03,0.94,145.0,-0.05,1.0,0.316,0.253,0.431,,,0.072047530748015,0.0153676195009215,1,0.0,0.4063405122428396,Kiernan Dewsbury-Hall,Kiernan Dewsbury-Hall,Chelsea
6113,0,0,6,0,6.5,378,0.43,0.43,0.0,0.37,375,0,0,1.5,4.8,2025-05-25,45,0,0,0,0,0,0,0,False,2,0,0,0,0,38,0,200267,0,0,2,4.0,1,-343,289,632,5.2,True,0,0,0,0.0,39,Manchester United,Aston Villa,2,0,26974,2024,730231,0.0,0,0,0,0.0,0.426762193441391,0.426762193441391,Manchester United,3,3,38,1.5,MID,0.0,0.0,0.0,0.0,0.0,0.0,0.0,0.3,3.0,0.0,0.0,9.0,0.0,0.0,0.0,0.0,0.0,0.0,0.0,0.0,1.0,1.0,0.0,0.0,0.0,0.0,0.0,0.0,0.0,0.0,0.0,0.0,0.0,1.8,0.0,0.04,0.09,0.06,1.45,2.0,0.0,1.63,8.33,4.57,3.33,63.0,0.0,0.0,0.0,0.0,0.0,0.0,0.67,1.67,1.67,1.67,0.0,0.67,0.05,0.0,0.0,0.0,0.0,0.0,0.05,0.3,0.29,1.7,0.0,0.03,0.07,0.05,1.0,1.4,0.0,2.04,7.4,6.36,6.4,62.2,0.0,0.0,0.0,0.0,0.0,0.0,0.8,1.4,1.2,1.6,0.0,1.0,0.05,0.0,0.0,0.0,0.2,0.0,0.05,0.26,0.25,1.12,-254.0,-0.3724212812160695,1.0,0.218,0.225,0.556,,,0.0158313645581287,-5.689893001203925e-10,0,0.0,2.0791568210836755,Kobbie Mainoo,Kobbie Mainoo,Man Utd
6146,0,0,21,0,0.8,528,0.0,0.0,0.0,0.79,373,1,0,3.3,32.0,2025-05-25,90,0,0,0,0,0,0,0,False,10,0,0,0,0,38,0,14804,1,3,1,0.0,2,-7,130,137,4.3,False,0,0,0,0.0,90,Ipswich,West Ham,1,3,26980,2024,730017,0.0,0,0,0,0.0,0.1726263463497162,0.1726263463497162,West Ham,2,2,38,1.5,DEF,0.0,0.0,0.0,0.0,0.5,0.0,0.0,0.6,6.0,0.1,0.0,7.0,0.0,0.0,0.0,0.0,0.0,0.0,0.0,2.0,0.0,1.0,0.0,0.0,0.0,0.0,0.0,0.0,0.0,0.0,0.0,0.0,0.0,0.8,0.0,0.0,0.02,0.02,0.6,1.0,0.0,1.63,11.07,3.53,2.0,33.0,0.0,0.0,0.0,0.0,0.33,0.0,0.33,1.67,1.33,0.67,0.0,0.33,0.05,0.01,0.0,0.0,0.33,0.0,0.05,0.1,0.1,0.53,0.0,0.0,0.07,0.07,0.75,1.2,0.0,1.32,9.2,2.18,2.0,38.6,0.0,0.0,0.0,0.0,0.2,0.0,0.4,1.4,1.4,0.8,0.0,0.4,0.07,0.0,0.0,0.0,0.2,0.0,0.07,0.09,0.09,0.62,-29.0,-0.0262172284644194,2.0,0.317,0.25,0.432,,1.2396376132965088,3.9846503874230166e-10,-5.972489169892015e-10,0,0.0,0.3800000005990435,Konstantinos Mavropanos,Konstantinos Mavropanos,West Ham
6197,0,0,2,0,0.4,86,0.0,0.14,0.14,0.05,380,0,0,0.9,0.8,2025-05-25,4,0,0,0,0,0,0,0,False,20,0,0,0,0,38,0,23533,0,1,1,8.0,1,-267,179,446,4.4,False,0,0,1,0.1116108000278472,3,Wolverhampton Wanderers,Brentford,1,1,26978,2024,730091,0.0,0,0,0,0.1116108000278472,0.0,0.0,Brentford,3,3,38,0.2,DEF,0.0,0.01,0.01,0.0,0.22,2.0,0.0,0.7,2.4,0.9,4.0,27.0,0.0,0.0,0.0,0.0,0.0,0.0,0.0,3.0,2.0,0.0,0.0,0.0,0.0,0.0,0.0,0.0,0.0,0.0,0.0,0.0,0.0,0.0,0.0,0.0,0.0,0.0,0.25,1.33,0.0,0.27,1.0,0.53,1.33,14.0,0.0,0.0,0.0,0.0,0.33,0.0,0.0,2.67,2.0,0.0,0.0,0.0,0.0,0.0,0.0,0.0,0.0,0.0,0.0,0.03,0.03,0.27,0.0,0.01,0.03,0.02,0.46,1.2,0.0,1.2,4.72,2.7,4.6,26.8,0.0,0.0,0.0,0.0,0.2,0.0,0.2,2.2,2.2,0.6,0.0,0.2,0.01,0.0,0.0,0.0,0.2,0.0,0.01,0.03,0.02,0.66,-241.0,-0.4272,1.0,0.353,0.258,0.389,,0.3410923480987549,0.0371977160854697,-5.972489169892015e-10,0,0.0,1.0521862947210714,Kristoffer Ajer,Kristoffer Ajer,Brentford
6295,1,0,11,0,12.6,23,0.02,0.12,0.1,0.0,378,0,0,3.8,18.0,2025-05-25,27,0,0,0,0,0,0,0,False,17,0,0,0,0,38,0,527977,0,2,1,7.0,4,98260,120957,22697,6.7,False,0,0,1,0.0856678113341331,26,Southampton,Arsenal,1,2,26977,2024,730119,0.01969850435853,1,1,0,0.0856678113341331,0.1256081908941269,0.0202418733388185,Arsenal,5,1,38,5.5,MID,1.0,0.05,0.1,0.05,1.64,0.0,0.0,3.9,12.4,15.8,11.0,87.0,0.0,0.0,0.0,0.0,0.0,0.0,1.0,0.0,1.0,3.0,0.0,1.0,0.1,0.06,0.0,0.0,1.0,0.0,0.1,0.27,0.21,3.4,0.33,0.2,0.37,0.17,1.6,1.33,0.0,5.9,15.87,20.53,22.67,84.67,0.0,0.0,0.0,0.0,0.0,0.0,1.0,1.33,1.33,4.0,0.0,1.67,0.16,0.29,0.33,0.33,1.33,0.0,0.16,0.56,0.14,6.53,0.4,0.18,0.48,0.3,1.34,1.2,0.6,7.7,29.0,16.06,32.0,85.4,0.0,0.0,0.0,0.0,0.0,0.0,1.0,2.0,1.2,7.2,0.6,2.4,0.35,0.2,0.2,0.2,1.0,0.6,0.35,0.53,0.17,10.68,109946.0,0.6840046222172721,4.0,0.112,0.158,0.73,,,0.0419057149679198,0.1233872055230851,0,0.0,2.579690191408854,Leandro Trossard,Leandro Trossard,Arsenal
6328,0,0,-2,0,40.9,267,0.12,0.12,0.0,1.01,373,3,0,5.8,10.8,2025-05-25,90,0,0,0,0,0,0,0,False,19,0,0,0,0,38,0,101351,1,3,1,6.0,1,138,2133,1995,4.2,True,0,0,0,0.0,90,Ipswich,West Ham,1,3,26980,2024,730003,0.1996353566646576,0,3,0,0.0,0.0694647654891014,0.0,Ipswich,2,2,38,0.0,DEF,0.0,0.44,0.53,0.09,0.8,2.0,0.0,8.3,17.0,55.4,11.0,90.0,0.0,0.0,0.0,0.0,0.0,0.0,1.0,0.0,2.0,1.0,0.0,2.0,0.11,0.23,0.0,0.0,4.0,0.0,0.11,0.41,0.28,0.2,0.0,0.15,0.18,0.03,1.12,2.33,0.0,3.43,9.07,21.9,3.67,60.67,0.0,0.0,0.0,0.33,0.0,0.0,1.0,2.0,1.33,-0.33,0.0,0.67,0.04,0.09,0.0,0.0,1.67,0.0,0.04,0.15,0.09,-0.5,0.0,0.11,0.14,0.02,1.15,2.4,0.0,3.02,6.6,21.34,2.4,56.2,0.0,0.0,0.0,0.2,0.0,0.0,0.8,2.4,1.4,0.0,0.0,0.6,0.03,0.09,0.0,0.0,1.6,0.0,0.03,0.09,0.06,-0.2,213.0,0.0334302325581395,1.0,0.317,0.25,0.432,,0.8038252592086792,0.0217902531105038,0.1400428386547654,0,0.0,2.148870034627319,Leif Davis,Leif Davis,Ipswich
6399,0,0,9,0,1.8,188,0.01,0.01,0.0,1.98,378,1,0,0.6,3.8,2025-05-25,85,0,0,0,0,0,0,0,False,1,0,0,0,0,38,0,35868,1,2,1,0.0,2,-1214,325,1539,4.4,True,0,0,0,0.0,87,Southampton,Arsenal,1,2,26977,2024,730100,0.0,0,0,0,0.0,0.0,0.0,Southampton,5,1,38,-0.7,MID,0.0,0.0,0.0,0.0,0.65,0.0,0.0,0.0,0.4,0.0,0.0,45.0,0.0,0.0,0.0,0.0,1.0,0.0,1.0,0.0,0.0,0.0,0.0,0.0,0.0,0.0,0.0,0.0,0.0,0.0,0.0,0.0,0.0,2.2,0.0,0.01,0.03,0.02,1.45,1.33,0.0,1.4,5.87,5.27,3.0,71.0,0.0,0.0,0.0,0.0,0.67,0.0,1.0,0.67,1.0,1.0,0.0,0.33,0.0,0.02,0.0,0.0,0.33,0.0,0.0,0.16,0.14,2.0,0.0,0.01,0.04,0.03,1.66,1.6,0.2,2.82,17.44,4.4,6.4,78.6,0.0,0.0,0.0,0.0,0.4,0.0,1.0,1.2,0.8,3.0,0.2,0.4,0.02,0.01,0.0,0.0,0.2,0.2,0.02,0.2,0.18,1.9,-1527.0,-0.6512875536480687,2.0,0.112,0.158,0.73,,,-6.725144885422194e-10,-5.689893001203925e-10,0,0.0,1.9999999949304597,Lesley Ugochukwu,Chimuanya Ugochukwu,Southampton
6434,0,3,42,1,1.3,162,0.01,0.59,0.58,1.35,377,0,1,7.9,44.4,2025-05-25,90,0,0,0,0,0,0,0,False,16,0,0,0,0,38,0,279658,1,1,0,33.0,15,-5330,3329,8659,4.4,False,0,1,1,0.4844356775283813,90,Nottingham Forest,Chelsea,0,1,26972,2024,729988,0.0,0,0,1,0.4844356775283813,0.0630107000470161,0.0630107000470161,Chelsea,3,4,38,5.3,DEF,1.0,0.01,0.01,0.0,0.29,0.0,0.0,1.5,13.2,1.3,0.0,90.0,0.0,0.0,0.0,0.0,0.0,0.0,1.0,0.0,1.0,6.0,0.0,0.0,0.0,0.0,0.0,0.0,0.0,0.0,0.0,1.1,1.1,3.5,0.33,0.0,0.0,0.0,0.97,1.0,0.0,1.73,16.33,0.87,0.0,90.0,0.0,0.0,0.0,0.0,0.33,0.0,1.0,0.33,2.0,2.67,0.0,0.0,0.0,0.0,0.0,0.0,0.0,0.0,0.0,0.66,0.66,2.23,0.4,0.0,0.06,0.06,0.72,0.8,0.0,2.08,16.0,0.7,4.0,90.0,0.0,0.0,0.0,0.0,0.4,0.0,1.0,0.6,1.6,3.0,0.0,0.4,0.04,0.0,0.0,0.0,0.0,0.0,0.04,0.41,0.41,1.74,-6501.0,-0.4446112779446113,12.0,0.316,0.253,0.431,,1.5028257369995115,0.0934257661078241,-5.972489169892015e-10,0,0.0,1.8095545948551979,Levi Colwill,Levi Colwill,Chelsea
6573,0,0,-5,0,0.8,268,0.0,0.04,0.04,0.08,373,1,0,0.6,0.0,2025-05-25,20,0,0,0,0,0,0,0,False,19,0,0,0,0,38,0,376915,0,3,1,10.0,0,-3132,24083,27215,5.6,True,1,0,1,0.0433783791959285,18,Ipswich,West Ham,1,3,26980,2024,730012,0.0,0,0,0,0.0433783791959285,0.0433783791959285,0.0,Ipswich,2,2,38,0.5,FWD,0.0,0.0,0.0,0.0,0.07,0.0,0.0,0.0,0.0,0.0,0.0,19.0,0.0,0.0,0.0,0.0,0.0,0.0,0.0,0.0,2.0,1.0,0.0,0.0,0.0,0.0,0.0,0.0,0.0,0.0,0.0,0.0,0.0,1.2,0.0,0.01,0.08,0.07,0.45,1.0,0.0,1.53,1.47,3.53,10.0,49.0,0.0,0.0,0.0,0.0,0.33,0.0,0.67,1.0,1.33,1.33,0.0,1.0,0.06,0.03,0.0,0.0,0.33,0.0,0.06,0.09,0.01,0.8,0.0,0.01,0.06,0.06,0.85,1.2,0.0,1.26,0.88,3.06,8.4,45.0,0.0,0.0,0.0,0.0,0.4,0.0,0.6,1.4,1.4,1.2,0.0,1.2,0.06,0.02,0.0,0.0,0.2,0.0,0.06,0.07,0.01,1.14,-4206.0,-0.0610550118913018,0.0,0.317,0.25,0.432,,,0.1855009389446664,0.0348312015222287,0,,1.8464973603453516,Liam Delap,Liam Delap,Ipswich
6606,0,0,0,0,0.0,404,0.0,0.0,0.0,0.0,376,0,0,0.0,0.0,2025-05-25,0,0,0,0,0,0,0,0,False,8,0,0,0,0,38,0,9853,0,1,0,0.0,0,-34,0,34,4.2,True,0,0,0,0.0,90,Venezia,Juventus,2,3,27732,2024,730297,0.0,0,0,0,0.0,0.2456379979848861,0.2456379979848861,Venezia,3,4,38,0.0,DEF,0.0,0.0,0.0,0.0,0.0,0.0,0.0,0.0,0.0,0.0,0.0,0.0,0.0,0.0,0.0,0.0,0.0,0.0,0.0,0.0,1.0,0.0,0.0,0.0,0.0,0.0,0.0,0.0,0.0,0.0,0.0,0.11,0.11,0.0,0.0,0.0,0.02,0.02,0.0,0.0,0.0,0.17,0.0,0.3,2.0,1.0,0.0,0.0,0.0,0.0,0.0,0.0,0.0,1.67,2.0,0.33,0.0,0.33,0.02,0.0,0.0,0.0,0.0,0.0,0.02,0.16,0.16,0.23,0.0,0.0,0.05,0.04,0.22,0.4,0.0,0.94,4.76,2.44,2.6,18.8,0.0,0.0,0.0,0.0,0.2,0.0,0.2,1.8,1.4,0.4,0.0,0.4,0.03,0.01,0.0,0.0,0.2,0.0,0.03,0.14,0.13,0.14,-36.0,-1.0,,,,,,0.1444178819656372,0.0144425529530431,0.0014934650103988,0,0.0,1.019135712749455,Lloyd Kelly,Lloyd Kelly,Newcastle
6701,0,0,11,0,13.0,327,0.04,0.77,0.73,1.44,374,1,0,4.9,11.0,2025-05-25,68,0,0,0,0,0,0,0,False,7,0,0,0,0,38,0,1932302,1,1,1,25.0,2,-27359,63705,91064,7.5,True,0,0,3,0.4347938001155853,70,Liverpool,Crystal Palace,1,1,26975,2024,730166,0.0182196199893951,0,1,0,0.4347938001155853,0.5268693566322327,0.1209698915481567,Liverpool,3,5,38,3.8,MID,0.0,0.04,0.06,0.02,1.19,2.0,0.0,1.4,0.4,1.3,12.0,27.0,0.0,0.0,0.0,0.0,0.0,0.0,0.0,2.0,3.0,1.0,0.0,1.0,0.03,0.0,0.0,0.0,0.0,0.0,0.03,0.05,0.01,5.0,0.0,0.03,0.72,0.69,1.29,1.67,0.67,6.7,25.13,8.17,33.67,60.0,0.0,0.0,0.0,0.0,0.0,0.0,0.67,1.67,3.33,5.33,0.67,1.33,0.68,0.04,0.0,0.0,0.67,0.67,0.68,0.73,0.05,3.17,0.2,0.13,0.77,0.64,1.12,1.2,0.6,8.34,27.92,21.32,34.0,72.0,0.0,0.0,0.0,0.0,0.0,0.0,0.8,1.4,2.4,5.6,0.6,2.0,0.58,0.19,0.0,0.0,1.6,0.6,0.58,0.96,0.24,3.56,-29726.0,-0.1767731264012819,2.0,0.677,0.158,0.165,,,0.1906367020946311,0.0729856179729362,0,0.0,3.172140364391964,Luis Díaz,Luis Díaz,Liverpool
6746,0,0,22,1,15.2,305,0.04,0.04,0.0,1.34,371,0,0,2.9,14.2,2025-05-25,71,0,0,0,0,0,0,0,False,3,0,0,0,0,38,0,161909,1,0,2,0.0,5,-1111,1758,2869,3.9,False,1,0,0,0.0,76,Bournemouth,Leicester,2,0,26979,2024,730051,0.0343493744730949,0,1,0,0.0,0.0343493744730949,0.0343493744730949,Leicester,1,3,38,3.7,DEF,1.0,0.0,0.0,0.0,1.41,0.0,0.0,1.6,15.0,1.0,0.0,90.0,0.0,0.0,0.0,0.0,0.0,0.0,1.0,0.0,2.0,6.0,0.0,0.0,0.0,0.0,0.0,0.0,0.0,0.0,0.0,0.16,0.16,3.2,0.67,0.07,0.15,0.08,1.06,0.67,0.0,3.4,11.47,17.83,4.67,85.33,0.0,0.0,0.0,0.0,0.33,0.0,1.0,0.67,2.0,4.0,0.0,0.67,0.07,0.08,0.0,0.0,1.33,0.0,0.07,0.31,0.23,2.3,0.4,0.05,0.1,0.05,1.55,1.2,0.0,3.28,17.16,12.82,2.8,87.2,0.0,0.0,0.0,0.0,0.2,0.0,1.0,0.6,1.8,3.0,0.0,0.4,0.04,0.05,0.0,0.0,0.8,0.0,0.04,0.2,0.15,1.28,-994.0,-0.2401123838340177,5.0,0.709,0.18,0.111,,2.000374555587769,3.9846503874230166e-10,0.0559332420274447,0,0.0,1.1677997284731245,Luke Thomas,Luke Thomas,Leicester
6842,0,0,3,0,0.3,171,0.0,0.0,0.0,0.61,377,0,0,0.0,0.0,2025-05-25,12,0,0,0,0,0,0,0,False,16,0,0,0,0,38,0,159725,0,1,0,0.0,1,-1027,1009,2036,4.9,False,0,0,0,0.0,11,Nottingham Forest,Chelsea,0,1,26972,2024,729997,0.0,0,0,0,0.0,0.0,0.0,Chelsea,3,4,38,0.5,DEF,0.0,0.0,0.0,0.0,0.0,0.0,0.0,0.4,4.2,0.0,0.0,1.0,0.0,0.0,0.0,0.0,0.0,0.0,0.0,0.0,1.0,1.0,0.0,0.0,0.0,0.0,0.0,0.0,0.0,0.0,0.0,0.0,0.0,0.8,0.0,0.03,0.03,0.0,0.05,0.67,0.0,1.57,6.07,8.97,0.67,9.33,0.0,0.0,0.0,0.0,0.0,0.0,0.0,0.33,2.0,1.0,0.0,0.0,0.0,0.09,0.0,0.0,0.67,0.0,0.0,0.15,0.06,0.3,0.0,0.07,0.07,0.0,0.15,0.4,0.0,2.58,7.64,15.14,3.0,23.2,0.0,0.0,0.0,0.0,0.0,0.0,0.0,1.0,1.8,1.0,0.0,0.2,0.0,0.08,0.0,0.0,1.0,0.0,0.0,0.23,0.17,0.94,-1057.0,-0.3372742200328407,1.0,0.316,0.253,0.431,,0.6000101566314697,0.0008691858095375,0.0049694412612761,0,0.0,0.7201234386410533,Malo Gusto,Malo Gusto,Chelsea
6868,0,0,26,1,1.7,340,0.01,0.42,0.41,1.74,372,0,0,2.0,9.6,2025-05-25,90,0,0,0,0,0,0,0,False,9,0,0,0,0,38,0,266404,1,2,0,9.0,6,4651,5903,1252,5.3,False,0,0,1,0.1350304633378982,90,Fulham,Manchester City,0,2,26981,2024,730206,0.0,0,0,0,0.1350304633378982,0.3685261011123657,0.3685261011123657,Manchester City,4,3,38,4.3,DEF,0.0,0.01,0.01,0.0,1.06,1.0,0.0,1.5,11.4,2.0,2.0,90.0,0.0,0.0,0.0,0.0,0.0,0.0,1.0,1.0,3.0,2.0,0.0,0.0,0.0,0.0,0.0,0.0,0.0,0.0,0.0,0.03,0.03,3.5,0.33,0.07,0.22,0.15,0.39,0.33,0.0,2.93,12.73,5.07,11.67,70.67,0.0,0.0,0.0,0.0,0.0,0.0,0.67,0.33,1.33,3.0,0.0,1.33,0.09,0.0,0.0,0.0,0.0,0.0,0.09,0.17,0.16,2.67,0.2,0.04,0.13,0.09,0.24,0.2,0.0,1.78,7.68,3.26,7.0,43.0,0.0,0.0,0.0,0.0,0.0,0.0,0.4,0.8,1.2,2.2,0.0,0.8,0.05,0.0,0.0,0.0,0.0,0.0,0.05,0.12,0.11,2.16,5296.0,0.6500349406009783,6.0,0.188,0.224,0.588,,1.218318223953247,0.058332284709448,-5.972489169892015e-10,0,0.0,1.7409937064649412,Manuel Akanji,Manuel Akanji,Man City
6951,0,0,21,1,2.7,79,0.02,0.02,0.0,0.25,371,0,0,2.6,17.4,2025-05-25,77,0,0,0,0,0,0,0,False,11,0,0,0,0,38,0,37965,1,0,2,6.0,6,3583,4109,526,4.6,True,0,0,0,0.0,82,Bournemouth,Leicester,2,0,26979,2024,730033,0.0,0,0,0,0.0,0.3264252543449402,0.3264252543449402,Bournemouth,1,3,38,2.3,DEF,0.0,0.0,0.03,0.03,0.0,0.0,0.0,0.7,2.8,0.4,4.0,14.0,0.0,0.0,0.0,0.0,0.0,0.0,0.0,1.0,0.0,1.0,0.0,1.0,0.04,0.0,0.0,0.0,0.0,0.0,0.04,0.04,0.04,0.5,0.0,0.0,0.01,0.01,0.65,0.33,0.0,0.57,4.4,0.13,1.33,21.33,0.0,0.0,0.0,0.0,0.33,0.0,0.33,0.67,0.67,0.67,0.0,0.33,0.01,0.0,0.0,0.0,0.0,0.0,0.01,0.23,0.23,0.17,0.0,0.0,0.01,0.01,0.49,0.4,0.0,0.78,6.64,0.56,0.8,21.8,0.0,0.0,0.0,0.0,0.2,0.0,0.2,1.2,1.0,0.8,0.0,0.2,0.01,0.0,0.0,0.0,0.0,0.0,0.01,0.14,0.14,0.5,4249.0,0.7730312837108954,6.0,0.709,0.18,0.111,,0.653014063835144,0.0338400791772635,-5.972489169892015e-10,0,0.0,0.8760404732718343,Marcos Senesi,Marcos Senesi,Bournemouth
7005,0,1,33,1,71.4,83,0.71,0.88,0.17,0.27,371,0,0,12.4,24.8,2025-05-25,90,0,0,0,0,0,0,0,False,11,0,0,0,0,38,0,28288,1,0,2,28.0,4,3857,4267,410,5.4,True,0,0,5,0.1227086409926414,90,Bournemouth,Leicester,2,0,26979,2024,730037,1.0222771167755127,0,5,0,0.1227086409926414,1.202878713607788,0.7037742733955383,Bournemouth,1,3,38,3.5,MID,0.0,0.06,0.08,0.02,1.6,3.0,0.0,3.6,6.4,23.4,6.0,90.0,0.0,0.0,0.0,0.0,1.0,0.0,1.0,1.0,3.0,1.0,0.0,1.0,0.02,0.31,0.0,0.0,1.0,0.0,0.02,0.46,0.44,1.7,0.0,0.14,0.18,0.04,1.33,1.67,0.0,3.1,6.47,17.93,6.33,90.0,0.0,0.0,0.0,0.0,0.33,0.0,1.0,1.33,1.33,2.67,0.0,1.33,0.05,0.2,0.33,0.0,0.67,0.0,0.05,0.31,0.29,1.63,0.0,0.09,0.13,0.03,1.14,1.2,0.0,2.32,5.96,12.04,5.0,63.4,0.0,0.0,0.0,0.0,0.2,0.0,0.6,1.0,1.0,2.0,0.0,1.0,0.03,0.12,0.2,0.0,0.4,0.0,0.03,0.2,0.18,1.08,4303.0,0.8246739362839427,3.0,0.709,0.18,0.111,,,0.1563648906415498,0.378026775984428,0,0.0,3.915904781161033,Marcus Tavernier,Marcus Tavernier,Bournemouth
7059,0,0,15,0,0.0,91,0.0,0.0,0.0,1.12,380,1,0,3.7,37.4,2025-05-25,90,0,0,0,0,0,0,0,False,20,0,0,0,0,38,5,1141652,1,1,1,0.0,3,-11730,21421,33151,4.5,False,0,0,0,0.0,90,Wolverhampton Wanderers,Brentford,1,1,26978,2024,730079,0.0,0,0,0,0.0,0.0839155614376068,0.0839155614376068,Brentford,3,3,38,5.6,GK,0.0,0.0,0.0,0.0,0.99,3.0,0.0,2.7,26.6,0.0,0.0,90.0,0.0,0.0,0.0,0.0,0.0,4.0,1.0,3.0,2.0,2.0,0.0,0.0,0.0,0.0,0.0,0.0,0.0,0.0,0.0,0.0,0.0,6.2,0.33,0.0,0.0,0.0,1.16,2.0,0.0,2.63,26.13,0.0,0.0,90.0,0.0,0.0,0.0,0.0,0.0,3.33,1.0,2.33,2.0,4.0,0.0,0.0,0.0,0.0,0.0,0.0,0.0,0.0,0.0,0.19,0.19,5.63,0.4,0.0,0.0,0.0,1.18,1.6,0.0,3.2,29.96,2.0,0.0,90.0,0.0,0.0,0.0,0.0,0.0,3.2,1.0,2.2,2.0,5.2,0.0,0.0,0.0,0.04,0.2,0.2,0.2,0.0,0.0,0.33,0.29,4.08,-19157.0,-0.2149453932419555,3.0,0.353,0.258,0.389,4.770746167423224,1.5266542438639972,,,0,1.0,6.827,Mark Flekken,Mark Flekken,Brentford
7106,0,1,26,0,2.9,13,0.03,0.09,0.06,0.0,378,0,1,4.7,35.2,2025-05-25,15,0,0,0,0,0,0,0,False,17,0,0,0,0,38,0,668217,0,2,1,9.0,7,75414,82798,7384,8.2,False,0,1,1,0.01969850435853,14,Southampton,Arsenal,1,2,26977,2024,730121,0.0,0,0,1,0.01969850435853,0.01969850435853,0.01969850435853,Arsenal,5,1,38,8.0,MID,1.0,0.04,0.07,0.03,1.64,0.0,0.0,8.0,24.6,46.1,9.0,90.0,0.0,0.0,0.0,0.0,0.0,0.0,1.0,0.0,1.0,6.0,0.0,1.0,0.02,0.18,1.0,1.0,4.0,0.0,0.02,0.28,0.1,6.8,0.33,0.13,0.23,0.1,1.72,1.33,0.0,6.77,19.6,34.97,13.0,90.0,0.0,0.0,0.0,0.0,0.0,0.0,1.0,1.33,1.33,6.33,0.0,2.0,0.1,0.36,1.0,0.67,2.33,0.0,0.1,0.59,0.27,6.2,0.4,0.21,0.32,0.1,1.4,1.2,0.0,8.7,23.84,42.34,20.6,89.0,0.0,0.0,0.0,0.0,0.0,0.0,1.0,2.0,1.2,6.0,0.0,2.2,0.1,0.32,1.0,0.8,2.8,0.0,0.1,0.66,0.42,6.96,84408.0,0.8362422656405935,6.0,0.112,0.158,0.73,,,0.0629847906128711,-5.689893001203925e-10,0,0.0,2.314923951357388,Martin Ødegaard,Martin Odegaard,Arsenal
7124,0,0,15,1,24.3,382,0.08,0.87,0.79,0.06,375,0,0,10.0,14.0,2025-05-25,65,0,0,0,0,0,0,0,False,2,0,0,0,0,38,0,21206,1,0,2,62.0,3,-1605,1245,2850,6.3,True,0,0,4,0.7441139817237854,71,Manchester United,Aston Villa,2,0,26974,2024,730226,0.0943131446838378,0,1,0,0.7441139817237854,0.9810185432434082,0.2369045168161392,Manchester United,3,3,38,3.2,MID,1.0,0.01,0.22,0.21,0.55,0.0,0.0,1.3,3.0,1.5,8.0,69.0,0.0,0.0,0.0,0.0,0.0,0.0,1.0,0.0,1.0,3.0,0.0,2.0,0.19,0.0,0.0,0.0,0.0,0.0,0.19,0.26,0.08,2.8,0.33,0.09,0.45,0.37,0.96,1.33,0.33,5.27,19.33,12.03,21.0,61.0,0.0,0.0,0.0,0.0,0.0,0.0,1.0,1.67,1.67,3.33,0.33,2.0,0.24,0.03,0.0,0.0,0.67,0.33,0.24,0.3,0.03,2.4,0.2,0.07,0.44,0.37,0.6,1.0,0.2,3.86,11.6,8.88,18.8,47.8,0.0,0.0,0.0,0.0,0.0,0.0,0.6,1.4,1.2,2.4,0.2,2.0,0.3,0.02,0.0,0.0,0.4,0.2,0.3,0.39,0.08,1.6,-1669.0,-0.3919413919413919,3.0,0.218,0.225,0.556,,,0.4076503566233189,0.1456561051920069,0,1.0,5.475220098692615,Mason Mount,Mason Mount,Man Utd
7135,0,0,3,0,0.2,277,0.0,0.0,0.0,0.0,373,0,0,0.3,0.6,2025-05-25,2,0,0,0,0,0,0,0,False,19,0,0,0,0,38,0,23962,0,3,1,2.0,1,537,993,456,4.3,True,0,0,0,0.0,1,Ipswich,West Ham,1,3,26980,2024,730010,0.0,0,0,0,0.0,0.0,0.0,Ipswich,2,2,38,0.0,MID,0.0,0.0,0.0,0.0,0.04,0.0,0.0,0.2,2.2,0.0,0.0,2.0,0.0,0.0,0.0,0.0,0.0,0.0,0.0,0.0,2.0,1.0,0.0,0.0,0.0,0.0,0.0,0.0,0.0,0.0,0.0,0.0,0.0,0.5,0.0,0.0,0.0,0.0,0.18,0.33,0.0,0.1,0.87,0.27,0.0,4.67,0.0,0.0,0.0,0.0,0.0,0.0,0.0,1.33,1.67,1.0,0.0,0.0,0.0,0.0,0.0,0.0,0.0,0.0,0.0,0.0,0.0,-0.27,0.0,0.0,0.0,0.0,0.35,0.4,0.0,0.26,1.76,0.42,0.4,10.0,0.0,0.0,0.0,0.0,0.0,0.0,0.0,2.2,1.2,1.0,0.0,0.0,0.0,0.0,0.0,0.0,0.0,0.0,0.0,0.0,0.0,-0.1,665.0,0.3706004140786749,1.0,0.317,0.25,0.432,,,0.0373361676895565,0.0002854695831735,0,0.0,1.187537247197303,Massimo Luongo,Massimo Luongo,Ipswich
7202,1,1,26,0,49.1,623,0.4,0.54,0.14,2.2,378,2,0,8.7,33.6,2025-05-25,90,0,0,0,0,0,0,0,False,1,0,0,0,0,38,0,7140,1,2,1,4.0,6,-1813,424,2237,5.0,True,0,0,1,0.1155552938580513,90,Southampton,Arsenal,1,2,26977,2024,730101,0.3245538175106048,1,3,0,0.1155552938580513,0.1916647553443908,0.0,Southampton,5,1,38,1.5,MID,0.0,0.12,0.15,0.03,2.73,2.0,0.0,1.9,10.0,7.8,1.0,90.0,0.0,0.0,0.0,0.0,0.0,0.0,1.0,0.0,2.0,2.0,0.0,1.0,0.02,0.0,0.0,0.0,0.0,0.0,0.02,0.75,0.75,1.5,0.33,0.11,0.15,0.05,1.84,1.33,0.0,2.77,13.13,9.27,5.0,78.67,0.0,0.0,0.0,0.0,0.0,0.0,1.0,0.0,1.33,2.0,0.0,1.0,0.05,0.02,0.0,0.0,0.33,0.0,0.05,0.41,0.4,1.33,0.2,0.09,0.12,0.03,1.65,1.2,0.0,3.38,14.76,14.58,4.4,82.2,0.0,0.0,0.0,0.0,0.0,0.0,1.0,0.6,1.2,2.0,0.0,0.8,0.04,0.04,0.0,0.0,0.8,0.0,0.04,0.29,0.25,1.7,-1811.0,-0.6813228109733183,5.0,0.112,0.158,0.73,,,0.0113532922012664,0.3297254763251809,0,0.0,3.0459428899818746,Mateus Gonçalo Espanha Fernandes,Gonçalo Guedes,Southampton
7206,0,0,2,0,0.3,208,0.01,0.1,0.09,0.0,374,0,0,0.0,0.0,2025-05-25,1,0,0,0,0,0,0,0,False,12,0,0,0,0,38,0,24837,0,1,1,1.0,1,-144,138,282,4.4,False,0,0,1,0.0886734426021575,1,Liverpool,Crystal Palace,1,1,26975,2024,730183,0.0,0,0,0,0.0886734426021575,0.2129048705101013,0.1242314279079437,Crystal Palace,3,5,38,-0.5,MID,0.0,0.01,0.08,0.07,0.33,0.0,0.0,3.7,11.8,0.3,25.0,27.0,0.0,0.0,0.0,0.0,0.0,0.0,0.0,2.0,4.0,1.0,0.0,2.0,0.15,0.0,0.0,0.0,0.0,0.0,0.15,0.19,0.04,0.3,0.0,0.06,0.12,0.06,0.13,0.0,0.33,3.83,16.13,0.3,21.67,17.0,0.0,0.0,0.0,0.0,0.0,0.0,0.0,1.67,3.33,2.67,0.33,1.67,0.11,0.0,0.0,0.0,0.0,0.33,0.11,0.12,0.01,1.27,,,,,,,,,,,,,,,,,,,,,,,,,,,,,,,,,,,-133.0,-0.3428571428571428,1.0,0.677,0.158,0.165,,,0.0283308349054212,-5.689893001203925e-10,1,0.0,0.14165417282013815,Matheus França de Oliveira,Matheus Cunha,Crystal Palace
7232,1,0,28,1,17.3,356,0.08,0.26,0.18,1.74,372,0,0,6.4,17.6,2025-05-25,90,0,0,0,0,0,0,0,False,9,0,0,0,0,38,0,17569,1,2,0,29.0,6,-690,1024,1714,4.9,False,0,0,1,0.3080199062824249,90,Fulham,Manchester City,0,2,26981,2024,730204,0.0608413107693195,0,1,0,0.3080199062824249,0.6995648145675659,0.6995648145675659,Manchester City,4,3,38,4.0,MID,0.0,0.16,0.18,0.02,1.06,1.0,0.0,4.2,21.0,18.2,3.0,90.0,0.0,0.0,0.0,0.0,0.0,0.0,1.0,1.0,3.0,5.0,0.0,1.0,0.02,0.14,1.0,1.0,1.0,0.0,0.02,0.35,0.33,3.2,0.33,0.07,0.2,0.13,1.07,0.67,0.33,5.07,26.2,12.07,12.67,90.0,0.0,0.0,0.0,0.0,0.33,0.0,1.0,0.67,2.0,5.33,0.33,0.67,0.1,0.05,0.33,0.33,0.33,0.33,0.1,0.32,0.23,6.1,0.6,0.16,0.24,0.08,1.01,0.4,0.2,4.76,23.72,14.14,9.8,90.0,0.0,0.0,0.0,0.0,0.2,0.0,1.0,0.8,1.2,5.4,0.2,0.6,0.06,0.18,0.4,0.4,0.6,0.2,0.06,0.4,0.34,6.12,-660.0,-0.252008765522279,6.0,0.188,0.224,0.588,,,0.1386989915960876,0.0546993817583136,0,0.0,2.8575931032553785,Matheus Luiz Nunes,Matheus Nunes,Man City
7265,0,0,8,0,17.7,541,0.08,0.46,0.38,1.43,380,1,0,9.1,13.8,2025-05-25,90,0,0,0,0,0,0,0,False,4,0,0,0,0,38,0,1551157,1,1,1,59.0,2,-60681,97641,158322,7.0,True,0,0,8,0.3272885382175445,90,Wolverhampton Wanderers,Brentford,1,1,26978,2024,730071,0.0587225370109081,0,1,0,0.3272885382175445,0.530381977558136,0.253930389881134,Wolverhampton Wanderers,3,3,38,1.2,FWD,0.0,0.03,0.24,0.21,0.56,1.0,0.0,5.4,7.4,25.3,21.0,23.0,0.0,0.0,0.0,0.0,0.0,0.0,0.0,2.0,4.0,1.0,0.0,3.0,0.17,0.05,0.0,0.0,2.0,0.0,0.17,0.06,0.0,4.5,0.0,0.1,0.23,0.13,0.73,1.0,0.0,3.87,2.47,20.83,16.67,55.0,0.0,0.0,0.0,0.0,0.33,0.0,0.67,1.33,1.67,1.0,0.0,2.33,0.11,0.15,0.0,0.0,1.33,0.0,0.11,0.14,0.06,6.07,0.4,0.12,0.32,0.2,0.91,0.6,0.2,7.46,20.64,29.52,25.2,68.6,0.0,0.0,0.0,0.0,0.2,0.0,0.8,1.0,1.6,5.2,0.2,2.8,0.2,0.2,0.6,0.4,2.0,0.2,0.2,0.31,0.12,4.4,-60984.0,-0.2370694201896367,2.0,0.353,0.258,0.389,,,0.6036635037589955,0.1090741173342153,1,,2.741876367038628,,,
7289,0,0,2,0,4.8,95,0.06,0.06,0.0,0.16,380,0,0,0.2,0.0,2025-05-25,10,0,0,0,0,0,0,0,False,20,0,0,0,0,38,0,7239,0,1,1,0.0,1,-43,92,135,5.3,False,0,0,0,0.0,9,Wolverhampton Wanderers,Brentford,1,1,26978,2024,730090,0.0,0,0,0,0.0,0.020773509517312,0.020773509517312,Brentford,3,3,38,1.0,MID,0.0,0.09,0.09,0.0,0.07,0.0,0.0,2.0,5.2,15.0,0.0,15.0,0.0,0.0,0.0,0.0,0.0,0.0,0.0,3.0,2.0,1.0,0.0,0.0,0.0,0.07,0.0,0.0,1.0,0.0,0.0,0.07,0.0,1.0,0.0,0.12,0.12,0.0,0.39,0.67,0.0,0.93,3.0,6.43,0.0,18.33,0.0,0.0,0.0,0.0,0.0,0.0,0.0,2.33,2.0,1.0,0.0,0.0,0.0,0.02,0.0,0.0,0.33,0.0,0.0,0.23,0.21,1.5,0.0,0.1,0.1,0.0,0.49,0.6,0.0,1.48,8.12,6.88,0.0,18.2,0.0,0.0,0.0,0.0,0.2,0.0,0.0,2.2,2.0,1.4,0.0,0.0,0.0,0.1,0.2,0.2,0.4,0.0,0.0,0.18,0.16,1.14,-28.0,-0.1894273127753304,1.0,0.353,0.258,0.389,,,-6.725144885422194e-10,-5.689893001203925e-10,1,0.0,-5.069540343072276e-09,Mathias Jensen,Mathias Jensen,Brentford
7314,0,0,20,0,28.0,149,0.12,0.14,0.02,1.95,379,1,0,5.5,19.0,2025-05-25,90,0,0,0,0,0,0,0,False,18,0,0,0,0,38,0,6317,1,4,1,8.0,2,46,157,111,4.7,False,0,0,1,0.0430170707404613,90,Tottenham,Brighton,1,4,26976,2024,730141,0.0853963121771812,0,2,0,0.0430170707404613,0.2283739745616912,0.1588255167007446,Brighton,3,3,38,3.0,MID,0.0,0.02,0.02,0.0,2.24,2.0,0.0,4.5,23.0,12.3,10.0,90.0,0.0,0.0,0.0,0.0,0.0,0.0,1.0,2.0,3.0,2.0,0.0,0.0,0.0,0.05,0.0,0.0,1.0,0.0,0.0,0.45,0.45,2.0,0.33,0.04,0.04,0.0,1.13,0.67,0.0,3.93,26.47,8.73,4.0,77.67,0.0,0.0,0.0,0.0,0.67,0.0,1.0,1.67,1.33,3.33,0.0,0.0,0.0,0.05,0.67,0.33,0.67,0.0,0.0,0.2,0.17,2.77,0.2,0.1,0.14,0.04,1.31,1.4,0.0,5.6,28.64,15.22,12.0,82.2,0.0,0.0,0.0,0.0,0.4,0.0,1.0,1.8,2.2,3.6,0.0,0.4,0.06,0.12,0.6,0.4,1.0,0.0,0.06,0.33,0.3,2.06,46.0,0.1716417910447761,2.0,0.225,0.218,0.556,,,0.0339493743201386,0.176431538473843,1,0.0,1.699041487022222,Mats Wieffer,Mats Wieffer,Brighton
7344,0,0,14,0,11.5,543,0.01,0.01,0.0,1.29,380,1,0,3.1,19.4,2025-05-25,86,0,0,0,0,0,0,0,False,4,0,0,0,0,38,0,37277,1,1,1,0.0,2,-1060,486,1546,4.3,True,0,0,0,0.0,88,Wolverhampton Wanderers,Brentford,1,1,26978,2024,730064,0.0192299857735633,0,1,0,0.0,0.4352484941482544,0.4352484941482544,Wolverhampton Wanderers,3,3,38,1.2,DEF,0.0,0.02,0.02,0.0,0.91,1.0,0.0,1.2,8.8,1.3,2.0,58.0,0.0,0.0,0.0,0.0,0.0,0.0,1.0,2.0,0.0,1.0,0.0,0.0,0.0,0.0,0.0,0.0,0.0,0.0,0.0,0.0,0.0,2.5,0.33,0.01,0.01,0.0,0.87,0.67,0.0,1.03,8.6,1.17,0.67,68.33,0.0,0.0,0.0,0.0,0.0,0.0,1.0,0.67,1.33,3.0,0.0,0.0,0.0,0.0,0.0,0.0,0.0,0.0,0.0,0.28,0.28,1.5,0.2,0.01,0.01,0.0,0.79,0.4,0.0,0.82,7.08,0.72,0.4,51.6,0.0,0.0,0.0,0.0,0.0,0.0,0.8,1.0,1.6,2.2,0.0,0.0,0.0,0.0,0.0,0.0,0.0,0.0,0.0,0.19,0.19,1.32,-2050.0,-0.5216535433070866,2.0,0.353,0.258,0.389,,1.0444419384002686,3.9846503874230166e-10,0.0391853591403557,0,0.0,1.595556079811857,Matt Doherty,Matt Doherty,Wolves
7365,0,0,23,0,14.2,629,0.01,0.8,0.79,0.0,379,0,1,6.7,35.4,2025-05-25,14,0,0,0,0,0,0,0,False,18,0,0,0,0,38,0,5509,0,4,1,17.0,6,41,243,202,5.5,False,0,1,1,0.7611688375473022,13,Tottenham,Brighton,1,4,26976,2024,730151,0.0130492039024829,0,1,0,0.0,0.0,0.0,Brighton,3,3,38,3.2,MID,0.0,0.41,0.41,0.0,0.21,0.0,0.0,4.2,18.6,15.0,8.0,17.0,0.0,0.0,0.0,0.0,0.0,0.0,0.0,2.0,3.0,4.0,0.0,0.0,0.0,0.57,1.0,1.0,1.0,0.0,0.0,0.59,0.01,1.2,0.0,0.15,0.17,0.02,0.96,0.33,0.0,3.43,9.33,17.77,7.0,55.0,0.0,0.0,0.0,0.0,0.0,0.0,0.67,1.67,1.33,2.33,0.0,0.33,0.02,0.25,0.33,0.33,1.33,0.0,0.02,0.29,0.01,1.77,0.0,0.15,0.19,0.04,1.1,1.0,0.0,4.46,8.24,25.38,10.8,62.0,0.0,0.0,0.0,0.0,0.0,0.0,0.8,1.8,2.2,2.2,0.0,0.8,0.05,0.23,0.2,0.2,1.6,0.0,0.05,0.24,0.04,1.56,121.0,0.0921348314606741,6.0,0.225,0.218,0.556,,,0.1242637748679484,0.0816772099957376,0,0.0,1.8663505043269548,Matt O'Riley,Matt O'Riley,Brighton
7423,0,0,5,0,2.1,32,0.01,0.07,0.06,2.86,375,2,0,4.5,21.6,2025-05-25,90,0,0,0,0,0,0,0,False,14,0,0,0,0,38,0,185017,1,0,2,21.0,1,11315,16018,4703,4.4,False,0,0,1,0.0402324981987476,90,Manchester United,Aston Villa,2,0,26974,2024,730235,0.0,0,0,0,0.0402324981987476,0.0402324981987476,0.0,Aston Villa,3,3,38,4.8,DEF,1.0,0.02,0.08,0.06,0.51,0.0,0.0,2.0,9.8,4.8,5.0,90.0,0.0,0.0,0.0,0.0,1.0,0.0,1.0,0.0,2.0,5.0,0.0,1.0,0.04,0.0,0.0,0.0,0.0,0.0,0.04,0.63,0.59,6.0,1.0,0.01,0.05,0.03,0.72,0.0,0.0,2.97,14.6,7.4,7.33,90.0,0.0,0.0,0.0,0.0,0.33,0.0,1.0,0.33,1.0,6.0,0.0,0.67,0.02,0.0,0.0,0.0,0.0,0.0,0.02,0.47,0.45,4.8,0.6,0.01,0.03,0.02,0.79,0.4,0.0,2.2,11.48,4.7,5.6,84.0,0.0,0.0,0.0,0.0,0.2,0.0,1.0,0.6,1.8,4.4,0.0,0.4,0.01,0.0,0.0,0.0,0.0,0.0,0.01,0.29,0.28,5.04,9068.0,0.5460643791322812,1.0,0.218,0.225,0.556,,1.429760217666626,0.0662062997602483,-5.972489169892015e-10,0,0.0,1.6822377967697433,Matty Cash,Matthew Cash,Aston Villa
7461,0,0,13,0,10.1,443,0.18,0.18,0.0,1.07,377,1,0,2.5,14.4,2025-05-25,90,0,0,0,0,0,0,0,False,6,0,0,0,0,38,1,2257442,1,1,0,0.0,2,-108382,12355,120737,5.2,True,0,0,0,0.0,90,Nottingham Forest,Chelsea,0,1,26972,2024,729971,0.4997830986976623,0,1,0,0.0,0.4997830986976623,0.0,Nottingham Forest,3,4,38,2.3,GK,0.0,0.0,0.0,0.0,1.13,1.0,0.0,3.4,33.8,0.0,0.0,90.0,0.0,0.0,0.0,0.0,0.0,4.0,1.0,2.0,1.0,3.0,0.0,0.0,0.0,0.0,0.0,0.0,0.0,0.0,0.0,0.0,0.0,2.3,0.0,0.0,0.0,0.0,1.59,1.33,0.0,2.5,25.0,0.0,0.0,90.0,0.0,0.0,0.0,0.0,0.33,3.33,1.0,1.67,1.33,2.0,0.0,0.0,0.0,0.0,0.0,0.0,0.0,0.0,0.0,0.06,0.06,2.37,0.0,0.0,0.0,0.0,1.71,1.4,0.0,2.22,22.2,0.0,0.0,90.0,0.0,0.0,0.0,0.0,0.4,3.0,1.0,1.8,1.0,1.8,0.0,0.0,0.0,0.0,0.0,0.0,0.0,0.0,0.0,0.04,0.04,2.32,-126663.0,-0.8143389535058456,2.0,0.316,0.253,0.431,1.942701367467759,1.0888056345597643,,,0,0.0,2.104,Matz Sels,Matz Sels,Nott'm Forest
7503,0,0,6,0,1.8,524,0.01,0.01,0.0,0.79,373,1,0,2.0,18.2,2025-05-25,90,0,0,0,0,0,0,0,False,10,0,0,0,0,38,0,153068,1,3,1,0.0,1,6520,9588,3068,4.3,False,1,0,0,0.0,90,Ipswich,West Ham,1,3,26980,2024,730018,0.0,0,0,0,0.0,0.1726263463497162,0.1726263463497162,West Ham,2,2,38,3.0,DEF,0.0,0.01,0.01,0.0,1.96,2.0,0.0,2.5,23.6,1.5,0.0,90.0,0.0,0.0,0.0,0.0,0.0,0.0,1.0,2.0,1.0,1.0,0.0,0.0,0.0,0.0,0.0,0.0,0.0,0.0,0.0,0.2,0.2,2.0,0.33,0.0,0.04,0.03,1.67,1.0,0.0,2.2,18.2,0.83,3.0,90.0,0.0,0.0,0.0,0.0,0.0,0.0,1.0,1.67,0.67,3.0,0.0,0.67,0.04,0.0,0.0,0.0,0.0,0.0,0.04,0.23,0.23,1.9,0.2,0.03,0.05,0.02,1.39,1.4,0.0,2.76,21.84,3.16,2.6,90.0,0.0,0.0,0.0,0.0,0.2,0.0,1.0,1.6,1.2,2.2,0.0,0.4,0.03,0.01,0.0,0.0,0.2,0.0,0.03,0.28,0.28,1.48,7788.0,0.5151706700379267,1.0,0.317,0.25,0.432,,1.550600290298462,3.9846503874230166e-10,-5.972489169892015e-10,0,0.0,1.2250000005990436,Max Kilman,Max Kilman,West Ham
7538,0,0,12,0,17.0,650,0.05,0.05,0.0,2.17,374,1,0,5.7,39.8,2025-05-25,90,0,0,0,0,0,0,0,False,12,0,0,0,0,38,0,103783,1,1,1,0.0,2,-5246,1973,7219,4.5,False,0,0,0,0.0,90,Liverpool,Crystal Palace,1,1,26975,2024,730174,0.0865972489118576,0,1,0,0.0,0.0865972489118576,0.0,Crystal Palace,3,5,38,1.8,DEF,0.0,0.0,0.0,0.0,1.52,2.0,0.0,1.4,14.0,0.2,0.0,90.0,0.0,0.0,0.0,0.0,0.0,0.0,1.0,2.0,4.0,1.0,0.0,0.0,0.0,0.0,0.0,0.0,0.0,0.0,0.0,0.16,0.16,3.0,0.33,0.05,0.24,0.19,0.97,1.0,0.0,3.4,15.47,3.83,14.67,90.0,0.0,0.0,0.0,0.0,0.0,0.0,1.0,1.67,1.67,3.0,0.0,1.67,0.17,0.02,0.0,0.0,0.33,0.0,0.17,0.34,0.32,2.37,0.4,0.03,0.14,0.12,0.97,1.0,0.0,3.3,18.56,4.42,10.0,90.0,0.0,0.0,0.0,0.0,0.0,0.0,1.0,1.4,1.4,3.2,0.0,1.0,0.1,0.03,0.0,0.0,0.4,0.0,0.1,0.24,0.23,2.38,-6078.0,-0.5707136640557006,2.0,0.677,0.158,0.165,,1.2841064929962158,3.9846503874230166e-10,0.0846632718796909,0,0.0,1.6119898180298629,Maxence Lacroix,Maxence Lacroix,Crystal Palace
7555,0,0,23,1,0.1,228,0.0,0.0,0.0,1.27,376,0,0,1.9,19.0,2025-05-25,90,0,0,0,0,0,0,0,False,15,0,0,0,0,38,0,505860,1,1,0,0.0,6,12249,29114,16865,3.8,False,0,0,0,0.0,90,Newcastle United,Everton,0,1,26973,2024,730268,0.0,0,0,0,0.0,0.1207304969429969,0.1207304969429969,Everton,3,4,38,3.5,DEF,0.0,0.0,0.0,0.0,0.87,0.0,0.0,1.2,9.8,0.1,2.0,16.0,0.0,0.0,0.0,0.0,0.0,0.0,0.0,0.0,2.0,1.0,0.0,0.0,0.0,0.0,0.0,0.0,0.0,0.0,0.0,0.0,0.0,3.0,0.0,0.0,0.06,0.06,1.16,1.0,0.33,3.5,22.0,0.07,13.0,48.0,0.0,0.0,0.0,0.0,0.33,0.0,0.33,1.67,1.0,3.0,0.33,0.67,0.11,0.0,0.0,0.0,0.0,0.33,0.11,0.0,0.0,1.43,0.0,0.0,0.06,0.06,0.89,1.0,0.2,2.76,15.92,0.16,11.6,47.2,0.0,0.0,0.0,0.0,0.4,0.0,0.4,1.4,1.4,2.2,0.2,0.6,0.11,0.0,0.0,0.0,0.0,0.2,0.11,0.02,0.02,2.1,18302.0,0.2664042280171382,6.0,0.715,0.173,0.112,,1.4344868659973145,3.9846503874230166e-10,-5.972489169892015e-10,0,0.0,0.2830000005990435,Michael Keane,Michael Keane,Everton
7582,0,0,0,0,0.1,506,0.0,0.0,0.0,1.32,379,2,0,1.7,16.6,2025-05-25,65,0,0,0,0,0,0,0,False,5,0,0,0,0,38,0,276506,1,4,1,0.0,1,784,2062,1278,4.5,True,0,0,0,0.0,67,Tottenham,Brighton,1,4,26976,2024,730127,0.0,0,0,0,0.0,0.4585594832897186,0.4585594832897186,Tottenham,3,3,38,0.2,DEF,0.0,0.01,0.01,0.0,0.17,2.0,0.0,1.1,9.6,1.8,0.0,45.0,0.0,0.0,0.0,0.0,0.0,0.0,1.0,2.0,1.0,0.0,0.0,0.0,0.0,0.0,0.0,0.0,0.0,0.0,0.0,0.7,0.7,0.0,0.0,0.0,0.07,0.06,0.72,1.33,0.0,1.8,11.47,0.9,5.67,53.67,0.0,0.0,0.0,0.0,0.0,0.0,0.67,1.33,1.33,1.0,0.0,0.33,0.14,0.0,0.0,0.0,0.0,0.0,0.14,0.24,0.24,0.07,0.0,0.0,0.09,0.09,1.01,1.6,0.0,1.7,10.96,0.76,5.4,65.8,0.0,0.0,0.0,0.0,0.2,0.0,0.8,1.6,1.6,1.0,0.0,0.6,0.12,0.0,0.0,0.0,0.0,0.0,0.12,0.27,0.27,0.84,-2199.0,0.2347305389221557,1.0,0.225,0.218,0.556,,1.5597374439239502,3.9846503874230166e-10,-5.972489169892015e-10,0,0.0,0.22000000059904345,Micky van de Ven,Micky van de Ven,Spurs
7619,0,0,5,0,10.8,633,0.01,0.25,0.24,0.63,378,1,0,3.4,5.2,2025-05-25,90,0,0,0,0,0,0,0,False,17,0,0,0,0,38,0,166630,1,2,1,18.0,2,-8838,13012,21850,6.0,False,0,0,3,0.2198496758937835,90,Southampton,Arsenal,1,2,26977,2024,730118,0.1040660813450813,0,1,0,0.2198496758937835,0.3239157795906067,0.0,Arsenal,5,1,38,3.3,MID,0.0,0.02,1.06,1.04,2.19,2.0,1.0,9.5,38.6,12.1,44.0,78.0,0.0,0.0,0.0,1.0,0.0,0.0,1.0,2.0,2.0,4.0,1.0,3.0,0.92,0.04,0.0,0.0,1.0,1.0,0.92,1.03,0.07,2.2,0.0,0.02,0.52,0.49,0.83,1.0,0.33,5.3,22.27,10.97,19.67,50.0,0.0,0.0,0.0,0.33,0.0,0.0,0.67,2.67,1.0,3.0,0.33,1.67,0.47,0.19,0.33,0.33,0.67,0.33,0.47,0.59,0.06,4.67,0.0,0.02,0.36,0.34,0.71,0.8,0.2,3.92,16.48,7.58,15.2,51.0,0.0,0.0,0.0,0.2,0.0,0.0,0.6,2.0,1.0,2.4,0.2,1.6,0.31,0.11,0.2,0.2,0.4,0.2,0.31,0.38,0.05,4.3,-73295.0,-0.2535138546268143,2.0,0.112,0.158,0.73,,,0.1196386780737845,0.0549610789568253,0,0.0,1.7630766272393985,Mikel Merino,Mikel Merino,Arsenal
7667,0,0,12,0,19.4,89,0.1,0.1,0.0,0.96,380,1,0,3.6,16.6,2025-05-25,79,0,0,0,0,0,0,0,False,20,0,0,0,0,38,0,132839,1,1,1,0.0,2,-6936,1915,8851,4.9,False,0,0,0,0.0,81,Wolverhampton Wanderers,Brentford,1,1,26978,2024,730087,0.3355469405651092,0,1,0,0.0,1.113003492355347,1.113003492355347,Brentford,3,3,38,3.0,MID,0.0,0.31,0.41,0.1,0.99,3.0,0.0,3.9,8.4,24.3,6.0,90.0,0.0,0.0,0.0,0.0,0.0,0.0,1.0,3.0,2.0,2.0,0.0,1.0,0.05,0.33,0.0,0.0,1.0,0.0,0.05,0.38,0.0,3.2,0.33,0.22,0.29,0.07,0.9,1.33,0.0,4.13,10.47,24.77,6.0,84.67,0.0,0.0,0.0,0.0,0.0,0.0,1.0,2.33,2.0,3.33,0.0,1.0,0.05,0.36,0.33,0.0,1.67,0.0,0.05,0.26,0.04,3.3,0.4,0.24,0.29,0.05,0.95,1.2,0.0,3.8,8.76,23.74,5.4,84.6,0.0,0.0,0.0,0.0,0.0,0.0,1.0,2.2,2.0,3.0,0.0,0.8,0.03,0.31,0.2,0.0,1.4,0.0,0.03,0.28,0.14,2.38,-7359.0,-0.6442504179825376,2.0,0.353,0.258,0.389,,,-6.725144885422194e-10,0.0631732223434586,0,0.0,2.189519663667803,Mikkel Damsgaard,Mikkel Damsgaard,Brentford
7705,0,0,23,1,23.8,70,0.07,0.12,0.05,0.27,371,0,0,4.9,11.4,2025-05-25,90,0,0,0,0,0,0,0,False,11,0,0,0,0,38,0,2342159,1,0,2,14.0,6,335621,355799,20178,5.3,True,0,0,1,0.0374014563858509,90,Bournemouth,Leicester,2,0,26979,2024,730035,0.0313743092119693,0,1,0,0.0374014563858509,0.7443506121635437,0.6755748391151428,Bournemouth,1,3,38,3.3,DEF,0.0,0.08,0.08,0.0,1.51,2.0,0.0,2.8,5.2,20.9,2.0,82.0,0.0,0.0,0.0,0.0,0.0,0.0,1.0,1.0,3.0,1.0,0.0,0.0,0.0,0.05,0.0,0.0,1.0,0.0,0.0,0.44,0.39,1.3,0.0,0.08,0.09,0.01,1.3,1.33,0.0,3.53,8.93,21.53,5.0,86.33,0.0,0.0,0.0,0.0,0.0,0.0,1.0,1.33,1.33,1.67,0.0,0.33,0.01,0.14,0.0,0.0,1.0,0.0,0.01,0.29,0.27,2.77,0.2,0.09,0.09,0.01,1.36,1.0,0.0,4.28,11.68,27.42,3.8,87.8,0.0,0.0,0.0,0.0,0.0,0.0,1.0,1.0,1.0,3.0,0.0,0.2,0.0,0.14,0.0,0.0,1.4,0.0,0.0,0.23,0.21,2.46,393124.0,0.8926636469784056,6.0,0.709,0.18,0.111,,1.0693018436431885,0.0793133432659543,0.0827522776298812,0,0.0,2.189136892485369,Milos Kerkez,Milos Kerkez,Bournemouth
7741,1,0,14,0,16.7,136,0.06,0.06,0.0,0.48,379,0,0,4.3,22.2,2025-05-25,45,0,0,0,0,0,0,0,False,18,0,0,0,0,38,0,733846,0,4,1,4.0,4,24065,48974,24909,6.3,False,0,0,0,0.0,43,Tottenham,Brighton,1,4,26976,2024,730152,0.0134538356214761,1,1,0,0.0,0.11341442912817,0.11341442912817,Brighton,3,3,38,2.8,MID,0.0,0.25,0.65,0.4,0.38,0.0,1.0,9.3,36.8,16.2,40.0,25.0,0.0,0.0,0.0,0.0,0.0,0.0,0.0,2.0,3.0,6.0,1.0,3.0,0.28,0.11,0.0,0.0,1.0,1.0,0.28,0.96,0.57,1.7,0.0,0.08,0.39,0.31,0.33,0.33,0.67,6.0,26.27,6.77,27.0,21.0,0.0,0.0,0.0,0.0,0.0,0.0,0.0,2.0,2.0,4.33,0.67,1.33,0.25,0.04,0.0,0.0,0.33,0.67,0.25,0.49,0.2,1.63,0.0,0.05,0.39,0.33,0.35,0.8,0.6,5.18,22.2,7.76,21.8,30.0,0.0,0.0,0.0,0.0,0.0,0.0,0.2,1.8,2.4,4.2,0.6,1.6,0.29,0.04,0.0,0.0,0.4,0.6,0.29,0.43,0.12,1.82,32815.0,0.3257176887782034,4.0,0.225,0.218,0.556,,,0.0074010681054108,0.1488156408970311,0,0.0,1.4834522632181473,Mitoma Kaoru,Kaoru Mitoma,Brighton
7779,0,3,31,0,35.3,328,0.42,0.85,0.43,1.75,374,1,1,11.2,40.2,2025-05-25,90,0,0,0,0,0,0,0,False,7,0,0,0,0,38,0,7606797,1,1,1,36.0,10,-83290,79412,162702,13.6,True,0,1,3,0.6502726078033447,90,Liverpool,Crystal Palace,1,1,26975,2024,730163,0.3545898497104645,0,2,1,0.6502726078033447,1.44188129901886,0.4883190393447876,Liverpool,3,5,38,5.0,MID,0.0,0.06,0.89,0.83,2.2,3.0,0.0,10.1,10.0,23.4,68.0,90.0,0.0,0.0,0.0,0.0,0.0,0.0,1.0,2.0,3.0,2.0,0.0,6.0,1.63,0.16,0.0,0.0,2.0,0.0,1.63,2.55,1.31,4.5,0.0,0.25,0.56,0.31,2.55,2.67,0.0,6.83,6.6,27.4,34.67,90.0,0.0,0.0,0.0,0.0,0.0,0.0,1.0,1.67,2.67,2.0,0.0,2.33,0.62,0.35,0.0,0.0,2.0,0.0,0.62,1.54,0.76,4.7,0.2,0.23,0.67,0.44,1.67,1.8,0.2,8.76,13.24,32.74,41.8,90.0,0.0,0.0,0.0,0.0,0.0,0.0,1.0,1.4,2.6,3.4,0.2,3.6,0.83,0.46,0.0,0.0,2.8,0.2,0.83,1.84,0.83,3.82,-75473.0,-0.3440114987154811,7.0,0.677,0.158,0.165,,,0.2731351070292469,0.1905665958637534,0,0.0,3.937375322737495,Mohamed Salah,Mohamed Salah,Liverpool
7811,0,1,27,0,1.0,525,0.01,0.09,0.08,0.32,373,0,1,5.4,36.4,2025-05-25,17,0,0,0,0,0,0,0,False,10,0,0,0,0,38,0,301850,0,3,1,17.0,7,15507,20809,5302,6.2,False,0,1,1,0.1049133837223053,15,Ipswich,West Ham,1,3,26980,2024,730029,0.0,0,0,1,0.1049133837223053,0.1049133837223053,0.0,West Ham,2,2,38,4.5,MID,0.0,0.1,0.25,0.15,1.88,2.0,0.0,4.9,8.0,24.5,16.0,78.0,0.0,0.0,0.0,0.0,0.0,0.0,1.0,2.0,1.0,2.0,0.0,3.0,0.09,0.03,0.0,0.0,1.0,0.0,0.09,0.12,0.06,3.5,0.33,0.08,0.18,0.11,1.13,1.0,0.0,4.8,11.0,24.03,12.67,80.0,0.0,0.0,0.0,0.0,0.33,0.0,1.0,1.67,0.67,3.0,0.0,2.33,0.09,0.34,0.33,0.33,1.33,0.0,0.09,0.56,0.17,3.63,0.4,0.09,0.25,0.16,1.01,1.2,0.2,5.36,15.48,18.18,19.8,80.8,0.0,0.0,0.0,0.0,0.2,0.0,1.0,1.6,1.2,3.8,0.2,2.2,0.12,0.22,0.2,0.2,1.0,0.2,0.12,0.51,0.19,2.72,17672.0,0.5938876335643981,6.0,0.317,0.25,0.432,,,0.2370928895985817,-5.689893001203925e-10,0,1.0,4.185464446285941,Mohammed Kudus,Mohammed Kudus,West Ham
7849,0,0,13,1,5.0,157,0.03,0.03,0.0,1.35,377,0,0,1.7,11.6,2025-05-25,90,0,0,0,0,0,0,0,False,16,0,0,0,0,38,0,113982,1,1,0,0.0,2,297,1694,1397,4.9,False,1,0,0,0.0,90,Nottingham Forest,Chelsea,0,1,26972,2024,729991,0.0,0,0,0,0.0,0.5579290390014648,0.5579290390014648,Chelsea,3,4,38,2.7,MID,1.0,0.07,0.09,0.02,0.29,0.0,0.0,2.2,11.0,8.6,2.0,90.0,0.0,0.0,0.0,0.0,0.0,0.0,1.0,0.0,1.0,3.0,0.0,1.0,0.02,0.0,0.0,0.0,0.0,0.0,0.02,0.73,0.73,3.5,0.33,0.04,0.06,0.02,0.97,1.0,0.0,3.53,18.0,12.73,4.33,90.0,0.0,0.0,0.0,0.0,0.0,0.0,1.0,0.33,2.0,3.67,0.0,0.67,0.01,0.03,0.33,0.0,0.67,0.0,0.01,0.49,0.49,2.67,0.4,0.04,0.05,0.02,0.72,0.8,0.0,2.94,15.32,11.18,2.8,90.0,0.0,0.0,0.0,0.0,0.2,0.0,1.0,0.6,1.6,3.0,0.0,0.6,0.01,0.02,0.2,0.0,0.6,0.0,0.01,0.34,0.33,2.04,628.0,0.096085409252669,2.0,0.316,0.253,0.431,,,-6.725144885422194e-10,-5.689893001203925e-10,1,0.0,0.9999999949304597,Moisés Caicedo Corozo,Moisés Caicedo,Chelsea
7883,0,0,10,0,6.6,433,0.01,0.01,0.0,1.07,377,1,0,1.6,5.4,2025-05-25,90,0,0,0,0,0,0,0,False,6,0,0,0,0,38,0,853930,1,1,0,4.0,2,43606,86862,43256,6.5,True,0,0,0,0.0,90,Nottingham Forest,Chelsea,0,1,26972,2024,729979,0.0,0,0,0,0.0,1.0997871160507202,1.0997871160507202,Nottingham Forest,3,4,38,6.1,MID,1.0,0.23,1.37,1.14,0.95,0.0,1.0,11.5,46.8,28.3,40.0,83.0,0.0,0.0,0.0,0.0,0.0,0.0,1.0,2.0,1.0,11.0,1.0,3.0,0.92,0.3,0.0,0.0,1.0,1.0,0.92,1.22,0.0,7.0,0.33,0.13,0.6,0.47,1.53,1.0,0.67,9.33,37.27,30.13,26.0,87.67,0.0,0.0,0.0,0.0,0.33,0.0,1.0,1.67,1.33,8.33,0.67,2.67,0.51,0.22,0.33,0.33,1.67,0.67,0.51,0.67,0.15,4.57,0.2,0.08,0.45,0.37,1.65,1.2,0.4,6.8,25.4,23.7,19.0,85.4,0.0,0.0,0.0,0.0,0.6,0.0,1.0,1.8,1.0,5.4,0.4,2.2,0.35,0.15,0.2,0.2,1.4,0.4,0.35,0.48,0.1,3.24,48907.0,0.335126577414347,2.0,0.316,0.253,0.431,,,0.005209091181179,-5.689893001203925e-10,1,0.0,1.0260454541989272,Morgan Gibbs-White,Morgan Gibbs-White,Nott'm Forest
7920,0,0,-4,0,4.8,54,0.01,0.01,0.0,1.99,375,1,0,0.8,1.6,2025-05-25,83,0,0,0,0,0,0,0,False,14,0,0,0,0,38,0,2957546,1,0,2,2.0,1,-22443,84029,106472,5.8,False,1,0,0,0.0,89,Manchester United,Aston Villa,2,0,26974,2024,730241,0.0,0,0,0,0.0,0.0,0.0,Aston Villa,3,3,38,4.0,MID,1.0,0.08,0.44,0.36,0.51,0.0,0.0,8.2,27.4,27.8,27.0,90.0,0.0,0.0,0.0,0.0,0.0,0.0,1.0,0.0,2.0,6.0,0.0,2.0,0.42,0.11,1.0,1.0,2.0,0.0,0.42,0.64,0.22,5.0,1.0,0.36,0.5,0.15,0.54,0.0,0.0,6.33,23.07,28.7,11.67,89.33,0.0,0.0,0.0,0.0,0.0,0.0,1.0,0.33,1.0,5.0,0.0,1.0,0.16,0.48,0.67,0.67,2.0,0.0,0.16,0.8,0.39,4.33,0.6,0.26,0.42,0.15,0.71,0.4,0.0,6.58,23.04,25.42,17.4,86.8,0.0,0.0,0.0,0.0,0.2,0.0,1.0,0.6,1.8,4.4,0.0,1.4,0.25,0.38,0.6,0.6,1.8,0.0,0.25,0.78,0.29,7.32,-44712.0,-0.1178104051947233,1.0,0.218,0.225,0.556,,,0.001825282514422,-5.689893001203925e-10,0,1.0,3.009126410865142,Morgan Rogers,Morgan Rogers,Aston Villa
7956,0,0,7,0,11.5,436,0.02,0.05,0.03,1.07,377,1,0,3.2,13.6,2025-05-25,90,0,0,0,0,0,0,0,False,6,0,0,0,0,38,0,460784,1,1,0,7.0,2,-42827,5355,48182,4.7,True,0,0,1,0.0614509917795658,90,Nottingham Forest,Chelsea,0,1,26972,2024,729973,0.0,0,0,0,0.0614509917795658,0.0,0.0,Nottingham Forest,3,4,38,2.5,DEF,0.0,0.01,0.01,0.0,1.13,1.0,0.0,2.9,26.6,0.7,2.0,90.0,0.0,0.0,0.0,0.0,1.0,0.0,1.0,2.0,1.0,1.0,0.0,0.0,0.0,0.0,0.0,0.0,0.0,0.0,0.0,0.01,0.01,2.6,0.0,0.02,0.12,0.09,1.6,1.33,0.33,5.3,36.33,1.1,15.67,86.67,0.0,0.0,0.0,0.0,0.33,0.0,1.0,1.67,0.67,4.0,0.33,1.33,0.07,0.0,0.0,0.0,0.0,0.33,0.07,0.05,0.05,2.3,0.0,0.02,0.07,0.06,1.66,1.2,0.2,4.46,32.84,2.38,9.4,88.0,0.0,0.0,0.0,0.0,0.2,0.0,1.0,1.6,0.6,3.2,0.2,0.8,0.04,0.0,0.0,0.0,0.0,0.2,0.04,0.07,0.07,2.18,-43524.0,-0.799951435455853,2.0,0.316,0.253,0.431,,1.2715063095092771,0.0565818551726111,0.0584033451965955,0,0.0,1.878701166625453,Murillo Santiago Costa dos Santos,Murillo,Nott'm Forest
7986,0,0,5,0,1.3,597,0.01,0.01,0.0,0.0,378,0,0,0.6,3.0,2025-05-25,20,0,0,0,0,0,0,0,False,17,0,0,0,0,38,0,46197,0,2,1,2.0,1,2054,4771,2717,4.5,False,0,0,0,0.0,19,Southampton,Arsenal,1,2,26977,2024,730122,0.0,0,0,0,0.0,0.0,0.0,Arsenal,5,1,38,3.3,MID,1.0,0.03,0.07,0.04,1.86,0.0,0.0,4.3,12.6,22.9,7.0,90.0,0.0,0.0,0.0,0.0,0.0,0.0,1.0,0.0,1.0,3.0,0.0,1.0,0.06,0.1,0.0,0.0,1.0,0.0,0.06,0.23,0.23,2.5,0.33,0.03,0.04,0.01,1.8,1.33,0.0,2.63,10.6,13.4,2.33,90.0,0.0,0.0,0.0,0.0,0.33,0.0,1.0,1.33,1.33,2.0,0.0,0.33,0.02,0.06,0.0,0.0,0.67,0.0,0.02,0.47,0.47,2.17,0.2,0.03,0.05,0.02,1.42,1.2,0.0,2.34,8.44,12.26,2.8,77.6,0.0,0.0,0.0,0.0,0.2,0.0,0.8,2.0,1.2,1.8,0.0,0.4,0.03,0.05,0.0,0.0,0.6,0.0,0.03,0.34,0.3,3.58,2436.0,0.2743055555555556,1.0,0.112,0.158,0.73,,,0.0145547621377359,-5.689893001203925e-10,0,0.0,2.0727738089817116,Myles Lewis-Skelly,Myles Lewis-Skelly,Arsenal
8014,0,1,27,0,14.7,262,0.02,0.12,0.1,0.94,373,2,1,8.0,41.4,2025-05-25,77,0,0,0,0,0,0,0,False,19,0,0,0,0,38,0,1415,1,3,1,24.0,8,18,48,30,4.9,True,0,1,2,0.1001886129379272,80,Ipswich,West Ham,1,3,26980,2024,730008,0.0564035736024379,0,1,1,0.1001886129379272,0.1565921902656555,0.0,Ipswich,2,2,38,1.7,MID,0.0,0.0,0.1,0.1,0.07,0.0,0.0,0.5,0.0,1.4,4.0,19.0,0.0,0.0,0.0,0.0,0.0,0.0,0.0,0.0,2.0,1.0,0.0,1.0,0.08,0.0,0.0,0.0,0.0,0.0,0.08,0.08,0.0,0.2,0.33,0.0,0.03,0.03,0.83,0.33,0.0,0.43,2.4,0.73,1.33,32.33,0.0,0.0,0.0,0.0,0.0,0.0,0.33,1.33,1.67,1.67,0.0,0.33,0.03,0.0,0.0,0.0,0.0,0.0,0.03,0.03,0.0,1.3,0.2,0.0,0.11,0.11,0.91,0.6,0.2,1.76,9.32,3.72,4.6,35.6,0.0,0.0,0.0,0.0,0.0,0.0,0.4,2.0,1.6,2.6,0.2,0.4,0.11,0.02,0.0,0.0,0.2,0.2,0.11,0.22,0.11,1.38,30.0,0.2307692307692307,7.0,0.317,0.25,0.432,,,0.1403781508807133,0.0819862963649946,0,0.0,1.9478496434985502,Nathan Broadhead,Nathan Broadhead,Ipswich
8052,0,0,11,0,0.1,88,0.0,0.0,0.0,1.12,380,1,0,2.0,17.6,2025-05-25,90,0,0,0,0,0,0,0,False,20,0,0,0,0,38,0,515082,1,1,1,2.0,2,-8567,23169,31736,4.6,False,0,0,0,0.0,90,Wolverhampton Wanderers,Brentford,1,1,26978,2024,730081,0.0,0,0,0,0.0,0.0707530379295349,0.0707530379295349,Brentford,3,3,38,4.6,DEF,0.0,0.0,0.0,0.0,0.99,3.0,0.0,3.1,28.6,0.6,2.0,90.0,0.0,0.0,0.0,0.0,0.0,0.0,1.0,3.0,2.0,1.0,0.0,0.0,0.0,0.0,0.0,0.0,0.0,0.0,0.0,0.0,0.0,5.2,0.33,0.01,0.01,0.0,1.16,2.0,0.0,2.6,23.07,1.07,2.0,90.0,0.0,0.0,0.0,0.0,0.0,0.0,1.0,2.33,2.0,3.33,0.0,0.0,0.0,0.0,0.0,0.0,0.0,0.0,0.0,0.4,0.4,5.07,0.4,0.05,0.08,0.03,1.18,1.6,0.0,4.18,26.08,5.5,10.2,90.0,0.0,0.0,0.0,0.0,0.2,0.0,1.0,2.2,2.0,4.2,0.0,0.4,0.08,0.1,0.2,0.2,0.4,0.0,0.08,0.47,0.39,3.74,-18178.0,-0.1560331481650123,2.0,0.353,0.258,0.389,,1.6001482009887695,0.0014397922479885,-5.972489169892015e-10,0,0.0,1.2086387516961843,Nathan Collins,Nathan Collins,Brentford
8073,0,0,8,0,0.6,477,0.0,0.0,0.0,2.2,378,2,0,2.9,26.0,2025-05-25,90,0,0,0,0,0,0,0,False,1,0,0,0,0,38,0,119846,1,2,1,2.0,1,-669,527,1196,3.9,True,0,0,0,0.0,90,Southampton,Arsenal,1,2,26977,2024,730096,0.0,0,0,0,0.0,0.0,0.0,Southampton,5,1,38,-1.3,DEF,0.0,0.0,0.0,0.0,2.7,2.0,0.0,1.7,17.0,0.3,0.0,59.0,0.0,0.0,0.0,0.0,0.0,0.0,1.0,0.0,2.0,0.0,0.0,0.0,0.0,0.0,0.0,0.0,0.0,0.0,0.0,0.0,0.0,-0.5,0.0,0.0,0.0,0.0,1.49,2.0,0.0,0.67,6.4,0.27,0.0,37.0,0.0,0.0,0.0,0.0,0.0,0.0,0.67,1.33,2.0,0.0,0.0,0.0,0.0,0.0,0.0,0.0,0.0,0.0,0.0,0.01,0.01,0.07,0.0,0.0,0.0,0.0,1.55,1.8,0.0,0.96,8.72,0.8,0.0,49.2,0.0,0.0,0.0,0.0,0.0,0.0,0.8,2.0,1.6,0.4,0.0,0.0,0.0,0.0,0.0,0.0,0.0,0.0,0.0,0.04,0.04,0.72,-624.0,-0.3882762623331399,1.0,0.112,0.158,0.73,,1.8678772449493408,0.0029768228551201,-5.972489169892015e-10,0,0.0,0.08386093533897376,Nathan Wood-Gordon,Nathan Wood,Southampton
8121,0,0,5,0,5.3,437,0.02,0.02,0.0,1.07,377,1,0,1.6,8.6,2025-05-25,90,0,0,0,0,0,0,0,False,6,0,0,0,0,38,0,454720,1,1,0,2.0,2,-21630,4633,26263,4.5,True,0,0,0,0.0,90,Nottingham Forest,Chelsea,0,1,26972,2024,729975,0.0,0,0,0,0.0,0.6000039577484131,0.6000039577484131,Nottingham Forest,3,4,38,2.9,DEF,0.0,0.14,0.14,0.0,1.13,1.0,0.0,6.4,39.8,16.0,8.0,90.0,0.0,0.0,0.0,0.0,0.0,0.0,1.0,2.0,1.0,4.0,0.0,0.0,0.0,0.05,0.0,0.0,1.0,0.0,0.0,0.34,0.29,3.0,0.0,0.12,0.16,0.04,1.59,1.33,0.0,5.83,31.87,16.17,10.0,90.0,0.0,0.0,0.0,0.0,0.33,0.0,1.0,1.67,1.33,3.33,0.0,1.33,0.04,0.07,0.33,0.33,1.0,0.0,0.04,0.21,0.14,2.9,0.0,0.08,0.11,0.03,1.71,1.4,0.0,4.78,28.08,12.52,7.0,90.0,0.0,0.0,0.0,0.0,0.4,0.0,1.0,1.8,1.0,2.4,0.0,1.0,0.03,0.04,0.2,0.2,0.8,0.0,0.03,0.16,0.12,2.48,-28328.0,-0.7000906266183324,2.0,0.316,0.253,0.431,,1.5306007862091064,0.0014860657101549,-5.972489169892015e-10,0,0.0,1.2439163924691825,Neco Williams,Neco Williams,Nott'm Forest
8149,0,0,16,0,0.0,413,0.0,0.0,0.0,0.99,376,1,0,3.2,32.0,2025-05-25,90,0,0,0,0,0,0,0,False,8,0,0,0,0,38,5,701851,1,1,0,0.0,3,19386,29294,9908,5.0,True,0,0,0,0.0,90,Newcastle United,Everton,0,1,26973,2024,730250,0.0,0,0,0,0.0,0.0131593560799956,0.0131593560799956,Newcastle United,3,4,38,4.3,GK,0.0,0.0,0.0,0.0,0.64,1.0,0.0,2.2,22.4,0.0,0.0,90.0,0.0,0.0,0.0,0.0,0.0,3.0,1.0,0.0,1.0,3.0,0.0,0.0,0.0,0.0,0.0,0.0,0.0,0.0,0.0,0.0,0.0,4.0,0.33,0.0,0.0,0.0,0.67,0.67,0.0,1.87,18.73,0.0,0.0,90.0,0.0,0.0,0.0,0.0,0.0,2.33,1.0,0.33,1.33,4.0,0.0,0.0,0.0,0.0,0.0,0.0,0.0,0.0,0.0,0.0,0.0,5.27,0.4,0.0,0.0,0.0,0.88,1.2,0.0,2.36,21.68,2.0,0.0,90.0,0.0,0.0,0.0,0.0,0.0,2.6,1.0,0.4,2.2,4.0,0.0,0.0,0.0,0.02,0.0,0.0,0.2,0.0,0.0,0.02,0.0,4.26,26537.0,0.4945155859394929,3.0,0.715,0.173,0.112,3.9363374852995374,1.3052448639545289,,,0,1.0,6.659000000000001,Nick Pope,Nick Pope,Newcastle
8167,0,0,7,0,16.4,589,0.04,0.21,0.17,0.48,373,1,0,4.5,9.6,2025-05-25,72,0,0,0,0,0,0,0,False,10,0,0,0,0,38,0,98701,1,3,1,19.0,2,4817,6496,1679,6.7,False,0,0,1,0.1194549426436424,75,Ipswich,West Ham,1,3,26980,2024,730024,0.0359054841101169,0,1,0,0.1194549426436424,0.2412361949682235,0.1217812597751617,West Ham,2,2,38,2.0,FWD,0.0,0.01,0.02,0.01,0.55,1.0,0.0,2.9,6.2,1.7,21.0,32.0,0.0,0.0,0.0,0.0,0.0,0.0,0.0,2.0,1.0,1.0,0.0,1.0,0.02,0.0,0.0,0.0,0.0,0.0,0.02,0.12,0.12,0.7,0.0,0.02,0.04,0.03,0.96,0.67,0.0,1.23,2.13,2.03,9.67,42.67,0.0,0.0,0.0,0.0,0.0,0.0,0.33,1.67,0.67,1.33,0.0,0.67,0.02,0.0,0.0,0.0,0.0,0.0,0.02,0.2,0.18,1.7,0.2,0.02,0.06,0.04,0.86,0.8,0.0,2.78,7.4,9.6,11.6,50.4,0.0,0.0,0.0,0.0,0.0,0.0,0.4,1.6,1.2,2.0,0.0,0.6,0.04,0.07,0.2,0.2,0.8,0.0,0.04,0.22,0.11,1.76,5551.0,0.5892354740061162,2.0,0.317,0.25,0.432,,,0.1951620484663465,0.0693995381750123,0,,1.988846808390423,Niclas Füllkrug,Niclas Füllkrug,West Ham
8231,0,0,8,0,7.4,431,0.03,0.03,0.0,1.0,377,1,0,1.9,10.0,2025-05-25,67,0,0,0,0,0,0,0,False,6,0,0,0,0,38,0,4505,1,1,0,2.0,2,-72,61,133,4.8,True,0,0,0,0.0,69,Nottingham Forest,Chelsea,0,1,26972,2024,729976,0.0,0,0,0,0.0,0.5579072833061218,0.5579072833061218,Nottingham Forest,3,4,38,2.1,MID,0.0,0.02,0.03,0.01,1.11,1.0,0.0,3.2,20.8,5.6,6.0,90.0,0.0,0.0,0.0,0.0,0.0,0.0,1.0,2.0,1.0,2.0,0.0,1.0,0.02,0.0,0.0,0.0,0.0,0.0,0.02,0.0,0.0,2.0,0.0,0.07,0.13,0.06,1.24,1.0,0.0,3.33,12.73,5.2,15.33,76.0,0.0,0.0,0.0,0.0,0.33,0.0,1.0,1.67,1.33,1.67,0.0,1.0,0.04,0.0,0.0,0.0,0.0,0.0,0.04,0.12,0.1,2.57,0.0,0.05,0.09,0.04,1.15,0.8,0.0,3.12,14.64,6.44,10.0,66.0,0.0,0.0,0.0,0.0,0.2,0.0,0.8,1.8,1.0,2.0,0.0,0.6,0.03,0.01,0.2,0.2,0.2,0.0,0.03,0.08,0.07,2.14,-68.0,-0.3711340206185567,2.0,0.316,0.253,0.431,,,0.0028128819969286,-5.689893001203925e-10,1,0.0,1.014064408277675,Nicolás Domínguez,Nicolás Domínguez,Nott'm Forest
8268,0,0,12,0,10.5,573,0.04,0.11,0.07,1.07,377,1,0,3.9,21.6,2025-05-25,90,0,0,0,0,0,0,0,False,6,0,0,0,0,38,0,2046803,1,1,0,7.0,2,-36806,50625,87431,5.2,True,0,0,1,0.087703138589859,90,Nottingham Forest,Chelsea,0,1,26972,2024,729974,0.0686076432466507,0,1,0,0.087703138589859,0.5579072833061218,0.5579072833061218,Nottingham Forest,3,4,38,3.3,DEF,0.0,0.01,0.36,0.35,1.13,1.0,1.0,9.1,52.0,0.4,39.0,90.0,0.0,0.0,0.0,0.0,0.0,0.0,1.0,2.0,1.0,8.0,1.0,2.0,0.38,0.0,0.0,0.0,0.0,1.0,0.38,0.05,0.0,3.5,0.0,0.0,0.12,0.12,1.59,1.33,0.33,4.3,29.6,0.4,13.0,90.0,0.0,0.0,0.0,0.0,0.0,0.0,1.0,1.67,1.33,3.67,0.33,0.67,0.13,0.0,0.0,0.0,0.0,0.33,0.13,0.05,0.03,2.77,0.0,0.0,0.07,0.07,1.71,1.4,0.2,3.72,26.52,2.4,8.2,90.0,0.0,0.0,0.0,0.0,0.0,0.0,1.0,1.8,1.0,2.8,0.2,0.4,0.08,0.03,0.0,0.0,0.2,0.2,0.08,0.03,0.02,2.32,-45040.0,-0.2666019586254853,2.0,0.316,0.253,0.431,,1.383082151412964,0.0593145115772208,0.0645740767050613,0,0.0,1.857609299578509,Nikola Milenković,Nikola Milenkovic,Nott'm Forest
8300,0,0,15,1,7.2,177,0.08,0.16,0.08,0.74,377,0,0,2.0,7.2,2025-05-25,85,0,0,0,0,0,0,0,False,16,0,0,0,0,38,0,366004,1,1,0,6.0,3,-347,3474,3821,6.0,False,0,0,1,0.0630107000470161,87,Nottingham Forest,Chelsea,0,1,26972,2024,729992,0.0,0,0,0,0.0630107000470161,0.5558021664619446,0.4927915036678314,Chelsea,3,4,38,1.7,MID,1.0,0.02,0.47,0.45,0.29,0.0,0.0,4.1,4.4,16.9,20.0,90.0,0.0,0.0,0.0,0.0,0.0,0.0,1.0,0.0,1.0,3.0,0.0,2.0,0.76,0.03,0.0,0.0,1.0,0.0,0.76,1.1,0.31,2.2,0.33,0.09,0.52,0.44,0.94,0.67,0.0,4.07,4.13,17.97,18.67,75.0,0.0,0.0,0.0,0.0,0.0,0.0,1.0,0.33,2.0,2.0,0.0,2.0,0.64,0.1,0.0,0.0,1.33,0.0,0.64,0.98,0.25,1.77,0.4,0.08,0.41,0.33,0.64,0.6,0.0,4.66,7.52,12.7,26.4,69.4,0.0,0.0,0.0,0.0,0.0,0.0,1.0,0.6,1.6,2.0,0.0,2.0,0.42,0.06,0.0,0.0,0.8,0.0,0.42,0.62,0.15,1.46,-695.0,-0.0475668265935572,3.0,0.316,0.253,0.431,,,0.0411938441813242,-5.689893001203925e-10,0,1.0,3.205969219199653,Noni Madueke,Noni Madueke,Chelsea
8330,0,0,2,1,23.7,218,0.01,0.24,0.23,0.95,376,0,0,4.0,4.4,2025-05-25,87,0,0,0,0,0,0,0,False,15,0,0,0,0,38,0,440846,1,1,0,12.0,2,-84707,13892,98599,4.8,False,0,0,3,0.2008833289146423,89,Newcastle United,Everton,0,1,26973,2024,730275,0.1208023950457573,0,2,0,0.2008833289146423,0.2776607275009155,0.0,Everton,3,4,38,4.0,FWD,1.0,0.12,1.15,1.03,1.21,0.0,0.0,6.4,8.8,11.8,43.0,90.0,0.0,0.0,0.0,0.0,0.0,0.0,1.0,0.0,2.0,2.0,0.0,3.0,1.03,0.31,0.0,0.0,1.0,0.0,1.03,0.83,0.1,5.0,0.33,0.06,0.71,0.65,0.81,0.67,0.67,9.13,27.13,8.4,55.67,85.33,0.0,0.0,0.0,0.0,0.0,0.0,1.0,1.67,1.67,5.33,0.67,3.67,0.72,0.14,0.0,0.0,0.67,0.67,0.72,0.47,0.03,4.07,0.2,0.04,0.44,0.4,0.94,1.0,0.4,5.9,17.08,5.94,36.2,69.2,0.0,0.0,0.0,0.0,0.0,0.0,0.8,1.4,1.2,3.8,0.4,2.6,0.45,0.08,0.0,0.0,0.4,0.4,0.45,0.3,0.02,2.58,-105354.0,-0.7530113520192726,2.0,0.715,0.173,0.112,,,0.0921785748073131,0.1395955837720601,0,,2.7875010505454325,Norberto Bercique Gomes Betuncal,Beto,Everton
8369,0,0,11,0,21.8,594,0.13,0.13,0.0,0.0,375,0,0,3.6,10.4,2025-05-25,19,0,0,0,0,0,0,0,False,2,0,0,0,0,38,0,836040,1,0,2,4.0,1,-15769,4491,20260,4.2,True,0,0,0,0.0,19,Manchester United,Aston Villa,2,0,26974,2024,730222,0.1440067887306213,0,2,0,0.0,0.43416228890419,0.2901555001735687,Manchester United,3,3,38,0.8,DEF,0.0,0.01,0.01,0.0,0.82,1.0,0.0,2.0,17.8,1.8,0.0,90.0,0.0,0.0,0.0,0.0,1.0,0.0,1.0,0.0,1.0,1.0,0.0,0.0,0.0,0.0,0.0,0.0,0.0,0.0,0.0,0.0,0.0,1.0,0.0,0.02,0.04,0.02,0.97,1.33,0.0,3.17,20.6,8.43,2.33,84.67,0.0,0.0,0.0,0.0,0.33,0.0,1.0,1.0,0.67,1.33,0.0,0.33,0.01,0.01,0.0,0.0,0.33,0.0,0.01,0.12,0.1,0.73,0.0,0.02,0.04,0.01,1.07,1.8,0.0,2.78,17.92,8.2,1.4,84.2,0.0,0.0,0.0,0.0,0.2,0.0,1.0,1.0,1.2,1.2,0.0,0.2,0.01,0.01,0.0,0.0,0.4,0.0,0.01,0.13,0.12,1.0,-16216.0,-0.6371055714920609,1.0,0.218,0.225,0.556,,0.9906665086746216,0.0068896729183061,0.1361681677438284,0,0.0,1.9548425407413217,Noussair Mazraoui,Noussair Mazraoui,Man Utd
8403,0,0,13,0,28.3,559,0.09,0.14,0.05,1.43,380,1,0,5.4,15.4,2025-05-25,90,0,0,0,0,0,0,0,False,4,0,0,0,0,38,0,66419,1,1,1,10.0,1,-3710,768,4478,4.5,True,1,0,2,0.043800700455904,90,Wolverhampton Wanderers,Brentford,1,1,26978,2024,730067,0.0508369766175746,0,2,0,0.043800700455904,0.4887887239456177,0.4449880123138428,Wolverhampton Wanderers,3,3,38,1.0,DEF,0.0,0.01,0.01,0.0,0.59,2.0,0.0,0.8,5.8,2.3,0.0,45.0,0.0,0.0,0.0,0.0,0.0,0.0,0.0,2.0,4.0,0.0,0.0,0.0,0.0,0.0,0.0,0.0,0.0,0.0,0.0,0.12,0.12,2.2,0.0,0.07,0.09,0.03,0.96,1.67,0.0,2.33,9.53,10.9,3.0,73.33,0.0,0.0,0.0,0.0,0.0,0.0,0.67,1.33,1.67,1.0,0.0,0.33,0.02,0.02,0.0,0.0,0.67,0.0,0.02,0.11,0.07,3.1,0.4,0.06,0.08,0.02,0.94,1.0,0.0,2.36,8.36,13.32,2.0,76.2,0.0,0.0,0.0,0.0,0.0,0.0,0.8,1.0,1.6,3.0,0.0,0.4,0.02,0.03,0.0,0.0,0.8,0.0,0.02,0.17,0.14,2.62,-3989.0,-0.7072054898970644,1.0,0.353,0.258,0.389,,1.0980031490325928,0.0426219437111883,0.0969771858368566,0,1.0,5.997663219777699,Nélson Cabral Semedo,Nélson Semedo,Wolves
8444,0,0,7,0,20.4,422,0.34,0.38,0.04,1.0,377,1,0,3.3,9.6,2025-05-25,82,0,0,0,0,0,0,0,False,6,0,0,0,0,38,0,1488758,1,1,0,3.0,1,-28380,20454,48834,5.3,True,1,0,1,0.0251994188874959,84,Nottingham Forest,Chelsea,0,1,26972,2024,729972,0.5579072833061218,0,1,0,0.0251994188874959,0.5579072833061218,0.0,Nottingham Forest,3,4,38,1.5,DEF,0.0,0.01,0.01,0.0,1.13,1.0,0.0,1.3,12.2,0.9,0.0,90.0,0.0,0.0,0.0,0.0,0.0,0.0,1.0,2.0,1.0,2.0,0.0,0.0,0.0,0.0,0.0,0.0,0.0,0.0,0.0,0.3,0.3,1.5,0.0,0.03,0.04,0.0,1.59,1.33,0.0,2.17,11.53,9.57,0.67,90.0,0.0,0.0,0.0,0.0,0.67,0.0,1.0,1.67,1.33,1.0,0.0,0.33,0.0,0.06,0.0,0.0,0.67,0.0,0.0,0.29,0.26,1.33,0.0,0.09,0.09,0.0,1.36,1.2,0.0,2.36,11.96,11.22,0.4,76.6,0.0,0.0,0.0,0.0,0.4,0.0,1.0,1.4,1.0,1.0,0.0,0.2,0.0,0.05,0.0,0.0,0.8,0.0,0.0,0.2,0.17,1.44,-34439.0,-0.4095947350190509,1.0,0.316,0.253,0.431,,1.213097095489502,0.0333152021462908,0.0668075385410329,0,0.0,1.7933138285008436,Ola Aina,Ola Aina,Nott'm Forest
8459,0,0,12,0,28.1,25,0.25,0.62,0.37,0.63,378,1,0,6.2,21.0,2025-05-25,69,0,0,0,0,0,0,0,False,17,0,0,0,0,38,0,107155,1,2,1,13.0,2,330,1499,1169,4.8,False,0,0,4,0.2130839377641677,71,Southampton,Arsenal,1,2,26977,2024,730112,0.024912366643548,0,1,0,0.2130839377641677,0.8975342512130737,0.737622082233429,Arsenal,5,1,38,2.5,DEF,0.0,0.0,0.0,0.0,0.22,0.0,0.0,0.5,5.2,0.0,0.0,2.0,0.0,0.0,0.0,0.0,0.0,0.0,0.0,2.0,2.0,1.0,0.0,0.0,0.0,0.0,0.0,0.0,0.0,0.0,0.0,0.0,0.0,3.2,0.33,0.04,0.07,0.03,0.13,0.0,0.0,2.27,11.87,7.53,3.33,32.0,0.0,0.0,0.0,0.0,0.0,0.0,0.33,2.67,1.0,4.33,0.0,0.67,0.03,0.02,0.33,0.33,0.33,0.0,0.03,0.16,0.16,6.0,0.4,0.03,0.06,0.02,0.15,0.0,0.0,1.74,7.44,6.64,3.6,35.4,0.0,0.0,0.0,0.0,0.0,0.0,0.4,1.8,0.8,4.0,0.0,0.6,0.02,0.01,0.2,0.2,0.2,0.0,0.02,0.11,0.11,3.74,213.0,0.1236881559220389,2.0,0.112,0.158,0.73,,0.7939174175262451,0.0703631307690413,0.0970937598106218,0,0.0,1.316460064046113,Oleksandr Zinchenko,Oleksandr Zinchenko,Arsenal
8483,0,0,6,1,1.4,501,0.0,0.21,0.21,1.34,371,0,0,1.0,5.0,2025-05-25,71,0,0,0,0,0,0,0,False,3,0,0,0,0,38,0,4262,1,0,2,4.0,3,12,38,26,4.7,False,0,0,1,0.1075020655989646,76,Bournemouth,Leicester,2,0,26979,2024,730053,0.0,0,0,0,0.1075020655989646,0.1075020655989646,0.0,Leicester,1,3,38,1.3,MID,0.0,0.0,0.0,0.0,0.08,0.0,0.0,0.0,0.0,0.0,0.0,2.0,0.0,0.0,0.0,0.0,0.0,0.0,0.0,0.0,2.0,1.0,0.0,0.0,0.0,0.0,0.0,0.0,0.0,0.0,0.0,0.0,0.0,1.0,0.33,0.01,0.01,0.0,0.61,0.67,0.0,1.07,7.27,2.67,0.67,50.33,0.0,0.0,0.0,0.0,0.33,0.0,0.67,0.67,2.0,1.33,0.0,0.0,0.0,0.0,0.0,0.0,0.0,0.0,0.0,0.17,0.17,0.6,0.2,0.01,0.01,0.01,0.6,0.8,0.0,0.78,5.12,2.14,0.6,40.6,0.0,0.0,0.0,0.0,0.4,0.0,0.4,0.6,1.8,1.0,0.0,0.2,0.0,0.0,0.0,0.0,0.0,0.0,0.0,0.12,0.11,0.1,20.0,0.1875,3.0,0.709,0.18,0.111,,,0.0259570037784153,0.0002854695831735,1,0.0,0.1306414276415968,Oliver Skipp,Oliver Skipp,Leicester
8498,0,0,10,0,12.5,677,0.01,0.01,0.0,0.48,373,1,0,3.1,14.2,2025-05-25,71,0,0,0,0,0,0,0,False,10,0,0,0,0,38,0,15142,1,3,1,4.0,2,-907,149,1056,4.0,False,0,0,0,0.0,74,Ipswich,West Ham,1,3,26980,2024,730023,0.0342390798032283,0,1,0,0.0,0.1209896579384803,0.0867505818605423,West Ham,2,2,38,1.0,DEF,0.0,0.0,0.0,0.0,0.27,1.0,0.0,0.1,1.0,0.0,0.0,10.0,0.0,0.0,0.0,0.0,0.0,0.0,0.0,1.0,1.0,1.0,0.0,0.0,0.0,0.0,0.0,0.0,0.0,0.0,0.0,0.0,0.0,1.7,0.0,0.0,0.0,0.0,0.93,1.0,0.0,0.73,5.6,0.87,0.67,37.0,0.0,0.0,0.0,0.0,0.0,0.0,0.67,1.33,1.67,1.0,0.0,0.0,0.0,0.0,0.0,0.0,0.0,0.0,0.0,0.01,0.01,0.73,0.0,0.02,0.02,0.0,0.96,1.0,0.0,1.44,8.04,4.98,1.2,55.4,0.0,0.0,0.0,0.0,0.0,0.0,0.8,1.0,1.2,1.4,0.0,0.0,0.0,0.0,0.0,0.0,0.2,0.0,0.0,0.04,0.04,1.4,-6361.0,-0.7526970954356846,2.0,0.317,0.25,0.432,,0.8233237266540527,0.0116824578517165,0.0425315996469468,0,0.0,0.7856895460511395,Ollie Scarles,Oliver Scarles,West Ham
8536,0,0,2,0,3.8,58,0.02,0.02,0.0,2.86,375,2,0,1.0,0.6,2025-05-25,90,0,0,0,0,0,0,0,False,14,0,0,0,0,38,0,3363158,1,0,2,6.0,2,408217,456562,48345,9.2,False,0,0,0,0.0,90,Manchester United,Aston Villa,2,0,26974,2024,730244,0.0,0,0,0,0.0,0.0,0.0,Aston Villa,3,3,38,4.5,FWD,1.0,0.37,0.59,0.22,0.51,0.0,0.0,8.7,22.2,14.1,51.0,85.0,0.0,0.0,0.0,0.0,0.0,0.0,1.0,0.0,2.0,5.0,0.0,3.0,0.63,0.13,1.0,1.0,1.0,0.0,0.63,0.63,0.0,5.3,1.0,0.13,0.4,0.26,0.67,0.0,0.33,6.57,20.73,8.93,36.33,81.67,0.0,0.0,0.0,0.0,0.0,0.0,1.0,0.33,1.0,5.33,0.33,2.0,0.44,0.06,0.33,0.33,0.67,0.33,0.44,0.5,0.05,5.43,0.6,0.1,0.34,0.25,0.69,0.4,0.4,6.24,21.96,10.08,31.0,68.2,0.0,0.0,0.0,0.0,0.2,0.0,0.8,0.6,1.8,5.6,0.4,2.2,0.42,0.11,0.4,0.4,0.8,0.4,0.42,0.49,0.11,6.22,405783.0,0.8084993870158267,2.0,0.218,0.225,0.556,,,0.0619747585917587,6.746065928098233e-10,0,,2.2478990363908546,Ollie Watkins,Ollie Watkins,Aston Villa
8567,0,0,7,0,8.5,274,0.06,0.31,0.25,1.01,373,3,0,6.0,10.4,2025-05-25,90,0,0,0,0,0,0,0,False,19,0,0,0,0,38,0,29800,1,3,1,41.0,2,-739,1358,2097,5.2,True,0,0,4,0.448005735874176,90,Ipswich,West Ham,1,3,26980,2024,730006,0.0,0,0,0,0.448005735874176,0.4060036242008209,0.0,Ipswich,2,2,38,2.3,MID,0.0,0.22,0.49,0.27,0.8,2.0,0.0,7.0,14.0,36.8,19.0,90.0,0.0,0.0,0.0,0.0,0.0,0.0,1.0,0.0,2.0,2.0,0.0,3.0,0.23,0.18,0.0,0.0,3.0,0.0,0.23,0.75,0.43,2.2,0.0,0.25,0.37,0.11,0.92,1.67,0.0,6.53,13.13,36.37,16.0,90.0,0.0,0.0,0.0,0.0,0.0,0.0,1.0,1.0,1.33,3.0,0.0,1.67,0.1,0.28,0.33,0.0,2.67,0.0,0.1,0.52,0.18,1.4,0.0,0.16,0.25,0.09,1.08,2.0,0.0,4.56,9.68,23.32,12.6,76.6,0.0,0.0,0.0,0.0,0.0,0.0,0.8,1.4,1.4,2.4,0.0,1.6,0.08,0.17,0.2,0.0,1.6,0.0,0.08,0.41,0.21,1.84,-808.0,-0.2138929088277858,2.0,0.317,0.25,0.432,,,0.2108663719521528,-5.689893001203925e-10,0,0.0,3.0543318580537964,Omari Giraud-Hutchinson,Omari Hutchinson,Ipswich
8648,0,0,1,0,1.4,499,0.01,0.01,0.0,0.36,379,0,0,0.3,1.6,2025-05-25,45,0,0,0,0,0,0,0,False,5,0,0,0,0,38,0,21841,1,4,1,0.0,1,-267,327,594,4.7,True,0,0,0,0.0,47,Tottenham,Brighton,1,4,26976,2024,730129,0.0,0,0,0,0.0,0.0,0.0,Tottenham,3,3,38,1.5,MID,0.0,0.0,0.0,0.0,0.68,0.0,0.0,0.8,7.2,0.4,0.0,52.0,0.0,0.0,0.0,0.0,0.0,0.0,1.0,0.0,2.0,1.0,0.0,0.0,0.0,0.0,0.0,0.0,0.0,0.0,0.0,0.41,0.41,1.5,0.0,0.03,0.17,0.14,1.64,1.0,0.0,2.13,10.53,6.13,4.33,77.33,0.0,0.0,0.0,0.0,0.0,0.0,1.0,1.0,1.0,1.67,0.0,1.0,0.17,0.08,0.0,0.0,0.33,0.0,0.17,0.42,0.18,1.6,0.0,0.03,0.14,0.11,1.31,1.4,0.0,1.98,9.12,4.66,5.8,71.4,0.0,0.0,0.0,0.0,0.0,0.0,0.8,1.2,1.8,1.6,0.0,1.2,0.12,0.05,0.0,0.0,0.2,0.0,0.12,0.43,0.27,1.06,-244.0,-0.2899022801302932,1.0,0.225,0.218,0.556,,,-6.725144885422194e-10,-5.689893001203925e-10,0,0.0,1.9999999949304597,Pape Matar Sarr,Pape Sarr,Spurs
8679,0,0,6,1,1.3,289,0.01,0.01,0.0,1.34,371,0,0,0.7,3.2,2025-05-25,71,0,0,0,0,0,0,0,False,3,0,0,0,0,38,0,62314,1,0,2,2.0,2,894,2868,1974,4.8,False,0,0,0,0.0,76,Bournemouth,Leicester,2,0,26979,2024,730057,0.0,0,0,0,0.0,0.0,0.0,Leicester,1,3,38,0.5,FWD,0.0,0.0,0.0,0.0,0.08,0.0,0.0,0.1,1.0,0.0,0.0,10.0,0.0,0.0,0.0,0.0,0.0,0.0,0.0,0.0,2.0,1.0,0.0,0.0,0.0,0.0,0.0,0.0,0.0,0.0,0.0,0.0,0.0,0.5,0.0,0.0,0.0,0.0,0.36,0.33,0.0,0.83,2.67,3.8,2.0,14.33,0.0,0.0,0.0,0.0,0.0,0.0,0.0,0.33,1.33,1.0,0.0,0.0,0.0,0.01,0.0,0.0,0.33,0.0,0.0,0.01,0.0,0.33,0.0,0.0,0.1,0.09,0.81,0.8,0.0,1.56,2.56,2.6,10.4,23.4,0.0,0.0,0.0,0.0,0.0,0.0,0.2,1.2,1.2,1.0,0.0,0.8,0.19,0.01,0.0,0.0,0.2,0.0,0.19,0.2,0.01,0.44,1175.0,0.184634448574969,2.0,0.709,0.18,0.111,,,-0.0227440638777338,0.0316538728669713,0,,1.0039853630899787,Patson Daka,Patson Daka,Leicester
8703,0,0,-2,0,0.2,52,0.0,0.0,0.0,2.86,375,2,0,1.7,16.8,2025-05-25,90,0,0,0,0,0,0,0,False,14,0,0,0,0,38,0,94114,1,0,2,0.0,0,4240,5161,921,4.2,False,1,0,0,0.0,90,Manchester United,Aston Villa,2,0,26974,2024,730236,0.0,0,0,0,0.0,0.0244785211980342,0.0244785211980342,Aston Villa,3,3,38,3.5,DEF,1.0,0.07,0.07,0.0,0.51,0.0,0.0,3.8,18.6,16.9,2.0,90.0,0.0,0.0,0.0,0.0,0.0,0.0,1.0,0.0,2.0,7.0,0.0,0.0,0.0,0.02,0.0,0.0,1.0,0.0,0.0,0.68,0.68,4.7,0.67,0.03,0.03,0.0,0.69,0.0,0.0,1.8,10.6,5.8,1.33,66.67,0.0,0.0,0.0,0.0,0.0,0.0,0.67,0.33,1.0,4.67,0.0,0.0,0.0,0.01,0.0,0.0,0.33,0.0,0.0,0.29,0.29,2.83,0.6,0.02,0.02,0.0,0.86,0.4,0.0,2.22,14.52,5.76,1.6,76.0,0.0,0.0,0.0,0.0,0.0,0.0,0.8,1.0,1.0,4.6,0.0,0.0,0.0,0.03,0.0,0.0,0.4,0.0,0.0,0.29,0.27,3.02,5268.0,0.6971390989805984,0.0,0.218,0.225,0.556,,1.4977502822875977,3.9846503874230166e-10,-5.972489169892015e-10,0,0.0,1.2510000005990434,Pau Torres,Pau Torres,Aston Villa
8728,0,0,0,0,2.3,470,0.0,0.0,0.0,0.46,378,1,0,0.6,1.2,2025-05-25,20,0,0,0,0,0,0,0,False,1,0,0,0,0,38,0,33430,0,2,1,2.0,1,-1019,456,1475,4.9,True,0,0,0,0.0,19,Southampton,Arsenal,1,2,26977,2024,730106,0.0,0,0,0,0.0,0.0,0.0,Southampton,5,1,38,-1.0,FWD,0.0,0.0,0.31,0.31,0.5,0.0,0.0,4.0,8.2,1.6,30.0,45.0,0.0,0.0,0.0,0.0,0.0,0.0,0.0,0.0,2.0,1.0,0.0,2.0,0.36,0.0,0.0,0.0,0.0,0.0,0.36,0.31,0.0,0.8,0.0,0.0,0.14,0.13,0.62,0.33,0.0,1.97,3.47,1.33,16.0,52.67,0.0,0.0,0.0,0.0,0.33,0.0,0.67,1.33,1.0,1.0,0.0,1.67,0.15,0.0,0.0,0.0,0.0,0.0,0.15,0.14,0.03,0.6,0.2,0.0,0.16,0.15,0.67,0.4,0.2,3.0,9.16,1.88,20.0,52.6,0.0,0.0,0.0,0.0,0.2,0.0,0.6,1.2,1.4,2.2,0.2,1.8,0.17,0.0,0.0,0.0,0.0,0.2,0.17,0.19,0.08,1.88,-4169.0,-0.5277058518902124,1.0,0.112,0.158,0.73,,,-0.0157092998146672,0.0008823228921186,0,,0.939809769417687,Paul Onuachu,Paul Onuachu,Southampton
8763,1,0,10,1,13.4,560,0.01,0.34,0.33,0.74,377,0,0,3.9,12.6,2025-05-25,77,0,0,0,0,0,0,0,False,16,0,0,0,0,38,0,162969,1,1,0,13.0,6,-11775,6306,18081,6.1,False,0,0,2,0.8272581100463867,79,Nottingham Forest,Chelsea,0,1,26972,2024,729995,0.4844356775283813,1,1,0,0.8272581100463867,0.4927915036678314,0.0,Chelsea,3,4,38,3.5,MID,1.0,0.05,0.07,0.02,0.29,0.0,0.0,4.3,5.8,18.5,19.0,90.0,0.0,0.0,0.0,0.0,0.0,0.0,1.0,0.0,1.0,3.0,0.0,1.0,0.05,0.02,0.0,0.0,1.0,0.0,0.05,0.35,0.31,3.2,0.33,0.17,0.31,0.13,0.97,1.0,0.0,4.63,11.67,18.2,16.67,90.0,0.0,0.0,0.0,0.0,0.0,0.0,1.0,0.33,2.0,3.33,0.0,2.0,0.15,0.15,0.33,0.33,1.0,0.0,0.15,0.52,0.27,3.97,0.4,0.13,0.27,0.14,0.72,0.8,0.2,6.3,20.52,22.58,20.0,90.0,0.0,0.0,0.0,0.0,0.0,0.0,1.0,0.6,1.6,4.6,0.2,1.8,0.15,0.1,0.2,0.2,1.2,0.2,0.15,0.39,0.18,3.18,-15402.0,-0.4828392176159429,6.0,0.316,0.253,0.431,,,0.0865335286443358,0.0462817952658443,0,0.0,2.571513029019212,,,
8796,0,0,-3,0,10.6,495,0.06,0.06,0.0,2.27,379,4,0,2.1,10.8,2025-05-25,90,0,0,0,0,0,0,0,False,5,0,0,0,0,38,0,1891301,1,4,1,0.0,-1,-25788,10339,36127,5.2,True,1,0,0,0.0,90,Tottenham,Brighton,1,4,26976,2024,730125,0.5706691145896912,0,1,0,0.0,1.029228687286377,0.4585594832897186,Tottenham,3,3,38,-0.2,DEF,0.0,0.38,0.46,0.08,2.51,2.0,0.0,4.5,8.4,29.0,8.0,57.0,0.0,0.0,0.0,0.0,0.0,0.0,1.0,2.0,0.0,0.0,0.0,2.0,0.07,0.48,0.0,0.0,2.0,0.0,0.07,0.5,0.0,1.2,0.0,0.33,0.37,0.04,1.34,1.67,0.0,9.5,31.53,59.27,4.33,79.0,0.0,0.0,0.0,0.0,0.33,0.0,1.0,1.67,1.33,2.0,0.0,1.33,0.04,0.58,0.33,0.33,4.0,0.0,0.04,0.71,0.47,1.0,0.0,0.24,0.27,0.03,1.23,1.4,0.0,7.12,23.12,45.16,3.0,65.0,0.0,0.0,0.0,0.0,0.4,0.0,0.8,1.4,1.4,1.4,0.0,0.8,0.02,0.38,0.2,0.2,3.0,0.0,0.02,0.45,0.3,0.96,-60565.0,-0.554986441699307,-1.0,0.225,0.218,0.556,,1.6103579998016355,0.001164993915184,0.0442211324965231,1,0.0,0.3346533609806732,Pedro Porro,Pedro Porro,Spurs
8854,0,0,2,0,0.3,348,0.0,0.0,0.0,0.45,372,0,0,0.5,2.2,2025-05-25,8,0,0,0,0,0,0,0,False,9,0,0,0,0,38,0,525390,0,2,0,2.0,1,-5399,2742,8141,9.1,False,0,0,0,0.0,7,Fulham,Manchester City,0,2,26981,2024,730216,0.0,0,0,0,0.0,0.0,0.0,Manchester City,4,3,38,1.7,MID,1.0,0.2,0.24,0.04,0.1,0.0,0.0,4.4,5.4,29.7,9.0,75.0,0.0,0.0,0.0,0.0,0.0,0.0,1.0,0.0,0.0,3.0,0.0,2.0,0.07,0.11,0.0,0.0,1.0,0.0,0.07,0.22,0.07,2.0,0.33,0.07,0.17,0.1,0.17,0.0,0.0,2.23,1.8,16.23,5.33,46.0,0.0,0.0,0.0,0.0,0.0,0.0,0.67,0.0,0.33,1.67,0.0,1.33,0.18,0.04,0.0,0.0,0.67,0.0,0.18,0.23,0.02,1.3,0.4,0.06,0.16,0.09,0.29,0.0,0.0,2.54,2.8,17.56,5.6,44.0,0.0,0.0,0.0,0.0,0.0,0.0,0.6,0.4,0.8,1.8,0.0,1.0,0.13,0.06,0.0,0.0,1.0,0.0,0.13,0.21,0.03,1.68,-7722.0,-0.4960948267940825,1.0,0.188,0.224,0.588,,,0.0165512296201766,-5.689893001203925e-10,0,0.0,1.082756146393915,Phil Foden,Phil Foden,Man City
8901,0,0,10,0,7.1,186,0.01,0.12,0.11,0.63,378,1,0,1.7,3.4,2025-05-25,62,0,0,0,0,0,0,0,False,17,0,0,0,0,38,0,95174,1,2,1,6.0,2,93,462,369,6.7,False,0,0,1,0.087485946714878,64,Southampton,Arsenal,1,2,26977,2024,730115,0.0,0,0,0,0.087485946714878,0.2868387997150421,0.1993528455495834,Arsenal,5,1,38,2.3,MID,0.0,0.01,0.01,0.0,0.0,0.0,0.0,0.5,0.2,0.8,4.0,4.0,0.0,0.0,0.0,0.0,0.0,0.0,0.0,2.0,1.0,1.0,0.0,0.0,0.0,0.0,0.0,0.0,0.0,0.0,0.0,0.0,0.0,1.8,0.0,0.03,0.03,0.0,0.41,0.33,0.0,1.3,2.0,8.5,2.67,26.67,0.0,0.0,0.0,0.0,0.0,0.0,0.33,2.67,1.0,1.0,0.0,0.0,0.0,0.03,0.0,0.0,0.67,0.0,0.0,0.02,0.02,3.87,0.0,0.03,0.08,0.06,0.33,0.2,0.0,1.66,4.84,8.36,3.4,27.6,0.0,0.0,0.0,0.0,0.0,0.0,0.4,1.8,0.8,1.6,0.0,0.2,0.03,0.04,0.2,0.2,0.6,0.0,0.03,0.06,0.01,3.02,-264.0,0.111913357400722,2.0,0.112,0.158,0.73,,,0.0356721699047188,-5.689893001203925e-10,0,0.0,1.178360847816626,Raheem Sterling,Raheem Sterling,Arsenal
8952,0,0,10,1,26.2,375,0.24,0.36,0.12,0.06,375,0,0,6.5,9.4,2025-05-25,80,0,0,0,0,0,0,0,False,2,0,0,0,0,38,0,118444,1,0,2,29.0,2,-255,2539,2794,6.9,True,0,0,1,0.433686226606369,86,Manchester United,Aston Villa,2,0,26974,2024,730228,0.5191283822059631,0,2,0,0.433686226606369,0.9987189173698424,0.0459042713046073,Manchester United,3,3,38,1.5,FWD,0.0,0.0,0.0,0.0,0.82,1.0,0.0,0.2,0.0,3.8,0.0,90.0,0.0,0.0,0.0,0.0,0.0,0.0,1.0,0.0,1.0,2.0,0.0,0.0,0.0,0.0,0.0,0.0,0.0,0.0,0.0,0.0,0.0,3.2,0.0,0.01,0.6,0.6,0.97,1.33,0.33,5.43,12.6,6.97,35.67,90.0,0.0,0.0,0.0,0.0,0.0,0.0,1.0,1.0,0.67,4.33,0.33,2.33,0.55,0.01,0.0,0.0,0.33,0.33,0.55,0.32,0.01,2.13,0.2,0.01,0.44,0.43,0.79,1.2,0.2,3.88,7.72,5.9,26.0,74.8,0.0,0.0,0.0,0.0,0.0,0.0,0.8,1.0,1.2,3.2,0.2,2.0,0.4,0.01,0.0,0.0,0.2,0.2,0.4,0.24,0.01,1.58,62.0,-0.0478154884680292,2.0,0.218,0.225,0.556,,,0.3355292905808391,0.152336266138864,0,,3.7991259607399486,Rasmus Højlund,Rasmus Højlund,Man Utd
8989,0,0,11,0,40.0,533,0.13,0.18,0.05,1.21,380,1,0,8.3,18.4,2025-05-25,64,0,0,0,0,0,0,0,False,4,0,0,0,0,38,0,1702267,1,1,1,25.0,2,-69242,25471,94713,5.1,True,0,0,1,0.0620352290570735,66,Wolverhampton Wanderers,Brentford,1,1,26978,2024,730068,0.1867502778768539,0,3,0,0.0620352290570735,0.3168096542358398,0.0820498764514923,Wolverhampton Wanderers,3,3,38,1.2,DEF,0.0,0.26,0.26,0.0,1.69,4.0,0.0,8.6,20.2,64.1,2.0,90.0,0.0,0.0,0.0,0.0,0.0,0.0,1.0,2.0,4.0,0.0,0.0,0.0,0.0,0.33,0.0,0.0,5.0,0.0,0.0,0.2,0.08,3.5,0.0,0.1,0.18,0.08,1.32,2.33,0.0,6.1,17.07,30.47,13.33,90.0,0.0,0.0,0.0,0.0,0.0,0.0,1.0,1.33,1.67,1.0,0.0,1.0,0.16,0.16,0.0,0.0,2.33,0.0,0.16,0.26,0.06,5.27,0.4,0.11,0.17,0.07,1.16,1.4,0.0,5.44,17.48,23.84,13.0,85.4,0.0,0.0,0.0,0.0,0.2,0.0,1.0,1.0,1.6,3.8,0.0,1.2,0.13,0.17,0.2,0.2,1.6,0.0,0.13,0.31,0.15,4.6,-85428.0,-0.5761332623310923,2.0,0.353,0.258,0.389,,1.678401231765747,0.1011535180090872,0.1579333651625381,0,0.0,2.2417212035421374,Rayan Aït-Nouri,Rayan Ait Nouri,Wolves
9027,0,0,1,0,0.6,252,0.0,0.21,0.21,2.84,372,2,0,0.9,1.2,2025-05-25,90,0,0,0,0,0,0,0,False,13,0,0,0,0,38,0,569249,1,2,0,7.0,2,-1176,28914,30090,5.3,True,0,0,2,0.1052041798830032,90,Fulham,Manchester City,0,2,26981,2024,730197,0.0,0,0,0,0.1052041798830032,0.1789215505123138,0.0737173706293106,Fulham,4,3,38,5.0,FWD,0.0,0.04,0.41,0.37,2.87,2.0,1.0,10.5,47.2,11.9,46.0,90.0,0.0,0.0,0.0,0.0,0.0,0.0,1.0,3.0,2.0,9.0,1.0,5.0,0.83,0.08,0.0,0.0,1.0,1.0,0.83,0.8,0.1,5.2,0.0,0.05,0.25,0.2,1.65,2.0,0.67,8.8,33.13,25.93,28.67,90.0,0.0,0.0,0.0,0.0,0.0,0.0,1.0,2.0,1.33,6.67,0.67,2.67,0.48,0.15,0.0,0.0,2.33,0.67,0.48,0.68,0.32,3.4,0.0,0.04,0.31,0.26,1.28,1.6,0.4,6.3,19.96,17.16,26.6,88.6,0.0,0.0,0.0,0.0,0.2,0.0,1.0,2.0,1.2,4.6,0.4,3.0,0.44,0.09,0.0,0.0,1.4,0.4,0.44,0.54,0.22,2.34,630.0,-0.0199308521456172,2.0,0.188,0.224,0.588,,,0.1087182613958386,6.746065928098233e-10,0,,2.4348730476071743,Raúl Jiménez,Raúl Jiménez,Fulham
9046,0,0,22,1,2.1,172,0.01,0.01,0.0,1.35,377,0,0,2.0,17.6,2025-05-25,90,0,0,0,0,0,0,0,False,16,0,0,0,0,38,0,124205,1,1,0,0.0,6,16681,19234,2553,4.8,False,0,0,0,0.0,90,Nottingham Forest,Chelsea,0,1,26972,2024,729986,0.0,0,0,0,0.0,0.5558021664619446,0.5558021664619446,Chelsea,3,4,38,4.0,DEF,1.0,0.24,0.3,0.06,0.29,0.0,0.0,4.4,25.8,13.5,5.0,90.0,0.0,0.0,0.0,0.0,0.0,0.0,1.0,0.0,1.0,10.0,0.0,2.0,0.06,0.31,1.0,1.0,1.0,0.0,0.06,0.69,0.67,3.2,0.33,0.09,0.14,0.06,0.13,0.33,0.0,1.93,9.4,6.37,3.67,45.67,0.0,0.0,0.0,0.0,0.0,0.0,0.33,0.33,2.0,4.0,0.0,1.0,0.09,0.1,0.33,0.33,0.33,0.0,0.09,0.31,0.24,1.17,0.2,0.06,0.1,0.04,0.14,0.4,0.0,1.76,7.08,6.88,3.6,41.0,0.0,0.0,0.0,0.0,0.0,0.0,0.4,0.6,1.6,2.8,0.0,0.8,0.06,0.07,0.2,0.2,0.4,0.0,0.06,0.19,0.14,1.26,19354.0,0.7656400605865883,6.0,0.316,0.253,0.431,,1.6673305034637451,3.9846503874230166e-10,0.0010962324278231,0,0.0,0.16928869967425964,Reece James,Reece James,Chelsea
9069,0,0,0,0,0.0,184,0.0,0.0,0.0,0.0,377,0,0,0.0,0.0,2025-05-25,0,0,0,0,0,0,0,0,False,16,0,0,0,0,38,0,12807,0,1,0,0.0,0,-40,0,40,4.4,False,0,0,1,0.0711328238248825,41,Venezia,Juventus,2,3,27732,2024,730307,0.0,0,0,0,0.0711328238248825,0.1841152012348175,0.1841152012348175,Juventus,3,4,38,0.0,MID,0.0,0.0,0.0,0.0,0.0,0.0,0.0,0.0,0.0,0.0,0.0,0.0,0.0,0.0,0.0,0.0,0.0,0.0,0.0,1.0,3.0,0.0,0.0,0.0,0.0,0.0,0.0,0.0,0.0,0.0,0.0,0.0,0.0,0.0,0.0,0.0,0.0,0.0,0.0,0.0,0.0,0.0,0.0,0.0,0.0,0.0,0.0,0.0,0.0,0.0,0.0,0.0,0.0,0.33,1.33,0.0,0.0,1.0,0.05,0.0,0.0,0.0,0.0,0.0,0.05,0.12,0.12,0.0,0.0,0.0,0.0,0.0,0.18,0.2,0.0,0.02,0.0,0.16,0.0,2.4,0.0,0.0,0.0,0.0,0.0,0.0,0.0,2.0,1.6,0.4,0.0,0.6,0.03,0.0,0.0,0.0,0.0,0.0,0.03,0.07,0.07,0.34,-121.0,-1.0,,,,,,,0.0788378905051603,0.0167384087448865,0,0.0,0.444404678760461,Renato Palma Veiga,Renato Veiga,Chelsea
9079,0,0,-3,0,2.0,302,0.01,0.01,0.0,0.45,371,2,0,0.4,2.4,2025-05-25,18,0,0,0,0,0,0,0,False,3,0,0,0,0,38,0,8030,0,0,2,0.0,0,36,103,67,4.1,False,0,0,0,0.0,14,Bournemouth,Leicester,2,0,26979,2024,730059,0.0,0,0,0,0.0,0.0,0.0,Leicester,1,3,38,-0.3,DEF,0.0,0.0,0.0,0.0,0.42,0.0,0.0,1.4,11.4,3.0,0.0,26.0,0.0,0.0,0.0,0.0,0.0,0.0,0.0,0.0,2.0,1.0,0.0,0.0,0.0,0.0,0.0,0.0,0.0,0.0,0.0,0.09,0.09,0.4,0.0,0.0,0.0,0.0,1.28,0.67,0.0,1.3,11.27,1.87,0.0,51.0,0.0,0.0,0.0,0.0,0.0,0.0,0.67,0.33,1.67,1.33,0.0,0.0,0.0,0.0,0.0,0.0,0.0,0.0,0.0,0.04,0.04,0.03,0.0,0.0,0.0,0.0,0.88,0.4,0.0,1.12,8.76,1.64,0.8,39.6,0.0,0.0,0.0,0.0,0.0,0.0,0.4,1.2,1.4,1.2,0.0,0.0,0.0,0.0,0.0,0.0,0.0,0.0,0.0,0.06,0.06,0.06,55.0,0.2117647058823529,0.0,0.709,0.18,0.111,,0.9113787412643432,0.0006198232779932,-5.972489169892015e-10,0,0.0,0.5477189378762124,,,
9113,0,0,0,0,0.1,497,0.0,0.0,0.0,0.95,379,2,0,0.1,1.0,2025-05-25,24,0,0,0,0,0,0,0,False,5,0,0,0,0,38,0,45119,0,4,1,0.0,1,967,1715,748,6.8,True,0,0,0,0.0,23,Tottenham,Brighton,1,4,26976,2024,730135,0.0,0,0,0,0.0,0.0,0.0,Tottenham,3,3,38,1.0,FWD,0.0,0.0,0.0,0.0,0.06,0.0,0.0,0.0,0.0,0.0,0.0,3.0,0.0,0.0,0.0,0.0,0.0,0.0,0.0,0.0,2.0,1.0,0.0,0.0,0.0,0.0,0.0,0.0,0.0,0.0,0.0,0.0,0.0,0.8,0.0,0.01,0.05,0.05,0.31,0.67,0.0,0.23,0.0,0.2,4.0,31.0,0.0,0.0,0.0,0.0,0.33,0.0,0.33,0.67,2.67,1.0,0.0,0.67,0.05,0.0,0.0,0.0,0.0,0.0,0.05,0.05,0.0,1.33,0.0,0.0,0.51,0.51,0.4,1.0,0.4,3.66,12.0,0.44,25.4,39.6,0.0,0.0,0.0,0.0,0.2,0.0,0.4,1.2,2.6,2.8,0.4,2.2,0.52,0.0,0.0,0.0,0.0,0.4,0.52,0.36,0.0,1.26,1299.0,0.3926106374340235,1.0,0.225,0.218,0.556,,,0.0874904218445558,0.0579832553014099,0,,1.523911453282453,Richarlison de Andrade,Richarlison,Spurs
9178,0,0,24,1,0.0,185,0.0,0.0,0.0,1.35,377,0,0,1.2,12.4,2025-05-25,90,0,0,0,0,0,0,0,False,16,0,0,0,0,38,2,708309,1,1,0,0.0,6,-6755,7693,14448,4.5,False,0,0,0,0.0,90,Nottingham Forest,Chelsea,0,1,26972,2024,729985,0.0,0,0,0,0.0,0.0,0.0,Chelsea,3,4,38,3.5,GK,1.0,0.0,0.0,0.0,0.29,0.0,0.0,1.0,10.2,0.0,0.0,90.0,0.0,0.0,0.0,0.0,0.0,1.0,1.0,0.0,1.0,6.0,0.0,0.0,0.0,0.0,0.0,0.0,0.0,0.0,0.0,0.0,0.0,4.8,0.33,0.0,0.0,0.0,0.97,1.0,0.0,1.97,19.47,0.0,0.0,90.0,0.0,0.0,0.0,0.0,0.0,2.0,1.0,0.33,2.0,3.33,0.0,0.0,0.0,0.0,0.0,0.0,0.0,0.0,0.0,0.2,0.2,3.33,0.4,0.0,0.0,0.0,0.72,0.8,0.0,1.9,16.76,2.0,0.0,90.0,0.0,0.0,0.0,0.0,0.0,1.8,1.0,0.6,1.6,4.2,0.0,0.0,0.0,0.0,0.0,0.0,0.0,0.0,0.0,0.12,0.12,2.76,-8335.0,-0.305090104331331,6.0,0.316,0.253,0.431,1.2059208665231034,0.8160210940251635,,,0,1.0,5.994,Robert Sánchez,Robert Sánchez,Chelsea
9182,0,0,2,0,0.0,51,0.0,0.0,0.0,1.75,375,2,0,2.2,22.2,2025-05-25,45,0,0,0,0,0,0,0,False,14,0,0,0,0,38,3,15986,0,0,2,0.0,1,-91,155,246,4.5,False,0,0,0,0.0,42,Manchester United,Aston Villa,2,0,26974,2024,730247,0.0,0,0,0,0.0,0.0,0.0,Aston Villa,3,3,38,0.2,GK,1.0,0.0,0.0,0.0,0.83,0.0,0.0,1.7,17.0,0.0,0.0,90.0,0.0,0.0,0.0,0.0,0.0,3.0,1.0,1.0,0.0,7.0,0.0,0.0,0.0,0.0,0.0,0.0,0.0,0.0,0.0,0.0,0.0,1.4,0.33,0.0,0.0,0.0,1.25,1.33,0.0,1.23,12.33,0.0,0.0,60.0,0.0,0.0,0.0,0.0,0.0,1.67,0.33,0.67,2.33,2.67,0.0,0.0,0.0,0.0,0.0,0.0,0.0,0.0,0.0,0.15,0.15,0.37,,,,,,,,,,,,,,,,,,,,,,,,,,,,,,,,,,,1239.0,-0.226932668329177,1.0,0.218,0.225,0.556,3.0447176082687424,1.4076816325511587,,,1,0.0,1.311,Robin Olsen,Robin Olsen,Aston Villa
9211,0,0,7,0,1.5,480,0.02,0.02,0.0,1.32,379,2,0,0.9,7.0,2025-05-25,65,0,0,0,0,0,0,0,False,5,0,0,0,0,38,0,14019,1,4,1,0.0,1,-3,108,111,4.9,True,1,0,0,0.0,67,Tottenham,Brighton,1,4,26976,2024,730130,0.0,0,0,0,0.0,0.5706691145896912,0.5706691145896912,Tottenham,3,3,38,0.5,MID,0.0,0.0,0.0,0.0,0.1,0.0,0.0,0.3,2.6,0.3,0.0,16.0,0.0,0.0,0.0,0.0,0.0,0.0,0.0,0.0,2.0,1.0,0.0,0.0,0.0,0.0,0.0,0.0,0.0,0.0,0.0,0.0,0.0,0.2,0.0,0.02,0.02,0.0,0.87,1.0,0.0,1.33,6.33,5.5,1.33,50.33,0.0,0.0,0.0,0.0,0.33,0.0,0.67,1.33,1.0,1.0,0.0,0.0,0.0,0.01,0.0,0.0,0.33,0.0,0.0,0.14,0.14,0.57,0.0,0.02,0.02,0.0,0.94,1.0,0.0,1.32,7.6,4.18,1.2,48.4,0.0,0.0,0.0,0.0,0.2,0.0,0.6,1.4,2.0,1.0,0.0,0.0,0.0,0.01,0.0,0.0,0.2,0.0,0.0,0.15,0.15,0.78,21.0,-0.0136986301369863,1.0,0.225,0.218,0.556,,,-6.725144885422194e-10,-5.689893001203925e-10,0,0.0,0.9999999949304597,Rodrigo Bentancur,Rodrigo Bentancur,Spurs
9236,0,0,4,0,0.8,563,0.01,0.01,0.0,0.23,380,0,0,0.3,2.4,2025-05-25,25,0,0,0,0,0,0,0,False,4,0,0,0,0,38,0,7691,0,1,1,0.0,1,-1,73,74,5.1,True,0,0,0,0.0,24,Wolverhampton Wanderers,Brentford,1,1,26978,2024,730076,0.0,0,0,0,0.0,0.0,0.0,Wolverhampton Wanderers,3,3,38,1.2,MID,0.0,0.05,0.19,0.14,1.2,3.0,0.0,1.2,2.8,2.2,7.0,80.0,0.0,0.0,0.0,0.0,0.0,0.0,1.0,2.0,4.0,2.0,0.0,1.0,0.09,0.0,0.0,0.0,0.0,0.0,0.09,0.09,0.0,2.5,0.0,0.02,0.06,0.05,0.66,1.33,0.0,0.67,2.4,1.4,3.0,45.0,0.0,0.0,0.0,0.0,0.0,0.0,0.33,1.33,1.67,1.33,0.0,0.33,0.03,0.0,0.0,0.0,0.0,0.0,0.03,0.03,0.0,2.13,0.0,0.01,0.08,0.07,0.52,0.8,0.2,2.02,8.92,5.04,6.2,32.8,0.0,0.0,0.0,0.0,0.0,0.0,0.2,1.0,1.6,2.2,0.2,0.6,0.06,0.02,0.0,0.0,0.4,0.2,0.06,0.08,0.0,1.44,12.0,-0.0068027210884353,1.0,0.353,0.258,0.389,,,-6.725144885422194e-10,-5.689893001203925e-10,1,0.0,-5.069540343072276e-09,,,
9284,0,0,4,0,0.2,174,0.0,0.07,0.07,0.71,377,0,0,0.4,1.6,2025-05-25,28,0,0,0,0,0,0,0,False,16,0,0,0,0,38,0,45682,0,1,0,2.0,1,-18,379,397,4.5,False,0,0,1,0.065137542784214,27,Nottingham Forest,Chelsea,0,1,26972,2024,729996,0.0,0,0,0,0.065137542784214,0.065137542784214,0.0,Chelsea,3,4,38,1.3,MID,0.0,0.0,0.0,0.0,0.0,0.0,0.0,0.0,0.0,0.3,0.0,9.0,0.0,0.0,0.0,0.0,0.0,0.0,0.0,0.0,1.0,1.0,0.0,0.0,0.0,0.0,0.0,0.0,0.0,0.0,0.0,0.0,0.0,2.2,0.33,0.02,0.02,0.0,0.82,0.33,0.0,0.6,3.53,2.4,0.0,53.33,0.0,0.0,0.0,0.0,0.0,0.0,0.67,0.33,2.0,2.0,0.0,0.0,0.0,0.0,0.0,0.0,0.0,0.0,0.0,0.2,0.2,1.4,0.4,0.02,0.02,0.0,0.53,0.2,0.0,0.88,4.24,4.34,0.0,46.8,0.0,0.0,0.0,0.0,0.0,0.0,0.6,0.2,1.6,2.0,0.0,0.0,0.0,0.01,0.0,0.0,0.2,0.0,0.0,0.14,0.13,0.88,-9.0,-0.0231958762886597,1.0,0.316,0.253,0.431,,,0.0190180409530642,-5.689893001203925e-10,1,0.0,0.09509020305835314,Roméo Lavia,Romeo Lavia,Chelsea
9305,0,0,4,0,0.6,29,0.01,0.11,0.1,0.87,375,1,0,0.6,1.8,2025-05-25,6,0,0,0,0,0,0,0,False,14,0,0,0,0,38,0,25658,0,0,2,4.0,1,16,86,70,5.2,False,0,0,1,0.0720168426632881,1,Manchester United,Aston Villa,2,0,26974,2024,730248,0.0,0,0,0,0.0720168426632881,0.0720168426632881,0.0,Aston Villa,3,3,38,0.8,MID,0.0,0.0,0.0,0.0,0.0,0.0,0.0,0.2,1.4,0.2,0.0,2.0,0.0,0.0,0.0,0.0,0.0,0.0,0.0,0.0,2.0,1.0,0.0,0.0,0.0,0.0,0.0,0.0,0.0,0.0,0.0,0.0,0.0,0.7,0.0,0.0,0.01,0.0,0.03,0.0,0.0,1.3,3.4,4.0,5.67,5.67,0.0,0.0,0.0,0.0,0.0,0.0,0.0,0.33,2.33,1.0,0.0,0.33,0.02,0.02,0.0,0.0,0.33,0.0,0.02,0.08,0.07,0.2,0.0,0.01,0.04,0.03,0.16,0.2,0.2,2.58,13.88,5.8,6.2,19.8,0.0,0.0,0.0,0.0,0.0,0.0,0.2,0.8,2.2,2.8,0.2,0.6,0.03,0.02,0.0,0.0,0.4,0.2,0.03,0.1,0.09,0.8,33.0,0.1025641025641025,1.0,0.218,0.225,0.556,,,0.0326344621919665,-5.689893001203925e-10,0,0.0,1.1631723092528645,Ross Barkley,Ross Barkley,Aston Villa
9317,0,3,31,0,4.1,473,0.02,0.35,0.33,1.74,378,1,1,7.9,36.0,2025-05-25,69,0,0,0,0,0,0,0,False,1,0,0,0,0,38,0,204936,1,2,1,39.0,9,9463,16606,7143,4.4,True,0,1,2,0.2690193951129913,71,Southampton,Arsenal,1,2,26977,2024,730103,0.0,0,0,1,0.2690193951129913,0.1361303329467773,0.0,Southampton,5,1,38,1.5,FWD,0.0,0.0,0.51,0.51,0.03,0.0,0.0,4.0,6.0,0.4,34.0,30.0,0.0,0.0,0.0,0.0,0.0,0.0,0.0,0.0,2.0,1.0,0.0,3.0,0.34,0.0,0.0,0.0,0.0,0.0,0.34,0.99,0.79,0.7,0.0,0.0,0.19,0.19,0.35,0.67,0.0,1.5,2.07,0.67,13.0,25.67,0.0,0.0,0.0,0.0,0.0,0.0,0.33,0.0,1.33,1.0,0.0,1.33,0.13,0.0,0.0,0.0,0.0,0.0,0.13,0.33,0.26,0.7,0.2,0.0,0.13,0.13,0.44,0.4,0.0,1.22,2.48,0.5,9.6,29.4,0.0,0.0,0.0,0.0,0.0,0.0,0.4,0.6,1.2,1.2,0.0,1.0,0.1,0.0,0.0,0.0,0.0,0.0,0.1,0.21,0.16,0.48,12459.0,0.3984588824792623,6.0,0.112,0.158,0.73,,,0.5284300699040163,0.0032817549527721,1,,2.1235655444743817,Ross Stewart,Ross Stewart,Southampton
9391,0,0,3,0,17.8,323,0.23,0.23,0.0,1.44,374,1,0,2.3,3.4,2025-05-25,67,0,0,0,0,0,0,0,False,7,0,0,0,1,38,0,78566,1,1,1,2.0,-1,7,1145,1138,5.0,True,0,0,0,0.0,69,Liverpool,Crystal Palace,1,1,26975,2024,730161,0.0663791075348854,0,1,0,0.0,0.0996681973338127,0.0332890935242176,Liverpool,3,5,38,1.8,MID,0.0,0.01,0.04,0.03,2.2,3.0,0.0,1.9,10.8,6.2,2.0,90.0,0.0,0.0,0.0,0.0,0.0,0.0,1.0,2.0,3.0,2.0,0.0,1.0,0.01,0.0,0.0,0.0,0.0,0.0,0.01,1.12,1.1,3.2,0.0,0.01,0.06,0.04,1.62,2.0,0.0,2.6,13.13,8.0,5.0,87.33,0.0,0.0,0.0,0.0,0.0,0.0,1.0,1.67,3.33,3.0,0.0,1.0,0.04,0.01,0.33,0.33,0.33,0.0,0.04,0.86,0.81,1.9,0.2,0.03,0.07,0.04,1.33,1.4,0.0,2.52,14.4,6.72,4.2,88.4,0.0,0.0,0.0,0.0,0.0,0.0,1.0,1.4,2.4,2.8,0.0,1.0,0.03,0.01,0.2,0.2,0.2,0.0,0.03,0.81,0.78,2.08,193.0,0.0030661410424879,-1.0,0.677,0.158,0.165,,,0.011860736215209,0.0676185100659196,1,0.0,1.2621592112738038,Ryan Gravenberch,Ryan Gravenberch,Liverpool
9431,0,0,10,0,29.1,579,0.28,0.28,0.0,0.03,372,0,0,4.5,9.8,2025-05-25,16,0,0,0,0,0,0,0,False,13,0,0,0,0,38,0,287842,0,2,0,6.0,1,-46191,3043,49234,4.2,True,0,0,0,0.0,15,Fulham,Manchester City,0,2,26981,2024,730200,0.5412503480911255,0,2,0,0.0,0.5412503480911255,0.0,Fulham,4,3,38,0.3,DEF,0.0,0.0,0.0,0.0,0.14,0.0,0.0,0.4,3.2,0.3,0.0,10.0,0.0,0.0,0.0,0.0,0.0,0.0,0.0,3.0,2.0,1.0,0.0,0.0,0.0,0.0,0.0,0.0,0.0,0.0,0.0,0.0,0.0,3.2,0.0,0.04,0.05,0.01,0.46,1.33,0.0,2.7,11.67,5.3,9.67,49.33,0.0,0.0,0.0,0.0,0.33,0.0,0.67,2.0,1.33,0.67,0.0,0.33,0.01,0.02,0.0,0.0,0.33,0.0,0.01,0.29,0.29,4.93,0.2,0.07,0.14,0.08,0.55,1.0,0.2,5.66,25.92,16.16,14.2,63.2,0.0,0.0,0.0,0.0,0.2,0.0,0.8,2.0,1.2,4.8,0.2,0.8,0.06,0.07,0.2,0.2,1.2,0.2,0.06,0.35,0.3,4.12,-53346.0,-0.8835816898444823,1.0,0.188,0.224,0.588,,1.235290288925171,0.0423533208096675,0.1031074525445721,0,0.0,0.9454422824917214,Ryan Sessegnon,Ryan Sessegnon,Fulham
9467,0,0,2,0,0.8,449,0.0,0.0,0.0,0.07,377,0,0,0.9,5.8,2025-05-25,22,0,0,0,0,0,0,0,False,6,0,0,0,0,38,0,14938,0,1,0,2.0,1,-156,46,202,4.8,True,0,0,0,0.0,21,Nottingham Forest,Chelsea,0,1,26972,2024,729983,0.1286183148622512,0,1,0,0.0,0.0,0.0,Nottingham Forest,3,4,38,1.5,MID,0.0,0.0,0.0,0.0,0.01,0.0,0.0,0.1,0.4,0.3,0.0,1.0,0.0,0.0,0.0,0.0,0.0,0.0,0.0,2.0,1.0,1.0,0.0,0.0,0.0,0.0,0.0,0.0,0.0,0.0,0.0,0.0,0.0,1.5,0.0,0.0,0.02,0.02,0.33,0.33,0.0,0.7,2.47,3.73,0.67,10.33,0.0,0.0,0.0,0.0,0.33,0.0,0.0,1.67,1.33,0.67,0.0,0.33,0.01,0.01,0.0,0.0,0.33,0.0,0.01,0.02,0.0,1.53,0.0,0.0,0.02,0.02,0.66,0.8,0.0,0.72,2.84,2.82,1.4,29.4,0.0,0.0,0.0,0.0,0.4,0.0,0.2,1.8,1.0,0.8,0.0,0.4,0.01,0.01,0.0,0.0,0.2,0.0,0.01,0.04,0.03,1.46,-135.0,-0.6290322580645161,1.0,0.316,0.253,0.431,,,0.0133750159177781,-5.689893001203925e-10,1,0.0,0.0668750778819227,Ryan Yates,Ryan Yates,Nott'm Forest
9494,0,1,30,1,2.7,361,0.05,0.05,0.0,1.74,372,0,0,3.5,32.6,2025-05-25,90,0,0,0,0,0,0,0,False,9,0,0,0,0,38,0,635023,1,2,0,0.0,7,24575,43559,18984,5.5,False,0,0,0,0.0,90,Fulham,Manchester City,0,2,26981,2024,730205,0.0,0,0,0,0.0,0.170505478978157,0.170505478978157,Manchester City,4,3,38,6.7,DEF,0.0,0.01,0.01,0.0,1.06,1.0,0.0,2.1,16.0,2.8,2.0,90.0,0.0,0.0,0.0,0.0,0.0,0.0,1.0,1.0,3.0,2.0,0.0,0.0,0.0,0.0,0.0,0.0,0.0,0.0,0.0,0.79,0.79,6.5,0.67,0.06,0.1,0.04,0.52,0.33,0.0,3.7,20.07,6.0,11.0,90.0,0.0,0.0,0.0,0.0,0.0,0.0,1.0,0.33,1.33,6.0,0.0,1.33,0.03,0.0,0.0,0.0,0.0,0.0,0.03,0.5,0.49,6.13,0.6,0.05,0.1,0.05,0.85,0.4,0.0,3.66,20.4,4.76,11.4,90.0,0.0,0.0,0.0,0.0,0.0,0.0,1.0,0.8,1.2,5.4,0.0,1.2,0.04,0.0,0.0,0.0,0.0,0.0,0.04,0.37,0.37,7.44,20767.0,0.392929664390899,6.0,0.188,0.224,0.588,,0.9956915378570556,3.9846503874230166e-10,-5.972489169892015e-10,0,0.0,1.5020000005990435,Rúben Gato Alves Dias,Rúben Dias,Man City
9534,0,0,19,0,4.7,278,0.07,0.11,0.04,1.01,373,3,0,1.9,6.6,2025-05-25,87,0,0,0,0,0,0,0,False,19,0,0,0,0,38,0,14386,1,3,1,8.0,2,-180,364,544,4.8,True,0,0,2,0.0214084070175886,90,Ipswich,West Ham,1,3,26980,2024,730004,0.0,0,0,0,0.0214084070175886,0.0778119787573814,0.0564035736024379,Ipswich,2,2,38,1.3,MID,0.0,0.29,0.3,0.01,0.76,2.0,0.0,7.5,16.8,53.1,5.0,87.0,0.0,0.0,0.0,0.0,0.0,0.0,1.0,0.0,2.0,2.0,0.0,1.0,0.01,0.42,0.0,0.0,4.0,0.0,0.01,0.76,0.59,1.8,0.0,0.11,0.13,0.03,0.89,1.67,0.0,4.07,12.07,26.47,2.0,81.33,0.0,0.0,0.0,0.0,0.33,0.0,1.0,1.0,1.33,1.67,0.0,0.67,0.01,0.15,0.0,0.0,2.0,0.0,0.01,0.52,0.45,1.37,0.0,0.07,0.09,0.02,1.61,2.4,0.0,3.52,13.04,20.82,1.2,84.8,0.0,0.0,0.0,0.0,0.2,0.0,1.0,1.4,1.4,1.8,0.0,0.4,0.01,0.11,0.0,0.0,1.6,0.0,0.01,0.33,0.28,0.88,-173.0,-0.198237885462555,2.0,0.317,0.25,0.432,,,0.0490248309612579,0.0011456183043327,0,0.0,2.2485610097192876,Sam Morsy,Sam Morsy,Ipswich
9554,0,0,6,0,11.4,611,0.01,0.01,0.0,0.08,373,1,0,1.6,4.6,2025-05-25,12,0,0,0,0,0,0,0,False,19,0,0,0,0,38,0,17170,0,3,1,0.0,1,-63,47,110,5.7,True,0,0,0,0.0,10,Ipswich,West Ham,1,3,26980,2024,730013,0.0433783791959285,0,1,0,0.0,0.0433783791959285,0.0,Ipswich,2,2,38,-0.2,MID,0.0,0.0,0.0,0.0,0.01,0.0,0.0,0.2,2.0,0.1,0.0,1.0,0.0,0.0,0.0,0.0,0.0,0.0,0.0,2.0,3.0,1.0,0.0,0.0,0.0,0.0,0.0,0.0,0.0,0.0,0.0,0.0,0.0,0.3,0.0,0.0,0.09,0.09,0.51,0.33,0.33,2.2,14.13,0.23,7.67,28.67,0.0,0.0,0.0,0.0,0.0,0.0,0.33,1.33,2.33,3.0,0.33,0.67,0.05,0.0,0.0,0.0,0.0,0.33,0.05,0.05,0.0,1.1,0.0,0.01,0.12,0.11,1.06,1.2,0.2,2.5,10.44,4.02,10.4,46.6,0.0,0.0,0.0,0.0,0.0,0.0,0.6,1.6,1.6,2.6,0.2,0.8,0.13,0.01,0.0,0.0,0.2,0.2,0.13,0.13,0.0,1.08,-1408.0,-0.4012738853503185,1.0,0.317,0.25,0.432,,,-6.725144885422194e-10,0.0601081520194739,0,0.0,1.1803244526958492,Sam Szmodics,Sammie Szmodics,Ipswich
9595,0,0,2,0,0.6,622,0.02,0.31,0.29,0.0,372,0,0,2.2,4.0,2025-05-25,4,0,0,0,0,0,0,0,False,13,0,0,0,0,38,0,2884,0,2,0,17.0,1,-49,37,86,5.0,True,0,0,1,0.353645384311676,3,Fulham,Manchester City,0,2,26981,2024,730199,0.0,0,0,0,0.353645384311676,0.4453188776969909,0.0916734710335731,Fulham,4,3,38,0.5,MID,0.0,0.01,0.01,0.0,2.61,2.0,0.0,0.9,7.4,1.4,0.0,45.0,0.0,0.0,0.0,0.0,0.0,0.0,1.0,3.0,2.0,1.0,0.0,0.0,0.0,0.0,0.0,0.0,0.0,0.0,0.0,0.04,0.04,1.0,0.0,0.01,0.01,0.0,1.37,2.0,0.0,1.07,4.07,6.5,0.0,67.0,0.0,0.0,0.0,0.0,0.67,0.0,1.0,2.0,1.33,1.0,0.0,0.0,0.0,0.01,0.0,0.0,0.33,0.0,0.0,0.29,0.29,1.13,0.0,0.02,0.02,0.0,1.08,1.8,0.0,1.02,4.48,5.32,0.4,67.2,0.0,0.0,0.0,0.0,0.4,0.0,1.0,2.0,1.2,1.2,0.0,0.0,0.0,0.0,0.0,0.0,0.2,0.0,0.0,0.2,0.2,1.04,-30.0,-0.3983739837398374,1.0,0.188,0.224,0.588,,,0.1317775749616527,-5.689893001203925e-10,1,0.0,1.6588878731012957,Sander Berge,Sander Berge,Fulham
9631,0,0,22,0,69.2,417,0.35,0.39,0.04,0.99,376,1,0,10.4,24.2,2025-05-25,90,0,0,0,0,0,0,0,False,8,0,0,0,0,38,0,101955,1,1,0,11.0,2,5283,8871,3588,5.5,True,0,0,1,0.0184809695929288,90,Newcastle United,Everton,0,1,26973,2024,730257,0.5699464678764343,0,4,0,0.0184809695929288,0.0720931068062782,0.0536121353507041,Newcastle United,3,4,38,4.7,MID,0.0,0.33,0.36,0.03,0.64,1.0,0.0,4.9,15.0,31.9,2.0,90.0,0.0,0.0,0.0,0.0,0.0,0.0,1.0,0.0,1.0,2.0,0.0,1.0,0.02,0.2,0.0,0.0,2.0,0.0,0.02,0.51,0.49,4.0,0.33,0.18,0.42,0.25,0.67,0.67,0.33,6.0,22.4,23.97,13.67,90.0,0.0,0.0,0.0,0.0,0.0,0.0,1.0,0.33,1.33,5.0,0.33,1.0,0.24,0.09,0.0,0.0,1.33,0.33,0.24,0.49,0.27,4.73,0.4,0.22,0.39,0.17,0.88,1.2,0.2,6.38,20.24,31.56,12.0,90.0,0.0,0.0,0.0,0.0,0.0,0.0,1.0,0.4,2.2,4.0,0.2,1.2,0.17,0.14,0.0,0.0,2.2,0.2,0.17,0.64,0.45,4.14,6168.0,0.4240308210931856,2.0,0.715,0.173,0.112,,,0.0825654787181162,0.3405517562971512,0,0.0,3.4344826624820346,Sandro Tonali,Sandro Tonali,Newcastle
9660,0,0,3,0,0.0,564,0.0,0.0,0.0,0.14,380,0,0,0.7,7.0,2025-05-25,3,0,0,0,0,0,0,0,False,4,0,0,0,0,38,0,8723,0,1,1,0.0,1,-75,48,123,4.3,True,0,0,0,0.0,2,Wolverhampton Wanderers,Brentford,1,1,26978,2024,730077,0.0,0,0,0,0.0,0.0,0.0,Wolverhampton Wanderers,3,3,38,0.5,DEF,0.0,0.0,0.0,0.0,0.0,0.0,0.0,0.4,2.4,1.1,0.0,4.0,0.0,0.0,0.0,0.0,0.0,0.0,0.0,0.0,1.0,1.0,0.0,0.0,0.0,0.0,0.0,0.0,0.0,0.0,0.0,0.0,0.0,1.5,0.33,0.01,0.01,0.0,0.46,0.0,0.0,1.5,14.0,0.7,0.0,33.33,0.0,0.0,0.0,0.0,0.0,0.0,0.33,0.33,1.33,2.67,0.0,0.0,0.0,0.0,0.0,0.0,0.0,0.0,0.0,0.01,0.01,1.17,0.2,0.0,0.0,0.0,0.53,0.4,0.0,1.06,10.0,0.48,0.0,29.4,0.0,0.0,0.0,0.0,0.0,0.0,0.2,1.0,1.8,1.8,0.0,0.0,0.0,0.0,0.0,0.0,0.0,0.0,0.0,0.01,0.01,0.9,-202.0,-0.4385964912280701,1.0,0.353,0.258,0.389,,0.7520219087600708,3.9846503874230166e-10,-5.972489169892015e-10,0,0.0,0.6240000005990435,Santiago Bueno,Santiago Bueno,Wolves
9690,0,0,10,0,6.3,249,0.01,0.01,0.0,2.84,372,2,0,1.2,3.2,2025-05-25,85,0,0,0,0,0,0,0,False,13,0,0,0,0,38,0,5061,1,2,0,2.0,2,-4,46,50,4.8,True,0,0,0,0.0,87,Fulham,Manchester City,0,2,26981,2024,730192,0.0,0,0,0,0.0,0.4882761538028717,0.4882761538028717,Fulham,4,3,38,1.0,MID,0.0,0.08,0.09,0.01,2.87,2.0,0.0,5.2,8.0,38.2,6.0,90.0,0.0,0.0,0.0,0.0,0.0,0.0,1.0,3.0,2.0,2.0,0.0,1.0,0.02,0.12,0.0,0.0,3.0,0.0,0.02,0.23,0.13,0.9,0.0,0.05,0.12,0.07,1.36,1.0,0.0,3.6,9.6,19.33,7.0,75.0,0.0,0.0,0.0,0.0,0.0,0.0,0.67,1.67,1.33,1.67,0.0,1.33,0.06,0.05,0.0,0.0,1.33,0.0,0.06,0.21,0.14,0.97,0.2,0.05,0.11,0.07,1.25,0.8,0.0,3.38,10.68,15.88,7.2,76.0,0.0,0.0,0.0,0.0,0.0,0.0,0.8,1.4,1.2,2.0,0.0,1.2,0.05,0.03,0.0,0.0,1.0,0.0,0.05,0.17,0.11,0.94,14.0,-0.0416666666666666,2.0,0.188,0.224,0.588,,,0.0063562616403931,-5.689893001203925e-10,0,0.0,2.0317813064949974,Saša Lukić,Sasa Lukic,Fulham
9759,0,0,16,0,0.3,338,0.0,0.04,0.04,1.12,380,1,0,4.6,26.4,2025-05-25,90,0,0,0,0,0,0,0,False,20,0,0,0,0,38,0,172342,1,1,1,19.0,2,-2835,3704,6539,4.1,False,0,0,1,0.0381261743605136,90,Wolverhampton Wanderers,Brentford,1,1,26978,2024,730082,0.0,0,0,0,0.0381261743605136,0.8155826926231384,0.777456521987915,Brentford,3,3,38,3.0,DEF,0.0,0.0,0.1,0.1,0.99,3.0,0.0,2.9,8.0,10.8,10.0,90.0,0.0,0.0,0.0,0.0,1.0,0.0,1.0,3.0,2.0,0.0,0.0,2.0,0.06,0.23,0.0,0.0,1.0,0.0,0.06,0.29,0.0,3.2,0.33,0.0,0.11,0.1,1.16,2.0,0.0,2.7,13.6,7.3,6.0,90.0,0.0,0.0,0.0,0.0,0.33,0.0,1.0,2.33,2.0,2.33,0.0,1.33,0.09,0.28,0.0,0.0,0.67,0.0,0.09,0.74,0.37,3.23,0.4,0.0,0.16,0.15,1.18,1.6,0.0,3.0,16.16,4.62,9.2,90.0,0.0,0.0,0.0,0.0,0.2,0.0,1.0,2.2,2.0,2.8,0.0,1.2,0.14,0.17,0.0,0.0,0.4,0.0,0.14,0.6,0.38,2.38,-3481.0,-0.2767743825051254,2.0,0.353,0.258,0.389,,1.6459052562713623,0.0685637315962257,-5.972489169892015e-10,0,1.0,5.588382387785607,Sepp van den Berg,Sepp van den Berg,Brentford
9792,0,0,1,0,5.1,113,0.01,0.15,0.14,1.47,379,1,0,1.4,0.0,2025-05-25,45,0,0,0,0,0,0,0,False,18,0,0,0,0,38,0,33758,1,4,1,12.0,1,118,405,287,5.1,False,0,0,3,0.1359659433364868,47,Tottenham,Brighton,1,4,26976,2024,730145,0.0,0,0,0,0.1359659433364868,0.1948308646678924,0.058864913880825,Brighton,3,3,38,2.5,MID,0.0,0.4,0.52,0.12,1.85,2.0,0.0,7.5,7.8,27.1,40.0,64.0,0.0,0.0,0.0,0.0,0.0,0.0,1.0,2.0,3.0,2.0,0.0,4.0,0.17,0.09,0.0,0.0,2.0,0.0,0.17,0.65,0.44,1.8,0.33,0.15,0.21,0.06,0.91,0.67,0.0,4.1,8.67,16.2,16.0,54.33,0.0,0.0,0.0,0.0,0.0,0.0,0.67,1.67,1.33,3.0,0.0,1.67,0.07,0.18,0.33,0.33,1.0,0.0,0.07,0.24,0.15,2.2,0.2,0.09,0.14,0.04,0.76,0.8,0.0,3.48,8.64,13.02,13.0,45.0,0.0,0.0,0.0,0.0,0.0,0.0,0.6,1.8,2.2,2.4,0.0,1.2,0.05,0.11,0.2,0.2,0.8,0.0,0.05,0.16,0.1,1.76,172.0,0.1705202312138728,1.0,0.225,0.218,0.556,,,0.0739914780086872,-5.689893001203925e-10,0,0.0,1.3699573883364682,Simon Adingra,Simon Adingra,Brighton
9873,0,0,10,0,1.2,474,0.01,0.02,0.01,2.2,378,2,0,3.6,32.8,2025-05-25,90,0,0,0,0,0,0,0,False,1,0,0,0,0,38,0,16306,1,2,1,2.0,1,-274,103,377,4.2,True,0,0,1,0.0137680480256676,90,Southampton,Arsenal,1,2,26977,2024,730094,0.0,0,0,0,0.0137680480256676,0.0,0.0,Southampton,5,1,38,-1.3,DEF,0.0,0.01,0.01,0.0,0.89,1.0,0.0,0.1,0.2,0.8,0.0,8.0,0.0,0.0,0.0,0.0,0.0,0.0,0.0,3.0,0.0,1.0,0.0,0.0,0.0,0.0,0.0,0.0,0.0,0.0,0.0,0.0,0.0,0.0,0.0,0.01,0.02,0.01,0.62,1.0,0.0,0.93,1.93,1.1,6.33,8.67,0.0,0.0,0.0,0.0,0.0,0.0,0.0,1.67,1.33,1.0,0.0,0.33,0.01,0.0,0.0,0.0,0.0,0.0,0.01,0.11,0.1,0.33,0.0,0.11,0.13,0.01,0.66,1.2,0.0,1.44,2.68,4.26,7.6,24.0,0.0,0.0,0.0,0.0,0.0,0.0,0.2,1.6,1.6,1.0,0.0,0.4,0.02,0.0,0.0,0.0,0.0,0.0,0.02,0.11,0.09,0.0,-738.0,-0.5708333333333333,1.0,0.112,0.158,0.73,,1.0781378746032717,0.004475235080307,-5.972489169892015e-10,0,0.0,0.48785140869009525,Sugawara Yukinari,Yukinari Sugawara,Southampton
9881,0,0,31,1,0.7,393,0.0,0.41,0.41,0.42,376,0,0,9.7,22.4,2025-05-25,62,0,0,0,0,0,0,0,False,8,0,0,0,0,38,0,5354,1,1,0,74.0,6,1091,1180,89,4.4,True,0,0,3,0.597524106502533,64,Newcastle United,Everton,0,1,26973,2024,730251,0.0,0,0,0,0.597524106502533,0.0325152352452278,0.0325152352452278,Newcastle United,3,4,38,3.0,DEF,0.0,0.17,0.32,0.15,0.57,1.0,0.0,3.2,11.0,13.8,7.0,63.0,0.0,0.0,0.0,0.0,0.0,0.0,1.0,0.0,1.0,2.0,0.0,1.0,0.14,0.59,0.0,0.0,1.0,0.0,0.14,0.0,0.0,0.3,0.0,0.07,0.12,0.05,0.36,0.33,0.0,2.5,13.73,8.2,3.0,39.33,0.0,0.0,0.0,0.0,0.0,0.0,0.67,0.33,1.33,1.33,0.0,0.33,0.05,0.22,0.0,0.0,0.67,0.0,0.05,0.06,0.06,0.77,0.0,0.04,0.07,0.03,0.45,0.6,0.0,1.8,10.16,5.12,2.6,34.0,0.0,0.0,0.0,0.0,0.0,0.0,0.6,1.0,1.6,1.0,0.0,0.2,0.03,0.13,0.0,0.0,0.4,0.0,0.03,0.05,0.05,0.46,1347.0,0.85973207249803,6.0,0.715,0.173,0.112,,1.2699594497680664,0.1179214222858189,-5.972489169892015e-10,0,0.0,1.0725285319231666,Sven Botman,Sven Botman,Newcastle
9910,0,0,4,0,0.3,571,0.0,0.0,0.0,0.48,372,0,0,0.3,0.2,2025-05-25,16,0,0,0,0,0,0,0,False,9,0,0,0,0,38,0,222820,0,2,0,2.0,1,-23909,1308,25217,6.0,False,0,0,0,0.0,15,Fulham,Manchester City,0,2,26981,2024,730215,0.0,0,0,0,0.0,0.0,0.0,Manchester City,4,3,38,1.0,MID,0.0,0.06,0.21,0.15,0.0,0.0,0.0,3.8,5.0,22.7,10.0,14.0,0.0,0.0,0.0,0.0,0.0,0.0,0.0,0.0,0.0,1.0,0.0,1.0,0.12,0.14,0.0,0.0,2.0,0.0,0.12,0.35,0.1,2.0,0.33,0.06,0.14,0.08,0.33,0.0,0.0,3.1,6.0,14.53,10.33,33.0,0.0,0.0,0.0,0.0,0.0,0.0,0.33,1.33,1.67,1.67,0.0,0.67,0.06,0.07,0.0,0.0,1.0,0.0,0.06,0.21,0.1,2.73,0.4,0.13,0.28,0.15,0.47,0.4,0.0,5.46,11.48,23.54,19.4,48.0,0.0,0.0,0.0,0.0,0.2,0.0,0.6,1.2,1.8,2.8,0.0,1.2,0.2,0.2,0.2,0.2,1.6,0.0,0.2,0.48,0.11,3.04,-47129.0,-0.9013760603204524,1.0,0.188,0.224,0.588,,,0.017282017315886,-5.689893001203925e-10,0,0.0,1.086410084872462,Sávio 'Savinho' Moreira de Oliveira,Sávio,Man City
10025,0,0,17,0,17.6,20,0.05,0.08,0.03,0.63,378,1,0,4.9,24.4,2025-05-25,90,0,0,0,0,0,0,0,False,17,0,0,0,0,38,0,82045,1,2,1,7.0,2,-179,1207,1386,4.9,False,0,0,1,0.0203736517578363,90,Southampton,Arsenal,1,2,26977,2024,730113,0.0329900905489921,0,1,0,0.0203736517578363,0.7707597017288208,0.7173959612846375,Arsenal,5,1,38,3.7,MID,1.0,0.02,0.26,0.24,1.86,0.0,0.0,7.4,20.6,13.0,40.0,90.0,0.0,0.0,0.0,0.0,0.0,0.0,1.0,0.0,1.0,3.0,0.0,2.0,0.61,0.04,0.0,0.0,1.0,0.0,0.61,0.26,0.18,2.8,0.33,0.13,0.21,0.08,1.8,1.33,0.0,4.13,14.47,11.3,15.33,90.0,0.0,0.0,0.0,0.0,0.0,0.0,1.0,1.33,1.33,2.33,0.0,0.67,0.2,0.04,0.0,0.0,0.67,0.0,0.2,0.68,0.63,2.93,0.4,0.09,0.19,0.1,1.45,1.2,0.2,4.2,19.84,8.08,13.8,85.6,0.0,0.0,0.0,0.0,0.0,0.0,1.0,1.4,1.4,3.8,0.2,0.6,0.18,0.02,0.0,0.0,0.4,0.2,0.18,0.65,0.55,3.38,-74.0,-0.0690320092556883,2.0,0.112,0.158,0.73,,,0.030903625594711,0.0903384216245561,0,0.0,2.425533392847223,Thomas Partey,Thomas Partey,Arsenal
10122,0,0,14,0,22.6,409,0.25,0.25,0.0,0.99,376,1,0,4.4,17.8,2025-05-25,90,0,0,0,0,0,0,0,False,8,0,0,0,0,38,0,1027568,1,1,0,4.0,2,28193,44336,16143,4.6,True,0,0,0,0.0,90,Newcastle United,Everton,0,1,26973,2024,730255,0.0184809695929288,0,1,0,0.0,0.0184809695929288,0.0,Newcastle United,3,4,38,3.7,DEF,0.0,0.05,0.12,0.07,0.64,1.0,0.0,5.3,17.2,12.4,23.0,90.0,0.0,0.0,0.0,0.0,0.0,0.0,1.0,0.0,1.0,2.0,0.0,1.0,0.11,0.06,0.0,0.0,1.0,0.0,0.11,0.21,0.21,3.7,0.33,0.14,0.16,0.02,0.67,0.67,0.0,4.47,16.33,18.0,10.33,90.0,0.0,0.0,0.0,0.0,0.0,0.0,1.0,0.33,1.33,3.67,0.0,0.33,0.04,0.09,0.0,0.0,1.0,0.0,0.04,0.19,0.19,4.03,0.4,0.1,0.13,0.03,0.88,1.2,0.0,4.08,14.6,15.48,10.8,90.0,0.0,0.0,0.0,0.0,0.0,0.0,1.0,0.4,2.2,3.4,0.0,0.4,0.03,0.06,0.0,0.0,0.8,0.0,0.03,0.26,0.24,3.36,39751.0,0.4661618082309562,2.0,0.715,0.173,0.112,,0.8338154554367065,0.0047027420314025,0.0687874855880532,0,0.0,1.817578908952575,Tino Livramento,Valentino Livramento,Newcastle
10153,0,0,13,0,11.6,243,0.0,0.19,0.19,2.8,372,2,0,2.8,7.8,2025-05-25,72,0,0,0,0,0,0,0,False,13,0,0,0,0,38,0,3528,1,2,0,9.0,2,109,141,32,4.8,True,0,0,2,0.1350295841693878,74,Fulham,Manchester City,0,2,26981,2024,730193,0.0383698530495166,0,1,0,0.1350295841693878,0.1995144337415695,0.0261149872094392,Fulham,4,3,38,1.7,MID,0.0,0.03,0.32,0.29,0.26,0.0,1.0,7.1,40.6,4.3,26.0,45.0,0.0,0.0,0.0,0.0,0.0,0.0,0.0,3.0,2.0,6.0,1.0,3.0,0.46,0.0,0.0,0.0,0.0,1.0,0.46,0.45,0.07,2.0,0.0,0.06,0.18,0.11,0.12,0.0,0.33,3.67,15.33,9.13,12.0,21.67,0.0,0.0,0.0,0.0,0.0,0.0,0.0,2.67,1.33,2.67,0.33,1.33,0.16,0.04,0.0,0.0,0.33,0.33,0.16,0.35,0.22,0.93,0.0,0.04,0.12,0.08,0.11,0.4,0.2,2.92,10.44,8.42,10.2,22.8,0.0,0.0,0.0,0.0,0.2,0.0,0.0,2.0,1.2,1.8,0.2,1.0,0.11,0.03,0.0,0.0,0.4,0.2,0.11,0.23,0.14,0.6,116.0,0.630057803468208,2.0,0.188,0.224,0.588,,,0.085880603847025,0.0597700045579108,0,0.0,1.6087130329088575,Tom Cairney,Tom Cairney,Fulham
10213,0,0,14,0,5.6,530,0.02,0.1,0.08,0.79,373,1,0,3.7,14.2,2025-05-25,90,0,0,0,0,0,0,0,False,10,0,0,0,0,38,0,170194,1,3,1,17.0,2,7295,12466,5171,4.8,False,0,0,1,0.0858757719397544,90,Ipswich,West Ham,1,3,26980,2024,730021,0.0,0,0,0,0.0858757719397544,0.1726263463497162,0.0867505818605423,West Ham,2,2,38,4.3,MID,0.0,0.0,0.04,0.04,1.41,1.0,0.0,2.9,11.8,0.3,17.0,57.0,0.0,0.0,0.0,0.0,0.0,0.0,1.0,2.0,1.0,1.0,0.0,1.0,0.03,0.0,0.0,0.0,0.0,0.0,0.03,0.08,0.05,4.5,0.33,0.01,0.23,0.23,1.49,0.67,0.33,4.63,24.6,1.3,20.33,75.33,0.0,0.0,0.0,0.0,0.0,0.0,1.0,1.67,0.67,4.33,0.33,1.33,0.32,0.0,0.0,0.0,0.0,0.33,0.32,0.51,0.19,4.0,0.2,0.01,0.27,0.26,1.21,1.2,0.4,5.0,25.72,1.38,23.0,65.2,0.0,0.0,0.0,0.0,0.0,0.0,0.8,1.6,1.2,4.2,0.4,1.4,0.33,0.0,0.0,0.0,0.0,0.4,0.33,0.49,0.17,2.66,8201.0,0.4136190962181777,2.0,0.317,0.25,0.432,,,0.0994852200385394,-5.689893001203925e-10,0,0.0,2.497426098485729,Tomáš Souček,Tomas Soucek,West Ham
10235,0,1,26,1,0.6,187,0.01,0.01,0.0,1.35,377,0,0,2.8,27.0,2025-05-25,90,0,0,0,0,0,0,0,False,16,0,0,0,0,38,0,39484,1,1,0,0.0,6,-129,1034,1163,4.2,False,1,0,0,0.0,90,Nottingham Forest,Chelsea,0,1,26972,2024,729987,0.0,0,0,0,0.0,0.5558021664619446,0.5558021664619446,Chelsea,3,4,38,3.0,DEF,1.0,0.0,0.03,0.03,0.29,0.0,0.0,2.0,15.4,0.3,4.0,90.0,0.0,0.0,0.0,0.0,0.0,0.0,1.0,0.0,1.0,8.0,0.0,1.0,0.02,0.0,0.0,0.0,0.0,0.0,0.02,1.11,1.11,2.0,0.33,0.0,0.01,0.01,0.32,0.67,0.0,1.17,9.4,0.83,1.33,45.33,0.0,0.0,0.0,0.0,0.0,0.0,0.67,1.33,1.33,3.0,0.0,0.33,0.01,0.0,0.0,0.0,0.0,0.0,0.01,0.71,0.71,1.27,0.4,0.01,0.03,0.02,0.43,0.4,0.0,1.14,9.0,0.8,1.6,45.4,0.0,0.0,0.0,0.0,0.2,0.0,0.6,0.8,1.0,3.0,0.0,0.4,0.05,0.0,0.0,0.0,0.0,0.0,0.05,0.45,0.45,2.02,46.0,-0.0587164314974965,5.0,0.316,0.253,0.431,,1.5964457988739014,3.9846503874230166e-10,-5.972489169892015e-10,0,0.0,0.20200000059904344,Tosin Adarabioyo,Tosin Adarabioyo,Chelsea
10266,0,0,8,0,1.7,567,0.01,0.01,0.0,1.43,380,1,0,1.5,10.8,2025-05-25,90,0,0,0,0,0,0,0,False,4,0,0,0,0,38,0,32624,1,1,1,2.0,2,-1482,487,1969,4.3,True,0,0,0,0.0,90,Wolverhampton Wanderers,Brentford,1,1,26978,2024,730065,0.0,0,0,0,0.0,0.0358013324439525,0.0358013324439525,Wolverhampton Wanderers,3,3,38,1.0,DEF,0.0,0.01,0.01,0.0,1.69,4.0,0.0,3.1,27.0,2.1,2.0,90.0,0.0,0.0,0.0,0.0,1.0,0.0,1.0,2.0,4.0,-1.0,0.0,0.0,0.0,0.0,0.0,0.0,0.0,0.0,0.0,0.2,0.2,1.8,0.0,0.01,0.01,0.0,1.32,2.33,0.0,2.67,23.8,2.0,0.67,90.0,0.0,0.0,0.0,0.0,0.33,0.0,1.0,1.33,1.67,0.67,0.0,0.0,0.0,0.0,0.0,0.0,0.0,0.0,0.0,0.09,0.09,3.17,0.4,0.01,0.01,0.0,1.29,1.4,0.0,2.92,23.24,5.48,0.4,90.0,0.0,0.0,0.0,0.0,0.4,0.0,1.0,1.0,1.6,3.2,0.0,0.0,0.0,0.01,0.0,0.0,0.4,0.0,0.0,0.21,0.21,2.74,-1622.0,-0.6034201954397395,2.0,0.353,0.258,0.389,,1.5521998405456543,0.0014183733247705,-5.972489169892015e-10,0,0.0,1.2325102381568762,Toti António Gomes,Toti,Wolves
10299,0,0,11,0,29.6,311,0.31,0.32,0.01,0.57,374,0,0,3.9,8.6,2025-05-25,45,0,0,0,0,0,0,0,False,7,0,0,0,0,38,0,1916617,0,1,1,1.0,1,-8664,39507,48171,7.2,True,0,0,1,0.0131434081122279,43,Liverpool,Crystal Palace,1,1,26975,2024,730171,0.31768798828125,0,2,0,0.0131434081122279,0.7568738460540771,0.7568738460540771,Liverpool,3,5,38,1.5,DEF,0.0,0.09,0.14,0.05,0.85,1.0,0.0,0.5,2.2,1.4,1.0,23.0,0.0,0.0,0.0,0.0,0.0,0.0,0.0,2.0,2.0,1.0,0.0,1.0,0.07,0.0,0.0,0.0,0.0,0.0,0.07,0.04,0.04,3.0,0.0,0.11,0.2,0.09,1.0,1.33,0.0,1.6,5.93,3.73,6.0,51.33,0.0,0.0,0.0,0.0,0.0,0.0,0.67,1.33,3.33,2.0,0.0,1.67,0.08,0.0,0.33,0.0,0.0,0.0,0.08,0.13,0.09,2.27,0.0,0.09,0.19,0.1,0.7,1.0,0.2,4.24,16.24,9.38,16.6,52.2,0.0,0.0,0.0,0.0,0.2,0.0,0.6,1.2,2.6,2.8,0.2,2.2,0.14,0.03,0.2,0.0,0.4,0.2,0.14,0.25,0.16,3.04,-28697.0,-0.0988161226305344,1.0,0.677,0.158,0.165,,1.353359937667847,0.0264061575819081,0.1047389882035103,0,0.0,0.7956539101019795,Trent Alexander-Arnold,Trent Alexander-Arnold,Liverpool
10352,0,0,21,1,13.3,60,0.07,0.13,0.06,0.27,371,0,0,2.7,11.2,2025-05-25,90,0,0,0,0,0,0,0,False,11,0,0,0,0,38,0,7013,1,0,2,2.0,3,125,312,187,4.9,True,0,0,1,0.0551210045814514,90,Bournemouth,Leicester,2,0,26979,2024,730036,0.3027272522449493,0,1,0,0.0551210045814514,0.3757715821266174,0.073044329881668,Bournemouth,1,3,38,2.7,MID,0.0,0.03,0.03,0.0,1.6,3.0,0.0,1.5,9.8,3.0,2.0,90.0,0.0,0.0,0.0,0.0,0.0,0.0,1.0,1.0,3.0,2.0,0.0,0.0,0.0,0.0,0.0,0.0,0.0,0.0,0.0,0.14,0.14,1.3,0.0,0.02,0.02,0.0,1.33,1.67,0.0,2.27,11.07,10.67,0.67,85.0,0.0,0.0,0.0,0.0,0.0,0.0,1.0,1.33,1.33,2.0,0.0,0.0,0.0,0.01,0.0,0.0,0.67,0.0,0.0,0.21,0.21,1.3,0.2,0.05,0.05,0.0,1.33,1.2,0.0,2.5,12.28,11.32,1.2,81.0,0.0,0.0,0.0,0.0,0.4,0.0,1.0,1.0,1.0,1.8,0.0,0.0,0.0,0.04,0.0,0.0,0.8,0.0,0.0,0.13,0.12,1.14,156.0,0.250501002004008,3.0,0.709,0.18,0.111,,,0.0029525999763557,0.0417780837756767,1,0.0,1.1400972512088083,Tyler Adams,Tyler Adams,Bournemouth
10425,1,0,26,0,11.7,210,0.02,0.02,0.0,2.17,374,1,0,5.6,44.4,2025-05-25,90,0,0,0,0,0,0,0,False,12,0,0,0,0,38,0,244940,1,1,1,0.0,5,-9371,5211,14582,4.8,False,0,0,0,0.0,90,Liverpool,Crystal Palace,1,1,26975,2024,730177,0.3345869481563568,1,1,0,0.0,0.990989089012146,0.6564021110534668,Crystal Palace,3,5,38,3.0,DEF,1.0,0.05,0.13,0.08,0.52,0.0,0.0,7.0,12.6,24.8,33.0,60.0,0.0,0.0,0.0,0.0,0.0,0.0,1.0,2.0,0.0,6.0,0.0,1.0,0.08,0.11,0.0,0.0,2.0,0.0,0.08,0.82,0.63,3.6,0.33,0.05,0.07,0.03,0.82,1.0,0.0,4.3,13.47,17.37,12.33,80.0,0.0,0.0,0.0,0.0,0.0,0.0,1.0,1.67,1.0,4.0,0.0,0.33,0.03,0.08,0.33,0.0,1.33,0.0,0.03,0.44,0.35,2.63,0.4,0.08,0.09,0.02,0.91,1.6,0.0,3.66,14.64,13.86,8.2,84.0,0.0,0.0,0.0,0.0,0.0,0.0,1.0,1.0,1.6,3.6,0.0,0.2,0.02,0.08,0.2,0.0,1.0,0.0,0.02,0.32,0.24,2.06,-3483.0,-0.4734502096700854,5.0,0.677,0.158,0.165,,1.3988795280456543,3.9846503874230166e-10,0.0534691265039308,0,0.0,1.4614073819025828,Tyrick Mitchell,Tyrick Mitchell,Crystal Palace
10469,0,0,-1,0,1.4,296,0.01,0.01,0.0,1.75,371,2,0,1.8,12.6,2025-05-25,88,0,0,0,0,0,0,0,False,3,0,0,0,0,38,0,13586,1,0,2,4.0,1,-234,121,355,4.4,False,0,0,0,0.0,90,Bournemouth,Leicester,2,0,26979,2024,730056,0.0,0,0,0,0.0,0.0343493744730949,0.0343493744730949,Leicester,1,3,38,0.0,DEF,0.0,0.0,0.0,0.0,0.08,0.0,0.0,0.1,0.4,0.5,0.0,13.0,0.0,0.0,0.0,0.0,0.0,0.0,0.0,2.0,2.0,1.0,0.0,0.0,0.0,0.0,0.0,0.0,0.0,0.0,0.0,0.33,0.33,-0.8,0.0,0.02,0.02,0.0,1.66,1.67,0.0,1.23,6.47,5.73,0.0,39.0,0.0,0.0,0.0,0.0,0.0,0.0,0.67,1.67,1.33,0.33,0.0,0.0,0.0,0.02,0.0,0.0,0.33,0.0,0.0,0.13,0.12,-0.17,0.0,0.01,0.01,0.0,1.47,1.6,0.0,1.0,6.0,3.84,0.4,56.0,0.0,0.0,0.0,0.0,0.0,0.0,0.8,1.6,1.0,0.8,0.0,0.0,0.0,0.01,0.0,0.0,0.2,0.0,0.0,0.16,0.15,0.26,207.0,-0.4915966386554621,1.0,0.709,0.18,0.111,,1.3067896366119385,0.0090615563363358,-5.972489169892015e-10,0,0.0,0.401369336226268,Victor Kristiansen,Victor Kristiansen,Leicester
10485,0,0,27,1,7.2,376,0.02,0.02,0.0,0.4,375,0,0,1.5,8.2,2025-05-25,90,0,0,0,0,0,0,0,False,2,0,0,0,0,38,0,8864,1,0,2,0.0,6,88,175,87,4.3,True,0,0,0,0.0,90,Manchester United,Aston Villa,2,0,26974,2024,730219,0.0,0,0,0,0.0,0.2560202181339264,0.2560202181339264,Manchester United,3,3,38,2.5,DEF,0.0,0.0,0.0,0.0,0.82,1.0,0.0,1.8,17.6,0.3,0.0,90.0,0.0,0.0,0.0,0.0,0.0,0.0,1.0,0.0,1.0,2.0,0.0,0.0,0.0,0.0,0.0,0.0,0.0,0.0,0.0,0.16,0.16,1.2,0.0,0.0,0.0,0.0,0.52,0.67,0.0,1.07,9.0,0.8,0.67,47.33,0.0,0.0,0.0,0.0,0.0,0.0,0.33,1.67,1.67,1.33,0.0,0.0,0.0,0.0,0.0,0.0,0.0,0.0,0.0,0.14,0.14,1.13,0.0,0.0,0.0,0.0,0.36,0.6,0.0,1.08,9.52,0.74,0.4,48.6,0.0,0.0,0.0,0.0,0.0,0.0,0.4,1.4,1.2,1.4,0.0,0.0,0.0,0.0,0.0,0.0,0.0,0.0,0.0,0.13,0.13,0.84,114.0,0.3358778625954198,6.0,0.218,0.225,0.556,,1.2463464736938477,3.9846503874230166e-10,-5.972489169892015e-10,0,0.0,0.3770000005990435,Victor Lindelöf,Victor Lindelöf,Man Utd
10522,0,0,16,0,5.8,339,0.04,0.04,0.0,1.75,374,1,0,3.7,31.6,2025-05-25,90,0,0,0,0,0,0,0,False,7,0,0,0,0,38,0,2938447,1,1,1,0.0,1,-7704,66117,73821,6.7,True,1,0,0,0.0,90,Liverpool,Crystal Palace,1,1,26975,2024,730159,0.0,0,0,0,0.0,0.4360944330692291,0.4360944330692291,Liverpool,3,5,38,3.0,DEF,0.0,0.03,0.03,0.0,2.31,2.0,0.0,2.3,22.0,0.6,0.0,90.0,0.0,0.0,0.0,0.0,0.0,0.0,1.0,2.0,2.0,1.0,0.0,0.0,0.0,0.0,0.0,0.0,0.0,0.0,0.0,1.56,1.56,4.0,0.0,0.03,0.13,0.1,1.97,2.0,0.33,4.73,32.87,4.93,9.33,90.0,0.0,0.0,0.0,0.0,0.33,0.0,1.0,1.33,3.33,3.0,0.33,1.33,0.18,0.03,0.0,0.0,0.33,0.33,0.18,0.97,0.95,3.67,0.2,0.03,0.17,0.14,1.53,1.4,0.4,5.18,32.36,6.0,13.4,90.0,0.0,0.0,0.0,0.0,0.2,0.0,1.0,1.2,2.4,5.0,0.4,1.6,0.17,0.11,0.0,0.0,0.4,0.4,0.17,0.91,0.9,3.74,-2898.0,-0.0550529520216095,1.0,0.677,0.158,0.165,,2.885646343231201,3.9846503874230166e-10,-5.972489169892015e-10,0,0.0,0.5570000005990434,Virgil van Dijk,Virgil van Dijk,Liverpool
10557,1,1,32,1,29.2,231,0.1,0.1,0.0,1.27,376,0,0,6.1,32.2,2025-05-25,90,0,0,0,0,0,0,0,False,15,0,0,0,0,38,0,756390,1,1,0,0.0,9,-60979,7709,68688,4.4,False,1,0,0,0.0,90,Newcastle United,Everton,0,1,26973,2024,730269,0.1656753718852996,1,2,0,0.0,0.2864777743816376,0.1208023950457573,Everton,3,4,38,5.7,DEF,1.0,0.04,0.06,0.02,1.21,0.0,0.0,5.7,27.8,23.3,6.0,90.0,0.0,0.0,0.0,0.0,0.0,0.0,1.0,0.0,2.0,8.0,0.0,1.0,0.01,0.7,0.0,0.0,2.0,0.0,0.01,0.54,0.45,5.0,0.33,0.04,0.06,0.02,0.95,1.0,0.33,4.2,25.53,9.4,7.0,90.0,0.0,0.0,0.0,0.0,0.33,0.0,1.0,1.67,1.67,5.33,0.33,0.67,0.01,0.23,0.0,0.0,0.67,0.33,0.01,0.19,0.16,3.5,0.2,0.06,0.08,0.02,1.15,1.2,0.2,4.16,21.36,13.74,6.4,90.0,0.0,0.0,0.0,0.0,0.2,0.0,1.0,1.4,1.2,3.8,0.2,0.6,0.01,0.23,0.0,0.0,0.8,0.2,0.01,0.3,0.18,2.44,-94546.0,-0.7981857926358364,8.0,0.715,0.173,0.112,,0.9968547821044922,3.9846503874230166e-10,0.1431272017427067,0,0.0,1.9313816076189105,Vitalii Mykolenko,Vitalii Mykolenko,Everton
10611,0,0,4,0,0.1,516,0.0,0.0,0.0,0.32,373,0,0,0.4,4.0,2025-05-25,18,0,0,0,0,0,0,0,False,10,0,0,0,0,38,0,44827,0,3,1,0.0,1,1915,2446,531,4.1,False,0,0,0,0.0,16,Ipswich,West Ham,1,3,26980,2024,730028,0.0,0,0,0,0.0,0.0,0.0,West Ham,2,2,38,2.5,DEF,0.0,0.05,0.09,0.04,1.96,2.0,0.0,7.3,18.0,32.0,23.0,90.0,0.0,0.0,0.0,0.0,1.0,0.0,1.0,2.0,1.0,0.0,0.0,2.0,0.09,0.05,0.0,0.0,2.0,0.0,0.09,0.32,0.2,1.3,0.33,0.02,0.06,0.03,1.25,0.67,0.0,3.03,8.47,11.47,10.33,60.67,0.0,0.0,0.0,0.0,0.33,0.0,0.67,1.67,0.67,2.33,0.0,1.0,0.06,0.02,0.0,0.0,0.67,0.0,0.06,0.13,0.09,1.27,0.2,0.02,0.04,0.02,0.98,1.0,0.0,2.32,9.2,7.32,6.6,55.2,0.0,0.0,0.0,0.0,0.4,0.0,0.6,1.6,1.2,1.6,0.0,0.6,0.03,0.01,0.0,0.0,0.4,0.0,0.03,0.09,0.06,0.9,2184.0,0.6432650319113201,1.0,0.317,0.25,0.432,,0.362943172454834,0.000135436127667,-5.972489169892015e-10,0,0.0,1.8198126149742553,Vladimír Coufal,Vladimir Coufal,West Ham
10706,0,0,9,1,12.0,203,0.01,0.03,0.02,1.93,374,0,0,3.6,15.4,2025-05-25,78,0,0,0,0,0,0,0,False,12,0,0,0,0,38,0,4949,1,1,1,9.0,3,-50,87,137,4.9,False,0,0,1,0.0418481081724166,80,Liverpool,Crystal Palace,1,1,26975,2024,730179,0.0275646839290857,0,1,0,0.0418481081724166,0.0275646839290857,0.0,Crystal Palace,3,5,38,1.0,MID,0.0,0.01,0.01,0.0,0.69,1.0,0.0,0.1,0.2,0.5,0.0,45.0,0.0,0.0,0.0,0.0,0.0,0.0,1.0,2.0,4.0,1.0,0.0,0.0,0.0,0.0,0.0,0.0,0.0,0.0,0.0,0.11,0.11,1.7,0.33,0.1,0.12,0.02,0.48,0.67,0.0,1.93,3.4,14.3,1.67,53.33,0.0,0.0,0.0,0.0,0.0,0.0,0.67,1.67,1.67,1.67,0.0,0.67,0.01,0.09,0.0,0.0,1.0,0.0,0.01,0.56,0.55,1.33,0.4,0.06,0.08,0.02,0.51,0.4,0.0,1.42,4.08,8.78,1.4,55.4,0.0,0.0,0.0,0.0,0.0,0.0,0.6,1.4,1.4,1.8,0.0,0.6,0.02,0.05,0.0,0.0,0.6,0.0,0.02,0.41,0.4,1.2,-27.0,-0.2232142857142857,3.0,0.677,0.158,0.165,,,0.0803852096064607,0.0511724282624552,0,0.0,1.555443332819669,Will Hughes,Will Hughes,Crystal Palace
10727,0,0,3,0,3.3,471,0.0,0.0,0.0,0.32,378,1,0,0.6,3.0,2025-05-25,11,0,0,0,0,0,0,0,False,1,0,0,0,0,38,0,2642,0,2,1,0.0,1,9,61,52,5.0,True,0,0,0,0.0,10,Southampton,Arsenal,1,2,26977,2024,730105,0.0,0,0,0,0.0,0.0,0.0,Southampton,5,1,38,-0.5,MID,0.0,0.11,0.25,0.14,0.03,0.0,0.0,2.8,6.0,14.3,8.0,30.0,0.0,0.0,0.0,0.0,0.0,0.0,0.0,0.0,2.0,1.0,0.0,1.0,0.11,0.14,0.0,0.0,1.0,0.0,0.11,0.25,0.14,0.3,0.0,0.04,0.09,0.05,0.16,0.0,0.0,1.07,2.73,5.27,2.67,21.33,0.0,0.0,0.0,0.0,0.0,0.0,0.0,0.0,1.33,1.0,0.0,0.33,0.04,0.05,0.0,0.0,0.33,0.0,0.04,0.09,0.05,0.1,0.0,0.03,0.06,0.04,0.73,0.8,0.0,0.92,2.84,3.84,2.6,23.8,0.0,0.0,0.0,0.0,0.0,0.0,0.0,0.8,1.4,1.0,0.0,0.4,0.03,0.03,0.0,0.0,0.2,0.0,0.03,0.12,0.09,0.02,24.0,0.079646017699115,1.0,0.112,0.158,0.73,,,-6.725144885422194e-10,-5.689893001203925e-10,0,0.0,0.9999999949304597,Will Smallbone,William Smallbone,Southampton
10741,0,0,1,0,11.1,590,0.01,0.05,0.04,0.33,376,0,0,1.7,0.0,2025-05-25,2,0,0,0,0,0,0,0,False,8,0,0,0,0,38,0,18664,0,1,0,6.0,1,431,661,230,4.9,True,0,0,1,0.0654972195625305,1,Newcastle United,Everton,0,1,26973,2024,730261,0.0536121353507041,0,1,0,0.0654972195625305,0.0536121353507041,0.0,Newcastle United,3,4,38,1.0,FWD,0.0,0.01,0.01,0.0,0.07,0.0,0.0,0.7,1.0,1.5,4.0,26.0,0.0,0.0,0.0,0.0,0.0,0.0,0.0,0.0,1.0,1.0,0.0,0.0,0.0,0.0,0.0,0.0,0.0,0.0,0.0,0.07,0.07,1.3,0.0,0.01,0.05,0.04,0.1,0.0,0.33,2.23,12.07,1.2,9.0,19.0,0.0,0.0,0.0,0.0,0.0,0.0,0.0,1.0,1.33,2.67,0.33,1.0,0.07,0.0,0.0,0.0,0.0,0.33,0.07,0.07,0.02,0.77,0.0,0.0,0.03,0.02,0.27,0.0,0.2,1.36,7.44,0.72,5.4,16.2,0.0,0.0,0.0,0.0,0.0,0.0,0.0,1.0,1.4,2.0,0.2,0.6,0.04,0.0,0.0,0.0,0.0,0.2,0.04,0.04,0.01,0.68,526.0,0.4837261503928171,1.0,0.715,0.173,0.112,,,0.0221787721845956,0.0575723657491036,0,,1.2614321859856932,William Osula,William Osula,Newcastle
10798,0,0,4,0,0.3,612,0.01,0.01,0.0,1.92,379,4,0,0.3,2.6,2025-05-25,45,0,0,0,0,0,0,0,False,5,0,0,0,0,38,0,4917,0,4,1,0.0,1,24,428,404,5.3,True,0,0,0,0.0,43,Tottenham,Brighton,1,4,26976,2024,730136,0.0,0,0,0,0.0,0.0,0.0,Tottenham,3,3,38,3.8,MID,0.0,0.03,0.44,0.41,1.33,2.0,0.0,3.8,9.8,10.8,17.0,86.0,0.0,0.0,0.0,0.0,0.0,0.0,1.0,0.0,2.0,2.0,0.0,1.0,0.41,0.05,0.0,0.0,1.0,0.0,0.41,0.46,0.05,3.8,0.0,0.02,0.33,0.31,1.85,1.67,0.33,3.7,17.87,5.1,13.67,88.67,0.0,0.0,0.0,0.0,0.0,0.0,1.0,1.0,1.0,4.67,0.33,1.0,0.28,0.02,0.0,0.0,0.33,0.33,0.28,0.29,0.02,3.6,0.0,0.11,0.3,0.19,1.29,1.6,0.2,3.36,14.0,7.74,11.6,70.8,0.0,0.0,0.0,0.0,0.0,0.0,0.8,1.2,1.8,3.4,0.2,0.8,0.17,0.14,0.0,0.0,0.4,0.2,0.17,0.32,0.15,2.3,61.0,0.0288461538461538,1.0,0.225,0.218,0.556,,,-6.725144885422194e-10,-5.689893001203925e-10,0,0.0,1.9999999949304597,Wilson Odobert,Wilson Odobert,Spurs
10832,0,0,3,0,0.1,291,0.0,0.0,0.0,1.79,371,2,0,2.2,21.4,2025-05-25,90,0,0,0,0,0,0,0,False,3,0,0,0,0,38,0,603066,1,0,2,0.0,1,16794,29223,12429,3.8,False,0,0,0,0.0,90,Bournemouth,Leicester,2,0,26979,2024,730049,0.0,0,0,0,0.0,0.0343493744730949,0.0343493744730949,Leicester,1,3,38,3.5,DEF,1.0,0.0,0.0,0.0,1.41,0.0,0.0,1.8,17.6,0.4,0.0,90.0,0.0,0.0,0.0,0.0,0.0,0.0,1.0,0.0,2.0,7.0,0.0,0.0,0.0,0.0,0.0,0.0,0.0,0.0,0.0,0.33,0.33,3.8,0.67,0.0,0.06,0.06,1.08,0.67,0.0,2.0,17.27,0.4,2.33,90.0,0.0,0.0,0.0,0.0,0.0,0.0,1.0,0.67,2.0,5.0,0.0,0.33,0.02,0.0,0.0,0.0,0.0,0.0,0.02,0.49,0.49,2.5,0.4,0.0,0.04,0.03,1.57,1.2,0.0,2.04,18.48,0.5,1.4,90.0,0.0,0.0,0.0,0.0,0.2,0.0,1.0,0.6,1.8,3.4,0.0,0.2,0.01,0.0,0.0,0.0,0.0,0.0,0.01,0.32,0.32,1.4,23502.0,0.4031979256698357,1.0,0.709,0.18,0.111,,1.8320894241333008,3.9846503874230166e-10,-5.972489169892015e-10,0,0.0,1.0840000005990436,Wout Faes,Wout Faes,Leicester
10864,0,0,11,0,35.2,135,0.32,0.44,0.12,1.95,379,1,0,9.4,14.4,2025-05-25,90,0,0,0,0,0,0,0,False,18,0,0,0,0,38,0,112882,1,4,1,44.0,2,-1869,5417,7286,4.8,False,0,0,2,0.1876793801784515,90,Tottenham,Brighton,1,4,26976,2024,730148,0.1102650612592697,0,2,0,0.1876793801784515,0.3040307164192199,0.1465837061405182,Brighton,3,3,38,4.0,MID,0.0,0.05,0.07,0.02,2.24,2.0,0.0,2.9,0.0,3.4,26.0,83.0,0.0,0.0,0.0,0.0,0.0,0.0,1.0,2.0,3.0,2.0,0.0,1.0,0.04,0.0,0.0,0.0,0.0,0.0,0.04,0.05,0.02,2.8,0.33,0.04,0.14,0.1,1.63,1.0,0.33,5.3,17.53,11.9,23.67,84.0,0.0,0.0,0.0,0.0,0.0,0.0,1.0,1.67,1.33,4.67,0.33,1.33,0.08,0.03,0.0,0.0,0.67,0.33,0.08,0.12,0.01,3.2,0.2,0.04,0.13,0.09,1.46,1.4,0.2,4.08,12.2,9.0,19.6,68.8,0.0,0.0,0.0,0.0,0.0,0.0,0.8,1.8,2.2,3.4,0.2,1.0,0.07,0.02,0.0,0.0,0.4,0.2,0.07,0.2,0.12,2.36,-1194.0,-0.1471305990710855,2.0,0.225,0.218,0.556,,,0.2685221227886036,0.1844529144872351,0,0.0,3.895969357404723,Yankuba Minteh,Yankuba Minteh,Brighton
10898,0,0,4,0,17.0,600,0.23,0.25,0.02,1.47,379,1,0,2.6,3.8,2025-05-25,45,0,0,0,0,0,0,0,False,18,0,0,0,0,38,0,6661,1,4,1,5.0,1,2197,2379,182,5.0,False,0,0,1,0.0527786612510681,47,Tottenham,Brighton,1,4,26976,2024,730147,0.0867445543408393,0,1,0,0.0527786612510681,0.058864913880825,0.058864913880825,Brighton,3,3,38,3.5,MID,0.0,0.08,0.25,0.17,2.03,2.0,1.0,7.1,39.2,24.4,7.0,73.0,0.0,0.0,0.0,0.0,0.0,0.0,1.0,2.0,3.0,9.0,1.0,1.0,0.06,0.05,0.0,0.0,1.0,1.0,0.06,0.29,0.18,4.0,0.33,0.03,0.1,0.07,1.33,1.0,0.33,2.7,14.27,9.2,3.67,61.33,0.0,0.0,0.0,0.0,0.0,0.0,0.67,1.67,1.33,4.33,0.33,0.67,0.03,0.02,0.0,0.0,0.33,0.33,0.03,0.12,0.07,3.1,0.2,0.04,0.08,0.05,1.11,1.2,0.4,3.58,19.24,12.56,4.0,57.4,0.0,0.0,0.0,0.0,0.2,0.0,0.6,1.8,2.2,4.2,0.4,0.6,0.02,0.03,0.0,0.0,0.6,0.4,0.02,0.11,0.07,2.16,2639.0,0.8578680203045685,1.0,0.225,0.218,0.556,,,0.0692849151981835,0.0633984215041614,1,0.0,1.5366198405034015,Yasin Ayari,Yasin Ayari,Brighton
10929,0,0,8,0,4.8,111,0.01,0.01,0.0,1.12,380,1,0,2.0,15.2,2025-05-25,90,0,0,0,0,0,0,0,False,20,0,0,0,0,38,0,264916,1,1,1,0.0,2,3619,10163,6544,4.3,False,0,0,0,0.0,90,Wolverhampton Wanderers,Brentford,1,1,26978,2024,730085,0.0,0,0,0,0.0,0.5109890699386597,0.5109890699386597,Brentford,3,3,38,2.0,MID,0.0,0.16,0.16,0.0,0.93,3.0,0.0,2.1,17.0,4.4,0.0,74.0,0.0,0.0,0.0,0.0,0.0,0.0,1.0,3.0,2.0,2.0,0.0,0.0,0.0,0.0,0.0,0.0,0.0,0.0,0.0,0.0,0.0,2.0,0.33,0.14,0.14,0.0,1.05,1.33,0.0,2.17,13.33,8.33,0.0,77.0,0.0,0.0,0.0,0.0,0.33,0.0,1.0,2.33,2.0,2.0,0.0,0.0,0.0,0.15,0.0,0.0,0.33,0.0,0.0,0.23,0.23,2.0,0.4,0.1,0.1,0.0,0.94,1.0,0.0,2.58,13.8,10.88,1.2,79.2,0.0,0.0,0.0,0.0,0.4,0.0,1.0,2.2,2.0,2.0,0.0,0.0,0.0,0.11,0.0,0.0,0.6,0.0,0.0,0.27,0.25,1.56,6279.0,0.2166157897887113,2.0,0.353,0.258,0.389,,,-6.725144885422194e-10,-5.689893001203925e-10,1,0.0,0.9999999949304597,Yehor Yarmoliuk,Yehor Yarmolyuk,Brentford
10969,0,0,3,0,23.9,110,0.14,0.41,0.27,1.12,380,1,0,5.8,1.4,2025-05-25,90,0,0,0,0,0,0,0,False,20,0,0,0,0,38,0,2800186,1,1,1,33.0,1,212354,282915,70561,6.9,False,1,0,3,0.4943290948867798,90,Wolverhampton Wanderers,Brentford,1,1,26978,2024,730089,0.6920408010482788,0,2,0,0.4943290948867798,1.6896978616714478,0.5033280253410339,Brentford,3,3,38,5.2,FWD,0.0,0.06,1.31,1.25,0.99,3.0,1.0,13.1,52.6,17.9,60.0,90.0,0.0,0.0,0.0,0.0,1.0,0.0,1.0,3.0,2.0,10.0,1.0,2.0,1.31,0.08,1.0,1.0,1.0,1.0,1.31,1.43,0.05,6.2,0.33,0.05,1.05,1.0,1.1,2.0,0.67,9.1,30.73,11.07,49.0,90.0,0.0,0.0,0.0,0.0,0.67,0.0,1.0,2.33,2.0,6.0,0.67,3.67,1.03,0.04,0.33,0.33,0.67,0.67,1.03,1.27,0.21,7.23,0.4,0.04,0.85,0.82,1.14,1.6,0.8,9.76,39.84,9.08,48.4,90.0,0.0,0.0,0.0,0.0,0.4,0.0,1.0,2.2,2.0,7.2,0.8,3.4,0.86,0.03,0.4,0.4,0.6,0.8,0.86,0.92,0.13,5.7,226847.0,0.600759316049746,1.0,0.353,0.258,0.389,,,0.2676626590061186,0.1168591249522732,0,,3.4212280108812942,Yoane Wissa,Yoane Wissa,Brentford
11005,0,0,5,0,11.4,57,0.01,0.19,0.18,1.42,375,2,0,3.0,6.2,2025-05-25,28,0,0,0,0,0,0,0,False,14,0,0,0,0,38,0,120618,0,0,2,12.0,1,-10310,155,10465,5.5,False,0,0,2,0.1644325107336044,23,Manchester United,Aston Villa,2,0,26974,2024,730245,0.0720168426632881,0,1,0,0.1644325107336044,0.2364493608474731,0.1049204170703888,Aston Villa,3,3,38,2.2,MID,1.0,0.03,0.12,0.09,0.76,0.0,1.0,6.6,40.4,7.7,18.0,82.0,0.0,0.0,0.0,0.0,0.0,0.0,1.0,0.0,1.0,11.0,1.0,2.0,0.32,0.0,0.0,0.0,0.0,1.0,0.32,0.66,0.65,6.5,0.33,0.06,0.11,0.06,1.03,1.0,0.33,6.03,28.4,21.07,11.0,87.33,0.0,0.0,0.0,0.0,0.0,0.0,1.0,0.67,2.33,6.67,0.33,1.0,0.13,0.34,0.33,0.33,1.33,0.33,0.13,0.98,0.66,7.9,0.4,0.14,0.25,0.1,0.98,0.8,0.2,7.82,30.96,27.2,20.2,88.4,0.0,0.0,0.0,0.0,0.0,0.0,1.0,1.2,1.8,6.4,0.2,1.8,0.14,0.35,0.6,0.6,1.8,0.2,0.14,1.05,0.78,5.54,-29881.0,-0.9708097928436912,1.0,0.218,0.225,0.556,,,0.1107830069137352,0.0754191599482714,0,1.0,3.78017251441349,Youri Tielemans,Youri Tielemans,Aston Villa
11047,0,0,2,0,0.3,482,0.0,0.0,0.0,0.95,379,2,0,0.0,0.0,2025-05-25,24,0,0,0,0,0,0,0,False,5,0,0,0,0,38,0,27004,0,4,1,0.0,1,-111,125,236,4.8,True,0,0,0,0.0,23,Tottenham,Brighton,1,4,26976,2024,730137,0.0,0,0,0,0.0,0.0,0.0,Tottenham,3,3,38,0.6,MID,0.0,0.0,0.0,0.0,0.71,2.0,0.0,0.7,5.6,1.4,0.0,37.0,0.0,0.0,0.0,0.0,0.0,0.0,0.0,0.0,2.0,1.0,0.0,0.0,0.0,0.0,0.0,0.0,0.0,0.0,0.0,0.0,0.0,1.0,0.0,0.0,0.01,0.01,0.97,1.33,0.0,1.17,10.13,0.93,0.33,57.33,0.0,0.0,0.0,0.0,0.0,0.0,0.33,1.0,1.0,1.33,0.0,0.33,0.01,0.0,0.0,0.0,0.0,0.0,0.01,0.02,0.02,0.77,0.0,0.0,0.02,0.01,0.84,1.4,0.0,1.4,8.8,3.36,1.6,47.2,0.0,0.0,0.0,0.0,0.2,0.0,0.4,1.2,2.0,1.0,0.0,0.4,0.01,0.02,0.0,0.0,0.2,0.0,0.01,0.12,0.1,0.7,-106.0,-0.3074792243767313,1.0,0.225,0.218,0.556,,,-6.725144885422194e-10,-5.689893001203925e-10,1,0.0,-5.069540343072276e-09,Yves Bissouma,Yves Bissouma,Spurs
11076,0,0,11,0,0.0,521,0.0,0.0,0.0,0.79,373,1,0,2.6,25.6,2025-05-25,90,0,0,0,0,0,0,0,False,10,0,0,0,0,38,3,1149843,1,3,1,0.0,3,-23593,5014,28607,3.9,False,0,0,0,0.0,90,Ipswich,West Ham,1,3,26980,2024,730015,0.0,0,0,0,0.0,0.0867505818605423,0.0867505818605423,West Ham,2,2,38,1.3,GK,0.0,0.0,0.0,0.0,1.32,2.0,0.0,3.7,37.0,0.0,0.0,90.0,0.0,0.0,0.0,0.0,0.0,5.0,1.0,2.0,0.0,2.0,0.0,0.0,0.0,0.0,0.0,0.0,0.0,0.0,0.0,0.03,0.03,0.0,0.0,0.0,0.0,0.0,1.29,1.33,0.0,2.67,26.73,0.0,0.0,71.67,0.0,0.0,0.0,0.0,0.0,3.33,1.0,1.67,1.0,1.67,0.0,0.0,0.0,0.0,0.0,0.0,0.0,0.0,0.0,0.03,0.03,1.23,0.0,0.0,0.0,0.0,1.34,1.2,0.0,3.62,36.28,0.0,0.0,79.0,0.0,0.0,0.0,0.0,0.0,4.6,1.0,1.4,1.0,2.4,0.0,0.0,0.0,0.0,0.0,0.0,0.0,0.0,0.0,0.09,0.09,1.8,-744358.0,-0.7017340352755718,3.0,0.317,0.25,0.432,3.601761014435585,1.1657425576619391,,,0,0.0,2.6180000000000003,Łukasz Fabiański,Lukasz Fabianski,West Ham
