Name,League,Division,Team id,points,OR
Alex Tyc,1,1,69718,69,105944
Alex Merchant,1,1,593532,66,8392
Ahmed Shahin,1,1,7497,66,70089
Adam Ferguson,1,1,577273,65,135444
James Wong-You,1,1,38054,64,30624
sameer sohail,1,1,1222335,64,35335
Liam McAllister,1,1,1546929,64,47618
Tim Hill,1,1,4131447,64,163593
Simon MacNair,1,1,198971,63,17761
Dave Dolman,1,1,1441046,59,237628
Michael Giovanni,1,1,205,57,35878
Darren Curtis,1,1,2634457,57,193490
Cak Juris,1,1,749244,57,334543
Stig Hermansen,1,1,23881,56,95122
Ignazio La Rosa,1,1,38351,53,106882
Qian Hao Ong,1,1,152245,46,272157
Carl Price,1,1,901,46,478161
David Stanton,1,1,13603,42,619438
Martin Stubbs,1,1,696127,38,1479080
Sakari Uutela,1,1,4213,33,561658
Michał Dąbrowski,2,1,221072,70,80643
Anoop K,2,1,429719,67,2940
Michael Scott,2,1,909,66,20285
Ville Tuominen,2,1,21246,63,27105
Chris Bristow,2,1,2487,61,240921
Chris Madeley,2,1,14384,59,25919
Stewart Robinson,2,1,1989,58,8943
David Gladstone,2,1,72865,57,29788
Khalid Ameen,2,1,432,57,125681
Greg Wilcox,2,1,5512,57,126405
David Bowman,2,1,16012,56,21104
Gareth Mills,2,1,127323,56,131663
Harry Vernon,2,1,56200,54,7141
Louie Kebakovski,2,1,630924,54,87316
Mark Reynolds,2,1,13262,53,174700
Bob Woby,2,1,4823757,53,198653
Billy Ketsu,2,1,954168,52,6981
Milan Mihajlovic,2,1,678795,52,89584
Ryan Gallagher,2,1,33508,47,53301
Mark Craig,2,1,5869454,38,506686
Craig Johnson,2,2,160250,82,19497
Neil Methold,2,2,69415,75,25648
Aviinesh Kumar,2,2,29318,69,17376
John McHugh,2,2,10904,69,102312
Richard Clarke,2,2,11368,64,193490
The Magician,2,2,25562,63,5045
Paul Machin,2,2,2657606,60,391312
Aarush Mittal,2,2,1451641,58,114321
Grant Barclay,2,2,321222,54,328925
Jorge Polo Carraminana,2,2,341993,54,359447
Owen Walker (Zan K),2,2,666563,54,876353
Phil Roper,2,2,81581,51,37067
Oli O'Mahony,2,2,20593,51,111667
Al Black,2,2,4110977,51,1130331
Paul Norris,2,2,5527,50,98745
RoyArve Garvik,2,2,2251778,50,190270
Nathan C,2,2,4647,50,452948
David Meechan,2,2,254600,50,2296127
Amit Tailor,2,2,2035,39,342829
Derek Moore,2,2,201689,36,1839022
EasyE ®️,3,1,93018,70,121785
Terje Balteskard,3,1,17476,69,4460
Peter Tind,3,1,185990,69,30834
Chaballer,3,1,1446261,68,28518
Martin Felton,3,1,4279,65,20962
Big Daddy,3,1,1086472,63,33527
David Boles,3,1,2609651,62,95991
Mark Pearson,3,1,33630,61,29419
Socrates Olympios,3,1,274981,61,47265
Grey Head,3,1,280704,59,127994
Bruce McPherson,3,1,288904,57,299366
Peter Murphy,3,1,31973,55,119594
Daniel Sullivan,3,1,176351,53,2008897
Dylan Penhallurick,3,1,2995969,50,44756
Josh Stickland,3,1,3987462,49,363044
Simon Moran,3,1,185579,48,388815
Simon Vazquez,3,1,710891,48,483591
Geoff Browitt,3,1,261852,43,159620
Aled Lewis,3,1,191595,40,723823
Deleted Player,3,1,1451469,36,0
Andrew Blackwell,3,2,274611,76,48456
Mat Gilbert,3,2,10879,73,24979
David Walker,3,2,422899,72,109732
Colm Doyle,3,2,117094,70,131177
Martin Bubak,3,2,121588,69,38173
John Davidson,3,2,82613,66,23780
Dave nea,3,2,5389418,62,171399
Michael Cahill,3,2,9349,58,150315
Kevin Lamb,3,2,308844,57,146392
Matthew Green,3,2,2036595,57,938845
Neale Rigg,3,2,1778,55,45954
Priyansh .,3,2,34995,54,306588
Alex CHENNELL,3,2,53231,54,638074
Sam Trafford,3,2,2259,52,102132
Neil Halmagyi,3,2,10282,48,159928
Ritesh Raichura,3,2,7147014,46,415046
Daragh Shirazi,3,2,1069014,45,913567
Jonny Armstrong,3,2,11185,44,649648
Christian Larisch,3,2,562,40,225048
Wayne Sturman,3,2,45740,36,366784
Carlene M,3,3,408130,78,45527
Magnar Nordtun,3,3,24503,72,10467
Richard Jager,3,3,923773,72,183979
Ryan McGillick,3,3,24001,70,69185
Jonathan Glover,3,3,19727,69,33176
Dave Spooner,3,3,637961,67,16502
John Choy,3,3,1426914,64,134708
Steven North,3,3,6125,60,77751
Simøn Stevens,3,3,976274,60,291428
Tim Oldfield,3,3,126300,57,274296
Christopher Betteridge,3,3,1961,55,293558
Alan Deluce,3,3,514830,55,354763
Peter Cooper,3,3,24983,54,131442
Ishaan Bhatt,3,3,10940,51,26454
Callum Croal,3,3,4475,50,188592
Alastair Blackburn,3,3,341989,49,166259
Bruce Savage,3,3,222128,42,161140
Justin Spiegel,3,3,2918,39,217705
Deren Soh,3,3,1183748,36,1769912
Ben Wiser,3,3,77436,35,1487277
Wendy Darlington,3,4,6880155,71,24181
Marc B,3,4,21249,71,123786
Ted Maw,3,4,30,70,25838
Taymur Reza Hossain,3,4,40733,67,5429
Brian Murphy,3,4,24860,66,47265
Imran Hamid,3,4,110048,64,10652
Dom Richards,3,4,914,64,175968
Timo Laukkanen,3,4,9619,62,43651
Roy Brown,3,4,7156,61,32682
Tim Ward,3,4,33975,60,171121
GavB - Bram,3,4,550373,58,328288
Rupert Fleming,3,4,3724351,58,410326
Jamie Cottington,3,4,62900,56,82867
Ben Reiter,3,4,20196,49,95122
David Cousins,3,4,32139,49,95819
Adam Warner,3,4,36898,49,140885
michael udberg,3,4,23416,45,621108
Christopher Green,3,4,5006384,42,1201323
Simon Smith,3,4,132305,40,242798
Paul Buchanan,3,4,56947,28,1738332
Richard Slaven,4,1,314641,82,2726
Andrew White,4,1,252846,75,16662
Sam Bonfield,4,1,2140,67,126405
George Petrou,4,1,339258,66,183373
Rima Gudka,4,1,1745,65,57281
Ben Lovell,4,1,279378,64,71045
Greivin Barboza Retana,4,1,459481,63,27380
Dom cooke,4,1,3000330,59,224717
Mark Larwood,4,1,815506,57,1238647
Matthew Rees,4,1,14537,56,461235
Daniel Cleghorn,4,1,1332027,52,611061
Vasu Shan,4,1,70320,51,91094
Shrikant Verma,4,1,28699,51,635917
Dominic Superville,4,1,728229,50,704381
Fraser Love,4,1,129978,48,559148
Jeremy Linter,4,1,8109,48,673839
Chris Wilder,4,1,94316,46,735003
Jon Oliver,4,1,2088374,45,1282968
Serkan Kaygun,4,1,697836,43,1241760
Joe Stafford,4,1,15149,42,651656
Stuart Blakeley,4,2,1094683,87,18998
Milan Pavlovic,4,2,5499,74,21323
Daniel Murray,4,2,5211466,69,232174
jordan ross,4,2,332853,68,46991
Iwan Atherton,4,2,287653,67,331497
Alex Jones,4,2,3668857,66,48687
Matthew Karan,4,2,4180852,66,385370
Chris Blackburn,4,2,31129,63,659814
Doncho Georgiev,4,2,1979277,60,577820
Mark Boland,4,2,31810,58,81835
Scott Taylor,4,2,375679,58,145601
Tin Kostelac,4,2,60316,55,85843
Mohd Hazwan,4,2,143046,55,207591
Johan Wester,4,2,50453,54,510370
Peter Kidd,4,2,613749,51,88411
Jay Placey,4,2,236285,51,105142
Tommi Koskinen,4,2,6411,51,859827
Deleted Player,4,2,1005675,30,0
Tristan Maw,4,2,185704,30,4784919
André Bjerketveit,4,2,19651,20,5077047
Gavin Sousa,4,3,941366,75,59320
Andrew Garland,4,3,500139,72,59413
Filip Suchta,4,3,8883,69,248617
Liam Bondin,4,3,77426,67,168106
Daniel Loebjer,4,3,2403793,64,56366
sebastian kromberg,4,3,61411,64,126931
Marcel Erich Scheiwiller,4,3,6461,63,12792
Chris Ambridge,4,3,21083,62,99650
Casey Moore,4,3,33213,60,290086
Ash Spratt,4,3,16569,53,147256
Ian Knox,4,3,282914,53,290086
Ivan Leshtarov,4,3,21518,51,1276181
Steve Sumpton,4,3,4271,50,333648
Ken Liston,4,3,356832,49,453645
Jamie McComb,4,3,1569,49,817832
Joe Stang,4,3,10761,48,248869
Lars Valdresbråten,4,3,2085,48,918198
Daniel Stickells,4,3,385704,45,1425923
Ivan Frederick,4,3,39869,42,1578299
Tom McDonald,4,3,6055909,42,1624651
Simon Rothwell,4,4,294018,77,34421
Tom Nickalls,4,4,16214,70,255229
James Bambridge,4,4,559051,69,175002
Andrew Ray,4,4,107293,67,77523
Gavin Barnes,4,4,10860,67,292324
Josip Grgic,4,4,1095773,66,310587
Alexander Finbow,4,4,103278,65,181436
John H,4,4,170246,64,180521
Tony Wilkins,4,4,9281,63,24583
Mark Mews,4,4,583441,60,89195
Vasanth M,4,4,1020107,55,391853
Youssef Rophael,4,4,5607,55,959140
Konstantinos Anastasiou,4,4,40838,53,506686
Diego Figueiredo,4,4,1405389,52,338014
Eugene Heng,4,4,33000,48,576578
Dan Byrom,4,4,16053,42,594057
Lance Pridham,4,4,171538,42,1509442
Alan Robertson,4,4,3142875,41,108777
david arblaster,4,4,2749041,35,3101446
Barry Lawrence,4,4,38888,34,1281508
Benjamin Arslanagic,4,5,246947,74,38726
Martin Rapp,4,5,380890,74,103369
Richard Allen,4,5,349604,72,335937
John Henson,4,5,262287,70,1020
Andrew Boddy,4,5,8652,70,132919
Ben Ashworth,4,5,695809,65,85024
Steve Church,4,5,210511,64,85193
James Cresswell,4,5,9817,64,389821
Per Øyvind Bonkerud,4,5,560290,62,379310
Colm Divilly,4,5,2330223,60,78873
Julian Strahberger,4,5,13184,57,65404
Daniel Clarke,4,5,892979,57,261735
Chris Gallahue,4,5,3879009,51,812549
Garry McKay,4,5,34498,51,1079445
olavi oja,4,5,1511901,49,693348
Jamie Macdonald,4,5,11065,45,65589
Luke Yorke,4,5,10688,40,313052
Moray West,4,5,5441207,39,633853
Ljubomir Stankovic,4,5,240699,39,1010174
Cleavon Tan,4,5,699619,30,433065
William Elliott,4,6,107268,79,197707
Rishi Sehgal,4,6,17243,75,36174
Alan Robertson,4,6,55544,66,25352
Richard Harte,4,6,10922,64,290675
Jafa Jafalad,4,6,571055,63,194805
George Owen,4,6,13898,62,40601
Francisco Lamarque,4,6,2246110,61,130428
Sampras Lee,4,6,64093,61,228741
Troy Rouse,4,6,387785,61,321170
Richard Gibbs,4,6,3574047,60,175296
Sean Collum,4,6,8115,57,114321
Niall Parker,4,6,1955,55,158118
Luka Toigonbaev,4,6,8101564,55,324163
Ronan McGinley,4,6,546170,54,207591
Chris Spencer,4,6,1515,52,269455
Benjamin Fink,4,6,3996796,50,825729
Jack Clark,4,6,1496742,46,415901
Rob Roche,4,6,655717,45,238739
Tin Nguyen,4,6,205990,36,666309
Andy Potter,4,6,2156165,26,1969901
Hans Friedl,4,7,9872,75,201250
Graham Langley,4,7,182703,67,44447
Conor Slattery,4,7,113817,66,68663
Robert Turner,4,7,22337,66,472125
Daniel Wilcher,4,7,533426,64,325528
Anders Söder Wintergren,4,7,551314,63,19435
Matthias Ammon,4,7,27732,62,29624
Teo R.,4,7,16768,61,322979
Austin Hodgson,4,7,25227,60,169557
Thomas Ween,4,7,19962,60,365939
Michael Du Toit,4,7,388812,59,297957
Eirik Aasen Aukland,4,7,3851319,58,187997
Matt Cherng,4,7,25036,57,420657
Shaun McGrath,4,7,2684983,52,592942
Michal Romantowski,4,7,25285,48,222301
John Brooks,4,7,1155437,47,518494
Matt McLachlan,4,7,33738,43,1092307
Matt Smith,4,7,2825348,43,1555388
Arnie Siva,4,7,176783,42,1903690
Reece Newell,4,7,307247,31,2063562
Niall Clusker,4,8,81160,76,173634
Dibbendu Mukherjee,4,8,12210,70,8147
Alex Lau,4,8,5621,70,117305
Paul Strange,4,8,341008,69,143509
Qing Hao Sim,4,8,564145,67,143785
Pratham Batra,4,8,420810,61,903863
Ben Capron,4,8,399673,60,119850
Ali Mohsen,4,8,73890,58,296692
Aki Ali,4,8,503875,57,571616
Przemysław Rutkowski,4,8,417693,57,1133096
Adam Bell,4,8,118532,56,96964
John Robson,4,8,28313,53,28740
Luke Jenkin,4,8,5037,51,229379
Ajai Daniel,4,8,3124854,50,359843
Sami Arnaout,4,8,520364,48,280055
Toby Lansdell,4,8,19395,48,434881
Ben Grunbaum,4,8,11924,48,546829
Bill Koulis,4,8,12539,47,506238
Jia Xiang Woo,4,8,23687,42,480541
Rick Rudnicki,4,8,439294,38,403457
Neil Allison,5,1,755887,78,6746
Avishek Ganguly,5,1,3802,75,21480
Richard Irving,5,1,182631,74,79053
Chris Morén,5,1,5957,73,9195
Rob Crabwalk,5,1,446805,70,128475
Wes Soden,5,1,25274,64,449183
Adam Almeida,5,1,29033,62,24181
Seamus Lyons,5,1,9202,62,47896
Daniel K,5,1,30315,62,320779
Seth Ball,5,1,659838,60,80452
James Van Roose,5,1,158995,60,114925
Abdullah Tamim,5,1,3935,58,95991
Jack Kennedy,5,1,488297,57,245889
Ade Spencer,5,1,51480,57,627386
DjŠhąhrûkh Šrk,5,1,145118,51,75874
Simon York,5,1,1960841,41,775562
Curtis Ledger,5,1,257495,40,1895827
edward locke,5,1,1183881,37,249085
Omar Khaled,5,1,7913502,30,3537088
Daniel Eriksson,5,1,285000,21,8102121
David O'Flaherty,5,2,18709,70,20211
Nick Palmer,5,2,1626163,70,108997
Michael Atherton,5,2,5666677,64,523163
Iain Coleman,5,2,566540,63,106649
Martin Savov,5,2,22668,62,126606
Alex Tremble,5,2,5855603,62,232894
Shales Moor,5,2,9642,61,45712
Srk Samejo,5,2,5980083,61,59601
Daryl Ouédraogo,5,2,363214,61,95819
Melvin Mbabazi,5,2,494,60,1084060
Robert Dovenberg,5,2,71150,55,571616
Jesper Rosenkrans,5,2,23620,53,168688
Josip Pavlic,5,2,33413,53,373156
Ian Darlington,5,2,1587052,52,499522
Bako Danyo,5,2,9919919,51,2388915
Ellie Rahman,5,2,691455,49,495631
Irfan Shaikh,5,2,43549,47,415371
Michal Wachowiak,5,2,95107,45,245278
Jemma Pell Jr,5,2,271846,45,1477425
Viaan Agarwal,5,2,286238,43,236622
Steven Schelk,5,3,1346485,78,19555
Tom Houston,5,3,457857,69,47394
Louis Mitchell,5,3,53793,68,279689
Djordje Zivkovic,5,3,49653,66,110195
Andrew Gibson,5,3,7678602,62,33786
Ivo Georgiev,5,3,313896,62,205818
J Platts,5,3,1593931,61,253713
Rahul Chadaga,5,3,232410,60,233475
David Parker,5,3,3273,59,344201
Neil Donaldson,5,3,571478,58,76132
Sean Killick,5,3,22969,57,181137
Paul Reilly,5,3,666014,53,277746
Arup Mandal,5,3,2133337,52,286898
Jon Ekedahl,5,3,422865,49,975466
Jomar Røkke,5,3,5201176,49,3620651
Adrian Bleichmann,5,3,173936,48,2650577
Christoffer Gundersen,5,3,203009,46,725160
Paddy Ross,5,3,129168,45,650992
Saif Bin Rashid,5,3,46514,44,102555
David Matthews,5,3,9575,41,626794
Pantera Cthulhu,5,4,868532,72,10313
Stephen Brady,5,4,95235,72,438247
Tim Worboys,5,4,312942,69,63465
Uroš Lorbek,5,4,66004,69,116242
Tanya Sharma,5,4,372627,68,28066
Martin Osmond-Smith,5,4,86449,68,498458
Rod Harris,5,4,516482,63,58837
Paul Voller,5,4,2434832,58,111667
Reece Goudge,5,4,605663,57,226557
Vladan Mandic,5,4,836144,55,432566
Bartłomiej Ostrzechowski,5,4,928,54,44615
Phil Ampleford,5,4,362272,52,94525
Trevor Osburn,5,4,5150452,50,158790
Roland Kendall,5,4,1268572,49,1482115
Seán Óg Conneely,5,4,179505,49,1861411
Swagat Satpathy,5,4,11555,48,458512
Robert Massie,5,4,2159599,48,513042
Mina Karem,5,4,39188,45,1449954
Matty Delaney,5,4,43313,42,1323312
Josef Rusiecki,5,4,1237524,42,2185154
David Woods,5,5,126317,72,30242
Tony Asabi,5,5,1556529,67,144065
miguel lemos,5,5,1960987,67,151489
Marin Vuletic,5,5,10060,66,4296
Mike Harrison,5,5,1986591,64,266829
Alex Haywood,5,5,7954723,62,95122
Paolo Turrini,5,5,73939,62,326214
Luke Morgan,5,5,2559096,61,4390
Petros Kalogirou,5,5,1282123,61,240019
James Silk,5,5,1577334,58,518494
Ally Lee,5,5,22225,57,120851
Peter Taylor,5,5,8155,57,299819
Gary Kerr,5,5,240948,57,656559
Mark Pooley,5,5,1517792,57,1600245
David Sneddon,5,5,698293,55,345873
Alex Baresel,5,5,23023,53,172917
William Drewett,5,5,6826513,45,1966571
Stephen Woods,5,5,6828951,45,4380969
Mark Shelley,5,5,168795,34,3275415
ade harris,5,5,228965,32,3935551
Jamie Fitzgerald,5,6,674318,75,36658
Bukola Atanda,5,6,1189522,68,20310
Andrzej Zytko,5,6,10270,66,8114
Craig Tippins,5,6,38503,66,34421
James Rowland,5,6,15398,66,232541
Imran Soomro,5,6,830959,62,142137
Martin Cuttler,5,6,14518,61,397716
Anton Storer,5,6,118296,60,21810
Sander Driehuis,5,6,6365,57,184621
David Hill,5,6,246403,57,520243
Grange Hill,5,6,239871,55,1097687
Rene Stoeckigt,5,6,5330,54,397952
Punithan Shanmugam,5,6,3986301,53,424432
John Hamilton-Ward,5,6,73311,53,684459
Karl Morten Kringen,5,6,401247,52,160752
Jamie Gamble,5,6,7148600,49,111025
Colin B,5,6,38877,48,29715
Brian Walsh,5,6,6134744,48,708864
Ian Seymour,5,6,1389808,42,513042
Steven Coupe,5,6,1060,39,1207608
Danny Schiffelers,5,7,52,76,31293
Nick Fincher,5,7,56705,70,10313
Rehan Amin,5,7,286905,67,312879
Abeselom Habtemariam,5,7,11169,66,373649
Will Straw,5,7,2390348,65,302093
Cian McKenna,5,7,923109,64,337300
Nick Kehoe,5,7,523418,61,37750
Mrinal Mohit,5,7,3730,60,135134
Paul Goodwin,5,7,149768,58,32761
Joseph Fitzgerald,5,7,525524,57,177717
Will Timbers,5,7,12887,56,897231
Graham Martindale,5,7,2122092,55,276315
Matt Lawrence,5,7,66987,55,462322
Jérôme COEFFE,5,7,9098,53,72697
Matthew Goh,5,7,7555,52,628786
Eugene Tan,5,7,778842,49,611061
Lukas Dirzys,5,7,1202,46,973306
John STEENSON,5,7,536962,45,819328
James Beacock,5,7,472082,45,3062694
Todd Hellmann,5,7,1008212,31,2751099
Daniel Schallmayer,5,8,561764,78,14441
Budhi Nugraha,5,8,149603,75,17168
Rob Gough,5,8,18750,72,17091
Lee Donaldson,5,8,1950,67,12362
Jon Berry,5,8,415582,67,184621
Paddy Smith,5,8,2766,67,334974
S.E.A. siders,5,8,1334877,65,311773
Lisa Gray,5,8,2258764,63,492354
Wayne Dean,5,8,6569,61,47618
Chris Wain,5,8,262212,61,140592
Evan Pryce,5,8,545872,61,178049
William Crichton-Stuart,5,8,2600116,61,782033
Rishaad Khan,5,8,1828534,54,558697
Stephen Rowlinson,5,8,181148,49,324163
David Gourlay,5,8,134188,48,604528
James Gater,5,8,15901,42,687981
Amr Yassin,5,8,11357,40,429489
Ian Northover,5,8,14432,37,2878867
Taffy M,5,8,8575642,32,4516577
Tom Hutchison,5,8,7139999,31,3832580
Stephen Burge,5,9,3378631,75,31902
Thomas Morris,5,9,116551,70,4184
Jason Choi,5,9,515262,69,74819
Mark Storrar,5,9,84402,67,168996
J Fletcher,5,9,203089,66,149297
Valentin Dimitrov,5,9,5600,63,26555
John Robertson,5,9,60993,63,283542
Mike Blood,5,9,611588,58,688384
Ben Freeman,5,9,461055,58,1284100
Henri Annala,5,9,1094595,56,135967
Benny O Brien,5,9,2579242,54,128957
PHILIP CRAGG,5,9,1298577,54,708864
Polska Gola,5,9,125208,53,175296
Dave Allen,5,9,21380,51,308137
Nat Chapman,5,9,811390,51,545703
Shriniket Kale,5,9,212886,51,581942
Matthew Howe,5,9,433932,51,1252808
Don Corleone,5,9,768571,50,127091
Sam Price,5,9,5133,43,208116
Stephen Kearney,5,9,5343148,30,4112213
Sal .,5,10,57525,73,262441
Bilal Shaikh,5,10,46198,69,204095
Speedy .,5,10,2184,67,143785
Louise Chennell,5,10,69304,66,134273
Warren Buckley,5,10,89950,61,20271
steven brown,5,10,476142,61,255953
Ankit Agarwal,5,10,287025,61,841667
Mike Steel,5,10,106348,60,20830
Anthony Laud,5,10,1949274,60,120060
Mark Duncan,5,10,3980452,60,743795
Andrew Dubar,5,10,672118,57,250350
Joseph Skelley,5,10,121939,56,66418
David Cartmell,5,10,131733,54,1226455
Julian Anstee,5,10,176601,53,255953
Robin Dam,5,10,437901,51,212319
Daniel Schoenbaechler,5,10,587567,51,526209
Rob Truslove,5,10,17327,50,299819
Patrick Tollefsen,5,10,12660,42,1485005
John Cameron,5,10,357906,39,775193
Jathin Narayan,5,10,5912648,39,2375696
Manickam P,5,11,221202,76,15470
Keith Walker,5,11,1922481,76,88056
Peter Allaway,5,11,5278,72,306974
Magnar Igland,5,11,3834360,70,160206
Andrius Kaniava,5,11,193160,64,6876
Peter Johnson,5,11,4418029,61,146650
Alan Russell,5,11,654374,59,123786
Nenad Bozic,5,11,158807,58,25303
PAUL ATTWOOD,5,11,251063,58,308956
Timo N,5,11,184562,58,675311
Handsome Wei Jie,5,11,2719031,53,79225
Gary Hughes,5,11,253111,52,566255
Kyle O'Shaughnessy,5,11,238766,51,2321427
Damian Lindall,5,11,582712,50,1276607
Suyash Kumar,5,11,114727,49,14585
Allen Houston,5,11,934711,48,1205592
Vignesh Murali,5,11,300684,47,2691965
Darren Wright,5,11,769483,46,226714
Andy Malcolm,5,11,18606,43,507084
Kevin Davis,5,11,1663485,38,2677174
Darragh Copley,5,12,1131217,75,50464
Kunal Basu,5,12,306643,73,4800
Adam Ryan,5,12,856,70,16398
Andy Nash,5,12,8551,69,19601
Taras Shevchuk,5,12,17948,69,41548
John Ritchie,5,12,129625,64,297140
Vipin Surendran,5,12,117641,63,317361
Michael Daniels,5,12,142306,61,210732
Giannis Katogiannakis,5,12,207480,60,657126
Krisztián Balázs,5,12,4990557,59,677070
Joe Connolly,5,12,66996,56,36519
Daniel Owen,5,12,134137,53,39389
Michael Dodd,5,12,50187,53,395160
Marcus Baptiste,5,12,36675,50,269883
Sue Sharp,5,12,577902,50,581018
Teo Boniolo,5,12,522191,47,2669069
Carol Collins,5,12,2661965,45,901005
Faizan Tariq,5,12,16498,42,376681
Ryan Thompson,5,12,9658,36,1981674
Dejan Nikolic,5,12,920584,35,1948590
Jan-Erik Carlsen,5,13,155356,72,6200
El Presidente,5,13,200959,67,62079
Zheng Huan Hoe,5,13,380436,65,10507
James Pennington,5,13,960183,65,78516
David Lopez,5,13,1174601,65,411810
Jonathan Fletcher,5,13,214877,63,82005
Atang Bingana,5,13,7265813,61,179834
Dohwodese Ohwovoriole,5,13,4958285,61,454060
Jake Thorne,5,13,186118,59,141408
Hiten Shah,5,13,355824,58,89584
Rich Gomer,5,13,680212,57,18601
alastair ash,5,13,4145522,55,79225
Jon Sidwell,5,13,280444,55,80272
Chrome Dome,5,13,62098,55,278017
Brent Jones,5,13,850939,52,268880
Wei Kee Ho,5,13,238359,49,740174
Alex Leggate,5,13,2110,47,322592
Simon Jones,5,13,158800,46,1360715
stephen chambers,5,13,364068,36,686482
The Shadow,5,13,897144,35,2214573
Rinin Rajan,5,14,3230,78,102846
Pavle Ziman,5,14,5716034,69,95577
Linda Parkes,5,14,8060,67,107407
Nick Charlton,5,14,788766,66,474942
Tom Clark,5,14,152598,64,29053
Terry Byford,5,14,3572224,62,36129
Dorin Gliga,5,14,16361,62,80452
Glynn Sherwood,5,14,91434,61,117916
Iain McMahon,5,14,1477444,59,57996
Barnaby Burrowes,5,14,3082597,59,95122
James Francis,5,14,687411,59,246568
Muhammad Farooq Ashraf Gill,5,14,1121656,54,602818
Constantinos Gabrielides,5,14,1554693,53,127994
Bruno Vojvodić,5,14,557109,53,388815
Michiel Eykens,5,14,3479409,51,106882
Paul Bates,5,14,10389,51,464502
gareth wynne,5,14,195501,48,1059370
Abheek Chatterjee,5,14,1801032,46,864923
Audun Bjerk,5,14,343863,36,332066
Bob Wooster,5,14,1684721,27,292782
Laszlo Nyiri,5,15,4824884,78,16610
Lindsey Hurley,5,15,1300057,65,359025
Sebin Jose,5,15,17489,64,216354
Benjamin Pock,5,15,3560,63,8020
Scott Ireland,5,15,5756135,62,83236
Ken Davies,5,15,3277,62,424621
steven grieve,5,15,1099769,61,277428
Tom K,5,15,591,60,228371
Magnum Clarsen,5,15,3531293,58,1113848
Stephen Puddicombe,5,15,1291196,57,383555
David Lavignotte,5,15,1083249,57,1054192
Chris Wojcikowski,5,15,4425952,53,914147
vikas mohandoss,5,15,13182,52,1024655
Zoran Uzelac,5,15,597336,51,125175
Adam Mack,5,15,1085160,51,529584
alex bridger,5,15,208708,51,863681
Ian Jackson,5,15,7660,49,1650797
Ross Herlihy,5,15,22291,48,587252
Chris 'League Admin' Doran,5,15,37802,46,1958500
Fritz Zangenberg,5,15,2458357,43,4966333
Ayan Saha,5,16,423137,76,11191
Craig Ekedahl,5,16,1181555,76,133873
Charles Richter,5,16,248900,72,3456
Andy Wong,5,16,127306,71,24822
J Huc,5,16,2449,65,458816
FPL Gamer,5,16,1690417,63,769108
Mark Michelson,5,16,11136,60,175783
andrew slocombe,5,16,2079574,60,451904
Abraham de Villiers,5,16,7339761,56,202694
Ben Hyde,5,16,1389991,56,229379
Matt Carvel,5,16,267924,55,270978
Anurodh Kumar,5,16,318506,55,321802
Darren Duffy,5,16,4012232,53,1149251
Vincent Ho,5,16,804967,52,201659
Tharun Nair,5,16,498727,52,1229028
Aleksi Harri,5,16,125359,50,1043363
Greg Singer,5,16,86458,46,1413052
Eason Yeoh Yee Sin,5,16,1551909,42,1497600
Peter Conquest,5,16,13830,34,2473548
Jervis Sheil,5,16,4226032,34,4018697
Russell FPL,6,1,599551,69,57567
B B,6,1,258464,68,62079
Neil Bathia,6,1,9628,67,5139
Debarchan Maiti,6,1,3375024,65,136625
Kyle Dewey,6,1,8358,65,225653
W K,6,1,1356627,64,217027
Jacob Silkstone,6,1,31976,62,50885
Rohit Kumar,6,1,431716,60,52913
Arnold Antonsen,6,1,4099153,58,308137
joseph kakondere,6,1,154409,57,63843
Paddy O'Shaunessy,6,1,5085168,56,887809
Azeez Jay,6,1,2407747,55,426083
Paul Stevens,6,1,116191,54,218864
Dayne Cornelius,6,1,298484,52,114747
Simon Coulthard,6,1,191574,51,130930
Sebestyén Balázs,6,1,6101,49,545233
Eybar Ayala,6,1,32878,48,200998
J Z,6,1,1166432,47,43049
Andrew Phillips,6,1,1527860,40,141408
Gary Bell,6,1,653411,40,887303
Philly Blackett,6,2,409554,80,36085
el timbo,6,2,2635617,74,170619
Joel Stout,6,2,31624,69,10031
ste cummins,6,2,210743,68,293168
Louis Drake,6,2,4894237,66,20665
Nick Hope,6,2,6942,64,5109
Swapnil Gupta,6,2,28571,58,199267
Tanvir Ahmed,6,2,5560000,58,240347
Gunnlaugur Baldursson,6,2,225512,58,483976
Nikolas Zoidis,6,2,685812,57,232894
Darren Naughton,6,2,104047,55,142974
Scott Weedon,6,2,6239165,55,239296
Marcus Bexell,6,2,7427937,54,1320711
Graeme McCafferty,6,2,5288,52,238188
"trevor ""one sock"" smith",6,2,2065564,51,420392
Kieran McGonagle,6,2,15050,49,390677
Darren OBrien,6,2,914724,49,659610
Nip Carey,6,2,617869,48,1897204
George Brooks,6,2,3745930,33,2846600
Ognjen Stamenković,6,2,2011,30,4221274
Pedro Segurado,6,3,511436,77,66786
Jamie Fraser,6,3,6699552,74,46423
Cormac Jones,6,3,4435549,68,156807
colin whiteside,6,3,30146,61,250449
Artur Michalak,6,3,49146,61,353467
JIN ~,6,3,1326299,60,110195
Chris van Keulen,6,3,628695,59,270006
Richard Keys,6,3,2177391,58,504606
Martin Gupta,6,3,3558,57,100185
Ivan Ubalde,6,3,751700,57,432566
Sam Smedley,6,3,80729,56,239661
David Powell,6,3,872198,55,637018
Ade O'Connor,6,3,2560,53,358569
La Boneza,6,3,42356,52,1104981
Mark Oaten,6,3,281365,51,63735
Perry Lee,6,3,590179,49,549660
Ruban SK,6,3,15691,48,524281
Kuldeep Singh,6,3,819011,46,1690059
Olly Neech,6,3,1779401,43,1222599
Grzegorz Kotlarski,6,3,1531938,43,1329397
Wojciech Kołakowski,6,4,960,88,2405
Anders Sigsgaard-Rasmussen,6,4,40061,76,797
Rajiv Singh,6,4,3156146,70,22588
Simon Pyke,6,4,1091,67,67100
Ron Downey,6,4,1324187,67,100963
Jared Chambers,6,4,34888,64,170389
joseph wilkinson,6,4,3780778,60,155763
Leon !,6,4,33881,60,356559
Alex Godwin,6,4,784954,58,9084
Barry Dwyer,6,4,849214,57,1057049
FPL Rockstar,6,4,28861,56,558152
Pav Patel,6,4,19383,51,83331
Krasimir Yambolov,6,4,134490,51,259565
James Bamber,6,4,4524,51,464816
Tom Pooler,6,4,248903,48,621574
Jegan Vasan,6,4,1066651,46,552460
paul alexander,6,4,471356,43,103850
Phil Saward,6,4,23857,42,619438
Peter Glascott,6,4,139060,42,1021741
Kostikas Anastasiou,6,4,138450,36,983612
John Lloyd,6,5,8833,82,11373
David Harris,6,5,2852386,70,31293
Ben Yue,6,5,40989,68,17822
Arthur Lewis,6,5,6005534,67,37195
Ben Phippen,6,5,12194,66,62591
Mike Sosna,6,5,945436,64,172489
Abdo Ali,6,5,495543,61,553867
Aditya Naik,6,5,204604,58,470118
Nishant Gupta,6,5,2263883,58,1173306
Riku Juurikko,6,5,916278,58,3151825
timo riekko,6,5,284824,54,151489
Sam Coles,6,5,12761,52,569804
Atte Kinnunen,6,5,589721,52,800895
Slavcho Zdravkov,6,5,71664,49,1056391
elliot smith,6,5,1403739,49,1736185
Tom Barrett,6,5,400011,47,1614530
ethan dryland,6,5,5630689,46,571008
Nick Martin,6,5,6666900,45,965427
Leon McDrai,6,5,7218258,43,839006
Osman Hassan,6,5,4348651,40,3254026
Aaron Coleman,6,6,154046,68,3091
Dan Furneaux,6,6,1551,67,43651
Tony Mawson,6,6,65688,67,44382
@ elevenify.com,6,6,8558090,65,1309
Bernardo Gomes,6,6,438662,64,2241
Kristian Stokholm,6,6,12844,64,28654
Peter Foulger,6,6,155653,63,348594
Bruno Santos,6,6,10077,62,200152
Philip Wilson,6,6,442856,59,143785
Nicholas Gaunt,6,6,38089,56,91094
Joe Burgess,6,6,2224494,56,111025
Marta Lima,6,6,6064370,56,482026
Gabriel Ghintuiala,6,6,363287,55,19792
Sreeraj Sreekumar,6,6,81435,52,2187270
Lovro Hamer,6,6,5720350,49,2097801
Cathal McErlean,6,6,2348632,48,1042749
Sam Judge,6,6,658525,46,524281
Rossano Polvara,6,6,79355,46,643343
Dansen Low,6,6,19801,43,928604
Simeon Wentzel,6,6,2440952,38,2263157
Andre Martins,6,7,1264,68,60952
Ivan Gore,6,7,268002,68,807313
Chirag Kalwani,6,7,264206,66,15793
Pontus Eccleswing,6,7,622116,64,106145
Jorge Marques,6,7,790542,63,170478
Aggie Hodgson,6,7,18540,63,243545
Sajeesh Nair,6,7,420823,61,400425
Robert Konuwa,6,7,22613,59,232174
Jose Holliday,6,7,764142,59,338916
Pasquale Egisto,6,7,60709,58,217705
Brandon Walsh,6,7,1000884,57,743510
joehan nasi kandar,6,7,280358,55,235930
Ansel B,6,7,37391,53,117473
Faron Collins,6,7,40905,53,243157
Brian Keen,6,7,109506,53,528247
Ben Oporo,6,7,1913,52,969872
Jesper Engsted,6,7,1064941,48,699765
Greg Wozniak,6,7,6148,48,762806
Mubarak Damiel,6,7,3395,43,753364
Filip Szymański,6,7,2143466,35,447377
André Mærli,6,8,79813,85,24979
Rahul Mohnani,6,8,5643,76,3455
Nathan Brown,6,8,11411,69,26814
besim bekir,6,8,255743,68,43525
Steve Foster,6,8,1541415,67,57145
Krzysztof Szuba,6,8,5298113,63,105086
Brendan Ashley,6,8,5925,63,224717
Adam Cuttler,6,8,672705,60,215480
Nathann,6,8,704506,60,1073055
Ben Watts,6,8,26342,55,310166
Richard Beach,6,8,7199,54,1679007
Jonathan Davies,6,8,158724,53,382199
Gila M,6,8,2547,52,363526
Andy Kiely,6,8,3059388,52,650137
patrick eagers,6,8,704176,50,1033986
Daniel Wigmore,6,8,25732,46,1631937
Baden Reynolds,6,8,2424514,43,1333516
Nazif Sidique,6,8,15166,42,647797
David McAuliffe,6,8,143700,38,1082466
Dan Lambe,6,8,165447,34,2064104
Whitney Baxter,6,9,736138,83,61667
Harald André Løvland,6,9,1938811,75,46567
Patrick Zrebiec,6,9,12155,72,45376
Lloyd Greenfield,6,9,1520656,71,279689
Stephen McCusker,6,9,2281,64,137927
Ali Uner,6,9,3117948,59,148726
Charles Hazel,6,9,166543,58,86557
Daniel Raudi-Sætren,6,9,481915,58,111667
Michael Clarke,6,9,314592,58,145601
Martin Westergaard,6,9,206151,57,130930
Mark Bateman,6,9,143782,57,329798
David Zachery,6,9,2003932,56,788833
Ben Foster,6,9,1314857,50,782033
Simon Witham,6,9,1047579,49,182937
Simon Choi,6,9,3871887,49,336468
Jeffrey Marques Oliveira @SteppsFPL,6,9,12542,48,691123
Vicente Del Bosque,6,9,7797336,48,1334274
EB Christen,6,9,341922,46,303140
Stephen Brogan,6,9,42792,37,1613220
Mushfiqur Rahman,6,9,6796353,36,6237241
Richard Phillips,6,10,1472096,88,7169
Alex Hemmings,6,10,866,70,28654
Darryn Petersen,6,10,101128,68,9301
Kartik Pattani,6,10,1695058,64,724513
Anubhav Parasuraman,6,10,369994,63,403335
Alex Clift,6,10,4117863,62,23091
Shirin Nizar,6,10,2943013,61,71695
Filip Krivoshiev,6,10,85619,60,116488
Rory Walton,6,10,93942,58,55049
David Hughes,6,10,21274,58,375665
Nikolay Kolev,6,10,9371,58,404783
Robert Scott,6,10,414130,57,275536
Peter P,6,10,313740,55,629503
Ryan Faloon,6,10,23574,53,302093
paul dryland,6,10,2058575,48,1391945
Wikki Yuen,6,10,328367,45,674853
Pete Hopton,6,10,25270,45,1591393
Tony Gorman,6,10,277181,44,704670
abc pqr,6,10,753716,37,957321
Don Stevens,6,10,10449,37,1527425
Alberto Mangiantini,6,11,22315,91,13925
SHARAVANAN SHANMUGA SUNDARAM,6,11,577276,76,57417
Jeffery O'Neill,6,11,2721866,73,439276
Theo Sparkes,6,11,2122510,67,63349
Peter Leahy,6,11,3535792,63,189531
Andy Southey,6,11,378302,62,239296
Les Caldwell,6,11,22260,57,335937
Steven Bulman,6,11,697058,57,494732
Dwarak Mukund,6,11,2951563,57,581018
Andrew Tucknott,6,11,2675034,57,1436768
Souvik Mukherjee,6,11,2150525,53,142137
Joe Boss,6,11,6960,51,248617
Gordon Shen,6,11,734672,51,254824
Nikita Shved,6,11,16583,50,696368
Constantin Zieger,6,11,156431,49,621574
Cameron Brown,6,11,4318660,47,305266
Oliver Graham,6,11,302963,46,1761264
James Hanley,6,11,917995,44,876875
Jonathan Coffey,6,11,2020659,40,513042
Alan Burbury,6,11,72751,39,1272595
Garry Murray,6,12,250030,77,53603
Jamie Luland,6,12,964892,70,687022
Rainer Printsmann,6,12,59780,63,24371
Zoltán Barna,6,12,2860074,63,57145
Thai Son Wansueb,6,12,776700,63,100938
Craig Miller,6,12,94211,63,167266
James Patten,6,12,6094887,61,2206142
Ewan White,6,12,3304,60,311417
Adam Shipway,6,12,2809353,60,910675
Ryan Todd,6,12,240094,57,2033096
Carmen Alvaro Jarrin,6,12,2536232,56,966095
Aron Pickering,6,12,174150,55,580138
Jansar Mahmood,6,12,7480,55,712988
Colman Lane,6,12,71759,54,710693
Sean Graham,6,12,2961817,53,519871
Matt Eyre,6,12,3055506,53,681566
David Agnew,6,12,10231,49,809062
Sham Bear,6,12,260012,40,2043608
Deleted Player,6,12,2481281,39,0
Sam Jones,6,12,6521,34,2407373
Karthik Subramanian,6,13,30936,73,76132
Kasper Keller,6,13,267217,70,44996
William O Reilly,6,13,5167475,68,143229
Mark James,6,13,25958,67,109732
Nicholas Ireland,6,13,366695,66,250449
Sarunas Neciunskas,6,13,1662171,66,546487
Eero Tagapere,6,13,1213661,65,108474
Juho Kalliokuusi,6,13,2326477,64,43525
David Edson,6,13,132413,64,313718
Eric Beckman,6,13,393028,62,495359
Jamie Stones,6,13,265573,60,27285
Usama Usman,6,13,24456,58,468845
Daniel Briggs,6,13,146559,54,563642
Paul Woodhead,6,13,631855,52,136214
Gary Walke,6,13,2986465,51,949805
Ryan Doolan,6,13,183808,47,785504
Kevin McD,6,13,964984,40,4198325
Jack Bell,6,13,1898238,35,3973088
Jonathan Hancock,6,13,2714,34,2970312
Magnus Steinvoll,6,13,1279205,33,5585520
Robert Adams,6,14,3638502,73,12746
Robert Schad,6,14,1609777,67,67796
Dan Burge,6,14,83545,66,34461
Matt Warner,6,14,636026,63,16610
Mohd Rodzi,6,14,10647,63,54786
Donough Hughes,6,14,3954671,62,518998
Pramod B,6,14,983190,60,434499
Dave G-Jones,6,14,2701039,60,628344
Jason Doyle,6,14,506247,59,549443
Nic Tsau,6,14,78923,58,17822
Lukasz Gajewski,6,14,283383,58,116488
Paul Reading,6,14,6292159,56,563642
Thiga M,6,14,1207203,56,579355
Juha L,6,14,813596,55,498458
Dusan Krcmarik,6,14,552905,54,121954
Ravi Chikkonti,6,14,287220,53,205948
vineeth Mac,6,14,2591459,51,546487
e'l 7,6,14,6503454,49,1260279
Carl Tetley,6,14,3924796,46,1281944
jakub kicinski,6,14,4869700,22,4150704
Michal Wegrzyn,6,15,1386812,75,24822
Henrik Hammen,6,15,2601597,74,8740
Brian Melican,6,15,1044460,71,188235
James Esdon,6,15,5035915,69,344981
Janusz Idczak,6,15,1079,64,144267
Ibrahim Masmoum,6,15,5574947,63,428380
Anthony Baker,6,15,116718,62,341804
Phil Wantling,6,15,281144,58,136916
Henry Elks,6,15,7144249,57,391022
Faris Ihsaan,6,15,162448,57,553271
Stan Bem,6,15,71753,55,1369034
Long Vu,6,15,8488,52,220320
David O'Regan,6,15,127709,52,260240
Darius Fernandes,6,15,299474,51,300105
Johannes Lehikoinen,6,15,20686,51,930343
Chris Clarke,6,15,2095692,50,349474
Shekar Reddy Sama,6,15,421209,49,1147533
Dhruv Patel,6,15,150302,48,3546061
Shivam Shukla,6,15,6000851,40,2657183
Tom Strong,6,15,260697,33,1411377
Andy Whiteley,6,16,154588,82,4800
Andrew Green,6,16,1080321,78,28234
Emmanuel Ackah,6,16,702511,78,88816
Andy Green,6,16,737111,68,111345
Michal Trela,6,16,7419216,66,14186
Amit Patil,6,16,30695,61,170273
Nick Shak,6,16,1323093,61,222972
Eivind Javnes,6,16,490319,61,513042
Swee Yang Yeow,6,16,89835,59,224015
James Kennedy,6,16,1620386,58,168688
Włodzimierz Męczypięta,6,16,79863,58,189947
Deniss Maksimovs,6,16,8089,58,365720
Ovidiu Lucian,6,16,7886,57,21723
Tom Lasparini,6,16,330131,56,494732
James Morris,6,16,2574,55,159377
ALAN DAY,6,16,1870022,53,369933
Duncan Burman,6,16,1805867,43,599783
Jaakko Hokkanen,6,16,10776,42,3850327
Divyansh Bhatia,6,16,26722,31,3421278
Peter Benson,6,16,672991,6,10708997
Jahn Oscar Staff,6,17,127717,84,2583
Nick Bengtson,6,17,1630837,74,27516
Peter K-H,6,17,3555234,73,13759
Joel Newman,6,17,25217,70,113667
Oliver Simpson,6,17,5344075,66,95577
Dax Cottam,6,17,1963177,64,93730
ankur tandon,6,17,2134133,60,712238
David Claase,6,17,12258,58,11801
Sng Junyang,6,17,4745,57,582190
Ciaran Shanley,6,17,149647,56,433596
Jay Bansal,6,17,9447,53,1314990
Marko Vićentijević,6,17,2700976,52,1048395
Robert G,6,17,2227,51,815267
Gideon Nsiah,6,17,3704831,50,223573
Per-Axel Giertz,6,17,654245,48,982016
Joseph Allegretti,6,17,681699,46,581018
Kingsley Bailie,6,17,6354592,46,1099105
Keiran Morris,6,17,586854,45,282418
Neil Preston,6,17,3262310,44,451057
Sashin Chetty,6,17,2315902,29,1451183
Oliver Lanneberg,6,18,326459,79,112556
David Hale,6,18,2202712,70,9897
Kalon Wright,6,18,266234,69,38625
Richard Ha,6,18,205527,65,93109
Muhammad Dali,6,18,1646538,63,56867
Calum Langan,6,18,21643,62,92921
darren ruxton,6,18,674857,61,59413
K D,6,18,1176377,61,178855
dan burden,6,18,2089890,59,91874
Krzysiek Zajecki,6,18,63594,59,262441
Johan Olsson,6,18,362660,57,102312
Isaac Woolner,6,18,484991,57,246019
Bill Hallett,6,18,2336464,52,289818
Adrian Formoe Zeka,6,18,305805,51,119006
Chris Moore,6,18,1033,47,467247
Fridolf Östblom,6,18,7154920,47,485008
Beem Kanhakhun,6,18,6033343,47,673473
Jeff Ryan,6,18,393292,43,951889
Pete Killeen,6,18,34329,42,675311
Paul Nicolas,6,18,1509717,37,905177
Lennox Desborough,6,19,17086,82,10876
Turtle Bear,6,19,1124,76,737534
Sanjay Lalwani,6,19,69641,73,236287
Andy Short,6,19,283584,68,103156
Mike Finn-St James,6,19,316996,66,167619
jonas rosell,6,19,612131,66,665539
Bernd Meyer,6,19,696082,60,256832
David Page,6,19,3386974,59,598159
Ville Annunen,6,19,2826634,59,642372
Craig Perrin,6,19,3301,58,219596
Harry Tennant,6,19,13247,56,96551
U9ly Kw4n,6,19,5815136,54,87198
Thomas Buckman,6,19,10836,54,184325
Ronan McGrann,6,19,7735159,51,3957672
James C,6,19,111149,50,49894
Jamie Ayers,6,19,27562,47,1354856
Dan Bowen,6,19,59784,40,623323
Ian Lamerton,6,19,61622,37,4007380
Marcus Tan,6,19,6012544,36,681566
Julius Judah,6,19,4447,35,2220420
Chris Hayes,6,20,55927,81,15059
Neil Reynolds,6,20,19671,73,126787
Y SP,6,20,2462928,72,24979
Per Sigve Eikenes,6,20,521589,71,88816
Tony Earnshaw,6,20,265790,67,43778
Ryan Paddock,6,20,626850,67,172917
glenn loite,6,20,128105,65,26704
Vasco Conceição,6,20,2567437,63,492869
CFC Rabbit,6,20,5690853,61,85843
Todd Byerly,6,20,174293,60,91094
Junyu Zhu,6,20,1959401,56,142912
Jose Ayora,6,20,3291855,52,1471262
Tarek Kira,6,20,20387,46,724513
George Hagivreta,6,20,16111,45,340438
Migs Antun,6,20,272011,45,705916
Tom Parkinson,6,20,638720,45,1267468
Melvin Tromö,6,20,580433,43,3499428
Matthew Pouncey,6,20,37879,42,788833
John Targett,6,20,19039,41,2936713
Mun Ian Chan,6,20,347499,36,1076423
Henrik Palm Strand,6,21,5874,78,30162
Rui Vicente,6,21,20839,78,54295
jake pains,6,21,2394773,67,79479
Ben Thompson,6,21,1788449,67,128740
Ryan TMGB,6,21,675996,63,225048
james pitcher,6,21,1443066,61,65744
David Paynter,6,21,6948065,60,324660
Kushank Mishra,6,21,7938720,60,572149
Chris Harrison,6,21,664829,60,1372118
shuaib loubscher,6,21,47457,59,618819
Lahiru Hapuarachchi,6,21,734607,58,243545
Max Hansson,6,21,3638240,58,1826809
Igz $,6,21,11108,57,205777
Ken Atkins,6,21,19760,57,357116
Mario Mirkovic,6,21,117248,49,1738332
Lenny van Gessel,6,21,873755,48,930802
Jon Campbell,6,21,21580,46,553575
Paul Kennedy,6,21,4736559,43,4105585
Jayesh Padlekar,6,21,149214,33,1516634
Angelos Poly,6,21,7145251,31,6711884
James Williams,6,22,111199,83,1636
Noam Jacobi,6,22,48464,74,84683
Figo Saxa,6,22,429212,69,36764
John Gadd,6,22,24906,66,422357
paul kaye,6,22,232520,63,313473
Patrick Winterbottom,6,22,126815,61,165082
Matt Studdert,6,22,28387,61,423578
Fred Berrington,6,22,572107,60,553271
Reuben Cox,6,22,290912,57,558697
Mouad Aderraz,6,22,329333,55,596711
Sasitaran Sastry,6,22,2860,54,158337
Mengai Radu,6,22,44008,53,278102
Martin Sahlin,6,22,434766,52,579355
William Garrison,6,22,2836253,50,160206
Miljan Hiršl,6,22,795978,49,847708
Sean Johnson,6,22,25747,49,1639706
simon jones,6,22,1270632,48,107306
Gwion Dafydd,6,22,127113,42,1509123
Michael Jackel,6,22,2743425,42,1723795
Ken Naunton,6,22,6042,39,490247
Tavish Bhagat,6,23,121098,80,3914
Vegard Skog,6,23,950651,65,104647
Chris Rigden,6,23,461839,64,95122
Michal Moczydlak,6,23,1464872,64,159928
Miroslav Basarić,6,23,45145,63,75874
Michael Peeters,6,23,211720,62,201465
David Rhodes,6,23,13905,62,575500
Adi B,6,23,618056,60,1726451
Fredrik Drægebø,6,23,20,58,225934
Roar Samuelsen,6,23,164385,57,97627
Christoffer Ripegutu,6,23,5468888,56,472540
Barry Whenman,6,23,37794,54,440147
Seán Murray,6,23,2122137,53,904885
James Brockington,6,23,763382,52,819151
David Peres,6,23,134211,51,322053
iain henderson,6,23,1006370,49,500469
Ole Petter Hobbesland,6,23,3250878,48,858890
Toby Bryant,6,23,22401,48,4567542
Stefan Latinović,6,23,310211,46,975466
Janne Turtiainen,6,23,1750590,39,1052544
John Samoryk,6,24,503750,71,55049
Colin Innes,6,24,392,70,8559
Anthony Crocker,6,24,101792,70,208330
Abinesh Kumar Kar,6,24,49407,64,71330
Jonathan Cohen,6,24,20176,64,90149
David Squires,6,24,18553,64,1180551
Aled Wilcox,6,24,37457,63,20241
Preben Mathieu-Bjerke,6,24,116798,60,198996
T K,6,24,63820,56,775193
George Stephens,6,24,289858,56,784665
Sean McGing,6,24,14319,55,204855
Stuart Bulley,6,24,37680,52,117118
Mark Cahill,6,24,65863,51,105302
Jeremy Rowe,6,24,228669,51,841667
David Maw,6,24,1343,49,591928
Mohit Gang,6,24,4225396,49,600616
Ben Harrison-Hyde,6,24,90430,47,766129
Andrea Citta,6,24,301918,47,1182210
Finnbogi Laxdal,6,24,1064014,44,1095569
P J,6,24,864033,44,1273720
Tyrone Jacobs,6,25,87234,79,13829
Ankit Chitnis,6,25,1794,73,5864
Józef Filiński,6,25,7767,68,43778
Dylan Trant,6,25,30786,67,478985
Jesper Dalager,6,25,159919,66,225653
Gareth Aspden,6,25,1138672,65,192554
James Hayes,6,25,3124575,61,586089
Johan Lindblad,6,25,68180,57,230092
Paulo Cancela,6,25,6053814,55,289475
Darren Whalen,6,25,620658,55,766610
Mike Payne,6,25,516996,53,51405
Aniket Mukherjee,6,25,68498,52,253020
Ikhwan Aryandi,6,25,114036,52,1202221
Phil Bousfield,6,25,2486436,51,1716059
Tony KWAN,6,25,39057,50,172489
Joachim Gahrsen,6,25,3818932,49,1326872
Simon Brouckaert,6,25,6399636,48,891411
Kevin Horan,6,25,2357351,48,4995801
Ravi Chandra,6,25,5539478,46,1115813
Kimi Ahtinen,6,25,4703820,33,2431300
Nigel Bolton,6,26,8194,80,5590
Lâm Đào,6,26,110878,72,747424
James Harrison,6,26,32953,69,198374
Geoff Stewart,6,26,132852,63,182517
Mick Adams,6,26,4525864,62,300405
Andrew Newsham,6,26,183587,60,154513
Mohammad Parvez,6,26,11904,60,630835
Roger Butler,6,26,1780255,58,715353
Hersh Patel,6,26,118530,56,634949
Richard Williams,6,26,158385,55,548296
Joe Kavanagh,6,26,283023,54,212672
Ruairi Mitchell,6,26,451504,54,524830
Sigve Rørstad,6,26,354833,54,654587
Ace,6,26,2266360,52,172917
Wayne Cox,6,26,197025,51,371679
Andy Rob,6,26,2460506,51,544694
Tom Phillipps,6,26,1062277,48,446504
Gerry Kerley,6,26,129013,46,1046231
Lee Heron,6,26,163226,45,235540
Peter Stein,6,26,4443618,43,850241
Darren Teague,6,27,1516922,69,55406
John McCall,6,27,595712,69,60903
Marc White,6,27,7255,66,1301649
Andreas Olofsson,6,27,783963,64,301684
Steven Russell,6,27,96853,63,44756
Žarko Marković,6,27,195976,61,253020
Sivert Helgesen,6,27,73410,61,293558
Josh Waidley,6,27,741268,60,129310
Edward Cates,6,27,4334870,60,165675
Christopher Gallivan,6,27,267543,60,240019
Ross Harper,6,27,1558218,57,504606
Lars Erik Johansen,6,27,4050676,57,1666181
Alex J,6,27,2861,57,4072096
Andy May-Heggie,6,27,2965593,54,400869
Filip Cvijetic,6,27,4786724,52,404783
Kevin Latham,6,27,5043064,52,473303
Vegard Tapio,6,27,1398640,51,435989
nikhil tyagi,6,27,312036,46,3139060
Renato Gvozdanović,6,27,5650033,45,963977
Timothy Kahwai,6,27,676768,31,3605715
Rhys Morgan,6,28,6156118,70,375665
Marko Krstic,6,28,216323,68,67459
James Allen,6,28,3218992,68,277746
Richard Luff,6,28,158982,65,515292
Rodney McCain,6,28,132008,64,483357
Usman Abbas L,6,28,2494606,63,77654
Brian Cuffe,6,28,179407,62,29104
Nigel Bennett,6,28,87809,61,299543
Steve Etheridge,6,28,236129,60,424806
To Lima,6,28,6059527,57,264279
David Lyons,6,28,1366751,55,622590
Tobio Taiger,6,28,2375,55,666622
Edwin Habicher-John,6,28,5529,54,356559
Keenan Human,6,28,4250917,53,596711
Wasim Tabakh,6,28,3746031,52,1003361
Greg O Mara,6,28,354729,51,147256
John Dixon,6,28,1073781,45,1257499
Adam Pace,6,28,53272,44,1014632
Volodymyr Klyuka,6,28,332547,42,1003963
City G,6,28,257947,38,1682229
Kiran Chopra,6,29,2542265,67,157665
Ryan Berger,6,29,162140,67,378844
jeff oodian,6,29,1873329,67,715353
Ski House (Nitish),6,29,17905,66,154779
Salvador Leong,6,29,280209,66,163827
Ray Neeve,6,29,657083,61,347697
Leo Darutto,6,29,20451,61,421864
Tim Winstone,6,29,203256,61,756127
Louis Dewhurst,6,29,5108255,60,30242
Tapobroto Sarkar,6,29,2484,58,31902
Jien Chew,6,29,2553822,58,358569
Tom Baldwin,6,29,3996006,57,92921
Pedro Cruz,6,29,2675241,57,282827
Aditya Kumar,6,29,1800770,55,147416
Jon Nash,6,29,115212,51,565833
Salik Warsi,6,29,295777,50,768856
igor varga,6,29,33641,49,575557
Greg Jacobs,6,29,196902,46,199506
Bury Boy,6,29,3963406,45,718464
Oleksiy Pawlowsky,6,29,2572376,27,3878500
Nigel Hadley,6,30,1083478,74,14113
Stephen Diamond,6,30,512777,72,108777
Andrew Campbell,6,30,453420,71,99650
Andy Haig,6,30,290011,71,435989
Chris Ruemmler,6,30,356617,68,75522
Rhys Miller,6,30,14069,68,409814
Chris Williams,6,30,1948,63,155268
Paul Wrona,6,30,181389,63,273675
Jai Hiranandani,6,30,3140413,61,331713
Johnny Guerrero Concepción,6,30,24123,60,326214
Harry Higgins,6,30,531775,56,374628
Jørgen Skjånes,6,30,4840031,51,3241979
Ikenna Onyekwum,6,30,30138,50,500882
Prasanna A,6,30,428069,50,521574
:Michael-John Master,6,30,697030,49,580461
Cathal Byrne,6,30,2753495,47,374159
James Suggett,6,30,1157631,46,492869
Michał Łabędź,6,30,634047,42,1523199
Adrian Sansom,6,30,1273423,36,1675665
Karl Georg Øhrn,6,30,2552414,24,8720522
Arnór Sindri Sölvason,6,31,25140,81,7860
Ryan John MacKenzie,6,31,322331,74,14571
Richard Westcott,6,31,426515,73,136214
Nathan Jeffrey,6,31,3938,70,584523
Magomedali Gasanov,6,31,604532,66,344201
Aref AlHammadi,6,31,8128175,62,26454
Rob Marriott,6,31,87548,62,1124464
Åsmund Bjørkøy,6,31,31382,58,708864
Gustav Olbe,6,31,552056,57,113116
Kasper Pohjoiskoski,6,31,5434504,57,390677
Richard Anderson,6,31,1500479,56,543485
Martin Kaplan,6,31,4897,52,359025
Predrag Petrovic,6,31,627580,51,432566
Ming Song Chua,6,31,787175,51,1111486
Yoyo Toure,6,31,156318,51,1467280
Stephen McAleer,6,31,11930,50,499522
Luis Teixeira,6,31,636038,44,1206089
Mark Lloyd,6,31,393830,40,1610141
Brendan Walsh,6,31,29334,38,665087
Max Rogan,6,31,1978321,33,2705582
Sebastian Cornejo,6,32,31679,85,13342
Simon Linford,6,32,1563,81,16279
Luke Jones,6,32,2534,76,208330
Hiroyuki Mori,6,32,670261,69,261019
David Stefansson,6,32,2140569,68,37397
Bishisht Shome,6,32,3911915,62,247698
Adrian Devenney,6,32,648111,61,272501
Elias Lehtonen,6,32,1697100,60,364433
sharan sanil,6,32,8612,56,353930
Paul Whittenham,6,32,563101,56,384942
Can Danışman,6,32,796954,55,405775
Sean Flynn,6,32,3132145,55,620624
Per Loholmen,6,32,1334727,51,1970535
Julian Fortuna,6,32,24351,48,218607
Amerjit Singh,6,32,5628,48,858326
Sugaraj Jode,6,32,2875476,47,1220303
Johnny Paterson,6,32,41181,44,306974
Kerry McCarroll,6,32,442824,43,316099
Johnny Nguyen,6,32,5979511,40,1576181
Rehman Kassam,6,32,6226094,20,6968261
Francisco Fernandez,7,1,11625,75,10652
Alex Buckingham,7,1,78531,69,12992
Adam Seekings,7,1,80298,68,79829
Miguel Galán,7,1,6564,67,64299
Ian Parrin,7,1,11143,66,62877
Danny Brown,7,1,1442344,64,144894
Abadi Issa,7,1,6401,63,135967
Joe Kneidel,7,1,964241,62,67796
dominic starr,7,1,996472,60,366465
Rasmus Andersson,7,1,731004,56,201954
Jari Loikkanen,7,1,951804,53,1283521
Mithun Karsandas,7,1,2581261,51,119006
Lucy Kember,7,1,5864,51,401985
Bivash Kumar,7,1,17744,51,477190
Will Walker,7,1,35245,48,1349169
Kenneth Xu,7,1,1256455,47,568112
Daniel Gottlieb,7,1,2381024,47,767041
James Brogan,7,1,7696839,45,722867
Chris Bell,7,1,695059,43,759820
Andy Buckle,7,1,33327,41,897553
Matt Heldt,7,2,236,78,196450
Eric Nylander,7,2,54027,66,158337
Paul Walker,7,2,3804682,65,369508
Marc Davis,7,2,11387,65,594057
Rainy ~,7,2,76523,64,650992
Luis Montenegro,7,2,4061016,63,354763
Lee Murphy,7,2,26773,63,1539494
Rickard Bergerson,7,2,1045714,59,2097428
Phil Clark,7,2,1312031,58,231756
George Beer,7,2,1528822,56,208330
The Special One,7,2,1814769,54,623084
Ole Henrik Vigdal,7,2,388746,53,355662
Bird jr,7,2,4901226,52,956780
Matt Wroe,7,2,3806675,52,1804185
Tom Webster,7,2,55448,51,359447
Nancy Russell,7,2,49574,51,935368
Marc Carter,7,2,487238,47,1240873
Nikolas Iakovides,7,2,1188094,45,907514
Callum Clark,7,2,731428,45,3179485
Timon Orlob,7,2,1301681,41,1369591
Nicholas Shawyer,7,3,8421803,77,38973
Robbie Banks,7,3,514578,73,124926
Johnson Adeleye,7,3,3298172,70,305687
Joshua Riley,7,3,4099515,64,302476
Douglas McArthur,7,3,528980,63,218031
Simon McCallion,7,3,137710,63,243925
Tom Ellam,7,3,3644305,61,185464
Chris Hawes,7,3,19916,61,274779
Paul Tern,7,3,840868,60,252255
Alistair Britton,7,3,12859,60,371426
Cathal Devilly,7,3,140978,60,602105
Mike Adamou,7,3,401196,57,158337
Matias Lavik,7,3,2052153,57,1648466
Russ Kitson,7,3,2021253,48,677743
Mithun Varkey,7,3,26444,48,2117471
Alex Pocklington,7,3,14341,46,2893944
James Zhao,7,3,310336,43,602105
Dennis Patrick,7,3,77789,43,1394039
Philip Peker,7,3,3439152,42,2118049
Roel Hendriks,7,3,14636,36,2171495
Sunny H,7,4,200422,85,544
Peter O'Reilly,7,4,707469,77,268619
Richard Wynne,7,4,2240560,75,15726
Frank Traynor,7,4,1586869,69,103369
Adam Sibley,7,4,6820628,69,339734
Mark Hammond,7,4,1745329,66,15563
brannon heath,7,4,1792545,61,311037
Димитър Димитров,7,4,182924,61,596941
Pierre van der Westhuizen,7,4,1401988,57,214498
Lee Farndell,7,4,25049,57,255605
Martin Primov,7,4,18990,56,298673
Donato Di Cicco,7,4,461864,55,475429
Stephen Browner,7,4,128733,52,81322
Bryant Ndongmo,7,4,3343417,51,112074
Jace Cochran,7,4,5413198,51,987014
James Rymer,7,4,777878,48,735003
Cupid Stunt,7,4,2577771,39,1406058
Kyle Zheng,7,4,2606586,39,2100932
Adrian Kozera,7,4,254485,36,2390428
Roy Merin,7,4,7642718,29,3934043
Huy Nguyen,7,5,4230,77,7241
Riza Rekta,7,5,7838658,72,36323
Mick Webb,7,5,2878538,69,90608
Saurabh John,7,5,13531,68,161307
gareth edser,7,5,279515,64,14483
Mr. Jenkins,7,5,13346,63,1443950
Phil Johnson,7,5,12180,61,226827
Andrew Marriott,7,5,3289570,60,897456
Tristan Hill,7,5,1470926,59,79347
George Davison,7,5,4497485,59,355905
David Thomas,7,5,714,58,247698
Presten Vaz,7,5,898703,54,64476
Nick Mullendore,7,5,2637613,53,1134559
Cassie Bradbury,7,5,137978,52,286669
L D,7,5,2273503,45,1057647
Joe Dolling,7,5,4199673,45,1292806
Stephen Tobi Lawal,7,5,29793,44,1677382
James Villet,7,5,27022,43,2587087
Colin Nicholson,7,5,257647,39,1107303
Erwien Asmara,7,5,165152,38,2290142
Pekka Piippa,7,6,166126,73,129543
Tomas Galkus,7,6,5185,71,257802
Jacques Steyn,7,6,251171,70,181722
chris bridgland,7,6,1893749,69,608271
Yash Lalai,7,6,1504723,67,670913
Mohd Hafzan,7,6,42937,63,88737
Ahmad AlSharhan,7,6,8010037,61,338916
Marie Cullinane,7,6,1112694,58,514381
Agung Rizqi,7,6,6617904,57,527810
Glenn Holmes,7,6,2295953,57,947458
Koh Peter,7,6,1274930,53,202416
david wilson,7,6,262503,52,74429
Ben V,7,6,268725,52,310587
Neil Kimpton,7,6,19303,52,670251
Håkon Randgaard Mikalsen,7,6,5747650,49,583066
Val Kenny,7,6,1292201,49,1636119
Danny Farndon,7,6,244916,47,5758088
Kristian Kruse,7,6,3930180,46,348151
Jonathan Curran,7,6,2998477,42,1738332
Vice Ivandić,7,6,5953846,42,1924223
Philip Hammarström,7,7,2063001,72,34238
Calvin Waldron,7,7,175319,66,140592
Kevin Carter,7,7,24208,66,142372
Virman Man,7,7,1960778,63,380791
Justin Morris,7,7,3519368,62,226166
Lachlan D,7,7,685835,62,284409
Adam Vale,7,7,154132,61,354763
Tim Barlow,7,7,599313,60,455278
Rob Williams,7,7,945893,60,1187439
Joe Dower,7,7,12795,54,483591
Børge Hov,7,7,87357,54,1089214
Nicolas Rodriguez,7,7,2738868,54,1422953
Glenn Ormandy,7,7,3319936,53,1027681
Simon Frankland,7,7,2248572,53,1960394
Pamungkas Banjar,7,7,6277075,52,826365
Colm Moore,7,7,1420581,51,1352907
Peter Jennings,7,7,15126,51,2034087
SEGUN FAKAYODE,7,7,4914774,49,1371242
James Turner,7,7,359060,49,1578859
Luke Gilks,7,7,23193,42,917411
Giorgi Makharadze,7,8,1403466,68,52880
John Mann,7,8,3014562,67,97174
Mr Joke,7,8,4056111,67,262441
Sean Cameron,7,8,771878,66,326945
Ian Broome,7,8,520674,64,110897
Raïsh Ganpat,7,8,7732,63,14784
Steven Slowther,7,8,322367,61,95819
Asif Akber,7,8,2522915,61,226557
Fraser Tait,7,8,231360,60,188235
Tom Brockington,7,8,1758374,59,749894
Alex Salomon,7,8,120391,59,1366062
Niz Patel,7,8,438362,58,104534
Chris Petrefski,7,8,2871650,55,1586418
Issam A.,7,8,138726,54,254824
Patrick Moon,7,8,139403,52,302846
Matt Fookes,7,8,6820,49,875200
grzegorz szot,7,8,642531,49,905431
Michael Inns,7,8,498938,48,273085
Dustin Bechere,7,8,476792,48,1076863
Toma Radalj,7,8,2353735,21,7840989
Jack Austin,7,9,2305491,76,105721
Derek Hull,7,9,925700,75,91683
Cian O'Connor,7,9,22899,64,80110
Ayan Sengupta,7,9,799740,64,641171
David Tayler,7,9,4754775,63,249977
Paul Shaddock,7,9,3307795,60,728890
John Mernor,7,9,3109,58,623664
Stevie Pooja Gerrard,7,9,6632788,58,1996311
Jon Arnason,7,9,106411,57,229079
Shafwat Adnan Alam,7,9,2214201,57,2566823
Ali Yousefzadeh,7,9,1004281,55,416400
Damien O'Neill,7,9,11626,55,586904
Steven Mayfield,7,9,341286,54,1507374
Steve Brown,7,9,28215,53,224717
Lee Walker,7,9,290070,52,392876
Jay Hirani,7,9,1567091,52,806765
Siddhartha Bhavnani,7,9,3683,51,2492147
John Dineen,7,9,309542,45,1246572
Dylan Bowe,7,9,45402,43,5949040
Jack Thuta Tin,7,9,4550374,42,1492049
Ahmed Mukhtar,7,10,349254,76,16004
Andrzej Ameljanczyk,7,10,24422,70,85283
Fergus SG,7,10,297084,68,207866
Allen Schaefer,7,10,939105,65,60375
Rajvardhan Kavi,7,10,28491,65,398114
Aidan Grant,7,10,8780,61,163065
Sully Dino,7,10,4335178,61,483591
Václav Doubic,7,10,3175,60,405300
Ryan Shivashankar,7,10,2719,60,477923
tony crowther,7,10,453625,60,1155527
ian donaldson,7,10,4232216,57,37397
SongPhuc Nguyễn Đoàn,7,10,3369,56,76405
darren sharp,7,10,91069,56,504024
Zia Shams Sakib,7,10,3985651,50,1542498
Curtis Chan,7,10,8279523,48,630835
suny tyagi,7,10,2381064,48,1995612
Kofoworola Olatunbosun,7,10,5653994,46,913881
Ollie Keene,7,10,55566,46,1363539
Filipp Fil,7,10,37844,41,733584
Rafael Begazo,7,10,532701,32,6760273
Md Amaan ur Rahman,7,11,1997523,90,8067
Boža Podunavac,7,11,1035767,81,352552
Pranjal Das,7,11,678243,79,4475
Aarush Jamadar,7,11,10970,63,46855
Andrew Lambert,7,11,18385,63,241869
Kalnis Kalnis,7,11,186289,61,96146
David Berry,7,11,17359,61,134708
Anthony Roots,7,11,26282,60,82395
Baron Von BlondeLox,7,11,530084,59,368604
Samuel Scott,7,11,1256291,58,20516
Arvind Ganti,7,11,91952,58,1422056
Kellie Gallivan,7,11,2681979,55,112074
Ketan Chopra,7,11,51892,52,291781
Ricardo Baresi,7,11,122416,52,344981
Richard Rodgers,7,11,685343,52,1260689
Mr. Alan,7,11,5690803,47,827530
Rob Martin,7,11,6768,39,1052544
Lee Cook,7,11,6527033,36,4056015
Sanjay Dangol,7,11,6284051,35,5429745
Islam Khouni,7,11,45336,27,7343980
Jesper Rydh,7,12,1586,78,44883
Greg Young,7,12,125281,75,457324
Glenn Matheson,7,12,145233,69,90743
Karl Walker,7,12,1742786,69,304273
David McQueen,7,12,2625395,67,275950
Wawrzyniec Slusarczyk,7,12,6338950,66,100185
Joakim Viheriä,7,12,339825,63,648493
Thomas Tunstall,7,12,313724,61,206219
Tomas Kulbak,7,12,470875,60,1023109
Jan Remi Nilsen,7,12,1528635,59,93109
Patrick Dean,7,12,2826258,57,377638
Hayden Gray,7,12,6188,56,724513
Andrew Frost,7,12,624623,54,792170
Strahinja Lukovic,7,12,1071040,50,2199338
Tom Laxton,7,12,4527065,48,421318
AA33 .,7,12,14150,46,3800894
Ray Gardner,7,12,2027281,42,1450852
Eraldo Di Muro,7,12,4596433,41,3160612
Tony O'Donovan,7,12,444071,40,2251266
Michael Neave,7,12,7341430,33,6068924
Joel Philpott,7,13,273393,77,19792
Frederick F,7,13,65080,71,87058
Tim Allstrin,7,13,92759,67,1437996
Cesar Jr,7,13,602784,64,91290
Johannes Åkerøy,7,13,587130,60,141152
Michael Kennedy,7,13,7347816,60,481070
Chrisy Hagan,7,13,2449948,59,1238232
Ajayi Favour Ayomide,7,13,23203,58,115224
Kavi Raja,7,13,67448,57,854352
Mark Davis,7,13,196779,57,952028
Danny Reeves,7,13,7725,54,123786
Tore Flo,7,13,11769,54,745335
Anthony Foo,7,13,88547,54,1290072
Juan Laborde,7,13,199342,52,1550469
Jason Desouza,7,13,94360,51,394101
Chris Atkinson,7,13,3818497,51,1402845
Cláudio Silva,7,13,416090,47,1384224
Nishant Didar Singh,7,13,139047,45,188972
David Wallin,7,13,156684,45,1867098
Gerard O'Reilly,7,13,216949,44,1860992
Andrew Rink,7,14,231271,81,8960
Jonathan Pacey,7,14,5373472,81,91496
Dion Ng,7,14,1059147,75,131442
Damien O'Brien,7,14,3572371,72,183140
John Morén,7,14,493852,69,610659
James Clayton,7,14,104204,66,241397
Matthew Fiveson,7,14,3534481,60,347697
Lionel Jacobs,7,14,550464,60,455784
Alan Harte,7,14,13221,59,17242
Steve Morrison,7,14,239108,59,2841275
Tom Petchey,7,14,1307,57,483098
Zico Zirkzee Martial,7,14,7408,55,840488
Gary Wright,7,14,510036,55,1105991
Liam W,7,14,5604407,53,957321
Chirag Shah,7,14,2709633,52,970691
Bharat Phukan,7,14,72103,41,1340262
Robert Jeffreys,7,14,661683,38,1686461
Ali Hashem,7,14,4239258,37,5911780
Ryan Chan,7,14,5973569,33,4513946
Tom Harris,7,14,157058,29,4884258
Ben Gould,7,15,4318990,77,17304
Alan Dyer,7,15,5878,71,3531
Laurie Stein,7,15,1398626,69,257018
Gideon Gyamfi,7,15,273831,67,222301
Sam O'Sullivan,7,15,24141,65,296284
Natapon Akomsoontorn,7,15,419225,63,25572
Gareth Lyons,7,15,368477,63,42315
Alessandro Nesta,7,15,444007,63,609461
Patrick Linnane,7,15,410095,61,285120
Ahmad Shariff,7,15,523535,61,336822
Adam Szymon,7,15,144439,59,6147
Lee Blannin,7,15,551595,58,164825
Adeniyi Adeshiyan,7,15,3244675,57,203135
R J,7,15,7444138,54,213188
Nell Lakey,7,15,7960811,53,1446844
einar eiriksson,7,15,3265292,46,2622321
Adam F,7,15,3131,43,420821
Manan Chheda,7,15,2410,40,531377
Isobel Triggs,7,15,6224327,39,671514
Paul Mitchell,7,15,1409545,21,5605982
Saido Mohamed,7,16,34597,75,6045
Per-Åke Franklind,7,16,469964,75,432566
James Long,7,16,265986,72,436321
Jason Roberts,7,16,461199,66,28143
Denver Slowther,7,16,538368,66,124006
Reilly Sims,7,16,1193852,62,236287
Will Lobley,7,16,432854,62,386010
Vegard Sines Petersen,7,16,1141620,61,173353
Jason Kong,7,16,2423888,59,440147
Richard Emerson,7,16,85359,58,62734
Alex Rozynski,7,16,564424,57,276315
Daniel Hernández,7,16,2832724,57,1875895
Chris Barnett,7,16,557049,56,210382
Alex Bromley,7,16,2468176,54,293168
Jay Lim,7,16,2863,52,1209035
Artyom Mischuk,7,16,2081193,51,1109987
Piotr Szczepkowski,7,16,1447182,49,353467
russell yeboah,7,16,408888,49,1760384
Paul Byrne,7,16,3776187,30,1072462
Tobias Johansson,7,16,246363,18,7332721
Vladislav Pirinski,7,17,185763,72,15018
Samuel Chong,7,17,351676,70,188235
Phil Bazley,7,17,9336,69,55666
Rik Andrews,7,17,2229,68,181436
Michael Lydon,7,17,5622612,66,238942
Dave G-J,7,17,2700109,66,641807
Ivan Donchev,7,17,901972,64,335634
Sultan alsalahi,7,17,118880,63,567945
Ben Poulton,7,17,748829,60,58681
Mosope Adeyemi,7,17,397118,60,420084
Jude Rosli,7,17,2417588,54,1384834
Martin Jones,7,17,1218121,54,1513650
Ross Donaghey,7,17,950543,52,1245806
Dan Frost,7,17,362942,51,408439
Stuart Parr,7,17,3072329,50,209513
Jesper Lindahl,7,17,219483,48,277746
Mr Beresford,7,17,96280,48,773101
adam limmer,7,17,234331,43,1775327
Mithilesh Palegar,7,17,6939581,42,993072
Martin Lilov,7,17,1574269,36,1635126
Saqif Shams,7,18,947612,72,93921
Brayden Dilley,7,18,1934500,69,117689
Dean Ade,7,18,766253,66,269883
Kristoffer Nesvik,7,18,1478053,64,38810
Sourya Ghosh,7,18,1005781,64,1679007
Nishat Chadha,7,18,1607435,63,338916
Ronny Herdlevær,7,18,28291,63,666918
Pete Bell,7,18,822089,60,598159
Vladimir Stojiljković,7,18,6532580,60,1201323
Dale Soney,7,18,5136908,58,1160843
Jake Visser,7,18,3402482,58,1852467
Ahmed Elhedeny,7,18,4275320,57,556951
Ollie Kitson,7,18,7607,57,786264
Teemu M Määttä,7,18,208466,52,1752047
Joe Morrin,7,18,4618793,51,1179301
Giorgio Carfagna,7,18,2719511,51,2211766
Cath Hudson,7,18,1760311,48,1378162
Barney O'Gorman,7,18,146686,42,1349480
Tom Hendryk,7,18,2761426,42,5268058
Cal Stoffel,7,18,291161,38,1769802
Mohamad Abou Salem,7,19,2742478,78,55406
Sam Page,7,19,668497,66,695088
Bobby Kavanagh,7,19,43417,65,293558
David O’Donnell,7,19,1815345,64,171121
John Collins,7,19,2666176,61,553867
Souradeep Chandra,7,19,426073,61,580138
Matthew Moore,7,19,2703103,59,83776
Serhiy Diachenko,7,19,172204,59,428380
Billy Boswell,7,19,2649129,58,326945
kareem kahil,7,19,281128,57,149902
Andrew Kobal,7,19,843274,57,1084060
Muhd Firdaus,7,19,4550830,57,1217895
Janet Bayfield,7,19,369260,55,240347
Darren Thomas-Frederick,7,19,2897892,51,393605
Yunus Shawwal Ibrahim,7,19,767504,50,1347129
Joe Brewin,7,19,5039367,48,2498634
Anthony Mason,7,19,492876,46,1344484
Lar Doyle,7,19,2285304,46,1589006
David Fraser,7,19,610942,45,1614530
Ross Allen,7,19,550940,43,719720
Brad Wilson,7,20,768969,77,447142
Brett Woodward,7,20,15073,75,18501
Fiyin Doherty,7,20,660050,73,87058
Siddharth Madaan,7,20,1402246,69,152243
Jason Allen,7,20,94498,64,48933
Sanchit Suri,7,20,10356,64,57917
Reg Brine,7,20,477196,64,475429
Sonni Moorley,7,20,4181,61,29327
Musa Ogunsolu,7,20,1121301,60,285430
Shaun McGartland,7,20,780272,60,485088
Neil Fryer,7,20,163996,57,226388
Mark Whelan,7,20,7246644,57,879430
Alex Arblaster,7,20,2901634,54,123786
JOHN JACK,7,20,1280323,53,793363
Jayme Junior,7,20,5129557,52,4545512
Dennis Karanja,7,20,1655451,46,849673
Jay Eden,7,20,201490,43,1852467
RFS 352,7,20,646279,42,3198941
Prap kimprenk,7,20,3986063,39,1020157
Patrick Stack,7,20,8451653,24,7827259
David Schliecker,7,21,2316285,76,86042
shagaire welsh,7,21,19135,75,40037
Atul Krishna Kumar,7,21,100905,73,19497
John Quinn,7,21,8259291,70,3660
Reagan NA,7,21,8255581,70,18630
Victor David,7,21,4893925,69,434499
Anton Landaburu,7,21,3305984,68,234693
Kevwe Fadahunsi,7,21,6565,67,130167
Phillip Smith,7,21,400718,63,208330
Jamie Davis,7,21,620203,60,401645
Mark Currie,7,21,973222,57,430032
Zlatko Omanović,7,21,3415598,53,893395
Lino Mališa,7,21,648710,51,1227481
Laurence Dicks,7,21,3241668,51,1297377
Sezy Bandaranayake,7,21,315723,49,795627
AIMEUR Karim,7,21,297532,42,1160012
Obafunmilayo Olamilekan,7,21,164006,39,603149
John Illidge,7,21,13862,39,2133090
Roddy Byrne,7,21,1890535,36,2496482
Darrel Whitworth,7,21,332390,27,1282968
Hermann Hjartarson,7,22,225488,73,133153
Jeremy Rowe,7,22,106893,72,31193
Brendan Murray,7,22,3604306,69,45954
Mr. Eagle,7,22,118735,68,76132
Christopher Hilbig,7,22,159081,64,509438
Kenneth Wilson,7,22,33553,63,689333
Keith Ledger,7,22,14869,62,153702
Oscar Ferrer,7,22,2873242,61,40601
Guy Manuel,7,22,4096710,61,1782530
Viktor Aleksander Østgård,7,22,144640,58,92402
Darren Nicholls,7,22,41951,57,126787
Kamol Sriwijit,7,22,40114,57,397565
Neil Atkins,7,22,633215,56,1083007
Aidan O'Boyle,7,22,5200,52,152243
Gregg Stevenson,7,22,580156,51,214498
Alan Chan,7,22,373397,50,127802
Alan Smart,7,22,1089377,46,2251266
Ivan Mijatovic,7,22,6103167,45,90893
Hussein Imam,7,22,693148,39,1959729
Michael Clark,7,22,519567,25,4863366
Johan Gustavsson,7,23,846626,78,128475
Subham Bose,7,23,37745,72,170010
James Kay,7,23,7479,69,248869
Sergio Pretorius,7,23,239492,67,911302
Stephen Lawlor,7,23,262999,65,62079
harrison white,7,23,3217434,63,41931
Matt Potter,7,23,89651,63,327145
JD Piland,7,23,523614,61,140885
Stoyan Kolarov,7,23,15406,60,398962
Kafui Agbodo,7,23,4031165,57,375665
Cian Aherne,7,23,39409,57,773726
Shaad Lakdawala,7,23,18619,52,64153
Marty Burke,7,23,297736,51,520243
Vasil Raykov,7,23,8489699,49,2873412
Jonathan Thompson,7,23,1793559,48,1921858
Nicholas Harris,7,23,3079753,47,1003361
Justin Vermeulen,7,23,69149,46,3112831
Deco Herb,7,23,2183523,44,874526
Nate Eisele,7,23,757184,43,2518476
Hasan Almarzooqi,7,23,798316,42,3271266
Alex Galbraith,7,24,416717,79,218607
Shane Keeling,7,24,2838293,71,746706
Ado Fitzsimons,7,24,3215975,69,104390
Ian Spittle,7,24,37053,67,328925
Thomas Graham,7,24,431612,66,6909
David Muller,7,24,2036934,64,498458
Liso Nkosi,7,24,3559685,59,540376
Chris Hindle,7,24,203920,59,958361
Helge Martens,7,24,29919,58,1109987
Ryan McCarthy,7,24,5156055,57,597522
Ivan Royo,7,24,1490098,57,1967478
Sam Johnson,7,24,55641,56,742382
Gavin Maher,7,24,2877,52,386286
Papa Zig,7,24,261670,52,2461833
Piotr Kocikowski,7,24,19972,50,844860
Daniel Ó Donovan,7,24,4241853,50,1541157
Simon Walters,7,24,858307,47,1140335
David Brundish,7,24,680363,45,3687995
chris tuck,7,24,334047,39,6252572
Andre Antunes,7,24,2309134,33,6352743
Jose De La Roca,7,25,25534,72,51671
Tony Cassidy,7,25,175004,71,281817
Thanasis Kritharellis,7,25,146597,68,269938
Pedro Azevedo,7,25,22146,66,314826
Dan Bangs,7,25,394264,64,164328
Andrew Fero-Kovassy,7,25,2353842,63,231756
Anindyt Nagar,7,25,1882367,62,431252
Christian Mayo,7,25,1123175,61,87877
Ric Brailsford,7,25,7225,60,351159
Sarang Kedia,7,25,10032,58,748840
Wayne Burrows,7,25,2989152,56,824867
Freddie Couldwell,7,25,607675,55,213476
Steve Preston,7,25,3932850,55,569594
Admir Omanovic,7,25,119190,52,1623755
Atull Gupta,7,25,3000068,51,420169
Chris Blackwell,7,25,1910868,48,2478007
Liam Rawsthorne,7,25,10939,44,748194
David N,7,25,1531413,44,1544090
Matthew Green,7,25,2431347,41,1741524
Matt S,7,25,7055846,37,6311171
Rijul Sabharwal,7,26,7519953,75,29259
Kristian Kvamsøe,7,26,4482,73,113553
Abdulqoyum Elelu,7,26,13415,69,252552
Łukasz Nowosiński,7,26,135957,68,136426
Bishoy Saed,7,26,1807752,63,530780
Lee Thompson,7,26,7889,61,205926
James Astin,7,26,20732,60,45212
Hugo Miller,7,26,261052,60,62734
António Duarte,7,26,421650,58,89152
Mark Neish,7,26,5175142,58,217027
Abdullaziz Alrawahi,7,26,8484815,57,676381
Michael óg Manley,7,26,122322,54,214197
Steve Rayner,7,26,1055787,53,572621
Pavlo Gulenko,7,26,4510925,51,283124
Balasubramanya Basuvaraj,7,26,289930,48,446136
Andy Hogg,7,26,1480073,48,1084485
Josh Rudge,7,26,158,48,1758960
Jenna Taylor,7,26,4848050,47,2776577
Ciaran Hartnett,7,26,1140904,42,3967948
Sean Eberhardt,7,26,2713781,39,3445978
Mark Lilliman,7,27,378581,74,127373
Zach Griffith,7,27,562093,73,57145
Ciaran Collins,7,27,2901588,72,84532
Tampan Sakti,7,27,4565447,64,368127
Malcolm Christie,7,27,1543414,62,153125
Alexander Sims,7,27,2359624,61,299699
Chewie Stevenson,7,27,2599656,61,324163
Raj Sharma,7,27,11458,61,381662
Mark Harrison,7,27,2178221,60,680116
Pete Hampson,7,27,773040,58,970036
David Walton,7,27,4324381,55,283542
Steve Coppins,7,27,61305,55,406221
Michael Byrne,7,27,4963664,55,2156530
Steven Sanchez,7,27,2984123,52,421318
Mark Williams,7,27,49072,50,444659
Matt Wesołowski,7,27,11011,48,163593
David Pargetor,7,27,780061,46,2351516
Karan Sardana,7,27,362510,42,994460
Miz H.,7,27,1200946,42,2768260
Jonathan Wrynn,7,27,469284,40,1034855
Gavin COCHRANE,7,28,869116,72,192387
simon warner,7,28,3776954,69,249249
Matthew Taylor,7,28,12186,66,32386
Chris Carter,7,28,2087641,66,46991
Jason o mahony,7,28,834200,66,108286
Michael Jones,7,28,89810,63,538544
Matthew Kevin Joe,7,28,201,63,538544
Sami Rumani,7,28,1851,60,148421
Hamilton Brandon,7,28,2437948,60,599302
Ole Henning Jordheim,7,28,1840465,57,262804
Messimerized .,7,28,2007080,54,497468
Meron Teweldemedhin,7,28,4377171,54,751173
Roee Farky,7,28,1041,54,799387
Johan Eidfelt,7,28,317551,53,269074
Ujjwal Tiwari,7,28,4860628,52,919690
rj reisman,7,28,603807,52,1061083
Matthew Hill,7,28,310176,49,674617
Rohan Bhimrajka,7,28,1744,48,674398
Joonas Kröönström,7,28,4028905,43,806765
John Crumpler,7,28,2738269,36,2115429
Stephen Flett,7,29,2923050,84,155032
Odhrán Naughton,7,29,503107,75,49795
Rob Tuck,7,29,3769764,70,57022
chris bradley,7,29,6906,70,145392
Steve Kakarouchas,7,29,1180536,69,105086
Leonid Andreev,7,29,3143166,68,420821
Mladen Grozev,7,29,5414,67,60513
Bjorn Olsthoorn,7,29,556860,65,160206
Brian Sweet,7,29,402215,61,673839
Mohammed Ali,7,29,841038,60,211813
Erwin Tolen,7,29,590320,57,893395
Matthew Jones,7,29,17174,55,862613
Alek Dziergas,7,29,950217,49,423205
Jonathan D,7,29,8461008,47,866994
Chris Pearce,7,29,101218,45,290514
Shilajit .,7,29,4873,45,1312819
Artur Silva,7,29,3742591,44,2858221
Mogu Tang,7,29,282515,39,2226166
Samitinjaya Rath,7,29,193159,36,605160
Dinmahomed Cassamo,7,29,20766,22,7945777
Nathan Campbell,7,30,740547,73,93321
Daniel Sailer,7,30,2977777,73,99432
Paul Smith,7,30,9839,72,891411
Paul Baker,7,30,7068,71,9700
John-Paul Kennedy,7,30,265842,70,31998
Dawid Rapciak,7,30,202666,70,36764
Miro Rantanen,7,30,4587972,69,937
Martin Lyall,7,30,3760124,65,192763
Yann Lebleuf,7,30,103370,59,604528
Patric ter Horst,7,30,6836722,57,914597
Duncan Moir,7,30,1075566,55,656559
Siddharth K,7,30,122388,54,233475
Antony Maughan,7,30,448235,51,1323994
Martin Svenningsen,7,30,2345180,46,432566
Tiyamike Msonthi,7,30,364199,46,3846904
James Busby,7,30,611856,45,1847928
Ian Tan,7,30,4814697,43,3658904
Adam Parretti,7,30,4033500,40,664028
Klemen Perko,7,30,129795,34,3141914
Martha McGlade,7,30,4966401,34,3874776
RAJ Kashyap,7,31,78419,76,14113
Chinmay Mayekar,7,31,2340621,74,530171
Colby Pridham,7,31,471861,70,42706
Tiago Ferreira,7,31,263584,69,422819
KianHwee Lim,7,31,388622,68,598759
Christian Walsh,7,31,191214,67,218607
Hrafnkell Ásgeirsson,7,31,211037,64,126405
Barry Carney,7,31,3403,61,252255
Astik Gupta,7,31,724566,61,1506213
Yusuf Sader,7,31,14742,60,225653
Brian Evans,7,31,1443779,60,1553743
Lewis Disney,7,31,3934886,59,697227
James Sarson,7,31,3110421,58,2290866
tim tamer,7,31,2861304,57,329354
Andree Büchner,7,31,501931,49,3563677
William Russell,7,31,267082,45,2417544
Evan Jenkinson,7,31,5452665,44,4342250
Kyu Kyung,7,31,302634,33,3423628
Ryan Lanser,7,31,7311062,29,7055361
Mark Rose,7,31,152941,27,6794331
Michael Silva,7,32,189547,79,2634
Len Håvar Thomassen,7,32,34564,79,8695
Randy Nedd,7,32,12415,70,548082
David Millar,7,32,61710,63,396692
Thomas Lane,7,32,1206,63,586514
Joe Coombes,7,32,25740,61,49404
Aris Geo,7,32,482161,61,857696
Lance Tammero,7,32,298501,58,384942
Artur Bugla,7,32,796757,58,392209
Antony Phillips,7,32,371471,57,1592261
Hamza Bhurgri,7,32,17308,56,695577
Stephen Rawlings,7,32,1419047,55,1059370
Elton Appie,7,32,1260175,53,94452
Andy Lai,7,32,896932,52,315716
J L,7,32,500952,52,987972
Yusuf Onur Sarıkelleoğlu,7,32,437738,51,346085
George Caldwell,7,32,226925,51,446849
william hallett,7,32,595075,50,71880
Niall Mallon,7,32,35166,34,5141863
Joe prince,7,32,1670310,26,7448703
Tony Fitzpatrick,7,33,201134,75,75716
william yip,7,33,258099,75,111865
G L,7,33,3164888,73,171726
Ben Heys,7,33,790386,69,67263
Tom Huelin,7,33,3219483,67,48313
Andy Bayliss,7,33,604485,66,105721
Keith Thomas,7,33,1641622,63,218607
Sam Turner,7,33,1508261,61,664028
Rob Hunt,7,33,37525,57,529584
Ali D,7,33,403069,56,285120
JAMES JOSEPH,7,33,745349,55,205323
Jack Moore,7,33,734578,55,1741976
oren wolf,7,33,817582,53,571008
Andrej Dikoš,7,33,2993664,51,659359
Geoff Harding,7,33,3849731,49,533831
DAVID BRODIE,7,33,1113018,48,1316596
Chris Miller,7,33,365853,45,197707
Andrew England,7,33,15030,45,868887
Stephen Margrett,7,33,881603,45,1268924
Martin Browne,7,33,4365876,24,4705395
Isma Bravo,7,34,1138634,75,9484
Tom Elliott,7,34,290105,73,76693
Zaakir Ismail,7,34,93304,67,1551399
FPL Ron Manager,7,34,12701,65,429169
MICHAEL PRICE,7,34,693466,64,91683
Tod Modisette,7,34,594027,61,393605
Arnt Andersrod,7,34,497839,58,741424
حميد الرواحي,7,34,5720,57,334130
Nazrin Navin,7,34,826054,56,527810
James Bourne,7,34,30566,56,745104
Jonny Braithwaite,7,34,71438,55,630101
Kristen Dilworth,7,34,2134,54,675038
Sheel Parikh,7,34,74107,53,1472428
Damian Rumble,7,34,4608603,53,2214147
Dat Nguyen,7,34,2785592,51,4139958
Tom Martin,7,34,20467,50,1005081
Ahmad Hamad,7,34,554521,47,1568406
Deleted Player,7,34,20125,45,0
Roma Grange,7,34,269099,45,2205812
Aaron McCormick,7,34,3608170,41,1046448
Jorge Costa,7,35,968128,80,71880
Alex Playle,7,35,106947,74,38293
Youssef Abdel-Hamid,7,35,20705,70,45300
Andrew Bauwens,7,35,118239,69,156031
Nigel Poole,7,35,91438,69,393133
Tony L,7,35,1387457,67,75716
Pauric McBrien,7,35,667004,66,427459
Mr. T,7,35,69289,63,198193
Denis Orlov,7,35,348371,58,349030
James Willett,7,35,2752,57,1338065
Jørgen Grønneberg,7,35,988280,56,584523
Hrvoje Jencic,7,35,4907750,54,234997
Nic Dazeley,7,35,688679,52,340438
Ashton DSouza,7,35,2964,52,605755
Cristian Manu,7,35,348035,51,558152
Will Arnold,7,35,6313478,51,963977
Sam Titterington,7,35,6069,49,638349
Mike Readey,7,35,4049,42,1752489
Ruud Van Fatt,7,35,8093341,29,5347094
Christian Ripegutu,7,35,1487350,24,4955271
Alex Masters,7,36,1555394,76,131663
Marcin Ploskonski,7,36,340119,75,110594
Tomasz Fąferek,7,36,158146,72,49528
Manohar S,7,36,2095740,72,539784
Tom Sewell,7,36,1375371,69,60226
Binny Jaichander,7,36,2152068,68,1047622
Zubair Ally,7,36,3477,62,147416
Tor Midtbø,7,36,1351919,60,590788
Tommy Reaney,7,36,5643386,60,1210505
Vergara Arjay,7,36,4261121,58,148421
Jeremy Ng,7,36,90363,55,1031400
Tadas Markevicius,7,36,1976332,55,1152797
Kerry Donald,7,36,457082,53,513464
Darren Lyttle,7,36,321012,51,5205190
Mikko Hinkka,7,36,202049,49,211041
Sam Blumsom,7,36,51675,47,1472428
Nasser Yahya,7,36,6327299,46,3362654
Paul Elliot,7,36,866285,42,1127478
Igor Horvat,7,36,7447515,33,6595092
Philip Foy,7,36,765823,26,7253470
mark foley,7,37,509464,83,51680
Aris Kovalenko,7,37,3400432,79,504606
Richard Jones,7,37,488283,69,273912
Nick Sneddon,7,37,3036875,67,586904
Nathan Le Mottee,7,37,273727,66,992298
Aman Gulati,7,37,195084,63,493401
Malcolm Wilson,7,37,3466,63,1448927
JJ McErlean,7,37,6022174,61,362576
Tom Cutforth,7,37,7445261,60,1020935
Ben Fuller,7,37,4788220,59,170010
Trent Bauer,7,37,435290,57,1590365
Randy AP,7,37,1502628,55,111865
G W,7,37,5036,52,35586
FPL GOAT,7,37,389611,52,2115429
Evgeniy Syadristyy,7,37,5040740,51,869507
Harith Husaini,7,37,105775,49,355662
Nate Weir,7,37,5168225,48,2154666
James Donnelly,7,37,256096,40,2503293
Raunak Jalan,7,37,65303,39,770948
Stephen Burke,7,37,4992046,21,8418998
Yash Dogra,7,38,37428,74,29269
Arthur Bell,7,38,1772950,74,848412
Ben Woods,7,38,266396,70,185100
Human Bergh,7,38,45008,67,76693
Mareks Serkevics,7,38,87611,67,277215
David Shead,7,38,1571,66,679619
Robert Jackson,7,38,50936,63,404783
Anita Gee,7,38,40624,62,168996
Bree Southern,7,38,133899,62,313658
John5 (@HansDas),7,38,33398,57,1132536
Laurette Perrard,7,38,1397619,57,1160012
Barry Lakes,7,38,3671640,54,940648
Steve Jenkinson,7,38,43162,50,343267
Pavandeep Grover,7,38,93667,49,310587
Deva Guss,7,38,406884,49,330956
Siôn Davies,7,38,3226286,46,1881323
Putka Kokodajsa,7,38,6968634,46,4341800
Aleksandar Nikolic,7,38,115891,45,967632
Derek Smith,7,38,172675,45,1055021
Arpit N,7,38,8922302,27,7448703
ben nasrallah,7,39,2356757,80,44756
Auro Sen,7,39,1174226,72,102846
Amr Khyal,7,39,608973,64,130106
Vytautas Ramanauskas,7,39,4794762,63,350760
Martin Ellicott,7,39,5869,62,16216
Karri Saarinen,7,39,334549,61,312107
Mark Nakamura,7,39,2205493,60,938845
harvey romolo,7,39,392482,59,834351
Paris Lynch,7,39,295294,58,193490
Akhil Timani,7,39,134838,57,302476
Bas Mol,7,39,279610,57,1495056
Nathanael Ong,7,39,891380,54,1197481
DAN ISPIR,7,39,756868,53,718464
Russ Burley,7,39,54899,50,208853
Neil Chue Hong,7,39,2137739,49,315263
Agyemang Sekyere,7,39,1976157,49,580461
Dmitry Egorov,7,39,410134,48,1044767
Miguel Ferreira,7,39,6951269,47,1943067
Felix Hernández,7,39,206502,45,1041347
Simon Owen,7,39,3438867,34,5239230
Mark Stanley,7,40,20654,75,130428
Wojciech Sobczuk,7,40,5,72,206552
Dominik Pieta,7,40,233876,66,86042
Nicholas Temple,7,40,2445059,66,240019
Khaled Mostafa,7,40,4402196,66,326214
John Sourour,7,40,402887,63,291320
Miguel Garcia,7,40,2542023,63,461235
Karlon Graham,7,40,1694941,63,1015498
Tom Arne Stormo,7,40,1695518,56,671514
siddhant bhardwaj,7,40,417746,56,2356372
Matt Zoeller,7,40,4523180,56,2733909
Ryan Goodger,7,40,8347383,55,1578859
Daniel Farmer,7,40,224544,54,484393
Sukrija Ibrahimovic,7,40,63403,53,629503
Ariff Rashid,7,40,3148044,53,2231677
Simon Van Schaick,7,40,119249,50,912831
Josimar Torrero,7,40,2177529,50,1391945
Oscar Pernehed,7,40,105767,44,2639642
victor ritze,7,40,4409152,36,3095769
Stuart Still,7,40,8243563,33,7215076
Andy Hiller,7,41,213081,76,21104
Colin Catt,7,41,10051,74,61025
Nikolay Nichev,7,41,871740,73,34291
David Cosgrove,7,41,596223,68,293558
Solomon Pueke,7,41,1192588,63,244864
Enrico Contini,7,41,515103,63,447584
Naheem Iqbal,7,41,6206,62,993072
Otto Trapp,7,41,2550757,59,619438
Zou Bir,7,41,1250751,58,424178
Gautam Vassanmal,7,41,17800,58,2014441
Dave Burley,7,41,21829,57,407871
Charles Goodman,7,41,17471,57,940966
Anthony Gileno,7,41,2210635,56,788155
anthony heredia,7,41,472070,54,1728199
Neil Pinchbeck,7,41,21235,50,116918
Dave Butler,7,41,372068,49,1172598
Declan Murphy,7,41,3728202,42,1561317
Anthony Holmes,7,41,1913744,38,1894196
Tobias Rosenqvist,7,41,4558614,37,1343596
Lyubomir Troharov,7,41,6660116,34,4861040
Daniel Moses,7,42,347561,84,96381
Mats Sturesson,7,42,10742,83,475834
Dean Brooks,7,42,50545,70,50143
Eoin Mccormac,7,42,5037133,70,158790
Oliver Mason,7,42,1597876,68,251191
The Knights Template,7,42,13522,66,742382
Andy T,7,42,136474,60,427919
Vinesh Ravindran,7,42,6966685,58,530171
Dan Kopittke,7,42,1769039,58,694593
London Thorpe,7,42,267473,58,1620365
john sawyer,7,42,52529,55,265056
Martin Weeks,7,42,1227198,55,900245
Robert Shore,7,42,33549,52,96919
Dave Bignell,7,42,5996888,51,994460
Phil Barraclough,7,42,631785,51,1251154
Mohammed Janahi,7,42,2775975,48,1689605
Sam Pettett,7,42,1815241,42,3482722
abdo vidal,7,42,393241,37,4378786
shaun holford,7,42,861880,34,3162352
Reece Soogun,7,42,202245,26,5892075
Cole Burkhardt,7,43,2178914,75,62734
Waqas Zahid,7,43,6717868,74,1663162
Eric Guajo,7,43,344680,70,6542
Jason Stiling,7,43,7228,67,127192
George Poxialian,7,43,1568,65,34169
reuben anderson,7,43,1187323,64,791074
Jo Haywood,7,43,28611,63,440892
Ayo Apantaku,7,43,2301203,62,469725
richarlison breeze,7,43,125643,61,200408
Wojtek Dreluch,7,43,54211,57,17376
Prajwal Bhat,7,43,1797784,55,527620
Stuart Bryson,7,43,6185659,54,469304
Manolache Alexandru,7,43,906034,53,672069
Nguyễn Đức Việt,7,43,13642,52,856247
Rados Stramput,7,43,100773,51,833520
Nicolas Savey (fantasy-coach.fr),7,43,143364,47,286138
Ger Murphy,7,43,8359,45,452948
Eddy Blatt,7,43,2574605,45,1551399
Stuart Kerr,7,43,121147,37,914597
Kanishka Tiwari,7,43,17839,34,3278381
Julie de Noronha,7,44,10764,78,204095
Samid A,7,44,55091,73,62508
Gregory Vial,7,44,605047,68,299699
Eugene Moskalkov,7,44,388955,67,239661
Piers Henriques,7,44,868005,64,657633
Niklas Herrmann,7,44,901177,64,808681
Joel Fernandes,7,44,4902316,63,358569
Tristan Gruter,7,44,10027,60,104956
Jason Green,7,44,432846,60,312371
Govind Sunil,7,44,25629,58,534094
Ernesto Busche,7,44,43357,55,887809
Zac Balson,7,44,223241,53,1107408
Daniel Bousfield,7,44,22860,52,1591839
Josh Elderfield,7,44,2421,49,326214
Sarang Galada,7,44,450447,48,1809440
Mahmoud Nasef,7,44,2954817,46,522968
Andy Plumb,7,44,395472,45,1131139
Cico Andler,7,44,2301604,45,1612425
Basil Nelis,7,44,232411,42,2687641
Darren Scollins,7,44,626882,41,775193
klay Thompson,7,45,1800951,75,31096
Eric Heller,7,45,369891,69,34599
Sigma Pumpy,7,45,251040,68,417739
Dung Pham,7,45,69228,67,27595
Simon Phillips,7,45,3667,66,137396
Dianne Williams,7,45,2419651,63,1700166
Nitej Davda,7,45,108722,62,346085
Katyayan Gupta,7,45,1313740,61,1690458
Mick Wall,7,45,35055,60,306974
Aaron Pinkrah,7,45,104107,58,88247
Alexander Sørvik,7,45,5864095,57,236917
David Hurley,7,45,1297626,57,1458285
Michael Amnuel,7,45,86726,56,764260
Bryan Tan,7,45,2807393,54,918973
Seng Chan,7,45,813794,53,344201
jovica petrovski,7,45,1007640,51,1064152
Nadim Farhad,7,45,7127579,41,588015
Robin Hein,7,45,5359105,41,707541
Ryan Collier,7,45,60494,39,359025
Frederico Vidigal,7,45,671818,31,1763945
Rob Hartley,7,46,1065776,81,24035
Jonk Haglund,7,46,98022,73,46638
Oliver Adamkiewicz,7,46,128902,70,132496
Ian Payne,7,46,4680434,69,396015
Craig Herbertson,7,46,527129,67,184846
Yehya Asker,7,46,524113,66,213850
Colin Niloc,7,46,3864,62,145601
Dean Van Ristell,7,46,755407,59,754711
Ismail Sekitto,7,46,2933915,57,263194
Saahil Singh,7,46,5950346,56,361612
Lachlan Condon,7,46,6880522,55,171726
Meesam Raza,7,46,360180,54,638834
Mohamed Bushara,7,46,2604872,52,276949
Lasse Mikkelsen,7,46,33672,52,829639
Rahim Siddiquee,7,46,56393,52,2271807
S Khan,7,46,763531,47,1112823
Egil Flagtvedt,7,46,422508,46,689333
KRITIN PANDITA,7,46,4791896,41,1572535
Sam Aviss,7,46,9674,41,2835205
HKH ',7,46,4052108,28,6674502
Chris Lord,7,47,298737,91,253
Carles Steve Fossi Fotso,7,47,3147788,73,327561
Vaidehi Patwardhan,7,47,5721,72,547558
mookie ®,7,47,586400,71,47394
Ziyaad Gasant,7,47,6985,67,90149
Mathew Mckie,7,47,489150,66,342391
Sanjeeth SR,7,47,127344,64,915385
Andreas Marco Jensen,7,47,531584,60,471322
Tom Chubb,7,47,1566541,60,608971
Wared Seger,7,47,2086802,57,624289
Don Kennedy,7,47,1635,56,573032
Kristoffur Sørensen,7,47,2855877,54,141152
Ómar Olgeirsson,7,47,139239,51,126405
Arijit Banik,7,47,3548636,48,2055322
Mandy Cargill,7,47,2160139,48,2326567
Tom Ayers,7,47,119608,47,865682
Deleted Player,7,47,1658797,37,0
saksham tiwari,7,47,1872409,37,3644445
Jashim Uddin Shohag,7,47,7928772,35,4646153
Kristiyan Ivanov,7,47,1314898,35,8607609
Gianluca Maffei,7,48,455180,77,21372
Adam Baldwin,7,48,3946423,77,104042
Mithun Prabhakar,7,48,6753210,73,227198
Solo Derulo,7,48,90974,66,113708
J V,7,48,644549,66,165019
James Harden,7,48,670919,64,358082
Rasya Harahap,7,48,447600,59,307293
Chris Machin,7,48,3764817,58,226166
Shariff Taufik,7,48,690529,58,471706
Steve Capp,7,48,700167,56,2352092
Cameron Mortimer,7,48,105530,54,1108067
"Marco ""Pep” Purves",7,48,346893,53,697618
Toby Barratt,7,48,5392717,52,1679007
Ahmed Nour,7,48,532527,51,1012831
Ville Kukkonen,7,48,2907646,51,2187678
Caleb St.Ather,7,48,710452,49,685876
Etienne Minnaar,7,48,779081,48,2322904
John Lawton,7,48,1251014,44,2590075
Altin C,7,48,577786,40,3086455
David Moody,7,48,798739,31,4356661
Mo Cherri,7,49,505188,77,411810
Patrick Geloof,7,49,170327,71,27961
Kyle Worley,7,49,390770,69,46991
Vladimir Cvijovic,7,49,484121,66,104647
Ras Wangelin,7,49,1794187,66,324660
Chetan Paingitkar,7,49,251239,65,35184
Mohit Bhandari,7,49,190290,64,17168
Tony Ware,7,49,1632663,58,18501
Andy Morley,7,49,3987850,58,504606
Riece Ubhi,7,49,403350,57,707541
0x Shmmortal,7,49,4209841,55,508979
Emil Gustafsson,7,49,348300,54,169557
Brian McEvoy,7,49,497221,53,816786
Saubarna Deep,7,49,268314,51,51340
Pej Zivkovic,7,49,3348445,51,2561863
Matt Jones,7,49,1184436,48,457765
daniel reilly,7,49,3991549,45,809062
Aneesh Kamat,7,49,23436,45,1567985
M Hauge,7,49,2825778,40,1629847
Salman Ahmed,7,49,2083072,31,616181
Greg Bradford,7,50,4048,72,49169
Chris Givens,7,50,106742,72,232541
Cian C,7,50,3276299,71,1744
Phil Sharpe,7,50,408804,69,186259
Neil Hull,7,50,635237,63,50764
Valeriy Stepa,7,50,1138,61,536075
Thom Joyce,7,50,2634253,60,311417
bill gillespie,7,50,1491426,60,1092911
Jimbo Nickson,7,50,2395502,59,84369
Tony Tsui,7,50,3100407,59,110594
Paul K,7,50,46510,57,704381
Jon Reeson,7,50,6152,56,86250
Fredrik Petré,7,50,33153,52,519871
John Winchester,7,50,37709,51,795059
jason marturano,7,50,21125,51,1112195
Martin Maina,7,50,6197745,50,407631
Justin Graham,7,50,531351,49,105178
Mr. Hamz,7,50,1439061,48,1034855
Mahiuddin Titu,7,50,2727088,48,1103833
Viktorio Serdarov,7,50,4056313,24,8184147
Henrique De Oliveira,7,51,232581,81,98157
Shane Hogan,7,51,8755,76,5779
Vidar Vasrud,7,51,1698964,73,17946
Sean Culkin,7,51,5082056,68,614768
Mouhaned Mimi,7,51,1758429,61,687981
John Leight,7,51,61924,61,795351
Semir Dizdarevic,7,51,102061,60,33786
Toby MacDonald,7,51,682641,58,1430585
Stuart Tatchell,7,51,903479,57,234221
Seán Barrett,7,51,46668,56,82005
pornchai tunaium,7,51,3093199,55,295677
James Cant,7,51,11096,52,497039
Keith Goddard,7,51,3431439,52,1245806
Okla Adelagun,7,51,2277416,51,1517368
Steven McMenamy,7,51,2900031,50,1746336
FEROZ RAHMAN,7,51,43782,46,219215
Omar Ashraf,7,51,3620,45,1750320
wail Zeribi,7,51,742293,45,2714781
Dan McCabe,7,51,22623,43,1262611
Kristian Smith,7,51,3677,42,1186016
Brady Wright,7,52,35537,76,194986
B Wilson,7,52,1016271,76,967632
Fraser Higgins,7,52,6742455,74,276949
Brenda Ostendorf,7,52,209074,71,609980
Philip Gray,7,52,573821,69,400425
Luka Razboršek,7,52,56257,65,556951
Niall Clarke,7,52,109308,61,35274
Elliott Bäcklund,7,52,2623324,61,189302
Bob Johnston,7,52,417212,58,680116
Chris Choo,7,52,944927,56,621108
Håvard Rønning,7,52,402598,56,875200
Alec P,7,52,4199979,55,133637
Mats Aasgaard,7,52,42172,55,369508
Forkan Spoonbender,7,52,175177,55,2235104
Jafar Farah,7,52,363821,53,1806234
Yonael Bekele,7,52,3661219,51,633223
Ilker Dalgic,7,52,370826,46,584523
Paul Roberts,7,52,1744411,45,5659638
Jack Killoch,7,52,2850264,29,1610141
Jin Hyun Cheong,7,52,2786703,13,8951747
Angry Wolf,7,53,700116,76,7413
Chris Hawkesworth,7,53,1199375,76,43266
Rohan Samant,7,53,397806,68,220229
Athan Paradisis,7,53,2335774,66,160206
Alexandros Konstantaras,7,53,186040,64,227002
John Kounelis,7,53,1694909,63,399934
Alan Archer,7,53,2111919,61,148421
Has Ozkiral,7,53,182080,61,620099
Richard Ayliffe,7,53,1998464,60,55974
Rico Raya,7,53,4689815,60,183662
Glenn Foster,7,53,86019,60,257363
Florian Krabec,7,53,394792,60,285120
Augustin Habra,7,53,2216073,55,283542
Baffour Sefah Ofori,7,53,114830,55,505204
Ana Way,7,53,265311,55,1274779
Philip Carter,7,53,806689,55,3275415
Andy Tang,7,53,710701,49,1080261
Timothy Tan,7,53,1698886,35,1355733
Richard Davison,7,53,7736151,30,3886906
Amit Sharma,7,53,4961335,22,5341811
Dean Verma,7,54,5626337,84,9827
Roberto Laso,7,54,444134,78,178337
fin godderidge,7,54,204651,72,235930
Furry Kettle,7,54,1010621,69,50003
Michael Mikkesen,7,54,3199,65,156554
Samuel STONES,7,54,86340,65,857030
Lekan Mahmud,7,54,2538093,61,402510
Dean Butler,7,54,5192395,61,655894
Nabin Giri,7,54,3058128,61,1180106
Michał Garbacz,7,54,126998,58,2211014
Srdjan Cvijetic,7,54,320202,57,86250
Finn Templeton,7,54,565850,54,88737
Mike Flynn,7,54,4003726,50,389821
Colin Capon,7,54,150413,48,923822
Michael Westcombe,7,54,959391,47,3568909
JD K,7,54,5045,46,771696
Dan O'Mahony,7,54,12402,45,848412
Akbar Basha,7,54,4462012,39,4130589
Daniel Beaver,7,54,4948192,37,1170214
Sam Sheppard,7,54,466009,31,5140560
Oskar Larsson,7,55,180738,79,96146
Fraser Gibson,7,55,591413,73,681566
John Hawkins,7,55,426853,67,183979
James Ingram,7,55,123274,66,180829
Niño Mànik,7,55,2647736,64,298939
Bolly Williams,7,55,4915058,63,64965
Sjoerd Jebbink,7,55,201626,60,559954
Daniel Cunnama,7,55,64045,60,921382
Jonny Wilson,7,55,6260600,59,241397
Ferry Hakim,7,55,43058,57,709529
Maulik Shah,7,55,2622026,54,389821
John Forshaw,7,55,401450,52,1334274
Neil Curry,7,55,495163,52,1746824
Vassilis Chanis,7,55,81693,50,273912
Matti Tarmio,7,55,5234965,50,503518
Roger Sen,7,55,59071,48,2997831
Lewis Blannin,7,55,417978,47,237427
Siddhartha Mukherjee,7,55,3132250,43,519871
Milan Andrejevic,7,55,1931898,43,3577114
Aizkama,7,55,1950843,42,1136497
Earim Chaudry,7,56,1280972,77,50353
Andrew Notley,7,56,366879,69,207866
Brett Priest,7,56,10712,69,247329
Trofo T,7,56,2644009,68,205777
Burhan Samaan,7,56,8670,64,64299
Jeff Bishop,7,56,556248,62,326722
Aaron Yaudes,7,56,1850,61,77214
Bhagath Inampudi,7,56,5916,57,198653
Ronald Reinap,7,56,7716924,57,444062
Nigel Kendall,7,56,389906,57,642868
Colin Brown,7,56,1036341,54,74968
Michael Scheider,7,56,430331,54,187126
Lil Stormzy,7,56,7204765,54,216699
Antti Kulmala,7,56,132676,52,544694
Dan Smith,7,56,669680,52,1336113
Faiz Fitry,7,56,178897,51,328502
Jeff Lippert,7,56,4701675,49,1457400
Seamus Farrelly,7,56,3221055,41,257573
Steve Stylianou,7,56,1533015,40,4045349
Will Hudson,7,56,6271066,39,2669141
Rumi Achije,7,57,100203,79,273306
James Golightly,7,57,1355484,78,108075
Jamie Burton,7,57,38932,75,42581
Stephen Casbeer,7,57,24760,73,63043
Niall Killoh,7,57,3115122,67,762806
George Morley,7,57,934579,61,1482781
Elior Carsenti,7,57,7379,60,223114
Jeff Turner,7,57,3047,58,121954
Rob Bed,7,57,3874,58,368127
David Hahn,7,57,162336,55,253713
Edward Hodgkin,7,57,1576675,54,279273
Dim Chris,7,57,24295,54,750379
Fady Mamdouh,7,57,5025312,52,741952
Mattias Larm,7,57,2573610,49,885819
Keshminder Singh,7,57,8116271,46,1032166
Mato Anić,7,57,1482299,45,2764905
Brian Ewen,7,57,80253,43,842656
Ian Palmer,7,57,27047,43,1075807
Michael Glaze-Santonen,7,57,15868,39,1145899
ahmed elgharably,7,57,749778,38,2062930
Max Norton,7,58,520844,82,24060
Jonathan Holmsten,7,58,165675,70,29104
Tanishq Doiphode,7,58,2507888,66,192579
shailesh gadgil,7,58,198096,66,233475
Akshay Kumar Jaiswal,7,58,457872,66,637742
Roy Bailey,7,58,724618,66,1870325
Jason Bryant,7,58,144120,63,418095
Adam Keenan,7,58,28742,61,138720
James Absalom,7,58,1456024,61,841667
Brian Arista Marzuq,7,58,2677897,59,1542498
AAK FC,7,58,7527718,58,836834
Petter Falk,7,58,141471,57,336239
Marko Altandjiev,7,58,4635011,54,218031
Tarjei Hatlen,7,58,2988927,53,579355
Cem Okucu,7,58,456015,49,985014
Phil Olorenshaw,7,58,588951,48,1986377
Garry Toy,7,58,525533,48,2594448
Dean Patrick,7,58,1288119,44,2245166
Mark Hooper,7,58,225278,41,164186
Chimuka Mapiki,7,58,7452647,21,4774010
rafa,7,59,334091,78,44883
Abhishek Hota,7,59,56237,76,76358
Demetris Shianios,7,59,108745,70,230537
Marco Galanti,7,59,185447,69,47265
Jesus Bravo,7,59,5108715,66,62877
Ryden Stackhouse,7,59,2811573,63,122259
Vineeth P,7,59,7718302,63,409498
Sanath Kuppa,7,59,92514,59,152641
Krzysztof Rosalski,7,59,322782,59,674853
Jonny Harrington,7,59,117365,59,1468082
Calle Rosengren,7,59,4878150,57,155268
Rich Breeze,7,59,119090,57,664600
Rhodri Thomas,7,59,4151458,54,1004537
Adishree Basnet,7,59,7671448,52,575151
Stephen Nnoli,7,59,8362,52,1651488
Stephen Farmer,7,59,2707317,50,1544090
Sonny Valdez,7,59,381798,47,2983162
Gummi Kristjansson,7,59,7221082,34,2772567
The Squadfather,7,59,542270,32,1208377
Adam Eley,7,59,646051,24,4326642
Fabian Broeker,7,60,2457240,87,1028
Gary Parks,7,60,1179153,71,127557
Ben Jones,7,60,33097,69,50003
GARY DUFF,7,60,20653,67,111667
V Y,7,60,133319,67,230631
John Rahman,7,60,694384,61,24287
Niall Fingleton,7,60,1800595,60,53016
Daniel Andersson,7,60,191,57,135195
Al Cossavella,7,60,281792,57,206912
Zane Sheldrake,7,60,263134,57,1497600
Deni Ramadhani,7,60,49203,56,1272348
Dan Silov,7,60,1080723,55,1678294
Ricardo Patiño,7,60,14573,52,146650
Robert Floyd,7,60,1021169,50,1398831
Adrian Smart,7,60,2312240,48,70245
Bill Matthews,7,60,124512,48,650992
Grant Bilkus,7,60,405846,43,2199877
Jonathan Kelly,7,60,1135061,42,2038200
Hampus Olesund,7,60,7519677,41,943487
Hussnain Ahmed,7,60,3732593,31,3798260
Hm Hm,7,61,717841,78,313232
Filipe Loureiro,7,61,137527,76,12401
steven fortt,7,61,308391,72,44494
Martin Skokan,7,61,2601121,65,157899
Ryan Clarke,7,61,251879,64,42943
Tom Weedon,7,61,4502570,63,193816
Geir Torsteinsen,7,61,366448,63,1248896
Samuli Susiluoto,7,61,1736156,62,139340
Ernest Lee,7,61,2502,58,48313
Damien Porter,7,61,617714,58,212412
Andrew Pagett,7,61,18154,58,519871
Йордан Атанасов,7,61,902292,58,1818709
Ged Ashton,7,61,736265,57,1120097
Michael Elliott,7,61,6138619,56,344623
Razil Chand,7,61,929529,47,2567480
Tom Smith,7,61,78957,45,859827
Kostas Anastasiou,7,61,137141,43,157400
Maciej Kasprzyk,7,61,29182,39,553575
Prabhakaran Saravanan,7,61,941955,34,5189232
Julian Gordon,7,61,2697662,32,4518731
Jimmy Ong,7,62,709417,81,485470
Richard Husbands,7,62,3314395,75,518998
dave hartley,7,62,383993,70,173107
Yan Chandra Rivaldi,7,62,2102771,70,292324
Nick McCamphill,7,62,196050,69,566979
Matt Thompson,7,62,2273476,66,93109
james cain,7,62,1090511,66,826618
Nicholas Agyare,7,62,2829973,61,235101
Peter Demain,7,62,9572,59,342829
Chris Wilson,7,62,70185,58,1383312
Chris Brett,7,62,884631,57,262048
Chris Williams,7,62,2419268,57,3709851
rakan sebaya,7,62,3495333,55,2794994
Mohamed Adel,7,62,626098,54,3180247
Ntuthuko Mnisi,7,62,2491671,52,1764444
pat dobbyn,7,62,2734794,48,2047468
Andrew Strickland,7,62,2125802,46,3215737
Aleksandar Davchevski,7,62,131772,34,7675730
Jockey Ramce,7,62,4195609,30,7195537
Prasad Mhatre,7,62,36301,27,7147402
Chris Sparrow,7,63,1174260,80,141826
Leigh Woodcock,7,63,4197916,69,66320
Jef De Foer,7,63,850069,68,23537
Michael Jones,7,63,5124142,68,84828
Andy Prince,7,63,2153257,67,634447
Joe Clarkson,7,63,506600,64,182632
Robert Rodgers,7,63,170104,64,913881
Kamila Pieńkowska,7,63,30746,63,551989
Grayson Ip,7,63,440742,58,1102251
Arnit Chetry,7,63,272899,57,1084060
Jack McCulloch,7,63,195938,56,695577
Richard Neale,7,63,39144,54,652728
Alex Barnes,7,63,5653,53,1336113
Connor Smith,7,63,5350391,50,1061821
Robin Lennon,7,63,2208,47,501214
Haider Sayyed,7,63,2016594,45,1653058
Matt Reed,7,63,5656940,43,1255914
Ahmet Türkoğlu,7,63,1488347,43,2502383
Thomas Nordén,7,63,4854233,40,1413052
Steven Parsons,7,63,1134848,37,564257
Daniel Laycock,7,64,12026,74,19367
Oliver Pearce,7,64,204679,72,343267
James Hyland,7,64,2097539,69,30538
Christian Dalin,7,64,3137395,69,41433
tomer halperin,7,64,6370832,66,144990
Paul Ellis,7,64,550869,65,33356
Kasra Assadian,7,64,60394,64,469304
Hoan Nguyen,7,64,6255,61,451057
Richard Molvik,7,64,444163,60,512089
Naji Abdelmajid,7,64,426155,60,538544
Steven Wilkinson,7,64,63760,55,86688
Shafqat Ehsan,7,64,5122217,55,176561
Ayman Nassour,7,64,237501,55,606310
Dex Glennıza,7,64,368532,54,677070
James Beal,7,64,822356,49,2203774
Shane Keegan,7,64,997141,46,5443305
Deleted Player,7,64,5961999,45,0
Jeff Heaver,7,64,582472,39,2195497
Miguel Fachada,7,64,4990260,37,4180429
Bojan Preksavec,7,64,4811484,36,4317822
Chang Siu,8,1,553344,82,69993
cameron craigie,8,1,295070,78,146392
tom nixon,8,1,4586519,74,369508
Emma Young,8,1,4791940,73,730899
Alex Buck,8,1,44145,71,524281
Thomas O Shaughnessy,8,1,1219507,65,458816
The Battler,8,1,80457,63,513042
Gregor Golab,8,1,965267,62,655263
Gareth Leese,8,1,1539343,61,2977936
Ian Evans,8,1,3033778,60,318026
Andy Gift,8,1,314609,57,1883250
Abosede Olanipekun,8,1,5462347,57,2854103
Kevin Pickett,8,1,729964,53,574305
Rickard Slättman,8,1,3730398,51,4836270
David Elcock,8,1,4642272,48,2997005
Paul Ryan,8,1,2815994,42,4336787
Jake Rutherford,8,1,1200849,39,3516384
Anuraj Bhosale,8,1,108440,38,4342489
Idan Ben-Zvi,8,1,4563176,34,4224093
Abbas Ardam,8,1,9813537,20,9354714
Suta Rahady,8,2,995216,75,1327734
Samuel Stradling,8,2,445278,74,297957
Football Chatbox,8,2,19833,72,588191
Jeff Carr,8,2,862190,71,2252134
Samuel Eres,8,2,383746,70,92285
Niko Nikolo,8,2,628660,70,548878
Thomas Anfindsen,8,2,2116209,70,1356551
Tanyawit Kongkij,8,2,25321,69,9748
Matt Ball,8,2,41872,66,216005
Tom Rowan,8,2,455619,63,404783
Kev_ Mwaura,8,2,6892177,57,336822
The Usual Suspect,8,2,162563,57,650992
Josh Smith,8,2,467636,50,999156
George Chatzelenis,8,2,133627,43,991532
Maddy Smith,8,2,373307,42,3247095
Ryan B,8,2,227394,40,6149441
Chris Callow,8,2,63961,39,2593398
Zaef Sikder,8,2,4086730,36,5815419
Romans Gulbis,8,2,2467771,35,4040093
Nemanja Jovanov,8,2,434981,28,4598711
nizzamudin ahmed,8,3,469808,82,351447
Edward Young,8,3,388954,80,152934
Hayden Hall,8,3,431751,75,260531
Ahmed Tariq,8,3,177208,70,54624
Michael Soares,8,3,635026,63,476939
Daniel Suski,8,3,539053,63,1094684
Rebecca Trembath,8,3,3913796,61,310587
Russell Balogh,8,3,707052,60,384025
Alastair Boyd Smith,8,3,1344871,59,481555
AnnRy Red,8,3,152475,57,300832
Amit Rajbhandari,8,3,34315,54,291266
wk tang,8,3,23706,51,504606
Craig Sawyer,8,3,877182,51,1737735
Wout Vanaenroyde,8,3,143193,50,275950
cecil wright,8,3,713440,48,1186985
Ahmad Fahim,8,3,401332,48,2303847
Neil Burden,8,3,1744115,48,2907845
Luke O'Neill,8,3,3127645,45,2027605
Mukovhe Randima,8,3,6965672,39,4826167
Turz O,8,3,4512799,28,6510148
Ben Tomes,8,4,8145,90,23460
Owen Brownston,8,4,4286986,68,42468
Obigun Obigun,8,4,5371062,64,425254
Elias Kaipainen,8,4,199230,64,684459
Makafui Djokoto,8,4,1024290,64,787466
Michael Check,8,4,2024815,63,300832
Tony Jackson,8,4,7636026,63,306588
Sumant Natkar,8,4,898493,61,546829
Carl Hillary,8,4,2139905,56,1043896
Halle MB,8,4,29694,55,831153
Lee Masson,8,4,376612,55,1600245
Rex Jude,8,4,720389,55,1739398
Chris Cooper,8,4,4519373,54,1237745
Yusuf Laher,8,4,152358,54,4497188
Myles Lattacher,8,4,2506167,50,2702555
Craig Massey,8,4,2230152,49,1526519
Kamal K.C.,8,4,6836645,48,2585122
Luke Hayward,8,4,882945,47,1660711
Jd Verney,8,4,3207377,37,3305746
Peter Jarvis,8,4,4833144,33,7313897
Roy Lee,8,5,5706,76,233922
Conor Joseph Byrne,8,5,2060820,75,240650
Siva Mohan,8,5,309034,72,280401
will driscoll,8,5,329550,71,89970
Paul Howes,8,5,354166,64,928604
Not Mhoo,8,5,7591507,61,429489
Kishor Maharjan,8,5,3639623,60,270118
Jonathan Laredo,8,5,37237,60,588504
Helen Littlewood,8,5,1827690,59,317087
ricardo kanhai,8,5,7386108,59,387614
Paul White,8,5,319006,56,742382
mark haley,8,5,1659022,55,274227
Stephanos Koutentis,8,5,47792,52,1205592
Mohamad Khattab,8,5,2030420,51,623084
Adarsh Mahadevan,8,5,11430,51,858890
Tim Matthews,8,5,12411,51,1486628
Dobrin Natov,8,5,3201630,49,5312651
MD. SAIFUL ISLAM,8,5,789383,45,3519570
Aleem Gulamhusein,8,5,3527327,37,4624375
Jawad Baig,8,5,3032736,24,3872474
David Papworth,8,6,2238047,74,56100
Chinedu Onwurah,8,6,1944888,68,1367701
Joe Nottingham,8,6,847754,64,36409
Andrew Taylor,8,6,953827,64,425566
david happs,8,6,545644,63,62591
Robbie Whelan,8,6,3638568,61,590788
Kwodwo Asante,8,6,5330814,60,1524469
Damien Masterson,8,6,525735,59,615708
Schlupptown Dunk,8,6,23180,58,399934
Tijani Ayinla,8,6,7991788,58,2649165
Nick Mc Keever,8,6,7024037,57,405300
Hugo Stam,8,6,287686,55,131442
Neil Kemp,8,6,131513,55,142974
Simon Rush,8,6,560996,55,406662
Ian Patten,8,6,778416,54,1033444
Lee Paul,8,6,3168848,52,1426997
Derek champion,8,6,977848,52,3491991
Jonathan Reddy,8,6,7636114,51,2490157
Ciaran Cannon,8,6,5630667,47,4237169
waseem abu leil,8,6,566817,23,6999135
Adam Gosling,8,7,153080,73,98417
Hritwik raj Agarwal,8,7,1043602,67,1093934
Luke Riley,8,7,2711271,66,50073
Yang Yang,8,7,1792733,64,890137
Giles Foister,8,7,2107502,63,439742
Nguyễn Xuân Nam,8,7,252402,62,381279
Oliver Reid,8,7,841986,61,219988
liam murphy,8,7,122154,59,625466
Søren Christian Mikkelsen,8,7,383136,58,131957
Mark Billy Svensson,8,7,1379443,58,833520
Emil Vo,8,7,1082148,57,343753
Peter Mills,8,7,1028,57,1014632
derek honey,8,7,943470,57,1160843
Ross Cordingley,8,7,5500709,54,112319
WJ Yang,8,7,283234,54,2534032
Pyry Siivonen,8,7,983241,54,2877150
Philippe Grand,8,7,2018636,48,2176697
Wasiq Ahmed Tarar,8,7,457610,46,2906146
Dave Bennett,8,7,2000760,42,1773839
Dhaman Gill,8,7,2086096,27,8198904
Ian Roberts,8,8,407631,87,91094
satchi bodhita,8,8,702416,72,1241344
Sivanthi Adityan,8,8,1903484,66,198770
Jide O,8,8,5577378,66,783448
Rob Jewitt,8,8,888177,63,401281
Seelan Moodley,8,8,1203649,62,356661
Chukwudi Esemene,8,8,2989523,61,485470
James Allen,8,8,945444,60,249537
James H,8,8,49777,60,326945
He Cui,8,8,1833252,55,1443754
Sam Cook,8,8,14901,54,635460
Thomas Watkins,8,8,5530451,53,655894
Stephen Tiplady,8,8,6262784,51,520243
Kevin Scheepers,8,8,6178687,51,772426
Sidharthan Sakthivelu,8,8,264892,51,1220523
Luca Vaiani,8,8,888194,50,372717
Emre Kösemen,8,8,1574581,49,701745
Dominic Dowling,8,8,1965465,48,2738466
Hugo Mendonca,8,8,1329023,42,3741433
Kieran Regan,8,8,255587,33,7501981
Kash Alam,8,9,3022627,76,57417
Eve Dunmsore,8,9,2594637,72,340979
J Smith,8,9,330967,68,233475
Ewan Mitchell,8,9,4032243,66,415901
Lee Hall,8,9,1016857,66,437150
Justin Fainter,8,9,53167,66,586089
Erwan Hassan,8,9,188577,64,192491
Samuli Välimäki,8,9,257043,64,1449450
Martin Dodgson,8,9,853785,64,1496926
Vasilis Palousis,8,9,4546038,62,1613220
Jared Phelan,8,9,223868,60,3304851
Michael Wong,8,9,817074,55,2843920
Bernhard Hagen,8,9,1293031,54,1416735
Matus Caplovic,8,9,520601,50,2059614
Alexander Østervold,8,9,510524,49,1383312
Ahmad Fuad,8,9,1293688,47,4968733
Jonathan Swanzy,8,9,2472665,45,2447848
Sean Murphy,8,9,47700,45,4118447
Tom Flannery,8,9,3555629,45,5900017
Boldbayar Khurmyet,8,9,9707942,12,10015310
Matteo De Sanctis,8,10,63650,73,5334
Rich Hill,8,10,35829,72,224717
Toby H J,8,10,4195615,72,568383
Steve Thayer,8,10,477944,71,42468
Packie McGrath,8,10,2413903,66,724513
Hrisro Koznichki,8,10,781251,66,815811
Stephen Johnson,8,10,4482404,63,134999
Adrian Callanan,8,10,527289,61,185100
Vinny Craine,8,10,696423,60,23091
TI92 Mohammad Wasis Suryo Adi,8,10,714172,60,607265
Christian Bullock,8,10,8455053,58,1141148
Agata Wasik,8,10,146758,56,1726933
ALOK DESHPANDE,8,10,4777029,54,1805281
Svein Roald L Usken,8,10,14347,52,1174461
Dan Chapman,8,10,72866,51,2528487
Steve Raven,8,10,967073,49,2064628
scott freemann,8,10,995030,48,1973574
Ujjwal Upadhyay,8,10,1736754,36,5018660
Miguel Cafuquena,8,10,702955,33,5178384
Bill Seibert,8,10,2512597,32,5099866
Dougie Forbes,8,11,222706,81,794056
Richard Johnson,8,11,57490,72,500882
Michael Gilligan,8,11,162891,68,518998
Phil Longfellow,8,11,4065787,67,1096945
Seweryn Jak.ubiec,8,11,5694067,63,696697
Thanzeel Ali Kattukudy,8,11,85071,61,808681
Agung Ramadhan,8,11,1632857,61,1644300
Gerry Coenen,8,11,65221,57,2216713
Robin O'Sullivan,8,11,1541822,57,2692930
Keith Nicholls,8,11,460018,56,1271022
Lawal Akorede,8,11,201042,55,843391
Mohd Amiruddin,8,11,9000910,55,3831865
Jeremy Heng,8,11,4919652,54,2593772
devendra ghimire,8,11,2777766,53,3405310
Adam Vieira,8,11,1075802,51,1265701
Bonnie Maushe,8,11,3179032,51,2945129
Dhruv Galada,8,11,6706113,50,1296781
Nathaniel Dean,8,11,2019780,43,3867889
Ke Wei Tan,8,11,1996574,40,3006679
George Wilshaw,8,11,31197,36,1114679
Filip Johansson Bahar,8,12,76952,88,4317
Chris Coffey,8,12,844730,77,248869
Eanna Mannion,8,12,4309862,76,9986
tadhg keyes,8,12,3749143,73,155268
Nicholas Chin,8,12,1942555,71,58376
Hugh McWhinnie,8,12,1387172,60,1602350
Steve Ham,8,12,1054454,58,152017
Andrew Macinnes,8,12,171671,58,769986
Stephen Arbuthnot,8,12,13780,58,1608156
Jim Graham,8,12,5817571,58,2287305
Myles Daniel,8,12,4950612,54,1522704
Neil Madders,8,12,572904,51,1207608
Tersoo Adekpe,8,12,3587102,51,4707980
Malaikat Jahad,8,12,750803,48,2041256
Anton Simanchuk,8,12,6083080,48,3341834
Gareth Crocker,8,12,127121,46,495080
Jeff Whipple,8,12,4103046,45,3297482
Marek Kiełbasiński,8,12,862457,43,2621943
Dero Nelly,8,12,7481522,37,4267129
José José,8,12,8517060,33,5924500
Didrik Friele Grung,8,13,4875600,83,378357
Sanket Malwade,8,13,477524,69,52953
Shaun Claridge,8,13,109816,65,761478
Dan Simpson,8,13,375573,63,634949
Manan Vithalani,8,13,774210,61,1812247
shunveer sookun,8,13,141104,60,450543
Adam Harvey,8,13,1134362,60,2049129
Steven Denholm,8,13,371292,60,2474128
Zoddi Dizzo,8,13,15738,58,1506213
Roger Morgan,8,13,618719,57,57417
chris jefferson,8,13,1284827,57,549098
Martin Mrksa,8,13,1680182,57,3174199
john ryan,8,13,1729982,55,868460
Malvin Samanga,8,13,5824209,54,2008125
Khushaal Chouhan,8,13,2869688,54,5783895
Alejandro Luján,8,13,5176470,52,3696142
Anthony Daniyan,8,13,1038652,51,3358026
Aleksandar Loric,8,13,1088007,47,1401468
Chun Yung,8,13,4140167,37,4578655
Nikola Ćulibrk,8,13,1398637,33,7073277
Mohammad Rafi,8,14,9304,82,58837
Keith Rooney,8,14,4207463,75,93321
Sreeks P,8,14,54862,73,139483
Aaron Flynn,8,14,2668423,70,309754
Jan Alexander,8,14,403636,66,1156928
Tom Dalton,8,14,3833467,63,1113848
Bryan Foo,8,14,4782155,60,637018
Stevie Hodgson,8,14,1878342,58,905177
Francis Powderly,8,14,1483470,55,230265
Priyam Banerjee,8,14,351641,55,685876
Damian Wesołowski,8,14,408681,54,1370078
debayan dasgupta,8,14,7857702,52,534777
Peder Ernerot,8,14,620841,52,947458
Max HANNA,8,14,1190420,49,1122924
Diva Plavalaguna,8,14,257752,48,844388
Seamus McAdams,8,14,47249,48,1737735
Raul Ish,8,14,4026994,46,2122809
Cristian Rich,8,14,713430,45,1754155
Ayoub Rami,8,14,129339,42,1436062
Edis Azirović,8,14,1356009,42,3830052
Martin Renöfält,8,15,28967,72,359843
David Ellis,8,15,1344092,72,429489
Brian McKiddie,8,15,1244039,69,408093
Andrew Carson,8,15,2141188,69,918973
Thomas Sully Guerrier,8,15,1137631,69,1496093
Amr Elkayyal,8,15,640186,66,313839
John Hartupee,8,15,3321379,64,581018
Svetoslav Chimev,8,15,4422174,63,150838
Thomas Norton,8,15,9254,62,2651618
Matteo Pedrotti,8,15,2991079,61,670913
Dominic Flood,8,15,3814632,57,1394318
Junaid Abdul Mannan,8,15,20150,55,1671405
Brian Murphy,8,15,3136130,52,396015
Daniel Anderson,8,15,6623696,51,1436062
Francisco Tesla,8,15,8914009,50,2381366
Niclas Martinsson,8,15,5508431,45,1060259
Magnus Myrvold,8,15,2819863,43,2001082
Phillip Paterson,8,15,1953675,42,3130998
John Jones,8,15,4229688,39,4240774
Osamah Aldamen,8,15,1346966,34,4798918
Phil Britton,8,16,7153,81,19792
kimossabi العربي,8,16,266970,75,172489
Shahen Withana,8,16,356390,73,209733
Raj Pratik,8,16,52553,66,8890
Lumi Lof,8,16,3338291,63,142372
Ghaith Al Ghalib,8,16,742603,63,657126
Scott Glenn,8,16,635569,59,185304
Jere Lahti,8,16,10584,58,26555
Nikolai Piotrowski,8,16,5256483,58,109443
John Saunders,8,16,629663,58,336951
Kevin Renart,8,16,33551,58,945307
Patrick Cross,8,16,3808613,54,194391
Daniel D'Orlando,8,16,180065,54,511535
Tom Myers,8,16,4183120,54,556951
Mahmoud Khalil,8,16,6422647,52,1004537
Karim Mustapha Awadain,8,16,1237615,51,3066334
Mohd Azani,8,16,4946316,48,2290142
Rishi Presanth,8,16,3601178,45,3921599
John Glover,8,16,200798,39,2457721
Imran Ahmed,8,16,1672600,27,4255847
Natalya Seregina,8,17,3140783,78,383029
Oscar Jacobsohn,8,17,464465,73,117118
Harj Singh,8,17,2124876,69,647154
mike jones,8,17,511193,69,1061083
Brian Fitzgerald,8,17,3330362,66,338014
Kamil Cwieka,8,17,3451435,65,374628
Dave Cooper,8,17,689653,64,464140
Nick Triggs,8,17,5630359,60,540616
Norman Hayman,8,17,1667086,59,185737
Robert Vard,8,17,1399514,58,299187
Paul Reid,8,17,673650,54,1517368
John Perantakos,8,17,2537065,53,2431889
Rose Gilhawley,8,17,1151148,52,2409644
ADAM Aimeur,8,17,331499,51,1563415
John O'Halloran,8,17,1244409,51,3892339
Luka Tomsic,8,17,322606,45,2532656
Iñigo Ayerdi Irizar,8,17,661269,44,4710556
hossam-eddine bourass,8,17,1535685,43,4777240
Juergen Yong,8,17,8123697,42,1904352
Anand Vatsya,8,17,785084,37,4777928
Marcin Kupis,8,18,115435,72,85024
Samjad Mohammed,8,18,123310,72,265512
Kevin Wijaya,8,18,1881598,67,88056
Oliver Glatz,8,18,459274,66,115346
Einar Magnus Einarsson,8,18,187984,63,83078
Umer Usman,8,18,139644,63,384523
Eon Flagz,8,18,1739685,61,923409
Dražen Dragić,8,18,208552,60,1146680
Tom Holmes,8,18,2463431,59,1054192
Hristo Zhekov,8,18,810154,59,1235920
Shanito Bee,8,18,961100,58,2101869
Matt Weavers,8,18,4137458,56,1357232
Sodiq Wahab,8,18,14162,53,567271
jamie cormick,8,18,2046348,52,2204702
Edis Severi,8,18,704229,49,3006679
Neil Alexander,8,18,528857,48,2055240
Harry Roper,8,18,2474703,47,1725256
Arnaud Falisse,8,18,5862585,46,5756596
Lydon Reddy,8,18,7291739,44,1766040
Sasho Jovanovski,8,18,357086,32,4751163
Matthew Stewart,8,19,87009,76,246568
Bernard Brown,8,19,1014950,73,332728
Amy Walsh,8,19,3112779,64,166951
Adam Wright,8,19,982616,64,645846
Sam uel,8,19,4815362,64,809920
George Karmer,8,19,119692,64,1051934
Oli Turner,8,19,2379080,60,222008
Scott McClean,8,19,528571,60,864161
Aniket Antre,8,19,2358228,60,1326112
amita weaire,8,19,368603,56,461745
Baki Billah,8,19,5830359,55,1173306
Brad C,8,19,5486489,52,1952179
Brian Butler,8,19,333190,52,2970068
Alexandru Dorobantu,8,19,674633,51,1829432
Riza Ur Rob,8,19,517560,50,1383727
Artyom Bukreyev,8,19,6047857,49,4702594
Paul Maher,8,19,1250603,48,2834375
Paul Stanley,8,19,6072982,48,3392131
Kaustav Nayak,8,19,51244,45,1105536
Aaron Whiley,8,19,1469355,37,5332935
Georgi Bozhinov,8,20,239074,78,116021
nibir islam,8,20,948812,76,47761
Bijan Borghei,8,20,4820163,72,47133
Gustaf Ekholm,8,20,6092620,65,454614
Naquib Khalib,8,20,182880,65,579770
Peter Myrtle,8,20,1661113,64,582801
Maria Murphy,8,20,1575792,61,417330
Christian Steinbauer,8,20,3489854,59,316099
Pankaj Agrawal,8,20,801680,58,627386
David Coles,8,20,38209,55,587546
WC MAK,8,20,5851236,55,1138870
Heath Riky,8,20,174212,53,396692
Jeff and Jason Keen,8,20,20372,51,239661
Eunie Doherty,8,20,6070841,49,1115567
Kurtis B,8,20,2460908,49,3701672
Japneet Singh,8,20,5016842,47,931204
Unkle Sam,8,20,4913105,46,1256751
Ted Lasso,8,20,602002,45,679086
Andy Fisher,8,20,644615,45,1420776
Hemant Vallabh,8,20,1401016,33,1230748
Vyacheslav Morozenko,8,21,277448,80,70900
Chi Tsang,8,21,2547153,72,415371
Tom van de Ven,8,21,774395,70,1057821
Daniel Edney,8,21,4187184,64,815811
William Coventry,8,21,48148,62,391022
Alvin Mitchell,8,21,5864667,60,599302
Arno de Lange,8,21,554476,60,963127
Benjamin Malekia,8,21,1809938,60,1475495
Colm Vennard,8,21,16956,59,143229
Marty Finnerty,8,21,179231,58,1452872
Freshy .,8,21,10454,55,880031
Tom Schroffenegger,8,21,1977735,55,1723795
Stephen Mc Grath,8,21,3130404,54,338471
Coach Make$!,8,21,150095,53,490094
Will Stephens,8,21,345405,52,1168737
Ravindra Kondejkar,8,21,1185472,52,2650149
Nader Soudi,8,21,7620894,49,1579398
James Burns,8,21,299574,45,2723776
Zonaid Zaki,8,21,2624151,41,3385243
Anton van Loggerenberg,8,21,879369,27,7483914
Tom Grantham,8,22,784236,73,23617
mustafa hosny,8,22,1203471,72,477623
Aaron Spurling,8,22,6067149,70,40334
Mike Smith,8,22,2113595,67,174378
Bartłomiej Sienkiewicz,8,22,1999544,67,1478756
K B,8,22,512689,64,1259851
Gary Fitzpatrick,8,22,605847,63,473303
Boyan Angelov,8,22,131800,60,322722
Paris Iona,8,22,3329652,60,558697
Kris Sitiah,8,22,1829340,59,708186
chris moore,8,22,970319,58,277215
Björn Bromander,8,22,147156,58,936183
Mohamed ELmeslemany,8,22,2543999,57,1037921
Austin Wopara,8,22,37806,55,1008637
C R Sturge,8,22,590238,52,1106918
Lucky Luckyson,8,22,134784,48,3375286
Bradley Ball,8,22,7273629,47,2251266
geoff crangle,8,22,178429,40,4325069
Abdulla Farooq,8,22,7366581,34,5424870
Gwi Zdo,8,22,4736288,28,6784214
Sean Baker,8,23,5575310,79,74672
Armand Boshoff,8,23,212492,76,174378
Callum Beresford,8,23,366233,73,5497
Lautōrō Mwäbilë™,8,23,8192342,72,230092
Kevin Harris,8,23,5417,63,103369
القرية الفلاحية,8,23,314377,60,756127
Nikhil M,8,23,2706658,59,1023109
Nguyen Tung,8,23,250685,57,553271
Mohammad Haikal Halim,8,23,14754,57,1644635
Lamar Ellis,8,23,386211,56,546121
Tanmay Vora,8,23,265729,55,188592
Olamide Akande,8,23,1694497,55,738525
Neil Corless,8,23,2146772,55,2407911
Thomas Peel,8,23,922493,50,46423
Muhammad Agustiar,8,23,16193,49,559954
Cletus Dsouza,8,23,3928747,49,806765
Elphas Toreveyi,8,23,2622695,49,1891913
Sam Wright,8,23,1390590,40,1577647
Ashley Davies,8,23,84505,37,1967478
Jewel Khan,8,23,413579,37,3934662
Udit Khera,8,24,1176095,74,95577
Ben Marvin,8,24,40448,72,85112
Geir Inge Haukanes,8,24,539229,70,79053
Matej Horňák,8,24,332842,69,371286
Fili XIV Strašni,8,24,1402449,69,815267
Casper Nielsen,8,24,3237662,67,1403936
Janewit Siripurkphong,8,24,211131,66,901005
Adam Farmerie,8,24,738089,64,470466
Pritesh Shetty,8,24,35932,63,215480
Gareth MacGillivray,8,24,1160863,58,341422
Partth Sarthi Chakrabarty,8,24,509531,57,122872
Ricardo Santos,8,24,2903877,57,688384
Henare Mihaere,8,24,654653,54,1291335
Retiring Tinkerer,8,24,1424914,49,1679280
Alex Hitrik,8,24,1501236,46,1812247
Balu Nirmal,8,24,7298564,41,1089214
Zoheb Ali,8,24,83092,40,3680014
Steven Gaertner,8,24,2507407,39,4659771
george champion,8,24,980908,39,5301781
Shafi Ullah Khan,8,24,4298400,36,3875084
Shoib Gulamhussein,8,25,2215,70,246269
Andrzej Tarasiuk,8,25,2076363,69,332313
Tanmay Sarkar,8,25,230677,68,15389
It's B r a y o 254,8,25,983100,68,20114
Stan Shute,8,25,5532499,68,181436
Matthew Newago,8,25,895625,66,69572
Emanuel Gardiner,8,25,332984,66,1414978
Arvid Larsson,8,25,101127,63,351447
John Monnington,8,25,128617,60,340732
Ryan Goodger,8,25,121803,60,441858
Paul Smith,8,25,2102,59,680116
Matt Grossman,8,25,927955,58,550842
Raj Jadeja,8,25,1147469,57,2045198
E T,8,25,5119081,54,530171
Richard Noble,8,25,4438136,48,585627
Rich Prew,8,25,36689,48,1076598
Thomas Stasny,8,25,556657,47,794056
Lance Strother,8,25,3912504,43,4128075
james m,8,25,7078006,39,1630550
Hussein SONY,8,25,352420,21,7091512
Patrick Low,8,26,1423740,79,380150
YURII YU,8,26,11755,78,178337
christopher heath,8,26,1272160,75,2856722
Matthew Hudson,8,26,2249968,72,488486
Joseph Sithole,8,26,122554,64,301684
Alima Laminu,8,26,2346106,64,541720
Chris Mitchell,8,26,7966933,60,2499302
Darragh Gilhawley,8,26,615964,58,430740
Alex Gratton-Smith,8,26,419428,57,354392
Austin Banda,8,26,434476,57,1165151
Akshay Gupta,8,26,4190337,54,2704916
Arie Yanto,8,26,3775689,54,4962945
Dipto Sarkar,8,26,3915909,52,2008125
Jose Clua,8,26,2595223,51,969043
shuaib Khan,8,26,1176482,50,1238232
Scott Rouse,8,26,2210309,49,5664282
Piti Krasaesian,8,26,3115132,48,1246572
Sam Ruben,8,26,967222,48,1365181
Marcus Halland,8,26,4019420,42,1201323
Sean Donegan,8,26,1874792,24,6330140
Mohsin Qazi,8,27,77868,80,592942
Paul Muir,8,27,6607,75,122480
Shahanur Ahmed,8,27,2206,73,524281
Kerry Hodgson,8,27,9930,64,171998
Chris Zhuang,8,27,2324469,63,686482
Alieu Imam Sankoh,8,27,1571454,62,128957
Nathan Crook,8,27,883680,62,347015
Deniss Trofimov,8,27,5891413,61,667972
Kumaran Rajendran,8,27,177789,57,745489
FPL Baller,8,27,435315,56,278904
Andrew Robins,8,27,1132171,55,255229
John Face,8,27,264123,55,520855
Davilen Mauree,8,27,341691,55,617270
Philip Vickers,8,27,4662266,50,1057495
Ayeyemi Shola,8,27,1552227,49,3958582
Peter Campbell,8,27,3295280,46,1518081
Jarmo Savinainen,8,27,562845,46,1903690
Doyle BrunsoN,8,27,1856517,40,1309556
JHL Srisalouykul,8,27,3571579,40,6324038
mR bOnZeR,8,27,278095,39,1074911
Max Xhauflair,8,28,25579,77,3091
Andreas Morgenthaler,8,28,808989,72,931204
Andrew Ma,8,28,48309,70,23617
Clare Southcombe,8,28,294416,70,88247
Joseph Creason,8,28,1894259,66,267616
Finton Kiely,8,28,2421884,65,379760
Ben Alexander,8,28,3759824,63,146392
Aman Arora,8,28,125075,62,124842
James Hayes,8,28,7303371,62,1049543
Dean Edwards,8,28,752114,60,83626
Sittiwat Sahawat,8,28,147069,59,153252
Jazz Sian,8,28,1763417,56,614768
Tom Arnold,8,28,1897080,56,1074081
Malon Brown,8,28,6635409,55,646285
Terje Karleng,8,28,1721399,54,577180
Ellie Dougall,8,28,6326369,46,1708861
saurabh patel,8,28,5000130,39,1577647
dermot casey,8,28,721529,39,3010686
Dan Conaghan,8,28,3270126,36,2250336
Andy Jones,8,28,5141313,24,6823319
Simon Pickering,8,29,53318,77,273085
Victor B,8,29,1913704,73,204629
Prometheus Legacy,8,29,2149817,72,102312
Nick Robertson,8,29,27050,69,264279
Nige Fox,8,29,171405,68,62877
Niclas Andersson,8,29,178238,63,138481
Sumanth Ch,8,29,372276,63,448406
Harrison Tsekouras,8,29,25027,60,610286
Needle Man,8,29,369521,60,755377
steven forster,8,29,3653934,57,2078081
Ben Arfa,8,29,4158010,56,702797
Riba de Sella,8,29,8543826,54,1837287
Pat Kelly,8,29,3145676,52,3974161
Adrian Bartle,8,29,1201975,51,881857
Damien Cosgrave,8,29,6950835,51,1908872
Elias Pétur Vidfjord Thorarinsson,8,29,4712801,46,3508871
Ade Wijaya,8,29,2209582,45,2659901
Sam Roberts,8,29,312969,42,1751520
Taylor Ulmen,8,29,4561487,40,4007839
Jovan Jakšić,8,29,1254840,35,1591393
Þorsteinn Magnússon,8,30,5421890,76,6664
Richard Mason,8,30,551171,69,707541
Benedikt Bjarnason,8,30,176048,62,4576
german s,8,30,121349,62,444659
Cormac Walsh,8,30,757530,62,807841
Vincenzo Giovanni Da Vinci,8,30,7171,61,204373
Kyle M Smith,8,30,1142231,61,318444
Mateja Trtica,8,30,541690,60,74177
Niclas Leonardson,8,30,27132,60,104749
Zackyouell Hassan,8,30,760135,59,1503847
John O'Brien,8,30,5140689,58,302476
Jayne Johnson,8,30,4470313,57,526209
Mark Holloway,8,30,6199523,56,175002
Louis Richards,8,30,5113911,53,219596
Vasilis Giakoumakis,8,30,2937973,52,640545
Mike French,8,30,7164,52,843062
Zoltan Acs,8,30,481006,51,781428
Tom Jones,8,30,1805281,49,1825340
Steve Harrison,8,30,8847,39,780020
Senth Selvam,8,30,4253615,30,1314513
David Lichtman,8,31,489993,75,163827
Camo & Jacko Dodd,8,31,1655690,71,5109
David Curnick,8,31,785722,70,168688
Carlos Barros,8,31,80158,66,554708
Joanne Hewison,8,31,14921,65,147727
Elliott Nicklin,8,31,11064,64,75331
Vipul Bhatia,8,31,1175511,64,473850
Declan Walsh,8,31,4197503,62,439742
Christian Tobin,8,31,5919629,61,1061821
Diane Moody,8,31,2335845,58,2428486
Kevin Griffin,8,31,1123793,55,320400
Nikodem Surdacki,8,31,254136,54,1448343
Peggy Lakey,8,31,7878930,51,2588243
Mike Birdsall,8,31,590109,49,2483594
Travis Manikkam,8,31,3008797,48,1008244
Daithi Michael O Deisce,8,31,6683506,48,1924577
Prince Ugochukwu,8,31,117592,48,3381921
Ahmed Negm,8,31,153370,43,1419112
samyak jain,8,31,7634427,42,4273556
saiful islam,8,31,2162560,38,5070034
Mike Shires,8,32,395199,82,223755
Sean Edwards,8,32,8395,78,417739
Diarmuid Shortt,8,32,106710,74,50615
Danny Watkins,8,32,3391761,67,52312
Andrew Sunderland,8,32,138938,66,172489
Nick Ploumis,8,32,1696617,64,235176
Odion Akhimiemona,8,32,246904,59,179081
Nik Gandhi,8,32,1842214,58,621108
ONE LOVE,8,32,3009865,57,172917
Chisha Mazimba,8,32,233089,57,1998453
David Vardanyan,8,32,156798,53,851613
Paul O Connor,8,32,1235021,53,1567524
Jamie Barry,8,32,2169844,52,774737
Simon Koutaplis,8,32,456274,52,1092307
Luke Staddon,8,32,630607,52,1324649
Nikola Nesic,8,32,2337626,51,1184233
james hopkins,8,32,2004566,48,810813
Emmanuel O,8,32,1802621,36,3622613
Kerry Garratt,8,32,1816806,35,1703821
Goran Lakic,8,32,682410,35,2862601
Stephen Aiken,8,33,3162755,87,13221
Paul Swift,8,33,1230072,73,228741
Greg Simpson,8,33,151461,72,241747
Will Ostdiek,8,33,754473,71,133153
James Murray,8,33,238452,61,280055
Paul Dodd,8,33,1373221,58,64153
Marcus Leong,8,33,333452,58,466766
Rob Towers,8,33,178871,56,1547003
Aaron Ball,8,33,250798,55,109732
Stuart Purkiss,8,33,1154113,55,620099
Cullen Wilson,8,33,279414,54,2434384
Jon Peden,8,33,755472,53,1591393
Kevin Mitten,8,33,2415043,52,1430319
Chris Irving,8,33,1734226,49,863881
Moustafa Ashour,8,33,8436232,49,2256143
Jewel Jose,8,33,57877,48,419831
Sanjay Bathija,8,33,3671447,48,1814371
Orn Ulfar Saevarsson,8,33,3522193,47,1437996
Dillon Whyte,8,33,1829730,46,637899
Charlie Weatherill,8,33,643,36,1984778
Tommi Skogberg,8,34,1351566,73,149902
Kuba Büttner,8,34,27578,71,19435
Martin Yates,8,34,166881,68,126931
Steven Goddard,8,34,660638,67,117305
Lucas Johansson,8,34,1046474,66,524281
Stu Neft,8,34,152083,65,12057
John Foreman,8,34,889403,65,1738332
Bobby Digital,8,34,5096,64,485470
Lucas Leiva,8,34,6672541,59,1190923
Bashir Garba,8,34,3252839,58,2078992
Danilo Backović,8,34,163704,57,297140
Kshitiz Basnet,8,34,1502274,57,392209
Mike Parker,8,34,3167263,52,394643
Remy McHennie,8,34,2111592,48,809395
Ewoma Ogidi,8,34,622267,48,856247
Arnie D,8,34,926637,45,2435070
Temitope Odulate,8,34,2720820,44,5107597
DaNo TAi68,8,34,146975,42,1823407
Bertil Evertsson,8,34,22832,42,4586495
Nabi Bana,8,34,4388,39,2741048
Sam Owens,8,35,26873,76,46819
Robert Salisbury,8,35,3814198,74,520243
Chris Jago,8,35,7658,69,153252
Michael Welsh,8,35,4714158,67,291905
David Ross,8,35,311334,67,536817
Dean McDonald,8,35,183765,65,150207
Cameron Boyd Smith,8,35,1475079,65,773726
Ihor Sehinovych,8,35,1596960,63,606819
m an9ari,8,35,250909,60,1351203
Ritesh Nair,8,35,4755892,59,732955
Arthur Gomez,8,35,881722,58,496272
Mark Daniels,8,35,1646039,57,998825
Ventsislav Penev,8,35,1737881,55,942872
Jack Gwynne,8,35,632771,51,1758960
Alan Kan,8,35,5164942,44,1385558
Finlay Taylor,8,35,6435119,43,1302889
Stephen Mansfield,8,35,626410,39,1502453
Pritish Ramu,8,35,972863,39,2632088
Suzanne Ball,8,35,1892091,39,2881606
bilal bouakaz,8,35,7286992,38,4545997
Tony Zelinskiy,8,36,1446383,76,283542
Nicolas Gendron,8,36,3331113,73,140885
Nitin Pandey,8,36,480871,72,451904
Matt Bilton,8,36,286262,70,75874
A Transcended Mother,8,36,18803,64,810710
Steve Darbin,8,36,168327,63,1470596
Ivan Tomašević,8,36,787637,61,943786
Kimmo Nordstrom,8,36,1694792,60,468845
James Bonifacy,8,36,1191136,59,354763
Charles Dove,8,36,578239,58,698030
John Palmer,8,36,6152756,57,871851
Bhasanan Sukanthanak,8,36,213044,55,2222859
Patryk Oszczepalski,8,36,3408400,54,224015
Paul Mann,8,36,5579546,54,1083550
bryan ritchie,8,36,229308,48,2666102
Wiseman Ndakondja,8,36,1908848,46,1483989
Connor Jackson,8,36,5354917,46,2642658
Jon Heron,8,36,340758,46,3809844
David Webb,8,36,1670647,37,723104
Abhijeet Pendyala,8,36,7918109,32,4301328
Graeme MacPhee,8,37,624201,87,148205
Graham Walsh,8,37,683239,79,62516
Kofi Owusu-Kyereko,8,37,1737,78,489463
Moses Samuel,8,37,232444,72,625044
patrick wilson,8,37,327101,69,241997
Andy Clark,8,37,26575,69,332066
Augustas Jakubynas,8,37,3817072,69,1147944
Anh Quân Đinh,8,37,737203,64,338916
Rabin Khadka,8,37,4824917,63,479946
nejc golob,8,37,2411209,60,969483
Jay See,8,37,547556,60,1555872
Adissen Vayavoory,8,37,5465964,58,1997984
Aziz Baccouche,8,37,255232,52,1104622
Andum Nugroho,8,37,2355700,52,3574294
Uzumaki Naruto,8,37,2943982,42,2677174
david hunt,8,37,557788,39,4264672
Dylan Burke,8,37,669544,39,5494990
Sam Spencer,8,37,792766,36,6511227
Evan Donaldson,8,37,1955221,28,5627729
Rob Lonsdale,8,37,6349276,21,6794046
Joe Milnes,8,38,149468,74,178049
Phil Reynolds,8,38,1993658,73,533231
Pa Joy,8,38,3174950,72,695088
Paul De Duonni,8,38,6782032,70,542849
Simon Fox-Mella,8,38,56277,69,342057
Tore Torgersen,8,38,1101513,68,775562
David Hopkins,8,38,3610756,64,123786
Alex Babut,8,38,4406986,58,331713
Jake Wilde,8,38,2214319,58,1062493
Quentin Cruse,8,38,64214,57,281386
Galib Choudhury,8,38,680110,57,970276
Terry Fryer,8,38,298162,55,770948
Brian Doyle,8,38,2983731,55,1069373
Dale Stephens,8,38,547093,49,1116353
Hannu Tapaninen,8,38,6954987,49,1705921
Adam Williams,8,38,7229651,46,2478526
Aniq Najmi,8,38,371349,45,809062
Joseph Janicki,8,38,52749,39,5408342
Bikash Tolange,8,38,2590438,36,2938581
Peter Smith,8,38,1476982,31,4594083
Pakcu Wink,8,39,1505970,76,427919
Jonathan Flay-Petty,8,39,48791,73,110195
Gyles Lawson,8,39,65351,73,127994
Jasen Stipicic,8,39,1462463,67,505711
Matt Calcagno,8,39,641274,66,175968
Sachin Amarasekaran,8,39,5464,62,145526
veteran. nvm,8,39,896884,60,462863
Geoff Graham,8,39,1925852,60,1505535
Martin Dalzell,8,39,9629,59,601724
Karthi Muniandy,8,39,1298899,58,281099
Daniel Pedersen,8,39,2623302,58,1527425
Marek Sulak,8,39,8001237,55,488082
Baron Meyer,8,39,738852,55,1094684
Raz Khan,8,39,3988966,54,2091544
saiful islam,8,39,2336778,51,1150509
Igor Vukmirica,8,39,358414,51,2409254
Niall Herlihy,8,39,2910476,46,2077022
Tim Swingler,8,39,1114259,40,2440604
Shulab Shrestha,8,39,7341991,39,3439504
Lewis Fitzjohn,8,39,1732307,27,10477927
Sreekanth Menon,8,40,16313,79,344981
Saurabh Keni,8,40,3512184,67,906547
Christian Mittelhauser,8,40,4204418,66,140885
Michael Metzger,8,40,334999,64,38112
ade ade,8,40,276926,64,322444
Nicholas Dalfonzo,8,40,111895,63,29327
Piotr Waniurski,8,40,5111542,63,715353
حوار و بن شهرة,8,40,293198,63,890652
Ateker Owane,8,40,347451,62,913881
James Barnes,8,40,970948,61,849673
Kelvin Pang,8,40,6237,60,624091
Russell Owen,8,40,2832741,57,314826
Paul Hallam,8,40,699330,54,1129463
Sreejayanth E S,8,40,4573178,54,3258157
Colin Chapman,8,40,3879911,50,66320
Providence Allen,8,40,473562,50,1149251
Idris Ashimi,8,40,176626,49,4621454
Steve Western,8,40,168434,45,4584433
Nic Bennett,8,40,5229625,31,2562490
Ankit Mathur,8,40,1651463,31,5576590
Peter Willis,8,41,18420,81,20114
Hans Hayrynen,8,41,1975384,70,251566
Fahmi Paham,8,41,2567184,68,253859
Georgi Arnaudov,8,41,759962,67,773726
A Sarhan,8,41,1783228,66,416866
Russell Main,8,41,453719,66,651656
Amaechi M,8,41,2961925,63,440547
Ibrahim Dasuki,8,41,1882172,61,103369
Jeff Tao,8,41,5267249,60,561847
Sucram Neerg,8,41,561583,60,1996894
N Ward,8,41,413379,59,646122
Noctis Robin,8,41,1815425,58,188873
John Keane,8,41,3585750,58,3038726
Udhedhe Orogun,8,41,60781,54,206219
Khun Galee,8,41,1180401,50,809920
Duncan Wise,8,41,154073,48,1856980
James Evans,8,41,1212435,42,2295582
Millie Jayne,8,41,384949,37,4428306
Sonny V,8,41,529556,33,3385510
Stephen Harland,8,41,4770086,31,5607352
Mohsin Rizvi,8,42,2117182,76,87877
Luke Humphrey,8,42,145710,72,152641
Richard Lucas,8,42,303102,66,142137
Scott McCowan,8,42,3731483,66,142974
Evald Khelshtein,8,42,18456,66,257363
Tommy Kevil,8,42,307346,64,284767
Lars Christian Engebretsen,8,42,760526,63,259188
Mark Eastwood,8,42,1101906,61,77523
Jamie Leslie,8,42,4542092,61,140592
Mohamed Naim,8,42,6178467,60,333234
Gareth Yeo,8,42,14164,60,647797
Charlie Price,8,42,4849,60,836725
Lord Quasi,8,42,474153,54,220320
Merah Muda,8,42,7381882,49,706232
Rohit Desai,8,42,5811830,49,1689605
Paul Fox,8,42,24127,47,2105899
Sandeep Reddy,8,42,3484281,45,4571341
Kate Reading,8,42,1893994,42,2495829
Fleming Fillis,8,42,305678,39,2870855
Andy Stanger,8,42,6130578,32,5381165
Milos Zdravkovic,8,43,6046,84,110594
Nishant Bhide,8,43,4608128,80,128475
Johan Balan,8,43,3206528,78,141647
Babatunde Akinola,8,43,2168711,72,536817
John Wray,8,43,254100,69,132704
William Griffin,8,43,1888385,67,92921
roger purvis,8,43,371706,66,119211
Junayed Hasan,8,43,31248,61,214772
Marte Solgård,8,43,2174269,61,805487
Lee Robinson,8,43,326284,57,364833
zethembiso simelane,8,43,5668524,56,674398
Mohammed Sufiyan,8,43,774594,54,637899
Danny Durso,8,43,1056740,51,275132
Francesc Badia,8,43,12975,51,1045454
Mick Atkins,8,43,1369295,51,1503847
Mike Gallagher,8,43,3072638,48,2066971
Linton Joseph,8,43,3685238,46,3111407
Alejo Barboza,8,43,4600616,34,4515966
Frederick Wright,8,43,7647377,27,8792986
ZAKARIA ELRHERRAS,8,43,1778018,19,8385359
Anthony Meneguzzo,8,44,2548156,81,65381
Edward Rooney,8,44,99936,78,7463
Lazar Harizanov,8,44,5310126,69,452948
Ben Z,8,44,450895,69,574305
Jomana alexander,8,44,8346325,65,470795
Tobias SIkström,8,44,2360596,63,1750320
Dmitriy Kulikov,8,44,458072,62,461745
Jessica Kim,8,44,6319633,60,576578
Tim Castle,8,44,3951205,60,949085
Gordon Tyrie,8,44,4518492,60,1391410
G Whizz,8,44,130176,59,20711
Chee Hong Chan,8,44,56058,58,1000997
Andrius Žulpa,8,44,3225238,55,246941
Stefan Forsberg,8,44,17290,54,179511
Tariq Maqsood,8,44,7954860,51,1202221
Filip Molnar,8,44,845684,45,1002613
Anindya Sen,8,44,5833066,44,2556124
robin galan,8,44,4044868,42,4689922
Michael Akinola,8,44,2339158,32,2606106
james orton,8,44,967378,25,4256247
Richard Pearson,8,45,36627,80,9938
Marco Amador,8,45,2865459,76,982824
Rutvik Shukla,8,45,1021440,70,35961
stuart mitchell,8,45,428741,70,317087
Samarth Bhardwaj,8,45,3402843,68,1628423
George Williams,8,45,2152374,62,290514
Ryan Reid,8,45,30255,60,2176
Thom Kerekes,8,45,2473703,60,236287
Ceasar Mawerere,8,45,630897,58,701138
richard davies,8,45,535510,55,374159
Christian Gruehagen,8,45,1412998,55,418716
Sujen Shrestha,8,45,3827540,55,628786
moyosola junior,8,45,28863,53,102312
Matt Hoskins,8,45,272287,51,795627
Sean Nelson,8,45,2406605,51,807841
Marko Drašković,8,45,1842405,49,1746824
Anthony Spellman,8,45,171849,44,1060259
Silje Vo,8,45,1085836,43,1431930
Jay Janicki,8,45,58173,34,2484324
Kirsty A,8,45,3021441,32,3606949
Ragnar Mägi,8,46,2532137,79,60057
Angus Turner,8,46,185315,76,218607
Niall Campbell,8,46,8482224,72,865682
Mekibebe Gebre,8,46,277222,69,653607
Arun Kumar,8,46,9356,67,232894
Duncan Bennett,8,46,13995,66,244864
Wes Mechen,8,46,1265682,64,1321589
Zack Sumendap,8,46,4209869,63,197966
Sean Hinners,8,46,735824,63,961766
B Fernandes,8,46,5677814,61,223531
Arez Razin,8,46,4504268,61,445193
Khalid Ahmad Naina Mohamed,8,46,4757071,61,3376460
moustafa bebo,8,46,7189913,51,3248473
Naman Agarwal,8,46,6725113,49,380520
Salah Mohamed,8,46,384445,49,3914467
Ryuzaki Orenzo,8,46,1715900,45,1842992
"Mr. ""The Bounty Hunter""",8,46,3602276,42,1793499
Rory Savage,8,46,2702540,42,3051256
Alistair Bohm,8,46,2349298,40,3197094
Clas Lindberg Odhner,8,46,7011088,15,8341097
Josh Pauk,8,47,3874675,78,40465
Benjamin Arizaga,8,47,424950,78,113603
Paul Brett,8,47,644429,74,201250
Hamish Paisley,8,47,392719,66,467808
richard rev'es,8,47,2619127,66,515414
Ben Holmes,8,47,839014,64,442200
David Lunt,8,47,4140366,64,627858
Dolapo Olatoye,8,47,7260945,63,1253416
Andy Reeves,8,47,761458,61,1017679
godlytriad Cóbó,8,47,8163006,60,1253147
Bank Nathapol,8,47,6155786,60,2128153
Matthew Hurley,8,47,1359765,57,1312819
Richard Greaves,8,47,6999605,54,530171
Ronan McCaffrey,8,47,4593696,52,1488408
Pritesh Wagjiani,8,47,570,49,820712
Craig Pesce,8,47,1598910,46,4008399
Javier Pabe,8,47,520792,45,2640527
Aleksandar Cvetkovic,8,47,249795,43,3488703
Stano Svetkovský,8,47,3668223,37,2557607
Prathamesh Salunkhe,8,47,156364,18,9228745
Matt Church,8,48,488881,82,13450
Olli Mattila,8,48,3986925,79,955
Alex Garden,8,48,275191,76,351159
Ian Turner,8,48,134681,72,84369
Adryan Fikardillah,8,48,1897849,71,429489
Nairit Sur,8,48,4678492,65,105721
Egert Piip,8,48,326785,64,130672
Arvin Velu,8,48,6440908,62,222301
Muhammad Zaraz Alam,8,48,134294,61,356661
Nikhil Narang,8,48,9433,58,45615
Andrew Murray,8,48,370045,56,507084
Jason O'Donovan,8,48,1144514,55,2243115
Ben Marson,8,48,841855,50,1124851
Håvard Ringen,8,48,337062,49,1580262
Jason Townsend,8,48,147153,48,1411377
Paul Connolly,8,48,2179512,46,1877633
Dean Macriyiannis,8,48,3007407,45,1029203
Atiba Hudlin,8,48,134076,40,2415457
Phil Gardner,8,48,76744,27,5841350
Jaheim Fletcher,8,48,2733483,22,6084385
Arleen O'Rourke,8,49,133900,73,80974
Dane Moody,8,49,8136869,70,318647
German Sanchez,8,49,1713190,69,226919
Dean Fisher,8,49,36304,68,183979
Jaye Tan,8,49,3330600,65,33535
Ahmad Fayyadh,8,49,9167,65,834998
John Henry Owen,8,49,3953092,63,1100010
Bob Bayliss,8,49,54228,63,1540363
Huy Nguyen,8,49,291243,62,38387
Ruairi ODuil,8,49,3793339,60,891411
Saulius Valašinas,8,49,474041,58,872912
Damien C.,8,49,714312,57,677070
Miron W,8,49,2544200,57,1361604
Benjamin Karanja,8,49,196178,54,733584
Philip Bourne,8,49,512789,49,1900994
Darren Hyett,8,49,627568,45,1826809
Paritosh Pandey,8,49,962706,44,3620120
Ini Pirisola,8,49,6257581,41,895292
Emmanuel PengS,8,49,4810161,37,3706147
Nicholas Maitland,8,49,4122225,29,7916077
Eoin Scanlon,8,50,612682,84,2013
Shane Goodwin,8,50,113687,73,335
Simon Humphreys,8,50,612553,71,76565
John-Paul Crofton-Biwer,8,50,546418,67,225048
Colin Elsbury,8,50,17520,66,40353
John Wambua,8,50,42458,66,115882
Panos Ven,8,50,270599,66,208116
Liam Buckley,8,50,852907,62,560294
Todd Parker,8,50,415880,61,211041
Dom Passantino,8,50,36338,61,678439
Greg Morrison,8,50,590546,53,236917
Chris Ng,8,50,2799968,52,376806
Abdallah Mousa,8,50,18912,52,1482781
John Comeau,8,50,7224116,51,586514
Jason Byrne,8,50,1433929,51,682090
Alex Creswick,8,50,2893553,48,1033444
Baidar Kayani,8,50,8426781,41,2060506
Sash Wand,8,50,262983,39,1329999
Didier Miéville,8,50,9468060,39,2857985
Ahmed EL*Banna,8,50,2869448,30,2841403
Ed Christie,8,51,362601,76,181722
dale carter,8,51,1040889,74,90537
Bob Mourinho FC,8,51,2427548,64,302476
Dudson Yip,8,51,258447,63,590788
Hank Papi,8,51,465070,61,84532
Lewis Daly,8,51,391916,61,142912
Nithia Naidoo,8,51,825531,61,642868
Aaron Leggott,8,51,6225678,61,1616830
Rob Fergusson,8,51,1932877,60,483591
philip ocharo,8,51,5124562,58,1081059
Aryan Satwani,8,51,5710255,57,778244
Barry Holloway,8,51,1685404,55,501513
Hordur Gunnarsson,8,51,6859960,55,872912
Dariusz Klukiewicz,8,51,3001043,55,1217157
shane chapman,8,51,2904882,53,605160
Bryce Vella,8,51,1427707,51,415192
Fraser Doig,8,51,3101183,51,675038
Rudi Voetterbachl,8,51,3229761,43,1360403
Paul Cryan,8,51,6677885,38,2344507
mark goodings,8,51,6437087,33,5159730
Les Mcqueen,8,52,600975,81,19367
David Galvez,8,52,3101710,81,25352
Guy Sebastiaan van Manen,8,52,667211,70,295253
Christopher Bench Bradbury,8,52,85339,67,371793
Frank Langat,8,52,294542,66,274488
Radu Paraschiv,8,52,35392,63,56100
Yemz Ofulue,8,52,965472,63,744770
Keegan Furlong,8,52,756257,61,723104
andrew burdett,8,52,1074823,57,173634
Sarah Nzekwe,8,52,7257422,57,2140890
Gerry Fitzgerald,8,52,19606,55,582461
Henry Fosdike,8,52,79734,54,1112823
Sushant Tuladhar,8,52,473660,51,192623
Gerard Murphy,8,52,866139,49,183979
Andre Dickenson,8,52,2590664,49,575683
Sir Ben,8,52,85555,46,2158559
Luigi Pagliara,8,52,1535459,43,302476
WONG S.W.,8,52,1598044,43,1067228
mark crawford,8,52,495976,42,4413479
Christopher Day,8,52,179405,37,2012294
papun Banerjee,8,53,21216,79,20427
Paul Nolan,8,53,38022,76,8777
Matti Kaijomaa,8,53,1881454,73,221011
David Manuel,8,53,209071,66,293916
Milosh Stojkovic,8,53,1466309,64,22939
Cassie Hamman,8,53,5415713,63,743795
Andrew Hughes,8,53,370974,61,171121
Philips Ayoola,8,53,1638120,60,2326273
Matt Hampton,8,53,629289,59,271804
Haroun Turay,8,53,2212659,58,454135
Steven Scouller,8,53,159265,57,1520972
Aditya Phisake,8,53,12285,56,92028
andres h. fernandez,8,53,183011,52,581728
Niklas Björkbacka,8,53,3362938,51,1095833
Faez Barbarossa,8,53,799573,51,1730059
Hamid Adewuyi,8,53,1351786,49,1223532
R U,8,53,609916,45,3051821
Joe Farrier,8,53,1254653,40,2911354
James O Dwyer,8,53,322558,38,1002613
Marcus Ladd,8,53,6085087,31,4191703
Dave Lawrence,8,54,2766838,84,353930
Leonard Leong,8,54,249034,80,2081
Shervin Vencatachellum,8,54,464600,70,125681
Brid Gilhawley,8,54,1142886,70,201954
Yila Daure,8,54,1248214,66,982824
Dave Clarke,8,54,59706,65,297957
Samson Pereira,8,54,5860563,63,777439
Theo Nkopo,8,54,4512007,63,1058603
Eoin Morrissey,8,54,1135412,60,372183
Andre Cooley,8,54,1057268,57,1136649
Brian J,8,54,3745,57,1684665
King Stone,8,54,4059840,52,939821
bernard walsh,8,54,3545112,49,1449954
Raymond Fitzpatrick,8,54,97297,49,2012996
Vibhor Agarwal,8,54,16428,46,1331751
Callum Morton,8,54,5570511,45,3353841
Stephen Radic,8,54,2001850,42,1109987
Sande M,8,54,6220329,40,3190705
Tarauni Abdullahi,8,54,4640655,36,4256577
Sajid Champion of 2011 - 2024,8,54,7623827,35,6855879
Drew Leshko,8,55,289859,83,4317
Phil Higson,8,55,9275,72,85157
Jim Quaid,8,55,221069,71,193490
Nakshatra Mukhopadhyay,8,55,349691,70,483591
Karl Cullen,8,55,3352787,69,902872
Mohamad Haidar,8,55,4306795,66,595827
Derek Kenny,8,55,1270614,63,301684
Tashmid Ahmed,8,55,2486770,58,1320711
Grzegorz Mirek,8,55,7148946,57,843954
Mahmoud Ben youssef,8,55,303735,56,394643
Sam Barber,8,55,3687314,56,4089131
David Brownridge,8,55,199261,55,1081059
Nemanja Arbutina,8,55,790794,55,2213640
Papun Banerjee,8,55,17046,52,138481
Akilesh Radhakrishnan,8,55,17363,51,204855
Zoran Randjelovic,8,55,1934462,49,1971139
Keeren Jaya,8,55,291585,46,1950531
Roger López,8,55,2214678,45,1069373
byron Fegen,8,55,1149017,34,3676799
Sami Saarinen,8,55,388133,23,5820119
Ryan Lee,8,56,8982,78,503220
Aidan Dornan,8,56,209619,75,1042749
Henry Simanjuntak,8,56,344539,73,37522
David Thébaud,8,56,1168714,70,246054
Andrew Ball,8,56,909246,70,349030
Clint Spencer,8,56,22539,69,1453150
Peter Fernandes,8,56,5454140,63,342247
patrick brosnan,8,56,1842089,60,1487098
Richie Tutill,8,56,1232649,58,783844
Simon Duckworth,8,56,1508831,58,1238647
Lee Stevenson,8,56,2111867,58,1493711
Charlie Salah,8,56,322843,57,764922
Joel Saviniemi,8,56,1490677,55,262804
Ingo Weihrauch,8,56,1222608,52,1766823
David Moore,8,56,1559565,51,4200755
Patrick Gill,8,56,5854441,50,1193312
Paul Gibbs,8,56,393490,45,676197
Andrija Bijelic,8,56,710792,38,925030
Nicholas Dolamore,8,56,735193,28,4609029
Rory Conniffe,8,56,2996888,25,6260197
Hne Wilson,8,57,937154,72,357620
Marc Thivessen,8,57,12336,71,176379
Derek Cullen,8,57,1108189,69,558152
Darragh Gilhawley,8,57,1106300,66,41217
Riley Walker,8,57,53107,66,61813
Michael Houbre,8,57,136754,66,186785
Jalal Munasser,8,57,4153665,66,770669
Nikola Milekić,8,57,7778,63,1482115
Paul Camp,8,57,552872,60,500469
Hywel Reeves,8,57,383067,57,440147
Kenneth Hatlevik,8,57,440988,57,490891
Mwai Mashunga,8,57,39465,55,278439
@Expat_Asia .,8,57,2978325,55,4737688
Wayne Jordan,8,57,1305764,53,1607715
Callum George,8,57,7437256,49,1265288
Abiola Samuel,8,57,5046437,43,3804709
Christopher Brena,8,57,1162012,43,3849722
Kofi Appiagyei,8,57,25968,40,2398856
Ademola Abolarin,8,57,1057017,39,4365968
Taidgh Richards,8,57,4510672,36,3745107
Mark Embleton,8,58,2572683,78,144065
Rich Fox,8,58,2030,71,84683
Pat Monahan,8,58,7847,70,173816
Mislav Znidaric,8,58,1638014,69,280785
John Redmond,8,58,4491887,66,495890
Michael B Scofield,8,58,383086,63,227669
Jonas Mueller,8,58,452737,61,694593
Gus Anastasiou,8,58,139903,60,781428
Usman Jaafar Ruma,8,58,223683,59,290820
Matt Bundy,8,58,1921806,57,378844
Yudish Callee,8,58,1367745,54,94914
Lakshay Aggarwal,8,58,6078395,52,200998
Ara Hampy,8,58,359784,52,360479
Bryan Cavanagh,8,58,2470901,52,433596
Joe Evans,8,58,3108915,51,1433528
Milan Nikolic Zloba,8,58,163440,51,3539761
Chris Hames,8,58,3033876,48,1010512
Andrew Harrison,8,58,396105,46,1090062
Baris Sener,8,58,4192513,39,5795205
Liren Xue,8,58,1234084,34,2085538
Gerard Horan,8,59,3662990,70,767041
Ahmed Atteyeh,8,59,3451754,70,1124851
Peter Nowak,8,59,504289,68,249249
Raphael Deinhart,8,59,201530,67,389347
Greg Turville,8,59,5408991,65,621574
Don Glausiño,8,59,4805742,63,231376
Peter Wroe,8,59,1564985,63,532861
Ballack Low,8,59,2931550,63,901005
Owen Underhill,8,59,1430415,61,43778
Fara Akramov,8,59,782272,61,70245
@stephen,8,59,494027,61,885309
Steven Somerville,8,59,1120157,55,672599
Van Petrosyan,8,59,305252,54,3267196
Martin James,8,59,701446,53,303381
Joseph Jreij,8,59,167175,51,824867
Tone Ågedal,8,59,8267129,51,2898370
Anchit Bhagat,8,59,3548107,48,3419325
Shafin Shoaib,8,59,7414,45,2247743
Matthew Phillips,8,59,4790502,40,6860275
Lee McInerney,8,59,1872722,24,8726877
Sidharth Suresh,8,60,139998,76,393002
Steven Fox,8,60,130970,75,234519
Erhan Karahan,8,60,712787,73,244864
Lord's Will,8,60,2947255,72,1167501
Andrew Watson,8,60,19858,68,429775
BRIAN FITZSIMMONS,8,60,1067697,67,1263520
Sandeep Thakur,8,60,2398199,63,1945424
Ade S,8,60,1764020,60,440547
Panayiotis Vassiliades,8,60,240180,60,1509123
Francisco de Borja Laguna,8,60,189,57,2396828
Ferdous Azad Sovon,8,60,7236266,55,284409
MR CARTER,8,60,229822,52,1498822
Kasper Nurmi,8,60,147892,52,1563415
Bruno Costa,8,60,33129,50,1404777
VOSASA 1503,8,60,170446,47,2293550
Z B,8,60,521365,46,1306074
turlough ohanlon,8,60,2961086,46,3021906
Andrew Gray,8,60,1454846,46,4598711
Aleksa Lutrov,8,60,4456111,36,4850610
Paritosh Thapliyal,8,60,4372271,29,8449148
Edwin Tan,8,61,63879,74,61068
Tassanapong Tangpattanasiri,8,61,216769,73,34599
Luis Diogo Corredoura,8,61,32143,65,139155
Robert Field,8,61,4400053,63,596711
Anirban Chakraborty,8,61,3462753,62,959494
Guillaume de Bassompierre,8,61,1913586,62,1538090
David Leahy,8,61,746620,61,359843
Gareth Rees,8,61,6196498,61,574529
James Hitching,8,61,18948,57,1081059
Kevin Ward,8,61,3514430,56,214498
Mehdi Raza,8,61,4445215,56,584523
Khaled Hachem,8,61,2104007,56,1065855
Conor Black,8,61,494477,55,841667
Danila Kasyanov,8,61,588870,55,2235979
Martin Johansen,8,61,346263,51,594847
Siddhartha Mukherjee,8,61,8389217,51,1839714
Henrik Oranen,8,61,1639555,45,1927116
Vikram R,8,61,750371,44,2238375
Ryan McCarthy,8,61,4665299,40,2919194
Hakim Dort,8,61,8275078,39,4922709
Gareth Williams,8,62,563211,76,510370
Christopher Keith,8,62,378346,73,17072
Mohammed Seif Allah Slimani,8,62,23832,72,27712
Francois Remacle,8,62,1973417,70,43651
Sungbo Shim,8,62,2199367,67,189563
Andrew Collins,8,62,1083679,66,183306
Hank D,8,62,8421,66,206219
Sarah Scouten,8,62,4153945,63,680533
Ifedayo Sanni,8,62,6727790,58,1183625
David Shand,8,62,753085,57,1145318
Mark Stamper,8,62,4980600,54,2545074
Epson Eshun,8,62,203583,54,3681340
Joni Perälä,8,62,821852,53,708186
Terry Henderson,8,62,686170,52,586089
Taktiikka Velho,8,62,4017747,46,1701875
Paul Scott,8,62,1128982,46,2460109
Hichem Medboua,8,62,588654,45,2434384
saiful islam,8,62,2045152,45,2746094
Philip Lentern,8,62,963906,39,2874030
Steven Salter,8,62,5736270,33,4979585
Dan Wilbur,8,63,644794,75,107407
Martin Wilsdon,8,63,53431,75,153386
Lluís Peidro,8,63,2838350,72,325107
Bimma Mstm,8,63,179213,72,579770
Vlad K.,8,63,54119,70,171399
John Erik Torsteinsen,8,63,118232,69,131663
aroon zgel,8,63,3964378,66,394643
robert spinosa,8,63,1209382,63,420084
Valerijus Lotovas,8,63,6179999,61,139855
Barry Connor,8,63,4343411,60,766129
Dan B,8,63,2127234,57,896711
Andrew Blackwood,8,63,7311305,57,2194978
Tunde Gafaar,8,63,42119,52,869507
Dr. Peterson,8,63,4384526,51,317087
Hicham Tix,8,63,1909330,51,4741550
Aswin Lau,8,63,5717172,45,1180551
Killian Long,8,63,8273013,42,5110405
Paul Tutty,8,63,1443625,39,1907628
Juan Miguel Umali,8,63,4128681,34,2948252
Blake Kennedy,8,63,230340,27,3496825
Oliver Finney,8,64,1402499,67,4184
Joni Pasanen,8,64,4936611,66,204095
Juan Jose Gonzalez,8,64,107639,64,236287
Erik Bigsten,8,64,7845,63,37637
Piyush Patel,8,64,17642,63,527416
Dan Henwood,8,64,35270,60,744030
Alex Prior,8,64,4871126,60,1204486
Sanimir Bekirov,8,64,117547,59,125922
Dragan Stanacev,8,64,3018118,57,50402
Jared Kubokawa,8,64,4518789,57,782534
David Pham,8,64,2345076,57,821008
hadi slim,8,64,3131808,57,2460109
Alvin Lansana Kargbo,8,64,296672,55,766610
David Harvey,8,64,526777,54,2176697
Aaron Ch'ng Duan Xian,8,64,3606641,51,296284
Creagh Ashton,8,64,562684,51,1203819
Damilare John,8,64,1449984,48,543485
David Deasy,8,64,439904,48,1439345
Tajudeeen Olawale,8,64,7549538,48,2032514
Abdurrachman Ichsan,8,64,245384,48,3228258
Ryan Rdn,8,65,315317,73,7540
Gabriel Martinelli,8,65,8215005,71,216519
Jonne Karvonen,8,65,2327646,70,63211
Victor Sylar,8,65,940154,70,1215049
Geraint Jones,8,65,496298,64,311037
Devesh Jaganath,8,65,7662976,64,1153919
NIVIN P ROY,8,65,7675,61,36409
Rudradatt Jhala,8,65,4922,61,238942
Achim Apweiler,8,65,7099,60,302093
Merlin Sanderson,8,65,282890,60,395160
Raheen Gabier,8,65,69736,58,608524
jp sweeney,8,65,1325013,57,1417618
ARK FC,8,65,7541135,54,1147410
Daniel Blades,8,65,2821453,54,1914930
chris farrant,8,65,1804849,52,252255
Niall Dollard,8,65,1831437,47,773726
Rupert Eales-White,8,65,85170,42,1806707
Richard Coles,8,65,1395437,40,2443399
Ben Higginbottom,8,65,4149197,36,6370466
LFC Royce,8,65,1162256,35,2693761
Chahat Chawla,8,66,6499174,87,74034
Joel Brand,8,66,373934,79,38625
Stelios Theodoridhs,8,66,5876608,73,359025
Dominic Scarpitti,8,66,362035,67,208555
M. B.,8,66,66648,65,505204
Karee Kym,8,66,1750045,62,92921
Allan Snape,8,66,373856,60,253360
John Guargena,8,66,1719053,57,1289246
Steve Taylor,8,66,2330855,57,1345267
Páraic Nolan,8,66,97724,56,277746
Vicky Walker,8,66,3684049,53,915111
Matt Sibley,8,66,860736,52,374628
Babak Alipour,8,66,875294,52,1041347
Ian Ritson,8,66,97285,51,496562
Samuel Hellard,8,66,2442162,51,2444931
Mervyn How,8,66,341496,49,1746336
Tom Donohoe,8,66,1995596,48,836875
Viavor Bababunmi,8,66,937778,42,2040861
Gondy Fantasy,8,66,818266,35,3610823
Joshua Baucke,8,66,2384932,34,2499122
Charles Booth,8,67,17778,69,156807
Kenneth Sorensen,8,67,42570,67,205027
D M,8,67,175129,66,125922
Dong Trac,8,67,824161,66,623084
Tony Cook,8,67,7645212,64,147087
Ian Cowan,8,67,269533,64,342349
Phil Appleby,8,67,2060686,64,387171
Giordano Valzer,8,67,118527,63,524281
Brandon Witton,8,67,125890,63,1432201
Reza Irawan,8,67,85157,60,384942
Robo .,8,67,597914,58,519448
philip keygnaert,8,67,27982,58,1921858
Daniel Lugsden,8,67,5876913,57,778062
Theodore Bagwell,8,67,5847828,51,1377323
Luke Hughes,8,67,4263716,49,665539
Charlie Score win,8,67,325402,49,1277565
Helen Cowhig,8,67,3235411,49,1972570
Colin West,8,67,1018102,43,1496534
Muhammad Mustafa,8,67,5824381,43,3957189
Louis Kyprianou,8,67,5626819,31,3831566
stephane desnoues,8,68,1783103,79,76693
Chris Berg,8,68,2210739,75,491766
Ben Purvis,8,68,74804,72,67652
Fabio Cappelletti,8,68,2826647,67,118285
Ruslan Shakiryanov,8,68,3060242,64,569804
b mac,8,68,521477,64,1166161
Adam Wolff,8,68,28775,63,176379
jasen CROMPTON,8,68,1427409,63,592463
steven littlewood,8,68,2148708,62,270118
Jani Vilén,8,68,1159862,60,436321
Hussein Elkhalil,8,68,4141294,60,853927
Joseph Banas,8,68,3780835,60,986600
Ademola Olaniun,8,68,549418,57,769000
Damian Żyrkowski,8,68,582289,55,414450
Angus Campbell Golding,8,68,2906720,49,1458285
Ezequiel Martinez,8,68,1181570,46,3271266
Daniel Roskell-Dean,8,68,1663122,43,1587325
Morgan Davies,8,68,1804597,42,3958582
Aphiwe Naki,8,68,682015,33,8030753
Jordan Burgess,8,68,2412852,21,9133671
Shivansh Kapoor,8,69,313609,88,499025
Paul Stow,8,69,71030,81,238188
Shreyas G,8,69,149734,78,145419
Matthew Short,8,69,13072,75,254824
Si Gregory,8,69,70934,73,139774
Tobak Ten Hag,8,69,1681149,72,716785
johnny downey,8,69,28650,66,954611
Hamad Alhajri,8,69,6986188,60,624886
Vlad Teodorescu,8,69,1665,60,1507867
Ahmed Abdelgalil,8,69,3894141,56,1314990
Andrew Okumu,8,69,651561,55,813300
Terrance Koshane,8,69,7652005,52,1905547
Marco Amador,8,69,2865982,52,2793237
Brian Morris,8,69,2403436,49,3505821
Jamie Townsend,8,69,3087842,48,1429278
Oluwafemi Akinterinwa,8,69,537084,46,3693686
Mark Pitfield,8,69,173702,42,4175308
Gerry McCaughey,8,69,517530,34,2155608
Alfie Weatherill,8,69,5312394,28,2981867
Scott Siggins,8,69,2729081,19,8068568
Jonne Welling,8,70,6384943,76,127091
A L,8,70,352374,76,234860
Daryl Thraves,8,70,425751,70,83078
James Pisani,8,70,1420627,70,112074
Chris Chisnall,8,70,323202,68,302846
Mikiyas Tamirat,8,70,130226,61,121785
Aleksandar Cvetkovic,8,70,28992,61,126931
Cora Gilhawley,8,70,1138277,60,588191
paul bretherton,8,70,175543,59,1282659
Mukarram Aljilany,8,70,481546,57,675703
Nik Jedsada,8,70,4465957,55,1334274
Karlo O,8,70,30476,54,333648
charles murray,8,70,722619,53,61667
Brenna Bofu,8,70,6180921,49,1435255
Kaush Gadhia,8,70,3385557,48,291905
jason hughes,8,70,636700,48,2548805
Adam Malik,8,70,1336749,45,1564326
Mohamed Vali,8,70,35852,40,2000193
David Laktic,8,70,2125947,37,2940909
Sean Taylor,8,70,317652,37,3204963
Michael Austin,8,71,4882642,81,59781
Caitlin Lowry,8,71,74540,71,633223
Andrew Baker,8,71,71349,70,127420
Maulik Mehta,8,71,415109,69,514837
Toheeb Sodiq,8,71,4251298,64,361259
Roman Starinsky,8,71,3514171,60,670913
conor shearman,8,71,5564331,58,309754
Abidin Akil,8,71,3690524,58,1619930
Darren Rocks,8,71,973584,57,229651
Michael Adams,8,71,1097089,56,653555
Kaushik Ganesh,8,71,5904055,55,1010512
Mark MacNicol,8,71,6935006,54,500013
Raymond Fitzgerald,8,71,4169506,54,717425
Hiten Gullapalli,8,71,611092,53,796375
John Dawes,8,71,12667,51,3157946
Surajit Mahanta,8,71,7428823,49,2727191
Saleem Moosa,8,71,1075058,45,813300
Mike Dixon,8,71,2295831,45,2764905
Craig Knight,8,71,101435,41,1381753
MinTong - sUyU,8,71,164336,41,2951382
Leif Gustavsson,8,72,7462,79,85024
Giacomo Ac,8,72,7635033,75,746706
Guillaume Rouyer,8,72,5087565,73,662
Christophe Decker,8,72,620957,73,419343
Andrew Smith,8,72,12979,70,202286
Milan Gligorijević,8,72,14376,63,640545
Suhail Sharif,8,72,5687184,61,664600
Cam Anderson,8,72,21237,57,654349
Nithin Muthazhahan,8,72,3741420,55,1103833
WAEL JOUDA,8,72,101954,55,1656324
Jason Pike,8,72,1458591,54,399934
James P,8,72,4504,52,207591
tony wambua,8,72,2993069,51,3180852
Gabriel Nyah,8,72,2016285,49,146132
Tom Wilkinson,8,72,5615751,47,1418649
Ian Macleod,8,72,982157,47,2337536
Rob Cottrell,8,72,948802,45,2910640
Anshul Roy,8,72,53703,43,1141874
ramy mostafa,8,72,4160761,41,5949040
Eddie Mo,8,72,26762,40,600616
Sujan Bhowmick,8,73,3968488,84,104749
Kerime Rehberg,8,73,2276731,72,217363
Billy Owen,8,73,1655,69,22480
aj k4rth!k,8,73,6515503,65,186785
Lucas Wong,8,73,88541,63,358082
Tony Watkins,8,73,1855114,61,181966
Patricio Campbell,8,73,2313280,60,451498
Stuart Lonergan,8,73,616068,58,1303386
David Brown,8,73,186374,57,643343
Emmanuel Prakash,8,73,8045695,57,1112195
Thongsavath Sirimanotham,8,73,1210828,57,1791468
Mohammad Matin Sororian,8,73,1248835,55,846991
Mark Campbell,8,73,5524864,55,2389481
Ross Perkins,8,73,2383997,54,191363
Lawrence Sutton,8,73,360745,54,727523
Wilson Goh,8,73,727636,51,1112823
Tom Harrison,8,73,118840,45,714087
Rafi Ramlee,8,73,753117,43,1590365
Bjørn-Olav Muggerud,8,73,8106521,42,1492888
Gregory Capon,8,73,116552,33,3760670
Vinait Thorat,8,74,5198,87,8043
soham daga,8,74,564061,84,38973
Matthew Yates,8,74,94705,76,67263
Iwona Flis,8,74,5142209,73,65437
Kuma I,8,74,131921,66,328502
Aiman Said,8,74,1028407,65,1378162
Ifeanyi Eluemunor,8,74,3852749,60,1284729
Mohsen Shams,8,74,308051,57,455784
Antonio Cardoso,8,74,1541050,57,1188974
Kevan Thorpe,8,74,3637899,55,2296583
Abdul Qadri,8,74,362440,54,244263
Neil Jones,8,74,27344,52,1156592
James Mills,8,74,24439,51,885309
Jason Deely,8,74,3439759,51,1328637
Gavin Keogh,8,74,2854367,48,3569716
Vuk Ivanovic,8,74,161809,47,736424
Maz Ai,8,74,3699341,45,1582820
Khaled Gamal,8,74,2405085,44,722487
R Webb,8,74,469406,36,4615470
Enenta Rapheal,8,74,1585085,27,6623251
Habtu,8,75,7916940,76,943948
Jack Lane,8,75,4937331,72,89409
Jevta bez F,8,75,778823,72,854107
Paul Cabaniuk,8,75,1653022,70,45954
Heena P,8,75,2295502,69,574047
Ricky Popat,8,75,7141812,68,487641
Rocco Hembry,8,75,6039774,67,561546
Ezi ©,8,75,414340,62,931530
philip kelly,8,75,15548,61,542080
Kevin Kaptein,8,75,5895124,57,3478458
Matthew Turner,8,75,816715,57,4537330
abuzayn sariman,8,75,4753873,54,4737375
Zul Husaini,8,75,1173459,53,4335013
Gbolahan Cannon Stars,8,75,4185807,50,1901922
Eskil Sandvik Aasen,8,75,4359191,49,5329099
Erlend Kristiansen,8,75,8009441,46,1809125
Ronan Stirrat,8,75,3370722,42,3392906
Jack Evans,8,75,1172533,42,6919728
andy tyrie,8,75,4565421,31,5891868
Court VanTassell,8,75,9393535,31,5927814
Haf Afolabi,8,76,425661,80,30046
Predrag Nikolic,8,76,52874,79,95122
David Allen,8,76,144985,73,84369
Dean Armitage,8,76,1554401,70,718464
Harrison Ward,8,76,42564,66,319929
Abhishek Ghosh,8,76,358548,62,614768
Connor Radford,8,76,3922772,57,901005
Michael Telfer,8,76,694515,57,2571540
Peter Daniel Baer,8,76,1040484,56,289818
Elliott Hodgeon,8,76,4807526,55,658776
Tassos Zaf,8,76,356403,55,748840
Will Hawkes,8,76,170442,54,447929
Hugh Markham,8,76,4489788,54,556951
Mark H,8,76,3140356,54,1250083
Mintu Kumar Baruya,8,76,2145378,53,345289
Da Kril,8,76,780925,52,1199088
Matt Lubin,8,76,182789,43,897231
Matthew Robinson,8,76,153452,40,3860340
Katie Sanders,8,76,3438496,37,529584
Deleted Player,8,76,2003849,32,0
WE ARE ONE,8,77,14552,73,132394
Richard Johnson,8,77,2427,69,170813
George Thornton,8,77,178330,67,84369
Paul Pimm,8,77,405492,66,278517
Adam Astrand,8,77,52687,66,471065
Oaa OaaOaaa,8,77,366946,65,149902
Kristian Merritt,8,77,2309523,63,596941
Paul Hie,8,77,2989064,61,2122005
Simos Chavos,8,77,2725501,60,982016
Robin nr,8,77,257450,60,2010292
Dirk NoMo',8,77,751653,58,1482115
Dhiren Zien,8,77,5923560,54,1387517
Nakul Regmi,8,77,2323542,53,2437607
Gavin Moger,8,77,3712743,48,948578
George Hayes,8,77,4923562,48,1091636
Daryl Johnson,8,77,1113494,47,886982
Chas Woodley,8,77,1320112,47,1558071
Bjoern Miszka,8,77,1058879,44,2665808
Samik Roy,8,77,1191843,43,1500427
Nikhil Chhokar,8,77,9371985,38,6820314
Andreas Jacobsen,8,78,456382,81,49664
Gareth Arnold,8,78,7345107,76,116021
Akshay Gadgil,8,78,1433451,72,49894
kieran williams,8,78,525502,68,766610
Samujjwal Sahu,8,78,290475,67,14719
Siddhesh Vartak,8,78,9722,66,202069
Alex Adams,8,78,425912,64,323726
Stephen Hagen,8,78,3242673,62,334130
V G,8,78,3225535,61,1376419
Gadi Rapaport,8,78,475229,60,912831
Janie Grrr,8,78,1010736,56,1387517
Rayvo Huncho,8,78,3780978,54,2282469
Gerard McGann,8,78,4986478,52,388072
David Sangtania,8,78,1512515,52,809395
Kennneth Megill,8,78,390730,48,2291314
Osadolor Omoregie,8,78,3839,47,1875895
Meet Rajani,8,78,183717,46,3452575
Shane Ivell,8,78,3908793,37,4721079
Christopher Abel,8,78,1575901,33,3472180
Jeffin Jose,8,78,93454,27,9295690
Jaroslav Ruzicka,8,79,171961,78,226827
lemon lemon,8,79,330335,73,213850
NEILL CAIGER,8,79,15378,66,31574
Kristian Kirilov,8,79,1477381,63,139613
BASIL AYYUB KHAN,8,79,55661,63,348594
Såmund Vågsland Gonsholt,8,79,1396088,62,453226
Hart Crane,8,79,5529996,61,8020
Fabio Da Canal,8,79,664909,61,213188
Stephen Pearce,8,79,1554298,61,242798
Pranjal Bhawal,8,79,6780960,61,1560685
Jake Kirkham,8,79,29151,54,175296
Paul Grainger,8,79,388824,54,396692
Rashank Kuckreja,8,79,51516,54,1314513
The Man,8,79,178058,52,604528
Jogintas Visockas,8,79,1998174,52,730626
Wayne Hill,8,79,715939,51,127601
Joe Perch,8,79,6438723,51,1578299
Gordon Ryan,8,79,904109,44,892801
Daniel Mensah,8,79,135991,37,3251552
Mulky Panji,8,79,5699983,34,3053423
Bhas S,8,80,37256,77,185304
Sushant Garg,8,80,2102507,74,134961
Stephen Kovassy,8,80,546442,73,61208
Guy Perry,8,80,2774151,70,833520
Jacob Klos,8,80,5183878,68,381471
Shyat Lemoshira,8,80,7357246,67,229873
Łukasz Maciaszczyk,8,80,20221,64,284000
reduanr rahman,8,80,3476544,62,145601
Will Donald,8,80,725010,62,1303772
Emin Afandiyev,8,80,5503246,60,1152113
Luísa Gonçalves,8,80,6066376,59,445712
Neno Kuduz,8,80,301243,55,477623
Vik Babber,8,80,130376,55,607629
Pavel Schkolnikov,8,80,3151070,48,400425
Sasha Vaksman,8,80,1957556,48,1223532
Tristan Schmitt,8,80,384202,46,955390
Ukponahiunsi Osamede,8,80,290878,42,1301010
David Wheatley,8,80,382303,40,3965256
Damien Clauson,8,80,7105644,36,1508723
Riley Soogun,8,80,4369404,22,6355074
Nick Penwarden,8,81,378278,78,12093
Mark Noble,8,81,142302,73,51466
James Day,8,81,1834719,69,140077
George Holley,8,81,1123712,67,1220016
Yomi Oye,8,81,1417419,64,144634
Tom Mullen,8,81,600508,63,304130
Aaron Donaldson,8,81,172366,63,1037378
Ron Goldberg,8,81,10911,60,1288408
ANTONIS XANTHOU,8,81,3078,59,553867
Hariyan Ross,8,81,1752968,57,4439345
Runar Handegard,8,81,1214994,55,207239
Jeremy Pedro,8,81,428926,54,282225
Orestis Georgiou,8,81,113425,54,1759438
Max Johnson,8,81,1028677,51,360479
Vijay Surapreddy,8,81,3401302,51,2850546
Andreas Berg,8,81,5648142,51,3184268
Razer Resnick,8,81,111055,50,884758
Gareth Butler,8,81,108406,49,2823707
nicola parini,8,81,36950,39,3226042
Divyajeet Chauhan,8,81,8687797,28,8203352
Ray Lund,8,82,39862,79,35794
Imam Shanto,8,82,6524294,66,250820
Safwat Hatem,8,82,675163,66,479217
Jamie Gilmore,8,82,55532,66,605755
Fraser Daun,8,82,6157702,65,415371
Charlie Andrew,8,82,280961,63,1290072
Chris Winship,8,82,1743,61,23617
Raphael Miller,8,82,268128,60,1281508
Ⓕ︎Ⓡ︎Ⓐ︎Ⓝ︎Ⓒ︎Ⓘ︎Ⓢ︎ Ⓜ︎Ⓤ︎Ⓛ︎Ⓔ︎,8,82,29157,58,1260279
Paul Connell,8,82,254422,56,1547827
Kim-Tonny Henriksen,8,82,354280,55,190843
brian wood,8,82,327064,55,627858
Emmanuel Bukoye,8,82,227391,55,845291
James Russell,8,82,1137417,55,993072
Quintus Ogwado,8,82,172961,54,1219186
Tony Rivers,8,82,9008,52,1507374
Jimmy Halim,8,82,4988781,51,1728199
Adam Kopinski,8,82,74267,46,4159370
Sg Sgtvp,8,82,334200,42,6495288
Rich Setchell,8,82,5664384,26,7049657
YW Lee,8,83,627384,78,66648
Khummuan Guite,8,83,1744184,78,206219
Andrew E,8,83,4565757,67,1299419
Maddy Razor,8,83,1197967,67,2267474
Theodoros Amaxopoulos,8,83,2232503,66,22097
Nish P,8,83,7611611,65,348594
Rekaz Abulhamayel,8,83,15542,65,854020
Paul Castle,8,83,599927,60,1455994
safeer Ahmed,8,83,5781132,59,1733880
Tony Jones,8,83,1318621,57,1685581
Sammy Hawes,8,83,6767,56,1023661
Ben Wilkes,8,83,1569894,54,681841
Marcus Morris-williams,8,83,3833163,54,1349169
Simon Williams,8,83,85758,54,2638157
King Arturo,8,83,3723920,52,2415457
Henry Salami,8,83,3246454,51,3045411
Arunim Datta,8,83,625391,45,4689922
Brook McCandler,8,83,1372174,42,1391945
Adam Jayes,8,83,3387611,42,2691392
Yurik Haines,8,83,1420506,18,8404928
John Hartline,8,84,153363,76,19995
Paul Newlove,8,84,35508,70,270978
Nick Womack,8,84,1523201,69,252804
Chris Hooton,8,84,1975760,69,271804
Timmy Goodwin,8,84,95906,65,212006
Chris Irving,8,84,1730345,64,165675
Nuf M,8,84,39096,64,353467
Matt Bing,8,84,3815657,61,762806
Ralph Smith,8,84,1110986,59,215900
Matthew Wolmarans,8,84,6398143,59,639893
George Cockburn,8,84,95695,56,27859
Brett Doggett,8,84,30403,55,738792
Micka Singh,8,84,1386610,49,1252685
Alan Clarke,8,84,7970734,49,3398488
Knut Christensen,8,84,1411132,48,490929
Caz Leg3nd,8,84,917445,48,1308376
Mike Whitefield,8,84,524577,48,2303847
Theo Hutton,8,84,304864,46,1232690
Matthew Ruddock,8,84,806385,40,2911983
Kwaku Okoh,8,84,3101035,36,5606868
Merlin Iles-Jonas,8,85,330521,76,19555
Paul Pinnick,8,85,187256,69,110757
Ali Rawahi,8,85,4489,67,36519
Yavar Bates,8,85,6640677,67,78516
Mike Gallen,8,85,272518,67,87877
Paddy Burns,8,85,6430727,63,66418
Chris Newman,8,85,827513,63,183373
Syofwan Aldia,8,85,1711102,61,690571
Mayank .,8,85,5230138,60,377703
Eshan Toorabally,8,85,334310,58,397211
James Buller,8,85,265907,57,96381
Gemma Chierighini,8,85,2921757,55,652881
Bab El-Ehr,8,85,1870365,52,433065
Conor Carmody,8,85,4856902,52,2241043
Akshay Choudhary,8,85,3721156,51,197707
Karthik Viswanathan,8,85,6389,49,1183625
Jason Grant,8,85,7854592,45,4290483
Peter Lokez,8,85,892868,43,3824943
David Hewitt,8,85,8512,40,1482781
Mark Smith,8,85,4153491,38,2174078
Chris Webster,8,86,167748,72,86042
Les Jones,8,86,644936,67,311417
Daisy F,8,86,30515,63,716039
Derrick Kong,8,86,831354,61,99221
Glyn Francies,8,86,1915867,61,571008
Michael Kelly,8,86,4143,61,598159
Jim Caudwell,8,86,3493,60,131177
Steve Keech,8,86,7504192,60,998568
Jeff Sibei Satki,8,86,285141,59,490386
Simon Gervais,8,86,751947,58,227992
Febryansyah Aminullah Lubis,8,86,2594839,58,355412
Padraic Brennan,8,86,7468,58,1222599
Joice Joseph,8,86,120801,57,126931
Shehab Sujaet,8,86,3853527,57,2213640
Nikhil Narang,8,86,14283,52,1742794
Donald Macinnes,8,86,177009,51,194391
Boris S,8,86,1612405,49,1000458
Youssef Hamsass,8,86,4664933,46,2249343
Joris Schuit,8,86,1532691,45,4192420
Chris Paprotny,8,86,407220,37,2131723
Dann Babatunde,8,87,6099777,78,2206038
aditya doshi,8,87,656950,76,44494
Petr Truhlar,8,87,617339,73,225379
Max Askew,8,87,324254,70,76448
Colin Nicholson,8,87,258658,69,183073
Andre Minnaar,8,87,256468,67,273306
Rory Danagher,8,87,7220158,67,1704586
Iftekhar Hussain,8,87,786640,62,637297
Mark Whittle,8,87,284923,61,537440
Jamie Meikleham,8,87,21139,61,711181
Lee Clements,8,87,2381832,60,3261870
Fahim Ahmadi,8,87,390543,56,2194978
hakan gulec,8,87,497786,54,313232
Steven Chukwukaelo,8,87,790318,53,2429210
Aladetan Precious,8,87,4003271,51,3244690
Kristian Holden,8,87,1223907,42,5620949
Patrick Cobbold,8,87,944147,39,6971835
Alan Buttery,8,87,7665820,37,7433507
Kwame Kusi,8,87,1685031,36,5614981
Osman Osman,8,87,5422148,17,7393429
Fábio Luz,8,88,199843,76,35961
Mick Barker,8,88,114729,69,77378
Mark Jeffs,8,88,2485424,69,926460
Oliver Dean,8,88,1918832,67,598759
Ian Finlay,8,88,410627,66,29852
Tim McMahon,8,88,48242,63,192434
Dingwen Huang,8,88,6356305,61,853109
Simon Lainez Svensson,8,88,124207,60,666622
Jeol Efthimiou,8,88,1952713,59,1063149
Kiril Petrov,8,88,5568180,58,219681
Akshay Lal,8,88,4765752,58,480541
Lee Burnham,8,88,658000,55,678439
Maciej Pinkosz,8,88,44309,52,348594
Peter Bond,8,88,363331,52,882656
oliver kendall,8,88,138562,51,1203819
Sebastian Lüba,8,88,6396840,50,723823
Vanessa Collins,8,88,1201747,48,720301
yassine lechguar,8,88,1783897,42,3257494
Ettie Holland,8,88,6618775,38,2484551
Kai- Samba,8,88,1266459,36,2713546
Greg O'Neill,8,89,20212,71,210059
gordon Levett,8,89,27709,70,442939
Lee Devenny,8,89,24458,68,227992
Scott Bibby,8,89,15632,68,272802
Leif Inge Gruner,8,89,2061000,65,78114
hasrul rasyid,8,89,39787,63,660142
Stephen Hughes,8,89,1644816,62,479946
Susie Nutter,8,89,1040898,62,644098
Tran Ngoc Tuan,8,89,77463,61,590788
Muhammed Muhammed,8,89,5682687,60,363044
Ruan Jooste,8,89,578871,58,264590
Gilbert Owusu-Gyamfi,8,89,20745,55,422357
Gee Moore,8,89,3208984,51,2523227
Olve Engelsen,8,89,386627,49,573432
Yash Soni,8,89,5015160,49,1773839
Kwamena Botsio,8,89,2063352,46,1834148
Ivaylo Georgiev,8,89,2159638,45,2031438
Aidan Doyle,8,89,4806353,43,166533
Philip Parkin,8,89,2794467,42,1821001
Enrico Bacchi,8,89,9842,40,1061083
Jamie Record,8,90,2523702,96,25303
Neil Lukha,8,90,5312739,78,256576
Dinny O hEallaithe,8,90,3950324,75,432566
Benjamin Okereke,8,90,3580188,71,1629506
Michael Galbraith,8,90,3915363,66,1055021
ashraf salem,8,90,7185370,66,1385002
christopher Lo,8,90,1156482,64,1437996
Christiaan Barnard,8,90,589797,60,116918
george bartlett,8,90,2876820,60,2557607
Dominic McElnay,8,90,5556008,57,3722195
Thee QUEEN KASY,8,90,1022174,54,3087257
Iñi Ayerdi,8,90,656144,51,2989276
Mark Ward,8,90,3204400,51,3537513
Dan Wells,8,90,4729029,51,4690206
Amol Chavan,8,90,543509,48,3479402
Scott Innes,8,90,1038385,48,4452824
Raghav Khandelwal,8,90,4510317,45,4700633
Agung Setiawan,8,90,7123083,40,3708007
Amey Mulik,8,90,6325355,30,8640540
Emma Cookson,8,90,8218871,27,9049360
Dan Jennings,8,91,2009190,78,740174
Jim Scussel,8,91,654398,72,624610
Danijel Dravinac,8,91,1659037,72,929801
Lukester Owens,8,91,109711,68,982824
Jordan Northwood,8,91,6511655,65,67459
Nipsey Snipez,8,91,571708,63,1654955
David Arthur,8,91,248387,62,968081
Deleted Player,8,91,3314635,61,0
Mohamed Khalil,8,91,197111,61,1829432
Sami Osman,8,91,299071,58,2025644
Ryan Goldschlager,8,91,2503087,57,1337426
Roy O'Hara,8,91,3208248,53,1312819
Rickhard Alén,8,91,211517,49,1515731
Miles Humphrey,8,91,581851,49,1766823
Brad Bailey,8,91,2719967,49,3920039
Kristy Laubscher,8,91,8101586,47,1709413
Tom Egan,8,91,3236108,44,1842634
V.E. Stoddard,8,91,5119545,42,3976165
Jay Brown,8,91,426159,41,4875818
Viradh Vithal,8,91,222348,34,4281473
Dipayan Biswas,8,92,2815127,72,97174
Fabron Calvin Julian,8,92,5335377,71,1007369
Ayan Santosh Kumar Bajpai,8,92,29148,69,452948
Chris Mizzi,8,92,21669,69,657633
Jay Grant,8,92,328860,69,713169
Mark Conway,8,92,196401,64,408283
Wojciech Łydka,8,92,1218944,64,1111486
Nathan Brown,8,92,2275916,63,1642935
Silas Hogg,8,92,1862238,61,651340
Wiji Raharjo,8,92,3090984,60,728739
John Bartimeus,8,92,89555,58,1775959
Gary Jackson,8,92,176613,56,2259604
Phùng Duy Thành,8,92,253519,55,464502
Mario Maric,8,92,51782,51,1506827
Geoff White,8,92,1596799,49,3697899
Adrian Hudson,8,92,791060,48,1576181
Aiden Finn,8,92,441836,47,2582808
Mihkel Heinaste,8,92,2010719,45,4696948
Andrew Wakefield,8,92,4147798,32,3423162
Brian Sanders,8,92,1764927,30,3480994
adel albassam,8,93,2526873,85,482412
Vidar Einlien,8,93,26349,81,38726
Matthew Taylor,8,93,298580,68,299927
Johann Birkeland,8,93,1066267,67,43651
Box2Box Football,8,93,370643,67,235176
petter knudsen,8,93,2220920,64,271804
Jonathan Morse,8,93,325491,64,622590
Rory Wagstaff,8,93,5410,63,204373
Coyell Herbert,8,93,5551684,54,580768
Graham White,8,93,389109,53,1748772
Kay G,8,93,73177,52,436728
mas beye,8,93,2199964,52,956780
Randal Stephens,8,93,244264,52,2268719
Seanpaul Walsh,8,93,6102497,48,555567
Patrick Lau,8,93,3462241,47,1721423
Lewis Blenkinsop,8,93,3797991,46,2376651
Rob Frank,8,93,44183,44,4882704
L'nghi Kota,8,93,73848,44,4901065
Roma M,8,93,5544811,40,4725370
Tharfeed Ahmed Unus,8,93,891779,34,2249343
Abhishek Patil,8,94,8024,71,104749
Kalman Fortoloczki,8,94,1577858,66,677743
Vicente Madrid Pérez,8,94,2025251,64,73700
Jeroen Jebbink,8,94,126060,64,538031
Rich Clark,8,94,117065,63,504024
Moaaz Essam,8,94,370201,61,228371
Ian Hutchins,8,94,856858,60,635460
Christopher Harris,8,94,725607,60,1578859
Andrew Trew,8,94,35895,59,290328
Fish .,8,94,98675,58,893395
Daniel Redmond,8,94,5510883,57,911906
John Payne,8,94,349088,54,357620
Elliott Beveridge,8,94,194044,54,515882
Joakim wist Larsen,8,94,3836739,54,673473
Michael Llowarch,8,94,270502,53,661043
Kevin Puffette,8,94,5355,51,1228363
Gavin Marco Hermosa,8,94,120925,49,1477055
Debansu Bhattacharya,8,94,81792,48,4409599
lightskinned Daniel,8,94,3005210,41,2738466
Samuel Chong,8,94,214805,41,6149206
Gary Whitaker,8,95,4833,84,5656
Jack Barlow,8,95,13450,70,116918
adam jones,8,95,180593,68,62877
Marko Škarica,8,95,479995,66,347697
Marv S,8,95,61859,61,530780
John Watts,8,95,1279574,58,36323
Matthew Steer,8,95,78771,58,907685
Alex Dimitrov,8,95,4607769,57,196450
N Kemp,8,95,117338,57,536274
Agus Bentlage,8,95,828436,56,730899
Toby Wilson,8,95,372771,55,160954
Daniel Bude,8,95,2085192,53,100347
Trent Tootell,8,95,546896,53,374159
Anh Ton,8,95,30660,52,2475949
Luke Brittle,8,95,622389,50,992298
Roy lagend,8,95,5585970,48,2854359
Rameez Zulfiqar,8,95,3827741,48,3554421
Deleted Player,8,95,4133380,47,0
MARK FORDER,8,95,141509,46,1261603
Derek Scott,8,95,2009688,42,1449954
Nicky Chow,8,96,27980,80,4883
FPL Giraffy,8,96,450145,75,24893
Ali Ahmad,8,96,1159854,70,36959
Rahul Singh,8,96,81778,66,113753
Carl Walls,8,96,5580290,66,986139
Matt Lane,8,96,642236,64,102132
Dean Franklet,8,96,3492330,63,111025
Euan Begley,8,96,119828,63,144795
Barry Walshe,8,96,5629010,60,1630107
Simon Keable,8,96,2030063,59,271804
Marty Holroyd,8,96,739974,57,311037
Simon Jones,8,96,168378,54,758378
Paul Mowbray,8,96,198239,49,450543
Mark Reid,8,96,2202119,49,1273619
saiful islam,8,96,2993850,48,2075702
Matthew Cullis,8,96,486426,46,628344
Mehmet Kadir Karadeniz,8,96,23793,46,774737
mozafa mozafa,8,96,7198115,40,3377827
Reetesh Jhurree,8,96,4944363,39,2905057
Daniel G,8,96,25647,36,3277740
David Pert,8,97,178386,77,4596
Nanda Z. Harisma,8,97,4340045,70,38810
Scotty Boy,8,97,473644,68,197966
Graham Sharp,8,97,59261,66,335937
Paul Hunter,8,97,8054,64,49200
Vasanth .,8,97,21757,64,220229
Izzuan Ahmad,8,97,29586,63,264590
Brendan Wilson,8,97,3641398,63,1030585
Edward Campbell,8,97,1948071,61,440892
Mohamed Faris,8,97,705199,60,274429
Ivaylo Mutsankiev,8,97,33438,52,1209163
Mohd Zulfikri,8,97,21681,52,2281892
Stevie K,8,97,2638298,51,961766
Andy Khan-Craig,8,97,851748,50,1717473
Andrew Starforth,8,97,73274,49,2610357
Georgia Moody,8,97,2336008,49,4581386
Jeandal Felix,8,97,744739,48,2238375
Anthony Palladino,8,97,2407975,43,991532
Kris Watkins,8,97,4961605,42,845682
LELIA ENRIGHT,8,97,217702,36,3217006
pgkhairule pgbahrin,8,98,1183586,72,129772
Tom Simkins,8,98,2168,72,167886
Jonathan Ford,8,98,31182,72,347105
John Webb,8,98,44172,70,104042
Jaehun Kim,8,98,274456,66,176633
ROMIT SEN GUPTA,8,98,2936135,64,200717
Marcus Posner,8,98,3032851,64,312107
Aodh Maguire,8,98,2804433,63,467094
Phạm Duy Thành,8,98,275186,63,1743371
Gareth Yore,8,98,3871766,60,268880
Gavin Irving,8,98,3027995,60,519871
Michael Edward,8,98,5054366,57,1060259
Ellie Knight,8,98,6531526,55,1445000
Shahaab Bhanji,8,98,6062838,54,782534
james manson,8,98,3145838,52,1572096
Steve Watts,8,98,7825802,47,621955
Souvik Ghosh,8,98,971199,39,1052544
Tuukka Kukkola,8,98,901545,35,1338369
Marko Alenius,8,98,181307,34,987700
Godfrey Mundembe,8,98,1645750,34,5704088
Tomasz K,8,99,428377,88,18501
Will Jameson,8,99,21587,80,161140
Jakob Persson,8,99,7643,72,133637
Richard Moir,8,99,5528975,71,14719
Aamir Khalil,8,99,4226821,71,133873
Amber Chase,8,99,19876,69,183140
Graeme McCarthy,8,99,163373,63,574047
Kelvin Goh,8,99,9793,59,154779
Maite Irizar,8,99,654892,57,569804
Lawson Ikuru,8,99,128071,56,2258657
Brian Thompson,8,99,247923,55,1255914
Javed Jaggassar,8,99,7860535,55,2042031
Tony Gates,8,99,1012167,48,594847
Charlie Fogden,8,99,294223,48,1214396
anthony appell,8,99,1077055,47,1701875
Mohamed Elkholy,8,99,9543661,47,2980765
Jody Amsterdam,8,99,12257,43,1972955
dowayne neft,8,99,4968914,40,3947527
Icham Joker's {SM},8,99,1867493,34,5071508
Muslim Hosni,8,99,8201485,27,8184967
Hayley Lines,8,100,24107,68,359843
Michael Miller,8,100,1422375,66,347285
Zayn ali,8,100,7219,64,242798
mhmdmhdi Mirzamhmd,8,100,138477,63,93730
Mark Walker,8,100,1062853,63,175296
Jake Atkinson,8,100,3589666,63,707093
Toby McFarlane,8,100,12552,62,823200
Chris Hallett,8,100,279086,61,588370
Pete Graham,8,100,284325,61,1076248
John Moir,8,100,2479498,60,264279
James Graham,8,100,320639,60,650992
Thushan Mohan,8,100,4420003,60,750379
Steve Willetts,8,100,2460656,58,836069
Michael Howard,8,100,663079,57,601241
Dennis Perez,8,100,179444,52,1131871
Jackie Chung,8,100,907686,52,2590075
Kenan Grbic,8,100,1433402,51,181436
Chris Moore,8,100,909768,47,198854
Giannis Nikola,8,100,413521,42,720569
Scott Waite,8,100,492703,20,3070218
aidan mernagh,8,101,2703951,71,122480
Bang Irwan,8,101,1438770,69,28986
Ho Yin Chan,8,101,28566,69,48456
Sean Boyle,8,101,3898871,67,105944
Iain McDonald,8,101,110487,66,1144102
Eyob Benti,8,101,3311025,64,988495
Harry Silverman,8,101,679705,62,163827
Stu Dunlop,8,101,595187,61,655894
Nicola Steatham,8,101,101883,61,1848243
Mark Dawney,8,101,2655,60,810908
Alex Titov,8,101,3141330,59,1039679
Adam Cooper,8,101,10426,57,1213655
Barry Lloyd,8,101,392142,55,363992
Mr Bad Example,8,101,1010359,54,435525
Paul Ashton,8,101,270083,53,613426
Jamie Tanner,8,101,570079,45,851230
Canberk Taskiran,8,101,6955571,42,5694028
Panayiotis Panayiotou,8,101,8632607,42,6054508
Pantaleon Anani,8,101,426944,37,5388022
Steven Edwards,8,101,2389320,36,3692365
WF Smith,8,102,390909,84,291205
Louie Easton,8,102,9892,75,210059
Olav Yoo,8,102,4511272,74,40733
Brian Hatton,8,102,1252981,67,32200
Hariri Ai,8,102,727217,67,58522
Dhanush MN,8,102,200548,67,523702
Martin Porter,8,102,189387,64,682482
Paul Wilkins,8,102,380118,63,69722
Harsh .,8,102,44968,61,97174
Imie Jamal,8,102,5873603,60,843062
FC CrisTeam,8,102,4242266,55,862776
Leo Garcia,8,102,1687355,53,419343
Femi Alabi,8,102,6162004,50,638228
Paul Lami,8,102,2045398,49,1906532
Ryan Farrugia,8,102,830174,49,2040389
A Little,8,102,1362052,48,2144327
Yassin Salami,8,102,1639129,46,1978867
Gerron Thomas,8,102,3833479,40,2189598
Per E. Sylte,8,102,441872,34,2835894
Nikitas Katsanakis,8,102,4235136,24,5679914
Stian Lundeby,8,103,3101353,76,110403
Jürgen Wendelen,8,103,2088438,73,260792
Yingsak Vanpetch,8,103,1295485,72,182197
Andrea Latini,8,103,11018,69,102132
Goran Medenica,8,103,1840,69,195144
Tommy Hudin,8,103,681888,65,270603
Aswandit Giri,8,103,3352281,63,489463
Shane Ramsey,8,103,1745775,60,314826
John Liriotakis,8,103,748304,60,525811
Elliot Irvine,8,103,57462,54,1389299
Phil V,8,103,5681,51,282122
rodwyn hughes,8,103,3712811,51,283124
Joe Leung,8,103,1395898,51,541792
Saad Alkhalid,8,103,1692980,51,1211907
Pedro Silva,8,103,2543447,51,4698617
Joe Arthur,8,103,7639859,51,5549504
Peter Sedgley,8,103,735301,48,1763353
Joseph Dickens,8,103,769538,42,1953452
Jeremy Lucas,8,103,638494,42,3185655
Wilson Esiri,8,103,882821,39,1973574
Elvar Sigurdsson,8,104,1785070,81,2656
Adam Cully,8,104,1712,75,150935
Fuad Ahmed Tanmoy,8,104,7354529,72,152641
Allan Crocker,8,104,776764,70,179612
Khachatur Hakobyan,8,104,3107348,69,882656
shavinder singh,8,104,522316,66,587546
Tudor Pana,8,104,946460,65,217027
Júlíus Arnarson,8,104,732498,64,536817
Michael Barry,8,104,5532212,64,716039
Sucindran Puvanandran,8,104,883794,63,940648
Adarsh Ravi,8,104,137492,61,295540
Richard Clancy,8,104,10695,54,630695
Alistair Merchant,8,104,3227337,47,2041948
Niall Devlin,8,104,1281046,45,1141148
Jane Wilson,8,104,509278,44,5045416
Jorge Riesco,8,104,3707010,43,2252976
Adhitya Putra,8,104,208523,39,3895606
Kingsley Kofi Ketor,8,104,703436,38,3773777
Jan Christian Lohne,8,104,885661,37,5006545
Reid Trippe,8,104,1537992,36,5441790
Jorge Fernando Fernandes,8,105,41629,69,266829
Manuel Armando Trobajo Perez,8,105,731488,69,1231820
Darren Dodd,8,105,633437,67,130672
Barry McNamara,8,105,808703,66,397716
Stephen John,8,105,6585860,65,908173
Matthew Coltman,8,105,850614,64,692687
Jon Pratt,8,105,357320,63,1205592
Stephen Okeyo,8,105,916695,61,103369
Karl Peutrill,8,105,106587,60,1637842
Chris Graham,8,105,165779,58,76839
Shireen Laher,8,105,138557,58,1961977
Aleck Aspinall,8,105,1347873,54,880475
Zammy Sk,8,105,2436297,54,3366125
Kev O,8,105,459660,51,671514
Fianu Dovlo,8,105,522176,51,2890478
Jonathan Mc Grath,8,105,3004064,51,4938026
Arjan Hevrøy,8,105,2618037,48,2902781
Kelly Ndukwe,8,105,106149,46,1828536
Herbert Sama,8,105,597822,45,1717100
Isy Higgins,8,105,8554475,34,1928944
Tom Oliver,8,106,1220690,73,58681
Daniel Lenihan,8,106,19803,72,15108
James Gifford,8,106,1031102,70,44883
Peter Tomlin,8,106,5932976,68,281990
A Stewart,8,106,1111289,67,758791
Rafsanul Hoque,8,106,6681323,66,615708
Tim Jones,8,106,4773315,64,113553
piotr jaros,8,106,3170101,64,1851047
Harvey Billingham,8,106,188160,62,473850
Farhan Cheema,8,106,5129190,60,229651
David Heron,8,106,1825512,58,512596
Akarsh Venkatasubramanian,8,106,234659,55,246941
Ulla Djupsjobacka,8,106,357708,49,2038677
B u r t o n,8,106,41830,47,718924
Majid Latif,8,106,8342878,46,586904
Moe Lacy,8,106,3385059,45,972185
Arka Banerjee,8,106,8195078,43,1088102
Hisham Ahmed,8,106,1255616,41,2420899
Aidan Rynne,8,106,5253218,40,1513422
Simon Lewis,8,106,1807355,39,1266625
Batu Hita\m/,8,107,6282050,78,191129
Gavin McKernan,8,107,663609,73,483800
Samuel Ring,8,107,308796,72,105721
Daniel Williams,8,107,6194578,64,522276
Elena Gilhawley,8,107,1151921,63,58175
Luiz Fernando,8,107,7324284,63,710115
Hordur Helgason,8,107,7598542,62,938305
Nick Magor,8,107,764978,60,350194
Tihomir Markov,8,107,41256,60,806765
Jiao Giang VTePM,8,107,209060,59,3154969
Adam Lewis,8,107,2805163,58,515150
Alan Sinclair,8,107,147874,57,896473
Oliver Rockett,8,107,1963888,54,437457
Kim Jira,8,107,1314218,54,3232404
Paul Welsh,8,107,188215,52,493894
Mahomed Omar,8,107,136297,48,3770503
Keith Newton,8,107,685798,46,2243729
Trevor Scally,8,107,173115,46,2849042
Andrea Restelli,8,107,1166842,42,6085968
Matt Dean,8,107,7434513,24,8896500
Stephen Morrow,8,108,151273,86,16610
Espen Forså,8,108,545621,81,24468
Gilles Wanlin,8,108,2383845,78,64299
David Collins,8,108,9038,77,26638
John-Paul Liddle,8,108,4924391,66,187126
Aleksa Tanasijevic,8,108,1699783,63,879724
Michael Patrie,8,108,2078508,61,229651
Marco Parmeggiani,8,108,251587,57,813300
Craig Jolly,8,108,852130,57,1225864
Gaithuma Kiarie,8,108,1034244,54,868887
Ben Cocker,8,108,7623383,52,2173677
Dejan Andjelkovic,8,108,3292040,51,1836362
Fuchsia Empanadas,8,108,298703,48,2006269
Pipo Inzaghi,8,108,1697444,48,3116411
Neethalia Kshitij,8,108,2034501,48,3444417
Alister Henderson,8,108,399929,47,593348
NANJI HERMANN,8,108,37859,45,349854
Samuel Yap,8,108,1156688,43,667159
Jairam Boyina,8,108,1456267,40,773726
muzammil shaikh,8,108,442205,33,8353738
Padraig O Conaill,8,109,297123,79,3579
Jordan Hodgins,8,109,6397372,79,151489
Jove Liew,8,109,3214207,71,1019058
Paul Lavin,8,109,11283,67,269455
Avis Nicolas Sebugwawo,8,109,4711668,64,111432
YassiN Salami,8,109,1700623,63,493401
Jason Kiernan,8,109,48997,60,24098
Mark Hughes,8,109,304767,59,339734
John Novak,8,109,1068100,58,1027681
David Zikmund,8,109,495751,57,1144523
Bjørnar Saue,8,109,241682,57,2033096
Oumar Diallo,8,109,1985322,55,1005081
Sarbesh Budhathoki,8,109,1056443,55,2195497
Bert Ado,8,109,2092767,54,974146
Chris Brodie,8,109,9463,52,1640719
Mike Clark,8,109,501678,48,1233411
Gavin Sweeney,8,109,1520420,48,1817681
Radoslav Nikolov,8,109,3822812,43,2931021
Khaled Emad,8,109,2734004,39,5646122
femi ogunfowodu,8,109,3357033,24,7840110
Rajko Gojkovic,8,110,19013,82,171998
Arkadii Chaban,8,110,3140135,78,180521
Dimitris Katogiannakis,8,110,207466,75,15337
Peter Nilsson,8,110,57276,75,593728
Jo De Win,8,110,5683,73,189053
Sachin Karan,8,110,11376,70,89152
Lachy Mac,8,110,752694,70,820140
Daniel Popper,8,110,2548932,64,1131871
Eddie Munson,8,110,109524,63,783844
Glenn Angell,8,110,2308894,59,958759
Mike Bamber,8,110,81800,58,249664
Omer Mohammed Osman,8,110,5620397,57,1883969
Jan Lindstam,8,110,1357917,52,1075244
Greg Burns,8,110,5485669,52,1153361
Ben Honohan,8,110,2512538,45,4648099
John Leadley,8,110,1142931,42,2463283
Markko Kivi,8,110,1968974,42,2936713
Edwin Williams,8,110,8352038,30,8279408
Claudius Konuwa,8,110,41397,27,6995640
Sam Adegun,8,110,9626970,21,7988502
Paulo Goncalves,8,111,633436,75,98301
Desmond Koh,8,111,6508290,75,1021741
Abdulhaq Adamu,8,111,335875,67,159928
Dan Ascoli,8,111,928801,66,291355
Sebastian DSouza,8,111,264425,66,705342
Stephen Done,8,111,2732316,65,364833
Thiti Oak,8,111,107123,64,62255
Oscar Skovdahl,8,111,15195,64,447759
Prakhar Pandey,8,111,741981,61,240019
Mathew Morrison,8,111,2107478,60,222008
Lutful hossain Pulok,8,111,4983232,57,3651461
Presh FX,8,111,94756,52,1419402
Amin Kalbasi,8,111,1919158,49,2774248
Walter Lusigi,8,111,1858983,49,2891613
Vadim Feklistovs,8,111,7744335,46,2284783
Chiwai Tsang,8,111,1704361,46,2939899
William Deans,8,111,5184806,45,4715634
Marko Milutinovic,8,111,2027310,43,1229726
Bruno Roy,8,111,730984,43,3351391
Ron Whitenstall,8,111,1894197,39,1861933
Tung Nguyen Thanh,8,112,280057,84,329354
Jack Woodward,8,112,847475,79,94914
Krishnendu Sarkar,8,112,3004928,78,308856
Phillip Richardson,8,112,440,66,276949
Noodle FC,8,112,3929224,65,894888
Gary Rudland,8,112,5299306,64,140592
Nir Lugaci,8,112,3297430,63,75331
George Harvey,8,112,46407,63,694593
Isaac Musem,8,112,3032782,61,695993
Graham Hurley,8,112,723738,57,1846601
Jason Frost,8,112,1338078,52,222008
Stevie Jackson,8,112,41697,52,1726451
fearghal burke,8,112,2246424,52,1750320
Kalman Fortoloczki,8,112,2934639,51,1176671
marcello martignoni,8,112,4027264,51,2804202
Bobby Boorman,8,112,361004,46,1104981
Nelson Bayomy,8,112,1818439,41,4069565
mark waterman,8,112,320606,41,4186443
Kit Clarke,8,112,6810464,36,2254249
Martin O'Neill,8,112,6860199,31,4035053
George Antwi,8,113,2085958,74,63972
Philip Dawson,8,113,236502,72,375365
Michael Hunte,8,113,20660,70,119211
Rameshwara G N,8,113,508145,66,187126
Kim Jong Un,8,113,1815263,66,843062
Fedor Naumenko,8,113,358354,63,136426
Ravi G,8,113,5193,62,167129
Animesh Khare,8,113,3448445,60,166533
Peter Jones,8,113,348516,60,506686
Frédérik Dewattines,8,113,210548,58,448926
peter mann,8,113,8516122,57,452652
Jasper Dirix,8,113,1808941,56,864161
James Henderson,8,113,2707894,55,314826
Ellis Brownridge,8,113,37516,51,207239
Viktor Torkelsson,8,113,2820808,50,462322
Marcin Bulat,8,113,30367,50,574047
Angelo D’Urso,8,113,494084,49,1329314
Greg Dixon,8,113,341540,46,798894
Paul Barrett,8,113,1235013,34,4295368
Genghis Kun,8,113,418572,30,3159385
Owen Gilligan,8,114,122214,79,82981
Noah Roberts,8,114,4600152,76,421318
Mandell Reitz,8,114,750969,73,175968
Santhosh Anand,8,114,6712,66,250820
Richard Smith,8,114,6297311,66,708864
Ken Gunning,8,114,2449263,62,921382
Fionntan Tennyson,8,114,5476205,62,1367701
Andy Morris,8,114,142115,61,412208
enkhbold ganzorig,8,114,2987422,61,772426
Matt Edson,8,114,20266,59,714087
Çağlar Kaya,8,114,136327,58,509249
Max Searl,8,114,834923,58,738792
Piotr Kocikowski,8,114,11246,55,275536
Scott Mitchell,8,114,3339485,55,2590075
Schulbz van Koleka,8,114,143226,52,403642
nikolas nikolaou,8,114,132367,51,1245806
Linkin - Jacky,8,114,199401,43,1563415
Milan Stevanovic,8,114,2456558,43,2036512
Ronald Sitanggang,8,114,4859948,25,9354408
Lambert Rayan,8,114,14701,16,10084413
Ebube Ochemba,8,115,4139216,83,64615
G K,8,115,529209,75,140143
Oliver (Know Fpl),8,115,512,75,468845
Rikrok Maier,8,115,67974,70,68363
Will Carter,8,115,870731,70,718924
Georgios Lambrou,8,115,3888622,69,44045
Scott Pieter,8,115,69170,69,53301
Jose Bracho,8,115,408704,61,341565
Matthew Clarke,8,115,2926728,56,1462710
Matej Marohnic,8,115,7240771,55,1659325
Sean Manning,8,115,1804327,51,225379
Jonathan Swarbrick,8,115,7452584,51,860218
Adrian Navarro,8,115,4450276,50,3611297
Baris Bengur,8,115,3112551,48,1906920
Fraser McDermott,8,115,646297,43,2623572
Marcin Kober,8,115,400436,42,591928
Harry Povey,8,115,1777699,42,2129019
Ying Loong Lee,8,115,928263,42,3231795
YAHYA EL RHERRAS,8,115,3578045,42,4931970
Alvin Shaju,8,115,365189,39,2581974
Kristian Johansson,8,116,151667,72,381279
Avo Astourian,8,116,93846,71,639893
Knut Madslien Bjørke,8,116,341675,70,1401468
SM Noble,8,116,576433,67,428781
Siobhan McMyler,8,116,2881900,67,629164
Matt Riddell,8,116,2131497,64,317087
Ruslan Alagov,8,116,1410690,64,328502
Aidan Hamilton,8,116,115189,62,645562
Glenn Watson,8,116,1336456,61,98745
jalal saradar,8,116,1344776,60,1358900
Oleksandr Sakhatskyi,8,116,2317143,60,2211766
William Sk,8,116,2152357,57,1404777
Gerard Looker,8,116,84389,57,1997984
Eric Billard,8,116,559947,56,445712
Wayne Franklin,8,116,5242074,48,1171911
Barry Homan,8,116,646808,42,3250199
CHAYAN K,8,116,2754745,41,4029377
Eric Muthoka,8,116,10648,41,5337725
Mohamed Ismail,8,116,1954823,36,4331198
Matt Cosgrove,8,116,3977653,31,6003950
Eo Nordon,8,117,3411414,81,471065
Guy Shefer,8,117,29743,74,96146
Chidubem Asiegbu,8,117,749154,69,41668
John English,8,117,5777,67,65207
Toro Sengwatsé,8,117,21461,63,290675
Christopher Barnett,8,117,556054,60,610048
Omar Dada,8,117,107910,60,2285278
Mateja Stjepanovic,8,117,850943,60,3764288
Artsiom Khinevich,8,117,45222,58,1401468
Matt Siggins,8,117,3077219,57,1109987
Dennis Wong,8,117,1996114,54,1238647
Hristo Atanasov,8,117,2674075,54,3023322
simon clayton,8,117,1108734,54,3154969
Jamie Busby,8,117,1209668,52,501513
James Moody,8,117,74420,51,1652057
glauco oioli,8,117,89024,48,1053162
Steve Fletcher,8,117,135373,46,2841275
Mike Flannery,8,117,191313,45,1245806
Steve Harbach,8,117,555917,42,1073599
Alan Murphy-Reeve,8,117,289301,42,3039998
David Lock,8,118,2646076,75,332425
Ryan Albuquerque,8,118,2553226,74,457765
Ken Barnett,8,118,14498,72,207239
K-P Mesterton,8,118,1157315,71,748840
Lelo Choufani,8,118,1206770,69,912831
Stephen Brown,8,118,3477199,66,39875
ibrahim Abu zuneirah,8,118,136408,63,339734
Phil Allen,8,118,3855861,63,1084485
Ryan Kershaw,8,118,8688,60,1332638
matt duxbury,8,118,2907176,60,1648466
Filip Beźnicki,8,118,566570,58,124437
Taylor Sunderland,8,118,33988,56,217363
oghenekaro odhegba,8,118,2286292,54,3562370
renju varkey,8,118,240609,49,982824
BoonEik Cheng,8,118,68241,46,737466
Lee Conley,8,118,110470,45,2036512
VICTOR OH,8,118,1163868,45,3098688
Roy Jenssveen,8,118,1660976,40,2635844
Andrew Hillen,8,118,5191598,39,2054298
Juuso Loikkanen,8,118,3322961,25,6407300
Jonathan Thamrun,8,119,7444717,84,15282
J Pow,8,119,189454,78,396354
,8,119,448,69,234519
Hamza BOUSTTA,8,119,130273,69,586089
Tony Collins,8,119,2470282,65,334130
Karna Sheth,8,119,2928257,63,114321
John Armitage,8,119,605068,61,188235
Ingers Wagner,8,119,8269954,61,2091051
Trio Kusuma,8,119,921930,61,3288046
Miroslav Markovic,8,119,20884,57,642372
Keyur Shah,8,119,762810,57,1186985
Claire Millar,8,119,1219013,57,2200402
Vicko CHaMp19N,8,119,6033848,53,504606
Magnus Wolter,8,119,738101,52,1369591
João Martelo,8,119,531499,51,499522
Graham Yarrow,8,119,22115,46,238942
Sharon Conway,8,119,1654471,39,3457023
Midfield General,8,119,97750,38,1533156
Dušan Radolský,8,119,6450171,36,4464159
Seth Fianya,8,119,71860,33,573432
Romeu Fernandes Junior,8,120,734523,86,33564
Chris Broughton,8,120,2472783,75,95577
Yinon Japheth,8,120,2061,72,36764
Kevin Norrie,8,120,24876,72,127557
Timothy Zaal,8,120,1647841,66,121599
Steffan Caines,8,120,338966,65,91874
Joseph Bythell,8,120,23185,62,171399
Miraz Mohammad,8,120,3848798,62,3145938
Appiah Stephen,8,120,8746950,61,985014
Ibrahim Benjamin,8,120,1348102,57,1425301
Mads Palsvig,8,120,381834,57,1641138
Matthew Hicks,8,120,334321,52,221327
O F,8,120,3852,52,281608
Ahmed Sirgany,8,120,1447001,50,572149
Jonathan Edwards,8,120,298772,44,621955
Anup Ram Kishor,8,120,1354755,43,1679007
Jonny Popper,8,120,2475207,42,1184233
Jack Fricker,8,120,94495,40,294236
Hassan Mar2aby,8,120,8525857,36,2050951
Simon Wareing,8,120,3954800,36,2157249
Edd Stobbart,8,121,4449,81,1906
Andrew Penman,8,121,6315,75,74521
Keith OSullivan,8,121,1965139,73,110403
Akhil K Balachandran,8,121,1247,69,556372
Lady Penelope,8,121,707162,67,331902
Charlie Brown,8,121,6506608,63,481070
Eirik Nerli,8,121,41814,63,1697726
Ed Hall,8,121,1101784,61,702797
Martin Folland,8,121,4541802,60,1384224
Slobodan Grujic,8,121,3231004,59,2040861
Sadnan Sabit,8,121,4255632,58,438247
Zaraki Kenpachi,8,121,769010,58,924611
Alex Gamble,8,121,454928,57,191363
James Plews,8,121,116277,53,1944271
Desmond Mbori,8,121,44725,49,2035002
Jim McKeon,8,121,2556809,49,3303593
Lee Mulholland,8,121,1867170,48,1621368
Duncan Kendall,8,121,134753,37,2826714
Sajo Nogah,8,121,4451017,28,3925411
Brendon Wood,8,121,8791767,24,8468673
Jayden Stratford,8,122,901164,85,23460
Rafsan Nahian,8,122,4351575,83,225048
Anoop kalarikkal,8,122,190096,76,55974
Glenn Harrison,8,122,2289691,67,395160
Pavle Veljkovic,8,122,38346,66,120851
Avishek Roy,8,122,1603012,60,241583
Nico Best,8,122,649041,60,263570
Bert Noyez,8,122,773726,60,1983109
Emaan Yousuf,8,122,297328,57,356935
Joard Kendella,8,122,2302111,52,529190
Craig Thomson,8,122,3782229,52,1309556
Prakash Malla,8,122,1548992,52,1891286
Andy Drake,8,122,7514142,52,1966571
Jason Ghulam,8,122,224230,51,1207268
Mohsen Mohseni,8,122,5505462,51,1763945
Anis Oukid,8,122,43157,48,292782
Tobias Melin,8,122,4498836,48,576256
Craig Drugan,8,122,2986,43,4452471
Ian Wilson,8,122,1871548,41,3417886
Daniel He,8,122,3493841,28,5889886
Mirtineh Filfilu,8,123,4791133,78,22538
Animesh Khare,8,123,3446651,70,37397
Reuben Shalome,8,123,368527,70,68337
Mj Bain,8,123,30268,70,496108
Alex Coles,8,123,814656,67,2250336
Joshua Noble,8,123,1411661,66,445193
Chris Bensley,8,123,1249910,65,1624651
Piotr Marciniak,8,123,193326,63,799387
fergal killeen,8,123,786731,58,799831
Ryan Beddall,8,123,1942062,58,2116875
Andrew Bates,8,123,1351477,58,2229360
M Morrell,8,123,7959,57,23460
Stephen Procter,8,123,2242430,55,59781
Ridwan Kolapo,8,123,3154461,54,1518081
Fadi Fakih,8,123,1311313,47,4321250
Russell Hurley,8,123,1271437,46,3074833
Reuben Carr,8,123,23695,45,1120897
Sairam Yadavilli,8,123,1457811,42,4737375
Shadow,8,123,1933333,33,5457764
Kjetil Hvattum,8,123,225316,28,6999788
Kamil Pometlo,8,124,1534349,81,197966
subarna dahal,8,124,46626,76,243925
Chris Powers,8,124,347690,75,151489
Sebastien Goeuriot,8,124,116944,72,111865
Lazar Bogojevic,8,124,1003083,69,403668
Junior Sachdev,8,124,576381,66,119741
Henry Bentham,8,124,3230639,66,1576965
Just In,8,124,11673,59,377865
Gregg Jones,8,124,29023,58,1484498
Chuks O,8,124,3295309,56,698544
Richie Howard,8,124,5116841,55,2322223
George Abbott,8,124,46340,54,896911
David Pikard,8,124,717339,52,1080261
Clarence Cheang,8,124,8246591,52,2501828
Charlie Follis,8,124,5779735,50,5076568
Alex Dougall,8,124,619674,49,1523708
Olushola Balogun,8,124,4223738,41,1835855
M. Zirko,8,124,2111299,39,2937445
Scott Candice,8,124,859707,34,5742605
Long Nguyen,8,124,6360252,25,6270518
Luka Bošnjak,8,125,230096,79,1653
Sean Flannery,8,125,1728411,73,41433
Sean Devers,8,125,621868,67,18796
Raheel Z Khan,8,125,25545,61,83975
Andrew Clarke,8,125,2402992,61,986139
Emma Wood,8,125,2206406,60,184325
Lee Stoker,8,125,342320,58,112777
C.R. Dsouza,8,125,5614676,58,481555
David Bovet,8,125,235380,58,586514
Natasha Jordan,8,125,17001,58,964739
Isaac Nicholls,8,125,8209070,55,226388
Irwan Muhamad,8,125,995628,55,980005
Brian Sutton,8,125,5337,54,502009
Richard Albrighton,8,125,405014,54,625466
-SK- Liu,8,125,2532961,52,143229
Yaniv Haroety,8,125,162918,49,445712
Tom McGuinness,8,125,3235320,49,2615396
Sriram G,8,125,45044,48,1079445
Joe Carlin,8,125,3837922,42,1034855
Radek Czernij,8,125,218660,42,3179712
Stewart Whittaker,8,126,31551,77,810908
Jeffreks Now,8,126,12123,76,1981
Simon Wong,8,126,76119,70,14226
Your regular winner_ Peterson,8,126,5552688,70,124006
raul pinto,8,126,365514,70,585095
DENISON CHANG,8,126,1984105,65,427459
Xomi Fred,8,126,471265,63,344981
Derek Shanahan,8,126,3559604,61,306588
Rob Connell,8,126,483869,61,2551978
Andre Zehnter,8,126,1272947,58,1134145
Sahil Desai,8,126,2335433,56,626794
Atanas Sotirov,8,126,921481,51,581018
Kevin Mackin,8,126,651093,48,379760
Olly Trevarthen,8,126,17141,48,967172
Zoran Pejic,8,126,146162,48,1383902
Amadeusz K,8,126,7672798,46,902333
Anthony Fender,8,126,6209996,45,1501786
Bayarmunkh Dashdavaa,8,126,8079733,45,5147559
Ollie Grad,8,126,276653,40,2071734
Lee Lewis,8,126,344871,33,2942968
Stephen Moore,8,127,6055,80,35878
Albie Sanders,8,127,231780,71,17376
Jason Chai,8,127,30919,71,35586
Abel K,8,127,7858882,64,84532
Abhigyan Srivastava,8,127,1160670,64,129621
Graeme Rae,8,127,1437674,64,287886
Nicolas Leuven,8,127,791299,63,165675
Mauricio Garcia Bango,8,127,991493,62,221327
Za Zz,8,127,1211972,61,378357
Danny Wise,8,127,431595,60,554832
Mathias Hery,8,127,160656,57,245448
Suraj Gill,8,127,7312864,54,180829
stephen frith,8,127,8040,54,1551399
Sterling Beckles,8,127,114952,51,1086963
Senul Pacino,8,127,5007073,50,3953688
Andy Liew,8,127,2315542,46,282333
Jordan Blannin,8,127,8356421,45,1061821
Barry Flynn,8,127,3556678,40,2037132
Bradley Hunt,8,127,7383602,37,1666517
John Worboys,8,127,723474,36,4059699
A Kwok,8,128,7296533,84,663403
Mark Gunn,8,128,5707729,78,45712
Joseph Sloan,8,128,3169016,78,271804
Dario Beresford,8,128,126809,68,170010
Michael Nichols,8,128,1534255,66,2271051
Matthew Haynes,8,128,686581,64,1425923
Vitaliy Bilous,8,128,6732745,61,2105022
Deepankar R,8,128,429799,60,3326350
Abdul Nsubuga,8,128,22173,58,664028
Conor Griffith,8,128,3640658,58,918198
Brendan McMullan,8,128,1458832,57,540099
Danny Patrick,8,128,361367,54,1661618
Luuk Cummins,8,128,1277302,53,1324649
Daniel Maasdam,8,128,89012,51,772426
BENARD BROWN,8,128,1569610,50,1008017
saiful islam,8,128,2694719,49,3750026
ريال مدريد,8,128,713131,46,3155705
DAVID HUNT,8,128,547593,43,4713847
Lewis Siket,8,128,2785169,27,8073104
Erik Bäärnhielm,8,128,5836625,27,9096035
Robin Doda,10,1,4037877,86,193490
Adam Garland,10,1,3384256,72,6127965
Marc O’Pollo,10,1,1888059,70,5141863
Hassan kamara,10,1,695197,69,2285906
Khwilo Kabaka,10,1,7719532,69,3267391
Philip Leavy,10,1,3914001,69,3382902
Jason Gomez,10,1,86197,63,3745334
John Mc Manus,10,1,603834,63,5723539
Danny Welbeck,10,1,4799125,60,7392246
Matthew Phillips,10,1,7080108,59,5145262
George Kevin,10,1,5980277,57,5053733
Moad Akram,10,1,6786972,54,7886648
Favour Ogabi,10,1,9012978,51,6750337
Md. Salah Uddin Bin Mostafa,10,1,5192659,49,7554947
Toby Schoenfeld,10,1,7339619,48,6494033
Ribhu Bhowmick,10,1,5381902,48,7292377
Wahyu Hidayat,10,1,4303681,48,7980311
Kaoru Mitoma,10,1,3819093,45,7331527
Stijn Criel,10,1,3250474,36,9110292
Andy Stephens,10,1,1889841,21,10107040
Mandar Karandikar,10,2,8066676,94,569354
Sean K,10,2,3093793,86,1237195
Andrei Ungurean,10,2,4895744,79,62175
La Blua Momo,10,2,1169975,76,3355823
Kevin Matano,10,2,2096347,71,2504168
Jasim Mohammed,10,2,7010918,67,2048346
Killian O' Sullivan,10,2,3509347,63,6199777
Mzwandile mbiza,10,2,3051838,63,8598290
barnak jana,10,2,4720102,61,4949334
Chris Cork,10,2,554580,55,5930619
james crews,10,2,5191118,55,8452898
Decky Casey,10,2,2310107,52,7621735
John Hooker,10,2,2875318,50,7827259
Stephan Wagner,10,2,46273,47,6973207
Sam Mathews,10,2,7300853,43,8924635
Mickel Walkes,10,2,8411194,39,6931878
peter gale,10,2,986826,39,9382702
Cyril Baaku,10,2,8772501,36,9544713
Richard Flisik,10,2,4384522,36,9722630
Nguyen Dat ♎️,10,2,20252,18,11197262
Tobirama Sensei,10,3,7801336,30,3900819
Ayush Kesarwani,10,3,5689161,21,467094
Oleksandr Shpakov,10,3,8401046,21,4451732
Jurgen Kelam,10,3,4924866,18,7009733
Sajan Solaman,10,3,2107148,15,7950586
Isaac McGeachie,10,3,1460207,15,8369463
Peace .,10,3,9892525,6,9832474
