2025-09-09 20:01:36,258:WARNING:
'cuml' is a soft dependency and not included in the pycaret installation. Please run: `pip install cuml` to install.
2025-09-09 20:01:36,258:WARNING:
'cuml' is a soft dependency and not included in the pycaret installation. Please run: `pip install cuml` to install.
2025-09-09 20:01:36,258:WARNING:
'cuml' is a soft dependency and not included in the pycaret installation. Please run: `pip install cuml` to install.
2025-09-09 20:01:36,261:WARNING:
'cuml' is a soft dependency and not included in the pycaret installation. Please run: `pip install cuml` to install.
2025-09-09 20:01:38,863:INFO:Initializing load_model()
2025-09-09 20:01:38,863:INFO:load_model(model_name=../def_xg_final_model, platform=None, authentication=None, verbose=True)
2025-09-09 20:01:40,266:WARNING:C:\Users\Ilyas\AppData\Local\Temp\ipykernel_9648\1766718703.py:2: SettingWithCopyWarning: 
A value is trying to be set on a copy of a slice from a DataFrame

See the caveats in the documentation: https://pandas.pydata.org/pandas-docs/stable/user_guide/indexing.html#returning-a-view-versus-a-copy
  data_36_def_xg.drop(columns=['position', 'xG'], inplace=True)

2025-09-09 20:01:40,348:INFO:Initializing predict_model()
2025-09-09 20:01:40,353:INFO:predict_model(self=<pycaret.regression.oop.RegressionExperiment object at 0x000001DBC2114350>, estimator=Pipeline(memory=Memory(location=None),
         steps=[('numerical_imputer',
                 TransformerWrapper(include=['whh', 'whd', 'wha',
                                             'team_h_difficulty',
                                             'team_a_difficulty',
                                             'percenatge_net_transfers',
                                             'ict_index', 'influence',
                                             'creativity', 'threat',
                                             'expected_assists_1',
                                             'expected_goal_involvements_1',
                                             'expected_goals_1',
                                             'goals_scored_1', 'ict_index_1',
                                             'influence_1', 'creativi...
                                    transformer=SimpleImputer(strategy='most_frequent'))),
                ('remove_multicollinearity',
                 TransformerWrapper(exclude=[],
                                    transformer=RemoveMulticollinearity(threshold=0.9))),
                ('feature_selection',
                 TransformerWrapper(exclude=[],
                                    transformer=SelectFromModel(estimator=LGBMRegressor(),
                                                                max_features=18,
                                                                threshold=-inf))),
                ('actual_estimator',
                 ExtraTreesRegressor(n_jobs=-1, random_state=5079))]), probability_threshold=None, encoded_labels=False, raw_score=False, round=4, verbose=True, ml_usecase=None, preprocess=True, encode_labels=<function _SupervisedExperiment.predict_model.<locals>.encode_labels at 0x000001DBBFF44C20>)
2025-09-09 20:01:40,353:INFO:Checking exceptions
2025-09-09 20:01:40,353:INFO:Preloading libraries
2025-09-09 20:01:40,354:INFO:Set up data.
2025-09-09 20:01:40,420:INFO:Set up index.
2025-09-09 20:01:41,074:WARNING:C:\Users\Ilyas\AppData\Local\Temp\ipykernel_9648\1766718703.py:11: SettingWithCopyWarning: 
A value is trying to be set on a copy of a slice from a DataFrame.
Try using .loc[row_indexer,col_indexer] = value instead

See the caveats in the documentation: https://pandas.pydata.org/pandas-docs/stable/user_guide/indexing.html#returning-a-view-versus-a-copy
  data_36_def['xG_preds'] = predicted

2025-09-09 20:01:44,163:WARNING:C:\Users\Ilyas\AppData\Local\Temp\ipykernel_9648\4034698818.py:3: SettingWithCopyWarning: 
A value is trying to be set on a copy of a slice from a DataFrame

See the caveats in the documentation: https://pandas.pydata.org/pandas-docs/stable/user_guide/indexing.html#returning-a-view-versus-a-copy
  data_37_def_xg.drop(columns=['position', 'xG'], inplace=True)

2025-09-09 20:01:44,219:INFO:Initializing predict_model()
2025-09-09 20:01:44,219:INFO:predict_model(self=<pycaret.regression.oop.RegressionExperiment object at 0x000001DBC2109CD0>, estimator=Pipeline(memory=Memory(location=None),
         steps=[('numerical_imputer',
                 TransformerWrapper(include=['whh', 'whd', 'wha',
                                             'team_h_difficulty',
                                             'team_a_difficulty',
                                             'percenatge_net_transfers',
                                             'ict_index', 'influence',
                                             'creativity', 'threat',
                                             'expected_assists_1',
                                             'expected_goal_involvements_1',
                                             'expected_goals_1',
                                             'goals_scored_1', 'ict_index_1',
                                             'influence_1', 'creativi...
                                    transformer=SimpleImputer(strategy='most_frequent'))),
                ('remove_multicollinearity',
                 TransformerWrapper(exclude=[],
                                    transformer=RemoveMulticollinearity(threshold=0.9))),
                ('feature_selection',
                 TransformerWrapper(exclude=[],
                                    transformer=SelectFromModel(estimator=LGBMRegressor(),
                                                                max_features=18,
                                                                threshold=-inf))),
                ('actual_estimator',
                 ExtraTreesRegressor(n_jobs=-1, random_state=5079))]), probability_threshold=None, encoded_labels=False, raw_score=False, round=4, verbose=True, ml_usecase=None, preprocess=True, encode_labels=<function _SupervisedExperiment.predict_model.<locals>.encode_labels at 0x000001DBC0041A80>)
2025-09-09 20:01:44,219:INFO:Checking exceptions
2025-09-09 20:01:44,223:INFO:Preloading libraries
2025-09-09 20:01:44,223:INFO:Set up data.
2025-09-09 20:01:44,284:INFO:Set up index.
2025-09-09 20:01:44,560:WARNING:C:\Users\Ilyas\AppData\Local\Temp\ipykernel_9648\4034698818.py:12: SettingWithCopyWarning: 
A value is trying to be set on a copy of a slice from a DataFrame.
Try using .loc[row_indexer,col_indexer] = value instead

See the caveats in the documentation: https://pandas.pydata.org/pandas-docs/stable/user_guide/indexing.html#returning-a-view-versus-a-copy
  data_37_def['xG_preds'] = predicted

2025-09-09 20:01:46,894:WARNING:C:\Users\Ilyas\AppData\Local\Temp\ipykernel_9648\1002305843.py:3: SettingWithCopyWarning: 
A value is trying to be set on a copy of a slice from a DataFrame

See the caveats in the documentation: https://pandas.pydata.org/pandas-docs/stable/user_guide/indexing.html#returning-a-view-versus-a-copy
  data_38_def_xg.drop(columns=['position', 'xG'], inplace=True)

2025-09-09 20:01:46,976:INFO:Initializing predict_model()
2025-09-09 20:01:46,976:INFO:predict_model(self=<pycaret.regression.oop.RegressionExperiment object at 0x000001DBBFF5E010>, estimator=Pipeline(memory=Memory(location=None),
         steps=[('numerical_imputer',
                 TransformerWrapper(include=['whh', 'whd', 'wha',
                                             'team_h_difficulty',
                                             'team_a_difficulty',
                                             'percenatge_net_transfers',
                                             'ict_index', 'influence',
                                             'creativity', 'threat',
                                             'expected_assists_1',
                                             'expected_goal_involvements_1',
                                             'expected_goals_1',
                                             'goals_scored_1', 'ict_index_1',
                                             'influence_1', 'creativi...
                                    transformer=SimpleImputer(strategy='most_frequent'))),
                ('remove_multicollinearity',
                 TransformerWrapper(exclude=[],
                                    transformer=RemoveMulticollinearity(threshold=0.9))),
                ('feature_selection',
                 TransformerWrapper(exclude=[],
                                    transformer=SelectFromModel(estimator=LGBMRegressor(),
                                                                max_features=18,
                                                                threshold=-inf))),
                ('actual_estimator',
                 ExtraTreesRegressor(n_jobs=-1, random_state=5079))]), probability_threshold=None, encoded_labels=False, raw_score=False, round=4, verbose=True, ml_usecase=None, preprocess=True, encode_labels=<function _SupervisedExperiment.predict_model.<locals>.encode_labels at 0x000001DBC21722A0>)
2025-09-09 20:01:46,976:INFO:Checking exceptions
2025-09-09 20:01:46,976:INFO:Preloading libraries
2025-09-09 20:01:46,976:INFO:Set up data.
2025-09-09 20:01:47,024:INFO:Set up index.
2025-09-09 20:01:47,306:WARNING:C:\Users\Ilyas\AppData\Local\Temp\ipykernel_9648\1002305843.py:12: SettingWithCopyWarning: 
A value is trying to be set on a copy of a slice from a DataFrame.
Try using .loc[row_indexer,col_indexer] = value instead

See the caveats in the documentation: https://pandas.pydata.org/pandas-docs/stable/user_guide/indexing.html#returning-a-view-versus-a-copy
  data_38_def['xG_preds'] = predicted

2025-09-09 20:01:50,430:INFO:Initializing load_model()
2025-09-09 20:01:50,430:INFO:load_model(model_name=../mid_xg_final_model, platform=None, authentication=None, verbose=True)
2025-09-09 20:01:50,838:WARNING:C:\Users\Ilyas\AppData\Local\Temp\ipykernel_9648\1569287174.py:2: SettingWithCopyWarning: 
A value is trying to be set on a copy of a slice from a DataFrame

See the caveats in the documentation: https://pandas.pydata.org/pandas-docs/stable/user_guide/indexing.html#returning-a-view-versus-a-copy
  data_36_mid_xg.drop(columns=['position', 'xG'], inplace=True)

2025-09-09 20:01:50,906:INFO:Initializing predict_model()
2025-09-09 20:01:50,916:INFO:predict_model(self=<pycaret.regression.oop.RegressionExperiment object at 0x000001DBC0022210>, estimator=Pipeline(memory=Memory(location=None),
         steps=[('numerical_imputer',
                 TransformerWrapper(include=['whh', 'whd', 'wha',
                                             'team_h_difficulty',
                                             'team_a_difficulty',
                                             'percenatge_net_transfers',
                                             'ict_index', 'influence',
                                             'creativity', 'threat',
                                             'expected_assists_1',
                                             'expected_goal_involvements_1',
                                             'expected_goals_1',
                                             'goals_scored_1', 'ict_index_1',
                                             'influence_1', 'creativi...
                                    transformer=SimpleImputer(strategy='most_frequent'))),
                ('remove_multicollinearity',
                 TransformerWrapper(exclude=[],
                                    transformer=RemoveMulticollinearity(threshold=0.9))),
                ('feature_selection',
                 TransformerWrapper(exclude=[],
                                    transformer=SelectFromModel(estimator=LGBMRegressor(),
                                                                max_features=18,
                                                                threshold=-inf))),
                ('actual_estimator',
                 RandomForestRegressor(n_jobs=-1, random_state=3306))]), probability_threshold=None, encoded_labels=False, raw_score=False, round=4, verbose=True, ml_usecase=None, preprocess=True, encode_labels=<function _SupervisedExperiment.predict_model.<locals>.encode_labels at 0x000001DBC21DF740>)
2025-09-09 20:01:50,916:INFO:Checking exceptions
2025-09-09 20:01:50,916:INFO:Preloading libraries
2025-09-09 20:01:50,916:INFO:Set up data.
2025-09-09 20:01:50,977:INFO:Set up index.
2025-09-09 20:01:51,429:WARNING:C:\Users\Ilyas\AppData\Local\Temp\ipykernel_9648\1569287174.py:11: SettingWithCopyWarning: 
A value is trying to be set on a copy of a slice from a DataFrame.
Try using .loc[row_indexer,col_indexer] = value instead

See the caveats in the documentation: https://pandas.pydata.org/pandas-docs/stable/user_guide/indexing.html#returning-a-view-versus-a-copy
  data_36_mid['xG_preds'] = predicted

2025-09-09 20:01:54,796:WARNING:C:\Users\Ilyas\AppData\Local\Temp\ipykernel_9648\1460296985.py:3: SettingWithCopyWarning: 
A value is trying to be set on a copy of a slice from a DataFrame

See the caveats in the documentation: https://pandas.pydata.org/pandas-docs/stable/user_guide/indexing.html#returning-a-view-versus-a-copy
  data_37_mid_xg.drop(columns=['position', 'xG'], inplace=True)

2025-09-09 20:01:54,869:INFO:Initializing predict_model()
2025-09-09 20:01:54,869:INFO:predict_model(self=<pycaret.regression.oop.RegressionExperiment object at 0x000001DBBF18AE90>, estimator=Pipeline(memory=Memory(location=None),
         steps=[('numerical_imputer',
                 TransformerWrapper(include=['whh', 'whd', 'wha',
                                             'team_h_difficulty',
                                             'team_a_difficulty',
                                             'percenatge_net_transfers',
                                             'ict_index', 'influence',
                                             'creativity', 'threat',
                                             'expected_assists_1',
                                             'expected_goal_involvements_1',
                                             'expected_goals_1',
                                             'goals_scored_1', 'ict_index_1',
                                             'influence_1', 'creativi...
                                    transformer=SimpleImputer(strategy='most_frequent'))),
                ('remove_multicollinearity',
                 TransformerWrapper(exclude=[],
                                    transformer=RemoveMulticollinearity(threshold=0.9))),
                ('feature_selection',
                 TransformerWrapper(exclude=[],
                                    transformer=SelectFromModel(estimator=LGBMRegressor(),
                                                                max_features=18,
                                                                threshold=-inf))),
                ('actual_estimator',
                 RandomForestRegressor(n_jobs=-1, random_state=3306))]), probability_threshold=None, encoded_labels=False, raw_score=False, round=4, verbose=True, ml_usecase=None, preprocess=True, encode_labels=<function _SupervisedExperiment.predict_model.<locals>.encode_labels at 0x000001DBC21DCEA0>)
2025-09-09 20:01:54,869:INFO:Checking exceptions
2025-09-09 20:01:54,869:INFO:Preloading libraries
2025-09-09 20:01:54,869:INFO:Set up data.
2025-09-09 20:01:54,951:INFO:Set up index.
2025-09-09 20:01:55,319:WARNING:C:\Users\Ilyas\AppData\Local\Temp\ipykernel_9648\1460296985.py:12: SettingWithCopyWarning: 
A value is trying to be set on a copy of a slice from a DataFrame.
Try using .loc[row_indexer,col_indexer] = value instead

See the caveats in the documentation: https://pandas.pydata.org/pandas-docs/stable/user_guide/indexing.html#returning-a-view-versus-a-copy
  data_37_mid['xG_preds'] = predicted

2025-09-09 20:01:58,601:WARNING:C:\Users\Ilyas\AppData\Local\Temp\ipykernel_9648\1710043576.py:3: SettingWithCopyWarning: 
A value is trying to be set on a copy of a slice from a DataFrame

See the caveats in the documentation: https://pandas.pydata.org/pandas-docs/stable/user_guide/indexing.html#returning-a-view-versus-a-copy
  data_38_mid_xg.drop(columns=['position', 'xG'], inplace=True)

2025-09-09 20:01:58,655:INFO:Initializing predict_model()
2025-09-09 20:01:58,655:INFO:predict_model(self=<pycaret.regression.oop.RegressionExperiment object at 0x000001DBC5E74A10>, estimator=Pipeline(memory=Memory(location=None),
         steps=[('numerical_imputer',
                 TransformerWrapper(include=['whh', 'whd', 'wha',
                                             'team_h_difficulty',
                                             'team_a_difficulty',
                                             'percenatge_net_transfers',
                                             'ict_index', 'influence',
                                             'creativity', 'threat',
                                             'expected_assists_1',
                                             'expected_goal_involvements_1',
                                             'expected_goals_1',
                                             'goals_scored_1', 'ict_index_1',
                                             'influence_1', 'creativi...
                                    transformer=SimpleImputer(strategy='most_frequent'))),
                ('remove_multicollinearity',
                 TransformerWrapper(exclude=[],
                                    transformer=RemoveMulticollinearity(threshold=0.9))),
                ('feature_selection',
                 TransformerWrapper(exclude=[],
                                    transformer=SelectFromModel(estimator=LGBMRegressor(),
                                                                max_features=18,
                                                                threshold=-inf))),
                ('actual_estimator',
                 RandomForestRegressor(n_jobs=-1, random_state=3306))]), probability_threshold=None, encoded_labels=False, raw_score=False, round=4, verbose=True, ml_usecase=None, preprocess=True, encode_labels=<function _SupervisedExperiment.predict_model.<locals>.encode_labels at 0x000001DBB185DEE0>)
2025-09-09 20:01:58,655:INFO:Checking exceptions
2025-09-09 20:01:58,655:INFO:Preloading libraries
2025-09-09 20:01:58,655:INFO:Set up data.
2025-09-09 20:01:58,707:INFO:Set up index.
2025-09-09 20:01:59,001:WARNING:C:\Users\Ilyas\AppData\Local\Temp\ipykernel_9648\1710043576.py:12: SettingWithCopyWarning: 
A value is trying to be set on a copy of a slice from a DataFrame.
Try using .loc[row_indexer,col_indexer] = value instead

See the caveats in the documentation: https://pandas.pydata.org/pandas-docs/stable/user_guide/indexing.html#returning-a-view-versus-a-copy
  data_38_mid['xG_preds'] = predicted

2025-09-09 20:02:01,122:INFO:Initializing load_model()
2025-09-09 20:02:01,122:INFO:load_model(model_name=../fwd_xg_final_model, platform=None, authentication=None, verbose=True)
2025-09-09 20:02:01,233:WARNING:C:\Users\Ilyas\AppData\Local\Temp\ipykernel_9648\1861646744.py:3: SettingWithCopyWarning: 
A value is trying to be set on a copy of a slice from a DataFrame

See the caveats in the documentation: https://pandas.pydata.org/pandas-docs/stable/user_guide/indexing.html#returning-a-view-versus-a-copy
  data_36_fwd_xg.drop(columns=['position', 'xG'], inplace=True)

2025-09-09 20:02:01,366:INFO:Initializing predict_model()
2025-09-09 20:02:01,366:INFO:predict_model(self=<pycaret.regression.oop.RegressionExperiment object at 0x000001DBC21D5190>, estimator=Pipeline(memory=Memory(location=None),
         steps=[('numerical_imputer',
                 TransformerWrapper(include=['whh', 'whd', 'wha',
                                             'team_h_difficulty',
                                             'team_a_difficulty',
                                             'percenatge_net_transfers',
                                             'ict_index', 'influence',
                                             'creativity', 'threat',
                                             'expected_assists_1',
                                             'expected_goal_involvements_1',
                                             'expected_goals_1',
                                             'goals_scored_1', 'ict_index_1',
                                             'influence_1', 'creativi...
                                    transformer=SimpleImputer(strategy='most_frequent'))),
                ('remove_multicollinearity',
                 TransformerWrapper(exclude=[],
                                    transformer=RemoveMulticollinearity(threshold=0.9))),
                ('feature_selection',
                 TransformerWrapper(exclude=[],
                                    transformer=SelectFromModel(estimator=LGBMRegressor(),
                                                                max_features=18,
                                                                threshold=-inf))),
                ('actual_estimator',
                 GradientBoostingRegressor(random_state=2255))]), probability_threshold=None, encoded_labels=False, raw_score=False, round=4, verbose=True, ml_usecase=None, preprocess=True, encode_labels=<function _SupervisedExperiment.predict_model.<locals>.encode_labels at 0x000001DBC5E979C0>)
2025-09-09 20:02:01,366:INFO:Checking exceptions
2025-09-09 20:02:01,366:INFO:Preloading libraries
2025-09-09 20:02:01,366:INFO:Set up data.
2025-09-09 20:02:01,467:INFO:Set up index.
2025-09-09 20:02:01,733:WARNING:C:\Users\Ilyas\AppData\Local\Temp\ipykernel_9648\1861646744.py:12: SettingWithCopyWarning: 
A value is trying to be set on a copy of a slice from a DataFrame.
Try using .loc[row_indexer,col_indexer] = value instead

See the caveats in the documentation: https://pandas.pydata.org/pandas-docs/stable/user_guide/indexing.html#returning-a-view-versus-a-copy
  data_36_fwd['xG_preds'] = predicted

2025-09-09 20:02:02,863:WARNING:C:\Users\Ilyas\AppData\Local\Temp\ipykernel_9648\2257107111.py:3: SettingWithCopyWarning: 
A value is trying to be set on a copy of a slice from a DataFrame

See the caveats in the documentation: https://pandas.pydata.org/pandas-docs/stable/user_guide/indexing.html#returning-a-view-versus-a-copy
  data_37_fwd_xg.drop(columns=['position', 'xG'], inplace=True)

2025-09-09 20:02:02,918:INFO:Initializing predict_model()
2025-09-09 20:02:02,918:INFO:predict_model(self=<pycaret.regression.oop.RegressionExperiment object at 0x000001DBC6A9EE10>, estimator=Pipeline(memory=Memory(location=None),
         steps=[('numerical_imputer',
                 TransformerWrapper(include=['whh', 'whd', 'wha',
                                             'team_h_difficulty',
                                             'team_a_difficulty',
                                             'percenatge_net_transfers',
                                             'ict_index', 'influence',
                                             'creativity', 'threat',
                                             'expected_assists_1',
                                             'expected_goal_involvements_1',
                                             'expected_goals_1',
                                             'goals_scored_1', 'ict_index_1',
                                             'influence_1', 'creativi...
                                    transformer=SimpleImputer(strategy='most_frequent'))),
                ('remove_multicollinearity',
                 TransformerWrapper(exclude=[],
                                    transformer=RemoveMulticollinearity(threshold=0.9))),
                ('feature_selection',
                 TransformerWrapper(exclude=[],
                                    transformer=SelectFromModel(estimator=LGBMRegressor(),
                                                                max_features=18,
                                                                threshold=-inf))),
                ('actual_estimator',
                 GradientBoostingRegressor(random_state=2255))]), probability_threshold=None, encoded_labels=False, raw_score=False, round=4, verbose=True, ml_usecase=None, preprocess=True, encode_labels=<function _SupervisedExperiment.predict_model.<locals>.encode_labels at 0x000001DBB2A314E0>)
2025-09-09 20:02:02,918:INFO:Checking exceptions
2025-09-09 20:02:02,918:INFO:Preloading libraries
2025-09-09 20:02:02,918:INFO:Set up data.
2025-09-09 20:02:02,969:INFO:Set up index.
2025-09-09 20:02:03,139:WARNING:C:\Users\Ilyas\AppData\Local\Temp\ipykernel_9648\2257107111.py:12: SettingWithCopyWarning: 
A value is trying to be set on a copy of a slice from a DataFrame.
Try using .loc[row_indexer,col_indexer] = value instead

See the caveats in the documentation: https://pandas.pydata.org/pandas-docs/stable/user_guide/indexing.html#returning-a-view-versus-a-copy
  data_37_fwd['xG_preds'] = predicted

2025-09-09 20:02:03,835:WARNING:C:\Users\Ilyas\AppData\Local\Temp\ipykernel_9648\1391899560.py:3: SettingWithCopyWarning: 
A value is trying to be set on a copy of a slice from a DataFrame

See the caveats in the documentation: https://pandas.pydata.org/pandas-docs/stable/user_guide/indexing.html#returning-a-view-versus-a-copy
  data_38_fwd_xg.drop(columns=['position', 'xG'], inplace=True)

2025-09-09 20:02:03,868:INFO:Initializing predict_model()
2025-09-09 20:02:03,868:INFO:predict_model(self=<pycaret.regression.oop.RegressionExperiment object at 0x000001DBC2158D50>, estimator=Pipeline(memory=Memory(location=None),
         steps=[('numerical_imputer',
                 TransformerWrapper(include=['whh', 'whd', 'wha',
                                             'team_h_difficulty',
                                             'team_a_difficulty',
                                             'percenatge_net_transfers',
                                             'ict_index', 'influence',
                                             'creativity', 'threat',
                                             'expected_assists_1',
                                             'expected_goal_involvements_1',
                                             'expected_goals_1',
                                             'goals_scored_1', 'ict_index_1',
                                             'influence_1', 'creativi...
                                    transformer=SimpleImputer(strategy='most_frequent'))),
                ('remove_multicollinearity',
                 TransformerWrapper(exclude=[],
                                    transformer=RemoveMulticollinearity(threshold=0.9))),
                ('feature_selection',
                 TransformerWrapper(exclude=[],
                                    transformer=SelectFromModel(estimator=LGBMRegressor(),
                                                                max_features=18,
                                                                threshold=-inf))),
                ('actual_estimator',
                 GradientBoostingRegressor(random_state=2255))]), probability_threshold=None, encoded_labels=False, raw_score=False, round=4, verbose=True, ml_usecase=None, preprocess=True, encode_labels=<function _SupervisedExperiment.predict_model.<locals>.encode_labels at 0x000001DBB2A314E0>)
2025-09-09 20:02:03,868:INFO:Checking exceptions
2025-09-09 20:02:03,868:INFO:Preloading libraries
2025-09-09 20:02:03,868:INFO:Set up data.
2025-09-09 20:02:03,902:INFO:Set up index.
2025-09-09 20:02:04,068:WARNING:C:\Users\Ilyas\AppData\Local\Temp\ipykernel_9648\1391899560.py:12: SettingWithCopyWarning: 
A value is trying to be set on a copy of a slice from a DataFrame.
Try using .loc[row_indexer,col_indexer] = value instead

See the caveats in the documentation: https://pandas.pydata.org/pandas-docs/stable/user_guide/indexing.html#returning-a-view-versus-a-copy
  data_38_fwd['xG_preds'] = predicted

2025-09-09 20:02:04,699:INFO:Initializing load_model()
2025-09-09 20:02:04,699:INFO:load_model(model_name=../def_xa_final_model, platform=None, authentication=None, verbose=True)
2025-09-09 20:02:04,917:WARNING:C:\Users\Ilyas\AppData\Local\Temp\ipykernel_9648\1286060865.py:2: SettingWithCopyWarning: 
A value is trying to be set on a copy of a slice from a DataFrame

See the caveats in the documentation: https://pandas.pydata.org/pandas-docs/stable/user_guide/indexing.html#returning-a-view-versus-a-copy
  data_36_def_xa.drop(columns=['position', 'xA'], inplace=True)

2025-09-09 20:02:04,935:INFO:Initializing predict_model()
2025-09-09 20:02:04,935:INFO:predict_model(self=<pycaret.regression.oop.RegressionExperiment object at 0x000001DBC5F0FC10>, estimator=Pipeline(memory=Memory(location=None),
         steps=[('numerical_imputer',
                 TransformerWrapper(include=['whh', 'whd', 'wha',
                                             'team_h_difficulty',
                                             'team_a_difficulty',
                                             'percenatge_net_transfers',
                                             'ict_index', 'influence',
                                             'creativity', 'threat', 'starts',
                                             'expected_assists_1',
                                             'expected_goal_involvements_1',
                                             'ict_index_1', 'influence_1',
                                             'creativity_1', 'threat_1',
                                             'minutes_1...
                                    transformer=SimpleImputer(strategy='most_frequent'))),
                ('remove_multicollinearity',
                 TransformerWrapper(exclude=[],
                                    transformer=RemoveMulticollinearity(threshold=0.9))),
                ('feature_selection',
                 TransformerWrapper(exclude=[],
                                    transformer=SelectFromModel(estimator=LGBMRegressor(),
                                                                max_features=15,
                                                                threshold=-inf))),
                ('actual_estimator',
                 RandomForestRegressor(n_jobs=-1, random_state=812))]), probability_threshold=None, encoded_labels=False, raw_score=False, round=4, verbose=True, ml_usecase=None, preprocess=True, encode_labels=<function _SupervisedExperiment.predict_model.<locals>.encode_labels at 0x000001DBC5E128E0>)
2025-09-09 20:02:04,935:INFO:Checking exceptions
2025-09-09 20:02:04,935:INFO:Preloading libraries
2025-09-09 20:02:04,935:INFO:Set up data.
2025-09-09 20:02:04,970:INFO:Set up index.
2025-09-09 20:02:05,182:WARNING:C:\Users\Ilyas\AppData\Local\Temp\ipykernel_9648\1286060865.py:11: SettingWithCopyWarning: 
A value is trying to be set on a copy of a slice from a DataFrame.
Try using .loc[row_indexer,col_indexer] = value instead

See the caveats in the documentation: https://pandas.pydata.org/pandas-docs/stable/user_guide/indexing.html#returning-a-view-versus-a-copy
  data_36_def['xA_preds'] = predicted

2025-09-09 20:02:06,198:WARNING:C:\Users\Ilyas\AppData\Local\Temp\ipykernel_9648\2235968509.py:3: SettingWithCopyWarning: 
A value is trying to be set on a copy of a slice from a DataFrame

See the caveats in the documentation: https://pandas.pydata.org/pandas-docs/stable/user_guide/indexing.html#returning-a-view-versus-a-copy
  data_37_def_xa.drop(columns=['position', 'xA'], inplace=True)

2025-09-09 20:02:06,236:INFO:Initializing predict_model()
2025-09-09 20:02:06,236:INFO:predict_model(self=<pycaret.regression.oop.RegressionExperiment object at 0x000001DBC2125A90>, estimator=Pipeline(memory=Memory(location=None),
         steps=[('numerical_imputer',
                 TransformerWrapper(include=['whh', 'whd', 'wha',
                                             'team_h_difficulty',
                                             'team_a_difficulty',
                                             'percenatge_net_transfers',
                                             'ict_index', 'influence',
                                             'creativity', 'threat', 'starts',
                                             'expected_assists_1',
                                             'expected_goal_involvements_1',
                                             'ict_index_1', 'influence_1',
                                             'creativity_1', 'threat_1',
                                             'minutes_1...
                                    transformer=SimpleImputer(strategy='most_frequent'))),
                ('remove_multicollinearity',
                 TransformerWrapper(exclude=[],
                                    transformer=RemoveMulticollinearity(threshold=0.9))),
                ('feature_selection',
                 TransformerWrapper(exclude=[],
                                    transformer=SelectFromModel(estimator=LGBMRegressor(),
                                                                max_features=15,
                                                                threshold=-inf))),
                ('actual_estimator',
                 RandomForestRegressor(n_jobs=-1, random_state=812))]), probability_threshold=None, encoded_labels=False, raw_score=False, round=4, verbose=True, ml_usecase=None, preprocess=True, encode_labels=<function _SupervisedExperiment.predict_model.<locals>.encode_labels at 0x000001DBC5E97CE0>)
2025-09-09 20:02:06,236:INFO:Checking exceptions
2025-09-09 20:02:06,236:INFO:Preloading libraries
2025-09-09 20:02:06,242:INFO:Set up data.
2025-09-09 20:02:06,274:INFO:Set up index.
2025-09-09 20:02:06,497:WARNING:C:\Users\Ilyas\AppData\Local\Temp\ipykernel_9648\2235968509.py:12: SettingWithCopyWarning: 
A value is trying to be set on a copy of a slice from a DataFrame.
Try using .loc[row_indexer,col_indexer] = value instead

See the caveats in the documentation: https://pandas.pydata.org/pandas-docs/stable/user_guide/indexing.html#returning-a-view-versus-a-copy
  data_37_def['xA_preds'] = predicted

2025-09-09 20:02:07,555:WARNING:C:\Users\Ilyas\AppData\Local\Temp\ipykernel_9648\1502491043.py:3: SettingWithCopyWarning: 
A value is trying to be set on a copy of a slice from a DataFrame

See the caveats in the documentation: https://pandas.pydata.org/pandas-docs/stable/user_guide/indexing.html#returning-a-view-versus-a-copy
  data_38_def_xa.drop(columns=['position', 'xA'], inplace=True)

2025-09-09 20:02:07,585:INFO:Initializing predict_model()
2025-09-09 20:02:07,585:INFO:predict_model(self=<pycaret.regression.oop.RegressionExperiment object at 0x000001DBC2159510>, estimator=Pipeline(memory=Memory(location=None),
         steps=[('numerical_imputer',
                 TransformerWrapper(include=['whh', 'whd', 'wha',
                                             'team_h_difficulty',
                                             'team_a_difficulty',
                                             'percenatge_net_transfers',
                                             'ict_index', 'influence',
                                             'creativity', 'threat', 'starts',
                                             'expected_assists_1',
                                             'expected_goal_involvements_1',
                                             'ict_index_1', 'influence_1',
                                             'creativity_1', 'threat_1',
                                             'minutes_1...
                                    transformer=SimpleImputer(strategy='most_frequent'))),
                ('remove_multicollinearity',
                 TransformerWrapper(exclude=[],
                                    transformer=RemoveMulticollinearity(threshold=0.9))),
                ('feature_selection',
                 TransformerWrapper(exclude=[],
                                    transformer=SelectFromModel(estimator=LGBMRegressor(),
                                                                max_features=15,
                                                                threshold=-inf))),
                ('actual_estimator',
                 RandomForestRegressor(n_jobs=-1, random_state=812))]), probability_threshold=None, encoded_labels=False, raw_score=False, round=4, verbose=True, ml_usecase=None, preprocess=True, encode_labels=<function _SupervisedExperiment.predict_model.<locals>.encode_labels at 0x000001DBC5E38EA0>)
2025-09-09 20:02:07,585:INFO:Checking exceptions
2025-09-09 20:02:07,585:INFO:Preloading libraries
2025-09-09 20:02:07,585:INFO:Set up data.
2025-09-09 20:02:07,616:INFO:Set up index.
2025-09-09 20:02:07,834:WARNING:C:\Users\Ilyas\AppData\Local\Temp\ipykernel_9648\1502491043.py:12: SettingWithCopyWarning: 
A value is trying to be set on a copy of a slice from a DataFrame.
Try using .loc[row_indexer,col_indexer] = value instead

See the caveats in the documentation: https://pandas.pydata.org/pandas-docs/stable/user_guide/indexing.html#returning-a-view-versus-a-copy
  data_38_def['xA_preds'] = predicted

2025-09-09 20:02:09,323:INFO:Initializing load_model()
2025-09-09 20:02:09,323:INFO:load_model(model_name=../mid_xa_final_model, platform=None, authentication=None, verbose=True)
2025-09-09 20:02:09,686:WARNING:C:\Users\Ilyas\AppData\Local\Temp\ipykernel_9648\2404194884.py:3: SettingWithCopyWarning: 
A value is trying to be set on a copy of a slice from a DataFrame

See the caveats in the documentation: https://pandas.pydata.org/pandas-docs/stable/user_guide/indexing.html#returning-a-view-versus-a-copy
  data_36_mid_xa.drop(columns=['position', 'xA'], inplace=True)

2025-09-09 20:02:09,717:INFO:Initializing predict_model()
2025-09-09 20:02:09,717:INFO:predict_model(self=<pycaret.regression.oop.RegressionExperiment object at 0x000001DBC5EBBFD0>, estimator=Pipeline(memory=Memory(location=None),
         steps=[('numerical_imputer',
                 TransformerWrapper(include=['whh', 'whd', 'wha',
                                             'team_h_difficulty',
                                             'team_a_difficulty',
                                             'percenatge_net_transfers',
                                             'ict_index', 'influence',
                                             'creativity', 'threat', 'starts',
                                             'expected_assists_1',
                                             'expected_goal_involvements_1',
                                             'ict_index_1', 'influence_1',
                                             'creativity_1', 'threat_1',
                                             'minutes_1...
                                    transformer=SimpleImputer(strategy='most_frequent'))),
                ('remove_multicollinearity',
                 TransformerWrapper(exclude=[],
                                    transformer=RemoveMulticollinearity(threshold=0.9))),
                ('feature_selection',
                 TransformerWrapper(exclude=[],
                                    transformer=SelectFromModel(estimator=LGBMRegressor(),
                                                                max_features=15,
                                                                threshold=-inf))),
                ('actual_estimator',
                 RandomForestRegressor(n_jobs=-1, random_state=2810))]), probability_threshold=None, encoded_labels=False, raw_score=False, round=4, verbose=True, ml_usecase=None, preprocess=True, encode_labels=<function _SupervisedExperiment.predict_model.<locals>.encode_labels at 0x000001DBC5E963E0>)
2025-09-09 20:02:09,717:INFO:Checking exceptions
2025-09-09 20:02:09,721:INFO:Preloading libraries
2025-09-09 20:02:09,721:INFO:Set up data.
2025-09-09 20:02:09,766:INFO:Set up index.
2025-09-09 20:02:10,022:WARNING:C:\Users\Ilyas\AppData\Local\Temp\ipykernel_9648\2404194884.py:12: SettingWithCopyWarning: 
A value is trying to be set on a copy of a slice from a DataFrame.
Try using .loc[row_indexer,col_indexer] = value instead

See the caveats in the documentation: https://pandas.pydata.org/pandas-docs/stable/user_guide/indexing.html#returning-a-view-versus-a-copy
  data_36_mid['xA_preds'] = predicted

2025-09-09 20:02:12,297:WARNING:C:\Users\Ilyas\AppData\Local\Temp\ipykernel_9648\353010864.py:3: SettingWithCopyWarning: 
A value is trying to be set on a copy of a slice from a DataFrame

See the caveats in the documentation: https://pandas.pydata.org/pandas-docs/stable/user_guide/indexing.html#returning-a-view-versus-a-copy
  data_37_mid_xa.drop(columns=['position', 'xA'], inplace=True)

2025-09-09 20:02:12,366:INFO:Initializing predict_model()
2025-09-09 20:02:12,366:INFO:predict_model(self=<pycaret.regression.oop.RegressionExperiment object at 0x000001DBBFF7B890>, estimator=Pipeline(memory=Memory(location=None),
         steps=[('numerical_imputer',
                 TransformerWrapper(include=['whh', 'whd', 'wha',
                                             'team_h_difficulty',
                                             'team_a_difficulty',
                                             'percenatge_net_transfers',
                                             'ict_index', 'influence',
                                             'creativity', 'threat', 'starts',
                                             'expected_assists_1',
                                             'expected_goal_involvements_1',
                                             'ict_index_1', 'influence_1',
                                             'creativity_1', 'threat_1',
                                             'minutes_1...
                                    transformer=SimpleImputer(strategy='most_frequent'))),
                ('remove_multicollinearity',
                 TransformerWrapper(exclude=[],
                                    transformer=RemoveMulticollinearity(threshold=0.9))),
                ('feature_selection',
                 TransformerWrapper(exclude=[],
                                    transformer=SelectFromModel(estimator=LGBMRegressor(),
                                                                max_features=15,
                                                                threshold=-inf))),
                ('actual_estimator',
                 RandomForestRegressor(n_jobs=-1, random_state=2810))]), probability_threshold=None, encoded_labels=False, raw_score=False, round=4, verbose=True, ml_usecase=None, preprocess=True, encode_labels=<function _SupervisedExperiment.predict_model.<locals>.encode_labels at 0x000001DBBC7939C0>)
2025-09-09 20:02:12,366:INFO:Checking exceptions
2025-09-09 20:02:12,366:INFO:Preloading libraries
2025-09-09 20:02:12,369:INFO:Set up data.
2025-09-09 20:02:12,430:INFO:Set up index.
2025-09-09 20:02:12,734:WARNING:C:\Users\Ilyas\AppData\Local\Temp\ipykernel_9648\353010864.py:12: SettingWithCopyWarning: 
A value is trying to be set on a copy of a slice from a DataFrame.
Try using .loc[row_indexer,col_indexer] = value instead

See the caveats in the documentation: https://pandas.pydata.org/pandas-docs/stable/user_guide/indexing.html#returning-a-view-versus-a-copy
  data_37_mid['xA_preds'] = predicted

2025-09-09 20:02:14,943:WARNING:C:\Users\Ilyas\AppData\Local\Temp\ipykernel_9648\2601050171.py:3: SettingWithCopyWarning: 
A value is trying to be set on a copy of a slice from a DataFrame

See the caveats in the documentation: https://pandas.pydata.org/pandas-docs/stable/user_guide/indexing.html#returning-a-view-versus-a-copy
  data_38_mid_xa.drop(columns=['position', 'xA'], inplace=True)

2025-09-09 20:02:14,995:INFO:Initializing predict_model()
2025-09-09 20:02:14,995:INFO:predict_model(self=<pycaret.regression.oop.RegressionExperiment object at 0x000001DBB17BAA10>, estimator=Pipeline(memory=Memory(location=None),
         steps=[('numerical_imputer',
                 TransformerWrapper(include=['whh', 'whd', 'wha',
                                             'team_h_difficulty',
                                             'team_a_difficulty',
                                             'percenatge_net_transfers',
                                             'ict_index', 'influence',
                                             'creativity', 'threat', 'starts',
                                             'expected_assists_1',
                                             'expected_goal_involvements_1',
                                             'ict_index_1', 'influence_1',
                                             'creativity_1', 'threat_1',
                                             'minutes_1...
                                    transformer=SimpleImputer(strategy='most_frequent'))),
                ('remove_multicollinearity',
                 TransformerWrapper(exclude=[],
                                    transformer=RemoveMulticollinearity(threshold=0.9))),
                ('feature_selection',
                 TransformerWrapper(exclude=[],
                                    transformer=SelectFromModel(estimator=LGBMRegressor(),
                                                                max_features=15,
                                                                threshold=-inf))),
                ('actual_estimator',
                 RandomForestRegressor(n_jobs=-1, random_state=2810))]), probability_threshold=None, encoded_labels=False, raw_score=False, round=4, verbose=True, ml_usecase=None, preprocess=True, encode_labels=<function _SupervisedExperiment.predict_model.<locals>.encode_labels at 0x000001DBBC7939C0>)
2025-09-09 20:02:14,995:INFO:Checking exceptions
2025-09-09 20:02:14,995:INFO:Preloading libraries
2025-09-09 20:02:14,995:INFO:Set up data.
2025-09-09 20:02:15,045:INFO:Set up index.
2025-09-09 20:02:15,313:WARNING:C:\Users\Ilyas\AppData\Local\Temp\ipykernel_9648\2601050171.py:12: SettingWithCopyWarning: 
A value is trying to be set on a copy of a slice from a DataFrame.
Try using .loc[row_indexer,col_indexer] = value instead

See the caveats in the documentation: https://pandas.pydata.org/pandas-docs/stable/user_guide/indexing.html#returning-a-view-versus-a-copy
  data_38_mid['xA_preds'] = predicted

2025-09-09 20:02:17,045:INFO:Initializing load_model()
2025-09-09 20:02:17,045:INFO:load_model(model_name=../fwd_xa_final_model, platform=None, authentication=None, verbose=True)
2025-09-09 20:02:17,222:WARNING:C:\Users\Ilyas\AppData\Local\Temp\ipykernel_9648\1637177864.py:3: SettingWithCopyWarning: 
A value is trying to be set on a copy of a slice from a DataFrame

See the caveats in the documentation: https://pandas.pydata.org/pandas-docs/stable/user_guide/indexing.html#returning-a-view-versus-a-copy
  data_36_fwd_xa.drop(columns=['position', 'xA'], inplace=True)

2025-09-09 20:02:17,262:INFO:Initializing predict_model()
2025-09-09 20:02:17,262:INFO:predict_model(self=<pycaret.regression.oop.RegressionExperiment object at 0x000001DBC5E3F8D0>, estimator=Pipeline(memory=Memory(location=None),
         steps=[('numerical_imputer',
                 TransformerWrapper(include=['whh', 'whd', 'wha',
                                             'team_h_difficulty',
                                             'team_a_difficulty',
                                             'percenatge_net_transfers',
                                             'ict_index', 'influence',
                                             'creativity', 'threat', 'starts',
                                             'expected_assists_1',
                                             'expected_goal_involvements_1',
                                             'ict_index_1', 'influence_1',
                                             'creativity_1', 'threat_1',
                                             'minutes_1...
                                    transformer=SimpleImputer(strategy='most_frequent'))),
                ('remove_multicollinearity',
                 TransformerWrapper(exclude=[],
                                    transformer=RemoveMulticollinearity(threshold=0.9))),
                ('feature_selection',
                 TransformerWrapper(exclude=[],
                                    transformer=SelectFromModel(estimator=LGBMRegressor(),
                                                                max_features=15,
                                                                threshold=-inf))),
                ('actual_estimator',
                 RandomForestRegressor(n_jobs=-1, random_state=2566))]), probability_threshold=None, encoded_labels=False, raw_score=False, round=4, verbose=True, ml_usecase=None, preprocess=True, encode_labels=<function _SupervisedExperiment.predict_model.<locals>.encode_labels at 0x000001DBC5E39580>)
2025-09-09 20:02:17,262:INFO:Checking exceptions
2025-09-09 20:02:17,262:INFO:Preloading libraries
2025-09-09 20:02:17,262:INFO:Set up data.
2025-09-09 20:02:17,315:INFO:Set up index.
2025-09-09 20:02:17,538:WARNING:C:\Users\Ilyas\AppData\Local\Temp\ipykernel_9648\1637177864.py:12: SettingWithCopyWarning: 
A value is trying to be set on a copy of a slice from a DataFrame.
Try using .loc[row_indexer,col_indexer] = value instead

See the caveats in the documentation: https://pandas.pydata.org/pandas-docs/stable/user_guide/indexing.html#returning-a-view-versus-a-copy
  data_36_fwd['xA_preds'] = predicted

2025-09-09 20:02:18,415:WARNING:C:\Users\Ilyas\AppData\Local\Temp\ipykernel_9648\1382519671.py:3: SettingWithCopyWarning: 
A value is trying to be set on a copy of a slice from a DataFrame

See the caveats in the documentation: https://pandas.pydata.org/pandas-docs/stable/user_guide/indexing.html#returning-a-view-versus-a-copy
  data_37_fwd_xa.drop(columns=['position', 'xA'], inplace=True)

2025-09-09 20:02:18,442:INFO:Initializing predict_model()
2025-09-09 20:02:18,442:INFO:predict_model(self=<pycaret.regression.oop.RegressionExperiment object at 0x000001DBBF69DDD0>, estimator=Pipeline(memory=Memory(location=None),
         steps=[('numerical_imputer',
                 TransformerWrapper(include=['whh', 'whd', 'wha',
                                             'team_h_difficulty',
                                             'team_a_difficulty',
                                             'percenatge_net_transfers',
                                             'ict_index', 'influence',
                                             'creativity', 'threat', 'starts',
                                             'expected_assists_1',
                                             'expected_goal_involvements_1',
                                             'ict_index_1', 'influence_1',
                                             'creativity_1', 'threat_1',
                                             'minutes_1...
                                    transformer=SimpleImputer(strategy='most_frequent'))),
                ('remove_multicollinearity',
                 TransformerWrapper(exclude=[],
                                    transformer=RemoveMulticollinearity(threshold=0.9))),
                ('feature_selection',
                 TransformerWrapper(exclude=[],
                                    transformer=SelectFromModel(estimator=LGBMRegressor(),
                                                                max_features=15,
                                                                threshold=-inf))),
                ('actual_estimator',
                 RandomForestRegressor(n_jobs=-1, random_state=2566))]), probability_threshold=None, encoded_labels=False, raw_score=False, round=4, verbose=True, ml_usecase=None, preprocess=True, encode_labels=<function _SupervisedExperiment.predict_model.<locals>.encode_labels at 0x000001DBBFFD25C0>)
2025-09-09 20:02:18,442:INFO:Checking exceptions
2025-09-09 20:02:18,442:INFO:Preloading libraries
2025-09-09 20:02:18,443:INFO:Set up data.
2025-09-09 20:02:18,462:INFO:Set up index.
2025-09-09 20:02:18,699:WARNING:C:\Users\Ilyas\AppData\Local\Temp\ipykernel_9648\1382519671.py:12: SettingWithCopyWarning: 
A value is trying to be set on a copy of a slice from a DataFrame.
Try using .loc[row_indexer,col_indexer] = value instead

See the caveats in the documentation: https://pandas.pydata.org/pandas-docs/stable/user_guide/indexing.html#returning-a-view-versus-a-copy
  data_37_fwd['xA_preds'] = predicted

2025-09-09 20:02:19,371:WARNING:C:\Users\Ilyas\AppData\Local\Temp\ipykernel_9648\3948311769.py:3: SettingWithCopyWarning: 
A value is trying to be set on a copy of a slice from a DataFrame

See the caveats in the documentation: https://pandas.pydata.org/pandas-docs/stable/user_guide/indexing.html#returning-a-view-versus-a-copy
  data_38_fwd_xa.drop(columns=['position', 'xA'], inplace=True)

2025-09-09 20:02:19,398:INFO:Initializing predict_model()
2025-09-09 20:02:19,398:INFO:predict_model(self=<pycaret.regression.oop.RegressionExperiment object at 0x000001DBC210BB50>, estimator=Pipeline(memory=Memory(location=None),
         steps=[('numerical_imputer',
                 TransformerWrapper(include=['whh', 'whd', 'wha',
                                             'team_h_difficulty',
                                             'team_a_difficulty',
                                             'percenatge_net_transfers',
                                             'ict_index', 'influence',
                                             'creativity', 'threat', 'starts',
                                             'expected_assists_1',
                                             'expected_goal_involvements_1',
                                             'ict_index_1', 'influence_1',
                                             'creativity_1', 'threat_1',
                                             'minutes_1...
                                    transformer=SimpleImputer(strategy='most_frequent'))),
                ('remove_multicollinearity',
                 TransformerWrapper(exclude=[],
                                    transformer=RemoveMulticollinearity(threshold=0.9))),
                ('feature_selection',
                 TransformerWrapper(exclude=[],
                                    transformer=SelectFromModel(estimator=LGBMRegressor(),
                                                                max_features=15,
                                                                threshold=-inf))),
                ('actual_estimator',
                 RandomForestRegressor(n_jobs=-1, random_state=2566))]), probability_threshold=None, encoded_labels=False, raw_score=False, round=4, verbose=True, ml_usecase=None, preprocess=True, encode_labels=<function _SupervisedExperiment.predict_model.<locals>.encode_labels at 0x000001DBBFFD25C0>)
2025-09-09 20:02:19,398:INFO:Checking exceptions
2025-09-09 20:02:19,398:INFO:Preloading libraries
2025-09-09 20:02:19,398:INFO:Set up data.
2025-09-09 20:02:19,429:INFO:Set up index.
2025-09-09 20:02:19,611:WARNING:C:\Users\Ilyas\AppData\Local\Temp\ipykernel_9648\3948311769.py:12: SettingWithCopyWarning: 
A value is trying to be set on a copy of a slice from a DataFrame.
Try using .loc[row_indexer,col_indexer] = value instead

See the caveats in the documentation: https://pandas.pydata.org/pandas-docs/stable/user_guide/indexing.html#returning-a-view-versus-a-copy
  data_38_fwd['xA_preds'] = predicted

2025-09-09 20:02:20,210:INFO:Initializing load_model()
2025-09-09 20:02:20,210:INFO:load_model(model_name=../g_saves_final_model, platform=None, authentication=None, verbose=True)
2025-09-09 20:02:20,307:WARNING:C:\Users\Ilyas\AppData\Local\Temp\ipykernel_9648\127723658.py:3: SettingWithCopyWarning: 
A value is trying to be set on a copy of a slice from a DataFrame

See the caveats in the documentation: https://pandas.pydata.org/pandas-docs/stable/user_guide/indexing.html#returning-a-view-versus-a-copy
  data_36_gk_saves.drop(columns=['position', 'saves'], inplace=True)

2025-09-09 20:02:20,360:INFO:Initializing predict_model()
2025-09-09 20:02:20,360:INFO:predict_model(self=<pycaret.regression.oop.RegressionExperiment object at 0x000001DBC5F1E850>, estimator=Pipeline(memory=Memory(location=None),
         steps=[('numerical_imputer',
                 TransformerWrapper(include=['whh', 'whd', 'wha',
                                             'team_h_difficulty',
                                             'team_a_difficulty',
                                             'ownership_change',
                                             'percenatge_net_transfers',
                                             'ict_index', 'influence',
                                             'creativity', 'threat',
                                             'clean_sheets_1',
                                             'expected_goals_conceded_1',
                                             'goals_conceded_1',
                                             'goals_scored_1', 'ict_index_1',
                                             'influence_...
                                    transformer=SimpleImputer(strategy='most_frequent'))),
                ('remove_multicollinearity',
                 TransformerWrapper(exclude=[],
                                    transformer=RemoveMulticollinearity(threshold=0.9))),
                ('feature_selection',
                 TransformerWrapper(exclude=[],
                                    transformer=SelectFromModel(estimator=LGBMRegressor(),
                                                                max_features=14,
                                                                threshold=-inf))),
                ('actual_estimator',
                 GradientBoostingRegressor(random_state=5408))]), probability_threshold=None, encoded_labels=False, raw_score=False, round=4, verbose=True, ml_usecase=None, preprocess=True, encode_labels=<function _SupervisedExperiment.predict_model.<locals>.encode_labels at 0x000001DBC5E2CD60>)
2025-09-09 20:02:20,360:INFO:Checking exceptions
2025-09-09 20:02:20,360:INFO:Preloading libraries
2025-09-09 20:02:20,362:INFO:Set up data.
2025-09-09 20:02:20,380:INFO:Set up index.
2025-09-09 20:02:20,536:WARNING:C:\Users\Ilyas\AppData\Local\Temp\ipykernel_9648\127723658.py:12: SettingWithCopyWarning: 
A value is trying to be set on a copy of a slice from a DataFrame.
Try using .loc[row_indexer,col_indexer] = value instead

See the caveats in the documentation: https://pandas.pydata.org/pandas-docs/stable/user_guide/indexing.html#returning-a-view-versus-a-copy
  data_36_gk['saves_preds'] = predicted

2025-09-09 20:02:21,093:WARNING:C:\Users\Ilyas\AppData\Local\Temp\ipykernel_9648\1962156808.py:3: SettingWithCopyWarning: 
A value is trying to be set on a copy of a slice from a DataFrame

See the caveats in the documentation: https://pandas.pydata.org/pandas-docs/stable/user_guide/indexing.html#returning-a-view-versus-a-copy
  data_37_gk_saves.drop(columns=['position', 'saves'], inplace=True)

2025-09-09 20:02:21,132:INFO:Initializing predict_model()
2025-09-09 20:02:21,132:INFO:predict_model(self=<pycaret.regression.oop.RegressionExperiment object at 0x000001DBC5EEA9D0>, estimator=Pipeline(memory=Memory(location=None),
         steps=[('numerical_imputer',
                 TransformerWrapper(include=['whh', 'whd', 'wha',
                                             'team_h_difficulty',
                                             'team_a_difficulty',
                                             'ownership_change',
                                             'percenatge_net_transfers',
                                             'ict_index', 'influence',
                                             'creativity', 'threat',
                                             'clean_sheets_1',
                                             'expected_goals_conceded_1',
                                             'goals_conceded_1',
                                             'goals_scored_1', 'ict_index_1',
                                             'influence_...
                                    transformer=SimpleImputer(strategy='most_frequent'))),
                ('remove_multicollinearity',
                 TransformerWrapper(exclude=[],
                                    transformer=RemoveMulticollinearity(threshold=0.9))),
                ('feature_selection',
                 TransformerWrapper(exclude=[],
                                    transformer=SelectFromModel(estimator=LGBMRegressor(),
                                                                max_features=14,
                                                                threshold=-inf))),
                ('actual_estimator',
                 GradientBoostingRegressor(random_state=5408))]), probability_threshold=None, encoded_labels=False, raw_score=False, round=4, verbose=True, ml_usecase=None, preprocess=True, encode_labels=<function _SupervisedExperiment.predict_model.<locals>.encode_labels at 0x000001DBC5E12840>)
2025-09-09 20:02:21,132:INFO:Checking exceptions
2025-09-09 20:02:21,132:INFO:Preloading libraries
2025-09-09 20:02:21,132:INFO:Set up data.
2025-09-09 20:02:21,160:INFO:Set up index.
2025-09-09 20:02:21,329:WARNING:C:\Users\Ilyas\AppData\Local\Temp\ipykernel_9648\1962156808.py:12: SettingWithCopyWarning: 
A value is trying to be set on a copy of a slice from a DataFrame.
Try using .loc[row_indexer,col_indexer] = value instead

See the caveats in the documentation: https://pandas.pydata.org/pandas-docs/stable/user_guide/indexing.html#returning-a-view-versus-a-copy
  data_37_gk['saves_preds'] = predicted

2025-09-09 20:02:21,884:WARNING:C:\Users\Ilyas\AppData\Local\Temp\ipykernel_9648\3764586901.py:3: SettingWithCopyWarning: 
A value is trying to be set on a copy of a slice from a DataFrame

See the caveats in the documentation: https://pandas.pydata.org/pandas-docs/stable/user_guide/indexing.html#returning-a-view-versus-a-copy
  data_38_gk_saves.drop(columns=['position', 'saves'], inplace=True)

2025-09-09 20:02:21,928:INFO:Initializing predict_model()
2025-09-09 20:02:21,928:INFO:predict_model(self=<pycaret.regression.oop.RegressionExperiment object at 0x000001DBC5E3E510>, estimator=Pipeline(memory=Memory(location=None),
         steps=[('numerical_imputer',
                 TransformerWrapper(include=['whh', 'whd', 'wha',
                                             'team_h_difficulty',
                                             'team_a_difficulty',
                                             'ownership_change',
                                             'percenatge_net_transfers',
                                             'ict_index', 'influence',
                                             'creativity', 'threat',
                                             'clean_sheets_1',
                                             'expected_goals_conceded_1',
                                             'goals_conceded_1',
                                             'goals_scored_1', 'ict_index_1',
                                             'influence_...
                                    transformer=SimpleImputer(strategy='most_frequent'))),
                ('remove_multicollinearity',
                 TransformerWrapper(exclude=[],
                                    transformer=RemoveMulticollinearity(threshold=0.9))),
                ('feature_selection',
                 TransformerWrapper(exclude=[],
                                    transformer=SelectFromModel(estimator=LGBMRegressor(),
                                                                max_features=14,
                                                                threshold=-inf))),
                ('actual_estimator',
                 GradientBoostingRegressor(random_state=5408))]), probability_threshold=None, encoded_labels=False, raw_score=False, round=4, verbose=True, ml_usecase=None, preprocess=True, encode_labels=<function _SupervisedExperiment.predict_model.<locals>.encode_labels at 0x000001DBC5F5FC40>)
2025-09-09 20:02:21,928:INFO:Checking exceptions
2025-09-09 20:02:21,928:INFO:Preloading libraries
2025-09-09 20:02:21,928:INFO:Set up data.
2025-09-09 20:02:21,965:INFO:Set up index.
2025-09-09 20:02:22,126:WARNING:C:\Users\Ilyas\AppData\Local\Temp\ipykernel_9648\3764586901.py:12: SettingWithCopyWarning: 
A value is trying to be set on a copy of a slice from a DataFrame.
Try using .loc[row_indexer,col_indexer] = value instead

See the caveats in the documentation: https://pandas.pydata.org/pandas-docs/stable/user_guide/indexing.html#returning-a-view-versus-a-copy
  data_38_gk['saves_preds'] = predicted

2025-09-09 20:02:22,697:INFO:Initializing load_model()
2025-09-09 20:02:22,697:INFO:load_model(model_name=../g_xgc_final_model, platform=None, authentication=None, verbose=True)
2025-09-09 20:02:22,786:WARNING:C:\Users\Ilyas\AppData\Local\Temp\ipykernel_9648\702450570.py:3: SettingWithCopyWarning: 
A value is trying to be set on a copy of a slice from a DataFrame

See the caveats in the documentation: https://pandas.pydata.org/pandas-docs/stable/user_guide/indexing.html#returning-a-view-versus-a-copy
  data_36_gk_xgc.drop(columns=['position', 'expected_goals_conceded'], inplace=True)

2025-09-09 20:02:22,840:INFO:Initializing predict_model()
2025-09-09 20:02:22,840:INFO:predict_model(self=<pycaret.regression.oop.RegressionExperiment object at 0x000001DBC5EE1490>, estimator=Pipeline(memory=Memory(location=None),
         steps=[('numerical_imputer',
                 TransformerWrapper(include=['whh', 'whd', 'wha',
                                             'team_h_difficulty',
                                             'team_a_difficulty',
                                             'ownership_change',
                                             'percenatge_net_transfers',
                                             'ict_index', 'influence',
                                             'creativity', 'threat',
                                             'clean_sheets_1',
                                             'expected_goals_conceded_1',
                                             'goals_conceded_1', 'ict_index_1',
                                             'influence_1', 'creativity_1'...
                                    transformer=SimpleImputer(strategy='most_frequent'))),
                ('remove_multicollinearity',
                 TransformerWrapper(exclude=[],
                                    transformer=RemoveMulticollinearity(threshold=0.9))),
                ('feature_selection',
                 TransformerWrapper(exclude=[],
                                    transformer=SelectFromModel(estimator=LGBMRegressor(),
                                                                max_features=13,
                                                                threshold=-inf))),
                ('actual_estimator',
                 GradientBoostingRegressor(random_state=7685))]), probability_threshold=None, encoded_labels=False, raw_score=False, round=4, verbose=True, ml_usecase=None, preprocess=True, encode_labels=<function _SupervisedExperiment.predict_model.<locals>.encode_labels at 0x000001DBBF6B2480>)
2025-09-09 20:02:22,840:INFO:Checking exceptions
2025-09-09 20:02:22,840:INFO:Preloading libraries
2025-09-09 20:02:22,842:INFO:Set up data.
2025-09-09 20:02:22,878:INFO:Set up index.
2025-09-09 20:02:23,029:WARNING:C:\Users\Ilyas\AppData\Local\Temp\ipykernel_9648\702450570.py:12: SettingWithCopyWarning: 
A value is trying to be set on a copy of a slice from a DataFrame.
Try using .loc[row_indexer,col_indexer] = value instead

See the caveats in the documentation: https://pandas.pydata.org/pandas-docs/stable/user_guide/indexing.html#returning-a-view-versus-a-copy
  data_36_gk['xgc_preds'] = predicted

2025-09-09 20:02:23,659:WARNING:C:\Users\Ilyas\AppData\Local\Temp\ipykernel_9648\1323881549.py:3: SettingWithCopyWarning: 
A value is trying to be set on a copy of a slice from a DataFrame

See the caveats in the documentation: https://pandas.pydata.org/pandas-docs/stable/user_guide/indexing.html#returning-a-view-versus-a-copy
  data_37_gk_xgc.drop(columns=['position', 'expected_goals_conceded'], inplace=True)

2025-09-09 20:02:23,696:INFO:Initializing predict_model()
2025-09-09 20:02:23,696:INFO:predict_model(self=<pycaret.regression.oop.RegressionExperiment object at 0x000001DBBF1A41D0>, estimator=Pipeline(memory=Memory(location=None),
         steps=[('numerical_imputer',
                 TransformerWrapper(include=['whh', 'whd', 'wha',
                                             'team_h_difficulty',
                                             'team_a_difficulty',
                                             'ownership_change',
                                             'percenatge_net_transfers',
                                             'ict_index', 'influence',
                                             'creativity', 'threat',
                                             'clean_sheets_1',
                                             'expected_goals_conceded_1',
                                             'goals_conceded_1', 'ict_index_1',
                                             'influence_1', 'creativity_1'...
                                    transformer=SimpleImputer(strategy='most_frequent'))),
                ('remove_multicollinearity',
                 TransformerWrapper(exclude=[],
                                    transformer=RemoveMulticollinearity(threshold=0.9))),
                ('feature_selection',
                 TransformerWrapper(exclude=[],
                                    transformer=SelectFromModel(estimator=LGBMRegressor(),
                                                                max_features=13,
                                                                threshold=-inf))),
                ('actual_estimator',
                 GradientBoostingRegressor(random_state=7685))]), probability_threshold=None, encoded_labels=False, raw_score=False, round=4, verbose=True, ml_usecase=None, preprocess=True, encode_labels=<function _SupervisedExperiment.predict_model.<locals>.encode_labels at 0x000001DBC5E2CD60>)
2025-09-09 20:02:23,696:INFO:Checking exceptions
2025-09-09 20:02:23,696:INFO:Preloading libraries
2025-09-09 20:02:23,696:INFO:Set up data.
2025-09-09 20:02:23,717:INFO:Set up index.
2025-09-09 20:02:23,886:WARNING:C:\Users\Ilyas\AppData\Local\Temp\ipykernel_9648\1323881549.py:12: SettingWithCopyWarning: 
A value is trying to be set on a copy of a slice from a DataFrame.
Try using .loc[row_indexer,col_indexer] = value instead

See the caveats in the documentation: https://pandas.pydata.org/pandas-docs/stable/user_guide/indexing.html#returning-a-view-versus-a-copy
  data_37_gk['xgc_preds'] = predicted

2025-09-09 20:02:24,477:WARNING:C:\Users\Ilyas\AppData\Local\Temp\ipykernel_9648\3705190149.py:3: SettingWithCopyWarning: 
A value is trying to be set on a copy of a slice from a DataFrame

See the caveats in the documentation: https://pandas.pydata.org/pandas-docs/stable/user_guide/indexing.html#returning-a-view-versus-a-copy
  data_38_gk_xgc.drop(columns=['position', 'expected_goals_conceded'], inplace=True)

2025-09-09 20:02:24,515:INFO:Initializing predict_model()
2025-09-09 20:02:24,515:INFO:predict_model(self=<pycaret.regression.oop.RegressionExperiment object at 0x000001DBC5E63B10>, estimator=Pipeline(memory=Memory(location=None),
         steps=[('numerical_imputer',
                 TransformerWrapper(include=['whh', 'whd', 'wha',
                                             'team_h_difficulty',
                                             'team_a_difficulty',
                                             'ownership_change',
                                             'percenatge_net_transfers',
                                             'ict_index', 'influence',
                                             'creativity', 'threat',
                                             'clean_sheets_1',
                                             'expected_goals_conceded_1',
                                             'goals_conceded_1', 'ict_index_1',
                                             'influence_1', 'creativity_1'...
                                    transformer=SimpleImputer(strategy='most_frequent'))),
                ('remove_multicollinearity',
                 TransformerWrapper(exclude=[],
                                    transformer=RemoveMulticollinearity(threshold=0.9))),
                ('feature_selection',
                 TransformerWrapper(exclude=[],
                                    transformer=SelectFromModel(estimator=LGBMRegressor(),
                                                                max_features=13,
                                                                threshold=-inf))),
                ('actual_estimator',
                 GradientBoostingRegressor(random_state=7685))]), probability_threshold=None, encoded_labels=False, raw_score=False, round=4, verbose=True, ml_usecase=None, preprocess=True, encode_labels=<function _SupervisedExperiment.predict_model.<locals>.encode_labels at 0x000001DBC5F5AC00>)
2025-09-09 20:02:24,515:INFO:Checking exceptions
2025-09-09 20:02:24,515:INFO:Preloading libraries
2025-09-09 20:02:24,515:INFO:Set up data.
2025-09-09 20:02:24,540:INFO:Set up index.
2025-09-09 20:02:24,694:WARNING:C:\Users\Ilyas\AppData\Local\Temp\ipykernel_9648\3705190149.py:12: SettingWithCopyWarning: 
A value is trying to be set on a copy of a slice from a DataFrame.
Try using .loc[row_indexer,col_indexer] = value instead

See the caveats in the documentation: https://pandas.pydata.org/pandas-docs/stable/user_guide/indexing.html#returning-a-view-versus-a-copy
  data_38_gk['xgc_preds'] = predicted

2025-09-09 20:02:25,311:INFO:Initializing load_model()
2025-09-09 20:02:25,311:INFO:load_model(model_name=../def_xgc_final_model, platform=None, authentication=None, verbose=True)
2025-09-09 20:02:25,525:WARNING:C:\Users\Ilyas\AppData\Local\Temp\ipykernel_9648\1970645865.py:3: SettingWithCopyWarning: 
A value is trying to be set on a copy of a slice from a DataFrame

See the caveats in the documentation: https://pandas.pydata.org/pandas-docs/stable/user_guide/indexing.html#returning-a-view-versus-a-copy
  data_36_def_xgc.drop(columns=['position', 'expected_goals_conceded'], inplace=True)

2025-09-09 20:02:25,587:INFO:Initializing predict_model()
2025-09-09 20:02:25,587:INFO:predict_model(self=<pycaret.regression.oop.RegressionExperiment object at 0x000001DBC5E40DD0>, estimator=Pipeline(memory=Memory(location=None),
         steps=[('numerical_imputer',
                 TransformerWrapper(include=['whh', 'whd', 'wha',
                                             'team_h_difficulty',
                                             'team_a_difficulty',
                                             'ownership_change',
                                             'percenatge_net_transfers',
                                             'ict_index', 'influence',
                                             'creativity', 'threat',
                                             'clean_sheets_1',
                                             'expected_goals_conceded_1',
                                             'goals_conceded_1', 'ict_index_1',
                                             'influence_1', 'creativity_1'...
                              feature_types=None, gamma=None, grow_policy=None,
                              importance_type=None,
                              interaction_constraints=None, learning_rate=None,
                              max_bin=None, max_cat_threshold=None,
                              max_cat_to_onehot=None, max_delta_step=None,
                              max_depth=None, max_leaves=None,
                              min_child_weight=None, missing=nan,
                              monotone_constraints=None, multi_strategy=None,
                              n_estimators=None, n_jobs=-1,
                              num_parallel_tree=None, random_state=2059, ...))]), probability_threshold=None, encoded_labels=False, raw_score=False, round=4, verbose=True, ml_usecase=None, preprocess=True, encode_labels=<function _SupervisedExperiment.predict_model.<locals>.encode_labels at 0x000001DBC00432E0>)
2025-09-09 20:02:25,587:INFO:Checking exceptions
2025-09-09 20:02:25,587:INFO:Preloading libraries
2025-09-09 20:02:25,587:INFO:Set up data.
2025-09-09 20:02:25,630:INFO:Set up index.
2025-09-09 20:02:25,858:WARNING:C:\Users\Ilyas\AppData\Local\Temp\ipykernel_9648\1970645865.py:12: SettingWithCopyWarning: 
A value is trying to be set on a copy of a slice from a DataFrame.
Try using .loc[row_indexer,col_indexer] = value instead

See the caveats in the documentation: https://pandas.pydata.org/pandas-docs/stable/user_guide/indexing.html#returning-a-view-versus-a-copy
  data_36_def['xgc_preds'] = predicted

2025-09-09 20:02:27,558:WARNING:C:\Users\Ilyas\AppData\Local\Temp\ipykernel_9648\1602403833.py:3: SettingWithCopyWarning: 
A value is trying to be set on a copy of a slice from a DataFrame

See the caveats in the documentation: https://pandas.pydata.org/pandas-docs/stable/user_guide/indexing.html#returning-a-view-versus-a-copy
  data_37_def_xgc.drop(columns=['position', 'expected_goals_conceded'], inplace=True)

2025-09-09 20:02:27,659:INFO:Initializing predict_model()
2025-09-09 20:02:27,659:INFO:predict_model(self=<pycaret.regression.oop.RegressionExperiment object at 0x000001DBC6B45850>, estimator=Pipeline(memory=Memory(location=None),
         steps=[('numerical_imputer',
                 TransformerWrapper(include=['whh', 'whd', 'wha',
                                             'team_h_difficulty',
                                             'team_a_difficulty',
                                             'ownership_change',
                                             'percenatge_net_transfers',
                                             'ict_index', 'influence',
                                             'creativity', 'threat',
                                             'clean_sheets_1',
                                             'expected_goals_conceded_1',
                                             'goals_conceded_1', 'ict_index_1',
                                             'influence_1', 'creativity_1'...
                              feature_types=None, gamma=None, grow_policy=None,
                              importance_type=None,
                              interaction_constraints=None, learning_rate=None,
                              max_bin=None, max_cat_threshold=None,
                              max_cat_to_onehot=None, max_delta_step=None,
                              max_depth=None, max_leaves=None,
                              min_child_weight=None, missing=nan,
                              monotone_constraints=None, multi_strategy=None,
                              n_estimators=None, n_jobs=-1,
                              num_parallel_tree=None, random_state=2059, ...))]), probability_threshold=None, encoded_labels=False, raw_score=False, round=4, verbose=True, ml_usecase=None, preprocess=True, encode_labels=<function _SupervisedExperiment.predict_model.<locals>.encode_labels at 0x000001DBC2172AC0>)
2025-09-09 20:02:27,659:INFO:Checking exceptions
2025-09-09 20:02:27,659:INFO:Preloading libraries
2025-09-09 20:02:27,659:INFO:Set up data.
2025-09-09 20:02:27,720:INFO:Set up index.
2025-09-09 20:02:27,958:WARNING:C:\Users\Ilyas\AppData\Local\Temp\ipykernel_9648\1602403833.py:12: SettingWithCopyWarning: 
A value is trying to be set on a copy of a slice from a DataFrame.
Try using .loc[row_indexer,col_indexer] = value instead

See the caveats in the documentation: https://pandas.pydata.org/pandas-docs/stable/user_guide/indexing.html#returning-a-view-versus-a-copy
  data_37_def['xgc_preds'] = predicted

2025-09-09 20:02:29,467:WARNING:C:\Users\Ilyas\AppData\Local\Temp\ipykernel_9648\1141747292.py:3: SettingWithCopyWarning: 
A value is trying to be set on a copy of a slice from a DataFrame

See the caveats in the documentation: https://pandas.pydata.org/pandas-docs/stable/user_guide/indexing.html#returning-a-view-versus-a-copy
  data_38_def_xgc.drop(columns=['position', 'expected_goals_conceded'], inplace=True)

2025-09-09 20:02:29,557:INFO:Initializing predict_model()
2025-09-09 20:02:29,557:INFO:predict_model(self=<pycaret.regression.oop.RegressionExperiment object at 0x000001DBBFF8C690>, estimator=Pipeline(memory=Memory(location=None),
         steps=[('numerical_imputer',
                 TransformerWrapper(include=['whh', 'whd', 'wha',
                                             'team_h_difficulty',
                                             'team_a_difficulty',
                                             'ownership_change',
                                             'percenatge_net_transfers',
                                             'ict_index', 'influence',
                                             'creativity', 'threat',
                                             'clean_sheets_1',
                                             'expected_goals_conceded_1',
                                             'goals_conceded_1', 'ict_index_1',
                                             'influence_1', 'creativity_1'...
                              feature_types=None, gamma=None, grow_policy=None,
                              importance_type=None,
                              interaction_constraints=None, learning_rate=None,
                              max_bin=None, max_cat_threshold=None,
                              max_cat_to_onehot=None, max_delta_step=None,
                              max_depth=None, max_leaves=None,
                              min_child_weight=None, missing=nan,
                              monotone_constraints=None, multi_strategy=None,
                              n_estimators=None, n_jobs=-1,
                              num_parallel_tree=None, random_state=2059, ...))]), probability_threshold=None, encoded_labels=False, raw_score=False, round=4, verbose=True, ml_usecase=None, preprocess=True, encode_labels=<function _SupervisedExperiment.predict_model.<locals>.encode_labels at 0x000001DBBC7939C0>)
2025-09-09 20:02:29,557:INFO:Checking exceptions
2025-09-09 20:02:29,557:INFO:Preloading libraries
2025-09-09 20:02:29,557:INFO:Set up data.
2025-09-09 20:02:29,624:INFO:Set up index.
2025-09-09 20:02:29,924:WARNING:C:\Users\Ilyas\AppData\Local\Temp\ipykernel_9648\1141747292.py:12: SettingWithCopyWarning: 
A value is trying to be set on a copy of a slice from a DataFrame.
Try using .loc[row_indexer,col_indexer] = value instead

See the caveats in the documentation: https://pandas.pydata.org/pandas-docs/stable/user_guide/indexing.html#returning-a-view-versus-a-copy
  data_38_def['xgc_preds'] = predicted

2025-09-09 20:02:31,406:WARNING:C:\Users\Ilyas\AppData\Local\Temp\ipykernel_9648\207275070.py:6: SettingWithCopyWarning: 
A value is trying to be set on a copy of a slice from a DataFrame.
Try using .loc[row_indexer,col_indexer] = value instead

See the caveats in the documentation: https://pandas.pydata.org/pandas-docs/stable/user_guide/indexing.html#returning-a-view-versus-a-copy
  data_36[cols_to_add] = preds_36[cols_to_add]

2025-09-09 20:02:31,406:WARNING:C:\Users\Ilyas\AppData\Local\Temp\ipykernel_9648\207275070.py:6: SettingWithCopyWarning: 
A value is trying to be set on a copy of a slice from a DataFrame.
Try using .loc[row_indexer,col_indexer] = value instead

See the caveats in the documentation: https://pandas.pydata.org/pandas-docs/stable/user_guide/indexing.html#returning-a-view-versus-a-copy
  data_36[cols_to_add] = preds_36[cols_to_add]

2025-09-09 20:02:31,410:WARNING:C:\Users\Ilyas\AppData\Local\Temp\ipykernel_9648\207275070.py:6: SettingWithCopyWarning: 
A value is trying to be set on a copy of a slice from a DataFrame.
Try using .loc[row_indexer,col_indexer] = value instead

See the caveats in the documentation: https://pandas.pydata.org/pandas-docs/stable/user_guide/indexing.html#returning-a-view-versus-a-copy
  data_36[cols_to_add] = preds_36[cols_to_add]

2025-09-09 20:02:31,410:WARNING:C:\Users\Ilyas\AppData\Local\Temp\ipykernel_9648\207275070.py:6: SettingWithCopyWarning: 
A value is trying to be set on a copy of a slice from a DataFrame.
Try using .loc[row_indexer,col_indexer] = value instead

See the caveats in the documentation: https://pandas.pydata.org/pandas-docs/stable/user_guide/indexing.html#returning-a-view-versus-a-copy
  data_36[cols_to_add] = preds_36[cols_to_add]

2025-09-09 20:02:31,540:WARNING:C:\Users\Ilyas\AppData\Local\Temp\ipykernel_9648\207275070.py:14: SettingWithCopyWarning: 
A value is trying to be set on a copy of a slice from a DataFrame.
Try using .loc[row_indexer,col_indexer] = value instead

See the caveats in the documentation: https://pandas.pydata.org/pandas-docs/stable/user_guide/indexing.html#returning-a-view-versus-a-copy
  data_37[cols_to_add] = preds_37[cols_to_add]

2025-09-09 20:02:31,540:WARNING:C:\Users\Ilyas\AppData\Local\Temp\ipykernel_9648\207275070.py:14: SettingWithCopyWarning: 
A value is trying to be set on a copy of a slice from a DataFrame.
Try using .loc[row_indexer,col_indexer] = value instead

See the caveats in the documentation: https://pandas.pydata.org/pandas-docs/stable/user_guide/indexing.html#returning-a-view-versus-a-copy
  data_37[cols_to_add] = preds_37[cols_to_add]

2025-09-09 20:02:31,540:WARNING:C:\Users\Ilyas\AppData\Local\Temp\ipykernel_9648\207275070.py:14: SettingWithCopyWarning: 
A value is trying to be set on a copy of a slice from a DataFrame.
Try using .loc[row_indexer,col_indexer] = value instead

See the caveats in the documentation: https://pandas.pydata.org/pandas-docs/stable/user_guide/indexing.html#returning-a-view-versus-a-copy
  data_37[cols_to_add] = preds_37[cols_to_add]

2025-09-09 20:02:31,540:WARNING:C:\Users\Ilyas\AppData\Local\Temp\ipykernel_9648\207275070.py:14: SettingWithCopyWarning: 
A value is trying to be set on a copy of a slice from a DataFrame.
Try using .loc[row_indexer,col_indexer] = value instead

See the caveats in the documentation: https://pandas.pydata.org/pandas-docs/stable/user_guide/indexing.html#returning-a-view-versus-a-copy
  data_37[cols_to_add] = preds_37[cols_to_add]

2025-09-09 20:02:31,715:WARNING:C:\Users\Ilyas\AppData\Local\Temp\ipykernel_9648\207275070.py:22: SettingWithCopyWarning: 
A value is trying to be set on a copy of a slice from a DataFrame.
Try using .loc[row_indexer,col_indexer] = value instead

See the caveats in the documentation: https://pandas.pydata.org/pandas-docs/stable/user_guide/indexing.html#returning-a-view-versus-a-copy
  data_38[cols_to_add] = preds_38[cols_to_add]

2025-09-09 20:02:31,721:WARNING:C:\Users\Ilyas\AppData\Local\Temp\ipykernel_9648\207275070.py:22: SettingWithCopyWarning: 
A value is trying to be set on a copy of a slice from a DataFrame.
Try using .loc[row_indexer,col_indexer] = value instead

See the caveats in the documentation: https://pandas.pydata.org/pandas-docs/stable/user_guide/indexing.html#returning-a-view-versus-a-copy
  data_38[cols_to_add] = preds_38[cols_to_add]

2025-09-09 20:02:31,723:WARNING:C:\Users\Ilyas\AppData\Local\Temp\ipykernel_9648\207275070.py:22: SettingWithCopyWarning: 
A value is trying to be set on a copy of a slice from a DataFrame.
Try using .loc[row_indexer,col_indexer] = value instead

See the caveats in the documentation: https://pandas.pydata.org/pandas-docs/stable/user_guide/indexing.html#returning-a-view-versus-a-copy
  data_38[cols_to_add] = preds_38[cols_to_add]

2025-09-09 20:02:31,723:WARNING:C:\Users\Ilyas\AppData\Local\Temp\ipykernel_9648\207275070.py:22: SettingWithCopyWarning: 
A value is trying to be set on a copy of a slice from a DataFrame.
Try using .loc[row_indexer,col_indexer] = value instead

See the caveats in the documentation: https://pandas.pydata.org/pandas-docs/stable/user_guide/indexing.html#returning-a-view-versus-a-copy
  data_38[cols_to_add] = preds_38[cols_to_add]

2025-09-09 20:02:32,989:INFO:Initializing load_model()
2025-09-09 20:02:32,989:INFO:load_model(model_name=../gk_cs_model, platform=None, authentication=None, verbose=True)
2025-09-09 20:02:33,290:WARNING:C:\Users\Ilyas\AppData\Local\Temp\ipykernel_9648\1457494303.py:3: SettingWithCopyWarning: 
A value is trying to be set on a copy of a slice from a DataFrame

See the caveats in the documentation: https://pandas.pydata.org/pandas-docs/stable/user_guide/indexing.html#returning-a-view-versus-a-copy
  data_36_gk_cs.drop(columns=['position', 'clean_sheets'], inplace=True)

2025-09-09 20:02:33,375:INFO:Initializing predict_model()
2025-09-09 20:02:33,375:INFO:predict_model(self=<pycaret.classification.oop.ClassificationExperiment object at 0x000001DBB1864BD0>, estimator=Pipeline(memory=Memory(location=None),
         steps=[('numerical_imputer',
                 TransformerWrapper(include=['whh', 'whd', 'wha',
                                             'team_h_difficulty',
                                             'team_a_difficulty',
                                             'ownership_change',
                                             'percenatge_net_transfers',
                                             'ict_index', 'influence',
                                             'creativity', 'threat',
                                             'clean_sheets_1',
                                             'expected_goals_conceded_1',
                                             'goals_conceded_1',
                                             'goals_scored_1', 'ict_index_1',
                                             'influence_...
                 TransformerWrapper(transformer=FixImbalancer(estimator=SMOTE(random_state=123)))),
                ('normalize', TransformerWrapper(transformer=StandardScaler())),
                ('feature_selection',
                 TransformerWrapper(exclude=[],
                                    transformer=SelectFromModel(estimator=LGBMClassifier(),
                                                                max_features=14,
                                                                threshold=-inf))),
                ('actual_estimator',
                 RidgeClassifier(alpha=7.68, random_state=123))]), probability_threshold=None, encoded_labels=False, raw_score=False, round=4, verbose=True, ml_usecase=None, preprocess=True, encode_labels=<function _SupervisedExperiment.predict_model.<locals>.encode_labels at 0x000001DBC6BC8C20>)
2025-09-09 20:02:33,375:INFO:Checking exceptions
2025-09-09 20:02:33,375:INFO:Preloading libraries
2025-09-09 20:02:33,375:INFO:Set up data.
2025-09-09 20:02:33,429:INFO:Set up index.
2025-09-09 20:02:33,897:WARNING:C:\Users\Ilyas\AppData\Local\Temp\ipykernel_9648\1457494303.py:9: SettingWithCopyWarning: 
A value is trying to be set on a copy of a slice from a DataFrame.
Try using .loc[row_indexer,col_indexer] = value instead

See the caveats in the documentation: https://pandas.pydata.org/pandas-docs/stable/user_guide/indexing.html#returning-a-view-versus-a-copy
  data_36_gk['cs_preds'] = cs_preds_36[['cs_preds_trans']]

2025-09-09 20:02:34,531:WARNING:C:\Users\Ilyas\AppData\Local\Temp\ipykernel_9648\3361044651.py:3: SettingWithCopyWarning: 
A value is trying to be set on a copy of a slice from a DataFrame

See the caveats in the documentation: https://pandas.pydata.org/pandas-docs/stable/user_guide/indexing.html#returning-a-view-versus-a-copy
  data_37_gk_cs.drop(columns=['position', 'clean_sheets'], inplace=True)

2025-09-09 20:02:34,666:INFO:Initializing predict_model()
2025-09-09 20:02:34,666:INFO:predict_model(self=<pycaret.classification.oop.ClassificationExperiment object at 0x000001DBC7030650>, estimator=Pipeline(memory=Memory(location=None),
         steps=[('numerical_imputer',
                 TransformerWrapper(include=['whh', 'whd', 'wha',
                                             'team_h_difficulty',
                                             'team_a_difficulty',
                                             'ownership_change',
                                             'percenatge_net_transfers',
                                             'ict_index', 'influence',
                                             'creativity', 'threat',
                                             'clean_sheets_1',
                                             'expected_goals_conceded_1',
                                             'goals_conceded_1',
                                             'goals_scored_1', 'ict_index_1',
                                             'influence_...
                 TransformerWrapper(transformer=FixImbalancer(estimator=SMOTE(random_state=123)))),
                ('normalize', TransformerWrapper(transformer=StandardScaler())),
                ('feature_selection',
                 TransformerWrapper(exclude=[],
                                    transformer=SelectFromModel(estimator=LGBMClassifier(),
                                                                max_features=14,
                                                                threshold=-inf))),
                ('actual_estimator',
                 RidgeClassifier(alpha=7.68, random_state=123))]), probability_threshold=None, encoded_labels=False, raw_score=False, round=4, verbose=True, ml_usecase=None, preprocess=True, encode_labels=<function _SupervisedExperiment.predict_model.<locals>.encode_labels at 0x000001DBC5E979C0>)
2025-09-09 20:02:34,666:INFO:Checking exceptions
2025-09-09 20:02:34,673:INFO:Preloading libraries
2025-09-09 20:02:34,673:INFO:Set up data.
2025-09-09 20:02:34,729:INFO:Set up index.
2025-09-09 20:02:35,031:WARNING:C:\Users\Ilyas\AppData\Local\Temp\ipykernel_9648\3361044651.py:9: SettingWithCopyWarning: 
A value is trying to be set on a copy of a slice from a DataFrame.
Try using .loc[row_indexer,col_indexer] = value instead

See the caveats in the documentation: https://pandas.pydata.org/pandas-docs/stable/user_guide/indexing.html#returning-a-view-versus-a-copy
  data_37_gk['cs_preds'] = cs_preds_37[['cs_preds_trans']]

2025-09-09 20:02:35,498:WARNING:C:\Users\Ilyas\AppData\Local\Temp\ipykernel_9648\2444389044.py:3: SettingWithCopyWarning: 
A value is trying to be set on a copy of a slice from a DataFrame

See the caveats in the documentation: https://pandas.pydata.org/pandas-docs/stable/user_guide/indexing.html#returning-a-view-versus-a-copy
  data_38_gk_cs.drop(columns=['position', 'clean_sheets'], inplace=True)

2025-09-09 20:02:35,590:INFO:Initializing predict_model()
2025-09-09 20:02:35,590:INFO:predict_model(self=<pycaret.classification.oop.ClassificationExperiment object at 0x000001DBC6B6AB50>, estimator=Pipeline(memory=Memory(location=None),
         steps=[('numerical_imputer',
                 TransformerWrapper(include=['whh', 'whd', 'wha',
                                             'team_h_difficulty',
                                             'team_a_difficulty',
                                             'ownership_change',
                                             'percenatge_net_transfers',
                                             'ict_index', 'influence',
                                             'creativity', 'threat',
                                             'clean_sheets_1',
                                             'expected_goals_conceded_1',
                                             'goals_conceded_1',
                                             'goals_scored_1', 'ict_index_1',
                                             'influence_...
                 TransformerWrapper(transformer=FixImbalancer(estimator=SMOTE(random_state=123)))),
                ('normalize', TransformerWrapper(transformer=StandardScaler())),
                ('feature_selection',
                 TransformerWrapper(exclude=[],
                                    transformer=SelectFromModel(estimator=LGBMClassifier(),
                                                                max_features=14,
                                                                threshold=-inf))),
                ('actual_estimator',
                 RidgeClassifier(alpha=7.68, random_state=123))]), probability_threshold=None, encoded_labels=False, raw_score=False, round=4, verbose=True, ml_usecase=None, preprocess=True, encode_labels=<function _SupervisedExperiment.predict_model.<locals>.encode_labels at 0x000001DBC5F61620>)
2025-09-09 20:02:35,590:INFO:Checking exceptions
2025-09-09 20:02:35,590:INFO:Preloading libraries
2025-09-09 20:02:35,590:INFO:Set up data.
2025-09-09 20:02:35,693:INFO:Set up index.
2025-09-09 20:02:35,925:WARNING:C:\Users\Ilyas\AppData\Local\Temp\ipykernel_9648\2444389044.py:9: SettingWithCopyWarning: 
A value is trying to be set on a copy of a slice from a DataFrame.
Try using .loc[row_indexer,col_indexer] = value instead

See the caveats in the documentation: https://pandas.pydata.org/pandas-docs/stable/user_guide/indexing.html#returning-a-view-versus-a-copy
  data_38_gk['cs_preds'] = cs_preds_38[['cs_preds_trans']]

2025-09-09 20:02:36,151:INFO:Initializing load_model()
2025-09-09 20:02:36,151:INFO:load_model(model_name=../def_cs_model, platform=None, authentication=None, verbose=True)
2025-09-09 20:02:36,700:WARNING:C:\Users\Ilyas\AppData\Local\Temp\ipykernel_9648\785466848.py:3: SettingWithCopyWarning: 
A value is trying to be set on a copy of a slice from a DataFrame

See the caveats in the documentation: https://pandas.pydata.org/pandas-docs/stable/user_guide/indexing.html#returning-a-view-versus-a-copy
  data_36_def_cs.drop(columns=['position', 'clean_sheets'], inplace=True)

2025-09-09 20:02:36,739:INFO:Initializing predict_model()
2025-09-09 20:02:36,739:INFO:predict_model(self=<pycaret.classification.oop.ClassificationExperiment object at 0x000001DBB14DB690>, estimator=Pipeline(memory=Memory(location=None),
         steps=[('numerical_imputer',
                 TransformerWrapper(include=['whh', 'whd', 'wha',
                                             'team_h_difficulty',
                                             'team_a_difficulty',
                                             'ownership_change',
                                             'percenatge_net_transfers',
                                             'ict_index', 'influence',
                                             'creativity', 'threat',
                                             'clean_sheets_1',
                                             'expected_goals_conceded_1',
                                             'goals_conceded_1',
                                             'goals_scored_1', 'ict_index_1',
                                             'influence_...
                 TransformerWrapper(transformer=FixImbalancer(estimator=SMOTE(random_state=123)))),
                ('normalize', TransformerWrapper(transformer=StandardScaler())),
                ('feature_selection',
                 TransformerWrapper(exclude=[],
                                    transformer=SelectFromModel(estimator=LGBMClassifier(),
                                                                max_features=14,
                                                                threshold=-inf))),
                ('actual_estimator',
                 ExtraTreesClassifier(n_jobs=-1, random_state=123))]), probability_threshold=None, encoded_labels=False, raw_score=False, round=4, verbose=True, ml_usecase=None, preprocess=True, encode_labels=<function _SupervisedExperiment.predict_model.<locals>.encode_labels at 0x000001DBC5E97E20>)
2025-09-09 20:02:36,739:INFO:Checking exceptions
2025-09-09 20:02:36,739:INFO:Preloading libraries
2025-09-09 20:02:36,739:INFO:Set up data.
2025-09-09 20:02:36,787:INFO:Set up index.
2025-09-09 20:02:37,025:WARNING:C:\Users\Ilyas\AppData\Local\Temp\ipykernel_9648\785466848.py:9: SettingWithCopyWarning: 
A value is trying to be set on a copy of a slice from a DataFrame.
Try using .loc[row_indexer,col_indexer] = value instead

See the caveats in the documentation: https://pandas.pydata.org/pandas-docs/stable/user_guide/indexing.html#returning-a-view-versus-a-copy
  data_36_def['cs_preds'] = cs_preds_36[['cs_preds_trans']]

2025-09-09 20:02:37,265:WARNING:C:\Users\Ilyas\AppData\Local\Temp\ipykernel_9648\3392911798.py:3: SettingWithCopyWarning: 
A value is trying to be set on a copy of a slice from a DataFrame

See the caveats in the documentation: https://pandas.pydata.org/pandas-docs/stable/user_guide/indexing.html#returning-a-view-versus-a-copy
  data_37_def_cs.drop(columns=['position', 'clean_sheets'], inplace=True)

2025-09-09 20:02:37,301:INFO:Initializing predict_model()
2025-09-09 20:02:37,301:INFO:predict_model(self=<pycaret.classification.oop.ClassificationExperiment object at 0x000001DBC6B1ED50>, estimator=Pipeline(memory=Memory(location=None),
         steps=[('numerical_imputer',
                 TransformerWrapper(include=['whh', 'whd', 'wha',
                                             'team_h_difficulty',
                                             'team_a_difficulty',
                                             'ownership_change',
                                             'percenatge_net_transfers',
                                             'ict_index', 'influence',
                                             'creativity', 'threat',
                                             'clean_sheets_1',
                                             'expected_goals_conceded_1',
                                             'goals_conceded_1',
                                             'goals_scored_1', 'ict_index_1',
                                             'influence_...
                 TransformerWrapper(transformer=FixImbalancer(estimator=SMOTE(random_state=123)))),
                ('normalize', TransformerWrapper(transformer=StandardScaler())),
                ('feature_selection',
                 TransformerWrapper(exclude=[],
                                    transformer=SelectFromModel(estimator=LGBMClassifier(),
                                                                max_features=14,
                                                                threshold=-inf))),
                ('actual_estimator',
                 ExtraTreesClassifier(n_jobs=-1, random_state=123))]), probability_threshold=None, encoded_labels=False, raw_score=False, round=4, verbose=True, ml_usecase=None, preprocess=True, encode_labels=<function _SupervisedExperiment.predict_model.<locals>.encode_labels at 0x000001DBC5F61D00>)
2025-09-09 20:02:37,301:INFO:Checking exceptions
2025-09-09 20:02:37,301:INFO:Preloading libraries
2025-09-09 20:02:37,306:INFO:Set up data.
2025-09-09 20:02:37,340:INFO:Set up index.
2025-09-09 20:02:37,572:WARNING:C:\Users\Ilyas\AppData\Local\Temp\ipykernel_9648\3392911798.py:9: SettingWithCopyWarning: 
A value is trying to be set on a copy of a slice from a DataFrame.
Try using .loc[row_indexer,col_indexer] = value instead

See the caveats in the documentation: https://pandas.pydata.org/pandas-docs/stable/user_guide/indexing.html#returning-a-view-versus-a-copy
  data_37_def['cs_preds'] = cs_preds_37[['cs_preds_trans']]

2025-09-09 20:02:37,801:WARNING:C:\Users\Ilyas\AppData\Local\Temp\ipykernel_9648\3391097665.py:3: SettingWithCopyWarning: 
A value is trying to be set on a copy of a slice from a DataFrame

See the caveats in the documentation: https://pandas.pydata.org/pandas-docs/stable/user_guide/indexing.html#returning-a-view-versus-a-copy
  data_38_def_cs.drop(columns=['position', 'clean_sheets'], inplace=True)

2025-09-09 20:02:37,838:INFO:Initializing predict_model()
2025-09-09 20:02:37,838:INFO:predict_model(self=<pycaret.classification.oop.ClassificationExperiment object at 0x000001DBC6AA74D0>, estimator=Pipeline(memory=Memory(location=None),
         steps=[('numerical_imputer',
                 TransformerWrapper(include=['whh', 'whd', 'wha',
                                             'team_h_difficulty',
                                             'team_a_difficulty',
                                             'ownership_change',
                                             'percenatge_net_transfers',
                                             'ict_index', 'influence',
                                             'creativity', 'threat',
                                             'clean_sheets_1',
                                             'expected_goals_conceded_1',
                                             'goals_conceded_1',
                                             'goals_scored_1', 'ict_index_1',
                                             'influence_...
                 TransformerWrapper(transformer=FixImbalancer(estimator=SMOTE(random_state=123)))),
                ('normalize', TransformerWrapper(transformer=StandardScaler())),
                ('feature_selection',
                 TransformerWrapper(exclude=[],
                                    transformer=SelectFromModel(estimator=LGBMClassifier(),
                                                                max_features=14,
                                                                threshold=-inf))),
                ('actual_estimator',
                 ExtraTreesClassifier(n_jobs=-1, random_state=123))]), probability_threshold=None, encoded_labels=False, raw_score=False, round=4, verbose=True, ml_usecase=None, preprocess=True, encode_labels=<function _SupervisedExperiment.predict_model.<locals>.encode_labels at 0x000001DBC5E95DA0>)
2025-09-09 20:02:37,838:INFO:Checking exceptions
2025-09-09 20:02:37,838:INFO:Preloading libraries
2025-09-09 20:02:37,838:INFO:Set up data.
2025-09-09 20:02:37,871:INFO:Set up index.
2025-09-09 20:02:38,119:WARNING:C:\Users\Ilyas\AppData\Local\Temp\ipykernel_9648\3391097665.py:9: SettingWithCopyWarning: 
A value is trying to be set on a copy of a slice from a DataFrame.
Try using .loc[row_indexer,col_indexer] = value instead

See the caveats in the documentation: https://pandas.pydata.org/pandas-docs/stable/user_guide/indexing.html#returning-a-view-versus-a-copy
  data_38_def['cs_preds'] = cs_preds_38[['cs_preds_trans']]

2025-09-09 20:02:38,369:INFO:Initializing load_model()
2025-09-09 20:02:38,369:INFO:load_model(model_name=../mid_cs_model, platform=None, authentication=None, verbose=True)
2025-09-09 20:02:38,804:WARNING:C:\Users\Ilyas\AppData\Local\Temp\ipykernel_9648\4061020326.py:3: SettingWithCopyWarning: 
A value is trying to be set on a copy of a slice from a DataFrame

See the caveats in the documentation: https://pandas.pydata.org/pandas-docs/stable/user_guide/indexing.html#returning-a-view-versus-a-copy
  data_36_mid_cs.drop(columns=['position', 'clean_sheets'], inplace=True)

2025-09-09 20:02:38,869:INFO:Initializing predict_model()
2025-09-09 20:02:38,869:INFO:predict_model(self=<pycaret.classification.oop.ClassificationExperiment object at 0x000001DBC219AFD0>, estimator=Pipeline(memory=Memory(location=None),
         steps=[('numerical_imputer',
                 TransformerWrapper(include=['whh', 'whd', 'wha',
                                             'team_h_difficulty',
                                             'team_a_difficulty',
                                             'ownership_change',
                                             'percenatge_net_transfers',
                                             'ict_index', 'influence',
                                             'creativity', 'threat',
                                             'clean_sheets_1',
                                             'expected_goals_conceded_1',
                                             'goals_conceded_1',
                                             'goals_scored_1', 'ict_index_1',
                                             'influence_...
                 TransformerWrapper(transformer=FixImbalancer(estimator=SMOTE(random_state=123)))),
                ('normalize', TransformerWrapper(transformer=StandardScaler())),
                ('feature_selection',
                 TransformerWrapper(exclude=[],
                                    transformer=SelectFromModel(estimator=LGBMClassifier(),
                                                                max_features=14,
                                                                threshold=-inf))),
                ('actual_estimator',
                 ExtraTreesClassifier(n_jobs=-1, random_state=123))]), probability_threshold=None, encoded_labels=False, raw_score=False, round=4, verbose=True, ml_usecase=None, preprocess=True, encode_labels=<function _SupervisedExperiment.predict_model.<locals>.encode_labels at 0x000001DBC5E39800>)
2025-09-09 20:02:38,869:INFO:Checking exceptions
2025-09-09 20:02:38,869:INFO:Preloading libraries
2025-09-09 20:02:38,869:INFO:Set up data.
2025-09-09 20:02:38,912:INFO:Set up index.
2025-09-09 20:02:39,183:WARNING:C:\Users\Ilyas\AppData\Local\Temp\ipykernel_9648\4061020326.py:9: SettingWithCopyWarning: 
A value is trying to be set on a copy of a slice from a DataFrame.
Try using .loc[row_indexer,col_indexer] = value instead

See the caveats in the documentation: https://pandas.pydata.org/pandas-docs/stable/user_guide/indexing.html#returning-a-view-versus-a-copy
  data_36_mid['cs_preds'] = cs_preds_36[['cs_preds_trans']]

2025-09-09 20:02:39,438:WARNING:C:\Users\Ilyas\AppData\Local\Temp\ipykernel_9648\1000335410.py:3: SettingWithCopyWarning: 
A value is trying to be set on a copy of a slice from a DataFrame

See the caveats in the documentation: https://pandas.pydata.org/pandas-docs/stable/user_guide/indexing.html#returning-a-view-versus-a-copy
  data_37_mid_cs.drop(columns=['position', 'clean_sheets'], inplace=True)

2025-09-09 20:02:39,485:INFO:Initializing predict_model()
2025-09-09 20:02:39,485:INFO:predict_model(self=<pycaret.classification.oop.ClassificationExperiment object at 0x000001DBBD5FFD50>, estimator=Pipeline(memory=Memory(location=None),
         steps=[('numerical_imputer',
                 TransformerWrapper(include=['whh', 'whd', 'wha',
                                             'team_h_difficulty',
                                             'team_a_difficulty',
                                             'ownership_change',
                                             'percenatge_net_transfers',
                                             'ict_index', 'influence',
                                             'creativity', 'threat',
                                             'clean_sheets_1',
                                             'expected_goals_conceded_1',
                                             'goals_conceded_1',
                                             'goals_scored_1', 'ict_index_1',
                                             'influence_...
                 TransformerWrapper(transformer=FixImbalancer(estimator=SMOTE(random_state=123)))),
                ('normalize', TransformerWrapper(transformer=StandardScaler())),
                ('feature_selection',
                 TransformerWrapper(exclude=[],
                                    transformer=SelectFromModel(estimator=LGBMClassifier(),
                                                                max_features=14,
                                                                threshold=-inf))),
                ('actual_estimator',
                 ExtraTreesClassifier(n_jobs=-1, random_state=123))]), probability_threshold=None, encoded_labels=False, raw_score=False, round=4, verbose=True, ml_usecase=None, preprocess=True, encode_labels=<function _SupervisedExperiment.predict_model.<locals>.encode_labels at 0x000001DBC5F60D60>)
2025-09-09 20:02:39,485:INFO:Checking exceptions
2025-09-09 20:02:39,485:INFO:Preloading libraries
2025-09-09 20:02:39,485:INFO:Set up data.
2025-09-09 20:02:39,507:INFO:Set up index.
2025-09-09 20:02:39,773:WARNING:C:\Users\Ilyas\AppData\Local\Temp\ipykernel_9648\1000335410.py:9: SettingWithCopyWarning: 
A value is trying to be set on a copy of a slice from a DataFrame.
Try using .loc[row_indexer,col_indexer] = value instead

See the caveats in the documentation: https://pandas.pydata.org/pandas-docs/stable/user_guide/indexing.html#returning-a-view-versus-a-copy
  data_37_mid['cs_preds'] = cs_preds_37[['cs_preds_trans']]

2025-09-09 20:02:40,015:WARNING:C:\Users\Ilyas\AppData\Local\Temp\ipykernel_9648\2812807366.py:3: SettingWithCopyWarning: 
A value is trying to be set on a copy of a slice from a DataFrame

See the caveats in the documentation: https://pandas.pydata.org/pandas-docs/stable/user_guide/indexing.html#returning-a-view-versus-a-copy
  data_38_mid_cs.drop(columns=['position', 'clean_sheets'], inplace=True)

2025-09-09 20:02:40,054:INFO:Initializing predict_model()
2025-09-09 20:02:40,054:INFO:predict_model(self=<pycaret.classification.oop.ClassificationExperiment object at 0x000001DBC6B44750>, estimator=Pipeline(memory=Memory(location=None),
         steps=[('numerical_imputer',
                 TransformerWrapper(include=['whh', 'whd', 'wha',
                                             'team_h_difficulty',
                                             'team_a_difficulty',
                                             'ownership_change',
                                             'percenatge_net_transfers',
                                             'ict_index', 'influence',
                                             'creativity', 'threat',
                                             'clean_sheets_1',
                                             'expected_goals_conceded_1',
                                             'goals_conceded_1',
                                             'goals_scored_1', 'ict_index_1',
                                             'influence_...
                 TransformerWrapper(transformer=FixImbalancer(estimator=SMOTE(random_state=123)))),
                ('normalize', TransformerWrapper(transformer=StandardScaler())),
                ('feature_selection',
                 TransformerWrapper(exclude=[],
                                    transformer=SelectFromModel(estimator=LGBMClassifier(),
                                                                max_features=14,
                                                                threshold=-inf))),
                ('actual_estimator',
                 ExtraTreesClassifier(n_jobs=-1, random_state=123))]), probability_threshold=None, encoded_labels=False, raw_score=False, round=4, verbose=True, ml_usecase=None, preprocess=True, encode_labels=<function _SupervisedExperiment.predict_model.<locals>.encode_labels at 0x000001DBC5E38FE0>)
2025-09-09 20:02:40,054:INFO:Checking exceptions
2025-09-09 20:02:40,054:INFO:Preloading libraries
2025-09-09 20:02:40,054:INFO:Set up data.
2025-09-09 20:02:40,091:INFO:Set up index.
2025-09-09 20:02:40,397:WARNING:C:\Users\Ilyas\AppData\Local\Temp\ipykernel_9648\2812807366.py:9: SettingWithCopyWarning: 
A value is trying to be set on a copy of a slice from a DataFrame.
Try using .loc[row_indexer,col_indexer] = value instead

See the caveats in the documentation: https://pandas.pydata.org/pandas-docs/stable/user_guide/indexing.html#returning-a-view-versus-a-copy
  data_38_mid['cs_preds'] = cs_preds_38[['cs_preds_trans']]

2025-09-09 20:02:40,641:INFO:Initializing load_model()
2025-09-09 20:02:40,641:INFO:load_model(model_name=../gk_y_model, platform=None, authentication=None, verbose=True)
2025-09-09 20:02:40,789:WARNING:C:\Users\Ilyas\AppData\Local\Temp\ipykernel_9648\1617082131.py:3: SettingWithCopyWarning: 
A value is trying to be set on a copy of a slice from a DataFrame

See the caveats in the documentation: https://pandas.pydata.org/pandas-docs/stable/user_guide/indexing.html#returning-a-view-versus-a-copy
  data_36_gk_y.drop(columns=['position', 'yellow_cards'], inplace=True)

2025-09-09 20:02:40,853:INFO:Initializing predict_model()
2025-09-09 20:02:40,853:INFO:predict_model(self=<pycaret.classification.oop.ClassificationExperiment object at 0x000001DBC6A72E90>, estimator=Pipeline(memory=Memory(location=None),
         steps=[('numerical_imputer',
                 TransformerWrapper(include=['whh', 'whd', 'wha',
                                             'team_h_difficulty',
                                             'team_a_difficulty',
                                             'ownership_change',
                                             'percenatge_net_transfers',
                                             'ict_index', 'influence',
                                             'creativity', 'threat',
                                             'clean_sheets_1',
                                             'expected_goals_conceded_1',
                                             'goals_conceded_1',
                                             'goals_scored_1', 'ict_index_1',
                                             'influence_...
                 TransformerWrapper(transformer=FixImbalancer(estimator=SMOTE(random_state=123)))),
                ('normalize', TransformerWrapper(transformer=StandardScaler())),
                ('feature_selection',
                 TransformerWrapper(exclude=[],
                                    transformer=SelectFromModel(estimator=LGBMClassifier(),
                                                                max_features=14,
                                                                threshold=-inf))),
                ('actual_estimator',
                 GradientBoostingClassifier(random_state=123))]), probability_threshold=None, encoded_labels=False, raw_score=False, round=4, verbose=True, ml_usecase=None, preprocess=True, encode_labels=<function _SupervisedExperiment.predict_model.<locals>.encode_labels at 0x000001DBC2173A60>)
2025-09-09 20:02:40,853:INFO:Checking exceptions
2025-09-09 20:02:40,853:INFO:Preloading libraries
2025-09-09 20:02:40,853:INFO:Set up data.
2025-09-09 20:02:40,888:INFO:Set up index.
2025-09-09 20:02:41,062:WARNING:C:\Users\Ilyas\AppData\Local\Temp\ipykernel_9648\1617082131.py:9: SettingWithCopyWarning: 
A value is trying to be set on a copy of a slice from a DataFrame.
Try using .loc[row_indexer,col_indexer] = value instead

See the caveats in the documentation: https://pandas.pydata.org/pandas-docs/stable/user_guide/indexing.html#returning-a-view-versus-a-copy
  data_36_gk['y_preds'] = y_preds_36[['y_preds_trans']]

2025-09-09 20:02:41,321:WARNING:C:\Users\Ilyas\AppData\Local\Temp\ipykernel_9648\1183157391.py:3: SettingWithCopyWarning: 
A value is trying to be set on a copy of a slice from a DataFrame

See the caveats in the documentation: https://pandas.pydata.org/pandas-docs/stable/user_guide/indexing.html#returning-a-view-versus-a-copy
  data_37_gk_y.drop(columns=['position', 'yellow_cards'], inplace=True)

2025-09-09 20:02:41,411:INFO:Initializing predict_model()
2025-09-09 20:02:41,411:INFO:predict_model(self=<pycaret.classification.oop.ClassificationExperiment object at 0x000001DBC6B80C10>, estimator=Pipeline(memory=Memory(location=None),
         steps=[('numerical_imputer',
                 TransformerWrapper(include=['whh', 'whd', 'wha',
                                             'team_h_difficulty',
                                             'team_a_difficulty',
                                             'ownership_change',
                                             'percenatge_net_transfers',
                                             'ict_index', 'influence',
                                             'creativity', 'threat',
                                             'clean_sheets_1',
                                             'expected_goals_conceded_1',
                                             'goals_conceded_1',
                                             'goals_scored_1', 'ict_index_1',
                                             'influence_...
                 TransformerWrapper(transformer=FixImbalancer(estimator=SMOTE(random_state=123)))),
                ('normalize', TransformerWrapper(transformer=StandardScaler())),
                ('feature_selection',
                 TransformerWrapper(exclude=[],
                                    transformer=SelectFromModel(estimator=LGBMClassifier(),
                                                                max_features=14,
                                                                threshold=-inf))),
                ('actual_estimator',
                 GradientBoostingClassifier(random_state=123))]), probability_threshold=None, encoded_labels=False, raw_score=False, round=4, verbose=True, ml_usecase=None, preprocess=True, encode_labels=<function _SupervisedExperiment.predict_model.<locals>.encode_labels at 0x000001DBC5E97F60>)
2025-09-09 20:02:41,411:INFO:Checking exceptions
2025-09-09 20:02:41,411:INFO:Preloading libraries
2025-09-09 20:02:41,411:INFO:Set up data.
2025-09-09 20:02:41,453:INFO:Set up index.
2025-09-09 20:02:41,661:WARNING:C:\Users\Ilyas\AppData\Local\Temp\ipykernel_9648\1183157391.py:9: SettingWithCopyWarning: 
A value is trying to be set on a copy of a slice from a DataFrame.
Try using .loc[row_indexer,col_indexer] = value instead

See the caveats in the documentation: https://pandas.pydata.org/pandas-docs/stable/user_guide/indexing.html#returning-a-view-versus-a-copy
  data_37_gk['y_preds'] = y_preds_37[['y_preds_trans']]

2025-09-09 20:02:41,979:WARNING:C:\Users\Ilyas\AppData\Local\Temp\ipykernel_9648\3872014283.py:3: SettingWithCopyWarning: 
A value is trying to be set on a copy of a slice from a DataFrame

See the caveats in the documentation: https://pandas.pydata.org/pandas-docs/stable/user_guide/indexing.html#returning-a-view-versus-a-copy
  data_38_gk_y.drop(columns=['position', 'yellow_cards'], inplace=True)

2025-09-09 20:02:42,054:INFO:Initializing predict_model()
2025-09-09 20:02:42,054:INFO:predict_model(self=<pycaret.classification.oop.ClassificationExperiment object at 0x000001DBC5E3FDD0>, estimator=Pipeline(memory=Memory(location=None),
         steps=[('numerical_imputer',
                 TransformerWrapper(include=['whh', 'whd', 'wha',
                                             'team_h_difficulty',
                                             'team_a_difficulty',
                                             'ownership_change',
                                             'percenatge_net_transfers',
                                             'ict_index', 'influence',
                                             'creativity', 'threat',
                                             'clean_sheets_1',
                                             'expected_goals_conceded_1',
                                             'goals_conceded_1',
                                             'goals_scored_1', 'ict_index_1',
                                             'influence_...
                 TransformerWrapper(transformer=FixImbalancer(estimator=SMOTE(random_state=123)))),
                ('normalize', TransformerWrapper(transformer=StandardScaler())),
                ('feature_selection',
                 TransformerWrapper(exclude=[],
                                    transformer=SelectFromModel(estimator=LGBMClassifier(),
                                                                max_features=14,
                                                                threshold=-inf))),
                ('actual_estimator',
                 GradientBoostingClassifier(random_state=123))]), probability_threshold=None, encoded_labels=False, raw_score=False, round=4, verbose=True, ml_usecase=None, preprocess=True, encode_labels=<function _SupervisedExperiment.predict_model.<locals>.encode_labels at 0x000001DBC5F60680>)
2025-09-09 20:02:42,054:INFO:Checking exceptions
2025-09-09 20:02:42,054:INFO:Preloading libraries
2025-09-09 20:02:42,054:INFO:Set up data.
2025-09-09 20:02:42,104:INFO:Set up index.
2025-09-09 20:02:42,336:WARNING:C:\Users\Ilyas\AppData\Local\Temp\ipykernel_9648\3872014283.py:9: SettingWithCopyWarning: 
A value is trying to be set on a copy of a slice from a DataFrame.
Try using .loc[row_indexer,col_indexer] = value instead

See the caveats in the documentation: https://pandas.pydata.org/pandas-docs/stable/user_guide/indexing.html#returning-a-view-versus-a-copy
  data_38_gk['y_preds'] = y_preds_38[['y_preds_trans']]

2025-09-09 20:02:42,604:INFO:Initializing load_model()
2025-09-09 20:02:42,604:INFO:load_model(model_name=../def_y_model, platform=None, authentication=None, verbose=True)
2025-09-09 20:02:42,921:WARNING:C:\Users\Ilyas\AppData\Local\Temp\ipykernel_9648\760469649.py:3: SettingWithCopyWarning: 
A value is trying to be set on a copy of a slice from a DataFrame

See the caveats in the documentation: https://pandas.pydata.org/pandas-docs/stable/user_guide/indexing.html#returning-a-view-versus-a-copy
  data_36_def_y.drop(columns=['position', 'yellow_cards'], inplace=True)

2025-09-09 20:02:43,039:INFO:Initializing predict_model()
2025-09-09 20:02:43,047:INFO:predict_model(self=<pycaret.classification.oop.ClassificationExperiment object at 0x000001DBC6A4A850>, estimator=Pipeline(memory=Memory(location=None),
         steps=[('numerical_imputer',
                 TransformerWrapper(include=['whh', 'whd', 'wha',
                                             'team_h_difficulty',
                                             'team_a_difficulty',
                                             'ownership_change',
                                             'percenatge_net_transfers',
                                             'ict_index', 'influence',
                                             'creativity', 'threat',
                                             'clean_sheets_1',
                                             'expected_goals_conceded_1',
                                             'goals_conceded_1',
                                             'goals_scored_1', 'ict_index_1',
                                             'influence_...
                 TransformerWrapper(transformer=FixImbalancer(estimator=SMOTE(random_state=123)))),
                ('normalize', TransformerWrapper(transformer=StandardScaler())),
                ('feature_selection',
                 TransformerWrapper(exclude=[],
                                    transformer=SelectFromModel(estimator=LGBMClassifier(),
                                                                max_features=14,
                                                                threshold=-inf))),
                ('actual_estimator',
                 LGBMClassifier(n_jobs=-1, random_state=123))]), probability_threshold=None, encoded_labels=False, raw_score=False, round=4, verbose=True, ml_usecase=None, preprocess=True, encode_labels=<function _SupervisedExperiment.predict_model.<locals>.encode_labels at 0x000001DBC2171620>)
2025-09-09 20:02:43,047:INFO:Checking exceptions
2025-09-09 20:02:43,047:INFO:Preloading libraries
2025-09-09 20:02:43,047:INFO:Set up data.
2025-09-09 20:02:43,109:INFO:Set up index.
2025-09-09 20:02:43,353:WARNING:C:\Users\Ilyas\AppData\Local\Temp\ipykernel_9648\760469649.py:9: SettingWithCopyWarning: 
A value is trying to be set on a copy of a slice from a DataFrame.
Try using .loc[row_indexer,col_indexer] = value instead

See the caveats in the documentation: https://pandas.pydata.org/pandas-docs/stable/user_guide/indexing.html#returning-a-view-versus-a-copy
  data_36_def['y_preds'] = y_preds_36[['y_preds_trans']]

2025-09-09 20:02:43,619:WARNING:C:\Users\Ilyas\AppData\Local\Temp\ipykernel_9648\1000463912.py:3: SettingWithCopyWarning: 
A value is trying to be set on a copy of a slice from a DataFrame

See the caveats in the documentation: https://pandas.pydata.org/pandas-docs/stable/user_guide/indexing.html#returning-a-view-versus-a-copy
  data_37_def_y.drop(columns=['position', 'yellow_cards'], inplace=True)

2025-09-09 20:02:43,682:INFO:Initializing predict_model()
2025-09-09 20:02:43,682:INFO:predict_model(self=<pycaret.classification.oop.ClassificationExperiment object at 0x000001DBC6B64890>, estimator=Pipeline(memory=Memory(location=None),
         steps=[('numerical_imputer',
                 TransformerWrapper(include=['whh', 'whd', 'wha',
                                             'team_h_difficulty',
                                             'team_a_difficulty',
                                             'ownership_change',
                                             'percenatge_net_transfers',
                                             'ict_index', 'influence',
                                             'creativity', 'threat',
                                             'clean_sheets_1',
                                             'expected_goals_conceded_1',
                                             'goals_conceded_1',
                                             'goals_scored_1', 'ict_index_1',
                                             'influence_...
                 TransformerWrapper(transformer=FixImbalancer(estimator=SMOTE(random_state=123)))),
                ('normalize', TransformerWrapper(transformer=StandardScaler())),
                ('feature_selection',
                 TransformerWrapper(exclude=[],
                                    transformer=SelectFromModel(estimator=LGBMClassifier(),
                                                                max_features=14,
                                                                threshold=-inf))),
                ('actual_estimator',
                 LGBMClassifier(n_jobs=-1, random_state=123))]), probability_threshold=None, encoded_labels=False, raw_score=False, round=4, verbose=True, ml_usecase=None, preprocess=True, encode_labels=<function _SupervisedExperiment.predict_model.<locals>.encode_labels at 0x000001DBC5E3AB60>)
2025-09-09 20:02:43,682:INFO:Checking exceptions
2025-09-09 20:02:43,682:INFO:Preloading libraries
2025-09-09 20:02:43,685:INFO:Set up data.
2025-09-09 20:02:43,719:INFO:Set up index.
2025-09-09 20:02:43,956:WARNING:C:\Users\Ilyas\AppData\Local\Temp\ipykernel_9648\1000463912.py:9: SettingWithCopyWarning: 
A value is trying to be set on a copy of a slice from a DataFrame.
Try using .loc[row_indexer,col_indexer] = value instead

See the caveats in the documentation: https://pandas.pydata.org/pandas-docs/stable/user_guide/indexing.html#returning-a-view-versus-a-copy
  data_37_def['y_preds'] = y_preds_37[['y_preds_trans']]

2025-09-09 20:02:44,269:WARNING:C:\Users\Ilyas\AppData\Local\Temp\ipykernel_9648\3796280288.py:3: SettingWithCopyWarning: 
A value is trying to be set on a copy of a slice from a DataFrame

See the caveats in the documentation: https://pandas.pydata.org/pandas-docs/stable/user_guide/indexing.html#returning-a-view-versus-a-copy
  data_38_def_y.drop(columns=['position', 'yellow_cards'], inplace=True)

2025-09-09 20:02:44,340:INFO:Initializing predict_model()
2025-09-09 20:02:44,340:INFO:predict_model(self=<pycaret.classification.oop.ClassificationExperiment object at 0x000001DBC6A569D0>, estimator=Pipeline(memory=Memory(location=None),
         steps=[('numerical_imputer',
                 TransformerWrapper(include=['whh', 'whd', 'wha',
                                             'team_h_difficulty',
                                             'team_a_difficulty',
                                             'ownership_change',
                                             'percenatge_net_transfers',
                                             'ict_index', 'influence',
                                             'creativity', 'threat',
                                             'clean_sheets_1',
                                             'expected_goals_conceded_1',
                                             'goals_conceded_1',
                                             'goals_scored_1', 'ict_index_1',
                                             'influence_...
                 TransformerWrapper(transformer=FixImbalancer(estimator=SMOTE(random_state=123)))),
                ('normalize', TransformerWrapper(transformer=StandardScaler())),
                ('feature_selection',
                 TransformerWrapper(exclude=[],
                                    transformer=SelectFromModel(estimator=LGBMClassifier(),
                                                                max_features=14,
                                                                threshold=-inf))),
                ('actual_estimator',
                 LGBMClassifier(n_jobs=-1, random_state=123))]), probability_threshold=None, encoded_labels=False, raw_score=False, round=4, verbose=True, ml_usecase=None, preprocess=True, encode_labels=<function _SupervisedExperiment.predict_model.<locals>.encode_labels at 0x000001DBC6BF23E0>)
2025-09-09 20:02:44,340:INFO:Checking exceptions
2025-09-09 20:02:44,340:INFO:Preloading libraries
2025-09-09 20:02:44,346:INFO:Set up data.
2025-09-09 20:02:44,372:INFO:Set up index.
2025-09-09 20:02:44,588:WARNING:C:\Users\Ilyas\AppData\Local\Temp\ipykernel_9648\3796280288.py:9: SettingWithCopyWarning: 
A value is trying to be set on a copy of a slice from a DataFrame.
Try using .loc[row_indexer,col_indexer] = value instead

See the caveats in the documentation: https://pandas.pydata.org/pandas-docs/stable/user_guide/indexing.html#returning-a-view-versus-a-copy
  data_38_def['y_preds'] = y_preds_38[['y_preds_trans']]

2025-09-09 20:02:44,902:INFO:Initializing load_model()
2025-09-09 20:02:44,902:INFO:load_model(model_name=../mid_y_model, platform=None, authentication=None, verbose=True)
2025-09-09 20:02:45,079:WARNING:C:\Users\Ilyas\AppData\Local\Temp\ipykernel_9648\4202327116.py:3: SettingWithCopyWarning: 
A value is trying to be set on a copy of a slice from a DataFrame

See the caveats in the documentation: https://pandas.pydata.org/pandas-docs/stable/user_guide/indexing.html#returning-a-view-versus-a-copy
  data_36_mid_y.drop(columns=['position', 'yellow_cards'], inplace=True)

2025-09-09 20:02:45,142:INFO:Initializing predict_model()
2025-09-09 20:02:45,142:INFO:predict_model(self=<pycaret.classification.oop.ClassificationExperiment object at 0x000001DBC6AC5550>, estimator=Pipeline(memory=Memory(location=None),
         steps=[('numerical_imputer',
                 TransformerWrapper(include=['whh', 'whd', 'wha',
                                             'team_h_difficulty',
                                             'team_a_difficulty',
                                             'ownership_change',
                                             'percenatge_net_transfers',
                                             'ict_index', 'influence',
                                             'creativity', 'threat',
                                             'clean_sheets_1',
                                             'expected_goals_conceded_1',
                                             'goals_conceded_1',
                                             'goals_scored_1', 'ict_index_1',
                                             'influence_...
                 TransformerWrapper(transformer=FixImbalancer(estimator=SMOTE(random_state=123)))),
                ('normalize', TransformerWrapper(transformer=StandardScaler())),
                ('feature_selection',
                 TransformerWrapper(exclude=[],
                                    transformer=SelectFromModel(estimator=LGBMClassifier(),
                                                                max_features=14,
                                                                threshold=-inf))),
                ('actual_estimator',
                 RidgeClassifier(alpha=7.68, random_state=123))]), probability_threshold=None, encoded_labels=False, raw_score=False, round=4, verbose=True, ml_usecase=None, preprocess=True, encode_labels=<function _SupervisedExperiment.predict_model.<locals>.encode_labels at 0x000001DBC5E3A5C0>)
2025-09-09 20:02:45,142:INFO:Checking exceptions
2025-09-09 20:02:45,148:INFO:Preloading libraries
2025-09-09 20:02:45,148:INFO:Set up data.
2025-09-09 20:02:45,202:INFO:Set up index.
2025-09-09 20:02:45,438:WARNING:C:\Users\Ilyas\AppData\Local\Temp\ipykernel_9648\4202327116.py:9: SettingWithCopyWarning: 
A value is trying to be set on a copy of a slice from a DataFrame.
Try using .loc[row_indexer,col_indexer] = value instead

See the caveats in the documentation: https://pandas.pydata.org/pandas-docs/stable/user_guide/indexing.html#returning-a-view-versus-a-copy
  data_36_mid['y_preds'] = y_preds_36[['y_preds_trans']]

2025-09-09 20:02:45,852:WARNING:C:\Users\Ilyas\AppData\Local\Temp\ipykernel_9648\748900506.py:3: SettingWithCopyWarning: 
A value is trying to be set on a copy of a slice from a DataFrame

See the caveats in the documentation: https://pandas.pydata.org/pandas-docs/stable/user_guide/indexing.html#returning-a-view-versus-a-copy
  data_37_mid_y.drop(columns=['position', 'yellow_cards'], inplace=True)

2025-09-09 20:02:45,930:INFO:Initializing predict_model()
2025-09-09 20:02:45,930:INFO:predict_model(self=<pycaret.classification.oop.ClassificationExperiment object at 0x000001DBC5E3C110>, estimator=Pipeline(memory=Memory(location=None),
         steps=[('numerical_imputer',
                 TransformerWrapper(include=['whh', 'whd', 'wha',
                                             'team_h_difficulty',
                                             'team_a_difficulty',
                                             'ownership_change',
                                             'percenatge_net_transfers',
                                             'ict_index', 'influence',
                                             'creativity', 'threat',
                                             'clean_sheets_1',
                                             'expected_goals_conceded_1',
                                             'goals_conceded_1',
                                             'goals_scored_1', 'ict_index_1',
                                             'influence_...
                 TransformerWrapper(transformer=FixImbalancer(estimator=SMOTE(random_state=123)))),
                ('normalize', TransformerWrapper(transformer=StandardScaler())),
                ('feature_selection',
                 TransformerWrapper(exclude=[],
                                    transformer=SelectFromModel(estimator=LGBMClassifier(),
                                                                max_features=14,
                                                                threshold=-inf))),
                ('actual_estimator',
                 RidgeClassifier(alpha=7.68, random_state=123))]), probability_threshold=None, encoded_labels=False, raw_score=False, round=4, verbose=True, ml_usecase=None, preprocess=True, encode_labels=<function _SupervisedExperiment.predict_model.<locals>.encode_labels at 0x000001DBC5E97920>)
2025-09-09 20:02:45,930:INFO:Checking exceptions
2025-09-09 20:02:45,930:INFO:Preloading libraries
2025-09-09 20:02:45,930:INFO:Set up data.
2025-09-09 20:02:45,977:INFO:Set up index.
2025-09-09 20:02:46,232:WARNING:C:\Users\Ilyas\AppData\Local\Temp\ipykernel_9648\748900506.py:9: SettingWithCopyWarning: 
A value is trying to be set on a copy of a slice from a DataFrame.
Try using .loc[row_indexer,col_indexer] = value instead

See the caveats in the documentation: https://pandas.pydata.org/pandas-docs/stable/user_guide/indexing.html#returning-a-view-versus-a-copy
  data_37_mid['y_preds'] = y_preds_37[['y_preds_trans']]

2025-09-09 20:02:46,635:WARNING:C:\Users\Ilyas\AppData\Local\Temp\ipykernel_9648\534717350.py:3: SettingWithCopyWarning: 
A value is trying to be set on a copy of a slice from a DataFrame

See the caveats in the documentation: https://pandas.pydata.org/pandas-docs/stable/user_guide/indexing.html#returning-a-view-versus-a-copy
  data_38_mid_y.drop(columns=['position', 'yellow_cards'], inplace=True)

2025-09-09 20:02:46,695:INFO:Initializing predict_model()
2025-09-09 20:02:46,695:INFO:predict_model(self=<pycaret.classification.oop.ClassificationExperiment object at 0x000001DBC6B5B610>, estimator=Pipeline(memory=Memory(location=None),
         steps=[('numerical_imputer',
                 TransformerWrapper(include=['whh', 'whd', 'wha',
                                             'team_h_difficulty',
                                             'team_a_difficulty',
                                             'ownership_change',
                                             'percenatge_net_transfers',
                                             'ict_index', 'influence',
                                             'creativity', 'threat',
                                             'clean_sheets_1',
                                             'expected_goals_conceded_1',
                                             'goals_conceded_1',
                                             'goals_scored_1', 'ict_index_1',
                                             'influence_...
                 TransformerWrapper(transformer=FixImbalancer(estimator=SMOTE(random_state=123)))),
                ('normalize', TransformerWrapper(transformer=StandardScaler())),
                ('feature_selection',
                 TransformerWrapper(exclude=[],
                                    transformer=SelectFromModel(estimator=LGBMClassifier(),
                                                                max_features=14,
                                                                threshold=-inf))),
                ('actual_estimator',
                 RidgeClassifier(alpha=7.68, random_state=123))]), probability_threshold=None, encoded_labels=False, raw_score=False, round=4, verbose=True, ml_usecase=None, preprocess=True, encode_labels=<function _SupervisedExperiment.predict_model.<locals>.encode_labels at 0x000001DBC5F619E0>)
2025-09-09 20:02:46,695:INFO:Checking exceptions
2025-09-09 20:02:46,695:INFO:Preloading libraries
2025-09-09 20:02:46,695:INFO:Set up data.
2025-09-09 20:02:46,737:INFO:Set up index.
2025-09-09 20:02:46,979:WARNING:C:\Users\Ilyas\AppData\Local\Temp\ipykernel_9648\534717350.py:9: SettingWithCopyWarning: 
A value is trying to be set on a copy of a slice from a DataFrame.
Try using .loc[row_indexer,col_indexer] = value instead

See the caveats in the documentation: https://pandas.pydata.org/pandas-docs/stable/user_guide/indexing.html#returning-a-view-versus-a-copy
  data_38_mid['y_preds'] = y_preds_38[['y_preds_trans']]

2025-09-09 20:02:47,358:INFO:Initializing load_model()
2025-09-09 20:02:47,358:INFO:load_model(model_name=../fwd_y_model, platform=None, authentication=None, verbose=True)
2025-09-09 20:02:47,687:WARNING:C:\Users\Ilyas\AppData\Local\Temp\ipykernel_9648\1527568222.py:3: SettingWithCopyWarning: 
A value is trying to be set on a copy of a slice from a DataFrame

See the caveats in the documentation: https://pandas.pydata.org/pandas-docs/stable/user_guide/indexing.html#returning-a-view-versus-a-copy
  data_36_fwd_y.drop(columns=['position', 'yellow_cards'], inplace=True)

2025-09-09 20:02:47,788:INFO:Initializing predict_model()
2025-09-09 20:02:47,791:INFO:predict_model(self=<pycaret.classification.oop.ClassificationExperiment object at 0x000001DBC5F29B10>, estimator=Pipeline(memory=Memory(location=None),
         steps=[('numerical_imputer',
                 TransformerWrapper(include=['whh', 'whd', 'wha',
                                             'team_h_difficulty',
                                             'team_a_difficulty',
                                             'ownership_change',
                                             'percenatge_net_transfers',
                                             'ict_index', 'influence',
                                             'creativity', 'threat',
                                             'clean_sheets_1',
                                             'expected_goals_conceded_1',
                                             'goals_conceded_1',
                                             'goals_scored_1', 'ict_index_1',
                                             'influence_...
                ('normalize', TransformerWrapper(transformer=StandardScaler())),
                ('feature_selection',
                 TransformerWrapper(exclude=[],
                                    transformer=SelectFromModel(estimator=LGBMClassifier(),
                                                                max_features=14,
                                                                threshold=-inf))),
                ('actual_estimator',
                 DecisionTreeClassifier(criterion='entropy', max_depth=6,
                                        max_features=1.0,
                                        min_impurity_decrease=0.002,
                                        min_samples_leaf=5, min_samples_split=5,
                                        random_state=123))]), probability_threshold=None, encoded_labels=False, raw_score=False, round=4, verbose=True, ml_usecase=None, preprocess=True, encode_labels=<function _SupervisedExperiment.predict_model.<locals>.encode_labels at 0x000001DBC5E976A0>)
2025-09-09 20:02:47,791:INFO:Checking exceptions
2025-09-09 20:02:47,791:INFO:Preloading libraries
2025-09-09 20:02:47,791:INFO:Set up data.
2025-09-09 20:02:47,838:INFO:Set up index.
2025-09-09 20:02:48,078:WARNING:C:\Users\Ilyas\AppData\Local\Temp\ipykernel_9648\1527568222.py:9: SettingWithCopyWarning: 
A value is trying to be set on a copy of a slice from a DataFrame.
Try using .loc[row_indexer,col_indexer] = value instead

See the caveats in the documentation: https://pandas.pydata.org/pandas-docs/stable/user_guide/indexing.html#returning-a-view-versus-a-copy
  data_36_fwd['y_preds'] = y_preds_36[['y_preds_trans']]

2025-09-09 20:02:48,454:WARNING:C:\Users\Ilyas\AppData\Local\Temp\ipykernel_9648\1446382472.py:3: SettingWithCopyWarning: 
A value is trying to be set on a copy of a slice from a DataFrame

See the caveats in the documentation: https://pandas.pydata.org/pandas-docs/stable/user_guide/indexing.html#returning-a-view-versus-a-copy
  data_37_fwd_y.drop(columns=['position', 'yellow_cards'], inplace=True)

2025-09-09 20:02:48,517:INFO:Initializing predict_model()
2025-09-09 20:02:48,517:INFO:predict_model(self=<pycaret.classification.oop.ClassificationExperiment object at 0x000001DBC5E62ED0>, estimator=Pipeline(memory=Memory(location=None),
         steps=[('numerical_imputer',
                 TransformerWrapper(include=['whh', 'whd', 'wha',
                                             'team_h_difficulty',
                                             'team_a_difficulty',
                                             'ownership_change',
                                             'percenatge_net_transfers',
                                             'ict_index', 'influence',
                                             'creativity', 'threat',
                                             'clean_sheets_1',
                                             'expected_goals_conceded_1',
                                             'goals_conceded_1',
                                             'goals_scored_1', 'ict_index_1',
                                             'influence_...
                ('normalize', TransformerWrapper(transformer=StandardScaler())),
                ('feature_selection',
                 TransformerWrapper(exclude=[],
                                    transformer=SelectFromModel(estimator=LGBMClassifier(),
                                                                max_features=14,
                                                                threshold=-inf))),
                ('actual_estimator',
                 DecisionTreeClassifier(criterion='entropy', max_depth=6,
                                        max_features=1.0,
                                        min_impurity_decrease=0.002,
                                        min_samples_leaf=5, min_samples_split=5,
                                        random_state=123))]), probability_threshold=None, encoded_labels=False, raw_score=False, round=4, verbose=True, ml_usecase=None, preprocess=True, encode_labels=<function _SupervisedExperiment.predict_model.<locals>.encode_labels at 0x000001DBC5E384A0>)
2025-09-09 20:02:48,517:INFO:Checking exceptions
2025-09-09 20:02:48,517:INFO:Preloading libraries
2025-09-09 20:02:48,517:INFO:Set up data.
2025-09-09 20:02:48,547:INFO:Set up index.
2025-09-09 20:02:48,728:WARNING:C:\Users\Ilyas\AppData\Local\Temp\ipykernel_9648\1446382472.py:9: SettingWithCopyWarning: 
A value is trying to be set on a copy of a slice from a DataFrame.
Try using .loc[row_indexer,col_indexer] = value instead

See the caveats in the documentation: https://pandas.pydata.org/pandas-docs/stable/user_guide/indexing.html#returning-a-view-versus-a-copy
  data_37_fwd['y_preds'] = y_preds_37[['y_preds_trans']]

2025-09-09 20:02:49,013:WARNING:C:\Users\Ilyas\AppData\Local\Temp\ipykernel_9648\2534606343.py:3: SettingWithCopyWarning: 
A value is trying to be set on a copy of a slice from a DataFrame

See the caveats in the documentation: https://pandas.pydata.org/pandas-docs/stable/user_guide/indexing.html#returning-a-view-versus-a-copy
  data_38_fwd_y.drop(columns=['position', 'yellow_cards'], inplace=True)

2025-09-09 20:02:49,077:INFO:Initializing predict_model()
2025-09-09 20:02:49,077:INFO:predict_model(self=<pycaret.classification.oop.ClassificationExperiment object at 0x000001DBC6B6B310>, estimator=Pipeline(memory=Memory(location=None),
         steps=[('numerical_imputer',
                 TransformerWrapper(include=['whh', 'whd', 'wha',
                                             'team_h_difficulty',
                                             'team_a_difficulty',
                                             'ownership_change',
                                             'percenatge_net_transfers',
                                             'ict_index', 'influence',
                                             'creativity', 'threat',
                                             'clean_sheets_1',
                                             'expected_goals_conceded_1',
                                             'goals_conceded_1',
                                             'goals_scored_1', 'ict_index_1',
                                             'influence_...
                ('normalize', TransformerWrapper(transformer=StandardScaler())),
                ('feature_selection',
                 TransformerWrapper(exclude=[],
                                    transformer=SelectFromModel(estimator=LGBMClassifier(),
                                                                max_features=14,
                                                                threshold=-inf))),
                ('actual_estimator',
                 DecisionTreeClassifier(criterion='entropy', max_depth=6,
                                        max_features=1.0,
                                        min_impurity_decrease=0.002,
                                        min_samples_leaf=5, min_samples_split=5,
                                        random_state=123))]), probability_threshold=None, encoded_labels=False, raw_score=False, round=4, verbose=True, ml_usecase=None, preprocess=True, encode_labels=<function _SupervisedExperiment.predict_model.<locals>.encode_labels at 0x000001DBC6BF22A0>)
2025-09-09 20:02:49,077:INFO:Checking exceptions
2025-09-09 20:02:49,077:INFO:Preloading libraries
2025-09-09 20:02:49,077:INFO:Set up data.
2025-09-09 20:02:49,121:INFO:Set up index.
2025-09-09 20:02:49,319:WARNING:C:\Users\Ilyas\AppData\Local\Temp\ipykernel_9648\2534606343.py:9: SettingWithCopyWarning: 
A value is trying to be set on a copy of a slice from a DataFrame.
Try using .loc[row_indexer,col_indexer] = value instead

See the caveats in the documentation: https://pandas.pydata.org/pandas-docs/stable/user_guide/indexing.html#returning-a-view-versus-a-copy
  data_38_fwd['y_preds'] = y_preds_38[['y_preds_trans']]

2025-09-09 20:03:45,434:INFO:Initializing load_model()
2025-09-09 20:03:45,435:INFO:load_model(model_name=../def_xg_final_model, platform=None, authentication=None, verbose=True)
2025-09-09 20:03:45,776:WARNING:C:\Users\Ilyas\AppData\Local\Temp\ipykernel_9648\1766718703.py:2: SettingWithCopyWarning: 
A value is trying to be set on a copy of a slice from a DataFrame

See the caveats in the documentation: https://pandas.pydata.org/pandas-docs/stable/user_guide/indexing.html#returning-a-view-versus-a-copy
  data_36_def_xg.drop(columns=['position', 'xG'], inplace=True)

2025-09-09 20:03:45,851:INFO:Initializing predict_model()
2025-09-09 20:03:45,851:INFO:predict_model(self=<pycaret.regression.oop.RegressionExperiment object at 0x000001DBBF17B2D0>, estimator=Pipeline(memory=Memory(location=None),
         steps=[('numerical_imputer',
                 TransformerWrapper(include=['whh', 'whd', 'wha',
                                             'team_h_difficulty',
                                             'team_a_difficulty',
                                             'percenatge_net_transfers',
                                             'ict_index', 'influence',
                                             'creativity', 'threat',
                                             'expected_assists_1',
                                             'expected_goal_involvements_1',
                                             'expected_goals_1',
                                             'goals_scored_1', 'ict_index_1',
                                             'influence_1', 'creativi...
                                    transformer=SimpleImputer(strategy='most_frequent'))),
                ('remove_multicollinearity',
                 TransformerWrapper(exclude=[],
                                    transformer=RemoveMulticollinearity(threshold=0.9))),
                ('feature_selection',
                 TransformerWrapper(exclude=[],
                                    transformer=SelectFromModel(estimator=LGBMRegressor(),
                                                                max_features=18,
                                                                threshold=-inf))),
                ('actual_estimator',
                 ExtraTreesRegressor(n_jobs=-1, random_state=5079))]), probability_threshold=None, encoded_labels=False, raw_score=False, round=4, verbose=True, ml_usecase=None, preprocess=True, encode_labels=<function _SupervisedExperiment.predict_model.<locals>.encode_labels at 0x000001DBC5F8C680>)
2025-09-09 20:03:45,851:INFO:Checking exceptions
2025-09-09 20:03:45,851:INFO:Preloading libraries
2025-09-09 20:03:45,851:INFO:Set up data.
2025-09-09 20:03:45,925:INFO:Set up index.
2025-09-09 20:03:46,394:WARNING:C:\Users\Ilyas\AppData\Local\Temp\ipykernel_9648\1766718703.py:11: SettingWithCopyWarning: 
A value is trying to be set on a copy of a slice from a DataFrame.
Try using .loc[row_indexer,col_indexer] = value instead

See the caveats in the documentation: https://pandas.pydata.org/pandas-docs/stable/user_guide/indexing.html#returning-a-view-versus-a-copy
  data_36_def['xG_preds'] = predicted

2025-09-09 20:03:47,890:WARNING:C:\Users\Ilyas\AppData\Local\Temp\ipykernel_9648\4034698818.py:3: SettingWithCopyWarning: 
A value is trying to be set on a copy of a slice from a DataFrame

See the caveats in the documentation: https://pandas.pydata.org/pandas-docs/stable/user_guide/indexing.html#returning-a-view-versus-a-copy
  data_37_def_xg.drop(columns=['position', 'xG'], inplace=True)

2025-09-09 20:03:47,935:INFO:Initializing predict_model()
2025-09-09 20:03:47,935:INFO:predict_model(self=<pycaret.regression.oop.RegressionExperiment object at 0x000001DBC5F881D0>, estimator=Pipeline(memory=Memory(location=None),
         steps=[('numerical_imputer',
                 TransformerWrapper(include=['whh', 'whd', 'wha',
                                             'team_h_difficulty',
                                             'team_a_difficulty',
                                             'percenatge_net_transfers',
                                             'ict_index', 'influence',
                                             'creativity', 'threat',
                                             'expected_assists_1',
                                             'expected_goal_involvements_1',
                                             'expected_goals_1',
                                             'goals_scored_1', 'ict_index_1',
                                             'influence_1', 'creativi...
                                    transformer=SimpleImputer(strategy='most_frequent'))),
                ('remove_multicollinearity',
                 TransformerWrapper(exclude=[],
                                    transformer=RemoveMulticollinearity(threshold=0.9))),
                ('feature_selection',
                 TransformerWrapper(exclude=[],
                                    transformer=SelectFromModel(estimator=LGBMRegressor(),
                                                                max_features=18,
                                                                threshold=-inf))),
                ('actual_estimator',
                 ExtraTreesRegressor(n_jobs=-1, random_state=5079))]), probability_threshold=None, encoded_labels=False, raw_score=False, round=4, verbose=True, ml_usecase=None, preprocess=True, encode_labels=<function _SupervisedExperiment.predict_model.<locals>.encode_labels at 0x000001DBC61E7380>)
2025-09-09 20:03:47,935:INFO:Checking exceptions
2025-09-09 20:03:47,935:INFO:Preloading libraries
2025-09-09 20:03:47,935:INFO:Set up data.
2025-09-09 20:03:47,972:INFO:Set up index.
2025-09-09 20:03:48,273:WARNING:C:\Users\Ilyas\AppData\Local\Temp\ipykernel_9648\4034698818.py:12: SettingWithCopyWarning: 
A value is trying to be set on a copy of a slice from a DataFrame.
Try using .loc[row_indexer,col_indexer] = value instead

See the caveats in the documentation: https://pandas.pydata.org/pandas-docs/stable/user_guide/indexing.html#returning-a-view-versus-a-copy
  data_37_def['xG_preds'] = predicted

2025-09-09 20:03:49,834:WARNING:C:\Users\Ilyas\AppData\Local\Temp\ipykernel_9648\1002305843.py:3: SettingWithCopyWarning: 
A value is trying to be set on a copy of a slice from a DataFrame

See the caveats in the documentation: https://pandas.pydata.org/pandas-docs/stable/user_guide/indexing.html#returning-a-view-versus-a-copy
  data_38_def_xg.drop(columns=['position', 'xG'], inplace=True)

2025-09-09 20:03:49,882:INFO:Initializing predict_model()
2025-09-09 20:03:49,882:INFO:predict_model(self=<pycaret.regression.oop.RegressionExperiment object at 0x000001DBBEE185D0>, estimator=Pipeline(memory=Memory(location=None),
         steps=[('numerical_imputer',
                 TransformerWrapper(include=['whh', 'whd', 'wha',
                                             'team_h_difficulty',
                                             'team_a_difficulty',
                                             'percenatge_net_transfers',
                                             'ict_index', 'influence',
                                             'creativity', 'threat',
                                             'expected_assists_1',
                                             'expected_goal_involvements_1',
                                             'expected_goals_1',
                                             'goals_scored_1', 'ict_index_1',
                                             'influence_1', 'creativi...
                                    transformer=SimpleImputer(strategy='most_frequent'))),
                ('remove_multicollinearity',
                 TransformerWrapper(exclude=[],
                                    transformer=RemoveMulticollinearity(threshold=0.9))),
                ('feature_selection',
                 TransformerWrapper(exclude=[],
                                    transformer=SelectFromModel(estimator=LGBMRegressor(),
                                                                max_features=18,
                                                                threshold=-inf))),
                ('actual_estimator',
                 ExtraTreesRegressor(n_jobs=-1, random_state=5079))]), probability_threshold=None, encoded_labels=False, raw_score=False, round=4, verbose=True, ml_usecase=None, preprocess=True, encode_labels=<function _SupervisedExperiment.predict_model.<locals>.encode_labels at 0x000001DBC2170540>)
2025-09-09 20:03:49,882:INFO:Checking exceptions
2025-09-09 20:03:49,882:INFO:Preloading libraries
2025-09-09 20:03:49,884:INFO:Set up data.
2025-09-09 20:03:49,942:INFO:Set up index.
2025-09-09 20:03:50,237:WARNING:C:\Users\Ilyas\AppData\Local\Temp\ipykernel_9648\1002305843.py:12: SettingWithCopyWarning: 
A value is trying to be set on a copy of a slice from a DataFrame.
Try using .loc[row_indexer,col_indexer] = value instead

See the caveats in the documentation: https://pandas.pydata.org/pandas-docs/stable/user_guide/indexing.html#returning-a-view-versus-a-copy
  data_38_def['xG_preds'] = predicted

2025-09-09 20:03:52,469:INFO:Initializing load_model()
2025-09-09 20:03:52,469:INFO:load_model(model_name=../mid_xg_final_model, platform=None, authentication=None, verbose=True)
2025-09-09 20:03:52,907:WARNING:C:\Users\Ilyas\AppData\Local\Temp\ipykernel_9648\1569287174.py:2: SettingWithCopyWarning: 
A value is trying to be set on a copy of a slice from a DataFrame

See the caveats in the documentation: https://pandas.pydata.org/pandas-docs/stable/user_guide/indexing.html#returning-a-view-versus-a-copy
  data_36_mid_xg.drop(columns=['position', 'xG'], inplace=True)

2025-09-09 20:03:52,982:INFO:Initializing predict_model()
2025-09-09 20:03:52,982:INFO:predict_model(self=<pycaret.regression.oop.RegressionExperiment object at 0x000001DBC5F92390>, estimator=Pipeline(memory=Memory(location=None),
         steps=[('numerical_imputer',
                 TransformerWrapper(include=['whh', 'whd', 'wha',
                                             'team_h_difficulty',
                                             'team_a_difficulty',
                                             'percenatge_net_transfers',
                                             'ict_index', 'influence',
                                             'creativity', 'threat',
                                             'expected_assists_1',
                                             'expected_goal_involvements_1',
                                             'expected_goals_1',
                                             'goals_scored_1', 'ict_index_1',
                                             'influence_1', 'creativi...
                                    transformer=SimpleImputer(strategy='most_frequent'))),
                ('remove_multicollinearity',
                 TransformerWrapper(exclude=[],
                                    transformer=RemoveMulticollinearity(threshold=0.9))),
                ('feature_selection',
                 TransformerWrapper(exclude=[],
                                    transformer=SelectFromModel(estimator=LGBMRegressor(),
                                                                max_features=18,
                                                                threshold=-inf))),
                ('actual_estimator',
                 RandomForestRegressor(n_jobs=-1, random_state=3306))]), probability_threshold=None, encoded_labels=False, raw_score=False, round=4, verbose=True, ml_usecase=None, preprocess=True, encode_labels=<function _SupervisedExperiment.predict_model.<locals>.encode_labels at 0x000001DBC61E7CE0>)
2025-09-09 20:03:52,982:INFO:Checking exceptions
2025-09-09 20:03:52,982:INFO:Preloading libraries
2025-09-09 20:03:52,982:INFO:Set up data.
2025-09-09 20:03:53,051:INFO:Set up index.
2025-09-09 20:03:53,369:WARNING:C:\Users\Ilyas\AppData\Local\Temp\ipykernel_9648\1569287174.py:11: SettingWithCopyWarning: 
A value is trying to be set on a copy of a slice from a DataFrame.
Try using .loc[row_indexer,col_indexer] = value instead

See the caveats in the documentation: https://pandas.pydata.org/pandas-docs/stable/user_guide/indexing.html#returning-a-view-versus-a-copy
  data_36_mid['xG_preds'] = predicted

2025-09-09 20:03:54,728:WARNING:C:\Users\Ilyas\AppData\Local\Temp\ipykernel_9648\1460296985.py:3: SettingWithCopyWarning: 
A value is trying to be set on a copy of a slice from a DataFrame

See the caveats in the documentation: https://pandas.pydata.org/pandas-docs/stable/user_guide/indexing.html#returning-a-view-versus-a-copy
  data_37_mid_xg.drop(columns=['position', 'xG'], inplace=True)

2025-09-09 20:03:54,751:INFO:Initializing predict_model()
2025-09-09 20:03:54,751:INFO:predict_model(self=<pycaret.regression.oop.RegressionExperiment object at 0x000001DBBF04B550>, estimator=Pipeline(memory=Memory(location=None),
         steps=[('numerical_imputer',
                 TransformerWrapper(include=['whh', 'whd', 'wha',
                                             'team_h_difficulty',
                                             'team_a_difficulty',
                                             'percenatge_net_transfers',
                                             'ict_index', 'influence',
                                             'creativity', 'threat',
                                             'expected_assists_1',
                                             'expected_goal_involvements_1',
                                             'expected_goals_1',
                                             'goals_scored_1', 'ict_index_1',
                                             'influence_1', 'creativi...
                                    transformer=SimpleImputer(strategy='most_frequent'))),
                ('remove_multicollinearity',
                 TransformerWrapper(exclude=[],
                                    transformer=RemoveMulticollinearity(threshold=0.9))),
                ('feature_selection',
                 TransformerWrapper(exclude=[],
                                    transformer=SelectFromModel(estimator=LGBMRegressor(),
                                                                max_features=18,
                                                                threshold=-inf))),
                ('actual_estimator',
                 RandomForestRegressor(n_jobs=-1, random_state=3306))]), probability_threshold=None, encoded_labels=False, raw_score=False, round=4, verbose=True, ml_usecase=None, preprocess=True, encode_labels=<function _SupervisedExperiment.predict_model.<locals>.encode_labels at 0x000001DBC7037560>)
2025-09-09 20:03:54,751:INFO:Checking exceptions
2025-09-09 20:03:54,751:INFO:Preloading libraries
2025-09-09 20:03:54,751:INFO:Set up data.
2025-09-09 20:03:54,780:INFO:Set up index.
2025-09-09 20:03:55,001:WARNING:C:\Users\Ilyas\AppData\Local\Temp\ipykernel_9648\1460296985.py:12: SettingWithCopyWarning: 
A value is trying to be set on a copy of a slice from a DataFrame.
Try using .loc[row_indexer,col_indexer] = value instead

See the caveats in the documentation: https://pandas.pydata.org/pandas-docs/stable/user_guide/indexing.html#returning-a-view-versus-a-copy
  data_37_mid['xG_preds'] = predicted

2025-09-09 20:03:56,381:WARNING:C:\Users\Ilyas\AppData\Local\Temp\ipykernel_9648\1710043576.py:3: SettingWithCopyWarning: 
A value is trying to be set on a copy of a slice from a DataFrame

See the caveats in the documentation: https://pandas.pydata.org/pandas-docs/stable/user_guide/indexing.html#returning-a-view-versus-a-copy
  data_38_mid_xg.drop(columns=['position', 'xG'], inplace=True)

2025-09-09 20:03:56,420:INFO:Initializing predict_model()
2025-09-09 20:03:56,420:INFO:predict_model(self=<pycaret.regression.oop.RegressionExperiment object at 0x000001DBC5E84190>, estimator=Pipeline(memory=Memory(location=None),
         steps=[('numerical_imputer',
                 TransformerWrapper(include=['whh', 'whd', 'wha',
                                             'team_h_difficulty',
                                             'team_a_difficulty',
                                             'percenatge_net_transfers',
                                             'ict_index', 'influence',
                                             'creativity', 'threat',
                                             'expected_assists_1',
                                             'expected_goal_involvements_1',
                                             'expected_goals_1',
                                             'goals_scored_1', 'ict_index_1',
                                             'influence_1', 'creativi...
                                    transformer=SimpleImputer(strategy='most_frequent'))),
                ('remove_multicollinearity',
                 TransformerWrapper(exclude=[],
                                    transformer=RemoveMulticollinearity(threshold=0.9))),
                ('feature_selection',
                 TransformerWrapper(exclude=[],
                                    transformer=SelectFromModel(estimator=LGBMRegressor(),
                                                                max_features=18,
                                                                threshold=-inf))),
                ('actual_estimator',
                 RandomForestRegressor(n_jobs=-1, random_state=3306))]), probability_threshold=None, encoded_labels=False, raw_score=False, round=4, verbose=True, ml_usecase=None, preprocess=True, encode_labels=<function _SupervisedExperiment.predict_model.<locals>.encode_labels at 0x000001DBC2171580>)
2025-09-09 20:03:56,420:INFO:Checking exceptions
2025-09-09 20:03:56,420:INFO:Preloading libraries
2025-09-09 20:03:56,420:INFO:Set up data.
2025-09-09 20:03:56,450:INFO:Set up index.
2025-09-09 20:03:56,681:WARNING:C:\Users\Ilyas\AppData\Local\Temp\ipykernel_9648\1710043576.py:12: SettingWithCopyWarning: 
A value is trying to be set on a copy of a slice from a DataFrame.
Try using .loc[row_indexer,col_indexer] = value instead

See the caveats in the documentation: https://pandas.pydata.org/pandas-docs/stable/user_guide/indexing.html#returning-a-view-versus-a-copy
  data_38_mid['xG_preds'] = predicted

2025-09-09 20:03:57,842:INFO:Initializing load_model()
2025-09-09 20:03:57,842:INFO:load_model(model_name=../fwd_xg_final_model, platform=None, authentication=None, verbose=True)
2025-09-09 20:03:57,896:WARNING:C:\Users\Ilyas\AppData\Local\Temp\ipykernel_9648\1861646744.py:3: SettingWithCopyWarning: 
A value is trying to be set on a copy of a slice from a DataFrame

See the caveats in the documentation: https://pandas.pydata.org/pandas-docs/stable/user_guide/indexing.html#returning-a-view-versus-a-copy
  data_36_fwd_xg.drop(columns=['position', 'xG'], inplace=True)

2025-09-09 20:03:57,956:INFO:Initializing predict_model()
2025-09-09 20:03:57,956:INFO:predict_model(self=<pycaret.regression.oop.RegressionExperiment object at 0x000001DBC5FF0F50>, estimator=Pipeline(memory=Memory(location=None),
         steps=[('numerical_imputer',
                 TransformerWrapper(include=['whh', 'whd', 'wha',
                                             'team_h_difficulty',
                                             'team_a_difficulty',
                                             'percenatge_net_transfers',
                                             'ict_index', 'influence',
                                             'creativity', 'threat',
                                             'expected_assists_1',
                                             'expected_goal_involvements_1',
                                             'expected_goals_1',
                                             'goals_scored_1', 'ict_index_1',
                                             'influence_1', 'creativi...
                                    transformer=SimpleImputer(strategy='most_frequent'))),
                ('remove_multicollinearity',
                 TransformerWrapper(exclude=[],
                                    transformer=RemoveMulticollinearity(threshold=0.9))),
                ('feature_selection',
                 TransformerWrapper(exclude=[],
                                    transformer=SelectFromModel(estimator=LGBMRegressor(),
                                                                max_features=18,
                                                                threshold=-inf))),
                ('actual_estimator',
                 GradientBoostingRegressor(random_state=2255))]), probability_threshold=None, encoded_labels=False, raw_score=False, round=4, verbose=True, ml_usecase=None, preprocess=True, encode_labels=<function _SupervisedExperiment.predict_model.<locals>.encode_labels at 0x000001DBC7036D40>)
2025-09-09 20:03:57,961:INFO:Checking exceptions
2025-09-09 20:03:57,961:INFO:Preloading libraries
2025-09-09 20:03:57,962:INFO:Set up data.
2025-09-09 20:03:57,994:INFO:Set up index.
2025-09-09 20:03:58,189:WARNING:C:\Users\Ilyas\AppData\Local\Temp\ipykernel_9648\1861646744.py:12: SettingWithCopyWarning: 
A value is trying to be set on a copy of a slice from a DataFrame.
Try using .loc[row_indexer,col_indexer] = value instead

See the caveats in the documentation: https://pandas.pydata.org/pandas-docs/stable/user_guide/indexing.html#returning-a-view-versus-a-copy
  data_36_fwd['xG_preds'] = predicted

2025-09-09 20:03:58,697:WARNING:C:\Users\Ilyas\AppData\Local\Temp\ipykernel_9648\2257107111.py:3: SettingWithCopyWarning: 
A value is trying to be set on a copy of a slice from a DataFrame

See the caveats in the documentation: https://pandas.pydata.org/pandas-docs/stable/user_guide/indexing.html#returning-a-view-versus-a-copy
  data_37_fwd_xg.drop(columns=['position', 'xG'], inplace=True)

2025-09-09 20:03:58,728:INFO:Initializing predict_model()
2025-09-09 20:03:58,728:INFO:predict_model(self=<pycaret.regression.oop.RegressionExperiment object at 0x000001DBBDB68390>, estimator=Pipeline(memory=Memory(location=None),
         steps=[('numerical_imputer',
                 TransformerWrapper(include=['whh', 'whd', 'wha',
                                             'team_h_difficulty',
                                             'team_a_difficulty',
                                             'percenatge_net_transfers',
                                             'ict_index', 'influence',
                                             'creativity', 'threat',
                                             'expected_assists_1',
                                             'expected_goal_involvements_1',
                                             'expected_goals_1',
                                             'goals_scored_1', 'ict_index_1',
                                             'influence_1', 'creativi...
                                    transformer=SimpleImputer(strategy='most_frequent'))),
                ('remove_multicollinearity',
                 TransformerWrapper(exclude=[],
                                    transformer=RemoveMulticollinearity(threshold=0.9))),
                ('feature_selection',
                 TransformerWrapper(exclude=[],
                                    transformer=SelectFromModel(estimator=LGBMRegressor(),
                                                                max_features=18,
                                                                threshold=-inf))),
                ('actual_estimator',
                 GradientBoostingRegressor(random_state=2255))]), probability_threshold=None, encoded_labels=False, raw_score=False, round=4, verbose=True, ml_usecase=None, preprocess=True, encode_labels=<function _SupervisedExperiment.predict_model.<locals>.encode_labels at 0x000001DBC6C9DA80>)
2025-09-09 20:03:58,728:INFO:Checking exceptions
2025-09-09 20:03:58,728:INFO:Preloading libraries
2025-09-09 20:03:58,728:INFO:Set up data.
2025-09-09 20:03:58,747:INFO:Set up index.
2025-09-09 20:03:58,908:WARNING:C:\Users\Ilyas\AppData\Local\Temp\ipykernel_9648\2257107111.py:12: SettingWithCopyWarning: 
A value is trying to be set on a copy of a slice from a DataFrame.
Try using .loc[row_indexer,col_indexer] = value instead

See the caveats in the documentation: https://pandas.pydata.org/pandas-docs/stable/user_guide/indexing.html#returning-a-view-versus-a-copy
  data_37_fwd['xG_preds'] = predicted

2025-09-09 20:03:59,387:WARNING:C:\Users\Ilyas\AppData\Local\Temp\ipykernel_9648\1391899560.py:3: SettingWithCopyWarning: 
A value is trying to be set on a copy of a slice from a DataFrame

See the caveats in the documentation: https://pandas.pydata.org/pandas-docs/stable/user_guide/indexing.html#returning-a-view-versus-a-copy
  data_38_fwd_xg.drop(columns=['position', 'xG'], inplace=True)

2025-09-09 20:03:59,430:INFO:Initializing predict_model()
2025-09-09 20:03:59,430:INFO:predict_model(self=<pycaret.regression.oop.RegressionExperiment object at 0x000001DBC70248D0>, estimator=Pipeline(memory=Memory(location=None),
         steps=[('numerical_imputer',
                 TransformerWrapper(include=['whh', 'whd', 'wha',
                                             'team_h_difficulty',
                                             'team_a_difficulty',
                                             'percenatge_net_transfers',
                                             'ict_index', 'influence',
                                             'creativity', 'threat',
                                             'expected_assists_1',
                                             'expected_goal_involvements_1',
                                             'expected_goals_1',
                                             'goals_scored_1', 'ict_index_1',
                                             'influence_1', 'creativi...
                                    transformer=SimpleImputer(strategy='most_frequent'))),
                ('remove_multicollinearity',
                 TransformerWrapper(exclude=[],
                                    transformer=RemoveMulticollinearity(threshold=0.9))),
                ('feature_selection',
                 TransformerWrapper(exclude=[],
                                    transformer=SelectFromModel(estimator=LGBMRegressor(),
                                                                max_features=18,
                                                                threshold=-inf))),
                ('actual_estimator',
                 GradientBoostingRegressor(random_state=2255))]), probability_threshold=None, encoded_labels=False, raw_score=False, round=4, verbose=True, ml_usecase=None, preprocess=True, encode_labels=<function _SupervisedExperiment.predict_model.<locals>.encode_labels at 0x000001DBC70105E0>)
2025-09-09 20:03:59,430:INFO:Checking exceptions
2025-09-09 20:03:59,430:INFO:Preloading libraries
2025-09-09 20:03:59,431:INFO:Set up data.
2025-09-09 20:03:59,456:INFO:Set up index.
2025-09-09 20:03:59,594:WARNING:C:\Users\Ilyas\AppData\Local\Temp\ipykernel_9648\1391899560.py:12: SettingWithCopyWarning: 
A value is trying to be set on a copy of a slice from a DataFrame.
Try using .loc[row_indexer,col_indexer] = value instead

See the caveats in the documentation: https://pandas.pydata.org/pandas-docs/stable/user_guide/indexing.html#returning-a-view-versus-a-copy
  data_38_fwd['xG_preds'] = predicted

2025-09-09 20:04:00,297:INFO:Initializing load_model()
2025-09-09 20:04:00,297:INFO:load_model(model_name=../def_xa_final_model, platform=None, authentication=None, verbose=True)
2025-09-09 20:04:00,472:WARNING:C:\Users\Ilyas\AppData\Local\Temp\ipykernel_9648\1286060865.py:2: SettingWithCopyWarning: 
A value is trying to be set on a copy of a slice from a DataFrame

See the caveats in the documentation: https://pandas.pydata.org/pandas-docs/stable/user_guide/indexing.html#returning-a-view-versus-a-copy
  data_36_def_xa.drop(columns=['position', 'xA'], inplace=True)

2025-09-09 20:04:00,503:INFO:Initializing predict_model()
2025-09-09 20:04:00,503:INFO:predict_model(self=<pycaret.regression.oop.RegressionExperiment object at 0x000001DBBDAA7210>, estimator=Pipeline(memory=Memory(location=None),
         steps=[('numerical_imputer',
                 TransformerWrapper(include=['whh', 'whd', 'wha',
                                             'team_h_difficulty',
                                             'team_a_difficulty',
                                             'percenatge_net_transfers',
                                             'ict_index', 'influence',
                                             'creativity', 'threat', 'starts',
                                             'expected_assists_1',
                                             'expected_goal_involvements_1',
                                             'ict_index_1', 'influence_1',
                                             'creativity_1', 'threat_1',
                                             'minutes_1...
                                    transformer=SimpleImputer(strategy='most_frequent'))),
                ('remove_multicollinearity',
                 TransformerWrapper(exclude=[],
                                    transformer=RemoveMulticollinearity(threshold=0.9))),
                ('feature_selection',
                 TransformerWrapper(exclude=[],
                                    transformer=SelectFromModel(estimator=LGBMRegressor(),
                                                                max_features=15,
                                                                threshold=-inf))),
                ('actual_estimator',
                 RandomForestRegressor(n_jobs=-1, random_state=812))]), probability_threshold=None, encoded_labels=False, raw_score=False, round=4, verbose=True, ml_usecase=None, preprocess=True, encode_labels=<function _SupervisedExperiment.predict_model.<locals>.encode_labels at 0x000001DBC6C9F1A0>)
2025-09-09 20:04:00,503:INFO:Checking exceptions
2025-09-09 20:04:00,503:INFO:Preloading libraries
2025-09-09 20:04:00,503:INFO:Set up data.
2025-09-09 20:04:00,529:INFO:Set up index.
2025-09-09 20:04:00,878:WARNING:C:\Users\Ilyas\AppData\Local\Temp\ipykernel_9648\1286060865.py:11: SettingWithCopyWarning: 
A value is trying to be set on a copy of a slice from a DataFrame.
Try using .loc[row_indexer,col_indexer] = value instead

See the caveats in the documentation: https://pandas.pydata.org/pandas-docs/stable/user_guide/indexing.html#returning-a-view-versus-a-copy
  data_36_def['xA_preds'] = predicted

2025-09-09 20:04:02,015:WARNING:C:\Users\Ilyas\AppData\Local\Temp\ipykernel_9648\2235968509.py:3: SettingWithCopyWarning: 
A value is trying to be set on a copy of a slice from a DataFrame

See the caveats in the documentation: https://pandas.pydata.org/pandas-docs/stable/user_guide/indexing.html#returning-a-view-versus-a-copy
  data_37_def_xa.drop(columns=['position', 'xA'], inplace=True)

2025-09-09 20:04:02,092:INFO:Initializing predict_model()
2025-09-09 20:04:02,092:INFO:predict_model(self=<pycaret.regression.oop.RegressionExperiment object at 0x000001DBC7077310>, estimator=Pipeline(memory=Memory(location=None),
         steps=[('numerical_imputer',
                 TransformerWrapper(include=['whh', 'whd', 'wha',
                                             'team_h_difficulty',
                                             'team_a_difficulty',
                                             'percenatge_net_transfers',
                                             'ict_index', 'influence',
                                             'creativity', 'threat', 'starts',
                                             'expected_assists_1',
                                             'expected_goal_involvements_1',
                                             'ict_index_1', 'influence_1',
                                             'creativity_1', 'threat_1',
                                             'minutes_1...
                                    transformer=SimpleImputer(strategy='most_frequent'))),
                ('remove_multicollinearity',
                 TransformerWrapper(exclude=[],
                                    transformer=RemoveMulticollinearity(threshold=0.9))),
                ('feature_selection',
                 TransformerWrapper(exclude=[],
                                    transformer=SelectFromModel(estimator=LGBMRegressor(),
                                                                max_features=15,
                                                                threshold=-inf))),
                ('actual_estimator',
                 RandomForestRegressor(n_jobs=-1, random_state=812))]), probability_threshold=None, encoded_labels=False, raw_score=False, round=4, verbose=True, ml_usecase=None, preprocess=True, encode_labels=<function _SupervisedExperiment.predict_model.<locals>.encode_labels at 0x000001DBC5E2E160>)
2025-09-09 20:04:02,092:INFO:Checking exceptions
2025-09-09 20:04:02,092:INFO:Preloading libraries
2025-09-09 20:04:02,092:INFO:Set up data.
2025-09-09 20:04:02,176:INFO:Set up index.
2025-09-09 20:04:02,493:WARNING:C:\Users\Ilyas\AppData\Local\Temp\ipykernel_9648\2235968509.py:12: SettingWithCopyWarning: 
A value is trying to be set on a copy of a slice from a DataFrame.
Try using .loc[row_indexer,col_indexer] = value instead

See the caveats in the documentation: https://pandas.pydata.org/pandas-docs/stable/user_guide/indexing.html#returning-a-view-versus-a-copy
  data_37_def['xA_preds'] = predicted

2025-09-09 20:04:03,639:WARNING:C:\Users\Ilyas\AppData\Local\Temp\ipykernel_9648\1502491043.py:3: SettingWithCopyWarning: 
A value is trying to be set on a copy of a slice from a DataFrame

See the caveats in the documentation: https://pandas.pydata.org/pandas-docs/stable/user_guide/indexing.html#returning-a-view-versus-a-copy
  data_38_def_xa.drop(columns=['position', 'xA'], inplace=True)

2025-09-09 20:04:03,684:INFO:Initializing predict_model()
2025-09-09 20:04:03,684:INFO:predict_model(self=<pycaret.regression.oop.RegressionExperiment object at 0x000001DBB2A27110>, estimator=Pipeline(memory=Memory(location=None),
         steps=[('numerical_imputer',
                 TransformerWrapper(include=['whh', 'whd', 'wha',
                                             'team_h_difficulty',
                                             'team_a_difficulty',
                                             'percenatge_net_transfers',
                                             'ict_index', 'influence',
                                             'creativity', 'threat', 'starts',
                                             'expected_assists_1',
                                             'expected_goal_involvements_1',
                                             'ict_index_1', 'influence_1',
                                             'creativity_1', 'threat_1',
                                             'minutes_1...
                                    transformer=SimpleImputer(strategy='most_frequent'))),
                ('remove_multicollinearity',
                 TransformerWrapper(exclude=[],
                                    transformer=RemoveMulticollinearity(threshold=0.9))),
                ('feature_selection',
                 TransformerWrapper(exclude=[],
                                    transformer=SelectFromModel(estimator=LGBMRegressor(),
                                                                max_features=15,
                                                                threshold=-inf))),
                ('actual_estimator',
                 RandomForestRegressor(n_jobs=-1, random_state=812))]), probability_threshold=None, encoded_labels=False, raw_score=False, round=4, verbose=True, ml_usecase=None, preprocess=True, encode_labels=<function _SupervisedExperiment.predict_model.<locals>.encode_labels at 0x000001DBC7034720>)
2025-09-09 20:04:03,687:INFO:Checking exceptions
2025-09-09 20:04:03,687:INFO:Preloading libraries
2025-09-09 20:04:03,687:INFO:Set up data.
2025-09-09 20:04:03,717:INFO:Set up index.
2025-09-09 20:04:03,976:WARNING:C:\Users\Ilyas\AppData\Local\Temp\ipykernel_9648\1502491043.py:12: SettingWithCopyWarning: 
A value is trying to be set on a copy of a slice from a DataFrame.
Try using .loc[row_indexer,col_indexer] = value instead

See the caveats in the documentation: https://pandas.pydata.org/pandas-docs/stable/user_guide/indexing.html#returning-a-view-versus-a-copy
  data_38_def['xA_preds'] = predicted

2025-09-09 20:04:05,175:INFO:Initializing load_model()
2025-09-09 20:04:05,175:INFO:load_model(model_name=../mid_xa_final_model, platform=None, authentication=None, verbose=True)
2025-09-09 20:04:05,512:WARNING:C:\Users\Ilyas\AppData\Local\Temp\ipykernel_9648\2404194884.py:3: SettingWithCopyWarning: 
A value is trying to be set on a copy of a slice from a DataFrame

See the caveats in the documentation: https://pandas.pydata.org/pandas-docs/stable/user_guide/indexing.html#returning-a-view-versus-a-copy
  data_36_mid_xa.drop(columns=['position', 'xA'], inplace=True)

2025-09-09 20:04:05,558:INFO:Initializing predict_model()
2025-09-09 20:04:05,558:INFO:predict_model(self=<pycaret.regression.oop.RegressionExperiment object at 0x000001DBC219B610>, estimator=Pipeline(memory=Memory(location=None),
         steps=[('numerical_imputer',
                 TransformerWrapper(include=['whh', 'whd', 'wha',
                                             'team_h_difficulty',
                                             'team_a_difficulty',
                                             'percenatge_net_transfers',
                                             'ict_index', 'influence',
                                             'creativity', 'threat', 'starts',
                                             'expected_assists_1',
                                             'expected_goal_involvements_1',
                                             'ict_index_1', 'influence_1',
                                             'creativity_1', 'threat_1',
                                             'minutes_1...
                                    transformer=SimpleImputer(strategy='most_frequent'))),
                ('remove_multicollinearity',
                 TransformerWrapper(exclude=[],
                                    transformer=RemoveMulticollinearity(threshold=0.9))),
                ('feature_selection',
                 TransformerWrapper(exclude=[],
                                    transformer=SelectFromModel(estimator=LGBMRegressor(),
                                                                max_features=15,
                                                                threshold=-inf))),
                ('actual_estimator',
                 RandomForestRegressor(n_jobs=-1, random_state=2810))]), probability_threshold=None, encoded_labels=False, raw_score=False, round=4, verbose=True, ml_usecase=None, preprocess=True, encode_labels=<function _SupervisedExperiment.predict_model.<locals>.encode_labels at 0x000001DBBFF44680>)
2025-09-09 20:04:05,558:INFO:Checking exceptions
2025-09-09 20:04:05,558:INFO:Preloading libraries
2025-09-09 20:04:05,558:INFO:Set up data.
2025-09-09 20:04:05,592:INFO:Set up index.
2025-09-09 20:04:05,843:WARNING:C:\Users\Ilyas\AppData\Local\Temp\ipykernel_9648\2404194884.py:12: SettingWithCopyWarning: 
A value is trying to be set on a copy of a slice from a DataFrame.
Try using .loc[row_indexer,col_indexer] = value instead

See the caveats in the documentation: https://pandas.pydata.org/pandas-docs/stable/user_guide/indexing.html#returning-a-view-versus-a-copy
  data_36_mid['xA_preds'] = predicted

2025-09-09 20:04:07,374:WARNING:C:\Users\Ilyas\AppData\Local\Temp\ipykernel_9648\353010864.py:3: SettingWithCopyWarning: 
A value is trying to be set on a copy of a slice from a DataFrame

See the caveats in the documentation: https://pandas.pydata.org/pandas-docs/stable/user_guide/indexing.html#returning-a-view-versus-a-copy
  data_37_mid_xa.drop(columns=['position', 'xA'], inplace=True)

2025-09-09 20:04:07,512:INFO:Initializing predict_model()
2025-09-09 20:04:07,512:INFO:predict_model(self=<pycaret.regression.oop.RegressionExperiment object at 0x000001DBC5FFA990>, estimator=Pipeline(memory=Memory(location=None),
         steps=[('numerical_imputer',
                 TransformerWrapper(include=['whh', 'whd', 'wha',
                                             'team_h_difficulty',
                                             'team_a_difficulty',
                                             'percenatge_net_transfers',
                                             'ict_index', 'influence',
                                             'creativity', 'threat', 'starts',
                                             'expected_assists_1',
                                             'expected_goal_involvements_1',
                                             'ict_index_1', 'influence_1',
                                             'creativity_1', 'threat_1',
                                             'minutes_1...
                                    transformer=SimpleImputer(strategy='most_frequent'))),
                ('remove_multicollinearity',
                 TransformerWrapper(exclude=[],
                                    transformer=RemoveMulticollinearity(threshold=0.9))),
                ('feature_selection',
                 TransformerWrapper(exclude=[],
                                    transformer=SelectFromModel(estimator=LGBMRegressor(),
                                                                max_features=15,
                                                                threshold=-inf))),
                ('actual_estimator',
                 RandomForestRegressor(n_jobs=-1, random_state=2810))]), probability_threshold=None, encoded_labels=False, raw_score=False, round=4, verbose=True, ml_usecase=None, preprocess=True, encode_labels=<function _SupervisedExperiment.predict_model.<locals>.encode_labels at 0x000001DBC70379C0>)
2025-09-09 20:04:07,512:INFO:Checking exceptions
2025-09-09 20:04:07,512:INFO:Preloading libraries
2025-09-09 20:04:07,512:INFO:Set up data.
2025-09-09 20:04:07,591:INFO:Set up index.
2025-09-09 20:04:07,874:WARNING:C:\Users\Ilyas\AppData\Local\Temp\ipykernel_9648\353010864.py:12: SettingWithCopyWarning: 
A value is trying to be set on a copy of a slice from a DataFrame.
Try using .loc[row_indexer,col_indexer] = value instead

See the caveats in the documentation: https://pandas.pydata.org/pandas-docs/stable/user_guide/indexing.html#returning-a-view-versus-a-copy
  data_37_mid['xA_preds'] = predicted

2025-09-09 20:04:09,216:WARNING:C:\Users\Ilyas\AppData\Local\Temp\ipykernel_9648\2601050171.py:3: SettingWithCopyWarning: 
A value is trying to be set on a copy of a slice from a DataFrame

See the caveats in the documentation: https://pandas.pydata.org/pandas-docs/stable/user_guide/indexing.html#returning-a-view-versus-a-copy
  data_38_mid_xa.drop(columns=['position', 'xA'], inplace=True)

2025-09-09 20:04:09,248:INFO:Initializing predict_model()
2025-09-09 20:04:09,248:INFO:predict_model(self=<pycaret.regression.oop.RegressionExperiment object at 0x000001DBC601FF90>, estimator=Pipeline(memory=Memory(location=None),
         steps=[('numerical_imputer',
                 TransformerWrapper(include=['whh', 'whd', 'wha',
                                             'team_h_difficulty',
                                             'team_a_difficulty',
                                             'percenatge_net_transfers',
                                             'ict_index', 'influence',
                                             'creativity', 'threat', 'starts',
                                             'expected_assists_1',
                                             'expected_goal_involvements_1',
                                             'ict_index_1', 'influence_1',
                                             'creativity_1', 'threat_1',
                                             'minutes_1...
                                    transformer=SimpleImputer(strategy='most_frequent'))),
                ('remove_multicollinearity',
                 TransformerWrapper(exclude=[],
                                    transformer=RemoveMulticollinearity(threshold=0.9))),
                ('feature_selection',
                 TransformerWrapper(exclude=[],
                                    transformer=SelectFromModel(estimator=LGBMRegressor(),
                                                                max_features=15,
                                                                threshold=-inf))),
                ('actual_estimator',
                 RandomForestRegressor(n_jobs=-1, random_state=2810))]), probability_threshold=None, encoded_labels=False, raw_score=False, round=4, verbose=True, ml_usecase=None, preprocess=True, encode_labels=<function _SupervisedExperiment.predict_model.<locals>.encode_labels at 0x000001DBC5E2E840>)
2025-09-09 20:04:09,248:INFO:Checking exceptions
2025-09-09 20:04:09,248:INFO:Preloading libraries
2025-09-09 20:04:09,248:INFO:Set up data.
2025-09-09 20:04:09,274:INFO:Set up index.
2025-09-09 20:04:09,475:WARNING:C:\Users\Ilyas\AppData\Local\Temp\ipykernel_9648\2601050171.py:12: SettingWithCopyWarning: 
A value is trying to be set on a copy of a slice from a DataFrame.
Try using .loc[row_indexer,col_indexer] = value instead

See the caveats in the documentation: https://pandas.pydata.org/pandas-docs/stable/user_guide/indexing.html#returning-a-view-versus-a-copy
  data_38_mid['xA_preds'] = predicted

2025-09-09 20:04:10,675:INFO:Initializing load_model()
2025-09-09 20:04:10,675:INFO:load_model(model_name=../fwd_xa_final_model, platform=None, authentication=None, verbose=True)
2025-09-09 20:04:10,839:WARNING:C:\Users\Ilyas\AppData\Local\Temp\ipykernel_9648\1637177864.py:3: SettingWithCopyWarning: 
A value is trying to be set on a copy of a slice from a DataFrame

See the caveats in the documentation: https://pandas.pydata.org/pandas-docs/stable/user_guide/indexing.html#returning-a-view-versus-a-copy
  data_36_fwd_xa.drop(columns=['position', 'xA'], inplace=True)

2025-09-09 20:04:10,874:INFO:Initializing predict_model()
2025-09-09 20:04:10,874:INFO:predict_model(self=<pycaret.regression.oop.RegressionExperiment object at 0x000001DBC6A53CD0>, estimator=Pipeline(memory=Memory(location=None),
         steps=[('numerical_imputer',
                 TransformerWrapper(include=['whh', 'whd', 'wha',
                                             'team_h_difficulty',
                                             'team_a_difficulty',
                                             'percenatge_net_transfers',
                                             'ict_index', 'influence',
                                             'creativity', 'threat', 'starts',
                                             'expected_assists_1',
                                             'expected_goal_involvements_1',
                                             'ict_index_1', 'influence_1',
                                             'creativity_1', 'threat_1',
                                             'minutes_1...
                                    transformer=SimpleImputer(strategy='most_frequent'))),
                ('remove_multicollinearity',
                 TransformerWrapper(exclude=[],
                                    transformer=RemoveMulticollinearity(threshold=0.9))),
                ('feature_selection',
                 TransformerWrapper(exclude=[],
                                    transformer=SelectFromModel(estimator=LGBMRegressor(),
                                                                max_features=15,
                                                                threshold=-inf))),
                ('actual_estimator',
                 RandomForestRegressor(n_jobs=-1, random_state=2566))]), probability_threshold=None, encoded_labels=False, raw_score=False, round=4, verbose=True, ml_usecase=None, preprocess=True, encode_labels=<function _SupervisedExperiment.predict_model.<locals>.encode_labels at 0x000001DBC7037CE0>)
2025-09-09 20:04:10,874:INFO:Checking exceptions
2025-09-09 20:04:10,874:INFO:Preloading libraries
2025-09-09 20:04:10,876:INFO:Set up data.
2025-09-09 20:04:10,901:INFO:Set up index.
2025-09-09 20:04:11,186:WARNING:C:\Users\Ilyas\AppData\Local\Temp\ipykernel_9648\1637177864.py:12: SettingWithCopyWarning: 
A value is trying to be set on a copy of a slice from a DataFrame.
Try using .loc[row_indexer,col_indexer] = value instead

See the caveats in the documentation: https://pandas.pydata.org/pandas-docs/stable/user_guide/indexing.html#returning-a-view-versus-a-copy
  data_36_fwd['xA_preds'] = predicted

2025-09-09 20:04:11,739:WARNING:C:\Users\Ilyas\AppData\Local\Temp\ipykernel_9648\1382519671.py:3: SettingWithCopyWarning: 
A value is trying to be set on a copy of a slice from a DataFrame

See the caveats in the documentation: https://pandas.pydata.org/pandas-docs/stable/user_guide/indexing.html#returning-a-view-versus-a-copy
  data_37_fwd_xa.drop(columns=['position', 'xA'], inplace=True)

2025-09-09 20:04:11,760:INFO:Initializing predict_model()
2025-09-09 20:04:11,760:INFO:predict_model(self=<pycaret.regression.oop.RegressionExperiment object at 0x000001DBC21CB190>, estimator=Pipeline(memory=Memory(location=None),
         steps=[('numerical_imputer',
                 TransformerWrapper(include=['whh', 'whd', 'wha',
                                             'team_h_difficulty',
                                             'team_a_difficulty',
                                             'percenatge_net_transfers',
                                             'ict_index', 'influence',
                                             'creativity', 'threat', 'starts',
                                             'expected_assists_1',
                                             'expected_goal_involvements_1',
                                             'ict_index_1', 'influence_1',
                                             'creativity_1', 'threat_1',
                                             'minutes_1...
                                    transformer=SimpleImputer(strategy='most_frequent'))),
                ('remove_multicollinearity',
                 TransformerWrapper(exclude=[],
                                    transformer=RemoveMulticollinearity(threshold=0.9))),
                ('feature_selection',
                 TransformerWrapper(exclude=[],
                                    transformer=SelectFromModel(estimator=LGBMRegressor(),
                                                                max_features=15,
                                                                threshold=-inf))),
                ('actual_estimator',
                 RandomForestRegressor(n_jobs=-1, random_state=2566))]), probability_threshold=None, encoded_labels=False, raw_score=False, round=4, verbose=True, ml_usecase=None, preprocess=True, encode_labels=<function _SupervisedExperiment.predict_model.<locals>.encode_labels at 0x000001DBC5E2C860>)
2025-09-09 20:04:11,760:INFO:Checking exceptions
2025-09-09 20:04:11,760:INFO:Preloading libraries
2025-09-09 20:04:11,767:INFO:Set up data.
2025-09-09 20:04:11,791:INFO:Set up index.
2025-09-09 20:04:11,993:WARNING:C:\Users\Ilyas\AppData\Local\Temp\ipykernel_9648\1382519671.py:12: SettingWithCopyWarning: 
A value is trying to be set on a copy of a slice from a DataFrame.
Try using .loc[row_indexer,col_indexer] = value instead

See the caveats in the documentation: https://pandas.pydata.org/pandas-docs/stable/user_guide/indexing.html#returning-a-view-versus-a-copy
  data_37_fwd['xA_preds'] = predicted

2025-09-09 20:04:12,501:WARNING:C:\Users\Ilyas\AppData\Local\Temp\ipykernel_9648\3948311769.py:3: SettingWithCopyWarning: 
A value is trying to be set on a copy of a slice from a DataFrame

See the caveats in the documentation: https://pandas.pydata.org/pandas-docs/stable/user_guide/indexing.html#returning-a-view-versus-a-copy
  data_38_fwd_xa.drop(columns=['position', 'xA'], inplace=True)

2025-09-09 20:04:12,530:INFO:Initializing predict_model()
2025-09-09 20:04:12,530:INFO:predict_model(self=<pycaret.regression.oop.RegressionExperiment object at 0x000001DBC6CCD750>, estimator=Pipeline(memory=Memory(location=None),
         steps=[('numerical_imputer',
                 TransformerWrapper(include=['whh', 'whd', 'wha',
                                             'team_h_difficulty',
                                             'team_a_difficulty',
                                             'percenatge_net_transfers',
                                             'ict_index', 'influence',
                                             'creativity', 'threat', 'starts',
                                             'expected_assists_1',
                                             'expected_goal_involvements_1',
                                             'ict_index_1', 'influence_1',
                                             'creativity_1', 'threat_1',
                                             'minutes_1...
                                    transformer=SimpleImputer(strategy='most_frequent'))),
                ('remove_multicollinearity',
                 TransformerWrapper(exclude=[],
                                    transformer=RemoveMulticollinearity(threshold=0.9))),
                ('feature_selection',
                 TransformerWrapper(exclude=[],
                                    transformer=SelectFromModel(estimator=LGBMRegressor(),
                                                                max_features=15,
                                                                threshold=-inf))),
                ('actual_estimator',
                 RandomForestRegressor(n_jobs=-1, random_state=2566))]), probability_threshold=None, encoded_labels=False, raw_score=False, round=4, verbose=True, ml_usecase=None, preprocess=True, encode_labels=<function _SupervisedExperiment.predict_model.<locals>.encode_labels at 0x000001DBC61E62A0>)
2025-09-09 20:04:12,530:INFO:Checking exceptions
2025-09-09 20:04:12,530:INFO:Preloading libraries
2025-09-09 20:04:12,530:INFO:Set up data.
2025-09-09 20:04:12,543:INFO:Set up index.
2025-09-09 20:04:12,749:WARNING:C:\Users\Ilyas\AppData\Local\Temp\ipykernel_9648\3948311769.py:12: SettingWithCopyWarning: 
A value is trying to be set on a copy of a slice from a DataFrame.
Try using .loc[row_indexer,col_indexer] = value instead

See the caveats in the documentation: https://pandas.pydata.org/pandas-docs/stable/user_guide/indexing.html#returning-a-view-versus-a-copy
  data_38_fwd['xA_preds'] = predicted

2025-09-09 20:04:13,246:INFO:Initializing load_model()
2025-09-09 20:04:13,246:INFO:load_model(model_name=../g_saves_final_model, platform=None, authentication=None, verbose=True)
2025-09-09 20:04:13,291:WARNING:C:\Users\Ilyas\AppData\Local\Temp\ipykernel_9648\127723658.py:3: SettingWithCopyWarning: 
A value is trying to be set on a copy of a slice from a DataFrame

See the caveats in the documentation: https://pandas.pydata.org/pandas-docs/stable/user_guide/indexing.html#returning-a-view-versus-a-copy
  data_36_gk_saves.drop(columns=['position', 'saves'], inplace=True)

2025-09-09 20:04:13,355:INFO:Initializing predict_model()
2025-09-09 20:04:13,355:INFO:predict_model(self=<pycaret.regression.oop.RegressionExperiment object at 0x000001DBC5531ED0>, estimator=Pipeline(memory=Memory(location=None),
         steps=[('numerical_imputer',
                 TransformerWrapper(include=['whh', 'whd', 'wha',
                                             'team_h_difficulty',
                                             'team_a_difficulty',
                                             'ownership_change',
                                             'percenatge_net_transfers',
                                             'ict_index', 'influence',
                                             'creativity', 'threat',
                                             'clean_sheets_1',
                                             'expected_goals_conceded_1',
                                             'goals_conceded_1',
                                             'goals_scored_1', 'ict_index_1',
                                             'influence_...
                                    transformer=SimpleImputer(strategy='most_frequent'))),
                ('remove_multicollinearity',
                 TransformerWrapper(exclude=[],
                                    transformer=RemoveMulticollinearity(threshold=0.9))),
                ('feature_selection',
                 TransformerWrapper(exclude=[],
                                    transformer=SelectFromModel(estimator=LGBMRegressor(),
                                                                max_features=14,
                                                                threshold=-inf))),
                ('actual_estimator',
                 GradientBoostingRegressor(random_state=5408))]), probability_threshold=None, encoded_labels=False, raw_score=False, round=4, verbose=True, ml_usecase=None, preprocess=True, encode_labels=<function _SupervisedExperiment.predict_model.<locals>.encode_labels at 0x000001DBC61E6020>)
2025-09-09 20:04:13,355:INFO:Checking exceptions
2025-09-09 20:04:13,355:INFO:Preloading libraries
2025-09-09 20:04:13,355:INFO:Set up data.
2025-09-09 20:04:13,384:INFO:Set up index.
2025-09-09 20:04:13,541:WARNING:C:\Users\Ilyas\AppData\Local\Temp\ipykernel_9648\127723658.py:12: SettingWithCopyWarning: 
A value is trying to be set on a copy of a slice from a DataFrame.
Try using .loc[row_indexer,col_indexer] = value instead

See the caveats in the documentation: https://pandas.pydata.org/pandas-docs/stable/user_guide/indexing.html#returning-a-view-versus-a-copy
  data_36_gk['saves_preds'] = predicted

2025-09-09 20:04:13,954:WARNING:C:\Users\Ilyas\AppData\Local\Temp\ipykernel_9648\1962156808.py:3: SettingWithCopyWarning: 
A value is trying to be set on a copy of a slice from a DataFrame

See the caveats in the documentation: https://pandas.pydata.org/pandas-docs/stable/user_guide/indexing.html#returning-a-view-versus-a-copy
  data_37_gk_saves.drop(columns=['position', 'saves'], inplace=True)

2025-09-09 20:04:13,981:INFO:Initializing predict_model()
2025-09-09 20:04:13,981:INFO:predict_model(self=<pycaret.regression.oop.RegressionExperiment object at 0x000001DBC5EE3990>, estimator=Pipeline(memory=Memory(location=None),
         steps=[('numerical_imputer',
                 TransformerWrapper(include=['whh', 'whd', 'wha',
                                             'team_h_difficulty',
                                             'team_a_difficulty',
                                             'ownership_change',
                                             'percenatge_net_transfers',
                                             'ict_index', 'influence',
                                             'creativity', 'threat',
                                             'clean_sheets_1',
                                             'expected_goals_conceded_1',
                                             'goals_conceded_1',
                                             'goals_scored_1', 'ict_index_1',
                                             'influence_...
                                    transformer=SimpleImputer(strategy='most_frequent'))),
                ('remove_multicollinearity',
                 TransformerWrapper(exclude=[],
                                    transformer=RemoveMulticollinearity(threshold=0.9))),
                ('feature_selection',
                 TransformerWrapper(exclude=[],
                                    transformer=SelectFromModel(estimator=LGBMRegressor(),
                                                                max_features=14,
                                                                threshold=-inf))),
                ('actual_estimator',
                 GradientBoostingRegressor(random_state=5408))]), probability_threshold=None, encoded_labels=False, raw_score=False, round=4, verbose=True, ml_usecase=None, preprocess=True, encode_labels=<function _SupervisedExperiment.predict_model.<locals>.encode_labels at 0x000001DBC61E5580>)
2025-09-09 20:04:13,981:INFO:Checking exceptions
2025-09-09 20:04:13,981:INFO:Preloading libraries
2025-09-09 20:04:13,981:INFO:Set up data.
2025-09-09 20:04:14,006:INFO:Set up index.
2025-09-09 20:04:14,146:WARNING:C:\Users\Ilyas\AppData\Local\Temp\ipykernel_9648\1962156808.py:12: SettingWithCopyWarning: 
A value is trying to be set on a copy of a slice from a DataFrame.
Try using .loc[row_indexer,col_indexer] = value instead

See the caveats in the documentation: https://pandas.pydata.org/pandas-docs/stable/user_guide/indexing.html#returning-a-view-versus-a-copy
  data_37_gk['saves_preds'] = predicted

2025-09-09 20:04:14,547:WARNING:C:\Users\Ilyas\AppData\Local\Temp\ipykernel_9648\3764586901.py:3: SettingWithCopyWarning: 
A value is trying to be set on a copy of a slice from a DataFrame

See the caveats in the documentation: https://pandas.pydata.org/pandas-docs/stable/user_guide/indexing.html#returning-a-view-versus-a-copy
  data_38_gk_saves.drop(columns=['position', 'saves'], inplace=True)

2025-09-09 20:04:14,578:INFO:Initializing predict_model()
2025-09-09 20:04:14,578:INFO:predict_model(self=<pycaret.regression.oop.RegressionExperiment object at 0x000001DBC5F1FE10>, estimator=Pipeline(memory=Memory(location=None),
         steps=[('numerical_imputer',
                 TransformerWrapper(include=['whh', 'whd', 'wha',
                                             'team_h_difficulty',
                                             'team_a_difficulty',
                                             'ownership_change',
                                             'percenatge_net_transfers',
                                             'ict_index', 'influence',
                                             'creativity', 'threat',
                                             'clean_sheets_1',
                                             'expected_goals_conceded_1',
                                             'goals_conceded_1',
                                             'goals_scored_1', 'ict_index_1',
                                             'influence_...
                                    transformer=SimpleImputer(strategy='most_frequent'))),
                ('remove_multicollinearity',
                 TransformerWrapper(exclude=[],
                                    transformer=RemoveMulticollinearity(threshold=0.9))),
                ('feature_selection',
                 TransformerWrapper(exclude=[],
                                    transformer=SelectFromModel(estimator=LGBMRegressor(),
                                                                max_features=14,
                                                                threshold=-inf))),
                ('actual_estimator',
                 GradientBoostingRegressor(random_state=5408))]), probability_threshold=None, encoded_labels=False, raw_score=False, round=4, verbose=True, ml_usecase=None, preprocess=True, encode_labels=<function _SupervisedExperiment.predict_model.<locals>.encode_labels at 0x000001DBBCAEC900>)
2025-09-09 20:04:14,578:INFO:Checking exceptions
2025-09-09 20:04:14,578:INFO:Preloading libraries
2025-09-09 20:04:14,580:INFO:Set up data.
2025-09-09 20:04:14,604:INFO:Set up index.
2025-09-09 20:04:14,740:WARNING:C:\Users\Ilyas\AppData\Local\Temp\ipykernel_9648\3764586901.py:12: SettingWithCopyWarning: 
A value is trying to be set on a copy of a slice from a DataFrame.
Try using .loc[row_indexer,col_indexer] = value instead

See the caveats in the documentation: https://pandas.pydata.org/pandas-docs/stable/user_guide/indexing.html#returning-a-view-versus-a-copy
  data_38_gk['saves_preds'] = predicted

2025-09-09 20:04:15,188:INFO:Initializing load_model()
2025-09-09 20:04:15,189:INFO:load_model(model_name=../g_xgc_final_model, platform=None, authentication=None, verbose=True)
2025-09-09 20:04:15,233:WARNING:C:\Users\Ilyas\AppData\Local\Temp\ipykernel_9648\702450570.py:3: SettingWithCopyWarning: 
A value is trying to be set on a copy of a slice from a DataFrame

See the caveats in the documentation: https://pandas.pydata.org/pandas-docs/stable/user_guide/indexing.html#returning-a-view-versus-a-copy
  data_36_gk_xgc.drop(columns=['position', 'expected_goals_conceded'], inplace=True)

2025-09-09 20:04:15,290:INFO:Initializing predict_model()
2025-09-09 20:04:15,290:INFO:predict_model(self=<pycaret.regression.oop.RegressionExperiment object at 0x000001DBC6081ED0>, estimator=Pipeline(memory=Memory(location=None),
         steps=[('numerical_imputer',
                 TransformerWrapper(include=['whh', 'whd', 'wha',
                                             'team_h_difficulty',
                                             'team_a_difficulty',
                                             'ownership_change',
                                             'percenatge_net_transfers',
                                             'ict_index', 'influence',
                                             'creativity', 'threat',
                                             'clean_sheets_1',
                                             'expected_goals_conceded_1',
                                             'goals_conceded_1', 'ict_index_1',
                                             'influence_1', 'creativity_1'...
                                    transformer=SimpleImputer(strategy='most_frequent'))),
                ('remove_multicollinearity',
                 TransformerWrapper(exclude=[],
                                    transformer=RemoveMulticollinearity(threshold=0.9))),
                ('feature_selection',
                 TransformerWrapper(exclude=[],
                                    transformer=SelectFromModel(estimator=LGBMRegressor(),
                                                                max_features=13,
                                                                threshold=-inf))),
                ('actual_estimator',
                 GradientBoostingRegressor(random_state=7685))]), probability_threshold=None, encoded_labels=False, raw_score=False, round=4, verbose=True, ml_usecase=None, preprocess=True, encode_labels=<function _SupervisedExperiment.predict_model.<locals>.encode_labels at 0x000001DBB1486FC0>)
2025-09-09 20:04:15,291:INFO:Checking exceptions
2025-09-09 20:04:15,291:INFO:Preloading libraries
2025-09-09 20:04:15,291:INFO:Set up data.
2025-09-09 20:04:15,309:INFO:Set up index.
2025-09-09 20:04:15,465:WARNING:C:\Users\Ilyas\AppData\Local\Temp\ipykernel_9648\702450570.py:12: SettingWithCopyWarning: 
A value is trying to be set on a copy of a slice from a DataFrame.
Try using .loc[row_indexer,col_indexer] = value instead

See the caveats in the documentation: https://pandas.pydata.org/pandas-docs/stable/user_guide/indexing.html#returning-a-view-versus-a-copy
  data_36_gk['xgc_preds'] = predicted

2025-09-09 20:04:15,889:WARNING:C:\Users\Ilyas\AppData\Local\Temp\ipykernel_9648\1323881549.py:3: SettingWithCopyWarning: 
A value is trying to be set on a copy of a slice from a DataFrame

See the caveats in the documentation: https://pandas.pydata.org/pandas-docs/stable/user_guide/indexing.html#returning-a-view-versus-a-copy
  data_37_gk_xgc.drop(columns=['position', 'expected_goals_conceded'], inplace=True)

2025-09-09 20:04:15,916:INFO:Initializing predict_model()
2025-09-09 20:04:15,916:INFO:predict_model(self=<pycaret.regression.oop.RegressionExperiment object at 0x000001DBB1852550>, estimator=Pipeline(memory=Memory(location=None),
         steps=[('numerical_imputer',
                 TransformerWrapper(include=['whh', 'whd', 'wha',
                                             'team_h_difficulty',
                                             'team_a_difficulty',
                                             'ownership_change',
                                             'percenatge_net_transfers',
                                             'ict_index', 'influence',
                                             'creativity', 'threat',
                                             'clean_sheets_1',
                                             'expected_goals_conceded_1',
                                             'goals_conceded_1', 'ict_index_1',
                                             'influence_1', 'creativity_1'...
                                    transformer=SimpleImputer(strategy='most_frequent'))),
                ('remove_multicollinearity',
                 TransformerWrapper(exclude=[],
                                    transformer=RemoveMulticollinearity(threshold=0.9))),
                ('feature_selection',
                 TransformerWrapper(exclude=[],
                                    transformer=SelectFromModel(estimator=LGBMRegressor(),
                                                                max_features=13,
                                                                threshold=-inf))),
                ('actual_estimator',
                 GradientBoostingRegressor(random_state=7685))]), probability_threshold=None, encoded_labels=False, raw_score=False, round=4, verbose=True, ml_usecase=None, preprocess=True, encode_labels=<function _SupervisedExperiment.predict_model.<locals>.encode_labels at 0x000001DBC5F5A020>)
2025-09-09 20:04:15,920:INFO:Checking exceptions
2025-09-09 20:04:15,920:INFO:Preloading libraries
2025-09-09 20:04:15,921:INFO:Set up data.
2025-09-09 20:04:15,948:INFO:Set up index.
2025-09-09 20:04:16,110:WARNING:C:\Users\Ilyas\AppData\Local\Temp\ipykernel_9648\1323881549.py:12: SettingWithCopyWarning: 
A value is trying to be set on a copy of a slice from a DataFrame.
Try using .loc[row_indexer,col_indexer] = value instead

See the caveats in the documentation: https://pandas.pydata.org/pandas-docs/stable/user_guide/indexing.html#returning-a-view-versus-a-copy
  data_37_gk['xgc_preds'] = predicted

2025-09-09 20:04:16,632:WARNING:C:\Users\Ilyas\AppData\Local\Temp\ipykernel_9648\3705190149.py:3: SettingWithCopyWarning: 
A value is trying to be set on a copy of a slice from a DataFrame

See the caveats in the documentation: https://pandas.pydata.org/pandas-docs/stable/user_guide/indexing.html#returning-a-view-versus-a-copy
  data_38_gk_xgc.drop(columns=['position', 'expected_goals_conceded'], inplace=True)

2025-09-09 20:04:16,665:INFO:Initializing predict_model()
2025-09-09 20:04:16,665:INFO:predict_model(self=<pycaret.regression.oop.RegressionExperiment object at 0x000001DBC7024750>, estimator=Pipeline(memory=Memory(location=None),
         steps=[('numerical_imputer',
                 TransformerWrapper(include=['whh', 'whd', 'wha',
                                             'team_h_difficulty',
                                             'team_a_difficulty',
                                             'ownership_change',
                                             'percenatge_net_transfers',
                                             'ict_index', 'influence',
                                             'creativity', 'threat',
                                             'clean_sheets_1',
                                             'expected_goals_conceded_1',
                                             'goals_conceded_1', 'ict_index_1',
                                             'influence_1', 'creativity_1'...
                                    transformer=SimpleImputer(strategy='most_frequent'))),
                ('remove_multicollinearity',
                 TransformerWrapper(exclude=[],
                                    transformer=RemoveMulticollinearity(threshold=0.9))),
                ('feature_selection',
                 TransformerWrapper(exclude=[],
                                    transformer=SelectFromModel(estimator=LGBMRegressor(),
                                                                max_features=13,
                                                                threshold=-inf))),
                ('actual_estimator',
                 GradientBoostingRegressor(random_state=7685))]), probability_threshold=None, encoded_labels=False, raw_score=False, round=4, verbose=True, ml_usecase=None, preprocess=True, encode_labels=<function _SupervisedExperiment.predict_model.<locals>.encode_labels at 0x000001DBC61E7E20>)
2025-09-09 20:04:16,665:INFO:Checking exceptions
2025-09-09 20:04:16,665:INFO:Preloading libraries
2025-09-09 20:04:16,665:INFO:Set up data.
2025-09-09 20:04:16,689:INFO:Set up index.
2025-09-09 20:04:16,840:WARNING:C:\Users\Ilyas\AppData\Local\Temp\ipykernel_9648\3705190149.py:12: SettingWithCopyWarning: 
A value is trying to be set on a copy of a slice from a DataFrame.
Try using .loc[row_indexer,col_indexer] = value instead

See the caveats in the documentation: https://pandas.pydata.org/pandas-docs/stable/user_guide/indexing.html#returning-a-view-versus-a-copy
  data_38_gk['xgc_preds'] = predicted

2025-09-09 20:04:17,297:INFO:Initializing load_model()
2025-09-09 20:04:17,297:INFO:load_model(model_name=../def_xgc_final_model, platform=None, authentication=None, verbose=True)
2025-09-09 20:04:17,330:WARNING:C:\Users\Ilyas\AppData\Local\Temp\ipykernel_9648\1970645865.py:3: SettingWithCopyWarning: 
A value is trying to be set on a copy of a slice from a DataFrame

See the caveats in the documentation: https://pandas.pydata.org/pandas-docs/stable/user_guide/indexing.html#returning-a-view-versus-a-copy
  data_36_def_xgc.drop(columns=['position', 'expected_goals_conceded'], inplace=True)

2025-09-09 20:04:17,400:INFO:Initializing predict_model()
2025-09-09 20:04:17,400:INFO:predict_model(self=<pycaret.regression.oop.RegressionExperiment object at 0x000001DBC5ED0250>, estimator=Pipeline(memory=Memory(location=None),
         steps=[('numerical_imputer',
                 TransformerWrapper(include=['whh', 'whd', 'wha',
                                             'team_h_difficulty',
                                             'team_a_difficulty',
                                             'ownership_change',
                                             'percenatge_net_transfers',
                                             'ict_index', 'influence',
                                             'creativity', 'threat',
                                             'clean_sheets_1',
                                             'expected_goals_conceded_1',
                                             'goals_conceded_1', 'ict_index_1',
                                             'influence_1', 'creativity_1'...
                              feature_types=None, gamma=None, grow_policy=None,
                              importance_type=None,
                              interaction_constraints=None, learning_rate=None,
                              max_bin=None, max_cat_threshold=None,
                              max_cat_to_onehot=None, max_delta_step=None,
                              max_depth=None, max_leaves=None,
                              min_child_weight=None, missing=nan,
                              monotone_constraints=None, multi_strategy=None,
                              n_estimators=None, n_jobs=-1,
                              num_parallel_tree=None, random_state=2059, ...))]), probability_threshold=None, encoded_labels=False, raw_score=False, round=4, verbose=True, ml_usecase=None, preprocess=True, encode_labels=<function _SupervisedExperiment.predict_model.<locals>.encode_labels at 0x000001DBC6D8BE20>)
2025-09-09 20:04:17,400:INFO:Checking exceptions
2025-09-09 20:04:17,400:INFO:Preloading libraries
2025-09-09 20:04:17,400:INFO:Set up data.
2025-09-09 20:04:17,449:INFO:Set up index.
2025-09-09 20:04:17,658:WARNING:C:\Users\Ilyas\AppData\Local\Temp\ipykernel_9648\1970645865.py:12: SettingWithCopyWarning: 
A value is trying to be set on a copy of a slice from a DataFrame.
Try using .loc[row_indexer,col_indexer] = value instead

See the caveats in the documentation: https://pandas.pydata.org/pandas-docs/stable/user_guide/indexing.html#returning-a-view-versus-a-copy
  data_36_def['xgc_preds'] = predicted

2025-09-09 20:04:19,008:WARNING:C:\Users\Ilyas\AppData\Local\Temp\ipykernel_9648\1602403833.py:3: SettingWithCopyWarning: 
A value is trying to be set on a copy of a slice from a DataFrame

See the caveats in the documentation: https://pandas.pydata.org/pandas-docs/stable/user_guide/indexing.html#returning-a-view-versus-a-copy
  data_37_def_xgc.drop(columns=['position', 'expected_goals_conceded'], inplace=True)

2025-09-09 20:04:19,094:INFO:Initializing predict_model()
2025-09-09 20:04:19,094:INFO:predict_model(self=<pycaret.regression.oop.RegressionExperiment object at 0x000001DBC5758090>, estimator=Pipeline(memory=Memory(location=None),
         steps=[('numerical_imputer',
                 TransformerWrapper(include=['whh', 'whd', 'wha',
                                             'team_h_difficulty',
                                             'team_a_difficulty',
                                             'ownership_change',
                                             'percenatge_net_transfers',
                                             'ict_index', 'influence',
                                             'creativity', 'threat',
                                             'clean_sheets_1',
                                             'expected_goals_conceded_1',
                                             'goals_conceded_1', 'ict_index_1',
                                             'influence_1', 'creativity_1'...
                              feature_types=None, gamma=None, grow_policy=None,
                              importance_type=None,
                              interaction_constraints=None, learning_rate=None,
                              max_bin=None, max_cat_threshold=None,
                              max_cat_to_onehot=None, max_delta_step=None,
                              max_depth=None, max_leaves=None,
                              min_child_weight=None, missing=nan,
                              monotone_constraints=None, multi_strategy=None,
                              n_estimators=None, n_jobs=-1,
                              num_parallel_tree=None, random_state=2059, ...))]), probability_threshold=None, encoded_labels=False, raw_score=False, round=4, verbose=True, ml_usecase=None, preprocess=True, encode_labels=<function _SupervisedExperiment.predict_model.<locals>.encode_labels at 0x000001DBC624BD80>)
2025-09-09 20:04:19,094:INFO:Checking exceptions
2025-09-09 20:04:19,094:INFO:Preloading libraries
2025-09-09 20:04:19,094:INFO:Set up data.
2025-09-09 20:04:19,122:INFO:Set up index.
2025-09-09 20:04:19,336:WARNING:C:\Users\Ilyas\AppData\Local\Temp\ipykernel_9648\1602403833.py:12: SettingWithCopyWarning: 
A value is trying to be set on a copy of a slice from a DataFrame.
Try using .loc[row_indexer,col_indexer] = value instead

See the caveats in the documentation: https://pandas.pydata.org/pandas-docs/stable/user_guide/indexing.html#returning-a-view-versus-a-copy
  data_37_def['xgc_preds'] = predicted

2025-09-09 20:04:20,713:WARNING:C:\Users\Ilyas\AppData\Local\Temp\ipykernel_9648\1141747292.py:3: SettingWithCopyWarning: 
A value is trying to be set on a copy of a slice from a DataFrame

See the caveats in the documentation: https://pandas.pydata.org/pandas-docs/stable/user_guide/indexing.html#returning-a-view-versus-a-copy
  data_38_def_xgc.drop(columns=['position', 'expected_goals_conceded'], inplace=True)

2025-09-09 20:04:20,760:INFO:Initializing predict_model()
2025-09-09 20:04:20,760:INFO:predict_model(self=<pycaret.regression.oop.RegressionExperiment object at 0x000001DBC606D290>, estimator=Pipeline(memory=Memory(location=None),
         steps=[('numerical_imputer',
                 TransformerWrapper(include=['whh', 'whd', 'wha',
                                             'team_h_difficulty',
                                             'team_a_difficulty',
                                             'ownership_change',
                                             'percenatge_net_transfers',
                                             'ict_index', 'influence',
                                             'creativity', 'threat',
                                             'clean_sheets_1',
                                             'expected_goals_conceded_1',
                                             'goals_conceded_1', 'ict_index_1',
                                             'influence_1', 'creativity_1'...
                              feature_types=None, gamma=None, grow_policy=None,
                              importance_type=None,
                              interaction_constraints=None, learning_rate=None,
                              max_bin=None, max_cat_threshold=None,
                              max_cat_to_onehot=None, max_delta_step=None,
                              max_depth=None, max_leaves=None,
                              min_child_weight=None, missing=nan,
                              monotone_constraints=None, multi_strategy=None,
                              n_estimators=None, n_jobs=-1,
                              num_parallel_tree=None, random_state=2059, ...))]), probability_threshold=None, encoded_labels=False, raw_score=False, round=4, verbose=True, ml_usecase=None, preprocess=True, encode_labels=<function _SupervisedExperiment.predict_model.<locals>.encode_labels at 0x000001DBB1486FC0>)
2025-09-09 20:04:20,760:INFO:Checking exceptions
2025-09-09 20:04:20,760:INFO:Preloading libraries
2025-09-09 20:04:20,760:INFO:Set up data.
2025-09-09 20:04:20,792:INFO:Set up index.
2025-09-09 20:04:21,024:WARNING:C:\Users\Ilyas\AppData\Local\Temp\ipykernel_9648\1141747292.py:12: SettingWithCopyWarning: 
A value is trying to be set on a copy of a slice from a DataFrame.
Try using .loc[row_indexer,col_indexer] = value instead

See the caveats in the documentation: https://pandas.pydata.org/pandas-docs/stable/user_guide/indexing.html#returning-a-view-versus-a-copy
  data_38_def['xgc_preds'] = predicted

2025-09-09 20:04:22,501:WARNING:C:\Users\Ilyas\AppData\Local\Temp\ipykernel_9648\207275070.py:6: SettingWithCopyWarning: 
A value is trying to be set on a copy of a slice from a DataFrame.
Try using .loc[row_indexer,col_indexer] = value instead

See the caveats in the documentation: https://pandas.pydata.org/pandas-docs/stable/user_guide/indexing.html#returning-a-view-versus-a-copy
  data_36[cols_to_add] = preds_36[cols_to_add]

2025-09-09 20:04:22,502:WARNING:C:\Users\Ilyas\AppData\Local\Temp\ipykernel_9648\207275070.py:6: SettingWithCopyWarning: 
A value is trying to be set on a copy of a slice from a DataFrame.
Try using .loc[row_indexer,col_indexer] = value instead

See the caveats in the documentation: https://pandas.pydata.org/pandas-docs/stable/user_guide/indexing.html#returning-a-view-versus-a-copy
  data_36[cols_to_add] = preds_36[cols_to_add]

2025-09-09 20:04:22,502:WARNING:C:\Users\Ilyas\AppData\Local\Temp\ipykernel_9648\207275070.py:6: SettingWithCopyWarning: 
A value is trying to be set on a copy of a slice from a DataFrame.
Try using .loc[row_indexer,col_indexer] = value instead

See the caveats in the documentation: https://pandas.pydata.org/pandas-docs/stable/user_guide/indexing.html#returning-a-view-versus-a-copy
  data_36[cols_to_add] = preds_36[cols_to_add]

2025-09-09 20:04:22,502:WARNING:C:\Users\Ilyas\AppData\Local\Temp\ipykernel_9648\207275070.py:6: SettingWithCopyWarning: 
A value is trying to be set on a copy of a slice from a DataFrame.
Try using .loc[row_indexer,col_indexer] = value instead

See the caveats in the documentation: https://pandas.pydata.org/pandas-docs/stable/user_guide/indexing.html#returning-a-view-versus-a-copy
  data_36[cols_to_add] = preds_36[cols_to_add]

2025-09-09 20:04:22,597:WARNING:C:\Users\Ilyas\AppData\Local\Temp\ipykernel_9648\207275070.py:14: SettingWithCopyWarning: 
A value is trying to be set on a copy of a slice from a DataFrame.
Try using .loc[row_indexer,col_indexer] = value instead

See the caveats in the documentation: https://pandas.pydata.org/pandas-docs/stable/user_guide/indexing.html#returning-a-view-versus-a-copy
  data_37[cols_to_add] = preds_37[cols_to_add]

2025-09-09 20:04:22,597:WARNING:C:\Users\Ilyas\AppData\Local\Temp\ipykernel_9648\207275070.py:14: SettingWithCopyWarning: 
A value is trying to be set on a copy of a slice from a DataFrame.
Try using .loc[row_indexer,col_indexer] = value instead

See the caveats in the documentation: https://pandas.pydata.org/pandas-docs/stable/user_guide/indexing.html#returning-a-view-versus-a-copy
  data_37[cols_to_add] = preds_37[cols_to_add]

2025-09-09 20:04:22,597:WARNING:C:\Users\Ilyas\AppData\Local\Temp\ipykernel_9648\207275070.py:14: SettingWithCopyWarning: 
A value is trying to be set on a copy of a slice from a DataFrame.
Try using .loc[row_indexer,col_indexer] = value instead

See the caveats in the documentation: https://pandas.pydata.org/pandas-docs/stable/user_guide/indexing.html#returning-a-view-versus-a-copy
  data_37[cols_to_add] = preds_37[cols_to_add]

2025-09-09 20:04:22,599:WARNING:C:\Users\Ilyas\AppData\Local\Temp\ipykernel_9648\207275070.py:14: SettingWithCopyWarning: 
A value is trying to be set on a copy of a slice from a DataFrame.
Try using .loc[row_indexer,col_indexer] = value instead

See the caveats in the documentation: https://pandas.pydata.org/pandas-docs/stable/user_guide/indexing.html#returning-a-view-versus-a-copy
  data_37[cols_to_add] = preds_37[cols_to_add]

2025-09-09 20:04:22,678:WARNING:C:\Users\Ilyas\AppData\Local\Temp\ipykernel_9648\207275070.py:22: SettingWithCopyWarning: 
A value is trying to be set on a copy of a slice from a DataFrame.
Try using .loc[row_indexer,col_indexer] = value instead

See the caveats in the documentation: https://pandas.pydata.org/pandas-docs/stable/user_guide/indexing.html#returning-a-view-versus-a-copy
  data_38[cols_to_add] = preds_38[cols_to_add]

2025-09-09 20:04:22,685:WARNING:C:\Users\Ilyas\AppData\Local\Temp\ipykernel_9648\207275070.py:22: SettingWithCopyWarning: 
A value is trying to be set on a copy of a slice from a DataFrame.
Try using .loc[row_indexer,col_indexer] = value instead

See the caveats in the documentation: https://pandas.pydata.org/pandas-docs/stable/user_guide/indexing.html#returning-a-view-versus-a-copy
  data_38[cols_to_add] = preds_38[cols_to_add]

2025-09-09 20:04:22,685:WARNING:C:\Users\Ilyas\AppData\Local\Temp\ipykernel_9648\207275070.py:22: SettingWithCopyWarning: 
A value is trying to be set on a copy of a slice from a DataFrame.
Try using .loc[row_indexer,col_indexer] = value instead

See the caveats in the documentation: https://pandas.pydata.org/pandas-docs/stable/user_guide/indexing.html#returning-a-view-versus-a-copy
  data_38[cols_to_add] = preds_38[cols_to_add]

2025-09-09 20:04:22,686:WARNING:C:\Users\Ilyas\AppData\Local\Temp\ipykernel_9648\207275070.py:22: SettingWithCopyWarning: 
A value is trying to be set on a copy of a slice from a DataFrame.
Try using .loc[row_indexer,col_indexer] = value instead

See the caveats in the documentation: https://pandas.pydata.org/pandas-docs/stable/user_guide/indexing.html#returning-a-view-versus-a-copy
  data_38[cols_to_add] = preds_38[cols_to_add]

2025-09-09 20:04:23,202:INFO:Initializing load_model()
2025-09-09 20:04:23,202:INFO:load_model(model_name=../gk_cs_model, platform=None, authentication=None, verbose=True)
2025-09-09 20:04:23,331:WARNING:C:\Users\Ilyas\AppData\Local\Temp\ipykernel_9648\1457494303.py:3: SettingWithCopyWarning: 
A value is trying to be set on a copy of a slice from a DataFrame

See the caveats in the documentation: https://pandas.pydata.org/pandas-docs/stable/user_guide/indexing.html#returning-a-view-versus-a-copy
  data_36_gk_cs.drop(columns=['position', 'clean_sheets'], inplace=True)

2025-09-09 20:04:23,387:INFO:Initializing predict_model()
2025-09-09 20:04:23,387:INFO:predict_model(self=<pycaret.classification.oop.ClassificationExperiment object at 0x000001DBC6C40350>, estimator=Pipeline(memory=Memory(location=None),
         steps=[('numerical_imputer',
                 TransformerWrapper(include=['whh', 'whd', 'wha',
                                             'team_h_difficulty',
                                             'team_a_difficulty',
                                             'ownership_change',
                                             'percenatge_net_transfers',
                                             'ict_index', 'influence',
                                             'creativity', 'threat',
                                             'clean_sheets_1',
                                             'expected_goals_conceded_1',
                                             'goals_conceded_1',
                                             'goals_scored_1', 'ict_index_1',
                                             'influence_...
                 TransformerWrapper(transformer=FixImbalancer(estimator=SMOTE(random_state=123)))),
                ('normalize', TransformerWrapper(transformer=StandardScaler())),
                ('feature_selection',
                 TransformerWrapper(exclude=[],
                                    transformer=SelectFromModel(estimator=LGBMClassifier(),
                                                                max_features=14,
                                                                threshold=-inf))),
                ('actual_estimator',
                 RidgeClassifier(alpha=7.68, random_state=123))]), probability_threshold=None, encoded_labels=False, raw_score=False, round=4, verbose=True, ml_usecase=None, preprocess=True, encode_labels=<function _SupervisedExperiment.predict_model.<locals>.encode_labels at 0x000001DBBFF44900>)
2025-09-09 20:04:23,387:INFO:Checking exceptions
2025-09-09 20:04:23,387:INFO:Preloading libraries
2025-09-09 20:04:23,387:INFO:Set up data.
2025-09-09 20:04:23,434:INFO:Set up index.
2025-09-09 20:04:23,680:WARNING:C:\Users\Ilyas\AppData\Local\Temp\ipykernel_9648\1457494303.py:9: SettingWithCopyWarning: 
A value is trying to be set on a copy of a slice from a DataFrame.
Try using .loc[row_indexer,col_indexer] = value instead

See the caveats in the documentation: https://pandas.pydata.org/pandas-docs/stable/user_guide/indexing.html#returning-a-view-versus-a-copy
  data_36_gk['cs_preds'] = cs_preds_36[['cs_preds_trans']]

2025-09-09 20:04:24,102:WARNING:C:\Users\Ilyas\AppData\Local\Temp\ipykernel_9648\3361044651.py:3: SettingWithCopyWarning: 
A value is trying to be set on a copy of a slice from a DataFrame

See the caveats in the documentation: https://pandas.pydata.org/pandas-docs/stable/user_guide/indexing.html#returning-a-view-versus-a-copy
  data_37_gk_cs.drop(columns=['position', 'clean_sheets'], inplace=True)

2025-09-09 20:04:24,247:INFO:Initializing predict_model()
2025-09-09 20:04:24,247:INFO:predict_model(self=<pycaret.classification.oop.ClassificationExperiment object at 0x000001DBBFC02E10>, estimator=Pipeline(memory=Memory(location=None),
         steps=[('numerical_imputer',
                 TransformerWrapper(include=['whh', 'whd', 'wha',
                                             'team_h_difficulty',
                                             'team_a_difficulty',
                                             'ownership_change',
                                             'percenatge_net_transfers',
                                             'ict_index', 'influence',
                                             'creativity', 'threat',
                                             'clean_sheets_1',
                                             'expected_goals_conceded_1',
                                             'goals_conceded_1',
                                             'goals_scored_1', 'ict_index_1',
                                             'influence_...
                 TransformerWrapper(transformer=FixImbalancer(estimator=SMOTE(random_state=123)))),
                ('normalize', TransformerWrapper(transformer=StandardScaler())),
                ('feature_selection',
                 TransformerWrapper(exclude=[],
                                    transformer=SelectFromModel(estimator=LGBMClassifier(),
                                                                max_features=14,
                                                                threshold=-inf))),
                ('actual_estimator',
                 RidgeClassifier(alpha=7.68, random_state=123))]), probability_threshold=None, encoded_labels=False, raw_score=False, round=4, verbose=True, ml_usecase=None, preprocess=True, encode_labels=<function _SupervisedExperiment.predict_model.<locals>.encode_labels at 0x000001DBBCAEC900>)
2025-09-09 20:04:24,247:INFO:Checking exceptions
2025-09-09 20:04:24,247:INFO:Preloading libraries
2025-09-09 20:04:24,247:INFO:Set up data.
2025-09-09 20:04:24,302:INFO:Set up index.
2025-09-09 20:04:24,653:WARNING:C:\Users\Ilyas\AppData\Local\Temp\ipykernel_9648\3361044651.py:9: SettingWithCopyWarning: 
A value is trying to be set on a copy of a slice from a DataFrame.
Try using .loc[row_indexer,col_indexer] = value instead

See the caveats in the documentation: https://pandas.pydata.org/pandas-docs/stable/user_guide/indexing.html#returning-a-view-versus-a-copy
  data_37_gk['cs_preds'] = cs_preds_37[['cs_preds_trans']]

2025-09-09 20:04:25,307:WARNING:C:\Users\Ilyas\AppData\Local\Temp\ipykernel_9648\2444389044.py:3: SettingWithCopyWarning: 
A value is trying to be set on a copy of a slice from a DataFrame

See the caveats in the documentation: https://pandas.pydata.org/pandas-docs/stable/user_guide/indexing.html#returning-a-view-versus-a-copy
  data_38_gk_cs.drop(columns=['position', 'clean_sheets'], inplace=True)

2025-09-09 20:04:25,512:INFO:Initializing predict_model()
2025-09-09 20:04:25,512:INFO:predict_model(self=<pycaret.classification.oop.ClassificationExperiment object at 0x000001DBC6FF9990>, estimator=Pipeline(memory=Memory(location=None),
         steps=[('numerical_imputer',
                 TransformerWrapper(include=['whh', 'whd', 'wha',
                                             'team_h_difficulty',
                                             'team_a_difficulty',
                                             'ownership_change',
                                             'percenatge_net_transfers',
                                             'ict_index', 'influence',
                                             'creativity', 'threat',
                                             'clean_sheets_1',
                                             'expected_goals_conceded_1',
                                             'goals_conceded_1',
                                             'goals_scored_1', 'ict_index_1',
                                             'influence_...
                 TransformerWrapper(transformer=FixImbalancer(estimator=SMOTE(random_state=123)))),
                ('normalize', TransformerWrapper(transformer=StandardScaler())),
                ('feature_selection',
                 TransformerWrapper(exclude=[],
                                    transformer=SelectFromModel(estimator=LGBMClassifier(),
                                                                max_features=14,
                                                                threshold=-inf))),
                ('actual_estimator',
                 RidgeClassifier(alpha=7.68, random_state=123))]), probability_threshold=None, encoded_labels=False, raw_score=False, round=4, verbose=True, ml_usecase=None, preprocess=True, encode_labels=<function _SupervisedExperiment.predict_model.<locals>.encode_labels at 0x000001DBC5E95F80>)
2025-09-09 20:04:25,512:INFO:Checking exceptions
2025-09-09 20:04:25,512:INFO:Preloading libraries
2025-09-09 20:04:25,518:INFO:Set up data.
2025-09-09 20:04:25,635:INFO:Set up index.
2025-09-09 20:04:26,013:WARNING:C:\Users\Ilyas\AppData\Local\Temp\ipykernel_9648\2444389044.py:9: SettingWithCopyWarning: 
A value is trying to be set on a copy of a slice from a DataFrame.
Try using .loc[row_indexer,col_indexer] = value instead

See the caveats in the documentation: https://pandas.pydata.org/pandas-docs/stable/user_guide/indexing.html#returning-a-view-versus-a-copy
  data_38_gk['cs_preds'] = cs_preds_38[['cs_preds_trans']]

2025-09-09 20:04:26,237:INFO:Initializing load_model()
2025-09-09 20:04:26,243:INFO:load_model(model_name=../def_cs_model, platform=None, authentication=None, verbose=True)
2025-09-09 20:04:26,640:WARNING:C:\Users\Ilyas\AppData\Local\Temp\ipykernel_9648\785466848.py:3: SettingWithCopyWarning: 
A value is trying to be set on a copy of a slice from a DataFrame

See the caveats in the documentation: https://pandas.pydata.org/pandas-docs/stable/user_guide/indexing.html#returning-a-view-versus-a-copy
  data_36_def_cs.drop(columns=['position', 'clean_sheets'], inplace=True)

2025-09-09 20:04:26,666:INFO:Initializing predict_model()
2025-09-09 20:04:26,666:INFO:predict_model(self=<pycaret.classification.oop.ClassificationExperiment object at 0x000001DBC70C7090>, estimator=Pipeline(memory=Memory(location=None),
         steps=[('numerical_imputer',
                 TransformerWrapper(include=['whh', 'whd', 'wha',
                                             'team_h_difficulty',
                                             'team_a_difficulty',
                                             'ownership_change',
                                             'percenatge_net_transfers',
                                             'ict_index', 'influence',
                                             'creativity', 'threat',
                                             'clean_sheets_1',
                                             'expected_goals_conceded_1',
                                             'goals_conceded_1',
                                             'goals_scored_1', 'ict_index_1',
                                             'influence_...
                 TransformerWrapper(transformer=FixImbalancer(estimator=SMOTE(random_state=123)))),
                ('normalize', TransformerWrapper(transformer=StandardScaler())),
                ('feature_selection',
                 TransformerWrapper(exclude=[],
                                    transformer=SelectFromModel(estimator=LGBMClassifier(),
                                                                max_features=14,
                                                                threshold=-inf))),
                ('actual_estimator',
                 ExtraTreesClassifier(n_jobs=-1, random_state=123))]), probability_threshold=None, encoded_labels=False, raw_score=False, round=4, verbose=True, ml_usecase=None, preprocess=True, encode_labels=<function _SupervisedExperiment.predict_model.<locals>.encode_labels at 0x000001DBC6BF3100>)
2025-09-09 20:04:26,666:INFO:Checking exceptions
2025-09-09 20:04:26,666:INFO:Preloading libraries
2025-09-09 20:04:26,666:INFO:Set up data.
2025-09-09 20:04:26,697:INFO:Set up index.
2025-09-09 20:04:26,985:WARNING:C:\Users\Ilyas\AppData\Local\Temp\ipykernel_9648\785466848.py:9: SettingWithCopyWarning: 
A value is trying to be set on a copy of a slice from a DataFrame.
Try using .loc[row_indexer,col_indexer] = value instead

See the caveats in the documentation: https://pandas.pydata.org/pandas-docs/stable/user_guide/indexing.html#returning-a-view-versus-a-copy
  data_36_def['cs_preds'] = cs_preds_36[['cs_preds_trans']]

2025-09-09 20:04:27,389:WARNING:C:\Users\Ilyas\AppData\Local\Temp\ipykernel_9648\3392911798.py:3: SettingWithCopyWarning: 
A value is trying to be set on a copy of a slice from a DataFrame

See the caveats in the documentation: https://pandas.pydata.org/pandas-docs/stable/user_guide/indexing.html#returning-a-view-versus-a-copy
  data_37_def_cs.drop(columns=['position', 'clean_sheets'], inplace=True)

2025-09-09 20:04:27,421:INFO:Initializing predict_model()
2025-09-09 20:04:27,421:INFO:predict_model(self=<pycaret.classification.oop.ClassificationExperiment object at 0x000001DBC6111290>, estimator=Pipeline(memory=Memory(location=None),
         steps=[('numerical_imputer',
                 TransformerWrapper(include=['whh', 'whd', 'wha',
                                             'team_h_difficulty',
                                             'team_a_difficulty',
                                             'ownership_change',
                                             'percenatge_net_transfers',
                                             'ict_index', 'influence',
                                             'creativity', 'threat',
                                             'clean_sheets_1',
                                             'expected_goals_conceded_1',
                                             'goals_conceded_1',
                                             'goals_scored_1', 'ict_index_1',
                                             'influence_...
                 TransformerWrapper(transformer=FixImbalancer(estimator=SMOTE(random_state=123)))),
                ('normalize', TransformerWrapper(transformer=StandardScaler())),
                ('feature_selection',
                 TransformerWrapper(exclude=[],
                                    transformer=SelectFromModel(estimator=LGBMClassifier(),
                                                                max_features=14,
                                                                threshold=-inf))),
                ('actual_estimator',
                 ExtraTreesClassifier(n_jobs=-1, random_state=123))]), probability_threshold=None, encoded_labels=False, raw_score=False, round=4, verbose=True, ml_usecase=None, preprocess=True, encode_labels=<function _SupervisedExperiment.predict_model.<locals>.encode_labels at 0x000001DBC5771A80>)
2025-09-09 20:04:27,421:INFO:Checking exceptions
2025-09-09 20:04:27,421:INFO:Preloading libraries
2025-09-09 20:04:27,421:INFO:Set up data.
2025-09-09 20:04:27,454:INFO:Set up index.
2025-09-09 20:04:27,738:WARNING:C:\Users\Ilyas\AppData\Local\Temp\ipykernel_9648\3392911798.py:9: SettingWithCopyWarning: 
A value is trying to be set on a copy of a slice from a DataFrame.
Try using .loc[row_indexer,col_indexer] = value instead

See the caveats in the documentation: https://pandas.pydata.org/pandas-docs/stable/user_guide/indexing.html#returning-a-view-versus-a-copy
  data_37_def['cs_preds'] = cs_preds_37[['cs_preds_trans']]

2025-09-09 20:04:27,955:WARNING:C:\Users\Ilyas\AppData\Local\Temp\ipykernel_9648\3391097665.py:3: SettingWithCopyWarning: 
A value is trying to be set on a copy of a slice from a DataFrame

See the caveats in the documentation: https://pandas.pydata.org/pandas-docs/stable/user_guide/indexing.html#returning-a-view-versus-a-copy
  data_38_def_cs.drop(columns=['position', 'clean_sheets'], inplace=True)

2025-09-09 20:04:27,992:INFO:Initializing predict_model()
2025-09-09 20:04:27,992:INFO:predict_model(self=<pycaret.classification.oop.ClassificationExperiment object at 0x000001DBC6A6BF50>, estimator=Pipeline(memory=Memory(location=None),
         steps=[('numerical_imputer',
                 TransformerWrapper(include=['whh', 'whd', 'wha',
                                             'team_h_difficulty',
                                             'team_a_difficulty',
                                             'ownership_change',
                                             'percenatge_net_transfers',
                                             'ict_index', 'influence',
                                             'creativity', 'threat',
                                             'clean_sheets_1',
                                             'expected_goals_conceded_1',
                                             'goals_conceded_1',
                                             'goals_scored_1', 'ict_index_1',
                                             'influence_...
                 TransformerWrapper(transformer=FixImbalancer(estimator=SMOTE(random_state=123)))),
                ('normalize', TransformerWrapper(transformer=StandardScaler())),
                ('feature_selection',
                 TransformerWrapper(exclude=[],
                                    transformer=SelectFromModel(estimator=LGBMClassifier(),
                                                                max_features=14,
                                                                threshold=-inf))),
                ('actual_estimator',
                 ExtraTreesClassifier(n_jobs=-1, random_state=123))]), probability_threshold=None, encoded_labels=False, raw_score=False, round=4, verbose=True, ml_usecase=None, preprocess=True, encode_labels=<function _SupervisedExperiment.predict_model.<locals>.encode_labels at 0x000001DBC7034E00>)
2025-09-09 20:04:27,992:INFO:Checking exceptions
2025-09-09 20:04:27,992:INFO:Preloading libraries
2025-09-09 20:04:27,992:INFO:Set up data.
2025-09-09 20:04:28,004:INFO:Set up index.
2025-09-09 20:04:28,279:WARNING:C:\Users\Ilyas\AppData\Local\Temp\ipykernel_9648\3391097665.py:9: SettingWithCopyWarning: 
A value is trying to be set on a copy of a slice from a DataFrame.
Try using .loc[row_indexer,col_indexer] = value instead

See the caveats in the documentation: https://pandas.pydata.org/pandas-docs/stable/user_guide/indexing.html#returning-a-view-versus-a-copy
  data_38_def['cs_preds'] = cs_preds_38[['cs_preds_trans']]

2025-09-09 20:04:28,464:INFO:Initializing load_model()
2025-09-09 20:04:28,464:INFO:load_model(model_name=../mid_cs_model, platform=None, authentication=None, verbose=True)
2025-09-09 20:04:28,853:WARNING:C:\Users\Ilyas\AppData\Local\Temp\ipykernel_9648\4061020326.py:3: SettingWithCopyWarning: 
A value is trying to be set on a copy of a slice from a DataFrame

See the caveats in the documentation: https://pandas.pydata.org/pandas-docs/stable/user_guide/indexing.html#returning-a-view-versus-a-copy
  data_36_mid_cs.drop(columns=['position', 'clean_sheets'], inplace=True)

2025-09-09 20:04:28,891:INFO:Initializing predict_model()
2025-09-09 20:04:28,891:INFO:predict_model(self=<pycaret.classification.oop.ClassificationExperiment object at 0x000001DBC6A7E490>, estimator=Pipeline(memory=Memory(location=None),
         steps=[('numerical_imputer',
                 TransformerWrapper(include=['whh', 'whd', 'wha',
                                             'team_h_difficulty',
                                             'team_a_difficulty',
                                             'ownership_change',
                                             'percenatge_net_transfers',
                                             'ict_index', 'influence',
                                             'creativity', 'threat',
                                             'clean_sheets_1',
                                             'expected_goals_conceded_1',
                                             'goals_conceded_1',
                                             'goals_scored_1', 'ict_index_1',
                                             'influence_...
                 TransformerWrapper(transformer=FixImbalancer(estimator=SMOTE(random_state=123)))),
                ('normalize', TransformerWrapper(transformer=StandardScaler())),
                ('feature_selection',
                 TransformerWrapper(exclude=[],
                                    transformer=SelectFromModel(estimator=LGBMClassifier(),
                                                                max_features=14,
                                                                threshold=-inf))),
                ('actual_estimator',
                 ExtraTreesClassifier(n_jobs=-1, random_state=123))]), probability_threshold=None, encoded_labels=False, raw_score=False, round=4, verbose=True, ml_usecase=None, preprocess=True, encode_labels=<function _SupervisedExperiment.predict_model.<locals>.encode_labels at 0x000001DBC5E972E0>)
2025-09-09 20:04:28,891:INFO:Checking exceptions
2025-09-09 20:04:28,891:INFO:Preloading libraries
2025-09-09 20:04:28,891:INFO:Set up data.
2025-09-09 20:04:28,919:INFO:Set up index.
2025-09-09 20:04:29,180:WARNING:C:\Users\Ilyas\AppData\Local\Temp\ipykernel_9648\4061020326.py:9: SettingWithCopyWarning: 
A value is trying to be set on a copy of a slice from a DataFrame.
Try using .loc[row_indexer,col_indexer] = value instead

See the caveats in the documentation: https://pandas.pydata.org/pandas-docs/stable/user_guide/indexing.html#returning-a-view-versus-a-copy
  data_36_mid['cs_preds'] = cs_preds_36[['cs_preds_trans']]

2025-09-09 20:04:29,433:WARNING:C:\Users\Ilyas\AppData\Local\Temp\ipykernel_9648\1000335410.py:3: SettingWithCopyWarning: 
A value is trying to be set on a copy of a slice from a DataFrame

See the caveats in the documentation: https://pandas.pydata.org/pandas-docs/stable/user_guide/indexing.html#returning-a-view-versus-a-copy
  data_37_mid_cs.drop(columns=['position', 'clean_sheets'], inplace=True)

2025-09-09 20:04:29,485:INFO:Initializing predict_model()
2025-09-09 20:04:29,485:INFO:predict_model(self=<pycaret.classification.oop.ClassificationExperiment object at 0x000001DBC6B62790>, estimator=Pipeline(memory=Memory(location=None),
         steps=[('numerical_imputer',
                 TransformerWrapper(include=['whh', 'whd', 'wha',
                                             'team_h_difficulty',
                                             'team_a_difficulty',
                                             'ownership_change',
                                             'percenatge_net_transfers',
                                             'ict_index', 'influence',
                                             'creativity', 'threat',
                                             'clean_sheets_1',
                                             'expected_goals_conceded_1',
                                             'goals_conceded_1',
                                             'goals_scored_1', 'ict_index_1',
                                             'influence_...
                 TransformerWrapper(transformer=FixImbalancer(estimator=SMOTE(random_state=123)))),
                ('normalize', TransformerWrapper(transformer=StandardScaler())),
                ('feature_selection',
                 TransformerWrapper(exclude=[],
                                    transformer=SelectFromModel(estimator=LGBMClassifier(),
                                                                max_features=14,
                                                                threshold=-inf))),
                ('actual_estimator',
                 ExtraTreesClassifier(n_jobs=-1, random_state=123))]), probability_threshold=None, encoded_labels=False, raw_score=False, round=4, verbose=True, ml_usecase=None, preprocess=True, encode_labels=<function _SupervisedExperiment.predict_model.<locals>.encode_labels at 0x000001DBC5772660>)
2025-09-09 20:04:29,485:INFO:Checking exceptions
2025-09-09 20:04:29,485:INFO:Preloading libraries
2025-09-09 20:04:29,485:INFO:Set up data.
2025-09-09 20:04:29,504:INFO:Set up index.
2025-09-09 20:04:29,766:WARNING:C:\Users\Ilyas\AppData\Local\Temp\ipykernel_9648\1000335410.py:9: SettingWithCopyWarning: 
A value is trying to be set on a copy of a slice from a DataFrame.
Try using .loc[row_indexer,col_indexer] = value instead

See the caveats in the documentation: https://pandas.pydata.org/pandas-docs/stable/user_guide/indexing.html#returning-a-view-versus-a-copy
  data_37_mid['cs_preds'] = cs_preds_37[['cs_preds_trans']]

2025-09-09 20:04:29,975:WARNING:C:\Users\Ilyas\AppData\Local\Temp\ipykernel_9648\2812807366.py:3: SettingWithCopyWarning: 
A value is trying to be set on a copy of a slice from a DataFrame

See the caveats in the documentation: https://pandas.pydata.org/pandas-docs/stable/user_guide/indexing.html#returning-a-view-versus-a-copy
  data_38_mid_cs.drop(columns=['position', 'clean_sheets'], inplace=True)

2025-09-09 20:04:30,017:INFO:Initializing predict_model()
2025-09-09 20:04:30,017:INFO:predict_model(self=<pycaret.classification.oop.ClassificationExperiment object at 0x000001DBC5FEE690>, estimator=Pipeline(memory=Memory(location=None),
         steps=[('numerical_imputer',
                 TransformerWrapper(include=['whh', 'whd', 'wha',
                                             'team_h_difficulty',
                                             'team_a_difficulty',
                                             'ownership_change',
                                             'percenatge_net_transfers',
                                             'ict_index', 'influence',
                                             'creativity', 'threat',
                                             'clean_sheets_1',
                                             'expected_goals_conceded_1',
                                             'goals_conceded_1',
                                             'goals_scored_1', 'ict_index_1',
                                             'influence_...
                 TransformerWrapper(transformer=FixImbalancer(estimator=SMOTE(random_state=123)))),
                ('normalize', TransformerWrapper(transformer=StandardScaler())),
                ('feature_selection',
                 TransformerWrapper(exclude=[],
                                    transformer=SelectFromModel(estimator=LGBMClassifier(),
                                                                max_features=14,
                                                                threshold=-inf))),
                ('actual_estimator',
                 ExtraTreesClassifier(n_jobs=-1, random_state=123))]), probability_threshold=None, encoded_labels=False, raw_score=False, round=4, verbose=True, ml_usecase=None, preprocess=True, encode_labels=<function _SupervisedExperiment.predict_model.<locals>.encode_labels at 0x000001DBC6BF0EA0>)
2025-09-09 20:04:30,017:INFO:Checking exceptions
2025-09-09 20:04:30,017:INFO:Preloading libraries
2025-09-09 20:04:30,018:INFO:Set up data.
2025-09-09 20:04:30,036:INFO:Set up index.
2025-09-09 20:04:30,364:WARNING:C:\Users\Ilyas\AppData\Local\Temp\ipykernel_9648\2812807366.py:9: SettingWithCopyWarning: 
A value is trying to be set on a copy of a slice from a DataFrame.
Try using .loc[row_indexer,col_indexer] = value instead

See the caveats in the documentation: https://pandas.pydata.org/pandas-docs/stable/user_guide/indexing.html#returning-a-view-versus-a-copy
  data_38_mid['cs_preds'] = cs_preds_38[['cs_preds_trans']]

2025-09-09 20:04:30,549:INFO:Initializing load_model()
2025-09-09 20:04:30,549:INFO:load_model(model_name=../gk_y_model, platform=None, authentication=None, verbose=True)
2025-09-09 20:04:30,669:WARNING:C:\Users\Ilyas\AppData\Local\Temp\ipykernel_9648\1617082131.py:3: SettingWithCopyWarning: 
A value is trying to be set on a copy of a slice from a DataFrame

See the caveats in the documentation: https://pandas.pydata.org/pandas-docs/stable/user_guide/indexing.html#returning-a-view-versus-a-copy
  data_36_gk_y.drop(columns=['position', 'yellow_cards'], inplace=True)

2025-09-09 20:04:30,742:INFO:Initializing predict_model()
2025-09-09 20:04:30,742:INFO:predict_model(self=<pycaret.classification.oop.ClassificationExperiment object at 0x000001DBC6FE2210>, estimator=Pipeline(memory=Memory(location=None),
         steps=[('numerical_imputer',
                 TransformerWrapper(include=['whh', 'whd', 'wha',
                                             'team_h_difficulty',
                                             'team_a_difficulty',
                                             'ownership_change',
                                             'percenatge_net_transfers',
                                             'ict_index', 'influence',
                                             'creativity', 'threat',
                                             'clean_sheets_1',
                                             'expected_goals_conceded_1',
                                             'goals_conceded_1',
                                             'goals_scored_1', 'ict_index_1',
                                             'influence_...
                 TransformerWrapper(transformer=FixImbalancer(estimator=SMOTE(random_state=123)))),
                ('normalize', TransformerWrapper(transformer=StandardScaler())),
                ('feature_selection',
                 TransformerWrapper(exclude=[],
                                    transformer=SelectFromModel(estimator=LGBMClassifier(),
                                                                max_features=14,
                                                                threshold=-inf))),
                ('actual_estimator',
                 GradientBoostingClassifier(random_state=123))]), probability_threshold=None, encoded_labels=False, raw_score=False, round=4, verbose=True, ml_usecase=None, preprocess=True, encode_labels=<function _SupervisedExperiment.predict_model.<locals>.encode_labels at 0x000001DBC6BF3380>)
2025-09-09 20:04:30,742:INFO:Checking exceptions
2025-09-09 20:04:30,742:INFO:Preloading libraries
2025-09-09 20:04:30,742:INFO:Set up data.
2025-09-09 20:04:30,768:INFO:Set up index.
2025-09-09 20:04:30,913:WARNING:C:\Users\Ilyas\AppData\Local\Temp\ipykernel_9648\1617082131.py:9: SettingWithCopyWarning: 
A value is trying to be set on a copy of a slice from a DataFrame.
Try using .loc[row_indexer,col_indexer] = value instead

See the caveats in the documentation: https://pandas.pydata.org/pandas-docs/stable/user_guide/indexing.html#returning-a-view-versus-a-copy
  data_36_gk['y_preds'] = y_preds_36[['y_preds_trans']]

2025-09-09 20:04:31,111:WARNING:C:\Users\Ilyas\AppData\Local\Temp\ipykernel_9648\1183157391.py:3: SettingWithCopyWarning: 
A value is trying to be set on a copy of a slice from a DataFrame

See the caveats in the documentation: https://pandas.pydata.org/pandas-docs/stable/user_guide/indexing.html#returning-a-view-versus-a-copy
  data_37_gk_y.drop(columns=['position', 'yellow_cards'], inplace=True)

2025-09-09 20:04:31,139:INFO:Initializing predict_model()
2025-09-09 20:04:31,139:INFO:predict_model(self=<pycaret.classification.oop.ClassificationExperiment object at 0x000001DBC6124710>, estimator=Pipeline(memory=Memory(location=None),
         steps=[('numerical_imputer',
                 TransformerWrapper(include=['whh', 'whd', 'wha',
                                             'team_h_difficulty',
                                             'team_a_difficulty',
                                             'ownership_change',
                                             'percenatge_net_transfers',
                                             'ict_index', 'influence',
                                             'creativity', 'threat',
                                             'clean_sheets_1',
                                             'expected_goals_conceded_1',
                                             'goals_conceded_1',
                                             'goals_scored_1', 'ict_index_1',
                                             'influence_...
                 TransformerWrapper(transformer=FixImbalancer(estimator=SMOTE(random_state=123)))),
                ('normalize', TransformerWrapper(transformer=StandardScaler())),
                ('feature_selection',
                 TransformerWrapper(exclude=[],
                                    transformer=SelectFromModel(estimator=LGBMClassifier(),
                                                                max_features=14,
                                                                threshold=-inf))),
                ('actual_estimator',
                 GradientBoostingClassifier(random_state=123))]), probability_threshold=None, encoded_labels=False, raw_score=False, round=4, verbose=True, ml_usecase=None, preprocess=True, encode_labels=<function _SupervisedExperiment.predict_model.<locals>.encode_labels at 0x000001DBAFC78400>)
2025-09-09 20:04:31,139:INFO:Checking exceptions
2025-09-09 20:04:31,139:INFO:Preloading libraries
2025-09-09 20:04:31,151:INFO:Set up data.
2025-09-09 20:04:31,170:INFO:Set up index.
2025-09-09 20:04:31,316:WARNING:C:\Users\Ilyas\AppData\Local\Temp\ipykernel_9648\1183157391.py:9: SettingWithCopyWarning: 
A value is trying to be set on a copy of a slice from a DataFrame.
Try using .loc[row_indexer,col_indexer] = value instead

See the caveats in the documentation: https://pandas.pydata.org/pandas-docs/stable/user_guide/indexing.html#returning-a-view-versus-a-copy
  data_37_gk['y_preds'] = y_preds_37[['y_preds_trans']]

2025-09-09 20:04:31,526:WARNING:C:\Users\Ilyas\AppData\Local\Temp\ipykernel_9648\3872014283.py:3: SettingWithCopyWarning: 
A value is trying to be set on a copy of a slice from a DataFrame

See the caveats in the documentation: https://pandas.pydata.org/pandas-docs/stable/user_guide/indexing.html#returning-a-view-versus-a-copy
  data_38_gk_y.drop(columns=['position', 'yellow_cards'], inplace=True)

2025-09-09 20:04:31,559:INFO:Initializing predict_model()
2025-09-09 20:04:31,559:INFO:predict_model(self=<pycaret.classification.oop.ClassificationExperiment object at 0x000001DBB18C0710>, estimator=Pipeline(memory=Memory(location=None),
         steps=[('numerical_imputer',
                 TransformerWrapper(include=['whh', 'whd', 'wha',
                                             'team_h_difficulty',
                                             'team_a_difficulty',
                                             'ownership_change',
                                             'percenatge_net_transfers',
                                             'ict_index', 'influence',
                                             'creativity', 'threat',
                                             'clean_sheets_1',
                                             'expected_goals_conceded_1',
                                             'goals_conceded_1',
                                             'goals_scored_1', 'ict_index_1',
                                             'influence_...
                 TransformerWrapper(transformer=FixImbalancer(estimator=SMOTE(random_state=123)))),
                ('normalize', TransformerWrapper(transformer=StandardScaler())),
                ('feature_selection',
                 TransformerWrapper(exclude=[],
                                    transformer=SelectFromModel(estimator=LGBMClassifier(),
                                                                max_features=14,
                                                                threshold=-inf))),
                ('actual_estimator',
                 GradientBoostingClassifier(random_state=123))]), probability_threshold=None, encoded_labels=False, raw_score=False, round=4, verbose=True, ml_usecase=None, preprocess=True, encode_labels=<function _SupervisedExperiment.predict_model.<locals>.encode_labels at 0x000001DBC70345E0>)
2025-09-09 20:04:31,559:INFO:Checking exceptions
2025-09-09 20:04:31,559:INFO:Preloading libraries
2025-09-09 20:04:31,561:INFO:Set up data.
2025-09-09 20:04:31,582:INFO:Set up index.
2025-09-09 20:04:31,744:WARNING:C:\Users\Ilyas\AppData\Local\Temp\ipykernel_9648\3872014283.py:9: SettingWithCopyWarning: 
A value is trying to be set on a copy of a slice from a DataFrame.
Try using .loc[row_indexer,col_indexer] = value instead

See the caveats in the documentation: https://pandas.pydata.org/pandas-docs/stable/user_guide/indexing.html#returning-a-view-versus-a-copy
  data_38_gk['y_preds'] = y_preds_38[['y_preds_trans']]

2025-09-09 20:04:31,950:INFO:Initializing load_model()
2025-09-09 20:04:31,950:INFO:load_model(model_name=../def_y_model, platform=None, authentication=None, verbose=True)
2025-09-09 20:04:32,046:WARNING:C:\Users\Ilyas\AppData\Local\Temp\ipykernel_9648\760469649.py:3: SettingWithCopyWarning: 
A value is trying to be set on a copy of a slice from a DataFrame

See the caveats in the documentation: https://pandas.pydata.org/pandas-docs/stable/user_guide/indexing.html#returning-a-view-versus-a-copy
  data_36_def_y.drop(columns=['position', 'yellow_cards'], inplace=True)

2025-09-09 20:04:32,138:INFO:Initializing predict_model()
2025-09-09 20:04:32,138:INFO:predict_model(self=<pycaret.classification.oop.ClassificationExperiment object at 0x000001DBC70B8C50>, estimator=Pipeline(memory=Memory(location=None),
         steps=[('numerical_imputer',
                 TransformerWrapper(include=['whh', 'whd', 'wha',
                                             'team_h_difficulty',
                                             'team_a_difficulty',
                                             'ownership_change',
                                             'percenatge_net_transfers',
                                             'ict_index', 'influence',
                                             'creativity', 'threat',
                                             'clean_sheets_1',
                                             'expected_goals_conceded_1',
                                             'goals_conceded_1',
                                             'goals_scored_1', 'ict_index_1',
                                             'influence_...
                 TransformerWrapper(transformer=FixImbalancer(estimator=SMOTE(random_state=123)))),
                ('normalize', TransformerWrapper(transformer=StandardScaler())),
                ('feature_selection',
                 TransformerWrapper(exclude=[],
                                    transformer=SelectFromModel(estimator=LGBMClassifier(),
                                                                max_features=14,
                                                                threshold=-inf))),
                ('actual_estimator',
                 LGBMClassifier(n_jobs=-1, random_state=123))]), probability_threshold=None, encoded_labels=False, raw_score=False, round=4, verbose=True, ml_usecase=None, preprocess=True, encode_labels=<function _SupervisedExperiment.predict_model.<locals>.encode_labels at 0x000001DBC21DD260>)
2025-09-09 20:04:32,138:INFO:Checking exceptions
2025-09-09 20:04:32,138:INFO:Preloading libraries
2025-09-09 20:04:32,138:INFO:Set up data.
2025-09-09 20:04:32,167:INFO:Set up index.
2025-09-09 20:04:32,362:WARNING:C:\Users\Ilyas\AppData\Local\Temp\ipykernel_9648\760469649.py:9: SettingWithCopyWarning: 
A value is trying to be set on a copy of a slice from a DataFrame.
Try using .loc[row_indexer,col_indexer] = value instead

See the caveats in the documentation: https://pandas.pydata.org/pandas-docs/stable/user_guide/indexing.html#returning-a-view-versus-a-copy
  data_36_def['y_preds'] = y_preds_36[['y_preds_trans']]

2025-09-09 20:04:32,742:WARNING:C:\Users\Ilyas\AppData\Local\Temp\ipykernel_9648\1000463912.py:3: SettingWithCopyWarning: 
A value is trying to be set on a copy of a slice from a DataFrame

See the caveats in the documentation: https://pandas.pydata.org/pandas-docs/stable/user_guide/indexing.html#returning-a-view-versus-a-copy
  data_37_def_y.drop(columns=['position', 'yellow_cards'], inplace=True)

2025-09-09 20:04:32,805:INFO:Initializing predict_model()
2025-09-09 20:04:32,805:INFO:predict_model(self=<pycaret.classification.oop.ClassificationExperiment object at 0x000001DBC7028650>, estimator=Pipeline(memory=Memory(location=None),
         steps=[('numerical_imputer',
                 TransformerWrapper(include=['whh', 'whd', 'wha',
                                             'team_h_difficulty',
                                             'team_a_difficulty',
                                             'ownership_change',
                                             'percenatge_net_transfers',
                                             'ict_index', 'influence',
                                             'creativity', 'threat',
                                             'clean_sheets_1',
                                             'expected_goals_conceded_1',
                                             'goals_conceded_1',
                                             'goals_scored_1', 'ict_index_1',
                                             'influence_...
                 TransformerWrapper(transformer=FixImbalancer(estimator=SMOTE(random_state=123)))),
                ('normalize', TransformerWrapper(transformer=StandardScaler())),
                ('feature_selection',
                 TransformerWrapper(exclude=[],
                                    transformer=SelectFromModel(estimator=LGBMClassifier(),
                                                                max_features=14,
                                                                threshold=-inf))),
                ('actual_estimator',
                 LGBMClassifier(n_jobs=-1, random_state=123))]), probability_threshold=None, encoded_labels=False, raw_score=False, round=4, verbose=True, ml_usecase=None, preprocess=True, encode_labels=<function _SupervisedExperiment.predict_model.<locals>.encode_labels at 0x000001DBC5773100>)
2025-09-09 20:04:32,805:INFO:Checking exceptions
2025-09-09 20:04:32,805:INFO:Preloading libraries
2025-09-09 20:04:32,805:INFO:Set up data.
2025-09-09 20:04:32,832:INFO:Set up index.
2025-09-09 20:04:33,028:WARNING:C:\Users\Ilyas\AppData\Local\Temp\ipykernel_9648\1000463912.py:9: SettingWithCopyWarning: 
A value is trying to be set on a copy of a slice from a DataFrame.
Try using .loc[row_indexer,col_indexer] = value instead

See the caveats in the documentation: https://pandas.pydata.org/pandas-docs/stable/user_guide/indexing.html#returning-a-view-versus-a-copy
  data_37_def['y_preds'] = y_preds_37[['y_preds_trans']]

2025-09-09 20:04:33,265:WARNING:C:\Users\Ilyas\AppData\Local\Temp\ipykernel_9648\3796280288.py:3: SettingWithCopyWarning: 
A value is trying to be set on a copy of a slice from a DataFrame

See the caveats in the documentation: https://pandas.pydata.org/pandas-docs/stable/user_guide/indexing.html#returning-a-view-versus-a-copy
  data_38_def_y.drop(columns=['position', 'yellow_cards'], inplace=True)

2025-09-09 20:04:33,303:INFO:Initializing predict_model()
2025-09-09 20:04:33,303:INFO:predict_model(self=<pycaret.classification.oop.ClassificationExperiment object at 0x000001DBC6A7F890>, estimator=Pipeline(memory=Memory(location=None),
         steps=[('numerical_imputer',
                 TransformerWrapper(include=['whh', 'whd', 'wha',
                                             'team_h_difficulty',
                                             'team_a_difficulty',
                                             'ownership_change',
                                             'percenatge_net_transfers',
                                             'ict_index', 'influence',
                                             'creativity', 'threat',
                                             'clean_sheets_1',
                                             'expected_goals_conceded_1',
                                             'goals_conceded_1',
                                             'goals_scored_1', 'ict_index_1',
                                             'influence_...
                 TransformerWrapper(transformer=FixImbalancer(estimator=SMOTE(random_state=123)))),
                ('normalize', TransformerWrapper(transformer=StandardScaler())),
                ('feature_selection',
                 TransformerWrapper(exclude=[],
                                    transformer=SelectFromModel(estimator=LGBMClassifier(),
                                                                max_features=14,
                                                                threshold=-inf))),
                ('actual_estimator',
                 LGBMClassifier(n_jobs=-1, random_state=123))]), probability_threshold=None, encoded_labels=False, raw_score=False, round=4, verbose=True, ml_usecase=None, preprocess=True, encode_labels=<function _SupervisedExperiment.predict_model.<locals>.encode_labels at 0x000001DBC5E977E0>)
2025-09-09 20:04:33,303:INFO:Checking exceptions
2025-09-09 20:04:33,303:INFO:Preloading libraries
2025-09-09 20:04:33,303:INFO:Set up data.
2025-09-09 20:04:33,317:INFO:Set up index.
2025-09-09 20:04:33,532:WARNING:C:\Users\Ilyas\AppData\Local\Temp\ipykernel_9648\3796280288.py:9: SettingWithCopyWarning: 
A value is trying to be set on a copy of a slice from a DataFrame.
Try using .loc[row_indexer,col_indexer] = value instead

See the caveats in the documentation: https://pandas.pydata.org/pandas-docs/stable/user_guide/indexing.html#returning-a-view-versus-a-copy
  data_38_def['y_preds'] = y_preds_38[['y_preds_trans']]

2025-09-09 20:04:33,812:INFO:Initializing load_model()
2025-09-09 20:04:33,812:INFO:load_model(model_name=../mid_y_model, platform=None, authentication=None, verbose=True)
2025-09-09 20:04:33,948:WARNING:C:\Users\Ilyas\AppData\Local\Temp\ipykernel_9648\4202327116.py:3: SettingWithCopyWarning: 
A value is trying to be set on a copy of a slice from a DataFrame

See the caveats in the documentation: https://pandas.pydata.org/pandas-docs/stable/user_guide/indexing.html#returning-a-view-versus-a-copy
  data_36_mid_y.drop(columns=['position', 'yellow_cards'], inplace=True)

2025-09-09 20:04:34,016:INFO:Initializing predict_model()
2025-09-09 20:04:34,016:INFO:predict_model(self=<pycaret.classification.oop.ClassificationExperiment object at 0x000001DBC5DE1FD0>, estimator=Pipeline(memory=Memory(location=None),
         steps=[('numerical_imputer',
                 TransformerWrapper(include=['whh', 'whd', 'wha',
                                             'team_h_difficulty',
                                             'team_a_difficulty',
                                             'ownership_change',
                                             'percenatge_net_transfers',
                                             'ict_index', 'influence',
                                             'creativity', 'threat',
                                             'clean_sheets_1',
                                             'expected_goals_conceded_1',
                                             'goals_conceded_1',
                                             'goals_scored_1', 'ict_index_1',
                                             'influence_...
                 TransformerWrapper(transformer=FixImbalancer(estimator=SMOTE(random_state=123)))),
                ('normalize', TransformerWrapper(transformer=StandardScaler())),
                ('feature_selection',
                 TransformerWrapper(exclude=[],
                                    transformer=SelectFromModel(estimator=LGBMClassifier(),
                                                                max_features=14,
                                                                threshold=-inf))),
                ('actual_estimator',
                 RidgeClassifier(alpha=7.68, random_state=123))]), probability_threshold=None, encoded_labels=False, raw_score=False, round=4, verbose=True, ml_usecase=None, preprocess=True, encode_labels=<function _SupervisedExperiment.predict_model.<locals>.encode_labels at 0x000001DBC7036B60>)
2025-09-09 20:04:34,016:INFO:Checking exceptions
2025-09-09 20:04:34,016:INFO:Preloading libraries
2025-09-09 20:04:34,016:INFO:Set up data.
2025-09-09 20:04:34,053:INFO:Set up index.
2025-09-09 20:04:34,239:WARNING:C:\Users\Ilyas\AppData\Local\Temp\ipykernel_9648\4202327116.py:9: SettingWithCopyWarning: 
A value is trying to be set on a copy of a slice from a DataFrame.
Try using .loc[row_indexer,col_indexer] = value instead

See the caveats in the documentation: https://pandas.pydata.org/pandas-docs/stable/user_guide/indexing.html#returning-a-view-versus-a-copy
  data_36_mid['y_preds'] = y_preds_36[['y_preds_trans']]

2025-09-09 20:04:34,517:WARNING:C:\Users\Ilyas\AppData\Local\Temp\ipykernel_9648\748900506.py:3: SettingWithCopyWarning: 
A value is trying to be set on a copy of a slice from a DataFrame

See the caveats in the documentation: https://pandas.pydata.org/pandas-docs/stable/user_guide/indexing.html#returning-a-view-versus-a-copy
  data_37_mid_y.drop(columns=['position', 'yellow_cards'], inplace=True)

2025-09-09 20:04:34,569:INFO:Initializing predict_model()
2025-09-09 20:04:34,569:INFO:predict_model(self=<pycaret.classification.oop.ClassificationExperiment object at 0x000001DBC57E7D50>, estimator=Pipeline(memory=Memory(location=None),
         steps=[('numerical_imputer',
                 TransformerWrapper(include=['whh', 'whd', 'wha',
                                             'team_h_difficulty',
                                             'team_a_difficulty',
                                             'ownership_change',
                                             'percenatge_net_transfers',
                                             'ict_index', 'influence',
                                             'creativity', 'threat',
                                             'clean_sheets_1',
                                             'expected_goals_conceded_1',
                                             'goals_conceded_1',
                                             'goals_scored_1', 'ict_index_1',
                                             'influence_...
                 TransformerWrapper(transformer=FixImbalancer(estimator=SMOTE(random_state=123)))),
                ('normalize', TransformerWrapper(transformer=StandardScaler())),
                ('feature_selection',
                 TransformerWrapper(exclude=[],
                                    transformer=SelectFromModel(estimator=LGBMClassifier(),
                                                                max_features=14,
                                                                threshold=-inf))),
                ('actual_estimator',
                 RidgeClassifier(alpha=7.68, random_state=123))]), probability_threshold=None, encoded_labels=False, raw_score=False, round=4, verbose=True, ml_usecase=None, preprocess=True, encode_labels=<function _SupervisedExperiment.predict_model.<locals>.encode_labels at 0x000001DBC5E95DA0>)
2025-09-09 20:04:34,569:INFO:Checking exceptions
2025-09-09 20:04:34,569:INFO:Preloading libraries
2025-09-09 20:04:34,569:INFO:Set up data.
2025-09-09 20:04:34,612:INFO:Set up index.
2025-09-09 20:04:34,786:WARNING:C:\Users\Ilyas\AppData\Local\Temp\ipykernel_9648\748900506.py:9: SettingWithCopyWarning: 
A value is trying to be set on a copy of a slice from a DataFrame.
Try using .loc[row_indexer,col_indexer] = value instead

See the caveats in the documentation: https://pandas.pydata.org/pandas-docs/stable/user_guide/indexing.html#returning-a-view-versus-a-copy
  data_37_mid['y_preds'] = y_preds_37[['y_preds_trans']]

2025-09-09 20:04:35,033:WARNING:C:\Users\Ilyas\AppData\Local\Temp\ipykernel_9648\534717350.py:3: SettingWithCopyWarning: 
A value is trying to be set on a copy of a slice from a DataFrame

See the caveats in the documentation: https://pandas.pydata.org/pandas-docs/stable/user_guide/indexing.html#returning-a-view-versus-a-copy
  data_38_mid_y.drop(columns=['position', 'yellow_cards'], inplace=True)

2025-09-09 20:04:35,067:INFO:Initializing predict_model()
2025-09-09 20:04:35,067:INFO:predict_model(self=<pycaret.classification.oop.ClassificationExperiment object at 0x000001DBC6B2E510>, estimator=Pipeline(memory=Memory(location=None),
         steps=[('numerical_imputer',
                 TransformerWrapper(include=['whh', 'whd', 'wha',
                                             'team_h_difficulty',
                                             'team_a_difficulty',
                                             'ownership_change',
                                             'percenatge_net_transfers',
                                             'ict_index', 'influence',
                                             'creativity', 'threat',
                                             'clean_sheets_1',
                                             'expected_goals_conceded_1',
                                             'goals_conceded_1',
                                             'goals_scored_1', 'ict_index_1',
                                             'influence_...
                 TransformerWrapper(transformer=FixImbalancer(estimator=SMOTE(random_state=123)))),
                ('normalize', TransformerWrapper(transformer=StandardScaler())),
                ('feature_selection',
                 TransformerWrapper(exclude=[],
                                    transformer=SelectFromModel(estimator=LGBMClassifier(),
                                                                max_features=14,
                                                                threshold=-inf))),
                ('actual_estimator',
                 RidgeClassifier(alpha=7.68, random_state=123))]), probability_threshold=None, encoded_labels=False, raw_score=False, round=4, verbose=True, ml_usecase=None, preprocess=True, encode_labels=<function _SupervisedExperiment.predict_model.<locals>.encode_labels at 0x000001DBB185DEE0>)
2025-09-09 20:04:35,067:INFO:Checking exceptions
2025-09-09 20:04:35,067:INFO:Preloading libraries
2025-09-09 20:04:35,078:INFO:Set up data.
2025-09-09 20:04:35,102:INFO:Set up index.
2025-09-09 20:04:35,290:WARNING:C:\Users\Ilyas\AppData\Local\Temp\ipykernel_9648\534717350.py:9: SettingWithCopyWarning: 
A value is trying to be set on a copy of a slice from a DataFrame.
Try using .loc[row_indexer,col_indexer] = value instead

See the caveats in the documentation: https://pandas.pydata.org/pandas-docs/stable/user_guide/indexing.html#returning-a-view-versus-a-copy
  data_38_mid['y_preds'] = y_preds_38[['y_preds_trans']]

2025-09-09 20:04:35,545:INFO:Initializing load_model()
2025-09-09 20:04:35,546:INFO:load_model(model_name=../fwd_y_model, platform=None, authentication=None, verbose=True)
2025-09-09 20:04:35,666:WARNING:C:\Users\Ilyas\AppData\Local\Temp\ipykernel_9648\1527568222.py:3: SettingWithCopyWarning: 
A value is trying to be set on a copy of a slice from a DataFrame

See the caveats in the documentation: https://pandas.pydata.org/pandas-docs/stable/user_guide/indexing.html#returning-a-view-versus-a-copy
  data_36_fwd_y.drop(columns=['position', 'yellow_cards'], inplace=True)

2025-09-09 20:04:35,726:INFO:Initializing predict_model()
2025-09-09 20:04:35,726:INFO:predict_model(self=<pycaret.classification.oop.ClassificationExperiment object at 0x000001DBC6420350>, estimator=Pipeline(memory=Memory(location=None),
         steps=[('numerical_imputer',
                 TransformerWrapper(include=['whh', 'whd', 'wha',
                                             'team_h_difficulty',
                                             'team_a_difficulty',
                                             'ownership_change',
                                             'percenatge_net_transfers',
                                             'ict_index', 'influence',
                                             'creativity', 'threat',
                                             'clean_sheets_1',
                                             'expected_goals_conceded_1',
                                             'goals_conceded_1',
                                             'goals_scored_1', 'ict_index_1',
                                             'influence_...
                ('normalize', TransformerWrapper(transformer=StandardScaler())),
                ('feature_selection',
                 TransformerWrapper(exclude=[],
                                    transformer=SelectFromModel(estimator=LGBMClassifier(),
                                                                max_features=14,
                                                                threshold=-inf))),
                ('actual_estimator',
                 DecisionTreeClassifier(criterion='entropy', max_depth=6,
                                        max_features=1.0,
                                        min_impurity_decrease=0.002,
                                        min_samples_leaf=5, min_samples_split=5,
                                        random_state=123))]), probability_threshold=None, encoded_labels=False, raw_score=False, round=4, verbose=True, ml_usecase=None, preprocess=True, encode_labels=<function _SupervisedExperiment.predict_model.<locals>.encode_labels at 0x000001DBC6BF3240>)
2025-09-09 20:04:35,726:INFO:Checking exceptions
2025-09-09 20:04:35,726:INFO:Preloading libraries
2025-09-09 20:04:35,728:INFO:Set up data.
2025-09-09 20:04:35,752:INFO:Set up index.
2025-09-09 20:04:35,927:WARNING:C:\Users\Ilyas\AppData\Local\Temp\ipykernel_9648\1527568222.py:9: SettingWithCopyWarning: 
A value is trying to be set on a copy of a slice from a DataFrame.
Try using .loc[row_indexer,col_indexer] = value instead

See the caveats in the documentation: https://pandas.pydata.org/pandas-docs/stable/user_guide/indexing.html#returning-a-view-versus-a-copy
  data_36_fwd['y_preds'] = y_preds_36[['y_preds_trans']]

2025-09-09 20:04:36,199:WARNING:C:\Users\Ilyas\AppData\Local\Temp\ipykernel_9648\1446382472.py:3: SettingWithCopyWarning: 
A value is trying to be set on a copy of a slice from a DataFrame

See the caveats in the documentation: https://pandas.pydata.org/pandas-docs/stable/user_guide/indexing.html#returning-a-view-versus-a-copy
  data_37_fwd_y.drop(columns=['position', 'yellow_cards'], inplace=True)

2025-09-09 20:04:36,278:INFO:Initializing predict_model()
2025-09-09 20:04:36,278:INFO:predict_model(self=<pycaret.classification.oop.ClassificationExperiment object at 0x000001DBC5F92590>, estimator=Pipeline(memory=Memory(location=None),
         steps=[('numerical_imputer',
                 TransformerWrapper(include=['whh', 'whd', 'wha',
                                             'team_h_difficulty',
                                             'team_a_difficulty',
                                             'ownership_change',
                                             'percenatge_net_transfers',
                                             'ict_index', 'influence',
                                             'creativity', 'threat',
                                             'clean_sheets_1',
                                             'expected_goals_conceded_1',
                                             'goals_conceded_1',
                                             'goals_scored_1', 'ict_index_1',
                                             'influence_...
                ('normalize', TransformerWrapper(transformer=StandardScaler())),
                ('feature_selection',
                 TransformerWrapper(exclude=[],
                                    transformer=SelectFromModel(estimator=LGBMClassifier(),
                                                                max_features=14,
                                                                threshold=-inf))),
                ('actual_estimator',
                 DecisionTreeClassifier(criterion='entropy', max_depth=6,
                                        max_features=1.0,
                                        min_impurity_decrease=0.002,
                                        min_samples_leaf=5, min_samples_split=5,
                                        random_state=123))]), probability_threshold=None, encoded_labels=False, raw_score=False, round=4, verbose=True, ml_usecase=None, preprocess=True, encode_labels=<function _SupervisedExperiment.predict_model.<locals>.encode_labels at 0x000001DBC6BC8B80>)
2025-09-09 20:04:36,278:INFO:Checking exceptions
2025-09-09 20:04:36,278:INFO:Preloading libraries
2025-09-09 20:04:36,281:INFO:Set up data.
2025-09-09 20:04:36,323:INFO:Set up index.
2025-09-09 20:04:36,511:WARNING:C:\Users\Ilyas\AppData\Local\Temp\ipykernel_9648\1446382472.py:9: SettingWithCopyWarning: 
A value is trying to be set on a copy of a slice from a DataFrame.
Try using .loc[row_indexer,col_indexer] = value instead

See the caveats in the documentation: https://pandas.pydata.org/pandas-docs/stable/user_guide/indexing.html#returning-a-view-versus-a-copy
  data_37_fwd['y_preds'] = y_preds_37[['y_preds_trans']]

2025-09-09 20:04:36,780:WARNING:C:\Users\Ilyas\AppData\Local\Temp\ipykernel_9648\2534606343.py:3: SettingWithCopyWarning: 
A value is trying to be set on a copy of a slice from a DataFrame

See the caveats in the documentation: https://pandas.pydata.org/pandas-docs/stable/user_guide/indexing.html#returning-a-view-versus-a-copy
  data_38_fwd_y.drop(columns=['position', 'yellow_cards'], inplace=True)

2025-09-09 20:04:36,880:INFO:Initializing predict_model()
2025-09-09 20:04:36,880:INFO:predict_model(self=<pycaret.classification.oop.ClassificationExperiment object at 0x000001DBC5E43210>, estimator=Pipeline(memory=Memory(location=None),
         steps=[('numerical_imputer',
                 TransformerWrapper(include=['whh', 'whd', 'wha',
                                             'team_h_difficulty',
                                             'team_a_difficulty',
                                             'ownership_change',
                                             'percenatge_net_transfers',
                                             'ict_index', 'influence',
                                             'creativity', 'threat',
                                             'clean_sheets_1',
                                             'expected_goals_conceded_1',
                                             'goals_conceded_1',
                                             'goals_scored_1', 'ict_index_1',
                                             'influence_...
                ('normalize', TransformerWrapper(transformer=StandardScaler())),
                ('feature_selection',
                 TransformerWrapper(exclude=[],
                                    transformer=SelectFromModel(estimator=LGBMClassifier(),
                                                                max_features=14,
                                                                threshold=-inf))),
                ('actual_estimator',
                 DecisionTreeClassifier(criterion='entropy', max_depth=6,
                                        max_features=1.0,
                                        min_impurity_decrease=0.002,
                                        min_samples_leaf=5, min_samples_split=5,
                                        random_state=123))]), probability_threshold=None, encoded_labels=False, raw_score=False, round=4, verbose=True, ml_usecase=None, preprocess=True, encode_labels=<function _SupervisedExperiment.predict_model.<locals>.encode_labels at 0x000001DBC5E977E0>)
2025-09-09 20:04:36,880:INFO:Checking exceptions
2025-09-09 20:04:36,880:INFO:Preloading libraries
2025-09-09 20:04:36,880:INFO:Set up data.
2025-09-09 20:04:36,963:INFO:Set up index.
2025-09-09 20:04:37,181:WARNING:C:\Users\Ilyas\AppData\Local\Temp\ipykernel_9648\2534606343.py:9: SettingWithCopyWarning: 
A value is trying to be set on a copy of a slice from a DataFrame.
Try using .loc[row_indexer,col_indexer] = value instead

See the caveats in the documentation: https://pandas.pydata.org/pandas-docs/stable/user_guide/indexing.html#returning-a-view-versus-a-copy
  data_38_fwd['y_preds'] = y_preds_38[['y_preds_trans']]

