,assists_x,bonus,bps,clean_sheets,creativity,element,expected_assists,expected_goal_involvements,expected_goals,expected_goals_conceded,fixture,goals_conceded,goals_scored,ict_index,influence,date,minutes,mng_clean_sheets,mng_draw,mng_goals_scored,mng_loss,mng_underdog_draw,mng_underdog_win,mng_win,modified,opponent_team,own_goals,penalties_missed,penalties_saved,red_cards,round,saves,selected,starts,team_a_score,team_h_score,threat,total_points,transfers_balance,transfers_in,transfers_out,value,was_home,yellow_cards,goals,shots,xG,time,h_team,a_team,h_goals,a_goals,id,season,roster_id,xA,assists_y,key_passes,npg,npxG,xGChain,xGBuildup,player_team,team_h_difficulty,team_a_difficulty,event,xP,position,clean_sheets_1,expected_assists_1,expected_goal_involvements_1,expected_goals_1,expected_goals_conceded_1,goals_conceded_1,goals_scored_1,ict_index_1,influence_1,creativity_1,threat_1,minutes_1,own_goals_1,penalties_missed_1,penalties_saved_1,red_cards_1,yellow_cards_1,saves_1,starts_1,team_a_score_1,team_h_score_1,total_points_1,goals_1,shots_1,xG_1,xA_1,assists_x_1,assists_y_1,key_passes_1,npg_1,npxG_1,xGChain_1,xGBuildup_1,xP_1,clean_sheets_3,expected_assists_3,expected_goal_involvements_3,expected_goals_3,expected_goals_conceded_3,goals_conceded_3,goals_scored_3,ict_index_3,influence_3,creativity_3,threat_3,minutes_3,own_goals_3,penalties_missed_3,penalties_saved_3,red_cards_3,yellow_cards_3,saves_3,starts_3,team_a_score_3,team_h_score_3,total_points_3,goals_3,shots_3,xG_3,xA_3,assists_x_3,assists_y_3,key_passes_3,npg_3,npxG_3,xGChain_3,xGBuildup_3,xP_3,clean_sheets_5,expected_assists_5,expected_goal_involvements_5,expected_goals_5,expected_goals_conceded_5,goals_conceded_5,goals_scored_5,ict_index_5,influence_5,creativity_5,threat_5,minutes_5,own_goals_5,penalties_missed_5,penalties_saved_5,red_cards_5,yellow_cards_5,saves_5,starts_5,team_a_score_5,team_h_score_5,total_points_5,goals_5,shots_5,xG_5,xA_5,assists_x_5,assists_y_5,key_passes_5,npg_5,npxG_5,xGChain_5,xGBuildup_5,xP_5,ownership_change,percenatge_net_transfers,pts_bps,whh,whd,wha,saves_preds,xgc_preds,xG_preds,xA_preds,y_preds,cs_preds,xP_preds,fpl_name,understat_name,team
16,0,0,6,0,16.8,517,0.39,0.51,0.12,1.41,370,1,0,3.5,9.0,2025-05-18,57,0,0,0,0,0,0,0,False,16,0,0,0,0,37,0,195939,1,2,1,9.0,1,-1335,1373,2708,3.9,True,0,0,2,0.066672645509243,64,West Ham,Nottingham Forest,1,2,26971,2024,728403,0.0542100295424461,0,1,0,0.066672645509243,0.1840058118104934,0.1173331663012504,West Ham,4,2,37,1.5,DEF,1.0,0.18,0.18,0.0,2.28,0.0,0.0,2.6,10.4,15.3,0.0,90.0,0.0,0.0,0.0,0.0,1.0,0.0,1.0,2.0,0.0,5.0,0.0,0.0,0.0,0.09,0.0,0.0,1.0,0.0,0.0,0.06,0.06,1.8,0.33,0.09,0.09,0.0,1.17,0.67,0.0,2.1,14.0,7.13,0.0,74.0,0.0,0.0,0.0,0.0,0.33,0.0,1.0,1.0,0.67,2.67,0.0,0.0,0.0,0.03,0.0,0.0,0.33,0.0,0.0,0.16,0.16,1.1,0.4,0.2,0.2,0.0,1.05,0.6,0.0,2.76,16.56,11.12,0.0,76.0,0.0,0.0,0.0,0.0,0.2,0.0,1.0,0.8,0.8,3.8,0.0,0.0,0.0,0.25,0.0,0.0,0.6,0.0,0.0,0.24,0.12,2.2,-1072.0,-0.327125704484195,1.0,0.343,0.286,0.37,,0.6821297407150269,0.0418885424277464,0.040208895245388,0,0.0,2.0309579403026423,Aaron Cresswell,Aaron Cresswell,West Ham
46,0,0,3,0,0.0,14,0.0,0.0,0.0,2.73,367,2,0,1.7,17.0,2025-05-18,90,0,0,0,0,0,0,0,False,8,0,0,0,0,37,2,161121,1,0,2,0.0,1,3965,6168,2203,4.4,False,0,0,0,0.0,90,Everton,Southampton,2,0,26968,2024,728291,0.0,0,0,0,0.0,0.1360867917537689,0.1360867917537689,Southampton,1,3,37,3.0,GK,1.0,0.0,0.0,0.0,1.82,0.0,0.0,3.2,31.8,0.0,0.0,90.0,0.0,0.0,0.0,0.0,0.0,4.0,1.0,0.0,0.0,10.0,0.0,0.0,0.0,0.0,0.0,0.0,0.0,0.0,0.0,0.0,0.0,3.0,0.33,0.0,0.0,0.0,1.88,1.33,0.0,2.47,24.6,0.0,0.0,90.0,0.0,0.0,0.0,0.0,0.0,3.0,1.0,0.67,1.0,4.33,0.0,0.0,0.0,0.0,0.0,0.0,0.0,0.0,0.0,0.01,0.01,2.83,0.2,0.0,0.0,0.0,1.92,1.6,0.0,3.82,38.0,0.02,0.0,90.0,0.0,0.0,0.4,0.0,0.0,3.8,1.0,1.2,0.8,6.4,0.0,0.0,0.0,0.0,0.0,0.0,0.0,0.0,0.0,0.05,0.05,2.76,4969.0,0.4736590610440807,1.0,0.675,0.199,0.126,2.2395682840693865,1.3528694742991312,,,0,0.0,2.0709999999999997,Aaron Ramsdale,Aaron Ramsdale,Southampton
82,0,0,8,0,5.3,388,0.02,0.02,0.0,1.96,370,2,0,3.2,25.0,2025-05-18,90,0,0,0,0,0,0,0,False,16,0,0,0,0,37,0,604781,1,2,1,2.0,1,43097,48871,5774,4.4,True,0,0,0,0.0,90,West Ham,Nottingham Forest,1,2,26971,2024,728407,0.0,0,0,0,0.0,0.2620239853858948,0.2620239853858948,West Ham,4,2,37,4.7,DEF,1.0,0.22,0.22,0.0,2.28,0.0,0.0,6.3,33.4,23.8,6.0,90.0,0.0,0.0,0.0,0.0,0.0,0.0,1.0,2.0,0.0,12.0,0.0,0.0,0.0,0.53,1.0,1.0,2.0,0.0,0.0,0.53,0.06,5.0,0.33,0.12,0.18,0.06,1.45,1.33,0.0,6.07,26.53,21.6,12.67,90.0,0.0,0.0,0.0,0.0,0.0,0.0,1.0,1.67,1.33,6.67,0.0,1.0,0.06,0.37,0.67,0.67,1.67,0.0,0.06,0.68,0.45,2.4,0.2,0.1,0.14,0.04,1.65,1.6,0.0,5.14,24.6,18.6,8.4,90.0,0.0,0.0,0.0,0.0,0.0,0.0,1.0,1.6,1.6,4.4,0.0,0.6,0.04,0.28,0.4,0.4,1.4,0.0,0.04,0.54,0.34,1.68,47607.0,0.7886723396468113,1.0,0.343,0.286,0.37,,1.4636318683624268,0.0047765668397732,-5.972489169892015e-10,0,1.0,5.296659399246892,Aaron Wan-Bissaka,Aaron Wan-Bissaka,West Ham
115,0,0,7,1,16.8,217,0.17,0.44,0.27,0.35,367,0,0,3.8,5.2,2025-05-18,64,0,0,0,0,0,0,0,False,17,0,0,0,0,37,0,73261,1,0,2,16.0,3,14274,17543,3269,5.1,True,0,0,2,0.366976261138916,67,Everton,Southampton,2,0,26968,2024,728283,0.0873327106237411,0,1,0,0.366976261138916,1.3220051527023315,1.01520037651062,Everton,1,3,37,3.0,MID,0.0,0.02,0.02,0.0,0.64,1.0,0.0,3.4,20.0,11.8,2.0,60.0,0.0,0.0,0.0,0.0,0.0,0.0,1.0,3.0,1.0,5.0,0.0,0.0,0.0,0.02,1.0,1.0,1.0,0.0,0.0,0.12,0.1,2.2,0.0,0.02,0.12,0.1,1.19,1.33,0.0,3.17,11.93,5.53,14.0,80.0,0.0,0.0,0.0,0.0,0.0,0.0,1.0,1.67,0.67,3.0,0.0,1.0,0.18,0.01,0.33,0.33,0.33,0.0,0.18,0.35,0.19,1.9,0.2,0.03,0.16,0.14,1.17,1.0,0.2,4.34,16.6,9.28,17.4,84.0,0.0,0.0,0.0,0.0,0.2,0.0,1.0,1.4,0.6,4.2,0.2,1.2,0.19,0.04,0.2,0.2,0.6,0.2,0.19,0.37,0.17,1.44,16104.0,0.685854314818374,3.0,0.675,0.199,0.126,,,0.1267861345722762,0.0590574795588347,0,0.0,2.8111031115378853,Abdoulaye Doucouré,Abdoulaye Doucouré,Everton
185,0,0,-2,0,1.2,81,0.0,0.0,0.0,0.16,369,1,0,0.1,0.0,2025-05-20,21,0,0,0,0,0,0,0,False,13,0,0,0,0,37,0,14836,0,1,3,0.0,1,-100,74,174,4.4,False,0,0,0,0.0,19,Manchester City,Bournemouth,3,1,26970,2024,729340,0.0,0,0,0,0.0,0.0,0.0,Bournemouth,3,4,37,0.3,DEF,0.0,0.01,0.01,0.0,0.98,1.0,0.0,0.2,0.2,1.8,0.0,69.0,0.0,0.0,0.0,0.0,1.0,0.0,1.0,1.0,0.0,1.0,0.0,0.0,0.0,0.0,0.0,0.0,0.0,0.0,0.0,0.05,0.05,2.0,0.33,0.07,0.09,0.02,1.29,0.67,0.0,2.7,8.67,14.4,4.0,80.67,0.0,0.0,0.0,0.0,0.67,0.0,1.0,0.67,0.33,2.67,0.0,0.67,0.02,0.05,0.0,0.0,0.67,0.0,0.02,0.18,0.14,1.83,0.4,0.05,0.06,0.01,1.06,0.6,0.0,2.14,8.36,11.06,2.4,79.6,0.0,0.0,0.0,0.0,0.6,0.0,1.0,0.8,0.8,3.0,0.0,0.4,0.01,0.04,0.0,0.0,0.6,0.0,0.01,0.13,0.11,1.34,-97.0,-0.4032258064516129,1.0,0.614,0.22,0.166,,0.8803849220275879,0.0007014433727223,-5.972489169892015e-10,1,0.0,0.5642086584445871,Adam Smith,Adam Smith,Bournemouth
199,0,0,4,0,2.2,147,0.02,0.02,0.0,2.24,364,2,0,1.6,13.6,2025-05-19,90,0,0,0,0,0,0,0,False,12,0,0,0,0,37,0,9219,1,2,3,0.0,0,203,272,69,4.3,True,1,0,0,0.0,90,Brighton,Liverpool,3,2,26965,2024,729251,0.0,0,0,0,0.0,0.239042654633522,0.239042654633522,Brighton,5,3,37,1.0,DEF,1.0,0.01,0.01,0.0,0.91,0.0,0.0,1.7,16.4,0.7,0.0,90.0,0.0,0.0,0.0,0.0,0.0,0.0,1.0,2.0,0.0,8.0,0.0,0.0,0.0,0.0,0.0,0.0,0.0,0.0,0.0,0.05,0.05,2.0,0.33,0.04,0.04,0.0,1.18,1.0,0.0,2.73,16.67,8.07,2.67,90.0,0.0,0.0,0.0,0.0,0.0,0.0,1.0,1.67,1.33,3.67,0.0,0.0,0.0,0.1,0.0,0.0,0.67,0.0,0.0,0.38,0.38,2.77,0.4,0.03,0.03,0.0,1.02,0.8,0.0,2.86,19.32,7.32,2.0,90.0,0.0,0.0,0.0,0.0,0.0,0.0,1.0,2.0,1.2,3.8,0.0,0.0,0.0,0.08,0.0,0.0,0.6,0.0,0.0,0.59,0.58,3.24,250.0,0.5953079178885631,0.0,0.363,0.252,0.385,,1.264787197113037,3.9846503874230166e-10,-5.972489169892015e-10,0,1.0,5.368000000599044,Adam Webster,Adam Webster,Brighton
255,2,1,30,0,40.8,239,0.09,0.15,0.06,2.73,363,2,0,8.5,27.0,2025-05-18,79,0,0,0,0,0,0,0,False,4,0,0,0,0,37,0,162438,1,3,2,17.0,9,-760,1796,2556,4.5,False,0,0,1,0.0836355984210968,84,Brentford,Fulham,2,3,26964,2024,728517,0.1267330944538116,1,3,0,0.0836355984210968,0.2660003304481506,0.1302553713321685,Fulham,3,3,37,3.8,MID,0.0,0.03,0.03,0.0,0.3,2.0,0.0,2.0,4.8,14.7,0.0,27.0,0.0,0.0,0.0,0.0,0.0,0.0,0.0,3.0,1.0,1.0,0.0,0.0,0.0,0.03,0.0,0.0,1.0,0.0,0.0,0.03,0.0,1.8,0.0,0.17,0.2,0.03,0.36,0.67,0.0,4.63,13.73,27.77,4.67,31.67,0.0,0.0,0.0,0.0,0.33,0.0,0.0,1.67,1.0,2.0,0.0,0.67,0.04,0.25,0.33,0.33,2.0,0.0,0.04,0.3,0.15,1.2,0.0,0.1,0.12,0.02,0.24,0.6,0.0,3.26,9.72,19.52,3.2,26.8,0.0,0.0,0.0,0.0,0.2,0.0,0.0,1.4,1.0,1.6,0.0,0.4,0.02,0.16,0.2,0.2,1.4,0.0,0.02,0.19,0.09,0.96,-773.0,-0.1746323529411764,8.0,0.495,0.242,0.263,,,0.1368746829625835,0.207493944990768,0,0.0,2.3068552497852215,Adama Traoré,Adama Traoré,Fulham
292,0,0,4,0,0.3,372,0.02,0.02,0.0,0.26,365,1,0,0.5,2.2,2025-05-16,20,0,0,0,0,0,0,0,False,6,0,0,0,0,37,0,554950,0,0,1,2.0,1,-7027,3596,10623,5.9,False,0,0,0,0.0,15,Chelsea,Manchester United,1,0,26966,2024,727558,0.0,0,0,0,0.0,0.0577558502554893,0.0577558502554893,Manchester United,2,4,37,4.0,MID,0.0,0.03,0.15,0.12,0.29,0.0,0.0,5.1,6.2,29.8,15.0,31.0,0.0,0.0,0.0,0.0,0.0,0.0,0.0,2.0,0.0,1.0,0.0,1.0,0.26,0.04,0.0,0.0,2.0,0.0,0.26,0.18,0.16,4.2,0.0,0.17,0.55,0.38,1.21,1.67,0.33,9.07,24.27,34.57,31.67,70.33,0.0,0.0,0.0,0.0,0.33,0.0,0.67,2.0,1.67,5.0,0.33,3.67,0.32,0.24,0.33,0.33,2.67,0.33,0.32,0.56,0.4,3.23,0.0,0.18,0.44,0.26,1.02,1.6,0.4,8.48,24.44,29.06,31.2,71.0,0.0,0.0,0.0,0.0,0.2,0.0,0.8,1.6,1.8,4.6,0.4,2.8,0.23,0.2,0.2,0.2,2.2,0.4,0.23,0.54,0.35,2.54,-9422.0,-0.4941979042126732,1.0,0.659,0.19,0.152,,,0.0021350461468898,-5.689893001203925e-10,0,0.0,2.010675229027481,Alejandro Garnacho,Alejandro Garnacho,Man Utd
329,0,0,6,0,2.1,247,0.02,0.06,0.04,2.61,363,2,0,0.8,0.6,2025-05-18,65,0,0,0,0,0,0,0,False,4,0,0,0,0,37,0,653359,1,3,2,5.0,2,-60730,7491,68221,5.5,False,0,0,1,0.0978299304842948,70,Brentford,Fulham,2,3,26964,2024,728519,0.0,0,0,0,0.0978299304842948,0.2489530444145202,0.1511231213808059,Fulham,3,3,37,2.8,MID,0.0,0.19,0.28,0.09,1.12,3.0,0.0,9.0,21.4,48.3,20.0,90.0,0.0,0.0,0.0,0.0,0.0,0.0,1.0,3.0,1.0,2.0,0.0,3.0,0.14,0.11,0.0,0.0,3.0,0.0,0.14,0.89,0.7,4.2,0.0,0.2,0.33,0.13,0.74,1.67,0.0,7.37,18.8,38.0,17.0,83.33,0.0,0.0,0.0,0.0,0.0,0.0,1.0,1.67,1.0,3.0,0.0,2.0,0.11,0.14,0.33,0.33,2.33,0.0,0.11,0.53,0.37,2.8,0.0,0.17,0.29,0.12,0.89,1.4,0.2,6.66,21.48,28.08,17.0,84.6,0.0,0.0,0.0,0.0,0.0,0.0,1.0,1.4,1.0,3.8,0.2,1.8,0.1,0.17,0.2,0.2,1.6,0.2,0.1,0.44,0.22,2.88,-62377.0,-0.8021185545224007,2.0,0.495,0.242,0.263,,,0.0646273778018726,-5.689893001203925e-10,0,0.0,2.323136887302395,Alex Iwobi,Alex Iwobi,Fulham
464,0,0,17,0,0.0,310,0.0,0.0,0.0,2.2,364,3,0,6.2,62.4,2025-05-19,90,0,0,0,0,0,0,0,False,5,0,0,0,0,37,9,964019,1,2,3,0.0,4,-1699,9120,10819,5.5,False,0,0,0,0.0,90,Brighton,Liverpool,3,2,26965,2024,729264,0.0,0,0,0,0.0,0.1487448811531067,0.1487448811531067,Liverpool,5,3,37,3.5,GK,0.0,0.0,0.0,0.0,2.31,2.0,0.0,2.8,27.8,0.0,0.0,90.0,0.0,0.0,0.0,0.0,0.0,4.0,1.0,2.0,2.0,2.0,0.0,0.0,0.0,0.0,0.0,0.0,0.0,0.0,0.0,0.56,0.56,3.0,0.0,0.0,0.0,0.0,1.97,2.0,0.0,2.83,28.4,0.0,0.0,90.0,0.0,0.0,0.0,0.0,0.0,3.67,1.0,1.33,3.33,2.0,0.0,0.0,0.0,0.0,0.0,0.0,0.0,0.0,0.0,0.21,0.21,2.4,0.2,0.0,0.0,0.0,1.53,1.4,0.0,2.54,25.44,0.0,0.0,90.0,0.0,0.0,0.0,0.0,0.0,3.0,1.0,1.2,2.4,3.0,0.0,0.0,0.0,0.0,0.0,0.0,0.0,0.0,0.0,0.38,0.38,2.18,907.0,-0.0852098901650032,4.0,0.363,0.252,0.385,7.59924549977387,2.329790850454897,,,0,0.0,3.3679999999999994,Alisson Ramses Becker,Alisson,Liverpool
491,0,0,4,0,0.0,513,0.0,0.0,0.0,1.96,370,2,0,1.8,18.4,2025-05-18,90,0,0,0,0,0,0,0,False,16,0,0,0,0,37,3,794899,1,2,1,0.0,2,9628,16508,6880,4.2,True,0,0,0,0.0,90,West Ham,Nottingham Forest,1,2,26971,2024,728400,0.0,0,0,0,0.0,0.1770735383033752,0.1770735383033752,West Ham,4,2,37,3.3,GK,1.0,0.0,0.0,0.0,2.28,0.0,0.0,4.4,44.0,0.0,0.0,90.0,0.0,0.0,0.0,0.0,0.0,5.0,1.0,2.0,0.0,8.0,0.0,0.0,0.0,0.0,0.0,0.0,0.0,0.0,0.0,0.09,0.09,4.0,0.33,0.0,0.0,0.0,1.45,1.33,0.0,3.27,32.6,0.0,0.0,90.0,0.0,0.0,0.0,0.0,0.0,4.0,1.0,1.67,1.33,4.33,0.0,0.0,0.0,0.0,0.0,0.0,0.0,0.0,0.0,0.23,0.23,2.17,0.2,0.0,0.0,0.0,1.36,1.4,0.0,2.82,28.2,0.0,0.0,90.0,0.0,0.0,0.0,0.0,0.0,3.8,1.0,1.4,1.4,3.6,0.0,0.0,0.0,0.0,0.0,0.0,0.0,0.0,0.0,0.2,0.2,1.84,10955.0,0.4116641012485035,2.0,0.343,0.286,0.37,2.1931186257182467,1.239970182444826,,,0,0.0,2.1109999999999998,Alphonse Areola,Alphonse Areola,West Ham
516,0,0,26,1,19.8,233,0.17,0.17,0.0,0.51,362,0,0,3.6,16.2,2025-05-16,87,0,0,0,0,0,0,0,False,18,0,0,0,0,37,0,244540,1,0,2,0.0,3,704,1191,487,4.8,True,0,0,0,0.0,89,Aston Villa,Tottenham,2,0,26963,2024,727509,0.3932551145553589,0,1,0,0.0,0.6658324003219604,0.6658324003219604,Aston Villa,2,4,37,2.3,MID,1.0,0.02,0.02,0.0,0.8,0.0,0.0,2.6,18.8,5.3,2.0,90.0,0.0,0.0,0.0,0.0,0.0,0.0,1.0,1.0,0.0,3.0,0.0,0.0,0.0,0.0,0.0,0.0,0.0,0.0,0.0,0.45,0.45,3.0,0.33,0.07,0.13,0.06,0.65,0.33,0.0,2.53,12.2,8.0,5.0,64.67,0.0,0.0,0.0,0.0,0.0,0.0,0.67,0.67,1.0,2.0,0.0,0.33,0.03,0.01,0.0,0.0,0.33,0.0,0.03,0.67,0.66,3.53,0.4,0.08,0.13,0.05,0.5,0.2,0.2,3.74,19.92,10.72,6.6,60.0,0.0,0.0,0.0,0.0,0.0,0.0,0.6,1.2,1.4,3.0,0.2,0.6,0.03,0.02,0.0,0.0,0.6,0.2,0.03,0.64,0.62,3.04,806.0,0.4195470798569726,3.0,0.73,0.158,0.112,,,-6.725144885422194e-10,0.0657701773429868,0,0.0,2.197310528666388,Amadou Onana,Amadou Onana,Aston Villa
617,0,0,13,0,0.0,383,0.01,0.01,0.0,0.82,365,1,0,1.9,18.6,2025-05-16,90,0,0,0,0,0,0,0,False,6,0,0,0,0,37,2,586234,1,0,1,0.0,2,-9938,745,10683,4.9,False,0,0,0,0.0,90,Chelsea,Manchester United,1,0,26966,2024,727547,0.0,0,0,0,0.0,0.1631859242916107,0.1631859242916107,Manchester United,2,4,37,1.0,GK,0.0,0.0,0.0,0.0,0.53,1.0,0.0,0.4,3.6,0.0,0.0,90.0,0.0,0.0,0.0,0.0,0.0,0.0,1.0,1.0,1.0,2.0,0.0,0.0,0.0,0.0,0.0,0.0,0.0,0.0,0.0,0.43,0.43,0.0,0.33,0.0,0.0,0.0,0.42,0.67,0.0,1.53,15.0,0.0,0.0,90.0,0.0,0.0,0.0,0.0,0.0,2.33,1.0,0.67,0.33,5.0,0.0,0.0,0.0,0.0,0.0,0.0,0.0,0.0,0.0,0.21,0.21,3.33,0.4,0.0,0.0,0.0,0.58,0.6,0.0,1.64,16.36,0.0,0.0,90.0,0.0,0.0,0.0,0.0,0.0,2.2,1.0,1.0,0.4,4.8,0.0,0.0,0.0,0.0,0.0,0.0,0.0,0.0,0.0,0.14,0.14,3.44,-25360.0,-0.8696184809240463,2.0,0.659,0.19,0.152,2.053412573876286,1.1311819060540311,,,0,1.0,6.118,André Onana,André Onana,Man Utd
649,0,0,6,0,3.5,642,0.01,0.01,0.0,1.1,366,2,0,0.8,4.0,2025-05-20,45,0,0,0,0,0,0,0,False,7,0,0,0,0,37,0,3943,1,2,4,0.0,1,-57,84,141,5.0,False,0,0,0,0.0,49,Crystal Palace,Wolverhampton Wanderers,4,2,26967,2024,729301,0.0,0,0,0,0.0,0.0,0.0,Wolverhampton Wanderers,3,3,37,2.0,MID,0.0,0.02,0.02,0.0,1.57,2.0,0.0,4.5,28.8,16.3,0.0,88.0,0.0,0.0,0.0,0.0,0.0,0.0,1.0,2.0,0.0,2.0,0.0,0.0,0.0,0.02,0.0,0.0,1.0,0.0,0.0,0.06,0.04,2.2,0.33,0.02,0.06,0.04,1.13,1.0,0.0,3.43,19.67,13.63,1.0,83.33,0.0,0.0,0.0,0.0,0.0,0.0,1.0,0.67,1.33,2.33,0.0,0.67,0.02,0.05,0.0,0.0,1.0,0.0,0.02,0.32,0.26,1.3,0.4,0.02,0.04,0.02,1.33,1.0,0.0,2.9,16.64,11.8,0.6,86.0,0.0,0.0,0.0,0.0,0.2,0.0,1.0,1.0,1.6,2.2,0.0,0.4,0.01,0.03,0.0,0.0,0.8,0.0,0.01,0.25,0.21,1.14,-59.0,-0.2533333333333333,1.0,0.419,0.286,0.295,,,-6.725144885422194e-10,-5.689893001203925e-10,1,0.0,0.9999999949304597,,,
697,1,0,18,0,38.0,432,0.44,0.62,0.18,1.11,370,1,0,8.9,23.6,2025-05-18,90,0,0,0,0,0,0,0,False,19,0,0,0,0,37,0,1178067,1,2,1,27.0,5,-12686,41191,53877,5.5,False,0,0,1,0.3025937676429748,90,West Ham,Nottingham Forest,1,2,26971,2024,728426,0.3342024981975555,1,2,0,0.3025937676429748,0.3124499320983886,0.0,Nottingham Forest,4,2,37,4.5,MID,0.0,0.34,0.37,0.03,1.07,2.0,0.0,8.9,27.8,53.0,8.0,90.0,0.0,0.0,0.0,0.0,0.0,0.0,1.0,2.0,2.0,7.0,0.0,1.0,0.04,0.68,1.0,1.0,3.0,0.0,0.04,0.22,0.04,4.8,0.0,0.22,0.32,0.1,1.76,1.67,0.0,8.63,18.6,38.53,29.0,90.0,0.0,0.0,0.0,0.0,0.0,0.0,1.0,1.67,1.0,3.67,0.0,2.0,0.11,0.29,0.33,0.33,2.33,0.0,0.11,0.17,0.01,2.5,0.0,0.15,0.21,0.06,1.47,1.2,0.0,5.92,14.68,26.6,17.8,69.2,0.0,0.0,0.0,0.0,0.0,0.0,0.8,1.6,0.8,3.2,0.0,1.2,0.06,0.25,0.4,0.4,1.6,0.0,0.06,0.12,0.03,2.44,-33018.0,-0.1334413262086085,5.0,0.343,0.286,0.37,,,0.172454602404352,0.2429302683907725,0,0.0,3.591063817194078,Anthony Elanga,Anthony Elanga,Nott'm Forest
731,0,0,6,0,16.5,398,0.15,0.15,0.0,0.64,361,1,0,2.5,2.2,2025-05-18,90,0,0,0,0,0,0,0,False,1,0,0,0,0,37,0,891546,1,0,1,6.0,2,-7873,6481,14354,7.4,False,0,0,0,0.0,90,Arsenal,Newcastle United,1,0,26962,2024,728582,0.1085249707102775,0,1,0,0.0,0.1085249707102775,0.1085249707102775,Newcastle United,4,5,37,1.3,MID,1.0,0.02,0.02,0.0,0.55,0.0,0.0,0.8,0.0,2.9,6.0,64.0,0.0,0.0,0.0,0.0,0.0,0.0,1.0,0.0,2.0,3.0,0.0,0.0,0.0,0.0,0.0,0.0,0.0,0.0,0.0,0.0,0.0,1.9,0.33,0.04,0.07,0.03,0.36,0.0,0.0,1.57,2.33,8.53,5.0,40.33,0.0,0.0,0.0,0.0,0.0,0.0,0.33,0.33,2.0,1.67,0.0,1.0,0.04,0.01,0.0,0.0,0.33,0.0,0.04,0.08,0.03,1.13,0.2,0.03,0.06,0.03,0.4,0.4,0.0,1.1,1.96,5.98,3.6,34.8,0.0,0.0,0.0,0.0,0.0,0.0,0.2,0.4,3.0,1.4,0.0,0.8,0.04,0.01,0.0,0.0,0.2,0.0,0.04,0.18,0.13,0.9,-7283.0,-0.3778737700983921,2.0,0.487,0.257,0.257,,,0.0454812819420022,0.0777267613641476,1,0.0,0.4605866938024539,Anthony Gordon,Anthony Gordon,Newcastle
768,0,0,3,0,5.0,78,0.01,0.09,0.08,1.6,369,3,0,1.8,8.2,2025-05-20,90,0,0,0,0,0,0,0,False,13,0,0,0,0,37,0,796217,1,1,3,5.0,2,-29252,14264,43516,5.7,False,0,0,1,0.0746283754706382,90,Manchester City,Bournemouth,3,1,26970,2024,729334,0.0,0,0,0,0.0746283754706382,0.0746283754706382,0.0,Bournemouth,3,4,37,3.7,MID,0.0,0.07,0.2,0.13,0.98,1.0,0.0,6.6,5.8,19.5,41.0,90.0,0.0,0.0,0.0,0.0,0.0,0.0,1.0,1.0,0.0,2.0,0.0,2.0,0.33,0.02,0.0,0.0,1.0,0.0,0.33,0.35,0.0,4.5,0.33,0.05,0.15,0.1,0.84,0.33,0.33,5.53,22.2,12.2,21.0,66.33,0.0,0.0,0.0,0.0,0.0,0.0,0.67,1.33,0.67,5.0,0.33,1.33,0.18,0.11,0.33,0.33,0.67,0.33,0.18,0.32,0.03,3.33,0.6,0.06,0.17,0.11,0.79,0.2,0.4,6.06,23.68,18.02,18.8,75.4,0.0,0.0,0.0,0.0,0.0,0.0,0.8,0.8,0.6,5.6,0.4,1.6,0.16,0.11,0.2,0.2,1.2,0.4,0.16,0.3,0.04,3.04,-32512.0,-0.5062651436483212,2.0,0.614,0.22,0.166,,,0.0489431151724613,-5.689893001203925e-10,1,0.0,1.2447155741553386,Antoine Semenyo,Antoine Semenyo,Bournemouth
804,0,0,22,0,16.1,255,0.11,0.11,0.0,2.84,363,2,0,4.9,30.4,2025-05-18,88,0,0,0,0,0,0,0,False,4,0,0,0,0,37,0,1846595,1,3,2,2.0,1,-106286,4210,110496,4.7,False,0,0,0,0.0,90,Brentford,Fulham,2,3,26964,2024,728514,0.0556316375732421,0,1,0,0.0,0.0764993801712989,0.0764993801712989,Fulham,3,3,37,0.6,DEF,0.0,0.26,0.26,0.0,0.96,1.0,0.0,6.9,37.6,27.2,4.0,90.0,0.0,0.0,0.0,0.0,0.0,0.0,1.0,0.0,1.0,2.0,0.0,0.0,0.0,0.06,0.0,0.0,1.0,0.0,0.0,0.25,0.25,1.0,0.0,0.1,0.1,0.0,1.11,1.33,0.0,4.03,20.2,14.17,6.0,90.0,0.0,0.0,0.0,0.0,0.33,0.0,1.0,0.67,1.0,1.33,0.0,0.0,0.0,0.03,0.0,0.0,0.67,0.0,0.0,0.13,0.11,0.67,0.0,0.13,0.13,0.0,1.44,1.6,0.0,4.62,22.2,19.48,4.4,90.0,0.0,0.0,0.0,0.0,0.2,0.0,1.0,1.0,1.6,1.2,0.0,0.0,0.0,0.15,0.0,0.0,1.2,0.0,0.0,0.23,0.09,1.24,-144332.0,-0.9265949470821055,1.0,0.495,0.242,0.263,,1.170515775680542,0.0028002863879506,0.1018107888986366,0,1.0,5.737234085023613,Antonee Robinson,Antonee Robinson,Fulham
847,0,0,5,0,0.8,489,0.0,0.0,0.0,1.39,362,2,0,0.9,5.8,2025-05-16,90,0,0,0,0,0,0,0,False,2,0,0,0,0,37,0,19939,1,0,2,2.0,1,-20,222,242,4.6,False,1,0,0,0.0,90,Aston Villa,Tottenham,2,0,26963,2024,727524,0.0,0,0,0,0.0,0.4079810380935669,0.4079810380935669,Tottenham,2,4,37,1.5,MID,0.0,0.01,0.01,0.0,3.39,2.0,0.0,0.8,4.6,3.6,0.0,90.0,0.0,0.0,0.0,0.0,0.0,0.0,1.0,2.0,0.0,2.0,0.0,0.0,0.0,0.0,0.0,0.0,0.0,0.0,0.0,0.0,0.0,1.2,0.0,0.01,0.01,0.0,1.79,2.0,0.0,0.77,5.53,1.97,0.0,75.0,0.0,0.0,0.0,0.0,0.0,0.0,1.0,1.33,2.0,1.67,0.0,0.0,0.0,0.0,0.0,0.0,0.0,0.0,0.0,0.0,0.0,0.8,0.0,0.01,0.01,0.0,1.62,2.2,0.0,0.7,4.52,2.04,0.4,65.0,0.0,0.0,0.0,0.0,0.0,0.0,0.8,1.4,2.6,1.6,0.0,0.0,0.0,0.0,0.0,0.0,0.0,0.0,0.0,0.0,0.0,0.78,-23.0,-0.043103448275862,1.0,0.73,0.158,0.112,,,0.0084250758518826,-5.689893001203925e-10,1,0.0,1.0421253775524453,Archie Gray,Archie Gray,Spurs
909,0,1,26,1,33.4,238,0.35,0.35,0.0,1.21,367,0,0,4.5,11.6,2025-05-18,72,0,0,0,0,0,0,0,False,17,0,0,0,0,37,0,164530,0,0,2,0.0,7,1616,4799,3183,4.2,True,0,0,0,0.0,73,Everton,Southampton,2,0,26968,2024,728289,0.096562922000885,0,2,0,0.0,0.4756249785423279,0.3790620565414428,Everton,1,3,37,3.3,DEF,0.0,0.58,0.58,0.0,0.79,1.0,0.0,7.6,29.8,46.0,0.0,90.0,0.0,0.0,0.0,0.0,0.0,0.0,1.0,3.0,1.0,2.0,0.0,0.0,0.0,0.61,0.0,0.0,3.0,0.0,0.0,0.37,0.11,1.0,0.0,0.2,0.2,0.0,0.41,0.33,0.0,2.9,11.73,16.93,0.0,41.33,0.0,0.0,0.0,0.0,0.0,0.0,0.33,1.67,1.33,1.33,0.0,0.0,0.0,0.2,0.0,0.0,1.0,0.0,0.0,0.26,0.17,0.67,0.0,0.12,0.12,0.0,0.4,0.2,0.0,1.88,8.52,10.16,0.0,30.2,0.0,0.0,0.0,0.0,0.0,0.0,0.2,1.2,1.2,1.2,0.0,0.0,0.0,0.12,0.0,0.0,0.6,0.0,0.0,0.15,0.1,0.38,2383.0,0.2024555249310949,6.0,0.675,0.199,0.126,,0.9297990798950196,3.9846503874230166e-10,0.0947696927153094,0,0.0,0.8193090805367185,Ashley Young,Ashley Young,Everton
944,0,0,5,0,2.5,282,0.02,0.02,0.0,0.8,368,2,0,1.3,10.0,2025-05-18,90,0,0,0,0,0,0,0,False,11,0,0,0,0,37,0,134830,1,0,2,0.0,1,-748,546,1294,3.9,False,0,0,0,0.0,90,Leicester,Ipswich,2,0,26969,2024,728543,0.0,0,0,0,0.0,0.5549314022064209,0.5549314022064209,Ipswich,2,1,37,1.0,DEF,0.0,0.01,0.01,0.0,1.41,1.0,0.0,0.9,7.0,2.2,0.0,84.0,0.0,0.0,0.0,0.0,0.0,0.0,1.0,1.0,0.0,2.0,0.0,0.0,0.0,0.0,0.0,0.0,0.0,0.0,0.0,0.08,0.08,0.3,0.0,0.01,0.01,0.0,1.32,1.67,0.0,1.3,12.07,1.27,0.0,58.33,0.0,0.0,0.0,0.0,0.0,0.0,0.67,2.33,0.67,1.0,0.0,0.0,0.0,0.0,0.0,0.0,0.0,0.0,0.0,0.03,0.03,-0.2,0.0,0.01,0.01,0.0,1.62,1.6,0.0,1.22,11.4,1.1,0.0,69.0,0.2,0.0,0.0,0.0,0.0,0.0,0.8,2.2,1.0,0.8,0.0,0.0,0.0,0.0,0.0,0.0,0.0,0.0,0.0,0.17,0.17,0.14,-647.0,-0.4065217391304347,1.0,0.411,0.263,0.326,,1.319467306137085,3.9846503874230166e-10,-5.972489169892015e-10,0,0.0,0.34000000059904345,Axel Tuanzebe,Axel Tuanzebe,Ipswich
980,0,0,7,0,0.0,146,0.0,0.0,0.0,2.24,364,2,0,2.4,24.4,2025-05-19,90,0,0,0,0,0,0,0,False,12,0,0,0,0,37,3,288279,1,2,3,0.0,2,-9495,1155,10650,4.6,True,0,0,0,0.0,90,Brighton,Liverpool,3,2,26965,2024,729248,0.0,0,0,0,0.0,0.6590263843536377,0.6590263843536377,Brighton,5,3,37,2.5,GK,1.0,0.0,0.0,0.0,0.91,0.0,0.0,2.6,26.4,0.0,0.0,90.0,0.0,0.0,0.0,0.0,0.0,4.0,1.0,2.0,0.0,8.0,0.0,0.0,0.0,0.0,0.0,0.0,0.0,0.0,0.0,0.05,0.05,3.2,0.33,0.0,0.0,0.0,1.35,1.0,0.0,2.67,26.87,0.0,0.0,90.0,0.0,0.0,0.0,0.0,0.0,3.33,1.0,1.67,1.33,4.0,0.0,0.0,0.0,0.0,0.0,0.0,0.0,0.0,0.0,0.03,0.03,1.5,0.2,0.0,0.0,0.0,1.54,1.8,0.0,3.04,30.68,0.0,0.0,90.0,0.0,0.0,0.0,0.0,0.0,3.6,1.0,1.8,2.0,3.0,0.0,0.0,0.0,0.0,0.0,0.0,0.0,0.0,0.0,0.14,0.14,1.14,-9419.0,-0.8043202033036849,2.0,0.363,0.252,0.385,3.130458657282567,1.410358337239598,,,0,0.0,2.338,Bart Verbruggen,Bart Verbruggen,Brighton
999,0,0,23,0,25.5,160,0.12,0.29,0.17,1.52,366,2,1,10.1,50.0,2025-05-20,90,0,0,0,0,0,0,0,False,20,0,0,0,0,37,0,58642,1,2,4,25.0,7,-16,307,323,4.6,True,0,1,3,0.1429820507764816,90,Crystal Palace,Wolverhampton Wanderers,4,2,26967,2024,729284,0.1713044345378875,0,2,1,0.1429820507764816,0.1909696012735366,0.0392813235521316,Crystal Palace,3,3,37,2.7,DEF,0.0,0.48,0.48,0.0,0.16,0.0,0.0,3.1,12.6,16.1,2.0,29.0,0.0,0.0,0.0,0.0,0.0,0.0,0.0,2.0,0.0,1.0,0.0,0.0,0.0,0.57,0.0,0.0,1.0,0.0,0.0,0.61,0.61,0.2,0.0,0.16,0.17,0.01,0.22,0.33,0.0,1.5,8.33,5.6,1.0,27.67,0.0,0.0,0.0,0.0,0.0,0.0,0.0,1.67,2.33,1.0,0.0,0.33,0.01,0.19,0.0,0.0,0.33,0.0,0.01,0.22,0.22,0.4,0.0,0.1,0.11,0.01,0.2,0.2,0.0,1.54,7.0,7.72,0.6,26.6,0.0,0.0,0.0,0.0,0.2,0.0,0.0,1.2,1.8,0.8,0.0,0.2,0.01,0.15,0.0,0.0,0.6,0.0,0.01,0.17,0.14,0.54,57.0,-0.0253968253968253,7.0,0.419,0.286,0.295,,1.5402328968048096,0.0934110753938881,0.0966491588726021,0,0.0,1.0804139289811348,Ben Chilwell,Ben Chilwell,Crystal Palace
1015,0,0,5,0,0.3,484,0.0,0.0,0.0,1.39,362,2,0,1.8,17.2,2025-05-16,90,0,0,0,0,0,0,0,False,2,0,0,0,0,37,0,17679,1,0,2,0.0,1,-132,101,233,4.3,False,0,0,0,0.0,90,Aston Villa,Tottenham,2,0,26963,2024,727521,0.0,0,0,0,0.0,0.4079810380935669,0.4079810380935669,Tottenham,2,4,37,0.8,DEF,0.0,0.0,0.0,0.0,3.39,2.0,0.0,3.0,26.8,0.9,2.0,90.0,0.0,0.0,0.0,0.0,0.0,0.0,1.0,2.0,0.0,1.0,0.0,0.0,0.0,0.0,0.0,0.0,0.0,0.0,0.0,0.47,0.47,0.8,0.0,0.0,0.0,0.0,2.17,2.67,0.0,2.63,24.93,0.53,0.67,90.0,0.0,0.0,0.0,0.0,0.33,0.0,1.0,1.33,2.0,0.67,0.0,0.0,0.0,0.0,0.0,0.0,0.0,0.0,0.0,0.18,0.18,0.33,0.0,0.06,0.08,0.02,1.84,2.4,0.0,2.68,20.68,3.82,2.2,81.0,0.0,0.0,0.0,0.0,0.4,0.0,0.8,1.6,2.2,0.4,0.0,0.4,0.03,0.01,0.0,0.0,0.2,0.0,0.03,0.27,0.26,0.2,-129.0,-0.3952095808383233,1.0,0.73,0.158,0.112,,1.857026100158692,3.9846503874230166e-10,-5.972489169892015e-10,0,0.0,1.0710000005990434,Ben Davies,Ben Davies,Spurs
1066,0,0,24,1,3.2,24,0.02,0.04,0.02,1.86,361,0,0,2.7,15.2,2025-05-18,90,0,0,0,0,0,0,0,False,15,0,0,0,0,37,0,258523,1,0,1,9.0,6,1448,2652,1204,6.1,True,0,0,1,0.0256549902260303,90,Arsenal,Newcastle United,1,0,26962,2024,728559,0.0,0,0,0,0.0256549902260303,0.079465664923191,0.053810678422451,Arsenal,4,5,37,3.2,DEF,0.0,0.01,0.05,0.04,2.19,2.0,0.0,5.5,19.8,16.3,19.0,77.0,0.0,0.0,0.0,0.0,0.0,0.0,1.0,2.0,2.0,1.0,0.0,1.0,0.05,0.15,0.0,0.0,1.0,0.0,0.05,0.31,0.25,2.0,0.33,0.04,0.06,0.02,1.11,1.33,0.0,5.0,18.87,19.0,12.0,84.0,0.0,0.0,0.0,0.0,0.0,0.0,1.0,2.67,1.0,2.67,0.0,0.67,0.03,0.1,0.0,0.0,1.33,0.0,0.03,0.52,0.47,3.5,0.2,0.05,0.1,0.05,0.9,1.0,0.0,3.84,14.52,13.72,10.0,63.4,0.0,0.0,0.0,0.0,0.0,0.0,0.8,1.8,0.8,2.2,0.0,0.6,0.05,0.09,0.0,0.0,1.0,0.0,0.05,0.34,0.28,2.42,1956.0,0.3755186721991701,6.0,0.487,0.257,0.257,,0.7466069459915161,0.0685079209966947,-5.972489169892015e-10,0,0.0,2.0380475241884213,Benjamin White,Ben White,Arsenal
1104,0,3,39,1,18.8,342,0.28,0.58,0.3,0.78,369,0,1,8.2,44.6,2025-05-20,90,0,0,0,0,0,0,0,False,3,0,0,0,0,37,0,306337,1,1,3,19.0,11,-857,3177,4034,6.1,True,0,1,1,0.4290167987346649,90,Manchester City,Bournemouth,3,1,26970,2024,729318,0.0400211252272129,0,1,1,0.4290167987346649,1.2034510374069214,0.7344130873680115,Manchester City,3,4,37,6.2,MID,1.0,0.21,0.57,0.36,0.1,0.0,0.0,6.2,11.2,31.9,19.0,90.0,0.0,0.0,0.0,0.0,0.0,0.0,1.0,0.0,0.0,3.0,0.0,3.0,0.29,0.08,0.0,0.0,2.0,0.0,0.29,0.43,0.1,5.5,0.67,0.14,0.33,0.19,0.75,0.33,0.33,7.5,27.07,33.27,14.67,90.0,0.0,0.0,0.0,0.0,0.33,0.0,1.0,0.33,1.0,5.0,0.33,1.33,0.24,0.09,0.0,0.0,2.33,0.33,0.24,0.51,0.26,5.47,0.8,0.1,0.21,0.11,0.82,0.2,0.2,5.9,24.04,25.68,9.2,90.0,0.0,0.0,0.0,0.0,0.4,0.0,1.0,0.6,0.6,4.0,0.2,0.8,0.14,0.06,0.0,0.0,1.6,0.2,0.14,0.58,0.43,4.9,-1213.0,-0.1188462071834697,8.0,0.614,0.22,0.166,,,0.1954356018525485,0.0773980613542735,0,0.0,3.209372193325563,,,
1142,0,0,13,0,0.0,248,0.0,0.0,0.0,2.87,363,2,0,4.7,47.2,2025-05-18,90,0,0,0,0,0,0,0,False,4,0,0,1,0,37,3,349339,1,3,2,0.0,6,-10112,2661,12773,5.0,False,1,0,0,0.0,90,Brentford,Fulham,2,3,26964,2024,728510,0.0,0,0,0,0.0,0.0,0.0,Fulham,3,3,37,3.0,GK,0.0,0.0,0.0,0.0,1.12,3.0,0.0,3.3,32.8,0.0,0.0,90.0,0.0,0.0,0.0,0.0,0.0,4.0,1.0,3.0,1.0,2.0,0.0,0.0,0.0,0.0,0.0,0.0,0.0,0.0,0.0,0.12,0.12,2.0,0.0,0.0,0.0,0.0,0.9,1.67,0.0,2.43,24.33,0.0,0.0,90.0,0.0,0.0,0.0,0.0,0.0,2.67,1.0,1.67,1.0,2.0,0.0,0.0,0.0,0.0,0.0,0.0,0.0,0.0,0.0,0.14,0.14,1.33,0.0,0.0,0.0,0.0,1.01,1.6,0.0,2.6,25.88,0.0,0.0,90.0,0.0,0.0,0.0,0.0,0.0,3.0,1.0,1.4,1.0,2.0,0.0,0.0,0.0,0.0,0.0,0.0,0.0,0.0,0.0,0.18,0.18,1.16,-13515.0,-0.655176882208112,6.0,0.495,0.242,0.263,5.812815566475125,2.2595950582504014,,,0,0.0,2.808,Bernd Leno,Bernd Leno,Fulham
1175,0,0,17,1,47.5,635,0.09,0.13,0.04,1.41,368,0,0,7.2,16.6,2025-05-18,90,0,0,0,0,0,0,0,False,10,0,0,0,0,37,0,30226,1,0,2,8.0,3,9489,10364,875,4.8,True,0,0,1,0.06057133898139,90,Leicester,Ipswich,2,0,26969,2024,728535,0.2953196167945862,0,4,0,0.06057133898139,0.5324400067329407,0.3284454047679901,Leicester,2,1,37,4.0,MID,0.0,0.12,0.19,0.07,1.29,2.0,0.0,4.6,11.6,27.6,7.0,90.0,0.0,0.0,0.0,0.0,0.0,0.0,1.0,2.0,2.0,5.0,0.0,1.0,0.05,0.09,1.0,0.0,2.0,0.0,0.05,0.07,0.0,2.8,0.33,0.21,0.34,0.13,1.16,1.33,0.0,6.73,14.2,41.77,11.33,85.0,0.0,0.0,0.0,0.0,0.0,0.0,1.0,0.67,2.33,4.33,0.0,2.33,0.15,0.31,0.67,0.33,3.0,0.0,0.15,0.37,0.15,2.2,0.2,0.19,0.29,0.1,1.99,1.4,0.0,6.42,17.52,36.38,10.4,87.0,0.0,0.0,0.0,0.0,0.2,0.0,1.0,1.0,1.8,4.0,0.0,1.8,0.11,0.32,0.6,0.4,2.6,0.0,0.11,0.29,0.11,1.52,10699.0,0.8442921968146633,3.0,0.411,0.263,0.326,,,0.0563248215651861,0.2143976066629855,0,0.0,2.924816927814887,Bilal El Khannouss,Bilal El Khannouss,Leicester
1230,0,2,33,1,15.1,42,0.14,0.18,0.04,0.51,362,0,1,7.8,39.8,2025-05-16,90,0,0,0,0,0,0,0,False,18,0,0,0,0,37,0,4708,1,0,2,23.0,10,175,280,105,5.0,True,0,1,1,0.0671557486057281,90,Aston Villa,Tottenham,2,0,26963,2024,727510,0.0944250375032424,0,1,1,0.0671557486057281,0.2578004896640777,0.163375437259674,Aston Villa,2,4,37,5.3,MID,1.0,0.01,0.42,0.41,0.8,0.0,0.0,2.4,5.0,1.3,18.0,90.0,0.0,0.0,0.0,0.0,0.0,0.0,1.0,1.0,0.0,3.0,0.0,2.0,0.41,0.0,0.0,0.0,0.0,0.0,0.41,0.41,0.0,2.5,0.67,0.01,0.15,0.14,0.99,0.67,0.0,2.0,9.27,4.97,6.0,90.0,0.0,0.0,0.0,0.0,0.0,0.0,1.0,0.67,1.0,2.67,0.0,0.67,0.14,0.0,0.0,0.0,0.0,0.0,0.14,0.59,0.46,2.37,0.4,0.06,0.15,0.08,0.8,0.6,0.0,2.16,9.56,8.22,4.0,70.4,0.0,0.0,0.0,0.0,0.0,0.0,0.8,1.2,1.4,2.2,0.0,0.6,0.09,0.07,0.0,0.0,0.4,0.0,0.09,0.43,0.33,1.94,209.0,0.4545454545454545,8.0,0.73,0.158,0.112,,,0.1374162745923206,0.0979608188995746,0,0.0,2.9809638296603267,Boubacar Kamara,Boubacar Kamara,Aston Villa
1262,0,0,16,1,7.1,285,0.01,0.01,0.0,1.41,368,0,0,1.7,9.8,2025-05-18,90,0,0,0,0,0,0,0,False,10,0,0,0,0,37,0,32286,1,0,2,0.0,3,-232,321,553,4.4,True,0,0,0,0.0,90,Leicester,Ipswich,2,0,26969,2024,728531,0.0,0,0,0,0.0,0.3284454047679901,0.3284454047679901,Leicester,2,1,37,1.5,MID,0.0,0.01,0.01,0.0,0.08,0.0,0.0,1.5,12.0,1.0,2.0,30.0,0.0,0.0,0.0,0.0,0.0,0.0,0.0,2.0,2.0,1.0,0.0,0.0,0.0,0.0,0.0,0.0,0.0,0.0,0.0,0.16,0.16,0.2,0.0,0.0,0.0,0.0,0.32,0.33,0.0,1.0,8.87,0.6,0.67,27.0,0.0,0.0,0.0,0.0,0.0,0.0,0.33,0.67,2.33,1.0,0.0,0.0,0.0,0.0,0.0,0.0,0.0,0.0,0.0,0.07,0.07,0.57,0.0,0.01,0.01,0.0,1.49,0.8,0.0,1.54,9.48,4.16,1.8,52.2,0.0,0.0,0.0,0.0,0.0,0.0,0.6,1.0,1.8,1.4,0.0,0.2,0.0,0.0,0.0,0.0,0.2,0.0,0.0,0.07,0.07,0.44,-199.0,-0.2654462242562929,3.0,0.411,0.263,0.326,,,-6.725144885422194e-10,-5.689893001203925e-10,0,0.0,0.9999999949304597,Boubakary Soumaré,Boubakary Soumare,Leicester
1283,1,1,29,0,59.4,595,0.53,0.67,0.14,2.03,364,2,0,13.3,30.8,2025-05-19,72,0,0,0,0,0,0,0,False,12,0,0,0,0,37,0,3243,1,2,3,43.0,6,117,169,52,5.4,True,0,0,4,0.1726909726858139,75,Brighton,Liverpool,3,2,26965,2024,729256,0.5986149311065674,1,5,0,0.1726909726858139,0.7246826887130737,0.0623910203576087,Brighton,5,3,37,4.0,MID,0.0,0.01,0.61,0.6,0.08,0.0,1.0,5.4,32.6,3.6,18.0,31.0,0.0,0.0,0.0,0.0,0.0,0.0,0.0,2.0,0.0,6.0,1.0,2.0,0.49,0.0,0.0,0.0,0.0,1.0,0.49,0.49,0.05,3.5,0.0,0.17,0.37,0.2,0.21,0.33,0.33,4.47,23.87,12.8,8.0,13.33,0.0,0.0,0.0,0.0,0.0,0.0,0.0,1.67,1.33,4.67,0.33,0.67,0.16,0.29,0.67,0.67,1.0,0.33,0.16,0.32,0.02,1.73,0.0,0.11,0.25,0.14,0.24,0.2,0.2,3.06,14.84,10.1,6.4,13.2,0.0,0.0,0.0,0.0,0.0,0.0,0.0,1.6,1.6,3.2,0.2,0.6,0.11,0.19,0.4,0.4,0.8,0.2,0.11,0.25,0.04,1.3,142.0,0.5294117647058824,5.0,0.363,0.252,0.385,,,0.1563033190723477,0.4396094015738634,0,0.0,3.1003448000833287,Brajan Gruda,Brajan Gruda,Brighton
1316,0,0,2,0,0.0,491,0.0,0.0,0.0,0.06,362,0,0,0.2,0.0,2025-05-16,3,0,0,0,0,0,0,0,False,2,0,0,0,0,37,0,269032,0,0,2,2.0,1,-14413,2550,16963,6.2,False,0,0,0,0.0,2,Aston Villa,Tottenham,2,0,26963,2024,727533,0.0,0,0,0,0.0,0.0,0.0,Tottenham,2,4,37,0.8,MID,0.0,0.01,0.01,0.0,2.28,5.0,0.0,0.0,0.0,0.6,0.0,90.0,0.0,0.0,0.0,0.0,0.0,0.0,1.0,1.0,5.0,2.0,0.0,0.0,0.0,0.0,0.0,0.0,0.0,0.0,0.0,0.02,0.02,0.0,0.0,0.04,0.07,0.03,1.56,3.0,0.0,1.77,7.33,7.67,2.67,67.67,0.0,0.0,0.0,0.0,0.0,0.0,0.67,1.67,3.33,2.67,0.0,0.33,0.03,0.03,0.33,0.33,0.33,0.0,0.03,0.11,0.09,1.83,0.0,0.12,0.26,0.13,1.15,2.0,0.4,4.4,20.92,12.04,11.0,63.8,0.0,0.0,0.0,0.0,0.2,0.0,0.6,1.2,2.8,5.2,0.4,0.8,0.16,0.17,0.4,0.2,0.8,0.4,0.16,0.36,0.05,2.5,-16396.0,-0.7386357812740224,1.0,0.73,0.158,0.112,,,0.0593339862696924,0.0288317377907634,1,0.0,1.3831651447207522,Brennan Johnson,Brennan Johnson,Spurs
1352,0,0,4,0,5.7,366,0.04,0.07,0.03,0.82,365,1,0,1.7,5.6,2025-05-16,80,0,0,0,0,0,0,0,False,6,0,0,0,0,37,0,1691195,1,0,1,6.0,1,-123169,18026,141195,8.4,False,1,0,1,0.076300248503685,86,Chelsea,Manchester United,1,0,26966,2024,727554,0.0153162740170955,0,1,0,0.076300248503685,0.216885358095169,0.140585109591484,Manchester United,2,4,37,1.8,MID,0.0,0.42,0.56,0.14,1.56,2.0,0.0,9.3,19.6,65.4,8.0,90.0,0.0,0.0,0.0,0.0,0.0,0.0,1.0,2.0,0.0,2.0,0.0,4.0,0.08,0.57,0.0,0.0,4.0,0.0,0.08,0.44,0.4,1.8,0.0,0.35,0.61,0.26,0.74,1.33,0.0,8.6,18.67,56.0,11.33,70.33,0.0,0.0,0.0,0.0,0.0,0.0,0.67,1.33,0.33,2.33,0.0,3.67,0.12,0.39,0.0,0.0,3.67,0.0,0.12,0.54,0.37,1.27,0.2,0.32,0.51,0.19,0.97,1.6,0.0,7.4,17.92,48.08,8.0,76.4,0.0,0.0,0.0,0.0,0.0,0.0,0.8,1.0,1.0,2.4,0.0,2.4,0.11,0.42,0.0,0.0,3.2,0.0,0.11,0.52,0.31,2.12,-129945.0,-0.7735725815062083,1.0,0.659,0.19,0.152,,,0.0617351003493027,-5.689893001203925e-10,0,0.0,2.308675500039546,Bruno Borges Fernandes,Bruno Fernandes,Man Utd
1390,0,0,14,0,26.3,394,0.14,0.43,0.29,0.64,361,1,0,8.0,24.0,2025-05-18,90,0,0,0,0,0,0,0,False,1,0,0,0,0,37,0,340750,1,0,1,30.0,2,-4599,8347,12946,6.2,False,0,0,2,0.3908033370971679,90,Arsenal,Newcastle United,1,0,26962,2024,728579,0.1159612238407135,0,2,0,0.3908033370971679,0.6152895092964172,0.2244861871004104,Newcastle United,4,5,37,3.0,MID,1.0,0.07,0.17,0.1,0.69,0.0,1.0,7.7,40.6,19.8,17.0,90.0,0.0,0.0,0.0,0.0,1.0,0.0,1.0,0.0,2.0,7.0,1.0,3.0,0.19,0.09,0.0,0.0,1.0,1.0,0.19,1.01,0.92,3.5,0.67,0.13,0.28,0.15,0.49,0.33,0.33,7.23,24.4,25.63,22.67,90.0,0.0,0.0,0.0,0.0,0.33,0.0,1.0,0.33,2.0,4.0,0.33,2.33,0.32,0.08,0.0,0.0,1.67,0.33,0.32,0.92,0.6,2.4,0.6,0.12,0.23,0.11,1.08,1.0,0.2,5.4,16.32,21.14,16.6,86.2,0.0,0.0,0.0,0.0,0.6,0.0,1.0,0.4,3.0,3.0,0.2,1.6,0.2,0.16,0.0,0.0,1.4,0.2,0.2,0.85,0.65,2.18,-3387.0,-0.2159864744282158,2.0,0.487,0.257,0.257,,,0.1764562891834655,0.1707550828219097,1,0.0,2.394546694383057,Bruno Guimarães Rodriguez Moura,Bruno Guimarães,Newcastle
1428,0,0,20,0,18.8,99,0.09,1.08,0.99,0.99,363,3,1,11.5,44.6,2025-05-18,90,0,0,0,0,0,0,0,False,9,0,1,0,0,37,0,5394902,1,3,2,52.0,5,92741,123789,31048,8.3,True,0,1,3,0.9076035022735596,90,Brentford,Fulham,2,3,26964,2024,728502,0.0686064511537551,0,1,1,0.1464346647262573,0.5469376444816589,0.3318965435028076,Brentford,3,3,37,4.5,MID,1.0,0.23,0.41,0.18,0.93,0.0,0.0,9.8,33.2,18.5,46.0,90.0,0.0,0.0,0.0,0.0,0.0,0.0,1.0,1.0,0.0,6.0,0.0,4.0,0.18,0.32,1.0,1.0,1.0,0.0,0.18,0.18,0.0,8.3,0.67,0.18,0.32,0.14,1.15,1.0,0.0,6.9,18.53,22.63,27.67,90.0,0.0,0.0,0.0,0.0,0.33,0.0,1.0,2.0,1.33,4.33,0.0,3.0,0.16,0.17,0.67,0.33,1.33,0.0,0.16,0.55,0.37,5.03,0.4,0.28,0.49,0.21,1.17,1.2,0.4,10.14,36.0,37.16,28.0,90.0,0.0,0.0,0.0,0.0,0.2,0.0,1.0,1.8,1.8,6.6,0.4,2.6,0.19,0.32,0.6,0.4,2.4,0.4,0.19,0.48,0.23,4.58,76822.0,0.5989589051712446,5.0,0.495,0.242,0.263,,,0.5112794370330553,0.0843732636816567,0,1.0,5.809516976210246,Bryan Mbeumo,Bryan Mbeumo,Brentford
1453,0,0,17,1,32.8,17,0.28,0.34,0.06,1.54,361,0,0,8.2,17.8,2025-05-18,75,0,0,0,0,0,0,0,False,15,0,0,0,0,37,0,1956660,1,0,1,31.0,3,-7785,60629,68414,10.3,True,0,0,2,0.1157348304986953,76,Arsenal,Newcastle United,1,0,26962,2024,728566,0.5961921215057373,0,2,0,0.1157348304986953,0.1501491218805313,0.0344142876565456,Arsenal,4,5,37,2.8,MID,0.0,0.18,0.56,0.38,2.34,2.0,0.0,8.9,11.4,49.2,28.0,87.0,0.0,0.0,0.0,0.0,0.0,0.0,1.0,2.0,2.0,2.0,0.0,4.0,0.51,0.21,0.0,0.0,4.0,0.0,0.51,0.44,0.18,1.5,0.0,0.09,0.43,0.34,1.29,1.67,0.0,6.0,6.8,24.87,28.33,67.33,0.0,0.0,0.0,0.0,0.0,0.0,0.67,2.0,1.67,1.67,0.0,3.0,0.6,0.11,0.0,0.0,2.0,0.0,0.6,0.85,0.3,3.67,0.0,0.23,0.56,0.33,0.82,1.2,0.0,5.88,5.04,27.26,26.4,57.0,0.0,0.0,0.0,0.0,0.0,0.0,0.6,2.2,1.2,1.4,0.0,2.8,0.51,0.21,0.0,0.0,2.2,0.0,0.51,0.76,0.24,3.66,4440.0,-0.0603287276334245,3.0,0.487,0.257,0.257,,,0.2087187435749706,0.1688380122906179,0,0.0,3.550107754746707,Bukayo Saka,Bukayo Saka,Arsenal
1505,0,0,7,0,3.4,434,0.0,0.0,0.0,0.18,370,1,0,0.9,6.0,2025-05-18,7,0,0,0,0,0,0,0,False,19,0,0,0,0,37,0,138220,0,2,1,0.0,1,-6870,31,6901,5.1,False,0,0,0,0.0,1,West Ham,Nottingham Forest,1,2,26971,2024,728429,0.0,0,0,0,0.0,0.0,0.0,Nottingham Forest,4,2,37,0.5,MID,0.0,0.02,0.02,0.0,1.04,1.0,0.0,1.0,3.2,6.4,0.0,45.0,0.0,0.0,0.0,0.0,0.0,0.0,1.0,2.0,0.0,1.0,0.0,0.0,0.0,0.0,0.0,0.0,0.0,0.0,0.0,0.0,0.0,0.0,0.0,0.03,0.07,0.04,1.05,1.0,0.0,2.87,7.73,9.0,12.0,55.67,0.0,0.0,0.0,0.0,0.0,0.0,0.67,1.67,0.33,1.33,0.0,0.67,0.04,0.01,0.0,0.0,0.33,0.0,0.04,0.11,0.07,0.57,0.2,0.09,0.16,0.06,1.3,1.0,0.0,3.98,7.76,20.46,11.6,67.4,0.0,0.0,0.0,0.0,0.0,0.0,0.8,2.0,1.0,1.8,0.0,0.8,0.04,0.06,0.0,0.0,1.4,0.0,0.04,0.18,0.1,2.08,-32716.0,-0.991055972302366,1.0,0.343,0.286,0.37,,,-6.725144885422194e-10,-5.689893001203925e-10,0,0.0,0.9999999949304597,Callum Hudson-Odoi,Callum Hudson-Odoi,Nott'm Forest
1523,0,0,2,0,22.6,421,0.03,0.03,0.0,0.57,361,1,0,3.3,2.2,2025-05-18,63,0,0,0,0,0,0,0,False,1,0,0,0,0,37,0,17061,1,0,1,8.0,2,-405,301,706,6.9,False,0,0,0,0.0,64,Arsenal,Newcastle United,1,0,26962,2024,728583,0.079980619251728,0,2,0,0.0,0.4376183450222015,0.3576377332210541,Newcastle United,4,5,37,0.7,FWD,0.0,0.0,0.0,0.0,0.0,0.0,0.0,0.1,0.0,1.0,0.0,1.0,0.0,0.0,0.0,0.0,0.0,0.0,0.0,0.0,2.0,1.0,0.0,0.0,0.0,0.0,0.0,0.0,0.0,0.0,0.0,0.0,0.0,1.5,0.0,0.01,0.02,0.01,0.17,0.0,0.0,1.0,1.33,1.67,7.0,10.0,0.0,0.0,0.0,0.0,0.0,0.0,0.0,0.33,2.0,1.0,0.0,0.33,0.02,0.0,0.0,0.0,0.0,0.0,0.02,0.02,0.0,1.0,0.0,0.01,0.01,0.01,0.2,0.0,0.0,0.64,0.8,1.06,4.6,12.4,0.0,0.0,0.0,0.0,0.0,0.0,0.0,0.4,3.0,1.0,0.0,0.2,0.01,0.0,0.0,0.0,0.0,0.0,0.01,0.01,0.0,0.9,-270.0,-0.4021847070506454,2.0,0.487,0.257,0.257,,,0.0754965196096355,0.1371194169065188,0,,1.7133443291580983,Callum Wilson,Callum Wilson,Newcastle
1559,0,0,10,0,0.7,241,0.0,0.0,0.0,2.87,363,2,0,1.7,16.6,2025-05-18,90,0,0,0,0,0,0,0,False,4,0,0,0,0,37,0,72422,1,3,2,0.0,1,-1139,1646,2785,4.5,False,0,0,0,0.0,90,Brentford,Fulham,2,3,26964,2024,728513,0.0,0,0,0,0.0,0.0163196790963411,0.0163196790963411,Fulham,3,3,37,1.2,DEF,0.0,0.02,0.02,0.0,1.12,3.0,0.0,2.5,21.8,3.3,0.0,90.0,0.0,0.0,0.0,0.0,0.0,0.0,1.0,3.0,1.0,1.0,0.0,0.0,0.0,0.0,0.0,0.0,0.0,0.0,0.0,0.68,0.68,1.0,0.0,0.04,0.05,0.01,0.9,1.67,0.0,2.77,17.13,7.83,2.67,90.0,0.0,0.0,0.0,0.0,0.33,0.0,1.0,1.67,1.0,1.33,0.0,0.33,0.02,0.02,0.0,0.0,0.33,0.0,0.02,0.54,0.54,0.73,0.0,0.03,0.04,0.01,1.01,1.6,0.0,2.4,17.0,5.3,1.6,90.0,0.0,0.0,0.0,0.0,0.4,0.0,1.0,1.4,1.0,1.2,0.0,0.2,0.01,0.01,0.0,0.0,0.2,0.0,0.01,0.34,0.34,0.6,-1265.0,-0.2570525840668021,1.0,0.495,0.242,0.263,,1.8477201461791992,3.9846503874230166e-10,-5.972489169892015e-10,0,0.0,1.0760000005990435,Calvin Bassey,Calvin Bassey,Fulham
1593,0,0,4,0,11.0,27,0.02,0.64,0.62,0.03,367,0,0,5.0,6.4,2025-05-18,30,0,0,0,0,0,0,0,False,8,0,0,0,0,37,0,130656,0,0,2,33.0,1,-879,820,1699,4.8,False,0,0,1,0.650610625743866,28,Everton,Southampton,2,0,26968,2024,728305,0.1003691107034683,0,1,0,0.650610625743866,0.8870664834976196,0.1360867917537689,Southampton,1,3,37,0.5,FWD,0.0,0.11,0.11,0.0,0.72,0.0,0.0,1.6,3.0,10.5,2.0,25.0,0.0,0.0,0.0,0.0,0.0,0.0,0.0,0.0,0.0,1.0,0.0,0.0,0.0,0.11,0.0,0.0,1.0,0.0,0.0,0.11,0.0,0.0,0.0,0.04,0.04,0.0,0.7,0.67,0.0,0.7,1.33,3.53,2.0,20.0,0.0,0.0,0.0,0.0,0.0,0.0,0.0,0.67,1.0,1.0,0.0,0.0,0.0,0.04,0.0,0.0,0.33,0.0,0.0,0.05,0.02,0.4,0.2,0.03,0.06,0.03,0.61,0.4,0.0,1.16,1.92,4.66,5.0,28.2,0.0,0.0,0.0,0.0,0.0,0.0,0.2,1.2,0.8,1.2,0.0,0.2,0.05,0.03,0.0,0.0,0.4,0.0,0.05,0.09,0.01,0.44,-683.0,-0.3489479952362048,1.0,0.675,0.199,0.126,,,0.4496024590427863,0.0698722476711004,0,,3.0080265791844463,Cameron Archer,Cameron Archer,Southampton
1637,0,0,3,0,0.3,450,0.0,0.0,0.0,0.87,367,0,0,0.1,0.4,2025-05-18,25,0,0,0,0,0,0,0,False,17,0,0,0,0,37,0,9022,0,0,2,0.0,1,2809,3144,335,4.7,True,0,0,0,0.0,23,Everton,Southampton,2,0,26968,2024,728290,0.0,0,0,0,0.0,0.0,0.0,Everton,1,3,37,3.3,MID,0.0,0.03,0.15,0.12,0.66,1.0,0.0,7.3,26.2,24.3,22.0,83.0,0.0,0.0,0.0,0.0,0.0,0.0,1.0,3.0,1.0,5.0,0.0,2.0,0.17,0.16,1.0,1.0,2.0,0.0,0.17,0.27,0.0,2.8,0.0,0.07,0.12,0.05,0.66,1.0,0.0,4.87,18.33,20.5,9.67,72.33,0.0,0.0,0.0,0.0,0.33,0.0,0.67,1.67,1.33,3.33,0.0,1.0,0.06,0.27,0.67,0.67,1.33,0.0,0.06,0.34,0.03,1.7,0.0,0.06,0.11,0.05,0.7,1.0,0.0,3.1,11.44,12.66,6.8,50.2,0.0,0.0,0.0,0.0,0.2,0.0,0.4,1.6,0.8,2.4,0.0,0.8,0.05,0.16,0.4,0.4,0.8,0.0,0.05,0.24,0.04,1.12,3037.0,0.8074159241161253,1.0,0.675,0.199,0.126,,,-6.725144885422194e-10,-5.689893001203925e-10,0,0.0,1.9999999949304597,Carlos Alcaraz Durán,Carlos Alcaraz,Everton
1671,0,0,10,0,7.1,115,0.02,0.02,0.0,2.24,364,2,0,2.2,15.2,2025-05-19,90,0,0,0,0,0,0,0,False,12,0,0,0,0,37,0,19001,1,2,3,0.0,2,-312,620,932,5.0,True,0,0,0,0.0,90,Brighton,Liverpool,3,2,26965,2024,729253,0.0,0,0,0,0.0,0.1950827240943908,0.1950827240943908,Brighton,5,3,37,3.2,MID,1.0,0.01,0.01,0.0,0.83,0.0,0.0,1.7,11.8,5.6,0.0,78.0,0.0,0.0,0.0,0.0,0.0,0.0,1.0,2.0,0.0,3.0,0.0,0.0,0.0,0.0,0.0,0.0,0.0,0.0,0.0,0.05,0.05,4.2,0.33,0.01,0.03,0.01,1.32,1.0,0.33,3.4,25.4,4.33,4.33,86.0,0.0,0.0,0.0,0.0,0.0,0.0,1.0,1.67,1.33,5.0,0.33,0.67,0.01,0.0,0.0,0.0,0.0,0.33,0.01,0.23,0.22,2.57,0.2,0.02,0.03,0.01,1.47,1.6,0.2,3.54,24.52,8.32,2.6,84.8,0.0,0.0,0.0,0.0,0.0,0.0,1.0,1.8,2.0,3.8,0.2,0.4,0.01,0.02,0.0,0.0,0.4,0.2,0.01,0.34,0.33,1.9,-346.0,-0.2010309278350515,2.0,0.363,0.252,0.385,,,-6.725144885422194e-10,-5.689893001203925e-10,1,0.0,0.9999999949304597,Carlos Baleba,Carlos Baleba,Brighton
1695,0,0,10,1,1.6,368,0.01,0.01,0.0,0.55,365,0,0,1.2,10.4,2025-05-16,69,0,0,0,0,0,0,0,False,6,0,0,0,0,37,0,48649,1,0,1,0.0,2,141,639,498,4.6,False,1,0,0,0.0,75,Chelsea,Manchester United,1,0,26966,2024,727553,0.0,0,0,0,0.0,0.0,0.0,Manchester United,2,4,37,1.0,MID,0.0,0.01,0.23,0.22,0.53,1.0,0.0,3.2,10.8,14.2,7.0,64.0,0.0,0.0,0.0,0.0,0.0,0.0,1.0,1.0,1.0,2.0,0.0,1.0,0.13,0.03,0.0,0.0,1.0,0.0,0.13,0.11,0.11,0.0,0.33,0.03,0.15,0.11,0.44,0.67,0.0,5.03,17.87,14.2,18.0,70.67,0.0,0.0,0.0,0.0,0.33,0.0,1.0,0.33,0.67,1.67,0.0,1.67,0.09,0.02,0.0,0.0,0.67,0.0,0.09,0.19,0.18,0.43,0.2,0.02,0.1,0.07,0.68,0.6,0.0,4.06,19.8,9.08,11.6,64.6,0.0,0.0,0.0,0.0,0.2,0.0,0.8,1.0,0.6,1.6,0.0,1.4,0.06,0.01,0.0,0.0,0.4,0.0,0.06,0.14,0.13,0.72,1238.0,0.1240105540897097,2.0,0.659,0.19,0.152,,,-6.725144885422194e-10,0.0005715610889593,1,0.0,1.0017146799043055,Carlos Henrique Casimiro,Casemiro,Man Utd
1737,0,0,5,0,46.5,654,0.63,0.75,0.12,0.55,370,1,0,8.0,12.2,2025-05-18,31,0,0,0,0,0,0,0,False,16,0,0,0,0,37,0,3493,0,2,1,21.0,0,5,44,39,5.0,True,1,0,1,0.0577256977558136,25,West Ham,Nottingham Forest,1,2,26971,2024,728415,0.2486189156770706,0,4,0,0.0577256977558136,0.2874398827552795,0.1446908116340637,West Ham,4,2,37,0.0,MID,0.0,0.01,0.01,0.0,1.55,0.0,0.0,0.2,0.4,1.1,0.0,17.0,0.0,0.0,0.0,0.0,0.0,0.0,0.0,2.0,0.0,1.0,0.0,0.0,0.0,0.0,0.0,0.0,0.0,0.0,0.0,0.0,0.0,1.0,0.0,0.01,0.02,0.01,0.73,0.33,0.0,1.2,6.93,3.77,1.0,39.0,0.0,0.0,0.0,0.0,0.0,0.0,0.33,1.33,0.67,1.33,0.0,0.33,0.01,0.0,0.0,0.0,0.0,0.0,0.01,0.07,0.07,1.4,0.0,0.01,0.12,0.1,0.92,0.6,0.0,2.4,8.52,7.62,7.6,46.0,0.0,0.0,0.0,0.0,0.0,0.0,0.4,1.4,1.2,1.4,0.0,1.0,0.14,0.01,0.0,0.0,0.4,0.0,0.14,0.21,0.06,0.94,17.0,0.0602409638554216,0.0,0.343,0.286,0.37,,,0.1415594311575658,0.1839210552338002,0,0.0,2.2595603214892295,Carlos Soler,Carlos Soler,West Ham
1790,0,0,6,0,0.1,194,0.0,0.0,0.0,1.52,366,2,0,2.8,27.4,2025-05-20,90,0,0,0,0,0,0,0,False,20,0,0,0,0,37,0,22939,1,2,4,0.0,1,-1,294,295,4.4,True,0,0,0,0.0,90,Crystal Palace,Wolverhampton Wanderers,4,2,26967,2024,729281,0.0,0,0,0,0.0,0.2101972252130508,0.2101972252130508,Crystal Palace,3,3,37,3.0,DEF,1.0,0.0,0.04,0.04,0.68,0.0,0.0,5.0,16.0,0.5,33.0,90.0,0.0,0.0,0.0,0.0,0.0,0.0,1.0,2.0,0.0,6.0,0.0,1.0,0.17,0.0,0.0,0.0,0.0,0.0,0.17,0.73,0.73,1.2,0.33,0.17,0.2,0.04,0.59,0.33,0.0,2.53,9.4,2.8,14.0,75.0,0.0,0.0,0.0,0.33,0.0,0.0,1.0,1.0,0.33,2.0,0.0,0.67,0.07,0.0,0.0,0.0,0.0,0.0,0.07,0.26,0.26,0.77,0.2,0.1,0.27,0.17,1.4,2.2,0.2,4.04,22.4,1.72,16.8,81.0,0.0,0.0,0.0,0.2,0.0,0.0,1.0,1.0,2.2,2.4,0.2,0.8,0.27,0.0,0.0,0.0,0.0,0.2,0.27,0.24,0.24,0.46,86.0,-0.0016977928692699,1.0,0.419,0.286,0.295,,1.4701323509216309,3.9846503874230166e-10,-5.972489169892015e-10,0,0.0,1.2650000005990436,Chris Richards,Chris Richards,Crystal Palace
1826,0,0,3,0,27.8,447,0.12,0.33,0.21,1.13,370,1,0,6.0,10.2,2025-05-18,90,0,0,0,0,0,0,0,False,19,0,0,0,0,37,0,3667795,1,2,1,22.0,2,55805,143258,87453,7.2,False,0,0,2,0.2671287655830383,90,West Ham,Nottingham Forest,1,2,26971,2024,728425,0.289285808801651,0,2,0,0.2671287655830383,0.2991419732570648,0.0,Nottingham Forest,4,2,37,4.0,FWD,0.0,0.0,0.74,0.74,1.07,2.0,1.0,7.9,29.2,10.7,39.0,90.0,0.0,0.0,0.0,0.0,0.0,0.0,1.0,2.0,2.0,8.0,1.0,5.0,0.97,0.04,0.0,0.0,1.0,1.0,0.97,0.99,0.0,6.0,0.0,0.04,0.46,0.41,1.76,1.67,0.33,5.17,13.93,12.8,25.0,90.0,0.0,0.0,0.0,0.0,0.0,0.0,1.0,1.67,1.0,4.0,0.33,3.0,0.41,0.08,0.0,0.0,1.0,0.33,0.41,0.5,0.04,3.33,0.2,0.08,0.35,0.27,1.68,1.2,0.4,4.78,16.84,12.58,18.4,87.0,0.0,0.0,0.0,0.0,0.0,0.0,1.0,1.6,0.8,4.4,0.4,2.0,0.32,0.08,0.0,0.0,1.0,0.4,0.32,0.36,0.05,2.6,31436.0,0.2418827017350711,2.0,0.343,0.286,0.37,,,0.1920868010948948,0.1441419915888071,0,,3.2007731791460006,Chris Wood,Chris Wood,Nott'm Forest
1883,1,0,18,0,3.4,101,0.04,0.36,0.32,0.99,363,3,0,4.6,15.2,2025-05-18,90,0,0,0,0,0,0,0,False,9,0,0,0,0,37,0,23092,1,3,2,27.0,4,-403,706,1109,4.8,True,1,0,2,0.304814875125885,90,Brentford,Fulham,2,3,26964,2024,728500,0.0,0,0,0,0.304814875125885,1.3480932712554932,1.0432783365249634,Brentford,3,3,37,3.2,MID,1.0,0.03,0.03,0.0,0.93,0.0,0.0,0.9,5.0,3.7,0.0,90.0,0.0,0.0,0.0,0.0,1.0,0.0,1.0,1.0,0.0,2.0,0.0,0.0,0.0,0.0,0.0,0.0,0.0,0.0,0.0,0.06,0.06,4.5,0.67,0.11,0.2,0.1,1.15,1.0,0.0,4.3,16.93,12.6,13.33,90.0,0.0,0.0,0.0,0.0,0.67,0.0,1.0,2.0,1.33,3.0,0.0,0.67,0.21,0.18,0.33,0.33,0.67,0.0,0.21,0.21,0.19,2.77,0.4,0.07,0.22,0.15,1.15,1.2,0.2,4.5,22.28,8.64,14.0,90.0,0.0,0.0,0.0,0.0,0.6,0.0,1.0,1.8,1.8,3.4,0.2,1.0,0.24,0.11,0.2,0.2,0.4,0.2,0.24,0.14,0.13,2.3,-488.0,-0.2220385674931129,4.0,0.495,0.242,0.263,,,0.1745385612370247,-5.689893001203925e-10,1,0.0,1.8726928044781554,Christian Nørgaard,Christian Nørgaard,Brentford
1952,0,0,6,0,11.1,321,0.37,0.46,0.09,1.01,364,1,0,3.2,5.8,2025-05-19,62,0,0,0,0,0,0,0,False,5,0,0,0,0,37,0,574359,1,2,3,15.0,2,22716,30184,7468,7.2,False,0,0,2,0.1341217160224914,65,Brighton,Liverpool,3,2,26965,2024,729273,0.6767306327819824,0,1,0,0.1341217160224914,0.8658397793769836,0.0549874193966388,Liverpool,5,3,37,6.0,FWD,0.0,0.01,0.58,0.57,1.46,1.0,1.0,8.8,33.8,10.8,43.0,65.0,0.0,0.0,0.0,0.0,0.0,0.0,1.0,2.0,2.0,9.0,1.0,2.0,0.58,0.02,0.0,0.0,1.0,1.0,0.58,1.87,1.3,4.8,0.0,0.09,0.36,0.27,1.68,1.67,0.67,6.83,25.47,11.83,31.0,74.0,0.0,0.0,0.0,0.0,0.33,0.0,1.0,1.33,3.33,6.0,0.67,2.0,0.29,0.02,0.0,0.0,0.67,0.67,0.29,0.87,0.63,2.87,0.0,0.09,0.3,0.21,1.17,1.2,0.4,5.92,18.6,13.7,26.8,62.2,0.0,0.0,0.0,0.0,0.2,0.0,0.8,1.2,2.4,4.0,0.4,1.8,0.27,0.09,0.0,0.0,0.8,0.4,0.27,0.91,0.59,2.22,25684.0,0.6033145649633486,2.0,0.363,0.252,0.385,,,0.1551024666897167,0.1024648617106531,0,,2.927804451890826,Cody Gakpo,Cody Gakpo,Liverpool
1989,0,0,17,1,27.6,182,0.27,0.33,0.06,0.29,365,0,0,5.3,14.6,2025-05-16,90,0,0,0,0,0,0,0,False,14,0,0,0,0,37,0,4048863,1,0,1,11.0,2,128649,174031,45382,10.5,True,1,0,2,0.0536689460277557,90,Chelsea,Manchester United,1,0,26966,2024,727542,0.7602353096008301,0,2,0,0.0536689460277557,1.119128704071045,0.3052244186401367,Chelsea,2,4,37,4.2,MID,0.0,0.04,0.27,0.23,1.57,2.0,0.0,4.9,9.4,18.3,21.0,90.0,0.0,0.0,0.0,0.0,0.0,0.0,1.0,0.0,2.0,2.0,0.0,3.0,0.09,0.03,0.0,0.0,1.0,0.0,0.09,0.45,0.32,3.7,0.33,0.22,0.67,0.45,1.02,1.0,0.33,8.03,25.2,31.43,23.67,90.0,0.0,0.0,0.0,0.0,0.0,0.0,1.0,0.33,2.0,5.0,0.33,2.67,0.47,0.38,0.0,0.0,2.33,0.0,0.21,0.87,0.29,2.5,0.2,0.17,0.51,0.34,0.88,1.2,0.2,7.92,23.2,32.3,23.8,90.0,0.0,0.0,0.0,0.0,0.2,0.0,1.0,1.0,1.8,4.2,0.2,3.2,0.36,0.26,0.2,0.2,2.4,0.0,0.2,0.86,0.42,2.14,148268.0,0.5863326238645842,2.0,0.659,0.19,0.152,,,0.0520417479955248,0.1468927651008709,0,0.0,2.7008870352802368,Cole Palmer,Cole Palmer,Chelsea
2008,1,0,17,0,21.2,313,0.82,0.93,0.11,1.35,364,2,0,7.1,36.0,2025-05-19,76,0,0,0,0,0,0,0,False,5,0,0,0,0,37,0,116018,1,2,3,14.0,4,4948,8360,3412,4.7,False,0,0,1,0.1025237962603569,79,Brighton,Liverpool,3,2,26965,2024,729265,1.3133214712142944,1,2,0,0.1025237962603569,1.6550298929214478,0.2391846626996994,Liverpool,5,3,37,2.5,DEF,0.0,0.0,0.0,0.0,1.46,1.0,0.0,0.8,8.0,0.0,0.0,66.0,0.0,0.0,0.0,0.0,1.0,0.0,1.0,2.0,2.0,1.0,0.0,0.0,0.0,0.0,0.0,0.0,0.0,0.0,0.0,0.09,0.09,1.8,0.33,0.1,0.11,0.01,1.01,0.67,0.0,2.4,7.13,8.47,8.33,56.33,0.0,0.0,0.0,0.0,0.67,0.0,0.67,1.33,1.67,2.33,0.0,0.33,0.02,0.08,0.0,0.0,0.67,0.0,0.02,0.54,0.54,3.8,0.4,0.07,0.09,0.02,0.88,0.4,0.0,3.24,12.24,12.2,8.0,51.8,0.0,0.0,0.0,0.0,0.4,0.0,0.6,1.4,2.0,4.0,0.0,0.4,0.02,0.12,0.2,0.2,1.0,0.0,0.02,0.49,0.41,2.72,5354.0,0.4203194019707781,4.0,0.363,0.252,0.385,,1.4242088794708252,0.0564722249452569,0.0747746436544072,0,0.0,0.8511572806347631,Conor Bradley,Conor Bradley,Liverpool
2030,0,0,2,0,0.7,265,0.0,0.1,0.1,0.07,368,0,0,1.2,4.2,2025-05-18,19,0,0,0,0,0,0,0,False,11,0,0,0,0,37,0,8320,0,0,2,7.0,1,-8,60,68,5.1,False,0,0,2,0.1134396567940712,18,Leicester,Ipswich,2,0,26969,2024,728555,0.0,0,0,0,0.1134396567940712,0.0525618493556976,0.0,Ipswich,2,1,37,1.0,MID,0.0,0.01,0.01,0.0,0.66,1.0,0.0,0.7,0.0,4.8,2.0,56.0,0.0,0.0,0.0,0.0,0.0,0.0,1.0,1.0,0.0,1.0,0.0,0.0,0.0,0.0,0.0,0.0,0.0,0.0,0.0,0.05,0.05,0.5,0.0,0.01,0.01,0.0,0.47,1.33,0.0,1.07,1.27,8.87,0.67,47.33,0.0,0.0,0.0,0.0,0.33,0.0,0.67,1.0,1.67,1.0,0.0,0.0,0.0,0.01,0.0,0.0,0.67,0.0,0.0,0.06,0.05,0.27,0.0,0.0,0.0,0.0,0.46,1.0,0.0,0.68,1.16,5.34,0.4,30.4,0.0,0.0,0.0,0.0,0.2,0.0,0.4,1.8,1.2,1.0,0.0,0.0,0.0,0.01,0.0,0.0,0.4,0.0,0.0,0.04,0.03,0.02,5.0,-0.0625,1.0,0.411,0.263,0.326,,,0.1020473687996119,-5.689893001203925e-10,0,0.0,1.5102368422910917,Conor Chaplin,Conor Chaplin,Ipswich
2052,0,1,30,1,0.3,288,0.0,0.0,0.0,1.41,368,0,0,3.1,31.0,2025-05-18,90,0,0,0,0,0,0,0,False,10,0,0,0,0,37,0,52385,1,0,2,0.0,7,12924,13653,729,4.0,True,0,0,0,0.0,90,Leicester,Ipswich,2,0,26969,2024,728529,0.0,0,0,0,0.0,0.3995484113693237,0.3995484113693237,Leicester,2,1,37,5.8,DEF,0.0,0.0,0.41,0.41,1.31,2.0,1.0,7.8,43.2,0.2,35.0,90.0,0.0,0.0,0.0,0.0,0.0,0.0,1.0,2.0,2.0,7.0,1.0,1.0,0.54,0.0,0.0,0.0,0.0,1.0,0.54,0.92,0.38,3.5,0.33,0.0,0.17,0.17,1.29,1.67,0.33,4.7,29.2,0.33,17.33,90.0,0.0,0.0,0.0,0.0,0.0,0.0,1.0,0.67,2.33,5.33,0.33,0.67,0.21,0.0,0.0,0.0,0.0,0.33,0.21,0.57,0.39,2.1,0.2,0.0,0.11,0.1,2.07,1.6,0.2,3.56,23.84,0.5,11.2,90.0,0.0,0.0,0.0,0.0,0.2,0.0,1.0,1.0,1.8,3.6,0.2,0.4,0.13,0.0,0.0,0.0,0.0,0.2,0.13,0.41,0.3,1.16,15142.0,0.8986232790988736,6.0,0.411,0.263,0.326,,1.3328461647033691,3.9846503874230166e-10,-5.972489169892015e-10,0,1.0,5.334000000599043,Conor Coady,Conor Coady,Leicester
2143,0,0,4,0,11.9,324,0.02,0.08,0.06,1.19,364,2,0,2.6,3.4,2025-05-19,27,0,0,0,0,0,0,0,False,5,0,0,0,0,37,0,28228,0,2,3,11.0,1,-72,199,271,5.3,False,0,0,1,0.0841353610157966,24,Brighton,Liverpool,3,2,26965,2024,729278,0.0146231697872281,0,1,0,0.0841353610157966,0.0987585261464119,0.0146231697872281,Liverpool,5,3,37,2.5,MID,0.0,0.03,0.13,0.1,1.46,1.0,0.0,5.4,20.4,12.1,21.0,66.0,0.0,0.0,0.0,0.0,0.0,0.0,1.0,2.0,2.0,2.0,0.0,1.0,0.12,0.02,0.0,0.0,1.0,0.0,0.12,1.21,1.07,1.5,0.0,0.03,0.07,0.05,1.54,1.33,0.0,2.7,10.73,6.47,9.67,59.33,0.0,0.0,0.0,0.0,0.0,0.0,0.67,1.33,3.33,1.67,0.0,1.0,0.05,0.01,0.0,0.0,0.33,0.0,0.05,0.46,0.41,1.43,0.2,0.07,0.1,0.03,1.19,0.8,0.0,2.06,8.16,5.22,7.2,49.2,0.0,0.0,0.0,0.0,0.0,0.0,0.6,1.2,2.4,1.8,0.0,0.8,0.03,0.0,0.0,0.0,0.2,0.0,0.03,0.34,0.31,1.6,-20.0,-0.1531914893617021,1.0,0.363,0.252,0.385,,,0.0757664244003999,0.0479227138317728,0,0.0,1.5226002634973181,Curtis Jones,Curtis Jones,Liverpool
2177,0,0,4,0,4.3,205,0.02,0.02,0.0,0.3,366,0,0,0.7,2.8,2025-05-20,19,0,0,0,0,0,0,0,False,20,0,0,0,0,37,0,11945,0,2,4,0.0,1,-38,43,81,5.1,True,0,0,0,0.0,16,Crystal Palace,Wolverhampton Wanderers,4,2,26967,2024,729292,0.0,0,0,0,0.0,0.0392813235521316,0.0392813235521316,Crystal Palace,3,3,37,1.0,MID,0.0,0.11,0.11,0.0,0.16,0.0,0.0,2.5,7.8,14.8,2.0,29.0,0.0,0.0,0.0,0.0,0.0,0.0,0.0,2.0,0.0,1.0,0.0,0.0,0.0,0.2,0.0,0.0,1.0,0.0,0.0,0.8,0.61,1.2,0.0,0.06,0.12,0.06,0.7,1.0,0.0,3.37,10.67,15.87,7.0,68.33,0.0,0.0,0.0,0.0,0.33,0.0,0.67,1.67,1.0,1.33,0.0,1.33,0.04,0.21,0.0,0.0,1.0,0.0,0.04,0.33,0.22,1.17,0.0,0.05,0.11,0.06,0.46,0.8,0.0,2.84,7.84,13.1,7.2,50.6,0.0,0.0,0.0,0.0,0.2,0.0,0.4,1.0,1.6,1.2,0.0,1.2,0.04,0.14,0.0,0.0,0.8,0.0,0.04,0.27,0.17,1.02,-21.0,-0.3064516129032258,1.0,0.419,0.286,0.295,,,-6.725144885422194e-10,-5.689893001203925e-10,1,0.0,0.9999999949304597,Daichi Kamada,Daichi Kamada,Crystal Palace
2214,0,0,11,0,1.9,395,0.02,0.2,0.18,0.64,361,1,0,5.3,18.2,2025-05-18,90,0,0,0,0,0,0,0,False,1,0,0,0,0,37,0,1321877,1,0,1,33.0,1,9829,34111,24282,4.5,False,1,0,1,0.1299491375684738,90,Arsenal,Newcastle United,1,0,26962,2024,728576,0.0,0,0,0,0.1299491375684738,0.1042311340570449,0.1042311340570449,Newcastle United,4,5,37,6.3,DEF,1.0,0.01,0.09,0.08,0.69,0.0,0.0,6.9,36.6,11.8,21.0,90.0,0.0,0.0,0.0,0.0,0.0,0.0,1.0,0.0,2.0,11.0,0.0,2.0,0.07,0.02,1.0,1.0,1.0,0.0,0.07,0.05,0.05,6.3,0.67,0.01,0.17,0.16,0.49,0.33,0.33,6.63,37.27,8.53,20.67,90.0,0.0,0.0,0.0,0.0,0.33,0.0,1.0,0.33,2.0,8.67,0.33,1.0,0.32,0.03,0.33,0.33,0.67,0.33,0.32,0.18,0.16,3.6,0.6,0.02,0.12,0.1,1.15,1.0,0.2,4.82,26.32,7.6,14.4,90.0,0.2,0.0,0.0,0.0,0.4,0.0,1.0,0.4,3.0,5.8,0.2,1.0,0.2,0.11,0.2,0.2,0.6,0.2,0.2,0.26,0.24,2.78,13714.0,0.1683249704587878,1.0,0.487,0.257,0.257,,1.1288578510284424,0.1127814636526327,-5.972489169892015e-10,0,1.0,6.112688780124049,Dan Burn,Dan Burn,Newcastle
2252,0,0,5,0,0.0,536,0.0,0.0,0.0,1.69,366,4,0,4.9,48.6,2025-05-20,90,0,0,0,0,0,0,0,False,7,0,0,0,0,37,6,194968,1,2,4,0.0,2,-1784,1682,3466,3.9,False,0,0,0,0.0,90,Crystal Palace,Wolverhampton Wanderers,4,2,26967,2024,729295,0.0,0,0,0,0.0,0.0324226282536983,0.0324226282536983,Wolverhampton Wanderers,3,3,37,0.5,GK,1.0,0.0,0.0,0.0,1.32,0.0,0.0,1.1,11.4,0.0,0.0,90.0,0.0,0.0,0.0,0.0,0.0,2.0,1.0,1.0,0.0,7.0,0.0,0.0,0.0,0.0,0.0,0.0,0.0,0.0,0.0,0.0,0.0,1.8,,,,,,,,,,,,,,,,,,,,,,,,,,,,,,,,,,,,,,,,,,,,,,,,,,,,,,,,,,,,,,,,,,,,,2532.0,-0.3465423465423465,2.0,0.419,0.286,0.295,5.834014319924507,1.8443360678942344,,,1,1.0,4.023000000000001,,,
2269,0,1,29,0,0.5,69,0.0,0.29,0.29,0.08,369,1,1,5.1,33.0,2025-05-20,7,0,0,0,0,0,0,0,False,13,0,0,0,0,37,0,118120,0,1,3,17.0,6,-770,1095,1865,4.5,False,0,1,1,0.3023298382759094,5,Manchester City,Bournemouth,3,1,26970,2024,729339,0.0,0,0,1,0.3023298382759094,0.3023298382759094,0.0,Bournemouth,3,4,37,1.7,FWD,0.0,0.0,0.46,0.46,0.0,0.0,0.0,0.5,0.0,0.0,7.0,2.0,0.0,0.0,0.0,0.0,0.0,0.0,0.0,1.0,0.0,1.0,0.0,1.0,0.68,0.0,0.0,0.0,0.0,0.0,0.68,0.97,0.29,0.8,0.0,0.0,0.15,0.15,0.04,0.0,0.0,0.23,0.67,0.0,2.33,2.0,0.0,0.0,0.0,0.0,0.0,0.0,0.0,1.33,0.67,1.0,0.0,0.33,0.23,0.0,0.0,0.0,0.0,0.0,0.23,0.32,0.1,0.1,0.0,0.0,0.09,0.09,0.02,0.0,0.0,0.22,0.6,0.16,1.8,2.0,0.0,0.0,0.0,0.0,0.0,0.0,0.0,1.6,1.0,1.0,0.0,0.2,0.14,0.0,0.0,0.0,0.0,0.0,0.14,0.19,0.06,0.6,-628.0,-0.2601351351351351,5.0,0.614,0.22,0.166,,,0.1943095620307475,0.0503473092641473,1,,0.928280175915432,Daniel Jebbison,Daniel Jebbison,Bournemouth
2306,0,0,0,0,22.5,211,0.05,0.1,0.05,1.52,366,2,0,5.1,14.2,2025-05-20,90,0,0,0,0,0,0,0,False,20,0,0,0,0,37,0,2368068,1,2,4,14.0,1,66584,88897,22313,5.2,True,0,0,1,0.1253491193056106,90,Crystal Palace,Wolverhampton Wanderers,4,2,26967,2024,729283,0.1130451411008834,0,2,0,0.1253491193056106,0.8254843950271606,0.5870901346206665,Crystal Palace,3,3,37,4.3,DEF,1.0,0.24,0.44,0.2,0.68,0.0,0.0,10.2,35.0,35.8,31.0,90.0,0.0,0.0,0.0,0.0,0.0,0.0,1.0,2.0,0.0,11.0,0.0,3.0,0.21,0.62,1.0,1.0,3.0,0.0,0.21,0.99,0.27,3.4,0.33,0.29,0.39,0.1,0.87,1.0,0.0,8.4,28.33,33.8,22.0,90.0,0.0,0.0,0.0,0.0,0.33,0.0,1.0,1.67,1.0,4.33,0.0,1.33,0.09,0.5,0.33,0.33,2.67,0.0,0.09,0.43,0.12,2.7,0.4,0.19,0.33,0.14,0.94,1.6,0.0,6.54,23.68,24.16,17.6,90.0,0.0,0.0,0.0,0.0,0.6,0.0,1.0,1.0,1.6,3.4,0.0,1.2,0.11,0.31,0.2,0.2,1.8,0.0,0.11,0.33,0.07,2.42,85159.0,0.5987231364085963,1.0,0.419,0.286,0.295,,1.0953850746154783,0.0650736798050688,0.0816283647328504,0,0.0,2.0873271730289638,Daniel Muñoz,Daniel Muñoz,Crystal Palace
2315,0,0,2,0,0.3,429,0.0,0.0,0.0,0.18,370,1,0,0.5,4.4,2025-05-18,6,0,0,0,0,0,0,0,False,19,0,0,0,0,37,0,2962,0,2,1,0.0,1,3,48,45,4.7,False,0,0,0,0.0,1,West Ham,Nottingham Forest,1,2,26971,2024,728430,0.0,0,0,0,0.0,0.0,0.0,Nottingham Forest,4,2,37,0.7,MID,0.0,0.0,0.0,0.0,1.39,0.0,0.0,1.3,12.8,0.6,0.0,57.0,0.0,0.0,0.0,0.0,0.0,0.0,1.0,2.0,1.0,1.0,0.0,0.0,0.0,0.0,0.0,0.0,0.0,0.0,0.0,0.02,0.02,1.0,0.0,0.0,0.0,0.0,0.63,0.33,0.0,0.5,4.4,0.93,0.0,32.33,0.0,0.0,0.0,0.0,0.0,0.0,0.67,2.0,1.33,1.0,0.0,0.0,0.0,0.0,0.0,0.0,0.0,0.0,0.0,0.01,0.01,1.07,0.0,0.0,0.0,0.0,0.74,0.6,0.0,0.54,4.8,0.8,0.0,37.2,0.0,0.0,0.0,0.0,0.0,0.0,0.6,1.4,1.2,1.2,0.0,0.0,0.0,0.0,0.0,0.0,0.0,0.0,0.0,0.04,0.04,1.28,83.0,0.032258064516129,1.0,0.343,0.286,0.37,,,-6.725144885422194e-10,-5.689893001203925e-10,1,0.0,-5.069540343072276e-09,Danilo dos Santos de Oliveira,Danilo,Nott'm Forest
2362,1,0,21,0,34.7,148,0.08,0.74,0.66,2.24,364,2,0,11.8,21.6,2025-05-19,83,0,0,0,0,0,0,0,False,12,0,0,0,0,37,0,708215,1,2,3,62.0,5,-5925,11610,17535,5.5,True,0,0,6,0.7802338600158691,86,Brighton,Liverpool,3,2,26965,2024,729258,0.1480917036533355,0,3,0,0.7802338600158691,0.8540767431259155,0.0556165762245655,Brighton,5,3,37,3.2,FWD,1.0,0.01,0.8,0.79,0.91,0.0,1.0,8.4,45.8,17.6,21.0,90.0,0.0,0.0,0.0,0.0,0.0,0.0,1.0,2.0,0.0,9.0,1.0,1.0,0.76,0.07,0.0,0.0,1.0,0.0,0.0,0.18,0.11,4.2,0.33,0.02,0.31,0.29,1.35,1.0,0.33,4.57,19.87,15.63,10.33,90.0,0.0,0.0,0.0,0.0,0.33,0.0,1.0,1.67,1.33,4.0,0.33,0.67,0.28,0.05,0.0,0.0,1.0,0.0,0.02,0.16,0.09,2.07,0.2,0.03,0.37,0.35,1.49,1.6,0.4,5.66,22.08,12.9,21.6,87.2,0.0,0.0,0.0,0.0,0.4,0.0,1.0,1.8,2.0,3.8,0.4,1.8,0.28,0.05,0.0,0.0,0.8,0.2,0.13,0.23,0.09,2.04,-4727.0,-0.2032938754503345,5.0,0.363,0.252,0.385,,,0.5427540471739234,0.2579131144461848,0,,4.9447555320342484,Danny Welbeck,Danny Welbeck,Brighton
2391,0,0,0,0,1.4,316,0.04,0.04,0.0,1.19,364,2,0,0.9,0.0,2025-05-19,27,0,0,0,0,0,0,0,False,5,0,0,0,0,37,0,218564,0,2,3,8.0,1,-914,494,1408,7.0,False,0,0,0,0.0,25,Brighton,Liverpool,3,2,26965,2024,729277,0.0,0,0,0,0.0,0.6322396397590637,0.6322396397590637,Liverpool,5,3,37,2.0,FWD,0.0,0.01,0.01,0.0,0.85,1.0,0.0,2.1,4.2,10.6,6.0,23.0,0.0,0.0,0.0,0.0,0.0,0.0,0.0,2.0,2.0,1.0,0.0,0.0,0.0,0.02,0.0,0.0,1.0,0.0,0.0,0.05,0.04,0.8,0.0,0.02,0.12,0.11,0.77,0.67,0.0,1.3,1.4,3.97,7.67,20.67,0.0,0.0,0.0,0.0,0.0,0.0,0.0,1.33,3.33,1.0,0.0,0.67,0.14,0.01,0.0,0.0,0.33,0.0,0.14,0.29,0.14,0.77,0.0,0.01,0.08,0.07,0.48,0.4,0.0,1.02,1.04,4.68,4.8,20.0,0.0,0.0,0.0,0.0,0.2,0.0,0.0,1.2,2.8,0.8,0.0,0.6,0.09,0.03,0.0,0.0,0.4,0.0,0.09,0.23,0.11,1.96,-679.0,-0.480546792849632,1.0,0.363,0.252,0.385,,,0.0796762193031603,0.0008823228921186,0,,1.3213518458889968,Darwin Núñez Ribeiro,Darwin Núñez,Liverpool
2420,0,0,4,0,2.8,62,0.03,0.03,0.0,0.27,369,1,0,0.9,3.8,2025-05-20,45,0,0,0,0,0,0,0,False,13,0,0,0,0,37,0,3522,0,1,3,2.0,1,-35,32,67,4.9,False,0,0,0,0.0,42,Manchester City,Bournemouth,3,1,26970,2024,729341,0.0,0,0,0,0.0,0.0746283754706382,0.0746283754706382,Bournemouth,3,4,37,0.3,MID,0.0,0.14,0.14,0.0,0.0,0.0,0.0,4.5,10.8,30.5,4.0,20.0,0.0,0.0,0.0,0.0,0.0,0.0,0.0,1.0,0.0,1.0,0.0,0.0,0.0,0.1,0.0,0.0,2.0,0.0,0.0,0.39,0.29,0.8,0.0,0.06,0.06,0.0,0.11,0.0,0.0,2.1,4.73,14.8,1.33,19.0,0.0,0.0,0.0,0.0,0.0,0.0,0.0,1.0,0.33,1.0,0.0,0.0,0.0,0.04,0.0,0.0,1.0,0.0,0.0,0.14,0.1,0.37,0.0,0.06,0.07,0.01,0.2,0.4,0.0,2.1,4.36,15.16,1.4,22.4,0.0,0.0,0.0,0.0,0.0,0.0,0.0,1.4,0.8,1.0,0.0,0.2,0.0,0.04,0.0,0.0,1.0,0.0,0.0,0.12,0.09,0.82,-34.0,-0.3535353535353535,1.0,0.614,0.22,0.166,,,0.0123408702665928,-5.689893001203925e-10,0,0.0,1.0617043496259961,David Brooks,David Brooks,Bournemouth
2458,0,1,28,1,10.0,15,0.01,0.01,0.0,1.86,361,0,0,4.1,31.0,2025-05-18,90,0,0,0,0,0,0,0,False,15,0,0,0,0,37,5,3494042,1,0,1,0.0,7,-25052,16663,41715,5.5,True,1,0,0,0.0,90,Arsenal,Newcastle United,1,0,26962,2024,728558,0.0936360284686088,0,1,0,0.0,0.0936360284686088,0.0,Arsenal,4,5,37,3.8,GK,0.0,0.0,0.0,0.0,2.56,2.0,0.0,2.6,25.8,0.0,0.0,90.0,0.0,0.0,0.0,0.0,0.0,3.0,1.0,2.0,2.0,2.0,0.0,0.0,0.0,0.0,0.0,0.0,0.0,0.0,0.0,0.12,0.12,2.5,0.0,0.0,0.0,0.0,1.76,2.0,0.0,1.57,15.53,0.0,0.0,90.0,0.0,0.0,0.0,0.0,0.0,1.67,1.0,2.0,1.67,1.33,0.0,0.0,0.0,0.0,0.0,0.0,0.0,0.0,0.0,0.1,0.1,4.57,0.2,0.0,0.0,0.0,1.14,1.4,0.0,1.28,12.72,0.02,0.0,90.0,0.0,0.0,0.0,0.0,0.0,1.2,1.0,2.2,1.2,2.4,0.0,0.0,0.0,0.0,0.0,0.0,0.0,0.0,0.0,0.19,0.19,4.28,-16900.0,-0.4291342629072596,6.0,0.487,0.257,0.257,3.793292299153393,1.3611087381289768,,,0,1.0,6.583,David Raya Martin,David Raya,Arsenal
2496,0,0,2,0,0.0,201,0.0,0.0,0.0,1.52,366,2,0,1.0,10.0,2025-05-20,90,0,0,0,0,0,0,0,False,20,0,0,0,0,37,1,1400273,1,2,4,0.0,1,-7502,9499,17001,4.6,True,0,0,0,0.0,90,Crystal Palace,Wolverhampton Wanderers,4,2,26967,2024,729279,0.0,0,0,0,0.0,0.0,0.0,Crystal Palace,3,3,37,3.3,GK,1.0,0.0,0.0,0.0,0.68,0.0,0.0,1.4,14.0,0.0,0.0,90.0,0.0,0.0,0.0,0.0,0.0,1.0,1.0,2.0,0.0,6.0,0.0,0.0,0.0,0.0,0.0,0.0,0.0,0.0,0.0,0.6,0.6,4.0,0.33,0.0,0.0,0.0,0.87,1.0,0.0,1.67,16.67,0.0,0.0,90.0,0.0,0.0,0.0,0.0,0.0,2.33,1.0,1.67,1.0,3.33,0.0,0.0,0.0,0.0,0.0,0.0,0.0,0.0,0.0,0.24,0.24,3.7,0.4,0.0,0.0,0.0,0.94,1.6,0.0,2.12,21.12,0.0,0.0,90.0,0.0,0.0,0.0,0.0,0.0,2.8,1.0,1.0,1.6,4.0,0.0,0.0,0.0,0.0,0.0,0.0,0.0,0.0,0.0,0.14,0.14,3.14,-4698.0,-0.2830943396226415,1.0,0.419,0.286,0.295,1.2060367728521584,0.8460205444561821,,,0,1.0,5.979,Dean Henderson,Dean Henderson,Crystal Palace
2528,0,0,2,0,5.3,580,0.02,0.02,0.0,1.6,369,3,0,3.1,26.0,2025-05-20,90,0,0,0,0,0,0,0,False,13,0,0,0,0,37,0,508147,1,1,3,0.0,0,-1756,16701,18457,4.5,False,1,0,0,0.0,90,Manchester City,Bournemouth,3,1,26970,2024,729329,0.0,0,0,0,0.0,0.4439072012901306,0.4439072012901306,Bournemouth,3,4,37,2.0,DEF,0.0,0.02,0.02,0.0,0.98,1.0,0.0,3.5,31.0,3.7,0.0,90.0,0.0,0.0,0.0,0.0,1.0,0.0,1.0,1.0,0.0,1.0,0.0,0.0,0.0,0.0,0.0,0.0,0.0,0.0,0.0,0.44,0.44,4.5,0.0,0.02,0.07,0.05,1.64,1.0,0.33,4.77,34.0,2.63,11.0,90.0,0.0,0.0,0.0,0.0,0.67,0.0,1.0,1.33,0.67,3.33,0.33,0.33,0.1,0.0,0.0,0.0,0.0,0.33,0.1,0.43,0.33,3.17,0.4,0.02,0.06,0.04,1.27,0.6,0.2,4.4,31.6,4.94,7.6,90.0,0.0,0.0,0.0,0.0,0.4,0.0,1.0,0.8,0.6,5.0,0.2,0.6,0.07,0.01,0.0,0.0,0.2,0.2,0.07,0.3,0.23,2.86,-7170.0,-0.049945958245634,0.0,0.614,0.22,0.166,,1.0516602993011477,3.9846503874230166e-10,-5.972489169892015e-10,0,0.0,1.4740000005990435,Dean Huijsen,Dean Huijsen,Bournemouth
2563,0,3,36,1,5.5,16,0.02,0.11,0.09,1.86,361,0,1,7.2,52.2,2025-05-18,90,0,0,0,0,0,0,0,False,15,0,0,0,0,37,0,380234,1,0,1,14.0,11,-27696,2934,30630,6.2,True,0,1,2,0.0490510649979114,90,Arsenal,Newcastle United,1,0,26962,2024,728565,0.0,0,0,1,0.0490510649979114,0.125128224492073,0.0760771632194519,Arsenal,4,5,37,5.4,MID,0.0,0.08,0.67,0.59,0.77,1.0,1.0,7.9,39.8,12.4,27.0,73.0,0.0,0.0,0.0,0.0,0.0,0.0,1.0,2.0,1.0,9.0,1.0,3.0,0.7,0.05,0.0,0.0,1.0,1.0,0.7,0.87,0.12,6.5,0.33,0.1,0.33,0.23,0.88,1.0,0.33,6.67,26.13,24.6,16.0,78.33,0.0,0.0,0.0,0.0,0.33,0.0,1.0,2.67,1.0,5.67,0.33,1.67,0.27,0.09,0.33,0.33,1.67,0.33,0.27,0.71,0.42,8.1,0.2,0.08,0.28,0.2,0.8,1.0,0.2,6.6,25.2,24.12,16.6,79.8,0.0,0.0,0.0,0.0,0.2,0.0,1.0,2.0,1.0,4.8,0.2,1.6,0.21,0.13,0.4,0.4,1.6,0.2,0.21,0.56,0.3,5.36,-23909.0,-0.825169824812299,8.0,0.487,0.257,0.257,,,0.1332894832247788,-5.689893001203925e-10,1,0.0,1.6664474144169263,Declan Rice,Declan Rice,Arsenal
2715,0,0,-3,0,2.1,504,0.01,0.01,0.0,1.39,362,2,0,1.4,11.4,2025-05-16,90,0,0,0,0,0,0,0,False,2,0,0,0,0,37,0,87149,1,0,2,0.0,1,-5436,351,5787,4.4,False,0,0,0,0.0,90,Aston Villa,Tottenham,2,0,26963,2024,727519,0.0,0,0,0,0.0,0.0,0.0,Tottenham,2,4,37,1.0,DEF,0.0,0.0,0.0,0.0,3.39,2.0,0.0,2.2,20.4,2.0,0.0,90.0,0.0,0.0,0.0,0.0,0.0,0.0,1.0,2.0,0.0,1.0,0.0,0.0,0.0,0.0,0.0,0.0,0.0,0.0,0.0,0.64,0.64,1.0,0.0,0.02,0.02,0.01,2.17,2.67,0.0,2.3,15.53,6.2,1.33,90.0,0.0,0.0,0.0,0.0,0.0,0.0,1.0,1.33,2.0,1.0,0.0,0.33,0.0,0.02,0.0,0.0,0.33,0.0,0.0,0.32,0.31,0.4,0.0,0.02,0.04,0.02,1.88,2.8,0.0,2.54,15.6,6.92,2.8,90.0,0.2,0.0,0.0,0.0,0.0,0.0,1.0,1.6,2.2,0.4,0.0,0.4,0.01,0.01,0.0,0.0,0.2,0.0,0.01,0.38,0.37,0.38,-5446.0,-0.8856304985337243,1.0,0.73,0.158,0.112,,1.723179817199707,3.9846503874230166e-10,-5.972489169892015e-10,0,0.0,1.1380000005990434,Djed Spence,Djed Spence,Spurs
2741,0,0,5,0,0.1,220,0.0,0.0,0.0,0.87,367,0,0,0.6,4.2,2025-05-18,15,0,0,0,0,0,0,0,False,17,0,0,0,0,37,0,120359,0,0,2,2.0,1,1350,1774,424,5.4,True,0,0,0,0.0,13,Everton,Southampton,2,0,26968,2024,728286,0.0,0,0,0,0.0,0.0,0.0,Everton,1,3,37,1.3,FWD,0.0,0.0,0.1,0.1,0.13,0.0,0.0,2.2,3.0,0.0,19.0,1.0,0.0,0.0,0.0,0.0,0.0,0.0,0.0,3.0,1.0,1.0,0.0,1.0,0.25,0.0,0.0,0.0,0.0,0.0,0.25,0.25,0.0,0.5,0.0,0.0,0.05,0.05,0.17,0.33,0.0,0.9,1.0,0.47,7.67,8.67,0.0,0.0,0.0,0.0,0.0,0.0,0.33,2.0,1.0,1.0,0.0,0.67,0.1,0.0,0.0,0.0,0.0,0.0,0.1,0.08,0.0,1.07,0.0,0.01,0.32,0.31,0.57,0.8,0.2,3.1,7.6,3.98,20.0,41.2,0.0,0.0,0.0,0.0,0.2,0.0,0.6,1.8,1.2,2.0,0.2,2.2,0.54,0.02,0.0,0.0,0.2,0.2,0.54,0.41,0.04,0.88,1486.0,0.6141947224749773,1.0,0.675,0.199,0.126,,,0.0228853489958409,0.0169925682711651,0,,1.142519100796859,Dominic Calvert-Lewin,Dominic Calvert-Lewin,Everton
2768,0,0,3,0,0.4,82,0.0,0.0,0.0,0.1,362,0,0,0.2,1.4,2025-05-16,16,0,0,0,0,0,0,0,False,2,0,0,0,0,37,0,528614,0,0,2,0.0,1,-3799,3506,7305,7.3,False,0,0,0,0.0,15,Aston Villa,Tottenham,2,0,26963,2024,727532,0.0,0,0,0,0.0,0.0,0.0,Tottenham,2,4,37,1.8,FWD,0.0,0.0,0.26,0.26,1.88,4.0,1.0,7.7,33.0,0.5,43.0,67.0,0.0,0.0,0.0,0.0,0.0,0.0,1.0,1.0,5.0,6.0,1.0,3.0,0.35,0.0,0.0,0.0,0.0,1.0,0.35,0.28,0.0,0.0,0.0,0.01,0.25,0.24,1.23,2.33,0.33,2.77,11.0,1.23,17.0,54.67,0.0,0.0,0.0,0.0,0.0,0.0,0.67,1.67,3.33,3.0,0.33,1.33,0.27,0.0,0.0,0.0,0.0,0.33,0.27,0.28,0.03,0.43,0.2,0.01,0.2,0.19,1.1,1.6,0.2,2.62,9.2,3.26,14.6,68.0,0.0,0.0,0.0,0.0,0.0,0.0,0.8,1.2,2.8,2.6,0.2,1.4,0.22,0.02,0.0,0.0,0.2,0.2,0.22,0.49,0.28,1.06,-19118.0,-0.3514013504763666,1.0,0.73,0.158,0.112,,,0.002824684812261,6.746065928098233e-10,0,,1.0112987412728638,Dominic Solanke-Mitchell,Dominic Solanke,Spurs
2804,0,0,23,0,13.3,336,0.02,0.13,0.11,1.01,364,1,1,7.6,41.2,2025-05-19,63,0,0,0,0,0,0,0,False,5,0,0,0,0,37,0,298162,1,2,3,21.0,7,-779,6811,7590,6.1,False,0,1,2,0.0829228237271308,66,Brighton,Liverpool,3,2,26965,2024,729269,0.0441096425056457,0,1,1,0.0829228237271308,0.954326331615448,0.9102166891098022,Liverpool,5,3,37,6.5,MID,0.0,0.63,0.69,0.06,2.31,2.0,0.0,7.3,27.8,29.8,15.0,90.0,0.0,0.0,0.0,0.0,0.0,0.0,1.0,2.0,2.0,5.0,0.0,2.0,0.04,0.86,1.0,1.0,2.0,0.0,0.04,0.84,0.02,4.5,0.0,0.43,0.54,0.11,1.4,1.33,0.0,7.67,25.47,38.0,13.0,59.33,0.0,0.0,0.0,0.0,0.0,0.0,0.67,1.33,3.33,5.0,0.0,1.33,0.16,0.7,1.0,1.0,3.33,0.0,0.16,0.88,0.09,3.0,0.2,0.3,0.38,0.08,0.91,1.0,0.0,5.96,18.92,28.84,11.8,54.0,0.0,0.0,0.0,0.0,0.0,0.0,0.6,1.2,2.4,3.8,0.0,1.2,0.1,0.55,0.6,0.6,2.6,0.0,0.1,0.94,0.4,2.5,213.0,-0.0540934657315464,7.0,0.363,0.252,0.385,,,0.1705256698029373,0.0502997852232693,0,0.0,2.0035277046844944,Dominik Szoboszlai,Dominik Szoboszlai,Liverpool
2825,1,0,18,1,36.1,230,0.38,0.38,0.0,0.35,367,0,0,6.2,21.8,2025-05-18,64,0,0,0,0,0,0,0,False,17,0,0,0,0,37,0,177149,1,0,2,4.0,6,29050,32298,3248,5.1,True,0,0,0,0.0,67,Everton,Southampton,2,0,26968,2024,728282,0.9300543665885924,1,2,0,0.0,0.9853161573410034,0.0674140825867652,Everton,1,3,37,5.7,MID,0.0,0.07,0.07,0.0,0.15,0.0,0.0,3.6,20.6,15.3,0.0,29.0,0.0,0.0,0.0,0.0,0.0,0.0,0.0,3.0,1.0,4.0,0.0,0.0,0.0,0.32,1.0,1.0,1.0,0.0,0.0,0.25,0.25,4.0,0.0,0.04,0.1,0.06,0.38,0.33,0.33,3.93,19.4,9.27,10.67,44.33,0.0,0.0,0.0,0.0,0.0,0.0,0.33,1.67,1.33,5.0,0.33,0.67,0.12,0.11,0.33,0.33,0.33,0.33,0.12,0.24,0.12,2.83,0.0,0.03,0.06,0.04,0.53,0.6,0.2,3.02,15.68,7.62,6.8,29.0,0.0,0.0,0.0,0.0,0.0,0.0,0.2,1.6,0.8,4.0,0.2,0.4,0.07,0.13,0.4,0.4,0.4,0.2,0.07,0.21,0.07,1.9,31489.0,0.8172508861756597,6.0,0.675,0.199,0.126,,,0.0217728616126289,0.1692781655301098,0,0.0,1.6166988046534738,Dwight McNeil,Dwight McNeil,Everton
2859,0,0,24,0,20.5,199,0.06,0.27,0.21,0.17,366,0,1,7.7,37.4,2025-05-20,9,0,0,0,0,0,0,0,False,20,0,0,0,0,37,0,1735591,0,2,4,19.0,6,236724,253017,16293,7.0,True,0,1,1,0.140699565410614,6,Crystal Palace,Wolverhampton Wanderers,4,2,26967,2024,729293,0.2523274719715118,0,2,1,0.140699565410614,0.3930270373821258,0.0,Crystal Palace,3,3,37,10.7,MID,1.0,0.2,1.36,1.16,0.68,0.0,2.0,13.8,70.4,28.9,39.0,90.0,0.0,0.0,0.0,0.0,0.0,0.0,1.0,2.0,0.0,16.0,2.0,4.0,1.07,0.17,0.0,0.0,1.0,2.0,1.07,1.72,0.67,7.0,0.33,0.2,1.0,0.79,0.74,1.0,1.33,10.2,48.13,24.53,29.67,80.67,0.0,0.0,0.0,0.0,0.0,0.0,1.0,1.67,1.0,11.67,1.33,3.33,0.7,0.13,0.0,0.0,1.33,1.0,0.44,0.72,0.22,6.57,0.2,0.13,0.78,0.64,0.77,1.4,0.8,6.74,29.68,15.14,22.8,68.6,0.0,0.2,0.0,0.0,0.0,0.0,1.0,1.0,1.6,7.0,0.8,2.4,0.58,0.08,0.0,0.0,0.8,0.6,0.27,0.44,0.14,5.54,249102.0,0.8790018937284171,6.0,0.419,0.286,0.295,,,0.1802284210094464,0.1033015731569744,0,0.0,3.211046824518155,Eberechi Eze,Eberechi Eze,Crystal Palace
2888,0,3,57,0,10.8,11,0.02,0.65,0.63,1.35,366,2,2,11.7,72.0,2025-05-20,80,0,0,0,0,0,0,0,False,20,0,0,0,0,37,0,67249,1,2,4,34.0,13,-238,835,1073,5.9,True,0,2,2,0.618200421333313,84,Crystal Palace,Wolverhampton Wanderers,4,2,26967,2024,729289,0.0361736007034778,0,1,2,0.618200421333313,0.6936553120613098,0.0392813235521316,Crystal Palace,3,3,37,4.7,FWD,0.0,0.0,0.28,0.28,0.16,0.0,0.0,2.7,1.0,0.1,26.0,30.0,0.0,0.0,0.0,0.0,0.0,0.0,0.0,2.0,0.0,1.0,0.0,2.0,0.59,0.0,0.0,0.0,0.0,0.0,0.59,0.59,0.0,1.0,0.0,0.0,0.42,0.42,0.43,0.67,0.0,2.27,0.53,3.63,19.33,41.0,0.0,0.0,0.0,0.0,0.33,0.0,0.33,1.67,1.0,1.0,0.0,2.33,0.57,0.02,0.0,0.0,0.33,0.0,0.57,0.35,0.03,0.43,0.0,0.0,0.3,0.3,0.3,0.6,0.0,1.98,0.76,3.26,16.2,34.4,0.0,0.0,0.0,0.0,0.2,0.0,0.2,1.0,1.6,1.0,0.0,1.8,0.38,0.01,0.0,0.0,0.2,0.0,0.38,0.3,0.08,0.26,-146.0,-0.1247379454926624,10.0,0.419,0.286,0.295,,,0.5847686923377027,0.115695113082942,0,,3.686160108599637,Eddie Nketiah,Eddie Nketiah,Crystal Palace
2914,0,0,5,0,0.0,347,0.0,0.0,0.0,1.06,369,1,0,1.0,10.0,2025-05-20,90,0,0,0,0,0,0,0,False,3,0,0,0,0,37,1,648909,1,1,3,0.0,1,3800,12975,9175,5.3,True,1,0,0,0.0,90,Manchester City,Bournemouth,3,1,26970,2024,729311,0.0,0,0,0,0.0,0.0572217889130115,0.0572217889130115,Manchester City,3,4,37,4.8,GK,1.0,0.0,0.0,0.0,0.1,0.0,0.0,0.2,2.0,0.0,0.0,90.0,0.0,0.0,0.0,0.0,0.0,0.0,1.0,0.0,0.0,6.0,0.0,0.0,0.0,0.0,0.0,0.0,0.0,0.0,0.0,0.04,0.04,4.0,0.67,0.05,0.05,0.0,0.73,0.67,0.0,1.4,9.6,4.33,0.0,83.33,0.0,0.0,0.0,0.0,0.0,0.0,1.0,0.67,2.0,5.33,0.0,0.0,0.0,0.15,0.33,0.33,0.33,0.0,0.0,0.39,0.23,2.33,0.8,0.03,0.03,0.0,0.63,0.4,0.0,1.36,11.0,2.6,0.0,86.0,0.0,0.0,0.0,0.0,0.0,0.4,1.0,0.4,1.6,5.6,0.0,0.0,0.0,0.09,0.2,0.2,0.2,0.0,0.0,0.27,0.18,3.0,-1552.0,0.1715575620767494,1.0,0.614,0.22,0.166,1.0605614341688212,0.8623505449603257,,,0,1.0,5.923,Ederson Santana de Moraes,Ederson,Man City
2942,0,0,0,0,11.8,511,0.01,0.01,0.0,0.55,370,1,0,1.9,7.4,2025-05-18,32,0,0,0,0,0,0,0,False,16,0,0,0,0,37,0,13956,0,2,1,0.0,0,51,91,40,5.0,True,1,0,0,0.0,26,West Ham,Nottingham Forest,1,2,26971,2024,728414,0.0212781056761741,0,1,0,0.0,0.2297141999006271,0.2297141999006271,West Ham,4,2,37,-0.3,MID,0.0,0.0,0.0,0.0,1.7,0.0,0.0,0.3,1.6,1.4,0.0,26.0,0.0,0.0,0.0,0.0,0.0,0.0,0.0,2.0,0.0,1.0,0.0,0.0,0.0,0.0,0.0,0.0,0.0,0.0,0.0,0.0,0.0,0.2,0.0,0.02,0.02,0.0,1.18,0.33,0.0,0.5,3.0,2.17,0.0,41.33,0.0,0.0,0.0,0.0,0.0,0.0,0.33,1.33,1.0,1.0,0.0,0.0,0.0,0.0,0.0,0.0,0.0,0.0,0.0,0.01,0.01,0.47,0.2,0.02,0.02,0.0,1.01,0.4,0.0,1.28,6.52,5.04,1.2,50.6,0.0,0.0,0.0,0.0,0.0,0.0,0.6,1.0,1.0,1.6,0.0,0.0,0.0,0.01,0.0,0.0,0.2,0.0,0.0,0.03,0.02,1.08,88.0,0.3893129770992366,0.0,0.343,0.286,0.37,,,-6.725144885422194e-10,0.0581165515475929,1,0.0,0.1743496512802063,Edson Álvarez Velázquez,Edson Álvarez,West Ham
2979,0,0,11,1,22.2,423,0.24,0.24,0.0,0.95,370,0,0,4.5,16.6,2025-05-18,82,0,0,0,0,0,0,0,False,19,0,0,0,0,37,0,37617,1,2,1,6.0,2,-868,951,1819,5.0,False,1,0,0,0.0,89,West Ham,Nottingham Forest,1,2,26971,2024,728422,0.2572726011276245,0,1,0,0.0,0.009856155142188,0.009856155142188,Nottingham Forest,4,2,37,2.0,MID,0.0,0.02,0.08,0.06,0.92,2.0,0.0,3.1,12.2,13.9,5.0,90.0,0.0,0.0,0.0,0.0,1.0,0.0,1.0,2.0,2.0,1.0,0.0,1.0,0.02,0.02,0.0,0.0,1.0,0.0,0.02,0.24,0.22,4.5,0.0,0.04,0.1,0.06,1.51,1.33,0.0,3.47,13.07,7.0,14.33,80.0,0.0,0.0,0.0,0.0,0.67,0.0,1.0,1.67,1.0,1.33,0.0,1.33,0.04,0.01,0.0,0.0,0.33,0.0,0.04,0.15,0.11,2.93,0.0,0.03,0.07,0.04,1.61,1.2,0.2,4.2,23.0,8.76,10.0,84.0,0.0,0.0,0.0,0.0,0.4,0.0,1.0,1.6,0.8,3.2,0.2,1.0,0.03,0.02,0.0,0.0,0.6,0.2,0.03,0.12,0.08,2.7,-1134.0,-0.3133574007220217,2.0,0.343,0.286,0.37,,,0.0298065997632632,0.081681501686007,1,0.0,1.3940775038743372,Elliot Anderson,Elliot Anderson,Nott'm Forest
2992,0,0,2,0,4.8,405,0.0,0.0,0.0,0.07,361,0,0,0.9,4.0,2025-05-18,26,0,0,0,0,0,0,0,False,1,0,0,0,0,37,0,10001,0,0,1,0.0,0,2,37,35,4.3,False,1,0,0,0.0,26,Arsenal,Newcastle United,1,0,26962,2024,728585,0.0,0,0,0,0.0,0.0,0.0,Newcastle United,4,5,37,-0.3,DEF,0.0,0.01,0.01,0.0,0.14,0.0,0.0,0.3,2.4,0.8,0.0,25.0,0.0,0.0,0.0,0.0,1.0,0.0,0.0,0.0,2.0,0.0,0.0,0.0,0.0,0.0,0.0,0.0,0.0,0.0,0.0,0.07,0.07,1.1,0.0,0.0,0.0,0.0,0.1,0.0,0.0,0.3,2.6,0.37,0.0,13.33,0.0,0.0,0.0,0.0,0.33,0.0,0.0,0.67,2.33,0.67,0.0,0.0,0.0,0.0,0.0,0.0,0.0,0.0,0.0,0.21,0.21,1.3,0.0,0.0,0.0,0.0,0.19,0.0,0.0,0.28,2.12,0.68,0.0,12.6,0.0,0.0,0.0,0.0,0.2,0.0,0.0,0.6,3.2,0.8,0.0,0.0,0.0,0.0,0.0,0.0,0.0,0.0,0.0,0.12,0.12,0.78,11.0,0.0277777777777777,0.0,0.487,0.257,0.257,,0.5346490144729614,3.9846503874230166e-10,-5.972489169892015e-10,0,0.0,0.7330000005990435,Emil Krafth,Emil Krafth,Newcastle
3025,0,0,2,0,12.4,19,0.06,0.16,0.1,2.61,363,2,0,2.6,3.0,2025-05-18,65,0,0,0,0,0,0,0,False,4,0,0,0,0,37,0,844229,1,3,2,11.0,1,-1327,3574,4901,5.1,False,1,0,2,0.050665333867073,70,Brentford,Fulham,2,3,26964,2024,728518,0.0978299304842948,0,1,0,0.050665333867073,0.1186976730823516,0.0,Fulham,3,3,37,3.8,MID,0.0,0.19,0.19,0.0,0.82,1.0,0.0,6.9,23.0,41.9,4.0,62.0,0.0,0.0,0.0,0.0,0.0,0.0,1.0,3.0,1.0,5.0,0.0,0.0,0.0,0.6,1.0,1.0,3.0,0.0,0.0,0.67,0.65,3.5,0.0,0.07,0.17,0.1,0.53,0.33,0.33,5.07,21.67,15.17,13.67,39.67,0.0,0.0,0.0,0.0,0.0,0.0,0.33,1.67,1.0,4.67,0.33,1.0,0.06,0.2,0.33,0.33,1.0,0.33,0.06,0.33,0.3,2.0,0.0,0.05,0.11,0.06,0.37,0.2,0.2,3.16,13.28,9.56,8.6,30.8,0.0,0.0,0.0,0.0,0.2,0.0,0.2,1.4,1.4,3.0,0.2,0.6,0.04,0.12,0.2,0.2,0.6,0.2,0.04,0.2,0.19,1.34,-1156.0,-0.1565781710914454,1.0,0.495,0.242,0.263,,,0.1046900982553924,0.0498571151685094,1,0.0,0.6730218367824903,Emile Smith Rowe,Emile Smith-Rowe,Fulham
3077,0,0,23,1,0.0,47,0.0,0.0,0.0,0.51,362,0,0,1.2,12.4,2025-05-16,90,0,0,0,0,0,0,0,False,18,0,0,0,0,37,1,1514418,1,0,2,0.0,6,48170,58886,10716,5.0,True,0,0,0,0.0,90,Aston Villa,Tottenham,2,0,26963,2024,727504,0.0,0,0,0,0.0,0.5024569630622864,0.5024569630622864,Aston Villa,2,4,37,7.7,GK,1.0,0.01,0.01,0.0,0.8,0.0,0.0,3.5,34.6,0.0,0.0,90.0,0.0,0.0,0.0,0.0,1.0,4.0,1.0,1.0,0.0,8.0,0.0,0.0,0.0,0.0,0.0,0.0,0.0,0.0,0.0,0.35,0.35,5.2,0.67,0.0,0.0,0.0,0.99,0.67,0.0,3.0,29.93,0.0,0.0,90.0,0.0,0.0,0.0,0.0,0.33,3.67,1.0,0.67,1.0,6.33,0.0,0.0,0.0,0.0,0.0,0.0,0.0,0.0,0.0,0.28,0.28,5.27,0.6,0.0,0.0,0.0,0.86,0.6,0.0,2.72,25.08,2.0,0.0,90.0,0.0,0.0,0.0,0.0,0.2,3.0,1.0,1.2,1.4,5.4,0.0,0.0,0.0,0.01,0.0,0.0,0.2,0.0,0.0,0.32,0.31,4.32,58117.0,0.6920778138559237,6.0,0.73,0.158,0.112,1.2436670320254355,0.6028963039030721,,,0,1.0,6.114,Emiliano Martínez Romero,Emiliano Martinez,Aston Villa
3097,0,0,3,0,0.8,320,0.0,0.0,0.0,0.85,364,1,0,0.2,1.6,2025-05-19,13,0,0,0,0,0,0,0,False,5,0,0,0,0,37,0,14330,0,2,3,0.0,1,1,83,82,4.6,False,0,0,0,0.0,11,Brighton,Liverpool,3,2,26965,2024,729276,0.0,0,0,0,0.0,0.0,0.0,Liverpool,5,3,37,2.0,MID,0.0,0.04,0.04,0.0,1.69,2.0,0.0,3.6,16.4,17.7,2.0,68.0,0.0,0.0,0.0,0.0,0.0,0.0,1.0,1.0,3.0,2.0,0.0,0.0,0.0,0.04,0.0,0.0,1.0,0.0,0.0,0.08,0.04,2.0,0.0,0.01,0.01,0.0,0.6,1.0,0.0,1.27,6.07,5.97,0.67,29.0,0.0,0.0,0.0,0.0,0.0,0.0,0.33,1.0,3.33,1.33,0.0,0.0,0.0,0.01,0.0,0.0,0.33,0.0,0.0,0.04,0.03,0.67,0.0,0.01,0.01,0.0,0.36,0.6,0.0,0.78,3.88,3.6,0.4,19.4,0.0,0.0,0.0,0.0,0.0,0.0,0.2,0.8,2.8,1.2,0.0,0.0,0.0,0.01,0.0,0.0,0.2,0.0,0.0,0.04,0.04,1.24,113.0,0.006060606060606,1.0,0.363,0.252,0.385,,,-6.725144885422194e-10,-5.689893001203925e-10,1,0.0,-5.069540343072276e-09,Endo Wataru,Wataru Endo,Liverpool
3150,0,0,7,1,2.5,168,0.01,0.03,0.02,0.29,365,0,0,1.1,3.0,2025-05-16,90,0,0,0,0,0,0,0,False,14,0,0,0,0,37,0,482780,1,0,1,5.0,3,24534,37455,12921,4.7,True,0,0,1,0.0279049649834632,90,Chelsea,Manchester United,1,0,26966,2024,727539,0.0,0,0,0,0.0279049649834632,0.668626070022583,0.668626070022583,Chelsea,2,4,37,4.8,MID,0.0,0.1,0.12,0.02,1.57,2.0,0.0,8.1,15.2,42.7,23.0,90.0,0.0,0.0,0.0,0.0,1.0,0.0,1.0,0.0,2.0,1.0,0.0,1.0,0.04,0.18,0.0,0.0,3.0,0.0,0.04,0.37,0.2,4.7,0.33,0.06,0.3,0.24,1.02,1.0,0.33,7.7,31.27,29.7,16.0,89.0,0.0,0.0,0.0,0.0,0.33,0.0,1.0,0.33,2.0,5.33,0.33,1.33,0.17,0.23,0.33,0.33,2.33,0.33,0.17,0.69,0.31,3.07,0.2,0.21,0.4,0.19,0.88,1.2,0.2,8.54,30.04,39.02,16.4,89.4,0.0,0.0,0.0,0.0,0.2,0.0,1.0,1.0,1.8,4.6,0.2,1.4,0.2,0.31,0.4,0.4,2.8,0.2,0.2,0.77,0.43,2.84,25592.0,0.4870176274416389,3.0,0.659,0.19,0.152,,,0.0689076681726197,-5.689893001203925e-10,1,0.0,1.3445383391561307,Enzo Fernández,Enzo Fernández,Chelsea
3183,0,0,10,1,2.4,351,0.06,0.17,0.11,0.78,369,0,0,5.2,7.0,2025-05-20,82,0,0,0,0,0,0,0,False,3,0,0,0,0,37,0,2721879,1,1,3,43.0,2,44472,66069,21597,14.9,True,0,0,1,0.1043332293629646,85,Manchester City,Bournemouth,3,1,26970,2024,729321,0.0,0,0,0,0.1043332293629646,0.2487484514713287,0.2487484514713287,Manchester City,3,4,37,1.8,FWD,1.0,0.21,0.26,0.05,0.1,0.0,0.0,5.0,3.4,22.6,24.0,90.0,0.0,0.0,0.0,0.0,0.0,0.0,1.0,0.0,0.0,2.0,0.0,1.0,0.04,0.13,0.0,0.0,2.0,0.0,0.04,0.15,0.02,1.5,0.33,0.09,0.47,0.38,0.96,1.0,0.33,4.57,11.93,13.1,20.67,90.0,0.0,0.0,0.0,0.0,0.0,0.0,1.0,0.67,1.0,3.67,0.33,2.0,0.35,0.05,0.0,0.0,1.0,0.0,0.1,0.14,0.01,3.33,0.6,0.13,0.67,0.54,0.94,0.6,0.4,6.42,19.6,14.54,30.2,89.2,0.0,0.0,0.0,0.0,0.0,0.0,1.0,0.6,1.4,4.8,0.4,2.2,0.55,0.17,0.2,0.2,1.2,0.2,0.4,0.49,0.07,4.26,38411.0,0.5072890288139074,2.0,0.614,0.22,0.166,,,0.3915564418206267,6.746065928098233e-10,0,,3.566225769306327,Erling Haaland,Erling Haaland,Man City
3286,0,3,46,1,14.1,44,0.12,0.47,0.35,0.51,362,0,1,12.2,57.6,2025-05-16,90,0,0,0,0,0,0,0,False,18,0,0,0,0,37,0,954354,1,0,2,50.0,15,20104,32318,12214,4.4,True,0,1,2,0.1746570467948913,90,Aston Villa,Tottenham,2,0,26963,2024,727507,0.0962196886539459,0,1,1,0.1746570467948913,0.1798275262117386,0.1798275262117386,Aston Villa,2,4,37,8.7,DEF,1.0,0.0,0.0,0.0,0.8,0.0,0.0,1.0,9.8,0.2,0.0,90.0,0.0,0.0,0.0,0.0,1.0,0.0,1.0,1.0,0.0,5.0,0.0,0.0,0.0,0.0,0.0,0.0,0.0,0.0,0.0,0.35,0.35,3.5,0.67,0.0,0.03,0.02,0.99,0.67,0.0,1.33,11.33,0.47,1.67,90.0,0.0,0.0,0.0,0.0,0.33,0.0,1.0,0.67,1.0,4.0,0.0,0.33,0.03,0.0,0.0,0.0,0.0,0.0,0.03,0.33,0.3,4.43,0.6,0.01,0.06,0.04,0.86,0.6,0.0,1.94,12.24,4.9,2.2,90.0,0.0,0.0,0.0,0.0,0.2,0.0,1.0,1.2,1.4,4.2,0.0,0.4,0.04,0.03,0.0,0.0,0.4,0.0,0.04,0.38,0.36,3.82,23892.0,0.4514506422347975,12.0,0.73,0.158,0.112,,0.7154403924942017,0.253550171919866,0.0580162513021011,0,0.0,3.337349785425499,Ezri Konsa Ngoyo,Ezri Konsa Ngoyo,Aston Villa
3320,0,0,8,0,1.3,415,0.01,0.93,0.92,0.64,361,1,0,8.9,33.8,2025-05-18,90,0,0,0,0,0,0,0,False,1,0,0,0,0,37,0,491463,1,0,1,54.0,2,7776,27675,19899,5.5,False,0,0,4,1.2388176918029783,90,Arsenal,Newcastle United,1,0,26962,2024,728575,0.0,0,0,0,1.2388176918029783,0.5588040947914124,0.041605532169342,Newcastle United,4,5,37,4.3,DEF,1.0,0.02,0.02,0.0,0.69,0.0,0.0,2.2,18.6,1.8,2.0,90.0,0.0,0.0,0.0,0.0,1.0,0.0,1.0,0.0,2.0,5.0,0.0,0.0,0.0,0.0,0.0,0.0,0.0,0.0,0.0,0.19,0.19,5.8,0.67,0.05,0.15,0.11,0.49,0.33,0.0,2.53,16.2,3.53,5.67,87.33,0.0,0.0,0.0,0.0,0.33,0.0,1.0,0.33,2.0,5.67,0.0,1.0,0.09,0.0,0.33,0.0,0.0,0.0,0.09,0.21,0.21,4.3,0.6,0.03,0.19,0.16,1.13,1.0,0.4,5.32,30.72,6.34,16.2,86.6,0.0,0.0,0.0,0.0,0.4,0.0,1.0,0.4,3.0,7.2,0.4,1.4,0.19,0.04,0.2,0.0,0.4,0.4,0.19,0.16,0.14,3.96,12768.0,0.1634506242905788,2.0,0.487,0.257,0.257,,1.033219337463379,0.115914984592838,-5.972489169892015e-10,0,1.0,6.178489905765281,Fabian Schär,Fabian Schär,Newcastle
3358,0,0,6,0,20.8,636,0.06,0.15,0.09,1.01,364,1,0,2.8,5.6,2025-05-19,62,0,0,0,0,0,0,0,False,5,0,0,0,0,37,0,19847,1,2,3,2.0,2,-99,270,369,6.8,False,0,0,1,0.065037228167057,65,Brighton,Liverpool,3,2,26965,2024,729274,0.2075449079275131,0,2,0,0.065037228167057,0.3275695741176605,0.0549874193966388,Liverpool,5,3,37,1.8,MID,0.0,0.0,0.0,0.0,0.9,1.0,0.0,0.0,0.0,0.3,0.0,8.0,0.0,0.0,0.0,0.0,0.0,0.0,0.0,1.0,3.0,1.0,0.0,0.0,0.0,0.0,0.0,0.0,0.0,0.0,0.0,0.0,0.0,1.2,0.0,0.0,0.03,0.03,0.41,0.67,0.0,0.73,0.93,0.33,6.33,6.67,0.0,0.0,0.0,0.0,0.0,0.0,0.0,1.33,3.33,1.0,0.0,0.67,0.04,0.0,0.0,0.0,0.0,0.0,0.04,0.02,0.0,1.4,0.0,0.02,0.07,0.05,0.36,0.4,0.0,0.78,0.68,0.54,6.8,8.2,0.0,0.0,0.0,0.0,0.0,0.0,0.0,1.2,2.6,1.0,0.0,0.8,0.11,0.0,0.0,0.0,0.0,0.0,0.11,0.26,0.16,1.0,132.0,-0.1549295774647887,2.0,0.363,0.252,0.385,,,0.0179532410904526,0.1297484481234421,0,0.0,1.4790115498225893,Federico Chiesa,Federico Chiesa,Liverpool
3396,0,0,14,0,3.9,518,0.01,0.01,0.0,2.73,367,2,0,1.5,11.4,2025-05-18,90,0,0,0,0,0,0,0,False,8,0,0,0,0,37,0,4130,1,0,2,0.0,1,-21,40,61,4.7,False,1,0,0,0.0,90,Everton,Southampton,2,0,26968,2024,728298,0.0,0,0,0,0.0,0.1360867917537689,0.1360867917537689,Southampton,1,3,37,1.3,MID,1.0,0.0,0.0,0.0,1.82,0.0,0.0,1.7,15.4,1.5,0.0,90.0,0.0,0.0,0.0,0.0,1.0,0.0,1.0,0.0,0.0,2.0,0.0,0.0,0.0,0.0,0.0,0.0,0.0,0.0,0.0,0.03,0.03,1.0,0.33,0.06,0.06,0.0,1.88,1.33,0.0,2.0,12.07,7.13,0.67,90.0,0.0,0.0,0.0,0.0,0.33,0.0,1.0,0.67,1.0,2.0,0.0,0.0,0.0,0.09,0.0,0.0,0.33,0.0,0.0,0.25,0.16,0.83,0.4,0.05,0.05,0.0,1.44,1.0,0.0,2.42,12.08,10.26,1.8,89.8,0.0,0.0,0.0,0.0,0.4,0.0,1.0,0.8,1.0,2.0,0.0,0.2,0.0,0.06,0.0,0.0,0.6,0.0,0.0,0.2,0.14,0.7,-14.0,-0.2079207920792079,1.0,0.675,0.199,0.126,,,-6.725144885422194e-10,-5.689893001203925e-10,1,0.0,0.9999999949304597,Flynn Downes,Flynn Downes,Southampton
3427,0,0,4,0,21.3,617,0.02,0.44,0.42,1.51,369,2,0,3.0,0.6,2025-05-20,82,0,0,0,0,0,0,0,False,13,0,0,0,0,37,0,386671,1,1,3,8.0,2,-24318,18265,42583,5.8,False,0,0,2,0.3692788183689117,85,Manchester City,Bournemouth,3,1,26970,2024,729337,0.1504725068807602,0,2,0,0.3692788183689117,0.5197513103485107,0.0746283754706382,Bournemouth,3,4,37,2.5,FWD,0.0,0.01,0.13,0.12,0.98,1.0,0.0,4.7,4.2,2.8,40.0,90.0,0.0,0.0,0.0,0.0,0.0,0.0,1.0,1.0,0.0,2.0,0.0,2.0,0.11,0.0,0.0,0.0,0.0,0.0,0.11,0.12,0.02,3.0,0.0,0.06,0.3,0.24,1.11,1.0,0.33,4.83,14.53,6.0,28.0,81.67,0.0,0.0,0.0,0.33,0.33,0.0,1.0,1.33,0.67,3.33,0.33,2.0,0.35,0.03,0.33,0.33,0.33,0.33,0.35,0.24,0.04,1.67,0.4,0.05,0.33,0.29,0.95,0.6,0.2,4.62,12.12,6.74,27.4,85.0,0.0,0.0,0.0,0.2,0.2,0.0,1.0,0.8,0.6,2.8,0.2,2.6,0.41,0.03,0.2,0.2,0.4,0.2,0.41,0.34,0.03,2.24,-24716.0,-0.3996515908493295,2.0,0.614,0.22,0.166,,,0.1259568585018353,0.1223380400438287,0,,2.8708415541388277,Francisco Evanilson de Lima Barbosa,Evanilson,Bournemouth
3547,0,0,3,1,2.1,9,0.05,0.17,0.12,1.86,361,0,0,2.5,4.6,2025-05-18,90,0,0,0,0,0,0,0,False,15,0,0,0,0,37,0,312100,1,0,1,18.0,3,23229,28492,5263,6.5,True,0,0,2,0.1697013527154922,90,Arsenal,Newcastle United,1,0,26962,2024,728568,0.0,0,0,0,0.1697013527154922,0.2737296223640442,0.1800936013460159,Arsenal,4,5,37,4.5,MID,0.0,0.03,0.43,0.4,2.56,2.0,1.0,8.0,37.6,2.6,40.0,90.0,0.0,0.0,0.0,0.0,0.0,0.0,1.0,2.0,2.0,7.0,1.0,2.0,0.41,0.0,0.0,0.0,0.0,1.0,0.41,0.39,0.07,4.8,0.0,0.2,0.38,0.17,1.76,2.0,0.33,6.7,18.27,19.33,29.33,88.33,0.0,0.0,0.0,0.0,0.0,0.0,1.0,2.0,1.67,3.67,0.33,2.0,0.22,0.22,0.0,0.0,1.33,0.33,0.22,0.55,0.14,6.33,0.2,0.15,0.43,0.28,1.13,1.4,0.4,6.84,19.24,17.58,31.6,85.4,0.0,0.0,0.0,0.0,0.0,0.0,1.0,2.2,1.2,4.2,0.4,2.6,0.31,0.14,0.0,0.0,1.0,0.4,0.31,0.57,0.16,5.74,25316.0,0.6881647163383202,3.0,0.487,0.257,0.257,,,0.1400512497321493,-5.689893001203925e-10,1,0.0,1.7002562469537787,Gabriel Martinelli Silva,Gabriel Martinelli,Arsenal
3574,0,0,2,0,2.4,272,0.0,0.24,0.24,0.74,368,2,0,2.3,0.0,2025-05-18,70,0,0,0,0,0,0,0,False,11,0,0,0,0,37,0,5172,1,0,2,21.0,2,47,463,416,5.4,False,0,0,2,0.3567984402179718,72,Leicester,Ipswich,2,0,26969,2024,728552,0.0,0,0,0,0.3567984402179718,0.3567984402179718,0.0,Ipswich,2,1,37,2.0,FWD,0.0,0.0,0.32,0.32,0.63,0.0,0.0,2.0,2.0,0.2,18.0,29.0,0.0,0.0,0.0,0.0,1.0,0.0,0.0,1.0,0.0,0.0,0.0,2.0,0.13,0.0,0.0,0.0,0.0,0.0,0.13,0.13,0.0,1.5,0.0,0.04,0.24,0.2,0.31,0.33,0.33,3.53,13.27,4.33,17.67,23.33,0.0,0.0,0.0,0.0,0.67,0.0,0.0,1.0,1.67,2.0,0.33,1.0,0.24,0.02,0.0,0.0,0.33,0.33,0.24,0.26,0.0,1.17,0.0,0.03,0.19,0.16,0.91,1.0,0.2,2.5,8.48,3.74,13.2,44.2,0.0,0.0,0.0,0.0,0.4,0.0,0.4,1.8,1.4,2.0,0.2,1.2,0.22,0.01,0.0,0.0,0.2,0.2,0.22,0.41,0.18,0.7,48.0,0.0534698521046643,2.0,0.411,0.263,0.326,,,0.2320753624139584,0.0008823228921186,0,,1.9309484183321894,George Hirst,George Hirst,Ipswich
3631,0,0,7,0,5.6,548,0.12,0.29,0.17,1.69,366,4,0,3.9,6.4,2025-05-20,90,0,0,0,0,0,0,0,False,7,0,0,0,0,37,0,10391,1,2,4,27.0,2,-91,57,148,5.3,False,0,0,4,0.1693241149187088,90,Crystal Palace,Wolverhampton Wanderers,4,2,26967,2024,729303,0.0,0,0,0,0.1693241149187088,0.1262493729591369,0.0,Wolverhampton Wanderers,3,3,37,1.2,MID,0.0,0.01,0.53,0.52,0.91,1.0,0.0,1.2,0.0,2.1,13.0,58.0,0.0,0.0,0.0,0.0,0.0,0.0,1.0,2.0,0.0,1.0,0.0,2.0,0.47,0.0,0.0,0.0,0.0,0.0,0.47,0.1,0.0,0.8,0.0,0.01,0.21,0.2,0.32,0.33,0.0,0.43,0.2,0.9,4.67,23.0,0.0,0.0,0.0,0.0,0.0,0.0,0.33,0.67,1.33,1.0,0.0,1.0,0.18,0.0,0.0,0.0,0.0,0.0,0.18,0.06,0.0,0.27,0.0,0.01,0.13,0.12,0.36,0.4,0.0,0.5,0.24,1.72,4.0,19.4,0.0,0.0,0.0,0.0,0.0,0.0,0.2,1.0,1.2,1.0,0.0,0.6,0.11,0.0,0.0,0.0,0.0,0.0,0.11,0.06,0.02,0.46,-77.0,-0.4439024390243902,2.0,0.419,0.286,0.295,,,0.1397897154524419,-5.689893001203925e-10,0,0.0,1.6989485755552416,,,
3678,0,0,1,0,3.9,588,0.02,0.02,0.0,1.41,370,1,0,1.5,9.2,2025-05-18,58,0,0,0,0,0,0,0,False,16,0,0,0,0,37,0,7054,1,2,1,2.0,0,23,42,19,4.8,True,1,0,0,0.0,64,West Ham,Nottingham Forest,1,2,26971,2024,728405,0.0,0,0,0,0.0,0.0530668161809444,0.0530668161809444,West Ham,4,2,37,0.3,MID,1.0,0.01,0.01,0.0,0.58,0.0,0.0,1.0,6.0,2.4,2.0,63.0,0.0,0.0,0.0,0.0,0.0,0.0,1.0,2.0,0.0,3.0,0.0,0.0,0.0,0.0,0.0,0.0,0.0,0.0,0.0,0.09,0.09,0.8,0.33,0.0,0.0,0.0,0.22,0.0,0.0,0.33,2.0,0.8,0.67,21.67,0.0,0.0,0.0,0.0,0.0,0.0,0.33,1.33,0.67,1.67,0.0,0.0,0.0,0.0,0.0,0.0,0.0,0.0,0.0,0.03,0.03,0.67,0.2,0.0,0.0,0.0,0.39,0.4,0.0,0.6,4.52,1.2,0.4,38.0,0.0,0.0,0.0,0.0,0.0,0.0,0.6,1.6,1.0,1.6,0.0,0.0,0.0,0.0,0.0,0.0,0.0,0.0,0.0,0.02,0.02,0.6,35.0,0.3770491803278688,0.0,0.343,0.286,0.37,,,0.0153939457386824,0.0002854695831735,0,0.0,1.0778261374429323,Guido Rodríguez,Guido Rodríguez,West Ham
3731,0,0,7,0,10.3,377,0.0,0.0,0.0,0.82,365,1,0,2.4,11.2,2025-05-16,90,0,0,0,0,0,0,0,False,6,0,0,0,0,37,0,89850,1,0,1,2.0,2,147,2670,2523,4.9,False,0,0,1,0.0153162740170955,90,Chelsea,Manchester United,1,0,26966,2024,727550,0.0577558502554893,0,1,0,0.0153162740170955,0.0577558502554893,0.0,Manchester United,2,4,37,1.2,DEF,0.0,0.01,0.37,0.36,0.64,1.0,0.0,5.0,11.2,10.7,28.0,38.0,0.0,0.0,0.0,0.0,0.0,0.0,0.0,2.0,0.0,1.0,0.0,3.0,0.45,0.6,0.0,0.0,1.0,0.0,0.45,0.24,0.24,0.8,0.0,0.01,0.15,0.14,1.07,1.33,0.0,3.23,6.93,3.77,21.67,52.67,0.0,0.0,0.0,0.0,0.0,0.0,0.33,2.0,1.67,1.0,0.0,1.33,0.16,0.2,0.0,0.0,0.33,0.0,0.16,0.19,0.19,0.43,0.0,0.01,0.21,0.2,0.73,0.8,0.0,2.82,7.48,2.28,18.8,43.4,0.0,0.0,0.0,0.0,0.0,0.0,0.4,1.2,1.2,1.0,0.0,1.4,0.23,0.12,0.0,0.0,0.2,0.0,0.23,0.27,0.13,0.26,-569.0,0.0283073367995378,2.0,0.659,0.19,0.152,,1.221829891204834,0.0025432755587639,0.0489134388571765,0,0.0,0.550999969924113,Harry Maguire,Harry Maguire,Man Utd
3760,0,0,27,0,2.5,259,0.03,0.04,0.01,0.26,363,0,1,5.4,38.2,2025-05-18,24,0,0,0,0,0,0,0,False,4,0,0,0,0,37,0,24677,0,3,2,13.0,6,80,713,633,5.2,False,0,1,1,0.0163196790963411,20,Brentford,Fulham,2,3,26964,2024,728525,0.0,0,0,1,0.0163196790963411,0.0163196790963411,0.0,Fulham,3,3,37,3.0,MID,0.0,0.03,0.33,0.3,1.03,3.0,0.0,7.1,8.2,11.3,51.0,73.0,0.0,0.0,0.0,0.0,0.0,0.0,1.0,3.0,1.0,2.0,0.0,8.0,0.28,0.07,0.0,0.0,1.0,0.0,0.28,0.92,0.57,1.8,0.0,0.06,0.32,0.26,0.69,1.67,0.0,5.4,9.4,15.77,28.33,74.67,0.0,0.0,0.0,0.0,0.0,0.0,1.0,1.67,1.0,2.0,0.0,4.0,0.21,0.05,0.0,0.0,1.0,0.0,0.21,0.46,0.22,1.0,0.0,0.04,0.19,0.15,0.49,1.4,0.0,3.36,6.32,9.9,17.0,57.4,0.0,0.0,0.0,0.0,0.0,0.0,0.8,1.6,0.8,1.6,0.0,2.4,0.13,0.03,0.0,0.0,0.6,0.0,0.13,0.29,0.15,1.44,107.0,0.0594353640416047,6.0,0.495,0.242,0.263,,,0.0817127192502751,-5.689893001203925e-10,0,0.0,2.4085635945444075,Harry Wilson,Harry Wilson,Fulham
3815,0,0,4,0,1.5,392,0.03,0.24,0.21,0.59,361,1,0,1.9,4.4,2025-05-18,75,0,0,0,0,0,0,0,False,1,0,0,0,0,37,0,514334,1,0,1,13.0,2,-71711,7289,79000,5.9,False,0,0,3,0.1760471165180206,76,Arsenal,Newcastle United,1,0,26962,2024,728581,0.0,0,0,0,0.1760471165180206,0.1760471165180206,0.0,Newcastle United,4,5,37,2.0,MID,1.0,0.14,0.51,0.37,0.69,0.0,0.0,9.0,12.2,29.7,48.0,90.0,0.0,0.0,0.0,0.0,0.0,0.0,1.0,0.0,2.0,3.0,0.0,4.0,0.43,0.04,0.0,0.0,1.0,0.0,0.43,0.41,0.08,5.5,0.67,0.19,0.45,0.26,0.49,0.33,0.0,8.27,9.73,30.4,42.67,85.33,0.0,0.0,0.0,0.0,0.0,0.0,1.0,0.33,2.0,2.67,0.0,3.67,0.25,0.21,0.0,0.0,1.67,0.0,0.25,0.47,0.06,4.47,0.6,0.16,0.36,0.21,1.12,1.0,0.2,7.16,17.28,22.3,32.2,84.2,0.0,0.0,0.0,0.0,0.0,0.0,1.0,0.4,3.0,5.0,0.2,2.8,0.23,0.2,0.4,0.2,1.2,0.2,0.23,0.36,0.05,4.58,-72172.0,-0.831056102168295,2.0,0.487,0.257,0.257,,,0.1160280573841101,-5.689893001203925e-10,0,0.0,2.5801402852135826,Harvey Barnes,Harvey Barnes,Newcastle
3833,1,3,47,0,48.2,319,0.04,0.94,0.9,2.2,364,3,1,16.5,70.2,2025-05-19,90,0,0,0,0,0,0,0,False,5,0,0,0,0,37,0,25797,1,2,3,47.0,13,-12,144,156,5.2,False,0,1,3,0.9269344806671144,90,Brighton,Liverpool,3,2,26965,2024,729272,0.3498511910438537,1,4,1,0.9269344806671144,1.347439885139465,0.0968135297298431,Liverpool,5,3,37,5.0,MID,0.0,0.02,0.07,0.05,0.1,0.0,0.0,0.0,0.0,0.8,4.0,7.0,0.0,0.0,0.0,0.0,0.0,0.0,0.0,2.0,2.0,1.0,0.0,1.0,0.04,0.0,0.0,0.0,0.0,0.0,0.04,0.04,0.04,1.0,0.0,0.07,0.21,0.14,0.6,0.67,0.0,1.3,1.73,5.73,7.0,29.67,0.0,0.0,0.0,0.0,0.33,0.0,0.33,1.33,3.33,1.0,0.0,1.33,0.09,0.01,0.0,0.0,0.33,0.0,0.09,0.21,0.15,0.93,0.0,0.04,0.18,0.14,0.43,0.4,0.0,1.78,1.68,6.76,10.2,28.6,0.0,0.0,0.0,0.0,0.2,0.0,0.2,1.4,2.6,1.0,0.0,1.6,0.09,0.03,0.0,0.0,0.4,0.0,0.09,0.19,0.09,1.26,19.0,-0.04,10.0,0.363,0.252,0.385,,,0.2560083096153926,0.1995190372816,0,0.0,2.8785986599217632,Harvey Elliott,Harvey Elliott,Liverpool
3855,0,0,4,0,0.7,550,0.0,0.0,0.0,0.49,366,1,0,0.1,0.4,2025-05-20,9,0,0,0,0,0,0,0,False,7,0,0,0,0,37,0,28421,0,2,4,0.0,1,-372,18,390,6.1,False,0,0,0,0.0,6,Crystal Palace,Wolverhampton Wanderers,4,2,26967,2024,729310,0.0,0,0,0,0.0,0.0,0.0,Wolverhampton Wanderers,3,3,37,0.4,MID,0.0,0.0,0.0,0.0,0.0,0.0,0.0,0.2,0.0,0.0,2.0,5.0,0.0,0.0,0.0,0.0,0.0,0.0,0.0,0.0,1.0,1.0,0.0,0.0,0.0,0.0,0.0,0.0,0.0,0.0,0.0,0.0,0.0,0.0,0.0,0.0,0.0,0.0,0.38,0.33,0.0,0.33,0.53,0.77,2.0,9.33,0.0,0.0,0.0,0.0,0.0,0.0,0.0,1.0,2.0,1.0,0.0,0.0,0.0,0.0,0.0,0.0,0.0,0.0,0.0,0.0,0.0,0.07,0.0,0.0,0.01,0.0,0.42,0.4,0.0,1.12,3.8,3.62,3.8,19.4,0.0,0.0,0.0,0.0,0.0,0.0,0.0,0.8,1.6,1.6,0.0,0.2,0.01,0.0,0.2,0.0,0.2,0.0,0.01,0.04,0.03,0.44,-386.0,-0.9117647058823528,1.0,0.419,0.286,0.295,,,-6.725144885422194e-10,-5.689893001203925e-10,1,0.0,-5.069540343072276e-09,Hwang Hee-chan,Hee-Chan Hwang,Wolves
3885,0,0,25,1,18.8,45,0.13,0.21,0.08,0.51,362,0,0,4.3,10.2,2025-05-16,90,0,0,0,0,0,0,0,False,18,0,0,0,0,37,0,183987,1,0,2,14.0,6,1606,5436,3830,4.5,True,0,0,2,0.0667865201830864,90,Aston Villa,Tottenham,2,0,26963,2024,727508,0.0360002927482128,0,1,0,0.0667865201830864,0.7686192393302917,0.6658324003219604,Aston Villa,2,4,37,4.3,DEF,0.0,0.0,0.0,0.0,0.55,0.0,0.0,0.1,1.0,0.0,0.0,1.0,0.0,0.0,0.0,0.0,0.0,0.0,0.0,1.0,0.0,1.0,0.0,0.0,0.0,0.0,0.0,0.0,0.0,0.0,0.0,0.0,0.0,3.8,0.33,0.05,0.17,0.12,0.75,0.33,0.33,3.57,19.33,7.07,9.33,53.67,0.0,0.0,0.0,0.0,0.0,0.0,0.67,0.67,1.67,5.0,0.33,1.33,0.14,0.14,0.0,0.0,0.33,0.33,0.14,0.4,0.31,5.13,0.4,0.12,0.23,0.11,0.81,0.4,0.2,4.28,20.04,8.92,13.8,68.2,0.0,0.0,0.0,0.0,0.0,0.0,0.8,1.2,1.4,5.2,0.2,1.8,0.13,0.21,0.2,0.2,0.4,0.2,0.13,0.74,0.66,3.48,420.0,0.1733218217137923,6.0,0.73,0.158,0.112,,1.033499240875244,0.0888762112545666,0.0431154988789881,0,0.0,1.1456037641643642,Ian Maatsen,Ian Maatsen,Aston Villa
3898,0,0,15,1,4.1,442,0.08,0.08,0.0,0.95,370,0,0,2.0,15.4,2025-05-18,82,0,0,0,0,0,0,0,False,19,0,0,0,0,37,0,135778,1,2,1,0.0,3,-914,1069,1983,4.3,False,0,0,0,0.0,89,West Ham,Nottingham Forest,1,2,26971,2024,728423,0.0,0,0,0,0.0,0.3025937676429748,0.3025937676429748,Nottingham Forest,4,2,37,2.3,MID,0.0,0.02,0.02,0.0,0.92,2.0,0.0,4.0,20.0,20.1,0.0,82.0,0.0,0.0,0.0,0.0,0.0,0.0,1.0,2.0,2.0,2.0,0.0,0.0,0.0,0.0,0.0,0.0,1.0,0.0,0.0,0.46,0.46,2.0,0.0,0.01,0.01,0.0,0.99,1.0,0.0,2.5,13.33,11.87,0.0,57.33,0.0,0.0,0.0,0.0,0.33,0.0,0.67,1.67,1.0,1.33,0.0,0.0,0.0,0.01,0.0,0.0,0.67,0.0,0.0,0.22,0.22,1.0,0.0,0.01,0.01,0.0,0.74,0.6,0.0,1.78,8.6,9.24,0.0,37.2,0.0,0.0,0.0,0.0,0.2,0.0,0.4,1.0,1.0,1.2,0.0,0.0,0.0,0.02,0.0,0.0,0.6,0.0,0.0,0.17,0.17,1.0,-712.0,-0.299475753604194,3.0,0.343,0.286,0.37,,,-6.725144885422194e-10,-5.689893001203925e-10,1,0.0,-5.069540343072276e-09,Ibrahim Sangaré,Ibrahim Sangare,Nott'm Forest
3929,0,0,1,0,0.8,326,0.02,0.02,0.0,2.2,364,3,0,1.0,9.6,2025-05-19,90,0,0,0,0,0,0,0,False,5,0,0,0,0,37,0,811912,1,2,3,0.0,1,-12708,7306,20014,5.3,False,0,0,0,0.0,90,Brighton,Liverpool,3,2,26965,2024,729266,0.0,0,0,0,0.0,0.9393646121025084,0.9393646121025084,Liverpool,5,3,37,2.0,DEF,0.0,0.0,0.1,0.1,2.31,2.0,0.0,1.2,7.8,0.1,4.0,90.0,0.0,0.0,0.0,0.0,0.0,0.0,1.0,2.0,2.0,1.0,0.0,1.0,0.06,0.0,0.0,0.0,0.0,0.0,0.06,0.22,0.22,3.0,0.33,0.01,0.07,0.06,1.01,1.0,0.0,2.6,13.33,1.1,11.33,90.0,0.0,0.0,0.0,0.0,0.0,0.0,1.0,1.33,2.33,4.0,0.0,1.67,0.1,0.0,0.0,0.0,0.0,0.0,0.1,0.72,0.72,3.0,0.2,0.01,0.06,0.05,1.04,1.4,0.0,2.54,14.24,3.18,7.8,85.2,0.0,0.0,0.0,0.0,0.0,0.0,1.0,1.4,2.4,3.0,0.0,1.2,0.06,0.01,0.0,0.0,0.2,0.0,0.06,0.53,0.53,2.7,-8586.0,-0.4651537335285505,1.0,0.363,0.252,0.385,,0.8779283761978149,3.9846503874230166e-10,-5.972489169892015e-10,0,0.0,1.5610000005990434,Ibrahima Konaté,Ibrahima Konaté,Liverpool
3966,0,0,19,1,5.8,222,0.02,0.02,0.0,1.21,367,0,0,3.0,21.8,2025-05-18,90,0,0,0,0,0,0,0,False,17,0,0,0,0,37,0,20934,1,0,2,2.0,3,-542,445,987,4.8,True,0,0,0,0.0,90,Everton,Southampton,2,0,26968,2024,728280,0.0,0,0,0,0.0,1.3643782138824463,1.3643782138824463,Everton,1,3,37,2.7,MID,0.0,0.01,0.01,0.0,0.66,1.0,0.0,1.1,6.4,5.0,0.0,90.0,0.0,0.0,0.0,0.0,0.0,0.0,1.0,3.0,1.0,2.0,0.0,0.0,0.0,0.0,0.0,0.0,0.0,0.0,0.0,0.0,0.0,2.0,0.0,0.01,0.03,0.01,0.79,1.33,0.0,1.7,10.0,4.1,3.0,89.67,0.0,0.0,0.0,0.0,0.0,0.0,1.0,1.67,1.33,2.0,0.0,0.33,0.01,0.0,0.0,0.0,0.0,0.0,0.01,0.15,0.14,1.5,0.4,0.04,0.06,0.02,0.7,0.8,0.0,1.66,10.36,3.76,2.6,87.4,0.0,0.0,0.0,0.0,0.4,0.0,1.0,1.6,0.8,2.0,0.0,0.6,0.02,0.0,0.0,0.0,0.0,0.0,0.02,0.13,0.11,1.2,-458.0,-0.3784916201117318,3.0,0.675,0.199,0.126,,,0.0041891543121108,-5.689893001203925e-10,1,0.0,1.020945769853586,Idrissa Gueye,Idrissa Gueye,Everton
3987,0,0,3,0,0.8,107,0.01,0.01,0.0,0.07,363,0,0,0.3,2.2,2025-05-18,14,0,0,0,0,0,0,0,False,9,0,0,0,0,37,0,2983,0,3,2,0.0,1,120,204,84,5.9,True,0,0,0,0.0,11,Brentford,Fulham,2,3,26964,2024,728509,0.0,0,0,0,0.0,0.0,0.0,Brentford,3,3,37,0.8,FWD,0.0,0.0,0.0,0.0,0.53,0.0,0.0,0.3,2.2,0.3,0.0,5.0,0.0,0.0,0.0,0.0,0.0,0.0,0.0,1.0,0.0,1.0,0.0,0.0,0.0,0.0,0.0,0.0,0.0,0.0,0.0,0.0,0.0,1.0,0.0,0.01,0.01,0.0,0.62,1.33,0.0,0.9,3.13,4.5,1.33,28.67,0.0,0.0,0.0,0.0,0.0,0.0,0.33,2.0,2.67,1.33,0.0,0.0,0.0,0.02,0.0,0.0,0.33,0.0,0.0,0.16,0.15,0.77,0.0,0.01,0.03,0.02,0.56,0.8,0.0,0.98,2.96,5.66,1.6,25.0,0.0,0.0,0.0,0.0,0.0,0.0,0.2,1.6,3.0,1.2,0.0,0.2,0.02,0.02,0.0,0.0,0.4,0.0,0.02,0.13,0.09,0.72,147.0,0.4166666666666667,1.0,0.495,0.242,0.263,,,-0.0278708798075029,0.0008823228921186,0,,0.8911634494463442,Igor Thiago Nascimento Rodrigues,Thiago,Brentford
4020,0,3,74,1,16.2,232,0.12,1.12,1.0,0.35,367,0,2,14.6,74.0,2025-05-18,74,0,0,0,0,0,0,0,False,17,0,0,0,0,37,0,126178,1,0,2,56.0,13,-529,8407,8936,5.2,True,0,2,2,0.9853161573410034,77,Everton,Southampton,2,0,26968,2024,728284,0.3790620565414428,0,1,2,0.9853161573410034,1.4616764783859253,0.1647123396396637,Everton,1,3,37,4.7,FWD,0.0,0.0,0.0,0.0,0.15,0.0,0.0,0.1,0.8,0.3,0.0,29.0,0.0,0.0,0.0,0.0,0.0,0.0,0.0,3.0,1.0,1.0,0.0,0.0,0.0,0.0,0.0,0.0,0.0,0.0,0.0,0.25,0.25,1.5,0.0,0.01,0.02,0.01,0.46,1.0,0.0,0.97,3.8,2.17,4.0,54.67,0.0,0.0,0.0,0.0,0.0,0.0,0.67,1.67,1.33,1.33,0.0,0.33,0.01,0.0,0.0,0.0,0.0,0.0,0.01,0.12,0.1,1.27,0.4,0.01,0.15,0.14,0.49,0.6,0.0,2.34,4.16,4.42,15.0,61.6,0.0,0.0,0.0,0.0,0.0,0.0,0.8,1.6,0.8,1.6,0.0,1.2,0.12,0.01,0.0,0.0,0.2,0.0,0.12,0.22,0.1,1.36,1042.0,-0.0305022199158161,10.0,0.675,0.199,0.126,,,1.7102372854353032,0.1181043066394411,0,,8.195262061659536,Iliman Ndiaye,Iliman Ndiaye,Everton
4053,1,0,27,1,21.7,625,0.09,0.1,0.01,0.78,369,0,0,5.9,25.8,2025-05-20,90,0,0,0,0,0,0,0,False,3,0,0,0,0,37,0,57635,1,1,3,11.0,6,-4199,563,4762,6.3,True,0,0,1,0.0171304047107696,90,Manchester City,Bournemouth,3,1,26970,2024,729317,0.4290167987346649,1,1,0,0.0171304047107696,1.1981600522994995,0.769143283367157,Manchester City,3,4,37,3.5,MID,1.0,0.15,0.15,0.0,0.4,0.0,0.0,2.9,2.2,19.1,8.0,83.0,0.0,0.0,0.0,0.0,0.0,0.0,1.0,0.0,1.0,3.0,0.0,0.0,0.0,0.02,0.0,0.0,1.0,0.0,0.0,0.14,0.14,4.5,0.67,0.1,0.13,0.03,1.02,0.33,0.0,4.27,13.6,21.4,7.67,87.67,0.0,0.0,0.0,0.0,0.0,0.0,1.0,1.0,1.0,3.67,0.0,0.67,0.02,0.04,0.33,0.33,1.0,0.0,0.02,0.4,0.36,7.23,0.6,0.08,0.26,0.19,1.08,0.6,0.0,4.08,12.48,20.5,7.8,85.2,0.0,0.0,0.0,0.0,0.0,0.0,1.0,1.0,1.6,3.8,0.0,1.2,0.27,0.12,0.4,0.4,1.0,0.0,0.27,0.86,0.48,5.3,-1190.0,-0.7885446009389672,6.0,0.614,0.22,0.166,,,0.0738386092316512,0.1714793552194353,0,0.0,2.8836311118165616,Ilkay Gündogan,Ilkay Gündogan,Man City
4089,0,0,4,0,4.2,85,0.01,0.01,0.0,1.6,369,3,0,2.2,15.8,2025-05-20,90,0,0,0,0,0,0,0,False,13,0,0,0,0,37,0,50571,1,1,3,2.0,1,-683,631,1314,4.4,False,0,0,0,0.0,90,Manchester City,Bournemouth,3,1,26970,2024,729330,0.0,0,0,0,0.0,0.0746283754706382,0.0746283754706382,Bournemouth,3,4,37,1.0,DEF,0.0,0.05,0.08,0.03,0.98,1.0,0.0,4.2,23.6,1.1,17.0,87.0,0.0,0.0,0.0,0.0,1.0,0.0,1.0,1.0,0.0,1.0,0.0,1.0,0.01,0.0,0.0,0.0,0.0,0.0,0.01,0.08,0.07,3.5,0.0,0.02,0.06,0.04,1.64,1.0,0.0,2.93,18.4,1.97,8.67,89.0,0.0,0.0,0.0,0.0,0.33,0.0,1.0,1.33,0.67,1.67,0.0,1.0,0.05,0.0,0.0,0.0,0.0,0.0,0.05,0.2,0.19,2.0,0.2,0.02,0.05,0.02,1.1,0.6,0.0,2.82,18.2,4.54,5.2,80.4,0.0,0.0,0.0,0.0,0.2,0.0,0.8,0.8,0.6,3.0,0.0,0.6,0.03,0.01,0.0,0.0,0.2,0.0,0.03,0.16,0.16,1.8,-735.0,-0.3511568123393316,1.0,0.614,0.22,0.166,,1.3216757774353027,0.0029242316710602,-5.972489169892015e-10,0,0.0,1.3565453882346143,Illia Zabarnyi,Illia Zabarnyi,Bournemouth
4127,1,0,18,0,14.3,585,0.33,0.66,0.33,1.18,366,2,0,7.7,22.8,2025-05-20,62,0,0,0,0,0,0,0,False,20,0,0,0,0,37,0,763123,1,2,4,40.0,5,-42297,14243,56540,5.6,True,0,0,3,0.3380805253982544,66,Crystal Palace,Wolverhampton Wanderers,4,2,26967,2024,729287,0.5400448441505432,1,1,0,0.3380805253982544,0.8223356008529663,0.0684693977236747,Crystal Palace,3,3,37,4.3,MID,1.0,0.33,0.96,0.63,0.58,0.0,0.0,7.4,17.2,34.1,23.0,77.0,0.0,0.0,0.0,0.0,0.0,0.0,1.0,2.0,0.0,6.0,0.0,4.0,0.7,1.15,1.0,1.0,3.0,0.0,0.7,2.1,0.71,2.6,0.33,0.28,0.77,0.49,0.56,0.33,0.0,6.63,13.07,27.87,25.33,64.67,0.0,0.0,0.0,0.0,0.0,0.0,0.67,1.67,1.0,3.0,0.0,3.0,0.65,0.55,0.33,0.33,2.0,0.0,0.65,1.06,0.24,2.7,0.4,0.25,0.55,0.3,0.74,1.2,0.0,4.82,9.32,21.96,16.8,71.8,0.0,0.0,0.0,0.0,0.2,0.0,0.8,1.0,1.6,2.6,0.0,2.0,0.41,0.36,0.2,0.2,1.6,0.0,0.41,0.69,0.18,2.34,-38906.0,-0.5975587358546544,5.0,0.419,0.286,0.295,,,0.2170263531376912,0.1051406832316845,0,0.0,3.4005538153835095,Ismaïla Sarr,Ismaila Sarr,Crystal Palace
4180,0,0,7,0,24.1,631,0.05,0.15,0.1,0.74,368,2,0,3.9,6.2,2025-05-18,70,0,0,0,0,0,0,0,False,11,0,0,0,0,37,0,4680,1,0,2,9.0,2,23,99,76,5.4,False,0,0,1,0.0738626345992088,72,Leicester,Ipswich,2,0,26969,2024,728551,0.0746787711977958,0,2,0,0.0738626345992088,0.5686028599739075,0.4200614392757416,Ipswich,2,1,37,1.2,MID,0.0,0.02,0.02,0.0,0.76,0.0,0.0,2.7,5.0,21.6,0.0,33.0,0.0,0.0,0.0,0.0,0.0,0.0,0.0,1.0,0.0,1.0,0.0,0.0,0.0,0.07,0.0,0.0,2.0,0.0,0.0,0.15,0.08,0.5,0.0,0.01,0.01,0.0,0.45,0.0,0.0,1.8,4.13,11.07,2.67,31.33,0.0,0.0,0.0,0.0,0.0,0.0,0.33,1.0,1.67,1.0,0.0,0.0,0.0,0.03,0.0,0.0,1.0,0.0,0.0,0.05,0.03,0.4,0.0,0.01,0.01,0.01,0.81,0.6,0.0,2.0,6.56,11.18,2.2,39.6,0.0,0.0,0.0,0.0,0.0,0.0,0.6,1.8,1.4,1.2,0.0,0.2,0.0,0.03,0.0,0.0,1.0,0.0,0.0,0.17,0.14,0.14,32.0,0.1314285714285714,2.0,0.411,0.263,0.326,,,0.0921387822121462,0.1231703981564087,0,0.0,1.830205105529957,Jack Clarke,Jack Clarke,Ipswich
4201,0,0,3,0,0.0,349,0.0,0.0,0.0,0.29,369,1,0,0.2,2.0,2025-05-20,1,0,0,0,0,0,0,0,False,3,0,0,0,0,37,0,26974,0,1,3,0.0,1,-326,238,564,6.4,True,0,0,0,0.0,1,Manchester City,Bournemouth,3,1,26970,2024,729326,0.0,0,0,0,0.0,0.0,0.0,Manchester City,3,4,37,0.8,MID,0.0,0.0,0.0,0.0,0.0,0.0,0.0,0.3,0.6,0.7,2.0,3.0,0.0,0.0,0.0,0.0,0.0,0.0,0.0,2.0,5.0,1.0,0.0,0.0,0.0,0.0,0.0,0.0,0.0,0.0,0.0,0.09,0.09,0.0,0.33,0.05,0.17,0.12,0.16,0.0,0.33,3.3,12.93,9.87,10.33,36.33,0.0,0.0,0.0,0.0,0.0,0.0,0.33,0.67,2.33,3.67,0.33,0.67,0.17,0.06,0.0,0.0,0.67,0.33,0.17,0.43,0.24,2.43,0.2,0.03,0.1,0.07,0.15,0.0,0.2,2.12,8.12,6.46,6.6,27.4,0.0,0.0,0.0,0.0,0.0,0.0,0.2,1.8,1.4,2.6,0.2,0.4,0.1,0.04,0.0,0.0,0.4,0.2,0.1,0.27,0.15,1.62,-411.0,-0.4064837905236907,1.0,0.614,0.22,0.166,,,0.0610208634616002,0.0033240735321855,0,0.0,1.3150765379045575,Jack Grealish,Jack Grealish,Man City
4234,0,0,3,0,0.1,224,0.0,0.0,0.0,0.87,367,0,0,0.4,2.2,2025-05-18,25,0,0,0,0,0,0,0,False,17,0,0,0,0,37,0,19154,0,0,2,2.0,1,297,1197,900,5.2,True,0,0,0,0.0,23,Everton,Southampton,2,0,26968,2024,728287,0.0,0,0,0,0.0,0.0,0.0,Everton,1,3,37,2.0,MID,0.0,0.03,0.19,0.16,0.64,1.0,0.0,5.3,10.0,20.3,23.0,60.0,0.0,0.0,0.0,0.0,0.0,0.0,1.0,3.0,1.0,2.0,0.0,1.0,0.1,0.01,0.0,0.0,1.0,0.0,0.1,0.22,0.11,2.0,0.0,0.03,0.08,0.05,0.46,1.0,0.0,2.83,5.93,14.63,7.67,44.67,0.0,0.0,0.0,0.0,0.0,0.0,0.67,1.67,1.33,1.67,0.0,0.33,0.03,0.01,0.0,0.0,0.67,0.0,0.03,0.22,0.18,1.57,0.4,0.09,0.16,0.08,0.49,0.6,0.0,3.42,6.44,20.52,7.2,60.2,0.0,0.0,0.0,0.0,0.0,0.0,0.8,1.6,0.8,2.2,0.0,0.6,0.05,0.05,0.0,0.0,1.0,0.0,0.05,0.21,0.14,1.54,444.0,0.1416309012875536,1.0,0.675,0.199,0.126,,,0.02203183110469,-5.689893001203925e-10,0,0.0,1.1101591538164821,Jack Harrison,Jack Harrison,Everton
4260,0,0,27,0,10.5,126,0.01,0.63,0.62,0.0,364,0,1,8.1,35.4,2025-05-19,6,0,0,0,0,0,0,0,False,12,0,0,0,0,37,0,6665,0,2,3,35.0,6,-436,40,476,4.9,True,0,1,1,0.5709621906280518,4,Brighton,Liverpool,3,2,26965,2024,729262,0.1055440530180931,0,1,1,0.5709621906280518,0.6908676624298096,0.0143614057451486,Brighton,5,3,37,2.5,MID,0.0,0.0,0.0,0.0,0.0,0.0,0.0,0.0,0.2,0.0,0.0,1.0,0.0,0.0,0.0,0.0,0.0,0.0,0.0,2.0,0.0,1.0,0.0,0.0,0.0,0.0,0.0,0.0,0.0,0.0,0.0,0.0,0.0,3.2,0.33,0.03,0.04,0.01,0.52,0.33,0.0,2.5,9.07,13.37,2.67,50.0,0.0,0.0,0.0,0.0,0.33,0.0,0.67,1.67,1.33,2.67,0.0,0.33,0.01,0.04,0.33,0.33,1.0,0.0,0.01,0.08,0.06,2.07,0.2,0.03,0.04,0.02,1.05,1.4,0.0,3.24,12.24,14.04,6.2,66.0,0.0,0.0,0.0,0.0,0.2,0.0,0.8,1.8,2.0,3.0,0.0,0.4,0.02,0.1,0.4,0.4,1.0,0.0,0.02,0.32,0.31,1.74,-457.0,-0.8449612403100775,6.0,0.363,0.252,0.385,,,0.2944596642707913,0.0639600995175877,0,1.0,3.6641786199067194,Jack Hinshelwood,Jack Hinshelwood,Brighton
4280,0,0,5,0,1.5,472,0.01,0.01,0.0,2.73,367,2,0,2.0,18.6,2025-05-18,90,0,0,0,0,0,0,0,False,8,0,0,0,0,37,0,39879,1,0,2,0.0,1,620,997,377,4.0,False,0,0,0,0.0,90,Everton,Southampton,2,0,26968,2024,728292,0.0,0,0,0,0.0,0.8870664834976196,0.8870664834976196,Southampton,1,3,37,3.0,DEF,1.0,0.0,0.0,0.0,1.82,0.0,0.0,2.5,24.6,0.5,0.0,90.0,0.0,0.0,0.0,0.0,0.0,0.0,1.0,0.0,0.0,6.0,0.0,0.0,0.0,0.0,0.0,0.0,0.0,0.0,0.0,0.0,0.0,2.8,0.33,0.0,0.09,0.09,1.71,1.33,0.33,3.37,26.8,1.1,5.67,75.0,0.0,0.0,0.0,0.0,0.0,0.0,1.0,0.67,1.0,4.33,0.33,0.33,0.14,0.0,0.0,0.0,0.0,0.33,0.14,0.02,0.02,1.77,0.2,0.01,0.07,0.06,1.82,1.6,0.2,3.68,26.8,3.54,6.4,81.0,0.0,0.0,0.0,0.0,0.0,0.0,1.0,1.2,0.8,3.2,0.2,0.4,0.09,0.01,0.0,0.0,0.2,0.2,0.09,0.07,0.06,1.2,780.0,0.4512372634643377,1.0,0.675,0.199,0.126,,1.4375238418579102,3.9846503874230166e-10,-5.972489169892015e-10,0,0.0,1.2810000005990436,Jack Stephens,Jack Stephens,Southampton
4311,0,0,3,0,0.9,281,0.0,0.0,0.0,0.07,368,0,0,0.2,1.0,2025-05-18,19,0,0,0,0,0,0,0,False,11,0,0,0,0,37,0,3095,0,0,2,0.0,1,-7,44,51,4.8,False,0,0,0,0.0,18,Leicester,Ipswich,2,0,26969,2024,728556,0.0,0,0,0,0.0,0.0,0.0,Ipswich,2,1,37,1.5,MID,0.0,0.01,0.05,0.04,0.78,1.0,0.0,0.5,0.0,2.5,3.0,60.0,0.0,0.0,0.0,0.0,1.0,0.0,1.0,1.0,0.0,1.0,0.0,2.0,0.03,0.0,0.0,0.0,0.0,0.0,0.03,0.03,0.0,1.0,0.0,0.0,0.02,0.01,1.31,2.0,0.0,1.07,7.73,2.0,1.0,75.33,0.0,0.0,0.0,0.0,0.33,0.0,1.0,1.0,1.67,1.67,0.0,0.67,0.01,0.0,0.0,0.0,0.0,0.0,0.01,0.09,0.07,0.67,0.0,0.01,0.04,0.03,1.1,1.8,0.0,0.98,5.44,2.3,2.6,57.0,0.0,0.0,0.0,0.0,0.2,0.0,0.6,1.8,1.4,1.4,0.0,1.0,0.04,0.0,0.0,0.0,0.0,0.0,0.04,0.07,0.04,0.3,1.0,-0.0736842105263157,1.0,0.411,0.263,0.326,,,-6.725144885422194e-10,-5.689893001203925e-10,0,0.0,1.9999999949304597,Jack Taylor,Jack Taylor,Ipswich
4336,0,0,5,0,11.4,270,0.01,0.01,0.0,0.8,368,2,0,3.4,20.2,2025-05-18,90,0,0,0,0,0,0,0,False,11,0,0,0,0,37,0,269618,1,0,2,2.0,1,-3601,3244,6845,3.8,False,0,0,0,0.0,90,Leicester,Ipswich,2,0,26969,2024,728545,0.0525618493556976,0,1,0,0.0,0.184321716427803,0.184321716427803,Ipswich,2,1,37,1.0,DEF,0.0,0.02,0.06,0.04,1.41,1.0,0.0,5.3,24.0,21.4,8.0,90.0,0.0,0.0,0.0,0.0,0.0,0.0,1.0,1.0,0.0,2.0,0.0,1.0,0.07,0.08,0.0,0.0,2.0,0.0,0.07,0.08,0.0,0.3,0.0,0.01,0.03,0.01,1.6,2.0,0.0,3.67,24.27,8.03,4.67,90.0,0.0,0.0,0.0,0.0,0.33,0.0,1.0,1.0,1.67,1.0,0.0,0.33,0.02,0.03,0.0,0.0,0.67,0.0,0.02,0.06,0.03,0.0,0.0,0.01,0.02,0.01,1.64,2.6,0.0,3.1,23.36,5.1,2.8,81.0,0.0,0.0,0.0,0.0,0.2,0.0,1.0,2.2,1.4,0.6,0.0,0.2,0.01,0.02,0.0,0.0,0.4,0.0,0.01,0.04,0.02,-0.3,-2963.0,-0.3569233819010803,1.0,0.411,0.263,0.326,,1.896287441253662,0.0018018201620935,0.0565074233512516,0,0.0,1.2323331910263158,Jacob Greaves,Jacob Greaves,Ipswich
4371,0,0,13,0,11.6,402,0.03,0.03,0.0,0.57,361,1,0,2.7,15.8,2025-05-18,62,0,0,0,0,0,0,0,False,1,0,0,0,0,37,0,1705856,1,0,1,0.0,2,-115947,27445,143392,5.2,False,0,0,0,0.0,63,Arsenal,Newcastle United,1,0,26962,2024,728577,0.0331655964255332,0,1,0,0.0,0.0331655964255332,0.0,Newcastle United,4,5,37,3.0,MID,1.0,0.82,0.85,0.03,0.69,0.0,0.0,9.2,38.8,43.9,9.0,90.0,0.0,0.0,0.0,0.0,1.0,0.0,1.0,0.0,2.0,5.0,0.0,1.0,0.04,0.78,1.0,1.0,3.0,0.0,0.04,0.97,0.23,6.1,0.67,0.36,0.42,0.06,0.32,0.33,0.0,6.0,16.67,29.77,13.33,70.33,0.0,0.0,0.0,0.0,0.33,0.0,1.0,0.33,2.0,4.0,0.0,1.33,0.06,0.41,0.67,0.33,1.67,0.0,0.06,0.56,0.12,4.07,0.6,0.27,0.31,0.04,0.86,0.6,0.2,6.62,23.8,28.86,13.4,67.2,0.0,0.0,0.0,0.0,0.2,0.0,1.0,0.4,3.0,5.6,0.2,1.0,0.04,0.4,0.6,0.4,1.8,0.2,0.04,0.45,0.09,4.22,-108013.0,-0.6786995791309846,2.0,0.487,0.257,0.257,,,-6.725144885422194e-10,0.0815974247027051,1,0.0,1.2447922707455428,Jacob Murphy,Jacob Murphy,Newcastle
4474,0,1,26,1,0.6,582,0.01,0.09,0.08,1.21,367,0,0,2.5,13.2,2025-05-18,90,0,0,0,0,0,0,0,False,17,0,0,0,0,37,0,113740,1,0,2,11.0,7,-16985,1454,18439,4.5,True,0,0,1,0.0492987930774688,90,Everton,Southampton,2,0,26968,2024,728277,0.0,0,0,0,0.0492987930774688,0.4464761614799499,0.4464761614799499,Everton,1,3,37,2.7,DEF,0.0,0.01,0.01,0.0,0.85,2.0,0.0,1.4,12.8,1.0,0.0,90.0,0.0,0.0,0.0,0.0,1.0,0.0,1.0,2.0,2.0,0.0,0.0,0.0,0.0,0.0,0.0,0.0,0.0,0.0,0.0,0.0,0.0,2.7,0.0,0.0,0.0,0.0,1.26,1.67,0.0,1.4,13.07,1.0,0.0,90.0,0.0,0.0,0.0,0.0,0.33,0.0,1.0,1.33,1.0,1.0,0.0,0.0,0.0,0.0,0.0,0.0,0.0,0.0,0.0,0.27,0.27,1.57,0.2,0.0,0.03,0.03,1.22,1.2,0.0,1.48,10.72,1.16,3.0,90.0,0.0,0.0,0.0,0.0,0.4,0.0,1.0,1.2,0.8,2.0,0.0,0.4,0.07,0.0,0.0,0.0,0.0,0.0,0.07,0.16,0.16,1.7,-29891.0,-0.8538179259035842,6.0,0.675,0.199,0.126,,1.517425775527954,0.0492083069548479,-5.972489169892015e-10,0,0.0,1.5362498399373408,Jake O'Brien,Jake O'Brien,Everton
4491,0,2,30,1,25.3,8,0.02,0.02,0.0,1.86,361,0,0,7.2,44.2,2025-05-18,90,0,0,0,0,0,0,0,False,15,0,0,0,0,37,0,243780,1,0,1,2.0,7,4918,10799,5881,4.8,True,1,0,0,0.0,90,Arsenal,Newcastle United,1,0,26962,2024,728561,0.0907021090388298,0,2,0,0.0,0.1186532229185104,0.1040164455771446,Arsenal,4,5,37,3.5,DEF,0.0,0.01,0.01,0.0,2.56,2.0,0.0,1.6,14.4,1.2,0.0,90.0,0.0,0.0,0.0,0.0,0.0,0.0,1.0,2.0,2.0,1.0,0.0,0.0,0.0,0.0,0.0,0.0,0.0,0.0,0.0,0.64,0.64,3.8,0.0,0.02,0.04,0.01,1.76,2.0,0.33,3.97,30.47,3.53,5.67,90.0,0.0,0.0,0.0,0.0,0.0,0.0,1.0,2.0,1.67,3.0,0.33,0.33,0.04,0.0,0.0,0.0,0.0,0.33,0.04,0.48,0.48,6.3,0.2,0.02,0.05,0.02,1.14,1.4,0.2,3.36,23.32,6.1,4.2,90.0,0.0,0.0,0.0,0.0,0.0,0.0,1.0,2.2,1.2,3.4,0.2,0.4,0.03,0.01,0.0,0.0,0.2,0.2,0.03,0.47,0.47,5.8,6506.0,0.2948441247002398,5.0,0.487,0.257,0.257,,1.1874163150787354,0.0010011154297953,0.105923021054664,0,0.0,1.729775755742764,Jakub Kiwior,Jakub Kiwior,Arsenal
4505,0,0,22,1,0.0,304,0.0,0.0,0.0,1.41,368,0,0,1.6,16.0,2025-05-18,90,0,0,0,0,0,0,0,False,10,0,0,0,0,37,2,55692,1,0,2,0.0,6,6395,7598,1203,4.0,True,0,0,0,0.0,90,Leicester,Ipswich,2,0,26969,2024,728526,0.0,0,0,0,0.0,0.0,0.0,Leicester,2,1,37,3.2,GK,0.0,0.0,0.0,0.0,1.31,2.0,0.0,2.0,20.2,0.0,0.0,90.0,0.0,0.0,0.0,0.0,0.0,2.0,1.0,2.0,2.0,1.0,0.0,0.0,0.0,0.0,0.0,0.0,0.0,0.0,0.0,0.33,0.33,0.8,0.33,0.0,0.0,0.0,0.96,1.0,0.0,2.37,23.87,0.0,0.0,90.0,0.0,0.0,0.0,0.0,0.33,3.0,1.0,1.33,1.67,3.0,0.0,0.0,0.0,0.0,0.0,0.0,0.0,0.0,0.0,0.35,0.35,1.27,0.2,0.0,0.0,0.0,1.38,1.4,0.0,1.94,19.4,0.0,0.0,90.0,0.0,0.0,0.0,0.0,0.2,2.2,1.0,1.6,1.0,2.2,0.0,0.0,0.0,0.0,0.0,0.0,0.0,0.0,0.0,0.23,0.23,1.04,7481.0,0.7266219747755936,6.0,0.411,0.263,0.326,1.7428943860541963,1.207099824798123,,,0,1.0,5.976999999999999,Jakub Stolarczyk,Jakub Stolarczyk,Leicester
4523,0,0,4,0,2.7,457,0.01,0.01,0.0,2.73,367,2,0,0.9,4.4,2025-05-18,90,0,0,0,0,0,0,0,False,8,0,0,0,0,37,0,35510,1,0,2,2.0,1,-177,223,400,3.9,False,0,0,0,0.0,90,Everton,Southampton,2,0,26968,2024,728295,0.0,0,0,0,0.0,0.7866973876953125,0.7866973876953125,Southampton,1,3,37,1.5,DEF,1.0,0.03,0.03,0.0,1.82,0.0,0.0,2.0,15.2,4.3,0.0,90.0,0.0,0.0,0.0,0.0,0.0,0.0,1.0,0.0,0.0,6.0,0.0,0.0,0.0,0.0,0.0,0.0,0.0,0.0,0.0,0.11,0.11,0.8,0.33,0.03,0.03,0.0,1.32,1.33,0.0,1.0,6.6,3.0,0.0,46.33,0.0,0.0,0.0,0.0,0.0,0.0,0.67,0.67,1.67,2.33,0.0,0.0,0.0,0.0,0.0,0.0,0.0,0.0,0.0,0.19,0.19,0.03,0.2,0.04,0.04,0.0,1.83,2.2,0.0,1.08,6.64,3.42,0.4,63.8,0.0,0.0,0.0,0.0,0.0,0.0,0.8,1.8,1.2,1.6,0.0,0.2,0.0,0.0,0.0,0.0,0.0,0.0,0.0,0.14,0.14,0.54,-110.0,-0.2841091492776886,1.0,0.675,0.199,0.126,,1.0298452377319336,0.0014796016576137,-5.972489169892015e-10,0,0.0,0.49387760815393544,James Bree,James Bree,Southampton
4543,0,0,10,1,18.5,223,0.09,0.37,0.28,1.21,367,0,0,6.0,13.0,2025-05-18,90,0,0,0,0,0,0,0,False,17,0,0,0,0,37,0,2409,1,0,2,28.0,2,46,130,84,4.9,True,1,0,3,0.2333738356828689,90,Everton,Southampton,2,0,26968,2024,728281,0.0,0,0,0,0.2333738356828689,1.558239459991455,1.4121983051300049,Everton,1,3,37,2.5,MID,0.0,0.03,0.03,0.0,0.79,1.0,0.0,1.7,12.2,5.1,0.0,90.0,0.0,0.0,0.0,0.0,0.0,0.0,1.0,3.0,1.0,2.0,0.0,0.0,0.0,0.0,0.0,0.0,0.0,0.0,0.0,0.02,0.02,2.0,0.0,0.04,0.04,0.0,0.84,1.33,0.0,2.43,15.27,9.27,0.0,90.0,0.0,0.0,0.0,0.0,0.0,0.0,1.0,1.67,1.33,2.0,0.0,0.0,0.0,0.02,0.0,0.0,0.33,0.0,0.0,0.17,0.15,1.57,0.2,0.06,0.09,0.03,1.02,1.2,0.0,3.06,15.6,11.6,3.6,90.0,0.0,0.0,0.0,0.0,0.0,0.0,1.0,1.6,0.8,2.2,0.0,0.4,0.02,0.03,0.0,0.0,0.4,0.0,0.02,0.16,0.12,1.24,52.0,0.2149532710280373,2.0,0.675,0.199,0.126,,,0.207083412680382,0.0568256904957455,0,0.0,3.2058941348891468,James Garner,James Garner,Everton
4589,1,3,37,1,11.6,295,0.08,0.08,0.0,0.98,368,0,0,5.1,39.4,2025-05-18,63,0,0,0,0,0,0,0,False,10,0,0,0,0,37,0,130840,1,0,2,0.0,12,5594,7605,2011,4.1,True,0,0,0,0.0,65,Leicester,Ipswich,2,0,26969,2024,728527,0.1637719571590423,1,1,0,0.0,0.237934336066246,0.074162371456623,Leicester,2,1,37,4.8,DEF,0.0,0.02,0.04,0.02,1.31,2.0,0.0,1.5,6.0,5.4,4.0,90.0,0.0,0.0,0.0,0.0,1.0,0.0,1.0,2.0,2.0,0.0,0.0,1.0,0.02,0.0,0.0,0.0,0.0,0.0,0.02,0.02,0.02,1.0,0.33,0.01,0.02,0.01,1.01,1.33,0.0,1.93,11.07,6.27,2.0,75.0,0.0,0.0,0.0,0.0,0.33,0.0,0.67,0.67,2.33,2.33,0.0,0.33,0.01,0.02,0.0,0.0,0.33,0.0,0.01,0.23,0.23,1.07,0.2,0.01,0.02,0.0,1.39,1.2,0.0,1.66,10.92,4.38,1.2,64.4,0.0,0.0,0.0,0.0,0.2,0.0,0.6,1.0,1.8,1.8,0.0,0.2,0.0,0.01,0.0,0.0,0.2,0.0,0.0,0.21,0.21,0.44,6620.0,0.581738768718802,9.0,0.411,0.263,0.326,,0.9938632249832152,3.9846503874230166e-10,0.0531655783165787,0,1.0,5.662496737340526,James Justin,James Justin,Leicester
4696,0,0,14,0,17.0,531,0.15,0.15,0.0,1.41,370,1,0,2.7,10.4,2025-05-18,58,0,0,0,0,0,0,0,False,16,0,0,0,0,37,0,59055,1,2,1,0.0,1,133,426,293,6.1,True,0,0,0,0.0,65,West Ham,Nottingham Forest,1,2,26971,2024,728406,0.1293016821146011,0,1,0,0.0,0.0828092843294143,0.0828092843294143,West Ham,4,2,37,1.0,MID,1.0,0.13,0.53,0.4,2.28,0.0,0.0,8.4,21.8,26.1,36.0,90.0,0.0,0.0,0.0,0.0,0.0,0.0,1.0,2.0,0.0,3.0,0.0,2.0,0.47,0.15,0.0,0.0,2.0,0.0,0.47,0.55,0.06,2.0,0.33,0.18,0.36,0.18,0.85,0.33,0.0,4.77,10.87,23.07,13.67,48.33,0.0,0.0,0.0,0.0,0.0,0.0,0.67,1.67,1.33,1.67,0.0,1.67,0.19,0.23,0.0,0.0,1.67,0.0,0.19,0.25,0.08,1.27,0.4,0.13,0.26,0.14,0.97,0.6,0.0,4.62,11.16,21.92,13.0,64.0,0.0,0.0,0.0,0.0,0.0,0.0,0.8,1.4,1.4,2.0,0.0,1.6,0.14,0.26,0.0,0.0,1.6,0.0,0.14,0.28,0.08,1.42,225.0,0.1849791376912378,1.0,0.343,0.286,0.37,,,-6.725144885422194e-10,0.0847502320274009,0,0.0,1.2542506927196302,James Ward-Prowse,James Ward-Prowse,West Ham
4732,0,2,32,1,0.3,306,0.0,0.45,0.45,1.33,368,0,1,5.7,28.2,2025-05-18,79,0,0,0,0,0,0,0,False,10,0,0,0,0,37,0,729319,1,0,2,28.0,8,175400,179667,4267,5.3,True,0,1,3,0.4080949127674103,81,Leicester,Ipswich,2,0,26969,2024,728536,0.0,0,0,1,0.4080949127674103,0.3303608894348144,0.0,Leicester,2,1,37,5.5,FWD,0.0,0.02,0.03,0.01,1.31,2.0,0.0,4.4,17.4,14.3,12.0,90.0,0.0,0.0,0.0,0.0,0.0,0.0,1.0,2.0,2.0,5.0,0.0,1.0,0.02,0.33,1.0,1.0,1.0,0.0,0.02,0.45,0.11,3.0,0.33,0.03,0.47,0.44,1.28,1.67,0.33,4.57,18.6,5.6,21.33,88.0,0.0,0.33,0.0,0.0,0.0,0.0,1.0,0.67,2.33,4.67,0.33,1.67,0.4,0.11,0.33,0.33,0.33,0.33,0.14,0.34,0.11,2.07,0.4,0.02,0.28,0.26,1.83,1.4,0.2,2.78,11.44,3.86,12.8,77.0,0.0,0.2,0.0,0.0,0.0,0.0,1.0,1.0,1.8,3.6,0.2,1.0,0.24,0.07,0.2,0.2,0.2,0.2,0.09,0.2,0.07,1.24,192172.0,0.9536029227875216,6.0,0.411,0.263,0.326,,,0.4183798170830446,6.746065928098233e-10,0,,3.6735192703559982,Jamie Vardy,Jamie Vardy,Leicester
4795,0,0,8,0,24.7,144,0.01,0.01,0.0,2.24,364,2,0,5.3,27.8,2025-05-19,90,0,0,0,0,0,0,0,False,12,0,0,0,0,37,0,83989,1,2,3,0.0,1,-2208,854,3062,4.5,True,0,0,0,0.0,90,Brighton,Liverpool,3,2,26965,2024,729250,0.0365074761211872,0,2,0,0.0,0.6249326467514038,0.6105712652206421,Brighton,5,3,37,1.5,DEF,1.0,0.0,0.0,0.0,0.91,0.0,0.0,2.0,18.8,0.8,0.0,90.0,0.0,0.0,0.0,0.0,0.0,0.0,1.0,2.0,0.0,7.0,0.0,0.0,0.0,0.0,0.0,0.0,0.0,0.0,0.0,0.05,0.05,2.0,0.33,0.02,0.02,0.0,1.65,1.67,0.0,2.0,16.47,1.9,1.33,90.0,0.0,0.0,0.0,0.0,0.33,0.0,1.0,1.67,1.67,2.67,0.0,0.0,0.0,0.0,0.0,0.0,0.0,0.0,0.0,0.21,0.21,0.4,0.2,0.04,0.05,0.0,1.35,2.0,0.0,2.62,17.16,4.24,4.6,90.0,0.0,0.0,0.0,0.2,0.2,0.0,1.0,1.8,1.4,1.4,0.0,0.2,0.0,0.01,0.0,0.0,0.2,0.0,0.0,0.29,0.29,0.98,-2241.0,-0.5638406537282942,1.0,0.363,0.252,0.385,,1.2177975177764893,3.9846503874230166e-10,0.1330588890360196,0,1.0,5.790176669498849,Jan Paul van Hecke,Jan Paul van Hecke,Brighton
4827,0,0,6,0,10.7,333,0.0,0.0,0.0,2.2,364,3,0,3.7,24.2,2025-05-19,90,0,0,0,0,0,0,0,False,5,0,0,0,0,37,0,120416,1,2,3,2.0,1,-1910,467,2377,3.9,False,0,0,0,0.0,90,Brighton,Liverpool,3,2,26965,2024,729267,0.0317763015627861,0,1,0,0.0,0.9457383751869202,0.9457383751869202,Liverpool,5,3,37,0.8,DEF,0.0,0.01,0.01,0.0,3.13,3.0,0.0,1.0,8.2,1.3,0.0,90.0,1.0,0.0,0.0,0.0,1.0,0.0,1.0,1.0,3.0,-2.0,0.0,0.0,0.0,0.0,0.0,0.0,0.0,0.0,0.0,0.29,0.29,0.8,0.0,0.01,0.05,0.03,1.12,1.33,0.0,1.3,6.6,4.03,2.33,37.67,0.33,0.0,0.0,0.0,0.33,0.0,0.33,1.0,2.67,0.0,0.0,0.33,0.03,0.02,0.0,0.0,0.33,0.0,0.03,0.12,0.1,1.03,0.0,0.01,0.03,0.02,0.67,0.8,0.0,0.88,4.72,2.52,1.4,25.4,0.2,0.0,0.0,0.0,0.2,0.0,0.2,1.0,2.0,0.4,0.0,0.2,0.02,0.01,0.0,0.0,0.2,0.0,0.02,0.07,0.06,1.08,-3643.0,-0.6715893108298172,1.0,0.363,0.252,0.385,,0.8834892511367798,0.0032199702420541,0.0536771642545901,0,0.0,0.7383513142160951,Jarell Quansah,Jarell Quansah,Liverpool
4857,0,0,23,1,1.4,219,0.01,0.06,0.05,0.35,367,0,0,1.7,6.6,2025-05-18,73,0,0,0,0,0,0,0,False,17,0,0,0,0,37,0,295035,1,0,2,9.0,6,50600,55541,4941,4.9,True,0,0,1,0.0121523002162575,76,Everton,Southampton,2,0,26968,2024,728278,0.0,0,0,0,0.0121523002162575,0.4464761614799499,0.4464761614799499,Everton,1,3,37,3.3,DEF,0.0,0.01,0.08,0.07,0.79,1.0,0.0,2.9,20.0,0.1,9.0,90.0,0.0,0.0,0.0,0.0,0.0,0.0,1.0,3.0,1.0,2.0,0.0,1.0,0.04,0.0,0.0,0.0,0.0,0.0,0.04,0.04,0.0,1.5,0.0,0.06,0.08,0.02,0.84,1.33,0.0,2.97,21.73,4.23,3.67,90.0,0.0,0.0,0.0,0.0,0.0,0.0,1.0,1.67,1.33,1.67,0.0,0.33,0.01,0.09,0.0,0.0,0.33,0.0,0.01,0.27,0.25,1.4,0.2,0.07,0.15,0.08,1.02,1.2,0.0,3.08,21.72,2.76,6.4,90.0,0.0,0.0,0.0,0.0,0.2,0.0,1.0,1.6,0.8,2.2,0.0,0.4,0.1,0.05,0.0,0.0,0.2,0.0,0.1,0.18,0.17,1.24,60419.0,0.8366125458814193,6.0,0.675,0.199,0.126,,0.8683314323425293,0.0712229027353277,-5.972489169892015e-10,0,0.0,1.9933374146202196,Jarrad Branthwaite,Jarrad Branthwaite,Everton
4890,0,1,23,0,3.3,514,0.03,0.19,0.16,1.96,370,2,1,8.3,38.6,2025-05-18,90,0,0,0,0,0,0,0,False,16,0,0,0,0,37,0,1568666,1,2,1,41.0,8,169794,193791,23997,7.8,True,0,1,3,0.1657291650772094,90,West Ham,Nottingham Forest,1,2,26971,2024,728410,0.0,0,0,1,0.1657291650772094,0.2187959849834442,0.0530668161809444,West Ham,4,2,37,8.3,MID,1.0,0.01,0.3,0.29,0.73,0.0,1.0,6.2,36.2,4.8,21.0,72.0,0.0,0.0,0.0,0.0,0.0,0.0,1.0,2.0,0.0,8.0,1.0,1.0,0.47,0.0,0.0,0.0,0.0,1.0,0.47,0.5,0.03,9.0,0.33,0.31,0.61,0.3,0.94,1.33,0.67,9.37,37.6,19.47,36.67,84.0,0.0,0.0,0.0,0.0,0.0,0.0,1.0,1.67,1.33,9.0,0.67,2.0,0.5,0.31,0.67,0.67,1.33,0.67,0.5,0.66,0.15,5.5,0.4,0.2,0.49,0.29,1.02,1.2,0.6,7.72,31.12,14.34,31.8,85.4,0.0,0.0,0.0,0.0,0.0,0.0,1.0,1.4,1.4,7.6,0.6,1.8,0.41,0.18,0.4,0.4,0.8,0.6,0.41,0.51,0.09,4.4,174818.0,0.7796297316656565,7.0,0.343,0.286,0.37,,,0.4767698340253326,-5.689893001203925e-10,0,1.0,5.383849168419695,Jarrod Bowen,Jarrod Bowen,West Ham
4922,0,0,8,0,0.9,591,0.0,0.21,0.21,1.96,370,2,0,2.6,18.2,2025-05-18,90,0,0,0,0,0,0,0,False,16,0,0,0,0,37,0,30207,1,2,1,7.0,0,676,949,273,4.2,True,1,0,1,0.1293016821146011,90,West Ham,Nottingham Forest,1,2,26971,2024,728401,0.0,0,0,0,0.1293016821146011,0.1770735383033752,0.1770735383033752,West Ham,4,2,37,1.7,DEF,1.0,0.0,0.0,0.0,1.78,0.0,0.0,1.1,10.6,0.3,0.0,82.0,0.0,0.0,0.0,0.0,0.0,0.0,1.0,2.0,0.0,6.0,0.0,0.0,0.0,0.0,0.0,0.0,0.0,0.0,0.0,0.06,0.06,2.8,0.33,0.0,0.0,0.0,1.29,1.33,0.0,1.37,12.33,0.77,0.67,83.67,0.0,0.0,0.0,0.0,0.0,0.0,1.0,1.67,1.33,3.0,0.0,0.0,0.0,0.0,0.0,0.0,0.0,0.0,0.0,0.28,0.28,1.53,0.2,0.0,0.0,0.0,1.18,1.2,0.0,1.48,13.68,0.6,0.4,83.6,0.0,0.0,0.0,0.0,0.0,0.0,1.0,1.4,1.4,2.6,0.0,0.0,0.0,0.0,0.0,0.0,0.0,0.0,0.0,0.21,0.21,1.26,767.0,0.5531914893617021,0.0,0.343,0.286,0.37,,0.9995756149291992,0.0589755582703304,-5.972489169892015e-10,0,0.0,1.8538533478302357,Jean-Clair Todibo,Jean-Clair Todibo,West Ham
4959,0,0,3,0,0.3,207,0.03,0.23,0.2,0.17,366,0,0,2.1,3.2,2025-05-20,9,0,0,0,0,0,0,0,False,20,0,0,0,0,37,0,1106304,0,2,4,17.0,1,-96671,37703,134374,7.6,True,0,0,1,0.12697833776474,6,Crystal Palace,Wolverhampton Wanderers,4,2,26967,2024,729291,0.0,0,0,0,0.12697833776474,0.3930270373821258,0.2660486996173858,Crystal Palace,3,3,37,1.3,FWD,0.0,0.02,0.6,0.58,0.52,0.0,0.0,10.1,16.2,22.3,62.0,59.0,0.0,0.0,0.0,0.0,0.0,0.0,1.0,2.0,0.0,1.0,0.0,4.0,0.85,0.14,0.0,0.0,2.0,0.0,0.85,1.05,0.6,2.8,0.0,0.03,0.26,0.23,0.44,0.33,0.33,5.53,18.2,12.73,24.33,48.0,0.0,0.0,0.0,0.0,0.0,0.0,0.67,1.67,1.0,3.67,0.33,2.0,0.31,0.08,0.0,0.0,1.0,0.33,0.31,0.41,0.2,3.7,0.2,0.02,0.24,0.22,0.64,1.0,0.2,3.8,11.2,8.06,19.2,54.6,0.0,0.0,0.0,0.0,0.0,0.0,0.8,1.0,1.6,2.8,0.2,1.8,0.32,0.05,0.0,0.0,0.6,0.2,0.32,0.38,0.13,3.42,-89089.0,-0.5617891990213684,1.0,0.419,0.286,0.295,,,0.1417748195578019,0.0008823228921186,0,,1.5697462469075634,Jean-Philippe Mateta,Jean-Philippe Mateta,Crystal Palace
4994,1,0,26,0,20.7,535,0.15,0.27,0.12,1.69,366,4,0,4.6,19.6,2025-05-20,90,0,0,0,0,0,0,0,False,7,0,0,0,0,37,0,19306,1,2,4,6.0,5,-2697,104,2801,4.9,False,0,0,1,0.0565827712416648,90,Crystal Palace,Wolverhampton Wanderers,4,2,26967,2024,729302,0.4778583645820617,1,1,0,0.0565827712416648,0.1316376626491546,0.0750548839569091,Wolverhampton Wanderers,3,3,37,2.2,MID,0.0,0.0,0.08,0.08,0.66,1.0,0.0,1.1,2.2,4.4,4.0,30.0,0.0,0.0,0.0,0.0,0.0,0.0,0.0,2.0,0.0,1.0,0.0,1.0,0.06,0.0,0.0,0.0,0.0,0.0,0.06,0.06,0.0,1.0,0.0,0.02,0.05,0.03,0.44,0.67,0.0,1.73,6.8,6.53,4.0,33.67,0.0,0.0,0.0,0.0,0.0,0.0,0.33,0.67,1.33,1.33,0.0,0.33,0.02,0.0,0.0,0.0,0.0,0.0,0.02,0.05,0.03,0.5,0.0,0.03,0.06,0.04,0.54,0.6,0.0,2.26,6.88,12.18,3.6,41.2,0.0,0.0,0.0,0.0,0.0,0.0,0.6,1.2,1.8,1.4,0.0,0.4,0.02,0.06,0.0,0.0,0.4,0.0,0.02,0.11,0.05,1.36,-2730.0,-0.9283993115318416,5.0,0.419,0.286,0.295,,,0.0621541229680202,0.1075657690457996,0,0.0,1.6334679219775,Jean-Ricner Bellegarde,Jean-Ricner Bellegarde,Wolves
5027,0,0,12,0,0.9,206,0.01,0.01,0.0,1.52,366,2,0,2.2,20.8,2025-05-20,90,0,0,0,0,0,0,0,False,20,0,0,0,0,37,0,6888,1,2,4,0.0,2,-175,39,214,4.8,True,0,0,0,0.0,90,Crystal Palace,Wolverhampton Wanderers,4,2,26967,2024,729285,0.0,0,0,0,0.0,0.3700496852397918,0.3700496852397918,Crystal Palace,3,3,37,1.7,MID,1.0,0.13,0.2,0.07,0.52,0.0,0.0,5.2,17.4,14.4,20.0,60.0,0.0,0.0,0.0,0.0,1.0,0.0,1.0,2.0,0.0,2.0,0.0,2.0,0.07,0.12,0.0,0.0,1.0,0.0,0.07,0.74,0.6,1.2,0.33,0.07,0.09,0.02,0.58,0.67,0.0,2.4,11.07,5.43,7.33,51.0,0.0,0.0,0.0,0.0,0.33,0.0,0.67,1.67,1.0,1.67,0.0,0.67,0.02,0.04,0.0,0.0,0.33,0.0,0.02,0.33,0.28,1.7,0.2,0.06,0.07,0.01,0.68,1.4,0.0,1.84,7.56,5.64,5.2,56.4,0.0,0.0,0.0,0.0,0.6,0.0,0.6,1.0,1.6,1.2,0.0,0.4,0.01,0.02,0.0,0.0,0.2,0.0,0.01,0.33,0.3,1.7,-155.0,-0.691699604743083,2.0,0.419,0.286,0.295,,,-6.725144885422194e-10,-5.689893001203925e-10,1,0.0,-5.069540343072276e-09,Jefferson Lerma Solís,Jefferson Lerma,Crystal Palace
5069,0,0,11,0,16.8,619,0.08,0.25,0.17,0.74,368,2,0,3.5,4.8,2025-05-18,70,0,0,0,0,0,0,0,False,11,0,0,0,0,37,0,14646,1,0,2,13.0,2,-340,123,463,4.5,False,0,0,2,0.1399832367897033,72,Leicester,Ipswich,2,0,26969,2024,728548,0.1054445579648017,0,1,0,0.1399832367897033,0.5283148884773254,0.3883316218852997,Ipswich,2,1,37,1.0,MID,0.0,0.0,0.0,0.0,0.63,0.0,0.0,0.6,5.2,0.5,0.0,29.0,0.0,0.0,0.0,0.0,0.0,0.0,0.0,1.0,0.0,1.0,0.0,0.0,0.0,0.0,0.0,0.0,0.0,0.0,0.0,0.01,0.01,0.5,0.0,0.0,0.0,0.0,0.97,1.0,0.0,0.7,5.93,1.13,0.0,39.33,0.0,0.0,0.0,0.0,0.0,0.0,0.33,2.33,0.67,1.33,0.0,0.0,0.0,0.0,0.0,0.0,0.0,0.0,0.0,0.0,0.0,0.57,0.0,0.04,0.06,0.02,1.41,1.2,0.0,1.7,10.6,5.88,0.6,57.6,0.0,0.0,0.0,0.0,0.0,0.0,0.6,2.2,1.0,1.6,0.0,0.4,0.02,0.02,0.0,0.0,0.4,0.0,0.02,0.12,0.08,1.2,-339.0,-0.5802047781569966,2.0,0.411,0.263,0.326,,,0.0978929615508428,0.0713199310253704,0,0.0,1.7034246008303253,Jens Cajuste,Jens Cajuste,Ipswich
5145,0,0,-1,0,1.9,191,0.01,0.03,0.02,2.87,363,2,0,1.8,11.2,2025-05-18,90,0,0,0,0,0,0,0,False,4,0,0,0,0,37,0,392617,1,3,2,5.0,0,-2468,1062,3530,4.2,False,1,0,1,0.0177343674004077,90,Brentford,Fulham,2,3,26964,2024,728512,0.0,0,0,0,0.0177343674004077,0.0719513148069381,0.0719513148069381,Fulham,3,3,37,1.2,DEF,0.0,0.02,0.04,0.02,1.12,3.0,0.0,3.3,26.6,2.3,4.0,90.0,0.0,0.0,0.0,0.0,0.0,0.0,1.0,3.0,1.0,1.0,0.0,1.0,0.01,0.0,0.0,0.0,0.0,0.0,0.01,0.68,0.68,1.5,0.0,0.04,0.21,0.17,0.9,1.67,0.0,5.43,30.73,4.3,19.33,90.0,0.0,0.0,0.0,0.0,0.0,0.0,1.0,1.67,1.0,1.67,0.0,1.67,0.13,0.0,0.0,0.0,0.0,0.0,0.13,0.59,0.57,1.1,0.0,0.03,0.14,0.11,1.01,1.6,0.0,4.88,29.76,3.62,15.4,90.0,0.0,0.0,0.0,0.0,0.0,0.0,1.0,1.4,1.0,1.6,0.0,1.2,0.1,0.0,0.0,0.0,0.0,0.0,0.1,0.37,0.36,0.86,-2718.0,-0.5374564459930313,0.0,0.495,0.242,0.263,,1.492744207382202,0.0541731942044731,-5.972489169892015e-10,0,1.0,5.579039163435091,Joachim Andersen,Joachim Andersen,Fulham
5178,0,0,10,0,3.3,452,0.0,0.0,0.0,2.7,367,2,0,1.1,7.8,2025-05-18,59,0,0,0,0,0,0,0,False,8,0,0,0,0,37,0,7099,1,0,2,0.0,1,-48,191,239,4.9,False,0,0,0,0.0,62,Everton,Southampton,2,0,26968,2024,728297,0.0,0,0,0,0.0,0.0,0.0,Southampton,1,3,37,0.0,MID,0.0,0.01,0.01,0.0,1.17,0.0,0.0,1.8,17.0,0.8,0.0,45.0,0.0,0.0,0.0,0.0,0.0,0.0,0.0,0.0,0.0,1.0,0.0,0.0,0.0,0.0,0.0,0.0,0.0,0.0,0.0,0.0,0.0,-0.8,0.0,0.01,0.02,0.01,0.85,1.0,0.0,1.47,7.67,4.83,2.33,42.33,0.0,0.0,0.0,0.0,0.0,0.0,0.33,0.67,1.33,1.33,0.0,0.33,0.02,0.0,0.0,0.0,0.33,0.0,0.02,0.06,0.04,0.4,0.0,0.01,0.04,0.03,0.75,1.2,0.0,1.6,6.04,6.46,3.6,44.8,0.0,0.0,0.0,0.0,0.0,0.0,0.4,1.0,1.6,1.4,0.0,0.6,0.04,0.02,0.0,0.0,0.4,0.0,0.04,0.11,0.06,0.6,-34.0,-0.1116279069767441,1.0,0.675,0.199,0.126,,,-6.725144885422194e-10,-5.689893001203925e-10,0,0.0,0.9999999949304597,,,
5221,0,0,3,0,10.6,420,0.0,0.05,0.05,0.05,361,0,0,2.2,1.6,2025-05-18,14,0,0,0,0,0,0,0,False,1,0,0,0,0,37,0,14633,0,0,1,10.0,0,-230,12,242,4.7,False,1,0,1,0.0626256018877029,14,Arsenal,Newcastle United,1,0,26962,2024,728587,0.5171985626220703,0,1,0,0.0626256018877029,0.5798241496086121,0.0,Newcastle United,4,5,37,0.2,MID,0.0,0.02,0.13,0.11,0.17,1.0,0.0,2.2,8.2,1.9,12.0,73.0,0.0,0.0,0.0,0.0,1.0,0.0,1.0,1.0,1.0,1.0,0.0,1.0,0.12,0.0,0.0,0.0,0.0,0.0,0.12,0.27,0.15,1.7,0.33,0.04,0.27,0.22,0.14,0.33,0.0,3.23,6.13,12.4,14.67,51.0,0.0,0.0,0.0,0.0,0.33,0.0,0.67,0.67,2.67,1.67,0.0,1.33,0.3,0.22,0.0,0.0,1.0,0.0,0.3,0.72,0.19,0.93,0.2,0.03,0.17,0.15,0.27,0.2,0.0,2.56,6.16,7.78,12.2,41.0,0.0,0.0,0.0,0.0,0.2,0.0,0.4,0.6,3.0,1.4,0.0,1.0,0.2,0.13,0.0,0.0,0.6,0.0,0.2,0.47,0.13,0.86,-246.0,-0.905511811023622,0.0,0.487,0.257,0.257,,,0.0830187842636618,0.0431804117075149,1,0.0,0.5446351564408536,Joe Willock,Joe Willock,Newcastle
5224,0,0,-6,0,10.3,215,0.01,0.01,0.0,1.22,366,2,0,1.6,5.8,2025-05-20,70,0,0,0,0,0,0,0,False,20,0,0,0,0,37,0,8372,1,2,4,0.0,0,10,45,35,4.3,True,1,0,0,0.0,74,Crystal Palace,Wolverhampton Wanderers,4,2,26967,2024,729282,0.0684693977236747,0,1,0,0.0,0.1046429947018623,0.1046429947018623,Crystal Palace,3,3,37,0.0,DEF,0.0,0.0,0.0,0.0,0.35,0.0,0.0,0.0,0.0,0.0,0.0,1.0,0.0,0.0,0.0,0.0,0.0,0.0,0.0,1.0,2.0,1.0,0.0,0.0,0.0,0.0,0.0,0.0,0.0,0.0,0.0,0.0,0.0,0.5,,,,,,,,,,,,,,,,,,,,,,,,,,,,,,,,,,,,,,,,,,,,,,,,,,,,,,,,,,,,,,,,,,,,,204.0,0.125,0.0,0.419,0.286,0.295,,0.3075375556945801,3.9846503874230166e-10,0.0520950266883022,0,0.0,0.002285082455696835,,,
5286,0,0,16,1,34.6,48,0.15,0.26,0.11,0.51,362,0,0,5.6,6.6,2025-05-16,89,0,0,0,0,0,0,0,False,18,0,0,0,0,37,0,78238,1,0,2,15.0,3,840,1757,917,5.2,True,0,0,3,0.0972765237092971,90,Aston Villa,Tottenham,2,0,26963,2024,727513,0.0636267960071563,0,2,0,0.0972765237092971,0.5520803928375244,0.4894748032093048,Aston Villa,2,4,37,3.3,MID,0.0,0.01,0.01,0.0,0.72,0.0,0.0,0.2,1.6,0.3,0.0,20.0,0.0,0.0,0.0,0.0,0.0,0.0,0.0,1.0,0.0,1.0,0.0,0.0,0.0,0.0,0.0,0.0,0.0,0.0,0.0,0.0,0.0,2.5,0.33,0.03,0.03,0.0,0.64,0.33,0.0,2.3,10.6,11.83,0.67,36.33,0.0,0.0,0.0,0.0,0.0,0.0,0.33,0.67,1.0,2.67,0.0,0.0,0.0,0.11,0.33,0.33,0.67,0.0,0.0,0.02,0.02,3.27,0.2,0.02,0.17,0.15,0.53,0.4,0.2,3.8,16.72,9.48,11.8,37.0,0.0,0.0,0.0,0.0,0.2,0.0,0.4,1.2,1.4,3.0,0.2,0.6,0.17,0.08,0.2,0.2,0.6,0.2,0.17,0.19,0.09,2.72,864.0,0.3141361256544502,3.0,0.73,0.158,0.112,,,0.1068567300105374,0.1661042887779831,0,0.0,2.0325965163866364,John McGinn,John McGinn,Aston Villa
5335,0,0,14,1,11.4,192,0.01,0.14,0.13,0.98,368,0,0,2.5,8.2,2025-05-18,63,0,0,0,0,0,0,0,False,10,0,0,0,0,37,0,19897,1,0,2,5.0,3,1736,2012,276,5.1,True,0,0,1,0.074162371456623,65,Leicester,Ipswich,2,0,26969,2024,728534,0.1665889322757721,0,1,0,0.074162371456623,0.3118543028831482,0.0711029842495918,Leicester,2,1,37,3.5,MID,0.0,0.04,0.04,0.0,1.23,2.0,0.0,2.8,11.6,16.0,0.0,60.0,0.0,0.0,0.0,0.0,0.0,0.0,1.0,2.0,2.0,2.0,0.0,0.0,0.0,0.02,0.0,0.0,1.0,0.0,0.0,0.0,0.0,1.8,0.33,0.07,0.13,0.06,0.98,1.33,0.33,4.6,18.13,20.2,7.33,58.0,0.0,0.0,0.0,0.0,0.0,0.0,0.67,0.67,2.33,3.67,0.33,1.0,0.06,0.13,0.0,0.0,1.0,0.33,0.06,0.17,0.16,1.33,0.2,0.05,0.08,0.03,0.61,0.8,0.2,3.04,12.0,13.22,4.8,37.0,0.0,0.0,0.0,0.0,0.0,0.0,0.4,1.0,1.8,2.6,0.2,0.6,0.03,0.08,0.0,0.0,0.6,0.2,0.03,0.12,0.12,0.9,1911.0,0.7587412587412588,3.0,0.411,0.263,0.326,,,0.0588171847583187,0.0462462771509657,0,0.0,1.4328247552444906,Jordan Ayew,Jordan Ayew,Leicester
5373,0,0,23,1,0.0,235,0.0,0.0,0.0,1.21,367,0,0,2.1,21.4,2025-05-18,90,0,0,0,0,0,0,0,False,17,0,0,0,0,37,2,1951666,1,0,2,0.0,6,79886,93859,13973,5.1,True,0,0,0,0.0,90,Everton,Southampton,2,0,26968,2024,728275,0.0,0,0,0,0.0,0.3790620565414428,0.3790620565414428,Everton,1,3,37,4.3,GK,0.0,0.0,0.0,0.0,0.79,1.0,0.0,3.3,33.2,0.0,0.0,90.0,0.0,0.0,0.0,0.0,0.0,5.0,1.0,3.0,1.0,3.0,0.0,0.0,0.0,0.0,0.0,0.0,0.0,0.0,0.0,0.0,0.0,2.5,0.0,0.0,0.0,0.0,0.84,1.33,0.0,3.2,32.13,0.0,0.0,90.0,0.0,0.0,0.0,0.0,0.0,4.67,1.0,1.67,1.33,3.0,0.0,0.0,0.0,0.0,0.0,0.0,0.0,0.0,0.0,0.14,0.14,2.33,0.2,0.0,0.0,0.0,1.02,1.2,0.0,3.4,34.08,0.0,0.0,90.0,0.0,0.0,0.0,0.0,0.2,4.6,1.0,1.6,0.8,3.8,0.0,0.0,0.0,0.0,0.0,0.0,0.0,0.0,0.0,0.16,0.16,2.1,102448.0,0.7408375992284294,6.0,0.675,0.199,0.126,2.396313522819959,1.0030603889938372,,,0,0.0,2.2969999999999997,Jordan Pickford,Jordan Pickford,Everton
5381,0,0,3,0,0.0,586,0.0,0.0,0.0,0.03,363,0,0,0.0,0.0,2025-05-18,1,0,0,0,0,0,0,0,False,4,0,0,0,0,37,0,4789,0,3,2,0.0,1,3,26,23,4.4,False,0,0,0,0.0,1,Brentford,Fulham,2,3,26964,2024,728521,0.0,0,0,0,0.0,0.0,0.0,Fulham,3,3,37,0.2,DEF,0.0,0.01,0.03,0.02,2.38,2.0,0.0,2.0,14.8,1.5,4.0,90.0,0.0,0.0,0.0,0.0,0.0,0.0,1.0,1.0,2.0,1.0,0.0,1.0,0.02,0.0,0.0,0.0,0.0,0.0,0.02,0.0,0.0,-0.2,0.0,0.0,0.01,0.01,1.9,1.67,0.0,1.97,18.0,0.67,1.33,85.0,0.0,0.0,0.0,0.0,0.0,0.0,1.0,1.67,1.67,1.33,0.0,0.33,0.01,0.0,0.0,0.0,0.0,0.0,0.01,0.37,0.37,0.03,0.0,0.0,0.01,0.0,1.15,1.0,0.0,1.18,10.84,0.4,0.8,51.4,0.0,0.0,0.0,0.0,0.0,0.0,0.6,1.4,1.8,1.2,0.0,0.2,0.0,0.0,0.0,0.0,0.0,0.0,0.0,0.22,0.22,-0.06,119.0,0.0612244897959183,1.0,0.495,0.242,0.263,,0.5481307506561279,0.0265227358438888,0.0013234161671744,0,0.0,1.889106663564856,Jorge Cuenca Barreno,Jorge Cuenca,Fulham
5397,0,0,3,0,0.0,7,0.0,0.0,0.0,0.22,361,0,0,0.0,0.2,2025-05-18,1,0,0,0,0,0,0,0,False,15,0,0,0,0,37,0,23629,0,0,1,0.0,1,11,63,52,4.6,True,0,0,0,0.0,1,Arsenal,Newcastle United,1,0,26962,2024,728570,0.0,0,0,0,0.0,0.0,0.0,Arsenal,4,5,37,0.8,MID,0.0,0.06,0.08,0.02,0.24,1.0,0.0,1.7,3.4,12.6,1.0,90.0,0.0,0.0,0.0,0.0,0.0,0.0,1.0,1.0,1.0,2.0,0.0,1.0,0.02,0.0,0.0,0.0,0.0,0.0,0.02,0.19,0.19,0.0,0.33,0.04,0.05,0.01,0.5,0.67,0.0,1.23,2.73,7.93,1.67,76.33,0.0,0.0,0.0,0.0,0.33,0.0,1.0,0.67,0.67,2.0,0.0,0.33,0.01,0.0,0.0,0.0,0.0,0.0,0.01,0.3,0.3,0.6,0.2,0.06,0.06,0.0,0.58,0.6,0.0,1.14,2.64,7.74,1.0,61.4,0.0,0.0,0.0,0.0,0.4,0.0,0.8,1.0,0.6,1.6,0.0,0.2,0.0,0.06,0.0,0.0,0.2,0.0,0.0,0.35,0.29,0.76,-944.0,0.0956521739130434,1.0,0.487,0.257,0.257,,,0.020225770860893,0.0146674628992413,1,0.0,1.1451312430021892,Jorge Luiz Frello Filho,Jorginho,Arsenal
5408,0,0,4,0,2.3,604,0.01,0.01,0.0,0.26,363,0,0,0.5,2.8,2025-05-18,24,0,0,0,0,0,0,0,False,4,0,0,0,0,37,0,9440,0,3,2,0.0,1,2,62,60,4.4,False,0,0,0,0.0,20,Brentford,Fulham,2,3,26964,2024,728523,0.0,0,0,0,0.0,0.0163196790963411,0.0163196790963411,Fulham,3,3,37,0.5,MID,0.0,0.01,0.06,0.05,0.1,0.0,0.0,1.2,1.6,4.9,5.0,7.0,0.0,0.0,0.0,0.0,0.0,0.0,0.0,3.0,1.0,1.0,0.0,1.0,0.08,0.0,0.0,0.0,0.0,0.0,0.08,0.08,0.0,0.2,0.0,0.2,0.28,0.08,0.06,0.0,0.0,1.33,1.4,5.27,6.33,4.33,0.0,0.0,0.0,0.0,0.0,0.0,0.0,2.33,1.33,1.0,0.0,0.67,0.04,0.23,0.0,0.0,0.33,0.0,0.04,0.27,0.0,0.4,0.2,0.13,0.18,0.05,0.08,0.0,0.0,1.8,3.56,8.32,5.8,15.0,0.0,0.0,0.0,0.0,0.0,0.0,0.2,1.8,1.2,1.4,0.0,0.4,0.03,0.15,0.0,0.0,0.6,0.0,0.03,0.18,0.0,0.64,5.0,0.0163934426229508,1.0,0.495,0.242,0.263,,,-6.725144885422194e-10,-5.689893001203925e-10,0,0.0,0.9999999949304597,Josh King,Joshua King,Fulham
5546,0,0,18,0,4.1,553,0.02,0.02,0.0,0.59,366,2,0,1.4,10.0,2025-05-20,45,0,0,0,0,0,0,0,False,7,0,0,0,0,37,0,26489,0,2,4,0.0,1,-1674,170,1844,4.9,False,0,0,0,0.0,41,Crystal Palace,Wolverhampton Wanderers,4,2,26967,2024,729307,0.0,0,0,0,0.0,0.0565827712416648,0.0565827712416648,Wolverhampton Wanderers,3,3,37,1.8,MID,0.0,0.02,0.02,0.0,0.91,1.0,0.0,0.4,0.0,3.7,0.0,59.0,0.0,0.0,0.0,0.0,0.0,0.0,1.0,2.0,0.0,1.0,0.0,0.0,0.0,0.0,0.0,0.0,0.0,0.0,0.0,0.04,0.04,2.2,0.33,0.02,0.06,0.04,0.92,0.67,0.0,2.5,11.27,10.2,3.67,79.67,0.0,0.0,0.0,0.0,0.0,0.0,1.0,0.67,1.33,2.0,0.0,0.33,0.04,0.07,0.0,0.0,0.67,0.0,0.04,0.28,0.21,1.4,0.4,0.02,0.06,0.04,1.02,0.6,0.0,2.22,10.04,9.06,3.2,82.2,0.0,0.0,0.0,0.0,0.0,0.0,1.0,1.0,1.6,2.2,0.0,0.6,0.04,0.04,0.0,0.0,0.4,0.0,0.04,0.21,0.15,1.28,-1737.0,-0.8311817279046674,1.0,0.419,0.286,0.295,,,-6.725144885422194e-10,-5.689893001203925e-10,1,0.0,0.9999999949304597,,,
5604,0,0,8,0,2.8,350,0.01,0.01,0.0,1.06,369,1,0,1.6,13.0,2025-05-20,90,0,0,0,0,0,0,0,False,3,0,0,0,0,37,0,4350813,1,1,3,0.0,2,81656,113456,31800,6.5,True,0,0,0,0.0,90,Manchester City,Bournemouth,3,1,26970,2024,729315,0.0,0,0,0,0.0,0.1043332293629646,0.1043332293629646,Manchester City,3,4,37,5.8,DEF,1.0,0.08,0.15,0.07,0.1,0.0,0.0,4.7,10.2,10.9,26.0,90.0,0.0,0.0,0.0,0.0,0.0,0.0,1.0,0.0,0.0,6.0,0.0,2.0,0.16,0.0,0.0,0.0,0.0,0.0,0.16,0.4,0.24,6.2,0.67,0.05,0.12,0.07,0.75,0.33,0.0,3.57,16.0,6.67,13.0,90.0,0.0,0.0,0.0,0.0,0.33,0.0,1.0,0.33,1.0,5.0,0.0,1.33,0.11,0.0,0.0,0.0,0.0,0.0,0.11,0.34,0.29,6.97,0.6,0.04,0.08,0.04,1.0,0.6,0.0,3.3,18.64,6.58,7.8,90.0,0.0,0.0,0.0,0.0,0.2,0.0,1.0,1.0,1.6,4.4,0.0,0.8,0.07,0.0,0.0,0.0,0.0,0.0,0.07,0.68,0.64,6.22,61531.0,0.5621523379412898,2.0,0.614,0.22,0.166,,0.9301605224609376,3.9846503874230166e-10,-5.972489169892015e-10,0,0.0,1.5350000005990434,Joško Gvardiol,Josko Gvardiol,Man City
5630,0,0,5,0,22.6,121,0.02,0.23,0.21,0.74,368,2,0,5.9,6.0,2025-05-18,70,0,0,0,0,0,0,0,False,11,0,0,0,0,37,0,30683,1,0,2,30.0,2,9894,12189,2295,5.4,False,0,0,4,0.1778872907161712,72,Leicester,Ipswich,2,0,26969,2024,728550,0.1083785220980644,0,2,0,0.1778872907161712,0.6633520126342773,0.377086192369461,Ipswich,2,1,37,3.8,MID,0.0,0.02,0.05,0.03,1.41,1.0,0.0,3.8,14.2,14.3,9.0,90.0,0.0,0.0,0.0,0.0,0.0,0.0,1.0,1.0,0.0,2.0,0.0,2.0,0.02,0.02,0.0,0.0,1.0,0.0,0.02,0.12,0.08,3.0,0.0,0.02,0.14,0.13,1.52,1.67,0.33,4.63,16.87,12.63,18.0,83.33,0.0,0.0,0.0,0.0,0.0,0.0,1.0,1.0,1.67,4.33,0.33,3.0,0.11,0.02,0.0,0.0,0.67,0.33,0.11,0.14,0.03,2.9,0.0,0.08,0.25,0.17,1.56,1.6,0.4,5.22,24.24,12.12,16.6,74.0,0.0,0.0,0.0,0.0,0.0,0.0,1.0,1.8,1.4,5.4,0.4,2.6,0.21,0.08,0.2,0.2,0.8,0.4,0.21,0.29,0.02,2.44,10358.0,0.6830985915492958,2.0,0.411,0.263,0.326,,,0.2166221034889914,0.1191423999740957,0,0.0,3.4405377173672442,Julio Enciso,Julio Enciso,Ipswich
5642,0,0,0,0,19.1,592,0.05,0.05,0.0,1.44,369,2,0,2.8,8.8,2025-05-20,68,0,0,0,0,0,0,0,False,13,0,0,0,0,37,0,14282,1,1,3,0.0,0,26,65,39,4.3,False,1,0,0,0.0,71,Manchester City,Bournemouth,3,1,26970,2024,729328,0.0628243163228035,0,1,0,0.0,0.2132968306541443,0.2132968306541443,Bournemouth,3,4,37,0.3,DEF,0.0,0.0,0.0,0.0,0.0,0.0,0.0,0.0,0.0,0.3,0.0,2.0,0.0,0.0,0.0,0.0,0.0,0.0,0.0,1.0,0.0,1.0,0.0,0.0,0.0,0.0,0.0,0.0,0.0,0.0,0.0,0.0,0.0,1.0,0.0,0.0,0.0,0.0,0.43,0.33,0.0,0.43,2.67,1.2,0.67,24.0,0.0,0.0,0.0,0.0,0.0,0.0,0.33,1.0,0.33,1.33,0.0,0.0,0.0,0.0,0.0,0.0,0.0,0.0,0.0,0.15,0.15,0.33,0.0,0.0,0.0,0.0,0.47,0.2,0.0,0.32,2.12,0.78,0.4,21.4,0.0,0.0,0.0,0.0,0.2,0.0,0.4,1.2,1.0,1.0,0.0,0.0,0.0,0.0,0.0,0.0,0.0,0.0,0.0,0.11,0.11,0.3,32.0,0.25,0.0,0.614,0.22,0.166,,0.7859110832214355,3.9846503874230166e-10,0.055744654319348,0,0.0,0.7742339653488342,Julián Araujo Zúñiga,Julián Araujo,Bournemouth
5694,1,0,15,0,10.7,645,0.01,0.05,0.04,0.83,366,1,0,4.4,26.2,2025-05-20,45,0,0,0,0,0,0,0,False,20,0,0,0,0,37,0,8871,0,2,4,7.0,4,-87,41,128,4.5,True,0,0,1,0.0392813235521316,41,Crystal Palace,Wolverhampton Wanderers,4,2,26967,2024,729294,0.140699565410614,1,1,0,0.0392813235521316,0.3540045022964477,0.3147231936454773,Crystal Palace,3,3,37,1.7,MID,0.0,0.0,0.0,0.0,0.11,0.0,0.0,0.1,0.8,0.4,0.0,3.0,0.0,0.0,0.0,0.0,0.0,0.0,0.0,2.0,0.0,1.0,0.0,0.0,0.0,0.0,0.0,0.0,0.0,0.0,0.0,0.0,0.0,0.8,0.0,0.0,0.05,0.05,0.42,0.67,0.0,1.0,2.47,1.43,6.33,27.67,0.0,0.0,0.0,0.0,0.33,0.0,0.33,1.33,0.67,1.0,0.0,0.33,0.11,0.0,0.0,0.0,0.0,0.0,0.11,0.11,0.0,0.93,0.0,0.02,0.04,0.03,0.28,0.4,0.0,0.86,1.84,3.18,3.8,19.6,0.0,0.0,0.0,0.0,0.2,0.0,0.2,1.2,2.4,1.0,0.0,0.2,0.07,0.01,0.0,0.0,0.2,0.0,0.07,0.08,0.0,0.56,-84.0,-0.514792899408284,4.0,0.419,0.286,0.295,,,0.0620543595708007,0.0671615888143188,1,0.0,0.5117565642969599,Justin Devenny,Justin Devenny,Crystal Palace
5728,0,0,3,0,0.8,71,0.02,0.27,0.25,1.33,369,2,0,3.1,0.2,2025-05-20,45,0,0,0,0,0,0,0,False,13,0,0,0,0,37,0,1196058,1,1,3,30.0,1,-55115,12680,67795,6.0,False,0,0,3,0.1995257139205932,48,Manchester City,Bournemouth,3,1,26970,2024,729335,0.0,0,0,0,0.1995257139205932,0.1995257139205932,0.0,Bournemouth,3,4,37,1.0,MID,0.0,0.03,0.03,0.0,0.06,0.0,0.0,2.3,2.2,6.9,14.0,45.0,0.0,0.0,0.0,0.0,0.0,0.0,0.0,1.0,0.0,1.0,0.0,0.0,0.0,0.0,0.0,0.0,0.0,0.0,0.0,0.05,0.05,1.8,0.33,0.03,0.09,0.05,0.8,0.33,0.0,1.4,0.73,8.9,6.67,60.0,0.0,0.0,0.0,0.0,0.33,0.0,0.67,1.33,0.67,1.67,0.0,1.0,0.03,0.03,0.0,0.0,0.33,0.0,0.03,0.21,0.14,0.77,0.4,0.15,0.19,0.03,0.71,0.6,0.0,3.16,5.64,19.84,7.6,69.6,0.0,0.0,0.0,0.0,0.4,0.0,0.8,1.2,0.6,1.8,0.0,0.6,0.02,0.14,0.0,0.0,1.0,0.0,0.02,0.3,0.21,1.6,-56588.0,-0.6848710779745263,1.0,0.614,0.22,0.166,,,0.2223424157675981,-5.689893001203925e-10,1,0.0,2.1117120771310227,Justin Kluivert,Justin Kluivert,Bournemouth
5757,0,0,3,0,0.3,346,0.0,0.0,0.0,0.29,369,1,0,0.0,0.0,2025-05-20,1,0,0,0,0,0,0,0,False,3,0,0,0,0,37,0,200047,0,1,3,0.0,1,-8302,4132,12434,6.2,True,0,0,0,0.0,1,Manchester City,Bournemouth,3,1,26970,2024,729322,0.0,0,0,0,0.0,0.0,0.0,Manchester City,3,4,37,3.2,MID,0.0,0.2,0.2,0.0,0.07,0.0,0.0,9.3,15.2,39.8,38.0,45.0,0.0,0.0,0.0,0.0,0.0,0.0,0.0,0.0,0.0,1.0,0.0,0.0,0.0,0.21,0.0,0.0,3.0,0.0,0.0,0.51,0.41,4.0,0.33,0.17,0.17,0.0,0.17,0.0,0.0,7.97,20.87,31.47,27.33,50.33,0.0,0.0,0.0,0.0,0.0,0.0,0.33,0.33,1.0,3.67,0.0,0.0,0.0,0.37,0.67,0.67,2.33,0.0,0.0,0.34,0.19,4.17,0.2,0.12,0.13,0.01,0.11,0.0,0.0,5.24,13.68,20.14,18.6,33.2,0.0,0.0,0.0,0.0,0.0,0.0,0.2,1.0,1.6,2.6,0.0,0.2,0.02,0.22,0.4,0.4,1.4,0.0,0.02,0.24,0.13,3.5,-10188.0,-0.5011469274417482,1.0,0.614,0.22,0.166,,,-6.725144885422194e-10,-5.689893001203925e-10,0,0.0,0.9999999949304597,Jérémy Doku,Jéremy Doku,Man City
5792,1,2,47,0,16.1,566,0.01,0.25,0.24,1.13,366,3,1,10.7,51.6,2025-05-20,66,0,0,0,0,0,0,0,False,7,0,0,0,0,37,0,335126,1,2,4,39.0,11,-34588,4810,39398,5.2,False,0,1,1,0.4778583645820617,70,Crystal Palace,Wolverhampton Wanderers,4,2,26967,2024,729305,0.4335485994815826,1,1,1,0.4778583645820617,0.0,0.0,Wolverhampton Wanderers,3,3,37,4.5,FWD,0.0,0.01,0.01,0.0,0.66,1.0,0.0,0.4,2.2,1.5,0.0,31.0,0.0,0.0,0.0,0.0,0.0,0.0,0.0,2.0,0.0,1.0,0.0,0.0,0.0,0.0,0.0,0.0,0.0,0.0,0.0,0.0,0.0,1.7,0.67,0.01,0.3,0.29,0.83,0.33,0.33,2.7,10.2,1.83,15.33,60.0,0.0,0.0,0.0,0.0,0.0,0.0,0.67,1.0,1.0,3.0,0.33,1.67,0.44,0.0,0.0,0.0,0.0,0.33,0.44,0.44,0.02,2.5,0.4,0.02,0.68,0.65,0.86,0.6,0.6,5.66,19.52,2.1,35.2,67.8,0.0,0.0,0.0,0.0,0.2,0.0,0.8,1.4,1.6,4.2,0.6,2.4,0.76,0.0,0.0,0.0,0.0,0.6,0.76,0.77,0.02,3.36,-28864.0,-0.7823923271806008,9.0,0.419,0.286,0.295,,,0.5742547709990575,0.1098261547256644,0,,4.626497548173223,Jørgen Strand Larsen,Jørgen Strand Larsen,Wolves
5816,0,0,0,0,0.1,4,0.01,0.01,0.0,0.32,361,0,0,0.2,0.2,2025-05-18,14,0,0,0,0,0,0,0,False,15,0,0,0,0,37,0,658938,0,0,1,2.0,0,-638,364,1002,7.7,True,1,0,0,0.0,14,Arsenal,Newcastle United,1,0,26962,2024,728569,0.0,0,0,0,0.0,0.0,0.0,Arsenal,4,5,37,0.4,FWD,0.0,0.25,0.74,0.49,0.81,1.0,1.0,10.5,55.4,14.7,35.0,89.0,0.0,0.0,0.0,0.0,0.0,0.0,1.0,1.0,5.0,12.0,1.0,4.0,0.65,0.43,1.0,1.0,1.0,1.0,0.65,1.08,0.09,5.5,0.33,0.09,0.5,0.41,0.86,1.0,0.67,7.47,31.67,11.17,31.67,89.67,0.0,0.0,0.0,0.0,0.0,0.0,1.0,1.33,2.33,7.0,0.67,3.33,0.52,0.15,0.33,0.33,0.67,0.67,0.52,0.83,0.26,2.67,0.4,0.07,0.61,0.54,0.71,0.8,0.6,7.98,27.4,11.56,40.8,89.8,0.0,0.0,0.0,0.0,0.4,0.0,1.0,1.0,2.0,5.8,0.6,3.0,0.67,0.11,0.2,0.2,0.6,0.6,0.67,0.83,0.2,3.2,-184662.0,-0.4670571010248902,0.0,0.487,0.257,0.257,,,0.0309067559426061,0.0025125890848882,0,,2.131164791025089,Kai Havertz,Kai Havertz,Arsenal
5861,0,0,-1,0,1.4,462,0.0,0.0,0.0,2.7,367,2,0,0.4,2.2,2025-05-18,59,0,0,0,0,0,0,0,False,8,0,0,0,0,37,0,2924,1,0,2,0.0,1,-61,304,365,5.0,False,0,0,0,0.0,62,Everton,Southampton,2,0,26968,2024,728301,0.0,0,0,0,0.0,0.0,0.0,Southampton,1,3,37,0.7,MID,1.0,0.01,0.04,0.03,1.71,0.0,0.0,2.6,16.2,1.0,9.0,87.0,0.0,0.0,0.0,0.0,0.0,0.0,1.0,0.0,0.0,3.0,0.0,1.0,0.03,0.0,0.0,0.0,0.0,0.0,0.03,0.14,0.11,0.5,0.33,0.06,0.11,0.05,1.36,1.0,0.0,2.83,7.67,6.37,14.33,73.33,0.0,0.0,0.0,0.0,0.67,0.0,1.0,0.67,1.0,1.33,0.0,1.67,0.05,0.1,0.0,0.0,0.33,0.0,0.05,0.21,0.06,0.67,0.4,0.05,0.12,0.07,1.13,0.8,0.0,2.38,5.28,4.88,13.8,70.6,0.0,0.0,0.0,0.0,0.4,0.0,1.0,1.2,0.8,1.8,0.0,2.0,0.08,0.06,0.0,0.0,0.2,0.0,0.08,0.17,0.05,0.94,-22.0,-0.0911808669656203,1.0,0.675,0.199,0.126,,,-6.725144885422194e-10,-5.689893001203925e-10,1,0.0,0.9999999949304597,Kamaldeen Sulemana,Kamaldeen Sulemana,Southampton
5879,0,0,23,1,1.8,299,0.01,0.18,0.17,1.33,368,0,1,6.8,38.8,2025-05-18,79,0,0,0,0,0,0,0,False,10,0,0,0,0,37,0,4399,1,0,2,27.0,7,83,134,51,4.7,True,1,1,3,0.1733949929475784,81,Leicester,Ipswich,2,0,26969,2024,728533,0.0,0,0,1,0.1733949929475784,0.2475573718547821,0.074162371456623,Leicester,2,1,37,3.0,MID,0.0,0.01,0.16,0.15,1.23,2.0,0.0,7.4,18.6,16.4,39.0,76.0,0.0,0.0,0.0,0.0,0.0,0.0,1.0,2.0,2.0,2.0,0.0,1.0,0.06,0.05,0.0,0.0,1.0,0.0,0.06,0.13,0.02,0.2,0.33,0.01,0.08,0.07,0.97,1.33,0.0,4.37,10.0,13.53,20.0,68.0,0.0,0.0,0.0,0.0,0.33,0.0,0.67,0.67,2.33,1.67,0.0,0.67,0.04,0.08,0.0,0.0,1.0,0.0,0.04,0.3,0.17,0.47,0.2,0.03,0.09,0.05,1.39,1.4,0.0,3.48,6.6,11.54,16.4,60.4,0.0,0.0,0.0,0.0,0.2,0.0,0.6,1.4,1.8,1.6,0.0,0.8,0.04,0.07,0.0,0.0,0.8,0.0,0.04,0.24,0.16,0.34,99.0,0.4486486486486487,7.0,0.411,0.263,0.326,,,0.2129742649517922,0.0005715610889593,0,0.0,3.066586008025839,Kasey McAteer,Kasey McAteer,Leicester
5917,0,0,4,0,5.3,98,0.03,0.03,0.0,0.93,363,3,0,1.5,7.6,2025-05-18,75,0,0,0,0,0,0,0,False,9,0,0,0,0,37,0,10555,1,3,2,2.0,1,-17,260,277,5.0,True,1,0,0,0.0,79,Brentford,Fulham,2,3,26964,2024,728499,0.0,0,0,0,0.0,0.0,0.0,Brentford,3,3,37,1.5,MID,1.0,0.21,0.21,0.0,0.93,0.0,0.0,4.9,15.2,29.6,4.0,90.0,0.0,0.0,0.0,0.0,0.0,0.0,1.0,1.0,0.0,3.0,0.0,0.0,0.0,0.19,0.0,0.0,2.0,0.0,0.0,0.19,0.0,3.0,0.33,0.07,0.07,0.0,0.83,0.33,0.0,2.27,6.4,14.73,1.33,71.67,0.0,0.0,0.0,0.0,0.33,0.0,1.0,2.0,1.33,1.67,0.0,0.0,0.0,0.09,0.0,0.0,1.0,0.0,0.0,0.29,0.2,1.73,0.2,0.08,0.08,0.0,0.81,0.6,0.0,2.4,10.28,12.64,0.8,76.0,0.0,0.0,0.0,0.0,0.2,0.0,1.0,1.8,1.8,2.4,0.0,0.0,0.0,0.12,0.2,0.2,0.8,0.0,0.0,0.3,0.25,1.6,-18.0,-0.031657355679702,1.0,0.495,0.242,0.263,,,0.0015023655432722,-5.689893001203925e-10,1,0.0,1.007511826009393,Keane Lewis-Potter,Keane Lewis-Potter,Brentford
5939,0,0,-2,0,7.7,257,0.03,0.11,0.08,2.87,363,2,0,4.0,21.0,2025-05-18,90,0,0,0,0,0,0,0,False,4,0,0,0,0,37,0,24444,1,3,2,11.0,0,-123,420,543,4.4,False,1,0,1,0.0556316375732421,90,Brentford,Fulham,2,3,26964,2024,728511,0.0,0,0,0,0.0556316375732421,0.1302553713321685,0.0746237412095069,Fulham,3,3,37,1.0,DEF,0.0,0.02,0.02,0.0,1.12,3.0,0.0,4.1,18.0,22.8,0.0,90.0,0.0,0.0,0.0,0.0,0.0,0.0,1.0,3.0,1.0,1.0,0.0,0.0,0.0,0.05,0.0,0.0,2.0,0.0,0.0,0.7,0.67,2.5,0.0,0.06,0.08,0.02,0.72,1.67,0.0,3.7,15.0,19.4,2.67,82.0,0.0,0.0,0.0,0.0,0.33,0.0,1.0,1.67,1.0,1.33,0.0,0.33,0.01,0.06,0.0,0.0,1.33,0.0,0.01,0.58,0.54,1.57,0.2,0.03,0.08,0.04,0.6,1.0,0.0,3.04,13.04,12.56,4.8,66.2,0.0,0.0,0.0,0.0,0.2,0.0,0.8,1.8,1.4,2.2,0.0,0.8,0.04,0.03,0.0,0.0,0.8,0.0,0.04,0.36,0.32,1.2,-216.0,-0.1277258566978193,0.0,0.495,0.242,0.263,,1.810166358947754,0.053864669312337,-5.972489169892015e-10,0,0.0,1.4181880140822753,Kenny Tete,Kenny Tete,Fulham
5970,0,0,1,0,0.0,152,0.0,0.0,0.0,1.6,369,3,0,1.6,15.6,2025-05-20,90,0,0,0,0,0,0,0,False,13,0,0,0,0,37,2,359240,1,1,3,0.0,1,-3628,8281,11909,4.6,False,0,0,0,0.0,90,Manchester City,Bournemouth,3,1,26970,2024,729327,0.0,0,0,0,0.0,0.3692788183689117,0.3692788183689117,Bournemouth,3,4,37,1.7,GK,0.0,0.0,0.0,0.0,0.98,1.0,0.0,2.1,21.4,0.0,0.0,90.0,0.0,0.0,0.0,0.0,0.0,2.0,1.0,1.0,0.0,2.0,0.0,0.0,0.0,0.0,0.0,0.0,0.0,0.0,0.0,0.12,0.12,3.5,0.0,0.0,0.0,0.0,1.64,1.0,0.0,3.1,31.0,0.0,0.0,90.0,0.0,0.0,0.0,0.0,0.0,3.33,1.0,1.33,0.67,2.67,0.0,0.0,0.0,0.0,0.0,0.0,0.0,0.0,0.0,0.06,0.06,2.77,0.4,0.0,0.0,0.0,1.27,0.6,0.0,2.88,28.88,0.0,0.0,90.0,0.0,0.0,0.0,0.0,0.0,3.4,1.0,0.8,0.6,5.0,0.0,0.0,0.0,0.0,0.0,0.0,0.0,0.0,0.0,0.19,0.19,2.62,-5753.0,-0.179692917285785,1.0,0.614,0.22,0.166,1.8415766174273256,1.4161066128737247,,,0,0.0,1.906,Kepa Arrizabalaga,Kepa,Bournemouth
5998,0,0,5,1,36.5,345,0.16,1.07,0.91,0.78,369,0,0,5.3,1.8,2025-05-20,68,0,0,0,0,0,0,0,False,3,0,0,0,0,37,0,1631567,1,1,3,15.0,3,-44896,59050,103946,9.6,True,0,0,3,0.7572335600852966,71,Manchester City,Bournemouth,3,1,26970,2024,729319,0.1215338930487632,0,2,0,0.7572335600852966,0.8963578343391418,0.1391242742538452,Manchester City,3,4,37,6.2,MID,1.0,0.81,1.18,0.37,0.1,0.0,0.0,12.4,18.0,80.6,25.0,90.0,0.0,0.0,0.0,0.0,0.0,0.0,1.0,0.0,0.0,3.0,0.0,5.0,0.36,0.24,0.0,0.0,4.0,0.0,0.36,0.39,0.23,5.8,0.67,0.47,0.75,0.28,0.75,0.33,0.33,11.33,26.67,63.7,23.0,87.67,0.0,0.0,0.0,0.0,0.0,0.0,1.0,0.33,1.0,5.33,0.33,2.33,0.32,0.19,0.0,0.0,3.33,0.33,0.32,0.41,0.15,7.43,0.6,0.38,0.68,0.3,0.99,0.6,0.4,10.22,28.36,51.26,22.4,87.2,0.0,0.0,0.0,0.0,0.0,0.0,1.0,1.0,1.6,6.2,0.4,3.0,0.42,0.38,0.2,0.2,2.8,0.4,0.42,0.9,0.38,6.26,-87719.0,-0.2754423421433655,3.0,0.614,0.22,0.166,,,0.0988681419615205,0.2219281936149242,0,0.0,3.160125290652375,Kevin De Bruyne,Kevin De Bruyne,Man City
6036,0,0,8,0,1.6,106,0.01,0.13,0.12,0.93,363,3,0,3.2,12.4,2025-05-18,75,0,0,0,0,0,0,0,False,9,0,0,0,0,37,0,406352,1,3,2,18.0,2,125875,135072,9197,5.2,True,0,0,1,0.0686064511537551,79,Brentford,Fulham,2,3,26964,2024,728504,0.0,0,0,0,0.0686064511537551,0.0686064511537551,0.0,Brentford,3,3,37,8.8,MID,1.0,0.07,0.39,0.32,0.09,0.0,1.0,12.8,42.2,21.8,64.0,71.0,0.0,0.0,0.0,0.0,0.0,0.0,1.0,1.0,0.0,11.0,1.0,2.0,0.4,0.16,0.0,0.0,2.0,1.0,0.4,0.35,0.12,9.3,0.67,0.05,0.72,0.67,0.65,0.33,1.33,11.97,49.07,11.87,58.67,69.67,0.0,0.0,0.0,0.0,0.0,0.0,1.0,2.0,1.33,11.0,1.33,2.33,0.79,0.07,0.0,0.0,1.0,1.33,0.79,0.63,0.05,5.17,0.4,0.05,0.52,0.47,0.85,0.8,0.8,8.56,32.12,10.34,43.0,77.0,0.0,0.0,0.0,0.0,0.2,0.0,1.0,1.8,1.8,7.2,0.8,2.0,0.59,0.1,0.0,0.0,0.8,0.8,0.59,0.55,0.03,3.5,120372.0,0.8725020621200674,2.0,0.495,0.242,0.263,,,0.1044577027025248,-5.689893001203925e-10,1,0.0,1.5222885118056562,Kevin Schade,Kevin Schade,Brentford
6112,0,0,5,0,0.0,378,0.0,0.0,0.0,0.0,365,0,0,0.3,3.0,2025-05-16,9,0,0,0,0,0,0,0,False,6,0,0,0,0,37,0,200521,0,0,1,0.0,1,-152,346,498,5.2,False,0,0,0,0.0,4,Chelsea,Manchester United,1,0,26966,2024,727560,0.0,0,0,0,0.0,0.0,0.0,Manchester United,2,4,37,1.8,MID,0.0,0.09,0.26,0.17,1.56,2.0,0.0,2.3,7.0,8.0,8.0,90.0,0.0,0.0,0.0,0.0,0.0,0.0,1.0,2.0,0.0,2.0,0.0,2.0,0.15,0.0,0.0,0.0,0.0,0.0,0.15,0.26,0.24,1.8,0.0,0.04,0.11,0.07,1.63,2.33,0.0,3.07,10.93,9.83,9.67,81.33,0.0,0.0,0.0,0.0,0.0,0.0,1.0,2.0,1.67,2.0,0.0,1.33,0.08,0.01,0.0,0.0,0.33,0.0,0.08,0.43,0.42,1.1,0.0,0.03,0.07,0.05,1.0,1.4,0.0,2.02,6.8,6.48,6.8,62.0,0.0,0.0,0.0,0.0,0.0,0.0,0.8,1.6,1.8,1.6,0.0,1.0,0.05,0.0,0.0,0.0,0.2,0.0,0.05,0.29,0.28,0.76,-76.0,-0.1800947867298578,1.0,0.659,0.19,0.152,,,0.0123020437924181,0.0108619858084051,0,0.0,2.0940961763873056,Kobbie Mainoo,Kobbie Mainoo,Man Utd
6164,0,0,6,0,2.3,337,0.02,0.02,0.0,2.2,364,3,0,1.4,9.6,2025-05-19,90,0,0,0,0,0,0,0,False,5,0,0,0,0,37,0,23544,1,2,3,2.0,1,-56,323,379,4.6,False,0,0,0,0.0,90,Brighton,Liverpool,3,2,26965,2024,729268,0.0,0,0,0,0.0,1.5324569940567017,1.5324569940567017,Liverpool,5,3,37,1.5,DEF,0.0,0.27,0.27,0.0,2.23,2.0,0.0,9.5,23.8,69.0,2.0,81.0,0.0,0.0,0.0,0.0,0.0,0.0,1.0,1.0,3.0,1.0,0.0,0.0,0.0,0.49,0.0,0.0,5.0,0.0,0.0,0.29,0.25,3.5,0.33,0.4,0.49,0.09,1.09,0.67,0.0,6.9,18.6,42.67,7.67,76.67,0.0,0.0,0.0,0.0,0.0,0.0,1.0,1.0,1.67,3.33,0.0,0.33,0.13,0.37,0.0,0.0,3.0,0.0,0.13,0.7,0.4,2.4,0.4,0.25,0.31,0.06,0.75,0.6,0.0,5.3,16.52,30.22,6.2,73.0,0.0,0.0,0.0,0.0,0.2,0.0,1.0,0.8,2.0,3.2,0.0,0.4,0.09,0.23,0.0,0.0,2.0,0.0,0.09,0.62,0.43,2.42,-149.0,-0.0797720797720797,1.0,0.363,0.252,0.385,,0.5897369384765625,0.00218112068402,-5.972489169892015e-10,0,0.0,1.7180867223123735,Konstantinos Tsimikas,Konstantinos Tsimikas,Liverpool
6196,0,0,-4,0,0.9,86,0.01,0.01,0.0,0.22,363,2,0,0.7,2.4,2025-05-18,27,0,0,0,0,0,0,0,False,9,0,0,0,0,37,0,23774,0,3,2,4.0,0,-585,99,684,4.4,True,0,0,0,0.0,23,Brentford,Fulham,2,3,26964,2024,728507,0.0,0,0,0,0.0,0.0,0.0,Brentford,3,3,37,0.0,DEF,0.0,0.0,0.0,0.0,0.26,2.0,0.0,0.1,0.6,0.7,0.0,9.0,0.0,0.0,0.0,0.0,0.0,0.0,0.0,3.0,4.0,0.0,0.0,0.0,0.0,0.0,0.0,0.0,0.0,0.0,0.0,0.0,0.0,0.8,0.0,0.0,0.0,0.0,0.46,1.0,0.0,0.7,3.2,3.9,0.0,13.0,0.0,0.0,0.0,0.0,0.33,0.0,0.0,2.33,2.67,0.33,0.0,0.0,0.0,0.01,0.0,0.0,0.33,0.0,0.0,0.04,0.04,1.1,0.2,0.01,0.03,0.02,0.62,0.8,0.0,1.24,5.84,2.64,3.8,37.8,0.0,0.0,0.0,0.0,0.2,0.0,0.4,1.6,1.8,1.8,0.0,0.2,0.01,0.0,0.0,0.0,0.2,0.0,0.01,0.03,0.02,1.16,-529.0,-0.7471264367816092,0.0,0.495,0.242,0.263,,0.4180644750595093,0.041802909464446,-5.972489169892015e-10,0,0.0,1.0418174549949293,Kristoffer Ajer,Kristoffer Ajer,Brentford
6294,0,0,11,1,15.8,23,0.05,0.1,0.05,1.64,361,0,0,3.9,12.4,2025-05-18,87,0,0,0,0,0,0,0,False,15,0,0,0,0,37,0,418031,1,0,1,11.0,3,-58221,9889,68110,6.8,True,0,0,1,0.1040164455771446,88,Arsenal,Newcastle United,1,0,26962,2024,728567,0.0600548759102821,0,1,0,0.1040164455771446,0.2685578763484955,0.2085030078887939,Arsenal,4,5,37,3.4,MID,0.0,0.37,0.67,0.3,2.19,2.0,0.0,8.2,27.0,29.8,25.0,77.0,0.0,0.0,0.0,0.0,0.0,0.0,1.0,2.0,2.0,7.0,0.0,2.0,0.17,0.69,1.0,1.0,2.0,0.0,0.17,0.99,0.14,8.2,0.0,0.19,0.55,0.36,1.64,2.0,0.33,7.07,22.53,16.57,31.67,85.67,0.0,0.0,0.0,0.0,0.0,0.0,1.0,2.0,1.67,5.67,0.33,2.33,0.43,0.27,0.33,0.33,1.0,0.33,0.43,0.56,0.12,11.03,0.2,0.19,0.51,0.32,1.06,1.4,0.6,7.8,27.68,16.26,34.0,86.0,0.0,0.0,0.0,0.0,0.0,0.0,1.0,2.2,1.2,7.0,0.6,2.8,0.34,0.2,0.2,0.2,1.0,0.6,0.34,0.51,0.15,10.0,-57183.0,-0.746432646572392,3.0,0.487,0.257,0.257,,,0.0611478570289132,0.0936261106870195,1,0.0,1.5866176172056248,Leandro Trossard,Leandro Trossard,Arsenal
6327,0,0,6,0,55.4,267,0.44,0.53,0.09,0.8,368,2,0,8.3,17.0,2025-05-18,90,0,0,0,0,0,0,0,False,11,0,0,0,0,37,0,101138,1,0,2,11.0,1,764,1833,1069,4.2,False,0,0,2,0.109888456761837,90,Leicester,Ipswich,2,0,26969,2024,728546,0.2348288297653198,0,4,0,0.109888456761837,0.4064957201480865,0.2827058136463165,Ipswich,2,1,37,0.2,DEF,0.0,0.0,0.0,0.0,1.31,4.0,0.0,0.0,0.0,0.2,0.0,31.0,0.0,0.0,0.0,1.0,0.0,0.0,1.0,4.0,0.0,-4.0,0.0,0.0,0.0,0.0,0.0,0.0,0.0,0.0,0.0,0.0,0.0,-1.7,0.0,0.0,0.0,0.0,1.14,2.0,0.0,0.67,3.47,3.43,0.0,33.67,0.0,0.0,0.0,0.33,0.0,0.0,0.67,2.67,1.0,-0.33,0.0,0.0,0.0,0.01,0.0,0.0,0.33,0.0,0.0,0.01,0.0,-0.5,0.0,0.08,0.09,0.01,1.64,2.2,0.0,2.3,6.48,16.22,0.4,56.2,0.0,0.0,0.0,0.2,0.0,0.0,0.8,2.4,1.2,0.2,0.0,0.4,0.01,0.13,0.0,0.0,1.2,0.0,0.01,0.13,0.03,-0.08,-12663.0,0.2632667126119917,1.0,0.411,0.263,0.326,,0.9158352613449096,0.0537949949140652,0.1891898380012076,0,0.0,1.4323394834880139,Leif Davis,Leif Davis,Ipswich
6373,0,0,5,0,1.0,28,0.0,0.0,0.0,0.0,362,0,0,0.5,2.0,2025-05-16,1,0,0,0,0,0,0,0,False,18,0,0,0,0,37,0,86901,0,0,2,2.0,1,1202,1744,542,6.2,True,0,0,0,0.0,1,Aston Villa,Tottenham,2,0,26963,2024,727515,0.0,0,0,0,0.0,0.0,0.0,Aston Villa,2,4,37,0.3,MID,0.0,0.04,0.16,0.12,0.12,0.0,0.0,0.7,0.0,1.6,7.0,45.0,0.0,0.0,0.0,0.0,0.0,0.0,1.0,1.0,0.0,1.0,0.0,2.0,0.15,0.0,0.0,0.0,0.0,0.0,0.15,0.09,0.0,0.4,0.0,0.02,0.11,0.09,0.76,1.0,0.0,2.13,2.6,1.07,18.33,34.33,0.0,0.0,0.0,0.0,0.33,0.0,0.33,1.0,2.0,0.67,0.0,1.33,0.16,0.0,0.0,0.0,0.0,0.0,0.16,0.14,0.0,0.33,0.2,0.04,0.13,0.09,0.66,0.8,0.0,2.7,3.36,5.84,18.2,42.4,0.0,0.0,0.0,0.0,0.2,0.0,0.4,0.8,1.8,1.2,0.0,1.6,0.15,0.02,0.0,0.0,0.4,0.0,0.15,0.25,0.09,1.08,-2518.0,0.5258092738407699,1.0,0.73,0.158,0.112,,,0.0062082495834783,-5.689893001203925e-10,0,0.0,1.0310412462104237,Leon Bailey,Leon Bailey,Aston Villa
6433,0,0,26,1,1.3,162,0.01,0.01,0.0,0.29,365,0,0,1.5,13.2,2025-05-16,90,0,0,0,0,0,0,0,False,14,0,0,0,0,37,0,286159,1,0,1,0.0,6,-3431,3138,6569,4.4,True,0,0,0,0.0,90,Chelsea,Manchester United,1,0,26966,2024,727536,0.0,0,0,0,0.0,1.0966557264328003,1.0966557264328003,Chelsea,2,4,37,3.5,DEF,0.0,0.0,0.0,0.0,1.57,2.0,0.0,2.1,19.8,1.0,0.0,90.0,0.0,0.0,0.0,0.0,1.0,0.0,1.0,0.0,2.0,0.0,0.0,0.0,0.0,0.0,0.0,0.0,0.0,0.0,0.0,0.37,0.37,1.7,0.33,0.0,0.0,0.0,1.02,1.0,0.0,2.07,18.67,0.63,1.33,90.0,0.0,0.0,0.0,0.0,0.33,0.0,1.0,0.33,2.0,2.67,0.0,0.0,0.0,0.0,0.0,0.0,0.0,0.0,0.0,0.29,0.29,1.07,0.2,0.02,0.14,0.12,0.88,1.2,0.0,3.26,16.76,6.02,9.8,90.0,0.0,0.0,0.0,0.0,0.4,0.0,1.0,1.0,1.8,2.0,0.0,1.2,0.11,0.02,0.0,0.0,0.4,0.0,0.11,0.41,0.34,1.04,-1990.0,-0.3534562686720923,6.0,0.659,0.19,0.152,,1.469681978225708,3.9846503874230166e-10,-5.972489169892015e-10,0,0.0,1.2650000005990436,Levi Colwill,Levi Colwill,Chelsea
6470,0,0,3,0,2.7,64,0.01,0.01,0.0,1.44,369,3,0,0.3,0.4,2025-05-20,72,0,0,0,0,0,0,0,False,13,0,0,0,1,37,0,17167,1,1,3,0.0,-1,-98,129,227,5.0,False,0,0,0,0.0,75,Manchester City,Bournemouth,3,1,26970,2024,729333,0.0,0,0,0,0.0,0.1292361915111541,0.1292361915111541,Bournemouth,3,4,37,0.5,MID,0.0,0.03,0.03,0.0,0.98,1.0,0.0,1.1,6.2,3.0,2.0,90.0,0.0,0.0,0.0,0.0,0.0,0.0,1.0,1.0,0.0,2.0,0.0,0.0,0.0,0.0,0.0,0.0,0.0,0.0,0.0,0.07,0.07,1.5,0.0,0.03,0.03,0.0,1.29,1.0,0.0,1.67,9.6,6.23,0.67,66.0,0.0,0.0,0.0,0.0,0.0,0.0,0.67,1.33,0.67,1.67,0.0,0.0,0.0,0.01,0.0,0.0,0.33,0.0,0.0,0.17,0.17,0.67,0.2,0.02,0.04,0.01,1.04,0.6,0.0,2.24,13.36,8.3,0.6,66.6,0.0,0.0,0.0,0.0,0.2,0.0,0.6,0.8,0.6,1.6,0.0,0.2,0.0,0.01,0.0,0.0,0.4,0.0,0.0,0.25,0.25,0.9,-83.0,-0.2752808988764045,-1.0,0.614,0.22,0.166,,,-6.725144885422194e-10,0.0014335891233614,1,0.0,1.0043007640075117,Lewis Cook,Lewis Cook,Bournemouth
6536,0,0,3,0,2.0,411,0.01,0.01,0.0,0.07,361,0,0,0.7,4.8,2025-05-18,27,0,0,0,0,0,0,0,False,1,0,0,0,0,37,0,2035,0,0,1,0.0,1,-11,22,33,5.0,False,0,0,0,0.0,27,Arsenal,Newcastle United,1,0,26962,2024,728586,0.0,0,0,0,0.0,0.0743556916713714,0.0743556916713714,Newcastle United,4,5,37,0.3,MID,0.0,0.01,0.01,0.0,0.17,0.0,0.0,0.6,2.8,1.0,2.0,35.0,0.0,0.0,0.0,0.0,0.0,0.0,0.0,0.0,2.0,1.0,0.0,0.0,0.0,0.0,0.0,0.0,0.0,0.0,0.0,0.0,0.0,0.9,0.0,0.07,0.07,0.0,0.16,0.0,0.0,0.67,2.73,3.13,0.67,21.0,0.0,0.0,0.0,0.0,0.0,0.0,0.0,0.33,3.0,1.0,0.0,0.0,0.0,0.0,0.0,0.0,0.0,0.0,0.0,0.07,0.07,0.3,0.0,0.04,0.04,0.0,0.14,0.0,0.0,0.46,2.12,1.94,0.4,17.8,0.0,0.0,0.0,0.0,0.0,0.0,0.0,1.0,2.2,1.0,0.0,0.0,0.0,0.0,0.0,0.0,0.0,0.0,0.0,0.04,0.04,0.68,4.0,-0.2,1.0,0.487,0.257,0.257,,,-6.725144885422194e-10,-5.689893001203925e-10,1,0.0,-5.069540343072276e-09,Lewis Miley,Lewis Miley,Newcastle
6572,0,0,1,0,0.0,268,0.0,0.0,0.0,0.07,368,0,0,0.0,0.0,2025-05-18,19,0,0,0,0,0,0,0,False,11,0,0,0,0,37,0,381121,0,0,2,0.0,1,26066,38446,12380,5.6,False,0,0,0,0.0,18,Leicester,Ipswich,2,0,26969,2024,728554,0.0,0,0,0,0.0,0.0,0.0,Ipswich,2,1,37,1.2,FWD,0.0,0.0,0.03,0.03,0.78,1.0,0.0,2.2,4.2,0.3,17.0,61.0,0.0,0.0,0.0,0.0,0.0,0.0,1.0,1.0,0.0,2.0,0.0,1.0,0.03,0.0,0.0,0.0,0.0,0.0,0.03,0.03,0.03,0.7,0.0,0.01,0.11,0.09,1.3,1.67,0.0,2.1,1.47,5.07,14.0,66.0,0.0,0.0,0.0,0.0,0.67,0.0,1.0,1.0,1.67,1.33,0.0,2.0,0.1,0.03,0.0,0.0,0.33,0.0,0.1,0.11,0.01,0.4,0.0,0.01,0.08,0.07,1.01,1.4,0.0,1.76,1.92,3.12,12.2,45.0,0.0,0.0,0.0,0.0,0.4,0.0,0.6,1.8,1.4,1.2,0.0,1.4,0.08,0.02,0.0,0.0,0.2,0.0,0.08,0.07,0.01,0.9,29210.0,0.5128477550859796,1.0,0.411,0.263,0.326,,,0.0230549023513753,0.0017154224314384,0,,2.0973658766998162,Liam Delap,Liam Delap,Ipswich
6605,0,0,0,0,0.0,404,0.0,0.0,0.0,0.0,361,0,0,0.0,0.0,2025-05-18,0,0,0,0,0,0,0,0,False,1,0,0,0,0,37,0,9889,0,0,1,0.0,0,-19,0,19,4.2,False,0,0,0,0.0,90,Juventus,Udinese,2,0,27731,2024,729001,0.0,0,0,0,0.0,0.1118275299668312,0.1118275299668312,Udinese,4,5,37,0.0,DEF,0.0,0.0,0.0,0.0,0.0,0.0,0.0,0.0,0.0,0.0,0.0,0.0,0.0,0.0,0.0,0.0,0.0,0.0,0.0,3.0,4.0,0.0,0.0,0.0,0.0,0.0,0.0,0.0,0.0,0.0,0.0,0.36,0.36,0.0,0.0,0.0,0.02,0.02,0.06,0.0,0.0,0.2,0.33,0.3,2.0,1.33,0.0,0.0,0.0,0.0,0.0,0.0,0.0,2.33,2.0,0.67,0.0,0.33,0.02,0.0,0.0,0.0,0.0,0.0,0.02,0.12,0.12,0.13,0.0,0.0,0.05,0.04,0.22,0.4,0.0,0.94,4.76,2.44,2.6,19.0,0.0,0.0,0.0,0.0,0.2,0.0,0.2,1.8,1.4,0.6,0.0,0.4,0.03,0.01,0.0,0.0,0.2,0.0,0.03,0.11,0.11,0.08,-1090.0,-1.0,,,,,,0.1103405952453613,0.0148411074349017,0.0014934650103988,0,0.0,1.0385270396406068,Lloyd Kelly,Lloyd Kelly,Newcastle
6700,0,0,1,0,1.3,327,0.04,0.06,0.02,1.19,364,2,0,1.4,0.4,2025-05-19,27,0,0,0,0,0,0,0,False,5,0,0,0,0,37,0,1962028,0,2,3,12.0,1,24879,65105,40226,7.5,False,0,0,1,0.0317763015627861,25,Brighton,Liverpool,3,2,26965,2024,729275,0.0,0,0,0,0.0317763015627861,0.0463994704186916,0.0146231697872281,Liverpool,5,3,37,5.0,MID,0.0,0.04,1.32,1.28,2.21,2.0,1.0,10.9,41.8,11.0,56.0,78.0,0.0,0.0,0.0,0.0,0.0,0.0,1.0,2.0,2.0,8.0,1.0,2.0,1.28,0.12,0.0,0.0,1.0,1.0,1.28,1.4,0.12,4.5,0.33,0.14,0.86,0.72,0.96,1.0,0.67,8.8,29.53,24.73,33.67,81.0,0.0,0.0,0.0,0.0,0.0,0.0,1.0,1.33,2.33,6.0,0.67,1.67,0.75,0.26,0.0,0.0,2.0,0.67,0.75,1.35,0.38,4.27,0.2,0.15,0.83,0.68,0.91,0.8,0.8,9.88,35.96,26.52,36.2,73.6,0.0,0.0,0.0,0.0,0.0,0.0,0.8,1.4,2.4,6.6,0.8,2.0,0.63,0.25,0.0,0.0,2.0,0.8,0.63,1.12,0.27,4.26,35456.0,0.2361982702148465,1.0,0.363,0.252,0.385,,,0.1098784572224522,0.0006994039309529,1,0.0,1.5514904979051196,Luis Díaz,Luis Díaz,Liverpool
6713,0,0,3,0,2.0,526,0.01,0.14,0.13,0.08,370,0,0,1.0,3.0,2025-05-18,11,0,0,0,0,0,0,0,False,16,0,0,0,0,37,0,2745,0,2,1,5.0,1,15,25,10,4.6,True,0,0,1,0.1228635162115097,5,West Ham,Nottingham Forest,1,2,26971,2024,728411,0.0,0,0,0,0.1228635162115097,0.2078869044780731,0.2078869044780731,West Ham,4,2,37,-0.3,MID,0.0,0.0,0.15,0.15,0.27,1.0,0.0,2.1,4.2,0.1,17.0,15.0,0.0,0.0,0.0,0.0,0.0,0.0,0.0,1.0,1.0,1.0,0.0,1.0,0.11,0.0,0.0,0.0,0.0,0.0,0.11,0.11,0.0,1.5,0.0,0.0,0.09,0.09,0.24,0.67,0.0,1.0,2.27,0.67,7.0,11.0,0.0,0.0,0.0,0.0,0.0,0.0,0.0,1.33,1.67,1.0,0.0,0.67,0.07,0.0,0.0,0.0,0.0,0.0,0.07,0.09,0.02,0.57,0.0,0.0,0.05,0.05,0.24,0.6,0.0,0.88,2.12,2.5,4.2,16.0,0.0,0.0,0.0,0.0,0.0,0.0,0.2,1.0,1.2,1.0,0.0,0.4,0.04,0.01,0.0,0.0,0.2,0.0,0.04,0.07,0.01,0.54,5.0,0.4285714285714285,1.0,0.343,0.286,0.37,,,0.1189834976760577,0.0002854695831735,0,0.0,1.595773897129809,Luis Guilherme Lira dos Santos,Luis Guilherme,West Ham
6732,0,0,9,0,0.8,387,0.0,0.0,0.0,0.82,365,1,0,0.1,0.6,2025-05-16,80,0,0,0,0,0,0,0,False,6,0,0,0,0,37,0,19923,1,0,1,0.0,2,-4,363,367,4.9,False,0,0,0,0.0,86,Chelsea,Manchester United,1,0,26966,2024,727549,0.0,0,0,0,0.0,0.1631859242916107,0.1631859242916107,Manchester United,2,4,37,0.5,DEF,0.0,0.01,0.01,0.0,0.92,1.0,0.0,0.4,3.0,1.3,0.0,51.0,0.0,0.0,0.0,0.0,0.0,0.0,1.0,2.0,0.0,1.0,0.0,0.0,0.0,0.0,0.0,0.0,0.0,0.0,0.0,0.05,0.05,0.0,0.0,0.2,0.21,0.01,0.83,1.33,0.0,2.53,8.33,13.47,3.67,62.0,0.33,0.0,0.0,0.0,0.33,0.0,1.0,2.0,1.67,0.0,0.0,0.33,0.01,0.1,0.0,0.0,1.0,0.0,0.01,0.23,0.13,0.0,0.0,0.15,0.16,0.01,0.55,0.8,0.0,2.3,7.84,13.04,2.2,46.4,0.2,0.0,0.0,0.0,0.2,0.0,0.6,1.4,2.6,0.4,0.0,0.2,0.01,0.11,0.0,0.0,1.0,0.0,0.01,0.21,0.1,0.1,-167.0,-0.0054794520547945,2.0,0.659,0.19,0.152,,0.5139650106430054,0.0006444064325468,-5.972489169892015e-10,0,0.0,1.746866436803534,Luke Shaw,Luke Shaw,Man Utd
6745,0,0,28,1,1.0,305,0.0,0.0,0.0,1.41,368,0,0,1.6,15.0,2025-05-18,90,0,0,0,0,0,0,0,False,10,0,0,0,0,37,0,162903,1,0,2,0.0,6,-708,1109,1817,3.9,True,0,0,0,0.0,90,Leicester,Ipswich,2,0,26969,2024,728530,0.0,0,0,0,0.0,0.1618564873933792,0.1618564873933792,Leicester,2,1,37,3.2,DEF,0.0,0.17,0.17,0.0,1.23,2.0,0.0,2.5,5.6,14.9,4.0,76.0,0.0,0.0,0.0,0.0,1.0,0.0,1.0,2.0,2.0,0.0,0.0,0.0,0.0,0.06,0.0,0.0,1.0,0.0,0.0,0.06,0.0,1.2,0.33,0.07,0.15,0.08,1.26,1.67,0.0,3.7,12.8,19.43,4.67,85.33,0.0,0.0,0.0,0.0,0.33,0.0,1.0,0.67,2.33,2.33,0.0,0.67,0.07,0.08,0.0,0.0,1.33,0.0,0.07,0.28,0.19,1.23,0.2,0.06,0.12,0.06,2.01,1.6,0.0,3.42,14.36,15.48,4.4,81.2,0.0,0.0,0.0,0.0,0.2,0.0,1.0,1.0,1.8,2.0,0.0,0.6,0.06,0.06,0.0,0.0,1.0,0.0,0.06,0.18,0.13,0.64,-684.0,-0.2419685577580314,6.0,0.411,0.263,0.326,,1.1051430702209473,3.9846503874230166e-10,-5.972489169892015e-10,0,1.0,5.4470000005990435,Luke Thomas,Luke Thomas,Leicester
6841,0,0,6,0,0.0,171,0.0,0.0,0.0,0.0,365,0,0,0.4,4.2,2025-05-16,1,0,0,0,0,0,0,0,False,14,0,0,0,0,37,0,160782,0,0,1,0.0,1,-8,1285,1293,4.9,True,0,0,0,0.0,1,Chelsea,Manchester United,1,0,26966,2024,727546,0.0,0,0,0,0.0,0.0,0.0,Chelsea,2,4,37,0.8,DEF,0.0,0.09,0.09,0.0,0.01,1.0,0.0,2.4,8.2,15.9,0.0,15.0,0.0,0.0,0.0,0.0,0.0,0.0,0.0,0.0,2.0,1.0,0.0,0.0,0.0,0.2,0.0,0.0,1.0,0.0,0.0,0.24,0.04,0.3,0.0,0.04,0.05,0.01,0.1,0.67,0.0,2.1,6.93,10.47,3.67,23.33,0.0,0.0,0.0,0.0,0.0,0.0,0.0,1.0,2.0,1.0,0.0,0.33,0.01,0.09,0.0,0.0,0.67,0.0,0.01,0.17,0.07,1.3,0.2,0.09,0.09,0.01,0.38,0.4,0.0,3.22,9.2,19.4,3.6,41.0,0.0,0.0,0.0,0.0,0.2,0.0,0.2,1.0,1.6,1.8,0.0,0.4,0.01,0.09,0.0,0.0,1.2,0.0,0.01,0.27,0.21,1.82,268.0,-0.0031031807602792,1.0,0.659,0.19,0.152,,-0.0384764671325683,0.000135436127667,-5.972489169892015e-10,0,0.0,1.0198126149742552,Malo Gusto,Malo Gusto,Chelsea
6867,0,0,11,0,2.0,340,0.01,0.01,0.0,1.06,369,1,0,1.5,11.4,2025-05-20,90,0,0,0,0,0,0,0,False,3,0,0,0,0,37,0,261108,1,1,3,2.0,2,3321,3935,614,5.3,True,0,0,0,0.0,90,Manchester City,Bournemouth,3,1,26970,2024,729314,0.0,0,0,0,0.0,0.0347910448908805,0.0347910448908805,Manchester City,3,4,37,3.5,DEF,1.0,0.18,0.64,0.46,0.1,0.0,0.0,6.2,17.2,12.2,33.0,90.0,0.0,0.0,0.0,0.0,0.0,0.0,1.0,0.0,0.0,6.0,0.0,4.0,0.27,0.0,0.0,0.0,0.0,0.0,0.27,0.35,0.33,3.2,0.33,0.06,0.22,0.15,0.03,0.0,0.0,2.43,8.93,4.4,11.0,41.0,0.0,0.0,0.0,0.0,0.0,0.0,0.33,0.33,1.0,2.67,0.0,1.33,0.09,0.0,0.0,0.0,0.0,0.0,0.09,0.16,0.15,1.97,0.2,0.04,0.17,0.12,0.23,1.0,0.0,1.8,6.08,4.06,8.0,43.0,0.0,0.0,0.0,0.0,0.0,0.0,0.4,0.8,1.6,1.8,0.0,1.0,0.07,0.0,0.0,0.0,0.0,0.0,0.07,0.12,0.12,1.9,3589.0,0.7300505605627611,2.0,0.614,0.22,0.166,,1.35343599319458,0.0068995944810159,-5.972489169892015e-10,0,0.0,0.3643975650943485,Manuel Akanji,Manuel Akanji,Man City
6897,0,0,2,0,1.5,652,0.01,0.01,0.0,0.26,365,1,0,0.3,1.4,2025-05-16,20,0,0,0,0,0,0,0,False,6,0,0,0,0,37,0,12608,0,0,1,0.0,0,-125,228,353,4.9,False,1,0,0,0.0,15,Chelsea,Manchester United,1,0,26966,2024,727559,0.0,0,0,0,0.0,0.0577558502554893,0.0577558502554893,Manchester United,2,4,37,2.2,MID,0.0,0.02,0.02,0.0,1.28,2.0,0.0,0.4,1.8,2.5,0.0,58.0,0.0,0.0,0.0,0.0,0.0,0.0,1.0,2.0,0.0,1.0,0.0,0.0,0.0,0.0,0.0,0.0,0.0,0.0,0.0,0.12,0.12,2.5,0.0,0.02,0.09,0.07,1.36,2.0,0.0,4.13,19.33,14.4,7.67,57.67,0.0,0.0,0.0,0.0,0.33,0.0,0.67,2.0,1.67,3.0,0.0,1.0,0.06,0.16,0.67,0.67,1.0,0.0,0.06,0.31,0.12,1.67,0.0,0.02,0.07,0.05,1.28,2.0,0.0,3.32,16.6,10.22,6.4,64.2,0.0,0.0,0.0,0.0,0.4,0.0,0.8,1.6,1.8,2.2,0.0,1.0,0.04,0.09,0.4,0.4,0.6,0.0,0.04,0.25,0.12,1.3,-95.0,-0.2151462994836488,0.0,0.659,0.19,0.152,,,-6.725144885422194e-10,-5.689893001203925e-10,1,0.0,-5.069540343072276e-09,Manuel Ugarte,Manuel Ugarte,Man Utd
7004,0,0,9,0,23.4,83,0.06,0.08,0.02,1.6,369,3,0,3.6,6.4,2025-05-20,90,0,0,0,0,0,0,0,False,13,0,0,0,0,37,0,23985,1,1,3,6.0,1,-110,284,394,5.4,False,1,0,1,0.0162514299154281,90,Manchester City,Bournemouth,3,1,26970,2024,729336,0.3146710097789764,0,1,0,0.0162514299154281,0.4601586163043976,0.4439072012901306,Bournemouth,3,4,37,1.7,MID,0.0,0.09,0.1,0.01,0.98,1.0,0.0,3.4,9.0,20.6,4.0,90.0,0.0,0.0,0.0,0.0,0.0,0.0,1.0,1.0,0.0,2.0,0.0,1.0,0.01,0.29,0.0,0.0,1.0,0.0,0.01,0.41,0.41,2.2,0.0,0.12,0.16,0.04,1.29,1.0,0.0,2.3,7.47,10.83,4.33,66.0,0.0,0.0,0.0,0.0,0.0,0.0,0.67,1.33,0.67,2.67,0.0,1.0,0.04,0.1,0.33,0.0,0.33,0.0,0.04,0.16,0.14,1.07,0.0,0.08,0.11,0.03,0.87,0.6,0.0,1.62,4.68,7.6,3.8,50.4,0.0,0.0,0.0,0.0,0.0,0.0,0.4,0.8,0.6,2.0,0.0,0.8,0.03,0.06,0.2,0.0,0.2,0.0,0.03,0.1,0.09,0.74,-109.0,-0.1622418879056047,1.0,0.614,0.22,0.166,,,0.0499798006794363,0.0920080555746731,0,0.0,2.5259231701212004,Marcus Tavernier,Marcus Tavernier,Bournemouth
7058,0,0,5,0,0.0,91,0.0,0.0,0.0,0.99,363,3,0,2.7,26.6,2025-05-18,90,0,0,0,0,0,0,0,False,9,0,0,0,0,37,4,1160809,1,3,2,0.0,2,22695,36955,14260,4.5,True,0,0,0,0.0,90,Brentford,Fulham,2,3,26964,2024,728495,0.0,0,0,0,0.0,0.0,0.0,Brentford,3,3,37,6.2,GK,1.0,0.0,0.0,0.0,0.93,0.0,0.0,3.6,35.6,0.0,0.0,90.0,0.0,0.0,0.0,0.0,0.0,4.0,1.0,1.0,0.0,9.0,0.0,0.0,0.0,0.0,0.0,0.0,0.0,0.0,0.0,0.0,0.0,6.5,0.67,0.0,0.0,0.0,1.15,1.0,0.0,3.87,35.27,3.33,0.0,90.0,0.0,0.0,0.0,0.0,0.0,3.67,1.0,2.0,1.33,7.67,0.0,0.0,0.0,0.07,0.33,0.33,0.33,0.0,0.0,0.44,0.37,3.57,0.4,0.0,0.0,0.0,1.17,1.2,0.0,3.12,29.28,2.0,0.0,90.0,0.0,0.0,0.0,0.0,0.0,2.8,1.0,1.8,1.8,5.2,0.0,0.0,0.0,0.04,0.2,0.2,0.2,0.0,0.0,0.33,0.29,2.84,17865.0,0.4431318949526506,2.0,0.495,0.242,0.263,3.085727735598348,1.3200304676005548,,,0,0.0,2.3689999999999998,Mark Flekken,Mark Flekken,Brentford
7105,1,0,21,1,46.1,13,0.04,0.07,0.03,1.64,361,0,0,8.0,24.6,2025-05-18,90,0,0,0,0,0,0,0,False,15,0,0,0,0,37,0,583809,1,0,1,9.0,6,8127,14826,6699,8.2,True,0,0,1,0.0216454714536666,90,Arsenal,Newcastle United,1,0,26962,2024,728564,0.1753203421831131,1,4,0,0.0216454714536666,0.2793367803096771,0.1040164455771446,Arsenal,4,5,37,6.8,MID,0.0,0.16,0.32,0.16,2.56,2.0,0.0,7.4,11.8,39.5,23.0,90.0,0.0,0.0,0.0,0.0,0.0,0.0,1.0,2.0,2.0,5.0,0.0,3.0,0.14,0.32,1.0,0.0,2.0,0.0,0.14,0.62,0.48,6.0,0.0,0.18,0.31,0.13,1.73,2.0,0.0,6.1,18.0,29.87,13.0,88.33,0.0,0.0,0.0,0.0,0.0,0.0,1.0,2.0,1.67,6.0,0.0,2.33,0.12,0.36,1.0,0.67,1.67,0.0,0.12,0.7,0.4,6.63,0.2,0.23,0.33,0.1,1.09,1.4,0.0,7.74,19.68,38.42,19.2,76.6,0.0,0.0,0.0,0.0,0.2,0.0,0.8,2.2,1.2,4.8,0.0,2.0,0.09,0.3,0.8,0.6,2.4,0.0,0.09,0.62,0.42,5.6,10288.0,0.3775609756097561,6.0,0.487,0.257,0.257,,,0.0602484074836133,0.3036275941149799,1,0.0,2.212124819763006,Martin Ødegaard,Martin Odegaard,Arsenal
7123,0,0,4,1,1.5,382,0.01,0.22,0.21,0.55,365,0,0,1.3,3.0,2025-05-16,69,0,0,0,0,0,0,0,False,6,0,0,0,0,37,0,22875,1,0,1,8.0,3,469,2986,2517,6.3,False,0,0,2,0.1882593184709549,75,Chelsea,Manchester United,1,0,26966,2024,727555,0.0,0,0,0,0.1882593184709549,0.2645595669746399,0.076300248503685,Manchester United,2,4,37,2.8,MID,0.0,0.2,0.26,0.06,1.28,2.0,0.0,6.1,14.0,27.8,19.0,58.0,0.0,0.0,0.0,0.0,0.0,0.0,1.0,2.0,0.0,1.0,0.0,1.0,0.06,0.08,0.0,0.0,2.0,0.0,0.06,0.15,0.02,2.2,0.0,0.1,0.47,0.38,0.77,1.33,0.33,5.6,18.33,13.03,24.33,46.33,0.0,0.0,0.0,0.0,0.0,0.0,0.67,2.0,1.67,2.67,0.33,2.0,0.23,0.03,0.0,0.0,0.67,0.33,0.23,0.3,0.05,1.47,0.0,0.07,0.41,0.34,0.67,1.4,0.2,3.9,12.08,8.7,19.0,41.0,0.0,0.0,0.0,0.0,0.0,0.0,0.4,1.6,1.8,2.0,0.2,1.8,0.27,0.02,0.0,0.0,0.4,0.2,0.27,0.35,0.06,1.04,-171.0,0.0852262402326004,3.0,0.659,0.19,0.152,,,0.0684819144126782,-5.689893001203925e-10,0,0.0,1.3424095703564232,Mason Mount,Mason Mount,Man Utd
7134,0,0,5,0,0.0,277,0.0,0.0,0.0,0.04,368,0,0,0.2,2.2,2025-05-18,2,0,0,0,0,0,0,0,False,11,0,0,0,0,37,0,23297,0,0,2,0.0,1,34,252,218,4.3,False,0,0,0,0.0,1,Leicester,Ipswich,2,0,26969,2024,728553,0.0,0,0,0,0.0,0.0,0.0,Ipswich,2,1,37,0.5,MID,0.0,0.0,0.0,0.0,0.2,0.0,0.0,0.1,0.4,0.8,0.0,4.0,0.0,0.0,0.0,0.0,0.0,0.0,0.0,0.0,3.0,1.0,0.0,0.0,0.0,0.0,0.0,0.0,0.0,0.0,0.0,0.0,0.0,0.0,0.0,0.0,0.0,0.0,0.36,0.33,0.0,0.03,0.13,0.27,0.0,7.33,0.0,0.0,0.0,0.0,0.0,0.0,0.0,1.67,1.33,1.0,0.0,0.0,0.0,0.0,0.0,0.0,0.0,0.0,0.0,0.0,0.0,-0.33,0.0,0.0,0.0,0.0,0.38,0.4,0.0,0.22,1.32,0.42,0.4,9.8,0.0,0.0,0.0,0.0,0.0,0.0,0.0,2.6,1.0,1.0,0.0,0.0,0.0,0.0,0.0,0.0,0.0,0.0,0.0,0.0,0.0,-0.24,145.0,0.0723404255319148,1.0,0.411,0.263,0.326,,,0.0755380263900935,0.0274216540657064,0,0.0,1.4599550941475867,Massimo Luongo,Massimo Luongo,Ipswich
7166,1,0,15,0,25.3,354,0.08,0.12,0.04,0.78,369,1,0,5.4,27.6,2025-05-20,66,0,0,0,0,0,0,0,False,3,0,0,0,1,37,0,158574,1,1,3,1.0,2,-2931,2321,5252,5.4,True,0,0,1,0.0135327484458684,69,Manchester City,Bournemouth,3,1,26970,2024,729316,0.0496766120195388,1,2,0,0.0135327484458684,1.2116928100585938,1.1981600522994995,Manchester City,3,4,37,3.2,MID,1.0,0.11,0.22,0.11,0.1,0.0,0.0,5.2,13.8,30.4,8.0,83.0,0.0,0.0,0.0,0.0,0.0,0.0,1.0,0.0,0.0,3.0,0.0,3.0,0.06,0.06,0.0,0.0,2.0,0.0,0.06,0.27,0.18,4.5,0.67,0.07,0.14,0.07,0.75,0.33,0.0,4.5,15.93,20.13,9.0,87.67,0.0,0.0,0.0,0.0,0.0,0.0,1.0,0.33,1.0,2.67,0.0,2.67,0.06,0.02,0.0,0.0,1.0,0.0,0.06,0.33,0.29,6.53,0.4,0.08,0.16,0.08,0.82,0.6,0.4,5.24,24.92,17.0,10.6,72.2,0.0,0.0,0.0,0.0,0.0,0.0,0.8,1.0,1.6,4.8,0.4,2.2,0.07,0.07,0.0,0.0,0.8,0.4,0.07,0.76,0.67,5.8,-3277.0,-0.3870328799683085,2.0,0.614,0.22,0.166,,,0.0299867997894367,0.2276951573896035,0,0.0,2.833019471115994,Mateo Kovačić,Mateo Kovacic,Man City
7201,0,0,8,0,7.8,623,0.12,0.15,0.03,2.73,367,2,0,1.9,10.0,2025-05-18,90,0,0,0,0,0,0,0,False,8,0,0,0,0,37,0,8951,1,0,2,1.0,2,-480,878,1358,5.0,False,0,0,1,0.0202998295426368,90,Everton,Southampton,2,0,26968,2024,728299,0.0,0,0,0,0.0202998295426368,0.7509797215461731,0.7509797215461731,Southampton,1,3,37,1.5,MID,1.0,0.12,0.19,0.07,1.82,0.0,0.0,2.0,11.0,1.9,7.0,90.0,0.0,0.0,0.0,0.0,0.0,0.0,1.0,0.0,0.0,3.0,0.0,1.0,0.11,0.0,0.0,0.0,0.0,0.0,0.11,0.11,0.11,1.0,0.33,0.07,0.11,0.04,1.54,1.0,0.0,3.13,16.93,8.0,6.33,77.0,0.0,0.0,0.0,0.0,0.0,0.0,1.0,0.67,1.0,2.0,0.0,1.0,0.06,0.02,0.0,0.0,0.33,0.0,0.06,0.19,0.16,0.83,0.2,0.07,0.1,0.03,1.54,1.2,0.0,3.24,13.08,13.64,5.6,81.8,0.0,0.0,0.0,0.0,0.2,0.0,1.0,1.2,0.8,1.8,0.0,0.8,0.04,0.04,0.0,0.0,0.8,0.0,0.04,0.14,0.1,1.4,-341.0,-0.2146690518783542,2.0,0.675,0.199,0.126,,,0.0222448360947009,-5.689893001203925e-10,1,0.0,1.1112241787665367,Mateus Gonçalo Espanha Fernandes,Gonçalo Guedes,Southampton
7205,0,0,5,0,0.3,208,0.01,0.08,0.07,0.33,366,0,0,3.7,11.8,2025-05-20,27,0,0,0,0,0,0,0,False,20,0,0,0,0,37,0,24970,0,2,4,25.0,1,-180,37,217,4.4,True,0,0,2,0.1529428511857986,24,Crystal Palace,Wolverhampton Wanderers,4,2,26967,2024,729290,0.0,0,0,0,0.1529428511857986,0.1922241747379303,0.0392813235521316,Crystal Palace,3,3,37,0.3,MID,0.0,0.16,0.22,0.06,0.07,0.0,0.0,2.5,5.2,0.3,19.0,10.0,0.0,0.0,0.0,0.0,0.0,0.0,0.0,2.0,5.0,1.0,0.0,1.0,0.05,0.0,0.0,0.0,0.0,0.0,0.05,0.05,0.0,0.0,,,,,,,,,,,,,,,,,,,,,,,,,,,,,,,,,,,,,,,,,,,,,,,,,,,,,,,,,,,,,,,,,,,,,-1175.0,-0.7086614173228346,1.0,0.419,0.286,0.295,,,0.2042132429095762,-5.689893001203925e-10,0,1.0,2.021066212840913,Matheus França de Oliveira,Matheus Cunha,Crystal Palace
7231,1,0,18,0,18.2,356,0.16,0.18,0.02,1.06,369,1,0,4.2,21.0,2025-05-20,90,0,0,0,0,0,0,0,False,3,0,0,0,0,37,0,18229,1,1,3,3.0,5,-1836,694,2530,4.9,True,0,0,1,0.0172006618231534,90,Manchester City,Bournemouth,3,1,26970,2024,729312,0.1393769681453704,1,1,0,0.0172006618231534,0.3481042981147766,0.3309036195278168,Manchester City,3,4,37,3.2,MID,1.0,0.03,0.03,0.0,0.4,0.0,0.0,2.6,15.6,8.6,2.0,90.0,0.0,0.0,0.0,0.0,0.0,0.0,1.0,0.0,1.0,3.0,0.0,0.0,0.0,0.0,0.0,0.0,0.0,0.0,0.0,0.24,0.24,5.3,0.67,0.2,0.33,0.13,1.02,0.33,0.33,5.73,30.0,12.07,15.33,90.0,0.0,0.0,0.0,0.0,0.33,0.0,1.0,1.0,1.0,6.33,0.33,0.67,0.1,0.24,0.33,0.33,0.33,0.33,0.1,0.51,0.41,8.3,0.8,0.15,0.22,0.08,0.81,0.2,0.2,4.36,20.64,13.44,9.6,90.0,0.0,0.0,0.0,0.0,0.2,0.0,1.0,0.6,1.0,5.0,0.2,0.4,0.06,0.15,0.2,0.2,0.4,0.2,0.06,0.45,0.38,5.92,1782.0,-0.5694789081885856,5.0,0.614,0.22,0.166,,,0.0390871685085545,0.0930395903441982,1,0.0,1.4745546135753673,Matheus Luiz Nunes,Matheus Nunes,Man City
7264,0,0,8,0,25.3,541,0.03,0.24,0.21,0.56,366,1,0,5.4,7.4,2025-05-20,23,0,0,0,0,0,0,0,False,7,0,0,0,0,37,0,1612141,0,2,4,21.0,1,-116963,71134,188097,7.1,False,0,0,3,0.1667217910289764,20,Crystal Palace,Wolverhampton Wanderers,4,2,26967,2024,729306,0.0548914149403572,0,2,0,0.1667217910289764,0.0626338049769401,0.0,Wolverhampton Wanderers,3,3,37,4.5,FWD,0.0,0.16,0.27,0.11,0.91,1.0,0.0,4.4,0.0,28.6,16.0,58.0,0.0,0.0,0.0,0.0,1.0,0.0,1.0,2.0,0.0,0.0,0.0,2.0,0.05,0.41,0.0,0.0,2.0,0.0,0.05,0.15,0.1,6.2,0.33,0.16,0.41,0.25,0.91,0.67,0.33,9.2,28.6,32.83,32.0,76.67,0.0,0.0,0.0,0.0,0.33,0.0,1.0,0.67,1.33,5.67,0.33,3.33,0.26,0.3,0.67,0.67,2.33,0.33,0.26,0.48,0.21,4.57,0.4,0.15,0.41,0.26,0.98,0.6,0.4,8.08,27.8,28.72,25.0,68.0,0.0,0.0,0.0,0.0,0.2,0.0,0.8,1.0,1.6,6.4,0.4,2.6,0.25,0.2,0.6,0.4,2.0,0.4,0.25,0.38,0.12,3.5,-129798.0,-0.4511921799476143,1.0,0.419,0.286,0.295,,,0.172391933359796,0.1115616640680128,0,,3.024252725643222,,,
7288,0,0,3,0,15.0,95,0.09,0.09,0.0,0.07,363,0,0,2.0,5.2,2025-05-18,15,0,0,0,0,0,0,0,False,9,0,0,0,0,37,0,7267,0,3,2,0.0,1,-19,109,128,5.3,True,0,0,0,0.0,11,Brentford,Fulham,2,3,26964,2024,728506,0.0706579759716987,0,1,0,0.0,0.0706579759716987,0.0,Brentford,3,3,37,1.0,MID,0.0,0.0,0.0,0.0,0.84,0.0,0.0,0.2,2.2,0.0,0.0,18.0,0.0,0.0,0.0,0.0,0.0,0.0,0.0,1.0,0.0,1.0,0.0,0.0,0.0,0.0,0.0,0.0,0.0,0.0,0.0,0.0,0.0,2.0,0.0,0.09,0.09,0.0,0.51,0.67,0.0,0.4,2.67,1.5,0.0,20.67,0.0,0.0,0.0,0.0,0.0,0.0,0.0,2.0,1.33,1.0,0.0,0.0,0.0,0.0,0.0,0.0,0.0,0.0,0.0,0.24,0.24,1.17,0.0,0.08,0.08,0.0,0.52,0.6,0.0,1.1,7.2,3.92,0.0,17.2,0.0,0.0,0.0,0.0,0.2,0.0,0.0,1.8,1.8,1.4,0.0,0.0,0.0,0.08,0.2,0.2,0.2,0.0,0.0,0.16,0.16,0.94,-40.0,-0.080168776371308,1.0,0.495,0.242,0.263,,,-6.725144885422194e-10,0.0557374448316851,1,0.0,0.1672123311324829,Mathias Jensen,Mathias Jensen,Brentford
7313,0,0,15,0,12.3,149,0.02,0.02,0.0,2.24,364,2,0,4.5,23.0,2025-05-19,90,0,0,0,0,0,0,0,False,12,0,0,0,0,37,0,6271,1,2,3,10.0,2,170,264,94,4.7,True,0,0,0,0.0,90,Brighton,Liverpool,3,2,26965,2024,729249,0.0474716983735561,0,1,0,0.0,0.4491046965122223,0.4491046965122223,Brighton,5,3,37,2.0,MID,1.0,0.08,0.08,0.0,0.91,0.0,0.0,3.7,32.2,2.6,2.0,90.0,0.0,0.0,0.0,0.0,1.0,0.0,1.0,2.0,0.0,5.0,0.0,0.0,0.0,0.0,1.0,0.0,0.0,0.0,0.0,0.05,0.05,4.0,0.33,0.05,0.12,0.07,0.81,0.67,0.0,5.1,26.0,10.6,14.0,77.67,0.0,0.0,0.0,0.0,0.67,0.0,1.0,1.67,1.33,3.33,0.0,0.67,0.1,0.04,0.67,0.33,0.67,0.0,0.1,0.26,0.21,2.1,0.2,0.13,0.18,0.06,0.87,1.0,0.0,5.04,24.48,14.82,10.8,64.4,0.0,0.0,0.0,0.0,0.4,0.0,0.8,1.6,2.0,3.4,0.0,0.6,0.07,0.13,0.6,0.4,1.0,0.0,0.07,0.27,0.21,1.8,192.0,0.4748603351955307,2.0,0.363,0.252,0.385,,,0.0565068142451385,0.0814262728497352,1,0.0,1.5268128897748983,Mats Wieffer,Mats Wieffer,Brighton
7364,1,0,15,0,15.0,629,0.41,0.41,0.0,0.21,364,0,0,4.2,18.6,2025-05-19,17,0,0,0,0,0,0,0,False,12,0,0,0,0,37,0,5388,0,2,3,8.0,4,-364,83,447,5.5,True,0,0,0,0.0,15,Brighton,Liverpool,3,2,26965,2024,729259,0.5709621906280518,1,1,0,0.0,0.5853235721588135,0.0143614057451486,Brighton,5,3,37,1.2,MID,0.0,0.03,0.1,0.07,0.83,0.0,0.0,3.7,6.6,25.1,5.0,58.0,0.0,0.0,0.0,0.0,0.0,0.0,1.0,2.0,0.0,1.0,0.0,1.0,0.07,0.06,0.0,0.0,2.0,0.0,0.07,0.12,0.0,1.8,0.0,0.07,0.11,0.04,1.14,0.67,0.0,4.57,6.33,28.0,11.33,76.33,0.0,0.0,0.0,0.0,0.0,0.0,1.0,1.67,1.33,1.67,0.0,0.67,0.04,0.17,0.0,0.0,2.0,0.0,0.04,0.12,0.01,1.37,0.0,0.07,0.23,0.16,1.15,1.2,0.0,4.76,5.28,26.0,16.2,72.4,0.0,0.0,0.0,0.0,0.0,0.0,1.0,1.8,2.0,2.4,0.0,1.4,0.21,0.12,0.2,0.0,1.6,0.0,0.21,0.28,0.04,1.32,-349.0,-0.6867924528301886,4.0,0.363,0.252,0.385,,,0.0444395997610513,0.1202233027339001,0,0.0,2.582867907006957,Matt O'Riley,Matt O'Riley,Brighton
7422,0,0,24,1,4.8,32,0.02,0.08,0.06,0.51,362,0,0,2.0,9.8,2025-05-16,90,0,0,0,0,0,0,0,False,18,0,0,0,0,37,0,175949,1,0,2,5.0,5,31689,33512,1823,4.4,True,1,0,1,0.0432969816029071,90,Aston Villa,Tottenham,2,0,26963,2024,727505,0.0,0,0,0,0.0432969816029071,0.6293618083000183,0.5860648155212402,Aston Villa,2,4,37,6.0,DEF,1.0,0.0,0.04,0.04,0.8,0.0,0.0,3.8,20.2,0.6,17.0,90.0,0.0,0.0,0.0,0.0,0.0,0.0,1.0,1.0,0.0,6.0,0.0,1.0,0.02,0.0,0.0,0.0,0.0,0.0,0.02,0.56,0.54,4.2,0.67,0.01,0.02,0.01,0.81,0.33,0.0,2.67,14.13,6.1,6.33,80.0,0.0,0.0,0.0,0.0,0.0,0.0,1.0,0.67,1.0,5.0,0.0,0.33,0.01,0.0,0.0,0.0,0.0,0.0,0.01,0.26,0.25,4.6,0.6,0.02,0.04,0.02,0.73,0.4,0.0,2.4,13.24,5.0,5.6,82.8,0.0,0.0,0.0,0.0,0.0,0.0,1.0,1.2,1.4,4.6,0.0,0.6,0.01,0.0,0.0,0.0,0.0,0.0,0.01,0.26,0.25,3.84,35381.0,0.8968161879156643,5.0,0.73,0.158,0.112,,0.7540543079376221,0.0557318855932649,-5.972489169892015e-10,0,0.0,1.9573913117678428,Matty Cash,Matthew Cash,Aston Villa
7460,0,0,10,0,0.0,443,0.0,0.0,0.0,1.13,370,1,0,3.4,33.8,2025-05-18,90,0,0,0,0,0,0,0,False,19,0,0,0,0,37,4,2384105,1,2,1,0.0,3,-31069,21127,52196,5.2,False,0,0,0,0.0,90,West Ham,Nottingham Forest,1,2,26971,2024,728416,0.0,0,0,0,0.0,0.0,0.0,Nottingham Forest,4,2,37,2.3,GK,0.0,0.0,0.0,0.0,1.07,2.0,0.0,2.8,28.2,0.0,0.0,90.0,0.0,0.0,0.0,0.0,0.0,4.0,1.0,2.0,2.0,2.0,0.0,0.0,0.0,0.0,0.0,0.0,0.0,0.0,0.0,0.06,0.06,2.5,0.0,0.0,0.0,0.0,1.76,1.67,0.0,1.73,17.4,0.0,0.0,90.0,0.0,0.0,0.0,0.0,0.33,2.33,1.0,1.67,1.0,1.33,0.0,0.0,0.0,0.0,0.0,0.0,0.0,0.0,0.0,0.07,0.07,1.6,0.0,0.0,0.0,0.0,1.76,1.4,0.0,2.24,22.44,0.0,0.0,90.0,0.0,0.0,0.0,0.0,0.4,3.0,1.0,1.6,0.8,1.8,0.0,0.0,0.0,0.0,0.0,0.0,0.0,0.0,0.0,0.07,0.07,1.86,-55873.0,-0.4237278889298037,3.0,0.343,0.286,0.37,4.334542143268957,1.4172098398107744,,,0,0.0,2.736,Matz Sels,Matz Sels,Nott'm Forest
7502,0,0,10,0,1.5,524,0.01,0.01,0.0,1.96,370,2,0,2.5,23.6,2025-05-18,90,0,0,0,0,0,0,0,False,16,0,0,0,0,37,0,145280,1,2,1,0.0,1,1403,3047,1644,4.3,True,0,0,0,0.0,90,West Ham,Nottingham Forest,1,2,26971,2024,728402,0.0,0,0,0,0.0,0.204529583454132,0.204529583454132,West Ham,4,2,37,2.0,DEF,1.0,0.0,0.08,0.08,2.28,0.0,0.0,2.8,23.6,0.3,4.0,90.0,0.0,0.0,0.0,0.0,0.0,0.0,1.0,2.0,0.0,6.0,0.0,1.0,0.12,0.0,0.0,0.0,0.0,0.0,0.12,0.06,0.06,2.5,0.33,0.04,0.07,0.03,1.45,1.33,0.0,2.77,18.6,4.57,4.33,90.0,0.0,0.0,0.0,0.0,0.0,0.0,1.0,1.67,1.33,3.0,0.0,0.67,0.04,0.01,0.0,0.0,0.33,0.0,0.04,0.31,0.3,1.23,0.2,0.06,0.08,0.02,1.36,1.4,0.0,3.24,24.76,5.04,2.6,90.0,0.0,0.0,0.0,0.0,0.2,0.0,1.0,1.4,1.4,2.2,0.0,0.4,0.03,0.02,0.0,0.0,0.4,0.0,0.03,0.26,0.26,1.08,1796.0,0.2990833510978469,1.0,0.343,0.286,0.37,,0.8377543687820435,3.9846503874230166e-10,-5.972489169892015e-10,0,0.0,1.5810000005990434,Max Kilman,Max Kilman,West Ham
7537,0,0,5,0,0.2,650,0.0,0.0,0.0,1.52,366,2,0,1.4,14.0,2025-05-20,90,0,0,0,0,0,0,0,False,20,0,0,0,0,37,0,109861,1,2,4,0.0,1,437,2328,1891,4.5,True,0,0,0,0.0,90,Crystal Palace,Wolverhampton Wanderers,4,2,26967,2024,729280,0.0,0,0,0,0.0,0.1631519347429275,0.1631519347429275,Crystal Palace,3,3,37,3.0,DEF,1.0,0.13,0.43,0.3,0.68,0.0,0.0,3.5,10.4,10.7,14.0,90.0,0.0,0.0,0.0,0.0,0.0,0.0,1.0,2.0,0.0,6.0,0.0,1.0,0.22,0.06,0.0,0.0,1.0,0.0,0.22,0.8,0.8,3.0,0.33,0.05,0.24,0.19,0.87,1.0,0.0,3.4,15.4,3.93,14.67,90.0,0.0,0.0,0.0,0.0,0.0,0.0,1.0,1.67,1.0,3.0,0.0,1.67,0.17,0.02,0.0,0.0,0.33,0.0,0.17,0.31,0.29,2.17,0.4,0.08,0.19,0.12,0.94,1.6,0.0,3.44,17.44,6.54,10.4,90.0,0.0,0.0,0.0,0.0,0.0,0.0,1.0,1.0,1.6,3.0,0.0,1.0,0.1,0.14,0.0,0.0,0.6,0.0,0.1,0.34,0.22,1.78,742.0,0.1035790471675752,1.0,0.419,0.286,0.295,,1.154576301574707,3.9846503874230166e-10,-5.972489169892015e-10,0,0.0,1.4230000005990435,Maxence Lacroix,Maxence Lacroix,Crystal Palace
7554,0,0,7,0,0.1,228,0.0,0.0,0.0,0.87,367,0,0,1.2,9.8,2025-05-18,16,0,0,0,0,0,0,0,False,17,0,0,0,0,37,0,487558,0,0,2,2.0,1,21718,26845,5127,3.8,True,0,0,0,0.0,14,Everton,Southampton,2,0,26968,2024,728288,0.0,0,0,0,0.0,0.0,0.0,Everton,1,3,37,3.0,DEF,0.0,0.0,0.18,0.18,0.79,1.0,1.0,8.6,49.2,0.1,37.0,90.0,0.0,0.0,0.0,0.0,0.0,0.0,1.0,3.0,1.0,9.0,1.0,2.0,0.33,0.0,0.0,0.0,0.0,1.0,0.33,0.0,0.0,2.0,0.0,0.0,0.06,0.06,0.95,1.33,0.33,3.1,18.73,0.03,12.33,43.33,0.0,0.0,0.0,0.0,0.33,0.0,0.33,2.33,1.33,3.0,0.33,0.67,0.11,0.0,0.0,0.0,0.0,0.33,0.11,0.0,0.0,0.43,0.0,0.0,0.06,0.06,0.97,1.2,0.2,3.26,18.4,2.2,12.0,62.0,0.0,0.0,0.0,0.0,0.4,0.0,0.6,1.6,1.2,2.4,0.2,0.8,0.11,0.0,0.0,0.0,0.0,0.2,0.11,0.04,0.04,2.96,24654.0,0.6792818716376829,1.0,0.675,0.199,0.126,,1.1719043254852295,0.0017061010248182,-5.972489169892015e-10,0,0.0,0.4242366043571625,Michael Keane,Michael Keane,Everton
7629,0,0,6,0,1.0,610,0.0,0.0,0.0,1.33,362,2,0,0.6,5.4,2025-05-16,86,0,0,0,0,0,0,0,False,2,0,0,0,0,37,0,22024,1,0,2,0.0,2,18,103,85,4.5,False,0,0,0,0.0,88,Aston Villa,Tottenham,2,0,26963,2024,727525,0.0,0,0,0,0.0,0.0,0.0,Tottenham,2,4,37,1.2,MID,0.0,0.01,0.01,0.0,3.21,2.0,0.0,0.9,4.2,1.2,4.0,71.0,0.0,0.0,0.0,0.0,0.0,0.0,0.0,2.0,0.0,2.0,0.0,0.0,0.0,0.0,0.0,0.0,0.0,0.0,0.0,0.47,0.47,0.8,0.0,0.04,0.04,0.0,1.53,0.67,0.0,1.37,2.4,8.0,3.33,46.0,0.0,0.0,0.0,0.0,0.0,0.0,0.33,1.67,0.33,1.33,0.0,0.0,0.0,0.04,0.0,0.0,0.67,0.0,0.0,0.2,0.16,1.07,0.0,0.11,0.14,0.03,0.92,0.4,0.0,1.88,5.2,8.34,5.4,38.2,0.0,0.0,0.0,0.0,0.0,0.0,0.2,1.8,1.0,2.4,0.0,0.4,0.02,0.13,0.4,0.2,0.6,0.0,0.02,0.16,0.11,1.04,16.0,0.0957446808510638,2.0,0.73,0.158,0.112,,,-6.725144885422194e-10,-5.689893001203925e-10,1,0.0,-5.069540343072276e-09,Mikey Moore,Mikey Moore,Spurs
7666,0,0,16,0,24.3,89,0.31,0.41,0.1,0.99,363,3,0,3.9,8.4,2025-05-18,90,0,0,0,0,0,0,0,False,9,0,0,0,0,37,0,140198,1,3,2,6.0,2,-3561,2857,6418,4.9,True,0,0,1,0.0514487922191619,90,Brentford,Fulham,2,3,26964,2024,728503,0.3318965435028076,0,1,0,0.0514487922191619,0.3833453059196472,0.0,Brentford,3,3,37,3.2,MID,1.0,0.05,0.17,0.12,0.4,0.0,0.0,3.9,7.6,23.3,8.0,84.0,0.0,0.0,0.0,0.0,0.0,0.0,1.0,1.0,0.0,3.0,0.0,2.0,0.09,0.14,0.0,0.0,2.0,0.0,0.09,0.35,0.12,3.7,0.67,0.22,0.27,0.05,0.8,0.33,0.0,4.4,10.53,29.03,4.33,82.33,0.0,0.0,0.0,0.0,0.0,0.0,1.0,2.0,1.33,3.67,0.0,1.0,0.04,0.41,0.33,0.0,2.0,0.0,0.04,0.17,0.07,2.23,0.4,0.18,0.21,0.03,0.9,0.8,0.0,3.38,8.56,19.82,5.4,82.4,0.0,0.0,0.0,0.0,0.0,0.0,1.0,1.8,1.8,3.0,0.0,0.8,0.04,0.24,0.2,0.0,1.2,0.0,0.04,0.22,0.16,1.74,-3965.0,-0.3839353099730458,2.0,0.495,0.242,0.263,,,0.0241807206399196,0.0974364727478738,0,0.0,2.4132130214432195,Mikkel Damsgaard,Mikkel Damsgaard,Brentford
7704,0,0,7,0,20.9,70,0.08,0.08,0.0,1.51,369,2,0,2.8,5.2,2025-05-20,82,0,0,0,0,0,0,0,False,13,0,0,0,0,37,0,1949035,1,1,3,2.0,1,-48143,23730,71873,5.3,False,0,0,0,0.0,85,Manchester City,Bournemouth,3,1,26970,2024,729331,0.0546078234910965,0,1,0,0.0,0.4439072012901306,0.3892993628978729,Bournemouth,3,4,37,1.3,DEF,0.0,0.03,0.06,0.03,0.98,1.0,0.0,4.7,13.4,22.8,11.0,87.0,0.0,0.0,0.0,0.0,0.0,0.0,1.0,1.0,0.0,2.0,0.0,1.0,0.02,0.01,0.0,0.0,1.0,0.0,0.02,0.01,0.01,3.5,0.0,0.09,0.1,0.01,1.64,1.0,0.0,3.93,11.4,23.67,4.33,89.0,0.0,0.0,0.0,0.0,0.0,0.0,1.0,1.33,0.67,2.0,0.0,0.33,0.01,0.17,0.0,0.0,1.0,0.0,0.01,0.18,0.18,2.33,0.4,0.08,0.08,0.01,1.27,0.6,0.0,4.3,14.16,25.06,3.8,89.4,0.0,0.0,0.0,0.0,0.0,0.0,1.0,0.8,0.6,4.0,0.0,0.2,0.0,0.13,0.0,0.0,1.2,0.0,0.0,0.29,0.28,2.2,-52421.0,-0.5035720636381703,1.0,0.614,0.22,0.166,,1.078022003173828,0.0014185515748423,0.0773832260645785,0,0.0,1.7016609876427893,Milos Kerkez,Milos Kerkez,Bournemouth
7740,0,0,25,0,16.2,136,0.25,0.65,0.4,0.38,364,0,1,9.3,36.8,2025-05-19,25,0,0,0,0,0,0,0,False,12,0,0,0,0,37,0,701031,0,2,3,40.0,6,-41937,3630,45567,6.3,True,0,1,3,0.2766863405704498,23,Brighton,Liverpool,3,2,26965,2024,729260,0.1126840338110923,0,1,1,0.2766863405704498,0.9603325724601746,0.5709621906280518,Brighton,5,3,37,1.7,MID,0.0,0.0,0.0,0.0,0.08,0.0,0.0,1.1,3.8,3.3,4.0,10.0,0.0,0.0,0.0,0.0,0.0,0.0,0.0,2.0,0.0,1.0,0.0,0.0,0.0,0.0,0.0,0.0,0.0,0.0,0.0,0.0,0.0,3.2,0.0,0.0,0.41,0.41,0.31,0.67,0.67,4.67,23.87,1.83,21.0,21.0,0.0,0.0,0.0,0.0,0.0,0.0,0.0,2.0,2.33,4.33,0.67,1.33,0.38,0.0,0.0,0.0,0.0,0.67,0.38,0.38,0.01,1.9,0.0,0.01,0.31,0.3,0.52,1.4,0.4,4.8,18.32,7.78,21.8,43.0,0.0,0.0,0.0,0.0,0.0,0.0,0.4,2.0,1.8,3.4,0.4,1.4,0.25,0.02,0.0,0.0,0.4,0.4,0.25,0.27,0.02,1.82,-41155.0,-0.8524300262211111,6.0,0.363,0.252,0.385,,,0.2479190473020132,0.1063705587822492,0,0.0,2.5587069128568136,Mitoma Kaoru,Kaoru Mitoma,Brighton
7778,0,0,-1,0,23.4,328,0.06,0.89,0.83,2.2,364,3,0,10.1,10.0,2025-05-19,90,0,0,0,0,0,0,0,False,5,0,0,0,0,37,0,7682270,1,2,3,68.0,2,-173912,19720,193632,13.6,False,0,0,6,1.6257779598236084,90,Brighton,Liverpool,3,2,26965,2024,729271,0.1550492942333221,0,2,0,1.6257779598236084,2.5460445880889893,1.3133214712142944,Liverpool,5,3,37,4.5,MID,0.0,0.39,0.39,0.0,2.31,2.0,0.0,5.4,4.0,30.4,20.0,90.0,0.0,0.0,0.0,0.0,0.0,0.0,1.0,2.0,2.0,2.0,0.0,0.0,0.0,0.51,0.0,0.0,2.0,0.0,0.0,1.45,0.98,3.8,0.0,0.34,0.44,0.1,1.97,2.0,0.33,8.33,17.8,39.07,26.67,90.0,0.0,0.0,0.0,0.0,0.0,0.0,1.0,1.33,3.33,4.0,0.33,1.67,0.19,0.54,0.0,0.0,3.0,0.33,0.19,1.26,0.59,3.2,0.4,0.27,0.57,0.3,1.51,1.2,0.2,8.2,15.16,35.48,31.4,88.8,0.0,0.0,0.0,0.0,0.0,0.0,1.0,1.2,2.4,4.2,0.2,2.6,0.52,0.59,0.2,0.2,3.0,0.2,0.52,1.49,0.63,2.92,-162663.0,-0.8151411751471747,2.0,0.363,0.252,0.385,,,0.4342127627087107,0.1346010550034471,0,0.0,4.574866978553895,Mohamed Salah,Mohamed Salah,Liverpool
7810,0,0,6,0,24.5,525,0.1,0.25,0.15,1.88,370,2,0,4.9,8.0,2025-05-18,78,0,0,0,0,0,0,0,False,16,0,0,0,0,37,0,284178,1,2,1,16.0,2,6150,9196,3046,6.2,True,0,0,3,0.0932361558079719,85,West Ham,Nottingham Forest,1,2,26971,2024,728409,0.034523881971836,0,1,0,0.0932361558079719,0.1173331663012504,0.0631231442093849,West Ham,4,2,37,3.5,MID,1.0,0.02,0.15,0.13,0.73,0.0,0.0,4.2,11.6,14.2,16.0,72.0,0.0,0.0,0.0,0.0,0.0,0.0,1.0,2.0,0.0,6.0,0.0,3.0,0.15,0.91,1.0,1.0,1.0,0.0,0.15,1.07,0.06,4.2,0.33,0.05,0.21,0.16,0.94,1.33,0.33,6.0,22.27,16.7,21.0,84.0,0.0,0.0,0.0,0.0,0.33,0.0,1.0,1.67,1.33,4.67,0.33,2.0,0.11,0.33,0.33,0.33,1.0,0.33,0.11,0.65,0.23,2.47,0.4,0.07,0.24,0.16,0.99,1.2,0.2,5.62,16.04,14.3,25.8,83.2,0.0,0.0,0.0,0.0,0.2,0.0,1.0,1.4,1.4,3.8,0.2,2.4,0.14,0.22,0.2,0.2,0.8,0.2,0.14,0.59,0.25,2.02,6824.0,0.5023688939715732,2.0,0.343,0.286,0.37,,,0.0969920403028696,0.1177534211053077,0,1.0,3.838220464830271,Mohammed Kudus,Mohammed Kudus,West Ham
7848,0,0,19,1,8.6,157,0.07,0.09,0.02,0.29,365,0,0,2.2,11.0,2025-05-16,90,0,0,0,0,0,0,0,False,14,0,0,0,0,37,0,113354,1,0,1,2.0,3,460,1379,919,4.9,True,0,0,1,0.0229054801166057,90,Chelsea,Manchester United,1,0,26966,2024,727540,0.0,0,0,0,0.0229054801166057,0.7332540154457092,0.7332540154457092,Chelsea,2,4,37,3.5,MID,0.0,0.03,0.06,0.03,1.57,2.0,0.0,3.5,17.4,16.7,1.0,90.0,0.0,0.0,0.0,0.0,0.0,0.0,1.0,0.0,2.0,2.0,0.0,1.0,0.02,0.02,0.0,0.0,1.0,0.0,0.02,0.09,0.07,2.5,0.33,0.03,0.05,0.02,1.02,1.0,0.0,3.43,19.13,11.13,4.0,90.0,0.0,0.0,0.0,0.0,0.0,0.0,1.0,0.33,2.0,3.67,0.0,0.67,0.02,0.03,0.33,0.0,0.67,0.0,0.02,0.29,0.27,1.5,0.2,0.04,0.08,0.03,0.88,1.2,0.0,3.22,16.08,12.78,3.4,90.0,0.0,0.0,0.0,0.0,0.2,0.0,1.0,1.0,1.8,2.8,0.0,1.0,0.03,0.11,0.2,0.0,0.8,0.0,0.03,0.43,0.32,1.34,653.0,0.2001740644038294,3.0,0.659,0.19,0.152,,,0.0062193117574307,-5.689893001203925e-10,1,0.0,1.0310965570801858,Moisés Caicedo Corozo,Moisés Caicedo,Chelsea
7882,0,3,34,1,28.3,433,0.23,1.37,1.14,0.95,370,0,1,11.5,46.8,2025-05-18,83,0,0,0,0,0,0,0,False,19,0,0,0,0,37,0,805023,1,2,1,40.0,11,51620,68859,17239,6.4,False,0,1,3,0.9157152771949768,89,West Ham,Nottingham Forest,1,2,26971,2024,728424,0.3025937676429748,0,1,1,0.9157152771949768,1.2183090448379517,0.0,Nottingham Forest,4,2,37,7.0,MID,0.0,0.13,0.41,0.28,1.07,2.0,1.0,12.3,54.0,30.8,38.0,90.0,0.0,0.0,0.0,0.0,0.0,0.0,1.0,2.0,2.0,13.0,1.0,5.0,0.62,0.3,1.0,1.0,2.0,1.0,0.62,0.52,0.2,5.0,0.0,0.06,0.18,0.12,1.73,1.67,0.33,6.87,24.2,28.8,15.67,84.67,0.0,0.0,0.0,0.0,0.67,0.0,1.0,1.67,1.0,5.0,0.33,2.0,0.23,0.14,0.33,0.33,2.0,0.33,0.23,0.34,0.17,2.23,0.0,0.04,0.2,0.16,1.73,1.4,0.2,5.1,16.88,19.4,14.8,86.8,0.0,0.0,0.0,0.0,0.6,0.0,1.0,1.6,0.8,3.6,0.2,2.2,0.19,0.09,0.2,0.2,1.2,0.2,0.19,0.27,0.13,1.84,51452.0,0.5995493507398546,8.0,0.343,0.286,0.37,,,0.3893987725503653,0.1968891776999091,1,0.0,3.537661395851554,Morgan Gibbs-White,Morgan Gibbs-White,Nott'm Forest
7919,1,0,23,1,27.8,54,0.08,0.44,0.36,0.51,362,0,0,8.2,27.4,2025-05-16,90,0,0,0,0,0,0,0,False,18,0,0,0,0,37,0,3002258,1,0,2,27.0,6,173514,207104,33590,5.7,True,0,0,2,0.4215573072433471,90,Aston Villa,Tottenham,2,0,26963,2024,727511,0.1053221300244331,1,2,0,0.4215573072433471,0.6395512223243713,0.2179939001798629,Aston Villa,2,4,37,5.0,MID,1.0,0.28,0.28,0.0,0.26,0.0,0.0,4.4,27.2,14.5,2.0,88.0,0.0,0.0,0.0,0.0,0.0,0.0,1.0,1.0,0.0,6.0,0.0,0.0,0.0,0.54,1.0,1.0,1.0,0.0,0.0,0.89,0.35,4.0,0.67,0.37,0.39,0.03,0.67,0.33,0.0,4.47,16.27,24.47,4.0,87.67,0.0,0.0,0.0,0.0,0.33,0.0,1.0,0.67,1.0,3.33,0.0,0.33,0.02,0.54,0.33,0.33,1.67,0.0,0.02,0.68,0.32,6.6,0.6,0.26,0.34,0.08,0.65,0.4,0.0,6.12,21.84,23.32,16.0,85.6,0.0,0.0,0.0,0.0,0.2,0.0,1.0,1.2,1.4,4.4,0.0,1.0,0.16,0.41,0.6,0.6,1.6,0.0,0.16,0.73,0.33,6.32,195667.0,0.7208904251871671,6.0,0.73,0.158,0.112,,,0.1765853075779675,0.2274281664536344,0,0.0,3.565211037250741,Morgan Rogers,Morgan Rogers,Aston Villa
7955,0,0,10,0,0.7,436,0.01,0.01,0.0,1.13,370,1,0,2.9,26.6,2025-05-18,90,0,0,0,0,0,0,0,False,19,0,0,0,0,37,0,504308,1,2,1,2.0,1,-58635,1015,59650,4.8,False,1,0,0,0.0,90,West Ham,Nottingham Forest,1,2,26971,2024,728418,0.0,0,0,0,0.0,0.009856155142188,0.009856155142188,Nottingham Forest,4,2,37,2.6,DEF,0.0,0.02,0.09,0.07,2.02,1.0,1.0,8.2,62.0,1.3,19.0,80.0,0.0,0.0,0.0,0.0,0.0,0.0,1.0,1.0,1.0,10.0,1.0,1.0,0.08,0.0,0.0,0.0,0.0,1.0,0.08,0.07,0.07,4.3,0.0,0.02,0.11,0.09,1.94,1.33,0.33,5.43,38.27,1.1,15.0,86.67,0.0,0.0,0.0,0.0,0.0,0.0,1.0,1.67,0.67,4.33,0.33,1.33,0.07,0.0,0.0,0.0,0.0,0.33,0.07,0.06,0.06,2.77,0.0,0.02,0.08,0.06,2.04,1.4,0.2,4.58,31.96,4.64,9.2,88.0,0.0,0.0,0.0,0.0,0.0,0.0,1.0,1.4,0.8,3.2,0.2,1.0,0.04,0.0,0.0,0.0,0.2,0.2,0.04,0.12,0.12,2.5,-85440.0,-0.9665375422401714,1.0,0.343,0.286,0.37,,1.600569248199463,0.0027567297776964,-5.972489169892015e-10,0,0.0,1.2165403768744316,Murillo Santiago Costa dos Santos,Murillo,Nott'm Forest
7985,0,0,18,1,22.9,597,0.03,0.07,0.04,1.86,361,0,0,4.3,12.6,2025-05-18,90,0,0,0,0,0,0,0,False,15,0,0,0,0,37,0,43761,1,0,1,7.0,3,354,2488,2134,4.5,True,0,0,1,0.0600548759102821,90,Arsenal,Newcastle United,1,0,26962,2024,728562,0.1040164455771446,0,1,0,0.0600548759102821,0.2293839752674102,0.2293839752674102,Arsenal,4,5,37,2.5,MID,0.0,0.02,0.02,0.0,2.56,2.0,0.0,0.7,3.8,3.3,0.0,90.0,0.0,0.0,0.0,0.0,1.0,0.0,1.0,2.0,2.0,1.0,0.0,0.0,0.0,0.0,0.0,0.0,0.0,0.0,0.0,0.92,0.92,1.5,0.0,0.03,0.03,0.0,1.73,2.0,0.0,2.13,9.13,11.83,0.67,88.33,0.0,0.0,0.0,0.0,0.33,0.0,1.0,2.0,1.67,1.67,0.0,0.0,0.0,0.05,0.0,0.0,0.67,0.0,0.0,0.42,0.39,3.23,0.0,0.03,0.04,0.02,1.08,1.4,0.0,1.56,6.4,8.04,1.4,65.2,0.0,0.0,0.0,0.0,0.2,0.0,0.6,2.2,1.2,1.4,0.0,0.2,0.02,0.03,0.0,0.0,0.4,0.0,0.02,0.31,0.27,3.08,409.0,0.0765902206836867,3.0,0.487,0.257,0.257,,,0.0422464290556221,0.0707319103898385,1,0.0,1.4234278764476258,Myles Lewis-Skelly,Myles Lewis-Skelly,Arsenal
8013,0,0,2,0,1.4,262,0.0,0.1,0.1,0.07,368,0,0,0.5,0.0,2025-05-18,19,0,0,0,0,0,0,0,False,11,0,0,0,0,37,0,1385,0,0,2,4.0,1,-19,9,28,4.9,False,0,0,1,0.0837567076086998,18,Leicester,Ipswich,2,0,26969,2024,728557,0.0,0,0,0,0.0837567076086998,0.0837567076086998,0.0,Ipswich,2,1,37,0.2,MID,0.0,0.0,0.0,0.0,0.87,1.0,0.0,0.2,1.2,0.5,0.0,14.0,0.0,0.0,0.0,0.0,0.0,0.0,0.0,2.0,2.0,1.0,0.0,0.0,0.0,0.0,0.0,0.0,0.0,0.0,0.0,0.0,0.0,0.0,0.33,0.01,0.15,0.14,1.32,0.67,0.33,2.73,15.47,5.53,6.33,49.67,0.0,0.0,0.0,0.0,0.0,0.0,0.67,2.0,1.33,3.67,0.33,0.33,0.15,0.03,0.0,0.0,0.33,0.33,0.15,0.32,0.17,2.07,0.2,0.0,0.09,0.09,1.07,0.8,0.2,1.72,9.52,3.44,4.2,34.8,0.0,0.0,0.0,0.0,0.0,0.0,0.4,2.0,1.4,2.6,0.2,0.2,0.09,0.02,0.0,0.0,0.2,0.2,0.09,0.22,0.13,1.5,-236.0,-0.5135135135135135,1.0,0.411,0.263,0.326,,,0.0397501620230482,-5.689893001203925e-10,0,0.0,1.1987508084082732,Nathan Broadhead,Nathan Broadhead,Ipswich
8051,0,0,0,0,0.6,88,0.0,0.0,0.0,0.99,363,3,0,3.1,28.6,2025-05-18,90,0,0,0,0,0,0,0,False,9,0,0,0,0,37,0,533260,1,3,2,2.0,1,45282,56907,11625,4.6,True,0,0,0,0.0,90,Brentford,Fulham,2,3,26964,2024,728497,0.0,0,0,0,0.0,0.0,0.0,Brentford,3,3,37,5.2,DEF,1.0,0.01,0.01,0.0,0.93,0.0,0.0,2.0,17.0,1.4,2.0,90.0,0.0,0.0,0.0,0.0,0.0,0.0,1.0,1.0,0.0,8.0,0.0,0.0,0.0,0.0,0.0,0.0,0.0,0.0,0.0,0.0,0.0,5.5,0.67,0.08,0.08,0.0,1.15,1.0,0.0,3.67,28.0,5.37,3.33,90.0,0.0,0.0,0.0,0.0,0.0,0.0,1.0,2.0,1.33,6.67,0.0,0.33,0.0,0.14,0.33,0.33,0.33,0.0,0.0,0.57,0.43,3.33,0.4,0.07,0.1,0.03,1.17,1.2,0.0,4.48,26.84,7.64,10.2,90.0,0.0,0.0,0.0,0.0,0.2,0.0,1.0,1.8,1.8,5.2,0.0,0.4,0.08,0.19,0.4,0.4,0.6,0.0,0.08,0.47,0.39,2.7,38183.0,0.6607424268954649,1.0,0.495,0.242,0.263,,1.6319777965545654,0.0017751115088944,-5.972489169892015e-10,0,0.0,1.19465066726162,Nathan Collins,Nathan Collins,Brentford
8072,0,0,4,0,0.3,477,0.0,0.0,0.0,2.7,367,2,0,1.7,17.0,2025-05-18,59,0,0,0,0,0,0,0,False,8,0,0,0,0,37,0,120470,1,0,2,0.0,0,-613,246,859,3.9,False,0,0,0,0.0,62,Everton,Southampton,2,0,26968,2024,728293,0.0,0,0,0,0.0,0.0,0.0,Southampton,1,3,37,-0.5,DEF,0.0,0.0,0.0,0.0,0.76,2.0,0.0,0.2,1.2,0.5,0.0,45.0,0.0,0.0,0.0,0.0,0.0,0.0,1.0,3.0,1.0,0.0,0.0,0.0,0.0,0.0,0.0,0.0,0.0,0.0,0.0,0.03,0.03,-1.0,0.0,0.0,0.0,0.0,1.01,1.67,0.0,0.33,2.33,0.9,0.0,32.33,0.0,0.0,0.0,0.0,0.0,0.0,0.67,3.0,1.33,0.33,0.0,0.0,0.0,0.0,0.0,0.0,0.0,0.0,0.0,0.02,0.02,0.87,0.0,0.0,0.01,0.01,1.37,1.6,0.0,0.9,6.16,1.22,1.4,55.4,0.0,0.0,0.0,0.0,0.2,0.0,0.8,2.2,1.2,0.6,0.0,0.2,0.0,0.0,0.0,0.0,0.0,0.0,0.0,0.31,0.31,1.08,-16563.0,-0.5547511312217195,0.0,0.675,0.199,0.126,,1.908595323562622,3.9846503874230166e-10,-5.972489169892015e-10,0,0.0,0.04600000059904352,Nathan Wood-Gordon,Nathan Wood,Southampton
8120,0,2,25,0,16.0,437,0.14,0.14,0.0,1.13,370,1,0,6.4,39.8,2025-05-18,90,0,0,0,0,0,0,0,False,19,0,0,0,0,37,0,483048,1,2,1,8.0,4,-4873,8379,13252,4.5,False,0,0,0,0.0,90,West Ham,Nottingham Forest,1,2,26971,2024,728420,0.053001333028078,0,1,0,0.0,0.3422871530056,0.289285808801651,Nottingham Forest,4,2,37,3.0,DEF,0.0,0.03,0.03,0.0,1.07,2.0,0.0,3.2,14.4,13.3,4.0,90.0,0.0,0.0,0.0,0.0,0.0,0.0,1.0,2.0,2.0,1.0,0.0,0.0,0.0,0.06,0.0,0.0,1.0,0.0,0.0,0.08,0.02,3.0,0.0,0.09,0.13,0.04,1.76,1.67,0.0,4.87,24.2,15.23,9.0,90.0,0.0,0.0,0.0,0.0,0.67,0.0,1.0,1.67,1.0,2.0,0.0,1.67,0.04,0.05,0.33,0.33,1.0,0.0,0.04,0.16,0.11,1.9,0.0,0.05,0.08,0.03,1.76,1.4,0.0,4.0,24.64,9.46,5.8,90.0,0.0,0.0,0.0,0.0,0.4,0.0,1.0,1.6,0.8,2.0,0.0,1.2,0.03,0.03,0.2,0.2,0.6,0.0,0.03,0.11,0.08,1.88,-11754.0,-0.2252785354352549,2.0,0.343,0.286,0.37,,1.5449693202972412,0.0269059790782717,0.0991857373756708,0,1.0,5.686993086596642,Neco Williams,Neco Williams,Nott'm Forest
8148,0,0,11,0,0.0,413,0.0,0.0,0.0,0.64,361,1,0,2.2,22.4,2025-05-18,90,0,0,0,0,0,0,0,False,1,0,0,0,0,37,3,675314,1,0,1,0.0,3,-12603,5697,18300,5.0,False,0,0,0,0.0,90,Arsenal,Newcastle United,1,0,26962,2024,728573,0.0,0,0,0,0.0,0.0,0.0,Newcastle United,4,5,37,4.0,GK,1.0,0.0,0.0,0.0,0.69,0.0,0.0,2.3,22.6,0.0,0.0,90.0,0.0,0.0,0.0,0.0,0.0,3.0,1.0,0.0,2.0,7.0,0.0,0.0,0.0,0.0,0.0,0.0,0.0,0.0,0.0,0.0,0.0,6.3,0.67,0.0,0.0,0.0,0.49,0.33,0.0,1.6,12.53,3.33,0.0,90.0,0.0,0.0,0.0,0.0,0.0,1.33,1.0,0.33,2.0,5.0,0.0,0.0,0.0,0.03,0.0,0.0,0.33,0.0,0.0,0.03,0.0,3.93,0.6,0.0,0.0,0.0,1.15,1.0,0.0,2.68,24.84,2.0,0.0,90.0,0.0,0.0,0.2,0.0,0.0,2.6,1.0,0.4,3.0,5.8,0.0,0.0,0.0,0.02,0.0,0.0,0.2,0.0,0.0,0.03,0.02,3.46,-11465.0,-0.5251906488311039,3.0,0.487,0.257,0.257,2.902487172970666,1.380228958435274,,,0,0.0,2.277,Nick Pope,Nick Pope,Newcastle
8166,0,0,5,0,1.7,589,0.01,0.02,0.01,0.55,370,1,0,2.9,6.2,2025-05-18,32,0,0,0,0,0,0,0,False,16,0,0,0,0,37,0,93150,0,2,1,21.0,1,-72,1034,1106,6.7,True,0,0,1,0.0229839831590652,26,West Ham,Nottingham Forest,1,2,26971,2024,728413,0.0,0,0,0,0.0229839831590652,0.1228635162115097,0.1228635162115097,West Ham,4,2,37,0.7,FWD,0.0,0.0,0.0,0.0,1.55,0.0,0.0,0.0,0.2,0.1,0.0,17.0,0.0,0.0,0.0,0.0,0.0,0.0,0.0,2.0,0.0,1.0,0.0,0.0,0.0,0.0,0.0,0.0,0.0,0.0,0.0,0.0,0.0,2.2,0.0,0.01,0.04,0.02,1.12,1.0,0.0,0.33,0.6,1.53,2.67,47.0,0.0,0.0,0.0,0.0,0.0,0.0,0.33,1.67,1.33,1.33,0.0,0.33,0.02,0.0,0.0,0.0,0.0,0.0,0.02,0.16,0.14,1.47,0.2,0.02,0.08,0.06,0.82,0.8,0.0,2.22,6.16,9.26,8.2,46.4,0.0,0.0,0.0,0.0,0.0,0.0,0.4,1.4,1.4,2.0,0.0,0.6,0.04,0.07,0.2,0.2,0.8,0.0,0.04,0.21,0.09,1.62,106.0,-0.0336448598130841,1.0,0.343,0.286,0.37,,,0.2784643847897821,0.0008823228921186,0,,2.1165045078354843,Niclas Füllkrug,Niclas Füllkrug,West Ham
8230,0,0,14,0,5.6,431,0.02,0.03,0.01,1.11,370,1,0,3.2,20.8,2025-05-18,90,0,0,0,0,0,0,0,False,19,0,0,0,0,37,0,4573,1,2,1,6.0,2,14,101,87,4.8,False,0,0,1,0.0155368680134415,90,West Ham,Nottingham Forest,1,2,26971,2024,728421,0.0,0,0,0,0.0155368680134415,0.0,0.0,Nottingham Forest,4,2,37,2.0,MID,0.0,0.04,0.22,0.18,0.68,1.0,0.0,5.6,12.8,4.7,38.0,73.0,0.0,0.0,0.0,0.0,0.0,0.0,1.0,2.0,2.0,2.0,0.0,2.0,0.11,0.0,0.0,0.0,0.0,0.0,0.11,0.11,0.06,3.0,0.0,0.08,0.14,0.06,1.08,1.0,0.0,2.77,8.07,5.37,14.0,61.0,0.0,0.0,0.0,0.0,0.33,0.0,0.67,1.67,1.0,1.33,0.0,0.67,0.04,0.0,0.0,0.0,0.0,0.0,0.04,0.14,0.12,1.9,0.2,0.05,0.09,0.04,1.06,0.6,0.0,3.12,14.0,7.88,9.2,62.8,0.0,0.0,0.0,0.0,0.2,0.0,0.8,1.6,0.8,2.2,0.0,0.6,0.03,0.01,0.2,0.2,0.4,0.0,0.03,0.12,0.1,1.74,17.0,0.0744680851063829,2.0,0.343,0.286,0.37,,,0.0242940858011837,-5.689893001203925e-10,1,1.0,2.1214704272989504,Nicolás Domínguez,Nicolás Domínguez,Nott'm Forest
8267,0,0,22,0,0.4,573,0.01,0.36,0.35,1.13,370,1,1,9.1,52.0,2025-05-18,90,0,0,0,0,0,0,0,False,19,0,0,0,0,37,0,2091843,1,2,1,39.0,8,-39157,27252,66409,5.2,False,0,1,2,0.3773476779460907,90,West Ham,Nottingham Forest,1,2,26971,2024,728419,0.0,0,0,1,0.3773476779460907,0.053001333028078,0.0,Nottingham Forest,4,2,37,3.5,DEF,0.0,0.0,0.0,0.0,1.07,2.0,0.0,1.1,10.4,0.7,0.0,90.0,0.0,0.0,0.0,0.0,0.0,0.0,1.0,2.0,2.0,1.0,0.0,0.0,0.0,0.0,0.0,0.0,0.0,0.0,0.0,0.09,0.09,2.5,0.0,0.0,0.0,0.0,1.76,1.67,0.0,2.3,18.4,3.8,0.67,90.0,0.0,0.0,0.0,0.0,0.0,0.0,1.0,1.67,1.0,1.33,0.0,0.0,0.0,0.05,0.0,0.0,0.33,0.0,0.0,0.03,0.03,1.6,0.0,0.0,0.0,0.0,1.76,1.4,0.0,2.34,19.92,2.6,0.8,90.0,0.0,0.0,0.0,0.0,0.0,0.0,1.0,1.6,0.8,1.6,0.0,0.0,0.0,0.03,0.0,0.0,0.2,0.0,0.0,0.04,0.04,1.62,-52921.0,-0.4180715559304299,8.0,0.343,0.286,0.37,,1.3760747909545898,0.175627155284392,-5.972489169892015e-10,0,0.0,2.365762929914605,Nikola Milenković,Nikola Milenkovic,Nott'm Forest
8299,0,0,0,1,16.9,177,0.02,0.47,0.45,0.29,365,0,0,4.1,4.4,2025-05-16,90,0,0,0,0,0,0,0,False,14,0,0,0,0,37,0,366699,1,0,1,20.0,3,4895,6628,1733,6.0,True,0,0,2,0.7602353096008301,90,Chelsea,Manchester United,1,0,26966,2024,727543,0.0311959683895111,0,1,0,0.7602353096008301,1.0966557264328003,0.3052244186401367,Chelsea,2,4,37,2.2,MID,0.0,0.15,0.15,0.0,1.48,1.0,0.0,1.6,0.0,12.0,4.0,45.0,0.0,0.0,0.0,0.0,0.0,0.0,1.0,0.0,2.0,1.0,0.0,0.0,0.0,0.12,0.0,0.0,1.0,0.0,0.0,0.12,0.0,1.3,0.33,0.08,0.48,0.4,0.94,0.67,0.0,5.83,9.33,13.5,35.33,70.67,0.0,0.0,0.0,0.0,0.0,0.0,1.0,0.33,2.0,2.0,0.0,2.67,0.45,0.09,0.0,0.0,1.0,0.0,0.45,0.67,0.14,1.03,0.2,0.1,0.39,0.29,0.76,1.0,0.0,5.82,8.8,18.9,30.4,64.8,0.0,0.0,0.0,0.0,0.0,0.0,1.0,1.0,1.8,2.4,0.0,2.4,0.33,0.13,0.2,0.0,1.4,0.0,0.33,0.65,0.28,1.02,5546.0,0.5854562851333572,3.0,0.659,0.19,0.152,,,0.1441040400935818,0.0669214754560783,0,0.0,2.921284626836144,Noni Madueke,Noni Madueke,Chelsea
8329,0,0,6,1,11.8,218,0.12,1.15,1.03,1.21,367,0,0,6.4,8.8,2025-05-18,90,0,0,0,0,0,0,0,False,17,0,0,0,0,37,0,546200,1,0,2,43.0,2,179242,186022,6780,4.8,True,0,0,3,1.0250040292739868,90,Everton,Southampton,2,0,26968,2024,728285,0.3068048357963562,0,1,0,1.0250040292739868,0.8309851884841919,0.0972982570528984,Everton,1,3,37,5.0,FWD,0.0,0.05,0.51,0.46,0.66,1.0,1.0,11.0,40.4,11.8,58.0,90.0,0.0,0.0,0.0,0.0,0.0,0.0,1.0,3.0,1.0,8.0,1.0,3.0,0.41,0.11,0.0,0.0,1.0,1.0,0.41,0.18,0.0,4.2,0.0,0.02,0.34,0.31,0.55,1.0,0.67,7.27,24.2,4.63,44.33,76.33,0.0,0.0,0.0,0.0,0.0,0.0,1.0,1.67,1.33,5.33,0.67,3.0,0.39,0.04,0.0,0.0,0.33,0.67,0.39,0.21,0.0,2.4,0.0,0.03,0.22,0.19,0.7,1.0,0.4,4.98,15.76,5.9,28.4,56.4,0.0,0.0,0.0,0.0,0.0,0.0,0.6,1.6,0.8,3.6,0.4,2.0,0.24,0.04,0.0,0.0,0.4,0.4,0.24,0.15,0.0,1.58,195047.0,0.9296687793695086,2.0,0.675,0.199,0.126,,,0.4636439919252837,0.0653588397963838,0,,4.050652487090286,Norberto Bercique Gomes Betuncal,Beto,Everton
8368,0,0,4,0,1.8,594,0.01,0.01,0.0,0.82,365,1,0,2.0,17.8,2025-05-16,90,0,0,0,0,0,0,0,False,6,0,0,0,0,37,0,852256,1,0,1,0.0,1,-16875,2785,19660,4.2,False,1,0,0,0.0,90,Chelsea,Manchester United,1,0,26966,2024,727551,0.0,0,0,0,0.0,0.0,0.0,Manchester United,2,4,37,1.0,DEF,0.0,0.03,0.03,0.0,1.56,2.0,0.0,3.7,26.6,7.9,2.0,90.0,0.0,0.0,0.0,0.0,0.0,0.0,1.0,2.0,0.0,1.0,0.0,0.0,0.0,0.0,0.0,0.0,0.0,0.0,0.0,0.31,0.31,1.2,0.0,0.03,0.05,0.02,0.78,1.33,0.0,3.63,21.2,12.6,2.33,84.67,0.0,0.0,0.0,0.0,0.0,0.0,1.0,1.33,0.33,1.67,0.0,0.33,0.01,0.02,0.0,0.0,0.67,0.0,0.01,0.21,0.2,1.33,0.2,0.02,0.04,0.02,1.0,1.6,0.0,2.8,18.0,8.14,1.6,84.2,0.0,0.0,0.0,0.0,0.0,0.0,1.0,1.0,1.0,2.4,0.0,0.4,0.01,0.01,0.0,0.0,0.4,0.0,0.01,0.18,0.17,1.7,-17844.0,-0.7518378257963911,1.0,0.659,0.19,0.152,,1.561305046081543,3.9846503874230166e-10,-5.972489169892015e-10,0,0.0,1.2190000005990433,Noussair Mazraoui,Noussair Mazraoui,Man Utd
8402,0,0,-1,0,2.3,559,0.01,0.01,0.0,0.59,366,2,0,0.8,5.8,2025-05-20,45,0,0,0,0,0,0,0,False,7,0,0,0,0,37,0,70408,0,2,4,0.0,0,-3732,1214,4946,4.5,False,0,0,0,0.0,41,Crystal Palace,Wolverhampton Wanderers,4,2,26967,2024,729308,0.0,0,0,0,0.0,0.1248224005103111,0.1248224005103111,Wolverhampton Wanderers,3,3,37,2.2,DEF,0.0,0.19,0.19,0.0,1.57,2.0,0.0,4.9,14.6,30.2,4.0,90.0,0.0,0.0,0.0,0.0,0.0,0.0,1.0,2.0,0.0,1.0,0.0,0.0,0.0,0.06,0.0,0.0,2.0,0.0,0.0,0.06,0.0,3.8,0.33,0.09,0.12,0.03,1.13,1.0,0.0,3.43,10.93,20.5,3.0,87.67,0.0,0.0,0.0,0.0,0.0,0.0,1.0,0.67,1.33,3.0,0.0,0.33,0.02,0.06,0.0,0.0,1.33,0.0,0.02,0.24,0.2,2.37,0.4,0.07,0.1,0.03,1.22,1.0,0.0,2.5,9.12,13.16,2.8,85.2,0.0,0.0,0.0,0.0,0.0,0.0,1.0,1.0,1.6,3.2,0.0,0.6,0.02,0.03,0.0,0.0,0.8,0.0,0.02,0.27,0.23,2.18,-4016.0,-0.6058441558441559,0.0,0.419,0.286,0.295,,1.132018804550171,3.9846503874230166e-10,-5.972489169892015e-10,0,0.0,1.4340000005990436,Nélson Cabral Semedo,Nélson Semedo,Wolves
8443,0,0,7,0,0.9,422,0.01,0.01,0.0,1.13,370,1,0,1.3,12.2,2025-05-18,90,0,0,0,0,0,0,0,False,19,0,0,0,0,37,0,1523197,1,2,1,0.0,2,3114,29960,26846,5.2,False,0,0,0,0.0,90,West Ham,Nottingham Forest,1,2,26971,2024,728417,0.0,0,0,0,0.0,0.3025937676429748,0.3025937676429748,Nottingham Forest,4,2,37,1.5,DEF,0.0,0.03,0.03,0.0,1.07,2.0,0.0,1.1,8.6,2.3,0.0,90.0,0.0,0.0,0.0,0.0,1.0,0.0,1.0,2.0,2.0,0.0,0.0,0.0,0.0,0.0,0.0,0.0,0.0,0.0,0.0,0.37,0.37,1.5,0.0,0.14,0.14,0.0,1.73,1.67,0.0,3.3,14.33,18.1,0.67,84.67,0.0,0.0,0.0,0.0,0.67,0.0,1.0,1.67,1.0,0.67,0.0,0.33,0.0,0.08,0.0,0.0,1.33,0.0,0.0,0.24,0.19,0.83,0.0,0.09,0.09,0.0,1.22,1.4,0.0,2.58,13.36,11.3,1.0,76.6,0.0,0.0,0.0,0.0,0.4,0.0,1.0,1.8,1.2,0.8,0.0,0.4,0.01,0.05,0.0,0.0,0.8,0.0,0.01,0.15,0.12,1.88,-6465.0,0.0548181530120057,2.0,0.343,0.286,0.37,,1.7417666912078855,3.9846503874230166e-10,-5.972489169892015e-10,0,0.0,1.1290000005990435,Ola Aina,Ola Aina,Nott'm Forest
8482,0,0,3,0,0.0,501,0.0,0.0,0.0,0.08,368,0,0,0.0,0.0,2025-05-18,2,0,0,0,0,0,0,0,False,10,0,0,0,0,37,0,4242,0,0,2,0.0,1,10,27,17,4.7,True,0,0,0,0.0,1,Leicester,Ipswich,2,0,26969,2024,728539,0.0,0,0,0,0.0,0.0,0.0,Leicester,2,1,37,1.0,MID,0.0,0.0,0.0,0.0,1.23,2.0,0.0,1.4,10.8,1.3,2.0,59.0,0.0,0.0,0.0,0.0,0.0,0.0,1.0,2.0,2.0,1.0,0.0,0.0,0.0,0.0,0.0,0.0,0.0,0.0,0.0,0.0,0.0,0.0,0.33,0.01,0.02,0.01,0.98,1.33,0.0,1.27,8.53,3.13,1.0,64.67,0.0,0.0,0.0,0.0,0.67,0.0,0.67,0.67,2.33,1.0,0.0,0.33,0.0,0.0,0.0,0.0,0.0,0.0,0.0,0.19,0.19,0.27,0.2,0.01,0.01,0.01,0.63,0.8,0.0,1.1,5.48,4.64,1.0,46.0,0.0,0.0,0.0,0.0,0.6,0.0,0.4,1.0,1.8,0.8,0.0,0.2,0.0,0.02,0.0,0.0,0.2,0.0,0.0,0.15,0.15,-0.1,20.0,0.2272727272727272,1.0,0.411,0.263,0.326,,,0.0081202852632971,0.0069734424257357,1,0.0,1.0615217535936923,Oliver Skipp,Oliver Skipp,Leicester
8535,1,0,21,1,14.1,58,0.37,0.59,0.22,0.51,362,0,0,8.7,22.2,2025-05-16,85,0,0,0,0,0,0,0,False,18,0,0,0,0,37,0,2957375,1,0,2,51.0,5,821493,833375,11882,9.0,True,0,0,3,0.6300190091133118,87,Aston Villa,Tottenham,2,0,26963,2024,727514,0.1274823397397995,1,1,0,0.6300190091133118,0.6300190091133118,0.0,Aston Villa,2,4,37,5.3,FWD,1.0,0.02,0.38,0.36,0.8,0.0,1.0,7.3,34.6,1.7,37.0,90.0,0.0,0.0,0.0,0.0,0.0,0.0,1.0,1.0,0.0,9.0,1.0,1.0,0.54,0.0,0.0,0.0,0.0,1.0,0.54,0.7,0.16,5.8,0.67,0.01,0.2,0.19,0.64,0.33,0.33,3.7,13.33,4.5,20.0,58.0,0.0,0.0,0.0,0.0,0.33,0.0,0.67,0.67,1.0,3.67,0.33,1.0,0.23,0.02,0.0,0.0,0.33,0.33,0.23,0.29,0.05,6.13,0.4,0.02,0.28,0.26,0.6,0.4,0.6,5.68,25.0,7.46,25.0,56.0,0.0,0.0,0.0,0.0,0.2,0.0,0.6,1.2,1.4,6.0,0.6,1.8,0.36,0.09,0.2,0.2,0.6,0.6,0.36,0.45,0.12,5.16,861063.0,0.9718854738854572,5.0,0.73,0.158,0.112,,,0.5731711248883542,0.1104012121901063,0,,3.623888136123736,Ollie Watkins,Ollie Watkins,Aston Villa
8566,0,0,16,0,36.8,274,0.22,0.49,0.27,0.8,368,2,0,7.0,14.0,2025-05-18,90,0,0,0,0,0,0,0,False,11,0,0,0,0,37,0,30608,1,0,2,19.0,2,1377,2414,1037,5.2,False,0,0,3,0.2264458239078521,90,Leicester,Ipswich,2,0,26969,2024,728549,0.1798048019409179,0,3,0,0.2264458239078521,0.7470822334289551,0.4324807524681091,Ipswich,2,1,37,2.2,MID,0.0,0.42,0.45,0.03,1.41,1.0,0.0,8.3,16.4,44.0,23.0,90.0,0.0,0.0,0.0,0.0,0.0,0.0,1.0,1.0,0.0,2.0,0.0,1.0,0.04,0.46,0.0,0.0,3.0,0.0,0.04,0.55,0.11,1.3,0.0,0.19,0.25,0.06,1.16,2.33,0.0,5.1,10.47,25.93,14.67,90.0,0.0,0.0,0.0,0.0,0.0,0.0,1.0,2.33,1.33,3.0,0.0,1.67,0.05,0.22,0.33,0.0,1.67,0.0,0.05,0.31,0.09,1.67,0.0,0.12,0.16,0.04,1.07,2.2,0.0,3.26,6.96,16.94,8.8,71.6,0.0,0.0,0.0,0.0,0.0,0.0,0.8,1.8,1.6,2.4,0.0,1.0,0.03,0.13,0.2,0.0,1.0,0.0,0.03,0.29,0.15,2.4,1537.0,0.3990147783251231,2.0,0.411,0.263,0.326,,,0.1386247572168621,0.1828892839868283,0,0.0,3.2417916380447953,Omari Giraud-Hutchinson,Omari Hutchinson,Ipswich
8589,0,0,3,0,0.2,343,0.0,0.0,0.0,0.29,369,1,0,0.0,0.2,2025-05-20,1,0,0,0,0,0,0,0,False,3,0,0,0,0,37,0,6001,0,1,3,0.0,1,-96,7,103,4.7,True,0,0,0,0.0,1,Manchester City,Bournemouth,3,1,26970,2024,729323,0.0,0,0,0,0.0,0.0,0.0,Manchester City,3,4,37,0.4,MID,0.0,0.02,0.02,0.0,0.13,0.0,0.0,1.6,4.0,12.4,0.0,8.0,0.0,0.0,0.0,0.0,0.0,0.0,0.0,2.0,5.0,1.0,0.0,0.0,0.0,0.09,0.0,0.0,1.0,0.0,0.0,0.09,0.0,0.0,,,,,,,,,,,,,,,,,,,,,,,,,,,,,,,,,,,,,,,,,,,,,,,,,,,,,,,,,,,,,,,,,,,,,-117.0,-0.8727272727272727,1.0,0.614,0.22,0.166,,,-6.725144885422194e-10,-5.689893001203925e-10,1,0.0,-1.0000000050695403,,,
8612,0,0,7,0,28.7,565,0.06,0.06,0.0,1.13,366,3,0,3.8,7.6,2025-05-20,66,0,0,0,0,0,0,0,False,7,0,0,0,0,37,0,13915,1,2,4,2.0,2,-1343,134,1477,5.0,False,0,0,0,0.0,70,Crystal Palace,Wolverhampton Wanderers,4,2,26967,2024,729304,0.0771887153387069,0,2,0,0.0,0.2240374237298965,0.1674546599388122,Wolverhampton Wanderers,3,3,37,1.2,MID,0.0,0.01,0.01,0.0,0.66,1.0,0.0,0.3,0.6,2.8,0.0,31.0,0.0,0.0,0.0,0.0,0.0,0.0,0.0,2.0,0.0,1.0,0.0,0.0,0.0,0.0,0.0,0.0,0.0,0.0,0.0,0.0,0.0,2.0,0.0,0.01,0.04,0.03,0.28,0.33,0.0,0.5,1.87,1.77,1.67,23.0,0.0,0.0,0.0,0.0,0.0,0.0,0.0,0.67,1.33,1.0,0.0,0.33,0.04,0.0,0.0,0.0,0.0,0.0,0.04,0.08,0.04,1.17,0.0,0.03,0.09,0.06,0.54,0.6,0.2,1.9,9.16,6.4,3.6,26.6,0.0,0.0,0.0,0.0,0.2,0.0,0.0,1.0,1.6,1.8,0.2,0.6,0.07,0.03,0.0,0.0,0.4,0.2,0.07,0.1,0.03,1.66,-1308.0,-0.8336436995654872,2.0,0.419,0.286,0.295,,,0.0101886903844687,0.1280918726077391,1,0.0,0.4352190697455609,Pablo Sarabia,Pablo Sarabia,Wolves
8647,0,0,6,0,0.4,499,0.0,0.0,0.0,0.68,362,0,0,0.8,7.2,2025-05-16,52,0,0,0,0,0,0,0,False,2,0,0,0,0,37,0,22085,1,0,2,0.0,1,30,431,401,4.7,False,0,0,0,0.0,54,Aston Villa,Tottenham,2,0,26963,2024,727523,0.0,0,0,0,0.0,0.4079810380935669,0.4079810380935669,Tottenham,2,4,37,1.5,MID,0.0,0.0,0.39,0.39,3.39,2.0,0.0,2.9,14.6,1.9,12.0,90.0,0.0,0.0,0.0,0.0,0.0,0.0,1.0,2.0,0.0,2.0,0.0,2.0,0.48,0.0,0.0,0.0,0.0,0.0,0.48,0.54,0.07,1.8,0.0,0.04,0.19,0.15,1.79,1.67,0.0,2.6,12.73,6.33,6.67,75.0,0.0,0.0,0.0,0.0,0.0,0.0,0.67,1.33,2.0,1.67,0.0,1.33,0.17,0.08,0.0,0.0,0.33,0.0,0.17,0.29,0.04,1.1,0.0,0.03,0.15,0.12,1.36,1.8,0.0,2.0,7.72,4.7,7.4,71.8,0.0,0.0,0.0,0.0,0.0,0.0,0.8,1.6,2.2,1.6,0.0,1.4,0.12,0.05,0.0,0.0,0.2,0.0,0.12,0.35,0.19,0.76,71.0,0.0360576923076923,1.0,0.73,0.158,0.112,,,-6.725144885422194e-10,-5.689893001203925e-10,1,0.0,0.9999999949304597,Pape Matar Sarr,Pape Sarr,Spurs
8678,0,0,2,0,0.0,289,0.0,0.0,0.0,0.08,368,0,0,0.1,1.0,2025-05-18,10,0,0,0,0,0,0,0,False,10,0,0,0,0,37,0,61139,0,0,2,0.0,1,-1015,394,1409,4.8,True,0,0,0,0.0,9,Leicester,Ipswich,2,0,26969,2024,728538,0.0,0,0,0,0.0,0.0,0.0,Leicester,2,1,37,0.5,FWD,0.0,0.0,0.0,0.0,0.03,0.0,0.0,0.4,2.0,0.0,2.0,5.0,0.0,0.0,0.0,0.0,0.0,0.0,0.0,0.0,2.0,1.0,0.0,0.0,0.0,0.0,0.0,0.0,0.0,0.0,0.0,0.0,0.0,0.8,0.0,0.0,0.16,0.16,0.4,0.33,0.0,2.43,3.8,3.9,16.67,20.67,0.0,0.0,0.0,0.0,0.0,0.0,0.0,1.0,1.33,1.0,0.0,1.33,0.32,0.01,0.0,0.0,0.33,0.0,0.32,0.34,0.01,0.17,0.0,0.0,0.1,0.09,1.22,1.2,0.0,1.7,3.0,3.2,10.8,37.2,0.0,0.0,0.0,0.0,0.0,0.0,0.4,1.2,1.2,1.2,0.0,0.8,0.19,0.01,0.0,0.0,0.2,0.0,0.19,0.2,0.01,0.64,-3029.0,-0.5629506378258459,1.0,0.411,0.263,0.326,,,-0.0147167861748693,0.0167761627456239,0,,0.9914613435373946,Patson Daka,Patson Daka,Leicester
8702,0,1,30,1,16.9,52,0.07,0.07,0.0,0.51,362,0,0,3.8,18.6,2025-05-16,90,0,0,0,0,0,0,0,False,18,0,0,0,0,37,0,88846,1,0,2,2.0,7,-337,845,1182,4.2,True,0,0,0,0.0,90,Aston Villa,Tottenham,2,0,26963,2024,727506,0.0212725326418876,0,1,0,0.0,0.6822844743728638,0.6822844743728638,Aston Villa,2,4,37,4.7,DEF,0.0,0.0,0.0,0.0,0.72,0.0,0.0,0.2,2.0,0.0,0.0,20.0,0.0,0.0,0.0,0.0,0.0,0.0,0.0,1.0,0.0,1.0,0.0,0.0,0.0,0.0,0.0,0.0,0.0,0.0,0.0,0.0,0.0,2.0,0.33,0.01,0.01,0.0,0.97,0.67,0.0,1.37,7.73,3.73,2.0,66.67,0.0,0.0,0.0,0.0,0.0,0.0,0.67,0.67,1.0,2.67,0.0,0.0,0.0,0.03,0.0,0.0,0.33,0.0,0.0,0.2,0.16,2.13,0.4,0.0,0.0,0.0,0.82,0.6,0.0,1.6,11.68,2.4,1.6,61.8,0.0,0.0,0.0,0.0,0.0,0.0,0.8,1.4,1.0,3.4,0.0,0.2,0.0,0.02,0.0,0.0,0.2,0.0,0.0,0.15,0.13,2.44,-405.0,-0.1662555500740009,6.0,0.73,0.158,0.112,,1.27001953125,0.0002835784027082,0.0742891606422693,0,0.0,1.589568952343057,Pau Torres,Pau Torres,Aston Villa
8762,0,0,5,1,18.5,560,0.05,0.07,0.02,0.29,365,0,0,4.3,5.8,2025-05-16,90,0,0,0,0,0,0,0,False,14,0,0,0,0,37,0,178371,1,0,1,19.0,3,25457,31651,6194,6.1,True,0,0,1,0.0459916405379772,90,Chelsea,Manchester United,1,0,26966,2024,727541,0.0207535289227962,0,1,0,0.0459916405379772,0.3512160778045654,0.3052244186401367,Chelsea,2,4,37,3.2,MID,0.0,0.06,0.26,0.2,1.57,2.0,0.0,3.0,6.6,9.3,14.0,90.0,0.0,0.0,0.0,0.0,0.0,0.0,1.0,0.0,2.0,2.0,0.0,2.0,0.21,0.0,0.0,0.0,0.0,0.0,0.21,0.3,0.09,4.5,0.33,0.17,0.3,0.13,1.02,1.0,0.0,4.37,13.67,19.03,11.0,90.0,0.0,0.0,0.0,0.0,0.0,0.0,1.0,0.33,2.0,3.33,0.0,1.67,0.14,0.16,0.33,0.33,1.0,0.0,0.14,0.44,0.21,2.9,0.2,0.25,0.41,0.16,0.88,1.2,0.2,8.52,25.92,37.76,21.6,90.0,0.0,0.0,0.0,0.0,0.0,0.0,1.0,1.0,1.8,4.6,0.2,2.6,0.16,0.26,0.2,0.2,2.0,0.2,0.16,0.59,0.33,2.54,28576.0,0.6726648170167789,3.0,0.659,0.19,0.152,,,0.1337077186509363,0.0654012139407878,0,0.0,2.864742235077045,,,
8826,0,0,14,0,24.0,122,0.19,0.3,0.11,2.24,364,2,0,8.5,36.6,2025-05-19,90,0,0,0,0,0,0,0,False,12,0,0,0,0,37,0,141672,1,2,3,24.0,1,-2735,4031,6766,4.9,True,0,0,5,0.1307324469089508,90,Brighton,Liverpool,3,2,26965,2024,729252,0.0732052847743034,0,2,0,0.1307324469089508,0.5705821514129639,0.4991904199123382,Brighton,5,3,37,1.8,DEF,1.0,0.02,0.02,0.0,0.91,0.0,0.0,3.1,25.6,3.7,2.0,90.0,0.0,0.0,0.0,0.0,0.0,0.0,1.0,2.0,0.0,7.0,0.0,0.0,0.0,0.0,0.0,0.0,0.0,0.0,0.0,0.05,0.05,2.2,0.33,0.03,0.14,0.11,1.35,1.0,0.0,3.13,18.53,3.97,9.0,90.0,0.0,0.0,0.0,0.0,0.0,0.0,1.0,1.67,1.33,3.33,0.0,1.67,0.1,0.0,0.0,0.0,0.0,0.0,0.1,0.31,0.23,0.73,0.2,0.07,0.14,0.07,1.54,1.8,0.0,3.18,16.72,8.26,7.0,90.0,0.0,0.0,0.0,0.0,0.4,0.0,1.0,1.8,2.0,1.8,0.0,1.0,0.06,0.04,0.0,0.0,0.4,0.0,0.06,0.41,0.33,0.48,-2948.0,-0.2533111049365564,1.0,0.363,0.252,0.385,,1.240656852722168,0.1019028366368166,0.1128050390400126,0,0.0,2.3298321369409374,Pervis Estupiñán,Estupiñán,Brighton
8951,0,0,0,0,3.8,375,0.0,0.0,0.0,0.82,365,1,0,0.2,0.0,2025-05-16,90,0,0,0,0,0,0,0,False,6,0,0,0,0,37,0,118382,1,0,1,0.0,2,-785,1888,2673,6.9,False,0,0,0,0.0,90,Chelsea,Manchester United,1,0,26966,2024,727557,0.0,0,0,0,0.0,0.0,0.0,Manchester United,2,4,37,3.2,FWD,0.0,0.01,1.32,1.31,1.56,2.0,0.0,7.2,0.0,3.3,70.0,90.0,0.0,0.0,0.0,0.0,0.0,0.0,1.0,2.0,0.0,2.0,0.0,6.0,1.23,0.0,0.0,0.0,0.0,0.0,1.23,0.52,0.02,3.2,0.33,0.01,0.63,0.62,0.74,1.0,0.33,5.83,12.6,6.1,40.33,83.0,0.0,0.0,0.0,0.0,0.0,0.0,1.0,1.33,0.33,4.33,0.33,2.67,0.58,0.01,0.0,0.0,0.33,0.33,0.58,0.32,0.01,1.57,0.4,0.01,0.44,0.43,0.73,1.0,0.2,3.92,7.8,5.4,26.4,70.8,0.0,0.0,0.0,0.0,0.0,0.0,0.8,1.0,1.0,3.2,0.2,2.0,0.4,0.01,0.0,0.0,0.2,0.2,0.4,0.25,0.02,1.5,-558.0,-0.1721113790835343,2.0,0.659,0.19,0.152,,,0.0347581577954489,6.746065928098233e-10,0,,2.1390326332056153,Rasmus Højlund,Rasmus Højlund,Man Utd
8988,0,0,4,0,64.1,533,0.26,0.26,0.0,1.69,366,4,0,8.6,20.2,2025-05-20,90,0,0,0,0,0,0,0,False,7,0,0,0,0,37,0,1787695,1,2,4,2.0,0,-19817,41869,61686,5.1,False,0,0,0,0.0,90,Crystal Palace,Wolverhampton Wanderers,4,2,26967,2024,729300,0.3341764509677887,0,5,0,0.0,0.1976658254861831,0.0750548839569091,Wolverhampton Wanderers,3,3,37,3.5,DEF,0.0,0.04,0.06,0.02,1.57,2.0,0.0,7.8,25.8,24.7,27.0,90.0,0.0,0.0,0.0,0.0,0.0,0.0,1.0,2.0,0.0,1.0,0.0,1.0,0.04,0.13,0.0,0.0,2.0,0.0,0.04,0.13,0.1,4.8,0.33,0.09,0.2,0.11,1.13,1.0,0.0,5.9,21.0,17.3,20.33,85.33,0.0,0.0,0.0,0.0,0.0,0.0,1.0,0.67,1.33,4.67,0.0,2.0,0.22,0.17,0.33,0.33,1.0,0.0,0.22,0.44,0.22,4.1,0.4,0.2,0.28,0.08,1.02,0.8,0.2,6.22,26.44,19.26,16.4,81.2,0.0,0.0,0.0,0.0,0.2,0.0,1.0,1.0,1.6,6.6,0.2,1.4,0.14,0.28,0.4,0.4,1.2,0.2,0.14,0.45,0.16,3.9,-43835.0,-0.1913669064748201,0.0,0.419,0.286,0.295,,0.9215162992477416,0.0007631689194027,0.1691897939075008,0,1.0,6.0511483952389185,Rayan Aït-Nouri,Rayan Ait Nouri,Wolves
9026,0,3,36,0,11.9,252,0.04,0.41,0.37,2.87,363,2,1,10.5,47.2,2025-05-18,90,0,0,0,0,0,0,0,False,4,0,0,0,0,37,0,568619,1,3,2,46.0,9,-6227,13754,19981,5.3,False,0,1,5,0.8263295292854309,90,Brentford,Fulham,2,3,26964,2024,728520,0.0764139890670776,0,1,1,0.8263295292854309,0.7997319102287292,0.0978299304842948,Fulham,3,3,37,5.2,FWD,0.0,0.06,0.26,0.2,1.12,3.0,1.0,9.7,37.0,32.5,27.0,90.0,0.0,0.0,0.0,0.0,0.0,0.0,1.0,3.0,1.0,9.0,1.0,2.0,0.6,0.14,0.0,0.0,3.0,1.0,0.6,0.81,0.67,3.5,0.0,0.06,0.37,0.31,0.9,1.67,0.33,6.87,17.4,23.37,29.0,90.0,0.0,0.0,0.0,0.0,0.33,0.0,1.0,1.67,1.0,4.0,0.33,3.33,0.46,0.12,0.0,0.0,2.0,0.33,0.46,0.63,0.33,1.67,0.0,0.05,0.23,0.19,0.7,1.2,0.2,4.76,11.76,17.84,18.6,77.2,0.0,0.0,0.0,0.0,0.2,0.0,0.8,1.4,1.0,3.0,0.2,2.0,0.28,0.08,0.0,0.0,1.4,0.2,0.28,0.38,0.2,1.3,-3974.0,-0.1845857418111753,6.0,0.495,0.242,0.263,,,0.6233877180429954,0.1062971214165726,0,,4.8124422364217,Raúl Jiménez,Raúl Jiménez,Fulham
9045,1,1,34,1,13.5,172,0.24,0.3,0.06,0.29,365,0,0,4.4,25.8,2025-05-16,90,0,0,0,0,0,0,0,False,14,0,0,0,0,37,0,104851,1,0,1,5.0,10,-1689,2815,4504,4.8,True,0,0,2,0.0590226650238037,90,Chelsea,Manchester United,1,0,26966,2024,727535,0.3052244186401367,1,1,0,0.0590226650238037,0.6876460909843445,0.668626070022583,Chelsea,2,4,37,3.2,DEF,0.0,0.02,0.13,0.11,0.09,1.0,0.0,1.3,2.4,4.8,6.0,45.0,0.0,0.0,0.0,0.0,0.0,0.0,0.0,0.0,2.0,1.0,0.0,1.0,0.2,0.0,0.0,0.0,0.0,0.0,0.2,0.25,0.05,0.5,0.0,0.01,0.04,0.04,0.11,0.33,0.0,0.7,1.73,3.13,2.0,23.33,0.0,0.0,0.0,0.0,0.0,0.0,0.0,0.33,2.0,1.0,0.0,0.33,0.07,0.0,0.0,0.0,0.0,0.0,0.07,0.08,0.02,0.1,0.2,0.06,0.1,0.04,0.18,0.4,0.0,2.26,5.48,10.14,6.8,38.2,0.0,0.0,0.0,0.0,0.0,0.0,0.4,0.6,1.4,2.6,0.0,0.8,0.06,0.13,0.0,0.0,0.6,0.0,0.06,0.06,0.02,1.52,-815.0,-0.2307692307692307,9.0,0.659,0.19,0.152,,1.326796054840088,0.0328406845393742,0.0580171436658989,0,0.0,0.7080955382339418,Reece James,Reece James,Chelsea
9078,0,0,7,0,3.0,302,0.0,0.0,0.0,0.42,368,0,0,1.4,11.4,2025-05-18,26,0,0,0,0,0,0,0,False,10,0,0,0,0,37,0,7975,0,0,2,0.0,1,-12,46,58,4.1,True,0,0,0,0.0,25,Leicester,Ipswich,2,0,26969,2024,728537,0.0,0,0,0,0.0,0.0876941084861755,0.0876941084861755,Leicester,2,1,37,0.4,DEF,0.0,0.0,0.0,0.0,0.84,1.0,0.0,1.2,9.8,1.8,0.0,45.0,0.0,0.0,0.0,0.0,0.0,0.0,1.0,0.0,3.0,1.0,0.0,0.0,0.0,0.0,0.0,0.0,0.0,0.0,0.0,0.05,0.05,0.0,0.0,0.0,0.0,0.0,1.21,0.67,0.0,0.97,8.0,1.53,0.0,52.0,0.0,0.0,0.0,0.0,0.0,0.0,0.67,1.0,1.67,1.33,0.0,0.0,0.0,0.0,0.0,0.0,0.0,0.0,0.0,0.06,0.06,-0.1,0.0,0.0,0.01,0.01,0.82,0.4,0.0,0.92,6.48,1.1,1.6,37.2,0.0,0.0,0.0,0.0,0.0,0.0,0.4,1.2,1.4,1.2,0.0,0.2,0.02,0.0,0.0,0.0,0.0,0.0,0.02,0.06,0.04,0.0,-258.0,-0.1153846153846153,1.0,0.411,0.263,0.326,,0.7502933740615845,3.9846503874230166e-10,-5.972489169892015e-10,0,1.0,4.6250000005990435,,,
9098,0,0,6,0,2.0,578,0.01,0.01,0.0,0.4,361,0,0,0.7,2.8,2025-05-18,45,0,0,0,0,0,0,0,False,15,0,0,0,0,37,0,136300,0,0,1,2.0,1,889,1172,283,5.8,True,0,0,0,0.0,44,Arsenal,Newcastle United,1,0,26962,2024,728571,0.0,0,0,0,0.0,0.0997125431895256,0.0997125431895256,Arsenal,4,5,37,1.2,DEF,0.0,0.0,0.0,0.0,0.37,0.0,0.0,0.0,0.2,0.0,0.0,12.0,0.0,0.0,0.0,0.0,0.0,0.0,0.0,2.0,2.0,1.0,0.0,0.0,0.0,0.0,0.0,0.0,0.0,0.0,0.0,0.0,0.0,0.2,0.0,0.03,0.06,0.03,0.23,0.33,0.0,1.03,1.4,5.2,4.0,38.0,0.0,0.0,0.0,0.0,0.33,0.0,0.67,1.0,1.0,0.67,0.0,0.33,0.02,0.04,0.0,0.0,0.33,0.0,0.02,0.13,0.09,0.73,0.0,0.02,0.06,0.04,0.36,0.4,0.0,1.58,3.36,6.2,6.4,36.6,0.0,0.0,0.0,0.0,0.2,0.0,0.6,1.2,0.6,0.8,0.0,0.6,0.03,0.03,0.0,0.0,0.4,0.0,0.03,0.21,0.17,1.74,1127.0,0.6109965635738832,1.0,0.487,0.257,0.257,,0.7422822713851929,0.0024698782524548,-5.972489169892015e-10,0,0.0,0.6438192677229821,Riccardo Calafiori,Riccardo Calafiori,Arsenal
9112,0,0,3,0,0.0,497,0.0,0.0,0.0,0.06,362,0,0,0.0,0.0,2025-05-16,3,0,0,0,0,0,0,0,False,2,0,0,0,0,37,0,43820,0,0,2,0.0,1,-380,546,926,6.8,False,0,0,0,0.0,2,Aston Villa,Tottenham,2,0,26963,2024,727529,0.0,0,0,0,0.0,0.0,0.0,Tottenham,2,4,37,0.8,FWD,0.0,0.0,0.14,0.14,0.47,1.0,0.0,0.6,0.0,0.3,10.0,67.0,0.0,0.0,0.0,0.0,0.0,0.0,1.0,1.0,1.0,2.0,0.0,2.0,0.16,0.0,0.0,0.0,0.0,0.0,0.16,0.16,0.0,3.2,0.0,0.01,0.54,0.53,0.45,1.33,0.33,3.83,9.67,0.63,30.0,60.0,0.0,0.0,0.0,0.0,0.33,0.0,0.67,1.33,2.33,2.67,0.33,3.0,0.62,0.0,0.0,0.0,0.0,0.33,0.62,0.59,0.0,1.83,0.2,0.0,0.54,0.53,0.7,1.0,0.4,4.46,15.92,2.62,27.2,54.6,0.0,0.0,0.0,0.0,0.2,0.0,0.6,1.6,2.2,3.0,0.4,2.4,0.54,0.01,0.0,0.0,0.2,0.4,0.54,0.39,0.01,1.74,164.0,-0.2581521739130434,1.0,0.73,0.158,0.112,,,0.0427192156688769,0.000764007784797,0,,2.1731688860298988,Richarlison de Andrade,Richarlison,Spurs
9118,0,0,7,0,1.3,92,0.01,0.01,0.0,0.07,363,0,0,0.7,4.0,2025-05-18,14,0,0,0,0,0,0,0,False,9,0,0,0,0,37,0,3414,0,3,2,2.0,1,1,68,67,4.3,True,0,0,0,0.0,11,Brentford,Fulham,2,3,26964,2024,728508,0.0,0,0,0,0.0,0.0706579759716987,0.0706579759716987,Brentford,3,3,37,0.5,DEF,0.0,0.0,0.0,0.0,0.26,2.0,0.0,0.4,4.0,0.3,0.0,18.0,0.0,0.0,0.0,0.0,0.0,0.0,0.0,3.0,4.0,0.0,0.0,0.0,0.0,0.0,0.0,0.0,0.0,0.0,0.0,0.62,0.62,0.5,0.0,0.0,0.0,0.0,0.61,1.0,0.0,0.3,2.87,0.17,0.0,25.67,0.0,0.0,0.0,0.0,0.0,0.0,0.0,2.33,2.67,0.67,0.0,0.0,0.0,0.0,0.0,0.0,0.0,0.0,0.0,0.21,0.21,0.23,,,,,,,,,,,,,,,,,,,,,,,,,,,,,,,,,,,190.0,0.0074074074074074,1.0,0.495,0.242,0.263,,0.4317461252212524,0.0068762238417645,-5.972489169892015e-10,0,0.0,0.8252573412588402,Rico Henry,Rico Henry,Brentford
9177,0,0,22,1,0.0,185,0.0,0.0,0.0,0.29,365,0,0,1.0,10.2,2025-05-16,90,0,0,0,0,0,0,0,False,14,0,0,0,0,37,1,716644,1,0,1,0.0,6,-1398,7779,9177,4.5,True,0,0,0,0.0,90,Chelsea,Manchester United,1,0,26966,2024,727534,0.0,0,0,0,0.0,0.0,0.0,Chelsea,2,4,37,4.8,GK,0.0,0.0,0.0,0.0,1.57,2.0,0.0,3.8,37.6,0.0,0.0,90.0,0.0,0.0,0.0,0.0,0.0,4.0,1.0,0.0,2.0,2.0,0.0,0.0,0.0,0.0,0.0,0.0,0.0,0.0,0.0,0.24,0.24,3.3,0.33,0.0,0.0,0.0,1.02,1.0,0.0,2.67,23.0,3.33,0.0,90.0,0.0,0.0,0.0,0.0,0.0,2.67,1.0,0.33,2.0,4.33,0.0,0.0,0.0,0.0,0.0,0.0,0.0,0.0,0.0,0.21,0.21,1.73,0.2,0.0,0.0,0.0,0.88,1.2,0.0,1.94,17.08,2.0,0.0,90.0,0.0,0.0,0.0,0.0,0.0,2.0,1.0,1.0,1.8,3.2,0.0,0.0,0.0,0.0,0.0,0.0,0.0,0.0,0.0,0.23,0.23,1.8,1359.0,-0.0824486907289455,6.0,0.659,0.19,0.152,1.1497364001198245,0.8417753886890533,,,0,0.0,1.962,Robert Sánchez,Robert Sánchez,Chelsea
9185,0,0,3,0,0.4,360,0.0,0.0,0.0,0.29,369,1,0,0.2,1.4,2025-05-20,7,0,0,0,0,0,0,0,False,3,0,0,0,0,37,0,86458,0,1,3,0.0,1,-13,64,77,6.2,True,0,0,0,0.0,5,Manchester City,Bournemouth,3,1,26970,2024,729325,0.0,0,0,0,0.0,0.0,0.0,Manchester City,3,4,37,0.4,MID,0.0,0.01,0.01,0.0,0.0,0.0,0.0,0.4,3.2,0.8,0.0,20.0,0.0,0.0,0.0,0.0,0.0,0.0,1.0,2.0,2.0,1.0,0.0,0.0,0.0,0.0,0.0,0.0,0.0,0.0,0.0,0.65,0.65,0.5,,,,,,,,,,,,,,,,,,,,,,,,,,,,,,,,,,,,,,,,,,,,,,,,,,,,,,,,,,,,,,,,,,,,,-111550.0,-0.0921985815602836,1.0,0.614,0.22,0.166,,,-6.725144885422194e-10,-5.689893001203925e-10,1,0.0,-1.0000000050695403,,,
9210,0,0,5,0,0.3,480,0.0,0.0,0.0,0.1,362,0,0,0.3,2.6,2025-05-16,16,0,0,0,0,0,0,0,False,2,0,0,0,0,37,0,13998,0,0,2,0.0,1,-20,68,88,4.9,False,0,0,0,0.0,15,Aston Villa,Tottenham,2,0,26963,2024,727531,0.0,0,0,0,0.0,0.0,0.0,Tottenham,2,4,37,0.2,MID,0.0,0.0,0.0,0.0,2.02,1.0,0.0,0.2,1.4,0.2,0.0,45.0,0.0,0.0,0.0,0.0,1.0,0.0,1.0,2.0,0.0,0.0,0.0,0.0,0.0,0.0,0.0,0.0,0.0,0.0,0.0,0.0,0.0,0.5,0.0,0.03,0.03,0.0,1.32,1.67,0.0,1.5,6.4,6.33,2.0,56.67,0.0,0.0,0.0,0.0,0.33,0.0,0.67,2.0,1.67,1.0,0.0,0.0,0.0,0.01,0.0,0.0,0.33,0.0,0.0,0.14,0.14,0.5,0.0,0.04,0.04,0.0,1.14,1.2,0.0,1.86,11.36,5.48,1.6,63.2,0.0,0.0,0.0,0.0,0.2,0.0,0.8,1.4,1.8,1.2,0.0,0.0,0.0,0.01,0.0,0.0,0.2,0.0,0.0,0.28,0.28,0.98,11.0,-0.1282051282051282,1.0,0.73,0.158,0.112,,,-6.725144885422194e-10,-5.689893001203925e-10,1,0.0,-5.069540343072276e-09,Rodrigo Bentancur,Rodrigo Bentancur,Spurs
9235,0,0,9,0,2.2,563,0.05,0.19,0.14,1.2,366,3,0,1.2,2.8,2025-05-20,80,0,0,0,0,0,0,0,False,7,0,0,0,0,37,0,7679,1,2,4,7.0,2,-31,48,79,5.1,False,0,0,1,0.0923997685313224,84,Crystal Palace,Wolverhampton Wanderers,4,2,26967,2024,729299,0.0,0,0,0,0.0923997685313224,0.0923997685313224,0.0,Wolverhampton Wanderers,3,3,37,2.5,MID,0.0,0.0,0.0,0.0,0.66,1.0,0.0,0.3,0.2,1.2,2.0,31.0,0.0,0.0,0.0,0.0,0.0,0.0,0.0,2.0,0.0,1.0,0.0,0.0,0.0,0.0,0.0,0.0,0.0,0.0,0.0,0.0,0.0,2.2,0.0,0.0,0.07,0.07,0.28,0.33,0.33,2.4,13.27,4.17,6.67,22.67,0.0,0.0,0.0,0.0,0.0,0.0,0.0,0.67,1.33,2.67,0.33,0.67,0.06,0.03,0.0,0.0,0.33,0.33,0.06,0.09,0.0,1.3,0.0,0.0,0.04,0.04,0.47,0.4,0.2,1.84,8.84,4.72,4.8,20.8,0.0,0.0,0.0,0.0,0.0,0.0,0.0,1.0,1.6,2.0,0.2,0.4,0.04,0.02,0.0,0.0,0.4,0.2,0.04,0.06,0.0,0.94,-29.0,-0.2440944881889764,2.0,0.419,0.286,0.295,,,0.05708948659775,-5.689893001203925e-10,1,0.0,0.28544743128178207,,,
9283,0,0,2,0,0.3,174,0.0,0.0,0.0,0.0,365,0,0,0.0,0.0,2025-05-16,9,0,0,0,0,0,0,0,False,14,0,0,0,0,37,0,45691,0,0,1,0.0,1,299,506,207,4.5,True,0,0,0,0.0,4,Chelsea,Manchester United,1,0,26966,2024,727545,0.0,0,0,0,0.0,0.0,0.0,Chelsea,2,4,37,2.2,MID,0.0,0.04,0.04,0.0,1.55,1.0,0.0,1.0,3.6,6.3,0.0,74.0,0.0,0.0,0.0,0.0,0.0,0.0,1.0,0.0,2.0,2.0,0.0,0.0,0.0,0.0,0.0,0.0,0.0,0.0,0.0,0.15,0.15,1.5,0.67,0.02,0.02,0.0,0.89,0.33,0.0,1.4,6.8,6.9,0.0,72.33,0.0,0.0,0.0,0.0,0.0,0.0,1.0,0.33,2.0,2.67,0.0,0.0,0.0,0.01,0.0,0.0,0.33,0.0,0.0,0.24,0.22,0.67,0.4,0.02,0.02,0.0,0.73,0.4,0.0,1.04,4.68,5.38,0.0,56.0,0.0,0.0,0.0,0.0,0.2,0.0,0.8,0.6,1.8,1.8,0.0,0.0,0.0,0.01,0.0,0.0,0.2,0.0,0.0,0.17,0.17,0.54,287.0,0.4193548387096774,1.0,0.659,0.19,0.152,,,-6.725144885422194e-10,0.0002854695831735,1,0.0,1.0008564053869482,Roméo Lavia,Romeo Lavia,Chelsea
9304,0,0,4,0,0.2,29,0.0,0.0,0.0,0.0,362,0,0,0.2,1.4,2025-05-16,2,0,0,0,0,0,0,0,False,18,0,0,0,0,37,0,25625,0,0,2,0.0,1,31,97,66,5.2,True,0,0,0,0.0,1,Aston Villa,Tottenham,2,0,26963,2024,727517,0.0,0,0,0,0.0,0.0,0.0,Aston Villa,2,4,37,0.7,MID,0.0,0.0,0.0,0.0,0.09,0.0,0.0,0.3,2.2,1.2,0.0,7.0,0.0,0.0,0.0,0.0,0.0,0.0,0.0,0.0,1.0,1.0,0.0,0.0,0.0,0.0,0.0,0.0,0.0,0.0,0.0,0.13,0.13,0.5,0.0,0.01,0.06,0.05,0.17,0.33,0.33,3.47,19.13,6.07,9.67,30.0,0.0,0.0,0.0,0.0,0.0,0.0,0.33,0.67,2.33,4.0,0.33,1.0,0.05,0.02,0.0,0.0,0.33,0.33,0.05,0.16,0.14,0.83,0.0,0.01,0.04,0.03,0.21,0.4,0.2,2.6,13.88,6.08,6.2,23.6,0.0,0.0,0.0,0.0,0.0,0.0,0.2,0.8,2.4,2.8,0.2,0.6,0.03,0.02,0.0,0.0,0.4,0.2,0.03,0.1,0.09,0.82,109.0,0.1901840490797546,1.0,0.73,0.158,0.112,,,-6.725144885422194e-10,0.0002854695831735,0,0.0,1.000856405386948,Ross Barkley,Ross Barkley,Aston Villa
9316,0,0,4,0,0.4,473,0.0,0.51,0.51,0.03,367,0,0,4.0,6.0,2025-05-18,30,0,0,0,0,0,0,0,False,8,0,0,0,0,37,0,192477,0,0,2,34.0,1,2791,6927,4136,4.4,False,0,0,3,0.3397215008735657,28,Everton,Southampton,2,0,26968,2024,728306,0.0,0,0,0,0.3397215008735657,0.9903321266174316,0.7866973876953125,Southampton,1,3,37,0.7,FWD,0.0,0.0,0.0,0.0,0.11,0.0,0.0,0.0,0.2,0.1,0.0,2.0,0.0,0.0,0.0,0.0,0.0,0.0,0.0,0.0,0.0,1.0,0.0,0.0,0.0,0.0,0.0,0.0,0.0,0.0,0.0,0.0,0.0,0.2,0.33,0.0,0.05,0.05,0.72,0.67,0.0,0.63,1.47,0.7,4.67,37.33,0.0,0.0,0.0,0.0,0.0,0.0,0.67,0.67,1.0,1.33,0.0,0.67,0.05,0.0,0.0,0.0,0.0,0.0,0.05,0.03,0.0,0.47,0.2,0.0,0.03,0.03,0.88,1.0,0.0,0.44,1.28,0.78,2.8,29.2,0.0,0.0,0.0,0.0,0.0,0.0,0.4,1.2,0.8,1.2,0.0,0.4,0.03,0.0,0.0,0.0,0.0,0.0,0.03,0.02,0.0,0.34,4017.0,0.2522823827171653,1.0,0.675,0.199,0.126,,,0.468762945890562,0.0147800717767918,0,,2.9193919988926234,Ross Stewart,Ross Stewart,Southampton
9390,0,0,15,0,6.2,323,0.01,0.04,0.03,2.2,364,3,0,1.9,10.8,2025-05-19,90,0,0,0,0,0,0,0,False,5,0,0,0,0,37,0,78373,1,2,3,2.0,2,-204,650,854,5.0,False,0,0,1,0.0146231697872281,90,Brighton,Liverpool,3,2,26965,2024,729270,0.0,0,0,0,0.0146231697872281,1.118122100830078,1.103498935699463,Liverpool,5,3,37,3.2,MID,0.0,0.01,0.09,0.08,2.21,2.0,0.0,0.7,0.2,0.8,6.0,82.0,0.0,0.0,0.0,0.0,0.0,0.0,1.0,2.0,2.0,2.0,0.0,1.0,0.07,0.0,0.0,0.0,0.0,0.0,0.07,0.56,0.49,2.5,0.33,0.03,0.08,0.05,0.98,1.0,0.0,2.93,16.8,7.67,5.0,87.33,0.0,0.0,0.0,0.0,0.0,0.0,1.0,1.33,2.33,3.33,0.0,1.0,0.04,0.01,0.33,0.33,0.33,0.0,0.04,0.94,0.89,2.4,0.2,0.03,0.07,0.03,1.04,1.4,0.0,3.06,18.76,8.24,3.8,88.4,0.0,0.0,0.0,0.0,0.0,0.0,1.0,1.4,2.4,3.4,0.0,0.8,0.03,0.01,0.4,0.4,0.4,0.0,0.03,0.65,0.62,2.44,-44.0,-0.1356382978723404,2.0,0.363,0.252,0.385,,,0.0108891513183571,-5.689893001203925e-10,1,1.0,2.0544457548848176,Ryan Gravenberch,Ryan Gravenberch,Liverpool
9430,0,0,4,0,0.3,579,0.0,0.0,0.0,0.14,363,0,0,0.4,3.2,2025-05-18,10,0,0,0,0,0,0,0,False,4,0,0,0,0,37,0,341188,0,3,2,0.0,1,-13164,10989,24153,4.2,False,0,0,0,0.0,6,Brentford,Fulham,2,3,26964,2024,728522,0.0,0,0,0,0.0,0.0,0.0,Fulham,3,3,37,3.2,DEF,0.0,0.03,0.07,0.04,1.03,3.0,0.0,5.5,28.0,3.5,23.0,82.0,0.0,0.0,0.0,0.0,0.0,0.0,1.0,3.0,1.0,1.0,0.0,1.0,0.04,0.0,0.0,0.0,0.0,0.0,0.04,0.73,0.73,5.8,0.0,0.11,0.23,0.13,0.62,1.67,0.33,7.57,31.67,21.97,21.67,76.0,0.0,0.0,0.0,0.0,0.33,0.0,1.0,1.67,1.0,4.0,0.33,1.33,0.1,0.1,0.0,0.0,1.67,0.33,0.1,0.57,0.47,3.87,0.2,0.07,0.23,0.16,0.81,1.2,0.2,6.46,26.04,16.36,22.0,72.4,0.0,0.0,0.0,0.0,0.2,0.0,1.0,1.4,1.0,4.8,0.2,1.4,0.2,0.07,0.2,0.2,1.2,0.2,0.2,0.5,0.31,3.48,-26824.0,-0.3745945023049342,1.0,0.495,0.242,0.263,,0.2569490671157837,3.9846503874230166e-10,-5.972489169892015e-10,0,0.0,1.8720000005990434,Ryan Sessegnon,Ryan Sessegnon,Fulham
9466,0,0,3,0,0.3,449,0.0,0.0,0.0,0.01,370,0,0,0.1,0.4,2025-05-18,1,0,0,0,0,0,0,0,False,19,0,0,0,0,37,0,15073,0,2,1,0.0,1,-77,51,128,4.8,False,0,0,0,0.0,1,West Ham,Nottingham Forest,1,2,26971,2024,728428,0.0,0,0,0,0.0,0.0,0.0,Nottingham Forest,4,2,37,1.5,MID,0.0,0.01,0.06,0.05,0.39,1.0,0.0,1.7,4.6,10.6,2.0,16.0,0.0,0.0,0.0,0.0,0.0,0.0,0.0,2.0,2.0,1.0,0.0,1.0,0.03,0.03,0.0,0.0,1.0,0.0,0.03,0.06,0.0,1.8,0.0,0.01,0.03,0.03,0.85,1.0,0.0,1.07,3.87,4.5,2.33,38.0,0.0,0.0,0.0,0.0,0.33,0.0,0.33,1.67,1.0,1.0,0.0,0.67,0.02,0.01,0.0,0.0,0.33,0.0,0.02,0.07,0.05,1.03,0.0,0.0,0.02,0.02,0.8,1.0,0.0,0.84,3.8,2.78,1.8,32.2,0.0,0.0,0.0,0.0,0.4,0.0,0.2,1.6,0.8,0.8,0.0,0.4,0.01,0.01,0.0,0.0,0.2,0.0,0.01,0.04,0.03,1.16,-72.0,-0.4301675977653631,1.0,0.343,0.286,0.37,,,-6.725144885422194e-10,-5.689893001203925e-10,1,0.0,-5.069540343072276e-09,Ryan Yates,Ryan Yates,Nott'm Forest
9493,0,0,12,0,2.8,361,0.01,0.01,0.0,1.06,369,1,0,2.1,16.0,2025-05-20,90,0,0,0,0,0,0,0,False,3,0,0,0,0,37,0,614256,1,1,3,2.0,2,52746,63715,10969,5.5,True,0,0,0,0.0,90,Manchester City,Bournemouth,3,1,26970,2024,729313,0.0,0,0,0,0.0,0.7865965962409973,0.7865965962409973,Manchester City,3,4,37,6.5,DEF,1.0,0.16,0.25,0.09,0.1,0.0,0.0,7.5,32.6,12.4,30.0,90.0,0.0,0.0,0.0,0.0,0.0,0.0,1.0,0.0,0.0,9.0,0.0,3.0,0.09,0.0,0.0,0.0,0.0,0.0,0.09,0.46,0.44,7.2,0.67,0.07,0.15,0.08,0.75,0.33,0.0,4.17,18.0,6.1,17.67,90.0,0.0,0.0,0.0,0.0,0.0,0.0,1.0,0.33,1.0,6.0,0.0,2.0,0.07,0.0,0.0,0.0,0.0,0.0,0.07,0.3,0.29,7.1,0.6,0.05,0.1,0.05,1.0,0.6,0.0,3.64,20.08,5.22,11.0,90.0,0.0,0.0,0.0,0.0,0.0,0.0,1.0,1.0,1.6,5.2,0.0,1.2,0.04,0.0,0.0,0.0,0.0,0.0,0.04,0.75,0.74,6.14,52279.0,0.7062556906432436,2.0,0.614,0.22,0.166,,0.8888182640075684,0.0008000081185686,-5.972489169892015e-10,0,0.0,1.560800046919665,Rúben Gato Alves Dias,Rúben Dias,Man City
9533,0,0,22,0,53.1,278,0.29,0.3,0.01,0.76,368,2,0,7.5,16.8,2025-05-18,87,0,0,0,0,0,0,0,False,11,0,0,0,0,37,0,14559,1,0,2,5.0,2,-68,305,373,4.8,False,0,0,1,0.013901449739933,90,Leicester,Ipswich,2,0,26969,2024,728547,0.4242051243782043,0,4,0,0.013901449739933,0.7625101208686829,0.5867598056793213,Ipswich,2,1,37,1.8,MID,0.0,0.02,0.09,0.07,1.41,1.0,0.0,4.0,14.6,24.2,1.0,90.0,0.0,0.0,0.0,0.0,0.0,0.0,1.0,1.0,0.0,2.0,0.0,1.0,0.02,0.03,0.0,0.0,2.0,0.0,0.02,0.57,0.53,1.3,0.0,0.01,0.04,0.02,1.59,2.0,0.0,2.43,11.53,12.37,0.33,82.33,0.0,0.0,0.0,0.0,0.33,0.0,1.0,1.0,1.67,1.67,0.0,0.33,0.01,0.02,0.0,0.0,1.0,0.0,0.01,0.27,0.25,0.77,0.0,0.02,0.03,0.01,1.91,2.4,0.0,2.36,12.8,10.44,0.2,85.4,0.0,0.0,0.0,0.0,0.4,0.0,1.0,1.8,1.4,1.6,0.0,0.2,0.0,0.02,0.0,0.0,0.8,0.0,0.0,0.38,0.36,0.52,-38.0,-0.1002949852507374,2.0,0.411,0.263,0.326,,,0.0502324108716245,0.2417887637792244,1,0.0,1.9765283456957956,Sam Morsy,Sam Morsy,Ipswich
9594,0,0,9,0,1.4,622,0.01,0.01,0.0,2.61,363,2,0,0.9,7.4,2025-05-18,45,0,0,0,0,0,0,0,False,4,0,0,0,0,37,0,2914,1,3,2,0.0,1,10,69,59,5.0,False,0,0,0,0.0,50,Brentford,Fulham,2,3,26964,2024,728515,0.0,0,0,0,0.0,0.0357896797358989,0.0357896797358989,Fulham,3,3,37,1.0,MID,0.0,0.02,0.02,0.0,1.03,3.0,0.0,1.8,4.4,13.9,0.0,82.0,0.0,0.0,0.0,0.0,1.0,0.0,1.0,3.0,1.0,1.0,0.0,0.0,0.0,0.02,0.0,0.0,1.0,0.0,0.0,0.66,0.64,1.2,0.0,0.02,0.02,0.0,0.63,1.67,0.0,1.0,2.2,7.8,0.0,67.0,0.0,0.0,0.0,0.0,0.67,0.0,1.0,1.67,1.0,1.0,0.0,0.0,0.0,0.01,0.0,0.0,0.33,0.0,0.0,0.32,0.32,0.8,0.0,0.02,0.02,0.0,0.85,1.6,0.0,1.02,3.92,5.6,0.8,69.8,0.0,0.0,0.0,0.0,0.4,0.0,1.0,1.4,1.0,1.2,0.0,0.0,0.0,0.0,0.0,0.0,0.2,0.0,0.0,0.21,0.2,0.84,25.0,0.078125,1.0,0.495,0.242,0.263,,,-6.725144885422194e-10,-5.689893001203925e-10,1,0.0,0.9999999949304597,Sander Berge,Sander Berge,Fulham
9630,0,0,18,0,31.9,417,0.33,0.36,0.03,0.64,361,1,0,4.9,15.0,2025-05-18,90,0,0,0,0,0,0,0,False,1,0,0,0,0,37,0,95787,1,0,1,2.0,2,4321,7051,2730,5.5,False,0,0,1,0.0198947135359048,90,Arsenal,Newcastle United,1,0,26962,2024,728580,0.2031892985105514,0,2,0,0.0198947135359048,0.511974036693573,0.4920793175697326,Newcastle United,4,5,37,4.0,MID,1.0,0.17,0.84,0.67,0.69,0.0,1.0,11.4,44.0,35.2,35.0,90.0,0.0,0.0,0.0,0.0,0.0,0.0,1.0,0.0,2.0,11.0,1.0,1.0,0.62,0.07,0.0,0.0,2.0,1.0,0.62,0.84,0.22,5.3,0.67,0.25,0.52,0.27,0.49,0.33,0.33,8.2,25.4,40.87,15.67,90.0,0.0,0.0,0.0,0.0,0.0,0.0,1.0,0.33,2.0,5.33,0.33,1.33,0.27,0.16,0.0,0.0,3.0,0.33,0.27,0.71,0.4,3.4,0.6,0.16,0.33,0.18,1.15,1.0,0.2,6.26,22.16,27.98,12.4,90.0,0.0,0.0,0.0,0.0,0.0,0.0,1.0,0.4,3.0,4.8,0.2,1.2,0.17,0.15,0.2,0.2,2.0,0.2,0.17,0.61,0.42,3.34,5116.0,0.4417748696452305,2.0,0.487,0.257,0.257,,,0.0032347116761874,0.1379855135120997,0,0.0,2.430130098917236,Sandro Tonali,Sandro Tonali,Newcastle
9689,0,0,14,0,38.2,249,0.08,0.09,0.01,2.87,363,2,0,5.2,8.0,2025-05-18,90,0,0,0,0,0,0,0,False,4,0,0,0,0,37,0,5047,1,3,2,6.0,2,-89,6,95,4.8,False,0,0,1,0.0191768240183591,90,Brentford,Fulham,2,3,26964,2024,728516,0.1222377121448516,0,3,0,0.0191768240183591,0.2347587198019027,0.1302553713321685,Fulham,3,3,37,0.9,MID,0.0,0.04,0.18,0.14,0.96,1.0,0.0,2.9,8.4,7.4,13.0,90.0,0.0,0.0,0.0,0.0,0.0,0.0,1.0,0.0,1.0,2.0,0.0,2.0,0.11,0.0,0.0,0.0,0.0,0.0,0.11,0.34,0.23,2.0,0.33,0.02,0.09,0.07,0.64,0.33,0.0,2.63,9.33,11.3,5.67,68.67,0.0,0.0,0.0,0.0,0.0,0.0,0.67,1.33,1.0,2.0,0.0,1.0,0.05,0.02,0.0,0.0,0.67,0.0,0.05,0.17,0.12,1.27,0.2,0.03,0.1,0.06,0.93,0.8,0.0,2.46,9.64,8.92,6.0,73.0,0.0,0.0,0.0,0.0,0.2,0.0,0.8,1.2,1.4,1.8,0.0,1.0,0.04,0.01,0.0,0.0,0.4,0.0,0.04,0.13,0.08,0.7,-148.0,-0.8811881188118812,2.0,0.495,0.242,0.263,,,0.0448924328062405,0.1807921013910292,1,1.0,2.76683846820429,Saša Lukić,Sasa Lukic,Fulham
9758,0,0,1,0,10.8,338,0.0,0.1,0.1,0.99,363,3,0,2.9,8.0,2025-05-18,90,0,0,0,0,0,0,0,False,9,0,0,0,0,37,0,175823,1,3,2,10.0,0,3941,6849,2908,4.1,True,1,0,2,0.0594434775412082,90,Brentford,Fulham,2,3,26964,2024,728498,0.2341568768024444,0,1,0,0.0594434775412082,0.2936003506183624,0.0,Brentford,3,3,37,3.2,DEF,1.0,0.01,0.12,0.11,0.93,0.0,0.0,1.7,12.4,0.6,4.0,90.0,0.0,0.0,0.0,0.0,0.0,0.0,1.0,1.0,0.0,6.0,0.0,1.0,0.14,0.0,0.0,0.0,0.0,0.0,0.14,0.14,0.0,4.0,0.67,0.0,0.19,0.18,1.15,1.0,0.0,2.87,16.0,3.77,9.0,90.0,0.0,0.0,0.0,0.0,0.0,0.0,1.0,2.0,1.33,4.33,0.0,1.0,0.2,0.2,0.0,0.0,0.33,0.0,0.2,0.68,0.41,2.17,0.4,0.0,0.14,0.13,1.17,1.2,0.0,2.92,19.4,2.62,7.2,90.0,0.0,0.0,0.0,0.0,0.0,0.0,1.0,1.8,1.8,3.2,0.0,0.8,0.13,0.12,0.0,0.0,0.2,0.0,0.13,0.54,0.38,1.74,4116.0,0.4039151378497489,0.0,0.495,0.242,0.263,,1.1231045722961426,0.0606338283939811,0.0551189012612727,0,0.0,1.9671596741477047,Sepp van den Berg,Sepp van den Berg,Brentford
9763,0,0,3,0,5.0,496,0.0,0.05,0.05,1.29,362,2,0,2.0,12.6,2025-05-16,73,0,0,0,0,0,0,0,False,2,0,0,0,0,37,0,18334,1,0,2,2.0,1,-22,89,111,4.1,False,0,0,1,0.0614288263022899,75,Aston Villa,Tottenham,2,0,26963,2024,727522,0.0,0,0,0,0.0614288263022899,0.4615875780582428,0.4615875780582428,Tottenham,2,4,37,0.2,DEF,0.0,0.01,0.01,0.0,0.0,0.0,0.0,0.8,4.6,1.5,2.0,36.0,0.0,0.0,0.0,0.0,1.0,0.0,0.0,2.0,1.0,0.0,0.0,0.0,0.0,0.0,0.0,0.0,0.0,0.0,0.0,0.0,0.0,0.0,0.0,0.08,0.1,0.02,0.39,0.33,0.0,1.73,6.93,6.73,3.67,40.33,0.0,0.0,0.0,0.0,0.67,0.0,0.0,2.0,1.33,0.33,0.0,0.33,0.02,0.01,0.0,0.0,0.33,0.0,0.02,0.11,0.08,0.47,,,,,,,,,,,,,,,,,,,,,,,,,,,,,,,,,,,19.0,-0.11,1.0,0.73,0.158,0.112,,1.790595769882202,0.0012224750319582,-5.972489169892015e-10,0,0.0,0.11233484840000241,Sergio Reguilón,Sergio Reguilón,Spurs
9791,0,0,10,0,27.1,113,0.4,0.52,0.12,1.85,364,2,0,7.5,7.8,2025-05-19,64,0,0,0,0,0,0,0,False,12,0,0,0,0,37,0,33586,1,2,3,40.0,2,-257,157,414,5.1,True,0,0,4,0.1699992269277572,67,Brighton,Liverpool,3,2,26965,2024,729257,0.0930051133036613,0,2,0,0.1699992269277572,0.6544729471206665,0.444868266582489,Brighton,5,3,37,1.8,MID,0.0,0.01,0.07,0.06,0.08,0.0,0.0,3.3,13.6,15.3,4.0,31.0,0.0,0.0,0.0,0.0,0.0,0.0,0.0,2.0,0.0,4.0,0.0,1.0,0.04,0.44,1.0,1.0,1.0,0.0,0.04,0.04,0.0,2.5,0.33,0.02,0.05,0.03,0.55,0.33,0.0,3.27,11.47,12.63,8.33,53.33,0.0,0.0,0.0,0.0,0.0,0.0,0.67,1.67,1.33,3.0,0.0,0.67,0.03,0.16,0.33,0.33,0.67,0.0,0.03,0.05,0.01,1.6,0.2,0.1,0.23,0.13,0.59,0.8,0.0,4.34,10.68,14.9,17.6,48.4,0.0,0.0,0.0,0.0,0.0,0.0,0.6,1.8,2.0,3.0,0.0,1.8,0.17,0.16,0.4,0.2,0.8,0.0,0.17,0.25,0.02,1.4,-266.0,-0.4500875656742557,2.0,0.363,0.252,0.385,,,0.1176854674811695,0.1397128001434375,0,0.0,2.00756573783616,Simon Adingra,Simon Adingra,Brighton
9880,0,0,7,0,13.8,393,0.17,0.32,0.15,0.57,361,1,0,3.2,11.0,2025-05-18,63,0,0,0,0,0,0,0,False,1,0,0,0,0,37,0,4007,1,0,1,7.0,2,-21,84,105,4.4,False,0,0,1,0.1375521719455719,64,Arsenal,Newcastle United,1,0,26962,2024,728574,0.5923099517822266,0,1,0,0.1375521719455719,0.0,0.0,Newcastle United,4,5,37,0.3,DEF,0.0,0.03,0.03,0.0,0.52,0.0,0.0,3.8,25.2,10.8,2.0,54.0,0.0,0.0,0.0,0.0,0.0,0.0,1.0,0.0,2.0,1.0,0.0,0.0,0.0,0.06,0.0,0.0,1.0,0.0,0.0,0.19,0.19,1.1,0.0,0.01,0.01,0.0,0.17,0.0,0.0,1.63,11.73,3.77,0.67,20.67,0.0,0.0,0.0,0.0,0.0,0.0,0.33,0.33,2.0,1.0,0.0,0.0,0.0,0.02,0.0,0.0,0.33,0.0,0.0,0.09,0.09,0.67,0.2,0.01,0.01,0.0,0.66,0.4,0.0,1.58,11.4,2.64,1.6,39.4,0.0,0.0,0.0,0.0,0.0,0.0,0.6,1.0,2.0,1.8,0.0,0.0,0.0,0.01,0.0,0.0,0.2,0.0,0.0,0.06,0.06,0.6,-27.0,-0.1111111111111111,2.0,0.487,0.257,0.257,,1.465037822723389,0.0398510299554764,0.0844061094137251,0,1.0,4.759324507974034,Sven Botman,Sven Botman,Newcastle
9915,0,0,3,0,1.6,221,0.02,0.02,0.0,0.0,367,0,0,0.4,0.2,2025-05-18,17,0,0,0,0,0,0,0,False,17,0,0,0,0,37,0,4302,1,0,2,2.0,1,269,339,70,4.3,True,0,0,0,0.0,17,Everton,Southampton,2,0,26968,2024,728276,0.0,0,0,0,0.0,0.0674140825867652,0.0674140825867652,Everton,1,3,37,1.0,DEF,0.0,0.0,0.0,0.0,0.13,0.0,0.0,0.5,4.2,0.3,0.0,1.0,0.0,0.0,0.0,0.0,0.0,0.0,0.0,3.0,1.0,1.0,0.0,0.0,0.0,0.0,0.0,0.0,0.0,0.0,0.0,0.0,0.0,0.2,0.0,0.0,0.0,0.0,0.74,0.33,0.0,0.93,8.53,0.37,0.0,35.67,0.0,0.0,0.0,0.0,0.33,0.0,0.33,1.33,0.67,1.0,0.0,0.0,0.0,0.0,0.0,0.0,0.0,0.0,0.0,0.0,0.0,-0.07,,,,,,,,,,,,,,,,,,,,,,,,,,,,,,,,,,,316.0,0.6577017114914425,1.0,0.675,0.199,0.126,,0.4781875610351562,0.001165114475212,-5.972489169892015e-10,0,0.0,0.7679906850595252,Séamus Coleman,Seamus Coleman,Everton
9990,0,0,10,0,1.2,461,0.01,0.01,0.0,2.73,367,2,0,3.4,28.6,2025-05-18,81,0,0,0,0,0,0,0,False,8,0,0,0,0,37,0,495000,1,0,2,4.0,1,-3055,3271,6326,3.9,False,0,0,0,0.0,84,Everton,Southampton,2,0,26968,2024,728294,0.0,0,0,0,0.0,0.0,0.0,Southampton,1,3,37,1.5,DEF,1.0,0.01,0.01,0.0,1.82,0.0,0.0,2.0,19.6,0.3,0.0,90.0,0.0,0.0,0.0,0.0,0.0,0.0,1.0,0.0,0.0,6.0,0.0,0.0,0.0,0.0,0.0,0.0,0.0,0.0,0.0,0.11,0.11,1.2,0.33,0.01,0.02,0.01,1.88,1.33,0.0,3.0,21.33,2.23,6.33,90.0,0.0,0.0,0.0,0.0,0.33,0.0,1.0,0.67,1.0,2.33,0.0,0.33,0.02,0.0,0.0,0.0,0.0,0.0,0.02,0.06,0.06,0.67,0.2,0.02,0.03,0.01,1.92,1.6,0.0,3.18,20.04,6.02,5.8,88.8,0.0,0.0,0.0,0.0,0.4,0.0,1.0,1.2,0.8,1.8,0.0,0.4,0.01,0.07,0.0,0.0,0.4,0.0,0.01,0.08,0.08,0.54,-2181.0,-0.3183286443680316,1.0,0.675,0.199,0.126,,1.9749243259429927,0.0174129906767921,-5.972489169892015e-10,0,0.0,1.1174779422690055,Taylor Harwood-Bellis,Taylor Harwood-Bellis,Southampton
10024,0,0,13,1,13.0,20,0.02,0.26,0.24,1.86,361,0,0,7.4,20.6,2025-05-18,90,0,0,0,0,0,0,0,False,15,0,0,0,0,37,0,82119,1,0,1,40.0,3,-432,675,1107,4.9,True,0,0,2,0.6137205958366394,90,Arsenal,Newcastle United,1,0,26962,2024,728563,0.0396576710045337,0,1,0,0.6137205958366394,0.2575396597385406,0.1787080913782119,Arsenal,4,5,37,2.8,MID,0.0,0.23,0.23,0.0,2.56,2.0,0.0,3.4,14.8,15.3,4.0,90.0,0.0,0.0,0.0,0.0,0.0,0.0,1.0,2.0,2.0,2.0,0.0,0.0,0.0,0.07,0.0,0.0,1.0,0.0,0.0,0.88,0.81,1.5,0.0,0.13,0.13,0.0,1.76,2.0,0.0,2.27,12.2,8.23,2.0,90.0,0.0,0.0,0.0,0.0,0.0,0.0,1.0,2.0,1.67,2.0,0.0,0.0,0.0,0.02,0.0,0.0,0.33,0.0,0.0,0.82,0.8,4.7,0.2,0.09,0.16,0.07,1.28,1.4,0.2,3.2,18.84,6.24,6.8,85.6,0.0,0.0,0.0,0.0,0.0,0.0,1.0,1.6,1.6,3.6,0.2,0.4,0.07,0.01,0.0,0.0,0.2,0.2,0.07,0.71,0.62,3.32,-281.0,-0.2424242424242424,3.0,0.487,0.257,0.257,,,0.2550839433166647,0.042000130196923,1,0.0,2.4014201071740926,Thomas Partey,Thomas Partey,Arsenal
10121,0,0,12,0,12.4,409,0.05,0.12,0.07,0.64,361,1,0,5.3,17.2,2025-05-18,90,0,0,0,0,0,0,0,False,1,0,0,0,0,37,0,987817,1,0,1,23.0,2,-25025,9376,34401,4.6,False,0,0,1,0.1085249707102775,90,Arsenal,Newcastle United,1,0,26962,2024,728578,0.0626256018877029,0,1,0,0.1085249707102775,0.2127561122179031,0.2127561122179031,Newcastle United,4,5,37,3.7,DEF,1.0,0.34,0.34,0.0,0.69,0.0,0.0,6.1,19.6,35.8,6.0,90.0,0.0,0.0,0.0,0.0,0.0,0.0,1.0,0.0,2.0,7.0,0.0,0.0,0.0,0.2,0.0,0.0,2.0,0.0,0.0,0.22,0.22,4.7,0.67,0.14,0.14,0.0,0.49,0.33,0.0,3.8,15.53,17.37,5.33,90.0,0.0,0.0,0.0,0.0,0.0,0.0,1.0,0.33,2.0,5.0,0.0,0.0,0.0,0.07,0.0,0.0,0.67,0.0,0.0,0.32,0.32,2.8,0.6,0.09,0.11,0.02,1.15,1.0,0.0,3.62,14.4,15.66,6.2,90.0,0.0,0.0,0.0,0.0,0.0,0.0,1.0,0.4,3.0,4.2,0.0,0.2,0.01,0.06,0.0,0.0,0.8,0.0,0.01,0.35,0.32,2.62,-23037.0,-0.5716472120063046,2.0,0.487,0.257,0.257,,1.0550715923309326,0.0949452978053557,0.0504406022290842,0,1.0,6.192993593519386,Tino Livramento,Valentino Livramento,Newcastle
10152,0,0,26,0,4.3,243,0.03,0.32,0.29,0.26,363,0,1,7.1,40.6,2025-05-18,45,0,0,0,0,0,0,0,False,4,0,0,0,0,37,0,3412,0,3,2,26.0,6,5,30,25,4.8,False,0,1,3,0.4569120407104492,40,Brentford,Fulham,2,3,26964,2024,728524,0.0,0,0,1,0.4569120407104492,0.4477205872535705,0.0719513148069381,Fulham,3,3,37,2.0,MID,0.0,0.04,0.09,0.05,0.1,0.0,0.0,1.8,1.2,8.3,8.0,16.0,0.0,0.0,0.0,0.0,0.0,0.0,0.0,3.0,1.0,1.0,0.0,1.0,0.03,0.0,0.0,0.0,0.0,0.0,0.03,0.06,0.03,0.8,0.0,0.05,0.07,0.02,0.09,0.67,0.0,1.33,2.0,7.9,3.33,12.67,0.0,0.0,0.0,0.0,0.0,0.0,0.0,2.33,1.0,1.0,0.0,0.33,0.01,0.04,0.0,0.0,0.33,0.0,0.01,0.2,0.19,0.33,0.0,0.04,0.06,0.02,0.1,0.4,0.0,1.64,3.56,7.7,5.0,17.4,0.0,0.0,0.0,0.0,0.2,0.0,0.0,1.4,1.2,0.8,0.0,0.4,0.01,0.03,0.0,0.0,0.4,0.0,0.01,0.14,0.12,0.3,10.0,0.0909090909090909,6.0,0.495,0.242,0.263,,,0.2137020535526301,0.0002854695831735,0,0.0,2.0693666765126713,Tom Cairney,Tom Cairney,Fulham
10212,0,0,3,0,0.3,530,0.0,0.04,0.04,1.41,370,1,0,2.9,11.8,2025-05-18,57,0,0,0,0,0,0,0,False,16,0,0,0,0,37,0,161993,1,2,1,17.0,1,6021,7961,1940,4.8,True,0,0,1,0.0285992585122585,64,West Ham,Nottingham Forest,1,2,26971,2024,728408,0.0,0,0,0,0.0285992585122585,0.0828092843294143,0.0542100295424461,West Ham,4,2,37,4.5,MID,1.0,0.0,0.59,0.59,2.28,0.0,1.0,10.0,61.8,1.3,37.0,90.0,0.0,0.0,0.0,0.0,0.0,0.0,1.0,2.0,0.0,10.0,1.0,1.0,0.91,0.0,0.0,0.0,0.0,1.0,0.91,0.97,0.06,5.0,0.33,0.01,0.44,0.43,1.45,1.33,0.67,7.27,37.87,2.13,32.67,86.33,0.0,0.0,0.0,0.0,0.0,0.0,1.0,1.67,1.33,6.33,0.67,2.0,0.53,0.0,0.0,0.0,0.0,0.67,0.53,0.78,0.26,2.5,0.2,0.01,0.27,0.26,1.15,1.2,0.4,4.8,25.36,1.48,21.2,64.4,0.0,0.0,0.0,0.0,0.0,0.0,0.8,1.6,1.4,4.2,0.4,1.4,0.33,0.0,0.0,0.0,0.0,0.4,0.33,0.48,0.16,2.46,6693.0,0.6081203918796081,1.0,0.343,0.286,0.37,,,0.1061415651401256,-5.689893001203925e-10,1,0.0,1.53070782399366,Tomáš Souček,Tomas Soucek,West Ham
10234,0,2,35,1,0.3,187,0.0,0.03,0.03,0.29,365,0,0,2.0,15.4,2025-05-16,90,0,0,0,0,0,0,0,False,14,0,0,0,0,37,0,39438,1,0,1,4.0,8,-1855,154,2009,4.2,True,0,0,1,0.0207535289227962,90,Chelsea,Manchester United,1,0,26966,2024,727537,0.0,0,0,0,0.0207535289227962,1.1114513874053955,1.1114513874053955,Chelsea,2,4,37,2.0,DEF,0.0,0.0,0.0,0.0,0.03,0.0,0.0,0.4,3.6,0.0,0.0,1.0,0.0,0.0,0.0,0.0,0.0,0.0,0.0,2.0,1.0,1.0,0.0,0.0,0.0,0.0,0.0,0.0,0.0,0.0,0.0,0.1,0.1,1.8,0.33,0.02,0.03,0.02,0.62,0.67,0.0,1.17,9.2,1.23,1.33,45.33,0.0,0.0,0.0,0.0,0.33,0.0,0.67,1.33,1.0,2.0,0.0,0.33,0.08,0.0,0.0,0.0,0.0,0.0,0.08,0.38,0.38,1.53,0.2,0.01,0.02,0.01,0.37,0.4,0.0,0.84,6.2,1.5,0.8,28.2,0.0,0.0,0.0,0.0,0.2,0.0,0.4,0.8,1.0,1.6,0.0,0.2,0.05,0.0,0.0,0.0,0.0,0.0,0.05,0.23,0.23,2.52,-8969.0,-0.8576051779935275,6.0,0.659,0.19,0.152,,1.032611846923828,0.0319919071962251,-5.972489169892015e-10,0,0.0,0.6759514413856038,Tosin Adarabioyo,Tosin Adarabioyo,Chelsea
10265,0,0,-4,0,2.1,567,0.01,0.01,0.0,1.69,366,4,0,3.1,27.0,2025-05-20,90,0,0,0,0,0,0,0,False,7,0,0,0,0,37,0,34246,1,2,4,2.0,-1,-1114,753,1867,4.3,False,1,0,0,0.0,90,Crystal Palace,Wolverhampton Wanderers,4,2,26967,2024,729297,0.0,0,0,0,0.0,0.1998772770166397,0.1998772770166397,Wolverhampton Wanderers,3,3,37,1.8,DEF,0.0,0.03,0.03,0.0,1.57,2.0,0.0,3.2,28.6,2.9,0.0,90.0,0.0,0.0,0.0,0.0,0.0,0.0,1.0,2.0,0.0,1.0,0.0,0.0,0.0,0.0,0.0,0.0,0.0,0.0,0.0,0.0,0.0,4.2,0.33,0.01,0.01,0.0,1.14,1.0,0.0,3.13,22.73,8.33,0.0,90.0,0.0,0.0,0.0,0.0,0.33,0.0,1.0,0.67,1.33,2.67,0.0,0.0,0.0,0.02,0.0,0.0,0.67,0.0,0.0,0.28,0.28,2.57,0.4,0.01,0.01,0.0,1.34,1.0,0.0,2.64,20.96,5.32,0.0,90.0,0.0,0.0,0.0,0.0,0.4,0.0,1.0,1.0,1.6,3.4,0.0,0.0,0.0,0.01,0.0,0.0,0.4,0.0,0.0,0.32,0.32,2.38,-1287.0,-0.4251908396946565,-1.0,0.419,0.286,0.295,,1.3769409656524658,0.0006634576047261,-5.972489169892015e-10,0,1.0,5.315980743836611,Toti António Gomes,Toti,Wolves
10351,0,0,9,0,3.0,60,0.03,0.03,0.0,1.6,369,3,0,1.5,9.8,2025-05-20,90,0,0,0,0,0,0,0,False,13,0,0,0,0,37,0,6857,1,1,3,2.0,2,-66,91,157,4.9,False,0,0,0,0.0,90,Manchester City,Bournemouth,3,1,26970,2024,729332,0.0,0,0,0,0.0,0.1374526917934417,0.1374526917934417,Bournemouth,3,4,37,1.3,MID,0.0,0.02,0.02,0.0,0.98,1.0,0.0,3.0,14.4,15.2,0.0,75.0,0.0,0.0,0.0,0.0,0.0,0.0,1.0,1.0,0.0,2.0,0.0,0.0,0.0,0.01,0.0,0.0,1.0,0.0,0.0,0.0,0.0,1.8,0.0,0.06,0.06,0.0,1.64,1.0,0.0,3.13,16.13,13.57,1.33,85.0,0.0,0.0,0.0,0.0,0.33,0.0,1.0,1.33,0.67,1.67,0.0,0.0,0.0,0.05,0.0,0.0,1.0,0.0,0.0,0.17,0.16,0.87,0.4,0.05,0.13,0.08,1.22,0.6,0.0,3.16,13.72,12.12,5.6,81.0,0.0,0.0,0.0,0.0,0.6,0.0,1.0,0.8,0.6,1.8,0.0,0.4,0.14,0.04,0.0,0.0,0.8,0.0,0.14,0.37,0.24,0.88,-43.0,-0.2661290322580645,2.0,0.614,0.22,0.166,,,0.0047754243810325,-5.689893001203925e-10,1,0.0,1.0238771201981947,Tyler Adams,Tyler Adams,Bournemouth
10385,0,0,1,0,2.8,608,0.01,0.01,0.0,2.73,367,2,0,0.2,0.0,2025-05-18,67,0,0,0,0,0,0,0,False,8,0,0,0,0,37,0,158027,1,0,2,0.0,2,613,5140,4527,4.3,False,0,0,0,0.0,70,Everton,Southampton,2,0,26968,2024,728300,0.0,0,0,0,0.0,0.0,0.0,Southampton,1,3,37,1.3,MID,1.0,0.01,0.01,0.0,1.1,0.0,0.0,0.3,0.0,2.6,0.0,64.0,0.0,0.0,0.0,0.0,0.0,0.0,1.0,0.0,0.0,3.0,0.0,0.0,0.0,0.0,0.0,0.0,0.0,0.0,0.0,0.0,0.0,0.5,0.33,0.01,0.01,0.0,0.87,0.33,0.0,0.37,1.0,1.7,0.67,40.33,0.0,0.0,0.0,0.0,0.0,0.0,0.33,0.67,1.0,1.67,0.0,0.0,0.0,0.0,0.0,0.0,0.0,0.0,0.0,0.1,0.1,0.5,0.2,0.01,0.04,0.03,1.03,0.8,0.0,0.8,2.56,3.94,1.2,36.4,0.0,0.0,0.0,0.0,0.0,0.0,0.2,1.2,0.8,1.4,0.0,0.2,0.07,0.01,0.0,0.0,0.2,0.0,0.07,0.07,0.07,0.44,494.0,0.0634116064963277,2.0,0.675,0.199,0.126,,,-6.725144885422194e-10,-5.689893001203925e-10,0,0.0,0.9999999949304597,Tyler Dibling,Tyler Dibling,Southampton
10484,0,0,10,0,0.3,376,0.0,0.0,0.0,0.82,365,1,0,1.8,17.6,2025-05-16,90,0,0,0,0,0,0,0,False,6,0,0,0,0,37,0,8750,1,0,1,0.0,2,17,102,85,4.3,False,0,0,0,0.0,90,Chelsea,Manchester United,1,0,26966,2024,727548,0.0,0,0,0,0.0,0.1631859242916107,0.1631859242916107,Manchester United,2,4,37,1.2,DEF,0.0,0.01,0.01,0.0,0.64,1.0,0.0,1.0,6.6,1.4,2.0,38.0,0.0,0.0,0.0,0.0,0.0,0.0,0.0,2.0,0.0,1.0,0.0,0.0,0.0,0.0,0.0,0.0,0.0,0.0,0.0,0.18,0.18,1.2,0.0,0.0,0.0,0.0,0.25,0.33,0.0,0.6,4.4,0.8,0.67,25.33,0.0,0.0,0.0,0.0,0.0,0.0,0.0,2.0,1.67,1.0,0.0,0.0,0.0,0.0,0.0,0.0,0.0,0.0,0.0,0.16,0.16,0.73,0.0,0.0,0.0,0.0,0.63,1.2,0.0,0.9,7.72,0.72,0.4,48.6,0.0,0.0,0.0,0.0,0.0,0.0,0.4,1.6,1.8,1.0,0.0,0.0,0.0,0.0,0.0,0.0,0.0,0.0,0.0,0.1,0.1,0.6,17.0,0.0909090909090909,2.0,0.659,0.19,0.152,,1.6233034133911133,3.9846503874230166e-10,-5.972489169892015e-10,0,0.0,0.18800000059904343,Victor Lindelöf,Victor Lindelöf,Man Utd
10556,0,2,41,1,23.3,231,0.04,0.06,0.02,1.21,367,0,0,5.7,27.8,2025-05-18,90,0,0,0,0,0,0,0,False,17,0,0,0,0,37,0,850936,1,0,2,6.0,8,139571,145170,5599,4.4,True,0,0,1,0.0144587596878409,90,Everton,Southampton,2,0,26968,2024,728279,0.6954201459884644,0,2,0,0.0144587596878409,0.543774425983429,0.4464761614799499,Everton,1,3,37,5.0,DEF,0.0,0.01,0.04,0.03,0.79,1.0,1.0,4.9,40.6,1.2,7.0,90.0,0.0,0.0,0.0,0.0,0.0,0.0,1.0,3.0,1.0,8.0,1.0,1.0,0.02,0.0,0.0,0.0,0.0,1.0,0.02,0.02,0.0,2.8,0.0,0.07,0.08,0.01,0.84,1.33,0.33,3.5,20.27,8.37,6.33,90.0,0.0,0.0,0.0,0.0,0.33,0.0,1.0,1.67,1.33,3.33,0.33,0.33,0.01,0.14,0.0,0.0,0.33,0.33,0.01,0.29,0.14,1.83,0.2,0.07,0.09,0.01,1.02,1.2,0.2,3.58,18.84,11.58,5.2,90.0,0.0,0.0,0.0,0.0,0.2,0.0,1.0,1.6,0.8,3.4,0.2,0.4,0.01,0.09,0.0,0.0,0.4,0.2,0.01,0.27,0.16,1.44,161762.0,0.9257274373379144,6.0,0.675,0.199,0.126,,1.1537108421325684,0.0097308883230022,0.1181568927070984,0,0.0,1.8358560080593085,Vitalii Mykolenko,Vitalii Mykolenko,Everton
10610,0,0,6,0,32.0,516,0.05,0.09,0.04,1.96,370,2,0,7.3,18.0,2025-05-18,90,0,0,0,0,0,0,0,False,16,0,0,0,0,37,0,42643,1,2,1,23.0,0,560,778,218,4.1,True,1,0,2,0.0875907018780708,90,West Ham,Nottingham Forest,1,2,26971,2024,728404,0.0504265464842319,0,2,0,0.0875907018780708,0.3150907754898071,0.1989008337259292,West Ham,4,2,37,1.3,DEF,1.0,0.02,0.08,0.06,1.78,0.0,0.0,1.7,6.8,2.1,8.0,82.0,0.0,0.0,0.0,0.0,0.0,0.0,1.0,2.0,0.0,6.0,0.0,1.0,0.09,0.0,0.0,0.0,0.0,0.0,0.09,0.09,0.09,2.0,0.33,0.01,0.03,0.02,0.77,0.67,0.0,0.8,3.8,0.8,3.33,32.0,0.0,0.0,0.0,0.0,0.0,0.0,0.33,1.67,1.33,2.33,0.0,0.33,0.03,0.0,0.0,0.0,0.0,0.0,0.03,0.03,0.03,0.83,0.2,0.01,0.02,0.01,0.66,0.8,0.0,0.98,6.2,1.08,2.4,43.8,0.0,0.0,0.0,0.0,0.4,0.0,0.4,1.4,1.4,1.6,0.0,0.2,0.02,0.0,0.0,0.0,0.0,0.0,0.02,0.03,0.03,0.64,640.0,0.5622489959839357,0.0,0.343,0.286,0.37,,1.1398165225982666,0.0697364457920768,0.0861494232479367,0,0.0,1.106866944496271,Vladimír Coufal,Vladimir Coufal,West Ham
10672,1,0,22,1,15.8,300,0.02,0.02,0.0,1.33,368,0,0,4.7,31.2,2025-05-18,87,0,0,0,0,0,0,0,False,10,0,0,0,0,37,0,19404,1,0,2,0.0,6,214,342,128,4.9,True,0,0,0,0.0,89,Leicester,Ipswich,2,0,26969,2024,728532,0.0876941084861755,1,1,0,0.0,0.2341767251491546,0.2341767251491546,Leicester,2,1,37,3.0,MID,0.0,0.0,0.0,0.0,1.31,2.0,0.0,3.2,17.6,12.2,2.0,90.0,0.0,0.0,0.0,0.0,0.0,0.0,1.0,2.0,2.0,2.0,0.0,0.0,0.0,0.02,0.0,0.0,1.0,0.0,0.0,0.35,0.35,0.8,0.33,0.02,0.09,0.07,1.29,1.67,0.0,3.6,18.2,11.67,6.0,90.0,0.0,0.0,0.0,0.0,0.33,0.0,1.0,0.67,2.33,2.0,0.0,0.67,0.15,0.01,0.0,0.0,0.67,0.0,0.15,0.39,0.38,0.87,0.2,0.03,0.1,0.08,2.03,1.6,0.0,3.76,17.44,13.34,6.6,82.4,0.0,0.0,0.0,0.0,0.4,0.0,1.0,1.0,1.8,1.8,0.0,1.0,0.12,0.04,0.0,0.0,0.8,0.0,0.12,0.28,0.25,0.52,271.0,0.4553191489361702,6.0,0.411,0.263,0.326,,,-6.725144885422194e-10,0.1020527457978204,1,0.0,1.3061582340308888,Wilfred Ndidi,Wilfred Ndidi,Leicester
10705,0,0,3,0,0.5,203,0.01,0.01,0.0,0.69,366,1,0,0.1,0.2,2025-05-20,45,0,0,0,0,0,0,0,False,20,0,0,0,0,37,0,4976,1,2,4,0.0,1,-13,53,66,4.9,True,0,0,0,0.0,49,Crystal Palace,Wolverhampton Wanderers,4,2,26967,2024,729286,0.0,0,0,0,0.0,0.1099374145269393,0.1099374145269393,Crystal Palace,3,3,37,1.7,MID,1.0,0.28,0.32,0.04,0.58,0.0,0.0,5.3,10.0,41.4,2.0,86.0,0.0,0.0,0.0,0.0,0.0,0.0,1.0,2.0,0.0,3.0,0.0,1.0,0.03,0.26,0.0,0.0,3.0,0.0,0.03,1.57,1.55,1.6,0.33,0.1,0.11,0.02,0.38,0.33,0.0,1.93,3.6,14.23,1.67,47.33,0.0,0.0,0.0,0.0,0.0,0.0,0.33,1.67,1.0,1.67,0.0,0.67,0.01,0.09,0.0,0.0,1.0,0.0,0.01,0.64,0.63,1.1,0.4,0.1,0.14,0.04,0.61,1.0,0.0,1.48,4.04,11.78,1.6,57.6,0.0,0.0,0.0,0.0,0.2,0.0,0.6,1.0,1.6,1.6,0.0,0.8,0.03,0.14,0.0,0.0,0.8,0.0,0.03,0.4,0.38,0.86,-6.0,-0.1092436974789916,1.0,0.419,0.286,0.295,,,-6.725144885422194e-10,-5.689893001203925e-10,1,0.0,-5.069540343072276e-09,Will Hughes,Will Hughes,Crystal Palace
10726,0,0,5,0,14.3,471,0.11,0.25,0.14,0.03,367,0,0,2.8,6.0,2025-05-18,30,0,0,0,0,0,0,0,False,8,0,0,0,0,37,0,2618,0,0,2,8.0,1,13,44,31,5.0,False,0,0,1,0.1133854314684867,28,Everton,Southampton,2,0,26968,2024,728303,0.1360867917537689,0,1,0,0.1133854314684867,0.2494722306728363,0.1360867917537689,Southampton,1,3,37,0.3,MID,0.0,0.0,0.0,0.0,0.0,0.0,0.0,0.0,0.0,0.0,0.0,1.0,0.0,0.0,0.0,0.0,0.0,0.0,0.0,0.0,0.0,1.0,0.0,0.0,0.0,0.0,0.0,0.0,0.0,0.0,0.0,0.0,0.0,-0.5,0.0,0.0,0.02,0.01,0.89,1.0,0.0,0.23,1.0,1.03,0.33,21.0,0.0,0.0,0.0,0.0,0.0,0.0,0.0,1.0,0.67,1.0,0.0,0.33,0.01,0.0,0.0,0.0,0.0,0.0,0.01,0.01,0.0,0.0,0.0,0.02,0.04,0.02,1.36,1.2,0.2,2.06,9.84,5.96,4.8,31.8,0.0,0.0,0.0,0.0,0.0,0.0,0.2,1.0,1.6,2.2,0.2,0.4,0.06,0.03,0.0,0.0,0.4,0.2,0.06,0.14,0.07,0.16,30.0,0.1733333333333333,1.0,0.675,0.199,0.126,,,0.0690506279244289,0.110126856638995,0,0.0,1.6756337095391296,Will Smallbone,William Smallbone,Southampton
10740,0,0,2,0,1.5,590,0.01,0.01,0.0,0.07,361,0,0,0.7,1.0,2025-05-18,26,0,0,0,0,0,0,0,False,1,0,0,0,0,37,0,18138,0,0,1,4.0,1,-52,131,183,4.9,False,0,0,0,0.0,26,Arsenal,Newcastle United,1,0,26962,2024,728584,0.0,0,0,0,0.0,0.0743556916713714,0.0743556916713714,Newcastle United,4,5,37,1.3,FWD,0.0,0.01,0.09,0.08,0.0,0.0,1.0,5.5,34.2,1.8,19.0,13.0,0.0,0.0,0.0,0.0,0.0,0.0,0.0,0.0,3.0,6.0,1.0,2.0,0.14,0.0,0.0,0.0,0.0,1.0,0.14,0.07,0.0,0.0,0.0,0.0,0.04,0.04,0.42,0.0,0.33,2.03,12.07,0.7,7.67,17.33,0.0,0.0,0.0,0.0,0.0,0.0,0.0,1.0,1.67,2.67,0.33,1.0,0.07,0.0,0.0,0.0,0.0,0.33,0.07,0.05,0.0,0.27,0.0,0.0,0.03,0.02,0.3,0.4,0.2,1.22,7.24,0.44,4.6,11.2,0.0,0.0,0.0,0.0,0.0,0.0,0.0,1.8,1.4,2.0,0.2,0.6,0.04,0.0,0.0,0.0,0.0,0.2,0.04,0.03,0.0,0.42,479.0,-0.1656050955414012,1.0,0.487,0.257,0.257,,,0.0167023131884274,0.0008823228921186,0,,1.0694562214300654,William Osula,William Osula,Newcastle
10776,0,0,10,0,1.5,18,0.0,0.0,0.0,1.46,361,0,0,0.4,2.2,2025-05-18,45,0,0,0,0,0,0,0,False,15,0,0,0,0,37,0,3487572,1,0,1,0.0,1,-23626,27319,50945,6.5,True,0,0,0,0.0,46,Arsenal,Newcastle United,1,0,26962,2024,728560,0.0,0,0,0,0.0,0.1186532229185104,0.1186532229185104,Arsenal,4,5,37,1.5,DEF,0.0,0.01,0.01,0.0,2.56,2.0,0.0,1.7,16.2,1.2,0.0,90.0,0.0,0.0,0.0,0.0,0.0,0.0,1.0,2.0,2.0,1.0,0.0,0.0,0.0,0.0,0.0,0.0,0.0,0.0,0.0,0.68,0.68,2.2,0.0,0.01,0.1,0.09,1.76,2.0,0.0,2.57,21.73,2.27,1.67,90.0,0.0,0.0,0.0,0.0,0.0,0.0,1.0,2.0,1.67,1.0,0.0,0.33,0.17,0.0,0.0,0.0,0.0,0.0,0.17,0.61,0.61,4.47,0.2,0.07,0.12,0.05,1.14,1.4,0.0,3.18,20.76,9.9,1.0,90.0,0.0,0.0,0.0,0.0,0.0,0.0,1.0,2.2,1.2,2.2,0.0,0.2,0.1,0.03,0.0,0.0,0.6,0.0,0.1,0.51,0.51,4.22,-13329.0,-0.3018757027496678,1.0,0.487,0.257,0.257,,1.0695686340332031,0.000139347835186,-5.972489169892015e-10,0,0.0,1.4658360852193693,William Saliba,William Saliba,Arsenal
10797,0,0,5,0,10.8,612,0.03,0.44,0.41,1.33,362,2,0,3.8,9.8,2025-05-16,86,0,0,0,0,0,0,0,False,2,0,0,0,0,37,0,4856,1,0,2,17.0,2,148,453,305,5.3,False,0,0,1,0.4079810380935669,88,Aston Villa,Tottenham,2,0,26963,2024,727526,0.0536065585911273,0,1,0,0.4079810380935669,0.4615875780582428,0.0536065585911273,Tottenham,2,4,37,3.8,MID,0.0,0.02,0.07,0.05,3.39,2.0,0.0,1.8,6.8,3.8,7.0,90.0,0.0,0.0,0.0,0.0,0.0,0.0,1.0,2.0,0.0,2.0,0.0,1.0,0.05,0.0,0.0,0.0,0.0,0.0,0.05,0.05,0.0,3.8,0.0,0.01,0.19,0.17,1.54,1.33,0.33,2.77,15.4,1.87,10.0,67.33,0.0,0.0,0.0,0.0,0.0,0.0,0.67,1.33,2.0,4.33,0.33,0.67,0.14,0.0,0.0,0.0,0.0,0.33,0.14,0.14,0.0,2.33,0.0,0.11,0.22,0.11,1.1,1.4,0.2,2.68,12.52,5.8,8.2,60.2,0.0,0.0,0.0,0.0,0.0,0.0,0.6,1.4,2.0,3.2,0.2,0.6,0.09,0.13,0.0,0.0,0.2,0.2,0.09,0.25,0.15,1.9,130.0,0.1952506596306068,2.0,0.73,0.158,0.112,,,0.1232805597030441,0.0596821762942878,1,0.0,1.7954493273980838,Wilson Odobert,Wilson Odobert,Spurs
10831,0,1,30,1,0.4,291,0.0,0.0,0.0,1.41,368,0,0,1.8,17.6,2025-05-18,90,0,0,0,0,0,0,0,False,10,0,0,0,0,37,0,579564,1,0,2,0.0,7,6209,13310,7101,3.8,True,0,0,0,0.0,90,Leicester,Ipswich,2,0,26969,2024,728528,0.0,0,0,0,0.0,0.3284454047679901,0.3284454047679901,Leicester,2,1,37,3.8,DEF,0.0,0.0,0.17,0.17,1.31,2.0,0.0,2.5,17.8,0.3,7.0,90.0,0.0,0.0,0.0,0.0,0.0,0.0,1.0,2.0,2.0,1.0,0.0,1.0,0.07,0.0,0.0,0.0,0.0,0.0,0.07,0.35,0.35,1.5,0.33,0.0,0.06,0.06,1.29,1.67,0.0,2.43,21.47,0.57,2.33,90.0,0.0,0.0,0.0,0.0,0.33,0.0,1.0,0.67,2.33,2.67,0.0,0.33,0.02,0.0,0.0,0.0,0.0,0.0,0.02,0.42,0.42,1.23,0.2,0.0,0.08,0.07,1.94,1.8,0.0,2.22,18.52,0.48,3.2,90.0,0.0,0.0,0.0,0.0,0.2,0.0,1.0,1.2,1.4,2.2,0.0,0.4,0.03,0.0,0.0,0.0,0.0,0.0,0.03,0.25,0.25,0.74,6864.0,0.3041987163784234,6.0,0.411,0.263,0.326,,0.9388387203216552,3.9846503874230166e-10,-5.972489169892015e-10,0,1.0,5.531000000599043,Wout Faes,Wout Faes,Leicester
10863,0,0,5,0,3.4,135,0.05,0.07,0.02,2.24,364,2,0,2.9,0.0,2025-05-19,83,0,0,0,0,0,0,0,False,12,0,0,0,0,37,0,114076,1,2,3,26.0,2,-8613,1511,10124,4.8,True,0,0,1,0.0383719839155674,86,Brighton,Liverpool,3,2,26965,2024,729255,0.0,0,0,0,0.0383719839155674,0.0540385916829109,0.0156666059046983,Brighton,5,3,37,2.8,MID,1.0,0.04,0.06,0.02,0.83,0.0,0.0,4.1,7.4,26.8,7.0,79.0,0.0,0.0,0.0,0.0,0.0,0.0,1.0,2.0,0.0,3.0,0.0,1.0,0.03,0.09,0.0,0.0,2.0,0.0,0.03,0.12,0.0,3.8,0.33,0.03,0.12,0.09,1.06,0.67,0.33,5.13,19.33,12.27,19.67,65.67,0.0,0.0,0.0,0.0,0.0,0.0,0.67,1.67,1.33,4.33,0.33,1.0,0.07,0.03,0.0,0.0,0.67,0.33,0.07,0.26,0.16,2.27,0.2,0.14,0.27,0.14,1.1,1.2,0.2,4.58,13.88,13.58,18.2,66.0,0.0,0.0,0.0,0.0,0.0,0.0,0.8,1.8,2.0,3.4,0.2,1.0,0.08,0.13,0.0,0.0,0.8,0.2,0.08,0.38,0.19,1.8,-9153.0,-0.7402664374731414,2.0,0.363,0.252,0.385,,,0.2119342906436865,-5.689893001203925e-10,0,0.0,3.0596714515114645,Yankuba Minteh,Yankuba Minteh,Brighton
10897,0,2,34,0,24.4,600,0.08,0.25,0.17,2.03,364,2,1,7.1,39.2,2025-05-19,73,0,0,0,0,0,0,0,False,12,0,0,0,0,37,0,4022,1,2,3,7.0,9,-57,68,125,5.0,True,0,1,1,0.0556165762245655,76,Brighton,Liverpool,3,2,26965,2024,729254,0.0526049174368381,0,1,1,0.0556165762245655,0.2916475534439087,0.1834260672330856,Brighton,5,3,37,4.0,MID,1.0,0.01,0.04,0.03,0.91,0.0,0.0,1.0,3.6,2.6,4.0,90.0,0.0,0.0,0.0,0.0,0.0,0.0,1.0,2.0,0.0,3.0,0.0,1.0,0.02,0.0,0.0,0.0,0.0,0.0,0.02,0.06,0.04,3.0,0.33,0.02,0.05,0.02,1.08,1.0,0.33,3.3,18.0,10.83,4.33,67.0,0.0,0.0,0.0,0.0,0.33,0.0,0.67,1.67,1.33,3.67,0.33,0.67,0.01,0.03,0.0,0.0,0.67,0.33,0.01,0.09,0.06,1.77,0.2,0.04,0.06,0.03,1.01,1.2,0.2,2.78,14.24,10.5,3.2,60.8,0.0,0.0,0.0,0.0,0.2,0.0,0.6,1.8,2.0,2.8,0.2,0.6,0.02,0.02,0.0,0.0,0.4,0.2,0.02,0.11,0.08,1.36,-48.0,-0.2953367875647668,7.0,0.363,0.252,0.385,,,0.0454226111438784,0.1977680035261788,0,0.0,2.820417066297928,Yasin Ayari,Yasin Ayari,Brighton
10928,0,0,16,0,4.4,111,0.16,0.16,0.0,0.93,363,3,0,2.1,17.0,2025-05-18,74,0,0,0,0,0,0,0,False,9,0,0,0,0,37,0,258637,1,3,2,0.0,2,115,3987,3872,4.3,True,0,0,0,0.0,79,Brentford,Fulham,2,3,26964,2024,728501,0.0,0,0,0,0.0,0.0,0.0,Brentford,3,3,37,2.0,MID,1.0,0.02,0.02,0.0,0.93,0.0,0.0,1.0,7.8,2.3,0.0,90.0,0.0,0.0,0.0,0.0,1.0,0.0,1.0,1.0,0.0,2.0,0.0,0.0,0.0,0.0,0.0,0.0,0.0,0.0,0.0,0.11,0.11,2.5,0.67,0.1,0.1,0.0,1.07,0.33,0.0,2.97,13.67,14.6,1.33,82.33,0.0,0.0,0.0,0.0,0.67,0.0,1.0,2.0,1.33,2.0,0.0,0.0,0.0,0.19,0.0,0.0,1.0,0.0,0.0,0.44,0.4,1.33,0.4,0.06,0.06,0.0,0.81,0.4,0.0,2.16,10.4,10.02,1.2,68.6,0.0,0.0,0.0,0.0,0.6,0.0,0.8,1.8,1.8,1.6,0.0,0.0,0.0,0.11,0.0,0.0,0.6,0.0,0.0,0.27,0.25,1.16,126.0,0.0146329049497391,2.0,0.495,0.242,0.263,,,-6.725144885422194e-10,-5.689893001203925e-10,1,0.0,0.9999999949304597,Yehor Yarmoliuk,Yehor Yarmolyuk,Brentford
10968,1,2,35,0,17.9,110,0.06,1.31,1.25,0.99,363,3,1,13.1,52.6,2025-05-18,90,0,0,0,0,0,0,0,False,9,0,0,0,0,37,0,2573339,1,3,2,60.0,10,65325,150231,84906,6.8,True,1,1,2,1.3065685033798218,90,Brentford,Fulham,2,3,26964,2024,728505,0.0768888518214225,1,1,1,1.3065685033798218,1.4349061250686646,0.0514487922191619,Brentford,3,3,37,6.2,FWD,1.0,0.08,0.63,0.55,0.76,0.0,0.0,5.2,2.4,13.4,36.0,90.0,0.0,0.0,0.0,0.0,1.0,0.0,1.0,1.0,0.0,1.0,0.0,5.0,0.42,0.05,0.0,0.0,1.0,0.0,0.42,0.47,0.0,7.0,0.67,0.03,0.78,0.75,1.1,1.0,0.67,7.2,30.07,5.4,36.33,90.0,0.0,0.0,0.0,0.0,0.33,0.0,1.0,2.0,1.33,5.0,0.67,3.67,0.71,0.02,0.0,0.0,0.33,0.67,0.71,0.9,0.19,5.17,0.4,0.03,0.62,0.59,1.14,1.2,0.8,8.36,36.88,5.98,40.6,90.0,0.0,0.0,0.0,0.0,0.2,0.0,1.0,1.8,1.8,7.0,0.8,3.2,0.69,0.02,0.2,0.2,0.4,0.8,0.69,0.64,0.12,4.46,33465.0,0.2778167621429209,8.0,0.495,0.242,0.263,,,0.8890294244929415,0.1444083150929989,0,,5.989342643250763,Yoane Wissa,Yoane Wissa,Brentford
11046,0,0,3,0,1.4,482,0.0,0.0,0.0,0.71,362,2,0,0.7,5.6,2025-05-16,37,0,0,0,0,0,0,0,False,2,0,0,0,0,37,0,27110,0,0,2,0.0,1,-4,105,109,4.8,False,0,0,0,0.0,36,Aston Villa,Tottenham,2,0,26963,2024,727530,0.0,0,0,0,0.0,0.0,0.0,Tottenham,2,4,37,1.0,MID,0.0,0.0,0.0,0.0,1.37,1.0,0.0,0.7,5.8,0.8,0.0,45.0,0.0,0.0,0.0,0.0,0.0,0.0,0.0,2.0,0.0,1.0,0.0,0.0,0.0,0.0,0.0,0.0,0.0,0.0,0.0,0.05,0.05,0.8,0.0,0.0,0.03,0.02,1.05,1.33,0.0,1.57,10.93,1.73,2.67,63.0,0.0,0.0,0.0,0.0,0.33,0.0,0.67,1.67,1.67,1.0,0.0,0.67,0.01,0.0,0.0,0.0,0.0,0.0,0.01,0.18,0.17,0.43,0.0,0.0,0.02,0.01,0.77,1.0,0.0,1.28,7.72,3.26,1.6,48.8,0.0,0.0,0.0,0.0,0.2,0.0,0.6,1.2,2.0,1.0,0.0,0.4,0.01,0.02,0.0,0.0,0.2,0.0,0.01,0.12,0.1,0.6,17.0,-0.0186915887850467,1.0,0.73,0.158,0.112,,,-6.725144885422194e-10,-5.689893001203925e-10,1,0.0,0.9999999949304597,Yves Bissouma,Yves Bissouma,Spurs
