,Unnamed: 0,assists_x,bonus,bps,clean_sheets,creativity,element,expected_assists,expected_goal_involvements,expected_goals,expected_goals_conceded,fixture,goals_conceded,goals_scored,ict_index,influence,date,minutes,opponent_team,own_goals,penalties_missed,penalties_saved,red_cards,round,saves,selected,starts,team_a_score,team_h_score,threat,total_points,transfers_balance,transfers_in,transfers_out,value,was_home,yellow_cards,fpl_id,position_x,team,goals,shots,xG,time,position_y,h_team,a_team,h_goals,a_goals,id,season,roster_id,xA,assists_y,key_passes,npg,npxG,xGChain,xGBuildup,understat_id,player_team,fpl_name,understat_name,team_h_difficulty,team_a_difficulty,event,xP,position,clean_sheets_1,expected_assists_1,expected_goal_involvements_1,expected_goals_1,expected_goals_conceded_1,goals_conceded_1,goals_scored_1,ict_index_1,influence_1,creativity_1,threat_1,minutes_1,own_goals_1,penalties_missed_1,penalties_saved_1,red_cards_1,yellow_cards_1,saves_1,starts_1,team_a_score_1,team_h_score_1,total_points_1,goals_1,shots_1,xG_1,xA_1,assists_x_1,assists_y_1,key_passes_1,npg_1,npxG_1,xGChain_1,xGBuildup_1,xP_1,clean_sheets_3,expected_assists_3,expected_goal_involvements_3,expected_goals_3,expected_goals_conceded_3,goals_conceded_3,goals_scored_3,ict_index_3,influence_3,creativity_3,threat_3,minutes_3,own_goals_3,penalties_missed_3,penalties_saved_3,red_cards_3,yellow_cards_3,saves_3,starts_3,team_a_score_3,team_h_score_3,total_points_3,goals_3,shots_3,xG_3,xA_3,assists_x_3,assists_y_3,key_passes_3,npg_3,npxG_3,xGChain_3,xGBuildup_3,xP_3,clean_sheets_5,expected_assists_5,expected_goal_involvements_5,expected_goals_5,expected_goals_conceded_5,goals_conceded_5,goals_scored_5,ict_index_5,influence_5,creativity_5,threat_5,minutes_5,own_goals_5,penalties_missed_5,penalties_saved_5,red_cards_5,yellow_cards_5,saves_5,starts_5,team_a_score_5,team_h_score_5,total_points_5,goals_5,shots_5,xG_5,xA_5,assists_x_5,assists_y_5,key_passes_5,npg_5,npxG_5,xGChain_5,xGBuildup_5,xP_5,ownership_change,percenatge_net_transfers,pts_bps,whh,whd,wha,saves_preds,xgc_preds,xG_preds,xA_preds,y_preds,cs_preds,xP_preds,player_name,ownership_percent
0,9,0,0,3,0,0.3,530,0.01,0.01,0.0,0.0,369,0,0,0.3,0.4,2024-05-11,6,12,0,0,0,0,37,0,32536,0,1,3,2.0,1,28,632,604,4.2,True,0,530.0,,West Ham United,0,0,0.0,1,Sub,West Ham United,Luton,3,1,22263,2023,660607,0.0,0,0,0,0.0,0.0,0.0,534.0,West Ham United,Aaron Cresswell,Aaron Cresswell,2,3,37,1.3,DEF,0.0,0.0,0.0,0.0,0.68,1.0,0.0,0.3,2.4,0.5,0.0,14.0,0.0,0.0,0.0,0.0,0.0,0.0,0.0,0.0,5.0,1.0,0.0,0.0,0.0,0.0,0.0,0.0,0.0,0.0,0.0,0.0,0.0,0.5,0.0,0.0,0.0,0.0,0.44,0.67,0.0,0.53,4.47,0.77,0.0,31.67,0.0,0.0,0.0,0.0,0.0,0.0,0.0,1.33,3.67,1.0,0.0,0.0,0.0,0.0,0.0,0.0,0.0,0.0,0.0,0.0,0.0,0.5,0.0,0.05,0.05,0.0,0.4,0.8,0.0,1.5,6.32,8.76,0.0,38.2,0.0,0.0,0.0,0.0,0.0,0.0,0.2,1.4,2.8,1.0,0.0,0.0,0.0,0.04,0.0,0.0,0.6,0.0,0.0,0.05,0.04,0.44,54.0,0.0226537216828478,1.0,0.526,0.225,0.249,,0.1662282348730681,0.0049474496509696,-5.277553949412095e-10,0,0.0,0.9466846963225516,,0.0
1,59,0,0,16,0,3.8,401,0.03,0.03,0.0,1.71,365,1,0,1.9,13.2,2024-05-12,86,1,0,0,0,0,37,0,220764,1,1,0,2.0,2,17363,21369,4006,4.4,True,0,401.0,,Manchester United,0,0,0.0,90,DR,Manchester United,Arsenal,0,1,22259,2023,661276,0.0,0,0,0,0.0,0.15142323076725,0.15142323076725,5584.0,Manchester United,Aaron Wan-Bissaka,Aaron Wan-Bissaka,5,4,37,1.4,DEF,0.0,0.05,0.05,0.0,1.47,4.0,0.0,3.5,18.0,16.6,0.0,90.0,0.0,0.0,0.0,0.0,0.0,0.0,1.0,0.0,4.0,0.0,0.0,0.0,0.0,0.08,0.0,0.0,1.0,0.0,0.0,0.08,0.08,1.0,0.0,0.03,0.03,0.0,1.43,2.33,0.0,2.73,14.33,11.77,1.33,90.0,0.0,0.0,0.0,0.0,0.0,0.0,1.0,1.0,3.0,1.0,0.0,0.0,0.0,0.04,0.0,0.0,0.67,0.0,0.0,0.58,0.56,1.67,0.0,0.03,0.03,0.0,1.93,2.2,0.0,3.46,18.2,14.06,2.4,90.0,0.0,0.0,0.0,0.0,0.0,0.0,1.0,1.4,2.6,1.6,0.0,0.0,0.0,0.06,0.2,0.2,1.0,0.0,0.0,0.41,0.37,1.44,21506.0,0.684256157635468,2.0,0.135,0.172,0.694,,1.3783024260305,0.0004953751186758,-5.277553949412095e-10,0,0.0,1.3139722491287884,Wan-Bissaka,0.41
2,60,0,0,11,0,25.4,401,0.16,0.2,0.04,2.32,337,2,0,5.8,23.8,2024-05-15,90,15,0,0,0,0,37,0,220764,1,2,3,9.0,1,17363,21369,4006,4.4,True,0,401.0,,Manchester United,0,1,0.0698711648583412,90,DR,Manchester United,Newcastle United,3,2,22231,2023,662115,0.0784439370036125,0,2,0,0.0698711648583412,0.1483151018619537,0.020153135061264,5584.0,Manchester United,Aaron Wan-Bissaka,Aaron Wan-Bissaka,3,4,37,1.4,DEF,0.0,0.03,0.03,0.0,1.71,1.0,0.0,1.9,13.2,3.8,2.0,86.0,0.0,0.0,0.0,0.0,0.0,0.0,1.0,1.0,0.0,2.0,0.0,0.0,0.0,0.0,0.0,0.0,0.0,0.0,0.0,0.15,0.15,1.4,0.0,0.03,0.03,0.0,1.75,2.0,0.0,2.73,15.27,10.73,1.33,88.67,0.0,0.0,0.0,0.0,0.0,0.0,1.0,0.67,1.67,1.33,0.0,0.0,0.0,0.04,0.0,0.0,0.67,0.0,0.0,0.15,0.13,1.5,0.0,0.04,0.04,0.0,1.55,2.0,0.0,2.7,13.84,10.44,2.8,89.2,0.0,0.0,0.0,0.0,0.0,0.0,1.0,1.2,2.2,1.2,0.0,0.0,0.0,0.03,0.0,0.0,0.6,0.0,0.0,0.41,0.4,1.58,0.0,0.684256157635468,1.0,0.347,0.238,0.415,,1.3427326543264857,0.0569554028904044,0.1065819485731398,0,0.0,1.9904782630618456,Wan-Bissaka,0.41
3,92,0,0,18,1,15.0,249,0.05,1.68,1.63,0.35,363,0,1,13.0,38.8,2024-05-11,68,17,0,0,0,0,37,0,55201,1,0,1,76.0,8,-1511,2599,4110,5.5,True,0,249.0,,Everton,1,4,1.2833930253982544,72,AMC,Everton,Sheffield United,1,0,22257,2023,660543,0.0236207824200391,0,1,1,1.2833930253982544,1.2618399858474731,0.151474118232727,1726.0,Everton,Abdoulaye Doucouré,Abdoulaye Doucouré,2,2,37,4.5,MID,0.0,0.01,0.05,0.04,0.56,1.0,0.0,1.2,7.2,0.8,4.0,53.0,0.0,0.0,0.0,0.0,0.0,0.0,1.0,1.0,1.0,1.0,0.0,1.0,0.03,0.0,0.0,0.0,0.0,0.0,0.03,0.03,0.0,3.3,0.67,0.07,0.17,0.11,1.15,0.33,0.0,2.17,4.53,11.13,6.0,77.67,0.0,0.0,0.0,0.0,0.0,0.0,1.0,0.33,1.33,2.33,0.0,1.0,0.15,0.03,0.0,0.0,0.67,0.0,0.15,0.27,0.09,3.8,0.6,0.05,0.11,0.06,1.45,1.4,0.0,2.38,8.56,10.42,4.8,82.6,0.0,0.0,0.0,0.0,0.2,0.0,1.0,0.2,2.4,2.8,0.0,0.6,0.09,0.02,0.2,0.2,0.6,0.0,0.09,0.18,0.08,3.66,-1520.0,-0.22521985392756,8.0,0.676,0.197,0.126,,,0.5146205846671423,0.0669718861131343,0,0.0,4.774018581675114,A.Doucoure,1.23
4,146,0,0,20,1,2.3,84,0.01,0.01,0.0,0.78,362,0,0,0.9,6.8,2024-05-11,80,4,0,0,0,0,37,0,55876,1,2,1,0.0,6,-7184,2203,9387,4.4,True,0,84.0,,Bournemouth,0,0,0.0,85,DR,Bournemouth,Brentford,1,2,22255,2023,660688,0.0,0,0,0,0.0,0.1226958185434341,0.1226958185434341,825.0,Bournemouth,Adam Smith,Adam Smith,2,2,37,3.8,DEF,0.0,0.01,0.01,0.0,3.89,2.0,0.0,0.9,7.6,1.7,0.0,88.0,0.0,0.0,0.0,0.0,1.0,0.0,1.0,0.0,3.0,0.0,0.0,0.0,0.0,0.0,0.0,0.0,0.0,0.0,0.0,0.0,0.0,1.8,0.67,0.01,0.02,0.01,1.81,0.67,0.0,2.1,11.33,8.57,1.0,89.33,0.0,0.0,0.0,0.0,0.33,0.0,1.0,0.33,2.0,4.33,0.0,0.33,0.01,0.05,0.0,0.0,0.67,0.0,0.01,0.25,0.2,3.9,0.4,0.03,0.04,0.01,1.44,1.0,0.0,2.32,9.4,13.18,0.6,76.4,0.0,0.0,0.0,0.0,0.4,0.0,1.0,0.8,2.2,2.8,0.0,0.2,0.0,0.11,0.0,0.0,1.0,0.0,0.0,0.38,0.28,4.52,-8321.0,-0.6198446937014668,6.0,0.489,0.238,0.272,,0.7308514922274134,5.515961021274052e-10,-5.277553949412095e-10,0,0.0,1.6350000017263109,,0.0
5,159,0,0,12,0,0.4,153,0.01,0.01,0.0,2.27,366,1,0,2.5,24.6,2024-05-11,90,15,0,0,0,0,37,0,38343,1,1,1,0.0,2,19626,20245,619,4.2,False,0,153.0,,Brighton and Hove Albion,0,0,0.0,90,DC,Newcastle United,Brighton and Hove Albion,1,1,22260,2023,660674,0.0,0,0,0,0.0,0.5030931830406189,0.5030931830406189,7699.0,Brighton and Hove Albion,Adam Webster,Adam Webster,2,4,37,4.8,DEF,1.0,0.01,0.01,0.0,0.06,0.0,0.0,2.5,13.8,11.3,0.0,90.0,0.0,0.0,0.0,0.0,0.0,0.0,1.0,0.0,1.0,8.0,0.0,0.0,0.0,0.04,0.0,0.0,1.0,0.0,0.0,1.05,1.01,1.7,0.33,0.03,0.04,0.01,0.52,1.33,0.0,2.8,16.33,8.63,3.0,65.33,0.0,0.0,0.0,0.0,0.0,0.0,0.67,0.0,2.33,3.33,0.0,0.33,0.02,0.03,0.0,0.0,0.67,0.0,0.02,0.5,0.49,0.8,0.2,0.03,0.04,0.01,0.43,0.8,0.0,2.46,11.84,10.84,1.8,51.8,0.0,0.0,0.0,0.0,0.2,0.0,0.6,1.0,1.4,2.2,0.0,0.2,0.01,0.04,0.0,0.0,0.8,0.0,0.01,0.47,0.44,1.02,22556.0,0.9406633435582822,2.0,0.602,0.199,0.199,,1.0365550964736707,5.515961021274052e-10,0.0008237280922702,0,0.0,1.4844711875863872,,0.0
6,160,0,0,10,0,2.3,153,0.02,0.02,0.0,1.48,332,2,0,2.1,15.0,2024-05-15,90,7,0,0,0,0,37,0,38343,1,2,1,4.0,1,19626,20245,619,4.2,True,0,153.0,,Brighton and Hove Albion,0,0,0.0,90,DC,Brighton and Hove Albion,Chelsea,1,2,22226,2023,662147,0.0,0,0,0,0.0,0.5580099821090698,0.5580099821090698,7699.0,Brighton and Hove Albion,Adam Webster,Adam Webster,3,3,37,4.8,DEF,0.0,0.01,0.01,0.0,2.27,1.0,0.0,2.5,24.6,0.4,0.0,90.0,0.0,0.0,0.0,0.0,0.0,0.0,1.0,1.0,1.0,2.0,0.0,0.0,0.0,0.0,0.0,0.0,0.0,0.0,0.0,0.5,0.5,4.8,0.33,0.01,0.01,0.0,0.87,0.67,0.0,1.97,15.73,3.93,0.0,65.33,0.0,0.0,0.0,0.0,0.0,0.0,0.67,0.33,1.67,3.67,0.0,0.0,0.0,0.01,0.0,0.0,0.33,0.0,0.0,0.52,0.51,2.23,0.2,0.03,0.03,0.01,0.81,1.0,0.0,2.88,16.44,10.5,1.8,66.2,0.0,0.0,0.0,0.0,0.0,0.0,0.8,1.2,1.6,2.6,0.0,0.2,0.01,0.04,0.0,0.0,0.8,0.0,0.01,0.57,0.54,1.58,0.0,0.9406633435582822,1.0,0.284,0.235,0.481,,1.4137584064125264,0.0310756265799383,0.0016594262402593,0,1.0,5.484432038200407,,0.0
7,176,1,0,13,0,12.7,807,0.03,0.06,0.03,1.57,370,1,0,4.2,28.0,2024-05-11,90,20,0,0,0,0,37,0,2122,1,3,1,1.0,5,172,398,226,5.0,False,0,807.0,,Crystal Palace,0,1,0.0598656870424747,90,,Wolverhampton Wanderers,Crystal Palace,1,3,22264,2023,660586,0.0323744155466556,1,1,0,0.0598656870424747,0.8221190571784973,0.7622533440589905,12409.0,Crystal Palace,Adam Wharton,Adam Wharton,2,2,37,4.0,MID,1.0,0.07,0.07,0.0,0.35,0.0,0.0,2.9,16.6,12.8,0.0,90.0,0.0,0.0,0.0,0.0,0.0,0.0,1.0,0.0,4.0,3.0,0.0,0.0,0.0,0.11,0.0,0.0,1.0,0.0,0.0,0.26,0.15,3.6,0.67,0.04,0.07,0.03,0.53,0.33,0.0,4.27,21.8,16.53,4.33,87.33,0.0,0.0,0.0,0.0,0.33,0.0,1.0,0.33,2.33,4.33,0.0,1.67,0.03,0.16,0.33,0.33,1.33,0.0,0.03,0.37,0.19,4.33,0.6,0.09,0.12,0.04,1.14,0.4,0.0,3.98,20.4,15.76,3.6,82.4,0.0,0.0,0.0,0.0,0.2,0.0,1.0,0.8,2.4,3.6,0.0,1.2,0.04,0.2,0.2,0.2,1.2,0.0,0.04,0.36,0.22,4.18,209.0,0.2756410256410256,5.0,0.33,0.271,0.399,,,0.0251484535217416,0.0703064329958593,0,0.0,2.3366615665962858,,0.0
8,193,0,0,2,0,0.4,662,0.0,0.0,0.0,1.96,364,3,0,0.4,1.2,2024-05-11,45,13,0,0,0,0,37,0,4011,0,4,0,2.0,1,10,136,126,4.9,True,0,662.0,,Fulham,0,0,0.0,41,,Fulham,Manchester City,0,4,22258,2023,660327,0.0,0,0,0,0.0,0.0,0.0,900.0,Fulham,Adama Traoré,Adama Traoré,5,3,37,-0.2,MID,0.0,0.01,0.06,0.05,0.02,0.0,0.0,2.8,3.2,1.3,23.0,26.0,0.0,0.0,0.0,0.0,0.0,0.0,0.0,0.0,0.0,1.0,0.0,1.0,0.07,0.0,0.0,0.0,0.0,0.0,0.07,0.07,0.0,0.8,0.0,0.01,0.05,0.03,0.02,0.0,0.0,1.7,2.8,4.03,10.0,10.67,0.0,0.0,0.0,0.0,0.0,0.0,0.0,1.67,0.33,1.0,0.0,0.67,0.03,0.01,0.0,0.0,0.33,0.0,0.03,0.04,0.01,1.23,0.0,0.05,0.08,0.03,0.25,0.4,0.0,1.88,4.32,6.38,8.0,22.8,0.0,0.0,0.0,0.0,0.0,0.0,0.0,1.4,0.8,1.0,0.0,0.6,0.03,0.01,0.0,0.0,0.4,0.0,0.03,0.06,0.02,1.32,36.0,0.0381679389312977,1.0,0.073,0.136,0.791,,,0.0143339517621092,1.159168760977991e-09,1,0.0,0.0716697622880522,,0.0
9,210,0,2,32,0,3.3,21,0.02,0.3,0.28,3.24,369,3,1,7.0,48.0,2024-05-11,90,19,0,0,0,0,37,0,2138,1,1,3,19.0,9,103,136,33,4.9,False,0,21.0,,Luton,1,1,0.4793727099895477,90,MC,West Ham United,Luton,3,1,22263,2023,660616,0.0,0,0,1,0.4793727099895477,0.5549494028091431,0.0755766779184341,9689.0,Luton,Albert Sambi Lokonga,Albert Sambi Lokonga,2,3,37,4.0,MID,0.0,0.09,0.09,0.0,1.43,1.0,0.0,5.6,35.2,16.6,4.0,90.0,0.0,0.0,0.0,0.0,0.0,0.0,1.0,1.0,1.0,6.0,0.0,0.0,0.0,0.25,1.0,1.0,1.0,0.0,0.0,0.28,0.03,1.7,0.0,0.04,0.04,0.0,1.68,2.33,0.0,2.93,19.4,7.83,2.0,83.33,0.0,0.0,0.0,0.0,0.33,0.0,1.0,2.33,1.33,3.0,0.0,0.0,0.0,0.08,0.33,0.33,0.33,0.0,0.0,0.12,0.04,0.6,0.0,0.09,0.09,0.0,1.79,1.8,0.0,3.14,18.96,11.08,1.4,77.0,0.0,0.0,0.0,0.0,0.2,0.0,1.0,2.0,1.8,2.4,0.0,0.2,0.0,0.06,0.2,0.2,0.6,0.0,0.0,0.12,0.06,1.52,127.0,0.6094674556213018,7.0,0.526,0.225,0.249,,,0.103205438474849,0.0156701340938725,1,0.0,1.5630375946558623,,0.0
10,245,0,0,8,0,15.8,382,0.07,0.46,0.39,1.71,365,1,0,6.4,2.8,2024-05-12,90,1,0,0,0,0,37,0,1170638,1,1,0,45.0,2,13447,96203,82756,5.0,True,0,382.0,,Manchester United,0,7,0.3481286764144897,90,AML,Manchester United,Arsenal,0,1,22259,2023,661284,0.0218135938048362,0,1,0,0.3481286764144897,0.3835866451263428,0.0517616122961044,10552.0,Manchester United,Alejandro Garnacho,Alejandro Garnacho,5,4,37,4.2,MID,0.0,0.03,0.06,0.03,1.47,4.0,0.0,2.3,4.8,3.4,15.0,90.0,0.0,0.0,0.0,0.0,0.0,0.0,1.0,0.0,4.0,2.0,0.0,1.0,0.05,0.0,0.0,0.0,0.0,0.0,0.05,0.08,0.08,3.2,0.0,0.13,0.53,0.4,1.43,2.33,0.0,10.0,16.0,23.47,60.67,90.0,0.0,0.0,0.0,0.0,0.0,0.0,1.0,1.0,3.0,3.0,0.0,4.33,0.59,0.21,0.33,0.33,1.67,0.0,0.59,0.98,0.51,4.93,0.0,0.09,0.36,0.27,1.6,2.0,0.0,7.08,11.12,14.56,45.4,78.8,0.0,0.0,0.0,0.0,0.0,0.0,1.0,1.4,2.6,3.0,0.0,3.4,0.41,0.13,0.4,0.2,1.0,0.0,0.41,0.76,0.42,5.2,20121.0,0.075140115892467,2.0,0.135,0.172,0.694,,,0.328335938501981,0.1267894468312664,0,0.0,4.0220480330037045,Garnacho,9.05
11,246,0,0,3,0,22.8,382,0.03,0.22,0.19,2.18,337,1,0,5.3,5.2,2024-05-15,82,15,0,0,0,0,37,0,1170638,1,2,3,25.0,2,13447,96203,82756,5.0,True,0,382.0,,Manchester United,0,2,0.3205660581588745,86,AML,Manchester United,Newcastle United,3,2,22231,2023,662123,0.0513111129403114,0,2,0,0.3205660581588745,0.3038135170936584,0.0,10552.0,Manchester United,Alejandro Garnacho,Alejandro Garnacho,3,4,37,4.2,MID,0.0,0.07,0.46,0.39,1.71,1.0,0.0,6.4,2.8,15.8,45.0,90.0,0.0,0.0,0.0,0.0,0.0,0.0,1.0,1.0,0.0,2.0,0.0,7.0,0.35,0.02,0.0,0.0,1.0,0.0,0.35,0.38,0.05,4.2,0.0,0.11,0.43,0.32,1.75,2.0,0.0,6.23,4.13,17.77,40.33,90.0,0.0,0.0,0.0,0.0,0.0,0.0,1.0,0.67,1.67,2.0,0.0,4.67,0.36,0.18,0.0,0.0,1.33,0.0,0.36,0.53,0.14,4.43,0.0,0.1,0.42,0.32,1.46,2.0,0.0,7.6,10.16,17.58,48.4,81.0,0.0,0.0,0.0,0.0,0.0,0.0,1.0,1.2,2.2,3.0,0.0,4.2,0.44,0.13,0.4,0.2,1.2,0.0,0.44,0.78,0.42,4.84,0.0,0.075140115892467,2.0,0.347,0.238,0.415,,,0.155767199113221,0.1478323703343182,0,0.0,3.22233310656906,Garnacho,9.05
12,291,0,0,12,0,2.8,256,0.03,0.03,0.0,3.25,364,4,0,1.1,8.0,2024-05-11,90,13,0,0,0,0,37,0,48595,1,4,0,0.0,2,-2143,1185,3328,5.3,True,0,256.0,,Fulham,0,0,0.0,90,DMC,Fulham,Manchester City,0,4,22258,2023,660320,0.0,0,0,0,0.0,0.0,0.0,500.0,Everton,Alex Iwobi,Alex Iwobi,5,3,37,1.2,MID,1.0,0.23,0.4,0.17,0.62,0.0,0.0,9.8,17.4,51.8,29.0,90.0,0.0,0.0,0.0,0.0,0.0,0.0,1.0,0.0,0.0,3.0,0.0,3.0,0.14,0.41,0.0,0.0,4.0,0.0,0.14,0.63,0.14,3.2,0.33,0.18,0.24,0.06,0.87,1.33,0.0,5.63,11.73,29.57,15.0,88.0,0.0,0.0,0.0,0.0,0.0,0.0,1.0,1.33,0.67,2.33,0.0,1.0,0.05,0.18,0.0,0.0,2.33,0.0,0.05,0.3,0.09,2.77,0.4,0.3,0.38,0.09,0.82,1.0,0.0,5.88,15.4,28.12,15.2,85.4,0.0,0.0,0.0,0.0,0.0,0.0,1.0,1.4,0.4,3.0,0.0,1.0,0.11,0.35,0.2,0.2,2.2,0.0,0.11,0.79,0.37,2.94,-2205.0,-0.4748504320850875,2.0,0.073,0.136,0.791,,,-1.5743444325977407e-09,1.159168760977991e-09,1,0.0,0.999999995605784,,0.0
13,317,0,0,7,0,11.3,644,0.03,0.03,0.0,0.65,362,2,0,1.7,5.6,2024-05-11,10,4,0,0,0,0,37,0,2157,0,2,1,0.0,1,13,87,74,4.9,True,0,644.0,,Bournemouth,0,0,0.0,5,Sub,Bournemouth,Brentford,1,2,22255,2023,660700,0.0532876439392566,0,1,0,0.0,0.0532876439392566,0.0,12149.0,Bournemouth,Alex Scott,Alex Scott,2,2,37,1.8,MID,0.0,0.04,0.1,0.06,3.43,2.0,0.0,3.0,10.0,12.8,7.0,70.0,0.0,0.0,0.0,0.0,1.0,0.0,1.0,0.0,3.0,1.0,0.0,1.0,0.05,0.26,0.0,0.0,1.0,0.0,0.05,0.31,0.0,0.6,0.67,0.06,0.12,0.06,1.57,0.67,0.0,4.9,8.27,26.3,14.33,75.33,0.0,0.0,0.0,0.0,0.33,0.0,1.0,0.33,2.0,2.33,0.0,1.33,0.07,0.32,0.0,0.0,2.33,0.0,0.07,0.43,0.05,1.23,0.4,0.06,0.1,0.05,1.26,0.8,0.0,3.62,7.0,19.2,10.0,48.6,0.0,0.0,0.0,0.0,0.2,0.0,0.6,0.6,2.2,1.8,0.0,1.2,0.05,0.24,0.0,0.0,1.6,0.0,0.05,0.31,0.03,1.3,12.0,0.0807453416149068,1.0,0.489,0.238,0.272,,,-1.5743444325977407e-09,0.0798986496992439,0,0.0,2.2396959412260093,,0.0
14,346,0,0,3,0,1.8,415,0.01,0.21,0.2,1.18,366,1,0,2.8,3.0,2024-05-11,67,5,0,0,0,0,37,0,4697648,1,1,1,23.0,2,462524,492434,29910,8.4,True,0,415.0,,Newcastle United,0,1,0.2665153443813324,73,FW,Newcastle United,Brighton and Hove Albion,1,1,22260,2023,660665,0.0,0,0,0,0.2665153443813324,0.2665153443813324,0.0,5232.0,Newcastle United,Alexander Isak,Alexander Isak,2,4,37,10.4,FWD,1.0,0.08,1.72,1.64,0.68,0.0,1.0,12.6,40.4,11.8,74.0,76.0,0.0,1.0,0.0,0.0,0.0,0.0,1.0,4.0,1.0,7.0,1.0,4.0,1.9,0.05,1.0,0.0,1.0,1.0,1.14,1.56,0.37,9.0,0.33,0.07,1.04,0.97,1.01,1.0,1.0,10.97,41.93,16.93,50.67,85.33,0.0,0.33,0.0,0.0,0.0,0.0,1.0,1.67,2.67,7.33,1.0,3.33,1.06,0.17,0.33,0.0,1.33,0.67,0.55,0.95,0.23,8.17,0.6,0.05,0.99,0.94,1.01,0.6,1.0,10.72,41.2,15.22,50.6,87.2,0.0,0.2,0.0,0.0,0.0,0.0,1.0,1.2,2.4,7.2,1.0,3.6,1.03,0.13,0.2,0.0,1.2,0.8,0.73,0.97,0.16,8.2,513675.0,0.8854777694392967,2.0,0.602,0.199,0.199,,,0.2707502785349331,-8.433620468650812e-10,0,,3.0830011116096467,Isak,70.78
15,347,0,0,-1,0,25.9,415,0.15,0.49,0.34,1.44,337,3,0,5.4,5.2,2024-05-15,90,14,0,0,0,0,37,0,4697648,1,2,3,23.0,2,462524,492434,29910,8.4,False,0,415.0,,Newcastle United,0,3,0.6163881421089172,90,FW,Manchester United,Newcastle United,3,2,22231,2023,662138,0.1608030498027801,0,2,0,0.6163881421089172,1.61274516582489,0.8871157765388489,5232.0,Newcastle United,Alexander Isak,Alexander Isak,3,4,37,10.4,FWD,0.0,0.01,0.21,0.2,1.18,1.0,0.0,2.8,3.0,1.8,23.0,67.0,0.0,0.0,0.0,0.0,0.0,0.0,1.0,1.0,1.0,2.0,0.0,1.0,0.27,0.0,0.0,0.0,0.0,0.0,0.27,0.27,0.0,10.4,0.33,0.06,1.08,1.02,1.11,0.67,1.0,10.57,39.0,12.6,54.0,77.67,0.0,0.33,0.0,0.0,0.0,0.0,1.0,2.0,2.33,7.33,1.0,3.33,1.13,0.07,0.33,0.0,1.0,0.67,0.62,0.89,0.21,9.03,0.4,0.05,0.97,0.93,0.99,0.8,1.0,9.92,38.6,13.28,47.2,82.6,0.0,0.2,0.0,0.0,0.0,0.0,1.0,1.2,2.6,7.2,1.0,3.4,1.01,0.11,0.2,0.0,1.0,0.8,0.71,0.92,0.14,8.72,0.0,0.8854777694392967,2.0,0.347,0.238,0.415,,,0.2724455245948203,0.1734358324490685,0,,3.610089595726487,Isak,70.78
16,401,0,0,11,0,15.8,304,0.37,0.48,0.11,3.36,361,3,0,3.6,9.0,2024-05-13,90,2,0,0,0,0,37,0,433062,1,3,3,11.0,2,-46337,2847,49184,5.9,False,0,304.0,,Liverpool,0,2,0.0982107371091842,90,MC,Aston Villa,Liverpool,3,3,22256,2023,661857,0.0573380775749683,0,1,0,0.0982107371091842,0.2678281366825104,0.225188672542572,8379.0,Liverpool,Alexis Mac Allister,Alexis Mac Allister,4,4,37,1.6,MID,0.0,0.05,0.05,0.0,0.74,1.0,0.0,2.8,12.4,13.9,2.0,74.0,0.0,0.0,0.0,0.0,0.0,0.0,1.0,2.0,4.0,2.0,0.0,0.0,0.0,0.11,0.0,0.0,1.0,0.0,0.0,1.01,0.9,1.6,0.0,0.16,0.26,0.1,0.84,1.67,0.0,6.07,18.6,30.3,12.0,84.67,0.0,0.0,0.0,0.0,0.33,0.0,1.0,1.33,2.67,1.67,0.0,2.0,0.14,0.17,0.0,0.0,2.0,0.0,0.14,1.03,0.87,4.37,0.0,0.14,0.22,0.08,0.94,1.2,0.0,4.98,17.12,25.2,7.6,72.0,0.0,0.0,0.0,0.0,0.2,0.0,0.8,1.6,1.8,1.6,0.0,1.4,0.11,0.14,0.0,0.0,1.6,0.0,0.11,0.79,0.68,5.22,-48903.0,-0.8905652399531049,2.0,0.225,0.218,0.556,,,0.1018246806802292,0.0592605818933533,1,0.0,1.686905149081206,,0.0
17,438,1,0,28,0,19.8,321,0.18,0.18,0.0,2.63,369,3,0,6.4,38.6,2024-05-11,86,19,0,0,0,0,37,0,676523,1,1,3,6.0,4,-101576,5497,107073,4.3,False,0,321.0,,Luton,0,0,0.0,90,DML,West Ham United,Luton,3,1,22263,2023,660615,0.4793727099895477,1,1,0,0.0,0.5549494028091431,0.0755766779184341,11723.0,Luton,Alfie Doughty,Alfie Doughty,2,3,37,1.0,DEF,0.0,0.3,0.32,0.02,1.43,1.0,0.0,14.4,30.8,90.5,23.0,90.0,0.0,0.0,0.0,0.0,0.0,0.0,1.0,1.0,1.0,2.0,0.0,1.0,0.04,0.32,0.0,0.0,6.0,0.0,0.04,0.37,0.31,0.0,0.0,0.12,0.14,0.02,1.93,2.67,0.0,7.4,19.13,40.87,14.0,89.0,0.0,0.0,0.0,0.0,0.33,0.0,1.0,2.33,1.33,0.67,0.0,0.67,0.02,0.15,0.0,0.0,2.67,0.0,0.02,0.39,0.33,0.13,0.0,0.08,0.13,0.05,2.08,2.8,0.0,5.98,18.36,25.04,16.4,89.4,0.0,0.0,0.0,0.0,0.2,0.0,1.0,1.8,2.2,0.8,0.0,0.8,0.09,0.09,0.0,0.0,1.6,0.0,0.09,0.45,0.36,0.28,-115175.0,-0.9023363240650262,4.0,0.526,0.225,0.249,,1.7291985210368868,0.038671745444577,0.0697693054017467,0,0.0,1.576338388872702,Doughty,0.41
18,477,0,0,10,0,0.0,291,0.0,0.0,0.0,3.36,361,3,0,1.7,17.0,2024-05-13,90,2,0,0,0,0,37,2,996860,1,3,3,0.0,1,-13787,10812,24599,5.7,False,0,,,Liverpool,0,0,0.0,90,,Aston Villa,Liverpool,3,3,22256,2023,661852,0.0,0,0,0,0.0,0.0184850990772247,0.0184850990772247,,Liverpool,,,4,4,37,2.2,GK,0.0,0.0,0.0,0.0,1.16,2.0,0.0,2.8,27.8,0.0,0.0,90.0,0.0,0.0,0.0,0.0,0.0,4.0,1.0,2.0,4.0,2.0,0.0,0.0,0.0,0.0,0.0,0.0,0.0,0.0,0.0,0.0,0.0,2.6,0.0,0.0,0.0,0.0,0.98,2.0,0.0,3.47,34.6,0.0,0.0,90.0,0.0,0.0,0.0,0.0,0.0,4.67,1.0,1.33,2.67,2.33,0.0,0.0,0.0,0.0,0.0,0.0,0.0,0.0,0.0,0.17,0.17,2.83,0.0,0.0,0.0,0.0,1.12,1.6,0.0,3.28,32.56,0.06,0.0,90.0,0.0,0.0,0.0,0.0,0.0,4.2,1.0,1.6,1.8,2.6,0.0,0.0,0.0,0.0,0.0,0.0,0.0,0.0,0.0,0.23,0.23,2.56,-14702.0,-0.3893422947671627,1.0,0.225,0.218,0.556,1.9838614079955872,1.079716444015503,,,1,0.0,1.121,,0.0
19,508,0,0,8,0,0.0,524,0.0,0.0,0.0,0.42,369,1,0,0.5,4.6,2024-05-11,90,12,0,0,0,0,37,0,2465787,1,1,3,0.0,2,-36944,24634,61578,4.2,True,0,524.0,,West Ham United,0,0,0.0,90,GK,West Ham United,Luton,3,1,22263,2023,660595,0.0,0,0,0,0.0,0.0247678160667419,0.0247678160667419,2310.0,West Ham United,Alphonse Areola,Alphonse Areola,2,3,37,2.0,GK,0.0,0.0,0.0,0.0,4.13,5.0,0.0,6.7,66.6,0.0,0.0,90.0,0.0,0.0,0.0,0.0,0.0,9.0,1.0,0.0,5.0,3.0,0.0,0.0,0.0,0.0,0.0,0.0,0.0,0.0,0.0,0.0,0.0,1.0,0.0,0.0,0.0,0.0,2.44,2.67,0.0,4.67,46.4,0.0,0.0,75.0,0.33,0.0,0.0,0.0,0.0,6.33,1.0,1.67,3.67,2.0,0.0,0.0,0.0,0.0,0.0,0.0,0.0,0.0,0.0,0.0,0.0,1.9,0.0,0.0,0.0,0.0,1.72,2.2,0.0,3.8,37.92,0.0,0.0,81.0,0.2,0.0,0.0,0.0,0.0,5.2,1.0,1.6,2.8,2.2,0.0,0.0,0.0,0.0,0.0,0.0,0.0,0.0,0.0,0.03,0.03,3.14,-46317.0,-0.4285250313181459,2.0,0.526,0.225,0.249,0.297694635534411,0.993927836418152,,,0,0.0,1.6020000000000003,Areola,3.29
20,539,0,0,14,1,6.6,261,0.05,0.18,0.13,0.64,363,0,0,3.8,22.0,2024-05-11,90,17,0,0,0,0,37,0,16402,1,0,1,9.0,3,63,380,317,4.7,True,0,261.0,,Everton,0,2,0.1064603105187416,90,MC,Everton,Sheffield United,1,0,22257,2023,660540,0.0,0,0,0,0.1064603105187416,0.834649384021759,0.7281890511512756,9667.0,Everton,Amadou Onana,Amadou Onana,2,2,37,1.7,MID,0.0,0.01,0.07,0.06,0.41,0.0,0.0,1.4,7.8,0.8,5.0,35.0,0.0,0.0,0.0,0.0,0.0,0.0,0.0,1.0,1.0,1.0,0.0,1.0,0.08,0.0,0.0,0.0,0.0,0.0,0.08,0.0,0.0,1.3,0.0,0.01,0.03,0.02,0.25,0.0,0.0,1.03,6.87,0.73,2.33,20.67,0.0,0.0,0.0,0.0,0.0,0.0,0.0,0.33,1.33,1.0,0.0,0.33,0.03,0.0,0.0,0.0,0.0,0.0,0.03,0.02,0.02,1.0,0.0,0.02,0.03,0.02,0.7,1.0,0.0,1.3,6.72,3.76,2.2,33.4,0.0,0.0,0.0,0.0,0.0,0.0,0.4,0.4,2.2,1.2,0.0,0.4,0.02,0.01,0.0,0.0,0.2,0.0,0.02,0.23,0.23,0.96,153.0,0.0903873744619799,3.0,0.676,0.197,0.126,,,0.1175694195063072,1.159168760977991e-09,0,0.0,1.5878471010090422,,0.0
21,599,0,0,2,0,0.8,655,0.0,0.04,0.04,1.9,363,1,0,3.4,12.4,2024-05-11,54,9,0,0,0,0,37,0,3527,1,0,1,21.0,1,39,96,57,4.4,False,0,655.0,,Sheffield United,0,1,0.0512614659965038,58,MC,Everton,Sheffield United,1,0,22257,2023,660556,0.0,0,0,0,0.0512614659965038,0.0997111797332763,0.0484497174620628,11731.0,Sheffield United,Andre Brooks,Andre Brooks,2,2,37,0.9,MID,0.0,0.01,0.05,0.04,1.1,3.0,0.0,2.3,4.8,14.3,4.0,65.0,0.0,0.0,0.0,0.0,0.0,0.0,1.0,3.0,1.0,2.0,0.0,1.0,0.06,0.03,0.0,0.0,1.0,0.0,0.06,0.34,0.29,0.7,0.0,0.0,0.05,0.04,1.54,2.67,0.0,1.43,5.73,5.47,3.0,59.67,0.0,0.0,0.0,0.0,0.0,0.0,1.0,2.0,3.33,1.67,0.0,1.0,0.07,0.01,0.0,0.0,0.33,0.0,0.07,0.23,0.2,0.5,0.0,0.0,0.03,0.03,1.18,1.8,0.0,0.96,3.96,3.8,1.8,40.6,0.0,0.0,0.0,0.0,0.0,0.0,0.6,2.2,2.8,1.4,0.0,0.6,0.04,0.01,0.0,0.0,0.2,0.0,0.04,0.14,0.12,0.26,49.0,0.2549019607843137,1.0,0.676,0.197,0.126,,,0.1788410597572227,0.0005741257434652,0,0.0,1.8959276760165087,,0.0
22,637,0,0,8,0,1.3,267,0.01,0.01,0.0,2.35,364,3,0,0.5,3.8,2024-05-11,73,13,0,0,0,0,37,0,93753,1,4,0,0.0,2,-6003,4400,10403,5.3,True,0,,,Fulham,0,0,0.0,77,,Fulham,Manchester City,0,4,22258,2023,660323,0.0,0,0,0,0.0,0.0,0.0,,Fulham,,,5,3,37,1.5,MID,1.0,0.03,0.21,0.18,0.62,0.0,0.0,4.8,3.4,29.6,15.0,74.0,0.0,0.0,0.0,0.0,0.0,0.0,1.0,0.0,0.0,3.0,0.0,4.0,0.16,0.11,0.0,0.0,2.0,0.0,0.16,0.27,0.11,5.8,0.67,0.16,0.24,0.07,0.84,1.0,0.0,3.23,4.73,22.33,5.33,82.67,0.0,0.0,0.0,0.0,0.0,0.0,1.0,1.33,0.67,2.67,0.0,1.67,0.07,0.15,0.0,0.0,1.33,0.0,0.07,0.38,0.24,5.77,0.8,0.17,0.61,0.44,0.72,0.6,0.4,7.8,19.64,27.94,30.4,77.0,0.0,0.0,0.0,0.0,0.2,0.0,1.0,1.4,0.4,5.2,0.4,2.4,0.51,0.2,0.0,0.0,1.8,0.4,0.51,0.79,0.22,5.66,-6550.0,-0.4055259069107613,2.0,0.073,0.136,0.791,,,-1.5743444325977407e-09,1.159168760977991e-09,0,0.0,1.999999995605784,,0.0
23,737,0,0,19,0,0.0,597,0.0,0.0,0.0,1.71,365,1,0,3.2,32.2,2024-05-12,90,1,0,0,0,0,37,5,1714175,1,1,0,0.0,3,20761,72931,52170,5.0,True,0,597.0,,Manchester United,0,0,0.0,90,GK,Manchester United,Arsenal,0,1,22259,2023,661275,0.0,0,0,0,0.0,0.0180456023663282,0.0180456023663282,10913.0,Manchester United,André Onana,André Onana,5,4,37,3.8,GK,0.0,0.0,0.0,0.0,1.47,4.0,0.0,4.7,46.6,0.0,0.0,90.0,0.0,0.0,0.0,0.0,0.0,6.0,1.0,0.0,4.0,2.0,0.0,0.0,0.0,0.0,0.0,0.0,0.0,0.0,0.0,0.07,0.07,2.2,0.0,0.01,0.01,0.0,1.43,2.33,0.0,3.37,33.53,0.0,0.0,90.0,0.0,0.0,0.0,0.0,0.0,4.67,1.0,1.0,3.0,2.33,0.0,0.0,0.0,0.0,0.0,0.0,0.0,0.0,0.0,0.2,0.2,2.47,0.0,0.0,0.0,0.0,1.93,2.2,0.0,3.36,33.52,0.0,0.0,90.0,0.0,0.0,0.0,0.0,0.2,4.6,1.0,1.4,2.6,2.2,0.0,0.0,0.0,0.0,0.0,0.0,0.0,0.0,0.0,0.13,0.13,2.72,33348.0,0.165953909241333,3.0,0.135,0.172,0.694,3.989017385638208,1.708761215209961,,,0,0.0,2.476,Onana,7.0
24,738,0,0,19,0,0.0,597,0.0,0.0,0.0,2.32,337,2,0,4.1,41.2,2024-05-15,90,15,0,0,0,0,37,5,1714175,1,2,3,0.0,2,20761,72931,52170,5.0,True,0,597.0,,Manchester United,0,0,0.0,90,GK,Manchester United,Newcastle United,3,2,22231,2023,662114,0.0,0,0,0,0.0,0.0,0.0,10913.0,Manchester United,André Onana,André Onana,3,4,37,3.8,GK,0.0,0.0,0.0,0.0,1.71,1.0,0.0,3.2,32.2,0.0,0.0,90.0,0.0,0.0,0.0,0.0,0.0,5.0,1.0,1.0,0.0,3.0,0.0,0.0,0.0,0.0,0.0,0.0,0.0,0.0,0.0,0.02,0.02,3.8,0.0,0.0,0.0,0.0,1.75,2.0,0.0,3.93,39.4,0.0,0.0,90.0,0.0,0.0,0.0,0.0,0.0,5.67,1.0,0.67,1.67,3.0,0.0,0.0,0.0,0.0,0.0,0.0,0.0,0.0,0.0,0.05,0.05,2.9,0.0,0.0,0.0,0.0,1.55,2.0,0.0,3.24,32.28,0.0,0.0,90.0,0.0,0.0,0.0,0.0,0.0,4.4,1.0,1.2,2.2,2.4,0.0,0.0,0.0,0.0,0.0,0.0,0.0,0.0,0.0,0.12,0.12,2.68,0.0,0.165953909241333,2.0,0.347,0.238,0.415,5.258821622887844,1.684162139892578,,,1,0.0,1.911,Onana,7.0
25,781,0,0,13,0,0.8,577,0.01,0.01,0.0,0.42,369,1,0,1.3,12.2,2024-05-11,90,12,0,0,0,0,37,0,11314,1,1,3,0.0,2,156,367,211,4.2,True,0,577.0,,West Ham United,0,0,0.0,90,DC,West Ham United,Luton,3,1,22263,2023,660598,0.0,0,0,0,0.0,0.0452461391687393,0.0452461391687393,528.0,West Ham United,Angelo Ogbonna,Angelo Ogbonna,2,3,37,0.7,DEF,0.0,0.0,0.0,0.0,4.13,5.0,0.0,1.0,7.6,0.2,2.0,90.0,0.0,0.0,0.0,0.0,1.0,0.0,1.0,0.0,5.0,-1.0,0.0,0.0,0.0,0.0,0.0,0.0,0.0,0.0,0.0,0.0,0.0,-0.2,0.0,0.02,0.03,0.01,2.58,3.67,0.0,1.6,12.2,0.23,3.33,75.0,0.0,0.0,0.0,0.0,0.33,0.0,1.0,1.33,4.0,-0.33,0.0,0.33,0.01,0.0,0.0,0.0,0.0,0.0,0.01,0.02,0.01,-0.3,0.2,0.01,0.02,0.01,2.05,2.2,0.0,1.22,9.84,0.16,2.0,63.2,0.0,0.0,0.0,0.0,0.2,0.0,0.8,1.4,2.6,1.2,0.0,0.2,0.01,0.0,0.0,0.0,0.0,0.0,0.01,0.01,0.01,0.3,237.0,0.2698961937716263,2.0,0.526,0.225,0.249,,1.196970438008364,5.515961021274052e-10,-5.277553949412095e-10,0,0.0,1.4020000017263108,,0.0
26,796,0,0,-2,0,2.1,587,0.01,0.14,0.13,0.27,363,0,0,1.5,3.6,2024-05-11,35,9,0,0,0,0,37,0,1950,0,0,1,9.0,1,15,33,18,4.7,False,0,,,Sheffield United,0,1,0.0598097033798694,32,,Everton,Sheffield United,1,0,22257,2023,660561,0.0,0,0,0,0.0598097033798694,0.1463459283113479,0.1463459283113479,,Sheffield United,,,2,2,37,-0.1,MID,0.0,0.0,0.03,0.03,0.0,0.0,0.0,0.6,0.4,0.5,5.0,11.0,0.0,0.0,0.0,0.0,0.0,0.0,0.0,1.0,5.0,1.0,0.0,1.0,0.04,0.0,0.0,0.0,0.0,0.0,0.04,0.0,0.0,0.0,0.0,0.0,0.01,0.01,0.25,0.67,0.0,0.37,1.8,0.2,1.67,5.0,0.0,0.0,0.0,0.0,0.0,0.0,0.0,0.67,3.33,1.0,0.0,0.33,0.01,0.0,0.0,0.0,0.0,0.0,0.01,0.0,0.0,-0.23,0.0,0.0,0.01,0.01,0.74,1.2,0.0,0.52,2.24,0.7,2.2,25.2,0.0,0.0,0.0,0.0,0.0,0.0,0.4,0.8,3.0,1.2,0.0,0.2,0.01,0.0,0.0,0.0,0.0,0.0,0.01,0.01,0.01,-0.24,26.0,0.2941176470588235,1.0,0.676,0.197,0.126,,,0.1529376744726565,0.0002867622624234,0,0.0,1.7655486591505527,,0.0
27,814,0,0,2,0,0.8,700,0.01,0.01,0.0,0.0,332,0,0,0.5,0.4,2024-05-15,5,7,0,0,0,0,37,0,39074,0,2,1,4.0,1,294,811,517,6.4,True,0,,,Brighton and Hove Albion,0,0,0.0,1,,Brighton and Hove Albion,Chelsea,1,2,22226,2023,662157,0.0,0,0,0,0.0,0.0,0.0,,Brighton and Hove Albion,,,3,3,37,0.4,MID,0.0,0.04,0.14,0.1,0.04,0.0,0.0,2.2,3.4,2.1,16.0,13.0,0.0,0.0,0.0,0.0,0.0,0.0,0.0,1.0,1.0,1.0,0.0,2.0,0.12,0.0,0.0,0.0,0.0,0.0,0.12,0.18,0.1,1.0,0.0,0.04,0.15,0.11,0.35,0.33,0.0,1.83,3.33,2.6,12.0,28.67,0.0,0.0,0.0,0.0,0.33,0.0,0.33,1.33,0.67,0.67,0.0,1.67,0.13,0.0,0.0,0.0,0.0,0.0,0.13,0.13,0.07,0.57,0.0,0.04,0.16,0.12,0.46,0.6,0.0,2.62,3.84,4.52,17.6,32.0,0.0,0.0,0.0,0.0,0.2,0.0,0.2,1.0,1.2,0.8,0.0,2.0,0.15,0.02,0.0,0.0,0.2,0.0,0.15,0.19,0.08,0.7,674.0,0.2213855421686747,1.0,0.284,0.235,0.481,,,0.0152610400535981,0.0002867622624234,0,0.0,1.0771654870552607,,0.0
28,850,0,0,0,0,1.8,378,0.01,0.01,0.0,0.58,367,2,0,0.4,0.0,2024-05-11,18,7,0,0,0,0,37,0,118510,0,3,2,4.0,1,-8238,1747,9985,5.0,True,0,378.0,,Nottingham Forest,0,0,0.0,13,Sub,Nottingham Forest,Chelsea,2,3,22261,2023,660882,0.0,0,0,0,0.0,0.0645100772380828,0.0645100772380828,9524.0,Nottingham Forest,Anthony Elanga,Anthony Elanga,3,2,37,1.5,MID,0.0,0.32,0.32,0.0,2.14,1.0,0.0,1.3,2.8,2.0,8.0,66.0,0.0,0.0,0.0,0.0,0.0,0.0,1.0,3.0,1.0,2.0,0.0,0.0,0.0,0.0,0.0,0.0,0.0,0.0,0.0,0.33,0.33,1.7,0.0,0.14,0.14,0.0,1.08,1.33,0.0,1.37,2.87,6.0,4.67,58.67,0.0,0.0,0.0,0.0,0.0,0.0,0.67,1.67,1.0,1.67,0.0,0.0,0.0,0.16,0.0,0.0,0.33,0.0,0.0,0.5,0.33,1.47,0.0,0.13,0.19,0.06,1.23,1.6,0.0,2.8,7.88,10.9,9.2,69.6,0.0,0.0,0.0,0.0,0.0,0.0,0.8,1.4,1.8,2.6,0.0,0.8,0.12,0.19,0.2,0.2,0.8,0.0,0.12,0.5,0.38,1.56,-9008.0,-0.70218206614388,1.0,0.278,0.249,0.473,,,0.0264321380456773,1.159168760977991e-09,1,0.0,0.1321606937058927,,0.0
29,885,0,0,16,0,47.6,412,0.38,0.59,0.21,1.32,366,1,0,9.1,16.2,2024-05-11,90,5,0,0,0,0,37,0,2952564,1,1,1,27.0,2,578710,600498,21788,6.4,True,0,412.0,,Newcastle United,0,2,0.1157518252730369,90,FWL,Newcastle United,Brighton and Hove Albion,1,1,22260,2023,660666,0.5637174844741821,0,3,0,0.1157518252730369,0.9648563861846924,0.8185115456581116,8150.0,Newcastle United,Anthony Gordon,Anthony Gordon,2,4,37,10.0,MID,1.0,0.36,0.51,0.15,0.99,0.0,0.0,10.2,29.4,54.3,18.0,84.0,0.0,0.0,0.0,0.0,0.0,0.0,1.0,4.0,1.0,6.0,0.0,4.0,0.13,0.33,1.0,1.0,4.0,0.0,0.13,0.41,0.07,9.0,0.33,0.26,0.38,0.12,1.09,1.0,0.0,8.47,25.13,40.47,19.0,85.0,0.0,0.0,0.0,0.0,0.33,0.0,1.0,1.67,2.67,5.67,0.0,1.67,0.14,0.3,1.0,0.67,2.67,0.0,0.14,0.55,0.32,7.7,0.6,0.32,0.57,0.25,1.04,0.6,0.2,10.56,33.08,47.34,25.2,87.0,0.0,0.0,0.0,0.0,0.2,0.0,1.0,1.2,2.4,7.4,0.2,2.4,0.32,0.38,1.0,0.8,3.2,0.2,0.32,0.67,0.2,6.52,639886.0,0.9299743204892928,2.0,0.602,0.199,0.199,,,0.1606113116302869,0.2124587095719421,0,1.0,4.440432686867261,Gordon,52.26
30,886,0,0,27,0,66.3,412,0.2,0.75,0.55,1.44,337,3,1,15.5,46.8,2024-05-15,90,14,0,0,0,0,37,0,2952564,1,2,3,42.0,6,578710,600498,21788,6.4,False,1,412.0,,Newcastle United,1,3,0.5522643327713013,90,FWL,Manchester United,Newcastle United,3,2,22231,2023,662139,0.6272367238998413,0,5,1,0.5522643327713013,1.5889155864715576,0.5414013862609863,8150.0,Newcastle United,Anthony Gordon,Anthony Gordon,3,4,37,10.0,MID,0.0,0.38,0.59,0.21,1.32,1.0,0.0,9.1,16.2,47.6,27.0,90.0,0.0,0.0,0.0,0.0,0.0,0.0,1.0,1.0,1.0,2.0,0.0,2.0,0.12,0.56,0.0,0.0,3.0,0.0,0.12,0.96,0.82,10.0,0.33,0.36,0.48,0.12,1.23,0.67,0.0,9.23,24.13,48.47,19.67,85.0,0.0,0.0,0.0,0.0,0.0,0.0,1.0,2.0,2.33,6.0,0.0,2.0,0.08,0.47,1.0,0.67,3.33,0.0,0.08,0.77,0.59,9.1,0.4,0.39,0.63,0.24,1.06,0.8,0.2,11.36,35.24,56.36,22.0,87.0,0.0,0.0,0.0,0.0,0.2,0.0,1.0,1.2,2.6,7.2,0.2,1.8,0.29,0.5,1.0,0.8,3.8,0.2,0.29,0.79,0.35,7.92,0.0,0.9299743204892928,6.0,0.347,0.238,0.415,,,0.3529143959382785,0.3183047154480283,0,1.0,5.719486126035477,Gordon,52.26
31,931,0,0,-3,0,14.3,82,0.05,0.18,0.13,1.44,362,2,0,5.1,2.2,2024-05-11,90,4,0,0,0,0,37,0,221063,1,2,1,34.0,2,-12376,9209,21585,4.5,True,0,82.0,,Bournemouth,0,3,0.1666453182697296,90,AMR,Bournemouth,Brentford,1,2,22255,2023,660694,0.1293922066688537,0,1,0,0.1666453182697296,0.9159454703330994,0.6199079155921936,11363.0,Bournemouth,Antoine Semenyo,Antoine Semenyo,2,2,37,3.2,FWD,0.0,0.01,0.05,0.04,3.98,3.0,0.0,1.1,0.2,2.3,8.0,90.0,0.0,0.0,0.0,0.0,0.0,0.0,1.0,0.0,3.0,2.0,0.0,1.0,0.03,0.0,0.0,0.0,0.0,0.0,0.03,0.03,0.0,1.8,0.67,0.13,0.24,0.11,1.84,1.0,0.33,5.83,20.33,12.77,25.0,90.0,0.0,0.0,0.0,0.0,0.0,0.0,1.0,0.33,2.0,4.33,0.33,1.67,0.27,0.09,0.0,0.0,0.67,0.33,0.27,0.39,0.03,3.23,0.6,0.08,0.17,0.09,1.45,0.8,0.2,4.18,14.2,9.82,17.6,73.0,0.0,0.0,0.0,0.0,0.0,0.0,0.8,0.6,2.2,3.2,0.2,1.4,0.19,0.07,0.0,0.0,0.6,0.2,0.19,0.32,0.08,3.94,-12997.0,-0.4018964733389621,2.0,0.489,0.238,0.272,,,0.3388439416167343,0.0859180534051127,0,,3.613129926682276,,0.0
32,968,0,0,12,0,4.5,283,0.02,0.02,0.0,3.25,364,4,0,2.0,15.2,2024-05-11,90,13,0,0,0,0,37,0,431396,1,4,0,0.0,-1,-44868,14263,59131,4.5,True,1,283.0,,Fulham,0,0,0.0,90,DL,Fulham,Manchester City,0,4,22258,2023,660319,0.0,0,0,0,0.0,0.0,0.0,8940.0,Fulham,Antonee Robinson,Antonee Robinson,5,3,37,1.2,DEF,1.0,0.01,0.06,0.05,0.63,0.0,0.0,3.4,24.4,2.3,7.0,90.0,0.0,0.0,0.0,0.0,0.0,0.0,1.0,0.0,0.0,7.0,0.0,2.0,0.06,0.0,0.0,0.0,0.0,0.0,0.06,0.24,0.19,4.0,0.33,0.03,0.05,0.02,0.89,1.33,0.0,3.3,20.67,8.77,3.33,90.0,0.0,0.0,0.0,0.0,0.0,0.0,1.0,1.33,0.67,3.33,0.0,1.0,0.03,0.02,0.0,0.0,0.33,0.0,0.03,0.24,0.2,2.83,0.4,0.05,0.07,0.02,0.84,1.0,0.0,4.14,20.28,13.24,7.8,90.0,0.0,0.0,0.0,0.0,0.0,0.0,1.0,1.4,0.4,3.6,0.0,0.8,0.03,0.05,0.0,0.0,0.6,0.0,0.03,0.39,0.32,2.84,-51210.0,-0.6113306264817288,-1.0,0.073,0.136,0.791,,0.921626018553582,0.0010342422667171,-5.277553949412095e-10,0,0.0,1.5452054520170366,,0.0
33,998,0,0,4,0,11.8,372,0.01,0.05,0.04,0.21,365,0,0,2.6,7.6,2024-05-12,20,1,0,0,0,0,37,0,66194,0,1,0,7.0,1,1354,2340,986,6.8,True,0,,,Manchester United,0,1,0.0461025461554527,17,,Manchester United,Arsenal,0,1,22259,2023,661286,0.0231417976319789,0,1,0,0.0461025461554527,0.0853370428085327,0.0160927008837461,,Manchester United,,,5,4,37,2.6,MID,0.0,0.01,0.03,0.02,1.08,3.0,0.0,1.7,4.6,5.5,7.0,59.0,0.0,0.0,0.0,0.0,0.0,0.0,1.0,0.0,4.0,1.0,0.0,1.0,0.01,0.0,0.0,0.0,0.0,0.0,0.01,0.16,0.15,2.0,0.0,0.08,0.62,0.55,1.23,2.0,0.33,8.0,22.53,17.4,40.0,67.67,0.0,0.0,0.0,0.0,0.33,0.0,1.0,1.0,3.0,2.67,0.33,3.67,0.55,0.16,0.0,0.0,1.0,0.33,0.55,0.85,0.32,2.1,0.0,0.09,0.45,0.36,1.64,2.2,0.2,6.94,21.12,16.42,31.8,63.4,0.0,0.0,0.0,0.0,0.4,0.0,0.8,1.6,3.0,2.6,0.2,3.0,0.37,0.15,0.2,0.2,1.0,0.2,0.37,0.7,0.34,1.98,1895.0,0.407095610342754,1.0,0.135,0.172,0.694,,,0.0755918590471584,0.0566102603879619,0,0.0,2.5477900763996777,,0.0
34,1009,0,2,25,0,0.0,172,0.0,0.0,0.0,2.5,368,2,0,5.8,58.4,2024-05-11,90,18,0,0,0,0,37,7,35811,1,1,2,0.0,5,5050,10067,5017,4.3,False,0,172.0,,Burnley,0,0,0.0,90,GK,Tottenham Hotspur,Burnley,2,1,22262,2023,660641,0.0,0,0,0,0.0,0.072248063981533,0.072248063981533,7027.0,Burnley,Arijanet Muric,Arijanet Muric,2,4,37,6.5,GK,0.0,0.03,0.03,0.0,3.58,4.0,0.0,9.8,78.2,20.0,0.0,90.0,0.0,0.0,1.0,0.0,0.0,7.0,1.0,4.0,1.0,10.0,0.0,0.0,0.0,0.32,0.0,0.0,2.0,0.0,0.0,0.32,0.0,6.5,0.0,0.01,0.01,0.0,2.91,2.0,0.0,8.37,73.67,10.0,0.0,90.0,0.0,0.0,0.33,0.0,0.0,8.67,1.0,3.0,1.0,8.33,0.0,0.0,0.0,0.11,0.0,0.0,1.0,0.0,0.0,0.22,0.11,4.93,0.0,0.01,0.01,0.0,2.09,1.6,0.0,6.28,56.8,6.0,0.0,90.0,0.2,0.0,0.2,0.0,0.0,7.2,1.0,2.0,1.0,6.0,0.0,0.0,0.0,0.07,0.0,0.0,0.6,0.0,0.0,0.14,0.07,3.84,6963.0,0.3347918324051975,3.0,0.699,0.165,0.136,7.553464093818787,2.350634813308716,,,0,0.0,3.343,,0.0
35,1031,0,0,2,0,0.0,193,0.0,0.0,0.0,1.28,364,2,0,0.0,0.0,2024-05-11,23,13,0,0,0,0,37,0,17240,0,4,0,0.0,1,-396,231,627,4.9,True,0,193.0,,Fulham,0,0,0.0,20,Sub,Fulham,Manchester City,0,4,22258,2023,660326,0.0,0,0,0,0.0,0.0,0.0,8384.0,Chelsea,Armando Broja,Armando Broja,5,3,37,-0.5,FWD,0.0,0.0,0.0,0.0,0.14,1.0,0.0,0.0,0.0,0.3,0.0,5.0,0.0,0.0,0.0,0.0,0.0,0.0,0.0,1.0,1.0,1.0,0.0,0.0,0.0,0.0,0.0,0.0,0.0,0.0,0.0,0.03,0.03,0.8,0.0,0.0,0.0,0.0,0.23,0.33,0.0,0.1,0.13,0.17,0.67,3.67,0.0,0.0,0.0,0.0,0.0,0.0,0.0,1.33,0.33,1.0,0.0,0.0,0.0,0.0,0.0,0.0,0.0,0.0,0.0,0.01,0.01,0.77,0.0,0.0,0.0,0.0,0.21,0.2,0.0,0.72,3.6,2.26,1.2,5.4,0.0,0.0,0.0,0.0,0.0,0.0,0.0,1.0,1.2,1.6,0.0,0.0,0.0,0.12,0.2,0.2,0.2,0.0,0.0,0.13,0.13,0.8,-434.0,-0.4615384615384615,1.0,0.073,0.136,0.791,,,-6.041389832844857e-09,0.014644781992503,0,,1.0439343218119497,,0.0
36,1075,0,0,21,1,1.9,588,0.01,0.01,0.0,0.64,363,0,0,1.2,10.2,2024-05-11,90,17,0,0,0,0,37,0,41010,1,0,1,0.0,6,758,2725,1967,4.4,True,0,588.0,,Everton,0,0,0.0,90,DL,Everton,Sheffield United,1,0,22257,2023,660538,0.0,0,0,0,0.0,0.5897096991539001,0.5897096991539001,631.0,Everton,Ashley Young,Ashley Young,2,2,37,4.9,DEF,0.0,0.01,0.01,0.0,0.58,1.0,0.0,1.5,14.4,0.7,0.0,66.0,0.0,0.0,0.0,0.0,0.0,0.0,1.0,1.0,1.0,2.0,0.0,0.0,0.0,0.0,0.0,0.0,0.0,0.0,0.0,0.0,0.0,3.3,0.33,0.01,0.03,0.01,0.73,0.33,0.0,1.33,11.07,0.97,1.33,67.0,0.0,0.0,0.0,0.0,0.0,0.0,0.67,0.33,1.33,3.33,0.0,0.33,0.01,0.0,0.0,0.0,0.0,0.0,0.01,0.12,0.12,4.0,0.4,0.01,0.02,0.01,1.2,1.4,0.0,1.38,8.52,3.02,2.4,76.2,0.0,0.0,0.0,0.0,0.2,0.0,0.8,0.2,2.4,2.8,0.0,0.2,0.0,0.01,0.0,0.0,0.2,0.0,0.0,0.26,0.26,3.92,785.0,0.1615515771526001,6.0,0.676,0.197,0.126,,1.9673453146448936,5.515961021274052e-10,-5.277553949412095e-10,0,0.0,1.0160000017263109,Young,0.41
37,1107,0,0,14,0,0.3,27,0.0,0.0,0.0,2.16,363,1,0,2.3,20.8,2024-05-11,90,9,0,0,0,0,37,0,205067,1,0,1,2.0,2,-5373,3715,9088,3.9,False,0,27.0,,Sheffield United,0,0,0.0,90,DC,Everton,Sheffield United,1,0,22257,2023,660551,0.0,0,0,0,0.0,0.0,0.0,11732.0,Sheffield United,Auston Trusty,Auston Trusty,2,2,37,0.1,DEF,0.0,0.0,0.0,0.0,1.49,3.0,0.0,2.6,15.2,10.5,0.0,90.0,0.0,0.0,0.0,0.0,0.0,0.0,1.0,3.0,1.0,1.0,0.0,0.0,0.0,0.06,0.0,0.0,1.0,0.0,0.0,0.14,0.08,-0.1,0.0,0.11,0.11,0.0,2.43,4.0,0.0,3.0,18.87,10.33,0.67,90.0,0.0,0.0,0.0,0.0,0.0,0.0,1.0,2.0,3.33,0.33,0.0,0.0,0.0,0.21,0.0,0.0,1.0,0.0,0.0,0.13,0.04,0.13,0.0,0.09,0.1,0.01,2.1,3.6,0.0,3.12,15.44,9.46,6.2,90.0,0.0,0.0,0.0,0.0,0.0,0.0,1.0,2.0,2.6,0.4,0.0,0.2,0.01,0.15,0.0,0.0,0.8,0.0,0.01,0.22,0.15,0.24,-5317.0,-0.419667265484652,2.0,0.676,0.197,0.126,,1.7444106329385347,0.0007414754814754,-5.277553949412095e-10,0,0.0,1.132448851305586,,0.0
38,1160,0,1,25,0,0.0,152,0.0,0.0,0.0,2.27,366,1,0,5.5,54.6,2024-05-11,90,15,0,0,0,0,37,7,135267,1,1,1,0.0,5,27031,30801,3770,4.4,False,0,152.0,,Brighton and Hove Albion,0,0,0.0,90,GK,Newcastle United,Brighton and Hove Albion,1,1,22260,2023,660671,0.0,0,0,0,0.0,0.3148700892925262,0.3148700892925262,11711.0,Brighton and Hove Albion,Bart Verbruggen,Bart Verbruggen,2,4,37,5.6,GK,1.0,0.0,0.0,0.0,0.06,0.0,0.0,1.5,13.6,1.0,0.0,90.0,0.0,0.0,0.0,0.0,0.0,1.0,1.0,0.0,1.0,6.0,0.0,0.0,0.0,0.0,0.0,0.0,0.0,0.0,0.0,0.76,0.76,2.0,0.33,0.0,0.0,0.0,1.34,1.33,0.0,1.7,16.53,0.33,0.0,90.0,0.0,0.0,0.0,0.0,0.0,2.0,1.0,0.33,1.67,3.33,0.0,0.0,0.0,0.0,0.0,0.0,0.0,0.0,0.0,0.28,0.28,2.8,0.4,0.0,0.0,0.0,1.55,1.4,0.0,2.0,19.84,0.2,0.0,90.0,0.0,0.0,0.0,0.0,0.0,2.4,1.0,0.8,1.0,3.6,0.0,0.0,0.0,0.0,0.0,0.0,0.0,0.0,0.0,0.21,0.21,3.92,36423.0,0.7818981227040005,4.0,0.602,0.199,0.199,7.345163878300053,2.1427457332611084,,,0,1.0,7.377000000000001,,0.0
39,1161,0,0,13,0,0.0,152,0.0,0.0,0.0,1.48,332,2,0,2.2,22.4,2024-05-15,90,7,0,0,0,0,37,4,135267,1,2,1,0.0,1,27031,30801,3770,4.4,True,1,152.0,,Brighton and Hove Albion,0,0,0.0,90,GK,Brighton and Hove Albion,Chelsea,1,2,22226,2023,662144,0.0,0,0,0,0.0,0.1103413626551628,0.1103413626551628,11711.0,Brighton and Hove Albion,Bart Verbruggen,Bart Verbruggen,3,3,37,5.6,GK,0.0,0.0,0.0,0.0,2.27,1.0,0.0,5.5,54.6,0.0,0.0,90.0,0.0,0.0,0.0,0.0,0.0,7.0,1.0,1.0,1.0,5.0,0.0,0.0,0.0,0.0,0.0,0.0,0.0,0.0,0.0,0.31,0.31,5.6,0.33,0.0,0.0,0.0,1.53,1.33,0.0,3.1,30.27,0.33,0.0,90.0,0.0,0.0,0.0,0.0,0.0,3.67,1.0,0.33,1.67,4.33,0.0,0.0,0.0,0.0,0.0,0.0,0.0,0.0,0.0,0.38,0.38,3.33,0.2,0.0,0.0,0.0,1.9,1.6,0.0,2.72,26.88,0.2,0.0,90.0,0.0,0.0,0.0,0.0,0.0,3.4,1.0,1.0,1.2,3.4,0.0,0.0,0.0,0.0,0.0,0.0,0.0,0.0,0.0,0.25,0.25,3.7,0.0,0.7818981227040005,1.0,0.284,0.235,0.481,2.6928087664748688,1.2898414134979248,,,0,0.0,2.253,,0.0
40,1174,0,0,2,0,16.8,775,0.03,0.23,0.2,2.16,363,1,0,2.9,0.2,2024-05-11,90,9,0,0,0,0,37,0,22125,1,0,1,12.0,2,-3155,2065,5220,5.0,False,0,,,Sheffield United,0,3,0.1475835144519806,90,,Everton,Sheffield United,1,0,22257,2023,660558,0.0512614659965038,0,1,0,0.1475835144519806,0.3208288252353668,0.1793526709079742,,Sheffield United,,,2,2,37,3.7,MID,0.0,0.05,1.11,1.06,1.49,3.0,1.0,10.2,38.8,15.3,48.0,90.0,0.0,0.0,0.0,0.0,0.0,0.0,1.0,3.0,1.0,8.0,1.0,4.0,1.01,0.36,0.0,0.0,1.0,0.0,0.25,0.73,0.12,3.5,0.0,0.02,0.62,0.59,2.43,4.0,0.67,8.77,30.93,6.93,49.67,90.0,0.0,0.0,0.0,0.0,0.0,0.0,1.0,2.0,3.33,5.67,0.67,4.33,0.68,0.12,0.0,0.0,0.33,0.33,0.42,0.58,0.05,5.13,0.0,0.04,0.62,0.58,2.1,3.6,0.4,7.98,24.32,10.34,45.2,90.0,0.0,0.0,0.0,0.0,0.2,0.0,1.0,2.0,2.6,4.0,0.4,3.8,0.62,0.09,0.0,0.0,0.6,0.2,0.47,0.66,0.12,6.06,-3549.0,-0.4330816746739876,2.0,0.676,0.197,0.126,,,0.1491867662218218,0.1249359439769934,0,0.0,3.1207416630400893,,0.0
41,1281,0,0,-1,0,11.0,742,0.07,0.09,0.02,0.34,366,0,0,1.4,0.0,2024-05-11,23,15,0,0,0,0,37,0,609,0,1,1,4.0,0,22,46,24,4.5,False,1,742.0,,Brighton and Hove Albion,0,1,0.020216230303049,18,,Newcastle United,Brighton and Hove Albion,1,1,22260,2023,660685,0.0963166654109954,0,1,0,0.020216230303049,0.1165328994393348,0.0,12204.0,Brighton and Hove Albion,Benicio Baker-Boaitey,Benicio Baker-Boaitey,2,4,37,0.0,MID,0.0,0.0,0.0,0.0,0.35,1.0,0.0,0.1,1.0,0.3,0.0,1.0,0.0,0.0,0.0,0.0,0.0,0.0,0.0,1.0,2.0,1.0,0.0,0.0,0.0,0.0,0.0,0.0,0.0,0.0,0.0,0.0,0.0,0.5,0.0,0.0,0.0,0.0,0.15,0.33,0.0,0.13,1.4,0.2,0.0,2.67,0.0,0.0,0.0,0.0,0.0,0.0,0.0,0.67,1.33,1.0,0.0,0.0,0.0,0.0,0.0,0.0,0.0,0.0,0.0,0.0,0.0,0.43,0.0,0.01,0.01,0.0,0.09,0.2,0.0,0.1,0.92,0.32,0.0,2.8,0.0,0.0,0.0,0.0,0.0,0.0,0.0,0.8,1.4,0.8,0.0,0.0,0.0,0.0,0.0,0.0,0.0,0.0,0.0,0.03,0.03,0.32,186.0,0.3142857142857143,0.0,0.602,0.199,0.199,,,0.0337482410495617,0.0721684677588778,0,0.0,1.385246608524442,,0.0
42,1317,0,0,25,1,13.1,29,0.05,0.09,0.04,0.64,365,0,0,4.4,20.6,2024-05-12,90,14,0,0,0,0,37,0,2392024,1,1,0,10.0,6,-27486,76737,104223,6.1,False,0,,,Arsenal,0,1,0.0939879268407821,90,,Manchester United,Arsenal,0,1,22259,2023,661292,0.0834958031773567,0,1,0,0.0939879268407821,1.1432733535766602,1.0597774982452393,,Arsenal,,,5,4,37,8.8,DEF,1.0,0.24,0.33,0.09,0.37,0.0,0.0,5.7,13.0,33.3,11.0,90.0,0.0,0.0,0.0,0.0,0.0,0.0,1.0,0.0,3.0,6.0,0.0,1.0,0.06,0.24,0.0,0.0,3.0,0.0,0.06,1.0,0.82,8.6,0.67,0.11,0.24,0.13,1.45,0.67,0.67,8.23,42.13,22.8,17.67,90.0,0.0,0.0,0.0,0.0,0.33,0.0,1.0,1.0,3.33,9.0,0.67,1.0,0.21,0.15,0.0,0.0,2.0,0.67,0.21,0.93,0.79,11.43,0.8,0.11,0.2,0.09,0.98,0.4,0.4,7.02,33.4,24.26,12.8,85.2,0.0,0.0,0.0,0.0,0.4,0.0,1.0,1.4,2.0,7.6,0.4,0.8,0.14,0.16,0.0,0.0,2.0,0.4,0.14,0.75,0.65,11.66,-48703.0,-0.1518899204244032,6.0,0.135,0.172,0.694,,0.4886451684519808,0.0395049465450381,0.0427350330654179,0,0.0,2.1212347784664827,,0.0
43,1334,0,0,7,0,0.9,191,0.0,0.03,0.03,1.43,367,1,0,1.2,8.6,2024-05-11,57,16,0,0,0,0,37,0,33933,1,3,2,2.0,0,19913,20979,1066,4.4,False,1,,,Chelsea,0,1,0.0184406116604805,63,,Nottingham Forest,Chelsea,2,3,22261,2023,660887,0.0,0,0,0,0.0184406116604805,0.0184406116604805,0.0,,Chelsea,,,3,2,37,4.6,DEF,1.0,0.01,0.01,0.0,1.04,0.0,0.0,2.2,21.0,1.4,0.0,90.0,0.0,0.0,0.0,0.0,0.0,0.0,1.0,0.0,5.0,6.0,0.0,0.0,0.0,0.0,0.0,0.0,0.0,0.0,0.0,1.99,1.99,2.4,0.67,0.08,0.08,0.0,1.15,0.67,0.0,2.63,20.8,3.33,2.33,90.0,0.0,0.0,0.0,0.0,0.33,0.0,1.0,0.67,3.0,4.0,0.0,0.33,0.01,0.0,0.0,0.0,0.0,0.0,0.01,0.76,0.76,1.87,0.4,0.05,0.07,0.02,1.48,1.6,0.0,2.84,19.44,6.32,2.8,72.2,0.0,0.0,0.0,0.0,0.2,0.0,0.8,0.8,3.2,2.6,0.0,0.4,0.02,0.19,0.0,0.0,0.4,0.0,0.02,0.47,0.46,1.3,21570.0,0.903288727602631,0.0,0.278,0.249,0.473,,1.211356328653331,0.0033526713462364,-5.277553949412095e-10,0,0.0,1.4141160264941526,,0.0
44,1335,0,0,13,0,0.5,191,0.0,0.0,0.0,1.24,332,1,0,1.4,11.2,2024-05-15,90,5,0,0,0,0,37,0,33933,1,2,1,2.0,2,19913,20979,1066,4.4,False,0,,,Chelsea,0,0,0.0,90,,Brighton and Hove Albion,Chelsea,1,2,22226,2023,662162,0.0,0,0,0,0.0,0.6475745439529419,0.6475745439529419,,Chelsea,,,3,3,37,4.6,DEF,0.0,0.0,0.03,0.03,1.43,1.0,0.0,1.2,8.6,0.9,2.0,57.0,0.0,0.0,0.0,0.0,1.0,0.0,1.0,3.0,2.0,0.0,0.0,1.0,0.02,0.0,0.0,0.0,0.0,0.0,0.02,0.02,0.0,4.6,0.67,0.01,0.02,0.01,1.34,0.33,0.0,2.07,17.07,1.17,2.33,79.0,0.0,0.0,0.0,0.0,0.33,0.0,1.0,1.0,3.0,4.0,0.0,0.67,0.02,0.0,0.0,0.0,0.0,0.0,0.02,0.71,0.7,2.87,0.4,0.05,0.07,0.02,1.65,1.6,0.0,3.08,21.16,6.5,3.2,83.4,0.0,0.0,0.0,0.0,0.4,0.0,1.0,1.0,3.2,2.4,0.0,0.6,0.03,0.19,0.0,0.0,0.4,0.0,0.03,0.48,0.46,1.96,0.0,0.903288727602631,2.0,0.284,0.235,0.481,,1.385079176232161,0.0030278426025722,0.0016594262402593,0,0.0,1.330145334336211,,0.0
45,1367,2,2,39,1,47.1,344,0.6,0.77,0.17,0.12,364,0,0,13.4,51.4,2024-05-11,90,10,0,0,0,0,37,0,292093,1,4,0,35.0,11,6897,16327,9430,6.2,False,0,,,Manchester City,0,3,0.2488952130079269,90,,Fulham,Manchester City,0,4,22258,2023,660337,0.5597471594810486,2,4,0,0.2488952130079269,1.3719723224639893,1.005696415901184,,Manchester City,,,5,3,37,11.1,MID,0.0,0.62,0.7,0.08,0.35,1.0,0.0,5.5,8.0,33.1,14.0,79.0,0.0,0.0,0.0,0.0,0.0,0.0,1.0,1.0,5.0,2.0,0.0,1.0,0.08,0.51,0.0,0.0,2.0,0.0,0.08,0.83,0.65,3.8,0.67,0.23,0.26,0.03,0.75,0.33,0.0,4.1,14.53,20.6,6.0,82.0,0.0,0.0,0.0,0.0,0.0,0.0,1.0,2.33,1.67,3.67,0.0,0.33,0.03,0.29,0.33,0.33,1.0,0.0,0.03,0.6,0.42,3.53,0.4,0.24,0.35,0.1,0.59,0.4,0.0,3.84,10.8,17.52,10.2,64.2,0.0,0.0,0.0,0.0,0.0,0.0,0.8,2.4,2.2,2.8,0.0,0.4,0.1,0.31,0.2,0.2,1.0,0.0,0.1,0.65,0.32,3.18,7630.0,0.2677718678417518,9.0,0.073,0.136,0.791,,,0.3571351043166224,0.3149976814829121,0,1.0,5.730668566031849,,0.0
46,1368,0,0,7,1,18.3,344,0.11,0.11,0.0,1.33,339,0,0,4.3,14.4,2024-05-14,90,18,0,0,0,0,37,0,292093,1,2,0,10.0,2,6897,16327,9430,6.2,False,1,,,Manchester City,0,0,0.0,90,,Tottenham Hotspur,Manchester City,0,2,22233,2023,661921,0.0843008607625961,0,1,0,0.0,1.4240622520446775,1.33976149559021,,Manchester City,,,5,4,37,11.1,MID,1.0,0.6,0.77,0.17,0.12,0.0,0.0,13.4,51.4,47.1,35.0,90.0,0.0,0.0,0.0,0.0,0.0,0.0,1.0,4.0,0.0,11.0,0.0,3.0,0.25,0.56,2.0,2.0,4.0,0.0,0.25,1.37,1.01,11.1,0.67,0.42,0.51,0.08,0.7,0.33,0.0,7.07,23.67,29.2,17.67,86.33,0.0,0.0,0.0,0.0,0.0,0.0,1.0,2.33,1.67,5.33,0.0,1.33,0.11,0.36,0.67,0.67,2.0,0.0,0.11,0.87,0.69,6.1,0.6,0.26,0.31,0.05,0.47,0.2,0.0,5.16,19.12,21.88,10.6,67.4,0.0,0.0,0.0,0.0,0.0,0.0,0.8,3.0,1.4,4.6,0.0,0.8,0.07,0.29,0.6,0.6,1.4,0.0,0.07,0.65,0.47,4.9,0.0,0.2677718678417518,2.0,0.146,0.158,0.696,,,0.045262120182657,0.0912787840703326,1,1.0,2.500146953124283,,0.0
47,1406,0,0,22,0,0.0,275,0.0,0.0,0.0,3.25,364,4,0,3.4,33.8,2024-05-11,90,13,0,0,0,0,37,5,1540375,1,4,0,0.0,1,-71380,14071,85451,4.8,True,0,275.0,,Fulham,0,0,0.0,90,GK,Fulham,Manchester City,0,4,22258,2023,660315,0.0,0,0,0,0.0,0.0,0.0,181.0,Fulham,Bernd Leno,Bernd Leno,5,3,37,2.0,GK,1.0,0.0,0.0,0.0,0.63,0.0,0.0,1.9,19.2,0.0,0.0,90.0,0.0,0.0,0.0,0.0,0.0,2.0,1.0,0.0,0.0,6.0,0.0,0.0,0.0,0.0,0.0,0.0,0.0,0.0,0.0,0.0,0.0,5.0,0.33,0.0,0.0,0.0,0.89,1.33,0.0,2.4,24.2,0.0,0.0,90.0,0.0,0.0,0.0,0.0,0.0,3.0,1.0,1.33,0.67,3.67,0.0,0.0,0.0,0.0,0.0,0.0,0.0,0.0,0.0,0.05,0.05,3.97,0.4,0.0,0.0,0.0,0.84,1.0,0.0,2.78,27.92,0.0,0.0,90.0,0.0,0.0,0.0,0.0,0.0,3.4,1.0,1.4,0.4,4.6,0.0,0.0,0.0,0.0,0.0,0.0,0.0,0.0,0.0,0.13,0.13,3.6,-85022.0,-0.7172283515202669,1.0,0.073,0.136,0.791,4.581356222317773,1.4157452583312988,,,0,1.0,6.819,,0.0
48,1442,0,0,13,0,5.2,133,0.02,0.08,0.06,2.18,366,1,0,2.1,14.0,2024-05-11,86,15,0,0,0,0,37,0,24728,1,1,1,2.0,1,612,780,168,4.8,False,1,133.0,,Brighton and Hove Albion,0,1,0.0257577337324619,90,DMC,Newcastle United,Brighton and Hove Albion,1,1,22260,2023,660677,0.0,0,0,0,0.0257577337324619,0.7034223079681396,0.7034223079681396,7988.0,Brighton and Hove Albion,Billy Gilmour,Billy Gilmour,2,4,37,2.8,MID,1.0,0.11,0.11,0.0,0.06,0.0,0.0,1.2,3.4,8.8,0.0,87.0,0.0,0.0,0.0,0.0,0.0,0.0,1.0,0.0,1.0,3.0,0.0,0.0,0.0,0.0,0.0,0.0,0.0,0.0,0.0,1.04,1.04,0.5,0.33,0.11,0.15,0.03,0.91,1.33,0.0,3.17,8.87,20.4,2.33,85.67,0.0,0.0,0.0,0.33,0.33,0.0,1.0,0.33,1.67,1.0,0.0,0.67,0.03,0.05,0.0,0.0,1.0,0.0,0.03,0.93,0.87,0.2,0.4,0.1,0.13,0.03,0.91,1.0,0.0,3.08,10.0,18.66,2.0,87.4,0.0,0.0,0.0,0.2,0.4,0.0,1.0,1.4,1.4,1.4,0.0,0.8,0.02,0.04,0.0,0.0,0.8,0.0,0.02,0.81,0.76,1.06,843.0,0.6455696202531646,1.0,0.602,0.199,0.199,,,0.0099094628585358,0.0020200619618833,1,0.0,1.0556075001783287,,0.0
49,1443,0,0,13,0,9.6,133,0.08,0.08,0.0,1.45,332,2,0,1.3,3.6,2024-05-15,69,7,0,0,0,0,37,0,24728,1,2,1,0.0,2,612,780,168,4.8,True,0,133.0,,Brighton and Hove Albion,0,0,0.0,79,DMC,Brighton and Hove Albion,Chelsea,1,2,22226,2023,662150,0.0,0,0,0,0.0,0.683807373046875,0.683807373046875,7988.0,Brighton and Hove Albion,Billy Gilmour,Billy Gilmour,3,3,37,2.8,MID,0.0,0.02,0.08,0.06,2.18,1.0,0.0,2.1,14.0,5.2,2.0,86.0,0.0,0.0,0.0,0.0,1.0,0.0,1.0,1.0,1.0,1.0,0.0,1.0,0.03,0.0,0.0,0.0,0.0,0.0,0.03,0.7,0.7,2.8,0.33,0.11,0.15,0.04,1.5,1.33,0.0,3.0,12.27,15.37,2.33,87.67,0.0,0.0,0.0,0.0,0.67,0.0,1.0,0.33,1.67,1.67,0.0,0.67,0.02,0.02,0.0,0.0,0.67,0.0,0.02,0.9,0.88,1.13,0.4,0.1,0.14,0.04,1.1,1.0,0.0,3.16,10.56,18.6,2.4,86.6,0.0,0.0,0.0,0.2,0.6,0.0,1.0,1.4,1.2,1.2,0.0,1.0,0.03,0.04,0.0,0.0,0.8,0.0,0.03,0.95,0.9,1.18,0.0,0.6455696202531646,2.0,0.284,0.235,0.481,,,-1.5743444325977407e-09,0.0107049683719133,1,0.0,1.0321148972440175,,0.0
50,1481,0,0,2,0,0.0,270,0.0,0.0,0.0,1.28,364,1,0,0.4,0.0,2024-05-11,45,13,0,0,0,0,37,0,15013,1,4,0,4.0,1,-240,227,467,5.2,True,0,,,Fulham,0,0,0.0,49,,Fulham,Manchester City,0,4,22258,2023,660322,0.0,0,0,0,0.0,0.0,0.0,,Fulham,,,5,3,37,0.8,MID,0.0,0.02,0.02,0.0,0.02,0.0,0.0,1.7,2.6,10.7,4.0,15.0,0.0,0.0,0.0,0.0,0.0,0.0,0.0,0.0,0.0,1.0,0.0,0.0,0.0,0.05,0.0,0.0,1.0,0.0,0.0,0.05,0.0,1.5,0.33,0.04,0.11,0.07,0.54,0.67,0.0,1.4,2.4,5.9,6.33,50.67,0.0,0.0,0.0,0.0,0.0,0.0,0.67,1.33,0.67,2.0,0.0,1.0,0.12,0.02,0.0,0.0,0.33,0.0,0.12,0.14,0.01,1.33,0.2,0.02,0.09,0.07,0.37,0.4,0.0,1.26,2.4,5.94,5.0,37.4,0.0,0.0,0.0,0.0,0.2,0.0,0.4,1.4,1.0,1.4,0.0,0.8,0.09,0.02,0.0,0.0,0.4,0.0,0.09,0.14,0.03,1.56,-255.0,-0.345821325648415,1.0,0.073,0.136,0.791,,,0.0229871140884532,1.159168760977991e-09,1,0.0,0.1149355739197721,,0.0
51,1525,0,0,9,0,16.3,574,0.03,0.03,0.0,1.62,370,2,0,2.4,5.6,2024-05-11,45,8,0,0,0,0,37,0,34876,1,3,1,2.0,0,409,862,453,4.3,True,1,,,Wolverhampton Wanderers,0,0,0.0,51,,Wolverhampton Wanderers,Crystal Palace,1,3,22264,2023,660572,0.0,0,0,0,0.0,0.0954110398888588,0.0954110398888588,,Wolverhampton Wanderers,,,2,2,37,1.2,MID,0.0,0.01,0.01,0.0,3.57,5.0,0.0,1.1,8.2,2.3,0.0,90.0,0.0,0.0,0.0,0.0,1.0,0.0,1.0,1.0,5.0,1.0,0.0,0.0,0.0,0.0,0.0,0.0,0.0,0.0,0.0,0.0,0.0,0.4,0.0,0.01,0.07,0.05,1.39,2.0,0.0,2.17,10.27,9.07,2.0,68.67,0.0,0.0,0.0,0.0,0.33,0.0,0.67,1.0,2.33,1.33,0.0,1.33,0.05,0.03,0.0,0.0,0.67,0.0,0.05,0.17,0.1,1.03,0.0,0.01,0.04,0.04,1.12,1.6,0.0,1.66,9.0,5.94,1.4,62.0,0.0,0.0,0.0,0.0,0.2,0.0,0.6,1.4,1.8,1.4,0.0,1.0,0.03,0.02,0.0,0.0,0.4,0.0,0.03,0.12,0.07,0.98,524.0,0.3110266159695817,0.0,0.33,0.271,0.399,,,0.0059023459565183,0.0318922799817575,0,0.0,2.125188569727864,,0.0
52,1560,1,0,9,0,43.7,450,0.04,1.06,1.02,0.75,368,1,0,10.7,25.0,2024-05-11,90,6,0,0,0,0,37,0,192168,1,1,2,38.0,5,25073,40396,15323,5.8,True,0,450.0,,Tottenham Hotspur,0,3,1.3267825841903689,90,FWR,Tottenham Hotspur,Burnley,2,1,22262,2023,660633,0.5575575232505798,1,4,0,1.3267825841903689,1.9467029571533203,0.0623628124594688,10760.0,Nottingham Forest,Brennan Johnson,Brennan Johnson,2,4,37,6.5,MID,0.0,0.25,0.35,0.1,3.22,4.0,0.0,8.6,28.6,30.8,27.0,90.0,0.0,0.0,0.0,0.0,0.0,0.0,1.0,2.0,4.0,5.0,0.0,1.0,0.26,0.31,1.0,1.0,2.0,0.0,0.26,0.54,0.0,2.5,0.0,0.12,0.3,0.18,1.97,2.33,0.0,4.9,11.8,15.83,21.33,75.33,0.0,0.0,0.0,0.0,0.0,0.0,0.67,1.67,2.67,2.67,0.0,1.67,0.25,0.14,0.33,0.33,1.0,0.0,0.25,0.39,0.1,3.23,0.0,0.12,0.38,0.26,2.06,2.4,0.0,5.28,10.36,19.44,22.8,80.8,0.0,0.0,0.0,0.0,0.0,0.0,0.8,1.2,3.0,2.4,0.0,1.6,0.34,0.17,0.2,0.2,1.2,0.0,0.34,0.55,0.11,4.3,27654.0,0.4499901290403632,5.0,0.699,0.165,0.136,,,0.2428560782891788,0.2466480599935216,0,0.0,3.954224571426459,,0.0
53,1561,0,0,19,0,37.8,450,0.22,0.22,0.0,2.4,339,2,0,5.5,13.6,2024-05-14,90,13,0,0,0,0,37,0,192168,1,2,0,4.0,2,25073,40396,15323,5.8,True,0,450.0,,Tottenham Hotspur,0,0,0.0,90,FW,Tottenham Hotspur,Manchester City,0,2,22233,2023,661908,0.8816060423851013,0,3,0,0.0,0.900501549243927,0.0188954882323741,10760.0,Nottingham Forest,Brennan Johnson,Brennan Johnson,5,4,37,6.5,MID,0.0,0.04,1.06,1.02,0.75,1.0,0.0,10.7,25.0,43.7,38.0,90.0,0.0,0.0,0.0,0.0,0.0,0.0,1.0,1.0,2.0,5.0,0.0,3.0,1.33,0.56,1.0,1.0,4.0,0.0,1.33,1.95,0.06,6.5,0.0,0.13,0.59,0.46,1.96,2.33,0.0,7.77,19.33,29.67,28.67,85.67,0.0,0.0,0.0,0.0,0.0,0.0,1.0,1.0,2.67,4.0,0.0,2.0,0.63,0.32,0.67,0.67,2.33,0.0,0.63,1.01,0.1,4.2,0.0,0.1,0.42,0.32,1.9,2.4,0.0,5.66,13.04,22.4,21.0,81.2,0.0,0.0,0.0,0.0,0.0,0.0,0.8,1.2,2.8,3.0,0.0,1.8,0.42,0.26,0.4,0.4,1.6,0.0,0.42,0.73,0.11,4.38,0.0,0.4499901290403632,2.0,0.146,0.158,0.696,,,0.0242870746103478,0.2149539789503733,0,0.0,2.7662973099028587,,0.0
54,1597,1,2,33,0,28.9,108,0.32,0.92,0.6,0.69,362,1,1,11.7,53.0,2024-05-11,90,3,0,0,0,0,37,0,703965,1,2,1,35.0,12,-29415,9021,38436,6.8,False,0,108.0,,Brentford,1,3,0.895039975643158,90,FWR,Bournemouth,Brentford,1,2,22255,2023,660710,0.4272565841674804,1,2,1,0.895039975643158,1.6487526893615725,0.3264561593532562,6552.0,Brentford,Bryan Mbeumo,Bryan Mbeumo,2,2,37,6.2,MID,1.0,0.02,0.1,0.08,1.19,0.0,0.0,3.3,6.4,9.1,17.0,90.0,0.0,0.0,0.0,0.0,0.0,0.0,1.0,0.0,0.0,3.0,0.0,1.0,0.1,0.0,0.0,0.0,0.0,0.0,0.1,0.1,0.0,4.0,0.33,0.28,0.39,0.11,0.85,0.67,0.0,5.87,18.2,20.33,20.0,90.0,0.0,0.0,0.0,0.0,0.33,0.0,1.0,1.67,0.67,4.33,0.0,1.67,0.13,0.3,0.67,0.67,1.0,0.0,0.13,0.73,0.58,4.3,0.4,0.26,0.37,0.11,0.93,1.0,0.2,5.46,19.76,18.0,16.8,88.8,0.0,0.0,0.0,0.0,0.2,0.0,1.0,1.6,1.4,4.6,0.2,1.4,0.11,0.24,0.4,0.4,0.8,0.2,0.11,0.56,0.39,3.58,-31280.0,-0.6198242619634616,10.0,0.489,0.238,0.272,,,0.3135441461350061,0.1732420678457857,0,1.0,5.087446934212387,Mbeumo,1.23
55,1633,0,0,5,1,44.1,19,0.27,0.61,0.34,0.62,365,0,0,10.2,17.0,2024-05-12,81,14,0,0,0,0,37,0,5520258,1,1,0,41.0,2,-480537,41767,522304,8.9,False,1,19.0,,Arsenal,0,2,0.2320285439491272,85,FWR,Manchester United,Arsenal,0,1,22259,2023,661299,0.2428570836782455,0,3,0,0.2320285439491272,0.4354011416435241,0.109384648501873,7322.0,Arsenal,Bukayo Saka,Bukayo Saka,5,4,37,5.7,MID,1.0,0.53,1.75,1.22,0.37,0.0,1.0,19.9,50.8,65.5,83.0,85.0,0.0,0.0,0.0,0.0,0.0,0.0,1.0,0.0,3.0,10.0,1.0,6.0,1.33,1.19,0.0,0.0,5.0,0.0,0.56,1.93,0.72,7.6,0.67,0.25,0.85,0.6,1.45,0.67,0.67,14.4,44.6,44.57,55.0,85.33,0.0,0.0,0.0,0.0,0.0,0.0,1.0,1.0,3.33,9.33,0.67,4.33,0.75,0.59,0.67,0.33,3.67,0.33,0.5,1.39,0.51,7.87,0.6,0.26,0.77,0.51,1.12,0.8,0.4,12.46,31.84,44.4,48.4,87.2,0.0,0.0,0.0,0.0,0.0,0.0,1.0,1.4,2.0,6.6,0.4,4.2,0.59,0.41,0.4,0.2,3.4,0.2,0.44,1.09,0.39,7.58,-548397.0,-0.8519087136193848,2.0,0.135,0.172,0.694,,,0.2683817940283215,0.2521564969134495,0,1.0,5.098378460881956,Saka,11.93
56,1673,0,0,27,0,45.3,205,0.07,0.22,0.15,1.72,367,3,1,12.0,41.2,2024-05-11,85,7,0,0,0,0,37,0,42521,1,3,2,33.0,7,5821,9480,3659,4.7,True,0,205.0,,Nottingham Forest,1,4,0.2139371782541275,90,ML,Nottingham Forest,Chelsea,2,3,22261,2023,660878,0.6112071871757507,0,4,1,0.2139371782541275,0.8251444101333618,0.0,6456.0,Nottingham Forest,Callum Hudson-Odoi,Callum Hudson-Odoi,3,2,37,6.5,MID,0.0,0.09,0.4,0.31,2.27,1.0,2.0,15.7,70.0,38.1,49.0,89.0,0.0,0.0,0.0,0.0,0.0,0.0,1.0,3.0,1.0,15.0,2.0,4.0,0.27,0.07,0.0,0.0,3.0,2.0,0.27,0.75,0.46,5.7,0.0,0.09,0.23,0.14,1.17,1.67,0.67,8.23,27.8,25.63,28.67,86.0,0.0,0.0,0.0,0.0,0.0,0.0,1.0,1.67,1.0,6.33,0.67,2.67,0.14,0.06,0.0,0.0,1.67,0.67,0.14,0.69,0.54,3.23,0.0,0.08,0.22,0.15,1.21,2.0,0.4,6.98,19.84,21.9,28.0,87.6,0.0,0.0,0.0,0.0,0.0,0.0,1.0,1.6,1.6,4.6,0.4,2.8,0.19,0.06,0.0,0.0,1.4,0.4,0.19,0.54,0.36,3.0,6261.0,0.4430321942309156,7.0,0.278,0.249,0.473,,,0.2384975619792215,0.2991080078710377,1,0.0,3.08981183350922,Hudson-Odoi,0.41
57,1698,1,0,13,0,10.3,37,0.0,0.0,0.0,0.13,361,0,0,3.1,20.2,2024-05-13,10,11,0,0,0,0,37,0,235976,0,3,3,0.0,4,11801,25027,13226,3.8,True,0,37.0,,Aston Villa,0,0,0.0,5,Sub,Aston Villa,Liverpool,3,3,22256,2023,661851,0.0567669123411178,1,1,0,0.0,0.0993739292025566,0.0993739292025566,508.0,Aston Villa,Calum Chambers,Calum Chambers,4,4,37,1.2,DEF,0.0,0.0,0.0,0.0,0.05,0.0,0.0,0.1,1.4,0.0,0.0,1.0,0.0,0.0,0.0,0.0,0.0,0.0,0.0,0.0,1.0,1.0,0.0,0.0,0.0,0.0,0.0,0.0,0.0,0.0,0.0,0.0,0.0,0.7,0.0,0.0,0.0,0.0,0.87,0.67,0.0,0.53,5.27,0.17,0.0,24.0,0.0,0.0,0.0,0.0,0.33,0.0,0.0,1.0,3.0,0.67,0.0,0.0,0.0,0.0,0.0,0.0,0.0,0.0,0.0,0.09,0.09,0.07,0.0,0.0,0.0,0.0,0.52,0.4,0.0,0.32,3.16,0.1,0.0,14.4,0.0,0.0,0.0,0.0,0.2,0.0,0.0,0.6,1.8,0.4,0.0,0.0,0.0,0.0,0.0,0.0,0.0,0.0,0.0,0.06,0.06,0.04,21269.0,0.3084986798421039,4.0,0.225,0.218,0.556,,0.6350825667263535,5.515961021274052e-10,0.0504118725581688,0,0.0,0.833235620984083,,0.0
58,1727,0,0,13,0,0.2,610,0.0,0.0,0.0,3.25,364,4,0,1.3,12.8,2024-05-11,90,13,0,0,0,0,37,0,44522,1,4,0,0.0,0,-2333,1445,3778,4.4,True,0,610.0,,Fulham,0,0,0.0,90,DC,Fulham,Manchester City,0,4,22258,2023,660318,0.0,0,0,0,0.0,0.0,0.0,11728.0,Fulham,Calvin Bassey,Calvin Bassey,5,3,37,1.0,DEF,1.0,0.01,0.01,0.0,0.63,0.0,0.0,2.3,21.8,0.9,0.0,90.0,0.0,0.0,0.0,0.0,1.0,0.0,1.0,0.0,0.0,5.0,0.0,0.0,0.0,0.0,0.0,0.0,0.0,0.0,0.0,0.22,0.22,3.8,0.33,0.0,0.0,0.0,0.89,1.33,0.0,1.63,15.73,0.4,0.0,90.0,0.0,0.0,0.0,0.0,0.33,0.0,1.0,1.33,0.67,2.67,0.0,0.0,0.0,0.0,0.0,0.0,0.0,0.0,0.0,0.2,0.2,2.83,0.4,0.0,0.0,0.0,0.84,1.0,0.0,1.86,17.52,0.66,0.4,90.0,0.0,0.0,0.0,0.0,0.2,0.0,1.0,1.4,0.4,3.4,0.0,0.0,0.0,0.0,0.0,0.0,0.0,0.0,0.0,0.23,0.23,2.64,-2597.0,-0.446678154317442,0.0,0.073,0.136,0.791,,0.6680057860648987,5.515961021274052e-10,-5.277553949412095e-10,0,0.0,1.6660000017263106,,0.0
59,1757,0,0,0,0,1.6,33,0.01,0.15,0.14,1.92,363,1,0,1.5,0.0,2024-05-11,80,9,0,0,0,0,37,0,376621,1,0,1,15.0,2,-8478,9253,17731,4.2,False,0,33.0,,Sheffield United,0,4,0.1274236142635345,84,FW,Everton,Sheffield United,1,0,22257,2023,660559,0.0,0,0,0,0.1274236142635345,0.1977982521057129,0.0703746378421783,9912.0,Aston Villa,Cameron Archer,Cameron Archer,2,2,37,1.3,FWD,0.0,0.04,0.81,0.77,1.25,3.0,0.0,6.1,8.6,11.9,40.0,73.0,0.0,0.0,0.0,0.0,0.0,0.0,1.0,3.0,1.0,2.0,0.0,3.0,0.96,0.06,0.0,0.0,1.0,0.0,0.96,0.53,0.0,1.1,0.0,0.03,0.4,0.37,1.83,3.0,0.0,3.67,4.47,13.8,18.0,66.67,0.0,0.0,0.0,0.0,0.0,0.0,1.0,2.0,3.33,2.0,0.0,2.33,0.45,0.05,0.0,0.0,1.0,0.0,0.45,0.52,0.19,1.47,0.0,0.09,0.34,0.24,1.36,2.2,0.0,2.66,3.08,11.0,12.4,47.2,0.0,0.0,0.0,0.0,0.0,0.0,0.6,2.0,2.6,1.6,0.0,1.6,0.28,0.05,0.0,0.0,0.8,0.0,0.28,0.35,0.11,1.44,-8554.0,-0.3141861844055736,2.0,0.676,0.197,0.126,,,0.1499248408836333,-8.433620468650812e-10,0,,2.5996993610044474,,0.0
60,1793,0,0,3,0,0.3,690,0.0,0.0,0.0,0.09,366,0,0,0.6,5.2,2024-05-11,3,15,0,0,0,0,37,0,5370,0,1,1,0.0,1,177,347,170,4.5,False,0,690.0,,Brighton and Hove Albion,0,0,0.0,1,,Newcastle United,Brighton and Hove Albion,1,1,22260,2023,660682,0.0,0,0,0,0.0,0.0,0.0,10527.0,Brighton and Hove Albion,Carlos Baleba,Carlos Baleba,2,4,37,2.0,MID,0.0,0.0,0.0,0.0,0.0,0.0,0.0,0.1,1.2,0.1,0.0,2.0,0.0,0.0,0.0,0.0,0.0,0.0,0.0,0.0,1.0,1.0,0.0,0.0,0.0,0.0,0.0,0.0,0.0,0.0,0.0,0.0,0.0,0.7,0.0,0.0,0.0,0.0,0.43,1.33,0.0,0.23,2.07,0.33,0.0,31.33,0.0,0.0,0.0,0.0,0.33,0.0,0.33,1.33,1.33,1.0,0.0,0.0,0.0,0.0,0.0,0.0,0.0,0.0,0.0,0.02,0.02,1.03,0.0,0.01,0.03,0.02,1.25,1.6,0.0,1.06,4.88,1.92,3.8,54.8,0.0,0.0,0.0,0.0,0.4,0.0,0.6,1.6,1.0,1.2,0.0,0.6,0.02,0.0,0.0,0.0,0.0,0.0,0.02,0.1,0.08,1.36,278.0,0.3423597678916827,1.0,0.602,0.199,0.199,,,-1.5743444325977407e-09,1.159168760977991e-09,0,0.0,0.999999995605784,,0.0
61,1794,0,0,1,0,1.5,690,0.01,0.03,0.02,0.04,332,0,0,0.3,0.0,2024-05-15,20,7,0,0,0,0,37,0,5370,0,2,1,2.0,1,177,347,170,4.5,True,0,690.0,,Brighton and Hove Albion,0,1,0.0171974562108516,11,,Brighton and Hove Albion,Chelsea,1,2,22226,2023,662156,0.0,0,0,0,0.0171974562108516,0.5333417057991028,0.5333417057991028,10527.0,Brighton and Hove Albion,Carlos Baleba,Carlos Baleba,3,3,37,2.0,MID,0.0,0.0,0.0,0.0,0.09,0.0,0.0,0.6,5.2,0.3,0.0,3.0,0.0,0.0,0.0,0.0,0.0,0.0,0.0,1.0,1.0,1.0,0.0,0.0,0.0,0.0,0.0,0.0,0.0,0.0,0.0,0.0,0.0,2.0,0.0,0.0,0.0,0.0,0.03,0.0,0.0,0.27,2.47,0.2,0.0,2.33,0.0,0.0,0.0,0.0,0.0,0.0,0.0,0.33,1.67,1.0,0.0,0.0,0.0,0.0,0.0,0.0,0.0,0.0,0.0,0.0,0.0,1.43,0.0,0.01,0.03,0.02,0.62,1.0,0.0,1.02,5.28,1.12,3.8,37.4,0.0,0.0,0.0,0.0,0.2,0.0,0.4,1.2,1.2,1.2,0.0,0.6,0.02,0.0,0.0,0.0,0.0,0.0,0.02,0.07,0.06,1.52,0.0,0.3423597678916827,1.0,0.284,0.235,0.481,,,0.0170748580639827,1.159168760977991e-09,1,0.0,0.0853742937974197,,0.0
62,1818,0,0,16,0,12.8,376,0.02,0.08,0.06,1.71,365,1,0,4.5,23.4,2024-05-12,90,1,0,0,0,0,37,0,208759,1,1,0,9.0,2,360,1229,869,5.3,True,0,,,Manchester United,0,2,0.0354579761624336,90,,Manchester United,Arsenal,0,1,22259,2023,661277,0.0228229071944952,0,1,0,0.0354579761624336,0.1293891817331314,0.0711082965135574,,Manchester United,,,5,4,37,2.6,MID,0.0,0.02,0.09,0.07,1.47,4.0,0.0,6.4,24.6,0.8,39.0,90.0,0.0,0.0,0.0,0.0,0.0,0.0,1.0,0.0,4.0,2.0,0.0,2.0,0.05,0.0,0.0,0.0,0.0,0.0,0.05,0.07,0.07,2.0,0.0,0.03,0.2,0.17,1.43,2.33,0.0,5.63,26.33,2.77,27.33,90.0,0.0,0.0,0.0,0.0,0.0,0.0,1.0,1.0,3.0,2.0,0.0,2.33,0.13,0.0,0.0,0.0,0.0,0.0,0.13,0.45,0.45,2.33,0.0,0.03,0.18,0.15,1.93,2.2,0.0,5.48,27.96,7.02,19.8,90.0,0.0,0.0,0.0,0.0,0.2,0.0,1.0,1.4,2.6,1.8,0.0,1.6,0.1,0.02,0.0,0.0,0.4,0.0,0.1,0.41,0.4,2.14,742.0,0.1715919923736892,2.0,0.135,0.172,0.694,,,0.0503755012174453,0.0666691612046632,1,0.0,1.4518849897012165,,0.0
63,1819,0,0,7,0,0.4,376,0.03,0.24,0.21,2.32,337,2,0,3.1,20.4,2024-05-15,90,15,0,0,0,0,37,0,208759,1,2,3,10.0,1,360,1229,869,5.3,True,1,,,Manchester United,0,2,0.1328012198209762,90,,Manchester United,Newcastle United,3,2,22231,2023,662116,0.0,0,0,0,0.1328012198209762,0.3080413937568664,0.3080413937568664,,Manchester United,,,3,4,37,2.6,MID,0.0,0.02,0.08,0.06,1.71,1.0,0.0,4.5,23.4,12.8,9.0,90.0,0.0,0.0,0.0,0.0,0.0,0.0,1.0,1.0,0.0,2.0,0.0,2.0,0.04,0.02,0.0,0.0,1.0,0.0,0.04,0.13,0.07,2.6,0.0,0.03,0.1,0.08,1.75,2.0,0.0,5.7,25.6,6.07,25.67,90.0,0.0,0.0,0.0,0.0,0.0,0.0,1.0,0.67,1.67,2.0,0.0,2.33,0.1,0.01,0.0,0.0,0.33,0.0,0.1,0.08,0.06,2.3,0.0,0.03,0.14,0.12,1.55,2.0,0.0,5.34,26.64,6.98,19.8,90.0,0.0,0.0,0.0,0.0,0.0,0.0,1.0,1.2,2.2,2.0,0.0,1.8,0.09,0.02,0.0,0.0,0.4,0.0,0.09,0.32,0.31,2.36,0.0,0.1715919923736892,1.0,0.347,0.238,0.415,,,0.0897754607140488,1.159168760977991e-09,1,0.0,1.4488773070477503,,0.0
64,1870,0,0,1,0,1.0,326,0.11,0.11,0.0,3.24,369,3,0,1.4,2.8,2024-05-11,90,19,0,0,0,0,37,0,480826,1,1,3,10.0,1,-71303,11595,82898,4.7,False,1,326.0,,Luton,0,0,0.0,90,AMC,West Ham United,Luton,3,1,22263,2023,660619,0.0,0,0,0,0.0,0.1432185918092727,0.1432185918092727,11717.0,Luton,Carlton Morris,Carlton Morris,2,3,37,2.5,FWD,0.0,0.01,0.09,0.08,1.43,1.0,0.0,2.3,10.6,1.6,11.0,90.0,0.0,0.0,0.0,0.0,0.0,0.0,1.0,1.0,1.0,2.0,0.0,2.0,0.1,0.0,0.0,0.0,0.0,0.0,0.1,0.07,0.04,2.7,0.0,0.02,0.19,0.18,1.93,2.67,0.33,5.43,22.13,4.0,28.33,90.0,0.0,0.0,0.0,0.0,0.0,0.0,1.0,2.33,1.33,3.67,0.33,2.33,0.29,0.0,0.0,0.0,0.0,0.33,0.29,0.24,0.01,3.03,0.0,0.02,0.26,0.24,2.08,2.8,0.4,6.42,24.92,5.42,33.8,90.0,0.0,0.0,0.0,0.0,0.0,0.0,1.0,1.8,2.2,4.2,0.4,2.4,0.34,0.0,0.0,0.0,0.2,0.4,0.34,0.32,0.02,2.72,-79052.0,-0.7545849957139682,1.0,0.526,0.225,0.249,,,0.1396820538936245,-8.433620468650812e-10,0,,2.558728213044412,Morris,0.82
65,1903,0,0,3,0,0.4,340,0.0,0.0,0.0,0.62,369,0,0,0.1,1.0,2024-05-11,3,19,0,0,0,0,37,0,64367,0,1,3,0.0,1,-1806,1028,2834,4.3,False,0,340.0,,Luton,0,0,0.0,1,Sub,West Ham United,Luton,3,1,22263,2023,660622,0.0,0,0,0,0.0,0.0,0.0,11721.0,Luton,Cauley Woodrow,Cauley Woodrow,2,3,37,0.3,FWD,0.0,0.03,0.06,0.03,0.26,0.0,0.0,2.7,7.6,15.1,4.0,20.0,0.0,0.0,0.0,0.0,0.0,0.0,0.0,1.0,1.0,1.0,0.0,2.0,0.03,0.02,0.0,0.0,1.0,0.0,0.03,0.05,0.0,0.3,0.0,0.02,0.09,0.07,0.87,1.33,0.0,1.77,3.47,9.23,5.0,25.0,0.0,0.0,0.0,0.0,0.0,0.0,0.0,1.0,2.67,1.0,0.0,1.67,0.07,0.11,0.0,0.0,0.67,0.0,0.07,0.15,0.0,0.5,0.0,0.07,0.11,0.04,0.54,0.8,0.0,2.26,8.12,11.42,3.0,20.0,0.0,0.0,0.0,0.0,0.0,0.0,0.0,0.8,2.4,1.6,0.0,1.0,0.04,0.18,0.2,0.2,0.8,0.0,0.04,0.23,0.02,0.92,-1834.0,-0.4676333505955463,1.0,0.526,0.225,0.249,,,-6.041389832844857e-09,-8.433620468650812e-10,0,,0.9999999733043544,,0.0
66,1914,0,0,3,0,0.0,791,0.0,0.0,0.0,0.18,332,0,0,0.1,1.0,2024-05-15,1,5,0,0,0,0,37,0,463,0,2,1,0.0,1,58,94,36,4.5,False,0,791.0,,Chelsea,0,0,0.0,1,,Brighton and Hove Albion,Chelsea,1,2,22226,2023,662174,0.0,0,0,0,0.0,0.0,0.0,10433.0,Chelsea,Cesare Casadei,Cesare Casadei,3,3,37,1.6,MID,0.0,0.01,0.01,0.0,0.32,0.0,0.0,1.2,1.4,10.5,0.0,14.0,0.0,0.0,0.0,0.0,0.0,0.0,0.0,0.0,5.0,1.0,0.0,0.0,0.0,0.02,0.0,0.0,1.0,0.0,0.0,0.02,0.02,1.0,0.0,0.0,0.0,0.0,0.33,0.0,0.0,0.47,0.53,3.93,0.0,10.0,0.0,0.0,0.0,0.0,0.0,0.0,0.0,0.67,3.0,1.0,0.0,0.0,0.0,0.01,0.0,0.0,0.33,0.0,0.0,0.01,0.01,0.73,0.0,0.0,0.0,0.0,0.33,0.0,0.0,0.42,0.96,2.96,0.0,10.2,0.0,0.0,0.0,0.0,0.0,0.0,0.0,0.4,4.0,1.0,0.0,0.0,0.0,0.0,0.0,0.0,0.2,0.0,0.0,0.02,0.02,0.46,78.0,0.4461538461538462,1.0,0.284,0.235,0.481,,,-1.5743444325977407e-09,1.159168760977991e-09,0,0.0,0.999999995605784,,0.0
67,1942,0,0,7,0,11.2,178,0.0,0.0,0.0,2.5,368,2,0,2.2,10.6,2024-05-11,90,18,0,0,0,0,37,0,307485,1,1,2,0.0,0,-27022,8416,35438,3.9,False,1,178.0,,Burnley,0,0,0.0,90,DL,Tottenham Hotspur,Burnley,2,1,22262,2023,660645,0.0608777739107608,0,1,0,0.0,0.0608777739107608,0.0,6044.0,Burnley,Charlie Taylor,Charlie Taylor,2,4,37,-0.5,DEF,0.0,0.07,0.07,0.0,2.43,1.0,0.0,5.6,25.2,31.0,0.0,90.0,0.0,0.0,0.0,0.0,0.0,0.0,1.0,4.0,1.0,2.0,0.0,0.0,0.0,0.17,0.0,0.0,2.0,0.0,0.0,0.32,0.2,1.6,0.0,0.03,0.06,0.03,1.21,1.0,0.0,2.73,11.27,12.4,3.67,72.67,0.0,0.0,0.0,0.0,0.0,0.0,0.67,1.67,1.0,1.67,0.0,0.33,0.02,0.06,0.0,0.0,0.67,0.0,0.02,0.14,0.09,1.17,0.0,0.12,0.13,0.02,1.3,1.0,0.0,2.7,11.72,11.44,3.8,70.6,0.0,0.0,0.0,0.0,0.0,0.0,0.6,1.6,1.2,1.6,0.0,0.2,0.01,0.04,0.0,0.0,0.6,0.0,0.01,0.23,0.2,0.94,-80159.0,-0.6161809641081771,0.0,0.699,0.165,0.136,,1.170527503739362,0.0006875925282947,0.0323744472119873,0,0.0,1.5162488968057302,,0.0
68,1995,0,0,4,0,0.6,328,0.0,0.0,0.0,1.11,369,1,0,0.5,4.2,2024-05-11,17,19,0,0,0,0,37,0,16330,0,1,3,0.0,1,-570,93,663,4.8,False,0,328.0,,Luton,0,0,0.0,12,Sub,West Ham United,Luton,3,1,22263,2023,660621,0.0,0,0,0,0.0,0.0,0.0,11719.0,Luton,Chiedozie Ogbene,Chiedozie Ogbene,2,3,37,-0.3,FWD,0.0,0.27,0.31,0.04,1.71,1.0,0.0,3.2,10.8,15.6,6.0,90.0,0.0,0.0,0.0,0.0,0.0,0.0,1.0,1.0,1.0,2.0,0.0,1.0,0.03,0.12,0.0,0.0,1.0,0.0,0.03,0.12,0.12,3.5,0.0,0.1,0.4,0.3,2.15,2.0,0.33,4.23,18.2,7.3,17.33,87.67,0.0,0.0,0.0,0.0,0.33,0.0,1.0,1.67,2.0,3.0,0.33,1.0,0.45,0.04,0.0,0.0,0.33,0.33,0.45,0.74,0.3,5.83,0.0,0.07,0.39,0.32,2.25,2.6,0.4,5.18,22.52,9.12,20.4,87.4,0.0,0.0,0.0,0.0,0.2,0.0,0.8,1.8,2.4,4.0,0.4,1.2,0.38,0.04,0.0,0.0,0.4,0.4,0.38,0.62,0.24,5.84,-48501.0,-0.753968253968254,1.0,0.526,0.225,0.249,,,0.0022866929640983,-8.433620468650812e-10,0,,2.0091467693263074,,0.0
69,2039,0,0,9,0,0.3,238,0.0,0.1,0.1,1.57,370,1,0,2.3,18.4,2024-05-11,90,20,0,0,0,0,37,0,151562,1,3,1,4.0,2,30378,37888,7510,3.9,False,0,238.0,,Crystal Palace,0,1,0.0444668680429458,90,DC,Wolverhampton Wanderers,Crystal Palace,1,3,22264,2023,660581,0.0,0,0,0,0.0444668680429458,0.8221190571784973,0.8221190571784973,8430.0,Crystal Palace,Chris Richards,Chris Richards,2,2,37,4.2,DEF,1.0,0.0,0.07,0.07,0.35,0.0,0.0,7.5,38.8,10.3,26.0,90.0,0.0,0.0,0.0,0.0,0.0,0.0,1.0,0.0,4.0,11.0,0.0,2.0,0.09,0.34,1.0,1.0,1.0,0.0,0.09,0.63,0.29,3.8,0.67,0.01,0.07,0.06,0.64,0.33,0.0,5.2,26.4,7.47,18.33,90.0,0.0,0.0,0.0,0.0,0.33,0.0,1.0,0.33,2.33,6.0,0.0,1.33,0.06,0.14,0.33,0.33,0.67,0.0,0.06,0.23,0.12,2.47,0.4,0.01,0.04,0.04,0.82,0.8,0.0,3.74,21.6,4.88,11.0,90.0,0.0,0.0,0.0,0.0,0.2,0.0,1.0,0.8,2.6,4.2,0.0,0.8,0.04,0.09,0.2,0.2,0.4,0.0,0.04,0.39,0.33,2.22,35536.0,0.6691484206352702,2.0,0.33,0.271,0.399,,0.8365516981491585,0.0308880536458069,-5.277553949412095e-10,0,0.0,1.7673283202915755,C.Richards,1.65
70,2070,0,0,-6,0,1.5,468,0.0,0.83,0.83,1.81,367,3,0,6.2,8.0,2024-05-11,90,7,0,0,0,0,37,0,163343,1,3,2,52.0,2,-45856,4952,50808,4.7,True,0,468.0,,Nottingham Forest,0,4,1.3079551458358765,90,FW,Nottingham Forest,Chelsea,2,3,22261,2023,660879,0.0,0,0,0,1.3079551458358765,1.0601128339767456,0.0272638648748397,4456.0,Nottingham Forest,Chris Wood,Chris Wood,3,2,37,2.0,FWD,0.0,0.02,0.63,0.61,2.27,1.0,0.0,3.3,2.8,3.5,27.0,89.0,0.0,0.0,0.0,0.0,0.0,0.0,1.0,3.0,1.0,2.0,0.0,3.0,0.84,0.0,0.0,0.0,0.0,0.0,0.84,0.88,0.11,2.5,0.0,0.03,0.64,0.61,1.19,1.67,0.0,4.83,2.6,10.3,35.67,89.67,0.0,0.0,0.0,0.0,0.0,0.0,1.0,1.67,1.0,2.0,0.0,3.0,0.92,0.03,0.0,0.0,0.67,0.0,0.92,1.03,0.1,3.23,0.0,0.02,0.62,0.6,1.18,2.0,0.2,5.08,8.4,7.64,34.8,85.2,0.0,0.0,0.0,0.0,0.0,0.0,1.0,1.6,1.6,2.8,0.2,2.4,0.89,0.02,0.0,0.0,0.4,0.2,0.89,0.97,0.07,4.36,-50621.0,-0.8223816355810617,2.0,0.278,0.249,0.473,,,0.4771218046633956,-8.433620468650812e-10,0,,3.908487216123497,Wood,0.41
71,2091,0,0,3,0,3.6,379,0.0,0.0,0.0,0.0,365,0,0,0.5,1.4,2024-05-12,3,1,0,0,0,0,37,0,41682,0,1,0,0.0,1,204,400,196,5.8,True,0,379.0,,Manchester United,0,0,0.0,1,Sub,Manchester United,Arsenal,0,1,22259,2023,661287,0.0,0,0,0,0.0,0.0,0.0,646.0,Manchester United,Christian Eriksen,Christian Eriksen,5,4,37,2.6,MID,0.0,0.14,0.24,0.1,1.47,4.0,0.0,5.3,12.6,36.7,4.0,90.0,0.0,0.0,0.0,0.0,0.0,0.0,1.0,0.0,4.0,2.0,0.0,1.0,0.08,0.05,0.0,0.0,2.0,0.0,0.08,0.08,0.08,1.8,0.33,0.14,0.22,0.08,1.06,2.0,0.0,4.9,11.07,33.27,4.67,77.67,0.0,0.0,0.0,0.0,0.0,0.0,1.0,1.0,3.0,2.33,0.0,1.33,0.06,0.13,0.0,0.0,2.33,0.0,0.06,0.51,0.43,1.4,0.2,0.22,0.27,0.05,0.97,2.0,0.0,5.04,11.4,36.32,2.8,65.4,0.0,0.0,0.0,0.0,0.0,0.0,0.8,1.4,2.4,1.8,0.0,0.8,0.04,0.22,0.0,0.0,2.6,0.0,0.04,0.36,0.29,1.1,449.0,0.3422818791946309,1.0,0.135,0.172,0.694,,,-1.5743444325977407e-09,0.0007081841839857,1,0.0,1.002124544680235,,0.0
72,2092,0,0,4,0,10.6,379,0.01,0.01,0.0,0.04,337,1,0,1.5,4.2,2024-05-15,1,15,0,0,0,0,37,0,41682,0,2,3,0.0,1,204,400,196,5.8,True,0,379.0,,Manchester United,0,0,0.0,1,Sub,Manchester United,Newcastle United,3,2,22231,2023,662126,0.092241421341896,0,1,0,0.0,0.0,0.0,646.0,Manchester United,Christian Eriksen,Christian Eriksen,3,4,37,2.6,MID,0.0,0.0,0.0,0.0,0.0,0.0,0.0,0.5,1.4,3.6,0.0,3.0,0.0,0.0,0.0,0.0,0.0,0.0,0.0,1.0,0.0,1.0,0.0,0.0,0.0,0.0,0.0,0.0,0.0,0.0,0.0,0.0,0.0,2.6,0.33,0.08,0.14,0.06,0.88,1.33,0.0,4.23,10.8,28.2,3.33,57.67,0.0,0.0,0.0,0.0,0.0,0.0,0.67,0.67,1.67,2.0,0.0,0.67,0.05,0.09,0.0,0.0,2.0,0.0,0.05,0.2,0.12,1.97,0.2,0.2,0.25,0.05,0.75,1.6,0.0,4.46,10.64,31.2,2.8,54.6,0.0,0.0,0.0,0.0,0.0,0.0,0.6,1.2,2.0,1.8,0.0,0.8,0.04,0.2,0.0,0.0,2.2,0.0,0.04,0.34,0.27,1.36,0.0,0.3422818791946309,1.0,0.347,0.238,0.415,,,-1.5743444325977407e-09,0.0361594118501369,0,0.0,1.1084782276786886,,0.0
73,2123,0,0,14,1,17.8,110,0.14,0.16,0.02,0.36,362,0,0,3.6,11.4,2024-05-11,62,3,0,0,0,0,37,0,13672,1,2,1,7.0,3,45,204,159,5.2,False,0,110.0,,Brentford,0,1,0.0415503047406673,67,MC,Bournemouth,Brentford,1,2,22255,2023,660707,0.3264561593532562,0,1,0,0.0415503047406673,0.3626734018325805,0.0362172462046146,7083.0,Brentford,Christian Nørgaard,Christian Nørgaard,2,2,37,2.2,MID,1.0,0.03,0.07,0.04,1.15,0.0,0.0,2.1,8.6,2.2,10.0,81.0,0.0,0.0,0.0,0.0,0.0,0.0,1.0,0.0,0.0,3.0,0.0,1.0,0.04,0.0,0.0,0.0,0.0,0.0,0.04,0.04,0.0,1.5,0.33,0.01,0.03,0.01,0.73,0.67,0.0,1.9,8.47,6.33,4.0,59.0,0.0,0.0,0.0,0.0,0.0,0.0,0.67,1.67,0.67,2.0,0.0,0.33,0.01,0.0,0.0,0.0,0.33,0.0,0.01,0.07,0.06,0.93,0.2,0.01,0.03,0.02,0.87,1.0,0.0,2.38,10.76,7.14,5.8,60.0,0.0,0.0,0.0,0.0,0.0,0.0,0.8,1.6,1.2,1.8,0.0,0.4,0.02,0.01,0.0,0.0,0.4,0.0,0.02,0.06,0.05,1.4,85.0,0.1239669421487603,3.0,0.489,0.238,0.272,,,0.0458113352635398,0.0386118495272078,1,0.0,0.3448922248993225,,0.0
74,2133,0,0,1,0,4.8,212,0.04,0.16,0.12,0.19,367,1,0,1.3,2.6,2024-05-11,32,16,0,0,0,0,37,0,91208,0,3,2,6.0,1,3658,5040,1382,7.2,False,0,212.0,,Chelsea,0,1,0.0993607342243194,27,Sub,Nottingham Forest,Chelsea,2,3,22261,2023,660895,0.0,0,0,0,0.0993607342243194,0.0993607342243194,0.0,3300.0,Chelsea,Christopher Nkunku,Christopher Nkunku,3,2,37,3.0,FWD,0.0,0.01,0.01,0.0,0.32,0.0,0.0,0.5,0.8,4.3,0.0,14.0,0.0,0.0,0.0,0.0,0.0,0.0,0.0,0.0,5.0,1.0,0.0,0.0,0.0,0.0,0.0,0.0,0.0,0.0,0.0,0.02,0.02,0.2,0.0,0.01,0.1,0.09,0.54,0.33,0.0,1.83,3.4,2.73,12.33,28.33,0.0,0.0,0.0,0.0,0.0,0.0,0.0,1.33,2.33,1.0,0.0,1.0,0.1,0.0,0.0,0.0,0.0,0.0,0.1,0.17,0.07,1.37,0.0,0.01,0.22,0.21,0.73,1.2,0.2,3.6,9.76,5.7,20.6,40.2,0.0,0.0,0.0,0.0,0.0,0.0,0.2,1.8,2.6,2.0,0.2,1.2,0.18,0.01,0.0,0.0,0.2,0.2,0.18,0.41,0.23,1.68,4298.0,0.5696044845842416,1.0,0.278,0.249,0.473,,,0.0647450148503121,-8.433620468650812e-10,0,,1.2589800568711622,Nkunku,0.41
75,2134,0,2,33,0,14.1,212,0.05,0.36,0.31,1.06,332,1,1,7.6,42.0,2024-05-15,48,5,0,0,0,0,37,0,91208,0,2,1,20.0,7,3658,5040,1382,7.2,False,0,212.0,,Chelsea,1,2,0.4898648560047149,49,Sub,Brighton and Hove Albion,Chelsea,1,2,22226,2023,662172,0.1216139867901802,0,1,1,0.4898648560047149,0.675347626209259,0.5094429850578308,3300.0,Chelsea,Christopher Nkunku,Christopher Nkunku,3,3,37,3.0,FWD,0.0,0.04,0.16,0.12,0.19,1.0,0.0,1.3,2.6,4.8,6.0,32.0,0.0,0.0,0.0,0.0,0.0,0.0,0.0,3.0,2.0,1.0,0.0,1.0,0.1,0.0,0.0,0.0,0.0,0.0,0.1,0.1,0.0,3.0,0.0,0.02,0.13,0.11,0.48,0.67,0.0,1.57,2.87,3.07,10.0,24.0,0.0,0.0,0.0,0.0,0.0,0.0,0.0,1.33,2.67,1.0,0.0,1.0,0.1,0.0,0.0,0.0,0.0,0.0,0.1,0.11,0.01,1.47,0.0,0.01,0.22,0.2,0.55,1.0,0.0,2.7,3.84,5.72,17.6,37.6,0.0,0.0,0.0,0.0,0.0,0.0,0.2,2.2,2.2,1.2,0.0,1.2,0.17,0.01,0.0,0.0,0.2,0.0,0.17,0.41,0.23,1.88,0.0,0.5696044845842416,5.0,0.284,0.235,0.481,,,0.2394483514365628,0.0694851693496543,0,,2.166248913795214,Nkunku,0.41
76,2183,0,0,27,0,3.9,297,0.02,1.07,1.05,2.84,361,1,1,7.1,29.8,2024-05-13,74,2,0,0,0,0,37,0,255577,1,3,3,37.0,6,1140,7546,6406,7.1,False,0,297.0,,Liverpool,1,2,0.8021633625030518,80,FW,Aston Villa,Liverpool,3,3,22256,2023,661861,0.0,0,0,1,0.8021633625030518,0.9316701889038086,0.1868448853492736,11296.0,Liverpool,Cody Gakpo,Cody Gakpo,4,4,37,5.0,FWD,0.0,0.54,0.63,0.09,1.16,2.0,1.0,11.8,60.2,28.2,30.0,90.0,0.0,0.0,0.0,0.0,0.0,0.0,1.0,2.0,4.0,12.0,1.0,2.0,0.07,0.68,1.0,1.0,2.0,1.0,0.07,1.35,0.6,4.0,0.0,0.24,0.47,0.23,0.83,1.67,0.33,10.3,35.0,25.6,42.33,88.33,0.0,0.0,0.0,0.0,0.0,0.0,1.0,2.33,2.33,6.33,0.33,4.67,0.27,0.39,0.67,0.67,2.0,0.33,0.27,0.8,0.27,4.43,0.0,0.23,0.36,0.14,0.69,1.0,0.2,7.56,24.76,23.76,27.0,62.2,0.0,0.0,0.0,0.0,0.0,0.0,0.6,2.0,1.8,4.2,0.2,2.8,0.16,0.35,0.4,0.4,1.6,0.2,0.16,0.71,0.28,3.86,1762.0,0.0817087155963302,6.0,0.225,0.218,0.556,,,0.4317399512599336,-8.433620468650812e-10,0,,3.726959802509648,Gakpo,1.23
77,2216,1,1,28,0,72.8,362,0.73,1.18,0.45,1.62,367,2,0,11.9,34.4,2024-05-11,90,16,0,0,0,0,37,0,5537713,1,3,2,12.0,6,150092,156909,6817,6.3,False,0,362.0,,Chelsea,0,2,0.5342856049537659,90,AMC,Nottingham Forest,Chelsea,2,3,22261,2023,660892,0.7391137480735779,1,5,0,0.5342856049537659,1.496941328048706,0.9203166365623474,8497.0,Manchester City,Cole Palmer,Cole Palmer,3,2,37,10.0,MID,1.0,0.58,0.91,0.33,1.0,0.0,1.0,13.2,51.6,50.9,29.0,88.0,0.0,0.0,0.0,0.0,0.0,0.0,1.0,0.0,5.0,8.0,1.0,4.0,0.24,1.09,0.0,0.0,4.0,1.0,0.24,2.3,1.98,8.4,0.67,0.22,0.89,0.67,1.14,0.67,0.33,8.73,21.8,38.17,27.0,89.33,0.0,0.0,0.0,0.0,0.0,0.0,1.0,0.67,3.0,5.33,0.33,5.0,0.67,0.44,0.33,0.0,3.0,0.33,0.67,1.4,0.74,15.2,0.6,0.16,1.02,0.87,1.09,0.6,1.0,11.26,46.08,29.42,36.8,84.0,0.0,0.0,0.0,0.0,0.0,0.0,1.0,0.8,3.4,9.4,1.0,4.4,0.91,0.28,0.4,0.2,2.2,0.8,0.76,1.36,0.6,15.16,170717.0,0.916726726359894,5.0,0.278,0.249,0.473,,,0.0872779496463884,0.2810415707824405,0,0.0,3.2795144605792634,Palmer,84.77
78,2217,0,1,30,0,26.4,362,0.42,0.84,0.42,1.06,332,1,1,11.5,44.6,2024-05-15,90,5,0,0,0,0,37,0,5537713,1,2,1,44.0,8,150092,156909,6817,6.3,False,0,362.0,,Chelsea,1,6,0.3642283380031585,90,AMC,Brighton and Hove Albion,Chelsea,1,2,22226,2023,662168,0.588862419128418,0,2,1,0.3642283380031585,0.370350033044815,0.0,8497.0,Manchester City,Cole Palmer,Cole Palmer,3,3,37,10.0,MID,0.0,0.73,1.18,0.45,1.62,2.0,0.0,11.9,34.4,72.8,12.0,90.0,0.0,0.0,0.0,0.0,0.0,0.0,1.0,3.0,2.0,6.0,0.0,2.0,0.53,0.74,1.0,1.0,5.0,0.0,0.53,1.5,0.92,10.0,0.67,0.44,1.13,0.69,1.39,0.67,0.33,10.37,31.07,49.33,23.0,89.33,0.0,0.0,0.0,0.0,0.0,0.0,1.0,1.0,3.0,6.67,0.33,3.67,0.65,0.64,0.67,0.33,3.67,0.33,0.65,1.65,0.97,12.33,0.6,0.29,1.23,0.95,1.28,0.8,1.0,12.32,47.88,39.12,36.0,87.4,0.0,0.0,0.0,0.0,0.0,0.0,1.0,1.0,3.4,9.6,1.0,4.4,1.0,0.41,0.4,0.2,2.8,0.8,0.85,1.62,0.78,14.42,0.0,0.916726726359894,7.0,0.284,0.235,0.481,,,0.339252961039562,0.1580967475700443,0,1.0,5.170555047907943,Palmer,84.77
79,2278,0,0,8,0,5.8,202,0.03,0.07,0.04,1.57,367,2,0,1.9,4.2,2024-05-11,78,16,0,0,0,0,37,0,209157,1,3,2,9.0,1,88617,94365,5748,5.4,False,1,202.0,,Chelsea,0,1,0.055146224796772,84,DMC,Nottingham Forest,Chelsea,2,3,22261,2023,660890,0.0,0,0,0,0.055146224796772,0.5996611714363098,0.5996611714363098,9040.0,Chelsea,Conor Gallagher,Conor Gallagher,3,2,37,9.4,MID,1.0,0.08,0.81,0.73,1.04,0.0,1.0,11.4,46.8,41.0,26.0,90.0,0.0,0.0,0.0,0.0,0.0,0.0,1.0,0.0,5.0,8.0,1.0,2.0,1.0,0.16,0.0,0.0,3.0,1.0,1.0,2.07,1.02,5.6,0.67,0.06,0.35,0.28,1.15,0.67,0.67,7.63,36.93,24.2,15.0,90.0,0.0,0.0,0.0,0.0,0.0,0.0,1.0,0.67,3.0,7.67,0.67,1.67,0.36,0.14,0.33,0.33,1.67,0.67,0.36,0.86,0.49,8.27,0.6,0.06,0.23,0.17,1.65,1.4,0.4,6.5,29.96,23.86,11.0,90.0,0.0,0.0,0.0,0.0,0.0,0.0,1.0,0.4,4.0,5.6,0.4,1.0,0.22,0.1,0.2,0.2,1.4,0.4,0.22,0.87,0.65,6.28,96194.0,0.8851697581732643,1.0,0.278,0.249,0.473,,,0.0896803637410545,0.0014200508632928,1,0.0,1.452661971295151,Gallagher,6.17
80,2279,0,0,14,0,4.8,202,0.04,0.04,0.0,1.06,332,1,0,2.2,14.8,2024-05-15,90,5,0,0,0,0,37,0,209157,1,2,1,2.0,2,88617,94365,5748,5.4,False,0,202.0,,Chelsea,0,0,0.0,90,DMC,Brighton and Hove Albion,Chelsea,1,2,22226,2023,662166,0.0,0,0,0,0.0,0.6475745439529419,0.6475745439529419,9040.0,Chelsea,Conor Gallagher,Conor Gallagher,3,3,37,9.4,MID,0.0,0.03,0.07,0.04,1.57,2.0,0.0,1.9,4.2,5.8,9.0,78.0,0.0,0.0,0.0,0.0,1.0,0.0,1.0,3.0,2.0,1.0,0.0,1.0,0.06,0.0,0.0,0.0,0.0,0.0,0.06,0.6,0.6,9.4,0.67,0.06,0.31,0.26,1.38,0.67,0.33,5.77,26.13,19.7,11.67,86.0,0.0,0.0,0.0,0.0,0.33,0.0,1.0,1.0,3.0,5.0,0.33,1.0,0.35,0.13,0.33,0.33,1.33,0.33,0.35,0.99,0.64,8.2,0.4,0.07,0.25,0.18,1.68,1.8,0.4,6.04,27.24,20.28,12.8,87.6,0.0,0.0,0.0,0.0,0.2,0.0,1.0,1.0,3.2,5.2,0.4,1.2,0.23,0.08,0.2,0.2,1.0,0.4,0.23,0.72,0.5,7.36,0.0,0.8851697581732643,2.0,0.284,0.235,0.481,,,0.0250582713222888,0.0007081841839857,0,0.0,2.127415909163401,Gallagher,6.17
81,2336,0,0,12,0,3.5,511,0.02,0.11,0.09,0.75,368,1,0,7.9,35.0,2024-05-11,90,6,0,0,0,0,37,0,1349025,1,1,2,40.0,2,167862,193513,25651,5.1,True,0,511.0,,Tottenham Hotspur,0,2,0.2747823894023895,90,DC,Tottenham Hotspur,Burnley,2,1,22262,2023,660627,0.0,0,0,0,0.2747823894023895,0.4709187150001526,0.4709187150001526,7218.0,Tottenham Hotspur,Cristian Romero,Cristian Romero,2,4,37,4.5,DEF,0.0,0.02,0.02,0.0,3.22,4.0,0.0,3.1,29.8,1.1,0.0,90.0,0.0,0.0,0.0,0.0,0.0,0.0,1.0,2.0,4.0,0.0,0.0,0.0,0.0,0.0,0.0,0.0,0.0,0.0,0.0,0.55,0.55,1.8,0.0,0.03,0.42,0.39,2.08,3.0,0.33,4.83,32.6,1.73,14.0,90.0,0.0,0.0,0.0,0.0,0.0,0.0,1.0,1.67,2.67,2.67,0.33,2.0,0.44,0.0,0.0,0.0,0.0,0.33,0.44,0.47,0.23,3.53,0.0,0.07,0.3,0.24,2.13,2.8,0.2,3.56,24.76,2.52,8.4,90.0,0.0,0.0,0.0,0.0,0.2,0.0,1.0,1.2,3.0,1.8,0.2,1.2,0.26,0.0,0.0,0.0,0.0,0.2,0.26,0.39,0.24,3.08,194803.0,0.7659195853333577,2.0,0.699,0.165,0.136,,1.1697411553861716,0.1807188950042983,-5.277553949412095e-10,0,0.0,2.4993133684425235,Romero,19.75
82,2337,0,0,9,0,0.8,511,0.0,0.06,0.06,2.4,339,2,0,2.3,18.6,2024-05-14,90,13,0,0,0,0,37,0,1349025,1,2,0,4.0,0,167862,193513,25651,5.1,True,1,511.0,,Tottenham Hotspur,0,1,0.0382577404379844,90,DC,Tottenham Hotspur,Manchester City,0,2,22233,2023,661901,0.0,0,0,0,0.0382577404379844,0.4177398383617401,0.4177398383617401,7218.0,Tottenham Hotspur,Cristian Romero,Cristian Romero,5,4,37,4.5,DEF,0.0,0.02,0.11,0.09,0.75,1.0,0.0,7.9,35.0,3.5,40.0,90.0,0.0,0.0,0.0,0.0,0.0,0.0,1.0,1.0,2.0,2.0,0.0,2.0,0.27,0.0,0.0,0.0,0.0,0.0,0.27,0.47,0.47,4.5,0.0,0.02,0.14,0.12,1.97,2.33,0.0,4.63,25.93,2.13,18.0,90.0,0.0,0.0,0.0,0.0,0.0,0.0,1.0,1.0,2.67,1.0,0.0,1.33,0.14,0.0,0.0,0.0,0.0,0.0,0.14,0.37,0.37,3.57,0.0,0.07,0.32,0.25,1.97,2.8,0.2,4.78,28.6,2.72,16.4,90.0,0.0,0.0,0.0,0.0,0.2,0.0,1.0,1.2,2.8,1.8,0.2,1.6,0.32,0.0,0.0,0.0,0.0,0.2,0.32,0.48,0.33,3.32,0.0,0.7659195853333577,0.0,0.146,0.158,0.696,,1.0494240078338368,0.0392566815015928,-5.277553949412095e-10,0,0.0,1.7105400874262906,Romero,19.75
83,2360,0,0,1,0,0.3,300,0.0,0.06,0.06,0.52,361,2,0,2.3,5.2,2024-05-13,14,2,0,0,0,0,37,0,7386,0,3,3,17.0,1,-85,124,209,4.9,False,0,300.0,,Liverpool,0,1,0.0563358590006828,9,Sub,Aston Villa,Liverpool,3,3,22256,2023,661866,0.0,0,0,0,0.0563358590006828,0.0563358590006828,0.0,6665.0,Liverpool,Curtis Jones,Curtis Jones,4,4,37,0.6,MID,0.0,0.05,0.11,0.06,0.76,2.0,0.0,2.3,2.0,15.8,5.0,62.0,0.0,0.0,0.0,0.0,0.0,0.0,1.0,0.0,2.0,2.0,0.0,1.0,0.07,0.07,0.0,0.0,1.0,0.0,0.07,0.54,0.4,2.4,0.0,0.07,0.33,0.26,1.02,1.33,0.0,2.07,2.87,9.67,8.0,55.67,0.0,0.0,0.0,0.0,0.67,0.0,0.67,1.0,1.33,1.0,0.0,1.0,0.23,0.02,0.0,0.0,0.33,0.0,0.23,0.73,0.47,1.37,0.0,0.05,0.21,0.16,0.68,0.8,0.0,1.72,2.84,9.0,5.2,43.4,0.0,0.0,0.0,0.0,0.4,0.0,0.6,1.6,1.6,1.0,0.0,0.6,0.14,0.02,0.0,0.0,0.4,0.0,0.14,0.64,0.49,1.88,-311.0,-0.2552552552552553,1.0,0.225,0.218,0.556,,,0.152241136889734,1.159168760977991e-09,1,0.0,0.7612056879261764,,0.0
84,2407,0,0,11,0,1.3,407,0.02,0.22,0.2,1.32,366,1,0,3.8,26.0,2024-05-11,90,5,0,0,0,0,37,0,1497943,1,1,1,11.0,2,445989,465564,19575,4.7,True,0,407.0,,Newcastle United,0,1,0.5337148308753967,90,DC,Newcastle United,Brighton and Hove Albion,1,1,22260,2023,660659,0.0,0,0,0,0.5337148308753967,1.4139964580535889,0.8802816867828369,7382.0,Newcastle United,Dan Burn,Dan Burn,2,4,37,3.2,DEF,0.0,0.0,0.05,0.05,1.08,1.0,0.0,1.8,12.8,0.8,4.0,90.0,0.0,0.0,0.0,0.0,0.0,0.0,1.0,4.0,1.0,2.0,0.0,1.0,0.03,0.0,0.0,0.0,0.0,0.0,0.03,0.57,0.57,3.3,0.0,0.04,0.07,0.04,1.15,1.33,0.0,3.77,23.6,8.6,5.33,90.0,0.0,0.0,0.0,0.0,0.0,0.0,1.0,1.67,2.67,1.67,0.0,0.67,0.04,0.02,0.0,0.0,0.67,0.0,0.04,0.33,0.31,3.6,0.4,0.02,0.07,0.05,1.09,0.8,0.0,2.98,19.88,5.38,4.6,90.0,0.0,0.0,0.0,0.0,0.0,0.0,1.0,1.2,2.4,3.4,0.0,0.6,0.04,0.01,0.0,0.0,0.4,0.0,0.04,0.29,0.28,3.32,500661.0,0.919301478545324,2.0,0.602,0.199,0.199,,1.307325341781623,0.0640163957910631,0.0002732662937596,0,1.0,5.730918173627657,Burn,35.8
85,2408,0,0,11,0,0.8,407,0.0,0.12,0.12,1.44,337,3,0,3.7,18.8,2024-05-15,90,14,0,0,0,0,37,0,1497943,1,2,3,17.0,1,445989,465564,19575,4.7,False,0,407.0,,Newcastle United,0,2,0.1479813456535339,90,DC,Manchester United,Newcastle United,3,2,22231,2023,662132,0.0,0,0,0,0.1479813456535339,0.4042880833148956,0.4042880833148956,7382.0,Newcastle United,Dan Burn,Dan Burn,3,4,37,3.2,DEF,0.0,0.02,0.22,0.2,1.32,1.0,0.0,3.8,26.0,1.3,11.0,90.0,0.0,0.0,0.0,0.0,0.0,0.0,1.0,1.0,1.0,2.0,0.0,1.0,0.53,0.0,0.0,0.0,0.0,0.0,0.53,1.41,0.88,3.2,0.0,0.01,0.11,0.1,1.29,1.0,0.0,3.23,23.87,0.8,7.67,90.0,0.0,0.0,0.0,0.0,0.0,0.0,1.0,2.0,2.33,2.0,0.0,1.0,0.22,0.0,0.0,0.0,0.0,0.0,0.22,0.78,0.6,3.6,0.2,0.03,0.12,0.09,1.1,1.0,0.0,3.34,21.04,5.62,6.8,90.0,0.0,0.0,0.0,0.0,0.0,0.0,1.0,1.2,2.6,2.6,0.0,0.8,0.14,0.01,0.0,0.0,0.4,0.0,0.14,0.56,0.44,3.46,0.0,0.919301478545324,1.0,0.347,0.238,0.415,,0.9453865022839688,0.047087523300995,-5.277553949412095e-10,0,0.0,1.809525138222704,Burn,35.8
86,2412,0,0,1,0,0.3,640,0.0,0.0,0.0,0.0,368,0,0,0.6,0.0,2024-05-11,15,6,0,0,0,0,37,0,15257,0,1,2,6.0,1,6,163,157,4.5,True,0,640.0,,Tottenham Hotspur,0,0,0.0,13,Sub,Tottenham Hotspur,Burnley,2,1,22262,2023,660640,0.0,0,0,0,0.0,0.0,0.0,9332.0,Tottenham Hotspur,Dane Scarlett,Dane Scarlett,2,4,37,0.9,FWD,0.0,0.0,0.0,0.0,0.02,0.0,0.0,0.0,0.0,0.1,0.0,1.0,0.0,0.0,0.0,0.0,0.0,0.0,0.0,1.0,3.0,1.0,0.0,0.0,0.0,0.0,0.0,0.0,0.0,0.0,0.0,0.0,0.0,0.7,0.0,0.0,0.0,0.0,0.01,0.0,0.0,0.0,0.0,0.03,0.0,0.67,0.0,0.0,0.0,0.0,0.0,0.0,0.0,0.67,2.0,0.67,0.0,0.0,0.0,0.0,0.0,0.0,0.0,0.0,0.0,0.0,0.0,0.5,0.0,0.0,0.0,0.0,0.0,0.0,0.0,0.0,0.0,0.02,0.0,0.4,0.0,0.0,0.0,0.0,0.0,0.0,0.0,0.4,1.2,0.4,0.0,0.0,0.0,0.0,0.0,0.0,0.0,0.0,0.0,0.0,0.0,0.3,127.0,0.01875,1.0,0.699,0.165,0.136,,,0.0802412328124739,0.014644781992503,0,,1.364899277227405,,0.0
87,2442,0,0,1,1,4.7,78,0.05,0.15,0.1,0.74,362,0,0,2.8,3.2,2024-05-11,66,4,0,0,0,0,37,0,2568,1,2,1,20.0,2,39,236,197,4.7,True,1,78.0,,Bournemouth,0,3,0.0915663167834281,71,AML,Bournemouth,Brentford,1,2,22255,2023,660696,0.0,0,0,0,0.0915663167834281,0.1388077139854431,0.0472413972020149,9662.0,Bournemouth,Dango Ouattara,Dango Ouattara,2,2,37,2.6,MID,0.0,0.04,0.08,0.04,3.98,3.0,0.0,2.6,20.4,1.7,4.0,90.0,0.0,0.0,0.0,0.0,0.0,0.0,1.0,0.0,3.0,2.0,0.0,1.0,0.03,0.0,0.0,0.0,0.0,0.0,0.03,0.02,0.02,1.6,0.33,0.07,0.08,0.01,1.74,1.0,0.0,2.93,17.93,8.93,2.67,65.33,0.0,0.0,0.0,0.0,0.0,0.0,0.67,0.33,2.0,3.0,0.0,0.33,0.01,0.09,0.33,0.33,0.67,0.0,0.01,0.14,0.1,2.3,0.2,0.05,0.12,0.07,1.75,1.6,0.0,3.24,13.24,8.5,10.8,69.2,0.0,0.0,0.0,0.0,0.0,0.0,0.8,0.8,2.2,2.6,0.0,0.8,0.11,0.06,0.2,0.2,0.6,0.0,0.11,0.33,0.2,2.32,56.0,0.0900692840646651,2.0,0.489,0.238,0.272,,,0.1328417679397942,1.159168760977991e-09,1,0.0,1.6642088431764774,,0.0
88,2448,0,0,8,0,0.0,546,0.0,0.0,0.0,2.7,370,3,0,0.5,4.6,2024-05-11,90,8,0,0,0,0,37,0,83366,1,3,1,0.0,1,-2440,339,2779,3.9,True,0,546.0,,Wolverhampton Wanderers,0,0,0.0,90,GK,Wolverhampton Wanderers,Crystal Palace,1,3,22264,2023,660564,0.0,0,0,0,0.0,0.0,0.0,11361.0,Wolverhampton Wanderers,Daniel Bentley,Daniel Bentley,2,2,37,0.2,GK,0.0,0.0,0.0,0.0,0.77,1.0,0.0,0.9,8.8,0.0,0.0,45.0,0.0,0.0,0.0,0.0,0.0,1.0,0.0,0.0,3.0,1.0,0.0,0.0,0.0,0.0,0.0,0.0,0.0,0.0,0.0,0.0,0.0,0.2,0.33,0.0,0.0,0.0,0.91,1.33,0.0,1.33,13.27,0.0,0.0,75.0,0.0,0.0,0.0,0.0,0.0,1.67,0.67,0.0,2.33,3.0,0.0,0.0,0.0,0.0,0.0,0.0,0.0,0.0,0.0,0.03,0.03,2.57,0.4,0.0,0.0,0.0,1.02,0.8,0.0,1.32,13.24,0.0,0.0,58.4,0.0,0.0,0.0,0.0,0.0,1.6,0.4,0.2,1.8,3.4,0.0,0.0,0.0,0.0,0.0,0.0,0.0,0.0,0.0,0.09,0.09,1.84,-17898.0,-0.7825529185375241,1.0,0.33,0.271,0.399,0.4793369202037323,0.9712957143783568,,,1,1.0,4.674,,0.0
89,2465,0,0,5,0,22.1,792,0.02,0.37,0.35,1.57,370,1,0,5.3,14.6,2024-05-11,90,20,0,0,0,0,37,0,61506,1,3,1,16.0,1,3636,10243,6607,4.5,False,1,792.0,,Crystal Palace,0,2,0.8263312578201294,90,,Wolverhampton Wanderers,Crystal Palace,1,3,22264,2023,660583,0.1588605195283889,0,2,0,0.8263312578201294,1.3092145919799805,0.4230175912380218,12408.0,Crystal Palace,Daniel Muñoz,Daniel Muñoz,2,2,37,4.6,DEF,1.0,0.06,0.17,0.11,0.35,0.0,0.0,10.5,49.2,38.3,17.0,90.0,0.0,0.0,0.0,0.0,0.0,0.0,1.0,0.0,4.0,13.0,0.0,1.0,0.1,0.25,2.0,2.0,3.0,0.0,0.1,0.78,0.43,5.6,0.67,0.1,0.15,0.05,0.56,0.33,0.0,5.97,26.07,22.0,11.67,90.0,0.0,0.0,0.0,0.0,0.0,0.0,1.0,0.33,2.33,7.0,0.0,0.67,0.04,0.2,0.67,0.67,1.67,0.0,0.04,0.45,0.22,4.73,0.6,0.1,0.13,0.03,1.16,0.6,0.0,5.44,27.36,18.52,8.6,90.0,0.0,0.0,0.0,0.0,0.0,0.0,1.0,0.8,2.4,5.6,0.0,0.4,0.02,0.25,0.4,0.4,1.4,0.0,0.02,0.58,0.34,4.36,2120.0,0.2157863501483679,1.0,0.33,0.271,0.399,,1.2423423292229212,0.0677886619432859,0.0821245673063155,0,0.0,2.0321056735786622,Muñoz,1.23
90,2494,0,0,4,0,15.6,442,0.04,0.07,0.03,1.81,367,3,0,2.9,7.4,2024-05-11,90,7,0,0,0,0,37,0,7728,1,3,2,6.0,2,-126,157,283,5.3,True,0,,,Nottingham Forest,0,1,0.030932392925024,90,,Nottingham Forest,Chelsea,2,3,22261,2023,660877,0.0361592769622802,0,1,0,0.030932392925024,0.0614067949354648,0.0304744038730859,,Nottingham Forest,,,3,2,37,2.8,MID,0.0,0.08,0.31,0.23,2.27,1.0,0.0,9.2,37.8,48.8,5.0,90.0,0.0,0.0,0.0,0.0,0.0,0.0,1.0,3.0,1.0,5.0,0.0,3.0,0.21,0.22,1.0,1.0,4.0,0.0,0.21,0.88,0.52,5.0,0.0,0.04,0.12,0.08,1.14,1.67,0.0,4.97,18.53,29.53,1.67,80.67,0.0,0.0,0.0,0.0,0.0,0.0,1.0,1.67,1.0,3.0,0.0,1.0,0.07,0.1,0.33,0.33,2.33,0.0,0.07,0.79,0.66,3.63,0.0,0.04,0.27,0.23,1.17,2.0,0.2,6.08,23.72,25.26,12.0,82.0,0.0,0.0,0.0,0.0,0.2,0.0,1.0,1.6,1.6,3.8,0.2,1.2,0.18,0.09,0.2,0.2,2.0,0.2,0.18,0.67,0.45,3.16,-107.0,-0.2863636363636364,2.0,0.278,0.249,0.473,,,0.0453018465095658,0.0923408254832989,1,0.0,1.5035317089977256,,0.0
91,2514,0,0,3,0,0.5,535,0.01,0.01,0.0,0.0,369,0,0,0.3,0.2,2024-05-11,6,12,0,0,0,0,37,0,68113,0,1,3,2.0,1,-460,429,889,5.5,True,0,535.0,,West Ham United,0,0,0.0,1,Sub,West Ham United,Luton,3,1,22263,2023,660606,0.0,0,0,0,0.0,0.0,0.0,986.0,West Ham United,Danny Ings,Danny Ings,2,3,37,1.3,FWD,0.0,0.01,0.01,0.0,0.98,1.0,0.0,0.1,0.6,0.5,0.0,20.0,0.0,0.0,0.0,0.0,0.0,0.0,0.0,0.0,5.0,1.0,0.0,0.0,0.0,0.0,0.0,0.0,0.0,0.0,0.0,0.0,0.0,1.0,0.0,0.01,0.06,0.05,1.47,1.0,0.0,1.3,1.27,2.1,9.67,41.67,0.0,0.0,0.0,0.0,0.0,0.0,0.33,1.33,3.33,1.33,0.0,1.0,0.05,0.0,0.0,0.0,0.0,0.0,0.05,0.11,0.1,0.8,0.0,0.03,0.1,0.06,0.95,0.6,0.2,1.96,7.56,1.32,10.8,26.8,0.0,0.0,0.0,0.0,0.0,0.0,0.2,1.8,3.2,2.4,0.2,1.0,0.06,0.0,0.0,0.0,0.0,0.2,0.06,0.08,0.06,1.38,-387.0,-0.3490136570561457,1.0,0.526,0.225,0.249,,,0.0028981609354692,-8.433620468650812e-10,0,,1.0115926412117906,,0.0
92,2542,1,0,8,0,16.6,154,0.06,0.64,0.58,2.27,366,1,0,5.2,7.8,2024-05-11,90,15,0,0,0,0,37,0,111838,1,1,1,28.0,4,11780,15703,3923,5.7,False,1,154.0,,Brighton and Hove Albion,0,2,0.5887779593467712,90,FW,Newcastle United,Brighton and Hove Albion,1,1,22260,2023,660681,0.0237131677567958,0,1,0,0.5887779593467712,1.0182924270629885,0.4914860725402832,501.0,Brighton and Hove Albion,Danny Welbeck,Danny Welbeck,2,4,37,5.6,FWD,1.0,0.02,0.13,0.11,0.06,0.0,0.0,2.1,6.4,5.3,9.0,87.0,0.0,0.0,0.0,0.0,0.0,0.0,1.0,0.0,1.0,2.0,0.0,1.0,0.35,0.0,0.0,0.0,0.0,0.0,0.35,1.03,0.68,1.3,0.33,0.03,0.1,0.07,0.79,2.0,0.0,1.67,4.47,5.9,6.33,68.67,0.0,0.0,0.0,0.0,0.0,0.0,0.67,1.33,1.33,1.67,0.0,1.0,0.14,0.01,0.0,0.0,0.33,0.0,0.14,0.41,0.26,1.5,0.2,0.03,0.08,0.04,1.33,1.8,0.0,2.56,5.72,12.82,7.0,71.4,0.0,0.0,0.0,0.0,0.0,0.0,0.8,1.6,1.0,1.8,0.0,0.6,0.08,0.03,0.0,0.0,1.0,0.0,0.08,0.29,0.18,1.86,14187.0,0.6002241923978396,4.0,0.602,0.199,0.199,,,0.2058957681959454,0.0549076109714259,0,,2.98830590569806,Welbeck,2.47
93,2543,0,0,27,0,3.0,154,0.0,0.44,0.44,0.04,332,0,1,7.9,33.0,2024-05-15,20,7,0,0,0,0,37,0,111838,0,2,1,43.0,5,11780,15703,3923,5.7,True,0,154.0,,Brighton and Hove Albion,1,1,0.4238511621952057,11,Sub,Brighton and Hove Albion,Chelsea,1,2,22226,2023,662158,0.0,0,0,1,0.4238511621952057,0.4238511621952057,0.0,501.0,Brighton and Hove Albion,Danny Welbeck,Danny Welbeck,3,3,37,5.6,FWD,0.0,0.06,0.64,0.58,2.27,1.0,0.0,5.2,7.8,16.6,28.0,90.0,0.0,0.0,0.0,0.0,1.0,0.0,1.0,1.0,1.0,4.0,0.0,2.0,0.59,0.02,1.0,0.0,1.0,0.0,0.59,1.02,0.49,5.6,0.33,0.04,0.27,0.23,1.15,1.0,0.0,3.03,6.33,11.1,13.0,74.0,0.0,0.0,0.0,0.0,0.33,0.0,0.67,0.33,1.67,2.33,0.0,1.0,0.31,0.01,0.33,0.0,0.67,0.0,0.31,0.7,0.4,2.83,0.2,0.04,0.2,0.16,1.26,1.6,0.0,3.16,6.16,13.68,11.8,74.4,0.0,0.0,0.0,0.0,0.2,0.0,0.8,1.2,1.2,2.2,0.0,1.0,0.2,0.03,0.2,0.0,1.0,0.0,0.2,0.48,0.27,2.68,0.0,0.6002241923978396,5.0,0.284,0.235,0.481,,,0.7678607694551232,-8.433620468650812e-10,0,,5.071443075290406,Welbeck,2.47
94,2576,0,0,14,0,14.2,173,0.09,0.12,0.03,2.5,368,2,0,4.6,26.8,2024-05-11,90,18,0,0,0,0,37,0,28970,1,1,2,5.0,1,-2918,844,3762,4.4,False,0,,,Burnley,0,1,0.0325727984309196,90,,Tottenham Hotspur,Burnley,2,1,22262,2023,660644,0.0377850756049156,0,1,0,0.0325727984309196,0.4168872237205505,0.4168872237205505,,Burnley,,,2,4,37,1.8,DEF,0.0,0.03,0.06,0.03,3.58,4.0,1.0,8.7,62.8,0.8,23.0,90.0,0.0,0.0,0.0,0.0,0.0,0.0,1.0,4.0,1.0,6.0,1.0,2.0,0.03,0.0,0.0,0.0,0.0,1.0,0.03,0.09,0.09,2.0,0.0,0.02,0.07,0.05,2.91,2.0,0.33,4.6,34.07,2.13,9.67,90.0,0.0,0.0,0.0,0.0,0.0,0.0,1.0,3.0,1.0,3.33,0.33,1.0,0.02,0.0,0.0,0.0,0.0,0.33,0.02,0.2,0.2,1.7,0.0,0.03,0.07,0.03,2.14,1.6,0.2,3.86,26.8,4.76,7.0,85.2,0.0,0.0,0.0,0.2,0.0,0.0,1.0,2.0,1.0,3.0,0.2,0.8,0.01,0.06,0.2,0.2,0.2,0.2,0.01,0.2,0.14,2.22,-3032.0,-0.6335214937038646,1.0,0.699,0.165,0.136,,2.444916234893236,0.0474421759784347,0.0615287166444338,0,0.0,1.2472392058039097,,0.0
95,2612,0,0,2,0,0.4,293,0.0,0.03,0.03,0.52,361,2,0,1.3,3.2,2024-05-13,15,2,0,0,0,0,37,0,1309233,0,3,3,9.0,1,-279534,3774,283308,7.5,False,0,,,Liverpool,0,1,0.0458601526916027,10,,Aston Villa,Liverpool,3,3,22256,2023,661865,0.0,0,0,0,0.0458601526916027,0.0458601526916027,0.0,,Liverpool,,,4,4,37,1.0,FWD,0.0,0.0,0.36,0.36,0.43,1.0,0.0,1.1,2.0,0.0,9.0,15.0,0.0,0.0,0.0,0.0,0.0,0.0,0.0,2.0,4.0,1.0,0.0,1.0,0.25,0.0,0.0,0.0,0.0,0.0,0.25,0.25,0.0,1.2,0.0,0.04,0.36,0.32,0.52,1.0,0.0,3.07,3.47,11.53,15.67,38.67,0.0,0.0,0.0,0.0,0.33,0.0,0.33,1.33,2.67,1.0,0.0,1.0,0.25,0.16,0.0,0.0,1.0,0.0,0.25,0.44,0.16,3.67,0.0,0.04,0.28,0.24,0.63,0.8,0.0,3.16,4.0,8.82,18.8,39.4,0.0,0.0,0.0,0.0,0.2,0.0,0.4,1.6,1.8,1.2,0.0,1.2,0.27,0.1,0.0,0.0,0.6,0.0,0.27,0.31,0.13,4.38,-294081.0,-0.9737078604719208,1.0,0.225,0.218,0.556,,,0.1470642080025259,-8.433620468650812e-10,0,,1.5882568294800177,,0.0
96,2646,0,0,2,0,0.3,200,0.0,0.0,0.0,0.0,368,0,0,0.0,0.0,2024-05-11,3,18,0,0,0,0,37,0,23027,0,1,2,0.0,1,-4676,389,5065,5.0,False,0,200.0,,Burnley,0,0,0.0,1,Sub,Tottenham Hotspur,Burnley,2,1,22262,2023,660655,0.0,0,0,0,0.0,0.0,0.0,11295.0,Mainz 05,David Datro Fofana,David Datro Fofana,2,4,37,0.0,FWD,0.0,0.0,0.0,0.0,0.35,0.0,0.0,1.2,2.2,10.1,0.0,5.0,0.0,0.0,0.0,0.0,0.0,0.0,0.0,4.0,1.0,1.0,0.0,0.0,0.0,0.02,0.0,0.0,1.0,0.0,0.0,0.02,0.0,0.7,0.0,0.01,0.06,0.05,0.78,0.0,0.0,1.93,4.8,7.8,7.0,22.33,0.0,0.0,0.0,0.0,0.0,0.0,0.33,3.0,1.0,1.0,0.0,0.33,0.04,0.01,0.0,0.0,0.67,0.0,0.04,0.05,0.0,1.03,0.2,0.01,0.23,0.22,0.72,0.2,0.0,2.36,4.32,5.18,14.6,37.6,0.0,0.0,0.0,0.0,0.0,0.0,0.6,2.0,1.0,1.4,0.0,0.8,0.2,0.01,0.0,0.0,0.4,0.0,0.2,0.18,0.0,1.56,-4846.0,-0.8573524019068574,1.0,0.699,0.165,0.136,,,-6.041389832844857e-09,0.0146748664402671,0,,1.044024575155242,,0.0
97,2686,0,0,23,1,0.0,113,0.0,0.0,0.0,0.64,365,0,0,1.4,13.8,2024-05-12,90,14,0,0,0,0,37,2,1116968,1,1,0,0.0,5,-23516,30691,54207,5.2,False,1,,,Arsenal,0,0,0.0,90,,Manchester United,Arsenal,0,1,22259,2023,661291,0.0,0,0,0,0.0,0.1206570342183113,0.1206570342183113,,Arsenal,,,5,4,37,6.6,GK,1.0,0.0,0.0,0.0,0.37,0.0,0.0,1.5,15.2,0.0,0.0,90.0,0.0,0.0,0.0,0.0,0.0,2.0,1.0,0.0,3.0,6.0,0.0,0.0,0.0,0.0,0.0,0.0,0.0,0.0,0.0,0.0,0.0,5.8,0.67,0.0,0.0,0.0,1.45,0.67,0.0,0.7,7.0,0.0,0.0,90.0,0.0,0.0,0.0,0.0,0.0,1.0,1.0,1.0,3.33,4.33,0.0,0.0,0.0,0.0,0.0,0.0,0.0,0.0,0.0,0.24,0.24,8.23,0.6,0.0,0.0,0.0,1.12,0.8,0.0,0.96,9.64,0.0,0.0,90.0,0.0,0.0,0.0,0.0,0.0,1.2,1.0,1.4,2.0,4.8,0.0,0.0,0.0,0.0,0.0,0.0,0.0,0.0,0.0,0.18,0.18,8.62,-33869.0,-0.2769912129849937,5.0,0.135,0.172,0.694,1.3284286556728606,0.9879621267318726,,,0,1.0,5.949,,0.0
98,2705,0,0,19,0,0.0,385,0.0,0.0,0.0,1.57,370,1,0,4.9,48.6,2024-05-11,90,20,0,0,0,0,37,7,181838,1,3,1,0.0,3,-7847,9242,17089,4.4,False,1,385.0,,Crystal Palace,0,0,0.0,90,GK,Wolverhampton Wanderers,Crystal Palace,1,3,22264,2023,660579,0.0,0,0,0,0.0,0.0,0.0,7702.0,Crystal Palace,Dean Henderson,Dean Henderson,2,2,37,3.2,GK,1.0,0.0,0.0,0.0,0.35,0.0,0.0,1.4,14.4,0.0,0.0,90.0,0.0,0.0,0.0,0.0,0.0,2.0,1.0,0.0,4.0,6.0,0.0,0.0,0.0,0.0,0.0,0.0,0.0,0.0,0.0,0.13,0.13,4.4,0.67,0.0,0.0,0.0,0.64,0.33,0.0,1.43,14.6,0.0,0.0,90.0,0.0,0.0,0.0,0.0,0.0,1.67,1.0,0.33,2.33,4.67,0.0,0.0,0.0,0.0,0.0,0.0,0.0,0.0,0.0,0.04,0.04,4.93,0.6,0.0,0.0,0.0,1.21,0.6,0.0,1.7,17.08,0.0,0.0,90.0,0.2,0.0,0.0,0.0,0.0,2.0,1.0,0.8,2.4,4.4,0.0,0.0,0.0,0.0,0.0,0.0,0.0,0.0,0.0,0.03,0.03,5.06,-13225.0,-0.298013748053625,3.0,0.33,0.271,0.399,6.4644765966667945,2.21010684967041,,,0,1.0,7.049999999999999,,0.0
99,2743,0,0,13,1,15.3,540,0.1,0.24,0.14,0.64,365,0,0,4.2,15.2,2024-05-12,90,14,0,0,0,0,37,0,640135,1,1,0,11.0,3,10876,30655,19779,5.5,False,0,540.0,,Arsenal,0,2,0.1071730554103851,90,MC,Manchester United,Arsenal,0,1,22259,2023,661298,0.0258888453245162,0,1,0,0.1071730554103851,0.4569773375988006,0.347592681646347,5553.0,Arsenal,Declan Rice,Declan Rice,5,4,37,7.8,MID,1.0,0.21,0.55,0.34,0.37,0.0,1.0,13.5,61.4,39.3,34.0,90.0,0.0,0.0,0.0,0.0,0.0,0.0,1.0,0.0,3.0,14.0,1.0,3.0,0.52,0.2,1.0,1.0,3.0,1.0,0.52,1.48,0.84,7.6,0.67,0.26,0.46,0.2,1.45,0.67,0.33,9.7,43.67,28.0,25.33,90.0,0.0,0.0,0.0,0.0,0.0,0.0,1.0,1.0,3.33,9.67,0.33,2.33,0.27,0.3,1.33,1.0,2.0,0.33,0.27,0.76,0.44,6.83,0.6,0.19,0.35,0.16,1.12,0.8,0.2,8.52,33.2,29.14,22.8,90.0,0.0,0.0,0.0,0.0,0.2,0.0,1.0,1.4,2.0,6.6,0.2,2.6,0.2,0.25,0.8,0.6,2.2,0.2,0.2,0.73,0.45,6.36,12084.0,0.2156481738509735,3.0,0.135,0.172,0.694,,,0.0746254070475596,0.0716955652776754,1,0.0,1.588213731070824,Rice,4.12
100,2780,0,0,10,0,47.7,501,0.11,0.13,0.02,0.75,368,1,0,8.8,17.6,2024-05-11,74,6,0,0,0,0,37,0,226087,1,1,2,23.0,2,4844,10334,5490,6.7,True,0,501.0,,Tottenham Hotspur,0,1,0.0494970344007015,77,FWL,Tottenham Hotspur,Burnley,2,1,22262,2023,660635,0.2527066171169281,0,3,0,0.0494970344007015,0.3789338171482086,0.1081783771514892,6691.0,Tottenham Hotspur,Dejan Kulusevski,Dejan Kulusevski,2,4,37,3.7,MID,0.0,0.01,0.01,0.0,2.55,4.0,0.0,0.7,3.0,2.4,2.0,60.0,0.0,0.0,0.0,0.0,0.0,0.0,1.0,2.0,4.0,2.0,0.0,0.0,0.0,0.0,0.0,0.0,0.0,0.0,0.0,0.0,0.0,1.5,0.0,0.21,0.26,0.04,1.86,3.0,0.0,4.13,10.6,19.0,11.67,80.0,0.0,0.0,0.0,0.0,0.33,0.0,1.0,1.67,2.67,1.67,0.0,0.67,0.03,0.27,0.0,0.0,1.33,0.0,0.03,0.35,0.09,2.1,0.0,0.14,0.18,0.04,1.22,2.0,0.0,3.46,9.56,15.08,9.8,57.2,0.0,0.0,0.0,0.0,0.2,0.0,0.6,1.2,3.0,1.4,0.0,0.8,0.04,0.17,0.0,0.0,1.0,0.0,0.04,0.23,0.06,2.1,6104.0,0.3061172901921132,2.0,0.699,0.165,0.136,,,0.2055033181096055,0.2203301579532104,0,1.0,4.688507064407659,Kulusevski,2.47
101,2781,0,0,-7,0,1.7,501,0.01,0.54,0.53,0.86,339,1,0,6.3,3.2,2024-05-14,35,13,0,0,0,0,37,0,226087,0,2,0,58.0,1,4844,10334,5490,6.7,True,0,501.0,,Tottenham Hotspur,0,3,0.8228114247322083,35,Sub,Tottenham Hotspur,Manchester City,0,2,22233,2023,661911,0.0,0,0,0,0.8228114247322083,0.8173254728317261,0.0188954882323741,6691.0,Tottenham Hotspur,Dejan Kulusevski,Dejan Kulusevski,5,4,37,3.7,MID,0.0,0.11,0.13,0.02,0.75,1.0,0.0,8.8,17.6,47.7,23.0,74.0,0.0,0.0,0.0,0.0,0.0,0.0,1.0,1.0,2.0,2.0,0.0,1.0,0.05,0.25,0.0,0.0,3.0,0.0,0.05,0.38,0.11,3.7,0.0,0.1,0.14,0.04,1.75,2.33,0.0,4.77,9.0,24.73,14.0,74.67,0.0,0.0,0.0,0.0,0.0,0.0,1.0,1.0,2.67,2.0,0.0,0.67,0.04,0.14,0.0,0.0,1.67,0.0,0.04,0.24,0.11,2.53,0.0,0.16,0.2,0.05,1.34,2.2,0.0,4.9,12.0,22.56,14.4,69.2,0.0,0.0,0.0,0.0,0.2,0.0,0.8,1.2,2.8,1.6,0.0,1.0,0.05,0.21,0.0,0.0,1.4,0.0,0.05,0.31,0.08,2.3,0.0,0.3061172901921132,1.0,0.146,0.158,0.696,,,0.2639926581887792,1.159168760977991e-09,0,0.0,3.3199632944214024,Kulusevski,2.47
102,2837,0,0,6,0,0.4,41,0.01,1.01,1.0,1.73,361,3,0,2.2,9.8,2024-05-13,90,11,0,0,0,0,37,0,49517,1,3,3,12.0,1,-484,1195,1679,4.4,True,0,,,Aston Villa,0,2,0.9803867340087892,90,,Aston Villa,Liverpool,3,3,22256,2023,661840,0.0,0,0,0,0.9803867340087892,0.4424844980239868,0.4424844980239868,,Aston Villa,,,4,4,37,1.2,DEF,0.0,0.0,0.0,0.0,2.69,1.0,0.0,3.2,29.2,0.3,2.0,90.0,0.0,0.0,0.0,0.0,0.0,0.0,1.0,0.0,1.0,2.0,0.0,0.0,0.0,0.0,0.0,0.0,0.0,0.0,0.0,0.0,0.0,3.0,0.0,0.0,0.0,0.0,1.11,0.67,0.0,1.23,11.0,0.17,0.67,36.0,0.0,0.0,0.0,0.0,0.0,0.0,0.33,1.0,2.0,1.33,0.0,0.0,0.0,0.0,0.0,0.0,0.0,0.0,0.0,0.04,0.04,2.73,0.2,0.01,0.01,0.0,1.3,1.0,0.0,1.58,13.92,0.74,0.8,57.6,0.0,0.0,0.0,0.0,0.2,0.0,0.6,1.6,1.8,2.0,0.0,0.0,0.0,0.0,0.0,0.0,0.0,0.0,0.0,0.12,0.12,2.36,-368.0,-0.1684064022268615,1.0,0.225,0.218,0.556,,1.3275778732346797,0.0782982671289391,-5.277553949412095e-10,0,0.0,0.8057896011903684,,0.0
103,2872,0,0,18,0,5.6,377,0.08,0.1,0.02,1.71,365,1,0,2.9,22.4,2024-05-12,90,1,0,0,0,0,37,0,863812,1,1,0,1.0,2,17217,80554,63337,5.2,True,0,,,Manchester United,0,1,0.0228229071944952,90,,Manchester United,Arsenal,0,1,22259,2023,661279,0.0,0,0,0,0.0228229071944952,0.0527709238231182,0.0299480184912681,,Manchester United,,,5,4,37,1.4,DEF,0.0,0.03,0.03,0.0,1.47,4.0,0.0,3.9,14.0,23.0,2.0,90.0,0.0,0.0,0.0,0.0,0.0,0.0,1.0,0.0,4.0,0.0,0.0,0.0,0.0,0.09,0.0,0.0,2.0,0.0,0.0,0.16,0.15,1.0,0.0,0.05,0.09,0.04,1.43,2.33,0.0,4.4,13.6,20.97,9.33,90.0,0.0,0.0,0.0,0.0,0.0,0.0,1.0,1.0,3.0,1.0,0.0,1.0,0.03,0.16,0.0,0.0,1.67,0.0,0.03,0.63,0.6,1.73,0.0,0.07,0.1,0.03,1.93,2.2,0.0,4.22,16.32,19.74,6.0,90.0,0.0,0.0,0.0,0.0,0.0,0.0,1.0,1.4,2.6,1.0,0.0,0.6,0.02,0.16,0.0,0.0,1.4,0.0,0.02,0.47,0.44,1.9,31908.0,0.1196530707271476,2.0,0.135,0.172,0.694,,1.206108977236875,0.0221609622415792,-5.277553949412095e-10,0,0.0,1.5299657718662087,,0.0
104,2873,0,0,12,0,1.8,377,0.01,0.03,0.02,2.32,337,2,0,2.6,13.0,2024-05-15,90,15,0,0,0,0,37,0,863812,1,2,3,11.0,1,17217,80554,63337,5.2,True,0,,,Manchester United,0,1,0.015925271436572,90,,Manchester United,Newcastle United,3,2,22231,2023,662118,0.0,0,0,0,0.015925271436572,0.015925271436572,0.0,,Manchester United,,,3,4,37,1.4,DEF,0.0,0.08,0.1,0.02,1.71,1.0,0.0,2.9,22.4,5.6,1.0,90.0,0.0,0.0,0.0,0.0,0.0,0.0,1.0,1.0,0.0,2.0,0.0,1.0,0.02,0.0,0.0,0.0,0.0,0.0,0.02,0.05,0.03,1.4,0.0,0.04,0.05,0.01,1.75,2.0,0.0,2.53,13.73,10.13,1.33,90.0,0.0,0.0,0.0,0.0,0.0,0.0,1.0,0.67,1.67,1.33,0.0,0.67,0.02,0.03,0.0,0.0,0.67,0.0,0.02,0.1,0.08,1.5,0.0,0.06,0.09,0.03,1.55,2.0,0.0,3.9,15.6,17.12,6.2,90.0,0.0,0.0,0.0,0.0,0.0,0.0,1.0,1.2,2.2,1.2,0.0,0.8,0.02,0.1,0.0,0.0,1.2,0.0,0.02,0.4,0.37,1.68,0.0,0.1196530707271476,1.0,0.347,0.238,0.415,,1.349973681012084,0.0490285518245725,-5.277553949412095e-10,0,0.0,1.6191713093641684,,0.0
105,2956,1,0,21,1,26.3,246,0.75,0.81,0.06,0.43,363,0,0,8.8,31.4,2024-05-11,78,17,0,0,0,0,37,0,121591,1,0,1,30.0,4,21382,28027,6645,5.8,True,1,246.0,,Everton,0,2,0.0694508180022239,82,FW,Everton,Sheffield United,1,0,22257,2023,660544,1.110365867614746,1,2,0,0.0694508180022239,1.2798773050308228,0.7281890511512756,5555.0,Everton,Dominic Calvert-Lewin,Dominic Calvert-Lewin,2,2,37,4.5,FWD,0.0,0.01,1.04,1.03,0.71,1.0,1.0,9.5,36.0,4.6,54.0,79.0,0.0,0.0,0.0,0.0,0.0,0.0,1.0,1.0,1.0,8.0,1.0,2.0,0.9,0.0,0.0,0.0,0.0,0.0,0.14,0.14,0.0,2.8,0.67,0.01,0.53,0.53,1.15,0.33,0.67,8.2,28.73,3.1,50.0,78.33,0.0,0.0,0.0,0.0,0.0,0.0,1.0,0.33,1.67,5.33,0.67,2.33,0.65,0.0,0.0,0.0,0.0,0.33,0.39,0.16,0.06,4.87,0.6,0.01,0.59,0.58,1.0,0.2,0.8,8.32,32.44,5.98,44.8,69.2,0.0,0.0,0.0,0.0,0.0,0.0,0.8,0.4,1.4,6.2,0.8,2.6,0.64,0.02,0.0,0.0,0.4,0.4,0.33,0.22,0.04,4.52,23541.0,0.616693585602215,4.0,0.676,0.197,0.126,,,0.4340294734795316,0.140025867568617,0,,4.156195496623978,Calvert-Lewin,4.53
106,2995,0,0,27,0,2.3,85,0.04,0.43,0.39,1.44,362,2,1,7.6,32.8,2024-05-11,90,4,0,0,0,0,37,0,2017076,1,2,1,41.0,6,-586685,26931,613616,7.0,True,0,85.0,,Bournemouth,1,4,0.6958115696907043,90,FW,Bournemouth,Brentford,1,2,22255,2023,660697,0.0,0,0,1,0.6958115696907043,0.8297272324562073,0.1339156776666641,1679.0,Bournemouth,Dominic Solanke,Dominic Solanke,2,2,37,3.6,FWD,0.0,0.01,0.13,0.12,3.98,3.0,0.0,3.2,4.4,2.5,25.0,90.0,0.0,0.0,0.0,0.0,0.0,0.0,1.0,0.0,3.0,2.0,0.0,1.0,0.26,0.0,0.0,0.0,0.0,0.0,0.26,0.26,0.0,2.8,0.67,0.07,0.25,0.18,1.78,1.0,0.0,4.63,9.07,12.7,24.33,88.67,0.0,0.0,0.0,0.0,0.0,0.0,1.0,0.33,2.0,2.0,0.0,2.33,0.28,0.14,0.0,0.0,1.0,0.0,0.28,0.56,0.13,4.9,0.4,0.06,0.39,0.33,1.77,1.6,0.4,6.02,21.16,12.94,25.8,89.2,0.0,0.0,0.0,0.0,0.0,0.0,1.0,0.8,2.2,3.8,0.4,2.6,0.39,0.12,0.0,0.0,1.0,0.2,0.23,0.48,0.16,5.46,-632388.0,-0.9159124935406768,6.0,0.489,0.238,0.272,,,0.6435375063936568,-8.433620468650812e-10,0,,4.574150023044541,Solanke,4.53
107,3028,0,0,-2,0,12.5,309,0.02,0.28,0.26,0.52,361,2,0,4.0,4.4,2024-05-13,14,2,0,0,0,0,37,0,358167,0,3,3,23.0,1,-3928,1067,4995,7.1,False,0,309.0,,Liverpool,0,2,0.4522905647754669,9,Sub,Aston Villa,Liverpool,3,3,22256,2023,661863,0.0265225265175104,0,1,0,0.4522905647754669,0.4391323328018188,0.0,9788.0,Liverpool,Dominik Szoboszlai,Dominik Szoboszlai,4,4,37,1.2,MID,0.0,0.05,0.11,0.06,0.11,0.0,0.0,2.0,1.4,14.5,4.0,7.0,0.0,0.0,0.0,0.0,0.0,0.0,0.0,2.0,4.0,1.0,0.0,1.0,0.09,0.02,0.0,0.0,1.0,0.0,0.09,0.34,0.25,1.2,0.0,0.04,0.07,0.03,0.3,0.67,0.0,1.87,2.33,9.27,7.33,23.33,0.0,0.0,0.0,0.0,0.0,0.0,0.33,1.33,2.67,1.33,0.0,0.67,0.04,0.03,0.0,0.0,0.67,0.0,0.04,0.31,0.26,2.53,0.0,0.1,0.12,0.02,0.34,0.4,0.0,2.26,2.76,14.18,5.8,23.8,0.0,0.0,0.0,0.0,0.0,0.0,0.2,1.6,1.8,1.2,0.0,0.6,0.03,0.13,0.0,0.0,1.0,0.0,0.03,0.39,0.36,2.86,-3458.0,-0.6479709666776642,1.0,0.225,0.218,0.556,,,0.3111257575144799,0.050278834647442,0,0.0,2.706465291514726,,0.0
108,3066,0,0,10,0,11.9,43,0.02,0.14,0.12,1.59,361,3,0,1.9,2.6,2024-05-13,79,11,0,0,0,0,37,0,530945,1,3,3,4.0,2,-29610,4178,33788,5.4,True,0,,,Aston Villa,0,1,0.0785766839981079,85,,Aston Villa,Liverpool,3,3,22256,2023,661844,0.0475130416452884,0,1,0,0.0785766839981079,0.462248831987381,0.3361591100692749,,Aston Villa,,,4,4,37,1.2,MID,0.0,0.01,0.01,0.0,2.69,1.0,0.0,1.4,10.2,3.7,0.0,90.0,0.0,0.0,0.0,0.0,0.0,0.0,1.0,0.0,1.0,2.0,0.0,0.0,0.0,0.0,0.0,0.0,0.0,0.0,0.0,0.0,0.0,1.3,0.0,0.08,0.08,0.0,1.77,1.67,0.0,2.13,6.13,14.2,1.33,84.67,0.0,0.0,0.0,0.0,0.67,0.0,1.0,1.67,2.0,1.33,0.0,0.0,0.0,0.05,0.0,0.0,0.67,0.0,0.0,0.18,0.18,1.5,0.2,0.09,0.13,0.04,1.82,1.6,0.0,3.08,6.8,19.8,4.2,81.4,0.0,0.0,0.0,0.0,0.6,0.0,1.0,1.2,2.4,1.6,0.0,0.2,0.1,0.08,0.0,0.0,1.2,0.0,0.1,0.3,0.27,1.76,-32683.0,-0.7799083390401939,2.0,0.225,0.218,0.556,,,0.026860527218534,0.0513991554381616,1,0.0,1.2885001024071547,,0.0
109,3101,0,0,16,1,37.8,259,0.47,0.47,0.0,0.35,363,0,0,5.0,9.8,2024-05-11,68,17,0,0,0,0,37,0,40670,1,0,1,2.0,3,983,6661,5678,5.4,True,0,259.0,,Everton,0,0,0.0,72,ML,Everton,Sheffield United,1,0,22257,2023,660542,0.1252473443746566,0,3,0,0.0,0.7559818029403687,0.7281890511512756,6756.0,Everton,Dwight McNeil,Dwight McNeil,2,2,37,5.3,MID,0.0,0.3,0.3,0.0,0.96,1.0,0.0,2.2,5.6,12.5,4.0,90.0,0.0,0.0,0.0,0.0,0.0,0.0,1.0,1.0,1.0,2.0,0.0,0.0,0.0,0.14,0.0,0.0,1.0,0.0,0.0,0.14,0.0,5.1,0.67,0.33,0.44,0.11,1.29,0.33,0.0,7.93,18.67,46.47,14.33,90.0,0.0,0.0,0.0,0.0,0.0,0.0,1.0,0.33,1.33,3.67,0.0,2.67,0.12,0.3,0.33,0.33,3.0,0.0,0.12,0.39,0.18,6.13,0.6,0.3,0.38,0.08,1.53,1.4,0.2,8.48,24.84,48.28,11.8,90.0,0.0,0.0,0.0,0.0,0.0,0.0,1.0,0.2,2.4,4.6,0.2,2.0,0.1,0.25,0.2,0.2,3.0,0.2,0.1,0.31,0.11,5.94,1087.0,0.0796660993597536,3.0,0.676,0.197,0.126,,,0.0068585363067252,0.1714545487291503,0,0.0,2.548656327721077,McNeil,0.41
110,3128,0,1,29,0,33.1,226,0.64,1.43,0.79,1.5,370,1,1,10.6,39.6,2024-05-11,87,20,0,0,0,0,37,0,519962,1,3,1,33.0,8,-68402,17853,86255,6.0,False,0,226.0,,Crystal Palace,1,3,0.3469248414039612,90,AMC,Wolverhampton Wanderers,Crystal Palace,1,3,22264,2023,660588,0.8263312578201294,0,2,1,0.3469248414039612,1.2056305408477783,0.7622533440589905,8706.0,Crystal Palace,Eberechi Eze,Eberechi Eze,2,2,37,5.0,MID,1.0,0.08,0.28,0.2,0.35,0.0,0.0,7.3,19.6,26.5,27.0,84.0,0.0,0.0,0.0,0.0,0.0,0.0,1.0,0.0,4.0,3.0,0.0,3.0,0.23,0.1,0.0,0.0,2.0,0.0,0.23,0.63,0.34,5.4,0.67,0.18,0.61,0.43,0.57,0.33,0.33,10.07,29.47,35.83,35.33,82.0,0.0,0.0,0.0,0.0,0.0,0.0,1.0,0.67,3.67,5.67,0.33,5.0,0.63,0.22,0.33,0.33,2.33,0.33,0.63,1.21,0.47,9.13,0.6,0.26,0.64,0.38,1.09,0.6,0.4,9.04,28.8,31.86,29.6,77.0,0.0,0.0,0.0,0.0,0.0,0.0,1.0,1.4,2.6,5.8,0.4,3.4,0.47,0.32,0.2,0.2,2.0,0.4,0.47,1.02,0.32,6.64,-76244.0,-0.6570292388673301,7.0,0.33,0.271,0.399,,,0.2720002349020132,0.2294558354660487,0,0.0,4.048368680908212,Eze,2.88
111,3188,0,0,29,1,0.0,352,0.0,0.0,0.0,0.12,364,0,0,1.3,13.4,2024-05-11,90,10,0,0,0,0,37,1,1579516,1,4,0,0.0,6,52775,90137,37362,5.5,False,0,,,Manchester City,0,0,0.0,90,,Fulham,Manchester City,0,4,22258,2023,660330,0.0,0,0,0,0.0,0.0293077006936073,0.0293077006936073,,Manchester City,,,5,3,37,10.7,GK,0.0,0.0,0.0,0.0,0.35,1.0,0.0,0.8,8.2,0.0,0.0,90.0,0.0,0.0,0.0,0.0,0.0,0.0,1.0,1.0,5.0,2.0,0.0,0.0,0.0,0.0,0.0,0.0,0.0,0.0,0.0,0.2,0.2,4.0,0.33,0.0,0.0,0.0,0.7,0.33,0.0,1.6,16.0,0.0,0.0,75.0,0.0,0.0,0.0,0.0,0.0,1.33,1.0,2.33,1.67,3.33,0.0,0.0,0.0,0.0,0.0,0.0,0.0,0.0,0.0,0.1,0.1,3.27,0.2,0.0,0.0,0.0,0.78,0.6,0.0,1.22,12.28,0.0,0.0,74.0,0.0,0.0,0.0,0.0,0.2,1.2,1.0,1.8,2.2,2.4,0.0,0.0,0.0,0.0,0.0,0.0,0.0,0.0,0.0,0.13,0.13,3.34,61883.0,0.413924815096589,6.0,0.073,0.136,0.791,1.4040579720973487,0.8294111490249634,,,0,1.0,6.053,,0.0
112,3189,0,0,25,1,0.0,352,0.0,0.0,0.0,0.52,339,0,0,2.2,21.8,2024-05-14,68,18,0,0,0,0,37,3,1579516,1,2,0,0.0,7,52775,90137,37362,5.5,False,0,,,Manchester City,0,0,0.0,69,,Tottenham Hotspur,Manchester City,0,2,22233,2023,661914,0.0,0,0,0,0.0,0.2959517240524292,0.2959517240524292,,Manchester City,,,5,4,37,10.7,GK,1.0,0.0,0.0,0.0,0.12,0.0,0.0,1.3,13.4,0.0,0.0,90.0,0.0,0.0,0.0,0.0,0.0,1.0,1.0,4.0,0.0,6.0,0.0,0.0,0.0,0.0,0.0,0.0,0.0,0.0,0.0,0.03,0.03,10.7,0.33,0.0,0.0,0.0,0.58,0.33,0.0,1.07,10.73,0.0,0.0,75.0,0.0,0.0,0.0,0.0,0.0,0.67,1.0,2.33,1.67,3.0,0.0,0.0,0.0,0.0,0.0,0.0,0.0,0.0,0.0,0.08,0.08,5.9,0.4,0.0,0.0,0.0,0.54,0.4,0.0,1.48,14.96,0.0,0.0,81.0,0.0,0.0,0.0,0.0,0.0,1.2,1.0,2.4,2.0,3.6,0.0,0.0,0.0,0.0,0.0,0.0,0.0,0.0,0.0,0.13,0.13,4.5,0.0,0.413924815096589,7.0,0.146,0.158,0.696,2.671495096374182,0.889264702796936,,,0,1.0,6.444999999999999,,0.0
113,3246,0,0,4,0,1.4,314,0.0,0.08,0.08,3.24,369,3,0,1.7,4.4,2024-05-11,90,19,0,0,0,0,37,0,99947,1,1,3,11.0,2,3984,6941,2957,4.8,False,0,314.0,,Luton,0,1,0.0755766779184341,90,FW,West Ham United,Luton,3,1,22263,2023,660620,0.0,0,0,0,0.0755766779184341,0.0755766779184341,0.0,11718.0,Luton,Elijah Adebayo,Elijah Adebayo,2,3,37,2.5,FWD,0.0,0.0,0.33,0.33,1.43,1.0,1.0,6.6,44.2,0.5,21.0,79.0,0.0,0.0,0.0,0.0,0.0,0.0,1.0,1.0,1.0,9.0,1.0,1.0,0.25,0.0,0.0,0.0,0.0,1.0,0.25,0.25,0.0,2.0,0.0,0.0,0.22,0.22,1.08,1.33,0.33,4.33,16.53,1.7,25.0,60.33,0.0,0.0,0.0,0.0,0.0,0.0,0.67,1.67,1.33,5.0,0.33,1.67,0.18,0.0,0.33,0.0,0.0,0.33,0.18,0.12,0.01,3.77,0.2,0.0,0.35,0.35,1.17,1.6,1.0,8.08,37.92,4.3,38.6,67.6,0.0,0.0,0.0,0.0,0.0,0.0,0.8,1.8,2.4,7.6,1.0,2.2,0.53,0.01,0.2,0.0,0.2,1.0,0.53,0.62,0.22,5.52,4341.0,0.4025055566781167,2.0,0.526,0.225,0.249,,,0.1450442995220884,-8.433620468650812e-10,0,,2.580177195558268,Adebayo,1.23
114,3266,1,3,31,0,39.7,403,0.51,0.61,0.1,1.32,366,1,0,8.5,36.0,2024-05-11,90,5,0,0,0,0,37,0,190762,1,1,1,9.0,8,3748,11537,7789,4.2,True,0,403.0,,Newcastle United,0,2,0.0936033055186271,90,MC,Newcastle United,Brighton and Hove Albion,1,1,22260,2023,660663,0.6259520053863525,1,3,0,0.0936033055186271,1.0397045612335205,0.829460620880127,9154.0,Newcastle United,Elliot Anderson,Elliot Anderson,2,4,37,4.8,MID,0.0,0.01,0.01,0.0,0.48,1.0,0.0,2.1,7.2,11.4,2.0,21.0,0.0,0.0,0.0,0.0,1.0,0.0,0.0,4.0,1.0,0.0,0.0,0.0,0.0,0.03,0.0,0.0,1.0,0.0,0.0,0.03,0.0,2.0,0.0,0.03,0.1,0.08,0.88,1.33,0.0,2.77,6.27,9.47,11.67,58.33,0.0,0.0,0.0,0.0,0.67,0.0,0.67,1.67,2.67,1.0,0.0,1.0,0.05,0.03,0.0,0.0,0.67,0.0,0.05,0.16,0.12,2.03,0.2,0.07,0.19,0.12,0.72,0.8,0.0,3.6,7.44,12.16,16.2,62.6,0.0,0.0,0.0,0.0,0.4,0.0,0.6,1.2,2.4,1.4,0.0,1.6,0.09,0.03,0.0,0.0,0.8,0.0,0.09,0.14,0.1,1.82,4234.0,0.1939356307564938,5.0,0.602,0.199,0.199,,,0.0663177237002079,0.2061285472040759,0,1.0,2.949974260113267,,0.0
115,3267,0,0,1,0,5.6,403,0.01,0.1,0.09,1.17,337,2,0,1.5,0.0,2024-05-15,61,14,0,0,0,0,37,0,190762,1,2,3,12.0,1,3748,11537,7789,4.2,False,1,403.0,,Newcastle United,0,1,0.0657643526792526,65,MC,Manchester United,Newcastle United,3,2,22231,2023,662136,0.0,0,0,0,0.0657643526792526,0.0925629660487175,0.0267986115068197,9154.0,Newcastle United,Elliot Anderson,Elliot Anderson,3,4,37,4.8,MID,0.0,0.51,0.61,0.1,1.32,1.0,0.0,8.5,36.0,39.7,9.0,90.0,0.0,0.0,0.0,0.0,0.0,0.0,1.0,1.0,1.0,8.0,0.0,2.0,0.09,0.63,1.0,1.0,3.0,0.0,0.09,1.04,0.83,4.8,0.0,0.19,0.28,0.09,1.06,1.0,0.0,4.17,14.73,18.2,8.33,58.67,0.0,0.0,0.0,0.0,0.33,0.0,0.67,2.0,2.33,3.33,0.0,1.33,0.07,0.22,0.33,0.33,1.33,0.0,0.07,0.46,0.37,3.03,0.2,0.15,0.3,0.14,0.94,1.0,0.0,4.52,12.96,14.42,17.6,70.6,0.0,0.0,0.0,0.0,0.4,0.0,0.8,1.2,2.6,2.8,0.0,2.0,0.11,0.14,0.2,0.2,1.0,0.0,0.11,0.32,0.24,2.48,0.0,0.1939356307564938,1.0,0.347,0.238,0.415,,,0.0896637774773094,0.0013790007315501,1,0.0,0.4524558895811972,,0.0
116,3313,0,0,12,0,10.5,417,0.0,0.0,0.0,1.32,366,1,0,2.5,14.0,2024-05-11,90,5,0,0,0,0,37,0,18203,1,1,1,0.0,2,9302,10149,847,4.4,True,0,417.0,,Newcastle United,0,0,0.0,90,DC,Newcastle United,Brighton and Hove Albion,1,1,22260,2023,660658,0.0081362463533878,0,1,0,0.0,0.4460218250751495,0.437885582447052,1545.0,Newcastle United,Emil Krafth,Emil Krafth,2,4,37,2.8,DEF,0.0,0.01,0.01,0.0,1.08,1.0,0.0,1.9,16.6,0.8,2.0,90.0,0.0,0.0,0.0,0.0,0.0,0.0,1.0,4.0,1.0,2.0,0.0,0.0,0.0,0.0,0.0,0.0,0.0,0.0,0.0,0.76,0.76,3.0,0.0,0.01,0.01,0.0,0.71,1.0,0.0,2.17,19.8,1.33,0.67,75.0,0.0,0.0,0.0,0.0,0.0,0.0,0.67,1.67,2.67,1.33,0.0,0.0,0.0,0.0,0.0,0.0,0.0,0.0,0.0,0.29,0.29,3.17,0.4,0.03,0.05,0.02,0.83,0.6,0.0,2.2,16.24,3.78,2.0,81.0,0.0,0.0,0.0,0.0,0.2,0.0,0.8,1.2,2.4,3.0,0.0,0.4,0.02,0.05,0.0,0.0,0.2,0.0,0.02,0.27,0.21,2.84,10195.0,0.845943979628956,2.0,0.602,0.199,0.199,,1.2682673375208302,5.515961021274052e-10,0.0575611693153796,0,0.0,1.5386835112557151,Krafth,0.82
117,3314,0,0,16,0,15.4,417,0.13,0.18,0.05,1.44,337,3,0,4.9,22.4,2024-05-15,90,14,0,0,0,0,37,0,18203,1,2,3,11.0,1,9302,10149,847,4.4,False,0,417.0,,Newcastle United,0,1,0.0589776672422885,90,DC,Manchester United,Newcastle United,3,2,22231,2023,662131,0.0511445999145507,0,1,0,0.0589776672422885,0.1322287768125534,0.1322287768125534,1545.0,Newcastle United,Emil Krafth,Emil Krafth,3,4,37,2.8,DEF,0.0,0.0,0.0,0.0,1.32,1.0,0.0,2.5,14.0,10.5,0.0,90.0,0.0,0.0,0.0,0.0,0.0,0.0,1.0,1.0,1.0,2.0,0.0,0.0,0.0,0.01,0.0,0.0,1.0,0.0,0.0,0.45,0.44,2.8,0.0,0.0,0.0,0.0,0.86,0.67,0.0,1.87,14.0,4.07,0.67,75.0,0.0,0.0,0.0,0.0,0.0,0.0,0.67,2.0,2.33,1.67,0.0,0.0,0.0,0.0,0.0,0.0,0.33,0.0,0.0,0.43,0.43,3.17,0.2,0.01,0.02,0.0,0.84,0.8,0.0,2.02,16.6,3.0,0.6,81.0,0.0,0.0,0.0,0.0,0.0,0.0,0.8,1.2,2.6,2.4,0.0,0.2,0.01,0.0,0.0,0.0,0.2,0.0,0.01,0.27,0.27,3.0,0.0,0.845943979628956,1.0,0.347,0.238,0.415,,1.3666531484733846,0.0701078767141654,0.0625563233262411,0,0.0,1.925316230263716,Krafth,0.82
118,3362,0,0,15,0,0.0,49,0.0,0.0,0.0,1.73,361,3,0,2.6,26.0,2024-05-13,90,11,1,0,0,0,37,5,1140106,1,3,3,0.0,0,-102688,2706,105394,5.2,True,0,,,Aston Villa,0,0,0.0,90,,Aston Villa,Liverpool,3,3,22256,2023,661838,0.0,0,0,0,0.0,0.0440554842352867,0.0440554842352867,,Aston Villa,,,4,4,37,1.0,GK,0.0,0.0,0.0,0.0,0.52,0.0,0.0,0.5,5.2,0.0,0.0,45.0,0.0,0.0,0.0,0.0,0.0,1.0,1.0,2.0,2.0,1.0,0.0,0.0,0.0,0.0,0.0,0.0,0.0,0.0,0.0,0.22,0.22,3.3,0.33,0.0,0.0,0.0,1.28,0.33,0.0,2.27,22.8,0.0,0.0,75.0,0.0,0.0,0.0,0.0,0.0,3.0,1.0,1.67,1.67,4.33,0.0,0.0,0.0,0.0,0.0,0.0,0.0,0.0,0.0,0.57,0.57,4.3,0.4,0.0,0.0,0.0,1.38,0.8,0.0,1.98,19.88,0.0,0.0,81.0,0.0,0.0,0.0,0.0,0.0,2.4,1.0,1.6,2.0,4.8,0.0,0.0,0.0,0.0,0.0,0.0,0.0,0.0,0.0,0.37,0.37,4.04,-180134.0,-0.9499352451433858,0.0,0.225,0.218,0.556,2.8541471428470846,1.4702346324920654,,,0,1.0,6.215999999999999,,0.0
119,3377,0,0,0,0,0.3,804,0.0,0.03,0.03,0.69,362,2,0,0.1,0.0,2024-05-11,23,4,0,0,0,0,37,0,3404,0,2,1,4.0,1,-106,580,686,5.0,True,0,804.0,,Bournemouth,0,1,0.0532876439392566,19,,Bournemouth,Brentford,1,2,22255,2023,660698,0.0,0,0,0,0.0532876439392566,0.0532876439392566,0.0,6219.0,Bournemouth,Enes Ünal,Enes Ünal,2,2,37,3.0,FWD,0.0,0.0,0.0,0.0,0.1,1.0,0.0,0.0,0.2,0.2,0.0,10.0,0.0,0.0,0.0,0.0,0.0,0.0,0.0,0.0,3.0,1.0,0.0,0.0,0.0,0.0,0.0,0.0,0.0,0.0,0.0,0.0,0.0,2.0,0.33,0.0,0.22,0.22,0.32,0.33,0.33,3.9,22.93,3.67,12.67,26.33,0.0,0.0,0.0,0.0,0.33,0.0,0.33,0.33,2.0,4.33,0.33,1.33,0.23,0.24,0.33,0.33,0.33,0.33,0.23,0.28,0.12,2.03,0.2,0.0,0.22,0.22,0.2,0.2,0.2,3.28,14.36,2.26,16.6,20.2,0.0,0.0,0.0,0.0,0.2,0.0,0.2,0.8,2.2,3.0,0.2,1.4,0.27,0.14,0.2,0.2,0.2,0.2,0.27,0.28,0.07,1.64,-65.0,-0.0837282780410742,1.0,0.489,0.238,0.272,,,0.0634118451321461,0.0031544513782091,0,,1.2631107346632118,,0.0
120,3379,0,0,3,0,0.8,698,0.0,0.0,0.0,0.0,370,0,0,0.1,0.2,2024-05-11,1,8,0,0,0,0,37,0,1986,0,3,1,0.0,1,-9,33,42,5.0,True,0,698.0,,Wolverhampton Wanderers,0,0,0.0,1,,Wolverhampton Wanderers,Crystal Palace,1,3,22264,2023,660576,0.0,0,0,0,0.0,0.0,0.0,12047.0,Wolverhampton Wanderers,Enso González,Enso González,2,2,37,0.2,MID,,,,,,,,,,,,,,,,,,,,,,,,,,,,,,,,,,,,,,,,,,,,,,,,,,,,,,,,,,,,,,,,,,,,,,,,,,,,,,,,,,,,,,,,,,,,,,,,,,,,,,,0.0,-0.12,1.0,0.33,0.271,0.399,,,-1.5743444325977407e-09,1.159168760977991e-09,0,0.0,-4.39421588005473e-09,,0.0
121,3445,0,0,2,1,2.9,355,0.05,0.67,0.62,0.12,364,0,0,1.9,0.0,2024-05-11,81,10,0,0,0,0,37,0,7953038,1,4,0,17.0,2,831800,836569,4769,14.2,False,0,355.0,,Manchester City,0,3,0.494983971118927,85,FW,Fulham,Manchester City,0,4,22258,2023,660340,0.0,0,0,0,0.494983971118927,0.6965469717979431,0.2015629857778549,8260.0,Manchester City,Erling Haaland,Erling Haaland,5,3,37,17.9,FWD,0.0,0.05,2.16,2.11,0.35,1.0,4.0,30.2,142.6,14.9,144.0,82.0,0.0,0.0,0.0,0.0,0.0,0.0,1.0,1.0,5.0,21.0,4.0,8.0,2.73,0.08,0.0,0.0,1.0,2.0,1.21,1.29,0.0,10.0,0.33,0.08,1.53,1.45,0.26,0.33,2.0,16.57,71.87,13.67,80.0,63.33,0.0,0.0,0.0,0.0,0.0,0.0,0.67,1.33,3.33,12.0,2.0,5.0,1.65,0.1,0.33,0.0,1.0,1.0,0.89,1.14,0.15,6.9,0.4,0.09,1.13,1.04,0.51,0.6,1.4,12.6,50.96,11.08,64.8,74.0,0.0,0.0,0.0,0.0,0.0,0.0,0.8,1.6,2.4,9.2,1.4,4.2,1.22,0.14,0.2,0.0,0.8,0.8,0.77,1.03,0.12,5.6,897272.0,0.9886632958454272,2.0,0.073,0.136,0.791,,,0.3159222310675209,-8.433620468650812e-10,0,,3.263688921739998,Haaland,81.89
122,3446,0,3,56,1,1.8,355,0.02,1.74,1.72,1.33,339,0,2,12.3,69.0,2024-05-14,90,18,0,0,0,0,37,0,7953038,1,2,0,52.0,13,831800,836569,4769,14.2,False,0,355.0,,Manchester City,2,2,1.7057511806488037,90,FW,Tottenham Hotspur,Manchester City,0,2,22233,2023,661924,0.0,0,0,1,0.9445824027061462,0.9445824027061462,0.0,8260.0,Manchester City,Erling Haaland,Erling Haaland,5,4,37,17.9,FWD,1.0,0.05,0.67,0.62,0.12,0.0,0.0,1.9,0.0,2.9,17.0,81.0,0.0,0.0,0.0,0.0,0.0,0.0,1.0,4.0,0.0,2.0,0.0,3.0,0.49,0.0,0.0,0.0,0.0,0.0,0.49,0.7,0.2,17.9,0.33,0.05,1.1,1.05,0.19,0.33,1.67,13.23,59.87,6.93,65.67,63.67,0.0,0.0,0.0,0.0,0.0,0.0,0.67,2.33,1.67,9.33,1.67,4.33,1.24,0.03,0.0,0.0,0.33,1.0,0.73,0.88,0.12,10.7,0.4,0.09,1.2,1.11,0.4,0.6,1.4,12.54,50.96,11.18,63.4,72.2,0.0,0.0,0.0,0.0,0.0,0.0,0.8,2.4,2.4,9.2,1.4,4.0,1.28,0.14,0.2,0.0,0.8,0.8,0.82,1.1,0.14,8.52,0.0,0.9886632958454272,10.0,0.146,0.158,0.696,,,0.6985177380885677,-8.433620468650812e-10,0,,4.794070949824184,Haaland,81.89
123,3476,0,0,8,0,0.4,112,0.01,0.19,0.18,0.69,362,1,0,1.8,11.2,2024-05-11,90,3,0,0,0,0,37,0,153949,1,2,1,6.0,2,-1020,3001,4021,4.5,False,0,112.0,,Brentford,0,1,0.1212294921278953,90,DC,Bournemouth,Brentford,1,2,22255,2023,660705,0.0,0,0,0,0.1212294921278953,0.4685724675655365,0.3473429679870605,9678.0,Brentford,Ethan Pinnock,Ethan Pinnock,2,2,37,4.2,DEF,1.0,0.01,0.01,0.0,1.19,0.0,0.0,3.0,29.6,0.8,0.0,90.0,0.0,0.0,0.0,0.0,0.0,0.0,1.0,0.0,0.0,6.0,0.0,0.0,0.0,0.0,0.0,0.0,0.0,0.0,0.0,0.0,0.0,4.0,0.33,0.0,0.07,0.06,0.85,0.67,0.33,3.97,30.8,0.57,8.33,90.0,0.0,0.0,0.0,0.0,0.33,0.0,1.0,1.67,0.67,5.0,0.33,1.0,0.12,0.0,0.0,0.0,0.0,0.33,0.12,0.01,0.01,2.7,0.4,0.0,0.05,0.05,0.74,0.4,0.2,2.86,22.16,0.5,5.8,72.2,0.0,0.0,0.0,0.0,0.2,0.0,0.8,1.4,0.8,4.4,0.2,0.8,0.08,0.0,0.0,0.0,0.0,0.2,0.08,0.0,0.0,2.2,-1005.0,-0.1452577613215608,2.0,0.489,0.238,0.272,,1.949940278834473,0.0367086447193958,-5.277553949412095e-10,0,0.0,1.2452518667331085,Pinnock,0.41
124,3480,0,0,3,0,0.0,850,0.0,0.0,0.0,0.0,365,0,0,0.0,0.0,2024-05-12,2,1,0,0,0,0,37,0,487,0,1,0,0.0,1,121,182,61,4.5,True,0,850.0,,Manchester United,0,0,0.0,1,,Manchester United,Arsenal,0,1,22259,2023,661290,0.0,0,0,0,0.0,0.0,0.0,12568.0,Manchester United,Ethan Wheatley,Ethan Wheatley,5,4,37,0.2,FWD,0.0,0.0,0.0,0.0,0.32,0.0,0.0,0.2,2.0,0.0,0.0,10.0,0.0,0.0,0.0,0.0,0.0,0.0,0.0,0.0,4.0,1.0,0.0,0.0,0.0,0.0,0.0,0.0,0.0,0.0,0.0,0.0,0.0,0.5,0.0,0.0,0.0,0.0,0.11,0.0,0.0,0.07,0.67,0.0,0.0,3.67,0.0,0.0,0.0,0.0,0.0,0.0,0.0,0.67,2.67,0.67,0.0,0.0,0.0,0.0,0.0,0.0,0.0,0.0,0.0,0.0,0.0,0.5,0.0,0.0,0.0,0.0,0.06,0.0,0.0,0.04,0.4,0.0,0.0,2.2,0.0,0.0,0.0,0.0,0.0,0.0,0.0,0.4,1.6,0.4,0.0,0.0,0.0,0.0,0.0,0.0,0.0,0.0,0.0,0.0,0.0,0.3,227.0,0.4979423868312757,1.0,0.135,0.172,0.694,,,-6.041389832844857e-09,0.0039894962004309,0,,1.0119684644357334,,0.0
125,3541,0,0,12,0,1.7,48,0.02,0.02,0.0,1.73,361,3,0,2.0,16.4,2024-05-13,90,11,0,0,0,0,37,0,243542,1,3,3,2.0,1,-16454,4041,20495,4.5,True,0,48.0,,Aston Villa,0,0,0.0,90,DR,Aston Villa,Liverpool,3,3,22256,2023,661839,0.0,0,0,0,0.0,0.6955169439315796,0.6955169439315796,7726.0,Aston Villa,Ezri Konsa Ngoyo,Ezri Konsa Ngoyo,4,4,37,1.5,DEF,0.0,0.01,0.01,0.0,2.63,1.0,0.0,0.2,1.2,1.1,0.0,89.0,0.0,0.0,0.0,0.0,0.0,0.0,1.0,0.0,1.0,2.0,0.0,0.0,0.0,0.0,0.0,0.0,0.0,0.0,0.0,0.0,0.0,3.3,0.0,0.03,0.04,0.01,1.9,1.33,0.0,1.67,13.13,2.0,1.67,89.67,0.0,0.0,0.0,0.0,0.0,0.0,1.0,1.0,2.0,1.67,0.0,0.33,0.0,0.0,0.0,0.0,0.0,0.0,0.0,0.44,0.43,3.7,0.2,0.03,0.08,0.06,1.77,1.4,0.0,2.16,11.88,5.84,4.0,89.8,0.0,0.0,0.0,0.0,0.0,0.0,1.0,1.6,1.8,2.4,0.0,0.6,0.03,0.01,0.0,0.0,0.2,0.0,0.03,0.41,0.4,3.94,-19080.0,-0.6706064558200195,1.0,0.225,0.218,0.556,,1.7004999020172846,0.0008760268823102,-5.277553949412095e-10,0,0.0,1.155256159710595,,0.0
126,3577,0,0,-2,0,0.6,427,0.01,0.02,0.01,0.27,337,1,0,0.6,2.2,2024-05-15,27,14,0,0,0,0,37,0,817612,0,2,3,3.0,0,-591761,1464,593225,5.6,False,1,427.0,,Newcastle United,0,1,0.0112582044675946,24,Sub,Manchester United,Newcastle United,3,2,22231,2023,662142,0.0,0,0,0,0.0112582044675946,0.4155462980270386,0.4042880833148956,76.0,Newcastle United,Fabian Schär,Fabian Schär,3,4,37,0.2,DEF,0.0,0.01,0.01,0.0,1.31,1.0,0.0,0.4,3.8,0.6,0.0,45.0,0.0,0.0,0.0,0.0,0.0,0.0,1.0,1.0,5.0,1.0,0.0,0.0,0.0,0.0,0.0,0.0,0.0,0.0,0.0,0.1,0.1,6.0,0.33,0.03,0.05,0.02,0.97,1.0,0.33,4.07,29.47,3.9,7.67,75.0,0.0,0.0,0.0,0.0,0.0,0.0,1.0,0.33,3.67,5.0,0.33,0.67,0.04,0.03,0.0,0.0,0.33,0.33,0.04,0.21,0.21,5.37,0.4,0.04,0.05,0.01,1.12,0.8,0.2,4.02,27.24,8.12,5.0,81.0,0.0,0.0,0.0,0.0,0.0,0.0,1.0,0.6,2.4,4.8,0.2,0.6,0.02,0.03,0.0,0.0,0.4,0.2,0.02,0.19,0.19,4.04,-983551.0,-0.9950764180941636,0.0,0.347,0.238,0.415,,0.1202958498648376,0.0201263769250137,-5.277553949412095e-10,0,0.0,2.0607582599668164,,0.0
127,3604,0,0,6,0,7.4,125,0.01,0.09,0.08,1.93,366,1,0,1.8,6.0,2024-05-11,66,15,0,0,0,0,37,0,6633,1,1,1,5.0,2,451,668,217,4.7,False,0,125.0,,Brighton and Hove Albion,0,1,0.0783606618642807,72,AMR,Newcastle United,Brighton and Hove Albion,1,1,22260,2023,660678,0.0,0,0,0,0.0783606618642807,0.6617531180381775,0.5833925008773804,11362.0,Brighton and Hove Albion,Facundo Buonanotte,Facundo Buonanotte,2,4,37,3.6,MID,1.0,0.01,0.01,0.0,0.06,0.0,0.0,0.7,4.4,3.0,0.0,60.0,0.0,0.0,0.0,0.0,0.0,0.0,1.0,0.0,1.0,3.0,0.0,0.0,0.0,0.0,0.0,0.0,0.0,0.0,0.0,0.31,0.31,1.0,0.33,0.04,0.17,0.13,0.79,1.0,0.0,2.13,5.93,3.07,12.33,54.33,0.0,0.0,0.0,0.0,0.0,0.0,0.67,0.33,1.67,2.0,0.0,0.67,0.26,0.0,0.0,0.0,0.0,0.0,0.26,0.41,0.16,1.3,0.4,0.05,0.14,0.09,0.71,0.8,0.0,1.94,5.32,4.5,9.6,52.6,0.0,0.0,0.0,0.0,0.2,0.0,0.6,0.8,1.0,1.8,0.0,0.8,0.17,0.0,0.0,0.0,0.0,0.0,0.17,0.26,0.1,0.98,613.0,0.5096045197740113,2.0,0.602,0.199,0.199,,,0.0337782447409524,0.0022662448614916,0,0.0,1.1756899582892368,,0.0
128,3605,0,0,5,0,13.3,125,0.01,0.01,0.0,1.45,332,2,0,1.7,3.8,2024-05-15,69,7,0,0,0,0,37,0,6633,1,2,1,0.0,2,451,668,217,4.7,True,0,125.0,,Brighton and Hove Albion,0,0,0.0,79,AMR,Brighton and Hove Albion,Chelsea,1,2,22226,2023,662151,0.0272773373872041,0,1,0,0.0,0.0510947927832603,0.0510947927832603,11362.0,Brighton and Hove Albion,Facundo Buonanotte,Facundo Buonanotte,3,3,37,3.6,MID,0.0,0.01,0.09,0.08,1.93,1.0,0.0,1.8,6.0,7.4,5.0,66.0,0.0,0.0,0.0,0.0,0.0,0.0,1.0,1.0,1.0,2.0,0.0,1.0,0.08,0.0,0.0,0.0,0.0,0.0,0.08,0.66,0.58,3.6,0.33,0.02,0.18,0.16,1.42,1.33,0.0,2.63,7.2,5.23,14.0,72.0,0.0,0.0,0.0,0.0,0.0,0.0,1.0,0.33,1.67,2.33,0.0,1.0,0.29,0.0,0.0,0.0,0.0,0.0,0.29,0.59,0.31,1.93,0.2,0.03,0.13,0.09,1.0,1.0,0.0,1.86,5.24,4.68,8.8,51.2,0.0,0.0,0.0,0.0,0.0,0.0,0.6,1.0,1.2,1.8,0.0,0.6,0.17,0.0,0.0,0.0,0.0,0.0,0.17,0.38,0.21,1.5,0.0,0.5096045197740113,2.0,0.284,0.235,0.481,,,0.0004077878936419,0.0531962725091039,1,0.0,1.1616277569955216,,0.0
129,3620,0,0,0,0,0.0,394,0.0,0.0,0.0,0.0,337,0,0,0.0,0.0,2024-05-15,0,15,0,0,0,0,37,0,13826,0,2,3,0.0,0,-181,0,181,4.2,True,0,,,Rayo Vallecano,0,0,0.0,90,,Rayo Vallecano,Granada,2,1,23043,2023,662012,0.0381525605916976,0,1,0,0.0,0.0542287454009056,0.0160761848092079,,Rayo Vallecano,,,3,4,37,0.0,MID,0.0,0.0,0.0,0.0,0.0,0.0,0.0,0.0,0.0,0.0,0.0,0.0,0.0,0.0,0.0,0.0,0.0,0.0,0.0,3.0,4.0,0.0,0.0,2.0,0.15,0.16,0.0,0.0,3.0,0.0,0.15,0.23,0.01,0.0,0.0,0.0,0.0,0.0,0.0,0.0,0.0,0.0,0.0,0.0,0.0,0.0,0.0,0.0,0.0,0.0,0.0,0.0,0.0,1.33,3.0,0.0,0.0,1.67,0.1,0.08,0.0,0.0,1.33,0.0,0.1,0.15,0.0,0.0,0.0,0.0,0.0,0.0,0.0,0.0,0.0,0.0,0.0,0.0,0.0,0.0,0.0,0.0,0.0,0.0,0.0,0.0,0.0,1.6,2.2,0.0,0.2,1.8,0.24,0.07,0.0,0.2,1.4,0.2,0.24,0.3,0.02,0.0,-1519.0,-1.0,,,,,,,-1.5743444325977407e-09,1.159168760977991e-09,1,0.0,-1.000000004394216,,0.0
130,3669,0,0,3,0,1.3,329,0.31,0.38,0.07,2.14,369,2,0,1.7,0.4,2024-05-11,72,19,0,0,0,0,37,0,349,1,1,3,15.0,2,-3,31,34,5.0,False,0,329.0,,Luton,0,2,0.0855064541101455,78,DMR,West Ham United,Luton,3,1,22263,2023,660614,0.0,0,0,0,0.0855064541101455,0.1610831320285797,0.0755766779184341,12549.0,Luton,Fred Onyedinma,Fred Onyedinma,2,3,37,1.0,MID,0.0,0.01,0.01,0.0,1.17,1.0,0.0,1.6,4.6,11.4,0.0,69.0,0.0,0.0,0.0,0.0,0.0,0.0,1.0,1.0,1.0,2.0,0.0,0.0,0.0,0.03,0.0,0.0,1.0,0.0,0.0,0.09,0.07,1.0,0.0,0.0,0.0,0.0,1.21,1.67,0.0,1.03,4.73,4.37,1.33,42.0,0.0,0.0,0.0,0.0,0.0,0.0,0.33,2.33,1.33,1.33,0.0,0.0,0.0,0.01,0.0,0.0,0.33,0.0,0.0,0.03,0.02,0.8,0.0,0.02,0.04,0.02,1.44,1.8,0.0,2.2,6.52,5.82,9.6,48.2,0.0,0.0,0.0,0.0,0.0,0.0,0.4,1.8,2.2,1.4,0.0,0.6,0.02,0.03,0.0,0.0,0.4,0.0,0.02,0.08,0.04,0.42,27.0,-0.0461538461538461,2.0,0.526,0.225,0.249,,,0.1097285100030047,1.159168760977991e-09,0,0.0,1.5486425534925297,,0.0
131,3704,0,1,27,1,0.9,5,0.01,0.23,0.22,0.64,365,0,0,2.4,16.4,2024-05-12,90,14,0,0,0,0,37,0,2983805,1,1,0,7.0,7,-73465,47014,120479,5.4,False,0,,,Arsenal,0,1,0.1309861838817596,90,,Manchester United,Arsenal,0,1,22259,2023,661293,0.0,0,0,0,0.1309861838817596,0.1465458869934082,0.1465458869934082,,Arsenal,,,5,4,37,6.4,DEF,1.0,0.01,0.14,0.13,0.37,0.0,0.0,1.7,8.6,1.3,7.0,90.0,0.0,0.0,0.0,0.0,0.0,0.0,1.0,0.0,3.0,7.0,0.0,1.0,0.05,0.0,0.0,0.0,0.0,0.0,0.05,0.09,0.09,5.0,0.67,0.02,0.06,0.04,1.45,0.67,0.0,1.8,14.4,1.13,2.33,90.0,0.0,0.0,0.0,0.0,0.0,0.0,1.0,1.0,3.33,4.67,0.0,0.33,0.02,0.0,0.0,0.0,0.0,0.0,0.02,0.4,0.4,7.23,0.6,0.01,0.04,0.03,1.12,0.8,0.0,1.64,13.6,1.32,1.4,90.0,0.0,0.0,0.0,0.0,0.2,0.0,1.0,1.4,2.0,4.0,0.0,0.2,0.01,0.0,0.0,0.0,0.0,0.0,0.01,0.37,0.37,7.74,-108030.0,-0.4386153451189005,6.0,0.135,0.172,0.694,,1.0353367446576298,0.0662021485215116,-5.277553949412095e-10,0,0.0,1.879212889545804,,0.0
132,3731,0,0,4,0,0.3,8,0.0,0.0,0.0,0.02,365,0,0,0.5,2.4,2024-05-12,8,14,0,0,0,0,37,0,279726,0,1,0,2.0,1,-12857,1424,14281,7.7,False,0,,,Arsenal,0,0,0.0,5,,Manchester United,Arsenal,0,1,22259,2023,661302,0.0,0,0,0,0.0,0.0,0.0,,Arsenal,,,5,4,37,3.2,FWD,0.0,0.05,0.05,0.0,0.0,0.0,0.0,3.2,18.4,11.3,2.0,4.0,0.0,0.0,0.0,0.0,0.0,0.0,0.0,0.0,3.0,4.0,0.0,0.0,0.0,0.12,1.0,1.0,1.0,0.0,0.0,0.12,0.12,3.4,0.33,0.05,0.08,0.02,0.05,0.0,0.0,3.2,12.13,8.8,10.67,33.67,0.0,0.0,0.0,0.0,0.0,0.0,0.33,0.67,2.67,3.33,0.0,0.67,0.03,0.06,0.67,0.67,0.67,0.0,0.03,0.27,0.21,5.53,0.6,0.16,0.3,0.14,0.18,0.0,0.0,4.12,10.28,10.9,19.6,48.4,0.0,0.0,0.0,0.0,0.0,0.0,0.6,1.4,1.6,3.4,0.0,1.8,0.19,0.18,0.6,0.4,0.8,0.0,0.19,0.48,0.2,4.38,-12792.0,-0.8186564788283986,1.0,0.135,0.172,0.694,,,0.0043839459883849,0.0146748664402671,0,,1.0615603832743408,,0.0
133,3766,0,0,0,0,10.3,12,0.0,0.19,0.19,0.15,365,0,0,3.9,10.0,2024-05-12,24,14,0,0,0,0,37,0,454252,0,1,0,19.0,1,-13742,1008,14750,7.5,False,0,,,Arsenal,0,1,0.1206570342183113,21,,Manchester United,Arsenal,0,1,22259,2023,661303,0.0236772503703832,0,1,0,0.1206570342183113,0.1206570342183113,0.0,,Arsenal,,,5,4,37,2.0,MID,0.0,0.0,0.0,0.0,0.0,0.0,0.0,0.4,1.2,0.7,2.0,9.0,0.0,0.0,0.0,0.0,0.0,0.0,0.0,0.0,3.0,1.0,0.0,0.0,0.0,0.0,0.0,0.0,0.0,0.0,0.0,0.12,0.12,2.0,0.0,0.0,0.19,0.19,0.41,0.67,0.0,1.43,3.0,0.67,10.67,18.0,0.0,0.0,0.0,0.0,0.0,0.0,0.0,1.0,3.33,1.0,0.0,1.0,0.15,0.0,0.0,0.0,0.0,0.0,0.15,0.2,0.07,2.5,0.0,0.0,0.15,0.14,0.4,0.8,0.0,2.06,4.44,2.8,13.2,19.0,0.0,0.0,0.0,0.0,0.0,0.0,0.0,1.4,2.0,1.0,0.0,1.0,0.19,0.0,0.0,0.0,0.2,0.0,0.19,0.24,0.06,2.6,-14132.0,-0.8720649828658459,1.0,0.135,0.172,0.694,,,0.1721516630273722,0.0602554149831269,0,0.0,2.0415245600862417,,0.0
134,3787,0,0,12,0,0.3,330,0.0,0.0,0.0,3.24,369,3,0,2.7,24.4,2024-05-11,90,19,0,0,0,0,37,0,6490,1,1,3,2.0,1,-175,194,369,4.4,False,0,330.0,,Luton,0,0,0.0,90,DC,West Ham United,Luton,3,1,22263,2023,660612,0.0,0,0,0,0.0,0.0,0.0,12151.0,Luton,Gabriel Osho,Gabriel Osho,2,3,37,0.5,DEF,0.0,0.01,0.05,0.04,1.43,1.0,0.0,2.2,17.4,1.4,3.0,90.0,0.0,0.0,0.0,0.0,0.0,0.0,1.0,1.0,1.0,2.0,0.0,1.0,0.03,0.0,0.0,0.0,0.0,0.0,0.03,0.34,0.31,0.3,0.0,0.03,0.05,0.01,1.93,2.67,0.0,2.63,17.87,6.03,2.33,90.0,0.0,0.0,0.0,0.0,0.0,0.0,1.0,2.33,1.33,1.0,0.0,0.33,0.01,0.02,0.0,0.0,0.33,0.0,0.01,0.2,0.2,-0.0,0.0,0.02,0.03,0.01,2.29,2.6,0.0,2.8,19.12,5.76,3.0,88.0,0.0,0.0,0.0,0.0,0.0,0.0,1.0,1.8,1.8,1.0,0.0,0.4,0.01,0.02,0.0,0.0,0.4,0.0,0.01,0.13,0.12,0.72,-164.0,-0.3108348134991119,1.0,0.526,0.225,0.249,,1.8030557142031696,5.515961021274052e-10,-5.277553949412095e-10,0,0.0,1.0980000017263103,,0.0
135,3803,0,0,21,0,1.3,829,0.0,0.35,0.35,0.02,369,0,1,6.7,32.2,2024-05-11,15,12,0,0,0,0,37,0,136,0,1,3,33.0,6,2,8,6,4.5,True,0,829.0,,West Ham United,1,1,0.6298984289169312,10,,West Ham United,Luton,3,1,22263,2023,660609,0.0,0,0,1,0.6298984289169312,0.6298984289169312,0.0,12474.0,West Ham United,George Earthy,George Earthy,2,3,37,2.0,MID,0.0,0.0,0.0,0.0,0.0,0.0,0.0,0.1,0.4,0.1,0.0,9.0,0.0,0.0,0.0,0.0,0.0,0.0,0.0,2.0,0.0,1.0,0.0,0.0,0.0,0.0,0.0,0.0,0.0,0.0,0.0,0.0,0.0,0.2,0.0,0.0,0.0,0.0,0.0,0.0,0.0,0.03,0.13,0.03,0.0,3.0,0.0,0.0,0.0,0.0,0.0,0.0,0.0,0.67,0.0,0.33,0.0,0.0,0.0,0.0,0.0,0.0,0.0,0.0,0.0,0.0,0.0,0.07,0.0,0.0,0.0,0.0,0.0,0.0,0.0,0.02,0.08,0.02,0.0,1.8,0.0,0.0,0.0,0.0,0.0,0.0,0.0,0.4,0.0,0.2,0.0,0.0,0.0,0.0,0.0,0.0,0.0,0.0,0.0,0.0,0.0,0.04,6.0,0.1428571428571428,6.0,0.526,0.225,0.249,,,0.3405734380203018,0.00431986316669,0,0.0,2.715826779601579,,0.0
136,3827,0,0,2,0,0.3,503,0.0,0.0,0.0,0.0,368,0,0,0.0,0.0,2024-05-11,2,6,0,0,0,0,37,0,7199,0,1,2,0.0,1,114,231,117,4.8,True,0,503.0,,Tottenham Hotspur,0,0,0.0,1,Sub,Tottenham Hotspur,Burnley,2,1,22262,2023,660636,0.0,0,0,0,0.0,0.0,0.0,5681.0,Tottenham Hotspur,Giovani Lo Celso,Giovani Lo Celso,2,4,37,2.5,MID,0.0,0.02,0.05,0.03,0.61,0.0,0.0,2.7,8.6,11.2,7.0,15.0,0.0,0.0,0.0,0.0,0.0,0.0,0.0,2.0,4.0,1.0,0.0,1.0,0.02,0.05,0.0,0.0,1.0,0.0,0.02,0.08,0.06,1.0,0.0,0.06,0.09,0.03,0.21,0.0,0.0,3.33,8.0,18.97,6.33,7.0,0.0,0.0,0.0,0.0,0.0,0.0,0.0,1.67,2.67,1.0,0.0,1.0,0.03,0.03,0.0,0.0,1.0,0.0,0.03,0.08,0.08,1.67,0.0,0.04,0.06,0.02,0.19,0.2,0.0,2.2,5.64,12.38,4.0,8.8,0.0,0.0,0.0,0.0,0.0,0.0,0.0,1.2,3.0,1.0,0.0,0.8,0.02,0.02,0.0,0.0,0.6,0.0,0.02,0.05,0.05,1.48,151.0,0.3275862068965517,1.0,0.699,0.165,0.136,,,-1.5743444325977407e-09,1.159168760977991e-09,0,0.0,0.999999995605784,,0.0
137,3828,0,0,2,0,0.7,503,0.01,0.01,0.0,0.86,339,1,0,0.4,2.8,2024-05-14,5,13,0,0,0,0,37,0,7199,0,2,0,0.0,1,114,231,117,4.8,True,0,503.0,,Tottenham Hotspur,0,0,0.0,5,Sub,Tottenham Hotspur,Manchester City,0,2,22233,2023,661910,0.0,0,0,0,0.0,0.0,0.0,5681.0,Tottenham Hotspur,Giovani Lo Celso,Giovani Lo Celso,5,4,37,2.5,MID,0.0,0.0,0.0,0.0,0.0,0.0,0.0,0.0,0.0,0.3,0.0,2.0,0.0,0.0,0.0,0.0,0.0,0.0,0.0,1.0,2.0,1.0,0.0,0.0,0.0,0.0,0.0,0.0,0.0,0.0,0.0,0.0,0.0,2.5,0.0,0.06,0.08,0.02,0.21,0.0,0.0,2.63,7.2,13.73,5.33,7.0,0.0,0.0,0.0,0.0,0.0,0.0,0.0,1.0,2.67,1.0,0.0,0.67,0.02,0.03,0.0,0.0,1.0,0.0,0.02,0.08,0.08,1.83,0.0,0.04,0.06,0.02,0.16,0.2,0.0,2.14,5.52,12.1,3.8,6.4,0.0,0.0,0.0,0.0,0.0,0.0,0.0,1.2,2.8,1.0,0.0,0.6,0.02,0.02,0.0,0.0,0.6,0.0,0.02,0.05,0.05,1.76,0.0,0.3275862068965517,1.0,0.146,0.158,0.696,,,-1.5743444325977407e-09,1.159168760977991e-09,0,0.0,0.999999995605784,,0.0
138,3850,0,0,10,0,25.1,679,0.05,0.05,0.0,1.23,367,1,0,3.6,8.8,2024-05-11,71,7,0,0,0,0,37,0,5531,1,3,2,2.0,2,-168,109,277,4.4,True,0,679.0,,Nottingham Forest,0,0,0.0,77,,Nottingham Forest,Chelsea,2,3,22261,2023,660870,0.0581962577998638,0,2,0,0.0,0.3351996839046478,0.2770034372806549,9897.0,Nottingham Forest,Gonzalo Montiel,Gonzalo Montiel,3,2,37,1.0,DEF,0.0,0.02,0.02,0.0,2.15,1.0,0.0,0.1,0.0,2.6,2.0,82.0,0.0,0.0,0.0,0.0,1.0,0.0,1.0,3.0,1.0,1.0,0.0,0.0,0.0,0.0,0.0,0.0,0.0,0.0,0.0,0.46,0.46,1.0,0.0,0.15,0.16,0.01,0.93,0.67,0.0,1.37,2.8,8.37,3.67,46.67,0.0,0.0,0.0,0.0,0.33,0.0,0.33,2.0,1.33,1.0,0.0,0.33,0.01,0.21,0.0,0.0,0.67,0.0,0.01,0.38,0.16,0.07,0.0,0.11,0.11,0.0,0.8,0.8,0.0,2.0,10.64,7.46,2.6,48.4,0.0,0.0,0.0,0.0,0.2,0.0,0.4,1.8,1.2,1.6,0.0,0.2,0.01,0.19,0.2,0.2,0.6,0.0,0.01,0.3,0.1,0.68,-152.0,-0.4352331606217616,2.0,0.278,0.249,0.473,,0.641627617329529,0.006503814011189,0.072685387314191,0,0.0,0.936079046009707,,0.0
139,3889,0,0,16,0,0.0,520,0.0,0.0,0.0,0.75,368,1,0,1.6,16.4,2024-05-11,90,6,0,0,0,0,37,2,969663,1,1,2,0.0,2,65696,90045,24349,5.3,True,0,520.0,,Tottenham Hotspur,0,0,0.0,90,GK,Tottenham Hotspur,Burnley,2,1,22262,2023,660625,0.0,0,0,0,0.0,0.1769837439060211,0.1769837439060211,8858.0,Tottenham Hotspur,Guglielmo Vicario,Guglielmo Vicario,2,4,37,3.7,GK,0.0,0.0,0.0,0.0,3.22,4.0,0.0,5.6,56.4,0.0,0.0,90.0,0.0,0.0,0.0,0.0,0.0,8.0,1.0,2.0,4.0,2.0,0.0,0.0,0.0,0.0,0.0,0.0,0.0,0.0,0.0,0.54,0.54,1.0,0.0,0.0,0.0,0.0,2.08,3.0,0.0,2.9,29.0,0.0,0.0,90.0,0.0,0.0,0.0,0.0,0.0,3.67,1.0,1.67,2.67,1.33,0.0,0.0,0.0,0.0,0.0,0.0,0.0,0.0,0.0,0.36,0.36,2.33,0.0,0.0,0.0,0.0,2.13,2.8,0.0,2.86,28.64,0.0,0.0,90.0,0.0,0.0,0.0,0.0,0.0,3.4,1.0,1.2,3.0,1.6,0.0,0.0,0.0,0.0,0.0,0.0,0.0,0.0,0.0,0.22,0.22,2.72,79975.0,0.5742958546776928,2.0,0.699,0.165,0.136,1.7533071553891233,1.3002257347106934,,,0,0.0,1.934,Vicario,8.64
140,3890,0,0,20,0,0.0,520,0.0,0.0,0.0,2.4,339,2,0,3.0,30.4,2024-05-14,90,13,0,0,0,0,37,3,969663,1,2,0,0.0,2,65696,90045,24349,5.3,True,0,520.0,,Tottenham Hotspur,0,0,0.0,90,GK,Tottenham Hotspur,Manchester City,0,2,22233,2023,661899,0.0,0,0,0,0.0,0.0998191460967063,0.0998191460967063,8858.0,Tottenham Hotspur,Guglielmo Vicario,Guglielmo Vicario,5,4,37,3.7,GK,0.0,0.0,0.0,0.0,0.75,1.0,0.0,1.6,16.4,0.0,0.0,90.0,0.0,0.0,0.0,0.0,0.0,2.0,1.0,1.0,2.0,2.0,0.0,0.0,0.0,0.0,0.0,0.0,0.0,0.0,0.0,0.18,0.18,3.7,0.0,0.0,0.0,0.0,1.97,2.33,0.0,2.97,29.8,0.0,0.0,90.0,0.0,0.0,0.0,0.0,0.0,4.0,1.0,1.0,2.67,1.67,0.0,0.0,0.0,0.0,0.0,0.0,0.0,0.0,0.0,0.29,0.29,2.57,0.0,0.0,0.0,0.0,1.97,2.8,0.0,2.32,23.24,0.0,0.0,90.0,0.0,0.0,0.0,0.0,0.0,2.8,1.0,1.2,2.8,1.2,0.0,0.0,0.0,0.0,0.0,0.0,0.0,0.0,0.0,0.25,0.25,2.68,0.0,0.5742958546776928,2.0,0.146,0.158,0.696,3.694071749550033,1.4078519344329834,,,0,0.0,2.527,Vicario,8.64
141,3926,0,0,16,0,47.8,663,0.1,0.16,0.06,2.16,363,1,0,7.5,19.0,2024-05-11,90,9,0,0,0,0,37,0,20830,1,0,1,8.0,2,-1126,2105,3231,4.9,False,0,663.0,,Sheffield United,0,2,0.0375443287193775,90,,Everton,Sheffield United,1,0,22257,2023,660555,0.0987437069416046,0,2,0,0.0375443287193775,0.3392599821090698,0.2282038182020187,11839.0,Sheffield United,Gustavo Hamer,Gustavo Hamer,2,2,37,3.3,MID,0.0,0.16,0.3,0.14,1.49,3.0,0.0,10.4,30.0,60.3,14.0,90.0,0.0,0.0,0.0,0.0,0.0,0.0,1.0,3.0,1.0,2.0,0.0,3.0,0.11,0.31,0.0,0.0,5.0,0.0,0.11,0.69,0.42,3.3,0.0,0.26,0.32,0.06,2.43,4.0,0.0,9.0,25.73,56.6,7.67,86.0,0.0,0.0,0.0,0.0,0.0,0.0,1.0,2.0,3.33,3.0,0.0,1.67,0.06,0.38,0.33,0.33,4.67,0.0,0.06,0.57,0.36,5.13,0.0,0.21,0.29,0.08,1.97,3.6,0.2,7.92,25.36,43.96,9.8,85.0,0.0,0.0,0.0,0.0,0.0,0.0,1.0,2.0,2.6,3.8,0.2,1.4,0.06,0.3,0.2,0.2,3.6,0.2,0.06,0.55,0.35,5.4,-1215.0,-0.2110194902548725,2.0,0.676,0.197,0.126,,,0.0647412906586057,0.2714423154861509,0,0.0,3.138033399751481,,0.0
142,3935,0,0,0,0,0.0,87,0.0,0.0,0.0,0.0,362,0,0,0.0,0.0,2024-05-11,0,4,0,0,0,0,37,0,1412,0,2,1,0.0,0,-9,0,9,4.7,True,0,,,Napoli,0,0,0.0,8,,Napoli,Bologna,0,2,22662,2023,660762,0.0,0,0,0,0.0,0.0,0.0,,Napoli,,,2,2,37,0.0,MID,0.0,0.0,0.0,0.0,0.0,0.0,0.0,0.0,0.0,0.0,0.0,0.0,0.0,0.0,0.0,0.0,0.0,0.0,0.0,0.0,3.0,0.0,0.0,0.0,0.0,0.0,0.0,0.0,0.0,0.0,0.0,0.0,0.0,0.0,0.0,0.0,0.0,0.0,0.0,0.0,0.0,0.0,0.0,0.0,0.0,0.0,0.0,0.0,0.0,0.0,0.0,0.0,0.0,1.0,1.67,0.0,0.0,0.67,0.02,0.09,0.0,0.0,1.0,0.0,0.02,0.11,0.06,0.0,0.0,0.0,0.0,0.0,0.02,0.0,0.0,0.04,0.04,0.02,0.4,1.6,0.0,0.0,0.0,0.0,0.0,0.0,0.0,1.2,2.0,0.2,0.0,1.0,0.02,0.09,0.0,0.0,1.0,0.0,0.02,0.12,0.05,0.1,-11.0,-1.0,,,,,,,-1.5743444325977407e-09,1.159168760977991e-09,1,0.0,-1.000000004394216,,0.0
143,4028,0,0,5,0,0.1,465,0.0,0.0,0.0,0.58,367,2,0,0.3,2.8,2024-05-11,18,7,0,0,0,0,37,0,16427,0,3,2,0.0,0,-1824,88,1912,4.4,True,0,465.0,,Nottingham Forest,0,0,0.0,13,Sub,Nottingham Forest,Chelsea,2,3,22261,2023,660883,0.0,0,0,0,0.0,0.0,0.0,10758.0,Nottingham Forest,Harry Toffolo,Harry Toffolo,3,2,37,0.2,DEF,0.0,0.0,0.0,0.0,0.11,0.0,0.0,0.1,0.0,0.8,0.0,7.0,0.0,0.0,0.0,0.0,0.0,0.0,0.0,3.0,1.0,1.0,0.0,0.0,0.0,0.0,0.0,0.0,0.0,0.0,0.0,0.0,0.0,0.7,0.0,0.0,0.0,0.0,0.07,0.0,0.0,0.1,0.47,0.53,0.0,6.67,0.0,0.0,0.0,0.0,0.0,0.0,0.0,1.67,1.67,1.0,0.0,0.0,0.0,0.0,0.0,0.0,0.0,0.0,0.0,0.0,0.0,1.13,0.0,0.0,0.0,0.0,0.25,0.4,0.0,0.68,5.68,0.76,0.4,40.0,0.0,0.0,0.0,0.0,0.2,0.0,0.4,1.2,1.4,1.2,0.0,0.0,0.0,0.0,0.0,0.0,0.0,0.0,0.0,0.0,0.0,1.32,-2046.0,-0.912,0.0,0.278,0.249,0.473,,0.1418575122907701,5.515961021274052e-10,-5.277553949412095e-10,0,0.0,0.9290000017263104,,0.0
144,4063,0,0,3,0,0.3,288,0.01,0.01,0.0,0.89,364,1,0,0.3,0.2,2024-05-11,16,13,0,0,0,0,37,0,17084,0,4,0,2.0,1,-404,164,568,5.3,True,0,288.0,,Fulham,0,0,0.0,13,Sub,Fulham,Manchester City,0,4,22258,2023,660329,0.0,0,0,0,0.0,0.0,0.0,5596.0,Fulham,Harry Wilson,Harry Wilson,5,3,37,0.0,MID,0.0,0.01,0.01,0.0,0.02,0.0,0.0,0.1,0.2,0.3,0.0,1.0,0.0,0.0,0.0,0.0,0.0,0.0,0.0,0.0,0.0,1.0,0.0,0.0,0.0,0.0,0.0,0.0,0.0,0.0,0.0,0.0,0.0,1.0,0.0,0.01,0.05,0.04,0.09,0.67,0.0,0.8,1.2,0.4,6.33,8.33,0.0,0.0,0.0,0.0,0.0,0.0,0.0,1.33,0.67,1.0,0.0,0.67,0.02,0.0,0.0,0.0,0.0,0.0,0.02,0.03,0.01,0.77,0.0,0.04,0.06,0.02,0.14,0.6,0.0,1.08,2.12,4.32,4.2,13.2,0.0,0.0,0.0,0.0,0.0,0.0,0.0,1.4,0.4,1.0,0.0,0.4,0.01,0.01,0.0,0.0,0.2,0.0,0.01,0.04,0.03,0.82,-405.0,-0.5519125683060109,1.0,0.073,0.136,0.791,,,0.0169515771347599,1.159168760977991e-09,1,0.0,0.0847578891513056,,0.0
145,4083,0,0,-3,0,0.3,603,0.0,0.16,0.16,0.14,366,0,0,2.5,2.0,2024-05-11,22,5,0,0,0,0,37,0,132093,0,1,1,23.0,0,-4187,3086,7273,6.2,True,1,603.0,,Newcastle United,0,2,0.1548646390438079,17,Sub,Newcastle United,Brighton and Hove Albion,1,1,22260,2023,660670,0.0,0,0,0,0.1548646390438079,0.1548646390438079,0.0,6681.0,Newcastle United,Harvey Barnes,Harvey Barnes,2,4,37,3.2,MID,0.0,0.07,0.27,0.2,0.48,1.0,0.0,4.1,5.4,11.9,24.0,21.0,0.0,0.0,0.0,0.0,0.0,0.0,0.0,4.0,1.0,1.0,0.0,2.0,0.23,0.41,0.0,0.0,1.0,0.0,0.23,0.67,0.44,3.0,0.0,0.06,0.14,0.08,0.37,0.67,0.0,3.2,9.07,11.83,11.0,36.33,0.0,0.0,0.0,0.0,0.0,0.0,0.33,1.67,2.67,2.33,0.0,1.0,0.1,0.33,0.33,0.33,1.0,0.0,0.1,0.43,0.15,3.53,0.2,0.08,0.16,0.08,0.38,0.4,0.0,3.24,6.72,14.64,10.8,44.2,0.0,0.0,0.0,0.0,0.0,0.0,0.4,1.2,2.4,2.2,0.0,1.0,0.1,0.38,0.2,0.2,1.2,0.0,0.1,0.5,0.13,3.96,-4099.0,-0.4041895935901148,0.0,0.602,0.199,0.199,,,0.2173417992749498,1.159168760977991e-09,0,0.0,2.086708999852255,Barnes,0.82
146,4084,0,0,5,0,9.1,603,0.02,0.02,0.0,0.16,337,1,0,1.6,6.8,2024-05-15,13,14,0,0,0,0,37,0,132093,0,2,3,0.0,1,-4187,3086,7273,6.2,False,0,603.0,,Newcastle United,0,0,0.0,10,Sub,Manchester United,Newcastle United,3,2,22231,2023,662143,0.0,0,0,0,0.0,0.0188459418714046,0.0188459418714046,6681.0,Newcastle United,Harvey Barnes,Harvey Barnes,3,4,37,3.2,MID,0.0,0.0,0.16,0.16,0.14,0.0,0.0,2.5,2.0,0.3,23.0,22.0,0.0,0.0,0.0,0.0,1.0,0.0,0.0,1.0,1.0,0.0,0.0,2.0,0.15,0.0,0.0,0.0,0.0,0.0,0.15,0.15,0.0,3.2,0.0,0.06,0.18,0.12,0.23,0.33,0.0,3.77,9.6,11.2,17.0,22.33,0.0,0.0,0.0,0.0,0.33,0.0,0.0,2.0,2.33,1.67,0.0,1.33,0.13,0.33,0.33,0.33,1.0,0.0,0.13,0.46,0.15,3.07,0.2,0.08,0.19,0.11,0.39,0.4,0.0,3.62,7.04,14.48,14.6,43.6,0.0,0.0,0.0,0.0,0.2,0.0,0.4,1.2,2.6,2.0,0.0,1.4,0.13,0.38,0.2,0.2,1.2,0.0,0.13,0.49,0.09,3.7,0.0,-0.4041895935901148,1.0,0.347,0.238,0.415,,,-1.5743444325977407e-09,0.021447636873503,0,0.0,1.0643429027487867,Barnes,0.82
147,4118,1,0,21,0,29.0,295,0.2,0.2,0.0,2.84,361,1,0,5.4,21.0,2024-05-13,74,2,0,0,0,0,37,0,32741,1,3,3,4.0,4,3960,5601,1641,4.8,False,1,295.0,,Liverpool,0,0,0.0,80,MC,Aston Villa,Liverpool,3,3,22256,2023,661859,0.3647207021713257,1,2,0,0.0,0.2067035734653473,0.1442054212093353,7546.0,Liverpool,Harvey Elliott,Harvey Elliott,4,4,37,4.8,MID,0.0,0.74,1.08,0.34,1.05,2.0,1.0,18.3,71.0,64.4,48.0,82.0,0.0,0.0,0.0,0.0,0.0,0.0,1.0,2.0,4.0,12.0,1.0,4.0,0.27,0.42,1.0,1.0,5.0,1.0,0.27,1.78,1.25,4.2,0.0,0.29,0.52,0.23,0.69,1.33,0.33,8.77,29.6,29.83,28.33,66.33,0.0,0.0,0.0,0.0,0.0,0.0,0.67,1.33,2.67,5.0,0.33,3.0,0.28,0.15,0.33,0.33,2.0,0.33,0.28,0.82,0.45,4.13,0.0,0.18,0.39,0.21,0.58,1.0,0.2,6.98,22.44,21.54,25.8,59.4,0.0,0.0,0.0,0.0,0.0,0.0,0.6,1.6,1.8,4.2,0.2,2.8,0.22,0.1,0.4,0.4,1.4,0.2,0.22,0.55,0.28,4.02,4480.0,0.5468102734051367,4.0,0.225,0.218,0.556,,,0.0215286722516403,0.1538893411850124,1,0.0,1.569311384813239,,0.0
148,4177,0,0,-3,0,5.0,557,0.01,0.59,0.58,2.7,370,3,0,1.7,0.0,2024-05-11,90,8,0,0,0,0,37,0,202840,1,3,1,15.0,2,-7485,5087,12572,5.4,True,0,,,Wolverhampton Wanderers,0,1,0.5638590455055237,90,,Wolverhampton Wanderers,Crystal Palace,1,3,22264,2023,660574,0.0,0,0,0,0.5638590455055237,0.5638590455055237,0.0,,Wolverhampton Wanderers,,,2,2,37,3.4,MID,0.0,0.01,0.16,0.15,3.29,5.0,1.0,5.7,33.2,5.1,19.0,86.0,0.0,0.0,0.0,0.0,0.0,0.0,1.0,1.0,5.0,7.0,1.0,1.0,0.26,0.0,0.0,0.0,0.0,1.0,0.26,0.4,0.14,2.2,0.0,0.13,0.31,0.18,1.92,2.33,0.67,6.63,25.87,7.03,33.67,88.67,0.0,0.0,0.0,0.0,0.33,0.0,1.0,1.0,2.33,5.0,0.67,2.0,0.25,0.02,0.0,0.0,0.33,0.67,0.25,0.31,0.07,1.5,0.0,0.08,0.21,0.14,1.33,1.6,0.4,4.48,16.36,6.52,22.0,69.4,0.0,0.0,0.0,0.0,0.4,0.0,0.8,1.4,1.8,3.2,0.4,1.4,0.17,0.02,0.0,0.0,0.4,0.4,0.17,0.21,0.05,0.94,-8458.0,-0.4238631859108669,2.0,0.33,0.271,0.399,,,0.1398854789064301,1.159168760977991e-09,1,0.0,1.6994273980096568,,0.0
149,4195,0,0,0,0,0.0,609,0.0,0.0,0.0,0.0,367,0,0,0.0,0.0,2024-05-11,0,16,0,0,0,0,37,0,4516,0,3,2,0.0,0,-16,0,16,5.1,False,0,609.0,,Borussia Dortmund,0,0,0.0,43,Sub,Mainz 05,Borussia Dortmund,3,0,23356,2023,660866,0.0,0,0,0,0.0,0.0,0.0,11807.0,Chelsea,Ian Maatsen,Ian Maatsen,3,2,37,0.0,MID,0.0,0.0,0.0,0.0,0.0,0.0,0.0,0.0,0.0,0.0,0.0,0.0,0.0,0.0,0.0,0.0,0.0,0.0,0.0,2.0,2.0,0.0,0.0,1.0,0.06,0.0,0.0,0.0,0.0,0.0,0.06,0.19,0.13,0.0,0.0,0.0,0.0,0.0,0.0,0.0,0.0,0.0,0.0,0.0,0.0,0.0,0.0,0.0,0.0,0.0,0.0,0.0,0.0,1.67,1.67,0.0,0.33,1.33,0.18,0.04,0.0,0.0,0.67,0.33,0.18,0.39,0.2,0.0,0.0,0.0,0.07,0.07,0.15,0.2,0.0,0.34,1.0,0.36,2.0,11.4,0.0,0.0,0.0,0.0,0.0,0.0,0.2,1.2,1.6,0.2,0.2,1.2,0.18,0.12,0.0,0.0,0.8,0.2,0.18,0.63,0.44,0.16,-124.0,-1.0,,,,,,,-1.5743444325977407e-09,1.159168760977991e-09,1,0.0,-1.000000004394216,,0.0
150,4258,0,0,12,1,14.6,254,0.12,0.15,0.03,0.64,363,0,0,3.4,14.4,2024-05-11,90,17,0,0,0,0,37,0,6394,1,0,1,5.0,3,746,1486,740,4.8,True,0,254.0,,Everton,0,1,0.0244880653917789,90,MC,Everton,Sheffield United,1,0,22257,2023,660541,0.0783169642090797,0,1,0,0.0244880653917789,0.7342382073402405,0.655921220779419,668.0,Everton,Idrissa Gueye,Idrissa Gueye,2,2,37,6.1,MID,0.0,0.01,0.01,0.0,0.71,1.0,0.0,2.6,12.6,13.5,0.0,79.0,0.0,0.0,0.0,0.0,1.0,0.0,1.0,1.0,1.0,1.0,0.0,0.0,0.0,0.03,0.0,0.0,1.0,0.0,0.0,0.03,0.0,5.5,0.67,0.03,0.06,0.03,1.09,0.33,0.33,4.03,20.8,7.33,12.33,76.67,0.0,0.0,0.0,0.0,0.33,0.0,1.0,0.33,1.33,4.67,0.33,1.0,0.12,0.01,0.0,0.0,0.33,0.33,0.12,0.16,0.13,4.67,0.6,0.02,0.05,0.03,1.32,0.4,0.4,4.26,26.68,7.3,8.8,80.2,0.0,0.0,0.0,0.0,0.2,0.0,1.0,0.4,1.4,5.4,0.4,0.8,0.08,0.02,0.0,0.0,0.4,0.4,0.08,0.2,0.16,3.68,847.0,0.3351302785265049,3.0,0.676,0.197,0.126,,,0.0434662050893441,0.0447915608657696,1,0.0,1.3517057080440291,,0.0
151,4281,0,0,19,0,2.3,606,0.01,0.01,0.0,2.27,366,1,0,2.1,19.0,2024-05-11,90,15,0,0,0,0,37,0,25861,1,1,1,0.0,2,10342,10972,630,4.3,False,0,,,Brighton and Hove Albion,0,0,0.0,90,,Newcastle United,Brighton and Hove Albion,1,1,22260,2023,660675,0.0,0,0,0,0.0,0.8804138898849487,0.8804138898849487,,Brighton and Hove Albion,,,2,4,37,4.4,DEF,1.0,0.01,0.01,0.0,0.06,0.0,0.0,1.6,11.4,4.7,0.0,90.0,0.0,0.0,0.0,0.0,0.0,0.0,1.0,0.0,1.0,6.0,0.0,0.0,0.0,0.0,0.0,0.0,0.0,0.0,0.0,1.01,1.01,2.0,0.33,0.05,0.08,0.03,0.82,1.0,0.0,1.53,7.73,5.4,2.0,65.67,0.0,0.0,0.0,0.0,0.0,0.0,0.67,1.33,1.33,2.67,0.0,0.33,0.03,0.11,0.0,0.0,0.33,0.0,0.03,0.54,0.54,1.6,0.4,0.04,0.07,0.03,0.92,0.8,0.0,2.12,11.88,7.34,1.8,72.8,0.0,0.0,0.0,0.0,0.0,0.0,0.6,1.0,1.0,3.2,0.0,0.6,0.02,0.08,0.0,0.0,0.4,0.0,0.02,0.45,0.43,1.92,13216.0,0.8913980348215825,2.0,0.602,0.199,0.199,,1.0679818377724055,0.0003428520462591,0.0027929038898908,0,0.0,1.476435823947227,,0.0
152,4282,0,0,22,0,13.2,606,0.04,0.04,0.0,1.48,332,2,0,3.4,18.8,2024-05-15,90,7,0,0,0,0,37,0,25861,1,2,1,2.0,1,10342,10972,630,4.3,True,0,,,Brighton and Hove Albion,0,0,0.0,90,,Brighton and Hove Albion,Chelsea,1,2,22226,2023,662148,0.0095683978870511,0,1,0,0.0,1.155298948287964,1.1457306146621704,,Brighton and Hove Albion,,,3,3,37,4.4,DEF,0.0,0.01,0.01,0.0,2.27,1.0,0.0,2.1,19.0,2.3,0.0,90.0,0.0,0.0,0.0,0.0,0.0,0.0,1.0,1.0,1.0,2.0,0.0,0.0,0.0,0.0,0.0,0.0,0.0,0.0,0.0,0.88,0.88,4.4,0.33,0.01,0.04,0.03,1.44,1.0,0.0,1.67,12.8,2.57,1.33,84.33,0.0,0.0,0.0,0.0,0.0,0.0,1.0,0.33,1.67,3.0,0.0,0.33,0.03,0.0,0.0,0.0,0.0,0.0,0.03,0.7,0.7,2.8,0.2,0.03,0.05,0.02,1.27,1.0,0.0,1.92,11.88,6.06,1.2,72.8,0.0,0.0,0.0,0.0,0.0,0.0,0.6,1.2,1.2,2.4,0.0,0.2,0.02,0.08,0.0,0.0,0.4,0.0,0.02,0.55,0.53,2.34,0.0,0.8913980348215825,1.0,0.284,0.235,0.481,,0.5769772045297088,0.0028735357316238,0.0583497560688461,0,0.0,1.904290482596281,,0.0
153,4319,0,0,10,0,2.1,89,0.01,0.01,0.0,1.44,362,2,0,1.3,11.2,2024-05-11,90,4,0,0,0,0,37,0,228306,1,2,1,0.0,1,-46060,3193,49253,4.4,True,0,89.0,,Bournemouth,0,0,0.0,90,DC,Bournemouth,Brentford,1,2,22255,2023,660690,0.0,0,0,0,0.0,0.0404301919043064,0.0404301919043064,11486.0,Bournemouth,Illia Zabarnyi,Illia Zabarnyi,2,2,37,1.8,DEF,0.0,0.01,0.01,0.0,3.98,3.0,0.0,2.5,24.8,0.5,0.0,90.0,0.0,0.0,0.0,0.0,0.0,0.0,1.0,0.0,3.0,1.0,0.0,0.0,0.0,0.0,0.0,0.0,0.0,0.0,0.0,0.0,0.0,0.8,0.33,0.01,0.01,0.0,2.29,2.0,0.0,2.8,24.2,3.8,0.0,90.0,0.0,0.0,0.0,0.0,0.33,0.0,1.0,0.67,2.0,2.67,0.0,0.0,0.0,0.02,0.0,0.0,0.33,0.0,0.0,0.15,0.12,3.93,0.2,0.01,0.01,0.0,1.89,2.0,0.0,2.22,19.08,2.68,0.4,90.0,0.0,0.0,0.0,0.0,0.2,0.0,1.0,1.0,2.0,2.0,0.0,0.0,0.0,0.01,0.0,0.0,0.2,0.0,0.0,0.17,0.15,3.74,-53945.0,-0.8782366624718758,1.0,0.489,0.238,0.272,,1.1653743370904288,5.515961021274052e-10,-5.277553949412095e-10,0,0.0,1.417000001726311,Zabarnyi,0.41
154,4340,0,0,-4,0,0.1,271,0.0,0.0,0.0,4.04,364,4,0,1.2,11.8,2024-05-11,90,13,0,0,0,1,37,0,45213,1,4,0,0.0,-3,125,456,331,4.4,True,0,271.0,,Fulham,0,0,0.0,90,DC,Fulham,Manchester City,0,4,22258,2023,660317,0.0,0,0,0,0.0,0.0,0.0,3203.0,Fulham,Issa Diop,Issa Diop,5,3,37,0.2,DEF,1.0,0.01,0.01,0.0,0.63,0.0,0.0,2.9,28.0,0.9,0.0,90.0,0.0,0.0,0.0,0.0,0.0,0.0,1.0,0.0,0.0,6.0,0.0,0.0,0.0,0.0,0.0,0.0,0.0,0.0,0.0,0.15,0.15,2.0,0.33,0.01,0.03,0.03,0.86,0.67,0.0,2.37,21.67,0.5,1.33,63.0,0.0,0.0,0.0,0.0,0.0,0.0,0.67,1.0,0.67,3.0,0.0,0.33,0.02,0.0,0.0,0.0,0.0,0.0,0.02,0.08,0.08,0.83,0.2,0.01,0.03,0.02,1.22,1.0,0.0,2.52,22.88,0.46,1.6,73.8,0.0,0.0,0.0,0.0,0.0,0.0,0.8,1.2,1.2,2.4,0.0,0.4,0.02,0.0,0.0,0.0,0.0,0.0,0.02,0.06,0.06,1.0,199.0,0.1588310038119441,-3.0,0.073,0.136,0.791,,1.5521244170698425,5.515961021274052e-10,-5.277553949412095e-10,0,0.0,1.2240000017263106,,0.0
155,4385,0,0,3,0,1.8,117,0.02,0.21,0.19,0.69,362,1,0,2.4,4.0,2024-05-11,90,3,0,0,0,0,37,0,422138,1,2,1,18.0,1,-84423,4966,89389,7.7,False,1,117.0,,Brentford,0,3,0.1593859642744064,90,FW,Bournemouth,Brentford,1,2,22255,2023,660711,0.0,0,0,0,0.1593859642744064,0.186896726489067,0.0275107566267251,998.0,Brentford,Ivan Toney,Ivan Toney,2,2,37,1.2,FWD,1.0,0.02,0.07,0.05,1.19,0.0,0.0,4.7,11.0,13.8,22.0,90.0,0.0,0.0,0.0,0.0,0.0,0.0,1.0,0.0,0.0,2.0,0.0,2.0,0.03,0.1,0.0,0.0,1.0,0.0,0.03,0.1,0.0,1.0,0.33,0.02,0.2,0.18,0.77,0.33,0.0,3.87,8.47,5.57,24.67,63.0,0.0,0.0,0.0,0.0,0.0,0.0,0.67,1.0,1.33,1.67,0.0,1.67,0.2,0.03,0.0,0.0,0.33,0.0,0.2,0.2,0.0,1.17,0.4,0.14,0.42,0.27,0.78,0.4,0.0,4.6,7.52,9.9,28.6,73.8,0.0,0.0,0.0,0.0,0.0,0.0,0.8,0.8,1.0,2.4,0.0,3.2,0.31,0.15,0.2,0.2,0.8,0.0,0.31,0.42,0.05,1.7,-89619.0,-0.8947379577128928,1.0,0.489,0.238,0.272,,,0.215246804582367,-8.433620468650812e-10,0,,2.860987215799382,Toney,0.82
156,4493,0,0,7,0,18.3,576,0.16,0.21,0.05,2.16,363,1,0,3.5,10.6,2024-05-11,90,9,0,0,0,0,37,0,9740,1,0,1,6.0,1,470,732,262,4.3,False,1,576.0,,Sheffield United,0,1,0.0252318754792213,90,DC,Everton,Sheffield United,1,0,22257,2023,660552,0.0573688335716724,0,1,0,0.0252318754792213,0.1582242548465728,0.1329923868179321,8286.0,Sheffield United,Jack Robinson,Jack Robinson,2,2,37,0.1,DEF,0.0,0.04,0.11,0.07,1.49,3.0,0.0,3.1,9.6,12.8,9.0,90.0,0.0,0.0,0.0,0.0,0.0,0.0,1.0,3.0,1.0,1.0,0.0,2.0,0.08,0.05,0.0,0.0,1.0,0.0,0.08,0.35,0.22,-0.1,0.0,0.02,0.06,0.04,0.86,2.0,0.0,2.83,8.13,6.1,14.33,67.67,0.0,0.0,0.0,0.0,0.33,0.0,0.67,2.0,2.67,0.67,0.0,1.33,0.05,0.02,0.0,0.0,0.33,0.0,0.05,0.14,0.09,0.5,0.0,0.02,0.04,0.02,1.12,2.4,0.0,2.62,11.52,5.84,9.0,76.6,0.0,0.0,0.0,0.0,0.2,0.0,0.8,2.0,2.8,0.8,0.0,0.8,0.03,0.01,0.0,0.0,0.4,0.0,0.03,0.2,0.17,1.06,620.0,0.4728370221327967,1.0,0.676,0.197,0.126,,1.4633858656585006,0.020776185256224,0.0574572630527128,0,0.0,1.5650289006954825,,0.0
157,4544,0,1,24,0,15.6,608,0.06,0.48,0.42,2.23,368,1,1,9.1,41.0,2024-05-11,80,18,0,0,0,0,37,0,5669,1,1,2,34.0,7,-1877,179,2056,4.8,False,1,608.0,,Burnley,1,3,0.474456638097763,83,MR,Tottenham Hotspur,Burnley,2,1,22262,2023,660646,0.0325727984309196,0,1,1,0.474456638097763,0.8190957903862,0.3446391522884369,5355.0,Burnley,Jacob Bruun Larsen,Jacob Bruun Larsen,2,4,37,3.5,MID,0.0,0.04,0.14,0.1,3.12,4.0,0.0,6.6,17.6,25.3,23.0,61.0,0.0,0.0,0.0,0.0,0.0,0.0,1.0,4.0,1.0,2.0,0.0,3.0,0.38,0.02,0.0,0.0,1.0,0.0,0.38,0.41,0.03,2.7,0.33,0.05,0.21,0.16,2.24,1.67,0.33,6.73,23.2,20.27,24.0,63.33,0.0,0.0,0.0,0.0,0.0,0.0,1.0,3.0,1.0,3.67,0.33,2.67,0.37,0.03,0.0,0.0,1.0,0.33,0.37,0.61,0.23,3.2,0.2,0.05,0.24,0.19,1.62,1.4,0.2,5.3,15.32,18.52,19.2,68.6,0.0,0.0,0.0,0.0,0.0,0.0,1.0,2.0,1.0,3.0,0.2,2.0,0.33,0.04,0.0,0.0,1.0,0.2,0.33,0.47,0.14,3.48,-1955.0,-0.839821029082774,6.0,0.699,0.165,0.136,,,0.3005387503213679,0.1038453431152706,0,0.0,3.814229780952652,,0.0
158,4564,0,0,11,0,27.3,423,0.04,0.1,0.06,1.18,366,1,0,6.0,14.2,2024-05-11,67,5,0,0,0,0,37,0,22962,1,1,1,18.0,2,10397,11067,670,4.8,True,0,423.0,,Newcastle United,0,2,0.0274068769067525,73,FWR,Newcastle United,Brighton and Hove Albion,1,1,22260,2023,660664,0.0874242633581161,0,2,0,0.0274068769067525,0.6485459804534912,0.5873487591743469,6063.0,Newcastle United,Jacob Murphy,Jacob Murphy,2,4,37,9.6,MID,1.0,0.95,1.06,0.11,0.6,0.0,0.0,13.2,48.2,68.6,15.0,68.0,0.0,0.0,0.0,0.0,0.0,0.0,1.0,4.0,1.0,10.0,0.0,2.0,0.13,1.35,2.0,2.0,6.0,0.0,0.13,1.52,0.4,5.5,0.33,0.46,0.52,0.06,0.84,0.67,0.0,7.73,27.27,42.67,7.33,65.67,0.0,0.0,0.0,0.0,0.0,0.0,1.0,1.67,2.67,5.67,0.0,1.0,0.05,0.61,1.0,1.0,3.33,0.0,0.05,0.78,0.33,3.87,0.6,0.29,0.32,0.04,0.89,0.4,0.0,5.28,18.6,28.68,5.6,67.6,0.0,0.0,0.0,0.0,0.0,0.0,1.0,1.2,2.4,4.6,0.0,0.8,0.04,0.37,0.6,0.6,2.2,0.0,0.04,0.48,0.2,3.36,11208.0,0.8858311323166056,2.0,0.602,0.199,0.199,,,0.1158541954343752,0.1152563992500839,1,1.0,2.9250401749221275,J.Murphy,0.41
159,4565,1,0,28,0,30.1,423,0.39,0.39,0.0,1.17,337,2,0,6.0,28.0,2024-05-15,61,14,0,0,0,0,37,0,22962,1,2,3,2.0,5,10397,11067,670,4.8,False,0,423.0,,Newcastle United,0,0,0.0,65,FWR,Manchester United,Newcastle United,3,2,22231,2023,662137,0.5105834007263184,1,2,0,0.0,0.9449476599693298,0.5648263096809387,6063.0,Newcastle United,Jacob Murphy,Jacob Murphy,3,4,37,9.6,MID,0.0,0.04,0.1,0.06,1.18,1.0,0.0,6.0,14.2,27.3,18.0,67.0,0.0,0.0,0.0,0.0,0.0,0.0,1.0,1.0,1.0,2.0,0.0,2.0,0.03,0.09,0.0,0.0,2.0,0.0,0.03,0.65,0.59,9.6,0.33,0.47,0.55,0.08,1.06,0.67,0.0,9.63,31.73,51.0,13.33,66.67,0.0,0.0,0.0,0.0,0.0,0.0,1.0,2.0,2.33,5.67,0.0,1.67,0.06,0.64,1.0,1.0,4.0,0.0,0.06,1.0,0.53,6.27,0.4,0.29,0.34,0.05,0.89,0.6,0.0,6.34,21.4,33.92,8.0,68.2,0.0,0.0,0.0,0.0,0.0,0.0,1.0,1.2,2.6,4.4,0.0,1.0,0.04,0.39,0.6,0.6,2.6,0.0,0.04,0.61,0.32,4.64,0.0,0.8858311323166056,5.0,0.347,0.238,0.415,,,0.0153166400825133,0.1832804211166523,0,1.0,3.626424463762523,J.Murphy,0.41
160,4621,0,0,3,0,0.0,10,0.0,0.0,0.0,0.02,365,0,0,0.0,0.0,2024-05-12,1,14,0,0,0,0,37,0,75878,0,1,0,0.0,1,-18901,2579,21480,4.1,False,0,10.0,,Arsenal,0,0,0.0,1,Sub,Manchester United,Arsenal,0,1,22259,2023,661305,0.0,0,0,0,0.0,0.0,0.0,10012.0,Arsenal,Jakub Kiwior,Jakub Kiwior,5,4,37,2.6,DEF,0.0,0.0,0.0,0.0,0.02,0.0,0.0,0.0,0.0,0.0,0.0,1.0,0.0,0.0,0.0,0.0,0.0,0.0,0.0,3.0,2.0,1.0,0.0,0.0,0.0,0.0,0.0,0.0,0.0,0.0,0.0,0.0,0.0,1.7,0.67,0.02,0.02,0.0,0.29,0.0,0.0,1.1,6.07,4.3,0.67,52.0,0.0,0.0,0.0,0.0,0.0,0.0,0.67,1.67,0.67,4.33,0.0,0.0,0.0,0.03,0.0,0.0,0.33,0.0,0.0,0.12,0.09,4.57,0.6,0.04,0.05,0.01,0.41,0.2,0.0,2.5,11.52,10.28,3.2,64.8,0.0,0.0,0.0,0.0,0.0,0.0,0.8,2.4,0.8,5.0,0.0,0.4,0.04,0.06,0.2,0.2,0.6,0.0,0.04,0.22,0.18,6.32,-31807.0,-0.7856103744960306,1.0,0.135,0.172,0.694,,-0.0029020629735321,0.0006875925282947,-5.277553949412095e-10,0,0.0,1.0051255535865018,,0.0
161,4637,0,0,4,0,1.2,144,0.02,0.02,0.0,0.34,366,0,0,0.7,6.0,2024-05-11,23,15,0,0,0,0,37,0,6873,0,1,1,0.0,1,164,279,115,4.4,False,0,144.0,,Brighton and Hove Albion,0,0,0.0,18,Sub,Newcastle United,Brighton and Hove Albion,1,1,22260,2023,660684,0.0,0,0,0,0.0,0.1165328994393348,0.1165328994393348,9284.0,Brighton and Hove Albion,Jakub Moder,Jakub Moder,2,4,37,1.2,MID,0.0,0.0,0.0,0.0,0.0,0.0,0.0,0.2,1.2,0.5,0.0,2.0,0.0,0.0,0.0,0.0,0.0,0.0,0.0,0.0,1.0,1.0,0.0,0.0,0.0,0.0,0.0,0.0,0.0,0.0,0.0,0.05,0.05,0.5,0.0,0.01,0.04,0.03,0.84,1.33,0.0,2.03,6.73,6.6,6.67,44.33,0.0,0.0,0.0,0.0,0.0,0.0,0.67,1.67,0.67,1.33,0.0,0.67,0.04,0.02,0.0,0.0,0.33,0.0,0.04,0.12,0.12,1.13,0.0,0.01,0.03,0.03,1.01,1.2,0.0,1.32,4.24,4.12,5.0,39.8,0.0,0.0,0.0,0.0,0.0,0.0,0.6,1.6,0.4,1.4,0.0,0.8,0.03,0.01,0.0,0.0,0.2,0.0,0.03,0.1,0.09,1.18,243.0,0.416243654822335,1.0,0.602,0.199,0.199,,,-1.5743444325977407e-09,1.159168760977991e-09,0,0.0,0.999999995605784,,0.0
162,4690,0,0,10,1,31.5,250,0.2,0.39,0.19,0.64,363,0,0,4.8,6.2,2024-05-11,90,17,0,0,0,0,37,0,9183,1,0,1,10.0,3,-32,303,335,4.9,True,0,250.0,,Everton,0,4,0.2012774348258972,90,MR,Everton,Sheffield United,1,0,22257,2023,660539,0.1497179418802261,0,2,0,0.2012774348258972,0.3509953916072845,0.0,7438.0,Everton,James Garner,James Garner,2,2,37,2.5,MID,0.0,0.01,0.14,0.13,0.56,1.0,0.0,2.8,3.8,13.7,10.0,54.0,0.0,0.0,0.0,0.0,1.0,0.0,1.0,1.0,1.0,0.0,0.0,2.0,0.07,0.02,0.0,0.0,1.0,0.0,0.07,0.07,0.0,1.9,0.67,0.02,0.08,0.07,1.15,0.33,0.0,2.87,9.2,13.13,6.0,78.0,0.0,0.0,0.0,0.0,0.33,0.0,1.0,0.33,1.33,2.0,0.0,1.33,0.05,0.02,0.0,0.0,1.0,0.0,0.05,0.08,0.05,2.27,0.4,0.02,0.06,0.04,0.99,1.0,0.0,2.06,5.84,11.0,3.6,60.4,0.0,0.0,0.0,0.0,0.4,0.0,0.8,0.2,2.4,1.4,0.0,0.8,0.03,0.02,0.0,0.0,0.8,0.0,0.03,0.22,0.2,2.16,-4.0,-0.0501567398119122,3.0,0.676,0.197,0.126,,,0.1263298052311137,0.1441761536514898,0,0.0,3.064177487110038,,0.0
163,4722,1,0,21,0,50.1,504,0.33,0.93,0.6,0.75,368,1,0,11.2,31.6,2024-05-11,87,6,0,0,0,0,37,0,1083959,1,1,2,30.0,4,-6128,32276,38404,7.8,True,1,504.0,,Tottenham Hotspur,0,3,0.5212562084197998,90,MC,Tottenham Hotspur,Burnley,2,1,22262,2023,660632,0.5286890268325806,1,3,0,0.5212562084197998,1.0273747444152832,0.9396822452545166,6818.0,Tottenham Hotspur,James Maddison,James Maddison,2,4,37,4.5,MID,0.0,0.02,0.2,0.18,0.67,0.0,0.0,1.9,4.0,0.9,14.0,29.0,0.0,0.0,0.0,0.0,0.0,0.0,0.0,2.0,4.0,1.0,0.0,3.0,0.14,0.0,0.0,0.0,0.0,0.0,0.14,0.04,0.02,1.2,0.0,0.08,0.17,0.09,0.64,1.33,0.0,2.4,3.4,11.1,9.33,39.67,0.0,0.0,0.0,0.0,0.0,0.0,0.33,1.67,2.67,1.33,0.0,2.0,0.08,0.16,0.0,0.0,0.67,0.0,0.08,0.06,0.03,2.4,0.0,0.14,0.22,0.08,1.21,1.6,0.0,4.7,8.08,25.76,13.0,54.8,0.0,0.0,0.0,0.0,0.2,0.0,0.6,1.2,3.0,1.4,0.0,2.0,0.07,0.18,0.0,0.0,1.8,0.0,0.07,0.33,0.25,2.68,-3802.0,-0.086700622524052,4.0,0.699,0.165,0.136,,,0.1967829395545937,0.2880401838021988,0,0.0,2.848035249179565,Maddison,3.29
164,4723,0,0,20,0,53.1,504,0.09,0.09,0.0,2.34,339,2,0,7.3,17.8,2024-05-14,90,13,0,0,0,0,37,0,1083959,1,2,0,2.0,2,-6128,32276,38404,7.8,True,0,504.0,,Tottenham Hotspur,0,0,0.0,90,MC,Tottenham Hotspur,Manchester City,0,2,22233,2023,661906,0.1042942479252815,0,4,0,0.0,0.1414742320775985,0.1187146306037902,6818.0,Tottenham Hotspur,James Maddison,James Maddison,5,4,37,4.5,MID,0.0,0.33,0.93,0.6,0.75,1.0,0.0,11.2,31.6,50.1,30.0,87.0,0.0,0.0,0.0,0.0,1.0,0.0,1.0,1.0,2.0,4.0,0.0,3.0,0.52,0.53,1.0,1.0,3.0,0.0,0.52,1.03,0.94,4.5,0.0,0.13,0.4,0.28,0.57,0.67,0.0,5.2,13.4,21.43,17.0,47.67,0.0,0.0,0.0,0.0,0.33,0.0,0.33,1.0,2.67,2.0,0.0,2.67,0.24,0.18,0.33,0.33,1.33,0.0,0.24,0.38,0.34,2.9,0.0,0.17,0.35,0.18,1.07,1.6,0.0,5.52,12.12,27.22,15.6,57.2,0.0,0.0,0.0,0.0,0.4,0.0,0.6,1.2,2.8,1.8,0.0,2.2,0.16,0.25,0.2,0.2,1.8,0.0,0.16,0.3,0.24,2.8,0.0,-0.086700622524052,2.0,0.146,0.158,0.696,,,0.0131214902390213,0.2779836086978748,1,0.0,0.899558277288731,Maddison,3.29
165,4811,0,3,29,1,15.5,265,0.03,0.03,0.0,0.64,363,0,0,6.9,49.0,2024-05-11,90,17,0,0,0,0,37,0,609953,1,0,1,4.0,9,3882,39254,35372,4.6,True,0,265.0,,Everton,0,0,0.0,90,DC,Everton,Sheffield United,1,0,22257,2023,660536,0.0294585153460502,0,1,0,0.0,0.5353167057037354,0.5058581829071045,1665.0,Everton,James Tarkowski,James Tarkowski,2,2,37,6.3,DEF,0.0,0.02,0.13,0.11,0.96,1.0,0.0,4.8,23.4,11.4,13.0,90.0,0.0,0.0,0.0,0.0,0.0,0.0,1.0,1.0,1.0,2.0,0.0,1.0,0.09,0.03,0.0,0.0,1.0,0.0,0.09,0.02,0.02,4.1,0.67,0.04,0.11,0.07,1.29,0.33,0.0,4.83,26.33,7.7,14.33,90.0,0.0,0.0,0.0,0.0,0.33,0.0,1.0,0.33,1.33,4.67,0.0,1.0,0.05,0.13,0.0,0.0,0.67,0.0,0.05,0.07,0.06,4.47,0.6,0.04,0.08,0.04,1.53,1.4,0.0,3.76,22.92,4.82,9.8,90.0,0.0,0.0,0.0,0.0,0.4,0.0,1.0,0.2,2.4,3.6,0.0,0.6,0.03,0.08,0.0,0.0,0.4,0.0,0.03,0.05,0.04,3.9,753.0,0.0520194034250797,6.0,0.676,0.197,0.126,,2.624064867266076,0.0064477097054254,0.0634309802419137,0,0.0,0.9169791989582936,Tarkowski,5.76
166,4880,0,1,30,0,3.3,664,0.01,0.16,0.15,0.42,369,1,1,6.4,40.0,2024-05-11,90,12,0,0,0,0,37,0,581818,1,1,3,21.0,8,-23982,2158,26140,5.7,True,0,664.0,,West Ham United,1,2,0.1285503953695297,90,,West Ham United,Luton,3,1,22263,2023,660601,0.0,0,0,1,0.1285503953695297,0.1186223179101944,0.0537823736667633,843.0,West Ham United,James Ward-Prowse,James Ward-Prowse,2,3,37,3.5,MID,0.0,0.07,0.18,0.11,2.13,2.0,0.0,5.5,16.8,30.3,8.0,45.0,0.0,0.0,0.0,0.0,0.0,0.0,0.0,0.0,5.0,1.0,0.0,2.0,0.1,0.09,0.0,0.0,2.0,0.0,0.1,0.38,0.38,1.5,0.0,0.11,0.15,0.04,1.62,2.33,0.0,3.47,11.67,20.53,2.67,50.33,0.0,0.0,0.0,0.0,0.0,0.0,0.33,1.33,4.0,1.33,0.0,0.67,0.03,0.27,0.0,0.0,1.33,0.0,0.03,0.24,0.24,2.8,0.0,0.11,0.19,0.08,1.66,1.8,0.2,4.86,19.12,22.56,7.0,61.8,0.0,0.0,0.0,0.0,0.0,0.0,0.6,1.6,2.6,3.2,0.2,1.8,0.11,0.24,0.0,0.0,1.4,0.2,0.11,0.2,0.15,3.0,-26126.0,-0.8474803873065234,7.0,0.526,0.225,0.249,,,0.2099046416838936,0.0007760423491793,0,0.0,2.051851335467006,Ward-Prowse,0.41
167,4928,0,2,35,0,0.9,626,0.01,0.11,0.1,3.36,361,3,1,9.1,73.0,2024-05-13,90,2,0,0,0,0,37,0,32616,1,3,3,17.0,9,1498,4250,2752,4.0,False,0,626.0,,Liverpool,1,1,0.3022225499153137,90,DC,Aston Villa,Liverpool,3,3,22256,2023,661855,0.0,0,0,1,0.3022225499153137,0.1348199993371963,0.1348199993371963,10187.0,Liverpool,Jarell Quansah,Jarell Quansah,4,4,37,2.8,DEF,0.0,0.01,0.01,0.0,1.16,2.0,0.0,1.9,16.4,0.8,2.0,90.0,0.0,0.0,0.0,0.0,0.0,0.0,1.0,2.0,4.0,1.0,0.0,0.0,0.0,0.0,0.0,0.0,0.0,0.0,0.0,0.13,0.13,1.0,0.0,0.01,0.01,0.0,0.72,1.33,0.0,2.17,15.27,5.83,0.67,69.0,0.0,0.0,0.0,0.0,0.0,0.0,0.67,1.33,2.67,1.0,0.0,0.0,0.0,0.01,0.0,0.0,0.33,0.0,0.0,0.27,0.27,1.77,0.0,0.01,0.01,0.0,0.73,1.4,0.0,1.98,15.24,4.2,0.4,77.4,0.0,0.0,0.0,0.0,0.0,0.0,0.8,1.8,2.2,1.2,0.0,0.0,0.0,0.0,0.0,0.0,0.2,0.0,0.0,0.41,0.41,2.0,1763.0,0.213938874607255,7.0,0.225,0.218,0.556,,1.5291110866739897,0.0998752814043644,-5.277553949412095e-10,0,0.0,1.83425168684292,,0.0
168,4963,0,0,23,1,0.8,245,0.0,0.0,0.0,0.64,363,0,0,2.0,17.4,2024-05-11,90,17,0,0,0,0,37,0,1223442,1,0,1,2.0,6,137402,174861,37459,4.5,True,0,245.0,,Everton,0,0,0.0,90,DC,Everton,Sheffield United,1,0,22257,2023,660537,0.0,0,0,0,0.0,0.4822373986244201,0.4822373986244201,8476.0,Everton,Jarrad Branthwaite,Jarrad Branthwaite,2,2,37,7.9,DEF,0.0,0.17,0.17,0.0,0.96,1.0,0.0,4.0,24.8,11.2,4.0,90.0,0.0,0.0,0.0,0.0,0.0,0.0,1.0,1.0,1.0,5.0,0.0,0.0,0.0,0.09,1.0,0.0,1.0,0.0,0.0,0.0,0.0,6.5,0.67,0.06,0.1,0.04,1.29,0.33,0.33,5.23,37.13,3.93,11.0,90.0,0.0,0.0,0.0,0.0,0.0,0.0,1.0,0.33,1.33,8.67,0.33,0.67,0.17,0.03,0.33,0.0,0.33,0.33,0.17,0.01,0.01,6.47,0.6,0.04,0.09,0.05,1.29,1.0,0.2,4.04,27.4,3.16,9.8,83.2,0.0,0.0,0.0,0.0,0.2,0.0,1.0,0.2,2.4,6.0,0.2,1.0,0.12,0.02,0.2,0.0,0.2,0.2,0.12,0.04,0.04,5.62,141302.0,0.6471458176337603,6.0,0.676,0.197,0.126,,1.1741859161093655,0.0008810265922294,-5.277553949412095e-10,0,0.0,1.4182861579701098,Branthwaite,21.4
169,4998,0,0,1,0,33.9,526,0.13,1.56,1.43,0.42,369,1,0,11.1,10.2,2024-05-11,90,12,0,0,0,0,37,0,1338498,1,1,3,67.0,2,-12656,40022,52678,7.6,True,0,526.0,,West Ham United,0,7,1.761103868484497,90,AMR,West Ham United,Luton,3,1,22263,2023,660602,0.7145016193389893,0,3,0,1.761103868484497,2.4756054878234863,0.0,1776.0,West Ham United,Jarrod Bowen,Jarrod Bowen,2,3,37,4.7,MID,0.0,0.01,0.44,0.43,4.13,5.0,0.0,1.9,0.0,2.6,20.0,90.0,0.0,0.0,0.0,0.0,0.0,0.0,1.0,0.0,5.0,2.0,0.0,4.0,0.3,0.0,0.0,0.0,0.0,0.0,0.3,0.18,0.0,3.8,0.0,0.25,0.46,0.21,2.44,2.67,0.33,5.1,22.8,10.3,19.0,77.67,0.0,0.0,0.0,0.0,0.0,0.0,1.0,1.33,2.67,5.33,0.33,2.33,0.16,0.12,0.33,0.33,0.67,0.33,0.16,0.21,0.0,3.33,0.0,0.27,0.49,0.22,2.47,2.6,0.4,7.18,30.2,18.04,24.2,82.6,0.0,0.0,0.0,0.0,0.0,0.0,1.0,1.6,2.6,6.2,0.4,2.6,0.22,0.21,0.6,0.6,1.2,0.4,0.22,0.25,0.01,3.82,-16623.0,-0.1365264293419633,2.0,0.526,0.225,0.249,,,0.3301781998093966,0.1890105177627277,0,0.0,4.217922552335167,Bowen,12.76
170,5069,0,0,16,0,10.9,476,0.05,0.06,0.01,2.16,363,1,0,3.8,21.2,2024-05-11,90,9,0,0,0,0,37,0,15445,1,0,1,6.0,2,-699,1495,2194,4.5,False,0,476.0,,Sheffield United,0,1,0.0177711863070726,90,DMR,Everton,Sheffield United,1,0,22257,2023,660553,0.0243620853871107,0,1,0,0.0177711863070726,0.1732416003942489,0.1488795131444931,9205.0,Sheffield United,Jayden Bogle,Jayden Bogle,2,2,37,1.5,DEF,0.0,0.17,0.33,0.16,1.49,3.0,0.0,3.8,10.8,11.9,15.0,90.0,0.0,0.0,0.0,0.0,0.0,0.0,1.0,3.0,1.0,1.0,0.0,3.0,0.26,0.11,0.0,0.0,1.0,0.0,0.26,0.36,0.11,1.5,0.0,0.07,0.17,0.1,2.22,3.33,0.33,4.4,21.2,6.23,16.67,85.67,0.0,0.0,0.0,0.0,0.0,0.0,1.0,2.0,3.33,2.67,0.33,1.33,0.2,0.04,0.0,0.0,0.33,0.33,0.2,0.27,0.06,1.9,0.0,0.05,0.17,0.13,1.9,3.0,0.2,3.9,16.4,4.14,18.4,84.4,0.0,0.0,0.0,0.0,0.0,0.0,1.0,2.0,2.6,2.0,0.2,1.6,0.18,0.02,0.0,0.0,0.2,0.2,0.18,0.35,0.17,2.04,-614.0,-0.1894822445107075,2.0,0.676,0.197,0.126,,2.2310422119404856,0.0336035945851649,0.0548847317253553,0,0.0,1.2502757626870555,Bogle,0.41
171,5106,0,3,41,0,24.6,232,0.05,0.82,0.77,1.25,370,1,1,10.4,44.2,2024-05-11,68,20,0,0,0,0,37,0,559435,1,3,1,35.0,9,-82678,73774,156452,5.1,False,0,232.0,,Crystal Palace,1,1,0.6407343149185181,74,FW,Wolverhampton Wanderers,Crystal Palace,1,3,22264,2023,660589,0.3582041561603546,0,2,1,0.6407343149185181,1.0313128232955933,0.3240227699279785,5735.0,Crystal Palace,Jean-Philippe Mateta,Jean-Philippe Mateta,2,2,37,9.2,FWD,1.0,0.01,0.15,0.14,0.35,0.0,1.0,5.5,33.0,1.3,21.0,67.0,0.0,0.0,0.0,0.0,0.0,0.0,1.0,0.0,4.0,6.0,1.0,1.0,0.34,0.0,0.0,0.0,0.0,1.0,0.34,0.55,0.21,7.8,0.67,0.02,0.28,0.25,0.57,0.33,1.0,7.0,35.67,5.97,29.33,75.0,0.0,0.0,0.0,0.0,0.0,0.0,1.0,0.33,2.33,7.0,1.0,2.0,0.48,0.02,0.0,0.0,0.33,1.0,0.48,0.71,0.22,10.33,0.6,0.02,0.57,0.55,1.1,0.4,1.0,8.46,37.0,10.36,37.8,76.2,0.0,0.0,0.0,0.0,0.0,0.0,1.0,0.8,2.4,7.8,1.0,2.4,0.82,0.03,0.2,0.0,0.8,1.0,0.82,0.88,0.16,10.12,-96460.0,-0.3591166940310825,6.0,0.33,0.271,0.399,,,0.402487917846615,0.2281609881319073,0,,4.294434635782181,Mateta,8.23
172,5128,0,0,3,0,12.0,715,0.01,0.01,0.0,1.08,370,1,0,1.5,3.0,2024-05-11,45,8,0,0,0,0,37,0,1389,0,3,1,0.0,1,36,58,22,4.9,True,0,715.0,,Wolverhampton Wanderers,0,0,0.0,39,,Wolverhampton Wanderers,Crystal Palace,1,3,22264,2023,660575,0.0645718351006507,0,1,0,0.0,0.0645718351006507,0.0,7762.0,Wolverhampton Wanderers,Jean-Ricner Bellegarde,Jean-Ricner Bellegarde,2,2,37,1.0,MID,0.0,0.0,0.2,0.2,1.45,2.0,0.0,0.9,0.2,0.4,8.0,45.0,0.0,0.0,0.0,0.0,0.0,0.0,0.0,1.0,5.0,4.0,0.0,1.0,0.14,0.0,1.0,0.0,0.0,0.0,0.14,0.14,0.0,-0.2,0.0,0.01,0.15,0.13,1.18,1.33,0.0,2.1,1.53,7.77,11.67,45.0,0.0,0.0,0.0,0.0,0.0,0.0,0.67,0.67,3.33,2.33,0.0,1.33,0.11,0.03,0.33,0.0,0.67,0.0,0.11,0.11,0.02,0.83,0.0,0.01,0.12,0.11,0.87,0.8,0.0,2.14,3.16,9.52,8.8,31.2,0.0,0.0,0.0,0.0,0.0,0.0,0.4,0.8,2.4,1.8,0.0,1.0,0.09,0.04,0.2,0.0,0.8,0.0,0.09,0.13,0.02,0.8,59.0,0.45,1.0,0.33,0.271,0.399,,,-1.5743444325977407e-09,0.0633700955699811,0,0.0,1.1901102788382212,,0.0
173,5186,0,0,3,0,0.0,240,0.0,0.0,0.0,0.06,370,0,0,0.0,0.0,2024-05-11,2,20,0,0,0,0,37,0,9516,0,3,1,0.0,1,-3,198,201,4.8,False,0,240.0,,Crystal Palace,0,0,0.0,1,Sub,Wolverhampton Wanderers,Crystal Palace,1,3,22264,2023,660592,0.0,0,0,0,0.0,0.0,0.0,757.0,Crystal Palace,Jeffrey Schlupp,Jeffrey Schlupp,2,2,37,2.6,MID,0.0,0.0,0.0,0.0,0.0,0.0,0.0,0.0,0.2,0.1,0.0,5.0,0.0,0.0,0.0,0.0,0.0,0.0,0.0,0.0,4.0,1.0,0.0,0.0,0.0,0.0,0.0,0.0,0.0,0.0,0.0,0.0,0.0,2.6,0.0,0.01,0.03,0.03,0.15,0.0,0.33,2.7,15.53,8.37,3.0,8.67,0.0,0.0,0.0,0.0,0.0,0.0,0.0,0.33,2.33,3.67,0.33,0.33,0.01,0.03,0.0,0.0,0.67,0.33,0.01,0.18,0.14,2.8,0.0,0.0,0.02,0.02,0.21,0.2,0.2,1.66,9.76,5.1,1.8,9.6,0.0,0.0,0.0,0.0,0.0,0.0,0.0,0.8,2.4,2.6,0.2,0.2,0.01,0.02,0.0,0.0,0.4,0.2,0.01,0.11,0.08,2.4,11.0,-0.0075187969924812,1.0,0.33,0.271,0.399,,,-1.5743444325977407e-09,1.159168760977991e-09,0,0.0,0.999999995605784,Schlupp,0.41
174,5214,0,3,53,0,0.0,44,0.0,0.4,0.4,0.13,361,0,2,9.1,70.0,2024-05-13,11,11,0,0,0,0,37,0,18082,0,3,3,21.0,12,-264,231,495,5.0,True,0,44.0,,Aston Villa,2,3,0.2086053490638733,6,Sub,Aston Villa,Liverpool,3,3,22256,2023,661849,0.0,0,0,2,0.2086053490638733,0.2086053490638733,0.0,11366.0,Aston Villa,Jhon Durán,Jhon Durán,4,4,37,3.8,FWD,0.0,0.0,0.0,0.0,1.44,1.0,0.0,0.0,0.0,0.1,0.0,17.0,0.0,0.0,0.0,0.0,0.0,0.0,0.0,0.0,1.0,1.0,0.0,0.0,0.0,0.0,0.0,0.0,0.0,0.0,0.0,0.0,0.0,1.3,0.0,0.0,0.03,0.03,0.66,0.33,0.0,0.13,0.07,0.07,1.33,8.33,0.0,0.0,0.0,0.0,0.0,0.0,0.0,1.0,2.0,1.0,0.0,0.33,0.02,0.0,0.0,0.0,0.0,0.0,0.02,0.0,0.0,2.03,0.0,0.01,0.07,0.06,0.91,1.0,0.2,1.4,7.16,2.26,4.6,19.2,0.0,0.0,0.0,0.0,0.0,0.0,0.2,1.4,2.6,2.2,0.2,0.4,0.08,0.02,0.0,0.0,0.2,0.2,0.08,0.1,0.02,1.98,-194.0,-0.3636363636363636,9.0,0.225,0.218,0.556,,,0.1316420754991207,-8.433620468650812e-10,0,,1.5265682994663965,,0.0
175,5253,0,0,13,0,10.7,220,0.09,0.09,0.0,1.57,370,1,0,3.9,24.6,2024-05-11,90,20,0,0,0,0,37,0,1534872,1,3,1,4.0,2,-27241,44985,72226,4.7,False,0,220.0,,Crystal Palace,0,0,0.0,90,DC,Wolverhampton Wanderers,Crystal Palace,1,3,22264,2023,660580,0.1382094919681549,0,1,0,0.0,0.174323096871376,0.174323096871376,6314.0,Crystal Palace,Joachim Andersen,Joachim Andersen,2,2,37,4.0,DEF,1.0,0.01,0.01,0.0,0.35,0.0,0.0,0.9,7.2,1.6,0.0,90.0,0.0,0.0,0.0,0.0,0.0,0.0,1.0,0.0,4.0,6.0,0.0,0.0,0.0,0.0,0.0,0.0,0.0,0.0,0.0,0.18,0.18,5.2,0.67,0.01,0.03,0.02,0.64,0.33,0.0,2.07,12.93,4.5,3.0,90.0,0.0,0.0,0.0,0.0,0.33,0.0,1.0,0.33,2.33,4.67,0.0,0.33,0.03,0.01,0.0,0.0,0.33,0.0,0.03,0.25,0.25,5.53,0.6,0.11,0.19,0.08,1.21,0.6,0.0,3.74,21.48,11.62,4.0,90.0,0.0,0.0,0.0,0.0,0.2,0.0,1.0,0.8,2.4,5.2,0.0,0.4,0.11,0.24,0.2,0.2,1.0,0.0,0.11,0.28,0.26,5.26,-38621.0,-0.2324099273958929,2.0,0.33,0.271,0.399,,1.6015375765173143,0.0197749463981706,0.0523360954936638,0,0.0,1.4746579648700149,,0.0
176,5321,0,0,3,0,0.0,242,0.0,0.0,0.0,0.06,370,0,0,0.2,2.0,2024-05-11,2,20,0,0,0,0,37,0,22819,0,3,1,0.0,1,-151,333,484,4.5,False,0,242.0,,Crystal Palace,0,0,0.0,1,Sub,Wolverhampton Wanderers,Crystal Palace,1,3,22264,2023,660593,0.0,0,0,0,0.0,0.0,0.0,510.0,Crystal Palace,Joel Ward,Joel Ward,2,2,37,0.4,DEF,0.0,0.0,0.0,0.0,0.24,0.0,0.0,0.0,0.0,0.0,0.0,1.0,0.0,0.0,0.0,0.0,0.0,0.0,0.0,0.0,2.0,1.0,0.0,0.0,0.0,0.0,0.0,0.0,0.0,0.0,0.0,0.0,0.0,1.5,0.0,0.0,0.0,0.0,0.91,1.33,0.0,0.87,8.67,0.03,0.0,34.67,0.0,0.0,0.0,0.0,0.0,0.0,0.33,1.67,1.33,0.67,0.0,0.0,0.0,0.0,0.0,0.0,0.0,0.0,0.0,0.16,0.16,0.9,0.0,0.0,0.0,0.0,0.97,1.2,0.0,1.42,13.92,0.32,0.0,56.8,0.0,0.0,0.0,0.0,0.0,0.0,0.6,1.2,1.2,1.2,0.0,0.0,0.0,0.0,0.0,0.0,0.0,0.0,0.0,0.18,0.18,1.28,-213.0,-0.1848225214198286,1.0,0.33,0.271,0.399,,0.2022624993124977,5.515961021274052e-10,-5.277553949412095e-10,0,0.0,0.8990000017263104,,0.0
177,5339,0,0,4,0,12.4,416,0.01,0.01,0.0,0.14,366,0,0,2.5,10.2,2024-05-11,22,5,0,0,0,0,37,0,41118,0,1,1,2.0,1,370,515,145,5.8,True,0,,,Newcastle United,0,0,0.0,17,,Newcastle United,Brighton and Hove Albion,1,1,22260,2023,660667,0.0509185045957565,0,1,0,0.0,0.1804927438497543,0.1295742392539978,,Newcastle United,,,2,4,37,1.2,MID,0.0,0.02,0.02,0.0,0.4,1.0,0.0,3.0,18.0,12.1,0.0,13.0,0.0,0.0,0.0,0.0,0.0,0.0,0.0,4.0,1.0,1.0,0.0,0.0,0.0,0.09,0.0,0.0,1.0,0.0,0.0,0.67,0.67,0.5,0.0,0.01,0.01,0.0,2.17,1.33,0.0,1.9,12.53,5.2,1.33,37.67,0.0,0.0,0.0,0.0,0.33,0.0,0.33,3.0,2.0,1.0,0.0,0.0,0.0,0.03,0.0,0.0,0.33,0.0,0.0,0.25,0.25,1.17,0.0,0.02,0.13,0.11,2.11,1.6,0.2,3.0,15.04,6.14,9.2,47.6,0.0,0.0,0.0,0.0,0.4,0.0,0.6,2.0,2.6,2.0,0.2,0.8,0.1,0.02,0.0,0.0,0.4,0.2,0.1,0.32,0.24,2.3,542.0,0.5606060606060606,1.0,0.602,0.199,0.199,,,0.0054113118961727,0.0467314043689273,1,0.0,0.1672507725876455,,0.0
178,5340,0,0,6,0,14.7,416,0.19,0.38,0.19,0.27,337,1,0,5.8,8.4,2024-05-15,28,14,0,0,0,0,37,0,41118,0,2,3,35.0,1,370,515,145,5.8,False,0,,,Newcastle United,0,3,0.1119791269302368,25,,Manchester United,Newcastle United,3,2,22231,2023,662140,0.4042880833148956,0,1,0,0.1119791269302368,0.4742786288261413,0.4042880833148956,,Newcastle United,,,3,4,37,1.2,MID,0.0,0.01,0.01,0.0,0.14,0.0,0.0,2.5,10.2,12.4,2.0,22.0,0.0,0.0,0.0,0.0,0.0,0.0,0.0,1.0,1.0,1.0,0.0,0.0,0.0,0.05,0.0,0.0,1.0,0.0,0.0,0.18,0.13,1.2,0.0,0.01,0.01,0.0,2.2,1.33,0.0,2.53,14.27,8.93,2.0,38.67,0.0,0.0,0.0,0.0,0.33,0.0,0.33,2.33,2.0,1.0,0.0,0.0,0.0,0.05,0.0,0.0,0.67,0.0,0.0,0.28,0.27,1.17,0.0,0.02,0.02,0.0,1.36,0.8,0.0,1.64,9.56,5.96,1.2,34.0,0.0,0.0,0.0,0.0,0.2,0.0,0.4,2.0,2.0,1.0,0.0,0.0,0.0,0.03,0.0,0.0,0.4,0.0,0.0,0.28,0.27,1.72,0.0,0.5606060606060606,1.0,0.347,0.238,0.415,,,0.1586460463767989,0.0612584455360387,1,0.0,0.9770055684921106,,0.0
179,5385,0,0,15,0,34.3,50,0.26,0.28,0.02,1.73,361,3,0,5.3,13.8,2024-05-13,90,11,0,0,0,0,37,0,93471,1,3,3,5.0,1,-2357,1121,3478,5.3,True,1,50.0,,Aston Villa,0,1,0.0475130416452884,90,AML,Aston Villa,Liverpool,3,3,22256,2023,661847,0.121461771428585,0,2,0,0.0475130416452884,0.3760087192058563,0.2211915701627731,7723.0,Aston Villa,John McGinn,John McGinn,4,4,37,2.5,MID,0.0,0.01,0.01,0.0,2.69,1.0,0.0,1.3,11.4,1.1,0.0,90.0,0.0,0.0,0.0,0.0,0.0,0.0,1.0,0.0,1.0,2.0,0.0,0.0,0.0,0.0,0.0,0.0,0.0,0.0,0.0,0.0,0.0,3.5,0.0,0.02,0.16,0.14,1.92,1.33,0.0,1.6,8.0,4.73,3.0,90.0,0.0,0.0,0.0,0.0,0.0,0.0,1.0,1.0,2.0,3.0,0.0,1.0,0.06,0.01,0.33,0.0,0.33,0.0,0.06,0.2,0.13,3.17,0.2,0.09,0.18,0.09,1.79,1.4,0.0,2.96,14.88,11.5,3.0,90.0,0.0,0.0,0.0,0.0,0.0,0.0,1.0,1.6,1.8,3.4,0.0,0.8,0.04,0.1,0.4,0.2,0.6,0.0,0.04,0.23,0.19,2.38,-2469.0,-0.5125027179821701,1.0,0.225,0.218,0.556,,,0.0422020216150174,0.1599952166309015,1,1.0,2.690995757967792,,0.0
180,5423,0,0,14,0,11.4,703,0.01,0.01,0.0,1.5,365,1,0,2.6,14.6,2024-05-12,74,1,0,0,0,0,37,0,65187,1,1,0,0.0,2,6837,9786,2949,4.0,True,0,703.0,,Manchester United,0,0,0.0,78,,Manchester United,Arsenal,0,1,22259,2023,661278,0.0136443814262747,0,1,0,0.0,0.0479936189949512,0.0343492403626441,807.0,Manchester United,Jonny Evans,Jonny Evans,5,4,37,0.2,DEF,0.0,0.01,0.01,0.0,1.47,4.0,0.0,3.1,29.6,1.4,0.0,90.0,0.0,0.0,0.0,0.0,0.0,0.0,1.0,0.0,4.0,0.0,0.0,0.0,0.0,0.0,0.0,0.0,0.0,0.0,0.0,0.07,0.07,0.0,0.33,0.0,0.0,0.0,1.11,1.33,0.0,3.0,25.07,4.03,0.67,66.0,0.0,0.0,0.0,0.0,0.0,0.0,0.67,1.0,3.33,2.33,0.0,0.0,0.0,0.04,0.0,0.0,0.33,0.0,0.0,0.14,0.14,1.3,0.2,0.0,0.0,0.0,1.37,1.0,0.0,2.78,24.8,2.48,0.4,62.2,0.0,0.0,0.0,0.0,0.0,0.0,0.6,1.2,2.8,2.0,0.0,0.0,0.0,0.03,0.0,0.0,0.2,0.0,0.0,0.28,0.28,1.04,8921.0,0.536866902237927,2.0,0.135,0.172,0.694,,1.0143994683685729,5.515961021274052e-10,0.0475538643234587,0,0.0,1.6356615962799528,,0.0
181,5424,0,0,9,0,0.8,703,0.0,0.0,0.0,2.32,337,2,0,1.1,9.8,2024-05-15,90,15,0,0,0,0,37,0,65187,1,2,3,0.0,1,6837,9786,2949,4.0,True,0,703.0,,Manchester United,0,0,0.0,90,,Manchester United,Newcastle United,3,2,22231,2023,662117,0.0,0,0,0,0.0,0.0582908056676387,0.0582908056676387,807.0,Manchester United,Jonny Evans,Jonny Evans,3,4,37,0.2,DEF,0.0,0.01,0.01,0.0,1.5,1.0,0.0,2.6,14.6,11.4,0.0,74.0,0.0,0.0,0.0,0.0,0.0,0.0,1.0,1.0,0.0,2.0,0.0,0.0,0.0,0.01,0.0,0.0,1.0,0.0,0.0,0.05,0.03,0.2,0.0,0.01,0.01,0.0,1.12,1.67,0.0,2.33,18.87,4.37,0.0,61.33,0.0,0.0,0.0,0.0,0.0,0.0,0.67,1.33,2.67,1.0,0.0,0.0,0.0,0.0,0.0,0.0,0.33,0.0,0.0,0.04,0.04,0.63,0.2,0.0,0.0,0.0,1.54,1.2,0.0,2.82,23.04,4.7,0.4,68.0,0.0,0.0,0.0,0.0,0.0,0.0,0.8,1.0,2.6,2.2,0.0,0.0,0.0,0.03,0.0,0.0,0.4,0.0,0.0,0.12,0.12,0.82,0.0,0.536866902237927,1.0,0.347,0.238,0.415,,1.3942364569113992,5.515961021274052e-10,-5.277553949412095e-10,0,0.0,1.3030000017263106,,0.0
182,5482,0,0,6,0,0.5,320,0.0,0.0,0.0,2.65,369,3,0,1.4,9.4,2024-05-11,51,19,0,0,0,0,37,0,1831,0,1,3,4.0,1,-169,73,242,4.8,False,0,320.0,,Luton,0,0,0.0,52,Sub,West Ham United,Luton,3,1,22263,2023,660624,0.0,0,0,0,0.0,0.0,0.0,12187.0,Luton,Jordan Clark,Jordan Clark,2,3,37,0.7,MID,0.0,0.21,0.25,0.04,0.82,2.0,0.0,5.7,16.4,21.1,19.0,65.0,0.0,0.0,0.0,0.0,0.0,0.0,1.0,1.0,2.0,2.0,0.0,1.0,0.03,0.49,0.0,0.0,1.0,0.0,0.03,0.57,0.06,3.1,0.0,0.08,0.1,0.02,2.26,3.33,0.0,2.93,8.8,11.37,9.0,77.67,0.0,0.0,0.0,0.0,0.0,0.0,1.0,2.33,2.67,2.0,0.0,0.67,0.01,0.18,0.0,0.0,0.67,0.0,0.01,0.27,0.09,2.77,0.0,0.07,0.15,0.08,1.59,2.6,0.2,4.68,17.04,16.4,13.2,82.6,0.0,0.0,0.0,0.0,0.0,0.0,1.0,1.6,2.4,3.6,0.2,1.2,0.05,0.12,0.0,0.0,1.0,0.2,0.05,0.25,0.09,2.4,-89.0,-0.5365079365079365,1.0,0.526,0.225,0.249,,,0.0186911908746718,1.159168760977991e-09,1,0.0,1.0934559578508654,,0.0
183,5520,0,2,27,1,0.0,263,0.0,0.0,0.0,0.64,363,0,0,1.7,17.2,2024-05-11,90,17,0,0,0,0,37,1,1836905,1,0,1,0.0,8,45624,99916,54292,4.8,True,0,263.0,,Everton,0,0,0.0,90,GK,Everton,Sheffield United,1,0,22257,2023,660534,0.0,0,0,0,0.0,1.1339867115020752,1.1339867115020752,741.0,Everton,Jordan Pickford,Jordan Pickford,2,2,37,8.3,GK,0.0,0.01,0.01,0.0,0.96,1.0,0.0,3.0,29.8,0.0,0.0,90.0,0.0,0.0,0.0,0.0,0.0,4.0,1.0,1.0,1.0,3.0,0.0,0.0,0.0,0.0,0.0,0.0,0.0,0.0,0.0,0.0,0.0,6.7,0.67,0.01,0.01,0.0,1.29,0.33,0.0,3.83,38.27,0.0,0.0,90.0,0.0,0.0,0.0,0.0,0.0,5.0,1.0,0.33,1.33,7.67,0.0,0.0,0.0,0.0,0.0,0.0,0.0,0.0,0.0,0.0,0.0,7.93,0.6,0.01,0.01,0.0,1.53,1.4,0.0,3.36,33.64,0.0,0.0,90.0,0.0,0.0,0.0,0.0,0.0,4.4,1.0,0.2,2.4,6.2,0.0,0.0,0.0,0.0,0.0,0.0,0.0,0.0,0.0,0.0,0.0,7.38,39295.0,0.295860136957875,6.0,0.676,0.197,0.126,1.4505686062684782,1.2681641578674316,,,1,1.0,4.85,Pickford,23.05
184,5545,0,0,3,0,0.0,9,0.0,0.0,0.0,0.02,365,0,0,0.0,0.4,2024-05-12,1,14,0,0,0,0,37,0,19519,0,1,0,0.0,1,-123,93,216,5.3,False,0,,,Arsenal,0,0,0.0,1,,Manchester United,Arsenal,0,1,22259,2023,661304,0.0,0,0,0,0.0,0.0,0.0,,Arsenal,,,5,4,37,1.4,MID,0.0,0.02,0.02,0.0,0.0,0.0,0.0,1.1,9.6,1.8,0.0,18.0,0.0,0.0,0.0,0.0,0.0,0.0,0.0,0.0,5.0,1.0,0.0,0.0,0.0,0.0,0.0,0.0,0.0,0.0,0.0,0.32,0.32,6.4,0.33,0.2,0.2,0.0,0.42,0.67,0.0,2.03,12.47,6.0,2.0,39.67,0.0,0.0,0.0,0.0,0.0,0.0,0.33,1.67,1.67,3.0,0.0,0.0,0.0,0.21,0.33,0.33,0.33,0.0,0.0,0.48,0.48,4.7,0.4,0.12,0.12,0.0,0.43,0.4,0.0,1.56,8.92,5.7,1.2,37.8,0.0,0.0,0.0,0.0,0.0,0.0,0.4,1.0,1.4,2.6,0.0,0.0,0.0,0.14,0.2,0.2,0.4,0.0,0.0,0.3,0.29,4.06,-377.0,-0.3980582524271844,1.0,0.135,0.172,0.694,,,-1.5743444325977407e-09,1.159168760977991e-09,1,0.0,-4.39421588005473e-09,,0.0
185,5605,0,0,3,0,1.3,165,0.02,0.02,0.0,2.5,368,2,0,1.5,14.0,2024-05-11,87,18,0,0,0,0,37,0,6983,1,1,2,0.0,1,-388,55,443,5.0,False,1,165.0,,Burnley,0,0,0.0,90,MC,Tottenham Hotspur,Burnley,2,1,22262,2023,660647,0.0,0,0,0,0.0,0.072248063981533,0.072248063981533,1018.0,Burnley,Josh Cullen,Josh Cullen,2,4,37,1.2,MID,0.0,0.03,0.1,0.07,3.58,4.0,0.0,5.0,16.6,26.8,7.0,90.0,0.0,0.0,0.0,0.0,0.0,0.0,1.0,4.0,1.0,2.0,0.0,1.0,0.06,0.07,0.0,0.0,2.0,0.0,0.06,0.28,0.15,1.7,0.0,0.05,0.08,0.03,2.91,2.0,0.0,5.37,23.8,26.07,4.0,90.0,0.0,0.0,0.0,0.0,0.33,0.0,1.0,3.0,1.0,2.67,0.0,0.67,0.03,0.1,0.33,0.33,2.0,0.0,0.03,0.71,0.63,2.53,0.0,0.09,0.12,0.03,2.09,1.6,0.0,5.4,22.2,27.6,4.4,90.0,0.0,0.0,0.0,0.0,0.4,0.0,1.0,2.0,1.0,2.2,0.0,0.6,0.03,0.11,0.2,0.2,2.0,0.0,0.03,0.58,0.52,3.04,-378.0,-0.7791164658634538,1.0,0.699,0.165,0.136,,,-1.5743444325977407e-09,1.159168760977991e-09,1,0.0,0.999999995605784,Cullen,0.41
186,5678,0,0,11,0,0.6,280,0.0,0.0,0.0,3.25,364,4,0,2.6,25.2,2024-05-11,90,13,0,0,0,0,37,0,30854,1,4,0,0.0,2,-278,604,882,5.0,True,0,,,Fulham,0,0,0.0,90,,Fulham,Manchester City,0,4,22258,2023,660321,0.0,0,0,0,0.0,0.0,0.0,,Fulham,,,5,3,37,1.2,MID,1.0,0.03,0.12,0.09,0.63,0.0,0.0,1.6,8.2,4.0,4.0,90.0,0.0,0.0,0.0,0.0,0.0,0.0,1.0,0.0,0.0,3.0,0.0,1.0,0.06,0.0,0.0,0.0,0.0,0.0,0.06,0.15,0.15,2.5,0.67,0.09,0.13,0.04,0.74,0.67,0.0,2.77,13.6,8.87,5.0,76.0,0.0,0.0,0.0,0.0,0.33,0.0,1.0,1.33,0.67,2.33,0.0,0.67,0.03,0.14,0.0,0.0,0.67,0.0,0.03,0.39,0.25,2.47,0.6,0.06,0.15,0.09,0.75,0.6,0.0,2.86,15.32,6.2,6.8,80.4,0.0,0.0,0.0,0.0,0.2,0.0,1.0,1.4,0.4,2.4,0.0,1.6,0.11,0.08,0.0,0.0,0.4,0.0,0.11,0.58,0.46,2.8,-194.0,-0.1870794078061911,2.0,0.073,0.136,0.791,,,-1.5743444325977407e-09,1.159168760977991e-09,1,0.0,0.999999995605784,,0.0
187,5709,1,0,23,0,23.8,135,0.87,0.9,0.03,1.48,332,2,0,7.5,31.0,2024-05-15,90,7,0,0,0,0,37,0,669621,1,2,1,20.0,5,39795,66466,26671,5.2,True,0,,,Brighton and Hove Albion,0,1,0.0519511476159095,90,,Brighton and Hove Albion,Chelsea,1,2,22226,2023,662154,0.4238511621952057,1,1,0,0.0519511476159095,1.1335265636444092,0.6577243208885193,,Brighton and Hove Albion,,,3,3,37,4.2,FWD,1.0,0.14,1.65,1.51,0.06,0.0,1.0,16.9,50.2,40.7,78.0,90.0,0.0,1.0,0.0,0.0,0.0,0.0,1.0,0.0,1.0,5.0,1.0,4.0,1.65,0.36,0.0,0.0,3.0,1.0,0.89,0.81,0.06,2.3,0.33,0.1,0.74,0.64,1.21,2.33,0.33,10.13,24.4,36.23,40.67,89.0,0.0,0.33,0.0,0.0,0.0,0.0,1.0,1.33,1.33,3.0,0.33,3.0,0.74,0.42,0.0,0.0,2.67,0.33,0.49,0.73,0.03,1.5,0.2,0.07,0.54,0.46,1.2,1.8,0.2,7.54,15.2,27.66,32.6,76.4,0.0,0.2,0.0,0.0,0.0,0.0,0.8,1.6,1.0,2.4,0.2,3.2,0.5,0.27,0.0,0.0,2.0,0.2,0.35,0.52,0.07,1.2,47131.0,0.4272738009598763,5.0,0.284,0.235,0.481,,,0.3160346294831013,0.1360360457407636,0,,3.672246655154696,,0.0
188,5743,0,0,7,0,36.9,559,0.07,0.18,0.11,2.7,370,3,0,7.1,23.4,2024-05-11,90,8,0,0,0,0,37,0,10264,1,3,1,11.0,2,-555,223,778,4.9,True,0,,,Wolverhampton Wanderers,0,2,0.110053040087223,90,,Wolverhampton Wanderers,Crystal Palace,1,3,22264,2023,660570,0.0669205263257026,0,2,0,0.110053040087223,0.0151373064145445,0.0151373064145445,,Wolverhampton Wanderers,,,2,2,37,1.6,MID,0.0,0.01,0.01,0.0,3.57,5.0,0.0,1.2,10.0,2.2,0.0,90.0,0.0,0.0,0.0,0.0,1.0,0.0,1.0,1.0,5.0,1.0,0.0,0.0,0.0,0.0,0.0,0.0,0.0,0.0,0.0,0.0,0.0,0.2,0.0,0.05,0.06,0.01,2.01,2.33,0.0,2.93,10.27,16.17,3.0,81.0,0.0,0.0,0.0,0.0,0.67,0.0,1.0,1.0,2.33,1.33,0.0,0.33,0.02,0.02,0.0,0.0,1.0,0.0,0.02,0.07,0.05,1.17,0.0,0.03,0.07,0.04,1.76,2.2,0.0,2.54,8.12,11.18,6.2,78.2,0.0,0.0,0.0,0.0,0.6,0.0,1.0,1.4,1.8,1.2,0.0,0.6,0.03,0.01,0.0,0.0,0.6,0.0,0.03,0.08,0.04,1.22,-553.0,-0.5544455544455544,2.0,0.33,0.271,0.399,,,0.069069830179643,0.2621560119319104,0,0.0,3.1318171866939464,,0.0
189,5771,0,0,15,0,0.3,151,0.0,0.11,0.11,0.71,366,0,1,7.1,37.2,2024-05-11,39,15,0,0,0,0,37,0,77440,1,1,1,33.0,7,21803,23030,1227,4.3,False,0,151.0,,Brighton and Hove Albion,1,1,0.496053546667099,39,DR,Newcastle United,Brighton and Hove Albion,1,1,22260,2023,660672,0.0,0,0,1,0.496053546667099,0.0,0.0,8780.0,Brighton and Hove Albion,Joël Veltman,Joël Veltman,2,4,37,5.2,DEF,1.0,0.03,0.08,0.05,0.06,0.0,0.0,1.2,6.8,1.3,4.0,90.0,0.0,0.0,0.0,0.0,0.0,0.0,1.0,0.0,1.0,6.0,0.0,1.0,0.07,0.0,0.0,0.0,0.0,0.0,0.07,0.35,0.35,1.3,0.33,0.01,0.03,0.02,0.38,1.33,0.0,1.0,7.27,0.8,2.0,50.33,0.0,0.0,0.0,0.0,0.33,0.0,0.67,1.33,1.33,2.0,0.0,0.33,0.02,0.0,0.0,0.0,0.0,0.0,0.02,0.12,0.12,1.03,0.4,0.01,0.04,0.02,0.67,1.0,0.0,1.26,8.96,1.32,2.4,65.2,0.0,0.0,0.0,0.0,0.4,0.0,0.8,1.0,1.0,2.6,0.0,0.4,0.02,0.0,0.0,0.0,0.0,0.0,0.02,0.11,0.11,1.92,27055.0,0.8988333264624644,7.0,0.602,0.199,0.199,,1.1357895447318258,0.1261224797654949,0.0051289919661048,0,0.0,1.2041218544912835,Veltman,0.41
190,5797,0,3,45,1,5.8,616,0.04,0.8,0.76,0.12,364,0,2,13.1,69.4,2024-05-11,90,10,0,0,0,0,37,0,1644819,1,4,0,56.0,21,508892,529156,20264,5.1,False,0,,,Manchester City,2,2,0.7042477130889893,90,,Fulham,Manchester City,0,4,22258,2023,660334,0.0,0,0,2,0.7042477130889893,0.4887585937976837,0.1211137920618057,,Manchester City,,,5,3,37,23.1,DEF,0.0,0.11,0.51,0.4,0.35,1.0,0.0,8.8,18.6,25.2,44.0,90.0,0.0,0.0,0.0,0.0,0.0,0.0,1.0,1.0,5.0,6.0,0.0,2.0,0.17,0.45,1.0,0.0,2.0,0.0,0.17,1.09,0.64,10.8,0.67,0.06,0.22,0.16,0.83,0.33,0.33,6.93,26.53,15.0,27.67,90.0,0.0,0.0,0.0,0.0,0.0,0.0,1.0,2.33,1.67,9.0,0.33,1.0,0.06,0.16,0.33,0.0,1.0,0.33,0.06,0.6,0.45,8.53,0.4,0.07,0.29,0.23,0.7,0.6,0.4,7.28,29.8,15.8,27.0,81.0,0.0,0.0,0.0,0.0,0.2,0.0,1.0,2.4,2.4,7.8,0.4,1.8,0.12,0.14,0.4,0.2,1.0,0.4,0.12,0.81,0.65,7.34,545479.0,0.9262349386625895,18.0,0.073,0.136,0.791,,0.4400256697718252,0.1159395259507507,0.0002732662937596,0,1.0,6.476456954585783,,0.0
191,5798,0,0,25,1,3.4,616,0.02,0.1,0.08,1.33,339,0,0,2.5,16.0,2024-05-14,90,18,0,0,0,0,37,0,1644819,1,2,0,6.0,6,508892,529156,20264,5.1,False,0,,,Manchester City,0,1,0.2959517240524292,90,,Tottenham Hotspur,Manchester City,0,2,22233,2023,661918,0.0,0,0,0,0.2959517240524292,0.3951790630817413,0.3951790630817413,,Manchester City,,,5,4,37,23.1,DEF,1.0,0.04,0.8,0.76,0.12,0.0,2.0,13.1,69.4,5.8,56.0,90.0,0.0,0.0,0.0,0.0,0.0,0.0,1.0,4.0,0.0,21.0,2.0,2.0,0.7,0.0,0.0,0.0,0.0,2.0,0.7,0.49,0.12,23.1,0.67,0.07,0.48,0.41,0.7,0.33,1.0,10.4,46.2,12.03,45.67,90.0,0.0,0.0,0.0,0.0,0.0,0.0,1.0,2.33,1.67,14.0,1.0,1.67,0.3,0.15,0.33,0.0,0.67,1.0,0.3,0.71,0.44,13.97,0.6,0.07,0.38,0.31,0.62,0.4,0.8,9.5,42.6,15.94,36.4,90.0,0.0,0.0,0.0,0.0,0.0,0.0,1.0,2.4,2.0,12.0,0.8,1.8,0.23,0.14,0.4,0.2,1.0,0.8,0.23,0.81,0.57,11.2,0.0,0.9262349386625895,6.0,0.146,0.158,0.696,,0.445076418095107,0.0484132861706596,-5.277553949412095e-10,0,1.0,6.067479715440691,,0.0
192,5809,0,0,2,0,27.0,130,0.37,0.66,0.29,1.93,366,1,0,6.4,7.6,2024-05-11,66,15,0,0,0,0,37,0,47220,1,1,1,29.0,1,450,622,172,5.0,False,1,130.0,,Brighton and Hove Albion,0,5,0.5251551270484924,72,AMC,Newcastle United,Brighton and Hove Albion,1,1,22260,2023,660679,0.5835824012756348,0,2,0,0.5251551270484924,1.1087374687194824,0.5030931830406189,11058.0,Brighton and Hove Albion,Julio Enciso,Julio Enciso,2,4,37,2.0,MID,0.0,0.24,0.45,0.21,0.0,0.0,0.0,4.5,8.6,26.6,10.0,29.0,0.0,0.0,0.0,0.0,0.0,0.0,0.0,0.0,1.0,1.0,0.0,3.0,0.17,0.4,0.0,0.0,2.0,0.0,0.17,0.57,0.35,0.0,0.0,0.09,0.27,0.18,0.94,1.0,0.0,3.2,5.47,13.43,13.0,38.33,0.0,0.0,0.0,0.0,0.0,0.0,0.33,1.0,1.33,1.33,0.0,3.0,0.15,0.15,0.0,0.0,1.0,0.0,0.15,0.28,0.12,0.27,0.0,0.05,0.17,0.12,0.59,0.6,0.0,2.42,4.0,10.36,10.0,31.0,0.0,0.0,0.0,0.0,0.0,0.0,0.2,0.6,1.0,1.2,0.0,2.4,0.11,0.1,0.0,0.0,0.8,0.0,0.11,0.27,0.15,0.46,629.0,0.5667506297229219,1.0,0.602,0.199,0.199,,,0.202261554862364,0.1341023232311415,0,0.0,2.4136147440052445,,0.0
193,5810,0,0,7,0,9.9,130,0.04,0.11,0.07,1.48,332,2,0,2.7,8.8,2024-05-15,84,7,0,0,0,0,37,0,47220,1,2,1,8.0,2,450,622,172,5.0,True,0,130.0,,Brighton and Hove Albion,0,2,0.0640144646167755,90,AMC,Brighton and Hove Albion,Chelsea,1,2,22226,2023,662152,0.0,0,0,0,0.0640144646167755,0.2016331702470779,0.1376187056303024,11058.0,Brighton and Hove Albion,Julio Enciso,Julio Enciso,3,3,37,2.0,MID,0.0,0.37,0.66,0.29,1.93,1.0,0.0,6.4,7.6,27.0,29.0,66.0,0.0,0.0,0.0,0.0,1.0,0.0,1.0,1.0,1.0,1.0,0.0,5.0,0.53,0.58,0.0,0.0,2.0,0.0,0.53,1.11,0.5,2.0,0.0,0.21,0.43,0.22,0.75,0.67,0.0,4.3,6.2,22.0,14.67,39.67,0.0,0.0,0.0,0.0,0.33,0.0,0.33,0.33,1.67,1.0,0.0,3.33,0.26,0.34,0.0,0.0,1.67,0.0,0.26,0.6,0.29,0.93,0.0,0.13,0.3,0.18,0.96,0.8,0.0,3.7,5.52,15.7,15.6,41.4,0.0,0.0,0.0,0.0,0.2,0.0,0.4,0.8,1.0,1.2,0.0,3.2,0.21,0.22,0.0,0.0,1.2,0.0,0.21,0.49,0.25,0.7,0.0,0.5667506297229219,2.0,0.284,0.235,0.481,,,0.0966023963432487,0.0393575360899127,0,0.0,1.6010845899859816,,0.0
194,5846,0,0,24,0,0.5,343,0.01,0.8,0.79,0.0,364,0,1,5.4,32.0,2024-05-11,8,10,0,0,0,0,37,0,1725693,0,4,0,21.0,5,-63942,43482,107424,6.4,False,0,343.0,,Manchester City,1,1,0.7611688375473022,5,Sub,Fulham,Manchester City,0,4,22258,2023,660341,0.0,0,0,0,0.0,0.0,0.0,10846.0,Manchester City,Julián Álvarez,Julián Álvarez,5,3,37,9.1,FWD,0.0,0.0,0.32,0.32,0.0,0.0,1.0,5.2,33.0,2.0,17.0,8.0,0.0,0.0,0.0,0.0,0.0,0.0,0.0,1.0,5.0,5.0,1.0,1.0,0.38,0.0,0.0,0.0,0.0,1.0,0.38,1.01,0.63,5.5,0.67,0.03,0.3,0.27,0.71,0.0,0.67,5.57,22.87,11.13,21.67,62.0,0.0,0.0,0.0,0.0,0.0,0.0,0.67,2.33,1.67,4.33,0.67,2.67,0.43,0.02,0.0,0.0,0.67,0.67,0.43,0.81,0.38,4.63,0.4,0.12,0.48,0.36,0.63,0.4,0.4,6.66,20.04,17.5,29.0,69.8,0.0,0.0,0.0,0.0,0.0,0.0,0.8,2.4,2.4,4.0,0.4,3.0,0.55,0.04,0.2,0.2,1.0,0.4,0.55,1.13,0.63,4.02,-68802.0,-0.4237207268100671,5.0,0.073,0.136,0.791,,,0.2963687315443555,0.0049965854670626,0,,3.20046468257861,J.Alvarez,0.41
195,5847,0,0,2,0,0.5,343,0.0,0.0,0.0,0.0,339,0,0,0.2,0.0,2024-05-14,1,18,0,0,0,0,37,0,1725693,0,2,0,2.0,1,-63942,43482,107424,6.4,False,0,343.0,,Manchester City,0,0,0.0,1,Sub,Tottenham Hotspur,Manchester City,0,2,22233,2023,661925,0.0,0,0,0,0.0,0.0,0.0,10846.0,Manchester City,Julián Álvarez,Julián Álvarez,5,4,37,9.1,FWD,0.0,0.01,0.8,0.79,0.0,0.0,1.0,5.4,32.0,0.5,21.0,8.0,0.0,0.0,0.0,0.0,0.0,0.0,0.0,4.0,0.0,5.0,1.0,1.0,0.76,0.0,0.0,0.0,0.0,0.0,0.0,0.0,0.0,9.1,0.33,0.02,0.42,0.4,0.55,0.0,0.67,4.63,22.93,9.33,14.0,34.67,0.0,0.0,0.0,0.0,0.0,0.0,0.33,2.33,1.67,4.0,0.67,1.0,0.43,0.02,0.0,0.0,0.67,0.33,0.18,0.53,0.35,6.33,0.4,0.12,0.55,0.43,0.52,0.2,0.6,6.98,25.88,16.64,27.2,56.8,0.0,0.0,0.0,0.0,0.0,0.0,0.6,2.4,2.0,4.6,0.6,2.4,0.59,0.04,0.2,0.2,1.0,0.4,0.43,0.87,0.48,5.34,0.0,-0.4237207268100671,1.0,0.146,0.158,0.696,,,0.0078483285889785,0.0049965854670626,0,,1.0463830707571018,J.Alvarez,0.41
196,5880,0,0,4,1,13.0,72,0.15,0.15,0.0,0.74,362,0,0,2.0,0.8,2024-05-11,66,4,0,0,0,0,37,0,78964,1,2,1,6.0,3,-6162,8693,14855,4.6,True,0,72.0,,Bournemouth,0,0,0.0,71,AMC,Bournemouth,Brentford,1,2,22255,2023,660695,0.098891444504261,0,1,0,0.0,0.1393216401338577,0.0404301919043064,6963.0,Bournemouth,Justin Kluivert,Justin Kluivert,2,2,37,3.4,MID,0.0,0.01,0.12,0.11,3.89,2.0,0.0,1.3,3.6,1.8,8.0,88.0,0.0,0.0,0.0,0.0,0.0,0.0,1.0,0.0,3.0,2.0,0.0,3.0,0.11,0.0,0.0,0.0,0.0,0.0,0.11,0.31,0.26,3.2,0.67,0.04,0.5,0.46,1.73,0.67,0.33,5.63,15.33,6.3,35.0,83.67,0.0,0.0,0.0,0.0,0.33,0.0,1.0,0.33,2.0,4.0,0.33,3.33,0.51,0.04,0.0,0.0,0.33,0.33,0.51,0.72,0.23,5.57,0.4,0.05,0.44,0.39,1.52,1.2,0.4,5.8,17.2,5.22,35.6,80.2,0.0,0.0,0.0,0.0,0.2,0.0,1.0,0.8,2.2,4.2,0.4,3.4,0.49,0.02,0.0,0.0,0.2,0.4,0.49,0.61,0.2,6.14,-6991.0,-0.2616782741634109,3.0,0.489,0.238,0.272,,,0.0298125861824436,0.0591157412000862,0,0.0,2.3264101545124767,,0.0
197,5908,0,0,-1,0,1.0,678,0.01,0.08,0.07,0.0,364,0,0,2.4,2.0,2024-05-11,15,10,0,0,0,0,37,0,210018,0,4,0,21.0,1,-5877,6046,11923,6.4,False,0,,,Manchester City,0,1,0.1287919729948043,12,,Fulham,Manchester City,0,4,22258,2023,660342,0.0,0,0,0,0.1287919729948043,0.1287919729948043,0.0,,Manchester City,,,5,3,37,4.7,MID,0.0,0.56,0.63,0.07,0.0,0.0,0.0,4.3,10.2,15.8,17.0,10.0,0.0,0.0,0.0,0.0,0.0,0.0,0.0,1.0,5.0,1.0,0.0,1.0,0.07,0.63,0.0,0.0,1.0,0.0,0.07,0.71,0.63,5.8,0.0,0.19,0.26,0.07,0.5,0.0,0.0,2.4,5.07,6.07,13.33,22.33,0.0,0.0,0.0,0.0,0.0,0.0,0.33,2.33,1.67,1.0,0.0,1.33,0.15,0.21,0.0,0.0,0.33,0.0,0.15,0.37,0.22,5.8,0.0,0.22,0.39,0.17,0.54,0.4,0.2,7.98,23.08,23.24,33.8,47.2,0.0,0.0,0.0,0.0,0.0,0.0,0.6,1.8,2.8,5.0,0.2,2.6,0.26,0.24,0.6,0.4,1.6,0.2,0.26,0.83,0.53,5.58,-5829.0,-0.3270632756413824,1.0,0.073,0.136,0.791,,,0.1724448315568432,1.159168760977991e-09,1,0.0,0.8622241612617223,,0.0
198,5909,1,0,10,0,1.7,678,0.01,0.06,0.05,0.82,339,0,0,3.4,7.2,2024-05-14,21,18,0,0,0,0,37,0,210018,0,2,0,25.0,4,-5877,6046,11923,6.4,False,0,,,Manchester City,0,1,0.0992273390293121,21,,Tottenham Hotspur,Manchester City,0,2,22233,2023,661926,0.0,0,0,0,0.0992273390293121,0.0992273390293121,0.0,,Manchester City,,,5,4,37,4.7,MID,0.0,0.01,0.08,0.07,0.0,0.0,0.0,2.4,2.0,1.0,21.0,15.0,0.0,0.0,0.0,0.0,0.0,0.0,0.0,4.0,0.0,1.0,0.0,1.0,0.13,0.0,0.0,0.0,0.0,0.0,0.13,0.13,0.0,4.7,0.0,0.19,0.25,0.06,0.42,0.0,0.0,2.47,4.07,6.3,14.67,23.33,0.0,0.0,0.0,0.0,0.0,0.0,0.33,2.33,1.67,1.0,0.0,1.33,0.08,0.21,0.0,0.0,0.33,0.0,0.08,0.3,0.22,5.43,0.0,0.19,0.34,0.15,0.4,0.2,0.2,5.6,15.84,13.12,27.4,34.4,0.0,0.0,0.0,0.0,0.0,0.0,0.4,2.4,2.0,4.0,0.2,2.2,0.24,0.17,0.4,0.2,0.8,0.2,0.24,0.65,0.37,5.88,0.0,-0.3270632756413824,4.0,0.146,0.158,0.696,,,0.1712496407453307,1.159168760977991e-09,1,0.0,0.8562482072041597,,0.0
199,5937,0,0,3,0,0.0,774,0.0,0.0,0.0,0.0,369,0,0,0.2,2.0,2024-05-11,1,12,0,0,0,0,37,0,2336,0,1,3,0.0,1,85,157,72,4.0,True,0,774.0,,West Ham United,0,0,0.0,1,,West Ham United,Luton,3,1,22263,2023,660608,0.0,0,0,0,0.0,0.0,0.0,11409.0,West Ham United,Kaelan Casey,Kaelan Casey,2,3,37,0.7,DEF,,,,,,,,,,,,,,,,,,,,,,,,,,,,,,,,,,,,,,,,,,,,,,,,,,,,,,,,,,,,,,,,,,,,,,,,,,,,,,,,,,,,,,,,,,,,,,,,,,,,,,,0.0,0.37117903930131,1.0,0.526,0.225,0.249,,0.4757072845304977,5.515961021274052e-10,-5.277553949412095e-10,1,0.0,-1.2379999982736896,,0.0
200,5973,1,0,18,1,24.7,6,0.5,0.5,0.0,0.64,365,0,0,5.6,25.6,2024-05-12,90,14,0,0,0,0,37,0,859649,1,1,0,6.0,6,-83580,54286,137866,7.5,False,0,6.0,,Arsenal,0,0,0.0,90,FW,Manchester United,Arsenal,0,1,22259,2023,661300,1.0024385452270508,1,2,0,0.0,1.1223152875900269,0.1198767721652984,5220.0,Arsenal,Kai Havertz,Kai Havertz,5,4,37,9.2,MID,1.0,0.16,0.43,0.27,0.37,0.0,0.0,10.6,20.4,35.3,50.0,90.0,0.0,0.0,0.0,0.0,1.0,0.0,1.0,0.0,3.0,5.0,0.0,2.0,0.17,0.74,1.0,0.0,2.0,0.0,0.17,1.03,0.23,8.2,0.67,0.17,0.74,0.57,1.45,0.67,1.0,14.27,52.67,28.4,61.67,83.67,0.0,0.0,0.0,0.0,0.33,0.0,1.0,1.0,3.33,10.67,1.0,2.33,0.6,0.47,0.67,0.33,2.0,1.0,0.6,1.04,0.3,10.8,0.6,0.19,0.63,0.44,1.12,0.8,0.6,12.26,36.6,26.58,59.4,86.2,0.0,0.0,0.0,0.0,0.4,0.0,1.0,1.4,2.0,7.2,0.6,3.0,0.5,0.31,0.4,0.2,1.8,0.6,0.5,0.86,0.3,10.82,-102602.0,-0.4349681502144136,6.0,0.135,0.172,0.694,,,0.0168346453294914,0.2152005610008736,0,0.0,2.729774909650078,Havertz,10.29
201,6039,0,0,2,1,14.1,107,0.05,0.27,0.22,0.36,362,0,0,5.6,3.2,2024-05-11,62,3,0,0,0,0,37,0,6041,1,2,1,39.0,3,21,367,346,4.7,False,0,107.0,,Brentford,0,2,0.3626734018325805,67,FWL,Bournemouth,Brentford,1,2,22255,2023,660712,0.0647545009851455,0,1,0,0.3626734018325805,0.4274278879165649,0.0,10809.0,Brentford,Keane Lewis-Potter,Keane Lewis-Potter,2,2,37,3.8,MID,1.0,0.01,0.46,0.45,0.64,0.0,0.0,3.8,6.6,1.1,30.0,65.0,0.0,0.0,0.0,0.0,0.0,0.0,1.0,0.0,0.0,3.0,0.0,2.0,0.65,0.0,0.0,0.0,0.0,0.0,0.65,0.65,0.0,3.2,0.67,0.02,0.63,0.6,0.32,0.0,0.33,5.5,15.8,1.47,37.67,52.33,0.0,0.0,0.0,0.0,0.0,0.0,0.67,1.67,0.67,4.0,0.33,2.33,0.77,0.0,0.0,0.0,0.0,0.33,0.77,0.79,0.03,3.23,0.4,0.02,0.38,0.37,0.33,0.2,0.2,3.92,11.32,1.3,26.4,36.4,0.0,0.0,0.0,0.0,0.0,0.0,0.4,1.6,1.4,2.8,0.2,1.6,0.48,0.0,0.0,0.0,0.0,0.2,0.48,0.49,0.02,2.74,66.0,0.0294530154277699,3.0,0.489,0.238,0.272,,,0.1841397608041866,0.0686262722905259,0,0.0,2.1265776208925105,,0.0
202,6073,1,0,30,1,93.8,349,0.56,0.68,0.12,0.12,364,0,0,16.1,37.0,2024-05-11,74,10,0,0,0,0,37,0,2140414,1,4,0,30.0,6,104849,208180,103331,10.6,False,0,349.0,,Manchester City,0,2,0.1272687911987304,78,AMC,Fulham,Manchester City,0,4,22258,2023,660338,1.469438076019287,1,7,0,0.1272687911987304,1.2822321653366089,0.3116720914840698,447.0,Manchester City,Kevin De Bruyne,Kevin De Bruyne,5,3,37,15.1,MID,0.0,0.35,0.38,0.03,0.35,1.0,0.0,5.6,8.2,31.7,16.0,78.0,0.0,0.0,0.0,0.0,0.0,0.0,1.0,1.0,5.0,2.0,0.0,1.0,0.07,0.1,0.0,0.0,1.0,0.0,0.07,1.29,1.12,7.0,0.67,0.2,0.33,0.13,0.72,0.33,0.33,8.57,30.47,29.8,25.33,79.0,0.0,0.0,0.0,0.0,0.0,0.0,1.0,2.33,1.67,7.33,0.33,3.0,0.15,0.22,0.67,0.67,1.33,0.33,0.15,0.74,0.52,7.8,0.6,0.56,0.71,0.15,0.72,0.6,0.6,12.86,43.08,49.3,36.0,81.4,0.0,0.0,0.0,0.0,0.2,0.0,1.0,2.4,2.4,8.4,0.6,3.4,0.18,0.59,0.6,0.6,3.0,0.6,0.18,1.07,0.49,7.7,126400.0,0.3365820147603134,6.0,0.073,0.136,0.791,,,0.2002808959360307,0.4509229416925935,1,1.0,4.354173304757934,De Bruyne,25.93
203,6074,1,0,19,1,11.2,349,0.28,0.53,0.25,0.52,339,0,0,5.5,24.8,2024-05-14,68,18,0,0,0,0,37,0,2140414,1,2,0,19.0,6,104849,208180,103331,10.6,False,0,349.0,,Manchester City,0,1,0.0843008607625961,69,AMC,Tottenham Hotspur,Manchester City,0,2,22233,2023,661922,0.9445824027061462,1,1,0,0.0843008607625961,1.324834942817688,0.2959517240524292,447.0,Manchester City,Kevin De Bruyne,Kevin De Bruyne,5,4,37,15.1,MID,1.0,0.56,0.68,0.12,0.12,0.0,0.0,16.1,37.0,93.8,30.0,74.0,0.0,0.0,0.0,0.0,0.0,0.0,1.0,4.0,0.0,6.0,0.0,2.0,0.13,1.47,1.0,1.0,7.0,0.0,0.13,1.28,0.31,15.1,0.67,0.39,0.51,0.12,0.7,0.33,0.0,11.43,29.67,57.27,27.33,80.0,0.0,0.0,0.0,0.0,0.0,0.0,1.0,2.33,1.67,6.33,0.0,2.67,0.14,0.71,1.0,1.0,3.67,0.0,0.14,1.09,0.6,10.37,0.8,0.44,0.59,0.15,0.52,0.2,0.2,11.78,30.32,55.5,31.8,78.2,0.0,0.0,0.0,0.0,0.2,0.0,1.0,2.4,2.0,6.0,0.2,3.2,0.18,0.67,0.6,0.6,3.6,0.2,0.18,1.07,0.49,9.16,0.0,0.3365820147603134,6.0,0.146,0.158,0.696,,,0.1466453959058922,0.0703829281451744,0,1.0,3.944375763964985,De Bruyne,25.93
204,6087,0,0,-2,0,0.3,115,0.01,0.01,0.0,0.12,362,1,0,0.0,0.0,2024-05-11,15,3,0,0,0,0,37,0,5617,0,2,1,0.0,1,14,81,67,5.2,False,0,115.0,,Brentford,0,0,0.0,11,Sub,Bournemouth,Brentford,1,2,22255,2023,660716,0.0,0,0,0,0.0,0.0275107566267251,0.0275107566267251,9156.0,Brentford,Kevin Schade,Kevin Schade,2,2,37,2.2,MID,0.0,0.0,0.02,0.02,0.04,0.0,0.0,0.4,0.0,0.0,6.0,8.0,0.0,0.0,0.0,0.0,0.0,0.0,0.0,0.0,0.0,1.0,0.0,1.0,0.03,0.0,0.0,0.0,0.0,0.0,0.03,0.0,0.0,3.0,0.0,0.0,0.16,0.16,0.13,0.33,0.33,2.47,12.73,0.47,12.0,13.33,0.0,0.0,0.0,0.0,0.0,0.0,0.0,1.67,0.67,2.67,0.33,1.0,0.21,0.0,0.0,0.0,0.0,0.33,0.21,0.2,0.0,2.57,0.0,0.07,0.17,0.1,0.08,0.2,0.2,2.28,11.48,3.04,8.4,11.8,0.0,0.0,0.0,0.0,0.0,0.0,0.0,1.0,1.0,2.6,0.2,0.6,0.13,0.08,0.2,0.2,0.2,0.2,0.13,0.2,0.0,2.74,42.0,0.0945945945945946,1.0,0.489,0.238,0.272,,,-1.5743444325977407e-09,1.159168760977991e-09,0,0.0,0.999999995605784,,0.0
205,6123,0,0,3,0,0.1,430,0.0,0.0,0.0,0.0,366,0,0,0.1,0.4,2024-05-11,1,5,0,0,0,0,37,0,2285485,0,1,1,0.0,1,-34382,19651,54033,6.6,True,0,430.0,,Newcastle United,0,0,0.0,1,Sub,Newcastle United,Brighton and Hove Albion,1,1,22260,2023,660669,0.0,0,0,0,0.0,0.0,0.0,652.0,Newcastle United,Kieran Trippier,Kieran Trippier,2,4,37,0.6,DEF,0.0,0.01,0.08,0.07,0.27,0.0,0.0,1.0,6.6,1.0,2.0,51.0,0.0,0.0,0.0,0.0,0.0,0.0,1.0,0.0,3.0,1.0,0.0,1.0,0.06,0.0,0.0,0.0,0.0,0.0,0.06,0.04,0.04,1.5,0.0,0.15,0.17,0.02,1.75,2.0,0.0,3.17,14.4,13.5,3.33,77.0,0.0,0.0,0.0,0.0,0.0,0.0,1.0,1.0,3.0,0.67,0.0,0.33,0.02,0.06,0.0,0.0,0.67,0.0,0.02,0.18,0.16,2.4,0.0,0.13,0.21,0.08,1.81,2.4,0.2,5.24,27.52,19.06,5.4,82.2,0.0,0.0,0.0,0.0,0.0,0.0,1.0,2.0,3.0,3.0,0.2,0.4,0.08,0.16,0.4,0.4,1.0,0.2,0.08,0.23,0.15,4.22,-2179958.0,-0.466614190326258,1.0,0.602,0.199,0.199,,0.2463007410245665,5.515961021274052e-10,-5.277553949412095e-10,0,0.0,1.8770000017263109,Trippier,0.41
206,6124,0,0,9,0,37.8,430,0.06,0.06,0.0,1.17,337,2,0,4.7,7.0,2024-05-15,62,14,0,0,0,0,37,0,2285485,1,2,3,2.0,1,-34382,19651,54033,6.6,False,0,430.0,,Newcastle United,0,0,0.0,66,DR,Manchester United,Newcastle United,3,2,22231,2023,662130,0.1123374626040458,0,2,0,0.0,0.0515617877244949,0.0,652.0,Newcastle United,Kieran Trippier,Kieran Trippier,3,4,37,0.6,DEF,0.0,0.0,0.0,0.0,0.0,0.0,0.0,0.1,0.4,0.1,0.0,1.0,0.0,0.0,0.0,0.0,0.0,0.0,0.0,1.0,1.0,1.0,0.0,0.0,0.0,0.0,0.0,0.0,0.0,0.0,0.0,0.0,0.0,0.6,0.0,0.01,0.03,0.02,0.89,1.33,0.0,1.3,8.0,3.2,1.33,47.33,0.0,0.0,0.0,0.0,0.0,0.0,0.67,0.67,2.67,0.67,0.0,0.33,0.02,0.0,0.0,0.0,0.0,0.0,0.02,0.03,0.03,0.7,0.0,0.11,0.12,0.01,1.35,1.6,0.0,3.1,15.08,13.48,2.0,64.4,0.0,0.0,0.0,0.0,0.0,0.0,0.8,1.4,2.4,1.4,0.0,0.2,0.01,0.1,0.2,0.2,0.6,0.0,0.01,0.11,0.1,3.0,0.0,-0.466614190326258,1.0,0.347,0.238,0.415,,0.540303131683729,0.0019288821994785,0.1116910449930028,0,0.0,1.0766464281758794,Trippier,0.41
207,6147,0,0,14,0,27.3,388,0.04,0.04,0.0,1.71,365,1,0,4.4,14.4,2024-05-12,90,1,0,0,0,0,37,0,95948,1,1,0,2.0,2,3732,11363,7631,4.4,True,0,388.0,,Manchester United,0,0,0.0,90,DMC,Manchester United,Arsenal,0,1,22259,2023,661281,0.0472407490015029,0,2,0,0.0,0.2263972610235214,0.1952492147684097,11174.0,Manchester United,Kobbie Mainoo,Kobbie Mainoo,5,4,37,7.4,MID,0.0,0.31,0.31,0.0,1.47,4.0,0.0,2.5,15.8,9.3,0.0,90.0,0.0,0.0,0.0,0.0,0.0,0.0,1.0,0.0,4.0,2.0,0.0,0.0,0.0,0.0,0.0,0.0,0.0,0.0,0.0,0.08,0.08,3.0,0.33,0.14,0.18,0.04,1.12,2.0,0.0,3.53,15.13,13.3,7.0,81.33,0.0,0.0,0.0,0.0,0.0,0.0,1.0,1.0,3.0,3.33,0.0,0.67,0.04,0.02,0.33,0.33,0.67,0.0,0.04,0.24,0.2,4.27,0.2,0.09,0.13,0.04,1.65,2.0,0.2,3.94,21.08,9.12,9.2,81.0,0.0,0.0,0.0,0.0,0.0,0.0,1.0,1.4,2.6,4.4,0.2,0.8,0.04,0.01,0.2,0.2,0.4,0.2,0.04,0.17,0.13,4.2,5108.0,0.1964830999262925,2.0,0.135,0.172,0.694,,,0.0080915447074447,0.094473222085081,1,0.0,1.3238773897924665,,0.0
208,6148,0,2,30,0,4.1,388,0.04,0.51,0.47,2.18,337,1,1,7.9,47.4,2024-05-15,82,15,0,0,0,0,37,0,95948,1,2,3,27.0,9,3732,11363,7631,4.4,True,0,388.0,,Manchester United,1,1,0.377051442861557,86,DMC,Manchester United,Newcastle United,3,2,22231,2023,662120,0.0,0,0,1,0.377051442861557,0.4131298661231994,0.0360784046351909,11174.0,Manchester United,Kobbie Mainoo,Kobbie Mainoo,3,4,37,7.4,MID,0.0,0.04,0.04,0.0,1.71,1.0,0.0,4.4,14.4,27.3,2.0,90.0,0.0,0.0,0.0,0.0,0.0,0.0,1.0,1.0,0.0,2.0,0.0,0.0,0.0,0.05,0.0,0.0,2.0,0.0,0.0,0.23,0.2,7.4,0.33,0.12,0.14,0.02,1.43,1.67,0.0,3.1,12.0,17.07,2.0,81.33,0.0,0.0,0.0,0.0,0.0,0.0,1.0,0.67,1.67,2.33,0.0,0.33,0.02,0.03,0.0,0.0,1.0,0.0,0.02,0.25,0.21,5.1,0.2,0.1,0.12,0.03,1.34,1.8,0.0,3.26,12.8,14.4,5.4,82.2,0.0,0.0,0.0,0.0,0.0,0.0,1.0,1.2,2.2,2.8,0.0,0.6,0.03,0.02,0.2,0.2,0.8,0.0,0.03,0.19,0.16,4.88,0.0,0.1964830999262925,7.0,0.347,0.238,0.415,,,0.2858890512274674,0.0014248761225785,0,0.0,3.4337198845050723,,0.0
209,6209,0,0,21,1,1.4,90,0.08,0.08,0.0,0.36,362,0,0,1.0,4.4,2024-05-11,61,3,0,0,0,0,37,0,77040,1,2,1,4.0,6,-19502,234,19736,4.4,False,0,90.0,,Brentford,0,0,0.0,66,DR,Bournemouth,Brentford,1,2,22255,2023,660703,0.0,0,0,0,0.0,0.1212294921278953,0.1212294921278953,9677.0,Brentford,Kristoffer Ajer,Kristoffer Ajer,2,2,37,2.8,DEF,0.0,0.01,0.01,0.0,0.22,0.0,0.0,1.4,12.2,1.3,0.0,45.0,0.0,0.0,0.0,0.0,0.0,0.0,1.0,0.0,0.0,1.0,0.0,0.0,0.0,0.0,0.0,0.0,0.0,0.0,0.0,0.0,0.0,2.2,0.33,0.01,0.07,0.05,0.42,0.33,0.0,2.07,9.6,1.13,9.67,67.67,0.0,0.0,0.0,0.0,0.0,0.0,1.0,1.67,0.67,3.0,0.0,1.0,0.06,0.0,0.0,0.0,0.0,0.0,0.06,0.1,0.08,3.37,0.4,0.01,0.05,0.03,0.78,0.8,0.0,2.2,13.12,0.86,7.8,76.6,0.0,0.0,0.0,0.0,0.0,0.0,1.0,1.6,1.0,3.2,0.0,0.6,0.04,0.0,0.0,0.0,0.0,0.0,0.04,0.08,0.08,4.04,-21371.0,-0.9765648472709064,6.0,0.489,0.238,0.272,,0.7050868789082496,0.0156957622667226,-5.277553949412095e-10,0,0.0,1.741174572017069,,0.0
210,6241,0,0,13,0,0.3,544,0.01,0.01,0.0,0.42,369,1,0,2.7,24.2,2024-05-11,90,12,0,0,0,0,37,0,165786,1,1,3,2.0,2,-3665,2578,6243,4.5,True,0,544.0,,West Ham United,0,0,0.0,90,DC,West Ham United,Luton,3,1,22263,2023,660597,0.0,0,0,0,0.0,0.0452461391687393,0.0452461391687393,935.0,West Ham United,Kurt Zouma,Kurt Zouma,2,3,37,1.3,DEF,0.0,0.0,0.0,0.0,4.13,5.0,0.0,2.7,26.8,0.4,0.0,90.0,0.0,0.0,0.0,0.0,0.0,0.0,1.0,0.0,5.0,0.0,0.0,0.0,0.0,0.0,0.0,0.0,0.0,0.0,0.0,0.03,0.03,0.5,0.0,0.01,0.02,0.01,2.78,4.0,0.0,2.83,21.27,3.6,3.33,90.0,0.0,0.0,0.0,0.0,0.0,0.0,1.0,1.33,4.0,0.33,0.0,0.33,0.01,0.01,0.0,0.0,0.33,0.0,0.01,0.03,0.02,1.2,0.0,0.01,0.01,0.01,2.27,2.8,0.0,2.18,17.28,2.44,2.0,78.0,0.0,0.0,0.0,0.0,0.0,0.0,0.8,1.6,2.6,0.8,0.0,0.2,0.0,0.01,0.0,0.0,0.2,0.0,0.0,0.02,0.02,1.88,-3946.0,-0.4154857725881419,2.0,0.526,0.225,0.249,,1.6660487385909095,0.0007862876188984,-5.277553949412095e-10,0,0.0,1.1717177241301242,Zouma,2.06
211,6272,0,0,25,1,2.1,369,0.01,0.01,0.0,0.12,364,0,0,0.5,2.8,2024-05-11,68,10,0,0,0,0,37,0,1652835,0,4,0,0.0,6,163403,215256,51853,5.5,False,0,369.0,,Manchester City,0,0,0.0,69,Sub,Fulham,Manchester City,0,4,22258,2023,660344,0.0,0,0,0,0.0,0.4596652090549469,0.4596652090549469,638.0,Manchester City,Kyle Walker,Kyle Walker,5,3,37,16.3,DEF,0.0,0.02,0.02,0.0,0.35,1.0,0.0,1.9,14.0,4.7,0.0,90.0,0.0,0.0,0.0,0.0,0.0,0.0,1.0,1.0,5.0,2.0,0.0,0.0,0.0,0.0,0.0,0.0,0.0,0.0,0.0,0.63,0.63,7.0,0.67,0.04,0.04,0.0,0.75,0.33,0.0,4.1,23.27,14.33,3.33,86.0,0.0,0.0,0.0,0.0,0.0,0.0,1.0,2.33,1.67,8.0,0.0,0.0,0.0,0.19,0.67,0.67,0.67,0.0,0.0,0.6,0.42,5.4,0.4,0.06,0.07,0.01,0.99,0.6,0.0,3.88,21.4,11.78,5.4,87.6,0.0,0.0,0.0,0.0,0.0,0.0,1.0,1.8,1.8,5.6,0.0,0.4,0.01,0.11,0.4,0.4,0.4,0.0,0.01,0.66,0.54,4.78,173002.0,0.6117465154674684,6.0,0.073,0.136,0.791,,0.3545584055539688,5.515961021274052e-10,-5.277553949412095e-10,0,0.0,1.8230000017263104,Walker,7.82
212,6273,0,1,27,1,12.5,369,0.05,0.05,0.0,1.33,339,0,0,3.3,14.2,2024-05-14,90,18,0,0,0,0,37,0,1652835,1,2,0,6.0,7,163403,215256,51853,5.5,False,0,369.0,,Manchester City,0,0,0.0,90,DR,Tottenham Hotspur,Manchester City,0,2,22233,2023,661915,0.2959517240524292,0,1,0,0.0,0.3951790630817413,0.3951790630817413,638.0,Manchester City,Kyle Walker,Kyle Walker,5,4,37,16.3,DEF,1.0,0.01,0.01,0.0,0.12,0.0,0.0,0.5,2.8,2.1,0.0,68.0,0.0,0.0,0.0,0.0,0.0,0.0,0.0,4.0,0.0,6.0,0.0,0.0,0.0,0.0,0.0,0.0,0.0,0.0,0.0,0.46,0.46,16.3,0.67,0.03,0.03,0.0,0.7,0.33,0.0,1.6,10.2,5.7,0.0,82.67,0.0,0.0,0.0,0.0,0.0,0.0,0.67,2.33,1.67,5.33,0.0,0.0,0.0,0.0,0.0,0.0,0.0,0.0,0.0,0.52,0.52,9.57,0.6,0.03,0.03,0.0,0.97,0.4,0.0,2.98,18.0,9.26,2.4,83.2,0.0,0.0,0.0,0.0,0.0,0.0,0.8,2.4,1.2,6.4,0.0,0.0,0.0,0.11,0.4,0.4,0.4,0.0,0.0,0.48,0.37,7.24,0.0,0.6117465154674684,6.0,0.146,0.158,0.696,,0.53746094469423,0.0316701279198534,0.0498156001362932,0,0.0,2.070467567928,Walker,7.82
213,6315,0,3,30,1,14.0,26,0.62,1.26,0.64,0.48,365,0,1,9.2,42.6,2024-05-12,65,14,0,0,0,0,37,0,241429,1,1,0,35.0,11,5122,16270,11148,6.5,False,0,26.0,,Arsenal,1,1,0.9399007558822632,69,FWL,Manchester United,Arsenal,0,1,22259,2023,661301,0.1643979251384735,0,1,1,0.9399007558822632,1.1668363809585571,0.0625377297401428,7698.0,Arsenal,Leandro Trossard,Leandro Trossard,5,4,37,8.2,MID,1.0,0.04,0.59,0.55,0.37,0.0,1.0,7.0,33.0,5.5,31.0,80.0,0.0,0.0,0.0,0.0,0.0,0.0,1.0,0.0,3.0,8.0,1.0,4.0,0.4,0.0,0.0,0.0,0.0,1.0,0.4,0.76,0.36,6.6,1.0,0.04,0.43,0.39,1.04,0.0,0.67,6.03,24.93,8.2,27.0,71.0,0.0,0.0,0.0,0.0,0.33,0.0,1.0,1.0,3.33,6.0,0.67,3.33,0.31,0.03,0.0,0.0,0.33,0.67,0.31,0.74,0.4,7.63,1.0,0.05,0.4,0.36,0.73,0.0,0.6,6.92,25.2,12.96,31.0,70.0,0.0,0.0,0.0,0.0,0.4,0.0,1.0,1.4,2.0,5.6,0.6,2.6,0.33,0.06,0.0,0.0,0.8,0.6,0.33,0.68,0.31,7.52,5770.0,0.1868115836311911,8.0,0.135,0.172,0.694,,,0.3160613310101736,0.0813611888775924,0,1.0,4.824390221683645,Trossard,0.82
214,6351,0,0,9,0,38.2,34,0.81,0.96,0.15,1.73,361,3,0,7.6,11.8,2024-05-13,90,11,0,0,0,0,37,0,337764,1,3,3,26.0,2,-38360,7214,45574,5.4,True,0,34.0,,Aston Villa,0,3,0.4754363596439361,90,AMR,Aston Villa,Liverpool,3,3,22256,2023,661845,1.2129507064819336,0,3,0,0.4754363596439361,0.7198829054832458,0.0,5221.0,Aston Villa,Leon Bailey,Leon Bailey,4,4,37,4.5,MID,0.0,0.02,0.02,0.0,2.69,1.0,0.0,1.2,6.6,1.8,4.0,90.0,0.0,0.0,0.0,0.0,0.0,0.0,1.0,0.0,1.0,2.0,0.0,0.0,0.0,0.0,0.0,0.0,0.0,0.0,0.0,0.0,0.0,6.0,0.0,0.1,0.44,0.34,1.71,1.0,0.33,6.7,23.47,22.93,20.67,83.33,0.0,0.0,0.0,0.0,0.33,0.0,1.0,1.0,2.0,5.33,0.33,0.67,0.34,0.3,0.33,0.33,2.0,0.33,0.34,0.69,0.05,5.93,0.0,0.08,0.38,0.3,1.36,1.2,0.4,6.0,22.28,17.68,20.2,73.8,0.0,0.0,0.0,0.0,0.2,0.0,0.8,1.6,1.8,5.4,0.4,1.0,0.25,0.18,0.4,0.2,1.2,0.4,0.25,0.44,0.05,4.76,-42175.0,-0.7266803061301811,2.0,0.225,0.218,0.556,,,0.1826371157637885,0.240644324596521,0,1.0,4.635118552608505,,0.0
215,6409,0,0,13,0,38.5,66,0.12,0.13,0.01,1.44,362,2,0,6.3,17.4,2024-05-11,90,4,0,0,0,0,37,0,6856,1,2,1,7.0,2,-588,384,972,4.9,True,0,66.0,,Bournemouth,0,1,0.012418083846569,90,DMC,Bournemouth,Brentford,1,2,22255,2023,660692,0.1105633005499839,0,3,0,0.012418083846569,0.1580111980438232,0.1226958185434341,1789.0,Bournemouth,Lewis Cook,Lewis Cook,2,2,37,2.4,MID,0.0,0.0,0.0,0.0,3.98,3.0,0.0,2.3,22.0,0.9,0.0,90.0,0.0,0.0,0.0,0.0,0.0,0.0,1.0,0.0,3.0,2.0,0.0,0.0,0.0,0.0,0.0,0.0,0.0,0.0,0.0,0.0,0.0,1.2,0.67,0.08,0.08,0.0,1.84,1.0,0.0,3.0,19.8,10.13,0.0,90.0,0.0,0.0,0.0,0.0,0.0,0.0,1.0,0.33,2.0,2.67,0.0,0.0,0.0,0.06,0.0,0.0,0.67,0.0,0.0,0.21,0.2,2.43,0.4,0.06,0.06,0.0,1.81,1.6,0.0,3.24,17.16,14.82,0.4,90.0,0.0,0.0,0.0,0.0,0.2,0.0,1.0,0.8,2.2,2.2,0.0,0.0,0.0,0.06,0.0,0.0,1.0,0.0,0.0,0.29,0.28,2.64,-604.0,-0.4336283185840708,2.0,0.489,0.238,0.272,,,0.0372075036697725,0.2073439588963628,1,0.0,1.8080693950379505,L.Cook,0.41
216,6422,0,0,1,0,10.9,624,0.0,0.0,0.0,0.29,363,0,0,1.7,6.2,2024-05-11,21,17,0,0,0,0,37,0,4916,0,0,1,0.0,1,-6,32,38,4.5,True,0,624.0,,Everton,0,0,0.0,18,Sub,Everton,Sheffield United,1,0,22257,2023,660547,0.0893846154212951,0,1,0,0.0,0.0893846154212951,0.0,10027.0,Everton,Lewis Dobbin,Lewis Dobbin,2,2,37,0.7,MID,0.0,0.03,0.08,0.05,0.35,0.0,0.0,2.2,1.4,11.2,9.0,29.0,0.0,0.0,0.0,0.0,0.0,0.0,0.0,0.0,2.0,1.0,0.0,1.0,0.05,0.04,0.0,0.0,1.0,0.0,0.05,0.05,0.0,0.5,0.0,0.01,0.03,0.02,0.42,0.33,0.0,0.73,0.47,3.87,3.0,10.67,0.0,0.0,0.0,0.0,0.0,0.0,0.0,1.0,1.67,1.0,0.0,0.33,0.02,0.01,0.0,0.0,0.33,0.0,0.02,0.03,0.01,0.13,0.0,0.02,0.04,0.02,0.28,0.2,0.0,0.98,1.32,5.22,3.2,7.6,0.0,0.0,0.0,0.0,0.2,0.0,0.0,1.0,1.4,0.8,0.0,0.4,0.02,0.08,0.0,0.0,0.4,0.0,0.02,0.09,0.01,0.24,-496.0,-0.0857142857142857,1.0,0.676,0.197,0.126,,,-1.5743444325977407e-09,0.0872296347471179,0,0.0,1.2616888963696316,,0.0
217,6454,0,0,15,0,0.3,129,0.0,0.03,0.03,2.27,366,1,0,1.9,10.4,2024-05-11,90,15,0,0,0,0,37,0,716612,1,1,1,8.0,2,94980,112449,17469,5.2,False,0,129.0,,Brighton and Hove Albion,0,1,0.0356215089559555,90,DC,Newcastle United,Brighton and Hove Albion,1,1,22260,2023,660673,0.0,0,0,0,0.0356215089559555,0.5030931830406189,0.5030931830406189,6048.0,Brighton and Hove Albion,Lewis Dunk,Lewis Dunk,2,4,37,4.0,DEF,1.0,0.01,0.01,0.0,0.06,0.0,0.0,1.6,15.4,0.7,0.0,90.0,0.0,0.0,0.0,0.0,0.0,0.0,1.0,0.0,1.0,7.0,0.0,0.0,0.0,0.0,0.0,0.0,0.0,0.0,0.0,1.38,1.38,2.3,0.33,0.01,0.02,0.02,1.21,2.33,0.0,3.07,23.73,0.73,6.33,90.0,0.0,0.0,0.0,0.0,0.0,0.0,1.0,1.33,1.33,2.67,0.0,0.33,0.03,0.0,0.0,0.0,0.0,0.0,0.03,0.56,0.56,2.03,0.2,0.01,0.02,0.01,1.71,2.2,0.0,2.9,21.92,3.3,3.8,90.0,0.0,0.0,0.0,0.0,0.0,0.0,1.0,1.6,1.0,2.4,0.0,0.2,0.02,0.01,0.0,0.0,0.2,0.0,0.02,0.4,0.39,2.52,120791.0,0.731076525192814,2.0,0.602,0.199,0.199,,1.179543347888488,0.0644359174760047,-5.277553949412095e-10,0,0.0,1.7966155032727622,Dunk,2.88
218,6455,0,0,8,0,0.3,129,0.0,0.0,0.0,1.0,332,1,0,1.1,11.0,2024-05-15,45,7,0,0,0,0,37,0,716612,1,2,1,0.0,0,94980,112449,17469,5.2,True,1,129.0,,Brighton and Hove Albion,0,0,0.0,55,DC,Brighton and Hove Albion,Chelsea,1,2,22226,2023,662146,0.0,0,0,0,0.0,0.1341588199138641,0.1341588199138641,6048.0,Brighton and Hove Albion,Lewis Dunk,Lewis Dunk,3,3,37,4.0,DEF,0.0,0.0,0.03,0.03,2.27,1.0,0.0,1.9,10.4,0.3,8.0,90.0,0.0,0.0,0.0,0.0,0.0,0.0,1.0,1.0,1.0,2.0,0.0,1.0,0.04,0.0,0.0,0.0,0.0,0.0,0.04,0.5,0.5,4.0,0.33,0.01,0.02,0.01,1.53,1.33,0.0,2.5,21.6,0.73,2.67,90.0,0.0,0.0,0.0,0.0,0.0,0.0,1.0,0.33,1.67,3.33,0.0,0.33,0.01,0.0,0.0,0.0,0.0,0.0,0.01,0.71,0.71,2.9,0.2,0.01,0.02,0.02,1.52,1.8,0.0,2.52,19.16,0.56,5.4,90.0,0.0,0.0,0.0,0.0,0.0,0.0,1.0,1.2,1.2,2.6,0.0,0.4,0.02,0.0,0.0,0.0,0.0,0.0,0.02,0.47,0.47,2.72,0.0,0.731076525192814,0.0,0.284,0.235,0.481,,1.238921154297254,5.515961021274052e-10,-5.277553949412095e-10,0,0.0,1.3810000017263109,Dunk,2.88
219,6471,0,0,10,0,5.4,204,0.04,0.14,0.1,1.32,366,1,0,3.1,13.4,2024-05-11,90,5,0,0,0,0,37,0,56823,1,1,1,12.0,1,14535,17219,2684,4.2,True,1,204.0,,Newcastle United,0,3,0.1084919422864914,90,DL,Newcastle United,Brighton and Hove Albion,1,1,22260,2023,660660,0.0,0,0,0,0.1084919422864914,1.556523084640503,1.4761143922805786,10216.0,Newcastle United,Lewis Hall,Lewis Hall,2,4,37,5.2,DEF,0.0,0.02,0.09,0.07,1.08,1.0,0.0,2.8,19.4,1.4,7.0,90.0,0.0,0.0,0.0,0.0,0.0,0.0,1.0,4.0,1.0,2.0,0.0,2.0,0.12,0.0,0.0,0.0,0.0,0.0,0.12,0.76,0.68,2.0,0.0,0.01,0.07,0.06,0.94,1.0,0.0,2.07,9.47,1.27,10.0,65.33,0.0,0.0,0.0,0.0,0.0,0.0,0.67,1.67,2.67,1.67,0.0,1.67,0.08,0.0,0.0,0.0,0.0,0.0,0.08,0.39,0.32,2.87,0.2,0.01,0.04,0.03,0.81,0.6,0.0,1.62,9.16,1.0,6.0,57.6,0.0,0.0,0.0,0.0,0.0,0.0,0.6,1.2,2.4,2.4,0.0,1.0,0.05,0.0,0.0,0.0,0.0,0.0,0.05,0.24,0.2,3.08,15623.0,0.7302919157915893,1.0,0.602,0.199,0.199,,1.2548607426029528,0.0763939179285266,-5.277553949412095e-10,0,0.0,1.8313635059878937,Hall,1.65
220,6472,0,0,26,0,28.7,204,0.21,0.27,0.06,1.44,337,3,1,10.4,59.6,2024-05-15,90,14,0,0,0,0,37,0,56823,1,2,3,16.0,7,14535,17219,2684,4.2,False,0,204.0,,Newcastle United,1,2,0.0418701544404029,90,DL,Manchester United,Newcastle United,3,2,22231,2023,662133,0.1602559238672256,0,2,1,0.0418701544404029,0.5632936358451843,0.4231340289115906,10216.0,Newcastle United,Lewis Hall,Lewis Hall,3,4,37,5.2,DEF,0.0,0.04,0.14,0.1,1.32,1.0,0.0,3.1,13.4,5.4,12.0,90.0,0.0,0.0,0.0,0.0,1.0,0.0,1.0,1.0,1.0,1.0,0.0,3.0,0.11,0.0,0.0,0.0,0.0,0.0,0.11,1.56,1.48,5.2,0.0,0.02,0.11,0.08,1.26,1.0,0.0,3.03,13.93,2.8,13.33,87.0,0.0,0.0,0.0,0.0,0.33,0.0,1.0,2.0,2.33,1.67,0.0,2.33,0.11,0.0,0.0,0.0,0.0,0.0,0.11,0.9,0.81,3.4,0.0,0.02,0.07,0.05,0.83,0.8,0.0,1.86,8.36,1.84,8.4,57.6,0.0,0.0,0.0,0.0,0.2,0.0,0.6,1.2,2.6,1.4,0.0,1.6,0.07,0.0,0.0,0.0,0.0,0.0,0.07,0.54,0.49,3.32,0.0,0.7302919157915893,7.0,0.347,0.238,0.415,,1.7069781958247416,0.0712662180765002,0.1421978890882984,0,0.0,2.0011909757238966,Hall,1.65
221,6491,0,0,3,0,0.0,841,0.0,0.0,0.0,0.0,363,0,0,0.0,0.0,2024-05-11,1,17,0,0,0,0,37,0,100,0,0,1,0.0,1,9,23,14,4.5,True,0,841.0,,Everton,0,0,0.0,1,,Everton,Sheffield United,1,0,22257,2023,660548,0.0,0,0,0,0.0,0.0,0.0,10775.0,Everton,Lewis Warrington,Lewis Warrington,2,2,37,0.7,MID,,,,,,,,,,,,,,,,,,,,,,,,,,,,,,,,,,,,,,,,,,,,,,,,,,,,,,,,,,,,,,,,,,,,,,,,,,,,,,,,,,,,,,,,,,,,,,,,,,,,,,,0.0,0.2432432432432432,1.0,0.676,0.197,0.126,,,-1.5743444325977407e-09,1.159168760977991e-09,0,0.0,-4.39421588005473e-09,,0.0
222,6501,0,0,3,0,0.1,391,0.0,0.0,0.0,0.14,337,1,0,0.2,2.0,2024-05-15,7,15,0,0,0,0,37,0,222564,0,2,3,0.0,1,-535,248,783,4.7,True,0,391.0,,Manchester United,0,0,0.0,4,Sub,Manchester United,Newcastle United,3,2,22231,2023,662125,0.0,0,0,0,0.0,0.0,0.0,10802.0,Manchester United,Lisandro Martínez,Lisandro Martínez,3,4,37,-0.2,DEF,0.0,0.0,0.0,0.0,0.92,1.0,0.0,0.2,1.4,0.1,0.0,21.0,0.0,0.0,0.0,0.0,0.0,0.0,0.0,1.0,1.0,1.0,0.0,0.0,0.0,0.0,0.0,0.0,0.0,0.0,0.0,0.0,0.0,0.2,0.33,0.0,0.0,0.0,1.43,1.0,0.0,1.9,18.53,0.43,0.0,58.67,0.0,0.0,0.0,0.0,0.33,0.0,0.67,1.67,2.33,2.33,0.0,0.0,0.0,0.0,0.0,0.0,0.0,0.0,0.0,0.13,0.13,1.0,0.2,0.0,0.0,0.0,1.14,1.2,0.0,1.88,16.24,2.56,0.0,57.4,0.0,0.0,0.0,0.0,0.2,0.0,0.6,2.0,2.0,2.4,0.0,0.0,0.0,0.0,0.2,0.2,0.2,0.0,0.0,0.21,0.21,1.16,-3254.0,-0.518913676042677,1.0,0.347,0.238,0.415,,0.4039311336312199,5.515961021274052e-10,-5.277553949412095e-10,0,0.0,0.7980000017263105,,0.0
223,6524,0,0,8,0,2.8,70,0.01,0.04,0.03,1.44,362,2,0,2.1,13.8,2024-05-11,90,4,0,0,0,0,37,0,11426,1,2,1,4.0,1,-671,661,1332,4.5,True,0,70.0,,Bournemouth,0,1,0.0526417791843414,90,DL,Bournemouth,Brentford,1,2,22255,2023,660691,0.0,0,0,0,0.0526417791843414,0.1884674876928329,0.1884674876928329,8090.0,Bournemouth,Lloyd Kelly,Lloyd Kelly,2,2,37,1.8,DEF,1.0,0.0,0.0,0.0,1.0,0.0,0.0,1.7,17.0,0.3,0.0,90.0,0.0,0.0,0.0,0.0,0.0,0.0,1.0,0.0,3.0,6.0,0.0,0.0,0.0,0.0,0.0,0.0,0.0,0.0,0.0,0.3,0.3,2.0,0.33,0.03,0.03,0.0,1.2,1.0,0.0,1.7,11.53,5.47,0.0,63.0,0.0,0.0,0.0,0.0,0.0,0.0,0.67,0.67,2.0,2.67,0.0,0.0,0.0,0.1,0.0,0.0,0.33,0.0,0.0,0.25,0.15,3.67,0.2,0.03,0.03,0.0,1.17,1.2,0.0,2.28,12.8,8.7,1.2,66.0,0.0,0.0,0.0,0.0,0.0,0.0,0.6,1.0,2.0,2.0,0.0,0.0,0.0,0.14,0.0,0.0,0.6,0.0,0.0,0.26,0.14,3.42,-545.0,-0.3366783743100853,1.0,0.489,0.238,0.272,,1.637828961702383,0.0196991179872501,-5.277553949412095e-10,0,0.0,1.2991947063402345,,0.0
224,6539,0,0,-1,0,0.4,805,0.0,0.0,0.0,2.5,368,2,0,0.9,8.8,2024-05-11,90,18,0,0,0,0,37,0,23080,1,1,2,0.0,0,3956,8118,4162,4.0,False,1,805.0,,Burnley,0,0,0.0,90,,Tottenham Hotspur,Burnley,2,1,22262,2023,660642,0.0,0,0,0,0.0,0.072248063981533,0.072248063981533,8973.0,Burnley,Lorenz Assignon,Lorenz Assignon,2,4,37,3.0,DEF,0.0,0.02,0.12,0.1,3.58,4.0,0.0,6.0,22.8,12.8,24.0,90.0,0.0,0.0,0.0,0.0,0.0,0.0,1.0,4.0,1.0,0.0,0.0,2.0,0.06,0.06,0.0,0.0,1.0,0.0,0.06,0.61,0.55,4.0,0.0,0.11,0.22,0.11,2.91,2.0,0.33,7.63,37.27,13.53,25.33,90.0,0.0,0.0,0.0,0.0,0.0,0.0,1.0,3.0,1.0,5.33,0.33,1.67,0.08,0.19,0.33,0.33,1.0,0.33,0.08,0.48,0.38,3.83,0.0,0.13,0.2,0.07,2.08,1.6,0.2,5.78,27.76,11.7,18.2,88.6,0.0,0.0,0.0,0.0,0.0,0.0,1.0,2.0,1.0,4.0,0.2,1.2,0.06,0.13,0.2,0.2,0.8,0.2,0.06,0.43,0.35,2.18,4961.0,0.3221498371335505,0.0,0.699,0.165,0.136,,1.7570433609116858,5.515961021274052e-10,-5.277553949412095e-10,0,0.0,1.1210000017263106,,0.0
225,6588,0,0,10,0,19.7,42,0.04,0.05,0.01,1.73,361,3,0,3.6,12.8,2024-05-13,90,11,0,0,0,0,37,0,329262,1,3,3,3.0,1,-8320,8885,17205,4.6,True,0,42.0,,Aston Villa,0,1,0.0132502224296331,90,DL,Aston Villa,Liverpool,3,3,22256,2023,661842,0.0118825510144233,0,1,0,0.0132502224296331,0.0,0.0,1823.0,Aston Villa,Lucas Digne,Lucas Digne,4,4,37,1.5,DEF,0.0,0.01,0.01,0.0,2.63,1.0,0.0,1.1,9.4,1.6,0.0,89.0,0.0,0.0,0.0,0.0,0.0,0.0,1.0,0.0,1.0,2.0,0.0,0.0,0.0,0.0,0.0,0.0,0.0,0.0,0.0,0.0,0.0,4.7,0.0,0.08,0.1,0.01,1.9,1.33,0.0,2.43,10.8,10.27,3.33,89.67,0.0,0.0,0.0,0.0,0.0,0.0,1.0,1.0,2.0,1.67,0.0,0.33,0.02,0.06,0.0,0.0,0.67,0.0,0.02,0.47,0.47,3.97,0.2,0.07,0.12,0.05,1.77,1.4,0.0,3.04,14.2,11.32,4.8,89.8,0.0,0.0,0.0,0.0,0.0,0.0,1.0,1.6,1.8,3.6,0.0,0.8,0.05,0.06,0.2,0.2,0.6,0.0,0.05,0.38,0.38,3.02,-10317.0,-0.3188961287849751,1.0,0.225,0.218,0.556,,1.513200563354015,0.0378167254353878,0.047036769973668,0,0.0,1.6110106625333305,,0.0
226,6619,0,0,11,0,24.4,539,0.25,0.26,0.01,0.42,369,1,0,4.7,16.2,2024-05-11,83,12,0,0,0,0,37,0,157240,1,1,3,6.0,2,-4256,1295,5551,6.0,True,0,,,West Ham United,0,1,0.0189873967319726,89,,West Ham United,Luton,3,1,22263,2023,660604,0.0734934359788894,0,1,0,0.0189873967319726,0.7392419576644897,0.6467611193656921,,West Ham United,,,2,3,37,2.3,MID,0.0,0.14,0.2,0.06,3.46,4.0,0.0,6.0,8.2,40.5,11.0,75.0,0.0,0.0,0.0,0.0,1.0,0.0,1.0,0.0,5.0,1.0,0.0,1.0,0.05,0.36,0.0,0.0,2.0,0.0,0.05,0.4,0.04,1.5,0.0,0.07,0.09,0.02,2.56,3.67,0.0,3.43,7.8,20.0,6.33,85.0,0.0,0.0,0.0,0.0,0.33,0.0,1.0,1.33,4.0,1.67,0.0,0.33,0.02,0.14,0.0,0.0,1.0,0.0,0.02,0.27,0.13,2.6,0.0,0.09,0.3,0.21,2.49,2.8,0.2,5.94,17.72,25.7,15.8,87.0,0.0,0.0,0.0,0.0,0.6,0.0,1.0,1.6,2.6,2.8,0.2,1.0,0.24,0.14,0.0,0.0,1.4,0.0,0.09,0.24,0.14,3.2,-4267.0,-0.621676891615542,2.0,0.526,0.225,0.249,,,0.0286755258330564,0.1222247758041579,0,0.0,2.510051956577756,,0.0
227,6656,0,0,2,0,44.4,303,0.08,0.08,0.0,2.84,361,1,0,6.1,10.6,2024-05-13,75,2,0,0,0,0,37,0,1080371,1,3,3,6.0,2,-229593,9199,238792,7.6,False,0,303.0,,Liverpool,0,0,0.0,81,FWL,Aston Villa,Liverpool,3,3,22256,2023,661862,0.1497587263584137,0,4,0,0.0,0.2053299844264984,0.0555712655186653,10408.0,Liverpool,Luis Díaz,Luis Díaz,4,4,37,2.4,MID,0.0,0.09,0.37,0.28,0.74,1.0,0.0,6.3,7.0,12.9,43.0,74.0,0.0,0.0,0.0,0.0,0.0,0.0,1.0,2.0,4.0,2.0,0.0,2.0,0.25,0.05,0.0,0.0,1.0,0.0,0.25,0.53,0.28,2.4,0.0,0.28,0.55,0.27,0.83,1.67,0.0,11.2,19.8,45.7,46.33,80.67,0.0,0.0,0.0,0.0,0.33,0.0,1.0,1.33,2.67,2.67,0.0,2.67,0.35,0.28,0.33,0.33,3.67,0.0,0.35,0.92,0.5,5.7,0.0,0.18,0.41,0.23,0.86,1.4,0.0,8.16,14.0,30.26,37.2,76.0,0.0,0.0,0.0,0.0,0.2,0.0,1.0,1.6,1.8,2.4,0.0,2.0,0.28,0.17,0.2,0.2,2.4,0.0,0.28,0.6,0.32,6.84,-247006.0,-0.9258118238161868,2.0,0.225,0.218,0.556,,,0.0252193641266529,0.1938947075595349,0,1.0,3.707780943311869,Luis Díaz,0.41
228,6704,0,0,3,0,0.3,317,0.0,0.0,0.0,0.62,369,0,0,0.7,5.0,2024-05-11,3,19,0,0,0,0,37,0,3281,0,1,3,2.0,1,18,81,63,4.6,False,0,317.0,,Luton,0,0,0.0,1,Sub,West Ham United,Luton,3,1,22263,2023,660623,0.0,0,0,0,0.0,0.0,0.0,11722.0,Luton,Luke Berry,Luke Berry,2,3,37,1.7,MID,0.0,0.0,0.11,0.11,0.0,0.0,0.0,2.8,3.0,0.0,25.0,3.0,0.0,0.0,0.0,0.0,0.0,0.0,0.0,1.0,1.0,1.0,0.0,2.0,0.13,0.0,0.0,0.0,0.0,0.0,0.13,0.02,0.0,2.0,0.0,0.0,0.16,0.16,0.67,1.0,0.33,3.5,14.53,0.33,20.33,24.0,0.0,0.0,0.0,0.0,0.0,0.0,0.0,2.33,1.33,2.67,0.33,1.33,0.16,0.0,0.0,0.0,0.0,0.33,0.16,0.12,0.0,2.27,0.0,0.01,0.11,0.1,1.09,1.2,0.2,2.84,13.52,2.38,12.6,35.2,0.0,0.0,0.0,0.0,0.0,0.0,0.2,1.8,2.2,2.8,0.2,0.8,0.09,0.01,0.2,0.2,0.2,0.2,0.09,0.11,0.02,1.86,45.0,0.125,1.0,0.526,0.225,0.249,,,0.0039573427802466,1.159168760977991e-09,0,0.0,1.0197867173787394,,0.0
229,6752,0,0,5,0,10.9,168,0.02,0.02,0.0,2.5,368,2,0,1.5,1.6,2024-05-11,86,18,0,0,0,0,37,0,43719,1,1,2,2.0,2,-1603,835,2438,4.7,False,0,168.0,,Burnley,0,0,0.0,89,FW,Tottenham Hotspur,Burnley,2,1,22262,2023,660651,0.0892283022403717,0,1,0,0.0,0.1614763587713241,0.072248063981533,7498.0,Burnley,Lyle Foster,Lyle Foster,2,4,37,2.0,FWD,0.0,0.21,0.8,0.59,3.23,4.0,0.0,5.5,6.2,12.8,36.0,84.0,0.0,0.0,0.0,0.0,0.0,0.0,1.0,4.0,1.0,2.0,0.0,4.0,0.6,0.03,0.0,0.0,1.0,0.0,0.6,0.66,0.04,2.5,0.0,0.09,0.7,0.61,2.73,2.0,0.33,7.63,18.6,10.77,47.0,85.67,0.0,0.0,0.0,0.0,0.0,0.0,1.0,3.0,1.0,3.33,0.33,3.67,0.66,0.05,0.0,0.0,0.67,0.33,0.66,0.85,0.2,2.6,0.0,0.08,0.46,0.38,1.99,1.6,0.2,5.92,13.36,10.02,35.8,87.4,0.0,0.0,0.0,0.0,0.0,0.0,1.0,2.0,1.0,2.8,0.2,2.4,0.41,0.03,0.0,0.0,0.6,0.2,0.41,0.53,0.14,2.04,-1547.0,-0.4897647418270699,2.0,0.699,0.165,0.136,,,0.0034253947852311,0.0736566882482852,0,,2.23467164388578,Foster,0.41
230,6794,0,0,5,0,0.1,114,0.0,0.0,0.0,0.33,362,1,0,0.7,6.4,2024-05-11,28,3,0,0,0,0,37,0,48998,0,2,1,0.0,1,-9893,276,10169,4.4,False,0,,,Brentford,0,0,0.0,24,,Bournemouth,Brentford,1,2,22255,2023,660714,0.0,0,0,0,0.0,0.0,0.0,,Brentford,,,2,2,37,1.0,DEF,0.0,0.08,0.08,0.0,0.97,0.0,0.0,1.2,7.2,2.6,2.0,45.0,0.0,0.0,0.0,0.0,0.0,0.0,0.0,0.0,0.0,1.0,0.0,0.0,0.0,0.0,0.0,0.0,0.0,0.0,0.0,0.0,0.0,2.0,0.0,0.03,0.05,0.02,0.44,0.33,0.0,0.73,3.47,1.03,2.67,21.67,0.0,0.0,0.0,0.0,0.0,0.0,0.0,1.67,0.67,1.0,0.0,0.33,0.02,0.0,0.0,0.0,0.0,0.0,0.02,0.01,0.01,3.03,0.2,0.03,0.05,0.01,0.73,0.8,0.0,1.36,8.0,3.72,1.6,49.0,0.0,0.0,0.0,0.0,0.2,0.0,0.4,1.6,1.4,1.8,0.0,0.2,0.01,0.02,0.0,0.0,0.2,0.0,0.01,0.04,0.02,3.32,-11219.0,-0.9471517472474869,1.0,0.489,0.238,0.272,,0.5728275474714901,5.515961021274052e-10,-5.277553949412095e-10,0,0.0,0.7140000017263104,,0.0
231,6835,0,0,-2,0,3.4,203,0.01,0.1,0.09,0.19,367,1,0,2.6,3.6,2024-05-11,32,16,0,0,0,0,37,0,825904,0,3,2,19.0,1,-29716,47987,77703,4.3,False,0,203.0,,Chelsea,0,1,0.4627650380134582,27,Sub,Nottingham Forest,Chelsea,2,3,22261,2023,660896,0.0,0,0,0,0.4627650380134582,1.118843913078308,0.6560788750648499,9017.0,Chelsea,Malo Gusto,Malo Gusto,3,2,37,4.6,DEF,0.0,0.01,0.01,0.0,0.06,0.0,0.0,0.9,4.4,2.6,2.0,7.0,0.0,0.0,0.0,0.0,0.0,0.0,0.0,0.0,5.0,1.0,0.0,0.0,0.0,0.0,0.0,0.0,0.0,0.0,0.0,0.02,0.02,0.3,0.33,0.04,0.04,0.0,1.0,1.0,0.0,3.37,10.4,20.0,3.33,56.0,0.0,0.0,0.0,0.0,0.33,0.0,0.67,1.0,5.0,2.33,0.0,0.0,0.0,0.09,0.0,0.0,1.67,0.0,0.0,0.15,0.08,0.87,0.2,0.14,0.21,0.07,1.01,1.4,0.0,5.32,16.4,27.16,9.6,68.8,0.0,0.0,0.0,0.0,0.2,0.0,0.8,1.4,4.0,1.8,0.0,0.6,0.1,0.17,0.0,0.0,2.0,0.0,0.1,0.48,0.34,1.62,-32956.0,-0.2364229453417137,1.0,0.278,0.249,0.473,,0.9193336436028074,0.1151339783889666,0.0318229236453277,0,0.0,1.3262726412697827,Gusto,2.06
232,6836,1,3,40,1,24.6,203,0.47,0.53,0.06,0.66,332,0,0,7.1,31.2,2024-05-15,68,5,0,0,0,0,37,0,825904,1,2,1,15.0,12,-29716,47987,77703,4.3,False,0,203.0,,Chelsea,0,2,0.0822694674134254,78,DR,Brighton and Hove Albion,Chelsea,1,2,22226,2023,662161,0.5622685551643372,1,2,0,0.0822694674134254,0.8957486748695374,0.6967848539352417,9017.0,Chelsea,Malo Gusto,Malo Gusto,3,3,37,4.6,DEF,0.0,0.01,0.1,0.09,0.19,1.0,0.0,2.6,3.6,3.4,19.0,32.0,0.0,0.0,0.0,0.0,0.0,0.0,0.0,3.0,2.0,1.0,0.0,1.0,0.46,0.0,0.0,0.0,0.0,0.0,0.46,1.12,0.66,4.6,0.33,0.03,0.06,0.03,0.54,0.33,0.0,2.07,5.6,6.77,8.33,42.0,0.0,0.0,0.0,0.0,0.0,0.0,0.33,1.0,4.33,2.67,0.0,0.33,0.15,0.03,0.0,0.0,0.33,0.0,0.15,0.47,0.29,2.23,0.2,0.09,0.18,0.09,0.89,1.2,0.0,5.14,12.72,26.54,12.2,57.2,0.0,0.0,0.0,0.0,0.2,0.0,0.6,1.6,3.8,1.8,0.0,0.8,0.19,0.17,0.0,0.0,2.0,0.0,0.19,0.67,0.43,2.0,0.0,-0.2364229453417137,9.0,0.284,0.235,0.481,,2.037492404330017,0.0635710321796916,0.0686393018593063,0,0.0,0.5683440986560686,Gusto,2.06
233,6870,0,0,19,1,3.8,341,0.02,0.52,0.5,0.12,364,0,0,2.4,13.2,2024-05-11,90,10,0,0,0,0,37,0,610493,1,4,0,7.0,6,15874,35003,19129,5.0,False,0,341.0,,Manchester City,0,1,0.5225448608398438,90,DR,Fulham,Manchester City,0,4,22258,2023,660331,0.0,0,0,0,0.5225448608398438,0.3969524800777435,0.3969524800777435,6490.0,Manchester City,Manuel Akanji,Manuel Akanji,5,3,37,12.7,DEF,0.0,0.02,0.23,0.21,0.35,1.0,0.0,3.4,12.6,12.5,9.0,90.0,0.0,0.0,0.0,0.0,0.0,0.0,1.0,1.0,5.0,2.0,0.0,1.0,0.63,0.03,0.0,0.0,1.0,0.0,0.63,1.48,0.85,5.5,0.67,0.01,0.08,0.07,0.83,0.33,0.0,2.47,13.53,8.17,3.0,90.0,0.0,0.0,0.0,0.0,0.0,0.0,1.0,2.33,1.67,5.33,0.0,0.33,0.21,0.02,0.0,0.0,0.67,0.0,0.21,0.71,0.49,4.53,0.4,0.05,0.1,0.06,0.7,0.6,0.0,2.94,13.48,12.5,3.4,81.0,0.0,0.0,0.0,0.0,0.0,0.0,0.8,2.4,2.4,3.8,0.0,0.4,0.13,0.03,0.0,0.0,0.8,0.0,0.13,0.95,0.81,4.34,14665.0,0.2932461390674647,6.0,0.073,0.136,0.791,,0.4400116432289735,0.0609721283300057,-5.277553949412095e-10,0,1.0,6.145832768396768,Akanji,4.94
234,6871,0,0,25,1,1.6,341,0.03,0.03,0.0,1.33,339,0,0,1.2,10.2,2024-05-14,90,18,0,0,0,0,37,0,610493,1,2,0,0.0,6,15874,35003,19129,5.0,False,0,341.0,,Manchester City,0,0,0.0,90,DC,Tottenham Hotspur,Manchester City,0,2,22233,2023,661917,0.0,0,0,0,0.0,0.3802525699138641,0.3802525699138641,6490.0,Manchester City,Manuel Akanji,Manuel Akanji,5,4,37,12.7,DEF,1.0,0.02,0.52,0.5,0.12,0.0,0.0,2.4,13.2,3.8,7.0,90.0,0.0,0.0,0.0,0.0,0.0,0.0,1.0,4.0,0.0,6.0,0.0,1.0,0.52,0.0,0.0,0.0,0.0,0.0,0.52,0.4,0.4,12.7,0.67,0.01,0.25,0.24,0.7,0.33,0.0,2.63,12.2,8.87,5.33,90.0,0.0,0.0,0.0,0.0,0.0,0.0,1.0,2.33,1.67,5.33,0.0,0.67,0.38,0.02,0.0,0.0,0.67,0.0,0.38,0.77,0.55,7.67,0.6,0.04,0.2,0.16,0.62,0.4,0.0,3.12,15.16,11.72,4.4,90.0,0.0,0.0,0.0,0.0,0.0,0.0,1.0,2.4,2.0,4.8,0.0,0.6,0.24,0.03,0.0,0.0,0.8,0.0,0.24,0.89,0.75,6.12,0.0,0.2932461390674647,6.0,0.146,0.158,0.696,,0.4146001720547132,5.515961021274052e-10,-5.277553949412095e-10,0,1.0,5.793000001726311,Akanji,4.94
235,6880,0,0,2,0,0.4,159,0.01,0.01,0.0,1.13,368,1,0,0.1,0.6,2024-05-11,18,18,0,0,0,0,37,0,6645,0,1,2,0.0,1,-26,47,73,5.2,False,0,,,Burnley,0,0,0.0,16,,Tottenham Hotspur,Burnley,2,1,22262,2023,660652,0.0,0,0,0,0.0,0.0,0.0,,Burnley,,,2,4,37,-0.8,MID,0.0,0.0,0.02,0.02,0.0,0.0,0.0,1.1,3.0,0.5,7.0,4.0,0.0,0.0,0.0,0.0,0.0,0.0,0.0,1.0,1.0,1.0,0.0,1.0,0.02,0.0,0.0,0.0,0.0,0.0,0.02,0.02,0.0,-0.3,0.0,0.05,0.06,0.01,0.02,0.33,0.0,1.13,3.0,5.63,2.67,6.33,0.0,0.0,0.0,0.0,0.0,0.0,0.0,1.0,1.33,1.0,0.0,0.67,0.01,0.03,0.0,0.0,0.33,0.0,0.01,0.02,0.01,-0.1,0.0,0.03,0.05,0.01,0.1,0.2,0.0,1.34,3.0,4.72,5.6,6.2,0.0,0.0,0.0,0.0,0.0,0.0,0.0,1.2,0.8,1.0,0.0,0.8,0.02,0.02,0.0,0.0,0.2,0.0,0.02,0.02,0.01,-0.22,-7.0,-0.2166666666666666,1.0,0.699,0.165,0.136,,,-1.5743444325977407e-09,1.159168760977991e-09,0,0.0,0.999999995605784,,0.0
236,6904,0,0,5,0,0.0,228,0.0,0.0,0.0,0.31,370,0,0,0.5,4.6,2024-05-11,20,20,0,0,0,0,37,0,144609,0,3,1,0.0,1,2915,4334,1419,4.2,False,0,,,Crystal Palace,0,0,0.0,15,,Wolverhampton Wanderers,Crystal Palace,1,3,22264,2023,660594,0.0,0,0,0,0.0,0.0,0.0,,Crystal Palace,,,2,2,37,0.4,DEF,0.0,0.0,0.0,0.0,0.0,0.0,0.0,1.5,3.6,11.1,0.0,12.0,0.0,0.0,0.0,0.0,0.0,0.0,0.0,0.0,4.0,1.0,0.0,0.0,0.0,0.05,0.0,0.0,1.0,0.0,0.0,0.05,0.05,0.2,0.0,0.0,0.0,0.0,0.38,1.0,0.0,1.53,6.87,8.4,0.0,43.0,0.0,0.0,0.0,0.0,0.33,0.0,0.67,1.0,3.67,0.67,0.0,0.0,0.0,0.05,0.0,0.0,0.67,0.0,0.0,0.29,0.26,0.8,0.0,0.0,0.0,0.0,1.01,1.4,0.0,2.14,13.64,7.66,0.0,61.0,0.0,0.0,0.0,0.0,0.2,0.0,0.8,0.8,3.8,1.6,0.0,0.0,0.0,0.05,0.2,0.2,0.6,0.0,0.0,0.31,0.27,1.2,3380.0,0.5066921606118547,1.0,0.33,0.271,0.399,,0.3078994859906729,5.515961021274052e-10,-5.277553949412095e-10,0,0.0,0.8460000017263104,,0.0
237,6935,1,1,29,0,40.8,83,0.21,0.21,0.0,1.44,362,2,0,8.1,40.4,2024-05-11,90,4,0,0,0,0,37,0,271687,1,2,1,0.0,4,-80,24711,24791,4.4,True,1,83.0,,Bournemouth,0,0,0.0,90,DC,Bournemouth,Brentford,1,2,22255,2023,660689,0.1025338619947433,1,3,0,0.0,0.1375580877065658,0.0778986066579818,10864.0,Bournemouth,Marcos Senesi,Marcos Senesi,2,2,37,4.8,DEF,0.0,0.01,0.01,0.0,3.89,2.0,0.0,2.4,23.2,0.9,0.0,79.0,0.0,0.0,0.0,0.0,0.0,0.0,1.0,0.0,3.0,1.0,0.0,0.0,0.0,0.0,0.0,0.0,0.0,0.0,0.0,0.0,0.0,4.6,0.67,0.02,0.33,0.31,1.75,0.67,0.33,4.63,27.0,4.1,15.33,85.0,0.0,0.0,0.0,0.0,0.33,0.0,1.0,0.33,2.0,6.67,0.33,1.67,0.33,0.13,0.0,0.0,0.33,0.33,0.33,0.42,0.28,4.9,0.4,0.02,0.21,0.19,1.52,1.2,0.2,4.46,27.56,7.8,9.2,81.4,0.0,0.0,0.0,0.0,0.6,0.0,1.0,0.8,2.2,5.6,0.2,1.0,0.2,0.1,0.4,0.4,0.6,0.2,0.2,0.43,0.34,4.28,-2263.0,-0.0016160963193406,3.0,0.489,0.238,0.272,,1.4553176952906963,0.0003568309346284,0.184421125999828,0,0.0,1.8274043636072543,Senesi,0.41
238,6968,0,0,2,0,0.4,396,0.0,0.07,0.07,0.14,337,1,0,0.8,2.4,2024-05-15,7,15,0,0,0,0,37,0,1043275,0,2,3,5.0,1,-12348,1291,13639,8.4,True,0,396.0,,Manchester United,0,1,0.092241421341896,4,Sub,Manchester United,Newcastle United,3,2,22231,2023,662128,0.0,0,0,0,0.092241421341896,0.0912950038909912,0.0912950038909912,556.0,Manchester United,Marcus Rashford,Marcus Rashford,3,4,37,-0.5,MID,0.0,0.04,0.16,0.12,1.75,2.0,0.0,4.4,2.0,27.0,15.0,90.0,0.0,0.0,0.0,0.0,0.0,0.0,1.0,2.0,2.0,2.0,0.0,1.0,0.08,0.03,0.0,0.0,2.0,0.0,0.08,0.17,0.06,1.5,0.0,0.02,0.06,0.04,1.66,1.67,0.0,2.13,4.8,10.97,5.67,59.67,0.0,0.0,0.0,0.0,0.0,0.0,0.67,2.33,2.67,1.67,0.0,0.33,0.03,0.01,0.0,0.0,0.67,0.0,0.03,0.14,0.1,2.83,0.4,0.04,0.24,0.2,1.73,1.0,0.2,3.74,13.04,12.38,12.0,69.6,0.0,0.0,0.0,0.0,0.0,0.0,0.8,1.6,2.2,3.2,0.2,0.8,0.19,0.01,0.0,0.0,0.8,0.0,0.04,0.13,0.07,3.86,-56888.0,-0.8270596115204286,1.0,0.347,0.238,0.415,,,0.0579939558259359,1.159168760977991e-09,0,0.0,1.289969782607186,,0.0
239,6998,0,0,1,0,1.6,86,0.0,0.0,0.0,0.69,362,2,0,0.7,1.2,2024-05-11,23,4,0,0,0,0,37,0,28510,0,2,1,4.0,1,-1639,288,1927,5.0,True,0,86.0,,Bournemouth,0,0,0.0,19,Sub,Bournemouth,Brentford,1,2,22255,2023,660701,0.0,0,0,0,0.0,0.0961620286107063,0.0961620286107063,10741.0,Bournemouth,Marcus Tavernier,Marcus Tavernier,2,2,37,0.2,MID,0.0,0.16,0.24,0.08,0.45,0.0,1.0,5.0,31.8,5.0,13.0,58.0,0.0,0.0,0.0,0.0,0.0,0.0,1.0,1.0,2.0,6.0,1.0,3.0,0.08,0.0,0.0,0.0,0.0,1.0,0.08,0.13,0.1,3.3,0.67,0.14,0.21,0.07,0.32,0.0,0.33,3.27,14.07,4.4,14.0,73.67,0.0,0.0,0.0,0.0,0.33,0.0,1.0,0.67,1.67,3.67,0.33,1.67,0.07,0.0,0.0,0.0,0.0,0.33,0.07,0.52,0.46,2.43,0.4,0.15,0.2,0.05,0.55,0.2,0.2,4.46,13.96,17.52,13.0,65.4,0.0,0.0,0.0,0.0,0.2,0.0,0.8,1.4,2.2,2.8,0.2,1.4,0.05,0.06,0.0,0.0,1.0,0.2,0.05,0.56,0.48,3.3,-54485.0,-0.7399548532731377,1.0,0.489,0.238,0.272,,,0.0094454255766163,1.159168760977991e-09,1,0.0,1.0472271313605876,,0.0
240,7033,0,0,11,0,4.2,565,0.01,0.12,0.11,2.7,370,3,0,4.5,22.2,2024-05-11,90,8,0,0,0,0,37,0,9666,1,3,1,19.0,2,-775,58,833,4.9,True,0,565.0,,Wolverhampton Wanderers,0,2,0.0512031428515911,90,MC,Wolverhampton Wanderers,Crystal Palace,1,3,22264,2023,660571,0.0,0,0,0,0.0512031428515911,0.0954110398888588,0.0954110398888588,1299.0,Wolverhampton Wanderers,Mario Lemina,Mario Lemina,2,2,37,2.0,MID,0.0,0.0,0.0,0.0,2.12,3.0,0.0,0.3,1.6,0.9,0.0,45.0,0.0,0.0,0.0,0.0,1.0,0.0,1.0,1.0,5.0,0.0,0.0,0.0,0.0,0.0,0.0,0.0,0.0,0.0,0.0,0.0,0.0,1.4,0.0,0.16,0.19,0.04,1.53,1.67,0.0,5.1,21.27,24.3,5.33,75.0,0.0,0.0,0.0,0.0,0.33,0.0,1.0,1.0,2.33,3.33,0.0,1.33,0.04,0.26,0.33,0.33,1.67,0.0,0.04,0.31,0.25,2.37,0.0,0.1,0.12,0.03,1.43,1.6,0.0,4.06,16.12,17.86,6.6,70.8,0.0,0.0,0.0,0.0,0.4,0.0,0.8,1.4,1.8,2.4,0.0,1.0,0.03,0.16,0.2,0.2,1.2,0.0,0.03,0.2,0.16,2.26,-814.0,-0.8698092031425365,2.0,0.33,0.271,0.399,,,0.1331900728412667,1.159168760977991e-09,0,1.0,3.66595036768384,,0.0
241,7070,0,0,16,0,10.0,101,0.0,0.0,0.0,0.69,362,1,0,3.3,23.2,2024-05-11,90,3,0,0,0,0,37,3,494875,1,2,1,0.0,3,-15355,14144,29499,4.7,False,0,101.0,,Brentford,0,0,0.0,90,GK,Bournemouth,Brentford,1,2,22255,2023,660702,0.0,0,0,0,0.0,0.3736286461353302,0.3736286461353302,7047.0,Brentford,Mark Flekken,Mark Flekken,2,2,37,4.2,GK,1.0,0.0,0.0,0.0,1.19,0.0,0.0,3.1,30.6,0.0,0.0,90.0,0.0,0.0,0.0,0.0,0.0,3.0,1.0,0.0,0.0,10.0,0.0,0.0,0.0,0.0,0.0,0.0,0.0,0.0,0.0,0.0,0.0,5.2,0.33,0.0,0.0,0.0,0.85,0.67,0.0,1.97,19.47,0.0,0.0,90.0,0.0,0.0,0.0,0.0,0.0,1.67,1.0,1.67,0.67,4.67,0.0,0.0,0.0,0.0,0.0,0.0,0.0,0.0,0.0,0.13,0.13,5.03,0.4,0.0,0.0,0.0,0.98,1.0,0.0,1.6,15.92,0.0,0.0,90.0,0.0,0.0,0.0,0.0,0.0,1.4,1.0,1.6,1.4,4.4,0.0,0.0,0.0,0.0,0.0,0.0,0.0,0.0,0.0,0.1,0.1,4.88,-21640.0,-0.3518319088971885,3.0,0.489,0.238,0.272,2.931430683436038,1.2955608367919922,,,0,1.0,6.329000000000001,Flekken,1.23
242,7078,0,0,13,0,0.0,88,0.0,0.0,0.0,1.44,362,2,0,1.4,14.4,2024-05-11,90,4,0,0,0,0,37,2,31322,1,2,1,0.0,1,12057,13558,1501,4.0,True,0,88.0,,Bournemouth,0,0,0.0,90,GK,Bournemouth,Brentford,1,2,22255,2023,660687,0.0,0,0,0,0.0,0.0,0.0,7582.0,Bournemouth,Mark Travers,Mark Travers,2,2,37,3.8,GK,0.0,0.0,0.0,0.0,3.98,3.0,0.0,4.0,40.0,0.0,0.0,90.0,0.0,0.0,0.0,0.0,0.0,6.0,1.0,0.0,3.0,3.0,0.0,0.0,0.0,0.0,0.0,0.0,0.0,0.0,0.0,0.0,0.0,2.6,0.67,0.0,0.0,0.0,1.84,1.0,0.0,2.63,26.07,0.0,0.0,90.0,0.0,0.0,0.0,0.0,0.0,3.67,1.0,0.33,2.0,6.0,0.0,0.0,0.0,0.0,0.0,0.0,0.0,0.0,0.0,0.0,0.0,2.7,0.4,0.0,0.0,0.0,1.1,0.6,0.0,1.58,15.64,0.0,0.0,54.0,0.0,0.0,0.0,0.0,0.0,2.2,0.6,0.2,1.2,3.6,0.0,0.0,0.0,0.0,0.0,0.0,0.0,0.0,0.0,0.0,0.0,1.62,14473.0,0.8006507736237466,1.0,0.489,0.238,0.272,1.7430011780272476,0.821010947227478,,,0,0.0,2.17,Travers,0.41
243,7100,0,0,14,0,0.0,409,0.0,0.0,0.0,1.32,366,1,0,2.0,19.6,2024-05-11,90,5,0,0,0,0,37,3,964707,1,1,1,0.0,3,45923,91305,45382,4.3,True,0,409.0,,Newcastle United,0,0,0.0,90,GK,Newcastle United,Brighton and Hove Albion,1,1,22260,2023,660656,0.0,0,0,0,0.0,0.2665153443813324,0.2665153443813324,6532.0,Newcastle United,Martin Dubravka,Martin Dubravka,2,4,37,5.2,GK,0.0,0.0,0.0,0.0,1.08,1.0,0.0,2.7,26.6,0.0,0.0,90.0,0.0,0.0,0.0,0.0,0.0,4.0,1.0,4.0,1.0,3.0,0.0,0.0,0.0,0.0,0.0,0.0,0.0,0.0,0.0,0.32,0.32,4.0,0.0,0.0,0.0,0.0,1.15,1.33,0.0,2.83,28.27,0.0,0.0,90.0,0.0,0.0,0.0,0.0,0.0,4.0,1.0,1.67,2.67,2.67,0.0,0.0,0.0,0.0,0.0,0.0,0.0,0.0,0.0,0.13,0.13,4.5,0.4,0.0,0.0,0.0,1.09,0.8,0.0,2.6,25.84,0.0,0.0,90.0,0.0,0.0,0.0,0.0,0.0,3.6,1.0,1.2,2.4,4.6,0.0,0.0,0.0,0.0,0.0,0.0,0.0,0.0,0.0,0.1,0.1,4.2,47179.0,0.3359719651466489,3.0,0.602,0.199,0.199,2.496650641670847,1.125704050064087,,,0,1.0,6.269,Dubravka,7.41
244,7101,0,0,18,0,0.0,409,0.0,0.0,0.0,1.44,337,3,0,3.8,38.0,2024-05-15,90,14,0,0,0,0,37,5,964707,1,2,3,0.0,2,45923,91305,45382,4.3,False,0,409.0,,Newcastle United,0,0,0.0,90,GK,Manchester United,Newcastle United,3,2,22231,2023,662129,0.0,0,0,0,0.0,0.4042880833148956,0.4042880833148956,6532.0,Newcastle United,Martin Dubravka,Martin Dubravka,3,4,37,5.2,GK,0.0,0.0,0.0,0.0,1.32,1.0,0.0,2.0,19.6,0.0,0.0,90.0,0.0,0.0,0.0,0.0,0.0,3.0,1.0,1.0,1.0,3.0,0.0,0.0,0.0,0.0,0.0,0.0,0.0,0.0,0.0,0.27,0.27,5.2,0.0,0.0,0.0,0.0,1.29,1.0,0.0,2.47,24.47,0.0,0.0,90.0,0.0,0.0,0.0,0.0,0.0,3.33,1.0,2.0,2.33,3.0,0.0,0.0,0.0,0.0,0.0,0.0,0.0,0.0,0.0,0.22,0.22,4.9,0.2,0.0,0.0,0.0,1.1,1.0,0.0,2.3,22.8,0.0,0.0,90.0,0.0,0.0,0.0,0.0,0.0,3.4,1.0,1.2,2.6,3.4,0.0,0.0,0.0,0.0,0.0,0.0,0.0,0.0,0.0,0.13,0.13,4.54,0.0,0.3359719651466489,2.0,0.347,0.238,0.415,4.954712710489834,1.5049290657043457,,,0,1.0,6.9,Dubravka,7.41
245,7135,0,0,11,1,15.9,14,0.04,0.12,0.08,0.62,365,0,0,4.2,12.8,2024-05-12,90,14,0,0,0,0,37,0,1854277,1,1,0,13.0,3,-121455,20521,141976,8.6,False,0,,,Arsenal,0,1,0.0625377297401428,90,,Manchester United,Arsenal,0,1,22259,2023,661297,0.1206570342183113,0,1,0,0.0625377297401428,0.360678493976593,0.1774837374687194,,Arsenal,,,5,4,37,6.6,MID,1.0,0.4,1.1,0.7,0.37,0.0,0.0,7.1,12.2,35.0,24.0,90.0,0.0,0.0,0.0,0.0,0.0,0.0,1.0,0.0,3.0,3.0,0.0,3.0,0.7,0.11,0.0,0.0,1.0,0.0,0.7,1.74,0.94,6.6,0.67,0.55,0.83,0.28,1.45,0.67,0.0,10.33,28.8,57.03,17.33,89.33,0.0,0.0,0.0,0.0,0.0,0.0,1.0,1.0,3.33,5.33,0.0,2.0,0.29,0.55,0.67,0.67,3.67,0.0,0.29,1.26,0.71,9.67,0.8,0.39,0.63,0.24,0.98,0.4,0.2,9.66,27.04,48.26,21.0,87.2,0.0,0.0,0.0,0.0,0.0,0.0,1.0,1.4,2.0,5.6,0.2,2.8,0.25,0.37,0.4,0.4,3.2,0.2,0.25,1.0,0.61,9.98,-133903.0,-0.7474291833079996,3.0,0.135,0.172,0.694,,,0.1034294858603557,0.077533297766013,0,0.0,2.7497473225998177,,0.0
246,7203,0,0,12,1,22.5,356,0.11,0.11,0.0,0.12,364,0,0,3.1,8.4,2024-05-11,81,10,0,0,0,0,37,0,37832,1,4,0,0.0,3,543,982,439,4.6,False,0,,,Manchester City,0,0,0.0,85,,Fulham,Manchester City,0,4,22258,2023,660335,0.0979610830545425,0,1,0,0.0,1.128600001335144,1.0306389331817627,,Manchester City,,,5,3,37,5.9,MID,0.0,0.04,0.07,0.03,0.35,1.0,0.0,3.8,12.6,6.7,19.0,90.0,0.0,0.0,0.0,0.0,0.0,0.0,1.0,1.0,5.0,2.0,0.0,1.0,0.06,0.0,0.0,0.0,0.0,0.0,0.06,0.95,0.95,4.8,0.33,0.03,0.04,0.01,0.4,0.33,0.0,3.2,13.33,12.47,6.33,75.0,0.0,0.0,0.0,0.0,0.0,0.0,0.67,2.33,1.67,2.0,0.0,0.33,0.02,0.03,0.0,0.0,0.67,0.0,0.02,0.56,0.54,4.4,0.2,0.06,0.15,0.08,0.45,0.6,0.2,5.28,20.28,20.08,12.4,66.2,0.0,0.0,0.0,0.0,0.0,0.0,0.6,2.4,2.4,3.2,0.2,1.2,0.06,0.07,0.0,0.0,1.4,0.2,0.06,0.6,0.54,4.14,597.0,0.3821252638986629,3.0,0.073,0.136,0.791,,,-1.5743444325977407e-09,0.0892614106299194,1,0.0,1.267784224018036,,0.0
247,7204,0,0,8,1,4.6,356,0.02,0.07,0.05,1.33,339,0,0,1.8,10.2,2024-05-14,90,18,0,0,0,0,37,0,37832,1,2,0,3.0,2,543,982,439,4.6,False,1,,,Manchester City,0,2,0.0899998769164085,90,,Tottenham Hotspur,Manchester City,0,2,22233,2023,661919,0.0,0,0,0,0.0899998769164085,0.3951790630817413,0.3951790630817413,,Manchester City,,,5,4,37,5.9,MID,1.0,0.11,0.11,0.0,0.12,0.0,0.0,3.1,8.4,22.5,0.0,81.0,0.0,0.0,0.0,0.0,0.0,0.0,1.0,4.0,0.0,3.0,0.0,0.0,0.0,0.1,0.0,0.0,1.0,0.0,0.0,1.13,1.03,5.9,0.33,0.06,0.07,0.01,0.28,0.33,0.0,2.9,11.67,10.97,6.33,72.0,0.0,0.0,0.0,0.0,0.0,0.0,0.67,2.33,1.67,2.0,0.0,0.33,0.02,0.03,0.0,0.0,0.33,0.0,0.02,0.87,0.83,4.9,0.4,0.08,0.17,0.08,0.36,0.4,0.2,5.48,20.36,22.44,12.0,79.2,0.0,0.0,0.0,0.0,0.0,0.0,0.8,2.4,2.0,3.6,0.2,1.2,0.06,0.09,0.0,0.0,1.4,0.2,0.06,0.81,0.73,4.82,0.0,0.3821252638986629,2.0,0.146,0.158,0.696,,,0.0245516403867933,0.0043050791247869,1,0.0,1.1356734393083272,,0.0
248,7265,0,0,24,0,6.1,590,0.04,0.4,0.36,2.7,370,3,1,10.0,39.4,2024-05-11,90,8,0,0,0,0,37,0,273699,1,3,1,54.0,5,-44495,8549,53044,5.5,True,1,,,Wolverhampton Wanderers,1,4,0.2471404671669006,90,,Wolverhampton Wanderers,Crystal Palace,1,3,22264,2023,660573,0.0,0,0,1,0.2471404671669006,0.2316931933164596,0.0802737325429916,,Wolverhampton Wanderers,,,2,2,37,2.4,FWD,0.0,0.02,0.02,0.0,2.88,4.0,0.0,1.4,5.4,8.8,0.0,75.0,0.0,0.0,0.0,0.0,0.0,0.0,1.0,1.0,5.0,2.0,0.0,0.0,0.0,0.0,0.0,0.0,0.0,0.0,0.0,0.14,0.14,2.8,0.33,0.13,0.16,0.03,1.18,1.33,0.0,3.4,11.93,10.1,12.0,61.67,0.0,0.0,0.0,0.0,0.33,0.0,0.67,1.0,2.33,2.33,0.0,1.33,0.05,0.03,0.33,0.33,0.33,0.0,0.05,0.13,0.07,2.53,0.2,0.09,0.22,0.13,1.26,1.6,0.4,5.02,21.68,9.26,19.2,59.0,0.0,0.0,0.0,0.0,0.6,0.0,0.6,1.4,2.0,3.8,0.4,1.6,0.21,0.02,0.2,0.2,0.4,0.4,0.21,0.13,0.07,2.2,-47903.0,-0.7224035198805059,5.0,0.33,0.271,0.399,,,0.7316532857364726,-8.433620468650812e-10,0,,4.926613140415804,,0.0
249,7297,0,0,2,0,4.2,106,0.13,0.13,0.0,0.33,362,1,0,0.7,2.6,2024-05-11,27,3,0,0,0,0,37,0,78379,0,2,1,0.0,0,-3134,430,3564,5.2,False,1,106.0,,Brentford,0,0,0.0,23,Sub,Bournemouth,Brentford,1,2,22255,2023,660715,0.0,0,0,0,0.0,0.0275107566267251,0.0275107566267251,7166.0,Brentford,Mathias Jensen,Mathias Jensen,2,2,37,0.9,MID,0.0,0.12,0.22,0.1,0.77,1.0,0.0,6.7,17.0,45.3,5.0,90.0,0.0,0.0,0.0,0.0,0.0,0.0,1.0,0.0,1.0,2.0,0.0,1.0,0.13,0.56,0.0,0.0,3.0,0.0,0.13,0.74,0.1,2.6,0.67,0.2,0.24,0.04,0.63,0.33,0.0,5.13,15.27,31.3,4.67,87.0,0.0,0.0,0.0,0.0,0.0,0.0,1.0,1.67,1.33,2.67,0.0,0.67,0.05,0.21,0.0,0.0,1.67,0.0,0.05,0.61,0.4,3.2,0.6,0.15,0.17,0.02,0.75,0.8,0.0,3.54,11.36,20.7,3.2,86.2,0.0,0.0,0.0,0.0,0.0,0.0,1.0,1.6,1.4,2.6,0.0,0.4,0.03,0.13,0.0,0.0,1.0,0.0,0.03,0.6,0.47,2.8,-4184.0,-0.784677015523285,0.0,0.489,0.238,0.272,,,-1.5743444325977407e-09,0.0007081841839857,0,0.0,2.002124544680235,,0.0
250,7341,0,0,16,0,4.6,598,0.02,0.13,0.11,2.7,370,3,0,3.4,12.2,2024-05-11,78,8,0,0,0,0,37,0,23611,1,3,1,17.0,1,-1059,275,1334,4.3,True,0,598.0,,Wolverhampton Wanderers,0,1,0.0802737325429916,84,DMR,Wolverhampton Wanderers,Crystal Palace,1,3,22264,2023,660568,0.0,0,0,0,0.0802737325429916,0.1448455601930618,0.0645718351006507,6852.0,Wolverhampton Wanderers,Matt Doherty,Matt Doherty,2,2,37,1.0,DEF,0.0,0.01,0.01,0.0,0.59,1.0,0.0,3.2,16.6,13.8,2.0,90.0,0.0,0.0,0.0,0.0,0.0,0.0,1.0,1.0,2.0,2.0,0.0,0.0,0.0,0.41,0.0,0.0,1.0,0.0,0.0,0.41,0.0,1.5,0.0,0.02,0.03,0.01,0.71,0.67,0.0,2.4,11.0,9.8,3.33,69.67,0.0,0.0,0.0,0.0,0.33,0.0,0.67,1.33,0.67,1.33,0.0,0.33,0.01,0.14,0.0,0.0,0.67,0.0,0.01,0.17,0.03,1.17,0.0,0.02,0.03,0.01,0.95,1.2,0.0,2.44,12.32,8.8,3.2,70.6,0.0,0.0,0.0,0.0,0.2,0.0,0.8,1.6,1.0,1.0,0.0,0.2,0.0,0.1,0.0,0.0,0.6,0.0,0.0,0.12,0.03,1.14,-1812.0,-0.6581727781230577,1.0,0.33,0.271,0.399,,0.858249938128661,0.0407602925490087,-5.277553949412095e-10,1,0.0,0.8155617537107862,,0.0
251,7390,0,0,11,0,0.0,808,0.0,0.0,0.0,1.81,367,3,0,1.3,13.0,2024-05-11,90,7,0,0,0,0,37,2,14053,1,3,2,0.0,1,-3265,1035,4300,4.5,True,0,808.0,,Nottingham Forest,0,0,0.0,90,,Nottingham Forest,Chelsea,2,3,22261,2023,660869,0.0,0,0,0,0.0,0.0645100772380828,0.0645100772380828,6903.0,Nottingham Forest,Matz Sels,Matz Sels,3,2,37,1.8,GK,0.0,0.03,0.03,0.0,2.27,1.0,0.0,3.1,30.6,0.0,0.0,90.0,0.0,0.0,0.0,0.0,0.0,4.0,1.0,3.0,1.0,3.0,0.0,0.0,0.0,0.0,0.0,0.0,0.0,0.0,0.0,0.08,0.08,2.3,0.0,0.02,0.02,0.0,1.19,1.67,0.0,2.3,23.0,0.0,0.0,90.0,0.0,0.0,0.0,0.0,0.0,3.0,1.0,1.67,1.0,2.0,0.0,0.0,0.0,0.0,0.0,0.0,0.0,0.0,0.0,0.04,0.04,1.47,0.0,0.01,0.01,0.0,1.22,2.0,0.0,2.26,22.64,0.0,0.0,90.0,0.0,0.0,0.0,0.0,0.0,3.0,1.0,1.6,1.6,1.8,0.0,0.0,0.0,0.0,0.0,0.0,0.0,0.0,0.0,0.04,0.04,1.58,-3700.0,-0.6119962511715089,1.0,0.278,0.249,0.473,1.2693442286913266,1.1880958080291748,,,0,0.0,1.829,,0.0
252,7448,0,0,14,0,1.4,563,0.01,0.05,0.04,2.7,370,3,0,2.6,18.6,2024-05-11,90,8,0,0,0,0,37,0,194561,1,3,1,6.0,1,-29039,963,30002,4.5,True,0,563.0,,Wolverhampton Wanderers,0,1,0.0320759750902652,90,DC,Wolverhampton Wanderers,Crystal Palace,1,3,22264,2023,660567,0.0,0,0,0,0.0320759750902652,0.0151373064145445,0.0151373064145445,7332.0,Wolverhampton Wanderers,Max Kilman,Max Kilman,2,2,37,1.0,DEF,0.0,0.0,0.0,0.0,3.57,5.0,0.0,2.0,19.6,0.5,0.0,90.0,0.0,0.0,0.0,0.0,0.0,0.0,1.0,1.0,5.0,0.0,0.0,0.0,0.0,0.0,0.0,0.0,0.0,0.0,0.0,0.14,0.14,0.0,0.0,0.05,0.05,0.0,2.01,2.33,0.0,3.37,24.67,7.5,1.33,90.0,0.0,0.0,0.0,0.0,0.0,0.0,1.0,1.0,2.33,1.33,0.0,0.0,0.0,0.01,0.0,0.0,0.67,0.0,0.0,0.35,0.33,0.9,0.0,0.03,0.03,0.0,1.83,2.2,0.0,3.6,25.44,8.8,1.8,90.0,0.0,0.0,0.0,0.0,0.2,0.0,1.0,1.4,1.8,1.0,0.0,0.2,0.0,0.03,0.0,0.0,0.8,0.0,0.0,0.25,0.24,0.94,-33371.0,-0.9378007427740996,1.0,0.33,0.271,0.399,,1.2628757428218478,0.0436547151157731,-5.277553949412095e-10,0,0.0,1.6309282891113723,,0.0
253,7458,0,0,3,0,1.3,484,0.01,0.01,0.0,0.27,363,0,0,0.4,2.4,2024-05-11,35,9,0,0,0,0,37,0,3236,0,0,1,0.0,1,-20,13,33,4.3,False,0,484.0,,Sheffield United,0,0,0.0,32,Sub,Everton,Sheffield United,1,0,22257,2023,660563,0.0,0,0,0,0.0,0.215052455663681,0.215052455663681,8918.0,Sheffield United,Max Lowe,Max Lowe,2,2,37,0.0,DEF,0.0,0.02,0.02,0.0,1.88,1.0,0.0,4.3,31.8,11.2,0.0,85.0,0.0,0.0,0.0,0.0,0.0,0.0,0.0,3.0,1.0,5.0,0.0,0.0,0.0,0.0,1.0,0.0,0.0,0.0,0.0,0.6,0.6,0.6,0.0,0.01,0.21,0.19,0.82,1.33,0.0,2.33,13.2,5.6,4.67,54.0,0.0,0.0,0.0,0.0,0.0,0.0,0.0,2.33,1.33,2.0,0.0,0.67,0.31,0.0,0.33,0.0,0.0,0.0,0.31,0.52,0.21,0.37,0.0,0.01,0.13,0.12,1.08,1.2,0.0,1.96,12.8,3.66,3.2,53.8,0.0,0.0,0.0,0.0,0.2,0.0,0.2,1.4,1.4,1.4,0.0,0.4,0.19,0.0,0.2,0.0,0.0,0.0,0.19,0.31,0.13,0.18,-111.0,-0.4347826086956521,1.0,0.676,0.197,0.126,,0.8931330443699597,0.0003428520462591,-5.277553949412095e-10,0,0.0,0.5550571106942883,,0.0
254,7504,1,2,36,0,33.9,236,0.55,0.8,0.25,1.5,370,1,1,10.4,56.6,2024-05-11,87,20,0,0,0,0,37,0,169845,1,3,1,13.0,12,46652,65007,18355,5.6,False,0,236.0,,Crystal Palace,1,2,0.3240227699279785,90,AMC,Wolverhampton Wanderers,Crystal Palace,1,3,22264,2023,660587,0.358915239572525,1,2,1,0.3240227699279785,0.9382508993148804,0.2553128600120544,9948.0,Crystal Palace,Michael Olise,Michael Olise,2,2,37,8.6,MID,1.0,0.13,0.61,0.48,0.35,0.0,2.0,17.8,76.6,30.8,71.0,84.0,0.0,0.0,0.0,0.0,0.0,0.0,1.0,0.0,4.0,16.0,2.0,6.0,0.49,0.11,0.0,0.0,2.0,2.0,0.49,0.74,0.26,6.8,0.33,0.21,0.52,0.31,0.6,0.33,0.67,9.63,33.07,29.4,34.0,63.67,0.0,0.0,0.0,0.0,0.0,0.0,0.67,0.33,2.33,6.33,0.67,4.0,0.32,0.09,0.0,0.0,2.0,0.67,0.32,0.53,0.24,5.4,0.4,0.22,0.49,0.27,0.87,0.4,0.6,9.34,33.72,26.82,33.0,65.0,0.0,0.0,0.0,0.0,0.0,0.0,0.8,0.8,2.4,6.8,0.6,3.6,0.34,0.24,0.2,0.2,1.8,0.6,0.34,0.81,0.41,4.46,50218.0,0.5596314867685516,10.0,0.33,0.271,0.399,,,0.0897444896248604,0.198859083279727,1,1.0,3.0452996979634834,Olise,8.23
255,7530,0,0,1,0,0.4,523,0.02,0.27,0.25,0.42,369,1,0,4.4,4.2,2024-05-11,74,12,0,0,0,0,37,0,207918,1,1,3,39.0,2,-756,6092,6848,5.7,True,0,523.0,,West Ham United,0,3,0.2060577571392059,80,FW,West Ham United,Luton,3,1,22263,2023,660605,0.4909466505050659,0,1,0,0.2060577571392059,0.2060577571392059,0.0,531.0,West Ham United,Michail Antonio,Michail Antonio,2,3,37,4.5,FWD,0.0,0.0,0.03,0.03,3.15,4.0,0.0,1.2,5.0,0.0,7.0,69.0,0.0,0.0,0.0,0.0,0.0,0.0,1.0,0.0,5.0,2.0,0.0,1.0,0.05,0.0,0.0,0.0,0.0,0.0,0.05,0.05,0.0,4.0,0.0,0.0,0.51,0.51,2.41,3.67,0.67,5.0,24.2,1.47,24.33,77.67,0.0,0.0,0.0,0.0,0.33,0.0,1.0,1.33,4.0,4.67,0.67,1.67,0.57,0.0,0.0,0.0,0.0,0.67,0.57,0.13,0.0,3.43,0.0,0.01,0.36,0.35,2.1,2.6,0.4,3.84,16.36,2.16,20.0,71.8,0.0,0.0,0.0,0.0,0.2,0.0,0.8,1.6,2.6,3.4,0.4,1.4,0.44,0.0,0.0,0.0,0.0,0.4,0.44,0.18,0.01,3.54,-623.0,-0.0584234930448222,2.0,0.526,0.225,0.249,,,0.4053145863627476,-8.433620468650812e-10,0,,3.6212583429209046,Antonio,1.65
256,7556,0,3,33,0,2.1,639,0.01,0.22,0.21,0.75,368,1,1,7.4,47.6,2024-05-11,90,6,0,0,0,0,37,0,343092,1,1,2,24.0,11,66576,74393,7817,4.4,True,0,639.0,,Tottenham Hotspur,1,2,0.285354882478714,90,DC,Tottenham Hotspur,Burnley,2,1,22262,2023,660628,0.0,0,0,1,0.285354882478714,0.5656916499137878,0.3982421457767486,10050.0,Tottenham Hotspur,Micky van de Ven,Micky van de Ven,2,4,37,5.3,DEF,0.0,0.0,0.0,0.0,3.22,4.0,0.0,1.4,14.0,0.4,0.0,90.0,0.0,0.0,0.0,0.0,1.0,0.0,1.0,2.0,4.0,-1.0,0.0,0.0,0.0,0.0,0.0,0.0,0.0,0.0,0.0,0.0,0.0,-0.2,0.0,0.01,0.01,0.0,2.08,3.0,0.0,2.3,20.47,1.4,1.33,90.0,0.0,0.0,0.0,0.0,0.67,0.0,1.0,1.67,2.67,0.0,0.0,0.0,0.0,0.0,0.0,0.0,0.0,0.0,0.0,0.23,0.23,3.67,0.0,0.01,0.02,0.01,2.13,2.8,0.2,3.24,26.84,1.46,4.2,90.0,0.0,0.0,0.0,0.0,0.6,0.0,1.0,1.2,3.0,2.0,0.2,0.2,0.01,0.0,0.0,0.0,0.0,0.2,0.01,0.16,0.16,3.48,73058.0,0.8098284880184893,8.0,0.699,0.165,0.136,,1.031616888049789,0.1041286170196489,-5.277553949412095e-10,0,0.0,2.108771700534628,Van de Ven,10.7
257,7557,0,0,13,0,1.8,639,0.0,0.0,0.0,2.4,339,2,0,1.2,9.8,2024-05-14,90,13,0,0,0,0,37,0,343092,1,2,0,0.0,1,66576,74393,7817,4.4,True,0,639.0,,Tottenham Hotspur,0,0,0.0,90,DL,Tottenham Hotspur,Manchester City,0,2,22233,2023,661903,0.0,0,0,0,0.0,0.0998191460967063,0.0998191460967063,10050.0,Tottenham Hotspur,Micky van de Ven,Micky van de Ven,5,4,37,5.3,DEF,0.0,0.01,0.22,0.21,0.75,1.0,1.0,7.4,47.6,2.1,24.0,90.0,0.0,0.0,0.0,0.0,0.0,0.0,1.0,1.0,2.0,11.0,1.0,2.0,0.29,0.0,0.0,0.0,0.0,1.0,0.29,0.57,0.4,5.3,0.0,0.01,0.08,0.07,1.97,2.33,0.33,3.97,29.73,1.3,8.67,90.0,0.0,0.0,0.0,0.0,0.67,0.0,1.0,1.0,2.67,3.33,0.33,0.67,0.1,0.0,0.0,0.0,0.0,0.33,0.1,0.3,0.24,3.57,0.0,0.01,0.05,0.04,1.97,2.8,0.2,3.2,24.96,1.48,5.6,90.0,0.0,0.0,0.0,0.0,0.6,0.0,1.0,1.2,2.8,2.0,0.2,0.4,0.06,0.0,0.0,0.0,0.0,0.2,0.06,0.25,0.22,3.92,0.0,0.8098284880184893,1.0,0.146,0.158,0.696,,0.9158264553677212,5.515961021274052e-10,-5.277553949412095e-10,0,0.0,1.542000001726311,Van de Ven,10.7
258,7589,0,0,-4,0,1.2,402,0.01,0.06,0.05,0.14,366,0,0,2.2,1.8,2024-05-11,22,5,0,0,0,0,37,0,294095,0,1,1,19.0,0,448,1847,1399,6.0,True,1,,,Newcastle United,0,1,0.0750515162944793,17,,Newcastle United,Brighton and Hove Albion,1,1,22260,2023,660668,0.0,0,0,0,0.0750515162944793,0.1804927438497543,0.1054412275552749,,Newcastle United,,,2,4,37,0.8,MID,0.0,0.0,0.0,0.0,0.4,1.0,0.0,0.2,0.4,1.7,0.0,13.0,0.0,0.0,0.0,0.0,0.0,0.0,0.0,4.0,1.0,1.0,0.0,0.0,0.0,0.0,0.0,0.0,0.0,0.0,0.0,0.0,0.0,0.5,0.0,0.12,0.14,0.02,0.4,1.0,0.0,2.27,4.53,8.37,9.67,30.33,0.0,0.0,0.0,0.0,0.0,0.0,0.33,3.0,2.67,1.33,0.0,0.33,0.02,0.16,0.0,0.0,0.67,0.0,0.02,0.18,0.0,1.2,0.0,0.08,0.12,0.04,0.68,1.0,0.0,2.24,3.4,6.0,12.8,34.8,0.0,0.0,0.0,0.0,0.0,0.0,0.4,2.0,3.0,1.4,0.0,0.4,0.11,0.09,0.0,0.0,0.4,0.0,0.11,0.21,0.01,1.02,784.0,0.1380160197165742,0.0,0.602,0.199,0.199,,,0.1764398782078806,1.159168760977991e-09,0,0.0,1.882199394516909,,0.0
259,7590,0,0,4,0,10.8,402,0.0,0.0,0.0,0.27,337,1,0,1.6,5.2,2024-05-15,28,14,0,0,0,0,37,0,294095,0,2,3,0.0,1,448,1847,1399,6.0,False,0,,,Newcastle United,0,0,0.0,25,,Manchester United,Newcastle United,3,2,22231,2023,662141,0.0188459418714046,0,1,0,0.0,0.0188459418714046,0.0,,Newcastle United,,,3,4,37,0.8,MID,0.0,0.01,0.06,0.05,0.14,0.0,0.0,2.2,1.8,1.2,19.0,22.0,0.0,0.0,0.0,0.0,1.0,0.0,0.0,1.0,1.0,0.0,0.0,1.0,0.08,0.0,0.0,0.0,0.0,0.0,0.08,0.18,0.11,0.8,0.0,0.12,0.14,0.02,0.18,0.33,0.0,1.87,2.87,8.07,7.67,15.0,0.0,0.0,0.0,0.0,0.33,0.0,0.0,2.67,2.0,0.67,0.0,0.33,0.03,0.16,0.0,0.0,0.67,0.0,0.03,0.22,0.04,0.87,0.0,0.08,0.13,0.05,0.3,0.6,0.0,2.54,3.76,5.32,16.2,26.6,0.0,0.0,0.0,0.0,0.2,0.0,0.2,2.0,2.4,1.0,0.0,0.6,0.12,0.09,0.0,0.0,0.4,0.0,0.12,0.24,0.02,1.18,0.0,0.1380160197165742,1.0,0.347,0.238,0.415,,,-1.5743444325977407e-09,0.0686994003146157,0,0.0,1.2060981930721248,,0.0
260,7607,0,0,2,0,0.3,706,0.0,0.0,0.0,0.27,368,1,0,0.0,0.0,2024-05-11,9,18,0,0,0,0,37,0,2504,0,1,2,0.0,1,-53,17,70,5.2,False,0,706.0,,Burnley,0,0,0.0,7,,Tottenham Hotspur,Burnley,2,1,22262,2023,660653,0.0,0,0,0,0.0,0.0,0.0,12094.0,Burnley,Mike Trésor,Mike Trésor,2,4,37,-0.8,MID,0.0,0.0,0.0,0.0,0.1,0.0,0.0,0.2,1.0,0.5,0.0,4.0,0.0,0.0,0.0,0.0,0.0,0.0,0.0,1.0,1.0,1.0,0.0,0.0,0.0,0.0,0.0,0.0,0.0,0.0,0.0,0.02,0.02,-0.3,0.0,0.0,0.0,0.0,0.45,0.67,0.0,0.17,1.4,0.3,0.0,9.0,0.0,0.0,0.0,0.0,0.0,0.0,0.0,1.33,1.67,1.0,0.0,0.0,0.0,0.0,0.0,0.0,0.0,0.0,0.0,0.01,0.01,0.73,0.0,0.02,0.02,0.0,0.63,0.6,0.0,1.3,3.44,9.52,0.0,26.0,0.0,0.0,0.0,0.0,0.0,0.0,0.2,1.6,1.0,1.2,0.0,0.0,0.0,0.03,0.0,0.0,0.6,0.0,0.0,0.02,0.02,0.54,-15.0,-0.6091954022988506,1.0,0.699,0.165,0.136,,,-1.5743444325977407e-09,1.159168760977991e-09,0,0.0,0.999999995605784,,0.0
261,7608,0,0,3,0,0.1,860,0.0,0.0,0.0,0.05,339,0,0,0.1,1.0,2024-05-14,1,13,0,0,0,0,37,0,77,0,2,0,0.0,1,47,54,7,4.5,True,0,860.0,,Tottenham Hotspur,0,0,0.0,1,,Tottenham Hotspur,Manchester City,0,2,22233,2023,661913,0.0,0,0,0,0.0,0.0,0.0,12603.0,Tottenham Hotspur,Mikey Moore,Mikey Moore,5,4,37,0.9,MID,,,,,,,,,,,,,,,,,,,,,,,,,,,,,,,,,,,,,,,,,,,,,,,,,,,,,,,,,,,,,,,,,,,,,,,,,,,,,,,,,,,,,,,,,,,,,,,,,,,,,,,0.0,0.7704918032786885,1.0,0.146,0.158,0.696,,,-1.5743444325977407e-09,1.159168760977991e-09,1,0.0,-1.000000004394216,,0.0
262,7631,0,0,9,1,6.6,98,0.05,0.05,0.0,0.57,362,0,0,1.4,7.0,2024-05-11,74,3,0,0,0,0,37,0,5091,1,2,1,0.0,3,100,226,126,4.8,False,0,98.0,,Brentford,0,0,0.0,79,MC,Bournemouth,Brentford,1,2,22255,2023,660708,0.0,0,0,0,0.0,0.0362172462046146,0.0362172462046146,8859.0,Brentford,Mikkel Damsgaard,Mikkel Damsgaard,2,2,37,2.2,MID,1.0,0.04,0.04,0.0,1.15,0.0,0.0,1.5,9.0,3.7,2.0,81.0,0.0,0.0,0.0,0.0,0.0,0.0,1.0,0.0,0.0,3.0,0.0,0.0,0.0,0.0,0.0,0.0,0.0,0.0,0.0,0.0,0.0,3.0,0.67,0.1,0.14,0.04,0.49,0.0,0.0,2.9,10.6,10.0,8.33,58.0,0.0,0.0,0.0,0.0,0.33,0.0,0.67,1.67,0.67,2.0,0.0,0.67,0.03,0.15,0.0,0.0,0.67,0.0,0.03,0.44,0.27,3.03,0.6,0.06,0.12,0.06,0.67,0.6,0.0,2.8,10.72,9.76,7.4,66.4,0.0,0.0,0.0,0.0,0.4,0.0,0.8,1.6,1.4,3.2,0.0,1.0,0.05,0.16,0.4,0.2,0.6,0.0,0.05,0.41,0.22,2.7,142.0,0.2840909090909091,3.0,0.489,0.238,0.272,,,-1.5743444325977407e-09,0.0005424003751928,1,0.0,0.0016271932538562,,0.0
263,7694,0,0,13,0,30.6,308,0.13,0.19,0.06,3.36,361,3,0,5.4,10.4,2024-05-13,90,2,0,0,0,0,37,0,2470126,1,3,3,13.0,2,-351724,18268,369992,13.4,False,0,308.0,,Liverpool,0,1,0.0624981559813022,90,FWR,Aston Villa,Liverpool,3,3,22256,2023,661860,0.4681810438632965,0,2,0,0.0624981559813022,0.6193133592605591,0.1442054212093353,1250.0,Liverpool,Mohamed Salah,Mohamed Salah,4,4,37,3.8,MID,0.0,0.31,1.43,1.12,1.16,2.0,1.0,21.2,65.8,41.2,105.0,90.0,0.0,0.0,0.0,0.0,0.0,0.0,1.0,2.0,4.0,13.0,1.0,6.0,1.52,0.37,2.0,1.0,3.0,1.0,1.52,1.98,0.08,3.8,0.0,0.16,0.76,0.6,0.76,1.33,0.33,10.1,23.2,19.63,58.0,63.67,0.0,0.0,0.0,0.0,0.0,0.0,0.67,1.33,2.67,5.33,0.33,4.33,0.65,0.26,0.67,0.33,1.33,0.33,0.65,1.08,0.18,4.93,0.0,0.15,0.59,0.44,0.89,1.0,0.2,8.52,17.6,24.52,43.0,59.4,0.0,0.0,0.0,0.0,0.0,0.0,0.6,1.6,1.8,3.8,0.2,3.0,0.52,0.19,0.4,0.2,1.8,0.2,0.52,0.8,0.12,5.56,-380750.0,-0.905898109514243,2.0,0.225,0.218,0.556,,,0.0789581039634783,0.1073122985095391,0,0.0,2.716727415346009,Salah,5.76
264,7727,1,0,25,0,35.6,689,0.42,1.16,0.74,0.42,369,1,0,8.2,22.8,2024-05-11,90,12,0,0,0,0,37,0,331064,1,1,3,24.0,5,-19557,9033,28590,6.7,True,0,689.0,,West Ham United,0,5,0.722018301486969,90,,West Ham United,Luton,3,1,22263,2023,660603,0.6978907585144043,1,3,0,0.722018301486969,1.4863672256469729,0.0664581581950187,12027.0,West Ham United,Mohammed Kudus,Mohammed Kudus,2,3,37,4.0,MID,0.0,0.01,0.04,0.03,4.13,5.0,0.0,4.4,24.4,4.3,15.0,90.0,0.0,0.0,0.0,0.0,0.0,0.0,1.0,0.0,5.0,2.0,0.0,2.0,0.03,0.0,0.0,0.0,0.0,0.0,0.03,0.08,0.05,2.8,0.0,0.03,0.06,0.03,2.78,4.0,0.0,4.17,18.53,8.17,14.67,88.0,0.0,0.0,0.0,0.0,0.0,0.0,1.0,1.33,4.0,3.0,0.0,1.33,0.04,0.02,0.33,0.33,0.33,0.0,0.04,0.07,0.03,3.03,0.0,0.06,0.13,0.07,2.63,3.0,0.0,4.4,14.88,12.9,16.0,88.8,0.0,0.0,0.0,0.0,0.0,0.0,1.0,1.6,2.6,2.6,0.0,2.2,0.07,0.03,0.2,0.2,0.6,0.0,0.07,0.09,0.02,3.34,-20438.0,-0.5198150067777689,5.0,0.526,0.225,0.249,,,0.1761349074811804,0.1784823930176817,0,0.0,3.416121716458947,Kudus,1.23
265,7761,1,3,31,0,33.8,126,0.26,0.26,0.0,1.62,367,2,0,7.8,44.0,2024-05-11,90,16,0,0,0,0,37,0,127678,1,3,2,0.0,8,4006,5461,1455,4.5,False,0,,,Chelsea,0,0,0.0,90,,Nottingham Forest,Chelsea,2,3,22261,2023,660889,0.4310661852359772,1,2,0,0.0,2.053659439086914,1.9807840585708616,,Chelsea,,,3,2,37,7.0,MID,1.0,0.21,0.23,0.02,1.04,0.0,0.0,6.4,38.6,23.3,2.0,90.0,0.0,0.0,0.0,0.0,0.0,0.0,1.0,0.0,5.0,6.0,0.0,1.0,0.02,0.56,1.0,1.0,1.0,0.0,0.02,2.91,2.35,3.0,0.67,0.15,0.17,0.02,1.15,0.67,0.0,4.8,30.07,12.73,5.33,90.0,0.0,0.0,0.0,0.0,0.33,0.0,1.0,0.67,3.0,3.33,0.0,1.0,0.02,0.19,0.33,0.33,0.33,0.0,0.02,1.22,1.03,3.0,0.6,0.1,0.12,0.02,1.65,1.4,0.0,3.94,24.24,11.1,4.2,90.0,0.0,0.0,0.0,0.0,0.2,0.0,1.0,0.4,4.0,3.0,0.0,0.8,0.01,0.12,0.2,0.2,0.4,0.0,0.01,0.93,0.8,2.4,4263.0,0.5792365529207635,5.0,0.278,0.249,0.473,,,0.0023599302706989,0.1340140066519188,1,0.0,1.413841671309251,,0.0
266,7762,0,0,11,0,23.2,126,0.02,0.02,0.0,1.24,332,1,0,3.3,9.4,2024-05-15,90,5,0,0,0,0,37,0,127678,1,2,1,0.0,1,4006,5461,1455,4.5,False,1,,,Chelsea,0,0,0.0,90,,Brighton and Hove Albion,Chelsea,1,2,22226,2023,662165,0.0564898401498794,0,2,0,0.0,0.7875891923904419,0.7691885232925415,,Chelsea,,,3,3,37,7.0,MID,0.0,0.26,0.26,0.0,1.62,2.0,0.0,7.8,44.0,33.8,0.0,90.0,0.0,0.0,0.0,0.0,0.0,0.0,1.0,3.0,2.0,8.0,0.0,0.0,0.0,0.43,1.0,1.0,2.0,0.0,0.0,2.05,1.98,7.0,0.67,0.16,0.17,0.01,1.4,0.67,0.0,5.6,35.87,19.5,0.67,90.0,0.0,0.0,0.0,0.0,0.0,0.0,1.0,1.0,3.0,5.67,0.0,0.33,0.01,0.33,0.67,0.67,1.0,0.0,0.01,1.68,1.47,4.33,0.4,0.14,0.16,0.01,1.69,1.8,0.0,4.72,28.64,15.02,3.6,90.0,0.0,0.0,0.0,0.0,0.2,0.0,1.0,1.0,3.2,4.0,0.0,0.6,0.01,0.2,0.4,0.4,0.6,0.0,0.01,1.15,1.02,3.4,0.0,0.5792365529207635,1.0,0.284,0.235,0.481,,,0.0002584530619889,0.106699055073498,1,0.0,1.3213894305304388,,0.0
267,7799,2,1,28,0,28.7,447,0.17,0.47,0.3,1.81,367,3,0,9.0,41.8,2024-05-11,90,7,0,0,0,0,37,0,175266,1,3,2,19.0,9,-21178,3345,24523,5.7,True,0,447.0,,Nottingham Forest,0,3,0.6043115854263306,90,MR,Nottingham Forest,Chelsea,2,3,22261,2023,660875,0.1219814792275428,2,2,0,0.6043115854263306,1.3818129301071167,0.7775014042854309,6857.0,Nottingham Forest,Morgan Gibbs-White,Morgan Gibbs-White,3,2,37,5.0,MID,0.0,0.46,0.57,0.11,2.27,1.0,0.0,11.8,34.2,74.0,10.0,90.0,0.0,0.0,0.0,0.0,0.0,0.0,1.0,3.0,1.0,7.0,0.0,2.0,0.05,1.04,1.0,1.0,5.0,0.0,0.05,1.05,0.07,4.7,0.0,0.2,0.4,0.2,1.19,1.67,0.0,7.13,16.27,43.77,11.33,90.0,0.0,0.0,0.0,0.0,0.0,0.0,1.0,1.67,1.0,3.67,0.0,2.33,0.18,0.57,0.33,0.33,3.0,0.0,0.18,1.15,0.46,4.1,0.0,0.18,0.32,0.14,1.18,2.0,0.2,6.62,20.0,34.56,11.6,85.4,0.0,0.0,0.0,0.0,0.4,0.0,1.0,1.6,1.6,3.6,0.2,1.8,0.14,0.35,0.2,0.2,2.2,0.2,0.14,0.76,0.33,4.58,-23686.0,-0.7599397158030716,8.0,0.278,0.249,0.473,,,0.161425375335106,0.1257625122139825,0,0.0,3.184414413317477,Gibbs-White,0.82
268,7852,1,0,25,0,52.9,599,0.43,1.06,0.63,1.73,361,3,0,12.3,31.2,2024-05-13,90,11,0,0,0,0,37,0,623842,1,3,3,39.0,5,-14735,2535,17270,6.3,True,0,599.0,,Aston Villa,0,3,0.2055986374616623,90,AMC,Aston Villa,Liverpool,3,3,22256,2023,661846,0.9763110876083374,1,5,0,0.2055986374616623,1.181909680366516,0.0,6556.0,Aston Villa,Moussa Diaby,Moussa Diaby,4,4,37,4.5,MID,1.0,0.0,0.04,0.04,1.25,0.0,0.0,2.9,4.4,5.3,19.0,72.0,0.0,0.0,0.0,0.0,0.0,0.0,1.0,0.0,1.0,3.0,0.0,1.0,0.05,0.0,0.0,0.0,0.0,0.0,0.05,0.05,0.0,4.5,0.33,0.11,0.38,0.28,1.23,1.0,0.33,4.8,14.8,14.73,18.33,72.67,0.0,0.0,0.0,0.0,0.0,0.0,0.67,1.0,2.0,4.33,0.33,1.33,0.38,0.13,0.0,0.0,0.67,0.33,0.38,0.55,0.08,4.83,0.4,0.07,0.24,0.17,1.04,0.6,0.2,3.04,9.68,9.22,11.4,55.8,0.0,0.0,0.0,0.0,0.0,0.0,0.6,1.6,1.8,3.4,0.2,1.0,0.23,0.08,0.0,0.0,0.4,0.2,0.23,0.33,0.05,4.74,-15769.0,-0.744004039383994,5.0,0.225,0.218,0.556,,,0.2602340036893549,0.2512313846621228,0,1.0,5.054864172433144,Diaby,0.41
269,7873,0,0,3,0,1.3,457,0.01,0.01,0.0,1.72,367,3,0,1.6,14.2,2024-05-11,86,7,0,0,0,0,37,0,8383,1,3,2,0.0,0,-607,98,705,4.5,True,1,,,Nottingham Forest,0,0,0.0,90,,Nottingham Forest,Chelsea,2,3,22261,2023,660871,0.0,0,0,0,0.0,0.0485255979001522,0.0485255979001522,,Nottingham Forest,,,3,2,37,0.8,DEF,0.0,0.0,0.0,0.0,0.13,0.0,0.0,0.7,7.2,0.1,0.0,23.0,0.0,0.0,0.0,0.0,0.0,0.0,0.0,3.0,1.0,1.0,0.0,0.0,0.0,0.0,0.0,0.0,0.0,0.0,0.0,0.0,0.0,1.3,0.0,0.0,0.0,0.0,0.47,1.33,0.0,1.27,11.93,0.6,0.0,67.67,0.0,0.0,0.0,0.0,0.0,0.0,0.67,1.67,1.0,1.0,0.0,0.0,0.0,0.0,0.0,0.0,0.0,0.0,0.0,0.25,0.25,0.33,0.0,0.0,0.19,0.19,1.09,2.2,0.2,2.8,20.68,0.76,6.6,76.6,0.0,0.0,0.0,0.0,0.0,0.0,0.8,2.0,1.8,2.0,0.2,0.2,0.19,0.0,0.0,0.0,0.0,0.2,0.19,0.28,0.28,0.14,-546.0,-0.7559153175591532,0.0,0.278,0.249,0.473,,1.6032643104933326,5.515961021274052e-10,-5.277553949412095e-10,0,0.0,1.1980000017263106,,0.0
270,7905,0,0,14,0,10.3,696,0.02,0.02,0.0,1.81,367,3,0,3.9,24.4,2024-05-11,90,7,0,0,0,0,37,0,25310,1,3,2,4.0,1,-3393,825,4218,4.5,True,0,,,Nottingham Forest,0,0,0.0,90,,Nottingham Forest,Chelsea,2,3,22261,2023,660873,0.0598412752151489,0,1,0,0.0,0.4318291842937469,0.371987909078598,,Nottingham Forest,,,3,2,37,1.0,DEF,0.0,0.0,0.0,0.0,2.27,1.0,0.0,3.8,37.8,0.6,0.0,90.0,0.0,0.0,0.0,0.0,0.0,0.0,1.0,3.0,1.0,2.0,0.0,0.0,0.0,0.0,0.0,0.0,0.0,0.0,0.0,0.57,0.57,1.3,0.0,0.01,0.14,0.13,1.16,1.67,0.0,2.43,20.73,1.43,2.33,84.33,0.0,0.0,0.0,0.0,0.33,0.0,1.0,1.67,1.0,1.0,0.0,0.33,0.19,0.0,0.0,0.0,0.0,0.0,0.19,0.39,0.39,0.5,0.0,0.01,0.1,0.09,1.21,2.0,0.0,2.16,17.8,1.28,2.6,86.6,0.2,0.0,0.0,0.0,0.4,0.0,1.0,1.6,1.6,0.4,0.0,0.4,0.12,0.0,0.0,0.0,0.0,0.0,0.12,0.37,0.37,0.9,-3778.0,-0.6728138013087448,1.0,0.278,0.249,0.473,,1.3847480568843338,0.0107854542421472,0.0660106832208531,0,0.0,1.5707447751154426,,0.0
271,7936,0,0,26,0,3.5,210,0.06,0.21,0.15,1.54,367,1,1,5.8,35.0,2024-05-11,72,16,0,0,0,0,37,0,102694,1,3,2,19.0,7,2763,5397,2634,6.3,False,0,210.0,,Chelsea,1,1,0.2414703518152237,78,AML,Nottingham Forest,Chelsea,2,3,22261,2023,660893,0.0,0,0,1,0.2414703518152237,0.2414703518152237,0.0,11305.0,Chelsea,Mykhailo Mudryk,Mykhailo Mudryk,3,2,37,5.6,MID,1.0,0.16,0.53,0.37,0.72,0.0,0.0,6.6,12.8,26.8,26.0,75.0,0.0,0.0,0.0,0.0,0.0,0.0,1.0,0.0,5.0,3.0,0.0,2.0,0.43,0.23,0.0,0.0,2.0,0.0,0.43,0.71,0.17,2.2,0.67,0.11,0.32,0.21,0.82,0.67,0.0,6.97,9.4,32.3,27.67,79.33,0.0,0.0,0.0,0.0,0.33,0.0,1.0,0.67,3.0,2.33,0.0,2.67,0.24,0.24,0.0,0.0,2.67,0.0,0.24,0.49,0.11,2.47,0.6,0.19,0.38,0.19,1.31,1.2,0.0,5.78,7.52,27.6,22.4,76.4,0.0,0.0,0.0,0.0,0.4,0.0,1.0,0.4,4.0,2.2,0.0,2.0,0.19,0.37,0.0,0.0,2.2,0.0,0.19,0.57,0.3,2.26,3349.0,0.3440418378782219,7.0,0.278,0.249,0.473,,,0.145424385870261,1.159168760977991e-09,0,0.0,2.727121932828811,Mudryk,0.41
272,7937,0,0,3,0,11.0,210,0.01,0.01,0.0,0.18,332,0,0,1.2,1.4,2024-05-15,41,5,0,0,0,0,37,0,102694,1,2,1,0.0,1,2763,5397,2634,6.3,False,0,210.0,,Chelsea,0,0,0.0,41,AML,Brighton and Hove Albion,Chelsea,1,2,22226,2023,662169,0.0209560710936784,0,1,0,0.0,0.1062620878219604,0.0853060185909271,11305.0,Chelsea,Mykhailo Mudryk,Mykhailo Mudryk,3,3,37,5.6,MID,0.0,0.06,0.21,0.15,1.54,1.0,1.0,5.8,35.0,3.5,19.0,72.0,0.0,0.0,0.0,0.0,0.0,0.0,1.0,3.0,2.0,7.0,1.0,1.0,0.24,0.0,0.0,0.0,0.0,1.0,0.24,0.24,0.0,5.6,0.67,0.11,0.36,0.24,1.08,0.33,0.33,7.23,19.67,21.9,30.33,73.67,0.0,0.0,0.0,0.0,0.0,0.0,1.0,1.0,3.0,4.33,0.33,2.33,0.31,0.22,0.0,0.0,1.67,0.33,0.31,0.5,0.08,3.47,0.4,0.09,0.25,0.16,1.34,1.4,0.2,5.74,13.68,23.04,20.4,75.0,0.0,0.0,0.0,0.0,0.2,0.0,1.0,1.0,3.2,3.2,0.2,1.8,0.19,0.16,0.0,0.0,1.8,0.2,0.19,0.34,0.07,2.88,0.0,0.3440418378782219,1.0,0.284,0.235,0.481,,,9.205865178230076e-05,0.0654004729820088,0,0.0,2.196661712204937,Mudryk,0.41
273,7960,0,0,-3,0,3.3,219,0.04,0.13,0.09,1.62,370,1,0,0.9,2.8,2024-05-11,70,20,0,0,0,1,37,0,42159,0,3,1,3.0,-1,-712,234,946,4.3,False,0,219.0,,Crystal Palace,0,1,0.0989948287606239,76,Sub,Wolverhampton Wanderers,Crystal Palace,1,3,22264,2023,660590,0.0,0,0,0,0.0989948287606239,0.4356927573680877,0.3366979360580444,9274.0,Crystal Palace,Naouirou Ahamada,Naouirou Ahamada,2,2,37,0.0,MID,0.0,0.0,0.0,0.0,0.08,0.0,0.0,0.2,1.2,0.8,0.0,5.0,0.0,0.0,0.0,0.0,0.0,0.0,0.0,1.0,1.0,1.0,0.0,0.0,0.0,0.0,0.0,0.0,0.0,0.0,0.0,0.03,0.03,0.4,0.0,0.01,0.01,0.01,0.05,0.33,0.0,1.07,4.13,0.67,5.67,14.0,0.0,0.0,0.0,0.0,0.33,0.0,0.0,2.33,2.67,0.67,0.0,0.33,0.01,0.0,0.0,0.0,0.0,0.0,0.01,0.23,0.23,0.1,0.0,0.0,0.04,0.04,0.07,0.4,0.0,1.36,3.96,0.72,8.8,17.2,0.0,0.0,0.0,0.0,0.2,0.0,0.0,1.6,2.4,0.8,0.0,0.8,0.05,0.0,0.0,0.0,0.0,0.0,0.05,0.21,0.17,0.32,-1219.0,-0.6033898305084746,-1.0,0.33,0.271,0.399,,,0.033876131411999,1.159168760977991e-09,1,0.0,0.1693806605375012,,0.0
274,7988,0,0,4,0,1.4,342,0.0,0.0,0.0,0.0,364,0,0,0.6,4.4,2024-05-11,21,10,0,0,0,0,37,0,586815,1,4,0,0.0,1,4851,16027,11176,5.0,False,0,342.0,,Manchester City,0,0,0.0,21,DC,Fulham,Manchester City,0,4,22258,2023,660332,0.0,0,0,0,0.0,0.3676447868347168,0.3676447868347168,579.0,Manchester City,Nathan Aké,Nathan Aké,5,3,37,7.5,DEF,0.0,0.01,0.01,0.0,0.35,1.0,0.0,1.1,6.4,2.3,2.0,68.0,0.0,0.0,0.0,0.0,0.0,0.0,1.0,1.0,5.0,2.0,0.0,0.0,0.0,0.0,0.0,0.0,0.0,0.0,0.0,0.42,0.42,4.5,0.67,0.01,0.15,0.14,0.83,0.33,0.0,1.77,13.87,1.53,2.0,82.67,0.0,0.0,0.0,0.0,0.0,0.0,1.0,2.33,1.67,4.67,0.0,0.33,0.03,0.0,0.0,0.0,0.0,0.0,0.03,0.21,0.21,3.43,0.4,0.01,0.16,0.15,1.07,0.4,0.0,2.4,14.4,1.6,7.8,72.8,0.0,0.0,0.0,0.0,0.0,0.0,1.0,1.6,1.2,3.4,0.0,0.4,0.15,0.0,0.0,0.0,0.0,0.0,0.15,0.16,0.16,2.98,4594.0,0.1783259199353012,1.0,0.073,0.136,0.791,,0.5554220153772642,5.515961021274052e-10,-5.277553949412095e-10,0,0.0,1.7220000017263106,Aké,2.88
275,8021,0,0,8,0,11.1,96,0.01,0.01,0.0,0.69,362,1,0,3.3,13.4,2024-05-11,90,3,0,0,0,0,37,0,102382,1,2,1,8.0,2,-4126,4076,8202,4.5,False,0,96.0,,Brentford,0,0,0.0,90,DC,Bournemouth,Brentford,1,2,22255,2023,660704,0.1212294921278953,0,1,0,0.0,0.1487402468919754,0.0275107566267251,9733.0,Brentford,Nathan Collins,Nathan Collins,2,2,37,3.2,DEF,1.0,0.01,0.01,0.0,1.19,0.0,0.0,4.4,30.8,10.8,2.0,90.0,0.0,0.0,0.0,0.0,0.0,0.0,1.0,0.0,0.0,7.0,0.0,0.0,0.0,0.2,0.0,0.0,1.0,0.0,0.0,0.2,0.0,4.2,0.33,0.02,0.02,0.0,0.85,0.67,0.0,3.6,29.53,5.73,0.67,90.0,0.0,0.0,0.0,0.0,0.0,0.0,1.0,1.67,0.67,3.67,0.0,0.0,0.0,0.07,0.0,0.0,0.33,0.0,0.0,0.23,0.17,4.1,0.4,0.02,0.02,0.0,0.98,1.0,0.0,2.94,25.12,3.6,0.8,90.0,0.0,0.0,0.0,0.0,0.0,0.0,1.0,1.6,1.4,3.6,0.0,0.0,0.0,0.04,0.0,0.0,0.2,0.0,0.0,0.14,0.1,3.78,-5164.0,-0.3360482163218765,2.0,0.489,0.238,0.272,,1.4880068970887206,0.0393618191347493,0.0466356880314045,0,0.0,1.6320779789027091,Collins,0.82
276,8078,1,0,17,0,0.8,222,0.0,0.15,0.15,1.57,370,1,0,1.3,7.6,2024-05-11,90,20,0,0,0,0,37,0,16133,1,3,1,5.0,5,1036,1898,862,4.3,False,0,222.0,,Crystal Palace,0,1,0.1144574210047721,90,DC,Wolverhampton Wanderers,Crystal Palace,1,3,22264,2023,660582,0.0,0,0,0,0.1144574210047721,0.562423825263977,0.4479663968086242,603.0,Crystal Palace,Nathaniel Clyne,Nathaniel Clyne,2,2,37,4.0,DEF,1.0,0.08,0.08,0.0,0.35,0.0,0.0,2.9,11.0,15.8,2.0,77.0,0.0,0.0,0.0,0.0,0.0,0.0,1.0,0.0,4.0,6.0,0.0,0.0,0.0,0.13,0.0,0.0,1.0,0.0,0.0,0.21,0.08,4.2,0.67,0.03,0.04,0.01,0.64,0.33,0.0,2.03,9.47,9.83,1.0,85.67,0.0,0.0,0.0,0.0,0.0,0.0,1.0,0.33,2.33,4.67,0.0,0.33,0.0,0.05,0.0,0.0,0.67,0.0,0.0,0.13,0.08,4.13,0.6,0.02,0.03,0.0,1.1,0.6,0.0,1.9,12.16,6.18,0.6,84.6,0.0,0.0,0.0,0.0,0.0,0.0,1.0,0.8,2.4,4.2,0.0,0.2,0.0,0.03,0.0,0.0,0.4,0.0,0.0,0.13,0.1,3.78,1254.0,0.3753623188405797,5.0,0.33,0.271,0.399,,0.6536234475668139,0.0605655424656081,-5.277553949412095e-10,0,0.0,2.036393253210383,,0.0
277,8205,0,0,27,0,3.3,211,0.06,0.81,0.75,1.62,367,2,1,10.0,40.4,2024-05-11,90,16,0,0,0,0,37,0,1977366,1,3,2,56.0,5,751411,767599,16188,7.0,False,1,211.0,,Chelsea,1,2,0.8189970850944519,90,FW,Nottingham Forest,Chelsea,2,3,22261,2023,660894,0.0,0,0,1,0.8189970850944519,0.9183578491210938,0.0993607342243194,10048.0,Chelsea,Nicolas Jackson,Nicolas Jackson,3,2,37,11.0,FWD,1.0,0.04,1.79,1.75,1.04,0.0,2.0,22.8,99.4,43.0,86.0,90.0,0.0,0.0,0.0,0.0,0.0,0.0,1.0,0.0,5.0,16.0,2.0,7.0,1.37,0.35,1.0,1.0,4.0,2.0,1.37,2.48,0.86,8.0,0.67,0.03,0.92,0.89,1.15,0.67,1.0,11.3,47.53,23.83,41.67,90.0,0.0,0.0,0.0,0.0,0.0,0.0,1.0,0.67,3.0,8.0,1.0,3.67,0.83,0.13,0.33,0.33,2.0,1.0,0.83,1.14,0.33,8.27,0.6,0.04,0.74,0.71,1.64,1.4,0.8,9.64,40.32,19.26,36.8,89.4,0.0,0.0,0.0,0.0,0.0,0.0,1.0,0.4,4.0,8.0,0.8,3.2,0.73,0.12,0.6,0.4,1.6,0.8,0.73,0.98,0.28,6.64,819347.0,0.9586928591568884,5.0,0.278,0.249,0.473,,,0.8133031210802157,-8.433620468650812e-10,0,,5.253212481790777,N.Jackson,48.97
278,8206,0,0,2,1,14.2,211,0.03,0.66,0.63,0.75,332,0,0,3.2,4.6,2024-05-15,89,5,0,0,0,0,37,0,1977366,1,2,1,13.0,2,751411,767599,16188,7.0,False,0,211.0,,Chelsea,0,1,0.5249936580657959,90,FW,Brighton and Hove Albion,Chelsea,1,2,22226,2023,662170,0.0442906580865383,0,1,0,0.5249936580657959,0.2838990390300751,0.2396083921194076,10048.0,Chelsea,Nicolas Jackson,Nicolas Jackson,3,3,37,11.0,FWD,0.0,0.06,0.81,0.75,1.62,2.0,1.0,10.0,40.4,3.3,56.0,90.0,0.0,0.0,0.0,0.0,1.0,0.0,1.0,3.0,2.0,5.0,1.0,2.0,0.82,0.0,0.0,0.0,0.0,1.0,0.82,0.92,0.1,11.0,0.67,0.04,1.06,1.02,1.4,0.67,1.33,13.17,60.33,16.03,55.33,90.0,0.0,0.0,0.0,0.0,0.33,0.0,1.0,1.0,3.0,9.0,1.33,3.67,0.93,0.12,0.33,0.33,1.33,1.33,0.93,1.26,0.35,9.13,0.4,0.03,0.8,0.77,1.69,1.8,0.8,9.22,36.8,15.58,39.8,90.0,0.0,0.0,0.0,0.0,0.2,0.0,1.0,1.0,3.2,6.2,0.8,3.0,0.75,0.08,0.2,0.2,1.2,0.8,0.75,0.97,0.23,7.84,0.0,0.9586928591568884,2.0,0.284,0.235,0.481,,,0.1058428445327588,0.0741926858163422,0,,2.6459494355800617,N.Jackson,48.97
279,8233,0,0,2,0,0.6,712,0.0,0.0,0.0,0.09,367,0,0,0.2,1.0,2024-05-11,4,7,0,0,0,0,37,0,2924,0,3,2,0.0,0,-74,19,93,5.0,True,1,712.0,,Nottingham Forest,0,0,0.0,1,,Nottingham Forest,Chelsea,2,3,22261,2023,660880,0.0,0,0,0,0.0,0.0,0.0,8252.0,Nottingham Forest,Nicolás Domínguez,Nicolás Domínguez,3,2,37,0.8,MID,0.0,0.0,0.0,0.0,0.0,0.0,0.0,0.0,0.0,0.3,0.0,1.0,0.0,0.0,0.0,0.0,0.0,0.0,0.0,3.0,1.0,1.0,0.0,0.0,0.0,0.0,0.0,0.0,0.0,0.0,0.0,0.0,0.0,1.1,0.0,0.01,0.01,0.01,0.14,0.67,0.0,0.67,3.2,2.07,2.0,34.67,0.0,0.0,0.0,0.0,0.0,0.0,0.33,1.67,1.67,1.33,0.0,0.33,0.02,0.0,0.0,0.0,0.0,0.0,0.02,0.03,0.03,0.97,0.0,0.01,0.02,0.01,0.13,0.4,0.0,0.86,4.72,1.46,2.6,26.6,0.0,0.0,0.0,0.0,0.0,0.0,0.2,1.4,2.2,1.2,0.0,0.4,0.02,0.0,0.0,0.0,0.0,0.0,0.02,0.04,0.04,0.8,-51.0,-0.6607142857142857,0.0,0.278,0.249,0.473,,,-1.5743444325977407e-09,1.159168760977991e-09,1,0.0,-4.39421588005473e-09,,0.0
280,8254,0,0,-4,0,1.7,208,0.01,0.01,0.0,1.43,367,1,0,1.0,4.4,2024-05-11,57,16,0,0,0,0,37,0,166265,1,3,2,4.0,1,129142,132080,2938,5.3,False,0,208.0,,Chelsea,0,0,0.0,63,AMR,Nottingham Forest,Chelsea,2,3,22261,2023,660891,0.0,0,0,0,0.0,0.2414703518152237,0.2414703518152237,11357.0,Chelsea,Noni Madueke,Noni Madueke,3,2,37,11.4,MID,1.0,0.67,1.33,0.66,0.72,0.0,1.0,26.6,77.8,76.2,112.0,75.0,0.0,0.0,0.0,0.0,0.0,0.0,1.0,0.0,5.0,13.0,1.0,7.0,1.01,0.83,1.0,1.0,6.0,1.0,1.01,2.33,1.65,6.6,0.67,0.3,0.62,0.32,1.04,0.67,0.67,14.8,51.33,44.6,52.33,85.0,0.0,0.0,0.0,0.0,0.33,0.0,1.0,0.67,3.0,9.33,0.67,4.0,0.43,0.41,0.67,0.67,3.33,0.67,0.43,1.04,0.6,8.6,0.6,0.26,0.46,0.2,1.44,1.4,0.4,10.06,32.96,31.96,35.8,80.8,0.0,0.0,0.0,0.0,0.2,0.0,1.0,0.4,4.0,6.6,0.4,2.6,0.26,0.33,0.4,0.4,2.4,0.4,0.26,0.75,0.41,6.48,140063.0,0.9564798767571732,1.0,0.278,0.249,0.473,,,0.0258493176535674,0.0055924604531922,1,0.0,1.1460239696274137,Madueke,13.58
281,8255,0,0,6,1,2.6,208,0.09,0.12,0.03,0.66,332,0,0,3.2,6.6,2024-05-15,68,5,0,0,0,0,37,0,166265,1,2,1,23.0,3,129142,132080,2938,5.3,False,0,208.0,,Chelsea,0,1,0.0380891785025596,78,AMR,Brighton and Hove Albion,Chelsea,1,2,22226,2023,662167,0.0,0,0,0,0.0380891785025596,0.877348005771637,0.8392588496208191,11357.0,Chelsea,Noni Madueke,Noni Madueke,3,3,37,11.4,MID,0.0,0.01,0.01,0.0,1.43,1.0,0.0,1.0,4.4,1.7,4.0,57.0,0.0,0.0,0.0,0.0,0.0,0.0,1.0,3.0,2.0,1.0,0.0,0.0,0.0,0.0,0.0,0.0,0.0,0.0,0.0,0.24,0.24,11.4,0.67,0.25,0.49,0.24,1.23,0.33,0.33,10.87,32.93,33.57,42.33,74.0,0.0,0.0,0.0,0.0,0.0,0.0,1.0,1.0,3.0,5.67,0.33,2.67,0.35,0.39,0.33,0.33,2.67,0.33,0.35,1.01,0.65,9.2,0.4,0.2,0.39,0.19,1.47,1.6,0.4,9.94,33.2,31.74,34.6,78.0,0.0,0.0,0.0,0.0,0.2,0.0,1.0,1.0,3.2,6.2,0.4,2.4,0.26,0.33,0.4,0.4,2.4,0.4,0.26,0.76,0.42,7.96,0.0,0.9564798767571732,3.0,0.284,0.235,0.481,,,0.1866811609228595,0.0012852938404537,0,1.0,3.9372616861356575,Madueke,13.58
282,8361,0,0,9,0,13.8,572,0.02,0.02,0.0,2.7,370,3,0,3.2,17.8,2024-05-11,90,8,0,0,0,0,37,0,67789,1,3,1,0.0,1,-3705,767,4472,4.5,True,0,,,Wolverhampton Wanderers,0,0,0.0,90,,Wolverhampton Wanderers,Crystal Palace,1,3,22264,2023,660566,0.0151373064145445,0,1,0,0.0,0.0151373064145445,0.0,,Wolverhampton Wanderers,,,2,2,37,0.6,DEF,0.0,0.0,0.0,0.0,3.57,5.0,0.0,1.0,8.4,1.7,0.0,90.0,0.0,0.0,0.0,0.0,1.0,0.0,1.0,1.0,5.0,-1.0,0.0,0.0,0.0,0.0,0.0,0.0,0.0,0.0,0.0,0.0,0.0,-0.4,0.0,0.01,0.12,0.11,2.01,2.33,0.0,2.33,11.73,3.53,8.0,90.0,0.0,0.0,0.0,0.0,0.67,0.0,1.0,1.0,2.33,0.67,0.0,0.67,0.15,0.0,0.0,0.0,0.0,0.0,0.15,0.26,0.11,0.43,0.0,0.11,0.18,0.07,1.81,2.2,0.0,3.28,12.64,14.48,5.6,89.4,0.0,0.0,0.0,0.0,0.4,0.0,1.0,1.4,2.0,0.8,0.0,0.6,0.09,0.15,0.0,0.0,1.0,0.0,0.09,0.35,0.25,0.82,-4014.0,-0.707196029776675,1.0,0.33,0.271,0.399,,1.3952105927536844,5.515961021274052e-10,0.0402455843841502,0,0.0,1.4227367564620272,,0.0
283,8365,0,0,4,0,0.3,845,0.01,0.01,0.0,0.09,366,0,0,0.4,1.2,2024-05-11,3,15,0,0,0,0,37,0,885,0,1,1,2.0,1,185,275,90,4.0,False,0,845.0,,Brighton and Hove Albion,0,0,0.0,1,,Newcastle United,Brighton and Hove Albion,1,1,22260,2023,660686,0.0,0,0,0,0.0,0.0,0.0,10453.0,Brighton and Hove Albion,Odeluga Offiah,Odeluga Offiah,2,4,37,1.6,DEF,0.0,0.02,0.02,0.0,1.99,2.0,0.0,0.9,3.6,3.5,2.0,73.0,0.0,0.0,0.0,0.0,0.0,0.0,1.0,0.0,3.0,1.0,0.0,0.0,0.0,0.0,0.0,0.0,0.0,0.0,0.0,0.16,0.16,0.4,0.0,0.01,0.01,0.0,0.82,1.0,0.0,0.37,1.6,1.47,0.67,39.33,0.0,0.0,0.0,0.0,0.0,0.0,0.33,1.33,1.0,0.67,0.0,0.0,0.0,0.0,0.0,0.0,0.0,0.0,0.0,0.17,0.17,-0.13,0.0,0.0,0.0,0.0,0.49,0.6,0.0,0.22,0.96,0.88,0.4,23.6,0.0,0.0,0.0,0.0,0.0,0.0,0.2,0.8,0.6,0.4,0.0,0.0,0.0,0.0,0.0,0.0,0.0,0.0,0.0,0.1,0.1,-0.08,594.0,0.5068493150684932,1.0,0.602,0.199,0.199,,0.4383012665391668,0.005396552666055,-5.277553949412095e-10,0,0.0,0.8133793144130638,,0.0
284,8366,0,0,3,0,0.8,845,0.0,0.0,0.0,0.0,332,0,0,0.1,0.4,2024-05-15,5,7,0,0,0,0,37,0,885,0,2,1,0.0,1,185,275,90,4.0,True,0,845.0,,Brighton and Hove Albion,0,0,0.0,1,,Brighton and Hove Albion,Chelsea,1,2,22226,2023,662159,0.0,0,0,0,0.0,0.0,0.0,10453.0,Brighton and Hove Albion,Odeluga Offiah,Odeluga Offiah,3,3,37,1.6,DEF,0.0,0.01,0.01,0.0,0.09,0.0,0.0,0.4,1.2,0.3,2.0,3.0,0.0,0.0,0.0,0.0,0.0,0.0,0.0,1.0,1.0,1.0,0.0,0.0,0.0,0.0,0.0,0.0,0.0,0.0,0.0,0.0,0.0,1.6,0.0,0.01,0.01,0.0,0.85,1.0,0.0,0.5,2.0,1.57,1.33,40.33,0.0,0.0,0.0,0.0,0.0,0.0,0.33,1.67,1.33,1.0,0.0,0.0,0.0,0.0,0.0,0.0,0.0,0.0,0.0,0.17,0.17,0.4,0.0,0.01,0.01,0.0,0.51,0.6,0.0,0.3,1.2,0.94,0.8,24.2,0.0,0.0,0.0,0.0,0.0,0.0,0.2,1.0,0.8,0.6,0.0,0.0,0.0,0.0,0.0,0.0,0.0,0.0,0.0,0.1,0.1,0.24,0.0,0.5068493150684932,1.0,0.284,0.235,0.481,,-0.02489238438021,5.515961021274052e-10,-5.277553949412095e-10,0,0.0,1.0120000017263104,,0.0
285,8395,0,0,0,0,0.3,225,0.02,0.02,0.0,0.31,370,0,0,0.2,0.0,2024-05-11,21,20,0,0,0,0,37,0,146271,0,3,1,2.0,1,-2841,1117,3958,5.3,False,0,225.0,,Crystal Palace,0,0,0.0,16,Sub,Wolverhampton Wanderers,Crystal Palace,1,3,22264,2023,660591,0.0,0,0,0,0.0,0.0,0.0,3697.0,Crystal Palace,Odsonne Edouard,Odsonne Edouard,2,2,37,0.6,FWD,0.0,0.01,0.04,0.03,0.0,0.0,0.0,2.4,1.2,12.3,10.0,22.0,0.0,0.0,0.0,0.0,1.0,0.0,0.0,0.0,4.0,0.0,0.0,1.0,0.05,0.04,0.0,0.0,1.0,0.0,0.05,0.09,0.0,0.6,0.0,0.02,0.04,0.03,0.07,0.33,0.0,2.67,4.2,9.87,12.33,21.67,0.0,0.0,0.0,0.0,0.33,0.0,0.0,1.0,3.33,0.67,0.0,0.67,0.04,0.02,0.0,0.0,0.67,0.0,0.04,0.06,0.02,1.6,0.0,0.01,0.12,0.11,0.14,0.2,0.2,3.08,9.72,5.94,15.0,16.4,0.0,0.0,0.0,0.0,0.2,0.0,0.0,1.6,2.4,1.6,0.2,0.8,0.19,0.01,0.0,0.0,0.4,0.2,0.19,0.21,0.01,1.38,-2996.0,-0.5598029556650246,1.0,0.33,0.271,0.399,,,0.0015798183271955,-8.433620468650812e-10,0,,1.006319270778696,,0.0
286,8439,0,0,8,0,12.2,823,0.01,0.01,0.0,1.9,363,1,0,1.9,4.8,2024-05-11,62,9,0,0,0,0,37,0,674,1,0,1,2.0,1,71,147,76,4.5,False,1,823.0,,Sheffield United,0,0,0.0,66,,Everton,Sheffield United,1,0,22257,2023,660557,0.0177711863070726,0,1,0,0.0,0.1110252812504768,0.1110252812504768,12449.0,Sheffield United,Oliver Arblaster,Oliver Arblaster,2,2,37,1.3,MID,0.0,0.52,0.52,0.0,1.49,3.0,0.0,5.0,14.6,35.4,0.0,90.0,0.0,0.0,0.0,0.0,0.0,0.0,1.0,3.0,1.0,2.0,0.0,0.0,0.0,0.66,0.0,0.0,3.0,0.0,0.0,0.42,0.27,1.1,0.0,0.19,0.19,0.0,2.43,4.0,0.0,3.47,20.53,14.27,0.0,90.0,0.0,0.0,0.0,0.0,0.0,0.0,1.0,2.0,3.33,2.0,0.0,0.0,0.0,0.22,0.0,0.0,1.0,0.0,0.0,0.23,0.18,1.53,0.0,0.13,0.13,0.0,2.1,3.6,0.0,2.58,15.28,10.06,0.4,90.0,0.2,0.0,0.0,0.0,0.0,0.0,1.0,2.0,2.6,1.6,0.0,0.0,0.0,0.14,0.0,0.0,0.8,0.0,0.0,0.21,0.18,1.56,100.0,0.3183856502242152,1.0,0.676,0.197,0.126,,,0.0037936628256685,0.0616596933503335,1,0.0,1.2039473941793428,,0.0
287,8507,0,0,8,0,4.3,515,0.01,0.01,0.0,0.75,368,1,0,1.5,8.6,2024-05-11,74,6,0,0,0,0,37,0,8978,1,1,2,2.0,1,52,143,91,4.5,True,1,515.0,,Tottenham Hotspur,0,0,0.0,77,DL,Tottenham Hotspur,Burnley,2,1,22262,2023,660629,0.0,0,0,0,0.0,0.7615378499031067,0.7615378499031067,7198.0,Tottenham Hotspur,Oliver Skipp,Oliver Skipp,2,4,37,1.7,MID,0.0,0.17,0.17,0.0,0.67,0.0,0.0,0.7,3.4,1.4,2.0,29.0,0.0,0.0,0.0,0.0,0.0,0.0,0.0,2.0,4.0,1.0,0.0,0.0,0.0,0.0,0.0,0.0,0.0,0.0,0.0,0.69,0.69,0.2,0.0,0.11,0.17,0.06,0.81,0.67,0.0,0.87,3.53,2.7,2.33,26.0,0.0,0.0,0.0,0.0,0.0,0.0,0.33,2.0,3.0,1.0,0.0,0.33,0.04,0.0,0.0,0.0,0.0,0.0,0.04,0.3,0.3,1.0,0.0,0.08,0.13,0.04,0.84,1.0,0.0,1.64,4.6,9.08,2.6,44.0,0.0,0.0,0.0,0.0,0.2,0.0,0.4,1.8,2.8,1.0,0.0,0.4,0.03,0.03,0.0,0.0,0.6,0.0,0.03,0.28,0.26,0.86,82.0,0.2222222222222222,1.0,0.699,0.165,0.136,,,0.0096325220218138,0.0011506693003773,1,0.0,0.051614618010201,,0.0
288,8508,0,0,3,0,1.4,515,0.0,0.0,0.0,0.86,339,1,0,0.2,0.6,2024-05-14,5,13,0,0,0,0,37,0,8978,0,2,0,0.0,1,52,143,91,4.5,True,0,515.0,,Tottenham Hotspur,0,0,0.0,5,Sub,Tottenham Hotspur,Manchester City,0,2,22233,2023,661912,0.0,0,0,0,0.0,0.0,0.0,7198.0,Tottenham Hotspur,Oliver Skipp,Oliver Skipp,5,4,37,1.7,MID,0.0,0.01,0.01,0.0,0.75,1.0,0.0,1.5,8.6,4.3,2.0,74.0,0.0,0.0,0.0,0.0,1.0,0.0,1.0,1.0,2.0,1.0,0.0,0.0,0.0,0.0,0.0,0.0,0.0,0.0,0.0,0.76,0.76,1.7,0.0,0.06,0.06,0.0,0.86,0.67,0.0,0.77,4.4,1.93,1.33,35.67,0.0,0.0,0.0,0.0,0.33,0.0,0.33,1.67,2.67,1.0,0.0,0.0,0.0,0.0,0.0,0.0,0.0,0.0,0.0,0.48,0.48,1.07,0.0,0.08,0.12,0.04,0.71,1.0,0.0,1.78,5.88,9.16,2.6,47.2,0.0,0.0,0.0,0.0,0.2,0.0,0.6,1.8,2.6,1.2,0.0,0.4,0.03,0.03,0.0,0.0,0.6,0.0,0.03,0.4,0.38,1.08,0.0,0.2222222222222222,1.0,0.146,0.158,0.696,,,-1.5743444325977407e-09,1.159168760977991e-09,1,0.0,-4.39421588005473e-09,,0.0
289,8545,1,0,10,0,23.9,60,0.07,0.61,0.54,1.73,361,3,0,6.3,18.4,2024-05-13,90,11,0,0,0,0,37,0,3821769,1,3,3,21.0,5,-609737,25857,635594,8.9,True,0,60.0,,Aston Villa,0,2,0.5268839001655579,90,FW,Aston Villa,Liverpool,3,3,22256,2023,661848,0.1470310240983963,1,2,0,0.5268839001655579,0.673914909362793,0.0,8865.0,Aston Villa,Ollie Watkins,Ollie Watkins,4,4,37,4.5,FWD,0.0,0.01,0.01,0.0,2.69,1.0,0.0,1.4,3.6,4.4,6.0,90.0,0.0,0.0,0.0,0.0,0.0,0.0,1.0,0.0,1.0,2.0,0.0,0.0,0.0,0.0,0.0,0.0,0.0,0.0,0.0,0.0,0.0,5.5,0.0,0.12,0.28,0.16,1.92,1.33,0.0,6.1,15.8,11.5,33.67,90.0,0.0,0.0,0.0,0.0,0.0,0.0,1.0,1.0,2.0,4.33,0.0,2.33,0.26,0.5,0.67,0.67,0.67,0.0,0.26,0.78,0.31,6.23,0.2,0.08,0.35,0.27,1.79,1.4,0.6,7.86,30.16,11.74,36.6,90.0,0.0,0.0,0.0,0.0,0.0,0.0,1.0,1.6,1.8,6.6,0.6,2.6,0.35,0.33,0.4,0.4,0.8,0.6,0.35,0.7,0.19,5.18,-661035.0,-0.9218173379434002,5.0,0.225,0.218,0.556,,,0.1831745743141259,0.1768876759180528,0,,3.2633613250106617,Watkins,2.06
290,8550,0,0,4,0,1.0,632,0.0,0.0,0.0,0.0,365,0,0,0.3,1.6,2024-05-12,3,1,0,0,0,0,37,0,1854,0,1,0,0.0,1,-6,27,33,4.4,True,0,632.0,,Manchester United,0,0,0.0,1,Sub,Manchester United,Arsenal,0,1,22259,2023,661289,0.0,0,0,0,0.0,0.0,0.0,12340.0,Manchester United,Omari Forson,Omari Forson,5,4,37,-0.6,MID,0.0,0.0,0.0,0.0,0.12,1.0,0.0,0.3,3.0,0.3,0.0,8.0,0.0,0.0,0.0,0.0,0.0,0.0,0.0,1.0,3.0,1.0,0.0,0.0,0.0,0.0,0.0,0.0,0.0,0.0,0.0,0.0,0.0,-0.5,0.0,0.01,0.02,0.01,0.27,0.67,0.0,1.63,7.53,7.53,1.33,21.33,0.0,0.0,0.0,0.0,0.0,0.0,0.33,2.33,2.33,2.0,0.0,0.33,0.02,0.04,0.33,0.33,0.67,0.0,0.02,0.02,0.01,0.5,0.0,0.0,0.01,0.01,0.16,0.4,0.0,0.98,4.52,4.52,0.8,12.8,0.0,0.0,0.0,0.0,0.0,0.0,0.2,1.4,1.4,1.2,0.0,0.2,0.01,0.03,0.2,0.2,0.4,0.0,0.01,0.01,0.01,0.3,-502.0,-0.1,1.0,0.135,0.172,0.694,,,-1.5743444325977407e-09,1.159168760977991e-09,1,0.0,-4.39421588005473e-09,,0.0
291,8588,0,0,3,0,1.5,345,0.02,0.02,0.0,0.0,364,0,0,0.5,1.4,2024-05-11,8,10,0,0,0,0,37,0,6157,0,4,0,2.0,1,-217,121,338,4.4,False,0,345.0,,Manchester City,0,0,0.0,5,Sub,Fulham,Manchester City,0,4,22258,2023,660343,0.0,0,0,0,0.0,0.0,0.0,11903.0,Manchester City,Oscar Bobb,Oscar Bobb,5,3,37,2.3,MID,0.0,0.04,0.04,0.0,0.0,0.0,0.0,1.5,4.4,10.6,0.0,1.0,0.0,0.0,0.0,0.0,0.0,0.0,0.0,2.0,0.0,1.0,0.0,0.0,0.0,0.11,0.0,0.0,1.0,0.0,0.0,0.11,0.11,2.0,0.0,0.08,0.08,0.0,0.42,1.0,0.0,2.73,6.73,13.8,6.67,33.33,0.0,0.0,0.0,0.0,0.0,0.0,0.33,2.33,2.33,1.33,0.0,0.0,0.0,0.11,0.0,0.0,1.0,0.0,0.0,0.27,0.19,2.1,0.0,0.05,0.08,0.03,0.27,0.6,0.0,1.98,4.12,10.38,5.2,22.2,0.0,0.0,0.0,0.0,0.0,0.0,0.2,1.8,2.8,1.2,0.0,0.2,0.02,0.07,0.0,0.0,0.6,0.0,0.02,0.21,0.14,1.78,-411.0,-0.4727668845315904,1.0,0.073,0.136,0.791,,,0.0178326924614615,1.159168760977991e-09,1,0.0,0.0891634657848137,,0.0
292,8619,0,0,1,0,9.3,570,0.12,0.19,0.07,0.65,370,1,0,3.1,5.0,2024-05-11,29,8,0,0,0,0,37,0,68055,0,3,1,17.0,0,-24619,1380,25999,4.5,True,1,570.0,,Wolverhampton Wanderers,0,1,0.0563529580831527,24,Sub,Wolverhampton Wanderers,Crystal Palace,1,3,22264,2023,660577,0.0,0,0,0,0.0563529580831527,0.0,0.0,2199.0,Wolverhampton Wanderers,Pablo Sarabia,Pablo Sarabia,2,2,37,0.8,MID,0.0,0.0,0.0,0.0,0.69,1.0,0.0,0.3,2.6,0.6,0.0,14.0,0.0,0.0,0.0,0.0,0.0,0.0,0.0,1.0,5.0,1.0,0.0,0.0,0.0,0.0,0.0,0.0,0.0,0.0,0.0,0.0,0.0,0.2,0.0,0.01,0.02,0.01,0.95,1.0,0.0,1.3,3.8,5.57,3.67,30.33,0.0,0.0,0.0,0.0,0.33,0.0,0.33,1.0,2.33,1.0,0.0,0.33,0.01,0.01,0.0,0.0,0.33,0.0,0.01,0.03,0.02,2.83,0.0,0.03,0.07,0.04,1.03,1.2,0.0,1.58,2.96,9.48,3.4,38.6,0.0,0.0,0.0,0.0,0.2,0.0,0.4,1.4,1.8,1.2,0.0,0.4,0.08,0.03,0.0,0.0,0.6,0.0,0.08,0.11,0.04,3.58,-27535.0,-0.8991928120092041,0.0,0.33,0.271,0.399,,,0.1629219336285041,0.0150709055690887,0,0.0,1.8598223848497863,,0.0
293,8653,0,0,16,0,62.1,134,0.25,0.28,0.03,2.27,366,1,0,8.3,18.2,2024-05-11,90,15,0,0,0,0,37,0,473855,1,1,1,3.0,2,23238,45974,22736,6.1,False,0,134.0,,Brighton and Hove Albion,0,1,0.0180386137217283,90,DMC,Newcastle United,Brighton and Hove Albion,1,1,22260,2023,660676,0.2218218594789505,0,4,0,0.0180386137217283,0.6453604698181152,0.5268063545227051,239.0,Brighton and Hove Albion,Pascal Groß,Pascal Groß,2,4,37,4.0,MID,1.0,0.06,0.56,0.5,0.06,0.0,0.0,5.8,9.8,22.9,25.0,90.0,0.0,0.0,0.0,0.0,1.0,0.0,1.0,0.0,1.0,2.0,0.0,2.0,0.34,0.07,0.0,0.0,1.0,0.0,0.34,0.68,0.65,1.7,0.33,0.11,0.29,0.18,1.21,2.33,0.0,5.57,16.87,24.07,14.67,90.0,0.0,0.0,0.0,0.0,0.33,0.0,1.0,1.33,1.33,2.0,0.0,1.0,0.12,0.08,0.0,0.0,1.0,0.0,0.12,0.44,0.4,1.77,0.2,0.14,0.27,0.13,1.71,2.2,0.0,6.14,18.0,31.08,12.2,90.0,0.0,0.0,0.0,0.0,0.2,0.0,1.0,1.6,1.0,2.2,0.0,1.2,0.09,0.08,0.0,0.0,1.6,0.0,0.09,0.36,0.32,2.1,31885.0,0.3382040459903944,2.0,0.602,0.199,0.199,,,0.0298891762766559,0.2436735715534856,1,0.0,1.8804665960437363,Gross,6.17
294,8654,0,0,12,0,39.1,134,0.34,0.75,0.41,1.48,332,2,0,6.4,15.6,2024-05-15,90,7,0,0,0,0,37,0,473855,1,2,1,9.0,2,23238,45974,22736,6.1,True,0,134.0,,Brighton and Hove Albion,0,1,0.5461887121200562,90,DMC,Brighton and Hove Albion,Chelsea,1,2,22226,2023,662149,0.0258680470287799,0,1,0,0.5461887121200562,1.1300667524337769,0.5580099821090698,239.0,Brighton and Hove Albion,Pascal Groß,Pascal Groß,3,3,37,4.0,MID,0.0,0.25,0.28,0.03,2.27,1.0,0.0,8.3,18.2,62.1,3.0,90.0,0.0,0.0,0.0,0.0,0.0,0.0,1.0,1.0,1.0,2.0,0.0,1.0,0.02,0.22,0.0,0.0,4.0,0.0,0.02,0.65,0.53,4.0,0.33,0.18,0.36,0.18,1.53,1.33,0.0,6.83,16.6,41.77,10.0,90.0,0.0,0.0,0.0,0.0,0.33,0.0,1.0,0.33,1.67,2.0,0.0,1.0,0.12,0.15,0.0,0.0,2.33,0.0,0.12,0.53,0.47,2.7,0.2,0.16,0.3,0.13,1.52,1.8,0.0,7.02,18.48,39.3,12.4,90.0,0.0,0.0,0.0,0.0,0.2,0.0,1.0,1.2,1.2,2.2,0.0,1.4,0.1,0.12,0.0,0.0,2.2,0.0,0.1,0.47,0.41,2.4,0.0,0.3382040459903944,2.0,0.284,0.235,0.481,,,0.0546745863924502,0.263610269875874,0,1.0,4.064203741589873,Gross,6.17
295,8684,0,0,14,0,0.9,584,0.01,0.02,0.01,1.73,361,3,0,2.2,13.8,2024-05-13,90,11,0,0,0,0,37,0,311809,1,3,3,7.0,1,-18793,2760,21553,4.6,True,0,584.0,,Aston Villa,0,1,0.0141576789319515,90,DC,Aston Villa,Liverpool,3,3,22256,2023,661841,0.0,0,0,0,0.0141576789319515,0.0993739292025566,0.0993739292025566,6221.0,Aston Villa,Pau Torres,Pau Torres,4,4,37,1.5,DEF,0.0,0.0,0.0,0.0,2.69,1.0,0.0,1.4,13.4,0.8,0.0,90.0,0.0,0.0,0.0,0.0,0.0,0.0,1.0,0.0,1.0,2.0,0.0,0.0,0.0,0.0,0.0,0.0,0.0,0.0,0.0,0.0,0.0,3.3,0.0,0.02,0.02,0.0,1.92,1.33,0.0,2.03,15.27,5.13,0.0,90.0,0.0,0.0,0.0,0.0,0.0,0.0,1.0,1.0,2.0,1.67,0.0,0.0,0.0,0.01,0.0,0.0,0.33,0.0,0.0,0.52,0.51,3.1,0.2,0.02,0.02,0.0,1.79,1.4,0.0,2.12,16.04,4.28,0.8,90.0,0.0,0.0,0.0,0.0,0.0,0.0,1.0,1.6,1.8,2.4,0.0,0.0,0.0,0.01,0.0,0.0,0.2,0.0,0.0,0.43,0.42,2.82,-21420.0,-0.7729609673837042,1.0,0.225,0.218,0.556,,1.480755208478597,0.0849370779383578,-5.277553949412095e-10,0,0.0,1.7696224660468804,Pau,0.41
296,8722,0,1,24,0,21.0,506,0.06,0.2,0.14,0.75,368,1,1,8.9,37.6,2024-05-11,90,6,0,0,0,0,37,0,2356898,1,1,2,30.0,9,273323,323472,50149,5.8,True,0,506.0,,Tottenham Hotspur,1,4,0.1736294031143188,90,DR,Tottenham Hotspur,Burnley,2,1,22262,2023,660626,0.0275849178433418,0,1,1,0.1736294031143188,0.5299878716468811,0.3287735879421234,6912.0,Tottenham Hotspur,Pedro Porro,Pedro Porro,2,4,37,5.3,DEF,0.0,0.13,0.13,0.0,3.22,4.0,0.0,3.5,12.2,17.1,6.0,90.0,0.0,0.0,0.0,0.0,0.0,0.0,1.0,2.0,4.0,0.0,0.0,1.0,0.0,0.26,0.0,0.0,1.0,0.0,0.0,0.55,0.28,0.5,0.0,0.23,0.27,0.04,2.08,3.0,0.0,4.7,12.0,22.93,12.33,90.0,0.0,0.0,0.0,0.0,0.0,0.0,1.0,1.67,2.67,0.67,0.0,1.67,0.05,0.24,0.0,0.0,1.33,0.0,0.05,0.41,0.18,4.43,0.0,0.15,0.19,0.04,1.93,2.4,0.2,4.8,19.08,18.08,10.8,81.6,0.0,0.0,0.0,0.0,0.0,0.0,1.0,1.2,3.0,2.6,0.2,1.2,0.05,0.15,0.0,0.0,1.0,0.2,0.05,0.46,0.3,4.54,322202.0,0.7315514920199881,8.0,0.699,0.165,0.136,,1.3480531087991916,0.1305549301242428,0.0647993470488421,0,0.0,2.303727621891983,Pedro Porro,39.51
297,8723,0,0,7,0,4.9,506,0.02,0.02,0.0,2.4,339,2,0,1.3,6.0,2024-05-14,90,13,0,0,0,0,37,0,2356898,1,2,0,2.0,1,273323,323472,50149,5.8,True,0,506.0,,Tottenham Hotspur,0,0,0.0,90,DR,Tottenham Hotspur,Manchester City,0,2,22233,2023,661900,0.0,0,0,0,0.0,0.5941370129585266,0.5941370129585266,6912.0,Tottenham Hotspur,Pedro Porro,Pedro Porro,5,4,37,5.3,DEF,0.0,0.06,0.2,0.14,0.75,1.0,1.0,8.9,37.6,21.0,30.0,90.0,0.0,0.0,0.0,0.0,0.0,0.0,1.0,1.0,2.0,9.0,1.0,4.0,0.17,0.03,0.0,0.0,1.0,1.0,0.17,0.53,0.33,5.3,0.0,0.15,0.21,0.06,1.97,2.33,0.33,6.37,21.33,24.07,18.33,90.0,0.0,0.0,0.0,0.0,0.0,0.0,1.0,1.0,2.67,3.33,0.33,2.0,0.08,0.15,0.0,0.0,1.33,0.33,0.08,0.44,0.26,4.07,0.0,0.15,0.2,0.05,1.77,2.4,0.2,4.9,17.16,18.42,13.4,81.6,0.0,0.0,0.0,0.0,0.0,0.0,1.0,1.2,2.8,2.2,0.2,1.8,0.06,0.15,0.0,0.0,1.0,0.2,0.06,0.36,0.18,4.58,0.0,0.7315514920199881,1.0,0.146,0.158,0.696,,0.8530929427137057,0.0024199242289388,-5.277553949412095e-10,1,0.0,0.5875195437903664,Pedro Porro,39.51
298,8803,0,1,35,1,32.0,353,0.14,0.33,0.19,0.12,364,0,1,10.5,45.0,2024-05-11,81,10,0,0,0,0,37,0,4584222,1,4,0,28.0,9,253518,309178,55660,8.5,False,0,353.0,,Manchester City,1,2,0.135245531797409,85,AML,Fulham,Manchester City,0,4,22258,2023,660339,0.1350712925195694,0,2,1,0.135245531797409,1.0036590099334717,0.7626499533653259,6055.0,Manchester City,Phil Foden,Phil Foden,5,3,37,14.3,MID,0.0,0.06,0.36,0.3,0.35,1.0,0.0,8.1,24.6,19.1,37.0,79.0,0.0,0.0,0.0,0.0,0.0,0.0,1.0,1.0,5.0,5.0,0.0,3.0,0.33,0.11,1.0,1.0,1.0,0.0,0.33,0.96,0.52,6.2,0.33,0.26,0.57,0.31,0.41,0.67,1.67,14.37,72.2,34.83,36.67,76.33,0.0,0.0,0.0,0.0,0.0,0.0,1.0,2.0,3.0,13.67,1.67,3.33,0.48,0.33,0.33,0.33,2.33,1.67,0.48,1.21,0.68,7.93,0.4,0.17,0.45,0.28,0.84,0.6,1.0,9.94,46.04,25.42,27.8,75.8,0.0,0.0,0.0,0.0,0.0,0.0,1.0,1.4,2.0,9.2,1.0,2.6,0.36,0.21,0.2,0.2,1.6,1.0,0.36,0.86,0.46,7.52,278813.0,0.694878274741118,8.0,0.073,0.136,0.791,,,0.271084223782885,0.1833996359191889,1,1.0,3.905620026671992,Foden,64.61
299,8804,0,0,2,1,20.3,353,0.05,0.29,0.24,1.33,339,0,0,5.0,9.0,2024-05-14,90,18,0,0,0,0,37,0,4584222,1,2,0,21.0,2,253518,309178,55660,8.5,False,1,353.0,,Manchester City,0,1,0.4280816316604614,90,AML,Tottenham Hotspur,Manchester City,0,2,22233,2023,661923,0.0992273390293121,0,1,0,0.4280816316604614,1.4718912839889526,1.0438097715377808,6055.0,Manchester City,Phil Foden,Phil Foden,5,4,37,14.3,MID,1.0,0.14,0.33,0.19,0.12,0.0,1.0,10.5,45.0,32.0,28.0,81.0,0.0,0.0,0.0,0.0,0.0,0.0,1.0,4.0,0.0,9.0,1.0,2.0,0.14,0.14,0.0,0.0,2.0,1.0,0.14,1.0,0.76,14.3,0.67,0.13,0.37,0.24,0.22,0.33,1.0,11.1,48.6,30.4,32.0,77.0,0.0,0.0,0.0,0.0,0.0,0.0,1.0,3.0,1.67,10.0,1.0,2.67,0.33,0.17,0.33,0.33,2.0,1.0,0.33,0.9,0.5,9.77,0.6,0.19,0.42,0.23,0.37,0.4,1.2,11.22,53.12,31.0,28.0,74.0,0.0,0.0,0.0,0.0,0.0,0.0,1.0,2.0,1.8,10.6,1.2,2.6,0.32,0.24,0.2,0.2,2.0,1.2,0.32,0.96,0.58,8.96,0.0,0.694878274741118,2.0,0.146,0.158,0.696,,,0.1951991533050767,0.1273059945957586,1,1.0,3.35791375031266,Foden,64.61
300,8872,0,0,3,0,0.8,499,0.01,0.01,0.0,0.0,368,0,0,0.1,0.4,2024-05-11,2,6,0,0,0,0,37,0,28316,0,1,2,0.0,1,311,621,310,5.1,True,0,499.0,,Tottenham Hotspur,0,0,0.0,1,Sub,Tottenham Hotspur,Burnley,2,1,22262,2023,660637,0.0,0,0,0,0.0,0.0,0.0,343.0,Tottenham Hotspur,Pierre-Emile Højbjerg,Pierre-Emile Højbjerg,2,4,37,2.1,MID,0.0,0.03,0.11,0.08,0.29,1.0,0.0,3.9,9.0,16.3,14.0,27.0,0.0,0.0,0.0,0.0,0.0,0.0,0.0,0.0,2.0,1.0,0.0,2.0,0.07,0.26,0.0,0.0,1.0,0.0,0.07,0.36,0.09,1.6,0.0,0.04,0.08,0.04,0.55,1.67,0.0,2.73,8.73,13.17,5.33,41.0,0.33,0.0,0.0,0.0,0.0,0.0,0.33,1.0,2.67,0.67,0.0,1.0,0.03,0.09,0.0,0.0,0.67,0.0,0.03,0.19,0.09,1.5,0.0,0.03,0.08,0.05,0.49,1.0,0.0,2.38,7.84,8.98,6.8,35.2,0.2,0.0,0.0,0.0,0.0,0.0,0.2,1.0,2.4,0.8,0.0,1.2,0.04,0.05,0.0,0.0,0.4,0.0,0.04,0.13,0.07,1.42,487.0,0.3340494092373791,1.0,0.699,0.165,0.136,,,-1.5743444325977407e-09,1.159168760977991e-09,0,0.0,0.999999995605784,,0.0
301,8873,0,0,9,0,14.8,499,0.04,0.04,0.0,1.53,339,1,0,2.9,12.6,2024-05-14,84,13,0,0,0,0,37,0,28316,1,2,0,2.0,2,311,621,310,5.1,True,0,499.0,,Tottenham Hotspur,0,0,0.0,85,MC,Tottenham Hotspur,Manchester City,0,2,22233,2023,661904,0.0,0,0,0,0.0,0.4366353154182434,0.4366353154182434,343.0,Tottenham Hotspur,Pierre-Emile Højbjerg,Pierre-Emile Højbjerg,5,4,37,2.1,MID,0.0,0.01,0.01,0.0,0.0,0.0,0.0,0.1,0.4,0.8,0.0,2.0,0.0,0.0,0.0,0.0,0.0,0.0,0.0,1.0,2.0,1.0,0.0,0.0,0.0,0.0,0.0,0.0,0.0,0.0,0.0,0.0,0.0,2.1,0.0,0.02,0.05,0.03,0.42,1.33,0.0,1.87,6.33,7.67,4.67,30.67,0.33,0.0,0.0,0.0,0.0,0.0,0.33,1.33,2.0,0.67,0.0,0.67,0.02,0.09,0.0,0.0,0.33,0.0,0.02,0.14,0.05,1.77,0.0,0.03,0.08,0.05,0.45,1.0,0.0,2.28,7.52,8.82,6.4,34.0,0.2,0.0,0.0,0.0,0.0,0.0,0.2,1.0,2.6,0.8,0.0,1.2,0.04,0.05,0.0,0.0,0.4,0.0,0.04,0.11,0.06,1.58,0.0,0.3340494092373791,2.0,0.146,0.158,0.696,,,0.0067271972270765,0.030916789007557,1,0.0,0.1263863531580535,,0.0
302,8881,0,0,3,0,0.5,777,0.0,0.0,0.0,0.0,368,0,0,0.2,1.0,2024-05-11,15,6,0,0,0,0,37,0,4690,0,1,2,0.0,1,-308,251,559,4.2,True,0,777.0,,Tottenham Hotspur,0,0,0.0,13,,Tottenham Hotspur,Burnley,2,1,22262,2023,660638,0.0,0,0,0,0.0,1.002022385597229,1.002022385597229,9105.0,Tottenham Hotspur,Radu Dragusin,Radu Dragusin,2,4,37,1.3,DEF,0.0,0.01,0.01,0.0,0.39,1.0,0.0,1.7,16.0,1.3,0.0,90.0,0.0,0.0,0.0,0.0,0.0,0.0,1.0,1.0,2.0,2.0,0.0,0.0,0.0,0.0,0.0,0.0,0.0,0.0,0.0,1.0,1.0,1.8,0.0,0.0,0.05,0.05,1.2,1.33,0.0,2.1,17.93,1.8,1.33,73.67,0.0,0.0,0.0,0.0,0.33,0.0,0.67,1.67,1.67,1.0,0.0,0.33,0.02,0.0,0.0,0.0,0.0,0.0,0.02,0.55,0.53,0.87,0.0,0.0,0.03,0.03,0.93,1.0,0.0,1.32,11.28,1.1,0.8,44.8,0.0,0.0,0.0,0.0,0.2,0.0,0.4,1.8,2.0,1.0,0.0,0.2,0.01,0.0,0.0,0.0,0.0,0.0,0.01,0.33,0.32,0.92,-3478.0,-0.3802469135802469,1.0,0.699,0.165,0.136,,0.3884686626417242,5.515961021274052e-10,-5.277553949412095e-10,0,0.0,1.8060000017263107,,0.0
303,8882,0,0,10,0,0.9,777,0.0,0.0,0.0,2.4,339,2,0,1.8,16.6,2024-05-14,90,13,0,0,0,0,37,0,4690,1,2,0,0.0,1,-308,251,559,4.2,True,0,777.0,,Tottenham Hotspur,0,0,0.0,90,,Tottenham Hotspur,Manchester City,0,2,22233,2023,661902,0.0,0,0,0,0.0,0.0998191460967063,0.0998191460967063,9105.0,Tottenham Hotspur,Radu Dragusin,Radu Dragusin,5,4,37,1.3,DEF,0.0,0.0,0.0,0.0,0.0,0.0,0.0,0.2,1.0,0.5,0.0,15.0,0.0,0.0,0.0,0.0,0.0,0.0,0.0,1.0,2.0,1.0,0.0,0.0,0.0,0.0,0.0,0.0,0.0,0.0,0.0,1.0,1.0,1.3,0.0,0.0,0.05,0.05,1.06,1.33,0.0,1.53,13.2,0.87,1.33,65.0,0.0,0.0,0.0,0.0,0.0,0.0,0.67,0.67,2.33,1.33,0.0,0.33,0.02,0.0,0.0,0.0,0.0,0.0,0.02,0.7,0.67,1.3,0.0,0.0,0.03,0.03,0.89,1.0,0.0,1.34,11.24,1.2,0.8,47.4,0.0,0.0,0.0,0.0,0.2,0.0,0.4,1.6,1.8,1.0,0.0,0.2,0.01,0.0,0.0,0.0,0.0,0.0,0.01,0.53,0.52,0.98,0.0,-0.3802469135802469,1.0,0.146,0.158,0.696,,0.3711771558383172,5.515961021274052e-10,-5.277553949412095e-10,0,0.0,1.8140000017263107,,0.0
304,8912,0,0,26,0,12.3,216,0.24,0.32,0.08,0.08,367,1,1,7.2,38.6,2024-05-11,17,16,0,0,0,0,37,0,522093,0,3,2,21.0,6,-5497,3660,9157,6.8,False,0,216.0,,Chelsea,1,1,0.0728753507137298,12,Sub,Nottingham Forest,Chelsea,2,3,22261,2023,660897,0.4627650380134582,0,1,1,0.0728753507137298,1.118843913078308,1.045968532562256,618.0,Chelsea,Raheem Sterling,Raheem Sterling,3,2,37,2.4,MID,0.0,0.0,0.05,0.05,0.67,1.0,0.0,1.1,0.6,1.4,9.0,24.0,0.0,0.0,0.0,0.0,0.0,0.0,0.0,0.0,5.0,1.0,0.0,1.0,0.05,0.0,0.0,0.0,0.0,0.0,0.05,0.0,0.0,0.2,0.0,0.11,0.31,0.21,0.38,0.67,0.0,2.83,6.67,6.8,14.67,20.0,0.0,0.0,0.0,0.0,0.0,0.0,0.0,1.67,3.67,2.0,0.0,1.33,0.15,0.12,0.33,0.33,0.33,0.0,0.15,0.26,0.16,1.57,0.0,0.07,0.25,0.18,0.35,0.6,0.0,3.0,5.2,9.0,15.6,28.2,0.0,0.0,0.0,0.0,0.2,0.0,0.2,1.8,3.2,1.6,0.0,1.4,0.18,0.09,0.2,0.2,0.6,0.0,0.18,0.26,0.09,2.26,-20800.0,-0.4288835140828587,6.0,0.278,0.249,0.473,,,0.2296616038235659,0.0736666705662378,0,0.0,2.3693080308165424,,0.0
305,8913,0,0,-2,0,0.1,216,0.0,0.04,0.04,0.58,332,1,0,0.9,1.4,2024-05-15,21,5,0,0,0,0,37,0,522093,0,2,1,7.0,0,-5497,3660,9157,6.8,False,1,216.0,,Chelsea,0,1,0.045160386711359,12,Sub,Brighton and Hove Albion,Chelsea,1,2,22226,2023,662176,0.0,0,0,0,0.045160386711359,0.0,0.0,618.0,Chelsea,Raheem Sterling,Raheem Sterling,3,3,37,2.4,MID,0.0,0.24,0.32,0.08,0.08,1.0,1.0,7.2,38.6,12.3,21.0,17.0,0.0,0.0,0.0,0.0,0.0,0.0,0.0,3.0,2.0,6.0,1.0,1.0,0.07,0.46,0.0,0.0,1.0,1.0,0.07,1.12,1.05,2.4,0.0,0.11,0.15,0.04,0.25,0.67,0.33,3.2,13.2,5.3,13.33,20.0,0.0,0.0,0.0,0.0,0.0,0.0,0.0,2.0,3.67,2.67,0.33,0.67,0.04,0.15,0.0,0.0,0.33,0.33,0.04,0.37,0.35,1.53,0.0,0.11,0.31,0.19,0.36,0.8,0.2,3.96,11.88,9.3,18.2,29.4,0.0,0.0,0.0,0.0,0.2,0.0,0.2,2.0,3.2,2.6,0.2,1.6,0.19,0.17,0.2,0.2,0.6,0.2,0.19,0.48,0.3,2.08,0.0,-0.4288835140828587,0.0,0.284,0.235,0.481,,,0.0850591544662833,1.159168760977991e-09,1,0.0,0.4252957758089228,,0.0
306,8964,0,0,1,0,13.4,617,0.01,0.08,0.07,1.71,365,1,0,1.5,0.0,2024-05-12,87,1,0,0,0,0,37,0,631298,1,1,0,3.0,2,-14078,53865,67943,7.1,True,0,617.0,,Manchester United,0,1,0.0519160069525241,90,FW,Manchester United,Arsenal,0,1,22259,2023,661285,0.0163036361336708,0,1,0,0.0519160069525241,0.1130120679736137,0.044792428612709,11055.0,Manchester United,Rasmus Højlund,Rasmus Højlund,5,4,37,6.6,FWD,0.0,0.01,0.07,0.06,1.15,4.0,0.0,0.6,0.0,0.8,8.0,79.0,0.0,0.0,0.0,0.0,0.0,0.0,1.0,0.0,4.0,2.0,0.0,1.0,0.08,0.0,0.0,0.0,0.0,0.0,0.08,0.08,0.0,3.2,0.33,0.02,0.24,0.22,1.01,2.0,0.33,4.33,13.07,7.8,23.33,77.67,0.0,0.0,0.0,0.0,0.0,0.0,1.0,1.0,3.0,3.67,0.33,1.33,0.29,0.03,0.0,0.0,0.67,0.33,0.29,0.34,0.04,3.4,0.2,0.03,0.16,0.13,1.68,2.0,0.2,3.6,10.04,9.98,16.4,82.6,0.0,0.0,0.0,0.0,0.0,0.0,1.0,1.4,2.6,3.0,0.2,0.8,0.18,0.06,0.0,0.0,0.8,0.2,0.18,0.26,0.03,2.64,-9373.0,-0.1155753316695126,2.0,0.135,0.172,0.694,,,0.0375804789394711,0.0752476531012886,0,,2.3760648750617506,Højlund,2.47
307,8965,0,1,29,0,0.0,617,0.0,0.05,0.05,0.14,337,1,1,5.1,32.0,2024-05-15,8,15,0,0,0,0,37,0,631298,0,2,3,19.0,6,-14078,53865,67943,7.1,True,0,617.0,,Manchester United,1,1,0.0912950038909912,5,Sub,Manchester United,Newcastle United,3,2,22231,2023,662127,0.0,0,0,1,0.0912950038909912,0.0912950038909912,0.0,11055.0,Manchester United,Rasmus Højlund,Rasmus Højlund,3,4,37,6.6,FWD,0.0,0.01,0.08,0.07,1.71,1.0,0.0,1.5,0.0,13.4,3.0,87.0,0.0,0.0,0.0,0.0,0.0,0.0,1.0,1.0,0.0,2.0,0.0,1.0,0.05,0.02,0.0,0.0,1.0,0.0,0.05,0.11,0.04,6.6,0.33,0.01,0.05,0.04,1.33,1.67,0.0,1.33,1.0,8.1,5.67,76.67,0.0,0.0,0.0,0.0,0.0,0.0,1.0,0.67,1.67,2.0,0.0,0.67,0.04,0.03,0.0,0.0,0.67,0.0,0.04,0.08,0.01,4.43,0.2,0.02,0.17,0.15,1.3,1.8,0.2,3.26,8.24,8.46,16.6,82.0,0.0,0.0,0.0,0.0,0.0,0.0,1.0,1.2,2.2,3.0,0.2,1.0,0.19,0.02,0.0,0.0,0.6,0.2,0.19,0.24,0.04,3.76,0.0,-0.1155753316695126,5.0,0.347,0.238,0.415,,,0.215978456541676,-8.433620468650812e-10,0,,2.863913823636618,Højlund,2.47
308,8998,0,0,10,0,14.8,545,0.1,0.29,0.19,2.05,370,2,0,5.5,14.0,2024-05-11,60,8,0,0,0,0,37,0,455106,1,3,1,26.0,1,-81365,8517,89882,4.7,True,0,,,Wolverhampton Wanderers,0,1,0.0151373064145445,66,,Wolverhampton Wanderers,Crystal Palace,1,3,22264,2023,660569,0.0802737325429916,0,1,0,0.0151373064145445,0.0954110398888588,0.0151373064145445,,Wolverhampton Wanderers,,,2,2,37,1.0,DEF,0.0,0.0,0.0,0.0,3.57,5.0,0.0,0.4,2.6,1.8,0.0,90.0,0.0,0.0,0.0,0.0,0.0,0.0,1.0,1.0,5.0,0.0,0.0,0.0,0.0,0.0,0.0,0.0,0.0,0.0,0.0,0.0,0.0,-0.1,0.0,0.02,0.03,0.01,1.99,2.33,0.0,2.07,8.53,11.03,1.33,88.0,0.0,0.0,0.0,0.0,0.33,0.0,1.0,1.0,2.33,1.0,0.0,0.67,0.02,0.02,0.0,0.0,0.33,0.0,0.02,0.15,0.14,1.77,0.0,0.01,0.03,0.02,1.28,1.6,0.0,1.62,6.36,7.62,2.4,66.6,0.0,0.0,0.0,0.0,0.2,0.0,0.8,1.4,1.6,1.6,0.0,0.8,0.02,0.01,0.2,0.0,0.2,0.0,0.02,0.25,0.23,2.92,-93113.0,-0.8268884846390715,1.0,0.33,0.271,0.399,,1.334691933587405,0.1094058696813722,0.0493592060422654,0,0.0,2.137512836215029,,0.0
309,9045,0,0,8,0,0.9,318,0.01,0.01,0.0,2.63,369,3,0,1.4,13.4,2024-05-11,86,19,0,0,0,0,37,0,22490,1,1,3,0.0,0,1360,3107,1747,4.0,False,1,318.0,,Luton,0,0,0.0,90,DC,West Ham United,Luton,3,1,22263,2023,660611,0.0,0,0,0,0.0,0.0755766779184341,0.0755766779184341,1771.0,Luton,Reece Burke,Reece Burke,2,3,37,1.0,DEF,0.0,0.04,0.07,0.03,1.43,1.0,0.0,4.8,15.8,30.2,2.0,90.0,0.0,0.0,0.0,0.0,0.0,0.0,1.0,1.0,1.0,2.0,0.0,1.0,0.03,0.11,0.0,0.0,2.0,0.0,0.03,0.09,0.02,1.0,0.0,0.05,0.06,0.01,1.38,1.67,0.0,4.03,20.6,17.93,2.0,75.0,0.0,0.0,0.0,0.0,0.0,0.0,1.0,2.33,1.33,2.0,0.0,0.33,0.01,0.09,0.33,0.33,1.33,0.0,0.01,0.08,0.05,0.53,0.0,0.03,0.04,0.01,1.75,2.2,0.0,3.2,20.04,10.92,1.2,81.0,0.0,0.0,0.0,0.0,0.0,0.0,1.0,1.8,2.2,1.6,0.0,0.2,0.01,0.05,0.2,0.2,0.8,0.0,0.01,0.18,0.16,0.4,1607.0,0.2801812937783272,0.0,0.526,0.225,0.249,,1.728272149884556,5.515961021274052e-10,-5.277553949412095e-10,0,0.0,1.1360000017263108,,0.0
310,9054,1,0,18,0,14.4,206,0.35,0.35,0.0,0.04,367,0,0,3.9,22.2,2024-05-11,11,16,0,0,0,0,37,0,288004,0,3,2,2.0,4,66,1216,1150,5.3,False,0,206.0,,Chelsea,0,0,0.0,6,Sub,Nottingham Forest,Chelsea,2,3,22261,2023,660898,0.4838427901268005,1,1,0,0.0,0.556718111038208,0.0728753507137298,8067.0,Chelsea,Reece James,Reece James,3,2,37,0.4,DEF,0.0,0.0,0.0,0.0,0.07,0.0,0.0,0.2,1.8,0.2,0.0,26.0,0.0,0.0,0.0,0.0,0.0,0.0,1.0,0.0,2.0,1.0,0.0,0.0,0.0,0.0,0.0,0.0,0.0,0.0,0.0,0.0,0.0,0.6,0.0,0.07,0.09,0.02,1.31,1.67,0.0,3.43,12.4,18.73,3.0,47.67,0.0,0.0,0.0,0.33,0.0,0.0,0.67,0.67,2.67,-0.33,0.0,0.67,0.04,0.08,0.0,0.0,1.0,0.0,0.04,0.11,0.05,0.37,0.0,0.06,0.1,0.04,1.39,1.8,0.0,4.84,19.0,20.72,8.6,56.4,0.0,0.0,0.0,0.2,0.0,0.0,0.8,2.0,2.6,1.0,0.0,1.0,0.05,0.32,0.2,0.2,1.4,0.0,0.05,0.3,0.17,0.74,-219990.0,0.0278951817413355,4.0,0.278,0.249,0.473,,1.578280913165658,0.0016208285662293,0.0604590097784913,0,0.0,0.4021020007328496,,0.0
311,9055,0,0,-7,0,0.8,206,0.0,0.0,0.0,1.07,332,1,0,0.0,0.0,2024-05-15,19,5,0,0,0,1,37,0,288004,0,2,1,0.0,-2,66,1216,1150,5.3,False,0,206.0,,Chelsea,0,0,0.0,12,Sub,Brighton and Hove Albion,Chelsea,1,2,22226,2023,662175,0.0,0,0,0,0.0,0.0,0.0,8067.0,Chelsea,Reece James,Reece James,3,3,37,0.4,DEF,0.0,0.35,0.35,0.0,0.04,0.0,0.0,3.9,22.2,14.4,2.0,11.0,0.0,0.0,0.0,0.0,0.0,0.0,0.0,3.0,2.0,4.0,0.0,0.0,0.0,0.48,1.0,1.0,1.0,0.0,0.0,0.56,0.07,0.4,0.0,0.17,0.17,0.01,0.45,0.33,0.0,3.83,16.2,19.23,2.67,27.33,0.0,0.0,0.0,0.0,0.0,0.0,0.33,1.33,2.0,2.0,0.0,0.33,0.02,0.21,0.33,0.33,1.0,0.0,0.02,0.25,0.02,0.33,0.0,0.12,0.15,0.03,1.35,1.6,0.0,4.34,19.32,18.44,5.4,43.4,0.0,0.0,0.0,0.2,0.0,0.0,0.6,1.8,2.8,1.4,0.0,0.8,0.05,0.33,0.4,0.4,1.2,0.0,0.05,0.21,0.07,0.56,0.0,0.0278951817413355,-2.0,0.284,0.235,0.481,,0.5676836981699318,5.515961021274052e-10,-5.277553949412095e-10,0,0.0,0.7160000017263104,,0.0
312,9084,0,0,3,0,0.3,477,0.02,0.02,0.0,0.25,363,0,0,0.4,1.2,2024-05-11,9,9,0,0,0,0,37,0,3490,0,0,1,2.0,1,10,80,70,4.9,False,0,477.0,,Sheffield United,0,0,0.0,6,Sub,Everton,Sheffield United,1,0,22257,2023,660562,0.0,0,0,0,0.0,0.0598097033798694,0.0598097033798694,5569.0,Sheffield United,Rhian Brewster,Rhian Brewster,2,2,37,-0.3,FWD,0.0,0.01,0.24,0.23,1.2,1.0,0.0,7.0,5.2,11.6,53.0,81.0,0.0,0.0,0.0,0.0,0.0,0.0,1.0,0.0,1.0,2.0,0.0,4.0,0.25,0.05,0.0,0.0,1.0,0.0,0.25,0.31,0.0,0.0,0.0,0.0,0.08,0.08,0.57,0.67,0.0,2.37,1.8,4.0,18.33,33.67,0.0,0.0,0.0,0.0,0.0,0.0,0.33,2.67,0.67,1.33,0.0,1.67,0.09,0.02,0.0,0.0,0.33,0.0,0.09,0.11,0.0,-0.07,0.0,0.0,0.05,0.05,0.56,0.4,0.0,1.48,1.56,2.44,11.0,26.8,0.0,0.0,0.0,0.2,0.0,0.0,0.2,2.0,1.2,0.6,0.0,1.0,0.05,0.01,0.0,0.0,0.2,0.0,0.05,0.06,0.0,-0.38,-154.0,0.0666666666666666,1.0,0.676,0.197,0.126,,,0.0043102634166851,0.0016843081967801,0,,1.0222939782570808,Brewster,0.41
313,9139,0,0,2,0,0.8,358,0.04,0.04,0.0,0.0,364,0,0,0.4,0.0,2024-05-11,8,10,0,0,0,0,37,0,54237,0,4,0,4.0,1,-21059,1022,22081,4.2,False,0,358.0,,Manchester City,0,0,0.0,5,Sub,Fulham,Manchester City,0,4,22258,2023,660345,0.0,0,0,0,0.0,0.0,0.0,10847.0,Manchester City,Rico Lewis,Rico Lewis,5,3,37,2.3,DEF,0.0,0.0,0.0,0.0,0.23,0.0,0.0,0.3,0.8,0.6,2.0,11.0,0.0,0.0,0.0,0.0,0.0,0.0,0.0,4.0,0.0,1.0,0.0,0.0,0.0,0.0,0.0,0.0,0.0,0.0,0.0,0.0,0.0,4.8,0.0,0.06,0.12,0.06,0.6,1.0,0.33,6.07,19.27,22.57,18.67,63.67,0.0,0.0,0.0,0.0,0.0,0.0,0.67,3.0,2.33,3.67,0.33,0.67,0.06,0.1,0.0,0.0,1.67,0.33,0.06,0.59,0.46,5.27,0.2,0.16,0.22,0.06,0.56,0.8,0.2,5.18,15.2,23.22,13.2,68.8,0.0,0.0,0.0,0.0,0.0,0.0,0.6,2.0,2.2,3.8,0.2,0.6,0.06,0.16,0.0,0.0,1.6,0.2,0.06,0.71,0.57,4.2,-50138.0,-0.911526641561702,1.0,0.073,0.136,0.791,,0.7290082338415942,0.0225716052010114,-5.277553949412095e-10,0,0.0,1.770429629622802,,0.0
314,9181,0,0,2,0,1.8,492,0.01,0.12,0.11,0.0,368,0,0,0.9,1.8,2024-05-11,15,6,0,0,0,0,37,0,4606,0,1,2,5.0,1,293,475,182,5.4,True,0,492.0,,Tottenham Hotspur,0,1,0.1114870682358741,13,Sub,Tottenham Hotspur,Burnley,2,1,22262,2023,660639,0.0,0,0,0,0.1114870682358741,0.2789365947246551,0.1674495190382003,6108.0,Tottenham Hotspur,Rodrigo Bentancur,Rodrigo Bentancur,2,4,37,2.5,MID,0.0,0.01,0.01,0.0,2.55,4.0,0.0,1.3,5.0,8.0,0.0,60.0,0.0,0.0,0.0,0.0,0.0,0.0,1.0,2.0,4.0,2.0,0.0,0.0,0.0,0.0,0.0,0.0,0.0,0.0,0.0,0.26,0.26,1.2,0.0,0.02,0.14,0.12,1.18,2.67,0.0,1.8,7.47,4.8,6.0,44.0,0.0,0.0,0.0,0.0,0.0,0.0,0.67,1.67,2.67,1.33,0.0,1.0,0.07,0.0,0.0,0.0,0.0,0.0,0.07,0.28,0.21,2.4,0.0,0.03,0.12,0.09,1.32,2.2,0.0,2.16,9.92,6.02,5.8,46.6,0.0,0.0,0.0,0.0,0.2,0.0,0.6,1.2,3.0,1.6,0.0,0.8,0.06,0.02,0.2,0.2,0.2,0.0,0.06,0.31,0.24,2.18,416.0,0.4459665144596651,1.0,0.699,0.165,0.136,,,0.07342762423058,0.0002867622624234,0,0.0,1.36799840794017,,0.0
315,9182,0,0,1,0,3.6,492,0.03,0.16,0.13,1.53,339,1,0,2.3,2.8,2024-05-14,54,13,0,0,0,0,37,0,4606,1,2,0,17.0,0,293,475,182,5.4,True,1,492.0,,Tottenham Hotspur,0,1,0.0998191460967063,55,MC,Tottenham Hotspur,Manchester City,0,2,22233,2023,661905,0.0,0,0,0,0.0998191460967063,0.122578740119934,0.0227595958858728,6108.0,Tottenham Hotspur,Rodrigo Bentancur,Rodrigo Bentancur,5,4,37,2.5,MID,0.0,0.01,0.12,0.11,0.0,0.0,0.0,0.9,1.8,1.8,5.0,15.0,0.0,0.0,0.0,0.0,0.0,0.0,0.0,1.0,2.0,1.0,0.0,1.0,0.11,0.0,0.0,0.0,0.0,0.0,0.11,0.28,0.17,2.5,0.0,0.01,0.17,0.16,0.95,1.67,0.0,1.57,4.53,4.13,7.0,34.0,0.0,0.0,0.0,0.0,0.0,0.0,0.33,1.0,2.67,1.33,0.0,1.33,0.11,0.0,0.0,0.0,0.0,0.0,0.11,0.26,0.16,2.23,0.0,0.02,0.14,0.12,1.2,2.2,0.0,1.6,6.6,3.82,5.6,40.6,0.0,0.0,0.0,0.0,0.0,0.0,0.6,1.2,2.8,1.2,0.0,1.0,0.08,0.0,0.0,0.0,0.0,0.0,0.08,0.33,0.25,2.34,0.0,0.4459665144596651,0.0,0.146,0.158,0.696,,,0.1795012643871589,0.0002867622624234,0,0.0,1.8983666087230648,,0.0
316,9204,0,0,7,0,1.4,279,0.0,0.12,0.12,1.97,364,2,0,2.4,4.0,2024-05-11,66,13,0,0,0,0,37,0,464302,1,4,0,19.0,2,-148985,14497,163482,4.3,True,0,,,Fulham,0,1,0.0290315356105566,90,,Fulham,Manchester City,0,4,22258,2023,660336,0.1287919729948043,0,1,0,0.0290315356105566,1.028572916984558,0.8707494139671326,,Fulham,,,5,3,37,2.8,FWD,1.0,0.01,0.13,0.12,0.62,0.0,0.0,3.2,8.4,0.8,23.0,63.0,0.0,0.0,0.0,0.0,0.0,0.0,1.0,0.0,0.0,2.0,0.0,1.0,0.02,0.73,0.0,2.0,5.0,0.0,0.02,1.83,1.31,3.8,0.33,0.02,0.35,0.34,0.96,0.67,0.0,4.93,6.8,8.33,34.67,79.33,0.0,0.0,0.0,0.0,0.0,0.0,1.0,1.0,0.33,2.0,0.0,1.0,0.04,0.28,0.0,1.0,2.33,0.0,0.04,1.09,0.89,2.93,0.2,0.05,0.55,0.49,1.17,1.0,0.6,8.1,23.28,8.08,49.8,80.4,0.0,0.0,0.0,0.0,0.0,0.0,1.0,1.2,1.0,5.4,0.2,1.8,0.08,0.2,0.0,0.6,2.0,0.2,0.08,0.99,0.8,4.72,-158574.0,-0.8370931402019339,2.0,0.073,0.136,0.791,,,0.2383218783966685,-8.433620468650812e-10,0,,2.953287511056588,,0.0
317,9243,0,0,-1,0,11.1,630,0.02,0.02,0.0,0.6,369,0,0,2.2,10.6,2024-05-11,38,19,0,0,0,0,37,0,114439,1,1,3,0.0,0,-10556,6210,16766,4.5,False,1,630.0,,Luton,0,0,0.0,38,MC,West Ham United,Luton,3,1,22263,2023,660617,0.0755766779184341,0,1,0,0.0,0.0755766779184341,0.0755766779184341,592.0,Luton,Ross Barkley,Ross Barkley,2,3,37,1.0,MID,0.0,0.04,0.16,0.12,1.43,1.0,0.0,4.4,11.2,14.6,18.0,90.0,0.0,0.0,0.0,0.0,0.0,0.0,1.0,1.0,1.0,2.0,0.0,3.0,0.14,0.01,0.0,0.0,1.0,0.0,0.14,0.11,0.09,2.7,0.0,0.04,0.09,0.05,1.93,2.67,0.0,3.03,12.87,8.2,9.0,85.67,0.0,0.0,0.0,0.0,0.0,0.0,1.0,2.33,1.33,2.0,0.0,1.33,0.06,0.0,0.0,0.0,0.33,0.0,0.06,0.09,0.08,2.7,0.0,0.04,0.13,0.09,2.08,2.8,0.2,3.94,18.4,7.98,12.8,87.4,0.0,0.0,0.0,0.0,0.0,0.0,1.0,1.8,2.2,3.0,0.2,2.0,0.13,0.01,0.0,0.0,0.4,0.2,0.13,0.25,0.15,2.62,-11541.0,-0.4594359331476323,0.0,0.526,0.225,0.249,,,-1.5743444325977407e-09,0.0669418292171326,1,0.0,1.2008254797796756,,0.0
318,9279,0,0,18,1,24.7,65,0.1,0.1,0.0,0.78,362,0,0,5.2,27.4,2024-05-11,80,4,0,0,0,0,37,0,8223,1,2,1,0.0,3,6,660,654,5.0,True,0,65.0,,Bournemouth,0,0,0.0,85,DMC,Bournemouth,Brentford,1,2,22255,2023,660693,0.0404301919043064,0,1,0,0.0,0.2340053468942642,0.2340053468942642,10744.0,Bournemouth,Ryan Christie,Ryan Christie,2,2,37,2.6,MID,0.0,0.09,0.09,0.0,3.98,3.0,0.0,3.4,9.2,25.1,0.0,90.0,0.0,0.0,0.0,0.0,1.0,0.0,1.0,0.0,3.0,1.0,0.0,0.0,0.0,0.05,0.0,0.0,2.0,0.0,0.0,0.02,0.0,1.2,0.33,0.13,0.2,0.07,1.62,1.0,0.0,5.63,19.47,33.7,3.33,67.67,0.0,0.0,0.0,0.0,0.33,0.0,0.67,0.33,2.0,2.67,0.0,1.33,0.07,0.13,0.33,0.33,2.67,0.0,0.07,0.29,0.17,2.23,0.2,0.15,0.21,0.07,1.46,1.4,0.0,6.6,21.36,36.78,8.0,73.6,0.0,0.0,0.0,0.0,0.4,0.0,0.8,0.8,2.2,2.2,0.0,1.4,0.08,0.15,0.2,0.2,2.8,0.0,0.08,0.44,0.29,2.26,35.0,0.0045662100456621,3.0,0.489,0.238,0.272,,,0.0001761420281429,0.1403656094365688,0,0.0,2.421977538450421,,0.0
319,9305,0,0,4,0,10.8,708,0.04,0.04,0.0,0.52,361,2,0,2.0,5.4,2024-05-13,15,2,0,0,0,0,37,0,6735,0,3,3,4.0,1,-10,214,224,5.0,False,0,708.0,,Liverpool,0,0,0.0,10,,Aston Villa,Liverpool,3,3,22256,2023,661864,0.0458601526916027,0,1,0,0.0,0.0458601526916027,0.0,10697.0,Liverpool,Ryan Gravenberch,Ryan Gravenberch,4,4,37,2.8,MID,0.0,0.0,0.1,0.1,0.43,1.0,0.0,0.9,4.4,0.1,4.0,15.0,0.0,0.0,0.0,0.0,0.0,0.0,0.0,2.0,4.0,1.0,0.0,1.0,0.08,0.0,0.0,0.0,0.0,0.0,0.08,0.08,0.0,2.6,0.0,0.12,0.27,0.15,0.54,1.33,0.33,4.27,16.8,15.87,9.67,59.33,0.0,0.0,0.0,0.0,0.0,0.0,0.67,2.33,2.33,4.33,0.33,1.67,0.1,0.07,0.0,0.0,1.0,0.33,0.1,0.32,0.22,3.43,0.0,0.08,0.18,0.1,0.44,1.0,0.2,3.12,11.4,10.62,8.8,47.6,0.0,0.0,0.0,0.0,0.0,0.0,0.6,1.8,2.4,3.0,0.2,1.4,0.08,0.04,0.0,0.0,0.6,0.2,0.08,0.27,0.19,2.56,38.0,-0.0228310502283105,1.0,0.225,0.218,0.556,,,0.0176844623310805,0.0597865826974255,0,0.0,1.2677820597476792,,0.0
320,9341,0,0,4,0,1.8,470,0.0,0.24,0.24,1.23,367,1,0,2.6,5.2,2024-05-11,71,7,0,0,0,0,37,0,2982,1,3,2,19.0,2,32,67,35,4.8,True,0,470.0,,Nottingham Forest,0,5,0.196311205625534,77,MC,Nottingham Forest,Chelsea,2,3,22261,2023,660876,0.0,0,0,0,0.196311205625534,0.1805447787046432,0.0203928425908088,11003.0,Nottingham Forest,Ryan Yates,Ryan Yates,3,2,37,2.5,MID,0.0,0.01,0.2,0.19,2.27,1.0,1.0,7.0,43.8,2.1,24.0,90.0,0.0,0.0,0.0,0.0,0.0,0.0,1.0,3.0,1.0,7.0,1.0,2.0,0.5,0.0,0.0,0.0,0.0,1.0,0.5,0.45,0.45,3.0,0.0,0.01,0.08,0.06,0.8,0.33,0.33,2.53,14.8,1.3,9.33,38.67,0.0,0.0,0.0,0.0,0.33,0.0,0.33,1.67,1.0,2.67,0.33,0.67,0.17,0.0,0.0,0.0,0.0,0.33,0.17,0.15,0.15,1.47,0.0,0.01,0.09,0.08,0.96,1.2,0.2,2.62,11.44,3.52,11.4,52.2,0.0,0.0,0.0,0.0,0.4,0.0,0.6,1.6,1.6,2.2,0.2,1.2,0.13,0.02,0.0,0.0,0.2,0.2,0.13,0.15,0.11,1.5,52.0,0.3137254901960784,2.0,0.278,0.249,0.473,,,0.174722202939862,1.159168760977991e-09,1,0.0,0.8736110181768162,,0.0
321,9370,0,0,27,1,1.3,350,0.01,0.01,0.0,0.12,364,0,0,2.2,20.2,2024-05-11,90,10,0,0,0,0,37,0,781743,1,4,0,0.0,6,-26956,14022,40978,5.5,False,0,,,Manchester City,0,0,0.0,90,,Fulham,Manchester City,0,4,22258,2023,660333,0.0,0,0,0,0.0,0.8564934134483337,0.8564934134483337,,Manchester City,,,5,3,37,7.1,DEF,0.0,0.09,0.21,0.12,0.49,1.0,0.0,5.3,17.4,19.5,16.0,90.0,0.0,0.0,0.0,0.0,0.0,0.0,1.0,1.0,5.0,2.0,0.0,3.0,0.1,0.03,0.0,0.0,1.0,0.0,0.1,1.6,1.52,4.3,0.0,0.06,0.1,0.04,0.77,1.33,0.0,4.83,25.27,17.1,6.0,90.0,0.0,0.0,0.0,0.0,0.0,0.0,1.0,2.0,3.67,1.67,0.0,1.0,0.03,0.05,0.0,0.0,1.0,0.0,0.03,1.21,1.19,3.57,0.2,0.05,0.08,0.02,0.65,1.0,0.0,3.78,20.84,13.38,3.6,90.0,0.0,0.0,0.0,0.0,0.0,0.0,1.0,1.4,2.8,2.6,0.0,0.6,0.02,0.03,0.0,0.0,0.6,0.0,0.02,0.85,0.84,3.76,-31262.0,-0.4901090909090909,6.0,0.073,0.136,0.791,,0.4416552209392268,5.515961021274052e-10,-5.277553949412095e-10,0,0.0,1.7790000017263106,,0.0
322,9371,0,2,29,1,15.0,350,0.02,0.02,0.0,1.33,339,0,0,3.7,21.6,2024-05-14,90,18,0,0,0,0,37,0,781743,1,2,0,0.0,8,-26956,14022,40978,5.5,False,0,,,Manchester City,0,0,0.0,90,,Tottenham Hotspur,Manchester City,0,2,22233,2023,661916,0.0488384664058685,0,1,0,0.0,0.3951790630817413,0.3951790630817413,,Manchester City,,,5,4,37,7.1,DEF,1.0,0.01,0.01,0.0,0.12,0.0,0.0,2.2,20.2,1.3,0.0,90.0,0.0,0.0,0.0,0.0,0.0,0.0,1.0,4.0,0.0,6.0,0.0,0.0,0.0,0.0,0.0,0.0,0.0,0.0,0.0,0.86,0.86,7.1,0.33,0.06,0.1,0.04,0.56,1.0,0.0,4.43,22.2,15.97,6.0,90.0,0.0,0.0,0.0,0.0,0.0,0.0,1.0,3.0,2.33,3.0,0.0,1.0,0.03,0.05,0.0,0.0,1.0,0.0,0.03,1.22,1.2,4.87,0.4,0.05,0.07,0.02,0.62,0.8,0.0,3.76,22.44,11.56,3.6,90.0,0.0,0.0,0.0,0.0,0.0,0.0,1.0,2.0,2.2,3.4,0.0,0.6,0.02,0.03,0.0,0.0,0.6,0.0,0.02,0.95,0.93,4.1,0.0,-0.4901090909090909,6.0,0.146,0.158,0.696,,0.4032766257344962,5.515961021274052e-10,0.0392902497044789,0,0.0,1.9158707524230127,,0.0
323,9373,0,0,2,0,0.3,828,0.0,0.0,0.0,0.27,363,0,0,0.3,2.2,2024-05-11,27,9,0,0,0,0,37,0,1066,0,0,1,0.0,1,41,98,57,4.0,False,0,828.0,,Sheffield United,0,0,0.0,24,,Everton,Sheffield United,1,0,22257,2023,660560,0.0,0,0,0,0.0,0.0764820128679275,0.0764820128679275,12465.0,Sheffield United,Sam Curtis,Sam Curtis,2,2,37,-0.3,DEF,,,,,,,,,,,,,,,,,,,,,,,,,,,,,,,,,,,,,,,,,,,,,,,,,,,,,,,,,,,,,,,,,,,,,,,,,,,,,,,,,,,,,,,,,,,,,,,,,,,,,,,0.0,0.2645161290322581,1.0,0.676,0.197,0.126,,0.929435589697886,0.0003428520462591,-5.277553949412095e-10,1,0.0,-1.4629428893057117,,0.0
324,9448,1,0,19,0,10.8,475,0.02,0.02,0.0,2.5,368,2,0,4.7,36.4,2024-05-11,90,18,0,0,0,0,37,0,9586,1,1,2,0.0,4,-102,119,221,4.6,False,1,475.0,,Burnley,0,0,0.0,90,MC,Tottenham Hotspur,Burnley,2,1,22262,2023,660648,0.3129802644252777,1,1,0,0.0,0.3129802644252777,0.0,8285.0,Burnley,Sander Berge,Sander Berge,2,4,37,1.5,MID,0.0,0.04,0.15,0.11,3.58,4.0,0.0,3.1,7.4,21.5,2.0,90.0,0.0,0.0,0.0,0.0,0.0,0.0,1.0,4.0,1.0,2.0,0.0,2.0,0.06,0.06,0.0,0.0,1.0,0.0,0.06,0.84,0.72,1.5,0.0,0.15,0.19,0.04,2.91,2.0,0.0,4.27,13.47,27.87,1.33,90.0,0.0,0.0,0.0,0.0,0.0,0.0,1.0,3.0,1.0,2.0,0.0,0.67,0.02,0.39,0.0,0.0,1.67,0.0,0.02,0.82,0.4,1.53,0.0,0.1,0.13,0.04,2.09,1.6,0.0,3.42,12.28,19.82,2.0,90.0,0.0,0.0,0.0,0.0,0.2,0.0,1.0,2.0,1.0,1.8,0.0,0.8,0.03,0.24,0.0,0.0,1.2,0.0,0.03,0.68,0.41,1.4,-101.0,-0.3,4.0,0.699,0.165,0.136,,,0.001390494940751,0.0450554053887963,0,0.0,2.142118690870144,,0.0
325,9539,0,0,2,0,22.5,392,0.02,0.06,0.04,1.71,365,1,0,3.5,5.6,2024-05-12,90,1,0,0,0,0,37,0,84227,1,1,0,7.0,2,-5665,783,6448,4.5,True,0,392.0,,Manchester United,0,1,0.0311480462551116,90,AMC,Manchester United,Arsenal,0,1,22259,2023,661283,0.1520867794752121,0,2,0,0.0311480462551116,0.2156311720609665,0.0323963388800621,5560.0,Manchester United,Scott McTominay,Scott McTominay,5,4,37,1.0,MID,0.0,0.01,0.06,0.05,0.84,1.0,0.0,2.4,4.2,11.3,8.0,26.0,0.0,0.0,0.0,0.0,0.0,0.0,0.0,1.0,1.0,1.0,0.0,1.0,0.06,0.03,0.0,0.0,1.0,0.0,0.06,0.11,0.03,1.1,0.0,0.01,0.06,0.05,0.69,1.0,0.0,1.97,6.27,4.97,8.33,22.33,0.0,0.0,0.0,0.0,0.0,0.0,0.0,2.0,3.0,1.0,0.0,0.67,0.12,0.01,0.0,0.0,0.33,0.0,0.12,0.37,0.24,1.07,0.2,0.01,0.05,0.04,1.23,0.8,0.0,2.2,8.68,7.16,6.0,49.4,0.0,0.0,0.0,0.0,0.4,0.0,0.4,1.4,2.4,1.2,0.0,0.6,0.08,0.01,0.0,0.0,0.4,0.0,0.08,0.36,0.27,1.28,-10725.0,-0.7834324436454155,2.0,0.135,0.172,0.694,,,0.0582346864870764,0.1040614505490937,1,0.0,0.6033577840826632,,0.0
326,9540,0,0,3,0,2.6,392,0.01,0.16,0.15,2.32,337,2,0,3.8,13.2,2024-05-15,90,15,0,0,0,0,37,0,84227,1,2,3,22.0,2,-5665,783,6448,4.5,True,0,392.0,,Manchester United,0,2,0.1779257506132125,90,AMC,Manchester United,Newcastle United,3,2,22231,2023,662122,0.0,0,0,0,0.1779257506132125,0.5018923878669739,0.3239666521549225,5560.0,Manchester United,Scott McTominay,Scott McTominay,3,4,37,1.0,MID,0.0,0.02,0.06,0.04,1.71,1.0,0.0,3.5,5.6,22.5,7.0,90.0,0.0,0.0,0.0,0.0,0.0,0.0,1.0,1.0,0.0,2.0,0.0,1.0,0.03,0.15,0.0,0.0,2.0,0.0,0.03,0.22,0.03,1.0,0.0,0.01,0.08,0.07,0.92,0.67,0.0,2.77,4.6,12.37,10.67,47.33,0.0,0.0,0.0,0.0,0.0,0.0,0.33,1.33,1.67,1.33,0.0,1.0,0.13,0.06,0.0,0.0,1.0,0.0,0.13,0.44,0.25,0.97,0.0,0.01,0.06,0.05,1.28,1.0,0.0,2.22,7.44,8.1,6.6,49.4,0.0,0.0,0.0,0.0,0.2,0.0,0.4,1.6,2.0,1.2,0.0,0.8,0.08,0.04,0.0,0.0,0.6,0.0,0.08,0.28,0.16,1.18,0.0,-0.7834324436454155,2.0,0.347,0.238,0.415,,,0.209229245470331,1.159168760977991e-09,1,0.0,1.0461462308291614,,0.0
327,9552,0,1,26,1,17.2,247,0.02,0.02,0.0,0.64,363,0,0,3.7,20.2,2024-05-11,90,17,0,0,0,0,37,0,5328,1,0,1,0.0,7,296,439,143,4.4,True,0,247.0,,Everton,0,0,0.0,90,DR,Everton,Sheffield United,1,0,22257,2023,660535,0.0407258421182632,0,1,0,0.0,0.1140039786696434,0.0732781365513801,585.0,Everton,Seamus Coleman,Seamus Coleman,2,2,37,2.1,DEF,0.0,0.0,0.0,0.0,0.38,0.0,0.0,0.5,5.0,0.2,0.0,23.0,0.0,0.0,0.0,0.0,0.0,0.0,0.0,1.0,1.0,1.0,0.0,0.0,0.0,0.0,0.0,0.0,0.0,0.0,0.0,0.0,0.0,0.4,0.33,0.2,0.2,0.0,0.73,1.33,0.0,1.9,8.8,8.87,1.33,52.67,0.0,0.0,0.0,0.0,0.0,0.0,0.67,0.33,2.67,2.67,0.0,0.0,0.0,0.28,0.0,0.0,0.67,0.0,0.0,0.37,0.09,1.57,0.2,0.12,0.12,0.0,0.76,1.2,0.0,1.28,6.32,5.72,0.8,49.8,0.2,0.0,0.0,0.0,0.0,0.0,0.6,0.6,2.2,1.6,0.0,0.0,0.0,0.17,0.0,0.0,0.4,0.0,0.0,0.24,0.07,0.88,431.0,0.5085910652920962,6.0,0.676,0.197,0.126,,1.1012704592155678,5.515961021274052e-10,0.0563344875097766,0,0.0,0.6180034658389063,Coleman,0.41
328,9586,0,2,26,0,21.0,421,0.18,1.33,1.15,1.18,366,1,1,12.6,42.4,2024-05-11,67,5,0,0,0,0,37,0,43777,1,1,1,63.0,9,5613,6673,1060,4.8,True,0,421.0,,Newcastle United,1,3,1.0201222896575928,73,MC,Newcastle United,Brighton and Hove Albion,1,1,22260,2023,660662,0.5337148308753967,0,1,1,1.0201222896575928,1.343331813812256,0.7758266925811768,7078.0,Newcastle United,Sean Longstaff,Sean Longstaff,2,4,37,8.8,MID,1.0,0.04,0.26,0.22,0.68,0.0,1.0,6.0,34.6,3.1,22.0,76.0,0.0,0.0,0.0,0.0,0.0,0.0,1.0,4.0,1.0,8.0,1.0,2.0,0.16,0.0,0.0,0.0,0.0,1.0,0.16,0.51,0.35,4.0,0.33,0.03,0.19,0.16,0.97,1.0,0.33,4.9,21.47,9.3,18.33,85.0,0.0,0.0,0.0,0.0,0.33,0.0,1.0,1.67,2.67,3.67,0.33,1.67,0.14,0.01,0.0,0.0,0.33,0.33,0.14,0.32,0.19,2.83,0.6,0.08,0.19,0.11,0.98,0.6,0.2,3.42,14.6,6.7,13.0,87.0,0.0,0.0,0.0,0.0,0.4,0.0,1.0,1.2,2.4,3.2,0.2,1.4,0.16,0.01,0.0,0.0,0.2,0.2,0.16,0.28,0.13,2.44,6009.0,0.7258502521660416,7.0,0.602,0.199,0.199,,,0.536724017002572,0.1425149834694659,0,1.0,6.111165035421258,,0.0
329,9587,0,0,5,0,13.0,421,0.03,0.78,0.75,1.29,337,2,0,4.1,4.6,2024-05-15,76,14,0,0,0,0,37,0,43777,1,2,3,23.0,2,5613,6673,1060,4.8,False,0,421.0,,Newcastle United,0,2,0.5187556743621826,80,MC,Manchester United,Newcastle United,3,2,22231,2023,662135,0.081084169447422,0,1,0,0.5187556743621826,0.6275757551193237,0.1422034651041031,7078.0,Newcastle United,Sean Longstaff,Sean Longstaff,3,4,37,8.8,MID,0.0,0.18,1.33,1.15,1.18,1.0,1.0,12.6,42.4,21.0,63.0,67.0,0.0,0.0,0.0,0.0,0.0,0.0,1.0,1.0,1.0,9.0,1.0,3.0,1.02,0.53,0.0,0.0,1.0,1.0,1.02,1.34,0.78,8.8,0.33,0.08,0.63,0.54,1.11,0.67,0.67,8.13,30.27,13.2,38.0,77.67,0.0,0.0,0.0,0.0,0.0,0.0,1.0,2.0,2.33,6.33,0.67,2.67,0.48,0.19,0.0,0.0,0.67,0.67,0.48,0.74,0.43,5.1,0.4,0.06,0.38,0.33,0.97,0.8,0.4,5.6,22.24,9.98,24.0,82.4,0.0,0.0,0.0,0.0,0.2,0.0,1.0,1.2,2.6,4.6,0.4,1.6,0.29,0.11,0.0,0.0,0.4,0.4,0.29,0.46,0.27,3.8,0.0,0.7258502521660416,2.0,0.347,0.238,0.415,,,0.183103889954618,0.0858781745108048,0,1.0,4.173153973305505,,0.0
330,9632,0,0,15,0,19.6,508,0.04,0.04,0.0,0.69,362,1,0,5.1,31.0,2024-05-11,90,3,0,0,0,0,37,0,329605,1,2,1,0.0,2,-1214,27498,28712,4.5,False,0,508.0,,Brentford,0,0,0.0,90,DL,Bournemouth,Brentford,1,2,22255,2023,660706,0.0415503047406673,0,1,0,0.0,0.3473429679870605,0.3473429679870605,7187.0,Manchester United,Sergio Reguilón,Sergio Reguilón,2,2,37,4.5,DEF,1.0,0.04,0.04,0.0,1.19,0.0,0.0,4.7,21.8,21.6,4.0,90.0,0.0,0.0,0.0,0.0,1.0,0.0,1.0,0.0,0.0,8.0,0.0,0.0,0.0,0.01,0.0,0.0,1.0,0.0,0.0,0.0,0.0,6.0,0.33,0.14,0.15,0.02,0.84,0.67,0.0,6.67,29.2,34.33,3.33,85.33,0.0,0.0,0.0,0.0,0.67,0.0,1.0,1.67,0.67,5.33,0.0,0.67,0.02,0.27,0.33,0.33,2.33,0.0,0.02,0.23,0.08,5.57,0.4,0.26,0.3,0.04,0.86,0.8,0.0,7.04,31.28,34.58,4.6,84.2,0.0,0.0,0.0,0.0,0.4,0.0,1.0,1.6,1.4,6.6,0.0,1.0,0.05,0.34,0.6,0.6,2.4,0.0,0.05,0.46,0.16,4.52,-5590.0,-0.02159758050169,2.0,0.489,0.238,0.272,,1.7558601382310126,5.515961021274052e-10,0.0686524586414754,0,0.0,1.327957379234003,Reguilón,1.65
331,9672,0,0,17,0,23.3,122,0.14,0.25,0.11,2.18,366,1,0,5.5,16.6,2024-05-11,86,15,0,0,0,0,37,0,64534,1,1,1,15.0,2,6457,9437,2980,5.0,False,0,122.0,,Brighton and Hove Albion,0,2,0.1768058985471725,90,AML,Newcastle United,Brighton and Hove Albion,1,1,22260,2023,660680,0.3148700892925262,0,2,0,0.1768058985471725,1.018482327461243,0.919954478740692,11710.0,Brighton and Hove Albion,Simon Adingra,Simon Adingra,2,4,37,3.6,MID,1.0,0.42,0.72,0.3,0.06,0.0,0.0,16.1,28.6,64.1,68.0,90.0,0.0,0.0,0.0,0.0,1.0,0.0,1.0,0.0,1.0,2.0,0.0,4.0,0.43,0.83,0.0,0.0,5.0,0.0,0.43,1.62,0.67,1.3,0.33,0.15,0.28,0.13,0.83,1.0,0.0,6.43,11.4,22.87,30.67,66.67,0.0,0.0,0.0,0.0,0.33,0.0,0.67,1.33,1.33,1.67,0.0,2.0,0.17,0.28,0.0,0.0,1.67,0.0,0.17,0.57,0.22,1.43,0.2,0.12,0.27,0.15,1.47,1.4,0.0,6.54,12.76,17.58,35.4,73.2,0.0,0.0,0.0,0.0,0.2,0.0,0.8,1.6,1.0,1.8,0.0,2.4,0.18,0.17,0.0,0.0,1.2,0.0,0.18,0.45,0.17,1.7,8133.0,0.5200128855601192,2.0,0.602,0.199,0.199,,,0.0792906178383392,0.1716883512794882,1,0.0,1.9115181430301609,Adingra,0.41
332,9673,0,0,3,0,7.5,122,0.12,0.37,0.25,1.48,332,2,0,4.6,3.8,2024-05-15,90,7,0,0,0,0,37,0,64534,1,2,1,35.0,2,6457,9437,2980,5.0,True,0,122.0,,Brighton and Hove Albion,0,4,0.2114577144384384,90,AML,Brighton and Hove Albion,Chelsea,1,2,22226,2023,662153,0.0,0,0,0,0.2114577144384384,0.2114577144384384,0.0,11710.0,Brighton and Hove Albion,Simon Adingra,Simon Adingra,3,3,37,3.6,MID,0.0,0.14,0.25,0.11,2.18,1.0,0.0,5.5,16.6,23.3,15.0,86.0,0.0,0.0,0.0,0.0,0.0,0.0,1.0,1.0,1.0,2.0,0.0,2.0,0.18,0.31,0.0,0.0,2.0,0.0,0.18,1.02,0.92,3.6,0.33,0.2,0.35,0.15,1.4,1.0,0.0,7.97,16.93,30.37,32.33,80.33,0.0,0.0,0.0,0.0,0.33,0.0,1.0,0.33,1.67,2.0,0.0,2.33,0.22,0.38,0.0,0.0,2.33,0.0,0.22,0.89,0.53,2.3,0.2,0.14,0.29,0.15,1.26,1.0,0.0,6.98,13.68,21.5,35.0,72.4,0.0,0.0,0.0,0.0,0.2,0.0,0.8,1.2,1.2,1.8,0.0,2.4,0.2,0.23,0.0,0.0,1.6,0.0,0.2,0.62,0.33,2.12,0.0,0.5200128855601192,2.0,0.284,0.235,0.481,,,0.2105017753128777,0.0018967524927615,1,0.0,2.058199134042673,Adingra,0.41
333,9693,0,0,14,0,19.0,709,0.04,0.06,0.02,1.71,365,1,0,3.7,16.0,2024-05-12,86,1,0,0,0,0,37,0,9958,1,1,0,2.0,2,-9,83,92,5.0,True,0,709.0,,Manchester United,0,1,0.0160927008837461,90,,Manchester United,Arsenal,0,1,22259,2023,661280,0.0316628627479076,0,1,0,0.0160927008837461,0.1185720935463905,0.0708165243268013,7927.0,Manchester United,Sofyan Amrabat,Sofyan Amrabat,5,4,37,1.0,MID,0.0,0.0,0.0,0.0,0.39,1.0,0.0,1.5,14.6,0.6,0.0,30.0,0.0,0.0,0.0,0.0,1.0,0.0,0.0,0.0,4.0,0.0,0.0,0.0,0.0,0.0,0.0,0.0,0.0,0.0,0.0,0.0,0.0,0.5,0.0,0.0,0.0,0.0,0.43,0.67,0.0,0.6,5.6,0.4,0.0,13.33,0.0,0.0,0.0,0.0,0.33,0.0,0.0,1.0,3.0,0.67,0.0,0.0,0.0,0.0,0.0,0.0,0.0,0.0,0.0,0.0,0.0,0.83,0.0,0.0,0.0,0.0,0.53,0.6,0.0,0.42,3.72,0.44,0.0,12.4,0.0,0.0,0.0,0.0,0.2,0.0,0.0,1.0,2.6,0.8,0.0,0.0,0.0,0.0,0.0,0.0,0.0,0.0,0.0,0.02,0.02,0.66,43.0,-0.0514285714285714,2.0,0.135,0.172,0.694,,,0.0056611691787147,0.047623635326347,1,0.0,0.1711767518726143,,0.0
334,9694,0,0,9,0,13.5,709,0.07,0.07,0.0,2.32,337,2,0,2.5,11.0,2024-05-15,90,15,0,0,0,0,37,0,9958,1,2,3,0.0,1,-9,83,92,5.0,True,1,709.0,,Manchester United,0,0,0.0,90,,Manchester United,Newcastle United,3,2,22231,2023,662119,0.0829994678497314,0,1,0,0.0,0.1697389483451843,0.1697389483451843,7927.0,Manchester United,Sofyan Amrabat,Sofyan Amrabat,3,4,37,1.0,MID,0.0,0.04,0.06,0.02,1.71,1.0,0.0,3.7,16.0,19.0,2.0,86.0,0.0,0.0,0.0,0.0,0.0,0.0,1.0,1.0,0.0,2.0,0.0,1.0,0.02,0.03,0.0,0.0,1.0,0.0,0.02,0.12,0.07,1.0,0.0,0.02,0.02,0.01,1.0,1.0,0.0,1.77,10.27,6.63,0.67,41.67,0.0,0.0,0.0,0.0,0.33,0.0,0.33,0.67,1.67,1.0,0.0,0.33,0.01,0.01,0.0,0.0,0.33,0.0,0.01,0.04,0.02,0.87,0.0,0.01,0.01,0.0,0.83,0.8,0.0,1.1,6.56,4.1,0.4,27.4,0.0,0.0,0.0,0.0,0.2,0.0,0.2,1.2,2.2,1.0,0.0,0.2,0.0,0.01,0.0,0.0,0.2,0.0,0.0,0.04,0.03,0.7,0.0,-0.0514285714285714,1.0,0.347,0.238,0.415,,,-1.5743444325977407e-09,0.0451879230290546,1,0.0,0.1355637612154416,,0.0
335,9735,0,0,14,0,56.3,516,0.67,0.84,0.17,0.75,368,1,0,9.9,13.2,2024-05-11,90,6,0,0,0,0,37,0,3755145,1,1,2,29.0,2,273841,347894,74053,9.9,True,0,,,Tottenham Hotspur,0,4,0.1749253869056701,90,,Tottenham Hotspur,Burnley,2,1,22262,2023,660634,1.117153286933899,0,5,0,0.1749253869056701,1.3467044830322266,0.0546258836984634,,Tottenham Hotspur,,,2,4,37,8.5,MID,0.0,0.06,0.4,0.34,3.22,4.0,1.0,11.7,46.0,28.6,42.0,90.0,0.0,0.0,0.0,0.0,0.0,0.0,1.0,2.0,4.0,7.0,1.0,2.0,0.38,0.08,0.0,0.0,2.0,1.0,0.38,0.95,0.62,4.2,0.0,0.08,0.57,0.49,2.08,3.0,0.67,8.37,30.07,25.73,27.67,90.0,0.0,0.0,0.0,0.0,0.0,0.0,1.0,1.67,2.67,5.33,0.67,1.33,0.48,0.11,0.0,0.0,2.0,0.33,0.23,0.58,0.33,6.47,0.0,0.1,0.44,0.34,2.05,2.6,0.4,7.36,23.52,25.86,24.2,83.4,0.0,0.0,0.0,0.0,0.0,0.0,1.0,1.2,3.0,4.4,0.4,1.2,0.33,0.1,0.2,0.2,2.0,0.2,0.18,0.43,0.21,6.42,324718.0,0.6489938309787722,2.0,0.699,0.165,0.136,,,0.1634282767118693,0.2622979479230354,0,0.0,3.6040352273284526,,0.0
336,9736,0,0,-5,0,4.8,516,0.02,0.58,0.56,2.4,339,2,0,7.3,10.2,2024-05-14,90,13,0,0,0,0,37,0,3755145,1,2,0,58.0,2,273841,347894,74053,9.9,True,0,,,Tottenham Hotspur,0,4,0.8630627393722534,90,,Tottenham Hotspur,Manchester City,0,2,22233,2023,661909,0.0,0,0,0,0.8630627393722534,0.8045464754104614,0.0,,Tottenham Hotspur,,,5,4,37,8.5,MID,0.0,0.67,0.84,0.17,0.75,1.0,0.0,9.9,13.2,56.3,29.0,90.0,0.0,0.0,0.0,0.0,0.0,0.0,1.0,1.0,2.0,2.0,0.0,4.0,0.17,1.12,0.0,0.0,5.0,0.0,0.17,1.35,0.05,8.5,0.0,0.28,0.45,0.17,1.97,2.33,0.33,9.1,23.13,39.9,27.67,90.0,0.0,0.0,0.0,0.0,0.0,0.0,1.0,1.0,2.67,3.67,0.33,2.0,0.19,0.47,0.0,0.0,3.33,0.33,0.19,0.89,0.3,6.77,0.0,0.19,0.52,0.33,1.89,2.6,0.4,7.64,21.32,31.3,23.6,83.4,0.0,0.0,0.0,0.0,0.0,0.0,1.0,1.2,2.8,3.8,0.4,1.6,0.32,0.3,0.0,0.0,2.6,0.2,0.17,0.64,0.22,6.58,0.0,0.6489938309787722,2.0,0.146,0.158,0.696,,,0.3066772545966774,0.0059899453854246,0,0.0,3.551356109139661,,0.0
337,9746,0,0,9,0,0.0,361,0.0,0.0,0.0,0.82,339,0,0,2.5,24.6,2024-05-14,21,18,0,0,0,0,37,3,169539,0,2,0,0.0,2,-48851,6638,55489,3.6,False,0,361.0,,Manchester City,0,0,0.0,21,Sub,Tottenham Hotspur,Manchester City,0,2,22233,2023,661927,0.0,0,0,0,0.0,0.0,0.0,8786.0,Manchester City,Stefan Ortega Moreno,Stefan Ortega Moreno,5,4,37,2.7,GK,0.0,0.0,0.0,0.0,0.36,0.0,0.0,0.8,7.6,0.0,0.0,45.0,0.0,0.0,0.0,0.0,0.0,1.0,0.0,2.0,0.0,1.0,0.0,0.0,0.0,0.0,0.0,0.0,0.0,0.0,0.0,0.0,0.0,1.8,0.0,0.0,0.0,0.0,0.72,1.0,0.0,1.53,15.07,0.0,0.0,75.0,0.0,0.0,0.0,0.0,0.0,1.67,0.67,2.33,2.0,1.33,0.0,0.0,0.0,0.0,0.0,0.0,0.0,0.0,0.0,0.39,0.39,3.5,0.2,0.0,0.0,0.0,0.8,0.6,0.0,1.86,18.36,0.0,0.0,69.8,0.0,0.0,0.0,0.0,0.0,2.2,0.6,1.6,1.4,2.8,0.0,0.0,0.0,0.0,0.0,0.0,0.0,0.0,0.0,0.25,0.25,2.94,-48312.0,-0.7863086902634925,2.0,0.146,0.158,0.696,3.0901905154642577,1.2426044940948486,,,1,1.0,5.409000000000001,,0.0
338,9797,0,0,11,0,2.8,586,0.02,0.02,0.0,3.24,369,3,0,1.6,13.6,2024-05-11,90,19,0,0,0,0,37,0,18588,1,1,3,0.0,2,-1084,1464,2548,4.4,False,0,586.0,,Luton,0,0,0.0,90,AMC,West Ham United,Luton,3,1,22263,2023,660618,0.0,0,0,0,0.0,0.0755766779184341,0.0755766779184341,7439.0,Luton,Tahith Chong,Tahith Chong,2,3,37,1.3,MID,0.0,0.02,0.06,0.04,1.43,1.0,0.0,2.9,8.2,16.4,4.0,86.0,0.0,0.0,0.0,0.0,1.0,0.0,1.0,1.0,1.0,1.0,0.0,1.0,0.04,0.03,0.0,0.0,1.0,0.0,0.04,0.07,0.0,1.3,0.0,0.02,0.09,0.07,1.68,2.33,0.0,2.0,5.67,7.83,6.33,82.0,0.0,0.0,0.0,0.0,0.33,0.0,1.0,2.33,1.33,1.67,0.0,1.0,0.05,0.01,0.0,0.0,0.33,0.0,0.05,0.07,0.03,1.77,0.0,0.02,0.09,0.07,1.92,2.6,0.0,1.8,5.28,7.14,5.6,83.0,0.0,0.0,0.0,0.0,0.2,0.0,1.0,1.8,2.2,1.8,0.0,1.0,0.05,0.02,0.0,0.0,0.4,0.0,0.05,0.07,0.04,2.16,-1137.0,-0.2701894317048853,2.0,0.526,0.225,0.249,,,-1.5743444325977407e-09,1.159168760977991e-09,0,0.0,1.999999995605784,,0.0
339,9817,0,0,3,0,1.4,437,0.0,0.0,0.0,0.09,367,0,0,0.1,0.0,2024-05-11,4,7,0,0,0,0,37,0,141409,0,3,2,0.0,1,-227,991,1218,6.3,True,0,437.0,,Nottingham Forest,0,0,0.0,1,Sub,Nottingham Forest,Chelsea,2,3,22261,2023,660881,0.0,0,0,0,0.0,0.0,0.0,7814.0,Nottingham Forest,Taiwo Awoniyi,Taiwo Awoniyi,3,2,37,0.5,FWD,0.0,0.0,0.0,0.0,0.0,0.0,0.0,0.0,0.0,0.3,0.0,1.0,0.0,0.0,0.0,0.0,0.0,0.0,0.0,3.0,1.0,1.0,0.0,0.0,0.0,0.0,0.0,0.0,0.0,0.0,0.0,0.0,0.0,0.5,0.0,0.02,0.02,0.01,0.34,0.33,0.0,0.53,2.47,0.4,2.67,14.67,0.0,0.0,0.0,0.0,0.0,0.0,0.0,1.33,0.67,1.0,0.0,0.33,0.01,0.0,0.0,0.0,0.0,0.0,0.01,0.11,0.1,2.23,0.2,0.09,0.23,0.15,0.68,0.8,0.2,3.02,12.68,3.08,14.6,31.0,0.0,0.0,0.0,0.0,0.2,0.0,0.4,1.2,1.6,2.8,0.2,1.0,0.14,0.19,0.2,0.2,0.2,0.2,0.14,0.21,0.07,2.14,106.0,-0.1027614305115436,1.0,0.278,0.249,0.473,,,-6.041389832844857e-09,0.0146748664402671,0,,1.044024575155242,,0.0
340,9839,0,0,18,1,4.2,25,0.0,0.02,0.02,0.64,365,0,0,1.6,8.2,2024-05-12,90,14,0,0,0,0,37,0,31915,1,1,0,4.0,6,1120,2853,1733,4.5,False,0,25.0,,Arsenal,0,1,0.0258888453245162,90,DL,Manchester United,Arsenal,0,1,22259,2023,661295,0.0,0,0,0,0.0258888453245162,0.209083616733551,0.1831947714090347,7931.0,Arsenal,Takehiro Tomiyasu,Takehiro Tomiyasu,5,4,37,3.6,DEF,1.0,0.09,0.53,0.44,0.37,0.0,0.0,6.6,24.0,27.3,15.0,90.0,0.0,0.0,0.0,0.0,0.0,0.0,1.0,0.0,3.0,6.0,0.0,1.0,0.47,0.13,0.0,0.0,2.0,0.0,0.47,0.45,0.45,3.6,0.67,0.05,0.3,0.25,1.45,0.67,0.0,3.93,12.53,15.0,12.0,83.67,0.0,0.0,0.0,0.0,0.0,0.0,1.0,1.0,3.33,4.33,0.0,1.0,0.23,0.05,0.0,0.0,1.0,0.0,0.23,0.3,0.3,3.53,0.4,0.04,0.19,0.15,1.05,0.8,0.0,2.78,8.96,10.14,8.8,58.4,0.0,0.0,0.0,0.0,0.0,0.0,0.6,1.6,2.0,2.8,0.0,0.6,0.14,0.03,0.0,0.0,0.6,0.0,0.14,0.18,0.18,2.74,1368.0,0.2442215438290449,6.0,0.135,0.172,0.694,,0.7097771714163192,0.0236684539990734,-5.277553949412095e-10,0,0.0,1.7870107224111744,,0.0
341,9857,0,0,5,0,1.3,139,0.01,0.01,0.0,1.56,366,1,0,1.5,13.8,2024-05-11,50,15,0,0,0,0,37,0,384330,0,1,1,0.0,1,-24017,1262,25279,3.9,False,0,139.0,,Brighton and Hove Albion,0,0,0.0,51,Sub,Newcastle United,Brighton and Hove Albion,1,1,22260,2023,660683,0.0,0,0,0,0.0,0.0180386137217283,0.0180386137217283,8226.0,Brighton and Hove Albion,Tariq Lamptey,Tariq Lamptey,2,4,37,0.6,DEF,0.0,0.03,0.03,0.0,3.23,3.0,0.0,2.3,9.0,11.8,2.0,90.0,0.0,0.0,0.0,0.0,0.0,0.0,1.0,3.0,0.0,1.0,0.0,0.0,0.0,0.09,0.0,0.0,1.0,0.0,0.0,0.12,0.12,0.0,0.0,0.03,0.05,0.02,1.84,1.67,0.0,1.27,4.67,5.57,2.33,58.33,0.0,0.0,0.0,0.0,0.0,0.0,0.67,1.33,0.67,1.0,0.0,0.33,0.03,0.03,0.0,0.0,0.33,0.0,0.03,0.08,0.05,0.4,0.0,0.03,0.05,0.01,1.2,1.4,0.0,1.14,3.6,4.22,3.4,50.0,0.0,0.0,0.0,0.0,0.0,0.0,0.6,0.8,1.2,0.8,0.0,0.2,0.02,0.02,0.0,0.0,0.2,0.0,0.02,0.05,0.04,1.0,-122993.0,-0.904901849967974,1.0,0.602,0.199,0.199,,2.097064235583627,5.515961021274052e-10,-5.277553949412095e-10,0,0.0,-0.0489999982736895,,0.0
342,9858,0,0,20,0,59.8,139,0.28,0.28,0.0,1.48,332,2,0,8.3,18.8,2024-05-15,84,7,0,0,0,0,37,0,384330,1,2,1,4.0,1,-24017,1262,25279,3.9,True,0,139.0,,Brighton and Hove Albion,0,0,0.0,90,DR,Brighton and Hove Albion,Chelsea,1,2,22226,2023,662145,0.6803475022315979,0,4,0,0.0,0.7076248526573181,0.1030459403991699,8226.0,Brighton and Hove Albion,Tariq Lamptey,Tariq Lamptey,3,3,37,0.6,DEF,0.0,0.01,0.01,0.0,1.56,1.0,0.0,1.5,13.8,1.3,0.0,50.0,0.0,0.0,0.0,0.0,0.0,0.0,0.0,1.0,1.0,1.0,0.0,0.0,0.0,0.0,0.0,0.0,0.0,0.0,0.0,0.02,0.02,0.6,0.0,0.04,0.06,0.02,1.6,1.33,0.0,1.67,8.4,5.8,2.33,52.0,0.0,0.0,0.0,0.0,0.0,0.0,0.33,1.33,0.33,1.0,0.0,0.33,0.03,0.03,0.0,0.0,0.33,0.0,0.03,0.08,0.05,0.53,0.0,0.02,0.04,0.01,1.47,1.2,0.0,1.26,6.12,4.18,2.2,51.0,0.0,0.0,0.0,0.0,0.0,0.0,0.4,1.0,0.8,1.0,0.0,0.2,0.02,0.02,0.0,0.0,0.2,0.0,0.02,0.05,0.03,0.72,0.0,-0.904901849967974,1.0,0.284,0.235,0.481,,0.9835598123059142,0.0142890008547087,0.120824391579172,0,0.0,0.9562071798657684,,0.0
343,9896,0,0,10,0,0.1,393,0.0,0.0,0.0,3.24,369,3,0,1.2,11.6,2024-05-11,90,19,0,0,0,0,37,0,165362,1,1,3,0.0,1,-3026,6671,9697,3.9,False,0,393.0,,Luton,0,0,0.0,90,DC,West Ham United,Luton,3,1,22263,2023,660613,0.0,0,0,0,0.0,0.0755766779184341,0.0755766779184341,12073.0,Luton,Teden Mengi,Teden Mengi,2,3,37,0.5,DEF,0.0,0.01,0.13,0.12,1.43,1.0,0.0,4.8,20.4,10.3,17.0,90.0,0.0,0.0,0.0,0.0,0.0,0.0,1.0,1.0,1.0,2.0,0.0,3.0,0.15,0.11,0.0,0.0,1.0,0.0,0.15,0.07,0.06,0.3,0.0,0.02,0.06,0.04,1.93,2.67,0.0,3.37,22.53,4.0,7.0,90.0,0.0,0.0,0.0,0.0,0.0,0.0,1.0,2.33,1.33,1.0,0.0,1.0,0.05,0.04,0.0,0.0,0.33,0.0,0.05,0.05,0.05,0.23,0.0,0.01,0.03,0.02,1.39,2.2,0.0,3.2,23.0,4.64,4.2,90.0,0.0,0.0,0.0,0.0,0.0,0.0,1.0,1.6,1.6,1.2,0.0,0.6,0.03,0.03,0.0,0.0,0.4,0.0,0.03,0.06,0.05,0.18,-2836.0,-0.1848729227761485,1.0,0.526,0.225,0.249,,1.7342560213896685,5.515961021274052e-10,-5.277553949412095e-10,0,0.0,1.1330000017263109,,0.0
344,9927,0,0,17,0,1.4,217,0.01,0.1,0.09,1.62,367,2,0,4.4,33.4,2024-05-11,90,16,0,0,0,0,37,0,511483,1,3,2,9.0,1,102498,120361,17863,5.0,False,0,,,Chelsea,0,2,0.1073428317904472,90,,Nottingham Forest,Chelsea,2,3,22261,2023,660886,0.0,0,0,0,0.1073428317904472,0.8246738910675049,0.8246738910675049,,Chelsea,,,3,2,37,4.6,DEF,1.0,0.08,0.2,0.12,0.99,0.0,0.0,8.4,52.2,25.3,6.0,81.0,0.0,0.0,0.0,0.0,0.0,0.0,1.0,0.0,5.0,11.0,0.0,1.0,0.08,0.6,1.0,1.0,2.0,0.0,0.08,1.92,1.92,0.9,0.33,0.04,0.09,0.05,0.79,0.67,0.0,4.07,23.6,12.97,3.67,60.67,0.0,0.0,0.0,0.0,0.33,0.0,0.67,0.67,4.0,4.0,0.0,0.67,0.04,0.21,0.33,0.33,1.0,0.0,0.04,0.7,0.69,2.63,0.4,0.02,0.08,0.06,1.03,0.8,0.2,4.58,31.16,7.88,6.4,72.4,0.0,0.0,0.0,0.0,0.2,0.0,0.8,0.8,4.0,5.6,0.2,0.6,0.07,0.13,0.2,0.2,0.6,0.2,0.07,0.48,0.47,2.98,118247.0,0.7415354786433614,1.0,0.278,0.249,0.473,,1.609585736259739,0.0631378883322006,-5.277553949412095e-10,0,0.0,1.5738273284099376,,0.0
345,9928,0,0,5,0,0.3,217,0.0,0.0,0.0,0.49,332,1,0,1.0,9.2,2024-05-15,1,5,0,0,0,0,37,0,511483,0,2,1,0.0,1,102498,120361,17863,5.0,False,0,,,Chelsea,0,0,0.0,1,,Brighton and Hove Albion,Chelsea,1,2,22226,2023,662171,0.0,0,0,0,0.0,0.0,0.0,,Chelsea,,,3,3,37,4.6,DEF,0.0,0.01,0.1,0.09,1.62,2.0,0.0,4.4,33.4,1.4,9.0,90.0,0.0,0.0,0.0,0.0,0.0,0.0,1.0,3.0,2.0,1.0,0.0,2.0,0.11,0.0,0.0,0.0,0.0,0.0,0.11,0.82,0.82,4.6,0.33,0.04,0.12,0.08,1.13,1.33,0.0,5.47,34.4,13.27,6.67,86.67,0.0,0.0,0.0,0.0,0.33,0.0,1.0,1.67,3.0,4.0,0.0,1.33,0.07,0.21,0.33,0.33,1.0,0.0,0.07,0.97,0.97,3.37,0.4,0.02,0.07,0.05,1.08,0.8,0.0,3.74,24.6,8.08,4.4,72.4,0.0,0.0,0.0,0.0,0.2,0.0,0.8,1.0,4.0,3.8,0.0,0.8,0.04,0.13,0.2,0.2,0.6,0.0,0.04,0.63,0.62,3.3,0.0,0.7415354786433614,1.0,0.284,0.235,0.481,,1.1521057411589988,5.515961021274052e-10,-5.277553949412095e-10,0,0.0,1.4240000017263106,,0.0
346,9977,0,0,19,0,0.0,614,0.0,0.0,0.0,3.24,369,3,0,3.9,39.4,2024-05-11,90,19,0,0,0,0,37,5,73939,1,1,3,0.0,2,-4553,1986,6539,4.5,False,0,614.0,,Luton,0,0,0.0,90,GK,West Ham United,Luton,3,1,22263,2023,660610,0.0,0,0,0,0.0,0.0,0.0,11712.0,Luton,Thomas Kaminski,Thomas Kaminski,2,3,37,1.5,GK,0.0,0.0,0.0,0.0,1.43,1.0,0.0,1.9,19.4,0.0,0.0,90.0,0.0,0.0,0.0,0.0,0.0,3.0,1.0,1.0,1.0,3.0,0.0,0.0,0.0,0.0,0.0,0.0,0.0,0.0,0.0,0.0,0.0,1.7,0.0,0.0,0.0,0.0,1.93,2.67,0.0,2.57,26.07,0.0,0.0,90.0,0.0,0.0,0.0,0.0,0.0,3.33,1.0,2.33,1.33,2.0,0.0,0.0,0.0,0.0,0.0,0.0,0.0,0.0,0.0,0.05,0.05,1.5,0.0,0.0,0.0,0.0,2.08,2.8,0.0,2.86,28.96,0.0,0.0,90.0,0.0,0.0,0.0,0.0,0.0,4.0,1.0,1.8,2.2,2.2,0.0,0.0,0.0,0.0,0.0,0.0,0.0,0.0,0.0,0.04,0.04,1.26,-5665.0,-0.5340762463343108,2.0,0.526,0.225,0.249,5.197285880970431,2.199590921401977,,,0,0.0,2.632,,0.0
347,9991,0,0,14,1,1.5,15,0.02,0.02,0.0,0.62,365,0,0,0.9,7.8,2024-05-12,90,14,0,0,0,0,37,0,15463,1,1,0,0.0,3,92,179,87,4.8,False,0,15.0,,Arsenal,0,0,0.0,90,MC,Manchester United,Arsenal,0,1,22259,2023,661296,0.0,0,0,0,0.0,0.0258888453245162,0.0258888453245162,2328.0,Arsenal,Thomas Partey,Thomas Partey,5,4,37,3.0,MID,1.0,0.09,0.24,0.15,0.37,0.0,0.0,4.1,16.2,13.9,11.0,90.0,0.0,0.0,0.0,0.0,1.0,0.0,1.0,0.0,3.0,2.0,0.0,2.0,0.14,0.11,0.0,0.0,1.0,0.0,0.14,1.0,0.89,2.4,0.67,0.05,0.15,0.1,1.45,0.67,0.0,3.43,13.73,15.13,5.67,83.67,0.0,0.0,0.0,0.0,0.67,0.0,1.0,1.0,3.33,2.0,0.0,1.67,0.08,0.1,0.0,0.0,1.0,0.0,0.08,1.08,0.95,2.93,0.6,0.05,0.11,0.06,0.89,0.4,0.0,2.24,8.96,9.78,3.8,65.4,0.0,0.0,0.0,0.0,0.4,0.0,0.8,1.0,2.4,2.0,0.0,1.0,0.05,0.06,0.0,0.0,0.6,0.0,0.05,0.68,0.6,3.32,128.0,0.3458646616541353,3.0,0.135,0.172,0.694,,,0.0002030260913885,1.159168760977991e-09,1,0.0,1.0010151339344486,,0.0
348,10067,0,0,11,0,1.2,688,0.0,0.0,0.0,3.25,364,4,0,1.6,14.4,2024-05-11,90,13,0,0,0,0,37,0,149773,1,4,0,0.0,0,-3136,14986,18122,4.5,True,0,688.0,,Fulham,0,0,0.0,90,,Fulham,Manchester City,0,4,22258,2023,660316,0.0,0,0,0,0.0,0.0,0.0,6157.0,Fulham,Timothy Castagne,Timothy Castagne,5,3,37,3.5,DEF,1.0,0.01,0.08,0.07,0.63,0.0,0.0,2.4,13.0,2.3,9.0,90.0,0.0,0.0,0.0,0.0,0.0,0.0,1.0,0.0,0.0,6.0,0.0,1.0,0.07,0.0,0.0,0.0,0.0,0.0,0.07,0.1,0.1,6.0,0.33,0.16,0.22,0.06,0.89,1.33,0.33,4.9,29.2,9.77,10.0,90.0,0.0,0.0,0.0,0.0,0.33,0.0,1.0,1.33,0.67,6.0,0.33,0.67,0.05,0.19,0.33,0.33,0.67,0.33,0.05,0.26,0.05,4.5,0.4,0.12,0.16,0.04,0.84,1.0,0.2,3.92,22.88,9.38,6.8,90.0,0.0,0.0,0.0,0.0,0.2,0.0,1.0,1.4,0.4,5.2,0.2,0.4,0.03,0.13,0.2,0.2,0.6,0.2,0.03,0.35,0.2,3.7,-4300.0,-0.0947203092908058,0.0,0.073,0.136,0.791,,1.1678699897532303,5.515961021274052e-10,-5.277553949412095e-10,0,0.0,1.4160000017263106,,0.0
349,10101,0,0,4,0,0.7,268,0.0,0.0,0.0,1.96,364,3,0,0.2,1.4,2024-05-11,45,13,0,0,0,0,37,0,3943,0,4,0,0.0,1,-48,89,137,4.9,True,0,268.0,,Fulham,0,0,0.0,41,Sub,Fulham,Manchester City,0,4,22258,2023,660328,0.0,0,0,0,0.0,0.0,0.0,6835.0,Fulham,Tom Cairney,Tom Cairney,5,3,37,0.0,MID,0.0,0.04,0.04,0.0,0.02,0.0,0.0,3.4,8.8,25.3,0.0,15.0,0.0,0.0,0.0,0.0,0.0,0.0,0.0,0.0,0.0,1.0,0.0,0.0,0.0,0.12,0.0,0.0,2.0,0.0,0.0,0.12,0.07,0.8,0.0,0.06,0.07,0.02,0.09,0.67,0.0,2.07,5.13,12.57,3.0,13.0,0.0,0.0,0.0,0.0,0.0,0.0,0.0,1.33,0.67,1.0,0.0,0.33,0.01,0.07,0.0,0.0,1.0,0.0,0.01,0.05,0.03,1.1,0.2,0.06,0.1,0.04,0.25,0.6,0.0,3.14,8.2,19.5,3.8,32.0,0.0,0.0,0.0,0.0,0.0,0.0,0.2,1.2,1.0,1.4,0.0,0.6,0.02,0.07,0.0,0.0,1.4,0.0,0.02,0.19,0.14,1.14,-45.0,-0.2123893805309734,1.0,0.073,0.136,0.791,,,-1.5743444325977407e-09,1.159168760977991e-09,1,0.0,-4.39421588005473e-09,,0.0
350,10150,0,0,3,0,8.9,351,0.1,0.1,0.0,0.0,370,0,0,1.0,1.4,2024-05-11,11,8,0,0,0,0,37,0,5645,0,3,1,0.0,1,-154,96,250,4.4,True,0,351.0,,Wolverhampton Wanderers,0,0,0.0,6,Sub,Wolverhampton Wanderers,Crystal Palace,1,3,22264,2023,660578,0.0,0,0,0,0.0,0.0,0.0,8496.0,Wolverhampton Wanderers,Tommy Doyle,Tommy Doyle,2,2,37,0.8,MID,0.0,0.01,0.02,0.01,1.53,1.0,0.0,0.8,1.6,4.7,2.0,54.0,0.0,0.0,0.0,0.0,0.0,0.0,1.0,1.0,0.0,1.0,0.0,1.0,0.01,0.0,0.0,0.0,0.0,0.0,0.01,0.04,0.02,2.0,0.0,0.01,0.03,0.02,1.55,1.67,0.0,2.4,12.07,10.03,2.0,78.0,0.0,0.0,0.0,0.0,0.0,0.0,1.0,1.67,0.67,1.67,0.0,1.0,0.02,0.01,0.0,0.0,0.33,0.0,0.02,0.09,0.07,1.83,0.0,0.02,0.06,0.04,1.33,1.8,0.0,2.68,9.72,11.34,5.8,78.0,0.0,0.0,0.0,0.0,0.0,0.0,1.0,1.4,1.0,1.8,0.0,1.4,0.04,0.01,0.0,0.0,0.6,0.0,0.04,0.23,0.19,1.7,-903.0,-0.4450867052023121,1.0,0.33,0.271,0.399,,,-1.5743444325977407e-09,0.0060650602110288,0,0.0,2.0181951727613643,,0.0
351,10205,0,0,13,0,12.2,573,0.01,0.01,0.0,2.7,370,3,0,3.0,14.2,2024-05-11,89,8,0,0,0,0,37,0,31723,1,3,1,4.0,1,-2181,1173,3354,4.4,True,0,,,Wolverhampton Wanderers,0,0,0.0,90,,Wolverhampton Wanderers,Crystal Palace,1,3,22264,2023,660565,0.0608764514327049,0,1,0,0.0,0.0151373064145445,0.0151373064145445,,Wolverhampton Wanderers,,,2,2,37,2.8,DEF,0.0,0.0,0.0,0.0,3.57,5.0,0.0,1.8,17.6,0.7,0.0,90.0,0.0,0.0,0.0,0.0,0.0,0.0,1.0,1.0,5.0,0.0,0.0,0.0,0.0,0.0,0.0,0.0,0.0,0.0,0.0,0.14,0.14,2.4,0.0,0.0,0.15,0.15,2.01,2.33,0.33,4.37,30.67,4.47,8.67,90.0,0.0,0.0,0.0,0.0,0.0,0.0,1.0,1.0,2.33,4.33,0.33,0.67,0.14,0.01,0.0,0.0,0.33,0.33,0.14,0.2,0.19,2.3,0.0,0.0,0.14,0.13,1.83,2.2,0.2,3.84,23.36,3.04,12.2,90.0,0.0,0.0,0.0,0.0,0.2,0.0,1.0,1.4,1.8,3.4,0.2,0.6,0.1,0.01,0.2,0.0,0.2,0.2,0.1,0.16,0.15,2.0,-2561.0,-0.4817760106030483,1.0,0.33,0.271,0.399,,1.7670340034365757,0.0094053076863971,0.0556969195448286,0,0.0,1.3395226047528688,,0.0
352,10233,0,0,15,0,25.6,290,0.04,0.08,0.04,3.36,361,3,0,5.0,16.4,2024-05-13,90,2,0,0,0,0,37,0,1063976,1,3,3,8.0,1,-59193,26798,85991,8.4,False,0,290.0,,Liverpool,0,2,0.0450076237320899,90,DR,Aston Villa,Liverpool,3,3,22256,2023,661853,0.0396807566285133,0,1,0,0.0450076237320899,0.2517112195491791,0.225188672542572,1791.0,Liverpool,Trent Alexander-Arnold,Trent Alexander-Arnold,4,4,37,2.4,DEF,0.0,0.22,0.37,0.15,1.16,2.0,0.0,7.5,18.0,35.1,22.0,90.0,0.0,0.0,0.0,0.0,1.0,0.0,1.0,2.0,4.0,0.0,0.0,4.0,0.2,0.14,0.0,0.0,2.0,0.0,0.2,1.48,1.17,2.4,0.0,0.29,0.41,0.12,0.96,2.0,0.0,6.93,19.0,32.8,17.67,83.33,0.0,0.0,0.0,0.0,0.33,0.0,1.0,1.33,2.67,0.67,0.0,3.0,0.14,0.17,0.0,0.0,1.67,0.0,0.14,0.95,0.71,3.17,0.0,0.23,0.32,0.09,0.8,1.4,0.2,6.32,22.64,28.0,12.6,74.2,0.0,0.0,0.0,0.0,0.2,0.0,0.8,1.6,1.8,2.4,0.2,2.2,0.1,0.16,0.0,0.0,1.4,0.2,0.1,0.93,0.78,2.96,-65565.0,-0.5248118167551801,1.0,0.225,0.218,0.556,,1.2724202359178172,0.0171778664814352,0.0644975768488262,0,0.0,1.6605599294350897,Alexander-Arnold,4.12
353,10245,0,0,15,0,2.4,194,0.01,0.01,0.0,1.62,367,2,0,2.2,19.4,2024-05-11,90,16,0,0,0,0,37,0,234978,1,3,2,0.0,1,160632,166230,5598,4.3,False,0,194.0,,Chelsea,0,0,0.0,90,DR,Nottingham Forest,Chelsea,2,3,22261,2023,660885,0.0,0,0,0,0.0,0.2414703518152237,0.2414703518152237,6615.0,Chelsea,Trevoh Chalobah,Trevoh Chalobah,3,2,37,9.0,DEF,1.0,0.06,0.21,0.15,0.99,0.0,0.0,4.2,18.2,6.8,17.0,82.0,0.0,0.0,0.0,0.0,0.0,0.0,1.0,0.0,5.0,6.0,0.0,1.0,0.12,0.0,0.0,0.0,0.0,0.0,0.12,2.24,2.24,6.0,0.67,0.03,0.1,0.07,1.13,0.67,0.33,4.83,28.8,8.1,11.33,87.33,0.0,0.0,0.0,0.0,0.0,0.0,1.0,0.67,3.0,7.67,0.33,0.67,0.12,0.02,0.0,0.0,0.33,0.33,0.12,0.83,0.83,6.93,0.6,0.02,0.06,0.04,1.1,0.6,0.2,3.56,23.4,5.42,6.8,75.0,0.0,0.0,0.0,0.0,0.0,0.0,0.8,0.4,4.0,6.0,0.2,0.4,0.07,0.01,0.0,0.0,0.2,0.2,0.07,0.54,0.54,4.64,173071.0,0.9348418185627488,1.0,0.278,0.249,0.473,,1.2881654568280942,5.515961021274052e-10,-5.277553949412095e-10,0,0.0,1.3560000017263103,Chalobah,2.06
354,10246,0,0,23,0,0.6,194,0.01,0.01,0.0,1.24,332,1,0,3.9,36.2,2024-05-15,90,5,0,0,0,0,37,0,234978,1,2,1,2.0,2,160632,166230,5598,4.3,False,0,194.0,,Chelsea,0,0,0.0,90,DC,Brighton and Hove Albion,Chelsea,1,2,22226,2023,662163,0.0,0,0,0,0.0,0.6524941921234131,0.6524941921234131,6615.0,Chelsea,Trevoh Chalobah,Trevoh Chalobah,3,3,37,9.0,DEF,0.0,0.01,0.01,0.0,1.62,2.0,0.0,2.2,19.4,2.4,0.0,90.0,0.0,0.0,0.0,0.0,0.0,0.0,1.0,3.0,2.0,1.0,0.0,0.0,0.0,0.0,0.0,0.0,0.0,0.0,0.0,0.24,0.24,9.0,0.67,0.03,0.09,0.07,1.38,0.67,0.33,4.2,27.0,3.43,11.33,87.33,0.0,0.0,0.0,0.0,0.0,0.0,1.0,1.0,3.0,7.33,0.33,0.67,0.12,0.0,0.0,0.0,0.0,0.33,0.12,0.86,0.86,7.47,0.4,0.02,0.06,0.04,1.14,1.0,0.2,3.42,21.56,5.8,6.8,75.0,0.0,0.0,0.0,0.0,0.0,0.0,0.8,1.0,3.2,5.0,0.2,0.4,0.07,0.01,0.0,0.0,0.2,0.2,0.07,0.54,0.54,6.08,0.0,0.9348418185627488,2.0,0.284,0.235,0.481,,1.3618779330092825,0.0050999043843571,0.0002732662937596,0,0.0,1.3504192251874212,Chalobah,2.06
355,10250,0,0,4,0,0.8,673,0.02,0.02,0.0,0.65,362,2,0,0.6,1.4,2024-05-11,9,4,0,0,0,0,37,0,405,0,2,1,4.0,1,2,24,22,4.9,True,0,673.0,,Bournemouth,0,0,0.0,5,,Bournemouth,Brentford,1,2,22255,2023,660699,0.0,0,0,0,0.0,0.0532876439392566,0.0532876439392566,7352.0,Bournemouth,Tyler Adams,Tyler Adams,2,2,37,0.2,MID,0.0,0.01,0.01,0.0,1.12,1.0,0.0,4.1,22.4,12.5,6.0,90.0,0.0,0.0,0.0,0.0,0.0,0.0,1.0,1.0,2.0,3.0,0.0,0.0,0.0,0.1,0.0,0.0,1.0,0.0,0.0,0.1,0.0,1.0,0.0,0.0,0.0,0.0,0.39,0.33,0.0,1.43,7.73,4.43,2.0,36.33,0.0,0.0,0.0,0.0,0.0,0.0,0.33,1.33,2.0,1.33,0.0,0.0,0.0,0.03,0.0,0.0,0.33,0.0,0.0,0.17,0.13,0.67,0.0,0.0,0.0,0.0,0.23,0.2,0.0,0.86,4.64,2.66,1.2,21.8,0.0,0.0,0.0,0.0,0.0,0.0,0.2,0.8,1.2,0.8,0.0,0.0,0.0,0.02,0.0,0.0,0.2,0.0,0.0,0.1,0.08,0.4,-10.0,0.0434782608695652,1.0,0.489,0.238,0.272,,,0.0277591434733814,1.159168760977991e-09,1,0.0,0.1387957208444132,,0.0
356,10287,0,0,15,0,1.0,234,0.02,0.18,0.16,1.25,370,1,0,1.9,9.8,2024-05-11,69,20,0,0,0,0,37,0,507767,1,3,1,8.0,2,18705,53665,34960,4.5,False,0,234.0,,Crystal Palace,0,1,0.1382094919681549,75,DML,Wolverhampton Wanderers,Crystal Palace,1,3,22264,2023,660584,0.0,0,0,0,0.1382094919681549,0.0598656870424747,0.0598656870424747,8214.0,Crystal Palace,Tyrick Mitchell,Tyrick Mitchell,2,2,37,4.4,DEF,1.0,0.12,0.46,0.34,0.35,0.0,1.0,13.0,47.0,27.0,56.0,90.0,0.0,0.0,0.0,0.0,0.0,0.0,1.0,0.0,4.0,12.0,1.0,2.0,0.68,0.21,0.0,0.0,2.0,1.0,0.68,0.42,0.23,6.4,0.67,0.13,0.25,0.13,0.61,0.33,0.33,6.1,20.47,19.1,21.67,88.0,0.0,0.0,0.0,0.0,0.0,0.0,1.0,0.33,2.33,6.67,0.33,1.0,0.25,0.1,0.0,0.0,1.33,0.33,0.25,0.33,0.21,5.93,0.6,0.12,0.21,0.1,1.19,0.6,0.2,5.52,22.56,17.3,15.4,88.8,0.0,0.0,0.0,0.0,0.2,0.0,1.0,0.8,2.4,6.4,0.2,1.0,0.18,0.16,0.2,0.2,1.2,0.2,0.18,0.71,0.59,5.74,16974.0,0.2110578279266572,2.0,0.33,0.271,0.399,,1.0297211147509344,0.0336112099790166,-5.277553949412095e-10,0,0.0,1.6866672582908335,Mitchell,3.7
357,10294,0,0,9,0,13.9,816,0.02,0.04,0.02,0.48,332,1,0,3.7,15.6,2024-05-15,45,7,0,0,0,0,37,0,4956,0,2,1,7.0,1,824,1374,550,4.0,True,0,816.0,,Brighton and Hove Albion,0,1,0.0095683978870511,35,,Brighton and Hove Albion,Chelsea,1,2,22226,2023,662155,0.0999221205711364,0,1,0,0.0095683978870511,0.6815472841262817,0.6719788908958435,12498.0,Brighton and Hove Albion,Valentín Barco,Valentín Barco,3,3,37,0.8,DEF,0.0,0.0,0.0,0.0,0.0,0.0,0.0,0.5,0.2,0.3,4.0,1.0,0.0,0.0,0.0,0.0,0.0,0.0,0.0,0.0,1.0,1.0,0.0,0.0,0.0,0.0,0.0,0.0,0.0,0.0,0.0,0.0,0.0,-0.3,0.0,0.09,0.11,0.02,1.19,2.33,0.0,2.17,4.67,12.3,4.33,60.33,0.0,0.0,0.0,0.0,0.33,0.0,0.67,1.33,1.33,0.33,0.0,0.67,0.01,0.05,0.0,0.0,0.67,0.0,0.01,0.1,0.07,-0.37,0.0,0.05,0.07,0.01,0.72,1.4,0.0,1.3,2.84,7.38,2.6,36.4,0.0,0.0,0.0,0.0,0.2,0.0,0.4,1.0,1.2,0.4,0.0,0.4,0.0,0.03,0.0,0.0,0.4,0.0,0.0,0.06,0.04,-0.26,1338.0,0.4282744282744283,1.0,0.284,0.235,0.481,,1.118766640467217,0.0461376987158945,0.0597702568593487,0,0.0,1.8971369628734127,,0.0
358,10349,0,0,9,0,1.2,638,0.01,0.01,0.0,2.16,363,1,0,1.4,12.8,2024-05-11,90,9,0,0,0,0,37,0,2994,1,0,1,0.0,2,-26,134,160,5.0,False,0,,,Sheffield United,0,0,0.0,90,,Everton,Sheffield United,1,0,22257,2023,660550,0.0,0,0,0,0.0,0.1722046434879303,0.1722046434879303,,Sheffield United,,,2,2,37,0.9,MID,0.0,0.0,0.02,0.02,0.25,0.0,0.0,0.0,0.0,0.3,1.0,16.0,0.0,0.0,0.0,0.0,0.0,0.0,0.0,3.0,1.0,1.0,0.0,1.0,0.01,0.0,0.0,0.0,0.0,0.0,0.01,0.01,0.0,0.5,0.0,0.0,0.02,0.01,0.85,1.33,0.0,1.77,8.2,4.07,6.0,27.0,0.0,0.0,0.0,0.0,0.0,0.0,0.0,2.0,3.33,1.0,0.0,0.67,0.01,0.05,0.0,0.0,0.33,0.0,0.01,0.05,0.0,1.1,0.0,0.01,0.04,0.03,0.76,1.4,0.0,2.06,8.36,2.98,9.6,29.8,0.0,0.0,0.0,0.0,0.0,0.0,0.2,2.4,2.6,1.2,0.0,0.8,0.04,0.03,0.0,0.0,0.2,0.0,0.04,0.18,0.12,1.28,8.0,-0.0884353741496598,2.0,0.676,0.197,0.126,,,-1.5743444325977407e-09,1.159168760977991e-09,0,0.0,0.999999995605784,,0.0
359,10385,0,0,17,0,0.7,313,0.01,0.01,0.0,3.36,361,3,0,3.2,29.4,2024-05-13,90,2,0,0,0,0,37,0,1914125,1,3,3,2.0,1,-225583,9540,235123,6.6,False,0,313.0,,Liverpool,0,0,0.0,90,DC,Aston Villa,Liverpool,3,3,22256,2023,661854,0.0,0,0,0,0.0,0.0908069387078285,0.0908069387078285,833.0,Liverpool,Virgil van Dijk,Virgil van Dijk,4,4,37,1.0,DEF,0.0,0.0,0.08,0.08,1.16,2.0,0.0,2.7,18.0,0.3,9.0,90.0,0.0,0.0,0.0,0.0,0.0,0.0,1.0,2.0,4.0,1.0,0.0,2.0,0.05,0.0,0.0,0.0,0.0,0.0,0.05,0.62,0.62,0.9,0.0,0.01,0.11,0.1,0.98,2.0,0.0,4.07,20.07,5.4,15.33,90.0,0.0,0.0,0.0,0.0,0.33,0.0,1.0,1.33,2.67,0.67,0.0,2.0,0.07,0.01,0.0,0.0,0.33,0.0,0.07,0.65,0.65,2.1,0.0,0.02,0.11,0.09,1.12,1.6,0.0,3.84,19.64,4.52,14.2,90.0,0.0,0.0,0.0,0.0,0.2,0.0,1.0,1.6,1.8,1.2,0.0,2.0,0.07,0.01,0.0,0.0,0.2,0.0,0.07,0.56,0.56,2.38,-245050.0,-0.9220151800640064,1.0,0.225,0.218,0.556,,1.557912529249152,0.000564306215165,-5.277553949412095e-10,0,0.0,1.2243858357077242,Virgil,0.41
360,10451,0,0,16,1,12.9,105,0.09,0.09,0.0,0.57,362,0,0,2.3,7.6,2024-05-11,82,3,0,0,0,0,37,0,8361,1,2,1,2.0,3,101,439,338,5.2,False,0,105.0,,Brentford,0,0,0.0,87,MC,Bournemouth,Brentford,1,2,22255,2023,660709,0.0362172462046146,0,1,0,0.0,0.1284825056791305,0.0922652557492256,9680.0,Brentford,Vitaly Janelt,Vitaly Janelt,2,2,37,3.2,MID,1.0,0.1,0.1,0.0,0.64,0.0,0.0,2.5,5.6,17.0,2.0,65.0,0.0,0.0,0.0,0.0,0.0,0.0,1.0,0.0,0.0,3.0,0.0,0.0,0.0,0.02,0.0,0.0,1.0,0.0,0.0,0.2,0.2,3.0,0.33,0.21,0.22,0.01,0.66,0.67,0.0,3.67,14.47,18.8,3.33,73.67,0.0,0.0,0.0,0.0,0.0,0.0,1.0,1.67,0.67,3.33,0.0,0.33,0.01,0.28,0.33,0.33,1.33,0.0,0.01,0.38,0.18,2.9,0.4,0.13,0.15,0.01,0.87,1.0,0.0,3.2,14.44,13.94,3.4,80.2,0.0,0.0,0.0,0.0,0.2,0.0,1.0,1.6,1.4,2.8,0.0,0.4,0.01,0.18,0.2,0.2,1.0,0.0,0.01,0.44,0.32,2.5,150.0,0.12998712998713,3.0,0.489,0.238,0.272,,,0.007651442783662,0.0653477256608823,0,0.0,2.2343003909009567,,0.0
361,10480,0,0,15,0,4.4,668,0.02,0.02,0.0,2.84,361,1,0,2.4,19.4,2024-05-13,75,2,0,0,0,0,37,0,11520,1,3,3,0.0,2,-136,248,384,5.4,False,0,668.0,,Liverpool,0,0,0.0,81,,Aston Villa,Liverpool,3,3,22256,2023,661858,0.0,0,0,0,0.0,0.16269052028656,0.16269052028656,8808.0,Liverpool,Wataru Endo,Wataru Endo,4,4,37,1.8,MID,1.0,0.02,0.02,0.0,0.28,0.0,0.0,1.6,3.8,12.6,0.0,64.0,0.0,0.0,0.0,0.0,0.0,0.0,1.0,2.0,4.0,3.0,0.0,0.0,0.0,0.03,0.0,0.0,1.0,0.0,0.0,1.33,1.3,1.6,0.33,0.02,0.02,0.0,0.42,0.67,0.0,1.13,5.2,6.4,0.0,56.33,0.0,0.0,0.0,0.0,0.33,0.0,0.67,1.33,2.67,1.67,0.0,0.0,0.0,0.01,0.0,0.0,0.33,0.0,0.0,0.65,0.64,2.23,0.2,0.02,0.05,0.03,0.66,0.8,0.0,1.24,6.24,5.48,0.8,60.8,0.0,0.0,0.0,0.0,0.2,0.0,0.8,1.6,1.8,1.6,0.0,0.2,0.02,0.01,0.0,0.0,0.2,0.0,0.02,0.46,0.45,2.32,18.0,-0.2151898734177215,2.0,0.225,0.218,0.556,,,-1.5743444325977407e-09,1.159168760977991e-09,1,0.0,-4.39421588005473e-09,,0.0
362,10510,0,0,24,0,0.0,482,0.0,0.0,0.0,2.16,363,1,0,4.5,45.2,2024-05-11,90,9,0,0,0,0,37,6,32992,1,0,1,0.0,4,-118,1263,1381,4.4,False,0,482.0,,Sheffield United,0,0,0.0,90,GK,Everton,Sheffield United,1,0,22257,2023,660549,0.0,0,0,0,0.0,0.0997111797332763,0.0997111797332763,8776.0,Sheffield United,Wes Foderingham,Wes Foderingham,2,2,37,1.3,GK,0.0,0.0,0.0,0.0,1.49,3.0,0.0,1.3,12.8,0.0,0.0,90.0,0.0,0.0,0.0,0.0,0.0,1.0,1.0,3.0,1.0,1.0,0.0,0.0,0.0,0.0,0.0,0.0,0.0,0.0,0.0,0.0,0.0,0.5,0.0,0.0,0.0,0.0,2.43,4.0,0.0,3.87,38.47,0.0,0.0,90.0,0.0,0.0,0.0,0.0,0.0,4.33,1.0,2.0,3.33,1.67,0.0,0.0,0.0,0.0,0.0,0.0,0.0,0.0,0.0,0.01,0.01,0.4,0.0,0.0,0.0,0.0,2.42,3.6,0.0,3.8,37.84,0.0,0.0,90.0,0.0,0.0,0.0,0.0,0.0,4.8,1.0,2.8,2.2,2.0,0.0,0.0,0.0,0.0,0.0,0.0,0.0,0.0,0.0,0.02,0.02,0.86,77.0,-0.0446293494704992,4.0,0.676,0.197,0.126,6.301759502435447,2.351080656051636,,,0,0.0,2.925,,0.0
363,10541,0,0,2,0,1.4,229,0.0,0.0,0.0,0.04,370,0,0,0.0,0.0,2024-05-11,14,20,0,0,0,0,37,0,1976,1,3,1,0.0,1,255,376,121,4.9,False,0,229.0,,Crystal Palace,0,0,0.0,14,MC,Wolverhampton Wanderers,Crystal Palace,1,3,22264,2023,660585,0.0,0,0,0,0.0,0.0,0.0,6104.0,Crystal Palace,Will Hughes,Will Hughes,2,2,37,3.4,MID,1.0,0.01,0.06,0.05,0.35,0.0,0.0,2.4,14.4,2.1,7.0,67.0,0.0,0.0,0.0,0.0,0.0,0.0,1.0,0.0,4.0,3.0,0.0,1.0,0.04,0.0,0.0,0.0,0.0,0.0,0.04,0.0,0.0,3.8,0.67,0.08,0.12,0.05,0.64,0.33,0.0,3.9,19.0,13.4,6.33,82.33,0.0,0.0,0.0,0.0,0.33,0.0,1.0,0.33,2.33,4.0,0.0,1.33,0.06,0.15,0.33,0.33,1.0,0.0,0.06,0.2,0.17,4.1,0.6,0.08,0.1,0.03,1.1,0.4,0.0,3.32,16.84,11.5,4.6,80.6,0.0,0.0,0.0,0.0,0.4,0.0,1.0,0.8,2.4,3.8,0.0,0.8,0.03,0.11,0.4,0.2,0.8,0.0,0.03,0.53,0.5,3.74,296.0,0.5130784708249497,1.0,0.33,0.271,0.399,,,-1.5743444325977407e-09,1.159168760977991e-09,0,0.0,1.999999995605784,,0.0
364,10599,0,3,30,1,1.0,20,0.0,0.05,0.05,0.64,365,0,0,3.7,26.8,2024-05-12,90,14,0,0,0,0,37,0,4168506,1,1,0,9.0,9,-105624,27839,133463,5.9,False,0,20.0,,Arsenal,0,1,0.0178829692304134,90,DC,Manchester United,Arsenal,0,1,22259,2023,661294,0.0,0,0,0,0.0178829692304134,1.148984432220459,1.148984432220459,6888.0,Arsenal,William Saliba,William Saliba,5,4,37,7.0,DEF,1.0,0.01,0.12,0.11,0.37,0.0,0.0,5.1,20.6,11.6,19.0,90.0,0.0,0.0,0.0,0.0,0.0,0.0,1.0,0.0,3.0,6.0,0.0,1.0,0.08,0.05,0.0,0.0,1.0,0.0,0.08,0.19,0.14,5.4,0.67,0.0,0.04,0.04,1.45,0.67,0.0,3.03,19.53,4.37,6.33,90.0,0.0,0.0,0.0,0.0,0.0,0.0,1.0,1.0,3.33,4.33,0.0,0.33,0.03,0.02,0.0,0.0,0.33,0.0,0.03,0.36,0.34,8.0,0.6,0.01,0.03,0.02,1.12,0.8,0.0,2.46,17.36,3.32,3.8,90.0,0.0,0.0,0.0,0.0,0.0,0.0,1.0,1.4,2.0,4.4,0.0,0.2,0.02,0.01,0.0,0.0,0.2,0.0,0.02,0.39,0.38,8.58,-134396.0,-0.6548213909312965,6.0,0.135,0.172,0.694,,1.049034574325113,0.0612260371830477,-5.277553949412095e-10,0,0.0,1.84235622151502,Saliba,5.76
365,10631,0,0,5,0,0.8,591,0.0,0.0,0.0,1.28,364,1,0,0.4,2.8,2024-05-11,45,13,0,0,0,0,37,0,40838,1,4,0,0.0,1,-668,506,1174,5.3,True,0,,,Fulham,0,0,0.0,49,,Fulham,Manchester City,0,4,22258,2023,660324,0.0,0,0,0,0.0,0.0,0.0,,Fulham,,,5,3,37,0.2,MID,1.0,0.01,0.01,0.0,0.62,0.0,0.0,0.9,4.0,2.8,2.0,63.0,0.0,0.0,0.0,0.0,0.0,0.0,1.0,0.0,0.0,3.0,0.0,0.0,0.0,0.0,0.0,0.0,0.0,0.0,0.0,0.06,0.06,1.8,0.67,0.09,0.15,0.06,0.62,0.33,0.0,2.87,6.6,12.4,9.67,58.33,0.0,0.0,0.0,0.0,0.0,0.0,0.67,1.0,0.33,2.33,0.0,0.67,0.04,0.27,0.0,0.0,1.33,0.0,0.04,0.46,0.27,1.8,0.6,0.17,0.26,0.09,0.57,0.4,0.0,3.78,7.24,19.16,11.4,59.2,0.0,0.0,0.0,0.0,0.0,0.0,0.6,1.0,0.8,2.2,0.0,1.2,0.06,0.2,0.0,0.0,1.4,0.0,0.06,0.39,0.22,1.84,-652.0,-0.3976190476190476,1.0,0.073,0.136,0.791,,,-1.5743444325977407e-09,1.159168760977991e-09,1,0.0,-4.39421588005473e-09,,0.0
366,10650,0,3,31,0,20.6,439,0.04,0.15,0.11,1.81,367,3,1,10.4,58.4,2024-05-11,90,7,0,0,0,0,37,0,33616,1,3,2,25.0,10,97,831,734,4.5,True,0,439.0,,Nottingham Forest,1,1,0.0574714057147502,90,DC,Nottingham Forest,Chelsea,2,3,22261,2023,660872,0.3361212611198425,0,2,1,0.0574714057147502,0.3565140962600708,0.2973962724208832,6850.0,Nottingham Forest,Willy Boly,Willy Boly,3,2,37,4.2,DEF,0.0,0.07,0.07,0.0,2.27,1.0,0.0,5.7,44.2,10.4,2.0,90.0,0.0,0.0,0.0,0.0,0.0,0.0,1.0,3.0,1.0,6.0,0.0,0.0,0.0,0.42,1.0,1.0,1.0,0.0,0.0,0.47,0.47,2.3,0.0,0.02,0.06,0.04,1.21,1.33,0.0,3.57,28.2,3.57,4.0,87.67,0.0,0.0,0.0,0.0,0.0,0.0,1.0,2.0,0.67,3.0,0.0,0.67,0.03,0.14,0.33,0.33,0.33,0.0,0.03,0.52,0.5,1.1,0.0,0.01,0.04,0.02,1.39,1.4,0.0,2.24,17.88,2.14,2.4,57.6,0.0,0.0,0.0,0.2,0.0,0.0,0.8,2.0,1.2,1.4,0.0,0.4,0.02,0.08,0.2,0.2,0.2,0.0,0.02,0.31,0.3,0.64,205.0,0.0619808306709265,7.0,0.278,0.249,0.473,,1.5885736640393064,0.1397314702322407,0.0833290670665845,0,0.0,2.2943760225931977,,0.0
367,10659,0,0,5,0,0.5,766,0.0,0.0,0.0,0.21,365,0,0,0.4,3.8,2024-05-12,15,1,0,0,0,0,37,0,9762,0,1,0,0.0,1,-3447,106,3553,3.9,True,0,766.0,,Manchester United,0,0,0.0,12,,Manchester United,Arsenal,0,1,22259,2023,661288,0.0,0,0,0,0.0,0.0,0.0,12275.0,Manchester United,Willy Kambwala,Willy Kambwala,5,4,37,-0.2,DEF,0.0,0.0,0.0,0.0,1.75,2.0,0.0,1.6,15.8,0.3,0.0,90.0,0.0,0.0,0.0,0.0,0.0,0.0,1.0,2.0,2.0,1.0,0.0,0.0,0.0,0.0,0.0,0.0,0.0,0.0,0.0,0.0,0.0,0.2,0.0,0.0,0.0,0.0,2.16,2.0,0.0,1.07,10.4,0.17,0.0,68.0,0.0,0.0,0.0,0.0,0.33,0.0,0.67,2.33,2.67,0.33,0.0,0.0,0.0,0.0,0.0,0.0,0.0,0.0,0.0,0.1,0.1,0.07,0.0,0.0,0.0,0.0,1.39,1.6,0.0,0.64,6.4,0.1,0.0,45.2,0.0,0.0,0.0,0.0,0.2,0.0,0.4,1.6,2.6,0.4,0.0,0.0,0.0,0.0,0.0,0.0,0.0,0.0,0.0,0.06,0.06,-0.12,-1147.0,-0.94206067231484,1.0,0.135,0.172,0.694,,0.209764768518903,5.515961021274052e-10,-5.277553949412095e-10,0,0.0,1.895000001726311,,0.0
368,10687,0,0,16,0,31.3,660,0.21,0.24,0.03,2.5,368,2,0,5.4,13.2,2024-05-11,90,18,0,0,0,0,37,0,5970,1,1,2,9.0,2,-1171,89,1260,5.0,False,0,660.0,,Burnley,0,1,0.0608777739107608,90,,Tottenham Hotspur,Burnley,2,1,22262,2023,660650,0.4168872237205505,0,2,0,0.0608777739107608,0.5669932961463928,0.5061154961585999,10822.0,Burnley,Wilson Odobert,Wilson Odobert,2,4,37,1.5,MID,0.0,0.02,0.05,0.03,3.58,4.0,0.0,1.8,6.0,4.3,8.0,90.0,0.0,0.0,0.0,0.0,0.0,0.0,1.0,4.0,1.0,2.0,0.0,1.0,0.05,0.0,0.0,0.0,0.0,0.0,0.05,0.51,0.46,2.0,0.0,0.05,0.11,0.06,2.85,2.0,0.0,4.17,10.4,15.5,16.0,88.0,0.0,0.0,0.0,0.0,0.33,0.0,1.0,3.0,1.0,2.67,0.0,1.33,0.04,0.06,0.33,0.0,1.0,0.0,0.04,0.67,0.62,2.2,0.0,0.18,0.24,0.05,2.05,1.6,0.0,4.0,8.76,18.8,12.4,87.4,0.0,0.0,0.0,0.0,0.2,0.0,1.0,2.0,1.0,2.4,0.0,1.2,0.04,0.28,0.2,0.0,1.2,0.0,0.04,0.67,0.38,2.04,-1211.0,-0.8680504077094143,2.0,0.699,0.165,0.136,,,0.0693569834181047,0.1803727240282764,1,0.0,1.8879030891753523,,0.0
369,10701,0,0,4,0,0.6,592,0.01,0.01,0.0,1.9,363,1,0,0.3,2.0,2024-05-11,54,9,0,0,0,0,37,0,4896,1,0,1,0.0,1,-36,63,99,4.3,False,0,592.0,,Sheffield United,0,0,0.0,58,DML,Everton,Sheffield United,1,0,22257,2023,660554,0.0,0,0,0,0.0,0.0,0.0,10041.0,Sheffield United,Yasser Larouci,Yasser Larouci,2,2,37,-0.3,DEF,0.0,0.01,0.05,0.04,0.66,0.0,0.0,2.5,8.8,11.3,5.0,56.0,0.0,0.0,0.0,0.0,0.0,0.0,1.0,0.0,2.0,1.0,0.0,1.0,0.07,0.03,0.0,0.0,1.0,0.0,0.07,0.1,0.0,-0.3,0.0,0.01,0.02,0.02,1.43,1.0,0.0,1.3,6.67,4.37,2.0,63.0,0.0,0.0,0.0,0.0,0.0,0.0,1.0,1.67,1.0,1.33,0.0,0.67,0.03,0.01,0.0,0.0,0.33,0.0,0.03,0.13,0.09,-0.1,0.0,0.0,0.02,0.01,0.95,0.6,0.0,1.5,8.52,4.88,1.6,50.8,0.0,0.0,0.0,0.0,0.2,0.0,0.8,1.6,1.4,1.0,0.0,0.6,0.02,0.06,0.0,0.0,0.4,0.0,0.02,0.14,0.06,-0.16,141.0,-0.2222222222222222,1.0,0.676,0.197,0.126,,1.049873214931977,5.515961021274052e-10,-5.277553949412095e-10,1,0.0,0.4750000017263107,,0.0
370,10734,1,3,44,0,21.6,119,0.07,0.3,0.23,0.33,362,1,1,11.3,54.8,2024-05-11,27,3,0,0,0,0,37,0,538885,0,2,1,37.0,11,-44512,7341,51853,5.7,False,0,119.0,,Brentford,1,1,0.3473429679870605,23,Sub,Bournemouth,Brentford,1,2,22255,2023,660713,0.4011394083499908,1,2,1,0.3473429679870605,0.7484824061393738,0.0,5786.0,Brentford,Yoane Wissa,Yoane Wissa,2,2,37,6.8,FWD,0.0,0.05,0.05,0.0,0.55,0.0,0.0,1.1,2.6,4.7,4.0,24.0,0.0,0.0,0.0,0.0,0.0,0.0,0.0,0.0,0.0,1.0,0.0,0.0,0.0,0.0,0.0,0.0,0.0,0.0,0.0,0.0,0.0,4.5,0.33,0.05,0.27,0.22,0.53,0.33,0.67,5.53,28.47,12.7,14.0,57.33,0.0,0.0,0.0,0.0,0.0,0.0,0.67,1.67,0.67,5.33,0.67,0.67,0.25,0.08,0.0,0.0,1.0,0.67,0.25,0.66,0.33,4.8,0.4,0.04,0.32,0.28,0.72,0.8,0.6,5.7,24.92,12.38,19.6,68.2,0.0,0.0,0.0,0.0,0.2,0.0,0.8,1.6,1.4,4.6,0.6,0.8,0.3,0.07,0.0,0.0,0.8,0.6,0.3,0.6,0.26,3.98,-47665.0,-0.7519681048754941,8.0,0.489,0.238,0.272,,,0.4546905645731822,0.1672233745884421,0,,3.3204323820580552,Wissa,0.41
371,10767,0,1,28,0,4.6,58,0.09,0.26,0.17,1.34,361,3,1,6.6,44.4,2024-05-13,64,11,0,0,0,0,37,0,46674,1,3,3,17.0,8,-1224,27,1251,5.6,True,0,58.0,,Aston Villa,1,1,0.0691762864589691,70,DMC,Aston Villa,Liverpool,3,3,22256,2023,661843,0.0,0,0,1,0.0691762864589691,0.1132317706942558,0.0440554842352867,5956.0,Aston Villa,Youri Tielemans,Youri Tielemans,4,4,37,2.1,MID,0.0,0.0,0.0,0.0,0.1,0.0,0.0,0.3,2.6,0.7,0.0,26.0,0.0,0.0,0.0,0.0,0.0,0.0,1.0,2.0,2.0,1.0,0.0,0.0,0.0,0.0,0.0,0.0,0.0,0.0,0.0,0.18,0.18,3.7,0.33,0.02,0.03,0.01,1.14,0.33,0.0,2.47,14.53,8.2,2.0,68.67,0.0,0.0,0.0,0.0,0.0,0.0,1.0,1.67,1.67,3.0,0.0,0.67,0.01,0.13,0.33,0.33,0.33,0.0,0.01,0.45,0.32,3.43,0.2,0.03,0.04,0.01,1.19,1.0,0.0,2.88,16.52,10.68,1.6,64.6,0.0,0.0,0.0,0.0,0.0,0.0,0.8,1.8,2.4,3.2,0.0,0.4,0.01,0.12,0.4,0.4,0.6,0.0,0.01,0.39,0.31,2.74,-2288.0,-0.9577464788732394,7.0,0.225,0.218,0.556,,,0.1535432868418256,1.159168760977991e-09,1,0.0,1.7677164376866346,,0.0
372,10784,0,0,4,0,10.3,645,0.14,0.26,0.12,0.21,363,0,0,3.9,4.0,2024-05-11,11,17,0,0,0,0,37,0,6640,0,0,1,25.0,1,-126,130,256,4.8,True,0,,,Everton,0,2,0.1390419751405716,8,,Everton,Sheffield United,1,0,22257,2023,660545,0.1074723005294799,0,1,0,0.1390419751405716,0.2465142756700515,0.0,,Everton,,,2,2,37,1.5,FWD,0.0,0.01,0.01,0.0,0.25,0.0,0.0,0.7,2.2,0.3,4.0,10.0,0.0,0.0,0.0,0.0,0.0,0.0,0.0,1.0,1.0,1.0,0.0,0.0,0.0,0.0,0.0,0.0,0.0,0.0,0.0,0.0,0.0,1.3,0.33,0.04,0.05,0.01,0.38,0.0,0.0,1.67,2.13,8.83,5.67,33.67,0.0,0.0,0.0,0.0,0.0,0.0,0.33,0.33,1.33,1.33,0.0,0.33,0.01,0.11,0.0,0.0,0.67,0.0,0.01,0.15,0.03,0.6,0.2,0.02,0.03,0.01,0.24,0.0,0.0,1.06,1.92,5.32,3.8,22.0,0.0,0.0,0.0,0.0,0.4,0.0,0.2,0.4,1.4,0.8,0.0,0.2,0.01,0.06,0.0,0.0,0.4,0.0,0.01,0.09,0.02,0.4,-80.0,-0.3264248704663212,1.0,0.676,0.197,0.126,,,0.1461480041623768,0.0539859219213161,0,,1.7465497824134557,,0.0
373,10813,0,0,15,0,5.7,493,0.05,0.05,0.0,0.75,368,1,0,1.6,10.4,2024-05-11,74,6,0,0,0,0,37,0,34053,1,1,2,0.0,2,320,588,268,5.0,True,0,493.0,,Tottenham Hotspur,0,0,0.0,77,MC,Tottenham Hotspur,Burnley,2,1,22262,2023,660630,0.0,0,0,0,0.0,0.3238289654254913,0.3238289654254913,5609.0,Tottenham Hotspur,Yves Bissouma,Yves Bissouma,2,4,37,2.9,MID,0.0,0.04,0.08,0.04,3.22,4.0,0.0,2.8,11.2,15.5,1.0,90.0,0.0,0.0,0.0,0.0,1.0,0.0,1.0,2.0,4.0,1.0,0.0,1.0,0.02,0.0,0.0,0.0,0.0,0.0,0.02,0.35,0.35,1.0,0.0,0.03,0.05,0.01,1.66,1.67,0.0,2.2,10.0,11.1,1.0,59.33,0.0,0.0,0.0,0.0,0.33,0.0,0.67,1.67,2.67,1.33,0.0,0.33,0.01,0.01,0.0,0.0,0.33,0.0,0.01,0.18,0.18,1.67,0.0,0.03,0.06,0.04,1.68,1.8,0.0,1.84,7.88,8.12,2.6,55.8,0.0,0.0,0.0,0.0,0.4,0.0,0.8,1.2,3.0,1.0,0.0,1.0,0.03,0.0,0.0,0.0,0.2,0.0,0.03,0.14,0.13,1.8,433.0,0.3738317757009345,2.0,0.699,0.165,0.136,,,-1.5743444325977407e-09,1.159168760977991e-09,0,0.0,0.999999995605784,,0.0
374,10848,0,0,3,0,0.0,594,0.0,0.0,0.0,0.0,368,0,0,0.0,0.0,2024-05-11,2,18,0,0,0,0,37,0,21239,0,1,2,0.0,1,-1335,221,1556,5.1,False,0,594.0,,Burnley,0,0,0.0,1,Sub,Tottenham Hotspur,Burnley,2,1,22262,2023,660654,0.0,0,0,0,0.0,0.0,0.0,11701.0,Burnley,Zeki Amdouni,Zeki Amdouni,2,4,37,1.5,FWD,0.0,0.0,0.02,0.02,0.35,0.0,0.0,0.3,0.0,1.3,2.0,5.0,0.0,0.0,0.0,0.0,0.0,0.0,0.0,4.0,1.0,1.0,0.0,1.0,0.02,0.0,0.0,0.0,0.0,0.0,0.02,0.02,0.0,1.7,0.0,0.0,0.32,0.32,0.47,0.33,0.33,2.37,13.4,0.97,9.33,14.33,0.0,0.0,0.0,0.0,0.0,0.0,0.0,3.0,1.0,3.0,0.33,1.33,0.29,0.0,0.0,0.0,0.0,0.0,0.04,0.04,0.0,1.33,0.0,0.0,0.2,0.2,0.7,0.4,0.2,1.6,8.56,0.82,6.6,18.6,0.0,0.0,0.0,0.0,0.0,0.0,0.2,2.2,1.2,2.2,0.2,1.0,0.19,0.0,0.0,0.0,0.0,0.0,0.03,0.05,0.03,0.78,-1397.0,-0.7512661789532921,1.0,0.699,0.165,0.136,,,-6.041389832844857e-09,0.014644781992503,0,,1.0439343218119497,,0.0
