2026-01-29 09:32:23,246:WARNING:
'cuml' is a soft dependency and not included in the pycaret installation. Please run: `pip install cuml` to install.
2026-01-29 09:32:23,246:WARNING:
'cuml' is a soft dependency and not included in the pycaret installation. Please run: `pip install cuml` to install.
2026-01-29 09:32:23,247:WARNING:
'cuml' is a soft dependency and not included in the pycaret installation. Please run: `pip install cuml` to install.
2026-01-29 09:32:23,247:WARNING:
'cuml' is a soft dependency and not included in the pycaret installation. Please run: `pip install cuml` to install.
2026-01-29 09:34:24,761:WARNING:/tmp/ipykernel_4897/2925878775.py:814: UserWarning: pkg_resources is deprecated as an API. See https://setuptools.pypa.io/en/latest/pkg_resources.html. The pkg_resources package is slated for removal as early as 2025-11-30. Refrain from using this package or pin to Setuptools<81.
  import pkg_resources

2026-01-29 11:32:27,353:WARNING:
'cuml' is a soft dependency and not included in the pycaret installation. Please run: `pip install cuml` to install.
2026-01-29 11:32:27,674:WARNING:
'cuml' is a soft dependency and not included in the pycaret installation. Please run: `pip install cuml` to install.
2026-01-29 11:32:27,675:WARNING:
'cuml' is a soft dependency and not included in the pycaret installation. Please run: `pip install cuml` to install.
2026-01-29 11:32:27,675:WARNING:
'cuml' is a soft dependency and not included in the pycaret installation. Please run: `pip install cuml` to install.
2026-01-29 12:09:36,956:WARNING:
'cuml' is a soft dependency and not included in the pycaret installation. Please run: `pip install cuml` to install.
2026-01-29 12:09:36,956:WARNING:
'cuml' is a soft dependency and not included in the pycaret installation. Please run: `pip install cuml` to install.
2026-01-29 12:09:36,956:WARNING:
'cuml' is a soft dependency and not included in the pycaret installation. Please run: `pip install cuml` to install.
2026-01-29 12:09:36,956:WARNING:
'cuml' is a soft dependency and not included in the pycaret installation. Please run: `pip install cuml` to install.
2026-01-29 12:09:40,372:WARNING:/tmp/ipykernel_13329/2925878775.py:814: UserWarning: pkg_resources is deprecated as an API. See https://setuptools.pypa.io/en/latest/pkg_resources.html. The pkg_resources package is slated for removal as early as 2025-11-30. Refrain from using this package or pin to Setuptools<81.
  import pkg_resources

2026-01-29 13:01:33,247:INFO:PyCaret RegressionExperiment
2026-01-29 13:01:33,247:INFO:Logging name: reg-default-name
2026-01-29 13:01:33,247:INFO:ML Usecase: MLUsecase.REGRESSION
2026-01-29 13:01:33,247:INFO:version 3.3.2
2026-01-29 13:01:33,247:INFO:Initializing setup()
2026-01-29 13:01:33,247:INFO:self.USI: c911
2026-01-29 13:01:33,248:INFO:self._variable_keys: {'n_jobs_param', '_ml_usecase', 'y', 'memory', 'logging_param', 'transform_target_param', 'exp_id', 'exp_name_log', 'fold_generator', 'X_train', 'y_test', '_available_plots', 'USI', 'seed', 'pipeline', 'target_param', 'y_train', 'fold_shuffle_param', 'html_param', 'fold_groups_param', 'idx', 'gpu_n_jobs_param', 'X', 'gpu_param', 'X_test', 'log_plots_param', 'data'}
2026-01-29 13:01:33,248:INFO:Checking environment
2026-01-29 13:01:33,248:INFO:python_version: 3.10.19
2026-01-29 13:01:33,248:INFO:python_build: ('main', 'Oct 22 2025 22:29:10')
2026-01-29 13:01:33,248:INFO:machine: x86_64
2026-01-29 13:01:33,248:INFO:platform: Linux-6.18.3-arch1-1-x86_64-with-glibc2.42
2026-01-29 13:01:33,248:INFO:Memory: svmem(total=16650223616, available=7582105600, percent=54.5, used=9068118016, free=2583998464, active=9409736704, inactive=3129622528, buffers=173158400, cached=5964750848, shared=769077248, slab=557494272)
2026-01-29 13:01:33,250:INFO:Physical Core: 2
2026-01-29 13:01:33,250:INFO:Logical Core: 4
2026-01-29 13:01:33,251:INFO:Checking libraries
2026-01-29 13:01:33,251:INFO:System:
2026-01-29 13:01:33,251:INFO:    python: 3.10.19 | packaged by conda-forge | (main, Oct 22 2025, 22:29:10) [GCC 14.3.0]
2026-01-29 13:01:33,251:INFO:executable: /home/ilyandho/.local/share/mamba/envs/pycaret/bin/python
2026-01-29 13:01:33,251:INFO:   machine: Linux-6.18.3-arch1-1-x86_64-with-glibc2.42
2026-01-29 13:01:33,251:INFO:PyCaret required dependencies:
2026-01-29 13:01:33,254:WARNING:/home/ilyandho/.local/share/mamba/envs/pycaret/lib/python3.10/site-packages/_distutils_hack/__init__.py:30: UserWarning: Setuptools is replacing distutils. Support for replacing an already imported distutils is deprecated. In the future, this condition will fail. Register concerns at https://github.com/pypa/setuptools/issues/new?template=distutils-deprecation.yml
  warnings.warn(

2026-01-29 13:01:33,352:INFO:                 pip: 25.3
2026-01-29 13:01:33,352:INFO:          setuptools: 80.9.0
2026-01-29 13:01:33,352:INFO:             pycaret: 3.3.2
2026-01-29 13:01:33,352:INFO:             IPython: 8.37.0
2026-01-29 13:01:33,353:INFO:          ipywidgets: 8.1.8
2026-01-29 13:01:33,353:INFO:                tqdm: 4.67.1
2026-01-29 13:01:33,353:INFO:               numpy: 1.26.4
2026-01-29 13:01:33,353:INFO:              pandas: 2.1.4
2026-01-29 13:01:33,353:INFO:              jinja2: 3.1.6
2026-01-29 13:01:33,353:INFO:               scipy: 1.11.4
2026-01-29 13:01:33,353:INFO:              joblib: 1.3.2
2026-01-29 13:01:33,353:INFO:             sklearn: 1.4.2
2026-01-29 13:01:33,353:INFO:                pyod: 2.0.6
2026-01-29 13:01:33,353:INFO:            imblearn: 0.14.1
2026-01-29 13:01:33,353:INFO:   category_encoders: 2.7.0
2026-01-29 13:01:33,353:INFO:            lightgbm: 4.6.0
2026-01-29 13:01:33,353:INFO:               numba: 0.63.1
2026-01-29 13:01:33,353:INFO:            requests: 2.32.5
2026-01-29 13:01:33,353:INFO:          matplotlib: 3.10.8
2026-01-29 13:01:33,353:INFO:          scikitplot: 0.3.7
2026-01-29 13:01:33,353:INFO:         yellowbrick: 1.5
2026-01-29 13:01:33,353:INFO:              plotly: 6.5.0
2026-01-29 13:01:33,353:INFO:    plotly-resampler: Not installed
2026-01-29 13:01:33,353:INFO:             kaleido: 0.2.1
2026-01-29 13:01:33,353:INFO:           schemdraw: 0.15
2026-01-29 13:01:33,354:INFO:         statsmodels: 0.14.6
2026-01-29 13:01:33,354:INFO:              sktime: 0.26.0
2026-01-29 13:01:33,354:INFO:               tbats: 1.1.3
2026-01-29 13:01:33,354:INFO:            pmdarima: 2.0.4
2026-01-29 13:01:33,354:INFO:              psutil: 7.2.1
2026-01-29 13:01:33,354:INFO:          markupsafe: 3.0.3
2026-01-29 13:01:33,354:INFO:             pickle5: Not installed
2026-01-29 13:01:33,354:INFO:         cloudpickle: 3.1.2
2026-01-29 13:01:33,354:INFO:         deprecation: 2.1.0
2026-01-29 13:01:33,354:INFO:              xxhash: 3.6.0
2026-01-29 13:01:33,354:INFO:           wurlitzer: 3.1.1
2026-01-29 13:01:33,354:INFO:PyCaret optional dependencies:
2026-01-29 13:01:33,628:INFO:                shap: Not installed
2026-01-29 13:01:33,628:INFO:           interpret: Not installed
2026-01-29 13:01:33,628:INFO:                umap: 0.5.9.post2
2026-01-29 13:01:33,628:INFO:     ydata_profiling: Not installed
2026-01-29 13:01:33,628:INFO:  explainerdashboard: Not installed
2026-01-29 13:01:33,628:INFO:             autoviz: Not installed
2026-01-29 13:01:33,628:INFO:           fairlearn: Not installed
2026-01-29 13:01:33,629:INFO:          deepchecks: Not installed
2026-01-29 13:01:33,629:INFO:             xgboost: 3.1.3
2026-01-29 13:01:33,629:INFO:            catboost: Not installed
2026-01-29 13:01:33,629:INFO:              kmodes: Not installed
2026-01-29 13:01:33,629:INFO:             mlxtend: Not installed
2026-01-29 13:01:33,629:INFO:       statsforecast: Not installed
2026-01-29 13:01:33,629:INFO:        tune_sklearn: Not installed
2026-01-29 13:01:33,629:INFO:                 ray: Not installed
2026-01-29 13:01:33,629:INFO:            hyperopt: Not installed
2026-01-29 13:01:33,629:INFO:              optuna: Not installed
2026-01-29 13:01:33,629:INFO:               skopt: Not installed
2026-01-29 13:01:33,629:INFO:              mlflow: Not installed
2026-01-29 13:01:33,629:INFO:              gradio: Not installed
2026-01-29 13:01:33,629:INFO:             fastapi: Not installed
2026-01-29 13:01:33,629:INFO:             uvicorn: Not installed
2026-01-29 13:01:33,629:INFO:              m2cgen: Not installed
2026-01-29 13:01:33,629:INFO:           evidently: Not installed
2026-01-29 13:01:33,629:INFO:               fugue: Not installed
2026-01-29 13:01:33,629:INFO:           streamlit: Not installed
2026-01-29 13:01:33,629:INFO:             prophet: Not installed
2026-01-29 13:01:33,630:INFO:None
2026-01-29 13:01:33,630:INFO:Set up data.
2026-01-29 13:01:33,721:INFO:Set up folding strategy.
2026-01-29 13:01:33,721:INFO:Set up train/test split.
2026-01-29 13:01:33,765:INFO:Set up index.
2026-01-29 13:01:33,766:INFO:Assigning column types.
2026-01-29 13:01:33,827:INFO:Engine successfully changes for model 'lr' to 'sklearn'.
2026-01-29 13:01:33,827:INFO:Engine for model 'lasso' has not been set explicitly, hence returning None.
2026-01-29 13:01:33,832:INFO:Engine for model 'ridge' has not been set explicitly, hence returning None.
2026-01-29 13:01:33,838:INFO:Engine for model 'en' has not been set explicitly, hence returning None.
2026-01-29 13:01:33,958:INFO:Engine for model 'svm' has not been set explicitly, hence returning None.
2026-01-29 13:01:34,006:INFO:Engine for model 'knn' has not been set explicitly, hence returning None.
2026-01-29 13:01:34,006:INFO:Soft dependency imported: xgboost: 3.1.3
2026-01-29 13:01:34,009:WARNING:
'catboost' is a soft dependency and not included in the pycaret installation. Please run: `pip install catboost` to install.
Alternately, you can install this by running `pip install pycaret[models]`
2026-01-29 13:01:34,009:INFO:Engine for model 'lasso' has not been set explicitly, hence returning None.
2026-01-29 13:01:34,013:INFO:Engine for model 'ridge' has not been set explicitly, hence returning None.
2026-01-29 13:01:34,018:INFO:Engine for model 'en' has not been set explicitly, hence returning None.
2026-01-29 13:01:34,123:INFO:Engine for model 'svm' has not been set explicitly, hence returning None.
2026-01-29 13:01:34,172:INFO:Engine for model 'knn' has not been set explicitly, hence returning None.
2026-01-29 13:01:34,173:INFO:Soft dependency imported: xgboost: 3.1.3
2026-01-29 13:01:34,175:WARNING:
'catboost' is a soft dependency and not included in the pycaret installation. Please run: `pip install catboost` to install.
Alternately, you can install this by running `pip install pycaret[models]`
2026-01-29 13:01:34,175:INFO:Engine successfully changes for model 'lasso' to 'sklearn'.
2026-01-29 13:01:34,179:INFO:Engine for model 'ridge' has not been set explicitly, hence returning None.
2026-01-29 13:01:34,185:INFO:Engine for model 'en' has not been set explicitly, hence returning None.
2026-01-29 13:01:34,433:INFO:Engine for model 'svm' has not been set explicitly, hence returning None.
2026-01-29 13:01:34,478:INFO:Engine for model 'knn' has not been set explicitly, hence returning None.
2026-01-29 13:01:34,479:INFO:Soft dependency imported: xgboost: 3.1.3
2026-01-29 13:01:34,481:WARNING:
'catboost' is a soft dependency and not included in the pycaret installation. Please run: `pip install catboost` to install.
Alternately, you can install this by running `pip install pycaret[models]`
2026-01-29 13:01:34,487:INFO:Engine for model 'ridge' has not been set explicitly, hence returning None.
2026-01-29 13:01:34,492:INFO:Engine for model 'en' has not been set explicitly, hence returning None.
2026-01-29 13:01:34,614:INFO:Engine for model 'svm' has not been set explicitly, hence returning None.
2026-01-29 13:01:34,675:INFO:Engine for model 'knn' has not been set explicitly, hence returning None.
2026-01-29 13:01:34,676:INFO:Soft dependency imported: xgboost: 3.1.3
2026-01-29 13:01:34,682:WARNING:
'catboost' is a soft dependency and not included in the pycaret installation. Please run: `pip install catboost` to install.
Alternately, you can install this by running `pip install pycaret[models]`
2026-01-29 13:01:34,683:INFO:Engine successfully changes for model 'ridge' to 'sklearn'.
2026-01-29 13:01:34,706:INFO:Engine for model 'en' has not been set explicitly, hence returning None.
2026-01-29 13:01:34,943:INFO:Engine for model 'svm' has not been set explicitly, hence returning None.
2026-01-29 13:01:35,004:INFO:Engine for model 'knn' has not been set explicitly, hence returning None.
2026-01-29 13:01:35,005:INFO:Soft dependency imported: xgboost: 3.1.3
2026-01-29 13:01:35,008:WARNING:
'catboost' is a soft dependency and not included in the pycaret installation. Please run: `pip install catboost` to install.
Alternately, you can install this by running `pip install pycaret[models]`
2026-01-29 13:01:35,018:INFO:Engine for model 'en' has not been set explicitly, hence returning None.
2026-01-29 13:01:35,136:INFO:Engine for model 'svm' has not been set explicitly, hence returning None.
2026-01-29 13:01:35,193:INFO:Engine for model 'knn' has not been set explicitly, hence returning None.
2026-01-29 13:01:35,194:INFO:Soft dependency imported: xgboost: 3.1.3
2026-01-29 13:01:35,196:WARNING:
'catboost' is a soft dependency and not included in the pycaret installation. Please run: `pip install catboost` to install.
Alternately, you can install this by running `pip install pycaret[models]`
2026-01-29 13:01:35,196:INFO:Engine successfully changes for model 'en' to 'sklearn'.
2026-01-29 13:01:35,307:INFO:Engine for model 'svm' has not been set explicitly, hence returning None.
2026-01-29 13:01:35,354:INFO:Engine for model 'knn' has not been set explicitly, hence returning None.
2026-01-29 13:01:35,355:INFO:Soft dependency imported: xgboost: 3.1.3
2026-01-29 13:01:35,359:WARNING:
'catboost' is a soft dependency and not included in the pycaret installation. Please run: `pip install catboost` to install.
Alternately, you can install this by running `pip install pycaret[models]`
2026-01-29 13:01:35,466:INFO:Engine for model 'svm' has not been set explicitly, hence returning None.
2026-01-29 13:01:35,512:INFO:Engine for model 'knn' has not been set explicitly, hence returning None.
2026-01-29 13:01:35,512:INFO:Soft dependency imported: xgboost: 3.1.3
2026-01-29 13:01:35,515:WARNING:
'catboost' is a soft dependency and not included in the pycaret installation. Please run: `pip install catboost` to install.
Alternately, you can install this by running `pip install pycaret[models]`
2026-01-29 13:01:35,515:INFO:Engine successfully changes for model 'knn' to 'sklearn'.
2026-01-29 13:01:35,630:INFO:Engine for model 'svm' has not been set explicitly, hence returning None.
2026-01-29 13:01:35,677:INFO:Soft dependency imported: xgboost: 3.1.3
2026-01-29 13:01:35,679:WARNING:
'catboost' is a soft dependency and not included in the pycaret installation. Please run: `pip install catboost` to install.
Alternately, you can install this by running `pip install pycaret[models]`
2026-01-29 13:01:35,788:INFO:Engine for model 'svm' has not been set explicitly, hence returning None.
2026-01-29 13:01:35,835:INFO:Soft dependency imported: xgboost: 3.1.3
2026-01-29 13:01:35,838:WARNING:
'catboost' is a soft dependency and not included in the pycaret installation. Please run: `pip install catboost` to install.
Alternately, you can install this by running `pip install pycaret[models]`
2026-01-29 13:01:35,839:INFO:Engine successfully changes for model 'svm' to 'sklearn'.
2026-01-29 13:01:35,991:INFO:Soft dependency imported: xgboost: 3.1.3
2026-01-29 13:01:35,994:WARNING:
'catboost' is a soft dependency and not included in the pycaret installation. Please run: `pip install catboost` to install.
Alternately, you can install this by running `pip install pycaret[models]`
2026-01-29 13:01:36,147:INFO:Soft dependency imported: xgboost: 3.1.3
2026-01-29 13:01:36,152:WARNING:
'catboost' is a soft dependency and not included in the pycaret installation. Please run: `pip install catboost` to install.
Alternately, you can install this by running `pip install pycaret[models]`
2026-01-29 13:01:36,154:INFO:Preparing preprocessing pipeline...
2026-01-29 13:01:36,154:INFO:Set up simple imputation.
2026-01-29 13:01:36,154:INFO:Set up removing multicollinearity.
2026-01-29 13:01:36,162:INFO:Set up column name cleaning.
2026-01-29 13:01:36,953:INFO:Finished creating preprocessing pipeline.
2026-01-29 13:01:36,962:INFO:Pipeline: Pipeline(memory=FastMemory(location=/tmp/joblib),
         steps=[('numerical_imputer',
                 TransformerWrapper(include=['xP_next', 'selected_by_percent',
                                             'value', 'transfers_in',
                                             'transfers_out', 'selected',
                                             'ownership_change',
                                             'percenatge_net_transfers',
                                             'cbitr_volume_90', 'cbitr_ewm_90',
                                             'cbitr_ewm_probability',
                                             'cbitr_probability', 'elo',
                                             'team_h_difficulty',
                                             'team_a_diffic...
                                             'minutes_rolling_3',
                                             'minutes_rolling_5', ...],
                                    transformer=SimpleImputer())),
                ('categorical_imputer',
                 TransformerWrapper(include=[],
                                    transformer=SimpleImputer(strategy='most_frequent'))),
                ('remove_multicollinearity',
                 TransformerWrapper(exclude=[],
                                    transformer=RemoveMulticollinearity(threshold=0.9))),
                ('clean_column_names',
                 TransformerWrapper(transformer=CleanColumnNames()))])
2026-01-29 13:01:36,962:INFO:Creating final display dataframe.
2026-01-29 13:01:37,843:INFO:Setup _display_container:                     Description             Value
0                    Session id                42
1                        Target                xP
2                   Target type        Regression
3           Original data shape       (1154, 343)
4        Transformed data shape       (1154, 130)
5   Transformed train set shape        (923, 130)
6    Transformed test set shape        (231, 130)
7              Numeric features               341
8                    Preprocess              True
9               Imputation type            simple
10           Numeric imputation              mean
11       Categorical imputation              mode
12     Remove multicollinearity              True
13  Multicollinearity threshold               0.9
14               Fold Generator             KFold
15                  Fold Number                10
16                     CPU Jobs                -1
17                      Use GPU             False
18               Log Experiment             False
19              Experiment Name  reg-default-name
20                          USI              c911
2026-01-29 13:01:38,051:INFO:Soft dependency imported: xgboost: 3.1.3
2026-01-29 13:01:38,057:WARNING:
'catboost' is a soft dependency and not included in the pycaret installation. Please run: `pip install catboost` to install.
Alternately, you can install this by running `pip install pycaret[models]`
2026-01-29 13:01:38,229:INFO:Soft dependency imported: xgboost: 3.1.3
2026-01-29 13:01:38,233:WARNING:
'catboost' is a soft dependency and not included in the pycaret installation. Please run: `pip install catboost` to install.
Alternately, you can install this by running `pip install pycaret[models]`
2026-01-29 13:01:38,234:INFO:setup() successfully completed in 4.99s...............
2026-01-29 13:01:38,234:INFO:gpu_param set to False
2026-01-29 13:01:38,401:INFO:Soft dependency imported: xgboost: 3.1.3
2026-01-29 13:01:38,403:WARNING:
'catboost' is a soft dependency and not included in the pycaret installation. Please run: `pip install catboost` to install.
Alternately, you can install this by running `pip install pycaret[models]`
2026-01-29 13:01:38,712:INFO:Soft dependency imported: xgboost: 3.1.3
2026-01-29 13:01:38,715:WARNING:
'catboost' is a soft dependency and not included in the pycaret installation. Please run: `pip install catboost` to install.
Alternately, you can install this by running `pip install pycaret[models]`
2026-01-29 13:01:38,717:INFO:Initializing compare_models()
2026-01-29 13:01:38,717:INFO:compare_models(self=<pycaret.regression.oop.RegressionExperiment object at 0x7f0a259f5660>, include=None, fold=None, round=4, cross_validation=True, sort=MAE, n_select=1, budget_time=None, turbo=True, errors=ignore, fit_kwargs=None, groups=None, experiment_custom_tags=None, probability_threshold=None, verbose=True, parallel=None, caller_params={'self': <pycaret.regression.oop.RegressionExperiment object at 0x7f0a259f5660>, 'include': None, 'exclude': None, 'fold': None, 'round': 4, 'cross_validation': True, 'sort': 'MAE', 'n_select': 1, 'budget_time': None, 'turbo': True, 'errors': 'ignore', 'fit_kwargs': None, 'groups': None, 'experiment_custom_tags': None, 'engine': None, 'verbose': True, 'parallel': None, '__class__': <class 'pycaret.regression.oop.RegressionExperiment'>}, exclude=None)
2026-01-29 13:01:38,717:INFO:Checking exceptions
2026-01-29 13:01:38,739:INFO:Preparing display monitor
2026-01-29 13:01:38,786:INFO:Initializing Linear Regression
2026-01-29 13:01:38,786:INFO:Total runtime is 2.777576446533203e-06 minutes
2026-01-29 13:01:38,796:INFO:SubProcess create_model() called ==================================
2026-01-29 13:01:38,797:INFO:Initializing create_model()
2026-01-29 13:01:38,797:INFO:create_model(self=<pycaret.regression.oop.RegressionExperiment object at 0x7f0a259f5660>, estimator=lr, fold=KFold(n_splits=10, random_state=None, shuffle=False), round=4, cross_validation=True, predict=True, fit_kwargs={}, groups=None, refit=False, probability_threshold=None, experiment_custom_tags=None, verbose=False, system=False, add_to_model_list=True, metrics=None, display=<pycaret.internal.display.display.CommonDisplay object at 0x7f0a04a6a440>, model_only=True, return_train_score=False, error_score=0.0, kwargs={})
2026-01-29 13:01:38,797:INFO:Checking exceptions
2026-01-29 13:01:38,797:INFO:Importing libraries
2026-01-29 13:01:38,797:INFO:Copying training dataset
2026-01-29 13:01:38,934:INFO:Defining folds
2026-01-29 13:01:38,934:INFO:Declaring metric variables
2026-01-29 13:01:38,952:INFO:Importing untrained model
2026-01-29 13:01:38,973:INFO:Linear Regression Imported successfully
2026-01-29 13:01:39,001:INFO:Starting cross validation
2026-01-29 13:01:39,034:INFO:Cross validating with KFold(n_splits=10, random_state=None, shuffle=False), n_jobs=-1
2026-01-29 13:01:43,866:WARNING:/home/ilyandho/.local/share/mamba/envs/pycaret/lib/python3.10/site-packages/_distutils_hack/__init__.py:30: UserWarning: Setuptools is replacing distutils. Support for replacing an already imported distutils is deprecated. In the future, this condition will fail. Register concerns at https://github.com/pypa/setuptools/issues/new?template=distutils-deprecation.yml
  warnings.warn(

2026-01-29 13:01:44,157:WARNING:/home/ilyandho/.local/share/mamba/envs/pycaret/lib/python3.10/site-packages/_distutils_hack/__init__.py:30: UserWarning: Setuptools is replacing distutils. Support for replacing an already imported distutils is deprecated. In the future, this condition will fail. Register concerns at https://github.com/pypa/setuptools/issues/new?template=distutils-deprecation.yml
  warnings.warn(

2026-01-29 13:01:44,892:WARNING:/home/ilyandho/.local/share/mamba/envs/pycaret/lib/python3.10/site-packages/_distutils_hack/__init__.py:30: UserWarning: Setuptools is replacing distutils. Support for replacing an already imported distutils is deprecated. In the future, this condition will fail. Register concerns at https://github.com/pypa/setuptools/issues/new?template=distutils-deprecation.yml
  warnings.warn(

2026-01-29 13:01:45,341:WARNING:/home/ilyandho/.local/share/mamba/envs/pycaret/lib/python3.10/site-packages/_distutils_hack/__init__.py:30: UserWarning: Setuptools is replacing distutils. Support for replacing an already imported distutils is deprecated. In the future, this condition will fail. Register concerns at https://github.com/pypa/setuptools/issues/new?template=distutils-deprecation.yml
  warnings.warn(

2026-01-29 13:01:47,856:INFO:Calculating mean and std
2026-01-29 13:01:47,858:INFO:Creating metrics dataframe
2026-01-29 13:01:47,862:INFO:Uploading results into container
2026-01-29 13:01:47,862:INFO:Uploading model into container now
2026-01-29 13:01:47,863:INFO:_master_model_container: 1
2026-01-29 13:01:47,863:INFO:_display_container: 2
2026-01-29 13:01:47,863:INFO:LinearRegression(n_jobs=-1)
2026-01-29 13:01:47,863:INFO:create_model() successfully completed......................................
2026-01-29 13:01:48,023:INFO:SubProcess create_model() end ==================================
2026-01-29 13:01:48,024:INFO:Creating metrics dataframe
2026-01-29 13:01:48,034:INFO:Initializing Lasso Regression
2026-01-29 13:01:48,034:INFO:Total runtime is 0.1541345477104187 minutes
2026-01-29 13:01:48,043:INFO:SubProcess create_model() called ==================================
2026-01-29 13:01:48,044:INFO:Initializing create_model()
2026-01-29 13:01:48,045:INFO:create_model(self=<pycaret.regression.oop.RegressionExperiment object at 0x7f0a259f5660>, estimator=lasso, fold=KFold(n_splits=10, random_state=None, shuffle=False), round=4, cross_validation=True, predict=True, fit_kwargs={}, groups=None, refit=False, probability_threshold=None, experiment_custom_tags=None, verbose=False, system=False, add_to_model_list=True, metrics=None, display=<pycaret.internal.display.display.CommonDisplay object at 0x7f0a04a6a440>, model_only=True, return_train_score=False, error_score=0.0, kwargs={})
2026-01-29 13:01:48,045:INFO:Checking exceptions
2026-01-29 13:01:48,045:INFO:Importing libraries
2026-01-29 13:01:48,045:INFO:Copying training dataset
2026-01-29 13:01:48,158:INFO:Defining folds
2026-01-29 13:01:48,158:INFO:Declaring metric variables
2026-01-29 13:01:48,168:INFO:Importing untrained model
2026-01-29 13:01:48,178:INFO:Lasso Regression Imported successfully
2026-01-29 13:01:48,196:INFO:Starting cross validation
2026-01-29 13:01:48,200:INFO:Cross validating with KFold(n_splits=10, random_state=None, shuffle=False), n_jobs=-1
2026-01-29 13:01:51,136:WARNING:/home/ilyandho/.local/share/mamba/envs/pycaret/lib/python3.10/site-packages/sklearn/linear_model/_coordinate_descent.py:678: ConvergenceWarning: Objective did not converge. You might want to increase the number of iterations, check the scale of the features or consider increasing regularisation. Duality gap: 6.906e-01, tolerance: 3.195e-01
  model = cd_fast.enet_coordinate_descent(

2026-01-29 13:01:51,186:INFO:Calculating mean and std
2026-01-29 13:01:51,187:INFO:Creating metrics dataframe
2026-01-29 13:01:51,189:INFO:Uploading results into container
2026-01-29 13:01:51,190:INFO:Uploading model into container now
2026-01-29 13:01:51,190:INFO:_master_model_container: 2
2026-01-29 13:01:51,191:INFO:_display_container: 2
2026-01-29 13:01:51,191:INFO:Lasso(random_state=42)
2026-01-29 13:01:51,191:INFO:create_model() successfully completed......................................
2026-01-29 13:01:51,317:INFO:SubProcess create_model() end ==================================
2026-01-29 13:01:51,318:INFO:Creating metrics dataframe
2026-01-29 13:01:51,330:INFO:Initializing Ridge Regression
2026-01-29 13:01:51,330:INFO:Total runtime is 0.20906108617782593 minutes
2026-01-29 13:01:51,338:INFO:SubProcess create_model() called ==================================
2026-01-29 13:01:51,339:INFO:Initializing create_model()
2026-01-29 13:01:51,339:INFO:create_model(self=<pycaret.regression.oop.RegressionExperiment object at 0x7f0a259f5660>, estimator=ridge, fold=KFold(n_splits=10, random_state=None, shuffle=False), round=4, cross_validation=True, predict=True, fit_kwargs={}, groups=None, refit=False, probability_threshold=None, experiment_custom_tags=None, verbose=False, system=False, add_to_model_list=True, metrics=None, display=<pycaret.internal.display.display.CommonDisplay object at 0x7f0a04a6a440>, model_only=True, return_train_score=False, error_score=0.0, kwargs={})
2026-01-29 13:01:51,339:INFO:Checking exceptions
2026-01-29 13:01:51,339:INFO:Importing libraries
2026-01-29 13:01:51,339:INFO:Copying training dataset
2026-01-29 13:01:51,402:INFO:Defining folds
2026-01-29 13:01:51,402:INFO:Declaring metric variables
2026-01-29 13:01:51,410:INFO:Importing untrained model
2026-01-29 13:01:51,418:INFO:Ridge Regression Imported successfully
2026-01-29 13:01:51,434:INFO:Starting cross validation
2026-01-29 13:01:51,441:INFO:Cross validating with KFold(n_splits=10, random_state=None, shuffle=False), n_jobs=-1
2026-01-29 13:01:52,345:WARNING:/home/ilyandho/.local/share/mamba/envs/pycaret/lib/python3.10/site-packages/sklearn/linear_model/_ridge.py:204: LinAlgWarning: Ill-conditioned matrix (rcond=5.44793e-15): result may not be accurate.
  return linalg.solve(A, Xy, assume_a="pos", overwrite_a=True).T

2026-01-29 13:01:52,384:WARNING:/home/ilyandho/.local/share/mamba/envs/pycaret/lib/python3.10/site-packages/sklearn/linear_model/_ridge.py:204: LinAlgWarning: Ill-conditioned matrix (rcond=5.47178e-15): result may not be accurate.
  return linalg.solve(A, Xy, assume_a="pos", overwrite_a=True).T

2026-01-29 13:01:52,396:WARNING:/home/ilyandho/.local/share/mamba/envs/pycaret/lib/python3.10/site-packages/sklearn/linear_model/_ridge.py:204: LinAlgWarning: Ill-conditioned matrix (rcond=4.32399e-15): result may not be accurate.
  return linalg.solve(A, Xy, assume_a="pos", overwrite_a=True).T

2026-01-29 13:01:52,487:WARNING:/home/ilyandho/.local/share/mamba/envs/pycaret/lib/python3.10/site-packages/sklearn/linear_model/_ridge.py:204: LinAlgWarning: Ill-conditioned matrix (rcond=7.10564e-15): result may not be accurate.
  return linalg.solve(A, Xy, assume_a="pos", overwrite_a=True).T

2026-01-29 13:01:53,435:WARNING:/home/ilyandho/.local/share/mamba/envs/pycaret/lib/python3.10/site-packages/sklearn/linear_model/_ridge.py:204: LinAlgWarning: Ill-conditioned matrix (rcond=5.19576e-15): result may not be accurate.
  return linalg.solve(A, Xy, assume_a="pos", overwrite_a=True).T

2026-01-29 13:01:53,474:WARNING:/home/ilyandho/.local/share/mamba/envs/pycaret/lib/python3.10/site-packages/sklearn/linear_model/_ridge.py:204: LinAlgWarning: Ill-conditioned matrix (rcond=7.09308e-15): result may not be accurate.
  return linalg.solve(A, Xy, assume_a="pos", overwrite_a=True).T

2026-01-29 13:01:53,527:WARNING:/home/ilyandho/.local/share/mamba/envs/pycaret/lib/python3.10/site-packages/sklearn/linear_model/_ridge.py:204: LinAlgWarning: Ill-conditioned matrix (rcond=5.78748e-15): result may not be accurate.
  return linalg.solve(A, Xy, assume_a="pos", overwrite_a=True).T

2026-01-29 13:01:53,656:WARNING:/home/ilyandho/.local/share/mamba/envs/pycaret/lib/python3.10/site-packages/sklearn/linear_model/_ridge.py:204: LinAlgWarning: Ill-conditioned matrix (rcond=7.27125e-15): result may not be accurate.
  return linalg.solve(A, Xy, assume_a="pos", overwrite_a=True).T

2026-01-29 13:01:54,149:WARNING:/home/ilyandho/.local/share/mamba/envs/pycaret/lib/python3.10/site-packages/sklearn/linear_model/_ridge.py:204: LinAlgWarning: Ill-conditioned matrix (rcond=7.49662e-15): result may not be accurate.
  return linalg.solve(A, Xy, assume_a="pos", overwrite_a=True).T

2026-01-29 13:01:54,213:WARNING:/home/ilyandho/.local/share/mamba/envs/pycaret/lib/python3.10/site-packages/sklearn/linear_model/_ridge.py:204: LinAlgWarning: Ill-conditioned matrix (rcond=5.57897e-15): result may not be accurate.
  return linalg.solve(A, Xy, assume_a="pos", overwrite_a=True).T

2026-01-29 13:01:54,268:INFO:Calculating mean and std
2026-01-29 13:01:54,269:INFO:Creating metrics dataframe
2026-01-29 13:01:54,272:INFO:Uploading results into container
2026-01-29 13:01:54,273:INFO:Uploading model into container now
2026-01-29 13:01:54,273:INFO:_master_model_container: 3
2026-01-29 13:01:54,273:INFO:_display_container: 2
2026-01-29 13:01:54,274:INFO:Ridge(random_state=42)
2026-01-29 13:01:54,275:INFO:create_model() successfully completed......................................
2026-01-29 13:01:54,401:INFO:SubProcess create_model() end ==================================
2026-01-29 13:01:54,401:INFO:Creating metrics dataframe
2026-01-29 13:01:54,411:INFO:Initializing Elastic Net
2026-01-29 13:01:54,412:INFO:Total runtime is 0.2604230403900146 minutes
2026-01-29 13:01:54,419:INFO:SubProcess create_model() called ==================================
2026-01-29 13:01:54,420:INFO:Initializing create_model()
2026-01-29 13:01:54,420:INFO:create_model(self=<pycaret.regression.oop.RegressionExperiment object at 0x7f0a259f5660>, estimator=en, fold=KFold(n_splits=10, random_state=None, shuffle=False), round=4, cross_validation=True, predict=True, fit_kwargs={}, groups=None, refit=False, probability_threshold=None, experiment_custom_tags=None, verbose=False, system=False, add_to_model_list=True, metrics=None, display=<pycaret.internal.display.display.CommonDisplay object at 0x7f0a04a6a440>, model_only=True, return_train_score=False, error_score=0.0, kwargs={})
2026-01-29 13:01:54,420:INFO:Checking exceptions
2026-01-29 13:01:54,420:INFO:Importing libraries
2026-01-29 13:01:54,421:INFO:Copying training dataset
2026-01-29 13:01:54,495:INFO:Defining folds
2026-01-29 13:01:54,495:INFO:Declaring metric variables
2026-01-29 13:01:54,505:INFO:Importing untrained model
2026-01-29 13:01:54,516:INFO:Elastic Net Imported successfully
2026-01-29 13:01:54,535:INFO:Starting cross validation
2026-01-29 13:01:54,540:INFO:Cross validating with KFold(n_splits=10, random_state=None, shuffle=False), n_jobs=-1
2026-01-29 13:01:55,993:WARNING:/home/ilyandho/.local/share/mamba/envs/pycaret/lib/python3.10/site-packages/sklearn/linear_model/_coordinate_descent.py:678: ConvergenceWarning: Objective did not converge. You might want to increase the number of iterations, check the scale of the features or consider increasing regularisation. Duality gap: 1.660e+00, tolerance: 3.158e-01
  model = cd_fast.enet_coordinate_descent(

2026-01-29 13:01:57,193:WARNING:/home/ilyandho/.local/share/mamba/envs/pycaret/lib/python3.10/site-packages/sklearn/linear_model/_coordinate_descent.py:678: ConvergenceWarning: Objective did not converge. You might want to increase the number of iterations, check the scale of the features or consider increasing regularisation. Duality gap: 2.040e+00, tolerance: 3.213e-01
  model = cd_fast.enet_coordinate_descent(

2026-01-29 13:01:57,692:WARNING:/home/ilyandho/.local/share/mamba/envs/pycaret/lib/python3.10/site-packages/sklearn/linear_model/_coordinate_descent.py:678: ConvergenceWarning: Objective did not converge. You might want to increase the number of iterations, check the scale of the features or consider increasing regularisation. Duality gap: 3.188e+00, tolerance: 3.195e-01
  model = cd_fast.enet_coordinate_descent(

2026-01-29 13:01:57,758:INFO:Calculating mean and std
2026-01-29 13:01:57,759:INFO:Creating metrics dataframe
2026-01-29 13:01:57,761:INFO:Uploading results into container
2026-01-29 13:01:57,761:INFO:Uploading model into container now
2026-01-29 13:01:57,762:INFO:_master_model_container: 4
2026-01-29 13:01:57,762:INFO:_display_container: 2
2026-01-29 13:01:57,762:INFO:ElasticNet(random_state=42)
2026-01-29 13:01:57,762:INFO:create_model() successfully completed......................................
2026-01-29 13:01:57,885:INFO:SubProcess create_model() end ==================================
2026-01-29 13:01:57,885:INFO:Creating metrics dataframe
2026-01-29 13:01:57,897:INFO:Initializing Least Angle Regression
2026-01-29 13:01:57,897:INFO:Total runtime is 0.3185075839360555 minutes
2026-01-29 13:01:57,905:INFO:SubProcess create_model() called ==================================
2026-01-29 13:01:57,906:INFO:Initializing create_model()
2026-01-29 13:01:57,906:INFO:create_model(self=<pycaret.regression.oop.RegressionExperiment object at 0x7f0a259f5660>, estimator=lar, fold=KFold(n_splits=10, random_state=None, shuffle=False), round=4, cross_validation=True, predict=True, fit_kwargs={}, groups=None, refit=False, probability_threshold=None, experiment_custom_tags=None, verbose=False, system=False, add_to_model_list=True, metrics=None, display=<pycaret.internal.display.display.CommonDisplay object at 0x7f0a04a6a440>, model_only=True, return_train_score=False, error_score=0.0, kwargs={})
2026-01-29 13:01:57,906:INFO:Checking exceptions
2026-01-29 13:01:57,906:INFO:Importing libraries
2026-01-29 13:01:57,906:INFO:Copying training dataset
2026-01-29 13:01:57,985:INFO:Defining folds
2026-01-29 13:01:57,985:INFO:Declaring metric variables
2026-01-29 13:01:57,993:INFO:Importing untrained model
2026-01-29 13:01:58,001:INFO:Least Angle Regression Imported successfully
2026-01-29 13:01:58,020:INFO:Starting cross validation
2026-01-29 13:01:58,027:INFO:Cross validating with KFold(n_splits=10, random_state=None, shuffle=False), n_jobs=-1
2026-01-29 13:01:58,992:WARNING:/home/ilyandho/.local/share/mamba/envs/pycaret/lib/python3.10/site-packages/sklearn/linear_model/_least_angle.py:780: RuntimeWarning: overflow encountered in divide
  z = -coef[active] / (least_squares + tiny32)

2026-01-29 13:01:59,126:WARNING:/home/ilyandho/.local/share/mamba/envs/pycaret/lib/python3.10/site-packages/sklearn/linear_model/_least_angle.py:775: RuntimeWarning: overflow encountered in divide
  g2 = arrayfuncs.min_pos((C + Cov) / (AA + corr_eq_dir + tiny32))

2026-01-29 13:01:59,127:WARNING:/home/ilyandho/.local/share/mamba/envs/pycaret/lib/python3.10/site-packages/sklearn/linear_model/_least_angle.py:771: RuntimeWarning: overflow encountered in divide
  g1 = arrayfuncs.min_pos((C - Cov) / (AA - corr_eq_dir + tiny32))

2026-01-29 13:01:59,128:WARNING:/home/ilyandho/.local/share/mamba/envs/pycaret/lib/python3.10/site-packages/sklearn/linear_model/_least_angle.py:775: RuntimeWarning: overflow encountered in add
  g2 = arrayfuncs.min_pos((C + Cov) / (AA + corr_eq_dir + tiny32))

2026-01-29 13:01:59,129:WARNING:/home/ilyandho/.local/share/mamba/envs/pycaret/lib/python3.10/site-packages/sklearn/linear_model/_least_angle.py:815: RuntimeWarning: overflow encountered in multiply
  Cov -= gamma_ * corr_eq_dir

2026-01-29 13:01:59,129:WARNING:/home/ilyandho/.local/share/mamba/envs/pycaret/lib/python3.10/site-packages/sklearn/linear_model/_least_angle.py:771: RuntimeWarning: invalid value encountered in subtract
  g1 = arrayfuncs.min_pos((C - Cov) / (AA - corr_eq_dir + tiny32))

2026-01-29 13:01:59,129:WARNING:/home/ilyandho/.local/share/mamba/envs/pycaret/lib/python3.10/site-packages/sklearn/linear_model/_least_angle.py:812: RuntimeWarning: overflow encountered in cast
  coef[active] = prev_coef[active] + gamma_ * least_squares

2026-01-29 13:01:59,130:WARNING:/home/ilyandho/.local/share/mamba/envs/pycaret/lib/python3.10/site-packages/sklearn/linear_model/_least_angle.py:815: RuntimeWarning: overflow encountered in subtract
  Cov -= gamma_ * corr_eq_dir

2026-01-29 13:01:59,130:WARNING:/home/ilyandho/.local/share/mamba/envs/pycaret/lib/python3.10/site-packages/sklearn/linear_model/_least_angle.py:775: RuntimeWarning: invalid value encountered in add
  g2 = arrayfuncs.min_pos((C + Cov) / (AA + corr_eq_dir + tiny32))

2026-01-29 13:01:59,130:WARNING:/home/ilyandho/.local/share/mamba/envs/pycaret/lib/python3.10/site-packages/sklearn/linear_model/_least_angle.py:780: RuntimeWarning: overflow encountered in divide
  z = -coef[active] / (least_squares + tiny32)

2026-01-29 13:01:59,191:WARNING:/home/ilyandho/.local/share/mamba/envs/pycaret/lib/python3.10/site-packages/sklearn/linear_model/_least_angle.py:771: RuntimeWarning: overflow encountered in subtract
  g1 = arrayfuncs.min_pos((C - Cov) / (AA - corr_eq_dir + tiny32))

2026-01-29 13:01:59,315:WARNING:/home/ilyandho/.local/share/mamba/envs/pycaret/lib/python3.10/site-packages/sklearn/utils/extmath.py:208: RuntimeWarning: overflow encountered in matmul
  ret = a @ b

2026-01-29 13:01:59,318:WARNING:/home/ilyandho/.local/share/mamba/envs/pycaret/lib/python3.10/site-packages/sklearn/utils/extmath.py:208: RuntimeWarning: invalid value encountered in matmul
  ret = a @ b

2026-01-29 13:01:59,344:WARNING:/home/ilyandho/.local/share/mamba/envs/pycaret/lib/python3.10/site-packages/pycaret/internal/metrics.py:204: FitFailedWarning: Metric 'make_scorer(root_mean_squared_log_error, greater_is_better=False, response_method='predict')' failed and error score 0.0 has been returned instead. If this is a custom metric, this usually means that the error is in the metric code. Full exception below:
Traceback (most recent call last):
  File "/home/ilyandho/.local/share/mamba/envs/pycaret/lib/python3.10/site-packages/pycaret/internal/metrics.py", line 196, in _score
    return super()._score(
  File "/home/ilyandho/.local/share/mamba/envs/pycaret/lib/python3.10/site-packages/sklearn/metrics/_scorer.py", line 350, in _score
    return self._sign * self._score_func(y_true, y_pred, **scoring_kwargs)
  File "/home/ilyandho/.local/share/mamba/envs/pycaret/lib/python3.10/site-packages/pycaret/containers/metrics/regression.py", line 209, in root_mean_squared_log_error
    metrics.mean_squared_log_error(
  File "/home/ilyandho/.local/share/mamba/envs/pycaret/lib/python3.10/site-packages/sklearn/utils/_param_validation.py", line 213, in wrapper
    return func(*args, **kwargs)
  File "/home/ilyandho/.local/share/mamba/envs/pycaret/lib/python3.10/site-packages/sklearn/metrics/_regression.py", line 680, in mean_squared_log_error
    y_type, y_true, y_pred, multioutput = _check_reg_targets(
  File "/home/ilyandho/.local/share/mamba/envs/pycaret/lib/python3.10/site-packages/sklearn/metrics/_regression.py", line 104, in _check_reg_targets
    y_pred = check_array(y_pred, ensure_2d=False, dtype=dtype)
  File "/home/ilyandho/.local/share/mamba/envs/pycaret/lib/python3.10/site-packages/sklearn/utils/validation.py", line 1049, in check_array
    _assert_all_finite(
  File "/home/ilyandho/.local/share/mamba/envs/pycaret/lib/python3.10/site-packages/sklearn/utils/validation.py", line 126, in _assert_all_finite
    _assert_all_finite_element_wise(
  File "/home/ilyandho/.local/share/mamba/envs/pycaret/lib/python3.10/site-packages/sklearn/utils/validation.py", line 175, in _assert_all_finite_element_wise
    raise ValueError(msg_err)
ValueError: Input contains NaN.

  warnings.warn(

2026-01-29 13:01:59,347:WARNING:/home/ilyandho/.local/share/mamba/envs/pycaret/lib/python3.10/site-packages/pycaret/internal/metrics.py:204: FitFailedWarning: Metric 'make_scorer(mean_absolute_percentage_error, greater_is_better=False, response_method='predict')' failed and error score 0.0 has been returned instead. If this is a custom metric, this usually means that the error is in the metric code. Full exception below:
Traceback (most recent call last):
  File "/home/ilyandho/.local/share/mamba/envs/pycaret/lib/python3.10/site-packages/pycaret/internal/metrics.py", line 196, in _score
    return super()._score(
  File "/home/ilyandho/.local/share/mamba/envs/pycaret/lib/python3.10/site-packages/sklearn/metrics/_scorer.py", line 350, in _score
    return self._sign * self._score_func(y_true, y_pred, **scoring_kwargs)
  File "/home/ilyandho/.local/share/mamba/envs/pycaret/lib/python3.10/site-packages/pycaret/containers/metrics/regression.py", line 233, in mean_absolute_percentage_error
    y_type, y_true, y_pred, multioutput = _check_reg_targets(
  File "/home/ilyandho/.local/share/mamba/envs/pycaret/lib/python3.10/site-packages/sklearn/metrics/_regression.py", line 104, in _check_reg_targets
    y_pred = check_array(y_pred, ensure_2d=False, dtype=dtype)
  File "/home/ilyandho/.local/share/mamba/envs/pycaret/lib/python3.10/site-packages/sklearn/utils/validation.py", line 1049, in check_array
    _assert_all_finite(
  File "/home/ilyandho/.local/share/mamba/envs/pycaret/lib/python3.10/site-packages/sklearn/utils/validation.py", line 126, in _assert_all_finite
    _assert_all_finite_element_wise(
  File "/home/ilyandho/.local/share/mamba/envs/pycaret/lib/python3.10/site-packages/sklearn/utils/validation.py", line 175, in _assert_all_finite_element_wise
    raise ValueError(msg_err)
ValueError: Input contains NaN.

  warnings.warn(

2026-01-29 13:01:59,350:WARNING:/home/ilyandho/.local/share/mamba/envs/pycaret/lib/python3.10/site-packages/sklearn/model_selection/_validation.py:1011: UserWarning: Scoring failed. The score on this train-test partition for these parameters will be set to 0.0. Details: 
Traceback (most recent call last):
  File "/home/ilyandho/.local/share/mamba/envs/pycaret/lib/python3.10/site-packages/sklearn/metrics/_scorer.py", line 137, in __call__
    score = scorer._score(
  File "/home/ilyandho/.local/share/mamba/envs/pycaret/lib/python3.10/site-packages/sklearn/metrics/_scorer.py", line 350, in _score
    return self._sign * self._score_func(y_true, y_pred, **scoring_kwargs)
  File "/home/ilyandho/.local/share/mamba/envs/pycaret/lib/python3.10/site-packages/sklearn/utils/_param_validation.py", line 213, in wrapper
    return func(*args, **kwargs)
  File "/home/ilyandho/.local/share/mamba/envs/pycaret/lib/python3.10/site-packages/sklearn/metrics/_regression.py", line 207, in mean_absolute_error
    y_type, y_true, y_pred, multioutput = _check_reg_targets(
  File "/home/ilyandho/.local/share/mamba/envs/pycaret/lib/python3.10/site-packages/sklearn/metrics/_regression.py", line 104, in _check_reg_targets
    y_pred = check_array(y_pred, ensure_2d=False, dtype=dtype)
  File "/home/ilyandho/.local/share/mamba/envs/pycaret/lib/python3.10/site-packages/sklearn/utils/validation.py", line 1049, in check_array
    _assert_all_finite(
  File "/home/ilyandho/.local/share/mamba/envs/pycaret/lib/python3.10/site-packages/sklearn/utils/validation.py", line 126, in _assert_all_finite
    _assert_all_finite_element_wise(
  File "/home/ilyandho/.local/share/mamba/envs/pycaret/lib/python3.10/site-packages/sklearn/utils/validation.py", line 175, in _assert_all_finite_element_wise
    raise ValueError(msg_err)
ValueError: Input contains NaN.

  warnings.warn(

2026-01-29 13:01:59,351:WARNING:/home/ilyandho/.local/share/mamba/envs/pycaret/lib/python3.10/site-packages/sklearn/model_selection/_validation.py:1011: UserWarning: Scoring failed. The score on this train-test partition for these parameters will be set to 0.0. Details: 
Traceback (most recent call last):
  File "/home/ilyandho/.local/share/mamba/envs/pycaret/lib/python3.10/site-packages/sklearn/metrics/_scorer.py", line 137, in __call__
    score = scorer._score(
  File "/home/ilyandho/.local/share/mamba/envs/pycaret/lib/python3.10/site-packages/sklearn/metrics/_scorer.py", line 350, in _score
    return self._sign * self._score_func(y_true, y_pred, **scoring_kwargs)
  File "/home/ilyandho/.local/share/mamba/envs/pycaret/lib/python3.10/site-packages/sklearn/utils/_param_validation.py", line 213, in wrapper
    return func(*args, **kwargs)
  File "/home/ilyandho/.local/share/mamba/envs/pycaret/lib/python3.10/site-packages/sklearn/metrics/_regression.py", line 497, in mean_squared_error
    y_type, y_true, y_pred, multioutput = _check_reg_targets(
  File "/home/ilyandho/.local/share/mamba/envs/pycaret/lib/python3.10/site-packages/sklearn/metrics/_regression.py", line 104, in _check_reg_targets
    y_pred = check_array(y_pred, ensure_2d=False, dtype=dtype)
  File "/home/ilyandho/.local/share/mamba/envs/pycaret/lib/python3.10/site-packages/sklearn/utils/validation.py", line 1049, in check_array
    _assert_all_finite(
  File "/home/ilyandho/.local/share/mamba/envs/pycaret/lib/python3.10/site-packages/sklearn/utils/validation.py", line 126, in _assert_all_finite
    _assert_all_finite_element_wise(
  File "/home/ilyandho/.local/share/mamba/envs/pycaret/lib/python3.10/site-packages/sklearn/utils/validation.py", line 175, in _assert_all_finite_element_wise
    raise ValueError(msg_err)
ValueError: Input contains NaN.

  warnings.warn(

2026-01-29 13:01:59,351:WARNING:/home/ilyandho/.local/share/mamba/envs/pycaret/lib/python3.10/site-packages/sklearn/model_selection/_validation.py:1011: UserWarning: Scoring failed. The score on this train-test partition for these parameters will be set to 0.0. Details: 
Traceback (most recent call last):
  File "/home/ilyandho/.local/share/mamba/envs/pycaret/lib/python3.10/site-packages/sklearn/metrics/_scorer.py", line 137, in __call__
    score = scorer._score(
  File "/home/ilyandho/.local/share/mamba/envs/pycaret/lib/python3.10/site-packages/sklearn/metrics/_scorer.py", line 350, in _score
    return self._sign * self._score_func(y_true, y_pred, **scoring_kwargs)
  File "/home/ilyandho/.local/share/mamba/envs/pycaret/lib/python3.10/site-packages/sklearn/utils/_param_validation.py", line 213, in wrapper
    return func(*args, **kwargs)
  File "/home/ilyandho/.local/share/mamba/envs/pycaret/lib/python3.10/site-packages/sklearn/metrics/_regression.py", line 572, in root_mean_squared_error
    mean_squared_error(
  File "/home/ilyandho/.local/share/mamba/envs/pycaret/lib/python3.10/site-packages/sklearn/utils/_param_validation.py", line 186, in wrapper
    return func(*args, **kwargs)
  File "/home/ilyandho/.local/share/mamba/envs/pycaret/lib/python3.10/site-packages/sklearn/metrics/_regression.py", line 497, in mean_squared_error
    y_type, y_true, y_pred, multioutput = _check_reg_targets(
  File "/home/ilyandho/.local/share/mamba/envs/pycaret/lib/python3.10/site-packages/sklearn/metrics/_regression.py", line 104, in _check_reg_targets
    y_pred = check_array(y_pred, ensure_2d=False, dtype=dtype)
  File "/home/ilyandho/.local/share/mamba/envs/pycaret/lib/python3.10/site-packages/sklearn/utils/validation.py", line 1049, in check_array
    _assert_all_finite(
  File "/home/ilyandho/.local/share/mamba/envs/pycaret/lib/python3.10/site-packages/sklearn/utils/validation.py", line 126, in _assert_all_finite
    _assert_all_finite_element_wise(
  File "/home/ilyandho/.local/share/mamba/envs/pycaret/lib/python3.10/site-packages/sklearn/utils/validation.py", line 175, in _assert_all_finite_element_wise
    raise ValueError(msg_err)
ValueError: Input contains NaN.

  warnings.warn(

2026-01-29 13:01:59,351:WARNING:/home/ilyandho/.local/share/mamba/envs/pycaret/lib/python3.10/site-packages/sklearn/model_selection/_validation.py:1011: UserWarning: Scoring failed. The score on this train-test partition for these parameters will be set to 0.0. Details: 
Traceback (most recent call last):
  File "/home/ilyandho/.local/share/mamba/envs/pycaret/lib/python3.10/site-packages/sklearn/metrics/_scorer.py", line 137, in __call__
    score = scorer._score(
  File "/home/ilyandho/.local/share/mamba/envs/pycaret/lib/python3.10/site-packages/sklearn/metrics/_scorer.py", line 350, in _score
    return self._sign * self._score_func(y_true, y_pred, **scoring_kwargs)
  File "/home/ilyandho/.local/share/mamba/envs/pycaret/lib/python3.10/site-packages/sklearn/utils/_param_validation.py", line 213, in wrapper
    return func(*args, **kwargs)
  File "/home/ilyandho/.local/share/mamba/envs/pycaret/lib/python3.10/site-packages/sklearn/metrics/_regression.py", line 1180, in r2_score
    y_type, y_true, y_pred, multioutput = _check_reg_targets(
  File "/home/ilyandho/.local/share/mamba/envs/pycaret/lib/python3.10/site-packages/sklearn/metrics/_regression.py", line 104, in _check_reg_targets
    y_pred = check_array(y_pred, ensure_2d=False, dtype=dtype)
  File "/home/ilyandho/.local/share/mamba/envs/pycaret/lib/python3.10/site-packages/sklearn/utils/validation.py", line 1049, in check_array
    _assert_all_finite(
  File "/home/ilyandho/.local/share/mamba/envs/pycaret/lib/python3.10/site-packages/sklearn/utils/validation.py", line 126, in _assert_all_finite
    _assert_all_finite_element_wise(
  File "/home/ilyandho/.local/share/mamba/envs/pycaret/lib/python3.10/site-packages/sklearn/utils/validation.py", line 175, in _assert_all_finite_element_wise
    raise ValueError(msg_err)
ValueError: Input contains NaN.

  warnings.warn(

2026-01-29 13:02:01,063:INFO:Calculating mean and std
2026-01-29 13:02:01,064:INFO:Creating metrics dataframe
2026-01-29 13:02:01,068:INFO:Uploading results into container
2026-01-29 13:02:01,068:INFO:Uploading model into container now
2026-01-29 13:02:01,069:INFO:_master_model_container: 5
2026-01-29 13:02:01,069:INFO:_display_container: 2
2026-01-29 13:02:01,069:INFO:Lars(random_state=42)
2026-01-29 13:02:01,069:INFO:create_model() successfully completed......................................
2026-01-29 13:02:01,194:INFO:SubProcess create_model() end ==================================
2026-01-29 13:02:01,194:INFO:Creating metrics dataframe
2026-01-29 13:02:01,205:INFO:Initializing Lasso Least Angle Regression
2026-01-29 13:02:01,205:INFO:Total runtime is 0.3736529429753621 minutes
2026-01-29 13:02:01,213:INFO:SubProcess create_model() called ==================================
2026-01-29 13:02:01,214:INFO:Initializing create_model()
2026-01-29 13:02:01,214:INFO:create_model(self=<pycaret.regression.oop.RegressionExperiment object at 0x7f0a259f5660>, estimator=llar, fold=KFold(n_splits=10, random_state=None, shuffle=False), round=4, cross_validation=True, predict=True, fit_kwargs={}, groups=None, refit=False, probability_threshold=None, experiment_custom_tags=None, verbose=False, system=False, add_to_model_list=True, metrics=None, display=<pycaret.internal.display.display.CommonDisplay object at 0x7f0a04a6a440>, model_only=True, return_train_score=False, error_score=0.0, kwargs={})
2026-01-29 13:02:01,214:INFO:Checking exceptions
2026-01-29 13:02:01,214:INFO:Importing libraries
2026-01-29 13:02:01,214:INFO:Copying training dataset
2026-01-29 13:02:01,295:INFO:Defining folds
2026-01-29 13:02:01,295:INFO:Declaring metric variables
2026-01-29 13:02:01,303:INFO:Importing untrained model
2026-01-29 13:02:01,311:INFO:Lasso Least Angle Regression Imported successfully
2026-01-29 13:02:01,329:INFO:Starting cross validation
2026-01-29 13:02:01,336:INFO:Cross validating with KFold(n_splits=10, random_state=None, shuffle=False), n_jobs=-1
2026-01-29 13:02:02,370:WARNING:/home/ilyandho/.local/share/mamba/envs/pycaret/lib/python3.10/site-packages/sklearn/linear_model/_least_angle.py:718: ConvergenceWarning: Early stopping the lars path, as the residues are small and the current value of alpha is no longer well controlled. 22 iterations, alpha=2.298e+00, previous alpha=2.297e+00, with an active set of 15 regressors.
  warnings.warn(

2026-01-29 13:02:04,146:INFO:Calculating mean and std
2026-01-29 13:02:04,148:INFO:Creating metrics dataframe
2026-01-29 13:02:04,150:INFO:Uploading results into container
2026-01-29 13:02:04,151:INFO:Uploading model into container now
2026-01-29 13:02:04,151:INFO:_master_model_container: 6
2026-01-29 13:02:04,151:INFO:_display_container: 2
2026-01-29 13:02:04,152:INFO:LassoLars(random_state=42)
2026-01-29 13:02:04,152:INFO:create_model() successfully completed......................................
2026-01-29 13:02:04,282:INFO:SubProcess create_model() end ==================================
2026-01-29 13:02:04,282:INFO:Creating metrics dataframe
2026-01-29 13:02:04,294:INFO:Initializing Orthogonal Matching Pursuit
2026-01-29 13:02:04,294:INFO:Total runtime is 0.4251240452130635 minutes
2026-01-29 13:02:04,302:INFO:SubProcess create_model() called ==================================
2026-01-29 13:02:04,302:INFO:Initializing create_model()
2026-01-29 13:02:04,303:INFO:create_model(self=<pycaret.regression.oop.RegressionExperiment object at 0x7f0a259f5660>, estimator=omp, fold=KFold(n_splits=10, random_state=None, shuffle=False), round=4, cross_validation=True, predict=True, fit_kwargs={}, groups=None, refit=False, probability_threshold=None, experiment_custom_tags=None, verbose=False, system=False, add_to_model_list=True, metrics=None, display=<pycaret.internal.display.display.CommonDisplay object at 0x7f0a04a6a440>, model_only=True, return_train_score=False, error_score=0.0, kwargs={})
2026-01-29 13:02:04,303:INFO:Checking exceptions
2026-01-29 13:02:04,303:INFO:Importing libraries
2026-01-29 13:02:04,303:INFO:Copying training dataset
2026-01-29 13:02:04,369:INFO:Defining folds
2026-01-29 13:02:04,369:INFO:Declaring metric variables
2026-01-29 13:02:04,378:INFO:Importing untrained model
2026-01-29 13:02:04,388:INFO:Orthogonal Matching Pursuit Imported successfully
2026-01-29 13:02:04,407:INFO:Starting cross validation
2026-01-29 13:02:04,414:INFO:Cross validating with KFold(n_splits=10, random_state=None, shuffle=False), n_jobs=-1
2026-01-29 13:02:07,305:INFO:Calculating mean and std
2026-01-29 13:02:07,306:INFO:Creating metrics dataframe
2026-01-29 13:02:07,310:INFO:Uploading results into container
2026-01-29 13:02:07,311:INFO:Uploading model into container now
2026-01-29 13:02:07,312:INFO:_master_model_container: 7
2026-01-29 13:02:07,312:INFO:_display_container: 2
2026-01-29 13:02:07,313:INFO:OrthogonalMatchingPursuit()
2026-01-29 13:02:07,313:INFO:create_model() successfully completed......................................
2026-01-29 13:02:07,437:INFO:SubProcess create_model() end ==================================
2026-01-29 13:02:07,437:INFO:Creating metrics dataframe
2026-01-29 13:02:07,448:INFO:Initializing Bayesian Ridge
2026-01-29 13:02:07,448:INFO:Total runtime is 0.4776977976163228 minutes
2026-01-29 13:02:07,456:INFO:SubProcess create_model() called ==================================
2026-01-29 13:02:07,457:INFO:Initializing create_model()
2026-01-29 13:02:07,457:INFO:create_model(self=<pycaret.regression.oop.RegressionExperiment object at 0x7f0a259f5660>, estimator=br, fold=KFold(n_splits=10, random_state=None, shuffle=False), round=4, cross_validation=True, predict=True, fit_kwargs={}, groups=None, refit=False, probability_threshold=None, experiment_custom_tags=None, verbose=False, system=False, add_to_model_list=True, metrics=None, display=<pycaret.internal.display.display.CommonDisplay object at 0x7f0a04a6a440>, model_only=True, return_train_score=False, error_score=0.0, kwargs={})
2026-01-29 13:02:07,457:INFO:Checking exceptions
2026-01-29 13:02:07,457:INFO:Importing libraries
2026-01-29 13:02:07,457:INFO:Copying training dataset
2026-01-29 13:02:07,522:INFO:Defining folds
2026-01-29 13:02:07,522:INFO:Declaring metric variables
2026-01-29 13:02:07,531:INFO:Importing untrained model
2026-01-29 13:02:07,538:INFO:Bayesian Ridge Imported successfully
2026-01-29 13:02:07,556:INFO:Starting cross validation
2026-01-29 13:02:07,560:INFO:Cross validating with KFold(n_splits=10, random_state=None, shuffle=False), n_jobs=-1
2026-01-29 13:02:10,491:INFO:Calculating mean and std
2026-01-29 13:02:10,493:INFO:Creating metrics dataframe
2026-01-29 13:02:10,495:INFO:Uploading results into container
2026-01-29 13:02:10,495:INFO:Uploading model into container now
2026-01-29 13:02:10,496:INFO:_master_model_container: 8
2026-01-29 13:02:10,496:INFO:_display_container: 2
2026-01-29 13:02:10,496:INFO:BayesianRidge()
2026-01-29 13:02:10,496:INFO:create_model() successfully completed......................................
2026-01-29 13:02:10,625:INFO:SubProcess create_model() end ==================================
2026-01-29 13:02:10,625:INFO:Creating metrics dataframe
2026-01-29 13:02:10,644:INFO:Initializing Passive Aggressive Regressor
2026-01-29 13:02:10,644:INFO:Total runtime is 0.5309596856435139 minutes
2026-01-29 13:02:10,651:INFO:SubProcess create_model() called ==================================
2026-01-29 13:02:10,651:INFO:Initializing create_model()
2026-01-29 13:02:10,651:INFO:create_model(self=<pycaret.regression.oop.RegressionExperiment object at 0x7f0a259f5660>, estimator=par, fold=KFold(n_splits=10, random_state=None, shuffle=False), round=4, cross_validation=True, predict=True, fit_kwargs={}, groups=None, refit=False, probability_threshold=None, experiment_custom_tags=None, verbose=False, system=False, add_to_model_list=True, metrics=None, display=<pycaret.internal.display.display.CommonDisplay object at 0x7f0a04a6a440>, model_only=True, return_train_score=False, error_score=0.0, kwargs={})
2026-01-29 13:02:10,652:INFO:Checking exceptions
2026-01-29 13:02:10,652:INFO:Importing libraries
2026-01-29 13:02:10,652:INFO:Copying training dataset
2026-01-29 13:02:10,720:INFO:Defining folds
2026-01-29 13:02:10,721:INFO:Declaring metric variables
2026-01-29 13:02:10,729:INFO:Importing untrained model
2026-01-29 13:02:10,739:INFO:Passive Aggressive Regressor Imported successfully
2026-01-29 13:02:10,756:INFO:Starting cross validation
2026-01-29 13:02:10,763:INFO:Cross validating with KFold(n_splits=10, random_state=None, shuffle=False), n_jobs=-1
2026-01-29 13:02:13,683:INFO:Calculating mean and std
2026-01-29 13:02:13,685:INFO:Creating metrics dataframe
2026-01-29 13:02:13,687:INFO:Uploading results into container
2026-01-29 13:02:13,687:INFO:Uploading model into container now
2026-01-29 13:02:13,687:INFO:_master_model_container: 9
2026-01-29 13:02:13,687:INFO:_display_container: 2
2026-01-29 13:02:13,688:INFO:PassiveAggressiveRegressor(random_state=42)
2026-01-29 13:02:13,688:INFO:create_model() successfully completed......................................
2026-01-29 13:02:13,812:INFO:SubProcess create_model() end ==================================
2026-01-29 13:02:13,812:INFO:Creating metrics dataframe
2026-01-29 13:02:13,826:INFO:Initializing Huber Regressor
2026-01-29 13:02:13,826:INFO:Total runtime is 0.5839962283770243 minutes
2026-01-29 13:02:13,835:INFO:SubProcess create_model() called ==================================
2026-01-29 13:02:13,836:INFO:Initializing create_model()
2026-01-29 13:02:13,836:INFO:create_model(self=<pycaret.regression.oop.RegressionExperiment object at 0x7f0a259f5660>, estimator=huber, fold=KFold(n_splits=10, random_state=None, shuffle=False), round=4, cross_validation=True, predict=True, fit_kwargs={}, groups=None, refit=False, probability_threshold=None, experiment_custom_tags=None, verbose=False, system=False, add_to_model_list=True, metrics=None, display=<pycaret.internal.display.display.CommonDisplay object at 0x7f0a04a6a440>, model_only=True, return_train_score=False, error_score=0.0, kwargs={})
2026-01-29 13:02:13,836:INFO:Checking exceptions
2026-01-29 13:02:13,836:INFO:Importing libraries
2026-01-29 13:02:13,836:INFO:Copying training dataset
2026-01-29 13:02:13,915:INFO:Defining folds
2026-01-29 13:02:13,916:INFO:Declaring metric variables
2026-01-29 13:02:13,924:INFO:Importing untrained model
2026-01-29 13:02:13,932:INFO:Huber Regressor Imported successfully
2026-01-29 13:02:13,956:INFO:Starting cross validation
2026-01-29 13:02:13,962:INFO:Cross validating with KFold(n_splits=10, random_state=None, shuffle=False), n_jobs=-1
2026-01-29 13:02:15,092:WARNING:/home/ilyandho/.local/share/mamba/envs/pycaret/lib/python3.10/site-packages/sklearn/linear_model/_huber.py:342: ConvergenceWarning: lbfgs failed to converge (status=1):
STOP: TOTAL NO. of ITERATIONS REACHED LIMIT.

Increase the number of iterations (max_iter) or scale the data as shown in:
    https://scikit-learn.org/stable/modules/preprocessing.html
  self.n_iter_ = _check_optimize_result("lbfgs", opt_res, self.max_iter)

2026-01-29 13:02:15,240:WARNING:/home/ilyandho/.local/share/mamba/envs/pycaret/lib/python3.10/site-packages/sklearn/linear_model/_huber.py:342: ConvergenceWarning: lbfgs failed to converge (status=1):
STOP: TOTAL NO. of ITERATIONS REACHED LIMIT.

Increase the number of iterations (max_iter) or scale the data as shown in:
    https://scikit-learn.org/stable/modules/preprocessing.html
  self.n_iter_ = _check_optimize_result("lbfgs", opt_res, self.max_iter)

2026-01-29 13:02:15,294:WARNING:/home/ilyandho/.local/share/mamba/envs/pycaret/lib/python3.10/site-packages/sklearn/linear_model/_huber.py:342: ConvergenceWarning: lbfgs failed to converge (status=1):
STOP: TOTAL NO. of ITERATIONS REACHED LIMIT.

Increase the number of iterations (max_iter) or scale the data as shown in:
    https://scikit-learn.org/stable/modules/preprocessing.html
  self.n_iter_ = _check_optimize_result("lbfgs", opt_res, self.max_iter)

2026-01-29 13:02:15,363:WARNING:/home/ilyandho/.local/share/mamba/envs/pycaret/lib/python3.10/site-packages/sklearn/linear_model/_huber.py:342: ConvergenceWarning: lbfgs failed to converge (status=1):
STOP: TOTAL NO. of ITERATIONS REACHED LIMIT.

Increase the number of iterations (max_iter) or scale the data as shown in:
    https://scikit-learn.org/stable/modules/preprocessing.html
  self.n_iter_ = _check_optimize_result("lbfgs", opt_res, self.max_iter)

2026-01-29 13:02:16,282:WARNING:/home/ilyandho/.local/share/mamba/envs/pycaret/lib/python3.10/site-packages/sklearn/linear_model/_huber.py:342: ConvergenceWarning: lbfgs failed to converge (status=1):
STOP: TOTAL NO. of ITERATIONS REACHED LIMIT.

Increase the number of iterations (max_iter) or scale the data as shown in:
    https://scikit-learn.org/stable/modules/preprocessing.html
  self.n_iter_ = _check_optimize_result("lbfgs", opt_res, self.max_iter)

2026-01-29 13:02:16,646:WARNING:/home/ilyandho/.local/share/mamba/envs/pycaret/lib/python3.10/site-packages/sklearn/linear_model/_huber.py:342: ConvergenceWarning: lbfgs failed to converge (status=1):
STOP: TOTAL NO. of ITERATIONS REACHED LIMIT.

Increase the number of iterations (max_iter) or scale the data as shown in:
    https://scikit-learn.org/stable/modules/preprocessing.html
  self.n_iter_ = _check_optimize_result("lbfgs", opt_res, self.max_iter)

2026-01-29 13:02:16,664:WARNING:/home/ilyandho/.local/share/mamba/envs/pycaret/lib/python3.10/site-packages/sklearn/linear_model/_huber.py:342: ConvergenceWarning: lbfgs failed to converge (status=1):
STOP: TOTAL NO. of ITERATIONS REACHED LIMIT.

Increase the number of iterations (max_iter) or scale the data as shown in:
    https://scikit-learn.org/stable/modules/preprocessing.html
  self.n_iter_ = _check_optimize_result("lbfgs", opt_res, self.max_iter)

2026-01-29 13:02:16,701:WARNING:/home/ilyandho/.local/share/mamba/envs/pycaret/lib/python3.10/site-packages/sklearn/linear_model/_huber.py:342: ConvergenceWarning: lbfgs failed to converge (status=1):
STOP: TOTAL NO. of ITERATIONS REACHED LIMIT.

Increase the number of iterations (max_iter) or scale the data as shown in:
    https://scikit-learn.org/stable/modules/preprocessing.html
  self.n_iter_ = _check_optimize_result("lbfgs", opt_res, self.max_iter)

2026-01-29 13:02:17,138:WARNING:/home/ilyandho/.local/share/mamba/envs/pycaret/lib/python3.10/site-packages/sklearn/linear_model/_huber.py:342: ConvergenceWarning: lbfgs failed to converge (status=1):
STOP: TOTAL NO. of ITERATIONS REACHED LIMIT.

Increase the number of iterations (max_iter) or scale the data as shown in:
    https://scikit-learn.org/stable/modules/preprocessing.html
  self.n_iter_ = _check_optimize_result("lbfgs", opt_res, self.max_iter)

2026-01-29 13:02:17,338:WARNING:/home/ilyandho/.local/share/mamba/envs/pycaret/lib/python3.10/site-packages/sklearn/linear_model/_huber.py:342: ConvergenceWarning: lbfgs failed to converge (status=1):
STOP: TOTAL NO. of ITERATIONS REACHED LIMIT.

Increase the number of iterations (max_iter) or scale the data as shown in:
    https://scikit-learn.org/stable/modules/preprocessing.html
  self.n_iter_ = _check_optimize_result("lbfgs", opt_res, self.max_iter)

2026-01-29 13:02:17,387:INFO:Calculating mean and std
2026-01-29 13:02:17,388:INFO:Creating metrics dataframe
2026-01-29 13:02:17,390:INFO:Uploading results into container
2026-01-29 13:02:17,391:INFO:Uploading model into container now
2026-01-29 13:02:17,391:INFO:_master_model_container: 10
2026-01-29 13:02:17,391:INFO:_display_container: 2
2026-01-29 13:02:17,391:INFO:HuberRegressor()
2026-01-29 13:02:17,391:INFO:create_model() successfully completed......................................
2026-01-29 13:02:17,514:INFO:SubProcess create_model() end ==================================
2026-01-29 13:02:17,514:INFO:Creating metrics dataframe
2026-01-29 13:02:17,530:INFO:Initializing K Neighbors Regressor
2026-01-29 13:02:17,530:INFO:Total runtime is 0.6457282741864522 minutes
2026-01-29 13:02:17,537:INFO:SubProcess create_model() called ==================================
2026-01-29 13:02:17,538:INFO:Initializing create_model()
2026-01-29 13:02:17,538:INFO:create_model(self=<pycaret.regression.oop.RegressionExperiment object at 0x7f0a259f5660>, estimator=knn, fold=KFold(n_splits=10, random_state=None, shuffle=False), round=4, cross_validation=True, predict=True, fit_kwargs={}, groups=None, refit=False, probability_threshold=None, experiment_custom_tags=None, verbose=False, system=False, add_to_model_list=True, metrics=None, display=<pycaret.internal.display.display.CommonDisplay object at 0x7f0a04a6a440>, model_only=True, return_train_score=False, error_score=0.0, kwargs={})
2026-01-29 13:02:17,538:INFO:Checking exceptions
2026-01-29 13:02:17,538:INFO:Importing libraries
2026-01-29 13:02:17,538:INFO:Copying training dataset
2026-01-29 13:02:17,610:INFO:Defining folds
2026-01-29 13:02:17,610:INFO:Declaring metric variables
2026-01-29 13:02:17,618:INFO:Importing untrained model
2026-01-29 13:02:17,627:INFO:K Neighbors Regressor Imported successfully
2026-01-29 13:02:17,646:INFO:Starting cross validation
2026-01-29 13:02:17,651:INFO:Cross validating with KFold(n_splits=10, random_state=None, shuffle=False), n_jobs=-1
2026-01-29 13:02:20,431:INFO:Calculating mean and std
2026-01-29 13:02:20,433:INFO:Creating metrics dataframe
2026-01-29 13:02:20,435:INFO:Uploading results into container
2026-01-29 13:02:20,435:INFO:Uploading model into container now
2026-01-29 13:02:20,435:INFO:_master_model_container: 11
2026-01-29 13:02:20,436:INFO:_display_container: 2
2026-01-29 13:02:20,436:INFO:KNeighborsRegressor(n_jobs=-1)
2026-01-29 13:02:20,436:INFO:create_model() successfully completed......................................
2026-01-29 13:02:20,562:INFO:SubProcess create_model() end ==================================
2026-01-29 13:02:20,562:INFO:Creating metrics dataframe
2026-01-29 13:02:20,576:INFO:Initializing Decision Tree Regressor
2026-01-29 13:02:20,576:INFO:Total runtime is 0.6964917461077371 minutes
2026-01-29 13:02:20,583:INFO:SubProcess create_model() called ==================================
2026-01-29 13:02:20,584:INFO:Initializing create_model()
2026-01-29 13:02:20,584:INFO:create_model(self=<pycaret.regression.oop.RegressionExperiment object at 0x7f0a259f5660>, estimator=dt, fold=KFold(n_splits=10, random_state=None, shuffle=False), round=4, cross_validation=True, predict=True, fit_kwargs={}, groups=None, refit=False, probability_threshold=None, experiment_custom_tags=None, verbose=False, system=False, add_to_model_list=True, metrics=None, display=<pycaret.internal.display.display.CommonDisplay object at 0x7f0a04a6a440>, model_only=True, return_train_score=False, error_score=0.0, kwargs={})
2026-01-29 13:02:20,584:INFO:Checking exceptions
2026-01-29 13:02:20,584:INFO:Importing libraries
2026-01-29 13:02:20,584:INFO:Copying training dataset
2026-01-29 13:02:20,645:INFO:Defining folds
2026-01-29 13:02:20,646:INFO:Declaring metric variables
2026-01-29 13:02:20,653:INFO:Importing untrained model
2026-01-29 13:02:20,662:INFO:Decision Tree Regressor Imported successfully
2026-01-29 13:02:20,680:INFO:Starting cross validation
2026-01-29 13:02:20,685:INFO:Cross validating with KFold(n_splits=10, random_state=None, shuffle=False), n_jobs=-1
2026-01-29 13:02:23,799:INFO:Calculating mean and std
2026-01-29 13:02:23,800:INFO:Creating metrics dataframe
2026-01-29 13:02:23,802:INFO:Uploading results into container
2026-01-29 13:02:23,803:INFO:Uploading model into container now
2026-01-29 13:02:23,803:INFO:_master_model_container: 12
2026-01-29 13:02:23,804:INFO:_display_container: 2
2026-01-29 13:02:23,805:INFO:DecisionTreeRegressor(random_state=42)
2026-01-29 13:02:23,805:INFO:create_model() successfully completed......................................
2026-01-29 13:02:23,931:INFO:SubProcess create_model() end ==================================
2026-01-29 13:02:23,931:INFO:Creating metrics dataframe
2026-01-29 13:02:23,943:INFO:Initializing Random Forest Regressor
2026-01-29 13:02:23,943:INFO:Total runtime is 0.7526162425676981 minutes
2026-01-29 13:02:23,951:INFO:SubProcess create_model() called ==================================
2026-01-29 13:02:23,951:INFO:Initializing create_model()
2026-01-29 13:02:23,951:INFO:create_model(self=<pycaret.regression.oop.RegressionExperiment object at 0x7f0a259f5660>, estimator=rf, fold=KFold(n_splits=10, random_state=None, shuffle=False), round=4, cross_validation=True, predict=True, fit_kwargs={}, groups=None, refit=False, probability_threshold=None, experiment_custom_tags=None, verbose=False, system=False, add_to_model_list=True, metrics=None, display=<pycaret.internal.display.display.CommonDisplay object at 0x7f0a04a6a440>, model_only=True, return_train_score=False, error_score=0.0, kwargs={})
2026-01-29 13:02:23,951:INFO:Checking exceptions
2026-01-29 13:02:23,952:INFO:Importing libraries
2026-01-29 13:02:23,952:INFO:Copying training dataset
2026-01-29 13:02:24,012:INFO:Defining folds
2026-01-29 13:02:24,012:INFO:Declaring metric variables
2026-01-29 13:02:24,022:INFO:Importing untrained model
2026-01-29 13:02:24,031:INFO:Random Forest Regressor Imported successfully
2026-01-29 13:02:24,048:INFO:Starting cross validation
2026-01-29 13:02:24,053:INFO:Cross validating with KFold(n_splits=10, random_state=None, shuffle=False), n_jobs=-1
2026-01-29 13:02:38,471:INFO:Calculating mean and std
2026-01-29 13:02:38,472:INFO:Creating metrics dataframe
2026-01-29 13:02:38,474:INFO:Uploading results into container
2026-01-29 13:02:38,475:INFO:Uploading model into container now
2026-01-29 13:02:38,475:INFO:_master_model_container: 13
2026-01-29 13:02:38,475:INFO:_display_container: 2
2026-01-29 13:02:38,476:INFO:RandomForestRegressor(n_jobs=-1, random_state=42)
2026-01-29 13:02:38,476:INFO:create_model() successfully completed......................................
2026-01-29 13:02:38,599:INFO:SubProcess create_model() end ==================================
2026-01-29 13:02:38,599:INFO:Creating metrics dataframe
2026-01-29 13:02:38,613:INFO:Initializing Extra Trees Regressor
2026-01-29 13:02:38,613:INFO:Total runtime is 0.9971190412839253 minutes
2026-01-29 13:02:38,624:INFO:SubProcess create_model() called ==================================
2026-01-29 13:02:38,625:INFO:Initializing create_model()
2026-01-29 13:02:38,625:INFO:create_model(self=<pycaret.regression.oop.RegressionExperiment object at 0x7f0a259f5660>, estimator=et, fold=KFold(n_splits=10, random_state=None, shuffle=False), round=4, cross_validation=True, predict=True, fit_kwargs={}, groups=None, refit=False, probability_threshold=None, experiment_custom_tags=None, verbose=False, system=False, add_to_model_list=True, metrics=None, display=<pycaret.internal.display.display.CommonDisplay object at 0x7f0a04a6a440>, model_only=True, return_train_score=False, error_score=0.0, kwargs={})
2026-01-29 13:02:38,625:INFO:Checking exceptions
2026-01-29 13:02:38,625:INFO:Importing libraries
2026-01-29 13:02:38,625:INFO:Copying training dataset
2026-01-29 13:02:38,696:INFO:Defining folds
2026-01-29 13:02:38,696:INFO:Declaring metric variables
2026-01-29 13:02:38,704:INFO:Importing untrained model
2026-01-29 13:02:38,713:INFO:Extra Trees Regressor Imported successfully
2026-01-29 13:02:38,731:INFO:Starting cross validation
2026-01-29 13:02:38,736:INFO:Cross validating with KFold(n_splits=10, random_state=None, shuffle=False), n_jobs=-1
2026-01-29 13:02:49,866:INFO:Calculating mean and std
2026-01-29 13:02:49,867:INFO:Creating metrics dataframe
2026-01-29 13:02:49,870:INFO:Uploading results into container
2026-01-29 13:02:49,871:INFO:Uploading model into container now
2026-01-29 13:02:49,872:INFO:_master_model_container: 14
2026-01-29 13:02:49,873:INFO:_display_container: 2
2026-01-29 13:02:49,873:INFO:ExtraTreesRegressor(n_jobs=-1, random_state=42)
2026-01-29 13:02:49,873:INFO:create_model() successfully completed......................................
2026-01-29 13:02:50,043:INFO:SubProcess create_model() end ==================================
2026-01-29 13:02:50,043:INFO:Creating metrics dataframe
2026-01-29 13:02:50,062:INFO:Initializing AdaBoost Regressor
2026-01-29 13:02:50,062:INFO:Total runtime is 1.1879307270050048 minutes
2026-01-29 13:02:50,069:INFO:SubProcess create_model() called ==================================
2026-01-29 13:02:50,070:INFO:Initializing create_model()
2026-01-29 13:02:50,070:INFO:create_model(self=<pycaret.regression.oop.RegressionExperiment object at 0x7f0a259f5660>, estimator=ada, fold=KFold(n_splits=10, random_state=None, shuffle=False), round=4, cross_validation=True, predict=True, fit_kwargs={}, groups=None, refit=False, probability_threshold=None, experiment_custom_tags=None, verbose=False, system=False, add_to_model_list=True, metrics=None, display=<pycaret.internal.display.display.CommonDisplay object at 0x7f0a04a6a440>, model_only=True, return_train_score=False, error_score=0.0, kwargs={})
2026-01-29 13:02:50,071:INFO:Checking exceptions
2026-01-29 13:02:50,071:INFO:Importing libraries
2026-01-29 13:02:50,071:INFO:Copying training dataset
2026-01-29 13:02:50,155:INFO:Defining folds
2026-01-29 13:02:50,156:INFO:Declaring metric variables
2026-01-29 13:02:50,165:INFO:Importing untrained model
2026-01-29 13:02:50,173:INFO:AdaBoost Regressor Imported successfully
2026-01-29 13:02:50,199:INFO:Starting cross validation
2026-01-29 13:02:50,215:INFO:Cross validating with KFold(n_splits=10, random_state=None, shuffle=False), n_jobs=-1
2026-01-29 13:02:57,993:INFO:Calculating mean and std
2026-01-29 13:02:57,994:INFO:Creating metrics dataframe
2026-01-29 13:02:57,999:INFO:Uploading results into container
2026-01-29 13:02:58,000:INFO:Uploading model into container now
2026-01-29 13:02:58,001:INFO:_master_model_container: 15
2026-01-29 13:02:58,001:INFO:_display_container: 2
2026-01-29 13:02:58,001:INFO:AdaBoostRegressor(random_state=42)
2026-01-29 13:02:58,001:INFO:create_model() successfully completed......................................
2026-01-29 13:02:58,170:INFO:SubProcess create_model() end ==================================
2026-01-29 13:02:58,171:INFO:Creating metrics dataframe
2026-01-29 13:02:58,196:INFO:Initializing Gradient Boosting Regressor
2026-01-29 13:02:58,196:INFO:Total runtime is 1.3234991828600564 minutes
2026-01-29 13:02:58,205:INFO:SubProcess create_model() called ==================================
2026-01-29 13:02:58,205:INFO:Initializing create_model()
2026-01-29 13:02:58,207:INFO:create_model(self=<pycaret.regression.oop.RegressionExperiment object at 0x7f0a259f5660>, estimator=gbr, fold=KFold(n_splits=10, random_state=None, shuffle=False), round=4, cross_validation=True, predict=True, fit_kwargs={}, groups=None, refit=False, probability_threshold=None, experiment_custom_tags=None, verbose=False, system=False, add_to_model_list=True, metrics=None, display=<pycaret.internal.display.display.CommonDisplay object at 0x7f0a04a6a440>, model_only=True, return_train_score=False, error_score=0.0, kwargs={})
2026-01-29 13:02:58,207:INFO:Checking exceptions
2026-01-29 13:02:58,207:INFO:Importing libraries
2026-01-29 13:02:58,207:INFO:Copying training dataset
2026-01-29 13:02:58,300:INFO:Defining folds
2026-01-29 13:02:58,301:INFO:Declaring metric variables
2026-01-29 13:02:58,309:INFO:Importing untrained model
2026-01-29 13:02:58,318:INFO:Gradient Boosting Regressor Imported successfully
2026-01-29 13:02:58,342:INFO:Starting cross validation
2026-01-29 13:02:58,348:INFO:Cross validating with KFold(n_splits=10, random_state=None, shuffle=False), n_jobs=-1
2026-01-29 13:03:08,947:INFO:Calculating mean and std
2026-01-29 13:03:08,949:INFO:Creating metrics dataframe
2026-01-29 13:03:08,951:INFO:Uploading results into container
2026-01-29 13:03:08,951:INFO:Uploading model into container now
2026-01-29 13:03:08,952:INFO:_master_model_container: 16
2026-01-29 13:03:08,952:INFO:_display_container: 2
2026-01-29 13:03:08,952:INFO:GradientBoostingRegressor(random_state=42)
2026-01-29 13:03:08,953:INFO:create_model() successfully completed......................................
2026-01-29 13:03:09,084:INFO:SubProcess create_model() end ==================================
2026-01-29 13:03:09,085:INFO:Creating metrics dataframe
2026-01-29 13:03:09,099:INFO:Initializing Extreme Gradient Boosting
2026-01-29 13:03:09,099:INFO:Total runtime is 1.5052157799402872 minutes
2026-01-29 13:03:09,108:INFO:SubProcess create_model() called ==================================
2026-01-29 13:03:09,109:INFO:Initializing create_model()
2026-01-29 13:03:09,109:INFO:create_model(self=<pycaret.regression.oop.RegressionExperiment object at 0x7f0a259f5660>, estimator=xgboost, fold=KFold(n_splits=10, random_state=None, shuffle=False), round=4, cross_validation=True, predict=True, fit_kwargs={}, groups=None, refit=False, probability_threshold=None, experiment_custom_tags=None, verbose=False, system=False, add_to_model_list=True, metrics=None, display=<pycaret.internal.display.display.CommonDisplay object at 0x7f0a04a6a440>, model_only=True, return_train_score=False, error_score=0.0, kwargs={})
2026-01-29 13:03:09,109:INFO:Checking exceptions
2026-01-29 13:03:09,109:INFO:Importing libraries
2026-01-29 13:03:09,109:INFO:Copying training dataset
2026-01-29 13:03:09,182:INFO:Defining folds
2026-01-29 13:03:09,182:INFO:Declaring metric variables
2026-01-29 13:03:09,192:INFO:Importing untrained model
2026-01-29 13:03:09,203:INFO:Extreme Gradient Boosting Imported successfully
2026-01-29 13:03:09,220:INFO:Starting cross validation
2026-01-29 13:03:09,224:INFO:Cross validating with KFold(n_splits=10, random_state=None, shuffle=False), n_jobs=-1
2026-01-29 13:03:20,585:INFO:Calculating mean and std
2026-01-29 13:03:20,586:INFO:Creating metrics dataframe
2026-01-29 13:03:20,588:INFO:Uploading results into container
2026-01-29 13:03:20,589:INFO:Uploading model into container now
2026-01-29 13:03:20,590:INFO:_master_model_container: 17
2026-01-29 13:03:20,590:INFO:_display_container: 2
2026-01-29 13:03:20,592:INFO:XGBRegressor(base_score=None, booster='gbtree', callbacks=None,
             colsample_bylevel=None, colsample_bynode=None,
             colsample_bytree=None, device='cpu', early_stopping_rounds=None,
             enable_categorical=False, eval_metric=None, feature_types=None,
             feature_weights=None, gamma=None, grow_policy=None,
             importance_type=None, interaction_constraints=None,
             learning_rate=None, max_bin=None, max_cat_threshold=None,
             max_cat_to_onehot=None, max_delta_step=None, max_depth=None,
             max_leaves=None, min_child_weight=None, missing=nan,
             monotone_constraints=None, multi_strategy=None, n_estimators=None,
             n_jobs=-1, num_parallel_tree=None, ...)
2026-01-29 13:03:20,592:INFO:create_model() successfully completed......................................
2026-01-29 13:03:20,721:INFO:SubProcess create_model() end ==================================
2026-01-29 13:03:20,722:INFO:Creating metrics dataframe
2026-01-29 13:03:20,739:INFO:Initializing Light Gradient Boosting Machine
2026-01-29 13:03:20,739:INFO:Total runtime is 1.6992209951082864 minutes
2026-01-29 13:03:20,747:INFO:SubProcess create_model() called ==================================
2026-01-29 13:03:20,747:INFO:Initializing create_model()
2026-01-29 13:03:20,748:INFO:create_model(self=<pycaret.regression.oop.RegressionExperiment object at 0x7f0a259f5660>, estimator=lightgbm, fold=KFold(n_splits=10, random_state=None, shuffle=False), round=4, cross_validation=True, predict=True, fit_kwargs={}, groups=None, refit=False, probability_threshold=None, experiment_custom_tags=None, verbose=False, system=False, add_to_model_list=True, metrics=None, display=<pycaret.internal.display.display.CommonDisplay object at 0x7f0a04a6a440>, model_only=True, return_train_score=False, error_score=0.0, kwargs={})
2026-01-29 13:03:20,748:INFO:Checking exceptions
2026-01-29 13:03:20,748:INFO:Importing libraries
2026-01-29 13:03:20,748:INFO:Copying training dataset
2026-01-29 13:03:20,818:INFO:Defining folds
2026-01-29 13:03:20,818:INFO:Declaring metric variables
2026-01-29 13:03:20,826:INFO:Importing untrained model
2026-01-29 13:03:20,837:INFO:Light Gradient Boosting Machine Imported successfully
2026-01-29 13:03:20,855:INFO:Starting cross validation
2026-01-29 13:03:20,859:INFO:Cross validating with KFold(n_splits=10, random_state=None, shuffle=False), n_jobs=-1
2026-01-29 13:03:32,735:INFO:Calculating mean and std
2026-01-29 13:03:32,748:INFO:Creating metrics dataframe
2026-01-29 13:03:32,750:INFO:Uploading results into container
2026-01-29 13:03:32,751:INFO:Uploading model into container now
2026-01-29 13:03:32,751:INFO:_master_model_container: 18
2026-01-29 13:03:32,751:INFO:_display_container: 2
2026-01-29 13:03:32,752:INFO:LGBMRegressor(n_jobs=-1, random_state=42)
2026-01-29 13:03:32,752:INFO:create_model() successfully completed......................................
2026-01-29 13:03:32,895:INFO:SubProcess create_model() end ==================================
2026-01-29 13:03:32,895:INFO:Creating metrics dataframe
2026-01-29 13:03:32,909:INFO:Initializing Dummy Regressor
2026-01-29 13:03:32,917:INFO:Total runtime is 1.9021767338116962 minutes
2026-01-29 13:03:32,925:INFO:SubProcess create_model() called ==================================
2026-01-29 13:03:32,926:INFO:Initializing create_model()
2026-01-29 13:03:32,926:INFO:create_model(self=<pycaret.regression.oop.RegressionExperiment object at 0x7f0a259f5660>, estimator=dummy, fold=KFold(n_splits=10, random_state=None, shuffle=False), round=4, cross_validation=True, predict=True, fit_kwargs={}, groups=None, refit=False, probability_threshold=None, experiment_custom_tags=None, verbose=False, system=False, add_to_model_list=True, metrics=None, display=<pycaret.internal.display.display.CommonDisplay object at 0x7f0a04a6a440>, model_only=True, return_train_score=False, error_score=0.0, kwargs={})
2026-01-29 13:03:32,926:INFO:Checking exceptions
2026-01-29 13:03:32,926:INFO:Importing libraries
2026-01-29 13:03:32,926:INFO:Copying training dataset
2026-01-29 13:03:32,992:INFO:Defining folds
2026-01-29 13:03:32,992:INFO:Declaring metric variables
2026-01-29 13:03:33,001:INFO:Importing untrained model
2026-01-29 13:03:33,012:INFO:Dummy Regressor Imported successfully
2026-01-29 13:03:33,030:INFO:Starting cross validation
2026-01-29 13:03:33,035:INFO:Cross validating with KFold(n_splits=10, random_state=None, shuffle=False), n_jobs=-1
2026-01-29 13:03:36,149:INFO:Calculating mean and std
2026-01-29 13:03:36,150:INFO:Creating metrics dataframe
2026-01-29 13:03:36,152:INFO:Uploading results into container
2026-01-29 13:03:36,153:INFO:Uploading model into container now
2026-01-29 13:03:36,153:INFO:_master_model_container: 19
2026-01-29 13:03:36,153:INFO:_display_container: 2
2026-01-29 13:03:36,154:INFO:DummyRegressor()
2026-01-29 13:03:36,154:INFO:create_model() successfully completed......................................
2026-01-29 13:03:36,280:INFO:SubProcess create_model() end ==================================
2026-01-29 13:03:36,281:INFO:Creating metrics dataframe
2026-01-29 13:03:36,299:WARNING:/home/ilyandho/.local/share/mamba/envs/pycaret/lib/python3.10/site-packages/pycaret/internal/pycaret_experiment/supervised_experiment.py:323: FutureWarning: Styler.applymap has been deprecated. Use Styler.map instead.
  master_display_.apply(

2026-01-29 13:03:36,320:INFO:Initializing create_model()
2026-01-29 13:03:36,320:INFO:create_model(self=<pycaret.regression.oop.RegressionExperiment object at 0x7f0a259f5660>, estimator=Ridge(random_state=42), fold=KFold(n_splits=10, random_state=None, shuffle=False), round=4, cross_validation=False, predict=False, fit_kwargs={}, groups=None, refit=True, probability_threshold=None, experiment_custom_tags=None, verbose=False, system=False, add_to_model_list=True, metrics=None, display=None, model_only=True, return_train_score=False, error_score=0.0, kwargs={})
2026-01-29 13:03:36,320:INFO:Checking exceptions
2026-01-29 13:03:36,323:INFO:Importing libraries
2026-01-29 13:03:36,323:INFO:Copying training dataset
2026-01-29 13:03:36,389:INFO:Defining folds
2026-01-29 13:03:36,389:INFO:Declaring metric variables
2026-01-29 13:03:36,389:INFO:Importing untrained model
2026-01-29 13:03:36,389:INFO:Declaring custom model
2026-01-29 13:03:36,390:INFO:Ridge Regression Imported successfully
2026-01-29 13:03:36,392:INFO:Cross validation set to False
2026-01-29 13:03:36,393:INFO:Fitting Model
2026-01-29 13:03:37,003:WARNING:/home/ilyandho/.local/share/mamba/envs/pycaret/lib/python3.10/site-packages/sklearn/linear_model/_ridge.py:204: LinAlgWarning: Ill-conditioned matrix (rcond=6.04686e-15): result may not be accurate.
  return linalg.solve(A, Xy, assume_a="pos", overwrite_a=True).T

2026-01-29 13:03:37,004:INFO:Ridge(random_state=42)
2026-01-29 13:03:37,004:INFO:create_model() successfully completed......................................
2026-01-29 13:03:37,228:INFO:_master_model_container: 19
2026-01-29 13:03:37,228:INFO:_display_container: 2
2026-01-29 13:03:37,229:INFO:Ridge(random_state=42)
2026-01-29 13:03:37,229:INFO:compare_models() successfully completed......................................
2026-01-29 13:03:37,230:INFO:Initializing evaluate_model()
2026-01-29 13:03:37,231:INFO:evaluate_model(self=<pycaret.regression.oop.RegressionExperiment object at 0x7f0a259f5660>, estimator=Ridge(random_state=42), fold=None, fit_kwargs=None, plot_kwargs=None, feature_name=None, groups=None)
2026-01-29 13:03:37,272:INFO:Initializing plot_model()
2026-01-29 13:03:37,272:INFO:plot_model(plot=pipeline, fold=KFold(n_splits=10, random_state=None, shuffle=False), verbose=False, display=None, display_format=None, estimator=Ridge(random_state=42), feature_name=None, fit_kwargs={}, groups=None, label=False, plot_kwargs=None, save=False, scale=1, self=<pycaret.regression.oop.RegressionExperiment object at 0x7f0a259f5660>, system=True)
2026-01-29 13:03:37,273:INFO:Checking exceptions
2026-01-29 13:03:37,317:INFO:Preloading libraries
2026-01-29 13:03:37,318:INFO:Copying training dataset
2026-01-29 13:03:37,318:INFO:Plot type: pipeline
2026-01-29 13:03:37,614:INFO:Visual Rendered Successfully
2026-01-29 13:03:37,751:INFO:plot_model() successfully completed......................................
2026-01-29 13:03:37,756:INFO:Initializing plot_model()
2026-01-29 13:03:37,756:INFO:plot_model(plot=feature, fold=None, verbose=True, display=None, display_format=None, estimator=Ridge(random_state=42), feature_name=None, fit_kwargs=None, groups=None, label=False, plot_kwargs=None, save=False, scale=1, self=<pycaret.regression.oop.RegressionExperiment object at 0x7f0a259f5660>, system=True)
2026-01-29 13:03:37,756:INFO:Checking exceptions
2026-01-29 13:03:37,791:INFO:Preloading libraries
2026-01-29 13:03:37,791:INFO:Copying training dataset
2026-01-29 13:03:37,791:INFO:Plot type: feature
2026-01-29 13:03:38,345:INFO:Visual Rendered Successfully
2026-01-29 13:03:38,490:INFO:plot_model() successfully completed......................................
2026-01-29 13:25:06,286:INFO:PyCaret RegressionExperiment
2026-01-29 13:25:06,286:INFO:Logging name: reg-default-name
2026-01-29 13:25:06,287:INFO:ML Usecase: MLUsecase.REGRESSION
2026-01-29 13:25:06,287:INFO:version 3.3.2
2026-01-29 13:25:06,287:INFO:Initializing setup()
2026-01-29 13:25:06,287:INFO:self.USI: 4660
2026-01-29 13:25:06,287:INFO:self._variable_keys: {'n_jobs_param', '_ml_usecase', 'y', 'memory', 'logging_param', 'transform_target_param', 'exp_id', 'exp_name_log', 'fold_generator', 'X_train', 'y_test', '_available_plots', 'USI', 'seed', 'pipeline', 'target_param', 'y_train', 'fold_shuffle_param', 'html_param', 'fold_groups_param', 'idx', 'gpu_n_jobs_param', 'X', 'gpu_param', 'X_test', 'log_plots_param', 'data'}
2026-01-29 13:25:06,287:INFO:Checking environment
2026-01-29 13:25:06,287:INFO:python_version: 3.10.19
2026-01-29 13:25:06,287:INFO:python_build: ('main', 'Oct 22 2025 22:29:10')
2026-01-29 13:25:06,287:INFO:machine: x86_64
2026-01-29 13:25:06,287:INFO:platform: Linux-6.18.3-arch1-1-x86_64-with-glibc2.42
2026-01-29 13:25:06,288:INFO:Memory: svmem(total=16650223616, available=7171702784, percent=56.9, used=9478520832, free=2220425216, active=9790828544, inactive=3143790592, buffers=173158400, cached=6177644544, shared=858902528, slab=560627712)
2026-01-29 13:25:06,289:INFO:Physical Core: 2
2026-01-29 13:25:06,289:INFO:Logical Core: 4
2026-01-29 13:25:06,289:INFO:Checking libraries
2026-01-29 13:25:06,289:INFO:System:
2026-01-29 13:25:06,289:INFO:    python: 3.10.19 | packaged by conda-forge | (main, Oct 22 2025, 22:29:10) [GCC 14.3.0]
2026-01-29 13:25:06,289:INFO:executable: /home/ilyandho/.local/share/mamba/envs/pycaret/bin/python
2026-01-29 13:25:06,289:INFO:   machine: Linux-6.18.3-arch1-1-x86_64-with-glibc2.42
2026-01-29 13:25:06,289:INFO:PyCaret required dependencies:
2026-01-29 13:25:06,290:INFO:                 pip: 25.3
2026-01-29 13:25:06,290:INFO:          setuptools: 80.9.0
2026-01-29 13:25:06,290:INFO:             pycaret: 3.3.2
2026-01-29 13:25:06,290:INFO:             IPython: 8.37.0
2026-01-29 13:25:06,290:INFO:          ipywidgets: 8.1.8
2026-01-29 13:25:06,290:INFO:                tqdm: 4.67.1
2026-01-29 13:25:06,290:INFO:               numpy: 1.26.4
2026-01-29 13:25:06,290:INFO:              pandas: 2.1.4
2026-01-29 13:25:06,290:INFO:              jinja2: 3.1.6
2026-01-29 13:25:06,290:INFO:               scipy: 1.11.4
2026-01-29 13:25:06,290:INFO:              joblib: 1.3.2
2026-01-29 13:25:06,290:INFO:             sklearn: 1.4.2
2026-01-29 13:25:06,290:INFO:                pyod: 2.0.6
2026-01-29 13:25:06,290:INFO:            imblearn: 0.14.1
2026-01-29 13:25:06,290:INFO:   category_encoders: 2.7.0
2026-01-29 13:25:06,290:INFO:            lightgbm: 4.6.0
2026-01-29 13:25:06,290:INFO:               numba: 0.63.1
2026-01-29 13:25:06,290:INFO:            requests: 2.32.5
2026-01-29 13:25:06,290:INFO:          matplotlib: 3.10.8
2026-01-29 13:25:06,291:INFO:          scikitplot: 0.3.7
2026-01-29 13:25:06,291:INFO:         yellowbrick: 1.5
2026-01-29 13:25:06,291:INFO:              plotly: 6.5.0
2026-01-29 13:25:06,291:INFO:    plotly-resampler: Not installed
2026-01-29 13:25:06,291:INFO:             kaleido: 0.2.1
2026-01-29 13:25:06,291:INFO:           schemdraw: 0.15
2026-01-29 13:25:06,291:INFO:         statsmodels: 0.14.6
2026-01-29 13:25:06,291:INFO:              sktime: 0.26.0
2026-01-29 13:25:06,291:INFO:               tbats: 1.1.3
2026-01-29 13:25:06,291:INFO:            pmdarima: 2.0.4
2026-01-29 13:25:06,291:INFO:              psutil: 7.2.1
2026-01-29 13:25:06,291:INFO:          markupsafe: 3.0.3
2026-01-29 13:25:06,291:INFO:             pickle5: Not installed
2026-01-29 13:25:06,291:INFO:         cloudpickle: 3.1.2
2026-01-29 13:25:06,291:INFO:         deprecation: 2.1.0
2026-01-29 13:25:06,291:INFO:              xxhash: 3.6.0
2026-01-29 13:25:06,291:INFO:           wurlitzer: 3.1.1
2026-01-29 13:25:06,291:INFO:PyCaret optional dependencies:
2026-01-29 13:25:06,292:INFO:                shap: Not installed
2026-01-29 13:25:06,292:INFO:           interpret: Not installed
2026-01-29 13:25:06,292:INFO:                umap: 0.5.9.post2
2026-01-29 13:25:06,292:INFO:     ydata_profiling: Not installed
2026-01-29 13:25:06,292:INFO:  explainerdashboard: Not installed
2026-01-29 13:25:06,292:INFO:             autoviz: Not installed
2026-01-29 13:25:06,292:INFO:           fairlearn: Not installed
2026-01-29 13:25:06,292:INFO:          deepchecks: Not installed
2026-01-29 13:25:06,292:INFO:             xgboost: 3.1.3
2026-01-29 13:25:06,292:INFO:            catboost: Not installed
2026-01-29 13:25:06,292:INFO:              kmodes: Not installed
2026-01-29 13:25:06,292:INFO:             mlxtend: Not installed
2026-01-29 13:25:06,292:INFO:       statsforecast: Not installed
2026-01-29 13:25:06,292:INFO:        tune_sklearn: Not installed
2026-01-29 13:25:06,292:INFO:                 ray: Not installed
2026-01-29 13:25:06,292:INFO:            hyperopt: Not installed
2026-01-29 13:25:06,292:INFO:              optuna: Not installed
2026-01-29 13:25:06,292:INFO:               skopt: Not installed
2026-01-29 13:25:06,292:INFO:              mlflow: Not installed
2026-01-29 13:25:06,292:INFO:              gradio: Not installed
2026-01-29 13:25:06,293:INFO:             fastapi: Not installed
2026-01-29 13:25:06,293:INFO:             uvicorn: Not installed
2026-01-29 13:25:06,293:INFO:              m2cgen: Not installed
2026-01-29 13:25:06,293:INFO:           evidently: Not installed
2026-01-29 13:25:06,293:INFO:               fugue: Not installed
2026-01-29 13:25:06,293:INFO:           streamlit: Not installed
2026-01-29 13:25:06,293:INFO:             prophet: Not installed
2026-01-29 13:25:06,293:INFO:None
2026-01-29 13:25:06,293:INFO:Set up data.
2026-01-29 13:25:06,495:INFO:Set up folding strategy.
2026-01-29 13:25:06,496:INFO:Set up train/test split.
2026-01-29 13:25:06,593:INFO:Set up index.
2026-01-29 13:25:06,596:INFO:Assigning column types.
2026-01-29 13:25:06,702:INFO:Engine successfully changes for model 'lr' to 'sklearn'.
2026-01-29 13:25:06,703:INFO:Engine for model 'lasso' has not been set explicitly, hence returning None.
2026-01-29 13:25:06,714:INFO:Engine for model 'ridge' has not been set explicitly, hence returning None.
2026-01-29 13:25:06,721:INFO:Engine for model 'en' has not been set explicitly, hence returning None.
2026-01-29 13:25:06,831:INFO:Engine for model 'svm' has not been set explicitly, hence returning None.
2026-01-29 13:25:06,884:INFO:Engine for model 'knn' has not been set explicitly, hence returning None.
2026-01-29 13:25:06,885:INFO:Soft dependency imported: xgboost: 3.1.3
2026-01-29 13:25:06,888:WARNING:
'catboost' is a soft dependency and not included in the pycaret installation. Please run: `pip install catboost` to install.
Alternately, you can install this by running `pip install pycaret[models]`
2026-01-29 13:25:06,889:INFO:Engine for model 'lasso' has not been set explicitly, hence returning None.
2026-01-29 13:25:06,893:INFO:Engine for model 'ridge' has not been set explicitly, hence returning None.
2026-01-29 13:25:06,900:INFO:Engine for model 'en' has not been set explicitly, hence returning None.
2026-01-29 13:25:07,015:INFO:Engine for model 'svm' has not been set explicitly, hence returning None.
2026-01-29 13:25:07,065:INFO:Engine for model 'knn' has not been set explicitly, hence returning None.
2026-01-29 13:25:07,066:INFO:Soft dependency imported: xgboost: 3.1.3
2026-01-29 13:25:07,068:WARNING:
'catboost' is a soft dependency and not included in the pycaret installation. Please run: `pip install catboost` to install.
Alternately, you can install this by running `pip install pycaret[models]`
2026-01-29 13:25:07,069:INFO:Engine successfully changes for model 'lasso' to 'sklearn'.
2026-01-29 13:25:07,073:INFO:Engine for model 'ridge' has not been set explicitly, hence returning None.
2026-01-29 13:25:07,079:INFO:Engine for model 'en' has not been set explicitly, hence returning None.
2026-01-29 13:25:07,183:INFO:Engine for model 'svm' has not been set explicitly, hence returning None.
2026-01-29 13:25:07,232:INFO:Engine for model 'knn' has not been set explicitly, hence returning None.
2026-01-29 13:25:07,233:INFO:Soft dependency imported: xgboost: 3.1.3
2026-01-29 13:25:07,235:WARNING:
'catboost' is a soft dependency and not included in the pycaret installation. Please run: `pip install catboost` to install.
Alternately, you can install this by running `pip install pycaret[models]`
2026-01-29 13:25:07,240:INFO:Engine for model 'ridge' has not been set explicitly, hence returning None.
2026-01-29 13:25:07,245:INFO:Engine for model 'en' has not been set explicitly, hence returning None.
2026-01-29 13:25:07,353:INFO:Engine for model 'svm' has not been set explicitly, hence returning None.
2026-01-29 13:25:07,420:INFO:Engine for model 'knn' has not been set explicitly, hence returning None.
2026-01-29 13:25:07,420:INFO:Soft dependency imported: xgboost: 3.1.3
2026-01-29 13:25:07,423:WARNING:
'catboost' is a soft dependency and not included in the pycaret installation. Please run: `pip install catboost` to install.
Alternately, you can install this by running `pip install pycaret[models]`
2026-01-29 13:25:07,423:INFO:Engine successfully changes for model 'ridge' to 'sklearn'.
2026-01-29 13:25:07,433:INFO:Engine for model 'en' has not been set explicitly, hence returning None.
2026-01-29 13:25:07,618:INFO:Engine for model 'svm' has not been set explicitly, hence returning None.
2026-01-29 13:25:07,777:INFO:Engine for model 'knn' has not been set explicitly, hence returning None.
2026-01-29 13:25:07,778:INFO:Soft dependency imported: xgboost: 3.1.3
2026-01-29 13:25:07,785:WARNING:
'catboost' is a soft dependency and not included in the pycaret installation. Please run: `pip install catboost` to install.
Alternately, you can install this by running `pip install pycaret[models]`
2026-01-29 13:25:07,805:INFO:Engine for model 'en' has not been set explicitly, hence returning None.
2026-01-29 13:25:07,924:INFO:Engine for model 'svm' has not been set explicitly, hence returning None.
2026-01-29 13:25:07,973:INFO:Engine for model 'knn' has not been set explicitly, hence returning None.
2026-01-29 13:25:07,974:INFO:Soft dependency imported: xgboost: 3.1.3
2026-01-29 13:25:07,977:WARNING:
'catboost' is a soft dependency and not included in the pycaret installation. Please run: `pip install catboost` to install.
Alternately, you can install this by running `pip install pycaret[models]`
2026-01-29 13:25:07,977:INFO:Engine successfully changes for model 'en' to 'sklearn'.
2026-01-29 13:25:08,086:INFO:Engine for model 'svm' has not been set explicitly, hence returning None.
2026-01-29 13:25:08,134:INFO:Engine for model 'knn' has not been set explicitly, hence returning None.
2026-01-29 13:25:08,135:INFO:Soft dependency imported: xgboost: 3.1.3
2026-01-29 13:25:08,137:WARNING:
'catboost' is a soft dependency and not included in the pycaret installation. Please run: `pip install catboost` to install.
Alternately, you can install this by running `pip install pycaret[models]`
2026-01-29 13:25:08,254:INFO:Engine for model 'svm' has not been set explicitly, hence returning None.
2026-01-29 13:25:08,320:INFO:Engine for model 'knn' has not been set explicitly, hence returning None.
2026-01-29 13:25:08,321:INFO:Soft dependency imported: xgboost: 3.1.3
2026-01-29 13:25:08,323:WARNING:
'catboost' is a soft dependency and not included in the pycaret installation. Please run: `pip install catboost` to install.
Alternately, you can install this by running `pip install pycaret[models]`
2026-01-29 13:25:08,323:INFO:Engine successfully changes for model 'knn' to 'sklearn'.
2026-01-29 13:25:08,582:INFO:Engine for model 'svm' has not been set explicitly, hence returning None.
2026-01-29 13:25:08,629:INFO:Soft dependency imported: xgboost: 3.1.3
2026-01-29 13:25:08,632:WARNING:
'catboost' is a soft dependency and not included in the pycaret installation. Please run: `pip install catboost` to install.
Alternately, you can install this by running `pip install pycaret[models]`
2026-01-29 13:25:08,737:INFO:Engine for model 'svm' has not been set explicitly, hence returning None.
2026-01-29 13:25:08,782:INFO:Soft dependency imported: xgboost: 3.1.3
2026-01-29 13:25:08,784:WARNING:
'catboost' is a soft dependency and not included in the pycaret installation. Please run: `pip install catboost` to install.
Alternately, you can install this by running `pip install pycaret[models]`
2026-01-29 13:25:08,784:INFO:Engine successfully changes for model 'svm' to 'sklearn'.
2026-01-29 13:25:08,925:INFO:Soft dependency imported: xgboost: 3.1.3
2026-01-29 13:25:08,928:WARNING:
'catboost' is a soft dependency and not included in the pycaret installation. Please run: `pip install catboost` to install.
Alternately, you can install this by running `pip install pycaret[models]`
2026-01-29 13:25:09,069:INFO:Soft dependency imported: xgboost: 3.1.3
2026-01-29 13:25:09,071:WARNING:
'catboost' is a soft dependency and not included in the pycaret installation. Please run: `pip install catboost` to install.
Alternately, you can install this by running `pip install pycaret[models]`
2026-01-29 13:25:09,072:INFO:Preparing preprocessing pipeline...
2026-01-29 13:25:09,072:INFO:Set up simple imputation.
2026-01-29 13:25:09,072:INFO:Set up removing multicollinearity.
2026-01-29 13:25:09,080:INFO:Set up column name cleaning.
2026-01-29 13:25:09,793:INFO:Finished creating preprocessing pipeline.
2026-01-29 13:25:09,802:INFO:Pipeline: Pipeline(memory=FastMemory(location=/tmp/joblib),
         steps=[('numerical_imputer',
                 TransformerWrapper(include=['selected_by_percent', 'value',
                                             'transfers_in', 'transfers_out',
                                             'selected', 'ownership_change',
                                             'percenatge_net_transfers',
                                             'cbitr_volume_90', 'cbitr_ewm_90',
                                             'cbitr_ewm_probability',
                                             'cbitr_probability', 'elo',
                                             'team_h_difficulty',
                                             'team_a_difficulty', 'win...
                                             'pts_bonus_rolling_1', ...],
                                    transformer=SimpleImputer())),
                ('categorical_imputer',
                 TransformerWrapper(include=[],
                                    transformer=SimpleImputer(strategy='most_frequent'))),
                ('remove_multicollinearity',
                 TransformerWrapper(exclude=[],
                                    transformer=RemoveMulticollinearity(threshold=0.9))),
                ('clean_column_names',
                 TransformerWrapper(transformer=CleanColumnNames()))])
2026-01-29 13:25:09,803:INFO:Creating final display dataframe.
2026-01-29 13:25:10,617:INFO:Setup _display_container:                     Description             Value
0                    Session id                42
1                        Target                xP
2                   Target type        Regression
3           Original data shape       (1154, 342)
4        Transformed data shape       (1154, 129)
5   Transformed train set shape        (923, 129)
6    Transformed test set shape        (231, 129)
7              Numeric features               340
8                    Preprocess              True
9               Imputation type            simple
10           Numeric imputation              mean
11       Categorical imputation              mode
12     Remove multicollinearity              True
13  Multicollinearity threshold               0.9
14               Fold Generator             KFold
15                  Fold Number                10
16                     CPU Jobs                -1
17                      Use GPU             False
18               Log Experiment             False
19              Experiment Name  reg-default-name
20                          USI              4660
2026-01-29 13:25:10,793:INFO:Soft dependency imported: xgboost: 3.1.3
2026-01-29 13:25:10,795:WARNING:
'catboost' is a soft dependency and not included in the pycaret installation. Please run: `pip install catboost` to install.
Alternately, you can install this by running `pip install pycaret[models]`
2026-01-29 13:25:10,945:INFO:Soft dependency imported: xgboost: 3.1.3
2026-01-29 13:25:10,947:WARNING:
'catboost' is a soft dependency and not included in the pycaret installation. Please run: `pip install catboost` to install.
Alternately, you can install this by running `pip install pycaret[models]`
2026-01-29 13:25:10,948:INFO:setup() successfully completed in 4.66s...............
2026-01-29 13:25:10,948:INFO:gpu_param set to False
2026-01-29 13:25:11,093:INFO:Soft dependency imported: xgboost: 3.1.3
2026-01-29 13:25:11,095:WARNING:
'catboost' is a soft dependency and not included in the pycaret installation. Please run: `pip install catboost` to install.
Alternately, you can install this by running `pip install pycaret[models]`
2026-01-29 13:25:11,242:INFO:Soft dependency imported: xgboost: 3.1.3
2026-01-29 13:25:11,246:WARNING:
'catboost' is a soft dependency and not included in the pycaret installation. Please run: `pip install catboost` to install.
Alternately, you can install this by running `pip install pycaret[models]`
2026-01-29 13:25:11,247:INFO:Initializing compare_models()
2026-01-29 13:25:11,248:INFO:compare_models(self=<pycaret.regression.oop.RegressionExperiment object at 0x7f0a243180d0>, include=None, fold=None, round=4, cross_validation=True, sort=MAE, n_select=1, budget_time=None, turbo=True, errors=ignore, fit_kwargs=None, groups=None, experiment_custom_tags=None, probability_threshold=None, verbose=True, parallel=None, caller_params={'self': <pycaret.regression.oop.RegressionExperiment object at 0x7f0a243180d0>, 'include': None, 'exclude': None, 'fold': None, 'round': 4, 'cross_validation': True, 'sort': 'MAE', 'n_select': 1, 'budget_time': None, 'turbo': True, 'errors': 'ignore', 'fit_kwargs': None, 'groups': None, 'experiment_custom_tags': None, 'engine': None, 'verbose': True, 'parallel': None, '__class__': <class 'pycaret.regression.oop.RegressionExperiment'>}, exclude=None)
2026-01-29 13:25:11,248:INFO:Checking exceptions
2026-01-29 13:25:11,270:INFO:Preparing display monitor
2026-01-29 13:25:11,317:INFO:Initializing Linear Regression
2026-01-29 13:25:11,317:INFO:Total runtime is 2.924601236979167e-06 minutes
2026-01-29 13:25:11,330:INFO:SubProcess create_model() called ==================================
2026-01-29 13:25:11,331:INFO:Initializing create_model()
2026-01-29 13:25:11,331:INFO:create_model(self=<pycaret.regression.oop.RegressionExperiment object at 0x7f0a243180d0>, estimator=lr, fold=KFold(n_splits=10, random_state=None, shuffle=False), round=4, cross_validation=True, predict=True, fit_kwargs={}, groups=None, refit=False, probability_threshold=None, experiment_custom_tags=None, verbose=False, system=False, add_to_model_list=True, metrics=None, display=<pycaret.internal.display.display.CommonDisplay object at 0x7f0a14188820>, model_only=True, return_train_score=False, error_score=0.0, kwargs={})
2026-01-29 13:25:11,332:INFO:Checking exceptions
2026-01-29 13:25:11,332:INFO:Importing libraries
2026-01-29 13:25:11,332:INFO:Copying training dataset
2026-01-29 13:25:11,439:INFO:Defining folds
2026-01-29 13:25:11,439:INFO:Declaring metric variables
2026-01-29 13:25:11,448:INFO:Importing untrained model
2026-01-29 13:25:11,458:INFO:Linear Regression Imported successfully
2026-01-29 13:25:11,484:INFO:Starting cross validation
2026-01-29 13:25:11,491:INFO:Cross validating with KFold(n_splits=10, random_state=None, shuffle=False), n_jobs=-1
2026-01-29 13:25:14,865:WARNING:/home/ilyandho/.local/share/mamba/envs/pycaret/lib/python3.10/site-packages/_distutils_hack/__init__.py:30: UserWarning: Setuptools is replacing distutils. Support for replacing an already imported distutils is deprecated. In the future, this condition will fail. Register concerns at https://github.com/pypa/setuptools/issues/new?template=distutils-deprecation.yml
  warnings.warn(

2026-01-29 13:25:15,153:WARNING:/home/ilyandho/.local/share/mamba/envs/pycaret/lib/python3.10/site-packages/_distutils_hack/__init__.py:30: UserWarning: Setuptools is replacing distutils. Support for replacing an already imported distutils is deprecated. In the future, this condition will fail. Register concerns at https://github.com/pypa/setuptools/issues/new?template=distutils-deprecation.yml
  warnings.warn(

2026-01-29 13:25:15,214:WARNING:/home/ilyandho/.local/share/mamba/envs/pycaret/lib/python3.10/site-packages/_distutils_hack/__init__.py:30: UserWarning: Setuptools is replacing distutils. Support for replacing an already imported distutils is deprecated. In the future, this condition will fail. Register concerns at https://github.com/pypa/setuptools/issues/new?template=distutils-deprecation.yml
  warnings.warn(

2026-01-29 13:25:15,422:WARNING:/home/ilyandho/.local/share/mamba/envs/pycaret/lib/python3.10/site-packages/_distutils_hack/__init__.py:30: UserWarning: Setuptools is replacing distutils. Support for replacing an already imported distutils is deprecated. In the future, this condition will fail. Register concerns at https://github.com/pypa/setuptools/issues/new?template=distutils-deprecation.yml
  warnings.warn(

2026-01-29 13:25:18,345:INFO:Calculating mean and std
2026-01-29 13:25:18,348:INFO:Creating metrics dataframe
2026-01-29 13:25:18,352:INFO:Uploading results into container
2026-01-29 13:25:18,353:INFO:Uploading model into container now
2026-01-29 13:25:18,354:INFO:_master_model_container: 1
2026-01-29 13:25:18,354:INFO:_display_container: 2
2026-01-29 13:25:18,355:INFO:LinearRegression(n_jobs=-1)
2026-01-29 13:25:18,355:INFO:create_model() successfully completed......................................
2026-01-29 13:25:18,621:INFO:SubProcess create_model() end ==================================
2026-01-29 13:25:18,621:INFO:Creating metrics dataframe
2026-01-29 13:25:18,635:INFO:Initializing Lasso Regression
2026-01-29 13:25:18,635:INFO:Total runtime is 0.12197325229644776 minutes
2026-01-29 13:25:18,646:INFO:SubProcess create_model() called ==================================
2026-01-29 13:25:18,647:INFO:Initializing create_model()
2026-01-29 13:25:18,647:INFO:create_model(self=<pycaret.regression.oop.RegressionExperiment object at 0x7f0a243180d0>, estimator=lasso, fold=KFold(n_splits=10, random_state=None, shuffle=False), round=4, cross_validation=True, predict=True, fit_kwargs={}, groups=None, refit=False, probability_threshold=None, experiment_custom_tags=None, verbose=False, system=False, add_to_model_list=True, metrics=None, display=<pycaret.internal.display.display.CommonDisplay object at 0x7f0a14188820>, model_only=True, return_train_score=False, error_score=0.0, kwargs={})
2026-01-29 13:25:18,647:INFO:Checking exceptions
2026-01-29 13:25:18,647:INFO:Importing libraries
2026-01-29 13:25:18,647:INFO:Copying training dataset
2026-01-29 13:25:18,770:INFO:Defining folds
2026-01-29 13:25:18,771:INFO:Declaring metric variables
2026-01-29 13:25:18,782:INFO:Importing untrained model
2026-01-29 13:25:18,796:INFO:Lasso Regression Imported successfully
2026-01-29 13:25:18,828:INFO:Starting cross validation
2026-01-29 13:25:18,840:INFO:Cross validating with KFold(n_splits=10, random_state=None, shuffle=False), n_jobs=-1
2026-01-29 13:25:22,445:INFO:Calculating mean and std
2026-01-29 13:25:22,447:INFO:Creating metrics dataframe
2026-01-29 13:25:22,450:INFO:Uploading results into container
2026-01-29 13:25:22,451:INFO:Uploading model into container now
2026-01-29 13:25:22,452:INFO:_master_model_container: 2
2026-01-29 13:25:22,452:INFO:_display_container: 2
2026-01-29 13:25:22,453:INFO:Lasso(random_state=42)
2026-01-29 13:25:22,453:INFO:create_model() successfully completed......................................
2026-01-29 13:25:22,613:INFO:SubProcess create_model() end ==================================
2026-01-29 13:25:22,614:INFO:Creating metrics dataframe
2026-01-29 13:25:22,632:INFO:Initializing Ridge Regression
2026-01-29 13:25:22,632:INFO:Total runtime is 0.18858559926350912 minutes
2026-01-29 13:25:22,643:INFO:SubProcess create_model() called ==================================
2026-01-29 13:25:22,643:INFO:Initializing create_model()
2026-01-29 13:25:22,644:INFO:create_model(self=<pycaret.regression.oop.RegressionExperiment object at 0x7f0a243180d0>, estimator=ridge, fold=KFold(n_splits=10, random_state=None, shuffle=False), round=4, cross_validation=True, predict=True, fit_kwargs={}, groups=None, refit=False, probability_threshold=None, experiment_custom_tags=None, verbose=False, system=False, add_to_model_list=True, metrics=None, display=<pycaret.internal.display.display.CommonDisplay object at 0x7f0a14188820>, model_only=True, return_train_score=False, error_score=0.0, kwargs={})
2026-01-29 13:25:22,644:INFO:Checking exceptions
2026-01-29 13:25:22,644:INFO:Importing libraries
2026-01-29 13:25:22,644:INFO:Copying training dataset
2026-01-29 13:25:22,772:INFO:Defining folds
2026-01-29 13:25:22,772:INFO:Declaring metric variables
2026-01-29 13:25:22,786:INFO:Importing untrained model
2026-01-29 13:25:22,800:INFO:Ridge Regression Imported successfully
2026-01-29 13:25:22,827:INFO:Starting cross validation
2026-01-29 13:25:22,834:INFO:Cross validating with KFold(n_splits=10, random_state=None, shuffle=False), n_jobs=-1
2026-01-29 13:25:23,835:WARNING:/home/ilyandho/.local/share/mamba/envs/pycaret/lib/python3.10/site-packages/sklearn/linear_model/_ridge.py:204: LinAlgWarning: Ill-conditioned matrix (rcond=5.44975e-15): result may not be accurate.
  return linalg.solve(A, Xy, assume_a="pos", overwrite_a=True).T

2026-01-29 13:25:25,018:WARNING:/home/ilyandho/.local/share/mamba/envs/pycaret/lib/python3.10/site-packages/sklearn/linear_model/_ridge.py:204: LinAlgWarning: Ill-conditioned matrix (rcond=5.21191e-15): result may not be accurate.
  return linalg.solve(A, Xy, assume_a="pos", overwrite_a=True).T

2026-01-29 13:25:25,029:WARNING:/home/ilyandho/.local/share/mamba/envs/pycaret/lib/python3.10/site-packages/sklearn/linear_model/_ridge.py:204: LinAlgWarning: Ill-conditioned matrix (rcond=7.10649e-15): result may not be accurate.
  return linalg.solve(A, Xy, assume_a="pos", overwrite_a=True).T

2026-01-29 13:25:25,196:WARNING:/home/ilyandho/.local/share/mamba/envs/pycaret/lib/python3.10/site-packages/sklearn/linear_model/_ridge.py:204: LinAlgWarning: Ill-conditioned matrix (rcond=5.49056e-15): result may not be accurate.
  return linalg.solve(A, Xy, assume_a="pos", overwrite_a=True).T

2026-01-29 13:25:25,698:WARNING:/home/ilyandho/.local/share/mamba/envs/pycaret/lib/python3.10/site-packages/sklearn/linear_model/_ridge.py:204: LinAlgWarning: Ill-conditioned matrix (rcond=4.3233e-15): result may not be accurate.
  return linalg.solve(A, Xy, assume_a="pos", overwrite_a=True).T

2026-01-29 13:25:26,194:WARNING:/home/ilyandho/.local/share/mamba/envs/pycaret/lib/python3.10/site-packages/sklearn/linear_model/_ridge.py:204: LinAlgWarning: Ill-conditioned matrix (rcond=7.09549e-15): result may not be accurate.
  return linalg.solve(A, Xy, assume_a="pos", overwrite_a=True).T

2026-01-29 13:25:27,045:WARNING:/home/ilyandho/.local/share/mamba/envs/pycaret/lib/python3.10/site-packages/sklearn/linear_model/_ridge.py:204: LinAlgWarning: Ill-conditioned matrix (rcond=5.58106e-15): result may not be accurate.
  return linalg.solve(A, Xy, assume_a="pos", overwrite_a=True).T

2026-01-29 13:25:27,472:WARNING:/home/ilyandho/.local/share/mamba/envs/pycaret/lib/python3.10/site-packages/sklearn/linear_model/_ridge.py:204: LinAlgWarning: Ill-conditioned matrix (rcond=7.49569e-15): result may not be accurate.
  return linalg.solve(A, Xy, assume_a="pos", overwrite_a=True).T

2026-01-29 13:25:27,682:WARNING:/home/ilyandho/.local/share/mamba/envs/pycaret/lib/python3.10/site-packages/sklearn/linear_model/_ridge.py:204: LinAlgWarning: Ill-conditioned matrix (rcond=5.81579e-15): result may not be accurate.
  return linalg.solve(A, Xy, assume_a="pos", overwrite_a=True).T

2026-01-29 13:25:27,797:WARNING:/home/ilyandho/.local/share/mamba/envs/pycaret/lib/python3.10/site-packages/sklearn/linear_model/_ridge.py:204: LinAlgWarning: Ill-conditioned matrix (rcond=7.27511e-15): result may not be accurate.
  return linalg.solve(A, Xy, assume_a="pos", overwrite_a=True).T

2026-01-29 13:25:27,885:INFO:Calculating mean and std
2026-01-29 13:25:27,887:INFO:Creating metrics dataframe
2026-01-29 13:25:27,891:INFO:Uploading results into container
2026-01-29 13:25:27,892:INFO:Uploading model into container now
2026-01-29 13:25:27,894:INFO:_master_model_container: 3
2026-01-29 13:25:27,894:INFO:_display_container: 2
2026-01-29 13:25:27,894:INFO:Ridge(random_state=42)
2026-01-29 13:25:27,894:INFO:create_model() successfully completed......................................
2026-01-29 13:25:28,048:INFO:SubProcess create_model() end ==================================
2026-01-29 13:25:28,048:INFO:Creating metrics dataframe
2026-01-29 13:25:28,059:INFO:Initializing Elastic Net
2026-01-29 13:25:28,059:INFO:Total runtime is 0.2790333906809489 minutes
2026-01-29 13:25:28,067:INFO:SubProcess create_model() called ==================================
2026-01-29 13:25:28,067:INFO:Initializing create_model()
2026-01-29 13:25:28,067:INFO:create_model(self=<pycaret.regression.oop.RegressionExperiment object at 0x7f0a243180d0>, estimator=en, fold=KFold(n_splits=10, random_state=None, shuffle=False), round=4, cross_validation=True, predict=True, fit_kwargs={}, groups=None, refit=False, probability_threshold=None, experiment_custom_tags=None, verbose=False, system=False, add_to_model_list=True, metrics=None, display=<pycaret.internal.display.display.CommonDisplay object at 0x7f0a14188820>, model_only=True, return_train_score=False, error_score=0.0, kwargs={})
2026-01-29 13:25:28,068:INFO:Checking exceptions
2026-01-29 13:25:28,068:INFO:Importing libraries
2026-01-29 13:25:28,068:INFO:Copying training dataset
2026-01-29 13:25:28,165:INFO:Defining folds
2026-01-29 13:25:28,165:INFO:Declaring metric variables
2026-01-29 13:25:28,179:INFO:Importing untrained model
2026-01-29 13:25:28,191:INFO:Elastic Net Imported successfully
2026-01-29 13:25:28,211:INFO:Starting cross validation
2026-01-29 13:25:28,217:INFO:Cross validating with KFold(n_splits=10, random_state=None, shuffle=False), n_jobs=-1
2026-01-29 13:25:31,561:INFO:Calculating mean and std
2026-01-29 13:25:31,563:INFO:Creating metrics dataframe
2026-01-29 13:25:31,566:INFO:Uploading results into container
2026-01-29 13:25:31,567:INFO:Uploading model into container now
2026-01-29 13:25:31,568:INFO:_master_model_container: 4
2026-01-29 13:25:31,568:INFO:_display_container: 2
2026-01-29 13:25:31,570:INFO:ElasticNet(random_state=42)
2026-01-29 13:25:31,570:INFO:create_model() successfully completed......................................
2026-01-29 13:25:31,728:INFO:SubProcess create_model() end ==================================
2026-01-29 13:25:31,728:INFO:Creating metrics dataframe
2026-01-29 13:25:31,740:INFO:Initializing Least Angle Regression
2026-01-29 13:25:31,741:INFO:Total runtime is 0.34039640029271445 minutes
2026-01-29 13:25:31,749:INFO:SubProcess create_model() called ==================================
2026-01-29 13:25:31,749:INFO:Initializing create_model()
2026-01-29 13:25:31,750:INFO:create_model(self=<pycaret.regression.oop.RegressionExperiment object at 0x7f0a243180d0>, estimator=lar, fold=KFold(n_splits=10, random_state=None, shuffle=False), round=4, cross_validation=True, predict=True, fit_kwargs={}, groups=None, refit=False, probability_threshold=None, experiment_custom_tags=None, verbose=False, system=False, add_to_model_list=True, metrics=None, display=<pycaret.internal.display.display.CommonDisplay object at 0x7f0a14188820>, model_only=True, return_train_score=False, error_score=0.0, kwargs={})
2026-01-29 13:25:31,750:INFO:Checking exceptions
2026-01-29 13:25:31,750:INFO:Importing libraries
2026-01-29 13:25:31,751:INFO:Copying training dataset
2026-01-29 13:25:31,841:INFO:Defining folds
2026-01-29 13:25:31,842:INFO:Declaring metric variables
2026-01-29 13:25:31,850:INFO:Importing untrained model
2026-01-29 13:25:31,859:INFO:Least Angle Regression Imported successfully
2026-01-29 13:25:31,882:INFO:Starting cross validation
2026-01-29 13:25:31,887:INFO:Cross validating with KFold(n_splits=10, random_state=None, shuffle=False), n_jobs=-1
2026-01-29 13:25:33,228:WARNING:/home/ilyandho/.local/share/mamba/envs/pycaret/lib/python3.10/site-packages/sklearn/linear_model/_least_angle.py:775: RuntimeWarning: overflow encountered in divide
  g2 = arrayfuncs.min_pos((C + Cov) / (AA + corr_eq_dir + tiny32))

2026-01-29 13:25:33,229:WARNING:/home/ilyandho/.local/share/mamba/envs/pycaret/lib/python3.10/site-packages/sklearn/linear_model/_least_angle.py:812: RuntimeWarning: overflow encountered in multiply
  coef[active] = prev_coef[active] + gamma_ * least_squares

2026-01-29 13:25:33,229:WARNING:/home/ilyandho/.local/share/mamba/envs/pycaret/lib/python3.10/site-packages/sklearn/linear_model/_least_angle.py:771: RuntimeWarning: overflow encountered in divide
  g1 = arrayfuncs.min_pos((C - Cov) / (AA - corr_eq_dir + tiny32))

2026-01-29 13:25:33,231:WARNING:/home/ilyandho/.local/share/mamba/envs/pycaret/lib/python3.10/site-packages/sklearn/linear_model/_least_angle.py:780: RuntimeWarning: overflow encountered in divide
  z = -coef[active] / (least_squares + tiny32)

2026-01-29 13:25:33,232:WARNING:/home/ilyandho/.local/share/mamba/envs/pycaret/lib/python3.10/site-packages/sklearn/linear_model/_least_angle.py:812: RuntimeWarning: overflow encountered in cast
  coef[active] = prev_coef[active] + gamma_ * least_squares

2026-01-29 13:25:33,437:WARNING:/home/ilyandho/.local/share/mamba/envs/pycaret/lib/python3.10/site-packages/sklearn/utils/extmath.py:208: RuntimeWarning: overflow encountered in matmul
  ret = a @ b

2026-01-29 13:25:33,442:WARNING:/home/ilyandho/.local/share/mamba/envs/pycaret/lib/python3.10/site-packages/sklearn/utils/extmath.py:208: RuntimeWarning: invalid value encountered in matmul
  ret = a @ b

2026-01-29 13:25:33,461:WARNING:/home/ilyandho/.local/share/mamba/envs/pycaret/lib/python3.10/site-packages/pycaret/internal/metrics.py:204: FitFailedWarning: Metric 'make_scorer(root_mean_squared_log_error, greater_is_better=False, response_method='predict')' failed and error score 0.0 has been returned instead. If this is a custom metric, this usually means that the error is in the metric code. Full exception below:
Traceback (most recent call last):
  File "/home/ilyandho/.local/share/mamba/envs/pycaret/lib/python3.10/site-packages/pycaret/internal/metrics.py", line 196, in _score
    return super()._score(
  File "/home/ilyandho/.local/share/mamba/envs/pycaret/lib/python3.10/site-packages/sklearn/metrics/_scorer.py", line 350, in _score
    return self._sign * self._score_func(y_true, y_pred, **scoring_kwargs)
  File "/home/ilyandho/.local/share/mamba/envs/pycaret/lib/python3.10/site-packages/pycaret/containers/metrics/regression.py", line 209, in root_mean_squared_log_error
    metrics.mean_squared_log_error(
  File "/home/ilyandho/.local/share/mamba/envs/pycaret/lib/python3.10/site-packages/sklearn/utils/_param_validation.py", line 213, in wrapper
    return func(*args, **kwargs)
  File "/home/ilyandho/.local/share/mamba/envs/pycaret/lib/python3.10/site-packages/sklearn/metrics/_regression.py", line 680, in mean_squared_log_error
    y_type, y_true, y_pred, multioutput = _check_reg_targets(
  File "/home/ilyandho/.local/share/mamba/envs/pycaret/lib/python3.10/site-packages/sklearn/metrics/_regression.py", line 104, in _check_reg_targets
    y_pred = check_array(y_pred, ensure_2d=False, dtype=dtype)
  File "/home/ilyandho/.local/share/mamba/envs/pycaret/lib/python3.10/site-packages/sklearn/utils/validation.py", line 1049, in check_array
    _assert_all_finite(
  File "/home/ilyandho/.local/share/mamba/envs/pycaret/lib/python3.10/site-packages/sklearn/utils/validation.py", line 126, in _assert_all_finite
    _assert_all_finite_element_wise(
  File "/home/ilyandho/.local/share/mamba/envs/pycaret/lib/python3.10/site-packages/sklearn/utils/validation.py", line 175, in _assert_all_finite_element_wise
    raise ValueError(msg_err)
ValueError: Input contains NaN.

  warnings.warn(

2026-01-29 13:25:33,462:WARNING:/home/ilyandho/.local/share/mamba/envs/pycaret/lib/python3.10/site-packages/pycaret/internal/metrics.py:204: FitFailedWarning: Metric 'make_scorer(mean_absolute_percentage_error, greater_is_better=False, response_method='predict')' failed and error score 0.0 has been returned instead. If this is a custom metric, this usually means that the error is in the metric code. Full exception below:
Traceback (most recent call last):
  File "/home/ilyandho/.local/share/mamba/envs/pycaret/lib/python3.10/site-packages/pycaret/internal/metrics.py", line 196, in _score
    return super()._score(
  File "/home/ilyandho/.local/share/mamba/envs/pycaret/lib/python3.10/site-packages/sklearn/metrics/_scorer.py", line 350, in _score
    return self._sign * self._score_func(y_true, y_pred, **scoring_kwargs)
  File "/home/ilyandho/.local/share/mamba/envs/pycaret/lib/python3.10/site-packages/pycaret/containers/metrics/regression.py", line 233, in mean_absolute_percentage_error
    y_type, y_true, y_pred, multioutput = _check_reg_targets(
  File "/home/ilyandho/.local/share/mamba/envs/pycaret/lib/python3.10/site-packages/sklearn/metrics/_regression.py", line 104, in _check_reg_targets
    y_pred = check_array(y_pred, ensure_2d=False, dtype=dtype)
  File "/home/ilyandho/.local/share/mamba/envs/pycaret/lib/python3.10/site-packages/sklearn/utils/validation.py", line 1049, in check_array
    _assert_all_finite(
  File "/home/ilyandho/.local/share/mamba/envs/pycaret/lib/python3.10/site-packages/sklearn/utils/validation.py", line 126, in _assert_all_finite
    _assert_all_finite_element_wise(
  File "/home/ilyandho/.local/share/mamba/envs/pycaret/lib/python3.10/site-packages/sklearn/utils/validation.py", line 175, in _assert_all_finite_element_wise
    raise ValueError(msg_err)
ValueError: Input contains NaN.

  warnings.warn(

2026-01-29 13:25:33,462:WARNING:/home/ilyandho/.local/share/mamba/envs/pycaret/lib/python3.10/site-packages/sklearn/model_selection/_validation.py:1011: UserWarning: Scoring failed. The score on this train-test partition for these parameters will be set to 0.0. Details: 
Traceback (most recent call last):
  File "/home/ilyandho/.local/share/mamba/envs/pycaret/lib/python3.10/site-packages/sklearn/metrics/_scorer.py", line 137, in __call__
    score = scorer._score(
  File "/home/ilyandho/.local/share/mamba/envs/pycaret/lib/python3.10/site-packages/sklearn/metrics/_scorer.py", line 350, in _score
    return self._sign * self._score_func(y_true, y_pred, **scoring_kwargs)
  File "/home/ilyandho/.local/share/mamba/envs/pycaret/lib/python3.10/site-packages/sklearn/utils/_param_validation.py", line 213, in wrapper
    return func(*args, **kwargs)
  File "/home/ilyandho/.local/share/mamba/envs/pycaret/lib/python3.10/site-packages/sklearn/metrics/_regression.py", line 207, in mean_absolute_error
    y_type, y_true, y_pred, multioutput = _check_reg_targets(
  File "/home/ilyandho/.local/share/mamba/envs/pycaret/lib/python3.10/site-packages/sklearn/metrics/_regression.py", line 104, in _check_reg_targets
    y_pred = check_array(y_pred, ensure_2d=False, dtype=dtype)
  File "/home/ilyandho/.local/share/mamba/envs/pycaret/lib/python3.10/site-packages/sklearn/utils/validation.py", line 1049, in check_array
    _assert_all_finite(
  File "/home/ilyandho/.local/share/mamba/envs/pycaret/lib/python3.10/site-packages/sklearn/utils/validation.py", line 126, in _assert_all_finite
    _assert_all_finite_element_wise(
  File "/home/ilyandho/.local/share/mamba/envs/pycaret/lib/python3.10/site-packages/sklearn/utils/validation.py", line 175, in _assert_all_finite_element_wise
    raise ValueError(msg_err)
ValueError: Input contains NaN.

  warnings.warn(

2026-01-29 13:25:33,462:WARNING:/home/ilyandho/.local/share/mamba/envs/pycaret/lib/python3.10/site-packages/sklearn/model_selection/_validation.py:1011: UserWarning: Scoring failed. The score on this train-test partition for these parameters will be set to 0.0. Details: 
Traceback (most recent call last):
  File "/home/ilyandho/.local/share/mamba/envs/pycaret/lib/python3.10/site-packages/sklearn/metrics/_scorer.py", line 137, in __call__
    score = scorer._score(
  File "/home/ilyandho/.local/share/mamba/envs/pycaret/lib/python3.10/site-packages/sklearn/metrics/_scorer.py", line 350, in _score
    return self._sign * self._score_func(y_true, y_pred, **scoring_kwargs)
  File "/home/ilyandho/.local/share/mamba/envs/pycaret/lib/python3.10/site-packages/sklearn/utils/_param_validation.py", line 213, in wrapper
    return func(*args, **kwargs)
  File "/home/ilyandho/.local/share/mamba/envs/pycaret/lib/python3.10/site-packages/sklearn/metrics/_regression.py", line 497, in mean_squared_error
    y_type, y_true, y_pred, multioutput = _check_reg_targets(
  File "/home/ilyandho/.local/share/mamba/envs/pycaret/lib/python3.10/site-packages/sklearn/metrics/_regression.py", line 104, in _check_reg_targets
    y_pred = check_array(y_pred, ensure_2d=False, dtype=dtype)
  File "/home/ilyandho/.local/share/mamba/envs/pycaret/lib/python3.10/site-packages/sklearn/utils/validation.py", line 1049, in check_array
    _assert_all_finite(
  File "/home/ilyandho/.local/share/mamba/envs/pycaret/lib/python3.10/site-packages/sklearn/utils/validation.py", line 126, in _assert_all_finite
    _assert_all_finite_element_wise(
  File "/home/ilyandho/.local/share/mamba/envs/pycaret/lib/python3.10/site-packages/sklearn/utils/validation.py", line 175, in _assert_all_finite_element_wise
    raise ValueError(msg_err)
ValueError: Input contains NaN.

  warnings.warn(

2026-01-29 13:25:33,463:WARNING:/home/ilyandho/.local/share/mamba/envs/pycaret/lib/python3.10/site-packages/sklearn/model_selection/_validation.py:1011: UserWarning: Scoring failed. The score on this train-test partition for these parameters will be set to 0.0. Details: 
Traceback (most recent call last):
  File "/home/ilyandho/.local/share/mamba/envs/pycaret/lib/python3.10/site-packages/sklearn/metrics/_scorer.py", line 137, in __call__
    score = scorer._score(
  File "/home/ilyandho/.local/share/mamba/envs/pycaret/lib/python3.10/site-packages/sklearn/metrics/_scorer.py", line 350, in _score
    return self._sign * self._score_func(y_true, y_pred, **scoring_kwargs)
  File "/home/ilyandho/.local/share/mamba/envs/pycaret/lib/python3.10/site-packages/sklearn/utils/_param_validation.py", line 213, in wrapper
    return func(*args, **kwargs)
  File "/home/ilyandho/.local/share/mamba/envs/pycaret/lib/python3.10/site-packages/sklearn/metrics/_regression.py", line 572, in root_mean_squared_error
    mean_squared_error(
  File "/home/ilyandho/.local/share/mamba/envs/pycaret/lib/python3.10/site-packages/sklearn/utils/_param_validation.py", line 186, in wrapper
    return func(*args, **kwargs)
  File "/home/ilyandho/.local/share/mamba/envs/pycaret/lib/python3.10/site-packages/sklearn/metrics/_regression.py", line 497, in mean_squared_error
    y_type, y_true, y_pred, multioutput = _check_reg_targets(
  File "/home/ilyandho/.local/share/mamba/envs/pycaret/lib/python3.10/site-packages/sklearn/metrics/_regression.py", line 104, in _check_reg_targets
    y_pred = check_array(y_pred, ensure_2d=False, dtype=dtype)
  File "/home/ilyandho/.local/share/mamba/envs/pycaret/lib/python3.10/site-packages/sklearn/utils/validation.py", line 1049, in check_array
    _assert_all_finite(
  File "/home/ilyandho/.local/share/mamba/envs/pycaret/lib/python3.10/site-packages/sklearn/utils/validation.py", line 126, in _assert_all_finite
    _assert_all_finite_element_wise(
  File "/home/ilyandho/.local/share/mamba/envs/pycaret/lib/python3.10/site-packages/sklearn/utils/validation.py", line 175, in _assert_all_finite_element_wise
    raise ValueError(msg_err)
ValueError: Input contains NaN.

  warnings.warn(

2026-01-29 13:25:33,463:WARNING:/home/ilyandho/.local/share/mamba/envs/pycaret/lib/python3.10/site-packages/sklearn/model_selection/_validation.py:1011: UserWarning: Scoring failed. The score on this train-test partition for these parameters will be set to 0.0. Details: 
Traceback (most recent call last):
  File "/home/ilyandho/.local/share/mamba/envs/pycaret/lib/python3.10/site-packages/sklearn/metrics/_scorer.py", line 137, in __call__
    score = scorer._score(
  File "/home/ilyandho/.local/share/mamba/envs/pycaret/lib/python3.10/site-packages/sklearn/metrics/_scorer.py", line 350, in _score
    return self._sign * self._score_func(y_true, y_pred, **scoring_kwargs)
  File "/home/ilyandho/.local/share/mamba/envs/pycaret/lib/python3.10/site-packages/sklearn/utils/_param_validation.py", line 213, in wrapper
    return func(*args, **kwargs)
  File "/home/ilyandho/.local/share/mamba/envs/pycaret/lib/python3.10/site-packages/sklearn/metrics/_regression.py", line 1180, in r2_score
    y_type, y_true, y_pred, multioutput = _check_reg_targets(
  File "/home/ilyandho/.local/share/mamba/envs/pycaret/lib/python3.10/site-packages/sklearn/metrics/_regression.py", line 104, in _check_reg_targets
    y_pred = check_array(y_pred, ensure_2d=False, dtype=dtype)
  File "/home/ilyandho/.local/share/mamba/envs/pycaret/lib/python3.10/site-packages/sklearn/utils/validation.py", line 1049, in check_array
    _assert_all_finite(
  File "/home/ilyandho/.local/share/mamba/envs/pycaret/lib/python3.10/site-packages/sklearn/utils/validation.py", line 126, in _assert_all_finite
    _assert_all_finite_element_wise(
  File "/home/ilyandho/.local/share/mamba/envs/pycaret/lib/python3.10/site-packages/sklearn/utils/validation.py", line 175, in _assert_all_finite_element_wise
    raise ValueError(msg_err)
ValueError: Input contains NaN.

  warnings.warn(

2026-01-29 13:25:35,218:WARNING:/home/ilyandho/.local/share/mamba/envs/pycaret/lib/python3.10/site-packages/sklearn/linear_model/_least_angle.py:812: RuntimeWarning: overflow encountered in add
  coef[active] = prev_coef[active] + gamma_ * least_squares

2026-01-29 13:25:35,219:WARNING:/home/ilyandho/.local/share/mamba/envs/pycaret/lib/python3.10/site-packages/sklearn/linear_model/_least_angle.py:812: RuntimeWarning: overflow encountered in multiply
  coef[active] = prev_coef[active] + gamma_ * least_squares

2026-01-29 13:25:35,220:WARNING:/home/ilyandho/.local/share/mamba/envs/pycaret/lib/python3.10/site-packages/sklearn/linear_model/_least_angle.py:775: RuntimeWarning: overflow encountered in divide
  g2 = arrayfuncs.min_pos((C + Cov) / (AA + corr_eq_dir + tiny32))

2026-01-29 13:25:35,220:WARNING:/home/ilyandho/.local/share/mamba/envs/pycaret/lib/python3.10/site-packages/sklearn/linear_model/_least_angle.py:771: RuntimeWarning: overflow encountered in divide
  g1 = arrayfuncs.min_pos((C - Cov) / (AA - corr_eq_dir + tiny32))

2026-01-29 13:25:35,221:WARNING:/home/ilyandho/.local/share/mamba/envs/pycaret/lib/python3.10/site-packages/sklearn/linear_model/_least_angle.py:780: RuntimeWarning: overflow encountered in divide
  z = -coef[active] / (least_squares + tiny32)

2026-01-29 13:25:35,326:WARNING:/home/ilyandho/.local/share/mamba/envs/pycaret/lib/python3.10/site-packages/sklearn/utils/extmath.py:208: RuntimeWarning: overflow encountered in matmul
  ret = a @ b

2026-01-29 13:25:35,326:WARNING:/home/ilyandho/.local/share/mamba/envs/pycaret/lib/python3.10/site-packages/sklearn/utils/extmath.py:208: RuntimeWarning: invalid value encountered in matmul
  ret = a @ b

2026-01-29 13:25:35,330:WARNING:/home/ilyandho/.local/share/mamba/envs/pycaret/lib/python3.10/site-packages/pycaret/internal/metrics.py:204: FitFailedWarning: Metric 'make_scorer(root_mean_squared_log_error, greater_is_better=False, response_method='predict')' failed and error score 0.0 has been returned instead. If this is a custom metric, this usually means that the error is in the metric code. Full exception below:
Traceback (most recent call last):
  File "/home/ilyandho/.local/share/mamba/envs/pycaret/lib/python3.10/site-packages/pycaret/internal/metrics.py", line 196, in _score
    return super()._score(
  File "/home/ilyandho/.local/share/mamba/envs/pycaret/lib/python3.10/site-packages/sklearn/metrics/_scorer.py", line 350, in _score
    return self._sign * self._score_func(y_true, y_pred, **scoring_kwargs)
  File "/home/ilyandho/.local/share/mamba/envs/pycaret/lib/python3.10/site-packages/pycaret/containers/metrics/regression.py", line 209, in root_mean_squared_log_error
    metrics.mean_squared_log_error(
  File "/home/ilyandho/.local/share/mamba/envs/pycaret/lib/python3.10/site-packages/sklearn/utils/_param_validation.py", line 213, in wrapper
    return func(*args, **kwargs)
  File "/home/ilyandho/.local/share/mamba/envs/pycaret/lib/python3.10/site-packages/sklearn/metrics/_regression.py", line 680, in mean_squared_log_error
    y_type, y_true, y_pred, multioutput = _check_reg_targets(
  File "/home/ilyandho/.local/share/mamba/envs/pycaret/lib/python3.10/site-packages/sklearn/metrics/_regression.py", line 104, in _check_reg_targets
    y_pred = check_array(y_pred, ensure_2d=False, dtype=dtype)
  File "/home/ilyandho/.local/share/mamba/envs/pycaret/lib/python3.10/site-packages/sklearn/utils/validation.py", line 1049, in check_array
    _assert_all_finite(
  File "/home/ilyandho/.local/share/mamba/envs/pycaret/lib/python3.10/site-packages/sklearn/utils/validation.py", line 126, in _assert_all_finite
    _assert_all_finite_element_wise(
  File "/home/ilyandho/.local/share/mamba/envs/pycaret/lib/python3.10/site-packages/sklearn/utils/validation.py", line 175, in _assert_all_finite_element_wise
    raise ValueError(msg_err)
ValueError: Input contains NaN.

  warnings.warn(

2026-01-29 13:25:35,330:WARNING:/home/ilyandho/.local/share/mamba/envs/pycaret/lib/python3.10/site-packages/pycaret/internal/metrics.py:204: FitFailedWarning: Metric 'make_scorer(mean_absolute_percentage_error, greater_is_better=False, response_method='predict')' failed and error score 0.0 has been returned instead. If this is a custom metric, this usually means that the error is in the metric code. Full exception below:
Traceback (most recent call last):
  File "/home/ilyandho/.local/share/mamba/envs/pycaret/lib/python3.10/site-packages/pycaret/internal/metrics.py", line 196, in _score
    return super()._score(
  File "/home/ilyandho/.local/share/mamba/envs/pycaret/lib/python3.10/site-packages/sklearn/metrics/_scorer.py", line 350, in _score
    return self._sign * self._score_func(y_true, y_pred, **scoring_kwargs)
  File "/home/ilyandho/.local/share/mamba/envs/pycaret/lib/python3.10/site-packages/pycaret/containers/metrics/regression.py", line 233, in mean_absolute_percentage_error
    y_type, y_true, y_pred, multioutput = _check_reg_targets(
  File "/home/ilyandho/.local/share/mamba/envs/pycaret/lib/python3.10/site-packages/sklearn/metrics/_regression.py", line 104, in _check_reg_targets
    y_pred = check_array(y_pred, ensure_2d=False, dtype=dtype)
  File "/home/ilyandho/.local/share/mamba/envs/pycaret/lib/python3.10/site-packages/sklearn/utils/validation.py", line 1049, in check_array
    _assert_all_finite(
  File "/home/ilyandho/.local/share/mamba/envs/pycaret/lib/python3.10/site-packages/sklearn/utils/validation.py", line 126, in _assert_all_finite
    _assert_all_finite_element_wise(
  File "/home/ilyandho/.local/share/mamba/envs/pycaret/lib/python3.10/site-packages/sklearn/utils/validation.py", line 175, in _assert_all_finite_element_wise
    raise ValueError(msg_err)
ValueError: Input contains NaN.

  warnings.warn(

2026-01-29 13:25:35,331:WARNING:/home/ilyandho/.local/share/mamba/envs/pycaret/lib/python3.10/site-packages/sklearn/model_selection/_validation.py:1011: UserWarning: Scoring failed. The score on this train-test partition for these parameters will be set to 0.0. Details: 
Traceback (most recent call last):
  File "/home/ilyandho/.local/share/mamba/envs/pycaret/lib/python3.10/site-packages/sklearn/metrics/_scorer.py", line 137, in __call__
    score = scorer._score(
  File "/home/ilyandho/.local/share/mamba/envs/pycaret/lib/python3.10/site-packages/sklearn/metrics/_scorer.py", line 350, in _score
    return self._sign * self._score_func(y_true, y_pred, **scoring_kwargs)
  File "/home/ilyandho/.local/share/mamba/envs/pycaret/lib/python3.10/site-packages/sklearn/utils/_param_validation.py", line 213, in wrapper
    return func(*args, **kwargs)
  File "/home/ilyandho/.local/share/mamba/envs/pycaret/lib/python3.10/site-packages/sklearn/metrics/_regression.py", line 207, in mean_absolute_error
    y_type, y_true, y_pred, multioutput = _check_reg_targets(
  File "/home/ilyandho/.local/share/mamba/envs/pycaret/lib/python3.10/site-packages/sklearn/metrics/_regression.py", line 104, in _check_reg_targets
    y_pred = check_array(y_pred, ensure_2d=False, dtype=dtype)
  File "/home/ilyandho/.local/share/mamba/envs/pycaret/lib/python3.10/site-packages/sklearn/utils/validation.py", line 1049, in check_array
    _assert_all_finite(
  File "/home/ilyandho/.local/share/mamba/envs/pycaret/lib/python3.10/site-packages/sklearn/utils/validation.py", line 126, in _assert_all_finite
    _assert_all_finite_element_wise(
  File "/home/ilyandho/.local/share/mamba/envs/pycaret/lib/python3.10/site-packages/sklearn/utils/validation.py", line 175, in _assert_all_finite_element_wise
    raise ValueError(msg_err)
ValueError: Input contains NaN.

  warnings.warn(

2026-01-29 13:25:35,331:WARNING:/home/ilyandho/.local/share/mamba/envs/pycaret/lib/python3.10/site-packages/sklearn/model_selection/_validation.py:1011: UserWarning: Scoring failed. The score on this train-test partition for these parameters will be set to 0.0. Details: 
Traceback (most recent call last):
  File "/home/ilyandho/.local/share/mamba/envs/pycaret/lib/python3.10/site-packages/sklearn/metrics/_scorer.py", line 137, in __call__
    score = scorer._score(
  File "/home/ilyandho/.local/share/mamba/envs/pycaret/lib/python3.10/site-packages/sklearn/metrics/_scorer.py", line 350, in _score
    return self._sign * self._score_func(y_true, y_pred, **scoring_kwargs)
  File "/home/ilyandho/.local/share/mamba/envs/pycaret/lib/python3.10/site-packages/sklearn/utils/_param_validation.py", line 213, in wrapper
    return func(*args, **kwargs)
  File "/home/ilyandho/.local/share/mamba/envs/pycaret/lib/python3.10/site-packages/sklearn/metrics/_regression.py", line 497, in mean_squared_error
    y_type, y_true, y_pred, multioutput = _check_reg_targets(
  File "/home/ilyandho/.local/share/mamba/envs/pycaret/lib/python3.10/site-packages/sklearn/metrics/_regression.py", line 104, in _check_reg_targets
    y_pred = check_array(y_pred, ensure_2d=False, dtype=dtype)
  File "/home/ilyandho/.local/share/mamba/envs/pycaret/lib/python3.10/site-packages/sklearn/utils/validation.py", line 1049, in check_array
    _assert_all_finite(
  File "/home/ilyandho/.local/share/mamba/envs/pycaret/lib/python3.10/site-packages/sklearn/utils/validation.py", line 126, in _assert_all_finite
    _assert_all_finite_element_wise(
  File "/home/ilyandho/.local/share/mamba/envs/pycaret/lib/python3.10/site-packages/sklearn/utils/validation.py", line 175, in _assert_all_finite_element_wise
    raise ValueError(msg_err)
ValueError: Input contains NaN.

  warnings.warn(

2026-01-29 13:25:35,331:WARNING:/home/ilyandho/.local/share/mamba/envs/pycaret/lib/python3.10/site-packages/sklearn/model_selection/_validation.py:1011: UserWarning: Scoring failed. The score on this train-test partition for these parameters will be set to 0.0. Details: 
Traceback (most recent call last):
  File "/home/ilyandho/.local/share/mamba/envs/pycaret/lib/python3.10/site-packages/sklearn/metrics/_scorer.py", line 137, in __call__
    score = scorer._score(
  File "/home/ilyandho/.local/share/mamba/envs/pycaret/lib/python3.10/site-packages/sklearn/metrics/_scorer.py", line 350, in _score
    return self._sign * self._score_func(y_true, y_pred, **scoring_kwargs)
  File "/home/ilyandho/.local/share/mamba/envs/pycaret/lib/python3.10/site-packages/sklearn/utils/_param_validation.py", line 213, in wrapper
    return func(*args, **kwargs)
  File "/home/ilyandho/.local/share/mamba/envs/pycaret/lib/python3.10/site-packages/sklearn/metrics/_regression.py", line 572, in root_mean_squared_error
    mean_squared_error(
  File "/home/ilyandho/.local/share/mamba/envs/pycaret/lib/python3.10/site-packages/sklearn/utils/_param_validation.py", line 186, in wrapper
    return func(*args, **kwargs)
  File "/home/ilyandho/.local/share/mamba/envs/pycaret/lib/python3.10/site-packages/sklearn/metrics/_regression.py", line 497, in mean_squared_error
    y_type, y_true, y_pred, multioutput = _check_reg_targets(
  File "/home/ilyandho/.local/share/mamba/envs/pycaret/lib/python3.10/site-packages/sklearn/metrics/_regression.py", line 104, in _check_reg_targets
    y_pred = check_array(y_pred, ensure_2d=False, dtype=dtype)
  File "/home/ilyandho/.local/share/mamba/envs/pycaret/lib/python3.10/site-packages/sklearn/utils/validation.py", line 1049, in check_array
    _assert_all_finite(
  File "/home/ilyandho/.local/share/mamba/envs/pycaret/lib/python3.10/site-packages/sklearn/utils/validation.py", line 126, in _assert_all_finite
    _assert_all_finite_element_wise(
  File "/home/ilyandho/.local/share/mamba/envs/pycaret/lib/python3.10/site-packages/sklearn/utils/validation.py", line 175, in _assert_all_finite_element_wise
    raise ValueError(msg_err)
ValueError: Input contains NaN.

  warnings.warn(

2026-01-29 13:25:35,331:WARNING:/home/ilyandho/.local/share/mamba/envs/pycaret/lib/python3.10/site-packages/sklearn/model_selection/_validation.py:1011: UserWarning: Scoring failed. The score on this train-test partition for these parameters will be set to 0.0. Details: 
Traceback (most recent call last):
  File "/home/ilyandho/.local/share/mamba/envs/pycaret/lib/python3.10/site-packages/sklearn/metrics/_scorer.py", line 137, in __call__
    score = scorer._score(
  File "/home/ilyandho/.local/share/mamba/envs/pycaret/lib/python3.10/site-packages/sklearn/metrics/_scorer.py", line 350, in _score
    return self._sign * self._score_func(y_true, y_pred, **scoring_kwargs)
  File "/home/ilyandho/.local/share/mamba/envs/pycaret/lib/python3.10/site-packages/sklearn/utils/_param_validation.py", line 213, in wrapper
    return func(*args, **kwargs)
  File "/home/ilyandho/.local/share/mamba/envs/pycaret/lib/python3.10/site-packages/sklearn/metrics/_regression.py", line 1180, in r2_score
    y_type, y_true, y_pred, multioutput = _check_reg_targets(
  File "/home/ilyandho/.local/share/mamba/envs/pycaret/lib/python3.10/site-packages/sklearn/metrics/_regression.py", line 104, in _check_reg_targets
    y_pred = check_array(y_pred, ensure_2d=False, dtype=dtype)
  File "/home/ilyandho/.local/share/mamba/envs/pycaret/lib/python3.10/site-packages/sklearn/utils/validation.py", line 1049, in check_array
    _assert_all_finite(
  File "/home/ilyandho/.local/share/mamba/envs/pycaret/lib/python3.10/site-packages/sklearn/utils/validation.py", line 126, in _assert_all_finite
    _assert_all_finite_element_wise(
  File "/home/ilyandho/.local/share/mamba/envs/pycaret/lib/python3.10/site-packages/sklearn/utils/validation.py", line 175, in _assert_all_finite_element_wise
    raise ValueError(msg_err)
ValueError: Input contains NaN.

  warnings.warn(

2026-01-29 13:25:35,336:INFO:Calculating mean and std
2026-01-29 13:25:35,337:INFO:Creating metrics dataframe
2026-01-29 13:25:35,339:INFO:Uploading results into container
2026-01-29 13:25:35,340:INFO:Uploading model into container now
2026-01-29 13:25:35,340:INFO:_master_model_container: 5
2026-01-29 13:25:35,342:INFO:_display_container: 2
2026-01-29 13:25:35,342:INFO:Lars(random_state=42)
2026-01-29 13:25:35,342:INFO:create_model() successfully completed......................................
2026-01-29 13:25:35,499:INFO:SubProcess create_model() end ==================================
2026-01-29 13:25:35,499:INFO:Creating metrics dataframe
2026-01-29 13:25:35,511:INFO:Initializing Lasso Least Angle Regression
2026-01-29 13:25:35,511:INFO:Total runtime is 0.4032382369041443 minutes
2026-01-29 13:25:35,521:INFO:SubProcess create_model() called ==================================
2026-01-29 13:25:35,521:INFO:Initializing create_model()
2026-01-29 13:25:35,522:INFO:create_model(self=<pycaret.regression.oop.RegressionExperiment object at 0x7f0a243180d0>, estimator=llar, fold=KFold(n_splits=10, random_state=None, shuffle=False), round=4, cross_validation=True, predict=True, fit_kwargs={}, groups=None, refit=False, probability_threshold=None, experiment_custom_tags=None, verbose=False, system=False, add_to_model_list=True, metrics=None, display=<pycaret.internal.display.display.CommonDisplay object at 0x7f0a14188820>, model_only=True, return_train_score=False, error_score=0.0, kwargs={})
2026-01-29 13:25:35,522:INFO:Checking exceptions
2026-01-29 13:25:35,522:INFO:Importing libraries
2026-01-29 13:25:35,522:INFO:Copying training dataset
2026-01-29 13:25:35,622:INFO:Defining folds
2026-01-29 13:25:35,623:INFO:Declaring metric variables
2026-01-29 13:25:35,631:INFO:Importing untrained model
2026-01-29 13:25:35,644:INFO:Lasso Least Angle Regression Imported successfully
2026-01-29 13:25:35,669:INFO:Starting cross validation
2026-01-29 13:25:35,676:INFO:Cross validating with KFold(n_splits=10, random_state=None, shuffle=False), n_jobs=-1
2026-01-29 13:25:37,567:WARNING:/home/ilyandho/.local/share/mamba/envs/pycaret/lib/python3.10/site-packages/sklearn/linear_model/_least_angle.py:718: ConvergenceWarning: Early stopping the lars path, as the residues are small and the current value of alpha is no longer well controlled. 22 iterations, alpha=2.298e+00, previous alpha=2.297e+00, with an active set of 15 regressors.
  warnings.warn(

2026-01-29 13:25:39,026:INFO:Calculating mean and std
2026-01-29 13:25:39,027:INFO:Creating metrics dataframe
2026-01-29 13:25:39,029:INFO:Uploading results into container
2026-01-29 13:25:39,030:INFO:Uploading model into container now
2026-01-29 13:25:39,031:INFO:_master_model_container: 6
2026-01-29 13:25:39,031:INFO:_display_container: 2
2026-01-29 13:25:39,033:INFO:LassoLars(random_state=42)
2026-01-29 13:25:39,033:INFO:create_model() successfully completed......................................
2026-01-29 13:25:39,190:INFO:SubProcess create_model() end ==================================
2026-01-29 13:25:39,190:INFO:Creating metrics dataframe
2026-01-29 13:25:39,202:INFO:Initializing Orthogonal Matching Pursuit
2026-01-29 13:25:39,203:INFO:Total runtime is 0.4647616267204285 minutes
2026-01-29 13:25:39,212:INFO:SubProcess create_model() called ==================================
2026-01-29 13:25:39,212:INFO:Initializing create_model()
2026-01-29 13:25:39,213:INFO:create_model(self=<pycaret.regression.oop.RegressionExperiment object at 0x7f0a243180d0>, estimator=omp, fold=KFold(n_splits=10, random_state=None, shuffle=False), round=4, cross_validation=True, predict=True, fit_kwargs={}, groups=None, refit=False, probability_threshold=None, experiment_custom_tags=None, verbose=False, system=False, add_to_model_list=True, metrics=None, display=<pycaret.internal.display.display.CommonDisplay object at 0x7f0a14188820>, model_only=True, return_train_score=False, error_score=0.0, kwargs={})
2026-01-29 13:25:39,213:INFO:Checking exceptions
2026-01-29 13:25:39,213:INFO:Importing libraries
2026-01-29 13:25:39,213:INFO:Copying training dataset
2026-01-29 13:25:39,313:INFO:Defining folds
2026-01-29 13:25:39,313:INFO:Declaring metric variables
2026-01-29 13:25:39,325:INFO:Importing untrained model
2026-01-29 13:25:39,338:INFO:Orthogonal Matching Pursuit Imported successfully
2026-01-29 13:25:39,362:INFO:Starting cross validation
2026-01-29 13:25:39,371:INFO:Cross validating with KFold(n_splits=10, random_state=None, shuffle=False), n_jobs=-1
2026-01-29 13:25:42,840:INFO:Calculating mean and std
2026-01-29 13:25:42,841:INFO:Creating metrics dataframe
2026-01-29 13:25:42,843:INFO:Uploading results into container
2026-01-29 13:25:42,843:INFO:Uploading model into container now
2026-01-29 13:25:42,844:INFO:_master_model_container: 7
2026-01-29 13:25:42,844:INFO:_display_container: 2
2026-01-29 13:25:42,844:INFO:OrthogonalMatchingPursuit()
2026-01-29 13:25:42,844:INFO:create_model() successfully completed......................................
2026-01-29 13:25:42,997:INFO:SubProcess create_model() end ==================================
2026-01-29 13:25:42,997:INFO:Creating metrics dataframe
2026-01-29 13:25:43,014:INFO:Initializing Bayesian Ridge
2026-01-29 13:25:43,015:INFO:Total runtime is 0.5282960772514343 minutes
2026-01-29 13:25:43,023:INFO:SubProcess create_model() called ==================================
2026-01-29 13:25:43,024:INFO:Initializing create_model()
2026-01-29 13:25:43,024:INFO:create_model(self=<pycaret.regression.oop.RegressionExperiment object at 0x7f0a243180d0>, estimator=br, fold=KFold(n_splits=10, random_state=None, shuffle=False), round=4, cross_validation=True, predict=True, fit_kwargs={}, groups=None, refit=False, probability_threshold=None, experiment_custom_tags=None, verbose=False, system=False, add_to_model_list=True, metrics=None, display=<pycaret.internal.display.display.CommonDisplay object at 0x7f0a14188820>, model_only=True, return_train_score=False, error_score=0.0, kwargs={})
2026-01-29 13:25:43,024:INFO:Checking exceptions
2026-01-29 13:25:43,024:INFO:Importing libraries
2026-01-29 13:25:43,024:INFO:Copying training dataset
2026-01-29 13:25:43,109:INFO:Defining folds
2026-01-29 13:25:43,110:INFO:Declaring metric variables
2026-01-29 13:25:43,121:INFO:Importing untrained model
2026-01-29 13:25:43,133:INFO:Bayesian Ridge Imported successfully
2026-01-29 13:25:43,156:INFO:Starting cross validation
2026-01-29 13:25:43,160:INFO:Cross validating with KFold(n_splits=10, random_state=None, shuffle=False), n_jobs=-1
2026-01-29 13:25:46,575:INFO:Calculating mean and std
2026-01-29 13:25:46,576:INFO:Creating metrics dataframe
2026-01-29 13:25:46,580:INFO:Uploading results into container
2026-01-29 13:25:46,581:INFO:Uploading model into container now
2026-01-29 13:25:46,582:INFO:_master_model_container: 8
2026-01-29 13:25:46,582:INFO:_display_container: 2
2026-01-29 13:25:46,582:INFO:BayesianRidge()
2026-01-29 13:25:46,583:INFO:create_model() successfully completed......................................
2026-01-29 13:25:46,761:INFO:SubProcess create_model() end ==================================
2026-01-29 13:25:46,761:INFO:Creating metrics dataframe
2026-01-29 13:25:46,781:INFO:Initializing Passive Aggressive Regressor
2026-01-29 13:25:46,782:INFO:Total runtime is 0.5910816470781962 minutes
2026-01-29 13:25:46,794:INFO:SubProcess create_model() called ==================================
2026-01-29 13:25:46,794:INFO:Initializing create_model()
2026-01-29 13:25:46,794:INFO:create_model(self=<pycaret.regression.oop.RegressionExperiment object at 0x7f0a243180d0>, estimator=par, fold=KFold(n_splits=10, random_state=None, shuffle=False), round=4, cross_validation=True, predict=True, fit_kwargs={}, groups=None, refit=False, probability_threshold=None, experiment_custom_tags=None, verbose=False, system=False, add_to_model_list=True, metrics=None, display=<pycaret.internal.display.display.CommonDisplay object at 0x7f0a14188820>, model_only=True, return_train_score=False, error_score=0.0, kwargs={})
2026-01-29 13:25:46,795:INFO:Checking exceptions
2026-01-29 13:25:46,795:INFO:Importing libraries
2026-01-29 13:25:46,796:INFO:Copying training dataset
2026-01-29 13:25:46,889:INFO:Defining folds
2026-01-29 13:25:46,890:INFO:Declaring metric variables
2026-01-29 13:25:46,904:INFO:Importing untrained model
2026-01-29 13:25:46,916:INFO:Passive Aggressive Regressor Imported successfully
2026-01-29 13:25:46,951:INFO:Starting cross validation
2026-01-29 13:25:46,957:INFO:Cross validating with KFold(n_splits=10, random_state=None, shuffle=False), n_jobs=-1
2026-01-29 13:25:50,492:INFO:Calculating mean and std
2026-01-29 13:25:50,494:INFO:Creating metrics dataframe
2026-01-29 13:25:50,498:INFO:Uploading results into container
2026-01-29 13:25:50,498:INFO:Uploading model into container now
2026-01-29 13:25:50,499:INFO:_master_model_container: 9
2026-01-29 13:25:50,499:INFO:_display_container: 2
2026-01-29 13:25:50,500:INFO:PassiveAggressiveRegressor(random_state=42)
2026-01-29 13:25:50,501:INFO:create_model() successfully completed......................................
2026-01-29 13:25:50,658:INFO:SubProcess create_model() end ==================================
2026-01-29 13:25:50,659:INFO:Creating metrics dataframe
2026-01-29 13:25:50,672:INFO:Initializing Huber Regressor
2026-01-29 13:25:50,672:INFO:Total runtime is 0.6559267401695251 minutes
2026-01-29 13:25:50,682:INFO:SubProcess create_model() called ==================================
2026-01-29 13:25:50,682:INFO:Initializing create_model()
2026-01-29 13:25:50,682:INFO:create_model(self=<pycaret.regression.oop.RegressionExperiment object at 0x7f0a243180d0>, estimator=huber, fold=KFold(n_splits=10, random_state=None, shuffle=False), round=4, cross_validation=True, predict=True, fit_kwargs={}, groups=None, refit=False, probability_threshold=None, experiment_custom_tags=None, verbose=False, system=False, add_to_model_list=True, metrics=None, display=<pycaret.internal.display.display.CommonDisplay object at 0x7f0a14188820>, model_only=True, return_train_score=False, error_score=0.0, kwargs={})
2026-01-29 13:25:50,683:INFO:Checking exceptions
2026-01-29 13:25:50,683:INFO:Importing libraries
2026-01-29 13:25:50,683:INFO:Copying training dataset
2026-01-29 13:25:50,760:INFO:Defining folds
2026-01-29 13:25:50,760:INFO:Declaring metric variables
2026-01-29 13:25:50,769:INFO:Importing untrained model
2026-01-29 13:25:50,776:INFO:Huber Regressor Imported successfully
2026-01-29 13:25:50,799:INFO:Starting cross validation
2026-01-29 13:25:50,805:INFO:Cross validating with KFold(n_splits=10, random_state=None, shuffle=False), n_jobs=-1
2026-01-29 13:25:52,042:WARNING:/home/ilyandho/.local/share/mamba/envs/pycaret/lib/python3.10/site-packages/sklearn/linear_model/_huber.py:342: ConvergenceWarning: lbfgs failed to converge (status=1):
STOP: TOTAL NO. of ITERATIONS REACHED LIMIT.

Increase the number of iterations (max_iter) or scale the data as shown in:
    https://scikit-learn.org/stable/modules/preprocessing.html
  self.n_iter_ = _check_optimize_result("lbfgs", opt_res, self.max_iter)

2026-01-29 13:25:53,212:WARNING:/home/ilyandho/.local/share/mamba/envs/pycaret/lib/python3.10/site-packages/sklearn/linear_model/_huber.py:342: ConvergenceWarning: lbfgs failed to converge (status=1):
STOP: TOTAL NO. of ITERATIONS REACHED LIMIT.

Increase the number of iterations (max_iter) or scale the data as shown in:
    https://scikit-learn.org/stable/modules/preprocessing.html
  self.n_iter_ = _check_optimize_result("lbfgs", opt_res, self.max_iter)

2026-01-29 13:25:53,682:WARNING:/home/ilyandho/.local/share/mamba/envs/pycaret/lib/python3.10/site-packages/sklearn/linear_model/_huber.py:342: ConvergenceWarning: lbfgs failed to converge (status=1):
STOP: TOTAL NO. of ITERATIONS REACHED LIMIT.

Increase the number of iterations (max_iter) or scale the data as shown in:
    https://scikit-learn.org/stable/modules/preprocessing.html
  self.n_iter_ = _check_optimize_result("lbfgs", opt_res, self.max_iter)

2026-01-29 13:25:54,452:WARNING:/home/ilyandho/.local/share/mamba/envs/pycaret/lib/python3.10/site-packages/sklearn/linear_model/_huber.py:342: ConvergenceWarning: lbfgs failed to converge (status=1):
STOP: TOTAL NO. of ITERATIONS REACHED LIMIT.

Increase the number of iterations (max_iter) or scale the data as shown in:
    https://scikit-learn.org/stable/modules/preprocessing.html
  self.n_iter_ = _check_optimize_result("lbfgs", opt_res, self.max_iter)

2026-01-29 13:25:55,619:WARNING:/home/ilyandho/.local/share/mamba/envs/pycaret/lib/python3.10/site-packages/sklearn/linear_model/_huber.py:342: ConvergenceWarning: lbfgs failed to converge (status=1):
STOP: TOTAL NO. of ITERATIONS REACHED LIMIT.

Increase the number of iterations (max_iter) or scale the data as shown in:
    https://scikit-learn.org/stable/modules/preprocessing.html
  self.n_iter_ = _check_optimize_result("lbfgs", opt_res, self.max_iter)

2026-01-29 13:25:55,723:WARNING:/home/ilyandho/.local/share/mamba/envs/pycaret/lib/python3.10/site-packages/sklearn/linear_model/_huber.py:342: ConvergenceWarning: lbfgs failed to converge (status=1):
STOP: TOTAL NO. of ITERATIONS REACHED LIMIT.

Increase the number of iterations (max_iter) or scale the data as shown in:
    https://scikit-learn.org/stable/modules/preprocessing.html
  self.n_iter_ = _check_optimize_result("lbfgs", opt_res, self.max_iter)

2026-01-29 13:25:55,766:WARNING:/home/ilyandho/.local/share/mamba/envs/pycaret/lib/python3.10/site-packages/sklearn/linear_model/_huber.py:342: ConvergenceWarning: lbfgs failed to converge (status=1):
STOP: TOTAL NO. of ITERATIONS REACHED LIMIT.

Increase the number of iterations (max_iter) or scale the data as shown in:
    https://scikit-learn.org/stable/modules/preprocessing.html
  self.n_iter_ = _check_optimize_result("lbfgs", opt_res, self.max_iter)

2026-01-29 13:25:56,168:WARNING:/home/ilyandho/.local/share/mamba/envs/pycaret/lib/python3.10/site-packages/sklearn/linear_model/_huber.py:342: ConvergenceWarning: lbfgs failed to converge (status=1):
STOP: TOTAL NO. of ITERATIONS REACHED LIMIT.

Increase the number of iterations (max_iter) or scale the data as shown in:
    https://scikit-learn.org/stable/modules/preprocessing.html
  self.n_iter_ = _check_optimize_result("lbfgs", opt_res, self.max_iter)

2026-01-29 13:25:56,651:WARNING:/home/ilyandho/.local/share/mamba/envs/pycaret/lib/python3.10/site-packages/sklearn/linear_model/_huber.py:342: ConvergenceWarning: lbfgs failed to converge (status=1):
STOP: TOTAL NO. of ITERATIONS REACHED LIMIT.

Increase the number of iterations (max_iter) or scale the data as shown in:
    https://scikit-learn.org/stable/modules/preprocessing.html
  self.n_iter_ = _check_optimize_result("lbfgs", opt_res, self.max_iter)

2026-01-29 13:25:56,671:WARNING:/home/ilyandho/.local/share/mamba/envs/pycaret/lib/python3.10/site-packages/sklearn/linear_model/_huber.py:342: ConvergenceWarning: lbfgs failed to converge (status=1):
STOP: TOTAL NO. of ITERATIONS REACHED LIMIT.

Increase the number of iterations (max_iter) or scale the data as shown in:
    https://scikit-learn.org/stable/modules/preprocessing.html
  self.n_iter_ = _check_optimize_result("lbfgs", opt_res, self.max_iter)

2026-01-29 13:25:56,737:INFO:Calculating mean and std
2026-01-29 13:25:56,739:INFO:Creating metrics dataframe
2026-01-29 13:25:56,741:INFO:Uploading results into container
2026-01-29 13:25:56,743:INFO:Uploading model into container now
2026-01-29 13:25:56,744:INFO:_master_model_container: 10
2026-01-29 13:25:56,744:INFO:_display_container: 2
2026-01-29 13:25:56,745:INFO:HuberRegressor()
2026-01-29 13:25:56,745:INFO:create_model() successfully completed......................................
2026-01-29 13:25:56,901:INFO:SubProcess create_model() end ==================================
2026-01-29 13:25:56,901:INFO:Creating metrics dataframe
2026-01-29 13:25:56,915:INFO:Initializing K Neighbors Regressor
2026-01-29 13:25:56,915:INFO:Total runtime is 0.7599735140800475 minutes
2026-01-29 13:25:56,923:INFO:SubProcess create_model() called ==================================
2026-01-29 13:25:56,923:INFO:Initializing create_model()
2026-01-29 13:25:56,924:INFO:create_model(self=<pycaret.regression.oop.RegressionExperiment object at 0x7f0a243180d0>, estimator=knn, fold=KFold(n_splits=10, random_state=None, shuffle=False), round=4, cross_validation=True, predict=True, fit_kwargs={}, groups=None, refit=False, probability_threshold=None, experiment_custom_tags=None, verbose=False, system=False, add_to_model_list=True, metrics=None, display=<pycaret.internal.display.display.CommonDisplay object at 0x7f0a14188820>, model_only=True, return_train_score=False, error_score=0.0, kwargs={})
2026-01-29 13:25:56,924:INFO:Checking exceptions
2026-01-29 13:25:56,924:INFO:Importing libraries
2026-01-29 13:25:56,924:INFO:Copying training dataset
2026-01-29 13:25:57,008:INFO:Defining folds
2026-01-29 13:25:57,010:INFO:Declaring metric variables
2026-01-29 13:25:57,019:INFO:Importing untrained model
2026-01-29 13:25:57,028:INFO:K Neighbors Regressor Imported successfully
2026-01-29 13:25:57,052:INFO:Starting cross validation
2026-01-29 13:25:57,059:INFO:Cross validating with KFold(n_splits=10, random_state=None, shuffle=False), n_jobs=-1
2026-01-29 13:26:00,334:INFO:Calculating mean and std
2026-01-29 13:26:00,335:INFO:Creating metrics dataframe
2026-01-29 13:26:00,338:INFO:Uploading results into container
2026-01-29 13:26:00,339:INFO:Uploading model into container now
2026-01-29 13:26:00,342:INFO:_master_model_container: 11
2026-01-29 13:26:00,342:INFO:_display_container: 2
2026-01-29 13:26:00,342:INFO:KNeighborsRegressor(n_jobs=-1)
2026-01-29 13:26:00,343:INFO:create_model() successfully completed......................................
2026-01-29 13:26:00,498:INFO:SubProcess create_model() end ==================================
2026-01-29 13:26:00,498:INFO:Creating metrics dataframe
2026-01-29 13:26:00,512:INFO:Initializing Decision Tree Regressor
2026-01-29 13:26:00,512:INFO:Total runtime is 0.8199218551317851 minutes
2026-01-29 13:26:00,520:INFO:SubProcess create_model() called ==================================
2026-01-29 13:26:00,520:INFO:Initializing create_model()
2026-01-29 13:26:00,521:INFO:create_model(self=<pycaret.regression.oop.RegressionExperiment object at 0x7f0a243180d0>, estimator=dt, fold=KFold(n_splits=10, random_state=None, shuffle=False), round=4, cross_validation=True, predict=True, fit_kwargs={}, groups=None, refit=False, probability_threshold=None, experiment_custom_tags=None, verbose=False, system=False, add_to_model_list=True, metrics=None, display=<pycaret.internal.display.display.CommonDisplay object at 0x7f0a14188820>, model_only=True, return_train_score=False, error_score=0.0, kwargs={})
2026-01-29 13:26:00,521:INFO:Checking exceptions
2026-01-29 13:26:00,521:INFO:Importing libraries
2026-01-29 13:26:00,521:INFO:Copying training dataset
2026-01-29 13:26:00,623:INFO:Defining folds
2026-01-29 13:26:00,625:INFO:Declaring metric variables
2026-01-29 13:26:00,634:INFO:Importing untrained model
2026-01-29 13:26:00,643:INFO:Decision Tree Regressor Imported successfully
2026-01-29 13:26:00,666:INFO:Starting cross validation
2026-01-29 13:26:00,672:INFO:Cross validating with KFold(n_splits=10, random_state=None, shuffle=False), n_jobs=-1
2026-01-29 13:26:04,190:INFO:Calculating mean and std
2026-01-29 13:26:04,191:INFO:Creating metrics dataframe
2026-01-29 13:26:04,193:INFO:Uploading results into container
2026-01-29 13:26:04,194:INFO:Uploading model into container now
2026-01-29 13:26:04,195:INFO:_master_model_container: 12
2026-01-29 13:26:04,196:INFO:_display_container: 2
2026-01-29 13:26:04,197:INFO:DecisionTreeRegressor(random_state=42)
2026-01-29 13:26:04,197:INFO:create_model() successfully completed......................................
2026-01-29 13:26:04,333:INFO:SubProcess create_model() end ==================================
2026-01-29 13:26:04,333:INFO:Creating metrics dataframe
2026-01-29 13:26:04,346:INFO:Initializing Random Forest Regressor
2026-01-29 13:26:04,346:INFO:Total runtime is 0.883820648988088 minutes
2026-01-29 13:26:04,354:INFO:SubProcess create_model() called ==================================
2026-01-29 13:26:04,355:INFO:Initializing create_model()
2026-01-29 13:26:04,355:INFO:create_model(self=<pycaret.regression.oop.RegressionExperiment object at 0x7f0a243180d0>, estimator=rf, fold=KFold(n_splits=10, random_state=None, shuffle=False), round=4, cross_validation=True, predict=True, fit_kwargs={}, groups=None, refit=False, probability_threshold=None, experiment_custom_tags=None, verbose=False, system=False, add_to_model_list=True, metrics=None, display=<pycaret.internal.display.display.CommonDisplay object at 0x7f0a14188820>, model_only=True, return_train_score=False, error_score=0.0, kwargs={})
2026-01-29 13:26:04,355:INFO:Checking exceptions
2026-01-29 13:26:04,355:INFO:Importing libraries
2026-01-29 13:26:04,355:INFO:Copying training dataset
2026-01-29 13:26:04,420:INFO:Defining folds
2026-01-29 13:26:04,421:INFO:Declaring metric variables
2026-01-29 13:26:04,429:INFO:Importing untrained model
2026-01-29 13:26:04,440:INFO:Random Forest Regressor Imported successfully
2026-01-29 13:26:04,460:INFO:Starting cross validation
2026-01-29 13:26:04,465:INFO:Cross validating with KFold(n_splits=10, random_state=None, shuffle=False), n_jobs=-1
2026-01-29 13:26:21,411:INFO:Calculating mean and std
2026-01-29 13:26:21,412:INFO:Creating metrics dataframe
2026-01-29 13:26:21,416:INFO:Uploading results into container
2026-01-29 13:26:21,417:INFO:Uploading model into container now
2026-01-29 13:26:21,418:INFO:_master_model_container: 13
2026-01-29 13:26:21,418:INFO:_display_container: 2
2026-01-29 13:26:21,418:INFO:RandomForestRegressor(n_jobs=-1, random_state=42)
2026-01-29 13:26:21,419:INFO:create_model() successfully completed......................................
2026-01-29 13:26:21,566:INFO:SubProcess create_model() end ==================================
2026-01-29 13:26:21,566:INFO:Creating metrics dataframe
2026-01-29 13:26:21,578:INFO:Initializing Extra Trees Regressor
2026-01-29 13:26:21,578:INFO:Total runtime is 1.1710134108861288 minutes
2026-01-29 13:26:21,587:INFO:SubProcess create_model() called ==================================
2026-01-29 13:26:21,587:INFO:Initializing create_model()
2026-01-29 13:26:21,587:INFO:create_model(self=<pycaret.regression.oop.RegressionExperiment object at 0x7f0a243180d0>, estimator=et, fold=KFold(n_splits=10, random_state=None, shuffle=False), round=4, cross_validation=True, predict=True, fit_kwargs={}, groups=None, refit=False, probability_threshold=None, experiment_custom_tags=None, verbose=False, system=False, add_to_model_list=True, metrics=None, display=<pycaret.internal.display.display.CommonDisplay object at 0x7f0a14188820>, model_only=True, return_train_score=False, error_score=0.0, kwargs={})
2026-01-29 13:26:21,587:INFO:Checking exceptions
2026-01-29 13:26:21,587:INFO:Importing libraries
2026-01-29 13:26:21,587:INFO:Copying training dataset
2026-01-29 13:26:21,677:INFO:Defining folds
2026-01-29 13:26:21,677:INFO:Declaring metric variables
2026-01-29 13:26:21,685:INFO:Importing untrained model
2026-01-29 13:26:21,695:INFO:Extra Trees Regressor Imported successfully
2026-01-29 13:26:21,715:INFO:Starting cross validation
2026-01-29 13:26:21,719:INFO:Cross validating with KFold(n_splits=10, random_state=None, shuffle=False), n_jobs=-1
2026-01-29 13:26:32,198:INFO:Calculating mean and std
2026-01-29 13:26:32,199:INFO:Creating metrics dataframe
2026-01-29 13:26:32,202:INFO:Uploading results into container
2026-01-29 13:26:32,202:INFO:Uploading model into container now
2026-01-29 13:26:32,203:INFO:_master_model_container: 14
2026-01-29 13:26:32,203:INFO:_display_container: 2
2026-01-29 13:26:32,203:INFO:ExtraTreesRegressor(n_jobs=-1, random_state=42)
2026-01-29 13:26:32,203:INFO:create_model() successfully completed......................................
2026-01-29 13:26:32,343:INFO:SubProcess create_model() end ==================================
2026-01-29 13:26:32,344:INFO:Creating metrics dataframe
2026-01-29 13:26:32,358:INFO:Initializing AdaBoost Regressor
2026-01-29 13:26:32,358:INFO:Total runtime is 1.3506889820098877 minutes
2026-01-29 13:26:32,366:INFO:SubProcess create_model() called ==================================
2026-01-29 13:26:32,366:INFO:Initializing create_model()
2026-01-29 13:26:32,367:INFO:create_model(self=<pycaret.regression.oop.RegressionExperiment object at 0x7f0a243180d0>, estimator=ada, fold=KFold(n_splits=10, random_state=None, shuffle=False), round=4, cross_validation=True, predict=True, fit_kwargs={}, groups=None, refit=False, probability_threshold=None, experiment_custom_tags=None, verbose=False, system=False, add_to_model_list=True, metrics=None, display=<pycaret.internal.display.display.CommonDisplay object at 0x7f0a14188820>, model_only=True, return_train_score=False, error_score=0.0, kwargs={})
2026-01-29 13:26:32,367:INFO:Checking exceptions
2026-01-29 13:26:32,367:INFO:Importing libraries
2026-01-29 13:26:32,367:INFO:Copying training dataset
2026-01-29 13:26:32,442:INFO:Defining folds
2026-01-29 13:26:32,442:INFO:Declaring metric variables
2026-01-29 13:26:32,451:INFO:Importing untrained model
2026-01-29 13:26:32,459:INFO:AdaBoost Regressor Imported successfully
2026-01-29 13:26:32,477:INFO:Starting cross validation
2026-01-29 13:26:32,485:INFO:Cross validating with KFold(n_splits=10, random_state=None, shuffle=False), n_jobs=-1
2026-01-29 13:26:37,467:INFO:Calculating mean and std
2026-01-29 13:26:37,468:INFO:Creating metrics dataframe
2026-01-29 13:26:37,472:INFO:Uploading results into container
2026-01-29 13:26:37,472:INFO:Uploading model into container now
2026-01-29 13:26:37,473:INFO:_master_model_container: 15
2026-01-29 13:26:37,473:INFO:_display_container: 2
2026-01-29 13:26:37,473:INFO:AdaBoostRegressor(random_state=42)
2026-01-29 13:26:37,473:INFO:create_model() successfully completed......................................
2026-01-29 13:26:37,618:INFO:SubProcess create_model() end ==================================
2026-01-29 13:26:37,618:INFO:Creating metrics dataframe
2026-01-29 13:26:37,634:INFO:Initializing Gradient Boosting Regressor
2026-01-29 13:26:37,634:INFO:Total runtime is 1.4386208454767864 minutes
2026-01-29 13:26:37,643:INFO:SubProcess create_model() called ==================================
2026-01-29 13:26:37,643:INFO:Initializing create_model()
2026-01-29 13:26:37,643:INFO:create_model(self=<pycaret.regression.oop.RegressionExperiment object at 0x7f0a243180d0>, estimator=gbr, fold=KFold(n_splits=10, random_state=None, shuffle=False), round=4, cross_validation=True, predict=True, fit_kwargs={}, groups=None, refit=False, probability_threshold=None, experiment_custom_tags=None, verbose=False, system=False, add_to_model_list=True, metrics=None, display=<pycaret.internal.display.display.CommonDisplay object at 0x7f0a14188820>, model_only=True, return_train_score=False, error_score=0.0, kwargs={})
2026-01-29 13:26:37,643:INFO:Checking exceptions
2026-01-29 13:26:37,644:INFO:Importing libraries
2026-01-29 13:26:37,644:INFO:Copying training dataset
2026-01-29 13:26:37,712:INFO:Defining folds
2026-01-29 13:26:37,712:INFO:Declaring metric variables
2026-01-29 13:26:37,719:INFO:Importing untrained model
2026-01-29 13:26:37,729:INFO:Gradient Boosting Regressor Imported successfully
2026-01-29 13:26:37,746:INFO:Starting cross validation
2026-01-29 13:26:37,749:INFO:Cross validating with KFold(n_splits=10, random_state=None, shuffle=False), n_jobs=-1
2026-01-29 13:26:46,243:INFO:Calculating mean and std
2026-01-29 13:26:46,244:INFO:Creating metrics dataframe
2026-01-29 13:26:46,246:INFO:Uploading results into container
2026-01-29 13:26:46,247:INFO:Uploading model into container now
2026-01-29 13:26:46,247:INFO:_master_model_container: 16
2026-01-29 13:26:46,248:INFO:_display_container: 2
2026-01-29 13:26:46,249:INFO:GradientBoostingRegressor(random_state=42)
2026-01-29 13:26:46,249:INFO:create_model() successfully completed......................................
2026-01-29 13:26:46,406:INFO:SubProcess create_model() end ==================================
2026-01-29 13:26:46,407:INFO:Creating metrics dataframe
2026-01-29 13:26:46,421:INFO:Initializing Extreme Gradient Boosting
2026-01-29 13:26:46,421:INFO:Total runtime is 1.5850722869237264 minutes
2026-01-29 13:26:46,430:INFO:SubProcess create_model() called ==================================
2026-01-29 13:26:46,431:INFO:Initializing create_model()
2026-01-29 13:26:46,431:INFO:create_model(self=<pycaret.regression.oop.RegressionExperiment object at 0x7f0a243180d0>, estimator=xgboost, fold=KFold(n_splits=10, random_state=None, shuffle=False), round=4, cross_validation=True, predict=True, fit_kwargs={}, groups=None, refit=False, probability_threshold=None, experiment_custom_tags=None, verbose=False, system=False, add_to_model_list=True, metrics=None, display=<pycaret.internal.display.display.CommonDisplay object at 0x7f0a14188820>, model_only=True, return_train_score=False, error_score=0.0, kwargs={})
2026-01-29 13:26:46,431:INFO:Checking exceptions
2026-01-29 13:26:46,431:INFO:Importing libraries
2026-01-29 13:26:46,431:INFO:Copying training dataset
2026-01-29 13:26:46,548:INFO:Defining folds
2026-01-29 13:26:46,549:INFO:Declaring metric variables
2026-01-29 13:26:46,559:INFO:Importing untrained model
2026-01-29 13:26:46,574:INFO:Extreme Gradient Boosting Imported successfully
2026-01-29 13:26:46,601:INFO:Starting cross validation
2026-01-29 13:26:46,613:INFO:Cross validating with KFold(n_splits=10, random_state=None, shuffle=False), n_jobs=-1
2026-01-29 13:26:58,299:INFO:Calculating mean and std
2026-01-29 13:26:58,300:INFO:Creating metrics dataframe
2026-01-29 13:26:58,305:INFO:Uploading results into container
2026-01-29 13:26:58,307:INFO:Uploading model into container now
2026-01-29 13:26:58,308:INFO:_master_model_container: 17
2026-01-29 13:26:58,308:INFO:_display_container: 2
2026-01-29 13:26:58,311:INFO:XGBRegressor(base_score=None, booster='gbtree', callbacks=None,
             colsample_bylevel=None, colsample_bynode=None,
             colsample_bytree=None, device='cpu', early_stopping_rounds=None,
             enable_categorical=False, eval_metric=None, feature_types=None,
             feature_weights=None, gamma=None, grow_policy=None,
             importance_type=None, interaction_constraints=None,
             learning_rate=None, max_bin=None, max_cat_threshold=None,
             max_cat_to_onehot=None, max_delta_step=None, max_depth=None,
             max_leaves=None, min_child_weight=None, missing=nan,
             monotone_constraints=None, multi_strategy=None, n_estimators=None,
             n_jobs=-1, num_parallel_tree=None, ...)
2026-01-29 13:26:58,311:INFO:create_model() successfully completed......................................
2026-01-29 13:26:58,471:INFO:SubProcess create_model() end ==================================
2026-01-29 13:26:58,471:INFO:Creating metrics dataframe
2026-01-29 13:26:58,489:INFO:Initializing Light Gradient Boosting Machine
2026-01-29 13:26:58,489:INFO:Total runtime is 1.7861958026885987 minutes
2026-01-29 13:26:58,496:INFO:SubProcess create_model() called ==================================
2026-01-29 13:26:58,496:INFO:Initializing create_model()
2026-01-29 13:26:58,496:INFO:create_model(self=<pycaret.regression.oop.RegressionExperiment object at 0x7f0a243180d0>, estimator=lightgbm, fold=KFold(n_splits=10, random_state=None, shuffle=False), round=4, cross_validation=True, predict=True, fit_kwargs={}, groups=None, refit=False, probability_threshold=None, experiment_custom_tags=None, verbose=False, system=False, add_to_model_list=True, metrics=None, display=<pycaret.internal.display.display.CommonDisplay object at 0x7f0a14188820>, model_only=True, return_train_score=False, error_score=0.0, kwargs={})
2026-01-29 13:26:58,496:INFO:Checking exceptions
2026-01-29 13:26:58,497:INFO:Importing libraries
2026-01-29 13:26:58,497:INFO:Copying training dataset
2026-01-29 13:26:58,594:INFO:Defining folds
2026-01-29 13:26:58,595:INFO:Declaring metric variables
2026-01-29 13:26:58,606:INFO:Importing untrained model
2026-01-29 13:26:58,617:INFO:Light Gradient Boosting Machine Imported successfully
2026-01-29 13:26:58,641:INFO:Starting cross validation
2026-01-29 13:26:58,647:INFO:Cross validating with KFold(n_splits=10, random_state=None, shuffle=False), n_jobs=-1
2026-01-29 13:27:13,014:INFO:Calculating mean and std
2026-01-29 13:27:13,016:INFO:Creating metrics dataframe
2026-01-29 13:27:13,037:INFO:Uploading results into container
2026-01-29 13:27:13,038:INFO:Uploading model into container now
2026-01-29 13:27:13,039:INFO:_master_model_container: 18
2026-01-29 13:27:13,039:INFO:_display_container: 2
2026-01-29 13:27:13,039:INFO:LGBMRegressor(n_jobs=-1, random_state=42)
2026-01-29 13:27:13,039:INFO:create_model() successfully completed......................................
2026-01-29 13:27:13,215:INFO:SubProcess create_model() end ==================================
2026-01-29 13:27:13,215:INFO:Creating metrics dataframe
2026-01-29 13:27:13,231:INFO:Initializing Dummy Regressor
2026-01-29 13:27:13,231:INFO:Total runtime is 2.0319061239560448 minutes
2026-01-29 13:27:13,238:INFO:SubProcess create_model() called ==================================
2026-01-29 13:27:13,239:INFO:Initializing create_model()
2026-01-29 13:27:13,239:INFO:create_model(self=<pycaret.regression.oop.RegressionExperiment object at 0x7f0a243180d0>, estimator=dummy, fold=KFold(n_splits=10, random_state=None, shuffle=False), round=4, cross_validation=True, predict=True, fit_kwargs={}, groups=None, refit=False, probability_threshold=None, experiment_custom_tags=None, verbose=False, system=False, add_to_model_list=True, metrics=None, display=<pycaret.internal.display.display.CommonDisplay object at 0x7f0a14188820>, model_only=True, return_train_score=False, error_score=0.0, kwargs={})
2026-01-29 13:27:13,239:INFO:Checking exceptions
2026-01-29 13:27:13,239:INFO:Importing libraries
2026-01-29 13:27:13,239:INFO:Copying training dataset
2026-01-29 13:27:13,355:INFO:Defining folds
2026-01-29 13:27:13,355:INFO:Declaring metric variables
2026-01-29 13:27:13,366:INFO:Importing untrained model
2026-01-29 13:27:13,378:INFO:Dummy Regressor Imported successfully
2026-01-29 13:27:13,404:INFO:Starting cross validation
2026-01-29 13:27:13,409:INFO:Cross validating with KFold(n_splits=10, random_state=None, shuffle=False), n_jobs=-1
2026-01-29 13:27:16,784:INFO:Calculating mean and std
2026-01-29 13:27:16,785:INFO:Creating metrics dataframe
2026-01-29 13:27:16,787:INFO:Uploading results into container
2026-01-29 13:27:16,788:INFO:Uploading model into container now
2026-01-29 13:27:16,789:INFO:_master_model_container: 19
2026-01-29 13:27:16,789:INFO:_display_container: 2
2026-01-29 13:27:16,789:INFO:DummyRegressor()
2026-01-29 13:27:16,789:INFO:create_model() successfully completed......................................
2026-01-29 13:27:16,949:INFO:SubProcess create_model() end ==================================
2026-01-29 13:27:16,950:INFO:Creating metrics dataframe
2026-01-29 13:27:16,975:WARNING:/home/ilyandho/.local/share/mamba/envs/pycaret/lib/python3.10/site-packages/pycaret/internal/pycaret_experiment/supervised_experiment.py:323: FutureWarning: Styler.applymap has been deprecated. Use Styler.map instead.
  master_display_.apply(

2026-01-29 13:27:17,001:INFO:Initializing create_model()
2026-01-29 13:27:17,001:INFO:create_model(self=<pycaret.regression.oop.RegressionExperiment object at 0x7f0a243180d0>, estimator=Ridge(random_state=42), fold=KFold(n_splits=10, random_state=None, shuffle=False), round=4, cross_validation=False, predict=False, fit_kwargs={}, groups=None, refit=True, probability_threshold=None, experiment_custom_tags=None, verbose=False, system=False, add_to_model_list=True, metrics=None, display=None, model_only=True, return_train_score=False, error_score=0.0, kwargs={})
2026-01-29 13:27:17,001:INFO:Checking exceptions
2026-01-29 13:27:17,005:INFO:Importing libraries
2026-01-29 13:27:17,005:INFO:Copying training dataset
2026-01-29 13:27:17,096:INFO:Defining folds
2026-01-29 13:27:17,096:INFO:Declaring metric variables
2026-01-29 13:27:17,097:INFO:Importing untrained model
2026-01-29 13:27:17,097:INFO:Declaring custom model
2026-01-29 13:27:17,098:INFO:Ridge Regression Imported successfully
2026-01-29 13:27:17,105:INFO:Cross validation set to False
2026-01-29 13:27:17,105:INFO:Fitting Model
2026-01-29 13:27:17,727:WARNING:/home/ilyandho/.local/share/mamba/envs/pycaret/lib/python3.10/site-packages/sklearn/linear_model/_ridge.py:204: LinAlgWarning: Ill-conditioned matrix (rcond=6.0474e-15): result may not be accurate.
  return linalg.solve(A, Xy, assume_a="pos", overwrite_a=True).T

2026-01-29 13:27:17,728:INFO:Ridge(random_state=42)
2026-01-29 13:27:17,728:INFO:create_model() successfully completed......................................
2026-01-29 13:27:17,977:INFO:_master_model_container: 19
2026-01-29 13:27:17,977:INFO:_display_container: 2
2026-01-29 13:27:17,978:INFO:Ridge(random_state=42)
2026-01-29 13:27:17,979:INFO:compare_models() successfully completed......................................
2026-01-29 13:27:17,980:INFO:Initializing evaluate_model()
2026-01-29 13:27:17,981:INFO:evaluate_model(self=<pycaret.regression.oop.RegressionExperiment object at 0x7f0a243180d0>, estimator=Ridge(random_state=42), fold=None, fit_kwargs=None, plot_kwargs=None, feature_name=None, groups=None)
2026-01-29 13:27:18,038:INFO:Initializing plot_model()
2026-01-29 13:27:18,039:INFO:plot_model(plot=pipeline, fold=KFold(n_splits=10, random_state=None, shuffle=False), verbose=False, display=None, display_format=None, estimator=Ridge(random_state=42), feature_name=None, fit_kwargs={}, groups=None, label=False, plot_kwargs=None, save=False, scale=1, self=<pycaret.regression.oop.RegressionExperiment object at 0x7f0a243180d0>, system=True)
2026-01-29 13:27:18,040:INFO:Checking exceptions
2026-01-29 13:27:18,083:INFO:Preloading libraries
2026-01-29 13:27:18,083:INFO:Copying training dataset
2026-01-29 13:27:18,083:INFO:Plot type: pipeline
2026-01-29 13:27:18,262:INFO:Visual Rendered Successfully
2026-01-29 13:27:18,429:INFO:plot_model() successfully completed......................................
2026-01-29 13:27:18,434:INFO:Initializing plot_model()
2026-01-29 13:27:18,434:INFO:plot_model(plot=feature, fold=None, verbose=True, display=None, display_format=None, estimator=Ridge(random_state=42), feature_name=None, fit_kwargs=None, groups=None, label=False, plot_kwargs=None, save=False, scale=1, self=<pycaret.regression.oop.RegressionExperiment object at 0x7f0a243180d0>, system=True)
2026-01-29 13:27:18,434:INFO:Checking exceptions
2026-01-29 13:27:18,465:INFO:Preloading libraries
2026-01-29 13:27:18,465:INFO:Copying training dataset
2026-01-29 13:27:18,466:INFO:Plot type: feature
2026-01-29 13:27:19,081:INFO:Visual Rendered Successfully
2026-01-29 13:27:19,263:INFO:plot_model() successfully completed......................................
2026-01-29 13:43:13,857:WARNING:/tmp/ipykernel_13329/2784672489.py:24: UserWarning: Tight layout not applied. tight_layout cannot make Axes height small enough to accommodate all Axes decorations.
  plt.tight_layout()

2026-01-29 14:32:16,414:INFO:PyCaret RegressionExperiment
2026-01-29 14:32:16,414:INFO:Logging name: reg-default-name
2026-01-29 14:32:16,415:INFO:ML Usecase: MLUsecase.REGRESSION
2026-01-29 14:32:16,415:INFO:version 3.3.2
2026-01-29 14:32:16,415:INFO:Initializing setup()
2026-01-29 14:32:16,415:INFO:self.USI: b72e
2026-01-29 14:32:16,415:INFO:self._variable_keys: {'n_jobs_param', '_ml_usecase', 'y', 'memory', 'logging_param', 'transform_target_param', 'exp_id', 'exp_name_log', 'fold_generator', 'X_train', 'y_test', '_available_plots', 'USI', 'seed', 'pipeline', 'target_param', 'y_train', 'fold_shuffle_param', 'html_param', 'fold_groups_param', 'idx', 'gpu_n_jobs_param', 'X', 'gpu_param', 'X_test', 'log_plots_param', 'data'}
2026-01-29 14:32:16,415:INFO:Checking environment
2026-01-29 14:32:16,415:INFO:python_version: 3.10.19
2026-01-29 14:32:16,415:INFO:python_build: ('main', 'Oct 22 2025 22:29:10')
2026-01-29 14:32:16,415:INFO:machine: x86_64
2026-01-29 14:32:16,415:INFO:platform: Linux-6.18.3-arch1-1-x86_64-with-glibc2.42
2026-01-29 14:32:16,415:INFO:Memory: svmem(total=16650223616, available=7302574080, percent=56.1, used=9347649536, free=870465536, active=9747095552, inactive=4375220224, buffers=173158400, cached=7555371008, shared=950861824, slab=622059520)
2026-01-29 14:32:16,416:INFO:Physical Core: 2
2026-01-29 14:32:16,416:INFO:Logical Core: 4
2026-01-29 14:32:16,416:INFO:Checking libraries
2026-01-29 14:32:16,416:INFO:System:
2026-01-29 14:32:16,416:INFO:    python: 3.10.19 | packaged by conda-forge | (main, Oct 22 2025, 22:29:10) [GCC 14.3.0]
2026-01-29 14:32:16,416:INFO:executable: /home/ilyandho/.local/share/mamba/envs/pycaret/bin/python
2026-01-29 14:32:16,417:INFO:   machine: Linux-6.18.3-arch1-1-x86_64-with-glibc2.42
2026-01-29 14:32:16,417:INFO:PyCaret required dependencies:
2026-01-29 14:32:16,417:INFO:                 pip: 25.3
2026-01-29 14:32:16,417:INFO:          setuptools: 80.9.0
2026-01-29 14:32:16,417:INFO:             pycaret: 3.3.2
2026-01-29 14:32:16,417:INFO:             IPython: 8.37.0
2026-01-29 14:32:16,417:INFO:          ipywidgets: 8.1.8
2026-01-29 14:32:16,417:INFO:                tqdm: 4.67.1
2026-01-29 14:32:16,417:INFO:               numpy: 1.26.4
2026-01-29 14:32:16,417:INFO:              pandas: 2.1.4
2026-01-29 14:32:16,417:INFO:              jinja2: 3.1.6
2026-01-29 14:32:16,417:INFO:               scipy: 1.11.4
2026-01-29 14:32:16,417:INFO:              joblib: 1.3.2
2026-01-29 14:32:16,417:INFO:             sklearn: 1.4.2
2026-01-29 14:32:16,417:INFO:                pyod: 2.0.6
2026-01-29 14:32:16,417:INFO:            imblearn: 0.14.1
2026-01-29 14:32:16,417:INFO:   category_encoders: 2.7.0
2026-01-29 14:32:16,417:INFO:            lightgbm: 4.6.0
2026-01-29 14:32:16,417:INFO:               numba: 0.63.1
2026-01-29 14:32:16,417:INFO:            requests: 2.32.5
2026-01-29 14:32:16,417:INFO:          matplotlib: 3.10.8
2026-01-29 14:32:16,418:INFO:          scikitplot: 0.3.7
2026-01-29 14:32:16,418:INFO:         yellowbrick: 1.5
2026-01-29 14:32:16,418:INFO:              plotly: 6.5.0
2026-01-29 14:32:16,418:INFO:    plotly-resampler: Not installed
2026-01-29 14:32:16,418:INFO:             kaleido: 0.2.1
2026-01-29 14:32:16,418:INFO:           schemdraw: 0.15
2026-01-29 14:32:16,418:INFO:         statsmodels: 0.14.6
2026-01-29 14:32:16,418:INFO:              sktime: 0.26.0
2026-01-29 14:32:16,418:INFO:               tbats: 1.1.3
2026-01-29 14:32:16,418:INFO:            pmdarima: 2.0.4
2026-01-29 14:32:16,418:INFO:              psutil: 7.2.1
2026-01-29 14:32:16,418:INFO:          markupsafe: 3.0.3
2026-01-29 14:32:16,418:INFO:             pickle5: Not installed
2026-01-29 14:32:16,418:INFO:         cloudpickle: 3.1.2
2026-01-29 14:32:16,418:INFO:         deprecation: 2.1.0
2026-01-29 14:32:16,418:INFO:              xxhash: 3.6.0
2026-01-29 14:32:16,418:INFO:           wurlitzer: 3.1.1
2026-01-29 14:32:16,418:INFO:PyCaret optional dependencies:
2026-01-29 14:32:16,420:INFO:                shap: Not installed
2026-01-29 14:32:16,420:INFO:           interpret: Not installed
2026-01-29 14:32:16,421:INFO:                umap: 0.5.9.post2
2026-01-29 14:32:16,421:INFO:     ydata_profiling: Not installed
2026-01-29 14:32:16,421:INFO:  explainerdashboard: Not installed
2026-01-29 14:32:16,421:INFO:             autoviz: Not installed
2026-01-29 14:32:16,421:INFO:           fairlearn: Not installed
2026-01-29 14:32:16,421:INFO:          deepchecks: Not installed
2026-01-29 14:32:16,422:INFO:             xgboost: 3.1.3
2026-01-29 14:32:16,422:INFO:            catboost: Not installed
2026-01-29 14:32:16,422:INFO:              kmodes: Not installed
2026-01-29 14:32:16,422:INFO:             mlxtend: Not installed
2026-01-29 14:32:16,422:INFO:       statsforecast: Not installed
2026-01-29 14:32:16,422:INFO:        tune_sklearn: Not installed
2026-01-29 14:32:16,422:INFO:                 ray: Not installed
2026-01-29 14:32:16,422:INFO:            hyperopt: Not installed
2026-01-29 14:32:16,422:INFO:              optuna: Not installed
2026-01-29 14:32:16,423:INFO:               skopt: Not installed
2026-01-29 14:32:16,423:INFO:              mlflow: Not installed
2026-01-29 14:32:16,423:INFO:              gradio: Not installed
2026-01-29 14:32:16,423:INFO:             fastapi: Not installed
2026-01-29 14:32:16,423:INFO:             uvicorn: Not installed
2026-01-29 14:32:16,423:INFO:              m2cgen: Not installed
2026-01-29 14:32:16,423:INFO:           evidently: Not installed
2026-01-29 14:32:16,423:INFO:               fugue: Not installed
2026-01-29 14:32:16,423:INFO:           streamlit: Not installed
2026-01-29 14:32:16,423:INFO:             prophet: Not installed
2026-01-29 14:32:16,423:INFO:None
2026-01-29 14:32:16,423:INFO:Set up data.
2026-01-29 14:32:16,602:INFO:Set up folding strategy.
2026-01-29 14:32:16,602:INFO:Set up train/test split.
2026-01-29 14:32:16,707:INFO:Set up index.
2026-01-29 14:32:16,709:INFO:Assigning column types.
2026-01-29 14:32:16,829:INFO:Engine successfully changes for model 'lr' to 'sklearn'.
2026-01-29 14:32:16,829:INFO:Engine for model 'lasso' has not been set explicitly, hence returning None.
2026-01-29 14:32:16,834:INFO:Engine for model 'ridge' has not been set explicitly, hence returning None.
2026-01-29 14:32:16,840:INFO:Engine for model 'en' has not been set explicitly, hence returning None.
2026-01-29 14:32:17,195:INFO:Engine for model 'svm' has not been set explicitly, hence returning None.
2026-01-29 14:32:17,247:INFO:Engine for model 'knn' has not been set explicitly, hence returning None.
2026-01-29 14:32:17,248:INFO:Soft dependency imported: xgboost: 3.1.3
2026-01-29 14:32:17,250:WARNING:
'catboost' is a soft dependency and not included in the pycaret installation. Please run: `pip install catboost` to install.
Alternately, you can install this by running `pip install pycaret[models]`
2026-01-29 14:32:17,251:INFO:Engine for model 'lasso' has not been set explicitly, hence returning None.
2026-01-29 14:32:17,257:INFO:Engine for model 'ridge' has not been set explicitly, hence returning None.
2026-01-29 14:32:17,262:INFO:Engine for model 'en' has not been set explicitly, hence returning None.
2026-01-29 14:32:17,372:INFO:Engine for model 'svm' has not been set explicitly, hence returning None.
2026-01-29 14:32:17,424:INFO:Engine for model 'knn' has not been set explicitly, hence returning None.
2026-01-29 14:32:17,425:INFO:Soft dependency imported: xgboost: 3.1.3
2026-01-29 14:32:17,429:WARNING:
'catboost' is a soft dependency and not included in the pycaret installation. Please run: `pip install catboost` to install.
Alternately, you can install this by running `pip install pycaret[models]`
2026-01-29 14:32:17,429:INFO:Engine successfully changes for model 'lasso' to 'sklearn'.
2026-01-29 14:32:17,433:INFO:Engine for model 'ridge' has not been set explicitly, hence returning None.
2026-01-29 14:32:17,442:INFO:Engine for model 'en' has not been set explicitly, hence returning None.
2026-01-29 14:32:17,588:INFO:Engine for model 'svm' has not been set explicitly, hence returning None.
2026-01-29 14:32:17,666:INFO:Engine for model 'knn' has not been set explicitly, hence returning None.
2026-01-29 14:32:17,667:INFO:Soft dependency imported: xgboost: 3.1.3
2026-01-29 14:32:17,673:WARNING:
'catboost' is a soft dependency and not included in the pycaret installation. Please run: `pip install catboost` to install.
Alternately, you can install this by running `pip install pycaret[models]`
2026-01-29 14:32:17,684:INFO:Engine for model 'ridge' has not been set explicitly, hence returning None.
2026-01-29 14:32:17,694:INFO:Engine for model 'en' has not been set explicitly, hence returning None.
2026-01-29 14:32:17,896:INFO:Engine for model 'svm' has not been set explicitly, hence returning None.
2026-01-29 14:32:17,939:INFO:Engine for model 'knn' has not been set explicitly, hence returning None.
2026-01-29 14:32:17,939:INFO:Soft dependency imported: xgboost: 3.1.3
2026-01-29 14:32:17,942:WARNING:
'catboost' is a soft dependency and not included in the pycaret installation. Please run: `pip install catboost` to install.
Alternately, you can install this by running `pip install pycaret[models]`
2026-01-29 14:32:17,942:INFO:Engine successfully changes for model 'ridge' to 'sklearn'.
2026-01-29 14:32:17,950:INFO:Engine for model 'en' has not been set explicitly, hence returning None.
2026-01-29 14:32:18,050:INFO:Engine for model 'svm' has not been set explicitly, hence returning None.
2026-01-29 14:32:18,095:INFO:Engine for model 'knn' has not been set explicitly, hence returning None.
2026-01-29 14:32:18,095:INFO:Soft dependency imported: xgboost: 3.1.3
2026-01-29 14:32:18,098:WARNING:
'catboost' is a soft dependency and not included in the pycaret installation. Please run: `pip install catboost` to install.
Alternately, you can install this by running `pip install pycaret[models]`
2026-01-29 14:32:18,108:INFO:Engine for model 'en' has not been set explicitly, hence returning None.
2026-01-29 14:32:18,208:INFO:Engine for model 'svm' has not been set explicitly, hence returning None.
2026-01-29 14:32:18,252:INFO:Engine for model 'knn' has not been set explicitly, hence returning None.
2026-01-29 14:32:18,253:INFO:Soft dependency imported: xgboost: 3.1.3
2026-01-29 14:32:18,256:WARNING:
'catboost' is a soft dependency and not included in the pycaret installation. Please run: `pip install catboost` to install.
Alternately, you can install this by running `pip install pycaret[models]`
2026-01-29 14:32:18,257:INFO:Engine successfully changes for model 'en' to 'sklearn'.
2026-01-29 14:32:18,372:INFO:Engine for model 'svm' has not been set explicitly, hence returning None.
2026-01-29 14:32:18,416:INFO:Engine for model 'knn' has not been set explicitly, hence returning None.
2026-01-29 14:32:18,417:INFO:Soft dependency imported: xgboost: 3.1.3
2026-01-29 14:32:18,422:WARNING:
'catboost' is a soft dependency and not included in the pycaret installation. Please run: `pip install catboost` to install.
Alternately, you can install this by running `pip install pycaret[models]`
2026-01-29 14:32:18,540:INFO:Engine for model 'svm' has not been set explicitly, hence returning None.
2026-01-29 14:32:18,584:INFO:Engine for model 'knn' has not been set explicitly, hence returning None.
2026-01-29 14:32:18,585:INFO:Soft dependency imported: xgboost: 3.1.3
2026-01-29 14:32:18,588:WARNING:
'catboost' is a soft dependency and not included in the pycaret installation. Please run: `pip install catboost` to install.
Alternately, you can install this by running `pip install pycaret[models]`
2026-01-29 14:32:18,589:INFO:Engine successfully changes for model 'knn' to 'sklearn'.
2026-01-29 14:32:18,699:INFO:Engine for model 'svm' has not been set explicitly, hence returning None.
2026-01-29 14:32:18,745:INFO:Soft dependency imported: xgboost: 3.1.3
2026-01-29 14:32:18,747:WARNING:
'catboost' is a soft dependency and not included in the pycaret installation. Please run: `pip install catboost` to install.
Alternately, you can install this by running `pip install pycaret[models]`
2026-01-29 14:32:18,858:INFO:Engine for model 'svm' has not been set explicitly, hence returning None.
2026-01-29 14:32:18,904:INFO:Soft dependency imported: xgboost: 3.1.3
2026-01-29 14:32:18,907:WARNING:
'catboost' is a soft dependency and not included in the pycaret installation. Please run: `pip install catboost` to install.
Alternately, you can install this by running `pip install pycaret[models]`
2026-01-29 14:32:18,907:INFO:Engine successfully changes for model 'svm' to 'sklearn'.
2026-01-29 14:32:19,064:INFO:Soft dependency imported: xgboost: 3.1.3
2026-01-29 14:32:19,066:WARNING:
'catboost' is a soft dependency and not included in the pycaret installation. Please run: `pip install catboost` to install.
Alternately, you can install this by running `pip install pycaret[models]`
2026-01-29 14:32:19,261:INFO:Soft dependency imported: xgboost: 3.1.3
2026-01-29 14:32:19,264:WARNING:
'catboost' is a soft dependency and not included in the pycaret installation. Please run: `pip install catboost` to install.
Alternately, you can install this by running `pip install pycaret[models]`
2026-01-29 14:32:19,265:INFO:Preparing preprocessing pipeline...
2026-01-29 14:32:19,265:INFO:Set up simple imputation.
2026-01-29 14:32:19,265:INFO:Set up removing multicollinearity.
2026-01-29 14:32:19,278:INFO:Set up column name cleaning.
2026-01-29 14:32:19,595:INFO:Finished creating preprocessing pipeline.
2026-01-29 14:32:19,610:INFO:Pipeline: Pipeline(memory=FastMemory(location=/tmp/joblib),
         steps=[('numerical_imputer',
                 TransformerWrapper(include=['selected_by_percent', 'value',
                                             'transfers_in', 'transfers_out',
                                             'selected', 'ownership_change',
                                             'percenatge_net_transfers',
                                             'cbitr_volume_90', 'cbitr_ewm_90',
                                             'cbitr_ewm_probability',
                                             'cbitr_probability', 'elo',
                                             'team_h_difficulty',
                                             'team_a_difficulty', 'win...
                                             'pts_bonus_rolling_1', ...],
                                    transformer=SimpleImputer())),
                ('categorical_imputer',
                 TransformerWrapper(include=[],
                                    transformer=SimpleImputer(strategy='most_frequent'))),
                ('remove_multicollinearity',
                 TransformerWrapper(exclude=[],
                                    transformer=RemoveMulticollinearity(threshold=0.9))),
                ('clean_column_names',
                 TransformerWrapper(transformer=CleanColumnNames()))])
2026-01-29 14:32:19,610:INFO:Creating final display dataframe.
2026-01-29 14:32:20,386:INFO:Setup _display_container:                     Description             Value
0                    Session id                42
1                        Target                xP
2                   Target type        Regression
3           Original data shape       (1154, 342)
4        Transformed data shape       (1154, 129)
5   Transformed train set shape        (923, 129)
6    Transformed test set shape        (231, 129)
7              Numeric features               340
8                    Preprocess              True
9               Imputation type            simple
10           Numeric imputation              mean
11       Categorical imputation              mode
12     Remove multicollinearity              True
13  Multicollinearity threshold               0.9
14               Fold Generator             KFold
15                  Fold Number                10
16                     CPU Jobs                -1
17                      Use GPU             False
18               Log Experiment             False
19              Experiment Name  reg-default-name
20                          USI              b72e
2026-01-29 14:32:20,588:INFO:Soft dependency imported: xgboost: 3.1.3
2026-01-29 14:32:20,591:WARNING:
'catboost' is a soft dependency and not included in the pycaret installation. Please run: `pip install catboost` to install.
Alternately, you can install this by running `pip install pycaret[models]`
2026-01-29 14:32:20,746:INFO:Soft dependency imported: xgboost: 3.1.3
2026-01-29 14:32:20,748:WARNING:
'catboost' is a soft dependency and not included in the pycaret installation. Please run: `pip install catboost` to install.
Alternately, you can install this by running `pip install pycaret[models]`
2026-01-29 14:32:20,749:INFO:setup() successfully completed in 4.34s...............
2026-01-29 14:32:20,749:INFO:gpu_param set to False
2026-01-29 14:32:20,924:INFO:Soft dependency imported: xgboost: 3.1.3
2026-01-29 14:32:20,930:WARNING:
'catboost' is a soft dependency and not included in the pycaret installation. Please run: `pip install catboost` to install.
Alternately, you can install this by running `pip install pycaret[models]`
2026-01-29 14:32:21,155:INFO:Soft dependency imported: xgboost: 3.1.3
2026-01-29 14:32:21,158:WARNING:
'catboost' is a soft dependency and not included in the pycaret installation. Please run: `pip install catboost` to install.
Alternately, you can install this by running `pip install pycaret[models]`
2026-01-29 14:32:21,160:INFO:Initializing compare_models()
2026-01-29 14:32:21,160:INFO:compare_models(self=<pycaret.regression.oop.RegressionExperiment object at 0x7f0a00cd4640>, include=None, fold=None, round=4, cross_validation=True, sort=MAE, n_select=1, budget_time=None, turbo=True, errors=ignore, fit_kwargs=None, groups=None, experiment_custom_tags=None, probability_threshold=None, verbose=True, parallel=None, caller_params={'self': <pycaret.regression.oop.RegressionExperiment object at 0x7f0a00cd4640>, 'include': None, 'exclude': None, 'fold': None, 'round': 4, 'cross_validation': True, 'sort': 'MAE', 'n_select': 1, 'budget_time': None, 'turbo': True, 'errors': 'ignore', 'fit_kwargs': None, 'groups': None, 'experiment_custom_tags': None, 'engine': None, 'verbose': True, 'parallel': None, '__class__': <class 'pycaret.regression.oop.RegressionExperiment'>}, exclude=None)
2026-01-29 14:32:21,160:INFO:Checking exceptions
2026-01-29 14:32:21,192:INFO:Preparing display monitor
2026-01-29 14:32:21,247:INFO:Initializing Linear Regression
2026-01-29 14:32:21,247:INFO:Total runtime is 3.07162602742513e-06 minutes
2026-01-29 14:32:21,260:INFO:SubProcess create_model() called ==================================
2026-01-29 14:32:21,260:INFO:Initializing create_model()
2026-01-29 14:32:21,261:INFO:create_model(self=<pycaret.regression.oop.RegressionExperiment object at 0x7f0a00cd4640>, estimator=lr, fold=KFold(n_splits=10, random_state=None, shuffle=False), round=4, cross_validation=True, predict=True, fit_kwargs={}, groups=None, refit=False, probability_threshold=None, experiment_custom_tags=None, verbose=False, system=False, add_to_model_list=True, metrics=None, display=<pycaret.internal.display.display.CommonDisplay object at 0x7f0a0ffb6470>, model_only=True, return_train_score=False, error_score=0.0, kwargs={})
2026-01-29 14:32:21,261:INFO:Checking exceptions
2026-01-29 14:32:21,261:INFO:Importing libraries
2026-01-29 14:32:21,261:INFO:Copying training dataset
2026-01-29 14:32:21,458:INFO:Defining folds
2026-01-29 14:32:21,458:INFO:Declaring metric variables
2026-01-29 14:32:21,481:INFO:Importing untrained model
2026-01-29 14:32:21,505:INFO:Linear Regression Imported successfully
2026-01-29 14:32:21,528:INFO:Starting cross validation
2026-01-29 14:32:21,538:INFO:Cross validating with KFold(n_splits=10, random_state=None, shuffle=False), n_jobs=-1
2026-01-29 14:32:25,415:WARNING:/home/ilyandho/.local/share/mamba/envs/pycaret/lib/python3.10/site-packages/_distutils_hack/__init__.py:30: UserWarning: Setuptools is replacing distutils. Support for replacing an already imported distutils is deprecated. In the future, this condition will fail. Register concerns at https://github.com/pypa/setuptools/issues/new?template=distutils-deprecation.yml
  warnings.warn(

2026-01-29 14:32:26,272:WARNING:/home/ilyandho/.local/share/mamba/envs/pycaret/lib/python3.10/site-packages/_distutils_hack/__init__.py:30: UserWarning: Setuptools is replacing distutils. Support for replacing an already imported distutils is deprecated. In the future, this condition will fail. Register concerns at https://github.com/pypa/setuptools/issues/new?template=distutils-deprecation.yml
  warnings.warn(

2026-01-29 14:32:26,447:WARNING:/home/ilyandho/.local/share/mamba/envs/pycaret/lib/python3.10/site-packages/_distutils_hack/__init__.py:30: UserWarning: Setuptools is replacing distutils. Support for replacing an already imported distutils is deprecated. In the future, this condition will fail. Register concerns at https://github.com/pypa/setuptools/issues/new?template=distutils-deprecation.yml
  warnings.warn(

2026-01-29 14:32:27,018:WARNING:/home/ilyandho/.local/share/mamba/envs/pycaret/lib/python3.10/site-packages/_distutils_hack/__init__.py:30: UserWarning: Setuptools is replacing distutils. Support for replacing an already imported distutils is deprecated. In the future, this condition will fail. Register concerns at https://github.com/pypa/setuptools/issues/new?template=distutils-deprecation.yml
  warnings.warn(

2026-01-29 14:32:32,245:INFO:Calculating mean and std
2026-01-29 14:32:32,247:INFO:Creating metrics dataframe
2026-01-29 14:32:32,251:INFO:Uploading results into container
2026-01-29 14:32:32,252:INFO:Uploading model into container now
2026-01-29 14:32:32,253:INFO:_master_model_container: 1
2026-01-29 14:32:32,253:INFO:_display_container: 2
2026-01-29 14:32:32,254:INFO:LinearRegression(n_jobs=-1)
2026-01-29 14:32:32,254:INFO:create_model() successfully completed......................................
2026-01-29 14:32:32,609:INFO:SubProcess create_model() end ==================================
2026-01-29 14:32:32,609:INFO:Creating metrics dataframe
2026-01-29 14:32:32,633:INFO:Initializing Lasso Regression
2026-01-29 14:32:32,633:INFO:Total runtime is 0.1897663116455078 minutes
2026-01-29 14:32:32,649:INFO:SubProcess create_model() called ==================================
2026-01-29 14:32:32,650:INFO:Initializing create_model()
2026-01-29 14:32:32,650:INFO:create_model(self=<pycaret.regression.oop.RegressionExperiment object at 0x7f0a00cd4640>, estimator=lasso, fold=KFold(n_splits=10, random_state=None, shuffle=False), round=4, cross_validation=True, predict=True, fit_kwargs={}, groups=None, refit=False, probability_threshold=None, experiment_custom_tags=None, verbose=False, system=False, add_to_model_list=True, metrics=None, display=<pycaret.internal.display.display.CommonDisplay object at 0x7f0a0ffb6470>, model_only=True, return_train_score=False, error_score=0.0, kwargs={})
2026-01-29 14:32:32,650:INFO:Checking exceptions
2026-01-29 14:32:32,650:INFO:Importing libraries
2026-01-29 14:32:32,650:INFO:Copying training dataset
2026-01-29 14:32:32,771:INFO:Defining folds
2026-01-29 14:32:32,771:INFO:Declaring metric variables
2026-01-29 14:32:32,783:INFO:Importing untrained model
2026-01-29 14:32:32,792:INFO:Lasso Regression Imported successfully
2026-01-29 14:32:32,816:INFO:Starting cross validation
2026-01-29 14:32:32,823:INFO:Cross validating with KFold(n_splits=10, random_state=None, shuffle=False), n_jobs=-1
2026-01-29 14:32:36,424:INFO:Calculating mean and std
2026-01-29 14:32:36,425:INFO:Creating metrics dataframe
2026-01-29 14:32:36,429:INFO:Uploading results into container
2026-01-29 14:32:36,430:INFO:Uploading model into container now
2026-01-29 14:32:36,431:INFO:_master_model_container: 2
2026-01-29 14:32:36,431:INFO:_display_container: 2
2026-01-29 14:32:36,432:INFO:Lasso(random_state=42)
2026-01-29 14:32:36,432:INFO:create_model() successfully completed......................................
2026-01-29 14:32:36,661:INFO:SubProcess create_model() end ==================================
2026-01-29 14:32:36,661:INFO:Creating metrics dataframe
2026-01-29 14:32:36,673:INFO:Initializing Ridge Regression
2026-01-29 14:32:36,673:INFO:Total runtime is 0.25710355838139853 minutes
2026-01-29 14:32:36,681:INFO:SubProcess create_model() called ==================================
2026-01-29 14:32:36,682:INFO:Initializing create_model()
2026-01-29 14:32:36,683:INFO:create_model(self=<pycaret.regression.oop.RegressionExperiment object at 0x7f0a00cd4640>, estimator=ridge, fold=KFold(n_splits=10, random_state=None, shuffle=False), round=4, cross_validation=True, predict=True, fit_kwargs={}, groups=None, refit=False, probability_threshold=None, experiment_custom_tags=None, verbose=False, system=False, add_to_model_list=True, metrics=None, display=<pycaret.internal.display.display.CommonDisplay object at 0x7f0a0ffb6470>, model_only=True, return_train_score=False, error_score=0.0, kwargs={})
2026-01-29 14:32:36,683:INFO:Checking exceptions
2026-01-29 14:32:36,683:INFO:Importing libraries
2026-01-29 14:32:36,683:INFO:Copying training dataset
2026-01-29 14:32:36,746:INFO:Defining folds
2026-01-29 14:32:36,746:INFO:Declaring metric variables
2026-01-29 14:32:36,757:INFO:Importing untrained model
2026-01-29 14:32:36,765:INFO:Ridge Regression Imported successfully
2026-01-29 14:32:36,783:INFO:Starting cross validation
2026-01-29 14:32:36,788:INFO:Cross validating with KFold(n_splits=10, random_state=None, shuffle=False), n_jobs=-1
2026-01-29 14:32:37,689:WARNING:/home/ilyandho/.local/share/mamba/envs/pycaret/lib/python3.10/site-packages/sklearn/linear_model/_ridge.py:204: LinAlgWarning: Ill-conditioned matrix (rcond=4.3233e-15): result may not be accurate.
  return linalg.solve(A, Xy, assume_a="pos", overwrite_a=True).T

2026-01-29 14:32:37,768:WARNING:/home/ilyandho/.local/share/mamba/envs/pycaret/lib/python3.10/site-packages/sklearn/linear_model/_ridge.py:204: LinAlgWarning: Ill-conditioned matrix (rcond=7.10649e-15): result may not be accurate.
  return linalg.solve(A, Xy, assume_a="pos", overwrite_a=True).T

2026-01-29 14:32:37,812:WARNING:/home/ilyandho/.local/share/mamba/envs/pycaret/lib/python3.10/site-packages/sklearn/linear_model/_ridge.py:204: LinAlgWarning: Ill-conditioned matrix (rcond=5.44975e-15): result may not be accurate.
  return linalg.solve(A, Xy, assume_a="pos", overwrite_a=True).T

2026-01-29 14:32:37,924:WARNING:/home/ilyandho/.local/share/mamba/envs/pycaret/lib/python3.10/site-packages/sklearn/linear_model/_ridge.py:204: LinAlgWarning: Ill-conditioned matrix (rcond=5.49056e-15): result may not be accurate.
  return linalg.solve(A, Xy, assume_a="pos", overwrite_a=True).T

2026-01-29 14:32:38,583:WARNING:/home/ilyandho/.local/share/mamba/envs/pycaret/lib/python3.10/site-packages/sklearn/linear_model/_ridge.py:204: LinAlgWarning: Ill-conditioned matrix (rcond=5.21191e-15): result may not be accurate.
  return linalg.solve(A, Xy, assume_a="pos", overwrite_a=True).T

2026-01-29 14:32:38,806:WARNING:/home/ilyandho/.local/share/mamba/envs/pycaret/lib/python3.10/site-packages/sklearn/linear_model/_ridge.py:204: LinAlgWarning: Ill-conditioned matrix (rcond=7.09549e-15): result may not be accurate.
  return linalg.solve(A, Xy, assume_a="pos", overwrite_a=True).T

2026-01-29 14:32:39,050:WARNING:/home/ilyandho/.local/share/mamba/envs/pycaret/lib/python3.10/site-packages/sklearn/linear_model/_ridge.py:204: LinAlgWarning: Ill-conditioned matrix (rcond=7.27511e-15): result may not be accurate.
  return linalg.solve(A, Xy, assume_a="pos", overwrite_a=True).T

2026-01-29 14:32:39,084:WARNING:/home/ilyandho/.local/share/mamba/envs/pycaret/lib/python3.10/site-packages/sklearn/linear_model/_ridge.py:204: LinAlgWarning: Ill-conditioned matrix (rcond=5.81579e-15): result may not be accurate.
  return linalg.solve(A, Xy, assume_a="pos", overwrite_a=True).T

2026-01-29 14:32:39,508:WARNING:/home/ilyandho/.local/share/mamba/envs/pycaret/lib/python3.10/site-packages/sklearn/linear_model/_ridge.py:204: LinAlgWarning: Ill-conditioned matrix (rcond=5.58106e-15): result may not be accurate.
  return linalg.solve(A, Xy, assume_a="pos", overwrite_a=True).T

2026-01-29 14:32:39,608:WARNING:/home/ilyandho/.local/share/mamba/envs/pycaret/lib/python3.10/site-packages/sklearn/linear_model/_ridge.py:204: LinAlgWarning: Ill-conditioned matrix (rcond=7.49569e-15): result may not be accurate.
  return linalg.solve(A, Xy, assume_a="pos", overwrite_a=True).T

2026-01-29 14:32:39,670:INFO:Calculating mean and std
2026-01-29 14:32:39,671:INFO:Creating metrics dataframe
2026-01-29 14:32:39,675:INFO:Uploading results into container
2026-01-29 14:32:39,676:INFO:Uploading model into container now
2026-01-29 14:32:39,676:INFO:_master_model_container: 3
2026-01-29 14:32:39,676:INFO:_display_container: 2
2026-01-29 14:32:39,677:INFO:Ridge(random_state=42)
2026-01-29 14:32:39,678:INFO:create_model() successfully completed......................................
2026-01-29 14:32:39,960:INFO:SubProcess create_model() end ==================================
2026-01-29 14:32:39,960:INFO:Creating metrics dataframe
2026-01-29 14:32:39,975:INFO:Initializing Elastic Net
2026-01-29 14:32:39,975:INFO:Total runtime is 0.31213497320810957 minutes
2026-01-29 14:32:39,984:INFO:SubProcess create_model() called ==================================
2026-01-29 14:32:39,985:INFO:Initializing create_model()
2026-01-29 14:32:39,985:INFO:create_model(self=<pycaret.regression.oop.RegressionExperiment object at 0x7f0a00cd4640>, estimator=en, fold=KFold(n_splits=10, random_state=None, shuffle=False), round=4, cross_validation=True, predict=True, fit_kwargs={}, groups=None, refit=False, probability_threshold=None, experiment_custom_tags=None, verbose=False, system=False, add_to_model_list=True, metrics=None, display=<pycaret.internal.display.display.CommonDisplay object at 0x7f0a0ffb6470>, model_only=True, return_train_score=False, error_score=0.0, kwargs={})
2026-01-29 14:32:39,985:INFO:Checking exceptions
2026-01-29 14:32:39,985:INFO:Importing libraries
2026-01-29 14:32:39,985:INFO:Copying training dataset
2026-01-29 14:32:40,051:INFO:Defining folds
2026-01-29 14:32:40,051:INFO:Declaring metric variables
2026-01-29 14:32:40,059:INFO:Importing untrained model
2026-01-29 14:32:40,069:INFO:Elastic Net Imported successfully
2026-01-29 14:32:40,086:INFO:Starting cross validation
2026-01-29 14:32:40,091:INFO:Cross validating with KFold(n_splits=10, random_state=None, shuffle=False), n_jobs=-1
2026-01-29 14:32:43,295:INFO:Calculating mean and std
2026-01-29 14:32:43,297:INFO:Creating metrics dataframe
2026-01-29 14:32:43,301:INFO:Uploading results into container
2026-01-29 14:32:43,302:INFO:Uploading model into container now
2026-01-29 14:32:43,303:INFO:_master_model_container: 4
2026-01-29 14:32:43,303:INFO:_display_container: 2
2026-01-29 14:32:43,304:INFO:ElasticNet(random_state=42)
2026-01-29 14:32:43,304:INFO:create_model() successfully completed......................................
2026-01-29 14:32:43,525:INFO:SubProcess create_model() end ==================================
2026-01-29 14:32:43,525:INFO:Creating metrics dataframe
2026-01-29 14:32:43,538:INFO:Initializing Least Angle Regression
2026-01-29 14:32:43,539:INFO:Total runtime is 0.3715262055397034 minutes
2026-01-29 14:32:43,548:INFO:SubProcess create_model() called ==================================
2026-01-29 14:32:43,549:INFO:Initializing create_model()
2026-01-29 14:32:43,549:INFO:create_model(self=<pycaret.regression.oop.RegressionExperiment object at 0x7f0a00cd4640>, estimator=lar, fold=KFold(n_splits=10, random_state=None, shuffle=False), round=4, cross_validation=True, predict=True, fit_kwargs={}, groups=None, refit=False, probability_threshold=None, experiment_custom_tags=None, verbose=False, system=False, add_to_model_list=True, metrics=None, display=<pycaret.internal.display.display.CommonDisplay object at 0x7f0a0ffb6470>, model_only=True, return_train_score=False, error_score=0.0, kwargs={})
2026-01-29 14:32:43,549:INFO:Checking exceptions
2026-01-29 14:32:43,550:INFO:Importing libraries
2026-01-29 14:32:43,550:INFO:Copying training dataset
2026-01-29 14:32:43,619:INFO:Defining folds
2026-01-29 14:32:43,619:INFO:Declaring metric variables
2026-01-29 14:32:43,627:INFO:Importing untrained model
2026-01-29 14:32:43,638:INFO:Least Angle Regression Imported successfully
2026-01-29 14:32:43,656:INFO:Starting cross validation
2026-01-29 14:32:43,661:INFO:Cross validating with KFold(n_splits=10, random_state=None, shuffle=False), n_jobs=-1
2026-01-29 14:32:44,780:WARNING:/home/ilyandho/.local/share/mamba/envs/pycaret/lib/python3.10/site-packages/sklearn/linear_model/_least_angle.py:775: RuntimeWarning: overflow encountered in divide
  g2 = arrayfuncs.min_pos((C + Cov) / (AA + corr_eq_dir + tiny32))

2026-01-29 14:32:44,780:WARNING:/home/ilyandho/.local/share/mamba/envs/pycaret/lib/python3.10/site-packages/sklearn/linear_model/_least_angle.py:812: RuntimeWarning: overflow encountered in multiply
  coef[active] = prev_coef[active] + gamma_ * least_squares

2026-01-29 14:32:44,781:WARNING:/home/ilyandho/.local/share/mamba/envs/pycaret/lib/python3.10/site-packages/sklearn/linear_model/_least_angle.py:771: RuntimeWarning: overflow encountered in divide
  g1 = arrayfuncs.min_pos((C - Cov) / (AA - corr_eq_dir + tiny32))

2026-01-29 14:32:44,785:WARNING:/home/ilyandho/.local/share/mamba/envs/pycaret/lib/python3.10/site-packages/sklearn/linear_model/_least_angle.py:780: RuntimeWarning: overflow encountered in divide
  z = -coef[active] / (least_squares + tiny32)

2026-01-29 14:32:44,786:WARNING:/home/ilyandho/.local/share/mamba/envs/pycaret/lib/python3.10/site-packages/sklearn/linear_model/_least_angle.py:812: RuntimeWarning: overflow encountered in cast
  coef[active] = prev_coef[active] + gamma_ * least_squares

2026-01-29 14:32:44,904:WARNING:/home/ilyandho/.local/share/mamba/envs/pycaret/lib/python3.10/site-packages/sklearn/utils/extmath.py:208: RuntimeWarning: overflow encountered in matmul
  ret = a @ b

2026-01-29 14:32:44,904:WARNING:/home/ilyandho/.local/share/mamba/envs/pycaret/lib/python3.10/site-packages/sklearn/utils/extmath.py:208: RuntimeWarning: invalid value encountered in matmul
  ret = a @ b

2026-01-29 14:32:44,911:WARNING:/home/ilyandho/.local/share/mamba/envs/pycaret/lib/python3.10/site-packages/pycaret/internal/metrics.py:204: FitFailedWarning: Metric 'make_scorer(root_mean_squared_log_error, greater_is_better=False, response_method='predict')' failed and error score 0.0 has been returned instead. If this is a custom metric, this usually means that the error is in the metric code. Full exception below:
Traceback (most recent call last):
  File "/home/ilyandho/.local/share/mamba/envs/pycaret/lib/python3.10/site-packages/pycaret/internal/metrics.py", line 196, in _score
    return super()._score(
  File "/home/ilyandho/.local/share/mamba/envs/pycaret/lib/python3.10/site-packages/sklearn/metrics/_scorer.py", line 350, in _score
    return self._sign * self._score_func(y_true, y_pred, **scoring_kwargs)
  File "/home/ilyandho/.local/share/mamba/envs/pycaret/lib/python3.10/site-packages/pycaret/containers/metrics/regression.py", line 209, in root_mean_squared_log_error
    metrics.mean_squared_log_error(
  File "/home/ilyandho/.local/share/mamba/envs/pycaret/lib/python3.10/site-packages/sklearn/utils/_param_validation.py", line 213, in wrapper
    return func(*args, **kwargs)
  File "/home/ilyandho/.local/share/mamba/envs/pycaret/lib/python3.10/site-packages/sklearn/metrics/_regression.py", line 680, in mean_squared_log_error
    y_type, y_true, y_pred, multioutput = _check_reg_targets(
  File "/home/ilyandho/.local/share/mamba/envs/pycaret/lib/python3.10/site-packages/sklearn/metrics/_regression.py", line 104, in _check_reg_targets
    y_pred = check_array(y_pred, ensure_2d=False, dtype=dtype)
  File "/home/ilyandho/.local/share/mamba/envs/pycaret/lib/python3.10/site-packages/sklearn/utils/validation.py", line 1049, in check_array
    _assert_all_finite(
  File "/home/ilyandho/.local/share/mamba/envs/pycaret/lib/python3.10/site-packages/sklearn/utils/validation.py", line 126, in _assert_all_finite
    _assert_all_finite_element_wise(
  File "/home/ilyandho/.local/share/mamba/envs/pycaret/lib/python3.10/site-packages/sklearn/utils/validation.py", line 175, in _assert_all_finite_element_wise
    raise ValueError(msg_err)
ValueError: Input contains NaN.

  warnings.warn(

2026-01-29 14:32:44,912:WARNING:/home/ilyandho/.local/share/mamba/envs/pycaret/lib/python3.10/site-packages/pycaret/internal/metrics.py:204: FitFailedWarning: Metric 'make_scorer(mean_absolute_percentage_error, greater_is_better=False, response_method='predict')' failed and error score 0.0 has been returned instead. If this is a custom metric, this usually means that the error is in the metric code. Full exception below:
Traceback (most recent call last):
  File "/home/ilyandho/.local/share/mamba/envs/pycaret/lib/python3.10/site-packages/pycaret/internal/metrics.py", line 196, in _score
    return super()._score(
  File "/home/ilyandho/.local/share/mamba/envs/pycaret/lib/python3.10/site-packages/sklearn/metrics/_scorer.py", line 350, in _score
    return self._sign * self._score_func(y_true, y_pred, **scoring_kwargs)
  File "/home/ilyandho/.local/share/mamba/envs/pycaret/lib/python3.10/site-packages/pycaret/containers/metrics/regression.py", line 233, in mean_absolute_percentage_error
    y_type, y_true, y_pred, multioutput = _check_reg_targets(
  File "/home/ilyandho/.local/share/mamba/envs/pycaret/lib/python3.10/site-packages/sklearn/metrics/_regression.py", line 104, in _check_reg_targets
    y_pred = check_array(y_pred, ensure_2d=False, dtype=dtype)
  File "/home/ilyandho/.local/share/mamba/envs/pycaret/lib/python3.10/site-packages/sklearn/utils/validation.py", line 1049, in check_array
    _assert_all_finite(
  File "/home/ilyandho/.local/share/mamba/envs/pycaret/lib/python3.10/site-packages/sklearn/utils/validation.py", line 126, in _assert_all_finite
    _assert_all_finite_element_wise(
  File "/home/ilyandho/.local/share/mamba/envs/pycaret/lib/python3.10/site-packages/sklearn/utils/validation.py", line 175, in _assert_all_finite_element_wise
    raise ValueError(msg_err)
ValueError: Input contains NaN.

  warnings.warn(

2026-01-29 14:32:44,912:WARNING:/home/ilyandho/.local/share/mamba/envs/pycaret/lib/python3.10/site-packages/sklearn/model_selection/_validation.py:1011: UserWarning: Scoring failed. The score on this train-test partition for these parameters will be set to 0.0. Details: 
Traceback (most recent call last):
  File "/home/ilyandho/.local/share/mamba/envs/pycaret/lib/python3.10/site-packages/sklearn/metrics/_scorer.py", line 137, in __call__
    score = scorer._score(
  File "/home/ilyandho/.local/share/mamba/envs/pycaret/lib/python3.10/site-packages/sklearn/metrics/_scorer.py", line 350, in _score
    return self._sign * self._score_func(y_true, y_pred, **scoring_kwargs)
  File "/home/ilyandho/.local/share/mamba/envs/pycaret/lib/python3.10/site-packages/sklearn/utils/_param_validation.py", line 213, in wrapper
    return func(*args, **kwargs)
  File "/home/ilyandho/.local/share/mamba/envs/pycaret/lib/python3.10/site-packages/sklearn/metrics/_regression.py", line 207, in mean_absolute_error
    y_type, y_true, y_pred, multioutput = _check_reg_targets(
  File "/home/ilyandho/.local/share/mamba/envs/pycaret/lib/python3.10/site-packages/sklearn/metrics/_regression.py", line 104, in _check_reg_targets
    y_pred = check_array(y_pred, ensure_2d=False, dtype=dtype)
  File "/home/ilyandho/.local/share/mamba/envs/pycaret/lib/python3.10/site-packages/sklearn/utils/validation.py", line 1049, in check_array
    _assert_all_finite(
  File "/home/ilyandho/.local/share/mamba/envs/pycaret/lib/python3.10/site-packages/sklearn/utils/validation.py", line 126, in _assert_all_finite
    _assert_all_finite_element_wise(
  File "/home/ilyandho/.local/share/mamba/envs/pycaret/lib/python3.10/site-packages/sklearn/utils/validation.py", line 175, in _assert_all_finite_element_wise
    raise ValueError(msg_err)
ValueError: Input contains NaN.

  warnings.warn(

2026-01-29 14:32:44,913:WARNING:/home/ilyandho/.local/share/mamba/envs/pycaret/lib/python3.10/site-packages/sklearn/model_selection/_validation.py:1011: UserWarning: Scoring failed. The score on this train-test partition for these parameters will be set to 0.0. Details: 
Traceback (most recent call last):
  File "/home/ilyandho/.local/share/mamba/envs/pycaret/lib/python3.10/site-packages/sklearn/metrics/_scorer.py", line 137, in __call__
    score = scorer._score(
  File "/home/ilyandho/.local/share/mamba/envs/pycaret/lib/python3.10/site-packages/sklearn/metrics/_scorer.py", line 350, in _score
    return self._sign * self._score_func(y_true, y_pred, **scoring_kwargs)
  File "/home/ilyandho/.local/share/mamba/envs/pycaret/lib/python3.10/site-packages/sklearn/utils/_param_validation.py", line 213, in wrapper
    return func(*args, **kwargs)
  File "/home/ilyandho/.local/share/mamba/envs/pycaret/lib/python3.10/site-packages/sklearn/metrics/_regression.py", line 497, in mean_squared_error
    y_type, y_true, y_pred, multioutput = _check_reg_targets(
  File "/home/ilyandho/.local/share/mamba/envs/pycaret/lib/python3.10/site-packages/sklearn/metrics/_regression.py", line 104, in _check_reg_targets
    y_pred = check_array(y_pred, ensure_2d=False, dtype=dtype)
  File "/home/ilyandho/.local/share/mamba/envs/pycaret/lib/python3.10/site-packages/sklearn/utils/validation.py", line 1049, in check_array
    _assert_all_finite(
  File "/home/ilyandho/.local/share/mamba/envs/pycaret/lib/python3.10/site-packages/sklearn/utils/validation.py", line 126, in _assert_all_finite
    _assert_all_finite_element_wise(
  File "/home/ilyandho/.local/share/mamba/envs/pycaret/lib/python3.10/site-packages/sklearn/utils/validation.py", line 175, in _assert_all_finite_element_wise
    raise ValueError(msg_err)
ValueError: Input contains NaN.

  warnings.warn(

2026-01-29 14:32:44,913:WARNING:/home/ilyandho/.local/share/mamba/envs/pycaret/lib/python3.10/site-packages/sklearn/model_selection/_validation.py:1011: UserWarning: Scoring failed. The score on this train-test partition for these parameters will be set to 0.0. Details: 
Traceback (most recent call last):
  File "/home/ilyandho/.local/share/mamba/envs/pycaret/lib/python3.10/site-packages/sklearn/metrics/_scorer.py", line 137, in __call__
    score = scorer._score(
  File "/home/ilyandho/.local/share/mamba/envs/pycaret/lib/python3.10/site-packages/sklearn/metrics/_scorer.py", line 350, in _score
    return self._sign * self._score_func(y_true, y_pred, **scoring_kwargs)
  File "/home/ilyandho/.local/share/mamba/envs/pycaret/lib/python3.10/site-packages/sklearn/utils/_param_validation.py", line 213, in wrapper
    return func(*args, **kwargs)
  File "/home/ilyandho/.local/share/mamba/envs/pycaret/lib/python3.10/site-packages/sklearn/metrics/_regression.py", line 572, in root_mean_squared_error
    mean_squared_error(
  File "/home/ilyandho/.local/share/mamba/envs/pycaret/lib/python3.10/site-packages/sklearn/utils/_param_validation.py", line 186, in wrapper
    return func(*args, **kwargs)
  File "/home/ilyandho/.local/share/mamba/envs/pycaret/lib/python3.10/site-packages/sklearn/metrics/_regression.py", line 497, in mean_squared_error
    y_type, y_true, y_pred, multioutput = _check_reg_targets(
  File "/home/ilyandho/.local/share/mamba/envs/pycaret/lib/python3.10/site-packages/sklearn/metrics/_regression.py", line 104, in _check_reg_targets
    y_pred = check_array(y_pred, ensure_2d=False, dtype=dtype)
  File "/home/ilyandho/.local/share/mamba/envs/pycaret/lib/python3.10/site-packages/sklearn/utils/validation.py", line 1049, in check_array
    _assert_all_finite(
  File "/home/ilyandho/.local/share/mamba/envs/pycaret/lib/python3.10/site-packages/sklearn/utils/validation.py", line 126, in _assert_all_finite
    _assert_all_finite_element_wise(
  File "/home/ilyandho/.local/share/mamba/envs/pycaret/lib/python3.10/site-packages/sklearn/utils/validation.py", line 175, in _assert_all_finite_element_wise
    raise ValueError(msg_err)
ValueError: Input contains NaN.

  warnings.warn(

2026-01-29 14:32:44,913:WARNING:/home/ilyandho/.local/share/mamba/envs/pycaret/lib/python3.10/site-packages/sklearn/model_selection/_validation.py:1011: UserWarning: Scoring failed. The score on this train-test partition for these parameters will be set to 0.0. Details: 
Traceback (most recent call last):
  File "/home/ilyandho/.local/share/mamba/envs/pycaret/lib/python3.10/site-packages/sklearn/metrics/_scorer.py", line 137, in __call__
    score = scorer._score(
  File "/home/ilyandho/.local/share/mamba/envs/pycaret/lib/python3.10/site-packages/sklearn/metrics/_scorer.py", line 350, in _score
    return self._sign * self._score_func(y_true, y_pred, **scoring_kwargs)
  File "/home/ilyandho/.local/share/mamba/envs/pycaret/lib/python3.10/site-packages/sklearn/utils/_param_validation.py", line 213, in wrapper
    return func(*args, **kwargs)
  File "/home/ilyandho/.local/share/mamba/envs/pycaret/lib/python3.10/site-packages/sklearn/metrics/_regression.py", line 1180, in r2_score
    y_type, y_true, y_pred, multioutput = _check_reg_targets(
  File "/home/ilyandho/.local/share/mamba/envs/pycaret/lib/python3.10/site-packages/sklearn/metrics/_regression.py", line 104, in _check_reg_targets
    y_pred = check_array(y_pred, ensure_2d=False, dtype=dtype)
  File "/home/ilyandho/.local/share/mamba/envs/pycaret/lib/python3.10/site-packages/sklearn/utils/validation.py", line 1049, in check_array
    _assert_all_finite(
  File "/home/ilyandho/.local/share/mamba/envs/pycaret/lib/python3.10/site-packages/sklearn/utils/validation.py", line 126, in _assert_all_finite
    _assert_all_finite_element_wise(
  File "/home/ilyandho/.local/share/mamba/envs/pycaret/lib/python3.10/site-packages/sklearn/utils/validation.py", line 175, in _assert_all_finite_element_wise
    raise ValueError(msg_err)
ValueError: Input contains NaN.

  warnings.warn(

2026-01-29 14:32:46,555:WARNING:/home/ilyandho/.local/share/mamba/envs/pycaret/lib/python3.10/site-packages/sklearn/linear_model/_least_angle.py:812: RuntimeWarning: overflow encountered in add
  coef[active] = prev_coef[active] + gamma_ * least_squares

2026-01-29 14:32:46,556:WARNING:/home/ilyandho/.local/share/mamba/envs/pycaret/lib/python3.10/site-packages/sklearn/linear_model/_least_angle.py:812: RuntimeWarning: overflow encountered in multiply
  coef[active] = prev_coef[active] + gamma_ * least_squares

2026-01-29 14:32:46,557:WARNING:/home/ilyandho/.local/share/mamba/envs/pycaret/lib/python3.10/site-packages/sklearn/linear_model/_least_angle.py:775: RuntimeWarning: overflow encountered in divide
  g2 = arrayfuncs.min_pos((C + Cov) / (AA + corr_eq_dir + tiny32))

2026-01-29 14:32:46,557:WARNING:/home/ilyandho/.local/share/mamba/envs/pycaret/lib/python3.10/site-packages/sklearn/linear_model/_least_angle.py:771: RuntimeWarning: overflow encountered in divide
  g1 = arrayfuncs.min_pos((C - Cov) / (AA - corr_eq_dir + tiny32))

2026-01-29 14:32:46,558:WARNING:/home/ilyandho/.local/share/mamba/envs/pycaret/lib/python3.10/site-packages/sklearn/linear_model/_least_angle.py:780: RuntimeWarning: overflow encountered in divide
  z = -coef[active] / (least_squares + tiny32)

2026-01-29 14:32:46,629:WARNING:/home/ilyandho/.local/share/mamba/envs/pycaret/lib/python3.10/site-packages/sklearn/utils/extmath.py:208: RuntimeWarning: overflow encountered in matmul
  ret = a @ b

2026-01-29 14:32:46,630:WARNING:/home/ilyandho/.local/share/mamba/envs/pycaret/lib/python3.10/site-packages/sklearn/utils/extmath.py:208: RuntimeWarning: invalid value encountered in matmul
  ret = a @ b

2026-01-29 14:32:46,637:WARNING:/home/ilyandho/.local/share/mamba/envs/pycaret/lib/python3.10/site-packages/pycaret/internal/metrics.py:204: FitFailedWarning: Metric 'make_scorer(root_mean_squared_log_error, greater_is_better=False, response_method='predict')' failed and error score 0.0 has been returned instead. If this is a custom metric, this usually means that the error is in the metric code. Full exception below:
Traceback (most recent call last):
  File "/home/ilyandho/.local/share/mamba/envs/pycaret/lib/python3.10/site-packages/pycaret/internal/metrics.py", line 196, in _score
    return super()._score(
  File "/home/ilyandho/.local/share/mamba/envs/pycaret/lib/python3.10/site-packages/sklearn/metrics/_scorer.py", line 350, in _score
    return self._sign * self._score_func(y_true, y_pred, **scoring_kwargs)
  File "/home/ilyandho/.local/share/mamba/envs/pycaret/lib/python3.10/site-packages/pycaret/containers/metrics/regression.py", line 209, in root_mean_squared_log_error
    metrics.mean_squared_log_error(
  File "/home/ilyandho/.local/share/mamba/envs/pycaret/lib/python3.10/site-packages/sklearn/utils/_param_validation.py", line 213, in wrapper
    return func(*args, **kwargs)
  File "/home/ilyandho/.local/share/mamba/envs/pycaret/lib/python3.10/site-packages/sklearn/metrics/_regression.py", line 680, in mean_squared_log_error
    y_type, y_true, y_pred, multioutput = _check_reg_targets(
  File "/home/ilyandho/.local/share/mamba/envs/pycaret/lib/python3.10/site-packages/sklearn/metrics/_regression.py", line 104, in _check_reg_targets
    y_pred = check_array(y_pred, ensure_2d=False, dtype=dtype)
  File "/home/ilyandho/.local/share/mamba/envs/pycaret/lib/python3.10/site-packages/sklearn/utils/validation.py", line 1049, in check_array
    _assert_all_finite(
  File "/home/ilyandho/.local/share/mamba/envs/pycaret/lib/python3.10/site-packages/sklearn/utils/validation.py", line 126, in _assert_all_finite
    _assert_all_finite_element_wise(
  File "/home/ilyandho/.local/share/mamba/envs/pycaret/lib/python3.10/site-packages/sklearn/utils/validation.py", line 175, in _assert_all_finite_element_wise
    raise ValueError(msg_err)
ValueError: Input contains NaN.

  warnings.warn(

2026-01-29 14:32:46,639:WARNING:/home/ilyandho/.local/share/mamba/envs/pycaret/lib/python3.10/site-packages/pycaret/internal/metrics.py:204: FitFailedWarning: Metric 'make_scorer(mean_absolute_percentage_error, greater_is_better=False, response_method='predict')' failed and error score 0.0 has been returned instead. If this is a custom metric, this usually means that the error is in the metric code. Full exception below:
Traceback (most recent call last):
  File "/home/ilyandho/.local/share/mamba/envs/pycaret/lib/python3.10/site-packages/pycaret/internal/metrics.py", line 196, in _score
    return super()._score(
  File "/home/ilyandho/.local/share/mamba/envs/pycaret/lib/python3.10/site-packages/sklearn/metrics/_scorer.py", line 350, in _score
    return self._sign * self._score_func(y_true, y_pred, **scoring_kwargs)
  File "/home/ilyandho/.local/share/mamba/envs/pycaret/lib/python3.10/site-packages/pycaret/containers/metrics/regression.py", line 233, in mean_absolute_percentage_error
    y_type, y_true, y_pred, multioutput = _check_reg_targets(
  File "/home/ilyandho/.local/share/mamba/envs/pycaret/lib/python3.10/site-packages/sklearn/metrics/_regression.py", line 104, in _check_reg_targets
    y_pred = check_array(y_pred, ensure_2d=False, dtype=dtype)
  File "/home/ilyandho/.local/share/mamba/envs/pycaret/lib/python3.10/site-packages/sklearn/utils/validation.py", line 1049, in check_array
    _assert_all_finite(
  File "/home/ilyandho/.local/share/mamba/envs/pycaret/lib/python3.10/site-packages/sklearn/utils/validation.py", line 126, in _assert_all_finite
    _assert_all_finite_element_wise(
  File "/home/ilyandho/.local/share/mamba/envs/pycaret/lib/python3.10/site-packages/sklearn/utils/validation.py", line 175, in _assert_all_finite_element_wise
    raise ValueError(msg_err)
ValueError: Input contains NaN.

  warnings.warn(

2026-01-29 14:32:46,639:WARNING:/home/ilyandho/.local/share/mamba/envs/pycaret/lib/python3.10/site-packages/sklearn/model_selection/_validation.py:1011: UserWarning: Scoring failed. The score on this train-test partition for these parameters will be set to 0.0. Details: 
Traceback (most recent call last):
  File "/home/ilyandho/.local/share/mamba/envs/pycaret/lib/python3.10/site-packages/sklearn/metrics/_scorer.py", line 137, in __call__
    score = scorer._score(
  File "/home/ilyandho/.local/share/mamba/envs/pycaret/lib/python3.10/site-packages/sklearn/metrics/_scorer.py", line 350, in _score
    return self._sign * self._score_func(y_true, y_pred, **scoring_kwargs)
  File "/home/ilyandho/.local/share/mamba/envs/pycaret/lib/python3.10/site-packages/sklearn/utils/_param_validation.py", line 213, in wrapper
    return func(*args, **kwargs)
  File "/home/ilyandho/.local/share/mamba/envs/pycaret/lib/python3.10/site-packages/sklearn/metrics/_regression.py", line 207, in mean_absolute_error
    y_type, y_true, y_pred, multioutput = _check_reg_targets(
  File "/home/ilyandho/.local/share/mamba/envs/pycaret/lib/python3.10/site-packages/sklearn/metrics/_regression.py", line 104, in _check_reg_targets
    y_pred = check_array(y_pred, ensure_2d=False, dtype=dtype)
  File "/home/ilyandho/.local/share/mamba/envs/pycaret/lib/python3.10/site-packages/sklearn/utils/validation.py", line 1049, in check_array
    _assert_all_finite(
  File "/home/ilyandho/.local/share/mamba/envs/pycaret/lib/python3.10/site-packages/sklearn/utils/validation.py", line 126, in _assert_all_finite
    _assert_all_finite_element_wise(
  File "/home/ilyandho/.local/share/mamba/envs/pycaret/lib/python3.10/site-packages/sklearn/utils/validation.py", line 175, in _assert_all_finite_element_wise
    raise ValueError(msg_err)
ValueError: Input contains NaN.

  warnings.warn(

2026-01-29 14:32:46,640:WARNING:/home/ilyandho/.local/share/mamba/envs/pycaret/lib/python3.10/site-packages/sklearn/model_selection/_validation.py:1011: UserWarning: Scoring failed. The score on this train-test partition for these parameters will be set to 0.0. Details: 
Traceback (most recent call last):
  File "/home/ilyandho/.local/share/mamba/envs/pycaret/lib/python3.10/site-packages/sklearn/metrics/_scorer.py", line 137, in __call__
    score = scorer._score(
  File "/home/ilyandho/.local/share/mamba/envs/pycaret/lib/python3.10/site-packages/sklearn/metrics/_scorer.py", line 350, in _score
    return self._sign * self._score_func(y_true, y_pred, **scoring_kwargs)
  File "/home/ilyandho/.local/share/mamba/envs/pycaret/lib/python3.10/site-packages/sklearn/utils/_param_validation.py", line 213, in wrapper
    return func(*args, **kwargs)
  File "/home/ilyandho/.local/share/mamba/envs/pycaret/lib/python3.10/site-packages/sklearn/metrics/_regression.py", line 497, in mean_squared_error
    y_type, y_true, y_pred, multioutput = _check_reg_targets(
  File "/home/ilyandho/.local/share/mamba/envs/pycaret/lib/python3.10/site-packages/sklearn/metrics/_regression.py", line 104, in _check_reg_targets
    y_pred = check_array(y_pred, ensure_2d=False, dtype=dtype)
  File "/home/ilyandho/.local/share/mamba/envs/pycaret/lib/python3.10/site-packages/sklearn/utils/validation.py", line 1049, in check_array
    _assert_all_finite(
  File "/home/ilyandho/.local/share/mamba/envs/pycaret/lib/python3.10/site-packages/sklearn/utils/validation.py", line 126, in _assert_all_finite
    _assert_all_finite_element_wise(
  File "/home/ilyandho/.local/share/mamba/envs/pycaret/lib/python3.10/site-packages/sklearn/utils/validation.py", line 175, in _assert_all_finite_element_wise
    raise ValueError(msg_err)
ValueError: Input contains NaN.

  warnings.warn(

2026-01-29 14:32:46,640:WARNING:/home/ilyandho/.local/share/mamba/envs/pycaret/lib/python3.10/site-packages/sklearn/model_selection/_validation.py:1011: UserWarning: Scoring failed. The score on this train-test partition for these parameters will be set to 0.0. Details: 
Traceback (most recent call last):
  File "/home/ilyandho/.local/share/mamba/envs/pycaret/lib/python3.10/site-packages/sklearn/metrics/_scorer.py", line 137, in __call__
    score = scorer._score(
  File "/home/ilyandho/.local/share/mamba/envs/pycaret/lib/python3.10/site-packages/sklearn/metrics/_scorer.py", line 350, in _score
    return self._sign * self._score_func(y_true, y_pred, **scoring_kwargs)
  File "/home/ilyandho/.local/share/mamba/envs/pycaret/lib/python3.10/site-packages/sklearn/utils/_param_validation.py", line 213, in wrapper
    return func(*args, **kwargs)
  File "/home/ilyandho/.local/share/mamba/envs/pycaret/lib/python3.10/site-packages/sklearn/metrics/_regression.py", line 572, in root_mean_squared_error
    mean_squared_error(
  File "/home/ilyandho/.local/share/mamba/envs/pycaret/lib/python3.10/site-packages/sklearn/utils/_param_validation.py", line 186, in wrapper
    return func(*args, **kwargs)
  File "/home/ilyandho/.local/share/mamba/envs/pycaret/lib/python3.10/site-packages/sklearn/metrics/_regression.py", line 497, in mean_squared_error
    y_type, y_true, y_pred, multioutput = _check_reg_targets(
  File "/home/ilyandho/.local/share/mamba/envs/pycaret/lib/python3.10/site-packages/sklearn/metrics/_regression.py", line 104, in _check_reg_targets
    y_pred = check_array(y_pred, ensure_2d=False, dtype=dtype)
  File "/home/ilyandho/.local/share/mamba/envs/pycaret/lib/python3.10/site-packages/sklearn/utils/validation.py", line 1049, in check_array
    _assert_all_finite(
  File "/home/ilyandho/.local/share/mamba/envs/pycaret/lib/python3.10/site-packages/sklearn/utils/validation.py", line 126, in _assert_all_finite
    _assert_all_finite_element_wise(
  File "/home/ilyandho/.local/share/mamba/envs/pycaret/lib/python3.10/site-packages/sklearn/utils/validation.py", line 175, in _assert_all_finite_element_wise
    raise ValueError(msg_err)
ValueError: Input contains NaN.

  warnings.warn(

2026-01-29 14:32:46,640:WARNING:/home/ilyandho/.local/share/mamba/envs/pycaret/lib/python3.10/site-packages/sklearn/model_selection/_validation.py:1011: UserWarning: Scoring failed. The score on this train-test partition for these parameters will be set to 0.0. Details: 
Traceback (most recent call last):
  File "/home/ilyandho/.local/share/mamba/envs/pycaret/lib/python3.10/site-packages/sklearn/metrics/_scorer.py", line 137, in __call__
    score = scorer._score(
  File "/home/ilyandho/.local/share/mamba/envs/pycaret/lib/python3.10/site-packages/sklearn/metrics/_scorer.py", line 350, in _score
    return self._sign * self._score_func(y_true, y_pred, **scoring_kwargs)
  File "/home/ilyandho/.local/share/mamba/envs/pycaret/lib/python3.10/site-packages/sklearn/utils/_param_validation.py", line 213, in wrapper
    return func(*args, **kwargs)
  File "/home/ilyandho/.local/share/mamba/envs/pycaret/lib/python3.10/site-packages/sklearn/metrics/_regression.py", line 1180, in r2_score
    y_type, y_true, y_pred, multioutput = _check_reg_targets(
  File "/home/ilyandho/.local/share/mamba/envs/pycaret/lib/python3.10/site-packages/sklearn/metrics/_regression.py", line 104, in _check_reg_targets
    y_pred = check_array(y_pred, ensure_2d=False, dtype=dtype)
  File "/home/ilyandho/.local/share/mamba/envs/pycaret/lib/python3.10/site-packages/sklearn/utils/validation.py", line 1049, in check_array
    _assert_all_finite(
  File "/home/ilyandho/.local/share/mamba/envs/pycaret/lib/python3.10/site-packages/sklearn/utils/validation.py", line 126, in _assert_all_finite
    _assert_all_finite_element_wise(
  File "/home/ilyandho/.local/share/mamba/envs/pycaret/lib/python3.10/site-packages/sklearn/utils/validation.py", line 175, in _assert_all_finite_element_wise
    raise ValueError(msg_err)
ValueError: Input contains NaN.

  warnings.warn(

2026-01-29 14:32:46,768:INFO:Calculating mean and std
2026-01-29 14:32:46,770:INFO:Creating metrics dataframe
2026-01-29 14:32:46,780:INFO:Uploading results into container
2026-01-29 14:32:46,781:INFO:Uploading model into container now
2026-01-29 14:32:46,785:INFO:_master_model_container: 5
2026-01-29 14:32:46,785:INFO:_display_container: 2
2026-01-29 14:32:46,786:INFO:Lars(random_state=42)
2026-01-29 14:32:46,788:INFO:create_model() successfully completed......................................
2026-01-29 14:32:47,076:INFO:SubProcess create_model() end ==================================
2026-01-29 14:32:47,076:INFO:Creating metrics dataframe
2026-01-29 14:32:47,087:INFO:Initializing Lasso Least Angle Regression
2026-01-29 14:32:47,087:INFO:Total runtime is 0.4306660652160645 minutes
2026-01-29 14:32:47,101:INFO:SubProcess create_model() called ==================================
2026-01-29 14:32:47,101:INFO:Initializing create_model()
2026-01-29 14:32:47,102:INFO:create_model(self=<pycaret.regression.oop.RegressionExperiment object at 0x7f0a00cd4640>, estimator=llar, fold=KFold(n_splits=10, random_state=None, shuffle=False), round=4, cross_validation=True, predict=True, fit_kwargs={}, groups=None, refit=False, probability_threshold=None, experiment_custom_tags=None, verbose=False, system=False, add_to_model_list=True, metrics=None, display=<pycaret.internal.display.display.CommonDisplay object at 0x7f0a0ffb6470>, model_only=True, return_train_score=False, error_score=0.0, kwargs={})
2026-01-29 14:32:47,102:INFO:Checking exceptions
2026-01-29 14:32:47,102:INFO:Importing libraries
2026-01-29 14:32:47,102:INFO:Copying training dataset
2026-01-29 14:32:47,283:INFO:Defining folds
2026-01-29 14:32:47,284:INFO:Declaring metric variables
2026-01-29 14:32:47,298:INFO:Importing untrained model
2026-01-29 14:32:47,308:INFO:Lasso Least Angle Regression Imported successfully
2026-01-29 14:32:47,327:INFO:Starting cross validation
2026-01-29 14:32:47,333:INFO:Cross validating with KFold(n_splits=10, random_state=None, shuffle=False), n_jobs=-1
2026-01-29 14:32:48,733:WARNING:/home/ilyandho/.local/share/mamba/envs/pycaret/lib/python3.10/site-packages/sklearn/linear_model/_least_angle.py:718: ConvergenceWarning: Early stopping the lars path, as the residues are small and the current value of alpha is no longer well controlled. 22 iterations, alpha=2.298e+00, previous alpha=2.297e+00, with an active set of 15 regressors.
  warnings.warn(

2026-01-29 14:32:50,478:INFO:Calculating mean and std
2026-01-29 14:32:50,479:INFO:Creating metrics dataframe
2026-01-29 14:32:50,481:INFO:Uploading results into container
2026-01-29 14:32:50,482:INFO:Uploading model into container now
2026-01-29 14:32:50,482:INFO:_master_model_container: 6
2026-01-29 14:32:50,482:INFO:_display_container: 2
2026-01-29 14:32:50,483:INFO:LassoLars(random_state=42)
2026-01-29 14:32:50,483:INFO:create_model() successfully completed......................................
2026-01-29 14:32:50,789:INFO:SubProcess create_model() end ==================================
2026-01-29 14:32:50,789:INFO:Creating metrics dataframe
2026-01-29 14:32:50,805:INFO:Initializing Orthogonal Matching Pursuit
2026-01-29 14:32:50,805:INFO:Total runtime is 0.49263031880060837 minutes
2026-01-29 14:32:50,815:INFO:SubProcess create_model() called ==================================
2026-01-29 14:32:50,816:INFO:Initializing create_model()
2026-01-29 14:32:50,816:INFO:create_model(self=<pycaret.regression.oop.RegressionExperiment object at 0x7f0a00cd4640>, estimator=omp, fold=KFold(n_splits=10, random_state=None, shuffle=False), round=4, cross_validation=True, predict=True, fit_kwargs={}, groups=None, refit=False, probability_threshold=None, experiment_custom_tags=None, verbose=False, system=False, add_to_model_list=True, metrics=None, display=<pycaret.internal.display.display.CommonDisplay object at 0x7f0a0ffb6470>, model_only=True, return_train_score=False, error_score=0.0, kwargs={})
2026-01-29 14:32:50,816:INFO:Checking exceptions
2026-01-29 14:32:50,816:INFO:Importing libraries
2026-01-29 14:32:50,816:INFO:Copying training dataset
2026-01-29 14:32:50,880:INFO:Defining folds
2026-01-29 14:32:50,880:INFO:Declaring metric variables
2026-01-29 14:32:50,889:INFO:Importing untrained model
2026-01-29 14:32:50,899:INFO:Orthogonal Matching Pursuit Imported successfully
2026-01-29 14:32:50,916:INFO:Starting cross validation
2026-01-29 14:32:50,920:INFO:Cross validating with KFold(n_splits=10, random_state=None, shuffle=False), n_jobs=-1
2026-01-29 14:32:54,021:INFO:Calculating mean and std
2026-01-29 14:32:54,022:INFO:Creating metrics dataframe
2026-01-29 14:32:54,026:INFO:Uploading results into container
2026-01-29 14:32:54,028:INFO:Uploading model into container now
2026-01-29 14:32:54,029:INFO:_master_model_container: 7
2026-01-29 14:32:54,030:INFO:_display_container: 2
2026-01-29 14:32:54,030:INFO:OrthogonalMatchingPursuit()
2026-01-29 14:32:54,030:INFO:create_model() successfully completed......................................
2026-01-29 14:32:54,255:INFO:SubProcess create_model() end ==================================
2026-01-29 14:32:54,255:INFO:Creating metrics dataframe
2026-01-29 14:32:54,269:INFO:Initializing Bayesian Ridge
2026-01-29 14:32:54,270:INFO:Total runtime is 0.55037526289622 minutes
2026-01-29 14:32:54,280:INFO:SubProcess create_model() called ==================================
2026-01-29 14:32:54,280:INFO:Initializing create_model()
2026-01-29 14:32:54,281:INFO:create_model(self=<pycaret.regression.oop.RegressionExperiment object at 0x7f0a00cd4640>, estimator=br, fold=KFold(n_splits=10, random_state=None, shuffle=False), round=4, cross_validation=True, predict=True, fit_kwargs={}, groups=None, refit=False, probability_threshold=None, experiment_custom_tags=None, verbose=False, system=False, add_to_model_list=True, metrics=None, display=<pycaret.internal.display.display.CommonDisplay object at 0x7f0a0ffb6470>, model_only=True, return_train_score=False, error_score=0.0, kwargs={})
2026-01-29 14:32:54,281:INFO:Checking exceptions
2026-01-29 14:32:54,281:INFO:Importing libraries
2026-01-29 14:32:54,281:INFO:Copying training dataset
2026-01-29 14:32:54,350:INFO:Defining folds
2026-01-29 14:32:54,350:INFO:Declaring metric variables
2026-01-29 14:32:54,360:INFO:Importing untrained model
2026-01-29 14:32:54,369:INFO:Bayesian Ridge Imported successfully
2026-01-29 14:32:54,387:INFO:Starting cross validation
2026-01-29 14:32:54,393:INFO:Cross validating with KFold(n_splits=10, random_state=None, shuffle=False), n_jobs=-1
2026-01-29 14:32:57,893:INFO:Calculating mean and std
2026-01-29 14:32:57,894:INFO:Creating metrics dataframe
2026-01-29 14:32:57,898:INFO:Uploading results into container
2026-01-29 14:32:57,899:INFO:Uploading model into container now
2026-01-29 14:32:57,900:INFO:_master_model_container: 8
2026-01-29 14:32:57,900:INFO:_display_container: 2
2026-01-29 14:32:57,900:INFO:BayesianRidge()
2026-01-29 14:32:57,901:INFO:create_model() successfully completed......................................
2026-01-29 14:32:58,135:INFO:SubProcess create_model() end ==================================
2026-01-29 14:32:58,135:INFO:Creating metrics dataframe
2026-01-29 14:32:58,150:INFO:Initializing Passive Aggressive Regressor
2026-01-29 14:32:58,150:INFO:Total runtime is 0.6150533517201742 minutes
2026-01-29 14:32:58,162:INFO:SubProcess create_model() called ==================================
2026-01-29 14:32:58,163:INFO:Initializing create_model()
2026-01-29 14:32:58,163:INFO:create_model(self=<pycaret.regression.oop.RegressionExperiment object at 0x7f0a00cd4640>, estimator=par, fold=KFold(n_splits=10, random_state=None, shuffle=False), round=4, cross_validation=True, predict=True, fit_kwargs={}, groups=None, refit=False, probability_threshold=None, experiment_custom_tags=None, verbose=False, system=False, add_to_model_list=True, metrics=None, display=<pycaret.internal.display.display.CommonDisplay object at 0x7f0a0ffb6470>, model_only=True, return_train_score=False, error_score=0.0, kwargs={})
2026-01-29 14:32:58,164:INFO:Checking exceptions
2026-01-29 14:32:58,164:INFO:Importing libraries
2026-01-29 14:32:58,164:INFO:Copying training dataset
2026-01-29 14:32:58,263:INFO:Defining folds
2026-01-29 14:32:58,263:INFO:Declaring metric variables
2026-01-29 14:32:58,274:INFO:Importing untrained model
2026-01-29 14:32:58,285:INFO:Passive Aggressive Regressor Imported successfully
2026-01-29 14:32:58,310:INFO:Starting cross validation
2026-01-29 14:32:58,320:INFO:Cross validating with KFold(n_splits=10, random_state=None, shuffle=False), n_jobs=-1
2026-01-29 14:33:17,576:WARNING:
'cuml' is a soft dependency and not included in the pycaret installation. Please run: `pip install cuml` to install.
2026-01-29 14:33:17,576:WARNING:
'cuml' is a soft dependency and not included in the pycaret installation. Please run: `pip install cuml` to install.
2026-01-29 14:33:17,576:WARNING:
'cuml' is a soft dependency and not included in the pycaret installation. Please run: `pip install cuml` to install.
2026-01-29 14:33:17,576:WARNING:
'cuml' is a soft dependency and not included in the pycaret installation. Please run: `pip install cuml` to install.
2026-01-29 14:33:21,048:INFO:PyCaret RegressionExperiment
2026-01-29 14:33:21,048:INFO:Logging name: reg-default-name
2026-01-29 14:33:21,048:INFO:ML Usecase: MLUsecase.REGRESSION
2026-01-29 14:33:21,048:INFO:version 3.3.2
2026-01-29 14:33:21,048:INFO:Initializing setup()
2026-01-29 14:33:21,048:INFO:self.USI: 2dd7
2026-01-29 14:33:21,048:INFO:self._variable_keys: {'data', '_available_plots', 'pipeline', 'fold_groups_param', 'logging_param', 'target_param', 'y_train', 'n_jobs_param', 'fold_generator', 'memory', 'exp_name_log', 'y_test', 'transform_target_param', 'USI', '_ml_usecase', 'seed', 'gpu_n_jobs_param', 'exp_id', 'X_train', 'fold_shuffle_param', 'X', 'log_plots_param', 'idx', 'X_test', 'y', 'gpu_param', 'html_param'}
2026-01-29 14:33:21,048:INFO:Checking environment
2026-01-29 14:33:21,049:INFO:python_version: 3.10.19
2026-01-29 14:33:21,049:INFO:python_build: ('main', 'Oct 22 2025 22:29:10')
2026-01-29 14:33:21,049:INFO:machine: x86_64
2026-01-29 14:33:21,049:INFO:platform: Linux-6.18.3-arch1-1-x86_64-with-glibc2.42
2026-01-29 14:33:21,049:INFO:Memory: svmem(total=16650223616, available=7925657600, percent=52.4, used=8724566016, free=1494016000, active=9089646592, inactive=4374704128, buffers=173158400, cached=7567572992, shared=963526656, slab=622456832)
2026-01-29 14:33:21,050:INFO:Physical Core: 2
2026-01-29 14:33:21,050:INFO:Logical Core: 4
2026-01-29 14:33:21,050:INFO:Checking libraries
2026-01-29 14:33:21,050:INFO:System:
2026-01-29 14:33:21,050:INFO:    python: 3.10.19 | packaged by conda-forge | (main, Oct 22 2025, 22:29:10) [GCC 14.3.0]
2026-01-29 14:33:21,050:INFO:executable: /home/ilyandho/.local/share/mamba/envs/pycaret/bin/python
2026-01-29 14:33:21,050:INFO:   machine: Linux-6.18.3-arch1-1-x86_64-with-glibc2.42
2026-01-29 14:33:21,051:INFO:PyCaret required dependencies:
2026-01-29 14:33:21,054:WARNING:/home/ilyandho/.local/share/mamba/envs/pycaret/lib/python3.10/site-packages/_distutils_hack/__init__.py:30: UserWarning: Setuptools is replacing distutils. Support for replacing an already imported distutils is deprecated. In the future, this condition will fail. Register concerns at https://github.com/pypa/setuptools/issues/new?template=distutils-deprecation.yml
  warnings.warn(

2026-01-29 14:33:21,093:INFO:                 pip: 25.3
2026-01-29 14:33:21,093:INFO:          setuptools: 80.9.0
2026-01-29 14:33:21,093:INFO:             pycaret: 3.3.2
2026-01-29 14:33:21,093:INFO:             IPython: 8.37.0
2026-01-29 14:33:21,093:INFO:          ipywidgets: 8.1.8
2026-01-29 14:33:21,093:INFO:                tqdm: 4.67.1
2026-01-29 14:33:21,093:INFO:               numpy: 1.26.4
2026-01-29 14:33:21,094:INFO:              pandas: 2.1.4
2026-01-29 14:33:21,094:INFO:              jinja2: 3.1.6
2026-01-29 14:33:21,094:INFO:               scipy: 1.11.4
2026-01-29 14:33:21,094:INFO:              joblib: 1.3.2
2026-01-29 14:33:21,094:INFO:             sklearn: 1.4.2
2026-01-29 14:33:21,094:INFO:                pyod: 2.0.6
2026-01-29 14:33:21,094:INFO:            imblearn: 0.14.1
2026-01-29 14:33:21,094:INFO:   category_encoders: 2.7.0
2026-01-29 14:33:21,094:INFO:            lightgbm: 4.6.0
2026-01-29 14:33:21,094:INFO:               numba: 0.63.1
2026-01-29 14:33:21,094:INFO:            requests: 2.32.5
2026-01-29 14:33:21,094:INFO:          matplotlib: 3.10.8
2026-01-29 14:33:21,094:INFO:          scikitplot: 0.3.7
2026-01-29 14:33:21,094:INFO:         yellowbrick: 1.5
2026-01-29 14:33:21,094:INFO:              plotly: 6.5.0
2026-01-29 14:33:21,094:INFO:    plotly-resampler: Not installed
2026-01-29 14:33:21,094:INFO:             kaleido: 0.2.1
2026-01-29 14:33:21,094:INFO:           schemdraw: 0.15
2026-01-29 14:33:21,094:INFO:         statsmodels: 0.14.6
2026-01-29 14:33:21,094:INFO:              sktime: 0.26.0
2026-01-29 14:33:21,094:INFO:               tbats: 1.1.3
2026-01-29 14:33:21,094:INFO:            pmdarima: 2.0.4
2026-01-29 14:33:21,095:INFO:              psutil: 7.2.1
2026-01-29 14:33:21,095:INFO:          markupsafe: 3.0.3
2026-01-29 14:33:21,095:INFO:             pickle5: Not installed
2026-01-29 14:33:21,095:INFO:         cloudpickle: 3.1.2
2026-01-29 14:33:21,095:INFO:         deprecation: 2.1.0
2026-01-29 14:33:21,095:INFO:              xxhash: 3.6.0
2026-01-29 14:33:21,095:INFO:           wurlitzer: 3.1.1
2026-01-29 14:33:21,095:INFO:PyCaret optional dependencies:
2026-01-29 14:33:21,196:INFO:                shap: Not installed
2026-01-29 14:33:21,196:INFO:           interpret: Not installed
2026-01-29 14:33:21,196:INFO:                umap: 0.5.9.post2
2026-01-29 14:33:21,197:INFO:     ydata_profiling: Not installed
2026-01-29 14:33:21,197:INFO:  explainerdashboard: Not installed
2026-01-29 14:33:21,197:INFO:             autoviz: Not installed
2026-01-29 14:33:21,197:INFO:           fairlearn: Not installed
2026-01-29 14:33:21,197:INFO:          deepchecks: Not installed
2026-01-29 14:33:21,197:INFO:             xgboost: 3.1.3
2026-01-29 14:33:21,197:INFO:            catboost: Not installed
2026-01-29 14:33:21,197:INFO:              kmodes: Not installed
2026-01-29 14:33:21,197:INFO:             mlxtend: Not installed
2026-01-29 14:33:21,197:INFO:       statsforecast: Not installed
2026-01-29 14:33:21,197:INFO:        tune_sklearn: Not installed
2026-01-29 14:33:21,197:INFO:                 ray: Not installed
2026-01-29 14:33:21,197:INFO:            hyperopt: Not installed
2026-01-29 14:33:21,197:INFO:              optuna: Not installed
2026-01-29 14:33:21,197:INFO:               skopt: Not installed
2026-01-29 14:33:21,197:INFO:              mlflow: Not installed
2026-01-29 14:33:21,198:INFO:              gradio: Not installed
2026-01-29 14:33:21,198:INFO:             fastapi: Not installed
2026-01-29 14:33:21,198:INFO:             uvicorn: Not installed
2026-01-29 14:33:21,199:INFO:              m2cgen: Not installed
2026-01-29 14:33:21,199:INFO:           evidently: Not installed
2026-01-29 14:33:21,200:INFO:               fugue: Not installed
2026-01-29 14:33:21,200:INFO:           streamlit: Not installed
2026-01-29 14:33:21,200:INFO:             prophet: Not installed
2026-01-29 14:33:21,200:INFO:None
2026-01-29 14:33:21,200:INFO:Set up data.
2026-01-29 14:33:21,585:INFO:Set up folding strategy.
2026-01-29 14:33:21,585:INFO:Set up train/test split.
2026-01-29 14:33:21,652:INFO:Set up index.
2026-01-29 14:33:21,653:INFO:Assigning column types.
2026-01-29 14:33:21,721:INFO:Engine successfully changes for model 'lr' to 'sklearn'.
2026-01-29 14:33:21,721:INFO:Engine for model 'lasso' has not been set explicitly, hence returning None.
2026-01-29 14:33:21,726:INFO:Engine for model 'ridge' has not been set explicitly, hence returning None.
2026-01-29 14:33:21,731:INFO:Engine for model 'en' has not been set explicitly, hence returning None.
2026-01-29 14:33:21,851:INFO:Engine for model 'svm' has not been set explicitly, hence returning None.
2026-01-29 14:33:21,902:INFO:Engine for model 'knn' has not been set explicitly, hence returning None.
2026-01-29 14:33:21,902:INFO:Soft dependency imported: xgboost: 3.1.3
2026-01-29 14:33:21,906:WARNING:
'catboost' is a soft dependency and not included in the pycaret installation. Please run: `pip install catboost` to install.
Alternately, you can install this by running `pip install pycaret[models]`
2026-01-29 14:33:21,906:INFO:Engine for model 'lasso' has not been set explicitly, hence returning None.
2026-01-29 14:33:21,910:INFO:Engine for model 'ridge' has not been set explicitly, hence returning None.
2026-01-29 14:33:21,915:INFO:Engine for model 'en' has not been set explicitly, hence returning None.
2026-01-29 14:33:22,020:INFO:Engine for model 'svm' has not been set explicitly, hence returning None.
2026-01-29 14:33:22,069:INFO:Engine for model 'knn' has not been set explicitly, hence returning None.
2026-01-29 14:33:22,069:INFO:Soft dependency imported: xgboost: 3.1.3
2026-01-29 14:33:22,072:WARNING:
'catboost' is a soft dependency and not included in the pycaret installation. Please run: `pip install catboost` to install.
Alternately, you can install this by running `pip install pycaret[models]`
2026-01-29 14:33:22,072:INFO:Engine successfully changes for model 'lasso' to 'sklearn'.
2026-01-29 14:33:22,077:INFO:Engine for model 'ridge' has not been set explicitly, hence returning None.
2026-01-29 14:33:22,081:INFO:Engine for model 'en' has not been set explicitly, hence returning None.
2026-01-29 14:33:22,207:INFO:Engine for model 'svm' has not been set explicitly, hence returning None.
2026-01-29 14:33:22,256:INFO:Engine for model 'knn' has not been set explicitly, hence returning None.
2026-01-29 14:33:22,257:INFO:Soft dependency imported: xgboost: 3.1.3
2026-01-29 14:33:22,259:WARNING:
'catboost' is a soft dependency and not included in the pycaret installation. Please run: `pip install catboost` to install.
Alternately, you can install this by running `pip install pycaret[models]`
2026-01-29 14:33:22,264:INFO:Engine for model 'ridge' has not been set explicitly, hence returning None.
2026-01-29 14:33:22,270:INFO:Engine for model 'en' has not been set explicitly, hence returning None.
2026-01-29 14:33:22,372:INFO:Engine for model 'svm' has not been set explicitly, hence returning None.
2026-01-29 14:33:22,420:INFO:Engine for model 'knn' has not been set explicitly, hence returning None.
2026-01-29 14:33:22,420:INFO:Soft dependency imported: xgboost: 3.1.3
2026-01-29 14:33:22,423:WARNING:
'catboost' is a soft dependency and not included in the pycaret installation. Please run: `pip install catboost` to install.
Alternately, you can install this by running `pip install pycaret[models]`
2026-01-29 14:33:22,423:INFO:Engine successfully changes for model 'ridge' to 'sklearn'.
2026-01-29 14:33:22,431:INFO:Engine for model 'en' has not been set explicitly, hence returning None.
2026-01-29 14:33:22,535:INFO:Engine for model 'svm' has not been set explicitly, hence returning None.
2026-01-29 14:33:22,580:INFO:Engine for model 'knn' has not been set explicitly, hence returning None.
2026-01-29 14:33:22,581:INFO:Soft dependency imported: xgboost: 3.1.3
2026-01-29 14:33:22,586:WARNING:
'catboost' is a soft dependency and not included in the pycaret installation. Please run: `pip install catboost` to install.
Alternately, you can install this by running `pip install pycaret[models]`
2026-01-29 14:33:22,596:INFO:Engine for model 'en' has not been set explicitly, hence returning None.
2026-01-29 14:33:22,699:INFO:Engine for model 'svm' has not been set explicitly, hence returning None.
2026-01-29 14:33:22,746:INFO:Engine for model 'knn' has not been set explicitly, hence returning None.
2026-01-29 14:33:22,747:INFO:Soft dependency imported: xgboost: 3.1.3
2026-01-29 14:33:22,752:WARNING:
'catboost' is a soft dependency and not included in the pycaret installation. Please run: `pip install catboost` to install.
Alternately, you can install this by running `pip install pycaret[models]`
2026-01-29 14:33:22,752:INFO:Engine successfully changes for model 'en' to 'sklearn'.
2026-01-29 14:33:22,960:INFO:Engine for model 'svm' has not been set explicitly, hence returning None.
2026-01-29 14:33:23,006:INFO:Engine for model 'knn' has not been set explicitly, hence returning None.
2026-01-29 14:33:23,006:INFO:Soft dependency imported: xgboost: 3.1.3
2026-01-29 14:33:23,009:WARNING:
'catboost' is a soft dependency and not included in the pycaret installation. Please run: `pip install catboost` to install.
Alternately, you can install this by running `pip install pycaret[models]`
2026-01-29 14:33:23,118:INFO:Engine for model 'svm' has not been set explicitly, hence returning None.
2026-01-29 14:33:23,164:INFO:Engine for model 'knn' has not been set explicitly, hence returning None.
2026-01-29 14:33:23,165:INFO:Soft dependency imported: xgboost: 3.1.3
2026-01-29 14:33:23,169:WARNING:
'catboost' is a soft dependency and not included in the pycaret installation. Please run: `pip install catboost` to install.
Alternately, you can install this by running `pip install pycaret[models]`
2026-01-29 14:33:23,169:INFO:Engine successfully changes for model 'knn' to 'sklearn'.
2026-01-29 14:33:23,278:INFO:Engine for model 'svm' has not been set explicitly, hence returning None.
2026-01-29 14:33:23,326:INFO:Soft dependency imported: xgboost: 3.1.3
2026-01-29 14:33:23,328:WARNING:
'catboost' is a soft dependency and not included in the pycaret installation. Please run: `pip install catboost` to install.
Alternately, you can install this by running `pip install pycaret[models]`
2026-01-29 14:33:23,439:INFO:Engine for model 'svm' has not been set explicitly, hence returning None.
2026-01-29 14:33:23,486:INFO:Soft dependency imported: xgboost: 3.1.3
2026-01-29 14:33:23,488:WARNING:
'catboost' is a soft dependency and not included in the pycaret installation. Please run: `pip install catboost` to install.
Alternately, you can install this by running `pip install pycaret[models]`
2026-01-29 14:33:23,489:INFO:Engine successfully changes for model 'svm' to 'sklearn'.
2026-01-29 14:33:23,644:INFO:Soft dependency imported: xgboost: 3.1.3
2026-01-29 14:33:23,647:WARNING:
'catboost' is a soft dependency and not included in the pycaret installation. Please run: `pip install catboost` to install.
Alternately, you can install this by running `pip install pycaret[models]`
2026-01-29 14:33:23,803:INFO:Soft dependency imported: xgboost: 3.1.3
2026-01-29 14:33:23,806:WARNING:
'catboost' is a soft dependency and not included in the pycaret installation. Please run: `pip install catboost` to install.
Alternately, you can install this by running `pip install pycaret[models]`
2026-01-29 14:33:23,807:INFO:Preparing preprocessing pipeline...
2026-01-29 14:33:23,807:INFO:Set up simple imputation.
2026-01-29 14:33:23,808:INFO:Set up removing multicollinearity.
2026-01-29 14:33:23,815:INFO:Set up column name cleaning.
2026-01-29 14:33:24,063:INFO:Finished creating preprocessing pipeline.
2026-01-29 14:33:24,074:INFO:Pipeline: Pipeline(memory=FastMemory(location=/tmp/joblib),
         steps=[('numerical_imputer',
                 TransformerWrapper(include=['selected_by_percent', 'value',
                                             'transfers_in', 'transfers_out',
                                             'selected', 'ownership_change',
                                             'percenatge_net_transfers',
                                             'cbitr_volume_90', 'cbitr_ewm_90',
                                             'cbitr_ewm_probability',
                                             'cbitr_probability', 'elo',
                                             'team_h_difficulty',
                                             'team_a_difficulty', 'win...
                                             'pts_bonus_rolling_1', ...],
                                    transformer=SimpleImputer())),
                ('categorical_imputer',
                 TransformerWrapper(include=[],
                                    transformer=SimpleImputer(strategy='most_frequent'))),
                ('remove_multicollinearity',
                 TransformerWrapper(exclude=[],
                                    transformer=RemoveMulticollinearity(threshold=0.9))),
                ('clean_column_names',
                 TransformerWrapper(transformer=CleanColumnNames()))])
2026-01-29 14:33:24,074:INFO:Creating final display dataframe.
2026-01-29 14:33:24,513:INFO:Setup _display_container:                     Description             Value
0                    Session id                42
1                        Target                xP
2                   Target type        Regression
3           Original data shape       (1154, 342)
4        Transformed data shape       (1154, 129)
5   Transformed train set shape        (923, 129)
6    Transformed test set shape        (231, 129)
7              Numeric features               340
8                    Preprocess              True
9               Imputation type            simple
10           Numeric imputation              mean
11       Categorical imputation              mode
12     Remove multicollinearity              True
13  Multicollinearity threshold               0.9
14               Fold Generator             KFold
15                  Fold Number                10
16                     CPU Jobs                -1
17                      Use GPU             False
18               Log Experiment             False
19              Experiment Name  reg-default-name
20                          USI              2dd7
2026-01-29 14:33:24,825:INFO:Soft dependency imported: xgboost: 3.1.3
2026-01-29 14:33:24,828:WARNING:
'catboost' is a soft dependency and not included in the pycaret installation. Please run: `pip install catboost` to install.
Alternately, you can install this by running `pip install pycaret[models]`
2026-01-29 14:33:24,990:INFO:Soft dependency imported: xgboost: 3.1.3
2026-01-29 14:33:24,992:WARNING:
'catboost' is a soft dependency and not included in the pycaret installation. Please run: `pip install catboost` to install.
Alternately, you can install this by running `pip install pycaret[models]`
2026-01-29 14:33:24,993:INFO:setup() successfully completed in 3.95s...............
2026-01-29 14:33:24,993:INFO:gpu_param set to False
2026-01-29 14:33:25,159:INFO:Soft dependency imported: xgboost: 3.1.3
2026-01-29 14:33:25,161:WARNING:
'catboost' is a soft dependency and not included in the pycaret installation. Please run: `pip install catboost` to install.
Alternately, you can install this by running `pip install pycaret[models]`
2026-01-29 14:33:25,429:INFO:Soft dependency imported: xgboost: 3.1.3
2026-01-29 14:33:25,433:WARNING:
'catboost' is a soft dependency and not included in the pycaret installation. Please run: `pip install catboost` to install.
Alternately, you can install this by running `pip install pycaret[models]`
2026-01-29 14:33:25,435:INFO:Initializing compare_models()
2026-01-29 14:33:25,435:INFO:compare_models(self=<pycaret.regression.oop.RegressionExperiment object at 0x7f9d0bd13850>, include=None, fold=None, round=4, cross_validation=True, sort=MAE, n_select=1, budget_time=None, turbo=True, errors=ignore, fit_kwargs=None, groups=None, experiment_custom_tags=None, probability_threshold=None, verbose=True, parallel=None, caller_params={'self': <pycaret.regression.oop.RegressionExperiment object at 0x7f9d0bd13850>, 'include': None, 'exclude': None, 'fold': None, 'round': 4, 'cross_validation': True, 'sort': 'MAE', 'n_select': 1, 'budget_time': None, 'turbo': True, 'errors': 'ignore', 'fit_kwargs': None, 'groups': None, 'experiment_custom_tags': None, 'engine': None, 'verbose': True, 'parallel': None, '__class__': <class 'pycaret.regression.oop.RegressionExperiment'>}, exclude=None)
2026-01-29 14:33:25,435:INFO:Checking exceptions
2026-01-29 14:33:25,458:INFO:Preparing display monitor
2026-01-29 14:33:25,514:INFO:Initializing Linear Regression
2026-01-29 14:33:25,514:INFO:Total runtime is 5.6425730387369794e-06 minutes
2026-01-29 14:33:25,527:INFO:SubProcess create_model() called ==================================
2026-01-29 14:33:25,528:INFO:Initializing create_model()
2026-01-29 14:33:25,528:INFO:create_model(self=<pycaret.regression.oop.RegressionExperiment object at 0x7f9d0bd13850>, estimator=lr, fold=KFold(n_splits=10, random_state=None, shuffle=False), round=4, cross_validation=True, predict=True, fit_kwargs={}, groups=None, refit=False, probability_threshold=None, experiment_custom_tags=None, verbose=False, system=False, add_to_model_list=True, metrics=None, display=<pycaret.internal.display.display.CommonDisplay object at 0x7f9d58b34be0>, model_only=True, return_train_score=False, error_score=0.0, kwargs={})
2026-01-29 14:33:25,528:INFO:Checking exceptions
2026-01-29 14:33:25,528:INFO:Importing libraries
2026-01-29 14:33:25,529:INFO:Copying training dataset
2026-01-29 14:33:25,604:INFO:Defining folds
2026-01-29 14:33:25,604:INFO:Declaring metric variables
2026-01-29 14:33:25,609:INFO:Importing untrained model
2026-01-29 14:33:25,620:INFO:Linear Regression Imported successfully
2026-01-29 14:33:25,640:INFO:Starting cross validation
2026-01-29 14:33:25,650:INFO:Cross validating with KFold(n_splits=10, random_state=None, shuffle=False), n_jobs=-1
2026-01-29 14:33:29,367:WARNING:/home/ilyandho/.local/share/mamba/envs/pycaret/lib/python3.10/site-packages/_distutils_hack/__init__.py:30: UserWarning: Setuptools is replacing distutils. Support for replacing an already imported distutils is deprecated. In the future, this condition will fail. Register concerns at https://github.com/pypa/setuptools/issues/new?template=distutils-deprecation.yml
  warnings.warn(

2026-01-29 14:33:29,450:WARNING:/home/ilyandho/.local/share/mamba/envs/pycaret/lib/python3.10/site-packages/_distutils_hack/__init__.py:30: UserWarning: Setuptools is replacing distutils. Support for replacing an already imported distutils is deprecated. In the future, this condition will fail. Register concerns at https://github.com/pypa/setuptools/issues/new?template=distutils-deprecation.yml
  warnings.warn(

2026-01-29 14:33:29,876:WARNING:/home/ilyandho/.local/share/mamba/envs/pycaret/lib/python3.10/site-packages/_distutils_hack/__init__.py:30: UserWarning: Setuptools is replacing distutils. Support for replacing an already imported distutils is deprecated. In the future, this condition will fail. Register concerns at https://github.com/pypa/setuptools/issues/new?template=distutils-deprecation.yml
  warnings.warn(

2026-01-29 14:33:29,985:WARNING:/home/ilyandho/.local/share/mamba/envs/pycaret/lib/python3.10/site-packages/_distutils_hack/__init__.py:30: UserWarning: Setuptools is replacing distutils. Support for replacing an already imported distutils is deprecated. In the future, this condition will fail. Register concerns at https://github.com/pypa/setuptools/issues/new?template=distutils-deprecation.yml
  warnings.warn(

2026-01-29 14:33:32,892:INFO:Calculating mean and std
2026-01-29 14:33:32,897:INFO:Creating metrics dataframe
2026-01-29 14:33:32,904:INFO:Uploading results into container
2026-01-29 14:33:32,905:INFO:Uploading model into container now
2026-01-29 14:33:32,906:INFO:_master_model_container: 1
2026-01-29 14:33:32,906:INFO:_display_container: 2
2026-01-29 14:33:32,906:INFO:LinearRegression(n_jobs=-1)
2026-01-29 14:33:32,907:INFO:create_model() successfully completed......................................
2026-01-29 14:33:33,022:INFO:SubProcess create_model() end ==================================
2026-01-29 14:33:33,023:INFO:Creating metrics dataframe
2026-01-29 14:33:33,031:INFO:Initializing Lasso Regression
2026-01-29 14:33:33,032:INFO:Total runtime is 0.12529688278834025 minutes
2026-01-29 14:33:33,040:INFO:SubProcess create_model() called ==================================
2026-01-29 14:33:33,041:INFO:Initializing create_model()
2026-01-29 14:33:33,041:INFO:create_model(self=<pycaret.regression.oop.RegressionExperiment object at 0x7f9d0bd13850>, estimator=lasso, fold=KFold(n_splits=10, random_state=None, shuffle=False), round=4, cross_validation=True, predict=True, fit_kwargs={}, groups=None, refit=False, probability_threshold=None, experiment_custom_tags=None, verbose=False, system=False, add_to_model_list=True, metrics=None, display=<pycaret.internal.display.display.CommonDisplay object at 0x7f9d58b34be0>, model_only=True, return_train_score=False, error_score=0.0, kwargs={})
2026-01-29 14:33:33,041:INFO:Checking exceptions
2026-01-29 14:33:33,041:INFO:Importing libraries
2026-01-29 14:33:33,041:INFO:Copying training dataset
2026-01-29 14:33:33,123:INFO:Defining folds
2026-01-29 14:33:33,123:INFO:Declaring metric variables
2026-01-29 14:33:33,131:INFO:Importing untrained model
2026-01-29 14:33:33,142:INFO:Lasso Regression Imported successfully
2026-01-29 14:33:33,159:INFO:Starting cross validation
2026-01-29 14:33:33,165:INFO:Cross validating with KFold(n_splits=10, random_state=None, shuffle=False), n_jobs=-1
2026-01-29 14:33:36,487:INFO:Calculating mean and std
2026-01-29 14:33:36,488:INFO:Creating metrics dataframe
2026-01-29 14:33:36,491:INFO:Uploading results into container
2026-01-29 14:33:36,491:INFO:Uploading model into container now
2026-01-29 14:33:36,492:INFO:_master_model_container: 2
2026-01-29 14:33:36,492:INFO:_display_container: 2
2026-01-29 14:33:36,492:INFO:Lasso(random_state=42)
2026-01-29 14:33:36,492:INFO:create_model() successfully completed......................................
2026-01-29 14:33:36,585:INFO:SubProcess create_model() end ==================================
2026-01-29 14:33:36,586:INFO:Creating metrics dataframe
2026-01-29 14:33:36,601:INFO:Initializing Ridge Regression
2026-01-29 14:33:36,601:INFO:Total runtime is 0.18478725751241049 minutes
2026-01-29 14:33:36,608:INFO:SubProcess create_model() called ==================================
2026-01-29 14:33:36,609:INFO:Initializing create_model()
2026-01-29 14:33:36,609:INFO:create_model(self=<pycaret.regression.oop.RegressionExperiment object at 0x7f9d0bd13850>, estimator=ridge, fold=KFold(n_splits=10, random_state=None, shuffle=False), round=4, cross_validation=True, predict=True, fit_kwargs={}, groups=None, refit=False, probability_threshold=None, experiment_custom_tags=None, verbose=False, system=False, add_to_model_list=True, metrics=None, display=<pycaret.internal.display.display.CommonDisplay object at 0x7f9d58b34be0>, model_only=True, return_train_score=False, error_score=0.0, kwargs={})
2026-01-29 14:33:36,609:INFO:Checking exceptions
2026-01-29 14:33:36,609:INFO:Importing libraries
2026-01-29 14:33:36,609:INFO:Copying training dataset
2026-01-29 14:33:36,671:INFO:Defining folds
2026-01-29 14:33:36,671:INFO:Declaring metric variables
2026-01-29 14:33:36,679:INFO:Importing untrained model
2026-01-29 14:33:36,690:INFO:Ridge Regression Imported successfully
2026-01-29 14:33:36,712:INFO:Starting cross validation
2026-01-29 14:33:36,720:INFO:Cross validating with KFold(n_splits=10, random_state=None, shuffle=False), n_jobs=-1
2026-01-29 14:33:37,701:WARNING:/home/ilyandho/.local/share/mamba/envs/pycaret/lib/python3.10/site-packages/sklearn/linear_model/_ridge.py:204: LinAlgWarning: Ill-conditioned matrix (rcond=5.49056e-15): result may not be accurate.
  return linalg.solve(A, Xy, assume_a="pos", overwrite_a=True).T

2026-01-29 14:33:37,951:WARNING:/home/ilyandho/.local/share/mamba/envs/pycaret/lib/python3.10/site-packages/sklearn/linear_model/_ridge.py:204: LinAlgWarning: Ill-conditioned matrix (rcond=7.10649e-15): result may not be accurate.
  return linalg.solve(A, Xy, assume_a="pos", overwrite_a=True).T

2026-01-29 14:33:37,974:WARNING:/home/ilyandho/.local/share/mamba/envs/pycaret/lib/python3.10/site-packages/sklearn/linear_model/_ridge.py:204: LinAlgWarning: Ill-conditioned matrix (rcond=5.44975e-15): result may not be accurate.
  return linalg.solve(A, Xy, assume_a="pos", overwrite_a=True).T

2026-01-29 14:33:38,124:WARNING:/home/ilyandho/.local/share/mamba/envs/pycaret/lib/python3.10/site-packages/sklearn/linear_model/_ridge.py:204: LinAlgWarning: Ill-conditioned matrix (rcond=4.3233e-15): result may not be accurate.
  return linalg.solve(A, Xy, assume_a="pos", overwrite_a=True).T

2026-01-29 14:33:39,154:WARNING:/home/ilyandho/.local/share/mamba/envs/pycaret/lib/python3.10/site-packages/sklearn/linear_model/_ridge.py:204: LinAlgWarning: Ill-conditioned matrix (rcond=5.21191e-15): result may not be accurate.
  return linalg.solve(A, Xy, assume_a="pos", overwrite_a=True).T

2026-01-29 14:33:39,292:WARNING:/home/ilyandho/.local/share/mamba/envs/pycaret/lib/python3.10/site-packages/sklearn/linear_model/_ridge.py:204: LinAlgWarning: Ill-conditioned matrix (rcond=5.81579e-15): result may not be accurate.
  return linalg.solve(A, Xy, assume_a="pos", overwrite_a=True).T

2026-01-29 14:33:39,568:WARNING:/home/ilyandho/.local/share/mamba/envs/pycaret/lib/python3.10/site-packages/sklearn/linear_model/_ridge.py:204: LinAlgWarning: Ill-conditioned matrix (rcond=7.27511e-15): result may not be accurate.
  return linalg.solve(A, Xy, assume_a="pos", overwrite_a=True).T

2026-01-29 14:33:39,743:WARNING:/home/ilyandho/.local/share/mamba/envs/pycaret/lib/python3.10/site-packages/sklearn/linear_model/_ridge.py:204: LinAlgWarning: Ill-conditioned matrix (rcond=7.09549e-15): result may not be accurate.
  return linalg.solve(A, Xy, assume_a="pos", overwrite_a=True).T

2026-01-29 14:33:40,134:WARNING:/home/ilyandho/.local/share/mamba/envs/pycaret/lib/python3.10/site-packages/sklearn/linear_model/_ridge.py:204: LinAlgWarning: Ill-conditioned matrix (rcond=5.58106e-15): result may not be accurate.
  return linalg.solve(A, Xy, assume_a="pos", overwrite_a=True).T

2026-01-29 14:33:40,164:WARNING:/home/ilyandho/.local/share/mamba/envs/pycaret/lib/python3.10/site-packages/sklearn/linear_model/_ridge.py:204: LinAlgWarning: Ill-conditioned matrix (rcond=7.49569e-15): result may not be accurate.
  return linalg.solve(A, Xy, assume_a="pos", overwrite_a=True).T

2026-01-29 14:33:40,220:INFO:Calculating mean and std
2026-01-29 14:33:40,221:INFO:Creating metrics dataframe
2026-01-29 14:33:40,223:INFO:Uploading results into container
2026-01-29 14:33:40,224:INFO:Uploading model into container now
2026-01-29 14:33:40,224:INFO:_master_model_container: 3
2026-01-29 14:33:40,224:INFO:_display_container: 2
2026-01-29 14:33:40,225:INFO:Ridge(random_state=42)
2026-01-29 14:33:40,225:INFO:create_model() successfully completed......................................
2026-01-29 14:33:40,319:INFO:SubProcess create_model() end ==================================
2026-01-29 14:33:40,320:INFO:Creating metrics dataframe
2026-01-29 14:33:40,333:INFO:Initializing Elastic Net
2026-01-29 14:33:40,333:INFO:Total runtime is 0.2469833493232727 minutes
2026-01-29 14:33:40,341:INFO:SubProcess create_model() called ==================================
2026-01-29 14:33:40,342:INFO:Initializing create_model()
2026-01-29 14:33:40,342:INFO:create_model(self=<pycaret.regression.oop.RegressionExperiment object at 0x7f9d0bd13850>, estimator=en, fold=KFold(n_splits=10, random_state=None, shuffle=False), round=4, cross_validation=True, predict=True, fit_kwargs={}, groups=None, refit=False, probability_threshold=None, experiment_custom_tags=None, verbose=False, system=False, add_to_model_list=True, metrics=None, display=<pycaret.internal.display.display.CommonDisplay object at 0x7f9d58b34be0>, model_only=True, return_train_score=False, error_score=0.0, kwargs={})
2026-01-29 14:33:40,342:INFO:Checking exceptions
2026-01-29 14:33:40,342:INFO:Importing libraries
2026-01-29 14:33:40,343:INFO:Copying training dataset
2026-01-29 14:33:40,406:INFO:Defining folds
2026-01-29 14:33:40,406:INFO:Declaring metric variables
2026-01-29 14:33:40,416:INFO:Importing untrained model
2026-01-29 14:33:40,424:INFO:Elastic Net Imported successfully
2026-01-29 14:33:40,441:INFO:Starting cross validation
2026-01-29 14:33:40,448:INFO:Cross validating with KFold(n_splits=10, random_state=None, shuffle=False), n_jobs=-1
2026-01-29 14:33:43,564:INFO:Calculating mean and std
2026-01-29 14:33:43,566:INFO:Creating metrics dataframe
2026-01-29 14:33:43,568:INFO:Uploading results into container
2026-01-29 14:33:43,568:INFO:Uploading model into container now
2026-01-29 14:33:43,569:INFO:_master_model_container: 4
2026-01-29 14:33:43,569:INFO:_display_container: 2
2026-01-29 14:33:43,569:INFO:ElasticNet(random_state=42)
2026-01-29 14:33:43,569:INFO:create_model() successfully completed......................................
2026-01-29 14:33:43,663:INFO:SubProcess create_model() end ==================================
2026-01-29 14:33:43,663:INFO:Creating metrics dataframe
2026-01-29 14:33:43,678:INFO:Initializing Least Angle Regression
2026-01-29 14:33:43,679:INFO:Total runtime is 0.3027420401573181 minutes
2026-01-29 14:33:43,687:INFO:SubProcess create_model() called ==================================
2026-01-29 14:33:43,687:INFO:Initializing create_model()
2026-01-29 14:33:43,688:INFO:create_model(self=<pycaret.regression.oop.RegressionExperiment object at 0x7f9d0bd13850>, estimator=lar, fold=KFold(n_splits=10, random_state=None, shuffle=False), round=4, cross_validation=True, predict=True, fit_kwargs={}, groups=None, refit=False, probability_threshold=None, experiment_custom_tags=None, verbose=False, system=False, add_to_model_list=True, metrics=None, display=<pycaret.internal.display.display.CommonDisplay object at 0x7f9d58b34be0>, model_only=True, return_train_score=False, error_score=0.0, kwargs={})
2026-01-29 14:33:43,688:INFO:Checking exceptions
2026-01-29 14:33:43,688:INFO:Importing libraries
2026-01-29 14:33:43,688:INFO:Copying training dataset
2026-01-29 14:33:43,754:INFO:Defining folds
2026-01-29 14:33:43,754:INFO:Declaring metric variables
2026-01-29 14:33:43,764:INFO:Importing untrained model
2026-01-29 14:33:43,772:INFO:Least Angle Regression Imported successfully
2026-01-29 14:33:43,790:INFO:Starting cross validation
2026-01-29 14:33:43,795:INFO:Cross validating with KFold(n_splits=10, random_state=None, shuffle=False), n_jobs=-1
2026-01-29 14:33:45,538:WARNING:/home/ilyandho/.local/share/mamba/envs/pycaret/lib/python3.10/site-packages/sklearn/linear_model/_least_angle.py:775: RuntimeWarning: overflow encountered in divide
  g2 = arrayfuncs.min_pos((C + Cov) / (AA + corr_eq_dir + tiny32))

2026-01-29 14:33:45,539:WARNING:/home/ilyandho/.local/share/mamba/envs/pycaret/lib/python3.10/site-packages/sklearn/linear_model/_least_angle.py:812: RuntimeWarning: overflow encountered in multiply
  coef[active] = prev_coef[active] + gamma_ * least_squares

2026-01-29 14:33:45,540:WARNING:/home/ilyandho/.local/share/mamba/envs/pycaret/lib/python3.10/site-packages/sklearn/linear_model/_least_angle.py:771: RuntimeWarning: overflow encountered in divide
  g1 = arrayfuncs.min_pos((C - Cov) / (AA - corr_eq_dir + tiny32))

2026-01-29 14:33:45,541:WARNING:/home/ilyandho/.local/share/mamba/envs/pycaret/lib/python3.10/site-packages/sklearn/linear_model/_least_angle.py:780: RuntimeWarning: overflow encountered in divide
  z = -coef[active] / (least_squares + tiny32)

2026-01-29 14:33:45,543:WARNING:/home/ilyandho/.local/share/mamba/envs/pycaret/lib/python3.10/site-packages/sklearn/linear_model/_least_angle.py:812: RuntimeWarning: overflow encountered in cast
  coef[active] = prev_coef[active] + gamma_ * least_squares

2026-01-29 14:33:45,661:WARNING:/home/ilyandho/.local/share/mamba/envs/pycaret/lib/python3.10/site-packages/sklearn/utils/extmath.py:208: RuntimeWarning: overflow encountered in matmul
  ret = a @ b

2026-01-29 14:33:45,662:WARNING:/home/ilyandho/.local/share/mamba/envs/pycaret/lib/python3.10/site-packages/sklearn/utils/extmath.py:208: RuntimeWarning: invalid value encountered in matmul
  ret = a @ b

2026-01-29 14:33:45,668:WARNING:/home/ilyandho/.local/share/mamba/envs/pycaret/lib/python3.10/site-packages/pycaret/internal/metrics.py:204: FitFailedWarning: Metric 'make_scorer(root_mean_squared_log_error, greater_is_better=False, response_method='predict')' failed and error score 0.0 has been returned instead. If this is a custom metric, this usually means that the error is in the metric code. Full exception below:
Traceback (most recent call last):
  File "/home/ilyandho/.local/share/mamba/envs/pycaret/lib/python3.10/site-packages/pycaret/internal/metrics.py", line 196, in _score
    return super()._score(
  File "/home/ilyandho/.local/share/mamba/envs/pycaret/lib/python3.10/site-packages/sklearn/metrics/_scorer.py", line 350, in _score
    return self._sign * self._score_func(y_true, y_pred, **scoring_kwargs)
  File "/home/ilyandho/.local/share/mamba/envs/pycaret/lib/python3.10/site-packages/pycaret/containers/metrics/regression.py", line 209, in root_mean_squared_log_error
    metrics.mean_squared_log_error(
  File "/home/ilyandho/.local/share/mamba/envs/pycaret/lib/python3.10/site-packages/sklearn/utils/_param_validation.py", line 213, in wrapper
    return func(*args, **kwargs)
  File "/home/ilyandho/.local/share/mamba/envs/pycaret/lib/python3.10/site-packages/sklearn/metrics/_regression.py", line 680, in mean_squared_log_error
    y_type, y_true, y_pred, multioutput = _check_reg_targets(
  File "/home/ilyandho/.local/share/mamba/envs/pycaret/lib/python3.10/site-packages/sklearn/metrics/_regression.py", line 104, in _check_reg_targets
    y_pred = check_array(y_pred, ensure_2d=False, dtype=dtype)
  File "/home/ilyandho/.local/share/mamba/envs/pycaret/lib/python3.10/site-packages/sklearn/utils/validation.py", line 1049, in check_array
    _assert_all_finite(
  File "/home/ilyandho/.local/share/mamba/envs/pycaret/lib/python3.10/site-packages/sklearn/utils/validation.py", line 126, in _assert_all_finite
    _assert_all_finite_element_wise(
  File "/home/ilyandho/.local/share/mamba/envs/pycaret/lib/python3.10/site-packages/sklearn/utils/validation.py", line 175, in _assert_all_finite_element_wise
    raise ValueError(msg_err)
ValueError: Input contains NaN.

  warnings.warn(

2026-01-29 14:33:45,669:WARNING:/home/ilyandho/.local/share/mamba/envs/pycaret/lib/python3.10/site-packages/pycaret/internal/metrics.py:204: FitFailedWarning: Metric 'make_scorer(mean_absolute_percentage_error, greater_is_better=False, response_method='predict')' failed and error score 0.0 has been returned instead. If this is a custom metric, this usually means that the error is in the metric code. Full exception below:
Traceback (most recent call last):
  File "/home/ilyandho/.local/share/mamba/envs/pycaret/lib/python3.10/site-packages/pycaret/internal/metrics.py", line 196, in _score
    return super()._score(
  File "/home/ilyandho/.local/share/mamba/envs/pycaret/lib/python3.10/site-packages/sklearn/metrics/_scorer.py", line 350, in _score
    return self._sign * self._score_func(y_true, y_pred, **scoring_kwargs)
  File "/home/ilyandho/.local/share/mamba/envs/pycaret/lib/python3.10/site-packages/pycaret/containers/metrics/regression.py", line 233, in mean_absolute_percentage_error
    y_type, y_true, y_pred, multioutput = _check_reg_targets(
  File "/home/ilyandho/.local/share/mamba/envs/pycaret/lib/python3.10/site-packages/sklearn/metrics/_regression.py", line 104, in _check_reg_targets
    y_pred = check_array(y_pred, ensure_2d=False, dtype=dtype)
  File "/home/ilyandho/.local/share/mamba/envs/pycaret/lib/python3.10/site-packages/sklearn/utils/validation.py", line 1049, in check_array
    _assert_all_finite(
  File "/home/ilyandho/.local/share/mamba/envs/pycaret/lib/python3.10/site-packages/sklearn/utils/validation.py", line 126, in _assert_all_finite
    _assert_all_finite_element_wise(
  File "/home/ilyandho/.local/share/mamba/envs/pycaret/lib/python3.10/site-packages/sklearn/utils/validation.py", line 175, in _assert_all_finite_element_wise
    raise ValueError(msg_err)
ValueError: Input contains NaN.

  warnings.warn(

2026-01-29 14:33:45,670:WARNING:/home/ilyandho/.local/share/mamba/envs/pycaret/lib/python3.10/site-packages/sklearn/model_selection/_validation.py:1011: UserWarning: Scoring failed. The score on this train-test partition for these parameters will be set to 0.0. Details: 
Traceback (most recent call last):
  File "/home/ilyandho/.local/share/mamba/envs/pycaret/lib/python3.10/site-packages/sklearn/metrics/_scorer.py", line 137, in __call__
    score = scorer._score(
  File "/home/ilyandho/.local/share/mamba/envs/pycaret/lib/python3.10/site-packages/sklearn/metrics/_scorer.py", line 350, in _score
    return self._sign * self._score_func(y_true, y_pred, **scoring_kwargs)
  File "/home/ilyandho/.local/share/mamba/envs/pycaret/lib/python3.10/site-packages/sklearn/utils/_param_validation.py", line 213, in wrapper
    return func(*args, **kwargs)
  File "/home/ilyandho/.local/share/mamba/envs/pycaret/lib/python3.10/site-packages/sklearn/metrics/_regression.py", line 207, in mean_absolute_error
    y_type, y_true, y_pred, multioutput = _check_reg_targets(
  File "/home/ilyandho/.local/share/mamba/envs/pycaret/lib/python3.10/site-packages/sklearn/metrics/_regression.py", line 104, in _check_reg_targets
    y_pred = check_array(y_pred, ensure_2d=False, dtype=dtype)
  File "/home/ilyandho/.local/share/mamba/envs/pycaret/lib/python3.10/site-packages/sklearn/utils/validation.py", line 1049, in check_array
    _assert_all_finite(
  File "/home/ilyandho/.local/share/mamba/envs/pycaret/lib/python3.10/site-packages/sklearn/utils/validation.py", line 126, in _assert_all_finite
    _assert_all_finite_element_wise(
  File "/home/ilyandho/.local/share/mamba/envs/pycaret/lib/python3.10/site-packages/sklearn/utils/validation.py", line 175, in _assert_all_finite_element_wise
    raise ValueError(msg_err)
ValueError: Input contains NaN.

  warnings.warn(

2026-01-29 14:33:45,670:WARNING:/home/ilyandho/.local/share/mamba/envs/pycaret/lib/python3.10/site-packages/sklearn/model_selection/_validation.py:1011: UserWarning: Scoring failed. The score on this train-test partition for these parameters will be set to 0.0. Details: 
Traceback (most recent call last):
  File "/home/ilyandho/.local/share/mamba/envs/pycaret/lib/python3.10/site-packages/sklearn/metrics/_scorer.py", line 137, in __call__
    score = scorer._score(
  File "/home/ilyandho/.local/share/mamba/envs/pycaret/lib/python3.10/site-packages/sklearn/metrics/_scorer.py", line 350, in _score
    return self._sign * self._score_func(y_true, y_pred, **scoring_kwargs)
  File "/home/ilyandho/.local/share/mamba/envs/pycaret/lib/python3.10/site-packages/sklearn/utils/_param_validation.py", line 213, in wrapper
    return func(*args, **kwargs)
  File "/home/ilyandho/.local/share/mamba/envs/pycaret/lib/python3.10/site-packages/sklearn/metrics/_regression.py", line 497, in mean_squared_error
    y_type, y_true, y_pred, multioutput = _check_reg_targets(
  File "/home/ilyandho/.local/share/mamba/envs/pycaret/lib/python3.10/site-packages/sklearn/metrics/_regression.py", line 104, in _check_reg_targets
    y_pred = check_array(y_pred, ensure_2d=False, dtype=dtype)
  File "/home/ilyandho/.local/share/mamba/envs/pycaret/lib/python3.10/site-packages/sklearn/utils/validation.py", line 1049, in check_array
    _assert_all_finite(
  File "/home/ilyandho/.local/share/mamba/envs/pycaret/lib/python3.10/site-packages/sklearn/utils/validation.py", line 126, in _assert_all_finite
    _assert_all_finite_element_wise(
  File "/home/ilyandho/.local/share/mamba/envs/pycaret/lib/python3.10/site-packages/sklearn/utils/validation.py", line 175, in _assert_all_finite_element_wise
    raise ValueError(msg_err)
ValueError: Input contains NaN.

  warnings.warn(

2026-01-29 14:33:45,671:WARNING:/home/ilyandho/.local/share/mamba/envs/pycaret/lib/python3.10/site-packages/sklearn/model_selection/_validation.py:1011: UserWarning: Scoring failed. The score on this train-test partition for these parameters will be set to 0.0. Details: 
Traceback (most recent call last):
  File "/home/ilyandho/.local/share/mamba/envs/pycaret/lib/python3.10/site-packages/sklearn/metrics/_scorer.py", line 137, in __call__
    score = scorer._score(
  File "/home/ilyandho/.local/share/mamba/envs/pycaret/lib/python3.10/site-packages/sklearn/metrics/_scorer.py", line 350, in _score
    return self._sign * self._score_func(y_true, y_pred, **scoring_kwargs)
  File "/home/ilyandho/.local/share/mamba/envs/pycaret/lib/python3.10/site-packages/sklearn/utils/_param_validation.py", line 213, in wrapper
    return func(*args, **kwargs)
  File "/home/ilyandho/.local/share/mamba/envs/pycaret/lib/python3.10/site-packages/sklearn/metrics/_regression.py", line 572, in root_mean_squared_error
    mean_squared_error(
  File "/home/ilyandho/.local/share/mamba/envs/pycaret/lib/python3.10/site-packages/sklearn/utils/_param_validation.py", line 186, in wrapper
    return func(*args, **kwargs)
  File "/home/ilyandho/.local/share/mamba/envs/pycaret/lib/python3.10/site-packages/sklearn/metrics/_regression.py", line 497, in mean_squared_error
    y_type, y_true, y_pred, multioutput = _check_reg_targets(
  File "/home/ilyandho/.local/share/mamba/envs/pycaret/lib/python3.10/site-packages/sklearn/metrics/_regression.py", line 104, in _check_reg_targets
    y_pred = check_array(y_pred, ensure_2d=False, dtype=dtype)
  File "/home/ilyandho/.local/share/mamba/envs/pycaret/lib/python3.10/site-packages/sklearn/utils/validation.py", line 1049, in check_array
    _assert_all_finite(
  File "/home/ilyandho/.local/share/mamba/envs/pycaret/lib/python3.10/site-packages/sklearn/utils/validation.py", line 126, in _assert_all_finite
    _assert_all_finite_element_wise(
  File "/home/ilyandho/.local/share/mamba/envs/pycaret/lib/python3.10/site-packages/sklearn/utils/validation.py", line 175, in _assert_all_finite_element_wise
    raise ValueError(msg_err)
ValueError: Input contains NaN.

  warnings.warn(

2026-01-29 14:33:45,671:WARNING:/home/ilyandho/.local/share/mamba/envs/pycaret/lib/python3.10/site-packages/sklearn/model_selection/_validation.py:1011: UserWarning: Scoring failed. The score on this train-test partition for these parameters will be set to 0.0. Details: 
Traceback (most recent call last):
  File "/home/ilyandho/.local/share/mamba/envs/pycaret/lib/python3.10/site-packages/sklearn/metrics/_scorer.py", line 137, in __call__
    score = scorer._score(
  File "/home/ilyandho/.local/share/mamba/envs/pycaret/lib/python3.10/site-packages/sklearn/metrics/_scorer.py", line 350, in _score
    return self._sign * self._score_func(y_true, y_pred, **scoring_kwargs)
  File "/home/ilyandho/.local/share/mamba/envs/pycaret/lib/python3.10/site-packages/sklearn/utils/_param_validation.py", line 213, in wrapper
    return func(*args, **kwargs)
  File "/home/ilyandho/.local/share/mamba/envs/pycaret/lib/python3.10/site-packages/sklearn/metrics/_regression.py", line 1180, in r2_score
    y_type, y_true, y_pred, multioutput = _check_reg_targets(
  File "/home/ilyandho/.local/share/mamba/envs/pycaret/lib/python3.10/site-packages/sklearn/metrics/_regression.py", line 104, in _check_reg_targets
    y_pred = check_array(y_pred, ensure_2d=False, dtype=dtype)
  File "/home/ilyandho/.local/share/mamba/envs/pycaret/lib/python3.10/site-packages/sklearn/utils/validation.py", line 1049, in check_array
    _assert_all_finite(
  File "/home/ilyandho/.local/share/mamba/envs/pycaret/lib/python3.10/site-packages/sklearn/utils/validation.py", line 126, in _assert_all_finite
    _assert_all_finite_element_wise(
  File "/home/ilyandho/.local/share/mamba/envs/pycaret/lib/python3.10/site-packages/sklearn/utils/validation.py", line 175, in _assert_all_finite_element_wise
    raise ValueError(msg_err)
ValueError: Input contains NaN.

  warnings.warn(

2026-01-29 14:33:46,915:WARNING:/home/ilyandho/.local/share/mamba/envs/pycaret/lib/python3.10/site-packages/sklearn/linear_model/_least_angle.py:812: RuntimeWarning: overflow encountered in add
  coef[active] = prev_coef[active] + gamma_ * least_squares

2026-01-29 14:33:46,915:WARNING:/home/ilyandho/.local/share/mamba/envs/pycaret/lib/python3.10/site-packages/sklearn/linear_model/_least_angle.py:812: RuntimeWarning: overflow encountered in multiply
  coef[active] = prev_coef[active] + gamma_ * least_squares

2026-01-29 14:33:46,916:WARNING:/home/ilyandho/.local/share/mamba/envs/pycaret/lib/python3.10/site-packages/sklearn/linear_model/_least_angle.py:775: RuntimeWarning: overflow encountered in divide
  g2 = arrayfuncs.min_pos((C + Cov) / (AA + corr_eq_dir + tiny32))

2026-01-29 14:33:46,917:WARNING:/home/ilyandho/.local/share/mamba/envs/pycaret/lib/python3.10/site-packages/sklearn/linear_model/_least_angle.py:771: RuntimeWarning: overflow encountered in divide
  g1 = arrayfuncs.min_pos((C - Cov) / (AA - corr_eq_dir + tiny32))

2026-01-29 14:33:46,918:WARNING:/home/ilyandho/.local/share/mamba/envs/pycaret/lib/python3.10/site-packages/sklearn/linear_model/_least_angle.py:780: RuntimeWarning: overflow encountered in divide
  z = -coef[active] / (least_squares + tiny32)

2026-01-29 14:33:47,041:WARNING:/home/ilyandho/.local/share/mamba/envs/pycaret/lib/python3.10/site-packages/sklearn/utils/extmath.py:208: RuntimeWarning: overflow encountered in matmul
  ret = a @ b

2026-01-29 14:33:47,041:WARNING:/home/ilyandho/.local/share/mamba/envs/pycaret/lib/python3.10/site-packages/sklearn/utils/extmath.py:208: RuntimeWarning: invalid value encountered in matmul
  ret = a @ b

2026-01-29 14:33:47,048:WARNING:/home/ilyandho/.local/share/mamba/envs/pycaret/lib/python3.10/site-packages/pycaret/internal/metrics.py:204: FitFailedWarning: Metric 'make_scorer(root_mean_squared_log_error, greater_is_better=False, response_method='predict')' failed and error score 0.0 has been returned instead. If this is a custom metric, this usually means that the error is in the metric code. Full exception below:
Traceback (most recent call last):
  File "/home/ilyandho/.local/share/mamba/envs/pycaret/lib/python3.10/site-packages/pycaret/internal/metrics.py", line 196, in _score
    return super()._score(
  File "/home/ilyandho/.local/share/mamba/envs/pycaret/lib/python3.10/site-packages/sklearn/metrics/_scorer.py", line 350, in _score
    return self._sign * self._score_func(y_true, y_pred, **scoring_kwargs)
  File "/home/ilyandho/.local/share/mamba/envs/pycaret/lib/python3.10/site-packages/pycaret/containers/metrics/regression.py", line 209, in root_mean_squared_log_error
    metrics.mean_squared_log_error(
  File "/home/ilyandho/.local/share/mamba/envs/pycaret/lib/python3.10/site-packages/sklearn/utils/_param_validation.py", line 213, in wrapper
    return func(*args, **kwargs)
  File "/home/ilyandho/.local/share/mamba/envs/pycaret/lib/python3.10/site-packages/sklearn/metrics/_regression.py", line 680, in mean_squared_log_error
    y_type, y_true, y_pred, multioutput = _check_reg_targets(
  File "/home/ilyandho/.local/share/mamba/envs/pycaret/lib/python3.10/site-packages/sklearn/metrics/_regression.py", line 104, in _check_reg_targets
    y_pred = check_array(y_pred, ensure_2d=False, dtype=dtype)
  File "/home/ilyandho/.local/share/mamba/envs/pycaret/lib/python3.10/site-packages/sklearn/utils/validation.py", line 1049, in check_array
    _assert_all_finite(
  File "/home/ilyandho/.local/share/mamba/envs/pycaret/lib/python3.10/site-packages/sklearn/utils/validation.py", line 126, in _assert_all_finite
    _assert_all_finite_element_wise(
  File "/home/ilyandho/.local/share/mamba/envs/pycaret/lib/python3.10/site-packages/sklearn/utils/validation.py", line 175, in _assert_all_finite_element_wise
    raise ValueError(msg_err)
ValueError: Input contains NaN.

  warnings.warn(

2026-01-29 14:33:47,048:WARNING:/home/ilyandho/.local/share/mamba/envs/pycaret/lib/python3.10/site-packages/pycaret/internal/metrics.py:204: FitFailedWarning: Metric 'make_scorer(mean_absolute_percentage_error, greater_is_better=False, response_method='predict')' failed and error score 0.0 has been returned instead. If this is a custom metric, this usually means that the error is in the metric code. Full exception below:
Traceback (most recent call last):
  File "/home/ilyandho/.local/share/mamba/envs/pycaret/lib/python3.10/site-packages/pycaret/internal/metrics.py", line 196, in _score
    return super()._score(
  File "/home/ilyandho/.local/share/mamba/envs/pycaret/lib/python3.10/site-packages/sklearn/metrics/_scorer.py", line 350, in _score
    return self._sign * self._score_func(y_true, y_pred, **scoring_kwargs)
  File "/home/ilyandho/.local/share/mamba/envs/pycaret/lib/python3.10/site-packages/pycaret/containers/metrics/regression.py", line 233, in mean_absolute_percentage_error
    y_type, y_true, y_pred, multioutput = _check_reg_targets(
  File "/home/ilyandho/.local/share/mamba/envs/pycaret/lib/python3.10/site-packages/sklearn/metrics/_regression.py", line 104, in _check_reg_targets
    y_pred = check_array(y_pred, ensure_2d=False, dtype=dtype)
  File "/home/ilyandho/.local/share/mamba/envs/pycaret/lib/python3.10/site-packages/sklearn/utils/validation.py", line 1049, in check_array
    _assert_all_finite(
  File "/home/ilyandho/.local/share/mamba/envs/pycaret/lib/python3.10/site-packages/sklearn/utils/validation.py", line 126, in _assert_all_finite
    _assert_all_finite_element_wise(
  File "/home/ilyandho/.local/share/mamba/envs/pycaret/lib/python3.10/site-packages/sklearn/utils/validation.py", line 175, in _assert_all_finite_element_wise
    raise ValueError(msg_err)
ValueError: Input contains NaN.

  warnings.warn(

2026-01-29 14:33:47,049:WARNING:/home/ilyandho/.local/share/mamba/envs/pycaret/lib/python3.10/site-packages/sklearn/model_selection/_validation.py:1011: UserWarning: Scoring failed. The score on this train-test partition for these parameters will be set to 0.0. Details: 
Traceback (most recent call last):
  File "/home/ilyandho/.local/share/mamba/envs/pycaret/lib/python3.10/site-packages/sklearn/metrics/_scorer.py", line 137, in __call__
    score = scorer._score(
  File "/home/ilyandho/.local/share/mamba/envs/pycaret/lib/python3.10/site-packages/sklearn/metrics/_scorer.py", line 350, in _score
    return self._sign * self._score_func(y_true, y_pred, **scoring_kwargs)
  File "/home/ilyandho/.local/share/mamba/envs/pycaret/lib/python3.10/site-packages/sklearn/utils/_param_validation.py", line 213, in wrapper
    return func(*args, **kwargs)
  File "/home/ilyandho/.local/share/mamba/envs/pycaret/lib/python3.10/site-packages/sklearn/metrics/_regression.py", line 207, in mean_absolute_error
    y_type, y_true, y_pred, multioutput = _check_reg_targets(
  File "/home/ilyandho/.local/share/mamba/envs/pycaret/lib/python3.10/site-packages/sklearn/metrics/_regression.py", line 104, in _check_reg_targets
    y_pred = check_array(y_pred, ensure_2d=False, dtype=dtype)
  File "/home/ilyandho/.local/share/mamba/envs/pycaret/lib/python3.10/site-packages/sklearn/utils/validation.py", line 1049, in check_array
    _assert_all_finite(
  File "/home/ilyandho/.local/share/mamba/envs/pycaret/lib/python3.10/site-packages/sklearn/utils/validation.py", line 126, in _assert_all_finite
    _assert_all_finite_element_wise(
  File "/home/ilyandho/.local/share/mamba/envs/pycaret/lib/python3.10/site-packages/sklearn/utils/validation.py", line 175, in _assert_all_finite_element_wise
    raise ValueError(msg_err)
ValueError: Input contains NaN.

  warnings.warn(

2026-01-29 14:33:47,049:WARNING:/home/ilyandho/.local/share/mamba/envs/pycaret/lib/python3.10/site-packages/sklearn/model_selection/_validation.py:1011: UserWarning: Scoring failed. The score on this train-test partition for these parameters will be set to 0.0. Details: 
Traceback (most recent call last):
  File "/home/ilyandho/.local/share/mamba/envs/pycaret/lib/python3.10/site-packages/sklearn/metrics/_scorer.py", line 137, in __call__
    score = scorer._score(
  File "/home/ilyandho/.local/share/mamba/envs/pycaret/lib/python3.10/site-packages/sklearn/metrics/_scorer.py", line 350, in _score
    return self._sign * self._score_func(y_true, y_pred, **scoring_kwargs)
  File "/home/ilyandho/.local/share/mamba/envs/pycaret/lib/python3.10/site-packages/sklearn/utils/_param_validation.py", line 213, in wrapper
    return func(*args, **kwargs)
  File "/home/ilyandho/.local/share/mamba/envs/pycaret/lib/python3.10/site-packages/sklearn/metrics/_regression.py", line 497, in mean_squared_error
    y_type, y_true, y_pred, multioutput = _check_reg_targets(
  File "/home/ilyandho/.local/share/mamba/envs/pycaret/lib/python3.10/site-packages/sklearn/metrics/_regression.py", line 104, in _check_reg_targets
    y_pred = check_array(y_pred, ensure_2d=False, dtype=dtype)
  File "/home/ilyandho/.local/share/mamba/envs/pycaret/lib/python3.10/site-packages/sklearn/utils/validation.py", line 1049, in check_array
    _assert_all_finite(
  File "/home/ilyandho/.local/share/mamba/envs/pycaret/lib/python3.10/site-packages/sklearn/utils/validation.py", line 126, in _assert_all_finite
    _assert_all_finite_element_wise(
  File "/home/ilyandho/.local/share/mamba/envs/pycaret/lib/python3.10/site-packages/sklearn/utils/validation.py", line 175, in _assert_all_finite_element_wise
    raise ValueError(msg_err)
ValueError: Input contains NaN.

  warnings.warn(

2026-01-29 14:33:47,049:WARNING:/home/ilyandho/.local/share/mamba/envs/pycaret/lib/python3.10/site-packages/sklearn/model_selection/_validation.py:1011: UserWarning: Scoring failed. The score on this train-test partition for these parameters will be set to 0.0. Details: 
Traceback (most recent call last):
  File "/home/ilyandho/.local/share/mamba/envs/pycaret/lib/python3.10/site-packages/sklearn/metrics/_scorer.py", line 137, in __call__
    score = scorer._score(
  File "/home/ilyandho/.local/share/mamba/envs/pycaret/lib/python3.10/site-packages/sklearn/metrics/_scorer.py", line 350, in _score
    return self._sign * self._score_func(y_true, y_pred, **scoring_kwargs)
  File "/home/ilyandho/.local/share/mamba/envs/pycaret/lib/python3.10/site-packages/sklearn/utils/_param_validation.py", line 213, in wrapper
    return func(*args, **kwargs)
  File "/home/ilyandho/.local/share/mamba/envs/pycaret/lib/python3.10/site-packages/sklearn/metrics/_regression.py", line 572, in root_mean_squared_error
    mean_squared_error(
  File "/home/ilyandho/.local/share/mamba/envs/pycaret/lib/python3.10/site-packages/sklearn/utils/_param_validation.py", line 186, in wrapper
    return func(*args, **kwargs)
  File "/home/ilyandho/.local/share/mamba/envs/pycaret/lib/python3.10/site-packages/sklearn/metrics/_regression.py", line 497, in mean_squared_error
    y_type, y_true, y_pred, multioutput = _check_reg_targets(
  File "/home/ilyandho/.local/share/mamba/envs/pycaret/lib/python3.10/site-packages/sklearn/metrics/_regression.py", line 104, in _check_reg_targets
    y_pred = check_array(y_pred, ensure_2d=False, dtype=dtype)
  File "/home/ilyandho/.local/share/mamba/envs/pycaret/lib/python3.10/site-packages/sklearn/utils/validation.py", line 1049, in check_array
    _assert_all_finite(
  File "/home/ilyandho/.local/share/mamba/envs/pycaret/lib/python3.10/site-packages/sklearn/utils/validation.py", line 126, in _assert_all_finite
    _assert_all_finite_element_wise(
  File "/home/ilyandho/.local/share/mamba/envs/pycaret/lib/python3.10/site-packages/sklearn/utils/validation.py", line 175, in _assert_all_finite_element_wise
    raise ValueError(msg_err)
ValueError: Input contains NaN.

  warnings.warn(

2026-01-29 14:33:47,049:WARNING:/home/ilyandho/.local/share/mamba/envs/pycaret/lib/python3.10/site-packages/sklearn/model_selection/_validation.py:1011: UserWarning: Scoring failed. The score on this train-test partition for these parameters will be set to 0.0. Details: 
Traceback (most recent call last):
  File "/home/ilyandho/.local/share/mamba/envs/pycaret/lib/python3.10/site-packages/sklearn/metrics/_scorer.py", line 137, in __call__
    score = scorer._score(
  File "/home/ilyandho/.local/share/mamba/envs/pycaret/lib/python3.10/site-packages/sklearn/metrics/_scorer.py", line 350, in _score
    return self._sign * self._score_func(y_true, y_pred, **scoring_kwargs)
  File "/home/ilyandho/.local/share/mamba/envs/pycaret/lib/python3.10/site-packages/sklearn/utils/_param_validation.py", line 213, in wrapper
    return func(*args, **kwargs)
  File "/home/ilyandho/.local/share/mamba/envs/pycaret/lib/python3.10/site-packages/sklearn/metrics/_regression.py", line 1180, in r2_score
    y_type, y_true, y_pred, multioutput = _check_reg_targets(
  File "/home/ilyandho/.local/share/mamba/envs/pycaret/lib/python3.10/site-packages/sklearn/metrics/_regression.py", line 104, in _check_reg_targets
    y_pred = check_array(y_pred, ensure_2d=False, dtype=dtype)
  File "/home/ilyandho/.local/share/mamba/envs/pycaret/lib/python3.10/site-packages/sklearn/utils/validation.py", line 1049, in check_array
    _assert_all_finite(
  File "/home/ilyandho/.local/share/mamba/envs/pycaret/lib/python3.10/site-packages/sklearn/utils/validation.py", line 126, in _assert_all_finite
    _assert_all_finite_element_wise(
  File "/home/ilyandho/.local/share/mamba/envs/pycaret/lib/python3.10/site-packages/sklearn/utils/validation.py", line 175, in _assert_all_finite_element_wise
    raise ValueError(msg_err)
ValueError: Input contains NaN.

  warnings.warn(

2026-01-29 14:33:47,259:INFO:Calculating mean and std
2026-01-29 14:33:47,261:INFO:Creating metrics dataframe
2026-01-29 14:33:47,263:INFO:Uploading results into container
2026-01-29 14:33:47,264:INFO:Uploading model into container now
2026-01-29 14:33:47,265:INFO:_master_model_container: 5
2026-01-29 14:33:47,266:INFO:_display_container: 2
2026-01-29 14:33:47,266:INFO:Lars(random_state=42)
2026-01-29 14:33:47,266:INFO:create_model() successfully completed......................................
2026-01-29 14:33:47,360:INFO:SubProcess create_model() end ==================================
2026-01-29 14:33:47,360:INFO:Creating metrics dataframe
2026-01-29 14:33:47,371:INFO:Initializing Lasso Least Angle Regression
2026-01-29 14:33:47,371:INFO:Total runtime is 0.36428122520446776 minutes
2026-01-29 14:33:47,381:INFO:SubProcess create_model() called ==================================
2026-01-29 14:33:47,381:INFO:Initializing create_model()
2026-01-29 14:33:47,381:INFO:create_model(self=<pycaret.regression.oop.RegressionExperiment object at 0x7f9d0bd13850>, estimator=llar, fold=KFold(n_splits=10, random_state=None, shuffle=False), round=4, cross_validation=True, predict=True, fit_kwargs={}, groups=None, refit=False, probability_threshold=None, experiment_custom_tags=None, verbose=False, system=False, add_to_model_list=True, metrics=None, display=<pycaret.internal.display.display.CommonDisplay object at 0x7f9d58b34be0>, model_only=True, return_train_score=False, error_score=0.0, kwargs={})
2026-01-29 14:33:47,381:INFO:Checking exceptions
2026-01-29 14:33:47,381:INFO:Importing libraries
2026-01-29 14:33:47,382:INFO:Copying training dataset
2026-01-29 14:33:47,447:INFO:Defining folds
2026-01-29 14:33:47,447:INFO:Declaring metric variables
2026-01-29 14:33:47,454:INFO:Importing untrained model
2026-01-29 14:33:47,465:INFO:Lasso Least Angle Regression Imported successfully
2026-01-29 14:33:47,497:INFO:Starting cross validation
2026-01-29 14:33:47,511:INFO:Cross validating with KFold(n_splits=10, random_state=None, shuffle=False), n_jobs=-1
2026-01-29 14:33:48,816:WARNING:/home/ilyandho/.local/share/mamba/envs/pycaret/lib/python3.10/site-packages/sklearn/linear_model/_least_angle.py:718: ConvergenceWarning: Early stopping the lars path, as the residues are small and the current value of alpha is no longer well controlled. 22 iterations, alpha=2.298e+00, previous alpha=2.297e+00, with an active set of 15 regressors.
  warnings.warn(

2026-01-29 14:33:50,752:INFO:Calculating mean and std
2026-01-29 14:33:50,754:INFO:Creating metrics dataframe
2026-01-29 14:33:50,758:INFO:Uploading results into container
2026-01-29 14:33:50,760:INFO:Uploading model into container now
2026-01-29 14:33:50,761:INFO:_master_model_container: 6
2026-01-29 14:33:50,761:INFO:_display_container: 2
2026-01-29 14:33:50,762:INFO:LassoLars(random_state=42)
2026-01-29 14:33:50,762:INFO:create_model() successfully completed......................................
2026-01-29 14:33:50,887:INFO:SubProcess create_model() end ==================================
2026-01-29 14:33:50,888:INFO:Creating metrics dataframe
2026-01-29 14:33:50,923:INFO:Initializing Orthogonal Matching Pursuit
2026-01-29 14:33:50,924:INFO:Total runtime is 0.42349203824996945 minutes
2026-01-29 14:33:50,943:INFO:SubProcess create_model() called ==================================
2026-01-29 14:33:50,944:INFO:Initializing create_model()
2026-01-29 14:33:50,946:INFO:create_model(self=<pycaret.regression.oop.RegressionExperiment object at 0x7f9d0bd13850>, estimator=omp, fold=KFold(n_splits=10, random_state=None, shuffle=False), round=4, cross_validation=True, predict=True, fit_kwargs={}, groups=None, refit=False, probability_threshold=None, experiment_custom_tags=None, verbose=False, system=False, add_to_model_list=True, metrics=None, display=<pycaret.internal.display.display.CommonDisplay object at 0x7f9d58b34be0>, model_only=True, return_train_score=False, error_score=0.0, kwargs={})
2026-01-29 14:33:50,947:INFO:Checking exceptions
2026-01-29 14:33:50,947:INFO:Importing libraries
2026-01-29 14:33:50,947:INFO:Copying training dataset
2026-01-29 14:33:51,038:INFO:Defining folds
2026-01-29 14:33:51,038:INFO:Declaring metric variables
2026-01-29 14:33:51,049:INFO:Importing untrained model
2026-01-29 14:33:51,058:INFO:Orthogonal Matching Pursuit Imported successfully
2026-01-29 14:33:51,075:INFO:Starting cross validation
2026-01-29 14:33:51,080:INFO:Cross validating with KFold(n_splits=10, random_state=None, shuffle=False), n_jobs=-1
2026-01-29 14:33:53,983:INFO:Calculating mean and std
2026-01-29 14:33:53,984:INFO:Creating metrics dataframe
2026-01-29 14:33:53,986:INFO:Uploading results into container
2026-01-29 14:33:53,987:INFO:Uploading model into container now
2026-01-29 14:33:53,987:INFO:_master_model_container: 7
2026-01-29 14:33:53,988:INFO:_display_container: 2
2026-01-29 14:33:53,988:INFO:OrthogonalMatchingPursuit()
2026-01-29 14:33:53,988:INFO:create_model() successfully completed......................................
2026-01-29 14:33:54,084:INFO:SubProcess create_model() end ==================================
2026-01-29 14:33:54,085:INFO:Creating metrics dataframe
2026-01-29 14:33:54,099:INFO:Initializing Bayesian Ridge
2026-01-29 14:33:54,099:INFO:Total runtime is 0.4764133969942728 minutes
2026-01-29 14:33:54,115:INFO:SubProcess create_model() called ==================================
2026-01-29 14:33:54,116:INFO:Initializing create_model()
2026-01-29 14:33:54,116:INFO:create_model(self=<pycaret.regression.oop.RegressionExperiment object at 0x7f9d0bd13850>, estimator=br, fold=KFold(n_splits=10, random_state=None, shuffle=False), round=4, cross_validation=True, predict=True, fit_kwargs={}, groups=None, refit=False, probability_threshold=None, experiment_custom_tags=None, verbose=False, system=False, add_to_model_list=True, metrics=None, display=<pycaret.internal.display.display.CommonDisplay object at 0x7f9d58b34be0>, model_only=True, return_train_score=False, error_score=0.0, kwargs={})
2026-01-29 14:33:54,116:INFO:Checking exceptions
2026-01-29 14:33:54,116:INFO:Importing libraries
2026-01-29 14:33:54,116:INFO:Copying training dataset
2026-01-29 14:33:54,313:INFO:Defining folds
2026-01-29 14:33:54,313:INFO:Declaring metric variables
2026-01-29 14:33:54,333:INFO:Importing untrained model
2026-01-29 14:33:54,343:INFO:Bayesian Ridge Imported successfully
2026-01-29 14:33:54,361:INFO:Starting cross validation
2026-01-29 14:33:54,366:INFO:Cross validating with KFold(n_splits=10, random_state=None, shuffle=False), n_jobs=-1
2026-01-29 14:33:57,936:INFO:Calculating mean and std
2026-01-29 14:33:57,939:INFO:Creating metrics dataframe
2026-01-29 14:33:57,942:INFO:Uploading results into container
2026-01-29 14:33:57,942:INFO:Uploading model into container now
2026-01-29 14:33:57,943:INFO:_master_model_container: 8
2026-01-29 14:33:57,943:INFO:_display_container: 2
2026-01-29 14:33:57,943:INFO:BayesianRidge()
2026-01-29 14:33:57,944:INFO:create_model() successfully completed......................................
2026-01-29 14:33:58,038:INFO:SubProcess create_model() end ==================================
2026-01-29 14:33:58,038:INFO:Creating metrics dataframe
2026-01-29 14:33:58,051:INFO:Initializing Passive Aggressive Regressor
2026-01-29 14:33:58,051:INFO:Total runtime is 0.542280626296997 minutes
2026-01-29 14:33:58,060:INFO:SubProcess create_model() called ==================================
2026-01-29 14:33:58,061:INFO:Initializing create_model()
2026-01-29 14:33:58,061:INFO:create_model(self=<pycaret.regression.oop.RegressionExperiment object at 0x7f9d0bd13850>, estimator=par, fold=KFold(n_splits=10, random_state=None, shuffle=False), round=4, cross_validation=True, predict=True, fit_kwargs={}, groups=None, refit=False, probability_threshold=None, experiment_custom_tags=None, verbose=False, system=False, add_to_model_list=True, metrics=None, display=<pycaret.internal.display.display.CommonDisplay object at 0x7f9d58b34be0>, model_only=True, return_train_score=False, error_score=0.0, kwargs={})
2026-01-29 14:33:58,062:INFO:Checking exceptions
2026-01-29 14:33:58,062:INFO:Importing libraries
2026-01-29 14:33:58,062:INFO:Copying training dataset
2026-01-29 14:33:58,127:INFO:Defining folds
2026-01-29 14:33:58,127:INFO:Declaring metric variables
2026-01-29 14:33:58,135:INFO:Importing untrained model
2026-01-29 14:33:58,145:INFO:Passive Aggressive Regressor Imported successfully
2026-01-29 14:33:58,164:INFO:Starting cross validation
2026-01-29 14:33:58,167:INFO:Cross validating with KFold(n_splits=10, random_state=None, shuffle=False), n_jobs=-1
2026-01-29 14:34:01,183:INFO:Calculating mean and std
2026-01-29 14:34:01,184:INFO:Creating metrics dataframe
2026-01-29 14:34:01,187:INFO:Uploading results into container
2026-01-29 14:34:01,188:INFO:Uploading model into container now
2026-01-29 14:34:01,189:INFO:_master_model_container: 9
2026-01-29 14:34:01,189:INFO:_display_container: 2
2026-01-29 14:34:01,190:INFO:PassiveAggressiveRegressor(random_state=42)
2026-01-29 14:34:01,190:INFO:create_model() successfully completed......................................
2026-01-29 14:34:01,283:INFO:SubProcess create_model() end ==================================
2026-01-29 14:34:01,284:INFO:Creating metrics dataframe
2026-01-29 14:34:01,297:INFO:Initializing Huber Regressor
2026-01-29 14:34:01,297:INFO:Total runtime is 0.5963866154352824 minutes
2026-01-29 14:34:01,306:INFO:SubProcess create_model() called ==================================
2026-01-29 14:34:01,307:INFO:Initializing create_model()
2026-01-29 14:34:01,307:INFO:create_model(self=<pycaret.regression.oop.RegressionExperiment object at 0x7f9d0bd13850>, estimator=huber, fold=KFold(n_splits=10, random_state=None, shuffle=False), round=4, cross_validation=True, predict=True, fit_kwargs={}, groups=None, refit=False, probability_threshold=None, experiment_custom_tags=None, verbose=False, system=False, add_to_model_list=True, metrics=None, display=<pycaret.internal.display.display.CommonDisplay object at 0x7f9d58b34be0>, model_only=True, return_train_score=False, error_score=0.0, kwargs={})
2026-01-29 14:34:01,308:INFO:Checking exceptions
2026-01-29 14:34:01,308:INFO:Importing libraries
2026-01-29 14:34:01,308:INFO:Copying training dataset
2026-01-29 14:34:01,416:INFO:Defining folds
2026-01-29 14:34:01,416:INFO:Declaring metric variables
2026-01-29 14:34:01,427:INFO:Importing untrained model
2026-01-29 14:34:01,438:INFO:Huber Regressor Imported successfully
2026-01-29 14:34:01,457:INFO:Starting cross validation
2026-01-29 14:34:01,464:INFO:Cross validating with KFold(n_splits=10, random_state=None, shuffle=False), n_jobs=-1
2026-01-29 14:34:02,574:WARNING:/home/ilyandho/.local/share/mamba/envs/pycaret/lib/python3.10/site-packages/sklearn/linear_model/_huber.py:342: ConvergenceWarning: lbfgs failed to converge (status=1):
STOP: TOTAL NO. of ITERATIONS REACHED LIMIT.

Increase the number of iterations (max_iter) or scale the data as shown in:
    https://scikit-learn.org/stable/modules/preprocessing.html
  self.n_iter_ = _check_optimize_result("lbfgs", opt_res, self.max_iter)

2026-01-29 14:34:02,995:WARNING:/home/ilyandho/.local/share/mamba/envs/pycaret/lib/python3.10/site-packages/sklearn/linear_model/_huber.py:342: ConvergenceWarning: lbfgs failed to converge (status=1):
STOP: TOTAL NO. of ITERATIONS REACHED LIMIT.

Increase the number of iterations (max_iter) or scale the data as shown in:
    https://scikit-learn.org/stable/modules/preprocessing.html
  self.n_iter_ = _check_optimize_result("lbfgs", opt_res, self.max_iter)

2026-01-29 14:34:03,313:WARNING:/home/ilyandho/.local/share/mamba/envs/pycaret/lib/python3.10/site-packages/sklearn/linear_model/_huber.py:342: ConvergenceWarning: lbfgs failed to converge (status=1):
STOP: TOTAL NO. of ITERATIONS REACHED LIMIT.

Increase the number of iterations (max_iter) or scale the data as shown in:
    https://scikit-learn.org/stable/modules/preprocessing.html
  self.n_iter_ = _check_optimize_result("lbfgs", opt_res, self.max_iter)

2026-01-29 14:34:03,351:WARNING:/home/ilyandho/.local/share/mamba/envs/pycaret/lib/python3.10/site-packages/sklearn/linear_model/_huber.py:342: ConvergenceWarning: lbfgs failed to converge (status=1):
STOP: TOTAL NO. of ITERATIONS REACHED LIMIT.

Increase the number of iterations (max_iter) or scale the data as shown in:
    https://scikit-learn.org/stable/modules/preprocessing.html
  self.n_iter_ = _check_optimize_result("lbfgs", opt_res, self.max_iter)

2026-01-29 14:34:03,954:WARNING:/home/ilyandho/.local/share/mamba/envs/pycaret/lib/python3.10/site-packages/sklearn/linear_model/_huber.py:342: ConvergenceWarning: lbfgs failed to converge (status=1):
STOP: TOTAL NO. of ITERATIONS REACHED LIMIT.

Increase the number of iterations (max_iter) or scale the data as shown in:
    https://scikit-learn.org/stable/modules/preprocessing.html
  self.n_iter_ = _check_optimize_result("lbfgs", opt_res, self.max_iter)

2026-01-29 14:34:04,189:WARNING:/home/ilyandho/.local/share/mamba/envs/pycaret/lib/python3.10/site-packages/sklearn/linear_model/_huber.py:342: ConvergenceWarning: lbfgs failed to converge (status=1):
STOP: TOTAL NO. of ITERATIONS REACHED LIMIT.

Increase the number of iterations (max_iter) or scale the data as shown in:
    https://scikit-learn.org/stable/modules/preprocessing.html
  self.n_iter_ = _check_optimize_result("lbfgs", opt_res, self.max_iter)

2026-01-29 14:34:05,084:WARNING:/home/ilyandho/.local/share/mamba/envs/pycaret/lib/python3.10/site-packages/sklearn/linear_model/_huber.py:342: ConvergenceWarning: lbfgs failed to converge (status=1):
STOP: TOTAL NO. of ITERATIONS REACHED LIMIT.

Increase the number of iterations (max_iter) or scale the data as shown in:
    https://scikit-learn.org/stable/modules/preprocessing.html
  self.n_iter_ = _check_optimize_result("lbfgs", opt_res, self.max_iter)

2026-01-29 14:34:05,118:WARNING:/home/ilyandho/.local/share/mamba/envs/pycaret/lib/python3.10/site-packages/sklearn/linear_model/_huber.py:342: ConvergenceWarning: lbfgs failed to converge (status=1):
STOP: TOTAL NO. of ITERATIONS REACHED LIMIT.

Increase the number of iterations (max_iter) or scale the data as shown in:
    https://scikit-learn.org/stable/modules/preprocessing.html
  self.n_iter_ = _check_optimize_result("lbfgs", opt_res, self.max_iter)

2026-01-29 14:34:05,321:WARNING:/home/ilyandho/.local/share/mamba/envs/pycaret/lib/python3.10/site-packages/sklearn/linear_model/_huber.py:342: ConvergenceWarning: lbfgs failed to converge (status=1):
STOP: TOTAL NO. of ITERATIONS REACHED LIMIT.

Increase the number of iterations (max_iter) or scale the data as shown in:
    https://scikit-learn.org/stable/modules/preprocessing.html
  self.n_iter_ = _check_optimize_result("lbfgs", opt_res, self.max_iter)

2026-01-29 14:34:05,451:WARNING:/home/ilyandho/.local/share/mamba/envs/pycaret/lib/python3.10/site-packages/sklearn/linear_model/_huber.py:342: ConvergenceWarning: lbfgs failed to converge (status=1):
STOP: TOTAL NO. of ITERATIONS REACHED LIMIT.

Increase the number of iterations (max_iter) or scale the data as shown in:
    https://scikit-learn.org/stable/modules/preprocessing.html
  self.n_iter_ = _check_optimize_result("lbfgs", opt_res, self.max_iter)

2026-01-29 14:34:05,514:INFO:Calculating mean and std
2026-01-29 14:34:05,515:INFO:Creating metrics dataframe
2026-01-29 14:34:05,518:INFO:Uploading results into container
2026-01-29 14:34:05,519:INFO:Uploading model into container now
2026-01-29 14:34:05,521:INFO:_master_model_container: 10
2026-01-29 14:34:05,521:INFO:_display_container: 2
2026-01-29 14:34:05,522:INFO:HuberRegressor()
2026-01-29 14:34:05,522:INFO:create_model() successfully completed......................................
2026-01-29 14:34:05,616:INFO:SubProcess create_model() end ==================================
2026-01-29 14:34:05,616:INFO:Creating metrics dataframe
2026-01-29 14:34:05,631:INFO:Initializing K Neighbors Regressor
2026-01-29 14:34:05,631:INFO:Total runtime is 0.6686197916666666 minutes
2026-01-29 14:34:05,641:INFO:SubProcess create_model() called ==================================
2026-01-29 14:34:05,641:INFO:Initializing create_model()
2026-01-29 14:34:05,642:INFO:create_model(self=<pycaret.regression.oop.RegressionExperiment object at 0x7f9d0bd13850>, estimator=knn, fold=KFold(n_splits=10, random_state=None, shuffle=False), round=4, cross_validation=True, predict=True, fit_kwargs={}, groups=None, refit=False, probability_threshold=None, experiment_custom_tags=None, verbose=False, system=False, add_to_model_list=True, metrics=None, display=<pycaret.internal.display.display.CommonDisplay object at 0x7f9d58b34be0>, model_only=True, return_train_score=False, error_score=0.0, kwargs={})
2026-01-29 14:34:05,642:INFO:Checking exceptions
2026-01-29 14:34:05,642:INFO:Importing libraries
2026-01-29 14:34:05,642:INFO:Copying training dataset
2026-01-29 14:34:05,707:INFO:Defining folds
2026-01-29 14:34:05,707:INFO:Declaring metric variables
2026-01-29 14:34:05,714:INFO:Importing untrained model
2026-01-29 14:34:05,723:INFO:K Neighbors Regressor Imported successfully
2026-01-29 14:34:05,741:INFO:Starting cross validation
2026-01-29 14:34:05,745:INFO:Cross validating with KFold(n_splits=10, random_state=None, shuffle=False), n_jobs=-1
2026-01-29 14:34:09,203:INFO:Calculating mean and std
2026-01-29 14:34:09,205:INFO:Creating metrics dataframe
2026-01-29 14:34:09,207:INFO:Uploading results into container
2026-01-29 14:34:09,208:INFO:Uploading model into container now
2026-01-29 14:34:09,208:INFO:_master_model_container: 11
2026-01-29 14:34:09,209:INFO:_display_container: 2
2026-01-29 14:34:09,209:INFO:KNeighborsRegressor(n_jobs=-1)
2026-01-29 14:34:09,210:INFO:create_model() successfully completed......................................
2026-01-29 14:34:09,299:INFO:SubProcess create_model() end ==================================
2026-01-29 14:34:09,299:INFO:Creating metrics dataframe
2026-01-29 14:34:09,314:INFO:Initializing Decision Tree Regressor
2026-01-29 14:34:09,314:INFO:Total runtime is 0.7299957434336344 minutes
2026-01-29 14:34:09,322:INFO:SubProcess create_model() called ==================================
2026-01-29 14:34:09,323:INFO:Initializing create_model()
2026-01-29 14:34:09,323:INFO:create_model(self=<pycaret.regression.oop.RegressionExperiment object at 0x7f9d0bd13850>, estimator=dt, fold=KFold(n_splits=10, random_state=None, shuffle=False), round=4, cross_validation=True, predict=True, fit_kwargs={}, groups=None, refit=False, probability_threshold=None, experiment_custom_tags=None, verbose=False, system=False, add_to_model_list=True, metrics=None, display=<pycaret.internal.display.display.CommonDisplay object at 0x7f9d58b34be0>, model_only=True, return_train_score=False, error_score=0.0, kwargs={})
2026-01-29 14:34:09,323:INFO:Checking exceptions
2026-01-29 14:34:09,323:INFO:Importing libraries
2026-01-29 14:34:09,324:INFO:Copying training dataset
2026-01-29 14:34:09,384:INFO:Defining folds
2026-01-29 14:34:09,384:INFO:Declaring metric variables
2026-01-29 14:34:09,394:INFO:Importing untrained model
2026-01-29 14:34:09,403:INFO:Decision Tree Regressor Imported successfully
2026-01-29 14:34:09,421:INFO:Starting cross validation
2026-01-29 14:34:09,426:INFO:Cross validating with KFold(n_splits=10, random_state=None, shuffle=False), n_jobs=-1
2026-01-29 14:34:12,520:INFO:Calculating mean and std
2026-01-29 14:34:12,522:INFO:Creating metrics dataframe
2026-01-29 14:34:12,525:INFO:Uploading results into container
2026-01-29 14:34:12,526:INFO:Uploading model into container now
2026-01-29 14:34:12,527:INFO:_master_model_container: 12
2026-01-29 14:34:12,527:INFO:_display_container: 2
2026-01-29 14:34:12,528:INFO:DecisionTreeRegressor(random_state=42)
2026-01-29 14:34:12,528:INFO:create_model() successfully completed......................................
2026-01-29 14:34:12,618:INFO:SubProcess create_model() end ==================================
2026-01-29 14:34:12,619:INFO:Creating metrics dataframe
2026-01-29 14:34:12,632:INFO:Initializing Random Forest Regressor
2026-01-29 14:34:12,632:INFO:Total runtime is 0.7853070179621378 minutes
2026-01-29 14:34:12,640:INFO:SubProcess create_model() called ==================================
2026-01-29 14:34:12,641:INFO:Initializing create_model()
2026-01-29 14:34:12,641:INFO:create_model(self=<pycaret.regression.oop.RegressionExperiment object at 0x7f9d0bd13850>, estimator=rf, fold=KFold(n_splits=10, random_state=None, shuffle=False), round=4, cross_validation=True, predict=True, fit_kwargs={}, groups=None, refit=False, probability_threshold=None, experiment_custom_tags=None, verbose=False, system=False, add_to_model_list=True, metrics=None, display=<pycaret.internal.display.display.CommonDisplay object at 0x7f9d58b34be0>, model_only=True, return_train_score=False, error_score=0.0, kwargs={})
2026-01-29 14:34:12,641:INFO:Checking exceptions
2026-01-29 14:34:12,641:INFO:Importing libraries
2026-01-29 14:34:12,641:INFO:Copying training dataset
2026-01-29 14:34:12,706:INFO:Defining folds
2026-01-29 14:34:12,706:INFO:Declaring metric variables
2026-01-29 14:34:12,714:INFO:Importing untrained model
2026-01-29 14:34:12,724:INFO:Random Forest Regressor Imported successfully
2026-01-29 14:34:12,742:INFO:Starting cross validation
2026-01-29 14:34:12,746:INFO:Cross validating with KFold(n_splits=10, random_state=None, shuffle=False), n_jobs=-1
2026-01-29 14:34:30,805:INFO:Calculating mean and std
2026-01-29 14:34:30,806:INFO:Creating metrics dataframe
2026-01-29 14:34:30,808:INFO:Uploading results into container
2026-01-29 14:34:30,808:INFO:Uploading model into container now
2026-01-29 14:34:30,809:INFO:_master_model_container: 13
2026-01-29 14:34:30,809:INFO:_display_container: 2
2026-01-29 14:34:30,810:INFO:RandomForestRegressor(n_jobs=-1, random_state=42)
2026-01-29 14:34:30,810:INFO:create_model() successfully completed......................................
2026-01-29 14:34:30,905:INFO:SubProcess create_model() end ==================================
2026-01-29 14:34:30,906:INFO:Creating metrics dataframe
2026-01-29 14:34:30,922:INFO:Initializing Extra Trees Regressor
2026-01-29 14:34:30,923:INFO:Total runtime is 1.0901450912157693 minutes
2026-01-29 14:34:30,933:INFO:SubProcess create_model() called ==================================
2026-01-29 14:34:30,934:INFO:Initializing create_model()
2026-01-29 14:34:30,934:INFO:create_model(self=<pycaret.regression.oop.RegressionExperiment object at 0x7f9d0bd13850>, estimator=et, fold=KFold(n_splits=10, random_state=None, shuffle=False), round=4, cross_validation=True, predict=True, fit_kwargs={}, groups=None, refit=False, probability_threshold=None, experiment_custom_tags=None, verbose=False, system=False, add_to_model_list=True, metrics=None, display=<pycaret.internal.display.display.CommonDisplay object at 0x7f9d58b34be0>, model_only=True, return_train_score=False, error_score=0.0, kwargs={})
2026-01-29 14:34:30,934:INFO:Checking exceptions
2026-01-29 14:34:30,934:INFO:Importing libraries
2026-01-29 14:34:30,934:INFO:Copying training dataset
2026-01-29 14:34:30,997:INFO:Defining folds
2026-01-29 14:34:30,997:INFO:Declaring metric variables
2026-01-29 14:34:31,004:INFO:Importing untrained model
2026-01-29 14:34:31,016:INFO:Extra Trees Regressor Imported successfully
2026-01-29 14:34:31,031:INFO:Starting cross validation
2026-01-29 14:34:31,035:INFO:Cross validating with KFold(n_splits=10, random_state=None, shuffle=False), n_jobs=-1
2026-01-29 14:34:42,267:INFO:Calculating mean and std
2026-01-29 14:34:42,268:INFO:Creating metrics dataframe
2026-01-29 14:34:42,270:INFO:Uploading results into container
2026-01-29 14:34:42,271:INFO:Uploading model into container now
2026-01-29 14:34:42,272:INFO:_master_model_container: 14
2026-01-29 14:34:42,272:INFO:_display_container: 2
2026-01-29 14:34:42,274:INFO:ExtraTreesRegressor(n_jobs=-1, random_state=42)
2026-01-29 14:34:42,274:INFO:create_model() successfully completed......................................
2026-01-29 14:34:42,369:INFO:SubProcess create_model() end ==================================
2026-01-29 14:34:42,369:INFO:Creating metrics dataframe
2026-01-29 14:34:42,383:INFO:Initializing AdaBoost Regressor
2026-01-29 14:34:42,384:INFO:Total runtime is 1.2811602234840391 minutes
2026-01-29 14:34:42,391:INFO:SubProcess create_model() called ==================================
2026-01-29 14:34:42,392:INFO:Initializing create_model()
2026-01-29 14:34:42,392:INFO:create_model(self=<pycaret.regression.oop.RegressionExperiment object at 0x7f9d0bd13850>, estimator=ada, fold=KFold(n_splits=10, random_state=None, shuffle=False), round=4, cross_validation=True, predict=True, fit_kwargs={}, groups=None, refit=False, probability_threshold=None, experiment_custom_tags=None, verbose=False, system=False, add_to_model_list=True, metrics=None, display=<pycaret.internal.display.display.CommonDisplay object at 0x7f9d58b34be0>, model_only=True, return_train_score=False, error_score=0.0, kwargs={})
2026-01-29 14:34:42,392:INFO:Checking exceptions
2026-01-29 14:34:42,392:INFO:Importing libraries
2026-01-29 14:34:42,392:INFO:Copying training dataset
2026-01-29 14:34:42,457:INFO:Defining folds
2026-01-29 14:34:42,458:INFO:Declaring metric variables
2026-01-29 14:34:42,467:INFO:Importing untrained model
2026-01-29 14:34:42,476:INFO:AdaBoost Regressor Imported successfully
2026-01-29 14:34:42,492:INFO:Starting cross validation
2026-01-29 14:34:42,497:INFO:Cross validating with KFold(n_splits=10, random_state=None, shuffle=False), n_jobs=-1
2026-01-29 14:34:48,142:INFO:Calculating mean and std
2026-01-29 14:34:48,143:INFO:Creating metrics dataframe
2026-01-29 14:34:48,146:INFO:Uploading results into container
2026-01-29 14:34:48,147:INFO:Uploading model into container now
2026-01-29 14:34:48,147:INFO:_master_model_container: 15
2026-01-29 14:34:48,147:INFO:_display_container: 2
2026-01-29 14:34:48,148:INFO:AdaBoostRegressor(random_state=42)
2026-01-29 14:34:48,148:INFO:create_model() successfully completed......................................
2026-01-29 14:34:48,242:INFO:SubProcess create_model() end ==================================
2026-01-29 14:34:48,242:INFO:Creating metrics dataframe
2026-01-29 14:34:48,256:INFO:Initializing Gradient Boosting Regressor
2026-01-29 14:34:48,257:INFO:Total runtime is 1.379044167200724 minutes
2026-01-29 14:34:48,266:INFO:SubProcess create_model() called ==================================
2026-01-29 14:34:48,266:INFO:Initializing create_model()
2026-01-29 14:34:48,267:INFO:create_model(self=<pycaret.regression.oop.RegressionExperiment object at 0x7f9d0bd13850>, estimator=gbr, fold=KFold(n_splits=10, random_state=None, shuffle=False), round=4, cross_validation=True, predict=True, fit_kwargs={}, groups=None, refit=False, probability_threshold=None, experiment_custom_tags=None, verbose=False, system=False, add_to_model_list=True, metrics=None, display=<pycaret.internal.display.display.CommonDisplay object at 0x7f9d58b34be0>, model_only=True, return_train_score=False, error_score=0.0, kwargs={})
2026-01-29 14:34:48,267:INFO:Checking exceptions
2026-01-29 14:34:48,267:INFO:Importing libraries
2026-01-29 14:34:48,267:INFO:Copying training dataset
2026-01-29 14:34:48,331:INFO:Defining folds
2026-01-29 14:34:48,331:INFO:Declaring metric variables
2026-01-29 14:34:48,337:INFO:Importing untrained model
2026-01-29 14:34:48,348:INFO:Gradient Boosting Regressor Imported successfully
2026-01-29 14:34:48,366:INFO:Starting cross validation
2026-01-29 14:34:48,369:INFO:Cross validating with KFold(n_splits=10, random_state=None, shuffle=False), n_jobs=-1
2026-01-29 14:34:57,350:INFO:Calculating mean and std
2026-01-29 14:34:57,351:INFO:Creating metrics dataframe
2026-01-29 14:34:57,355:INFO:Uploading results into container
2026-01-29 14:34:57,356:INFO:Uploading model into container now
2026-01-29 14:34:57,356:INFO:_master_model_container: 16
2026-01-29 14:34:57,356:INFO:_display_container: 2
2026-01-29 14:34:57,357:INFO:GradientBoostingRegressor(random_state=42)
2026-01-29 14:34:57,357:INFO:create_model() successfully completed......................................
2026-01-29 14:34:57,449:INFO:SubProcess create_model() end ==================================
2026-01-29 14:34:57,449:INFO:Creating metrics dataframe
2026-01-29 14:34:57,466:INFO:Initializing Extreme Gradient Boosting
2026-01-29 14:34:57,466:INFO:Total runtime is 1.5325377543767291 minutes
2026-01-29 14:34:57,477:INFO:SubProcess create_model() called ==================================
2026-01-29 14:34:57,478:INFO:Initializing create_model()
2026-01-29 14:34:57,478:INFO:create_model(self=<pycaret.regression.oop.RegressionExperiment object at 0x7f9d0bd13850>, estimator=xgboost, fold=KFold(n_splits=10, random_state=None, shuffle=False), round=4, cross_validation=True, predict=True, fit_kwargs={}, groups=None, refit=False, probability_threshold=None, experiment_custom_tags=None, verbose=False, system=False, add_to_model_list=True, metrics=None, display=<pycaret.internal.display.display.CommonDisplay object at 0x7f9d58b34be0>, model_only=True, return_train_score=False, error_score=0.0, kwargs={})
2026-01-29 14:34:57,478:INFO:Checking exceptions
2026-01-29 14:34:57,478:INFO:Importing libraries
2026-01-29 14:34:57,478:INFO:Copying training dataset
2026-01-29 14:34:57,540:INFO:Defining folds
2026-01-29 14:34:57,540:INFO:Declaring metric variables
2026-01-29 14:34:57,548:INFO:Importing untrained model
2026-01-29 14:34:57,559:INFO:Extreme Gradient Boosting Imported successfully
2026-01-29 14:34:57,577:INFO:Starting cross validation
2026-01-29 14:34:57,582:INFO:Cross validating with KFold(n_splits=10, random_state=None, shuffle=False), n_jobs=-1
2026-01-29 14:35:09,414:INFO:Calculating mean and std
2026-01-29 14:35:09,416:INFO:Creating metrics dataframe
2026-01-29 14:35:09,419:INFO:Uploading results into container
2026-01-29 14:35:09,420:INFO:Uploading model into container now
2026-01-29 14:35:09,421:INFO:_master_model_container: 17
2026-01-29 14:35:09,421:INFO:_display_container: 2
2026-01-29 14:35:09,423:INFO:XGBRegressor(base_score=None, booster='gbtree', callbacks=None,
             colsample_bylevel=None, colsample_bynode=None,
             colsample_bytree=None, device='cpu', early_stopping_rounds=None,
             enable_categorical=False, eval_metric=None, feature_types=None,
             feature_weights=None, gamma=None, grow_policy=None,
             importance_type=None, interaction_constraints=None,
             learning_rate=None, max_bin=None, max_cat_threshold=None,
             max_cat_to_onehot=None, max_delta_step=None, max_depth=None,
             max_leaves=None, min_child_weight=None, missing=nan,
             monotone_constraints=None, multi_strategy=None, n_estimators=None,
             n_jobs=-1, num_parallel_tree=None, ...)
2026-01-29 14:35:09,423:INFO:create_model() successfully completed......................................
2026-01-29 14:35:09,519:INFO:SubProcess create_model() end ==================================
2026-01-29 14:35:09,519:INFO:Creating metrics dataframe
2026-01-29 14:35:09,535:INFO:Initializing Light Gradient Boosting Machine
2026-01-29 14:35:09,535:INFO:Total runtime is 1.733679151535034 minutes
2026-01-29 14:35:09,542:INFO:SubProcess create_model() called ==================================
2026-01-29 14:35:09,543:INFO:Initializing create_model()
2026-01-29 14:35:09,543:INFO:create_model(self=<pycaret.regression.oop.RegressionExperiment object at 0x7f9d0bd13850>, estimator=lightgbm, fold=KFold(n_splits=10, random_state=None, shuffle=False), round=4, cross_validation=True, predict=True, fit_kwargs={}, groups=None, refit=False, probability_threshold=None, experiment_custom_tags=None, verbose=False, system=False, add_to_model_list=True, metrics=None, display=<pycaret.internal.display.display.CommonDisplay object at 0x7f9d58b34be0>, model_only=True, return_train_score=False, error_score=0.0, kwargs={})
2026-01-29 14:35:09,543:INFO:Checking exceptions
2026-01-29 14:35:09,543:INFO:Importing libraries
2026-01-29 14:35:09,543:INFO:Copying training dataset
2026-01-29 14:35:09,606:INFO:Defining folds
2026-01-29 14:35:09,606:INFO:Declaring metric variables
2026-01-29 14:35:09,613:INFO:Importing untrained model
2026-01-29 14:35:09,625:INFO:Light Gradient Boosting Machine Imported successfully
2026-01-29 14:35:09,643:INFO:Starting cross validation
2026-01-29 14:35:09,647:INFO:Cross validating with KFold(n_splits=10, random_state=None, shuffle=False), n_jobs=-1
2026-01-29 14:35:25,513:INFO:Calculating mean and std
2026-01-29 14:35:25,515:INFO:Creating metrics dataframe
2026-01-29 14:35:25,522:INFO:Uploading results into container
2026-01-29 14:35:25,527:INFO:Uploading model into container now
2026-01-29 14:35:25,530:INFO:_master_model_container: 18
2026-01-29 14:35:25,532:INFO:_display_container: 2
2026-01-29 14:35:25,534:INFO:LGBMRegressor(n_jobs=-1, random_state=42)
2026-01-29 14:35:25,535:INFO:create_model() successfully completed......................................
2026-01-29 14:35:25,648:INFO:SubProcess create_model() end ==================================
2026-01-29 14:35:25,648:INFO:Creating metrics dataframe
2026-01-29 14:35:25,665:INFO:Initializing Dummy Regressor
2026-01-29 14:35:25,669:INFO:Total runtime is 2.00258598725001 minutes
2026-01-29 14:35:25,690:INFO:SubProcess create_model() called ==================================
2026-01-29 14:35:25,690:INFO:Initializing create_model()
2026-01-29 14:35:25,690:INFO:create_model(self=<pycaret.regression.oop.RegressionExperiment object at 0x7f9d0bd13850>, estimator=dummy, fold=KFold(n_splits=10, random_state=None, shuffle=False), round=4, cross_validation=True, predict=True, fit_kwargs={}, groups=None, refit=False, probability_threshold=None, experiment_custom_tags=None, verbose=False, system=False, add_to_model_list=True, metrics=None, display=<pycaret.internal.display.display.CommonDisplay object at 0x7f9d58b34be0>, model_only=True, return_train_score=False, error_score=0.0, kwargs={})
2026-01-29 14:35:25,690:INFO:Checking exceptions
2026-01-29 14:35:25,690:INFO:Importing libraries
2026-01-29 14:35:25,691:INFO:Copying training dataset
2026-01-29 14:35:25,757:INFO:Defining folds
2026-01-29 14:35:25,758:INFO:Declaring metric variables
2026-01-29 14:35:25,767:INFO:Importing untrained model
2026-01-29 14:35:25,775:INFO:Dummy Regressor Imported successfully
2026-01-29 14:35:25,792:INFO:Starting cross validation
2026-01-29 14:35:25,800:INFO:Cross validating with KFold(n_splits=10, random_state=None, shuffle=False), n_jobs=-1
2026-01-29 14:35:29,239:INFO:Calculating mean and std
2026-01-29 14:35:29,240:INFO:Creating metrics dataframe
2026-01-29 14:35:29,244:INFO:Uploading results into container
2026-01-29 14:35:29,245:INFO:Uploading model into container now
2026-01-29 14:35:29,246:INFO:_master_model_container: 19
2026-01-29 14:35:29,246:INFO:_display_container: 2
2026-01-29 14:35:29,247:INFO:DummyRegressor()
2026-01-29 14:35:29,247:INFO:create_model() successfully completed......................................
2026-01-29 14:35:29,341:INFO:SubProcess create_model() end ==================================
2026-01-29 14:35:29,341:INFO:Creating metrics dataframe
2026-01-29 14:35:29,360:WARNING:/home/ilyandho/.local/share/mamba/envs/pycaret/lib/python3.10/site-packages/pycaret/internal/pycaret_experiment/supervised_experiment.py:323: FutureWarning: Styler.applymap has been deprecated. Use Styler.map instead.
  master_display_.apply(

2026-01-29 14:35:29,384:INFO:Initializing create_model()
2026-01-29 14:35:29,384:INFO:create_model(self=<pycaret.regression.oop.RegressionExperiment object at 0x7f9d0bd13850>, estimator=Ridge(random_state=42), fold=KFold(n_splits=10, random_state=None, shuffle=False), round=4, cross_validation=False, predict=False, fit_kwargs={}, groups=None, refit=True, probability_threshold=None, experiment_custom_tags=None, verbose=False, system=False, add_to_model_list=True, metrics=None, display=None, model_only=True, return_train_score=False, error_score=0.0, kwargs={})
2026-01-29 14:35:29,385:INFO:Checking exceptions
2026-01-29 14:35:29,387:INFO:Importing libraries
2026-01-29 14:35:29,387:INFO:Copying training dataset
2026-01-29 14:35:29,449:INFO:Defining folds
2026-01-29 14:35:29,449:INFO:Declaring metric variables
2026-01-29 14:35:29,450:INFO:Importing untrained model
2026-01-29 14:35:29,450:INFO:Declaring custom model
2026-01-29 14:35:29,450:INFO:Ridge Regression Imported successfully
2026-01-29 14:35:29,453:INFO:Cross validation set to False
2026-01-29 14:35:29,453:INFO:Fitting Model
2026-01-29 14:35:30,032:WARNING:/home/ilyandho/.local/share/mamba/envs/pycaret/lib/python3.10/site-packages/sklearn/linear_model/_ridge.py:204: LinAlgWarning: Ill-conditioned matrix (rcond=6.0474e-15): result may not be accurate.
  return linalg.solve(A, Xy, assume_a="pos", overwrite_a=True).T

2026-01-29 14:35:30,034:INFO:Ridge(random_state=42)
2026-01-29 14:35:30,034:INFO:create_model() successfully completed......................................
2026-01-29 14:35:30,220:INFO:_master_model_container: 19
2026-01-29 14:35:30,220:INFO:_display_container: 2
2026-01-29 14:35:30,221:INFO:Ridge(random_state=42)
2026-01-29 14:35:30,221:INFO:compare_models() successfully completed......................................
2026-01-29 14:35:30,222:INFO:Initializing evaluate_model()
2026-01-29 14:35:30,223:INFO:evaluate_model(self=<pycaret.regression.oop.RegressionExperiment object at 0x7f9d0bd13850>, estimator=Ridge(random_state=42), fold=None, fit_kwargs=None, plot_kwargs=None, feature_name=None, groups=None)
2026-01-29 14:35:30,266:INFO:Initializing plot_model()
2026-01-29 14:35:30,266:INFO:plot_model(plot=pipeline, fold=KFold(n_splits=10, random_state=None, shuffle=False), verbose=False, display=None, display_format=None, estimator=Ridge(random_state=42), feature_name=None, fit_kwargs={}, groups=None, label=False, plot_kwargs=None, save=False, scale=1, self=<pycaret.regression.oop.RegressionExperiment object at 0x7f9d0bd13850>, system=True)
2026-01-29 14:35:30,266:INFO:Checking exceptions
2026-01-29 14:35:30,298:INFO:Preloading libraries
2026-01-29 14:35:30,299:INFO:Copying training dataset
2026-01-29 14:35:30,299:INFO:Plot type: pipeline
2026-01-29 14:35:30,579:INFO:Visual Rendered Successfully
2026-01-29 14:35:30,685:INFO:plot_model() successfully completed......................................
2026-01-29 14:35:30,689:INFO:Initializing plot_model()
2026-01-29 14:35:30,690:INFO:plot_model(plot=feature, fold=None, verbose=True, display=None, display_format=None, estimator=Ridge(random_state=42), feature_name=None, fit_kwargs=None, groups=None, label=False, plot_kwargs=None, save=False, scale=1, self=<pycaret.regression.oop.RegressionExperiment object at 0x7f9d0bd13850>, system=True)
2026-01-29 14:35:30,690:INFO:Checking exceptions
2026-01-29 14:35:30,724:INFO:Preloading libraries
2026-01-29 14:35:30,725:INFO:Copying training dataset
2026-01-29 14:35:30,725:INFO:Plot type: feature
2026-01-29 14:35:31,206:INFO:Visual Rendered Successfully
2026-01-29 14:35:31,303:INFO:plot_model() successfully completed......................................
2026-01-29 14:44:14,347:WARNING:/tmp/ipykernel_25803/2925878775.py:814: UserWarning: pkg_resources is deprecated as an API. See https://setuptools.pypa.io/en/latest/pkg_resources.html. The pkg_resources package is slated for removal as early as 2025-11-30. Refrain from using this package or pin to Setuptools<81.
  import pkg_resources

2026-01-29 14:44:46,685:INFO:PyCaret RegressionExperiment
2026-01-29 14:44:46,685:INFO:Logging name: reg-default-name
2026-01-29 14:44:46,685:INFO:ML Usecase: MLUsecase.REGRESSION
2026-01-29 14:44:46,685:INFO:version 3.3.2
2026-01-29 14:44:46,685:INFO:Initializing setup()
2026-01-29 14:44:46,686:INFO:self.USI: df51
2026-01-29 14:44:46,686:INFO:self._variable_keys: {'data', '_available_plots', 'pipeline', 'fold_groups_param', 'logging_param', 'target_param', 'y_train', 'n_jobs_param', 'fold_generator', 'memory', 'exp_name_log', 'y_test', 'transform_target_param', 'USI', '_ml_usecase', 'seed', 'gpu_n_jobs_param', 'exp_id', 'X_train', 'fold_shuffle_param', 'X', 'log_plots_param', 'idx', 'X_test', 'y', 'gpu_param', 'html_param'}
2026-01-29 14:44:46,686:INFO:Checking environment
2026-01-29 14:44:46,686:INFO:python_version: 3.10.19
2026-01-29 14:44:46,686:INFO:python_build: ('main', 'Oct 22 2025 22:29:10')
2026-01-29 14:44:46,686:INFO:machine: x86_64
2026-01-29 14:44:46,686:INFO:platform: Linux-6.18.3-arch1-1-x86_64-with-glibc2.42
2026-01-29 14:44:46,686:INFO:Memory: svmem(total=16650223616, available=8160616448, percent=51.0, used=8489607168, free=1722974208, active=8946941952, inactive=4375650304, buffers=173158400, cached=7518429184, shared=908386304, slab=623579136)
2026-01-29 14:44:46,687:INFO:Physical Core: 2
2026-01-29 14:44:46,687:INFO:Logical Core: 4
2026-01-29 14:44:46,688:INFO:Checking libraries
2026-01-29 14:44:46,688:INFO:System:
2026-01-29 14:44:46,688:INFO:    python: 3.10.19 | packaged by conda-forge | (main, Oct 22 2025, 22:29:10) [GCC 14.3.0]
2026-01-29 14:44:46,688:INFO:executable: /home/ilyandho/.local/share/mamba/envs/pycaret/bin/python
2026-01-29 14:44:46,688:INFO:   machine: Linux-6.18.3-arch1-1-x86_64-with-glibc2.42
2026-01-29 14:44:46,688:INFO:PyCaret required dependencies:
2026-01-29 14:44:46,688:INFO:                 pip: 25.3
2026-01-29 14:44:46,688:INFO:          setuptools: 80.9.0
2026-01-29 14:44:46,688:INFO:             pycaret: 3.3.2
2026-01-29 14:44:46,688:INFO:             IPython: 8.37.0
2026-01-29 14:44:46,688:INFO:          ipywidgets: 8.1.8
2026-01-29 14:44:46,688:INFO:                tqdm: 4.67.1
2026-01-29 14:44:46,688:INFO:               numpy: 1.26.4
2026-01-29 14:44:46,688:INFO:              pandas: 2.1.4
2026-01-29 14:44:46,688:INFO:              jinja2: 3.1.6
2026-01-29 14:44:46,689:INFO:               scipy: 1.11.4
2026-01-29 14:44:46,689:INFO:              joblib: 1.3.2
2026-01-29 14:44:46,689:INFO:             sklearn: 1.4.2
2026-01-29 14:44:46,689:INFO:                pyod: 2.0.6
2026-01-29 14:44:46,689:INFO:            imblearn: 0.14.1
2026-01-29 14:44:46,689:INFO:   category_encoders: 2.7.0
2026-01-29 14:44:46,689:INFO:            lightgbm: 4.6.0
2026-01-29 14:44:46,689:INFO:               numba: 0.63.1
2026-01-29 14:44:46,689:INFO:            requests: 2.32.5
2026-01-29 14:44:46,689:INFO:          matplotlib: 3.10.8
2026-01-29 14:44:46,689:INFO:          scikitplot: 0.3.7
2026-01-29 14:44:46,689:INFO:         yellowbrick: 1.5
2026-01-29 14:44:46,689:INFO:              plotly: 6.5.0
2026-01-29 14:44:46,689:INFO:    plotly-resampler: Not installed
2026-01-29 14:44:46,689:INFO:             kaleido: 0.2.1
2026-01-29 14:44:46,689:INFO:           schemdraw: 0.15
2026-01-29 14:44:46,689:INFO:         statsmodels: 0.14.6
2026-01-29 14:44:46,689:INFO:              sktime: 0.26.0
2026-01-29 14:44:46,689:INFO:               tbats: 1.1.3
2026-01-29 14:44:46,689:INFO:            pmdarima: 2.0.4
2026-01-29 14:44:46,689:INFO:              psutil: 7.2.1
2026-01-29 14:44:46,689:INFO:          markupsafe: 3.0.3
2026-01-29 14:44:46,690:INFO:             pickle5: Not installed
2026-01-29 14:44:46,690:INFO:         cloudpickle: 3.1.2
2026-01-29 14:44:46,690:INFO:         deprecation: 2.1.0
2026-01-29 14:44:46,690:INFO:              xxhash: 3.6.0
2026-01-29 14:44:46,690:INFO:           wurlitzer: 3.1.1
2026-01-29 14:44:46,690:INFO:PyCaret optional dependencies:
2026-01-29 14:44:46,690:INFO:                shap: Not installed
2026-01-29 14:44:46,690:INFO:           interpret: Not installed
2026-01-29 14:44:46,690:INFO:                umap: 0.5.9.post2
2026-01-29 14:44:46,690:INFO:     ydata_profiling: Not installed
2026-01-29 14:44:46,690:INFO:  explainerdashboard: Not installed
2026-01-29 14:44:46,690:INFO:             autoviz: Not installed
2026-01-29 14:44:46,690:INFO:           fairlearn: Not installed
2026-01-29 14:44:46,690:INFO:          deepchecks: Not installed
2026-01-29 14:44:46,691:INFO:             xgboost: 3.1.3
2026-01-29 14:44:46,691:INFO:            catboost: Not installed
2026-01-29 14:44:46,691:INFO:              kmodes: Not installed
2026-01-29 14:44:46,691:INFO:             mlxtend: Not installed
2026-01-29 14:44:46,691:INFO:       statsforecast: Not installed
2026-01-29 14:44:46,691:INFO:        tune_sklearn: Not installed
2026-01-29 14:44:46,691:INFO:                 ray: Not installed
2026-01-29 14:44:46,692:INFO:            hyperopt: Not installed
2026-01-29 14:44:46,692:INFO:              optuna: Not installed
2026-01-29 14:44:46,692:INFO:               skopt: Not installed
2026-01-29 14:44:46,692:INFO:              mlflow: Not installed
2026-01-29 14:44:46,692:INFO:              gradio: Not installed
2026-01-29 14:44:46,692:INFO:             fastapi: Not installed
2026-01-29 14:44:46,692:INFO:             uvicorn: Not installed
2026-01-29 14:44:46,692:INFO:              m2cgen: Not installed
2026-01-29 14:44:46,692:INFO:           evidently: Not installed
2026-01-29 14:44:46,692:INFO:               fugue: Not installed
2026-01-29 14:44:46,692:INFO:           streamlit: Not installed
2026-01-29 14:44:46,692:INFO:             prophet: Not installed
2026-01-29 14:44:46,692:INFO:None
2026-01-29 14:44:46,692:INFO:Set up data.
2026-01-29 14:44:46,861:INFO:Set up folding strategy.
2026-01-29 14:44:46,861:INFO:Set up train/test split.
2026-01-29 14:44:47,080:INFO:Set up index.
2026-01-29 14:44:47,081:INFO:Assigning column types.
2026-01-29 14:44:47,150:INFO:Engine successfully changes for model 'lr' to 'sklearn'.
2026-01-29 14:44:47,150:INFO:Engine for model 'lasso' has not been set explicitly, hence returning None.
2026-01-29 14:44:47,158:INFO:Engine for model 'ridge' has not been set explicitly, hence returning None.
2026-01-29 14:44:47,162:INFO:Engine for model 'en' has not been set explicitly, hence returning None.
2026-01-29 14:44:47,295:INFO:Engine for model 'svm' has not been set explicitly, hence returning None.
2026-01-29 14:44:47,365:INFO:Engine for model 'knn' has not been set explicitly, hence returning None.
2026-01-29 14:44:47,366:INFO:Soft dependency imported: xgboost: 3.1.3
2026-01-29 14:44:47,373:WARNING:
'catboost' is a soft dependency and not included in the pycaret installation. Please run: `pip install catboost` to install.
Alternately, you can install this by running `pip install pycaret[models]`
2026-01-29 14:44:47,373:INFO:Engine for model 'lasso' has not been set explicitly, hence returning None.
2026-01-29 14:44:47,384:INFO:Engine for model 'ridge' has not been set explicitly, hence returning None.
2026-01-29 14:44:47,394:INFO:Engine for model 'en' has not been set explicitly, hence returning None.
2026-01-29 14:44:47,826:INFO:Engine for model 'svm' has not been set explicitly, hence returning None.
2026-01-29 14:44:48,032:INFO:Engine for model 'knn' has not been set explicitly, hence returning None.
2026-01-29 14:44:48,033:INFO:Soft dependency imported: xgboost: 3.1.3
2026-01-29 14:44:48,040:WARNING:
'catboost' is a soft dependency and not included in the pycaret installation. Please run: `pip install catboost` to install.
Alternately, you can install this by running `pip install pycaret[models]`
2026-01-29 14:44:48,041:INFO:Engine successfully changes for model 'lasso' to 'sklearn'.
2026-01-29 14:44:48,056:INFO:Engine for model 'ridge' has not been set explicitly, hence returning None.
2026-01-29 14:44:48,068:INFO:Engine for model 'en' has not been set explicitly, hence returning None.
2026-01-29 14:44:48,244:INFO:Engine for model 'svm' has not been set explicitly, hence returning None.
2026-01-29 14:44:48,293:INFO:Engine for model 'knn' has not been set explicitly, hence returning None.
2026-01-29 14:44:48,294:INFO:Soft dependency imported: xgboost: 3.1.3
2026-01-29 14:44:48,296:WARNING:
'catboost' is a soft dependency and not included in the pycaret installation. Please run: `pip install catboost` to install.
Alternately, you can install this by running `pip install pycaret[models]`
2026-01-29 14:44:48,301:INFO:Engine for model 'ridge' has not been set explicitly, hence returning None.
2026-01-29 14:44:48,307:INFO:Engine for model 'en' has not been set explicitly, hence returning None.
2026-01-29 14:44:48,474:INFO:Engine for model 'svm' has not been set explicitly, hence returning None.
2026-01-29 14:44:48,564:INFO:Engine for model 'knn' has not been set explicitly, hence returning None.
2026-01-29 14:44:48,565:INFO:Soft dependency imported: xgboost: 3.1.3
2026-01-29 14:44:48,569:WARNING:
'catboost' is a soft dependency and not included in the pycaret installation. Please run: `pip install catboost` to install.
Alternately, you can install this by running `pip install pycaret[models]`
2026-01-29 14:44:48,570:INFO:Engine successfully changes for model 'ridge' to 'sklearn'.
2026-01-29 14:44:48,583:INFO:Engine for model 'en' has not been set explicitly, hence returning None.
2026-01-29 14:44:48,724:INFO:Engine for model 'svm' has not been set explicitly, hence returning None.
2026-01-29 14:44:48,775:INFO:Engine for model 'knn' has not been set explicitly, hence returning None.
2026-01-29 14:44:48,776:INFO:Soft dependency imported: xgboost: 3.1.3
2026-01-29 14:44:48,778:WARNING:
'catboost' is a soft dependency and not included in the pycaret installation. Please run: `pip install catboost` to install.
Alternately, you can install this by running `pip install pycaret[models]`
2026-01-29 14:44:48,789:INFO:Engine for model 'en' has not been set explicitly, hence returning None.
2026-01-29 14:44:48,894:INFO:Engine for model 'svm' has not been set explicitly, hence returning None.
2026-01-29 14:44:48,942:INFO:Engine for model 'knn' has not been set explicitly, hence returning None.
2026-01-29 14:44:48,943:INFO:Soft dependency imported: xgboost: 3.1.3
2026-01-29 14:44:48,946:WARNING:
'catboost' is a soft dependency and not included in the pycaret installation. Please run: `pip install catboost` to install.
Alternately, you can install this by running `pip install pycaret[models]`
2026-01-29 14:44:48,946:INFO:Engine successfully changes for model 'en' to 'sklearn'.
2026-01-29 14:44:49,066:INFO:Engine for model 'svm' has not been set explicitly, hence returning None.
2026-01-29 14:44:49,115:INFO:Engine for model 'knn' has not been set explicitly, hence returning None.
2026-01-29 14:44:49,116:INFO:Soft dependency imported: xgboost: 3.1.3
2026-01-29 14:44:49,120:WARNING:
'catboost' is a soft dependency and not included in the pycaret installation. Please run: `pip install catboost` to install.
Alternately, you can install this by running `pip install pycaret[models]`
2026-01-29 14:44:49,302:INFO:Engine for model 'svm' has not been set explicitly, hence returning None.
2026-01-29 14:44:49,356:INFO:Engine for model 'knn' has not been set explicitly, hence returning None.
2026-01-29 14:44:49,357:INFO:Soft dependency imported: xgboost: 3.1.3
2026-01-29 14:44:49,364:WARNING:
'catboost' is a soft dependency and not included in the pycaret installation. Please run: `pip install catboost` to install.
Alternately, you can install this by running `pip install pycaret[models]`
2026-01-29 14:44:49,365:INFO:Engine successfully changes for model 'knn' to 'sklearn'.
2026-01-29 14:44:49,512:INFO:Engine for model 'svm' has not been set explicitly, hence returning None.
2026-01-29 14:44:49,609:INFO:Soft dependency imported: xgboost: 3.1.3
2026-01-29 14:44:49,613:WARNING:
'catboost' is a soft dependency and not included in the pycaret installation. Please run: `pip install catboost` to install.
Alternately, you can install this by running `pip install pycaret[models]`
2026-01-29 14:44:49,755:INFO:Engine for model 'svm' has not been set explicitly, hence returning None.
2026-01-29 14:44:49,806:INFO:Soft dependency imported: xgboost: 3.1.3
2026-01-29 14:44:49,809:WARNING:
'catboost' is a soft dependency and not included in the pycaret installation. Please run: `pip install catboost` to install.
Alternately, you can install this by running `pip install pycaret[models]`
2026-01-29 14:44:49,809:INFO:Engine successfully changes for model 'svm' to 'sklearn'.
2026-01-29 14:44:49,968:INFO:Soft dependency imported: xgboost: 3.1.3
2026-01-29 14:44:49,972:WARNING:
'catboost' is a soft dependency and not included in the pycaret installation. Please run: `pip install catboost` to install.
Alternately, you can install this by running `pip install pycaret[models]`
2026-01-29 14:44:50,217:INFO:Soft dependency imported: xgboost: 3.1.3
2026-01-29 14:44:50,222:WARNING:
'catboost' is a soft dependency and not included in the pycaret installation. Please run: `pip install catboost` to install.
Alternately, you can install this by running `pip install pycaret[models]`
2026-01-29 14:44:50,223:INFO:Preparing preprocessing pipeline...
2026-01-29 14:44:50,223:INFO:Set up simple imputation.
2026-01-29 14:44:50,223:INFO:Set up removing multicollinearity.
2026-01-29 14:44:50,231:INFO:Set up column name cleaning.
2026-01-29 14:44:50,779:INFO:Finished creating preprocessing pipeline.
2026-01-29 14:44:50,799:INFO:Pipeline: Pipeline(memory=FastMemory(location=/tmp/joblib),
         steps=[('numerical_imputer',
                 TransformerWrapper(include=['xP_next', 'selected_by_percent',
                                             'value', 'transfers_in',
                                             'transfers_out', 'selected',
                                             'ownership_change',
                                             'percenatge_net_transfers',
                                             'cbitr_volume_90', 'cbitr_ewm_90',
                                             'cbitr_ewm_probability',
                                             'cbitr_probability', 'elo',
                                             'team_h_difficulty',
                                             'team_a_diffic...
                                             'minutes_rolling_3',
                                             'minutes_rolling_5', ...],
                                    transformer=SimpleImputer())),
                ('categorical_imputer',
                 TransformerWrapper(include=[],
                                    transformer=SimpleImputer(strategy='most_frequent'))),
                ('remove_multicollinearity',
                 TransformerWrapper(exclude=[],
                                    transformer=RemoveMulticollinearity(threshold=0.9))),
                ('clean_column_names',
                 TransformerWrapper(transformer=CleanColumnNames()))])
2026-01-29 14:44:50,799:INFO:Creating final display dataframe.
2026-01-29 14:44:51,393:INFO:Setup _display_container:                     Description             Value
0                    Session id                42
1                        Target                xP
2                   Target type        Regression
3           Original data shape       (1154, 343)
4        Transformed data shape       (1154, 130)
5   Transformed train set shape        (923, 130)
6    Transformed test set shape        (231, 130)
7              Numeric features               341
8                    Preprocess              True
9               Imputation type            simple
10           Numeric imputation              mean
11       Categorical imputation              mode
12     Remove multicollinearity              True
13  Multicollinearity threshold               0.9
14               Fold Generator             KFold
15                  Fold Number                10
16                     CPU Jobs                -1
17                      Use GPU             False
18               Log Experiment             False
19              Experiment Name  reg-default-name
20                          USI              df51
2026-01-29 14:44:51,739:INFO:Soft dependency imported: xgboost: 3.1.3
2026-01-29 14:44:51,742:WARNING:
'catboost' is a soft dependency and not included in the pycaret installation. Please run: `pip install catboost` to install.
Alternately, you can install this by running `pip install pycaret[models]`
2026-01-29 14:44:52,269:INFO:Soft dependency imported: xgboost: 3.1.3
2026-01-29 14:44:52,272:WARNING:
'catboost' is a soft dependency and not included in the pycaret installation. Please run: `pip install catboost` to install.
Alternately, you can install this by running `pip install pycaret[models]`
2026-01-29 14:44:52,273:INFO:setup() successfully completed in 5.59s...............
2026-01-29 14:44:52,273:INFO:gpu_param set to False
2026-01-29 14:44:52,446:INFO:Soft dependency imported: xgboost: 3.1.3
2026-01-29 14:44:52,451:WARNING:
'catboost' is a soft dependency and not included in the pycaret installation. Please run: `pip install catboost` to install.
Alternately, you can install this by running `pip install pycaret[models]`
2026-01-29 14:44:52,860:INFO:Soft dependency imported: xgboost: 3.1.3
2026-01-29 14:44:52,866:WARNING:
'catboost' is a soft dependency and not included in the pycaret installation. Please run: `pip install catboost` to install.
Alternately, you can install this by running `pip install pycaret[models]`
2026-01-29 14:44:52,869:INFO:Initializing compare_models()
2026-01-29 14:44:52,869:INFO:compare_models(self=<pycaret.regression.oop.RegressionExperiment object at 0x7f9d01149300>, include=None, fold=None, round=4, cross_validation=True, sort=MAE, n_select=1, budget_time=None, turbo=True, errors=ignore, fit_kwargs=None, groups=None, experiment_custom_tags=None, probability_threshold=None, verbose=True, parallel=None, caller_params={'self': <pycaret.regression.oop.RegressionExperiment object at 0x7f9d01149300>, 'include': None, 'exclude': None, 'fold': None, 'round': 4, 'cross_validation': True, 'sort': 'MAE', 'n_select': 1, 'budget_time': None, 'turbo': True, 'errors': 'ignore', 'fit_kwargs': None, 'groups': None, 'experiment_custom_tags': None, 'engine': None, 'verbose': True, 'parallel': None, '__class__': <class 'pycaret.regression.oop.RegressionExperiment'>}, exclude=None)
2026-01-29 14:44:52,870:INFO:Checking exceptions
2026-01-29 14:44:52,916:INFO:Preparing display monitor
2026-01-29 14:44:52,977:INFO:Initializing Linear Regression
2026-01-29 14:44:52,977:INFO:Total runtime is 5.276997884114583e-06 minutes
2026-01-29 14:44:52,989:INFO:SubProcess create_model() called ==================================
2026-01-29 14:44:52,990:INFO:Initializing create_model()
2026-01-29 14:44:52,990:INFO:create_model(self=<pycaret.regression.oop.RegressionExperiment object at 0x7f9d01149300>, estimator=lr, fold=KFold(n_splits=10, random_state=None, shuffle=False), round=4, cross_validation=True, predict=True, fit_kwargs={}, groups=None, refit=False, probability_threshold=None, experiment_custom_tags=None, verbose=False, system=False, add_to_model_list=True, metrics=None, display=<pycaret.internal.display.display.CommonDisplay object at 0x7f9d010c82b0>, model_only=True, return_train_score=False, error_score=0.0, kwargs={})
2026-01-29 14:44:52,990:INFO:Checking exceptions
2026-01-29 14:44:52,990:INFO:Importing libraries
2026-01-29 14:44:52,990:INFO:Copying training dataset
2026-01-29 14:44:53,113:INFO:Defining folds
2026-01-29 14:44:53,114:INFO:Declaring metric variables
2026-01-29 14:44:53,126:INFO:Importing untrained model
2026-01-29 14:44:53,137:INFO:Linear Regression Imported successfully
2026-01-29 14:44:53,163:INFO:Starting cross validation
2026-01-29 14:44:53,173:INFO:Cross validating with KFold(n_splits=10, random_state=None, shuffle=False), n_jobs=-1
2026-01-29 14:44:58,302:WARNING:/home/ilyandho/.local/share/mamba/envs/pycaret/lib/python3.10/site-packages/_distutils_hack/__init__.py:30: UserWarning: Setuptools is replacing distutils. Support for replacing an already imported distutils is deprecated. In the future, this condition will fail. Register concerns at https://github.com/pypa/setuptools/issues/new?template=distutils-deprecation.yml
  warnings.warn(

2026-01-29 14:44:58,608:WARNING:/home/ilyandho/.local/share/mamba/envs/pycaret/lib/python3.10/site-packages/_distutils_hack/__init__.py:30: UserWarning: Setuptools is replacing distutils. Support for replacing an already imported distutils is deprecated. In the future, this condition will fail. Register concerns at https://github.com/pypa/setuptools/issues/new?template=distutils-deprecation.yml
  warnings.warn(

2026-01-29 14:44:58,790:WARNING:/home/ilyandho/.local/share/mamba/envs/pycaret/lib/python3.10/site-packages/_distutils_hack/__init__.py:30: UserWarning: Setuptools is replacing distutils. Support for replacing an already imported distutils is deprecated. In the future, this condition will fail. Register concerns at https://github.com/pypa/setuptools/issues/new?template=distutils-deprecation.yml
  warnings.warn(

2026-01-29 14:44:58,963:WARNING:/home/ilyandho/.local/share/mamba/envs/pycaret/lib/python3.10/site-packages/_distutils_hack/__init__.py:30: UserWarning: Setuptools is replacing distutils. Support for replacing an already imported distutils is deprecated. In the future, this condition will fail. Register concerns at https://github.com/pypa/setuptools/issues/new?template=distutils-deprecation.yml
  warnings.warn(

2026-01-29 14:45:02,046:INFO:Calculating mean and std
2026-01-29 14:45:02,048:INFO:Creating metrics dataframe
2026-01-29 14:45:02,053:INFO:Uploading results into container
2026-01-29 14:45:02,053:INFO:Uploading model into container now
2026-01-29 14:45:02,055:INFO:_master_model_container: 1
2026-01-29 14:45:02,055:INFO:_display_container: 2
2026-01-29 14:45:02,055:INFO:LinearRegression(n_jobs=-1)
2026-01-29 14:45:02,055:INFO:create_model() successfully completed......................................
2026-01-29 14:45:02,209:INFO:SubProcess create_model() end ==================================
2026-01-29 14:45:02,209:INFO:Creating metrics dataframe
2026-01-29 14:45:02,223:INFO:Initializing Lasso Regression
2026-01-29 14:45:02,223:INFO:Total runtime is 0.15410934289296468 minutes
2026-01-29 14:45:02,231:INFO:SubProcess create_model() called ==================================
2026-01-29 14:45:02,231:INFO:Initializing create_model()
2026-01-29 14:45:02,232:INFO:create_model(self=<pycaret.regression.oop.RegressionExperiment object at 0x7f9d01149300>, estimator=lasso, fold=KFold(n_splits=10, random_state=None, shuffle=False), round=4, cross_validation=True, predict=True, fit_kwargs={}, groups=None, refit=False, probability_threshold=None, experiment_custom_tags=None, verbose=False, system=False, add_to_model_list=True, metrics=None, display=<pycaret.internal.display.display.CommonDisplay object at 0x7f9d010c82b0>, model_only=True, return_train_score=False, error_score=0.0, kwargs={})
2026-01-29 14:45:02,232:INFO:Checking exceptions
2026-01-29 14:45:02,233:INFO:Importing libraries
2026-01-29 14:45:02,233:INFO:Copying training dataset
2026-01-29 14:45:02,391:INFO:Defining folds
2026-01-29 14:45:02,392:INFO:Declaring metric variables
2026-01-29 14:45:02,416:INFO:Importing untrained model
2026-01-29 14:45:02,454:INFO:Lasso Regression Imported successfully
2026-01-29 14:45:02,506:INFO:Starting cross validation
2026-01-29 14:45:02,523:INFO:Cross validating with KFold(n_splits=10, random_state=None, shuffle=False), n_jobs=-1
2026-01-29 14:45:06,430:WARNING:/home/ilyandho/.local/share/mamba/envs/pycaret/lib/python3.10/site-packages/sklearn/linear_model/_coordinate_descent.py:678: ConvergenceWarning: Objective did not converge. You might want to increase the number of iterations, check the scale of the features or consider increasing regularisation. Duality gap: 6.906e-01, tolerance: 3.195e-01
  model = cd_fast.enet_coordinate_descent(

2026-01-29 14:45:07,141:INFO:Calculating mean and std
2026-01-29 14:45:07,142:INFO:Creating metrics dataframe
2026-01-29 14:45:07,144:INFO:Uploading results into container
2026-01-29 14:45:07,145:INFO:Uploading model into container now
2026-01-29 14:45:07,145:INFO:_master_model_container: 2
2026-01-29 14:45:07,145:INFO:_display_container: 2
2026-01-29 14:45:07,146:INFO:Lasso(random_state=42)
2026-01-29 14:45:07,146:INFO:create_model() successfully completed......................................
2026-01-29 14:45:07,287:INFO:SubProcess create_model() end ==================================
2026-01-29 14:45:07,287:INFO:Creating metrics dataframe
2026-01-29 14:45:07,304:INFO:Initializing Ridge Regression
2026-01-29 14:45:07,304:INFO:Total runtime is 0.23878846963246664 minutes
2026-01-29 14:45:07,312:INFO:SubProcess create_model() called ==================================
2026-01-29 14:45:07,313:INFO:Initializing create_model()
2026-01-29 14:45:07,314:INFO:create_model(self=<pycaret.regression.oop.RegressionExperiment object at 0x7f9d01149300>, estimator=ridge, fold=KFold(n_splits=10, random_state=None, shuffle=False), round=4, cross_validation=True, predict=True, fit_kwargs={}, groups=None, refit=False, probability_threshold=None, experiment_custom_tags=None, verbose=False, system=False, add_to_model_list=True, metrics=None, display=<pycaret.internal.display.display.CommonDisplay object at 0x7f9d010c82b0>, model_only=True, return_train_score=False, error_score=0.0, kwargs={})
2026-01-29 14:45:07,314:INFO:Checking exceptions
2026-01-29 14:45:07,314:INFO:Importing libraries
2026-01-29 14:45:07,314:INFO:Copying training dataset
2026-01-29 14:45:07,410:INFO:Defining folds
2026-01-29 14:45:07,411:INFO:Declaring metric variables
2026-01-29 14:45:07,421:INFO:Importing untrained model
2026-01-29 14:45:07,430:INFO:Ridge Regression Imported successfully
2026-01-29 14:45:07,449:INFO:Starting cross validation
2026-01-29 14:45:07,454:INFO:Cross validating with KFold(n_splits=10, random_state=None, shuffle=False), n_jobs=-1
2026-01-29 14:45:08,510:WARNING:/home/ilyandho/.local/share/mamba/envs/pycaret/lib/python3.10/site-packages/sklearn/linear_model/_ridge.py:204: LinAlgWarning: Ill-conditioned matrix (rcond=5.44793e-15): result may not be accurate.
  return linalg.solve(A, Xy, assume_a="pos", overwrite_a=True).T

2026-01-29 14:45:09,394:WARNING:/home/ilyandho/.local/share/mamba/envs/pycaret/lib/python3.10/site-packages/sklearn/linear_model/_ridge.py:204: LinAlgWarning: Ill-conditioned matrix (rcond=5.47178e-15): result may not be accurate.
  return linalg.solve(A, Xy, assume_a="pos", overwrite_a=True).T

2026-01-29 14:45:09,581:WARNING:/home/ilyandho/.local/share/mamba/envs/pycaret/lib/python3.10/site-packages/sklearn/linear_model/_ridge.py:204: LinAlgWarning: Ill-conditioned matrix (rcond=5.19576e-15): result may not be accurate.
  return linalg.solve(A, Xy, assume_a="pos", overwrite_a=True).T

2026-01-29 14:45:09,727:WARNING:/home/ilyandho/.local/share/mamba/envs/pycaret/lib/python3.10/site-packages/sklearn/linear_model/_ridge.py:204: LinAlgWarning: Ill-conditioned matrix (rcond=4.32399e-15): result may not be accurate.
  return linalg.solve(A, Xy, assume_a="pos", overwrite_a=True).T

2026-01-29 14:45:09,774:WARNING:/home/ilyandho/.local/share/mamba/envs/pycaret/lib/python3.10/site-packages/sklearn/linear_model/_ridge.py:204: LinAlgWarning: Ill-conditioned matrix (rcond=7.10564e-15): result may not be accurate.
  return linalg.solve(A, Xy, assume_a="pos", overwrite_a=True).T

2026-01-29 14:45:10,737:WARNING:/home/ilyandho/.local/share/mamba/envs/pycaret/lib/python3.10/site-packages/sklearn/linear_model/_ridge.py:204: LinAlgWarning: Ill-conditioned matrix (rcond=5.78748e-15): result may not be accurate.
  return linalg.solve(A, Xy, assume_a="pos", overwrite_a=True).T

2026-01-29 14:45:10,986:WARNING:/home/ilyandho/.local/share/mamba/envs/pycaret/lib/python3.10/site-packages/sklearn/linear_model/_ridge.py:204: LinAlgWarning: Ill-conditioned matrix (rcond=7.09308e-15): result may not be accurate.
  return linalg.solve(A, Xy, assume_a="pos", overwrite_a=True).T

2026-01-29 14:45:11,307:WARNING:/home/ilyandho/.local/share/mamba/envs/pycaret/lib/python3.10/site-packages/sklearn/linear_model/_ridge.py:204: LinAlgWarning: Ill-conditioned matrix (rcond=7.27125e-15): result may not be accurate.
  return linalg.solve(A, Xy, assume_a="pos", overwrite_a=True).T

2026-01-29 14:45:11,442:WARNING:/home/ilyandho/.local/share/mamba/envs/pycaret/lib/python3.10/site-packages/sklearn/linear_model/_ridge.py:204: LinAlgWarning: Ill-conditioned matrix (rcond=5.57897e-15): result may not be accurate.
  return linalg.solve(A, Xy, assume_a="pos", overwrite_a=True).T

2026-01-29 14:45:11,715:WARNING:/home/ilyandho/.local/share/mamba/envs/pycaret/lib/python3.10/site-packages/sklearn/linear_model/_ridge.py:204: LinAlgWarning: Ill-conditioned matrix (rcond=7.49662e-15): result may not be accurate.
  return linalg.solve(A, Xy, assume_a="pos", overwrite_a=True).T

2026-01-29 14:45:11,781:INFO:Calculating mean and std
2026-01-29 14:45:11,782:INFO:Creating metrics dataframe
2026-01-29 14:45:11,784:INFO:Uploading results into container
2026-01-29 14:45:11,785:INFO:Uploading model into container now
2026-01-29 14:45:11,786:INFO:_master_model_container: 3
2026-01-29 14:45:11,786:INFO:_display_container: 2
2026-01-29 14:45:11,786:INFO:Ridge(random_state=42)
2026-01-29 14:45:11,786:INFO:create_model() successfully completed......................................
2026-01-29 14:45:12,004:INFO:SubProcess create_model() end ==================================
2026-01-29 14:45:12,004:INFO:Creating metrics dataframe
2026-01-29 14:45:12,021:INFO:Initializing Elastic Net
2026-01-29 14:45:12,022:INFO:Total runtime is 0.31741048097610475 minutes
2026-01-29 14:45:12,035:INFO:SubProcess create_model() called ==================================
2026-01-29 14:45:12,036:INFO:Initializing create_model()
2026-01-29 14:45:12,036:INFO:create_model(self=<pycaret.regression.oop.RegressionExperiment object at 0x7f9d01149300>, estimator=en, fold=KFold(n_splits=10, random_state=None, shuffle=False), round=4, cross_validation=True, predict=True, fit_kwargs={}, groups=None, refit=False, probability_threshold=None, experiment_custom_tags=None, verbose=False, system=False, add_to_model_list=True, metrics=None, display=<pycaret.internal.display.display.CommonDisplay object at 0x7f9d010c82b0>, model_only=True, return_train_score=False, error_score=0.0, kwargs={})
2026-01-29 14:45:12,036:INFO:Checking exceptions
2026-01-29 14:45:12,036:INFO:Importing libraries
2026-01-29 14:45:12,036:INFO:Copying training dataset
2026-01-29 14:45:12,181:INFO:Defining folds
2026-01-29 14:45:12,181:INFO:Declaring metric variables
2026-01-29 14:45:12,196:INFO:Importing untrained model
2026-01-29 14:45:12,205:INFO:Elastic Net Imported successfully
2026-01-29 14:45:12,230:INFO:Starting cross validation
2026-01-29 14:45:12,235:INFO:Cross validating with KFold(n_splits=10, random_state=None, shuffle=False), n_jobs=-1
2026-01-29 14:45:13,368:WARNING:/home/ilyandho/.local/share/mamba/envs/pycaret/lib/python3.10/site-packages/sklearn/linear_model/_coordinate_descent.py:678: ConvergenceWarning: Objective did not converge. You might want to increase the number of iterations, check the scale of the features or consider increasing regularisation. Duality gap: 1.660e+00, tolerance: 3.158e-01
  model = cd_fast.enet_coordinate_descent(

2026-01-29 14:45:15,939:WARNING:/home/ilyandho/.local/share/mamba/envs/pycaret/lib/python3.10/site-packages/sklearn/linear_model/_coordinate_descent.py:678: ConvergenceWarning: Objective did not converge. You might want to increase the number of iterations, check the scale of the features or consider increasing regularisation. Duality gap: 2.040e+00, tolerance: 3.213e-01
  model = cd_fast.enet_coordinate_descent(

2026-01-29 14:45:16,124:WARNING:/home/ilyandho/.local/share/mamba/envs/pycaret/lib/python3.10/site-packages/sklearn/linear_model/_coordinate_descent.py:678: ConvergenceWarning: Objective did not converge. You might want to increase the number of iterations, check the scale of the features or consider increasing regularisation. Duality gap: 3.188e+00, tolerance: 3.195e-01
  model = cd_fast.enet_coordinate_descent(

2026-01-29 14:45:16,326:INFO:Calculating mean and std
2026-01-29 14:45:16,330:INFO:Creating metrics dataframe
2026-01-29 14:45:16,334:INFO:Uploading results into container
2026-01-29 14:45:16,335:INFO:Uploading model into container now
2026-01-29 14:45:16,336:INFO:_master_model_container: 4
2026-01-29 14:45:16,336:INFO:_display_container: 2
2026-01-29 14:45:16,337:INFO:ElasticNet(random_state=42)
2026-01-29 14:45:16,337:INFO:create_model() successfully completed......................................
2026-01-29 14:45:16,488:INFO:SubProcess create_model() end ==================================
2026-01-29 14:45:16,488:INFO:Creating metrics dataframe
2026-01-29 14:45:16,504:INFO:Initializing Least Angle Regression
2026-01-29 14:45:16,505:INFO:Total runtime is 0.3921323815981547 minutes
2026-01-29 14:45:16,517:INFO:SubProcess create_model() called ==================================
2026-01-29 14:45:16,517:INFO:Initializing create_model()
2026-01-29 14:45:16,517:INFO:create_model(self=<pycaret.regression.oop.RegressionExperiment object at 0x7f9d01149300>, estimator=lar, fold=KFold(n_splits=10, random_state=None, shuffle=False), round=4, cross_validation=True, predict=True, fit_kwargs={}, groups=None, refit=False, probability_threshold=None, experiment_custom_tags=None, verbose=False, system=False, add_to_model_list=True, metrics=None, display=<pycaret.internal.display.display.CommonDisplay object at 0x7f9d010c82b0>, model_only=True, return_train_score=False, error_score=0.0, kwargs={})
2026-01-29 14:45:16,517:INFO:Checking exceptions
2026-01-29 14:45:16,517:INFO:Importing libraries
2026-01-29 14:45:16,517:INFO:Copying training dataset
2026-01-29 14:45:16,611:INFO:Defining folds
2026-01-29 14:45:16,612:INFO:Declaring metric variables
2026-01-29 14:45:16,620:INFO:Importing untrained model
2026-01-29 14:45:16,629:INFO:Least Angle Regression Imported successfully
2026-01-29 14:45:16,646:INFO:Starting cross validation
2026-01-29 14:45:16,651:INFO:Cross validating with KFold(n_splits=10, random_state=None, shuffle=False), n_jobs=-1
2026-01-29 14:45:18,264:WARNING:/home/ilyandho/.local/share/mamba/envs/pycaret/lib/python3.10/site-packages/sklearn/linear_model/_least_angle.py:780: RuntimeWarning: overflow encountered in divide
  z = -coef[active] / (least_squares + tiny32)

2026-01-29 14:45:19,145:WARNING:/home/ilyandho/.local/share/mamba/envs/pycaret/lib/python3.10/site-packages/sklearn/linear_model/_least_angle.py:775: RuntimeWarning: overflow encountered in divide
  g2 = arrayfuncs.min_pos((C + Cov) / (AA + corr_eq_dir + tiny32))

2026-01-29 14:45:19,146:WARNING:/home/ilyandho/.local/share/mamba/envs/pycaret/lib/python3.10/site-packages/sklearn/linear_model/_least_angle.py:771: RuntimeWarning: overflow encountered in divide
  g1 = arrayfuncs.min_pos((C - Cov) / (AA - corr_eq_dir + tiny32))

2026-01-29 14:45:19,150:WARNING:/home/ilyandho/.local/share/mamba/envs/pycaret/lib/python3.10/site-packages/sklearn/linear_model/_least_angle.py:775: RuntimeWarning: overflow encountered in add
  g2 = arrayfuncs.min_pos((C + Cov) / (AA + corr_eq_dir + tiny32))

2026-01-29 14:45:19,151:WARNING:/home/ilyandho/.local/share/mamba/envs/pycaret/lib/python3.10/site-packages/sklearn/linear_model/_least_angle.py:815: RuntimeWarning: overflow encountered in multiply
  Cov -= gamma_ * corr_eq_dir

2026-01-29 14:45:19,151:WARNING:/home/ilyandho/.local/share/mamba/envs/pycaret/lib/python3.10/site-packages/sklearn/linear_model/_least_angle.py:771: RuntimeWarning: invalid value encountered in subtract
  g1 = arrayfuncs.min_pos((C - Cov) / (AA - corr_eq_dir + tiny32))

2026-01-29 14:45:19,151:WARNING:/home/ilyandho/.local/share/mamba/envs/pycaret/lib/python3.10/site-packages/sklearn/linear_model/_least_angle.py:812: RuntimeWarning: overflow encountered in cast
  coef[active] = prev_coef[active] + gamma_ * least_squares

2026-01-29 14:45:19,151:WARNING:/home/ilyandho/.local/share/mamba/envs/pycaret/lib/python3.10/site-packages/sklearn/linear_model/_least_angle.py:815: RuntimeWarning: overflow encountered in subtract
  Cov -= gamma_ * corr_eq_dir

2026-01-29 14:45:19,152:WARNING:/home/ilyandho/.local/share/mamba/envs/pycaret/lib/python3.10/site-packages/sklearn/linear_model/_least_angle.py:775: RuntimeWarning: invalid value encountered in add
  g2 = arrayfuncs.min_pos((C + Cov) / (AA + corr_eq_dir + tiny32))

2026-01-29 14:45:19,152:WARNING:/home/ilyandho/.local/share/mamba/envs/pycaret/lib/python3.10/site-packages/sklearn/linear_model/_least_angle.py:780: RuntimeWarning: overflow encountered in divide
  z = -coef[active] / (least_squares + tiny32)

2026-01-29 14:45:19,265:WARNING:/home/ilyandho/.local/share/mamba/envs/pycaret/lib/python3.10/site-packages/sklearn/linear_model/_least_angle.py:771: RuntimeWarning: overflow encountered in subtract
  g1 = arrayfuncs.min_pos((C - Cov) / (AA - corr_eq_dir + tiny32))

2026-01-29 14:45:19,584:WARNING:/home/ilyandho/.local/share/mamba/envs/pycaret/lib/python3.10/site-packages/sklearn/utils/extmath.py:208: RuntimeWarning: overflow encountered in matmul
  ret = a @ b

2026-01-29 14:45:19,585:WARNING:/home/ilyandho/.local/share/mamba/envs/pycaret/lib/python3.10/site-packages/sklearn/utils/extmath.py:208: RuntimeWarning: invalid value encountered in matmul
  ret = a @ b

2026-01-29 14:45:19,601:WARNING:/home/ilyandho/.local/share/mamba/envs/pycaret/lib/python3.10/site-packages/pycaret/internal/metrics.py:204: FitFailedWarning: Metric 'make_scorer(root_mean_squared_log_error, greater_is_better=False, response_method='predict')' failed and error score 0.0 has been returned instead. If this is a custom metric, this usually means that the error is in the metric code. Full exception below:
Traceback (most recent call last):
  File "/home/ilyandho/.local/share/mamba/envs/pycaret/lib/python3.10/site-packages/pycaret/internal/metrics.py", line 196, in _score
    return super()._score(
  File "/home/ilyandho/.local/share/mamba/envs/pycaret/lib/python3.10/site-packages/sklearn/metrics/_scorer.py", line 350, in _score
    return self._sign * self._score_func(y_true, y_pred, **scoring_kwargs)
  File "/home/ilyandho/.local/share/mamba/envs/pycaret/lib/python3.10/site-packages/pycaret/containers/metrics/regression.py", line 209, in root_mean_squared_log_error
    metrics.mean_squared_log_error(
  File "/home/ilyandho/.local/share/mamba/envs/pycaret/lib/python3.10/site-packages/sklearn/utils/_param_validation.py", line 213, in wrapper
    return func(*args, **kwargs)
  File "/home/ilyandho/.local/share/mamba/envs/pycaret/lib/python3.10/site-packages/sklearn/metrics/_regression.py", line 680, in mean_squared_log_error
    y_type, y_true, y_pred, multioutput = _check_reg_targets(
  File "/home/ilyandho/.local/share/mamba/envs/pycaret/lib/python3.10/site-packages/sklearn/metrics/_regression.py", line 104, in _check_reg_targets
    y_pred = check_array(y_pred, ensure_2d=False, dtype=dtype)
  File "/home/ilyandho/.local/share/mamba/envs/pycaret/lib/python3.10/site-packages/sklearn/utils/validation.py", line 1049, in check_array
    _assert_all_finite(
  File "/home/ilyandho/.local/share/mamba/envs/pycaret/lib/python3.10/site-packages/sklearn/utils/validation.py", line 126, in _assert_all_finite
    _assert_all_finite_element_wise(
  File "/home/ilyandho/.local/share/mamba/envs/pycaret/lib/python3.10/site-packages/sklearn/utils/validation.py", line 175, in _assert_all_finite_element_wise
    raise ValueError(msg_err)
ValueError: Input contains NaN.

  warnings.warn(

2026-01-29 14:45:19,605:WARNING:/home/ilyandho/.local/share/mamba/envs/pycaret/lib/python3.10/site-packages/pycaret/internal/metrics.py:204: FitFailedWarning: Metric 'make_scorer(mean_absolute_percentage_error, greater_is_better=False, response_method='predict')' failed and error score 0.0 has been returned instead. If this is a custom metric, this usually means that the error is in the metric code. Full exception below:
Traceback (most recent call last):
  File "/home/ilyandho/.local/share/mamba/envs/pycaret/lib/python3.10/site-packages/pycaret/internal/metrics.py", line 196, in _score
    return super()._score(
  File "/home/ilyandho/.local/share/mamba/envs/pycaret/lib/python3.10/site-packages/sklearn/metrics/_scorer.py", line 350, in _score
    return self._sign * self._score_func(y_true, y_pred, **scoring_kwargs)
  File "/home/ilyandho/.local/share/mamba/envs/pycaret/lib/python3.10/site-packages/pycaret/containers/metrics/regression.py", line 233, in mean_absolute_percentage_error
    y_type, y_true, y_pred, multioutput = _check_reg_targets(
  File "/home/ilyandho/.local/share/mamba/envs/pycaret/lib/python3.10/site-packages/sklearn/metrics/_regression.py", line 104, in _check_reg_targets
    y_pred = check_array(y_pred, ensure_2d=False, dtype=dtype)
  File "/home/ilyandho/.local/share/mamba/envs/pycaret/lib/python3.10/site-packages/sklearn/utils/validation.py", line 1049, in check_array
    _assert_all_finite(
  File "/home/ilyandho/.local/share/mamba/envs/pycaret/lib/python3.10/site-packages/sklearn/utils/validation.py", line 126, in _assert_all_finite
    _assert_all_finite_element_wise(
  File "/home/ilyandho/.local/share/mamba/envs/pycaret/lib/python3.10/site-packages/sklearn/utils/validation.py", line 175, in _assert_all_finite_element_wise
    raise ValueError(msg_err)
ValueError: Input contains NaN.

  warnings.warn(

2026-01-29 14:45:19,606:WARNING:/home/ilyandho/.local/share/mamba/envs/pycaret/lib/python3.10/site-packages/sklearn/model_selection/_validation.py:1011: UserWarning: Scoring failed. The score on this train-test partition for these parameters will be set to 0.0. Details: 
Traceback (most recent call last):
  File "/home/ilyandho/.local/share/mamba/envs/pycaret/lib/python3.10/site-packages/sklearn/metrics/_scorer.py", line 137, in __call__
    score = scorer._score(
  File "/home/ilyandho/.local/share/mamba/envs/pycaret/lib/python3.10/site-packages/sklearn/metrics/_scorer.py", line 350, in _score
    return self._sign * self._score_func(y_true, y_pred, **scoring_kwargs)
  File "/home/ilyandho/.local/share/mamba/envs/pycaret/lib/python3.10/site-packages/sklearn/utils/_param_validation.py", line 213, in wrapper
    return func(*args, **kwargs)
  File "/home/ilyandho/.local/share/mamba/envs/pycaret/lib/python3.10/site-packages/sklearn/metrics/_regression.py", line 207, in mean_absolute_error
    y_type, y_true, y_pred, multioutput = _check_reg_targets(
  File "/home/ilyandho/.local/share/mamba/envs/pycaret/lib/python3.10/site-packages/sklearn/metrics/_regression.py", line 104, in _check_reg_targets
    y_pred = check_array(y_pred, ensure_2d=False, dtype=dtype)
  File "/home/ilyandho/.local/share/mamba/envs/pycaret/lib/python3.10/site-packages/sklearn/utils/validation.py", line 1049, in check_array
    _assert_all_finite(
  File "/home/ilyandho/.local/share/mamba/envs/pycaret/lib/python3.10/site-packages/sklearn/utils/validation.py", line 126, in _assert_all_finite
    _assert_all_finite_element_wise(
  File "/home/ilyandho/.local/share/mamba/envs/pycaret/lib/python3.10/site-packages/sklearn/utils/validation.py", line 175, in _assert_all_finite_element_wise
    raise ValueError(msg_err)
ValueError: Input contains NaN.

  warnings.warn(

2026-01-29 14:45:19,606:WARNING:/home/ilyandho/.local/share/mamba/envs/pycaret/lib/python3.10/site-packages/sklearn/model_selection/_validation.py:1011: UserWarning: Scoring failed. The score on this train-test partition for these parameters will be set to 0.0. Details: 
Traceback (most recent call last):
  File "/home/ilyandho/.local/share/mamba/envs/pycaret/lib/python3.10/site-packages/sklearn/metrics/_scorer.py", line 137, in __call__
    score = scorer._score(
  File "/home/ilyandho/.local/share/mamba/envs/pycaret/lib/python3.10/site-packages/sklearn/metrics/_scorer.py", line 350, in _score
    return self._sign * self._score_func(y_true, y_pred, **scoring_kwargs)
  File "/home/ilyandho/.local/share/mamba/envs/pycaret/lib/python3.10/site-packages/sklearn/utils/_param_validation.py", line 213, in wrapper
    return func(*args, **kwargs)
  File "/home/ilyandho/.local/share/mamba/envs/pycaret/lib/python3.10/site-packages/sklearn/metrics/_regression.py", line 497, in mean_squared_error
    y_type, y_true, y_pred, multioutput = _check_reg_targets(
  File "/home/ilyandho/.local/share/mamba/envs/pycaret/lib/python3.10/site-packages/sklearn/metrics/_regression.py", line 104, in _check_reg_targets
    y_pred = check_array(y_pred, ensure_2d=False, dtype=dtype)
  File "/home/ilyandho/.local/share/mamba/envs/pycaret/lib/python3.10/site-packages/sklearn/utils/validation.py", line 1049, in check_array
    _assert_all_finite(
  File "/home/ilyandho/.local/share/mamba/envs/pycaret/lib/python3.10/site-packages/sklearn/utils/validation.py", line 126, in _assert_all_finite
    _assert_all_finite_element_wise(
  File "/home/ilyandho/.local/share/mamba/envs/pycaret/lib/python3.10/site-packages/sklearn/utils/validation.py", line 175, in _assert_all_finite_element_wise
    raise ValueError(msg_err)
ValueError: Input contains NaN.

  warnings.warn(

2026-01-29 14:45:19,606:WARNING:/home/ilyandho/.local/share/mamba/envs/pycaret/lib/python3.10/site-packages/sklearn/model_selection/_validation.py:1011: UserWarning: Scoring failed. The score on this train-test partition for these parameters will be set to 0.0. Details: 
Traceback (most recent call last):
  File "/home/ilyandho/.local/share/mamba/envs/pycaret/lib/python3.10/site-packages/sklearn/metrics/_scorer.py", line 137, in __call__
    score = scorer._score(
  File "/home/ilyandho/.local/share/mamba/envs/pycaret/lib/python3.10/site-packages/sklearn/metrics/_scorer.py", line 350, in _score
    return self._sign * self._score_func(y_true, y_pred, **scoring_kwargs)
  File "/home/ilyandho/.local/share/mamba/envs/pycaret/lib/python3.10/site-packages/sklearn/utils/_param_validation.py", line 213, in wrapper
    return func(*args, **kwargs)
  File "/home/ilyandho/.local/share/mamba/envs/pycaret/lib/python3.10/site-packages/sklearn/metrics/_regression.py", line 572, in root_mean_squared_error
    mean_squared_error(
  File "/home/ilyandho/.local/share/mamba/envs/pycaret/lib/python3.10/site-packages/sklearn/utils/_param_validation.py", line 186, in wrapper
    return func(*args, **kwargs)
  File "/home/ilyandho/.local/share/mamba/envs/pycaret/lib/python3.10/site-packages/sklearn/metrics/_regression.py", line 497, in mean_squared_error
    y_type, y_true, y_pred, multioutput = _check_reg_targets(
  File "/home/ilyandho/.local/share/mamba/envs/pycaret/lib/python3.10/site-packages/sklearn/metrics/_regression.py", line 104, in _check_reg_targets
    y_pred = check_array(y_pred, ensure_2d=False, dtype=dtype)
  File "/home/ilyandho/.local/share/mamba/envs/pycaret/lib/python3.10/site-packages/sklearn/utils/validation.py", line 1049, in check_array
    _assert_all_finite(
  File "/home/ilyandho/.local/share/mamba/envs/pycaret/lib/python3.10/site-packages/sklearn/utils/validation.py", line 126, in _assert_all_finite
    _assert_all_finite_element_wise(
  File "/home/ilyandho/.local/share/mamba/envs/pycaret/lib/python3.10/site-packages/sklearn/utils/validation.py", line 175, in _assert_all_finite_element_wise
    raise ValueError(msg_err)
ValueError: Input contains NaN.

  warnings.warn(

2026-01-29 14:45:19,606:WARNING:/home/ilyandho/.local/share/mamba/envs/pycaret/lib/python3.10/site-packages/sklearn/model_selection/_validation.py:1011: UserWarning: Scoring failed. The score on this train-test partition for these parameters will be set to 0.0. Details: 
Traceback (most recent call last):
  File "/home/ilyandho/.local/share/mamba/envs/pycaret/lib/python3.10/site-packages/sklearn/metrics/_scorer.py", line 137, in __call__
    score = scorer._score(
  File "/home/ilyandho/.local/share/mamba/envs/pycaret/lib/python3.10/site-packages/sklearn/metrics/_scorer.py", line 350, in _score
    return self._sign * self._score_func(y_true, y_pred, **scoring_kwargs)
  File "/home/ilyandho/.local/share/mamba/envs/pycaret/lib/python3.10/site-packages/sklearn/utils/_param_validation.py", line 213, in wrapper
    return func(*args, **kwargs)
  File "/home/ilyandho/.local/share/mamba/envs/pycaret/lib/python3.10/site-packages/sklearn/metrics/_regression.py", line 1180, in r2_score
    y_type, y_true, y_pred, multioutput = _check_reg_targets(
  File "/home/ilyandho/.local/share/mamba/envs/pycaret/lib/python3.10/site-packages/sklearn/metrics/_regression.py", line 104, in _check_reg_targets
    y_pred = check_array(y_pred, ensure_2d=False, dtype=dtype)
  File "/home/ilyandho/.local/share/mamba/envs/pycaret/lib/python3.10/site-packages/sklearn/utils/validation.py", line 1049, in check_array
    _assert_all_finite(
  File "/home/ilyandho/.local/share/mamba/envs/pycaret/lib/python3.10/site-packages/sklearn/utils/validation.py", line 126, in _assert_all_finite
    _assert_all_finite_element_wise(
  File "/home/ilyandho/.local/share/mamba/envs/pycaret/lib/python3.10/site-packages/sklearn/utils/validation.py", line 175, in _assert_all_finite_element_wise
    raise ValueError(msg_err)
ValueError: Input contains NaN.

  warnings.warn(

2026-01-29 14:45:21,079:INFO:Calculating mean and std
2026-01-29 14:45:21,080:INFO:Creating metrics dataframe
2026-01-29 14:45:21,082:INFO:Uploading results into container
2026-01-29 14:45:21,083:INFO:Uploading model into container now
2026-01-29 14:45:21,083:INFO:_master_model_container: 5
2026-01-29 14:45:21,083:INFO:_display_container: 2
2026-01-29 14:45:21,084:INFO:Lars(random_state=42)
2026-01-29 14:45:21,084:INFO:create_model() successfully completed......................................
2026-01-29 14:45:21,217:INFO:SubProcess create_model() end ==================================
2026-01-29 14:45:21,217:INFO:Creating metrics dataframe
2026-01-29 14:45:21,227:INFO:Initializing Lasso Least Angle Regression
2026-01-29 14:45:21,227:INFO:Total runtime is 0.4708360433578491 minutes
2026-01-29 14:45:21,237:INFO:SubProcess create_model() called ==================================
2026-01-29 14:45:21,239:INFO:Initializing create_model()
2026-01-29 14:45:21,239:INFO:create_model(self=<pycaret.regression.oop.RegressionExperiment object at 0x7f9d01149300>, estimator=llar, fold=KFold(n_splits=10, random_state=None, shuffle=False), round=4, cross_validation=True, predict=True, fit_kwargs={}, groups=None, refit=False, probability_threshold=None, experiment_custom_tags=None, verbose=False, system=False, add_to_model_list=True, metrics=None, display=<pycaret.internal.display.display.CommonDisplay object at 0x7f9d010c82b0>, model_only=True, return_train_score=False, error_score=0.0, kwargs={})
2026-01-29 14:45:21,239:INFO:Checking exceptions
2026-01-29 14:45:21,239:INFO:Importing libraries
2026-01-29 14:45:21,239:INFO:Copying training dataset
2026-01-29 14:45:21,331:INFO:Defining folds
2026-01-29 14:45:21,331:INFO:Declaring metric variables
2026-01-29 14:45:21,339:INFO:Importing untrained model
2026-01-29 14:45:21,349:INFO:Lasso Least Angle Regression Imported successfully
2026-01-29 14:45:21,365:INFO:Starting cross validation
2026-01-29 14:45:21,370:INFO:Cross validating with KFold(n_splits=10, random_state=None, shuffle=False), n_jobs=-1
2026-01-29 14:45:23,664:WARNING:/home/ilyandho/.local/share/mamba/envs/pycaret/lib/python3.10/site-packages/sklearn/linear_model/_least_angle.py:718: ConvergenceWarning: Early stopping the lars path, as the residues are small and the current value of alpha is no longer well controlled. 22 iterations, alpha=2.298e+00, previous alpha=2.297e+00, with an active set of 15 regressors.
  warnings.warn(

2026-01-29 14:45:25,477:INFO:Calculating mean and std
2026-01-29 14:45:25,479:INFO:Creating metrics dataframe
2026-01-29 14:45:25,481:INFO:Uploading results into container
2026-01-29 14:45:25,481:INFO:Uploading model into container now
2026-01-29 14:45:25,482:INFO:_master_model_container: 6
2026-01-29 14:45:25,482:INFO:_display_container: 2
2026-01-29 14:45:25,482:INFO:LassoLars(random_state=42)
2026-01-29 14:45:25,482:INFO:create_model() successfully completed......................................
2026-01-29 14:45:25,610:INFO:SubProcess create_model() end ==================================
2026-01-29 14:45:25,610:INFO:Creating metrics dataframe
2026-01-29 14:45:25,630:INFO:Initializing Orthogonal Matching Pursuit
2026-01-29 14:45:25,630:INFO:Total runtime is 0.5442233800888061 minutes
2026-01-29 14:45:25,639:INFO:SubProcess create_model() called ==================================
2026-01-29 14:45:25,640:INFO:Initializing create_model()
2026-01-29 14:45:25,640:INFO:create_model(self=<pycaret.regression.oop.RegressionExperiment object at 0x7f9d01149300>, estimator=omp, fold=KFold(n_splits=10, random_state=None, shuffle=False), round=4, cross_validation=True, predict=True, fit_kwargs={}, groups=None, refit=False, probability_threshold=None, experiment_custom_tags=None, verbose=False, system=False, add_to_model_list=True, metrics=None, display=<pycaret.internal.display.display.CommonDisplay object at 0x7f9d010c82b0>, model_only=True, return_train_score=False, error_score=0.0, kwargs={})
2026-01-29 14:45:25,640:INFO:Checking exceptions
2026-01-29 14:45:25,640:INFO:Importing libraries
2026-01-29 14:45:25,640:INFO:Copying training dataset
2026-01-29 14:45:25,760:INFO:Defining folds
2026-01-29 14:45:25,760:INFO:Declaring metric variables
2026-01-29 14:45:25,773:INFO:Importing untrained model
2026-01-29 14:45:25,786:INFO:Orthogonal Matching Pursuit Imported successfully
2026-01-29 14:45:25,811:INFO:Starting cross validation
2026-01-29 14:45:25,820:INFO:Cross validating with KFold(n_splits=10, random_state=None, shuffle=False), n_jobs=-1
2026-01-29 14:45:29,887:INFO:Calculating mean and std
2026-01-29 14:45:29,888:INFO:Creating metrics dataframe
2026-01-29 14:45:29,891:INFO:Uploading results into container
2026-01-29 14:45:29,892:INFO:Uploading model into container now
2026-01-29 14:45:29,893:INFO:_master_model_container: 7
2026-01-29 14:45:29,894:INFO:_display_container: 2
2026-01-29 14:45:29,894:INFO:OrthogonalMatchingPursuit()
2026-01-29 14:45:29,895:INFO:create_model() successfully completed......................................
2026-01-29 14:45:30,020:INFO:SubProcess create_model() end ==================================
2026-01-29 14:45:30,020:INFO:Creating metrics dataframe
2026-01-29 14:45:30,036:INFO:Initializing Bayesian Ridge
2026-01-29 14:45:30,036:INFO:Total runtime is 0.6176585475603739 minutes
2026-01-29 14:45:30,048:INFO:SubProcess create_model() called ==================================
2026-01-29 14:45:30,049:INFO:Initializing create_model()
2026-01-29 14:45:30,049:INFO:create_model(self=<pycaret.regression.oop.RegressionExperiment object at 0x7f9d01149300>, estimator=br, fold=KFold(n_splits=10, random_state=None, shuffle=False), round=4, cross_validation=True, predict=True, fit_kwargs={}, groups=None, refit=False, probability_threshold=None, experiment_custom_tags=None, verbose=False, system=False, add_to_model_list=True, metrics=None, display=<pycaret.internal.display.display.CommonDisplay object at 0x7f9d010c82b0>, model_only=True, return_train_score=False, error_score=0.0, kwargs={})
2026-01-29 14:45:30,050:INFO:Checking exceptions
2026-01-29 14:45:30,050:INFO:Importing libraries
2026-01-29 14:45:30,050:INFO:Copying training dataset
2026-01-29 14:45:30,174:INFO:Defining folds
2026-01-29 14:45:30,174:INFO:Declaring metric variables
2026-01-29 14:45:30,183:INFO:Importing untrained model
2026-01-29 14:45:30,192:INFO:Bayesian Ridge Imported successfully
2026-01-29 14:45:30,208:INFO:Starting cross validation
2026-01-29 14:45:30,215:INFO:Cross validating with KFold(n_splits=10, random_state=None, shuffle=False), n_jobs=-1
2026-01-29 14:45:34,140:INFO:Calculating mean and std
2026-01-29 14:45:34,141:INFO:Creating metrics dataframe
2026-01-29 14:45:34,143:INFO:Uploading results into container
2026-01-29 14:45:34,144:INFO:Uploading model into container now
2026-01-29 14:45:34,145:INFO:_master_model_container: 8
2026-01-29 14:45:34,145:INFO:_display_container: 2
2026-01-29 14:45:34,146:INFO:BayesianRidge()
2026-01-29 14:45:34,146:INFO:create_model() successfully completed......................................
2026-01-29 14:45:34,278:INFO:SubProcess create_model() end ==================================
2026-01-29 14:45:34,278:INFO:Creating metrics dataframe
2026-01-29 14:45:34,291:INFO:Initializing Passive Aggressive Regressor
2026-01-29 14:45:34,291:INFO:Total runtime is 0.6885711789131164 minutes
2026-01-29 14:45:34,300:INFO:SubProcess create_model() called ==================================
2026-01-29 14:45:34,300:INFO:Initializing create_model()
2026-01-29 14:45:34,301:INFO:create_model(self=<pycaret.regression.oop.RegressionExperiment object at 0x7f9d01149300>, estimator=par, fold=KFold(n_splits=10, random_state=None, shuffle=False), round=4, cross_validation=True, predict=True, fit_kwargs={}, groups=None, refit=False, probability_threshold=None, experiment_custom_tags=None, verbose=False, system=False, add_to_model_list=True, metrics=None, display=<pycaret.internal.display.display.CommonDisplay object at 0x7f9d010c82b0>, model_only=True, return_train_score=False, error_score=0.0, kwargs={})
2026-01-29 14:45:34,301:INFO:Checking exceptions
2026-01-29 14:45:34,301:INFO:Importing libraries
2026-01-29 14:45:34,301:INFO:Copying training dataset
2026-01-29 14:45:34,383:INFO:Defining folds
2026-01-29 14:45:34,384:INFO:Declaring metric variables
2026-01-29 14:45:34,393:INFO:Importing untrained model
2026-01-29 14:45:34,402:INFO:Passive Aggressive Regressor Imported successfully
2026-01-29 14:45:34,418:INFO:Starting cross validation
2026-01-29 14:45:34,425:INFO:Cross validating with KFold(n_splits=10, random_state=None, shuffle=False), n_jobs=-1
2026-01-29 14:45:38,634:INFO:Calculating mean and std
2026-01-29 14:45:38,636:INFO:Creating metrics dataframe
2026-01-29 14:45:38,641:INFO:Uploading results into container
2026-01-29 14:45:38,643:INFO:Uploading model into container now
2026-01-29 14:45:38,643:INFO:_master_model_container: 9
2026-01-29 14:45:38,644:INFO:_display_container: 2
2026-01-29 14:45:38,644:INFO:PassiveAggressiveRegressor(random_state=42)
2026-01-29 14:45:38,644:INFO:create_model() successfully completed......................................
2026-01-29 14:45:38,768:INFO:SubProcess create_model() end ==================================
2026-01-29 14:45:38,768:INFO:Creating metrics dataframe
2026-01-29 14:45:38,780:INFO:Initializing Huber Regressor
2026-01-29 14:45:38,781:INFO:Total runtime is 0.7633967717488606 minutes
2026-01-29 14:45:38,790:INFO:SubProcess create_model() called ==================================
2026-01-29 14:45:38,791:INFO:Initializing create_model()
2026-01-29 14:45:38,791:INFO:create_model(self=<pycaret.regression.oop.RegressionExperiment object at 0x7f9d01149300>, estimator=huber, fold=KFold(n_splits=10, random_state=None, shuffle=False), round=4, cross_validation=True, predict=True, fit_kwargs={}, groups=None, refit=False, probability_threshold=None, experiment_custom_tags=None, verbose=False, system=False, add_to_model_list=True, metrics=None, display=<pycaret.internal.display.display.CommonDisplay object at 0x7f9d010c82b0>, model_only=True, return_train_score=False, error_score=0.0, kwargs={})
2026-01-29 14:45:38,791:INFO:Checking exceptions
2026-01-29 14:45:38,791:INFO:Importing libraries
2026-01-29 14:45:38,791:INFO:Copying training dataset
2026-01-29 14:45:38,882:INFO:Defining folds
2026-01-29 14:45:38,882:INFO:Declaring metric variables
2026-01-29 14:45:38,890:INFO:Importing untrained model
2026-01-29 14:45:38,898:INFO:Huber Regressor Imported successfully
2026-01-29 14:45:38,920:INFO:Starting cross validation
2026-01-29 14:45:38,927:INFO:Cross validating with KFold(n_splits=10, random_state=None, shuffle=False), n_jobs=-1
2026-01-29 14:45:40,545:WARNING:/home/ilyandho/.local/share/mamba/envs/pycaret/lib/python3.10/site-packages/sklearn/linear_model/_huber.py:342: ConvergenceWarning: lbfgs failed to converge (status=1):
STOP: TOTAL NO. of ITERATIONS REACHED LIMIT.

Increase the number of iterations (max_iter) or scale the data as shown in:
    https://scikit-learn.org/stable/modules/preprocessing.html
  self.n_iter_ = _check_optimize_result("lbfgs", opt_res, self.max_iter)

2026-01-29 14:45:41,355:WARNING:/home/ilyandho/.local/share/mamba/envs/pycaret/lib/python3.10/site-packages/sklearn/linear_model/_huber.py:342: ConvergenceWarning: lbfgs failed to converge (status=1):
STOP: TOTAL NO. of ITERATIONS REACHED LIMIT.

Increase the number of iterations (max_iter) or scale the data as shown in:
    https://scikit-learn.org/stable/modules/preprocessing.html
  self.n_iter_ = _check_optimize_result("lbfgs", opt_res, self.max_iter)

2026-01-29 14:45:41,522:WARNING:/home/ilyandho/.local/share/mamba/envs/pycaret/lib/python3.10/site-packages/sklearn/linear_model/_huber.py:342: ConvergenceWarning: lbfgs failed to converge (status=1):
STOP: TOTAL NO. of ITERATIONS REACHED LIMIT.

Increase the number of iterations (max_iter) or scale the data as shown in:
    https://scikit-learn.org/stable/modules/preprocessing.html
  self.n_iter_ = _check_optimize_result("lbfgs", opt_res, self.max_iter)

2026-01-29 14:45:41,644:WARNING:/home/ilyandho/.local/share/mamba/envs/pycaret/lib/python3.10/site-packages/sklearn/linear_model/_huber.py:342: ConvergenceWarning: lbfgs failed to converge (status=1):
STOP: TOTAL NO. of ITERATIONS REACHED LIMIT.

Increase the number of iterations (max_iter) or scale the data as shown in:
    https://scikit-learn.org/stable/modules/preprocessing.html
  self.n_iter_ = _check_optimize_result("lbfgs", opt_res, self.max_iter)

2026-01-29 14:45:41,811:WARNING:/home/ilyandho/.local/share/mamba/envs/pycaret/lib/python3.10/site-packages/sklearn/linear_model/_huber.py:342: ConvergenceWarning: lbfgs failed to converge (status=1):
STOP: TOTAL NO. of ITERATIONS REACHED LIMIT.

Increase the number of iterations (max_iter) or scale the data as shown in:
    https://scikit-learn.org/stable/modules/preprocessing.html
  self.n_iter_ = _check_optimize_result("lbfgs", opt_res, self.max_iter)

2026-01-29 14:45:43,138:WARNING:/home/ilyandho/.local/share/mamba/envs/pycaret/lib/python3.10/site-packages/sklearn/linear_model/_huber.py:342: ConvergenceWarning: lbfgs failed to converge (status=1):
STOP: TOTAL NO. of ITERATIONS REACHED LIMIT.

Increase the number of iterations (max_iter) or scale the data as shown in:
    https://scikit-learn.org/stable/modules/preprocessing.html
  self.n_iter_ = _check_optimize_result("lbfgs", opt_res, self.max_iter)

2026-01-29 14:45:43,314:WARNING:/home/ilyandho/.local/share/mamba/envs/pycaret/lib/python3.10/site-packages/sklearn/linear_model/_huber.py:342: ConvergenceWarning: lbfgs failed to converge (status=1):
STOP: TOTAL NO. of ITERATIONS REACHED LIMIT.

Increase the number of iterations (max_iter) or scale the data as shown in:
    https://scikit-learn.org/stable/modules/preprocessing.html
  self.n_iter_ = _check_optimize_result("lbfgs", opt_res, self.max_iter)

2026-01-29 14:45:43,409:WARNING:/home/ilyandho/.local/share/mamba/envs/pycaret/lib/python3.10/site-packages/sklearn/linear_model/_huber.py:342: ConvergenceWarning: lbfgs failed to converge (status=1):
STOP: TOTAL NO. of ITERATIONS REACHED LIMIT.

Increase the number of iterations (max_iter) or scale the data as shown in:
    https://scikit-learn.org/stable/modules/preprocessing.html
  self.n_iter_ = _check_optimize_result("lbfgs", opt_res, self.max_iter)

2026-01-29 14:45:43,610:WARNING:/home/ilyandho/.local/share/mamba/envs/pycaret/lib/python3.10/site-packages/sklearn/linear_model/_huber.py:342: ConvergenceWarning: lbfgs failed to converge (status=1):
STOP: TOTAL NO. of ITERATIONS REACHED LIMIT.

Increase the number of iterations (max_iter) or scale the data as shown in:
    https://scikit-learn.org/stable/modules/preprocessing.html
  self.n_iter_ = _check_optimize_result("lbfgs", opt_res, self.max_iter)

2026-01-29 14:45:44,042:WARNING:/home/ilyandho/.local/share/mamba/envs/pycaret/lib/python3.10/site-packages/sklearn/linear_model/_huber.py:342: ConvergenceWarning: lbfgs failed to converge (status=1):
STOP: TOTAL NO. of ITERATIONS REACHED LIMIT.

Increase the number of iterations (max_iter) or scale the data as shown in:
    https://scikit-learn.org/stable/modules/preprocessing.html
  self.n_iter_ = _check_optimize_result("lbfgs", opt_res, self.max_iter)

2026-01-29 14:45:44,106:INFO:Calculating mean and std
2026-01-29 14:45:44,107:INFO:Creating metrics dataframe
2026-01-29 14:45:44,109:INFO:Uploading results into container
2026-01-29 14:45:44,110:INFO:Uploading model into container now
2026-01-29 14:45:44,110:INFO:_master_model_container: 10
2026-01-29 14:45:44,110:INFO:_display_container: 2
2026-01-29 14:45:44,111:INFO:HuberRegressor()
2026-01-29 14:45:44,111:INFO:create_model() successfully completed......................................
2026-01-29 14:45:44,235:INFO:SubProcess create_model() end ==================================
2026-01-29 14:45:44,235:INFO:Creating metrics dataframe
2026-01-29 14:45:44,252:INFO:Initializing K Neighbors Regressor
2026-01-29 14:45:44,252:INFO:Total runtime is 0.8545855124791462 minutes
2026-01-29 14:45:44,263:INFO:SubProcess create_model() called ==================================
2026-01-29 14:45:44,264:INFO:Initializing create_model()
2026-01-29 14:45:44,264:INFO:create_model(self=<pycaret.regression.oop.RegressionExperiment object at 0x7f9d01149300>, estimator=knn, fold=KFold(n_splits=10, random_state=None, shuffle=False), round=4, cross_validation=True, predict=True, fit_kwargs={}, groups=None, refit=False, probability_threshold=None, experiment_custom_tags=None, verbose=False, system=False, add_to_model_list=True, metrics=None, display=<pycaret.internal.display.display.CommonDisplay object at 0x7f9d010c82b0>, model_only=True, return_train_score=False, error_score=0.0, kwargs={})
2026-01-29 14:45:44,264:INFO:Checking exceptions
2026-01-29 14:45:44,264:INFO:Importing libraries
2026-01-29 14:45:44,264:INFO:Copying training dataset
2026-01-29 14:45:44,355:INFO:Defining folds
2026-01-29 14:45:44,355:INFO:Declaring metric variables
2026-01-29 14:45:44,364:INFO:Importing untrained model
2026-01-29 14:45:44,375:INFO:K Neighbors Regressor Imported successfully
2026-01-29 14:45:44,392:INFO:Starting cross validation
2026-01-29 14:45:44,396:INFO:Cross validating with KFold(n_splits=10, random_state=None, shuffle=False), n_jobs=-1
2026-01-29 14:45:48,540:INFO:Calculating mean and std
2026-01-29 14:45:48,542:INFO:Creating metrics dataframe
2026-01-29 14:45:48,544:INFO:Uploading results into container
2026-01-29 14:45:48,545:INFO:Uploading model into container now
2026-01-29 14:45:48,546:INFO:_master_model_container: 11
2026-01-29 14:45:48,546:INFO:_display_container: 2
2026-01-29 14:45:48,547:INFO:KNeighborsRegressor(n_jobs=-1)
2026-01-29 14:45:48,547:INFO:create_model() successfully completed......................................
2026-01-29 14:45:48,677:INFO:SubProcess create_model() end ==================================
2026-01-29 14:45:48,677:INFO:Creating metrics dataframe
2026-01-29 14:45:48,690:INFO:Initializing Decision Tree Regressor
2026-01-29 14:45:48,690:INFO:Total runtime is 0.9285573561986286 minutes
2026-01-29 14:45:48,697:INFO:SubProcess create_model() called ==================================
2026-01-29 14:45:48,698:INFO:Initializing create_model()
2026-01-29 14:45:48,698:INFO:create_model(self=<pycaret.regression.oop.RegressionExperiment object at 0x7f9d01149300>, estimator=dt, fold=KFold(n_splits=10, random_state=None, shuffle=False), round=4, cross_validation=True, predict=True, fit_kwargs={}, groups=None, refit=False, probability_threshold=None, experiment_custom_tags=None, verbose=False, system=False, add_to_model_list=True, metrics=None, display=<pycaret.internal.display.display.CommonDisplay object at 0x7f9d010c82b0>, model_only=True, return_train_score=False, error_score=0.0, kwargs={})
2026-01-29 14:45:48,698:INFO:Checking exceptions
2026-01-29 14:45:48,698:INFO:Importing libraries
2026-01-29 14:45:48,698:INFO:Copying training dataset
2026-01-29 14:45:48,810:INFO:Defining folds
2026-01-29 14:45:48,811:INFO:Declaring metric variables
2026-01-29 14:45:48,821:INFO:Importing untrained model
2026-01-29 14:45:48,829:INFO:Decision Tree Regressor Imported successfully
2026-01-29 14:45:48,847:INFO:Starting cross validation
2026-01-29 14:45:48,853:INFO:Cross validating with KFold(n_splits=10, random_state=None, shuffle=False), n_jobs=-1
2026-01-29 14:45:53,588:INFO:Calculating mean and std
2026-01-29 14:45:53,590:INFO:Creating metrics dataframe
2026-01-29 14:45:53,601:INFO:Uploading results into container
2026-01-29 14:45:53,602:INFO:Uploading model into container now
2026-01-29 14:45:53,603:INFO:_master_model_container: 12
2026-01-29 14:45:53,603:INFO:_display_container: 2
2026-01-29 14:45:53,604:INFO:DecisionTreeRegressor(random_state=42)
2026-01-29 14:45:53,604:INFO:create_model() successfully completed......................................
2026-01-29 14:45:53,766:INFO:SubProcess create_model() end ==================================
2026-01-29 14:45:53,766:INFO:Creating metrics dataframe
2026-01-29 14:45:53,782:INFO:Initializing Random Forest Regressor
2026-01-29 14:45:53,782:INFO:Total runtime is 1.0134187698364256 minutes
2026-01-29 14:45:53,791:INFO:SubProcess create_model() called ==================================
2026-01-29 14:45:53,792:INFO:Initializing create_model()
2026-01-29 14:45:53,792:INFO:create_model(self=<pycaret.regression.oop.RegressionExperiment object at 0x7f9d01149300>, estimator=rf, fold=KFold(n_splits=10, random_state=None, shuffle=False), round=4, cross_validation=True, predict=True, fit_kwargs={}, groups=None, refit=False, probability_threshold=None, experiment_custom_tags=None, verbose=False, system=False, add_to_model_list=True, metrics=None, display=<pycaret.internal.display.display.CommonDisplay object at 0x7f9d010c82b0>, model_only=True, return_train_score=False, error_score=0.0, kwargs={})
2026-01-29 14:45:53,792:INFO:Checking exceptions
2026-01-29 14:45:53,793:INFO:Importing libraries
2026-01-29 14:45:53,793:INFO:Copying training dataset
2026-01-29 14:45:53,872:INFO:Defining folds
2026-01-29 14:45:53,872:INFO:Declaring metric variables
2026-01-29 14:45:53,880:INFO:Importing untrained model
2026-01-29 14:45:53,894:INFO:Random Forest Regressor Imported successfully
2026-01-29 14:45:53,917:INFO:Starting cross validation
2026-01-29 14:45:53,923:INFO:Cross validating with KFold(n_splits=10, random_state=None, shuffle=False), n_jobs=-1
2026-01-29 14:46:11,762:INFO:Calculating mean and std
2026-01-29 14:46:11,763:INFO:Creating metrics dataframe
2026-01-29 14:46:11,767:INFO:Uploading results into container
2026-01-29 14:46:11,768:INFO:Uploading model into container now
2026-01-29 14:46:11,768:INFO:_master_model_container: 13
2026-01-29 14:46:11,769:INFO:_display_container: 2
2026-01-29 14:46:11,770:INFO:RandomForestRegressor(n_jobs=-1, random_state=42)
2026-01-29 14:46:11,770:INFO:create_model() successfully completed......................................
2026-01-29 14:46:11,897:INFO:SubProcess create_model() end ==================================
2026-01-29 14:46:11,897:INFO:Creating metrics dataframe
2026-01-29 14:46:11,910:INFO:Initializing Extra Trees Regressor
2026-01-29 14:46:11,910:INFO:Total runtime is 1.3155482967694598 minutes
2026-01-29 14:46:11,919:INFO:SubProcess create_model() called ==================================
2026-01-29 14:46:11,920:INFO:Initializing create_model()
2026-01-29 14:46:11,920:INFO:create_model(self=<pycaret.regression.oop.RegressionExperiment object at 0x7f9d01149300>, estimator=et, fold=KFold(n_splits=10, random_state=None, shuffle=False), round=4, cross_validation=True, predict=True, fit_kwargs={}, groups=None, refit=False, probability_threshold=None, experiment_custom_tags=None, verbose=False, system=False, add_to_model_list=True, metrics=None, display=<pycaret.internal.display.display.CommonDisplay object at 0x7f9d010c82b0>, model_only=True, return_train_score=False, error_score=0.0, kwargs={})
2026-01-29 14:46:11,920:INFO:Checking exceptions
2026-01-29 14:46:11,920:INFO:Importing libraries
2026-01-29 14:46:11,920:INFO:Copying training dataset
2026-01-29 14:46:12,011:INFO:Defining folds
2026-01-29 14:46:12,012:INFO:Declaring metric variables
2026-01-29 14:46:12,022:INFO:Importing untrained model
2026-01-29 14:46:12,031:INFO:Extra Trees Regressor Imported successfully
2026-01-29 14:46:12,047:INFO:Starting cross validation
2026-01-29 14:46:12,054:INFO:Cross validating with KFold(n_splits=10, random_state=None, shuffle=False), n_jobs=-1
2026-01-29 14:46:23,017:INFO:Calculating mean and std
2026-01-29 14:46:23,018:INFO:Creating metrics dataframe
2026-01-29 14:46:23,020:INFO:Uploading results into container
2026-01-29 14:46:23,021:INFO:Uploading model into container now
2026-01-29 14:46:23,022:INFO:_master_model_container: 14
2026-01-29 14:46:23,022:INFO:_display_container: 2
2026-01-29 14:46:23,022:INFO:ExtraTreesRegressor(n_jobs=-1, random_state=42)
2026-01-29 14:46:23,022:INFO:create_model() successfully completed......................................
2026-01-29 14:46:23,147:INFO:SubProcess create_model() end ==================================
2026-01-29 14:46:23,148:INFO:Creating metrics dataframe
2026-01-29 14:46:23,168:INFO:Initializing AdaBoost Regressor
2026-01-29 14:46:23,168:INFO:Total runtime is 1.5031884471575416 minutes
2026-01-29 14:46:23,176:INFO:SubProcess create_model() called ==================================
2026-01-29 14:46:23,177:INFO:Initializing create_model()
2026-01-29 14:46:23,177:INFO:create_model(self=<pycaret.regression.oop.RegressionExperiment object at 0x7f9d01149300>, estimator=ada, fold=KFold(n_splits=10, random_state=None, shuffle=False), round=4, cross_validation=True, predict=True, fit_kwargs={}, groups=None, refit=False, probability_threshold=None, experiment_custom_tags=None, verbose=False, system=False, add_to_model_list=True, metrics=None, display=<pycaret.internal.display.display.CommonDisplay object at 0x7f9d010c82b0>, model_only=True, return_train_score=False, error_score=0.0, kwargs={})
2026-01-29 14:46:23,178:INFO:Checking exceptions
2026-01-29 14:46:23,178:INFO:Importing libraries
2026-01-29 14:46:23,178:INFO:Copying training dataset
2026-01-29 14:46:23,270:INFO:Defining folds
2026-01-29 14:46:23,270:INFO:Declaring metric variables
2026-01-29 14:46:23,280:INFO:Importing untrained model
2026-01-29 14:46:23,294:INFO:AdaBoost Regressor Imported successfully
2026-01-29 14:46:23,319:INFO:Starting cross validation
2026-01-29 14:46:23,324:INFO:Cross validating with KFold(n_splits=10, random_state=None, shuffle=False), n_jobs=-1
2026-01-29 14:46:29,598:INFO:Calculating mean and std
2026-01-29 14:46:29,599:INFO:Creating metrics dataframe
2026-01-29 14:46:29,601:INFO:Uploading results into container
2026-01-29 14:46:29,602:INFO:Uploading model into container now
2026-01-29 14:46:29,602:INFO:_master_model_container: 15
2026-01-29 14:46:29,602:INFO:_display_container: 2
2026-01-29 14:46:29,603:INFO:AdaBoostRegressor(random_state=42)
2026-01-29 14:46:29,603:INFO:create_model() successfully completed......................................
2026-01-29 14:46:29,729:INFO:SubProcess create_model() end ==================================
2026-01-29 14:46:29,729:INFO:Creating metrics dataframe
2026-01-29 14:46:29,746:INFO:Initializing Gradient Boosting Regressor
2026-01-29 14:46:29,747:INFO:Total runtime is 1.61283057530721 minutes
2026-01-29 14:46:29,757:INFO:SubProcess create_model() called ==================================
2026-01-29 14:46:29,758:INFO:Initializing create_model()
2026-01-29 14:46:29,758:INFO:create_model(self=<pycaret.regression.oop.RegressionExperiment object at 0x7f9d01149300>, estimator=gbr, fold=KFold(n_splits=10, random_state=None, shuffle=False), round=4, cross_validation=True, predict=True, fit_kwargs={}, groups=None, refit=False, probability_threshold=None, experiment_custom_tags=None, verbose=False, system=False, add_to_model_list=True, metrics=None, display=<pycaret.internal.display.display.CommonDisplay object at 0x7f9d010c82b0>, model_only=True, return_train_score=False, error_score=0.0, kwargs={})
2026-01-29 14:46:29,758:INFO:Checking exceptions
2026-01-29 14:46:29,758:INFO:Importing libraries
2026-01-29 14:46:29,758:INFO:Copying training dataset
2026-01-29 14:46:29,848:INFO:Defining folds
2026-01-29 14:46:29,848:INFO:Declaring metric variables
2026-01-29 14:46:29,857:INFO:Importing untrained model
2026-01-29 14:46:29,865:INFO:Gradient Boosting Regressor Imported successfully
2026-01-29 14:46:29,881:INFO:Starting cross validation
2026-01-29 14:46:29,885:INFO:Cross validating with KFold(n_splits=10, random_state=None, shuffle=False), n_jobs=-1
2026-01-29 14:46:40,958:INFO:Calculating mean and std
2026-01-29 14:46:40,959:INFO:Creating metrics dataframe
2026-01-29 14:46:40,962:INFO:Uploading results into container
2026-01-29 14:46:40,963:INFO:Uploading model into container now
2026-01-29 14:46:40,965:INFO:_master_model_container: 16
2026-01-29 14:46:40,965:INFO:_display_container: 2
2026-01-29 14:46:40,965:INFO:GradientBoostingRegressor(random_state=42)
2026-01-29 14:46:40,965:INFO:create_model() successfully completed......................................
2026-01-29 14:46:41,095:INFO:SubProcess create_model() end ==================================
2026-01-29 14:46:41,096:INFO:Creating metrics dataframe
2026-01-29 14:46:41,110:INFO:Initializing Extreme Gradient Boosting
2026-01-29 14:46:41,111:INFO:Total runtime is 1.802229078610738 minutes
2026-01-29 14:46:41,118:INFO:SubProcess create_model() called ==================================
2026-01-29 14:46:41,119:INFO:Initializing create_model()
2026-01-29 14:46:41,119:INFO:create_model(self=<pycaret.regression.oop.RegressionExperiment object at 0x7f9d01149300>, estimator=xgboost, fold=KFold(n_splits=10, random_state=None, shuffle=False), round=4, cross_validation=True, predict=True, fit_kwargs={}, groups=None, refit=False, probability_threshold=None, experiment_custom_tags=None, verbose=False, system=False, add_to_model_list=True, metrics=None, display=<pycaret.internal.display.display.CommonDisplay object at 0x7f9d010c82b0>, model_only=True, return_train_score=False, error_score=0.0, kwargs={})
2026-01-29 14:46:41,120:INFO:Checking exceptions
2026-01-29 14:46:41,120:INFO:Importing libraries
2026-01-29 14:46:41,121:INFO:Copying training dataset
2026-01-29 14:46:41,206:INFO:Defining folds
2026-01-29 14:46:41,206:INFO:Declaring metric variables
2026-01-29 14:46:41,215:INFO:Importing untrained model
2026-01-29 14:46:41,227:INFO:Extreme Gradient Boosting Imported successfully
2026-01-29 14:46:41,250:INFO:Starting cross validation
2026-01-29 14:46:41,258:INFO:Cross validating with KFold(n_splits=10, random_state=None, shuffle=False), n_jobs=-1
2026-01-29 14:46:54,143:INFO:Calculating mean and std
2026-01-29 14:46:54,144:INFO:Creating metrics dataframe
2026-01-29 14:46:54,146:INFO:Uploading results into container
2026-01-29 14:46:54,147:INFO:Uploading model into container now
2026-01-29 14:46:54,148:INFO:_master_model_container: 17
2026-01-29 14:46:54,148:INFO:_display_container: 2
2026-01-29 14:46:54,150:INFO:XGBRegressor(base_score=None, booster='gbtree', callbacks=None,
             colsample_bylevel=None, colsample_bynode=None,
             colsample_bytree=None, device='cpu', early_stopping_rounds=None,
             enable_categorical=False, eval_metric=None, feature_types=None,
             feature_weights=None, gamma=None, grow_policy=None,
             importance_type=None, interaction_constraints=None,
             learning_rate=None, max_bin=None, max_cat_threshold=None,
             max_cat_to_onehot=None, max_delta_step=None, max_depth=None,
             max_leaves=None, min_child_weight=None, missing=nan,
             monotone_constraints=None, multi_strategy=None, n_estimators=None,
             n_jobs=-1, num_parallel_tree=None, ...)
2026-01-29 14:46:54,151:INFO:create_model() successfully completed......................................
2026-01-29 14:46:54,278:INFO:SubProcess create_model() end ==================================
2026-01-29 14:46:54,278:INFO:Creating metrics dataframe
2026-01-29 14:46:54,294:INFO:Initializing Light Gradient Boosting Machine
2026-01-29 14:46:54,294:INFO:Total runtime is 2.0219518264134724 minutes
2026-01-29 14:46:54,303:INFO:SubProcess create_model() called ==================================
2026-01-29 14:46:54,304:INFO:Initializing create_model()
2026-01-29 14:46:54,304:INFO:create_model(self=<pycaret.regression.oop.RegressionExperiment object at 0x7f9d01149300>, estimator=lightgbm, fold=KFold(n_splits=10, random_state=None, shuffle=False), round=4, cross_validation=True, predict=True, fit_kwargs={}, groups=None, refit=False, probability_threshold=None, experiment_custom_tags=None, verbose=False, system=False, add_to_model_list=True, metrics=None, display=<pycaret.internal.display.display.CommonDisplay object at 0x7f9d010c82b0>, model_only=True, return_train_score=False, error_score=0.0, kwargs={})
2026-01-29 14:46:54,304:INFO:Checking exceptions
2026-01-29 14:46:54,304:INFO:Importing libraries
2026-01-29 14:46:54,304:INFO:Copying training dataset
2026-01-29 14:46:54,395:INFO:Defining folds
2026-01-29 14:46:54,396:INFO:Declaring metric variables
2026-01-29 14:46:54,408:INFO:Importing untrained model
2026-01-29 14:46:54,423:INFO:Light Gradient Boosting Machine Imported successfully
2026-01-29 14:46:54,441:INFO:Starting cross validation
2026-01-29 14:46:54,445:INFO:Cross validating with KFold(n_splits=10, random_state=None, shuffle=False), n_jobs=-1
2026-01-29 14:47:10,323:INFO:Calculating mean and std
2026-01-29 14:47:10,325:INFO:Creating metrics dataframe
2026-01-29 14:47:10,349:INFO:Uploading results into container
2026-01-29 14:47:10,350:INFO:Uploading model into container now
2026-01-29 14:47:10,350:INFO:_master_model_container: 18
2026-01-29 14:47:10,351:INFO:_display_container: 2
2026-01-29 14:47:10,351:INFO:LGBMRegressor(n_jobs=-1, random_state=42)
2026-01-29 14:47:10,354:INFO:create_model() successfully completed......................................
2026-01-29 14:47:10,533:INFO:SubProcess create_model() end ==================================
2026-01-29 14:47:10,533:INFO:Creating metrics dataframe
2026-01-29 14:47:10,547:INFO:Initializing Dummy Regressor
2026-01-29 14:47:10,547:INFO:Total runtime is 2.2928377032279967 minutes
2026-01-29 14:47:10,557:INFO:SubProcess create_model() called ==================================
2026-01-29 14:47:10,558:INFO:Initializing create_model()
2026-01-29 14:47:10,558:INFO:create_model(self=<pycaret.regression.oop.RegressionExperiment object at 0x7f9d01149300>, estimator=dummy, fold=KFold(n_splits=10, random_state=None, shuffle=False), round=4, cross_validation=True, predict=True, fit_kwargs={}, groups=None, refit=False, probability_threshold=None, experiment_custom_tags=None, verbose=False, system=False, add_to_model_list=True, metrics=None, display=<pycaret.internal.display.display.CommonDisplay object at 0x7f9d010c82b0>, model_only=True, return_train_score=False, error_score=0.0, kwargs={})
2026-01-29 14:47:10,558:INFO:Checking exceptions
2026-01-29 14:47:10,559:INFO:Importing libraries
2026-01-29 14:47:10,559:INFO:Copying training dataset
2026-01-29 14:47:10,677:INFO:Defining folds
2026-01-29 14:47:10,677:INFO:Declaring metric variables
2026-01-29 14:47:10,686:INFO:Importing untrained model
2026-01-29 14:47:10,696:INFO:Dummy Regressor Imported successfully
2026-01-29 14:47:10,714:INFO:Starting cross validation
2026-01-29 14:47:10,721:INFO:Cross validating with KFold(n_splits=10, random_state=None, shuffle=False), n_jobs=-1
2026-01-29 14:47:15,050:INFO:Calculating mean and std
2026-01-29 14:47:15,052:INFO:Creating metrics dataframe
2026-01-29 14:47:15,056:INFO:Uploading results into container
2026-01-29 14:47:15,057:INFO:Uploading model into container now
2026-01-29 14:47:15,057:INFO:_master_model_container: 19
2026-01-29 14:47:15,058:INFO:_display_container: 2
2026-01-29 14:47:15,058:INFO:DummyRegressor()
2026-01-29 14:47:15,058:INFO:create_model() successfully completed......................................
2026-01-29 14:47:15,194:INFO:SubProcess create_model() end ==================================
2026-01-29 14:47:15,194:INFO:Creating metrics dataframe
2026-01-29 14:47:15,213:WARNING:/home/ilyandho/.local/share/mamba/envs/pycaret/lib/python3.10/site-packages/pycaret/internal/pycaret_experiment/supervised_experiment.py:323: FutureWarning: Styler.applymap has been deprecated. Use Styler.map instead.
  master_display_.apply(

2026-01-29 14:47:15,234:INFO:Initializing create_model()
2026-01-29 14:47:15,235:INFO:create_model(self=<pycaret.regression.oop.RegressionExperiment object at 0x7f9d01149300>, estimator=Ridge(random_state=42), fold=KFold(n_splits=10, random_state=None, shuffle=False), round=4, cross_validation=False, predict=False, fit_kwargs={}, groups=None, refit=True, probability_threshold=None, experiment_custom_tags=None, verbose=False, system=False, add_to_model_list=True, metrics=None, display=None, model_only=True, return_train_score=False, error_score=0.0, kwargs={})
2026-01-29 14:47:15,235:INFO:Checking exceptions
2026-01-29 14:47:15,238:INFO:Importing libraries
2026-01-29 14:47:15,239:INFO:Copying training dataset
2026-01-29 14:47:15,325:INFO:Defining folds
2026-01-29 14:47:15,325:INFO:Declaring metric variables
2026-01-29 14:47:15,325:INFO:Importing untrained model
2026-01-29 14:47:15,326:INFO:Declaring custom model
2026-01-29 14:47:15,327:INFO:Ridge Regression Imported successfully
2026-01-29 14:47:15,332:INFO:Cross validation set to False
2026-01-29 14:47:15,332:INFO:Fitting Model
2026-01-29 14:47:16,075:WARNING:/home/ilyandho/.local/share/mamba/envs/pycaret/lib/python3.10/site-packages/sklearn/linear_model/_ridge.py:204: LinAlgWarning: Ill-conditioned matrix (rcond=6.04686e-15): result may not be accurate.
  return linalg.solve(A, Xy, assume_a="pos", overwrite_a=True).T

2026-01-29 14:47:16,077:INFO:Ridge(random_state=42)
2026-01-29 14:47:16,077:INFO:create_model() successfully completed......................................
2026-01-29 14:47:16,321:INFO:_master_model_container: 19
2026-01-29 14:47:16,322:INFO:_display_container: 2
2026-01-29 14:47:16,322:INFO:Ridge(random_state=42)
2026-01-29 14:47:16,323:INFO:compare_models() successfully completed......................................
2026-01-29 14:47:16,327:INFO:Initializing evaluate_model()
2026-01-29 14:47:16,328:INFO:evaluate_model(self=<pycaret.regression.oop.RegressionExperiment object at 0x7f9d01149300>, estimator=Ridge(random_state=42), fold=None, fit_kwargs=None, plot_kwargs=None, feature_name=None, groups=None)
2026-01-29 14:47:16,373:INFO:Initializing plot_model()
2026-01-29 14:47:16,374:INFO:plot_model(plot=pipeline, fold=KFold(n_splits=10, random_state=None, shuffle=False), verbose=False, display=None, display_format=None, estimator=Ridge(random_state=42), feature_name=None, fit_kwargs={}, groups=None, label=False, plot_kwargs=None, save=False, scale=1, self=<pycaret.regression.oop.RegressionExperiment object at 0x7f9d01149300>, system=True)
2026-01-29 14:47:16,374:INFO:Checking exceptions
2026-01-29 14:47:16,423:INFO:Preloading libraries
2026-01-29 14:47:16,423:INFO:Copying training dataset
2026-01-29 14:47:16,423:INFO:Plot type: pipeline
2026-01-29 14:47:16,633:INFO:Visual Rendered Successfully
2026-01-29 14:47:16,820:INFO:plot_model() successfully completed......................................
2026-01-29 14:47:16,825:INFO:Initializing plot_model()
2026-01-29 14:47:16,825:INFO:plot_model(plot=feature, fold=None, verbose=True, display=None, display_format=None, estimator=Ridge(random_state=42), feature_name=None, fit_kwargs=None, groups=None, label=False, plot_kwargs=None, save=False, scale=1, self=<pycaret.regression.oop.RegressionExperiment object at 0x7f9d01149300>, system=True)
2026-01-29 14:47:16,825:INFO:Checking exceptions
2026-01-29 14:47:16,856:INFO:Preloading libraries
2026-01-29 14:47:16,856:INFO:Copying training dataset
2026-01-29 14:47:16,856:INFO:Plot type: feature
2026-01-29 14:47:17,603:INFO:Visual Rendered Successfully
2026-01-29 14:47:17,776:INFO:plot_model() successfully completed......................................
2026-01-29 14:59:38,870:INFO:PyCaret RegressionExperiment
2026-01-29 14:59:38,871:INFO:Logging name: reg-default-name
2026-01-29 14:59:38,871:INFO:ML Usecase: MLUsecase.REGRESSION
2026-01-29 14:59:38,871:INFO:version 3.3.2
2026-01-29 14:59:38,871:INFO:Initializing setup()
2026-01-29 14:59:38,871:INFO:self.USI: 92a8
2026-01-29 14:59:38,871:INFO:self._variable_keys: {'data', '_available_plots', 'pipeline', 'fold_groups_param', 'logging_param', 'target_param', 'y_train', 'n_jobs_param', 'fold_generator', 'memory', 'exp_name_log', 'y_test', 'transform_target_param', 'USI', '_ml_usecase', 'seed', 'gpu_n_jobs_param', 'exp_id', 'X_train', 'fold_shuffle_param', 'X', 'log_plots_param', 'idx', 'X_test', 'y', 'gpu_param', 'html_param'}
2026-01-29 14:59:38,871:INFO:Checking environment
2026-01-29 14:59:38,872:INFO:python_version: 3.10.19
2026-01-29 14:59:38,872:INFO:python_build: ('main', 'Oct 22 2025 22:29:10')
2026-01-29 14:59:38,872:INFO:machine: x86_64
2026-01-29 14:59:38,872:INFO:platform: Linux-6.18.3-arch1-1-x86_64-with-glibc2.42
2026-01-29 14:59:38,872:INFO:Memory: svmem(total=16650223616, available=7262310400, percent=56.4, used=9387913216, free=823910400, active=9687592960, inactive=4376313856, buffers=173158400, cached=7486451712, shared=875651072, slab=625983488)
2026-01-29 14:59:38,873:INFO:Physical Core: 2
2026-01-29 14:59:38,873:INFO:Logical Core: 4
2026-01-29 14:59:38,873:INFO:Checking libraries
2026-01-29 14:59:38,873:INFO:System:
2026-01-29 14:59:38,874:INFO:    python: 3.10.19 | packaged by conda-forge | (main, Oct 22 2025, 22:29:10) [GCC 14.3.0]
2026-01-29 14:59:38,874:INFO:executable: /home/ilyandho/.local/share/mamba/envs/pycaret/bin/python
2026-01-29 14:59:38,874:INFO:   machine: Linux-6.18.3-arch1-1-x86_64-with-glibc2.42
2026-01-29 14:59:38,875:INFO:PyCaret required dependencies:
2026-01-29 14:59:38,875:INFO:                 pip: 25.3
2026-01-29 14:59:38,876:INFO:          setuptools: 80.9.0
2026-01-29 14:59:38,876:INFO:             pycaret: 3.3.2
2026-01-29 14:59:38,876:INFO:             IPython: 8.37.0
2026-01-29 14:59:38,876:INFO:          ipywidgets: 8.1.8
2026-01-29 14:59:38,876:INFO:                tqdm: 4.67.1
2026-01-29 14:59:38,876:INFO:               numpy: 1.26.4
2026-01-29 14:59:38,876:INFO:              pandas: 2.1.4
2026-01-29 14:59:38,876:INFO:              jinja2: 3.1.6
2026-01-29 14:59:38,876:INFO:               scipy: 1.11.4
2026-01-29 14:59:38,876:INFO:              joblib: 1.3.2
2026-01-29 14:59:38,876:INFO:             sklearn: 1.4.2
2026-01-29 14:59:38,877:INFO:                pyod: 2.0.6
2026-01-29 14:59:38,877:INFO:            imblearn: 0.14.1
2026-01-29 14:59:38,877:INFO:   category_encoders: 2.7.0
2026-01-29 14:59:38,878:INFO:            lightgbm: 4.6.0
2026-01-29 14:59:38,880:INFO:               numba: 0.63.1
2026-01-29 14:59:38,880:INFO:            requests: 2.32.5
2026-01-29 14:59:38,880:INFO:          matplotlib: 3.10.8
2026-01-29 14:59:38,880:INFO:          scikitplot: 0.3.7
2026-01-29 14:59:38,880:INFO:         yellowbrick: 1.5
2026-01-29 14:59:38,880:INFO:              plotly: 6.5.0
2026-01-29 14:59:38,880:INFO:    plotly-resampler: Not installed
2026-01-29 14:59:38,880:INFO:             kaleido: 0.2.1
2026-01-29 14:59:38,880:INFO:           schemdraw: 0.15
2026-01-29 14:59:38,880:INFO:         statsmodels: 0.14.6
2026-01-29 14:59:38,880:INFO:              sktime: 0.26.0
2026-01-29 14:59:38,880:INFO:               tbats: 1.1.3
2026-01-29 14:59:38,880:INFO:            pmdarima: 2.0.4
2026-01-29 14:59:38,880:INFO:              psutil: 7.2.1
2026-01-29 14:59:38,880:INFO:          markupsafe: 3.0.3
2026-01-29 14:59:38,881:INFO:             pickle5: Not installed
2026-01-29 14:59:38,881:INFO:         cloudpickle: 3.1.2
2026-01-29 14:59:38,881:INFO:         deprecation: 2.1.0
2026-01-29 14:59:38,881:INFO:              xxhash: 3.6.0
2026-01-29 14:59:38,881:INFO:           wurlitzer: 3.1.1
2026-01-29 14:59:38,881:INFO:PyCaret optional dependencies:
2026-01-29 14:59:38,881:INFO:                shap: Not installed
2026-01-29 14:59:38,881:INFO:           interpret: Not installed
2026-01-29 14:59:38,881:INFO:                umap: 0.5.9.post2
2026-01-29 14:59:38,881:INFO:     ydata_profiling: Not installed
2026-01-29 14:59:38,881:INFO:  explainerdashboard: Not installed
2026-01-29 14:59:38,881:INFO:             autoviz: Not installed
2026-01-29 14:59:38,882:INFO:           fairlearn: Not installed
2026-01-29 14:59:38,882:INFO:          deepchecks: Not installed
2026-01-29 14:59:38,882:INFO:             xgboost: 3.1.3
2026-01-29 14:59:38,885:INFO:            catboost: Not installed
2026-01-29 14:59:38,885:INFO:              kmodes: Not installed
2026-01-29 14:59:38,885:INFO:             mlxtend: Not installed
2026-01-29 14:59:38,885:INFO:       statsforecast: Not installed
2026-01-29 14:59:38,885:INFO:        tune_sklearn: Not installed
2026-01-29 14:59:38,886:INFO:                 ray: Not installed
2026-01-29 14:59:38,886:INFO:            hyperopt: Not installed
2026-01-29 14:59:38,887:INFO:              optuna: Not installed
2026-01-29 14:59:38,887:INFO:               skopt: Not installed
2026-01-29 14:59:38,887:INFO:              mlflow: Not installed
2026-01-29 14:59:38,887:INFO:              gradio: Not installed
2026-01-29 14:59:38,888:INFO:             fastapi: Not installed
2026-01-29 14:59:38,888:INFO:             uvicorn: Not installed
2026-01-29 14:59:38,888:INFO:              m2cgen: Not installed
2026-01-29 14:59:38,888:INFO:           evidently: Not installed
2026-01-29 14:59:38,888:INFO:               fugue: Not installed
2026-01-29 14:59:38,888:INFO:           streamlit: Not installed
2026-01-29 14:59:38,888:INFO:             prophet: Not installed
2026-01-29 14:59:38,889:INFO:None
2026-01-29 14:59:38,889:INFO:Set up data.
2026-01-29 15:00:28,235:INFO:PyCaret RegressionExperiment
2026-01-29 15:00:28,235:INFO:Logging name: reg-default-name
2026-01-29 15:00:28,235:INFO:ML Usecase: MLUsecase.REGRESSION
2026-01-29 15:00:28,235:INFO:version 3.3.2
2026-01-29 15:00:28,236:INFO:Initializing setup()
2026-01-29 15:00:28,236:INFO:self.USI: c40b
2026-01-29 15:00:28,236:INFO:self._variable_keys: {'data', '_available_plots', 'pipeline', 'fold_groups_param', 'logging_param', 'target_param', 'y_train', 'n_jobs_param', 'fold_generator', 'memory', 'exp_name_log', 'y_test', 'transform_target_param', 'USI', '_ml_usecase', 'seed', 'gpu_n_jobs_param', 'exp_id', 'X_train', 'fold_shuffle_param', 'X', 'log_plots_param', 'idx', 'X_test', 'y', 'gpu_param', 'html_param'}
2026-01-29 15:00:28,236:INFO:Checking environment
2026-01-29 15:00:28,236:INFO:python_version: 3.10.19
2026-01-29 15:00:28,236:INFO:python_build: ('main', 'Oct 22 2025 22:29:10')
2026-01-29 15:00:28,236:INFO:machine: x86_64
2026-01-29 15:00:28,236:INFO:platform: Linux-6.18.3-arch1-1-x86_64-with-glibc2.42
2026-01-29 15:00:28,236:INFO:Memory: svmem(total=16650223616, available=7062839296, percent=57.6, used=9587384320, free=624328704, active=9882361856, inactive=4376424448, buffers=173158400, cached=7469191168, shared=858279936, slab=626061312)
2026-01-29 15:00:28,237:INFO:Physical Core: 2
2026-01-29 15:00:28,237:INFO:Logical Core: 4
2026-01-29 15:00:28,237:INFO:Checking libraries
2026-01-29 15:00:28,237:INFO:System:
2026-01-29 15:00:28,238:INFO:    python: 3.10.19 | packaged by conda-forge | (main, Oct 22 2025, 22:29:10) [GCC 14.3.0]
2026-01-29 15:00:28,238:INFO:executable: /home/ilyandho/.local/share/mamba/envs/pycaret/bin/python
2026-01-29 15:00:28,238:INFO:   machine: Linux-6.18.3-arch1-1-x86_64-with-glibc2.42
2026-01-29 15:00:28,238:INFO:PyCaret required dependencies:
2026-01-29 15:00:28,238:INFO:                 pip: 25.3
2026-01-29 15:00:28,238:INFO:          setuptools: 80.9.0
2026-01-29 15:00:28,238:INFO:             pycaret: 3.3.2
2026-01-29 15:00:28,238:INFO:             IPython: 8.37.0
2026-01-29 15:00:28,238:INFO:          ipywidgets: 8.1.8
2026-01-29 15:00:28,238:INFO:                tqdm: 4.67.1
2026-01-29 15:00:28,238:INFO:               numpy: 1.26.4
2026-01-29 15:00:28,238:INFO:              pandas: 2.1.4
2026-01-29 15:00:28,238:INFO:              jinja2: 3.1.6
2026-01-29 15:00:28,238:INFO:               scipy: 1.11.4
2026-01-29 15:00:28,238:INFO:              joblib: 1.3.2
2026-01-29 15:00:28,239:INFO:             sklearn: 1.4.2
2026-01-29 15:00:28,239:INFO:                pyod: 2.0.6
2026-01-29 15:00:28,239:INFO:            imblearn: 0.14.1
2026-01-29 15:00:28,239:INFO:   category_encoders: 2.7.0
2026-01-29 15:00:28,239:INFO:            lightgbm: 4.6.0
2026-01-29 15:00:28,239:INFO:               numba: 0.63.1
2026-01-29 15:00:28,239:INFO:            requests: 2.32.5
2026-01-29 15:00:28,239:INFO:          matplotlib: 3.10.8
2026-01-29 15:00:28,240:INFO:          scikitplot: 0.3.7
2026-01-29 15:00:28,240:INFO:         yellowbrick: 1.5
2026-01-29 15:00:28,240:INFO:              plotly: 6.5.0
2026-01-29 15:00:28,240:INFO:    plotly-resampler: Not installed
2026-01-29 15:00:28,240:INFO:             kaleido: 0.2.1
2026-01-29 15:00:28,240:INFO:           schemdraw: 0.15
2026-01-29 15:00:28,240:INFO:         statsmodels: 0.14.6
2026-01-29 15:00:28,240:INFO:              sktime: 0.26.0
2026-01-29 15:00:28,240:INFO:               tbats: 1.1.3
2026-01-29 15:00:28,240:INFO:            pmdarima: 2.0.4
2026-01-29 15:00:28,240:INFO:              psutil: 7.2.1
2026-01-29 15:00:28,240:INFO:          markupsafe: 3.0.3
2026-01-29 15:00:28,240:INFO:             pickle5: Not installed
2026-01-29 15:00:28,240:INFO:         cloudpickle: 3.1.2
2026-01-29 15:00:28,240:INFO:         deprecation: 2.1.0
2026-01-29 15:00:28,240:INFO:              xxhash: 3.6.0
2026-01-29 15:00:28,240:INFO:           wurlitzer: 3.1.1
2026-01-29 15:00:28,240:INFO:PyCaret optional dependencies:
2026-01-29 15:00:28,241:INFO:                shap: Not installed
2026-01-29 15:00:28,241:INFO:           interpret: Not installed
2026-01-29 15:00:28,241:INFO:                umap: 0.5.9.post2
2026-01-29 15:00:28,241:INFO:     ydata_profiling: Not installed
2026-01-29 15:00:28,241:INFO:  explainerdashboard: Not installed
2026-01-29 15:00:28,241:INFO:             autoviz: Not installed
2026-01-29 15:00:28,241:INFO:           fairlearn: Not installed
2026-01-29 15:00:28,241:INFO:          deepchecks: Not installed
2026-01-29 15:00:28,241:INFO:             xgboost: 3.1.3
2026-01-29 15:00:28,241:INFO:            catboost: Not installed
2026-01-29 15:00:28,241:INFO:              kmodes: Not installed
2026-01-29 15:00:28,241:INFO:             mlxtend: Not installed
2026-01-29 15:00:28,241:INFO:       statsforecast: Not installed
2026-01-29 15:00:28,241:INFO:        tune_sklearn: Not installed
2026-01-29 15:00:28,241:INFO:                 ray: Not installed
2026-01-29 15:00:28,241:INFO:            hyperopt: Not installed
2026-01-29 15:00:28,241:INFO:              optuna: Not installed
2026-01-29 15:00:28,241:INFO:               skopt: Not installed
2026-01-29 15:00:28,241:INFO:              mlflow: Not installed
2026-01-29 15:00:28,241:INFO:              gradio: Not installed
2026-01-29 15:00:28,242:INFO:             fastapi: Not installed
2026-01-29 15:00:28,242:INFO:             uvicorn: Not installed
2026-01-29 15:00:28,242:INFO:              m2cgen: Not installed
2026-01-29 15:00:28,242:INFO:           evidently: Not installed
2026-01-29 15:00:28,242:INFO:               fugue: Not installed
2026-01-29 15:00:28,242:INFO:           streamlit: Not installed
2026-01-29 15:00:28,242:INFO:             prophet: Not installed
2026-01-29 15:00:28,242:INFO:None
2026-01-29 15:00:28,242:INFO:Set up data.
2026-01-29 15:00:28,265:INFO:Set up folding strategy.
2026-01-29 15:00:28,265:INFO:Set up train/test split.
2026-01-29 15:00:28,275:INFO:Set up index.
2026-01-29 15:00:28,275:INFO:Assigning column types.
2026-01-29 15:00:28,294:INFO:Engine successfully changes for model 'lr' to 'sklearn'.
2026-01-29 15:00:28,294:INFO:Engine for model 'lasso' has not been set explicitly, hence returning None.
2026-01-29 15:00:28,300:INFO:Engine for model 'ridge' has not been set explicitly, hence returning None.
2026-01-29 15:00:28,312:INFO:Engine for model 'en' has not been set explicitly, hence returning None.
2026-01-29 15:00:28,441:INFO:Engine for model 'svm' has not been set explicitly, hence returning None.
2026-01-29 15:00:28,562:INFO:Engine for model 'knn' has not been set explicitly, hence returning None.
2026-01-29 15:00:28,563:INFO:Soft dependency imported: xgboost: 3.1.3
2026-01-29 15:00:28,569:WARNING:
'catboost' is a soft dependency and not included in the pycaret installation. Please run: `pip install catboost` to install.
Alternately, you can install this by running `pip install pycaret[models]`
2026-01-29 15:00:28,570:INFO:Engine for model 'lasso' has not been set explicitly, hence returning None.
2026-01-29 15:00:28,576:INFO:Engine for model 'ridge' has not been set explicitly, hence returning None.
2026-01-29 15:00:28,584:INFO:Engine for model 'en' has not been set explicitly, hence returning None.
2026-01-29 15:00:28,682:INFO:Engine for model 'svm' has not been set explicitly, hence returning None.
2026-01-29 15:00:28,730:INFO:Engine for model 'knn' has not been set explicitly, hence returning None.
2026-01-29 15:00:28,730:INFO:Soft dependency imported: xgboost: 3.1.3
2026-01-29 15:00:28,734:WARNING:
'catboost' is a soft dependency and not included in the pycaret installation. Please run: `pip install catboost` to install.
Alternately, you can install this by running `pip install pycaret[models]`
2026-01-29 15:00:28,735:INFO:Engine successfully changes for model 'lasso' to 'sklearn'.
2026-01-29 15:00:28,740:INFO:Engine for model 'ridge' has not been set explicitly, hence returning None.
2026-01-29 15:00:28,744:INFO:Engine for model 'en' has not been set explicitly, hence returning None.
2026-01-29 15:00:28,816:INFO:Engine for model 'svm' has not been set explicitly, hence returning None.
2026-01-29 15:00:28,884:INFO:Engine for model 'knn' has not been set explicitly, hence returning None.
2026-01-29 15:00:28,885:INFO:Soft dependency imported: xgboost: 3.1.3
2026-01-29 15:00:28,888:WARNING:
'catboost' is a soft dependency and not included in the pycaret installation. Please run: `pip install catboost` to install.
Alternately, you can install this by running `pip install pycaret[models]`
2026-01-29 15:00:28,894:INFO:Engine for model 'ridge' has not been set explicitly, hence returning None.
2026-01-29 15:00:28,898:INFO:Engine for model 'en' has not been set explicitly, hence returning None.
2026-01-29 15:00:28,972:INFO:Engine for model 'svm' has not been set explicitly, hence returning None.
2026-01-29 15:00:29,017:INFO:Engine for model 'knn' has not been set explicitly, hence returning None.
2026-01-29 15:00:29,018:INFO:Soft dependency imported: xgboost: 3.1.3
2026-01-29 15:00:29,021:WARNING:
'catboost' is a soft dependency and not included in the pycaret installation. Please run: `pip install catboost` to install.
Alternately, you can install this by running `pip install pycaret[models]`
2026-01-29 15:00:29,021:INFO:Engine successfully changes for model 'ridge' to 'sklearn'.
2026-01-29 15:00:29,031:INFO:Engine for model 'en' has not been set explicitly, hence returning None.
2026-01-29 15:00:29,101:INFO:Engine for model 'svm' has not been set explicitly, hence returning None.
2026-01-29 15:00:29,148:INFO:Engine for model 'knn' has not been set explicitly, hence returning None.
2026-01-29 15:00:29,148:INFO:Soft dependency imported: xgboost: 3.1.3
2026-01-29 15:00:29,153:WARNING:
'catboost' is a soft dependency and not included in the pycaret installation. Please run: `pip install catboost` to install.
Alternately, you can install this by running `pip install pycaret[models]`
2026-01-29 15:00:29,162:INFO:Engine for model 'en' has not been set explicitly, hence returning None.
2026-01-29 15:00:29,227:INFO:Engine for model 'svm' has not been set explicitly, hence returning None.
2026-01-29 15:00:29,277:INFO:Engine for model 'knn' has not been set explicitly, hence returning None.
2026-01-29 15:00:29,278:INFO:Soft dependency imported: xgboost: 3.1.3
2026-01-29 15:00:29,280:WARNING:
'catboost' is a soft dependency and not included in the pycaret installation. Please run: `pip install catboost` to install.
Alternately, you can install this by running `pip install pycaret[models]`
2026-01-29 15:00:29,281:INFO:Engine successfully changes for model 'en' to 'sklearn'.
2026-01-29 15:00:29,371:INFO:Engine for model 'svm' has not been set explicitly, hence returning None.
2026-01-29 15:00:29,419:INFO:Engine for model 'knn' has not been set explicitly, hence returning None.
2026-01-29 15:00:29,419:INFO:Soft dependency imported: xgboost: 3.1.3
2026-01-29 15:00:29,422:WARNING:
'catboost' is a soft dependency and not included in the pycaret installation. Please run: `pip install catboost` to install.
Alternately, you can install this by running `pip install pycaret[models]`
2026-01-29 15:00:29,493:INFO:Engine for model 'svm' has not been set explicitly, hence returning None.
2026-01-29 15:00:29,542:INFO:Engine for model 'knn' has not been set explicitly, hence returning None.
2026-01-29 15:00:29,543:INFO:Soft dependency imported: xgboost: 3.1.3
2026-01-29 15:00:29,545:WARNING:
'catboost' is a soft dependency and not included in the pycaret installation. Please run: `pip install catboost` to install.
Alternately, you can install this by running `pip install pycaret[models]`
2026-01-29 15:00:29,545:INFO:Engine successfully changes for model 'knn' to 'sklearn'.
2026-01-29 15:00:29,621:INFO:Engine for model 'svm' has not been set explicitly, hence returning None.
2026-01-29 15:00:29,686:INFO:Soft dependency imported: xgboost: 3.1.3
2026-01-29 15:00:29,689:WARNING:
'catboost' is a soft dependency and not included in the pycaret installation. Please run: `pip install catboost` to install.
Alternately, you can install this by running `pip install pycaret[models]`
2026-01-29 15:00:29,789:INFO:Engine for model 'svm' has not been set explicitly, hence returning None.
2026-01-29 15:00:29,854:INFO:Soft dependency imported: xgboost: 3.1.3
2026-01-29 15:00:29,857:WARNING:
'catboost' is a soft dependency and not included in the pycaret installation. Please run: `pip install catboost` to install.
Alternately, you can install this by running `pip install pycaret[models]`
2026-01-29 15:00:29,858:INFO:Engine successfully changes for model 'svm' to 'sklearn'.
2026-01-29 15:00:29,996:INFO:Soft dependency imported: xgboost: 3.1.3
2026-01-29 15:00:30,000:WARNING:
'catboost' is a soft dependency and not included in the pycaret installation. Please run: `pip install catboost` to install.
Alternately, you can install this by running `pip install pycaret[models]`
2026-01-29 15:00:30,164:INFO:Soft dependency imported: xgboost: 3.1.3
2026-01-29 15:00:30,167:WARNING:
'catboost' is a soft dependency and not included in the pycaret installation. Please run: `pip install catboost` to install.
Alternately, you can install this by running `pip install pycaret[models]`
2026-01-29 15:00:30,168:INFO:Preparing preprocessing pipeline...
2026-01-29 15:00:30,169:INFO:Set up simple imputation.
2026-01-29 15:00:30,169:INFO:Set up removing multicollinearity.
2026-01-29 15:00:30,170:INFO:Set up column name cleaning.
2026-01-29 15:00:30,245:INFO:Finished creating preprocessing pipeline.
2026-01-29 15:00:30,253:INFO:Pipeline: Pipeline(memory=FastMemory(location=/tmp/joblib),
         steps=[('numerical_imputer',
                 TransformerWrapper(include=['xP_next', 'selected',
                                             'selected_by_percent',
                                             'strength_defence_away_5_ewm',
                                             'strength_attack_home_5_ewm',
                                             'strength_attack_home_rolling_1',
                                             'strength_defence_away_rolling_1',
                                             'selected_3_ewm',
                                             'selected_by_percent_5_ewm',
                                             'selected_by_percent_rolling_5'...
                                             'strength_defence_home_rolling_1', ...],
                                    transformer=SimpleImputer())),
                ('categorical_imputer',
                 TransformerWrapper(include=[],
                                    transformer=SimpleImputer(strategy='most_frequent'))),
                ('remove_multicollinearity',
                 TransformerWrapper(exclude=[],
                                    transformer=RemoveMulticollinearity(threshold=0.9))),
                ('clean_column_names',
                 TransformerWrapper(transformer=CleanColumnNames()))])
2026-01-29 15:00:30,254:INFO:Creating final display dataframe.
2026-01-29 15:00:30,420:INFO:Setup _display_container:                     Description             Value
0                    Session id                42
1                        Target                xP
2                   Target type        Regression
3           Original data shape        (1154, 32)
4        Transformed data shape        (1154, 12)
5   Transformed train set shape         (923, 12)
6    Transformed test set shape         (231, 12)
7              Numeric features                31
8                    Preprocess              True
9               Imputation type            simple
10           Numeric imputation              mean
11       Categorical imputation              mode
12     Remove multicollinearity              True
13  Multicollinearity threshold               0.9
14               Fold Generator             KFold
15                  Fold Number                10
16                     CPU Jobs                -1
17                      Use GPU             False
18               Log Experiment             False
19              Experiment Name  reg-default-name
20                          USI              c40b
2026-01-29 15:00:30,601:INFO:Soft dependency imported: xgboost: 3.1.3
2026-01-29 15:00:30,604:WARNING:
'catboost' is a soft dependency and not included in the pycaret installation. Please run: `pip install catboost` to install.
Alternately, you can install this by running `pip install pycaret[models]`
2026-01-29 15:00:30,750:INFO:Soft dependency imported: xgboost: 3.1.3
2026-01-29 15:00:30,757:WARNING:
'catboost' is a soft dependency and not included in the pycaret installation. Please run: `pip install catboost` to install.
Alternately, you can install this by running `pip install pycaret[models]`
2026-01-29 15:00:30,758:INFO:setup() successfully completed in 2.52s...............
2026-01-29 15:00:30,759:INFO:gpu_param set to False
2026-01-29 15:00:31,062:INFO:Soft dependency imported: xgboost: 3.1.3
2026-01-29 15:00:31,067:WARNING:
'catboost' is a soft dependency and not included in the pycaret installation. Please run: `pip install catboost` to install.
Alternately, you can install this by running `pip install pycaret[models]`
2026-01-29 15:00:31,285:INFO:Soft dependency imported: xgboost: 3.1.3
2026-01-29 15:00:31,290:WARNING:
'catboost' is a soft dependency and not included in the pycaret installation. Please run: `pip install catboost` to install.
Alternately, you can install this by running `pip install pycaret[models]`
2026-01-29 15:00:31,292:INFO:Initializing compare_models()
2026-01-29 15:00:31,293:INFO:compare_models(self=<pycaret.regression.oop.RegressionExperiment object at 0x7f9d00f832b0>, include=None, fold=None, round=4, cross_validation=True, sort=MAE, n_select=1, budget_time=None, turbo=True, errors=ignore, fit_kwargs=None, groups=None, experiment_custom_tags=None, probability_threshold=None, verbose=True, parallel=None, caller_params={'self': <pycaret.regression.oop.RegressionExperiment object at 0x7f9d00f832b0>, 'include': None, 'exclude': None, 'fold': None, 'round': 4, 'cross_validation': True, 'sort': 'MAE', 'n_select': 1, 'budget_time': None, 'turbo': True, 'errors': 'ignore', 'fit_kwargs': None, 'groups': None, 'experiment_custom_tags': None, 'engine': None, 'verbose': True, 'parallel': None, '__class__': <class 'pycaret.regression.oop.RegressionExperiment'>}, exclude=None)
2026-01-29 15:00:31,293:INFO:Checking exceptions
2026-01-29 15:00:31,300:INFO:Preparing display monitor
2026-01-29 15:00:31,367:INFO:Initializing Linear Regression
2026-01-29 15:00:31,367:INFO:Total runtime is 5.845228830973307e-06 minutes
2026-01-29 15:00:31,375:INFO:SubProcess create_model() called ==================================
2026-01-29 15:00:31,376:INFO:Initializing create_model()
2026-01-29 15:00:31,376:INFO:create_model(self=<pycaret.regression.oop.RegressionExperiment object at 0x7f9d00f832b0>, estimator=lr, fold=KFold(n_splits=10, random_state=None, shuffle=False), round=4, cross_validation=True, predict=True, fit_kwargs={}, groups=None, refit=False, probability_threshold=None, experiment_custom_tags=None, verbose=False, system=False, add_to_model_list=True, metrics=None, display=<pycaret.internal.display.display.CommonDisplay object at 0x7f9cf02a8dc0>, model_only=True, return_train_score=False, error_score=0.0, kwargs={})
2026-01-29 15:00:31,376:INFO:Checking exceptions
2026-01-29 15:00:31,376:INFO:Importing libraries
2026-01-29 15:00:31,376:INFO:Copying training dataset
2026-01-29 15:00:31,393:INFO:Defining folds
2026-01-29 15:00:31,393:INFO:Declaring metric variables
2026-01-29 15:00:31,405:INFO:Importing untrained model
2026-01-29 15:00:31,418:INFO:Linear Regression Imported successfully
2026-01-29 15:00:31,455:INFO:Starting cross validation
2026-01-29 15:00:31,458:INFO:Cross validating with KFold(n_splits=10, random_state=None, shuffle=False), n_jobs=-1
2026-01-29 15:00:36,783:WARNING:/home/ilyandho/.local/share/mamba/envs/pycaret/lib/python3.10/site-packages/_distutils_hack/__init__.py:30: UserWarning: Setuptools is replacing distutils. Support for replacing an already imported distutils is deprecated. In the future, this condition will fail. Register concerns at https://github.com/pypa/setuptools/issues/new?template=distutils-deprecation.yml
  warnings.warn(

2026-01-29 15:00:37,138:WARNING:/home/ilyandho/.local/share/mamba/envs/pycaret/lib/python3.10/site-packages/_distutils_hack/__init__.py:30: UserWarning: Setuptools is replacing distutils. Support for replacing an already imported distutils is deprecated. In the future, this condition will fail. Register concerns at https://github.com/pypa/setuptools/issues/new?template=distutils-deprecation.yml
  warnings.warn(

2026-01-29 15:00:37,342:WARNING:/home/ilyandho/.local/share/mamba/envs/pycaret/lib/python3.10/site-packages/_distutils_hack/__init__.py:30: UserWarning: Setuptools is replacing distutils. Support for replacing an already imported distutils is deprecated. In the future, this condition will fail. Register concerns at https://github.com/pypa/setuptools/issues/new?template=distutils-deprecation.yml
  warnings.warn(

2026-01-29 15:00:38,353:WARNING:/home/ilyandho/.local/share/mamba/envs/pycaret/lib/python3.10/site-packages/_distutils_hack/__init__.py:30: UserWarning: Setuptools is replacing distutils. Support for replacing an already imported distutils is deprecated. In the future, this condition will fail. Register concerns at https://github.com/pypa/setuptools/issues/new?template=distutils-deprecation.yml
  warnings.warn(

2026-01-29 15:00:38,634:INFO:Calculating mean and std
2026-01-29 15:00:38,638:INFO:Creating metrics dataframe
2026-01-29 15:00:38,644:INFO:Uploading results into container
2026-01-29 15:00:38,645:INFO:Uploading model into container now
2026-01-29 15:00:38,646:INFO:_master_model_container: 1
2026-01-29 15:00:38,646:INFO:_display_container: 2
2026-01-29 15:00:38,647:INFO:LinearRegression(n_jobs=-1)
2026-01-29 15:00:38,647:INFO:create_model() successfully completed......................................
2026-01-29 15:00:38,911:INFO:SubProcess create_model() end ==================================
2026-01-29 15:00:38,911:INFO:Creating metrics dataframe
2026-01-29 15:00:38,929:INFO:Initializing Lasso Regression
2026-01-29 15:00:38,930:INFO:Total runtime is 0.12604419787724813 minutes
2026-01-29 15:00:38,943:INFO:SubProcess create_model() called ==================================
2026-01-29 15:00:38,943:INFO:Initializing create_model()
2026-01-29 15:00:38,943:INFO:create_model(self=<pycaret.regression.oop.RegressionExperiment object at 0x7f9d00f832b0>, estimator=lasso, fold=KFold(n_splits=10, random_state=None, shuffle=False), round=4, cross_validation=True, predict=True, fit_kwargs={}, groups=None, refit=False, probability_threshold=None, experiment_custom_tags=None, verbose=False, system=False, add_to_model_list=True, metrics=None, display=<pycaret.internal.display.display.CommonDisplay object at 0x7f9cf02a8dc0>, model_only=True, return_train_score=False, error_score=0.0, kwargs={})
2026-01-29 15:00:38,943:INFO:Checking exceptions
2026-01-29 15:00:38,944:INFO:Importing libraries
2026-01-29 15:00:38,944:INFO:Copying training dataset
2026-01-29 15:00:38,960:INFO:Defining folds
2026-01-29 15:00:38,961:INFO:Declaring metric variables
2026-01-29 15:00:38,973:INFO:Importing untrained model
2026-01-29 15:00:38,987:INFO:Lasso Regression Imported successfully
2026-01-29 15:00:39,014:INFO:Starting cross validation
2026-01-29 15:00:39,016:INFO:Cross validating with KFold(n_splits=10, random_state=None, shuffle=False), n_jobs=-1
2026-01-29 15:00:39,548:INFO:Calculating mean and std
2026-01-29 15:00:39,550:INFO:Creating metrics dataframe
2026-01-29 15:00:39,553:INFO:Uploading results into container
2026-01-29 15:00:39,555:INFO:Uploading model into container now
2026-01-29 15:00:39,556:INFO:_master_model_container: 2
2026-01-29 15:00:39,556:INFO:_display_container: 2
2026-01-29 15:00:39,556:INFO:Lasso(random_state=42)
2026-01-29 15:00:39,557:INFO:create_model() successfully completed......................................
2026-01-29 15:00:39,808:INFO:SubProcess create_model() end ==================================
2026-01-29 15:00:39,808:INFO:Creating metrics dataframe
2026-01-29 15:00:39,847:INFO:Initializing Ridge Regression
2026-01-29 15:00:39,847:INFO:Total runtime is 0.14133776823679606 minutes
2026-01-29 15:00:39,870:INFO:SubProcess create_model() called ==================================
2026-01-29 15:00:39,871:INFO:Initializing create_model()
2026-01-29 15:00:39,871:INFO:create_model(self=<pycaret.regression.oop.RegressionExperiment object at 0x7f9d00f832b0>, estimator=ridge, fold=KFold(n_splits=10, random_state=None, shuffle=False), round=4, cross_validation=True, predict=True, fit_kwargs={}, groups=None, refit=False, probability_threshold=None, experiment_custom_tags=None, verbose=False, system=False, add_to_model_list=True, metrics=None, display=<pycaret.internal.display.display.CommonDisplay object at 0x7f9cf02a8dc0>, model_only=True, return_train_score=False, error_score=0.0, kwargs={})
2026-01-29 15:00:39,871:INFO:Checking exceptions
2026-01-29 15:00:39,871:INFO:Importing libraries
2026-01-29 15:00:39,871:INFO:Copying training dataset
2026-01-29 15:00:39,891:INFO:Defining folds
2026-01-29 15:00:39,891:INFO:Declaring metric variables
2026-01-29 15:00:39,901:INFO:Importing untrained model
2026-01-29 15:00:39,911:INFO:Ridge Regression Imported successfully
2026-01-29 15:00:39,931:INFO:Starting cross validation
2026-01-29 15:00:39,933:INFO:Cross validating with KFold(n_splits=10, random_state=None, shuffle=False), n_jobs=-1
2026-01-29 15:00:41,140:INFO:Calculating mean and std
2026-01-29 15:00:41,142:INFO:Creating metrics dataframe
2026-01-29 15:00:41,146:INFO:Uploading results into container
2026-01-29 15:00:41,148:INFO:Uploading model into container now
2026-01-29 15:00:41,152:INFO:_master_model_container: 3
2026-01-29 15:00:41,152:INFO:_display_container: 2
2026-01-29 15:00:41,153:INFO:Ridge(random_state=42)
2026-01-29 15:00:41,154:INFO:create_model() successfully completed......................................
2026-01-29 15:00:41,437:INFO:SubProcess create_model() end ==================================
2026-01-29 15:00:41,437:INFO:Creating metrics dataframe
2026-01-29 15:00:41,454:INFO:Initializing Elastic Net
2026-01-29 15:00:41,454:INFO:Total runtime is 0.16811997493108113 minutes
2026-01-29 15:00:41,465:INFO:SubProcess create_model() called ==================================
2026-01-29 15:00:41,466:INFO:Initializing create_model()
2026-01-29 15:00:41,466:INFO:create_model(self=<pycaret.regression.oop.RegressionExperiment object at 0x7f9d00f832b0>, estimator=en, fold=KFold(n_splits=10, random_state=None, shuffle=False), round=4, cross_validation=True, predict=True, fit_kwargs={}, groups=None, refit=False, probability_threshold=None, experiment_custom_tags=None, verbose=False, system=False, add_to_model_list=True, metrics=None, display=<pycaret.internal.display.display.CommonDisplay object at 0x7f9cf02a8dc0>, model_only=True, return_train_score=False, error_score=0.0, kwargs={})
2026-01-29 15:00:41,466:INFO:Checking exceptions
2026-01-29 15:00:41,466:INFO:Importing libraries
2026-01-29 15:00:41,466:INFO:Copying training dataset
2026-01-29 15:00:41,488:INFO:Defining folds
2026-01-29 15:00:41,488:INFO:Declaring metric variables
2026-01-29 15:00:41,499:INFO:Importing untrained model
2026-01-29 15:00:41,510:INFO:Elastic Net Imported successfully
2026-01-29 15:00:41,533:INFO:Starting cross validation
2026-01-29 15:00:41,536:INFO:Cross validating with KFold(n_splits=10, random_state=None, shuffle=False), n_jobs=-1
2026-01-29 15:00:42,197:INFO:Calculating mean and std
2026-01-29 15:00:42,213:INFO:Creating metrics dataframe
2026-01-29 15:00:42,223:INFO:Uploading results into container
2026-01-29 15:00:42,224:INFO:Uploading model into container now
2026-01-29 15:00:42,225:INFO:_master_model_container: 4
2026-01-29 15:00:42,225:INFO:_display_container: 2
2026-01-29 15:00:42,225:INFO:ElasticNet(random_state=42)
2026-01-29 15:00:42,226:INFO:create_model() successfully completed......................................
2026-01-29 15:00:42,464:INFO:SubProcess create_model() end ==================================
2026-01-29 15:00:42,464:INFO:Creating metrics dataframe
2026-01-29 15:00:42,480:INFO:Initializing Least Angle Regression
2026-01-29 15:00:42,480:INFO:Total runtime is 0.18522024949391683 minutes
2026-01-29 15:00:42,494:INFO:SubProcess create_model() called ==================================
2026-01-29 15:00:42,494:INFO:Initializing create_model()
2026-01-29 15:00:42,494:INFO:create_model(self=<pycaret.regression.oop.RegressionExperiment object at 0x7f9d00f832b0>, estimator=lar, fold=KFold(n_splits=10, random_state=None, shuffle=False), round=4, cross_validation=True, predict=True, fit_kwargs={}, groups=None, refit=False, probability_threshold=None, experiment_custom_tags=None, verbose=False, system=False, add_to_model_list=True, metrics=None, display=<pycaret.internal.display.display.CommonDisplay object at 0x7f9cf02a8dc0>, model_only=True, return_train_score=False, error_score=0.0, kwargs={})
2026-01-29 15:00:42,494:INFO:Checking exceptions
2026-01-29 15:00:42,494:INFO:Importing libraries
2026-01-29 15:00:42,495:INFO:Copying training dataset
2026-01-29 15:00:42,520:INFO:Defining folds
2026-01-29 15:00:42,520:INFO:Declaring metric variables
2026-01-29 15:00:42,532:INFO:Importing untrained model
2026-01-29 15:00:42,542:INFO:Least Angle Regression Imported successfully
2026-01-29 15:00:42,566:INFO:Starting cross validation
2026-01-29 15:00:42,568:INFO:Cross validating with KFold(n_splits=10, random_state=None, shuffle=False), n_jobs=-1
2026-01-29 15:00:43,146:INFO:Calculating mean and std
2026-01-29 15:00:43,147:INFO:Creating metrics dataframe
2026-01-29 15:00:43,150:INFO:Uploading results into container
2026-01-29 15:00:43,151:INFO:Uploading model into container now
2026-01-29 15:00:43,152:INFO:_master_model_container: 5
2026-01-29 15:00:43,152:INFO:_display_container: 2
2026-01-29 15:00:43,152:INFO:Lars(random_state=42)
2026-01-29 15:00:43,153:INFO:create_model() successfully completed......................................
2026-01-29 15:00:43,337:INFO:SubProcess create_model() end ==================================
2026-01-29 15:00:43,337:INFO:Creating metrics dataframe
2026-01-29 15:00:43,351:INFO:Initializing Lasso Least Angle Regression
2026-01-29 15:00:43,352:INFO:Total runtime is 0.1997434655825297 minutes
2026-01-29 15:00:43,371:INFO:SubProcess create_model() called ==================================
2026-01-29 15:00:43,372:INFO:Initializing create_model()
2026-01-29 15:00:43,372:INFO:create_model(self=<pycaret.regression.oop.RegressionExperiment object at 0x7f9d00f832b0>, estimator=llar, fold=KFold(n_splits=10, random_state=None, shuffle=False), round=4, cross_validation=True, predict=True, fit_kwargs={}, groups=None, refit=False, probability_threshold=None, experiment_custom_tags=None, verbose=False, system=False, add_to_model_list=True, metrics=None, display=<pycaret.internal.display.display.CommonDisplay object at 0x7f9cf02a8dc0>, model_only=True, return_train_score=False, error_score=0.0, kwargs={})
2026-01-29 15:00:43,373:INFO:Checking exceptions
2026-01-29 15:00:43,373:INFO:Importing libraries
2026-01-29 15:00:43,373:INFO:Copying training dataset
2026-01-29 15:00:43,394:INFO:Defining folds
2026-01-29 15:00:43,394:INFO:Declaring metric variables
2026-01-29 15:00:43,403:INFO:Importing untrained model
2026-01-29 15:00:43,415:INFO:Lasso Least Angle Regression Imported successfully
2026-01-29 15:00:43,435:INFO:Starting cross validation
2026-01-29 15:00:43,437:INFO:Cross validating with KFold(n_splits=10, random_state=None, shuffle=False), n_jobs=-1
2026-01-29 15:00:43,882:INFO:Calculating mean and std
2026-01-29 15:00:43,884:INFO:Creating metrics dataframe
2026-01-29 15:00:43,888:INFO:Uploading results into container
2026-01-29 15:00:43,889:INFO:Uploading model into container now
2026-01-29 15:00:43,890:INFO:_master_model_container: 6
2026-01-29 15:00:43,890:INFO:_display_container: 2
2026-01-29 15:00:43,891:INFO:LassoLars(random_state=42)
2026-01-29 15:00:43,891:INFO:create_model() successfully completed......................................
2026-01-29 15:00:44,110:INFO:SubProcess create_model() end ==================================
2026-01-29 15:00:44,110:INFO:Creating metrics dataframe
2026-01-29 15:00:44,133:INFO:Initializing Orthogonal Matching Pursuit
2026-01-29 15:00:44,134:INFO:Total runtime is 0.2127799153327942 minutes
2026-01-29 15:00:44,144:INFO:SubProcess create_model() called ==================================
2026-01-29 15:00:44,144:INFO:Initializing create_model()
2026-01-29 15:00:44,144:INFO:create_model(self=<pycaret.regression.oop.RegressionExperiment object at 0x7f9d00f832b0>, estimator=omp, fold=KFold(n_splits=10, random_state=None, shuffle=False), round=4, cross_validation=True, predict=True, fit_kwargs={}, groups=None, refit=False, probability_threshold=None, experiment_custom_tags=None, verbose=False, system=False, add_to_model_list=True, metrics=None, display=<pycaret.internal.display.display.CommonDisplay object at 0x7f9cf02a8dc0>, model_only=True, return_train_score=False, error_score=0.0, kwargs={})
2026-01-29 15:00:44,145:INFO:Checking exceptions
2026-01-29 15:00:44,145:INFO:Importing libraries
2026-01-29 15:00:44,145:INFO:Copying training dataset
2026-01-29 15:00:44,164:INFO:Defining folds
2026-01-29 15:00:44,164:INFO:Declaring metric variables
2026-01-29 15:00:44,175:INFO:Importing untrained model
2026-01-29 15:00:44,187:INFO:Orthogonal Matching Pursuit Imported successfully
2026-01-29 15:00:44,208:INFO:Starting cross validation
2026-01-29 15:00:44,210:INFO:Cross validating with KFold(n_splits=10, random_state=None, shuffle=False), n_jobs=-1
2026-01-29 15:00:44,707:INFO:Calculating mean and std
2026-01-29 15:00:44,708:INFO:Creating metrics dataframe
2026-01-29 15:00:44,713:INFO:Uploading results into container
2026-01-29 15:00:44,714:INFO:Uploading model into container now
2026-01-29 15:00:44,715:INFO:_master_model_container: 7
2026-01-29 15:00:44,715:INFO:_display_container: 2
2026-01-29 15:00:44,716:INFO:OrthogonalMatchingPursuit()
2026-01-29 15:00:44,716:INFO:create_model() successfully completed......................................
2026-01-29 15:00:44,921:INFO:SubProcess create_model() end ==================================
2026-01-29 15:00:44,922:INFO:Creating metrics dataframe
2026-01-29 15:00:44,936:INFO:Initializing Bayesian Ridge
2026-01-29 15:00:44,937:INFO:Total runtime is 0.22615968783696494 minutes
2026-01-29 15:00:44,949:INFO:SubProcess create_model() called ==================================
2026-01-29 15:00:44,950:INFO:Initializing create_model()
2026-01-29 15:00:44,950:INFO:create_model(self=<pycaret.regression.oop.RegressionExperiment object at 0x7f9d00f832b0>, estimator=br, fold=KFold(n_splits=10, random_state=None, shuffle=False), round=4, cross_validation=True, predict=True, fit_kwargs={}, groups=None, refit=False, probability_threshold=None, experiment_custom_tags=None, verbose=False, system=False, add_to_model_list=True, metrics=None, display=<pycaret.internal.display.display.CommonDisplay object at 0x7f9cf02a8dc0>, model_only=True, return_train_score=False, error_score=0.0, kwargs={})
2026-01-29 15:00:44,951:INFO:Checking exceptions
2026-01-29 15:00:44,951:INFO:Importing libraries
2026-01-29 15:00:44,951:INFO:Copying training dataset
2026-01-29 15:00:44,972:INFO:Defining folds
2026-01-29 15:00:44,973:INFO:Declaring metric variables
2026-01-29 15:00:44,984:INFO:Importing untrained model
2026-01-29 15:00:44,997:INFO:Bayesian Ridge Imported successfully
2026-01-29 15:00:45,024:INFO:Starting cross validation
2026-01-29 15:00:45,027:INFO:Cross validating with KFold(n_splits=10, random_state=None, shuffle=False), n_jobs=-1
2026-01-29 15:00:45,527:INFO:Calculating mean and std
2026-01-29 15:00:45,530:INFO:Creating metrics dataframe
2026-01-29 15:00:45,533:INFO:Uploading results into container
2026-01-29 15:00:45,534:INFO:Uploading model into container now
2026-01-29 15:00:45,536:INFO:_master_model_container: 8
2026-01-29 15:00:45,536:INFO:_display_container: 2
2026-01-29 15:00:45,537:INFO:BayesianRidge()
2026-01-29 15:00:45,537:INFO:create_model() successfully completed......................................
2026-01-29 15:00:45,760:INFO:SubProcess create_model() end ==================================
2026-01-29 15:00:45,760:INFO:Creating metrics dataframe
2026-01-29 15:00:45,778:INFO:Initializing Passive Aggressive Regressor
2026-01-29 15:00:45,779:INFO:Total runtime is 0.24019342263539634 minutes
2026-01-29 15:00:45,800:INFO:SubProcess create_model() called ==================================
2026-01-29 15:00:45,800:INFO:Initializing create_model()
2026-01-29 15:00:45,801:INFO:create_model(self=<pycaret.regression.oop.RegressionExperiment object at 0x7f9d00f832b0>, estimator=par, fold=KFold(n_splits=10, random_state=None, shuffle=False), round=4, cross_validation=True, predict=True, fit_kwargs={}, groups=None, refit=False, probability_threshold=None, experiment_custom_tags=None, verbose=False, system=False, add_to_model_list=True, metrics=None, display=<pycaret.internal.display.display.CommonDisplay object at 0x7f9cf02a8dc0>, model_only=True, return_train_score=False, error_score=0.0, kwargs={})
2026-01-29 15:00:45,801:INFO:Checking exceptions
2026-01-29 15:00:45,801:INFO:Importing libraries
2026-01-29 15:00:45,801:INFO:Copying training dataset
2026-01-29 15:00:45,827:INFO:Defining folds
2026-01-29 15:00:45,829:INFO:Declaring metric variables
2026-01-29 15:00:45,840:INFO:Importing untrained model
2026-01-29 15:00:45,852:INFO:Passive Aggressive Regressor Imported successfully
2026-01-29 15:00:45,874:INFO:Starting cross validation
2026-01-29 15:00:45,876:INFO:Cross validating with KFold(n_splits=10, random_state=None, shuffle=False), n_jobs=-1
2026-01-29 15:00:46,747:INFO:Calculating mean and std
2026-01-29 15:00:46,749:INFO:Creating metrics dataframe
2026-01-29 15:00:46,759:INFO:Uploading results into container
2026-01-29 15:00:46,762:INFO:Uploading model into container now
2026-01-29 15:00:46,768:INFO:_master_model_container: 9
2026-01-29 15:00:46,768:INFO:_display_container: 2
2026-01-29 15:00:46,770:INFO:PassiveAggressiveRegressor(random_state=42)
2026-01-29 15:00:46,770:INFO:create_model() successfully completed......................................
2026-01-29 15:00:47,163:INFO:SubProcess create_model() end ==================================
2026-01-29 15:00:47,163:INFO:Creating metrics dataframe
2026-01-29 15:00:47,197:INFO:Initializing Huber Regressor
2026-01-29 15:00:47,198:INFO:Total runtime is 0.26384446223576863 minutes
2026-01-29 15:00:47,207:INFO:SubProcess create_model() called ==================================
2026-01-29 15:00:47,208:INFO:Initializing create_model()
2026-01-29 15:00:47,208:INFO:create_model(self=<pycaret.regression.oop.RegressionExperiment object at 0x7f9d00f832b0>, estimator=huber, fold=KFold(n_splits=10, random_state=None, shuffle=False), round=4, cross_validation=True, predict=True, fit_kwargs={}, groups=None, refit=False, probability_threshold=None, experiment_custom_tags=None, verbose=False, system=False, add_to_model_list=True, metrics=None, display=<pycaret.internal.display.display.CommonDisplay object at 0x7f9cf02a8dc0>, model_only=True, return_train_score=False, error_score=0.0, kwargs={})
2026-01-29 15:00:47,208:INFO:Checking exceptions
2026-01-29 15:00:47,209:INFO:Importing libraries
2026-01-29 15:00:47,209:INFO:Copying training dataset
2026-01-29 15:00:47,226:INFO:Defining folds
2026-01-29 15:00:47,227:INFO:Declaring metric variables
2026-01-29 15:00:47,236:INFO:Importing untrained model
2026-01-29 15:00:47,245:INFO:Huber Regressor Imported successfully
2026-01-29 15:00:47,264:INFO:Starting cross validation
2026-01-29 15:00:47,267:INFO:Cross validating with KFold(n_splits=10, random_state=None, shuffle=False), n_jobs=-1
2026-01-29 15:00:47,546:WARNING:/home/ilyandho/.local/share/mamba/envs/pycaret/lib/python3.10/site-packages/sklearn/linear_model/_huber.py:342: ConvergenceWarning: lbfgs failed to converge (status=1):
STOP: TOTAL NO. of ITERATIONS REACHED LIMIT.

Increase the number of iterations (max_iter) or scale the data as shown in:
    https://scikit-learn.org/stable/modules/preprocessing.html
  self.n_iter_ = _check_optimize_result("lbfgs", opt_res, self.max_iter)

2026-01-29 15:00:47,693:WARNING:/home/ilyandho/.local/share/mamba/envs/pycaret/lib/python3.10/site-packages/sklearn/linear_model/_huber.py:342: ConvergenceWarning: lbfgs failed to converge (status=1):
STOP: TOTAL NO. of ITERATIONS REACHED LIMIT.

Increase the number of iterations (max_iter) or scale the data as shown in:
    https://scikit-learn.org/stable/modules/preprocessing.html
  self.n_iter_ = _check_optimize_result("lbfgs", opt_res, self.max_iter)

2026-01-29 15:00:47,761:WARNING:/home/ilyandho/.local/share/mamba/envs/pycaret/lib/python3.10/site-packages/sklearn/linear_model/_huber.py:342: ConvergenceWarning: lbfgs failed to converge (status=1):
STOP: TOTAL NO. of ITERATIONS REACHED LIMIT.

Increase the number of iterations (max_iter) or scale the data as shown in:
    https://scikit-learn.org/stable/modules/preprocessing.html
  self.n_iter_ = _check_optimize_result("lbfgs", opt_res, self.max_iter)

2026-01-29 15:00:47,764:WARNING:/home/ilyandho/.local/share/mamba/envs/pycaret/lib/python3.10/site-packages/sklearn/linear_model/_huber.py:342: ConvergenceWarning: lbfgs failed to converge (status=1):
STOP: TOTAL NO. of ITERATIONS REACHED LIMIT.

Increase the number of iterations (max_iter) or scale the data as shown in:
    https://scikit-learn.org/stable/modules/preprocessing.html
  self.n_iter_ = _check_optimize_result("lbfgs", opt_res, self.max_iter)

2026-01-29 15:00:47,877:WARNING:/home/ilyandho/.local/share/mamba/envs/pycaret/lib/python3.10/site-packages/sklearn/linear_model/_huber.py:342: ConvergenceWarning: lbfgs failed to converge (status=1):
STOP: TOTAL NO. of ITERATIONS REACHED LIMIT.

Increase the number of iterations (max_iter) or scale the data as shown in:
    https://scikit-learn.org/stable/modules/preprocessing.html
  self.n_iter_ = _check_optimize_result("lbfgs", opt_res, self.max_iter)

2026-01-29 15:00:47,899:WARNING:/home/ilyandho/.local/share/mamba/envs/pycaret/lib/python3.10/site-packages/sklearn/linear_model/_huber.py:342: ConvergenceWarning: lbfgs failed to converge (status=1):
STOP: TOTAL NO. of ITERATIONS REACHED LIMIT.

Increase the number of iterations (max_iter) or scale the data as shown in:
    https://scikit-learn.org/stable/modules/preprocessing.html
  self.n_iter_ = _check_optimize_result("lbfgs", opt_res, self.max_iter)

2026-01-29 15:00:48,032:WARNING:/home/ilyandho/.local/share/mamba/envs/pycaret/lib/python3.10/site-packages/sklearn/linear_model/_huber.py:342: ConvergenceWarning: lbfgs failed to converge (status=1):
STOP: TOTAL NO. of ITERATIONS REACHED LIMIT.

Increase the number of iterations (max_iter) or scale the data as shown in:
    https://scikit-learn.org/stable/modules/preprocessing.html
  self.n_iter_ = _check_optimize_result("lbfgs", opt_res, self.max_iter)

2026-01-29 15:00:48,049:WARNING:/home/ilyandho/.local/share/mamba/envs/pycaret/lib/python3.10/site-packages/sklearn/linear_model/_huber.py:342: ConvergenceWarning: lbfgs failed to converge (status=1):
STOP: TOTAL NO. of ITERATIONS REACHED LIMIT.

Increase the number of iterations (max_iter) or scale the data as shown in:
    https://scikit-learn.org/stable/modules/preprocessing.html
  self.n_iter_ = _check_optimize_result("lbfgs", opt_res, self.max_iter)

2026-01-29 15:00:48,174:WARNING:/home/ilyandho/.local/share/mamba/envs/pycaret/lib/python3.10/site-packages/sklearn/linear_model/_huber.py:342: ConvergenceWarning: lbfgs failed to converge (status=1):
STOP: TOTAL NO. of ITERATIONS REACHED LIMIT.

Increase the number of iterations (max_iter) or scale the data as shown in:
    https://scikit-learn.org/stable/modules/preprocessing.html
  self.n_iter_ = _check_optimize_result("lbfgs", opt_res, self.max_iter)

2026-01-29 15:00:48,345:WARNING:/home/ilyandho/.local/share/mamba/envs/pycaret/lib/python3.10/site-packages/sklearn/linear_model/_huber.py:342: ConvergenceWarning: lbfgs failed to converge (status=1):
STOP: TOTAL NO. of ITERATIONS REACHED LIMIT.

Increase the number of iterations (max_iter) or scale the data as shown in:
    https://scikit-learn.org/stable/modules/preprocessing.html
  self.n_iter_ = _check_optimize_result("lbfgs", opt_res, self.max_iter)

2026-01-29 15:00:48,386:INFO:Calculating mean and std
2026-01-29 15:00:48,387:INFO:Creating metrics dataframe
2026-01-29 15:00:48,390:INFO:Uploading results into container
2026-01-29 15:00:48,391:INFO:Uploading model into container now
2026-01-29 15:00:48,392:INFO:_master_model_container: 10
2026-01-29 15:00:48,392:INFO:_display_container: 2
2026-01-29 15:00:48,393:INFO:HuberRegressor()
2026-01-29 15:00:48,393:INFO:create_model() successfully completed......................................
2026-01-29 15:00:48,596:INFO:SubProcess create_model() end ==================================
2026-01-29 15:00:48,596:INFO:Creating metrics dataframe
2026-01-29 15:00:48,609:INFO:Initializing K Neighbors Regressor
2026-01-29 15:00:48,609:INFO:Total runtime is 0.2873624563217163 minutes
2026-01-29 15:00:48,617:INFO:SubProcess create_model() called ==================================
2026-01-29 15:00:48,617:INFO:Initializing create_model()
2026-01-29 15:00:48,617:INFO:create_model(self=<pycaret.regression.oop.RegressionExperiment object at 0x7f9d00f832b0>, estimator=knn, fold=KFold(n_splits=10, random_state=None, shuffle=False), round=4, cross_validation=True, predict=True, fit_kwargs={}, groups=None, refit=False, probability_threshold=None, experiment_custom_tags=None, verbose=False, system=False, add_to_model_list=True, metrics=None, display=<pycaret.internal.display.display.CommonDisplay object at 0x7f9cf02a8dc0>, model_only=True, return_train_score=False, error_score=0.0, kwargs={})
2026-01-29 15:00:48,617:INFO:Checking exceptions
2026-01-29 15:00:48,617:INFO:Importing libraries
2026-01-29 15:00:48,617:INFO:Copying training dataset
2026-01-29 15:00:48,630:INFO:Defining folds
2026-01-29 15:00:48,630:INFO:Declaring metric variables
2026-01-29 15:00:48,643:INFO:Importing untrained model
2026-01-29 15:00:48,656:INFO:K Neighbors Regressor Imported successfully
2026-01-29 15:00:48,678:INFO:Starting cross validation
2026-01-29 15:00:48,681:INFO:Cross validating with KFold(n_splits=10, random_state=None, shuffle=False), n_jobs=-1
2026-01-29 15:00:49,320:INFO:Calculating mean and std
2026-01-29 15:00:49,324:INFO:Creating metrics dataframe
2026-01-29 15:00:49,330:INFO:Uploading results into container
2026-01-29 15:00:49,332:INFO:Uploading model into container now
2026-01-29 15:00:49,333:INFO:_master_model_container: 11
2026-01-29 15:00:49,333:INFO:_display_container: 2
2026-01-29 15:00:49,333:INFO:KNeighborsRegressor(n_jobs=-1)
2026-01-29 15:00:49,334:INFO:create_model() successfully completed......................................
2026-01-29 15:00:49,686:INFO:SubProcess create_model() end ==================================
2026-01-29 15:00:49,686:INFO:Creating metrics dataframe
2026-01-29 15:00:49,715:INFO:Initializing Decision Tree Regressor
2026-01-29 15:00:49,716:INFO:Total runtime is 0.30580868721008303 minutes
2026-01-29 15:00:49,728:INFO:SubProcess create_model() called ==================================
2026-01-29 15:00:49,729:INFO:Initializing create_model()
2026-01-29 15:00:49,729:INFO:create_model(self=<pycaret.regression.oop.RegressionExperiment object at 0x7f9d00f832b0>, estimator=dt, fold=KFold(n_splits=10, random_state=None, shuffle=False), round=4, cross_validation=True, predict=True, fit_kwargs={}, groups=None, refit=False, probability_threshold=None, experiment_custom_tags=None, verbose=False, system=False, add_to_model_list=True, metrics=None, display=<pycaret.internal.display.display.CommonDisplay object at 0x7f9cf02a8dc0>, model_only=True, return_train_score=False, error_score=0.0, kwargs={})
2026-01-29 15:00:49,729:INFO:Checking exceptions
2026-01-29 15:00:49,729:INFO:Importing libraries
2026-01-29 15:00:49,729:INFO:Copying training dataset
2026-01-29 15:00:49,746:INFO:Defining folds
2026-01-29 15:00:49,747:INFO:Declaring metric variables
2026-01-29 15:00:49,758:INFO:Importing untrained model
2026-01-29 15:00:49,771:INFO:Decision Tree Regressor Imported successfully
2026-01-29 15:00:49,790:INFO:Starting cross validation
2026-01-29 15:00:49,793:INFO:Cross validating with KFold(n_splits=10, random_state=None, shuffle=False), n_jobs=-1
2026-01-29 15:00:50,236:INFO:Calculating mean and std
2026-01-29 15:00:50,240:INFO:Creating metrics dataframe
2026-01-29 15:00:50,243:INFO:Uploading results into container
2026-01-29 15:00:50,245:INFO:Uploading model into container now
2026-01-29 15:00:50,246:INFO:_master_model_container: 12
2026-01-29 15:00:50,246:INFO:_display_container: 2
2026-01-29 15:00:50,247:INFO:DecisionTreeRegressor(random_state=42)
2026-01-29 15:00:50,247:INFO:create_model() successfully completed......................................
2026-01-29 15:00:50,448:INFO:SubProcess create_model() end ==================================
2026-01-29 15:00:50,449:INFO:Creating metrics dataframe
2026-01-29 15:00:50,469:INFO:Initializing Random Forest Regressor
2026-01-29 15:00:50,469:INFO:Total runtime is 0.3183711290359497 minutes
2026-01-29 15:00:50,479:INFO:SubProcess create_model() called ==================================
2026-01-29 15:00:50,480:INFO:Initializing create_model()
2026-01-29 15:00:50,480:INFO:create_model(self=<pycaret.regression.oop.RegressionExperiment object at 0x7f9d00f832b0>, estimator=rf, fold=KFold(n_splits=10, random_state=None, shuffle=False), round=4, cross_validation=True, predict=True, fit_kwargs={}, groups=None, refit=False, probability_threshold=None, experiment_custom_tags=None, verbose=False, system=False, add_to_model_list=True, metrics=None, display=<pycaret.internal.display.display.CommonDisplay object at 0x7f9cf02a8dc0>, model_only=True, return_train_score=False, error_score=0.0, kwargs={})
2026-01-29 15:00:50,480:INFO:Checking exceptions
2026-01-29 15:00:50,481:INFO:Importing libraries
2026-01-29 15:00:50,481:INFO:Copying training dataset
2026-01-29 15:00:50,497:INFO:Defining folds
2026-01-29 15:00:50,498:INFO:Declaring metric variables
2026-01-29 15:00:50,507:INFO:Importing untrained model
2026-01-29 15:00:50,520:INFO:Random Forest Regressor Imported successfully
2026-01-29 15:00:50,541:INFO:Starting cross validation
2026-01-29 15:00:50,543:INFO:Cross validating with KFold(n_splits=10, random_state=None, shuffle=False), n_jobs=-1
2026-01-29 15:00:55,148:INFO:Calculating mean and std
2026-01-29 15:00:55,154:INFO:Creating metrics dataframe
2026-01-29 15:00:55,157:INFO:Uploading results into container
2026-01-29 15:00:55,159:INFO:Uploading model into container now
2026-01-29 15:00:55,161:INFO:_master_model_container: 13
2026-01-29 15:00:55,161:INFO:_display_container: 2
2026-01-29 15:00:55,162:INFO:RandomForestRegressor(n_jobs=-1, random_state=42)
2026-01-29 15:00:55,163:INFO:create_model() successfully completed......................................
2026-01-29 15:00:55,413:INFO:SubProcess create_model() end ==================================
2026-01-29 15:00:55,413:INFO:Creating metrics dataframe
2026-01-29 15:00:55,441:INFO:Initializing Extra Trees Regressor
2026-01-29 15:00:55,442:INFO:Total runtime is 0.4012447555859884 minutes
2026-01-29 15:00:55,454:INFO:SubProcess create_model() called ==================================
2026-01-29 15:00:55,454:INFO:Initializing create_model()
2026-01-29 15:00:55,454:INFO:create_model(self=<pycaret.regression.oop.RegressionExperiment object at 0x7f9d00f832b0>, estimator=et, fold=KFold(n_splits=10, random_state=None, shuffle=False), round=4, cross_validation=True, predict=True, fit_kwargs={}, groups=None, refit=False, probability_threshold=None, experiment_custom_tags=None, verbose=False, system=False, add_to_model_list=True, metrics=None, display=<pycaret.internal.display.display.CommonDisplay object at 0x7f9cf02a8dc0>, model_only=True, return_train_score=False, error_score=0.0, kwargs={})
2026-01-29 15:00:55,455:INFO:Checking exceptions
2026-01-29 15:00:55,455:INFO:Importing libraries
2026-01-29 15:00:55,455:INFO:Copying training dataset
2026-01-29 15:00:55,476:INFO:Defining folds
2026-01-29 15:00:55,476:INFO:Declaring metric variables
2026-01-29 15:00:55,488:INFO:Importing untrained model
2026-01-29 15:00:55,504:INFO:Extra Trees Regressor Imported successfully
2026-01-29 15:00:55,532:INFO:Starting cross validation
2026-01-29 15:00:55,534:INFO:Cross validating with KFold(n_splits=10, random_state=None, shuffle=False), n_jobs=-1
2026-01-29 15:00:58,145:INFO:Calculating mean and std
2026-01-29 15:00:58,148:INFO:Creating metrics dataframe
2026-01-29 15:00:58,155:INFO:Uploading results into container
2026-01-29 15:00:58,156:INFO:Uploading model into container now
2026-01-29 15:00:58,158:INFO:_master_model_container: 14
2026-01-29 15:00:58,159:INFO:_display_container: 2
2026-01-29 15:00:58,160:INFO:ExtraTreesRegressor(n_jobs=-1, random_state=42)
2026-01-29 15:00:58,160:INFO:create_model() successfully completed......................................
2026-01-29 15:00:58,414:INFO:SubProcess create_model() end ==================================
2026-01-29 15:00:58,415:INFO:Creating metrics dataframe
2026-01-29 15:00:58,441:INFO:Initializing AdaBoost Regressor
2026-01-29 15:00:58,442:INFO:Total runtime is 0.4512417157491048 minutes
2026-01-29 15:00:58,451:INFO:SubProcess create_model() called ==================================
2026-01-29 15:00:58,452:INFO:Initializing create_model()
2026-01-29 15:00:58,452:INFO:create_model(self=<pycaret.regression.oop.RegressionExperiment object at 0x7f9d00f832b0>, estimator=ada, fold=KFold(n_splits=10, random_state=None, shuffle=False), round=4, cross_validation=True, predict=True, fit_kwargs={}, groups=None, refit=False, probability_threshold=None, experiment_custom_tags=None, verbose=False, system=False, add_to_model_list=True, metrics=None, display=<pycaret.internal.display.display.CommonDisplay object at 0x7f9cf02a8dc0>, model_only=True, return_train_score=False, error_score=0.0, kwargs={})
2026-01-29 15:00:58,452:INFO:Checking exceptions
2026-01-29 15:00:58,452:INFO:Importing libraries
2026-01-29 15:00:58,452:INFO:Copying training dataset
2026-01-29 15:00:58,472:INFO:Defining folds
2026-01-29 15:00:58,473:INFO:Declaring metric variables
2026-01-29 15:00:58,487:INFO:Importing untrained model
2026-01-29 15:00:58,501:INFO:AdaBoost Regressor Imported successfully
2026-01-29 15:00:58,528:INFO:Starting cross validation
2026-01-29 15:00:58,531:INFO:Cross validating with KFold(n_splits=10, random_state=None, shuffle=False), n_jobs=-1
2026-01-29 15:00:59,719:INFO:Calculating mean and std
2026-01-29 15:00:59,721:INFO:Creating metrics dataframe
2026-01-29 15:00:59,727:INFO:Uploading results into container
2026-01-29 15:00:59,729:INFO:Uploading model into container now
2026-01-29 15:00:59,730:INFO:_master_model_container: 15
2026-01-29 15:00:59,730:INFO:_display_container: 2
2026-01-29 15:00:59,731:INFO:AdaBoostRegressor(random_state=42)
2026-01-29 15:00:59,731:INFO:create_model() successfully completed......................................
2026-01-29 15:01:00,026:INFO:SubProcess create_model() end ==================================
2026-01-29 15:01:00,026:INFO:Creating metrics dataframe
2026-01-29 15:01:00,048:INFO:Initializing Gradient Boosting Regressor
2026-01-29 15:01:00,049:INFO:Total runtime is 0.47802847623825073 minutes
2026-01-29 15:01:00,059:INFO:SubProcess create_model() called ==================================
2026-01-29 15:01:00,059:INFO:Initializing create_model()
2026-01-29 15:01:00,060:INFO:create_model(self=<pycaret.regression.oop.RegressionExperiment object at 0x7f9d00f832b0>, estimator=gbr, fold=KFold(n_splits=10, random_state=None, shuffle=False), round=4, cross_validation=True, predict=True, fit_kwargs={}, groups=None, refit=False, probability_threshold=None, experiment_custom_tags=None, verbose=False, system=False, add_to_model_list=True, metrics=None, display=<pycaret.internal.display.display.CommonDisplay object at 0x7f9cf02a8dc0>, model_only=True, return_train_score=False, error_score=0.0, kwargs={})
2026-01-29 15:01:00,060:INFO:Checking exceptions
2026-01-29 15:01:00,060:INFO:Importing libraries
2026-01-29 15:01:00,060:INFO:Copying training dataset
2026-01-29 15:01:00,078:INFO:Defining folds
2026-01-29 15:01:00,079:INFO:Declaring metric variables
2026-01-29 15:01:00,088:INFO:Importing untrained model
2026-01-29 15:01:00,099:INFO:Gradient Boosting Regressor Imported successfully
2026-01-29 15:01:00,119:INFO:Starting cross validation
2026-01-29 15:01:00,121:INFO:Cross validating with KFold(n_splits=10, random_state=None, shuffle=False), n_jobs=-1
2026-01-29 15:01:01,793:INFO:Calculating mean and std
2026-01-29 15:01:01,795:INFO:Creating metrics dataframe
2026-01-29 15:01:01,803:INFO:Uploading results into container
2026-01-29 15:01:01,807:INFO:Uploading model into container now
2026-01-29 15:01:01,810:INFO:_master_model_container: 16
2026-01-29 15:01:01,810:INFO:_display_container: 2
2026-01-29 15:01:01,811:INFO:GradientBoostingRegressor(random_state=42)
2026-01-29 15:01:01,811:INFO:create_model() successfully completed......................................
2026-01-29 15:01:02,029:INFO:SubProcess create_model() end ==================================
2026-01-29 15:01:02,030:INFO:Creating metrics dataframe
2026-01-29 15:01:02,045:INFO:Initializing Extreme Gradient Boosting
2026-01-29 15:01:02,045:INFO:Total runtime is 0.5112997531890869 minutes
2026-01-29 15:01:02,057:INFO:SubProcess create_model() called ==================================
2026-01-29 15:01:02,058:INFO:Initializing create_model()
2026-01-29 15:01:02,058:INFO:create_model(self=<pycaret.regression.oop.RegressionExperiment object at 0x7f9d00f832b0>, estimator=xgboost, fold=KFold(n_splits=10, random_state=None, shuffle=False), round=4, cross_validation=True, predict=True, fit_kwargs={}, groups=None, refit=False, probability_threshold=None, experiment_custom_tags=None, verbose=False, system=False, add_to_model_list=True, metrics=None, display=<pycaret.internal.display.display.CommonDisplay object at 0x7f9cf02a8dc0>, model_only=True, return_train_score=False, error_score=0.0, kwargs={})
2026-01-29 15:01:02,058:INFO:Checking exceptions
2026-01-29 15:01:02,058:INFO:Importing libraries
2026-01-29 15:01:02,058:INFO:Copying training dataset
2026-01-29 15:01:02,072:INFO:Defining folds
2026-01-29 15:01:02,072:INFO:Declaring metric variables
2026-01-29 15:01:02,083:INFO:Importing untrained model
2026-01-29 15:01:02,094:INFO:Extreme Gradient Boosting Imported successfully
2026-01-29 15:01:02,111:INFO:Starting cross validation
2026-01-29 15:01:02,113:INFO:Cross validating with KFold(n_splits=10, random_state=None, shuffle=False), n_jobs=-1
2026-01-29 15:01:07,440:INFO:Calculating mean and std
2026-01-29 15:01:07,442:INFO:Creating metrics dataframe
2026-01-29 15:01:07,444:INFO:Uploading results into container
2026-01-29 15:01:07,444:INFO:Uploading model into container now
2026-01-29 15:01:07,445:INFO:_master_model_container: 17
2026-01-29 15:01:07,445:INFO:_display_container: 2
2026-01-29 15:01:07,446:INFO:XGBRegressor(base_score=None, booster='gbtree', callbacks=None,
             colsample_bylevel=None, colsample_bynode=None,
             colsample_bytree=None, device='cpu', early_stopping_rounds=None,
             enable_categorical=False, eval_metric=None, feature_types=None,
             feature_weights=None, gamma=None, grow_policy=None,
             importance_type=None, interaction_constraints=None,
             learning_rate=None, max_bin=None, max_cat_threshold=None,
             max_cat_to_onehot=None, max_delta_step=None, max_depth=None,
             max_leaves=None, min_child_weight=None, missing=nan,
             monotone_constraints=None, multi_strategy=None, n_estimators=None,
             n_jobs=-1, num_parallel_tree=None, ...)
2026-01-29 15:01:07,447:INFO:create_model() successfully completed......................................
2026-01-29 15:01:07,624:INFO:SubProcess create_model() end ==================================
2026-01-29 15:01:07,624:INFO:Creating metrics dataframe
2026-01-29 15:01:07,644:INFO:Initializing Light Gradient Boosting Machine
2026-01-29 15:01:07,644:INFO:Total runtime is 0.6046227415402731 minutes
2026-01-29 15:01:07,652:INFO:SubProcess create_model() called ==================================
2026-01-29 15:01:07,653:INFO:Initializing create_model()
2026-01-29 15:01:07,653:INFO:create_model(self=<pycaret.regression.oop.RegressionExperiment object at 0x7f9d00f832b0>, estimator=lightgbm, fold=KFold(n_splits=10, random_state=None, shuffle=False), round=4, cross_validation=True, predict=True, fit_kwargs={}, groups=None, refit=False, probability_threshold=None, experiment_custom_tags=None, verbose=False, system=False, add_to_model_list=True, metrics=None, display=<pycaret.internal.display.display.CommonDisplay object at 0x7f9cf02a8dc0>, model_only=True, return_train_score=False, error_score=0.0, kwargs={})
2026-01-29 15:01:07,653:INFO:Checking exceptions
2026-01-29 15:01:07,653:INFO:Importing libraries
2026-01-29 15:01:07,653:INFO:Copying training dataset
2026-01-29 15:01:07,667:INFO:Defining folds
2026-01-29 15:01:07,668:INFO:Declaring metric variables
2026-01-29 15:01:07,680:INFO:Importing untrained model
2026-01-29 15:01:07,698:INFO:Light Gradient Boosting Machine Imported successfully
2026-01-29 15:01:07,728:INFO:Starting cross validation
2026-01-29 15:01:07,730:INFO:Cross validating with KFold(n_splits=10, random_state=None, shuffle=False), n_jobs=-1
2026-01-29 15:01:18,135:INFO:Calculating mean and std
2026-01-29 15:01:18,137:INFO:Creating metrics dataframe
2026-01-29 15:01:18,140:INFO:Uploading results into container
2026-01-29 15:01:18,141:INFO:Uploading model into container now
2026-01-29 15:01:18,146:INFO:_master_model_container: 18
2026-01-29 15:01:18,147:INFO:_display_container: 2
2026-01-29 15:01:18,148:INFO:LGBMRegressor(n_jobs=-1, random_state=42)
2026-01-29 15:01:18,151:INFO:create_model() successfully completed......................................
2026-01-29 15:01:18,388:INFO:SubProcess create_model() end ==================================
2026-01-29 15:01:18,389:INFO:Creating metrics dataframe
2026-01-29 15:01:18,411:INFO:Initializing Dummy Regressor
2026-01-29 15:01:18,415:INFO:Total runtime is 0.7841370383898417 minutes
2026-01-29 15:01:18,442:INFO:SubProcess create_model() called ==================================
2026-01-29 15:01:18,443:INFO:Initializing create_model()
2026-01-29 15:01:18,444:INFO:create_model(self=<pycaret.regression.oop.RegressionExperiment object at 0x7f9d00f832b0>, estimator=dummy, fold=KFold(n_splits=10, random_state=None, shuffle=False), round=4, cross_validation=True, predict=True, fit_kwargs={}, groups=None, refit=False, probability_threshold=None, experiment_custom_tags=None, verbose=False, system=False, add_to_model_list=True, metrics=None, display=<pycaret.internal.display.display.CommonDisplay object at 0x7f9cf02a8dc0>, model_only=True, return_train_score=False, error_score=0.0, kwargs={})
2026-01-29 15:01:18,444:INFO:Checking exceptions
2026-01-29 15:01:18,444:INFO:Importing libraries
2026-01-29 15:01:18,444:INFO:Copying training dataset
2026-01-29 15:01:18,462:INFO:Defining folds
2026-01-29 15:01:18,462:INFO:Declaring metric variables
2026-01-29 15:01:18,491:INFO:Importing untrained model
2026-01-29 15:01:18,524:INFO:Dummy Regressor Imported successfully
2026-01-29 15:01:18,556:INFO:Starting cross validation
2026-01-29 15:01:18,559:INFO:Cross validating with KFold(n_splits=10, random_state=None, shuffle=False), n_jobs=-1
2026-01-29 15:01:19,000:INFO:Calculating mean and std
2026-01-29 15:01:19,003:INFO:Creating metrics dataframe
2026-01-29 15:01:19,008:INFO:Uploading results into container
2026-01-29 15:01:19,009:INFO:Uploading model into container now
2026-01-29 15:01:19,009:INFO:_master_model_container: 19
2026-01-29 15:01:19,010:INFO:_display_container: 2
2026-01-29 15:01:19,010:INFO:DummyRegressor()
2026-01-29 15:01:19,010:INFO:create_model() successfully completed......................................
2026-01-29 15:01:19,219:INFO:SubProcess create_model() end ==================================
2026-01-29 15:01:19,219:INFO:Creating metrics dataframe
2026-01-29 15:01:19,245:WARNING:/home/ilyandho/.local/share/mamba/envs/pycaret/lib/python3.10/site-packages/pycaret/internal/pycaret_experiment/supervised_experiment.py:323: FutureWarning: Styler.applymap has been deprecated. Use Styler.map instead.
  master_display_.apply(

2026-01-29 15:01:19,272:INFO:Initializing create_model()
2026-01-29 15:01:19,272:INFO:create_model(self=<pycaret.regression.oop.RegressionExperiment object at 0x7f9d00f832b0>, estimator=LinearRegression(n_jobs=-1), fold=KFold(n_splits=10, random_state=None, shuffle=False), round=4, cross_validation=False, predict=False, fit_kwargs={}, groups=None, refit=True, probability_threshold=None, experiment_custom_tags=None, verbose=False, system=False, add_to_model_list=True, metrics=None, display=None, model_only=True, return_train_score=False, error_score=0.0, kwargs={})
2026-01-29 15:01:19,272:INFO:Checking exceptions
2026-01-29 15:01:19,275:INFO:Importing libraries
2026-01-29 15:01:19,276:INFO:Copying training dataset
2026-01-29 15:01:19,293:INFO:Defining folds
2026-01-29 15:01:19,293:INFO:Declaring metric variables
2026-01-29 15:01:19,294:INFO:Importing untrained model
2026-01-29 15:01:19,294:INFO:Declaring custom model
2026-01-29 15:01:19,294:INFO:Linear Regression Imported successfully
2026-01-29 15:01:19,296:INFO:Cross validation set to False
2026-01-29 15:01:19,296:INFO:Fitting Model
2026-01-29 15:01:19,349:INFO:LinearRegression(n_jobs=-1)
2026-01-29 15:01:19,349:INFO:create_model() successfully completed......................................
2026-01-29 15:01:19,625:INFO:_master_model_container: 19
2026-01-29 15:01:19,625:INFO:_display_container: 2
2026-01-29 15:01:19,626:INFO:LinearRegression(n_jobs=-1)
2026-01-29 15:01:19,626:INFO:compare_models() successfully completed......................................
2026-01-29 15:01:19,627:INFO:Initializing evaluate_model()
2026-01-29 15:01:19,628:INFO:evaluate_model(self=<pycaret.regression.oop.RegressionExperiment object at 0x7f9d00f832b0>, estimator=LinearRegression(n_jobs=-1), fold=None, fit_kwargs=None, plot_kwargs=None, feature_name=None, groups=None)
2026-01-29 15:01:19,650:INFO:Initializing plot_model()
2026-01-29 15:01:19,650:INFO:plot_model(plot=pipeline, fold=KFold(n_splits=10, random_state=None, shuffle=False), verbose=False, display=None, display_format=None, estimator=LinearRegression(n_jobs=-1), feature_name=None, fit_kwargs={}, groups=None, label=False, plot_kwargs=None, save=False, scale=1, self=<pycaret.regression.oop.RegressionExperiment object at 0x7f9d00f832b0>, system=True)
2026-01-29 15:01:19,650:INFO:Checking exceptions
2026-01-29 15:01:19,657:INFO:Preloading libraries
2026-01-29 15:01:19,658:INFO:Copying training dataset
2026-01-29 15:01:19,658:INFO:Plot type: pipeline
2026-01-29 15:01:19,849:INFO:Visual Rendered Successfully
2026-01-29 15:01:20,075:INFO:plot_model() successfully completed......................................
2026-01-29 15:01:20,080:INFO:Initializing plot_model()
2026-01-29 15:01:20,080:INFO:plot_model(plot=feature, fold=None, verbose=True, display=None, display_format=None, estimator=LinearRegression(n_jobs=-1), feature_name=None, fit_kwargs=None, groups=None, label=False, plot_kwargs=None, save=False, scale=1, self=<pycaret.regression.oop.RegressionExperiment object at 0x7f9d00f832b0>, system=True)
2026-01-29 15:01:20,081:INFO:Checking exceptions
2026-01-29 15:01:20,088:INFO:Preloading libraries
2026-01-29 15:01:20,089:INFO:Copying training dataset
2026-01-29 15:01:20,089:INFO:Plot type: feature
2026-01-29 15:01:20,633:INFO:Visual Rendered Successfully
2026-01-29 15:01:20,854:INFO:plot_model() successfully completed......................................
2026-01-29 16:40:33,752:INFO:PyCaret RegressionExperiment
2026-01-29 16:40:33,752:INFO:Logging name: reg-default-name
2026-01-29 16:40:33,752:INFO:ML Usecase: MLUsecase.REGRESSION
2026-01-29 16:40:33,752:INFO:version 3.3.2
2026-01-29 16:40:33,752:INFO:Initializing setup()
2026-01-29 16:40:33,753:INFO:self.USI: 2b95
2026-01-29 16:40:33,753:INFO:self._variable_keys: {'data', '_available_plots', 'pipeline', 'fold_groups_param', 'logging_param', 'target_param', 'y_train', 'n_jobs_param', 'fold_generator', 'memory', 'exp_name_log', 'y_test', 'transform_target_param', 'USI', '_ml_usecase', 'seed', 'gpu_n_jobs_param', 'exp_id', 'X_train', 'fold_shuffle_param', 'X', 'log_plots_param', 'idx', 'X_test', 'y', 'gpu_param', 'html_param'}
2026-01-29 16:40:33,753:INFO:Checking environment
2026-01-29 16:40:33,753:INFO:python_version: 3.10.19
2026-01-29 16:40:33,753:INFO:python_build: ('main', 'Oct 22 2025 22:29:10')
2026-01-29 16:40:33,753:INFO:machine: x86_64
2026-01-29 16:40:33,753:INFO:platform: Linux-6.18.3-arch1-1-x86_64-with-glibc2.42
2026-01-29 16:40:33,753:INFO:Memory: svmem(total=16650223616, available=6543138816, percent=60.7, used=10107084800, free=521801728, active=9973592064, inactive=4387119104, buffers=171110400, cached=7037419520, shared=841633792, slab=622600192)
2026-01-29 16:40:33,754:INFO:Physical Core: 2
2026-01-29 16:40:33,754:INFO:Logical Core: 4
2026-01-29 16:40:33,754:INFO:Checking libraries
2026-01-29 16:40:33,754:INFO:System:
2026-01-29 16:40:33,754:INFO:    python: 3.10.19 | packaged by conda-forge | (main, Oct 22 2025, 22:29:10) [GCC 14.3.0]
2026-01-29 16:40:33,755:INFO:executable: /home/ilyandho/.local/share/mamba/envs/pycaret/bin/python
2026-01-29 16:40:33,755:INFO:   machine: Linux-6.18.3-arch1-1-x86_64-with-glibc2.42
2026-01-29 16:40:33,755:INFO:PyCaret required dependencies:
2026-01-29 16:40:33,755:INFO:                 pip: 25.3
2026-01-29 16:40:33,755:INFO:          setuptools: 80.9.0
2026-01-29 16:40:33,755:INFO:             pycaret: 3.3.2
2026-01-29 16:40:33,755:INFO:             IPython: 8.37.0
2026-01-29 16:40:33,755:INFO:          ipywidgets: 8.1.8
2026-01-29 16:40:33,755:INFO:                tqdm: 4.67.1
2026-01-29 16:40:33,755:INFO:               numpy: 1.26.4
2026-01-29 16:40:33,756:INFO:              pandas: 2.1.4
2026-01-29 16:40:33,756:INFO:              jinja2: 3.1.6
2026-01-29 16:40:33,756:INFO:               scipy: 1.11.4
2026-01-29 16:40:33,756:INFO:              joblib: 1.3.2
2026-01-29 16:40:33,756:INFO:             sklearn: 1.4.2
2026-01-29 16:40:33,756:INFO:                pyod: 2.0.6
2026-01-29 16:40:33,756:INFO:            imblearn: 0.14.1
2026-01-29 16:40:33,756:INFO:   category_encoders: 2.7.0
2026-01-29 16:40:33,756:INFO:            lightgbm: 4.6.0
2026-01-29 16:40:33,756:INFO:               numba: 0.63.1
2026-01-29 16:40:33,756:INFO:            requests: 2.32.5
2026-01-29 16:40:33,756:INFO:          matplotlib: 3.10.8
2026-01-29 16:40:33,756:INFO:          scikitplot: 0.3.7
2026-01-29 16:40:33,756:INFO:         yellowbrick: 1.5
2026-01-29 16:40:33,756:INFO:              plotly: 6.5.0
2026-01-29 16:40:33,756:INFO:    plotly-resampler: Not installed
2026-01-29 16:40:33,756:INFO:             kaleido: 0.2.1
2026-01-29 16:40:33,757:INFO:           schemdraw: 0.15
2026-01-29 16:40:33,757:INFO:         statsmodels: 0.14.6
2026-01-29 16:40:33,757:INFO:              sktime: 0.26.0
2026-01-29 16:40:33,757:INFO:               tbats: 1.1.3
2026-01-29 16:40:33,757:INFO:            pmdarima: 2.0.4
2026-01-29 16:40:33,757:INFO:              psutil: 7.2.1
2026-01-29 16:40:33,757:INFO:          markupsafe: 3.0.3
2026-01-29 16:40:33,757:INFO:             pickle5: Not installed
2026-01-29 16:40:33,757:INFO:         cloudpickle: 3.1.2
2026-01-29 16:40:33,757:INFO:         deprecation: 2.1.0
2026-01-29 16:40:33,757:INFO:              xxhash: 3.6.0
2026-01-29 16:40:33,758:INFO:           wurlitzer: 3.1.1
2026-01-29 16:40:33,758:INFO:PyCaret optional dependencies:
2026-01-29 16:40:33,758:INFO:                shap: Not installed
2026-01-29 16:40:33,758:INFO:           interpret: Not installed
2026-01-29 16:40:33,759:INFO:                umap: 0.5.9.post2
2026-01-29 16:40:33,759:INFO:     ydata_profiling: Not installed
2026-01-29 16:40:33,759:INFO:  explainerdashboard: Not installed
2026-01-29 16:40:33,759:INFO:             autoviz: Not installed
2026-01-29 16:40:33,759:INFO:           fairlearn: Not installed
2026-01-29 16:40:33,759:INFO:          deepchecks: Not installed
2026-01-29 16:40:33,759:INFO:             xgboost: 3.1.3
2026-01-29 16:40:33,759:INFO:            catboost: Not installed
2026-01-29 16:40:33,759:INFO:              kmodes: Not installed
2026-01-29 16:40:33,759:INFO:             mlxtend: Not installed
2026-01-29 16:40:33,759:INFO:       statsforecast: Not installed
2026-01-29 16:40:33,759:INFO:        tune_sklearn: Not installed
2026-01-29 16:40:33,759:INFO:                 ray: Not installed
2026-01-29 16:40:33,760:INFO:            hyperopt: Not installed
2026-01-29 16:40:33,760:INFO:              optuna: Not installed
2026-01-29 16:40:33,760:INFO:               skopt: Not installed
2026-01-29 16:40:33,760:INFO:              mlflow: Not installed
2026-01-29 16:40:33,760:INFO:              gradio: Not installed
2026-01-29 16:40:33,760:INFO:             fastapi: Not installed
2026-01-29 16:40:33,760:INFO:             uvicorn: Not installed
2026-01-29 16:40:33,760:INFO:              m2cgen: Not installed
2026-01-29 16:40:33,760:INFO:           evidently: Not installed
2026-01-29 16:40:33,760:INFO:               fugue: Not installed
2026-01-29 16:40:33,760:INFO:           streamlit: Not installed
2026-01-29 16:40:33,760:INFO:             prophet: Not installed
2026-01-29 16:40:33,760:INFO:None
2026-01-29 16:40:33,760:INFO:Set up data.
2026-01-29 16:40:33,961:INFO:Set up folding strategy.
2026-01-29 16:40:33,961:INFO:Set up train/test split.
2026-01-29 16:40:34,056:INFO:Set up index.
2026-01-29 16:40:34,059:INFO:Assigning column types.
2026-01-29 16:40:34,459:INFO:Engine successfully changes for model 'lr' to 'sklearn'.
2026-01-29 16:40:34,459:INFO:Engine for model 'lasso' has not been set explicitly, hence returning None.
2026-01-29 16:40:34,464:INFO:Engine for model 'ridge' has not been set explicitly, hence returning None.
2026-01-29 16:40:34,468:INFO:Engine for model 'en' has not been set explicitly, hence returning None.
2026-01-29 16:40:34,583:INFO:Engine for model 'svm' has not been set explicitly, hence returning None.
2026-01-29 16:40:34,634:INFO:Engine for model 'knn' has not been set explicitly, hence returning None.
2026-01-29 16:40:34,634:INFO:Soft dependency imported: xgboost: 3.1.3
2026-01-29 16:40:34,639:WARNING:
'catboost' is a soft dependency and not included in the pycaret installation. Please run: `pip install catboost` to install.
Alternately, you can install this by running `pip install pycaret[models]`
2026-01-29 16:40:34,639:INFO:Engine for model 'lasso' has not been set explicitly, hence returning None.
2026-01-29 16:40:34,645:INFO:Engine for model 'ridge' has not been set explicitly, hence returning None.
2026-01-29 16:40:34,649:INFO:Engine for model 'en' has not been set explicitly, hence returning None.
2026-01-29 16:40:34,775:INFO:Engine for model 'svm' has not been set explicitly, hence returning None.
2026-01-29 16:40:34,873:INFO:Engine for model 'knn' has not been set explicitly, hence returning None.
2026-01-29 16:40:34,874:INFO:Soft dependency imported: xgboost: 3.1.3
2026-01-29 16:40:34,881:WARNING:
'catboost' is a soft dependency and not included in the pycaret installation. Please run: `pip install catboost` to install.
Alternately, you can install this by running `pip install pycaret[models]`
2026-01-29 16:40:34,881:INFO:Engine successfully changes for model 'lasso' to 'sklearn'.
2026-01-29 16:40:34,892:INFO:Engine for model 'ridge' has not been set explicitly, hence returning None.
2026-01-29 16:40:34,902:INFO:Engine for model 'en' has not been set explicitly, hence returning None.
2026-01-29 16:40:35,129:INFO:Engine for model 'svm' has not been set explicitly, hence returning None.
2026-01-29 16:40:35,175:INFO:Engine for model 'knn' has not been set explicitly, hence returning None.
2026-01-29 16:40:35,176:INFO:Soft dependency imported: xgboost: 3.1.3
2026-01-29 16:40:35,179:WARNING:
'catboost' is a soft dependency and not included in the pycaret installation. Please run: `pip install catboost` to install.
Alternately, you can install this by running `pip install pycaret[models]`
2026-01-29 16:40:35,183:INFO:Engine for model 'ridge' has not been set explicitly, hence returning None.
2026-01-29 16:40:35,189:INFO:Engine for model 'en' has not been set explicitly, hence returning None.
2026-01-29 16:40:35,294:INFO:Engine for model 'svm' has not been set explicitly, hence returning None.
2026-01-29 16:40:35,343:INFO:Engine for model 'knn' has not been set explicitly, hence returning None.
2026-01-29 16:40:35,343:INFO:Soft dependency imported: xgboost: 3.1.3
2026-01-29 16:40:35,346:WARNING:
'catboost' is a soft dependency and not included in the pycaret installation. Please run: `pip install catboost` to install.
Alternately, you can install this by running `pip install pycaret[models]`
2026-01-29 16:40:35,346:INFO:Engine successfully changes for model 'ridge' to 'sklearn'.
2026-01-29 16:40:35,357:INFO:Engine for model 'en' has not been set explicitly, hence returning None.
2026-01-29 16:40:35,460:INFO:Engine for model 'svm' has not been set explicitly, hence returning None.
2026-01-29 16:40:35,511:INFO:Engine for model 'knn' has not been set explicitly, hence returning None.
2026-01-29 16:40:35,512:INFO:Soft dependency imported: xgboost: 3.1.3
2026-01-29 16:40:35,515:WARNING:
'catboost' is a soft dependency and not included in the pycaret installation. Please run: `pip install catboost` to install.
Alternately, you can install this by running `pip install pycaret[models]`
2026-01-29 16:40:35,525:INFO:Engine for model 'en' has not been set explicitly, hence returning None.
2026-01-29 16:40:35,662:INFO:Engine for model 'svm' has not been set explicitly, hence returning None.
2026-01-29 16:40:35,716:INFO:Engine for model 'knn' has not been set explicitly, hence returning None.
2026-01-29 16:40:35,716:INFO:Soft dependency imported: xgboost: 3.1.3
2026-01-29 16:40:35,720:WARNING:
'catboost' is a soft dependency and not included in the pycaret installation. Please run: `pip install catboost` to install.
Alternately, you can install this by running `pip install pycaret[models]`
2026-01-29 16:40:35,721:INFO:Engine successfully changes for model 'en' to 'sklearn'.
2026-01-29 16:40:35,862:INFO:Engine for model 'svm' has not been set explicitly, hence returning None.
2026-01-29 16:40:35,917:INFO:Engine for model 'knn' has not been set explicitly, hence returning None.
2026-01-29 16:40:35,917:INFO:Soft dependency imported: xgboost: 3.1.3
2026-01-29 16:40:35,922:WARNING:
'catboost' is a soft dependency and not included in the pycaret installation. Please run: `pip install catboost` to install.
Alternately, you can install this by running `pip install pycaret[models]`
2026-01-29 16:40:36,071:INFO:Engine for model 'svm' has not been set explicitly, hence returning None.
2026-01-29 16:40:36,128:INFO:Engine for model 'knn' has not been set explicitly, hence returning None.
2026-01-29 16:40:36,129:INFO:Soft dependency imported: xgboost: 3.1.3
2026-01-29 16:40:36,132:WARNING:
'catboost' is a soft dependency and not included in the pycaret installation. Please run: `pip install catboost` to install.
Alternately, you can install this by running `pip install pycaret[models]`
2026-01-29 16:40:36,132:INFO:Engine successfully changes for model 'knn' to 'sklearn'.
2026-01-29 16:40:36,266:INFO:Engine for model 'svm' has not been set explicitly, hence returning None.
2026-01-29 16:40:36,318:INFO:Soft dependency imported: xgboost: 3.1.3
2026-01-29 16:40:36,323:WARNING:
'catboost' is a soft dependency and not included in the pycaret installation. Please run: `pip install catboost` to install.
Alternately, you can install this by running `pip install pycaret[models]`
2026-01-29 16:40:36,466:INFO:Engine for model 'svm' has not been set explicitly, hence returning None.
2026-01-29 16:40:36,527:INFO:Soft dependency imported: xgboost: 3.1.3
2026-01-29 16:40:36,530:WARNING:
'catboost' is a soft dependency and not included in the pycaret installation. Please run: `pip install catboost` to install.
Alternately, you can install this by running `pip install pycaret[models]`
2026-01-29 16:40:36,531:INFO:Engine successfully changes for model 'svm' to 'sklearn'.
2026-01-29 16:40:36,746:INFO:Soft dependency imported: xgboost: 3.1.3
2026-01-29 16:40:36,748:WARNING:
'catboost' is a soft dependency and not included in the pycaret installation. Please run: `pip install catboost` to install.
Alternately, you can install this by running `pip install pycaret[models]`
2026-01-29 16:40:36,934:INFO:Soft dependency imported: xgboost: 3.1.3
2026-01-29 16:40:36,940:WARNING:
'catboost' is a soft dependency and not included in the pycaret installation. Please run: `pip install catboost` to install.
Alternately, you can install this by running `pip install pycaret[models]`
2026-01-29 16:40:36,942:INFO:Preparing preprocessing pipeline...
2026-01-29 16:40:36,943:INFO:Set up simple imputation.
2026-01-29 16:40:36,943:INFO:Set up removing multicollinearity.
2026-01-29 16:40:36,952:INFO:Set up column name cleaning.
2026-01-29 16:40:37,240:INFO:Finished creating preprocessing pipeline.
2026-01-29 16:40:37,251:INFO:Pipeline: Pipeline(memory=FastMemory(location=/tmp/joblib),
         steps=[('numerical_imputer',
                 TransformerWrapper(include=['selected_by_percent', 'value',
                                             'transfers_in', 'transfers_out',
                                             'selected', 'ownership_change',
                                             'percenatge_net_transfers',
                                             'cbitr_volume_90', 'cbitr_ewm_90',
                                             'cbitr_ewm_probability',
                                             'cbitr_probability', 'elo',
                                             'team_h_difficulty',
                                             'team_a_difficulty', 'win...
                                             'pts_bonus_rolling_1', ...],
                                    transformer=SimpleImputer())),
                ('categorical_imputer',
                 TransformerWrapper(include=[],
                                    transformer=SimpleImputer(strategy='most_frequent'))),
                ('remove_multicollinearity',
                 TransformerWrapper(exclude=[],
                                    transformer=RemoveMulticollinearity(threshold=0.9))),
                ('clean_column_names',
                 TransformerWrapper(transformer=CleanColumnNames()))])
2026-01-29 16:40:37,252:INFO:Creating final display dataframe.
2026-01-29 16:40:37,822:INFO:Setup _display_container:                     Description             Value
0                    Session id                42
1                        Target                xP
2                   Target type        Regression
3           Original data shape       (1154, 342)
4        Transformed data shape       (1154, 129)
5   Transformed train set shape        (923, 129)
6    Transformed test set shape        (231, 129)
7              Numeric features               340
8                    Preprocess              True
9               Imputation type            simple
10           Numeric imputation              mean
11       Categorical imputation              mode
12     Remove multicollinearity              True
13  Multicollinearity threshold               0.9
14               Fold Generator             KFold
15                  Fold Number                10
16                     CPU Jobs                -1
17                      Use GPU             False
18               Log Experiment             False
19              Experiment Name  reg-default-name
20                          USI              2b95
2026-01-29 16:40:38,021:INFO:Soft dependency imported: xgboost: 3.1.3
2026-01-29 16:40:38,024:WARNING:
'catboost' is a soft dependency and not included in the pycaret installation. Please run: `pip install catboost` to install.
Alternately, you can install this by running `pip install pycaret[models]`
2026-01-29 16:40:38,216:INFO:Soft dependency imported: xgboost: 3.1.3
2026-01-29 16:40:38,220:WARNING:
'catboost' is a soft dependency and not included in the pycaret installation. Please run: `pip install catboost` to install.
Alternately, you can install this by running `pip install pycaret[models]`
2026-01-29 16:40:38,221:INFO:setup() successfully completed in 4.47s...............
2026-01-29 16:40:38,221:INFO:gpu_param set to False
2026-01-29 16:40:38,385:INFO:Soft dependency imported: xgboost: 3.1.3
2026-01-29 16:40:38,390:WARNING:
'catboost' is a soft dependency and not included in the pycaret installation. Please run: `pip install catboost` to install.
Alternately, you can install this by running `pip install pycaret[models]`
2026-01-29 16:40:38,579:INFO:Soft dependency imported: xgboost: 3.1.3
2026-01-29 16:40:38,581:WARNING:
'catboost' is a soft dependency and not included in the pycaret installation. Please run: `pip install catboost` to install.
Alternately, you can install this by running `pip install pycaret[models]`
2026-01-29 16:40:38,583:INFO:Initializing compare_models()
2026-01-29 16:40:38,583:INFO:compare_models(self=<pycaret.regression.oop.RegressionExperiment object at 0x7f9cd9acf760>, include=None, fold=None, round=4, cross_validation=True, sort=MAE, n_select=1, budget_time=None, turbo=True, errors=ignore, fit_kwargs=None, groups=None, experiment_custom_tags=None, probability_threshold=None, verbose=True, parallel=None, caller_params={'self': <pycaret.regression.oop.RegressionExperiment object at 0x7f9cd9acf760>, 'include': None, 'exclude': None, 'fold': None, 'round': 4, 'cross_validation': True, 'sort': 'MAE', 'n_select': 1, 'budget_time': None, 'turbo': True, 'errors': 'ignore', 'fit_kwargs': None, 'groups': None, 'experiment_custom_tags': None, 'engine': None, 'verbose': True, 'parallel': None, '__class__': <class 'pycaret.regression.oop.RegressionExperiment'>}, exclude=None)
2026-01-29 16:40:38,583:INFO:Checking exceptions
2026-01-29 16:40:38,608:INFO:Preparing display monitor
2026-01-29 16:40:38,656:INFO:Initializing Linear Regression
2026-01-29 16:40:38,656:INFO:Total runtime is 3.254413604736328e-06 minutes
2026-01-29 16:40:38,666:INFO:SubProcess create_model() called ==================================
2026-01-29 16:40:38,667:INFO:Initializing create_model()
2026-01-29 16:40:38,667:INFO:create_model(self=<pycaret.regression.oop.RegressionExperiment object at 0x7f9cd9acf760>, estimator=lr, fold=KFold(n_splits=10, random_state=None, shuffle=False), round=4, cross_validation=True, predict=True, fit_kwargs={}, groups=None, refit=False, probability_threshold=None, experiment_custom_tags=None, verbose=False, system=False, add_to_model_list=True, metrics=None, display=<pycaret.internal.display.display.CommonDisplay object at 0x7f9cd97d3850>, model_only=True, return_train_score=False, error_score=0.0, kwargs={})
2026-01-29 16:40:38,667:INFO:Checking exceptions
2026-01-29 16:40:38,668:INFO:Importing libraries
2026-01-29 16:40:38,668:INFO:Copying training dataset
2026-01-29 16:40:38,741:INFO:Defining folds
2026-01-29 16:40:38,742:INFO:Declaring metric variables
2026-01-29 16:40:38,747:INFO:Importing untrained model
2026-01-29 16:40:38,756:INFO:Linear Regression Imported successfully
2026-01-29 16:40:38,771:INFO:Starting cross validation
2026-01-29 16:40:38,776:INFO:Cross validating with KFold(n_splits=10, random_state=None, shuffle=False), n_jobs=-1
2026-01-29 16:40:43,375:WARNING:/home/ilyandho/.local/share/mamba/envs/pycaret/lib/python3.10/site-packages/_distutils_hack/__init__.py:30: UserWarning: Setuptools is replacing distutils. Support for replacing an already imported distutils is deprecated. In the future, this condition will fail. Register concerns at https://github.com/pypa/setuptools/issues/new?template=distutils-deprecation.yml
  warnings.warn(

2026-01-29 16:40:44,760:WARNING:/home/ilyandho/.local/share/mamba/envs/pycaret/lib/python3.10/site-packages/_distutils_hack/__init__.py:30: UserWarning: Setuptools is replacing distutils. Support for replacing an already imported distutils is deprecated. In the future, this condition will fail. Register concerns at https://github.com/pypa/setuptools/issues/new?template=distutils-deprecation.yml
  warnings.warn(

2026-01-29 16:40:45,174:WARNING:/home/ilyandho/.local/share/mamba/envs/pycaret/lib/python3.10/site-packages/_distutils_hack/__init__.py:30: UserWarning: Setuptools is replacing distutils. Support for replacing an already imported distutils is deprecated. In the future, this condition will fail. Register concerns at https://github.com/pypa/setuptools/issues/new?template=distutils-deprecation.yml
  warnings.warn(

2026-01-29 16:40:46,345:WARNING:/home/ilyandho/.local/share/mamba/envs/pycaret/lib/python3.10/site-packages/_distutils_hack/__init__.py:30: UserWarning: Setuptools is replacing distutils. Support for replacing an already imported distutils is deprecated. In the future, this condition will fail. Register concerns at https://github.com/pypa/setuptools/issues/new?template=distutils-deprecation.yml
  warnings.warn(

2026-01-29 16:40:50,004:INFO:Calculating mean and std
2026-01-29 16:40:50,006:INFO:Creating metrics dataframe
2026-01-29 16:40:50,011:INFO:Uploading results into container
2026-01-29 16:40:50,012:INFO:Uploading model into container now
2026-01-29 16:40:50,013:INFO:_master_model_container: 1
2026-01-29 16:40:50,014:INFO:_display_container: 2
2026-01-29 16:40:50,014:INFO:LinearRegression(n_jobs=-1)
2026-01-29 16:40:50,014:INFO:create_model() successfully completed......................................
2026-01-29 16:40:50,438:INFO:SubProcess create_model() end ==================================
2026-01-29 16:40:50,439:INFO:Creating metrics dataframe
2026-01-29 16:40:50,455:INFO:Initializing Lasso Regression
2026-01-29 16:40:50,455:INFO:Total runtime is 0.19665975173314412 minutes
2026-01-29 16:40:50,479:INFO:SubProcess create_model() called ==================================
2026-01-29 16:40:50,479:INFO:Initializing create_model()
2026-01-29 16:40:50,482:INFO:create_model(self=<pycaret.regression.oop.RegressionExperiment object at 0x7f9cd9acf760>, estimator=lasso, fold=KFold(n_splits=10, random_state=None, shuffle=False), round=4, cross_validation=True, predict=True, fit_kwargs={}, groups=None, refit=False, probability_threshold=None, experiment_custom_tags=None, verbose=False, system=False, add_to_model_list=True, metrics=None, display=<pycaret.internal.display.display.CommonDisplay object at 0x7f9cd97d3850>, model_only=True, return_train_score=False, error_score=0.0, kwargs={})
2026-01-29 16:40:50,482:INFO:Checking exceptions
2026-01-29 16:40:50,483:INFO:Importing libraries
2026-01-29 16:40:50,485:INFO:Copying training dataset
2026-01-29 16:40:50,823:INFO:Defining folds
2026-01-29 16:40:50,825:INFO:Declaring metric variables
2026-01-29 16:40:50,839:INFO:Importing untrained model
2026-01-29 16:40:50,858:INFO:Lasso Regression Imported successfully
2026-01-29 16:40:50,897:INFO:Starting cross validation
2026-01-29 16:40:50,916:INFO:Cross validating with KFold(n_splits=10, random_state=None, shuffle=False), n_jobs=-1
2026-01-29 16:40:57,871:INFO:Calculating mean and std
2026-01-29 16:40:57,880:INFO:Creating metrics dataframe
2026-01-29 16:40:57,891:INFO:Uploading results into container
2026-01-29 16:40:57,892:INFO:Uploading model into container now
2026-01-29 16:40:57,894:INFO:_master_model_container: 2
2026-01-29 16:40:57,898:INFO:_display_container: 2
2026-01-29 16:40:57,898:INFO:Lasso(random_state=42)
2026-01-29 16:40:57,898:INFO:create_model() successfully completed......................................
2026-01-29 16:40:58,442:INFO:SubProcess create_model() end ==================================
2026-01-29 16:40:58,442:INFO:Creating metrics dataframe
2026-01-29 16:40:58,467:INFO:Initializing Ridge Regression
2026-01-29 16:40:58,468:INFO:Total runtime is 0.3301964044570923 minutes
2026-01-29 16:40:58,494:INFO:SubProcess create_model() called ==================================
2026-01-29 16:40:58,494:INFO:Initializing create_model()
2026-01-29 16:40:58,494:INFO:create_model(self=<pycaret.regression.oop.RegressionExperiment object at 0x7f9cd9acf760>, estimator=ridge, fold=KFold(n_splits=10, random_state=None, shuffle=False), round=4, cross_validation=True, predict=True, fit_kwargs={}, groups=None, refit=False, probability_threshold=None, experiment_custom_tags=None, verbose=False, system=False, add_to_model_list=True, metrics=None, display=<pycaret.internal.display.display.CommonDisplay object at 0x7f9cd97d3850>, model_only=True, return_train_score=False, error_score=0.0, kwargs={})
2026-01-29 16:40:58,494:INFO:Checking exceptions
2026-01-29 16:40:58,495:INFO:Importing libraries
2026-01-29 16:40:58,495:INFO:Copying training dataset
2026-01-29 16:40:58,674:INFO:Defining folds
2026-01-29 16:40:58,674:INFO:Declaring metric variables
2026-01-29 16:40:58,689:INFO:Importing untrained model
2026-01-29 16:40:58,702:INFO:Ridge Regression Imported successfully
2026-01-29 16:40:58,729:INFO:Starting cross validation
2026-01-29 16:40:58,744:INFO:Cross validating with KFold(n_splits=10, random_state=None, shuffle=False), n_jobs=-1
2026-01-29 16:40:59,949:WARNING:/home/ilyandho/.local/share/mamba/envs/pycaret/lib/python3.10/site-packages/sklearn/linear_model/_ridge.py:204: LinAlgWarning: Ill-conditioned matrix (rcond=5.44975e-15): result may not be accurate.
  return linalg.solve(A, Xy, assume_a="pos", overwrite_a=True).T

2026-01-29 16:41:01,252:WARNING:/home/ilyandho/.local/share/mamba/envs/pycaret/lib/python3.10/site-packages/sklearn/linear_model/_ridge.py:204: LinAlgWarning: Ill-conditioned matrix (rcond=5.21191e-15): result may not be accurate.
  return linalg.solve(A, Xy, assume_a="pos", overwrite_a=True).T

2026-01-29 16:41:01,697:WARNING:/home/ilyandho/.local/share/mamba/envs/pycaret/lib/python3.10/site-packages/sklearn/linear_model/_ridge.py:204: LinAlgWarning: Ill-conditioned matrix (rcond=7.10649e-15): result may not be accurate.
  return linalg.solve(A, Xy, assume_a="pos", overwrite_a=True).T

2026-01-29 16:41:01,743:WARNING:/home/ilyandho/.local/share/mamba/envs/pycaret/lib/python3.10/site-packages/sklearn/linear_model/_ridge.py:204: LinAlgWarning: Ill-conditioned matrix (rcond=5.49056e-15): result may not be accurate.
  return linalg.solve(A, Xy, assume_a="pos", overwrite_a=True).T

2026-01-29 16:41:02,038:WARNING:/home/ilyandho/.local/share/mamba/envs/pycaret/lib/python3.10/site-packages/sklearn/linear_model/_ridge.py:204: LinAlgWarning: Ill-conditioned matrix (rcond=4.3233e-15): result may not be accurate.
  return linalg.solve(A, Xy, assume_a="pos", overwrite_a=True).T

2026-01-29 16:41:02,805:WARNING:/home/ilyandho/.local/share/mamba/envs/pycaret/lib/python3.10/site-packages/sklearn/linear_model/_ridge.py:204: LinAlgWarning: Ill-conditioned matrix (rcond=7.27511e-15): result may not be accurate.
  return linalg.solve(A, Xy, assume_a="pos", overwrite_a=True).T

2026-01-29 16:41:03,155:WARNING:/home/ilyandho/.local/share/mamba/envs/pycaret/lib/python3.10/site-packages/sklearn/linear_model/_ridge.py:204: LinAlgWarning: Ill-conditioned matrix (rcond=7.09549e-15): result may not be accurate.
  return linalg.solve(A, Xy, assume_a="pos", overwrite_a=True).T

2026-01-29 16:41:03,823:WARNING:/home/ilyandho/.local/share/mamba/envs/pycaret/lib/python3.10/site-packages/sklearn/linear_model/_ridge.py:204: LinAlgWarning: Ill-conditioned matrix (rcond=5.58106e-15): result may not be accurate.
  return linalg.solve(A, Xy, assume_a="pos", overwrite_a=True).T

2026-01-29 16:41:03,869:WARNING:/home/ilyandho/.local/share/mamba/envs/pycaret/lib/python3.10/site-packages/sklearn/linear_model/_ridge.py:204: LinAlgWarning: Ill-conditioned matrix (rcond=5.81579e-15): result may not be accurate.
  return linalg.solve(A, Xy, assume_a="pos", overwrite_a=True).T

2026-01-29 16:41:04,305:WARNING:/home/ilyandho/.local/share/mamba/envs/pycaret/lib/python3.10/site-packages/sklearn/linear_model/_ridge.py:204: LinAlgWarning: Ill-conditioned matrix (rcond=7.49569e-15): result may not be accurate.
  return linalg.solve(A, Xy, assume_a="pos", overwrite_a=True).T

2026-01-29 16:41:04,379:INFO:Calculating mean and std
2026-01-29 16:41:04,381:INFO:Creating metrics dataframe
2026-01-29 16:41:04,385:INFO:Uploading results into container
2026-01-29 16:41:04,385:INFO:Uploading model into container now
2026-01-29 16:41:04,386:INFO:_master_model_container: 3
2026-01-29 16:41:04,386:INFO:_display_container: 2
2026-01-29 16:41:04,387:INFO:Ridge(random_state=42)
2026-01-29 16:41:04,387:INFO:create_model() successfully completed......................................
2026-01-29 16:41:04,697:INFO:SubProcess create_model() end ==================================
2026-01-29 16:41:04,698:INFO:Creating metrics dataframe
2026-01-29 16:41:04,710:INFO:Initializing Elastic Net
2026-01-29 16:41:04,710:INFO:Total runtime is 0.43424026966094975 minutes
2026-01-29 16:41:04,722:INFO:SubProcess create_model() called ==================================
2026-01-29 16:41:04,722:INFO:Initializing create_model()
2026-01-29 16:41:04,722:INFO:create_model(self=<pycaret.regression.oop.RegressionExperiment object at 0x7f9cd9acf760>, estimator=en, fold=KFold(n_splits=10, random_state=None, shuffle=False), round=4, cross_validation=True, predict=True, fit_kwargs={}, groups=None, refit=False, probability_threshold=None, experiment_custom_tags=None, verbose=False, system=False, add_to_model_list=True, metrics=None, display=<pycaret.internal.display.display.CommonDisplay object at 0x7f9cd97d3850>, model_only=True, return_train_score=False, error_score=0.0, kwargs={})
2026-01-29 16:41:04,722:INFO:Checking exceptions
2026-01-29 16:41:04,723:INFO:Importing libraries
2026-01-29 16:41:04,723:INFO:Copying training dataset
2026-01-29 16:41:04,817:INFO:Defining folds
2026-01-29 16:41:04,818:INFO:Declaring metric variables
2026-01-29 16:41:04,831:INFO:Importing untrained model
2026-01-29 16:41:04,841:INFO:Elastic Net Imported successfully
2026-01-29 16:41:04,861:INFO:Starting cross validation
2026-01-29 16:41:04,869:INFO:Cross validating with KFold(n_splits=10, random_state=None, shuffle=False), n_jobs=-1
2026-01-29 16:41:09,665:INFO:Calculating mean and std
2026-01-29 16:41:09,668:INFO:Creating metrics dataframe
2026-01-29 16:41:09,671:INFO:Uploading results into container
2026-01-29 16:41:09,672:INFO:Uploading model into container now
2026-01-29 16:41:09,673:INFO:_master_model_container: 4
2026-01-29 16:41:09,673:INFO:_display_container: 2
2026-01-29 16:41:09,673:INFO:ElasticNet(random_state=42)
2026-01-29 16:41:09,674:INFO:create_model() successfully completed......................................
2026-01-29 16:41:09,966:INFO:SubProcess create_model() end ==================================
2026-01-29 16:41:09,966:INFO:Creating metrics dataframe
2026-01-29 16:41:09,982:INFO:Initializing Least Angle Regression
2026-01-29 16:41:09,982:INFO:Total runtime is 0.5221093058586121 minutes
2026-01-29 16:41:09,995:INFO:SubProcess create_model() called ==================================
2026-01-29 16:41:09,996:INFO:Initializing create_model()
2026-01-29 16:41:09,998:INFO:create_model(self=<pycaret.regression.oop.RegressionExperiment object at 0x7f9cd9acf760>, estimator=lar, fold=KFold(n_splits=10, random_state=None, shuffle=False), round=4, cross_validation=True, predict=True, fit_kwargs={}, groups=None, refit=False, probability_threshold=None, experiment_custom_tags=None, verbose=False, system=False, add_to_model_list=True, metrics=None, display=<pycaret.internal.display.display.CommonDisplay object at 0x7f9cd97d3850>, model_only=True, return_train_score=False, error_score=0.0, kwargs={})
2026-01-29 16:41:09,998:INFO:Checking exceptions
2026-01-29 16:41:09,998:INFO:Importing libraries
2026-01-29 16:41:09,998:INFO:Copying training dataset
2026-01-29 16:41:10,175:INFO:Defining folds
2026-01-29 16:41:10,176:INFO:Declaring metric variables
2026-01-29 16:41:10,192:INFO:Importing untrained model
2026-01-29 16:41:10,210:INFO:Least Angle Regression Imported successfully
2026-01-29 16:41:10,251:INFO:Starting cross validation
2026-01-29 16:41:10,265:INFO:Cross validating with KFold(n_splits=10, random_state=None, shuffle=False), n_jobs=-1
2026-01-29 16:41:13,768:WARNING:/home/ilyandho/.local/share/mamba/envs/pycaret/lib/python3.10/site-packages/sklearn/linear_model/_least_angle.py:775: RuntimeWarning: overflow encountered in divide
  g2 = arrayfuncs.min_pos((C + Cov) / (AA + corr_eq_dir + tiny32))

2026-01-29 16:41:13,769:WARNING:/home/ilyandho/.local/share/mamba/envs/pycaret/lib/python3.10/site-packages/sklearn/linear_model/_least_angle.py:812: RuntimeWarning: overflow encountered in multiply
  coef[active] = prev_coef[active] + gamma_ * least_squares

2026-01-29 16:41:13,770:WARNING:/home/ilyandho/.local/share/mamba/envs/pycaret/lib/python3.10/site-packages/sklearn/linear_model/_least_angle.py:771: RuntimeWarning: overflow encountered in divide
  g1 = arrayfuncs.min_pos((C - Cov) / (AA - corr_eq_dir + tiny32))

2026-01-29 16:41:13,775:WARNING:/home/ilyandho/.local/share/mamba/envs/pycaret/lib/python3.10/site-packages/sklearn/linear_model/_least_angle.py:780: RuntimeWarning: overflow encountered in divide
  z = -coef[active] / (least_squares + tiny32)

2026-01-29 16:41:13,779:WARNING:/home/ilyandho/.local/share/mamba/envs/pycaret/lib/python3.10/site-packages/sklearn/linear_model/_least_angle.py:812: RuntimeWarning: overflow encountered in cast
  coef[active] = prev_coef[active] + gamma_ * least_squares

2026-01-29 16:41:14,066:WARNING:/home/ilyandho/.local/share/mamba/envs/pycaret/lib/python3.10/site-packages/sklearn/utils/extmath.py:208: RuntimeWarning: overflow encountered in matmul
  ret = a @ b

2026-01-29 16:41:14,070:WARNING:/home/ilyandho/.local/share/mamba/envs/pycaret/lib/python3.10/site-packages/sklearn/utils/extmath.py:208: RuntimeWarning: invalid value encountered in matmul
  ret = a @ b

2026-01-29 16:41:14,095:WARNING:/home/ilyandho/.local/share/mamba/envs/pycaret/lib/python3.10/site-packages/pycaret/internal/metrics.py:204: FitFailedWarning: Metric 'make_scorer(root_mean_squared_log_error, greater_is_better=False, response_method='predict')' failed and error score 0.0 has been returned instead. If this is a custom metric, this usually means that the error is in the metric code. Full exception below:
Traceback (most recent call last):
  File "/home/ilyandho/.local/share/mamba/envs/pycaret/lib/python3.10/site-packages/pycaret/internal/metrics.py", line 196, in _score
    return super()._score(
  File "/home/ilyandho/.local/share/mamba/envs/pycaret/lib/python3.10/site-packages/sklearn/metrics/_scorer.py", line 350, in _score
    return self._sign * self._score_func(y_true, y_pred, **scoring_kwargs)
  File "/home/ilyandho/.local/share/mamba/envs/pycaret/lib/python3.10/site-packages/pycaret/containers/metrics/regression.py", line 209, in root_mean_squared_log_error
    metrics.mean_squared_log_error(
  File "/home/ilyandho/.local/share/mamba/envs/pycaret/lib/python3.10/site-packages/sklearn/utils/_param_validation.py", line 213, in wrapper
    return func(*args, **kwargs)
  File "/home/ilyandho/.local/share/mamba/envs/pycaret/lib/python3.10/site-packages/sklearn/metrics/_regression.py", line 680, in mean_squared_log_error
    y_type, y_true, y_pred, multioutput = _check_reg_targets(
  File "/home/ilyandho/.local/share/mamba/envs/pycaret/lib/python3.10/site-packages/sklearn/metrics/_regression.py", line 104, in _check_reg_targets
    y_pred = check_array(y_pred, ensure_2d=False, dtype=dtype)
  File "/home/ilyandho/.local/share/mamba/envs/pycaret/lib/python3.10/site-packages/sklearn/utils/validation.py", line 1049, in check_array
    _assert_all_finite(
  File "/home/ilyandho/.local/share/mamba/envs/pycaret/lib/python3.10/site-packages/sklearn/utils/validation.py", line 126, in _assert_all_finite
    _assert_all_finite_element_wise(
  File "/home/ilyandho/.local/share/mamba/envs/pycaret/lib/python3.10/site-packages/sklearn/utils/validation.py", line 175, in _assert_all_finite_element_wise
    raise ValueError(msg_err)
ValueError: Input contains NaN.

  warnings.warn(

2026-01-29 16:41:14,096:WARNING:/home/ilyandho/.local/share/mamba/envs/pycaret/lib/python3.10/site-packages/pycaret/internal/metrics.py:204: FitFailedWarning: Metric 'make_scorer(mean_absolute_percentage_error, greater_is_better=False, response_method='predict')' failed and error score 0.0 has been returned instead. If this is a custom metric, this usually means that the error is in the metric code. Full exception below:
Traceback (most recent call last):
  File "/home/ilyandho/.local/share/mamba/envs/pycaret/lib/python3.10/site-packages/pycaret/internal/metrics.py", line 196, in _score
    return super()._score(
  File "/home/ilyandho/.local/share/mamba/envs/pycaret/lib/python3.10/site-packages/sklearn/metrics/_scorer.py", line 350, in _score
    return self._sign * self._score_func(y_true, y_pred, **scoring_kwargs)
  File "/home/ilyandho/.local/share/mamba/envs/pycaret/lib/python3.10/site-packages/pycaret/containers/metrics/regression.py", line 233, in mean_absolute_percentage_error
    y_type, y_true, y_pred, multioutput = _check_reg_targets(
  File "/home/ilyandho/.local/share/mamba/envs/pycaret/lib/python3.10/site-packages/sklearn/metrics/_regression.py", line 104, in _check_reg_targets
    y_pred = check_array(y_pred, ensure_2d=False, dtype=dtype)
  File "/home/ilyandho/.local/share/mamba/envs/pycaret/lib/python3.10/site-packages/sklearn/utils/validation.py", line 1049, in check_array
    _assert_all_finite(
  File "/home/ilyandho/.local/share/mamba/envs/pycaret/lib/python3.10/site-packages/sklearn/utils/validation.py", line 126, in _assert_all_finite
    _assert_all_finite_element_wise(
  File "/home/ilyandho/.local/share/mamba/envs/pycaret/lib/python3.10/site-packages/sklearn/utils/validation.py", line 175, in _assert_all_finite_element_wise
    raise ValueError(msg_err)
ValueError: Input contains NaN.

  warnings.warn(

2026-01-29 16:41:14,097:WARNING:/home/ilyandho/.local/share/mamba/envs/pycaret/lib/python3.10/site-packages/sklearn/model_selection/_validation.py:1011: UserWarning: Scoring failed. The score on this train-test partition for these parameters will be set to 0.0. Details: 
Traceback (most recent call last):
  File "/home/ilyandho/.local/share/mamba/envs/pycaret/lib/python3.10/site-packages/sklearn/metrics/_scorer.py", line 137, in __call__
    score = scorer._score(
  File "/home/ilyandho/.local/share/mamba/envs/pycaret/lib/python3.10/site-packages/sklearn/metrics/_scorer.py", line 350, in _score
    return self._sign * self._score_func(y_true, y_pred, **scoring_kwargs)
  File "/home/ilyandho/.local/share/mamba/envs/pycaret/lib/python3.10/site-packages/sklearn/utils/_param_validation.py", line 213, in wrapper
    return func(*args, **kwargs)
  File "/home/ilyandho/.local/share/mamba/envs/pycaret/lib/python3.10/site-packages/sklearn/metrics/_regression.py", line 207, in mean_absolute_error
    y_type, y_true, y_pred, multioutput = _check_reg_targets(
  File "/home/ilyandho/.local/share/mamba/envs/pycaret/lib/python3.10/site-packages/sklearn/metrics/_regression.py", line 104, in _check_reg_targets
    y_pred = check_array(y_pred, ensure_2d=False, dtype=dtype)
  File "/home/ilyandho/.local/share/mamba/envs/pycaret/lib/python3.10/site-packages/sklearn/utils/validation.py", line 1049, in check_array
    _assert_all_finite(
  File "/home/ilyandho/.local/share/mamba/envs/pycaret/lib/python3.10/site-packages/sklearn/utils/validation.py", line 126, in _assert_all_finite
    _assert_all_finite_element_wise(
  File "/home/ilyandho/.local/share/mamba/envs/pycaret/lib/python3.10/site-packages/sklearn/utils/validation.py", line 175, in _assert_all_finite_element_wise
    raise ValueError(msg_err)
ValueError: Input contains NaN.

  warnings.warn(

2026-01-29 16:41:14,097:WARNING:/home/ilyandho/.local/share/mamba/envs/pycaret/lib/python3.10/site-packages/sklearn/model_selection/_validation.py:1011: UserWarning: Scoring failed. The score on this train-test partition for these parameters will be set to 0.0. Details: 
Traceback (most recent call last):
  File "/home/ilyandho/.local/share/mamba/envs/pycaret/lib/python3.10/site-packages/sklearn/metrics/_scorer.py", line 137, in __call__
    score = scorer._score(
  File "/home/ilyandho/.local/share/mamba/envs/pycaret/lib/python3.10/site-packages/sklearn/metrics/_scorer.py", line 350, in _score
    return self._sign * self._score_func(y_true, y_pred, **scoring_kwargs)
  File "/home/ilyandho/.local/share/mamba/envs/pycaret/lib/python3.10/site-packages/sklearn/utils/_param_validation.py", line 213, in wrapper
    return func(*args, **kwargs)
  File "/home/ilyandho/.local/share/mamba/envs/pycaret/lib/python3.10/site-packages/sklearn/metrics/_regression.py", line 497, in mean_squared_error
    y_type, y_true, y_pred, multioutput = _check_reg_targets(
  File "/home/ilyandho/.local/share/mamba/envs/pycaret/lib/python3.10/site-packages/sklearn/metrics/_regression.py", line 104, in _check_reg_targets
    y_pred = check_array(y_pred, ensure_2d=False, dtype=dtype)
  File "/home/ilyandho/.local/share/mamba/envs/pycaret/lib/python3.10/site-packages/sklearn/utils/validation.py", line 1049, in check_array
    _assert_all_finite(
  File "/home/ilyandho/.local/share/mamba/envs/pycaret/lib/python3.10/site-packages/sklearn/utils/validation.py", line 126, in _assert_all_finite
    _assert_all_finite_element_wise(
  File "/home/ilyandho/.local/share/mamba/envs/pycaret/lib/python3.10/site-packages/sklearn/utils/validation.py", line 175, in _assert_all_finite_element_wise
    raise ValueError(msg_err)
ValueError: Input contains NaN.

  warnings.warn(

2026-01-29 16:41:14,097:WARNING:/home/ilyandho/.local/share/mamba/envs/pycaret/lib/python3.10/site-packages/sklearn/model_selection/_validation.py:1011: UserWarning: Scoring failed. The score on this train-test partition for these parameters will be set to 0.0. Details: 
Traceback (most recent call last):
  File "/home/ilyandho/.local/share/mamba/envs/pycaret/lib/python3.10/site-packages/sklearn/metrics/_scorer.py", line 137, in __call__
    score = scorer._score(
  File "/home/ilyandho/.local/share/mamba/envs/pycaret/lib/python3.10/site-packages/sklearn/metrics/_scorer.py", line 350, in _score
    return self._sign * self._score_func(y_true, y_pred, **scoring_kwargs)
  File "/home/ilyandho/.local/share/mamba/envs/pycaret/lib/python3.10/site-packages/sklearn/utils/_param_validation.py", line 213, in wrapper
    return func(*args, **kwargs)
  File "/home/ilyandho/.local/share/mamba/envs/pycaret/lib/python3.10/site-packages/sklearn/metrics/_regression.py", line 572, in root_mean_squared_error
    mean_squared_error(
  File "/home/ilyandho/.local/share/mamba/envs/pycaret/lib/python3.10/site-packages/sklearn/utils/_param_validation.py", line 186, in wrapper
    return func(*args, **kwargs)
  File "/home/ilyandho/.local/share/mamba/envs/pycaret/lib/python3.10/site-packages/sklearn/metrics/_regression.py", line 497, in mean_squared_error
    y_type, y_true, y_pred, multioutput = _check_reg_targets(
  File "/home/ilyandho/.local/share/mamba/envs/pycaret/lib/python3.10/site-packages/sklearn/metrics/_regression.py", line 104, in _check_reg_targets
    y_pred = check_array(y_pred, ensure_2d=False, dtype=dtype)
  File "/home/ilyandho/.local/share/mamba/envs/pycaret/lib/python3.10/site-packages/sklearn/utils/validation.py", line 1049, in check_array
    _assert_all_finite(
  File "/home/ilyandho/.local/share/mamba/envs/pycaret/lib/python3.10/site-packages/sklearn/utils/validation.py", line 126, in _assert_all_finite
    _assert_all_finite_element_wise(
  File "/home/ilyandho/.local/share/mamba/envs/pycaret/lib/python3.10/site-packages/sklearn/utils/validation.py", line 175, in _assert_all_finite_element_wise
    raise ValueError(msg_err)
ValueError: Input contains NaN.

  warnings.warn(

2026-01-29 16:41:14,097:WARNING:/home/ilyandho/.local/share/mamba/envs/pycaret/lib/python3.10/site-packages/sklearn/model_selection/_validation.py:1011: UserWarning: Scoring failed. The score on this train-test partition for these parameters will be set to 0.0. Details: 
Traceback (most recent call last):
  File "/home/ilyandho/.local/share/mamba/envs/pycaret/lib/python3.10/site-packages/sklearn/metrics/_scorer.py", line 137, in __call__
    score = scorer._score(
  File "/home/ilyandho/.local/share/mamba/envs/pycaret/lib/python3.10/site-packages/sklearn/metrics/_scorer.py", line 350, in _score
    return self._sign * self._score_func(y_true, y_pred, **scoring_kwargs)
  File "/home/ilyandho/.local/share/mamba/envs/pycaret/lib/python3.10/site-packages/sklearn/utils/_param_validation.py", line 213, in wrapper
    return func(*args, **kwargs)
  File "/home/ilyandho/.local/share/mamba/envs/pycaret/lib/python3.10/site-packages/sklearn/metrics/_regression.py", line 1180, in r2_score
    y_type, y_true, y_pred, multioutput = _check_reg_targets(
  File "/home/ilyandho/.local/share/mamba/envs/pycaret/lib/python3.10/site-packages/sklearn/metrics/_regression.py", line 104, in _check_reg_targets
    y_pred = check_array(y_pred, ensure_2d=False, dtype=dtype)
  File "/home/ilyandho/.local/share/mamba/envs/pycaret/lib/python3.10/site-packages/sklearn/utils/validation.py", line 1049, in check_array
    _assert_all_finite(
  File "/home/ilyandho/.local/share/mamba/envs/pycaret/lib/python3.10/site-packages/sklearn/utils/validation.py", line 126, in _assert_all_finite
    _assert_all_finite_element_wise(
  File "/home/ilyandho/.local/share/mamba/envs/pycaret/lib/python3.10/site-packages/sklearn/utils/validation.py", line 175, in _assert_all_finite_element_wise
    raise ValueError(msg_err)
ValueError: Input contains NaN.

  warnings.warn(

2026-01-29 16:41:15,899:WARNING:/home/ilyandho/.local/share/mamba/envs/pycaret/lib/python3.10/site-packages/sklearn/linear_model/_least_angle.py:812: RuntimeWarning: overflow encountered in add
  coef[active] = prev_coef[active] + gamma_ * least_squares

2026-01-29 16:41:15,900:WARNING:/home/ilyandho/.local/share/mamba/envs/pycaret/lib/python3.10/site-packages/sklearn/linear_model/_least_angle.py:812: RuntimeWarning: overflow encountered in multiply
  coef[active] = prev_coef[active] + gamma_ * least_squares

2026-01-29 16:41:15,900:WARNING:/home/ilyandho/.local/share/mamba/envs/pycaret/lib/python3.10/site-packages/sklearn/linear_model/_least_angle.py:775: RuntimeWarning: overflow encountered in divide
  g2 = arrayfuncs.min_pos((C + Cov) / (AA + corr_eq_dir + tiny32))

2026-01-29 16:41:15,901:WARNING:/home/ilyandho/.local/share/mamba/envs/pycaret/lib/python3.10/site-packages/sklearn/linear_model/_least_angle.py:771: RuntimeWarning: overflow encountered in divide
  g1 = arrayfuncs.min_pos((C - Cov) / (AA - corr_eq_dir + tiny32))

2026-01-29 16:41:15,902:WARNING:/home/ilyandho/.local/share/mamba/envs/pycaret/lib/python3.10/site-packages/sklearn/linear_model/_least_angle.py:780: RuntimeWarning: overflow encountered in divide
  z = -coef[active] / (least_squares + tiny32)

2026-01-29 16:41:15,967:WARNING:/home/ilyandho/.local/share/mamba/envs/pycaret/lib/python3.10/site-packages/sklearn/utils/extmath.py:208: RuntimeWarning: overflow encountered in matmul
  ret = a @ b

2026-01-29 16:41:15,967:WARNING:/home/ilyandho/.local/share/mamba/envs/pycaret/lib/python3.10/site-packages/sklearn/utils/extmath.py:208: RuntimeWarning: invalid value encountered in matmul
  ret = a @ b

2026-01-29 16:41:15,972:WARNING:/home/ilyandho/.local/share/mamba/envs/pycaret/lib/python3.10/site-packages/pycaret/internal/metrics.py:204: FitFailedWarning: Metric 'make_scorer(root_mean_squared_log_error, greater_is_better=False, response_method='predict')' failed and error score 0.0 has been returned instead. If this is a custom metric, this usually means that the error is in the metric code. Full exception below:
Traceback (most recent call last):
  File "/home/ilyandho/.local/share/mamba/envs/pycaret/lib/python3.10/site-packages/pycaret/internal/metrics.py", line 196, in _score
    return super()._score(
  File "/home/ilyandho/.local/share/mamba/envs/pycaret/lib/python3.10/site-packages/sklearn/metrics/_scorer.py", line 350, in _score
    return self._sign * self._score_func(y_true, y_pred, **scoring_kwargs)
  File "/home/ilyandho/.local/share/mamba/envs/pycaret/lib/python3.10/site-packages/pycaret/containers/metrics/regression.py", line 209, in root_mean_squared_log_error
    metrics.mean_squared_log_error(
  File "/home/ilyandho/.local/share/mamba/envs/pycaret/lib/python3.10/site-packages/sklearn/utils/_param_validation.py", line 213, in wrapper
    return func(*args, **kwargs)
  File "/home/ilyandho/.local/share/mamba/envs/pycaret/lib/python3.10/site-packages/sklearn/metrics/_regression.py", line 680, in mean_squared_log_error
    y_type, y_true, y_pred, multioutput = _check_reg_targets(
  File "/home/ilyandho/.local/share/mamba/envs/pycaret/lib/python3.10/site-packages/sklearn/metrics/_regression.py", line 104, in _check_reg_targets
    y_pred = check_array(y_pred, ensure_2d=False, dtype=dtype)
  File "/home/ilyandho/.local/share/mamba/envs/pycaret/lib/python3.10/site-packages/sklearn/utils/validation.py", line 1049, in check_array
    _assert_all_finite(
  File "/home/ilyandho/.local/share/mamba/envs/pycaret/lib/python3.10/site-packages/sklearn/utils/validation.py", line 126, in _assert_all_finite
    _assert_all_finite_element_wise(
  File "/home/ilyandho/.local/share/mamba/envs/pycaret/lib/python3.10/site-packages/sklearn/utils/validation.py", line 175, in _assert_all_finite_element_wise
    raise ValueError(msg_err)
ValueError: Input contains NaN.

  warnings.warn(

2026-01-29 16:41:15,973:WARNING:/home/ilyandho/.local/share/mamba/envs/pycaret/lib/python3.10/site-packages/pycaret/internal/metrics.py:204: FitFailedWarning: Metric 'make_scorer(mean_absolute_percentage_error, greater_is_better=False, response_method='predict')' failed and error score 0.0 has been returned instead. If this is a custom metric, this usually means that the error is in the metric code. Full exception below:
Traceback (most recent call last):
  File "/home/ilyandho/.local/share/mamba/envs/pycaret/lib/python3.10/site-packages/pycaret/internal/metrics.py", line 196, in _score
    return super()._score(
  File "/home/ilyandho/.local/share/mamba/envs/pycaret/lib/python3.10/site-packages/sklearn/metrics/_scorer.py", line 350, in _score
    return self._sign * self._score_func(y_true, y_pred, **scoring_kwargs)
  File "/home/ilyandho/.local/share/mamba/envs/pycaret/lib/python3.10/site-packages/pycaret/containers/metrics/regression.py", line 233, in mean_absolute_percentage_error
    y_type, y_true, y_pred, multioutput = _check_reg_targets(
  File "/home/ilyandho/.local/share/mamba/envs/pycaret/lib/python3.10/site-packages/sklearn/metrics/_regression.py", line 104, in _check_reg_targets
    y_pred = check_array(y_pred, ensure_2d=False, dtype=dtype)
  File "/home/ilyandho/.local/share/mamba/envs/pycaret/lib/python3.10/site-packages/sklearn/utils/validation.py", line 1049, in check_array
    _assert_all_finite(
  File "/home/ilyandho/.local/share/mamba/envs/pycaret/lib/python3.10/site-packages/sklearn/utils/validation.py", line 126, in _assert_all_finite
    _assert_all_finite_element_wise(
  File "/home/ilyandho/.local/share/mamba/envs/pycaret/lib/python3.10/site-packages/sklearn/utils/validation.py", line 175, in _assert_all_finite_element_wise
    raise ValueError(msg_err)
ValueError: Input contains NaN.

  warnings.warn(

2026-01-29 16:41:15,974:WARNING:/home/ilyandho/.local/share/mamba/envs/pycaret/lib/python3.10/site-packages/sklearn/model_selection/_validation.py:1011: UserWarning: Scoring failed. The score on this train-test partition for these parameters will be set to 0.0. Details: 
Traceback (most recent call last):
  File "/home/ilyandho/.local/share/mamba/envs/pycaret/lib/python3.10/site-packages/sklearn/metrics/_scorer.py", line 137, in __call__
    score = scorer._score(
  File "/home/ilyandho/.local/share/mamba/envs/pycaret/lib/python3.10/site-packages/sklearn/metrics/_scorer.py", line 350, in _score
    return self._sign * self._score_func(y_true, y_pred, **scoring_kwargs)
  File "/home/ilyandho/.local/share/mamba/envs/pycaret/lib/python3.10/site-packages/sklearn/utils/_param_validation.py", line 213, in wrapper
    return func(*args, **kwargs)
  File "/home/ilyandho/.local/share/mamba/envs/pycaret/lib/python3.10/site-packages/sklearn/metrics/_regression.py", line 207, in mean_absolute_error
    y_type, y_true, y_pred, multioutput = _check_reg_targets(
  File "/home/ilyandho/.local/share/mamba/envs/pycaret/lib/python3.10/site-packages/sklearn/metrics/_regression.py", line 104, in _check_reg_targets
    y_pred = check_array(y_pred, ensure_2d=False, dtype=dtype)
  File "/home/ilyandho/.local/share/mamba/envs/pycaret/lib/python3.10/site-packages/sklearn/utils/validation.py", line 1049, in check_array
    _assert_all_finite(
  File "/home/ilyandho/.local/share/mamba/envs/pycaret/lib/python3.10/site-packages/sklearn/utils/validation.py", line 126, in _assert_all_finite
    _assert_all_finite_element_wise(
  File "/home/ilyandho/.local/share/mamba/envs/pycaret/lib/python3.10/site-packages/sklearn/utils/validation.py", line 175, in _assert_all_finite_element_wise
    raise ValueError(msg_err)
ValueError: Input contains NaN.

  warnings.warn(

2026-01-29 16:41:15,974:WARNING:/home/ilyandho/.local/share/mamba/envs/pycaret/lib/python3.10/site-packages/sklearn/model_selection/_validation.py:1011: UserWarning: Scoring failed. The score on this train-test partition for these parameters will be set to 0.0. Details: 
Traceback (most recent call last):
  File "/home/ilyandho/.local/share/mamba/envs/pycaret/lib/python3.10/site-packages/sklearn/metrics/_scorer.py", line 137, in __call__
    score = scorer._score(
  File "/home/ilyandho/.local/share/mamba/envs/pycaret/lib/python3.10/site-packages/sklearn/metrics/_scorer.py", line 350, in _score
    return self._sign * self._score_func(y_true, y_pred, **scoring_kwargs)
  File "/home/ilyandho/.local/share/mamba/envs/pycaret/lib/python3.10/site-packages/sklearn/utils/_param_validation.py", line 213, in wrapper
    return func(*args, **kwargs)
  File "/home/ilyandho/.local/share/mamba/envs/pycaret/lib/python3.10/site-packages/sklearn/metrics/_regression.py", line 497, in mean_squared_error
    y_type, y_true, y_pred, multioutput = _check_reg_targets(
  File "/home/ilyandho/.local/share/mamba/envs/pycaret/lib/python3.10/site-packages/sklearn/metrics/_regression.py", line 104, in _check_reg_targets
    y_pred = check_array(y_pred, ensure_2d=False, dtype=dtype)
  File "/home/ilyandho/.local/share/mamba/envs/pycaret/lib/python3.10/site-packages/sklearn/utils/validation.py", line 1049, in check_array
    _assert_all_finite(
  File "/home/ilyandho/.local/share/mamba/envs/pycaret/lib/python3.10/site-packages/sklearn/utils/validation.py", line 126, in _assert_all_finite
    _assert_all_finite_element_wise(
  File "/home/ilyandho/.local/share/mamba/envs/pycaret/lib/python3.10/site-packages/sklearn/utils/validation.py", line 175, in _assert_all_finite_element_wise
    raise ValueError(msg_err)
ValueError: Input contains NaN.

  warnings.warn(

2026-01-29 16:41:15,974:WARNING:/home/ilyandho/.local/share/mamba/envs/pycaret/lib/python3.10/site-packages/sklearn/model_selection/_validation.py:1011: UserWarning: Scoring failed. The score on this train-test partition for these parameters will be set to 0.0. Details: 
Traceback (most recent call last):
  File "/home/ilyandho/.local/share/mamba/envs/pycaret/lib/python3.10/site-packages/sklearn/metrics/_scorer.py", line 137, in __call__
    score = scorer._score(
  File "/home/ilyandho/.local/share/mamba/envs/pycaret/lib/python3.10/site-packages/sklearn/metrics/_scorer.py", line 350, in _score
    return self._sign * self._score_func(y_true, y_pred, **scoring_kwargs)
  File "/home/ilyandho/.local/share/mamba/envs/pycaret/lib/python3.10/site-packages/sklearn/utils/_param_validation.py", line 213, in wrapper
    return func(*args, **kwargs)
  File "/home/ilyandho/.local/share/mamba/envs/pycaret/lib/python3.10/site-packages/sklearn/metrics/_regression.py", line 572, in root_mean_squared_error
    mean_squared_error(
  File "/home/ilyandho/.local/share/mamba/envs/pycaret/lib/python3.10/site-packages/sklearn/utils/_param_validation.py", line 186, in wrapper
    return func(*args, **kwargs)
  File "/home/ilyandho/.local/share/mamba/envs/pycaret/lib/python3.10/site-packages/sklearn/metrics/_regression.py", line 497, in mean_squared_error
    y_type, y_true, y_pred, multioutput = _check_reg_targets(
  File "/home/ilyandho/.local/share/mamba/envs/pycaret/lib/python3.10/site-packages/sklearn/metrics/_regression.py", line 104, in _check_reg_targets
    y_pred = check_array(y_pred, ensure_2d=False, dtype=dtype)
  File "/home/ilyandho/.local/share/mamba/envs/pycaret/lib/python3.10/site-packages/sklearn/utils/validation.py", line 1049, in check_array
    _assert_all_finite(
  File "/home/ilyandho/.local/share/mamba/envs/pycaret/lib/python3.10/site-packages/sklearn/utils/validation.py", line 126, in _assert_all_finite
    _assert_all_finite_element_wise(
  File "/home/ilyandho/.local/share/mamba/envs/pycaret/lib/python3.10/site-packages/sklearn/utils/validation.py", line 175, in _assert_all_finite_element_wise
    raise ValueError(msg_err)
ValueError: Input contains NaN.

  warnings.warn(

2026-01-29 16:41:15,974:WARNING:/home/ilyandho/.local/share/mamba/envs/pycaret/lib/python3.10/site-packages/sklearn/model_selection/_validation.py:1011: UserWarning: Scoring failed. The score on this train-test partition for these parameters will be set to 0.0. Details: 
Traceback (most recent call last):
  File "/home/ilyandho/.local/share/mamba/envs/pycaret/lib/python3.10/site-packages/sklearn/metrics/_scorer.py", line 137, in __call__
    score = scorer._score(
  File "/home/ilyandho/.local/share/mamba/envs/pycaret/lib/python3.10/site-packages/sklearn/metrics/_scorer.py", line 350, in _score
    return self._sign * self._score_func(y_true, y_pred, **scoring_kwargs)
  File "/home/ilyandho/.local/share/mamba/envs/pycaret/lib/python3.10/site-packages/sklearn/utils/_param_validation.py", line 213, in wrapper
    return func(*args, **kwargs)
  File "/home/ilyandho/.local/share/mamba/envs/pycaret/lib/python3.10/site-packages/sklearn/metrics/_regression.py", line 1180, in r2_score
    y_type, y_true, y_pred, multioutput = _check_reg_targets(
  File "/home/ilyandho/.local/share/mamba/envs/pycaret/lib/python3.10/site-packages/sklearn/metrics/_regression.py", line 104, in _check_reg_targets
    y_pred = check_array(y_pred, ensure_2d=False, dtype=dtype)
  File "/home/ilyandho/.local/share/mamba/envs/pycaret/lib/python3.10/site-packages/sklearn/utils/validation.py", line 1049, in check_array
    _assert_all_finite(
  File "/home/ilyandho/.local/share/mamba/envs/pycaret/lib/python3.10/site-packages/sklearn/utils/validation.py", line 126, in _assert_all_finite
    _assert_all_finite_element_wise(
  File "/home/ilyandho/.local/share/mamba/envs/pycaret/lib/python3.10/site-packages/sklearn/utils/validation.py", line 175, in _assert_all_finite_element_wise
    raise ValueError(msg_err)
ValueError: Input contains NaN.

  warnings.warn(

2026-01-29 16:41:16,182:INFO:Calculating mean and std
2026-01-29 16:41:16,183:INFO:Creating metrics dataframe
2026-01-29 16:41:16,185:INFO:Uploading results into container
2026-01-29 16:41:16,185:INFO:Uploading model into container now
2026-01-29 16:41:16,185:INFO:_master_model_container: 5
2026-01-29 16:41:16,186:INFO:_display_container: 2
2026-01-29 16:41:16,186:INFO:Lars(random_state=42)
2026-01-29 16:41:16,186:INFO:create_model() successfully completed......................................
2026-01-29 16:41:16,450:INFO:SubProcess create_model() end ==================================
2026-01-29 16:41:16,451:INFO:Creating metrics dataframe
2026-01-29 16:41:16,467:INFO:Initializing Lasso Least Angle Regression
2026-01-29 16:41:16,467:INFO:Total runtime is 0.6301853299140932 minutes
2026-01-29 16:41:16,476:INFO:SubProcess create_model() called ==================================
2026-01-29 16:41:16,477:INFO:Initializing create_model()
2026-01-29 16:41:16,477:INFO:create_model(self=<pycaret.regression.oop.RegressionExperiment object at 0x7f9cd9acf760>, estimator=llar, fold=KFold(n_splits=10, random_state=None, shuffle=False), round=4, cross_validation=True, predict=True, fit_kwargs={}, groups=None, refit=False, probability_threshold=None, experiment_custom_tags=None, verbose=False, system=False, add_to_model_list=True, metrics=None, display=<pycaret.internal.display.display.CommonDisplay object at 0x7f9cd97d3850>, model_only=True, return_train_score=False, error_score=0.0, kwargs={})
2026-01-29 16:41:16,477:INFO:Checking exceptions
2026-01-29 16:41:16,477:INFO:Importing libraries
2026-01-29 16:41:16,477:INFO:Copying training dataset
2026-01-29 16:41:16,593:INFO:Defining folds
2026-01-29 16:41:16,593:INFO:Declaring metric variables
2026-01-29 16:41:16,606:INFO:Importing untrained model
2026-01-29 16:41:16,618:INFO:Lasso Least Angle Regression Imported successfully
2026-01-29 16:41:16,648:INFO:Starting cross validation
2026-01-29 16:41:16,655:INFO:Cross validating with KFold(n_splits=10, random_state=None, shuffle=False), n_jobs=-1
2026-01-29 16:41:18,424:WARNING:/home/ilyandho/.local/share/mamba/envs/pycaret/lib/python3.10/site-packages/sklearn/linear_model/_least_angle.py:718: ConvergenceWarning: Early stopping the lars path, as the residues are small and the current value of alpha is no longer well controlled. 22 iterations, alpha=2.298e+00, previous alpha=2.297e+00, with an active set of 15 regressors.
  warnings.warn(

2026-01-29 16:41:20,891:INFO:Calculating mean and std
2026-01-29 16:41:20,893:INFO:Creating metrics dataframe
2026-01-29 16:41:20,896:INFO:Uploading results into container
2026-01-29 16:41:20,897:INFO:Uploading model into container now
2026-01-29 16:41:20,898:INFO:_master_model_container: 6
2026-01-29 16:41:20,899:INFO:_display_container: 2
2026-01-29 16:41:20,900:INFO:LassoLars(random_state=42)
2026-01-29 16:41:20,901:INFO:create_model() successfully completed......................................
2026-01-29 16:41:21,186:INFO:SubProcess create_model() end ==================================
2026-01-29 16:41:21,187:INFO:Creating metrics dataframe
2026-01-29 16:41:21,200:INFO:Initializing Orthogonal Matching Pursuit
2026-01-29 16:41:21,200:INFO:Total runtime is 0.7090721329053244 minutes
2026-01-29 16:41:21,211:INFO:SubProcess create_model() called ==================================
2026-01-29 16:41:21,212:INFO:Initializing create_model()
2026-01-29 16:41:21,212:INFO:create_model(self=<pycaret.regression.oop.RegressionExperiment object at 0x7f9cd9acf760>, estimator=omp, fold=KFold(n_splits=10, random_state=None, shuffle=False), round=4, cross_validation=True, predict=True, fit_kwargs={}, groups=None, refit=False, probability_threshold=None, experiment_custom_tags=None, verbose=False, system=False, add_to_model_list=True, metrics=None, display=<pycaret.internal.display.display.CommonDisplay object at 0x7f9cd97d3850>, model_only=True, return_train_score=False, error_score=0.0, kwargs={})
2026-01-29 16:41:21,212:INFO:Checking exceptions
2026-01-29 16:41:21,212:INFO:Importing libraries
2026-01-29 16:41:21,212:INFO:Copying training dataset
2026-01-29 16:41:21,333:INFO:Defining folds
2026-01-29 16:41:21,333:INFO:Declaring metric variables
2026-01-29 16:41:21,346:INFO:Importing untrained model
2026-01-29 16:41:21,357:INFO:Orthogonal Matching Pursuit Imported successfully
2026-01-29 16:41:21,379:INFO:Starting cross validation
2026-01-29 16:41:21,382:INFO:Cross validating with KFold(n_splits=10, random_state=None, shuffle=False), n_jobs=-1
2026-01-29 16:41:25,680:INFO:Calculating mean and std
2026-01-29 16:41:25,683:INFO:Creating metrics dataframe
2026-01-29 16:41:25,687:INFO:Uploading results into container
2026-01-29 16:41:25,688:INFO:Uploading model into container now
2026-01-29 16:41:25,689:INFO:_master_model_container: 7
2026-01-29 16:41:25,689:INFO:_display_container: 2
2026-01-29 16:41:25,690:INFO:OrthogonalMatchingPursuit()
2026-01-29 16:41:25,690:INFO:create_model() successfully completed......................................
2026-01-29 16:41:25,995:INFO:SubProcess create_model() end ==================================
2026-01-29 16:41:25,995:INFO:Creating metrics dataframe
2026-01-29 16:41:26,009:INFO:Initializing Bayesian Ridge
2026-01-29 16:41:26,010:INFO:Total runtime is 0.7892293453216555 minutes
2026-01-29 16:41:26,019:INFO:SubProcess create_model() called ==================================
2026-01-29 16:41:26,019:INFO:Initializing create_model()
2026-01-29 16:41:26,019:INFO:create_model(self=<pycaret.regression.oop.RegressionExperiment object at 0x7f9cd9acf760>, estimator=br, fold=KFold(n_splits=10, random_state=None, shuffle=False), round=4, cross_validation=True, predict=True, fit_kwargs={}, groups=None, refit=False, probability_threshold=None, experiment_custom_tags=None, verbose=False, system=False, add_to_model_list=True, metrics=None, display=<pycaret.internal.display.display.CommonDisplay object at 0x7f9cd97d3850>, model_only=True, return_train_score=False, error_score=0.0, kwargs={})
2026-01-29 16:41:26,019:INFO:Checking exceptions
2026-01-29 16:41:26,019:INFO:Importing libraries
2026-01-29 16:41:26,019:INFO:Copying training dataset
2026-01-29 16:41:26,143:INFO:Defining folds
2026-01-29 16:41:26,143:INFO:Declaring metric variables
2026-01-29 16:41:26,157:INFO:Importing untrained model
2026-01-29 16:41:26,172:INFO:Bayesian Ridge Imported successfully
2026-01-29 16:41:26,189:INFO:Starting cross validation
2026-01-29 16:41:26,196:INFO:Cross validating with KFold(n_splits=10, random_state=None, shuffle=False), n_jobs=-1
2026-01-29 16:41:30,841:INFO:Calculating mean and std
2026-01-29 16:41:30,848:INFO:Creating metrics dataframe
2026-01-29 16:41:30,856:INFO:Uploading results into container
2026-01-29 16:41:30,857:INFO:Uploading model into container now
2026-01-29 16:41:30,858:INFO:_master_model_container: 8
2026-01-29 16:41:30,859:INFO:_display_container: 2
2026-01-29 16:41:30,859:INFO:BayesianRidge()
2026-01-29 16:41:30,860:INFO:create_model() successfully completed......................................
2026-01-29 16:41:31,235:INFO:SubProcess create_model() end ==================================
2026-01-29 16:41:31,235:INFO:Creating metrics dataframe
2026-01-29 16:41:31,258:INFO:Initializing Passive Aggressive Regressor
2026-01-29 16:41:31,258:INFO:Total runtime is 0.876700290044149 minutes
2026-01-29 16:41:31,275:INFO:SubProcess create_model() called ==================================
2026-01-29 16:41:31,275:INFO:Initializing create_model()
2026-01-29 16:41:31,276:INFO:create_model(self=<pycaret.regression.oop.RegressionExperiment object at 0x7f9cd9acf760>, estimator=par, fold=KFold(n_splits=10, random_state=None, shuffle=False), round=4, cross_validation=True, predict=True, fit_kwargs={}, groups=None, refit=False, probability_threshold=None, experiment_custom_tags=None, verbose=False, system=False, add_to_model_list=True, metrics=None, display=<pycaret.internal.display.display.CommonDisplay object at 0x7f9cd97d3850>, model_only=True, return_train_score=False, error_score=0.0, kwargs={})
2026-01-29 16:41:31,276:INFO:Checking exceptions
2026-01-29 16:41:31,276:INFO:Importing libraries
2026-01-29 16:41:31,276:INFO:Copying training dataset
2026-01-29 16:41:31,418:INFO:Defining folds
2026-01-29 16:41:31,419:INFO:Declaring metric variables
2026-01-29 16:41:31,432:INFO:Importing untrained model
2026-01-29 16:41:31,461:INFO:Passive Aggressive Regressor Imported successfully
2026-01-29 16:41:31,508:INFO:Starting cross validation
2026-01-29 16:41:31,523:INFO:Cross validating with KFold(n_splits=10, random_state=None, shuffle=False), n_jobs=-1
2026-01-29 16:41:37,327:INFO:Calculating mean and std
2026-01-29 16:41:37,329:INFO:Creating metrics dataframe
2026-01-29 16:41:37,335:INFO:Uploading results into container
2026-01-29 16:41:37,337:INFO:Uploading model into container now
2026-01-29 16:41:37,337:INFO:_master_model_container: 9
2026-01-29 16:41:37,338:INFO:_display_container: 2
2026-01-29 16:41:37,338:INFO:PassiveAggressiveRegressor(random_state=42)
2026-01-29 16:41:37,338:INFO:create_model() successfully completed......................................
2026-01-29 16:41:37,646:INFO:SubProcess create_model() end ==================================
2026-01-29 16:41:37,646:INFO:Creating metrics dataframe
2026-01-29 16:41:37,660:INFO:Initializing Huber Regressor
2026-01-29 16:41:37,661:INFO:Total runtime is 0.9834126989046734 minutes
2026-01-29 16:41:37,676:INFO:SubProcess create_model() called ==================================
2026-01-29 16:41:37,677:INFO:Initializing create_model()
2026-01-29 16:41:37,677:INFO:create_model(self=<pycaret.regression.oop.RegressionExperiment object at 0x7f9cd9acf760>, estimator=huber, fold=KFold(n_splits=10, random_state=None, shuffle=False), round=4, cross_validation=True, predict=True, fit_kwargs={}, groups=None, refit=False, probability_threshold=None, experiment_custom_tags=None, verbose=False, system=False, add_to_model_list=True, metrics=None, display=<pycaret.internal.display.display.CommonDisplay object at 0x7f9cd97d3850>, model_only=True, return_train_score=False, error_score=0.0, kwargs={})
2026-01-29 16:41:37,677:INFO:Checking exceptions
2026-01-29 16:41:37,677:INFO:Importing libraries
2026-01-29 16:41:37,677:INFO:Copying training dataset
2026-01-29 16:41:37,808:INFO:Defining folds
2026-01-29 16:41:37,809:INFO:Declaring metric variables
2026-01-29 16:41:37,818:INFO:Importing untrained model
2026-01-29 16:41:37,833:INFO:Huber Regressor Imported successfully
2026-01-29 16:41:37,859:INFO:Starting cross validation
2026-01-29 16:41:37,865:INFO:Cross validating with KFold(n_splits=10, random_state=None, shuffle=False), n_jobs=-1
2026-01-29 16:41:39,320:WARNING:/home/ilyandho/.local/share/mamba/envs/pycaret/lib/python3.10/site-packages/sklearn/linear_model/_huber.py:342: ConvergenceWarning: lbfgs failed to converge (status=1):
STOP: TOTAL NO. of ITERATIONS REACHED LIMIT.

Increase the number of iterations (max_iter) or scale the data as shown in:
    https://scikit-learn.org/stable/modules/preprocessing.html
  self.n_iter_ = _check_optimize_result("lbfgs", opt_res, self.max_iter)

2026-01-29 16:41:40,334:WARNING:/home/ilyandho/.local/share/mamba/envs/pycaret/lib/python3.10/site-packages/sklearn/linear_model/_huber.py:342: ConvergenceWarning: lbfgs failed to converge (status=1):
STOP: TOTAL NO. of ITERATIONS REACHED LIMIT.

Increase the number of iterations (max_iter) or scale the data as shown in:
    https://scikit-learn.org/stable/modules/preprocessing.html
  self.n_iter_ = _check_optimize_result("lbfgs", opt_res, self.max_iter)

2026-01-29 16:41:40,416:WARNING:/home/ilyandho/.local/share/mamba/envs/pycaret/lib/python3.10/site-packages/sklearn/linear_model/_huber.py:342: ConvergenceWarning: lbfgs failed to converge (status=1):
STOP: TOTAL NO. of ITERATIONS REACHED LIMIT.

Increase the number of iterations (max_iter) or scale the data as shown in:
    https://scikit-learn.org/stable/modules/preprocessing.html
  self.n_iter_ = _check_optimize_result("lbfgs", opt_res, self.max_iter)

2026-01-29 16:41:40,687:WARNING:/home/ilyandho/.local/share/mamba/envs/pycaret/lib/python3.10/site-packages/sklearn/linear_model/_huber.py:342: ConvergenceWarning: lbfgs failed to converge (status=1):
STOP: TOTAL NO. of ITERATIONS REACHED LIMIT.

Increase the number of iterations (max_iter) or scale the data as shown in:
    https://scikit-learn.org/stable/modules/preprocessing.html
  self.n_iter_ = _check_optimize_result("lbfgs", opt_res, self.max_iter)

2026-01-29 16:41:40,971:WARNING:/home/ilyandho/.local/share/mamba/envs/pycaret/lib/python3.10/site-packages/sklearn/linear_model/_huber.py:342: ConvergenceWarning: lbfgs failed to converge (status=1):
STOP: TOTAL NO. of ITERATIONS REACHED LIMIT.

Increase the number of iterations (max_iter) or scale the data as shown in:
    https://scikit-learn.org/stable/modules/preprocessing.html
  self.n_iter_ = _check_optimize_result("lbfgs", opt_res, self.max_iter)

2026-01-29 16:41:42,073:WARNING:/home/ilyandho/.local/share/mamba/envs/pycaret/lib/python3.10/site-packages/sklearn/linear_model/_huber.py:342: ConvergenceWarning: lbfgs failed to converge (status=1):
STOP: TOTAL NO. of ITERATIONS REACHED LIMIT.

Increase the number of iterations (max_iter) or scale the data as shown in:
    https://scikit-learn.org/stable/modules/preprocessing.html
  self.n_iter_ = _check_optimize_result("lbfgs", opt_res, self.max_iter)

2026-01-29 16:41:42,882:WARNING:/home/ilyandho/.local/share/mamba/envs/pycaret/lib/python3.10/site-packages/sklearn/linear_model/_huber.py:342: ConvergenceWarning: lbfgs failed to converge (status=1):
STOP: TOTAL NO. of ITERATIONS REACHED LIMIT.

Increase the number of iterations (max_iter) or scale the data as shown in:
    https://scikit-learn.org/stable/modules/preprocessing.html
  self.n_iter_ = _check_optimize_result("lbfgs", opt_res, self.max_iter)

2026-01-29 16:41:43,452:WARNING:/home/ilyandho/.local/share/mamba/envs/pycaret/lib/python3.10/site-packages/sklearn/linear_model/_huber.py:342: ConvergenceWarning: lbfgs failed to converge (status=1):
STOP: TOTAL NO. of ITERATIONS REACHED LIMIT.

Increase the number of iterations (max_iter) or scale the data as shown in:
    https://scikit-learn.org/stable/modules/preprocessing.html
  self.n_iter_ = _check_optimize_result("lbfgs", opt_res, self.max_iter)

2026-01-29 16:41:43,468:WARNING:/home/ilyandho/.local/share/mamba/envs/pycaret/lib/python3.10/site-packages/sklearn/linear_model/_huber.py:342: ConvergenceWarning: lbfgs failed to converge (status=1):
STOP: TOTAL NO. of ITERATIONS REACHED LIMIT.

Increase the number of iterations (max_iter) or scale the data as shown in:
    https://scikit-learn.org/stable/modules/preprocessing.html
  self.n_iter_ = _check_optimize_result("lbfgs", opt_res, self.max_iter)

2026-01-29 16:41:43,979:WARNING:/home/ilyandho/.local/share/mamba/envs/pycaret/lib/python3.10/site-packages/sklearn/linear_model/_huber.py:342: ConvergenceWarning: lbfgs failed to converge (status=1):
STOP: TOTAL NO. of ITERATIONS REACHED LIMIT.

Increase the number of iterations (max_iter) or scale the data as shown in:
    https://scikit-learn.org/stable/modules/preprocessing.html
  self.n_iter_ = _check_optimize_result("lbfgs", opt_res, self.max_iter)

2026-01-29 16:41:44,071:INFO:Calculating mean and std
2026-01-29 16:41:44,075:INFO:Creating metrics dataframe
2026-01-29 16:41:44,079:INFO:Uploading results into container
2026-01-29 16:41:44,080:INFO:Uploading model into container now
2026-01-29 16:41:44,082:INFO:_master_model_container: 10
2026-01-29 16:41:44,082:INFO:_display_container: 2
2026-01-29 16:41:44,082:INFO:HuberRegressor()
2026-01-29 16:41:44,083:INFO:create_model() successfully completed......................................
2026-01-29 16:41:44,396:INFO:SubProcess create_model() end ==================================
2026-01-29 16:41:44,396:INFO:Creating metrics dataframe
2026-01-29 16:41:44,412:INFO:Initializing K Neighbors Regressor
2026-01-29 16:41:44,412:INFO:Total runtime is 1.095934816201528 minutes
2026-01-29 16:41:44,423:INFO:SubProcess create_model() called ==================================
2026-01-29 16:41:44,424:INFO:Initializing create_model()
2026-01-29 16:41:44,424:INFO:create_model(self=<pycaret.regression.oop.RegressionExperiment object at 0x7f9cd9acf760>, estimator=knn, fold=KFold(n_splits=10, random_state=None, shuffle=False), round=4, cross_validation=True, predict=True, fit_kwargs={}, groups=None, refit=False, probability_threshold=None, experiment_custom_tags=None, verbose=False, system=False, add_to_model_list=True, metrics=None, display=<pycaret.internal.display.display.CommonDisplay object at 0x7f9cd97d3850>, model_only=True, return_train_score=False, error_score=0.0, kwargs={})
2026-01-29 16:41:44,424:INFO:Checking exceptions
2026-01-29 16:41:44,424:INFO:Importing libraries
2026-01-29 16:41:44,424:INFO:Copying training dataset
2026-01-29 16:41:44,546:INFO:Defining folds
2026-01-29 16:41:44,547:INFO:Declaring metric variables
2026-01-29 16:41:44,561:INFO:Importing untrained model
2026-01-29 16:41:44,573:INFO:K Neighbors Regressor Imported successfully
2026-01-29 16:41:44,592:INFO:Starting cross validation
2026-01-29 16:41:44,600:INFO:Cross validating with KFold(n_splits=10, random_state=None, shuffle=False), n_jobs=-1
2026-01-29 16:41:50,034:INFO:Calculating mean and std
2026-01-29 16:41:50,035:INFO:Creating metrics dataframe
2026-01-29 16:41:50,039:INFO:Uploading results into container
2026-01-29 16:41:50,040:INFO:Uploading model into container now
2026-01-29 16:41:50,040:INFO:_master_model_container: 11
2026-01-29 16:41:50,041:INFO:_display_container: 2
2026-01-29 16:41:50,041:INFO:KNeighborsRegressor(n_jobs=-1)
2026-01-29 16:41:50,041:INFO:create_model() successfully completed......................................
2026-01-29 16:41:50,371:INFO:SubProcess create_model() end ==================================
2026-01-29 16:41:50,371:INFO:Creating metrics dataframe
2026-01-29 16:41:50,398:INFO:Initializing Decision Tree Regressor
2026-01-29 16:41:50,399:INFO:Total runtime is 1.1957122762997947 minutes
2026-01-29 16:41:50,414:INFO:SubProcess create_model() called ==================================
2026-01-29 16:41:50,414:INFO:Initializing create_model()
2026-01-29 16:41:50,415:INFO:create_model(self=<pycaret.regression.oop.RegressionExperiment object at 0x7f9cd9acf760>, estimator=dt, fold=KFold(n_splits=10, random_state=None, shuffle=False), round=4, cross_validation=True, predict=True, fit_kwargs={}, groups=None, refit=False, probability_threshold=None, experiment_custom_tags=None, verbose=False, system=False, add_to_model_list=True, metrics=None, display=<pycaret.internal.display.display.CommonDisplay object at 0x7f9cd97d3850>, model_only=True, return_train_score=False, error_score=0.0, kwargs={})
2026-01-29 16:41:50,415:INFO:Checking exceptions
2026-01-29 16:41:50,415:INFO:Importing libraries
2026-01-29 16:41:50,415:INFO:Copying training dataset
2026-01-29 16:41:50,555:INFO:Defining folds
2026-01-29 16:41:50,555:INFO:Declaring metric variables
2026-01-29 16:41:50,572:INFO:Importing untrained model
2026-01-29 16:41:50,587:INFO:Decision Tree Regressor Imported successfully
2026-01-29 16:41:50,609:INFO:Starting cross validation
2026-01-29 16:41:50,618:INFO:Cross validating with KFold(n_splits=10, random_state=None, shuffle=False), n_jobs=-1
2026-01-29 16:42:37,021:WARNING:
'cuml' is a soft dependency and not included in the pycaret installation. Please run: `pip install cuml` to install.
2026-01-29 16:42:37,022:WARNING:
'cuml' is a soft dependency and not included in the pycaret installation. Please run: `pip install cuml` to install.
2026-01-29 16:42:37,022:WARNING:
'cuml' is a soft dependency and not included in the pycaret installation. Please run: `pip install cuml` to install.
2026-01-29 16:42:37,022:WARNING:
'cuml' is a soft dependency and not included in the pycaret installation. Please run: `pip install cuml` to install.
2026-01-29 16:42:40,233:INFO:PyCaret RegressionExperiment
2026-01-29 16:42:40,234:INFO:Logging name: reg-default-name
2026-01-29 16:42:40,234:INFO:ML Usecase: MLUsecase.REGRESSION
2026-01-29 16:42:40,235:INFO:version 3.3.2
2026-01-29 16:42:40,235:INFO:Initializing setup()
2026-01-29 16:42:40,235:INFO:self.USI: e770
2026-01-29 16:42:40,235:INFO:self._variable_keys: {'target_param', 'logging_param', 'n_jobs_param', 'gpu_n_jobs_param', 'memory', 'exp_id', '_available_plots', 'fold_groups_param', '_ml_usecase', 'y', 'log_plots_param', 'transform_target_param', 'fold_generator', 'X_test', 'fold_shuffle_param', 'exp_name_log', 'seed', 'X_train', 'gpu_param', 'y_test', 'y_train', 'X', 'pipeline', 'USI', 'data', 'html_param', 'idx'}
2026-01-29 16:42:40,235:INFO:Checking environment
2026-01-29 16:42:40,235:INFO:python_version: 3.10.19
2026-01-29 16:42:40,235:INFO:python_build: ('main', 'Oct 22 2025 22:29:10')
2026-01-29 16:42:40,235:INFO:machine: x86_64
2026-01-29 16:42:40,236:INFO:platform: Linux-6.18.3-arch1-1-x86_64-with-glibc2.42
2026-01-29 16:42:40,236:INFO:Memory: svmem(total=16650223616, available=7024132096, percent=57.8, used=9626091520, free=1210470400, active=7721021440, inactive=6089838592, buffers=168038400, cached=6823567360, shared=832380928, slab=620597248)
2026-01-29 16:42:40,237:INFO:Physical Core: 2
2026-01-29 16:42:40,238:INFO:Logical Core: 4
2026-01-29 16:42:40,238:INFO:Checking libraries
2026-01-29 16:42:40,238:INFO:System:
2026-01-29 16:42:40,239:INFO:    python: 3.10.19 | packaged by conda-forge | (main, Oct 22 2025, 22:29:10) [GCC 14.3.0]
2026-01-29 16:42:40,239:INFO:executable: /home/ilyandho/.local/share/mamba/envs/pycaret/bin/python
2026-01-29 16:42:40,239:INFO:   machine: Linux-6.18.3-arch1-1-x86_64-with-glibc2.42
2026-01-29 16:42:40,239:INFO:PyCaret required dependencies:
2026-01-29 16:42:40,240:WARNING:/home/ilyandho/.local/share/mamba/envs/pycaret/lib/python3.10/site-packages/_distutils_hack/__init__.py:30: UserWarning: Setuptools is replacing distutils. Support for replacing an already imported distutils is deprecated. In the future, this condition will fail. Register concerns at https://github.com/pypa/setuptools/issues/new?template=distutils-deprecation.yml
  warnings.warn(

2026-01-29 16:42:40,345:INFO:                 pip: 25.3
2026-01-29 16:42:40,345:INFO:          setuptools: 80.9.0
2026-01-29 16:42:40,345:INFO:             pycaret: 3.3.2
2026-01-29 16:42:40,345:INFO:             IPython: 8.37.0
2026-01-29 16:42:40,345:INFO:          ipywidgets: 8.1.8
2026-01-29 16:42:40,345:INFO:                tqdm: 4.67.1
2026-01-29 16:42:40,345:INFO:               numpy: 1.26.4
2026-01-29 16:42:40,345:INFO:              pandas: 2.1.4
2026-01-29 16:42:40,345:INFO:              jinja2: 3.1.6
2026-01-29 16:42:40,345:INFO:               scipy: 1.11.4
2026-01-29 16:42:40,345:INFO:              joblib: 1.3.2
2026-01-29 16:42:40,345:INFO:             sklearn: 1.4.2
2026-01-29 16:42:40,346:INFO:                pyod: 2.0.6
2026-01-29 16:42:40,346:INFO:            imblearn: 0.14.1
2026-01-29 16:42:40,346:INFO:   category_encoders: 2.7.0
2026-01-29 16:42:40,346:INFO:            lightgbm: 4.6.0
2026-01-29 16:42:40,346:INFO:               numba: 0.63.1
2026-01-29 16:42:40,346:INFO:            requests: 2.32.5
2026-01-29 16:42:40,346:INFO:          matplotlib: 3.10.8
2026-01-29 16:42:40,346:INFO:          scikitplot: 0.3.7
2026-01-29 16:42:40,346:INFO:         yellowbrick: 1.5
2026-01-29 16:42:40,346:INFO:              plotly: 6.5.0
2026-01-29 16:42:40,346:INFO:    plotly-resampler: Not installed
2026-01-29 16:42:40,347:INFO:             kaleido: 0.2.1
2026-01-29 16:42:40,347:INFO:           schemdraw: 0.15
2026-01-29 16:42:40,347:INFO:         statsmodels: 0.14.6
2026-01-29 16:42:40,347:INFO:              sktime: 0.26.0
2026-01-29 16:42:40,347:INFO:               tbats: 1.1.3
2026-01-29 16:42:40,347:INFO:            pmdarima: 2.0.4
2026-01-29 16:42:40,355:INFO:              psutil: 7.2.1
2026-01-29 16:42:40,355:INFO:          markupsafe: 3.0.3
2026-01-29 16:42:40,356:INFO:             pickle5: Not installed
2026-01-29 16:42:40,356:INFO:         cloudpickle: 3.1.2
2026-01-29 16:42:40,356:INFO:         deprecation: 2.1.0
2026-01-29 16:42:40,356:INFO:              xxhash: 3.6.0
2026-01-29 16:42:40,356:INFO:           wurlitzer: 3.1.1
2026-01-29 16:42:40,356:INFO:PyCaret optional dependencies:
2026-01-29 16:42:40,549:INFO:                shap: Not installed
2026-01-29 16:42:40,550:INFO:           interpret: Not installed
2026-01-29 16:42:40,550:INFO:                umap: 0.5.9.post2
2026-01-29 16:42:40,550:INFO:     ydata_profiling: Not installed
2026-01-29 16:42:40,550:INFO:  explainerdashboard: Not installed
2026-01-29 16:42:40,550:INFO:             autoviz: Not installed
2026-01-29 16:42:40,550:INFO:           fairlearn: Not installed
2026-01-29 16:42:40,550:INFO:          deepchecks: Not installed
2026-01-29 16:42:40,550:INFO:             xgboost: 3.1.3
2026-01-29 16:42:40,550:INFO:            catboost: Not installed
2026-01-29 16:42:40,550:INFO:              kmodes: Not installed
2026-01-29 16:42:40,550:INFO:             mlxtend: Not installed
2026-01-29 16:42:40,550:INFO:       statsforecast: Not installed
2026-01-29 16:42:40,551:INFO:        tune_sklearn: Not installed
2026-01-29 16:42:40,551:INFO:                 ray: Not installed
2026-01-29 16:42:40,551:INFO:            hyperopt: Not installed
2026-01-29 16:42:40,551:INFO:              optuna: Not installed
2026-01-29 16:42:40,551:INFO:               skopt: Not installed
2026-01-29 16:42:40,551:INFO:              mlflow: Not installed
2026-01-29 16:42:40,551:INFO:              gradio: Not installed
2026-01-29 16:42:40,551:INFO:             fastapi: Not installed
2026-01-29 16:42:40,551:INFO:             uvicorn: Not installed
2026-01-29 16:42:40,551:INFO:              m2cgen: Not installed
2026-01-29 16:42:40,551:INFO:           evidently: Not installed
2026-01-29 16:42:40,551:INFO:               fugue: Not installed
2026-01-29 16:42:40,551:INFO:           streamlit: Not installed
2026-01-29 16:42:40,551:INFO:             prophet: Not installed
2026-01-29 16:42:40,551:INFO:None
2026-01-29 16:42:40,551:INFO:Set up data.
2026-01-29 16:42:40,889:INFO:Set up folding strategy.
2026-01-29 16:42:40,889:INFO:Set up train/test split.
2026-01-29 16:42:40,985:INFO:Set up index.
2026-01-29 16:42:40,987:INFO:Assigning column types.
2026-01-29 16:42:41,082:INFO:Engine successfully changes for model 'lr' to 'sklearn'.
2026-01-29 16:42:41,083:INFO:Engine for model 'lasso' has not been set explicitly, hence returning None.
2026-01-29 16:42:41,091:INFO:Engine for model 'ridge' has not been set explicitly, hence returning None.
2026-01-29 16:42:41,101:INFO:Engine for model 'en' has not been set explicitly, hence returning None.
2026-01-29 16:42:41,251:INFO:Engine for model 'svm' has not been set explicitly, hence returning None.
2026-01-29 16:42:41,327:INFO:Engine for model 'knn' has not been set explicitly, hence returning None.
2026-01-29 16:42:41,328:INFO:Soft dependency imported: xgboost: 3.1.3
2026-01-29 16:42:41,335:WARNING:
'catboost' is a soft dependency and not included in the pycaret installation. Please run: `pip install catboost` to install.
Alternately, you can install this by running `pip install pycaret[models]`
2026-01-29 16:42:41,336:INFO:Engine for model 'lasso' has not been set explicitly, hence returning None.
2026-01-29 16:42:41,355:INFO:Engine for model 'ridge' has not been set explicitly, hence returning None.
2026-01-29 16:42:41,366:INFO:Engine for model 'en' has not been set explicitly, hence returning None.
2026-01-29 16:42:41,607:INFO:Engine for model 'svm' has not been set explicitly, hence returning None.
2026-01-29 16:42:41,663:INFO:Engine for model 'knn' has not been set explicitly, hence returning None.
2026-01-29 16:42:41,664:INFO:Soft dependency imported: xgboost: 3.1.3
2026-01-29 16:42:41,667:WARNING:
'catboost' is a soft dependency and not included in the pycaret installation. Please run: `pip install catboost` to install.
Alternately, you can install this by running `pip install pycaret[models]`
2026-01-29 16:42:41,667:INFO:Engine successfully changes for model 'lasso' to 'sklearn'.
2026-01-29 16:42:41,672:INFO:Engine for model 'ridge' has not been set explicitly, hence returning None.
2026-01-29 16:42:41,677:INFO:Engine for model 'en' has not been set explicitly, hence returning None.
2026-01-29 16:42:41,897:INFO:Engine for model 'svm' has not been set explicitly, hence returning None.
2026-01-29 16:42:41,959:INFO:Engine for model 'knn' has not been set explicitly, hence returning None.
2026-01-29 16:42:41,959:INFO:Soft dependency imported: xgboost: 3.1.3
2026-01-29 16:42:41,963:WARNING:
'catboost' is a soft dependency and not included in the pycaret installation. Please run: `pip install catboost` to install.
Alternately, you can install this by running `pip install pycaret[models]`
2026-01-29 16:42:41,969:INFO:Engine for model 'ridge' has not been set explicitly, hence returning None.
2026-01-29 16:42:41,974:INFO:Engine for model 'en' has not been set explicitly, hence returning None.
2026-01-29 16:42:42,094:INFO:Engine for model 'svm' has not been set explicitly, hence returning None.
2026-01-29 16:42:42,154:INFO:Engine for model 'knn' has not been set explicitly, hence returning None.
2026-01-29 16:42:42,155:INFO:Soft dependency imported: xgboost: 3.1.3
2026-01-29 16:42:42,158:WARNING:
'catboost' is a soft dependency and not included in the pycaret installation. Please run: `pip install catboost` to install.
Alternately, you can install this by running `pip install pycaret[models]`
2026-01-29 16:42:42,158:INFO:Engine successfully changes for model 'ridge' to 'sklearn'.
2026-01-29 16:42:42,170:INFO:Engine for model 'en' has not been set explicitly, hence returning None.
2026-01-29 16:42:42,291:INFO:Engine for model 'svm' has not been set explicitly, hence returning None.
2026-01-29 16:42:42,354:INFO:Engine for model 'knn' has not been set explicitly, hence returning None.
2026-01-29 16:42:42,355:INFO:Soft dependency imported: xgboost: 3.1.3
2026-01-29 16:42:42,358:WARNING:
'catboost' is a soft dependency and not included in the pycaret installation. Please run: `pip install catboost` to install.
Alternately, you can install this by running `pip install pycaret[models]`
2026-01-29 16:42:42,373:INFO:Engine for model 'en' has not been set explicitly, hence returning None.
2026-01-29 16:42:42,491:INFO:Engine for model 'svm' has not been set explicitly, hence returning None.
2026-01-29 16:42:42,551:INFO:Engine for model 'knn' has not been set explicitly, hence returning None.
2026-01-29 16:42:42,551:INFO:Soft dependency imported: xgboost: 3.1.3
2026-01-29 16:42:42,554:WARNING:
'catboost' is a soft dependency and not included in the pycaret installation. Please run: `pip install catboost` to install.
Alternately, you can install this by running `pip install pycaret[models]`
2026-01-29 16:42:42,555:INFO:Engine successfully changes for model 'en' to 'sklearn'.
2026-01-29 16:42:42,686:INFO:Engine for model 'svm' has not been set explicitly, hence returning None.
2026-01-29 16:42:42,744:INFO:Engine for model 'knn' has not been set explicitly, hence returning None.
2026-01-29 16:42:42,746:INFO:Soft dependency imported: xgboost: 3.1.3
2026-01-29 16:42:42,749:WARNING:
'catboost' is a soft dependency and not included in the pycaret installation. Please run: `pip install catboost` to install.
Alternately, you can install this by running `pip install pycaret[models]`
2026-01-29 16:42:42,879:INFO:Engine for model 'svm' has not been set explicitly, hence returning None.
2026-01-29 16:42:42,939:INFO:Engine for model 'knn' has not been set explicitly, hence returning None.
2026-01-29 16:42:42,940:INFO:Soft dependency imported: xgboost: 3.1.3
2026-01-29 16:42:42,943:WARNING:
'catboost' is a soft dependency and not included in the pycaret installation. Please run: `pip install catboost` to install.
Alternately, you can install this by running `pip install pycaret[models]`
2026-01-29 16:42:42,943:INFO:Engine successfully changes for model 'knn' to 'sklearn'.
2026-01-29 16:42:43,070:INFO:Engine for model 'svm' has not been set explicitly, hence returning None.
2026-01-29 16:42:43,125:INFO:Soft dependency imported: xgboost: 3.1.3
2026-01-29 16:42:43,129:WARNING:
'catboost' is a soft dependency and not included in the pycaret installation. Please run: `pip install catboost` to install.
Alternately, you can install this by running `pip install pycaret[models]`
2026-01-29 16:42:43,266:INFO:Engine for model 'svm' has not been set explicitly, hence returning None.
2026-01-29 16:42:43,322:INFO:Soft dependency imported: xgboost: 3.1.3
2026-01-29 16:42:43,325:WARNING:
'catboost' is a soft dependency and not included in the pycaret installation. Please run: `pip install catboost` to install.
Alternately, you can install this by running `pip install pycaret[models]`
2026-01-29 16:42:43,325:INFO:Engine successfully changes for model 'svm' to 'sklearn'.
2026-01-29 16:42:43,520:INFO:Soft dependency imported: xgboost: 3.1.3
2026-01-29 16:42:43,523:WARNING:
'catboost' is a soft dependency and not included in the pycaret installation. Please run: `pip install catboost` to install.
Alternately, you can install this by running `pip install pycaret[models]`
2026-01-29 16:42:43,714:INFO:Soft dependency imported: xgboost: 3.1.3
2026-01-29 16:42:43,717:WARNING:
'catboost' is a soft dependency and not included in the pycaret installation. Please run: `pip install catboost` to install.
Alternately, you can install this by running `pip install pycaret[models]`
2026-01-29 16:42:43,719:INFO:Preparing preprocessing pipeline...
2026-01-29 16:42:43,719:INFO:Set up simple imputation.
2026-01-29 16:42:43,719:INFO:Set up removing multicollinearity.
2026-01-29 16:42:43,726:INFO:Set up column name cleaning.
2026-01-29 16:42:43,990:INFO:Finished creating preprocessing pipeline.
2026-01-29 16:42:44,002:INFO:Pipeline: Pipeline(memory=FastMemory(location=/tmp/joblib),
         steps=[('numerical_imputer',
                 TransformerWrapper(include=['selected_by_percent', 'value',
                                             'transfers_in', 'transfers_out',
                                             'selected', 'ownership_change',
                                             'percenatge_net_transfers',
                                             'cbitr_volume_90', 'cbitr_ewm_90',
                                             'cbitr_ewm_probability',
                                             'cbitr_probability', 'elo',
                                             'team_h_difficulty',
                                             'team_a_difficulty', 'win...
                                             'pts_bonus_rolling_1', ...],
                                    transformer=SimpleImputer())),
                ('categorical_imputer',
                 TransformerWrapper(include=[],
                                    transformer=SimpleImputer(strategy='most_frequent'))),
                ('remove_multicollinearity',
                 TransformerWrapper(exclude=[],
                                    transformer=RemoveMulticollinearity(threshold=0.9))),
                ('clean_column_names',
                 TransformerWrapper(transformer=CleanColumnNames()))])
2026-01-29 16:42:44,002:INFO:Creating final display dataframe.
2026-01-29 16:42:44,590:INFO:Setup _display_container:                     Description             Value
0                    Session id                42
1                        Target                xP
2                   Target type        Regression
3           Original data shape       (1154, 342)
4        Transformed data shape       (1154, 129)
5   Transformed train set shape        (923, 129)
6    Transformed test set shape        (231, 129)
7              Numeric features               340
8                    Preprocess              True
9               Imputation type            simple
10           Numeric imputation              mean
11       Categorical imputation              mode
12     Remove multicollinearity              True
13  Multicollinearity threshold               0.9
14               Fold Generator             KFold
15                  Fold Number                10
16                     CPU Jobs                -1
17                      Use GPU             False
18               Log Experiment             False
19              Experiment Name  reg-default-name
20                          USI              e770
2026-01-29 16:42:44,792:INFO:Soft dependency imported: xgboost: 3.1.3
2026-01-29 16:42:44,795:WARNING:
'catboost' is a soft dependency and not included in the pycaret installation. Please run: `pip install catboost` to install.
Alternately, you can install this by running `pip install pycaret[models]`
2026-01-29 16:42:44,981:INFO:Soft dependency imported: xgboost: 3.1.3
2026-01-29 16:42:44,984:WARNING:
'catboost' is a soft dependency and not included in the pycaret installation. Please run: `pip install catboost` to install.
Alternately, you can install this by running `pip install pycaret[models]`
2026-01-29 16:42:44,984:INFO:setup() successfully completed in 4.75s...............
2026-01-29 16:42:44,985:INFO:Initializing compare_models()
2026-01-29 16:42:44,985:INFO:compare_models(self=<pycaret.regression.oop.RegressionExperiment object at 0x7fc48ec7bbe0>, include=None, fold=None, round=4, cross_validation=True, sort=MAE, n_select=1, budget_time=None, turbo=True, errors=ignore, fit_kwargs=None, groups=None, experiment_custom_tags=None, probability_threshold=None, verbose=True, parallel=None, caller_params={'self': <pycaret.regression.oop.RegressionExperiment object at 0x7fc48ec7bbe0>, 'include': None, 'exclude': None, 'fold': None, 'round': 4, 'cross_validation': True, 'sort': 'MAE', 'n_select': 1, 'budget_time': None, 'turbo': True, 'errors': 'ignore', 'fit_kwargs': None, 'groups': None, 'experiment_custom_tags': None, 'engine': None, 'verbose': True, 'parallel': None, '__class__': <class 'pycaret.regression.oop.RegressionExperiment'>}, exclude=None)
2026-01-29 16:42:44,985:INFO:Checking exceptions
2026-01-29 16:42:45,005:INFO:Preparing display monitor
2026-01-29 16:42:45,056:INFO:Initializing Linear Regression
2026-01-29 16:42:45,056:INFO:Total runtime is 3.03188959757487e-06 minutes
2026-01-29 16:42:45,066:INFO:SubProcess create_model() called ==================================
2026-01-29 16:42:45,067:INFO:Initializing create_model()
2026-01-29 16:42:45,067:INFO:create_model(self=<pycaret.regression.oop.RegressionExperiment object at 0x7fc48ec7bbe0>, estimator=lr, fold=KFold(n_splits=10, random_state=None, shuffle=False), round=4, cross_validation=True, predict=True, fit_kwargs={}, groups=None, refit=False, probability_threshold=None, experiment_custom_tags=None, verbose=False, system=False, add_to_model_list=True, metrics=None, display=<pycaret.internal.display.display.CommonDisplay object at 0x7fc48c15c1c0>, model_only=True, return_train_score=False, error_score=0.0, kwargs={})
2026-01-29 16:42:45,067:INFO:Checking exceptions
2026-01-29 16:42:45,068:INFO:Importing libraries
2026-01-29 16:42:45,068:INFO:Copying training dataset
2026-01-29 16:42:45,211:INFO:Defining folds
2026-01-29 16:42:45,211:INFO:Declaring metric variables
2026-01-29 16:42:45,223:INFO:Importing untrained model
2026-01-29 16:42:45,238:INFO:Linear Regression Imported successfully
2026-01-29 16:42:45,266:INFO:Starting cross validation
2026-01-29 16:42:45,278:INFO:Cross validating with KFold(n_splits=10, random_state=None, shuffle=False), n_jobs=-1
2026-01-29 16:42:49,348:WARNING:/home/ilyandho/.local/share/mamba/envs/pycaret/lib/python3.10/site-packages/_distutils_hack/__init__.py:30: UserWarning: Setuptools is replacing distutils. Support for replacing an already imported distutils is deprecated. In the future, this condition will fail. Register concerns at https://github.com/pypa/setuptools/issues/new?template=distutils-deprecation.yml
  warnings.warn(

2026-01-29 16:42:49,348:WARNING:/home/ilyandho/.local/share/mamba/envs/pycaret/lib/python3.10/site-packages/_distutils_hack/__init__.py:30: UserWarning: Setuptools is replacing distutils. Support for replacing an already imported distutils is deprecated. In the future, this condition will fail. Register concerns at https://github.com/pypa/setuptools/issues/new?template=distutils-deprecation.yml
  warnings.warn(

2026-01-29 16:42:49,376:WARNING:/home/ilyandho/.local/share/mamba/envs/pycaret/lib/python3.10/site-packages/_distutils_hack/__init__.py:30: UserWarning: Setuptools is replacing distutils. Support for replacing an already imported distutils is deprecated. In the future, this condition will fail. Register concerns at https://github.com/pypa/setuptools/issues/new?template=distutils-deprecation.yml
  warnings.warn(

2026-01-29 16:42:50,025:WARNING:/home/ilyandho/.local/share/mamba/envs/pycaret/lib/python3.10/site-packages/_distutils_hack/__init__.py:30: UserWarning: Setuptools is replacing distutils. Support for replacing an already imported distutils is deprecated. In the future, this condition will fail. Register concerns at https://github.com/pypa/setuptools/issues/new?template=distutils-deprecation.yml
  warnings.warn(

2026-01-29 16:42:52,882:INFO:Calculating mean and std
2026-01-29 16:42:52,885:INFO:Creating metrics dataframe
2026-01-29 16:42:52,888:INFO:Uploading results into container
2026-01-29 16:42:52,889:INFO:Uploading model into container now
2026-01-29 16:42:52,890:INFO:_master_model_container: 1
2026-01-29 16:42:52,891:INFO:_display_container: 2
2026-01-29 16:42:52,891:INFO:LinearRegression(n_jobs=-1)
2026-01-29 16:42:52,892:INFO:create_model() successfully completed......................................
2026-01-29 16:42:53,019:INFO:SubProcess create_model() end ==================================
2026-01-29 16:42:53,019:INFO:Creating metrics dataframe
2026-01-29 16:42:53,029:INFO:Initializing Lasso Regression
2026-01-29 16:42:53,029:INFO:Total runtime is 0.13287542661031088 minutes
2026-01-29 16:42:53,041:INFO:SubProcess create_model() called ==================================
2026-01-29 16:42:53,042:INFO:Initializing create_model()
2026-01-29 16:42:53,042:INFO:create_model(self=<pycaret.regression.oop.RegressionExperiment object at 0x7fc48ec7bbe0>, estimator=lasso, fold=KFold(n_splits=10, random_state=None, shuffle=False), round=4, cross_validation=True, predict=True, fit_kwargs={}, groups=None, refit=False, probability_threshold=None, experiment_custom_tags=None, verbose=False, system=False, add_to_model_list=True, metrics=None, display=<pycaret.internal.display.display.CommonDisplay object at 0x7fc48c15c1c0>, model_only=True, return_train_score=False, error_score=0.0, kwargs={})
2026-01-29 16:42:53,042:INFO:Checking exceptions
2026-01-29 16:42:53,042:INFO:Importing libraries
2026-01-29 16:42:53,042:INFO:Copying training dataset
2026-01-29 16:42:53,181:INFO:Defining folds
2026-01-29 16:42:53,184:INFO:Declaring metric variables
2026-01-29 16:42:53,197:INFO:Importing untrained model
2026-01-29 16:42:53,218:INFO:Lasso Regression Imported successfully
2026-01-29 16:42:53,255:INFO:Starting cross validation
2026-01-29 16:42:53,268:INFO:Cross validating with KFold(n_splits=10, random_state=None, shuffle=False), n_jobs=-1
2026-01-29 16:42:56,719:INFO:Calculating mean and std
2026-01-29 16:42:56,726:INFO:Creating metrics dataframe
2026-01-29 16:42:56,741:INFO:Uploading results into container
2026-01-29 16:42:56,742:INFO:Uploading model into container now
2026-01-29 16:42:56,743:INFO:_master_model_container: 2
2026-01-29 16:42:56,746:INFO:_display_container: 2
2026-01-29 16:42:56,747:INFO:Lasso(random_state=42)
2026-01-29 16:42:56,747:INFO:create_model() successfully completed......................................
2026-01-29 16:42:56,858:INFO:SubProcess create_model() end ==================================
2026-01-29 16:42:56,858:INFO:Creating metrics dataframe
2026-01-29 16:42:56,872:INFO:Initializing Ridge Regression
2026-01-29 16:42:56,872:INFO:Total runtime is 0.1969278415044149 minutes
2026-01-29 16:42:56,881:INFO:SubProcess create_model() called ==================================
2026-01-29 16:42:56,882:INFO:Initializing create_model()
2026-01-29 16:42:56,882:INFO:create_model(self=<pycaret.regression.oop.RegressionExperiment object at 0x7fc48ec7bbe0>, estimator=ridge, fold=KFold(n_splits=10, random_state=None, shuffle=False), round=4, cross_validation=True, predict=True, fit_kwargs={}, groups=None, refit=False, probability_threshold=None, experiment_custom_tags=None, verbose=False, system=False, add_to_model_list=True, metrics=None, display=<pycaret.internal.display.display.CommonDisplay object at 0x7fc48c15c1c0>, model_only=True, return_train_score=False, error_score=0.0, kwargs={})
2026-01-29 16:42:56,882:INFO:Checking exceptions
2026-01-29 16:42:56,882:INFO:Importing libraries
2026-01-29 16:42:56,882:INFO:Copying training dataset
2026-01-29 16:42:56,968:INFO:Defining folds
2026-01-29 16:42:56,969:INFO:Declaring metric variables
2026-01-29 16:42:56,980:INFO:Importing untrained model
2026-01-29 16:42:56,994:INFO:Ridge Regression Imported successfully
2026-01-29 16:42:57,018:INFO:Starting cross validation
2026-01-29 16:42:57,027:INFO:Cross validating with KFold(n_splits=10, random_state=None, shuffle=False), n_jobs=-1
2026-01-29 16:42:57,930:WARNING:/home/ilyandho/.local/share/mamba/envs/pycaret/lib/python3.10/site-packages/sklearn/linear_model/_ridge.py:204: LinAlgWarning: Ill-conditioned matrix (rcond=5.44975e-15): result may not be accurate.
  return linalg.solve(A, Xy, assume_a="pos", overwrite_a=True).T

2026-01-29 16:42:58,274:WARNING:/home/ilyandho/.local/share/mamba/envs/pycaret/lib/python3.10/site-packages/sklearn/linear_model/_ridge.py:204: LinAlgWarning: Ill-conditioned matrix (rcond=5.49056e-15): result may not be accurate.
  return linalg.solve(A, Xy, assume_a="pos", overwrite_a=True).T

2026-01-29 16:42:58,596:WARNING:/home/ilyandho/.local/share/mamba/envs/pycaret/lib/python3.10/site-packages/sklearn/linear_model/_ridge.py:204: LinAlgWarning: Ill-conditioned matrix (rcond=7.10649e-15): result may not be accurate.
  return linalg.solve(A, Xy, assume_a="pos", overwrite_a=True).T

2026-01-29 16:42:58,933:WARNING:/home/ilyandho/.local/share/mamba/envs/pycaret/lib/python3.10/site-packages/sklearn/linear_model/_ridge.py:204: LinAlgWarning: Ill-conditioned matrix (rcond=4.3233e-15): result may not be accurate.
  return linalg.solve(A, Xy, assume_a="pos", overwrite_a=True).T

2026-01-29 16:42:59,163:WARNING:/home/ilyandho/.local/share/mamba/envs/pycaret/lib/python3.10/site-packages/sklearn/linear_model/_ridge.py:204: LinAlgWarning: Ill-conditioned matrix (rcond=5.21191e-15): result may not be accurate.
  return linalg.solve(A, Xy, assume_a="pos", overwrite_a=True).T

2026-01-29 16:42:59,555:WARNING:/home/ilyandho/.local/share/mamba/envs/pycaret/lib/python3.10/site-packages/sklearn/linear_model/_ridge.py:204: LinAlgWarning: Ill-conditioned matrix (rcond=7.27511e-15): result may not be accurate.
  return linalg.solve(A, Xy, assume_a="pos", overwrite_a=True).T

2026-01-29 16:42:59,893:WARNING:/home/ilyandho/.local/share/mamba/envs/pycaret/lib/python3.10/site-packages/sklearn/linear_model/_ridge.py:204: LinAlgWarning: Ill-conditioned matrix (rcond=7.09549e-15): result may not be accurate.
  return linalg.solve(A, Xy, assume_a="pos", overwrite_a=True).T

2026-01-29 16:43:00,068:WARNING:/home/ilyandho/.local/share/mamba/envs/pycaret/lib/python3.10/site-packages/sklearn/linear_model/_ridge.py:204: LinAlgWarning: Ill-conditioned matrix (rcond=5.81579e-15): result may not be accurate.
  return linalg.solve(A, Xy, assume_a="pos", overwrite_a=True).T

2026-01-29 16:43:00,108:WARNING:/home/ilyandho/.local/share/mamba/envs/pycaret/lib/python3.10/site-packages/sklearn/linear_model/_ridge.py:204: LinAlgWarning: Ill-conditioned matrix (rcond=5.58106e-15): result may not be accurate.
  return linalg.solve(A, Xy, assume_a="pos", overwrite_a=True).T

2026-01-29 16:43:00,320:WARNING:/home/ilyandho/.local/share/mamba/envs/pycaret/lib/python3.10/site-packages/sklearn/linear_model/_ridge.py:204: LinAlgWarning: Ill-conditioned matrix (rcond=7.49569e-15): result may not be accurate.
  return linalg.solve(A, Xy, assume_a="pos", overwrite_a=True).T

2026-01-29 16:43:00,372:INFO:Calculating mean and std
2026-01-29 16:43:00,374:INFO:Creating metrics dataframe
2026-01-29 16:43:00,378:INFO:Uploading results into container
2026-01-29 16:43:00,379:INFO:Uploading model into container now
2026-01-29 16:43:00,380:INFO:_master_model_container: 3
2026-01-29 16:43:00,381:INFO:_display_container: 2
2026-01-29 16:43:00,382:INFO:Ridge(random_state=42)
2026-01-29 16:43:00,382:INFO:create_model() successfully completed......................................
2026-01-29 16:43:00,480:INFO:SubProcess create_model() end ==================================
2026-01-29 16:43:00,480:INFO:Creating metrics dataframe
2026-01-29 16:43:00,490:INFO:Initializing Elastic Net
2026-01-29 16:43:00,490:INFO:Total runtime is 0.2572364727656047 minutes
2026-01-29 16:43:00,498:INFO:SubProcess create_model() called ==================================
2026-01-29 16:43:00,499:INFO:Initializing create_model()
2026-01-29 16:43:00,499:INFO:create_model(self=<pycaret.regression.oop.RegressionExperiment object at 0x7fc48ec7bbe0>, estimator=en, fold=KFold(n_splits=10, random_state=None, shuffle=False), round=4, cross_validation=True, predict=True, fit_kwargs={}, groups=None, refit=False, probability_threshold=None, experiment_custom_tags=None, verbose=False, system=False, add_to_model_list=True, metrics=None, display=<pycaret.internal.display.display.CommonDisplay object at 0x7fc48c15c1c0>, model_only=True, return_train_score=False, error_score=0.0, kwargs={})
2026-01-29 16:43:00,499:INFO:Checking exceptions
2026-01-29 16:43:00,499:INFO:Importing libraries
2026-01-29 16:43:00,499:INFO:Copying training dataset
2026-01-29 16:43:00,586:INFO:Defining folds
2026-01-29 16:43:00,586:INFO:Declaring metric variables
2026-01-29 16:43:00,596:INFO:Importing untrained model
2026-01-29 16:43:00,603:INFO:Elastic Net Imported successfully
2026-01-29 16:43:00,622:INFO:Starting cross validation
2026-01-29 16:43:00,628:INFO:Cross validating with KFold(n_splits=10, random_state=None, shuffle=False), n_jobs=-1
2026-01-29 16:43:03,904:INFO:Calculating mean and std
2026-01-29 16:43:03,906:INFO:Creating metrics dataframe
2026-01-29 16:43:03,909:INFO:Uploading results into container
2026-01-29 16:43:03,910:INFO:Uploading model into container now
2026-01-29 16:43:03,911:INFO:_master_model_container: 4
2026-01-29 16:43:03,911:INFO:_display_container: 2
2026-01-29 16:43:03,912:INFO:ElasticNet(random_state=42)
2026-01-29 16:43:03,912:INFO:create_model() successfully completed......................................
2026-01-29 16:43:04,009:INFO:SubProcess create_model() end ==================================
2026-01-29 16:43:04,009:INFO:Creating metrics dataframe
2026-01-29 16:43:04,019:INFO:Initializing Least Angle Regression
2026-01-29 16:43:04,019:INFO:Total runtime is 0.31605081160863246 minutes
2026-01-29 16:43:04,028:INFO:SubProcess create_model() called ==================================
2026-01-29 16:43:04,029:INFO:Initializing create_model()
2026-01-29 16:43:04,029:INFO:create_model(self=<pycaret.regression.oop.RegressionExperiment object at 0x7fc48ec7bbe0>, estimator=lar, fold=KFold(n_splits=10, random_state=None, shuffle=False), round=4, cross_validation=True, predict=True, fit_kwargs={}, groups=None, refit=False, probability_threshold=None, experiment_custom_tags=None, verbose=False, system=False, add_to_model_list=True, metrics=None, display=<pycaret.internal.display.display.CommonDisplay object at 0x7fc48c15c1c0>, model_only=True, return_train_score=False, error_score=0.0, kwargs={})
2026-01-29 16:43:04,029:INFO:Checking exceptions
2026-01-29 16:43:04,029:INFO:Importing libraries
2026-01-29 16:43:04,030:INFO:Copying training dataset
2026-01-29 16:43:04,264:INFO:Defining folds
2026-01-29 16:43:04,265:INFO:Declaring metric variables
2026-01-29 16:43:04,281:INFO:Importing untrained model
2026-01-29 16:43:04,296:INFO:Least Angle Regression Imported successfully
2026-01-29 16:43:04,329:INFO:Starting cross validation
2026-01-29 16:43:04,344:INFO:Cross validating with KFold(n_splits=10, random_state=None, shuffle=False), n_jobs=-1
2026-01-29 16:43:05,834:WARNING:/home/ilyandho/.local/share/mamba/envs/pycaret/lib/python3.10/site-packages/sklearn/linear_model/_least_angle.py:775: RuntimeWarning: overflow encountered in divide
  g2 = arrayfuncs.min_pos((C + Cov) / (AA + corr_eq_dir + tiny32))

2026-01-29 16:43:05,835:WARNING:/home/ilyandho/.local/share/mamba/envs/pycaret/lib/python3.10/site-packages/sklearn/linear_model/_least_angle.py:812: RuntimeWarning: overflow encountered in multiply
  coef[active] = prev_coef[active] + gamma_ * least_squares

2026-01-29 16:43:05,835:WARNING:/home/ilyandho/.local/share/mamba/envs/pycaret/lib/python3.10/site-packages/sklearn/linear_model/_least_angle.py:771: RuntimeWarning: overflow encountered in divide
  g1 = arrayfuncs.min_pos((C - Cov) / (AA - corr_eq_dir + tiny32))

2026-01-29 16:43:05,836:WARNING:/home/ilyandho/.local/share/mamba/envs/pycaret/lib/python3.10/site-packages/sklearn/linear_model/_least_angle.py:780: RuntimeWarning: overflow encountered in divide
  z = -coef[active] / (least_squares + tiny32)

2026-01-29 16:43:05,837:WARNING:/home/ilyandho/.local/share/mamba/envs/pycaret/lib/python3.10/site-packages/sklearn/linear_model/_least_angle.py:812: RuntimeWarning: overflow encountered in cast
  coef[active] = prev_coef[active] + gamma_ * least_squares

2026-01-29 16:43:06,025:WARNING:/home/ilyandho/.local/share/mamba/envs/pycaret/lib/python3.10/site-packages/sklearn/utils/extmath.py:208: RuntimeWarning: overflow encountered in matmul
  ret = a @ b

2026-01-29 16:43:06,026:WARNING:/home/ilyandho/.local/share/mamba/envs/pycaret/lib/python3.10/site-packages/sklearn/utils/extmath.py:208: RuntimeWarning: invalid value encountered in matmul
  ret = a @ b

2026-01-29 16:43:06,033:WARNING:/home/ilyandho/.local/share/mamba/envs/pycaret/lib/python3.10/site-packages/pycaret/internal/metrics.py:204: FitFailedWarning: Metric 'make_scorer(root_mean_squared_log_error, greater_is_better=False, response_method='predict')' failed and error score 0.0 has been returned instead. If this is a custom metric, this usually means that the error is in the metric code. Full exception below:
Traceback (most recent call last):
  File "/home/ilyandho/.local/share/mamba/envs/pycaret/lib/python3.10/site-packages/pycaret/internal/metrics.py", line 196, in _score
    return super()._score(
  File "/home/ilyandho/.local/share/mamba/envs/pycaret/lib/python3.10/site-packages/sklearn/metrics/_scorer.py", line 350, in _score
    return self._sign * self._score_func(y_true, y_pred, **scoring_kwargs)
  File "/home/ilyandho/.local/share/mamba/envs/pycaret/lib/python3.10/site-packages/pycaret/containers/metrics/regression.py", line 209, in root_mean_squared_log_error
    metrics.mean_squared_log_error(
  File "/home/ilyandho/.local/share/mamba/envs/pycaret/lib/python3.10/site-packages/sklearn/utils/_param_validation.py", line 213, in wrapper
    return func(*args, **kwargs)
  File "/home/ilyandho/.local/share/mamba/envs/pycaret/lib/python3.10/site-packages/sklearn/metrics/_regression.py", line 680, in mean_squared_log_error
    y_type, y_true, y_pred, multioutput = _check_reg_targets(
  File "/home/ilyandho/.local/share/mamba/envs/pycaret/lib/python3.10/site-packages/sklearn/metrics/_regression.py", line 104, in _check_reg_targets
    y_pred = check_array(y_pred, ensure_2d=False, dtype=dtype)
  File "/home/ilyandho/.local/share/mamba/envs/pycaret/lib/python3.10/site-packages/sklearn/utils/validation.py", line 1049, in check_array
    _assert_all_finite(
  File "/home/ilyandho/.local/share/mamba/envs/pycaret/lib/python3.10/site-packages/sklearn/utils/validation.py", line 126, in _assert_all_finite
    _assert_all_finite_element_wise(
  File "/home/ilyandho/.local/share/mamba/envs/pycaret/lib/python3.10/site-packages/sklearn/utils/validation.py", line 175, in _assert_all_finite_element_wise
    raise ValueError(msg_err)
ValueError: Input contains NaN.

  warnings.warn(

2026-01-29 16:43:06,034:WARNING:/home/ilyandho/.local/share/mamba/envs/pycaret/lib/python3.10/site-packages/pycaret/internal/metrics.py:204: FitFailedWarning: Metric 'make_scorer(mean_absolute_percentage_error, greater_is_better=False, response_method='predict')' failed and error score 0.0 has been returned instead. If this is a custom metric, this usually means that the error is in the metric code. Full exception below:
Traceback (most recent call last):
  File "/home/ilyandho/.local/share/mamba/envs/pycaret/lib/python3.10/site-packages/pycaret/internal/metrics.py", line 196, in _score
    return super()._score(
  File "/home/ilyandho/.local/share/mamba/envs/pycaret/lib/python3.10/site-packages/sklearn/metrics/_scorer.py", line 350, in _score
    return self._sign * self._score_func(y_true, y_pred, **scoring_kwargs)
  File "/home/ilyandho/.local/share/mamba/envs/pycaret/lib/python3.10/site-packages/pycaret/containers/metrics/regression.py", line 233, in mean_absolute_percentage_error
    y_type, y_true, y_pred, multioutput = _check_reg_targets(
  File "/home/ilyandho/.local/share/mamba/envs/pycaret/lib/python3.10/site-packages/sklearn/metrics/_regression.py", line 104, in _check_reg_targets
    y_pred = check_array(y_pred, ensure_2d=False, dtype=dtype)
  File "/home/ilyandho/.local/share/mamba/envs/pycaret/lib/python3.10/site-packages/sklearn/utils/validation.py", line 1049, in check_array
    _assert_all_finite(
  File "/home/ilyandho/.local/share/mamba/envs/pycaret/lib/python3.10/site-packages/sklearn/utils/validation.py", line 126, in _assert_all_finite
    _assert_all_finite_element_wise(
  File "/home/ilyandho/.local/share/mamba/envs/pycaret/lib/python3.10/site-packages/sklearn/utils/validation.py", line 175, in _assert_all_finite_element_wise
    raise ValueError(msg_err)
ValueError: Input contains NaN.

  warnings.warn(

2026-01-29 16:43:06,034:WARNING:/home/ilyandho/.local/share/mamba/envs/pycaret/lib/python3.10/site-packages/sklearn/model_selection/_validation.py:1011: UserWarning: Scoring failed. The score on this train-test partition for these parameters will be set to 0.0. Details: 
Traceback (most recent call last):
  File "/home/ilyandho/.local/share/mamba/envs/pycaret/lib/python3.10/site-packages/sklearn/metrics/_scorer.py", line 137, in __call__
    score = scorer._score(
  File "/home/ilyandho/.local/share/mamba/envs/pycaret/lib/python3.10/site-packages/sklearn/metrics/_scorer.py", line 350, in _score
    return self._sign * self._score_func(y_true, y_pred, **scoring_kwargs)
  File "/home/ilyandho/.local/share/mamba/envs/pycaret/lib/python3.10/site-packages/sklearn/utils/_param_validation.py", line 213, in wrapper
    return func(*args, **kwargs)
  File "/home/ilyandho/.local/share/mamba/envs/pycaret/lib/python3.10/site-packages/sklearn/metrics/_regression.py", line 207, in mean_absolute_error
    y_type, y_true, y_pred, multioutput = _check_reg_targets(
  File "/home/ilyandho/.local/share/mamba/envs/pycaret/lib/python3.10/site-packages/sklearn/metrics/_regression.py", line 104, in _check_reg_targets
    y_pred = check_array(y_pred, ensure_2d=False, dtype=dtype)
  File "/home/ilyandho/.local/share/mamba/envs/pycaret/lib/python3.10/site-packages/sklearn/utils/validation.py", line 1049, in check_array
    _assert_all_finite(
  File "/home/ilyandho/.local/share/mamba/envs/pycaret/lib/python3.10/site-packages/sklearn/utils/validation.py", line 126, in _assert_all_finite
    _assert_all_finite_element_wise(
  File "/home/ilyandho/.local/share/mamba/envs/pycaret/lib/python3.10/site-packages/sklearn/utils/validation.py", line 175, in _assert_all_finite_element_wise
    raise ValueError(msg_err)
ValueError: Input contains NaN.

  warnings.warn(

2026-01-29 16:43:06,034:WARNING:/home/ilyandho/.local/share/mamba/envs/pycaret/lib/python3.10/site-packages/sklearn/model_selection/_validation.py:1011: UserWarning: Scoring failed. The score on this train-test partition for these parameters will be set to 0.0. Details: 
Traceback (most recent call last):
  File "/home/ilyandho/.local/share/mamba/envs/pycaret/lib/python3.10/site-packages/sklearn/metrics/_scorer.py", line 137, in __call__
    score = scorer._score(
  File "/home/ilyandho/.local/share/mamba/envs/pycaret/lib/python3.10/site-packages/sklearn/metrics/_scorer.py", line 350, in _score
    return self._sign * self._score_func(y_true, y_pred, **scoring_kwargs)
  File "/home/ilyandho/.local/share/mamba/envs/pycaret/lib/python3.10/site-packages/sklearn/utils/_param_validation.py", line 213, in wrapper
    return func(*args, **kwargs)
  File "/home/ilyandho/.local/share/mamba/envs/pycaret/lib/python3.10/site-packages/sklearn/metrics/_regression.py", line 497, in mean_squared_error
    y_type, y_true, y_pred, multioutput = _check_reg_targets(
  File "/home/ilyandho/.local/share/mamba/envs/pycaret/lib/python3.10/site-packages/sklearn/metrics/_regression.py", line 104, in _check_reg_targets
    y_pred = check_array(y_pred, ensure_2d=False, dtype=dtype)
  File "/home/ilyandho/.local/share/mamba/envs/pycaret/lib/python3.10/site-packages/sklearn/utils/validation.py", line 1049, in check_array
    _assert_all_finite(
  File "/home/ilyandho/.local/share/mamba/envs/pycaret/lib/python3.10/site-packages/sklearn/utils/validation.py", line 126, in _assert_all_finite
    _assert_all_finite_element_wise(
  File "/home/ilyandho/.local/share/mamba/envs/pycaret/lib/python3.10/site-packages/sklearn/utils/validation.py", line 175, in _assert_all_finite_element_wise
    raise ValueError(msg_err)
ValueError: Input contains NaN.

  warnings.warn(

2026-01-29 16:43:06,035:WARNING:/home/ilyandho/.local/share/mamba/envs/pycaret/lib/python3.10/site-packages/sklearn/model_selection/_validation.py:1011: UserWarning: Scoring failed. The score on this train-test partition for these parameters will be set to 0.0. Details: 
Traceback (most recent call last):
  File "/home/ilyandho/.local/share/mamba/envs/pycaret/lib/python3.10/site-packages/sklearn/metrics/_scorer.py", line 137, in __call__
    score = scorer._score(
  File "/home/ilyandho/.local/share/mamba/envs/pycaret/lib/python3.10/site-packages/sklearn/metrics/_scorer.py", line 350, in _score
    return self._sign * self._score_func(y_true, y_pred, **scoring_kwargs)
  File "/home/ilyandho/.local/share/mamba/envs/pycaret/lib/python3.10/site-packages/sklearn/utils/_param_validation.py", line 213, in wrapper
    return func(*args, **kwargs)
  File "/home/ilyandho/.local/share/mamba/envs/pycaret/lib/python3.10/site-packages/sklearn/metrics/_regression.py", line 572, in root_mean_squared_error
    mean_squared_error(
  File "/home/ilyandho/.local/share/mamba/envs/pycaret/lib/python3.10/site-packages/sklearn/utils/_param_validation.py", line 186, in wrapper
    return func(*args, **kwargs)
  File "/home/ilyandho/.local/share/mamba/envs/pycaret/lib/python3.10/site-packages/sklearn/metrics/_regression.py", line 497, in mean_squared_error
    y_type, y_true, y_pred, multioutput = _check_reg_targets(
  File "/home/ilyandho/.local/share/mamba/envs/pycaret/lib/python3.10/site-packages/sklearn/metrics/_regression.py", line 104, in _check_reg_targets
    y_pred = check_array(y_pred, ensure_2d=False, dtype=dtype)
  File "/home/ilyandho/.local/share/mamba/envs/pycaret/lib/python3.10/site-packages/sklearn/utils/validation.py", line 1049, in check_array
    _assert_all_finite(
  File "/home/ilyandho/.local/share/mamba/envs/pycaret/lib/python3.10/site-packages/sklearn/utils/validation.py", line 126, in _assert_all_finite
    _assert_all_finite_element_wise(
  File "/home/ilyandho/.local/share/mamba/envs/pycaret/lib/python3.10/site-packages/sklearn/utils/validation.py", line 175, in _assert_all_finite_element_wise
    raise ValueError(msg_err)
ValueError: Input contains NaN.

  warnings.warn(

2026-01-29 16:43:06,035:WARNING:/home/ilyandho/.local/share/mamba/envs/pycaret/lib/python3.10/site-packages/sklearn/model_selection/_validation.py:1011: UserWarning: Scoring failed. The score on this train-test partition for these parameters will be set to 0.0. Details: 
Traceback (most recent call last):
  File "/home/ilyandho/.local/share/mamba/envs/pycaret/lib/python3.10/site-packages/sklearn/metrics/_scorer.py", line 137, in __call__
    score = scorer._score(
  File "/home/ilyandho/.local/share/mamba/envs/pycaret/lib/python3.10/site-packages/sklearn/metrics/_scorer.py", line 350, in _score
    return self._sign * self._score_func(y_true, y_pred, **scoring_kwargs)
  File "/home/ilyandho/.local/share/mamba/envs/pycaret/lib/python3.10/site-packages/sklearn/utils/_param_validation.py", line 213, in wrapper
    return func(*args, **kwargs)
  File "/home/ilyandho/.local/share/mamba/envs/pycaret/lib/python3.10/site-packages/sklearn/metrics/_regression.py", line 1180, in r2_score
    y_type, y_true, y_pred, multioutput = _check_reg_targets(
  File "/home/ilyandho/.local/share/mamba/envs/pycaret/lib/python3.10/site-packages/sklearn/metrics/_regression.py", line 104, in _check_reg_targets
    y_pred = check_array(y_pred, ensure_2d=False, dtype=dtype)
  File "/home/ilyandho/.local/share/mamba/envs/pycaret/lib/python3.10/site-packages/sklearn/utils/validation.py", line 1049, in check_array
    _assert_all_finite(
  File "/home/ilyandho/.local/share/mamba/envs/pycaret/lib/python3.10/site-packages/sklearn/utils/validation.py", line 126, in _assert_all_finite
    _assert_all_finite_element_wise(
  File "/home/ilyandho/.local/share/mamba/envs/pycaret/lib/python3.10/site-packages/sklearn/utils/validation.py", line 175, in _assert_all_finite_element_wise
    raise ValueError(msg_err)
ValueError: Input contains NaN.

  warnings.warn(

2026-01-29 16:43:07,519:WARNING:/home/ilyandho/.local/share/mamba/envs/pycaret/lib/python3.10/site-packages/sklearn/linear_model/_least_angle.py:812: RuntimeWarning: overflow encountered in add
  coef[active] = prev_coef[active] + gamma_ * least_squares

2026-01-29 16:43:07,520:WARNING:/home/ilyandho/.local/share/mamba/envs/pycaret/lib/python3.10/site-packages/sklearn/linear_model/_least_angle.py:812: RuntimeWarning: overflow encountered in multiply
  coef[active] = prev_coef[active] + gamma_ * least_squares

2026-01-29 16:43:07,521:WARNING:/home/ilyandho/.local/share/mamba/envs/pycaret/lib/python3.10/site-packages/sklearn/linear_model/_least_angle.py:775: RuntimeWarning: overflow encountered in divide
  g2 = arrayfuncs.min_pos((C + Cov) / (AA + corr_eq_dir + tiny32))

2026-01-29 16:43:07,522:WARNING:/home/ilyandho/.local/share/mamba/envs/pycaret/lib/python3.10/site-packages/sklearn/linear_model/_least_angle.py:771: RuntimeWarning: overflow encountered in divide
  g1 = arrayfuncs.min_pos((C - Cov) / (AA - corr_eq_dir + tiny32))

2026-01-29 16:43:07,523:WARNING:/home/ilyandho/.local/share/mamba/envs/pycaret/lib/python3.10/site-packages/sklearn/linear_model/_least_angle.py:780: RuntimeWarning: overflow encountered in divide
  z = -coef[active] / (least_squares + tiny32)

2026-01-29 16:43:07,624:WARNING:/home/ilyandho/.local/share/mamba/envs/pycaret/lib/python3.10/site-packages/sklearn/utils/extmath.py:208: RuntimeWarning: overflow encountered in matmul
  ret = a @ b

2026-01-29 16:43:07,624:WARNING:/home/ilyandho/.local/share/mamba/envs/pycaret/lib/python3.10/site-packages/sklearn/utils/extmath.py:208: RuntimeWarning: invalid value encountered in matmul
  ret = a @ b

2026-01-29 16:43:07,633:WARNING:/home/ilyandho/.local/share/mamba/envs/pycaret/lib/python3.10/site-packages/pycaret/internal/metrics.py:204: FitFailedWarning: Metric 'make_scorer(root_mean_squared_log_error, greater_is_better=False, response_method='predict')' failed and error score 0.0 has been returned instead. If this is a custom metric, this usually means that the error is in the metric code. Full exception below:
Traceback (most recent call last):
  File "/home/ilyandho/.local/share/mamba/envs/pycaret/lib/python3.10/site-packages/pycaret/internal/metrics.py", line 196, in _score
    return super()._score(
  File "/home/ilyandho/.local/share/mamba/envs/pycaret/lib/python3.10/site-packages/sklearn/metrics/_scorer.py", line 350, in _score
    return self._sign * self._score_func(y_true, y_pred, **scoring_kwargs)
  File "/home/ilyandho/.local/share/mamba/envs/pycaret/lib/python3.10/site-packages/pycaret/containers/metrics/regression.py", line 209, in root_mean_squared_log_error
    metrics.mean_squared_log_error(
  File "/home/ilyandho/.local/share/mamba/envs/pycaret/lib/python3.10/site-packages/sklearn/utils/_param_validation.py", line 213, in wrapper
    return func(*args, **kwargs)
  File "/home/ilyandho/.local/share/mamba/envs/pycaret/lib/python3.10/site-packages/sklearn/metrics/_regression.py", line 680, in mean_squared_log_error
    y_type, y_true, y_pred, multioutput = _check_reg_targets(
  File "/home/ilyandho/.local/share/mamba/envs/pycaret/lib/python3.10/site-packages/sklearn/metrics/_regression.py", line 104, in _check_reg_targets
    y_pred = check_array(y_pred, ensure_2d=False, dtype=dtype)
  File "/home/ilyandho/.local/share/mamba/envs/pycaret/lib/python3.10/site-packages/sklearn/utils/validation.py", line 1049, in check_array
    _assert_all_finite(
  File "/home/ilyandho/.local/share/mamba/envs/pycaret/lib/python3.10/site-packages/sklearn/utils/validation.py", line 126, in _assert_all_finite
    _assert_all_finite_element_wise(
  File "/home/ilyandho/.local/share/mamba/envs/pycaret/lib/python3.10/site-packages/sklearn/utils/validation.py", line 175, in _assert_all_finite_element_wise
    raise ValueError(msg_err)
ValueError: Input contains NaN.

  warnings.warn(

2026-01-29 16:43:07,634:WARNING:/home/ilyandho/.local/share/mamba/envs/pycaret/lib/python3.10/site-packages/pycaret/internal/metrics.py:204: FitFailedWarning: Metric 'make_scorer(mean_absolute_percentage_error, greater_is_better=False, response_method='predict')' failed and error score 0.0 has been returned instead. If this is a custom metric, this usually means that the error is in the metric code. Full exception below:
Traceback (most recent call last):
  File "/home/ilyandho/.local/share/mamba/envs/pycaret/lib/python3.10/site-packages/pycaret/internal/metrics.py", line 196, in _score
    return super()._score(
  File "/home/ilyandho/.local/share/mamba/envs/pycaret/lib/python3.10/site-packages/sklearn/metrics/_scorer.py", line 350, in _score
    return self._sign * self._score_func(y_true, y_pred, **scoring_kwargs)
  File "/home/ilyandho/.local/share/mamba/envs/pycaret/lib/python3.10/site-packages/pycaret/containers/metrics/regression.py", line 233, in mean_absolute_percentage_error
    y_type, y_true, y_pred, multioutput = _check_reg_targets(
  File "/home/ilyandho/.local/share/mamba/envs/pycaret/lib/python3.10/site-packages/sklearn/metrics/_regression.py", line 104, in _check_reg_targets
    y_pred = check_array(y_pred, ensure_2d=False, dtype=dtype)
  File "/home/ilyandho/.local/share/mamba/envs/pycaret/lib/python3.10/site-packages/sklearn/utils/validation.py", line 1049, in check_array
    _assert_all_finite(
  File "/home/ilyandho/.local/share/mamba/envs/pycaret/lib/python3.10/site-packages/sklearn/utils/validation.py", line 126, in _assert_all_finite
    _assert_all_finite_element_wise(
  File "/home/ilyandho/.local/share/mamba/envs/pycaret/lib/python3.10/site-packages/sklearn/utils/validation.py", line 175, in _assert_all_finite_element_wise
    raise ValueError(msg_err)
ValueError: Input contains NaN.

  warnings.warn(

2026-01-29 16:43:07,635:WARNING:/home/ilyandho/.local/share/mamba/envs/pycaret/lib/python3.10/site-packages/sklearn/model_selection/_validation.py:1011: UserWarning: Scoring failed. The score on this train-test partition for these parameters will be set to 0.0. Details: 
Traceback (most recent call last):
  File "/home/ilyandho/.local/share/mamba/envs/pycaret/lib/python3.10/site-packages/sklearn/metrics/_scorer.py", line 137, in __call__
    score = scorer._score(
  File "/home/ilyandho/.local/share/mamba/envs/pycaret/lib/python3.10/site-packages/sklearn/metrics/_scorer.py", line 350, in _score
    return self._sign * self._score_func(y_true, y_pred, **scoring_kwargs)
  File "/home/ilyandho/.local/share/mamba/envs/pycaret/lib/python3.10/site-packages/sklearn/utils/_param_validation.py", line 213, in wrapper
    return func(*args, **kwargs)
  File "/home/ilyandho/.local/share/mamba/envs/pycaret/lib/python3.10/site-packages/sklearn/metrics/_regression.py", line 207, in mean_absolute_error
    y_type, y_true, y_pred, multioutput = _check_reg_targets(
  File "/home/ilyandho/.local/share/mamba/envs/pycaret/lib/python3.10/site-packages/sklearn/metrics/_regression.py", line 104, in _check_reg_targets
    y_pred = check_array(y_pred, ensure_2d=False, dtype=dtype)
  File "/home/ilyandho/.local/share/mamba/envs/pycaret/lib/python3.10/site-packages/sklearn/utils/validation.py", line 1049, in check_array
    _assert_all_finite(
  File "/home/ilyandho/.local/share/mamba/envs/pycaret/lib/python3.10/site-packages/sklearn/utils/validation.py", line 126, in _assert_all_finite
    _assert_all_finite_element_wise(
  File "/home/ilyandho/.local/share/mamba/envs/pycaret/lib/python3.10/site-packages/sklearn/utils/validation.py", line 175, in _assert_all_finite_element_wise
    raise ValueError(msg_err)
ValueError: Input contains NaN.

  warnings.warn(

2026-01-29 16:43:07,635:WARNING:/home/ilyandho/.local/share/mamba/envs/pycaret/lib/python3.10/site-packages/sklearn/model_selection/_validation.py:1011: UserWarning: Scoring failed. The score on this train-test partition for these parameters will be set to 0.0. Details: 
Traceback (most recent call last):
  File "/home/ilyandho/.local/share/mamba/envs/pycaret/lib/python3.10/site-packages/sklearn/metrics/_scorer.py", line 137, in __call__
    score = scorer._score(
  File "/home/ilyandho/.local/share/mamba/envs/pycaret/lib/python3.10/site-packages/sklearn/metrics/_scorer.py", line 350, in _score
    return self._sign * self._score_func(y_true, y_pred, **scoring_kwargs)
  File "/home/ilyandho/.local/share/mamba/envs/pycaret/lib/python3.10/site-packages/sklearn/utils/_param_validation.py", line 213, in wrapper
    return func(*args, **kwargs)
  File "/home/ilyandho/.local/share/mamba/envs/pycaret/lib/python3.10/site-packages/sklearn/metrics/_regression.py", line 497, in mean_squared_error
    y_type, y_true, y_pred, multioutput = _check_reg_targets(
  File "/home/ilyandho/.local/share/mamba/envs/pycaret/lib/python3.10/site-packages/sklearn/metrics/_regression.py", line 104, in _check_reg_targets
    y_pred = check_array(y_pred, ensure_2d=False, dtype=dtype)
  File "/home/ilyandho/.local/share/mamba/envs/pycaret/lib/python3.10/site-packages/sklearn/utils/validation.py", line 1049, in check_array
    _assert_all_finite(
  File "/home/ilyandho/.local/share/mamba/envs/pycaret/lib/python3.10/site-packages/sklearn/utils/validation.py", line 126, in _assert_all_finite
    _assert_all_finite_element_wise(
  File "/home/ilyandho/.local/share/mamba/envs/pycaret/lib/python3.10/site-packages/sklearn/utils/validation.py", line 175, in _assert_all_finite_element_wise
    raise ValueError(msg_err)
ValueError: Input contains NaN.

  warnings.warn(

2026-01-29 16:43:07,635:WARNING:/home/ilyandho/.local/share/mamba/envs/pycaret/lib/python3.10/site-packages/sklearn/model_selection/_validation.py:1011: UserWarning: Scoring failed. The score on this train-test partition for these parameters will be set to 0.0. Details: 
Traceback (most recent call last):
  File "/home/ilyandho/.local/share/mamba/envs/pycaret/lib/python3.10/site-packages/sklearn/metrics/_scorer.py", line 137, in __call__
    score = scorer._score(
  File "/home/ilyandho/.local/share/mamba/envs/pycaret/lib/python3.10/site-packages/sklearn/metrics/_scorer.py", line 350, in _score
    return self._sign * self._score_func(y_true, y_pred, **scoring_kwargs)
  File "/home/ilyandho/.local/share/mamba/envs/pycaret/lib/python3.10/site-packages/sklearn/utils/_param_validation.py", line 213, in wrapper
    return func(*args, **kwargs)
  File "/home/ilyandho/.local/share/mamba/envs/pycaret/lib/python3.10/site-packages/sklearn/metrics/_regression.py", line 572, in root_mean_squared_error
    mean_squared_error(
  File "/home/ilyandho/.local/share/mamba/envs/pycaret/lib/python3.10/site-packages/sklearn/utils/_param_validation.py", line 186, in wrapper
    return func(*args, **kwargs)
  File "/home/ilyandho/.local/share/mamba/envs/pycaret/lib/python3.10/site-packages/sklearn/metrics/_regression.py", line 497, in mean_squared_error
    y_type, y_true, y_pred, multioutput = _check_reg_targets(
  File "/home/ilyandho/.local/share/mamba/envs/pycaret/lib/python3.10/site-packages/sklearn/metrics/_regression.py", line 104, in _check_reg_targets
    y_pred = check_array(y_pred, ensure_2d=False, dtype=dtype)
  File "/home/ilyandho/.local/share/mamba/envs/pycaret/lib/python3.10/site-packages/sklearn/utils/validation.py", line 1049, in check_array
    _assert_all_finite(
  File "/home/ilyandho/.local/share/mamba/envs/pycaret/lib/python3.10/site-packages/sklearn/utils/validation.py", line 126, in _assert_all_finite
    _assert_all_finite_element_wise(
  File "/home/ilyandho/.local/share/mamba/envs/pycaret/lib/python3.10/site-packages/sklearn/utils/validation.py", line 175, in _assert_all_finite_element_wise
    raise ValueError(msg_err)
ValueError: Input contains NaN.

  warnings.warn(

2026-01-29 16:43:07,636:WARNING:/home/ilyandho/.local/share/mamba/envs/pycaret/lib/python3.10/site-packages/sklearn/model_selection/_validation.py:1011: UserWarning: Scoring failed. The score on this train-test partition for these parameters will be set to 0.0. Details: 
Traceback (most recent call last):
  File "/home/ilyandho/.local/share/mamba/envs/pycaret/lib/python3.10/site-packages/sklearn/metrics/_scorer.py", line 137, in __call__
    score = scorer._score(
  File "/home/ilyandho/.local/share/mamba/envs/pycaret/lib/python3.10/site-packages/sklearn/metrics/_scorer.py", line 350, in _score
    return self._sign * self._score_func(y_true, y_pred, **scoring_kwargs)
  File "/home/ilyandho/.local/share/mamba/envs/pycaret/lib/python3.10/site-packages/sklearn/utils/_param_validation.py", line 213, in wrapper
    return func(*args, **kwargs)
  File "/home/ilyandho/.local/share/mamba/envs/pycaret/lib/python3.10/site-packages/sklearn/metrics/_regression.py", line 1180, in r2_score
    y_type, y_true, y_pred, multioutput = _check_reg_targets(
  File "/home/ilyandho/.local/share/mamba/envs/pycaret/lib/python3.10/site-packages/sklearn/metrics/_regression.py", line 104, in _check_reg_targets
    y_pred = check_array(y_pred, ensure_2d=False, dtype=dtype)
  File "/home/ilyandho/.local/share/mamba/envs/pycaret/lib/python3.10/site-packages/sklearn/utils/validation.py", line 1049, in check_array
    _assert_all_finite(
  File "/home/ilyandho/.local/share/mamba/envs/pycaret/lib/python3.10/site-packages/sklearn/utils/validation.py", line 126, in _assert_all_finite
    _assert_all_finite_element_wise(
  File "/home/ilyandho/.local/share/mamba/envs/pycaret/lib/python3.10/site-packages/sklearn/utils/validation.py", line 175, in _assert_all_finite_element_wise
    raise ValueError(msg_err)
ValueError: Input contains NaN.

  warnings.warn(

2026-01-29 16:43:07,754:INFO:Calculating mean and std
2026-01-29 16:43:07,760:INFO:Creating metrics dataframe
2026-01-29 16:43:07,765:INFO:Uploading results into container
2026-01-29 16:43:07,766:INFO:Uploading model into container now
2026-01-29 16:43:07,767:INFO:_master_model_container: 5
2026-01-29 16:43:07,767:INFO:_display_container: 2
2026-01-29 16:43:07,768:INFO:Lars(random_state=42)
2026-01-29 16:43:07,768:INFO:create_model() successfully completed......................................
2026-01-29 16:43:07,896:INFO:SubProcess create_model() end ==================================
2026-01-29 16:43:07,896:INFO:Creating metrics dataframe
2026-01-29 16:43:07,910:INFO:Initializing Lasso Least Angle Regression
2026-01-29 16:43:07,910:INFO:Total runtime is 0.3808999061584473 minutes
2026-01-29 16:43:07,922:INFO:SubProcess create_model() called ==================================
2026-01-29 16:43:07,923:INFO:Initializing create_model()
2026-01-29 16:43:07,923:INFO:create_model(self=<pycaret.regression.oop.RegressionExperiment object at 0x7fc48ec7bbe0>, estimator=llar, fold=KFold(n_splits=10, random_state=None, shuffle=False), round=4, cross_validation=True, predict=True, fit_kwargs={}, groups=None, refit=False, probability_threshold=None, experiment_custom_tags=None, verbose=False, system=False, add_to_model_list=True, metrics=None, display=<pycaret.internal.display.display.CommonDisplay object at 0x7fc48c15c1c0>, model_only=True, return_train_score=False, error_score=0.0, kwargs={})
2026-01-29 16:43:07,923:INFO:Checking exceptions
2026-01-29 16:43:07,923:INFO:Importing libraries
2026-01-29 16:43:07,924:INFO:Copying training dataset
2026-01-29 16:43:08,042:INFO:Defining folds
2026-01-29 16:43:08,042:INFO:Declaring metric variables
2026-01-29 16:43:08,054:INFO:Importing untrained model
2026-01-29 16:43:08,073:INFO:Lasso Least Angle Regression Imported successfully
2026-01-29 16:43:08,105:INFO:Starting cross validation
2026-01-29 16:43:08,113:INFO:Cross validating with KFold(n_splits=10, random_state=None, shuffle=False), n_jobs=-1
2026-01-29 16:43:10,209:WARNING:/home/ilyandho/.local/share/mamba/envs/pycaret/lib/python3.10/site-packages/sklearn/linear_model/_least_angle.py:718: ConvergenceWarning: Early stopping the lars path, as the residues are small and the current value of alpha is no longer well controlled. 22 iterations, alpha=2.298e+00, previous alpha=2.297e+00, with an active set of 15 regressors.
  warnings.warn(

2026-01-29 16:43:11,891:INFO:Calculating mean and std
2026-01-29 16:43:11,893:INFO:Creating metrics dataframe
2026-01-29 16:43:11,895:INFO:Uploading results into container
2026-01-29 16:43:11,895:INFO:Uploading model into container now
2026-01-29 16:43:11,896:INFO:_master_model_container: 6
2026-01-29 16:43:11,896:INFO:_display_container: 2
2026-01-29 16:43:11,896:INFO:LassoLars(random_state=42)
2026-01-29 16:43:11,896:INFO:create_model() successfully completed......................................
2026-01-29 16:43:11,993:INFO:SubProcess create_model() end ==================================
2026-01-29 16:43:11,993:INFO:Creating metrics dataframe
2026-01-29 16:43:12,011:INFO:Initializing Orthogonal Matching Pursuit
2026-01-29 16:43:12,011:INFO:Total runtime is 0.44924314022064216 minutes
2026-01-29 16:43:12,024:INFO:SubProcess create_model() called ==================================
2026-01-29 16:43:12,025:INFO:Initializing create_model()
2026-01-29 16:43:12,025:INFO:create_model(self=<pycaret.regression.oop.RegressionExperiment object at 0x7fc48ec7bbe0>, estimator=omp, fold=KFold(n_splits=10, random_state=None, shuffle=False), round=4, cross_validation=True, predict=True, fit_kwargs={}, groups=None, refit=False, probability_threshold=None, experiment_custom_tags=None, verbose=False, system=False, add_to_model_list=True, metrics=None, display=<pycaret.internal.display.display.CommonDisplay object at 0x7fc48c15c1c0>, model_only=True, return_train_score=False, error_score=0.0, kwargs={})
2026-01-29 16:43:12,025:INFO:Checking exceptions
2026-01-29 16:43:12,025:INFO:Importing libraries
2026-01-29 16:43:12,026:INFO:Copying training dataset
2026-01-29 16:43:12,121:INFO:Defining folds
2026-01-29 16:43:12,122:INFO:Declaring metric variables
2026-01-29 16:43:12,132:INFO:Importing untrained model
2026-01-29 16:43:12,142:INFO:Orthogonal Matching Pursuit Imported successfully
2026-01-29 16:43:12,169:INFO:Starting cross validation
2026-01-29 16:43:12,176:INFO:Cross validating with KFold(n_splits=10, random_state=None, shuffle=False), n_jobs=-1
2026-01-29 16:43:16,748:INFO:Calculating mean and std
2026-01-29 16:43:16,750:INFO:Creating metrics dataframe
2026-01-29 16:43:16,766:INFO:Uploading results into container
2026-01-29 16:43:16,770:INFO:Uploading model into container now
2026-01-29 16:43:16,771:INFO:_master_model_container: 7
2026-01-29 16:43:16,772:INFO:_display_container: 2
2026-01-29 16:43:16,772:INFO:OrthogonalMatchingPursuit()
2026-01-29 16:43:16,772:INFO:create_model() successfully completed......................................
2026-01-29 16:43:16,909:INFO:SubProcess create_model() end ==================================
2026-01-29 16:43:16,916:INFO:Creating metrics dataframe
2026-01-29 16:43:16,954:INFO:Initializing Bayesian Ridge
2026-01-29 16:43:16,955:INFO:Total runtime is 0.5316409111022949 minutes
2026-01-29 16:43:16,971:INFO:SubProcess create_model() called ==================================
2026-01-29 16:43:16,972:INFO:Initializing create_model()
2026-01-29 16:43:16,972:INFO:create_model(self=<pycaret.regression.oop.RegressionExperiment object at 0x7fc48ec7bbe0>, estimator=br, fold=KFold(n_splits=10, random_state=None, shuffle=False), round=4, cross_validation=True, predict=True, fit_kwargs={}, groups=None, refit=False, probability_threshold=None, experiment_custom_tags=None, verbose=False, system=False, add_to_model_list=True, metrics=None, display=<pycaret.internal.display.display.CommonDisplay object at 0x7fc48c15c1c0>, model_only=True, return_train_score=False, error_score=0.0, kwargs={})
2026-01-29 16:43:16,972:INFO:Checking exceptions
2026-01-29 16:43:16,972:INFO:Importing libraries
2026-01-29 16:43:16,972:INFO:Copying training dataset
2026-01-29 16:43:17,145:INFO:Defining folds
2026-01-29 16:43:17,146:INFO:Declaring metric variables
2026-01-29 16:43:17,158:INFO:Importing untrained model
2026-01-29 16:43:17,172:INFO:Bayesian Ridge Imported successfully
2026-01-29 16:43:17,194:INFO:Starting cross validation
2026-01-29 16:43:17,203:INFO:Cross validating with KFold(n_splits=10, random_state=None, shuffle=False), n_jobs=-1
2026-01-29 16:43:21,107:INFO:Calculating mean and std
2026-01-29 16:43:21,108:INFO:Creating metrics dataframe
2026-01-29 16:43:21,110:INFO:Uploading results into container
2026-01-29 16:43:21,111:INFO:Uploading model into container now
2026-01-29 16:43:21,111:INFO:_master_model_container: 8
2026-01-29 16:43:21,111:INFO:_display_container: 2
2026-01-29 16:43:21,112:INFO:BayesianRidge()
2026-01-29 16:43:21,112:INFO:create_model() successfully completed......................................
2026-01-29 16:43:21,212:INFO:SubProcess create_model() end ==================================
2026-01-29 16:43:21,212:INFO:Creating metrics dataframe
2026-01-29 16:43:21,228:INFO:Initializing Passive Aggressive Regressor
2026-01-29 16:43:21,228:INFO:Total runtime is 0.6028677860895792 minutes
2026-01-29 16:43:21,240:INFO:SubProcess create_model() called ==================================
2026-01-29 16:43:21,240:INFO:Initializing create_model()
2026-01-29 16:43:21,241:INFO:create_model(self=<pycaret.regression.oop.RegressionExperiment object at 0x7fc48ec7bbe0>, estimator=par, fold=KFold(n_splits=10, random_state=None, shuffle=False), round=4, cross_validation=True, predict=True, fit_kwargs={}, groups=None, refit=False, probability_threshold=None, experiment_custom_tags=None, verbose=False, system=False, add_to_model_list=True, metrics=None, display=<pycaret.internal.display.display.CommonDisplay object at 0x7fc48c15c1c0>, model_only=True, return_train_score=False, error_score=0.0, kwargs={})
2026-01-29 16:43:21,241:INFO:Checking exceptions
2026-01-29 16:43:21,241:INFO:Importing libraries
2026-01-29 16:43:21,241:INFO:Copying training dataset
2026-01-29 16:43:21,339:INFO:Defining folds
2026-01-29 16:43:21,340:INFO:Declaring metric variables
2026-01-29 16:43:21,356:INFO:Importing untrained model
2026-01-29 16:43:21,369:INFO:Passive Aggressive Regressor Imported successfully
2026-01-29 16:43:21,393:INFO:Starting cross validation
2026-01-29 16:43:21,399:INFO:Cross validating with KFold(n_splits=10, random_state=None, shuffle=False), n_jobs=-1
2026-01-29 16:43:25,107:INFO:Calculating mean and std
2026-01-29 16:43:25,109:INFO:Creating metrics dataframe
2026-01-29 16:43:25,112:INFO:Uploading results into container
2026-01-29 16:43:25,113:INFO:Uploading model into container now
2026-01-29 16:43:25,114:INFO:_master_model_container: 9
2026-01-29 16:43:25,114:INFO:_display_container: 2
2026-01-29 16:43:25,115:INFO:PassiveAggressiveRegressor(random_state=42)
2026-01-29 16:43:25,116:INFO:create_model() successfully completed......................................
2026-01-29 16:43:25,220:INFO:SubProcess create_model() end ==================================
2026-01-29 16:43:25,220:INFO:Creating metrics dataframe
2026-01-29 16:43:25,232:INFO:Initializing Huber Regressor
2026-01-29 16:43:25,232:INFO:Total runtime is 0.6696009914080302 minutes
2026-01-29 16:43:25,242:INFO:SubProcess create_model() called ==================================
2026-01-29 16:43:25,242:INFO:Initializing create_model()
2026-01-29 16:43:25,243:INFO:create_model(self=<pycaret.regression.oop.RegressionExperiment object at 0x7fc48ec7bbe0>, estimator=huber, fold=KFold(n_splits=10, random_state=None, shuffle=False), round=4, cross_validation=True, predict=True, fit_kwargs={}, groups=None, refit=False, probability_threshold=None, experiment_custom_tags=None, verbose=False, system=False, add_to_model_list=True, metrics=None, display=<pycaret.internal.display.display.CommonDisplay object at 0x7fc48c15c1c0>, model_only=True, return_train_score=False, error_score=0.0, kwargs={})
2026-01-29 16:43:25,243:INFO:Checking exceptions
2026-01-29 16:43:25,243:INFO:Importing libraries
2026-01-29 16:43:25,243:INFO:Copying training dataset
2026-01-29 16:43:25,344:INFO:Defining folds
2026-01-29 16:43:25,344:INFO:Declaring metric variables
2026-01-29 16:43:25,357:INFO:Importing untrained model
2026-01-29 16:43:25,368:INFO:Huber Regressor Imported successfully
2026-01-29 16:43:25,392:INFO:Starting cross validation
2026-01-29 16:43:25,396:INFO:Cross validating with KFold(n_splits=10, random_state=None, shuffle=False), n_jobs=-1
2026-01-29 16:43:26,822:WARNING:/home/ilyandho/.local/share/mamba/envs/pycaret/lib/python3.10/site-packages/sklearn/linear_model/_huber.py:342: ConvergenceWarning: lbfgs failed to converge (status=1):
STOP: TOTAL NO. of ITERATIONS REACHED LIMIT.

Increase the number of iterations (max_iter) or scale the data as shown in:
    https://scikit-learn.org/stable/modules/preprocessing.html
  self.n_iter_ = _check_optimize_result("lbfgs", opt_res, self.max_iter)

2026-01-29 16:43:26,868:WARNING:/home/ilyandho/.local/share/mamba/envs/pycaret/lib/python3.10/site-packages/sklearn/linear_model/_huber.py:342: ConvergenceWarning: lbfgs failed to converge (status=1):
STOP: TOTAL NO. of ITERATIONS REACHED LIMIT.

Increase the number of iterations (max_iter) or scale the data as shown in:
    https://scikit-learn.org/stable/modules/preprocessing.html
  self.n_iter_ = _check_optimize_result("lbfgs", opt_res, self.max_iter)

2026-01-29 16:43:27,007:WARNING:/home/ilyandho/.local/share/mamba/envs/pycaret/lib/python3.10/site-packages/sklearn/linear_model/_huber.py:342: ConvergenceWarning: lbfgs failed to converge (status=1):
STOP: TOTAL NO. of ITERATIONS REACHED LIMIT.

Increase the number of iterations (max_iter) or scale the data as shown in:
    https://scikit-learn.org/stable/modules/preprocessing.html
  self.n_iter_ = _check_optimize_result("lbfgs", opt_res, self.max_iter)

2026-01-29 16:43:27,205:WARNING:/home/ilyandho/.local/share/mamba/envs/pycaret/lib/python3.10/site-packages/sklearn/linear_model/_huber.py:342: ConvergenceWarning: lbfgs failed to converge (status=1):
STOP: TOTAL NO. of ITERATIONS REACHED LIMIT.

Increase the number of iterations (max_iter) or scale the data as shown in:
    https://scikit-learn.org/stable/modules/preprocessing.html
  self.n_iter_ = _check_optimize_result("lbfgs", opt_res, self.max_iter)

2026-01-29 16:43:28,321:WARNING:/home/ilyandho/.local/share/mamba/envs/pycaret/lib/python3.10/site-packages/sklearn/linear_model/_huber.py:342: ConvergenceWarning: lbfgs failed to converge (status=1):
STOP: TOTAL NO. of ITERATIONS REACHED LIMIT.

Increase the number of iterations (max_iter) or scale the data as shown in:
    https://scikit-learn.org/stable/modules/preprocessing.html
  self.n_iter_ = _check_optimize_result("lbfgs", opt_res, self.max_iter)

2026-01-29 16:43:28,488:WARNING:/home/ilyandho/.local/share/mamba/envs/pycaret/lib/python3.10/site-packages/sklearn/linear_model/_huber.py:342: ConvergenceWarning: lbfgs failed to converge (status=1):
STOP: TOTAL NO. of ITERATIONS REACHED LIMIT.

Increase the number of iterations (max_iter) or scale the data as shown in:
    https://scikit-learn.org/stable/modules/preprocessing.html
  self.n_iter_ = _check_optimize_result("lbfgs", opt_res, self.max_iter)

2026-01-29 16:43:28,530:WARNING:/home/ilyandho/.local/share/mamba/envs/pycaret/lib/python3.10/site-packages/sklearn/linear_model/_huber.py:342: ConvergenceWarning: lbfgs failed to converge (status=1):
STOP: TOTAL NO. of ITERATIONS REACHED LIMIT.

Increase the number of iterations (max_iter) or scale the data as shown in:
    https://scikit-learn.org/stable/modules/preprocessing.html
  self.n_iter_ = _check_optimize_result("lbfgs", opt_res, self.max_iter)

2026-01-29 16:43:28,828:WARNING:/home/ilyandho/.local/share/mamba/envs/pycaret/lib/python3.10/site-packages/sklearn/linear_model/_huber.py:342: ConvergenceWarning: lbfgs failed to converge (status=1):
STOP: TOTAL NO. of ITERATIONS REACHED LIMIT.

Increase the number of iterations (max_iter) or scale the data as shown in:
    https://scikit-learn.org/stable/modules/preprocessing.html
  self.n_iter_ = _check_optimize_result("lbfgs", opt_res, self.max_iter)

2026-01-29 16:43:29,269:WARNING:/home/ilyandho/.local/share/mamba/envs/pycaret/lib/python3.10/site-packages/sklearn/linear_model/_huber.py:342: ConvergenceWarning: lbfgs failed to converge (status=1):
STOP: TOTAL NO. of ITERATIONS REACHED LIMIT.

Increase the number of iterations (max_iter) or scale the data as shown in:
    https://scikit-learn.org/stable/modules/preprocessing.html
  self.n_iter_ = _check_optimize_result("lbfgs", opt_res, self.max_iter)

2026-01-29 16:43:29,394:WARNING:/home/ilyandho/.local/share/mamba/envs/pycaret/lib/python3.10/site-packages/sklearn/linear_model/_huber.py:342: ConvergenceWarning: lbfgs failed to converge (status=1):
STOP: TOTAL NO. of ITERATIONS REACHED LIMIT.

Increase the number of iterations (max_iter) or scale the data as shown in:
    https://scikit-learn.org/stable/modules/preprocessing.html
  self.n_iter_ = _check_optimize_result("lbfgs", opt_res, self.max_iter)

2026-01-29 16:43:29,456:INFO:Calculating mean and std
2026-01-29 16:43:29,457:INFO:Creating metrics dataframe
2026-01-29 16:43:29,459:INFO:Uploading results into container
2026-01-29 16:43:29,459:INFO:Uploading model into container now
2026-01-29 16:43:29,460:INFO:_master_model_container: 10
2026-01-29 16:43:29,460:INFO:_display_container: 2
2026-01-29 16:43:29,461:INFO:HuberRegressor()
2026-01-29 16:43:29,461:INFO:create_model() successfully completed......................................
2026-01-29 16:43:29,560:INFO:SubProcess create_model() end ==================================
2026-01-29 16:43:29,560:INFO:Creating metrics dataframe
2026-01-29 16:43:29,578:INFO:Initializing K Neighbors Regressor
2026-01-29 16:43:29,578:INFO:Total runtime is 0.742037578423818 minutes
2026-01-29 16:43:29,588:INFO:SubProcess create_model() called ==================================
2026-01-29 16:43:29,588:INFO:Initializing create_model()
2026-01-29 16:43:29,589:INFO:create_model(self=<pycaret.regression.oop.RegressionExperiment object at 0x7fc48ec7bbe0>, estimator=knn, fold=KFold(n_splits=10, random_state=None, shuffle=False), round=4, cross_validation=True, predict=True, fit_kwargs={}, groups=None, refit=False, probability_threshold=None, experiment_custom_tags=None, verbose=False, system=False, add_to_model_list=True, metrics=None, display=<pycaret.internal.display.display.CommonDisplay object at 0x7fc48c15c1c0>, model_only=True, return_train_score=False, error_score=0.0, kwargs={})
2026-01-29 16:43:29,589:INFO:Checking exceptions
2026-01-29 16:43:29,589:INFO:Importing libraries
2026-01-29 16:43:29,589:INFO:Copying training dataset
2026-01-29 16:43:29,678:INFO:Defining folds
2026-01-29 16:43:29,680:INFO:Declaring metric variables
2026-01-29 16:43:29,691:INFO:Importing untrained model
2026-01-29 16:43:29,703:INFO:K Neighbors Regressor Imported successfully
2026-01-29 16:43:29,726:INFO:Starting cross validation
2026-01-29 16:43:29,733:INFO:Cross validating with KFold(n_splits=10, random_state=None, shuffle=False), n_jobs=-1
2026-01-29 16:43:33,170:INFO:Calculating mean and std
2026-01-29 16:43:33,171:INFO:Creating metrics dataframe
2026-01-29 16:43:33,173:INFO:Uploading results into container
2026-01-29 16:43:33,174:INFO:Uploading model into container now
2026-01-29 16:43:33,174:INFO:_master_model_container: 11
2026-01-29 16:43:33,175:INFO:_display_container: 2
2026-01-29 16:43:33,175:INFO:KNeighborsRegressor(n_jobs=-1)
2026-01-29 16:43:33,176:INFO:create_model() successfully completed......................................
2026-01-29 16:43:33,276:INFO:SubProcess create_model() end ==================================
2026-01-29 16:43:33,277:INFO:Creating metrics dataframe
2026-01-29 16:43:33,298:INFO:Initializing Decision Tree Regressor
2026-01-29 16:43:33,299:INFO:Total runtime is 0.8040418068567913 minutes
2026-01-29 16:43:33,308:INFO:SubProcess create_model() called ==================================
2026-01-29 16:43:33,309:INFO:Initializing create_model()
2026-01-29 16:43:33,309:INFO:create_model(self=<pycaret.regression.oop.RegressionExperiment object at 0x7fc48ec7bbe0>, estimator=dt, fold=KFold(n_splits=10, random_state=None, shuffle=False), round=4, cross_validation=True, predict=True, fit_kwargs={}, groups=None, refit=False, probability_threshold=None, experiment_custom_tags=None, verbose=False, system=False, add_to_model_list=True, metrics=None, display=<pycaret.internal.display.display.CommonDisplay object at 0x7fc48c15c1c0>, model_only=True, return_train_score=False, error_score=0.0, kwargs={})
2026-01-29 16:43:33,309:INFO:Checking exceptions
2026-01-29 16:43:33,309:INFO:Importing libraries
2026-01-29 16:43:33,309:INFO:Copying training dataset
2026-01-29 16:43:33,539:INFO:Defining folds
2026-01-29 16:43:33,542:INFO:Declaring metric variables
2026-01-29 16:43:33,559:INFO:Importing untrained model
2026-01-29 16:43:33,574:INFO:Decision Tree Regressor Imported successfully
2026-01-29 16:43:33,602:INFO:Starting cross validation
2026-01-29 16:43:33,610:INFO:Cross validating with KFold(n_splits=10, random_state=None, shuffle=False), n_jobs=-1
2026-01-29 16:43:37,997:INFO:Calculating mean and std
2026-01-29 16:43:38,000:INFO:Creating metrics dataframe
2026-01-29 16:43:38,002:INFO:Uploading results into container
2026-01-29 16:43:38,004:INFO:Uploading model into container now
2026-01-29 16:43:38,005:INFO:_master_model_container: 12
2026-01-29 16:43:38,005:INFO:_display_container: 2
2026-01-29 16:43:38,006:INFO:DecisionTreeRegressor(random_state=42)
2026-01-29 16:43:38,006:INFO:create_model() successfully completed......................................
2026-01-29 16:43:38,140:INFO:SubProcess create_model() end ==================================
2026-01-29 16:43:38,140:INFO:Creating metrics dataframe
2026-01-29 16:43:38,165:INFO:Initializing Random Forest Regressor
2026-01-29 16:43:38,165:INFO:Total runtime is 0.8851472894350688 minutes
2026-01-29 16:43:38,177:INFO:SubProcess create_model() called ==================================
2026-01-29 16:43:38,178:INFO:Initializing create_model()
2026-01-29 16:43:38,178:INFO:create_model(self=<pycaret.regression.oop.RegressionExperiment object at 0x7fc48ec7bbe0>, estimator=rf, fold=KFold(n_splits=10, random_state=None, shuffle=False), round=4, cross_validation=True, predict=True, fit_kwargs={}, groups=None, refit=False, probability_threshold=None, experiment_custom_tags=None, verbose=False, system=False, add_to_model_list=True, metrics=None, display=<pycaret.internal.display.display.CommonDisplay object at 0x7fc48c15c1c0>, model_only=True, return_train_score=False, error_score=0.0, kwargs={})
2026-01-29 16:43:38,178:INFO:Checking exceptions
2026-01-29 16:43:38,179:INFO:Importing libraries
2026-01-29 16:43:38,179:INFO:Copying training dataset
2026-01-29 16:43:38,305:INFO:Defining folds
2026-01-29 16:43:38,306:INFO:Declaring metric variables
2026-01-29 16:43:38,318:INFO:Importing untrained model
2026-01-29 16:43:38,330:INFO:Random Forest Regressor Imported successfully
2026-01-29 16:43:38,350:INFO:Starting cross validation
2026-01-29 16:43:38,358:INFO:Cross validating with KFold(n_splits=10, random_state=None, shuffle=False), n_jobs=-1
2026-01-29 16:43:58,473:INFO:Calculating mean and std
2026-01-29 16:43:58,474:INFO:Creating metrics dataframe
2026-01-29 16:43:58,478:INFO:Uploading results into container
2026-01-29 16:43:58,479:INFO:Uploading model into container now
2026-01-29 16:43:58,480:INFO:_master_model_container: 13
2026-01-29 16:43:58,480:INFO:_display_container: 2
2026-01-29 16:43:58,481:INFO:RandomForestRegressor(n_jobs=-1, random_state=42)
2026-01-29 16:43:58,481:INFO:create_model() successfully completed......................................
2026-01-29 16:43:58,579:INFO:SubProcess create_model() end ==================================
2026-01-29 16:43:58,579:INFO:Creating metrics dataframe
2026-01-29 16:43:58,594:INFO:Initializing Extra Trees Regressor
2026-01-29 16:43:58,594:INFO:Total runtime is 1.2256326834360758 minutes
2026-01-29 16:43:58,601:INFO:SubProcess create_model() called ==================================
2026-01-29 16:43:58,602:INFO:Initializing create_model()
2026-01-29 16:43:58,602:INFO:create_model(self=<pycaret.regression.oop.RegressionExperiment object at 0x7fc48ec7bbe0>, estimator=et, fold=KFold(n_splits=10, random_state=None, shuffle=False), round=4, cross_validation=True, predict=True, fit_kwargs={}, groups=None, refit=False, probability_threshold=None, experiment_custom_tags=None, verbose=False, system=False, add_to_model_list=True, metrics=None, display=<pycaret.internal.display.display.CommonDisplay object at 0x7fc48c15c1c0>, model_only=True, return_train_score=False, error_score=0.0, kwargs={})
2026-01-29 16:43:58,602:INFO:Checking exceptions
2026-01-29 16:43:58,602:INFO:Importing libraries
2026-01-29 16:43:58,602:INFO:Copying training dataset
2026-01-29 16:43:58,675:INFO:Defining folds
2026-01-29 16:43:58,675:INFO:Declaring metric variables
2026-01-29 16:43:58,682:INFO:Importing untrained model
2026-01-29 16:43:58,692:INFO:Extra Trees Regressor Imported successfully
2026-01-29 16:43:58,710:INFO:Starting cross validation
2026-01-29 16:43:58,715:INFO:Cross validating with KFold(n_splits=10, random_state=None, shuffle=False), n_jobs=-1
2026-01-29 16:44:12,240:INFO:Calculating mean and std
2026-01-29 16:44:12,242:INFO:Creating metrics dataframe
2026-01-29 16:44:12,244:INFO:Uploading results into container
2026-01-29 16:44:12,244:INFO:Uploading model into container now
2026-01-29 16:44:12,245:INFO:_master_model_container: 14
2026-01-29 16:44:12,245:INFO:_display_container: 2
2026-01-29 16:44:12,246:INFO:ExtraTreesRegressor(n_jobs=-1, random_state=42)
2026-01-29 16:44:12,246:INFO:create_model() successfully completed......................................
2026-01-29 16:44:12,347:INFO:SubProcess create_model() end ==================================
2026-01-29 16:44:12,347:INFO:Creating metrics dataframe
2026-01-29 16:44:12,365:INFO:Initializing AdaBoost Regressor
2026-01-29 16:44:12,365:INFO:Total runtime is 1.455152984460195 minutes
2026-01-29 16:44:12,375:INFO:SubProcess create_model() called ==================================
2026-01-29 16:44:12,376:INFO:Initializing create_model()
2026-01-29 16:44:12,376:INFO:create_model(self=<pycaret.regression.oop.RegressionExperiment object at 0x7fc48ec7bbe0>, estimator=ada, fold=KFold(n_splits=10, random_state=None, shuffle=False), round=4, cross_validation=True, predict=True, fit_kwargs={}, groups=None, refit=False, probability_threshold=None, experiment_custom_tags=None, verbose=False, system=False, add_to_model_list=True, metrics=None, display=<pycaret.internal.display.display.CommonDisplay object at 0x7fc48c15c1c0>, model_only=True, return_train_score=False, error_score=0.0, kwargs={})
2026-01-29 16:44:12,377:INFO:Checking exceptions
2026-01-29 16:44:12,377:INFO:Importing libraries
2026-01-29 16:44:12,377:INFO:Copying training dataset
2026-01-29 16:44:12,480:INFO:Defining folds
2026-01-29 16:44:12,481:INFO:Declaring metric variables
2026-01-29 16:44:12,493:INFO:Importing untrained model
2026-01-29 16:44:12,509:INFO:AdaBoost Regressor Imported successfully
2026-01-29 16:44:12,537:INFO:Starting cross validation
2026-01-29 16:44:12,544:INFO:Cross validating with KFold(n_splits=10, random_state=None, shuffle=False), n_jobs=-1
2026-01-29 16:44:18,475:INFO:Calculating mean and std
2026-01-29 16:44:18,476:INFO:Creating metrics dataframe
2026-01-29 16:44:18,478:INFO:Uploading results into container
2026-01-29 16:44:18,478:INFO:Uploading model into container now
2026-01-29 16:44:18,479:INFO:_master_model_container: 15
2026-01-29 16:44:18,479:INFO:_display_container: 2
2026-01-29 16:44:18,479:INFO:AdaBoostRegressor(random_state=42)
2026-01-29 16:44:18,479:INFO:create_model() successfully completed......................................
2026-01-29 16:44:18,580:INFO:SubProcess create_model() end ==================================
2026-01-29 16:44:18,581:INFO:Creating metrics dataframe
2026-01-29 16:44:18,601:INFO:Initializing Gradient Boosting Regressor
2026-01-29 16:44:18,602:INFO:Total runtime is 1.5590916713078817 minutes
2026-01-29 16:44:18,610:INFO:SubProcess create_model() called ==================================
2026-01-29 16:44:18,610:INFO:Initializing create_model()
2026-01-29 16:44:18,611:INFO:create_model(self=<pycaret.regression.oop.RegressionExperiment object at 0x7fc48ec7bbe0>, estimator=gbr, fold=KFold(n_splits=10, random_state=None, shuffle=False), round=4, cross_validation=True, predict=True, fit_kwargs={}, groups=None, refit=False, probability_threshold=None, experiment_custom_tags=None, verbose=False, system=False, add_to_model_list=True, metrics=None, display=<pycaret.internal.display.display.CommonDisplay object at 0x7fc48c15c1c0>, model_only=True, return_train_score=False, error_score=0.0, kwargs={})
2026-01-29 16:44:18,611:INFO:Checking exceptions
2026-01-29 16:44:18,611:INFO:Importing libraries
2026-01-29 16:44:18,611:INFO:Copying training dataset
2026-01-29 16:44:18,730:INFO:Defining folds
2026-01-29 16:44:18,732:INFO:Declaring metric variables
2026-01-29 16:44:18,743:INFO:Importing untrained model
2026-01-29 16:44:18,755:INFO:Gradient Boosting Regressor Imported successfully
2026-01-29 16:44:18,778:INFO:Starting cross validation
2026-01-29 16:44:18,786:INFO:Cross validating with KFold(n_splits=10, random_state=None, shuffle=False), n_jobs=-1
2026-01-29 16:44:28,666:INFO:Calculating mean and std
2026-01-29 16:44:28,668:INFO:Creating metrics dataframe
2026-01-29 16:44:28,670:INFO:Uploading results into container
2026-01-29 16:44:28,670:INFO:Uploading model into container now
2026-01-29 16:44:28,671:INFO:_master_model_container: 16
2026-01-29 16:44:28,671:INFO:_display_container: 2
2026-01-29 16:44:28,671:INFO:GradientBoostingRegressor(random_state=42)
2026-01-29 16:44:28,671:INFO:create_model() successfully completed......................................
2026-01-29 16:44:28,768:INFO:SubProcess create_model() end ==================================
2026-01-29 16:44:28,769:INFO:Creating metrics dataframe
2026-01-29 16:44:28,785:INFO:Initializing Extreme Gradient Boosting
2026-01-29 16:44:28,785:INFO:Total runtime is 1.7288137912750245 minutes
2026-01-29 16:44:28,796:INFO:SubProcess create_model() called ==================================
2026-01-29 16:44:28,797:INFO:Initializing create_model()
2026-01-29 16:44:28,797:INFO:create_model(self=<pycaret.regression.oop.RegressionExperiment object at 0x7fc48ec7bbe0>, estimator=xgboost, fold=KFold(n_splits=10, random_state=None, shuffle=False), round=4, cross_validation=True, predict=True, fit_kwargs={}, groups=None, refit=False, probability_threshold=None, experiment_custom_tags=None, verbose=False, system=False, add_to_model_list=True, metrics=None, display=<pycaret.internal.display.display.CommonDisplay object at 0x7fc48c15c1c0>, model_only=True, return_train_score=False, error_score=0.0, kwargs={})
2026-01-29 16:44:28,798:INFO:Checking exceptions
2026-01-29 16:44:28,798:INFO:Importing libraries
2026-01-29 16:44:28,798:INFO:Copying training dataset
2026-01-29 16:44:28,892:INFO:Defining folds
2026-01-29 16:44:28,892:INFO:Declaring metric variables
2026-01-29 16:44:28,903:INFO:Importing untrained model
2026-01-29 16:44:28,920:INFO:Extreme Gradient Boosting Imported successfully
2026-01-29 16:44:28,950:INFO:Starting cross validation
2026-01-29 16:44:28,956:INFO:Cross validating with KFold(n_splits=10, random_state=None, shuffle=False), n_jobs=-1
2026-01-29 16:44:42,165:INFO:Calculating mean and std
2026-01-29 16:44:42,167:INFO:Creating metrics dataframe
2026-01-29 16:44:42,169:INFO:Uploading results into container
2026-01-29 16:44:42,169:INFO:Uploading model into container now
2026-01-29 16:44:42,170:INFO:_master_model_container: 17
2026-01-29 16:44:42,170:INFO:_display_container: 2
2026-01-29 16:44:42,172:INFO:XGBRegressor(base_score=None, booster='gbtree', callbacks=None,
             colsample_bylevel=None, colsample_bynode=None,
             colsample_bytree=None, device='cpu', early_stopping_rounds=None,
             enable_categorical=False, eval_metric=None, feature_types=None,
             feature_weights=None, gamma=None, grow_policy=None,
             importance_type=None, interaction_constraints=None,
             learning_rate=None, max_bin=None, max_cat_threshold=None,
             max_cat_to_onehot=None, max_delta_step=None, max_depth=None,
             max_leaves=None, min_child_weight=None, missing=nan,
             monotone_constraints=None, multi_strategy=None, n_estimators=None,
             n_jobs=-1, num_parallel_tree=None, ...)
2026-01-29 16:44:42,173:INFO:create_model() successfully completed......................................
2026-01-29 16:44:42,268:INFO:SubProcess create_model() end ==================================
2026-01-29 16:44:42,268:INFO:Creating metrics dataframe
2026-01-29 16:44:42,282:INFO:Initializing Light Gradient Boosting Machine
2026-01-29 16:44:42,283:INFO:Total runtime is 1.9537715673446656 minutes
2026-01-29 16:44:42,290:INFO:SubProcess create_model() called ==================================
2026-01-29 16:44:42,291:INFO:Initializing create_model()
2026-01-29 16:44:42,291:INFO:create_model(self=<pycaret.regression.oop.RegressionExperiment object at 0x7fc48ec7bbe0>, estimator=lightgbm, fold=KFold(n_splits=10, random_state=None, shuffle=False), round=4, cross_validation=True, predict=True, fit_kwargs={}, groups=None, refit=False, probability_threshold=None, experiment_custom_tags=None, verbose=False, system=False, add_to_model_list=True, metrics=None, display=<pycaret.internal.display.display.CommonDisplay object at 0x7fc48c15c1c0>, model_only=True, return_train_score=False, error_score=0.0, kwargs={})
2026-01-29 16:44:42,291:INFO:Checking exceptions
2026-01-29 16:44:42,291:INFO:Importing libraries
2026-01-29 16:44:42,291:INFO:Copying training dataset
2026-01-29 16:44:42,391:INFO:Defining folds
2026-01-29 16:44:42,392:INFO:Declaring metric variables
2026-01-29 16:44:42,403:INFO:Importing untrained model
2026-01-29 16:44:42,416:INFO:Light Gradient Boosting Machine Imported successfully
2026-01-29 16:44:42,442:INFO:Starting cross validation
2026-01-29 16:44:42,448:INFO:Cross validating with KFold(n_splits=10, random_state=None, shuffle=False), n_jobs=-1
2026-01-29 16:44:58,485:INFO:Calculating mean and std
2026-01-29 16:44:58,487:INFO:Creating metrics dataframe
2026-01-29 16:44:58,490:INFO:Uploading results into container
2026-01-29 16:44:58,496:INFO:Uploading model into container now
2026-01-29 16:44:58,499:INFO:_master_model_container: 18
2026-01-29 16:44:58,499:INFO:_display_container: 2
2026-01-29 16:44:58,500:INFO:LGBMRegressor(n_jobs=-1, random_state=42)
2026-01-29 16:44:58,500:INFO:create_model() successfully completed......................................
2026-01-29 16:44:58,614:INFO:SubProcess create_model() end ==================================
2026-01-29 16:44:58,614:INFO:Creating metrics dataframe
2026-01-29 16:44:58,631:INFO:Initializing Dummy Regressor
2026-01-29 16:44:58,631:INFO:Total runtime is 2.2262535810470583 minutes
2026-01-29 16:44:58,649:INFO:SubProcess create_model() called ==================================
2026-01-29 16:44:58,650:INFO:Initializing create_model()
2026-01-29 16:44:58,650:INFO:create_model(self=<pycaret.regression.oop.RegressionExperiment object at 0x7fc48ec7bbe0>, estimator=dummy, fold=KFold(n_splits=10, random_state=None, shuffle=False), round=4, cross_validation=True, predict=True, fit_kwargs={}, groups=None, refit=False, probability_threshold=None, experiment_custom_tags=None, verbose=False, system=False, add_to_model_list=True, metrics=None, display=<pycaret.internal.display.display.CommonDisplay object at 0x7fc48c15c1c0>, model_only=True, return_train_score=False, error_score=0.0, kwargs={})
2026-01-29 16:44:58,650:INFO:Checking exceptions
2026-01-29 16:44:58,650:INFO:Importing libraries
2026-01-29 16:44:58,650:INFO:Copying training dataset
2026-01-29 16:44:58,773:INFO:Defining folds
2026-01-29 16:44:58,774:INFO:Declaring metric variables
2026-01-29 16:44:58,783:INFO:Importing untrained model
2026-01-29 16:44:58,795:INFO:Dummy Regressor Imported successfully
2026-01-29 16:44:58,820:INFO:Starting cross validation
2026-01-29 16:44:58,827:INFO:Cross validating with KFold(n_splits=10, random_state=None, shuffle=False), n_jobs=-1
2026-01-29 16:45:02,623:INFO:Calculating mean and std
2026-01-29 16:45:02,625:INFO:Creating metrics dataframe
2026-01-29 16:45:02,626:INFO:Uploading results into container
2026-01-29 16:45:02,627:INFO:Uploading model into container now
2026-01-29 16:45:02,628:INFO:_master_model_container: 19
2026-01-29 16:45:02,628:INFO:_display_container: 2
2026-01-29 16:45:02,629:INFO:DummyRegressor()
2026-01-29 16:45:02,629:INFO:create_model() successfully completed......................................
2026-01-29 16:45:02,726:INFO:SubProcess create_model() end ==================================
2026-01-29 16:45:02,727:INFO:Creating metrics dataframe
2026-01-29 16:45:02,746:WARNING:/home/ilyandho/.local/share/mamba/envs/pycaret/lib/python3.10/site-packages/pycaret/internal/pycaret_experiment/supervised_experiment.py:323: FutureWarning: Styler.applymap has been deprecated. Use Styler.map instead.
  master_display_.apply(

2026-01-29 16:45:02,768:INFO:Initializing create_model()
2026-01-29 16:45:02,768:INFO:create_model(self=<pycaret.regression.oop.RegressionExperiment object at 0x7fc48ec7bbe0>, estimator=Ridge(random_state=42), fold=KFold(n_splits=10, random_state=None, shuffle=False), round=4, cross_validation=False, predict=False, fit_kwargs={}, groups=None, refit=True, probability_threshold=None, experiment_custom_tags=None, verbose=False, system=False, add_to_model_list=True, metrics=None, display=None, model_only=True, return_train_score=False, error_score=0.0, kwargs={})
2026-01-29 16:45:02,768:INFO:Checking exceptions
2026-01-29 16:45:02,771:INFO:Importing libraries
2026-01-29 16:45:02,772:INFO:Copying training dataset
2026-01-29 16:45:02,867:INFO:Defining folds
2026-01-29 16:45:02,867:INFO:Declaring metric variables
2026-01-29 16:45:02,867:INFO:Importing untrained model
2026-01-29 16:45:02,867:INFO:Declaring custom model
2026-01-29 16:45:02,868:INFO:Ridge Regression Imported successfully
2026-01-29 16:45:02,874:INFO:Cross validation set to False
2026-01-29 16:45:02,874:INFO:Fitting Model
2026-01-29 16:45:03,557:WARNING:/home/ilyandho/.local/share/mamba/envs/pycaret/lib/python3.10/site-packages/sklearn/linear_model/_ridge.py:204: LinAlgWarning: Ill-conditioned matrix (rcond=6.0474e-15): result may not be accurate.
  return linalg.solve(A, Xy, assume_a="pos", overwrite_a=True).T

2026-01-29 16:45:03,558:INFO:Ridge(random_state=42)
2026-01-29 16:45:03,558:INFO:create_model() successfully completed......................................
2026-01-29 16:45:03,753:INFO:_master_model_container: 19
2026-01-29 16:45:03,754:INFO:_display_container: 2
2026-01-29 16:45:03,754:INFO:Ridge(random_state=42)
2026-01-29 16:45:03,754:INFO:compare_models() successfully completed......................................
2026-01-29 16:45:03,756:INFO:Initializing evaluate_model()
2026-01-29 16:45:03,756:INFO:evaluate_model(self=<pycaret.regression.oop.RegressionExperiment object at 0x7fc48ec7bbe0>, estimator=Ridge(random_state=42), fold=None, fit_kwargs=None, plot_kwargs=None, feature_name=None, groups=None)
2026-01-29 16:45:03,808:INFO:Initializing plot_model()
2026-01-29 16:45:03,809:INFO:plot_model(plot=pipeline, fold=KFold(n_splits=10, random_state=None, shuffle=False), verbose=False, display=None, display_format=None, estimator=Ridge(random_state=42), feature_name=None, fit_kwargs={}, groups=None, label=False, plot_kwargs=None, save=False, scale=1, self=<pycaret.regression.oop.RegressionExperiment object at 0x7fc48ec7bbe0>, system=True)
2026-01-29 16:45:03,809:INFO:Checking exceptions
2026-01-29 16:45:03,848:INFO:Preloading libraries
2026-01-29 16:45:03,848:INFO:Copying training dataset
2026-01-29 16:45:03,849:INFO:Plot type: pipeline
2026-01-29 16:45:04,105:INFO:Visual Rendered Successfully
2026-01-29 16:45:04,219:INFO:plot_model() successfully completed......................................
2026-01-29 16:45:04,224:INFO:Initializing plot_model()
2026-01-29 16:45:04,225:INFO:plot_model(plot=feature, fold=None, verbose=True, display=None, display_format=None, estimator=Ridge(random_state=42), feature_name=None, fit_kwargs=None, groups=None, label=False, plot_kwargs=None, save=False, scale=1, self=<pycaret.regression.oop.RegressionExperiment object at 0x7fc48ec7bbe0>, system=True)
2026-01-29 16:45:04,226:INFO:Checking exceptions
2026-01-29 16:45:04,265:INFO:Preloading libraries
2026-01-29 16:45:04,266:INFO:Copying training dataset
2026-01-29 16:45:04,266:INFO:Plot type: feature
2026-01-29 16:45:04,950:INFO:Visual Rendered Successfully
2026-01-29 16:45:05,074:INFO:plot_model() successfully completed......................................
2026-01-29 16:47:38,098:WARNING:/tmp/ipykernel_38538/2925878775.py:814: UserWarning: pkg_resources is deprecated as an API. See https://setuptools.pypa.io/en/latest/pkg_resources.html. The pkg_resources package is slated for removal as early as 2025-11-30. Refrain from using this package or pin to Setuptools<81.
  import pkg_resources

