element,name,points_pred,points_actual,round
3,Gabriel dos Santos Magalhães,2.8892244745229583,1.0,6
6,Jurriën Timber,2.4491864426993573,4.0,6
8,Jakub Kiwior,1.240164017591348,0.0,6
18,William Saliba,2.5504031509275364,0.0,6
21,Kieran Tierney,0.7013930675231257,0.0,6
22,Tomiyasu Takehiro,0.7013951257490794,0.0,6
24,Benjamin White,2.0489116027379035,0.0,6
25,Oleksandr Zinchenko,0.8221460197582213,0.0,6
26,Álex Moreno Lopera,0.9536627573251284,2.0,6
32,Matty Cash,0.7071212898867438,0.0,6
35,Diego Carlos Santos Silva,2.306471854871618,1.0,6
36,Lucas Digne,2.206113575029523,0.0,6
40,Kortney Hause,0.6267344635048655,0.0,6
43,Kaine Kesler-Hayden,0.6276874751386572,0.0,6
44,Ezri Konsa Ngoyo,2.5193601938500274,1.0,6
45,Ian Maatsen,2.2305886258405394,1.0,6
49,Tyrone Mings,0.6276682443227672,0.0,6
50,Kosta Nedeljković,0.721724589989126,0.0,6
52,Pau Torres,2.047688451098936,1.0,6
56,Lino da Cruz Sousa,0.6277429836430755,0.0,6
59,Max Aarons,0.4790011642606,0.0,6
68,James Hill,0.47831342486976647,0.0,6
70,Milos Kerkez,3.0432150242835068,1.0,6
72,Chris Mepham,0.47925283288572595,0.0,6
79,Marcos Senesi,0.5066217097773396,2.0,6
81,Adam Smith,1.1753564725493861,2.0,6
85,Illia Zabarnyi,2.3947423990912187,2.0,6
86,Kristoffer Ajer,1.7021794000421329,2.0,6
88,Nathan Collins,2.303154288553854,2.0,6
92,Rico Henry,0.20623060819851613,0.0,6
93,Aaron Hickey,0.20623138540514363,0.0,6
96,Kim Ji-soo,0.2057622053592869,0.0,6
100,Ben Mee,0.24662186272878905,0.0,6
104,Ethan Pinnock,2.016986548542997,2.0,6
105,Mads Roerslev Rasmussen,0.5474355030421356,0.0,6
112,Mathias Jorgensen,0.20624410524485715,0.0,6
116,Valentín Barco,0.17477454379863833,0.0,6
120,Lewis Dunk,2.065388600266864,-1.0,6
122,Pervis Estupiñán,2.684935351570381,-1.0,6
128,Igor Julio dos Santos de Paulo,0.15925879583466607,1.0,6
131,Tariq Lamptey,0.15915793946328227,0.0,6
139,Odeluga Offiah,0.15943141323790266,0.0,6
144,Jan Paul van Hecke,1.5073155743962428,0.0,6
145,Joël Veltman,2.0732745076219254,0.0,6
147,Adam Webster,0.18535379409688835,-1.0,6
153,Benoît Badiashile,0.46176179051467736,0.0,6
159,Trevoh Chalobah,0.4913068218512131,0.0,6
160,Ben Chilwell,0.2855957565759799,0.0,6
162,Levi Colwill,3.296839069672229,1.0,6
163,Marc Cucurella Saseta,1.9447989885262347,0.0,6
167,Axel Disasi,1.0072097379215146,0.0,6
170,Alfie Gilchrist,0.4618785952250173,0.0,6
171,Malo Gusto,0.4845294987135338,1.0,6
172,Reece James,0.4618577511974249,0.0,6
176,Malang Sarr,0.4618510480940934,0.0,6
187,Tosin Adarabioyo,2.25825909784421,0.0,6
189,Wesley Fofana,2.032532683108312,0.0,6
191,Joachim Andersen,2.6358881123711626,6.0,6
194,Chris Richards,2.0237192360721687,0.0,6
195,Chadi Riad Dnanou,0.3071240138856406,0.0,6
196,Nathaniel Clyne,0.3458889802947227,0.0,6
200,Marc Guéhi,2.4564668330917314,7.0,6
202,Rob Holding,0.30559765205294065,0.0,6
210,Tyrick Mitchell,3.437346990912877,1.0,6
211,Daniel Muñoz,2.8825505409800636,1.0,6
215,Joel Ward,0.3055708883104229,0.0,6
219,Jarrad Branthwaite,0.1786261659088848,2.0,6
221,Séamus Coleman,0.10376317822585568,0.0,6
225,Mason Holgate,0.22570068409310906,0.0,6
228,Michael Keane,1.4993746595692112,0.0,6
231,Vitalii Mykolenko,0.33676312517361096,2.0,6
234,Nathan Patterson,0.1789960991981161,0.0,6
236,James Tarkowski,2.13948193501652,2.0,6
238,Ashley Young,1.9578787174631804,5.0,6
241,Calvin Bassey,2.0119976917115068,6.0,6
244,Timothy Castagne,0.25873052866034385,0.0,6
245,Issa Diop,0.544480086560251,1.0,6
250,Kevin Mbabu,0.259131711084017,0.0,6
253,Tim Ream,0.25891554550275764,0.0,6
255,Antonee Robinson,2.67792807136603,6.0,6
257,Kenny Tete,1.9240894205418568,5.0,6
261,Elkan Baggott,-0.20256160046278104,0.0,6
263,Cameron Burgess,-0.2028999591845757,0.0,6
266,Harry Clarke,-0.202616490994469,0.0,6
267,Leif Davis,3.499401501262814,1.0,6
269,George Edmundson,-0.1821384536940185,0.0,6
270,Jacob Greaves,1.653514705079779,0.0,6
275,Ben Johnson,0.05614258780458181,0.0,6
279,Corrie Ndaba,-0.20256843546519088,0.0,6
282,Axel Tuanzebe,2.194294691702469,0.0,6
284,Luke Woolfenden,-0.06139273729874262,0.0,6
288,Conor Coady,0.03777578732287967,0.0,6
291,Wout Faes,1.5970319513361106,0.0,6
295,James Justin,1.523962216290145,12.0,6
296,Victor Kristiansen,1.8389277895834528,0.0,6
301,Caleb Okoli,1.321140752904169,1.0,6
302,Ricardo Barbosa Pereira,-0.49062124634132376,0.0,6
303,Harry Souttar,-0.4903905420855996,0.0,6
305,Luke Thomas,-0.491436003628011,0.0,6
307,Jannik Vestergaard,-0.47985452654018745,0.0,6
311,Trent Alexander-Arnold,3.8756381977131262,1.0,6
313,Conor Bradley,0.775177430065348,0.0,6
322,Joe Gomez,0.7223643388803782,1.0,6
326,Ibrahima Konaté,2.5132655457034048,7.0,6
332,Nathaniel Phillips,0.7229233917105966,0.0,6
333,Jarell Quansah,0.8300689530340835,0.0,6
334,Rhys Williams,0.7228954993775307,0.0,6
335,Andrew Robertson,3.7890797857269867,2.0,6
337,Konstantinos Tsimikas,0.7308625360027676,0.0,6
338,Sepp van den Berg,2.3303204059914258,2.0,6
339,Virgil van Dijk,2.7902253463014555,2.0,6
340,Manuel Akanji,3.9565652911351705,2.0,6
341,Nathan Aké,0.4892011102056175,0.0,6
350,Joško Gvardiol,3.510870263243776,8.0,6
353,João Cavaco Cancelo,0.49366446762944705,0.0,6
355,Rico Lewis,0.8175008624678437,2.0,6
361,Rúben Gato Alves Dias,3.0765473657081692,1.0,6
362,John Stones,-1.2464866175849318,0.0,6
363,Kyle Walker,3.5196813406500116,2.0,6
369,Diogo Dalot Teixeira,3.845839999688957,0.0,6
371,Jonny Evans,0.32416776175795725,0.0,6
376,Victor Lindelöf,0.28327069067466537,0.0,6
377,Harry Maguire,0.3697532893579347,0.0,6
379,Tyrell Malacia,0.2832283559051705,0.0,6
380,Lisandro Martínez,2.4902122717426876,0.0,6
387,Luke Shaw,0.2833852745568981,0.0,6
388,Aaron Wan-Bissaka,2.9449032577238246,2.0,6
390,Alex Murphy,-0.3086589604492578,0.0,6
393,Sven Botman,-0.30591175166736395,0.0,6
395,Dan Burn,1.8254657143452588,2.0,6
399,Lewis Hall,1.9068673002040342,2.0,6
404,Lloyd Kelly,1.0969515874905955,0.0,6
405,Emil Krafth,0.09857544312809496,0.0,6
407,Jamaal Lascelles,-0.3059040177783614,0.0,6
408,Jamal Lewis,-0.3056172826373156,0.0,6
409,Tino Livramento,0.37312203091922536,1.0,6
415,Fabian Schär,1.3031541374643805,1.0,6
416,Matt Targett,-0.30709382973240595,0.0,6
418,Kieran Trippier,1.380357425735534,2.0,6
422,Ola Aina,1.7572651053600534,2.0,6
425,Willy Boly,0.2092386344799113,0.0,6
436,Murillo Santiago Costa dos Santos,2.8162973565838616,1.0,6
437,Neco Williams,1.0038448468055705,1.0,6
438,Omar Richards,0.1289406745034074,0.0,6
440,Andrew Omobamidele,0.1289134179049869,0.0,6
441,Jonathan Panzo,0.1289263831347327,0.0,6
444,Harry Toffolo,0.15840657830753457,0.0,6
448,Joe Worrall,0.12894764758667376,0.0,6
455,Jan Bednarek,1.4788751471209167,1.0,6
456,Armel Bella-Kotchap,-0.5237170509034996,0.0,6
457,James Bree,-0.5236224792640685,0.0,6
460,Ronnie Edwards,-0.5235616717623715,0.0,6
461,Taylor Harwood-Bellis,2.657599177751324,7.0,6
464,Juan Larios López,-0.523551664337119,0.0,6
467,Ryan Manning,-0.523405181123533,0.0,6
472,Jack Stephens,-0.43321787650025767,0.0,6
474,Sugawara Yukinari,2.205088394087796,0.0,6
475,Charlie Taylor,0.820884122699173,1.0,6
476,Kyle Walker-Peters,-0.43402325955572696,0.0,6
477,Nathan Wood-Gordon,-0.5285911407442696,0.0,6
478,Ashley Phillips,0.28161896917551577,0.0,6
484,Ben Davies,0.28127252921813195,0.0,6
486,Radu Drăgușin,0.32834618169987806,1.0,6
487,Emerson Leite de Souza Junior,0.2814604523519537,0.0,6
495,Pedro Porro,3.1577594067535735,5.0,6
496,Sergio Reguilón,0.2810102611688179,0.0,6
498,Cristian Romero,2.8306557047980077,6.0,6
504,Djed Spence,0.3232878942049413,0.0,6
505,Destiny Udogie,2.686486791180135,1.0,6
506,Micky van de Ven,1.6994358487726169,9.0,6
516,Vladimír Coufal,0.2683193550629679,0.0,6
517,Aaron Cresswell,0.7213412145798128,0.0,6
520,Emerson Palmieri dos Santos,2.180056161331666,0.0,6
524,Max Kilman,2.03526352215413,1.0,6
528,Konstantinos Mavropanos,2.200026016232938,1.0,6
529,Nayef Aguerd,-0.0012740082527722407,0.0,6
532,Kurt Zouma,-0.0010634349462117498,0.0,6
533,Rayan Aït-Nouri,1.439490150590112,7.0,6
542,Craig Dawson,2.333701476147554,0.0,6
543,Matt Doherty,0.17374216324056757,0.0,6
549,Hugo Bueno López,-0.16267372316377227,0.0,6
552,Ki-Jana Hoever,-0.162569541157346,0.0,6
558,Yerson Mosquera,1.8717211921156025,0.0,6
559,Nélson Cabral Semedo,1.252543967304164,1.0,6
561,Pedro Cardoso de Lima,-0.1677984117689606,0.0,6
564,Santiago Bueno,0.12587125226699802,1.0,6
567,Toti António Gomes,-0.18759627281845193,1.0,6
572,Leny Yoro,0.28321062211084946,0.0,6
573,Nikola Milenković,2.1355842387796136,2.0,6
574,Miodrag Pivaš,-0.30581011255378243,0.0,6
575,Caleb Wiley,0.46186409673505713,0.0,6
578,Riccardo Calafiori,1.7748588273656791,0.0,6
579,Ryan Sessegnon,0.2588273891562016,0.0,6
580,Dean Huijsen,2.761270358093938,0.0,6
582,Jake O'Brien,0.04130036673229798,0.0,6
583,Conor Townsend,-0.20358689608693226,0.0,6
586,Jorge Cuenca Barreno,0.25890021991154955,0.0,6
591,Jean-Clair Todibo,0.17939345407034146,2.0,6
592,Julián Araujo Zúñiga,1.7522397868345534,0.0,6
593,Matthijs de Ligt,4.207590545092782,1.0,6
594,Noussair Mazraoui,2.2391296071071247,0.0,6
598,Lamare Bogarde,0.7597390786190799,0.0,6
616,Ben Nelson,-0.4903803931426278,0.0,6
626,Issa Kaboré,0.4170505321000988,0.0,6
627,Roman Dixon,0.17229386301326954,0.0,6
628,Ferdi Kadioglu,0.49253075480355957,0.0,6
630,Dara O'Shea,1.7546920484770343,1.0,6
637,Bastien Meupiyou,-0.21594519617395136,0.0,6
640,Sil Swinkels,0.5816247205519218,0.0,6
643,Kaelan Casey,-0.084013038880272,0.0,6
649,Jayden Meghoma,0.2276109659513219,0.0,6
650,Maxence Lacroix,1.9341192308864308,4.0,6
653,Felipe Rodrigues da Silva,0.8115098721490868,0.0,6
657,Maldini Kacurri,0.6898425695866863,0.0,6
658,Ayden Heaven,0.2408867592230859,0.0,6
662,Josh Nichols,0.7345477405737961,0.0,6
663,Imari Samuels,0.1308902537704144,0.0,6
664,Alfie Pond,-0.08780626215001686,0.0,6
3,Gabriel dos Santos Magalhães,3.5512028092793972,2.0,7
6,Jurriën Timber,4.456473142097034,0.0,7
8,Jakub Kiwior,0.8958210308172885,1.0,7
18,William Saliba,3.125157671158572,2.0,7
21,Kieran Tierney,0.3833500816290605,0.0,7
22,Tomiyasu Takehiro,0.6176356700581489,1.0,7
24,Benjamin White,2.0715705603315833,0.0,7
25,Oleksandr Zinchenko,0.6446803799236234,0.0,7
26,Álex Moreno Lopera,1.6733756797106487,2.0,7
32,Matty Cash,0.3547281194079881,6.0,7
35,Diego Carlos Santos Silva,2.055294501506511,6.0,7
36,Lucas Digne,2.0475549687475763,6.0,7
40,Kortney Hause,0.09278322550356277,0.0,7
43,Kaine Kesler-Hayden,0.09004378121984713,0.0,7
44,Ezri Konsa Ngoyo,2.31730509561058,1.0,7
45,Ian Maatsen,0.7259669060692224,1.0,7
49,Tyrone Mings,0.32467747168004113,0.0,7
50,Kosta Nedeljković,0.1754675523426723,0.0,7
52,Pau Torres,2.3566636745638423,6.0,7
56,Lino da Cruz Sousa,0.09081438678856468,0.0,7
59,Max Aarons,0.23262921527956903,0.0,7
68,James Hill,-0.0015105481800916642,0.0,7
70,Milos Kerkez,1.9614193370459123,2.0,7
72,Chris Mepham,0.23179804135733484,0.0,7
79,Marcos Senesi,2.058508750126265,1.0,7
81,Adam Smith,2.0470503642475695,2.0,7
85,Illia Zabarnyi,2.009445169710137,2.0,7
86,Kristoffer Ajer,1.9146580638390702,0.0,7
88,Nathan Collins,2.4491135978451997,10.0,7
92,Rico Henry,0.13446716621696586,0.0,7
93,Aaron Hickey,0.1927699884647307,0.0,7
96,Kim Ji-soo,-0.04025742363663909,0.0,7
100,Ben Mee,0.13885443301611478,0.0,7
104,Ethan Pinnock,2.010873325736627,7.0,7
105,Mads Roerslev Rasmussen,0.2275566729996994,1.0,7
112,Mathias Jorgensen,0.25134387012526505,0.0,7
116,Valentín Barco,0.11298488981273502,0.0,7
120,Lewis Dunk,1.985463195834967,1.0,7
122,Pervis Estupiñán,2.210471628174002,1.0,7
128,Igor Julio dos Santos de Paulo,0.831945410531223,0.0,7
131,Tariq Lamptey,0.2985069810761636,0.0,7
139,Odeluga Offiah,0.005075869288617252,0.0,7
144,Jan Paul van Hecke,0.32222486279809903,0.0,7
145,Joël Veltman,0.3353228497053333,1.0,7
147,Adam Webster,1.401867506316183,1.0,7
153,Benoît Badiashile,0.31882914001342444,0.0,7
159,Trevoh Chalobah,0.2874867644568688,2.0,7
160,Ben Chilwell,0.3993714474809411,0.0,7
162,Levi Colwill,2.235535224383824,1.0,7
163,Marc Cucurella Saseta,2.1579119400696367,1.0,7
167,Axel Disasi,0.29648247004060746,0.0,7
170,Alfie Gilchrist,0.14255452067200514,0.0,7
171,Malo Gusto,2.273210284879813,2.0,7
172,Reece James,0.6700954019796748,0.0,7
176,Malang Sarr,0.43500236544700943,0.0,7
187,Tosin Adarabioyo,0.5171481101844071,1.0,7
189,Wesley Fofana,1.8130148505401387,1.0,7
191,Joachim Andersen,2.2345724903946014,1.0,7
194,Chris Richards,0.27139613716094146,0.0,7
195,Chadi Riad Dnanou,0.2085235443201401,0.0,7
196,Nathaniel Clyne,0.24001991604926953,6.0,7
200,Marc Guéhi,2.7556358287657527,2.0,7
202,Rob Holding,0.2101485404353749,0.0,7
210,Tyrick Mitchell,2.258583454367681,1.0,7
211,Daniel Muñoz,2.4713210056148114,1.0,7
215,Joel Ward,0.21032717992650785,0.0,7
219,Jarrad Branthwaite,1.9910704006013233,0.0,7
221,Séamus Coleman,0.24889012719686177,0.0,7
225,Mason Holgate,0.03148819397787728,0.0,7
228,Michael Keane,0.037798140680854075,6.0,7
231,Vitalii Mykolenko,2.2161519282152913,0.0,7
234,Nathan Patterson,0.21965542688252038,0.0,7
236,James Tarkowski,2.3823993728761526,6.0,7
238,Ashley Young,1.8535574064732678,6.0,7
241,Calvin Bassey,2.211647533885186,0.0,7
244,Timothy Castagne,0.20299207884965265,1.0,7
245,Issa Diop,1.4073544749781721,0.0,7
250,Kevin Mbabu,0.07434436892232332,0.0,7
253,Tim Ream,0.364545464679924,0.0,7
255,Antonee Robinson,2.2410995657315524,1.0,7
257,Kenny Tete,2.086228251910004,1.0,7
261,Elkan Baggott,-0.0859388420213536,0.0,7
263,Cameron Burgess,-0.15185067956514553,0.0,7
266,Harry Clarke,-0.08607631928268411,0.0,7
267,Leif Davis,4.104783384410656,0.0,7
269,George Edmundson,-0.08505085944548041,0.0,7
270,Jacob Greaves,1.611773896297958,0.0,7
275,Ben Johnson,-0.007085248946773426,0.0,7
279,Corrie Ndaba,-0.08604983984333803,0.0,7
282,Axel Tuanzebe,1.5383035936846046,0.0,7
284,Luke Woolfenden,-0.002030060797495903,0.0,7
288,Conor Coady,0.42300234850273055,0.0,7
291,Wout Faes,2.1657126279455277,6.0,7
295,James Justin,1.766837930417985,8.0,7
296,Victor Kristiansen,1.8690845707912782,6.0,7
301,Caleb Okoli,1.7530123335229852,6.0,7
302,Ricardo Barbosa Pereira,0.03879361987158436,0.0,7
303,Harry Souttar,-0.1380266770683276,0.0,7
305,Luke Thomas,-0.13497507767864603,0.0,7
307,Jannik Vestergaard,-0.16675913660407593,0.0,7
311,Trent Alexander-Arnold,3.9350412270226194,6.0,7
313,Conor Bradley,0.529417155013741,0.0,7
322,Joe Gomez,0.5015586919313173,0.0,7
326,Ibrahima Konaté,2.2367742989290296,6.0,7
332,Nathaniel Phillips,0.04743662853288155,0.0,7
333,Jarell Quansah,0.1356590822785706,0.0,7
334,Rhys Williams,0.04710235922989492,0.0,7
335,Andrew Robertson,3.316536176879458,1.0,7
337,Konstantinos Tsimikas,0.42717068497648203,6.0,7
338,Sepp van den Berg,1.7758960167277955,1.0,7
339,Virgil van Dijk,2.840823442474587,6.0,7
340,Manuel Akanji,2.8697443960783175,2.0,7
341,Nathan Aké,0.7415027831371299,0.0,7
350,Joško Gvardiol,3.162695777165716,1.0,7
353,João Cavaco Cancelo,0.8661359849254384,0.0,7
355,Rico Lewis,2.1426915121037418,4.0,7
361,Rúben Gato Alves Dias,2.4729881842366304,1.0,7
362,John Stones,0.8023146887774826,1.0,7
363,Kyle Walker,2.651868304737679,1.0,7
369,Diogo Dalot Teixeira,2.162613307895942,6.0,7
371,Jonny Evans,0.04083159218616439,6.0,7
376,Victor Lindelöf,-0.009479265903996836,0.0,7
377,Harry Maguire,0.3167763657413243,0.0,7
379,Tyrell Malacia,0.0488704491331764,0.0,7
380,Lisandro Martínez,1.8073693459317735,0.0,7
387,Luke Shaw,0.34393978083776,0.0,7
388,Aaron Wan-Bissaka,2.122820255388975,2.0,7
390,Alex Murphy,-0.06548601955998867,0.0,7
393,Sven Botman,0.16476307142804592,0.0,7
395,Dan Burn,2.1507820315471964,6.0,7
399,Lewis Hall,2.691748118398765,5.0,7
404,Lloyd Kelly,0.4229458981155818,0.0,7
405,Emil Krafth,0.3510744184973942,0.0,7
407,Jamaal Lascelles,0.2232372363206454,0.0,7
408,Jamal Lewis,-0.06640029755872723,0.0,7
409,Tino Livramento,0.5756240825073902,1.0,7
415,Fabian Schär,2.356400503681618,5.0,7
416,Matt Targett,-0.06131205824160091,0.0,7
418,Kieran Trippier,2.4950156127022822,6.0,7
422,Ola Aina,2.3256110653783786,2.0,7
425,Willy Boly,0.1781677097908796,0.0,7
436,Murillo Santiago Costa dos Santos,2.572657140959004,2.0,7
437,Neco Williams,0.5919745610015448,0.0,7
438,Omar Richards,0.26847080446576266,0.0,7
440,Andrew Omobamidele,0.1514986366079678,0.0,7
441,Jonathan Panzo,-0.024525650233990337,0.0,7
444,Harry Toffolo,0.23865214348063635,0.0,7
448,Joe Worrall,0.26856776808036953,0.0,7
455,Jan Bednarek,1.7498040939458868,0.0,7
456,Armel Bella-Kotchap,-0.1775648054631196,0.0,7
457,James Bree,-0.1783053727345627,0.0,7
460,Ronnie Edwards,-0.17822631557855928,0.0,7
461,Taylor Harwood-Bellis,2.0512008289809476,1.0,7
464,Juan Larios López,-0.17870576160779406,0.0,7
467,Ryan Manning,-0.002965516207076302,1.0,7
472,Jack Stephens,-0.027250382048055855,0.0,7
474,Sugawara Yukinari,2.081364928769796,1.0,7
475,Charlie Taylor,1.9328374755937219,1.0,7
476,Kyle Walker-Peters,0.08765364289150357,0.0,7
477,Nathan Wood-Gordon,-0.17527947482433248,0.0,7
478,Ashley Phillips,0.02973260871387229,0.0,7
484,Ben Davies,0.262877911760234,0.0,7
486,Radu Drăgușin,0.4732924196521773,0.0,7
487,Emerson Leite de Souza Junior,0.32036238571499753,0.0,7
495,Pedro Porro,3.44875800150335,1.0,7
496,Sergio Reguilón,0.20466135373711314,0.0,7
498,Cristian Romero,2.477637820612479,1.0,7
504,Djed Spence,1.0293135003773841,0.0,7
505,Destiny Udogie,1.3359193034449213,0.0,7
506,Micky van de Ven,1.4684074608359055,1.0,7
516,Vladimír Coufal,0.08868662722535126,0.0,7
517,Aaron Cresswell,-0.13973406373088215,1.0,7
520,Emerson Palmieri dos Santos,0.7895854238396298,2.0,7
524,Max Kilman,1.9594517439636796,2.0,7
528,Konstantinos Mavropanos,1.2507138686783925,0.0,7
529,Nayef Aguerd,0.06656146674224805,0.0,7
532,Kurt Zouma,0.06916672596629025,0.0,7
533,Rayan Aït-Nouri,2.0812965004911135,9.0,7
542,Craig Dawson,0.38615648979280026,-1.0,7
543,Matt Doherty,0.4388988906258575,0.0,7
549,Hugo Bueno López,0.1805743188632154,0.0,7
552,Ki-Jana Hoever,-0.11087326967689659,0.0,7
558,Yerson Mosquera,0.14195272417218918,0.0,7
559,Nélson Cabral Semedo,1.9238698110997152,2.0,7
561,Pedro Cardoso de Lima,-0.10632393044568911,0.0,7
564,Santiago Bueno,1.5983442998450759,0.0,7
567,Toti António Gomes,1.5801591024561539,0.0,7
572,Leny Yoro,-0.009193209797625723,0.0,7
573,Nikola Milenković,2.197449112052565,5.0,7
574,Miodrag Pivaš,-0.06864959825019934,0.0,7
575,Caleb Wiley,0.14236442095389457,0.0,7
578,Riccardo Calafiori,3.4348396448934952,2.0,7
579,Ryan Sessegnon,0.24845633249159027,0.0,7
580,Dean Huijsen,0.15375974651194912,0.0,7
582,Jake O'Brien,0.3165546190158399,0.0,7
583,Conor Townsend,-0.08484650343389477,0.0,7
586,Jorge Cuenca Barreno,0.3064774859692032,0.0,7
591,Jean-Clair Todibo,1.8510300351698739,2.0,7
592,Julián Araujo Zúñiga,0.31274742298455926,0.0,7
593,Matthijs de Ligt,2.610842012113773,1.0,7
594,Noussair Mazraoui,1.8254299946803556,1.0,7
598,Lamare Bogarde,0.014153955377495198,0.0,7
616,Ben Nelson,-0.13788378332048623,0.0,7
626,Issa Kaboré,0.38617648426577134,0.0,7
627,Roman Dixon,0.006986939564218364,0.0,7
628,Ferdi Kadioglu,1.9141807202990595,0.0,7
630,Dara O'Shea,1.687902967437319,0.0,7
637,Bastien Meupiyou,-0.10738893790866433,0.0,7
640,Sil Swinkels,0.0951205687611858,0.0,7
643,Kaelan Casey,-0.16386809347893605,0.0,7
649,Jayden Meghoma,-0.038258254485203924,0.0,7
650,Maxence Lacroix,1.7739882705510421,2.0,7
653,Felipe Rodrigues da Silva,0.6099336700111393,1.0,7
657,Maldini Kacurri,0.13209120989893508,0.0,7
658,Ayden Heaven,-0.10959301701376978,0.0,7
662,Josh Nichols,0.11684284692467006,0.0,7
663,Imari Samuels,-0.014968193830523724,0.0,7
664,Alfie Pond,-0.1300278489343527,0.0,7
666,Caleb Kporha,-0.04771608899397606,0.0,7
3,Gabriel dos Santos Magalhães,3.582036577778224,1.0,8
6,Jurriën Timber,1.9248103788418458,0.0,8
8,Jakub Kiwior,0.9055916607239256,0.0,8
18,William Saliba,3.264282594340573,-3.0,8
21,Kieran Tierney,0.2182150783055934,0.0,8
22,Tomiyasu Takehiro,0.7793238217582932,0.0,8
24,Benjamin White,2.0606920847803476,0.0,8
25,Oleksandr Zinchenko,0.5544185353701079,0.0,8
26,Álex Moreno Lopera,1.685902172684333,6.0,8
32,Matty Cash,1.0782138298875967,2.0,8
35,Diego Carlos Santos Silva,1.674224636013152,2.0,8
36,Lucas Digne,1.9442385152143142,4.0,8
40,Kortney Hause,-0.03697498085032214,0.0,8
43,Kaine Kesler-Hayden,-0.037715353423527276,0.0,8
44,Ezri Konsa Ngoyo,1.402417983551418,0.0,8
45,Ian Maatsen,1.034446081009352,0.0,8
49,Tyrone Mings,0.21669693720866823,0.0,8
50,Kosta Nedeljković,-0.008127570126723604,0.0,8
52,Pau Torres,2.012675494445922,2.0,8
56,Lino da Cruz Sousa,-0.03744191095088967,0.0,8
59,Max Aarons,0.21482305770407573,0.0,8
68,James Hill,-0.039637288866125164,0.0,8
70,Milos Kerkez,1.9252199390033784,6.0,8
72,Chris Mepham,0.2144832071567535,0.0,8
79,Marcos Senesi,2.24584007810218,6.0,8
81,Adam Smith,1.6702064936745664,1.0,8
85,Illia Zabarnyi,2.177858822046538,6.0,8
86,Kristoffer Ajer,2.057318826417214,0.0,8
88,Nathan Collins,3.392596384749055,1.0,8
92,Rico Henry,0.21859102012539555,0.0,8
93,Aaron Hickey,0.28218874171660424,0.0,8
96,Kim Ji-soo,0.028033895926034003,0.0,8
100,Ben Mee,0.22029610651237164,0.0,8
104,Ethan Pinnock,3.164376740877776,7.0,8
105,Mads Roerslev Rasmussen,-0.9908347790406626,1.0,8
112,Mathias Jorgensen,0.34585054270963145,0.0,8
116,Valentín Barco,-0.015107312194764688,0.0,8
120,Lewis Dunk,2.1594734664536333,6.0,8
122,Pervis Estupiñán,1.8947278106746985,1.0,8
128,Igor Julio dos Santos de Paulo,1.1683796709683918,6.0,8
131,Tariq Lamptey,0.26358431898028467,0.0,8
139,Odeluga Offiah,-0.05453204152798952,0.0,8
144,Jan Paul van Hecke,0.7175539298997244,1.0,8
145,Joël Veltman,1.5977060451149683,6.0,8
147,Adam Webster,1.1474798688722476,0.0,8
153,Benoît Badiashile,0.23835907086219965,1.0,8
159,Trevoh Chalobah,1.1254742779918239,2.0,8
160,Ben Chilwell,0.4306623363201476,0.0,8
162,Levi Colwill,2.383850251633538,1.0,8
163,Marc Cucurella Saseta,2.5647244704051655,0.0,8
167,Axel Disasi,0.39234745563587614,0.0,8
170,Alfie Gilchrist,0.047508696673738804,0.0,8
171,Malo Gusto,2.4133003308661216,1.0,8
172,Reece James,0.6188356970866784,0.0,8
176,Malang Sarr,0.36555048676954405,0.0,8
187,Tosin Adarabioyo,0.5388785521897996,-1.0,8
189,Wesley Fofana,2.215241573247077,0.0,8
191,Joachim Andersen,1.9932040956629127,-2.0,8
194,Chris Richards,0.4836469133772616,0.0,8
195,Chadi Riad Dnanou,0.1527307129568607,0.0,8
196,Nathaniel Clyne,0.916436611440484,0.0,8
200,Marc Guéhi,2.212843530730696,2.0,8
202,Rob Holding,0.12986169242699797,0.0,8
210,Tyrick Mitchell,2.074064594181621,2.0,8
211,Daniel Muñoz,1.4632474087420153,1.0,8
215,Joel Ward,0.19359380201932241,0.0,8
219,Jarrad Branthwaite,0.8815542092940145,0.0,8
221,Séamus Coleman,0.26394760466103984,0.0,8
225,Mason Holgate,-0.05564407821449491,0.0,8
228,Michael Keane,1.275016632403565,11.0,8
231,Vitalii Mykolenko,0.8072369667475274,6.0,8
234,Nathan Patterson,0.19601605404558242,0.0,8
236,James Tarkowski,2.416925690350846,6.0,8
238,Ashley Young,1.9293190458104608,6.0,8
241,Calvin Bassey,2.295617372554057,0.0,8
244,Timothy Castagne,0.07737919613365252,0.0,8
245,Issa Diop,0.6718507862255079,-2.0,8
250,Kevin Mbabu,-0.015632795805329724,0.0,8
253,Tim Ream,0.30160285492538774,0.0,8
255,Antonee Robinson,2.3856029170508677,1.0,8
257,Kenny Tete,1.9662902950377728,1.0,8
261,Elkan Baggott,-0.10534922768282184,0.0,8
263,Cameron Burgess,-0.2106321094235022,1.0,8
266,Harry Clarke,-0.10565204559118202,1.0,8
267,Leif Davis,2.5153827043736445,1.0,8
269,George Edmundson,-0.1046979232653733,0.0,8
270,Jacob Greaves,1.9329585247542642,0.0,8
275,Ben Johnson,0.7989977838995466,0.0,8
279,Corrie Ndaba,-0.10539372657577495,0.0,8
282,Axel Tuanzebe,0.8522080030323695,0.0,8
284,Luke Woolfenden,0.04596683588861472,1.0,8
288,Conor Coady,0.3997705741365012,0.0,8
291,Wout Faes,2.27008570151283,1.0,8
295,James Justin,1.7657909009528634,1.0,8
296,Victor Kristiansen,2.171552125128951,0.0,8
301,Caleb Okoli,1.823955251241058,1.0,8
302,Ricardo Barbosa Pereira,0.07404057937535047,0.0,8
303,Harry Souttar,-0.11718168151626429,0.0,8
305,Luke Thomas,-0.1891803291739893,0.0,8
307,Jannik Vestergaard,-0.0644920110421956,0.0,8
311,Trent Alexander-Arnold,4.047778197851123,2.0,8
313,Conor Bradley,0.548751031913219,0.0,8
322,Joe Gomez,0.2654418445815345,1.0,8
326,Ibrahima Konaté,2.331511598692428,1.0,8
332,Nathaniel Phillips,-0.014663708810403797,0.0,8
333,Jarell Quansah,-0.00499979973077469,0.0,8
334,Rhys Williams,-0.014773988675547578,0.0,8
335,Andrew Robertson,2.13552737811877,2.0,8
337,Konstantinos Tsimikas,1.1447155220610288,0.0,8
338,Sepp van den Berg,2.127816332364633,1.0,8
339,Virgil van Dijk,2.978373912637185,2.0,8
340,Manuel Akanji,2.5765219250690716,0.0,8
341,Nathan Aké,0.6628239019553881,0.0,8
350,Joško Gvardiol,3.1636019049444695,8.0,8
353,João Cavaco Cancelo,0.8148564739115414,0.0,8
355,Rico Lewis,1.969858401913882,2.0,8
361,Rúben Gato Alves Dias,2.8452335848544372,2.0,8
362,John Stones,1.0681959516097308,8.0,8
363,Kyle Walker,1.952399232242911,0.0,8
369,Diogo Dalot Teixeira,2.40963434393265,1.0,8
371,Jonny Evans,1.0480618084888427,1.0,8
376,Victor Lindelöf,0.6144018887684788,1.0,8
377,Harry Maguire,1.0219505000713003,0.0,8
379,Tyrell Malacia,0.2428904027115779,0.0,8
380,Lisandro Martínez,1.1687685909959002,2.0,8
387,Luke Shaw,0.5617655276167732,0.0,8
388,Aaron Wan-Bissaka,2.2792528615428544,0.0,8
390,Alex Murphy,-0.05116632117379405,0.0,8
393,Sven Botman,0.2027101986715074,0.0,8
395,Dan Burn,1.9978137583353668,1.0,8
399,Lewis Hall,2.043961597431151,1.0,8
404,Lloyd Kelly,0.6154481115218764,0.0,8
405,Emil Krafth,0.38425329786939155,0.0,8
407,Jamaal Lascelles,0.26631563111312717,0.0,8
408,Jamal Lewis,-0.05074825027509222,0.0,8
409,Tino Livramento,0.8537994926076022,2.0,8
415,Fabian Schär,2.439430074705376,2.0,8
416,Matt Targett,-0.04957221808448109,0.0,8
418,Kieran Trippier,2.6819303618685026,0.0,8
422,Ola Aina,2.3220706276340977,6.0,8
425,Willy Boly,0.14780527377684516,0.0,8
436,Murillo Santiago Costa dos Santos,2.526220011120202,6.0,8
437,Neco Williams,0.7527708579601669,1.0,8
438,Omar Richards,0.25285509419821217,0.0,8
440,Andrew Omobamidele,0.12557916108175382,0.0,8
441,Jonathan Panzo,-0.06540725562788108,0.0,8
444,Harry Toffolo,0.13369588725777426,0.0,8
448,Joe Worrall,0.25287186189700606,0.0,8
455,Jan Bednarek,2.081560881856497,1.0,8
456,Armel Bella-Kotchap,-0.16242243871740802,0.0,8
457,James Bree,-0.09075906324794536,0.0,8
460,Ronnie Edwards,-0.0906897197347174,0.0,8
461,Taylor Harwood-Bellis,2.214249290024423,0.0,8
464,Juan Larios López,-0.09085539850286217,0.0,8
467,Ryan Manning,0.9184383518919694,3.0,8
472,Jack Stephens,0.1855067797539851,0.0,8
474,Sugawara Yukinari,2.266764614402776,5.0,8
475,Charlie Taylor,0.6515152366681258,1.0,8
476,Kyle Walker-Peters,1.3500908255129094,4.0,8
477,Nathan Wood-Gordon,-0.08934172038237831,0.0,8
478,Ashley Phillips,-0.017470053095840488,0.0,8
484,Ben Davies,0.23641467184834752,0.0,8
486,Radu Drăgușin,0.3276097541420895,0.0,8
487,Emerson Leite de Souza Junior,0.29985395050929053,0.0,8
495,Pedro Porro,2.927130823729854,2.0,8
496,Sergio Reguilón,0.17295202747206906,0.0,8
498,Cristian Romero,2.616390714080838,2.0,8
504,Djed Spence,0.42887267849625,0.0,8
505,Destiny Udogie,2.171864182251122,5.0,8
506,Micky van de Ven,1.862977662643127,1.0,8
516,Vladimír Coufal,0.2839293792259716,0.0,8
517,Aaron Cresswell,0.04378191682072918,0.0,8
520,Emerson Palmieri dos Santos,1.774044648650559,0.0,8
524,Max Kilman,2.216804134588772,0.0,8
528,Konstantinos Mavropanos,1.029133878871578,1.0,8
529,Nayef Aguerd,0.19606037893045825,0.0,8
532,Kurt Zouma,0.19683362780945046,0.0,8
533,Rayan Aït-Nouri,3.2609254709913884,1.0,8
542,Craig Dawson,1.6159993359161469,1.0,8
543,Matt Doherty,0.4879020320078866,0.0,8
549,Hugo Bueno López,0.24153376854826591,0.0,8
552,Ki-Jana Hoever,-0.0761210746522969,0.0,8
558,Yerson Mosquera,0.5814476428346893,0.0,8
559,Nélson Cabral Semedo,2.1072615081151334,3.0,8
561,Pedro Cardoso de Lima,-0.07362299693480212,0.0,8
564,Santiago Bueno,0.5335460260595988,1.0,8
567,Toti António Gomes,1.6392426386851913,0.0,8
572,Leny Yoro,0.17926583234396753,0.0,8
573,Nikola Milenković,2.306890067045879,6.0,8
574,Miodrag Pivaš,-0.051526658446020335,0.0,8
575,Caleb Wiley,0.04743001747170661,0.0,8
578,Riccardo Calafiori,2.844174026890599,1.0,8
579,Ryan Sessegnon,0.17455758751597816,0.0,8
580,Dean Huijsen,0.44936297389964475,0.0,8
582,Jake O'Brien,0.41491808307373734,0.0,8
583,Conor Townsend,-0.10518952779957802,0.0,8
586,Jorge Cuenca Barreno,0.23823708749021577,0.0,8
591,Jean-Clair Todibo,1.5995748877865807,0.0,8
592,Julián Araujo Zúñiga,0.5210965398615586,1.0,8
593,Matthijs de Ligt,2.0127360949699806,2.0,8
594,Noussair Mazraoui,1.7701946448249668,1.0,8
598,Lamare Bogarde,0.12706745649438966,0.0,8
616,Ben Nelson,-0.11713653771181942,0.0,8
626,Issa Kaboré,0.3051316195092024,0.0,8
627,Roman Dixon,-0.0338612188907943,0.0,8
628,Ferdi Kadioglu,1.233374963912075,6.0,8
630,Dara O'Shea,1.8039437087542058,1.0,8
637,Bastien Meupiyou,-0.07605196589734309,0.0,8
640,Sil Swinkels,-0.037867989622546894,0.0,8
643,Kaelan Casey,-0.05847958862286218,0.0,8
649,Jayden Meghoma,-0.021382125780847083,0.0,8
650,Maxence Lacroix,2.0764478275447793,2.0,8
653,Felipe Rodrigues da Silva,0.711438328678577,1.0,8
657,Maldini Kacurri,-0.010578379256533488,0.0,8
658,Ayden Heaven,-0.0873186488034241,0.0,8
662,Josh Nichols,-0.05383441063282968,0.0,8
663,Imari Samuels,-0.1288876477599219,0.0,8
664,Alfie Pond,-0.1561583802962594,0.0,8
666,Caleb Kporha,-0.17350373892746251,0.0,8
3,Gabriel dos Santos Magalhães,3.493712912906104,1.0,9
6,Jurriën Timber,1.2645618580906444,2.0,9
8,Jakub Kiwior,1.0620304658611746,1.0,9
18,William Saliba,2.2553339567178456,0.0,9
21,Kieran Tierney,0.13058672247041514,0.0,9
22,Tomiyasu Takehiro,0.6840696596406337,0.0,9
24,Benjamin White,2.4230964005194977,4.0,9
25,Oleksandr Zinchenko,0.4222258353642374,0.0,9
26,Álex Moreno Lopera,1.9039212414785291,1.0,9
32,Matty Cash,1.5812782818857762,1.0,9
35,Diego Carlos Santos Silva,1.926107953555503,0.0,9
36,Lucas Digne,2.3293808259798396,5.0,9
40,Kortney Hause,-0.03877648025926339,0.0,9
43,Kaine Kesler-Hayden,-0.03824985153236016,0.0,9
44,Ezri Konsa Ngoyo,0.8067210998184589,2.0,9
45,Ian Maatsen,0.8045070384461646,1.0,9
49,Tyrone Mings,0.18659366030030355,0.0,9
50,Kosta Nedeljković,-0.023800344021221775,0.0,9
52,Pau Torres,2.1872980214427464,2.0,9
56,Lino da Cruz Sousa,-0.03828718607646131,0.0,9
59,Max Aarons,0.13039143332504466,0.0,9
68,James Hill,-0.038615816383841484,0.0,9
70,Milos Kerkez,1.973768956865686,2.0,9
72,Chris Mepham,0.18688406169226468,0.0,9
79,Marcos Senesi,2.057721021098339,2.0,9
81,Adam Smith,1.4272689178493918,1.0,9
85,Illia Zabarnyi,1.9007633607039152,2.0,9
86,Kristoffer Ajer,2.046507814807791,0.0,9
88,Nathan Collins,2.5873265454255536,1.0,9
92,Rico Henry,0.13055239203573343,0.0,9
93,Aaron Hickey,0.18687521110027028,0.0,9
96,Kim Ji-soo,-0.09820602922762323,0.0,9
100,Ben Mee,0.1300427416933072,0.0,9
104,Ethan Pinnock,2.806334121486147,1.0,9
105,Mads Roerslev Rasmussen,0.29298152322354376,4.0,9
112,Mathias Jorgensen,0.2431761643915875,0.0,9
116,Valentín Barco,-0.0431813022405616,0.0,9
120,Lewis Dunk,2.0064695658895193,0.0,9
122,Pervis Estupiñán,1.2757276271689086,0.0,9
128,Igor Julio dos Santos de Paulo,1.5264053078624276,0.0,9
131,Tariq Lamptey,0.18667999135022306,3.0,9
139,Odeluga Offiah,-0.03828207952787599,0.0,9
144,Jan Paul van Hecke,0.7767797849913745,1.0,9
145,Joël Veltman,1.8399827024889293,1.0,9
147,Adam Webster,0.7209286846046323,0.0,9
153,Benoît Badiashile,0.49805755460935064,0.0,9
159,Trevoh Chalobah,1.8344623002261136,6.0,9
160,Ben Chilwell,0.355069293993723,0.0,9
162,Levi Colwill,2.303113003061081,2.0,9
163,Marc Cucurella Saseta,1.4474457673090617,1.0,9
167,Axel Disasi,0.2120421973899802,0.0,9
170,Alfie Gilchrist,-0.03826562509354581,0.0,9
171,Malo Gusto,2.3853560416463857,2.0,9
172,Reece James,1.0162155034286755,2.0,9
176,Malang Sarr,0.2431813844190298,0.0,9
187,Tosin Adarabioyo,0.8039569380316998,0.0,9
189,Wesley Fofana,1.157524827158099,1.0,9
191,Joachim Andersen,1.7503120475433622,0.0,9
194,Chris Richards,0.35132402919743644,0.0,9
195,Chadi Riad Dnanou,0.14366587631839955,0.0,9
196,Nathaniel Clyne,0.6208011296957494,0.0,9
200,Marc Guéhi,2.2297510936964287,6.0,9
202,Rob Holding,0.13054449221980224,0.0,9
210,Tyrick Mitchell,2.0593590201345426,6.0,9
211,Daniel Muñoz,2.1535350212293336,5.0,9
215,Joel Ward,0.13050541368596313,0.0,9
219,Jarrad Branthwaite,0.6311906911625975,1.0,9
221,Séamus Coleman,0.1585408371764636,0.0,9
225,Mason Holgate,-0.037652920141274304,0.0,9
228,Michael Keane,1.6540835421938969,2.0,9
231,Vitalii Mykolenko,1.235158582417366,2.0,9
234,Nathan Patterson,0.18683819319872086,0.0,9
236,James Tarkowski,2.273980841286626,1.0,9
238,Ashley Young,2.0932837408941074,5.0,9
241,Calvin Bassey,2.2547931632648677,2.0,9
244,Timothy Castagne,0.12070169879709347,0.0,9
245,Issa Diop,0.7883319557672923,2.0,9
250,Kevin Mbabu,-0.03836378430523979,0.0,9
253,Tim Ream,0.24317956875731106,0.0,9
255,Antonee Robinson,2.337369654724732,2.0,9
257,Kenny Tete,2.284696685657095,2.0,9
261,Elkan Baggott,-0.03825246154608131,0.0,9
263,Cameron Burgess,0.9685361595503235,0.0,9
266,Harry Clarke,0.2577694688117056,-5.0,9
267,Leif Davis,2.558994765794888,2.0,9
269,George Edmundson,-0.038133253978277715,0.0,9
270,Jacob Greaves,1.0339534795099334,0.0,9
275,Ben Johnson,0.43327250235822845,0.0,9
279,Corrie Ndaba,-0.03824792239178354,0.0,9
282,Axel Tuanzebe,0.4520518677563734,0.0,9
284,Luke Woolfenden,0.9315578154201969,1.0,9
288,Conor Coady,0.287006650620361,0.0,9
291,Wout Faes,2.3567252594619665,1.0,9
295,James Justin,2.559139189162231,1.0,9
296,Victor Kristiansen,2.0097309730522666,0.0,9
301,Caleb Okoli,1.9846472794104653,1.0,9
302,Ricardo Barbosa Pereira,0.13047070716844011,0.0,9
303,Harry Souttar,-0.038249738053502735,0.0,9
305,Luke Thomas,-0.10590865393648619,0.0,9
307,Jannik Vestergaard,-0.014359030561091224,0.0,9
311,Trent Alexander-Arnold,3.4496790899310836,1.0,9
313,Conor Bradley,0.38282184987876544,0.0,9
322,Joe Gomez,0.33268932867580325,0.0,9
326,Ibrahima Konaté,2.488946939127074,1.0,9
332,Nathaniel Phillips,-0.038285029978169405,0.0,9
333,Jarell Quansah,-0.03525285155910041,0.0,9
334,Rhys Williams,-0.0382776538524352,0.0,9
335,Andrew Robertson,2.62705532228072,1.0,9
337,Konstantinos Tsimikas,0.6974499700769146,1.0,9
338,Sepp van den Berg,1.900410555285223,1.0,9
339,Virgil van Dijk,2.976333848055412,7.0,9
340,Manuel Akanji,1.6078300640270307,6.0,9
341,Nathan Aké,0.6587541647202633,0.0,9
350,Joško Gvardiol,3.512784794032468,6.0,9
353,João Cavaco Cancelo,0.6934186850556268,0.0,9
355,Rico Lewis,2.319096919745175,6.0,9
361,Rúben Gato Alves Dias,2.9786373249235183,6.0,9
362,John Stones,2.5588742303863334,1.0,9
363,Kyle Walker,1.3427764276357887,0.0,9
369,Diogo Dalot Teixeira,2.5921746400288637,1.0,9
371,Jonny Evans,1.5534191871683758,0.0,9
376,Victor Lindelöf,0.2814928382635653,1.0,9
377,Harry Maguire,0.7296126277371338,0.0,9
379,Tyrell Malacia,0.18688305839540398,0.0,9
380,Lisandro Martínez,1.9542344034879395,1.0,9
387,Luke Shaw,0.46821590893627096,0.0,9
388,Aaron Wan-Bissaka,2.24538058933578,2.0,9
390,Alex Murphy,-0.039459382921936736,0.0,9
393,Sven Botman,0.18687349166343736,0.0,9
395,Dan Burn,1.9994140745719662,1.0,9
399,Lewis Hall,2.2660136892111824,4.0,9
404,Lloyd Kelly,0.38812647792753374,1.0,9
405,Emil Krafth,0.2373837377876722,0.0,9
407,Jamaal Lascelles,0.24315985064512002,0.0,9
408,Jamal Lewis,-0.03836219560123544,0.0,9
409,Tino Livramento,1.4516011751642148,1.0,9
415,Fabian Schär,2.891059707579041,0.0,9
416,Matt Targett,-0.0385653032254436,0.0,9
418,Kieran Trippier,1.6190387246757307,0.0,9
422,Ola Aina,2.0080120323171275,2.0,9
425,Willy Boly,0.14366840343350695,0.0,9
436,Murillo Santiago Costa dos Santos,2.2163378136636647,2.0,9
437,Neco Williams,0.8056322204024724,1.0,9
438,Omar Richards,0.24317457568758272,0.0,9
440,Andrew Omobamidele,0.13057554940103167,0.0,9
441,Jonathan Panzo,-0.03824633368777919,0.0,9
444,Harry Toffolo,0.1361552445001344,0.0,9
448,Joe Worrall,0.2431734408990085,0.0,9
455,Jan Bednarek,2.168660295848177,2.0,9
456,Armel Bella-Kotchap,-0.09835601917095183,0.0,9
457,James Bree,-0.0383704401171312,1.0,9
460,Ronnie Edwards,-0.09772529763152082,0.0,9
461,Taylor Harwood-Bellis,2.427410533146684,2.0,9
464,Juan Larios López,-0.03831887009226609,0.0,9
467,Ryan Manning,1.8909660251885478,2.0,9
472,Jack Stephens,0.09470241414467395,2.0,9
474,Sugawara Yukinari,1.7760420406542448,0.0,9
475,Charlie Taylor,0.44282011461129933,0.0,9
476,Kyle Walker-Peters,1.9453844519478576,2.0,9
477,Nathan Wood-Gordon,-0.03927872478127803,0.0,9
478,Ashley Phillips,-0.03834789726519672,0.0,9
484,Ben Davies,0.186714496221823,0.0,9
486,Radu Drăgușin,0.18264803182821687,0.0,9
487,Emerson Leite de Souza Junior,0.24317968223616848,0.0,9
495,Pedro Porro,3.272051089894494,2.0,9
496,Sergio Reguilón,0.13036276649875767,0.0,9
498,Cristian Romero,2.541887430406411,2.0,9
504,Djed Spence,0.2946196803741028,0.0,9
505,Destiny Udogie,2.6874849782832886,2.0,9
506,Micky van de Ven,2.1617098970351645,1.0,9
516,Vladimír Coufal,0.2333057407233552,0.0,9
517,Aaron Cresswell,0.044040242751324676,0.0,9
520,Emerson Palmieri dos Santos,2.257236927141017,1.0,9
524,Max Kilman,2.2417630044136416,2.0,9
528,Konstantinos Mavropanos,0.8926424517971991,0.0,9
529,Nayef Aguerd,0.1868753238202414,0.0,9
532,Kurt Zouma,0.1867986121126055,0.0,9
533,Rayan Aït-Nouri,2.227390913525179,6.0,9
542,Craig Dawson,1.815419282188465,4.0,9
543,Matt Doherty,0.2290423906931398,0.0,9
549,Hugo Bueno López,0.24317990919388333,0.0,9
552,Ki-Jana Hoever,-0.038316577100540705,0.0,9
558,Yerson Mosquera,0.25767145856617457,0.0,9
559,Nélson Cabral Semedo,2.3434313608468234,1.0,9
561,Pedro Cardoso de Lima,-0.0393537224538032,0.0,9
564,Santiago Bueno,1.3191986767575523,1.0,9
567,Toti António Gomes,1.7950216370839165,0.0,9
572,Leny Yoro,0.130464363066344,0.0,9
573,Nikola Milenković,2.080673821689424,1.0,9
574,Miodrag Pivaš,-0.038277313415862935,0.0,9
575,Caleb Wiley,-0.03825575243294743,0.0,9
578,Riccardo Calafiori,2.915354329396724,0.0,9
579,Ryan Sessegnon,0.13046288632342495,0.0,9
580,Dean Huijsen,0.31436356910918395,0.0,9
582,Jake O'Brien,0.36864096067282226,0.0,9
583,Conor Townsend,-0.038730536678751815,1.0,9
586,Jorge Cuenca Barreno,0.18685721166602498,1.0,9
591,Jean-Clair Todibo,1.9857618478198225,1.0,9
592,Julián Araujo Zúñiga,0.7900817490012528,0.0,9
593,Matthijs de Ligt,2.4266192411349348,0.0,9
594,Noussair Mazraoui,0.8405683558932582,2.0,9
598,Lamare Bogarde,0.046848996000342424,0.0,9
616,Ben Nelson,-0.03825314241922628,0.0,9
626,Issa Kaboré,0.2431808170247427,0.0,9
627,Roman Dixon,-0.02493046477850447,0.0,9
628,Ferdi Kadioglu,1.512002809893196,6.0,9
630,Dara O'Shea,1.6820077533505264,0.0,9
637,Bastien Meupiyou,-0.03835646724035158,0.0,9
640,Sil Swinkels,-0.03840435000599518,0.0,9
643,Kaelan Casey,-0.038588407021136195,0.0,9
649,Jayden Meghoma,-0.038373231866705826,0.0,9
650,Maxence Lacroix,2.086543393369576,5.0,9
653,Felipe Rodrigues da Silva,0.6129726173262462,1.0,9
657,Maldini Kacurri,-0.03850396149722268,0.0,9
658,Ayden Heaven,-0.03842878976722286,0.0,9
662,Josh Nichols,-0.038406757994350116,0.0,9
663,Imari Samuels,-0.03844196943032907,0.0,9
664,Alfie Pond,-0.038702673400616394,0.0,9
666,Caleb Kporha,-0.03836617854413049,0.0,9
670,Harry Amass,-0.03824633368777919,0.0,9
3,Gabriel dos Santos Magalhães,2.4186892170604146,2.0,10
6,Jurriën Timber,1.9604014428757024,1.0,10
8,Jakub Kiwior,1.3418722993908228,0.0,10
18,William Saliba,1.6904861564424802,2.0,10
21,Kieran Tierney,0.12444054793294157,0.0,10
22,Tomiyasu Takehiro,0.6360289748884522,0.0,10
24,Benjamin White,2.8881916987639453,1.0,10
25,Oleksandr Zinchenko,0.41918813422381795,1.0,10
26,Álex Moreno Lopera,1.8519085129360393,9.0,10
32,Matty Cash,1.8419148947645887,1.0,10
35,Diego Carlos Santos Silva,1.0964257001593163,0.0,10
36,Lucas Digne,2.0341718493998755,0.0,10
40,Kortney Hause,-0.05324835310733622,0.0,10
43,Kaine Kesler-Hayden,-0.05136757195740316,0.0,10
44,Ezri Konsa Ngoyo,1.5161793703371842,0.0,10
45,Ian Maatsen,0.8315456905575775,0.0,10
49,Tyrone Mings,0.18300186625905823,0.0,10
50,Kosta Nedeljković,-0.051268879016230784,0.0,10
52,Pau Torres,2.2519540578412567,0.0,10
56,Lino da Cruz Sousa,-0.05168895506072424,0.0,10
59,Max Aarons,0.12390967508065831,0.0,10
68,James Hill,-0.052394726028301974,0.0,10
70,Milos Kerkez,2.166549365335566,8.0,10
72,Chris Mepham,0.18300999845894506,0.0,10
79,Marcos Senesi,2.2606930597304196,2.0,10
81,Adam Smith,1.4993437331189012,2.0,10
85,Illia Zabarnyi,2.036896938499739,2.0,10
86,Kristoffer Ajer,1.1576757253743004,0.0,10
88,Nathan Collins,2.421627493153615,1.0,10
92,Rico Henry,0.12434467663106297,0.0,10
93,Aaron Hickey,0.18305538416099054,0.0,10
96,Kim Ji-soo,-0.11047352245863884,0.0,10
100,Ben Mee,0.12185913480075428,0.0,10
104,Ethan Pinnock,2.4887863710652915,1.0,10
105,Mads Roerslev Rasmussen,2.6476154125668785,0.0,10
112,Mathias Jorgensen,0.24167563690292582,0.0,10
116,Valentín Barco,-0.08863025596996721,0.0,10
120,Lewis Dunk,1.112370806743515,0.0,10
122,Pervis Estupiñán,2.164869243201501,1.0,10
128,Igor Julio dos Santos de Paulo,1.852158369050314,1.0,10
131,Tariq Lamptey,0.7168366683335812,0.0,10
139,Odeluga Offiah,-0.05162237016362692,0.0,10
144,Jan Paul van Hecke,1.7387019446213818,1.0,10
145,Joël Veltman,2.033290916436748,1.0,10
147,Adam Webster,0.5156595337072281,0.0,10
153,Benoît Badiashile,0.2957186975298649,0.0,10
159,Trevoh Chalobah,1.6408004213820933,7.0,10
160,Ben Chilwell,0.35696734231327554,0.0,10
162,Levi Colwill,2.2382872882985563,2.0,10
163,Marc Cucurella Saseta,1.130303286227222,1.0,10
167,Axel Disasi,0.16204410128334246,0.0,10
170,Alfie Gilchrist,-0.05146966879961834,0.0,10
171,Malo Gusto,2.4363302313054227,0.0,10
172,Reece James,1.7946099383234158,2.0,10
176,Malang Sarr,0.24172180243157992,0.0,10
187,Tosin Adarabioyo,0.5055021728997087,0.0,10
189,Wesley Fofana,1.5961317100331254,2.0,10
191,Joachim Andersen,0.9541698564896333,2.0,10
194,Chris Richards,0.26333765808293386,0.0,10
195,Chadi Riad Dnanou,0.13015467336152398,0.0,10
196,Nathaniel Clyne,0.39298683618973484,1.0,10
200,Marc Guéhi,2.147660427076321,7.0,10
202,Rob Holding,0.12428533129485331,0.0,10
210,Tyrick Mitchell,2.130021860243742,1.0,10
211,Daniel Muñoz,2.201195319957719,3.0,10
215,Joel Ward,0.12389736694441655,0.0,10
219,Jarrad Branthwaite,0.6403414857470837,1.0,10
221,Séamus Coleman,0.13790771803074087,0.0,10
225,Mason Holgate,-0.05230091101143053,0.0,10
228,Michael Keane,1.9994708404602761,1.0,10
231,Vitalii Mykolenko,1.9406963318379251,2.0,10
234,Nathan Patterson,0.1830837587446732,0.0,10
236,James Tarkowski,2.564809293354582,1.0,10
238,Ashley Young,2.2143302454631577,2.0,10
241,Calvin Bassey,2.175283694073725,2.0,10
244,Timothy Castagne,0.12774365727191928,1.0,10
245,Issa Diop,1.6121630682502985,0.0,10
250,Kevin Mbabu,-0.05230242391264106,0.0,10
253,Tim Ream,0.24170848545216117,0.0,10
255,Antonee Robinson,2.286614670536135,5.0,10
257,Kenny Tete,2.249125513741747,2.0,10
261,Elkan Baggott,-0.051384440131334586,0.0,10
263,Cameron Burgess,1.713238123282732,2.0,10
266,Harry Clarke,0.833775426052294,0.0,10
267,Leif Davis,2.5136242611316177,8.0,10
269,George Edmundson,-0.05163165580856699,0.0,10
270,Jacob Greaves,0.5158851515189884,0.0,10
275,Ben Johnson,0.18754898369981454,2.0,10
279,Corrie Ndaba,-0.05134005019993637,0.0,10
282,Axel Tuanzebe,0.1716988280172771,0.0,10
284,Luke Woolfenden,0.6323842031312896,0.0,10
288,Conor Coady,-0.06299167192647648,0.0,10
291,Wout Faes,2.0652575824723876,2.0,10
295,James Justin,2.243826862805001,0.0,10
296,Victor Kristiansen,1.042661050945302,2.0,10
301,Caleb Okoli,1.9874443768908998,0.0,10
302,Ricardo Barbosa Pereira,0.729744091363818,2.0,10
303,Harry Souttar,-0.051355142776612794,0.0,10
305,Luke Thomas,-0.10953319835119313,0.0,10
307,Jannik Vestergaard,-0.05332456577743905,2.0,10
311,Trent Alexander-Arnold,3.7443199845135275,2.0,10
313,Conor Bradley,0.3649039279623043,1.0,10
322,Joe Gomez,0.3493480702006684,1.0,10
326,Ibrahima Konaté,2.5323848437172742,1.0,10
332,Nathaniel Phillips,-0.05165344311560549,0.0,10
333,Jarell Quansah,-0.05691620041935774,0.0,10
334,Rhys Williams,-0.051573541239089415,0.0,10
335,Andrew Robertson,2.42333676417271,0.0,10
337,Konstantinos Tsimikas,0.7623257701785464,2.0,10
338,Sepp van den Berg,2.3664155442659425,1.0,10
339,Virgil van Dijk,3.6070998470475573,5.0,10
340,Manuel Akanji,2.3565500724365016,1.0,10
341,Nathan Aké,0.6804471522148141,1.0,10
350,Joško Gvardiol,3.4204074370556334,7.0,10
353,João Cavaco Cancelo,0.7102061646827513,0.0,10
355,Rico Lewis,2.0622176883469603,1.0,10
361,Rúben Gato Alves Dias,2.778181478996558,0.0,10
362,John Stones,1.4255649465129103,0.0,10
363,Kyle Walker,0.981264716947523,0.0,10
369,Diogo Dalot Teixeira,2.859063214842827,1.0,10
371,Jonny Evans,0.8573169533147018,0.0,10
376,Victor Lindelöf,0.5543762235064431,1.0,10
377,Harry Maguire,0.5932685876776969,0.0,10
379,Tyrell Malacia,0.1830960215537587,0.0,10
380,Lisandro Martínez,1.7901297632429332,1.0,10
387,Luke Shaw,0.47533726448676994,0.0,10
388,Aaron Wan-Bissaka,2.142081489507227,1.0,10
390,Alex Murphy,-0.05443424428360011,0.0,10
393,Sven Botman,0.18307502370282513,0.0,10
395,Dan Burn,2.0411920408305733,6.0,10
399,Lewis Hall,2.6121365713372633,6.0,10
404,Lloyd Kelly,0.24545645157282436,1.0,10
405,Emil Krafth,0.20640794035617294,0.0,10
407,Jamaal Lascelles,0.24170455346929565,0.0,10
408,Jamal Lewis,-0.05233882365638731,0.0,10
409,Tino Livramento,1.8467105286184928,6.0,10
415,Fabian Schär,2.681992604993905,5.0,10
416,Matt Targett,-0.05370917687234389,0.0,10
418,Kieran Trippier,1.226874869561355,0.0,10
422,Ola Aina,2.228321670337875,12.0,10
425,Willy Boly,0.12986326332444342,0.0,10
436,Murillo Santiago Costa dos Santos,2.540482902925378,6.0,10
437,Neco Williams,0.7160724991347109,0.0,10
438,Omar Richards,0.2416774125001826,0.0,10
440,Andrew Omobamidele,0.1243695313426656,0.0,10
441,Jonathan Panzo,-0.05132939661640101,0.0,10
444,Harry Toffolo,0.12704885030629587,0.0,10
448,Joe Worrall,0.2416534419372276,0.0,10
455,Jan Bednarek,1.9974045636172253,5.0,10
456,Armel Bella-Kotchap,-0.11128285026058826,0.0,10
457,James Bree,0.15524003869186043,0.0,10
460,Ronnie Edwards,-0.11022301877373053,0.0,10
461,Taylor Harwood-Bellis,2.020185956840093,6.0,10
464,Juan Larios López,-0.05151736478164537,0.0,10
467,Ryan Manning,1.598051570801359,1.0,10
472,Jack Stephens,1.0245849797930502,6.0,10
474,Sugawara Yukinari,1.0620850715516408,4.0,10
475,Charlie Taylor,0.2949591816853161,0.0,10
476,Kyle Walker-Peters,2.006395218950683,6.0,10
477,Nathan Wood-Gordon,-0.05553422559324517,0.0,10
478,Ashley Phillips,-0.05217191751433159,0.0,10
484,Ben Davies,0.12394539931983584,1.0,10
486,Radu Drăgușin,0.16270508821774854,2.0,10
487,Emerson Leite de Souza Junior,0.24171292444530046,0.0,10
495,Pedro Porro,2.805120290561046,1.0,10
496,Sergio Reguilón,0.12371870865353074,0.0,10
498,Cristian Romero,2.5679427143044986,1.0,10
504,Djed Spence,0.23242071576676704,0.0,10
505,Destiny Udogie,2.4822774727445385,2.0,10
506,Micky van de Ven,1.9642031457149782,0.0,10
516,Vladimír Coufal,0.14333894904638012,0.0,10
517,Aaron Cresswell,0.2776624534991994,0.0,10
520,Emerson Palmieri dos Santos,2.477207989825054,1.0,10
524,Max Kilman,2.311207532111265,1.0,10
528,Konstantinos Mavropanos,1.0096370914348283,1.0,10
529,Nayef Aguerd,0.18291766740163773,0.0,10
532,Kurt Zouma,0.1823059741469759,0.0,10
533,Rayan Aït-Nouri,2.5236971470221103,1.0,10
542,Craig Dawson,2.1323702857238818,1.0,10
543,Matt Doherty,0.14225534204629575,0.0,10
549,Hugo Bueno López,0.2417049342576485,0.0,10
552,Ki-Jana Hoever,-0.05202898193523087,0.0,10
558,Yerson Mosquera,0.08927320615337031,0.0,10
559,Nélson Cabral Semedo,2.545654258865607,1.0,10
561,Pedro Cardoso de Lima,-0.056592607184493104,0.0,10
564,Santiago Bueno,2.0720708982545695,1.0,10
567,Toti António Gomes,1.432608240901148,2.0,10
572,Leny Yoro,0.12430811357039495,0.0,10
573,Nikola Milenković,2.0686395877579393,6.0,10
574,Miodrag Pivaš,-0.05161260437871995,0.0,10
575,Caleb Wiley,-0.05140752289566208,0.0,10
578,Riccardo Calafiori,1.884651830500247,0.0,10
579,Ryan Sessegnon,0.12400527933877115,0.0,10
580,Dean Huijsen,0.20704492572768451,1.0,10
582,Jake O'Brien,0.3659967696270776,0.0,10
583,Conor Townsend,0.8095155784524328,0.0,10
586,Jorge Cuenca Barreno,1.145804881907968,0.0,10
591,Jean-Clair Todibo,1.527361450390476,1.0,10
592,Julián Araujo Zúñiga,0.716575530819398,0.0,10
593,Matthijs de Ligt,2.2421540166479907,2.0,10
594,Noussair Mazraoui,1.308585590045217,2.0,10
598,Lamare Bogarde,-0.015692922914620766,0.0,10
616,Ben Nelson,-0.0514039717011503,0.0,10
626,Issa Kaboré,0.24171292444530046,0.0,10
627,Roman Dixon,-0.04527148557593552,0.0,10
628,Ferdi Kadioglu,1.5755789231482433,6.0,10
630,Dara O'Shea,1.7442061258294945,2.0,10
637,Bastien Meupiyou,-0.05201357639243831,0.0,10
640,Sil Swinkels,-0.05160094254720349,0.0,10
643,Kaelan Casey,-0.05212670090177696,0.0,10
649,Jayden Meghoma,-0.05147399464336644,0.0,10
650,Maxence Lacroix,1.9202131372544056,1.0,10
653,Felipe Rodrigues da Silva,0.6347048711025716,0.0,10
657,Maldini Kacurri,-0.05158345056362457,0.0,10
658,Ayden Heaven,-0.05150283091016661,0.0,10
662,Josh Nichols,-0.05144760795099845,0.0,10
663,Imari Samuels,-0.05139113737253531,0.0,10
664,Alfie Pond,-0.05222273339798811,0.0,10
666,Caleb Kporha,-0.05141689176490161,0.0,10
670,Harry Amass,-0.05128543551829878,0.0,10
672,Jahmai Simpson-Pusey,-0.051324957623261724,0.0,10
3,Gabriel dos Santos Magalhães,2.243762928199711,2.0,11
6,Jurriën Timber,2.155630864989412,2.0,11
8,Jakub Kiwior,0.47970920928712424,0.0,11
18,William Saliba,2.6123612628993538,2.0,11
21,Kieran Tierney,0.02748705932901352,0.0,11
22,Tomiyasu Takehiro,0.22865347218122434,0.0,11
24,Benjamin White,1.9590056147381478,1.0,11
25,Oleksandr Zinchenko,0.39276984019074934,0.0,11
26,Álex Moreno Lopera,2.4759023626362655,1.0,11
32,Matty Cash,1.7498835356481495,0.0,11
35,Diego Carlos Santos Silva,0.8909082255111853,1.0,11
36,Lucas Digne,2.4411333712428522,2.0,11
40,Kortney Hause,0.07793819933362744,0.0,11
43,Kaine Kesler-Hayden,0.022561321734641204,0.0,11
44,Ezri Konsa Ngoyo,1.993179080938849,1.0,11
45,Ian Maatsen,0.48693396944934086,1.0,11
49,Tyrone Mings,0.14007061189383752,0.0,11
50,Kosta Nedeljković,0.10778057328198365,0.0,11
52,Pau Torres,1.9769839526856865,1.0,11
56,Lino da Cruz Sousa,0.02245644421268711,0.0,11
59,Max Aarons,0.09689112110385967,0.0,11
68,James Hill,0.07712510889112334,0.0,11
70,Milos Kerkez,2.5153895841344074,1.0,11
72,Chris Mepham,0.02386962842244511,0.0,11
79,Marcos Senesi,2.4955327108301457,0.0,11
81,Adam Smith,2.0683224550418533,0.0,11
85,Illia Zabarnyi,1.6115034523110259,0.0,11
86,Kristoffer Ajer,0.27206184309851444,0.0,11
88,Nathan Collins,2.2755718618684,1.0,11
92,Rico Henry,0.030851303695586196,0.0,11
93,Aaron Hickey,0.03103839993521884,0.0,11
96,Kim Ji-soo,0.14375772714029544,0.0,11
100,Ben Mee,0.3341398387154779,0.0,11
104,Ethan Pinnock,2.3156817007806776,1.0,11
105,Mads Roerslev Rasmussen,2.4053901938949895,0.0,11
112,Mathias Jorgensen,0.023779928178571552,0.0,11
116,Valentín Barco,0.042668288279612554,0.0,11
120,Lewis Dunk,0.499770583369588,0.0,11
122,Pervis Estupiñán,2.4023452568351296,2.0,11
128,Igor Julio dos Santos de Paulo,1.6281267879610635,1.0,11
131,Tariq Lamptey,0.3836705436597976,0.0,11
139,Odeluga Offiah,0.02245644421268711,0.0,11
144,Jan Paul van Hecke,1.7033982661177856,1.0,11
145,Joël Veltman,2.032919904950454,2.0,11
147,Adam Webster,0.3686404108759209,0.0,11
153,Benoît Badiashile,0.231980888461635,0.0,11
159,Trevoh Chalobah,2.529261597194255,1.0,11
160,Ben Chilwell,0.1383577445209303,0.0,11
162,Levi Colwill,2.052429996882438,1.0,11
163,Marc Cucurella Saseta,1.4072931705579412,1.0,11
167,Axel Disasi,0.11001665028736074,0.0,11
170,Alfie Gilchrist,0.02247669409624997,0.0,11
171,Malo Gusto,1.9458882287298023,2.0,11
172,Reece James,2.171747499001434,1.0,11
176,Malang Sarr,0.023864555816963673,0.0,11
187,Tosin Adarabioyo,0.3686061879228886,0.0,11
189,Wesley Fofana,1.411662610852563,2.0,11
191,Joachim Andersen,2.2798725649334237,6.0,11
194,Chris Richards,0.20490886162394428,0.0,11
195,Chadi Riad Dnanou,0.05978267622305111,0.0,11
196,Nathaniel Clyne,0.43925147286492194,2.0,11
200,Marc Guéhi,2.7575775635859845,1.0,11
202,Rob Holding,0.059203988279736386,0.0,11
210,Tyrick Mitchell,2.214145430234085,1.0,11
211,Daniel Muñoz,2.61975797161959,1.0,11
215,Joel Ward,0.026755425422035017,0.0,11
219,Jarrad Branthwaite,0.5767735738879436,6.0,11
221,Séamus Coleman,0.06993658885172671,0.0,11
225,Mason Holgate,0.022627438844739167,0.0,11
228,Michael Keane,1.9794528610319242,0.0,11
231,Vitalii Mykolenko,2.104062317872966,6.0,11
234,Nathan Patterson,0.06265247466718904,0.0,11
236,James Tarkowski,2.418728660085108,6.0,11
238,Ashley Young,2.4028270438080934,5.0,11
241,Calvin Bassey,1.6080655011578173,6.0,11
244,Timothy Castagne,0.37689491604902337,0.0,11
245,Issa Diop,0.42281353458231496,0.0,11
250,Kevin Mbabu,0.022627438844739167,0.0,11
253,Tim Ream,0.023864555816963673,0.0,11
255,Antonee Robinson,2.642778171809791,6.0,11
257,Kenny Tete,2.4836775654526484,6.0,11
261,Elkan Baggott,0.02247669409624997,0.0,11
263,Cameron Burgess,1.6695681848244197,2.0,11
266,Harry Clarke,0.3271073856804403,0.0,11
267,Leif Davis,2.85513789419044,1.0,11
269,George Edmundson,0.02245644421268711,0.0,11
270,Jacob Greaves,0.20965238061972258,0.0,11
275,Ben Johnson,1.3701081938925084,1.0,11
279,Corrie Ndaba,0.022561321734641204,0.0,11
282,Axel Tuanzebe,0.17680100672498877,1.0,11
284,Luke Woolfenden,0.3699552748543802,0.0,11
288,Conor Coady,0.1010155076838446,0.0,11
291,Wout Faes,1.9861468166671274,1.0,11
295,James Justin,1.3596822134240591,1.0,11
296,Victor Kristiansen,2.0934627767454597,-1.0,11
301,Caleb Okoli,1.0313573472720998,0.0,11
302,Ricardo Barbosa Pereira,1.8249106293746191,0.0,11
303,Harry Souttar,0.022887160770157067,0.0,11
305,Luke Thomas,0.18038784406054464,0.0,11
307,Jannik Vestergaard,1.6585739207925334,1.0,11
311,Trent Alexander-Arnold,2.9806808786296077,1.0,11
313,Conor Bradley,0.2543923327022801,6.0,11
322,Joe Gomez,0.67470844098907,0.0,11
326,Ibrahima Konaté,2.416303995315168,6.0,11
332,Nathaniel Phillips,0.02245644421268711,0.0,11
333,Jarell Quansah,0.13819986993084932,0.0,11
334,Rhys Williams,0.0227327104812991,0.0,11
335,Andrew Robertson,1.1490195477839666,6.0,11
337,Konstantinos Tsimikas,2.1711759018609005,0.0,11
338,Sepp van den Berg,2.2775147635972903,1.0,11
339,Virgil van Dijk,2.931089020891857,6.0,11
340,Manuel Akanji,2.1618513351324253,0.0,11
341,Nathan Aké,1.2702135685888942,0.0,11
350,Joško Gvardiol,3.5875102007956006,1.0,11
353,João Cavaco Cancelo,0.0475373332656881,0.0,11
355,Rico Lewis,1.7392866190320655,0.0,11
361,Rúben Gato Alves Dias,1.2007569711875385,0.0,11
362,John Stones,0.8324722324087945,0.0,11
363,Kyle Walker,1.7625379690762335,1.0,11
369,Diogo Dalot Teixeira,2.1164644985927303,1.0,11
371,Jonny Evans,0.48729583492980133,1.0,11
376,Victor Lindelöf,0.9213335638719347,0.0,11
377,Harry Maguire,0.15920757923182194,0.0,11
379,Tyrell Malacia,0.02386962842244511,0.0,11
380,Lisandro Martínez,2.0175093630736676,6.0,11
387,Luke Shaw,0.030801904424331283,0.0,11
388,Aaron Wan-Bissaka,2.422284116859732,6.0,11
390,Alex Murphy,0.16977714868263138,0.0,11
393,Sven Botman,0.031107358421255782,0.0,11
395,Dan Burn,2.5753218723091393,1.0,11
399,Lewis Hall,2.3351570040434364,2.0,11
404,Lloyd Kelly,0.37742093223506856,0.0,11
405,Emil Krafth,0.04446173471593884,0.0,11
407,Jamaal Lascelles,0.0274663175711769,0.0,11
408,Jamal Lewis,0.022627438844739167,0.0,11
409,Tino Livramento,1.917012891715828,2.0,11
415,Fabian Schär,2.284253603521041,2.0,11
416,Matt Targett,0.02596709516352469,0.0,11
418,Kieran Trippier,1.2724870447337144,0.0,11
422,Ola Aina,2.275104760265352,1.0,11
425,Willy Boly,0.0847790406301634,0.0,11
436,Murillo Santiago Costa dos Santos,2.701754537296111,7.0,11
437,Neco Williams,0.5039732849401588,0.0,11
438,Omar Richards,0.023779928178571552,0.0,11
440,Andrew Omobamidele,0.045531006635611604,0.0,11
441,Jonathan Panzo,0.022561321734641204,0.0,11
444,Harry Toffolo,0.06055423916087577,0.0,11
448,Joe Worrall,0.023660453865549158,0.0,11
455,Jan Bednarek,2.2543670788420407,1.0,11
456,Armel Bella-Kotchap,0.23650488298561712,0.0,11
457,James Bree,0.39087094841385905,0.0,11
460,Ronnie Edwards,0.15674940219539124,0.0,11
461,Taylor Harwood-Bellis,2.345365871499105,0.0,11
464,Juan Larios López,0.055353242036733974,0.0,11
467,Ryan Manning,2.0149452286693688,1.0,11
472,Jack Stephens,1.5041140696815232,0.0,11
474,Sugawara Yukinari,0.9781223486802126,1.0,11
475,Charlie Taylor,0.5429957112403629,0.0,11
476,Kyle Walker-Peters,2.4614593067986057,0.0,11
477,Nathan Wood-Gordon,0.0789021190772905,0.0,11
478,Ashley Phillips,0.022627438844739167,0.0,11
484,Ben Davies,0.3419980126138382,0.0,11
486,Radu Drăgușin,1.2953840012978173,1.0,11
487,Emerson Leite de Souza Junior,0.023864555816963673,0.0,11
495,Pedro Porro,2.3655929437598893,4.0,11
496,Sergio Reguilón,0.091286723215104,0.0,11
498,Cristian Romero,2.0693771227276923,1.0,11
504,Djed Spence,0.08991211147179357,0.0,11
505,Destiny Udogie,2.473062531691756,1.0,11
506,Micky van de Ven,1.1209789221658069,0.0,11
516,Vladimír Coufal,0.11034948055244165,0.0,11
517,Aaron Cresswell,0.3374964102213127,0.0,11
520,Emerson Palmieri dos Santos,2.223043894934433,6.0,11
524,Max Kilman,2.3147325220892494,6.0,11
528,Konstantinos Mavropanos,2.0626101730681476,0.0,11
529,Nayef Aguerd,0.02386962842244511,0.0,11
532,Kurt Zouma,0.0240398526784924,0.0,11
533,Rayan Aït-Nouri,2.187356755273921,6.0,11
542,Craig Dawson,2.270492376709166,6.0,11
543,Matt Doherty,0.14795187033945734,1.0,11
549,Hugo Bueno López,0.023864555816963673,0.0,11
552,Ki-Jana Hoever,0.02264691835229815,0.0,11
558,Yerson Mosquera,0.20986605221491583,0.0,11
559,Nélson Cabral Semedo,2.418685707366281,6.0,11
561,Pedro Cardoso de Lima,0.07843990947237067,0.0,11
564,Santiago Bueno,2.2017663748288356,6.0,11
567,Toti António Gomes,1.3804476332712285,6.0,11
572,Leny Yoro,0.09482907672629004,0.0,11
573,Nikola Milenković,2.3889973850273414,1.0,11
574,Miodrag Pivaš,0.02245644421268711,0.0,11
575,Caleb Wiley,0.02247669409624997,0.0,11
578,Riccardo Calafiori,1.148838570718361,0.0,11
579,Ryan Sessegnon,0.09805306622134502,0.0,11
580,Dean Huijsen,0.5233187749671124,1.0,11
582,Jake O'Brien,0.17255319778560807,0.0,11
583,Conor Townsend,0.3441986263738466,0.0,11
586,Jorge Cuenca Barreno,0.36773136678899654,0.0,11
591,Jean-Clair Todibo,1.3892475439130587,6.0,11
592,Julián Araujo Zúñiga,0.3665818548120461,1.0,11
593,Matthijs de Ligt,2.3382623110266643,6.0,11
594,Noussair Mazraoui,2.6603084233637198,6.0,11
598,Lamare Bogarde,0.08310863168415139,0.0,11
616,Ben Nelson,0.02247669409624997,0.0,11
626,Issa Kaboré,0.023864555816963673,0.0,11
627,Roman Dixon,0.07701049709837449,0.0,11
628,Ferdi Kadioglu,2.4417789935350758,0.0,11
630,Dara O'Shea,2.1559837307649197,2.0,11
637,Bastien Meupiyou,0.02543144958187593,0.0,11
640,Sil Swinkels,0.1146765845211748,0.0,11
643,Kaelan Casey,0.07880422265279119,0.0,11
649,Jayden Meghoma,0.1147321215956918,0.0,11
650,Maxence Lacroix,2.38372561282201,0.0,11
653,Felipe Rodrigues da Silva,0.5461015115106349,0.0,11
657,Maldini Kacurri,0.08343918481732437,0.0,11
658,Ayden Heaven,0.0767166324463302,0.0,11
662,Josh Nichols,0.11503235116375699,0.0,11
663,Imari Samuels,0.11665743917176119,0.0,11
664,Alfie Pond,0.07722575669163856,0.0,11
666,Caleb Kporha,0.10263092233283544,1.0,11
670,Harry Amass,0.08280048584439648,0.0,11
672,Jahmai Simpson-Pusey,0.08280048584439648,0.0,11
675,Josh Wilson-Esbrand,0.022561321734641204,0.0,11
677,Ollie Scarles,0.022561321734641204,0.0,11
3,Gabriel dos Santos Magalhães,2.649825972256238,6.0,12
6,Jurriën Timber,2.4173948096567113,6.0,12
8,Jakub Kiwior,0.458859792352615,1.0,12
18,William Saliba,2.915975341727904,6.0,12
21,Kieran Tierney,0.02397117646632907,0.0,12
22,Tomiyasu Takehiro,0.24599216514484112,0.0,12
24,Benjamin White,2.3592705286942035,0.0,12
25,Oleksandr Zinchenko,0.39360885963247405,1.0,12
26,Álex Moreno Lopera,2.453493127644734,1.0,12
32,Matty Cash,1.0026093455026261,1.0,12
35,Diego Carlos Santos Silva,1.9664841331527327,0.0,12
36,Lucas Digne,2.7360681444347072,1.0,12
40,Kortney Hause,0.07478383238516795,0.0,12
43,Kaine Kesler-Hayden,0.020639560064858564,0.0,12
44,Ezri Konsa Ngoyo,1.9392882994087906,0.0,12
45,Ian Maatsen,0.7447352718618054,0.0,12
49,Tyrone Mings,0.3665577740952708,0.0,12
50,Kosta Nedeljković,0.1251689033409562,0.0,12
52,Pau Torres,2.078334219014394,1.0,12
56,Lino da Cruz Sousa,0.020376257747213522,0.0,12
59,Max Aarons,0.08524053231835538,1.0,12
68,James Hill,0.07489076578506015,0.0,12
70,Milos Kerkez,2.495972551191528,1.0,12
72,Chris Mepham,0.021256075318066614,0.0,12
79,Marcos Senesi,2.376129192853078,1.0,12
81,Adam Smith,2.056246808568689,1.0,12
85,Illia Zabarnyi,2.064463632088543,1.0,12
86,Kristoffer Ajer,0.19581271609091466,0.0,12
88,Nathan Collins,2.547487385342718,6.0,12
92,Rico Henry,0.02069793131585751,0.0,12
93,Aaron Hickey,0.026727094995490752,0.0,12
96,Kim Ji-soo,0.11168233928302307,0.0,12
100,Ben Mee,0.22006761913149653,0.0,12
104,Ethan Pinnock,2.3287585021214543,6.0,12
105,Mads Roerslev Rasmussen,0.8278432894491017,0.0,12
112,Mathias Jorgensen,0.02171808378525686,0.0,12
116,Valentín Barco,0.042427242432959034,0.0,12
120,Lewis Dunk,0.5987904377079749,0.0,12
122,Pervis Estupiñán,2.615771225304666,2.0,12
128,Igor Julio dos Santos de Paulo,1.6185145549021955,2.0,12
131,Tariq Lamptey,0.2723052205841263,0.0,12
139,Odeluga Offiah,0.020376257747213522,0.0,12
144,Jan Paul van Hecke,2.60221971338785,1.0,12
145,Joël Veltman,2.3267459298802446,2.0,12
147,Adam Webster,0.2580598307905646,0.0,12
153,Benoît Badiashile,0.1957723320929441,2.0,12
159,Trevoh Chalobah,2.587670524290278,0.0,12
160,Ben Chilwell,0.25458810996714565,0.0,12
162,Levi Colwill,2.6116698236003604,2.0,12
163,Marc Cucurella Saseta,1.7677436597415301,2.0,12
167,Axel Disasi,0.16385917189872945,0.0,12
170,Alfie Gilchrist,0.020386050723690374,0.0,12
171,Malo Gusto,2.2566581255698477,0.0,12
172,Reece James,1.21446639965865,0.0,12
176,Malang Sarr,0.02197159312642505,0.0,12
187,Tosin Adarabioyo,0.35999954733595185,0.0,12
189,Wesley Fofana,2.6038068657130395,2.0,12
191,Joachim Andersen,2.0401329316246635,0.0,12
194,Chris Richards,0.20129776588447967,1.0,12
195,Chadi Riad Dnanou,0.02397117646632907,0.0,12
196,Nathaniel Clyne,0.9316653282127749,1.0,12
200,Marc Guéhi,2.4390211404385873,1.0,12
202,Rob Holding,0.05332117958091853,0.0,12
210,Tyrick Mitchell,2.042434312286842,0.0,12
211,Daniel Muñoz,2.5267783089468807,1.0,12
215,Joel Ward,0.06621361837547202,0.0,12
219,Jarrad Branthwaite,1.5467028261511215,6.0,12
221,Séamus Coleman,0.026446445423878195,0.0,12
225,Mason Holgate,0.020376257747213522,0.0,12
228,Michael Keane,1.4696020309447082,0.0,12
231,Vitalii Mykolenko,2.1701694189971263,6.0,12
234,Nathan Patterson,0.058862402823148585,0.0,12
236,James Tarkowski,2.454669230437611,6.0,12
238,Ashley Young,2.2159099066505075,6.0,12
241,Calvin Bassey,1.5676417664681903,-1.0,12
244,Timothy Castagne,0.3779503404861755,0.0,12
245,Issa Diop,0.3408309618259011,0.0,12
250,Kevin Mbabu,0.020376257747213522,0.0,12
253,Tim Ream,0.02197159312642505,0.0,12
255,Antonee Robinson,2.7884851476424934,0.0,12
257,Kenny Tete,2.559213180910012,3.0,12
261,Elkan Baggott,0.020386050723690374,0.0,12
263,Cameron Burgess,2.5267059967972667,2.0,12
266,Harry Clarke,0.27214999079158986,0.0,12
267,Leif Davis,2.397756949910722,2.0,12
269,George Edmundson,0.020376257747213522,0.0,12
270,Jacob Greaves,0.32146019869519815,0.0,12
275,Ben Johnson,1.409015875038909,0.0,12
279,Corrie Ndaba,0.020639560064858564,0.0,12
282,Axel Tuanzebe,1.471005811263577,2.0,12
284,Luke Woolfenden,0.32879379168366274,0.0,12
288,Conor Coady,0.12816500986863133,0.0,12
291,Wout Faes,2.089915433370809,0.0,12
295,James Justin,1.6391718104821758,1.0,12
296,Victor Kristiansen,2.140387173033055,1.0,12
301,Caleb Okoli,0.4524655629771921,1.0,12
302,Ricardo Barbosa Pereira,0.35393025500053543,0.0,12
303,Harry Souttar,0.020639560064858564,0.0,12
305,Luke Thomas,0.12927346116211513,0.0,12
307,Jannik Vestergaard,1.605766027875183,0.0,12
311,Trent Alexander-Arnold,1.6256576008251429,0.0,12
313,Conor Bradley,1.1519038516327873,0.0,12
322,Joe Gomez,0.5476120678391183,0.0,12
326,Ibrahima Konaté,2.5605871466051155,0.0,12
332,Nathaniel Phillips,0.020376257747213522,0.0,12
333,Jarell Quansah,0.13425560697234573,0.0,12
334,Rhys Williams,0.020386050723690374,0.0,12
335,Andrew Robertson,2.7167757106549892,1.0,12
337,Konstantinos Tsimikas,0.6367380273992627,0.0,12
338,Sepp van den Berg,2.24754049308139,6.0,12
339,Virgil van Dijk,3.029935862525152,1.0,12
340,Manuel Akanji,1.3704257327487452,-1.0,12
341,Nathan Aké,0.6613640165987835,0.0,12
350,Joško Gvardiol,2.6469785016960525,0.0,12
353,João Cavaco Cancelo,0.05761617944900266,0.0,12
355,Rico Lewis,1.9766117631841071,0.0,12
361,Rúben Gato Alves Dias,0.6711219039504472,0.0,12
362,John Stones,1.0335929993423525,0.0,12
363,Kyle Walker,1.6944377322209965,0.0,12
369,Diogo Dalot Teixeira,2.1940078469056576,2.0,12
371,Jonny Evans,0.6729775408526733,1.0,12
376,Victor Lindelöf,0.49144948417878354,0.0,12
377,Harry Maguire,0.11348890163481684,0.0,12
379,Tyrell Malacia,0.048488580165915174,0.0,12
380,Lisandro Martínez,1.7246501721940657,0.0,12
387,Luke Shaw,0.168644890125055,1.0,12
388,Aaron Wan-Bissaka,2.48067287340543,12.0,12
390,Alex Murphy,0.09337568127844253,0.0,12
393,Sven Botman,0.024529320468539062,0.0,12
395,Dan Burn,2.336403910287096,0.0,12
399,Lewis Hall,2.47363914760359,1.0,12
404,Lloyd Kelly,0.587333627934858,0.0,12
405,Emil Krafth,0.11517693793549011,0.0,12
407,Jamaal Lascelles,0.02524483827689661,0.0,12
408,Jamal Lewis,0.020376257747213522,0.0,12
409,Tino Livramento,1.741744374170299,1.0,12
415,Fabian Schär,2.447810854181972,1.0,12
416,Matt Targett,0.0735992119887392,0.0,12
418,Kieran Trippier,1.217450473783023,1.0,12
422,Ola Aina,2.318961066692154,0.0,12
425,Willy Boly,0.07803886265327087,0.0,12
436,Murillo Santiago Costa dos Santos,2.846766453877189,1.0,12
437,Neco Williams,0.385348869121934,1.0,12
438,Omar Richards,0.02171808378525686,0.0,12
440,Andrew Omobamidele,0.054607480918868134,0.0,12
441,Jonathan Panzo,0.020639560064858564,0.0,12
444,Harry Toffolo,0.056877652924561595,0.0,12
448,Joe Worrall,0.02171808378525686,0.0,12
455,Jan Bednarek,2.0521809995656977,0.0,12
456,Armel Bella-Kotchap,0.09975967743911607,0.0,12
457,James Bree,0.3293809316966092,0.0,12
460,Ronnie Edwards,0.18909486261106334,0.0,12
461,Taylor Harwood-Bellis,2.1046837215363112,1.0,12
464,Juan Larios López,0.04072854712443874,0.0,12
467,Ryan Manning,1.8406117213329036,0.0,12
472,Jack Stephens,1.3433925003185987,0.0,12
474,Sugawara Yukinari,0.6038465260124752,1.0,12
475,Charlie Taylor,0.44645026911471497,0.0,12
476,Kyle Walker-Peters,2.0783268538279636,1.0,12
477,Nathan Wood-Gordon,0.07685266198816532,0.0,12
478,Ashley Phillips,0.020376257747213522,0.0,12
484,Ben Davies,0.12385073127059343,6.0,12
486,Radu Drăgușin,1.6149913553164232,6.0,12
487,Emerson Leite de Souza Junior,0.02197159312642505,0.0,12
495,Pedro Porro,2.533897110364679,12.0,12
496,Sergio Reguilón,0.08489996654772103,0.0,12
498,Cristian Romero,1.9698423167684007,0.0,12
504,Djed Spence,0.09535929899010309,1.0,12
505,Destiny Udogie,2.085627955222259,6.0,12
506,Micky van de Ven,0.310019622696176,0.0,12
516,Vladimír Coufal,0.26189152386106684,1.0,12
517,Aaron Cresswell,0.2719690503783285,0.0,12
520,Emerson Palmieri dos Santos,2.393454003351625,9.0,12
524,Max Kilman,2.4608198865915885,6.0,12
528,Konstantinos Mavropanos,0.5512605417975518,1.0,12
529,Nayef Aguerd,0.021256075318066614,0.0,12
532,Kurt Zouma,0.02124628234158976,0.0,12
533,Rayan Aït-Nouri,2.398851166684132,2.0,12
542,Craig Dawson,2.502807282562298,0.0,12
543,Matt Doherty,0.588573993147457,1.0,12
549,Hugo Bueno López,0.02197159312642505,0.0,12
552,Ki-Jana Hoever,0.020376257747213522,0.0,12
558,Yerson Mosquera,0.21121988355004273,0.0,12
559,Nélson Cabral Semedo,2.448216971592709,2.0,12
561,Pedro Cardoso de Lima,0.07685266198816532,0.0,12
564,Santiago Bueno,2.2054211595062867,0.0,12
567,Toti António Gomes,1.8493460562275423,2.0,12
572,Leny Yoro,0.4159913876257777,0.0,12
573,Nikola Milenković,2.3957081100171145,1.0,12
574,Miodrag Pivaš,0.020386050723690374,0.0,12
575,Caleb Wiley,0.020386050723690374,0.0,12
578,Riccardo Calafiori,1.3551392223497665,6.0,12
579,Ryan Sessegnon,0.08671468232126323,0.0,12
580,Dean Huijsen,0.7090991232950001,1.0,12
582,Jake O'Brien,0.1594665079562505,0.0,12
583,Conor Townsend,0.3067059316654541,0.0,12
586,Jorge Cuenca Barreno,0.35005965772834546,0.0,12
591,Jean-Clair Todibo,1.7814928295453099,1.0,12
592,Julián Araujo Zúñiga,0.3899376653482527,0.0,12
593,Matthijs de Ligt,1.9160896252971762,2.0,12
594,Noussair Mazraoui,2.8600192019078605,2.0,12
598,Lamare Bogarde,0.07683967469610042,0.0,12
616,Ben Nelson,0.020386050723690374,0.0,12
626,Issa Kaboré,0.02197159312642505,0.0,12
627,Roman Dixon,0.0758198331702653,0.0,12
628,Ferdi Kadioglu,1.5561895877483076,0.0,12
630,Dara O'Shea,2.3808048696757815,2.0,12
637,Bastien Meupiyou,0.02613456483171106,0.0,12
640,Sil Swinkels,0.1111001542161576,0.0,12
643,Kaelan Casey,0.07211531807519744,0.0,12
649,Jayden Meghoma,0.07447052323000225,0.0,12
650,Maxence Lacroix,2.3717172177640204,1.0,12
653,Felipe Rodrigues da Silva,0.4797542665112893,0.0,12
657,Maldini Kacurri,0.0768353789220102,0.0,12
658,Ayden Heaven,0.0796977342031493,0.0,12
662,Josh Nichols,0.10731382752979268,0.0,12
663,Imari Samuels,0.07723575345563738,0.0,12
664,Alfie Pond,0.1764226306620884,1.0,12
666,Caleb Kporha,0.3965381845036333,0.0,12
670,Harry Amass,0.0768353789220102,0.0,12
672,Jahmai Simpson-Pusey,1.294514956898663,0.0,12
675,Josh Wilson-Esbrand,0.08025996340436237,0.0,12
677,Ollie Scarles,0.06896801255855411,0.0,12
680,Max Kinsey,0.020639560064858564,0.0,12
681,Ruairi McConville,0.020639560064858564,0.0,12
684,Malachi Hardy,0.020639560064858564,0.0,12
3,Gabriel dos Santos Magalhães,2.8015984465572963,9.0,13
6,Jurriën Timber,2.9611575977974454,1.0,13
8,Jakub Kiwior,0.42677346642945047,1.0,13
18,William Saliba,3.228142940666272,1.0,13
21,Kieran Tierney,0.06919648994218353,0.0,13
22,Tomiyasu Takehiro,0.03142072613493152,0.0,13
24,Benjamin White,1.2073820014792433,0.0,13
25,Oleksandr Zinchenko,0.6873965453586948,1.0,13
26,Álex Moreno Lopera,2.349779008523777,1.0,13
32,Matty Cash,0.8017545723625625,0.0,13
35,Diego Carlos Santos Silva,1.9760144275265805,0.0,13
36,Lucas Digne,1.717305887815355,1.0,13
40,Kortney Hause,0.06659465870379755,0.0,13
43,Kaine Kesler-Hayden,0.008942437968914696,0.0,13
44,Ezri Konsa Ngoyo,0.6801784791292835,1.0,13
45,Ian Maatsen,1.210869966374454,0.0,13
49,Tyrone Mings,0.18158198059062336,0.0,13
50,Kosta Nedeljković,0.06731773907419569,0.0,13
52,Pau Torres,2.2761940999831083,1.0,13
56,Lino da Cruz Sousa,0.008953852712196841,0.0,13
59,Max Aarons,0.4757820229962819,0.0,13
68,James Hill,0.06674870751789452,0.0,13
70,Milos Kerkez,2.4118703808402078,7.0,13
72,Chris Mepham,0.009948219112384749,0.0,13
79,Marcos Senesi,2.035369476023556,1.0,13
81,Adam Smith,1.936314914808924,1.0,13
85,Illia Zabarnyi,1.8026421286020042,0.0,13
86,Kristoffer Ajer,0.3694364712499416,0.0,13
88,Nathan Collins,2.525276422953878,5.0,13
92,Rico Henry,0.00961722404141252,0.0,13
93,Aaron Hickey,0.010004057008205613,0.0,13
96,Kim Ji-soo,0.09301057758079345,0.0,13
100,Ben Mee,0.17774310260526782,0.0,13
104,Ethan Pinnock,2.5781125021142675,2.0,13
105,Mads Roerslev Rasmussen,0.4660601659708856,1.0,13
112,Mathias Jorgensen,0.010160870573197478,0.0,13
116,Valentín Barco,0.02197214326664909,0.0,13
120,Lewis Dunk,0.6335487889452205,1.0,13
122,Pervis Estupiñán,2.7322516865071105,2.0,13
128,Igor Julio dos Santos de Paulo,1.745582705122338,2.0,13
131,Tariq Lamptey,0.17506137026097246,5.0,13
139,Odeluga Offiah,0.008953852712196841,0.0,13
144,Jan Paul van Hecke,2.3738465368437076,2.0,13
145,Joël Veltman,2.374096287239807,0.0,13
147,Adam Webster,0.06405139454345044,0.0,13
153,Benoît Badiashile,1.3884401891656442,1.0,13
159,Trevoh Chalobah,2.6798965308803044,2.0,13
160,Ben Chilwell,0.1943685731500242,0.0,13
162,Levi Colwill,2.409899916810648,6.0,13
163,Marc Cucurella Saseta,2.2245652732688885,9.0,13
167,Axel Disasi,0.101314355405008,0.0,13
170,Alfie Gilchrist,0.008953852712196841,0.0,13
171,Malo Gusto,1.1372581153173673,1.0,13
172,Reece James,0.36153356796399194,0.0,13
176,Malang Sarr,0.010160870573197478,0.0,13
187,Tosin Adarabioyo,0.24182020629331635,0.0,13
189,Wesley Fofana,2.495567498193701,1.0,13
191,Joachim Andersen,1.5932199712730268,0.0,13
194,Chris Richards,0.250678671809049,0.0,13
195,Chadi Riad Dnanou,0.07241159472543313,0.0,13
196,Nathaniel Clyne,0.5178149266232523,0.0,13
200,Marc Guéhi,2.3475955808502498,2.0,13
202,Rob Holding,0.06006560032108155,0.0,13
210,Tyrick Mitchell,2.068493949968895,1.0,13
211,Daniel Muñoz,2.3286214928549605,8.0,13
215,Joel Ward,0.06853173474242524,0.0,13
219,Jarrad Branthwaite,2.1536360375002115,0.0,13
221,Séamus Coleman,0.06605039739312701,0.0,13
225,Mason Holgate,0.009491986916771111,0.0,13
228,Michael Keane,0.8595525946147387,0.0,13
231,Vitalii Mykolenko,2.4357378888189416,-1.0,13
234,Nathan Patterson,0.013688406680482323,1.0,13
236,James Tarkowski,2.720156716270953,0.0,13
238,Ashley Young,3.056868380749007,-1.0,13
241,Calvin Bassey,1.5806464314221502,2.0,13
244,Timothy Castagne,0.5776691490053052,1.0,13
245,Issa Diop,0.40088845839685927,2.0,13
250,Kevin Mbabu,0.008942437968914696,0.0,13
253,Tim Ream,0.010160870573197478,0.0,13
255,Antonee Robinson,2.283721947467983,2.0,13
257,Kenny Tete,2.3965769797103693,2.0,13
261,Elkan Baggott,0.008953852712196841,0.0,13
263,Cameron Burgess,2.3051695532112344,2.0,13
266,Harry Clarke,0.25976477347966753,1.0,13
267,Leif Davis,2.329963887499103,2.0,13
269,George Edmundson,0.008953852712196841,0.0,13
270,Jacob Greaves,0.3953104648317538,0.0,13
275,Ben Johnson,0.5803463180211761,0.0,13
279,Corrie Ndaba,0.008942437968914696,0.0,13
282,Axel Tuanzebe,1.6828106382127679,1.0,13
284,Luke Woolfenden,0.2650842482676605,0.0,13
288,Conor Coady,0.07250972008727974,0.0,13
291,Wout Faes,2.0182967793061337,0.0,13
295,James Justin,1.641020956163307,-1.0,13
296,Victor Kristiansen,2.19542592203212,0.0,13
301,Caleb Okoli,1.1869776609740361,0.0,13
302,Ricardo Barbosa Pereira,0.35563804547702293,0.0,13
303,Harry Souttar,0.008942437968914696,0.0,13
305,Luke Thomas,0.10906150386034508,0.0,13
307,Jannik Vestergaard,0.6234690963892531,0.0,13
311,Trent Alexander-Arnold,1.5751237800475737,6.0,13
313,Conor Bradley,2.0363806317271607,0.0,13
322,Joe Gomez,0.5727069911834839,6.0,13
326,Ibrahima Konaté,2.1509965353829337,0.0,13
332,Nathaniel Phillips,0.008953852712196841,0.0,13
333,Jarell Quansah,0.11102517793589861,1.0,13
334,Rhys Williams,0.008953852712196841,0.0,13
335,Andrew Robertson,3.0345591705137025,6.0,13
337,Konstantinos Tsimikas,0.473046284148567,0.0,13
338,Sepp van den Berg,2.3986168435879183,2.0,13
339,Virgil van Dijk,2.850913563478718,6.0,13
340,Manuel Akanji,1.864004186924915,0.0,13
341,Nathan Aké,0.6706082484604448,1.0,13
350,Joško Gvardiol,3.7091131520530567,0.0,13
353,João Cavaco Cancelo,0.022667248750968483,0.0,13
355,Rico Lewis,1.8376917154246613,1.0,13
361,Rúben Gato Alves Dias,1.156372194260415,1.0,13
362,John Stones,0.7034054716398499,0.0,13
363,Kyle Walker,2.0718198661010625,1.0,13
369,Diogo Dalot Teixeira,2.32386896571235,6.0,13
371,Jonny Evans,0.8162624711644346,0.0,13
376,Victor Lindelöf,0.3654320477654407,0.0,13
377,Harry Maguire,0.32349378422772546,1.0,13
379,Tyrell Malacia,0.10516499513266453,0.0,13
380,Lisandro Martínez,0.7718066841838214,5.0,13
387,Luke Shaw,0.7318152862724485,1.0,13
388,Aaron Wan-Bissaka,3.0010704554870973,6.0,13
390,Alex Murphy,0.07853163527222318,0.0,13
393,Sven Botman,0.013688406680482323,0.0,13
395,Dan Burn,1.1779566820092926,2.0,13
399,Lewis Hall,2.616672491060376,2.0,13
404,Lloyd Kelly,1.593886068524192,0.0,13
405,Emil Krafth,0.016603171725818378,0.0,13
407,Jamaal Lascelles,0.014299305851370292,0.0,13
408,Jamal Lewis,0.008942437968914696,0.0,13
409,Tino Livramento,2.447877102256742,2.0,13
415,Fabian Schär,2.379063530663238,2.0,13
416,Matt Targett,0.07758705878703775,0.0,13
418,Kieran Trippier,1.765171202472403,0.0,13
422,Ola Aina,2.3531742665507043,6.0,13
425,Willy Boly,0.15033592029980447,0.0,13
436,Murillo Santiago Costa dos Santos,2.570100656005744,6.0,13
437,Neco Williams,0.45846962881465103,6.0,13
438,Omar Richards,0.010559118283272717,0.0,13
440,Andrew Omobamidele,0.013357411609509207,0.0,13
441,Jonathan Panzo,0.008942437968914696,0.0,13
444,Harry Toffolo,0.017129548075475398,0.0,13
448,Joe Worrall,0.010160870573197478,0.0,13
455,Jan Bednarek,0.9444475286474292,0.0,13
456,Armel Bella-Kotchap,0.08927758337566782,0.0,13
457,James Bree,0.21118183676008773,0.0,13
460,Ronnie Edwards,0.09105617582233982,0.0,13
461,Taylor Harwood-Bellis,2.1529084680409944,1.0,13
464,Juan Larios López,0.03529866057157438,0.0,13
467,Ryan Manning,0.4628634602694506,2.0,13
472,Jack Stephens,1.6281878827843972,2.0,13
474,Sugawara Yukinari,0.6693864962805502,2.0,13
475,Charlie Taylor,0.3077946149875226,0.0,13
476,Kyle Walker-Peters,2.1092167207176455,1.0,13
477,Nathan Wood-Gordon,0.0677231167115604,0.0,13
478,Ashley Phillips,0.008942437968914696,0.0,13
484,Ben Davies,1.4581389070859343,2.0,13
486,Radu Drăgușin,1.590103938792919,2.0,13
487,Emerson Leite de Souza Junior,0.010160870573197478,0.0,13
495,Pedro Porro,2.4687573805765677,2.0,13
496,Sergio Reguilón,0.09310903676002269,0.0,13
498,Cristian Romero,0.7195731731717121,0.0,13
504,Djed Spence,0.32533213246076276,0.0,13
505,Destiny Udogie,2.3676955051125415,2.0,13
506,Micky van de Ven,0.37049622869140375,0.0,13
516,Vladimír Coufal,0.8962092657384799,1.0,13
517,Aaron Cresswell,0.137708805589579,0.0,13
520,Emerson Palmieri dos Santos,3.1008504512777986,5.0,13
524,Max Kilman,2.6476982106352853,0.0,13
528,Konstantinos Mavropanos,0.5681097137425688,0.0,13
529,Nayef Aguerd,0.009948219112384749,0.0,13
532,Kurt Zouma,0.009936804369102603,0.0,13
533,Rayan Aït-Nouri,2.6642761613257786,0.0,13
542,Craig Dawson,1.036926398711726,0.0,13
543,Matt Doherty,0.32328000899091336,0.0,13
549,Hugo Bueno López,0.010160870573197478,0.0,13
552,Ki-Jana Hoever,0.008942437968914696,0.0,13
558,Yerson Mosquera,0.1316862736831954,0.0,13
559,Nélson Cabral Semedo,2.552964256267966,-1.0,13
561,Pedro Cardoso de Lima,0.06749239718703848,0.0,13
564,Santiago Bueno,0.8017460242008765,0.0,13
567,Toti António Gomes,1.8205050380952246,1.0,13
572,Leny Yoro,0.11860548152416861,0.0,13
573,Nikola Milenković,2.30286310025682,6.0,13
574,Miodrag Pivaš,0.008953852712196841,0.0,13
575,Caleb Wiley,0.008953852712196841,0.0,13
578,Riccardo Calafiori,1.9290428514360594,0.0,13
579,Ryan Sessegnon,0.1279961225840518,1.0,13
580,Dean Huijsen,0.5756769191572655,1.0,13
582,Jake O'Brien,0.08304002910489583,1.0,13
583,Conor Townsend,0.1312706742259726,0.0,13
586,Jorge Cuenca Barreno,0.15057686160558248,0.0,13
591,Jean-Clair Todibo,1.7255785280106473,0.0,13
592,Julián Araujo Zúñiga,0.41438003909657883,0.0,13
593,Matthijs de Ligt,1.7311435583374957,1.0,13
594,Noussair Mazraoui,2.3108719103229003,1.0,13
598,Lamare Bogarde,0.32942439573197557,0.0,13
616,Ben Nelson,0.008953852712196841,0.0,13
626,Issa Kaboré,0.010160870573197478,0.0,13
627,Roman Dixon,0.06929266807536028,0.0,13
628,Ferdi Kadioglu,0.44002057385787197,0.0,13
630,Dara O'Shea,2.1824543177372178,1.0,13
637,Bastien Meupiyou,0.012284966873030712,0.0,13
640,Sil Swinkels,0.05232021452739932,0.0,13
643,Kaelan Casey,0.12586490475035106,0.0,13
649,Jayden Meghoma,0.05906491897358368,0.0,13
650,Maxence Lacroix,2.5619112461485543,2.0,13
653,Felipe Rodrigues da Silva,0.49401211761136654,1.0,13
657,Maldini Kacurri,0.06888012682123534,0.0,13
658,Ayden Heaven,0.11734484135604273,0.0,13
662,Josh Nichols,0.07166804102622937,0.0,13
663,Imari Samuels,0.12034363376073998,0.0,13
664,Alfie Pond,0.13142512384080884,0.0,13
666,Caleb Kporha,0.13899172406586224,0.0,13
670,Harry Amass,0.07403514109283726,0.0,13
672,Jahmai Simpson-Pusey,0.3062431165971553,0.0,13
675,Josh Wilson-Esbrand,0.12225984615029262,0.0,13
677,Ollie Scarles,0.060191117201331856,0.0,13
680,Max Kinsey,0.05959660436034486,0.0,13
681,Ruairi McConville,0.05783366433029702,0.0,13
684,Malachi Hardy,0.07482797756805493,0.0,13
685,Jacob Slater,0.008942437968914696,0.0,13
686,Ezra Mayers,0.008942437968914696,0.0,13
690,Samuel Amissah,0.008942437968914696,0.0,13
3,Gabriel dos Santos Magalhães,2.9740699538960893,0.0,14
6,Jurriën Timber,2.3909959785725707,12.0,14
8,Jakub Kiwior,0.5653638618161567,6.0,14
18,William Saliba,2.4127601118915685,12.0,14
21,Kieran Tierney,0.12984228618800042,0.0,14
22,Tomiyasu Takehiro,0.05927153326480994,0.0,14
24,Benjamin White,1.1159697143794656,0.0,14
25,Oleksandr Zinchenko,0.8984733127586191,5.0,14
26,Álex Moreno Lopera,1.0780406600626256,1.0,14
32,Matty Cash,1.6941977667004995,7.0,14
35,Diego Carlos Santos Silva,0.7796426098243474,0.0,14
36,Lucas Digne,2.4611657516072203,2.0,14
40,Kortney Hause,0.06389041530886708,0.0,14
43,Kaine Kesler-Hayden,0.012606261462769552,0.0,14
44,Ezri Konsa Ngoyo,1.8110498547869893,2.0,14
45,Ian Maatsen,0.5121839625602185,1.0,14
49,Tyrone Mings,0.1638474505758225,2.0,14
50,Kosta Nedeljković,0.06690625999321309,0.0,14
52,Pau Torres,2.163319782469461,0.0,14
56,Lino da Cruz Sousa,0.012606261462769552,0.0,14
59,Max Aarons,0.3288941644670764,0.0,14
68,James Hill,0.06438134484886415,0.0,14
70,Milos Kerkez,2.658083746466911,6.0,14
72,Chris Mepham,0.01460074478989526,0.0,14
79,Marcos Senesi,2.1068758525727542,0.0,14
81,Adam Smith,2.0243364291112673,6.0,14
85,Illia Zabarnyi,1.5419568950398608,6.0,14
86,Kristoffer Ajer,0.3099259062965283,0.0,14
88,Nathan Collins,2.3982613829918265,0.0,14
92,Rico Henry,0.014108410832670337,0.0,14
93,Aaron Hickey,0.014108410832670337,0.0,14
96,Kim Ji-soo,0.2990367427309115,0.0,14
100,Ben Mee,0.15358760185938714,0.0,14
104,Ethan Pinnock,2.4275385289491194,0.0,14
105,Mads Roerslev Rasmussen,0.5267086214014016,1.0,14
112,Mathias Jorgensen,0.014593230682158342,0.0,14
116,Valentín Barco,0.02363683567993302,0.0,14
120,Lewis Dunk,0.964262858536534,0.0,14
122,Pervis Estupiñán,2.780486939863664,1.0,14
128,Igor Julio dos Santos de Paulo,2.0150760058113217,1.0,14
131,Tariq Lamptey,1.0421218397495586,0.0,14
139,Odeluga Offiah,0.012606261462769552,0.0,14
144,Jan Paul van Hecke,2.1955067299277378,1.0,14
145,Joël Veltman,0.8338348349841898,0.0,14
147,Adam Webster,0.026870029312020094,0.0,14
153,Benoît Badiashile,0.7177189777771957,0.0,14
159,Trevoh Chalobah,2.511294058800898,6.0,14
160,Ben Chilwell,0.27015508420367773,0.0,14
162,Levi Colwill,2.570499106295287,0.0,14
163,Marc Cucurella Saseta,2.5903660851634314,2.0,14
167,Axel Disasi,0.08737307531663685,8.0,14
170,Alfie Gilchrist,0.012606261462769552,0.0,14
171,Malo Gusto,0.9835889668044304,5.0,14
172,Reece James,0.3255755032093228,0.0,14
176,Malang Sarr,0.014593230682158342,0.0,14
187,Tosin Adarabioyo,0.18763069778111863,2.0,14
189,Wesley Fofana,2.098474338076935,0.0,14
191,Joachim Andersen,0.6277406447171785,0.0,14
194,Chris Richards,0.13716003340922356,1.0,14
195,Chadi Riad Dnanou,0.022593430320026364,0.0,14
196,Nathaniel Clyne,0.43264696811917247,0.0,14
200,Marc Guéhi,2.732794209116401,6.0,14
202,Rob Holding,0.05384936282232111,0.0,14
210,Tyrick Mitchell,2.053394879713151,6.0,14
211,Daniel Muñoz,3.2012600520279495,6.0,14
215,Joel Ward,0.07278362801368221,0.0,14
219,Jarrad Branthwaite,1.7284545127989235,6.0,14
221,Séamus Coleman,0.059284895268022275,0.0,14
225,Mason Holgate,0.012591201675412833,0.0,14
228,Michael Keane,0.5848204453924977,0.0,14
231,Vitalii Mykolenko,2.089266997610917,9.0,14
234,Nathan Patterson,0.6310922316508725,0.0,14
236,James Tarkowski,2.318968803402658,6.0,14
238,Ashley Young,2.299525221040449,12.0,14
241,Calvin Bassey,1.5731695194950577,2.0,14
244,Timothy Castagne,0.42488215267770446,2.0,14
245,Issa Diop,1.773525139614807,2.0,14
250,Kevin Mbabu,0.012591201675412833,0.0,14
253,Tim Ream,0.014593230682158342,0.0,14
255,Antonee Robinson,2.529944371138521,5.0,14
257,Kenny Tete,2.515813026994879,0.0,14
261,Elkan Baggott,0.012606261462769552,0.0,14
263,Cameron Burgess,2.075554412053151,0.0,14
266,Harry Clarke,0.3138854985993129,2.0,14
267,Leif Davis,2.294954796251387,2.0,14
269,George Edmundson,0.012606261462769552,0.0,14
270,Jacob Greaves,0.2412140554441029,1.0,14
275,Ben Johnson,0.34235683458579214,0.0,14
279,Corrie Ndaba,0.012606261462769552,0.0,14
282,Axel Tuanzebe,1.3465495482959433,0.0,14
284,Luke Woolfenden,0.21313588651294513,0.0,14
288,Conor Coady,0.9437657026562247,2.0,14
291,Wout Faes,2.043263858594557,1.0,14
295,James Justin,2.240221714366209,2.0,14
296,Victor Kristiansen,0.6951929618030261,5.0,14
301,Caleb Okoli,0.7929408696213951,0.0,14
302,Ricardo Barbosa Pereira,0.28768946819838703,0.0,14
303,Harry Souttar,0.012606261462769552,0.0,14
305,Luke Thomas,1.034341285902511,0.0,14
307,Jannik Vestergaard,0.7655104096308616,1.0,14
311,Trent Alexander-Arnold,2.744027691526865,6.0,14
313,Conor Bradley,0.5259603771744326,0.0,14
322,Joe Gomez,2.101461290251356,1.0,14
326,Ibrahima Konaté,0.7485489170046877,0.0,14
332,Nathaniel Phillips,0.012606261462769552,0.0,14
333,Jarell Quansah,0.48292761837779796,0.0,14
334,Rhys Williams,0.012606261462769552,0.0,14
335,Andrew Robertson,3.01090237050661,1.0,14
337,Konstantinos Tsimikas,0.4220009762214101,0.0,14
338,Sepp van den Berg,2.2183109765134503,1.0,14
339,Virgil van Dijk,3.391922237408833,1.0,14
340,Manuel Akanji,2.0348223296984216,1.0,14
341,Nathan Aké,1.63855432539847,6.0,14
350,Joško Gvardiol,2.1842777866266196,6.0,14
353,João Cavaco Cancelo,0.03160414553060509,0.0,14
355,Rico Lewis,2.103061840302459,1.0,14
361,Rúben Gato Alves Dias,1.7647478131777277,6.0,14
362,John Stones,0.6694431745828799,0.0,14
363,Kyle Walker,2.0182395732605745,1.0,14
369,Diogo Dalot Teixeira,2.3338317532967796,1.0,14
371,Jonny Evans,0.5230191544377982,0.0,14
376,Victor Lindelöf,0.3902425917569925,0.0,14
377,Harry Maguire,0.5149966895170639,0.0,14
379,Tyrell Malacia,0.22687391295172255,0.0,14
380,Lisandro Martínez,1.547898918919139,0.0,14
387,Luke Shaw,0.6691261903282832,0.0,14
388,Aaron Wan-Bissaka,2.4574282658722133,1.0,14
390,Alex Murphy,0.06571180673691579,0.0,14
393,Sven Botman,0.01963675767930173,0.0,14
395,Dan Burn,2.1063541152341774,1.0,14
399,Lewis Hall,2.192615115255009,1.0,14
404,Lloyd Kelly,0.5426102238916677,0.0,14
405,Emil Krafth,0.016785181475911237,0.0,14
407,Jamaal Lascelles,0.014593230682158342,0.0,14
408,Jamal Lewis,0.012591201675412833,0.0,14
409,Tino Livramento,2.5266425416839837,1.0,14
415,Fabian Schär,2.4180972742480726,7.0,14
416,Matt Targett,0.06467632058608785,0.0,14
418,Kieran Trippier,1.1735449865342398,0.0,14
422,Ola Aina,2.6775157605364637,1.0,14
425,Willy Boly,0.13381030691546147,0.0,14
436,Murillo Santiago Costa dos Santos,2.5774932649458364,0.0,14
437,Neco Williams,1.1815090971229765,0.0,14
438,Omar Richards,0.014593230682158342,0.0,14
440,Andrew Omobamidele,0.05089950861969683,0.0,14
441,Jonathan Panzo,0.012606261462769552,0.0,14
444,Harry Toffolo,0.05972267697051503,0.0,14
448,Joe Worrall,0.014593230682158342,0.0,14
455,Jan Bednarek,0.35681519394013517,0.0,14
456,Armel Bella-Kotchap,0.1577791520890024,0.0,14
457,James Bree,0.26866506068218143,0.0,14
460,Ronnie Edwards,0.19156118354010054,1.0,14
461,Taylor Harwood-Bellis,1.7257386936411825,0.0,14
464,Juan Larios López,0.030825832265301223,0.0,14
467,Ryan Manning,1.610966082284131,0.0,14
472,Jack Stephens,1.9238907497868967,-4.0,14
474,Sugawara Yukinari,1.460569992885235,0.0,14
475,Charlie Taylor,0.3715413125764284,1.0,14
476,Kyle Walker-Peters,1.5757243047410174,3.0,14
477,Nathan Wood-Gordon,0.0637916305534203,0.0,14
478,Ashley Phillips,0.012591201675412833,0.0,14
484,Ben Davies,1.5692260256367225,1.0,14
486,Radu Drăgușin,1.5613638093221063,2.0,14
487,Emerson Leite de Souza Junior,0.014593230682158342,0.0,14
495,Pedro Porro,2.431268710890535,1.0,14
496,Sergio Reguilón,0.09196532322810214,0.0,14
498,Cristian Romero,0.48743340863083073,0.0,14
504,Djed Spence,0.08616642408502262,0.0,14
505,Destiny Udogie,2.163819075606135,2.0,14
506,Micky van de Ven,0.4673967850686429,0.0,14
516,Vladimír Coufal,0.6559295077453671,0.0,14
517,Aaron Cresswell,0.15945257312001804,0.0,14
520,Emerson Palmieri dos Santos,2.4926781846963983,1.0,14
524,Max Kilman,2.2537313087341495,1.0,14
528,Konstantinos Mavropanos,0.4480778383036439,1.0,14
529,Nayef Aguerd,0.01460074478989526,0.0,14
532,Kurt Zouma,0.01460074478989526,0.0,14
533,Rayan Aït-Nouri,2.420307585605796,0.0,14
542,Craig Dawson,0.9553512990650725,-4.0,14
543,Matt Doherty,0.243720346627331,0.0,14
549,Hugo Bueno López,0.014593230682158342,0.0,14
552,Ki-Jana Hoever,0.012591201675412833,0.0,14
558,Yerson Mosquera,0.07053815373965211,0.0,14
559,Nélson Cabral Semedo,2.3130421502459164,0.0,14
561,Pedro Cardoso de Lima,0.0637916305534203,0.0,14
564,Santiago Bueno,0.48259846387144467,0.0,14
567,Toti António Gomes,1.5620540023542322,1.0,14
572,Leny Yoro,0.09356619847101477,1.0,14
573,Nikola Milenković,2.244532002722549,0.0,14
574,Miodrag Pivaš,0.012606261462769552,0.0,14
575,Caleb Wiley,0.012606261462769552,0.0,14
578,Riccardo Calafiori,2.062019138646704,0.0,14
579,Ryan Sessegnon,0.5939176960611992,0.0,14
580,Dean Huijsen,1.1948046271710373,12.0,14
582,Jake O'Brien,0.45700987747537347,0.0,14
583,Conor Townsend,0.16562575426614945,0.0,14
586,Jorge Cuenca Barreno,0.17020042074736352,1.0,14
591,Jean-Clair Todibo,1.5228582859390292,0.0,14
592,Julián Araujo Zúñiga,0.3962208024102676,0.0,14
593,Matthijs de Ligt,1.621339902085876,1.0,14
594,Noussair Mazraoui,2.3686365724661336,1.0,14
598,Lamare Bogarde,0.2784927956688996,0.0,14
616,Ben Nelson,0.012606261462769552,0.0,14
626,Issa Kaboré,0.014593230682158342,0.0,14
627,Roman Dixon,0.06609371410957543,0.0,14
628,Ferdi Kadioglu,0.4498911724206094,0.0,14
630,Dara O'Shea,2.097387595121594,1.0,14
637,Bastien Meupiyou,0.04080717211228713,0.0,14
640,Sil Swinkels,0.04698061781634344,0.0,14
643,Kaelan Casey,0.016288023115028416,0.0,14
649,Jayden Meghoma,0.05334930147710981,0.0,14
650,Maxence Lacroix,2.4790563417367952,6.0,14
653,Felipe Rodrigues da Silva,0.7230806722545156,1.0,14
657,Maldini Kacurri,0.0671511862501033,0.0,14
658,Ayden Heaven,0.09156076158349169,0.0,14
662,Josh Nichols,0.10824879847914559,0.0,14
663,Imari Samuels,0.0910164883390463,0.0,14
664,Alfie Pond,0.11056579423273671,0.0,14
666,Caleb Kporha,0.11986309908737347,0.0,14
670,Harry Amass,0.0671511862501033,0.0,14
672,Jahmai Simpson-Pusey,0.2790642681113864,0.0,14
675,Josh Wilson-Esbrand,0.08927527359228282,0.0,14
677,Ollie Scarles,0.056145439856774004,0.0,14
680,Max Kinsey,0.1022515576521652,0.0,14
681,Ruairi McConville,0.0524866042097738,0.0,14
684,Malachi Hardy,0.06731680040662269,0.0,14
685,Jacob Slater,0.0524866042097738,0.0,14
686,Ezra Mayers,0.09184977659531768,0.0,14
690,Samuel Amissah,0.0524866042097738,0.0,14
691,Godwill Kukonki,0.012606261462769552,0.0,14
692,Amara Nallo,0.012606261462769552,0.0,14
3,Gabriel dos Santos Magalhães,2.3077511722219803,0.0,15
6,Jurriën Timber,2.8720065662002874,2.0,15
8,Jakub Kiwior,1.6411196421217467,2.0,15
18,William Saliba,2.9665291594572203,8.0,15
21,Kieran Tierney,0.1193847546283271,0.0,15
22,Tomiyasu Takehiro,0.06989701379309832,0.0,15
24,Benjamin White,1.0428685922246874,0.0,15
25,Oleksandr Zinchenko,1.6947547617093885,0.0,15
26,Álex Moreno Lopera,2.0480773864518795,0.0,15
32,Matty Cash,2.0298483096953,0.0,15
35,Diego Carlos Santos Silva,0.5151489307934298,6.0,15
36,Lucas Digne,2.6022911851658854,1.0,15
40,Kortney Hause,0.06758106830718447,0.0,15
43,Kaine Kesler-Hayden,0.014803430356242764,0.0,15
44,Ezri Konsa Ngoyo,1.8815140934881782,6.0,15
45,Ian Maatsen,1.1961532354296054,1.0,15
49,Tyrone Mings,1.0900841151679863,0.0,15
50,Kosta Nedeljković,0.10437398780634677,0.0,15
52,Pau Torres,1.0563578505521214,6.0,15
56,Lino da Cruz Sousa,0.014803430356242764,0.0,15
59,Max Aarons,0.2414280085554541,0.0,15
68,James Hill,0.18518918008181195,1.0,15
70,Milos Kerkez,2.4836096524926816,2.0,15
72,Chris Mepham,0.0162821370744215,0.0,15
79,Marcos Senesi,0.639493457884738,0.0,15
81,Adam Smith,2.215598992925221,2.0,15
85,Illia Zabarnyi,1.6959821881944084,2.0,15
86,Kristoffer Ajer,0.21250177058717856,0.0,15
88,Nathan Collins,2.3377751124621327,7.0,15
92,Rico Henry,0.01700305316525963,0.0,15
93,Aaron Hickey,0.017161447140857433,0.0,15
96,Kim Ji-soo,0.08148389453199112,0.0,15
100,Ben Mee,0.2766318961866503,1.0,15
104,Ethan Pinnock,2.2849196144697324,1.0,15
105,Mads Roerslev Rasmussen,0.5126124488845347,0.0,15
112,Mathias Jorgensen,0.016444345646868364,0.0,15
116,Valentín Barco,0.02467388623594946,0.0,15
120,Lewis Dunk,1.8908287305796705,1.0,15
122,Pervis Estupiñán,2.7100160269779305,4.0,15
128,Igor Julio dos Santos de Paulo,1.8149470154066565,1.0,15
131,Tariq Lamptey,0.6554602940181118,7.0,15
139,Odeluga Offiah,0.014803430356242764,0.0,15
144,Jan Paul van Hecke,2.2630504510209413,1.0,15
145,Joël Veltman,0.4831987408300824,0.0,15
147,Adam Webster,0.14686237274405745,0.0,15
153,Benoît Badiashile,0.4088805510029543,1.0,15
159,Trevoh Chalobah,2.6212925803899836,1.0,15
160,Ben Chilwell,0.253816244176039,0.0,15
162,Levi Colwill,1.3289353817208438,1.0,15
163,Marc Cucurella Saseta,2.3656690253873016,4.0,15
167,Axel Disasi,1.1589407410158055,0.0,15
170,Alfie Gilchrist,0.014803430356242764,0.0,15
171,Malo Gusto,1.795364614978566,1.0,15
172,Reece James,0.2941468465118149,0.0,15
176,Malang Sarr,0.016444345646868364,0.0,15
187,Tosin Adarabioyo,0.8994417518943179,0.0,15
189,Wesley Fofana,0.5210806939723032,0.0,15
191,Joachim Andersen,0.40322823920914086,0.0,15
194,Chris Richards,0.47586331348175026,0.0,15
195,Chadi Riad Dnanou,0.01732889220077638,0.0,15
196,Nathaniel Clyne,0.3430704804029885,0.0,15
200,Marc Guéhi,2.6437910491927443,1.0,15
202,Rob Holding,0.044519173107413046,0.0,15
210,Tyrick Mitchell,2.2769534912069194,1.0,15
211,Daniel Muñoz,3.2046189865117736,7.0,15
215,Joel Ward,0.08964096886418194,0.0,15
241,Calvin Bassey,1.7121304379794724,1.0,15
244,Timothy Castagne,1.451432657020244,0.0,15
245,Issa Diop,2.1631838808273933,2.0,15
250,Kevin Mbabu,0.014803430356242764,0.0,15
253,Tim Ream,0.016444345646868364,0.0,15
255,Antonee Robinson,2.694729244540728,1.0,15
257,Kenny Tete,1.1824822489593965,5.0,15
261,Elkan Baggott,0.014803430356242764,0.0,15
263,Cameron Burgess,0.8298700791311697,4.0,15
266,Harry Clarke,1.6032760222039357,0.0,15
267,Leif Davis,2.4351679353404005,1.0,15
269,George Edmundson,0.014803430356242764,0.0,15
270,Jacob Greaves,1.0743908244752491,0.0,15
275,Ben Johnson,0.36424349089471164,1.0,15
279,Corrie Ndaba,0.014803430356242764,0.0,15
282,Axel Tuanzebe,0.5145798664511227,0.0,15
284,Luke Woolfenden,0.2263161462706016,0.0,15
288,Conor Coady,1.306130663844538,1.0,15
291,Wout Faes,1.5518785894179263,1.0,15
295,James Justin,1.6491826098597189,1.0,15
296,Victor Kristiansen,2.0519507350152697,1.0,15
301,Caleb Okoli,0.4476475502051773,0.0,15
302,Ricardo Barbosa Pereira,0.24531760615317832,0.0,15
303,Harry Souttar,0.014803430356242764,0.0,15
305,Luke Thomas,0.5611284783192527,0.0,15
307,Jannik Vestergaard,1.2140191596498449,1.0,15
338,Sepp van den Berg,1.9303521353886453,0.0,15
340,Manuel Akanji,1.6955280185763648,0.0,15
341,Nathan Aké,1.8915002849879894,0.0,15
350,Joško Gvardiol,3.0335980509070417,1.0,15
353,João Cavaco Cancelo,0.025769407510695785,0.0,15
355,Rico Lewis,1.4245342216666481,4.0,15
361,Rúben Gato Alves Dias,2.052965213251067,1.0,15
362,John Stones,0.529005244846827,0.0,15
363,Kyle Walker,1.885064863427706,1.0,15
369,Diogo Dalot Teixeira,2.0831897118257885,1.0,15
371,Jonny Evans,0.4521738465169447,0.0,15
376,Victor Lindelöf,0.24324517219953723,0.0,15
377,Harry Maguire,0.74405298951267,1.0,15
379,Tyrell Malacia,0.486144606556552,0.0,15
380,Lisandro Martínez,0.8799276078971321,1.0,15
387,Luke Shaw,0.5289246398309659,0.0,15
388,Aaron Wan-Bissaka,2.2231863857834533,2.0,15
390,Alex Murphy,0.07837136221498042,0.0,15
393,Sven Botman,0.019953847724324625,0.0,15
395,Dan Burn,1.6511321088104864,0.0,15
399,Lewis Hall,2.604360948208134,1.0,15
404,Lloyd Kelly,0.4538996637643269,0.0,15
405,Emil Krafth,0.12097014367815895,0.0,15
407,Jamaal Lascelles,0.017770003043453997,0.0,15
408,Jamal Lewis,0.014803430356242764,0.0,15
409,Tino Livramento,2.476438608869545,0.0,15
415,Fabian Schär,2.8757692533652808,0.0,15
416,Matt Targett,0.06787062254577769,0.0,15
418,Kieran Trippier,0.7258040933334504,1.0,15
422,Ola Aina,2.306552458849291,1.0,15
425,Willy Boly,0.18445726701625542,0.0,15
436,Murillo Santiago Costa dos Santos,2.500949615370949,1.0,15
437,Neco Williams,0.5620727268650114,0.0,15
438,Omar Richards,0.016444345646868364,0.0,15
440,Andrew Omobamidele,0.01934910641857801,0.0,15
441,Jonathan Panzo,0.014803430356242764,0.0,15
444,Harry Toffolo,0.02077365475710735,0.0,15
448,Joe Worrall,0.016444345646868364,0.0,15
455,Jan Bednarek,0.5281453598046104,0.0,15
456,Armel Bella-Kotchap,0.11650248255826412,0.0,15
457,James Bree,0.8193511626854182,1.0,15
460,Ronnie Edwards,0.43697913236859787,0.0,15
461,Taylor Harwood-Bellis,1.038449593917088,2.0,15
464,Juan Larios López,0.02808087085551314,0.0,15
467,Ryan Manning,1.9776708172210986,2.0,15
472,Jack Stephens,1.5324038294059763,0.0,15
474,Sugawara Yukinari,1.030398039148877,0.0,15
475,Charlie Taylor,0.7554654778808798,0.0,15
476,Kyle Walker-Peters,2.238048719887283,2.0,15
477,Nathan Wood-Gordon,0.7517288878220736,1.0,15
478,Ashley Phillips,0.014803430356242764,0.0,15
484,Ben Davies,1.6275147534581578,0.0,15
486,Radu Drăgușin,1.5939183542625734,0.0,15
487,Emerson Leite de Souza Junior,0.016444345646868364,0.0,15
495,Pedro Porro,2.1493669986307395,3.0,15
496,Sergio Reguilón,0.15614699611627092,0.0,15
498,Cristian Romero,0.5334291353860285,1.0,15
504,Djed Spence,0.17779789947088176,0.0,15
505,Destiny Udogie,2.1793279277438824,0.0,15
506,Micky van de Ven,0.4008598162243011,1.0,15
516,Vladimír Coufal,0.8250758148809219,0.0,15
517,Aaron Cresswell,0.2504595605169708,1.0,15
520,Emerson Palmieri dos Santos,1.6369421269632163,1.0,15
524,Max Kilman,2.2139886344484445,2.0,15
528,Konstantinos Mavropanos,1.9993647375092944,2.0,15
529,Nayef Aguerd,0.0162821370744215,0.0,15
532,Kurt Zouma,0.0162821370744215,0.0,15
533,Rayan Aït-Nouri,2.072163831518468,4.0,15
542,Craig Dawson,1.556884336276796,0.0,15
543,Matt Doherty,0.9122089706008669,6.0,15
549,Hugo Bueno López,0.016444345646868364,0.0,15
552,Ki-Jana Hoever,0.014803430356242764,0.0,15
558,Yerson Mosquera,0.2416923724651534,0.0,15
559,Nélson Cabral Semedo,0.9756657883736324,1.0,15
561,Pedro Cardoso de Lima,0.07724448867823419,0.0,15
564,Santiago Bueno,1.5958927226468447,1.0,15
567,Toti António Gomes,0.8122622060308062,1.0,15
572,Leny Yoro,0.7965672280786702,1.0,15
573,Nikola Milenković,2.1856933467694404,7.0,15
574,Miodrag Pivaš,0.014803430356242764,0.0,15
575,Caleb Wiley,0.014803430356242764,0.0,15
578,Riccardo Calafiori,1.0909226072427884,0.0,15
579,Ryan Sessegnon,0.5455232385930024,0.0,15
580,Dean Huijsen,2.8710529984456965,2.0,15
583,Conor Townsend,0.13920112716376476,0.0,15
586,Jorge Cuenca Barreno,0.36725059958742534,1.0,15
591,Jean-Clair Todibo,0.6031913696391289,1.0,15
592,Julián Araujo Zúñiga,0.35702958205908786,0.0,15
593,Matthijs de Ligt,1.918865276231486,1.0,15
594,Noussair Mazraoui,2.3819928984249614,1.0,15
598,Lamare Bogarde,0.3121774341253083,0.0,15
616,Ben Nelson,0.014803430356242764,0.0,15
626,Issa Kaboré,0.016444345646868364,0.0,15
628,Ferdi Kadioglu,0.4433248686057256,0.0,15
630,Dara O'Shea,1.9135279768390454,1.0,15
637,Bastien Meupiyou,0.02699239790343544,0.0,15
640,Sil Swinkels,0.04370710955575863,0.0,15
643,Kaelan Casey,0.045005138580211934,0.0,15
649,Jayden Meghoma,0.06471272061264877,0.0,15
650,Maxence Lacroix,2.445683427164024,7.0,15
653,Felipe Rodrigues da Silva,0.6348645923516383,1.0,15
657,Maldini Kacurri,0.06643002005763332,0.0,15
658,Ayden Heaven,0.059630640162430026,0.0,15
662,Josh Nichols,0.04055632107515983,0.0,15
663,Imari Samuels,0.064586372169253,0.0,15
664,Alfie Pond,0.20374755903664976,0.0,15
666,Caleb Kporha,0.09821760400851076,0.0,15
670,Harry Amass,0.060710681459327454,0.0,15
672,Jahmai Simpson-Pusey,0.30356977299166754,0.0,15
675,Josh Wilson-Esbrand,0.06297884073447868,0.0,15
677,Ollie Scarles,0.03492543168815487,0.0,15
680,Max Kinsey,0.06783978830955562,0.0,15
681,Ruairi McConville,0.0376858313561792,0.0,15
684,Malachi Hardy,0.060710681459327454,0.0,15
685,Jacob Slater,0.03909131241398889,0.0,15
686,Ezra Mayers,0.04413186121646451,0.0,15
690,Samuel Amissah,0.07588751680662398,0.0,15
691,Godwill Kukonki,0.028877416548067636,0.0,15
3,Gabriel dos Santos Magalhães,1.0501431763393674,6.0,16
6,Jurriën Timber,2.822687192332223,6.0,16
8,Jakub Kiwior,2.0183278805485614,0.0,16
18,William Saliba,3.397332255278007,6.0,16
21,Kieran Tierney,0.12834768347100223,0.0,16
22,Tomiyasu Takehiro,0.39471665652158006,0.0,16
24,Benjamin White,1.1883044908093758,0.0,16
25,Oleksandr Zinchenko,0.8903354943039092,0.0,16
26,Álex Moreno Lopera,0.9667018920211516,0.0,16
32,Matty Cash,0.9627803501052732,1.0,16
35,Diego Carlos Santos Silva,1.442876235846466,1.0,16
36,Lucas Digne,1.9448577631142179,2.0,16
40,Kortney Hause,-0.032567637028281915,0.0,16
43,Kaine Kesler-Hayden,-0.03036238412162895,0.0,16
44,Ezri Konsa Ngoyo,1.924484545048621,1.0,16
45,Ian Maatsen,1.417967752356299,1.0,16
49,Tyrone Mings,0.6674068870606149,0.0,16
50,Kosta Nedeljković,-0.0367669402091888,0.0,16
52,Pau Torres,1.6268564391941007,1.0,16
56,Lino da Cruz Sousa,-0.030569914727369252,0.0,16
59,Max Aarons,0.15199067275192135,0.0,16
68,James Hill,0.046365139879956274,0.0,16
70,Milos Kerkez,2.390547077634359,2.0,16
72,Chris Mepham,0.18162967587260415,0.0,16
79,Marcos Senesi,0.8468444632942349,0.0,16
81,Adam Smith,1.8863741878149183,6.0,16
85,Illia Zabarnyi,2.3306557271657873,2.0,16
86,Kristoffer Ajer,0.19411858889213818,1.0,16
88,Nathan Collins,2.3251207503558753,1.0,16
92,Rico Henry,0.1285535734360117,0.0,16
93,Aaron Hickey,0.12864503133402927,0.0,16
96,Kim Ji-soo,-0.08653627784069329,0.0,16
100,Ben Mee,0.2252317985482737,0.0,16
104,Ethan Pinnock,2.184588656573535,1.0,16
105,Mads Roerslev Rasmussen,0.27130878599524344,2.0,16
112,Mathias Jorgensen,0.23468034789052972,0.0,16
116,Valentín Barco,-0.051905299986183095,0.0,16
120,Lewis Dunk,1.7811155100734144,0.0,16
122,Pervis Estupiñán,2.86510914393139,1.0,16
128,Igor Julio dos Santos de Paulo,1.2423209618847437,0.0,16
131,Tariq Lamptey,1.616925969535787,0.0,16
139,Odeluga Offiah,-0.03054668368941371,0.0,16
144,Jan Paul van Hecke,2.1383129432010612,1.0,16
145,Joël Veltman,0.41037719923883564,0.0,16
147,Adam Webster,0.13060343571280875,0.0,16
153,Benoît Badiashile,1.3437479288236993,0.0,16
159,Trevoh Chalobah,2.1494014894477846,8.0,16
160,Ben Chilwell,0.33688457918490755,0.0,16
162,Levi Colwill,1.8234304006259219,2.0,16
163,Marc Cucurella Saseta,2.635820075731065,5.0,16
167,Axel Disasi,0.5530411761712379,0.0,16
170,Alfie Gilchrist,-0.030515708972139066,0.0,16
171,Malo Gusto,1.721632536540934,2.0,16
172,Reece James,0.44568727937601693,0.0,16
176,Malang Sarr,0.23470822513607636,0.0,16
187,Tosin Adarabioyo,0.5772581169530735,2.0,16
189,Wesley Fofana,0.5889752023234482,0.0,16
191,Joachim Andersen,0.23968219756825526,0.0,16
194,Chris Richards,0.2851810183089549,0.0,16
195,Chadi Riad Dnanou,0.12864355115058412,0.0,16
196,Nathaniel Clyne,0.24525490652918513,1.0,16
200,Marc Guéhi,2.180394136549996,-1.0,16
202,Rob Holding,0.12827057639483908,0.0,16
210,Tyrick Mitchell,2.394541770869136,9.0,16
211,Daniel Muñoz,2.546693798527743,1.0,16
215,Joel Ward,0.12801050788701396,0.0,16
219,Jarrad Branthwaite,1.3737850469777548,6.0,16
221,Séamus Coleman,0.12866974611062965,0.0,16
225,Mason Holgate,-0.031034117857958954,0.0,16
228,Michael Keane,-0.07747075937454628,0.0,16
231,Vitalii Mykolenko,1.1055001969039955,6.0,16
234,Nathan Patterson,0.3032653881003462,0.0,16
236,James Tarkowski,1.4062053009753015,6.0,16
238,Ashley Young,1.2669435109320064,5.0,16
241,Calvin Bassey,2.0736861816805074,0.0,16
244,Timothy Castagne,0.6123599520667247,1.0,16
245,Issa Diop,1.919425753508178,0.0,16
250,Kevin Mbabu,-0.03103918169408182,0.0,16
253,Tim Ream,0.23470667640021325,0.0,16
255,Antonee Robinson,2.25652347414162,6.0,16
257,Kenny Tete,1.8670312893189136,1.0,16
261,Elkan Baggott,-0.030382517687858268,0.0,16
263,Cameron Burgess,1.7264540862693192,2.0,16
266,Harry Clarke,0.5011480156761028,1.0,16
267,Leif Davis,2.4539233736552752,2.0,16
269,George Edmundson,-0.030022176851199234,0.0,16
270,Jacob Greaves,0.39750968807296694,0.0,16
275,Ben Johnson,1.0102026841368597,1.0,16
279,Corrie Ndaba,-0.03033605561194541,0.0,16
282,Axel Tuanzebe,0.3387211453964172,0.0,16
284,Luke Woolfenden,-0.025321580416336253,0.0,16
288,Conor Coady,1.6540429356195672,0.0,16
291,Wout Faes,0.7997449236402243,0.0,16
295,James Justin,2.271143390783818,0.0,16
296,Victor Kristiansen,2.177221543963821,0.0,16
301,Caleb Okoli,0.24125556808865767,0.0,16
302,Ricardo Barbosa Pereira,0.11025387558157718,0.0,16
303,Harry Souttar,-0.030367030329220057,0.0,16
305,Luke Thomas,0.14678049845932328,0.0,16
307,Jannik Vestergaard,1.4887522244550304,-1.0,16
311,Trent Alexander-Arnold,2.1271933562258596,1.0,16
313,Conor Bradley,0.5105261641070085,0.0,16
322,Joe Gomez,1.0573964908505928,1.0,16
326,Ibrahima Konaté,0.597323611374299,0.0,16
332,Nathaniel Phillips,-0.030557524840459926,0.0,16
333,Jarell Quansah,0.39229534264922705,1.0,16
334,Rhys Williams,-0.030532745066640388,0.0,16
335,Andrew Robertson,1.9864753684606962,-3.0,16
337,Konstantinos Tsimikas,0.32374333676688316,0.0,16
338,Sepp van den Berg,1.8648440461279856,1.0,16
339,Virgil van Dijk,2.2142922374985012,1.0,16
340,Manuel Akanji,1.2410932309574116,0.0,16
341,Nathan Aké,1.4807265425779192,0.0,16
350,Joško Gvardiol,2.5578186829221465,7.0,16
353,João Cavaco Cancelo,0.6585003018774405,0.0,16
355,Rico Lewis,1.3949971081360086,0.0,16
361,Rúben Gato Alves Dias,2.5780911590872826,1.0,16
362,John Stones,0.7676215715141961,0.0,16
363,Kyle Walker,2.2853269060368078,0.0,16
369,Diogo Dalot Teixeira,2.6310575354483507,2.0,16
371,Jonny Evans,0.3452188469145758,0.0,16
376,Victor Lindelöf,0.14226236926546498,1.0,16
377,Harry Maguire,1.2427233479411273,2.0,16
379,Tyrell Malacia,0.3919640583428148,0.0,16
380,Lisandro Martínez,1.5833154582866609,5.0,16
387,Luke Shaw,0.6156044675276799,0.0,16
388,Aaron Wan-Bissaka,2.4422780290679,5.0,16
390,Alex Murphy,-0.035416714269528526,0.0,16
393,Sven Botman,0.18160402553698685,0.0,16
395,Dan Burn,1.9797694343032495,6.0,16
399,Lewis Hall,2.2782579659385256,12.0,16
404,Lloyd Kelly,0.27734287363492527,0.0,16
405,Emil Krafth,0.12849584761215915,0.0,16
407,Jamaal Lascelles,0.2346573459811312,0.0,16
408,Jamal Lewis,-0.031070156411356464,0.0,16
409,Tino Livramento,2.2848510415347327,6.0,16
415,Fabian Schär,2.748099946364839,6.0,16
416,Matt Targett,-0.03199585098995428,0.0,16
418,Kieran Trippier,0.8849654278268098,1.0,16
422,Ola Aina,2.278239354689859,2.0,16
425,Willy Boly,0.07558657948885639,1.0,16
436,Murillo Santiago Costa dos Santos,2.28878357315439,2.0,16
437,Neco Williams,1.2925479494546526,2.0,16
438,Omar Richards,0.23467879915466483,0.0,16
440,Andrew Omobamidele,0.12849156904862546,0.0,16
441,Jonathan Panzo,-0.030325214460900085,0.0,16
444,Harry Toffolo,0.12853543075731189,0.0,16
448,Joe Worrall,0.23464627570152707,0.0,16
455,Jan Bednarek,0.06305682224959597,0.0,16
456,Armel Bella-Kotchap,-0.08865225391242681,0.0,16
457,James Bree,0.8487257263429138,0.0,16
460,Ronnie Edwards,-0.027217565030991153,0.0,16
461,Taylor Harwood-Bellis,1.606780048562051,0.0,16
464,Juan Larios López,-0.03087955188884095,0.0,16
467,Ryan Manning,2.1000700143799644,0.0,16
472,Jack Stephens,0.6398238347573013,0.0,16
474,Sugawara Yukinari,0.6257734216004547,1.0,16
475,Charlie Taylor,-0.04714451866300706,0.0,16
476,Kyle Walker-Peters,2.308615765103003,0.0,16
477,Nathan Wood-Gordon,1.406829992236542,1.0,16
478,Ashley Phillips,-0.0310205968637165,0.0,16
484,Ben Davies,0.8227234960153424,0.0,16
486,Radu Drăgușin,1.972514107946255,6.0,16
487,Emerson Leite de Souza Junior,0.23469738398503015,0.0,16
495,Pedro Porro,2.663707707279535,6.0,16
496,Sergio Reguilón,0.07471859984899965,0.0,16
498,Cristian Romero,0.6903910728219085,0.0,16
504,Djed Spence,0.21637827216667116,9.0,16
505,Destiny Udogie,2.4107851055661023,1.0,16
506,Micky van de Ven,1.106277215679297,0.0,16
516,Vladimír Coufal,0.5213093709720216,2.0,16
517,Aaron Cresswell,1.4178343656620704,0.0,16
520,Emerson Palmieri dos Santos,1.683518207436423,0.0,16
524,Max Kilman,2.523419065753192,2.0,16
528,Konstantinos Mavropanos,1.93477667960713,2.0,16
529,Nayef Aguerd,0.18161573724982993,0.0,16
532,Kurt Zouma,0.18120067603834933,0.0,16
533,Rayan Aït-Nouri,2.4675784364920794,-2.0,16
542,Craig Dawson,0.8754069111306784,0.0,16
543,Matt Doherty,1.9261366056688525,0.0,16
549,Hugo Bueno López,0.23469893272089415,0.0,16
552,Ki-Jana Hoever,-0.030915282824983237,0.0,16
558,Yerson Mosquera,-0.08557725010509376,0.0,16
559,Nélson Cabral Semedo,1.8366815709881958,1.0,16
561,Pedro Cardoso de Lima,-0.03618812290377349,0.0,16
564,Santiago Bueno,1.581007235395969,1.0,16
567,Toti António Gomes,1.7383165056660772,1.0,16
572,Leny Yoro,1.0482503855957184,1.0,16
573,Nikola Milenković,2.4161504807362917,8.0,16
574,Miodrag Pivaš,-0.030532745066640388,0.0,16
575,Caleb Wiley,-0.03042123608445113,0.0,16
578,Riccardo Calafiori,1.1744006078722915,0.0,16
579,Ryan Sessegnon,0.3672448128169963,0.0,16
580,Dean Huijsen,2.3223840636316275,2.0,16
582,Jake O'Brien,0.3148749009098619,0.0,16
583,Conor Townsend,-0.027702170749908106,0.0,16
586,Jorge Cuenca Barreno,0.3888730276526946,1.0,16
591,Jean-Clair Todibo,0.6831100069481115,0.0,16
592,Julián Araujo Zúñiga,0.15055793277583351,0.0,16
593,Matthijs de Ligt,2.0711510336168004,2.0,16
594,Noussair Mazraoui,1.2712428688103419,2.0,16
598,Lamare Bogarde,0.02913072754406798,0.0,16
616,Ben Nelson,-0.030385615159585377,0.0,16
626,Issa Kaboré,0.23470512766434837,0.0,16
627,Roman Dixon,-0.031155965868629565,0.0,16
628,Ferdi Kadioglu,0.2768726468074476,0.0,16
630,Dara O'Shea,2.001944037731384,2.0,16
637,Bastien Meupiyou,-0.03092572067175059,0.0,16
640,Sil Swinkels,-0.030762141150597166,0.0,16
643,Kaelan Casey,-0.031151496968021775,1.0,16
649,Jayden Meghoma,-0.030716531318869755,1.0,16
650,Maxence Lacroix,2.5990179705524667,2.0,16
653,Felipe Rodrigues da Silva,0.832223765995626,1.0,16
657,Maldini Kacurri,-0.030968022115203553,0.0,16
658,Ayden Heaven,-0.03078259543344508,0.0,16
662,Josh Nichols,-0.030677015630929283,0.0,16
663,Imari Samuels,-0.030715605698633297,0.0,16
664,Alfie Pond,-0.059961230548227995,0.0,16
666,Caleb Kporha,0.06224734776826679,0.0,16
670,Harry Amass,-0.030716338825536482,0.0,16
672,Jahmai Simpson-Pusey,0.024895738075807472,0.0,16
675,Josh Wilson-Esbrand,-0.03061218864160331,0.0,16
677,Ollie Scarles,-0.030462896094664238,1.0,16
680,Max Kinsey,-0.030626493722226478,0.0,16
681,Ruairi McConville,-0.030434973002284593,0.0,16
684,Malachi Hardy,-0.030651649271105086,0.0,16
685,Jacob Slater,-0.03044836177988053,0.0,16
686,Ezra Mayers,-0.03049606098104185,0.0,16
690,Samuel Amissah,-0.030587482032631286,0.0,16
691,Godwill Kukonki,-0.030403576768721408,0.0,16
692,Amara Nallo,-0.030432920268075314,0.0,16
697,Josh Acheampong,-0.030325214460900085,0.0,16
699,Alfie Dorrington,-0.030325214460900085,1.0,16
700,Maeson King,-0.030325214460900085,0.0,16
3,Gabriel dos Santos Magalhães,2.375347085841394,4.0,17
6,Jurriën Timber,2.8774869089917026,1.0,17
8,Jakub Kiwior,1.2385797031379457,0.0,17
18,William Saliba,3.1495965226270783,2.0,17
21,Kieran Tierney,0.1297049395195886,0.0,17
22,Tomiyasu Takehiro,0.3908778277164622,0.0,17
24,Benjamin White,1.1000373247246014,0.0,17
25,Oleksandr Zinchenko,0.6598353067098426,0.0,17
26,Álex Moreno Lopera,0.5954367418653597,0.0,17
32,Matty Cash,2.0090745030174677,1.0,17
35,Diego Carlos Santos Silva,1.8317869935352054,0.0,17
36,Lucas Digne,2.047651167700243,2.0,17
40,Kortney Hause,-0.0801916507080227,0.0,17
43,Kaine Kesler-Hayden,-0.026629511316913046,0.0,17
44,Ezri Konsa Ngoyo,2.1778048631665072,2.0,17
45,Ian Maatsen,0.5757332646410678,0.0,17
49,Tyrone Mings,0.4389623253860542,0.0,17
50,Kosta Nedeljković,-0.08260197584962725,0.0,17
52,Pau Torres,1.9224872219983258,2.0,17
56,Lino da Cruz Sousa,-0.026809416135294306,0.0,17
59,Max Aarons,0.14628016990038795,0.0,17
68,James Hill,0.0017439007830759579,1.0,17
70,Milos Kerkez,2.5648720891898016,6.0,17
72,Chris Mepham,0.1820685124935313,0.0,17
79,Marcos Senesi,0.5516314145509114,0.0,17
81,Adam Smith,1.7069902607719127,0.0,17
85,Illia Zabarnyi,2.3111339611871315,6.0,17
86,Kristoffer Ajer,0.829194942461446,1.0,17
88,Nathan Collins,2.3209326487772444,1.0,17
92,Rico Henry,0.12983210671265244,0.0,17
93,Aaron Hickey,0.12988883459074163,0.0,17
96,Kim Ji-soo,-0.0806371516051172,0.0,17
100,Ben Mee,0.1603818882632524,0.0,17
104,Ethan Pinnock,2.2941750638917586,0.0,17
105,Mads Roerslev Rasmussen,1.2223168539216331,1.0,17
112,Mathias Jorgensen,0.23427267666801388,0.0,17
116,Valentín Barco,-0.04134650765535497,0.0,17
120,Lewis Dunk,2.0237683243440507,5.0,17
122,Pervis Estupiñán,2.7242063522414615,1.0,17
128,Igor Julio dos Santos de Paulo,0.6320172475552663,0.0,17
131,Tariq Lamptey,1.3777812285738076,1.0,17
139,Odeluga Offiah,-0.026755966153022115,0.0,17
144,Jan Paul van Hecke,2.264683623803121,2.0,17
145,Joël Veltman,0.3167498496882173,1.0,17
147,Adam Webster,0.1305159298829306,0.0,17
153,Benoît Badiashile,0.7739573252846137,0.0,17
159,Trevoh Chalobah,2.4815946765958934,0.0,17
160,Ben Chilwell,0.3358838154331991,0.0,17
162,Levi Colwill,2.099899216581818,6.0,17
163,Marc Cucurella Saseta,2.635856018823798,0.0,17
167,Axel Disasi,0.3292358206709345,5.0,17
170,Alfie Gilchrist,-0.026712945435582114,0.0,17
171,Malo Gusto,2.318015078403672,6.0,17
172,Reece James,0.4156617859663454,0.0,17
176,Malang Sarr,0.23428701690716025,0.0,17
187,Tosin Adarabioyo,1.3916271200517212,6.0,17
189,Wesley Fofana,0.37089768534528034,0.0,17
191,Joachim Andersen,0.15584794698409876,0.0,17
194,Chris Richards,0.3113650926420668,0.0,17
195,Chadi Riad Dnanou,0.12990046106658948,0.0,17
196,Nathaniel Clyne,0.22305195544807344,-1.0,17
200,Marc Guéhi,2.020214095459668,-1.0,17
202,Rob Holding,0.12967728374334797,0.0,17
210,Tyrick Mitchell,2.468392713251891,3.0,17
211,Daniel Muñoz,2.470775137716867,0.0,17
215,Joel Ward,0.129411774838891,0.0,17
219,Jarrad Branthwaite,1.8048260628085817,6.0,17
221,Séamus Coleman,0.12981883798036264,1.0,17
225,Mason Holgate,-0.02727968120048896,0.0,17
228,Michael Keane,-0.008467856901326343,0.0,17
231,Vitalii Mykolenko,1.568525038170569,6.0,17
234,Nathan Patterson,0.2795947324667516,0.0,17
236,James Tarkowski,1.938056882154954,6.0,17
238,Ashley Young,1.642563352872009,5.0,17
241,Calvin Bassey,1.1847278930918463,6.0,17
244,Timothy Castagne,0.795850895997976,6.0,17
245,Issa Diop,1.9451876955386567,6.0,17
250,Kevin Mbabu,-0.027152278216702186,0.0,17
253,Tim Ream,0.23428571324905612,0.0,17
255,Antonee Robinson,2.907845947327516,6.0,17
257,Kenny Tete,1.6475697333587327,0.0,17
261,Elkan Baggott,-0.026660799111414057,0.0,17
263,Cameron Burgess,1.8303927176707155,0.0,17
266,Harry Clarke,1.2145564460618345,0.0,17
267,Leif Davis,2.38915351570094,0.0,17
269,George Edmundson,-0.026787910541154147,0.0,17
270,Jacob Greaves,0.19568454052036177,0.0,17
275,Ben Johnson,0.5063318796222154,1.0,17
279,Corrie Ndaba,-0.02661386741966254,0.0,17
282,Axel Tuanzebe,0.14424841204039573,0.0,17
284,Luke Woolfenden,-0.026129611866965163,0.0,17
288,Conor Coady,1.8399378413376573,1.0,17
291,Wout Faes,0.432798135763675,1.0,17
295,James Justin,2.2815304080516228,0.0,17
296,Victor Kristiansen,2.1398548834422577,1.0,17
301,Caleb Okoli,0.3838540174965335,0.0,17
302,Ricardo Barbosa Pereira,0.04269757456443557,0.0,17
303,Harry Souttar,-0.026622993026391484,0.0,17
305,Luke Thomas,0.03365337628704701,0.0,17
307,Jannik Vestergaard,1.6860907374272056,-1.0,17
311,Trent Alexander-Arnold,2.8530551250806013,4.0,17
313,Conor Bradley,0.4153382568123529,0.0,17
322,Joe Gomez,1.8323895860361166,1.0,17
326,Ibrahima Konaté,0.5581161489684794,0.0,17
332,Nathaniel Phillips,-0.026758573469230384,0.0,17
333,Jarell Quansah,0.44558313622163315,0.0,17
334,Rhys Williams,-0.02671816006799954,0.0,17
335,Andrew Robertson,1.577209662648098,1.0,17
337,Konstantinos Tsimikas,0.3043897810483358,0.0,17
338,Sepp van den Berg,2.0069071928071374,0.0,17
339,Virgil van Dijk,2.7400376926906063,1.0,17
340,Manuel Akanji,0.9466044180931847,1.0,17
341,Nathan Aké,1.075635235363178,0.0,17
350,Joško Gvardiol,3.1224536207423004,0.0,17
353,João Cavaco Cancelo,0.6515683426148788,0.0,17
355,Rico Lewis,0.9386555051892422,0.0,17
361,Rúben Gato Alves Dias,2.6168249264894463,0.0,17
362,John Stones,0.732349166283746,1.0,17
363,Kyle Walker,2.2978985626202135,1.0,17
369,Diogo Dalot Teixeira,2.5516671769114367,1.0,17
371,Jonny Evans,0.2989219677588606,0.0,17
376,Victor Lindelöf,0.4074870911944046,0.0,17
377,Harry Maguire,1.9707236270881276,1.0,17
379,Tyrell Malacia,0.30161111173597455,1.0,17
380,Lisandro Martínez,2.142301676058562,1.0,17
387,Luke Shaw,0.5500908710459536,0.0,17
388,Aaron Wan-Bissaka,2.4458083072331256,2.0,17
390,Alex Murphy,-0.031025085246913164,0.0,17
393,Sven Botman,0.1820604864269093,0.0,17
395,Dan Burn,1.9874733218301701,6.0,17
399,Lewis Hall,2.832128692903103,6.0,17
404,Lloyd Kelly,0.19955200889718228,0.0,17
405,Emil Krafth,0.12968827988710174,0.0,17
407,Jamaal Lascelles,0.23425478780113362,0.0,17
408,Jamal Lewis,-0.02710273920874151,0.0,17
409,Tino Livramento,1.9020804956782982,6.0,17
415,Fabian Schär,2.651600826101742,6.0,17
416,Matt Targett,-0.0279344400185213,0.0,17
418,Kieran Trippier,1.155656482735985,1.0,17
422,Ola Aina,2.3484785258288063,12.0,17
425,Willy Boly,0.7335349856132432,0.0,17
436,Murillo Santiago Costa dos Santos,2.1827957361131176,5.0,17
437,Neco Williams,1.8213676979643516,9.0,17
438,Omar Richards,0.23426615837749232,0.0,17
440,Andrew Omobamidele,0.12979640809318305,0.0,17
441,Jonathan Panzo,-0.026608652787246,0.0,17
444,Harry Toffolo,0.12977704197080087,1.0,17
448,Joe Worrall,0.23425964008697164,0.0,17
455,Jan Bednarek,1.116138798243659,6.0,17
456,Armel Bella-Kotchap,-0.08105001154063096,0.0,17
457,James Bree,0.39458882112332905,1.0,17
460,Ronnie Edwards,-0.04608973603259425,0.0,17
461,Taylor Harwood-Bellis,1.7835869008956244,6.0,17
464,Juan Larios López,-0.026898048273942265,0.0,17
467,Ryan Manning,2.1463634615521503,0.0,17
472,Jack Stephens,0.28135964212523845,0.0,17
474,Sugawara Yukinari,0.8224641508840875,5.0,17
475,Charlie Taylor,-0.05774783362237201,0.0,17
476,Kyle Walker-Peters,2.2162480367339743,6.0,17
477,Nathan Wood-Gordon,1.531758419195162,6.0,17
478,Ashley Phillips,-0.02705450385888586,0.0,17
484,Ben Davies,0.5074485947619962,0.0,17
486,Radu Drăgușin,1.9309746034597461,-1.0,17
487,Emerson Leite de Souza Junior,0.23427789130043042,0.0,17
495,Pedro Porro,2.133280835771693,-1.0,17
496,Sergio Reguilón,0.07697444731721426,0.0,17
498,Cristian Romero,0.5660089542431095,0.0,17
504,Djed Spence,1.2640777397848257,-1.0,17
505,Destiny Udogie,1.724025720229129,0.0,17
506,Micky van de Ven,0.6277642265239365,0.0,17
516,Vladimír Coufal,1.5241703537585982,1.0,17
517,Aaron Cresswell,0.4639441780380036,0.0,17
520,Emerson Palmieri dos Santos,0.9198571105111215,2.0,17
524,Max Kilman,2.7484618880223017,2.0,17
528,Konstantinos Mavropanos,2.182716427925122,0.0,17
529,Nayef Aguerd,0.18205547591248994,0.0,17
532,Kurt Zouma,0.1818103881888975,0.0,17
533,Rayan Aït-Nouri,1.3599998692076074,0.0,17
542,Craig Dawson,0.5302981885345819,1.0,17
543,Matt Doherty,1.6211364390280911,9.0,17
549,Hugo Bueno López,0.23428310593284785,0.0,17
552,Ki-Jana Hoever,-0.026980195346945735,0.0,17
558,Yerson Mosquera,-0.0805314382018194,0.0,17
559,Nélson Cabral Semedo,2.028354866651176,9.0,17
561,Pedro Cardoso de Lima,-0.08218438849978327,0.0,17
564,Santiago Bueno,1.8170864331237233,6.0,17
567,Toti António Gomes,1.9441792824344377,6.0,17
572,Leny Yoro,0.7511091943229822,0.0,17
573,Nikola Milenković,2.529220850202968,6.0,17
574,Miodrag Pivaš,-0.02675726981112625,0.0,17
575,Caleb Wiley,-0.026663406427622327,0.0,17
578,Riccardo Calafiori,1.0554298871798888,4.0,17
579,Ryan Sessegnon,0.4179513342907972,0.0,17
580,Dean Huijsen,2.631589343570756,11.0,17
582,Jake O'Brien,0.3031900595714214,0.0,17
583,Conor Townsend,-0.030579362797790388,0.0,17
586,Jorge Cuenca Barreno,1.3057823587341506,0.0,17
591,Jean-Clair Todibo,0.4030885595750968,1.0,17
592,Julián Araujo Zúñiga,0.1353059299170809,0.0,17
593,Matthijs de Ligt,2.228340877077425,0.0,17
594,Noussair Mazraoui,1.6480958190670405,1.0,17
598,Lamare Bogarde,-0.0003060196532054249,0.0,17
616,Ben Nelson,-0.026646458872267687,0.0,17
626,Issa Kaboré,0.23428049861663958,0.0,17
627,Roman Dixon,-0.027748021557969516,0.0,17
628,Ferdi Kadioglu,0.25353619054418,0.0,17
630,Dara O'Shea,1.9824282107339437,0.0,17
637,Bastien Meupiyou,-0.0269450133547382,0.0,17
640,Sil Swinkels,-0.02689020971287892,0.0,17
643,Kaelan Casey,0.22881958158058602,0.0,17
649,Jayden Meghoma,0.02760757890696741,0.0,17
650,Maxence Lacroix,2.3883888501807853,0.0,17
653,Felipe Rodrigues da Silva,0.8723940023320651,6.0,17
657,Maldini Kacurri,-0.027069673070390543,0.0,17
658,Ayden Heaven,-0.026975438952005604,0.0,17
662,Josh Nichols,-0.026883370688958408,0.0,17
663,Imari Samuels,-0.0268978109310698,0.0,17
664,Alfie Pond,-0.0088155433398871,0.0,17
666,Caleb Kporha,-0.026512822319379126,1.0,17
670,Harry Amass,-0.026882758499136017,0.0,17
672,Jahmai Simpson-Pusey,-0.0007869168755814115,0.0,17
675,Josh Wilson-Esbrand,-0.02675579131200223,0.0,17
677,Ollie Scarles,0.1057119453952744,1.0,17
680,Max Kinsey,-0.026832132451438895,0.0,17
681,Ruairi McConville,-0.02672187120055103,0.0,17
684,Malachi Hardy,-0.026819399827190615,0.0,17
685,Jacob Slater,-0.026690221059471497,0.0,17
686,Ezra Mayers,-0.02671230413295156,0.0,17
690,Samuel Amissah,-0.027023670189793236,0.0,17
691,Godwill Kukonki,-0.02666282335060899,0.0,17
692,Amara Nallo,-0.026673935695420425,0.0,17
697,Josh Acheampong,-0.02660107673396439,0.0,17
699,Alfie Dorrington,0.11698523204278821,0.0,17
700,Maeson King,-0.026611164376724616,0.0,17
3,Gabriel dos Santos Magalhães,3.023458831096571,6.0,18
6,Jurriën Timber,2.6340838240755033,6.0,18
8,Jakub Kiwior,0.8109515211932496,0.0,18
18,William Saliba,3.1489154495793574,6.0,18
21,Kieran Tierney,0.13682866609922595,0.0,18
22,Tomiyasu Takehiro,0.37887339278923626,0.0,18
24,Benjamin White,1.012615995424814,0.0,18
25,Oleksandr Zinchenko,0.5328733039073299,0.0,18
26,Álex Moreno Lopera,0.3985659083046853,0.0,18
32,Matty Cash,1.8440223170281609,0.0,18
35,Diego Carlos Santos Silva,1.0299125655358932,0.0,18
36,Lucas Digne,2.41411254269506,1.0,18
40,Kortney Hause,-0.05632305904745838,0.0,18
43,Kaine Kesler-Hayden,-0.007522584826107348,0.0,18
44,Ezri Konsa Ngoyo,2.1090774613164402,1.0,18
45,Ian Maatsen,0.5272274593412218,0.0,18
49,Tyrone Mings,0.31964542963382847,0.0,18
50,Kosta Nedeljković,-0.06024830269634762,1.0,18
52,Pau Torres,2.2777497854221664,1.0,18
56,Lino da Cruz Sousa,-0.00787639705935117,0.0,18
59,Max Aarons,0.14115793444629876,6.0,18
68,James Hill,1.4609495585472594,0.0,18
70,Milos Kerkez,2.351068095739123,6.0,18
72,Chris Mepham,0.18523296971552128,0.0,18
79,Marcos Senesi,0.458269354277979,0.0,18
81,Adam Smith,1.4546817950677298,0.0,18
85,Illia Zabarnyi,2.2319989036484387,6.0,18
86,Kristoffer Ajer,1.2758868717266436,0.0,18
88,Nathan Collins,2.3120096326919146,6.0,18
92,Rico Henry,0.1369214277345261,0.0,18
93,Aaron Hickey,0.13704353941263392,0.0,18
96,Kim Ji-soo,-0.058505757739903075,1.0,18
100,Ben Mee,1.0450960658603554,5.0,18
104,Ethan Pinnock,1.2187776530840306,0.0,18
105,Mads Roerslev Rasmussen,1.0264059673272792,6.0,18
112,Mathias Jorgensen,0.23345398309349896,0.0,18
116,Valentín Barco,-0.04068588071827328,0.0,18
120,Lewis Dunk,2.2583418280238856,6.0,18
122,Pervis Estupiñán,2.7577171072538746,6.0,18
128,Igor Julio dos Santos de Paulo,0.2889770121826345,0.0,18
131,Tariq Lamptey,1.1544573040122525,0.0,18
139,Odeluga Offiah,-0.007830630302811947,0.0,18
144,Jan Paul van Hecke,2.364031453023543,6.0,18
145,Joël Veltman,0.9050517419959236,6.0,18
147,Adam Webster,0.13794687750143986,0.0,18
153,Benoît Badiashile,0.4362443166818064,0.0,18
159,Trevoh Chalobah,1.2496545823197671,6.0,18
160,Ben Chilwell,0.32610530607850663,0.0,18
162,Levi Colwill,2.046575109400937,4.0,18
163,Marc Cucurella Saseta,1.5896042837729754,1.0,18
167,Axel Disasi,1.0124246500128642,0.0,18
170,Alfie Gilchrist,-0.007721494191065048,0.0,18
171,Malo Gusto,2.227013071340778,1.0,18
172,Reece James,0.3902725897048276,0.0,18
176,Malang Sarr,0.23348918829083587,0.0,18
187,Tosin Adarabioyo,1.665454145713447,1.0,18
189,Wesley Fofana,0.27989038810255806,0.0,18
191,Joachim Andersen,0.11791931254091903,1.0,18
194,Chris Richards,1.2260175607923323,0.0,18
195,Chadi Riad Dnanou,0.13700427542705818,0.0,18
196,Nathaniel Clyne,1.1101058390526628,0.0,18
200,Marc Guéhi,2.0073968271757874,5.0,18
202,Rob Holding,0.13687826485208454,0.0,18
210,Tyrick Mitchell,2.658008503995992,6.0,18
211,Daniel Muñoz,1.3888483420179725,6.0,18
215,Joel Ward,0.13683143793819852,0.0,18
219,Jarrad Branthwaite,2.095099247827587,1.0,18
221,Séamus Coleman,0.3213096686391488,1.0,18
225,Mason Holgate,-0.008717934492827872,0.0,18
228,Michael Keane,-0.02609787496822591,0.0,18
231,Vitalii Mykolenko,1.9417387649406983,1.0,18
234,Nathan Patterson,0.2759781010190956,1.0,18
236,James Tarkowski,2.1281128448778333,2.0,18
238,Ashley Young,1.6222098450665783,0.0,18
241,Calvin Bassey,1.6447991749006938,2.0,18
244,Timothy Castagne,1.5638374819787746,5.0,18
245,Issa Diop,1.949875488754981,2.0,18
250,Kevin Mbabu,-0.008515371391031756,0.0,18
253,Tim Ream,0.2334874280309691,0.0,18
255,Antonee Robinson,2.7697000094258364,1.0,18
257,Kenny Tete,0.9585125391578506,0.0,18
261,Elkan Baggott,-0.007575392622113597,0.0,18
263,Cameron Burgess,1.8750592163751847,0.0,18
266,Harry Clarke,1.6054180419190054,1.0,18
267,Leif Davis,2.353607561531092,1.0,18
269,George Edmundson,-0.00784790749292874,0.0,18
270,Jacob Greaves,0.04269484842928506,2.0,18
275,Ben Johnson,0.3535569048517395,2.0,18
279,Corrie Ndaba,-0.007513783526772677,0.0,18
282,Axel Tuanzebe,0.049256511232449895,0.0,18
284,Luke Woolfenden,-0.012987854157735512,2.0,18
288,Conor Coady,2.0952066656728583,1.0,18
291,Wout Faes,0.624032199184704,0.0,18
295,James Justin,1.779060155775011,1.0,18
296,Victor Kristiansen,2.270709306335821,1.0,18
301,Caleb Okoli,0.22999148614145248,1.0,18
302,Ricardo Barbosa Pereira,0.04908537125040269,0.0,18
303,Harry Souttar,-0.007543707944509315,0.0,18
305,Luke Thomas,-0.004656589982854342,0.0,18
307,Jannik Vestergaard,1.2849745924703129,0.0,18
311,Trent Alexander-Arnold,4.07749269004168,2.0,18
313,Conor Bradley,0.3656711598928659,0.0,18
322,Joe Gomez,2.1351485162684156,1.0,18
326,Ibrahima Konaté,0.49353051297204686,0.0,18
332,Nathaniel Phillips,-0.007821829003477276,0.0,18
333,Jarell Quansah,0.22499755453691694,0.0,18
334,Rhys Williams,-0.007791904585740639,0.0,18
335,Andrew Robertson,2.4402919812035364,1.0,18
337,Konstantinos Tsimikas,0.2911017624023806,1.0,18
338,Sepp van den Berg,0.9547198428321355,0.0,18
339,Virgil van Dijk,2.9428578438984196,2.0,18
340,Manuel Akanji,1.8860957633752786,2.0,18
341,Nathan Aké,0.8369582212210815,2.0,18
350,Joško Gvardiol,2.544621421818647,2.0,18
353,João Cavaco Cancelo,0.61876442255193,0.0,18
355,Rico Lewis,1.5381121803279258,2.0,18
361,Rúben Gato Alves Dias,1.5880957459563803,0.0,18
362,John Stones,1.2650955699233073,0.0,18
363,Kyle Walker,1.8834374403097423,0.0,18
369,Diogo Dalot Teixeira,2.5895377235004116,1.0,18
371,Jonny Evans,0.21539817846401288,0.0,18
376,Victor Lindelöf,0.3836392000227793,0.0,18
377,Harry Maguire,2.3372155996769415,1.0,18
379,Tyrell Malacia,0.8262136496238481,0.0,18
380,Lisandro Martínez,2.2966092231295967,1.0,18
387,Luke Shaw,0.45840572062458484,0.0,18
388,Aaron Wan-Bissaka,2.3872884663075418,6.0,18
390,Alex Murphy,-0.013757086211191094,0.0,18
393,Sven Botman,0.18526560405589887,0.0,18
395,Dan Burn,2.0816168335523724,6.0,18
399,Lewis Hall,2.459546450618296,6.0,18
404,Lloyd Kelly,0.116835807088294,0.0,18
405,Emil Krafth,0.13670025819726295,0.0,18
407,Jamaal Lascelles,0.2334552883650698,0.0,18
408,Jamal Lewis,-0.008503049571963572,0.0,18
409,Tino Livramento,1.7059172052228977,0.0,18
415,Fabian Schär,2.701482506072029,6.0,18
416,Matt Targett,-0.009254117603356704,1.0,18
418,Kieran Trippier,1.3404696601895303,5.0,18
422,Ola Aina,2.722505239246992,6.0,18
425,Willy Boly,0.6795518061124284,0.0,18
436,Murillo Santiago Costa dos Santos,2.114835476052729,5.0,18
437,Neco Williams,1.9640728653405528,6.0,18
438,Omar Richards,0.23344694205403105,0.0,18
440,Andrew Omobamidele,0.08857684055706905,0.0,18
441,Jonathan Panzo,-0.007508502747171519,0.0,18
444,Harry Toffolo,1.5649474030785981,0.0,18
448,Joe Worrall,0.2334416612744299,0.0,18
455,Jan Bednarek,1.514156124197461,2.0,18
456,Armel Bella-Kotchap,-0.058826156157886444,0.0,18
457,James Bree,0.45097111611166696,1.0,18
460,Ronnie Edwards,-0.010452988431961074,0.0,18
461,Taylor Harwood-Bellis,1.8586637183368637,2.0,18
464,Juan Larios López,-0.00802717868488223,0.0,18
467,Ryan Manning,1.054708435051861,1.0,18
472,Jack Stephens,0.1305914039726872,0.0,18
474,Sugawara Yukinari,1.1896784197897308,2.0,18
475,Charlie Taylor,-0.07059831889391788,0.0,18
476,Kyle Walker-Peters,2.0485292169984284,2.0,18
477,Nathan Wood-Gordon,1.6740202800648696,1.0,18
478,Ashley Phillips,-0.008446721256222922,0.0,18
484,Ben Davies,0.37479849774943474,0.0,18
486,Radu Drăgușin,2.1250736679718187,1.0,18
487,Emerson Leite de Souza Junior,0.23348214725136884,0.0,18
495,Pedro Porro,2.3948887925038242,1.0,18
496,Sergio Reguilón,0.08794845857871181,0.0,18
498,Cristian Romero,0.4786946790923512,0.0,18
504,Djed Spence,1.7704269468601908,-1.0,18
505,Destiny Udogie,1.0523601284333353,2.0,18
506,Micky van de Ven,0.4134189013341478,0.0,18
516,Vladimír Coufal,1.014323274683032,1.0,18
517,Aaron Cresswell,0.5099739953790312,1.0,18
520,Emerson Palmieri dos Santos,1.5833286921997907,6.0,18
524,Max Kilman,2.5549382788574277,1.0,18
528,Konstantinos Mavropanos,1.688462093842439,6.0,18
529,Nayef Aguerd,0.18519952477805024,0.0,18
532,Kurt Zouma,0.18474009695279214,0.0,18
533,Rayan Aït-Nouri,1.1904402730201689,6.0,18
542,Craig Dawson,0.41485130063113385,1.0,18
543,Matt Doherty,1.9148405308841498,5.0,18
549,Hugo Bueno López,0.23347686647176857,0.0,18
552,Ki-Jana Hoever,-0.008147477078852106,0.0,18
558,Yerson Mosquera,-0.05893238611817608,0.0,18
559,Nélson Cabral Semedo,2.0716307334384023,6.0,18
561,Pedro Cardoso de Lima,-0.0587179882227975,0.0,18
564,Santiago Bueno,1.9519563842617744,6.0,18
567,Toti António Gomes,1.981307853333342,6.0,18
572,Leny Yoro,1.1570122730651313,1.0,18
573,Nikola Milenković,2.3893437178653176,6.0,18
574,Miodrag Pivaš,-0.00781478796401025,0.0,18
575,Caleb Wiley,-0.007608837559584636,0.0,18
578,Riccardo Calafiori,1.4903788876856243,0.0,18
579,Ryan Sessegnon,0.4562414693045138,1.0,18
580,Dean Huijsen,2.807766327707725,5.0,18
582,Jake O'Brien,0.2863994201579949,0.0,18
583,Conor Townsend,-0.010004668290132024,0.0,18
586,Jorge Cuenca Barreno,0.7848411902964383,0.0,18
591,Jean-Clair Todibo,0.7589696741040939,6.0,18
592,Julián Araujo Zúñiga,0.14399813603256462,0.0,18
593,Matthijs de Ligt,1.2667115653157044,0.0,18
594,Noussair Mazraoui,1.8368766937095486,1.0,18
598,Lamare Bogarde,0.0059051272629417895,0.0,18
616,Ben Nelson,-0.007585954181315024,0.0,18
626,Issa Kaboré,0.23347686647176857,0.0,18
627,Roman Dixon,-0.007421703367056054,0.0,18
628,Ferdi Kadioglu,0.24194993518232621,0.0,18
630,Dara O'Shea,2.050164826403657,2.0,18
637,Bastien Meupiyou,-0.008040417149587142,0.0,18
640,Sil Swinkels,-0.007936159853416669,0.0,18
643,Kaelan Casey,0.18783614895435008,0.0,18
649,Jayden Meghoma,0.008163064956132615,0.0,18
650,Maxence Lacroix,2.451520951301239,6.0,18
653,Felipe Rodrigues da Silva,1.5513430373069772,1.0,18
657,Maldini Kacurri,-0.008118676957808546,0.0,18
658,Ayden Heaven,-0.007899192173196568,0.0,18
662,Josh Nichols,-0.007799557463304296,0.0,18
663,Imari Samuels,-0.007865948217737895,0.0,18
664,Alfie Pond,-0.05918255497180702,0.0,18
666,Caleb Kporha,0.13272719272089972,0.0,18
670,Harry Amass,-0.0078022299227775704,0.0,18
672,Jahmai Simpson-Pusey,0.0060001279342678515,1.0,18
675,Josh Wilson-Esbrand,-0.007676997465944524,0.0,18
677,Ollie Scarles,0.25653022262075886,0.0,18
680,Max Kinsey,-0.007605655192614691,0.0,18
681,Ruairi McConville,-0.007660242927536309,0.0,18
684,Malachi Hardy,-0.007737798187207545,0.0,18
685,Jacob Slater,-0.00775122429583508,0.0,18
686,Ezra Mayers,-0.007727839574043216,0.0,18
690,Samuel Amissah,-0.007258800180443892,0.0,18
691,Godwill Kukonki,-0.007565186671709689,0.0,18
692,Amara Nallo,-0.007575951435937256,0.0,18
697,Josh Acheampong,-0.00740014866141081,0.0,18
699,Alfie Dorrington,0.0643280311326695,0.0,18
700,Maeson King,-0.00745480498170803,0.0,18
702,Archie Harris,-0.007504982227438006,0.0,18
703,Max Alleyne,-0.007504982227438006,0.0,18
705,Benjamin Arthur,-0.007504982227438006,0.0,18
3,Gabriel dos Santos Magalhães,3.1588673258095206,2.0,19
6,Jurriën Timber,2.9026201528710267,1.0,19
8,Jakub Kiwior,0.6136607253481419,0.0,19
18,William Saliba,3.36349903024899,2.0,19
21,Kieran Tierney,0.14220327102264818,0.0,19
22,Tomiyasu Takehiro,0.3731885758339182,0.0,19
24,Benjamin White,0.9774114865486272,0.0,19
25,Oleksandr Zinchenko,0.4528343221329951,1.0,19
26,Álex Moreno Lopera,0.29381375302637736,0.0,19
32,Matty Cash,1.7644498582651789,0.0,19
35,Diego Carlos Santos Silva,0.6689050737697588,1.0,19
36,Lucas Digne,2.584533479147499,1.0,19
40,Kortney Hause,-0.04511822080645622,0.0,19
43,Kaine Kesler-Hayden,0.0042182160499848464,0.0,19
44,Ezri Konsa Ngoyo,2.2108682326347555,1.0,19
45,Ian Maatsen,0.3991421518822955,1.0,19
49,Tyrone Mings,0.26312776656650616,1.0,19
50,Kosta Nedeljković,0.18275293727245412,0.0,19
52,Pau Torres,2.209287350205898,1.0,19
56,Lino da Cruz Sousa,0.00394713939029856,0.0,19
59,Max Aarons,0.8691216503778545,1.0,19
68,James Hill,0.6759315921714402,4.0,19
70,Milos Kerkez,2.696164973168644,1.0,19
72,Chris Mepham,0.18844712778362904,0.0,19
79,Marcos Senesi,0.3802636434544642,0.0,19
81,Adam Smith,0.8538462098642885,0.0,19
85,Illia Zabarnyi,2.5764861790078246,1.0,19
86,Kristoffer Ajer,0.7655846750228914,0.0,19
88,Nathan Collins,2.4125432026626648,1.0,19
92,Rico Henry,0.142318195349441,0.0,19
93,Aaron Hickey,0.14241662462633364,0.0,19
96,Kim Ji-soo,0.11617761015725936,1.0,19
100,Ben Mee,1.4110583257253966,0.0,19
104,Ethan Pinnock,0.7505174662683469,0.0,19
105,Mads Roerslev Rasmussen,1.7100354744256103,1.0,19
112,Mathias Jorgensen,0.23456075103610097,0.0,19
116,Valentín Barco,-0.031999900453300256,0.0,19
120,Lewis Dunk,2.278650226601048,1.0,19
122,Pervis Estupiñán,2.60264907865046,0.0,19
128,Igor Julio dos Santos de Paulo,0.030728541408322485,0.0,19
131,Tariq Lamptey,0.6845971143998959,7.0,19
139,Odeluga Offiah,0.0039414524673677676,0.0,19
144,Jan Paul van Hecke,2.4573283380884554,1.0,19
145,Joël Veltman,1.6429416282037081,0.0,19
147,Adam Webster,0.14594497025684117,0.0,19
153,Benoît Badiashile,0.29413359923571036,0.0,19
159,Trevoh Chalobah,1.85171374115873,8.0,19
160,Ben Chilwell,0.32334163418713935,0.0,19
162,Levi Colwill,2.3694440408239927,0.0,19
163,Marc Cucurella Saseta,2.3292245472584483,1.0,19
167,Axel Disasi,0.6451831729518744,1.0,19
170,Alfie Gilchrist,0.00405898220793155,0.0,19
171,Malo Gusto,2.482407625523212,0.0,19
172,Reece James,0.3800543918785859,0.0,19
176,Malang Sarr,0.23458918565075404,0.0,19
187,Tosin Adarabioyo,1.975443136368388,1.0,19
189,Wesley Fofana,0.2433307052074447,0.0,19
191,Joachim Andersen,1.058068256428883,0.0,19
194,Chris Richards,0.7138166947697666,2.0,19
195,Chadi Riad Dnanou,0.14225327584295488,0.0,19
196,Nathaniel Clyne,0.5663629490668205,0.0,19
200,Marc Guéhi,1.9111150080500634,0.0,19
202,Rob Holding,0.14211348906418841,0.0,19
210,Tyrick Mitchell,2.633546824577607,2.0,19
211,Daniel Muñoz,2.2919449995549996,2.0,19
215,Joel Ward,0.14197643505748747,0.0,19
219,Jarrad Branthwaite,2.3444362107427246,0.0,19
221,Séamus Coleman,1.1874378257547686,0.0,19
225,Mason Holgate,0.003022919999541962,0.0,19
228,Michael Keane,-0.06066175343887892,0.0,19
231,Vitalii Mykolenko,2.0941518815715376,1.0,19
234,Nathan Patterson,0.475132490390231,1.0,19
236,James Tarkowski,2.4457391958764525,0.0,19
238,Ashley Young,1.109032894086524,1.0,19
241,Calvin Bassey,2.1519453520332696,1.0,19
244,Timothy Castagne,2.035581450052014,1.0,19
245,Issa Diop,2.198380983442137,1.0,19
250,Kevin Mbabu,0.0033291604318517187,0.0,19
253,Tim Ream,0.2345797074458691,0.0,19
255,Antonee Robinson,2.9439113233806324,4.0,19
257,Kenny Tete,0.5772101738527926,0.0,19
261,Elkan Baggott,0.0041765119484944435,0.0,19
263,Cameron Burgess,0.9919172178494833,0.0,19
266,Harry Clarke,0.924723850950004,0.0,19
267,Leif Davis,2.2198828607619916,5.0,19
269,George Edmundson,0.0039492057124626,0.0,19
270,Jacob Greaves,1.112370822427879,6.0,19
275,Ben Johnson,1.0411471424993248,1.0,19
279,Corrie Ndaba,0.004248546305614553,0.0,19
282,Axel Tuanzebe,-0.009533971319415357,0.0,19
284,Luke Woolfenden,1.038286387630901,6.0,19
288,Conor Coady,2.067606918370986,1.0,19
291,Wout Faes,0.1691601897755488,0.0,19
295,James Justin,2.027463436866782,2.0,19
296,Victor Kristiansen,2.3570111369047506,1.0,19
301,Caleb Okoli,0.20341102789637056,1.0,19
302,Ricardo Barbosa Pereira,0.05522424132654269,0.0,19
303,Harry Souttar,0.004225798613892273,0.0,19
305,Luke Thomas,-0.020123517127113466,0.0,19
307,Jannik Vestergaard,1.6013266592349567,1.0,19
311,Trent Alexander-Arnold,4.053169751754762,12.0,19
313,Conor Bradley,0.3453053357603837,0.0,19
322,Joe Gomez,2.374216684173277,1.0,19
326,Ibrahima Konaté,0.49141685631293797,0.0,19
332,Nathaniel Phillips,0.003966095800066682,0.0,19
333,Jarell Quansah,0.09787525545352604,1.0,19
334,Rhys Williams,0.004013486824486989,0.0,19
335,Andrew Robertson,2.711677358006453,6.0,19
337,Konstantinos Tsimikas,1.391241090374379,1.0,19
338,Sepp van den Berg,0.5106085493649886,1.0,19
339,Virgil van Dijk,2.9760455303498468,6.0,19
340,Manuel Akanji,2.3125292072193098,6.0,19
341,Nathan Aké,1.719019718471941,6.0,19
350,Joško Gvardiol,3.0036350077665546,6.0,19
353,João Cavaco Cancelo,0.6028745057891518,0.0,19
355,Rico Lewis,1.9911472338403833,6.0,19
361,Rúben Gato Alves Dias,1.1670602821459255,0.0,19
362,John Stones,0.880750752181962,0.0,19
363,Kyle Walker,1.2160135514924608,1.0,19
369,Diogo Dalot Teixeira,2.5945396643167307,1.0,19
371,Jonny Evans,0.2044584895829784,0.0,19
376,Victor Lindelöf,0.32313428011254697,0.0,19
377,Harry Maguire,2.573229859532585,1.0,19
379,Tyrell Malacia,0.49968720498534225,0.0,19
380,Lisandro Martínez,2.3179890829994356,0.0,19
387,Luke Shaw,0.43689468342046744,0.0,19
388,Aaron Wan-Bissaka,2.6396986782227607,0.0,19
390,Alex Murphy,-0.002157856253988122,0.0,19
393,Sven Botman,0.18847407384128978,0.0,19
395,Dan Burn,2.373768849932855,6.0,19
399,Lewis Hall,2.918167629758152,9.0,19
404,Lloyd Kelly,0.11521418812907136,0.0,19
405,Emil Krafth,0.14242371478886984,0.0,19
407,Jamaal Lascelles,0.2345527843284545,0.0,19
408,Jamal Lewis,0.0033253691498984495,0.0,19
409,Tino Livramento,1.0060886099623252,1.0,19
415,Fabian Schär,2.8846169620704654,5.0,19
416,Matt Targett,0.1958533366505648,0.0,19
418,Kieran Trippier,1.776504373352605,1.0,19
422,Ola Aina,2.8595891055679807,6.0,19
425,Willy Boly,0.4844961451865455,0.0,19
436,Murillo Santiago Costa dos Santos,2.3538767137912515,0.0,19
437,Neco Williams,2.2054946293247895,6.0,19
438,Omar Richards,0.23453042078047215,0.0,19
440,Andrew Omobamidele,0.09619104580181226,0.0,19
441,Jonathan Panzo,0.004259920151475249,0.0,19
444,Harry Toffolo,0.8985020344880468,1.0,19
448,Joe Worrall,0.2345398989853562,0.0,19
455,Jan Bednarek,1.947992889703988,0.0,19
456,Armel Bella-Kotchap,-0.044857584467144385,0.0,19
457,James Bree,0.6912549542579489,1.0,19
460,Ronnie Edwards,-0.017780488695699148,0.0,19
461,Taylor Harwood-Bellis,2.1621493195233707,0.0,19
464,Juan Larios López,0.003912201547268346,0.0,19
467,Ryan Manning,1.9519230736328943,1.0,19
472,Jack Stephens,0.05411187472831358,0.0,19
474,Sugawara Yukinari,1.601143881108305,0.0,19
475,Charlie Taylor,-0.07676485946505984,0.0,19
476,Kyle Walker-Peters,2.708778001584548,1.0,19
477,Nathan Wood-Gordon,1.8615194791690044,1.0,19
478,Ashley Phillips,0.0034485858133921354,0.0,19
484,Ben Davies,0.23631118270121299,0.0,19
486,Radu Drăgușin,2.094020012274374,1.0,19
487,Emerson Leite de Souza Junior,0.2345816030868466,0.0,19
495,Pedro Porro,1.6954134681662572,4.0,19
496,Sergio Reguilón,0.09557017740607598,1.0,19
498,Cristian Romero,0.4189900415704795,0.0,19
504,Djed Spence,2.198633881163385,0.0,19
505,Destiny Udogie,1.6666319254031858,1.0,19
506,Micky van de Ven,0.3216940813895839,0.0,19
516,Vladimír Coufal,0.5798818374781245,0.0,19
517,Aaron Cresswell,0.9450962420802016,0.0,19
520,Emerson Palmieri dos Santos,1.9208393528026573,0.0,19
524,Max Kilman,1.5774091386932527,0.0,19
528,Konstantinos Mavropanos,2.021355267442555,0.0,19
529,Nayef Aguerd,0.1884452321426533,0.0,19
532,Kurt Zouma,0.18805662574240323,0.0,19
533,Rayan Aït-Nouri,1.9026032016854373,7.0,19
542,Craig Dawson,0.3341922304120484,1.0,19
543,Matt Doherty,2.1957568455442757,1.0,19
549,Hugo Bueno López,0.23457212488196255,0.0,19
552,Ki-Jana Hoever,0.0035376809393028452,0.0,19
558,Yerson Mosquera,-0.0444505727421145,0.0,19
559,Nélson Cabral Semedo,2.415794194662297,0.0,19
561,Pedro Cardoso de Lima,-0.04685336779322302,0.0,19
564,Santiago Bueno,2.144563320596685,1.0,19
567,Toti António Gomes,2.2481953735320346,0.0,19
572,Leny Yoro,1.2355969552855086,1.0,19
573,Nikola Milenković,2.7003132461476316,6.0,19
574,Miodrag Pivaš,0.00398694785081144,0.0,19
575,Caleb Wiley,0.004159451179702955,0.0,19
578,Riccardo Calafiori,1.1687152686573068,1.0,19
579,Ryan Sessegnon,-0.003255499371276116,0.0,19
580,Dean Huijsen,2.3863100839402698,1.0,19
582,Jake O'Brien,0.28275255094061436,0.0,19
583,Conor Townsend,0.0021413380940362714,0.0,19
586,Jorge Cuenca Barreno,0.5639631156420695,0.0,19
591,Jean-Clair Todibo,1.327985052133025,0.0,19
592,Julián Araujo Zúñiga,0.1459956589563518,0.0,19
593,Matthijs de Ligt,0.881913861200017,1.0,19
594,Noussair Mazraoui,1.9485375953148845,1.0,19
598,Lamare Bogarde,0.010201127421239242,0.0,19
616,Ben Nelson,0.004212529127054054,0.0,19
626,Issa Kaboré,0.2345816030868466,0.0,19
627,Roman Dixon,0.0027620100220868693,0.0,19
628,Ferdi Kadioglu,0.2403673221336451,0.0,19
630,Dara O'Shea,2.1297627353421618,5.0,19
637,Bastien Meupiyou,0.00370294405182392,0.0,19
640,Sil Swinkels,0.0038436620050568138,0.0,19
643,Kaelan Casey,0.12092887176677625,0.0,19
649,Jayden Meghoma,0.009726486510210464,0.0,19
650,Maxence Lacroix,2.4347405692741333,2.0,19
653,Felipe Rodrigues da Silva,1.2057190110144251,6.0,19
657,Maldini Kacurri,0.0038697520985433442,0.0,19
658,Ayden Heaven,0.003980523939887348,0.0,19
662,Josh Nichols,0.0040564456148954875,0.0,19
663,Imari Samuels,0.00397318146581771,0.0,19
664,Alfie Pond,-0.04696756090064458,0.0,19
666,Caleb Kporha,0.0858509695101537,0.0,19
670,Harry Amass,0.004017716489912004,0.0,19
672,Jahmai Simpson-Pusey,0.08434508338659974,0.0,19
675,Josh Wilson-Esbrand,0.004043984074264095,0.0,19
677,Ollie Scarles,0.11603084996005286,0.0,19
680,Max Kinsey,0.003932483604167203,0.0,19
681,Ruairi McConville,0.004142421710398025,0.0,19
684,Malachi Hardy,0.004061796412053731,0.0,19
685,Jacob Slater,0.004155171358833698,0.0,19
686,Ezra Mayers,0.004110003741921275,0.0,19
690,Samuel Amissah,0.003270489460028614,0.0,19
691,Godwill Kukonki,0.004192236573437036,0.0,19
692,Amara Nallo,0.004184981776061747,0.0,19
697,Josh Acheampong,0.0041462192141148435,0.0,19
699,Alfie Dorrington,0.044215892629615894,0.0,19
700,Maeson King,0.0041972261671006095,0.0,19
702,Archie Harris,0.004373840185236233,0.0,19
703,Max Alleyne,0.004288530119516132,0.0,19
705,Benjamin Arthur,0.0043368960842906645,0.0,19
706,Zach Abbott,0.004259920151475249,0.0,19
708,Thomas Wilson-Brown,0.004259920151475249,0.0,19
3,Gabriel dos Santos Magalhães,3.3367932405349023,2.0,20
6,Jurriën Timber,2.4776323348477156,0.0,20
8,Jakub Kiwior,0.5078384602796682,0.0,20
18,William Saliba,3.1671613819116686,2.0,20
21,Kieran Tierney,0.14257074582104234,0.0,20
22,Tomiyasu Takehiro,0.3867095673124794,0.0,20
24,Benjamin White,1.0174551773738516,0.0,20
25,Oleksandr Zinchenko,0.48978918796838045,0.0,20
26,Álex Moreno Lopera,0.18669488121863953,0.0,20
32,Matty Cash,0.9443005321061424,2.0,20
35,Diego Carlos Santos Silva,1.4820406454936732,0.0,20
36,Lucas Digne,2.5107806190062583,2.0,20
40,Kortney Hause,-0.0540494969491121,0.0,20
43,Kaine Kesler-Hayden,-0.0033779696557090233,0.0,20
44,Ezri Konsa Ngoyo,2.261446405179674,2.0,20
45,Ian Maatsen,0.4014085062653461,4.0,20
49,Tyrone Mings,0.9978523803350257,2.0,20
50,Kosta Nedeljković,0.048324801971574516,0.0,20
52,Pau Torres,1.3378234986587625,0.0,20
56,Lino da Cruz Sousa,-0.0036642492564711304,0.0,20
59,Max Aarons,0.7295589649332124,0.0,20
68,James Hill,2.113418063729039,6.0,20
70,Milos Kerkez,2.479357363757668,9.0,20
72,Chris Mepham,0.19149141823735683,0.0,20
79,Marcos Senesi,0.3625605985927951,0.0,20
81,Adam Smith,0.5635434651019064,0.0,20
85,Illia Zabarnyi,2.380643621245323,6.0,20
86,Kristoffer Ajer,0.5547031589327531,0.0,20
88,Nathan Collins,2.4071806579451334,6.0,20
92,Rico Henry,0.14269101423071184,0.0,20
93,Aaron Hickey,0.14276026696457933,0.0,20
96,Kim Ji-soo,0.20090378382847263,0.0,20
100,Ben Mee,0.7257599873173799,0.0,20
104,Ethan Pinnock,0.48731417963944246,0.0,20
105,Mads Roerslev Rasmussen,1.952868182271911,6.0,20
112,Mathias Jorgensen,0.24022723486228692,0.0,20
116,Valentín Barco,-0.017900656757588784,0.0,20
120,Lewis Dunk,2.207610079760361,0.0,20
122,Pervis Estupiñán,1.5182880432143557,2.0,20
128,Igor Julio dos Santos de Paulo,0.8670446654901118,2.0,20
131,Tariq Lamptey,1.652982872267101,0.0,20
139,Odeluga Offiah,-0.00354604348583365,0.0,20
144,Jan Paul van Hecke,2.3610555200223615,2.0,20
145,Joël Veltman,0.9082553966582321,1.0,20
147,Adam Webster,0.14444631699387322,1.0,20
153,Benoît Badiashile,0.2157980712346923,0.0,20
159,Trevoh Chalobah,2.2959580180368313,0.0,20
160,Ben Chilwell,0.33423240234136653,0.0,20
162,Levi Colwill,2.317384381524654,1.0,20
163,Marc Cucurella Saseta,2.4804977258216176,2.0,20
167,Axel Disasi,1.3145018042072536,0.0,20
170,Alfie Gilchrist,-0.003461083088188488,0.0,20
171,Malo Gusto,1.4562462156429907,2.0,20
172,Reece James,0.3909760179585282,0.0,20
176,Malang Sarr,0.24025493933977948,0.0,20
187,Tosin Adarabioyo,2.016849091746794,0.0,20
189,Wesley Fofana,0.21781480874616754,0.0,20
191,Joachim Andersen,1.4597773312482172,1.0,20
194,Chris Richards,1.4645125567321067,2.0,20
195,Chadi Riad Dnanou,0.14278732270031824,0.0,20
196,Nathaniel Clyne,0.3422298615561825,0.0,20
200,Marc Guéhi,1.0396369925105837,2.0,20
202,Rob Holding,0.14249461417570153,0.0,20
210,Tyrick Mitchell,2.8107897041755017,2.0,20
211,Daniel Muñoz,2.454808089251335,2.0,20
215,Joel Ward,0.1424827188803679,0.0,20
219,Jarrad Branthwaite,2.3057842861216287,1.0,20
221,Séamus Coleman,0.6427749752261214,0.0,20
225,Mason Holgate,-0.004304730025576298,0.0,20
228,Michael Keane,-0.08985315573112729,0.0,20
231,Vitalii Mykolenko,2.360609010960694,2.0,20
234,Nathan Patterson,1.0273503159245436,1.0,20
236,James Tarkowski,2.3438089706803424,2.0,20
238,Ashley Young,1.530475107325941,2.0,20
241,Calvin Bassey,2.1634926818273676,1.0,20
244,Timothy Castagne,2.3231538072907014,1.0,20
245,Issa Diop,2.1928762037116876,1.0,20
250,Kevin Mbabu,-0.004109367861526714,0.0,20
253,Tim Ream,0.24024755147911492,0.0,20
255,Antonee Robinson,3.206451214910807,1.0,20
257,Kenny Tete,0.4067305020306371,0.0,20
261,Elkan Baggott,-0.0034019802028701918,0.0,20
263,Cameron Burgess,0.467238745863817,0.0,20
266,Harry Clarke,0.4912862636039277,0.0,20
267,Leif Davis,2.1244799115743795,0.0,20
269,George Edmundson,-0.003667859958089714,0.0,20
270,Jacob Greaves,1.5011317792472383,1.0,20
275,Ben Johnson,0.6290779901050403,1.0,20
279,Corrie Ndaba,-0.0033595000040467227,0.0,20
282,Axel Tuanzebe,-0.052549426941043365,0.0,20
284,Luke Woolfenden,1.5176803167794244,1.0,20
288,Conor Coady,2.0830960758336925,1.0,20
291,Wout Faes,-0.06583821587815031,1.0,20
295,James Justin,2.0436342633219553,1.0,20
296,Victor Kristiansen,2.423083372320928,0.0,20
301,Caleb Okoli,0.47883302450555654,1.0,20
302,Ricardo Barbosa Pereira,0.04760209740508792,0.0,20
303,Harry Souttar,-0.003376122690543326,0.0,20
305,Luke Thomas,-0.05072816411023062,1.0,20
307,Jannik Vestergaard,1.9044138043748013,2.0,20
311,Trent Alexander-Arnold,4.210929032404636,0.0,20
313,Conor Bradley,0.3461187397347265,1.0,20
322,Joe Gomez,1.5016949010206213,0.0,20
326,Ibrahima Konaté,0.5016918210411969,1.0,20
332,Nathaniel Phillips,-0.0036217690576485495,0.0,20
333,Jarell Quansah,0.6826725724248117,0.0,20
334,Rhys Williams,-0.0035663601026625358,0.0,20
335,Andrew Robertson,2.633122684128896,1.0,20
337,Konstantinos Tsimikas,0.8459701443825569,0.0,20
338,Sepp van den Berg,1.1635291546206856,9.0,20
339,Virgil van Dijk,3.0635875227178317,1.0,20
340,Manuel Akanji,2.451491549407873,2.0,20
341,Nathan Aké,1.9004951524170526,6.0,20
350,Joško Gvardiol,2.951380558364516,2.0,20
353,João Cavaco Cancelo,0.629757303584638,0.0,20
355,Rico Lewis,2.150870758888841,2.0,20
361,Rúben Gato Alves Dias,0.9491596175233505,0.0,20
362,John Stones,0.7742236203088968,0.0,20
363,Kyle Walker,1.1157288000051055,0.0,20
369,Diogo Dalot Teixeira,2.5053943859921333,0.0,20
371,Jonny Evans,0.19969994681718184,0.0,20
376,Victor Lindelöf,0.2902109522726253,0.0,20
377,Harry Maguire,2.6996659205443336,0.0,20
379,Tyrell Malacia,0.34407215504933486,0.0,20
380,Lisandro Martínez,1.9399340586514757,7.0,20
387,Luke Shaw,0.4439379523721261,0.0,20
388,Aaron Wan-Bissaka,2.436208964884674,0.0,20
390,Alex Murphy,-0.009600019930471326,0.0,20
393,Sven Botman,0.1916098313273844,1.0,20
395,Dan Burn,2.2925901544182583,1.0,20
399,Lewis Hall,3.0991638366804057,2.0,20
404,Lloyd Kelly,0.1028867937394562,1.0,20
405,Emil Krafth,0.14260322751828802,0.0,20
407,Jamaal Lascelles,0.24021623203003095,0.0,20
408,Jamal Lewis,-0.004196175224338461,0.0,20
409,Tino Livramento,1.025795806338234,2.0,20
415,Fabian Schär,2.544812310253109,0.0,20
416,Matt Targett,0.1474089359538926,0.0,20
418,Kieran Trippier,2.0302367665802983,0.0,20
422,Ola Aina,2.998647335186128,6.0,20
425,Willy Boly,0.544324836705818,0.0,20
436,Murillo Santiago Costa dos Santos,1.250954394721397,6.0,20
437,Neco Williams,2.244190831044106,6.0,20
438,Omar Richards,0.24022169396678805,0.0,20
440,Andrew Omobamidele,0.09384922552508534,0.0,20
441,Jonathan Panzo,-0.00335580607371444,0.0,20
444,Harry Toffolo,1.4946707327640265,0.0,20
448,Joe Worrall,0.24020691824545803,0.0,20
455,Jan Bednarek,1.9796407341674946,0.0,20
456,Armel Bella-Kotchap,-0.05570721889543595,0.0,20
457,James Bree,1.663453926298141,1.0,20
460,Ronnie Edwards,-0.038242908176003176,0.0,20
461,Taylor Harwood-Bellis,2.025718534170613,-1.0,20
464,Juan Larios López,-0.0037222058827577342,0.0,20
467,Ryan Manning,1.116036134139648,0.0,20
472,Jack Stephens,0.038773153819870565,0.0,20
474,Sugawara Yukinari,0.8199154159122513,-1.0,20
475,Charlie Taylor,-0.08099354795776303,-1.0,20
476,Kyle Walker-Peters,2.275229067198268,-1.0,20
477,Nathan Wood-Gordon,1.9344537727250222,1.0,20
478,Ashley Phillips,-0.003991162090889233,0.0,20
484,Ben Davies,0.19322535448218403,0.0,20
486,Radu Drăgușin,2.127554045432589,0.0,20
487,Emerson Leite de Souza Junior,0.24024201058361605,0.0,20
495,Pedro Porro,2.3989208855741957,4.0,20
496,Sergio Reguilón,0.6287889581282631,0.0,20
498,Cristian Romero,0.4142341377244847,0.0,20
504,Djed Spence,1.135683865021245,1.0,20
505,Destiny Udogie,1.618297877633676,0.0,20
506,Micky van de Ven,0.26551163014159407,0.0,20
516,Vladimír Coufal,0.785341417045279,-2.0,20
517,Aaron Cresswell,0.6960453110446476,0.0,20
520,Emerson Palmieri dos Santos,2.04135850481393,0.0,20
524,Max Kilman,1.9196307207321937,0.0,20
528,Konstantinos Mavropanos,2.1221333343464828,0.0,20
529,Nayef Aguerd,0.1914397032127031,0.0,20
532,Kurt Zouma,0.1911109434131184,0.0,20
533,Rayan Aït-Nouri,2.616112307043128,1.0,20
542,Craig Dawson,1.0945534218666086,0.0,20
543,Matt Doherty,2.3089830007895706,1.0,20
549,Hugo Bueno López,0.24024939844428062,0.0,20
552,Ki-Jana Hoever,-0.003991162090889233,0.0,20
558,Yerson Mosquera,-0.05685199860603518,0.0,20
559,Nélson Cabral Semedo,2.213396570849394,0.0,20
561,Pedro Cardoso de Lima,-0.05664187652606145,0.0,20
564,Santiago Bueno,2.1530020682479183,1.0,20
567,Toti António Gomes,1.1820731894138934,0.0,20
572,Leny Yoro,1.051818729504788,1.0,20
573,Nikola Milenković,2.6057665749678947,6.0,20
574,Miodrag Pivaš,-0.0035922176149894014,0.0,20
575,Caleb Wiley,-0.0034075210983681714,0.0,20
578,Riccardo Calafiori,2.007012612293309,1.0,20
579,Ryan Sessegnon,-0.004535269828775057,0.0,20
580,Dean Huijsen,2.574577709757367,6.0,20
582,Jake O'Brien,0.28975678295273966,0.0,20
583,Conor Townsend,-0.048524305439070936,0.0,20
586,Jorge Cuenca Barreno,0.39282948920867966,0.0,20
591,Jean-Clair Todibo,1.189886014001602,0.0,20
592,Julián Araujo Zúñiga,0.14504975550670807,0.0,20
593,Matthijs de Ligt,1.6110093864994308,0.0,20
594,Noussair Mazraoui,1.887728529591449,1.0,20
598,Lamare Bogarde,-0.0020068687203167457,0.0,20
616,Ben Nelson,-0.0034167559241993217,0.0,20
626,Issa Kaboré,0.24024570451394833,0.0,20
627,Roman Dixon,-0.003987779794067059,0.0,20
628,Ferdi Kadioglu,0.2409526655399663,0.0,20
630,Dara O'Shea,1.9282657201111313,0.0,20
637,Bastien Meupiyou,-0.004124376176453559,0.0,20
640,Sil Swinkels,-0.00376627925079287,0.0,20
643,Kaelan Casey,0.08680220244967529,0.0,20
649,Jayden Meghoma,-0.004057507419346074,0.0,20
650,Maxence Lacroix,2.4231489582517582,2.0,20
653,Felipe Rodrigues da Silva,1.776936566572978,1.0,20
657,Maldini Kacurri,-0.0038286023139963987,0.0,20
658,Ayden Heaven,-0.0037118247978948915,0.0,20
662,Josh Nichols,-0.0035769681412123333,0.0,20
663,Imari Samuels,-0.003682301554786882,0.0,20
664,Alfie Pond,-0.05756928605016931,0.0,20
666,Caleb Kporha,0.04010992806913283,0.0,20
670,Harry Amass,-0.003671112605497129,0.0,20
672,Jahmai Simpson-Pusey,0.030390659957892474,0.0,20
675,Josh Wilson-Esbrand,-0.0035502294456275507,0.0,20
677,Ollie Scarles,0.03397834571382674,0.0,20
680,Max Kinsey,-0.003654880430081775,0.0,20
681,Ruairi McConville,-0.0034450708692652654,0.0,20
684,Malachi Hardy,-0.003549291863269133,0.0,20
685,Jacob Slater,-0.0034589766871579997,0.0,20
686,Ezra Mayers,-0.003499547881803622,0.0,20
690,Samuel Amissah,-0.0036744794210443743,0.0,20
691,Godwill Kukonki,-0.003395264848789381,0.0,20
692,Amara Nallo,-0.0034516903448746916,0.0,20
697,Josh Acheampong,-0.0034268958502110536,2.0,20
699,Alfie Dorrington,0.017205034421599485,0.0,20
700,Maeson King,-0.003337557735829222,0.0,20
702,Archie Harris,-0.0032513495607702225,0.0,20
703,Max Alleyne,-0.0033444874064940677,0.0,20
705,Benjamin Arthur,-0.003214517415738527,0.0,20
706,Zach Abbott,-0.003044280785482023,0.0,20
708,Thomas Wilson-Brown,-0.003201972173460632,0.0,20
711,Wes Okoduwa,-0.003348418213049875,0.0,20
3,Gabriel dos Santos Magalhães,2.880000000000001,1.0,21
6,Jurriën Timber,2.1799999999999997,2.0,21
8,Jakub Kiwior,0.5800000000000001,0.0,21
18,William Saliba,2.460000000000001,2.0,21
21,Kieran Tierney,0.009999999999999787,1.0,21
22,Tomiyasu Takehiro,0.08000000000000007,0.0,21
24,Benjamin White,0.20999999999999996,0.0,21
25,Oleksandr Zinchenko,0.8600000000000003,1.0,21
26,Álex Moreno Lopera,0.25,1.0,21
32,Matty Cash,1.75,6.0,21
35,Diego Carlos Santos Silva,0.33999999999999986,0.0,21
36,Lucas Digne,1.87,6.0,21
40,Kortney Hause,0.0,0.0,21
43,Kaine Kesler-Hayden,0.0,0.0,21
44,Ezri Konsa Ngoyo,2.2699999999999996,6.0,21
45,Ian Maatsen,2.5600000000000005,0.0,21
49,Tyrone Mings,1.5300000000000002,6.0,21
50,Kosta Nedeljković,0.1299999999999999,0.0,21
52,Pau Torres,0.2699999999999996,0.0,21
56,Lino da Cruz Sousa,0.0,0.0,21
59,Max Aarons,0.8399999999999999,0.0,21
68,James Hill,3.9800000000000004,1.0,21
70,Milos Kerkez,2.49,1.0,21
72,Chris Mepham,0.0,0.0,21
79,Marcos Senesi,0.1200000000000001,0.0,21
81,Adam Smith,0.07000000000000028,0.0,21
85,Illia Zabarnyi,2.5999999999999996,1.0,21
86,Kristoffer Ajer,0.21999999999999975,0.0,21
88,Nathan Collins,3.039999999999999,1.0,21
92,Rico Henry,0.03000000000000025,1.0,21
93,Aaron Hickey,0.0,0.0,21
96,Kim Ji-soo,0.4400000000000004,0.0,21
100,Ben Mee,0.3200000000000003,0.0,21
104,Ethan Pinnock,0.04999999999999982,0.0,21
105,Mads Roerslev Rasmussen,2.2300000000000004,4.0,21
112,Mathias Jorgensen,0.0,0.0,21
116,Valentín Barco,0.0,0.0,21
120,Lewis Dunk,1.7199999999999998,1.0,21
122,Pervis Estupiñán,1.5999999999999996,6.0,21
128,Igor Julio dos Santos de Paulo,2.710000000000001,0.0,21
131,Tariq Lamptey,1.33,0.0,21
139,Odeluga Offiah,0.0,0.0,21
144,Jan Paul van Hecke,2.66,6.0,21
145,Joël Veltman,2.08,5.0,21
147,Adam Webster,0.9299999999999997,6.0,21
153,Benoît Badiashile,0.0,0.0,21
159,Trevoh Chalobah,2.2799999999999994,0.0,21
160,Ben Chilwell,0.0,0.0,21
162,Levi Colwill,1.9500000000000002,1.0,21
163,Marc Cucurella Saseta,2.17,1.0,21
167,Axel Disasi,0.9100000000000001,0.0,21
170,Alfie Gilchrist,0.0,0.0,21
171,Malo Gusto,1.83,0.0,21
172,Reece James,0.54,7.0,21
176,Malang Sarr,0.0,0.0,21
187,Tosin Adarabioyo,1.2199999999999998,1.0,21
189,Wesley Fofana,0.040000000000000036,0.0,21
191,Joachim Andersen,1.5899999999999999,1.0,21
194,Chris Richards,1.5099999999999998,6.0,21
195,Chadi Riad Dnanou,0.019999999999999574,0.0,21
196,Nathaniel Clyne,0.20999999999999996,1.0,21
200,Marc Guéhi,2.01,12.0,21
202,Rob Holding,0.1200000000000001,0.0,21
210,Tyrick Mitchell,2.1400000000000006,6.0,21
211,Daniel Muñoz,2.9499999999999993,6.0,21
215,Joel Ward,0.08999999999999986,0.0,21
219,Jarrad Branthwaite,1.9100000000000001,2.0,21
221,Séamus Coleman,0.08999999999999986,0.0,21
225,Mason Holgate,0.0,0.0,21
228,Michael Keane,0.28000000000000025,0.0,21
231,Vitalii Mykolenko,2.42,2.0,21
234,Nathan Patterson,1.0300000000000002,0.0,21
236,James Tarkowski,2.0500000000000007,2.0,21
238,Ashley Young,1.5199999999999996,2.0,21
241,Calvin Bassey,1.0899999999999999,1.0,21
244,Timothy Castagne,2.33,0.0,21
245,Issa Diop,0.8700000000000001,0.0,21
250,Kevin Mbabu,0.0,0.0,21
253,Tim Ream,0.0,0.0,21
255,Antonee Robinson,2.5700000000000003,7.0,21
257,Kenny Tete,0.1299999999999999,0.0,21
261,Elkan Baggott,0.0,0.0,21
263,Cameron Burgess,0.20000000000000018,0.0,21
266,Harry Clarke,0.20999999999999996,0.0,21
267,Leif Davis,1.5999999999999996,1.0,21
269,George Edmundson,0.0,0.0,21
270,Jacob Greaves,1.33,1.0,21
275,Ben Johnson,1.8899999999999997,0.0,21
279,Corrie Ndaba,0.0,0.0,21
282,Axel Tuanzebe,0.21999999999999975,0.0,21
284,Luke Woolfenden,1.0499999999999998,0.0,21
288,Conor Coady,1.29,0.0,21
291,Wout Faes,0.3099999999999996,1.0,21
295,James Justin,1.6500000000000004,1.0,21
296,Victor Kristiansen,1.5599999999999996,1.0,21
301,Caleb Okoli,1.58,0.0,21
302,Ricardo Barbosa Pereira,0.019999999999999574,0.0,21
303,Harry Souttar,0.0,0.0,21
305,Luke Thomas,1.29,0.0,21
307,Jannik Vestergaard,0.9699999999999998,1.0,21
311,Trent Alexander-Arnold,3.0700000000000003,2.0,21
313,Conor Bradley,1.2800000000000002,0.0,21
322,Joe Gomez,0.16000000000000014,0.0,21
326,Ibrahima Konaté,2.76,2.0,21
332,Nathaniel Phillips,0.0,0.0,21
333,Jarell Quansah,0.5099999999999998,0.0,21
334,Rhys Williams,0.0,0.0,21
335,Andrew Robertson,2.83,2.0,21
337,Konstantinos Tsimikas,0.6799999999999997,4.0,21
338,Sepp van den Berg,1.9500000000000002,1.0,21
339,Virgil van Dijk,4.369999999999999,2.0,21
340,Manuel Akanji,1.4400000000000004,1.0,21
341,Nathan Aké,2.76,1.0,21
350,Joško Gvardiol,3.08,1.0,21
353,João Cavaco Cancelo,0.0,0.0,21
355,Rico Lewis,2.7699999999999996,0.0,21
361,Rúben Gato Alves Dias,0.41999999999999993,0.0,21
362,John Stones,0.11000000000000032,0.0,21
363,Kyle Walker,0.9100000000000001,0.0,21
369,Diogo Dalot Teixeira,2.17,0.0,21
371,Jonny Evans,0.09999999999999964,0.0,21
376,Victor Lindelöf,0.2699999999999996,0.0,21
377,Harry Maguire,2.630000000000001,1.0,21
379,Tyrell Malacia,0.3799999999999999,0.0,21
380,Lisandro Martínez,1.87,1.0,21
387,Luke Shaw,0.019999999999999574,0.0,21
388,Aaron Wan-Bissaka,2.26,3.0,21
390,Alex Murphy,0.0,0.0,21
393,Sven Botman,1.42,6.0,21
395,Dan Burn,3.67,6.0,21
399,Lewis Hall,3.17,6.0,21
404,Lloyd Kelly,0.16000000000000014,0.0,21
405,Emil Krafth,0.040000000000000036,0.0,21
407,Jamaal Lascelles,0.0,0.0,21
408,Jamal Lewis,0.0,0.0,21
409,Tino Livramento,2.6500000000000004,6.0,21
415,Fabian Schär,3.1400000000000006,0.0,21
416,Matt Targett,0.23000000000000043,0.0,21
418,Kieran Trippier,2.17,1.0,21
422,Ola Aina,3.66,2.0,21
425,Willy Boly,0.34999999999999964,0.0,21
436,Murillo Santiago Costa dos Santos,3.5199999999999996,2.0,21
437,Neco Williams,2.6799999999999997,2.0,21
438,Omar Richards,0.0,0.0,21
440,Andrew Omobamidele,0.040000000000000036,0.0,21
441,Jonathan Panzo,0.0,0.0,21
444,Harry Toffolo,0.79,0.0,21
448,Joe Worrall,0.0,0.0,21
455,Jan Bednarek,1.1600000000000001,2.0,21
456,Armel Bella-Kotchap,0.0,0.0,21
457,James Bree,1.96,1.0,21
460,Ronnie Edwards,0.05999999999999961,0.0,21
461,Taylor Harwood-Bellis,1.88,1.0,21
464,Juan Larios López,0.019999999999999574,0.0,21
467,Ryan Manning,0.11000000000000032,0.0,21
472,Jack Stephens,0.08999999999999986,0.0,21
474,Sugawara Yukinari,0.8300000000000001,1.0,21
475,Charlie Taylor,0.5599999999999996,0.0,21
476,Kyle Walker-Peters,1.42,1.0,21
477,Nathan Wood-Gordon,0.9000000000000004,0.0,21
478,Ashley Phillips,0.0,0.0,21
484,Ben Davies,0.009999999999999787,0.0,21
486,Radu Drăgușin,0.79,1.0,21
487,Emerson Leite de Souza Junior,0.0,0.0,21
495,Pedro Porro,2.7200000000000006,1.0,21
496,Sergio Reguilón,1.2800000000000002,0.0,21
498,Cristian Romero,0.16000000000000014,0.0,21
504,Djed Spence,1.04,1.0,21
505,Destiny Udogie,0.33000000000000007,0.0,21
506,Micky van de Ven,0.23000000000000043,0.0,21
516,Vladimír Coufal,1.8099999999999996,0.0,21
517,Aaron Cresswell,0.3600000000000003,1.0,21
520,Emerson Palmieri dos Santos,0.5199999999999996,1.0,21
524,Max Kilman,1.0599999999999996,1.0,21
528,Konstantinos Mavropanos,0.8499999999999996,1.0,21
529,Nayef Aguerd,0.0,0.0,21
532,Kurt Zouma,0.0,0.0,21
533,Rayan Aït-Nouri,1.9500000000000002,1.0,21
542,Craig Dawson,0.2999999999999998,0.0,21
543,Matt Doherty,2.17,0.0,21
549,Hugo Bueno López,0.0,0.0,21
552,Ki-Jana Hoever,0.0,0.0,21
558,Yerson Mosquera,0.13999999999999968,0.0,21
559,Nélson Cabral Semedo,0.9000000000000004,1.0,21
561,Pedro Cardoso de Lima,0.9199999999999999,0.0,21
564,Santiago Bueno,2.4399999999999995,1.0,21
567,Toti António Gomes,0.05999999999999961,0.0,21
572,Leny Yoro,2.09,2.0,21
573,Nikola Milenković,4.43,2.0,21
574,Miodrag Pivaš,0.0,0.0,21
575,Caleb Wiley,0.0,0.0,21
578,Riccardo Calafiori,2.17,0.0,21
579,Ryan Sessegnon,0.29000000000000004,0.0,21
580,Dean Huijsen,3.210000000000001,0.0,21
582,Jake O'Brien,0.1200000000000001,1.0,21
583,Conor Townsend,0.0,0.0,21
586,Jorge Cuenca Barreno,0.17999999999999972,0.0,21
591,Jean-Clair Todibo,0.46999999999999975,0.0,21
592,Julián Araujo Zúñiga,0.009999999999999787,0.0,21
593,Matthijs de Ligt,2.2699999999999996,2.0,21
594,Noussair Mazraoui,3.33,2.0,21
598,Lamare Bogarde,0.07000000000000028,0.0,21
616,Ben Nelson,0.0,0.0,21
626,Issa Kaboré,0.0,0.0,21
627,Roman Dixon,0.07000000000000028,0.0,21
628,Ferdi Kadioglu,0.040000000000000036,0.0,21
630,Dara O'Shea,1.17,1.0,21
637,Bastien Meupiyou,1.0199999999999996,0.0,21
640,Sil Swinkels,0.009999999999999787,0.0,21
643,Kaelan Casey,0.20000000000000018,0.0,21
649,Jayden Meghoma,0.05999999999999961,0.0,21
650,Maxence Lacroix,2.0,6.0,21
653,Felipe Rodrigues da Silva,1.4500000000000002,1.0,21
657,Maldini Kacurri,0.040000000000000036,0.0,21
658,Ayden Heaven,0.04999999999999982,0.0,21
662,Josh Nichols,0.04999999999999982,0.0,21
663,Imari Samuels,0.2400000000000002,0.0,21
664,Alfie Pond,0.04999999999999982,0.0,21
666,Caleb Kporha,0.07000000000000028,0.0,21
670,Harry Amass,0.0,0.0,21
672,Jahmai Simpson-Pusey,0.040000000000000036,0.0,21
675,Josh Wilson-Esbrand,0.13999999999999968,0.0,21
677,Ollie Scarles,-0.009999999999999787,1.0,21
680,Max Kinsey,0.1299999999999999,0.0,21
681,Ruairi McConville,0.009999999999999787,0.0,21
684,Malachi Hardy,0.0,0.0,21
685,Jacob Slater,0.0,0.0,21
686,Ezra Mayers,0.04999999999999982,0.0,21
690,Samuel Amissah,0.0,0.0,21
691,Godwill Kukonki,0.0,0.0,21
692,Amara Nallo,0.1299999999999999,0.0,21
697,Josh Acheampong,1.7999999999999998,1.0,21
699,Alfie Dorrington,0.08000000000000007,0.0,21
700,Maeson King,0.05999999999999961,0.0,21
702,Archie Harris,0.0,0.0,21
703,Max Alleyne,0.1299999999999999,0.0,21
705,Benjamin Arthur,0.0,0.0,21
706,Zach Abbott,0.0,0.0,21
708,Thomas Wilson-Brown,0.0,0.0,21
711,Wes Okoduwa,0.0,0.0,21
712,Matai Akinmboni,0.07000000000000028,0.0,21
713,Julio Soler,0.1200000000000001,0.0,21
715,Ben Godfrey,0.040000000000000036,0.0,21
718,Welington Damascena Santos,0.0,0.0,21
719,Joachim Kayi-Sanda,0.0,0.0,21
720,Emmanuel Agbadou,0.07000000000000028,0.0,21
3,Gabriel dos Santos Magalhães,2.8100000000000005,1.0,22
6,Jurriën Timber,1.8399999999999999,1.0,22
8,Jakub Kiwior,0.20999999999999996,0.0,22
18,William Saliba,2.24,0.0,22
21,Kieran Tierney,0.33000000000000007,0.0,22
22,Tomiyasu Takehiro,0.009999999999999787,0.0,22
24,Benjamin White,0.29000000000000004,0.0,22
25,Oleksandr Zinchenko,0.40000000000000036,0.0,22
26,Álex Moreno Lopera,0.5099999999999998,0.0,22
32,Matty Cash,1.67,4.0,22
35,Diego Carlos Santos Silva,0.4500000000000002,0.0,22
36,Lucas Digne,2.58,4.0,22
40,Kortney Hause,0.0,0.0,22
43,Kaine Kesler-Hayden,0.0,0.0,22
44,Ezri Konsa Ngoyo,1.9800000000000004,1.0,22
45,Ian Maatsen,0.5800000000000001,0.0,22
49,Tyrone Mings,2.4499999999999993,1.0,22
50,Kosta Nedeljković,0.21999999999999975,0.0,22
52,Pau Torres,0.3899999999999997,0.0,22
56,Lino da Cruz Sousa,0.0,0.0,22
59,Max Aarons,0.9100000000000001,0.0,22
68,James Hill,4.1899999999999995,0.0,22
70,Milos Kerkez,2.83,7.0,22
72,Chris Mepham,0.0,0.0,22
79,Marcos Senesi,0.28000000000000025,0.0,22
81,Adam Smith,0.17999999999999972,0.0,22
85,Illia Zabarnyi,2.8900000000000006,2.0,22
86,Kristoffer Ajer,0.8300000000000001,0.0,22
88,Nathan Collins,2.9299999999999997,1.0,22
92,Rico Henry,0.4400000000000004,0.0,22
93,Aaron Hickey,0.009999999999999787,0.0,22
96,Kim Ji-soo,0.20999999999999996,0.0,22
100,Ben Mee,0.23000000000000043,0.0,22
104,Ethan Pinnock,0.040000000000000036,0.0,22
105,Mads Roerslev Rasmussen,2.6999999999999993,0.0,22
112,Mathias Jorgensen,0.0,0.0,22
116,Valentín Barco,0.040000000000000036,0.0,22
120,Lewis Dunk,1.0300000000000002,2.0,22
122,Pervis Estupiñán,3.0299999999999994,2.0,22
128,Igor Julio dos Santos de Paulo,0.4500000000000002,0.0,22
131,Tariq Lamptey,1.5499999999999998,1.0,22
139,Odeluga Offiah,0.1900000000000004,0.0,22
144,Jan Paul van Hecke,2.8499999999999996,2.0,22
145,Joël Veltman,2.76,2.0,22
147,Adam Webster,1.6799999999999997,0.0,22
153,Benoît Badiashile,0.16999999999999993,0.0,22
159,Trevoh Chalobah,0.8399999999999999,5.0,22
160,Ben Chilwell,0.0,0.0,22
162,Levi Colwill,2.5500000000000007,0.0,22
163,Marc Cucurella Saseta,2.3599999999999994,8.0,22
167,Axel Disasi,0.1200000000000001,1.0,22
170,Alfie Gilchrist,0.0,0.0,22
171,Malo Gusto,0.6200000000000001,1.0,22
172,Reece James,2.0999999999999996,5.0,22
176,Malang Sarr,0.0,0.0,22
187,Tosin Adarabioyo,1.5300000000000002,7.0,22
189,Wesley Fofana,0.5800000000000001,0.0,22
191,Joachim Andersen,1.3399999999999999,6.0,22
194,Chris Richards,1.04,6.0,22
195,Chadi Riad Dnanou,0.0,0.0,22
196,Nathaniel Clyne,0.41000000000000014,1.0,22
200,Marc Guéhi,3.0700000000000003,6.0,22
202,Rob Holding,0.009999999999999787,0.0,22
210,Tyrick Mitchell,2.3900000000000006,6.0,22
211,Daniel Muñoz,3.2200000000000006,6.0,22
215,Joel Ward,0.009999999999999787,0.0,22
219,Jarrad Branthwaite,2.0199999999999996,1.0,22
221,Séamus Coleman,0.2699999999999996,0.0,22
225,Mason Holgate,0.41999999999999993,0.0,22
228,Michael Keane,0.2400000000000002,1.0,22
231,Vitalii Mykolenko,2.91,1.0,22
234,Nathan Patterson,0.3700000000000001,1.0,22
236,James Tarkowski,2.539999999999999,1.0,22
238,Ashley Young,1.6799999999999997,0.0,22
241,Calvin Bassey,1.4100000000000001,6.0,22
244,Timothy Castagne,2.3599999999999994,6.0,22
245,Issa Diop,0.5300000000000002,1.0,22
250,Kevin Mbabu,0.1200000000000001,0.0,22
253,Tim Ream,0.0,0.0,22
255,Antonee Robinson,3.630000000000001,6.0,22
257,Kenny Tete,0.2599999999999998,0.0,22
261,Elkan Baggott,0.0,0.0,22
263,Cameron Burgess,0.21999999999999975,-1.0,22
266,Harry Clarke,0.5599999999999996,0.0,22
267,Leif Davis,1.8600000000000003,-1.0,22
269,George Edmundson,0.0,0.0,22
270,Jacob Greaves,1.4500000000000002,0.0,22
275,Ben Johnson,0.5,-1.0,22
279,Corrie Ndaba,0.0,0.0,22
282,Axel Tuanzebe,0.13999999999999968,1.0,22
284,Luke Woolfenden,0.6900000000000004,0.0,22
288,Conor Coady,1.0300000000000002,0.0,22
291,Wout Faes,2.130000000000001,0.0,22
295,James Justin,2.9800000000000004,1.0,22
296,Victor Kristiansen,2.2799999999999994,1.0,22
301,Caleb Okoli,0.7699999999999996,0.0,22
302,Ricardo Barbosa Pereira,0.08000000000000007,0.0,22
303,Harry Souttar,0.0,0.0,22
305,Luke Thomas,0.3600000000000003,0.0,22
307,Jannik Vestergaard,1.2999999999999998,0.0,22
311,Trent Alexander-Arnold,3.8599999999999994,9.0,22
313,Conor Bradley,0.33999999999999986,0.0,22
322,Joe Gomez,0.11000000000000032,0.0,22
326,Ibrahima Konaté,2.6999999999999993,6.0,22
332,Nathaniel Phillips,0.0,0.0,22
333,Jarell Quansah,0.4299999999999997,0.0,22
334,Rhys Williams,0.1900000000000004,0.0,22
335,Andrew Robertson,1.9800000000000004,1.0,22
337,Konstantinos Tsimikas,1.5,5.0,22
338,Sepp van den Berg,1.5,1.0,22
339,Virgil van Dijk,3.4499999999999993,6.0,22
340,Manuel Akanji,1.1399999999999997,6.0,22
341,Nathan Aké,2.66,0.0,22
350,Joško Gvardiol,2.42,6.0,22
353,João Cavaco Cancelo,0.0,0.0,22
355,Rico Lewis,1.0099999999999998,1.0,22
361,Rúben Gato Alves Dias,0.4500000000000002,6.0,22
362,John Stones,0.1900000000000004,0.0,22
363,Kyle Walker,0.2699999999999996,0.0,22
369,Diogo Dalot Teixeira,2.8499999999999996,1.0,22
371,Jonny Evans,0.20999999999999996,0.0,22
376,Victor Lindelöf,0.03000000000000025,0.0,22
377,Harry Maguire,1.7000000000000002,0.0,22
379,Tyrell Malacia,0.1299999999999999,0.0,22
380,Lisandro Martínez,1.5700000000000003,0.0,22
387,Luke Shaw,0.5300000000000002,0.0,22
388,Aaron Wan-Bissaka,2.4499999999999993,1.0,22
390,Alex Murphy,0.0,0.0,22
393,Sven Botman,1.96,0.0,22
395,Dan Burn,3.6500000000000004,0.0,22
399,Lewis Hall,2.789999999999999,4.0,22
404,Lloyd Kelly,0.1299999999999999,0.0,22
405,Emil Krafth,0.1200000000000001,0.0,22
407,Jamaal Lascelles,0.40000000000000036,0.0,22
408,Jamal Lewis,0.20000000000000018,0.0,22
409,Tino Livramento,1.87,0.0,22
415,Fabian Schär,0.16000000000000014,0.0,22
416,Matt Targett,0.16000000000000014,0.0,22
418,Kieran Trippier,1.1900000000000004,0.0,22
422,Ola Aina,3.0999999999999996,4.0,22
425,Willy Boly,0.34999999999999964,0.0,22
436,Murillo Santiago Costa dos Santos,1.7300000000000004,1.0,22
437,Neco Williams,3.0999999999999996,1.0,22
438,Omar Richards,0.0,0.0,22
440,Andrew Omobamidele,0.0,0.0,22
441,Jonathan Panzo,0.0,0.0,22
444,Harry Toffolo,0.2400000000000002,0.0,22
448,Joe Worrall,0.0,0.0,22
455,Jan Bednarek,2.33,7.0,22
456,Armel Bella-Kotchap,0.03000000000000025,0.0,22
457,James Bree,1.5199999999999996,1.0,22
460,Ronnie Edwards,0.20000000000000018,0.0,22
461,Taylor Harwood-Bellis,1.8099999999999996,1.0,22
464,Juan Larios López,0.0,0.0,22
467,Ryan Manning,0.40000000000000036,1.0,22
472,Jack Stephens,0.25,0.0,22
474,Sugawara Yukinari,0.9500000000000002,0.0,22
475,Charlie Taylor,0.41999999999999993,0.0,22
476,Kyle Walker-Peters,1.9000000000000004,0.0,22
477,Nathan Wood-Gordon,0.75,0.0,22
478,Ashley Phillips,0.1299999999999999,0.0,22
484,Ben Davies,0.4299999999999997,1.0,22
486,Radu Drăgușin,2.33,0.0,22
487,Emerson Leite de Souza Junior,0.0,0.0,22
495,Pedro Porro,2.1999999999999993,1.0,22
496,Sergio Reguilón,0.5099999999999998,0.0,22
498,Cristian Romero,0.08999999999999986,0.0,22
504,Djed Spence,1.9500000000000002,1.0,22
505,Destiny Udogie,0.28000000000000025,0.0,22
506,Micky van de Ven,0.13999999999999968,0.0,22
516,Vladimír Coufal,0.5300000000000002,0.0,22
517,Aaron Cresswell,1.04,1.0,22
520,Emerson Palmieri dos Santos,1.5199999999999996,1.0,22
524,Max Kilman,1.4900000000000002,1.0,22
528,Konstantinos Mavropanos,0.9100000000000001,-2.0,22
529,Nayef Aguerd,0.009999999999999787,0.0,22
532,Kurt Zouma,0.08999999999999986,0.0,22
533,Rayan Aït-Nouri,2.1799999999999997,1.0,22
542,Craig Dawson,0.40000000000000036,0.0,22
543,Matt Doherty,1.5499999999999998,7.0,22
549,Hugo Bueno López,0.0,0.0,22
552,Ki-Jana Hoever,0.03000000000000025,0.0,22
558,Yerson Mosquera,0.1200000000000001,0.0,22
559,Nélson Cabral Semedo,1.4800000000000004,0.0,22
561,Pedro Cardoso de Lima,0.54,0.0,22
564,Santiago Bueno,2.51,1.0,22
567,Toti António Gomes,0.6299999999999999,0.0,22
572,Leny Yoro,2.289999999999999,0.0,22
573,Nikola Milenković,3.42,1.0,22
574,Miodrag Pivaš,0.0,0.0,22
575,Caleb Wiley,0.0,0.0,22
578,Riccardo Calafiori,1.0700000000000003,0.0,22
579,Ryan Sessegnon,0.08999999999999986,0.0,22
580,Dean Huijsen,3.4700000000000006,2.0,22
582,Jake O'Brien,0.7300000000000004,2.0,22
583,Conor Townsend,0.03000000000000025,0.0,22
586,Jorge Cuenca Barreno,0.019999999999999574,0.0,22
591,Jean-Clair Todibo,0.8499999999999996,0.0,22
592,Julián Araujo Zúñiga,0.04999999999999982,0.0,22
593,Matthijs de Ligt,2.01,1.0,22
594,Noussair Mazraoui,2.0999999999999996,1.0,22
598,Lamare Bogarde,0.23000000000000043,1.0,22
616,Ben Nelson,0.0,0.0,22
626,Issa Kaboré,0.0,0.0,22
627,Roman Dixon,0.0,0.0,22
628,Ferdi Kadioglu,0.07000000000000028,0.0,22
630,Dara O'Shea,1.38,-1.0,22
637,Bastien Meupiyou,0.3899999999999997,0.0,22
640,Sil Swinkels,0.0,0.0,22
643,Kaelan Casey,0.21999999999999975,0.0,22
649,Jayden Meghoma,0.009999999999999787,0.0,22
650,Maxence Lacroix,3.08,6.0,22
653,Felipe Rodrigues da Silva,0.79,1.0,22
657,Maldini Kacurri,0.0,0.0,22
658,Ayden Heaven,0.0,0.0,22
662,Josh Nichols,0.04999999999999982,0.0,22
663,Imari Samuels,0.0,0.0,22
664,Alfie Pond,0.09999999999999964,0.0,22
666,Caleb Kporha,0.08999999999999986,0.0,22
670,Harry Amass,0.0,0.0,22
672,Jahmai Simpson-Pusey,0.16000000000000014,0.0,22
675,Josh Wilson-Esbrand,0.0,0.0,22
677,Ollie Scarles,0.54,1.0,22
680,Max Kinsey,0.08999999999999986,0.0,22
681,Ruairi McConville,0.009999999999999787,0.0,22
684,Malachi Hardy,0.05999999999999961,0.0,22
685,Jacob Slater,0.03000000000000025,0.0,22
686,Ezra Mayers,0.0,0.0,22
690,Samuel Amissah,0.0,0.0,22
691,Godwill Kukonki,0.0,0.0,22
692,Amara Nallo,0.0,0.0,22
697,Josh Acheampong,1.8499999999999996,0.0,22
699,Alfie Dorrington,0.08999999999999986,0.0,22
700,Maeson King,0.04999999999999982,0.0,22
702,Archie Harris,0.1900000000000004,0.0,22
703,Max Alleyne,0.0,0.0,22
705,Benjamin Arthur,0.03000000000000025,0.0,22
706,Zach Abbott,0.0,0.0,22
708,Thomas Wilson-Brown,0.0,0.0,22
711,Wes Okoduwa,0.0,0.0,22
712,Matai Akinmboni,0.009999999999999787,0.0,22
713,Julio Soler,0.009999999999999787,0.0,22
715,Ben Godfrey,0.3600000000000003,0.0,22
718,Welington Damascena Santos,0.0,0.0,22
719,Joachim Kayi-Sanda,0.17999999999999972,0.0,22
720,Emmanuel Agbadou,1.67,1.0,22
726,Woyo Coulibaly,0.009999999999999787,0.0,22
3,Gabriel dos Santos Magalhães,2.99,6.0,23
6,Jurriën Timber,2.0500000000000007,5.0,23
8,Jakub Kiwior,0.1900000000000004,0.0,23
18,William Saliba,1.75,6.0,23
21,Kieran Tierney,0.1299999999999999,1.0,23
22,Tomiyasu Takehiro,0.16000000000000014,0.0,23
24,Benjamin White,0.2400000000000002,0.0,23
25,Oleksandr Zinchenko,0.3799999999999999,0.0,23
26,Álex Moreno Lopera,0.7599999999999998,0.0,23
32,Matty Cash,2.75,2.0,23
35,Diego Carlos Santos Silva,0.4500000000000002,0.0,23
36,Lucas Digne,2.369999999999999,2.0,23
40,Kortney Hause,0.0,0.0,23
43,Kaine Kesler-Hayden,0.0,0.0,23
44,Ezri Konsa Ngoyo,1.8899999999999997,2.0,23
45,Ian Maatsen,1.2599999999999998,1.0,23
49,Tyrone Mings,1.4900000000000002,1.0,23
50,Kosta Nedeljković,0.11000000000000032,0.0,23
52,Pau Torres,0.40000000000000036,0.0,23
56,Lino da Cruz Sousa,0.0,0.0,23
59,Max Aarons,0.9299999999999997,0.0,23
68,James Hill,1.21,0.0,23
70,Milos Kerkez,3.0700000000000003,6.0,23
72,Chris Mepham,0.0,0.0,23
79,Marcos Senesi,0.13999999999999968,0.0,23
81,Adam Smith,0.07000000000000028,0.0,23
85,Illia Zabarnyi,2.710000000000001,5.0,23
86,Kristoffer Ajer,0.3799999999999999,0.0,23
88,Nathan Collins,1.5199999999999996,5.0,23
92,Rico Henry,0.33000000000000007,0.0,23
93,Aaron Hickey,0.0,0.0,23
96,Kim Ji-soo,0.16000000000000014,0.0,23
100,Ben Mee,0.4400000000000004,1.0,23
104,Ethan Pinnock,0.03000000000000025,0.0,23
105,Mads Roerslev Rasmussen,1.2199999999999998,2.0,23
112,Mathias Jorgensen,0.0,0.0,23
116,Valentín Barco,0.0,0.0,23
120,Lewis Dunk,1.71,2.0,23
122,Pervis Estupiñán,2.869999999999999,0.0,23
128,Igor Julio dos Santos de Paulo,0.2699999999999996,0.0,23
131,Tariq Lamptey,1.3600000000000003,2.0,23
139,Odeluga Offiah,0.009999999999999787,0.0,23
144,Jan Paul van Hecke,3.66,2.0,23
145,Joël Veltman,1.9100000000000001,2.0,23
147,Adam Webster,0.4900000000000002,1.0,23
153,Benoît Badiashile,0.1200000000000001,0.0,23
159,Trevoh Chalobah,2.59,1.0,23
160,Ben Chilwell,0.0,0.0,23
162,Levi Colwill,1.4299999999999997,0.0,23
163,Marc Cucurella Saseta,3.4399999999999995,1.0,23
167,Axel Disasi,0.54,0.0,23
170,Alfie Gilchrist,0.0,0.0,23
171,Malo Gusto,1.0300000000000002,1.0,23
172,Reece James,2.460000000000001,1.0,23
176,Malang Sarr,0.0,0.0,23
187,Tosin Adarabioyo,2.1799999999999997,0.0,23
189,Wesley Fofana,0.23000000000000043,0.0,23
191,Joachim Andersen,1.8399999999999999,2.0,23
194,Chris Richards,1.87,1.0,23
195,Chadi Riad Dnanou,0.0,0.0,23
196,Nathaniel Clyne,0.2999999999999998,0.0,23
200,Marc Guéhi,2.3599999999999994,1.0,23
202,Rob Holding,0.08999999999999986,0.0,23
210,Tyrick Mitchell,2.5700000000000003,1.0,23
211,Daniel Muñoz,3.4499999999999993,4.0,23
215,Joel Ward,0.009999999999999787,0.0,23
219,Jarrad Branthwaite,2.4800000000000004,6.0,23
221,Séamus Coleman,0.2999999999999998,0.0,23
225,Mason Holgate,0.0,0.0,23
228,Michael Keane,0.6200000000000001,0.0,23
231,Vitalii Mykolenko,3.9299999999999997,6.0,23
234,Nathan Patterson,0.9500000000000002,1.0,23
236,James Tarkowski,2.59,6.0,23
238,Ashley Young,1.2699999999999996,1.0,23
241,Calvin Bassey,2.6400000000000006,2.0,23
244,Timothy Castagne,2.119999999999999,2.0,23
245,Issa Diop,0.5,0.0,23
250,Kevin Mbabu,0.2699999999999996,0.0,23
253,Tim Ream,0.0,0.0,23
255,Antonee Robinson,3.630000000000001,2.0,23
257,Kenny Tete,0.03000000000000025,0.0,23
261,Elkan Baggott,0.009999999999999787,0.0,23
263,Cameron Burgess,2.5600000000000005,0.0,23
266,Harry Clarke,0.2699999999999996,0.0,23
267,Leif Davis,1.9000000000000004,0.0,23
269,George Edmundson,0.0,0.0,23
270,Jacob Greaves,1.4299999999999997,6.0,23
275,Ben Johnson,2.0,1.0,23
279,Corrie Ndaba,0.0,0.0,23
282,Axel Tuanzebe,0.79,0.0,23
284,Luke Woolfenden,1.0,0.0,23
288,Conor Coady,0.2599999999999998,1.0,23
291,Wout Faes,1.87,2.0,23
295,James Justin,1.92,1.0,23
296,Victor Kristiansen,1.7999999999999998,2.0,23
301,Caleb Okoli,0.41000000000000014,0.0,23
302,Ricardo Barbosa Pereira,0.08000000000000007,0.0,23
303,Harry Souttar,0.0,0.0,23
305,Luke Thomas,0.2699999999999996,0.0,23
307,Jannik Vestergaard,1.4299999999999997,2.0,23
311,Trent Alexander-Arnold,5.8100000000000005,5.0,23
313,Conor Bradley,0.16999999999999993,0.0,23
322,Joe Gomez,0.5800000000000001,0.0,23
326,Ibrahima Konaté,3.6099999999999994,5.0,23
332,Nathaniel Phillips,0.0,0.0,23
333,Jarell Quansah,0.7599999999999998,0.0,23
334,Rhys Williams,0.0,0.0,23
335,Andrew Robertson,3.51,2.0,23
337,Konstantinos Tsimikas,2.0999999999999996,0.0,23
338,Sepp van den Berg,2.0,2.0,23
339,Virgil van Dijk,3.41,2.0,23
340,Manuel Akanji,1.92,2.0,23
341,Nathan Aké,0.5800000000000001,0.0,23
350,Joško Gvardiol,2.4800000000000004,8.0,23
353,João Cavaco Cancelo,0.0,0.0,23
355,Rico Lewis,0.54,0.0,23
361,Rúben Gato Alves Dias,1.9699999999999998,0.0,23
362,John Stones,0.33000000000000007,1.0,23
363,Kyle Walker,0.1900000000000004,0.0,23
369,Diogo Dalot Teixeira,2.01,6.0,23
371,Jonny Evans,0.009999999999999787,0.0,23
376,Victor Lindelöf,0.16000000000000014,0.0,23
377,Harry Maguire,1.5199999999999996,6.0,23
379,Tyrell Malacia,0.20000000000000018,1.0,23
380,Lisandro Martínez,1.5499999999999998,12.0,23
387,Luke Shaw,0.16999999999999993,0.0,23
388,Aaron Wan-Bissaka,2.1500000000000004,2.0,23
390,Alex Murphy,0.6100000000000003,0.0,23
393,Sven Botman,1.2800000000000002,0.0,23
395,Dan Burn,2.9000000000000004,2.0,23
399,Lewis Hall,3.5299999999999994,2.0,23
404,Lloyd Kelly,0.11000000000000032,0.0,23
405,Emil Krafth,0.05999999999999961,0.0,23
407,Jamaal Lascelles,0.0,0.0,23
408,Jamal Lewis,0.2699999999999996,0.0,23
409,Tino Livramento,1.7199999999999998,2.0,23
415,Fabian Schär,1.5,2.0,23
416,Matt Targett,0.15000000000000036,0.0,23
418,Kieran Trippier,1.5599999999999996,0.0,23
422,Ola Aina,2.8000000000000007,1.0,23
425,Willy Boly,0.3600000000000003,0.0,23
436,Murillo Santiago Costa dos Santos,1.3399999999999999,0.0,23
437,Neco Williams,2.289999999999999,1.0,23
438,Omar Richards,0.0,0.0,23
440,Andrew Omobamidele,0.09999999999999964,0.0,23
441,Jonathan Panzo,0.0,0.0,23
444,Harry Toffolo,0.4500000000000002,0.0,23
448,Joe Worrall,0.0,0.0,23
455,Jan Bednarek,2.1099999999999994,7.0,23
456,Armel Bella-Kotchap,0.0,0.0,23
457,James Bree,1.83,4.0,23
460,Ronnie Edwards,0.03000000000000025,0.0,23
461,Taylor Harwood-Bellis,1.92,1.0,23
464,Juan Larios López,0.040000000000000036,0.0,23
467,Ryan Manning,1.0899999999999999,0.0,23
472,Jack Stephens,0.6299999999999999,0.0,23
474,Sugawara Yukinari,1.7000000000000002,1.0,23
475,Charlie Taylor,0.3700000000000001,0.0,23
476,Kyle Walker-Peters,1.8200000000000003,1.0,23
477,Nathan Wood-Gordon,0.6500000000000004,0.0,23
478,Ashley Phillips,0.2599999999999998,0.0,23
484,Ben Davies,1.7999999999999998,1.0,23
486,Radu Drăgușin,1.96,1.0,23
487,Emerson Leite de Souza Junior,0.0,0.0,23
495,Pedro Porro,2.66,4.0,23
496,Sergio Reguilón,0.5899999999999999,0.0,23
498,Cristian Romero,0.6100000000000003,0.0,23
504,Djed Spence,2.0299999999999994,0.0,23
505,Destiny Udogie,0.23000000000000043,0.0,23
506,Micky van de Ven,0.3600000000000003,0.0,23
516,Vladimír Coufal,0.34999999999999964,2.0,23
517,Aaron Cresswell,0.9100000000000001,1.0,23
520,Emerson Palmieri dos Santos,1.0300000000000002,8.0,23
524,Max Kilman,1.2800000000000002,2.0,23
528,Konstantinos Mavropanos,1.4000000000000004,0.0,23
529,Nayef Aguerd,0.0,0.0,23
532,Kurt Zouma,0.15000000000000036,0.0,23
533,Rayan Aït-Nouri,1.4000000000000004,2.0,23
542,Craig Dawson,0.41999999999999993,0.0,23
543,Matt Doherty,1.54,2.0,23
549,Hugo Bueno López,0.0,0.0,23
552,Ki-Jana Hoever,0.03000000000000025,0.0,23
558,Yerson Mosquera,0.03000000000000025,0.0,23
559,Nélson Cabral Semedo,2.5600000000000005,2.0,23
561,Pedro Cardoso de Lima,0.45999999999999996,0.0,23
564,Santiago Bueno,2.4399999999999995,2.0,23
567,Toti António Gomes,0.4400000000000004,0.0,23
572,Leny Yoro,1.1399999999999997,1.0,23
573,Nikola Milenković,2.4499999999999993,0.0,23
574,Miodrag Pivaš,0.0,0.0,23
575,Caleb Wiley,0.0,0.0,23
578,Riccardo Calafiori,0.45999999999999996,7.0,23
579,Ryan Sessegnon,1.17,0.0,23
580,Dean Huijsen,3.2699999999999996,6.0,23
582,Jake O'Brien,1.7199999999999998,5.0,23
583,Conor Townsend,0.07000000000000028,1.0,23
586,Jorge Cuenca Barreno,0.009999999999999787,0.0,23
591,Jean-Clair Todibo,0.2699999999999996,0.0,23
592,Julián Araujo Zúñiga,0.1200000000000001,0.0,23
593,Matthijs de Ligt,1.33,1.0,23
594,Noussair Mazraoui,2.08,6.0,23
598,Lamare Bogarde,1.87,0.0,23
616,Ben Nelson,0.0,0.0,23
626,Issa Kaboré,0.0,0.0,23
627,Roman Dixon,0.04999999999999982,0.0,23
628,Ferdi Kadioglu,0.040000000000000036,0.0,23
630,Dara O'Shea,2.1400000000000006,0.0,23
637,Bastien Meupiyou,0.03000000000000025,0.0,23
640,Sil Swinkels,0.1200000000000001,0.0,23
643,Kaelan Casey,0.03000000000000025,0.0,23
649,Jayden Meghoma,-0.009999999999999787,0.0,23
650,Maxence Lacroix,2.5700000000000003,0.0,23
653,Felipe Rodrigues da Silva,0.46999999999999975,-1.0,23
657,Maldini Kacurri,0.0,0.0,23
658,Ayden Heaven,0.0,0.0,23
662,Josh Nichols,0.20999999999999996,0.0,23
663,Imari Samuels,0.0,0.0,23
664,Alfie Pond,0.05999999999999961,0.0,23
666,Caleb Kporha,0.019999999999999574,0.0,23
670,Harry Amass,0.0,0.0,23
672,Jahmai Simpson-Pusey,0.03000000000000025,0.0,23
675,Josh Wilson-Esbrand,0.0,0.0,23
677,Ollie Scarles,1.0,1.0,23
680,Max Kinsey,0.009999999999999787,0.0,23
681,Ruairi McConville,0.13999999999999968,0.0,23
684,Malachi Hardy,0.0,0.0,23
685,Jacob Slater,0.0,0.0,23
686,Ezra Mayers,0.0,0.0,23
690,Samuel Amissah,0.0,0.0,23
691,Godwill Kukonki,0.0,0.0,23
692,Amara Nallo,0.0,0.0,23
697,Josh Acheampong,0.9000000000000004,0.0,23
699,Alfie Dorrington,0.1299999999999999,0.0,23
700,Maeson King,0.040000000000000036,0.0,23
702,Archie Harris,0.13999999999999968,0.0,23
703,Max Alleyne,0.0,0.0,23
705,Benjamin Arthur,0.21999999999999975,0.0,23
706,Zach Abbott,0.07000000000000028,0.0,23
708,Thomas Wilson-Brown,0.0,0.0,23
711,Wes Okoduwa,0.0,0.0,23
712,Matai Akinmboni,0.0,0.0,23
713,Julio Soler,0.0,0.0,23
715,Ben Godfrey,0.4299999999999997,0.0,23
718,Welington Damascena Santos,0.15000000000000036,0.0,23
719,Joachim Kayi-Sanda,0.3200000000000003,0.0,23
720,Emmanuel Agbadou,1.54,2.0,23
726,Woyo Coulibaly,0.019999999999999574,1.0,23
731,Andrés García,0.0,0.0,23
732,Abdukodir Khusanov,3.119999999999999,0.0,23
733,Vitor de Oliveira Nunes dos Reis,0.0,0.0,23
3,Gabriel dos Santos Magalhães,3.59,2.0,24
6,Jurriën Timber,2.01,1.0,24
8,Jakub Kiwior,0.3099999999999996,0.0,24
18,William Saliba,2.8499999999999996,2.0,24
21,Kieran Tierney,0.6600000000000001,0.0,24
22,Tomiyasu Takehiro,0.019999999999999574,0.0,24
24,Benjamin White,0.08000000000000007,0.0,24
25,Oleksandr Zinchenko,0.1200000000000001,0.0,24
26,Álex Moreno Lopera,1.04,0.0,24
32,Matty Cash,3.7799999999999994,0.0,24
35,Diego Carlos Santos Silva,0.20999999999999996,0.0,24
36,Lucas Digne,2.960000000000001,1.0,24
40,Kortney Hause,0.009999999999999787,0.0,24
43,Kaine Kesler-Hayden,0.0,0.0,24
44,Ezri Konsa Ngoyo,1.7300000000000004,1.0,24
45,Ian Maatsen,1.2599999999999998,1.0,24
49,Tyrone Mings,1.7199999999999998,0.0,24
50,Kosta Nedeljković,0.13999999999999968,1.0,24
52,Pau Torres,0.9199999999999999,0.0,24
56,Lino da Cruz Sousa,0.0,0.0,24
59,Max Aarons,0.5700000000000003,0.0,24
68,James Hill,0.33999999999999986,0.0,24
70,Milos Kerkez,3.01,1.0,24
72,Chris Mepham,0.0,0.0,24
79,Marcos Senesi,0.45999999999999996,0.0,24
81,Adam Smith,0.5199999999999996,0.0,24
85,Illia Zabarnyi,2.9000000000000004,1.0,24
86,Kristoffer Ajer,0.2666666666666675,2.0,24
88,Nathan Collins,2.51,1.0,24
92,Rico Henry,0.16999999999999993,0.0,24
93,Aaron Hickey,0.0,0.0,24
96,Kim Ji-soo,0.08000000000000007,0.0,24
100,Ben Mee,0.2400000000000002,0.0,24
104,Ethan Pinnock,0.23000000000000043,0.0,24
105,Mads Roerslev Rasmussen,1.83,0.0,24
112,Mathias Jorgensen,0.0,0.0,24
116,Valentín Barco,0.0,0.0,24
120,Lewis Dunk,1.5899999999999999,-3.0,24
122,Pervis Estupiñán,0.4400000000000004,0.0,24
128,Igor Julio dos Santos de Paulo,0.11000000000000032,0.0,24
131,Tariq Lamptey,1.63,-1.0,24
139,Odeluga Offiah,0.03000000000000025,0.0,24
144,Jan Paul van Hecke,2.5199999999999996,-1.0,24
145,Joël Veltman,2.4299999999999997,-1.0,24
147,Adam Webster,2.1799999999999997,0.0,24
153,Benoît Badiashile,0.0,0.0,24
159,Trevoh Chalobah,2.789999999999999,1.0,24
160,Ben Chilwell,0.0,0.0,24
162,Levi Colwill,1.7199999999999998,2.0,24
163,Marc Cucurella Saseta,2.9700000000000006,2.0,24
167,Axel Disasi,0.7000000000000002,0.0,24
170,Alfie Gilchrist,0.0,0.0,24
171,Malo Gusto,0.6500000000000004,1.0,24
172,Reece James,2.0500000000000007,1.0,24
176,Malang Sarr,0.0,0.0,24
187,Tosin Adarabioyo,0.8899999999999997,2.0,24
189,Wesley Fofana,0.4900000000000002,0.0,24
191,Joachim Andersen,2.84,1.0,24
194,Chris Richards,2.1899999999999995,6.0,24
195,Chadi Riad Dnanou,0.0,0.0,24
196,Nathaniel Clyne,0.07000000000000028,1.0,24
200,Marc Guéhi,1.96,6.0,24
202,Rob Holding,0.0,0.0,24
210,Tyrick Mitchell,2.09,6.0,24
211,Daniel Muñoz,4.59,9.0,24
215,Joel Ward,0.9199999999999999,0.0,24
219,Jarrad Branthwaite,3.119999999999999,6.0,24
221,Séamus Coleman,0.09999999999999964,0.0,24
225,Mason Holgate,0.0,0.0,24
228,Michael Keane,0.20000000000000018,0.0,24
231,Vitalii Mykolenko,3.460000000000001,6.0,24
234,Nathan Patterson,1.1500000000000004,1.0,24
236,James Tarkowski,2.8499999999999996,9.0,24
238,Ashley Young,1.46,1.0,24
241,Calvin Bassey,2.8599999999999994,2.0,24
244,Timothy Castagne,2.4299999999999997,2.0,24
245,Issa Diop,0.23000000000000043,1.0,24
250,Kevin Mbabu,0.5999999999999996,0.0,24
253,Tim Ream,0.0,0.0,24
255,Antonee Robinson,3.0600000000000005,4.0,24
257,Kenny Tete,0.17999999999999972,0.0,24
261,Elkan Baggott,0.0,0.0,24
263,Cameron Burgess,0.46999999999999975,0.0,24
266,Harry Clarke,0.1200000000000001,0.0,24
267,Leif Davis,1.5700000000000003,1.0,24
269,George Edmundson,0.0,0.0,24
270,Jacob Greaves,3.539999999999999,1.0,24
275,Ben Johnson,1.0899999999999999,0.0,24
279,Corrie Ndaba,0.0,0.0,24
282,Axel Tuanzebe,1.4000000000000004,1.0,24
284,Luke Woolfenden,0.5,0.0,24
288,Conor Coady,0.28000000000000025,0.0,24
291,Wout Faes,1.1900000000000004,0.0,24
295,James Justin,2.380000000000001,1.0,24
296,Victor Kristiansen,1.9800000000000004,0.0,24
301,Caleb Okoli,0.1900000000000004,1.0,24
302,Ricardo Barbosa Pereira,0.05999999999999961,0.0,24
303,Harry Souttar,0.0,0.0,24
305,Luke Thomas,0.3600000000000003,0.0,24
307,Jannik Vestergaard,1.4800000000000004,0.0,24
311,Trent Alexander-Arnold,4.710000000000001,6.0,24
313,Conor Bradley,0.33999999999999986,1.0,24
322,Joe Gomez,0.15000000000000036,0.0,24
326,Ibrahima Konaté,3.41,6.0,24
332,Nathaniel Phillips,0.0,0.0,24
333,Jarell Quansah,0.15000000000000036,0.0,24
334,Rhys Williams,0.0,0.0,24
335,Andrew Robertson,3.34,6.0,24
337,Konstantinos Tsimikas,0.5,0.0,24
338,Sepp van den Berg,2.51,1.0,24
339,Virgil van Dijk,3.380000000000001,5.0,24
340,Manuel Akanji,2.119999999999999,0.0,24
341,Nathan Aké,0.2999999999999998,0.0,24
350,Joško Gvardiol,3.42,0.0,24
353,João Cavaco Cancelo,0.0,0.0,24
355,Rico Lewis,0.5300000000000002,0.0,24
361,Rúben Gato Alves Dias,0.6399999999999997,0.0,24
362,John Stones,0.41999999999999993,0.0,24
363,Kyle Walker,0.07000000000000028,0.0,24
369,Diogo Dalot Teixeira,3.0,1.0,24
371,Jonny Evans,0.009999999999999787,0.0,24
376,Victor Lindelöf,0.04999999999999982,0.0,24
377,Harry Maguire,2.2300000000000004,0.0,24
379,Tyrell Malacia,0.5300000000000002,0.0,24
380,Lisandro Martínez,2.880000000000001,2.0,24
387,Luke Shaw,0.040000000000000036,0.0,24
388,Aaron Wan-Bissaka,2.4299999999999997,-1.0,24
390,Alex Murphy,0.5099999999999998,0.0,24
393,Sven Botman,0.5499999999999998,0.0,24
395,Dan Burn,3.3900000000000006,0.0,24
399,Lewis Hall,3.130000000000001,1.0,24
404,Lloyd Kelly,0.8099999999999996,1.0,24
405,Emil Krafth,0.0,0.0,24
407,Jamaal Lascelles,0.0,0.0,24
408,Jamal Lewis,0.019999999999999574,0.0,24
409,Tino Livramento,1.6900000000000004,2.0,24
415,Fabian Schär,1.83,1.0,24
416,Matt Targett,0.05999999999999961,0.0,24
418,Kieran Trippier,0.7400000000000002,1.0,24
422,Ola Aina,2.2200000000000006,6.0,24
425,Willy Boly,0.29000000000000004,1.0,24
436,Murillo Santiago Costa dos Santos,1.04,5.0,24
437,Neco Williams,2.2200000000000006,12.0,24
438,Omar Richards,0.0,0.0,24
440,Andrew Omobamidele,0.0,0.0,24
441,Jonathan Panzo,0.0,0.0,24
444,Harry Toffolo,0.11000000000000032,0.0,24
448,Joe Worrall,0.0,0.0,24
455,Jan Bednarek,3.5700000000000003,1.0,24
456,Armel Bella-Kotchap,0.0,0.0,24
457,James Bree,1.7199999999999998,2.0,24
460,Ronnie Edwards,0.04999999999999982,0.0,24
461,Taylor Harwood-Bellis,1.9000000000000004,1.0,24
464,Juan Larios López,0.0,0.0,24
467,Ryan Manning,1.5999999999999996,0.0,24
472,Jack Stephens,0.9299999999999997,1.0,24
474,Sugawara Yukinari,1.17,0.0,24
475,Charlie Taylor,0.1200000000000001,0.0,24
476,Kyle Walker-Peters,1.5099999999999998,2.0,24
477,Nathan Wood-Gordon,0.33999999999999986,0.0,24
478,Ashley Phillips,0.009999999999999787,0.0,24
484,Ben Davies,1.7300000000000004,6.0,24
486,Radu Drăgușin,2.9800000000000004,0.0,24
487,Emerson Leite de Souza Junior,0.0,0.0,24
495,Pedro Porro,3.2799999999999994,6.0,24
496,Sergio Reguilón,0.8300000000000001,0.0,24
498,Cristian Romero,0.45999999999999996,0.0,24
504,Djed Spence,1.1100000000000003,6.0,24
505,Destiny Udogie,0.45999999999999996,0.0,24
506,Micky van de Ven,0.08000000000000007,0.0,24
516,Vladimír Coufal,1.63,2.0,24
517,Aaron Cresswell,1.9100000000000001,1.0,24
520,Emerson Palmieri dos Santos,2.1899999999999995,2.0,24
524,Max Kilman,0.9900000000000002,1.0,24
528,Konstantinos Mavropanos,1.2400000000000002,1.0,24
529,Nayef Aguerd,0.0,0.0,24
532,Kurt Zouma,0.6500000000000004,0.0,24
533,Rayan Aït-Nouri,1.87,6.0,24
542,Craig Dawson,0.11000000000000032,0.0,24
543,Matt Doherty,1.3899999999999997,6.0,24
549,Hugo Bueno López,0.0,0.0,24
552,Ki-Jana Hoever,0.2699999999999996,0.0,24
558,Yerson Mosquera,0.04999999999999982,0.0,24
559,Nélson Cabral Semedo,2.4299999999999997,6.0,24
561,Pedro Cardoso de Lima,0.3600000000000003,0.0,24
564,Santiago Bueno,1.8600000000000003,1.0,24
567,Toti António Gomes,0.20000000000000018,6.0,24
572,Leny Yoro,1.7699999999999996,1.0,24
573,Nikola Milenković,2.460000000000001,6.0,24
574,Miodrag Pivaš,0.0,0.0,24
575,Caleb Wiley,0.0,0.0,24
578,Riccardo Calafiori,1.4000000000000004,1.0,24
579,Ryan Sessegnon,0.019999999999999574,1.0,24
580,Dean Huijsen,3.4499999999999993,0.0,24
582,Jake O'Brien,2.49,6.0,24
583,Conor Townsend,0.1900000000000004,0.0,24
586,Jorge Cuenca Barreno,0.0,0.0,24
591,Jean-Clair Todibo,0.1900000000000004,0.0,24
592,Julián Araujo Zúñiga,0.16999999999999993,0.0,24
593,Matthijs de Ligt,1.2199999999999998,1.0,24
594,Noussair Mazraoui,3.24,2.0,24
598,Lamare Bogarde,0.3200000000000003,1.0,24
616,Ben Nelson,0.0,0.0,24
626,Issa Kaboré,0.0,0.0,24
627,Roman Dixon,0.0,0.0,24
628,Ferdi Kadioglu,0.05999999999999961,0.0,24
630,Dara O'Shea,2.210000000000001,1.0,24
637,Bastien Meupiyou,0.0,0.0,24
640,Sil Swinkels,0.0,0.0,24
643,Kaelan Casey,0.0,0.0,24
649,Jayden Meghoma,0.4299999999999997,0.0,24
650,Maxence Lacroix,2.619999999999999,9.0,24
653,Felipe Rodrigues da Silva,0.5899999999999999,6.0,24
657,Maldini Kacurri,0.0,0.0,24
658,Ayden Heaven,0.0,0.0,24
662,Josh Nichols,0.0,0.0,24
663,Imari Samuels,0.0,0.0,24
664,Alfie Pond,0.13999999999999968,0.0,24
666,Caleb Kporha,0.0,0.0,24
670,Harry Amass,0.33999999999999986,0.0,24
672,Jahmai Simpson-Pusey,0.03000000000000025,0.0,24
675,Josh Wilson-Esbrand,0.0,0.0,24
677,Ollie Scarles,2.039999999999999,1.0,24
680,Max Kinsey,0.019999999999999574,0.0,24
681,Ruairi McConville,0.0,0.0,24
684,Malachi Hardy,0.0,0.0,24
685,Jacob Slater,0.05999999999999961,0.0,24
686,Ezra Mayers,0.0,0.0,24
690,Samuel Amissah,0.0,0.0,24
691,Godwill Kukonki,0.0,0.0,24
692,Amara Nallo,0.0,0.0,24
697,Josh Acheampong,0.28000000000000025,0.0,24
699,Alfie Dorrington,0.03000000000000025,0.0,24
700,Maeson King,0.0,0.0,24
702,Archie Harris,0.6799999999999997,0.0,24
703,Max Alleyne,0.0,0.0,24
705,Benjamin Arthur,0.009999999999999787,0.0,24
706,Zach Abbott,0.0,0.0,24
708,Thomas Wilson-Brown,0.0,0.0,24
711,Wes Okoduwa,0.0,0.0,24
712,Matai Akinmboni,0.0,0.0,24
713,Julio Soler,0.179785714285714,0.0,24
715,Ben Godfrey,0.019999999999999574,0.0,24
718,Welington Damascena Santos,0.0,1.0,24
719,Joachim Kayi-Sanda,0.0,0.0,24
720,Emmanuel Agbadou,2.6899999999999995,6.0,24
726,Woyo Coulibaly,0.9500000000000002,1.0,24
731,Andrés García,0.0,1.0,24
732,Abdukodir Khusanov,0.6799999999999997,0.0,24
733,Vitor de Oliveira Nunes dos Reis,0.0,0.0,24
757,Michael Kayode,0.0,1.0,24
760,Dante Cassanova,0.029400777249009025,0.0,24
3,Gabriel dos Santos Magalhães,2.380000000000001,6.0,25
6,Jurriën Timber,2.210000000000001,6.0,25
8,Jakub Kiwior,0.5800000000000001,0.0,25
18,William Saliba,3.3000000000000007,6.0,25
21,Kieran Tierney,0.2999999999999998,1.0,25
22,Tomiyasu Takehiro,0.1200000000000001,0.0,25
24,Benjamin White,0.16999999999999993,0.0,25
25,Oleksandr Zinchenko,0.15000000000000036,0.0,25
26,Álex Moreno Lopera,1.0999999999999996,0.0,25
32,Matty Cash,1.9699999999999998,0.0,25
35,Diego Carlos Santos Silva,0.08000000000000007,0.0,25
36,Lucas Digne,2.869999999999999,1.0,25
40,Kortney Hause,0.5199999999999996,0.0,25
43,Kaine Kesler-Hayden,0.0,0.0,25
44,Ezri Konsa Ngoyo,2.08,0.0,25
45,Ian Maatsen,3.289999999999999,1.0,25
49,Tyrone Mings,0.96,2.0,25
50,Kosta Nedeljković,0.41000000000000014,0.0,25
52,Pau Torres,0.1900000000000004,0.0,25
56,Lino da Cruz Sousa,0.0,0.0,25
59,Max Aarons,0.05999999999999961,0.0,25
68,James Hill,0.5199999999999996,0.0,25
70,Milos Kerkez,2.5,2.0,25
72,Chris Mepham,0.0,0.0,25
79,Marcos Senesi,0.1200000000000001,0.0,25
81,Adam Smith,0.33999999999999986,0.0,25
85,Illia Zabarnyi,2.7799999999999994,2.0,25
86,Kristoffer Ajer,1.58,6.0,25
88,Nathan Collins,2.8499999999999996,6.0,25
92,Rico Henry,0.16999999999999993,0.0,25
93,Aaron Hickey,0.0,0.0,25
96,Kim Ji-soo,0.13999999999999968,0.0,25
100,Ben Mee,0.09999999999999964,0.0,25
104,Ethan Pinnock,0.040000000000000036,1.0,25
105,Mads Roerslev Rasmussen,1.9900000000000002,0.0,25
112,Mathias Jorgensen,0.0,0.0,25
116,Valentín Barco,0.0,0.0,25
120,Lewis Dunk,1.75,0.0,25
122,Pervis Estupiñán,0.5499999999999998,0.0,25
128,Igor Julio dos Santos de Paulo,0.3700000000000001,0.0,25
131,Tariq Lamptey,2.09,6.0,25
139,Odeluga Offiah,0.0,0.0,25
144,Jan Paul van Hecke,2.6099999999999994,6.0,25
145,Joël Veltman,2.7300000000000004,6.0,25
147,Adam Webster,0.9000000000000004,6.0,25
153,Benoît Badiashile,1.0,0.0,25
159,Trevoh Chalobah,0.8700000000000001,1.0,25
160,Ben Chilwell,0.0,1.0,25
162,Levi Colwill,2.09,1.0,25
163,Marc Cucurella Saseta,2.1999999999999993,1.0,25
167,Axel Disasi,0.34999999999999964,2.0,25
170,Alfie Gilchrist,0.0,0.0,25
171,Malo Gusto,1.6500000000000004,1.0,25
172,Reece James,2.619999999999999,1.0,25
176,Malang Sarr,0.0,0.0,25
187,Tosin Adarabioyo,1.9400000000000004,0.0,25
189,Wesley Fofana,0.2999999999999998,0.0,25
191,Joachim Andersen,1.9500000000000002,2.0,25
194,Chris Richards,1.7599999999999998,1.0,25
195,Chadi Riad Dnanou,0.0,0.0,25
196,Nathaniel Clyne,0.6100000000000003,0.0,25
200,Marc Guéhi,2.8100000000000005,4.0,25
202,Rob Holding,0.0,0.0,25
210,Tyrick Mitchell,2.9399999999999995,1.0,25
211,Daniel Muñoz,3.6400000000000006,1.0,25
215,Joel Ward,0.0,0.0,25
219,Jarrad Branthwaite,3.75,2.0,25
221,Séamus Coleman,0.5499999999999998,0.0,25
225,Mason Holgate,0.0,0.0,25
228,Michael Keane,0.15000000000000036,0.0,25
231,Vitalii Mykolenko,2.619999999999999,2.0,25
234,Nathan Patterson,0.8700000000000001,0.0,25
236,James Tarkowski,2.5600000000000005,2.0,25
238,Ashley Young,1.0,4.0,25
241,Calvin Bassey,2.59,8.0,25
244,Timothy Castagne,2.25,2.0,25
245,Issa Diop,0.8099999999999996,0.0,25
250,Kevin Mbabu,0.0,0.0,25
253,Tim Ream,0.0,0.0,25
255,Antonee Robinson,3.5199999999999996,2.0,25
257,Kenny Tete,1.7699999999999996,0.0,25
261,Elkan Baggott,0.0,0.0,25
263,Cameron Burgess,0.20000000000000018,0.0,25
266,Harry Clarke,0.28000000000000025,0.0,25
267,Leif Davis,1.62,0.0,25
269,George Edmundson,0.0,0.0,25
270,Jacob Greaves,2.3499999999999996,1.0,25
275,Ben Johnson,1.08,2.0,25
279,Corrie Ndaba,0.0,0.0,25
282,Axel Tuanzebe,1.1600000000000001,-2.0,25
284,Luke Woolfenden,0.11000000000000032,1.0,25
288,Conor Coady,0.28000000000000025,0.0,25
291,Wout Faes,1.9900000000000002,1.0,25
295,James Justin,1.4299999999999997,1.0,25
296,Victor Kristiansen,1.7800000000000002,1.0,25
301,Caleb Okoli,1.1600000000000001,1.0,25
302,Ricardo Barbosa Pereira,0.009999999999999787,0.0,25
303,Harry Souttar,0.0,0.0,25
305,Luke Thomas,0.16000000000000014,0.0,25
307,Jannik Vestergaard,0.9100000000000001,0.0,25
311,Trent Alexander-Arnold,4.58,6.0,25
313,Conor Bradley,1.1799999999999997,1.0,25
322,Joe Gomez,0.03000000000000025,0.0,25
326,Ibrahima Konaté,2.6899999999999995,0.0,25
332,Nathaniel Phillips,0.0,0.0,25
333,Jarell Quansah,0.040000000000000036,1.0,25
334,Rhys Williams,0.0,0.0,25
335,Andrew Robertson,4.73,2.0,25
337,Konstantinos Tsimikas,0.9199999999999999,0.0,25
338,Sepp van den Berg,2.3100000000000005,1.0,25
339,Virgil van Dijk,2.42,1.0,25
340,Manuel Akanji,2.67,0.0,25
341,Nathan Aké,0.25,0.0,25
350,Joško Gvardiol,3.24,6.0,25
353,João Cavaco Cancelo,0.0,0.0,25
355,Rico Lewis,0.6900000000000004,6.0,25
361,Rúben Gato Alves Dias,0.2999999999999998,0.0,25
362,John Stones,3.3900000000000006,6.0,25
363,Kyle Walker,0.08000000000000007,0.0,25
369,Diogo Dalot Teixeira,1.4000000000000004,2.0,25
371,Jonny Evans,0.009999999999999787,0.0,25
376,Victor Lindelöf,0.0,0.0,25
377,Harry Maguire,2.58,2.0,25
379,Tyrell Malacia,0.33999999999999986,0.0,25
380,Lisandro Martínez,2.630000000000001,0.0,25
387,Luke Shaw,0.019999999999999574,0.0,25
388,Aaron Wan-Bissaka,3.09,2.0,25
390,Alex Murphy,0.0,0.0,25
393,Sven Botman,0.33000000000000007,0.0,25
395,Dan Burn,2.789999999999999,0.0,25
399,Lewis Hall,2.3000000000000007,0.0,25
404,Lloyd Kelly,1.13,0.0,25
405,Emil Krafth,0.0,1.0,25
407,Jamaal Lascelles,0.0,0.0,25
408,Jamal Lewis,0.0,0.0,25
409,Tino Livramento,2.1799999999999997,1.0,25
415,Fabian Schär,3.24,0.0,25
416,Matt Targett,0.019999999999999574,0.0,25
418,Kieran Trippier,0.9900000000000002,0.0,25
422,Ola Aina,2.7200000000000006,1.0,25
425,Willy Boly,0.1900000000000004,0.0,25
436,Murillo Santiago Costa dos Santos,3.3900000000000006,1.0,25
437,Neco Williams,3.2300000000000004,1.0,25
438,Omar Richards,0.0,0.0,25
440,Andrew Omobamidele,0.0,0.0,25
441,Jonathan Panzo,0.6200000000000001,0.0,25
444,Harry Toffolo,0.54,0.0,25
448,Joe Worrall,0.0,0.0,25
455,Jan Bednarek,2.0199999999999996,1.0,25
456,Armel Bella-Kotchap,0.0,0.0,25
457,James Bree,2.880000000000001,1.0,25
460,Ronnie Edwards,0.1200000000000001,0.0,25
461,Taylor Harwood-Bellis,1.8899999999999997,0.0,25
464,Juan Larios López,0.0,0.0,25
467,Ryan Manning,1.0999999999999996,1.0,25
472,Jack Stephens,0.5700000000000003,0.0,25
474,Sugawara Yukinari,1.2300000000000004,1.0,25
475,Charlie Taylor,0.3099999999999996,0.0,25
476,Kyle Walker-Peters,1.71,1.0,25
477,Nathan Wood-Gordon,0.33999999999999986,0.0,25
478,Ashley Phillips,0.05999999999999961,0.0,25
484,Ben Davies,2.3599999999999994,5.0,25
486,Radu Drăgușin,1.0300000000000002,0.0,25
487,Emerson Leite de Souza Junior,0.0,0.0,25
495,Pedro Porro,3.16,6.0,25
496,Sergio Reguilón,0.5199999999999996,0.0,25
498,Cristian Romero,0.04999999999999982,0.0,25
504,Djed Spence,1.5,6.0,25
505,Destiny Udogie,0.3099999999999996,0.0,25
506,Micky van de Ven,0.41000000000000014,0.0,25
516,Vladimír Coufal,2.5299999999999994,0.0,25
517,Aaron Cresswell,1.12,0.0,25
520,Emerson Palmieri dos Santos,3.039999999999999,1.0,25
524,Max Kilman,1.5499999999999998,2.0,25
528,Konstantinos Mavropanos,0.96,2.0,25
529,Nayef Aguerd,0.0,0.0,25
532,Kurt Zouma,0.17999999999999972,0.0,25
533,Rayan Aït-Nouri,1.71,1.0,25
542,Craig Dawson,0.16999999999999993,0.0,25
543,Matt Doherty,2.0299999999999994,0.0,25
549,Hugo Bueno López,0.0,0.0,25
552,Ki-Jana Hoever,0.16000000000000014,0.0,25
558,Yerson Mosquera,0.3799999999999999,0.0,25
559,Nélson Cabral Semedo,3.4399999999999995,1.0,25
561,Pedro Cardoso de Lima,0.15000000000000036,1.0,25
564,Santiago Bueno,1.2699999999999996,1.0,25
567,Toti António Gomes,1.4500000000000002,1.0,25
572,Leny Yoro,2.5199999999999996,0.0,25
573,Nikola Milenković,3.51,1.0,25
574,Miodrag Pivaš,0.0,0.0,25
575,Caleb Wiley,0.0,0.0,25
578,Riccardo Calafiori,1.58,1.0,25
579,Ryan Sessegnon,0.1299999999999999,1.0,25
580,Dean Huijsen,2.0999999999999996,2.0,25
582,Jake O'Brien,3.7300000000000004,2.0,25
583,Conor Townsend,0.21999999999999975,2.0,25
586,Jorge Cuenca Barreno,0.0,0.0,25
591,Jean-Clair Todibo,0.17999999999999972,0.0,25
592,Julián Araujo Zúñiga,0.04999999999999982,0.0,25
593,Matthijs de Ligt,1.2999999999999998,2.0,25
594,Noussair Mazraoui,2.01,2.0,25
598,Lamare Bogarde,1.6799999999999997,0.0,25
616,Ben Nelson,0.0,0.0,25
626,Issa Kaboré,0.0,0.0,25
627,Roman Dixon,0.0,0.0,25
628,Ferdi Kadioglu,0.9800000000000004,0.0,25
630,Dara O'Shea,2.039999999999999,2.0,25
637,Bastien Meupiyou,0.0,0.0,25
640,Sil Swinkels,0.0,0.0,25
643,Kaelan Casey,0.0,0.0,25
649,Jayden Meghoma,0.019999999999999574,0.0,25
650,Maxence Lacroix,4.0600000000000005,1.0,25
653,Felipe Rodrigues da Silva,1.21,1.0,25
657,Maldini Kacurri,0.0,0.0,25
658,Ayden Heaven,0.0,0.0,25
662,Josh Nichols,0.0,0.0,25
663,Imari Samuels,0.0,0.0,25
664,Alfie Pond,0.040000000000000036,0.0,25
666,Caleb Kporha,0.03000000000000025,0.0,25
670,Harry Amass,0.5999999999999996,0.0,25
672,Jahmai Simpson-Pusey,0.21999999999999975,0.0,25
675,Josh Wilson-Esbrand,0.0,0.0,25
677,Ollie Scarles,1.62,1.0,25
680,Max Kinsey,0.0,0.0,25
681,Ruairi McConville,0.06954761904761853,0.0,25
684,Malachi Hardy,0.0,0.0,25
685,Jacob Slater,0.0,0.0,25
686,Ezra Mayers,0.0,0.0,25
690,Samuel Amissah,0.0,0.0,25
691,Godwill Kukonki,0.0,0.0,25
692,Amara Nallo,0.0,0.0,25
697,Josh Acheampong,0.21999999999999975,0.0,25
699,Alfie Dorrington,0.1200000000000001,0.0,25
700,Maeson King,0.0,0.0,25
702,Archie Harris,0.0,0.0,25
703,Max Alleyne,0.0,0.0,25
705,Benjamin Arthur,0.0,0.0,25
706,Zach Abbott,0.0,0.0,25
708,Thomas Wilson-Brown,0.0,0.0,25
711,Wes Okoduwa,0.0,0.0,25
712,Matai Akinmboni,0.0,0.0,25
713,Julio Soler,0.009999999999999787,0.0,25
715,Ben Godfrey,0.1200000000000001,0.0,25
718,Welington Damascena Santos,1.0199999999999996,0.0,25
719,Joachim Kayi-Sanda,0.0,0.0,25
720,Emmanuel Agbadou,1.33,0.0,25
726,Woyo Coulibaly,0.7999999999999998,0.0,25
731,Andrés García,0.6299999999999999,2.0,25
732,Abdukodir Khusanov,0.07000000000000028,6.0,25
733,Vitor de Oliveira Nunes dos Reis,0.0,0.0,25
757,Michael Kayode,0.07000000000000028,1.0,25
760,Dante Cassanova,0.0,0.0,25
763,Eiran Cashin,0.16302380952380968,0.0,25
766,Patrick Dorgu,0.0,1.0,25
767,Kevin Danso,0.0,6.0,25
769,Nasser Djiga,0.0,0.0,25
774,Aaron Anselmino,0.029414108211744505,0.0,25
777,Tyler Fredricson,0.029414108211744505,0.0,25
3,Gabriel dos Santos Magalhães,2.7204875577117544,2.0,26
6,Jurriën Timber,2.383940314427077,2.0,26
8,Jakub Kiwior,0.10731093456892093,0.0,26
18,William Saliba,3.36060068032422,2.0,26
21,Kieran Tierney,0.45674507816798826,0.0,26
22,Tomiyasu Takehiro,0.06038301006034974,0.0,26
24,Benjamin White,0.12692141898775766,1.0,26
25,Oleksandr Zinchenko,0.31936887135207126,1.0,26
26,Álex Moreno Lopera,0.2695169641058781,0.0,26
32,Matty Cash,0.8719403914356993,2.0,26
35,Diego Carlos Santos Silva,0.17232733949970758,0.0,26
36,Lucas Digne,1.6844037800333505,0.0,26
40,Kortney Hause,0.09340357881010419,0.0,26
43,Kaine Kesler-Hayden,0.05371976327166372,0.0,26
44,Ezri Konsa Ngoyo,1.8281868621883426,2.0,26
45,Ian Maatsen,1.8586670505546188,2.0,26
49,Tyrone Mings,1.3153793634244302,1.0,26
50,Kosta Nedeljković,0.27550262806906023,0.0,26
52,Pau Torres,0.20354262343144658,0.0,26
56,Lino da Cruz Sousa,0.05992939667570951,0.0,26
59,Max Aarons,0.14482133942780973,0.0,26
68,James Hill,0.2608262234325247,1.0,26
70,Milos Kerkez,2.3358191163438793,1.0,26
72,Chris Mepham,0.05971839642401289,0.0,26
79,Marcos Senesi,0.09444049857075054,0.0,26
81,Adam Smith,0.15733277642791865,0.0,26
85,Illia Zabarnyi,2.489847855758189,-2.0,26
86,Kristoffer Ajer,1.8333902763020715,6.0,26
88,Nathan Collins,2.174777655331548,6.0,26
92,Rico Henry,0.39425915141627144,0.0,26
93,Aaron Hickey,0.059510090056815734,0.0,26
96,Kim Ji-soo,0.15831562183924497,0.0,26
100,Ben Mee,0.18963141350920587,0.0,26
104,Ethan Pinnock,0.71989948884461,6.0,26
105,Mads Roerslev Rasmussen,0.9066480062005304,0.0,26
112,Mathias Jorgensen,0.059510090056815734,0.0,26
116,Valentín Barco,0.11879246560553725,0.0,26
120,Lewis Dunk,1.0154990134651802,0.0,26
122,Pervis Estupiñán,0.5161210233861873,1.0,26
128,Igor Julio dos Santos de Paulo,0.14153028158070313,0.0,26
131,Tariq Lamptey,2.4333210137945542,6.0,26
139,Odeluga Offiah,0.05802890994755394,0.0,26
144,Jan Paul van Hecke,2.681580747358362,6.0,26
145,Joël Veltman,3.00870755151967,0.0,26
147,Adam Webster,1.8193925752174467,6.0,26
153,Benoît Badiashile,0.06438566697727666,0.0,26
159,Trevoh Chalobah,1.3635595071552018,1.0,26
160,Ben Chilwell,1.687634398873005,1.0,26
162,Levi Colwill,2.6644224714718057,1.0,26
163,Marc Cucurella Saseta,2.902931368717608,1.0,26
167,Axel Disasi,0.799042306567026,0.0,26
170,Alfie Gilchrist,0.05971839642401289,0.0,26
171,Malo Gusto,1.9420767686408036,1.0,26
172,Reece James,2.0441612934704576,1.0,26
176,Malang Sarr,0.05371976327166372,0.0,26
187,Tosin Adarabioyo,0.6797839283947207,1.0,26
189,Wesley Fofana,0.09265191653198723,0.0,26
191,Joachim Andersen,2.867119789700336,-1.0,26
194,Chris Richards,2.2781939064335237,6.0,26
195,Chadi Riad Dnanou,0.05992939667570951,0.0,26
196,Nathaniel Clyne,0.4532555501543447,0.0,26
200,Marc Guéhi,2.5746570422216113,5.0,26
202,Rob Holding,0.05802890994755394,0.0,26
210,Tyrick Mitchell,2.8524414841644,6.0,26
211,Daniel Muñoz,3.538336529578796,11.0,26
215,Joel Ward,0.05802890994755394,0.0,26
219,Jarrad Branthwaite,2.2777650514904657,1.0,26
221,Séamus Coleman,0.15236098363277328,0.0,26
225,Mason Holgate,0.11135343962910405,0.0,26
228,Michael Keane,0.2445653496173783,0.0,26
231,Vitalii Mykolenko,3.2488805999595325,1.0,26
234,Nathan Patterson,0.3893269398386474,0.0,26
236,James Tarkowski,2.8591924072702373,1.0,26
238,Ashley Young,1.087347879713568,-1.0,26
241,Calvin Bassey,3.3173013994700646,1.0,26
244,Timothy Castagne,2.8931928517595935,1.0,26
245,Issa Diop,0.2113378137727242,1.0,26
250,Kevin Mbabu,0.11135343962910405,0.0,26
253,Tim Ream,0.05371976327166372,0.0,26
255,Antonee Robinson,3.893932259959456,1.0,26
257,Kenny Tete,0.48765844095394595,0.0,26
261,Elkan Baggott,0.059079530608271646,0.0,26
263,Cameron Burgess,0.7930901628636642,0.0,26
266,Harry Clarke,0.14553464687277362,0.0,26
267,Leif Davis,0.7486541751694507,0.0,26
269,George Edmundson,0.05802890994755394,0.0,26
270,Jacob Greaves,2.6649973700968914,0.0,26
275,Ben Johnson,1.633999209737059,0.0,26
279,Corrie Ndaba,0.05371976327166372,0.0,26
282,Axel Tuanzebe,1.1574916719158237,0.0,26
284,Luke Woolfenden,0.8679805692148248,0.0,26
288,Conor Coady,0.4323001596511338,1.0,26
291,Wout Faes,1.7918900909273656,0.0,26
295,James Justin,1.5288544931508605,0.0,26
296,Victor Kristiansen,1.8966999322654,0.0,26
301,Caleb Okoli,1.5386679277324697,0.0,26
302,Ricardo Barbosa Pereira,0.058884280977541614,0.0,26
303,Harry Souttar,0.05371976327166372,0.0,26
305,Luke Thomas,0.18606694711223515,0.0,26
307,Jannik Vestergaard,0.5871434164726006,1.0,26
311,Trent Alexander-Arnold,4.274192579462268,6.0,26
313,Conor Bradley,0.9355018045441232,0.0,26
322,Joe Gomez,0.17333070673543993,0.0,26
326,Ibrahima Konaté,2.458848554905728,6.0,26
332,Nathaniel Phillips,0.05802890994755394,0.0,26
333,Jarell Quansah,0.41731991002979285,1.0,26
334,Rhys Williams,0.05992939667570951,0.0,26
335,Andrew Robertson,4.226250093486808,6.0,26
337,Konstantinos Tsimikas,0.5917399714164677,1.0,26
338,Sepp van den Berg,1.556041441818536,0.0,26
339,Virgil van Dijk,2.872220153319356,6.0,26
340,Manuel Akanji,1.1601486789443953,0.0,26
341,Nathan Aké,0.5610627242273498,1.0,26
350,Joško Gvardiol,4.6399822748586885,1.0,26
353,João Cavaco Cancelo,0.08984394526104378,0.0,26
355,Rico Lewis,1.5485459719248782,1.0,26
361,Rúben Gato Alves Dias,0.36630856754413,1.0,26
362,John Stones,1.7922044692267978,0.0,26
363,Kyle Walker,0.16949246998657053,0.0,26
369,Diogo Dalot Teixeira,2.026125912668018,1.0,26
371,Jonny Evans,0.061674924225981975,0.0,26
376,Victor Lindelöf,0.058884280977541614,0.0,26
377,Harry Maguire,1.8914674968029246,1.0,26
379,Tyrell Malacia,0.2540404545247634,0.0,26
380,Lisandro Martínez,1.4344317371309288,0.0,26
387,Luke Shaw,0.11135343962910405,0.0,26
388,Aaron Wan-Bissaka,2.9780884226506004,9.0,26
390,Alex Murphy,0.09340357881010419,0.0,26
393,Sven Botman,0.28962807093890497,0.0,26
395,Dan Burn,2.6159978848559877,1.0,26
399,Lewis Hall,1.9458537559148263,7.0,26
404,Lloyd Kelly,0.45820018730457424,0.0,26
405,Emil Krafth,0.29121397800410076,0.0,26
407,Jamaal Lascelles,0.05371976327166372,0.0,26
408,Jamal Lewis,0.10976733683328188,0.0,26
409,Tino Livramento,1.6676430935017503,0.0,26
415,Fabian Schär,2.319616153533895,1.0,26
416,Matt Targett,0.10548221647128919,0.0,26
418,Kieran Trippier,1.1282857379983549,0.0,26
422,Ola Aina,2.5265560063015045,0.0,26
425,Willy Boly,0.26652875348609495,0.0,26
436,Murillo Santiago Costa dos Santos,2.1993534238489225,0.0,26
437,Neco Williams,2.3377286995056927,0.0,26
438,Omar Richards,0.059079530608271646,0.0,26
440,Andrew Omobamidele,0.05992939667570951,0.0,26
441,Jonathan Panzo,0.05371976327166372,0.0,26
444,Harry Toffolo,0.061595023728836296,0.0,26
448,Joe Worrall,0.059079530608271646,0.0,26
455,Jan Bednarek,1.6370091321810234,1.0,26
456,Armel Bella-Kotchap,0.09340357881010419,0.0,26
457,James Bree,2.201318237863193,0.0,26
460,Ronnie Edwards,0.08984394526104378,0.0,26
461,Taylor Harwood-Bellis,1.085855481290297,0.0,26
464,Juan Larios López,0.05802890994755394,0.0,26
467,Ryan Manning,1.301413624837183,0.0,26
472,Jack Stephens,0.24332741725176898,0.0,26
474,Sugawara Yukinari,1.0444786721813628,0.0,26
475,Charlie Taylor,0.22033595350305646,0.0,26
476,Kyle Walker-Peters,2.230612532167182,0.0,26
477,Nathan Wood-Gordon,0.459252580433156,0.0,26
478,Ashley Phillips,0.15124162753128267,0.0,26
484,Ben Davies,2.179183255973669,0.0,26
486,Radu Drăgușin,0.7587206737758576,0.0,26
487,Emerson Leite de Souza Junior,0.05371976327166372,0.0,26
495,Pedro Porro,3.7677118805420093,1.0,26
496,Sergio Reguilón,0.29670194735099464,0.0,26
498,Cristian Romero,0.11525808353981759,0.0,26
504,Djed Spence,2.153182565788322,8.0,26
505,Destiny Udogie,0.20377155964212967,2.0,26
506,Micky van de Ven,0.12777616957358973,0.0,26
516,Vladimír Coufal,0.6908264507781956,0.0,26
517,Aaron Cresswell,0.7619561112913358,6.0,26
520,Emerson Palmieri dos Santos,1.284839892377751,0.0,26
524,Max Kilman,2.1496958986322365,6.0,26
528,Konstantinos Mavropanos,1.313870171253189,1.0,26
529,Nayef Aguerd,0.06038301006034974,0.0,26
532,Kurt Zouma,0.09630200448602722,0.0,26
533,Rayan Aït-Nouri,1.4723208764882951,6.0,26
542,Craig Dawson,0.1620990241765501,0.0,26
543,Matt Doherty,1.4188088939403878,5.0,26
549,Hugo Bueno López,0.05371976327166372,0.0,26
552,Ki-Jana Hoever,0.08979514154668156,0.0,26
558,Yerson Mosquera,0.10113958555628333,0.0,26
559,Nélson Cabral Semedo,2.1754804743483973,6.0,26
561,Pedro Cardoso de Lima,0.3331145180068722,1.0,26
564,Santiago Bueno,0.8604660109497919,5.0,26
567,Toti António Gomes,1.7949141891080478,6.0,26
572,Leny Yoro,1.0302986692023888,1.0,26
573,Nikola Milenković,2.0153489504201385,5.0,26
574,Miodrag Pivaš,0.05802890994755394,0.0,26
575,Caleb Wiley,0.059079530608271646,0.0,26
578,Riccardo Calafiori,1.1177433709089435,1.0,26
579,Ryan Sessegnon,0.32086963266884627,0.0,26
580,Dean Huijsen,2.8332174202472107,2.0,26
582,Jake O'Brien,2.279671932571601,0.0,26
583,Conor Townsend,1.9816986903755147,0.0,26
586,Jorge Cuenca Barreno,0.38611594688544226,0.0,26
591,Jean-Clair Todibo,0.17097285221773983,5.0,26
592,Julián Araujo Zúñiga,0.09630200448602722,0.0,26
593,Matthijs de Ligt,1.9731642178462234,1.0,26
594,Noussair Mazraoui,1.881030812098972,1.0,26
598,Lamare Bogarde,0.4003204584729847,1.0,26
616,Ben Nelson,0.059079530608271646,0.0,26
626,Issa Kaboré,0.05371976327166372,0.0,26
627,Roman Dixon,0.05802890994755394,0.0,26
628,Ferdi Kadioglu,0.06926161137698461,0.0,26
630,Dara O'Shea,1.9250116574837568,0.0,26
637,Bastien Meupiyou,0.08984394526104378,0.0,26
640,Sil Swinkels,0.05802890994755394,0.0,26
643,Kaelan Casey,0.1386651259165541,0.0,26
649,Jayden Meghoma,0.06123838109033741,0.0,26
650,Maxence Lacroix,2.0139828760384315,6.0,26
653,Felipe Rodrigues da Silva,0.7854798123054207,0.0,26
657,Maldini Kacurri,0.05802890994755394,0.0,26
658,Ayden Heaven,0.05802890994755394,0.0,26
662,Josh Nichols,0.05992939667570951,0.0,26
663,Imari Samuels,0.06038301006034974,0.0,26
664,Alfie Pond,0.10587286797705886,0.0,26
666,Caleb Kporha,0.06010085975992574,0.0,26
670,Harry Amass,0.06038301006034974,0.0,26
672,Jahmai Simpson-Pusey,0.06010085975992574,0.0,26
675,Josh Wilson-Esbrand,0.059079530608271646,0.0,26
677,Ollie Scarles,1.2822605190624508,5.0,26
680,Max Kinsey,0.06038301006034974,0.0,26
681,Ruairi McConville,0.059079530608271646,0.0,26
684,Malachi Hardy,0.05971839642401289,0.0,26
685,Jacob Slater,0.059079530608271646,0.0,26
686,Ezra Mayers,0.059079530608271646,0.0,26
690,Samuel Amissah,0.059079530608271646,0.0,26
691,Godwill Kukonki,0.059079530608271646,0.0,26
692,Amara Nallo,0.059510090056815734,0.0,26
697,Josh Acheampong,0.2173320629291542,0.0,26
699,Alfie Dorrington,0.054575134301651396,0.0,26
700,Maeson King,0.059079530608271646,0.0,26
702,Archie Harris,0.059079530608271646,0.0,26
703,Max Alleyne,0.05371976327166372,0.0,26
705,Benjamin Arthur,0.059079530608271646,0.0,26
706,Zach Abbott,0.05971839642401289,0.0,26
708,Thomas Wilson-Brown,0.05371976327166372,0.0,26
711,Wes Okoduwa,0.059510090056815734,0.0,26
712,Matai Akinmboni,0.059510090056815734,0.0,26
713,Julio Soler,0.05371976327166372,0.0,26
715,Ben Godfrey,0.1259422007672102,-1.0,26
718,Welington Damascena Santos,2.0378997287054315,1.0,26
719,Joachim Kayi-Sanda,0.05371976327166372,0.0,26
720,Emmanuel Agbadou,1.3491002914882761,0.0,26
726,Woyo Coulibaly,0.827421689789321,-1.0,26
731,Andrés García,0.9898422857191482,1.0,26
732,Abdukodir Khusanov,1.1597289050929245,1.0,26
733,Vitor de Oliveira Nunes dos Reis,0.059510090056815734,0.0,26
757,Michael Kayode,0.512364047070891,1.0,26
760,Dante Cassanova,0.05371976327166372,0.0,26
763,Eiran Cashin,0.05371976327166372,0.0,26
766,Patrick Dorgu,0.7563769560724767,1.0,26
767,Kevin Danso,1.7644259488286353,2.0,26
769,Nasser Djiga,0.05371976327166372,1.0,26
774,Aaron Anselmino,0.05371976327166372,0.0,26
777,Tyler Fredricson,0.05371976327166372,0.0,26
782,Ishé Samuels-Smith,0.05371976327166372,0.0,26
3,Gabriel dos Santos Magalhães,3.4618906146211845,6.0,27
6,Jurriën Timber,2.3526652346444568,6.0,27
8,Jakub Kiwior,0.09629686596700981,0.0,27
18,William Saliba,3.2405188053737035,6.0,27
21,Kieran Tierney,0.1733328309896187,1.0,27
22,Tomiyasu Takehiro,0.056616304366860604,0.0,27
24,Benjamin White,0.7801848391581325,1.0,27
25,Oleksandr Zinchenko,0.6445471887804484,1.0,27
26,Álex Moreno Lopera,0.12237157254332143,0.0,27
32,Matty Cash,1.1727675434090248,0.0,27
35,Diego Carlos Santos Silva,0.1732650930413886,0.0,27
36,Lucas Digne,1.0930408687738353,1.0,27
40,Kortney Hause,0.09906132900358955,0.0,27
43,Kaine Kesler-Hayden,0.05333512921356576,0.0,27
44,Ezri Konsa Ngoyo,2.0284706499993543,0.0,27
45,Ian Maatsen,2.4048173121441074,1.0,27
49,Tyrone Mings,1.517550251958692,0.0,27
50,Kosta Nedeljković,0.29184516330203447,0.0,27
52,Pau Torres,0.20923070402524946,0.0,27
56,Lino da Cruz Sousa,0.05568213250246945,0.0,27
59,Max Aarons,0.15962091064706474,0.0,27
68,James Hill,0.8243616099357043,1.0,27
70,Milos Kerkez,1.995480374809948,4.0,27
72,Chris Mepham,0.056616304366860604,0.0,27
79,Marcos Senesi,0.08640227864342531,0.0,27
81,Adam Smith,0.42190947781774923,0.0,27
85,Illia Zabarnyi,1.1991774513615088,0.0,27
86,Kristoffer Ajer,2.154548994989254,2.0,27
88,Nathan Collins,1.7268486501996598,1.0,27
92,Rico Henry,0.05966247133301472,0.0,27
93,Aaron Hickey,0.055931679137940726,0.0,27
96,Kim Ji-soo,0.34497815002947263,0.0,27
100,Ben Mee,0.19552194518416854,0.0,27
104,Ethan Pinnock,1.7200289759416512,2.0,27
105,Mads Roerslev Rasmussen,0.4023545856626365,0.0,27
112,Mathias Jorgensen,0.055931679137940726,0.0,27
116,Valentín Barco,0.11840974667304227,0.0,27
120,Lewis Dunk,0.5134064459870471,0.0,27
122,Pervis Estupiñán,0.46818349808033766,2.0,27
128,Igor Julio dos Santos de Paulo,0.1697371509242327,0.0,27
131,Tariq Lamptey,3.0727119467985506,2.0,27
139,Odeluga Offiah,0.05568213250246945,0.0,27
144,Jan Paul van Hecke,3.818093281138278,1.0,27
145,Joël Veltman,1.298247557842311,0.0,27
147,Adam Webster,3.9163975209711346,2.0,27
153,Benoît Badiashile,0.05879265961286695,0.0,27
159,Trevoh Chalobah,0.8876055381464019,0.0,27
160,Ben Chilwell,0.6665751295450484,0.0,27
162,Levi Colwill,1.7833286688781804,12.0,27
163,Marc Cucurella Saseta,2.405332835587487,12.0,27
167,Axel Disasi,0.6013508491705677,0.0,27
170,Alfie Gilchrist,0.056616304366860604,0.0,27
171,Malo Gusto,2.1769683038913996,6.0,27
172,Reece James,1.8383486966611242,0.0,27
176,Malang Sarr,0.05333512921356576,0.0,27
187,Tosin Adarabioyo,2.045064359989727,9.0,27
189,Wesley Fofana,0.08640227864342531,0.0,27
191,Joachim Andersen,3.415593423918505,2.0,27
194,Chris Richards,2.679782919114203,5.0,27
195,Chadi Riad Dnanou,0.05568213250246945,0.0,27
196,Nathaniel Clyne,0.6183871245949843,0.0,27
200,Marc Guéhi,2.574128437159965,2.0,27
202,Rob Holding,0.05256142500276173,0.0,27
210,Tyrick Mitchell,2.5481681103274614,5.0,27
211,Daniel Muñoz,3.0475968998283793,4.0,27
215,Joel Ward,0.05256142500276173,0.0,27
219,Jarrad Branthwaite,2.251767231295007,2.0,27
221,Séamus Coleman,0.12880237481463208,0.0,27
225,Mason Holgate,0.1080232593775774,0.0,27
228,Michael Keane,0.21625054755857853,0.0,27
231,Vitalii Mykolenko,2.712468397623411,5.0,27
234,Nathan Patterson,0.26955938460412376,0.0,27
236,James Tarkowski,1.6791267952659927,2.0,27
238,Ashley Young,1.7007952035297018,1.0,27
241,Calvin Bassey,2.7221063275077917,1.0,27
244,Timothy Castagne,2.498085740603811,2.0,27
245,Issa Diop,0.7560899493131883,2.0,27
250,Kevin Mbabu,0.10188197132230581,0.0,27
253,Tim Ream,0.05333512921356576,0.0,27
255,Antonee Robinson,2.825150939738819,0.0,27
257,Kenny Tete,0.11990560076950985,0.0,27
261,Elkan Baggott,0.05553192976386079,0.0,27
263,Cameron Burgess,0.5454355745152375,0.0,27
266,Harry Clarke,0.11909416090756775,0.0,27
267,Leif Davis,1.89780839878523,1.0,27
269,George Edmundson,0.05256142500276173,0.0,27
270,Jacob Greaves,2.5350463088181634,1.0,27
275,Ben Johnson,0.8000385940837855,0.0,27
279,Corrie Ndaba,0.05333512921356576,0.0,27
282,Axel Tuanzebe,0.504201138206132,4.0,27
284,Luke Woolfenden,0.8281698808046984,0.0,27
288,Conor Coady,0.37985534274610355,0.0,27
291,Wout Faes,2.3573702803141803,1.0,27
295,James Justin,1.1134694723466723,1.0,27
296,Victor Kristiansen,2.024895698326066,1.0,27
301,Caleb Okoli,1.743306916098465,0.0,27
302,Ricardo Barbosa Pereira,0.05256142500276173,0.0,27
303,Harry Souttar,0.05333512921356576,0.0,27
305,Luke Thomas,0.23401373597775788,1.0,27
307,Jannik Vestergaard,0.9007866143993555,-1.0,27
311,Trent Alexander-Arnold,4.7707351160506395,6.0,27
313,Conor Bradley,0.3574401252059074,0.0,27
322,Joe Gomez,0.19325617178897403,0.0,27
326,Ibrahima Konaté,2.9042368586562546,6.0,27
332,Nathaniel Phillips,0.05256142500276173,0.0,27
333,Jarell Quansah,0.38996856875215347,1.0,27
334,Rhys Williams,0.05568213250246945,0.0,27
335,Andrew Robertson,5.069672817907806,0.0,27
337,Konstantinos Tsimikas,0.5588336420345241,6.0,27
338,Sepp van den Berg,1.2659336317749972,0.0,27
339,Virgil van Dijk,2.904101282575187,6.0,27
340,Manuel Akanji,0.6843302129410382,0.0,27
341,Nathan Aké,1.6139655504211685,0.0,27
350,Joško Gvardiol,4.089095564698209,6.0,27
353,João Cavaco Cancelo,0.08640227864342531,0.0,27
355,Rico Lewis,2.3885790786126133,0.0,27
361,Rúben Gato Alves Dias,0.38810792772395253,6.0,27
362,John Stones,0.8599322962695446,0.0,27
363,Kyle Walker,0.1664613032351987,0.0,27
369,Diogo Dalot Teixeira,1.9308123473699519,4.0,27
371,Jonny Evans,0.05612907462659589,0.0,27
376,Victor Lindelöf,0.05256142500276173,1.0,27
377,Harry Maguire,1.7411998037780139,7.0,27
379,Tyrell Malacia,0.17378741687022803,0.0,27
380,Lisandro Martínez,1.1911833843384976,0.0,27
387,Luke Shaw,0.1080232593775774,0.0,27
388,Aaron Wan-Bissaka,2.800393179705443,6.0,27
390,Alex Murphy,0.09906132900358955,0.0,27
393,Sven Botman,0.24102115542463842,0.0,27
395,Dan Burn,1.6501825265973133,1.0,27
399,Lewis Hall,2.7196144623803526,1.0,27
404,Lloyd Kelly,0.3953229915887695,0.0,27
405,Emil Krafth,0.2921733563018156,0.0,27
407,Jamaal Lascelles,0.05333512921356576,0.0,27
408,Jamal Lewis,0.1030854201518343,0.0,27
409,Tino Livramento,1.7286461143172795,1.0,27
415,Fabian Schär,1.3549441186022264,1.0,27
416,Matt Targett,0.1273356322924002,0.0,27
418,Kieran Trippier,0.6623760626819415,1.0,27
422,Ola Aina,2.6250987399037538,6.0,27
425,Willy Boly,0.2760209255414612,0.0,27
436,Murillo Santiago Costa dos Santos,1.79728437961207,6.0,27
437,Neco Williams,2.386715760072292,6.0,27
438,Omar Richards,0.05553192976386079,0.0,27
440,Andrew Omobamidele,0.05568213250246945,0.0,27
441,Jonathan Panzo,0.05333512921356576,0.0,27
444,Harry Toffolo,0.06126542209945196,0.0,27
448,Joe Worrall,0.05553192976386079,0.0,27
455,Jan Bednarek,1.7550240184802437,0.0,27
456,Armel Bella-Kotchap,0.8596749060877666,0.0,27
457,James Bree,1.5129624684447291,0.0,27
460,Ronnie Edwards,0.08640227864342531,0.0,27
461,Taylor Harwood-Bellis,0.9569222663823505,1.0,27
464,Juan Larios López,0.05256142500276173,0.0,27
467,Ryan Manning,0.702125591291435,0.0,27
472,Jack Stephens,0.2412770572007581,0.0,27
474,Sugawara Yukinari,0.7722546436864404,0.0,27
475,Charlie Taylor,0.24815837330937995,0.0,27
476,Kyle Walker-Peters,1.811025382667303,0.0,27
477,Nathan Wood-Gordon,0.26525208148259605,0.0,27
478,Ashley Phillips,0.11557979709065602,0.0,27
484,Ben Davies,0.7888222225219073,0.0,27
486,Radu Drăgușin,0.30230859079072747,0.0,27
487,Emerson Leite de Souza Junior,0.05333512921356576,0.0,27
495,Pedro Porro,2.5982628749092047,2.0,27
496,Sergio Reguilón,0.2101721866503059,0.0,27
498,Cristian Romero,0.10066674165310374,0.0,27
504,Djed Spence,2.53302916268858,1.0,27
505,Destiny Udogie,0.9255326823083454,2.0,27
506,Micky van de Ven,0.15353334742247782,0.0,27
516,Vladimír Coufal,0.4528848389794966,0.0,27
517,Aaron Cresswell,2.8278038418799394,6.0,27
520,Emerson Palmieri dos Santos,1.4908018169786006,1.0,27
524,Max Kilman,2.2243672808722597,6.0,27
528,Konstantinos Mavropanos,1.1857905928669705,1.0,27
529,Nayef Aguerd,0.056616304366860604,0.0,27
532,Kurt Zouma,0.09285874180743914,0.0,27
533,Rayan Aït-Nouri,2.640108928266134,1.0,27
542,Craig Dawson,0.1870706533093358,0.0,27
543,Matt Doherty,2.8350129462456763,1.0,27
549,Hugo Bueno López,0.05333512921356576,0.0,27
552,Ki-Jana Hoever,0.09428782468328745,0.0,27
558,Yerson Mosquera,0.11023045035293322,0.0,27
559,Nélson Cabral Semedo,2.6167806298218803,4.0,27
561,Pedro Cardoso de Lima,1.0348556850215447,0.0,27
564,Santiago Bueno,0.981177121136831,0.0,27
567,Toti António Gomes,1.9529857941331414,1.0,27
572,Leny Yoro,0.4295127481802865,0.0,27
573,Nikola Milenković,1.5337549467283482,5.0,27
574,Miodrag Pivaš,0.05256142500276173,0.0,27
575,Caleb Wiley,0.05553192976386079,0.0,27
578,Riccardo Calafiori,1.0287744651323623,0.0,27
579,Ryan Sessegnon,0.27981634537576117,8.0,27
580,Dean Huijsen,3.2929707007343794,1.0,27
582,Jake O'Brien,1.688506809278616,8.0,27
583,Conor Townsend,0.6986368665777336,0.0,27
586,Jorge Cuenca Barreno,0.05966247133301472,2.0,27
591,Jean-Clair Todibo,0.932864735147203,6.0,27
592,Julián Araujo Zúñiga,0.09285874180743914,0.0,27
593,Matthijs de Ligt,1.5915103125866796,7.0,27
594,Noussair Mazraoui,2.2477330783494676,0.0,27
598,Lamare Bogarde,0.5219916921906682,0.0,27
616,Ben Nelson,0.05553192976386079,0.0,27
626,Issa Kaboré,0.05333512921356576,0.0,27
627,Roman Dixon,0.05256142500276173,0.0,27
628,Ferdi Kadioglu,0.07286790219199712,0.0,27
630,Dara O'Shea,1.7475828803535434,0.0,27
637,Bastien Meupiyou,0.08640227864342531,0.0,27
640,Sil Swinkels,0.05256142500276173,0.0,27
643,Kaelan Casey,0.1249560713230009,0.0,27
649,Jayden Meghoma,0.05953600897757205,0.0,27
650,Maxence Lacroix,1.9549607972970318,2.0,27
653,Felipe Rodrigues da Silva,0.5836837057649618,0.0,27
657,Maldini Kacurri,0.05256142500276173,0.0,27
658,Ayden Heaven,0.05256142500276173,0.0,27
662,Josh Nichols,0.05568213250246945,0.0,27
663,Imari Samuels,0.056616304366860604,0.0,27
664,Alfie Pond,0.11023045035293322,0.0,27
666,Caleb Kporha,0.05953600897757205,0.0,27
670,Harry Amass,0.056616304366860604,0.0,27
672,Jahmai Simpson-Pusey,0.05953600897757205,0.0,27
675,Josh Wilson-Esbrand,0.05553192976386079,0.0,27
677,Ollie Scarles,1.6642558716533387,6.0,27
680,Max Kinsey,0.056616304366860604,0.0,27
681,Ruairi McConville,0.05553192976386079,0.0,27
684,Malachi Hardy,0.056616304366860604,0.0,27
685,Jacob Slater,0.05553192976386079,0.0,27
686,Ezra Mayers,0.05553192976386079,0.0,27
690,Samuel Amissah,0.05553192976386079,0.0,27
691,Godwill Kukonki,0.055931679137940726,0.0,27
692,Amara Nallo,0.055931679137940726,0.0,27
697,Josh Acheampong,0.20553350867022413,1.0,27
699,Alfie Dorrington,0.056254833824277206,0.0,27
700,Maeson King,0.05553192976386079,0.0,27
702,Archie Harris,0.05553192976386079,0.0,27
703,Max Alleyne,0.055931679137940726,0.0,27
705,Benjamin Arthur,0.05553192976386079,0.0,27
706,Zach Abbott,0.056616304366860604,0.0,27
708,Thomas Wilson-Brown,0.05333512921356576,0.0,27
711,Wes Okoduwa,0.055931679137940726,0.0,27
712,Matai Akinmboni,0.055931679137940726,0.0,27
713,Julio Soler,0.055931679137940726,0.0,27
715,Ben Godfrey,0.782698708414685,0.0,27
718,Welington Damascena Santos,1.4450413234546184,1.0,27
719,Joachim Kayi-Sanda,0.05333512921356576,0.0,27
720,Emmanuel Agbadou,0.7326737042254035,0.0,27
726,Woyo Coulibaly,1.1962027303640177,0.0,27
731,Andrés García,0.9859871126454047,1.0,27
732,Abdukodir Khusanov,2.0792600135390664,6.0,27
733,Vitor de Oliveira Nunes dos Reis,0.055931679137940726,0.0,27
757,Michael Kayode,0.7579192104374917,1.0,27
760,Dante Cassanova,0.05333512921356576,0.0,27
763,Eiran Cashin,0.05333512921356576,0.0,27
766,Patrick Dorgu,1.512388949331636,-3.0,27
767,Kevin Danso,2.2014197432195566,2.0,27
769,Nasser Djiga,0.7967023927140735,0.0,27
774,Aaron Anselmino,0.05333512921356576,0.0,27
777,Tyler Fredricson,0.05333512921356576,0.0,27
782,Ishé Samuels-Smith,0.05333512921356576,0.0,27
3,Gabriel dos Santos Magalhães,3.91895262811798,2.0,28
6,Jurriën Timber,2.54537816984762,5.0,28
8,Jakub Kiwior,0.30713406171896285,0.0,28
18,William Saliba,3.8832688073319304,2.0,28
21,Kieran Tierney,1.3652816181291199,1.0,28
22,Tomiyasu Takehiro,0.04159927417421727,0.0,28
24,Benjamin White,1.5782424442187475,0.0,28
25,Oleksandr Zinchenko,0.6788609395735081,0.0,28
26,Álex Moreno Lopera,0.28143875228003257,0.0,28
32,Matty Cash,0.8303710216226623,0.0,28
35,Diego Carlos Santos Silva,0.07408477948028835,0.0,28
36,Lucas Digne,1.5385657381873354,6.0,28
40,Kortney Hause,0.059759027316548696,0.0,28
43,Kaine Kesler-Hayden,0.0217711254220605,0.0,28
44,Ezri Konsa Ngoyo,0.9999993488037431,6.0,28
45,Ian Maatsen,0.9764078696176943,0.0,28
49,Tyrone Mings,0.790627679778237,6.0,28
50,Kosta Nedeljković,0.07346418839760815,0.0,28
52,Pau Torres,0.27580151137090514,0.0,28
56,Lino da Cruz Sousa,0.0217711254220605,0.0,28
59,Max Aarons,0.04326729454011602,0.0,28
68,James Hill,1.923058761902551,1.0,28
70,Milos Kerkez,2.062956498019288,4.0,28
72,Chris Mepham,0.04159927417421727,0.0,28
79,Marcos Senesi,0.043802966280912514,0.0,28
81,Adam Smith,0.05483661932572215,0.0,28
85,Illia Zabarnyi,0.23291178078713504,0.0,28
86,Kristoffer Ajer,2.4511130301977193,1.0,28
88,Nathan Collins,1.8505120742869599,1.0,28
92,Rico Henry,0.039142728905636304,0.0,28
93,Aaron Hickey,0.039142728905636304,0.0,28
96,Kim Ji-soo,0.06665065266502168,1.0,28
100,Ben Mee,0.2007774563218767,0.0,28
104,Ethan Pinnock,1.8868749243132923,2.0,28
105,Mads Roerslev Rasmussen,0.4076932564905542,0.0,28
112,Mathias Jorgensen,0.04159927417421727,0.0,28
116,Valentín Barco,0.018185103699345895,0.0,28
120,Lewis Dunk,0.1254826753024716,0.0,28
122,Pervis Estupiñán,1.5759550740382204,2.0,28
128,Igor Julio dos Santos de Paulo,0.0934341874723188,0.0,28
131,Tariq Lamptey,1.5005102785437217,0.0,28
139,Odeluga Offiah,0.0217711254220605,0.0,28
144,Jan Paul van Hecke,3.166910444586968,8.0,28
145,Joël Veltman,0.260077189438098,0.0,28
147,Adam Webster,3.727156772492455,2.0,28
153,Benoît Badiashile,0.03782698583340771,0.0,28
159,Trevoh Chalobah,0.6034832471806499,1.0,28
160,Ben Chilwell,0.8080916173511667,0.0,28
162,Levi Colwill,3.6981719912697066,6.0,28
163,Marc Cucurella Saseta,2.7864219545374453,12.0,28
167,Axel Disasi,1.2057581436738802,6.0,28
170,Alfie Gilchrist,0.0217711254220605,0.0,28
171,Malo Gusto,2.624540850868355,0.0,28
172,Reece James,1.594030914819517,0.0,28
176,Malang Sarr,0.04159927417421727,0.0,28
187,Tosin Adarabioyo,2.636920442919841,6.0,28
189,Wesley Fofana,0.27798511257335257,6.0,28
191,Joachim Andersen,1.8107675586026772,0.0,28
194,Chris Richards,3.490018286477392,5.0,28
195,Chadi Riad Dnanou,0.039142728905636304,0.0,28
196,Nathaniel Clyne,0.5271706462979378,0.0,28
200,Marc Guéhi,4.001548634926026,5.0,28
202,Rob Holding,0.027578503287589484,0.0,28
210,Tyrick Mitchell,2.9407807554335115,6.0,28
211,Daniel Muñoz,3.418724260666046,6.0,28
215,Joel Ward,0.039142728905636304,0.0,28
219,Jarrad Branthwaite,2.7094888979219824,2.0,28
221,Séamus Coleman,0.1111257429962551,0.0,28
225,Mason Holgate,0.0217711254220605,0.0,28
228,Michael Keane,0.1206176018821079,0.0,28
231,Vitalii Mykolenko,3.291414561956163,2.0,28
234,Nathan Patterson,0.16749679591258637,0.0,28
236,James Tarkowski,2.444766014975933,2.0,28
238,Ashley Young,0.9547934429054754,1.0,28
241,Calvin Bassey,2.059383878390543,1.0,28
244,Timothy Castagne,1.9844910159802636,1.0,28
245,Issa Diop,1.325968739106476,1.0,28
250,Kevin Mbabu,0.0217711254220605,0.0,28
253,Tim Ream,0.04159927417421727,0.0,28
255,Antonee Robinson,2.4439395668535315,0.0,28
257,Kenny Tete,0.08341697556631367,0.0,28
261,Elkan Baggott,0.0217711254220605,0.0,28
263,Cameron Burgess,0.37060182500146865,0.0,28
266,Harry Clarke,0.035008470573565376,0.0,28
267,Leif Davis,1.9773868000358137,2.0,28
269,George Edmundson,0.0217711254220605,0.0,28
270,Jacob Greaves,1.0773663961307465,1.0,28
275,Ben Johnson,0.287198935330613,1.0,28
279,Corrie Ndaba,0.0217711254220605,0.0,28
282,Axel Tuanzebe,1.116003579940636,0.0,28
284,Luke Woolfenden,0.7124959207915307,2.0,28
288,Conor Coady,0.2450769216134825,2.0,28
291,Wout Faes,1.694021886533017,2.0,28
295,James Justin,1.3551792541418637,2.0,28
296,Victor Kristiansen,2.0680593361964252,2.0,28
301,Caleb Okoli,0.2711508234910678,0.0,28
302,Ricardo Barbosa Pereira,0.039609545042766925,1.0,28
303,Harry Souttar,0.0217711254220605,0.0,28
305,Luke Thomas,0.228620568924101,2.0,28
307,Jannik Vestergaard,1.768767896898364,0.0,28
311,Trent Alexander-Arnold,3.6495277178865333,2.0,28
313,Conor Bradley,0.1785707510631278,0.0,28
322,Joe Gomez,0.06965830913790416,0.0,28
326,Ibrahima Konaté,2.6822349816147604,2.0,28
332,Nathaniel Phillips,0.0217711254220605,0.0,28
333,Jarell Quansah,0.412592467503079,1.0,28
334,Rhys Williams,0.0217711254220605,0.0,28
335,Andrew Robertson,2.022756754507517,1.0,28
337,Konstantinos Tsimikas,1.9183326466400583,0.0,28
338,Sepp van den Berg,0.16028442991354463,0.0,28
339,Virgil van Dijk,3.2335219003029643,2.0,28
340,Manuel Akanji,0.10093738177323619,0.0,28
341,Nathan Aké,0.6999183742577717,0.0,28
350,Joško Gvardiol,3.0239443844255565,2.0,28
353,João Cavaco Cancelo,0.04437751031513759,0.0,28
355,Rico Lewis,1.0526904568934006,1.0,28
361,Rúben Gato Alves Dias,1.7515124926123313,2.0,28
362,John Stones,0.20434195070887728,0.0,28
363,Kyle Walker,0.0865650229225059,0.0,28
369,Diogo Dalot Teixeira,1.5661392858349608,2.0,28
371,Jonny Evans,0.04159927417421727,0.0,28
376,Victor Lindelöf,0.1699413613957219,2.0,28
377,Harry Maguire,3.117492179231551,0.0,28
379,Tyrell Malacia,0.043662414097923374,0.0,28
380,Lisandro Martínez,0.27967421433715156,0.0,28
387,Luke Shaw,0.04159927417421727,0.0,28
388,Aaron Wan-Bissaka,2.7925032176731452,2.0,28
390,Alex Murphy,0.0198319498992392,0.0,28
393,Sven Botman,0.12225604360569697,0.0,28
395,Dan Burn,2.5460622601952068,5.0,28
399,Lewis Hall,2.983361011500504,0.0,28
404,Lloyd Kelly,0.2184171017497345,0.0,28
405,Emil Krafth,0.20718699308685196,0.0,28
407,Jamaal Lascelles,0.04159927417421727,0.0,28
408,Jamal Lewis,0.0217711254220605,0.0,28
409,Tino Livramento,2.6633146930012863,6.0,28
415,Fabian Schär,2.4123169215234093,6.0,28
416,Matt Targett,0.11762145577983318,0.0,28
418,Kieran Trippier,1.7868802143901537,6.0,28
422,Ola Aina,2.492043671408707,6.0,28
425,Willy Boly,0.11994863443065462,0.0,28
436,Murillo Santiago Costa dos Santos,2.499309566863957,6.0,28
437,Neco Williams,3.231572294365124,6.0,28
438,Omar Richards,0.04159927417421727,0.0,28
440,Andrew Omobamidele,0.027578503287589484,0.0,28
441,Jonathan Panzo,0.0217711254220605,0.0,28
444,Harry Toffolo,0.04653548900191318,0.0,28
448,Joe Worrall,0.04159927417421727,0.0,28
455,Jan Bednarek,1.32142553583176,1.0,28
456,Armel Bella-Kotchap,1.0794817112732815,1.0,28
457,James Bree,0.7540933629682618,0.0,28
460,Ronnie Edwards,0.0217711254220605,0.0,28
461,Taylor Harwood-Bellis,0.7775877729963003,1.0,28
464,Juan Larios López,0.06169820283937,0.0,28
467,Ryan Manning,1.3076891560405155,1.0,28
472,Jack Stephens,0.0671482592617858,0.0,28
474,Sugawara Yukinari,0.778755573270737,1.0,28
475,Charlie Taylor,0.13427632457760286,0.0,28
476,Kyle Walker-Peters,1.721696316093472,1.0,28
477,Nathan Wood-Gordon,0.18012342168193118,0.0,28
478,Ashley Phillips,0.0217711254220605,0.0,28
484,Ben Davies,0.1836378093355675,0.0,28
486,Radu Drăgușin,0.22388938733198138,0.0,28
487,Emerson Leite de Souza Junior,0.04159927417421727,0.0,28
495,Pedro Porro,2.3311997774082585,1.0,28
496,Sergio Reguilón,0.26053274167136475,0.0,28
498,Cristian Romero,0.3040370870386644,2.0,28
504,Djed Spence,2.245651357789532,1.0,28
505,Destiny Udogie,1.1265022062752053,1.0,28
506,Micky van de Ven,0.422864986887622,1.0,28
516,Vladimír Coufal,0.12868641527824476,0.0,28
517,Aaron Cresswell,2.032105314959642,2.0,28
520,Emerson Palmieri dos Santos,0.970319092366247,0.0,28
524,Max Kilman,2.5239124145602005,2.0,28
528,Konstantinos Mavropanos,0.5001334789796728,1.0,28
529,Nayef Aguerd,0.04159927417421727,0.0,28
532,Kurt Zouma,0.04159927417421727,0.0,28
533,Rayan Aït-Nouri,3.509598374838479,2.0,28
542,Craig Dawson,0.2591859081228529,0.0,28
543,Matt Doherty,2.564519639524949,2.0,28
549,Hugo Bueno López,0.04159927417421727,0.0,28
552,Ki-Jana Hoever,0.0217711254220605,0.0,28
558,Yerson Mosquera,0.11183920313766382,0.0,28
559,Nélson Cabral Semedo,2.7084143064377564,2.0,28
561,Pedro Cardoso de Lima,0.3303672534722386,0.0,28
564,Santiago Bueno,1.3530713653880309,1.0,28
567,Toti António Gomes,1.7448474933184777,2.0,28
572,Leny Yoro,1.2034963228998699,1.0,28
573,Nikola Milenković,2.51775180109761,6.0,28
574,Miodrag Pivaš,0.0217711254220605,0.0,28
575,Caleb Wiley,0.0217711254220605,0.0,28
578,Riccardo Calafiori,1.399135034222975,1.0,28
579,Ryan Sessegnon,0.8769321876673466,1.0,28
580,Dean Huijsen,2.172239959829934,0.0,28
582,Jake O'Brien,3.399084987035069,2.0,28
583,Conor Townsend,0.3668694991109014,0.0,28
586,Jorge Cuenca Barreno,1.1131378152354072,0.0,28
591,Jean-Clair Todibo,1.5284129029992517,2.0,28
592,Julián Araujo Zúñiga,0.05238252096967333,0.0,28
593,Matthijs de Ligt,1.6510393626292963,2.0,28
594,Noussair Mazraoui,1.6238047400172082,2.0,28
598,Lamare Bogarde,1.0194124907370377,0.0,28
616,Ben Nelson,0.0217711254220605,0.0,28
626,Issa Kaboré,0.04159927417421727,0.0,28
627,Roman Dixon,0.031953863215314904,0.0,28
628,Ferdi Kadioglu,0.04159927417421727,0.0,28
630,Dara O'Shea,1.1678854693545055,2.0,28
637,Bastien Meupiyou,0.06591039386815378,0.0,28
640,Sil Swinkels,0.0217711254220605,0.0,28
643,Kaelan Casey,0.047264755300005845,0.0,28
649,Jayden Meghoma,0.0217711254220605,0.0,28
650,Maxence Lacroix,2.7273076221024937,6.0,28
653,Felipe Rodrigues da Silva,0.662816658293421,1.0,28
657,Maldini Kacurri,0.0217711254220605,0.0,28
658,Ayden Heaven,0.058632784261272164,1.0,28
662,Josh Nichols,0.058632784261272164,0.0,28
663,Imari Samuels,0.0217711254220605,0.0,28
664,Alfie Pond,0.06989399256027617,0.0,28
666,Caleb Kporha,0.0454278925340752,0.0,28
670,Harry Amass,0.031953863215314904,0.0,28
672,Jahmai Simpson-Pusey,0.036164952106978454,0.0,28
675,Josh Wilson-Esbrand,0.0217711254220605,0.0,28
677,Ollie Scarles,2.0635104530988038,2.0,28
680,Max Kinsey,0.053069352944841164,0.0,28
681,Ruairi McConville,0.0217711254220605,0.0,28
684,Malachi Hardy,0.031953863215314904,0.0,28
685,Jacob Slater,0.053069352944841164,0.0,28
686,Ezra Mayers,0.031190997714714896,0.0,28
690,Samuel Amissah,0.053069352944841164,0.0,28
691,Godwill Kukonki,0.0217711254220605,0.0,28
692,Amara Nallo,0.0217711254220605,0.0,28
697,Josh Acheampong,0.28838090840087727,0.0,28
699,Alfie Dorrington,0.0217711254220605,0.0,28
700,Maeson King,0.031953863215314904,0.0,28
702,Archie Harris,0.040896368873833744,0.0,28
703,Max Alleyne,0.031953863215314904,0.0,28
705,Benjamin Arthur,0.040896368873833744,0.0,28
706,Zach Abbott,0.06169820283937,0.0,28
708,Thomas Wilson-Brown,0.0217711254220605,0.0,28
711,Wes Okoduwa,0.036164952106978454,0.0,28
712,Matai Akinmboni,0.031953863215314904,0.0,28
713,Julio Soler,0.06600903534610314,0.0,28
715,Ben Godfrey,0.3104372371795421,0.0,28
718,Welington Damascena Santos,0.7211544932023068,0.0,28
719,Joachim Kayi-Sanda,0.031953863215314904,0.0,28
720,Emmanuel Agbadou,0.3159688831561196,2.0,28
726,Woyo Coulibaly,0.6328699507682254,0.0,28
731,Andrés García,1.0202033695642552,0.0,28
732,Abdukodir Khusanov,1.9906904265570038,2.0,28
733,Vitor de Oliveira Nunes dos Reis,0.06566401423039281,0.0,28
757,Michael Kayode,0.8819468674720543,0.0,28
760,Dante Cassanova,0.028962553697096105,0.0,28
763,Eiran Cashin,0.1261034982541176,0.0,28
766,Patrick Dorgu,1.357988380802512,0.0,28
767,Kevin Danso,2.122429475180404,1.0,28
769,Nasser Djiga,0.3370344758615884,0.0,28
774,Aaron Anselmino,0.0217711254220605,0.0,28
777,Tyler Fredricson,0.0217711254220605,0.0,28
782,Ishé Samuels-Smith,0.0217711254220605,0.0,28
786,Benjamin Fredrick,0.0217711254220605,0.0,28
787,Genesis Antwi,0.0217711254220605,0.0,28
3,Gabriel dos Santos Magalhães,2.8859112998503385,5.0,29
6,Jurriën Timber,2.0107541152318635,6.0,29
8,Jakub Kiwior,0.23392632917293543,0.0,29
18,William Saliba,2.9826726472210616,6.0,29
21,Kieran Tierney,0.6071525999799547,1.0,29
22,Tomiyasu Takehiro,0.06321169991573594,0.0,29
24,Benjamin White,0.8736670192586615,0.0,29
25,Oleksandr Zinchenko,0.5182151461086226,0.0,29
26,Álex Moreno Lopera,0.29147611918280436,0.0,29
59,Max Aarons,0.08857984761178006,0.0,29
68,James Hill,1.9716636797322504,0.0,29
70,Milos Kerkez,2.4155940383035794,4.0,29
72,Chris Mepham,0.05184863599890033,0.0,29
79,Marcos Senesi,0.20719908066976167,0.0,29
81,Adam Smith,0.10863813045531501,0.0,29
85,Illia Zabarnyi,0.4981896630778122,1.0,29
86,Kristoffer Ajer,2.3298301662180645,2.0,29
88,Nathan Collins,1.904694837750137,2.0,29
92,Rico Henry,0.05676104927150316,0.0,29
93,Aaron Hickey,0.05184863599890033,0.0,29
96,Kim Ji-soo,0.44503940937119957,0.0,29
100,Ben Mee,0.1959065081652147,1.0,29
104,Ethan Pinnock,1.993807641769716,2.0,29
105,Mads Roerslev Rasmussen,0.2970915758575625,0.0,29
112,Mathias Jorgensen,0.0514747530423767,0.0,29
116,Valentín Barco,0.12925334216938467,0.0,29
120,Lewis Dunk,0.2954430268384387,0.0,29
122,Pervis Estupiñán,1.8892443285220857,7.0,29
128,Igor Julio dos Santos de Paulo,0.11071730354731635,0.0,29
131,Tariq Lamptey,0.6155456861363957,0.0,29
139,Odeluga Offiah,0.05373746719015582,0.0,29
144,Jan Paul van Hecke,2.9342669573738096,1.0,29
145,Joël Veltman,0.5094303150932173,0.0,29
147,Adam Webster,2.283795260963039,1.0,29
153,Benoît Badiashile,0.07274898783869421,2.0,29
159,Trevoh Chalobah,0.8365037380326505,0.0,29
162,Levi Colwill,2.905414275772964,1.0,29
163,Marc Cucurella Saseta,2.6159249365120854,2.0,29
170,Alfie Gilchrist,0.05184863599890033,0.0,29
171,Malo Gusto,0.9630187576435594,1.0,29
172,Reece James,0.8140531886982396,2.0,29
176,Malang Sarr,0.05016584210292496,0.0,29
187,Tosin Adarabioyo,2.606837064429767,1.0,29
189,Wesley Fofana,1.1176032473965174,1.0,29
191,Joachim Andersen,1.4559930297386252,6.0,29
219,Jarrad Branthwaite,3.0841000967179184,2.0,29
221,Séamus Coleman,0.07963724830974606,0.0,29
225,Mason Holgate,0.10345361702014966,0.0,29
228,Michael Keane,0.20314701854872474,0.0,29
231,Vitalii Mykolenko,3.3991086083814643,2.0,29
234,Nathan Patterson,0.3331832952397136,0.0,29
236,James Tarkowski,2.5409570138789714,2.0,29
238,Ashley Young,0.9181694729764889,0.0,29
241,Calvin Bassey,2.6444962110566426,6.0,29
244,Timothy Castagne,2.9113637117368096,6.0,29
245,Issa Diop,2.3526892819469687,0.0,29
250,Kevin Mbabu,0.09942177899251714,0.0,29
253,Tim Ream,0.05016584210292496,0.0,29
255,Antonee Robinson,3.0148156702065236,6.0,29
257,Kenny Tete,0.2555049909385083,0.0,29
261,Elkan Baggott,0.05184863599890033,0.0,29
263,Cameron Burgess,0.23302641416051895,1.0,29
266,Harry Clarke,0.08245473294549654,0.0,29
267,Leif Davis,2.669475425362494,0.0,29
269,George Edmundson,0.05373746719015582,0.0,29
270,Jacob Greaves,0.6029202450245723,0.0,29
275,Ben Johnson,1.124641598488341,0.0,29
279,Corrie Ndaba,0.05016584210292496,0.0,29
282,Axel Tuanzebe,0.6118807893870102,0.0,29
284,Luke Woolfenden,0.9208947023640102,0.0,29
288,Conor Coady,1.4470248751283288,1.0,29
291,Wout Faes,2.2783976649173887,1.0,29
295,James Justin,2.3017893802262996,1.0,29
296,Victor Kristiansen,2.1821358218658062,1.0,29
301,Caleb Okoli,0.5686170870261762,0.0,29
302,Ricardo Barbosa Pereira,0.6179596563673222,0.0,29
303,Harry Souttar,0.05016584210292496,0.0,29
305,Luke Thomas,1.3172001128325572,1.0,29
307,Jannik Vestergaard,0.7410886026823462,0.0,29
338,Sepp van den Berg,0.5259453675772816,1.0,29
340,Manuel Akanji,0.38882952623558076,0.0,29
341,Nathan Aké,0.41375830388602974,0.0,29
350,Joško Gvardiol,3.2667924248381315,1.0,29
353,João Cavaco Cancelo,0.0933703371061041,0.0,29
355,Rico Lewis,0.8723178155794233,1.0,29
361,Rúben Gato Alves Dias,1.9038295628813477,1.0,29
362,John Stones,0.40044681131262294,0.0,29
363,Kyle Walker,0.2876645403678948,0.0,29
369,Diogo Dalot Teixeira,2.5754118522196716,9.0,29
371,Jonny Evans,0.07199290926738033,0.0,29
376,Victor Lindelöf,1.9953927243767398,6.0,29
377,Harry Maguire,1.1650095961944773,0.0,29
379,Tyrell Malacia,0.1113070982593749,0.0,29
380,Lisandro Martínez,0.3662211116531733,0.0,29
387,Luke Shaw,0.11149547459823683,0.0,29
388,Aaron Wan-Bissaka,3.382567728262888,2.0,29
422,Ola Aina,2.5879479033105586,1.0,29
425,Willy Boly,0.20159697028455348,0.0,29
436,Murillo Santiago Costa dos Santos,2.2572757803223187,1.0,29
437,Neco Williams,2.986740011100146,1.0,29
438,Omar Richards,0.05184863599890033,0.0,29
440,Andrew Omobamidele,0.052498982377692904,0.0,29
441,Jonathan Panzo,0.05016584210292496,0.0,29
444,Harry Toffolo,0.09186915941734775,0.0,29
448,Joe Worrall,0.05184863599890033,0.0,29
455,Jan Bednarek,1.1838490230501622,0.0,29
456,Armel Bella-Kotchap,1.1880170905639336,1.0,29
457,James Bree,0.7923080538479281,0.0,29
460,Ronnie Edwards,0.09180498576102547,0.0,29
461,Taylor Harwood-Bellis,1.267704381748147,1.0,29
464,Juan Larios López,0.05373746719015582,0.0,29
467,Ryan Manning,1.9677161197209214,1.0,29
472,Jack Stephens,0.23149758331822845,1.0,29
474,Sugawara Yukinari,1.1443050490157862,1.0,29
475,Charlie Taylor,0.2964504855724881,0.0,29
476,Kyle Walker-Peters,1.6027066139411037,1.0,29
477,Nathan Wood-Gordon,0.24553130137557044,0.0,29
478,Ashley Phillips,0.10345361702014966,0.0,29
484,Ben Davies,0.3587490216549547,1.0,29
486,Radu Drăgușin,0.2442715637644124,0.0,29
487,Emerson Leite de Souza Junior,0.05016584210292496,0.0,29
495,Pedro Porro,2.428534404015261,0.0,29
496,Sergio Reguilón,0.17750428572086285,0.0,29
498,Cristian Romero,0.665135895549251,6.0,29
504,Djed Spence,2.3390905055585165,1.0,29
505,Destiny Udogie,1.1267304245125027,1.0,29
506,Micky van de Ven,0.5832739587848135,0.0,29
516,Vladimír Coufal,0.28904802304627175,0.0,29
517,Aaron Cresswell,2.174373850191497,0.0,29
520,Emerson Palmieri dos Santos,0.5923070063173785,2.0,29
524,Max Kilman,2.2464592652704862,2.0,29
528,Konstantinos Mavropanos,0.34195852375956726,2.0,29
529,Nayef Aguerd,0.052498982377692904,0.0,29
532,Kurt Zouma,0.08530403794648667,0.0,29
533,Rayan Aït-Nouri,2.4471753415965374,2.0,29
542,Craig Dawson,0.24688619417169555,0.0,29
543,Matt Doherty,2.511141224995537,2.0,29
549,Hugo Bueno López,0.05016584210292496,0.0,29
552,Ki-Jana Hoever,0.08179239908768476,0.0,29
558,Yerson Mosquera,0.14881511294747352,0.0,29
559,Nélson Cabral Semedo,2.5350627372855907,2.0,29
561,Pedro Cardoso de Lima,0.5115331865962967,0.0,29
564,Santiago Bueno,0.7502924076571151,1.0,29
567,Toti António Gomes,2.167433644742564,2.0,29
572,Leny Yoro,0.8972802989445059,0.0,29
573,Nikola Milenković,2.629909462916446,10.0,29
575,Caleb Wiley,0.05184863599890033,0.0,29
578,Riccardo Calafiori,1.6385760375578649,0.0,29
579,Ryan Sessegnon,1.3472533488711047,7.0,29
580,Dean Huijsen,1.547609834039677,1.0,29
582,Jake O'Brien,2.4927085775411264,8.0,29
583,Conor Townsend,0.39592071729225164,0.0,29
586,Jorge Cuenca Barreno,0.5116539967704643,0.0,29
591,Jean-Clair Todibo,1.5521268692569077,1.0,29
592,Julián Araujo Zúñiga,0.10922769394901977,0.0,29
593,Matthijs de Ligt,1.5399369130111555,6.0,29
594,Noussair Mazraoui,1.5564717891577375,6.0,29
616,Ben Nelson,0.05184863599890033,0.0,29
626,Issa Kaboré,0.05016584210292496,0.0,29
627,Roman Dixon,0.0547535913986712,0.0,29
628,Ferdi Kadioglu,0.08849687218541913,0.0,29
630,Dara O'Shea,1.617559975249983,3.0,29
637,Bastien Meupiyou,0.0933703371061041,0.0,29
643,Kaelan Casey,0.1604696810551287,0.0,29
649,Jayden Meghoma,0.056686045486363135,0.0,29
653,Felipe Rodrigues da Silva,0.371554274765753,0.0,29
657,Maldini Kacurri,0.05373746719015582,0.0,29
658,Ayden Heaven,0.8498022698254726,1.0,29
662,Josh Nichols,0.05373746719015582,0.0,29
663,Imari Samuels,0.052498982377692904,0.0,29
664,Alfie Pond,0.11740559853263388,0.0,29
670,Harry Amass,0.052498982377692904,1.0,29
672,Jahmai Simpson-Pusey,0.06485916774043865,0.0,29
675,Josh Wilson-Esbrand,0.05184863599890033,0.0,29
677,Ollie Scarles,2.717033208293575,0.0,29
680,Max Kinsey,0.052498982377692904,0.0,29
681,Ruairi McConville,0.05184863599890033,0.0,29
684,Malachi Hardy,0.052498982377692904,0.0,29
685,Jacob Slater,0.05184863599890033,0.0,29
686,Ezra Mayers,0.05184863599890033,0.0,29
690,Samuel Amissah,0.05184863599890033,0.0,29
691,Godwill Kukonki,0.05184863599890033,0.0,29
697,Josh Acheampong,0.4125806544365531,0.0,29
699,Alfie Dorrington,0.05435290521159697,0.0,29
700,Maeson King,0.05184863599890033,0.0,29
702,Archie Harris,0.05184863599890033,0.0,29
703,Max Alleyne,0.05184863599890033,0.0,29
705,Benjamin Arthur,0.05184863599890033,0.0,29
706,Zach Abbott,0.052498982377692904,0.0,29
708,Thomas Wilson-Brown,0.05016584210292496,0.0,29
711,Wes Okoduwa,0.05184863599890033,0.0,29
712,Matai Akinmboni,0.05184863599890033,0.0,29
713,Julio Soler,0.05184863599890033,0.0,29
715,Ben Godfrey,0.18370477507414584,0.0,29
718,Welington Damascena Santos,0.4304732849163022,0.0,29
719,Joachim Kayi-Sanda,0.05016584210292496,0.0,29
720,Emmanuel Agbadou,1.4161978639473771,2.0,29
726,Woyo Coulibaly,0.46680091375391175,0.0,29
732,Abdukodir Khusanov,1.989693322883344,-1.0,29
733,Vitor de Oliveira Nunes dos Reis,0.05184863599890033,0.0,29
757,Michael Kayode,0.5851182734293827,0.0,29
760,Dante Cassanova,0.05016584210292496,0.0,29
763,Eiran Cashin,0.05184863599890033,0.0,29
766,Patrick Dorgu,0.6748668659055044,0.0,29
767,Kevin Danso,1.9653892075121648,0.0,29
769,Nasser Djiga,0.29148628683357725,1.0,29
774,Aaron Anselmino,0.05016584210292496,0.0,29
777,Tyler Fredricson,0.05016584210292496,0.0,29
782,Ishé Samuels-Smith,0.05016584210292496,0.0,29
786,Benjamin Fredrick,0.05016584210292496,0.0,29
787,Genesis Antwi,0.05016584210292496,0.0,29
3,Gabriel dos Santos Magalhães,2.64554385664135,1.0,30
6,Jurriën Timber,3.0988919117731033,6.0,30
8,Jakub Kiwior,0.14373034482830072,2.0,30
18,William Saliba,3.0404718810578952,2.0,30
21,Kieran Tierney,0.8575771412013005,0.0,30
22,Tomiyasu Takehiro,0.055703304102530105,0.0,30
24,Benjamin White,0.43885409284409693,0.0,30
25,Oleksandr Zinchenko,0.41183297215776893,0.0,30
26,Álex Moreno Lopera,0.20342847919126683,1.0,30
32,Matty Cash,0.4056445035412919,6.0,30
35,Diego Carlos Santos Silva,0.17288806000436185,0.0,30
36,Lucas Digne,1.638504782144679,6.0,30
40,Kortney Hause,0.10009148850281147,0.0,30
43,Kaine Kesler-Hayden,0.05263522772196705,0.0,30
44,Ezri Konsa Ngoyo,1.3190800527518016,6.0,30
45,Ian Maatsen,0.5018323012848791,0.0,30
49,Tyrone Mings,0.5509786112359532,0.0,30
50,Kosta Nedeljković,0.17467125080508783,0.0,30
52,Pau Torres,0.16172834834691674,6.0,30
56,Lino da Cruz Sousa,0.055703304102530105,0.0,30
59,Max Aarons,0.14949957087168375,0.0,30
68,James Hill,1.6774877409608804,0.0,30
70,Milos Kerkez,3.266190057062426,1.0,30
72,Chris Mepham,0.053543331835192554,0.0,30
79,Marcos Senesi,0.1371534743789642,1.0,30
81,Adam Smith,0.08107092434914964,1.0,30
85,Illia Zabarnyi,1.3578830473621215,1.0,30
86,Kristoffer Ajer,1.9181694774732163,1.0,30
88,Nathan Collins,1.8575662027588784,1.0,30
92,Rico Henry,0.1364174347409426,0.0,30
93,Aaron Hickey,0.053543331835192554,0.0,30
96,Kim Ji-soo,0.23799305427942752,0.0,30
100,Ben Mee,0.4872943346409304,0.0,30
104,Ethan Pinnock,1.5494012372298815,1.0,30
105,Mads Roerslev Rasmussen,0.1872587231004843,0.0,30
112,Mathias Jorgensen,0.053543331835192554,0.0,30
116,Valentín Barco,0.13505626134870674,0.0,30
120,Lewis Dunk,0.22095664487611888,2.0,30
122,Pervis Estupiñán,2.311186496453786,1.0,30
128,Igor Julio dos Santos de Paulo,0.21643608849584517,0.0,30
131,Tariq Lamptey,0.4352821108965834,0.0,30
139,Odeluga Offiah,0.05639186177535027,0.0,30
144,Jan Paul van Hecke,2.7575860163418486,1.0,30
145,Joël Veltman,0.4715116328450346,0.0,30
147,Adam Webster,1.673195557009337,0.0,30
153,Benoît Badiashile,1.9139517491429823,0.0,30
159,Trevoh Chalobah,0.598448508996599,5.0,30
160,Ben Chilwell,0.33304120296775785,1.0,30
162,Levi Colwill,2.503188857452617,6.0,30
163,Marc Cucurella Saseta,2.513319674344295,5.0,30
167,Axel Disasi,0.7090892854480471,0.0,30
170,Alfie Gilchrist,0.053543331835192554,0.0,30
171,Malo Gusto,0.7005288819913797,6.0,30
172,Reece James,1.442090604425652,1.0,30
176,Malang Sarr,0.05263522772196705,0.0,30
187,Tosin Adarabioyo,1.3361754248969655,1.0,30
189,Wesley Fofana,2.0456828552909627,0.0,30
191,Joachim Andersen,2.787367131695504,0.0,30
194,Chris Richards,1.2814478370091429,0.0,30
195,Chadi Riad Dnanou,0.055703304102530105,0.0,30
196,Nathaniel Clyne,0.1749770064588727,1.0,30
200,Marc Guéhi,2.52492710735058,2.0,30
202,Rob Holding,0.05639186177535027,0.0,30
210,Tyrick Mitchell,1.2638222865998578,1.0,30
211,Daniel Muñoz,3.4032024448360616,2.0,30
215,Joel Ward,0.05639186177535027,0.0,30
219,Jarrad Branthwaite,2.400465089776098,2.0,30
221,Séamus Coleman,0.06664180355905547,0.0,30
225,Mason Holgate,0.08587625885798733,0.0,30
228,Michael Keane,0.2042991296685237,0.0,30
231,Vitalii Mykolenko,2.463748372018644,2.0,30
234,Nathan Patterson,0.1974120538645847,0.0,30
236,James Tarkowski,1.961360009691207,1.0,30
238,Ashley Young,0.7292082071385151,1.0,30
241,Calvin Bassey,2.613561352491619,0.0,30
244,Timothy Castagne,3.229060126720764,1.0,30
245,Issa Diop,1.0007125918951276,1.0,30
250,Kevin Mbabu,0.08587625885798733,0.0,30
253,Tim Ream,0.05263522772196705,0.0,30
255,Antonee Robinson,3.709346739488373,1.0,30
257,Kenny Tete,0.1527768111904333,0.0,30
261,Elkan Baggott,0.053543331835192554,0.0,30
263,Cameron Burgess,0.9735774442548459,2.0,30
266,Harry Clarke,0.08773632356076799,0.0,30
267,Leif Davis,2.237305052919776,0.0,30
269,George Edmundson,0.05639186177535027,0.0,30
270,Jacob Greaves,0.9387420224099374,0.0,30
275,Ben Johnson,0.4484209359131839,2.0,30
279,Corrie Ndaba,0.05263522772196705,0.0,30
282,Axel Tuanzebe,0.6149670892295553,2.0,30
284,Luke Woolfenden,1.2579645906097134,0.0,30
288,Conor Coady,1.3001643477303988,1.0,30
291,Wout Faes,2.9021456069061475,1.0,30
295,James Justin,2.2150019154050824,0.0,30
296,Victor Kristiansen,1.8683061618307342,0.0,30
301,Caleb Okoli,0.3407741476737325,1.0,30
302,Ricardo Barbosa Pereira,0.23740054795028165,1.0,30
303,Harry Souttar,0.05263522772196705,0.0,30
305,Luke Thomas,1.3977798888398008,0.0,30
307,Jannik Vestergaard,0.3382621157904042,0.0,30
311,Trent Alexander-Arnold,2.463439636427763,0.0,30
313,Conor Bradley,0.33337245096740276,0.0,30
322,Joe Gomez,0.2306572726423317,0.0,30
326,Ibrahima Konaté,2.0610853525575408,6.0,30
332,Nathaniel Phillips,0.05639186177535027,0.0,30
333,Jarell Quansah,0.42325017536472753,0.0,30
334,Rhys Williams,0.055703304102530105,0.0,30
335,Andrew Robertson,1.1481122123620153,6.0,30
337,Konstantinos Tsimikas,0.7965611514747266,0.0,30
338,Sepp van den Berg,0.7492022900029207,1.0,30
339,Virgil van Dijk,3.623011653397395,6.0,30
340,Manuel Akanji,0.31821674017504087,0.0,30
341,Nathan Aké,0.31608102246835124,0.0,30
350,Joško Gvardiol,3.5442365924931813,6.0,30
353,João Cavaco Cancelo,0.08747654941438476,0.0,30
355,Rico Lewis,2.1543255919374698,1.0,30
361,Rúben Gato Alves Dias,1.9941153904832332,6.0,30
362,John Stones,0.31296548577650984,0.0,30
363,Kyle Walker,0.16071451153832683,0.0,30
369,Diogo Dalot Teixeira,3.035576255563683,2.0,30
371,Jonny Evans,0.06488016953529296,0.0,30
376,Victor Lindelöf,2.6589429440210886,0.0,30
377,Harry Maguire,0.893988912310137,1.0,30
379,Tyrell Malacia,0.10057303031447251,0.0,30
380,Lisandro Martínez,0.3277196662234685,0.0,30
387,Luke Shaw,0.09526575690767469,0.0,30
388,Aaron Wan-Bissaka,3.132464477727174,2.0,30
390,Alex Murphy,0.10009148850281147,0.0,30
393,Sven Botman,0.13265730270500597,0.0,30
395,Dan Burn,1.6812820094224978,2.0,30
399,Lewis Hall,0.9593594895751281,0.0,30
404,Lloyd Kelly,0.13302345224180634,0.0,30
405,Emil Krafth,0.12573562820921147,1.0,30
407,Jamaal Lascelles,0.05263522772196705,0.0,30
408,Jamal Lewis,0.08587625885798733,0.0,30
409,Tino Livramento,0.8726706717341663,2.0,30
415,Fabian Schär,0.8830459375352993,1.0,30
416,Matt Targett,0.18317060123109385,0.0,30
418,Kieran Trippier,0.9359911420503773,2.0,30
422,Ola Aina,2.6458357520641194,1.0,30
425,Willy Boly,0.12169469861642934,0.0,30
436,Murillo Santiago Costa dos Santos,2.2508965145929967,6.0,30
437,Neco Williams,2.936959785192135,5.0,30
438,Omar Richards,0.053543331835192554,0.0,30
440,Andrew Omobamidele,0.055703304102530105,0.0,30
441,Jonathan Panzo,0.05263522772196705,0.0,30
444,Harry Toffolo,0.14485701532683315,0.0,30
448,Joe Worrall,0.053543331835192554,0.0,30
455,Jan Bednarek,0.6770108921255185,1.0,30
456,Armel Bella-Kotchap,1.8854100932821467,0.0,30
457,James Bree,0.4621150473182132,0.0,30
460,Ronnie Edwards,0.08833841626029404,0.0,30
461,Taylor Harwood-Bellis,2.2944323899368015,2.0,30
464,Juan Larios López,0.05639186177535027,0.0,30
467,Ryan Manning,2.436541729072811,6.0,30
472,Jack Stephens,0.35559541680386797,2.0,30
474,Sugawara Yukinari,1.68378570539537,1.0,30
475,Charlie Taylor,0.1471185563658386,0.0,30
476,Kyle Walker-Peters,1.0543961606680243,2.0,30
477,Nathan Wood-Gordon,0.21930020355918955,0.0,30
478,Ashley Phillips,0.08587625885798733,0.0,30
484,Ben Davies,1.4783914622125707,0.0,30
486,Radu Drăgușin,0.1605992050547762,0.0,30
487,Emerson Leite de Souza Junior,0.05263522772196705,0.0,30
495,Pedro Porro,2.1645050289222816,0.0,30
496,Sergio Reguilón,0.17105228752941493,0.0,30
498,Cristian Romero,1.821822800180957,1.0,30
504,Djed Spence,2.4046201822358437,1.0,30
505,Destiny Udogie,0.8753285461857363,2.0,30
506,Micky van de Ven,0.39309995416313015,2.0,30
516,Vladimír Coufal,0.275422248352875,0.0,30
517,Aaron Cresswell,1.1915818371161429,1.0,30
520,Emerson Palmieri dos Santos,1.531063332532172,1.0,30
524,Max Kilman,2.742119670969611,2.0,30
528,Konstantinos Mavropanos,1.4175981654867806,1.0,30
529,Nayef Aguerd,0.055703304102530105,0.0,30
532,Kurt Zouma,0.07238622604709732,0.0,30
533,Rayan Aït-Nouri,2.853884675469871,6.0,30
542,Craig Dawson,0.12348841195195792,0.0,30
543,Matt Doherty,2.5846337683935783,5.0,30
549,Hugo Bueno López,0.05263522772196705,0.0,30
552,Ki-Jana Hoever,0.06659956363429842,0.0,30
558,Yerson Mosquera,0.09734787035870784,0.0,30
559,Nélson Cabral Semedo,2.580672790046954,6.0,30
561,Pedro Cardoso de Lima,0.5232821894003621,0.0,30
564,Santiago Bueno,0.9713549197452576,1.0,30
567,Toti António Gomes,2.634832027244599,6.0,30
572,Leny Yoro,0.6521020948448601,2.0,30
573,Nikola Milenković,3.4064996402218632,6.0,30
574,Miodrag Pivaš,0.05639186177535027,0.0,30
575,Caleb Wiley,0.053543331835192554,0.0,30
578,Riccardo Calafiori,0.7489277106619001,0.0,30
579,Ryan Sessegnon,1.981205661705462,4.0,30
580,Dean Huijsen,2.053909436618504,0.0,30
582,Jake O'Brien,2.059587867298802,2.0,30
583,Conor Townsend,0.2679732310015508,4.0,30
586,Jorge Cuenca Barreno,0.26556464376821687,1.0,30
591,Jean-Clair Todibo,1.77637604879674,0.0,30
592,Julián Araujo Zúñiga,0.07270339475160714,0.0,30
593,Matthijs de Ligt,2.8248424408157327,2.0,30
594,Noussair Mazraoui,2.4672765903703464,2.0,30
598,Lamare Bogarde,0.3625899345343395,0.0,30
616,Ben Nelson,0.053543331835192554,0.0,30
626,Issa Kaboré,0.05263522772196705,0.0,30
627,Roman Dixon,0.05639186177535027,0.0,30
628,Ferdi Kadioglu,0.06500452485208097,0.0,30
630,Dara O'Shea,2.2935039486115425,2.0,30
637,Bastien Meupiyou,0.09041106386162401,0.0,30
640,Sil Swinkels,0.05639186177535027,0.0,30
643,Kaelan Casey,0.11736395795268884,0.0,30
649,Jayden Meghoma,0.05232814977592337,0.0,30
650,Maxence Lacroix,1.8118024703729496,2.0,30
653,Felipe Rodrigues da Silva,0.7179257894148678,1.0,30
657,Maldini Kacurri,0.05639186177535027,0.0,30
658,Ayden Heaven,0.9864548595219338,0.0,30
662,Josh Nichols,0.05639186177535027,0.0,30
663,Imari Samuels,0.055703304102530105,0.0,30
664,Alfie Pond,0.15540823832986206,0.0,30
666,Caleb Kporha,0.08451501234384828,0.0,30
670,Harry Amass,0.6014880588684441,0.0,30
672,Jahmai Simpson-Pusey,0.05534797526609747,0.0,30
675,Josh Wilson-Esbrand,0.053543331835192554,0.0,30
677,Ollie Scarles,0.9468576167805205,2.0,30
680,Max Kinsey,0.055703304102530105,0.0,30
681,Ruairi McConville,0.053543331835192554,0.0,30
684,Malachi Hardy,0.055703304102530105,0.0,30
685,Jacob Slater,0.053543331835192554,0.0,30
686,Ezra Mayers,0.053543331835192554,0.0,30
690,Samuel Amissah,0.053543331835192554,0.0,30
691,Godwill Kukonki,0.053543331835192554,0.0,30
692,Amara Nallo,0.053543331835192554,0.0,30
697,Josh Acheampong,0.14376131365799072,0.0,30
699,Alfie Dorrington,0.05039861636463083,0.0,30
700,Maeson King,0.053543331835192554,0.0,30
702,Archie Harris,0.053543331835192554,0.0,30
703,Max Alleyne,0.053543331835192554,0.0,30
705,Benjamin Arthur,0.053543331835192554,0.0,30
706,Zach Abbott,0.055703304102530105,0.0,30
708,Thomas Wilson-Brown,0.05263522772196705,0.0,30
711,Wes Okoduwa,0.053543331835192554,0.0,30
712,Matai Akinmboni,0.053543331835192554,0.0,30
713,Julio Soler,0.053543331835192554,0.0,30
715,Ben Godfrey,0.11598083592658348,0.0,30
718,Welington Damascena Santos,0.272484388312507,1.0,30
719,Joachim Kayi-Sanda,0.05263522772196705,0.0,30
720,Emmanuel Agbadou,1.3567268127310852,6.0,30
726,Woyo Coulibaly,0.3796833349915847,0.0,30
731,Andrés García,0.577618031912607,0.0,30
732,Abdukodir Khusanov,1.976376486488844,0.0,30
733,Vitor de Oliveira Nunes dos Reis,0.053543331835192554,1.0,30
757,Michael Kayode,0.4725717252951762,0.0,30
760,Dante Cassanova,0.05263522772196705,0.0,30
763,Eiran Cashin,0.053543331835192554,0.0,30
766,Patrick Dorgu,0.6256024058525593,2.0,30
767,Kevin Danso,0.41921375416770346,0.0,30
769,Nasser Djiga,0.8703689669306565,0.0,30
774,Aaron Anselmino,0.05263522772196705,0.0,30
777,Tyler Fredricson,0.05263522772196705,0.0,30
782,Ishé Samuels-Smith,0.05263522772196705,0.0,30
786,Benjamin Fredrick,0.05263522772196705,0.0,30
787,Genesis Antwi,0.05263522772196705,0.0,30
791,Charlie Tasker,0.05263522772196705,0.0,30
3,Gabriel dos Santos Magalhães,2.2699999999999996,0.0,31
6,Jurriën Timber,3.1500000000000004,1.0,31
8,Jakub Kiwior,1.4000000000000004,2.0,31
18,William Saliba,3.59,2.0,31
21,Kieran Tierney,1.6399999999999997,1.0,31
22,Tomiyasu Takehiro,0.0,0.0,31
24,Benjamin White,0.6399999999999997,2.0,31
25,Oleksandr Zinchenko,0.5300000000000002,0.0,31
26,Álex Moreno Lopera,0.33000000000000007,0.0,31
32,Matty Cash,1.8600000000000003,0.0,31
35,Diego Carlos Santos Silva,0.05999999999999961,0.0,31
36,Lucas Digne,2.9499999999999993,0.0,31
40,Kortney Hause,0.0,0.0,31
43,Kaine Kesler-Hayden,0.0,0.0,31
44,Ezri Konsa Ngoyo,3.4399999999999995,1.0,31
45,Ian Maatsen,0.6699999999999999,5.0,31
49,Tyrone Mings,0.7400000000000002,2.0,31
50,Kosta Nedeljković,0.07000000000000028,0.0,31
52,Pau Torres,1.92,0.0,31
56,Lino da Cruz Sousa,0.15000000000000036,0.0,31
59,Max Aarons,0.009999999999999787,0.0,31
68,James Hill,0.7400000000000002,1.0,31
70,Milos Kerkez,3.8900000000000006,1.0,31
72,Chris Mepham,0.0,0.0,31
79,Marcos Senesi,1.0199999999999996,1.0,31
81,Adam Smith,0.9299999999999997,1.0,31
85,Illia Zabarnyi,1.9000000000000004,1.0,31
86,Kristoffer Ajer,1.79,6.0,31
88,Nathan Collins,2.1799999999999997,6.0,31
92,Rico Henry,0.1900000000000004,0.0,31
93,Aaron Hickey,0.0,0.0,31
96,Kim Ji-soo,0.20000000000000018,0.0,31
100,Ben Mee,0.33000000000000007,0.0,31
104,Ethan Pinnock,2.210000000000001,0.0,31
105,Mads Roerslev Rasmussen,0.09999999999999964,0.0,31
112,Mathias Jorgensen,0.009999999999999787,0.0,31
116,Valentín Barco,0.019999999999999574,0.0,31
120,Lewis Dunk,1.58,1.0,31
122,Pervis Estupiñán,2.0999999999999996,1.0,31
128,Igor Julio dos Santos de Paulo,0.019999999999999574,0.0,31
131,Tariq Lamptey,0.34999999999999964,0.0,31
139,Odeluga Offiah,0.13999999999999968,0.0,31
144,Jan Paul van Hecke,2.789999999999999,-2.0,31
145,Joël Veltman,0.1200000000000001,0.0,31
147,Adam Webster,1.4400000000000004,0.0,31
153,Benoît Badiashile,0.6399999999999997,0.0,31
159,Trevoh Chalobah,2.039999999999999,6.0,31
160,Ben Chilwell,1.2999999999999998,1.0,31
162,Levi Colwill,2.710000000000001,0.0,31
163,Marc Cucurella Saseta,2.880000000000001,1.0,31
167,Axel Disasi,0.4800000000000004,2.0,31
170,Alfie Gilchrist,0.0,0.0,31
171,Malo Gusto,2.01,5.0,31
172,Reece James,1.0599999999999996,6.0,31
176,Malang Sarr,0.0,0.0,31
187,Tosin Adarabioyo,0.6600000000000001,5.0,31
189,Wesley Fofana,0.7400000000000002,0.0,31
191,Joachim Andersen,2.6099999999999994,1.0,31
194,Chris Richards,0.6200000000000001,0.0,31
195,Chadi Riad Dnanou,0.009999999999999787,0.0,31
196,Nathaniel Clyne,0.6600000000000001,0.0,31
200,Marc Guéhi,2.6999999999999993,-1.0,31
202,Rob Holding,0.0,0.0,31
210,Tyrick Mitchell,1.9800000000000004,2.0,31
211,Daniel Muñoz,3.01,8.0,31
215,Joel Ward,0.019999999999999574,1.0,31
219,Jarrad Branthwaite,2.2200000000000006,2.0,31
221,Séamus Coleman,0.1299999999999999,0.0,31
225,Mason Holgate,0.0,0.0,31
228,Michael Keane,0.29000000000000004,0.0,31
231,Vitalii Mykolenko,3.2200000000000006,0.0,31
234,Nathan Patterson,0.5099999999999998,2.0,31
236,James Tarkowski,1.2800000000000002,1.0,31
238,Ashley Young,1.0899999999999999,1.0,31
241,Calvin Bassey,0.54,1.0,31
244,Timothy Castagne,3.3599999999999994,1.0,31
245,Issa Diop,1.0099999999999998,0.0,31
250,Kevin Mbabu,0.009999999999999787,0.0,31
253,Tim Ream,0.0,0.0,31
255,Antonee Robinson,3.6899999999999995,1.0,31
257,Kenny Tete,0.2699999999999996,1.0,31
261,Elkan Baggott,0.0,0.0,31
263,Cameron Burgess,2.6799999999999997,1.0,31
266,Harry Clarke,0.03000000000000025,0.0,31
267,Leif Davis,2.09,1.0,31
269,George Edmundson,0.0,0.0,31
270,Jacob Greaves,0.46999999999999975,0.0,31
275,Ben Johnson,1.4800000000000004,1.0,31
279,Corrie Ndaba,0.0,0.0,31
282,Axel Tuanzebe,2.0600000000000005,2.0,31
284,Luke Woolfenden,0.3200000000000003,0.0,31
288,Conor Coady,0.8499999999999996,1.0,31
291,Wout Faes,1.7699999999999996,1.0,31
295,James Justin,1.96,0.0,31
296,Victor Kristiansen,1.29,0.0,31
301,Caleb Okoli,0.33000000000000007,0.0,31
302,Ricardo Barbosa Pereira,0.79,1.0,31
303,Harry Souttar,0.0,0.0,31
305,Luke Thomas,1.67,1.0,31
307,Jannik Vestergaard,0.4400000000000004,0.0,31
311,Trent Alexander-Arnold,2.8000000000000007,0.0,31
313,Conor Bradley,1.0999999999999996,4.0,31
322,Joe Gomez,0.08000000000000007,0.0,31
326,Ibrahima Konaté,3.8499999999999996,1.0,31
332,Nathaniel Phillips,0.009999999999999787,0.0,31
333,Jarell Quansah,0.6100000000000003,0.0,31
334,Rhys Williams,0.0,0.0,31
335,Andrew Robertson,2.1799999999999997,1.0,31
337,Konstantinos Tsimikas,0.3899999999999997,0.0,31
338,Sepp van den Berg,1.6399999999999997,5.0,31
339,Virgil van Dijk,3.1400000000000006,1.0,31
340,Manuel Akanji,0.33000000000000007,0.0,31
341,Nathan Aké,0.28000000000000025,0.0,31
350,Joško Gvardiol,2.880000000000001,6.0,31
353,João Cavaco Cancelo,0.0,0.0,31
355,Rico Lewis,0.9500000000000002,1.0,31
361,Rúben Gato Alves Dias,2.99,5.0,31
362,John Stones,0.3899999999999997,0.0,31
363,Kyle Walker,0.7999999999999998,0.0,31
369,Diogo Dalot Teixeira,2.6999999999999993,5.0,31
371,Jonny Evans,1.0599999999999996,0.0,31
376,Victor Lindelöf,0.7199999999999998,1.0,31
377,Harry Maguire,2.119999999999999,1.0,31
379,Tyrell Malacia,0.20999999999999996,0.0,31
380,Lisandro Martínez,0.08999999999999986,0.0,31
387,Luke Shaw,0.29000000000000004,0.0,31
388,Aaron Wan-Bissaka,2.6099999999999994,1.0,31
390,Alex Murphy,0.0,0.0,31
393,Sven Botman,0.040000000000000036,0.0,31
395,Dan Burn,2.6099999999999994,6.0,31
399,Lewis Hall,0.5199999999999996,0.0,31
404,Lloyd Kelly,0.16999999999999993,0.0,31
405,Emil Krafth,0.33999999999999986,1.0,31
407,Jamaal Lascelles,0.0,0.0,31
408,Jamal Lewis,0.040000000000000036,0.0,31
409,Tino Livramento,3.2300000000000004,9.0,31
415,Fabian Schär,1.9900000000000002,9.0,31
416,Matt Targett,0.07000000000000028,0.0,31
418,Kieran Trippier,1.9299999999999997,6.0,31
422,Ola Aina,1.3499999999999996,0.0,31
425,Willy Boly,0.6500000000000004,1.0,31
436,Murillo Santiago Costa dos Santos,3.130000000000001,1.0,31
437,Neco Williams,2.2300000000000004,4.0,31
438,Omar Richards,0.0,0.0,31
440,Andrew Omobamidele,0.009999999999999787,0.0,31
441,Jonathan Panzo,0.0004255319148933623,0.0,31
444,Harry Toffolo,0.1299999999999999,0.0,31
448,Joe Worrall,0.0,0.0,31
455,Jan Bednarek,1.2400000000000002,1.0,31
456,Armel Bella-Kotchap,0.6799999999999997,0.0,31
457,James Bree,0.5300000000000002,0.0,31
460,Ronnie Edwards,0.0,0.0,31
461,Taylor Harwood-Bellis,2.1500000000000004,1.0,31
464,Juan Larios López,0.11000000000000032,0.0,31
467,Ryan Manning,2.91,1.0,31
472,Jack Stephens,1.8899999999999997,0.0,31
474,Sugawara Yukinari,0.5800000000000001,1.0,31
475,Charlie Taylor,0.04999999999999982,0.0,31
476,Kyle Walker-Peters,1.0499999999999998,1.0,31
477,Nathan Wood-Gordon,0.3200000000000003,0.0,31
478,Ashley Phillips,0.0,0.0,31
484,Ben Davies,0.8700000000000001,2.0,31
486,Radu Drăgușin,0.1900000000000004,0.0,31
487,Emerson Leite de Souza Junior,0.0,0.0,31
495,Pedro Porro,2.5199999999999996,1.0,31
496,Sergio Reguilón,0.8200000000000003,0.0,31
498,Cristian Romero,1.1900000000000004,2.0,31
504,Djed Spence,2.630000000000001,5.0,31
505,Destiny Udogie,2.0299999999999994,0.0,31
506,Micky van de Ven,2.34,0.0,31
516,Vladimír Coufal,0.45999999999999996,0.0,31
517,Aaron Cresswell,1.2699999999999996,0.0,31
520,Emerson Palmieri dos Santos,0.9900000000000002,1.0,31
524,Max Kilman,1.58,1.0,31
528,Konstantinos Mavropanos,2.16,1.0,31
529,Nayef Aguerd,0.0,0.0,31
532,Kurt Zouma,0.009999999999999787,0.0,31
533,Rayan Aït-Nouri,3.08,2.0,31
542,Craig Dawson,0.5099999999999998,0.0,31
543,Matt Doherty,3.0600000000000005,2.0,31
549,Hugo Bueno López,0.0,0.0,31
552,Ki-Jana Hoever,0.009999999999999787,0.0,31
558,Yerson Mosquera,0.009999999999999787,0.0,31
559,Nélson Cabral Semedo,2.5,2.0,31
561,Pedro Cardoso de Lima,0.3899999999999997,0.0,31
564,Santiago Bueno,0.9400000000000004,1.0,31
567,Toti António Gomes,2.91,2.0,31
572,Leny Yoro,1.2800000000000002,5.0,31
573,Nikola Milenković,3.92,1.0,31
574,Miodrag Pivaš,0.0,0.0,31
575,Caleb Wiley,0.0,0.0,31
578,Riccardo Calafiori,0.5099999999999998,0.0,31
579,Ryan Sessegnon,4.140000000000001,7.0,31
580,Dean Huijsen,3.0999999999999996,4.0,31
582,Jake O'Brien,3.5500000000000007,1.0,31
583,Conor Townsend,1.7599999999999998,2.0,31
586,Jorge Cuenca Barreno,1.4699999999999998,0.0,31
591,Jean-Clair Todibo,0.9100000000000001,1.0,31
592,Julián Araujo Zúñiga,0.2400000000000002,0.0,31
593,Matthijs de Ligt,3.6400000000000006,0.0,31
594,Noussair Mazraoui,2.26,6.0,31
598,Lamare Bogarde,0.29000000000000004,0.0,31
616,Ben Nelson,0.0,0.0,31
626,Issa Kaboré,0.0,0.0,31
627,Roman Dixon,0.0,0.0,31
628,Ferdi Kadioglu,0.09999999999999964,0.0,31
630,Dara O'Shea,2.880000000000001,4.0,31
637,Bastien Meupiyou,0.0,0.0,31
640,Sil Swinkels,0.0,0.0,31
643,Kaelan Casey,0.05999999999999961,0.0,31
649,Jayden Meghoma,0.09999999999999964,0.0,31
650,Maxence Lacroix,3.08,2.0,31
653,Felipe Rodrigues da Silva,0.7400000000000002,0.0,31
657,Maldini Kacurri,0.0,0.0,31
658,Ayden Heaven,0.6399999999999997,0.0,31
662,Josh Nichols,0.0,0.0,31
663,Imari Samuels,0.03000000000000025,0.0,31
664,Alfie Pond,0.0,0.0,31
666,Caleb Kporha,0.5499999999999998,0.0,31
670,Harry Amass,0.4800000000000004,0.0,31
672,Jahmai Simpson-Pusey,0.009999999999999787,0.0,31
675,Josh Wilson-Esbrand,0.1900000000000004,0.0,31
677,Ollie Scarles,1.21,1.0,31
680,Max Kinsey,0.0,0.0,31
681,Ruairi McConville,0.0,0.0,31
684,Malachi Hardy,0.009999999999999787,0.0,31
685,Jacob Slater,0.0,0.0,31
686,Ezra Mayers,0.009999999999999787,0.0,31
690,Samuel Amissah,0.0,0.0,31
691,Godwill Kukonki,0.0,0.0,31
692,Amara Nallo,0.0,0.0,31
697,Josh Acheampong,0.04999999999999982,0.0,31
699,Alfie Dorrington,0.03000000000000025,0.0,31
700,Maeson King,0.0,0.0,31
702,Archie Harris,0.0,0.0,31
703,Max Alleyne,0.0,0.0,31
705,Benjamin Arthur,0.0,0.0,31
706,Zach Abbott,0.0,0.0,31
708,Thomas Wilson-Brown,0.0,0.0,31
711,Wes Okoduwa,0.040000000000000036,0.0,31
712,Matai Akinmboni,0.0,0.0,31
713,Julio Soler,0.33999999999999986,0.0,31
715,Ben Godfrey,0.16000000000000014,0.0,31
718,Welington Damascena Santos,1.04,1.0,31
719,Joachim Kayi-Sanda,0.0,0.0,31
720,Emmanuel Agbadou,1.7199999999999998,2.0,31
726,Woyo Coulibaly,0.5899999999999999,0.0,31
731,Andrés García,0.40000000000000036,1.0,31
732,Abdukodir Khusanov,1.0099999999999998,0.0,31
733,Vitor de Oliveira Nunes dos Reis,0.6299999999999999,0.0,31
757,Michael Kayode,0.41999999999999993,1.0,31
760,Dante Cassanova,0.0,0.0,31
763,Eiran Cashin,0.5300000000000002,0.0,31
766,Patrick Dorgu,1.7000000000000002,6.0,31
767,Kevin Danso,0.5499999999999998,0.0,31
769,Nasser Djiga,0.7000000000000002,1.0,31
774,Aaron Anselmino,0.0,0.0,31
777,Tyler Fredricson,0.0,0.0,31
782,Ishé Samuels-Smith,0.0,0.0,31
786,Benjamin Fredrick,0.0,0.0,31
787,Genesis Antwi,0.0,0.0,31
791,Charlie Tasker,0.21154891032939904,0.0,31
3,Gabriel dos Santos Magalhães,1.7599999999999998,0.0,32
6,Jurriën Timber,3.2699999999999996,1.0,32
8,Jakub Kiwior,2.08,2.0,32
18,William Saliba,3.380000000000001,2.0,32
21,Kieran Tierney,1.6500000000000004,6.0,32
22,Tomiyasu Takehiro,0.0,0.0,32
24,Benjamin White,2.33,0.0,32
25,Oleksandr Zinchenko,0.16999999999999993,6.0,32
26,Álex Moreno Lopera,0.6200000000000001,2.0,32
32,Matty Cash,1.3499999999999996,6.0,32
35,Diego Carlos Santos Silva,0.04999999999999982,0.0,32
36,Lucas Digne,2.1500000000000004,0.0,32
40,Kortney Hause,0.0,0.0,32
43,Kaine Kesler-Hayden,0.0,0.0,32
44,Ezri Konsa Ngoyo,2.5600000000000005,6.0,32
45,Ian Maatsen,1.7699999999999996,6.0,32
49,Tyrone Mings,1.92,6.0,32
50,Kosta Nedeljković,0.34999999999999964,0.0,32
52,Pau Torres,0.9900000000000002,0.0,32
56,Lino da Cruz Sousa,0.0,0.0,32
59,Max Aarons,0.04999999999999982,0.0,32
68,James Hill,1.21,0.0,32
70,Milos Kerkez,2.8599999999999994,6.0,32
72,Chris Mepham,0.0,0.0,32
79,Marcos Senesi,1.17,0.0,32
81,Adam Smith,1.6900000000000004,6.0,32
85,Illia Zabarnyi,1.9800000000000004,1.0,32
86,Kristoffer Ajer,1.3399999999999999,2.0,32
88,Nathan Collins,3.1099999999999994,5.0,32
92,Rico Henry,0.07000000000000028,0.0,32
93,Aaron Hickey,0.0,0.0,32
96,Kim Ji-soo,0.04999999999999982,0.0,32
100,Ben Mee,0.08999999999999986,0.0,32
104,Ethan Pinnock,1.79,0.0,32
105,Mads Roerslev Rasmussen,0.11000000000000032,0.0,32
112,Mathias Jorgensen,0.0,0.0,32
116,Valentín Barco,0.08999999999999986,0.0,32
120,Lewis Dunk,2.630000000000001,0.0,32
122,Pervis Estupiñán,3.6099999999999994,0.0,32
128,Igor Julio dos Santos de Paulo,0.009999999999999787,0.0,32
131,Tariq Lamptey,0.7000000000000002,0.0,32
139,Odeluga Offiah,0.0,0.0,32
144,Jan Paul van Hecke,2.960000000000001,0.0,32
145,Joël Veltman,0.20000000000000018,0.0,32
147,Adam Webster,0.3899999999999997,0.0,32
153,Benoît Badiashile,0.2400000000000002,0.0,32
159,Trevoh Chalobah,2.26,1.0,32
160,Ben Chilwell,1.3499999999999996,1.0,32
162,Levi Colwill,1.7199999999999998,1.0,32
163,Marc Cucurella Saseta,2.0700000000000003,1.0,32
167,Axel Disasi,1.7000000000000002,0.0,32
170,Alfie Gilchrist,0.0,0.0,32
171,Malo Gusto,2.6899999999999995,1.0,32
172,Reece James,2.41,0.0,32
176,Malang Sarr,0.0,0.0,32
187,Tosin Adarabioyo,2.83,0.0,32
189,Wesley Fofana,0.3600000000000003,0.0,32
191,Joachim Andersen,2.0700000000000003,2.0,32
194,Chris Richards,0.7699999999999996,6.0,32
195,Chadi Riad Dnanou,0.16999999999999993,0.0,32
196,Nathaniel Clyne,0.6799999999999997,1.0,32
200,Marc Guéhi,2.16,0.0,32
202,Rob Holding,0.0,0.0,32
210,Tyrick Mitchell,2.4299999999999997,0.0,32
211,Daniel Muñoz,3.16,0.0,32
215,Joel Ward,0.5199999999999996,0.0,32
219,Jarrad Branthwaite,2.039999999999999,5.0,32
221,Séamus Coleman,0.23000000000000043,0.0,32
225,Mason Holgate,0.0,0.0,32
228,Michael Keane,0.13999999999999968,0.0,32
231,Vitalii Mykolenko,1.8399999999999999,6.0,32
234,Nathan Patterson,0.4900000000000002,0.0,32
236,James Tarkowski,1.75,6.0,32
238,Ashley Young,0.9800000000000004,0.0,32
241,Calvin Bassey,1.71,2.0,32
244,Timothy Castagne,3.5700000000000003,2.0,32
245,Issa Diop,0.5499999999999998,0.0,32
250,Kevin Mbabu,0.0,0.0,32
253,Tim Ream,0.0,0.0,32
255,Antonee Robinson,3.2300000000000004,1.0,32
257,Kenny Tete,0.5899999999999999,0.0,32
261,Elkan Baggott,0.0,0.0,32
263,Cameron Burgess,2.1799999999999997,1.0,32
266,Harry Clarke,0.33999999999999986,0.0,32
267,Leif Davis,0.8300000000000001,2.0,32
269,George Edmundson,0.0,0.0,32
270,Jacob Greaves,0.8099999999999996,0.0,32
275,Ben Johnson,0.9800000000000004,10.0,32
279,Corrie Ndaba,0.0,0.0,32
282,Axel Tuanzebe,1.7400000000000002,-1.0,32
284,Luke Woolfenden,0.21999999999999975,0.0,32
288,Conor Coady,1.0999999999999996,0.0,32
291,Wout Faes,1.5,0.0,32
295,James Justin,2.1400000000000006,1.0,32
296,Victor Kristiansen,1.37,0.0,32
301,Caleb Okoli,0.1900000000000004,6.0,32
302,Ricardo Barbosa Pereira,0.8799999999999999,1.0,32
303,Harry Souttar,0.0,0.0,32
305,Luke Thomas,2.1500000000000004,1.0,32
307,Jannik Vestergaard,0.33000000000000007,0.0,32
311,Trent Alexander-Arnold,1.5499999999999998,0.0,32
313,Conor Bradley,2.789999999999999,6.0,32
322,Joe Gomez,0.1299999999999999,0.0,32
326,Ibrahima Konaté,2.6400000000000006,2.0,32
332,Nathaniel Phillips,0.1299999999999999,0.0,32
333,Jarell Quansah,0.2599999999999998,1.0,32
334,Rhys Williams,0.0,0.0,32
335,Andrew Robertson,2.3599999999999994,-1.0,32
337,Konstantinos Tsimikas,0.8099999999999996,1.0,32
338,Sepp van den Berg,1.5099999999999998,2.0,32
339,Virgil van Dijk,3.58,8.0,32
340,Manuel Akanji,0.3099999999999996,0.0,32
341,Nathan Aké,0.21999999999999975,0.0,32
350,Joško Gvardiol,3.130000000000001,1.0,32
353,João Cavaco Cancelo,0.0,0.0,32
355,Rico Lewis,1.8099999999999996,1.0,32
361,Rúben Gato Alves Dias,3.0700000000000003,1.0,32
362,John Stones,0.11000000000000032,0.0,32
363,Kyle Walker,0.25,0.0,32
369,Diogo Dalot Teixeira,2.17,3.0,32
371,Jonny Evans,0.019999999999999574,0.0,32
376,Victor Lindelöf,0.8499999999999996,0.0,32
377,Harry Maguire,2.369999999999999,0.0,32
379,Tyrell Malacia,0.3600000000000003,0.0,32
380,Lisandro Martínez,0.1900000000000004,0.0,32
387,Luke Shaw,0.6900000000000004,1.0,32
388,Aaron Wan-Bissaka,3.039999999999999,1.0,32
390,Alex Murphy,0.0,0.0,32
393,Sven Botman,0.0,0.0,32
395,Dan Burn,3.17,2.0,32
399,Lewis Hall,1.13,0.0,32
404,Lloyd Kelly,0.009999999999999787,0.0,32
405,Emil Krafth,0.7000000000000002,1.0,32
407,Jamaal Lascelles,0.0,0.0,32
408,Jamal Lewis,0.0,0.0,32
409,Tino Livramento,3.9700000000000006,2.0,32
415,Fabian Schär,2.039999999999999,2.0,32
416,Matt Targett,0.08000000000000007,0.0,32
418,Kieran Trippier,3.59,2.0,32
422,Ola Aina,1.67,0.0,32
425,Willy Boly,1.3399999999999999,0.0,32
436,Murillo Santiago Costa dos Santos,2.369999999999999,2.0,32
437,Neco Williams,2.9800000000000004,2.0,32
438,Omar Richards,0.0,0.0,32
440,Andrew Omobamidele,0.0,0.0,32
441,Jonathan Panzo,0.0,0.0,32
444,Harry Toffolo,0.13999999999999968,0.0,32
448,Joe Worrall,0.0,0.0,32
455,Jan Bednarek,2.2699999999999996,0.0,32
456,Armel Bella-Kotchap,0.8099999999999996,0.0,32
457,James Bree,0.41000000000000014,0.0,32
460,Ronnie Edwards,0.0,0.0,32
461,Taylor Harwood-Bellis,1.1900000000000004,0.0,32
464,Juan Larios López,0.34999999999999964,0.0,32
467,Ryan Manning,1.7699999999999996,1.0,32
472,Jack Stephens,0.5999999999999996,1.0,32
474,Sugawara Yukinari,1.0599999999999996,1.0,32
475,Charlie Taylor,0.040000000000000036,0.0,32
476,Kyle Walker-Peters,1.0700000000000003,1.0,32
477,Nathan Wood-Gordon,0.1900000000000004,0.0,32
478,Ashley Phillips,0.0,0.0,32
484,Ben Davies,1.9800000000000004,-1.0,32
486,Radu Drăgușin,0.11000000000000032,0.0,32
487,Emerson Leite de Souza Junior,0.0,0.0,32
495,Pedro Porro,3.0700000000000003,0.0,32
496,Sergio Reguilón,0.6399999999999997,0.0,32
498,Cristian Romero,2.26,3.0,32
504,Djed Spence,2.630000000000001,-2.0,32
505,Destiny Udogie,1.0599999999999996,0.0,32
506,Micky van de Ven,0.3600000000000003,0.0,32
516,Vladimír Coufal,0.2999999999999998,0.0,32
517,Aaron Cresswell,0.3600000000000003,0.0,32
520,Emerson Palmieri dos Santos,1.0700000000000003,0.0,32
524,Max Kilman,1.46,1.0,32
528,Konstantinos Mavropanos,0.9100000000000001,1.0,32
529,Nayef Aguerd,0.0,0.0,32
532,Kurt Zouma,0.009999999999999787,0.0,32
533,Rayan Aït-Nouri,4.08,11.0,32
542,Craig Dawson,0.1299999999999999,0.0,32
543,Matt Doherty,2.49,1.0,32
549,Hugo Bueno López,0.0,0.0,32
552,Ki-Jana Hoever,0.040000000000000036,0.0,32
558,Yerson Mosquera,0.09999999999999964,0.0,32
559,Nélson Cabral Semedo,2.210000000000001,1.0,32
561,Pedro Cardoso de Lima,0.20999999999999996,0.0,32
564,Santiago Bueno,0.54,0.0,32
567,Toti António Gomes,2.8200000000000003,0.0,32
572,Leny Yoro,2.17,-1.0,32
573,Nikola Milenković,2.6400000000000006,2.0,32
574,Miodrag Pivaš,0.0,0.0,32
575,Caleb Wiley,0.0,0.0,32
578,Riccardo Calafiori,0.8899999999999997,0.0,32
579,Ryan Sessegnon,3.119999999999999,1.0,32
580,Dean Huijsen,3.5199999999999996,6.0,32
582,Jake O'Brien,1.7999999999999998,6.0,32
583,Conor Townsend,1.6500000000000004,1.0,32
586,Jorge Cuenca Barreno,0.5700000000000003,0.0,32
591,Jean-Clair Todibo,1.0999999999999996,2.0,32
592,Julián Araujo Zúñiga,0.11000000000000032,0.0,32
593,Matthijs de Ligt,1.3600000000000003,0.0,32
594,Noussair Mazraoui,3.1899999999999995,0.0,32
598,Lamare Bogarde,0.17999999999999972,0.0,32
616,Ben Nelson,0.0,0.0,32
626,Issa Kaboré,0.0,0.0,32
627,Roman Dixon,0.0,0.0,32
628,Ferdi Kadioglu,0.03000000000000025,0.0,32
630,Dara O'Shea,2.880000000000001,1.0,32
637,Bastien Meupiyou,0.0,0.0,32
640,Sil Swinkels,0.0,0.0,32
643,Kaelan Casey,0.05999999999999961,0.0,32
649,Jayden Meghoma,0.16000000000000014,0.0,32
650,Maxence Lacroix,3.33,-1.0,32
653,Felipe Rodrigues da Silva,1.4100000000000001,0.0,32
657,Maldini Kacurri,0.0,0.0,32
658,Ayden Heaven,0.6900000000000004,0.0,32
662,Josh Nichols,0.040000000000000036,0.0,32
663,Imari Samuels,0.040000000000000036,0.0,32
664,Alfie Pond,0.009999999999999787,0.0,32
666,Caleb Kporha,0.2699999999999996,0.0,32
670,Harry Amass,0.71,0.0,32
672,Jahmai Simpson-Pusey,0.17999999999999972,0.0,32
675,Josh Wilson-Esbrand,0.0,0.0,32
677,Ollie Scarles,1.08,1.0,32
680,Max Kinsey,0.16999999999999993,0.0,32
681,Ruairi McConville,0.0,0.0,32
684,Malachi Hardy,0.0,0.0,32
685,Jacob Slater,0.0,0.0,32
686,Ezra Mayers,0.0,0.0,32
690,Samuel Amissah,0.0,0.0,32
691,Godwill Kukonki,0.0,0.0,32
692,Amara Nallo,0.0,0.0,32
697,Josh Acheampong,0.03000000000000025,0.0,32
699,Alfie Dorrington,0.009999999999999787,0.0,32
700,Maeson King,0.0,0.0,32
702,Archie Harris,0.0,0.0,32
703,Max Alleyne,0.20000000000000018,0.0,32
705,Benjamin Arthur,0.0,0.0,32
706,Zach Abbott,0.0,0.0,32
708,Thomas Wilson-Brown,0.0,0.0,32
711,Wes Okoduwa,0.0,0.0,32
712,Matai Akinmboni,0.019999999999999574,0.0,32
713,Julio Soler,0.019999999999999574,1.0,32
715,Ben Godfrey,0.2699999999999996,0.0,32
718,Welington Damascena Santos,0.5199999999999996,0.0,32
719,Joachim Kayi-Sanda,0.009999999999999787,0.0,32
720,Emmanuel Agbadou,2.99,1.0,32
726,Woyo Coulibaly,0.9900000000000002,0.0,32
731,Andrés García,0.96,1.0,32
732,Abdukodir Khusanov,0.11000000000000032,0.0,32
733,Vitor de Oliveira Nunes dos Reis,0.4400000000000004,0.0,32
757,Michael Kayode,0.4900000000000002,1.0,32
760,Dante Cassanova,0.0,0.0,32
763,Eiran Cashin,0.28000000000000025,0.0,32
766,Patrick Dorgu,3.0199999999999996,0.0,32
767,Kevin Danso,0.5499999999999998,0.0,32
769,Nasser Djiga,0.5199999999999996,0.0,32
774,Aaron Anselmino,0.0,0.0,32
777,Tyler Fredricson,0.0,0.0,32
782,Ishé Samuels-Smith,0.0,0.0,32
786,Benjamin Fredrick,0.0,0.0,32
787,Genesis Antwi,0.0,0.0,32
791,Charlie Tasker,0.0,0.0,32
794,Freddie Simmonds,0.024915037362498893,0.0,32
796,Olabade Aluko,0.024915037362498893,0.0,32
3,Gabriel dos Santos Magalhães,0.8399999999999999,0.0,33
6,Jurriën Timber,2.119999999999999,0.0,33
8,Jakub Kiwior,3.369999999999999,6.0,33
18,William Saliba,3.619999999999999,6.0,33
21,Kieran Tierney,0.9199999999999999,1.0,33
22,Tomiyasu Takehiro,0.0,0.0,33
24,Benjamin White,1.5599999999999996,6.0,33
25,Oleksandr Zinchenko,1.4800000000000004,9.0,33
26,Álex Moreno Lopera,2.1799999999999997,0.0,33
32,Matty Cash,2.3200000000000003,2.0,33
35,Diego Carlos Santos Silva,0.20999999999999996,0.0,33
36,Lucas Digne,0.9500000000000002,0.0,33
40,Kortney Hause,0.009999999999999787,0.0,33
43,Kaine Kesler-Hayden,0.0,0.0,33
44,Ezri Konsa Ngoyo,2.7799999999999994,2.0,33
45,Ian Maatsen,1.83,8.0,33
49,Tyrone Mings,2.66,2.0,33
50,Kosta Nedeljković,0.019999999999999574,0.0,33
52,Pau Torres,0.8600000000000003,0.0,33
56,Lino da Cruz Sousa,0.0,0.0,33
59,Max Aarons,0.07000000000000028,0.0,33
68,James Hill,1.0,0.0,33
70,Milos Kerkez,2.8000000000000007,6.0,33
72,Chris Mepham,0.0,0.0,33
79,Marcos Senesi,0.79,0.0,33
81,Adam Smith,2.119999999999999,6.0,33
85,Illia Zabarnyi,1.33,6.0,33
86,Kristoffer Ajer,1.67,1.0,33
88,Nathan Collins,2.8100000000000005,0.0,33
92,Rico Henry,0.4400000000000004,1.0,33
93,Aaron Hickey,0.0,0.0,33
96,Kim Ji-soo,0.15000000000000036,0.0,33
100,Ben Mee,0.13999999999999968,0.0,33
104,Ethan Pinnock,0.7300000000000004,0.0,33
105,Mads Roerslev Rasmussen,0.1900000000000004,0.0,33
112,Mathias Jorgensen,0.0,0.0,33
116,Valentín Barco,0.040000000000000036,0.0,33
120,Lewis Dunk,2.710000000000001,0.0,33
122,Pervis Estupiñán,2.26,-1.0,33
128,Igor Julio dos Santos de Paulo,0.08999999999999986,0.0,33
131,Tariq Lamptey,0.16999999999999993,0.0,33
139,Odeluga Offiah,0.0,0.0,33
144,Jan Paul van Hecke,2.4800000000000004,-1.0,33
145,Joël Veltman,0.15000000000000036,0.0,33
147,Adam Webster,0.2400000000000002,0.0,33
153,Benoît Badiashile,0.1900000000000004,0.0,33
159,Trevoh Chalobah,1.9800000000000004,2.0,33
160,Ben Chilwell,1.4900000000000002,0.0,33
162,Levi Colwill,1.88,1.0,33
163,Marc Cucurella Saseta,1.5199999999999996,1.0,33
167,Axel Disasi,0.20999999999999996,0.0,33
170,Alfie Gilchrist,0.0,0.0,33
171,Malo Gusto,2.08,1.0,33
172,Reece James,0.8200000000000003,1.0,33
176,Malang Sarr,0.0,0.0,33
187,Tosin Adarabioyo,1.8399999999999999,1.0,33
189,Wesley Fofana,0.23000000000000043,0.0,33
191,Joachim Andersen,2.119999999999999,1.0,33
194,Chris Richards,1.5599999999999996,-2.0,33
195,Chadi Riad Dnanou,0.040000000000000036,0.0,33
196,Nathaniel Clyne,1.0,0.0,33
200,Marc Guéhi,1.7999999999999998,6.0,33
202,Rob Holding,0.0,0.0,33
210,Tyrick Mitchell,0.7400000000000002,6.0,33
211,Daniel Muñoz,3.0199999999999996,5.0,33
215,Joel Ward,0.11000000000000032,0.0,33
219,Jarrad Branthwaite,2.6400000000000006,1.0,33
221,Séamus Coleman,0.1900000000000004,0.0,33
225,Mason Holgate,0.0,0.0,33
228,Michael Keane,0.07000000000000028,-1.0,33
231,Vitalii Mykolenko,2.4299999999999997,1.0,33
234,Nathan Patterson,0.2400000000000002,0.0,33
236,James Tarkowski,2.7799999999999994,1.0,33
238,Ashley Young,1.0099999999999998,0.0,33
241,Calvin Bassey,1.3399999999999999,0.0,33
244,Timothy Castagne,2.7799999999999994,0.0,33
245,Issa Diop,0.41000000000000014,0.0,33
250,Kevin Mbabu,0.20000000000000018,0.0,33
253,Tim Ream,0.0,0.0,33
255,Antonee Robinson,2.789999999999999,1.0,33
257,Kenny Tete,0.41999999999999993,6.0,33
261,Elkan Baggott,0.0,0.0,33
263,Cameron Burgess,2.2200000000000006,0.0,33
266,Harry Clarke,0.15000000000000036,0.0,33
267,Leif Davis,1.3899999999999997,-4.0,33
269,George Edmundson,0.03000000000000025,0.0,33
270,Jacob Greaves,0.2599999999999998,0.0,33
275,Ben Johnson,2.92,0.0,33
279,Corrie Ndaba,0.0,0.0,33
282,Axel Tuanzebe,1.8499999999999996,0.0,33
284,Luke Woolfenden,0.3099999999999996,0.0,33
288,Conor Coady,1.3099999999999996,2.0,33
291,Wout Faes,1.7199999999999998,2.0,33
295,James Justin,1.2300000000000004,1.0,33
296,Victor Kristiansen,1.2599999999999998,0.0,33
301,Caleb Okoli,1.9400000000000004,0.0,33
302,Ricardo Barbosa Pereira,1.04,2.0,33
303,Harry Souttar,0.0,0.0,33
305,Luke Thomas,1.33,2.0,33
307,Jannik Vestergaard,0.3899999999999997,0.0,33
311,Trent Alexander-Arnold,0.8700000000000001,6.0,33
313,Conor Bradley,2.08,5.0,33
322,Joe Gomez,0.03000000000000025,0.0,33
326,Ibrahima Konaté,3.2200000000000006,6.0,33
332,Nathaniel Phillips,0.019999999999999574,0.0,33
333,Jarell Quansah,1.3600000000000003,0.0,33
334,Rhys Williams,0.0,0.0,33
335,Andrew Robertson,1.9000000000000004,0.0,33
337,Konstantinos Tsimikas,0.6399999999999997,6.0,33
338,Sepp van den Berg,2.1099999999999994,1.0,33
339,Virgil van Dijk,4.289999999999999,6.0,33
340,Manuel Akanji,0.15000000000000036,1.0,33
341,Nathan Aké,0.1299999999999999,0.0,33
350,Joško Gvardiol,2.710000000000001,6.0,33
353,João Cavaco Cancelo,0.0,0.0,33
355,Rico Lewis,2.09,0.0,33
361,Rúben Gato Alves Dias,2.9399999999999995,6.0,33
362,John Stones,0.07000000000000028,0.0,33
363,Kyle Walker,0.1900000000000004,0.0,33
369,Diogo Dalot Teixeira,2.8900000000000006,1.0,33
371,Jonny Evans,0.07000000000000028,0.0,33
376,Victor Lindelöf,1.25,2.0,33
377,Harry Maguire,1.6900000000000004,0.0,33
379,Tyrell Malacia,0.15000000000000036,0.0,33
380,Lisandro Martínez,0.1200000000000001,0.0,33
387,Luke Shaw,1.08,0.0,33
388,Aaron Wan-Bissaka,2.5,0.0,33
390,Alex Murphy,0.0,0.0,33
393,Sven Botman,0.0,0.0,33
395,Dan Burn,2.9499999999999993,-2.0,33
399,Lewis Hall,0.6200000000000001,0.0,33
404,Lloyd Kelly,0.25,0.0,33
405,Emil Krafth,0.5300000000000002,1.0,33
407,Jamaal Lascelles,0.0,0.0,33
408,Jamal Lewis,0.03000000000000025,0.0,33
409,Tino Livramento,3.3900000000000006,0.0,33
415,Fabian Schär,1.8499999999999996,5.0,33
416,Matt Targett,0.1900000000000004,1.0,33
418,Kieran Trippier,2.5,0.0,33
422,Ola Aina,0.6900000000000004,0.0,33
425,Willy Boly,0.5199999999999996,0.0,33
436,Murillo Santiago Costa dos Santos,2.1899999999999995,2.0,33
437,Neco Williams,3.2799999999999994,2.0,33
438,Omar Richards,0.0,0.0,33
440,Andrew Omobamidele,0.13999999999999968,0.0,33
441,Jonathan Panzo,0.0,0.0,33
444,Harry Toffolo,0.019999999999999574,1.0,33
448,Joe Worrall,0.0,0.0,33
455,Jan Bednarek,1.4100000000000001,2.0,33
456,Armel Bella-Kotchap,0.2999999999999998,0.0,33
457,James Bree,0.8499999999999996,0.0,33
460,Ronnie Edwards,0.0,0.0,33
461,Taylor Harwood-Bellis,1.3399999999999999,2.0,33
464,Juan Larios López,0.04999999999999982,0.0,33
467,Ryan Manning,1.17,2.0,33
472,Jack Stephens,1.2800000000000002,2.0,33
474,Sugawara Yukinari,0.8200000000000003,0.0,33
475,Charlie Taylor,0.09999999999999964,0.0,33
476,Kyle Walker-Peters,1.3200000000000003,5.0,33
477,Nathan Wood-Gordon,0.1299999999999999,0.0,33
478,Ashley Phillips,0.0,0.0,33
484,Ben Davies,2.33,1.0,33
486,Radu Drăgușin,0.040000000000000036,0.0,33
487,Emerson Leite de Souza Junior,0.0,0.0,33
495,Pedro Porro,2.2699999999999996,4.0,33
496,Sergio Reguilón,0.4800000000000004,0.0,33
498,Cristian Romero,2.16,-1.0,33
504,Djed Spence,3.0299999999999994,1.0,33
505,Destiny Udogie,0.4800000000000004,0.0,33
506,Micky van de Ven,0.33999999999999986,0.0,33
516,Vladimír Coufal,1.17,1.0,33
517,Aaron Cresswell,0.3200000000000003,0.0,33
520,Emerson Palmieri dos Santos,1.4299999999999997,6.0,33
524,Max Kilman,3.1799999999999997,1.0,33
528,Konstantinos Mavropanos,1.63,1.0,33
529,Nayef Aguerd,0.0,0.0,33
532,Kurt Zouma,0.009999999999999787,0.0,33
533,Rayan Aït-Nouri,4.35,5.0,33
542,Craig Dawson,0.5300000000000002,0.0,33
543,Matt Doherty,1.1100000000000003,1.0,33
549,Hugo Bueno López,0.0,0.0,33
552,Ki-Jana Hoever,0.03000000000000025,0.0,33
558,Yerson Mosquera,0.05999999999999961,0.0,33
559,Nélson Cabral Semedo,2.8000000000000007,6.0,33
561,Pedro Cardoso de Lima,0.3799999999999999,0.0,33
564,Santiago Bueno,0.6399999999999997,6.0,33
567,Toti António Gomes,2.58,6.0,33
572,Leny Yoro,1.7699999999999996,1.0,33
573,Nikola Milenković,3.51,2.0,33
574,Miodrag Pivaš,0.0,0.0,33
575,Caleb Wiley,0.0,0.0,33
578,Riccardo Calafiori,0.7400000000000002,0.0,33
579,Ryan Sessegnon,2.1099999999999994,9.0,33
580,Dean Huijsen,2.1099999999999994,6.0,33
582,Jake O'Brien,2.7300000000000004,1.0,33
583,Conor Townsend,0.4299999999999997,0.0,33
586,Jorge Cuenca Barreno,0.28000000000000025,0.0,33
591,Jean-Clair Todibo,1.2000000000000002,2.0,33
592,Julián Araujo Zúñiga,0.23000000000000043,1.0,33
593,Matthijs de Ligt,0.46999999999999975,0.0,33
594,Noussair Mazraoui,2.6099999999999994,2.0,33
598,Lamare Bogarde,0.6799999999999997,0.0,33
616,Ben Nelson,0.0,0.0,33
626,Issa Kaboré,0.0,0.0,33
627,Roman Dixon,0.0,0.0,33
628,Ferdi Kadioglu,0.09999999999999964,0.0,33
630,Dara O'Shea,2.91,0.0,33
637,Bastien Meupiyou,0.1200000000000001,0.0,33
640,Sil Swinkels,0.0,0.0,33
643,Kaelan Casey,0.019999999999999574,0.0,33
649,Jayden Meghoma,0.0,0.0,33
650,Maxence Lacroix,1.7400000000000002,6.0,33
653,Felipe Rodrigues da Silva,0.6100000000000003,1.0,33
657,Maldini Kacurri,0.0,0.0,33
658,Ayden Heaven,0.34999999999999964,0.0,33
662,Josh Nichols,0.5599999999999996,0.0,33
663,Imari Samuels,0.009999999999999787,0.0,33
664,Alfie Pond,0.0,0.0,33
666,Caleb Kporha,0.1200000000000001,0.0,33
670,Harry Amass,1.1600000000000001,2.0,33
672,Jahmai Simpson-Pusey,0.009999999999999787,0.0,33
675,Josh Wilson-Esbrand,0.0,0.0,33
677,Ollie Scarles,1.0599999999999996,1.0,33
680,Max Kinsey,0.0,0.0,33
681,Ruairi McConville,0.019999999999999574,0.0,33
684,Malachi Hardy,0.009999999999999787,0.0,33
685,Jacob Slater,0.0,0.0,33
686,Ezra Mayers,0.0,0.0,33
690,Samuel Amissah,0.0,0.0,33
691,Godwill Kukonki,0.0,0.0,33
692,Amara Nallo,0.0,0.0,33
697,Josh Acheampong,0.07000000000000028,0.0,33
699,Alfie Dorrington,0.0,0.0,33
700,Maeson King,0.0,0.0,33
702,Archie Harris,0.009999999999999787,0.0,33
703,Max Alleyne,0.5099999999999998,0.0,33
705,Benjamin Arthur,0.08000000000000007,0.0,33
706,Zach Abbott,0.08000000000000007,0.0,33
708,Thomas Wilson-Brown,0.0,0.0,33
711,Wes Okoduwa,0.009999999999999787,0.0,33
712,Matai Akinmboni,0.009999999999999787,0.0,33
713,Julio Soler,0.5999999999999996,0.0,33
715,Ben Godfrey,0.15000000000000036,0.0,33
718,Welington Damascena Santos,0.46999999999999975,1.0,33
719,Joachim Kayi-Sanda,0.0,0.0,33
720,Emmanuel Agbadou,2.09,6.0,33
726,Woyo Coulibaly,1.21,0.0,33
731,Andrés García,0.5700000000000003,0.0,33
732,Abdukodir Khusanov,0.08000000000000007,0.0,33
733,Vitor de Oliveira Nunes dos Reis,0.2400000000000002,0.0,33
757,Michael Kayode,0.7000000000000002,1.0,33
760,Dante Cassanova,0.0,0.0,33
763,Eiran Cashin,0.25,1.0,33
766,Patrick Dorgu,1.9900000000000002,0.0,33
767,Kevin Danso,0.1299999999999999,1.0,33
769,Nasser Djiga,0.2699999999999996,1.0,33
774,Aaron Anselmino,0.0,0.0,33
777,Tyler Fredricson,0.009999999999999787,2.0,33
782,Ishé Samuels-Smith,0.0,0.0,33
786,Benjamin Fredrick,0.4299999999999997,0.0,33
787,Genesis Antwi,0.0,0.0,33
791,Charlie Tasker,0.0,0.0,33
794,Freddie Simmonds,0.009999999999999787,0.0,33
796,Olabade Aluko,0.3700000000000001,0.0,33
799,Somto Boniface,0.026287935902862714,0.0,33
26,Álex Moreno Lopera,0.6900000000000004,0.0,34
59,Max Aarons,0.1200000000000001,0.0,34
68,James Hill,0.96,0.0,34
70,Milos Kerkez,2.5600000000000005,2.0,34
72,Chris Mepham,0.0,0.0,34
79,Marcos Senesi,0.8499999999999996,1.0,34
81,Adam Smith,2.2200000000000006,1.0,34
85,Illia Zabarnyi,2.6999999999999993,2.0,34
86,Kristoffer Ajer,1.3399999999999999,0.0,34
88,Nathan Collins,2.960000000000001,9.0,34
92,Rico Henry,0.3200000000000003,1.0,34
93,Aaron Hickey,0.0,0.0,34
96,Kim Ji-soo,0.04999999999999982,0.0,34
100,Ben Mee,0.2400000000000002,0.0,34
104,Ethan Pinnock,0.34999999999999964,0.0,34
105,Mads Roerslev Rasmussen,0.08999999999999986,0.0,34
112,Mathias Jorgensen,0.0,0.0,34
116,Valentín Barco,0.04999999999999982,0.0,34
120,Lewis Dunk,2.1500000000000004,1.0,34
122,Pervis Estupiñán,2.16,1.0,34
128,Igor Julio dos Santos de Paulo,0.08999999999999986,0.0,34
131,Tariq Lamptey,0.1200000000000001,0.0,34
139,Odeluga Offiah,0.0,0.0,34
144,Jan Paul van Hecke,1.5899999999999999,0.0,34
145,Joël Veltman,0.8600000000000003,0.0,34
147,Adam Webster,0.1900000000000004,0.0,34
153,Benoît Badiashile,0.5599999999999996,0.0,34
159,Trevoh Chalobah,3.24,6.0,34
162,Levi Colwill,2.42,6.0,34
163,Marc Cucurella Saseta,2.5700000000000003,6.0,34
170,Alfie Gilchrist,0.0,0.0,34
171,Malo Gusto,1.0599999999999996,0.0,34
172,Reece James,1.6100000000000003,1.0,34
176,Malang Sarr,0.0,0.0,34
187,Tosin Adarabioyo,2.4299999999999997,0.0,34
189,Wesley Fofana,0.20999999999999996,0.0,34
191,Joachim Andersen,2.2799999999999994,2.0,34
219,Jarrad Branthwaite,2.6999999999999993,2.0,34
221,Séamus Coleman,0.20999999999999996,0.0,34
225,Mason Holgate,0.0,0.0,34
228,Michael Keane,1.0199999999999996,0.0,34
231,Vitalii Mykolenko,3.0199999999999996,2.0,34
234,Nathan Patterson,0.25,2.0,34
236,James Tarkowski,2.8200000000000003,0.0,34
238,Ashley Young,0.2999999999999998,1.0,34
241,Calvin Bassey,2.0700000000000003,2.0,34
244,Timothy Castagne,0.75,0.0,34
245,Issa Diop,0.8300000000000001,0.0,34
250,Kevin Mbabu,0.0,0.0,34
253,Tim Ream,0.0,0.0,34
255,Antonee Robinson,4.5600000000000005,0.0,34
257,Kenny Tete,1.4800000000000004,2.0,34
261,Elkan Baggott,0.0,0.0,34
263,Cameron Burgess,0.8499999999999996,1.0,34
266,Harry Clarke,0.08999999999999986,0.0,34
267,Leif Davis,0.7699999999999996,0.0,34
269,George Edmundson,0.0,0.0,34
270,Jacob Greaves,2.1400000000000006,0.0,34
275,Ben Johnson,2.0500000000000007,-3.0,34
279,Corrie Ndaba,0.0,0.0,34
282,Axel Tuanzebe,1.5599999999999996,0.0,34
284,Luke Woolfenden,0.34999999999999964,1.0,34
288,Conor Coady,1.62,1.0,34
291,Wout Faes,1.75,0.0,34
295,James Justin,1.4100000000000001,0.0,34
296,Victor Kristiansen,0.5199999999999996,0.0,34
301,Caleb Okoli,1.4500000000000002,0.0,34
302,Ricardo Barbosa Pereira,1.13,1.0,34
303,Harry Souttar,0.0,0.0,34
305,Luke Thomas,1.9900000000000002,1.0,34
307,Jannik Vestergaard,0.20000000000000018,0.0,34
311,Trent Alexander-Arnold,3.51,5.0,34
313,Conor Bradley,1.3499999999999996,0.0,34
322,Joe Gomez,0.15000000000000036,0.0,34
326,Ibrahima Konaté,2.99,2.0,34
332,Nathaniel Phillips,0.0,0.0,34
333,Jarell Quansah,0.3899999999999997,0.0,34
334,Rhys Williams,0.0,0.0,34
335,Andrew Robertson,1.37,2.0,34
337,Konstantinos Tsimikas,2.710000000000001,0.0,34
338,Sepp van den Berg,2.0,6.0,34
339,Virgil van Dijk,4.32,2.0,34
369,Diogo Dalot Teixeira,1.88,0.0,34
371,Jonny Evans,0.16000000000000014,0.0,34
376,Victor Lindelöf,1.7199999999999998,1.0,34
377,Harry Maguire,1.4299999999999997,2.0,34
379,Tyrell Malacia,0.16999999999999993,0.0,34
380,Lisandro Martínez,0.16000000000000014,0.0,34
387,Luke Shaw,0.5,1.0,34
388,Aaron Wan-Bissaka,1.8600000000000003,1.0,34
390,Alex Murphy,0.0,0.0,34
393,Sven Botman,0.03000000000000025,1.0,34
395,Dan Burn,3.91,11.0,34
399,Lewis Hall,0.20000000000000018,0.0,34
404,Lloyd Kelly,0.1299999999999999,0.0,34
405,Emil Krafth,0.8099999999999996,0.0,34
407,Jamaal Lascelles,0.54,0.0,34
408,Jamal Lewis,0.0,0.0,34
409,Tino Livramento,4.3100000000000005,6.0,34
415,Fabian Schär,3.01,6.0,34
416,Matt Targett,0.9699999999999998,0.0,34
418,Kieran Trippier,3.7699999999999996,12.0,34
422,Ola Aina,1.04,1.0,34
425,Willy Boly,0.17999999999999972,0.0,34
436,Murillo Santiago Costa dos Santos,2.369999999999999,1.0,34
437,Neco Williams,2.41,0.0,34
438,Omar Richards,0.0,0.0,34
440,Andrew Omobamidele,0.0,0.0,34
441,Jonathan Panzo,0.0,0.0,34
444,Harry Toffolo,1.0700000000000003,0.0,34
448,Joe Worrall,0.0,0.0,34
455,Jan Bednarek,2.08,1.0,34
456,Armel Bella-Kotchap,0.25,0.0,34
457,James Bree,0.09999999999999964,1.0,34
460,Ronnie Edwards,0.0,0.0,34
461,Taylor Harwood-Bellis,1.87,1.0,34
464,Juan Larios López,0.0,0.0,34
467,Ryan Manning,2.210000000000001,4.0,34
472,Jack Stephens,2.1099999999999994,7.0,34
474,Sugawara Yukinari,0.5899999999999999,0.0,34
475,Charlie Taylor,0.009999999999999787,0.0,34
476,Kyle Walker-Peters,2.880000000000001,1.0,34
477,Nathan Wood-Gordon,0.17999999999999972,0.0,34
478,Ashley Phillips,0.0,0.0,34
484,Ben Davies,1.6100000000000003,0.0,34
486,Radu Drăgușin,0.20999999999999996,0.0,34
487,Emerson Leite de Souza Junior,0.0,0.0,34
495,Pedro Porro,4.66,0.0,34
496,Sergio Reguilón,0.040000000000000036,0.0,34
498,Cristian Romero,2.1999999999999993,0.0,34
504,Djed Spence,2.76,0.0,34
505,Destiny Udogie,0.7699999999999996,-2.0,34
506,Micky van de Ven,0.9299999999999997,0.0,34
516,Vladimír Coufal,2.16,0.0,34
517,Aaron Cresswell,0.4400000000000004,0.0,34
520,Emerson Palmieri dos Santos,1.3899999999999997,2.0,34
524,Max Kilman,2.8499999999999996,1.0,34
528,Konstantinos Mavropanos,1.71,0.0,34
529,Nayef Aguerd,0.0,0.0,34
532,Kurt Zouma,0.0,0.0,34
533,Rayan Aït-Nouri,4.640000000000001,9.0,34
542,Craig Dawson,0.20999999999999996,0.0,34
543,Matt Doherty,1.0499999999999998,6.0,34
549,Hugo Bueno López,0.0,0.0,34
552,Ki-Jana Hoever,0.04999999999999982,0.0,34
558,Yerson Mosquera,0.0,0.0,34
559,Nélson Cabral Semedo,1.83,6.0,34
561,Pedro Cardoso de Lima,0.3600000000000003,0.0,34
564,Santiago Bueno,1.4400000000000004,1.0,34
567,Toti António Gomes,2.5999999999999996,5.0,34
572,Leny Yoro,1.7300000000000004,2.0,34
573,Nikola Milenković,3.01,1.0,34
574,Miodrag Pivaš,0.0,0.0,34
575,Caleb Wiley,0.0,0.0,34
579,Ryan Sessegnon,4.380000000000001,8.0,34
580,Dean Huijsen,2.6999999999999993,1.0,34
582,Jake O'Brien,3.09,2.0,34
583,Conor Townsend,0.6600000000000001,0.0,34
586,Jorge Cuenca Barreno,0.16999999999999993,0.0,34
591,Jean-Clair Todibo,1.2199999999999998,1.0,34
592,Julián Araujo Zúñiga,0.79,0.0,34
593,Matthijs de Ligt,0.7699999999999996,0.0,34
594,Noussair Mazraoui,3.25,2.0,34
616,Ben Nelson,0.0,0.0,34
627,Roman Dixon,0.0,0.0,34
628,Ferdi Kadioglu,0.04999999999999982,0.0,34
630,Dara O'Shea,2.9299999999999997,1.0,34
637,Bastien Meupiyou,0.07000000000000028,0.0,34
643,Kaelan Casey,0.009999999999999787,0.0,34
649,Jayden Meghoma,0.03000000000000025,0.0,34
653,Felipe Rodrigues da Silva,0.71,0.0,34
658,Ayden Heaven,0.29000000000000004,0.0,34
663,Imari Samuels,0.0,0.0,34
664,Alfie Pond,0.0,0.0,34
670,Harry Amass,1.67,0.0,34
677,Ollie Scarles,0.5700000000000003,0.0,34
680,Max Kinsey,0.0,0.0,34
681,Ruairi McConville,0.0,0.0,34
684,Malachi Hardy,0.0,0.0,34
685,Jacob Slater,0.0,0.0,34
686,Ezra Mayers,0.09999999999999964,0.0,34
690,Samuel Amissah,0.0,0.0,34
691,Godwill Kukonki,0.16000000000000014,0.0,34
692,Amara Nallo,0.0,0.0,34
697,Josh Acheampong,0.040000000000000036,0.0,34
699,Alfie Dorrington,0.0,0.0,34
700,Maeson King,0.0,0.0,34
702,Archie Harris,0.0,0.0,34
705,Benjamin Arthur,0.0,0.0,34
706,Zach Abbott,0.1299999999999999,0.0,34
708,Thomas Wilson-Brown,0.0,0.0,34
711,Wes Okoduwa,0.08000000000000007,0.0,34
712,Matai Akinmboni,0.08000000000000007,0.0,34
713,Julio Soler,0.1900000000000004,0.0,34
715,Ben Godfrey,0.13999999999999968,0.0,34
718,Welington Damascena Santos,1.08,0.0,34
719,Joachim Kayi-Sanda,0.0,0.0,34
720,Emmanuel Agbadou,3.08,6.0,34
726,Woyo Coulibaly,0.20000000000000018,0.0,34
757,Michael Kayode,0.9900000000000002,6.0,34
760,Dante Cassanova,0.0,0.0,34
763,Eiran Cashin,0.7800000000000002,0.0,34
766,Patrick Dorgu,1.7800000000000002,1.0,34
767,Kevin Danso,0.9699999999999998,0.0,34
769,Nasser Djiga,0.7999999999999998,0.0,34
774,Aaron Anselmino,0.0,0.0,34
777,Tyler Fredricson,2.5299999999999994,0.0,34
782,Ishé Samuels-Smith,0.04999999999999982,0.0,34
786,Benjamin Fredrick,0.0,0.0,34
787,Genesis Antwi,0.0,0.0,34
791,Charlie Tasker,0.0,0.0,34
794,Freddie Simmonds,0.0,0.0,34
796,Olabade Aluko,0.0,0.0,34
799,Somto Boniface,0.0,0.0,34
3,Gabriel dos Santos Magalhães,1.1600000000000001,0.0,35
6,Jurriën Timber,1.4299999999999997,0.0,35
8,Jakub Kiwior,1.3200000000000003,1.0,35
18,William Saliba,3.25,1.0,35
21,Kieran Tierney,1.08,0.0,35
22,Tomiyasu Takehiro,0.03000000000000025,0.0,35
24,Benjamin White,2.51,1.0,35
25,Oleksandr Zinchenko,3.99,1.0,35
26,Álex Moreno Lopera,0.5099999999999998,0.0,35
32,Matty Cash,1.38,6.0,35
35,Diego Carlos Santos Silva,0.2999999999999998,0.0,35
36,Lucas Digne,0.5499999999999998,1.0,35
40,Kortney Hause,0.0,0.0,35
43,Kaine Kesler-Hayden,0.0,0.0,35
44,Ezri Konsa Ngoyo,1.92,6.0,35
45,Ian Maatsen,1.5899999999999999,6.0,35
49,Tyrone Mings,0.71,0.0,35
50,Kosta Nedeljković,0.09999999999999964,0.0,35
52,Pau Torres,0.5300000000000002,6.0,35
56,Lino da Cruz Sousa,0.0,0.0,35
59,Max Aarons,0.16999999999999993,0.0,35
68,James Hill,0.4299999999999997,0.0,35
70,Milos Kerkez,1.58,2.0,35
72,Chris Mepham,0.0,0.0,35
79,Marcos Senesi,1.5999999999999996,0.0,35
81,Adam Smith,1.6100000000000003,0.0,35
85,Illia Zabarnyi,1.5099999999999998,2.0,35
86,Kristoffer Ajer,0.7199999999999998,0.0,35
88,Nathan Collins,3.1799999999999997,1.0,35
92,Rico Henry,0.96,0.0,35
93,Aaron Hickey,0.0,0.0,35
96,Kim Ji-soo,0.040000000000000036,0.0,35
100,Ben Mee,0.21999999999999975,0.0,35
104,Ethan Pinnock,0.34999999999999964,0.0,35
105,Mads Roerslev Rasmussen,0.07000000000000028,0.0,35
112,Mathias Jorgensen,0.0,0.0,35
116,Valentín Barco,0.009999999999999787,0.0,35
120,Lewis Dunk,1.7699999999999996,2.0,35
122,Pervis Estupiñán,2.0600000000000005,2.0,35
128,Igor Julio dos Santos de Paulo,0.3099999999999996,0.0,35
131,Tariq Lamptey,0.41999999999999993,1.0,35
139,Odeluga Offiah,0.0,0.0,35
144,Jan Paul van Hecke,0.9500000000000002,2.0,35
145,Joël Veltman,0.11000000000000032,1.0,35
147,Adam Webster,0.33999999999999986,0.0,35
153,Benoît Badiashile,0.3200000000000003,0.0,35
159,Trevoh Chalobah,1.7999999999999998,1.0,35
160,Ben Chilwell,0.5700000000000003,0.0,35
162,Levi Colwill,2.0299999999999994,2.0,35
163,Marc Cucurella Saseta,1.9299999999999997,2.0,35
167,Axel Disasi,0.2400000000000002,0.0,35
170,Alfie Gilchrist,0.0,0.0,35
171,Malo Gusto,0.79,1.0,35
172,Reece James,0.9900000000000002,1.0,35
176,Malang Sarr,0.0,0.0,35
187,Tosin Adarabioyo,0.8399999999999999,0.0,35
189,Wesley Fofana,0.2999999999999998,0.0,35
191,Joachim Andersen,2.880000000000001,2.0,35
194,Chris Richards,2.1400000000000006,2.0,35
195,Chadi Riad Dnanou,0.0,0.0,35
196,Nathaniel Clyne,0.3799999999999999,0.0,35
200,Marc Guéhi,1.0599999999999996,2.0,35
202,Rob Holding,0.0,0.0,35
210,Tyrick Mitchell,0.9699999999999998,5.0,35
211,Daniel Muñoz,2.960000000000001,1.0,35
215,Joel Ward,0.41000000000000014,0.0,35
219,Jarrad Branthwaite,3.5199999999999996,1.0,35
221,Séamus Coleman,0.08999999999999986,0.0,35
225,Mason Holgate,0.0,0.0,35
228,Michael Keane,1.1600000000000001,0.0,35
231,Vitalii Mykolenko,4.4,0.0,35
234,Nathan Patterson,1.1600000000000001,3.0,35
236,James Tarkowski,1.5099999999999998,0.0,35
238,Ashley Young,1.1500000000000004,1.0,35
241,Calvin Bassey,2.0500000000000007,1.0,35
244,Timothy Castagne,0.41000000000000014,1.0,35
245,Issa Diop,0.23000000000000043,0.0,35
250,Kevin Mbabu,0.009999999999999787,0.0,35
253,Tim Ream,0.0,0.0,35
255,Antonee Robinson,1.7300000000000004,2.0,35
257,Kenny Tete,1.88,1.0,35
261,Elkan Baggott,0.0,0.0,35
263,Cameron Burgess,2.1899999999999995,4.0,35
266,Harry Clarke,0.16000000000000014,0.0,35
267,Leif Davis,0.4800000000000004,0.0,35
269,George Edmundson,0.08999999999999986,0.0,35
270,Jacob Greaves,0.9900000000000002,1.0,35
275,Ben Johnson,2.8200000000000003,0.0,35
279,Corrie Ndaba,0.0,0.0,35
282,Axel Tuanzebe,1.1900000000000004,1.0,35
284,Luke Woolfenden,2.1400000000000006,1.0,35
288,Conor Coady,1.6600000000000001,6.0,35
291,Wout Faes,2.08,6.0,35
295,James Justin,1.83,6.0,35
296,Victor Kristiansen,0.6600000000000001,0.0,35
301,Caleb Okoli,1.75,0.0,35
302,Ricardo Barbosa Pereira,1.1399999999999997,0.0,35
303,Harry Souttar,0.0,0.0,35
305,Luke Thomas,2.83,6.0,35
307,Jannik Vestergaard,0.04999999999999982,0.0,35
311,Trent Alexander-Arnold,2.0999999999999996,0.0,35
313,Conor Bradley,0.9400000000000004,1.0,35
322,Joe Gomez,0.09999999999999964,0.0,35
326,Ibrahima Konaté,1.9000000000000004,0.0,35
332,Nathaniel Phillips,0.0,0.0,35
333,Jarell Quansah,0.5499999999999998,-2.0,35
334,Rhys Williams,0.0,0.0,35
335,Andrew Robertson,1.3399999999999999,0.0,35
337,Konstantinos Tsimikas,1.0,1.0,35
338,Sepp van den Berg,2.74,1.0,35
339,Virgil van Dijk,3.49,6.0,35
340,Manuel Akanji,0.41000000000000014,1.0,35
341,Nathan Aké,0.07000000000000028,0.0,35
350,Joško Gvardiol,3.3000000000000007,6.0,35
353,João Cavaco Cancelo,0.0,0.0,35
355,Rico Lewis,0.6399999999999997,1.0,35
361,Rúben Gato Alves Dias,2.2799999999999994,6.0,35
362,John Stones,0.17999999999999972,0.0,35
363,Kyle Walker,0.17999999999999972,0.0,35
369,Diogo Dalot Teixeira,2.16,0.0,35
371,Jonny Evans,0.019999999999999574,0.0,35
376,Victor Lindelöf,0.9400000000000004,1.0,35
377,Harry Maguire,0.8700000000000001,0.0,35
379,Tyrell Malacia,0.20000000000000018,0.0,35
380,Lisandro Martínez,0.20999999999999996,0.0,35
387,Luke Shaw,1.7199999999999998,-2.0,35
388,Aaron Wan-Bissaka,2.01,5.0,35
390,Alex Murphy,0.0,0.0,35
393,Sven Botman,0.5899999999999999,1.0,35
395,Dan Burn,3.0199999999999996,2.0,35
399,Lewis Hall,0.11000000000000032,0.0,35
404,Lloyd Kelly,0.17999999999999972,0.0,35
405,Emil Krafth,0.5599999999999996,1.0,35
407,Jamaal Lascelles,0.1200000000000001,0.0,35
408,Jamal Lewis,0.0,0.0,35
409,Tino Livramento,2.49,2.0,35
415,Fabian Schär,2.6099999999999994,5.0,35
416,Matt Targett,0.6399999999999997,0.0,35
418,Kieran Trippier,3.3100000000000005,2.0,35
422,Ola Aina,1.9900000000000002,1.0,35
425,Willy Boly,0.5499999999999998,0.0,35
436,Murillo Santiago Costa dos Santos,2.16,8.0,35
437,Neco Williams,2.83,4.0,35
438,Omar Richards,0.0,0.0,35
440,Andrew Omobamidele,0.0,0.0,35
441,Jonathan Panzo,0.0,0.0,35
444,Harry Toffolo,0.3099999999999996,0.0,35
448,Joe Worrall,0.019999999999999574,0.0,35
455,Jan Bednarek,1.7800000000000002,1.0,35
456,Armel Bella-Kotchap,0.21999999999999975,0.0,35
457,James Bree,0.4500000000000002,0.0,35
460,Ronnie Edwards,0.1900000000000004,0.0,35
461,Taylor Harwood-Bellis,1.8499999999999996,0.0,35
464,Juan Larios López,0.009999999999999787,0.0,35
467,Ryan Manning,2.7300000000000004,1.0,35
472,Jack Stephens,2.5,0.0,35
474,Sugawara Yukinari,0.41999999999999993,0.0,35
475,Charlie Taylor,0.1200000000000001,0.0,35
476,Kyle Walker-Peters,1.4699999999999998,1.0,35
477,Nathan Wood-Gordon,0.2699999999999996,0.0,35
478,Ashley Phillips,0.0,0.0,35
484,Ben Davies,3.0299999999999994,1.0,35
486,Radu Drăgușin,0.0,0.0,35
487,Emerson Leite de Souza Junior,0.0,0.0,35
495,Pedro Porro,2.6099999999999994,0.0,35
496,Sergio Reguilón,0.3200000000000003,0.0,35
498,Cristian Romero,1.62,0.0,35
504,Djed Spence,2.67,2.0,35
505,Destiny Udogie,1.92,0.0,35
506,Micky van de Ven,0.6100000000000003,0.0,35
516,Vladimír Coufal,0.7400000000000002,1.0,35
517,Aaron Cresswell,0.25,2.0,35
520,Emerson Palmieri dos Santos,1.3899999999999997,2.0,35
524,Max Kilman,2.2200000000000006,2.0,35
528,Konstantinos Mavropanos,1.8600000000000003,1.0,35
529,Nayef Aguerd,0.0,0.0,35
532,Kurt Zouma,0.05999999999999961,0.0,35
533,Rayan Aït-Nouri,3.4499999999999993,2.0,35
542,Craig Dawson,0.2999999999999998,0.0,35
543,Matt Doherty,0.8300000000000001,2.0,35
549,Hugo Bueno López,0.0,0.0,35
552,Ki-Jana Hoever,0.2400000000000002,0.0,35
558,Yerson Mosquera,0.04999999999999982,0.0,35
559,Nélson Cabral Semedo,3.1099999999999994,2.0,35
561,Pedro Cardoso de Lima,0.46999999999999975,0.0,35
564,Santiago Bueno,2.9800000000000004,1.0,35
567,Toti António Gomes,2.2699999999999996,2.0,35
572,Leny Yoro,1.6600000000000001,0.0,35
573,Nikola Milenković,2.8100000000000005,2.0,35
574,Miodrag Pivaš,0.0,0.0,35
575,Caleb Wiley,0.0,0.0,35
578,Riccardo Calafiori,0.46999999999999975,0.0,35
579,Ryan Sessegnon,5.039999999999999,0.0,35
580,Dean Huijsen,1.58,8.0,35
582,Jake O'Brien,3.210000000000001,0.0,35
583,Conor Townsend,0.6100000000000003,0.0,35
586,Jorge Cuenca Barreno,0.16000000000000014,0.0,35
591,Jean-Clair Todibo,1.25,2.0,35
592,Julián Araujo Zúñiga,0.5,2.0,35
593,Matthijs de Ligt,0.9699999999999998,0.0,35
594,Noussair Mazraoui,1.9400000000000004,0.0,35
598,Lamare Bogarde,0.1200000000000001,0.0,35
616,Ben Nelson,0.08000000000000007,0.0,35
626,Issa Kaboré,0.0,0.0,35
627,Roman Dixon,0.0,0.0,35
628,Ferdi Kadioglu,0.05999999999999961,0.0,35
630,Dara O'Shea,3.3599999999999994,1.0,35
637,Bastien Meupiyou,0.09999999999999964,0.0,35
640,Sil Swinkels,0.009999999999999787,0.0,35
643,Kaelan Casey,0.03000000000000025,0.0,35
649,Jayden Meghoma,0.08000000000000007,0.0,35
650,Maxence Lacroix,0.7300000000000004,2.0,35
653,Felipe Rodrigues da Silva,0.4299999999999997,0.0,35
657,Maldini Kacurri,0.09999999999999964,0.0,35
658,Ayden Heaven,0.009999999999999787,0.0,35
662,Josh Nichols,0.0,0.0,35
663,Imari Samuels,0.0,0.0,35
664,Alfie Pond,0.03000000000000025,0.0,35
666,Caleb Kporha,0.1299999999999999,0.0,35
670,Harry Amass,0.5599999999999996,0.0,35
672,Jahmai Simpson-Pusey,0.03000000000000025,0.0,35
675,Josh Wilson-Esbrand,0.0,0.0,35
677,Ollie Scarles,0.1900000000000004,0.0,35
680,Max Kinsey,0.08000000000000007,0.0,35
681,Ruairi McConville,0.0,0.0,35
684,Malachi Hardy,0.0,0.0,35
685,Jacob Slater,0.0,0.0,35
686,Ezra Mayers,0.0,0.0,35
690,Samuel Amissah,0.0,0.0,35
691,Godwill Kukonki,0.03000000000000025,0.0,35
692,Amara Nallo,0.0,0.0,35
697,Josh Acheampong,0.08999999999999986,0.0,35
699,Alfie Dorrington,0.0,0.0,35
700,Maeson King,0.0,0.0,35
702,Archie Harris,0.009999999999999787,0.0,35
703,Max Alleyne,0.0,0.0,35
705,Benjamin Arthur,0.0,0.0,35
706,Zach Abbott,0.03000000000000025,0.0,35
708,Thomas Wilson-Brown,0.0,0.0,35
711,Wes Okoduwa,0.0,0.0,35
712,Matai Akinmboni,0.2599999999999998,0.0,35
713,Julio Soler,0.29000000000000004,0.0,35
715,Ben Godfrey,0.41000000000000014,0.0,35
718,Welington Damascena Santos,0.5700000000000003,0.0,35
719,Joachim Kayi-Sanda,0.0,0.0,35
720,Emmanuel Agbadou,1.4299999999999997,2.0,35
726,Woyo Coulibaly,0.4400000000000004,0.0,35
731,Andrés García,0.54,0.0,35
732,Abdukodir Khusanov,0.019999999999999574,0.0,35
733,Vitor de Oliveira Nunes dos Reis,0.29000000000000004,0.0,35
757,Michael Kayode,1.9299999999999997,5.0,35
760,Dante Cassanova,0.0,0.0,35
763,Eiran Cashin,0.15000000000000036,0.0,35
766,Patrick Dorgu,3.4399999999999995,0.0,35
767,Kevin Danso,2.59,2.0,35
769,Nasser Djiga,0.8099999999999996,0.0,35
774,Aaron Anselmino,0.0,0.0,35
777,Tyler Fredricson,0.4299999999999997,0.0,35
782,Ishé Samuels-Smith,0.0,0.0,35
786,Benjamin Fredrick,0.0,0.0,35
787,Genesis Antwi,0.0,0.0,35
791,Charlie Tasker,0.0,0.0,35
794,Freddie Simmonds,0.0,0.0,35
796,Olabade Aluko,0.0,0.0,35
799,Somto Boniface,0.009999999999999787,0.0,35
801,Brayden Clarke,0.0,0.0,35
3,Gabriel dos Santos Magalhães,0.5571921661953754,0.0,36
6,Jurriën Timber,0.6582929951581393,0.0,36
8,Jakub Kiwior,1.630580101404095,1.0,36
18,William Saliba,2.6473417525180594,1.0,36
21,Kieran Tierney,0.6293287667369878,1.0,36
22,Tomiyasu Takehiro,0.06521078783182244,0.0,36
24,Benjamin White,1.5399543192835718,1.0,36
25,Oleksandr Zinchenko,0.9446120110345317,1.0,36
26,Álex Moreno Lopera,0.3835844136865365,0.0,36
32,Matty Cash,2.025842706853087,6.0,36
35,Diego Carlos Santos Silva,0.09392993738843902,0.0,36
36,Lucas Digne,0.8586313414751725,6.0,36
40,Kortney Hause,0.09392993738843902,0.0,36
43,Kaine Kesler-Hayden,0.06521078783182244,0.0,36
44,Ezri Konsa Ngoyo,2.4186171947902935,5.0,36
45,Ian Maatsen,2.2071268916973708,1.0,36
49,Tyrone Mings,0.6999918250190404,6.0,36
50,Kosta Nedeljković,0.09392993738843902,0.0,36
52,Pau Torres,1.4286341669482168,1.0,36
56,Lino da Cruz Sousa,0.06521078783182244,0.0,36
59,Max Aarons,0.0785106496625998,0.0,36
68,James Hill,0.19060390455513954,0.0,36
70,Milos Kerkez,2.6658603877069904,2.0,36
72,Chris Mepham,0.06521078783182244,0.0,36
79,Marcos Senesi,0.6235921482140627,1.0,36
81,Adam Smith,1.2200097795751503,1.0,36
85,Illia Zabarnyi,2.1317377339201347,1.0,36
86,Kristoffer Ajer,0.7385465170160215,0.0,36
88,Nathan Collins,2.994318897040273,6.0,36
92,Rico Henry,0.6702586810585975,0.0,36
93,Aaron Hickey,0.06521078783182244,0.0,36
96,Kim Ji-soo,0.27700297397775664,0.0,36
100,Ben Mee,0.21944181711785138,0.0,36
104,Ethan Pinnock,0.19095103330114327,0.0,36
105,Mads Roerslev Rasmussen,0.0874068411936113,0.0,36
112,Mathias Jorgensen,0.06521078783182244,0.0,36
116,Valentín Barco,0.117945028332203,0.0,36
120,Lewis Dunk,2.0343173508864716,0.0,36
122,Pervis Estupiñán,2.284225225811797,6.0,36
128,Igor Julio dos Santos de Paulo,0.0785106496625998,0.0,36
131,Tariq Lamptey,0.7662519864489408,1.0,36
139,Odeluga Offiah,0.06521078783182244,0.0,36
144,Jan Paul van Hecke,1.6618250822109246,6.0,36
145,Joël Veltman,0.44668010028785243,0.0,36
147,Adam Webster,0.11995430014119002,6.0,36
153,Benoît Badiashile,0.07698474660359444,0.0,36
159,Trevoh Chalobah,2.169641783160875,2.0,36
160,Ben Chilwell,0.3184353990884299,1.0,36
162,Levi Colwill,2.158942754151502,0.0,36
163,Marc Cucurella Saseta,2.5576157762679497,1.0,36
167,Axel Disasi,0.17477143116838434,0.0,36
170,Alfie Gilchrist,0.06521078783182244,0.0,36
171,Malo Gusto,1.0463430529931284,1.0,36
172,Reece James,0.8525159591397582,1.0,36
176,Malang Sarr,0.06521078783182244,0.0,36
187,Tosin Adarabioyo,0.6473598126747113,0.0,36
189,Wesley Fofana,0.11900375799098839,0.0,36
191,Joachim Andersen,2.33589980737975,1.0,36
194,Chris Richards,1.5713585070884069,6.0,36
195,Chadi Riad Dnanou,0.06521078783182244,0.0,36
196,Nathaniel Clyne,0.2449644376796254,0.0,36
200,Marc Guéhi,1.9565839884590188,6.0,36
202,Rob Holding,0.06521078783182244,0.0,36
210,Tyrick Mitchell,2.058798739613982,6.0,36
211,Daniel Muñoz,2.7170409994963336,9.0,36
215,Joel Ward,0.15956311650914845,0.0,36
219,Jarrad Branthwaite,2.3299506608955287,2.0,36
221,Séamus Coleman,0.0785106496625998,1.0,36
225,Mason Holgate,0.06521078783182244,0.0,36
228,Michael Keane,0.2438285245293601,8.0,36
231,Vitalii Mykolenko,2.56251961694184,8.0,36
234,Nathan Patterson,1.6551018675766134,0.0,36
236,James Tarkowski,0.9753010373508975,0.0,36
238,Ashley Young,0.660662305865297,2.0,36
241,Calvin Bassey,1.9854973783802592,1.0,36
244,Timothy Castagne,0.7244612096534242,0.0,36
245,Issa Diop,0.23240316508513903,0.0,36
250,Kevin Mbabu,0.06521078783182244,0.0,36
253,Tim Ream,0.06521078783182244,0.0,36
255,Antonee Robinson,2.380889413059567,0.0,36
257,Kenny Tete,1.8929003569889629,1.0,36
261,Elkan Baggott,0.06521078783182244,0.0,36
263,Cameron Burgess,1.8185777532078893,2.0,36
266,Harry Clarke,0.0785106496625998,0.0,36
267,Leif Davis,0.2193749068747053,0.0,36
269,George Edmundson,0.06521078783182244,0.0,36
270,Jacob Greaves,1.6416155357233642,2.0,36
275,Ben Johnson,1.1949726692565772,1.0,36
279,Corrie Ndaba,0.06521078783182244,0.0,36
282,Axel Tuanzebe,0.87085005891399,2.0,36
284,Luke Woolfenden,1.4700288283231,0.0,36
288,Conor Coady,1.6346417230453172,7.0,36
291,Wout Faes,2.239781907080962,1.0,36
295,James Justin,1.5661976053956552,0.0,36
296,Victor Kristiansen,0.2745534964944705,1.0,36
301,Caleb Okoli,0.6975038800744713,1.0,36
302,Ricardo Barbosa Pereira,0.6709838743454828,0.0,36
303,Harry Souttar,0.06521078783182244,0.0,36
305,Luke Thomas,1.8142277659345263,0.0,36
307,Jannik Vestergaard,0.12359523515898818,0.0,36
311,Trent Alexander-Arnold,1.922586024653544,1.0,36
313,Conor Bradley,1.5206687476246685,1.0,36
322,Joe Gomez,0.10722979921921638,0.0,36
326,Ibrahima Konaté,1.5463282987583176,1.0,36
332,Nathaniel Phillips,0.06521078783182244,0.0,36
333,Jarell Quansah,1.3256055162083529,0.0,36
334,Rhys Williams,0.06521078783182244,0.0,36
335,Andrew Robertson,1.0300650781683824,4.0,36
337,Konstantinos Tsimikas,2.132926932071136,0.0,36
338,Sepp van den Berg,2.512743780659271,6.0,36
339,Virgil van Dijk,2.522368741808016,1.0,36
340,Manuel Akanji,1.073647776681696,6.0,36
341,Nathan Aké,0.10043343175166886,0.0,36
350,Joško Gvardiol,2.746065628026658,6.0,36
353,João Cavaco Cancelo,0.09392993738843902,0.0,36
355,Rico Lewis,0.6077409605254163,6.0,36
361,Rúben Gato Alves Dias,2.5434047101827666,6.0,36
362,John Stones,0.11996423521686506,0.0,36
363,Kyle Walker,0.117945028332203,0.0,36
369,Diogo Dalot Teixeira,0.9767427233160282,0.0,36
371,Jonny Evans,0.06521078783182244,0.0,36
376,Victor Lindelöf,0.8223066085867226,1.0,36
377,Harry Maguire,1.7614339199603863,1.0,36
379,Tyrell Malacia,0.06521078783182244,0.0,36
380,Lisandro Martínez,0.1453800812916226,0.0,36
387,Luke Shaw,1.6579456587853851,1.0,36
388,Aaron Wan-Bissaka,2.440729881862662,9.0,36
390,Alex Murphy,0.09392993738843902,0.0,36
393,Sven Botman,0.43915644238060825,1.0,36
395,Dan Burn,2.686226031592639,9.0,36
399,Lewis Hall,0.25184204630518714,0.0,36
404,Lloyd Kelly,0.06521078783182244,0.0,36
405,Emil Krafth,0.31325278724011607,0.0,36
407,Jamaal Lascelles,0.06521078783182244,0.0,36
408,Jamal Lewis,0.06521078783182244,0.0,36
409,Tino Livramento,2.5196380728076786,6.0,36
415,Fabian Schär,2.07067345094279,5.0,36
416,Matt Targett,0.4810214678051299,0.0,36
418,Kieran Trippier,2.3475729921725588,0.0,36
422,Ola Aina,3.0261292961138793,0.0,36
425,Willy Boly,0.10295357353438916,0.0,36
436,Murillo Santiago Costa dos Santos,1.9533377726373367,0.0,36
437,Neco Williams,2.778010903295817,1.0,36
438,Omar Richards,0.06521078783182244,0.0,36
440,Andrew Omobamidele,0.06521078783182244,0.0,36
441,Jonathan Panzo,0.06521078783182244,0.0,36
444,Harry Toffolo,0.2897210008103963,0.0,36
448,Joe Worrall,0.06521078783182244,0.0,36
455,Jan Bednarek,1.613664656044274,6.0,36
456,Armel Bella-Kotchap,0.11900375799098839,0.0,36
457,James Bree,0.2024720142122325,6.0,36
460,Ronnie Edwards,0.09392993738843902,0.0,36
461,Taylor Harwood-Bellis,1.7439111907133888,6.0,36
464,Juan Larios López,0.06521078783182244,0.0,36
467,Ryan Manning,1.6126198390492892,1.0,36
472,Jack Stephens,1.8853270450196016,6.0,36
474,Sugawara Yukinari,0.4517090956098091,0.0,36
475,Charlie Taylor,0.08573619145794886,0.0,36
476,Kyle Walker-Peters,1.8822095478543517,0.0,36
477,Nathan Wood-Gordon,0.11996423521686506,0.0,36
478,Ashley Phillips,0.09392993738843902,0.0,36
484,Ben Davies,1.8781368518877484,1.0,36
486,Radu Drăgușin,0.10722979921921638,0.0,36
487,Emerson Leite de Souza Junior,0.06521078783182244,0.0,36
495,Pedro Porro,1.072163983609185,0.0,36
496,Sergio Reguilón,0.10722979921921638,0.0,36
498,Cristian Romero,0.8553466767232969,0.0,36
504,Djed Spence,2.1136937325707397,1.0,36
505,Destiny Udogie,0.52183956018873,0.0,36
506,Micky van de Ven,0.331227754798598,0.0,36
516,Vladimír Coufal,0.7674325587805715,6.0,36
517,Aaron Cresswell,1.2193376365042328,5.0,36
520,Emerson Palmieri dos Santos,1.9270656765792227,1.0,36
524,Max Kilman,2.113224483574255,6.0,36
528,Konstantinos Mavropanos,0.92956770794052,1.0,36
529,Nayef Aguerd,0.06521078783182244,0.0,36
532,Kurt Zouma,0.06521078783182244,0.0,36
533,Rayan Aït-Nouri,4.7837481055364215,1.0,36
542,Craig Dawson,0.06521078783182244,0.0,36
543,Matt Doherty,1.411255660552186,1.0,36
549,Hugo Bueno López,0.06521078783182244,0.0,36
552,Ki-Jana Hoever,0.06521078783182244,0.0,36
558,Yerson Mosquera,0.10043343175166886,0.0,36
559,Nélson Cabral Semedo,2.4105986708317673,1.0,36
561,Pedro Cardoso de Lima,0.17759596913361975,0.0,36
564,Santiago Bueno,1.003694021936056,0.0,36
567,Toti António Gomes,2.3222999134502462,1.0,36
572,Leny Yoro,1.7667940440414283,1.0,36
573,Nikola Milenković,2.7291864085384905,1.0,36
574,Miodrag Pivaš,0.06521078783182244,0.0,36
575,Caleb Wiley,0.06521078783182244,0.0,36
578,Riccardo Calafiori,0.22786503002557001,1.0,36
579,Ryan Sessegnon,3.2169575979808034,1.0,36
580,Dean Huijsen,2.92696520705152,1.0,36
582,Jake O'Brien,2.0076486924167227,0.0,36
583,Conor Townsend,0.40102446105679057,0.0,36
586,Jorge Cuenca Barreno,0.14605228161176775,0.0,36
591,Jean-Clair Todibo,1.7264629003112706,6.0,36
592,Julián Araujo Zúñiga,0.879379537107261,1.0,36
593,Matthijs de Ligt,0.6513717784333259,0.0,36
594,Noussair Mazraoui,1.3985161838473017,1.0,36
598,Lamare Bogarde,0.09392993738843902,0.0,36
616,Ben Nelson,0.06521078783182244,0.0,36
626,Issa Kaboré,0.06521078783182244,0.0,36
627,Roman Dixon,0.06521078783182244,0.0,36
628,Ferdi Kadioglu,0.06521078783182244,0.0,36
630,Dara O'Shea,1.8031895509510703,2.0,36
637,Bastien Meupiyou,0.09392993738843902,0.0,36
640,Sil Swinkels,0.06521078783182244,0.0,36
643,Kaelan Casey,0.09392993738843902,0.0,36
649,Jayden Meghoma,0.06521078783182244,0.0,36
650,Maxence Lacroix,1.7832727702731734,6.0,36
653,Felipe Rodrigues da Silva,0.4762916686377512,0.0,36
657,Maldini Kacurri,0.06521078783182244,0.0,36
658,Ayden Heaven,0.0902846084343718,0.0,36
662,Josh Nichols,0.06521078783182244,0.0,36
663,Imari Samuels,0.06521078783182244,0.0,36
664,Alfie Pond,0.10043343175166886,0.0,36
666,Caleb Kporha,0.06521078783182244,0.0,36
670,Harry Amass,1.5615552010619584,1.0,36
672,Jahmai Simpson-Pusey,0.06521078783182244,0.0,36
675,Josh Wilson-Esbrand,0.06521078783182244,0.0,36
677,Ollie Scarles,0.5520375489415379,0.0,36
680,Max Kinsey,0.06521078783182244,0.0,36
681,Ruairi McConville,0.06521078783182244,0.0,36
684,Malachi Hardy,0.06521078783182244,0.0,36
685,Jacob Slater,0.06521078783182244,0.0,36
686,Ezra Mayers,0.06521078783182244,0.0,36
690,Samuel Amissah,0.06521078783182244,0.0,36
691,Godwill Kukonki,0.06521078783182244,0.0,36
692,Amara Nallo,0.06521078783182244,0.0,36
697,Josh Acheampong,0.0785106496625998,0.0,36
699,Alfie Dorrington,0.06521078783182244,0.0,36
700,Maeson King,0.06521078783182244,0.0,36
702,Archie Harris,0.06521078783182244,0.0,36
703,Max Alleyne,0.06521078783182244,0.0,36
705,Benjamin Arthur,0.06521078783182244,0.0,36
706,Zach Abbott,0.06521078783182244,0.0,36
708,Thomas Wilson-Brown,0.06521078783182244,0.0,36
711,Wes Okoduwa,0.06521078783182244,0.0,36
712,Matai Akinmboni,0.06521078783182244,0.0,36
713,Julio Soler,0.3032416069307198,0.0,36
715,Ben Godfrey,0.40978216208807794,0.0,36
718,Welington Damascena Santos,0.5318306189623332,6.0,36
719,Joachim Kayi-Sanda,0.06521078783182244,0.0,36
720,Emmanuel Agbadou,2.576711121605374,1.0,36
726,Woyo Coulibaly,0.0785106496625998,0.0,36
731,Andrés García,0.4532433987485627,0.0,36
732,Abdukodir Khusanov,0.11135410298699622,0.0,36
733,Vitor de Oliveira Nunes dos Reis,0.2569861791414638,0.0,36
757,Michael Kayode,2.4790901280264332,5.0,36
760,Dante Cassanova,0.06521078783182244,0.0,36
763,Eiran Cashin,0.24828382442114005,0.0,36
766,Patrick Dorgu,1.4651662180912348,1.0,36
767,Kevin Danso,1.7335239357781633,1.0,36
769,Nasser Djiga,0.2838595202737393,0.0,36
774,Aaron Anselmino,0.06521078783182244,0.0,36
777,Tyler Fredricson,1.1040793997099634,0.0,36
782,Ishé Samuels-Smith,0.06521078783182244,0.0,36
786,Benjamin Fredrick,0.06521078783182244,0.0,36
787,Genesis Antwi,0.06521078783182244,0.0,36
791,Charlie Tasker,0.06521078783182244,0.0,36
794,Freddie Simmonds,0.06521078783182244,0.0,36
796,Olabade Aluko,0.06521078783182244,0.0,36
799,Somto Boniface,0.06521078783182244,0.0,36
801,Brayden Clarke,0.06521078783182244,0.0,36
3,Gabriel dos Santos Magalhães,0.5072082906230886,0.0,37
6,Jurriën Timber,0.5928925456371221,0.0,37
8,Jakub Kiwior,2.1078943897075106,5.0,37
18,William Saliba,2.6419751738852497,1.0,37
21,Kieran Tierney,0.47549363291619695,1.0,37
22,Tomiyasu Takehiro,0.0667068269238209,0.0,37
24,Benjamin White,2.1784212848324866,6.0,37
25,Oleksandr Zinchenko,0.98754869984396,0.0,37
26,Álex Moreno Lopera,0.32805339046786397,0.0,37
32,Matty Cash,2.2193818779987478,5.0,37
35,Diego Carlos Santos Silva,0.09233458836775288,0.0,37
36,Lucas Digne,2.2909354354399607,0.0,37
40,Kortney Hause,0.09233458836775288,0.0,37
43,Kaine Kesler-Hayden,0.0667068269238209,0.0,37
44,Ezri Konsa Ngoyo,2.7589435203868593,12.0,37
45,Ian Maatsen,1.55326368809052,6.0,37
49,Tyrone Mings,1.2568669027614812,0.0,37
50,Kosta Nedeljković,0.09233458836775288,0.0,37
52,Pau Torres,0.8045800870495023,6.0,37
56,Lino da Cruz Sousa,0.0667068269238209,0.0,37
59,Max Aarons,0.0793102887803121,0.0,37
68,James Hill,0.13210915261797318,0.0,37
70,Milos Kerkez,2.61372312990666,1.0,37
72,Chris Mepham,0.0667068269238209,0.0,37
79,Marcos Senesi,0.973314358645287,0.0,37
81,Adam Smith,1.54184666971262,1.0,37
85,Illia Zabarnyi,1.9963661854764165,1.0,37
86,Kristoffer Ajer,0.523200100020766,0.0,37
88,Nathan Collins,2.791755719758969,1.0,37
92,Rico Henry,0.66028563379456,1.0,37
93,Aaron Hickey,0.0667068269238209,0.0,37
96,Kim Ji-soo,0.21391399510946307,0.0,37
100,Ben Mee,0.1708647714631244,0.0,37
104,Ethan Pinnock,0.14338341905936325,0.0,37
105,Mads Roerslev Rasmussen,0.08644420905661931,0.0,37
112,Mathias Jorgensen,0.0667068269238209,0.0,37
116,Valentín Barco,0.10538073622409527,0.0,37
120,Lewis Dunk,1.2938628446079896,0.0,37
122,Pervis Estupiñán,2.405519845464207,1.0,37
128,Igor Julio dos Santos de Paulo,0.0793102887803121,0.0,37
131,Tariq Lamptey,1.069855900421942,0.0,37
139,Odeluga Offiah,0.0667068269238209,0.0,37
144,Jan Paul van Hecke,1.739689079670268,1.0,37
145,Joël Veltman,0.4255403558441815,0.0,37
147,Adam Webster,1.1654670715247182,0.0,37
153,Benoît Badiashile,0.07340775763703089,0.0,37
159,Trevoh Chalobah,2.390983994502399,0.0,37
160,Ben Chilwell,0.957587011353346,7.0,37
162,Levi Colwill,2.1698623098936096,6.0,37
163,Marc Cucurella Saseta,3.2982204239691715,12.0,37
167,Axel Disasi,0.19974215595402267,0.0,37
170,Alfie Gilchrist,0.0667068269238209,0.0,37
171,Malo Gusto,0.9568083880503364,1.0,37
172,Reece James,1.1169803305904855,9.0,37
176,Malang Sarr,0.0667068269238209,0.0,37
187,Tosin Adarabioyo,0.5027874213268282,6.0,37
189,Wesley Fofana,0.12497523234166596,0.0,37
191,Joachim Andersen,2.186337911270817,0.0,37
194,Chris Richards,2.618612948265266,1.0,37
195,Chadi Riad Dnanou,0.0667068269238209,0.0,37
196,Nathaniel Clyne,0.15267073028012312,0.0,37
200,Marc Guéhi,2.9162817842106,0.0,37
202,Rob Holding,0.0667068269238209,0.0,37
210,Tyrick Mitchell,2.529073805038374,0.0,37
211,Daniel Muñoz,3.5346426834777382,1.0,37
215,Joel Ward,0.24766136318176457,0.0,37
219,Jarrad Branthwaite,2.638244516065578,6.0,37
221,Séamus Coleman,0.3261143928308492,1.0,37
225,Mason Holgate,0.0667068269238209,0.0,37
228,Michael Keane,1.9917176820217302,1.0,37
231,Vitalii Mykolenko,3.293099537822597,6.0,37
234,Nathan Patterson,0.7860865891100017,0.0,37
236,James Tarkowski,0.6597060315480379,0.0,37
238,Ashley Young,1.8793455688595069,6.0,37
241,Calvin Bassey,2.071501919954615,1.0,37
244,Timothy Castagne,0.5832699199915661,0.0,37
245,Issa Diop,0.12497523234166596,0.0,37
250,Kevin Mbabu,0.0667068269238209,0.0,37
253,Tim Ream,0.0667068269238209,0.0,37
255,Antonee Robinson,1.1161939491606852,1.0,37
257,Kenny Tete,2.0149470770857025,0.0,37
261,Elkan Baggott,0.0667068269238209,0.0,37
263,Cameron Burgess,1.7978721765550931,0.0,37
266,Harry Clarke,0.0793102887803121,0.0,37
267,Leif Davis,0.42909735992466924,1.0,37
269,George Edmundson,0.0667068269238209,0.0,37
270,Jacob Greaves,1.7966923511488888,1.0,37
275,Ben Johnson,1.007066082099028,0.0,37
279,Corrie Ndaba,0.0667068269238209,0.0,37
282,Axel Tuanzebe,1.4413404540989765,1.0,37
284,Luke Woolfenden,0.708250970291771,0.0,37
288,Conor Coady,2.0928614375955537,6.0,37
291,Wout Faes,2.68970166411186,6.0,37
295,James Justin,2.145669796325702,9.0,37
296,Victor Kristiansen,0.7004158590758944,0.0,37
301,Caleb Okoli,0.6588142885711754,0.0,37
302,Ricardo Barbosa Pereira,0.5347176800414459,1.0,37
303,Harry Souttar,0.0667068269238209,0.0,37
305,Luke Thomas,1.7365987455197454,6.0,37
307,Jannik Vestergaard,0.12468512879379645,0.0,37
311,Trent Alexander-Arnold,1.4154362942268257,0.0,37
313,Conor Bradley,1.836214143436023,4.0,37
322,Joe Gomez,0.10493805022424407,0.0,37
326,Ibrahima Konaté,2.177021400006815,1.0,37
332,Nathaniel Phillips,0.0667068269238209,0.0,37
333,Jarell Quansah,0.7605341775739936,1.0,37
334,Rhys Williams,0.0667068269238209,0.0,37
335,Andrew Robertson,2.4492711359559802,0.0,37
337,Konstantinos Tsimikas,0.9104202794852219,1.0,37
338,Sepp van den Berg,2.5716147798855715,0.0,37
339,Virgil van Dijk,2.888483017841157,0.0,37
340,Manuel Akanji,2.048934790422445,2.0,37
341,Nathan Aké,0.1055939895742295,0.0,37
350,Joško Gvardiol,3.272301149333556,2.0,37
353,João Cavaco Cancelo,0.09233458836775288,0.0,37
355,Rico Lewis,1.2574670232159528,0.0,37
361,Rúben Gato Alves Dias,2.891760545175565,2.0,37
362,John Stones,0.13660563814841797,0.0,37
363,Kyle Walker,0.11716699162743005,0.0,37
369,Diogo Dalot Teixeira,0.7244262243348212,0.0,37
371,Jonny Evans,0.0667068269238209,0.0,37
376,Victor Lindelöf,0.937861232720171,2.0,37
377,Harry Maguire,1.5186710418725529,2.0,37
379,Tyrell Malacia,0.0667068269238209,0.0,37
380,Lisandro Martínez,0.17501688037442342,0.0,37
387,Luke Shaw,1.3663712302642912,2.0,37
388,Aaron Wan-Bissaka,2.8025296951249175,1.0,37
390,Alex Murphy,0.09233458836775288,0.0,37
393,Sven Botman,0.8620644026335418,2.0,37
395,Dan Burn,3.1318384143535702,1.0,37
399,Lewis Hall,0.3427445166157739,0.0,37
404,Lloyd Kelly,0.0667068269238209,0.0,37
405,Emil Krafth,0.739528342778347,0.0,37
407,Jamaal Lascelles,0.0667068269238209,0.0,37
408,Jamal Lewis,0.0667068269238209,0.0,37
409,Tino Livramento,2.5920106784756065,2.0,37
415,Fabian Schär,2.948710646630918,2.0,37
416,Matt Targett,0.46266088449150544,0.0,37
418,Kieran Trippier,1.5489095405170517,0.0,37
422,Ola Aina,2.8222237424305288,2.0,37
425,Willy Boly,0.08601121949352208,0.0,37
436,Murillo Santiago Costa dos Santos,1.3900878280431934,1.0,37
437,Neco Williams,2.2242489748045493,2.0,37
438,Omar Richards,0.0667068269238209,0.0,37
440,Andrew Omobamidele,0.0667068269238209,0.0,37
441,Jonathan Panzo,0.0667068269238209,0.0,37
444,Harry Toffolo,0.2650737864520627,0.0,37
448,Joe Worrall,0.0667068269238209,0.0,37
455,Jan Bednarek,1.6538028434931302,0.0,37
456,Armel Bella-Kotchap,0.12497523234166596,0.0,37
457,James Bree,1.135432026017976,1.0,37
460,Ronnie Edwards,0.09233458836775288,0.0,37
461,Taylor Harwood-Bellis,1.873383222377341,1.0,37
464,Juan Larios López,0.0667068269238209,0.0,37
467,Ryan Manning,1.1815697074490599,0.0,37
472,Jack Stephens,1.830981404848556,1.0,37
474,Sugawara Yukinari,0.4015764601415208,0.0,37
475,Charlie Taylor,0.1161191781082298,0.0,37
476,Kyle Walker-Peters,1.2471348389081927,0.0,37
477,Nathan Wood-Gordon,0.11819745143072069,0.0,37
478,Ashley Phillips,0.09233458836775288,0.0,37
484,Ben Davies,1.6149503459799055,1.0,37
486,Radu Drăgușin,0.10493805022424407,0.0,37
487,Emerson Leite de Souza Junior,0.0667068269238209,0.0,37
495,Pedro Porro,1.3880417774453733,0.0,37
496,Sergio Reguilón,0.10493805022424407,1.0,37
498,Cristian Romero,0.5407881541810031,0.0,37
504,Djed Spence,1.832783625719765,1.0,37
505,Destiny Udogie,0.4712595400444286,0.0,37
506,Micky van de Ven,0.23597326736038138,0.0,37
516,Vladimír Coufal,1.5547809035121727,0.0,37
517,Aaron Cresswell,1.8757950298607655,1.0,37
520,Emerson Palmieri dos Santos,1.0833084292257187,0.0,37
524,Max Kilman,2.459363375187637,1.0,37
528,Konstantinos Mavropanos,0.7378580724091721,0.0,37
529,Nayef Aguerd,0.0667068269238209,0.0,37
532,Kurt Zouma,0.0667068269238209,0.0,37
533,Rayan Aït-Nouri,3.6234957125239617,0.0,37
542,Craig Dawson,0.0667068269238209,0.0,37
543,Matt Doherty,1.2520834901708957,0.0,37
549,Hugo Bueno López,0.0667068269238209,0.0,37
552,Ki-Jana Hoever,0.0667068269238209,0.0,37
558,Yerson Mosquera,0.1055939895742295,0.0,37
559,Nélson Cabral Semedo,2.107427687102625,0.0,37
561,Pedro Cardoso de Lima,0.11819745143072069,0.0,37
564,Santiago Bueno,0.6838835463820638,0.0,37
567,Toti António Gomes,2.09736898883493,-1.0,37
572,Leny Yoro,1.2809557768257118,0.0,37
573,Nikola Milenković,2.289343971988293,8.0,37
574,Miodrag Pivaš,0.0667068269238209,0.0,37
575,Caleb Wiley,0.0667068269238209,0.0,37
578,Riccardo Calafiori,0.8158985065129594,1.0,37
579,Ryan Sessegnon,2.1318040820128417,1.0,37
580,Dean Huijsen,2.4315159149095784,0.0,37
582,Jake O'Brien,1.2049143788822283,6.0,37
583,Conor Townsend,0.28316803251449496,0.0,37
586,Jorge Cuenca Barreno,0.09934747089773399,1.0,37
591,Jean-Clair Todibo,1.803027783863934,0.0,37
592,Julián Araujo Zúñiga,0.8065838257181168,0.0,37
593,Matthijs de Ligt,0.5455242591150169,0.0,37
594,Noussair Mazraoui,2.2223415198192082,1.0,37
598,Lamare Bogarde,0.09903551908096286,0.0,37
616,Ben Nelson,0.0667068269238209,0.0,37
626,Issa Kaboré,0.0667068269238209,0.0,37
627,Roman Dixon,0.0667068269238209,0.0,37
628,Ferdi Kadioglu,0.08511501364151819,0.0,37
630,Dara O'Shea,1.5850332002541867,1.0,37
637,Bastien Meupiyou,0.09233458836775288,0.0,37
640,Sil Swinkels,0.0667068269238209,0.0,37
643,Kaelan Casey,0.09233458836775288,0.0,37
649,Jayden Meghoma,0.0667068269238209,0.0,37
650,Maxence Lacroix,2.010109310839109,1.0,37
653,Felipe Rodrigues da Silva,1.1520479905767784,0.0,37
657,Maldini Kacurri,0.0667068269238209,0.0,37
658,Ayden Heaven,0.08601121949352208,0.0,37
662,Josh Nichols,0.0667068269238209,0.0,37
663,Imari Samuels,0.0667068269238209,0.0,37
664,Alfie Pond,0.1055939895742295,0.0,37
666,Caleb Kporha,0.0667068269238209,0.0,37
670,Harry Amass,1.7034306185167232,0.0,37
672,Jahmai Simpson-Pusey,0.0667068269238209,0.0,37
675,Josh Wilson-Esbrand,0.0667068269238209,0.0,37
677,Ollie Scarles,0.32090184772989083,0.0,37
680,Max Kinsey,0.0667068269238209,0.0,37
681,Ruairi McConville,0.0667068269238209,0.0,37
684,Malachi Hardy,0.0667068269238209,0.0,37
685,Jacob Slater,0.0667068269238209,0.0,37
686,Ezra Mayers,0.0667068269238209,0.0,37
690,Samuel Amissah,0.0667068269238209,0.0,37
691,Godwill Kukonki,0.0667068269238209,0.0,37
692,Amara Nallo,0.0667068269238209,0.0,37
697,Josh Acheampong,0.0793102887803121,0.0,37
699,Alfie Dorrington,0.0667068269238209,0.0,37
700,Maeson King,0.0667068269238209,0.0,37
702,Archie Harris,0.0667068269238209,0.0,37
703,Max Alleyne,0.0667068269238209,0.0,37
705,Benjamin Arthur,0.0667068269238209,0.0,37
706,Zach Abbott,0.0667068269238209,0.0,37
708,Thomas Wilson-Brown,0.0667068269238209,0.0,37
711,Wes Okoduwa,0.0667068269238209,0.0,37
712,Matai Akinmboni,0.0667068269238209,0.0,37
713,Julio Soler,0.25799686927826304,1.0,37
715,Ben Godfrey,0.2650737864520627,0.0,37
718,Welington Damascena Santos,1.2711623602408633,1.0,37
719,Joachim Kayi-Sanda,0.0667068269238209,1.0,37
720,Emmanuel Agbadou,2.139322340131198,5.0,37
726,Woyo Coulibaly,0.0793102887803121,0.0,37
731,Andrés García,0.23891534939129944,0.0,37
732,Abdukodir Khusanov,0.12497523234166596,0.0,37
733,Vitor de Oliveira Nunes dos Reis,0.24766136318176457,0.0,37
757,Michael Kayode,2.509937579750515,2.0,37
760,Dante Cassanova,0.0667068269238209,0.0,37
763,Eiran Cashin,0.25436229389497456,0.0,37
766,Patrick Dorgu,1.2704343443879011,2.0,37
767,Kevin Danso,1.735032879846929,1.0,37
769,Nasser Djiga,0.26696575575146575,0.0,37
774,Aaron Anselmino,0.0667068269238209,0.0,37
777,Tyler Fredricson,0.4505741024960095,0.0,37
782,Ishé Samuels-Smith,0.0667068269238209,0.0,37
786,Benjamin Fredrick,0.0667068269238209,0.0,37
787,Genesis Antwi,0.0667068269238209,0.0,37
791,Charlie Tasker,0.0667068269238209,0.0,37
794,Freddie Simmonds,0.0667068269238209,0.0,37
796,Olabade Aluko,0.0667068269238209,0.0,37
799,Somto Boniface,0.0667068269238209,0.0,37
801,Brayden Clarke,0.0667068269238209,0.0,37
3,Gabriel dos Santos Magalhães,0.433229189729726,0.0,38
6,Jurriën Timber,0.18598963209449781,0.0,38
8,Jakub Kiwior,2.378100251055038,2.0,38
18,William Saliba,1.8750801620901827,0.0,38
21,Kieran Tierney,0.3613451964903849,8.0,38
22,Tomiyasu Takehiro,0.07309910442910983,0.0,38
24,Benjamin White,2.6883508287136326,5.0,38
25,Oleksandr Zinchenko,0.6671534151402385,2.0,38
26,Álex Moreno Lopera,0.1458419794921575,0.0,38
32,Matty Cash,2.3353935672609367,1.0,38
35,Diego Carlos Santos Silva,0.0866177019168326,0.0,38
36,Lucas Digne,0.9862221855993072,0.0,38
40,Kortney Hause,0.0866177019168326,0.0,38
43,Kaine Kesler-Hayden,0.0624094042975889,0.0,38
44,Ezri Konsa Ngoyo,3.0351512411551997,1.0,38
45,Ian Maatsen,2.02968932408716,1.0,38
49,Tyrone Mings,0.7145618565890546,0.0,38
50,Kosta Nedeljković,0.0866177019168326,0.0,38
52,Pau Torres,1.981738599538481,0.0,38
56,Lino da Cruz Sousa,0.0624094042975889,0.0,38
59,Max Aarons,0.0624094042975889,0.0,38
68,James Hill,0.12096363789869269,0.0,38
70,Milos Kerkez,3.424720120609827,6.0,38
72,Chris Mepham,0.0624094042975889,0.0,38
79,Marcos Senesi,0.7560185085784825,6.0,38
81,Adam Smith,1.1474292903095265,6.0,38
85,Illia Zabarnyi,2.275823159937884,9.0,38
86,Kristoffer Ajer,0.6022192702472351,1.0,38
88,Nathan Collins,2.371626398770159,2.0,38
92,Rico Henry,0.7102515756552537,0.0,38
93,Aaron Hickey,0.0624094042975889,0.0,38
96,Kim Ji-soo,0.2057994017594158,0.0,38
100,Ben Mee,0.0866177019168326,0.0,38
104,Ethan Pinnock,0.15054384586926428,0.0,38
105,Mads Roerslev Rasmussen,0.09751517738451554,0.0,38
112,Mathias Jorgensen,0.0624094042975889,0.0,38
116,Valentín Barco,0.11382977338597833,0.0,38
120,Lewis Dunk,0.5618736379043794,0.0,38
122,Pervis Estupiñán,2.3869482898551713,0.0,38
128,Igor Julio dos Santos de Paulo,0.0624094042975889,1.0,38
131,Tariq Lamptey,0.741955423870861,0.0,38
139,Odeluga Offiah,0.0624094042975889,0.0,38
144,Jan Paul van Hecke,1.9205540496033864,2.0,38
145,Joël Veltman,0.2933289713927145,0.0,38
147,Adam Webster,1.6670577347492639,5.0,38
153,Benoît Badiashile,0.0682964836752964,0.0,38
159,Trevoh Chalobah,1.1506445667937877,0.0,38
160,Ben Chilwell,1.4670746909952852,0.0,38
162,Levi Colwill,2.3356882438357687,12.0,38
163,Marc Cucurella Saseta,3.3387581505720956,6.0,38
167,Axel Disasi,0.14389692938649024,0.0,38
170,Alfie Gilchrist,0.0624094042975889,0.0,38
171,Malo Gusto,0.814338486451847,1.0,38
172,Reece James,2.1633285161005933,6.0,38
176,Malang Sarr,0.0624094042975889,0.0,38
187,Tosin Adarabioyo,1.2428165071942834,5.0,38
189,Wesley Fofana,0.0925047812945401,0.0,38
191,Joachim Andersen,2.036874346680669,1.0,38
194,Chris Richards,2.132666820999047,2.0,38
195,Chadi Riad Dnanou,0.0624094042975889,0.0,38
196,Nathaniel Clyne,0.08294922288850426,0.0,38
200,Marc Guéhi,1.467821422454616,0.0,38
202,Rob Holding,0.0624094042975889,0.0,38
210,Tyrick Mitchell,1.054933128191843,5.0,38
211,Daniel Muñoz,2.9322907286917577,2.0,38
215,Joel Ward,0.8707461437476107,0.0,38
219,Jarrad Branthwaite,1.934054736133823,0.0,38
221,Séamus Coleman,0.652061633562953,0.0,38
225,Mason Holgate,0.0624094042975889,0.0,38
228,Michael Keane,1.6906469914815672,6.0,38
231,Vitalii Mykolenko,2.552244566481413,8.0,38
234,Nathan Patterson,0.6449714929255865,0.0,38
236,James Tarkowski,0.4113396977068122,0.0,38
238,Ashley Young,1.6841106333892144,5.0,38
241,Calvin Bassey,2.015829422487787,0.0,38
244,Timothy Castagne,0.3994891083398109,0.0,38
245,Issa Diop,0.0925047812945401,0.0,38
250,Kevin Mbabu,0.0624094042975889,0.0,38
253,Tim Ream,0.0624094042975889,0.0,38
255,Antonee Robinson,1.8506173588093073,1.0,38
257,Kenny Tete,1.946411525575237,1.0,38
261,Elkan Baggott,0.0624094042975889,0.0,38
263,Cameron Burgess,1.2828198153662962,0.0,38
266,Harry Clarke,0.0624094042975889,0.0,38
267,Leif Davis,1.3846499080532206,1.0,38
269,George Edmundson,0.0624094042975889,0.0,38
270,Jacob Greaves,2.035824786008808,1.0,38
275,Ben Johnson,0.6891345937174362,0.0,38
279,Corrie Ndaba,0.0624094042975889,0.0,38
282,Axel Tuanzebe,1.9135973184610222,1.0,38
284,Luke Woolfenden,0.42721491071245676,0.0,38
288,Conor Coady,2.6296432394200426,0.0,38
291,Wout Faes,2.5712977232829672,1.0,38
295,James Justin,2.395567818915559,1.0,38
296,Victor Kristiansen,0.30579253400990325,1.0,38
301,Caleb Okoli,0.4496767770857293,0.0,38
302,Ricardo Barbosa Pereira,0.7979119432912549,0.0,38
303,Harry Souttar,0.0624094042975889,0.0,38
305,Luke Thomas,2.292927072994509,5.0,38
307,Jannik Vestergaard,0.11971685276368582,0.0,38
311,Trent Alexander-Arnold,1.4467960084613019,1.0,38
313,Conor Bradley,2.6022194926185627,1.0,38
322,Joe Gomez,0.11275361108568305,0.0,38
326,Ibrahima Konaté,2.334234470811504,2.0,38
332,Nathaniel Phillips,0.0624094042975889,0.0,38
333,Jarell Quansah,1.1830654034797137,0.0,38
334,Rhys Williams,0.0624094042975889,0.0,38
335,Andrew Robertson,1.1969011131399965,2.0,38
337,Konstantinos Tsimikas,1.4343344103065414,0.0,38
338,Sepp van den Berg,2.2618212565935067,2.0,38
339,Virgil van Dijk,2.2073703273300076,1.0,38
340,Manuel Akanji,2.5017442289614227,6.0,38
341,Nathan Aké,0.12982053834024398,0.0,38
350,Joško Gvardiol,3.2919726249413337,6.0,38
353,João Cavaco Cancelo,0.0866177019168326,0.0,38
355,Rico Lewis,0.7579562568508456,0.0,38
361,Rúben Gato Alves Dias,2.8733299254178224,6.0,38
362,John Stones,0.1638630152302687,0.0,38
363,Kyle Walker,0.12047668986875237,0.0,38
369,Diogo Dalot Teixeira,0.4815578220978072,1.0,38
371,Jonny Evans,0.0624094042975889,1.0,38
376,Victor Lindelöf,1.4948732273857823,6.0,38
377,Harry Maguire,2.47602129294037,6.0,38
379,Tyrell Malacia,0.0624094042975889,0.0,38
380,Lisandro Martínez,0.2231755830877873,0.0,38
387,Luke Shaw,1.691746046881704,0.0,38
388,Aaron Wan-Bissaka,3.147992640113179,5.0,38
390,Alex Murphy,0.0866177019168326,0.0,38
393,Sven Botman,1.7779113924631407,6.0,38
395,Dan Burn,3.1466715573239377,2.0,38
399,Lewis Hall,0.278377401961869,0.0,38
404,Lloyd Kelly,0.0624094042975889,0.0,38
405,Emil Krafth,0.7678004732789674,0.0,38
407,Jamaal Lascelles,0.0624094042975889,0.0,38
408,Jamal Lewis,0.0624094042975889,0.0,38
409,Tino Livramento,3.0460805890898808,2.0,38
415,Fabian Schär,3.509574780286888,1.0,38
416,Matt Targett,0.3899148151982006,0.0,38
418,Kieran Trippier,0.7800783263612825,1.0,38
422,Ola Aina,2.3888602789616,1.0,38
425,Willy Boly,0.0682964836752964,0.0,38
436,Murillo Santiago Costa dos Santos,1.9899932344472804,2.0,38
437,Neco Williams,1.9953736655703782,2.0,38
438,Omar Richards,0.0624094042975889,0.0,38
440,Andrew Omobamidele,0.0624094042975889,0.0,38
441,Jonathan Panzo,0.0624094042975889,0.0,38
444,Harry Toffolo,0.11103476639781107,0.0,38
448,Joe Worrall,0.0624094042975889,0.0,38
455,Jan Bednarek,1.244625774189771,0.0,38
456,Armel Bella-Kotchap,0.0925047812945401,0.0,38
457,James Bree,1.3762246906409867,0.0,38
460,Ronnie Edwards,0.0866177019168326,0.0,38
461,Taylor Harwood-Bellis,1.678349762020547,0.0,38
464,Juan Larios López,0.0624094042975889,0.0,38
467,Ryan Manning,0.6767197736363162,0.0,38
472,Jack Stephens,1.757783256734732,0.0,38
474,Sugawara Yukinari,0.32527039106973366,1.0,38
475,Charlie Taylor,0.0741143501289292,1.0,38
476,Kyle Walker-Peters,0.6820614875135957,0.0,38
477,Nathan Wood-Gordon,0.7410077953717797,1.0,38
478,Ashley Phillips,0.0866177019168326,0.0,38
484,Ben Davies,1.5841456726513652,-1.0,38
486,Radu Drăgușin,0.0866177019168326,0.0,38
487,Emerson Leite de Souza Junior,0.0624094042975889,0.0,38
495,Pedro Porro,0.9104477869341627,-1.0,38
496,Sergio Reguilón,0.8521565795701944,0.0,38
498,Cristian Romero,0.278448388730693,0.0,38
504,Djed Spence,1.9028698461229672,0.0,38
505,Destiny Udogie,0.3648792418304865,0.0,38
506,Micky van de Ven,0.40268221327781184,1.0,38
516,Vladimír Coufal,2.0499938237948356,1.0,38
517,Aaron Cresswell,1.8919836274015616,1.0,38
520,Emerson Palmieri dos Santos,0.8094451503907738,0.0,38
524,Max Kilman,2.408759271304964,1.0,38
528,Konstantinos Mavropanos,0.6570167629929164,2.0,38
529,Nayef Aguerd,0.0624094042975889,0.0,38
532,Kurt Zouma,0.0624094042975889,0.0,38
533,Rayan Aït-Nouri,2.9333227631198007,2.0,38
542,Craig Dawson,0.0624094042975889,0.0,38
543,Matt Doherty,0.8917113307144566,2.0,38
549,Hugo Bueno López,0.0624094042975889,0.0,38
552,Ki-Jana Hoever,0.0624094042975889,0.0,38
558,Yerson Mosquera,0.3062770217213737,0.0,38
559,Nélson Cabral Semedo,1.9487142699583364,1.0,38
561,Pedro Cardoso de Lima,0.11382977338597833,0.0,38
564,Santiago Bueno,0.5113485067780754,1.0,38
567,Toti António Gomes,1.9711664793728279,2.0,38
572,Leny Yoro,0.6841261846861668,0.0,38
573,Nikola Milenković,2.5319101190415587,2.0,38
574,Miodrag Pivaš,0.0624094042975889,0.0,38
575,Caleb Wiley,0.0624094042975889,0.0,38
578,Riccardo Calafiori,1.1397077930030868,0.0,38
579,Ryan Sessegnon,1.2599149542087211,1.0,38
580,Dean Huijsen,2.6508081259440868,4.0,38
582,Jake O'Brien,1.7504346188933653,6.0,38
583,Conor Townsend,0.19596893400119253,0.0,38
586,Jorge Cuenca Barreno,0.2870266045485428,1.0,38
591,Jean-Clair Todibo,2.363145453377058,2.0,38
592,Julián Araujo Zúñiga,1.2009050457267225,0.0,38
593,Matthijs de Ligt,0.39972896449112927,0.0,38
594,Noussair Mazraoui,2.1607927651798526,1.0,38
598,Lamare Bogarde,0.0925047812945401,0.0,38
616,Ben Nelson,0.0624094042975889,0.0,38
626,Issa Kaboré,0.0624094042975889,0.0,38
627,Roman Dixon,0.07309910442910983,0.0,38
628,Ferdi Kadioglu,0.10579572965910522,0.0,38
630,Dara O'Shea,2.1826906813242157,1.0,38
637,Bastien Meupiyou,0.22435545821843483,0.0,38
640,Sil Swinkels,0.0624094042975889,0.0,38
643,Kaelan Casey,0.0866177019168326,0.0,38
649,Jayden Meghoma,0.0624094042975889,0.0,38
650,Maxence Lacroix,2.0406385152845434,2.0,38
653,Felipe Rodrigues da Silva,0.6149993261248561,0.0,38
657,Maldini Kacurri,0.0624094042975889,0.0,38
658,Ayden Heaven,0.17813480766411072,6.0,38
662,Josh Nichols,0.07309910442910983,0.0,38
663,Imari Samuels,0.0624094042975889,0.0,38
664,Alfie Pond,0.09703771268861949,0.0,38
666,Caleb Kporha,0.0624094042975889,0.0,38
670,Harry Amass,0.7715299048259343,0.0,38
672,Jahmai Simpson-Pusey,0.0624094042975889,0.0,38
675,Josh Wilson-Esbrand,0.0624094042975889,0.0,38
677,Ollie Scarles,0.27866249534286336,2.0,38
680,Max Kinsey,0.0624094042975889,0.0,38
681,Ruairi McConville,0.0624094042975889,0.0,38
684,Malachi Hardy,0.0624094042975889,0.0,38
685,Jacob Slater,0.0624094042975889,0.0,38
686,Ezra Mayers,0.0624094042975889,0.0,38
690,Samuel Amissah,0.0624094042975889,0.0,38
691,Godwill Kukonki,0.0624094042975889,0.0,38
692,Amara Nallo,0.0624094042975889,0.0,38
697,Josh Acheampong,0.0624094042975889,0.0,38
699,Alfie Dorrington,0.0624094042975889,0.0,38
700,Maeson King,0.0624094042975889,0.0,38
702,Archie Harris,0.0624094042975889,0.0,38
703,Max Alleyne,0.0624094042975889,0.0,38
705,Benjamin Arthur,0.0624094042975889,0.0,38
706,Zach Abbott,0.07309910442910983,0.0,38
708,Thomas Wilson-Brown,0.0624094042975889,0.0,38
711,Wes Okoduwa,0.07309910442910983,0.0,38
712,Matai Akinmboni,0.0624094042975889,0.0,38
713,Julio Soler,0.45054323699977594,1.0,38
715,Ben Godfrey,0.14776959104176424,0.0,38
718,Welington Damascena Santos,1.878067652804507,1.0,38
719,Joachim Kayi-Sanda,0.3821552502149208,1.0,38
720,Emmanuel Agbadou,2.542079315475018,2.0,38
726,Woyo Coulibaly,0.0624094042975889,0.0,38
731,Andrés García,0.20213092273108746,0.0,38
732,Abdukodir Khusanov,0.08585786481176605,0.0,38
733,Vitor de Oliveira Nunes dos Reis,0.23663872440141898,0.0,38
757,Michael Kayode,1.916270610724439,2.0,38
760,Dante Cassanova,0.0624094042975889,0.0,38
763,Eiran Cashin,0.2723738653353367,0.0,38
766,Patrick Dorgu,1.857764818908823,6.0,38
767,Kevin Danso,1.5131663114266276,0.0,38
769,Nasser Djiga,0.5708682938060248,0.0,38
774,Aaron Anselmino,0.0624094042975889,0.0,38
777,Tyler Fredricson,0.4041570127697458,0.0,38
782,Ishé Samuels-Smith,0.0624094042975889,0.0,38
786,Benjamin Fredrick,0.0624094042975889,0.0,38
787,Genesis Antwi,0.0624094042975889,0.0,38
791,Charlie Tasker,0.0624094042975889,0.0,38
794,Freddie Simmonds,0.0624094042975889,0.0,38
796,Olabade Aluko,0.0624094042975889,1.0,38
799,Somto Boniface,0.0624094042975889,0.0,38
801,Brayden Clarke,0.0624094042975889,0.0,38
803,Reece Welch,0.0624094042975889,0.0,38
804,Jayden Moore,0.0624094042975889,0.0,38
