element,name,xP_pred,xP_actual,round
5,Karl Hein,0.5550000000000002,0.0,6
14,Aaron Ramsdale,1.7964571428571432,2.2,6
15,David Raya Martin,5.787023809523815,4.7,6
39,Joe Gauci,1.1129999999999995,0.5,6
46,Filip Marschall,0.7769999999999997,0.0,6
47,Emiliano Martínez Romero,4.210283333333336,2.2,6
51,Robin Olsen,0.5509999999999997,0.5,6
55,Viljami Sinisalo,0.637,0.0,6
73,Norberto Murara Neto,1.6179999999999977,1.5,6
75,Alex Paulsen,0.22999999999999998,0.0,6
84,Mark Travers,0.47699999999999987,1.2,6
91,Mark Flekken,3.2741999999999987,2.3,6
109,Hákon Valdimarsson,0.07099999999999973,0.0,6
142,Jason Steele,-0.041999999999999815,0.0,6
146,Bart Verbruggen,1.9950000000000019,2.0,6
152,Kepa Arrizabalaga,3.800142857142858,2.5,6
154,Lucas Bergström,0.009999999999999787,0.0,6
155,Marcus Bettinelli,0.015000000000000124,0.0,6
183,Đorđe Petrović,0.009999999999999787,0.0,6
185,Robert Sánchez,6.146999999999997,7.2,6
201,Dean Henderson,4.941999999999997,3.8,6
204,Sam Johnstone,0.5428380952380949,1.2,6
209,Remi Matthews,0.07600000000000007,0.0,6
227,João Neves Virgínia,0.13299999999999956,0.0,6
235,Jordan Pickford,2.4250000000000007,2.0,6
242,Steven Benda,-0.02499999999999991,0.0,6
248,Bernd Leno,1.7024999999999997,3.0,6
280,Cieran Slicker,-0.2930000000000006,-0.5,6
283,Christian Walton,-0.11399999999999988,-0.5,6
293,Mads Hermansen,0.9126571428571424,1.2,6
294,Daniel Iversen,-0.7459999999999996,-1.5,6
304,Jakub Stolarczyk,-0.7519999999999996,0.0,6
308,Danny Ward,-0.786,-1.5,6
310,Alisson Ramses Becker,1.7959999999999985,2.6,6
325,Caoimhin Kelleher,6.014999999999999,2.7,6
344,Scott Carson,0.07100000000000017,0.5,6
347,Ederson Santana de Moraes,4.480499999999999,3.5,6
358,Stefan Ortega Moreno,0.06100000000000039,0.5,6
367,Altay Bayindir,0.03500000000000014,0.0,6
374,Tom Heaton,0.03500000000000014,0.0,6
383,André Onana,3.854,6.5,6
396,Martin Dúbravka,-0.17499999999999982,-0.5,6
412,Odysseas Vlachodimos,-0.1299999999999999,-0.5,6
413,Nick Pope,1.5002952380952372,2.7,6
414,John Ruddy,-0.2699999999999996,-0.5,6
427,Carlos Miguel dos Santos Pereira,-0.03299999999999992,0.0,6
443,Matz Sels,3.1239999999999997,4.0,6
445,Matt Turner,0.11900000000000022,0.0,6
454,Gavin Bazunu,-0.12299999999999933,0.0,6
465,Mateusz Lis,-0.08299999999999974,0.0,6
466,Joe Lumley,-0.12399999999999967,-0.5,6
469,Alex McCarthy,-0.11799999999999944,-0.5,6
479,Brandon Austin,-0.08000000000000007,0.0,6
488,Fraser Forster,0.0,0.0,6
508,Guglielmo Vicario,2.9951428571428584,3.0,6
510,Alfie Whiteman,-0.08199999999999985,0.0,6
513,Alphonse Areola,2.1505000000000027,2.0,6
521,Łukasz Fabiański,0.5099999999999985,0.0,6
522,Wes Foderingham,0.03699999999999992,0.0,6
536,Daniel Bentley,-0.38900000000000023,-0.5,6
554,José Malheiro de Sá,0.08000000000000185,-0.5,6
556,Tom King,-0.41300000000000026,-0.5,6
568,Arijanet Muric,1.2459999999999978,4.2,6
581,Filip Jørgensen,0.015000000000000124,0.0,6
599,Will Dennis,0.45999999999999996,0.5,6
615,Carl Rushworth,-0.01200000000000001,0.0,6
624,Asmir Begovic,0.07599999999999962,0.0,6
639,Tommy Setford,0.702,1.5,6
641,Oliwier Zych,1.5409999999999977,0.5,6
660,Vítezslav Jaros,0.9819999999999998,0.5,6
5,Karl Hein,0.7797439381765034,0.0,7
14,Aaron Ramsdale,1.5852898474002703,1.0,7
15,David Raya Martin,3.928042369507886,5.5,7
39,Joe Gauci,0.3015608812863406,0.0,7
46,Filip Marschall,0.4743956744219995,0.0,7
47,Emiliano Martínez Romero,3.1079450205089882,3.5,7
51,Robin Olsen,0.2728105162315906,0.0,7
55,Viljami Sinisalo,0.38510573993359465,0.0,7
73,Norberto Murara Neto,1.6160579124168537,1.5,7
75,Alex Paulsen,0.12536993666571616,0.0,7
84,Mark Travers,0.40643573441177416,1.0,7
91,Mark Flekken,2.6364391485030945,2.2,7
109,Hákon Valdimarsson,0.03045305384639363,0.0,7
142,Jason Steele,0.39376061211396696,0.0,7
146,Bart Verbruggen,1.4014134898142028,1.5,7
152,Kepa Arrizabalaga,2.270819065937461,2.5,7
154,Lucas Bergström,0.29483500325452017,0.0,7
155,Marcus Bettinelli,0.28545127813693894,0.0,7
183,Đorđe Petrović,0.2615978836632813,0.0,7
185,Robert Sánchez,4.309779975260756,7.8,7
201,Dean Henderson,2.5182200268093684,3.0,7
204,Sam Johnstone,1.4461713865789076,1.8,7
209,Remi Matthews,-0.2589655337510095,-0.5,7
227,João Neves Virgínia,-0.18657527302510157,-0.5,7
235,Jordan Pickford,1.7144972304974804,4.7,7
242,Steven Benda,0.04841913815499943,-1.0,7
248,Bernd Leno,2.7819439775672627,1.8,7
280,Cieran Slicker,0.04325537843323435,-0.5,7
283,Christian Walton,0.29399173095602427,-0.5,7
293,Mads Hermansen,2.5632498244213986,3.0,7
294,Daniel Iversen,-0.14831820162964782,-0.5,7
304,Jakub Stolarczyk,-0.08486943166160144,0.0,7
308,Danny Ward,-0.2557695341280528,-0.5,7
310,Alisson Ramses Becker,3.1965276999211136,4.0,7
325,Caoimhin Kelleher,1.3061505058852392,2.7,7
344,Scott Carson,0.6087768879743312,1.0,7
347,Ederson Santana de Moraes,4.070191248476104,3.2,7
358,Stefan Ortega Moreno,0.5790344051483176,1.0,7
367,Altay Bayindir,-0.10242892949653948,0.0,7
374,Tom Heaton,-0.10091773843516583,0.0,7
383,André Onana,2.735837683800992,7.8,7
396,Martin Dúbravka,0.06569988029978857,0.2,7
412,Odysseas Vlachodimos,0.07563122498104002,0.5,7
413,Nick Pope,3.093458754759694,3.2,7
414,John Ruddy,0.06919395881225121,0.5,7
427,Carlos Miguel dos Santos Pereira,0.08572137778968436,0.0,7
443,Matz Sels,2.7779171228870165,3.8,7
445,Matt Turner,-0.2684637794975888,-0.5,7
454,Gavin Bazunu,-0.16455526350362248,0.0,7
465,Mateusz Lis,-0.15346412691507672,0.0,7
466,Joe Lumley,-0.1417783479674184,-1.5,7
469,Alex McCarthy,-0.08787733287679966,-1.5,7
479,Brandon Austin,0.012723412740576201,0.0,7
488,Fraser Forster,0.018198572604932295,0.0,7
508,Guglielmo Vicario,3.5751710278712814,3.0,7
510,Alfie Whiteman,-0.0005011632913989317,0.0,7
513,Alphonse Areola,2.4653278344510134,2.5,7
521,Łukasz Fabiański,0.6159439911297535,0.5,7
522,Wes Foderingham,0.05564911356489066,0.5,7
536,Daniel Bentley,-0.07514242730297971,0.0,7
554,José Malheiro de Sá,0.31009618311559883,0.0,7
556,Tom King,-0.005434932183143726,0.0,7
568,Arijanet Muric,2.5942064187531075,3.5,7
581,Filip Jørgensen,0.2728759372293217,0.0,7
599,Will Dennis,0.15791657793098635,0.5,7
615,Carl Rushworth,0.14719381423237188,0.0,7
624,Asmir Begovic,-0.07462165268250942,-0.5,7
639,Tommy Setford,0.9287171743051124,1.5,7
641,Oliwier Zych,0.37520260097505087,0.0,7
660,Vítezslav Jaros,0.3120331779617058,0.8,7
5,Karl Hein,0.5013770355914953,0.0,8
14,Aaron Ramsdale,2.1611378968253963,1.2,8
15,David Raya Martin,4.240136338198839,2.3,8
39,Joe Gauci,0.08378671945338612,0.0,8
46,Filip Marschall,0.5558364259197597,0.0,8
47,Emiliano Martínez Romero,4.138124131496682,6.3,8
51,Robin Olsen,0.11056863198529943,0.0,8
55,Viljami Sinisalo,0.24155562493062677,0.0,8
73,Norberto Murara Neto,0.7203597858659134,0.0,8
75,Alex Paulsen,-0.08132224950975075,0.0,8
84,Mark Travers,0.03698806825890033,-1.0,8
91,Mark Flekken,3.20120312711979,2.7,8
109,Hákon Valdimarsson,-0.015867214575548072,0.0,8
142,Jason Steele,-0.0225025514608852,0.0,8
146,Bart Verbruggen,1.9596133619466949,3.3,8
152,Kepa Arrizabalaga,1.8335479713641494,2.3,8
154,Lucas Bergström,-0.25619896230313,-0.5,8
155,Marcus Bettinelli,-0.2536857347899022,-0.5,8
183,Đorđe Petrović,-0.2855666922827016,0.0,8
185,Robert Sánchez,4.016515014163492,2.2,8
201,Dean Henderson,3.1782745489350877,2.3,8
204,Sam Johnstone,1.2746203318286646,0.3,8
209,Remi Matthews,-0.0993089424192366,0.0,8
227,João Neves Virgínia,0.1944345365509581,0.0,8
235,Jordan Pickford,4.353207829207831,7.7,8
242,Steven Benda,0.008526221645094534,0.0,8
248,Bernd Leno,1.9773902764809614,4.0,8
280,Cieran Slicker,-0.09991371632657842,0.0,8
283,Christian Walton,-0.038825270186661154,0.0,8
293,Mads Hermansen,3.7488148850967464,4.8,8
294,Daniel Iversen,-0.045897649599856205,0.5,8
304,Jakub Stolarczyk,0.04478452470731886,0.0,8
308,Danny Ward,-0.15211054994388373,0.5,8
310,Alisson Ramses Becker,3.907138260931153,0.0,8
325,Caoimhin Kelleher,2.0266919079014665,1.2,8
344,Scott Carson,0.417063276864746,1.0,8
347,Ederson Santana de Moraes,3.8608911944990343,2.3,8
358,Stefan Ortega Moreno,0.3301761633428284,1.0,8
367,Altay Bayindir,0.12419119741913898,0.0,8
374,Tom Heaton,0.14761846459640626,0.0,8
383,André Onana,4.877251124725711,3.7,8
396,Martin Dúbravka,0.0743090011840013,0.0,8
412,Odysseas Vlachodimos,0.07033545485016024,0.0,8
413,Nick Pope,3.739161619810548,4.0,8
414,John Ruddy,0.09981705658176176,0.0,8
427,Carlos Miguel dos Santos Pereira,0.08973934417071616,0.0,8
443,Matz Sels,3.2336053676715446,5.3,8
445,Matt Turner,0.2995776368693046,0.0,8
454,Gavin Bazunu,-0.014840845882512443,0.0,8
465,Mateusz Lis,-0.012937301895635134,0.0,8
466,Joe Lumley,-0.015329341954342102,-0.5,8
469,Alex McCarthy,-0.00938417600917596,-0.5,8
479,Brandon Austin,0.10672525930859322,0.5,8
488,Fraser Forster,0.07802094510427882,0.5,8
508,Guglielmo Vicario,2.2170814959368856,3.5,8
510,Alfie Whiteman,0.02793013631248975,0.5,8
513,Alphonse Areola,2.450826133470743,0.5,8
521,Łukasz Fabiański,0.795462939384509,-0.5,8
522,Wes Foderingham,-0.009189349009071979,-0.5,8
536,Daniel Bentley,-0.4634831607209047,-1.0,8
554,José Malheiro de Sá,-0.47372643133917647,-0.3,8
556,Tom King,-0.446159015730093,-1.0,8
568,Arijanet Muric,2.2106471162733428,2.0,8
581,Filip Jørgensen,-0.29593036515953264,-0.5,8
599,Will Dennis,-0.18151238547839643,-1.0,8
615,Carl Rushworth,-0.0277060886644227,0.0,8
624,Asmir Begovic,0.253785676152098,0.0,8
639,Tommy Setford,0.6203318345144315,1.0,8
641,Oliwier Zych,0.1667569513819518,0.0,8
660,Vítezslav Jaros,2.5926979995313335,0.8,8
5,Karl Hein,0.08800000000000008,0.0,9
14,Aaron Ramsdale,1.3989999999999974,0.7,9
15,David Raya Martin,2.769000000000001,1.0,9
39,Joe Gauci,0.0,0.0,9
46,Filip Marschall,0.008000000000000007,0.0,9
47,Emiliano Martínez Romero,3.761000000000001,5.2,9
51,Robin Olsen,0.0,0.0,9
55,Viljami Sinisalo,0.008000000000000007,0.0,9
73,Norberto Murara Neto,0.13400000000000034,0.0,9
75,Alex Paulsen,0.1589999999999998,0.0,9
84,Mark Travers,-0.0030000000000001137,1.2,9
91,Mark Flekken,2.9049999999999985,2.3,9
109,Hákon Valdimarsson,0.14000000000000012,0.0,9
142,Jason Steele,0.020000000000000018,0.0,9
146,Bart Verbruggen,4.2307999999999995,4.0,9
152,Kepa Arrizabalaga,2.5915000000000017,2.5,9
154,Lucas Bergström,0.009999999999999787,0.5,9
155,Marcus Bettinelli,0.009999999999999787,0.5,9
183,Đorđe Petrović,0.009999999999999787,0.0,9
185,Robert Sánchez,4.216749999999998,2.8,9
201,Dean Henderson,2.043166666666667,4.2,9
204,Sam Johnstone,0.18699999999999983,0.8,9
209,Remi Matthews,-0.015000000000000124,-0.5,9
227,João Neves Virgínia,-0.02499999999999991,0.0,9
235,Jordan Pickford,4.889000000000001,7.7,9
242,Steven Benda,0.0,0.0,9
248,Bernd Leno,2.9723333333333324,3.3,9
280,Cieran Slicker,-0.3580000000000001,0.0,9
283,Christian Walton,-0.18999999999999995,0.0,9
293,Mads Hermansen,1.9868500000000004,3.3,9
294,Daniel Iversen,-0.22999999999999998,0.0,9
304,Jakub Stolarczyk,-0.07299999999999995,0.0,9
308,Danny Ward,-0.3450000000000002,0.0,9
310,Alisson Ramses Becker,1.251300000000001,0.0,9
325,Caoimhin Kelleher,3.6300000000000026,0.8,9
344,Scott Carson,1.1789999999999998,1.5,9
347,Ederson Santana de Moraes,4.200999999999997,4.2,9
358,Stefan Ortega Moreno,1.1689999999999996,1.5,9
367,Altay Bayindir,0.1200000000000001,0.0,9
374,Tom Heaton,0.1499999999999999,0.0,9
383,André Onana,3.5440000000000005,3.0,9
396,Martin Dúbravka,0.029999999999999805,-0.4,9
412,Odysseas Vlachodimos,0.029999999999999805,-0.5,9
413,Nick Pope,2.678928571428571,3.2,9
414,John Ruddy,0.020000000000000018,-0.5,9
427,Carlos Miguel dos Santos Pereira,0.6639999999999997,0.0,9
443,Matz Sels,5.725000000000001,6.3,9
445,Matt Turner,-0.018000000000000238,-0.5,9
454,Gavin Bazunu,-0.6480000000000001,0.0,9
465,Mateusz Lis,-0.6280000000000001,0.0,9
466,Joe Lumley,-0.6780000000000002,-1.5,9
469,Alex McCarthy,-0.673,-1.5,9
479,Brandon Austin,-0.1349999999999998,0.5,9
488,Fraser Forster,-0.07500000000000018,0.5,9
508,Guglielmo Vicario,2.2502999999999993,3.5,9
510,Alfie Whiteman,-0.14000000000000012,0.5,9
513,Alphonse Areola,1.7598666666666665,0.3,9
521,Łukasz Fabiański,-0.2030000000000003,1.0,9
522,Wes Foderingham,-0.10000000000000009,0.0,9
536,Daniel Bentley,-0.0030000000000001137,0.0,9
554,José Malheiro de Sá,1.9569,1.0,9
556,Tom King,0.018999999999999684,0.0,9
568,Arijanet Muric,1.467999999999999,2.0,9
581,Filip Jørgensen,0.009999999999999787,0.5,9
599,Will Dennis,-0.029999999999999805,0.0,9
615,Carl Rushworth,0.008000000000000007,0.0,9
624,Asmir Begovic,-0.04300000000000015,0.0,9
639,Tommy Setford,0.11299999999999999,0.0,9
641,Oliwier Zych,0.020000000000000018,0.0,9
660,Vítezslav Jaros,0.26500000000000057,0.2,9
668,Killian Cahill,0.7736666666666672,1.0,9
669,Harvey Davies,0.8030000000000008,1.0,9
5,Karl Hein,-0.0040000000000000036,0.0,10
14,Aaron Ramsdale,1.861180952380952,4.2,10
15,David Raya Martin,2.8515000000000006,2.3,10
39,Joe Gauci,0.0,-0.5,10
46,Filip Marschall,0.1419999999999999,0.0,10
47,Emiliano Martínez Romero,3.617000000000001,2.8,10
51,Robin Olsen,0.009999999999999787,-0.5,10
55,Viljami Sinisalo,0.0,0.0,10
73,Norberto Murara Neto,0.12299999999999933,1.0,10
75,Alex Paulsen,-0.1469999999999998,0.0,10
84,Mark Travers,1.1031999999999988,1.7,10
91,Mark Flekken,2.202066666666668,3.0,10
109,Hákon Valdimarsson,0.1549999999999998,0.0,10
142,Jason Steele,-0.492,-1.0,10
146,Bart Verbruggen,2.4970000000000008,4.0,10
152,Kepa Arrizabalaga,0.21100000000000074,0.0,10
154,Lucas Bergström,0.043999999999999595,0.5,10
155,Marcus Bettinelli,0.043999999999999595,0.5,10
183,Đorđe Petrović,0.01200000000000001,0.0,10
185,Robert Sánchez,3.4780000000000015,2.5,10
201,Dean Henderson,4.903999999999999,4.3,10
204,Sam Johnstone,0.3250000000000006,0.0,10
209,Remi Matthews,0.004999999999999893,0.0,10
227,João Neves Virgínia,0.7289999999999992,0.5,10
235,Jordan Pickford,4.6930000000000005,3.8,10
242,Steven Benda,0.15399999999999991,0.0,10
248,Bernd Leno,2.8340000000000023,3.3,10
280,Cieran Slicker,-0.13100000000000023,0.0,10
283,Christian Walton,0.09799999999999898,0.0,10
293,Mads Hermansen,2.29685,2.0,10
294,Daniel Iversen,-0.06000000000000005,0.0,10
304,Jakub Stolarczyk,-0.02400000000000002,0.0,10
308,Danny Ward,-0.06999999999999984,0.0,10
310,Alisson Ramses Becker,0.9813333333333332,0.0,10
325,Caoimhin Kelleher,1.952061904761904,3.0,10
344,Scott Carson,0.040000000000000036,1.0,10
347,Ederson Santana de Moraes,4.593000000000003,4.3,10
358,Stefan Ortega Moreno,0.020000000000000018,1.0,10
367,Altay Bayindir,-0.10800000000000054,-0.5,10
374,Tom Heaton,-0.1120000000000001,-0.5,10
383,André Onana,3.0649999999999977,1.2,10
396,Martin Dúbravka,-0.45199999999999996,-1.0,10
412,Odysseas Vlachodimos,-0.20500000000000007,-1.0,10
413,Nick Pope,2.3689999999999998,2.3,10
414,John Ruddy,-0.4700000000000002,-1.0,10
427,Carlos Miguel dos Santos Pereira,-0.058000000000000274,0.0,10
443,Matz Sels,3.7479999999999993,7.3,10
445,Matt Turner,0.020000000000000018,0.0,10
454,Gavin Bazunu,-0.1349999999999998,0.0,10
465,Mateusz Lis,-0.06999999999999984,0.0,10
466,Joe Lumley,-0.18999999999999995,-0.5,10
469,Alex McCarthy,-0.20999999999999996,-0.5,10
479,Brandon Austin,0.14000000000000012,0.5,10
488,Fraser Forster,0.14000000000000012,0.5,10
508,Guglielmo Vicario,2.7765000000000013,2.8,10
510,Alfie Whiteman,0.14000000000000012,0.5,10
513,Alphonse Areola,0.5499999999999998,-0.3,10
521,Łukasz Fabiański,3.221000000000001,1.7,10
522,Wes Foderingham,-0.12200000000000033,0.0,10
536,Daniel Bentley,-0.028000000000000025,0.0,10
554,José Malheiro de Sá,1.7229999999999999,2.0,10
556,Tom King,-0.02499999999999991,0.0,10
568,Arijanet Muric,1.3828833333333317,2.3,10
581,Filip Jørgensen,0.028999999999999915,0.5,10
599,Will Dennis,-0.8189999999999997,-1.0,10
615,Carl Rushworth,-0.02300000000000013,0.0,10
624,Asmir Begovic,0.855999999999999,0.5,10
639,Tommy Setford,0.0019999999999997797,1.0,10
641,Oliwier Zych,0.020000000000000018,-0.5,10
660,Vítezslav Jaros,0.7589999999999999,1.0,10
668,Killian Cahill,-0.09499999999999886,-1.0,10
669,Harvey Davies,0.7850000000000001,1.0,10
5,Karl Hein,0.10000000000000009,0.0,11
14,Aaron Ramsdale,2.6276666666666664,3.8,11
15,David Raya Martin,3.110500000000002,2.2,11
39,Joe Gauci,-0.5109999999999999,-1.0,11
46,Filip Marschall,0.007000000000000561,0.0,11
47,Emiliano Martínez Romero,2.279000000000001,0.3,11
51,Robin Olsen,-0.45799999999999974,-1.0,11
55,Viljami Sinisalo,0.007000000000000561,0.0,11
73,Norberto Murara Neto,0.7409999999999992,0.5,11
75,Alex Paulsen,-0.015000000000000124,0.0,11
84,Mark Travers,2.2445000000000004,2.7,11
91,Mark Flekken,2.4540000000000024,2.0,11
109,Hákon Valdimarsson,-0.08399999999999963,0.0,11
142,Jason Steele,-0.6669999999999998,-1.0,11
146,Bart Verbruggen,2.4229333333333356,1.7,11
152,Kepa Arrizabalaga,0.3589999999999991,0.5,11
154,Lucas Bergström,-0.13099999999999978,-0.5,11
155,Marcus Bettinelli,-0.11599999999999966,-0.5,11
183,Đorđe Petrović,-0.06599999999999984,0.0,11
185,Robert Sánchez,2.9239999999999995,1.5,11
201,Dean Henderson,3.1999999999999993,3.8,11
204,Sam Johnstone,0.6379999999999999,0.5,11
209,Remi Matthews,-0.029999999999999805,0.0,11
227,João Neves Virgínia,0.2410000000000001,0.0,11
235,Jordan Pickford,2.871999999999999,5.0,11
242,Steven Benda,-0.015000000000000124,0.0,11
248,Bernd Leno,3.104000000000001,4.7,11
280,Cieran Slicker,-0.3460000000000001,-0.5,11
283,Christian Walton,-0.1930000000000005,-0.5,11
293,Mads Hermansen,1.8330000000000002,1.3,11
294,Daniel Iversen,-0.24599999999999955,0.0,11
304,Jakub Stolarczyk,-0.20399999999999974,0.0,11
308,Danny Ward,-0.3049999999999997,0.0,11
310,Alisson Ramses Becker,0.5494999999999988,0.0,11
325,Caoimhin Kelleher,2.9095000000000004,4.3,11
344,Scott Carson,0.6719999999999997,1.0,11
347,Ederson Santana de Moraes,3.0505000000000004,4.0,11
358,Stefan Ortega Moreno,0.6609999999999996,1.0,11
367,Altay Bayindir,0.08999999999999986,0.0,11
374,Tom Heaton,0.1499999999999999,0.0,11
383,André Onana,3.4077142857142864,4.0,11
396,Martin Dúbravka,0.28600000000000003,0.0,11
412,Odysseas Vlachodimos,0.29100000000000037,0.0,11
413,Nick Pope,4.3489999999999975,3.0,11
414,John Ruddy,0.2829999999999999,0.0,11
427,Carlos Miguel dos Santos Pereira,-0.28500000000000014,0.0,11
443,Matz Sels,4.594000000000002,6.0,11
445,Matt Turner,-0.0129999999999999,0.0,11
454,Gavin Bazunu,-0.17700000000000005,0.0,11
465,Mateusz Lis,-0.0730000000000004,0.0,11
466,Joe Lumley,-0.26900000000000013,-0.5,11
469,Alex McCarthy,-0.29899999999999993,-0.5,11
479,Brandon Austin,0.8260000000000001,0.5,11
488,Fraser Forster,0.7960000000000003,0.5,11
508,Guglielmo Vicario,3.100083333333334,2.5,11
510,Alfie Whiteman,0.7709999999999995,0.5,11
513,Alphonse Areola,0.33699999999999797,0.0,11
521,Łukasz Fabiański,2.4644999999999984,4.7,11
522,Wes Foderingham,0.029999999999999805,0.0,11
536,Daniel Bentley,0.395,0.5,11
554,José Malheiro de Sá,2.1542166666666667,3.8,11
556,Tom King,0.41500000000000004,0.5,11
568,Arijanet Muric,2.3718000000000004,1.8,11
581,Filip Jørgensen,-0.13599999999999968,-0.5,11
599,Will Dennis,-0.06499999999999995,0.0,11
615,Carl Rushworth,-0.07500000000000018,0.0,11
624,Asmir Begovic,0.30600000000000005,0.0,11
639,Tommy Setford,0.7089999999999996,0.5,11
641,Oliwier Zych,-0.496,-1.0,11
660,Vítezslav Jaros,0.560999999999999,1.0,11
668,Killian Cahill,-0.6329999999999998,-1.0,11
669,Harvey Davies,0.5900000000000007,1.0,11
5,Karl Hein,0.48599999999999977,0.0,12
14,Aaron Ramsdale,2.5199999999999987,0.0,12
15,David Raya Martin,3.805999999999999,4.7,12
39,Joe Gauci,0.22600000000000042,0.0,12
46,Filip Marschall,0.23100000000000032,0.0,12
47,Emiliano Martínez Romero,3.016000000000002,1.3,12
51,Robin Olsen,0.3210000000000002,0.0,12
55,Viljami Sinisalo,0.23100000000000032,0.0,12
73,Norberto Murara Neto,0.8789999999999996,1.0,12
75,Alex Paulsen,0.04100000000000037,0.0,12
84,Mark Travers,1.3329999999999966,1.0,12
91,Mark Flekken,2.5980000000000008,4.7,12
109,Hákon Valdimarsson,0.262,0.0,12
142,Jason Steele,-0.07100000000000017,0.0,12
146,Bart Verbruggen,3.1100000000000003,3.0,12
152,Kepa Arrizabalaga,2.0580000000000007,1.0,12
154,Lucas Bergström,0.6319999999999997,0.5,12
155,Marcus Bettinelli,0.589,0.5,12
183,Đorđe Petrović,0.40900000000000025,0.0,12
185,Robert Sánchez,3.6849999999999987,2.5,12
201,Dean Henderson,2.771,3.7,12
204,Sam Johnstone,-0.01399999999999979,0.0,12
209,Remi Matthews,-0.02400000000000002,0.0,12
227,João Neves Virgínia,-0.016999999999999904,0.0,12
235,Jordan Pickford,5.149999999999999,6.3,12
242,Steven Benda,0.14500000000000002,0.0,12
248,Bernd Leno,3.679000000000001,3.7,12
280,Cieran Slicker,-0.29200000000000026,0.0,12
283,Christian Walton,-0.25900000000000034,0.0,12
293,Mads Hermansen,1.8369999999999997,1.2,12
294,Daniel Iversen,-0.41200000000000037,-0.5,12
304,Jakub Stolarczyk,-0.2610000000000001,0.0,12
308,Danny Ward,-0.37900000000000045,-0.5,12
310,Alisson Ramses Becker,1.460999999999999,0.0,12
325,Caoimhin Kelleher,4.856,6.8,12
344,Scott Carson,0.8659999999999997,0.5,12
347,Ederson Santana de Moraes,3.9650000000000025,1.8,12
358,Stefan Ortega Moreno,0.8859999999999997,0.5,12
367,Altay Bayindir,0.2569999999999997,0.0,12
374,Tom Heaton,0.2549999999999999,0.0,12
383,André Onana,5.976000000000003,4.7,12
396,Martin Dúbravka,0.11899999999999977,0.0,12
412,Odysseas Vlachodimos,0.06699999999999973,0.0,12
413,Nick Pope,3.878000000000001,3.0,12
414,John Ruddy,0.1589999999999998,0.0,12
427,Carlos Miguel dos Santos Pereira,-0.8430000000000002,-1.0,12
443,Matz Sels,3.328000000000003,2.3,12
445,Matt Turner,-0.058000000000000274,0.0,12
454,Gavin Bazunu,-0.36599999999999966,0.0,12
465,Mateusz Lis,-0.21799999999999997,0.0,12
466,Joe Lumley,-0.9980000000000002,-1.5,12
469,Alex McCarthy,-0.9609999999999999,-0.5,12
479,Brandon Austin,-0.3769999999999998,-0.5,12
488,Fraser Forster,-0.3380000000000001,-0.5,12
508,Guglielmo Vicario,1.9829999999999979,3.2,12
510,Alfie Whiteman,-0.3490000000000002,-0.5,12
513,Alphonse Areola,-0.019000000000001016,0.0,12
521,Łukasz Fabiański,5.393000000000001,5.7,12
522,Wes Foderingham,-0.18000000000000016,0.0,12
536,Daniel Bentley,-0.15200000000000014,0.0,12
554,José Malheiro de Sá,2.7780000000000005,3.3,12
556,Tom King,-0.15200000000000014,0.0,12
568,Arijanet Muric,2.1739999999999995,2.7,12
581,Filip Jørgensen,0.6269999999999998,0.4,12
599,Will Dennis,-0.009999999999999787,0.0,12
615,Carl Rushworth,0.039000000000000146,0.0,12
624,Asmir Begovic,-0.02300000000000013,0.0,12
639,Tommy Setford,0.6970000000000001,1.0,12
641,Oliwier Zych,0.27100000000000035,0.0,12
660,Vítezslav Jaros,1.262,1.5,12
668,Killian Cahill,0.054999999999999716,0.0,12
669,Harvey Davies,1.2889999999999997,1.5,12
5,Karl Hein,0.1499999999999999,0.0,13
14,Aaron Ramsdale,0.6009999999999995,0.0,13
15,David Raya Martin,5.443000000000004,4.2,13
39,Joe Gauci,-0.04200000000000026,-0.5,13
46,Filip Marschall,0.07500000000000018,0.0,13
47,Emiliano Martínez Romero,1.4489999999999998,0.7,13
51,Robin Olsen,-0.02499999999999991,-0.3,13
55,Viljami Sinisalo,0.07500000000000018,0.0,13
73,Norberto Murara Neto,0.8260000000000001,1.0,13
75,Alex Paulsen,0.12100000000000044,0.0,13
84,Mark Travers,1.2039999999999997,0.8,13
91,Mark Flekken,4.366000000000001,4.0,13
109,Hákon Valdimarsson,0.375,0.0,13
142,Jason Steele,0.44899999999999984,0.5,13
146,Bart Verbruggen,3.5999999999999988,3.3,13
152,Kepa Arrizabalaga,1.8279999999999994,1.0,13
154,Lucas Bergström,0.6830000000000012,0.5,13
155,Marcus Bettinelli,0.6830000000000012,0.5,13
183,Đorđe Petrović,0.6510000000000016,0.0,13
185,Robert Sánchez,3.058,3.7,13
201,Dean Henderson,3.0249999999999977,3.2,13
204,Sam Johnstone,0.19300000000000006,0.0,13
209,Remi Matthews,-0.06200000000000028,0.0,13
227,João Neves Virgínia,-0.008000000000000007,0.0,13
235,Jordan Pickford,4.664999999999997,4.8,13
242,Steven Benda,0.12400000000000055,-0.5,13
248,Bernd Leno,2.5290000000000017,2.7,13
280,Cieran Slicker,-0.7180000000000002,0.0,13
283,Christian Walton,-0.6880000000000002,0.0,13
293,Mads Hermansen,1.1069999999999993,1.2,13
294,Daniel Iversen,-0.2650000000000001,0.0,13
304,Jakub Stolarczyk,-0.029999999999999805,0.0,13
308,Danny Ward,-0.2610000000000001,0.0,13
310,Alisson Ramses Becker,0.6910000000000003,0.0,13
325,Caoimhin Kelleher,3.0020000000000007,5.8,13
344,Scott Carson,-0.20699999999999985,0.0,13
347,Ederson Santana de Moraes,2.599000000000001,1.0,13
358,Stefan Ortega Moreno,-0.21899999999999986,0.5,13
367,Altay Bayindir,0.004999999999999893,0.0,13
374,Tom Heaton,0.004999999999999893,0.0,13
383,André Onana,4.325999999999999,5.0,13
396,Martin Dúbravka,0.052999999999999936,0.0,13
412,Odysseas Vlachodimos,0.04800000000000004,0.0,13
413,Nick Pope,3.5170000000000003,2.8,13
414,John Ruddy,0.06300000000000017,0.0,13
427,Carlos Miguel dos Santos Pereira,0.125,0.0,13
443,Matz Sels,2.5180000000000007,4.0,13
445,Matt Turner,-0.039000000000000146,0.0,13
454,Gavin Bazunu,-0.121,0.0,13
465,Mateusz Lis,-0.07600000000000007,0.0,13
466,Joe Lumley,-0.5529999999999999,0.3,13
469,Alex McCarthy,1.4739999999999984,0.3,13
479,Brandon Austin,0.3719999999999999,0.5,13
488,Fraser Forster,0.3810000000000002,1.3,13
508,Guglielmo Vicario,3.0810000000000004,0.0,13
510,Alfie Whiteman,0.3700000000000001,0.5,13
513,Alphonse Areola,-0.08900000000000041,-1.0,13
521,Łukasz Fabiański,4.583999999999999,3.0,13
522,Wes Foderingham,-0.5919999999999999,-1.0,13
536,Daniel Bentley,0.01200000000000001,0.0,13
554,José Malheiro de Sá,2.650999999999999,2.5,13
556,Tom King,0.016999999999999904,0.0,13
568,Arijanet Muric,2.166999999999999,2.8,13
581,Filip Jørgensen,0.6830000000000012,0.5,13
599,Will Dennis,0.2400000000000002,0.0,13
615,Carl Rushworth,0.04499999999999993,0.0,13
624,Asmir Begovic,-0.008000000000000007,0.0,13
639,Tommy Setford,0.7649999999999992,1.0,13
641,Oliwier Zych,-0.04200000000000026,-0.5,13
660,Vítezslav Jaros,0.4630000000000014,0.0,13
668,Killian Cahill,1.7219999999999978,0.5,13
669,Harvey Davies,0.6390000000000016,0.0,13
5,Karl Hein,0.38989536055537855,0.0,14
14,Aaron Ramsdale,0.9613452732134431,0.0,14
15,David Raya Martin,3.503917249775334,5.0,14
39,Joe Gauci,0.05686372038150678,0.0,14
46,Filip Marschall,0.020984822160710515,0.0,14
47,Emiliano Martínez Romero,2.449827829724083,0.9,14
51,Robin Olsen,1.7496979927735872,0.2,14
55,Viljami Sinisalo,0.02131420292487407,0.0,14
73,Norberto Murara Neto,0.6614494061272667,1.0,14
75,Alex Paulsen,-0.06966851522434636,0.0,14
84,Mark Travers,0.7447340357109922,-0.5,14
91,Mark Flekken,2.9895541563663803,3.8,14
109,Hákon Valdimarsson,-0.07598083268290745,0.0,14
142,Jason Steele,0.007420411761431822,0.0,14
146,Bart Verbruggen,2.962709206691417,2.2,14
152,Kepa Arrizabalaga,1.4823071924233,2.3,14
154,Lucas Bergström,0.49524876748196833,1.0,14
155,Marcus Bettinelli,0.4976424673262616,1.0,14
183,Đorđe Petrović,0.4092433039073349,0.0,14
185,Robert Sánchez,5.185816837535474,3.5,14
201,Dean Henderson,3.6488618175302943,4.5,14
204,Sam Johnstone,0.09485253479760614,0.0,14
209,Remi Matthews,0.2724157482862237,0.0,14
227,João Neves Virgínia,0.17721174411885787,0.0,14
235,Jordan Pickford,3.6040821401853744,5.8,14
242,Steven Benda,-0.11381469595402338,0.0,14
248,Bernd Leno,2.535429512716478,3.2,14
280,Cieran Slicker,-0.13652032222408472,0.0,14
283,Christian Walton,-0.12812368050263512,0.0,14
293,Mads Hermansen,1.5681527845637477,1.8,14
294,Daniel Iversen,-0.1425858481078195,0.0,14
304,Jakub Stolarczyk,-0.05751613779281817,0.0,14
308,Danny Ward,-0.11326413950047964,0.0,14
310,Alisson Ramses Becker,0.9330532941476628,0.2,14
325,Caoimhin Kelleher,5.332973824045954,6.5,14
344,Scott Carson,0.3049176954726538,1.0,14
347,Ederson Santana de Moraes,2.5565343423271765,1.5,14
358,Stefan Ortega Moreno,2.2114199414989937,3.2,14
367,Altay Bayindir,-0.3335378151486301,-1.0,14
374,Tom Heaton,-0.4925524048079839,-1.0,14
383,André Onana,4.098458951292451,4.0,14
396,Martin Dúbravka,-0.5342193015043804,-1.0,14
412,Odysseas Vlachodimos,-0.36232310344464436,-1.0,14
413,Nick Pope,2.3608816626329627,0.5,14
414,John Ruddy,-0.5435009591308995,-1.0,14
427,Carlos Miguel dos Santos Pereira,-0.23372521527659984,-1.0,14
443,Matz Sels,3.566781291282279,2.0,14
445,Matt Turner,0.5356831593417559,0.0,14
454,Gavin Bazunu,-0.1362468279414939,0.0,14
465,Mateusz Lis,-0.1260498625221964,0.0,14
466,Joe Lumley,0.327114173979294,0.2,14
469,Alex McCarthy,0.7436621944861286,-0.2,14
479,Brandon Austin,0.14216352971991153,0.5,14
488,Fraser Forster,1.5204541427210616,2.3,14
508,Guglielmo Vicario,1.8330271803295526,0.0,14
510,Alfie Whiteman,0.15526325882260528,0.5,14
513,Alphonse Areola,0.5289756701732746,0.0,14
521,Łukasz Fabiański,2.9049454632433864,4.0,14
522,Wes Foderingham,0.22283792404345615,0.0,14
536,Daniel Bentley,-0.042772506498383045,0.0,14
554,José Malheiro de Sá,2.115210570884977,2.0,14
556,Tom King,-0.04531788876214504,0.0,14
568,Arijanet Muric,2.355186502881371,2.8,14
581,Filip Jørgensen,0.5018198040431248,1.8,14
599,Will Dennis,-0.1298269536238914,-0.5,14
615,Carl Rushworth,0.001222894913605721,0.0,14
624,Asmir Begovic,0.15884216519097816,0.0,14
639,Tommy Setford,0.6627878054512837,1.0,14
641,Oliwier Zych,0.0454140863528214,0.0,14
660,Vítezslav Jaros,0.3313801898261928,1.0,14
668,Killian Cahill,0.45615696382204085,0.0,14
669,Harvey Davies,0.39741071185008847,1.0,14
5,Karl Hein,0.125,0.0,15
14,Aaron Ramsdale,-0.2799999999999998,0.0,15
15,David Raya Martin,5.2050000000000045,5.0,15
39,Joe Gauci,0.5819999999999999,0.5,15
46,Filip Marschall,0.1499999999999999,0.0,15
47,Emiliano Martínez Romero,2.7649999999999997,3.3,15
51,Robin Olsen,0.7290000000000005,0.7,15
55,Viljami Sinisalo,0.1499999999999999,0.0,15
73,Norberto Murara Neto,0.5879999999999996,1.0,15
75,Alex Paulsen,0.08499999999999996,0.0,15
84,Mark Travers,0.6530000000000005,0.0,15
91,Mark Flekken,2.4289999999999994,4.2,15
109,Hákon Valdimarsson,-0.10500000000000043,0.0,15
142,Jason Steele,0.2549999999999999,0.0,15
146,Bart Verbruggen,3.157000000000002,1.8,15
152,Kepa Arrizabalaga,4.639000000000001,3.0,15
154,Lucas Bergström,0.37399999999999967,0.0,15
155,Marcus Bettinelli,0.2979999999999996,0.0,15
183,Đorđe Petrović,0.28100000000000014,0.0,15
185,Robert Sánchez,2.822000000000002,2.0,15
201,Dean Henderson,3.6519999999999984,3.2,15
204,Sam Johnstone,-0.009999999999999787,0.2,15
209,Remi Matthews,-0.5800000000000001,-1.0,15
242,Steven Benda,-0.8889999999999998,-1.0,15
248,Bernd Leno,0.7449999999999988,0.8,15
280,Cieran Slicker,-0.16000000000000014,0.0,15
283,Christian Walton,-0.1299999999999999,0.0,15
293,Mads Hermansen,1.734,2.0,15
294,Daniel Iversen,-0.262,0.0,15
304,Jakub Stolarczyk,-0.04499999999999993,0.0,15
308,Danny Ward,-0.2769999999999997,0.0,15
344,Scott Carson,0.0950000000000002,1.0,15
347,Ederson Santana de Moraes,1.3299999999999996,1.2,15
358,Stefan Ortega Moreno,2.0219999999999985,3.5,15
367,Altay Bayindir,0.21199999999999974,0.0,15
374,Tom Heaton,0.16500000000000004,0.0,15
383,André Onana,3.615,3.0,15
396,Martin Dúbravka,0.2650000000000001,0.0,15
412,Odysseas Vlachodimos,0.18999999999999995,0.0,15
413,Nick Pope,3.0120000000000005,1.2,15
414,John Ruddy,0.26800000000000024,0.0,15
427,Carlos Miguel dos Santos Pereira,0.27900000000000036,0.0,15
443,Matz Sels,2.9929999999999994,3.0,15
445,Matt Turner,-0.4950000000000001,-1.0,15
454,Gavin Bazunu,-0.34099999999999975,0.0,15
465,Mateusz Lis,-0.040000000000000036,0.0,15
466,Joe Lumley,1.0019999999999998,1.5,15
469,Alex McCarthy,-0.3179999999999996,0.3,15
479,Brandon Austin,-0.1469999999999998,0.0,15
488,Fraser Forster,1.8650000000000038,2.0,15
508,Guglielmo Vicario,0.5759999999999992,0.0,15
510,Alfie Whiteman,-0.14600000000000035,0.0,15
513,Alphonse Areola,0.24600000000000044,0.0,15
521,Łukasz Fabiański,2.8470000000000013,2.2,15
522,Wes Foderingham,0.2060000000000004,0.0,15
536,Daniel Bentley,-0.08699999999999974,0.0,15
554,José Malheiro de Sá,1.335,0.5,15
556,Tom King,-0.08199999999999985,0.0,15
568,Arijanet Muric,2.1350000000000016,2.5,15
581,Filip Jørgensen,1.0899999999999994,0.8,15
599,Will Dennis,0.43800000000000017,0.0,15
615,Carl Rushworth,0.015000000000000124,0.0,15
639,Tommy Setford,0.7519999999999998,1.0,15
641,Oliwier Zych,0.5819999999999999,0.5,15
668,Killian Cahill,0.48,0.0,15
5,Karl Hein,0.040000000000000036,0.0,16
14,Aaron Ramsdale,-0.03500000000000014,0.0,16
15,David Raya Martin,4.564,4.9,16
39,Joe Gauci,0.10000000000000009,0.0,16
46,Filip Marschall,0.10499999999999998,0.0,16
47,Emiliano Martínez Romero,3.450000000000002,2.6,16
51,Robin Olsen,0.41399999999999926,0.2,16
55,Viljami Sinisalo,0.10499999999999998,0.0,16
73,Norberto Murara Neto,0.8410000000000002,0.5,16
75,Alex Paulsen,0.020000000000000018,0.0,16
84,Mark Travers,0.18199999999999994,0.0,16
91,Mark Flekken,2.8130000000000006,3.5,16
109,Hákon Valdimarsson,-0.19899999999999984,-0.5,16
142,Jason Steele,0.0,0.0,16
146,Bart Verbruggen,2.8889999999999993,1.6,16
152,Kepa Arrizabalaga,2.986999999999999,2.8,16
154,Lucas Bergström,0.714,0.5,16
155,Marcus Bettinelli,0.657,0.5,16
183,Đorđe Petrović,0.347,0.0,16
185,Robert Sánchez,2.988000000000004,2.7,16
201,Dean Henderson,3.2259999999999964,3.8,16
204,Sam Johnstone,1.92,0.4,16
209,Remi Matthews,0.06199999999999983,0.0,16
227,João Neves Virgínia,0.016999999999999904,-0.5,16
235,Jordan Pickford,3.4929999999999994,4.5,16
242,Steven Benda,-0.9240000000000002,-1.0,16
248,Bernd Leno,1.8299999999999992,0.6,16
280,Cieran Slicker,-0.2360000000000002,0.0,16
283,Christian Walton,-0.13099999999999978,0.0,16
293,Mads Hermansen,1.1519999999999984,2.0,16
294,Daniel Iversen,-0.3639999999999999,0.0,16
304,Jakub Stolarczyk,-0.22199999999999998,0.0,16
308,Danny Ward,-0.3860000000000001,0.2,16
310,Alisson Ramses Becker,4.197999999999999,1.2,16
325,Caoimhin Kelleher,4.383000000000002,5.0,16
344,Scott Carson,0.5389999999999997,0.5,16
347,Ederson Santana de Moraes,0.802999999999999,0.9,16
358,Stefan Ortega Moreno,0.9339999999999993,2.5,16
367,Altay Bayindir,-0.3420000000000001,-0.5,16
374,Tom Heaton,-0.4249999999999998,-0.5,16
383,André Onana,2.135,2.3,16
396,Martin Dúbravka,0.5129999999999999,1.2,16
412,Odysseas Vlachodimos,0.355,0.0,16
413,Nick Pope,2.7670000000000003,0.2,16
414,John Ruddy,0.3769999999999998,0.0,16
427,Carlos Miguel dos Santos Pereira,-0.19100000000000028,0.0,16
443,Matz Sels,2.907,2.8,16
445,Matt Turner,0.06000000000000005,0.0,16
454,Gavin Bazunu,-0.016999999999999904,0.0,16
465,Mateusz Lis,-0.008999999999999897,0.0,16
466,Joe Lumley,1.0990000000000002,0.6,16
469,Alex McCarthy,-0.04199999999999937,-0.2,16
479,Brandon Austin,0.46899999999999986,1.0,16
488,Fraser Forster,3.2159999999999975,4.0,16
508,Guglielmo Vicario,0.5730000000000008,0.0,16
510,Alfie Whiteman,0.4950000000000001,1.0,16
513,Alphonse Areola,-0.024000000000000465,0.0,16
521,Łukasz Fabiański,3.053,2.6,16
522,Wes Foderingham,-0.015000000000000124,0.0,16
536,Daniel Bentley,0.040000000000000036,0.0,16
554,José Malheiro de Sá,0.8980000000000001,0.0,16
556,Tom King,0.040000000000000036,0.0,16
568,Arijanet Muric,2.477000000000001,3.0,16
581,Filip Jørgensen,0.8270000000000008,1.1,16
599,Will Dennis,0.020000000000000018,0.0,16
615,Carl Rushworth,0.0,0.0,16
624,Asmir Begovic,-0.9019999999999999,-0.5,16
639,Tommy Setford,0.9449999999999998,0.5,16
641,Oliwier Zych,0.0950000000000002,0.0,16
660,Vítezslav Jaros,0.8839999999999999,1.0,16
668,Killian Cahill,0.02300000000000013,0.0,16
669,Harvey Davies,0.9489999999999998,1.0,16
5,Karl Hein,0.2370000000000001,0.0,17
14,Aaron Ramsdale,-0.1479999999999997,0.6,17
15,David Raya Martin,4.774,4.7,17
39,Joe Gauci,-0.5640000000000001,-0.5,17
46,Filip Marschall,-0.18000000000000016,0.0,17
47,Emiliano Martínez Romero,2.5120000000000013,2.0,17
51,Robin Olsen,-0.4940000000000002,-0.3,17
55,Viljami Sinisalo,-0.18000000000000016,0.0,17
73,Norberto Murara Neto,0.9059999999999997,0.5,17
75,Alex Paulsen,-0.004999999999999893,0.0,17
84,Mark Travers,0.07299999999999907,0.0,17
91,Mark Flekken,3.2509999999999994,3.7,17
109,Hákon Valdimarsson,0.07500000000000018,0.0,17
142,Jason Steele,0.052999999999999936,0.0,17
146,Bart Verbruggen,1.5780000000000012,1.8,17
152,Kepa Arrizabalaga,2.5040000000000013,3.8,17
154,Lucas Bergström,0.20399999999999974,0.5,17
155,Marcus Bettinelli,0.15100000000000025,0.5,17
183,Đorđe Petrović,0.1080000000000001,0.0,17
185,Robert Sánchez,3.139999999999998,3.8,17
201,Dean Henderson,3.6459999999999972,2.7,17
204,Sam Johnstone,1.3070000000000017,0.3,17
209,Remi Matthews,-0.915,-0.5,17
227,João Neves Virgínia,-0.387,-0.5,17
235,Jordan Pickford,4.939000000000002,4.9,17
242,Steven Benda,0.3599999999999999,0.5,17
248,Bernd Leno,3.0420000000000016,2.8,17
280,Cieran Slicker,-0.383,0.0,17
283,Christian Walton,-0.363,0.0,17
293,Mads Hermansen,1.4810000000000003,1.3,17
294,Daniel Iversen,-0.31899999999999995,0.0,17
304,Jakub Stolarczyk,-0.0129999999999999,0.0,17
308,Danny Ward,0.9780000000000006,0.3,17
310,Alisson Ramses Becker,3.8009999999999993,0.9,17
325,Caoimhin Kelleher,1.662,3.7,17
344,Scott Carson,0.2919999999999998,0.5,17
347,Ederson Santana de Moraes,1.6469999999999985,0.4,17
358,Stefan Ortega Moreno,1.169999999999999,2.5,17
367,Altay Bayindir,0.1120000000000001,0.0,17
374,Tom Heaton,0.12199999999999989,0.0,17
383,André Onana,2.9140000000000024,2.5,17
396,Martin Dúbravka,3.1950000000000003,2.0,17
412,Odysseas Vlachodimos,0.613999999999999,0.0,17
413,Nick Pope,1.730999999999998,0.0,17
414,John Ruddy,0.5720000000000001,0.0,17
427,Carlos Miguel dos Santos Pereira,0.41000000000000014,0.0,17
443,Matz Sels,3.2310000000000016,3.5,17
445,Matt Turner,-0.925,-0.5,17
454,Gavin Bazunu,0.006999999999999673,0.0,17
465,Mateusz Lis,-0.004999999999999893,0.0,17
466,Joe Lumley,1.4430000000000005,0.8,17
469,Alex McCarthy,0.5440000000000005,0.2,17
479,Brandon Austin,-0.7949999999999999,-0.5,17
488,Fraser Forster,1.6950000000000012,2.2,17
508,Guglielmo Vicario,-0.601,0.0,17
510,Alfie Whiteman,-0.71,-0.5,17
513,Alphonse Areola,0.023999999999999577,0.0,17
521,Łukasz Fabiański,3.7990000000000013,2.7,17
522,Wes Foderingham,0.006000000000000227,0.0,17
536,Daniel Bentley,0.20399999999999974,0.0,17
554,José Malheiro de Sá,0.718,1.1,17
556,Tom King,0.2469999999999999,0.0,17
568,Arijanet Muric,2.353999999999999,2.7,17
581,Filip Jørgensen,0.33299999999999974,1.0,17
599,Will Dennis,0.009999999999999787,0.0,17
615,Carl Rushworth,0.04300000000000015,0.0,17
624,Asmir Begovic,-0.40900000000000025,-0.5,17
639,Tommy Setford,0.9719999999999995,0.5,17
641,Oliwier Zych,-0.5509999999999999,-0.5,17
660,Vítezslav Jaros,0.7059999999999995,0.5,17
668,Killian Cahill,0.08399999999999963,0.0,17
669,Harvey Davies,0.7919999999999994,0.5,17
5,Karl Hein,0.16000000000000014,0.0,18
14,Aaron Ramsdale,1.0319999999999983,1.5,18
15,David Raya Martin,4.864,4.7,18
39,Joe Gauci,-0.12300000000000022,0.0,18
46,Filip Marschall,-0.06300000000000017,0.0,18
47,Emiliano Martínez Romero,3.054999999999999,2.5,18
51,Robin Olsen,0.28499999999999837,0.2,18
55,Viljami Sinisalo,-0.06300000000000017,0.0,18
73,Norberto Murara Neto,1.2239999999999998,0.5,18
75,Alex Paulsen,0.009999999999999787,0.0,18
84,Mark Travers,0.14699999999999935,0.0,18
91,Mark Flekken,3.277000000000002,2.7,18
109,Hákon Valdimarsson,0.07800000000000029,0.2,18
142,Jason Steele,0.0,0.0,18
146,Bart Verbruggen,1.4619999999999993,2.8,18
152,Kepa Arrizabalaga,4.693,5.0,18
154,Lucas Bergström,0.4580000000000002,0.5,18
155,Marcus Bettinelli,0.4219999999999997,0.5,18
183,Đorđe Petrović,0.07200000000000006,0.0,18
185,Robert Sánchez,4.967000000000001,4.0,18
201,Dean Henderson,2.7539999999999996,3.2,18
204,Sam Johnstone,0.2450000000000001,0.3,18
209,Remi Matthews,0.2140000000000004,0.0,18
227,João Neves Virgínia,-0.5019999999999998,-0.5,18
235,Jordan Pickford,5.237000000000002,5.5,18
242,Steven Benda,-0.06000000000000005,-0.5,18
248,Bernd Leno,1.8299999999999992,2.5,18
280,Cieran Slicker,-0.7639999999999996,-0.5,18
283,Christian Walton,-0.5029999999999999,-0.5,18
293,Mads Hermansen,1.2689999999999992,0.2,18
294,Daniel Iversen,-0.69,-1.0,18
304,Jakub Stolarczyk,-0.2549999999999999,-0.7,18
308,Danny Ward,0.47999999999999954,-0.7,18
310,Alisson Ramses Becker,3.4990000000000006,1.8,18
325,Caoimhin Kelleher,1.2750000000000004,2.8,18
344,Scott Carson,0.4890000000000003,0.5,18
347,Ederson Santana de Moraes,1.2769999999999988,0.3,18
358,Stefan Ortega Moreno,2.629999999999999,2.8,18
367,Altay Bayindir,0.0,0.0,18
374,Tom Heaton,0.0,0.0,18
383,André Onana,1.7509999999999994,2.2,18
396,Martin Dúbravka,1.3650000000000007,3.0,18
412,Odysseas Vlachodimos,0.16699999999999982,0.0,18
413,Nick Pope,1.0899999999999994,0.0,18
414,John Ruddy,0.1349999999999998,0.0,18
427,Carlos Miguel dos Santos Pereira,-0.08800000000000008,-0.5,18
443,Matz Sels,4.847999999999997,4.0,18
445,Matt Turner,0.15399999999999991,0.0,18
454,Gavin Bazunu,0.040000000000000036,0.0,18
465,Mateusz Lis,0.03399999999999981,0.0,18
466,Joe Lumley,0.9900000000000015,0.8,18
469,Alex McCarthy,0.2950000000000004,-0.3,18
479,Brandon Austin,0.28500000000000014,0.5,18
488,Fraser Forster,1.7169999999999996,3.5,18
508,Guglielmo Vicario,0.22100000000000009,0.0,18
510,Alfie Whiteman,0.2739999999999996,0.5,18
513,Alphonse Areola,0.34099999999999975,0.7,18
521,Łukasz Fabiański,3.4270000000000014,2.5,18
522,Wes Foderingham,0.3480000000000003,0.5,18
536,Daniel Bentley,-0.11399999999999988,0.0,18
554,José Malheiro de Sá,1.2140000000000004,2.5,18
556,Tom King,-0.11399999999999988,0.0,18
568,Arijanet Muric,0.3860000000000019,2.2,18
581,Filip Jørgensen,0.5570000000000004,1.0,18
599,Will Dennis,0.03299999999999992,0.0,18
615,Carl Rushworth,0.0,0.0,18
624,Asmir Begovic,-0.4969999999999999,-0.5,18
639,Tommy Setford,1.2030000000000003,0.5,18
641,Oliwier Zych,-0.13100000000000023,0.0,18
660,Vítezslav Jaros,1.1570000000000005,1.0,18
668,Killian Cahill,0.028000000000000025,0.0,18
669,Harvey Davies,1.1490000000000005,1.0,18
704,Spike Brits,1.7619999999999978,1.8,18
5,Karl Hein,0.020000000000000018,0.0,19
14,Aaron Ramsdale,1.4789999999999996,2.0,19
15,David Raya Martin,4.550999999999998,4.7,19
39,Joe Gauci,0.1200000000000001,0.0,19
46,Filip Marschall,0.04999999999999982,0.0,19
47,Emiliano Martínez Romero,3.0360000000000005,2.7,19
51,Robin Olsen,0.1949999999999994,0.0,19
55,Viljami Sinisalo,0.04999999999999982,0.0,19
73,Norberto Murara Neto,0.7410000000000001,0.5,19
75,Alex Paulsen,0.015000000000000124,0.0,19
84,Mark Travers,0.06899999999999995,0.0,19
91,Mark Flekken,1.83,1.5,19
109,Hákon Valdimarsson,2.7669999999999995,-0.3,19
142,Jason Steele,-0.0900000000000003,0.0,19
146,Bart Verbruggen,2.9480000000000004,2.8,19
152,Kepa Arrizabalaga,4.557999999999997,5.2,19
154,Lucas Bergström,0.6400000000000001,0.5,19
155,Marcus Bettinelli,0.645,0.5,19
183,Đorđe Petrović,0.02499999999999991,0.0,19
185,Robert Sánchez,4.263999999999998,2.8,19
201,Dean Henderson,4.780000000000002,3.7,19
204,Sam Johnstone,0.039000000000001034,-0.2,19
209,Remi Matthews,0.4079999999999995,0.5,19
227,João Neves Virgínia,-0.037000000000000366,0.0,19
235,Jordan Pickford,4.451000000000002,6.2,19
242,Steven Benda,0.01200000000000001,0.0,19
248,Bernd Leno,3.376999999999998,3.2,19
280,Cieran Slicker,-0.27,-0.5,19
283,Christian Walton,-0.121,1.0,19
293,Mads Hermansen,-0.242,0.0,19
294,Daniel Iversen,-0.6359999999999999,-0.5,19
304,Jakub Stolarczyk,0.3049999999999988,0.2,19
308,Danny Ward,-0.5330000000000001,-0.2,19
310,Alisson Ramses Becker,3.4159999999999995,3.0,19
325,Caoimhin Kelleher,1.5250000000000012,1.4,19
344,Scott Carson,1.0730000000000008,0.5,19
347,Ederson Santana de Moraes,0.8050000000000002,0.3,19
358,Stefan Ortega Moreno,3.2039999999999997,3.5,19
367,Altay Bayindir,-0.15799999999999992,0.0,19
374,Tom Heaton,-0.2400000000000002,0.0,19
383,André Onana,1.8229999999999995,1.3,19
396,Martin Dúbravka,3.5629999999999997,4.0,19
412,Odysseas Vlachodimos,0.6440000000000015,0.0,19
413,Nick Pope,0.9070000000000005,0.0,19
414,John Ruddy,0.6310000000000016,0.0,19
427,Carlos Miguel dos Santos Pereira,-0.004999999999999893,0.0,19
443,Matz Sels,5.352000000000003,4.5,19
445,Matt Turner,0.5109999999999992,0.5,19
454,Gavin Bazunu,-0.03999999999999959,0.0,19
465,Mateusz Lis,-0.0039999999999995595,0.0,19
466,Joe Lumley,-0.047999999999999154,0.3,19
469,Alex McCarthy,-0.20200000000000085,-0.3,19
479,Brandon Austin,0.3660000000000001,0.5,19
488,Fraser Forster,2.584666666666668,3.2,19
508,Guglielmo Vicario,0.37900000000000045,0.0,19
510,Alfie Whiteman,0.2839999999999998,0.5,19
513,Alphonse Areola,1.208000000000001,-0.5,19
521,Łukasz Fabiański,0.49500000000000055,0.3,19
522,Wes Foderingham,-0.6219999999999999,-1.0,19
536,Daniel Bentley,-0.20500000000000007,-0.5,19
554,José Malheiro de Sá,2.593,3.0,19
556,Tom King,-0.20999999999999996,-0.5,19
568,Arijanet Muric,1.413999999999997,1.7,19
581,Filip Jørgensen,0.7240000000000002,1.3,19
599,Will Dennis,-0.04999999999999982,0.0,19
615,Carl Rushworth,-0.11299999999999999,0.0,19
624,Asmir Begovic,-0.038000000000000256,0.0,19
639,Tommy Setford,0.7530000000000001,0.5,19
641,Oliwier Zych,0.125,0.0,19
660,Vítezslav Jaros,0.7119999999999997,1.0,19
668,Killian Cahill,-0.11500000000000066,0.0,19
669,Harvey Davies,0.7280000000000002,1.0,19
704,Spike Brits,1.164000000000001,0.5,19
5,Karl Hein,0.0,0.0,20
14,Aaron Ramsdale,1.9910000000000005,2.7,20
15,David Raya Martin,3.5669999999999984,4.2,20
39,Joe Gauci,0.3110000000000004,0.0,20
46,Filip Marschall,0.004999999999999893,0.0,20
47,Emiliano Martínez Romero,2.9749999999999996,2.0,20
51,Robin Olsen,0.5259999999999989,0.0,20
55,Viljami Sinisalo,0.004999999999999893,0.0,20
73,Norberto Murara Neto,0.573,0.5,20
75,Alex Paulsen,0.01200000000000001,0.0,20
84,Mark Travers,0.03599999999999959,1.0,20
91,Mark Flekken,3.4189999999999996,3.5,20
109,Hákon Valdimarsson,0.6680000000000001,0.7,20
142,Jason Steele,-0.865,-0.5,20
146,Bart Verbruggen,1.9069999999999983,2.5,20
152,Kepa Arrizabalaga,3.462999999999999,4.0,20
154,Lucas Bergström,0.27,0.5,20
155,Marcus Bettinelli,0.2799999999999998,0.5,20
183,Đorđe Petrović,0.08199999999999985,0.0,20
185,Robert Sánchez,1.2109999999999999,3.3,20
201,Dean Henderson,2.7269999999999994,2.1,20
204,Sam Johnstone,0.07200000000000051,0.3,20
209,Remi Matthews,-0.17499999999999982,-0.5,20
227,João Neves Virgínia,-0.06100000000000039,0.0,20
235,Jordan Pickford,3.449,5.8,20
242,Steven Benda,0.27,0.0,20
248,Bernd Leno,3.51,3.0,20
280,Cieran Slicker,-0.3639999999999999,0.0,20
283,Christian Walton,1.4009999999999998,1.7,20
293,Mads Hermansen,0.04200000000000026,0.0,20
294,Daniel Iversen,-0.26699999999999946,0.0,20
304,Jakub Stolarczyk,1.1170000000000004,1.0,20
308,Danny Ward,-0.010999999999998344,0.3,20
310,Alisson Ramses Becker,4.4100000000000055,3.2,20
325,Caoimhin Kelleher,0.645,1.0,20
344,Scott Carson,0.6609999999999996,0.5,20
347,Ederson Santana de Moraes,0.48,0.2,20
358,Stefan Ortega Moreno,2.920000000000001,3.1,20
367,Altay Bayindir,-0.5910000000000002,-1.0,20
374,Tom Heaton,-0.673,-1.0,20
383,André Onana,1.4710000000000023,0.4,20
396,Martin Dúbravka,5.357999999999999,4.9,20
412,Odysseas Vlachodimos,0.18100000000000094,-0.5,20
413,Nick Pope,0.2370000000000001,0.0,20
414,John Ruddy,0.1580000000000008,-0.5,20
427,Carlos Miguel dos Santos Pereira,-0.028000000000000025,0.0,20
443,Matz Sels,5.771000000000001,6.4,20
445,Matt Turner,-0.17100000000000026,-0.5,20
454,Gavin Bazunu,-0.02499999999999991,0.0,20
465,Mateusz Lis,0.0,0.0,20
466,Joe Lumley,-0.21899999999999986,-0.5,20
469,Alex McCarthy,-0.26600000000000046,-0.3,20
479,Brandon Austin,-0.07299999999999995,0.7,20
488,Fraser Forster,2.4209999999999994,2.5,20
508,Guglielmo Vicario,0.11599999999999921,0.0,20
510,Alfie Whiteman,-0.0129999999999999,0.5,20
513,Alphonse Areola,1.6869999999999994,0.2,20
521,Łukasz Fabiański,-0.12999999999999945,0.0,20
522,Wes Foderingham,-0.46499999999999986,-0.5,20
536,Daniel Bentley,-0.06699999999999973,0.0,20
554,José Malheiro de Sá,2.982,3.7,20
556,Tom King,-0.06699999999999973,0.0,20
568,Arijanet Muric,0.024000000000000465,1.8,20
581,Filip Jørgensen,1.1390000000000033,0.8,20
599,Will Dennis,0.01200000000000001,0.0,20
615,Carl Rushworth,-0.02699999999999969,0.0,20
624,Asmir Begovic,-0.051000000000000156,0.0,20
639,Tommy Setford,0.605,0.5,20
641,Oliwier Zych,0.3310000000000004,0.0,20
660,Vítezslav Jaros,0.7210000000000001,1.0,20
668,Killian Cahill,-0.7969999999999999,-0.5,20
669,Harvey Davies,0.6819999999999999,1.0,20
704,Spike Brits,0.758,0.5,20
5,Karl Hein,0.2360000000000002,0.0,21
14,Aaron Ramsdale,2.056999999999997,3.3,21
15,David Raya Martin,3.862,3.2,21
39,Joe Gauci,0.1349999999999998,0.0,21
46,Filip Marschall,0.1349999999999998,0.0,21
47,Emiliano Martínez Romero,2.715,2.1,21
51,Robin Olsen,0.24899999999999967,0.0,21
55,Viljami Sinisalo,0.1349999999999998,0.0,21
73,Norberto Murara Neto,0.5030000000000001,0.0,21
75,Alex Paulsen,-0.11299999999999999,0.0,21
84,Mark Travers,2.809,1.3,21
91,Mark Flekken,2.7669999999999986,2.5,21
109,Hákon Valdimarsson,-0.3319999999999994,-0.3,21
142,Jason Steele,0.19499999999999984,0.0,21
146,Bart Verbruggen,2.875,4.6,21
152,Kepa Arrizabalaga,0.7469999999999999,0.0,21
154,Lucas Bergström,0.125,0.5,21
155,Marcus Bettinelli,0.05500000000000016,0.5,21
183,Đorđe Petrović,-0.052000000000000046,0.0,21
185,Robert Sánchez,3.210000000000001,3.5,21
201,Dean Henderson,2.040000000000002,3.6,21
204,Sam Johnstone,-0.23700000000000054,0.0,21
209,Remi Matthews,0.3719999999999999,0.0,21
227,João Neves Virgínia,-0.018000000000000682,0.0,21
235,Jordan Pickford,3.599000000000002,4.4,21
242,Steven Benda,-0.008000000000000007,0.0,21
248,Bernd Leno,3.150999999999998,3.0,21
280,Cieran Slicker,-0.18500000000000005,0.0,21
283,Christian Walton,1.3119999999999994,2.4,21
293,Mads Hermansen,-0.053999999999999826,0.0,21
294,Daniel Iversen,-0.18300000000000027,0.0,21
304,Jakub Stolarczyk,0.883999999999999,1.4,21
308,Danny Ward,-0.0029999999999987814,0.2,21
310,Alisson Ramses Becker,3.210000000000001,3.4,21
325,Caoimhin Kelleher,0.7090000000000005,1.0,21
344,Scott Carson,0.7970000000000006,0.5,21
347,Ederson Santana de Moraes,0.6419999999999999,0.5,21
358,Stefan Ortega Moreno,3.3339999999999996,3.5,21
367,Altay Bayindir,0.6079999999999988,0.5,21
374,Tom Heaton,0.4700000000000002,0.5,21
383,André Onana,2.774000000000001,2.1,21
396,Martin Dúbravka,3.557999999999998,6.2,21
412,Odysseas Vlachodimos,0.45100000000000007,0.0,21
413,Nick Pope,0.9530000000000007,0.0,21
414,John Ruddy,0.41700000000000026,0.0,21
427,Carlos Miguel dos Santos Pereira,-0.9199999999999999,-1.0,21
443,Matz Sels,5.3249999999999975,5.6,21
445,Matt Turner,0.44799999999999995,0.0,21
454,Gavin Bazunu,-0.008000000000000007,-0.4,21
465,Mateusz Lis,-0.006000000000000227,0.0,21
466,Joe Lumley,-0.12400000000000011,-0.5,21
469,Alex McCarthy,-0.08600000000000119,-0.5,21
479,Brandon Austin,1.0900000000000012,0.2,21
488,Fraser Forster,-0.26599999999999957,0.8,21
508,Guglielmo Vicario,-0.24399999999999933,0.0,21
510,Alfie Whiteman,-0.4969999999999999,0.0,21
513,Alphonse Areola,1.302000000000001,0.8,21
521,Łukasz Fabiański,0.6519999999999988,1.2,21
522,Wes Foderingham,0.057999999999999385,0.0,21
536,Daniel Bentley,-0.4079999999999999,0.0,21
554,José Malheiro de Sá,1.6479999999999997,4.6,21
556,Tom King,-0.3759999999999999,0.0,21
568,Arijanet Muric,0.08100000000000085,0.8,21
581,Filip Jørgensen,0.5639999999999996,0.9,21
599,Will Dennis,-0.28800000000000026,-0.5,21
615,Carl Rushworth,0.15799999999999992,0.0,21
624,Asmir Begovic,-0.04900000000000082,0.0,21
639,Tommy Setford,0.6260000000000003,0.0,21
641,Oliwier Zych,0.14000000000000012,0.0,21
660,Vítezslav Jaros,0.6180000000000008,1.0,21
668,Killian Cahill,0.2560000000000002,0.0,21
669,Harvey Davies,0.8120000000000003,1.0,21
704,Spike Brits,0.738,0.5,21
716,Antonín Kinsky,-0.6219999999999999,2.3,21
721,Wayne Hennessey,-0.48199999999999976,0.3,21
5,Karl Hein,0.18699999999999983,8.8,22
14,Aaron Ramsdale,1.738999999999999,0.0,22
15,David Raya Martin,3.694,1.0,22
39,Joe Gauci,-0.675,1.4,22
46,Filip Marschall,-0.07200000000000006,0.0,22
47,Emiliano Martínez Romero,2.566,2.4,22
51,Robin Olsen,-0.5949999999999995,0.0,22
55,Viljami Sinisalo,-0.07200000000000006,0.0,22
73,Norberto Murara Neto,0.47900000000000054,0.2,22
75,Alex Paulsen,-0.10499999999999998,0.0,22
84,Mark Travers,1.3190000000000004,3.8,22
91,Mark Flekken,2.4829999999999988,0.0,22
109,Hákon Valdimarsson,-0.32699999999999996,3.2,22
142,Jason Steele,-0.1349999999999998,0.0,22
146,Bart Verbruggen,2.548000000000001,2.6,22
152,Kepa Arrizabalaga,0.002000000000000224,3.6,22
154,Lucas Bergström,0.44300000000000006,0.0,22
155,Marcus Bettinelli,0.44399999999999995,0.0,22
183,Đorđe Petrović,0.3810000000000002,-0.5,22
185,Robert Sánchez,3.081999999999997,-0.5,22
201,Dean Henderson,3.1839999999999984,0.0,22
204,Sam Johnstone,-0.29300000000000015,0.0,22
209,Remi Matthews,-0.004999999999999893,3.7,22
227,João Neves Virgínia,-0.16600000000000037,0.0,22
235,Jordan Pickford,2.817,3.2,22
242,Steven Benda,0.20699999999999985,0.0,22
248,Bernd Leno,2.2920000000000025,0.0,22
280,Cieran Slicker,-0.6549999999999998,0.0,22
283,Christian Walton,0.7070000000000012,3.4,22
293,Mads Hermansen,-0.08099999999999996,5.0,22
294,Daniel Iversen,-0.125,0.0,22
304,Jakub Stolarczyk,0.8929999999999993,0.0,22
308,Danny Ward,-0.1460000000000008,0.0,22
310,Alisson Ramses Becker,3.5599999999999996,4.6,22
325,Caoimhin Kelleher,0.6029999999999998,2.8,22
344,Scott Carson,1.2320000000000007,3.2,22
347,Ederson Santana de Moraes,1.136000000000001,3.6,22
358,Stefan Ortega Moreno,3.0790000000000006,1.0,22
367,Altay Bayindir,-0.015000000000000124,0.5,22
374,Tom Heaton,-0.006000000000000227,4.3,22
383,André Onana,2.775999999999999,0.0,22
396,Martin Dúbravka,4.741999999999999,0.7,22
412,Odysseas Vlachodimos,0.08999999999999986,0.0,22
413,Nick Pope,0.16000000000000014,0.0,22
414,John Ruddy,0.0950000000000002,2.5,22
427,Carlos Miguel dos Santos Pereira,0.42399999999999993,4.9,22
443,Matz Sels,4.280000000000002,2.5,22
445,Matt Turner,-0.008000000000000007,0.0,22
454,Gavin Bazunu,0.05299999999999949,0.0,22
465,Mateusz Lis,0.05299999999999949,0.0,22
466,Joe Lumley,-0.008000000000000895,2.3,22
469,Alex McCarthy,0.07899999999999929,3.2,22
479,Brandon Austin,0.8620000000000001,0.0,22
488,Fraser Forster,0.5759999999999992,7.2,22
508,Guglielmo Vicario,0.484,1.6,22
510,Alfie Whiteman,0.387,-1.0,22
513,Alphonse Areola,0.19399999999999995,-1.0,22
521,Łukasz Fabiański,1.2910000000000021,-0.4,22
522,Wes Foderingham,0.11299999999999955,-0.8,22
536,Daniel Bentley,-0.383,0.0,22
554,José Malheiro de Sá,1.6719999999999997,0.0,22
556,Tom King,-0.351,0.0,22
568,Arijanet Muric,-0.2599999999999998,4.8,22
581,Filip Jørgensen,0.7230000000000008,0.0,22
599,Will Dennis,-0.41999999999999993,0.2,22
615,Carl Rushworth,-0.04999999999999982,3.6,22
624,Asmir Begovic,-0.12500000000000044,3.6,22
639,Tommy Setford,0.4229999999999996,0.0,22
641,Oliwier Zych,-0.675,0.0,22
660,Vítezslav Jaros,0.2999999999999998,3.0,22
668,Killian Cahill,-0.1549999999999998,3.8,22
669,Harvey Davies,0.3860000000000001,-0.8,22
704,Spike Brits,0.9300000000000002,0.0,22
716,Antonín Kinsky,1.7390000000000008,-0.6,22
721,Wayne Hennessey,0.9190000000000005,0.4,22
727,Callan McKenna,0.058000000000000274,0.0,22
5,Karl Hein,0.43999999999999995,0.0,23
14,Aaron Ramsdale,1.1299999999999977,0.1,23
15,David Raya Martin,2.4440000000000017,3.9,23
39,Joe Gauci,0.02499999999999991,0.0,23
46,Filip Marschall,0.02499999999999991,0.0,23
47,Emiliano Martínez Romero,3.024000000000001,3.0,23
51,Robin Olsen,0.16999999999999948,0.0,23
55,Viljami Sinisalo,0.02499999999999991,0.0,23
73,Norberto Murara Neto,0.6230000000000002,0.5,23
75,Alex Paulsen,-0.020000000000000018,0.0,23
84,Mark Travers,0.6460000000000012,2.2,23
91,Mark Flekken,3.0390000000000006,3.2,23
109,Hákon Valdimarsson,0.5359999999999996,0.0,23
142,Jason Steele,0.24899999999999967,0.0,23
146,Bart Verbruggen,3.264000000000001,3.0,23
152,Kepa Arrizabalaga,2.776,2.5,23
154,Lucas Bergström,-0.587,0.0,23
155,Marcus Bettinelli,-0.6000000000000001,0.0,23
183,Đorđe Petrović,-0.24600000000000044,0.0,23
185,Robert Sánchez,2.1560000000000006,2.0,23
201,Dean Henderson,3.4829999999999997,4.0,23
204,Sam Johnstone,-0.5310000000000001,-0.5,23
209,Remi Matthews,1.9459999999999988,0.0,23
227,João Neves Virgínia,1.4720000000000004,0.0,23
235,Jordan Pickford,3.911999999999998,3.0,23
242,Steven Benda,0.052000000000000046,0.0,23
248,Bernd Leno,1.58,2.8,23
280,Cieran Slicker,-0.7209999999999996,-1.0,23
283,Christian Walton,1.165,-0.2,23
293,Mads Hermansen,0.7290000000000005,0.0,23
294,Daniel Iversen,0.01100000000000012,0.0,23
304,Jakub Stolarczyk,0.8939999999999992,1.5,23
308,Danny Ward,-0.14300000000000024,0.0,23
310,Alisson Ramses Becker,5.283000000000003,4.5,23
325,Caoimhin Kelleher,1.1109999999999998,1.0,23
344,Scott Carson,0.10499999999999998,0.0,23
347,Ederson Santana de Moraes,2.149,3.8,23
358,Stefan Ortega Moreno,0.9789999999999992,1.2,23
367,Altay Bayindir,0.18399999999999972,0.0,23
374,Tom Heaton,0.6850000000000005,0.0,23
383,André Onana,1.358999999999999,3.0,23
396,Martin Dúbravka,3.461000000000001,5.5,23
412,Odysseas Vlachodimos,0.20899999999999963,1.0,23
413,Nick Pope,0.5239999999999987,0.8,23
414,John Ruddy,0.48599999999999977,1.0,23
427,Carlos Miguel dos Santos Pereira,-0.04999999999999982,0.0,23
443,Matz Sels,3.8930000000000007,3.5,23
445,Matt Turner,0.17999999999999927,0.0,23
454,Gavin Bazunu,-0.2250000000000001,-1.0,23
465,Mateusz Lis,-0.0810000000000004,0.0,23
466,Joe Lumley,-0.13400000000000079,-1.0,23
469,Alex McCarthy,-0.2230000000000003,-0.5,23
479,Brandon Austin,0.7210000000000001,0.2,23
488,Fraser Forster,1.3179999999999992,0.0,23
508,Guglielmo Vicario,0.6799999999999993,0.0,23
510,Alfie Whiteman,0.05400000000000027,0.0,23
513,Alphonse Areola,0.270999999999999,1.0,23
521,Łukasz Fabiański,1.4689999999999999,0.8,23
522,Wes Foderingham,-0.22200000000000175,0.0,23
536,Daniel Bentley,-0.6939999999999997,-0.5,23
554,José Malheiro de Sá,1.0510000000000002,1.0,23
556,Tom King,-0.5619999999999998,-0.5,23
568,Arijanet Muric,-0.18400000000000016,-1.0,23
581,Filip Jørgensen,-0.34399999999999986,0.0,23
599,Will Dennis,0.004999999999999893,0.0,23
615,Carl Rushworth,0.1479999999999997,0.0,23
624,Asmir Begovic,0.32099999999999973,0.0,23
639,Tommy Setford,0.7190000000000003,0.5,23
641,Oliwier Zych,0.07299999999999951,0.0,23
660,Vítezslav Jaros,0.9299999999999993,1.0,23
668,Killian Cahill,0.41999999999999993,0.0,23
669,Harvey Davies,0.6199999999999988,1.0,23
704,Spike Brits,0.09299999999999997,0.0,23
716,Antonín Kinsky,0.7680000000000002,1.7,23
721,Wayne Hennessey,-0.009999999999999787,0.0,23
727,Callan McKenna,0.18400000000000016,0.0,23
756,Jack Porter,1.812000000000003,1.8,23
5,Karl Hein,0.07600000000000007,0.0,24
14,Aaron Ramsdale,0.34199999999999875,1.0,24
15,David Raya Martin,2.838000000000001,2.8,24
39,Joe Gauci,0.09800000000000031,0.0,24
46,Filip Marschall,0.10199999999999987,0.0,24
47,Emiliano Martínez Romero,3.5360000000000023,3.0,24
51,Robin Olsen,0.3139999999999996,0.0,24
55,Viljami Sinisalo,0.10199999999999987,0.0,24
73,Norberto Murara Neto,0.16600000000000037,0.0,24
75,Alex Paulsen,-0.040000000000000036,0.0,24
84,Mark Travers,0.2659999999999991,0.3,24
91,Mark Flekken,3.240000000000001,2.2,24
109,Hákon Valdimarsson,0.1979999999999995,0.2,24
142,Jason Steele,0.0810000000000004,0.0,24
146,Bart Verbruggen,2.1470000000000002,1.7,24
152,Kepa Arrizabalaga,2.884999999999999,2.5,24
154,Lucas Bergström,0.5780000000000003,0.5,24
155,Marcus Bettinelli,0.8219999999999992,0.5,24
183,Đorđe Petrović,0.040000000000000036,0.0,24
185,Robert Sánchez,1.4600000000000004,1.7,24
201,Dean Henderson,3.0410000000000013,5.0,24
204,Sam Johnstone,-0.0990000000000002,0.0,24
209,Remi Matthews,0.766,0.0,24
227,João Neves Virgínia,0.4899999999999993,-1.0,24
235,Jordan Pickford,5.481000000000003,6.2,24
242,Steven Benda,0.0779999999999994,-0.5,24
248,Bernd Leno,1.9760000000000009,2.5,24
280,Cieran Slicker,0.13099999999999978,0.5,24
283,Christian Walton,0.9059999999999993,1.0,24
293,Mads Hermansen,0.12699999999999978,0.2,24
294,Daniel Iversen,0.19600000000000017,0.0,24
304,Jakub Stolarczyk,1.350000000000001,1.0,24
308,Danny Ward,0.09799999999999942,0.0,24
310,Alisson Ramses Becker,3.5250000000000004,10.7,24
325,Caoimhin Kelleher,0.7390000000000003,1.5,24
344,Scott Carson,0.13600000000000012,0.0,24
347,Ederson Santana de Moraes,3.2010000000000014,3.8,24
358,Stefan Ortega Moreno,0.6560000000000006,0.5,24
367,Altay Bayindir,0.06100000000000039,0.0,24
374,Tom Heaton,0.7930000000000006,0.0,24
383,André Onana,2.482000000000002,2.8,24
396,Martin Dúbravka,3.4929999999999986,4.5,24
412,Odysseas Vlachodimos,0.06399999999999961,0.5,24
413,Nick Pope,0.5980000000000008,0.5,24
414,John Ruddy,0.7969999999999997,0.5,24
427,Carlos Miguel dos Santos Pereira,-0.029999999999999805,0.5,24
443,Matz Sels,2.3580000000000014,3.7,24
445,Matt Turner,0.016999999999999904,0.0,24
454,Gavin Bazunu,0.03500000000000014,-0.5,24
465,Mateusz Lis,-0.008999999999999897,0.0,24
466,Joe Lumley,0.4249999999999998,-0.5,24
469,Alex McCarthy,1.1390000000000002,0.0,24
479,Brandon Austin,0.6589999999999994,0.0,24
488,Fraser Forster,0.5719999999999992,0.0,24
508,Guglielmo Vicario,0.14899999999999958,0.0,24
510,Alfie Whiteman,0.028000000000000025,0.0,24
513,Alphonse Areola,1.014000000000002,0.7,24
521,Łukasz Fabiański,0.43100000000000005,0.3,24
522,Wes Foderingham,0.08599999999999985,-0.5,24
536,Daniel Bentley,-0.08399999999999963,0.0,24
554,José Malheiro de Sá,1.2410000000000014,3.0,24
556,Tom King,-0.05900000000000016,0.0,24
568,Arijanet Muric,0.19700000000000006,0.7,24
581,Filip Jørgensen,0.6240000000000006,1.3,24
599,Will Dennis,-0.5449999999999999,-0.5,24
615,Carl Rushworth,0.17700000000000005,0.0,24
624,Asmir Begovic,0.22099999999999964,-1.0,24
639,Tommy Setford,0.12199999999999989,0.0,24
641,Oliwier Zych,0.14800000000000013,0.0,24
660,Vítezslav Jaros,0.6589999999999998,1.5,24
668,Killian Cahill,0.3079999999999994,-0.5,24
669,Harvey Davies,0.7639999999999998,1.5,24
704,Spike Brits,0.12199999999999989,0.0,24
716,Antonín Kinsky,1.2170000000000005,3.0,24
721,Wayne Hennessey,0.16100000000000092,0.5,24
727,Callan McKenna,-0.5739999999999998,-0.5,24
756,Jack Porter,0.5370000000000004,0.0,24
759,Julian Eyestone,0.6320000000000006,1.3,24
761,Elyh Harrison,0.7350000000000008,1.3,24
5,Karl Hein,0.418743336910004,0.0,25
14,Aaron Ramsdale,1.4094600217320794,0.7,25
15,David Raya Martin,3.9569410900464836,6.8,25
39,Joe Gauci,0.3402407244171952,0.0,25
46,Filip Marschall,0.1303493295227689,0.0,25
47,Emiliano Martínez Romero,4.105995083710771,3.0,25
51,Robin Olsen,0.41612874054766413,-1.0,25
55,Viljami Sinisalo,0.12444655174499086,0.0,25
73,Norberto Murara Neto,0.7245383913472154,0.5,25
75,Alex Paulsen,0.12349713050203182,0.0,25
84,Mark Travers,0.7853264203117143,0.0,25
91,Mark Flekken,2.367397516064182,4.3,25
109,Hákon Valdimarsson,0.8303679690407622,0.3,25
142,Jason Steele,-0.0008313391855061525,0.0,25
146,Bart Verbruggen,1.9496965250163765,2.8,25
152,Kepa Arrizabalaga,3.5505736709278395,5.0,25
154,Lucas Bergström,0.39967489867612294,0.5,25
155,Marcus Bettinelli,0.399961922608981,0.5,25
183,Đorđe Petrović,0.02227988551027682,0.0,25
185,Robert Sánchez,1.6779557972437855,1.2,25
201,Dean Henderson,3.9205571608116125,3.0,25
204,Sam Johnstone,-0.5199188184273977,-1.0,25
209,Remi Matthews,0.49701611623670416,0.0,25
227,João Neves Virgínia,0.20680181161430955,0.0,25
235,Jordan Pickford,3.9369517239750076,4.5,25
242,Steven Benda,0.15251703774620484,-0.5,25
248,Bernd Leno,2.8968684181649893,1.5,25
280,Cieran Slicker,-0.1887257239139335,0.0,25
283,Christian Walton,0.6026244664921139,0.0,25
293,Mads Hermansen,0.3265194319569318,0.5,25
294,Daniel Iversen,-0.6512936831686824,-0.5,25
304,Jakub Stolarczyk,1.2789573847086095,0.2,25
308,Danny Ward,-0.4752951030451018,-0.5,25
310,Alisson Ramses Becker,4.618597563701728,8.4,25
325,Caoimhin Kelleher,0.7684221106145128,2.0,25
344,Scott Carson,0.4175880584103635,0.0,25
347,Ederson Santana de Moraes,1.8119647420480725,6.3,25
358,Stefan Ortega Moreno,1.919315138565139,0.0,25
367,Altay Bayindir,0.004510725385724168,0.0,25
374,Tom Heaton,0.16200738767405376,0.0,25
383,André Onana,1.4242385492593805,3.7,25
396,Martin Dúbravka,2.2012933620029207,1.7,25
412,Odysseas Vlachodimos,-0.1819732788544064,0.0,25
413,Nick Pope,0.3457796399316009,0.0,25
414,John Ruddy,-0.30048977629124707,0.0,25
427,Carlos Miguel dos Santos Pereira,0.04514882095029016,0.1,25
443,Matz Sels,4.254603661815674,4.5,25
445,Matt Turner,0.11859161998132572,0.0,25
454,Gavin Bazunu,-0.059394439529243837,0.0,25
465,Mateusz Lis,-0.06051743472576865,0.0,25
466,Joe Lumley,-0.08834201909201944,-1.0,25
469,Alex McCarthy,-0.007979578156048994,-0.3,25
479,Brandon Austin,0.36042826304958586,0.0,25
488,Fraser Forster,0.1622049062049058,0.0,25
508,Guglielmo Vicario,0.2462686089853281,3.0,25
510,Alfie Whiteman,0.29765933110624765,0.0,25
513,Alphonse Areola,0.9780490123529351,2.7,25
521,Łukasz Fabiański,0.7523854752727277,0.0,25
522,Wes Foderingham,-0.054475112940799875,0.0,25
536,Daniel Bentley,-0.5813903442236779,-1.0,25
554,José Malheiro de Sá,2.2468107382813276,2.3,25
556,Tom King,-0.5378389538475328,-1.0,25
568,Arijanet Muric,0.7046358394691716,0.3,25
581,Filip Jørgensen,0.9277397502642595,2.2,25
599,Will Dennis,0.3021414591266236,1.0,25
615,Carl Rushworth,0.1827577653374215,-0.5,25
624,Asmir Begovic,-0.009696289821290893,0.0,25
639,Tommy Setford,0.6896933328109802,0.5,25
641,Oliwier Zych,0.3304158917063327,-1.0,25
660,Vítezslav Jaros,0.4732570137288272,2.0,25
668,Killian Cahill,-0.03079902509436927,-0.5,25
669,Harvey Davies,0.4038503757045424,2.0,25
704,Spike Brits,0.07973984734401451,0.0,25
716,Antonín Kinsky,2.336143134869852,2.7,25
721,Wayne Hennessey,0.19904252460502425,0.5,25
727,Callan McKenna,0.1970283253873948,1.0,25
756,Jack Porter,0.9210387134198412,0.5,25
759,Julian Eyestone,0.444595293822009,0.0,25
761,Elyh Harrison,0.5750367904154676,0.0,25
764,Alex Palmer,0.5454768009768012,2.4,25
5,Karl Hein,0.7260000000000004,0.0,26
14,Aaron Ramsdale,1.3019999999999992,1.0,26
15,David Raya Martin,5.892999999999994,5.7,26
39,Joe Gauci,-0.06200000000000028,0.0,26
46,Filip Marschall,0.12699999999999978,0.0,26
47,Emiliano Martínez Romero,2.6319999999999997,1.7,26
51,Robin Olsen,-0.061000000000001275,-0.5,26
55,Viljami Sinisalo,0.12699999999999978,0.0,26
73,Norberto Murara Neto,1.0819999999999999,0.5,26
75,Alex Paulsen,0.08899999999999997,0.0,26
84,Mark Travers,0.6349999999999998,0.0,26
91,Mark Flekken,3.9590000000000023,5.0,26
109,Hákon Valdimarsson,0.0810000000000004,0.2,26
142,Jason Steele,0.3999999999999999,0.0,26
146,Bart Verbruggen,3.0469999999999997,4.5,26
152,Kepa Arrizabalaga,3.5180000000000033,4.0,26
154,Lucas Bergström,0.7459999999999996,0.5,26
155,Marcus Bettinelli,0.7409999999999997,0.5,26
183,Đorđe Petrović,0.051000000000000156,0.0,26
185,Robert Sánchez,0.7000000000000002,1.0,26
201,Dean Henderson,2.6750000000000007,3.8,26
204,Sam Johnstone,0.0019999999999997797,-0.5,26
209,Remi Matthews,0.8939999999999988,0.0,26
227,João Neves Virgínia,0.6209999999999991,0.0,26
235,Jordan Pickford,4.289999999999999,3.8,26
242,Steven Benda,0.5139999999999993,0.0,26
248,Bernd Leno,2.231,2.0,26
280,Cieran Slicker,-0.16400000000000015,0.0,26
283,Christian Walton,-0.020000000000000462,0.0,26
293,Mads Hermansen,1.4260000000000002,1.0,26
294,Daniel Iversen,-0.1719999999999997,0.0,26
304,Jakub Stolarczyk,0.9170000000000011,0.5,26
308,Danny Ward,-0.18500000000000005,0.0,26
310,Alisson Ramses Becker,2.6930000000000014,4.5,26
325,Caoimhin Kelleher,0.02699999999999969,0.5,26
344,Scott Carson,0.2020000000000004,-0.5,26
347,Ederson Santana de Moraes,3.282000000000002,4.5,26
358,Stefan Ortega Moreno,0.9170000000000011,-0.5,26
367,Altay Bayindir,0.05900000000000016,0.0,26
374,Tom Heaton,0.35099999999999953,0.0,26
383,André Onana,2.209999999999999,3.5,26
396,Martin Dúbravka,1.3540000000000014,1.2,26
412,Odysseas Vlachodimos,0.04099999999999948,0.0,26
413,Nick Pope,0.3849999999999998,0.2,26
414,John Ruddy,0.4879999999999991,0.0,26
427,Carlos Miguel dos Santos Pereira,0.3229999999999995,0.0,26
443,Matz Sels,3.1179999999999994,3.0,26
445,Matt Turner,0.19399999999999995,0.0,26
454,Gavin Bazunu,-0.008000000000000007,0.0,26
465,Mateusz Lis,-0.0009999999999998899,0.0,26
466,Joe Lumley,-0.12699999999999978,-0.5,26
469,Alex McCarthy,-0.2660000000000009,0.0,26
479,Brandon Austin,0.5950000000000006,0.0,26
488,Fraser Forster,0.6480000000000001,0.0,26
508,Guglielmo Vicario,3.1800000000000015,3.0,26
510,Alfie Whiteman,1.323,0.0,26
513,Alphonse Areola,1.234999999999999,3.0,26
521,Łukasz Fabiański,0.04400000000000004,-0.5,26
522,Wes Foderingham,-0.6609999999999996,-0.5,26
536,Daniel Bentley,-0.009999999999999787,-0.5,26
554,José Malheiro de Sá,2.139000000000001,4.3,26
556,Tom King,0.03600000000000003,-0.5,26
568,Arijanet Muric,-0.04300000000000059,0.2,26
581,Filip Jørgensen,1.2819999999999991,2.3,26
599,Will Dennis,0.28200000000000003,0.5,26
615,Carl Rushworth,0.6839999999999997,0.5,26
624,Asmir Begovic,0.10100000000000042,0.0,26
639,Tommy Setford,1.1070000000000007,0.5,26
641,Oliwier Zych,-0.04800000000000049,-0.5,26
660,Vítezslav Jaros,0.11299999999999955,0.5,26
668,Killian Cahill,0.5279999999999996,0.5,26
669,Harvey Davies,0.07500000000000018,0.5,26
704,Spike Brits,-0.04700000000000015,-0.5,26
716,Antonín Kinsky,1.5350000000000001,2.0,26
721,Wayne Hennessey,0.5020000000000007,0.0,26
727,Callan McKenna,0.18100000000000005,0.5,26
756,Jack Porter,1.0,0.5,26
759,Julian Eyestone,0.31800000000000006,0.0,26
761,Elyh Harrison,0.28100000000000014,0.0,26
764,Alex Palmer,1.4139999999999988,2.0,26
783,Hubert Graczyk,1.0000000000000018,1.3,26
5,Karl Hein,0.4477747162714163,0.0,27
14,Aaron Ramsdale,1.622227053732317,0.7,27
15,David Raya Martin,3.414580398777275,5.0,27
39,Joe Gauci,0.0977186977518687,0.0,27
46,Filip Marschall,0.09993534784475155,0.0,27
47,Emiliano Martínez Romero,2.8807014253133403,2.0,27
51,Robin Olsen,0.13935241751827876,0.0,27
55,Viljami Sinisalo,0.09993534784475155,0.0,27
73,Norberto Murara Neto,0.5916842368844546,0.0,27
75,Alex Paulsen,0.06005647165100214,0.0,27
84,Mark Travers,0.15622353510872244,0.0,27
91,Mark Flekken,4.019311289196372,6.7,27
109,Hákon Valdimarsson,0.16705433011568616,0.0,27
142,Jason Steele,0.09919473828867664,0.0,27
146,Bart Verbruggen,3.031561423735317,5.8,27
152,Kepa Arrizabalaga,3.0906084327619867,2.5,27
154,Lucas Bergström,0.47638068545465684,1.0,27
155,Marcus Bettinelli,0.4853974237623402,1.0,27
183,Đorđe Petrović,0.3919263745639161,0.0,27
185,Robert Sánchez,1.8254861329266099,1.0,27
201,Dean Henderson,3.055583304405272,3.3,27
204,Sam Johnstone,-0.014956415276548007,0.0,27
209,Remi Matthews,0.07044173892407635,0.0,27
227,João Neves Virgínia,0.13749244778019332,0.0,27
235,Jordan Pickford,3.3100599130110124,1.8,27
242,Steven Benda,0.12147084082010551,0.0,27
248,Bernd Leno,3.0740847729941008,2.3,27
280,Cieran Slicker,-0.07553956273858597,0.0,27
283,Christian Walton,-0.005273031773731507,0.0,27
293,Mads Hermansen,1.0931730617866662,1.3,27
294,Daniel Iversen,-0.04890570669607586,0.0,27
304,Jakub Stolarczyk,0.8310664794160432,0.0,27
308,Danny Ward,-0.06069309690140612,0.0,27
310,Alisson Ramses Becker,4.051780840847895,4.3,27
325,Caoimhin Kelleher,0.4146158418665413,0.5,27
344,Scott Carson,0.3098759620408198,0.5,27
347,Ederson Santana de Moraes,2.602846155435743,8.2,27
358,Stefan Ortega Moreno,1.2098488875249624,0.5,27
367,Altay Bayindir,0.1403541870095686,0.0,27
374,Tom Heaton,0.16963377203310648,0.0,27
383,André Onana,2.2814203301018408,2.7,27
396,Martin Dúbravka,0.38186197763668783,-0.2,27
412,Odysseas Vlachodimos,-0.293702857754202,-0.5,27
413,Nick Pope,1.4016055158310388,0.2,27
414,John Ruddy,-0.4400358014617516,-0.5,27
427,Carlos Miguel dos Santos Pereira,-0.3242992311838475,0.0,27
443,Matz Sels,2.608441572863513,3.0,27
445,Matt Turner,0.04627024113045408,0.0,27
454,Gavin Bazunu,-0.07350941267711741,0.0,27
465,Mateusz Lis,-0.071053925412778,0.0,27
466,Joe Lumley,-0.09766926116094554,-1.0,27
469,Alex McCarthy,-0.07879771092213472,-1.0,27
479,Brandon Austin,-0.00860076200595472,-0.5,27
488,Fraser Forster,0.014396630286650502,-0.5,27
508,Guglielmo Vicario,2.0795977028075594,4.5,27
510,Alfie Whiteman,-0.11478289542785847,-0.5,27
513,Alphonse Areola,2.874168252533474,4.2,27
521,Łukasz Fabiański,0.3123717415523357,0.0,27
522,Wes Foderingham,0.16408847913924562,0.0,27
536,Daniel Bentley,-0.01535740157814569,0.0,27
554,José Malheiro de Sá,3.1533994715603795,4.0,27
556,Tom King,-0.008497853809140476,0.0,27
568,Arijanet Muric,0.06797564716870541,0.0,27
581,Filip Jørgensen,2.9975195924641813,4.2,27
599,Will Dennis,0.0483080726129379,0.5,27
615,Carl Rushworth,0.1811005549396203,-0.5,27
624,Asmir Begovic,0.11508368800952962,0.0,27
639,Tommy Setford,0.4916250096688879,0.0,27
641,Oliwier Zych,0.11488737931756132,0.0,27
660,Vítezslav Jaros,0.33311345511803925,0.5,27
668,Killian Cahill,0.13599816873017367,-0.5,27
669,Harvey Davies,0.3471844587359856,0.5,27
704,Spike Brits,0.3160700073382583,0.5,27
716,Antonín Kinsky,1.1255482120520646,-0.5,27
721,Wayne Hennessey,-0.3468541817937547,0.0,27
727,Callan McKenna,0.05882169785859004,0.5,27
756,Jack Porter,0.5736596323977547,0.0,27
759,Julian Eyestone,0.194080768902261,0.0,27
761,Elyh Harrison,0.18580733320357323,0.0,27
764,Alex Palmer,1.2274301258776568,2.0,27
783,Hubert Graczyk,0.4804038848068677,0.0,27
5,Karl Hein,0.34299999999999997,0.0,28
14,Aaron Ramsdale,0.9939999999999993,0.3,28
15,David Raya Martin,3.9179999999999993,5.0,28
39,Joe Gauci,0.12100000000000044,0.0,28
46,Filip Marschall,0.04499999999999993,0.0,28
47,Emiliano Martínez Romero,2.1039999999999983,1.6,28
51,Robin Olsen,0.7979999999999996,1.4,28
55,Viljami Sinisalo,0.04499999999999993,0.0,28
73,Norberto Murara Neto,0.6680000000000006,0.5,28
75,Alex Paulsen,-0.015000000000000124,0.0,28
84,Mark Travers,-0.12600000000000033,0.0,28
91,Mark Flekken,3.8640000000000017,5.8,28
109,Hákon Valdimarsson,0.07600000000000007,0.0,28
142,Jason Steele,-0.07500000000000018,0.0,28
146,Bart Verbruggen,3.132999999999999,5.2,28
152,Kepa Arrizabalaga,2.7540000000000013,2.3,28
154,Lucas Bergström,0.41999999999999993,0.5,28
155,Marcus Bettinelli,0.33999999999999986,0.5,28
183,Đorđe Petrović,-0.020000000000000018,0.0,28
185,Robert Sánchez,1.056,2.7,28
201,Dean Henderson,3.246999999999999,5.0,28
204,Sam Johnstone,-0.13100000000000023,0.0,28
209,Remi Matthews,0.2959999999999998,0.0,28
227,João Neves Virgínia,0.18000000000000016,0.0,28
235,Jordan Pickford,3.0170000000000003,1.8,28
242,Steven Benda,-0.04499999999999993,0.0,28
248,Bernd Leno,2.694000000000001,2.0,28
280,Cieran Slicker,-0.09800000000000031,0.0,28
283,Christian Walton,-0.1120000000000001,0.0,28
293,Mads Hermansen,0.7740000000000005,3.0,28
294,Daniel Iversen,-0.05799999999999983,-0.5,28
304,Jakub Stolarczyk,0.81,-0.5,28
308,Danny Ward,-0.10299999999999976,-0.5,28
310,Alisson Ramses Becker,5.404000000000001,5.2,28
325,Caoimhin Kelleher,1.2429999999999994,1.5,28
344,Scott Carson,0.6460000000000004,0.0,28
347,Ederson Santana de Moraes,4.424999999999995,6.5,28
358,Stefan Ortega Moreno,0.5610000000000004,0.0,28
367,Altay Bayindir,-0.6499999999999999,0.0,28
374,Tom Heaton,-0.8049999999999999,0.0,28
383,André Onana,1.0619999999999998,2.3,28
396,Martin Dúbravka,0.5669999999999997,0.7,28
412,Odysseas Vlachodimos,0.10399999999999965,0.5,28
413,Nick Pope,1.6499999999999995,2.5,28
414,John Ruddy,0.5229999999999997,0.5,28
427,Carlos Miguel dos Santos Pereira,-0.15500000000000025,0.0,28
443,Matz Sels,3.184,4.2,28
445,Matt Turner,0.6479999999999997,0.0,28
454,Gavin Bazunu,-0.20900000000000007,0.0,28
465,Mateusz Lis,-0.20100000000000007,0.0,28
466,Joe Lumley,-0.913,-1.5,28
469,Alex McCarthy,-0.7890000000000001,-1.5,28
479,Brandon Austin,0.49099999999999966,-0.5,28
488,Fraser Forster,0.33000000000000007,-0.5,28
508,Guglielmo Vicario,3.3419999999999996,4.0,28
510,Alfie Whiteman,0.16999999999999993,-0.5,28
513,Alphonse Areola,2.3560000000000008,4.0,28
521,Łukasz Fabiański,0.2809999999999997,-0.5,28
522,Wes Foderingham,-0.14500000000000002,-0.5,28
536,Daniel Bentley,-0.09299999999999997,0.0,28
554,José Malheiro de Sá,3.468,3.8,28
556,Tom King,0.15799999999999947,0.0,28
568,Arijanet Muric,0.03600000000000003,0.0,28
581,Filip Jørgensen,3.5349999999999993,3.0,28
599,Will Dennis,-0.12400000000000011,0.5,28
615,Carl Rushworth,0.23900000000000032,0.0,28
624,Asmir Begovic,0.06300000000000017,0.0,28
639,Tommy Setford,0.552,0.5,28
641,Oliwier Zych,0.1349999999999998,0.0,28
660,Vítezslav Jaros,1.0589999999999993,1.5,28
668,Killian Cahill,0.10099999999999953,0.0,28
669,Harvey Davies,1.0319999999999991,1.5,28
704,Spike Brits,0.6140000000000003,0.0,28
716,Antonín Kinsky,1.5429999999999984,-0.5,28
721,Wayne Hennessey,-0.246,0.0,28
727,Callan McKenna,0.05500000000000016,0.5,28
756,Jack Porter,0.7000000000000006,0.5,28
759,Julian Eyestone,0.08499999999999996,0.0,28
761,Elyh Harrison,-0.30200000000000005,-0.5,28
764,Alex Palmer,1.888,2.2,28
783,Hubert Graczyk,-0.21300000000000008,-0.5,28
788,Dermot Mee,0.4480000000000022,0.8,28
5,Karl Hein,0.6560000000000001,0.0,29
14,Aaron Ramsdale,2.1850000000000014,1.0,29
15,David Raya Martin,3.729000000000002,4.2,29
73,Norberto Murara Neto,0.46199999999999974,0.0,29
75,Alex Paulsen,0.015000000000000124,0.0,29
84,Mark Travers,0.09299999999999997,0.0,29
91,Mark Flekken,3.998000000000001,2.5,29
109,Hákon Valdimarsson,-0.04000000000000048,-0.5,29
142,Jason Steele,-0.17000000000000037,0.0,29
146,Bart Verbruggen,2.0329999999999986,2.3,29
152,Kepa Arrizabalaga,3.449,1.7,29
154,Lucas Bergström,-0.371,0.0,29
155,Marcus Bettinelli,-0.29499999999999993,0.0,29
183,Đorđe Petrović,-0.14500000000000002,0.0,29
185,Robert Sánchez,1.3590000000000009,3.0,29
204,Sam Johnstone,0.3660000000000001,0.5,29
227,João Neves Virgínia,0.23099999999999987,0.0,29
235,Jordan Pickford,3.3,2.3,29
242,Steven Benda,0.07399999999999984,0.0,29
248,Bernd Leno,2.115,4.8,29
280,Cieran Slicker,-0.28500000000000014,-0.5,29
283,Christian Walton,-0.2560000000000002,-0.5,29
293,Mads Hermansen,1.4410000000000007,4.0,29
294,Daniel Iversen,-0.2110000000000003,0.0,29
304,Jakub Stolarczyk,0.2549999999999999,0.0,29
308,Danny Ward,-0.19200000000000061,0.0,29
344,Scott Carson,0.5369999999999999,0.5,29
347,Ederson Santana de Moraes,3.9360000000000017,4.3,29
358,Stefan Ortega Moreno,0.589,0.7,29
367,Altay Bayindir,0.2400000000000002,0.0,29
374,Tom Heaton,0.45899999999999963,0.0,29
383,André Onana,3.541999999999999,3.7,29
427,Carlos Miguel dos Santos Pereira,-0.03500000000000014,0.1,29
443,Matz Sels,5.536000000000003,4.3,29
454,Gavin Bazunu,0.016999999999999904,0.0,29
465,Mateusz Lis,0.020999999999999908,0.0,29
466,Joe Lumley,-0.13900000000000023,-0.5,29
469,Alex McCarthy,-0.014000000000000234,-0.5,29
479,Brandon Austin,0.4079999999999995,0.0,29
488,Fraser Forster,0.3229999999999995,0.0,29
508,Guglielmo Vicario,2.8930000000000007,2.5,29
510,Alfie Whiteman,0.26200000000000045,0.0,29
513,Alphonse Areola,3.3150000000000004,4.5,29
521,Łukasz Fabiański,0.20799999999999885,0.0,29
522,Wes Foderingham,0.24999999999999956,0.0,29
536,Daniel Bentley,0.238,0.5,29
554,José Malheiro de Sá,4.012999999999998,4.5,29
556,Tom King,0.23899999999999988,0.5,29
568,Arijanet Muric,-0.1389999999999998,0.0,29
581,Filip Jørgensen,-0.2679999999999998,2.0,29
599,Will Dennis,0.29499999999999993,0.5,29
615,Carl Rushworth,-0.41800000000000015,-0.5,29
624,Asmir Begovic,0.058000000000000274,0.0,29
639,Tommy Setford,0.3620000000000001,0.0,29
668,Killian Cahill,-0.4980000000000002,-0.5,29
704,Spike Brits,0.16500000000000004,0.5,29
716,Antonín Kinsky,0.21700000000000008,0.0,29
721,Wayne Hennessey,0.16000000000000014,0.5,29
727,Callan McKenna,0.09299999999999997,0.5,29
756,Jack Porter,0.6609999999999996,0.0,29
759,Julian Eyestone,0.0860000000000003,-0.5,29
761,Elyh Harrison,0.3080000000000003,0.0,29
764,Alex Palmer,1.8759999999999977,0.7,29
783,Hubert Graczyk,0.08300000000000018,0.0,29
788,Dermot Mee,0.19799999999999995,0.0,29
5,Karl Hein,0.6489910642619634,0.0,30
14,Aaron Ramsdale,1.4815099788770474,1.2,30
15,David Raya Martin,5.675455911327239,4.2,30
39,Joe Gauci,0.31788445785333064,0.0,30
46,Filip Marschall,0.10913541152021589,0.0,30
47,Emiliano Martínez Romero,3.902481249006982,3.0,30
51,Robin Olsen,1.3972375145255684,3.5,30
55,Viljami Sinisalo,0.11191318929799365,0.0,30
73,Norberto Murara Neto,0.9754854120982213,0.5,30
75,Alex Paulsen,0.28042859006461907,0.0,30
84,Mark Travers,0.40970503851631346,0.0,30
91,Mark Flekken,4.1446915869624235,1.8,30
109,Hákon Valdimarsson,0.21143846505566044,-0.5,30
142,Jason Steele,0.15486064090230656,0.0,30
146,Bart Verbruggen,3.322831442069189,1.0,30
152,Kepa Arrizabalaga,3.495883498718058,1.5,30
154,Lucas Bergström,0.3019184528138603,0.5,30
155,Marcus Bettinelli,0.3482033392237467,0.5,30
183,Đorđe Petrović,0.16095751764336752,0.0,30
185,Robert Sánchez,2.8776074715814177,6.5,30
201,Dean Henderson,4.5236250535049525,6.5,30
204,Sam Johnstone,-0.03205114810752052,0.0,30
209,Remi Matthews,0.3083651017192697,0.5,30
227,João Neves Virgínia,-0.6850755699265765,-1.0,30
235,Jordan Pickford,2.941311369957204,1.7,30
242,Steven Benda,-0.7084900289525287,-0.5,30
248,Bernd Leno,2.7161171128254464,4.8,30
280,Cieran Slicker,-0.06022994579857244,-0.5,30
283,Christian Walton,-0.1149684473569268,-0.5,30
293,Mads Hermansen,1.477208016520517,3.8,30
294,Daniel Iversen,-0.33650873776731594,-0.5,30
304,Jakub Stolarczyk,0.02306826639753501,-0.5,30
308,Danny Ward,-0.22197388164667586,-0.5,30
310,Alisson Ramses Becker,3.7468406584791394,1.9,30
325,Caoimhin Kelleher,1.1400392556789622,4.0,30
344,Scott Carson,0.7372736155218109,0.5,30
347,Ederson Santana de Moraes,4.0835360120305255,3.5,30
358,Stefan Ortega Moreno,2.379386627125599,0.8,30
367,Altay Bayindir,0.05921862428602598,-0.5,30
374,Tom Heaton,0.05474156313004386,-0.5,30
383,André Onana,3.3622142017387118,3.5,30
396,Martin Dúbravka,1.0136019817147277,0.5,30
412,Odysseas Vlachodimos,0.11452000305431653,0.5,30
413,Nick Pope,3.491546423755982,4.5,30
414,John Ruddy,0.17437906247710178,0.5,30
427,Carlos Miguel dos Santos Pereira,0.12986916123999537,0.5,30
443,Matz Sels,3.264057838873563,6.2,30
445,Matt Turner,0.6426296968735685,0.5,30
454,Gavin Bazunu,-0.03601798111111787,0.0,30
465,Mateusz Lis,-0.044073471825922805,0.0,30
466,Joe Lumley,-0.16954358858280427,-0.5,30
469,Alex McCarthy,-0.22001792991866598,-0.5,30
479,Brandon Austin,-0.0721371530253756,-0.5,30
488,Fraser Forster,-0.0014333714674275022,-0.5,30
508,Guglielmo Vicario,2.8918922869976775,1.8,30
510,Alfie Whiteman,-0.02988777353728489,-0.5,30
513,Alphonse Areola,4.328913470743128,2.7,30
521,Łukasz Fabiański,0.6211177973261304,0.0,30
522,Wes Foderingham,0.15342124251928269,0.0,30
536,Daniel Bentley,0.04113291510595385,0.0,30
554,José Malheiro de Sá,3.453216875535504,3.3,30
556,Tom King,0.0569964649547976,0.0,30
568,Arijanet Muric,0.22444919749821723,-0.5,30
581,Filip Jørgensen,0.9215301326759682,0.5,30
599,Will Dennis,0.5602889228600012,0.5,30
615,Carl Rushworth,0.20742276799997494,0.0,30
624,Asmir Begovic,-0.7709998431841829,-1.0,30
639,Tommy Setford,0.682936733822403,0.5,30
641,Oliwier Zych,0.1840247436749891,0.0,30
660,Vítezslav Jaros,0.9443521591311463,1.0,30
668,Killian Cahill,0.184298148792021,0.0,30
669,Harvey Davies,0.9416605228014552,1.0,30
704,Spike Brits,0.6792237439394291,0.5,30
716,Antonín Kinsky,0.04776489156745889,-0.5,30
721,Wayne Hennessey,0.2036786593036597,0.5,30
727,Callan McKenna,0.4180600980809315,0.5,30
756,Jack Porter,0.7773551210046303,0.5,30
759,Julian Eyestone,-0.017005034680279696,-0.5,30
761,Elyh Harrison,0.08752510683760706,-0.5,30
764,Alex Palmer,1.606630207755206,1.5,30
783,Hubert Graczyk,0.08982445563695585,-0.5,30
788,Dermot Mee,0.05199390501473866,-0.5,30
5,Karl Hein,0.09800000000000031,0.0,31
14,Aaron Ramsdale,1.1159999999999997,1.2,31
15,David Raya Martin,5.018,3.8,31
39,Joe Gauci,-0.0040000000000000036,0.0,31
46,Filip Marschall,-0.004999999999999893,0.0,31
47,Emiliano Martínez Romero,4.6519999999999975,3.0,31
51,Robin Olsen,0.6299999999999999,-0.5,31
55,Viljami Sinisalo,-0.004999999999999893,0.0,31
73,Norberto Murara Neto,0.6800000000000006,0.5,31
75,Alex Paulsen,0.009999999999999787,0.0,31
84,Mark Travers,0.0519999999999996,0.0,31
91,Mark Flekken,2.308,4.2,31
109,Hákon Valdimarsson,-0.16800000000000015,-0.5,31
142,Jason Steele,-0.018000000000000238,0.0,31
146,Bart Verbruggen,2.211000000000002,0.7,31
152,Kepa Arrizabalaga,1.0280000000000005,1.5,31
154,Lucas Bergström,0.6319999999999997,0.5,31
155,Marcus Bettinelli,0.5219999999999998,0.5,31
183,Đorđe Petrović,0.052000000000000046,0.0,31
185,Robert Sánchez,3.820000000000001,5.5,31
201,Dean Henderson,3.718,2.5,31
204,Sam Johnstone,0.2799999999999998,0.0,31
209,Remi Matthews,0.06499999999999995,0.0,31
227,João Neves Virgínia,-0.71,-0.5,31
235,Jordan Pickford,1.8989999999999991,2.5,31
242,Steven Benda,-0.76,-1.0,31
248,Bernd Leno,1.939,4.3,31
280,Cieran Slicker,-0.0950000000000002,0.0,31
283,Christian Walton,-0.1900000000000004,0.0,31
293,Mads Hermansen,1.8650000000000002,0.8,31
294,Daniel Iversen,-0.26500000000000057,-0.5,31
304,Jakub Stolarczyk,-0.1720000000000006,-0.5,31
308,Danny Ward,-0.25300000000000056,-0.5,31
310,Alisson Ramses Becker,2.089999999999999,0.8,31
325,Caoimhin Kelleher,1.6979999999999986,5.0,31
344,Scott Carson,0.3969999999999998,0.5,31
347,Ederson Santana de Moraes,3.445000000000001,4.5,31
358,Stefan Ortega Moreno,1.1390000000000002,0.8,31
367,Altay Bayindir,-0.2230000000000003,-0.5,31
374,Tom Heaton,-0.3450000000000002,-0.5,31
383,André Onana,2.4490000000000007,6.2,31
396,Martin Dúbravka,0.17099999999999982,0.5,31
412,Odysseas Vlachodimos,0.02499999999999991,0.5,31
413,Nick Pope,3.879999999999998,4.5,31
414,John Ruddy,0.22699999999999987,0.5,31
427,Carlos Miguel dos Santos Pereira,-0.18100000000000005,0.5,31
443,Matz Sels,4.367999999999998,4.5,31
445,Matt Turner,0.03299999999999992,0.0,31
454,Gavin Bazunu,-0.01200000000000001,0.0,31
465,Mateusz Lis,0.001000000000000334,0.0,31
466,Joe Lumley,-0.12300000000000022,-0.5,31
469,Alex McCarthy,-0.18400000000000016,-0.5,31
479,Brandon Austin,0.6949999999999998,0.5,31
488,Fraser Forster,0.6919999999999997,0.5,31
508,Guglielmo Vicario,3.3980000000000006,2.8,31
510,Alfie Whiteman,1.0659999999999998,0.5,31
513,Alphonse Areola,3.9830000000000014,1.8,31
521,Łukasz Fabiański,0.15600000000000014,-0.5,31
522,Wes Foderingham,-0.051000000000000156,-0.5,31
536,Daniel Bentley,0.016999999999999904,0.0,31
554,José Malheiro de Sá,2.9989999999999997,3.0,31
556,Tom King,0.06499999999999995,0.0,31
568,Arijanet Muric,-0.0860000000000003,0.0,31
581,Filip Jørgensen,0.5289999999999999,0.5,31
599,Will Dennis,0.09200000000000008,0.5,31
615,Carl Rushworth,0.125,0.0,31
624,Asmir Begovic,-0.575,-0.5,31
639,Tommy Setford,0.8579999999999997,0.5,31
641,Oliwier Zych,-0.014000000000000234,-0.5,31
660,Vítezslav Jaros,0.7969999999999997,1.0,31
668,Killian Cahill,0.01200000000000001,0.0,31
669,Harvey Davies,0.7589999999999999,1.0,31
704,Spike Brits,0.3209999999999993,0.5,31
716,Antonín Kinsky,0.7289999999999996,0.5,31
721,Wayne Hennessey,-0.14100000000000001,0.5,31
727,Callan McKenna,0.05500000000000016,0.5,31
756,Jack Porter,0.7469999999999999,0.5,31
759,Julian Eyestone,0.2869999999999995,-0.5,31
761,Elyh Harrison,-0.19300000000000006,-0.5,31
764,Alex Palmer,1.748000000000001,1.3,31
783,Hubert Graczyk,-0.14500000000000002,-0.5,31
788,Dermot Mee,-0.20500000000000007,-0.5,31
5,Karl Hein,0.0950000000000002,5.0,32
14,Aaron Ramsdale,1.347,0.0,32
15,David Raya Martin,4.783000000000004,1.0,32
39,Joe Gauci,0.08499999999999996,0.5,32
46,Filip Marschall,0.08999999999999986,0.0,32
47,Emiliano Martínez Romero,4.331999999999997,5.5,32
51,Robin Olsen,0.7520000000000011,0.0,32
55,Viljami Sinisalo,0.08999999999999986,2.5,32
73,Norberto Murara Neto,0.617,-0.5,32
75,Alex Paulsen,-0.015000000000000124,-1.0,32
84,Mark Travers,0.011999999999999122,1.0,32
91,Mark Flekken,2.2479999999999976,0.0,32
109,Hákon Valdimarsson,-0.673,0.0,32
142,Jason Steele,0.32200000000000006,0.0,32
146,Bart Verbruggen,2.5569999999999995,0.0,32
152,Kepa Arrizabalaga,2.3680000000000003,1.5,32
154,Lucas Bergström,0.7060000000000004,0.0,32
155,Marcus Bettinelli,0.6860000000000004,0.0,32
183,Đorđe Petrović,0.02499999999999991,-0.5,32
185,Robert Sánchez,4.068999999999999,-0.5,32
201,Dean Henderson,3.374000000000003,0.0,32
204,Sam Johnstone,-0.07200000000000006,0.0,32
209,Remi Matthews,-0.3080000000000003,0.0,32
227,João Neves Virgínia,-0.0950000000000002,0.0,32
235,Jordan Pickford,2.4239999999999986,3.0,32
242,Steven Benda,0.1299999999999999,6.0,32
248,Bernd Leno,2.7350000000000003,0.0,32
280,Cieran Slicker,-0.43999999999999995,0.0,32
283,Christian Walton,-0.19499999999999984,12.0,32
293,Mads Hermansen,1.745,5.0,32
294,Daniel Iversen,-0.20100000000000007,0.0,32
304,Jakub Stolarczyk,0.028000000000000025,1.0,32
308,Danny Ward,-0.23100000000000032,0.0,32
310,Alisson Ramses Becker,2.1629999999999985,1.0,32
325,Caoimhin Kelleher,1.4130000000000011,0.5,32
344,Scott Carson,0.29499999999999993,5.2,32
347,Ederson Santana de Moraes,4.050999999999998,0.4,32
358,Stefan Ortega Moreno,1.330999999999999,1.0,32
367,Altay Bayindir,-0.16800000000000015,6.0,32
374,Tom Heaton,-0.23099999999999987,3.5,32
383,André Onana,2.926,0.0,32
396,Martin Dúbravka,0.12699999999999978,1.0,32
412,Odysseas Vlachodimos,0.02499999999999991,0.0,32
413,Nick Pope,5.020000000000001,0.0,32
414,John Ruddy,0.31800000000000006,1.0,32
427,Carlos Miguel dos Santos Pereira,0.18500000000000005,0.0,32
443,Matz Sels,3.8449999999999998,2.0,32
445,Matt Turner,-0.49100000000000055,0.0,32
454,Gavin Bazunu,-0.004999999999999893,0.0,32
465,Mateusz Lis,0.004999999999999893,0.0,32
466,Joe Lumley,-0.40600000000000014,0.5,32
469,Alex McCarthy,-0.41300000000000026,0.0,32
479,Brandon Austin,0.3639999999999999,0.0,32
488,Fraser Forster,0.30299999999999994,0.0,32
508,Guglielmo Vicario,2.632999999999999,13.0,32
510,Alfie Whiteman,0.4219999999999997,0.0,32
513,Alphonse Areola,2.2619999999999987,0.0,32
521,Łukasz Fabiański,-0.6100000000000001,4.0,32
522,Wes Foderingham,-0.23099999999999987,1.0,32
536,Daniel Bentley,-0.15100000000000025,0.0,32
554,José Malheiro de Sá,2.4460000000000015,0.0,32
556,Tom King,-0.09099999999999975,0.0,32
568,Arijanet Muric,-0.09600000000000009,1.0,32
581,Filip Jørgensen,0.565,0.0,32
599,Will Dennis,-0.06499999999999995,0.0,32
615,Carl Rushworth,0.41299999999999937,1.5,32
624,Asmir Begovic,-0.10400000000000009,8.5,32
639,Tommy Setford,0.8599999999999994,0.0,32
641,Oliwier Zych,0.6590000000000003,0.0,32
660,Vítezslav Jaros,0.8280000000000003,0.0,32
668,Killian Cahill,0.3689999999999998,4.5,32
669,Harvey Davies,0.8450000000000002,1.0,32
704,Spike Brits,0.056999999999999496,0.0,32
716,Antonín Kinsky,0.20399999999999974,0.0,32
721,Wayne Hennessey,0.2230000000000003,-1.0,32
727,Callan McKenna,0.009999999999999787,0.5,32
756,Jack Porter,0.6790000000000003,-1.0,32
759,Julian Eyestone,-0.22999999999999998,1.0,32
761,Elyh Harrison,-0.11099999999999977,0.5,32
764,Alex Palmer,1.868999999999998,0.0,32
783,Hubert Graczyk,-0.07799999999999985,4.5,32
788,Dermot Mee,-0.07099999999999973,0.5,32
5,Karl Hein,0.7848919659021614,0.0,33
14,Aaron Ramsdale,2.0646220727148066,5.3,33
15,David Raya Martin,3.997231078859718,7.7,33
39,Joe Gauci,0.09468357085005197,0.0,33
46,Filip Marschall,0.22639033941828268,0.0,33
47,Emiliano Martínez Romero,4.552379439359459,5.8,33
51,Robin Olsen,0.26381316496083773,-1.0,33
55,Viljami Sinisalo,0.34199393966779956,0.0,33
73,Norberto Murara Neto,0.602913843581141,2.5,33
75,Alex Paulsen,0.11139392568058204,0.0,33
84,Mark Travers,0.16204362526945904,0.0,33
91,Mark Flekken,3.144012057133918,3.5,33
109,Hákon Valdimarsson,0.11399516837969159,0.0,33
142,Jason Steele,0.09660377620900418,0.0,33
146,Bart Verbruggen,1.7410131392399473,1.2,33
152,Kepa Arrizabalaga,2.9650253912170976,4.8,33
154,Lucas Bergström,0.23825916983537754,0.0,33
155,Marcus Bettinelli,0.20489265027093762,0.0,33
183,Đorđe Petrović,0.13114699568367127,0.0,33
185,Robert Sánchez,2.952602814353514,3.8,33
201,Dean Henderson,2.921977995314827,4.6,33
204,Sam Johnstone,-0.013407768457200486,0.0,33
209,Remi Matthews,0.11565955644819725,-1.0,33
227,João Neves Virgínia,-0.1744320277743414,-0.5,33
235,Jordan Pickford,2.694575081537737,3.5,33
242,Steven Benda,0.15775050506949606,0.0,33
248,Bernd Leno,1.9612008013214481,1.8,33
280,Cieran Slicker,-0.4302634117792863,-1.5,33
283,Christian Walton,-0.04433700869822399,-1.5,33
293,Mads Hermansen,1.587758371816868,0.5,33
294,Daniel Iversen,-0.5349611374046084,-1.5,33
304,Jakub Stolarczyk,-0.22083281471574745,-1.5,33
308,Danny Ward,-0.4926590031155915,-1.5,33
310,Alisson Ramses Becker,3.844641310105362,3.7,33
325,Caoimhin Kelleher,0.7925827627453597,3.5,33
344,Scott Carson,0.3890975704037216,1.0,33
347,Ederson Santana de Moraes,3.492311414799852,1.9,33
358,Stefan Ortega Moreno,2.543411334007125,4.6,33
367,Altay Bayindir,0.9605257716453481,0.0,33
374,Tom Heaton,0.16375430186284312,0.0,33
383,André Onana,1.9014064601116054,3.8,33
396,Martin Dúbravka,0.12793175765694853,0.5,33
412,Odysseas Vlachodimos,0.09585313675019069,0.5,33
413,Nick Pope,2.7575402282021395,5.5,33
414,John Ruddy,0.12282475922017078,0.5,33
427,Carlos Miguel dos Santos Pereira,0.23471039389450432,0.5,33
443,Matz Sels,3.153580671633976,4.5,33
445,Matt Turner,0.06379116862294643,-1.0,33
454,Gavin Bazunu,-0.049770937310047,0.0,33
465,Mateusz Lis,-0.04364483876463732,0.0,33
466,Joe Lumley,-0.06157038454273289,-0.5,33
469,Alex McCarthy,-0.09015719859554983,-0.5,33
479,Brandon Austin,0.1326449085258905,-0.5,33
488,Fraser Forster,0.1024327544827437,-0.5,33
508,Guglielmo Vicario,2.055191659494457,1.3,33
510,Alfie Whiteman,0.046737459942577164,-0.5,33
513,Alphonse Areola,3.085933394957376,2.7,33
521,Łukasz Fabiański,0.6460531751919758,0.5,33
522,Wes Foderingham,0.45890181739616054,0.5,33
536,Daniel Bentley,-0.04236661376508044,1.8,33
554,José Malheiro de Sá,2.1831397041701255,2.0,33
556,Tom King,-0.03404922880590311,0.0,33
568,Arijanet Muric,-0.001755091126661057,0.0,33
581,Filip Jørgensen,0.2192721657512302,0.0,33
599,Will Dennis,0.17347805316403608,0.0,33
615,Carl Rushworth,0.18602875685953313,0.0,33
624,Asmir Begovic,-0.10905109558223902,-0.5,33
639,Tommy Setford,0.5849049875744075,2.5,33
641,Oliwier Zych,0.08518334906769631,-1.0,33
660,Vítezslav Jaros,0.5049007773842789,1.5,33
668,Killian Cahill,0.124203574766649,0.0,33
669,Harvey Davies,0.6187072656825903,1.5,33
704,Spike Brits,0.35822684258265935,1.0,33
716,Antonín Kinsky,0.11849342487391423,-0.5,33
721,Wayne Hennessey,0.3375331249154514,0.5,33
727,Callan McKenna,0.15691965525020146,0.0,33
756,Jack Porter,0.6921574722917159,2.5,33
759,Julian Eyestone,0.15126653085701536,0.0,33
761,Elyh Harrison,0.11393479415547558,0.0,33
764,Alex Palmer,1.672615929098523,0.3,33
783,Hubert Graczyk,0.10766368580889552,0.0,33
788,Dermot Mee,0.1063184127786716,0.0,33
14,Aaron Ramsdale,2.6913338353419016,0.0,34
75,Alex Paulsen,0.11094455050077823,0.0,34
84,Mark Travers,0.17275158195383478,0.0,34
91,Mark Flekken,2.9411590772746017,0.0,34
109,Hákon Valdimarsson,0.07527807641124706,0.0,34
142,Jason Steele,0.15158352455243174,0.0,34
146,Bart Verbruggen,2.335450608250409,0.0,34
152,Kepa Arrizabalaga,4.224261288412252,0.0,34
154,Lucas Bergström,0.15338598119031888,0.0,34
155,Marcus Bettinelli,0.13826156741730156,0.0,34
183,Đorđe Petrović,0.1081497045011961,0.0,34
185,Robert Sánchez,3.3617975405060836,0.0,34
204,Sam Johnstone,0.21381925518135603,0.0,34
227,João Neves Virgínia,-0.14435154422002805,0.0,34
235,Jordan Pickford,3.629650162085488,0.0,34
242,Steven Benda,0.5142865117300661,7.7,34
248,Bernd Leno,3.6565677964964864,0.0,34
280,Cieran Slicker,-0.15807799749446616,0.0,34
283,Christian Walton,0.06513207020587641,4.5,34
293,Mads Hermansen,1.8984741126961806,2.0,34
294,Daniel Iversen,0.06962474508299543,0.0,34
304,Jakub Stolarczyk,0.22129470555271746,0.7,34
308,Danny Ward,0.0489994208942921,0.0,34
310,Alisson Ramses Becker,4.568768400792953,1.3,34
325,Caoimhin Kelleher,0.720793078058731,2.3,34
367,Altay Bayindir,0.4050608601023882,0.0,34
374,Tom Heaton,0.166681945621308,5.2,34
383,André Onana,1.7309796659566725,0.0,34
396,Martin Dúbravka,0.7015673581042061,0.8,34
412,Odysseas Vlachodimos,0.4362561009790409,0.0,34
413,Nick Pope,3.7830802266378347,0.0,34
414,John Ruddy,0.4405556235501633,0.0,34
427,Carlos Miguel dos Santos Pereira,0.23140280569017646,0.0,34
443,Matz Sels,4.115920380299714,5.8,34
454,Gavin Bazunu,-0.04751540669172716,0.0,34
465,Mateusz Lis,-0.04215328308862798,0.0,34
466,Joe Lumley,-0.03522202695222543,0.8,34
469,Alex McCarthy,-0.07022814723907045,-0.3,34
479,Brandon Austin,-0.2404395239005339,0.0,34
488,Fraser Forster,-0.18910480602655166,0.0,34
508,Guglielmo Vicario,1.3202077379159851,6.0,34
510,Alfie Whiteman,-0.33265865953941987,0.7,34
513,Alphonse Areola,2.181920252071084,0.0,34
521,Łukasz Fabiański,0.30132107507406136,3.0,34
522,Wes Foderingham,0.12997101190089744,1.7,34
536,Daniel Bentley,2.2462127161311827,0.0,34
554,José Malheiro de Sá,3.6110649073581307,0.0,34
556,Tom King,0.17020038606483512,0.0,34
568,Arijanet Muric,0.08775031257823018,6.8,34
581,Filip Jørgensen,0.16902704762517784,0.5,34
599,Will Dennis,0.12665725869903532,0.0,34
615,Carl Rushworth,0.19931770537300064,2.7,34
624,Asmir Begovic,-0.08943047306725393,8.7,34
660,Vítezslav Jaros,0.47365382625780983,0.0,34
668,Killian Cahill,0.1295437213966717,2.7,34
669,Harvey Davies,0.5385629501045299,0.3,34
716,Antonín Kinsky,-0.14423868227388104,0.0,34
721,Wayne Hennessey,0.21956705497706563,0.0,34
727,Callan McKenna,0.13294103490194464,1.7,34
759,Julian Eyestone,0.1158838057360474,1.0,34
761,Elyh Harrison,0.14237127288139195,0.0,34
764,Alex Palmer,1.5688561757391568,0.0,34
783,Hubert Graczyk,0.13599839906639843,0.0,34
788,Dermot Mee,0.26901603382194006,0.5,34
5,Karl Hein,1.8579999999999988,0.0,35
14,Aaron Ramsdale,2.4640000000000004,5.5,35
15,David Raya Martin,2.884999999999999,3.5,35
39,Joe Gauci,0.17799999999999994,0.0,35
46,Filip Marschall,0.10000000000000009,0.0,35
47,Emiliano Martínez Romero,2.9850000000000003,4.8,35
51,Robin Olsen,0.5039999999999996,0.0,35
55,Viljami Sinisalo,0.0950000000000002,0.0,35
73,Norberto Murara Neto,1.2429999999999994,0.0,35
75,Alex Paulsen,0.2160000000000002,0.0,35
84,Mark Travers,0.17300000000000004,0.0,35
91,Mark Flekken,4.411999999999997,4.2,35
109,Hákon Valdimarsson,0.19599999999999973,0.0,35
142,Jason Steele,-0.04499999999999993,-0.5,35
146,Bart Verbruggen,1.5600000000000005,1.3,35
152,Kepa Arrizabalaga,2.1879999999999997,4.8,35
154,Lucas Bergström,-0.30799999999999983,-1.0,35
155,Marcus Bettinelli,-0.266,-1.0,35
183,Đorđe Petrović,-0.041999999999999815,0.0,35
185,Robert Sánchez,2.155000000000002,1.9,35
201,Dean Henderson,2.5040000000000013,2.5,35
204,Sam Johnstone,-0.2889999999999997,-0.1,35
209,Remi Matthews,1.953999999999998,-0.5,35
227,João Neves Virgínia,0.782,0.5,35
235,Jordan Pickford,5.330999999999998,4.5,35
242,Steven Benda,1.2119999999999993,0.0,35
248,Bernd Leno,2.570000000000001,2.0,35
280,Cieran Slicker,0.2859999999999996,-0.5,35
283,Christian Walton,1.4509999999999987,-0.5,35
293,Mads Hermansen,1.4780000000000006,0.0,35
294,Daniel Iversen,0.8099999999999996,0.0,35
304,Jakub Stolarczyk,0.39299999999999935,1.5,35
308,Danny Ward,0.2370000000000001,0.0,35
310,Alisson Ramses Becker,2.6910000000000016,4.2,35
325,Caoimhin Kelleher,1.0010000000000008,1.0,35
344,Scott Carson,0.7430000000000003,0.5,35
347,Ederson Santana de Moraes,3.037000000000001,3.0,35
358,Stefan Ortega Moreno,2.0059999999999993,2.7,35
367,Altay Bayindir,0.19899999999999984,0.2,35
374,Tom Heaton,0.8769999999999989,0.0,35
383,André Onana,1.8489999999999984,1.0,35
396,Martin Dúbravka,0.10799999999999965,0.5,35
412,Odysseas Vlachodimos,0.02499999999999991,0.5,35
413,Nick Pope,3.1010000000000018,5.5,35
414,John Ruddy,1.0389999999999993,0.5,35
427,Carlos Miguel dos Santos Pereira,0.3259999999999996,0.5,35
443,Matz Sels,3.0680000000000005,2.3,35
445,Matt Turner,1.1599999999999988,0.0,35
454,Gavin Bazunu,-0.02400000000000002,0.0,35
465,Mateusz Lis,-0.016000000000000014,0.0,35
466,Joe Lumley,-0.020000000000000018,0.0,35
469,Alex McCarthy,-0.06600000000000028,0.0,35
479,Brandon Austin,0.2549999999999999,0.0,35
488,Fraser Forster,0.32299999999999995,0.0,35
508,Guglielmo Vicario,2.6820000000000013,0.8,35
510,Alfie Whiteman,0.4379999999999997,0.0,35
513,Alphonse Areola,1.7626666666666662,2.5,35
521,Łukasz Fabiański,0.3689999999999998,0.0,35
522,Wes Foderingham,0.27799999999999914,0.0,35
536,Daniel Bentley,-0.038000000000000256,1.3,35
554,José Malheiro de Sá,1.995000000000001,3.3,35
556,Tom King,-0.3989999999999996,-0.5,35
568,Arijanet Muric,1.9969999999999999,0.0,35
581,Filip Jørgensen,-0.3929999999999998,-1.0,35
599,Will Dennis,-0.2909999999999999,-1.0,35
615,Carl Rushworth,0.04800000000000004,-0.5,35
624,Asmir Begovic,0.19199999999999973,0.5,35
639,Tommy Setford,1.130999999999999,1.0,35
641,Oliwier Zych,0.3610000000000002,0.0,35
660,Vítezslav Jaros,0.1889999999999996,1.0,35
668,Killian Cahill,-0.17600000000000016,-0.5,35
669,Harvey Davies,0.15799999999999947,1.0,35
704,Spike Brits,0.6840000000000002,0.5,35
716,Antonín Kinsky,0.30100000000000016,0.0,35
721,Wayne Hennessey,0.2230000000000003,0.5,35
727,Callan McKenna,-0.35299999999999976,-1.0,35
756,Jack Porter,1.0009999999999994,1.0,35
759,Julian Eyestone,0.04499999999999993,0.0,35
761,Elyh Harrison,0.03100000000000014,0.0,35
764,Alex Palmer,1.551000000000002,0.7,35
783,Hubert Graczyk,0.020999999999999908,0.0,35
788,Dermot Mee,0.03600000000000003,0.0,35
5,Karl Hein,0.043999999999999595,0.0,36
14,Aaron Ramsdale,1.1890000000000005,3.0,36
15,David Raya Martin,2.1060000000000016,2.5,36
39,Joe Gauci,0.12899999999999956,0.0,36
46,Filip Marschall,0.37600000000000033,0.0,36
47,Emiliano Martínez Romero,4.290000000000003,5.2,36
51,Robin Olsen,0.25399999999999956,0.0,36
55,Viljami Sinisalo,0.37600000000000033,0.0,36
73,Norberto Murara Neto,-0.018000000000000238,0.0,36
75,Alex Paulsen,0.39599999999999946,0.0,36
84,Mark Travers,0.4059999999999997,0.0,36
91,Mark Flekken,2.751999999999999,6.5,36
109,Hákon Valdimarsson,0.1499999999999999,0.5,36
142,Jason Steele,0.4119999999999999,0.0,36
146,Bart Verbruggen,2.1990000000000016,3.2,36
152,Kepa Arrizabalaga,3.0760000000000005,3.5,36
154,Lucas Bergström,0.8279999999999985,-0.5,36
155,Marcus Bettinelli,0.49999999999999956,-0.5,36
183,Đorđe Petrović,0.02499999999999991,0.0,36
185,Robert Sánchez,2.6110000000000007,3.3,36
201,Dean Henderson,2.8400000000000025,4.0,36
204,Sam Johnstone,-0.03299999999999992,0.0,36
209,Remi Matthews,0.11499999999999932,0.0,36
227,João Neves Virgínia,0.21499999999999986,0.0,36
235,Jordan Pickford,3.3310000000000004,2.5,36
242,Steven Benda,0.25399999999999956,0.0,36
248,Bernd Leno,2.609,2.0,36
280,Cieran Slicker,0.008000000000000007,-0.5,36
283,Christian Walton,0.2919999999999998,-0.5,36
293,Mads Hermansen,0.975000000000001,0.0,36
294,Daniel Iversen,0.7409999999999992,-1.0,36
304,Jakub Stolarczyk,1.9556666666666658,0.8,36
308,Danny Ward,0.6749999999999994,-1.0,36
310,Alisson Ramses Becker,3.1140000000000017,3.0,36
325,Caoimhin Kelleher,0.25,0.0,36
344,Scott Carson,1.7979999999999992,1.0,36
347,Ederson Santana de Moraes,4.295000000000003,4.0,36
358,Stefan Ortega Moreno,1.8079999999999998,3.0,36
367,Altay Bayindir,0.9313333333333333,0.5,36
374,Tom Heaton,0.6879999999999997,0.0,36
383,André Onana,0.8969999999999994,1.0,36
396,Martin Dúbravka,0.06300000000000017,0.5,36
412,Odysseas Vlachodimos,-0.001000000000000334,0.5,36
413,Nick Pope,3.1030000000000015,6.3,36
414,John Ruddy,0.18299999999999939,0.5,36
427,Carlos Miguel dos Santos Pereira,0.5860000000000007,1.0,36
443,Matz Sels,4.587999999999999,2.5,36
445,Matt Turner,0.06700000000000061,0.0,36
454,Gavin Bazunu,-0.13099999999999978,0.0,36
465,Mateusz Lis,-0.10499999999999954,0.0,36
466,Joe Lumley,-0.6139999999999999,-1.0,36
469,Alex McCarthy,-0.3429999999999995,-1.0,36
479,Brandon Austin,0.2979999999999996,0.0,36
488,Fraser Forster,0.11899999999999977,0.0,36
508,Guglielmo Vicario,3.649000000000001,0.8,36
510,Alfie Whiteman,0.3489999999999993,0.0,36
513,Alphonse Areola,1.4650000000000007,4.0,36
521,Łukasz Fabiański,0.3809999999999998,0.0,36
522,Wes Foderingham,0.3269999999999995,0.0,36
536,Daniel Bentley,0.06399999999999961,1.8,36
554,José Malheiro de Sá,2.602000000000001,3.8,36
556,Tom King,-0.1349999999999998,0.0,36
568,Arijanet Muric,0.7459999999999991,0.0,36
581,Filip Jørgensen,0.13600000000000012,-0.5,36
599,Will Dennis,0.4410000000000007,0.0,36
615,Carl Rushworth,0.6369999999999987,0.0,36
624,Asmir Begovic,0.9329999999999994,0.0,36
639,Tommy Setford,0.32600000000000007,0.0,36
641,Oliwier Zych,0.1280000000000001,0.0,36
660,Vítezslav Jaros,0.09899999999999975,0.0,36
668,Killian Cahill,0.11699999999999999,0.0,36
669,Harvey Davies,0.28600000000000003,0.0,36
704,Spike Brits,1.4820000000000007,1.0,36
716,Antonín Kinsky,0.16600000000000037,0.8,36
721,Wayne Hennessey,0.636000000000001,1.0,36
727,Callan McKenna,0.35499999999999954,0.0,36
756,Jack Porter,-0.09399999999999986,0.0,36
759,Julian Eyestone,0.21700000000000008,0.5,36
761,Elyh Harrison,0.21499999999999986,0.0,36
764,Alex Palmer,1.190999999999999,1.0,36
783,Hubert Graczyk,0.14000000000000012,0.0,36
788,Dermot Mee,0.21499999999999986,0.0,36
5,Karl Hein,0.03500000000000014,0.0,37
14,Aaron Ramsdale,2.2890000000000006,3.0,37
15,David Raya Martin,3.080000000000001,3.8,37
39,Joe Gauci,0.07100000000000017,0.0,37
46,Filip Marschall,0.06999999999999984,0.0,37
47,Emiliano Martínez Romero,4.6179999999999986,7.7,37
51,Robin Olsen,0.13100000000000023,0.0,37
55,Viljami Sinisalo,0.09299999999999997,0.0,37
73,Norberto Murara Neto,0.1379999999999999,0.5,37
75,Alex Paulsen,-0.0389999999999997,0.0,37
84,Mark Travers,0.0640000000000005,0.0,37
91,Mark Flekken,3.136000000000003,6.2,37
109,Hákon Valdimarsson,0.5239999999999991,0.0,37
142,Jason Steele,-0.5230000000000001,-1.0,37
146,Bart Verbruggen,1.5039999999999996,2.5,37
152,Kepa Arrizabalaga,2.621999999999999,1.7,37
154,Lucas Bergström,0.8379999999999992,0.0,37
155,Marcus Bettinelli,0.7509999999999994,0.0,37
183,Đorđe Petrović,0.08499999999999996,0.0,37
185,Robert Sánchez,3.0710000000000015,4.8,37
201,Dean Henderson,2.899000000000002,3.3,37
204,Sam Johnstone,-0.018000000000000238,0.0,37
209,Remi Matthews,0.8759999999999994,0.0,37
227,João Neves Virgínia,2.777999999999997,0.5,37
235,Jordan Pickford,3.940999999999999,4.3,37
242,Steven Benda,0.04099999999999948,0.0,37
248,Bernd Leno,2.1189999999999998,3.0,37
280,Cieran Slicker,-0.08399999999999963,0.0,37
283,Christian Walton,-0.004000000000000448,0.0,37
293,Mads Hermansen,0.6007499999999997,0.0,37
294,Daniel Iversen,0.48099999999999854,0.0,37
304,Jakub Stolarczyk,0.6821666666666668,3.2,37
308,Danny Ward,0.5099999999999989,0.0,37
310,Alisson Ramses Becker,3.1400000000000032,3.5,37
325,Caoimhin Kelleher,0.8250000000000002,1.0,37
344,Scott Carson,0.3730000000000002,0.5,37
347,Ederson Santana de Moraes,3.615000000000001,4.8,37
358,Stefan Ortega Moreno,0.7850000000000001,0.5,37
367,Altay Bayindir,1.6923333333333348,0.5,37
374,Tom Heaton,-0.20000000000000018,0.0,37
383,André Onana,0.0259999999999998,1.0,37
396,Martin Dúbravka,-0.3570000000000002,-0.5,37
412,Odysseas Vlachodimos,-0.16500000000000004,-0.5,37
413,Nick Pope,3.6729999999999983,4.0,37
414,John Ruddy,-0.43500000000000005,-0.5,37
427,Carlos Miguel dos Santos Pereira,-0.0129999999999999,0.5,37
443,Matz Sels,2.7300000000000004,2.3,37
445,Matt Turner,0.45799999999999974,0.0,37
454,Gavin Bazunu,-0.016999999999999904,0.0,37
465,Mateusz Lis,-0.016999999999999904,0.0,37
466,Joe Lumley,-0.19399999999999995,-0.5,37
469,Alex McCarthy,-0.08800000000000008,-0.5,37
479,Brandon Austin,0.2519999999999998,0.0,37
488,Fraser Forster,0.4249999999999998,0.0,37
508,Guglielmo Vicario,0.8570000000000011,0.5,37
510,Alfie Whiteman,0.16000000000000014,0.0,37
513,Alphonse Areola,2.7600000000000016,3.3,37
521,Łukasz Fabiański,0.01100000000000012,-0.5,37
522,Wes Foderingham,-0.001000000000000334,-0.5,37
536,Daniel Bentley,-0.10200000000000031,0.5,37
554,José Malheiro de Sá,1.1620000000000021,3.8,37
556,Tom King,-0.020999999999999908,0.0,37
568,Arijanet Muric,0.07099999999999973,0.0,37
581,Filip Jørgensen,0.12299999999999933,0.0,37
599,Will Dennis,-0.7149999999999996,-0.5,37
615,Carl Rushworth,-0.53,-1.0,37
624,Asmir Begovic,1.4409999999999998,0.5,37
639,Tommy Setford,0.1499999999999999,0.5,37
641,Oliwier Zych,0.06999999999999984,0.0,37
660,Vítezslav Jaros,0.6020000000000003,1.0,37
668,Killian Cahill,-0.31300000000000017,-1.0,37
669,Harvey Davies,0.8850000000000007,1.0,37
704,Spike Brits,0.125,0.5,37
716,Antonín Kinsky,1.7153333333333327,1.2,37
721,Wayne Hennessey,0.20199999999999996,0.5,37
727,Callan McKenna,0.04200000000000026,-0.5,37
756,Jack Porter,0.11500000000000021,0.5,37
759,Julian Eyestone,0.16500000000000004,0.0,37
761,Elyh Harrison,-0.052999999999999936,0.0,37
764,Alex Palmer,1.8200000000000003,1.5,37
783,Hubert Graczyk,-0.15300000000000002,0.0,37
788,Dermot Mee,-0.133,0.0,37
5,Karl Hein,0.4700000000000002,0.0,38
14,Aaron Ramsdale,2.016,2.3,38
15,David Raya Martin,4.940000000000003,4.5,38
39,Joe Gauci,0.028000000000000025,0.0,38
46,Filip Marschall,0.07200000000000006,0.0,38
47,Emiliano Martínez Romero,4.204000000000002,5.2,38
51,Robin Olsen,0.17099999999999982,0.2,38
55,Viljami Sinisalo,0.07200000000000006,0.0,38
73,Norberto Murara Neto,1.4999999999999996,1.5,38
75,Alex Paulsen,0.06999999999999984,0.0,38
84,Mark Travers,0.08999999999999986,0.0,38
91,Mark Flekken,2.4960000000000004,5.6,38
109,Hákon Valdimarsson,0.20000000000000018,0.0,38
142,Jason Steele,-0.14800000000000058,0.0,38
146,Bart Verbruggen,2.2280000000000024,3.8,38
152,Kepa Arrizabalaga,3.182999999999998,3.5,38
154,Lucas Bergström,0.375,-0.5,38
155,Marcus Bettinelli,0.137,-0.5,38
183,Đorđe Petrović,0.14299999999999935,0.0,38
185,Robert Sánchez,3.6370000000000005,3.5,38
201,Dean Henderson,2.886000000000001,2.0,38
204,Sam Johnstone,0.1509999999999998,0.0,38
209,Remi Matthews,-0.7930000000000001,-1.0,38
227,João Neves Virgínia,-0.1499999999999999,-0.5,38
235,Jordan Pickford,2.0669999999999984,5.0,38
242,Steven Benda,0.3399999999999994,-0.5,38
248,Bernd Leno,2.8450000000000024,2.5,38
280,Cieran Slicker,0.056999999999999496,-0.5,38
283,Christian Walton,0.02099999999999902,0.0,38
293,Mads Hermansen,1.6240000000000014,0.0,38
294,Daniel Iversen,0.4580000000000002,-0.5,38
304,Jakub Stolarczyk,1.6310000000000011,3.3,38
308,Danny Ward,0.4530000000000003,-0.5,38
310,Alisson Ramses Becker,3.375,3.8,38
325,Caoimhin Kelleher,0.19899999999999984,1.0,38
344,Scott Carson,0.7460000000000004,0.5,38
347,Ederson Santana de Moraes,2.7810000000000015,5.5,38
358,Stefan Ortega Moreno,0.6890000000000005,0.5,38
367,Altay Bayindir,0.6000000000000001,2.0,38
374,Tom Heaton,0.19600000000000017,0.0,38
383,André Onana,2.2760000000000016,0.5,38
396,Martin Dúbravka,0.06999999999999984,0.5,38
412,Odysseas Vlachodimos,0.15799999999999992,0.5,38
413,Nick Pope,3.4829999999999997,4.3,38
414,John Ruddy,0.1280000000000001,0.5,38
427,Carlos Miguel dos Santos Pereira,0.13199999999999967,0.5,38
443,Matz Sels,2.5149999999999997,2.3,38
445,Matt Turner,-0.554,-1.0,38
454,Gavin Bazunu,-0.018999999999999684,0.0,38
465,Mateusz Lis,-0.01399999999999979,0.0,38
466,Joe Lumley,-0.2549999999999999,-1.5,38
469,Alex McCarthy,-0.22799999999999976,-1.5,38
479,Brandon Austin,0.1779999999999995,0.0,38
488,Fraser Forster,0.13999999999999924,0.0,38
508,Guglielmo Vicario,0.9249999999999998,0.8,38
510,Alfie Whiteman,0.1339999999999999,0.0,38
513,Alphonse Areola,3.663999999999999,3.5,38
521,Łukasz Fabiański,0.484,1.3,38
522,Wes Foderingham,0.19899999999999984,0.5,38
536,Daniel Bentley,0.9339999999999997,0.5,38
554,José Malheiro de Sá,1.3030000000000017,1.8,38
556,Tom King,0.09700000000000042,0.2,38
568,Arijanet Muric,-0.12600000000000033,0.0,38
581,Filip Jørgensen,0.22200000000000042,-0.5,38
599,Will Dennis,0.2859999999999996,0.5,38
615,Carl Rushworth,-0.11799999999999988,0.0,38
624,Asmir Begovic,-0.19300000000000006,-0.5,38
639,Tommy Setford,1.513,1.5,38
641,Oliwier Zych,0.32200000000000006,0.0,38
660,Vítezslav Jaros,0.14100000000000001,1.0,38
668,Killian Cahill,-0.12400000000000055,0.0,38
669,Harvey Davies,0.1639999999999997,1.0,38
704,Spike Brits,0.7710000000000004,0.5,38
716,Antonín Kinsky,1.210999999999998,1.2,38
721,Wayne Hennessey,0.19499999999999984,0.5,38
727,Callan McKenna,0.38299999999999956,0.5,38
756,Jack Porter,1.4780000000000002,1.5,38
759,Julian Eyestone,0.16999999999999993,0.0,38
761,Elyh Harrison,0.19199999999999973,0.0,38
764,Alex Palmer,1.3319999999999999,0.7,38
783,Hubert Graczyk,0.2450000000000001,0.0,38
788,Dermot Mee,0.1499999999999999,0.0,38
