element,name,points_pred,points_actual,round
1,Fábio Ferreira Vieira,0.17509778004188492,0.0,6
7,Jorge Luiz Frello Filho,0.369105728929104,0.0,6
9,Gabriel Martinelli Silva,2.6273771905723686,10.0,6
10,Reiss Nelson,2.3867587335711065,1.0,6
12,Ethan Nwaneri,0.4663885012946447,1.0,6
13,Martin Ødegaard,0.5810270181247916,0.0,6
16,Declan Rice,1.3383149338028284,2.0,6
17,Bukayo Saka,3.1563351458270894,2.0,6
19,Emile Smith Rowe,2.6365449632458944,3.0,6
20,Thomas Partey,1.7909391669339296,2.0,6
23,Leandro Trossard,1.2183266560460702,10.0,6
28,Leon Bailey,1.6423196246303728,5.0,6
29,Ross Barkley,1.109700611081263,1.0,6
30,Enzo Barrenechea,0.1852047680043274,0.0,6
31,Emiliano Buendía Stati,0.41068082236777315,1.0,6
33,Leander Dendoncker,0.18869020918902413,0.0,6
34,Moussa Diaby,0.17509778004188492,0.0,6
37,Lewis Dobbin,0.17509778004188492,0.0,6
41,Samuel Iling-Junior,0.1852047680043274,0.0,6
42,Boubacar Kamara,0.17509778004188492,0.0,6
48,John McGinn,2.5075598613714494,0.0,6
53,Jacob Ramsey,1.6629819856407169,2.0,6
54,Morgan Rogers,3.190752509622925,7.0,6
57,Youri Tielemans,3.0349753246713442,2.0,6
60,Tyler Adams,0.17509778004188492,0.0,6
61,Jaidon Anthony,0.19287908961552835,0.0,6
62,David Brooks,0.2513643578451674,0.0,6
63,Ryan Christie,2.3082779378690423,2.0,6
64,Lewis Cook,3.290787888515064,8.0,6
66,Romain Faivre,0.17509778004188492,0.0,6
67,Hamed Traorè,0.19226027773434007,0.0,6
71,Justin Kluivert,1.6897539614034285,1.0,6
74,Dango Ouattara,1.7192766995526352,7.0,6
76,Philip Billing,0.4711857195769862,0.0,6
77,Alex Scott,1.6139920601613724,1.0,6
78,Antoine Semenyo,2.301495063489777,7.0,6
80,Luis Sinisterra,2.609495008370609,1.0,6
83,Marcus Tavernier,2.830097581937543,4.0,6
87,Ethan Brierley,0.1944816066176207,0.0,6
89,Mikkel Damsgaard,2.079606426960731,2.0,6
90,Josh Dasilva,0.17509778004188492,0.0,6
94,Vitaly Janelt,1.8793248527812167,2.0,6
95,Mathias Jensen,0.5711812117196389,0.0,6
97,Yunus Emre Konak,0.8944530956171577,1.0,6
98,Keane Lewis-Potter,2.9655033017501715,1.0,6
99,Bryan Mbeumo,2.9657813924164476,7.0,6
101,Christian Nørgaard,0.7211210242638293,0.0,6
102,Frank Onyeka,0.21822855069225922,0.0,6
103,Myles Peart-Harris,0.1887443719647237,0.0,6
106,Kevin Schade,1.7852966739789702,1.0,6
111,Yehor Yarmoliuk,1.360881232768671,0.0,6
113,Simon Adingra,1.7254611982409962,0.0,6
114,Benicio Baker-Boaitey,0.17509778004188492,0.0,6
115,Carlos Baleba,1.97694786198688,10.0,6
117,Facundo Buonanotte,1.4601344776633542,4.0,6
118,Amario Cozier-Duberry,0.19042637966635434,0.0,6
119,Mahmoud Dahoud,0.1764650596269859,0.0,6
121,Julio Enciso,0.7008498320766252,1.0,6
124,Billy Gilmour,0.2853946035635473,0.0,6
125,Pascal Groß,0.18973093490673199,0.0,6
126,Jack Hinshelwood,3.1529136473070496,2.0,6
127,Ibrahim Osman,0.17509778004188492,0.0,6
130,Kacper Kozłowski,0.20972011187166295,0.0,6
132,Solly March,0.17509778004188492,0.0,6
133,Adrian Mazilu,0.1887443719647237,0.0,6
134,James Milner,0.4517489106902719,0.0,6
135,Yankuba Minteh,2.5388489749024066,1.0,6
136,Mitoma Kaoru,2.9831366602759566,2.0,6
137,Jakub Moder,0.3743322126819546,0.0,6
140,Cameron Peupion,0.18973093490673199,0.0,6
141,Jeremy Sarmiento Morante,0.2550204516291359,0.0,6
149,Mats Wieffer,1.2286273303221238,1.0,6
150,Andrey Nascimento dos Santos,0.17509778004188492,0.0,6
151,Ângelo Gabriel Borges Damaceno,0.19287908961552835,0.0,6
157,Moisés Caicedo Corozo,3.452422186367529,2.0,6
158,Cesare Casadei,0.1856838886105261,0.0,6
161,Carney Chukwuemeka,0.19236220350083855,0.0,6
166,Kiernan Dewsbury-Hall,1.1369367535215833,0.0,6
168,Enzo Fernández,2.8496366101392976,1.0,6
169,Conor Gallagher,0.19226027773434007,0.0,6
173,Omari Kellyman,0.19236220350083855,0.0,6
174,Roméo Lavia,0.32579553779034187,1.0,6
177,Noni Madueke,2.443364090221304,5.0,6
179,Mykhailo Mudryk,0.303595730409,1.0,6
181,Christopher Nkunku,2.05419867502306,1.0,6
182,Cole Palmer,2.604066065346081,22.0,6
184,Renato Palma Veiga,0.3418644206019459,1.0,6
186,Raheem Sterling,0.5143950965699005,1.0,6
188,Lesley Ugochukwu,1.0885020410742827,1.0,6
190,Naouirou Ahamada,0.1883246341699838,0.0,6
192,Jordan Ayew,1.7457347281810627,1.0,6
193,Cheick Doucouré,0.5020212465086602,0.0,6
197,Malcolm Ebiowei,0.17509778004188492,0.0,6
199,Eberechi Eze,3.5574737180403444,2.0,6
203,Will Hughes,1.390019681636895,1.0,6
205,Daichi Kamada,1.6393075704216935,2.0,6
206,Jefferson Lerma Solís,1.2576849124429756,2.0,6
208,Matheus França de Oliveira,0.18869020918902413,0.0,6
212,David Ozoh,0.17509778004188492,0.0,6
213,Jesurun Rak-Sakyi,0.19226027773434007,0.0,6
214,Jeffrey Schlupp,1.2246667650781724,1.0,6
216,Adam Wharton,1.587467389143879,2.0,6
217,Abdoulaye Doucouré,1.2902784971812382,2.0,6
222,Idrissa Gueye,0.7575993379474375,1.0,6
223,James Garner,1.0782930931313892,1.0,6
224,Jack Harrison,2.071362396846074,4.0,6
226,Tim Iroegbunam,1.0972105268716188,0.0,6
230,Dwight McNeil,3.8917190828944834,12.0,6
233,Amadou Onana,2.338631394318117,2.0,6
239,Adama Traoré,2.883500629022242,3.0,6
240,Andreas Hoelgebaum Pereira,2.4892391401292953,6.0,6
243,Tom Cairney,0.6552292059203064,0.0,6
246,Luke Harris,0.17509778004188492,0.0,6
247,Alex Iwobi,2.9137832893159157,3.0,6
249,Saša Lukić,1.8314734351448347,2.0,6
254,Harrison Reed,1.188347452277264,0.0,6
259,Harry Wilson,0.31183036297910727,0.0,6
262,Nathan Broadhead,0.299180919514467,0.0,6
264,Wes Burns,2.489510382490278,1.0,6
265,Conor Chaplin,0.9462874330360811,0.0,6
271,Marcus Myers-Harness,0.28547232032500425,0.0,6
273,Cameron Humphreys,0.1852047680043274,0.0,6
274,Omari Giraud-Hutchinson,2.910270754837491,5.0,6
277,Massimo Luongo,0.3469018366672292,1.0,6
278,Sam Morsy,2.9958370453832392,1.0,6
281,Jack Taylor,0.8909888168650428,1.0,6
285,Boubakary Soumaré,0.2117003145064147,0.0,6
287,Hamza Choudhury,0.6504275841183036,0.0,6
290,Bobby De Cordova-Reid,0.3295166926701021,1.0,6
292,Michael Golding,0.18874083589683055,0.0,6
297,Wanya Marçal-Madivádua,0.1887443719647237,0.0,6
298,Stephy Mavididi,2.593183943920515,2.0,6
299,Kasey McAteer,0.4262194976478142,0.0,6
300,Wilfred Ndidi,2.2416073714263094,2.0,6
309,Harry Winks,3.3090612654340337,2.0,6
312,Stefan Bajčetić Maquieira,0.19841847597174622,0.0,6
314,Fábio Freitas Gouveia Carvalho,2.5421819225465887,5.0,6
315,Bobby Clark,0.1852047680043274,0.0,6
317,Diogo Teixeira da Silva,0.6078607234409623,7.0,6
318,Ben Doak,0.1887443719647237,0.0,6
319,Harvey Elliott,0.20740983317577966,0.0,6
320,Endo Wataru,0.21643271483378257,0.0,6
323,Ryan Gravenberch,2.1559434964358752,2.0,6
324,Curtis Jones,1.5179271053748513,1.0,6
327,Luis Díaz,4.281295519868671,2.0,6
328,Mohamed Salah,3.8627518545348396,7.0,6
329,Alexis Mac Allister,3.6554102007654805,2.0,6
330,James McConnell,0.18973093490673199,0.0,6
331,Tyler Morton,0.1852047680043274,0.0,6
336,Dominik Szoboszlai,2.10319903478545,2.0,6
342,Bernardo Veiga de Carvalho e Silva,3.076808958357888,2.0,6
343,Oscar Bobb,0.19841847597174622,0.0,6
345,Kevin De Bruyne,0.7653357656266655,0.0,6
346,Jérémy Doku,2.001946087573514,1.0,6
348,Phil Foden,1.9875171680553168,1.0,6
349,Jack Grealish,1.8207329358031972,4.0,6
354,Mateo Kovačić,3.4288813520276626,1.0,6
356,Matheus Luiz Nunes,0.5845607336822511,0.0,6
357,James McAtee,0.19494665312227122,0.0,6
359,Kalvin Phillips,0.5750871159500037,2.0,6
360,Rodrigo 'Rodri' Hernandez,0.8188994346152851,0.0,6
364,Amad Diallo,3.209631466152108,1.0,6
365,Antony Matheus dos Santos,0.2692432917947123,0.0,6
366,Bruno Borges Fernandes,3.3793051835470784,-2.0,6
368,Carlos Henrique Casimiro,0.44202290241550024,1.0,6
370,Christian Eriksen,3.003262039864736,1.0,6
372,Alejandro Garnacho,2.568457548536193,2.0,6
373,Hannibal Mejbri,0.1856838886105261,0.0,6
378,Kobbie Mainoo,3.1080775131494756,1.0,6
381,Scott McTominay,0.31866945635491417,0.0,6
382,Mason Mount,0.2438457899514601,0.0,6
384,Facundo Pellistri Rebollo,0.17509778004188492,0.0,6
385,Marcus Rashford,2.161205487592671,2.0,6
386,Jadon Sancho,2.4356335580528565,8.0,6
391,Miguel Almirón Rejala,0.4156325431008092,0.0,6
392,Harvey Barnes,4.049022196054336,2.0,6
394,Bruno Guimarães Rodriguez Moura,2.4676562679299145,1.0,6
397,Ryan Fraser,0.9733779439713901,1.0,6
398,Anthony Gordon,2.5645509699971463,7.0,6
400,Isaac Hayden,0.1887443719647237,0.0,6
402,Jacob Murphy,2.8627191761337576,2.0,6
403,Joelinton Cássio Apolinário de Lira,2.0128941958522137,1.0,6
406,Garang Kuol,0.17509778004188492,0.0,6
410,Sean Longstaff,0.42051309295568284,1.0,6
411,Lewis Miley,0.2818623971059582,0.0,6
417,Sandro Tonali,2.3350474617161234,1.0,6
419,Joe White,0.19287908961552835,0.0,6
420,Joe Willock,1.9263849876905654,1.0,6
423,Elliot Anderson,1.612496462577636,1.0,6
426,Josh Bowler,0.19236220350083855,0.0,6
428,Eric da Silva Moreira,0.18874083589683055,0.0,6
429,Danilo dos Santos de Oliveira,0.21297664121514348,0.0,6
431,Nicolás Domínguez,0.5310218528004156,1.0,6
432,Anthony Elanga,1.3851061177065676,1.0,6
433,Morgan Gibbs-White,2.0850610378209202,0.0,6
434,Callum Hudson-Odoi,2.399920707876576,1.0,6
435,Alex Mighten,0.1852047680043274,0.0,6
439,Lewis O'Brien,0.18010221660789938,0.0,6
442,Ibrahim Sangaré,0.38922585265356124,0.0,6
449,Ryan Yates,1.070556875904324,1.0,6
450,Carlos Alcaraz Durán,0.3014553978948964,0.0,6
451,Samuel Amo-Ameyaw,0.2689207082203491,0.0,6
452,Joe Aribo,1.2514584080752345,1.0,6
458,Shea Charles,0.19021698897938633,0.0,6
459,Samuel Edozie,0.247151642370663,0.0,6
462,Kamaldeen Sulemana,0.17509778004188492,0.0,6
463,Adam Lallana,2.1515508423928535,0.0,6
471,Will Smallbone,0.3579812737879551,0.0,6
480,Rodrigo Bentancur,1.5373202922378235,3.0,6
481,Lucas Bergvall,0.48754810758281675,1.0,6
482,Yves Bissouma,0.8950057850244622,0.0,6
483,Bryan Gil Salvatierra,0.17509778004188492,0.0,6
485,Alfie Devine,0.19841847597174622,0.0,6
489,Archie Gray,0.44329126570955957,0.0,6
490,Pierre-Emile Højbjerg,0.17509778004188492,0.0,6
491,Brennan Johnson,2.7608260246795258,10.0,6
492,Dejan Kulusevski,2.4959077007329595,8.0,6
493,Giovani Lo Celso,0.19021698897938633,0.0,6
494,James Maddison,3.3964708802139247,3.0,6
499,Pape Matar Sarr,0.7111128527073114,4.0,6
501,Oliver Skipp,0.674812064065796,1.0,6
502,Manor Solomon,0.18874083589683055,0.0,6
503,Son Heung-min,3.5957451874643986,0.0,6
509,Timo Werner,0.42131054211704955,3.0,6
511,Edson Álvarez Velázquez,1.676323828807349,0.0,6
514,Jarrod Bowen,3.089472456685333,2.0,6
515,Maxwel Cornet,0.37945959477930824,1.0,6
518,Flynn Downes,3.1547758249613578,1.0,6
519,George Earthy,0.19236220350083855,0.0,6
525,Mohammed Kudus,1.8897221646136444,1.0,6
526,Luis Guilherme Lira dos Santos,0.17509778004188492,0.0,6
527,Lucas Tolentino Coelho de Lima,2.4015223621021144,2.0,6
530,Tomáš Souček,2.3510874868873755,7.0,6
531,James Ward-Prowse,1.5680584836284224,2.0,6
534,Boubacar Traoré,0.1887443719647237,0.0,6
535,Jean-Ricner Bellegarde,2.702266691819121,1.0,6
537,Francisco Jorge Tomás Oliveira,0.30176636705123716,0.0,6
538,Tawanda Chirewa,0.19021698897938633,0.0,6
540,Luke Cundle,0.1883246341699838,0.0,6
544,Tommy Doyle,1.5590938580977403,1.0,6
547,Enso González,0.17824723784480856,0.0,6
548,Gonçalo Manuel Ganchinho Guedes,1.0603773039113378,0.0,6
550,Hwang Hee-chan,0.5446479444800452,1.0,6
551,Joe Hodge,0.19287908961552835,0.0,6
553,João Victor Gomes da Silva,1.626813688293276,2.0,6
557,Mario Lemina,2.267490738663044,2.0,6
560,Pedro Lomba Neto,1.1694184721762095,1.0,6
562,Daniel Castelo Podence,0.19748567448372212,0.0,6
563,Rodrigo Martins Gomes,0.9416497958194063,0.0,6
565,Pablo Sarabia,0.212797030285496,0.0,6
569,Jaden Philogene,0.4235973768409247,1.0,6
570,Abdul Fatawu,1.493320278833143,1.0,6
571,Sávio 'Savinho' Moreira de Oliveira,2.821954777750725,1.0,6
576,Andy Irving,1.250806273969551,0.0,6
577,Jesper Lindstrøm,2.3108421587866967,1.0,6
584,Ben Brereton Díaz,1.9216452879553518,1.0,6
585,Ismaïla Sarr,3.4167473142976155,1.0,6
587,Crysencio Summerville,1.612411650202458,1.0,6
588,Guido Rodríguez,1.1944007225735058,2.0,6
595,Brajan Gruda,0.18973093490673199,0.0,6
596,João Pedro Ferreira Silva,2.7979232043036166,1.0,6
597,Myles Lewis-Skelly,0.684198923814173,0.0,6
600,Yasin Ayari,0.8661314918767622,1.0,6
601,Andrew Moran,0.17509778004188492,0.0,6
602,Ryan Trevitt,0.45549767553642884,0.0,6
603,Harrison Armstrong,0.19841847597174622,0.0,6
604,Josh King,0.1887443719647237,0.0,6
605,Martial Godo,0.17509778004188492,0.0,6
606,Will Alves,0.19236220350083855,0.0,6
607,Nico O'Reilly,0.2739272766708378,0.0,6
608,Tyler Dibling,3.32956532376189,1.0,6
610,Mikey Moore,0.4113106823433048,1.0,6
611,Sam Szmodics,1.764156781474476,1.0,6
612,Wilson Odobert,0.6637103605188344,0.0,6
613,Toby Collyer,0.47149023910130916,0.0,6
614,Jenson Metcalfe,0.17509778004188492,0.0,6
618,Georginio Rutter,2.143113276021241,7.0,6
619,Jens Cajuste,1.7505853736976436,0.0,6
620,Ramón Sosa,2.162533774054083,1.0,6
621,João Félix Sequeira,1.5989676925023302,0.0,6
622,Sander Berge,1.686811598179725,1.0,6
623,Mateus Gonçalo Espanha Fernandes,2.7164672050767233,1.0,6
625,Ilkay Gündogan,2.6226035432716808,2.0,6
629,Matt O'Riley,0.17509778004188492,0.0,6
631,Jack Clarke,2.345573222227654,5.0,6
632,Chiedozie Ogbene,0.5133912045648219,2.0,6
633,Mikel Merino,0.17509778004188492,0.0,6
634,Gustavo Nunes Fernandes Gomes,0.17509778004188492,0.0,6
635,Bilal El Khannouss,1.2008897485909307,1.0,6
636,Federico Chiesa,1.82867188259248,0.0,6
638,Salah-Eddine Oulad M'hand,0.2739272766708378,0.0,6
642,André Trindade da Costa Neto,1.702397956873794,1.0,6
644,Franco Umeh-Chibueze,0.2739272766708378,0.0,6
645,Justin Devenny,0.26751820202843435,0.0,6
646,Asher Agbinone,0.27449667545418244,0.0,6
647,Kaden Rodney,0.2513643578451674,0.0,6
651,Orel Mangala,1.5165338417197294,2.0,6
652,Manuel Ugarte,0.8827797427027062,1.0,6
654,Carlos Soler,1.354280126570468,1.0,6
655,Carlos Roberto Forbs Borges,0.6249607270431419,0.0,6
656,Kadan Young,0.29005184538697026,0.0,6
659,Ismeal Kabia,0.2557174647722187,0.0,6
661,Tony Yogane,0.26895617512742254,0.0,6
1,Fábio Ferreira Vieira,0.1276000346429229,0.0,7
7,Jorge Luiz Frello Filho,0.3283543675370528,2.0,7
9,Gabriel Martinelli Silva,3.3558597133955548,6.0,7
10,Reiss Nelson,1.6964078860925031,4.0,7
12,Ethan Nwaneri,1.711747048694221,0.0,7
13,Martin Ødegaard,0.7383948286674982,0.0,7
16,Declan Rice,2.361989760544261,2.0,7
17,Bukayo Saka,3.392054527234209,13.0,7
19,Emile Smith Rowe,2.864283819290466,1.0,7
20,Thomas Partey,2.20642693969139,2.0,7
23,Leandro Trossard,2.8507236067868247,1.0,7
28,Leon Bailey,2.197392928263681,3.0,7
29,Ross Barkley,1.025370763545463,2.0,7
30,Enzo Barrenechea,0.13213076429909654,0.0,7
31,Emiliano Buendía Stati,1.143228881122047,0.0,7
33,Leander Dendoncker,0.14591342654538364,0.0,7
34,Moussa Diaby,0.1276000346429229,0.0,7
37,Lewis Dobbin,0.1276000346429229,0.0,7
41,Samuel Iling-Junior,0.13313594095889458,0.0,7
42,Boubacar Kamara,0.1276000346429229,0.0,7
48,John McGinn,0.9504466258013387,0.0,7
53,Jacob Ramsey,1.8809815025246106,0.0,7
54,Morgan Rogers,3.435662495693591,3.0,7
57,Youri Tielemans,3.1072914923346167,3.0,7
60,Tyler Adams,0.1276000346429229,0.0,7
61,Jaidon Anthony,0.144172996092081,0.0,7
62,David Brooks,0.23324345382611522,1.0,7
63,Ryan Christie,2.249424681372007,2.0,7
64,Lewis Cook,3.4122921273373255,2.0,7
66,Romain Faivre,0.1276000346429229,0.0,7
67,Hamed Traorè,0.1433397980181752,0.0,7
71,Justin Kluivert,1.8356949954483435,1.0,7
74,Dango Ouattara,2.201095844923236,1.0,7
76,Philip Billing,0.6374654531800488,0.0,7
77,Alex Scott,1.2840517204605844,1.0,7
78,Antoine Semenyo,3.3485504241042534,2.0,7
80,Luis Sinisterra,1.8396947099238785,1.0,7
83,Marcus Tavernier,4.059245026455592,2.0,7
87,Ethan Brierley,0.13921490538836778,0.0,7
89,Mikkel Damsgaard,2.3035836482534267,8.0,7
90,Josh Dasilva,0.1276000346429229,0.0,7
94,Vitaly Janelt,1.3187575485726724,4.0,7
95,Mathias Jensen,0.43076445631774574,0.0,7
97,Yunus Emre Konak,0.7578424084547333,1.0,7
98,Keane Lewis-Potter,1.959286458887826,5.0,7
99,Bryan Mbeumo,4.23045914180707,7.0,7
101,Christian Nørgaard,0.6932699855430062,7.0,7
102,Frank Onyeka,0.14154362131530585,0.0,7
103,Myles Peart-Harris,0.1323743263358934,0.0,7
106,Kevin Schade,2.0967433426959827,2.0,7
111,Yehor Yarmoliuk,1.9337772117174197,1.0,7
113,Simon Adingra,1.3398810896536144,0.0,7
114,Benicio Baker-Boaitey,0.1276000346429229,0.0,7
115,Carlos Baleba,2.173517062544681,2.0,7
117,Facundo Buonanotte,2.209352729088428,8.0,7
118,Amario Cozier-Duberry,0.1556539030287536,0.0,7
119,Mahmoud Dahoud,0.1276000346429229,0.0,7
121,Julio Enciso,1.3034251936644026,1.0,7
124,Billy Gilmour,0.3933189564644257,0.0,7
125,Pascal Groß,0.1313023946095373,0.0,7
126,Jack Hinshelwood,2.058114106720897,2.0,7
127,Ibrahim Osman,0.1276000346429229,0.0,7
130,Kacper Kozłowski,0.1291674886856251,0.0,7
132,Solly March,0.1276000346429229,0.0,7
133,Adrian Mazilu,0.1313023946095373,0.0,7
134,James Milner,0.48432513702720215,0.0,7
135,Yankuba Minteh,2.0371525443042433,7.0,7
136,Mitoma Kaoru,2.7158412981001794,5.0,7
137,Jakub Moder,0.2516218291877288,0.0,7
140,Cameron Peupion,0.1323743263358934,0.0,7
141,Jeremy Sarmiento Morante,0.1259991369077631,0.0,7
149,Mats Wieffer,1.3624964656324998,1.0,7
150,Andrey Nascimento dos Santos,0.1276000346429229,0.0,7
151,Ângelo Gabriel Borges Damaceno,0.14285286407887998,0.0,7
157,Moisés Caicedo Corozo,2.416263476517538,1.0,7
158,Cesare Casadei,0.14531999603797763,0.0,7
161,Carney Chukwuemeka,0.13921490538836778,0.0,7
166,Kiernan Dewsbury-Hall,0.5407512648534443,0.0,7
168,Enzo Fernández,2.269439793977954,2.0,7
169,Conor Gallagher,0.14714329312178487,0.0,7
173,Omari Kellyman,0.1276000346429229,0.0,7
174,Roméo Lavia,0.4335147334238645,0.0,7
177,Noni Madueke,2.7187992098385596,7.0,7
179,Mykhailo Mudryk,0.46911644640813277,1.0,7
181,Christopher Nkunku,2.151777119900798,1.0,7
182,Cole Palmer,4.1280770070021955,4.0,7
184,Renato Palma Veiga,0.9833558633677311,0.0,7
186,Raheem Sterling,0.7566519551578397,1.0,7
188,Lesley Ugochukwu,1.5331145787646552,0.0,7
190,Naouirou Ahamada,0.14285286407887998,0.0,7
192,Jordan Ayew,1.363704057030703,2.0,7
193,Cheick Doucouré,0.6442727555191494,0.0,7
197,Malcolm Ebiowei,0.1276000346429229,0.0,7
199,Eberechi Eze,3.5057825382202594,2.0,7
203,Will Hughes,0.8489721467884794,0.0,7
205,Daichi Kamada,1.991108042047026,1.0,7
206,Jefferson Lerma Solís,1.7684965428114072,1.0,7
208,Matheus França de Oliveira,0.1469985140457295,0.0,7
212,David Ozoh,0.1276000346429229,0.0,7
213,Jesurun Rak-Sakyi,0.1496378112234944,0.0,7
214,Jeffrey Schlupp,0.9111518118655662,0.0,7
216,Adam Wharton,2.829621198574803,1.0,7
217,Abdoulaye Doucouré,1.4884372312148013,3.0,7
222,Idrissa Gueye,1.7292221182362617,1.0,7
223,James Garner,1.2049224756384493,3.0,7
224,Jack Harrison,1.608879188394436,3.0,7
226,Tim Iroegbunam,0.7658123490112887,1.0,7
230,Dwight McNeil,3.9749102179217957,2.0,7
233,Amadou Onana,2.144960322417626,0.0,7
239,Adama Traoré,3.442098751205945,2.0,7
240,Andreas Hoelgebaum Pereira,2.529994977509376,7.0,7
243,Tom Cairney,0.7275504568983617,1.0,7
246,Luke Harris,0.1276000346429229,0.0,7
247,Alex Iwobi,3.693310735732796,2.0,7
249,Saša Lukić,1.6131261983051761,2.0,7
254,Harrison Reed,0.8858056577031217,0.0,7
259,Harry Wilson,0.40599703799769093,0.0,7
262,Nathan Broadhead,0.2314240104047265,0.0,7
264,Wes Burns,1.3272913775553832,2.0,7
265,Conor Chaplin,0.7085065247638589,1.0,7
271,Marcus Myers-Harness,0.4530089488403304,0.0,7
273,Cameron Humphreys,0.13313594095889458,0.0,7
274,Omari Giraud-Hutchinson,2.145518232791974,2.0,7
277,Massimo Luongo,0.7326141259567818,0.0,7
278,Sam Morsy,1.9805811799938553,2.0,7
281,Jack Taylor,1.2699805746841095,1.0,7
285,Boubakary Soumaré,0.15654352417707917,0.0,7
287,Hamza Choudhury,0.6350978414061461,0.0,7
290,Bobby De Cordova-Reid,0.8696869263784843,1.0,7
292,Michael Golding,0.30196176932961194,0.0,7
297,Wanya Marçal-Madivádua,0.13313594095889458,0.0,7
298,Stephy Mavididi,2.648760513397338,3.0,7
299,Kasey McAteer,0.4197371920642907,0.0,7
300,Wilfred Ndidi,2.768065396902821,2.0,7
309,Harry Winks,2.0232145597589675,0.0,7
312,Stefan Bajčetić Maquieira,0.14531999603797763,0.0,7
314,Fábio Freitas Gouveia Carvalho,2.2084658972448397,6.0,7
315,Bobby Clark,0.1313023946095373,0.0,7
317,Diogo Teixeira da Silva,1.889600380450207,8.0,7
318,Ben Doak,0.1323743263358934,0.0,7
319,Harvey Elliott,0.2806753808678084,0.0,7
320,Endo Wataru,0.17591797610290394,1.0,7
323,Ryan Gravenberch,1.967229438425007,3.0,7
324,Curtis Jones,1.3954002867678614,3.0,7
327,Luis Díaz,4.04352250406808,1.0,7
328,Mohamed Salah,3.8308790559802945,3.0,7
329,Alexis Mac Allister,2.460633131813678,0.0,7
330,James McConnell,0.1276000346429229,0.0,7
331,Tyler Morton,0.1313023946095373,0.0,7
336,Dominik Szoboszlai,2.4665530910557845,1.0,7
342,Bernardo Veiga de Carvalho e Silva,2.8745650651644477,4.0,7
343,Oscar Bobb,0.14531999603797763,0.0,7
345,Kevin De Bruyne,2.3479203832080318,0.0,7
346,Jérémy Doku,1.520416349862213,6.0,7
348,Phil Foden,1.8287397470781483,2.0,7
349,Jack Grealish,2.4442820942856294,2.0,7
354,Mateo Kovačić,2.439470548618581,12.0,7
356,Matheus Luiz Nunes,0.44006093499703614,1.0,7
357,James McAtee,0.37796298707429443,0.0,7
359,Kalvin Phillips,1.4039396340339634,2.0,7
360,Rodrigo 'Rodri' Hernandez,0.554634497684527,0.0,7
364,Amad Diallo,3.1690875611723017,0.0,7
365,Antony Matheus dos Santos,0.45369602021862354,1.0,7
366,Bruno Borges Fernandes,2.2408379321068157,3.0,7
368,Carlos Henrique Casimiro,2.1530323764397092,1.0,7
370,Christian Eriksen,2.2891151796476965,2.0,7
372,Alejandro Garnacho,2.6837731197357346,3.0,7
373,Hannibal Mejbri,0.14819209308683545,0.0,7
378,Kobbie Mainoo,2.1874130833655263,2.0,7
381,Scott McTominay,0.35718041206753126,0.0,7
382,Mason Mount,1.128093654253565,0.0,7
384,Facundo Pellistri Rebollo,0.1276000346429229,0.0,7
385,Marcus Rashford,1.8663178523956026,2.0,7
386,Jadon Sancho,2.932037694921376,2.0,7
391,Miguel Almirón Rejala,0.14167361861321792,1.0,7
392,Harvey Barnes,3.9072111261143796,3.0,7
394,Bruno Guimarães Rodriguez Moura,2.399698487405308,3.0,7
397,Ryan Fraser,1.278120050873202,0.0,7
398,Anthony Gordon,4.069452796444173,1.0,7
400,Isaac Hayden,0.1323743263358934,0.0,7
402,Jacob Murphy,2.340631260256469,3.0,7
403,Joelinton Cássio Apolinário de Lira,1.7918215572654956,3.0,7
406,Garang Kuol,0.1323743263358934,0.0,7
410,Sean Longstaff,1.3049116110948615,1.0,7
411,Lewis Miley,0.15157666222987887,0.0,7
417,Sandro Tonali,2.29393510628766,3.0,7
419,Joe White,0.144172996092081,0.0,7
420,Joe Willock,1.3074102112936625,1.0,7
423,Elliot Anderson,2.192127754810901,2.0,7
426,Josh Bowler,0.1323743263358934,0.0,7
428,Eric da Silva Moreira,0.1276000346429229,0.0,7
429,Danilo dos Santos de Oliveira,0.14999696297458387,0.0,7
431,Nicolás Domínguez,1.4153898812619552,1.0,7
432,Anthony Elanga,1.8658874813922477,1.0,7
433,Morgan Gibbs-White,1.623114948086406,2.0,7
434,Callum Hudson-Odoi,2.319758622469606,2.0,7
435,Alex Mighten,0.13213076429909654,0.0,7
439,Lewis O'Brien,0.1276000346429229,0.0,7
442,Ibrahim Sangaré,0.5983517447533044,0.0,7
449,Ryan Yates,2.4224289441511724,2.0,7
450,Carlos Alcaraz Durán,0.40069894788616,0.0,7
451,Samuel Amo-Ameyaw,0.21663426079874615,0.0,7
452,Joe Aribo,1.3144896795556145,2.0,7
458,Shea Charles,0.1323743263358934,0.0,7
459,Samuel Edozie,0.4353284091880294,0.0,7
462,Kamaldeen Sulemana,0.1276000346429229,0.0,7
463,Adam Lallana,2.191173323889002,0.0,7
471,Will Smallbone,0.5230157490175888,0.0,7
480,Rodrigo Bentancur,1.71260074469407,2.0,7
481,Lucas Bergvall,1.988825976153465,0.0,7
482,Yves Bissouma,0.5273787621787087,1.0,7
483,Bryan Gil Salvatierra,0.1276000346429229,0.0,7
485,Alfie Devine,0.1433397980181752,0.0,7
489,Archie Gray,0.23961025185571083,0.0,7
490,Pierre-Emile Højbjerg,0.1276000346429229,0.0,7
491,Brennan Johnson,4.091567924416793,7.0,7
492,Dejan Kulusevski,3.830886927601817,1.0,7
493,Giovani Lo Celso,0.1323743263358934,0.0,7
494,James Maddison,4.086531551011339,7.0,7
499,Pape Matar Sarr,1.535988439844651,1.0,7
501,Oliver Skipp,1.1745375875928925,3.0,7
502,Manor Solomon,0.13213076429909654,0.0,7
503,Son Heung-min,2.4705467989704584,0.0,7
509,Timo Werner,1.5454231996820154,5.0,7
511,Edson Álvarez Velázquez,1.0202481833730328,1.0,7
514,Jarrod Bowen,4.098360711305894,10.0,7
515,Maxwel Cornet,1.575111942049685,0.0,7
518,Flynn Downes,2.606785927958681,2.0,7
519,George Earthy,0.1323743263358934,0.0,7
525,Mohammed Kudus,2.188389592559732,7.0,7
526,Luis Guilherme Lira dos Santos,0.1276000346429229,1.0,7
527,Lucas Tolentino Coelho de Lima,2.627483725720068,7.0,7
530,Tomáš Souček,2.9639199778359044,2.0,7
531,James Ward-Prowse,1.169579252636697,-1.0,7
534,Boubacar Traoré,0.1323743263358934,0.0,7
535,Jean-Ricner Bellegarde,2.328563272075991,4.0,7
537,Francisco Jorge Tomás Oliveira,0.24153259137828487,0.0,7
538,Tawanda Chirewa,0.13921490538836778,0.0,7
540,Luke Cundle,0.14714329312178487,0.0,7
544,Tommy Doyle,1.1788289195373727,0.0,7
547,Enso González,0.1276000346429229,0.0,7
548,Gonçalo Manuel Ganchinho Guedes,0.7353396830802081,1.0,7
550,Hwang Hee-chan,0.49319165681418786,1.0,7
551,Joe Hodge,0.14645783996108408,0.0,7
553,João Victor Gomes da Silva,1.9697997407132446,2.0,7
557,Mario Lemina,2.224652589134287,2.0,7
560,Pedro Lomba Neto,1.8566292052549915,0.0,7
562,Daniel Castelo Podence,0.36716547570480706,0.0,7
563,Rodrigo Martins Gomes,0.6930209551364412,0.0,7
565,Pablo Sarabia,0.500947347170102,0.0,7
569,Jaden Philogene,1.2535957793734926,3.0,7
570,Abdul Fatawu,0.913906737476315,1.0,7
571,Sávio 'Savinho' Moreira de Oliveira,2.8748627724129765,0.0,7
576,Andy Irving,0.9537188693557006,0.0,7
577,Jesper Lindstrøm,2.70173214451063,0.0,7
584,Ben Brereton Díaz,1.6718218569808707,0.0,7
585,Ismaïla Sarr,1.3054588940044072,1.0,7
587,Crysencio Summerville,1.226384851089338,1.0,7
588,Guido Rodríguez,1.3667910127928282,2.0,7
595,Brajan Gruda,0.1276000346429229,1.0,7
596,João Pedro Ferreira Silva,1.604174590121251,1.0,7
597,Myles Lewis-Skelly,0.5632451795667177,0.0,7
600,Yasin Ayari,1.7924398134937327,0.0,7
601,Andrew Moran,0.1276000346429229,0.0,7
602,Ryan Trevitt,0.45019875938455245,0.0,7
603,Harrison Armstrong,0.30911841446012245,0.0,7
604,Josh King,0.14819209308683545,0.0,7
605,Martial Godo,0.1276000346429229,0.0,7
606,Will Alves,0.1323743263358934,0.0,7
607,Nico O'Reilly,0.2314240104047265,0.0,7
608,Tyler Dibling,2.9740168145219084,1.0,7
610,Mikey Moore,0.8556032240100242,1.0,7
611,Sam Szmodics,2.031084918233084,1.0,7
612,Wilson Odobert,0.599694741330624,0.0,7
613,Toby Collyer,0.5248637911879106,0.0,7
614,Jenson Metcalfe,0.1276000346429229,0.0,7
618,Georginio Rutter,2.640275823683978,10.0,7
619,Jens Cajuste,0.7544777594791685,0.0,7
620,Ramón Sosa,1.5837497397968754,0.0,7
621,João Félix Sequeira,1.0580058769816176,1.0,7
622,Sander Berge,1.3145304551126102,2.0,7
623,Mateus Gonçalo Espanha Fernandes,1.7657525753489658,5.0,7
625,Ilkay Gündogan,2.8291730551340697,2.0,7
629,Matt O'Riley,0.1276000346429229,0.0,7
631,Jack Clarke,2.4950321263550634,1.0,7
632,Chiedozie Ogbene,1.0954851225360898,1.0,7
633,Mikel Merino,0.25714027282454976,1.0,7
634,Gustavo Nunes Fernandes Gomes,0.1276000346429229,0.0,7
635,Bilal El Khannouss,0.9650383412357146,0.0,7
636,Federico Chiesa,0.7139334073602024,0.0,7
638,Salah-Eddine Oulad M'hand,0.2825262195534921,0.0,7
642,André Trindade da Costa Neto,1.5577053009974566,1.0,7
644,Franco Umeh-Chibueze,0.1276000346429229,0.0,7
645,Justin Devenny,0.2314240104047265,0.0,7
646,Asher Agbinone,0.2314240104047265,0.0,7
647,Kaden Rodney,0.2314240104047265,0.0,7
651,Orel Mangala,2.1156600544849082,1.0,7
652,Manuel Ugarte,0.9258393665422218,0.0,7
654,Carlos Soler,1.4526766806317735,1.0,7
655,Carlos Roberto Forbs Borges,1.3507506605810606,1.0,7
656,Kadan Young,0.24631224044148015,0.0,7
659,Ismeal Kabia,0.23324345382611522,0.0,7
661,Tony Yogane,0.24847074727123042,0.0,7
1,Fábio Ferreira Vieira,0.36945418728866297,0.0,8
7,Jorge Luiz Frello Filho,1.3373982221341016,0.0,8
9,Gabriel Martinelli Silva,5.40238790576791,1.0,8
10,Reiss Nelson,2.0375247487891928,1.0,8
12,Ethan Nwaneri,0.7915175003806403,1.0,8
13,Martin Ødegaard,0.527687461729792,0.0,8
16,Declan Rice,3.0085155781385353,2.0,8
17,Bukayo Saka,4.780527025003842,0.0,8
19,Emile Smith Rowe,1.523686773358131,1.0,8
20,Thomas Partey,2.966859604975139,2.0,8
23,Leandro Trossard,3.1204688054766203,3.0,8
28,Leon Bailey,2.112543821434487,1.0,8
29,Ross Barkley,2.0312839834517034,1.0,8
30,Enzo Barrenechea,0.13254040052736116,0.0,8
31,Emiliano Buendía Stati,0.5616549386608867,1.0,8
33,Leander Dendoncker,0.13254040052736116,0.0,8
34,Moussa Diaby,0.13254040052736116,0.0,8
37,Lewis Dobbin,0.13254040052736116,0.0,8
41,Samuel Iling-Junior,0.13254040052736116,0.0,8
42,Boubacar Kamara,0.13254040052736116,0.0,8
48,John McGinn,0.524274532793036,1.0,8
53,Jacob Ramsey,0.7877842115688152,5.0,8
54,Morgan Rogers,2.404101511127843,6.0,8
57,Youri Tielemans,2.8389802861978994,5.0,8
60,Tyler Adams,0.14016836468782579,0.0,8
61,Jaidon Anthony,0.14016836468782579,0.0,8
62,David Brooks,0.919143728133343,0.0,8
63,Ryan Christie,1.6433009429631529,6.0,8
64,Lewis Cook,2.7821829630399524,3.0,8
66,Romain Faivre,0.14016836468782579,0.0,8
67,Hamed Traorè,0.14016836468782579,0.0,8
71,Justin Kluivert,2.0512353139593875,9.0,8
74,Dango Ouattara,1.532649994338274,3.0,8
76,Philip Billing,0.41799375892602164,0.0,8
77,Alex Scott,1.1768619320134608,3.0,8
78,Antoine Semenyo,2.584042540076238,2.0,8
80,Luis Sinisterra,1.3390891761801527,1.0,8
83,Marcus Tavernier,2.5202282045355586,3.0,8
87,Ethan Brierley,0.13099131004408404,0.0,8
89,Mikkel Damsgaard,3.403470572706235,5.0,8
90,Josh Dasilva,0.13099131004408404,0.0,8
94,Vitaly Janelt,2.3731898725176945,2.0,8
95,Mathias Jensen,0.2621136553671679,0.0,8
97,Yunus Emre Konak,1.169740855478441,0.0,8
98,Keane Lewis-Potter,2.988464644588163,2.0,8
99,Bryan Mbeumo,3.518699866399201,2.0,8
101,Christian Nørgaard,2.558938747681304,1.0,8
102,Frank Onyeka,0.14565520356933703,0.0,8
103,Myles Peart-Harris,0.13099131004408404,0.0,8
106,Kevin Schade,2.4859179720996023,2.0,8
111,Yehor Yarmoliuk,1.4056534258207973,1.0,8
113,Simon Adingra,0.5628278864321321,0.0,8
114,Benicio Baker-Boaitey,0.15925993434964925,0.0,8
115,Carlos Baleba,1.9994215476996287,3.0,8
117,Facundo Buonanotte,3.388040203853607,6.0,8
118,Amario Cozier-Duberry,0.15925993434964925,0.0,8
119,Mahmoud Dahoud,0.15925993434964925,0.0,8
121,Julio Enciso,1.2223860763934589,1.0,8
124,Billy Gilmour,0.4073995099597769,0.0,8
125,Pascal Groß,0.15925993434964925,0.0,8
126,Jack Hinshelwood,2.3319424970788507,2.0,8
127,Ibrahim Osman,0.15925993434964925,0.0,8
130,Kacper Kozłowski,0.15925993434964925,0.0,8
132,Solly March,0.15925993434964925,0.0,8
133,Adrian Mazilu,0.15925993434964925,0.0,8
134,James Milner,0.48328018298545183,0.0,8
135,Yankuba Minteh,2.6707206675538497,0.0,8
136,Mitoma Kaoru,3.302462296092859,1.0,8
137,Jakub Moder,0.15925993434964925,0.0,8
140,Cameron Peupion,0.15925993434964925,0.0,8
141,Jeremy Sarmiento Morante,0.13808724554478236,0.0,8
149,Mats Wieffer,1.044352339877598,1.0,8
150,Andrey Nascimento dos Santos,0.1645825460695476,0.0,8
151,Ângelo Gabriel Borges Damaceno,0.1645825460695476,0.0,8
157,Moisés Caicedo Corozo,1.9616200520803382,5.0,8
158,Cesare Casadei,0.1645825460695476,0.0,8
161,Carney Chukwuemeka,0.1645825460695476,0.0,8
166,Kiernan Dewsbury-Hall,0.38684027021594547,0.0,8
168,Enzo Fernández,1.7793475097406066,1.0,8
169,Conor Gallagher,0.1645825460695476,0.0,8
173,Omari Kellyman,0.1645825460695476,0.0,8
174,Roméo Lavia,0.35268960583726416,1.0,8
177,Noni Madueke,3.0682949967984605,2.0,8
179,Mykhailo Mudryk,1.1213930893530462,0.0,8
181,Christopher Nkunku,1.6288670544313426,1.0,8
182,Cole Palmer,3.51209568956512,2.0,8
184,Renato Palma Veiga,0.4745718737527369,0.0,8
186,Raheem Sterling,1.7743880366131082,1.0,8
188,Lesley Ugochukwu,0.6534179286741648,0.0,8
190,Naouirou Ahamada,0.13375052153946276,0.0,8
192,Jordan Ayew,1.9072403665620863,6.0,8
193,Cheick Doucouré,0.2925670957022497,0.0,8
197,Malcolm Ebiowei,0.13375052153946276,0.0,8
199,Eberechi Eze,3.007194555095908,2.0,8
203,Will Hughes,1.4209819838145714,2.0,8
205,Daichi Kamada,1.2469630711878565,1.0,8
206,Jefferson Lerma Solís,1.461699607061301,1.0,8
208,Matheus França de Oliveira,0.13375052153946276,0.0,8
212,David Ozoh,0.13375052153946276,0.0,8
213,Jesurun Rak-Sakyi,0.13375052153946276,0.0,8
214,Jeffrey Schlupp,0.6046597915309726,1.0,8
216,Adam Wharton,1.7686353882684127,0.0,8
217,Abdoulaye Doucouré,2.6458851933043332,3.0,8
222,Idrissa Gueye,1.7684626145060838,3.0,8
223,James Garner,1.72184302730017,0.0,8
224,Jack Harrison,2.7351737684614728,3.0,8
226,Tim Iroegbunam,1.2709649114274848,0.0,8
230,Dwight McNeil,4.365397240064074,6.0,8
233,Amadou Onana,1.1900608855425192,2.0,8
239,Adama Traoré,2.650452111224883,2.0,8
240,Andreas Hoelgebaum Pereira,3.2237640103859135,0.0,8
243,Tom Cairney,1.287822248872983,1.0,8
246,Luke Harris,0.15106655775990419,0.0,8
247,Alex Iwobi,2.996708773344059,2.0,8
249,Saša Lukić,1.653152088717131,0.0,8
254,Harrison Reed,0.5635183684435421,0.0,8
259,Harry Wilson,0.36042166457717517,1.0,8
262,Nathan Broadhead,0.15170781151142432,0.0,8
264,Wes Burns,1.8730664676370186,2.0,8
265,Conor Chaplin,1.032780842679589,1.0,8
271,Marcus Myers-Harness,0.3814161919496102,0.0,8
273,Cameron Humphreys,0.15170781151142432,0.0,8
274,Omari Giraud-Hutchinson,1.9285037112937227,2.0,8
277,Massimo Luongo,0.4430714994679188,0.0,8
278,Sam Morsy,2.21783938588361,2.0,8
281,Jack Taylor,1.2153401887067963,0.0,8
285,Boubakary Soumaré,0.7235677375613543,0.0,8
287,Hamza Choudhury,0.33148472231061143,0.0,8
290,Bobby De Cordova-Reid,1.109625863884034,1.0,8
292,Michael Golding,0.1314402905163603,0.0,8
297,Wanya Marçal-Madivádua,0.1314402905163603,0.0,8
298,Stephy Mavididi,2.706424634252855,2.0,8
299,Kasey McAteer,0.5028356299456616,0.0,8
300,Wilfred Ndidi,2.2131401261163006,2.0,8
309,Harry Winks,1.0124124830881804,3.0,8
312,Stefan Bajčetić Maquieira,0.25179751413745644,0.0,8
314,Fábio Freitas Gouveia Carvalho,2.678572775270055,1.0,8
315,Bobby Clark,0.25179751413745644,0.0,8
317,Diogo Teixeira da Silva,2.6331724897185405,1.0,8
318,Ben Doak,0.25179751413745644,0.0,8
319,Harvey Elliott,0.21405992975557542,0.0,8
320,Endo Wataru,0.6348449231160096,0.0,8
323,Ryan Gravenberch,2.505195078673937,2.0,8
324,Curtis Jones,1.9468867730713901,10.0,8
327,Luis Díaz,2.6237644237171054,1.0,8
328,Mohamed Salah,4.467768367304639,10.0,8
329,Alexis Mac Allister,1.6807243062729063,0.0,8
330,James McConnell,0.25179751413745644,0.0,8
331,Tyler Morton,0.25179751413745644,0.0,8
336,Dominik Szoboszlai,2.606652612828901,1.0,8
342,Bernardo Veiga de Carvalho e Silva,4.0483338713941075,2.0,8
343,Oscar Bobb,0.49512964171899254,0.0,8
345,Kevin De Bruyne,1.0514301433727047,0.0,8
346,Jérémy Doku,2.8999828518650093,5.0,8
348,Phil Foden,2.711443559552152,4.0,8
349,Jack Grealish,2.9558257250871574,1.0,8
354,Mateo Kovačić,4.790721495656196,2.0,8
356,Matheus Luiz Nunes,0.6430160827986384,1.0,8
357,James McAtee,0.48007485159138596,0.0,8
359,Kalvin Phillips,1.6362383183121967,2.0,8
360,Rodrigo 'Rodri' Hernandez,0.46306806886947305,0.0,8
364,Amad Diallo,1.0608028204725288,0.0,8
365,Antony Matheus dos Santos,1.1686206304998716,0.0,8
366,Bruno Borges Fernandes,2.301457527767721,5.0,8
368,Carlos Henrique Casimiro,1.41150092606485,2.0,8
370,Christian Eriksen,2.579246595049325,2.0,8
372,Alejandro Garnacho,2.2642337939985495,7.0,8
373,Hannibal Mejbri,0.1314402905163603,0.0,8
378,Kobbie Mainoo,1.8188362718349396,0.0,8
381,Scott McTominay,0.19967235336459588,0.0,8
382,Mason Mount,0.45878089758022256,0.0,8
384,Facundo Pellistri Rebollo,0.1314402905163603,0.0,8
385,Marcus Rashford,2.487481227718499,5.0,8
386,Jadon Sancho,1.8704152127495624,1.0,8
391,Miguel Almirón Rejala,1.538349134093635,1.0,8
392,Harvey Barnes,2.3282615941502387,1.0,8
394,Bruno Guimarães Rodriguez Moura,2.8277922765684,2.0,8
397,Ryan Fraser,0.4290317250404243,-2.0,8
398,Anthony Gordon,3.6239097182165363,2.0,8
400,Isaac Hayden,0.13254040052736116,0.0,8
402,Jacob Murphy,2.444569333694301,2.0,8
403,Joelinton Cássio Apolinário de Lira,3.328030849995879,2.0,8
406,Garang Kuol,0.13254040052736116,0.0,8
410,Sean Longstaff,1.1341814564701114,1.0,8
411,Lewis Miley,0.13254040052736116,0.0,8
417,Sandro Tonali,3.237618049579652,2.0,8
419,Joe White,0.13254040052736116,0.0,8
420,Joe Willock,0.9727689851479662,1.0,8
423,Elliot Anderson,2.1874263301153913,2.0,8
426,Josh Bowler,0.14552142772870003,0.0,8
428,Eric da Silva Moreira,0.14552142772870003,0.0,8
429,Danilo dos Santos de Oliveira,0.13716996712042473,0.0,8
431,Nicolás Domínguez,1.0443621744554745,2.0,8
432,Anthony Elanga,1.8669228290643396,3.0,8
433,Morgan Gibbs-White,2.023970482795553,0.0,8
434,Callum Hudson-Odoi,1.9864290691571016,3.0,8
435,Alex Mighten,0.14552142772870003,0.0,8
439,Lewis O'Brien,0.14552142772870003,0.0,8
442,Ibrahim Sangaré,0.3629112589042194,0.0,8
449,Ryan Yates,2.211349519642508,3.0,8
450,Carlos Alcaraz Durán,0.40005278562527913,0.0,8
451,Samuel Amo-Ameyaw,0.5359568202751523,0.0,8
452,Joe Aribo,2.262772912475387,7.0,8
458,Shea Charles,0.15106655775990419,0.0,8
459,Samuel Edozie,0.38253440046317433,0.0,8
462,Kamaldeen Sulemana,0.15106655775990419,1.0,8
463,Adam Lallana,0.8582062485745436,0.0,8
471,Will Smallbone,0.3472985491365761,1.0,8
480,Rodrigo Bentancur,2.062048870005593,1.0,8
481,Lucas Bergvall,0.4724787923027054,0.0,8
482,Yves Bissouma,0.7006377890106856,7.0,8
483,Bryan Gil Salvatierra,0.13759511652527756,0.0,8
485,Alfie Devine,0.13759511652527756,0.0,8
489,Archie Gray,0.3079435560155117,1.0,8
490,Pierre-Emile Højbjerg,0.13759511652527756,0.0,8
491,Brennan Johnson,4.7319109519866815,2.0,8
492,Dejan Kulusevski,3.7434370042936074,7.0,8
493,Giovani Lo Celso,0.13759511652527756,0.0,8
494,James Maddison,4.720793124804498,4.0,8
499,Pape Matar Sarr,0.876623393216112,4.0,8
501,Oliver Skipp,1.855464037747252,1.0,8
502,Manor Solomon,0.13759511652527756,0.0,8
503,Son Heung-min,1.0664272935045727,7.0,8
509,Timo Werner,3.3422077837218556,1.0,8
511,Edson Álvarez Velázquez,1.0602390414737695,1.0,8
514,Jarrod Bowen,3.7432273723771248,2.0,8
515,Maxwel Cornet,0.38282897027075347,0.0,8
518,Flynn Downes,2.264551457052523,2.0,8
519,George Earthy,0.15106655775990419,0.0,8
525,Mohammed Kudus,3.538488594982411,4.0,8
526,Luis Guilherme Lira dos Santos,0.5375264246423703,0.0,8
527,Lucas Tolentino Coelho de Lima,3.1091751384233444,1.0,8
530,Tomáš Souček,3.12381324601584,1.0,8
531,James Ward-Prowse,1.1979901259393175,0.0,8
534,Boubacar Traoré,0.14016836468782579,0.0,8
535,Jean-Ricner Bellegarde,2.0696660444637214,1.0,8
537,Francisco Jorge Tomás Oliveira,0.3510547674847109,0.0,8
538,Tawanda Chirewa,0.14016836468782579,0.0,8
540,Luke Cundle,0.14016836468782579,0.0,8
544,Tommy Doyle,0.5926150871665699,1.0,8
547,Enso González,0.14016836468782579,0.0,8
548,Gonçalo Manuel Ganchinho Guedes,1.6833865149512368,1.0,8
550,Hwang Hee-chan,1.2278429044865167,0.0,8
551,Joe Hodge,0.14016836468782579,0.0,8
553,João Victor Gomes da Silva,1.7249292272653438,1.0,8
557,Mario Lemina,2.540842854827286,2.0,8
560,Pedro Lomba Neto,1.6216993170233511,1.0,8
562,Daniel Castelo Podence,0.1310350818600199,0.0,8
563,Rodrigo Martins Gomes,0.4767487386623315,0.0,8
565,Pablo Sarabia,0.47191058546743925,-1.0,8
569,Jaden Philogene,1.5160487641085494,-2.0,8
570,Abdul Fatawu,1.6064897235853355,4.0,8
571,Sávio 'Savinho' Moreira de Oliveira,1.2080729806632258,1.0,8
576,Andy Irving,0.577992845372334,0.0,8
577,Jesper Lindstrøm,0.8123560742878158,0.0,8
584,Ben Brereton Díaz,1.0651562806344366,0.0,8
585,Ismaïla Sarr,2.0378834098292025,1.0,8
587,Crysencio Summerville,1.0010277106301348,1.0,8
588,Guido Rodríguez,1.5998678048059878,2.0,8
595,Brajan Gruda,0.6647844453282921,0.0,8
596,João Pedro Ferreira Silva,1.9093304233563035,1.0,8
597,Myles Lewis-Skelly,0.4874951885185892,0.0,8
600,Yasin Ayari,0.6648255576195141,2.0,8
601,Andrew Moran,0.15925993434964925,0.0,8
602,Ryan Trevitt,0.21838999652288305,0.0,8
603,Harrison Armstrong,0.1290437699146305,0.0,8
604,Josh King,0.15106655775990419,0.0,8
605,Martial Godo,0.15106655775990419,0.0,8
606,Will Alves,0.1314402905163603,0.0,8
607,Nico O'Reilly,0.49512964171899254,0.0,8
608,Tyler Dibling,2.3521793432836047,1.0,8
610,Mikey Moore,0.5842001101564009,0.0,8
611,Sam Szmodics,1.4782444900833145,1.0,8
612,Wilson Odobert,0.5207354627849896,0.0,8
613,Toby Collyer,0.3667687790115366,0.0,8
614,Jenson Metcalfe,0.13396826734952327,0.0,8
618,Georginio Rutter,3.1095555566696556,6.0,8
619,Jens Cajuste,0.39530958713310316,0.0,8
620,Ramón Sosa,0.8099408139047051,1.0,8
621,João Félix Sequeira,1.4896014515758278,0.0,8
622,Sander Berge,1.4519662393984696,2.0,8
623,Mateus Gonçalo Espanha Fernandes,2.394251800740877,1.0,8
625,Ilkay Gündogan,3.666717506964577,2.0,8
629,Matt O'Riley,0.15925993434964925,0.0,8
631,Jack Clarke,1.9267987373108735,2.0,8
632,Chiedozie Ogbene,0.8385369661733604,0.0,8
633,Mikel Merino,1.1483587339941002,2.0,8
634,Gustavo Nunes Fernandes Gomes,0.13099131004408404,0.0,8
635,Bilal El Khannouss,0.4445011528312204,2.0,8
636,Federico Chiesa,0.6536254228591427,0.0,8
638,Salah-Eddine Oulad M'hand,0.36945418728866297,0.0,8
642,André Trindade da Costa Neto,1.4453703322346305,1.0,8
644,Franco Umeh-Chibueze,0.13375052153946276,0.0,8
645,Justin Devenny,0.13375052153946276,0.0,8
646,Asher Agbinone,0.13375052153946276,1.0,8
647,Kaden Rodney,0.13375052153946276,0.0,8
651,Orel Mangala,1.7786426578353858,1.0,8
652,Manuel Ugarte,0.5379488565185699,1.0,8
654,Carlos Soler,1.349043555240928,0.0,8
655,Carlos Roberto Forbs Borges,1.4519624165288683,1.0,8
656,Kadan Young,0.13254040052736116,0.0,8
659,Ismeal Kabia,0.36945418728866297,0.0,8
661,Tony Yogane,0.13099131004408404,0.0,8
667,Jack Fletcher,0.1314402905163603,0.0,8
1,Fábio Ferreira Vieira,0.22071365385347397,0.0,9
7,Jorge Luiz Frello Filho,0.7205460420797958,0.0,9
9,Gabriel Martinelli Silva,2.481090780331222,2.0,9
10,Reiss Nelson,1.8475149440668162,1.0,9
12,Ethan Nwaneri,0.7349377917786777,1.0,9
13,Martin Ødegaard,0.46062343304309605,0.0,9
16,Declan Rice,2.253762588297029,5.0,9
17,Bukayo Saka,3.253981333377089,7.0,9
19,Emile Smith Rowe,2.6773376895643475,6.0,9
20,Thomas Partey,2.220574084188061,2.0,9
23,Leandro Trossard,2.676017874533925,2.0,9
28,Leon Bailey,2.266280625000052,4.0,9
29,Ross Barkley,1.8980112847863984,5.0,9
30,Enzo Barrenechea,0.11976874926481207,0.0,9
31,Emiliano Buendía Stati,1.2546406358890216,0.0,9
33,Leander Dendoncker,0.058765689184290704,0.0,9
34,Moussa Diaby,0.4572793344667696,0.0,9
37,Lewis Dobbin,0.2682764000668265,0.0,9
41,Samuel Iling-Junior,0.2465653765051563,0.0,9
42,Boubacar Kamara,0.2682764000668265,1.0,9
48,John McGinn,0.7929951197734062,2.0,9
53,Jacob Ramsey,2.103188143043292,1.0,9
54,Morgan Rogers,3.6213664540797597,1.0,9
57,Youri Tielemans,3.0820194973062094,1.0,9
60,Tyler Adams,0.12692009936437154,1.0,9
61,Jaidon Anthony,0.06865617836141613,0.0,9
62,David Brooks,0.2559119731750812,1.0,9
63,Ryan Christie,2.0732755491451957,2.0,9
64,Lewis Cook,2.6734903062435222,2.0,9
66,Romain Faivre,0.23180740713836734,0.0,9
67,Hamed Traorè,0.06865617836141613,0.0,9
71,Justin Kluivert,2.4079453438554763,2.0,9
74,Dango Ouattara,2.212343691739977,2.0,9
76,Philip Billing,0.21591860531801554,0.0,9
77,Alex Scott,2.0533028679218264,0.0,9
78,Antoine Semenyo,2.5938322035874712,1.0,9
80,Luis Sinisterra,1.2760187861425312,0.0,9
83,Marcus Tavernier,2.2906934813501074,3.0,9
87,Ethan Brierley,0.06104022792789854,0.0,9
89,Mikkel Damsgaard,3.495099189110003,2.0,9
90,Josh Dasilva,0.10909084875145814,0.0,9
94,Vitaly Janelt,2.713013831604231,5.0,9
95,Mathias Jensen,0.4214050520327066,1.0,9
97,Yunus Emre Konak,1.0222358534161025,0.0,9
98,Keane Lewis-Potter,2.7218711994101126,5.0,9
99,Bryan Mbeumo,4.77900178773599,12.0,9
101,Christian Nørgaard,2.2181049056868307,2.0,9
102,Frank Onyeka,0.10053596596480707,0.0,9
103,Myles Peart-Harris,0.06104022792789854,0.0,9
106,Kevin Schade,2.4432069721961884,1.0,9
111,Yehor Yarmoliuk,1.6211323691545747,0.0,9
113,Simon Adingra,1.329180719448348,0.0,9
114,Benicio Baker-Boaitey,0.058765689184290704,0.0,9
115,Carlos Baleba,3.4372545800995304,3.0,9
117,Facundo Buonanotte,2.744276207350283,2.0,9
118,Amario Cozier-Duberry,0.058765689184290704,0.0,9
119,Mahmoud Dahoud,0.11976874926481207,0.0,9
121,Julio Enciso,0.959050693593289,1.0,9
124,Billy Gilmour,0.28640754730811624,0.0,9
125,Pascal Groß,0.4572793344667696,0.0,9
126,Jack Hinshelwood,3.028501898952616,0.0,9
127,Ibrahim Osman,0.2682764000668265,0.0,9
130,Kacper Kozłowski,0.058765689184290704,0.0,9
132,Solly March,0.4572793344667696,0.0,9
133,Adrian Mazilu,0.058765689184290704,0.0,9
134,James Milner,0.28468494218418927,0.0,9
135,Yankuba Minteh,1.6246649458640805,0.0,9
136,Mitoma Kaoru,3.505731816170557,2.0,9
137,Jakub Moder,0.05599558230669466,0.0,9
140,Cameron Peupion,0.058765689184290704,0.0,9
141,Jeremy Sarmiento Morante,0.09779930177880658,0.0,9
149,Mats Wieffer,1.591337735694812,1.0,9
150,Andrey Nascimento dos Santos,0.06341557486873928,0.0,9
151,Ângelo Gabriel Borges Damaceno,0.06341557486873928,0.0,9
157,Moisés Caicedo Corozo,2.4039676533930407,2.0,9
158,Cesare Casadei,0.06341557486873928,0.0,9
161,Carney Chukwuemeka,0.10085218972207555,0.0,9
166,Kiernan Dewsbury-Hall,0.33557819804138145,0.0,9
168,Enzo Fernández,1.8681561474330035,1.0,9
169,Conor Gallagher,0.22718473933138084,0.0,9
173,Omari Kellyman,0.06014876280222925,0.0,9
174,Roméo Lavia,0.6437978206271668,4.0,9
177,Noni Madueke,2.95505760442758,1.0,9
179,Mykhailo Mudryk,1.0979956323056665,1.0,9
181,Christopher Nkunku,1.6430539290677606,0.0,9
182,Cole Palmer,5.085732570392066,7.0,9
184,Renato Palma Veiga,0.9339536193646087,0.0,9
186,Raheem Sterling,1.5386836969684499,0.0,9
188,Lesley Ugochukwu,0.5697112510514781,0.0,9
190,Naouirou Ahamada,0.07542741522049168,0.0,9
192,Jordan Ayew,2.64221621365252,0.0,9
193,Cheick Doucouré,0.2796838272052766,0.0,9
197,Malcolm Ebiowei,0.07542741522049168,0.0,9
199,Eberechi Eze,2.593718339963054,6.0,9
203,Will Hughes,1.5728915122071232,2.0,9
205,Daichi Kamada,1.9661273966901636,1.0,9
206,Jefferson Lerma Solís,1.7947995883558256,1.0,9
208,Matheus França de Oliveira,0.06906467382240544,0.0,9
212,David Ozoh,0.07542741522049168,0.0,9
213,Jesurun Rak-Sakyi,0.07542741522049168,0.0,9
214,Jeffrey Schlupp,0.6792677442599304,0.0,9
216,Adam Wharton,0.9569286307653755,3.0,9
217,Abdoulaye Doucouré,2.0045944670432982,2.0,9
222,Idrissa Gueye,1.6654266143650176,2.0,9
223,James Garner,0.9858735906796894,0.0,9
224,Jack Harrison,1.9269953225385956,2.0,9
226,Tim Iroegbunam,0.43118133260118263,0.0,9
230,Dwight McNeil,3.6008146122301588,2.0,9
233,Amadou Onana,1.9165115964871786,0.0,9
239,Adama Traoré,3.0301135936787746,3.0,9
240,Andreas Hoelgebaum Pereira,3.0759037429902465,3.0,9
243,Tom Cairney,0.9856311255359924,0.0,9
246,Luke Harris,0.0663755177582348,0.0,9
247,Alex Iwobi,2.767496225095818,8.0,9
249,Saša Lukić,1.1249535533746702,0.0,9
254,Harrison Reed,0.6112811091093913,1.0,9
259,Harry Wilson,0.6730040173846308,1.0,9
262,Nathan Broadhead,0.10719821873311597,0.0,9
264,Wes Burns,1.7735109734748242,1.0,9
265,Conor Chaplin,1.413297035152178,5.0,9
271,Marcus Myers-Harness,0.08158188218643847,0.0,9
273,Cameron Humphreys,0.07683561762702507,0.0,9
274,Omari Giraud-Hutchinson,2.18247119945282,0.0,9
277,Massimo Luongo,0.4054359923006863,0.0,9
278,Sam Morsy,1.7900964791099874,0.0,9
281,Jack Taylor,0.9639578342422683,0.0,9
285,Boubakary Soumaré,0.2738246716477173,0.0,9
287,Hamza Choudhury,0.17107756432253352,0.0,9
290,Bobby De Cordova-Reid,0.9909504842156953,0.0,9
292,Michael Golding,0.07234303456079205,0.0,9
297,Wanya Marçal-Madivádua,0.0781759570907048,0.0,9
298,Stephy Mavididi,2.316312880804504,1.0,9
299,Kasey McAteer,0.11835905570532201,0.0,9
300,Wilfred Ndidi,2.211521920299635,2.0,9
309,Harry Winks,1.9584871664849262,4.0,9
312,Stefan Bajčetić Maquieira,0.0663755177582348,0.0,9
314,Fábio Freitas Gouveia Carvalho,2.0496879320542494,1.0,9
315,Bobby Clark,0.0663755177582348,0.0,9
317,Diogo Teixeira da Silva,2.493773392706726,0.0,9
318,Ben Doak,0.0663755177582348,0.0,9
319,Harvey Elliott,0.15469730485553468,0.0,9
320,Endo Wataru,0.3179178268605729,1.0,9
323,Ryan Gravenberch,2.0440330268997267,2.0,9
324,Curtis Jones,2.832529685556623,2.0,9
327,Luis Díaz,2.005193068284771,5.0,9
328,Mohamed Salah,4.670632603038705,7.0,9
329,Alexis Mac Allister,1.2932115449588153,1.0,9
330,James McConnell,0.0663755177582348,0.0,9
331,Tyler Morton,0.06251868064507748,0.0,9
336,Dominik Szoboszlai,2.542152066472502,1.0,9
342,Bernardo Veiga de Carvalho e Silva,3.369375728474333,3.0,9
343,Oscar Bobb,0.12940742497505786,0.0,9
345,Kevin De Bruyne,0.941740105006863,0.0,9
346,Jérémy Doku,2.8934640000337684,0.0,9
348,Phil Foden,2.291788758263877,3.0,9
349,Jack Grealish,2.4493962668409193,0.0,9
354,Mateo Kovačić,3.432932324617113,2.0,9
356,Matheus Luiz Nunes,1.1018314779973926,6.0,9
357,James McAtee,0.12940742497505786,0.0,9
359,Kalvin Phillips,1.6525585043150182,2.0,9
360,Rodrigo 'Rodri' Hernandez,0.8857112237184315,0.0,9
364,Amad Diallo,1.188710474370498,1.0,9
365,Antony Matheus dos Santos,0.9081216499859108,0.0,9
366,Bruno Borges Fernandes,4.096952598518936,2.0,9
368,Carlos Henrique Casimiro,2.918621392022514,7.0,9
370,Christian Eriksen,3.1748073344340666,2.0,9
372,Alejandro Garnacho,3.369772144842406,2.0,9
373,Hannibal Mejbri,0.07452256578128091,0.0,9
378,Kobbie Mainoo,1.3041854034731584,0.0,9
381,Scott McTominay,0.10160555933031779,0.0,9
382,Mason Mount,0.7146890543661528,0.0,9
384,Facundo Pellistri Rebollo,0.20270275076494304,0.0,9
385,Marcus Rashford,3.8252253219953634,1.0,9
386,Jadon Sancho,2.2413033995365543,0.0,9
391,Miguel Almirón Rejala,0.8179634358876702,2.0,9
392,Harvey Barnes,2.4117685158918976,2.0,9
394,Bruno Guimarães Rodriguez Moura,2.137083498523201,2.0,9
397,Ryan Fraser,0.6132543967920561,0.0,9
398,Anthony Gordon,3.082566375702897,0.0,9
400,Isaac Hayden,0.07227113147384667,0.0,9
402,Jacob Murphy,2.2220511879505276,1.0,9
403,Joelinton Cássio Apolinário de Lira,2.203425654709074,2.0,9
406,Garang Kuol,0.07227113147384667,0.0,9
410,Sean Longstaff,0.841169690429493,0.0,9
411,Lewis Miley,0.17215067673309425,0.0,9
417,Sandro Tonali,2.3015095482797863,1.0,9
419,Joe White,0.07227113147384667,0.0,9
420,Joe Willock,1.1219703555458649,1.0,9
423,Elliot Anderson,2.8861154706169527,5.0,9
426,Josh Bowler,0.11918247097700885,0.0,9
428,Eric da Silva Moreira,0.11918247097700885,0.0,9
429,Danilo dos Santos de Oliveira,0.1390392712103523,0.0,9
431,Nicolás Domínguez,2.4477082246553774,1.0,9
432,Anthony Elanga,3.0870659480547955,2.0,9
433,Morgan Gibbs-White,1.5141862772220094,0.0,9
434,Callum Hudson-Odoi,2.1587250582603277,2.0,9
435,Alex Mighten,0.11918247097700885,0.0,9
439,Lewis O'Brien,0.30030571901856584,0.0,9
442,Ibrahim Sangaré,0.24950336030614473,0.0,9
449,Ryan Yates,2.8505822851407183,7.0,9
450,Carlos Alcaraz Durán,0.11258617278972771,0.0,9
451,Samuel Amo-Ameyaw,0.10991448535400128,0.0,9
452,Joe Aribo,2.331682654689331,1.0,9
458,Shea Charles,0.05877143373743987,0.0,9
459,Samuel Edozie,0.14844645771664178,0.0,9
462,Kamaldeen Sulemana,0.9320910363504482,1.0,9
463,Adam Lallana,0.9787926539351322,0.0,9
471,Will Smallbone,0.7059791975758585,0.0,9
480,Rodrigo Bentancur,1.3861172083036175,1.0,9
481,Lucas Bergvall,0.3393301247673146,0.0,9
482,Yves Bissouma,1.6275157624077536,2.0,9
483,Bryan Gil Salvatierra,0.17215067673309425,0.0,9
485,Alfie Devine,0.06488261066687873,0.0,9
489,Archie Gray,0.20172373708208724,0.0,9
490,Pierre-Emile Højbjerg,0.17215067673309425,0.0,9
491,Brennan Johnson,3.0987908940565694,1.0,9
492,Dejan Kulusevski,2.4274506993588156,1.0,9
493,Giovani Lo Celso,0.11925677684383063,0.0,9
494,James Maddison,2.9324933965274944,2.0,9
499,Pape Matar Sarr,1.7970628364187204,1.0,9
501,Oliver Skipp,1.7839431888684052,0.0,9
502,Manor Solomon,0.21330466076198284,0.0,9
503,Son Heung-min,2.577327762043007,0.0,9
509,Timo Werner,1.6699720405647582,1.0,9
511,Edson Álvarez Velázquez,1.1197716002011902,2.0,9
514,Jarrod Bowen,3.093598670762111,7.0,9
515,Maxwel Cornet,0.39152146956434697,0.0,9
518,Flynn Downes,2.0107115920920275,1.0,9
519,George Earthy,0.0691155463884714,0.0,9
525,Mohammed Kudus,3.2229139587808895,0.0,9
526,Luis Guilherme Lira dos Santos,0.23919765742327748,0.0,9
527,Lucas Tolentino Coelho de Lima,2.5036004480022065,0.0,9
530,Tomáš Souček,2.3356136460722867,1.0,9
531,James Ward-Prowse,1.2204361738522183,0.0,9
534,Boubacar Traoré,0.09965839152921818,0.0,9
535,Jean-Ricner Bellegarde,1.1495825302549116,0.0,9
537,Francisco Jorge Tomás Oliveira,0.09954831342613701,0.0,9
538,Tawanda Chirewa,0.0781759570907048,0.0,9
540,Luke Cundle,0.0781759570907048,0.0,9
544,Tommy Doyle,1.101525059387816,5.0,9
547,Enso González,0.0781759570907048,0.0,9
548,Gonçalo Manuel Ganchinho Guedes,1.0443884444913696,1.0,9
550,Hwang Hee-chan,0.7065580184111644,0.0,9
551,Joe Hodge,0.0781759570907048,0.0,9
553,João Victor Gomes da Silva,1.9685143105241982,2.0,9
557,Mario Lemina,2.5345644514781345,1.0,9
560,Pedro Lomba Neto,1.6343594643021087,4.0,9
562,Daniel Castelo Podence,0.23094888973171823,0.0,9
563,Rodrigo Martins Gomes,0.3819754869195622,1.0,9
565,Pablo Sarabia,0.15739775697068392,1.0,9
569,Jaden Philogene,1.1452167688027286,0.0,9
570,Abdul Fatawu,1.639439471827231,2.0,9
571,Sávio 'Savinho' Moreira de Oliveira,2.7841017103121235,3.0,9
576,Andy Irving,0.3340844332561659,0.0,9
577,Jesper Lindstrøm,0.8163243598397769,1.0,9
584,Ben Brereton Díaz,0.7816228786849133,0.0,9
585,Ismaïla Sarr,1.5932391568424054,3.0,9
587,Crysencio Summerville,0.819976084776247,5.0,9
588,Guido Rodríguez,1.4624822730310303,2.0,9
595,Brajan Gruda,0.31928439333149194,1.0,9
596,João Pedro Ferreira Silva,1.8301115310964589,1.0,9
597,Myles Lewis-Skelly,0.2584773153456119,1.0,9
600,Yasin Ayari,2.2572157727500493,2.0,9
601,Andrew Moran,0.2682764000668265,0.0,9
602,Ryan Trevitt,0.3027092736445436,0.0,9
603,Harrison Armstrong,0.0781759570907048,0.0,9
604,Josh King,0.0663755177582348,0.0,9
605,Martial Godo,0.0663755177582348,0.0,9
606,Will Alves,0.0781759570907048,0.0,9
607,Nico O'Reilly,0.3149422757433493,0.0,9
608,Tyler Dibling,2.059682043718186,1.0,9
610,Mikey Moore,0.448094052931018,2.0,9
611,Sam Szmodics,1.27344909812118,7.0,9
612,Wilson Odobert,0.2699357369764184,0.0,9
613,Toby Collyer,0.16299733380373027,0.0,9
614,Jenson Metcalfe,0.0781759570907048,0.0,9
618,Georginio Rutter,4.46892110247459,5.0,9
619,Jens Cajuste,0.31999338907774666,2.0,9
620,Ramón Sosa,1.6528374098447438,1.0,9
621,João Félix Sequeira,1.1335253855366885,0.0,9
622,Sander Berge,1.922428509162792,2.0,9
623,Mateus Gonçalo Espanha Fernandes,1.9140122100670922,2.0,9
625,Ilkay Gündogan,3.4780584223177042,1.0,9
629,Matt O'Riley,0.2657429444720152,0.0,9
631,Jack Clarke,2.029952838657186,1.0,9
632,Chiedozie Ogbene,0.7180279724972314,1.0,9
633,Mikel Merino,2.070984350609419,7.0,9
634,Gustavo Nunes Fernandes Gomes,0.12827710463944797,0.0,9
635,Bilal El Khannouss,1.0316924650048565,1.0,9
636,Federico Chiesa,0.594844327722643,0.0,9
638,Salah-Eddine Oulad M'hand,0.06413323470640009,0.0,9
642,André Trindade da Costa Neto,1.662986859608461,1.0,9
644,Franco Umeh-Chibueze,0.07542741522049168,0.0,9
645,Justin Devenny,0.07542741522049168,0.0,9
646,Asher Agbinone,0.3594528005863715,0.0,9
647,Kaden Rodney,0.07542741522049168,0.0,9
651,Orel Mangala,1.4497772308430976,1.0,9
652,Manuel Ugarte,1.0748788172614283,0.0,9
654,Carlos Soler,1.1387018101925515,1.0,9
655,Carlos Roberto Forbs Borges,1.0229357665880796,1.0,9
656,Kadan Young,0.058765689184290704,0.0,9
659,Ismeal Kabia,0.06413323470640009,0.0,9
661,Tony Yogane,0.06104022792789854,0.0,9
667,Jack Fletcher,0.07452256578128091,0.0,9
1,Fábio Ferreira Vieira,0.08987044429106517,0.0,10
7,Jorge Luiz Frello Filho,0.3732382085797914,0.0,10
9,Gabriel Martinelli Silva,3.204349607421828,2.0,10
10,Reiss Nelson,1.9047067734632375,2.0,10
12,Ethan Nwaneri,0.5452552965573179,1.0,10
13,Martin Ødegaard,0.310249125456755,0.0,10
16,Declan Rice,3.3290286650244623,2.0,10
17,Bukayo Saka,3.8782307954011905,2.0,10
19,Emile Smith Rowe,2.305800518026465,2.0,10
20,Thomas Partey,2.35204475527585,2.0,10
23,Leandro Trossard,2.5859175407875234,2.0,10
28,Leon Bailey,1.9685539867022648,1.0,10
29,Ross Barkley,2.2483731406296297,0.0,10
30,Enzo Barrenechea,0.0985976569951541,0.0,10
31,Emiliano Buendía Stati,0.9020906885299613,0.0,10
33,Leander Dendoncker,0.1416757819746408,0.0,10
34,Moussa Diaby,0.09128487144806607,0.0,10
37,Lewis Dobbin,0.08987044429106517,0.0,10
41,Samuel Iling-Junior,0.09974259855697953,0.0,10
42,Boubacar Kamara,0.6625896253609733,1.0,10
48,John McGinn,1.2457442175378475,2.0,10
53,Jacob Ramsey,1.9755761738233524,2.0,10
54,Morgan Rogers,2.1254184617032346,7.0,10
57,Youri Tielemans,3.6534616546393233,2.0,10
60,Tyler Adams,0.3615916063996485,0.0,10
61,Jaidon Anthony,0.10496840601560953,0.0,10
62,David Brooks,0.7512104595858813,1.0,10
63,Ryan Christie,2.2900631774745666,2.0,10
64,Lewis Cook,2.577609775174677,2.0,10
66,Romain Faivre,0.08987044429106517,0.0,10
67,Hamed Traorè,0.10208615076969085,0.0,10
71,Justin Kluivert,2.434785075209784,3.0,10
74,Dango Ouattara,2.6126885839535046,0.0,10
76,Philip Billing,0.1903240041832568,0.0,10
77,Alex Scott,1.6283350481741374,0.0,10
78,Antoine Semenyo,2.6760228513978612,7.0,10
80,Luis Sinisterra,1.5084316529256832,0.0,10
83,Marcus Tavernier,2.0989986264250167,2.0,10
87,Ethan Brierley,0.11190189105194825,0.0,10
89,Mikkel Damsgaard,3.5661737650346623,3.0,10
90,Josh Dasilva,0.09048925617225345,0.0,10
94,Vitaly Janelt,2.475011313073,7.0,10
95,Mathias Jensen,0.75463405045162,1.0,10
97,Yunus Emre Konak,0.8708184935574832,0.0,10
98,Keane Lewis-Potter,2.2190453569885182,3.0,10
99,Bryan Mbeumo,4.4982212229465075,3.0,10
101,Christian Nørgaard,2.0032932691643373,5.0,10
102,Frank Onyeka,0.09174984596734204,0.0,10
103,Myles Peart-Harris,0.10585691461783542,0.0,10
106,Kevin Schade,2.0438094613992153,1.0,10
111,Yehor Yarmoliuk,0.9808119960688648,1.0,10
113,Simon Adingra,0.49197526665422453,1.0,10
114,Benicio Baker-Boaitey,0.08987044429106517,0.0,10
115,Carlos Baleba,2.38192060402056,0.0,10
117,Facundo Buonanotte,3.460814511751712,1.0,10
118,Amario Cozier-Duberry,0.09892822159278714,0.0,10
119,Mahmoud Dahoud,0.08987044429106517,0.0,10
121,Julio Enciso,1.258562194639243,0.0,10
124,Billy Gilmour,0.23054403863640038,0.0,10
125,Pascal Groß,0.08987044429106517,0.0,10
126,Jack Hinshelwood,1.7339240934225062,2.0,10
127,Ibrahim Osman,0.08987044429106517,0.0,10
130,Kacper Kozłowski,0.10134406804240426,0.0,10
132,Solly March,0.0985976569951541,0.0,10
133,Adrian Mazilu,0.09111345118591752,0.0,10
134,James Milner,0.29513776610891673,0.0,10
135,Yankuba Minteh,1.0800648793506706,0.0,10
136,Mitoma Kaoru,3.213277443829278,2.0,10
137,Jakub Moder,0.35687270052842734,1.0,10
140,Cameron Peupion,0.10208615076969085,0.0,10
141,Jeremy Sarmiento Morante,0.0641050680192965,0.0,10
149,Mats Wieffer,1.6607044748817508,1.0,10
150,Andrey Nascimento dos Santos,0.08987044429106517,0.0,10
151,Ângelo Gabriel Borges Damaceno,0.10232453530483587,0.0,10
157,Moisés Caicedo Corozo,2.5389370017093906,7.0,10
158,Cesare Casadei,0.10106844915062174,0.0,10
161,Carney Chukwuemeka,0.10403346259077306,0.0,10
166,Kiernan Dewsbury-Hall,0.3287941649673902,0.0,10
168,Enzo Fernández,1.7282730437631946,1.0,10
169,Conor Gallagher,0.09793812258288614,0.0,10
173,Omari Kellyman,0.09962563852370065,0.0,10
174,Roméo Lavia,1.614264002425596,2.0,10
177,Noni Madueke,3.0227399376170885,2.0,10
179,Mykhailo Mudryk,1.7875633612403297,1.0,10
181,Christopher Nkunku,1.7159741310782408,0.0,10
182,Cole Palmer,3.334863959761127,2.0,10
184,Renato Palma Veiga,0.5707273641720718,0.0,10
186,Raheem Sterling,0.5886974309231316,0.0,10
188,Lesley Ugochukwu,0.46859592507016634,1.0,10
190,Naouirou Ahamada,0.10830278982516361,0.0,10
192,Jordan Ayew,1.911342076869282,6.0,10
193,Cheick Doucouré,0.1777114143435412,1.0,10
197,Malcolm Ebiowei,0.08987044429106517,0.0,10
199,Eberechi Eze,3.269403865649439,0.0,10
203,Will Hughes,2.11440537621293,1.0,10
205,Daichi Kamada,1.221645114982941,2.0,10
206,Jefferson Lerma Solís,1.5343044234937846,0.0,10
208,Matheus França de Oliveira,0.2793372344686973,0.0,10
212,David Ozoh,0.10134406804240426,0.0,10
213,Jesurun Rak-Sakyi,0.11430684652347667,0.0,10
214,Jeffrey Schlupp,0.7670930225404082,1.0,10
216,Adam Wharton,2.2520954046786184,0.0,10
217,Abdoulaye Doucouré,2.1828697629908724,0.0,10
222,Idrissa Gueye,1.7363861589901086,2.0,10
223,James Garner,0.5468909310750139,0.0,10
224,Jack Harrison,2.05609993501802,1.0,10
226,Tim Iroegbunam,0.5999486668576282,0.0,10
230,Dwight McNeil,2.899745088152777,2.0,10
233,Amadou Onana,1.8861644113156384,2.0,10
239,Adama Traoré,3.015532474912371,4.0,10
240,Andreas Hoelgebaum Pereira,2.570984497184557,2.0,10
243,Tom Cairney,0.5635476612387449,1.0,10
246,Luke Harris,0.08987044429106517,0.0,10
247,Alex Iwobi,2.9303470847322153,2.0,10
249,Saša Lukić,0.696961953659851,0.0,10
254,Harrison Reed,0.7967932837294094,0.0,10
259,Harry Wilson,0.7231933423630377,10.0,10
262,Nathan Broadhead,0.10890337310983877,0.0,10
264,Wes Burns,1.870976281561644,1.0,10
265,Conor Chaplin,2.3754642713502188,2.0,10
271,Marcus Myers-Harness,0.19532524076329505,0.0,10
273,Cameron Humphreys,0.10729417112544137,0.0,10
274,Omari Giraud-Hutchinson,1.0381750456112222,3.0,10
277,Massimo Luongo,0.2759026399734963,0.0,10
278,Sam Morsy,1.321186611838442,5.0,10
281,Jack Taylor,0.6996793551535552,0.0,10
285,Boubakary Soumaré,0.7277467596646479,1.0,10
287,Hamza Choudhury,0.25055682763734977,0.0,10
290,Bobby De Cordova-Reid,0.959493062587887,0.0,10
292,Michael Golding,0.3110079498122853,0.0,10
297,Wanya Marçal-Madivádua,0.10173898656752156,0.0,10
298,Stephy Mavididi,2.337582470398507,1.0,10
299,Kasey McAteer,0.20249680912847934,1.0,10
300,Wilfred Ndidi,2.116565501525205,2.0,10
309,Harry Winks,3.046813312565834,2.0,10
312,Stefan Bajčetić Maquieira,0.11590593668846072,0.0,10
314,Fábio Freitas Gouveia Carvalho,2.3581124610527304,1.0,10
315,Bobby Clark,0.10585691461783542,0.0,10
317,Diogo Teixeira da Silva,1.1313032807034062,0.0,10
318,Ben Doak,0.10585691461783542,0.0,10
319,Harvey Elliott,0.06829753579654785,0.0,10
320,Endo Wataru,0.33893179364889514,1.0,10
323,Ryan Gravenberch,2.0885649558794004,2.0,10
324,Curtis Jones,2.5865765681621022,4.0,10
327,Luis Díaz,2.7696386618403377,1.0,10
328,Mohamed Salah,3.7207187224198437,7.0,10
329,Alexis Mac Allister,1.900135533331932,1.0,10
330,James McConnell,0.10486584050337022,0.0,10
331,Tyler Morton,0.1322219532444393,0.0,10
336,Dominik Szoboszlai,1.772415771600948,2.0,10
342,Bernardo Veiga de Carvalho e Silva,3.707959972422837,2.0,10
343,Oscar Bobb,0.10208615076969085,0.0,10
345,Kevin De Bruyne,0.45102266005172087,0.0,10
346,Jérémy Doku,2.1010205278177896,1.0,10
348,Phil Foden,2.4484587131038227,2.0,10
349,Jack Grealish,1.6211745384670495,0.0,10
354,Mateo Kovačić,2.5227252104507203,2.0,10
356,Matheus Luiz Nunes,2.0512976670837118,2.0,10
357,James McAtee,0.09147536405100931,0.0,10
359,Kalvin Phillips,2.423449599234517,-1.0,10
360,Rodrigo 'Rodri' Hernandez,0.23447648615784322,0.0,10
364,Amad Diallo,2.2128444293080953,0.0,10
365,Antony Matheus dos Santos,0.6231051588881256,0.0,10
366,Bruno Borges Fernandes,3.1320963561256834,7.0,10
368,Carlos Henrique Casimiro,3.1189975976174207,1.0,10
370,Christian Eriksen,2.435201445534955,0.0,10
372,Alejandro Garnacho,3.1816492231424043,2.0,10
373,Hannibal Mejbri,0.10120979693954268,0.0,10
378,Kobbie Mainoo,0.8893346744061117,0.0,10
381,Scott McTominay,0.08694281687958139,0.0,10
382,Mason Mount,0.3113641089919157,0.0,10
384,Facundo Pellistri Rebollo,0.09048925617225345,0.0,10
385,Marcus Rashford,2.3652037355887243,2.0,10
386,Jadon Sancho,1.9978320636824458,0.0,10
391,Miguel Almirón Rejala,1.1268875414961759,0.0,10
392,Harvey Barnes,2.9704258555209018,1.0,10
394,Bruno Guimarães Rodriguez Moura,2.1323762084944544,3.0,10
397,Ryan Fraser,0.4394211809850188,0.0,10
398,Anthony Gordon,2.3127500956187586,6.0,10
400,Isaac Hayden,0.11108329246649484,0.0,10
402,Jacob Murphy,2.081052666374182,0.0,10
403,Joelinton Cássio Apolinário de Lira,2.748493185178976,3.0,10
406,Garang Kuol,0.11590593668846072,0.0,10
410,Sean Longstaff,1.1879855151557894,3.0,10
411,Lewis Miley,0.0985976569951541,0.0,10
417,Sandro Tonali,1.8888850008474005,0.0,10
419,Joe White,0.11119057860404169,0.0,10
420,Joe Willock,1.6749948404965176,2.0,10
423,Elliot Anderson,2.692993627232161,3.0,10
426,Josh Bowler,0.11032743338123252,0.0,10
428,Eric da Silva Moreira,0.11642108158338083,1.0,10
429,Danilo dos Santos de Oliveira,0.07314133574926807,0.0,10
431,Nicolás Domínguez,2.4657519489317057,3.0,10
432,Anthony Elanga,2.140406111800245,3.0,10
433,Morgan Gibbs-White,0.7050124450737405,3.0,10
434,Callum Hudson-Odoi,2.133567368041281,8.0,10
435,Alex Mighten,0.09111345118591752,0.0,10
439,Lewis O'Brien,0.09496999906659687,0.0,10
442,Ibrahim Sangaré,0.5594592496153536,0.0,10
449,Ryan Yates,2.842443051319016,3.0,10
450,Carlos Alcaraz Durán,0.23332231357974642,0.0,10
451,Samuel Amo-Ameyaw,0.3239638249054062,0.0,10
452,Joe Aribo,2.238394961675511,1.0,10
458,Shea Charles,0.10205326457097108,0.0,10
459,Samuel Edozie,0.18231186702217883,0.0,10
462,Kamaldeen Sulemana,0.5901475982750393,0.0,10
463,Adam Lallana,1.1546588125048052,1.0,10
471,Will Smallbone,0.3838317860793836,0.0,10
480,Rodrigo Bentancur,1.26236240040544,1.0,10
481,Lucas Bergvall,0.39540331025362807,0.0,10
482,Yves Bissouma,1.9845131031730716,1.0,10
483,Bryan Gil Salvatierra,0.10134406804240426,0.0,10
485,Alfie Devine,0.10208615076969085,0.0,10
489,Archie Gray,0.3221104725968784,1.0,10
490,Pierre-Emile Højbjerg,0.10134406804240426,0.0,10
491,Brennan Johnson,2.9475419093094475,7.0,10
492,Dejan Kulusevski,3.571601382334486,5.0,10
493,Giovani Lo Celso,0.1081417584868376,0.0,10
494,James Maddison,3.583551885616001,6.0,10
499,Pape Matar Sarr,1.657675529408766,2.0,10
501,Oliver Skipp,0.8519538686243275,0.0,10
502,Manor Solomon,0.09817332884805374,0.0,10
503,Son Heung-min,1.9370504131883939,4.0,10
509,Timo Werner,1.7351199716351386,0.0,10
511,Edson Álvarez Velázquez,1.751719747726475,-2.0,10
514,Jarrod Bowen,3.5871785420006423,2.0,10
515,Maxwel Cornet,0.31195923807643133,0.0,10
518,Flynn Downes,2.0705778218315087,3.0,10
519,George Earthy,0.10166751170997035,0.0,10
525,Mohammed Kudus,2.543023713940162,0.0,10
526,Luis Guilherme Lira dos Santos,0.29420855666923496,0.0,10
527,Lucas Tolentino Coelho de Lima,2.243641803171756,1.0,10
530,Tomáš Souček,2.4702095999263447,0.0,10
531,James Ward-Prowse,0.49733776103905836,0.0,10
534,Boubacar Traoré,0.11208437599278698,0.0,10
535,Jean-Ricner Bellegarde,0.7245695312924649,1.0,10
537,Francisco Jorge Tomás Oliveira,0.2036040630016691,0.0,10
538,Tawanda Chirewa,0.09962563852370065,0.0,10
540,Luke Cundle,0.17092859647821657,0.0,10
544,Tommy Doyle,2.171473638901978,2.0,10
547,Enso González,0.0992295989197407,0.0,10
548,Gonçalo Manuel Ganchinho Guedes,1.0900812985632946,3.0,10
550,Hwang Hee-chan,0.4041722328839521,0.0,10
551,Joe Hodge,0.13431416797214357,0.0,10
553,João Victor Gomes da Silva,1.5424489055480697,7.0,10
557,Mario Lemina,2.3218547817950563,1.0,10
560,Pedro Lomba Neto,2.4643501603608984,2.0,10
562,Daniel Castelo Podence,0.06772605618879357,0.0,10
563,Rodrigo Martins Gomes,0.4335018039957692,0.0,10
565,Pablo Sarabia,0.7723927669299275,2.0,10
569,Jaden Philogene,0.8059527601083785,1.0,10
570,Abdul Fatawu,2.3524012949009867,2.0,10
571,Sávio 'Savinho' Moreira de Oliveira,3.112491028443359,0.0,10
576,Andy Irving,0.3588630842724774,1.0,10
577,Jesper Lindstrøm,0.8965473425592521,2.0,10
584,Ben Brereton Díaz,0.6169184870667963,0.0,10
585,Ismaïla Sarr,2.174255835353903,2.0,10
587,Crysencio Summerville,2.5288705354331915,1.0,10
588,Guido Rodríguez,1.8558743079036715,0.0,10
595,Brajan Gruda,0.8544314517759206,1.0,10
596,João Pedro Ferreira Silva,1.5653072013901497,1.0,10
597,Myles Lewis-Skelly,0.9016643697714462,0.0,10
600,Yasin Ayari,1.9354390489870754,2.0,10
601,Andrew Moran,0.08987044429106517,0.0,10
602,Ryan Trevitt,0.25016546287656505,0.0,10
603,Harrison Armstrong,0.16459257969471386,0.0,10
604,Josh King,0.11294699556239918,0.0,10
605,Martial Godo,0.09962563852370065,0.0,10
606,Will Alves,0.11294699556239918,0.0,10
607,Nico O'Reilly,0.1081417584868376,0.0,10
608,Tyler Dibling,1.8964006575232029,0.0,10
610,Mikey Moore,0.6408534204749081,0.0,10
611,Sam Szmodics,2.4886994017830153,3.0,10
612,Wilson Odobert,0.17157231248228788,0.0,10
613,Toby Collyer,0.19062220537350782,0.0,10
614,Jenson Metcalfe,0.08987044429106517,0.0,10
618,Georginio Rutter,2.759222796204253,2.0,10
619,Jens Cajuste,1.0808625535235183,0.0,10
620,Ramón Sosa,1.4291389688238185,1.0,10
621,João Félix Sequeira,0.8628772815482577,0.0,10
622,Sander Berge,1.6447956408270015,2.0,10
623,Mateus Gonçalo Espanha Fernandes,2.5492549934012416,2.0,10
625,Ilkay Gündogan,1.8526192735922429,5.0,10
629,Matt O'Riley,0.08987044429106517,0.0,10
631,Jack Clarke,1.616421744400082,1.0,10
632,Chiedozie Ogbene,0.43691925954778554,0.0,10
633,Mikel Merino,2.3247116476208793,1.0,10
634,Gustavo Nunes Fernandes Gomes,0.08987044429106517,0.0,10
635,Bilal El Khannouss,0.9078051813267001,1.0,10
636,Federico Chiesa,0.5526041670379245,0.0,10
638,Salah-Eddine Oulad M'hand,0.1081417584868376,0.0,10
642,André Trindade da Costa Neto,1.3315900319624951,0.0,10
644,Franco Umeh-Chibueze,0.10120979693954268,0.0,10
645,Justin Devenny,0.09111345118591752,0.0,10
646,Asher Agbinone,0.4988842723854612,0.0,10
647,Kaden Rodney,0.10166751170997035,0.0,10
651,Orel Mangala,1.136859514417206,2.0,10
652,Manuel Ugarte,0.7301244305314629,1.0,10
654,Carlos Soler,0.9743774426744172,1.0,10
655,Carlos Roberto Forbs Borges,1.176765648205726,0.0,10
656,Kadan Young,0.1308917416530484,0.0,10
659,Ismeal Kabia,0.09255039672556675,0.0,10
661,Tony Yogane,0.11032743338123252,0.0,10
667,Jack Fletcher,0.09111345118591752,0.0,10
671,Jacob Wright,0.10489299436360788,0.0,10
673,Jayce Fitzgerald,0.10489299436360788,0.0,10
674,Paris Maghoma,0.10489299436360788,0.0,10
1,Fábio Ferreira Vieira,0.0,0.0,11
7,Jorge Luiz Frello Filho,0.6499999999999999,0.0,11
9,Gabriel Martinelli Silva,2.62,7.0,11
10,Reiss Nelson,2.3099999999999996,3.0,11
12,Ethan Nwaneri,0.77,0.0,11
13,Martin Ødegaard,0.31000000000000005,5.0,11
16,Declan Rice,2.63,2.0,11
17,Bukayo Saka,2.9800000000000004,2.0,11
19,Emile Smith Rowe,2.05,8.0,11
20,Thomas Partey,1.54,2.0,11
23,Leandro Trossard,1.54,1.0,11
28,Leon Bailey,2.59,2.0,11
29,Ross Barkley,1.5499999999999998,0.0,11
30,Enzo Barrenechea,0.0,0.0,11
31,Emiliano Buendía Stati,0.43000000000000016,0.0,11
33,Leander Dendoncker,0.0,0.0,11
34,Moussa Diaby,0.0,0.0,11
37,Lewis Dobbin,0.002861111111110759,0.0,11
41,Samuel Iling-Junior,0.0,0.0,11
42,Boubacar Kamara,2.0300000000000002,0.0,11
48,John McGinn,2.0300000000000002,1.0,11
53,Jacob Ramsey,2.01,1.0,11
54,Morgan Rogers,2.1399999999999997,1.0,11
57,Youri Tielemans,3.3,1.0,11
60,Tyler Adams,1.37,2.0,11
61,Jaidon Anthony,0.2400000000000002,0.0,11
62,David Brooks,1.29,1.0,11
63,Ryan Christie,2.8600000000000003,1.0,11
64,Lewis Cook,2.0599999999999996,5.0,11
66,Romain Faivre,0.0,0.0,11
67,Hamed Traorè,0.0,0.0,11
71,Justin Kluivert,3.3600000000000003,7.0,11
74,Dango Ouattara,1.9500000000000002,0.0,11
76,Philip Billing,0.20999999999999996,0.0,11
77,Alex Scott,0.77,0.0,11
78,Antoine Semenyo,4.01,2.0,11
80,Luis Sinisterra,1.08,0.0,11
83,Marcus Tavernier,2.09,1.0,11
87,Ethan Brierley,0.14000000000000012,0.0,11
89,Mikkel Damsgaard,4.65,7.0,11
90,Josh Dasilva,0.0,0.0,11
94,Vitaly Janelt,3.3200000000000003,5.0,11
95,Mathias Jensen,1.4000000000000004,2.0,11
97,Yunus Emre Konak,0.43000000000000016,1.0,11
98,Keane Lewis-Potter,2.09,2.0,11
99,Bryan Mbeumo,4.37,5.0,11
101,Christian Nørgaard,2.76,2.0,11
102,Frank Onyeka,0.0,0.0,11
103,Myles Peart-Harris,0.0,0.0,11
106,Kevin Schade,1.4699999999999998,0.0,11
111,Yehor Yarmoliuk,1.5599999999999996,1.0,11
113,Simon Adingra,0.16000000000000014,2.0,11
114,Benicio Baker-Boaitey,0.0,0.0,11
115,Carlos Baleba,2.05,1.0,11
117,Facundo Buonanotte,3.46,1.0,11
118,Amario Cozier-Duberry,0.0,0.0,11
119,Mahmoud Dahoud,0.43783333333333285,0.0,11
121,Julio Enciso,0.5699999999999998,0.0,11
124,Billy Gilmour,0.06999999999999984,0.0,11
125,Pascal Groß,0.0,0.0,11
126,Jack Hinshelwood,1.29,1.0,11
127,Ibrahim Osman,0.18314466089466075,0.0,11
130,Kacper Kozłowski,0.06933699590842535,0.0,11
132,Solly March,0.0,0.0,11
133,Adrian Mazilu,0.07933333333333259,0.0,11
134,James Milner,0.20999999999999996,0.0,11
135,Yankuba Minteh,0.52,0.0,11
136,Mitoma Kaoru,2.8,2.0,11
137,Jakub Moder,0.3500000000000001,1.0,11
140,Cameron Peupion,0.020000000000000018,0.0,11
141,Jeremy Sarmiento Morante,0.0,0.0,11
149,Mats Wieffer,1.3200000000000003,0.0,11
150,Andrey Nascimento dos Santos,0.0,0.0,11
151,Ângelo Gabriel Borges Damaceno,0.009999999999999787,0.0,11
157,Moisés Caicedo Corozo,2.2699999999999996,2.0,11
158,Cesare Casadei,0.0,0.0,11
161,Carney Chukwuemeka,0.01100000000000012,0.0,11
166,Kiernan Dewsbury-Hall,0.1200000000000001,0.0,11
168,Enzo Fernández,1.3099999999999996,4.0,11
169,Conor Gallagher,0.0,0.0,11
173,Omari Kellyman,0.0,0.0,11
174,Roméo Lavia,2.1500000000000004,2.0,11
177,Noni Madueke,3.42,1.0,11
179,Mykhailo Mudryk,1.0099999999999998,1.0,11
181,Christopher Nkunku,1.04,1.0,11
182,Cole Palmer,2.92,2.0,11
184,Renato Palma Veiga,0.3500000000000001,0.0,11
186,Raheem Sterling,0.4900000000000002,0.0,11
188,Lesley Ugochukwu,0.8999999999999999,0.0,11
190,Naouirou Ahamada,0.0,0.0,11
192,Jordan Ayew,3.0999999999999996,2.0,11
193,Cheick Doucouré,0.5499999999999998,1.0,11
197,Malcolm Ebiowei,0.03435714285714253,0.0,11
199,Eberechi Eze,2.5,0.0,11
203,Will Hughes,2.4299999999999997,0.0,11
205,Daichi Kamada,2.16,-1.0,11
206,Jefferson Lerma Solís,0.9100000000000001,0.0,11
208,Matheus França de Oliveira,0.25,0.0,11
212,David Ozoh,0.0,0.0,11
213,Jesurun Rak-Sakyi,0.06999999999999984,0.0,11
214,Jeffrey Schlupp,1.6399999999999997,1.0,11
216,Adam Wharton,1.5300000000000002,0.0,11
217,Abdoulaye Doucouré,1.7699999999999996,3.0,11
222,Idrissa Gueye,2.0999999999999996,2.0,11
223,James Garner,0.14000000000000012,0.0,11
224,Jack Harrison,1.96,1.0,11
226,Tim Iroegbunam,5.890000000000001,0.0,11
230,Dwight McNeil,4.22,0.0,11
233,Amadou Onana,2.4400000000000004,2.0,11
239,Adama Traoré,2.8099999999999996,1.0,11
240,Andreas Hoelgebaum Pereira,2.71,3.0,11
243,Tom Cairney,1.2199999999999998,1.0,11
246,Luke Harris,0.0,0.0,11
247,Alex Iwobi,2.79,5.0,11
249,Saša Lukić,0.27,0.0,11
254,Harrison Reed,0.25,1.0,11
259,Harry Wilson,2.76,6.0,11
262,Nathan Broadhead,0.0,0.0,11
264,Wes Burns,1.3099999999999996,0.0,11
265,Conor Chaplin,2.16,0.0,11
271,Marcus Myers-Harness,0.33999999999999986,0.0,11
273,Cameron Humphreys,0.01750000000000007,0.0,11
274,Omari Giraud-Hutchinson,2.26,1.0,11
277,Massimo Luongo,0.22999999999999998,1.0,11
278,Sam Morsy,2.67,2.0,11
281,Jack Taylor,0.5499999999999998,0.0,11
285,Boubakary Soumaré,0.9199999999999999,2.0,11
287,Hamza Choudhury,0.0,0.0,11
290,Bobby De Cordova-Reid,0.7400000000000002,0.0,11
292,Michael Golding,0.22999999999999998,0.0,11
297,Wanya Marçal-Madivádua,0.0,0.0,11
298,Stephy Mavididi,2.1799999999999997,0.0,11
299,Kasey McAteer,0.54,1.0,11
300,Wilfred Ndidi,2.04,2.0,11
309,Harry Winks,2.91,2.0,11
312,Stefan Bajčetić Maquieira,0.006000000000000227,0.0,11
314,Fábio Freitas Gouveia Carvalho,2.0700000000000003,0.0,11
315,Bobby Clark,0.0,0.0,11
317,Diogo Teixeira da Silva,0.6699999999999999,0.0,11
318,Ben Doak,0.0,0.0,11
319,Harvey Elliott,0.0,0.0,11
320,Endo Wataru,0.8700000000000001,1.0,11
323,Ryan Gravenberch,1.9500000000000002,3.0,11
324,Curtis Jones,2.62,3.0,11
327,Luis Díaz,1.9500000000000002,3.0,11
328,Mohamed Salah,4.95,11.0,11
329,Alexis Mac Allister,2.05,3.0,11
330,James McConnell,0.2400000000000002,0.0,11
331,Tyler Morton,0.0,0.0,11
336,Dominik Szoboszlai,1.8099999999999996,1.0,11
342,Bernardo Veiga de Carvalho e Silva,2.9299999999999997,1.0,11
343,Oscar Bobb,0.0,0.0,11
345,Kevin De Bruyne,0.6299999999999999,1.0,11
346,Jérémy Doku,1.7400000000000002,0.0,11
348,Phil Foden,2.67,2.0,11
349,Jack Grealish,0.9700000000000002,0.0,11
354,Mateo Kovačić,2.37,2.0,11
356,Matheus Luiz Nunes,2.5300000000000002,2.0,11
357,James McAtee,0.0,0.0,11
359,Kalvin Phillips,1.9299999999999997,0.0,11
360,Rodrigo 'Rodri' Hernandez,0.33000000000000007,0.0,11
364,Amad Diallo,2.0,6.0,11
365,Antony Matheus dos Santos,0.31999999999999984,0.0,11
366,Bruno Borges Fernandes,2.4699999999999998,14.0,11
368,Carlos Henrique Casimiro,1.9299999999999997,3.0,11
370,Christian Eriksen,1.5899999999999999,1.0,11
372,Alejandro Garnacho,2.67,6.0,11
373,Hannibal Mejbri,0.0,0.0,11
378,Kobbie Mainoo,0.5299999999999998,0.0,11
381,Scott McTominay,0.06999999999999984,0.0,11
382,Mason Mount,0.16000000000000014,0.0,11
384,Facundo Pellistri Rebollo,0.0,0.0,11
385,Marcus Rashford,2.59,1.0,11
386,Jadon Sancho,0.75,0.0,11
391,Miguel Almirón Rejala,0.31999999999999984,0.0,11
392,Harvey Barnes,2.1799999999999997,6.0,11
394,Bruno Guimarães Rodriguez Moura,2.17,2.0,11
397,Ryan Fraser,0.2599999999999998,0.0,11
398,Anthony Gordon,2.62,2.0,11
400,Isaac Hayden,0.0,0.0,11
402,Jacob Murphy,0.8799999999999999,0.0,11
403,Joelinton Cássio Apolinário de Lira,2.2800000000000002,7.0,11
406,Garang Kuol,0.0,0.0,11
410,Sean Longstaff,1.6399999999999997,5.0,11
411,Lewis Miley,0.0,0.0,11
417,Sandro Tonali,1.3099999999999996,4.0,11
419,Joe White,0.56,0.0,11
420,Joe Willock,2.04,2.0,11
423,Elliot Anderson,2.9000000000000004,1.0,11
426,Josh Bowler,0.0,0.0,11
428,Eric da Silva Moreira,0.029999999999999805,0.0,11
429,Danilo dos Santos de Oliveira,0.07933333333333259,0.0,11
431,Nicolás Domínguez,2.5999999999999996,2.0,11
432,Anthony Elanga,2.6500000000000004,5.0,11
433,Morgan Gibbs-White,1.25,1.0,11
434,Callum Hudson-Odoi,1.8099999999999996,1.0,11
435,Alex Mighten,0.0,0.0,11
439,Lewis O'Brien,0.002861111111110759,0.0,11
442,Ibrahim Sangaré,0.1200000000000001,0.0,11
449,Ryan Yates,3.1500000000000004,1.0,11
450,Carlos Alcaraz Durán,0.19466666666666654,0.0,11
451,Samuel Amo-Ameyaw,0.06999999999999984,0.0,11
452,Joe Aribo,1.9900000000000002,2.0,11
458,Shea Charles,0.11116666666666664,0.0,11
459,Samuel Edozie,0.18999999999999995,0.0,11
462,Kamaldeen Sulemana,0.4900000000000002,0.0,11
463,Adam Lallana,0.8900000000000001,1.0,11
471,Will Smallbone,0.25,0.0,11
480,Rodrigo Bentancur,1.4900000000000002,6.0,11
481,Lucas Bergvall,0.27,0.0,11
482,Yves Bissouma,2.0599999999999996,1.0,11
483,Bryan Gil Salvatierra,0.0,0.0,11
485,Alfie Devine,0.0,0.0,11
489,Archie Gray,0.41000000000000014,0.0,11
490,Pierre-Emile Højbjerg,0.0,0.0,11
491,Brennan Johnson,4.38,2.0,11
492,Dejan Kulusevski,3.0700000000000003,2.0,11
493,Giovani Lo Celso,0.0,0.0,11
494,James Maddison,2.7,1.0,11
499,Pape Matar Sarr,1.7599999999999998,2.0,11
501,Oliver Skipp,0.20000000000000018,0.0,11
502,Manor Solomon,0.0,0.0,11
503,Son Heung-min,1.9699999999999998,2.0,11
509,Timo Werner,1.12,1.0,11
511,Edson Álvarez Velázquez,1.1600000000000001,0.0,11
514,Jarrod Bowen,3.17,3.0,11
515,Maxwel Cornet,0.3500000000000001,0.0,11
518,Flynn Downes,2.3,0.0,11
519,George Earthy,0.42773809523809536,0.0,11
525,Mohammed Kudus,2.17,0.0,11
526,Luis Guilherme Lira dos Santos,0.06000000000000005,1.0,11
527,Lucas Tolentino Coelho de Lima,3.1799999999999997,3.0,11
530,Tomáš Souček,2.37,3.0,11
531,James Ward-Prowse,0.33000000000000007,1.0,11
534,Boubacar Traoré,0.0,0.0,11
535,Jean-Ricner Bellegarde,1.9400000000000004,0.0,11
537,Francisco Jorge Tomás Oliveira,0.27,0.0,11
538,Tawanda Chirewa,0.047499999999999876,0.0,11
540,Luke Cundle,0.0,0.0,11
544,Tommy Doyle,1.3200000000000003,0.0,11
547,Enso González,0.0024999999999999467,0.0,11
548,Gonçalo Manuel Ganchinho Guedes,2.49,1.0,11
550,Hwang Hee-chan,0.1499999999999999,0.0,11
551,Joe Hodge,0.0,0.0,11
553,João Victor Gomes da Silva,2.01,3.0,11
557,Mario Lemina,2.38,6.0,11
560,Pedro Lomba Neto,2.84,6.0,11
562,Daniel Castelo Podence,0.0,0.0,11
563,Rodrigo Martins Gomes,0.1499999999999999,1.0,11
565,Pablo Sarabia,1.25,6.0,11
569,Jaden Philogene,1.4500000000000002,1.0,11
570,Abdul Fatawu,2.9400000000000004,2.0,11
571,Sávio 'Savinho' Moreira de Oliveira,2.3600000000000003,3.0,11
576,Andy Irving,0.52,0.0,11
577,Jesper Lindstrøm,2.2300000000000004,3.0,11
584,Ben Brereton Díaz,0.16000000000000014,1.0,11
585,Ismaïla Sarr,2.59,2.0,11
587,Crysencio Summerville,2.26,3.0,11
588,Guido Rodríguez,1.12,3.0,11
595,Brajan Gruda,1.9100000000000001,1.0,11
596,João Pedro Ferreira Silva,1.3899999999999997,1.0,11
597,Myles Lewis-Skelly,0.52,0.0,11
600,Yasin Ayari,2.2,0.0,11
601,Andrew Moran,0.0,0.0,11
602,Ryan Trevitt,0.06000000000000005,0.0,11
603,Harrison Armstrong,0.0,0.0,11
604,Josh King,0.2693333333333334,0.0,11
605,Martial Godo,0.0,0.0,11
606,Will Alves,0.0,0.0,11
607,Nico O'Reilly,0.0,0.0,11
608,Tyler Dibling,1.6100000000000003,1.0,11
610,Mikey Moore,0.27,0.0,11
611,Sam Szmodics,2.3600000000000003,7.0,11
612,Wilson Odobert,0.020000000000000018,0.0,11
613,Toby Collyer,0.029999999999999805,0.0,11
614,Jenson Metcalfe,0.0,0.0,11
618,Georginio Rutter,2.09,2.0,11
619,Jens Cajuste,0.7000000000000002,2.0,11
620,Ramón Sosa,2.62,1.0,11
621,João Félix Sequeira,0.2400000000000002,0.0,11
622,Sander Berge,2.1799999999999997,3.0,11
623,Mateus Gonçalo Espanha Fernandes,2.45,2.0,11
625,Ilkay Gündogan,2.46,3.0,11
629,Matt O'Riley,0.0,6.0,11
631,Jack Clarke,1.62,1.0,11
632,Chiedozie Ogbene,0.1200000000000001,0.0,11
633,Mikel Merino,2.2800000000000002,1.0,11
634,Gustavo Nunes Fernandes Gomes,0.0,0.0,11
635,Bilal El Khannouss,1.4500000000000002,1.0,11
636,Federico Chiesa,0.1200000000000001,0.0,11
638,Salah-Eddine Oulad M'hand,0.0,0.0,11
642,André Trindade da Costa Neto,1.0999999999999996,0.0,11
644,Franco Umeh-Chibueze,0.0,0.0,11
645,Justin Devenny,0.0,2.0,11
646,Asher Agbinone,0.18000000000000016,1.0,11
647,Kaden Rodney,0.0,0.0,11
651,Orel Mangala,1.3499999999999996,3.0,11
652,Manuel Ugarte,2.7,3.0,11
654,Carlos Soler,0.94,1.0,11
655,Carlos Roberto Forbs Borges,0.41000000000000014,0.0,11
656,Kadan Young,0.0,0.0,11
659,Ismeal Kabia,0.0,0.0,11
661,Tony Yogane,0.0,0.0,11
667,Jack Fletcher,0.7000000000000002,0.0,11
671,Jacob Wright,0.0,0.0,11
673,Jayce Fitzgerald,0.0,0.0,11
674,Paris Maghoma,0.03435714285714253,0.0,11
678,Callum Bates,0.06933699590842535,0.0,11
1,Fábio Ferreira Vieira,0.0,0.0,12
7,Jorge Luiz Frello Filho,0.9300000000000002,0.0,12
9,Gabriel Martinelli Silva,2.2300000000000004,0.0,12
10,Reiss Nelson,3.05,2.0,12
12,Ethan Nwaneri,0.43999999999999995,6.0,12
13,Martin Ødegaard,2.4299999999999997,6.0,12
16,Declan Rice,3.1399999999999997,0.0,12
17,Bukayo Saka,2.63,10.0,12
19,Emile Smith Rowe,2.5,1.0,12
20,Thomas Partey,2.1500000000000004,6.0,12
23,Leandro Trossard,1.8099999999999996,3.0,12
28,Leon Bailey,1.6900000000000004,2.0,12
29,Ross Barkley,2.49,7.0,12
30,Enzo Barrenechea,0.0,0.0,12
31,Emiliano Buendía Stati,0.31000000000000005,0.0,12
33,Leander Dendoncker,0.0,0.0,12
34,Moussa Diaby,0.0,0.0,12
37,Lewis Dobbin,0.0,0.0,12
41,Samuel Iling-Junior,0.0,0.0,12
42,Boubacar Kamara,0.9900000000000002,0.0,12
48,John McGinn,1.7000000000000002,5.0,12
53,Jacob Ramsey,1.8099999999999996,0.0,12
54,Morgan Rogers,2.26,2.0,12
57,Youri Tielemans,3.16,3.0,12
60,Tyler Adams,1.0999999999999996,2.0,12
61,Jaidon Anthony,0.0,0.0,12
62,David Brooks,0.81,6.0,12
63,Ryan Christie,2.8499999999999996,0.0,12
64,Lewis Cook,2.83,1.0,12
66,Romain Faivre,0.0,0.0,12
67,Hamed Traorè,0.029999999999999805,0.0,12
71,Justin Kluivert,2.7300000000000004,2.0,12
74,Dango Ouattara,0.96,1.0,12
76,Philip Billing,0.020000000000000018,0.0,12
77,Alex Scott,0.4700000000000002,0.0,12
78,Antoine Semenyo,3.3600000000000003,1.0,12
80,Luis Sinisterra,0.27,0.0,12
83,Marcus Tavernier,1.9800000000000004,2.0,12
87,Ethan Brierley,0.0,0.0,12
89,Mikkel Damsgaard,3.4800000000000004,3.0,12
90,Josh Dasilva,0.0,0.0,12
94,Vitaly Janelt,2.71,3.0,12
95,Mathias Jensen,1.2300000000000004,3.0,12
97,Yunus Emre Konak,0.8700000000000001,0.0,12
98,Keane Lewis-Potter,2.41,3.0,12
99,Bryan Mbeumo,4.92,3.0,12
101,Christian Nørgaard,2.29,-2.0,12
102,Frank Onyeka,0.040000000000000036,0.0,12
103,Myles Peart-Harris,0.0,0.0,12
106,Kevin Schade,1.4900000000000002,1.0,12
111,Yehor Yarmoliuk,1.7800000000000002,1.0,12
113,Simon Adingra,1.0,1.0,12
114,Benicio Baker-Boaitey,0.0,0.0,12
115,Carlos Baleba,1.6900000000000004,-2.0,12
117,Facundo Buonanotte,3.75,0.0,12
118,Amario Cozier-Duberry,0.17849999999999966,0.0,12
119,Mahmoud Dahoud,0.326071428571427,0.0,12
121,Julio Enciso,0.6200000000000001,0.0,12
124,Billy Gilmour,0.06000000000000005,0.0,12
125,Pascal Groß,0.015000000000000124,0.0,12
126,Jack Hinshelwood,1.7000000000000002,0.0,12
127,Ibrahim Osman,0.0,0.0,12
130,Kacper Kozłowski,0.0,0.0,12
132,Solly March,0.0,0.0,12
133,Adrian Mazilu,0.0,0.0,12
134,James Milner,0.08000000000000007,0.0,12
135,Yankuba Minteh,0.52,0.0,12
136,Mitoma Kaoru,2.3200000000000003,7.0,12
137,Jakub Moder,0.94,0.0,12
140,Cameron Peupion,0.0,0.0,12
141,Jeremy Sarmiento Morante,0.0,0.0,12
149,Mats Wieffer,1.08,1.0,12
150,Andrey Nascimento dos Santos,0.0038181818181817206,0.0,12
151,Ângelo Gabriel Borges Damaceno,1.251333333333334,0.0,12
157,Moisés Caicedo Corozo,2.58,2.0,12
158,Cesare Casadei,0.0,0.0,12
161,Carney Chukwuemeka,0.10000000000000009,0.0,12
166,Kiernan Dewsbury-Hall,0.040000000000000036,1.0,12
168,Enzo Fernández,1.6100000000000003,10.0,12
169,Conor Gallagher,0.01750000000000007,0.0,12
173,Omari Kellyman,0.0,0.0,12
174,Roméo Lavia,1.8600000000000003,0.0,12
177,Noni Madueke,2.67,3.0,12
179,Mykhailo Mudryk,1.04,0.0,12
181,Christopher Nkunku,1.0,1.0,12
182,Cole Palmer,2.5599999999999996,2.0,12
184,Renato Palma Veiga,0.98,0.0,12
186,Raheem Sterling,0.8399999999999999,4.0,12
188,Lesley Ugochukwu,1.25,1.0,12
190,Naouirou Ahamada,0.009999999999999787,0.0,12
192,Jordan Ayew,3.5300000000000002,6.0,12
193,Cheick Doucouré,1.83,2.0,12
197,Malcolm Ebiowei,0.0,0.0,12
199,Eberechi Eze,2.66,0.0,12
203,Will Hughes,2.0199999999999996,2.0,12
205,Daichi Kamada,1.83,0.0,12
206,Jefferson Lerma Solís,1.0999999999999996,1.0,12
208,Matheus França de Oliveira,0.08000000000000007,0.0,12
212,David Ozoh,0.0,0.0,12
213,Jesurun Rak-Sakyi,0.0,0.0,12
214,Jeffrey Schlupp,1.2300000000000004,1.0,12
216,Adam Wharton,0.9700000000000002,0.0,12
217,Abdoulaye Doucouré,1.9800000000000004,3.0,12
222,Idrissa Gueye,2.63,3.0,12
223,James Garner,0.16916666666666647,0.0,12
224,Jack Harrison,0.8900000000000001,0.0,12
226,Tim Iroegbunam,0.1299999999999999,0.0,12
230,Dwight McNeil,2.6900000000000004,3.0,12
233,Amadou Onana,2.7199999999999998,0.0,12
239,Adama Traoré,2.9000000000000004,1.0,12
240,Andreas Hoelgebaum Pereira,2.34,0.0,12
243,Tom Cairney,1.42,1.0,12
246,Luke Harris,0.0,0.0,12
247,Alex Iwobi,3.79,7.0,12
249,Saša Lukić,0.19499999999999984,2.0,12
254,Harrison Reed,0.9500000000000002,0.0,12
259,Harry Wilson,3.1399999999999997,1.0,12
262,Nathan Broadhead,0.0,0.0,12
264,Wes Burns,0.6499999999999999,5.0,12
265,Conor Chaplin,0.7999999999999998,1.0,12
271,Marcus Myers-Harness,0.06000000000000005,0.0,12
273,Cameron Humphreys,0.0,0.0,12
274,Omari Giraud-Hutchinson,2.45,7.0,12
277,Massimo Luongo,0.6699999999999999,0.0,12
278,Sam Morsy,1.83,2.0,12
281,Jack Taylor,0.2200000000000002,1.0,12
285,Boubakary Soumaré,2.42,1.0,12
287,Hamza Choudhury,0.0,0.0,12
290,Bobby De Cordova-Reid,0.45999999999999996,4.0,12
292,Michael Golding,0.0,0.0,12
297,Wanya Marçal-Madivádua,0.6099999999999999,0.0,12
298,Stephy Mavididi,1.17,1.0,12
299,Kasey McAteer,0.7400000000000002,2.0,12
300,Wilfred Ndidi,3.05,1.0,12
309,Harry Winks,2.5,1.0,12
312,Stefan Bajčetić Maquieira,0.17849999999999966,0.0,12
314,Fábio Freitas Gouveia Carvalho,2.0,0.0,12
315,Bobby Clark,0.0,0.0,12
317,Diogo Teixeira da Silva,0.20000000000000018,0.0,12
318,Ben Doak,0.0,0.0,12
319,Harvey Elliott,0.18000000000000016,0.0,12
320,Endo Wataru,0.5899999999999999,1.0,12
323,Ryan Gravenberch,2.58,5.0,12
324,Curtis Jones,2.1900000000000004,2.0,12
327,Luis Díaz,2.8200000000000003,1.0,12
328,Mohamed Salah,5.92,11.0,12
329,Alexis Mac Allister,2.17,1.0,12
330,James McConnell,0.0,0.0,12
331,Tyler Morton,0.040000000000000036,0.0,12
336,Dominik Szoboszlai,1.3099999999999996,7.0,12
342,Bernardo Veiga de Carvalho e Silva,3.46,1.0,12
343,Oscar Bobb,0.040000000000000036,0.0,12
345,Kevin De Bruyne,1.2300000000000004,0.0,12
346,Jérémy Doku,0.7400000000000002,0.0,12
348,Phil Foden,2.9699999999999998,2.0,12
349,Jack Grealish,0.5499999999999998,1.0,12
354,Mateo Kovačić,3.01,0.0,12
356,Matheus Luiz Nunes,2.3099999999999996,0.0,12
357,James McAtee,0.0,0.0,12
359,Kalvin Phillips,1.12,0.0,12
360,Rodrigo 'Rodri' Hernandez,0.2999999999999998,0.0,12
364,Amad Diallo,2.26,5.0,12
365,Antony Matheus dos Santos,0.16999999999999993,0.0,12
366,Bruno Borges Fernandes,3.8,2.0,12
368,Carlos Henrique Casimiro,2.66,1.0,12
370,Christian Eriksen,1.5099999999999998,2.0,12
372,Alejandro Garnacho,2.9000000000000004,2.0,12
373,Hannibal Mejbri,0.0,0.0,12
378,Kobbie Mainoo,0.2999999999999998,0.0,12
381,Scott McTominay,0.0,0.0,12
382,Mason Mount,0.040000000000000036,1.0,12
384,Facundo Pellistri Rebollo,0.0,0.0,12
385,Marcus Rashford,1.7999999999999998,7.0,12
386,Jadon Sancho,0.3999999999999999,1.0,12
391,Miguel Almirón Rejala,0.3900000000000001,0.0,12
392,Harvey Barnes,2.7,1.0,12
394,Bruno Guimarães Rodriguez Moura,1.7800000000000002,2.0,12
397,Ryan Fraser,0.44885714285714284,2.0,12
398,Anthony Gordon,2.58,2.0,12
400,Isaac Hayden,0.6800000000000002,0.0,12
402,Jacob Murphy,0.4900000000000002,1.0,12
403,Joelinton Cássio Apolinário de Lira,2.8200000000000003,2.0,12
406,Garang Kuol,0.0,0.0,12
410,Sean Longstaff,2.4400000000000004,1.0,12
411,Lewis Miley,0.0,0.0,12
417,Sandro Tonali,2.59,1.0,12
419,Joe White,0.0,0.0,12
420,Joe Willock,1.71,1.0,12
423,Elliot Anderson,1.67,0.0,12
426,Josh Bowler,0.0,0.0,12
428,Eric da Silva Moreira,0.0,0.0,12
429,Danilo dos Santos de Oliveira,0.0,0.0,12
431,Nicolás Domínguez,2.24,2.0,12
432,Anthony Elanga,3.5700000000000003,1.0,12
433,Morgan Gibbs-White,1.2300000000000004,0.0,12
434,Callum Hudson-Odoi,2.6500000000000004,2.0,12
435,Alex Mighten,0.0,0.0,12
439,Lewis O'Brien,0.0,0.0,12
442,Ibrahim Sangaré,0.52,0.0,12
449,Ryan Yates,3.8,1.0,12
450,Carlos Alcaraz Durán,0.2650000000000001,0.0,12
451,Samuel Amo-Ameyaw,0.14000000000000012,0.0,12
452,Joe Aribo,2.2300000000000004,1.0,12
458,Shea Charles,0.0,0.0,12
459,Samuel Edozie,0.22999999999999998,0.0,12
462,Kamaldeen Sulemana,0.48,0.0,12
463,Adam Lallana,0.8500000000000001,0.0,12
471,Will Smallbone,0.22999999999999998,0.0,12
480,Rodrigo Bentancur,2.7300000000000004,0.0,12
481,Lucas Bergvall,0.2200000000000002,1.0,12
482,Yves Bissouma,1.46,2.0,12
483,Bryan Gil Salvatierra,0.0,0.0,12
485,Alfie Devine,0.17849999999999966,0.0,12
489,Archie Gray,0.79,0.0,12
490,Pierre-Emile Højbjerg,0.14058438783438865,0.0,12
491,Brennan Johnson,2.01,6.0,12
492,Dejan Kulusevski,2.3600000000000003,6.0,12
493,Giovani Lo Celso,0.0,0.0,12
494,James Maddison,1.87,13.0,12
499,Pape Matar Sarr,1.7800000000000002,2.0,12
501,Oliver Skipp,0.22999999999999998,1.0,12
502,Manor Solomon,0.0,0.0,12
503,Son Heung-min,2.0,6.0,12
509,Timo Werner,0.8599999999999999,4.0,12
511,Edson Álvarez Velázquez,1.3399999999999999,0.0,12
514,Jarrod Bowen,3.59,6.0,12
515,Maxwel Cornet,0.2599999999999998,0.0,12
518,Flynn Downes,2.34,2.0,12
519,George Earthy,0.0,0.0,12
525,Mohammed Kudus,0.8700000000000001,0.0,12
526,Luis Guilherme Lira dos Santos,0.43999999999999995,0.0,12
527,Lucas Tolentino Coelho de Lima,2.2800000000000002,3.0,12
530,Tomáš Souček,2.2699999999999996,8.0,12
531,James Ward-Prowse,0.7599999999999998,2.0,12
534,Boubacar Traoré,0.0,0.0,12
535,Jean-Ricner Bellegarde,1.5199999999999996,2.0,12
537,Francisco Jorge Tomás Oliveira,0.9100000000000001,0.0,12
538,Tawanda Chirewa,0.0,0.0,12
540,Luke Cundle,0.06000000000000005,0.0,12
544,Tommy Doyle,0.98,1.0,12
547,Enso González,0.5800000000000001,0.0,12
548,Gonçalo Manuel Ganchinho Guedes,1.58,6.0,12
550,Hwang Hee-chan,0.06000000000000005,1.0,12
551,Joe Hodge,0.0,0.0,12
553,João Victor Gomes da Silva,2.0700000000000003,10.0,12
557,Mario Lemina,2.66,5.0,12
560,Pedro Lomba Neto,3.91,0.0,12
562,Daniel Castelo Podence,0.0,0.0,12
563,Rodrigo Martins Gomes,0.75,2.0,12
565,Pablo Sarabia,2.29,0.0,12
569,Jaden Philogene,1.1799999999999997,1.0,12
570,Abdul Fatawu,2.26,0.0,12
571,Sávio 'Savinho' Moreira de Oliveira,2.5700000000000003,2.0,12
576,Andy Irving,0.3799999999999999,1.0,12
577,Jesper Lindstrøm,3.29,3.0,12
584,Ben Brereton Díaz,1.13,0.0,12
585,Ismaïla Sarr,2.16,10.0,12
587,Crysencio Summerville,2.88,3.0,12
588,Guido Rodríguez,2.5700000000000003,1.0,12
595,Brajan Gruda,1.29,0.0,12
596,João Pedro Ferreira Silva,1.4800000000000004,1.0,12
597,Myles Lewis-Skelly,0.25,0.0,12
600,Yasin Ayari,2.04,3.0,12
601,Andrew Moran,0.0038181818181817206,0.0,12
602,Ryan Trevitt,0.08999999999999986,0.0,12
603,Harrison Armstrong,0.029999999999999805,0.0,12
604,Josh King,0.0,0.0,12
605,Martial Godo,0.0,0.0,12
606,Will Alves,0.009999999999999787,0.0,12
607,Nico O'Reilly,0.004999999999999893,0.0,12
608,Tyler Dibling,1.5300000000000002,2.0,12
610,Mikey Moore,0.8500000000000001,0.0,12
611,Sam Szmodics,2.42,2.0,12
612,Wilson Odobert,0.04999999999999982,0.0,12
613,Toby Collyer,0.29000000000000004,0.0,12
614,Jenson Metcalfe,0.0,0.0,12
618,Georginio Rutter,2.2199999999999998,5.0,12
619,Jens Cajuste,1.1799999999999997,2.0,12
620,Ramón Sosa,1.6900000000000004,1.0,12
621,João Félix Sequeira,0.4500000000000002,3.0,12
622,Sander Berge,2.01,0.0,12
623,Mateus Gonçalo Espanha Fernandes,1.7000000000000002,7.0,12
625,Ilkay Gündogan,2.88,2.0,12
629,Matt O'Riley,2.2699999999999996,1.0,12
631,Jack Clarke,0.9700000000000002,1.0,12
632,Chiedozie Ogbene,0.14000000000000012,0.0,12
633,Mikel Merino,2.6399999999999997,3.0,12
634,Gustavo Nunes Fernandes Gomes,0.0,0.0,12
635,Bilal El Khannouss,1.5199999999999996,2.0,12
636,Federico Chiesa,0.0,0.0,12
638,Salah-Eddine Oulad M'hand,0.0,0.0,12
642,André Trindade da Costa Neto,0.3500000000000001,2.0,12
644,Franco Umeh-Chibueze,0.0,0.0,12
645,Justin Devenny,1.0899999999999999,7.0,12
646,Asher Agbinone,0.3900000000000001,0.0,12
647,Kaden Rodney,0.0,0.0,12
651,Orel Mangala,2.09,1.0,12
652,Manuel Ugarte,1.62,1.0,12
654,Carlos Soler,0.8599999999999999,3.0,12
655,Carlos Roberto Forbs Borges,0.20999999999999996,0.0,12
656,Kadan Young,0.0,0.0,12
659,Ismeal Kabia,0.0,0.0,12
661,Tony Yogane,0.30757142857142794,0.0,12
667,Jack Fletcher,0.6099999999999999,0.0,12
671,Jacob Wright,0.0,0.0,12
673,Jayce Fitzgerald,0.0,0.0,12
674,Paris Maghoma,0.1558571428571427,0.0,12
678,Callum Bates,0.0,0.0,12
679,Ben Broggio,0.057661180689760894,0.0,12
682,Tom Edozie,0.057661180689760894,0.0,12
683,Callum Olusesi,0.057661180689760894,0.0,12
1,Fábio Ferreira Vieira,0.0,0.0,13
7,Jorge Luiz Frello Filho,0.7799999999999998,2.0,13
9,Gabriel Martinelli Silva,2.45,0.0,13
10,Reiss Nelson,3.09,2.0,13
12,Ethan Nwaneri,1.9100000000000001,1.0,13
13,Martin Ødegaard,2.6900000000000004,7.0,13
16,Declan Rice,1.7800000000000002,2.0,13
17,Bukayo Saka,3.29,15.0,13
19,Emile Smith Rowe,2.6799999999999997,2.0,13
20,Thomas Partey,2.1100000000000003,0.0,13
23,Leandro Trossard,2.0199999999999996,10.0,13
28,Leon Bailey,2.29,1.0,13
29,Ross Barkley,2.9800000000000004,1.0,13
30,Enzo Barrenechea,0.3739642857142864,0.0,13
31,Emiliano Buendía Stati,0.75,1.0,13
33,Leander Dendoncker,0.0,0.0,13
34,Moussa Diaby,0.0,0.0,13
37,Lewis Dobbin,0.0,0.0,13
41,Samuel Iling-Junior,0.0,0.0,13
42,Boubacar Kamara,1.9000000000000004,2.0,13
48,John McGinn,2.49,2.0,13
53,Jacob Ramsey,1.25,0.0,13
54,Morgan Rogers,3.5599999999999996,2.0,13
57,Youri Tielemans,3.45,2.0,13
60,Tyler Adams,1.83,2.0,13
61,Jaidon Anthony,0.009999999999999787,0.0,13
62,David Brooks,2.0199999999999996,2.0,13
63,Ryan Christie,2.6500000000000004,2.0,13
64,Lewis Cook,2.38,0.0,13
66,Romain Faivre,0.0008333333333330195,0.0,13
67,Hamed Traorè,0.10000000000000009,0.0,13
71,Justin Kluivert,2.42,17.0,13
74,Dango Ouattara,2.49,1.0,13
76,Philip Billing,0.009999999999999787,1.0,13
77,Alex Scott,0.7400000000000002,0.0,13
78,Antoine Semenyo,3.9400000000000004,0.0,13
80,Luis Sinisterra,0.43000000000000016,0.0,13
83,Marcus Tavernier,2.0700000000000003,5.0,13
87,Ethan Brierley,0.0,0.0,13
89,Mikkel Damsgaard,3.13,5.0,13
90,Josh Dasilva,0.0,0.0,13
94,Vitaly Janelt,3.0999999999999996,1.0,13
95,Mathias Jensen,1.1399999999999997,1.0,13
97,Yunus Emre Konak,0.5699999999999998,0.0,13
98,Keane Lewis-Potter,2.38,1.0,13
99,Bryan Mbeumo,3.9000000000000004,2.0,13
101,Christian Nørgaard,1.8399999999999999,2.0,13
102,Frank Onyeka,0.0,0.0,13
103,Myles Peart-Harris,0.3275317460317462,0.0,13
106,Kevin Schade,2.25,20.0,13
111,Yehor Yarmoliuk,1.13,1.0,13
113,Simon Adingra,1.13,1.0,13
114,Benicio Baker-Boaitey,0.0,0.0,13
115,Carlos Baleba,1.9299999999999997,0.0,13
117,Facundo Buonanotte,2.41,7.0,13
118,Amario Cozier-Duberry,0.0,0.0,13
119,Mahmoud Dahoud,0.0,0.0,13
121,Julio Enciso,0.48,0.0,13
124,Billy Gilmour,0.0,0.0,13
125,Pascal Groß,0.0,0.0,13
126,Jack Hinshelwood,0.79,0.0,13
127,Ibrahim Osman,0.0,0.0,13
130,Kacper Kozłowski,0.044561059182557816,0.0,13
132,Solly March,0.0,0.0,13
133,Adrian Mazilu,0.0,0.0,13
134,James Milner,0.22199999999999998,0.0,13
135,Yankuba Minteh,0.75,1.0,13
136,Mitoma Kaoru,2.8899999999999997,7.0,13
137,Jakub Moder,0.7599999999999998,0.0,13
140,Cameron Peupion,0.0,0.0,13
141,Jeremy Sarmiento Morante,0.0,0.0,13
149,Mats Wieffer,1.62,0.0,13
150,Andrey Nascimento dos Santos,0.0,0.0,13
151,Ângelo Gabriel Borges Damaceno,0.0,0.0,13
157,Moisés Caicedo Corozo,2.33,3.0,13
158,Cesare Casadei,0.6299999999999999,0.0,13
161,Carney Chukwuemeka,0.0,0.0,13
166,Kiernan Dewsbury-Hall,0.7400000000000002,0.0,13
168,Enzo Fernández,3.0,8.0,13
169,Conor Gallagher,0.0,0.0,13
173,Omari Kellyman,0.0,0.0,13
174,Roméo Lavia,1.37,3.0,13
177,Noni Madueke,2.4800000000000004,3.0,13
179,Mykhailo Mudryk,1.2599999999999998,0.0,13
181,Christopher Nkunku,0.7999999999999998,1.0,13
182,Cole Palmer,2.5700000000000003,11.0,13
184,Renato Palma Veiga,0.31999999999999984,0.0,13
186,Raheem Sterling,1.5300000000000002,1.0,13
188,Lesley Ugochukwu,1.1100000000000003,0.0,13
190,Naouirou Ahamada,0.0,0.0,13
192,Jordan Ayew,4.12,2.0,13
193,Cheick Doucouré,1.0999999999999996,0.0,13
197,Malcolm Ebiowei,0.0008333333333330195,0.0,13
199,Eberechi Eze,1.2000000000000002,2.0,13
203,Will Hughes,2.3499999999999996,2.0,13
205,Daichi Kamada,1.4699999999999998,0.0,13
206,Jefferson Lerma Solís,0.8300000000000001,1.0,13
208,Matheus França de Oliveira,0.020000000000000018,0.0,13
212,David Ozoh,0.0,0.0,13
213,Jesurun Rak-Sakyi,0.07675000000000054,0.0,13
214,Jeffrey Schlupp,1.42,1.0,13
216,Adam Wharton,0.4900000000000002,0.0,13
217,Abdoulaye Doucouré,2.8499999999999996,2.0,13
222,Idrissa Gueye,2.2300000000000004,1.0,13
223,James Garner,0.31999999999999984,0.0,13
224,Jack Harrison,0.6699999999999999,1.0,13
226,Tim Iroegbunam,0.4500000000000002,0.0,13
230,Dwight McNeil,2.41,2.0,13
233,Amadou Onana,1.9699999999999998,0.0,13
239,Adama Traoré,2.6500000000000004,0.0,13
240,Andreas Hoelgebaum Pereira,2.01,0.0,13
243,Tom Cairney,1.37,3.0,13
246,Luke Harris,0.0,0.0,13
247,Alex Iwobi,4.4,5.0,13
249,Saša Lukić,2.6799999999999997,1.0,13
254,Harrison Reed,0.52,0.0,13
259,Harry Wilson,2.6399999999999997,1.0,13
262,Nathan Broadhead,0.0,1.0,13
264,Wes Burns,2.76,1.0,13
265,Conor Chaplin,1.4900000000000002,2.0,13
271,Marcus Myers-Harness,0.0,0.0,13
273,Cameron Humphreys,0.0,0.0,13
274,Omari Giraud-Hutchinson,2.25,2.0,13
277,Massimo Luongo,0.4900000000000002,0.0,13
278,Sam Morsy,1.8600000000000003,2.0,13
281,Jack Taylor,1.0199999999999996,1.0,13
285,Boubakary Soumaré,1.4500000000000002,2.0,13
287,Hamza Choudhury,0.009999999999999787,0.0,13
290,Bobby De Cordova-Reid,0.73,1.0,13
292,Michael Golding,0.5899999999999999,0.0,13
297,Wanya Marçal-Madivádua,0.0,0.0,13
298,Stephy Mavididi,2.2199999999999998,1.0,13
299,Kasey McAteer,1.46,0.0,13
300,Wilfred Ndidi,2.34,2.0,13
309,Harry Winks,1.9299999999999997,0.0,13
312,Stefan Bajčetić Maquieira,0.0,0.0,13
314,Fábio Freitas Gouveia Carvalho,0.8700000000000001,1.0,13
315,Bobby Clark,0.025119047619047485,0.0,13
317,Diogo Teixeira da Silva,0.8900000000000001,0.0,13
318,Ben Doak,0.0,0.0,13
319,Harvey Elliott,0.009999999999999787,1.0,13
320,Endo Wataru,0.8900000000000001,0.0,13
323,Ryan Gravenberch,3.1500000000000004,2.0,13
324,Curtis Jones,1.92,1.0,13
327,Luis Díaz,3.0700000000000003,6.0,13
328,Mohamed Salah,6.380000000000001,11.0,13
329,Alexis Mac Allister,1.88,3.0,13
330,James McConnell,0.5800000000000001,0.0,13
331,Tyler Morton,0.20999999999999996,0.0,13
336,Dominik Szoboszlai,2.21,3.0,13
342,Bernardo Veiga de Carvalho e Silva,3.37,2.0,13
343,Oscar Bobb,0.0,0.0,13
345,Kevin De Bruyne,1.9800000000000004,1.0,13
346,Jérémy Doku,1.3200000000000003,1.0,13
348,Phil Foden,3.49,1.0,13
349,Jack Grealish,1.88,1.0,13
354,Mateo Kovačić,2.12,0.0,13
356,Matheus Luiz Nunes,1.4400000000000004,0.0,13
357,James McAtee,0.0,0.0,13
359,Kalvin Phillips,0.79,0.0,13
360,Rodrigo 'Rodri' Hernandez,0.009999999999999787,0.0,13
364,Amad Diallo,2.7,9.0,13
365,Antony Matheus dos Santos,0.33000000000000007,0.0,13
366,Bruno Borges Fernandes,3.2199999999999998,9.0,13
368,Carlos Henrique Casimiro,2.3,3.0,13
370,Christian Eriksen,2.2,0.0,13
372,Alejandro Garnacho,3.04,1.0,13
373,Hannibal Mejbri,0.0,0.0,13
378,Kobbie Mainoo,1.0099999999999998,2.0,13
381,Scott McTominay,0.0,0.0,13
382,Mason Mount,0.5899999999999999,1.0,13
384,Facundo Pellistri Rebollo,0.0,0.0,13
385,Marcus Rashford,1.7800000000000002,13.0,13
386,Jadon Sancho,0.6299999999999999,3.0,13
391,Miguel Almirón Rejala,0.5699999999999998,0.0,13
392,Harvey Barnes,2.1100000000000003,2.0,13
394,Bruno Guimarães Rodriguez Moura,2.4000000000000004,2.0,13
397,Ryan Fraser,1.0999999999999996,1.0,13
398,Anthony Gordon,1.9900000000000002,5.0,13
400,Isaac Hayden,0.0,0.0,13
402,Jacob Murphy,0.45999999999999996,0.0,13
403,Joelinton Cássio Apolinário de Lira,2.41,2.0,13
406,Garang Kuol,0.0,0.0,13
410,Sean Longstaff,1.9400000000000004,1.0,13
411,Lewis Miley,0.0,0.0,13
417,Sandro Tonali,1.6100000000000003,2.0,13
419,Joe White,0.0,0.0,13
420,Joe Willock,2.24,2.0,13
423,Elliot Anderson,1.8399999999999999,3.0,13
426,Josh Bowler,0.0,0.0,13
428,Eric da Silva Moreira,0.0,0.0,13
429,Danilo dos Santos de Oliveira,0.0,0.0,13
431,Nicolás Domínguez,3.01,1.0,13
432,Anthony Elanga,2.7800000000000002,1.0,13
433,Morgan Gibbs-White,0.3999999999999999,2.0,13
434,Callum Hudson-Odoi,2.3899999999999997,3.0,13
435,Alex Mighten,0.0,0.0,13
439,Lewis O'Brien,0.0,0.0,13
442,Ibrahim Sangaré,0.8799999999999999,0.0,13
449,Ryan Yates,2.09,3.0,13
450,Carlos Alcaraz Durán,0.4424761904761896,0.0,13
451,Samuel Amo-Ameyaw,0.08000000000000007,0.0,13
452,Joe Aribo,3.25,1.0,13
458,Shea Charles,0.22449999999999992,0.0,13
459,Samuel Edozie,0.009999999999999787,0.0,13
462,Kamaldeen Sulemana,0.4700000000000002,1.0,13
463,Adam Lallana,1.17,0.0,13
471,Will Smallbone,0.4500000000000002,0.0,13
480,Rodrigo Bentancur,1.8899999999999997,0.0,13
481,Lucas Bergvall,0.54,1.0,13
482,Yves Bissouma,1.4400000000000004,2.0,13
483,Bryan Gil Salvatierra,0.044561059182557816,0.0,13
485,Alfie Devine,0.07675000000000054,0.0,13
489,Archie Gray,0.1299999999999999,1.0,13
490,Pierre-Emile Højbjerg,0.13156035631035579,0.0,13
491,Brennan Johnson,2.8099999999999996,7.0,13
492,Dejan Kulusevski,2.8200000000000003,1.0,13
493,Giovani Lo Celso,0.0,0.0,13
494,James Maddison,4.97,2.0,13
499,Pape Matar Sarr,2.62,2.0,13
501,Oliver Skipp,1.1399999999999997,1.0,13
502,Manor Solomon,0.0,0.0,13
503,Son Heung-min,3.83,2.0,13
509,Timo Werner,1.2400000000000002,5.0,13
511,Edson Álvarez Velázquez,0.79,1.0,13
514,Jarrod Bowen,4.89,2.0,13
515,Maxwel Cornet,0.18999999999999995,0.0,13
518,Flynn Downes,2.3899999999999997,6.0,13
519,George Earthy,0.0,0.0,13
525,Mohammed Kudus,0.73,0.0,13
526,Luis Guilherme Lira dos Santos,0.20916666666666694,0.0,13
527,Lucas Tolentino Coelho de Lima,2.7300000000000004,5.0,13
530,Tomáš Souček,3.2800000000000002,1.0,13
531,James Ward-Prowse,1.1799999999999997,0.0,13
534,Boubacar Traoré,0.0,0.0,13
535,Jean-Ricner Bellegarde,1.5899999999999999,5.0,13
537,Francisco Jorge Tomás Oliveira,0.0,0.0,13
538,Tawanda Chirewa,0.0,0.0,13
540,Luke Cundle,0.0,0.0,13
544,Tommy Doyle,1.1100000000000003,0.0,13
547,Enso González,0.0,0.0,13
548,Gonçalo Manuel Ganchinho Guedes,3.7300000000000004,4.0,13
550,Hwang Hee-chan,0.5800000000000001,1.0,13
551,Joe Hodge,0.0,0.0,13
553,João Victor Gomes da Silva,2.3200000000000003,2.0,13
557,Mario Lemina,2.9400000000000004,1.0,13
560,Pedro Lomba Neto,2.0199999999999996,3.0,13
562,Daniel Castelo Podence,0.0,0.0,13
563,Rodrigo Martins Gomes,1.8600000000000003,1.0,13
565,Pablo Sarabia,1.2400000000000002,0.0,13
569,Jaden Philogene,0.75,1.0,13
570,Abdul Fatawu,1.9900000000000002,0.0,13
571,Sávio 'Savinho' Moreira de Oliveira,2.2199999999999998,1.0,13
576,Andy Irving,0.79,1.0,13
577,Jesper Lindstrøm,3.5999999999999996,2.0,13
584,Ben Brereton Díaz,0.3900000000000001,1.0,13
585,Ismaïla Sarr,4.83,2.0,13
587,Crysencio Summerville,2.75,0.0,13
588,Guido Rodríguez,0.98,1.0,13
595,Brajan Gruda,0.71,0.0,13
596,João Pedro Ferreira Silva,1.5,6.0,13
597,Myles Lewis-Skelly,0.08000000000000007,0.0,13
600,Yasin Ayari,3.3899999999999997,2.0,13
601,Andrew Moran,0.0008333333333330195,0.0,13
602,Ryan Trevitt,0.0,0.0,13
603,Harrison Armstrong,0.0,0.0,13
604,Josh King,0.009999999999999787,0.0,13
605,Martial Godo,0.2943809523809522,0.0,13
606,Will Alves,0.5254523809523812,0.0,13
607,Nico O'Reilly,0.0,0.0,13
608,Tyler Dibling,1.87,1.0,13
610,Mikey Moore,0.52,0.0,13
611,Sam Szmodics,2.84,2.0,13
612,Wilson Odobert,0.08333333333333304,0.0,13
613,Toby Collyer,0.0,0.0,13
614,Jenson Metcalfe,0.0,0.0,13
618,Georginio Rutter,3.34,2.0,13
619,Jens Cajuste,1.0700000000000003,1.0,13
620,Ramón Sosa,2.09,1.0,13
621,João Félix Sequeira,1.9500000000000002,0.0,13
622,Sander Berge,2.34,2.0,13
623,Mateus Gonçalo Espanha Fernandes,2.8,2.0,13
625,Ilkay Gündogan,2.3099999999999996,1.0,13
629,Matt O'Riley,1.38,1.0,13
631,Jack Clarke,1.3099999999999996,1.0,13
632,Chiedozie Ogbene,0.37399999999999967,0.0,13
633,Mikel Merino,2.6100000000000003,0.0,13
634,Gustavo Nunes Fernandes Gomes,0.0,0.0,13
635,Bilal El Khannouss,1.9400000000000004,0.0,13
636,Federico Chiesa,0.0,0.0,13
638,Salah-Eddine Oulad M'hand,0.0,0.0,13
642,André Trindade da Costa Neto,1.2800000000000002,2.0,13
644,Franco Umeh-Chibueze,0.0,0.0,13
645,Justin Devenny,1.1500000000000004,1.0,13
646,Asher Agbinone,0.4810000000000003,0.0,13
647,Kaden Rodney,0.0,0.0,13
651,Orel Mangala,2.6799999999999997,1.0,13
652,Manuel Ugarte,1.7199999999999998,1.0,13
654,Carlos Soler,1.8899999999999997,5.0,13
655,Carlos Roberto Forbs Borges,0.29000000000000004,1.0,13
656,Kadan Young,0.029999999999999805,0.0,13
659,Ismeal Kabia,0.0,0.0,13
661,Tony Yogane,0.0,0.0,13
667,Jack Fletcher,0.3275317460317462,0.0,13
671,Jacob Wright,0.0,0.0,13
673,Jayce Fitzgerald,0.0,0.0,13
674,Paris Maghoma,0.0,0.0,13
678,Callum Bates,0.0,0.0,13
679,Ben Broggio,0.0,0.0,13
682,Tom Edozie,0.0,0.0,13
683,Callum Olusesi,0.0,0.0,13
687,Ben Winterburn,0.044561059182557816,0.0,13
688,Treymaurice Nyoni,0.044561059182557816,0.0,13
689,Luca Williams-Barnett,0.044561059182557816,0.0,13
1,Fábio Ferreira Vieira,0.0,0.0,14
7,Jorge Luiz Frello Filho,1.4400000000000004,1.0,14
9,Gabriel Martinelli Silva,0.6600000000000001,3.0,14
10,Reiss Nelson,2.62,2.0,14
12,Ethan Nwaneri,2.5,0.0,14
13,Martin Ødegaard,2.45,3.0,14
16,Declan Rice,2.05,6.0,14
17,Bukayo Saka,8.37,3.0,14
19,Emile Smith Rowe,2.3099999999999996,2.0,14
20,Thomas Partey,1.4900000000000002,6.0,14
23,Leandro Trossard,2.91,1.0,14
28,Leon Bailey,1.08,2.0,14
29,Ross Barkley,2.0599999999999996,1.0,14
30,Enzo Barrenechea,0.0,0.0,14
31,Emiliano Buendía Stati,0.4900000000000002,1.0,14
33,Leander Dendoncker,0.0,0.0,14
34,Moussa Diaby,0.0,0.0,14
37,Lewis Dobbin,0.0,0.0,14
41,Samuel Iling-Junior,0.0,0.0,14
42,Boubacar Kamara,1.21,2.0,14
48,John McGinn,2.51,2.0,14
53,Jacob Ramsey,0.56,0.0,14
54,Morgan Rogers,1.4100000000000001,7.0,14
57,Youri Tielemans,2.58,2.0,14
60,Tyler Adams,2.33,2.0,14
61,Jaidon Anthony,0.0,0.0,14
62,David Brooks,2.2300000000000004,1.0,14
63,Ryan Christie,1.7300000000000004,3.0,14
64,Lewis Cook,1.4100000000000001,1.0,14
66,Romain Faivre,0.0,0.0,14
67,Hamed Traorè,0.0,0.0,14
71,Justin Kluivert,5.43,3.0,14
74,Dango Ouattara,1.37,1.0,14
76,Philip Billing,0.8999999999999999,1.0,14
77,Alex Scott,0.45999999999999996,0.0,14
78,Antoine Semenyo,2.6399999999999997,3.0,14
80,Luis Sinisterra,0.41000000000000014,0.0,14
83,Marcus Tavernier,3.0599999999999996,6.0,14
87,Ethan Brierley,0.0,0.0,14
89,Mikkel Damsgaard,3.67,7.0,14
90,Josh Dasilva,0.0,0.0,14
94,Vitaly Janelt,2.0199999999999996,2.0,14
95,Mathias Jensen,1.2199999999999998,0.0,14
97,Yunus Emre Konak,0.1499999999999999,0.0,14
98,Keane Lewis-Potter,2.5599999999999996,2.0,14
99,Bryan Mbeumo,4.83,2.0,14
101,Christian Nørgaard,2.12,0.0,14
102,Frank Onyeka,0.0,0.0,14
103,Myles Peart-Harris,0.0,0.0,14
106,Kevin Schade,4.9,5.0,14
111,Yehor Yarmoliuk,1.96,2.0,14
113,Simon Adingra,1.0499999999999998,2.0,14
114,Benicio Baker-Boaitey,0.0,0.0,14
115,Carlos Baleba,0.9500000000000002,7.0,14
117,Facundo Buonanotte,2.9400000000000004,3.0,14
118,Amario Cozier-Duberry,0.0,0.0,14
119,Mahmoud Dahoud,0.0,0.0,14
121,Julio Enciso,0.5699999999999998,0.0,14
124,Billy Gilmour,0.0,0.0,14
125,Pascal Groß,0.0,0.0,14
126,Jack Hinshelwood,0.41999999999999993,0.0,14
127,Ibrahim Osman,0.0,0.0,14
130,Kacper Kozłowski,0.0,0.0,14
132,Solly March,0.0,0.0,14
133,Adrian Mazilu,0.0,0.0,14
134,James Milner,0.040000000000000036,0.0,14
135,Yankuba Minteh,1.4100000000000001,1.0,14
136,Mitoma Kaoru,3.34,2.0,14
137,Jakub Moder,0.5499999999999998,0.0,14
140,Cameron Peupion,0.04999999999999982,0.0,14
141,Jeremy Sarmiento Morante,0.0,0.0,14
149,Mats Wieffer,0.9199999999999999,2.0,14
150,Andrey Nascimento dos Santos,0.0,0.0,14
151,Ângelo Gabriel Borges Damaceno,0.0,0.0,14
157,Moisés Caicedo Corozo,2.5199999999999996,2.0,14
158,Cesare Casadei,0.10000000000000009,0.0,14
161,Carney Chukwuemeka,0.0,0.0,14
166,Kiernan Dewsbury-Hall,0.54,1.0,14
168,Enzo Fernández,3.76,5.0,14
169,Conor Gallagher,0.0,0.0,14
173,Omari Kellyman,0.009999999999999787,0.0,14
174,Roméo Lavia,2.58,0.0,14
177,Noni Madueke,2.38,10.0,14
179,Mykhailo Mudryk,0.8799999999999999,0.0,14
181,Christopher Nkunku,1.3200000000000003,10.0,14
182,Cole Palmer,4.64,7.0,14
184,Renato Palma Veiga,0.25,1.0,14
186,Raheem Sterling,1.37,0.0,14
188,Lesley Ugochukwu,0.6600000000000001,0.0,14
190,Naouirou Ahamada,0.0,0.0,14
192,Jordan Ayew,3.5700000000000003,1.0,14
193,Cheick Doucouré,0.45999999999999996,0.0,14
197,Malcolm Ebiowei,0.0,0.0,14
199,Eberechi Eze,2.8099999999999996,6.0,14
203,Will Hughes,1.92,2.0,14
205,Daichi Kamada,0.8500000000000001,0.0,14
206,Jefferson Lerma Solís,1.58,1.0,14
208,Matheus França de Oliveira,0.0,0.0,14
212,David Ozoh,0.0,0.0,14
213,Jesurun Rak-Sakyi,0.0,0.0,14
214,Jeffrey Schlupp,0.94,0.0,14
216,Adam Wharton,0.22999999999999998,0.0,14
217,Abdoulaye Doucouré,2.76,3.0,14
222,Idrissa Gueye,1.9100000000000001,3.0,14
223,James Garner,0.16000000000000014,0.0,14
224,Jack Harrison,0.9900000000000002,1.0,14
226,Tim Iroegbunam,0.3999999999999999,0.0,14
230,Dwight McNeil,2.9000000000000004,9.0,14
233,Amadou Onana,1.2800000000000002,0.0,14
239,Adama Traoré,0.8700000000000001,1.0,14
240,Andreas Hoelgebaum Pereira,1.3899999999999997,3.0,14
243,Tom Cairney,1.6500000000000004,0.0,14
246,Luke Harris,0.0,0.0,14
247,Alex Iwobi,3.45,12.0,14
249,Saša Lukić,2.38,0.0,14
254,Harrison Reed,0.3999999999999999,0.0,14
259,Harry Wilson,3.0999999999999996,2.0,14
262,Nathan Broadhead,0.9300000000000002,1.0,14
264,Wes Burns,1.7699999999999996,2.0,14
265,Conor Chaplin,1.29,1.0,14
271,Marcus Myers-Harness,0.0,0.0,14
273,Cameron Humphreys,0.0,0.0,14
274,Omari Giraud-Hutchinson,2.87,2.0,14
277,Massimo Luongo,0.2400000000000002,0.0,14
278,Sam Morsy,1.8899999999999997,2.0,14
281,Jack Taylor,1.9100000000000001,1.0,14
285,Boubakary Soumaré,1.3600000000000003,1.0,14
287,Hamza Choudhury,0.10999999999999988,0.0,14
290,Bobby De Cordova-Reid,0.96,1.0,14
292,Michael Golding,0.5299999999999998,0.0,14
297,Wanya Marçal-Madivádua,0.0,0.0,14
298,Stephy Mavididi,1.9400000000000004,1.0,14
299,Kasey McAteer,0.98,6.0,14
300,Wilfred Ndidi,1.79,2.0,14
309,Harry Winks,0.9700000000000002,0.0,14
312,Stefan Bajčetić Maquieira,0.020000000000000018,0.0,14
314,Fábio Freitas Gouveia Carvalho,2.3099999999999996,1.0,14
315,Bobby Clark,0.0,0.0,14
317,Diogo Teixeira da Silva,0.27,0.0,14
318,Ben Doak,0.0,0.0,14
319,Harvey Elliott,0.8900000000000001,0.0,14
320,Endo Wataru,0.43999999999999995,0.0,14
323,Ryan Gravenberch,2.3200000000000003,1.0,14
324,Curtis Jones,2.59,7.0,14
327,Luis Díaz,2.5599999999999996,1.0,14
328,Mohamed Salah,8.59,15.0,14
329,Alexis Mac Allister,2.13,1.0,14
330,James McConnell,0.06000000000000005,0.0,14
331,Tyler Morton,0.20000000000000018,0.0,14
336,Dominik Szoboszlai,2.63,1.0,14
342,Bernardo Veiga de Carvalho e Silva,2.76,7.0,14
343,Oscar Bobb,0.0,0.0,14
345,Kevin De Bruyne,2.1799999999999997,11.0,14
346,Jérémy Doku,1.88,11.0,14
348,Phil Foden,2.0599999999999996,0.0,14
349,Jack Grealish,1.1100000000000003,3.0,14
354,Mateo Kovačić,0.5299999999999998,0.0,14
356,Matheus Luiz Nunes,1.6500000000000004,1.0,14
357,James McAtee,0.029999999999999805,1.0,14
359,Kalvin Phillips,0.1200000000000001,0.0,14
360,Rodrigo 'Rodri' Hernandez,0.020000000000000018,0.0,14
364,Amad Diallo,4.19,1.0,14
365,Antony Matheus dos Santos,0.0,1.0,14
366,Bruno Borges Fernandes,4.57,2.0,14
368,Carlos Henrique Casimiro,2.12,0.0,14
370,Christian Eriksen,0.7200000000000002,0.0,14
372,Alejandro Garnacho,3.5599999999999996,1.0,14
373,Hannibal Mejbri,0.0,0.0,14
378,Kobbie Mainoo,1.4900000000000002,0.0,14
381,Scott McTominay,0.0,0.0,14
382,Mason Mount,0.75,1.0,14
384,Facundo Pellistri Rebollo,0.0,0.0,14
385,Marcus Rashford,4.55,1.0,14
386,Jadon Sancho,1.42,6.0,14
391,Miguel Almirón Rejala,0.2200000000000002,0.0,14
392,Harvey Barnes,1.7300000000000004,1.0,14
394,Bruno Guimarães Rodriguez Moura,1.5499999999999998,8.0,14
397,Ryan Fraser,1.3899999999999997,2.0,14
398,Anthony Gordon,2.3099999999999996,7.0,14
400,Isaac Hayden,0.0,0.0,14
402,Jacob Murphy,0.54,2.0,14
403,Joelinton Cássio Apolinário de Lira,1.6100000000000003,2.0,14
406,Garang Kuol,0.029999999999999805,0.0,14
410,Sean Longstaff,1.5,1.0,14
411,Lewis Miley,0.0,0.0,14
417,Sandro Tonali,1.9900000000000002,1.0,14
419,Joe White,0.0,0.0,14
420,Joe Willock,1.6100000000000003,1.0,14
423,Elliot Anderson,2.3,1.0,14
426,Josh Bowler,0.0,0.0,14
428,Eric da Silva Moreira,0.029999999999999805,1.0,14
429,Danilo dos Santos de Oliveira,0.0,0.0,14
431,Nicolás Domínguez,1.3600000000000003,1.0,14
432,Anthony Elanga,1.42,2.0,14
433,Morgan Gibbs-White,2.92,1.0,14
434,Callum Hudson-Odoi,2.46,0.0,14
435,Alex Mighten,0.0,0.0,14
439,Lewis O'Brien,0.04150395890316494,0.0,14
442,Ibrahim Sangaré,0.04999999999999982,0.0,14
449,Ryan Yates,2.4299999999999997,1.0,14
450,Carlos Alcaraz Durán,0.3700000000000001,0.0,14
451,Samuel Amo-Ameyaw,0.04999999999999982,0.0,14
452,Joe Aribo,2.25,7.0,14
458,Shea Charles,0.0,0.0,14
459,Samuel Edozie,0.1299999999999999,0.0,14
462,Kamaldeen Sulemana,0.7400000000000002,1.0,14
463,Adam Lallana,0.41999999999999993,0.0,14
471,Will Smallbone,0.06000000000000005,0.0,14
480,Rodrigo Bentancur,1.04,0.0,14
481,Lucas Bergvall,1.0199999999999996,1.0,14
482,Yves Bissouma,1.2400000000000002,1.0,14
483,Bryan Gil Salvatierra,0.04224469964390565,0.0,14
485,Alfie Devine,0.009999999999999787,0.0,14
489,Archie Gray,0.4700000000000002,2.0,14
490,Pierre-Emile Højbjerg,0.0,0.0,14
491,Brennan Johnson,2.9699999999999998,2.0,14
492,Dejan Kulusevski,2.54,2.0,14
493,Giovani Lo Celso,0.0,0.0,14
494,James Maddison,2.8,2.0,14
499,Pape Matar Sarr,1.7199999999999998,1.0,14
501,Oliver Skipp,0.9100000000000001,0.0,14
502,Manor Solomon,0.0,0.0,14
503,Son Heung-min,2.95,1.0,14
509,Timo Werner,2.4299999999999997,1.0,14
511,Edson Álvarez Velázquez,1.33,1.0,14
514,Jarrod Bowen,4.12,2.0,14
515,Maxwel Cornet,1.0099999999999998,0.0,14
518,Flynn Downes,3.25,0.0,14
519,George Earthy,0.0,0.0,14
525,Mohammed Kudus,1.17,2.0,14
526,Luis Guilherme Lira dos Santos,0.04999999999999982,0.0,14
527,Lucas Tolentino Coelho de Lima,3.7,1.0,14
530,Tomáš Souček,2.9000000000000004,2.0,14
531,James Ward-Prowse,0.6499999999999999,0.0,14
534,Boubacar Traoré,0.0,0.0,14
535,Jean-Ricner Bellegarde,2.8200000000000003,0.0,14
537,Francisco Jorge Tomás Oliveira,0.5299999999999998,0.0,14
538,Tawanda Chirewa,0.0,0.0,14
540,Luke Cundle,0.0,0.0,14
544,Tommy Doyle,0.33999999999999986,1.0,14
547,Enso González,0.020000000000000018,0.0,14
548,Gonçalo Manuel Ganchinho Guedes,2.24,1.0,14
550,Hwang Hee-chan,0.7200000000000002,1.0,14
551,Joe Hodge,0.0,0.0,14
553,João Victor Gomes da Silva,2.5300000000000002,2.0,14
557,Mario Lemina,1.79,2.0,14
560,Pedro Lomba Neto,2.4299999999999997,0.0,14
562,Daniel Castelo Podence,0.0,0.0,14
563,Rodrigo Martins Gomes,1.3600000000000003,1.0,14
565,Pablo Sarabia,0.8300000000000001,0.0,14
569,Jaden Philogene,1.79,1.0,14
570,Abdul Fatawu,0.79,0.0,14
571,Sávio 'Savinho' Moreira de Oliveira,1.9100000000000001,1.0,14
576,Andy Irving,1.0199999999999996,0.0,14
577,Jesper Lindstrøm,1.9299999999999997,1.0,14
584,Ben Brereton Díaz,0.8999999999999999,1.0,14
585,Ismaïla Sarr,3.74,2.0,14
587,Crysencio Summerville,2.1100000000000003,4.0,14
588,Guido Rodríguez,2.04,0.0,14
595,Brajan Gruda,0.41000000000000014,1.0,14
596,João Pedro Ferreira Silva,2.8499999999999996,2.0,14
597,Myles Lewis-Skelly,0.0,0.0,14
600,Yasin Ayari,2.0300000000000002,0.0,14
601,Andrew Moran,0.0,0.0,14
602,Ryan Trevitt,0.020000000000000018,0.0,14
603,Harrison Armstrong,0.33999999999999986,0.0,14
604,Josh King,0.0,1.0,14
605,Martial Godo,0.0,0.0,14
606,Will Alves,0.0,0.0,14
607,Nico O'Reilly,0.0,0.0,14
608,Tyler Dibling,1.5700000000000003,0.0,14
610,Mikey Moore,0.3599999999999999,0.0,14
611,Sam Szmodics,1.87,0.0,14
612,Wilson Odobert,0.0,0.0,14
613,Toby Collyer,0.0,0.0,14
614,Jenson Metcalfe,0.0,0.0,14
618,Georginio Rutter,2.09,1.0,14
619,Jens Cajuste,1.92,2.0,14
620,Ramón Sosa,1.7699999999999996,1.0,14
621,João Félix Sequeira,1.7000000000000002,5.0,14
622,Sander Berge,2.1100000000000003,1.0,14
623,Mateus Gonçalo Espanha Fernandes,2.5700000000000003,2.0,14
625,Ilkay Gündogan,1.6799999999999997,2.0,14
629,Matt O'Riley,1.25,0.0,14
631,Jack Clarke,1.5599999999999996,2.0,14
632,Chiedozie Ogbene,0.25,0.0,14
633,Mikel Merino,1.6799999999999997,1.0,14
634,Gustavo Nunes Fernandes Gomes,0.0,0.0,14
635,Bilal El Khannouss,0.71,11.0,14
636,Federico Chiesa,0.009999999999999787,0.0,14
638,Salah-Eddine Oulad M'hand,0.0,0.0,14
642,André Trindade da Costa Neto,1.38,2.0,14
644,Franco Umeh-Chibueze,0.0,0.0,14
645,Justin Devenny,1.7999999999999998,1.0,14
646,Asher Agbinone,0.6800000000000002,0.0,14
647,Kaden Rodney,0.2400000000000002,0.0,14
651,Orel Mangala,1.42,7.0,14
652,Manuel Ugarte,1.1900000000000004,1.0,14
654,Carlos Soler,2.9299999999999997,2.0,14
655,Carlos Roberto Forbs Borges,1.04,0.0,14
656,Kadan Young,0.2400000000000002,0.0,14
659,Ismeal Kabia,0.0,0.0,14
661,Tony Yogane,0.08999999999999986,0.0,14
667,Jack Fletcher,0.020000000000000018,0.0,14
671,Jacob Wright,0.0,0.0,14
673,Jayce Fitzgerald,0.5899999999999999,0.0,14
674,Paris Maghoma,0.2599999999999998,1.0,14
678,Callum Bates,0.22999999999999998,0.0,14
679,Ben Broggio,2.34,0.0,14
682,Tom Edozie,0.54,0.0,14
683,Callum Olusesi,0.06000000000000005,0.0,14
687,Ben Winterburn,0.3599999999999999,0.0,14
688,Treymaurice Nyoni,0.29000000000000004,0.0,14
689,Luca Williams-Barnett,0.0,0.0,14
693,Joseph O'Brien-Whitmarsh,0.04224469964390565,0.0,14
1,Fábio Ferreira Vieira,0.0,0.0,15
7,Jorge Luiz Frello Filho,2.0,2.0,15
9,Gabriel Martinelli Silva,2.9400000000000004,0.0,15
10,Reiss Nelson,2.84,0.0,15
12,Ethan Nwaneri,1.1600000000000001,1.0,15
13,Martin Ødegaard,2.4699999999999998,2.0,15
16,Declan Rice,3.6100000000000003,1.0,15
17,Bukayo Saka,5.23,2.0,15
19,Emile Smith Rowe,2.6799999999999997,1.0,15
20,Thomas Partey,3.26,2.0,15
23,Leandro Trossard,2.92,1.0,15
28,Leon Bailey,1.63,1.0,15
29,Ross Barkley,1.54,1.0,15
30,Enzo Barrenechea,0.0,0.0,15
31,Emiliano Buendía Stati,1.08,0.0,15
33,Leander Dendoncker,0.040000000000000036,0.0,15
34,Moussa Diaby,0.0,0.0,15
37,Lewis Dobbin,0.0007999999999999119,0.0,15
41,Samuel Iling-Junior,0.0,0.0,15
42,Boubacar Kamara,1.2699999999999996,3.0,15
48,John McGinn,2.2699999999999996,3.0,15
53,Jacob Ramsey,0.22999999999999998,0.0,15
54,Morgan Rogers,2.8,2.0,15
57,Youri Tielemans,3.2699999999999996,1.0,15
60,Tyler Adams,2.3600000000000003,0.0,15
61,Jaidon Anthony,0.0,0.0,15
62,David Brooks,1.6399999999999997,3.0,15
63,Ryan Christie,2.83,2.0,15
64,Lewis Cook,1.3099999999999996,2.0,15
66,Romain Faivre,0.0,0.0,15
67,Hamed Traorè,0.0,0.0,15
71,Justin Kluivert,3.6500000000000004,2.0,15
74,Dango Ouattara,1.9800000000000004,9.0,15
76,Philip Billing,1.6500000000000004,1.0,15
77,Alex Scott,0.1200000000000001,0.0,15
78,Antoine Semenyo,2.88,2.0,15
80,Luis Sinisterra,0.1299999999999999,0.0,15
83,Marcus Tavernier,1.9699999999999998,2.0,15
87,Ethan Brierley,0.0,0.0,15
89,Mikkel Damsgaard,2.95,1.0,15
90,Josh Dasilva,0.0,0.0,15
94,Vitaly Janelt,2.6900000000000004,0.0,15
95,Mathias Jensen,0.6200000000000001,0.0,15
97,Yunus Emre Konak,0.2400000000000002,0.0,15
98,Keane Lewis-Potter,2.45,1.0,15
99,Bryan Mbeumo,5.24,10.0,15
101,Christian Nørgaard,1.6100000000000003,5.0,15
102,Frank Onyeka,0.0,0.0,15
103,Myles Peart-Harris,0.0,0.0,15
106,Kevin Schade,4.16,6.0,15
111,Yehor Yarmoliuk,2.9699999999999998,2.0,15
113,Simon Adingra,1.4900000000000002,0.0,15
114,Benicio Baker-Boaitey,0.0,0.0,15
115,Carlos Baleba,2.5300000000000002,0.0,15
117,Facundo Buonanotte,2.71,0.0,15
118,Amario Cozier-Duberry,0.0,0.0,15
119,Mahmoud Dahoud,0.0,0.0,15
121,Julio Enciso,0.33000000000000007,0.0,15
124,Billy Gilmour,0.0,0.0,15
125,Pascal Groß,0.0,0.0,15
126,Jack Hinshelwood,0.14000000000000012,0.0,15
127,Ibrahim Osman,0.0,0.0,15
130,Kacper Kozłowski,0.03688987153985002,0.0,15
132,Solly March,0.0,0.0,15
133,Adrian Mazilu,0.0,0.0,15
134,James Milner,0.020000000000000018,0.0,15
135,Yankuba Minteh,0.8799999999999999,6.0,15
136,Mitoma Kaoru,3.1900000000000004,2.0,15
137,Jakub Moder,0.3799999999999999,0.0,15
140,Cameron Peupion,0.22999999999999998,0.0,15
141,Jeremy Sarmiento Morante,0.0,0.0,15
149,Mats Wieffer,1.62,3.0,15
150,Andrey Nascimento dos Santos,0.0,0.0,15
151,Ângelo Gabriel Borges Damaceno,0.0,0.0,15
157,Moisés Caicedo Corozo,2.2300000000000004,5.0,15
158,Cesare Casadei,0.6499999999999999,0.0,15
161,Carney Chukwuemeka,0.0,0.0,15
166,Kiernan Dewsbury-Hall,1.4299999999999997,0.0,15
168,Enzo Fernández,3.5300000000000002,7.0,15
169,Conor Gallagher,0.0,0.0,15
173,Omari Kellyman,0.0,0.0,15
174,Roméo Lavia,1.1399999999999997,0.0,15
177,Noni Madueke,4.3,1.0,15
179,Mykhailo Mudryk,0.5499999999999998,0.0,15
181,Christopher Nkunku,3.91,1.0,15
182,Cole Palmer,5.23,15.0,15
184,Renato Palma Veiga,0.41000000000000014,1.0,15
186,Raheem Sterling,0.43000000000000016,0.0,15
188,Lesley Ugochukwu,0.5899999999999999,0.0,15
190,Naouirou Ahamada,0.0,0.0,15
192,Jordan Ayew,2.34,2.0,15
193,Cheick Doucouré,0.8500000000000001,0.0,15
197,Malcolm Ebiowei,0.0,0.0,15
199,Eberechi Eze,3.66,2.0,15
203,Will Hughes,2.42,8.0,15
205,Daichi Kamada,0.4500000000000002,0.0,15
206,Jefferson Lerma Solís,1.25,2.0,15
208,Matheus França de Oliveira,0.0,0.0,15
212,David Ozoh,0.0,0.0,15
213,Jesurun Rak-Sakyi,0.0,0.0,15
214,Jeffrey Schlupp,0.5299999999999998,0.0,15
216,Adam Wharton,0.31999999999999984,0.0,15
233,Amadou Onana,0.33000000000000007,0.0,15
239,Adama Traoré,0.7999999999999998,1.0,15
240,Andreas Hoelgebaum Pereira,2.0199999999999996,1.0,15
243,Tom Cairney,1.5,0.0,15
246,Luke Harris,0.0,0.0,15
247,Alex Iwobi,3.8200000000000003,2.0,15
249,Saša Lukić,1.9000000000000004,1.0,15
254,Harrison Reed,0.2599999999999998,0.0,15
259,Harry Wilson,1.5599999999999996,1.0,15
262,Nathan Broadhead,1.2300000000000004,0.0,15
264,Wes Burns,1.79,1.0,15
265,Conor Chaplin,1.8200000000000003,7.0,15
271,Marcus Myers-Harness,0.0,0.0,15
273,Cameron Humphreys,0.0,0.0,15
274,Omari Giraud-Hutchinson,1.5700000000000003,2.0,15
277,Massimo Luongo,0.3999999999999999,0.0,15
278,Sam Morsy,2.4000000000000004,2.0,15
281,Jack Taylor,2.1900000000000004,2.0,15
285,Boubakary Soumaré,1.4800000000000004,1.0,15
287,Hamza Choudhury,1.6100000000000003,0.0,15
290,Bobby De Cordova-Reid,1.5499999999999998,9.0,15
292,Michael Golding,0.10999999999999988,0.0,15
297,Wanya Marçal-Madivádua,0.18999999999999995,0.0,15
298,Stephy Mavididi,2.0599999999999996,1.0,15
299,Kasey McAteer,2.3899999999999997,2.0,15
300,Wilfred Ndidi,3.4800000000000004,1.0,15
309,Harry Winks,0.77,0.0,15
314,Fábio Freitas Gouveia Carvalho,2.0599999999999996,2.0,15
342,Bernardo Veiga de Carvalho e Silva,3.34,5.0,15
343,Oscar Bobb,0.0,0.0,15
345,Kevin De Bruyne,3.3099999999999996,2.0,15
346,Jérémy Doku,2.6500000000000004,1.0,15
348,Phil Foden,1.4100000000000001,0.0,15
349,Jack Grealish,2.6799999999999997,1.0,15
354,Mateo Kovačić,0.6200000000000001,0.0,15
356,Matheus Luiz Nunes,0.8199999999999998,5.0,15
357,James McAtee,0.0,0.0,15
359,Kalvin Phillips,0.6499999999999999,0.0,15
360,Rodrigo 'Rodri' Hernandez,0.040000000000000036,0.0,15
364,Amad Diallo,3.95,5.0,15
365,Antony Matheus dos Santos,1.3600000000000003,0.0,15
366,Bruno Borges Fernandes,3.0999999999999996,7.0,15
368,Carlos Henrique Casimiro,1.42,0.0,15
370,Christian Eriksen,0.20999999999999996,0.0,15
372,Alejandro Garnacho,1.9400000000000004,4.0,15
373,Hannibal Mejbri,0.0,0.0,15
378,Kobbie Mainoo,1.0499999999999998,2.0,15
381,Scott McTominay,0.0,0.0,15
382,Mason Mount,1.7999999999999998,1.0,15
384,Facundo Pellistri Rebollo,0.0,0.0,15
385,Marcus Rashford,4.06,1.0,15
386,Jadon Sancho,3.12,7.0,15
391,Miguel Almirón Rejala,0.31999999999999984,1.0,15
392,Harvey Barnes,1.9299999999999997,7.0,15
394,Bruno Guimarães Rodriguez Moura,3.4000000000000004,2.0,15
397,Ryan Fraser,1.0999999999999996,0.0,15
398,Anthony Gordon,2.0999999999999996,1.0,15
400,Isaac Hayden,0.0,0.0,15
402,Jacob Murphy,1.46,7.0,15
403,Joelinton Cássio Apolinário de Lira,2.12,1.0,15
406,Garang Kuol,0.0,0.0,15
410,Sean Longstaff,1.4699999999999998,2.0,15
411,Lewis Miley,0.0,0.0,15
417,Sandro Tonali,1.75,1.0,15
419,Joe White,0.0,0.0,15
420,Joe Willock,1.4800000000000004,0.0,15
423,Elliot Anderson,1.5,5.0,15
426,Josh Bowler,0.0,0.0,15
428,Eric da Silva Moreira,0.6400000000000001,0.0,15
429,Danilo dos Santos de Oliveira,0.0,0.0,15
431,Nicolás Domínguez,2.4000000000000004,1.0,15
432,Anthony Elanga,2.0999999999999996,1.0,15
433,Morgan Gibbs-White,2.16,10.0,15
434,Callum Hudson-Odoi,1.0300000000000002,5.0,15
435,Alex Mighten,0.0,0.0,15
439,Lewis O'Brien,0.0,0.0,15
442,Ibrahim Sangaré,0.0,0.0,15
449,Ryan Yates,1.5300000000000002,2.0,15
450,Carlos Alcaraz Durán,0.040000000000000036,0.0,15
451,Samuel Amo-Ameyaw,0.22999999999999998,0.0,15
452,Joe Aribo,2.9800000000000004,1.0,15
458,Shea Charles,0.0,0.0,15
459,Samuel Edozie,0.0,0.0,15
462,Kamaldeen Sulemana,1.38,1.0,15
463,Adam Lallana,0.6699999999999999,0.0,15
471,Will Smallbone,0.029999999999999805,0.0,15
480,Rodrigo Bentancur,0.3799999999999999,0.0,15
481,Lucas Bergvall,0.98,1.0,15
482,Yves Bissouma,2.17,1.0,15
483,Bryan Gil Salvatierra,0.0,0.0,15
485,Alfie Devine,0.31999999999999984,0.0,15
489,Archie Gray,1.87,1.0,15
490,Pierre-Emile Højbjerg,0.0,0.0,15
491,Brennan Johnson,3.83,4.0,15
492,Dejan Kulusevski,2.5199999999999996,7.0,15
493,Giovani Lo Celso,0.0,0.0,15
494,James Maddison,2.83,4.0,15
499,Pape Matar Sarr,1.6799999999999997,1.0,15
501,Oliver Skipp,0.4900000000000002,1.0,15
502,Manor Solomon,0.0,0.0,15
503,Son Heung-min,2.63,7.0,15
509,Timo Werner,2.9400000000000004,1.0,15
511,Edson Álvarez Velázquez,1.79,2.0,15
514,Jarrod Bowen,4.95,9.0,15
515,Maxwel Cornet,0.009999999999999787,0.0,15
518,Flynn Downes,1.7400000000000002,1.0,15
519,George Earthy,0.0,0.0,15
525,Mohammed Kudus,4.26,5.0,15
526,Luis Guilherme Lira dos Santos,0.04999999999999982,0.0,15
527,Lucas Tolentino Coelho de Lima,2.5999999999999996,1.0,15
530,Tomáš Souček,2.67,7.0,15
531,James Ward-Prowse,0.6000000000000001,0.0,15
534,Boubacar Traoré,0.020000000000000018,0.0,15
535,Jean-Ricner Bellegarde,0.5699999999999998,1.0,15
537,Francisco Jorge Tomás Oliveira,0.18999999999999995,0.0,15
538,Tawanda Chirewa,0.0,0.0,15
540,Luke Cundle,0.0,0.0,15
544,Tommy Doyle,0.6400000000000001,1.0,15
547,Enso González,1.2800000000000002,0.0,15
548,Gonçalo Manuel Ganchinho Guedes,1.92,1.0,15
550,Hwang Hee-chan,1.0899999999999999,0.0,15
551,Joe Hodge,0.0,0.0,15
553,João Victor Gomes da Silva,2.26,1.0,15
557,Mario Lemina,1.9400000000000004,1.0,15
560,Pedro Lomba Neto,1.0099999999999998,1.0,15
562,Daniel Castelo Podence,0.08999999999999986,0.0,15
563,Rodrigo Martins Gomes,1.5300000000000002,1.0,15
565,Pablo Sarabia,0.52,0.0,15
569,Jaden Philogene,1.08,1.0,15
570,Abdul Fatawu,0.2999999999999998,0.0,15
571,Sávio 'Savinho' Moreira de Oliveira,1.17,2.0,15
576,Andy Irving,0.6000000000000001,0.0,15
584,Ben Brereton Díaz,1.08,1.0,15
585,Ismaïla Sarr,2.9000000000000004,2.0,15
587,Crysencio Summerville,1.8899999999999997,2.0,15
588,Guido Rodríguez,1.71,0.0,15
595,Brajan Gruda,0.6600000000000001,0.0,15
596,João Pedro Ferreira Silva,2.6100000000000003,1.0,15
597,Myles Lewis-Skelly,0.009999999999999787,0.0,15
600,Yasin Ayari,1.8099999999999996,3.0,15
601,Andrew Moran,0.0,0.0,15
602,Ryan Trevitt,0.020000000000000018,0.0,15
604,Josh King,0.6699999999999999,0.0,15
605,Martial Godo,0.0,0.0,15
606,Will Alves,0.020000000000000018,0.0,15
607,Nico O'Reilly,0.0,0.0,15
608,Tyler Dibling,1.63,2.0,15
610,Mikey Moore,0.04999999999999982,0.0,15
611,Sam Szmodics,1.3099999999999996,2.0,15
612,Wilson Odobert,0.06000000000000005,0.0,15
613,Toby Collyer,0.0,0.0,15
618,Georginio Rutter,1.62,2.0,15
619,Jens Cajuste,1.87,1.0,15
620,Ramón Sosa,2.0,0.0,15
621,João Félix Sequeira,2.4800000000000004,1.0,15
622,Sander Berge,1.8499999999999996,2.0,15
623,Mateus Gonçalo Espanha Fernandes,2.7699999999999996,2.0,15
625,Ilkay Gündogan,2.9800000000000004,2.0,15
629,Matt O'Riley,1.9000000000000004,1.0,15
631,Jack Clarke,2.08,1.0,15
632,Chiedozie Ogbene,0.0,0.0,15
633,Mikel Merino,1.4500000000000002,1.0,15
634,Gustavo Nunes Fernandes Gomes,0.0,0.0,15
635,Bilal El Khannouss,2.5300000000000002,2.0,15
638,Salah-Eddine Oulad M'hand,0.0,0.0,15
642,André Trindade da Costa Neto,2.17,2.0,15
644,Franco Umeh-Chibueze,0.0,0.0,15
645,Justin Devenny,1.87,1.0,15
646,Asher Agbinone,0.18000000000000016,0.0,15
647,Kaden Rodney,0.04999999999999982,0.0,15
652,Manuel Ugarte,1.7300000000000004,2.0,15
654,Carlos Soler,1.63,2.0,15
655,Carlos Roberto Forbs Borges,0.6000000000000001,0.0,15
656,Kadan Young,0.009999999999999787,0.0,15
659,Ismeal Kabia,0.009999999999999787,0.0,15
661,Tony Yogane,0.0,0.0,15
667,Jack Fletcher,0.33999999999999986,0.0,15
671,Jacob Wright,0.73,0.0,15
673,Jayce Fitzgerald,0.2799999999999998,0.0,15
674,Paris Maghoma,1.12,1.0,15
679,Ben Broggio,0.0,0.0,15
682,Tom Edozie,0.56,0.0,15
683,Callum Olusesi,0.0,0.0,15
687,Ben Winterburn,0.7000000000000002,0.0,15
689,Luca Williams-Barnett,0.14000000000000012,0.0,15
693,Joseph O'Brien-Whitmarsh,0.7400000000000002,0.0,15
1,Fábio Ferreira Vieira,0.0,0.0,16
7,Jorge Luiz Frello Filho,1.79,1.0,16
9,Gabriel Martinelli Silva,2.79,3.0,16
10,Reiss Nelson,1.9299999999999997,0.0,16
12,Ethan Nwaneri,0.8799999999999999,1.0,16
13,Martin Ødegaard,2.2199999999999998,3.0,16
16,Declan Rice,2.59,3.0,16
17,Bukayo Saka,3.76,3.0,16
19,Emile Smith Rowe,3.5,1.0,16
20,Thomas Partey,1.9400000000000004,1.0,16
23,Leandro Trossard,2.8200000000000003,1.0,16
28,Leon Bailey,1.3499999999999996,0.0,16
29,Ross Barkley,1.96,1.0,16
30,Enzo Barrenechea,0.0,0.0,16
31,Emiliano Buendía Stati,0.6499999999999999,0.0,16
33,Leander Dendoncker,0.0,0.0,16
34,Moussa Diaby,0.0,0.0,16
37,Lewis Dobbin,0.0,0.0,16
41,Samuel Iling-Junior,0.0,0.0,16
42,Boubacar Kamara,1.2300000000000004,2.0,16
48,John McGinn,2.74,5.0,16
53,Jacob Ramsey,0.16000000000000014,0.0,16
54,Morgan Rogers,3.3200000000000003,2.0,16
57,Youri Tielemans,3.3600000000000003,3.0,16
60,Tyler Adams,1.54,1.0,16
61,Jaidon Anthony,0.0,0.0,16
62,David Brooks,2.33,1.0,16
63,Ryan Christie,1.9500000000000002,2.0,16
64,Lewis Cook,1.4400000000000004,2.0,16
66,Romain Faivre,0.0,0.0,16
67,Hamed Traorè,0.0,0.0,16
71,Justin Kluivert,2.6500000000000004,3.0,16
74,Dango Ouattara,2.59,2.0,16
76,Philip Billing,1.37,1.0,16
77,Alex Scott,0.020000000000000018,0.0,16
78,Antoine Semenyo,4.1,3.0,16
80,Luis Sinisterra,0.10000000000000009,0.0,16
83,Marcus Tavernier,2.3600000000000003,0.0,16
87,Ethan Brierley,0.009999999999999787,0.0,16
89,Mikkel Damsgaard,2.25,2.0,16
90,Josh Dasilva,0.002366666666666184,0.0,16
94,Vitaly Janelt,2.3600000000000003,0.0,16
95,Mathias Jensen,0.2999999999999998,0.0,16
97,Yunus Emre Konak,0.2799999999999998,0.0,16
98,Keane Lewis-Potter,2.13,2.0,16
99,Bryan Mbeumo,4.81,7.0,16
101,Christian Nørgaard,2.0599999999999996,2.0,16
102,Frank Onyeka,0.0,0.0,16
103,Myles Peart-Harris,0.0,0.0,16
106,Kevin Schade,4.29,3.0,16
111,Yehor Yarmoliuk,2.71,2.0,16
113,Simon Adingra,1.1100000000000003,1.0,16
114,Benicio Baker-Boaitey,0.0,0.0,16
115,Carlos Baleba,2.1799999999999997,2.0,16
117,Facundo Buonanotte,1.7199999999999998,1.0,16
118,Amario Cozier-Duberry,0.009999999999999787,0.0,16
119,Mahmoud Dahoud,0.0,0.0,16
121,Julio Enciso,0.06999999999999984,1.0,16
124,Billy Gilmour,0.0,0.0,16
125,Pascal Groß,0.0,0.0,16
126,Jack Hinshelwood,0.5,0.0,16
127,Ibrahim Osman,0.0,0.0,16
130,Kacper Kozłowski,0.0,0.0,16
132,Solly March,0.0,0.0,16
133,Adrian Mazilu,0.0,0.0,16
134,James Milner,0.0,0.0,16
135,Yankuba Minteh,1.9800000000000004,2.0,16
136,Mitoma Kaoru,2.6799999999999997,2.0,16
137,Jakub Moder,0.2400000000000002,0.0,16
140,Cameron Peupion,0.20999999999999996,0.0,16
141,Jeremy Sarmiento Morante,0.0,0.0,16
149,Mats Wieffer,2.62,1.0,16
150,Andrey Nascimento dos Santos,0.0,0.0,16
151,Ângelo Gabriel Borges Damaceno,0.0,0.0,16
157,Moisés Caicedo Corozo,3.49,2.0,16
158,Cesare Casadei,0.0,0.0,16
161,Carney Chukwuemeka,0.0,0.0,16
166,Kiernan Dewsbury-Hall,0.71,0.0,16
168,Enzo Fernández,5.35,5.0,16
169,Conor Gallagher,0.0,0.0,16
173,Omari Kellyman,0.0,0.0,16
174,Roméo Lavia,1.7800000000000002,0.0,16
177,Noni Madueke,3.09,5.0,16
179,Mykhailo Mudryk,0.1499999999999999,0.0,16
181,Christopher Nkunku,3.24,1.0,16
182,Cole Palmer,9.06,2.0,16
184,Renato Palma Veiga,0.98,0.0,16
186,Raheem Sterling,0.5800000000000001,0.0,16
188,Lesley Ugochukwu,0.3799999999999999,0.0,16
190,Naouirou Ahamada,0.0,0.0,16
192,Jordan Ayew,2.5700000000000003,0.0,16
193,Cheick Doucouré,0.4500000000000002,1.0,16
197,Malcolm Ebiowei,0.0,0.0,16
199,Eberechi Eze,2.99,1.0,16
203,Will Hughes,2.58,3.0,16
205,Daichi Kamada,0.25,1.0,16
206,Jefferson Lerma Solís,2.0999999999999996,2.0,16
208,Matheus França de Oliveira,0.06000000000000005,0.0,16
212,David Ozoh,0.0,0.0,16
213,Jesurun Rak-Sakyi,0.0,0.0,16
214,Jeffrey Schlupp,0.7200000000000002,0.0,16
216,Adam Wharton,0.10000000000000009,0.0,16
217,Abdoulaye Doucouré,1.6100000000000003,3.0,16
222,Idrissa Gueye,2.45,3.0,16
223,James Garner,0.9500000000000002,0.0,16
224,Jack Harrison,1.88,3.0,16
226,Tim Iroegbunam,1.37,0.0,16
230,Dwight McNeil,5.65,0.0,16
233,Amadou Onana,0.33000000000000007,1.0,16
239,Adama Traoré,1.0999999999999996,1.0,16
240,Andreas Hoelgebaum Pereira,2.04,6.0,16
243,Tom Cairney,1.0599999999999996,0.0,16
246,Luke Harris,0.0,0.0,16
247,Alex Iwobi,3.01,2.0,16
249,Saša Lukić,1.96,2.0,16
254,Harrison Reed,0.16000000000000014,0.0,16
259,Harry Wilson,1.8399999999999999,2.0,16
262,Nathan Broadhead,1.08,0.0,16
264,Wes Burns,2.2300000000000004,2.0,16
265,Conor Chaplin,2.3,5.0,16
271,Marcus Myers-Harness,0.0,0.0,16
273,Cameron Humphreys,0.0,0.0,16
274,Omari Giraud-Hutchinson,1.6900000000000004,2.0,16
277,Massimo Luongo,0.08999999999999986,0.0,16
278,Sam Morsy,1.9500000000000002,2.0,16
281,Jack Taylor,3.8899999999999997,5.0,16
285,Boubakary Soumaré,1.9100000000000001,0.0,16
287,Hamza Choudhury,3.1900000000000004,1.0,16
290,Bobby De Cordova-Reid,1.4800000000000004,1.0,16
292,Michael Golding,0.06000000000000005,0.0,16
297,Wanya Marçal-Madivádua,0.0,0.0,16
298,Stephy Mavididi,1.4100000000000001,1.0,16
299,Kasey McAteer,1.5,2.0,16
300,Wilfred Ndidi,1.75,0.0,16
309,Harry Winks,0.41999999999999993,0.0,16
312,Stefan Bajčetić Maquieira,0.8599999999999999,0.0,16
314,Fábio Freitas Gouveia Carvalho,1.8600000000000003,1.0,16
315,Bobby Clark,0.7200000000000002,0.0,16
317,Diogo Teixeira da Silva,1.12,6.0,16
318,Ben Doak,0.7400000000000002,0.0,16
319,Harvey Elliott,0.4700000000000002,1.0,16
320,Endo Wataru,1.5999999999999996,0.0,16
323,Ryan Gravenberch,2.7,2.0,16
324,Curtis Jones,3.0,1.0,16
327,Luis Díaz,4.36,1.0,16
328,Mohamed Salah,7.789999999999999,5.0,16
329,Alexis Mac Allister,2.7,0.0,16
330,James McConnell,0.75,0.0,16
331,Tyler Morton,3.13,0.0,16
336,Dominik Szoboszlai,3.01,2.0,16
342,Bernardo Veiga de Carvalho e Silva,3.0300000000000002,2.0,16
343,Oscar Bobb,0.0,0.0,16
345,Kevin De Bruyne,2.8899999999999997,6.0,16
346,Jérémy Doku,1.2599999999999998,3.0,16
348,Phil Foden,1.4000000000000004,2.0,16
349,Jack Grealish,1.3399999999999999,1.0,16
354,Mateo Kovačić,0.29000000000000004,1.0,16
356,Matheus Luiz Nunes,3.79,2.0,16
357,James McAtee,0.10999999999999988,0.0,16
359,Kalvin Phillips,0.45999999999999996,0.0,16
360,Rodrigo 'Rodri' Hernandez,0.0,0.0,16
364,Amad Diallo,3.2800000000000002,10.0,16
365,Antony Matheus dos Santos,0.6299999999999999,1.0,16
366,Bruno Borges Fernandes,4.47,7.0,16
368,Carlos Henrique Casimiro,0.5800000000000001,0.0,16
370,Christian Eriksen,0.06000000000000005,0.0,16
372,Alejandro Garnacho,2.76,0.0,16
373,Hannibal Mejbri,0.0,0.0,16
378,Kobbie Mainoo,0.8700000000000001,2.0,16
381,Scott McTominay,0.0,0.0,16
382,Mason Mount,1.5499999999999998,1.0,16
384,Facundo Pellistri Rebollo,0.0,0.0,16
385,Marcus Rashford,3.3200000000000003,0.0,16
386,Jadon Sancho,3.9400000000000004,2.0,16
391,Miguel Almirón Rejala,0.8300000000000001,0.0,16
392,Harvey Barnes,2.7199999999999998,1.0,16
394,Bruno Guimarães Rodriguez Moura,2.55,7.0,16
397,Ryan Fraser,0.7400000000000002,0.0,16
398,Anthony Gordon,3.1100000000000003,6.0,16
400,Isaac Hayden,0.22999999999999998,0.0,16
402,Jacob Murphy,3.79,12.0,16
403,Joelinton Cássio Apolinário de Lira,1.9800000000000004,2.0,16
406,Garang Kuol,0.029999999999999805,0.0,16
410,Sean Longstaff,1.7199999999999998,1.0,16
411,Lewis Miley,0.0,0.0,16
417,Sandro Tonali,1.38,3.0,16
419,Joe White,0.0,0.0,16
420,Joe Willock,1.38,1.0,16
423,Elliot Anderson,2.74,5.0,16
426,Josh Bowler,0.0,0.0,16
428,Eric da Silva Moreira,0.6000000000000001,0.0,16
429,Danilo dos Santos de Oliveira,0.0,0.0,16
431,Nicolás Domínguez,0.9900000000000002,2.0,16
432,Anthony Elanga,1.7199999999999998,6.0,16
433,Morgan Gibbs-White,2.34,5.0,16
434,Callum Hudson-Odoi,1.5499999999999998,2.0,16
435,Alex Mighten,0.0,0.0,16
439,Lewis O'Brien,0.0,0.0,16
442,Ibrahim Sangaré,0.029999999999999805,0.0,16
449,Ryan Yates,1.5999999999999996,2.0,16
450,Carlos Alcaraz Durán,0.10000000000000009,0.0,16
451,Samuel Amo-Ameyaw,0.3599999999999999,0.0,16
452,Joe Aribo,2.7800000000000002,2.0,16
458,Shea Charles,0.0,0.0,16
459,Samuel Edozie,0.0,0.0,16
462,Kamaldeen Sulemana,1.2599999999999998,1.0,16
463,Adam Lallana,0.5499999999999998,0.0,16
471,Will Smallbone,0.0,0.0,16
480,Rodrigo Bentancur,0.16000000000000014,0.0,16
481,Lucas Bergvall,1.38,2.0,16
482,Yves Bissouma,2.08,0.0,16
483,Bryan Gil Salvatierra,0.0,0.0,16
485,Alfie Devine,0.0,0.0,16
489,Archie Gray,1.08,3.0,16
490,Pierre-Emile Højbjerg,0.03612669349697928,0.0,16
491,Brennan Johnson,2.6900000000000004,0.0,16
492,Dejan Kulusevski,3.84,8.0,16
493,Giovani Lo Celso,0.0,0.0,16
494,James Maddison,3.46,12.0,16
499,Pape Matar Sarr,1.9900000000000002,8.0,16
501,Oliver Skipp,0.81,1.0,16
502,Manor Solomon,0.0,0.0,16
503,Son Heung-min,3.2800000000000002,12.0,16
509,Timo Werner,2.7300000000000004,1.0,16
511,Edson Álvarez Velázquez,1.79,2.0,16
514,Jarrod Bowen,4.13,2.0,16
515,Maxwel Cornet,0.16000000000000014,0.0,16
518,Flynn Downes,1.6799999999999997,2.0,16
519,George Earthy,0.0,0.0,16
525,Mohammed Kudus,2.6399999999999997,3.0,16
526,Luis Guilherme Lira dos Santos,0.0,0.0,16
527,Lucas Tolentino Coelho de Lima,2.05,7.0,16
530,Tomáš Souček,3.3,2.0,16
531,James Ward-Prowse,0.2999999999999998,0.0,16
534,Boubacar Traoré,0.0,0.0,16
535,Jean-Ricner Bellegarde,1.4100000000000001,2.0,16
537,Francisco Jorge Tomás Oliveira,0.020000000000000018,0.0,16
538,Tawanda Chirewa,0.0,0.0,16
540,Luke Cundle,0.0,0.0,16
544,Tommy Doyle,0.7999999999999998,1.0,16
547,Enso González,0.0,0.0,16
548,Gonçalo Manuel Ganchinho Guedes,2.12,4.0,16
550,Hwang Hee-chan,0.7799999999999998,1.0,16
551,Joe Hodge,0.0,0.0,16
553,João Victor Gomes da Silva,2.0199999999999996,0.0,16
557,Mario Lemina,2.09,2.0,16
560,Pedro Lomba Neto,2.0999999999999996,0.0,16
562,Daniel Castelo Podence,0.0,0.0,16
563,Rodrigo Martins Gomes,1.5499999999999998,0.0,16
565,Pablo Sarabia,0.18000000000000016,0.0,16
569,Jaden Philogene,1.3600000000000003,0.0,16
570,Abdul Fatawu,0.06999999999999984,0.0,16
571,Sávio 'Savinho' Moreira de Oliveira,1.54,1.0,16
576,Andy Irving,0.48,0.0,16
577,Jesper Lindstrøm,1.79,1.0,16
584,Ben Brereton Díaz,0.8399999999999999,0.0,16
585,Ismaïla Sarr,2.4800000000000004,14.0,16
587,Crysencio Summerville,2.45,1.0,16
588,Guido Rodríguez,0.8999999999999999,0.0,16
595,Brajan Gruda,0.8500000000000001,1.0,16
596,João Pedro Ferreira Silva,1.7400000000000002,1.0,16
597,Myles Lewis-Skelly,0.04999999999999982,3.0,16
600,Yasin Ayari,1.9900000000000002,2.0,16
601,Andrew Moran,0.0,0.0,16
602,Ryan Trevitt,0.029999999999999805,0.0,16
603,Harrison Armstrong,3.24,0.0,16
604,Josh King,0.6800000000000002,0.0,16
605,Martial Godo,0.009999999999999787,0.0,16
606,Will Alves,0.08999999999999986,0.0,16
607,Nico O'Reilly,0.0,0.0,16
608,Tyler Dibling,2.51,2.0,16
610,Mikey Moore,0.009999999999999787,0.0,16
611,Sam Szmodics,2.1799999999999997,0.0,16
612,Wilson Odobert,0.0,0.0,16
613,Toby Collyer,0.0,0.0,16
614,Jenson Metcalfe,0.16999999999999993,0.0,16
618,Georginio Rutter,1.38,2.0,16
619,Jens Cajuste,1.17,2.0,16
620,Ramón Sosa,1.2300000000000004,0.0,16
621,João Félix Sequeira,2.9299999999999997,0.0,16
622,Sander Berge,2.5,1.0,16
623,Mateus Gonçalo Espanha Fernandes,2.51,1.0,16
625,Ilkay Gündogan,1.8399999999999999,2.0,16
629,Matt O'Riley,1.9000000000000004,0.0,16
631,Jack Clarke,2.1399999999999997,4.0,16
632,Chiedozie Ogbene,0.5,0.0,16
633,Mikel Merino,1.3099999999999996,3.0,16
634,Gustavo Nunes Fernandes Gomes,0.0,0.0,16
635,Bilal El Khannouss,2.29,2.0,16
636,Federico Chiesa,2.0199999999999996,0.0,16
638,Salah-Eddine Oulad M'hand,0.10000000000000009,0.0,16
642,André Trindade da Costa Neto,1.4699999999999998,1.0,16
644,Franco Umeh-Chibueze,0.0,0.0,16
645,Justin Devenny,2.58,1.0,16
646,Asher Agbinone,0.2400000000000002,0.0,16
647,Kaden Rodney,0.0,0.0,16
651,Orel Mangala,1.9000000000000004,3.0,16
652,Manuel Ugarte,2.3099999999999996,2.0,16
654,Carlos Soler,2.8600000000000003,0.0,16
655,Carlos Roberto Forbs Borges,0.6600000000000001,0.0,16
656,Kadan Young,0.040000000000000036,0.0,16
659,Ismeal Kabia,0.040000000000000036,0.0,16
661,Tony Yogane,0.0,0.0,16
667,Jack Fletcher,0.0,0.0,16
671,Jacob Wright,0.0,0.0,16
673,Jayce Fitzgerald,0.48,0.0,16
674,Paris Maghoma,1.0700000000000003,0.0,16
678,Callum Bates,0.8199999999999998,0.0,16
679,Ben Broggio,0.06000000000000005,0.0,16
682,Tom Edozie,0.040000000000000036,0.0,16
683,Callum Olusesi,0.0,0.0,16
687,Ben Winterburn,0.0,0.0,16
688,Treymaurice Nyoni,0.1499999999999999,0.0,16
689,Luca Williams-Barnett,0.0,0.0,16
693,Joseph O'Brien-Whitmarsh,0.029999999999999805,0.0,16
694,Henry Cartwright,0.03612669349697928,0.0,16
695,Samuel Rak-Sakyi,0.03612669349697928,0.0,16
696,Tyrique George,0.03612669349697928,0.0,16
701,Lewis Orford,0.03612669349697928,0.0,16
1,Fábio Ferreira Vieira,0.0,0.0,17
7,Jorge Luiz Frello Filho,0.8700000000000001,0.0,17
9,Gabriel Martinelli Silva,2.75,7.0,17
10,Reiss Nelson,1.25,0.0,17
12,Ethan Nwaneri,0.77,1.0,17
13,Martin Ødegaard,3.1100000000000003,2.0,17
16,Declan Rice,3.42,9.0,17
17,Bukayo Saka,5.77,1.0,17
19,Emile Smith Rowe,2.3499999999999996,0.0,17
20,Thomas Partey,1.8600000000000003,5.0,17
23,Leandro Trossard,3.17,3.0,17
28,Leon Bailey,1.0700000000000003,0.0,17
29,Ross Barkley,2.1900000000000004,0.0,17
30,Enzo Barrenechea,0.0,0.0,17
31,Emiliano Buendía Stati,0.3900000000000001,1.0,17
33,Leander Dendoncker,0.0,0.0,17
34,Moussa Diaby,0.0,0.0,17
37,Lewis Dobbin,0.0,0.0,17
41,Samuel Iling-Junior,0.0,0.0,17
42,Boubacar Kamara,1.5999999999999996,2.0,17
48,John McGinn,2.4000000000000004,4.0,17
53,Jacob Ramsey,0.22999999999999998,0.0,17
54,Morgan Rogers,3.05,11.0,17
57,Youri Tielemans,3.2199999999999998,2.0,17
60,Tyler Adams,1.9100000000000001,3.0,17
61,Jaidon Anthony,0.0,0.0,17
62,David Brooks,1.3200000000000003,1.0,17
63,Ryan Christie,3.6100000000000003,6.0,17
64,Lewis Cook,1.7400000000000002,1.0,17
66,Romain Faivre,0.0,0.0,17
67,Hamed Traorè,0.30919047619047735,0.0,17
71,Justin Kluivert,3.3,8.0,17
74,Dango Ouattara,4.52,6.0,17
76,Philip Billing,2.4800000000000004,1.0,17
77,Alex Scott,0.029999999999999805,0.0,17
78,Antoine Semenyo,4.39,8.0,17
80,Luis Sinisterra,0.10999999999999988,0.0,17
83,Marcus Tavernier,2.1399999999999997,0.0,17
87,Ethan Brierley,0.0,0.0,17
89,Mikkel Damsgaard,2.26,1.0,17
90,Josh Dasilva,0.0,0.0,17
94,Vitaly Janelt,1.4900000000000002,2.0,17
95,Mathias Jensen,0.41000000000000014,0.0,17
97,Yunus Emre Konak,-0.054166666666666696,1.0,17
98,Keane Lewis-Potter,2.49,2.0,17
99,Bryan Mbeumo,4.25,2.0,17
101,Christian Nørgaard,1.8099999999999996,2.0,17
102,Frank Onyeka,0.0,0.0,17
103,Myles Peart-Harris,0.0,0.0,17
106,Kevin Schade,2.4299999999999997,2.0,17
111,Yehor Yarmoliuk,2.26,0.0,17
113,Simon Adingra,1.4800000000000004,0.0,17
114,Benicio Baker-Boaitey,0.0,0.0,17
115,Carlos Baleba,1.6900000000000004,2.0,17
117,Facundo Buonanotte,1.4500000000000002,1.0,17
118,Amario Cozier-Duberry,0.0,0.0,17
119,Mahmoud Dahoud,0.07639510936073313,0.0,17
121,Julio Enciso,2.08,1.0,17
124,Billy Gilmour,0.0,0.0,17
125,Pascal Groß,0.0,0.0,17
126,Jack Hinshelwood,0.3799999999999999,0.0,17
127,Ibrahim Osman,0.0,0.0,17
130,Kacper Kozłowski,0.02972854028233085,0.0,17
132,Solly March,1.2476017316017307,0.0,17
133,Adrian Mazilu,0.0,0.0,17
134,James Milner,0.026666666666666394,0.0,17
135,Yankuba Minteh,1.92,1.0,17
136,Mitoma Kaoru,3.91,2.0,17
137,Jakub Moder,0.06000000000000005,0.0,17
140,Cameron Peupion,0.0,0.0,17
141,Jeremy Sarmiento Morante,0.0,0.0,17
149,Mats Wieffer,2.3499999999999996,6.0,17
150,Andrey Nascimento dos Santos,0.02972854028233085,0.0,17
151,Ângelo Gabriel Borges Damaceno,0.0,0.0,17
157,Moisés Caicedo Corozo,2.8200000000000003,3.0,17
158,Cesare Casadei,0.0,0.0,17
161,Carney Chukwuemeka,0.0,0.0,17
166,Kiernan Dewsbury-Hall,0.2999999999999998,0.0,17
168,Enzo Fernández,5.4,3.0,17
169,Conor Gallagher,0.0,0.0,17
173,Omari Kellyman,0.0,0.0,17
174,Roméo Lavia,0.43999999999999995,0.0,17
177,Noni Madueke,4.35,1.0,17
179,Mykhailo Mudryk,0.08000000000000007,0.0,17
181,Christopher Nkunku,2.01,1.0,17
182,Cole Palmer,5.57,3.0,17
184,Renato Palma Veiga,0.75,0.0,17
186,Raheem Sterling,0.2799999999999998,0.0,17
188,Lesley Ugochukwu,0.2200000000000002,0.0,17
190,Naouirou Ahamada,0.0,0.0,17
192,Jordan Ayew,1.5899999999999999,2.0,17
193,Cheick Doucouré,1.58,1.0,17
197,Malcolm Ebiowei,0.0,0.0,17
199,Eberechi Eze,2.7300000000000004,0.0,17
203,Will Hughes,1.9900000000000002,2.0,17
205,Daichi Kamada,1.6900000000000004,2.0,17
206,Jefferson Lerma Solís,2.3899999999999997,2.0,17
208,Matheus França de Oliveira,0.0,0.0,17
212,David Ozoh,0.0,0.0,17
213,Jesurun Rak-Sakyi,0.0,0.0,17
214,Jeffrey Schlupp,0.2400000000000002,1.0,17
216,Adam Wharton,0.040000000000000036,0.0,17
217,Abdoulaye Doucouré,1.5499999999999998,3.0,17
222,Idrissa Gueye,2.2,3.0,17
223,James Garner,0.029999999999999805,0.0,17
224,Jack Harrison,2.66,3.0,17
226,Tim Iroegbunam,0.20999999999999996,0.0,17
230,Dwight McNeil,2.0,0.0,17
233,Amadou Onana,1.2400000000000002,2.0,17
239,Adama Traoré,2.05,1.0,17
240,Andreas Hoelgebaum Pereira,2.7300000000000004,0.0,17
243,Tom Cairney,0.3500000000000001,3.0,17
246,Luke Harris,0.0,0.0,17
247,Alex Iwobi,3.2,3.0,17
249,Saša Lukić,2.6900000000000004,1.0,17
254,Harrison Reed,0.16000000000000014,0.0,17
259,Harry Wilson,1.75,3.0,17
262,Nathan Broadhead,0.41000000000000014,1.0,17
264,Wes Burns,2.3600000000000003,2.0,17
265,Conor Chaplin,1.3200000000000003,2.0,17
271,Marcus Myers-Harness,0.0,0.0,17
273,Cameron Humphreys,0.0,0.0,17
274,Omari Giraud-Hutchinson,2.2,1.0,17
277,Massimo Luongo,0.3700000000000001,0.0,17
278,Sam Morsy,1.8200000000000003,1.0,17
281,Jack Taylor,2.9000000000000004,1.0,17
285,Boubakary Soumaré,1.5899999999999999,1.0,17
287,Hamza Choudhury,0.9199999999999999,1.0,17
290,Bobby De Cordova-Reid,1.8099999999999996,1.0,17
292,Michael Golding,0.04999999999999982,0.0,17
297,Wanya Marçal-Madivádua,0.0,0.0,17
298,Stephy Mavididi,2.1500000000000004,2.0,17
299,Kasey McAteer,1.6900000000000004,0.0,17
300,Wilfred Ndidi,2.04,0.0,17
309,Harry Winks,0.2999999999999998,1.0,17
312,Stefan Bajčetić Maquieira,0.0,0.0,17
314,Fábio Freitas Gouveia Carvalho,1.92,1.0,17
315,Bobby Clark,0.0,0.0,17
317,Diogo Teixeira da Silva,2.0700000000000003,1.0,17
318,Ben Doak,0.0,0.0,17
319,Harvey Elliott,2.0300000000000002,1.0,17
320,Endo Wataru,0.25,0.0,17
323,Ryan Gravenberch,2.05,2.0,17
324,Curtis Jones,2.17,1.0,17
327,Luis Díaz,2.87,12.0,17
328,Mohamed Salah,4.56,18.0,17
329,Alexis Mac Allister,0.9300000000000002,7.0,17
330,James McConnell,0.0,0.0,17
331,Tyler Morton,0.0,0.0,17
336,Dominik Szoboszlai,2.12,15.0,17
342,Bernardo Veiga de Carvalho e Silva,2.3600000000000003,2.0,17
343,Oscar Bobb,0.0,0.0,17
345,Kevin De Bruyne,3.2800000000000002,0.0,17
346,Jérémy Doku,3.01,1.0,17
348,Phil Foden,2.01,7.0,17
349,Jack Grealish,2.24,1.0,17
354,Mateo Kovačić,1.29,2.0,17
356,Matheus Luiz Nunes,2.1799999999999997,0.0,17
357,James McAtee,0.040000000000000036,0.0,17
359,Kalvin Phillips,0.5,1.0,17
360,Rodrigo 'Rodri' Hernandez,0.029999999999999805,0.0,17
364,Amad Diallo,3.51,2.0,17
365,Antony Matheus dos Santos,0.75,0.0,17
366,Bruno Borges Fernandes,4.14,2.0,17
368,Carlos Henrique Casimiro,0.7799999999999998,0.0,17
370,Christian Eriksen,0.2400000000000002,0.0,17
372,Alejandro Garnacho,1.33,1.0,17
373,Hannibal Mejbri,0.0,0.0,17
378,Kobbie Mainoo,1.6100000000000003,2.0,17
381,Scott McTominay,0.31719444444444456,0.0,17
382,Mason Mount,1.21,0.0,17
384,Facundo Pellistri Rebollo,0.0,0.0,17
385,Marcus Rashford,1.87,0.0,17
386,Jadon Sancho,3.05,3.0,17
391,Miguel Almirón Rejala,0.54,1.0,17
392,Harvey Barnes,2.5999999999999996,1.0,17
394,Bruno Guimarães Rodriguez Moura,1.96,6.0,17
397,Ryan Fraser,0.33999999999999986,0.0,17
398,Anthony Gordon,2.9299999999999997,6.0,17
400,Isaac Hayden,0.0,0.0,17
402,Jacob Murphy,4.07,11.0,17
403,Joelinton Cássio Apolinário de Lira,2.66,0.0,17
406,Garang Kuol,0.0,0.0,17
410,Sean Longstaff,1.8099999999999996,1.0,17
411,Lewis Miley,0.0,1.0,17
417,Sandro Tonali,2.5300000000000002,3.0,17
419,Joe White,0.0,0.0,17
420,Joe Willock,1.12,3.0,17
423,Elliot Anderson,3.5199999999999996,3.0,17
426,Josh Bowler,0.0,0.0,17
428,Eric da Silva Moreira,0.18000000000000016,0.0,17
429,Danilo dos Santos de Oliveira,0.0,0.0,17
431,Nicolás Domínguez,1.4900000000000002,0.0,17
432,Anthony Elanga,2.1799999999999997,8.0,17
433,Morgan Gibbs-White,4.5,2.0,17
434,Callum Hudson-Odoi,2.7800000000000002,3.0,17
435,Alex Mighten,0.0,0.0,17
439,Lewis O'Brien,0.0,0.0,17
442,Ibrahim Sangaré,0.45999999999999996,0.0,17
449,Ryan Yates,2.2,1.0,17
450,Carlos Alcaraz Durán,0.0,0.0,17
451,Samuel Amo-Ameyaw,0.14000000000000012,0.0,17
452,Joe Aribo,2.7699999999999996,1.0,17
458,Shea Charles,0.0,0.0,17
459,Samuel Edozie,0.0,0.0,17
462,Kamaldeen Sulemana,0.9199999999999999,0.0,17
463,Adam Lallana,0.43000000000000016,0.0,17
471,Will Smallbone,0.0,0.0,17
480,Rodrigo Bentancur,0.3700000000000001,0.0,17
481,Lucas Bergvall,1.2699999999999996,0.0,17
482,Yves Bissouma,0.9900000000000002,2.0,17
483,Bryan Gil Salvatierra,0.0,0.0,17
485,Alfie Devine,0.0,0.0,17
489,Archie Gray,1.21,2.0,17
490,Pierre-Emile Højbjerg,0.0,0.0,17
491,Brennan Johnson,2.7,4.0,17
492,Dejan Kulusevski,3.8200000000000003,7.0,17
493,Giovani Lo Celso,0.0,0.0,17
494,James Maddison,5.6899999999999995,6.0,17
499,Pape Matar Sarr,2.2699999999999996,1.0,17
501,Oliver Skipp,1.3600000000000003,1.0,17
502,Manor Solomon,0.0,0.0,17
503,Son Heung-min,4.39,2.0,17
509,Timo Werner,1.5700000000000003,1.0,17
511,Edson Álvarez Velázquez,1.8399999999999999,2.0,17
514,Jarrod Bowen,5.98,5.0,17
515,Maxwel Cornet,0.0,0.0,17
518,Flynn Downes,1.9400000000000004,2.0,17
519,George Earthy,0.009999999999999787,0.0,17
525,Mohammed Kudus,2.2800000000000002,7.0,17
526,Luis Guilherme Lira dos Santos,0.0,0.0,17
527,Lucas Tolentino Coelho de Lima,3.8,1.0,17
530,Tomáš Souček,2.99,2.0,17
531,James Ward-Prowse,0.1299999999999999,0.0,17
534,Boubacar Traoré,0.0,0.0,17
535,Jean-Ricner Bellegarde,1.4699999999999998,1.0,17
537,Francisco Jorge Tomás Oliveira,0.009999999999999787,0.0,17
538,Tawanda Chirewa,0.0,0.0,17
540,Luke Cundle,0.020000000000000018,0.0,17
544,Tommy Doyle,1.7400000000000002,1.0,17
547,Enso González,0.0,0.0,17
548,Gonçalo Manuel Ganchinho Guedes,2.05,11.0,17
550,Hwang Hee-chan,0.6000000000000001,1.0,17
551,Joe Hodge,0.04733333333333345,0.0,17
553,João Victor Gomes da Silva,1.9000000000000004,3.0,17
557,Mario Lemina,2.0300000000000002,0.0,17
560,Pedro Lomba Neto,1.3499999999999996,3.0,17
562,Daniel Castelo Podence,0.0,0.0,17
563,Rodrigo Martins Gomes,0.7599999999999998,8.0,17
565,Pablo Sarabia,0.2799999999999998,0.0,17
569,Jaden Philogene,1.0,0.0,17
570,Abdul Fatawu,0.1299999999999999,0.0,17
571,Sávio 'Savinho' Moreira de Oliveira,2.41,1.0,17
576,Andy Irving,0.5099999999999998,0.0,17
577,Jesper Lindstrøm,1.9800000000000004,1.0,17
584,Ben Brereton Díaz,1.0300000000000002,0.0,17
585,Ismaïla Sarr,4.58,7.0,17
587,Crysencio Summerville,2.1399999999999997,1.0,17
588,Guido Rodríguez,0.45999999999999996,1.0,17
595,Brajan Gruda,0.81,2.0,17
596,João Pedro Ferreira Silva,2.05,0.0,17
597,Myles Lewis-Skelly,2.0300000000000002,1.0,17
600,Yasin Ayari,1.6900000000000004,1.0,17
601,Andrew Moran,0.0,0.0,17
602,Ryan Trevitt,0.10999999999999988,0.0,17
603,Harrison Armstrong,0.3599999999999999,0.0,17
604,Josh King,0.18000000000000016,3.0,17
605,Martial Godo,0.0,1.0,17
606,Will Alves,0.6299999999999999,0.0,17
607,Nico O'Reilly,0.1826078643578639,0.0,17
608,Tyler Dibling,2.04,1.0,17
610,Mikey Moore,0.0,0.0,17
611,Sam Szmodics,1.4500000000000002,2.0,17
612,Wilson Odobert,1.205601731601731,0.0,17
613,Toby Collyer,0.04999999999999982,0.0,17
614,Jenson Metcalfe,0.0,0.0,17
618,Georginio Rutter,1.3600000000000003,2.0,17
619,Jens Cajuste,2.25,2.0,17
620,Ramón Sosa,1.5899999999999999,0.0,17
621,João Félix Sequeira,1.7800000000000002,0.0,17
622,Sander Berge,1.75,3.0,17
623,Mateus Gonçalo Espanha Fernandes,2.5300000000000002,3.0,17
625,Ilkay Gündogan,2.1100000000000003,2.0,17
629,Matt O'Riley,1.4100000000000001,0.0,17
631,Jack Clarke,2.34,0.0,17
632,Chiedozie Ogbene,0.0,0.0,17
633,Mikel Merino,2.1100000000000003,1.0,17
634,Gustavo Nunes Fernandes Gomes,0.0,0.0,17
635,Bilal El Khannouss,2.0199999999999996,1.0,17
636,Federico Chiesa,0.029999999999999805,0.0,17
638,Salah-Eddine Oulad M'hand,0.1826078643578639,0.0,17
642,André Trindade da Costa Neto,1.4299999999999997,3.0,17
644,Franco Umeh-Chibueze,0.0,0.0,17
645,Justin Devenny,2.0300000000000002,1.0,17
646,Asher Agbinone,0.1200000000000001,0.0,17
647,Kaden Rodney,0.0,0.0,17
651,Orel Mangala,2.55,3.0,17
652,Manuel Ugarte,1.8899999999999997,0.0,17
654,Carlos Soler,2.0999999999999996,0.0,17
655,Carlos Roberto Forbs Borges,0.43999999999999995,1.0,17
656,Kadan Young,0.2400000000000002,0.0,17
659,Ismeal Kabia,0.0,0.0,17
661,Tony Yogane,0.0,0.0,17
667,Jack Fletcher,0.0,0.0,17
671,Jacob Wright,0.0,0.0,17
673,Jayce Fitzgerald,0.0,0.0,17
674,Paris Maghoma,0.4700000000000002,1.0,17
678,Callum Bates,0.0,0.0,17
679,Ben Broggio,0.0,0.0,17
682,Tom Edozie,0.0,0.0,17
683,Callum Olusesi,0.0,0.0,17
687,Ben Winterburn,0.0,0.0,17
688,Treymaurice Nyoni,0.0,0.0,17
689,Luca Williams-Barnett,0.0,0.0,17
693,Joseph O'Brien-Whitmarsh,0.0,0.0,17
694,Henry Cartwright,0.0,0.0,17
695,Samuel Rak-Sakyi,0.0,0.0,17
696,Tyrique George,0.0,0.0,17
701,Lewis Orford,0.0,0.0,17
1,Fábio Ferreira Vieira,0.1299999999999999,0.0,18
7,Jorge Luiz Frello Filho,1.4900000000000002,0.0,18
9,Gabriel Martinelli Silva,3.3899999999999997,3.0,18
10,Reiss Nelson,0.4900000000000002,0.0,18
12,Ethan Nwaneri,2.3,0.0,18
13,Martin Ødegaard,3.0999999999999996,3.0,18
16,Declan Rice,4.54,3.0,18
17,Bukayo Saka,3.1799999999999997,0.0,18
19,Emile Smith Rowe,1.8099999999999996,0.0,18
20,Thomas Partey,2.9400000000000004,1.0,18
23,Leandro Trossard,4.5,6.0,18
28,Leon Bailey,0.3599999999999999,1.0,18
29,Ross Barkley,1.46,1.0,18
30,Enzo Barrenechea,0.0,0.0,18
31,Emiliano Buendía Stati,0.69,1.0,18
33,Leander Dendoncker,0.020000000000000018,0.0,18
34,Moussa Diaby,0.0,0.0,18
37,Lewis Dobbin,0.0,0.0,18
41,Samuel Iling-Junior,0.0,0.0,18
42,Boubacar Kamara,1.63,2.0,18
48,John McGinn,2.46,2.0,18
53,Jacob Ramsey,0.18999999999999995,0.0,18
54,Morgan Rogers,3.05,2.0,18
57,Youri Tielemans,2.29,1.0,18
60,Tyler Adams,3.1500000000000004,1.0,18
61,Jaidon Anthony,0.0,0.0,18
62,David Brooks,1.63,1.0,18
63,Ryan Christie,3.3200000000000003,3.0,18
64,Lewis Cook,1.7300000000000004,3.0,18
66,Romain Faivre,0.0,0.0,18
67,Hamed Traorè,0.0,0.0,18
71,Justin Kluivert,3.21,2.0,18
74,Dango Ouattara,4.16,3.0,18
76,Philip Billing,2.1399999999999997,1.0,18
77,Alex Scott,0.040000000000000036,0.0,18
78,Antoine Semenyo,3.09,3.0,18
80,Luis Sinisterra,0.020000000000000018,0.0,18
83,Marcus Tavernier,1.5999999999999996,0.0,18
87,Ethan Brierley,0.020000000000000018,0.0,18
89,Mikkel Damsgaard,2.41,3.0,18
90,Josh Dasilva,0.0,0.0,18
94,Vitaly Janelt,1.2999999999999998,3.0,18
95,Mathias Jensen,0.2599999999999998,0.0,18
97,Yunus Emre Konak,0.1499999999999999,0.0,18
98,Keane Lewis-Potter,1.6900000000000004,3.0,18
99,Bryan Mbeumo,4.16,3.0,18
101,Christian Nørgaard,1.67,3.0,18
102,Frank Onyeka,0.0,0.0,18
103,Myles Peart-Harris,0.0,0.0,18
106,Kevin Schade,1.75,3.0,18
111,Yehor Yarmoliuk,1.2999999999999998,0.0,18
113,Simon Adingra,0.6099999999999999,1.0,18
114,Benicio Baker-Boaitey,0.0,0.0,18
115,Carlos Baleba,2.0599999999999996,3.0,18
117,Facundo Buonanotte,1.83,1.0,18
118,Amario Cozier-Duberry,0.0,0.0,18
119,Mahmoud Dahoud,0.0,0.0,18
121,Julio Enciso,1.25,3.0,18
124,Billy Gilmour,0.0,0.0,18
125,Pascal Groß,0.0,0.0,18
126,Jack Hinshelwood,0.16000000000000014,0.0,18
127,Ibrahim Osman,0.0,0.0,18
130,Kacper Kozłowski,0.0,0.0,18
132,Solly March,0.0,1.0,18
133,Adrian Mazilu,0.0,0.0,18
134,James Milner,0.009999999999999787,0.0,18
135,Yankuba Minteh,1.75,1.0,18
136,Mitoma Kaoru,3.09,3.0,18
137,Jakub Moder,0.31000000000000005,0.0,18
140,Cameron Peupion,0.0,0.0,18
141,Jeremy Sarmiento Morante,0.0,0.0,18
149,Mats Wieffer,2.26,0.0,18
150,Andrey Nascimento dos Santos,0.0,0.0,18
151,Ângelo Gabriel Borges Damaceno,0.020000000000000018,0.0,18
157,Moisés Caicedo Corozo,2.67,2.0,18
158,Cesare Casadei,0.020000000000000018,0.0,18
161,Carney Chukwuemeka,0.009999999999999787,0.0,18
166,Kiernan Dewsbury-Hall,0.27,0.0,18
168,Enzo Fernández,3.7800000000000002,2.0,18
169,Conor Gallagher,0.08999999999999986,0.0,18
173,Omari Kellyman,0.0,0.0,18
174,Roméo Lavia,0.31000000000000005,0.0,18
177,Noni Madueke,3.34,0.0,18
179,Mykhailo Mudryk,0.08000000000000007,0.0,18
181,Christopher Nkunku,1.29,1.0,18
182,Cole Palmer,5.380000000000001,7.0,18
184,Renato Palma Veiga,0.18000000000000016,0.0,18
186,Raheem Sterling,1.5899999999999999,0.0,18
188,Lesley Ugochukwu,0.5499999999999998,2.0,18
190,Naouirou Ahamada,0.06000000000000005,0.0,18
192,Jordan Ayew,2.2,6.0,18
193,Cheick Doucouré,1.3099999999999996,1.0,18
197,Malcolm Ebiowei,0.0,0.0,18
199,Eberechi Eze,1.4100000000000001,2.0,18
203,Will Hughes,2.16,1.0,18
205,Daichi Kamada,1.3499999999999996,1.0,18
206,Jefferson Lerma Solís,2.0300000000000002,3.0,18
208,Matheus França de Oliveira,0.040000000000000036,0.0,18
212,David Ozoh,0.009999999999999787,0.0,18
213,Jesurun Rak-Sakyi,0.009999999999999787,0.0,18
214,Jeffrey Schlupp,1.46,0.0,18
216,Adam Wharton,0.1200000000000001,0.0,18
217,Abdoulaye Doucouré,1.8200000000000003,2.0,18
222,Idrissa Gueye,1.7000000000000002,2.0,18
223,James Garner,0.04999999999999982,0.0,18
224,Jack Harrison,2.6399999999999997,2.0,18
226,Tim Iroegbunam,0.009999999999999787,0.0,18
230,Dwight McNeil,0.5,0.0,18
233,Amadou Onana,1.2599999999999998,2.0,18
239,Adama Traoré,1.3200000000000003,2.0,18
240,Andreas Hoelgebaum Pereira,1.2000000000000002,2.0,18
243,Tom Cairney,2.1100000000000003,1.0,18
246,Luke Harris,0.0,0.0,18
247,Alex Iwobi,3.6500000000000004,2.0,18
249,Saša Lukić,1.13,4.0,18
254,Harrison Reed,0.1299999999999999,0.0,18
259,Harry Wilson,2.38,6.0,18
262,Nathan Broadhead,1.2800000000000002,1.0,18
264,Wes Burns,2.0300000000000002,0.0,18
265,Conor Chaplin,1.63,0.0,18
271,Marcus Myers-Harness,-0.009999999999999787,0.0,18
273,Cameron Humphreys,0.2799999999999998,0.0,18
274,Omari Giraud-Hutchinson,1.42,2.0,18
277,Massimo Luongo,0.0,0.0,18
278,Sam Morsy,2.5599999999999996,0.0,18
281,Jack Taylor,1.83,1.0,18
285,Boubakary Soumaré,1.7599999999999998,2.0,18
287,Hamza Choudhury,1.1600000000000001,0.0,18
290,Bobby De Cordova-Reid,1.3099999999999996,1.0,18
292,Michael Golding,-0.020000000000000018,0.0,18
297,Wanya Marçal-Madivádua,0.040000000000000036,0.0,18
298,Stephy Mavididi,1.9900000000000002,5.0,18
299,Kasey McAteer,1.4400000000000004,0.0,18
300,Wilfred Ndidi,1.5999999999999996,0.0,18
309,Harry Winks,0.7799999999999998,2.0,18
312,Stefan Bajčetić Maquieira,0.18999999999999995,0.0,18
314,Fábio Freitas Gouveia Carvalho,1.5599999999999996,0.0,18
315,Bobby Clark,0.06999999999999984,0.0,18
317,Diogo Teixeira da Silva,3.8600000000000003,1.0,18
318,Ben Doak,0.06999999999999984,0.0,18
319,Harvey Elliott,1.7199999999999998,1.0,18
320,Endo Wataru,0.3700000000000001,1.0,18
323,Ryan Gravenberch,2.84,2.0,18
324,Curtis Jones,3.3099999999999996,7.0,18
327,Luis Díaz,6.279999999999999,0.0,18
328,Mohamed Salah,10.06,7.0,18
329,Alexis Mac Allister,2.8899999999999997,8.0,18
330,James McConnell,0.009999999999999787,0.0,18
331,Tyler Morton,0.029999999999999805,0.0,18
336,Dominik Szoboszlai,4.28,0.0,18
342,Bernardo Veiga de Carvalho e Silva,3.76,7.0,18
343,Oscar Bobb,0.009999999999999787,0.0,18
345,Kevin De Bruyne,2.55,1.0,18
346,Jérémy Doku,2.16,5.0,18
348,Phil Foden,4.43,1.0,18
349,Jack Grealish,3.0999999999999996,0.0,18
354,Mateo Kovačić,1.71,2.0,18
356,Matheus Luiz Nunes,1.7300000000000004,0.0,18
357,James McAtee,0.0,0.0,18
359,Kalvin Phillips,0.3799999999999999,2.0,18
360,Rodrigo 'Rodri' Hernandez,0.029999999999999805,0.0,18
364,Amad Diallo,4.41,2.0,18
365,Antony Matheus dos Santos,0.41999999999999993,1.0,18
366,Bruno Borges Fernandes,5.08,-2.0,18
368,Carlos Henrique Casimiro,0.75,1.0,18
370,Christian Eriksen,0.29000000000000004,1.0,18
372,Alejandro Garnacho,3.6500000000000004,1.0,18
373,Hannibal Mejbri,0.0,0.0,18
378,Kobbie Mainoo,2.0,2.0,18
381,Scott McTominay,0.009999999999999787,0.0,18
382,Mason Mount,0.8900000000000001,0.0,18
384,Facundo Pellistri Rebollo,0.0,0.0,18
385,Marcus Rashford,1.4900000000000002,0.0,18
386,Jadon Sancho,2.79,2.0,18
391,Miguel Almirón Rejala,0.6499999999999999,0.0,18
392,Harvey Barnes,1.8499999999999996,1.0,18
394,Bruno Guimarães Rodriguez Moura,2.6500000000000004,3.0,18
397,Ryan Fraser,0.6800000000000002,0.0,18
398,Anthony Gordon,3.7199999999999998,8.0,18
400,Isaac Hayden,0.14000000000000012,0.0,18
402,Jacob Murphy,4.83,6.0,18
403,Joelinton Cássio Apolinário de Lira,2.2,10.0,18
406,Garang Kuol,0.48,0.0,18
410,Sean Longstaff,1.4000000000000004,0.0,18
411,Lewis Miley,0.71,1.0,18
417,Sandro Tonali,2.16,3.0,18
419,Joe White,0.3900000000000001,0.0,18
420,Joe Willock,2.16,1.0,18
423,Elliot Anderson,2.1799999999999997,2.0,18
426,Josh Bowler,0.0,0.0,18
428,Eric da Silva Moreira,0.3700000000000001,0.0,18
429,Danilo dos Santos de Oliveira,0.0,0.0,18
431,Nicolás Domínguez,1.46,0.0,18
432,Anthony Elanga,3.33,8.0,18
433,Morgan Gibbs-White,2.63,6.0,18
434,Callum Hudson-Odoi,2.49,3.0,18
435,Alex Mighten,0.015000000000000124,0.0,18
439,Lewis O'Brien,0.1499999999999999,0.0,18
442,Ibrahim Sangaré,0.10000000000000009,0.0,18
449,Ryan Yates,1.5300000000000002,2.0,18
450,Carlos Alcaraz Durán,0.0,0.0,18
451,Samuel Amo-Ameyaw,0.08000000000000007,0.0,18
452,Joe Aribo,1.4299999999999997,1.0,18
458,Shea Charles,0.06999999999999984,0.0,18
459,Samuel Edozie,0.04999999999999982,0.0,18
462,Kamaldeen Sulemana,0.4700000000000002,1.0,18
463,Adam Lallana,0.2200000000000002,1.0,18
471,Will Smallbone,0.06000000000000005,0.0,18
480,Rodrigo Bentancur,0.22999999999999998,2.0,18
481,Lucas Bergvall,2.0,1.0,18
482,Yves Bissouma,2.1500000000000004,1.0,18
483,Bryan Gil Salvatierra,0.0,0.0,18
485,Alfie Devine,0.06000000000000005,0.0,18
489,Archie Gray,2.3600000000000003,2.0,18
490,Pierre-Emile Højbjerg,0.0,0.0,18
491,Brennan Johnson,2.33,2.0,18
492,Dejan Kulusevski,4.28,2.0,18
493,Giovani Lo Celso,0.0,0.0,18
494,James Maddison,4.45,0.0,18
499,Pape Matar Sarr,3.0,2.0,18
501,Oliver Skipp,1.42,1.0,18
502,Manor Solomon,0.0,0.0,18
503,Son Heung-min,3.99,2.0,18
509,Timo Werner,1.5499999999999998,1.0,18
511,Edson Álvarez Velázquez,2.29,1.0,18
514,Jarrod Bowen,6.029999999999999,8.0,18
515,Maxwel Cornet,0.06999999999999984,0.0,18
518,Flynn Downes,1.7199999999999998,2.0,18
519,George Earthy,0.020000000000000018,0.0,18
525,Mohammed Kudus,2.7,3.0,18
526,Luis Guilherme Lira dos Santos,0.009999999999999787,0.0,18
527,Lucas Tolentino Coelho de Lima,2.5300000000000002,0.0,18
530,Tomáš Souček,3.0700000000000003,2.0,18
531,James Ward-Prowse,0.18999999999999995,1.0,18
534,Boubacar Traoré,0.020000000000000018,0.0,18
535,Jean-Ricner Bellegarde,1.2599999999999998,1.0,18
537,Francisco Jorge Tomás Oliveira,0.020000000000000018,0.0,18
538,Tawanda Chirewa,0.020000000000000018,0.0,18
540,Luke Cundle,0.0,0.0,18
544,Tommy Doyle,1.1399999999999997,1.0,18
547,Enso González,0.1499999999999999,0.0,18
548,Gonçalo Manuel Ganchinho Guedes,2.2800000000000002,3.0,18
550,Hwang Hee-chan,0.98,6.0,18
551,Joe Hodge,0.009999999999999787,0.0,18
553,João Victor Gomes da Silva,2.6500000000000004,2.0,18
557,Mario Lemina,1.5199999999999996,0.0,18
560,Pedro Lomba Neto,1.1399999999999997,1.0,18
562,Daniel Castelo Podence,0.20999999999999996,0.0,18
563,Rodrigo Martins Gomes,2.7,1.0,18
565,Pablo Sarabia,0.16999999999999993,0.0,18
569,Jaden Philogene,0.3999999999999999,0.0,18
570,Abdul Fatawu,-0.18999999999999995,0.0,18
571,Sávio 'Savinho' Moreira de Oliveira,3.09,2.0,18
576,Andy Irving,0.43999999999999995,0.0,18
577,Jesper Lindstrøm,1.5099999999999998,1.0,18
584,Ben Brereton Díaz,0.45999999999999996,0.0,18
585,Ismaïla Sarr,4.09,3.0,18
587,Crysencio Summerville,2.49,1.0,18
588,Guido Rodríguez,1.17,2.0,18
595,Brajan Gruda,2.29,3.0,18
596,João Pedro Ferreira Silva,1.2699999999999996,1.0,18
597,Myles Lewis-Skelly,2.0300000000000002,3.0,18
600,Yasin Ayari,2.66,1.0,18
601,Andrew Moran,0.0,0.0,18
602,Ryan Trevitt,0.33000000000000007,0.0,18
603,Harrison Armstrong,0.14000000000000012,0.0,18
604,Josh King,1.62,0.0,18
605,Martial Godo,0.73,0.0,18
606,Will Alves,-0.009999999999999787,0.0,18
607,Nico O'Reilly,0.0,0.0,18
608,Tyler Dibling,1.3099999999999996,1.0,18
610,Mikey Moore,0.009999999999999787,0.0,18
611,Sam Szmodics,2.5599999999999996,2.0,18
612,Wilson Odobert,0.08999999999999986,0.0,18
613,Toby Collyer,0.0,0.0,18
614,Jenson Metcalfe,0.040000000000000036,0.0,18
618,Georginio Rutter,1.1100000000000003,1.0,18
619,Jens Cajuste,1.6799999999999997,2.0,18
620,Ramón Sosa,0.29000000000000004,1.0,18
621,João Félix Sequeira,2.7,0.0,18
622,Sander Berge,2.42,0.0,18
623,Mateus Gonçalo Espanha Fernandes,2.25,2.0,18
625,Ilkay Gündogan,2.5599999999999996,1.0,18
629,Matt O'Riley,0.43999999999999995,3.0,18
631,Jack Clarke,2.2,1.0,18
632,Chiedozie Ogbene,-0.009999999999999787,0.0,18
633,Mikel Merino,3.08,1.0,18
634,Gustavo Nunes Fernandes Gomes,0.0,0.0,18
635,Bilal El Khannouss,2.17,2.0,18
636,Federico Chiesa,0.06000000000000005,0.0,18
638,Salah-Eddine Oulad M'hand,0.33999999999999986,0.0,18
642,André Trindade da Costa Neto,1.4100000000000001,3.0,18
644,Franco Umeh-Chibueze,0.029999999999999805,0.0,18
645,Justin Devenny,1.88,1.0,18
646,Asher Agbinone,0.2200000000000002,0.0,18
647,Kaden Rodney,0.3599999999999999,0.0,18
651,Orel Mangala,2.1900000000000004,1.0,18
652,Manuel Ugarte,1.9500000000000002,1.0,18
654,Carlos Soler,2.63,1.0,18
655,Carlos Roberto Forbs Borges,0.3700000000000001,0.0,18
656,Kadan Young,0.18000000000000016,0.0,18
659,Ismeal Kabia,0.2999999999999998,0.0,18
661,Tony Yogane,0.04999999999999982,0.0,18
667,Jack Fletcher,0.020000000000000018,0.0,18
671,Jacob Wright,0.0,0.0,18
673,Jayce Fitzgerald,0.0,0.0,18
674,Paris Maghoma,0.8199999999999998,0.0,18
678,Callum Bates,0.06000000000000005,0.0,18
679,Ben Broggio,0.0,0.0,18
682,Tom Edozie,0.0,0.0,18
683,Callum Olusesi,0.10999999999999988,0.0,18
687,Ben Winterburn,0.009999999999999787,0.0,18
688,Treymaurice Nyoni,0.06999999999999984,0.0,18
689,Luca Williams-Barnett,0.2200000000000002,0.0,18
693,Joseph O'Brien-Whitmarsh,0.040000000000000036,0.0,18
694,Henry Cartwright,-0.009999999999999787,0.0,18
695,Samuel Rak-Sakyi,0.0,0.0,18
696,Tyrique George,0.0,0.0,18
701,Lewis Orford,0.0,0.0,18
1,Fábio Ferreira Vieira,0.0,0.0,19
7,Jorge Luiz Frello Filho,0.7599999999999998,1.0,19
9,Gabriel Martinelli Silva,2.3200000000000003,7.0,19
10,Reiss Nelson,0.31000000000000005,0.0,19
12,Ethan Nwaneri,0.7799999999999998,2.0,19
13,Martin Ødegaard,2.5599999999999996,2.0,19
16,Declan Rice,3.83,1.0,19
17,Bukayo Saka,3.1799999999999997,0.0,19
19,Emile Smith Rowe,0.9900000000000002,1.0,19
20,Thomas Partey,1.7300000000000004,5.0,19
23,Leandro Trossard,4.14,1.0,19
28,Leon Bailey,0.94,2.0,19
29,Ross Barkley,1.12,1.0,19
30,Enzo Barrenechea,0.0,0.0,19
31,Emiliano Buendía Stati,2.2300000000000004,0.0,19
33,Leander Dendoncker,0.0,0.0,19
34,Moussa Diaby,0.0,0.0,19
37,Lewis Dobbin,0.0,0.0,19
41,Samuel Iling-Junior,0.0,0.0,19
42,Boubacar Kamara,1.79,2.0,19
48,John McGinn,2.7800000000000002,2.0,19
53,Jacob Ramsey,0.06999999999999984,1.0,19
54,Morgan Rogers,2.33,9.0,19
57,Youri Tielemans,1.83,2.0,19
60,Tyler Adams,1.3899999999999997,0.0,19
61,Jaidon Anthony,0.029999999999999805,0.0,19
62,David Brooks,2.21,2.0,19
63,Ryan Christie,2.9400000000000004,1.0,19
64,Lewis Cook,2.0300000000000002,2.0,19
66,Romain Faivre,0.0,0.0,19
67,Hamed Traorè,0.0,0.0,19
71,Justin Kluivert,3.33,0.0,19
74,Dango Ouattara,3.9299999999999997,6.0,19
76,Philip Billing,1.6500000000000004,1.0,19
77,Alex Scott,0.0,0.0,19
78,Antoine Semenyo,4.12,5.0,19
80,Luis Sinisterra,0.029999999999999805,0.0,19
83,Marcus Tavernier,0.6699999999999999,0.0,19
87,Ethan Brierley,0.0,0.0,19
89,Mikkel Damsgaard,2.5700000000000003,5.0,19
90,Josh Dasilva,0.0,0.0,19
94,Vitaly Janelt,2.38,2.0,19
95,Mathias Jensen,0.22999999999999998,1.0,19
97,Yunus Emre Konak,0.16000000000000014,0.0,19
98,Keane Lewis-Potter,2.8600000000000003,2.0,19
99,Bryan Mbeumo,5.4399999999999995,7.0,19
101,Christian Nørgaard,2.7,1.0,19
102,Frank Onyeka,0.0,0.0,19
103,Myles Peart-Harris,0.0,0.0,19
106,Kevin Schade,3.04,1.0,19
111,Yehor Yarmoliuk,2.01,2.0,19
113,Simon Adingra,1.2999999999999998,6.0,19
114,Benicio Baker-Boaitey,0.0,0.0,19
115,Carlos Baleba,2.24,1.0,19
117,Facundo Buonanotte,1.2199999999999998,2.0,19
118,Amario Cozier-Duberry,0.0,0.0,19
119,Mahmoud Dahoud,0.0,0.0,19
121,Julio Enciso,3.38,1.0,19
124,Billy Gilmour,0.0,0.0,19
125,Pascal Groß,0.0,0.0,19
126,Jack Hinshelwood,0.7200000000000002,0.0,19
127,Ibrahim Osman,0.07194071187894391,0.0,19
130,Kacper Kozłowski,0.020424468942215945,0.0,19
132,Solly March,1.0199999999999996,0.0,19
133,Adrian Mazilu,0.0,0.0,19
134,James Milner,0.38720634920634955,0.0,19
135,Yankuba Minteh,1.2000000000000002,1.0,19
136,Mitoma Kaoru,2.05,1.0,19
137,Jakub Moder,0.08999999999999986,1.0,19
140,Cameron Peupion,0.0,0.0,19
141,Jeremy Sarmiento Morante,0.0,0.0,19
149,Mats Wieffer,1.5599999999999996,0.0,19
150,Andrey Nascimento dos Santos,0.07194071187894391,0.0,19
151,Ângelo Gabriel Borges Damaceno,0.18500000000000005,0.0,19
157,Moisés Caicedo Corozo,1.6399999999999997,1.0,19
158,Cesare Casadei,0.0,0.0,19
161,Carney Chukwuemeka,0.0,0.0,19
166,Kiernan Dewsbury-Hall,0.16000000000000014,0.0,19
168,Enzo Fernández,3.7199999999999998,1.0,19
169,Conor Gallagher,0.0,0.0,19
173,Omari Kellyman,0.0,0.0,19
174,Roméo Lavia,0.48,0.0,19
177,Noni Madueke,2.6500000000000004,2.0,19
179,Mykhailo Mudryk,0.2599999999999998,0.0,19
181,Christopher Nkunku,1.7599999999999998,2.0,19
182,Cole Palmer,4.99,2.0,19
184,Renato Palma Veiga,0.43999999999999995,0.0,19
186,Raheem Sterling,1.9800000000000004,0.0,19
188,Lesley Ugochukwu,1.1100000000000003,1.0,19
190,Naouirou Ahamada,0.0,0.0,19
192,Jordan Ayew,4.57,0.0,19
193,Cheick Doucouré,3.42,1.0,19
197,Malcolm Ebiowei,0.0,0.0,19
199,Eberechi Eze,2.1399999999999997,7.0,19
203,Will Hughes,2.3200000000000003,4.0,19
205,Daichi Kamada,1.4299999999999997,1.0,19
206,Jefferson Lerma Solís,2.05,2.0,19
208,Matheus França de Oliveira,0.0,0.0,19
212,David Ozoh,0.0,0.0,19
213,Jesurun Rak-Sakyi,0.04916666666666636,0.0,19
214,Jeffrey Schlupp,0.7000000000000002,0.0,19
216,Adam Wharton,0.040000000000000036,0.0,19
217,Abdoulaye Doucouré,1.4299999999999997,2.0,19
222,Idrissa Gueye,1.7000000000000002,1.0,19
223,James Garner,0.0,0.0,19
224,Jack Harrison,1.7699999999999996,1.0,19
226,Tim Iroegbunam,0.009999999999999787,0.0,19
230,Dwight McNeil,0.5499999999999998,0.0,19
233,Amadou Onana,1.6399999999999997,1.0,19
239,Adama Traoré,1.75,1.0,19
240,Andreas Hoelgebaum Pereira,2.5,5.0,19
243,Tom Cairney,1.58,1.0,19
246,Luke Harris,0.0,0.0,19
247,Alex Iwobi,3.4400000000000004,2.0,19
249,Saša Lukić,2.2300000000000004,2.0,19
254,Harrison Reed,0.2999999999999998,0.0,19
259,Harry Wilson,2.55,7.0,19
262,Nathan Broadhead,2.51,3.0,19
264,Wes Burns,1.3399999999999999,3.0,19
265,Conor Chaplin,1.0999999999999996,0.0,19
271,Marcus Myers-Harness,0.0,0.0,19
273,Cameron Humphreys,0.0,0.0,19
274,Omari Giraud-Hutchinson,1.5099999999999998,8.0,19
277,Massimo Luongo,0.020000000000000018,0.0,19
278,Sam Morsy,1.79,2.0,19
281,Jack Taylor,2.0199999999999996,1.0,19
285,Boubakary Soumaré,1.7999999999999998,1.0,19
287,Hamza Choudhury,0.8900000000000001,1.0,19
290,Bobby De Cordova-Reid,1.4500000000000002,0.0,19
292,Michael Golding,0.0,0.0,19
297,Wanya Marçal-Madivádua,0.0,0.0,19
298,Stephy Mavididi,2.24,2.0,19
299,Kasey McAteer,0.4900000000000002,0.0,19
300,Wilfred Ndidi,0.43000000000000016,0.0,19
309,Harry Winks,1.1100000000000003,2.0,19
312,Stefan Bajčetić Maquieira,0.0,0.0,19
314,Fábio Freitas Gouveia Carvalho,1.7300000000000004,0.0,19
315,Bobby Clark,0.0,0.0,19
317,Diogo Teixeira da Silva,1.67,6.0,19
318,Ben Doak,0.0,0.0,19
319,Harvey Elliott,0.8900000000000001,1.0,19
320,Endo Wataru,0.3900000000000001,1.0,19
323,Ryan Gravenberch,2.08,4.0,19
324,Curtis Jones,2.4400000000000004,6.0,19
327,Luis Díaz,3.3,8.0,19
328,Mohamed Salah,7.77,14.0,19
329,Alexis Mac Allister,2.2199999999999998,3.0,19
330,James McConnell,0.0,0.0,19
331,Tyler Morton,0.69,0.0,19
336,Dominik Szoboszlai,2.5,0.0,19
342,Bernardo Veiga de Carvalho e Silva,2.42,3.0,19
343,Oscar Bobb,0.0,0.0,19
345,Kevin De Bruyne,1.25,3.0,19
346,Jérémy Doku,1.92,0.0,19
348,Phil Foden,3.46,6.0,19
349,Jack Grealish,2.0300000000000002,0.0,19
354,Mateo Kovačić,1.42,3.0,19
356,Matheus Luiz Nunes,0.5699999999999998,0.0,19
357,James McAtee,0.0,1.0,19
359,Kalvin Phillips,1.6900000000000004,1.0,19
360,Rodrigo 'Rodri' Hernandez,0.0,0.0,19
364,Amad Diallo,2.9800000000000004,2.0,19
365,Antony Matheus dos Santos,1.3399999999999999,1.0,19
366,Bruno Borges Fernandes,4.3,0.0,19
368,Carlos Henrique Casimiro,2.3499999999999996,2.0,19
370,Christian Eriksen,0.81,2.0,19
372,Alejandro Garnacho,1.4400000000000004,1.0,19
373,Hannibal Mejbri,0.0,0.0,19
378,Kobbie Mainoo,3.04,1.0,19
381,Scott McTominay,0.0,0.0,19
382,Mason Mount,0.81,0.0,19
384,Facundo Pellistri Rebollo,0.0,0.0,19
385,Marcus Rashford,0.31999999999999984,0.0,19
386,Jadon Sancho,2.8899999999999997,1.0,19
391,Miguel Almirón Rejala,1.04,0.0,19
392,Harvey Barnes,1.92,1.0,19
394,Bruno Guimarães Rodriguez Moura,2.9699999999999998,3.0,19
397,Ryan Fraser,0.3700000000000001,0.0,19
398,Anthony Gordon,4.69,6.0,19
400,Isaac Hayden,0.0,0.0,19
402,Jacob Murphy,4.74,3.0,19
403,Joelinton Cássio Apolinário de Lira,3.9400000000000004,8.0,19
406,Garang Kuol,0.06999999999999984,0.0,19
410,Sean Longstaff,0.98,0.0,19
411,Lewis Miley,0.8799999999999999,0.0,19
417,Sandro Tonali,2.0700000000000003,3.0,19
419,Joe White,0.009999999999999787,0.0,19
420,Joe Willock,1.29,1.0,19
423,Elliot Anderson,2.75,3.0,19
426,Josh Bowler,0.0,0.0,19
428,Eric da Silva Moreira,0.0,0.0,19
429,Danilo dos Santos de Oliveira,0.0,0.0,19
431,Nicolás Domínguez,1.4100000000000001,3.0,19
432,Anthony Elanga,4.78,6.0,19
433,Morgan Gibbs-White,3.34,8.0,19
434,Callum Hudson-Odoi,4.02,0.0,19
435,Alex Mighten,0.0,0.0,19
439,Lewis O'Brien,0.020424468942215945,0.0,19
442,Ibrahim Sangaré,0.0,0.0,19
449,Ryan Yates,2.0999999999999996,0.0,19
450,Carlos Alcaraz Durán,0.0,0.0,19
451,Samuel Amo-Ameyaw,0.20000000000000018,0.0,19
452,Joe Aribo,1.6799999999999997,1.0,19
458,Shea Charles,0.0,0.0,19
459,Samuel Edozie,0.0,0.0,19
462,Kamaldeen Sulemana,1.0999999999999996,1.0,19
463,Adam Lallana,1.9100000000000001,1.0,19
471,Will Smallbone,0.0,0.0,19
480,Rodrigo Bentancur,0.8700000000000001,6.0,19
481,Lucas Bergvall,1.6600000000000001,0.0,19
482,Yves Bissouma,1.0300000000000002,2.0,19
483,Bryan Gil Salvatierra,0.020424468942215945,0.0,19
485,Alfie Devine,0.0,0.0,19
489,Archie Gray,1.8600000000000003,2.0,19
490,Pierre-Emile Højbjerg,0.0,0.0,19
491,Brennan Johnson,2.5599999999999996,7.0,19
492,Dejan Kulusevski,2.9800000000000004,5.0,19
493,Giovani Lo Celso,0.0,0.0,19
494,James Maddison,2.55,1.0,19
499,Pape Matar Sarr,1.8600000000000003,1.0,19
501,Oliver Skipp,1.17,0.0,19
502,Manor Solomon,0.0,0.0,19
503,Son Heung-min,2.8,0.0,19
509,Timo Werner,1.29,1.0,19
511,Edson Álvarez Velázquez,2.0,1.0,19
514,Jarrod Bowen,4.68,1.0,19
515,Maxwel Cornet,0.0,0.0,19
518,Flynn Downes,1.3200000000000003,0.0,19
519,George Earthy,0.0,0.0,19
525,Mohammed Kudus,2.4400000000000004,2.0,19
526,Luis Guilherme Lira dos Santos,0.0,1.0,19
527,Lucas Tolentino Coelho de Lima,2.2699999999999996,2.0,19
530,Tomáš Souček,3.7800000000000002,0.0,19
531,James Ward-Prowse,1.0099999999999998,1.0,19
534,Boubacar Traoré,0.0,0.0,19
535,Jean-Ricner Bellegarde,1.5599999999999996,0.0,19
537,Francisco Jorge Tomás Oliveira,0.1200000000000001,0.0,19
538,Tawanda Chirewa,0.0,0.0,19
540,Luke Cundle,0.020000000000000018,0.0,19
544,Tommy Doyle,1.7999999999999998,1.0,19
547,Enso González,0.0,0.0,19
548,Gonçalo Manuel Ganchinho Guedes,2.76,1.0,19
550,Hwang Hee-chan,1.1799999999999997,7.0,19
551,Joe Hodge,0.0,0.0,19
553,João Victor Gomes da Silva,2.71,2.0,19
557,Mario Lemina,2.2199999999999998,0.0,19
560,Pedro Lomba Neto,3.24,1.0,19
562,Daniel Castelo Podence,0.0,0.0,19
563,Rodrigo Martins Gomes,1.6600000000000001,1.0,19
565,Pablo Sarabia,0.6200000000000001,0.0,19
569,Jaden Philogene,0.48,0.0,19
570,Abdul Fatawu,0.1499999999999999,0.0,19
571,Sávio 'Savinho' Moreira de Oliveira,3.21,11.0,19
576,Andy Irving,0.08999999999999986,1.0,19
577,Jesper Lindstrøm,1.13,1.0,19
584,Ben Brereton Díaz,0.1299999999999999,0.0,19
585,Ismaïla Sarr,3.45,2.0,19
587,Crysencio Summerville,1.9400000000000004,1.0,19
588,Guido Rodríguez,2.5599999999999996,0.0,19
595,Brajan Gruda,2.63,1.0,19
596,João Pedro Ferreira Silva,1.2599999999999998,1.0,19
597,Myles Lewis-Skelly,1.9000000000000004,1.0,19
600,Yasin Ayari,2.2199999999999998,1.0,19
601,Andrew Moran,0.07194071187894391,0.0,19
602,Ryan Trevitt,0.08999999999999986,0.0,19
603,Harrison Armstrong,0.10999999999999988,0.0,19
604,Josh King,1.08,1.0,19
605,Martial Godo,0.3700000000000001,0.0,19
606,Will Alves,0.0,1.0,19
607,Nico O'Reilly,0.0,0.0,19
608,Tyler Dibling,1.21,7.0,19
610,Mikey Moore,0.020000000000000018,0.0,19
611,Sam Szmodics,2.1100000000000003,1.0,19
612,Wilson Odobert,0.011345238095237686,0.0,19
613,Toby Collyer,0.08000000000000007,0.0,19
614,Jenson Metcalfe,0.0,0.0,19
618,Georginio Rutter,1.0199999999999996,1.0,19
619,Jens Cajuste,2.25,3.0,19
620,Ramón Sosa,0.8799999999999999,3.0,19
621,João Félix Sequeira,0.3799999999999999,1.0,19
622,Sander Berge,1.6399999999999997,0.0,19
623,Mateus Gonçalo Espanha Fernandes,2.96,1.0,19
625,Ilkay Gündogan,1.7800000000000002,0.0,19
629,Matt O'Riley,2.54,1.0,19
631,Jack Clarke,1.63,0.0,19
632,Chiedozie Ogbene,0.0,0.0,19
633,Mikel Merino,1.63,7.0,19
634,Gustavo Nunes Fernandes Gomes,0.0,0.0,19
635,Bilal El Khannouss,1.7199999999999998,1.0,19
636,Federico Chiesa,0.009999999999999787,0.0,19
638,Salah-Eddine Oulad M'hand,0.0,0.0,19
642,André Trindade da Costa Neto,1.96,2.0,19
644,Franco Umeh-Chibueze,0.0,0.0,19
645,Justin Devenny,1.3200000000000003,0.0,19
646,Asher Agbinone,0.040000000000000036,0.0,19
647,Kaden Rodney,0.0,0.0,19
651,Orel Mangala,1.9400000000000004,2.0,19
652,Manuel Ugarte,2.1399999999999997,0.0,19
654,Carlos Soler,1.5,2.0,19
655,Carlos Roberto Forbs Borges,0.3700000000000001,1.0,19
656,Kadan Young,0.0,0.0,19
659,Ismeal Kabia,0.0,0.0,19
661,Tony Yogane,0.0,0.0,19
667,Jack Fletcher,0.0,0.0,19
671,Jacob Wright,0.0,0.0,19
673,Jayce Fitzgerald,0.0,0.0,19
674,Paris Maghoma,0.6200000000000001,1.0,19
678,Callum Bates,0.0,0.0,19
679,Ben Broggio,0.0,0.0,19
682,Tom Edozie,0.0,0.0,19
683,Callum Olusesi,0.0,0.0,19
687,Ben Winterburn,0.0,1.0,19
688,Treymaurice Nyoni,0.15057142857142836,0.0,19
689,Luca Williams-Barnett,0.0,0.0,19
693,Joseph O'Brien-Whitmarsh,0.0,0.0,19
694,Henry Cartwright,0.0,0.0,19
695,Samuel Rak-Sakyi,0.0,0.0,19
696,Tyrique George,0.0,0.0,19
701,Lewis Orford,0.0,0.0,19
1,Fábio Ferreira Vieira,0.0,0.0,20
7,Jorge Luiz Frello Filho,0.8799999999999999,2.0,20
9,Gabriel Martinelli Silva,3.16,1.0,20
10,Reiss Nelson,0.27,0.0,20
12,Ethan Nwaneri,2.1500000000000004,5.0,20
13,Martin Ødegaard,2.5999999999999996,1.0,20
16,Declan Rice,2.0999999999999996,2.0,20
17,Bukayo Saka,2.0300000000000002,0.0,20
19,Emile Smith Rowe,1.7000000000000002,1.0,20
20,Thomas Partey,3.17,2.0,20
23,Leandro Trossard,1.7699999999999996,2.0,20
28,Leon Bailey,2.9299999999999997,7.0,20
29,Ross Barkley,1.5,7.0,20
30,Enzo Barrenechea,0.0,0.0,20
31,Emiliano Buendía Stati,1.0199999999999996,1.0,20
33,Leander Dendoncker,0.0,0.0,20
34,Moussa Diaby,0.0,0.0,20
37,Lewis Dobbin,0.02546113822408058,0.0,20
41,Samuel Iling-Junior,0.0,0.0,20
42,Boubacar Kamara,1.3499999999999996,2.0,20
48,John McGinn,3.3,1.0,20
53,Jacob Ramsey,0.7599999999999998,2.0,20
54,Morgan Rogers,3.37,0.0,20
57,Youri Tielemans,1.9400000000000004,2.0,20
60,Tyler Adams,0.6000000000000001,0.0,20
61,Jaidon Anthony,0.0,0.0,20
62,David Brooks,2.4699999999999998,5.0,20
63,Ryan Christie,2.08,3.0,20
64,Lewis Cook,3.38,3.0,20
66,Romain Faivre,0.0,0.0,20
67,Hamed Traorè,0.0,0.0,20
71,Justin Kluivert,2.26,3.0,20
74,Dango Ouattara,3.3099999999999996,3.0,20
76,Philip Billing,2.0599999999999996,1.0,20
77,Alex Scott,0.0,0.0,20
78,Antoine Semenyo,3.16,3.0,20
80,Luis Sinisterra,0.1200000000000001,0.0,20
83,Marcus Tavernier,0.3599999999999999,0.0,20
87,Ethan Brierley,0.0,0.0,20
89,Mikkel Damsgaard,4.0,6.0,20
90,Josh Dasilva,0.0,0.0,20
94,Vitaly Janelt,1.9699999999999998,1.0,20
95,Mathias Jensen,1.0099999999999998,3.0,20
97,Yunus Emre Konak,0.04999999999999982,0.0,20
98,Keane Lewis-Potter,2.16,8.0,20
99,Bryan Mbeumo,4.2,16.0,20
101,Christian Nørgaard,1.87,3.0,20
102,Frank Onyeka,0.0,0.0,20
103,Myles Peart-Harris,0.0,0.0,20
106,Kevin Schade,1.8499999999999996,8.0,20
111,Yehor Yarmoliuk,2.41,1.0,20
113,Simon Adingra,1.87,2.0,20
114,Benicio Baker-Boaitey,0.0,0.0,20
115,Carlos Baleba,2.01,2.0,20
117,Facundo Buonanotte,2.3899999999999997,1.0,20
118,Amario Cozier-Duberry,0.0,0.0,20
119,Mahmoud Dahoud,0.0,0.0,20
121,Julio Enciso,1.88,0.0,20
124,Billy Gilmour,0.0,0.0,20
125,Pascal Groß,0.0,0.0,20
126,Jack Hinshelwood,0.31000000000000005,0.0,20
127,Ibrahim Osman,0.0,0.0,20
130,Kacper Kozłowski,0.02546113822408058,0.0,20
132,Solly March,0.25,0.0,20
133,Adrian Mazilu,0.0,0.0,20
134,James Milner,0.029999999999999805,0.0,20
135,Yankuba Minteh,1.1900000000000004,0.0,20
136,Mitoma Kaoru,2.46,1.0,20
137,Jakub Moder,1.0,0.0,20
140,Cameron Peupion,0.0,0.0,20
141,Jeremy Sarmiento Morante,0.0,0.0,20
149,Mats Wieffer,1.42,0.0,20
150,Andrey Nascimento dos Santos,0.06787677374748302,0.0,20
151,Ângelo Gabriel Borges Damaceno,0.009999999999999787,0.0,20
157,Moisés Caicedo Corozo,2.1799999999999997,2.0,20
158,Cesare Casadei,0.0,0.0,20
161,Carney Chukwuemeka,0.0,0.0,20
166,Kiernan Dewsbury-Hall,0.020000000000000018,0.0,20
168,Enzo Fernández,3.8099999999999996,1.0,20
169,Conor Gallagher,0.04333333333333389,0.0,20
173,Omari Kellyman,0.27265476190476123,0.0,20
174,Roméo Lavia,0.96,0.0,20
177,Noni Madueke,2.8899999999999997,1.0,20
179,Mykhailo Mudryk,0.0,0.0,20
181,Christopher Nkunku,2.6399999999999997,0.0,20
182,Cole Palmer,2.5300000000000002,7.0,20
184,Renato Palma Veiga,0.31000000000000005,0.0,20
186,Raheem Sterling,0.20999999999999996,0.0,20
188,Lesley Ugochukwu,1.04,2.0,20
190,Naouirou Ahamada,0.08899999999999997,0.0,20
192,Jordan Ayew,1.7400000000000002,2.0,20
193,Cheick Doucouré,1.5300000000000002,2.0,20
197,Malcolm Ebiowei,0.02546113822408058,0.0,20
199,Eberechi Eze,2.5199999999999996,5.0,20
203,Will Hughes,2.3899999999999997,0.0,20
205,Daichi Kamada,1.7300000000000004,1.0,20
206,Jefferson Lerma Solís,2.3099999999999996,2.0,20
208,Matheus França de Oliveira,0.0,0.0,20
212,David Ozoh,0.0,0.0,20
213,Jesurun Rak-Sakyi,0.0,0.0,20
214,Jeffrey Schlupp,0.56,0.0,20
216,Adam Wharton,0.17383333333333306,0.0,20
217,Abdoulaye Doucouré,1.6900000000000004,1.0,20
222,Idrissa Gueye,1.88,2.0,20
223,James Garner,0.0,0.0,20
224,Jack Harrison,1.8399999999999999,0.0,20
226,Tim Iroegbunam,0.0,0.0,20
230,Dwight McNeil,0.2999999999999998,0.0,20
233,Amadou Onana,1.12,0.0,20
239,Adama Traoré,2.8600000000000003,1.0,20
240,Andreas Hoelgebaum Pereira,2.2800000000000002,0.0,20
243,Tom Cairney,1.3399999999999999,2.0,20
246,Luke Harris,0.0,0.0,20
247,Alex Iwobi,3.75,2.0,20
249,Saša Lukić,1.7800000000000002,2.0,20
254,Harrison Reed,0.16000000000000014,0.0,20
259,Harry Wilson,3.41,5.0,20
262,Nathan Broadhead,2.49,1.0,20
264,Wes Burns,1.96,1.0,20
265,Conor Chaplin,0.7200000000000002,0.0,20
271,Marcus Myers-Harness,0.16318301143301195,0.0,20
273,Cameron Humphreys,0.0,0.0,20
274,Omari Giraud-Hutchinson,3.4400000000000004,0.0,20
277,Massimo Luongo,0.020000000000000018,0.0,20
278,Sam Morsy,1.7999999999999998,1.0,20
281,Jack Taylor,1.1600000000000001,1.0,20
285,Boubakary Soumaré,1.8899999999999997,1.0,20
287,Hamza Choudhury,1.1500000000000004,0.0,20
290,Bobby De Cordova-Reid,0.94,1.0,20
292,Michael Golding,0.0,0.0,20
297,Wanya Marçal-Madivádua,0.17018301143301207,0.0,20
298,Stephy Mavididi,1.8899999999999997,7.0,20
299,Kasey McAteer,0.20000000000000018,0.0,20
300,Wilfred Ndidi,0.2799999999999998,0.0,20
309,Harry Winks,1.2999999999999998,2.0,20
312,Stefan Bajčetić Maquieira,0.0,0.0,20
314,Fábio Freitas Gouveia Carvalho,1.0700000000000003,0.0,20
315,Bobby Clark,0.0,0.0,20
317,Diogo Teixeira da Silva,2.0300000000000002,1.0,20
318,Ben Doak,0.0,0.0,20
319,Harvey Elliott,1.13,1.0,20
320,Endo Wataru,1.0,0.0,20
323,Ryan Gravenberch,2.3499999999999996,2.0,20
324,Curtis Jones,2.92,2.0,20
327,Luis Díaz,2.4800000000000004,1.0,20
328,Mohamed Salah,7.539999999999999,7.0,20
329,Alexis Mac Allister,3.1100000000000003,8.0,20
330,James McConnell,0.0,0.0,20
331,Tyler Morton,0.0,0.0,20
336,Dominik Szoboszlai,2.6500000000000004,0.0,20
342,Bernardo Veiga de Carvalho e Silva,3.3499999999999996,2.0,20
343,Oscar Bobb,0.0,0.0,20
345,Kevin De Bruyne,2.3200000000000003,5.0,20
346,Jérémy Doku,1.9500000000000002,0.0,20
348,Phil Foden,2.62,7.0,20
349,Jack Grealish,1.1799999999999997,1.0,20
354,Mateo Kovačić,2.16,2.0,20
356,Matheus Luiz Nunes,0.2999999999999998,0.0,20
357,James McAtee,0.45999999999999996,1.0,20
359,Kalvin Phillips,1.8899999999999997,1.0,20
360,Rodrigo 'Rodri' Hernandez,0.1200000000000001,0.0,20
364,Amad Diallo,3.0599999999999996,6.0,20
365,Antony Matheus dos Santos,1.38,0.0,20
366,Bruno Borges Fernandes,4.06,5.0,20
368,Carlos Henrique Casimiro,1.7300000000000004,0.0,20
370,Christian Eriksen,1.8399999999999999,0.0,20
372,Alejandro Garnacho,1.8399999999999999,1.0,20
373,Hannibal Mejbri,0.10739438339438312,0.0,20
378,Kobbie Mainoo,1.79,2.0,20
381,Scott McTominay,0.41000000000000014,0.0,20
382,Mason Mount,0.08999999999999986,0.0,20
384,Facundo Pellistri Rebollo,0.06787677374748302,0.0,20
385,Marcus Rashford,0.33999999999999986,0.0,20
386,Jadon Sancho,3.1399999999999997,5.0,20
391,Miguel Almirón Rejala,0.43999999999999995,0.0,20
392,Harvey Barnes,1.9400000000000004,1.0,20
394,Bruno Guimarães Rodriguez Moura,2.7699999999999996,5.0,20
397,Ryan Fraser,0.06999999999999984,0.0,20
398,Anthony Gordon,5.0600000000000005,7.0,20
400,Isaac Hayden,0.020000000000000018,0.0,20
402,Jacob Murphy,3.6399999999999997,5.0,20
403,Joelinton Cássio Apolinário de Lira,4.46,1.0,20
406,Garang Kuol,0.0,0.0,20
410,Sean Longstaff,1.29,1.0,20
411,Lewis Miley,0.31999999999999984,0.0,20
417,Sandro Tonali,2.1799999999999997,2.0,20
419,Joe White,0.0,0.0,20
420,Joe Willock,1.4800000000000004,1.0,20
423,Elliot Anderson,2.13,2.0,20
426,Josh Bowler,0.10739438339438312,0.0,20
428,Eric da Silva Moreira,0.009999999999999787,0.0,20
429,Danilo dos Santos de Oliveira,0.0,0.0,20
431,Nicolás Domínguez,1.3099999999999996,0.0,20
432,Anthony Elanga,4.35,6.0,20
433,Morgan Gibbs-White,3.09,8.0,20
434,Callum Hudson-Odoi,2.3,6.0,20
435,Alex Mighten,0.0,0.0,20
439,Lewis O'Brien,0.0,0.0,20
442,Ibrahim Sangaré,0.5800000000000001,0.0,20
449,Ryan Yates,1.25,1.0,20
450,Carlos Alcaraz Durán,0.0,0.0,20
451,Samuel Amo-Ameyaw,0.08000000000000007,0.0,20
452,Joe Aribo,1.7000000000000002,2.0,20
458,Shea Charles,0.0,0.0,20
459,Samuel Edozie,0.0,0.0,20
462,Kamaldeen Sulemana,0.7000000000000002,1.0,20
463,Adam Lallana,1.0300000000000002,1.0,20
471,Will Smallbone,0.0,0.0,20
480,Rodrigo Bentancur,2.5199999999999996,0.0,20
481,Lucas Bergvall,0.79,2.0,20
482,Yves Bissouma,1.21,1.0,20
483,Bryan Gil Salvatierra,0.02546113822408058,0.0,20
485,Alfie Devine,0.0,0.0,20
489,Archie Gray,2.34,2.0,20
490,Pierre-Emile Højbjerg,0.06787677374748302,0.0,20
491,Brennan Johnson,2.9000000000000004,2.0,20
492,Dejan Kulusevski,2.75,2.0,20
493,Giovani Lo Celso,0.0,0.0,20
494,James Maddison,3.45,1.0,20
499,Pape Matar Sarr,2.0700000000000003,2.0,20
501,Oliver Skipp,0.75,0.0,20
502,Manor Solomon,0.0,0.0,20
503,Son Heung-min,5.74,1.0,20
509,Timo Werner,1.29,2.0,20
511,Edson Álvarez Velázquez,1.42,2.0,20
514,Jarrod Bowen,4.6,0.0,20
515,Maxwel Cornet,0.23879761904761887,0.0,20
518,Flynn Downes,0.8799999999999999,0.0,20
519,George Earthy,0.0,0.0,20
525,Mohammed Kudus,2.8899999999999997,2.0,20
526,Luis Guilherme Lira dos Santos,0.9100000000000001,1.0,20
527,Lucas Tolentino Coelho de Lima,2.0,2.0,20
530,Tomáš Souček,2.5199999999999996,5.0,20
531,James Ward-Prowse,0.9100000000000001,4.0,20
534,Boubacar Traoré,0.0,0.0,20
535,Jean-Ricner Bellegarde,1.4500000000000002,1.0,20
537,Francisco Jorge Tomás Oliveira,0.08999999999999986,0.0,20
538,Tawanda Chirewa,0.0,0.0,20
540,Luke Cundle,0.0,0.0,20
544,Tommy Doyle,1.1500000000000004,0.0,20
547,Enso González,0.0,0.0,20
548,Gonçalo Manuel Ganchinho Guedes,2.1500000000000004,2.0,20
550,Hwang Hee-chan,3.5300000000000002,2.0,20
551,Joe Hodge,0.0,0.0,20
553,João Victor Gomes da Silva,1.9699999999999998,2.0,20
557,Mario Lemina,0.8999999999999999,1.0,20
560,Pedro Lomba Neto,2.87,2.0,20
562,Daniel Castelo Podence,0.0,0.0,20
563,Rodrigo Martins Gomes,1.1399999999999997,2.0,20
565,Pablo Sarabia,0.31000000000000005,1.0,20
569,Jaden Philogene,0.41999999999999993,0.0,20
570,Abdul Fatawu,0.1499999999999999,0.0,20
571,Sávio 'Savinho' Moreira de Oliveira,4.71,11.0,20
576,Andy Irving,1.21,0.0,20
577,Jesper Lindstrøm,1.7000000000000002,1.0,20
584,Ben Brereton Díaz,0.18000000000000016,0.0,20
585,Ismaïla Sarr,3.87,2.0,20
587,Crysencio Summerville,2.09,2.0,20
588,Guido Rodríguez,1.5,0.0,20
595,Brajan Gruda,2.3499999999999996,1.0,20
596,João Pedro Ferreira Silva,1.42,1.0,20
597,Myles Lewis-Skelly,1.2599999999999998,0.0,20
600,Yasin Ayari,2.3600000000000003,2.0,20
601,Andrew Moran,0.06787677374748302,0.0,20
602,Ryan Trevitt,0.06999999999999984,0.0,20
603,Harrison Armstrong,0.029999999999999805,1.0,20
604,Josh King,1.42,0.0,20
605,Martial Godo,0.20000000000000018,0.0,20
606,Will Alves,0.020000000000000018,0.0,20
607,Nico O'Reilly,0.0,0.0,20
608,Tyler Dibling,2.2199999999999998,2.0,20
610,Mikey Moore,0.020000000000000018,0.0,20
611,Sam Szmodics,1.33,7.0,20
612,Wilson Odobert,0.0,0.0,20
613,Toby Collyer,0.18000000000000016,0.0,20
614,Jenson Metcalfe,0.0,0.0,20
618,Georginio Rutter,1.5,1.0,20
619,Jens Cajuste,2.58,2.0,20
620,Ramón Sosa,2.45,0.0,20
621,João Félix Sequeira,2.84,0.0,20
622,Sander Berge,1.0499999999999998,0.0,20
623,Mateus Gonçalo Espanha Fernandes,2.51,0.0,20
625,Ilkay Gündogan,1.5099999999999998,1.0,20
629,Matt O'Riley,2.05,1.0,20
631,Jack Clarke,1.58,1.0,20
632,Chiedozie Ogbene,0.07945041070041148,0.0,20
633,Mikel Merino,2.8099999999999996,4.0,20
634,Gustavo Nunes Fernandes Gomes,0.0,0.0,20
635,Bilal El Khannouss,1.7300000000000004,2.0,20
636,Federico Chiesa,0.21299999999999963,0.0,20
638,Salah-Eddine Oulad M'hand,0.0,0.0,20
642,André Trindade da Costa Neto,2.0,0.0,20
644,Franco Umeh-Chibueze,0.4219999999999997,0.0,20
645,Justin Devenny,0.94,0.0,20
646,Asher Agbinone,0.009999999999999787,0.0,20
647,Kaden Rodney,0.0,0.0,20
651,Orel Mangala,1.9000000000000004,1.0,20
652,Manuel Ugarte,1.2000000000000002,2.0,20
654,Carlos Soler,2.1900000000000004,0.0,20
655,Carlos Roberto Forbs Borges,0.7799999999999998,1.0,20
656,Kadan Young,0.009999999999999787,0.0,20
659,Ismeal Kabia,0.0,0.0,20
661,Tony Yogane,0.0,0.0,20
667,Jack Fletcher,0.0,0.0,20
671,Jacob Wright,0.0,0.0,20
673,Jayce Fitzgerald,0.0,0.0,20
674,Paris Maghoma,0.81,1.0,20
678,Callum Bates,0.0,0.0,20
679,Ben Broggio,0.0,0.0,20
682,Tom Edozie,0.0,0.0,20
683,Callum Olusesi,0.0,0.0,20
687,Ben Winterburn,0.41000000000000014,0.0,20
688,Treymaurice Nyoni,0.5840476190476194,0.0,20
689,Luca Williams-Barnett,0.13005952380952301,0.0,20
693,Joseph O'Brien-Whitmarsh,0.0,0.0,20
694,Henry Cartwright,0.0,0.0,20
695,Samuel Rak-Sakyi,0.17018301143301207,0.0,20
696,Tyrique George,0.20367857142857115,0.0,20
701,Lewis Orford,0.0055952380952377645,0.0,20
710,Jamaldeen Jimoh,0.02546113822408058,0.0,20
1,Fábio Ferreira Vieira,0.0,0.0,21
7,Jorge Luiz Frello Filho,1.2999999999999998,0.0,21
9,Gabriel Martinelli Silva,2.5999999999999996,1.0,21
10,Reiss Nelson,0.10000000000000009,0.0,21
12,Ethan Nwaneri,2.75,0.0,21
13,Martin Ødegaard,2.38,5.0,21
16,Declan Rice,3.4400000000000004,2.0,21
17,Bukayo Saka,0.7599999999999998,0.0,21
19,Emile Smith Rowe,1.92,2.0,21
20,Thomas Partey,2.4000000000000004,2.0,21
23,Leandro Trossard,2.37,7.0,21
28,Leon Bailey,3.46,0.0,21
29,Ross Barkley,1.9699999999999998,0.0,21
30,Enzo Barrenechea,0.0,0.0,21
31,Emiliano Buendía Stati,2.17,1.0,21
33,Leander Dendoncker,0.0,0.0,21
34,Moussa Diaby,0.0,0.0,21
37,Lewis Dobbin,0.0,0.0,21
41,Samuel Iling-Junior,0.0,0.0,21
42,Boubacar Kamara,1.9400000000000004,3.0,21
48,John McGinn,1.9000000000000004,0.0,21
53,Jacob Ramsey,1.5700000000000003,3.0,21
54,Morgan Rogers,2.49,6.0,21
57,Youri Tielemans,2.1399999999999997,3.0,21
60,Tyler Adams,1.0099999999999998,2.0,21
61,Jaidon Anthony,0.0,0.0,21
62,David Brooks,3.0199999999999996,1.0,21
63,Ryan Christie,2.62,4.0,21
64,Lewis Cook,2.6100000000000003,2.0,21
66,Romain Faivre,0.0,0.0,21
67,Hamed Traorè,0.0,0.0,21
71,Justin Kluivert,2.4800000000000004,7.0,21
74,Dango Ouattara,4.09,2.0,21
76,Philip Billing,1.54,0.0,21
77,Alex Scott,0.009999999999999787,0.0,21
78,Antoine Semenyo,3.7199999999999998,10.0,21
80,Luis Sinisterra,0.0,0.0,21
83,Marcus Tavernier,0.08999999999999986,0.0,21
87,Ethan Brierley,0.04999999999999982,0.0,21
89,Mikkel Damsgaard,3.1799999999999997,2.0,21
90,Josh Dasilva,0.0,0.0,21
94,Vitaly Janelt,1.83,2.0,21
95,Mathias Jensen,2.5,2.0,21
97,Yunus Emre Konak,0.06999999999999984,0.0,21
98,Keane Lewis-Potter,2.3899999999999997,5.0,21
99,Bryan Mbeumo,4.13,2.0,21
101,Christian Nørgaard,1.8399999999999999,7.0,21
102,Frank Onyeka,0.0,0.0,21
103,Myles Peart-Harris,0.0,0.0,21
106,Kevin Schade,2.45,1.0,21
111,Yehor Yarmoliuk,1.1900000000000004,1.0,21
113,Simon Adingra,2.0300000000000002,3.0,21
114,Benicio Baker-Boaitey,0.0,0.0,21
115,Carlos Baleba,2.13,3.0,21
117,Facundo Buonanotte,1.5599999999999996,2.0,21
118,Amario Cozier-Duberry,0.0,0.0,21
119,Mahmoud Dahoud,0.0,0.0,21
121,Julio Enciso,1.5700000000000003,0.0,21
124,Billy Gilmour,0.0,0.0,21
125,Pascal Groß,0.0,0.0,21
126,Jack Hinshelwood,0.06999999999999984,0.0,21
127,Ibrahim Osman,0.0,0.0,21
130,Kacper Kozłowski,0.0,0.0,21
132,Solly March,0.41999999999999993,0.0,21
133,Adrian Mazilu,0.0,0.0,21
134,James Milner,0.0,0.0,21
135,Yankuba Minteh,1.7599999999999998,1.0,21
136,Mitoma Kaoru,1.9500000000000002,8.0,21
137,Jakub Moder,1.2800000000000002,1.0,21
140,Cameron Peupion,0.0,0.0,21
141,Jeremy Sarmiento Morante,0.0,0.0,21
149,Mats Wieffer,1.2599999999999998,0.0,21
150,Andrey Nascimento dos Santos,0.0,0.0,21
151,Ângelo Gabriel Borges Damaceno,0.009999999999999787,0.0,21
157,Moisés Caicedo Corozo,2.0599999999999996,2.0,21
158,Cesare Casadei,0.0,0.0,21
161,Carney Chukwuemeka,0.0,0.0,21
166,Kiernan Dewsbury-Hall,0.029999999999999805,0.0,21
168,Enzo Fernández,3.3499999999999996,2.0,21
169,Conor Gallagher,0.0,0.0,21
173,Omari Kellyman,0.0,0.0,21
174,Roméo Lavia,1.1399999999999997,0.0,21
177,Noni Madueke,1.5599999999999996,2.0,21
179,Mykhailo Mudryk,0.040000000000000036,0.0,21
181,Christopher Nkunku,1.7999999999999998,0.0,21
182,Cole Palmer,3.75,7.0,21
184,Renato Palma Veiga,0.029999999999999805,0.0,21
186,Raheem Sterling,0.2200000000000002,2.0,21
188,Lesley Ugochukwu,1.7400000000000002,2.0,21
190,Naouirou Ahamada,0.0,0.0,21
192,Jordan Ayew,2.0300000000000002,1.0,21
193,Cheick Doucouré,2.2199999999999998,3.0,21
197,Malcolm Ebiowei,0.0,0.0,21
199,Eberechi Eze,2.7800000000000002,6.0,21
203,Will Hughes,2.1100000000000003,3.0,21
205,Daichi Kamada,1.1500000000000004,1.0,21
206,Jefferson Lerma Solís,3.2300000000000004,1.0,21
208,Matheus França de Oliveira,0.0,0.0,21
212,David Ozoh,0.0,0.0,21
213,Jesurun Rak-Sakyi,0.0,0.0,21
214,Jeffrey Schlupp,0.3500000000000001,0.0,21
216,Adam Wharton,0.020000000000000018,0.0,21
217,Abdoulaye Doucouré,1.67,2.0,21
222,Idrissa Gueye,1.5300000000000002,1.0,21
223,James Garner,0.2999999999999998,0.0,21
224,Jack Harrison,1.08,1.0,21
226,Tim Iroegbunam,0.08999999999999986,0.0,21
230,Dwight McNeil,0.25,0.0,21
233,Amadou Onana,0.6699999999999999,2.0,21
239,Adama Traoré,2.0300000000000002,1.0,21
240,Andreas Hoelgebaum Pereira,2.05,2.0,21
243,Tom Cairney,2.1500000000000004,1.0,21
246,Luke Harris,0.0,0.0,21
247,Alex Iwobi,3.4400000000000004,12.0,21
249,Saša Lukić,1.62,1.0,21
254,Harrison Reed,0.013333333333333197,0.0,21
259,Harry Wilson,3.3600000000000003,2.0,21
262,Nathan Broadhead,2.26,2.0,21
264,Wes Burns,1.2999999999999998,2.0,21
265,Conor Chaplin,0.14000000000000012,0.0,21
271,Marcus Myers-Harness,0.04999999999999982,0.0,21
273,Cameron Humphreys,0.1200000000000001,0.0,21
274,Omari Giraud-Hutchinson,1.8099999999999996,2.0,21
277,Massimo Luongo,0.040000000000000036,0.0,21
278,Sam Morsy,1.5099999999999998,1.0,21
281,Jack Taylor,1.5700000000000003,1.0,21
285,Boubakary Soumaré,1.4100000000000001,2.0,21
287,Hamza Choudhury,0.6400000000000001,0.0,21
290,Bobby De Cordova-Reid,0.69,0.0,21
292,Michael Golding,0.1499999999999999,0.0,21
297,Wanya Marçal-Madivádua,0.08000000000000007,0.0,21
298,Stephy Mavididi,2.76,2.0,21
299,Kasey McAteer,0.16000000000000014,1.0,21
300,Wilfred Ndidi,0.29000000000000004,0.0,21
309,Harry Winks,1.7199999999999998,2.0,21
312,Stefan Bajčetić Maquieira,0.3900000000000001,0.0,21
314,Fábio Freitas Gouveia Carvalho,0.6499999999999999,0.0,21
315,Bobby Clark,0.16999999999999993,0.0,21
317,Diogo Teixeira da Silva,1.96,6.0,21
318,Ben Doak,0.18000000000000016,0.0,21
319,Harvey Elliott,1.12,0.0,21
320,Endo Wataru,1.29,0.0,21
323,Ryan Gravenberch,3.0599999999999996,2.0,21
324,Curtis Jones,2.21,1.0,21
327,Luis Díaz,3.91,1.0,21
328,Mohamed Salah,7.42,2.0,21
329,Alexis Mac Allister,2.92,2.0,21
330,James McConnell,0.009999999999999787,0.0,21
331,Tyler Morton,0.0,0.0,21
336,Dominik Szoboszlai,3.37,2.0,21
342,Bernardo Veiga de Carvalho e Silva,3.9000000000000004,2.0,21
343,Oscar Bobb,0.0,0.0,21
345,Kevin De Bruyne,2.63,5.0,21
346,Jérémy Doku,2.2300000000000004,0.0,21
348,Phil Foden,3.0,12.0,21
349,Jack Grealish,1.3899999999999997,0.0,21
354,Mateo Kovačić,3.0,3.0,21
356,Matheus Luiz Nunes,0.6000000000000001,2.0,21
357,James McAtee,0.5800000000000001,1.0,21
359,Kalvin Phillips,1.21,2.0,21
360,Rodrigo 'Rodri' Hernandez,0.06000000000000005,0.0,21
364,Amad Diallo,2.76,17.0,21
365,Antony Matheus dos Santos,0.79,1.0,21
366,Bruno Borges Fernandes,3.7300000000000004,2.0,21
368,Carlos Henrique Casimiro,1.0599999999999996,0.0,21
370,Christian Eriksen,0.94,4.0,21
372,Alejandro Garnacho,2.1799999999999997,2.0,21
373,Hannibal Mejbri,0.0,0.0,21
378,Kobbie Mainoo,2.2699999999999996,1.0,21
381,Scott McTominay,0.009999999999999787,0.0,21
382,Mason Mount,0.10999999999999988,0.0,21
384,Facundo Pellistri Rebollo,0.0,0.0,21
385,Marcus Rashford,0.6600000000000001,0.0,21
386,Jadon Sancho,4.33,2.0,21
391,Miguel Almirón Rejala,0.56,1.0,21
392,Harvey Barnes,2.71,0.0,21
394,Bruno Guimarães Rodriguez Moura,2.21,6.0,21
397,Ryan Fraser,0.06000000000000005,0.0,21
398,Anthony Gordon,4.65,8.0,21
400,Isaac Hayden,0.0,0.0,21
402,Jacob Murphy,3.99,3.0,21
403,Joelinton Cássio Apolinário de Lira,3.51,3.0,21
406,Garang Kuol,0.0,0.0,21
410,Sean Longstaff,1.1500000000000004,0.0,21
411,Lewis Miley,0.4900000000000002,1.0,21
417,Sandro Tonali,2.74,3.0,21
419,Joe White,0.41000000000000014,0.0,21
420,Joe Willock,1.21,1.0,21
423,Elliot Anderson,1.9800000000000004,2.0,21
426,Josh Bowler,0.009999999999999787,0.0,21
428,Eric da Silva Moreira,0.040000000000000036,0.0,21
429,Danilo dos Santos de Oliveira,0.0,0.0,21
431,Nicolás Domínguez,2.2,1.0,21
432,Anthony Elanga,3.84,5.0,21
433,Morgan Gibbs-White,3.2,1.0,21
434,Callum Hudson-Odoi,1.7400000000000002,2.0,21
435,Alex Mighten,0.040000000000000036,0.0,21
439,Lewis O'Brien,0.0,0.0,21
442,Ibrahim Sangaré,0.4900000000000002,0.0,21
449,Ryan Yates,1.6100000000000003,1.0,21
450,Carlos Alcaraz Durán,0.0,0.0,21
451,Samuel Amo-Ameyaw,0.08999999999999986,0.0,21
452,Joe Aribo,1.1900000000000004,3.0,21
458,Shea Charles,0.3700000000000001,0.0,21
459,Samuel Edozie,0.020000000000000018,0.0,21
462,Kamaldeen Sulemana,1.5,2.0,21
463,Adam Lallana,0.8300000000000001,0.0,21
471,Will Smallbone,0.06000000000000005,1.0,21
480,Rodrigo Bentancur,1.62,0.0,21
481,Lucas Bergvall,1.2599999999999998,2.0,21
482,Yves Bissouma,1.08,1.0,21
483,Bryan Gil Salvatierra,0.0,0.0,21
485,Alfie Devine,0.0,0.0,21
489,Archie Gray,1.4800000000000004,2.0,21
490,Pierre-Emile Højbjerg,0.0,0.0,21
491,Brennan Johnson,2.71,1.0,21
492,Dejan Kulusevski,2.6500000000000004,2.0,21
493,Giovani Lo Celso,0.020000000000000018,0.0,21
494,James Maddison,2.08,1.0,21
499,Pape Matar Sarr,2.08,0.0,21
501,Oliver Skipp,0.3799999999999999,1.0,21
502,Manor Solomon,0.0,0.0,21
503,Son Heung-min,3.09,7.0,21
509,Timo Werner,2.38,0.0,21
511,Edson Álvarez Velázquez,1.4900000000000002,2.0,21
514,Jarrod Bowen,2.3899999999999997,0.0,21
515,Maxwel Cornet,0.029999999999999805,0.0,21
518,Flynn Downes,0.2200000000000002,0.0,21
519,George Earthy,0.08066666666666666,0.0,21
525,Mohammed Kudus,3.1100000000000003,2.0,21
526,Luis Guilherme Lira dos Santos,1.1100000000000003,0.0,21
527,Lucas Tolentino Coelho de Lima,1.88,6.0,21
530,Tomáš Souček,1.8099999999999996,6.0,21
531,James Ward-Prowse,1.3899999999999997,0.0,21
534,Boubacar Traoré,0.1299999999999999,0.0,21
535,Jean-Ricner Bellegarde,1.37,1.0,21
537,Francisco Jorge Tomás Oliveira,0.1299999999999999,0.0,21
538,Tawanda Chirewa,0.14000000000000012,0.0,21
540,Luke Cundle,0.020000000000000018,0.0,21
544,Tommy Doyle,0.8900000000000001,1.0,21
547,Enso González,0.08000000000000007,0.0,21
548,Gonçalo Manuel Ganchinho Guedes,1.5,2.0,21
550,Hwang Hee-chan,1.9699999999999998,1.0,21
551,Joe Hodge,0.1200000000000001,0.0,21
553,João Victor Gomes da Silva,1.9500000000000002,2.0,21
557,Mario Lemina,1.4900000000000002,0.0,21
560,Pedro Lomba Neto,2.4699999999999998,1.0,21
562,Daniel Castelo Podence,0.08000000000000007,0.0,21
563,Rodrigo Martins Gomes,1.0599999999999996,2.0,21
565,Pablo Sarabia,1.42,1.0,21
569,Jaden Philogene,0.06000000000000005,0.0,21
570,Abdul Fatawu,0.7599999999999998,0.0,21
571,Sávio 'Savinho' Moreira de Oliveira,6.029999999999999,5.0,21
576,Andy Irving,0.5800000000000001,1.0,21
577,Jesper Lindstrøm,2.0700000000000003,1.0,21
584,Ben Brereton Díaz,0.43999999999999995,0.0,21
585,Ismaïla Sarr,4.05,6.0,21
587,Crysencio Summerville,1.5,0.0,21
588,Guido Rodríguez,1.0599999999999996,2.0,21
595,Brajan Gruda,2.21,0.0,21
596,João Pedro Ferreira Silva,1.2999999999999998,1.0,21
597,Myles Lewis-Skelly,0.8999999999999999,1.0,21
600,Yasin Ayari,2.37,3.0,21
601,Andrew Moran,0.0,0.0,21
602,Ryan Trevitt,0.0,0.0,21
603,Harrison Armstrong,1.4800000000000004,0.0,21
604,Josh King,0.5299999999999998,1.0,21
605,Martial Godo,0.3799999999999999,0.0,21
606,Will Alves,0.1299999999999999,0.0,21
607,Nico O'Reilly,0.0,0.0,21
608,Tyler Dibling,1.1900000000000004,5.0,21
610,Mikey Moore,0.6699999999999999,0.0,21
611,Sam Szmodics,2.4800000000000004,0.0,21
612,Wilson Odobert,0.1200000000000001,0.0,21
613,Toby Collyer,0.06999999999999984,1.0,21
614,Jenson Metcalfe,0.3799999999999999,0.0,21
618,Georginio Rutter,1.1399999999999997,6.0,21
619,Jens Cajuste,1.3499999999999996,2.0,21
620,Ramón Sosa,0.9300000000000002,0.0,21
621,João Félix Sequeira,2.7800000000000002,4.0,21
622,Sander Berge,0.43999999999999995,0.0,21
623,Mateus Gonçalo Espanha Fernandes,1.8399999999999999,2.0,21
625,Ilkay Gündogan,2.0,1.0,21
629,Matt O'Riley,2.5599999999999996,6.0,21
631,Jack Clarke,1.3899999999999997,1.0,21
632,Chiedozie Ogbene,0.27,0.0,21
633,Mikel Merino,3.13,1.0,21
634,Gustavo Nunes Fernandes Gomes,0.0,0.0,21
635,Bilal El Khannouss,1.4699999999999998,2.0,21
636,Federico Chiesa,0.08000000000000007,0.0,21
638,Salah-Eddine Oulad M'hand,0.0,0.0,21
642,André Trindade da Costa Neto,1.0899999999999999,2.0,21
644,Franco Umeh-Chibueze,0.0,0.0,21
645,Justin Devenny,0.3999999999999999,1.0,21
646,Asher Agbinone,0.20999999999999996,0.0,21
647,Kaden Rodney,0.0,0.0,21
651,Orel Mangala,1.5300000000000002,2.0,21
652,Manuel Ugarte,1.4900000000000002,-1.0,21
654,Carlos Soler,0.5800000000000001,7.0,21
655,Carlos Roberto Forbs Borges,0.79,0.0,21
656,Kadan Young,0.10000000000000009,0.0,21
659,Ismeal Kabia,0.0,0.0,21
661,Tony Yogane,0.0,0.0,21
667,Jack Fletcher,0.0,0.0,21
671,Jacob Wright,0.0,0.0,21
673,Jayce Fitzgerald,0.0,0.0,21
674,Paris Maghoma,1.2699999999999996,0.0,21
678,Callum Bates,0.5800000000000001,0.0,21
679,Ben Broggio,0.0,0.0,21
682,Tom Edozie,0.10999999999999988,0.0,21
683,Callum Olusesi,0.009999999999999787,0.0,21
687,Ben Winterburn,0.029999999999999805,0.0,21
688,Treymaurice Nyoni,0.3700000000000001,0.0,21
689,Luca Williams-Barnett,0.040000000000000036,0.0,21
693,Joseph O'Brien-Whitmarsh,0.1499999999999999,0.0,21
694,Henry Cartwright,0.0,0.0,21
695,Samuel Rak-Sakyi,0.0,0.0,21
696,Tyrique George,0.0,0.0,21
701,Lewis Orford,0.1299999999999999,0.0,21
710,Jamaldeen Jimoh,0.0,0.0,21
714,Diego Gómez,0.0,0.0,21
717,Min-Hyeok Yang,0.06000000000000005,0.0,21
723,Dominic Sadi,0.0,0.0,21
1,Fábio Ferreira Vieira,0.0,0.0,22
7,Jorge Luiz Frello Filho,0.6600000000000001,0.0,22
9,Gabriel Martinelli Silva,2.7,7.0,22
10,Reiss Nelson,0.3500000000000001,0.0,22
12,Ethan Nwaneri,2.1500000000000004,0.0,22
13,Martin Ødegaard,2.74,2.0,22
16,Declan Rice,2.3200000000000003,2.0,22
17,Bukayo Saka,0.4700000000000002,0.0,22
19,Emile Smith Rowe,1.7199999999999998,8.0,22
20,Thomas Partey,2.7,2.0,22
23,Leandro Trossard,3.37,7.0,22
28,Leon Bailey,1.3099999999999996,1.0,22
29,Ross Barkley,1.5,0.0,22
30,Enzo Barrenechea,0.0,0.0,22
31,Emiliano Buendía Stati,1.42,0.0,22
33,Leander Dendoncker,0.08000000000000007,0.0,22
34,Moussa Diaby,0.0,0.0,22
37,Lewis Dobbin,0.0,0.0,22
41,Samuel Iling-Junior,0.0,0.0,22
42,Boubacar Kamara,1.7699999999999996,1.0,22
48,John McGinn,1.0,0.0,22
53,Jacob Ramsey,2.01,2.0,22
54,Morgan Rogers,2.2199999999999998,1.0,22
57,Youri Tielemans,2.01,7.0,22
60,Tyler Adams,1.7999999999999998,4.0,22
61,Jaidon Anthony,0.009999999999999787,0.0,22
62,David Brooks,1.8600000000000003,2.0,22
63,Ryan Christie,2.13,1.0,22
64,Lewis Cook,2.04,2.0,22
66,Romain Faivre,0.0,0.0,22
67,Hamed Traorè,0.0,0.0,22
71,Justin Kluivert,2.87,19.0,22
74,Dango Ouattara,3.67,4.0,22
76,Philip Billing,1.1799999999999997,0.0,22
77,Alex Scott,0.029999999999999805,0.0,22
78,Antoine Semenyo,3.3600000000000003,5.0,22
80,Luis Sinisterra,0.6699999999999999,0.0,22
83,Marcus Tavernier,0.1499999999999999,0.0,22
87,Ethan Brierley,0.009999999999999787,0.0,22
89,Mikkel Damsgaard,2.51,3.0,22
90,Josh Dasilva,0.0,0.0,22
94,Vitaly Janelt,1.8099999999999996,3.0,22
95,Mathias Jensen,2.08,1.0,22
97,Yunus Emre Konak,0.08000000000000007,0.0,22
98,Keane Lewis-Potter,3.0599999999999996,2.0,22
99,Bryan Mbeumo,3.5599999999999996,2.0,22
101,Christian Nørgaard,2.08,1.0,22
102,Frank Onyeka,0.0,0.0,22
103,Myles Peart-Harris,0.0,0.0,22
106,Kevin Schade,1.6500000000000004,1.0,22
111,Yehor Yarmoliuk,1.1799999999999997,2.0,22
113,Simon Adingra,2.0,0.0,22
114,Benicio Baker-Boaitey,0.08999999999999986,0.0,22
115,Carlos Baleba,2.16,1.0,22
117,Facundo Buonanotte,2.26,1.0,22
118,Amario Cozier-Duberry,0.06000000000000005,0.0,22
119,Mahmoud Dahoud,0.040000000000000036,0.0,22
121,Julio Enciso,0.2999999999999998,1.0,22
124,Billy Gilmour,0.020000000000000018,0.0,22
125,Pascal Groß,0.020000000000000018,0.0,22
126,Jack Hinshelwood,0.1200000000000001,0.0,22
127,Ibrahim Osman,0.08999999999999986,0.0,22
130,Kacper Kozłowski,0.08999999999999986,0.0,22
132,Solly March,0.2200000000000002,0.0,22
133,Adrian Mazilu,0.020000000000000018,0.0,22
134,James Milner,0.06000000000000005,0.0,22
135,Yankuba Minteh,1.2000000000000002,9.0,22
136,Mitoma Kaoru,2.5,10.0,22
137,Jakub Moder,1.0,0.0,22
140,Cameron Peupion,0.25,0.0,22
141,Jeremy Sarmiento Morante,0.020000000000000018,0.0,22
149,Mats Wieffer,0.6499999999999999,0.0,22
150,Andrey Nascimento dos Santos,0.0,0.0,22
151,Ângelo Gabriel Borges Damaceno,0.0,0.0,22
157,Moisés Caicedo Corozo,2.05,1.0,22
158,Cesare Casadei,0.0,0.0,22
161,Carney Chukwuemeka,0.10999999999999988,0.0,22
166,Kiernan Dewsbury-Hall,0.08000000000000007,5.0,22
168,Enzo Fernández,4.88,0.0,22
169,Conor Gallagher,0.0,0.0,22
173,Omari Kellyman,0.0,0.0,22
174,Roméo Lavia,1.4000000000000004,0.0,22
177,Noni Madueke,2.05,7.0,22
179,Mykhailo Mudryk,0.45999999999999996,0.0,22
181,Christopher Nkunku,0.8500000000000001,0.0,22
182,Cole Palmer,5.949999999999999,2.0,22
184,Renato Palma Veiga,0.0,0.0,22
186,Raheem Sterling,2.4400000000000004,0.0,22
188,Lesley Ugochukwu,2.1100000000000003,3.0,22
190,Naouirou Ahamada,0.0,0.0,22
192,Jordan Ayew,1.29,2.0,22
193,Cheick Doucouré,2.16,0.0,22
197,Malcolm Ebiowei,0.0,0.0,22
199,Eberechi Eze,2.8099999999999996,6.0,22
203,Will Hughes,2.08,3.0,22
205,Daichi Kamada,1.3600000000000003,3.0,22
206,Jefferson Lerma Solís,2.3600000000000003,0.0,22
208,Matheus França de Oliveira,0.029999999999999805,0.0,22
212,David Ozoh,0.0,0.0,22
213,Jesurun Rak-Sakyi,0.004999999999999893,0.0,22
214,Jeffrey Schlupp,0.18000000000000016,1.0,22
216,Adam Wharton,0.009999999999999787,0.0,22
217,Abdoulaye Doucouré,1.62,1.0,22
222,Idrissa Gueye,1.0599999999999996,8.0,22
223,James Garner,0.0,0.0,22
224,Jack Harrison,1.2999999999999998,0.0,22
226,Tim Iroegbunam,0.2999999999999998,0.0,22
230,Dwight McNeil,0.20999999999999996,0.0,22
233,Amadou Onana,1.0899999999999999,1.0,22
239,Adama Traoré,1.7800000000000002,6.0,22
240,Andreas Hoelgebaum Pereira,2.62,0.0,22
243,Tom Cairney,1.6399999999999997,1.0,22
246,Luke Harris,0.0,0.0,22
247,Alex Iwobi,3.4699999999999998,1.0,22
249,Saša Lukić,2.6799999999999997,5.0,22
254,Harrison Reed,0.0,0.0,22
259,Harry Wilson,3.88,6.0,22
262,Nathan Broadhead,2.33,0.0,22
264,Wes Burns,1.9900000000000002,0.0,22
265,Conor Chaplin,0.31000000000000005,0.0,22
271,Marcus Myers-Harness,0.0,0.0,22
273,Cameron Humphreys,0.0,0.0,22
274,Omari Giraud-Hutchinson,2.09,2.0,22
277,Massimo Luongo,0.0,1.0,22
278,Sam Morsy,1.1100000000000003,2.0,22
281,Jack Taylor,1.8099999999999996,1.0,22
285,Boubakary Soumaré,1.67,2.0,22
287,Hamza Choudhury,0.73,0.0,22
290,Bobby De Cordova-Reid,0.6200000000000001,0.0,22
292,Michael Golding,0.3500000000000001,0.0,22
297,Wanya Marçal-Madivádua,0.0,0.0,22
298,Stephy Mavididi,2.88,2.0,22
299,Kasey McAteer,1.6100000000000003,0.0,22
300,Wilfred Ndidi,0.18000000000000016,0.0,22
309,Harry Winks,1.7699999999999996,2.0,22
312,Stefan Bajčetić Maquieira,0.0,0.0,22
314,Fábio Freitas Gouveia Carvalho,0.98,0.0,22
315,Bobby Clark,0.0,0.0,22
317,Diogo Teixeira da Silva,3.1799999999999997,0.0,22
318,Ben Doak,0.0,0.0,22
319,Harvey Elliott,0.75,4.0,22
320,Endo Wataru,0.9900000000000002,0.0,22
323,Ryan Gravenberch,2.7699999999999996,3.0,22
324,Curtis Jones,1.8899999999999997,1.0,22
327,Luis Díaz,2.3200000000000003,3.0,22
328,Mohamed Salah,5.93,3.0,22
329,Alexis Mac Allister,2.79,3.0,22
330,James McConnell,0.029999999999999805,0.0,22
331,Tyler Morton,0.0,0.0,22
336,Dominik Szoboszlai,3.3499999999999996,2.0,22
342,Bernardo Veiga de Carvalho e Silva,4.58,0.0,22
343,Oscar Bobb,0.08000000000000007,0.0,22
345,Kevin De Bruyne,4.29,12.0,22
346,Jérémy Doku,1.3099999999999996,11.0,22
348,Phil Foden,5.640000000000001,16.0,22
349,Jack Grealish,1.0300000000000002,1.0,22
354,Mateo Kovačić,5.24,11.0,22
356,Matheus Luiz Nunes,5.07,2.0,22
357,James McAtee,2.16,6.0,22
359,Kalvin Phillips,1.7800000000000002,0.0,22
360,Rodrigo 'Rodri' Hernandez,0.18999999999999995,0.0,22
364,Amad Diallo,4.64,2.0,22
365,Antony Matheus dos Santos,1.5499999999999998,1.0,22
366,Bruno Borges Fernandes,5.25,7.0,22
368,Carlos Henrique Casimiro,0.45999999999999996,0.0,22
370,Christian Eriksen,1.4100000000000001,0.0,22
372,Alejandro Garnacho,2.9699999999999998,1.0,22
373,Hannibal Mejbri,0.020000000000000018,0.0,22
378,Kobbie Mainoo,1.8600000000000003,2.0,22
381,Scott McTominay,0.08000000000000007,0.0,22
382,Mason Mount,0.04999999999999982,0.0,22
384,Facundo Pellistri Rebollo,0.0,0.0,22
385,Marcus Rashford,0.2599999999999998,0.0,22
386,Jadon Sancho,3.0999999999999996,1.0,22
391,Miguel Almirón Rejala,0.5800000000000001,0.0,22
392,Harvey Barnes,1.8499999999999996,0.0,22
394,Bruno Guimarães Rodriguez Moura,3.38,7.0,22
397,Ryan Fraser,0.42385714285714293,0.0,22
398,Anthony Gordon,5.33,2.0,22
400,Isaac Hayden,0.0,0.0,22
402,Jacob Murphy,4.69,2.0,22
403,Joelinton Cássio Apolinário de Lira,3.74,1.0,22
406,Garang Kuol,0.0,0.0,22
410,Sean Longstaff,0.5,0.0,22
411,Lewis Miley,1.0199999999999996,0.0,22
417,Sandro Tonali,1.83,2.0,22
419,Joe White,0.0,0.0,22
420,Joe Willock,1.21,1.0,22
423,Elliot Anderson,2.49,7.0,22
426,Josh Bowler,0.0,0.0,22
428,Eric da Silva Moreira,0.0,0.0,22
429,Danilo dos Santos de Oliveira,0.0,0.0,22
431,Nicolás Domínguez,2.1900000000000004,2.0,22
432,Anthony Elanga,3.09,2.0,22
433,Morgan Gibbs-White,3.99,5.0,22
434,Callum Hudson-Odoi,3.4299999999999997,6.0,22
435,Alex Mighten,0.0,0.0,22
439,Lewis O'Brien,0.0,0.0,22
442,Ibrahim Sangaré,0.6600000000000001,0.0,22
449,Ryan Yates,2.13,1.0,22
450,Carlos Alcaraz Durán,0.0,0.0,22
451,Samuel Amo-Ameyaw,0.1499999999999999,0.0,22
452,Joe Aribo,1.83,1.0,22
458,Shea Charles,0.26333333333333364,0.0,22
459,Samuel Edozie,0.33000000000000007,0.0,22
462,Kamaldeen Sulemana,1.7199999999999998,1.0,22
463,Adam Lallana,0.5,0.0,22
471,Will Smallbone,0.6099999999999999,1.0,22
480,Rodrigo Bentancur,0.6600000000000001,0.0,22
481,Lucas Bergvall,3.2199999999999998,1.0,22
482,Yves Bissouma,1.8200000000000003,0.0,22
483,Bryan Gil Salvatierra,0.0,0.0,22
485,Alfie Devine,0.029999999999999805,0.0,22
489,Archie Gray,2.1100000000000003,0.0,22
490,Pierre-Emile Højbjerg,0.0,0.0,22
491,Brennan Johnson,1.8200000000000003,0.0,22
492,Dejan Kulusevski,4.26,7.0,22
493,Giovani Lo Celso,0.0,0.0,22
494,James Maddison,2.3,2.0,22
499,Pape Matar Sarr,2.12,2.0,22
501,Oliver Skipp,1.4699999999999998,1.0,22
502,Manor Solomon,0.0,0.0,22
503,Son Heung-min,2.74,2.0,22
509,Timo Werner,0.6499999999999999,0.0,22
511,Edson Álvarez Velázquez,1.5599999999999996,1.0,22
514,Jarrod Bowen,2.16,0.0,22
515,Maxwel Cornet,0.49219047619047673,0.0,22
518,Flynn Downes,1.04,0.0,22
519,George Earthy,0.0,0.0,22
525,Mohammed Kudus,1.4000000000000004,2.0,22
526,Luis Guilherme Lira dos Santos,0.4700000000000002,1.0,22
527,Lucas Tolentino Coelho de Lima,2.3600000000000003,1.0,22
530,Tomáš Souček,3.79,2.0,22
531,James Ward-Prowse,0.6600000000000001,0.0,22
534,Boubacar Traoré,0.020000000000000018,0.0,22
535,Jean-Ricner Bellegarde,1.87,1.0,22
537,Francisco Jorge Tomás Oliveira,0.3900000000000001,0.0,22
538,Tawanda Chirewa,0.0,0.0,22
540,Luke Cundle,0.43000000000000016,0.0,22
544,Tommy Doyle,2.2199999999999998,0.0,22
547,Enso González,0.3500000000000001,0.0,22
548,Gonçalo Manuel Ganchinho Guedes,1.8499999999999996,1.0,22
550,Hwang Hee-chan,1.1500000000000004,0.0,22
551,Joe Hodge,0.3599999999999999,0.0,22
553,João Victor Gomes da Silva,1.58,2.0,22
557,Mario Lemina,0.41000000000000014,0.0,22
560,Pedro Lomba Neto,2.08,2.0,22
562,Daniel Castelo Podence,0.0,0.0,22
563,Rodrigo Martins Gomes,1.2800000000000002,1.0,22
565,Pablo Sarabia,1.83,2.0,22
569,Jaden Philogene,0.16000000000000014,1.0,22
570,Abdul Fatawu,0.08999999999999986,0.0,22
571,Sávio 'Savinho' Moreira de Oliveira,3.0,0.0,22
576,Andy Irving,1.58,0.0,22
577,Jesper Lindstrøm,2.0700000000000003,3.0,22
584,Ben Brereton Díaz,0.10000000000000009,0.0,22
585,Ismaïla Sarr,6.050000000000001,3.0,22
587,Crysencio Summerville,1.7300000000000004,0.0,22
588,Guido Rodríguez,1.4299999999999997,1.0,22
595,Brajan Gruda,1.08,0.0,22
596,João Pedro Ferreira Silva,1.62,1.0,22
597,Myles Lewis-Skelly,1.5700000000000003,2.0,22
600,Yasin Ayari,1.7400000000000002,2.0,22
601,Andrew Moran,0.08999999999999986,0.0,22
602,Ryan Trevitt,0.009999999999999787,0.0,22
603,Harrison Armstrong,0.43000000000000016,0.0,22
604,Josh King,1.9400000000000004,1.0,22
605,Martial Godo,0.10999999999999988,0.0,22
606,Will Alves,0.20999999999999996,0.0,22
607,Nico O'Reilly,0.06000000000000005,1.0,22
608,Tyler Dibling,3.3,0.0,22
610,Mikey Moore,0.16000000000000014,7.0,22
611,Sam Szmodics,1.8399999999999999,0.0,22
612,Wilson Odobert,0.009999999999999787,0.0,22
613,Toby Collyer,0.43000000000000016,1.0,22
614,Jenson Metcalfe,0.0,0.0,22
618,Georginio Rutter,1.1600000000000001,6.0,22
619,Jens Cajuste,1.62,2.0,22
620,Ramón Sosa,1.5300000000000002,1.0,22
621,João Félix Sequeira,1.9699999999999998,1.0,22
622,Sander Berge,0.79,3.0,22
623,Mateus Gonçalo Espanha Fernandes,2.95,5.0,22
625,Ilkay Gündogan,2.4800000000000004,3.0,22
629,Matt O'Riley,1.79,0.0,22
631,Jack Clarke,1.6600000000000001,2.0,22
632,Chiedozie Ogbene,0.0,0.0,22
633,Mikel Merino,2.6500000000000004,2.0,22
634,Gustavo Nunes Fernandes Gomes,0.0,0.0,22
635,Bilal El Khannouss,1.33,2.0,22
636,Federico Chiesa,0.040000000000000036,1.0,22
638,Salah-Eddine Oulad M'hand,0.0,0.0,22
642,André Trindade da Costa Neto,1.79,1.0,22
644,Franco Umeh-Chibueze,0.10000000000000009,0.0,22
645,Justin Devenny,0.52,1.0,22
646,Asher Agbinone,0.22999999999999998,0.0,22
647,Kaden Rodney,0.0,0.0,22
651,Orel Mangala,1.8099999999999996,2.0,22
652,Manuel Ugarte,1.5599999999999996,1.0,22
654,Carlos Soler,1.3600000000000003,1.0,22
655,Carlos Roberto Forbs Borges,0.6299999999999999,0.0,22
656,Kadan Young,0.06000000000000005,0.0,22
659,Ismeal Kabia,0.0,0.0,22
661,Tony Yogane,0.0,0.0,22
667,Jack Fletcher,0.0,0.0,22
671,Jacob Wright,0.14000000000000012,0.0,22
673,Jayce Fitzgerald,0.0,0.0,22
674,Paris Maghoma,0.6200000000000001,0.0,22
678,Callum Bates,0.020000000000000018,0.0,22
679,Ben Broggio,0.009999999999999787,0.0,22
682,Tom Edozie,0.3999999999999999,0.0,22
683,Callum Olusesi,0.2519999999999998,0.0,22
687,Ben Winterburn,0.020000000000000018,1.0,22
688,Treymaurice Nyoni,0.0,0.0,22
689,Luca Williams-Barnett,0.029999999999999805,0.0,22
693,Joseph O'Brien-Whitmarsh,0.29000000000000004,0.0,22
694,Henry Cartwright,0.0,0.0,22
695,Samuel Rak-Sakyi,0.0,0.0,22
696,Tyrique George,0.0,0.0,22
701,Lewis Orford,0.029999999999999805,1.0,22
710,Jamaldeen Jimoh,0.0,0.0,22
714,Diego Gómez,0.10000000000000009,1.0,22
717,Min-Hyeok Yang,0.015000000000000124,0.0,22
723,Dominic Sadi,0.0,0.0,22
725,Donyell Malen,0.0,0.0,22
728,Zain Silcott-Duberry,0.0,0.0,22
729,Damola Ajayi,0.0,0.0,22
1,Fábio Ferreira Vieira,0.0,0.0,23
7,Jorge Luiz Frello Filho,0.6299999999999999,0.0,23
9,Gabriel Martinelli Silva,3.0300000000000002,3.0,23
10,Reiss Nelson,0.2599999999999998,0.0,23
12,Ethan Nwaneri,1.0700000000000003,1.0,23
13,Martin Ødegaard,2.8499999999999996,0.0,23
16,Declan Rice,3.1500000000000004,3.0,23
17,Bukayo Saka,1.4900000000000002,0.0,23
19,Emile Smith Rowe,2.5,2.0,23
20,Thomas Partey,2.5999999999999996,3.0,23
23,Leandro Trossard,3.5599999999999996,3.0,23
28,Leon Bailey,2.3200000000000003,3.0,23
29,Ross Barkley,1.4400000000000004,0.0,23
30,Enzo Barrenechea,0.0,0.0,23
31,Emiliano Buendía Stati,0.9500000000000002,1.0,23
33,Leander Dendoncker,0.06000000000000005,0.0,23
34,Moussa Diaby,0.0,0.0,23
37,Lewis Dobbin,0.0,0.0,23
41,Samuel Iling-Junior,0.0,0.0,23
42,Boubacar Kamara,3.24,2.0,23
48,John McGinn,0.54,1.0,23
53,Jacob Ramsey,1.5199999999999996,7.0,23
54,Morgan Rogers,2.2199999999999998,1.0,23
57,Youri Tielemans,2.6900000000000004,1.0,23
60,Tyler Adams,2.05,9.0,23
61,Jaidon Anthony,0.0,0.0,23
62,David Brooks,3.67,3.0,23
63,Ryan Christie,2.79,3.0,23
64,Lewis Cook,3.3899999999999997,2.0,23
66,Romain Faivre,0.0,0.0,23
67,Hamed Traorè,0.0,0.0,23
71,Justin Kluivert,5.4,11.0,23
74,Dango Ouattara,3.74,18.0,23
76,Philip Billing,0.8599999999999999,0.0,23
77,Alex Scott,0.009999999999999787,0.0,23
78,Antoine Semenyo,3.54,8.0,23
80,Luis Sinisterra,0.10999999999999988,0.0,23
83,Marcus Tavernier,0.06999999999999984,7.0,23
87,Ethan Brierley,0.009999999999999787,0.0,23
89,Mikkel Damsgaard,2.3200000000000003,5.0,23
90,Josh Dasilva,0.029999999999999805,0.0,23
94,Vitaly Janelt,2.17,1.0,23
95,Mathias Jensen,1.58,1.0,23
97,Yunus Emre Konak,0.08999999999999986,0.0,23
98,Keane Lewis-Potter,2.7800000000000002,1.0,23
99,Bryan Mbeumo,5.029999999999999,7.0,23
101,Christian Nørgaard,1.8499999999999996,1.0,23
102,Frank Onyeka,0.04999999999999982,0.0,23
103,Myles Peart-Harris,0.020000000000000018,0.0,23
106,Kevin Schade,2.12,8.0,23
111,Yehor Yarmoliuk,1.5499999999999998,1.0,23
113,Simon Adingra,1.5300000000000002,0.0,23
114,Benicio Baker-Boaitey,0.0,0.0,23
115,Carlos Baleba,2.5599999999999996,1.0,23
117,Facundo Buonanotte,1.96,0.0,23
118,Amario Cozier-Duberry,0.0,0.0,23
119,Mahmoud Dahoud,0.0,0.0,23
121,Julio Enciso,0.8799999999999999,3.0,23
124,Billy Gilmour,0.0,0.0,23
125,Pascal Groß,0.0,0.0,23
126,Jack Hinshelwood,0.009999999999999787,1.0,23
127,Ibrahim Osman,0.0,0.0,23
130,Kacper Kozłowski,0.0,0.0,23
132,Solly March,1.12,0.0,23
133,Adrian Mazilu,0.0,0.0,23
134,James Milner,0.040000000000000036,0.0,23
135,Yankuba Minteh,2.62,0.0,23
136,Mitoma Kaoru,2.49,2.0,23
137,Jakub Moder,0.3500000000000001,0.0,23
140,Cameron Peupion,0.0,0.0,23
141,Jeremy Sarmiento Morante,0.0,0.0,23
149,Mats Wieffer,0.75,0.0,23
150,Andrey Nascimento dos Santos,0.0,0.0,23
151,Ângelo Gabriel Borges Damaceno,0.0,0.0,23
157,Moisés Caicedo Corozo,1.71,1.0,23
158,Cesare Casadei,0.009999999999999787,0.0,23
161,Carney Chukwuemeka,0.020000000000000018,0.0,23
166,Kiernan Dewsbury-Hall,1.3899999999999997,0.0,23
168,Enzo Fernández,5.26,2.0,23
169,Conor Gallagher,0.0,0.0,23
173,Omari Kellyman,0.0,0.0,23
174,Roméo Lavia,0.5,0.0,23
177,Noni Madueke,2.59,7.0,23
179,Mykhailo Mudryk,0.029999999999999805,0.0,23
181,Christopher Nkunku,0.5800000000000001,1.0,23
182,Cole Palmer,2.8499999999999996,2.0,23
184,Renato Palma Veiga,0.10000000000000009,0.0,23
186,Raheem Sterling,2.96,0.0,23
188,Lesley Ugochukwu,2.4299999999999997,2.0,23
190,Naouirou Ahamada,0.0,0.0,23
192,Jordan Ayew,1.5199999999999996,2.0,23
193,Cheick Doucouré,1.1799999999999997,0.0,23
197,Malcolm Ebiowei,0.0,0.0,23
199,Eberechi Eze,2.99,2.0,23
203,Will Hughes,1.7999999999999998,2.0,23
205,Daichi Kamada,2.2300000000000004,1.0,23
206,Jefferson Lerma Solís,1.7599999999999998,2.0,23
208,Matheus França de Oliveira,0.020000000000000018,0.0,23
212,David Ozoh,0.0,0.0,23
213,Jesurun Rak-Sakyi,0.0,0.0,23
214,Jeffrey Schlupp,0.5899999999999999,0.0,23
216,Adam Wharton,0.54,0.0,23
217,Abdoulaye Doucouré,1.8899999999999997,3.0,23
222,Idrissa Gueye,3.7,3.0,23
223,James Garner,0.040000000000000036,1.0,23
224,Jack Harrison,0.3700000000000001,0.0,23
226,Tim Iroegbunam,0.009999999999999787,0.0,23
230,Dwight McNeil,0.5299999999999998,0.0,23
233,Amadou Onana,1.0999999999999996,0.0,23
239,Adama Traoré,2.88,1.0,23
240,Andreas Hoelgebaum Pereira,0.8300000000000001,1.0,23
243,Tom Cairney,1.3200000000000003,1.0,23
246,Luke Harris,0.0,0.0,23
247,Alex Iwobi,2.7699999999999996,2.0,23
249,Saša Lukić,2.79,2.0,23
254,Harrison Reed,0.06999999999999984,0.0,23
259,Harry Wilson,4.75,1.0,23
262,Nathan Broadhead,1.5999999999999996,1.0,23
264,Wes Burns,1.1500000000000004,1.0,23
265,Conor Chaplin,0.1499999999999999,0.0,23
271,Marcus Myers-Harness,0.0,0.0,23
273,Cameron Humphreys,0.0,0.0,23
274,Omari Giraud-Hutchinson,2.12,2.0,23
277,Massimo Luongo,0.75,0.0,23
278,Sam Morsy,1.79,2.0,23
281,Jack Taylor,0.8399999999999999,0.0,23
285,Boubakary Soumaré,2.2199999999999998,2.0,23
287,Hamza Choudhury,0.5299999999999998,0.0,23
290,Bobby De Cordova-Reid,0.6000000000000001,7.0,23
292,Michael Golding,0.08000000000000007,0.0,23
297,Wanya Marçal-Madivádua,0.0,0.0,23
298,Stephy Mavididi,2.9800000000000004,0.0,23
299,Kasey McAteer,0.8599999999999999,0.0,23
300,Wilfred Ndidi,0.2200000000000002,0.0,23
309,Harry Winks,2.0199999999999996,1.0,23
312,Stefan Bajčetić Maquieira,0.2599999999999998,0.0,23
314,Fábio Freitas Gouveia Carvalho,0.7799999999999998,0.0,23
315,Bobby Clark,0.22999999999999998,0.0,23
317,Diogo Teixeira da Silva,3.3600000000000003,0.0,23
318,Ben Doak,0.22999999999999998,0.0,23
319,Harvey Elliott,1.6399999999999997,1.0,23
320,Endo Wataru,0.6800000000000002,1.0,23
323,Ryan Gravenberch,3.54,3.0,23
324,Curtis Jones,2.4000000000000004,0.0,23
327,Luis Díaz,3.58,3.0,23
328,Mohamed Salah,7.8100000000000005,7.0,23
329,Alexis Mac Allister,3.76,3.0,23
330,James McConnell,0.06000000000000005,0.0,23
331,Tyler Morton,0.04999999999999982,0.0,23
336,Dominik Szoboszlai,4.57,11.0,23
342,Bernardo Veiga de Carvalho e Silva,2.87,1.0,23
343,Oscar Bobb,0.0,0.0,23
345,Kevin De Bruyne,7.33,1.0,23
346,Jérémy Doku,3.83,0.0,23
348,Phil Foden,5.74,7.0,23
349,Jack Grealish,0.4500000000000002,0.0,23
354,Mateo Kovačić,3.7199999999999998,1.0,23
356,Matheus Luiz Nunes,2.75,5.0,23
357,James McAtee,2.7199999999999998,0.0,23
359,Kalvin Phillips,1.29,2.0,23
360,Rodrigo 'Rodri' Hernandez,0.009999999999999787,0.0,23
364,Amad Diallo,3.9800000000000004,3.0,23
365,Antony Matheus dos Santos,1.9800000000000004,0.0,23
366,Bruno Borges Fernandes,3.6799999999999997,3.0,23
368,Carlos Henrique Casimiro,0.20000000000000018,0.0,23
370,Christian Eriksen,0.7400000000000002,0.0,23
372,Alejandro Garnacho,2.7,3.0,23
373,Hannibal Mejbri,0.0,0.0,23
378,Kobbie Mainoo,1.9900000000000002,1.0,23
381,Scott McTominay,0.0,0.0,23
382,Mason Mount,0.009999999999999787,0.0,23
384,Facundo Pellistri Rebollo,0.0,0.0,23
385,Marcus Rashford,0.4500000000000002,0.0,23
386,Jadon Sancho,1.2599999999999998,2.0,23
391,Miguel Almirón Rejala,0.8599999999999999,1.0,23
392,Harvey Barnes,0.9700000000000002,0.0,23
394,Bruno Guimarães Rodriguez Moura,4.47,2.0,23
397,Ryan Fraser,0.040000000000000036,1.0,23
398,Anthony Gordon,3.54,5.0,23
400,Isaac Hayden,0.06000000000000005,0.0,23
402,Jacob Murphy,4.61,5.0,23
403,Joelinton Cássio Apolinário de Lira,3.3200000000000003,2.0,23
406,Garang Kuol,0.009999999999999787,0.0,23
410,Sean Longstaff,0.8399999999999999,1.0,23
411,Lewis Miley,0.43999999999999995,1.0,23
417,Sandro Tonali,2.49,7.0,23
419,Joe White,0.020000000000000018,0.0,23
420,Joe Willock,1.7599999999999998,1.0,23
423,Elliot Anderson,1.87,2.0,23
426,Josh Bowler,0.0,0.0,23
428,Eric da Silva Moreira,0.009999999999999787,0.0,23
429,Danilo dos Santos de Oliveira,0.0,0.0,23
431,Nicolás Domínguez,1.8499999999999996,1.0,23
432,Anthony Elanga,3.0199999999999996,2.0,23
433,Morgan Gibbs-White,2.67,2.0,23
434,Callum Hudson-Odoi,2.84,0.0,23
435,Alex Mighten,0.0,0.0,23
439,Lewis O'Brien,0.0,0.0,23
442,Ibrahim Sangaré,0.08000000000000007,0.0,23
449,Ryan Yates,1.2999999999999998,1.0,23
450,Carlos Alcaraz Durán,0.040000000000000036,0.0,23
451,Samuel Amo-Ameyaw,0.06000000000000005,0.0,23
452,Joe Aribo,2.66,2.0,23
458,Shea Charles,0.0,0.0,23
459,Samuel Edozie,0.020000000000000018,0.0,23
462,Kamaldeen Sulemana,1.5999999999999996,0.0,23
463,Adam Lallana,0.5800000000000001,1.0,23
471,Will Smallbone,0.7799999999999998,1.0,23
480,Rodrigo Bentancur,0.33000000000000007,2.0,23
481,Lucas Bergvall,2.1900000000000004,2.0,23
482,Yves Bissouma,1.04,0.0,23
483,Bryan Gil Salvatierra,0.0,0.0,23
485,Alfie Devine,0.0,0.0,23
489,Archie Gray,1.7400000000000002,2.0,23
490,Pierre-Emile Højbjerg,0.0,0.0,23
491,Brennan Johnson,2.1900000000000004,0.0,23
492,Dejan Kulusevski,4.17,2.0,23
493,Giovani Lo Celso,0.0,0.0,23
494,James Maddison,2.4000000000000004,0.0,23
499,Pape Matar Sarr,2.0599999999999996,1.0,23
501,Oliver Skipp,1.2400000000000002,1.0,23
502,Manor Solomon,0.0,0.0,23
503,Son Heung-min,2.84,2.0,23
509,Timo Werner,0.6200000000000001,0.0,23
511,Edson Álvarez Velázquez,1.6799999999999997,4.0,23
514,Jarrod Bowen,0.6299999999999999,0.0,23
515,Maxwel Cornet,0.06999999999999984,0.0,23
518,Flynn Downes,0.9900000000000002,0.0,23
519,George Earthy,0.03500000000000014,0.0,23
525,Mohammed Kudus,1.71,2.0,23
526,Luis Guilherme Lira dos Santos,1.67,0.0,23
527,Lucas Tolentino Coelho de Lima,2.1900000000000004,2.0,23
530,Tomáš Souček,2.5999999999999996,1.0,23
531,James Ward-Prowse,0.8599999999999999,0.0,23
534,Boubacar Traoré,0.5299999999999998,0.0,23
535,Jean-Ricner Bellegarde,1.3600000000000003,1.0,23
537,Francisco Jorge Tomás Oliveira,0.009999999999999787,0.0,23
538,Tawanda Chirewa,0.0,0.0,23
540,Luke Cundle,0.040000000000000036,0.0,23
544,Tommy Doyle,1.29,1.0,23
547,Enso González,0.040000000000000036,0.0,23
548,Gonçalo Manuel Ganchinho Guedes,1.3099999999999996,1.0,23
550,Hwang Hee-chan,1.4299999999999997,1.0,23
551,Joe Hodge,0.3500000000000001,0.0,23
553,João Victor Gomes da Silva,3.17,-1.0,23
557,Mario Lemina,0.2200000000000002,0.0,23
560,Pedro Lomba Neto,1.3499999999999996,1.0,23
562,Daniel Castelo Podence,0.0,0.0,23
563,Rodrigo Martins Gomes,1.4000000000000004,1.0,23
565,Pablo Sarabia,1.9800000000000004,2.0,23
569,Jaden Philogene,0.8999999999999999,2.0,23
570,Abdul Fatawu,0.040000000000000036,0.0,23
571,Sávio 'Savinho' Moreira de Oliveira,3.0599999999999996,0.0,23
576,Andy Irving,0.69,1.0,23
577,Jesper Lindstrøm,2.83,2.0,23
584,Ben Brereton Díaz,0.4500000000000002,0.0,23
585,Ismaïla Sarr,4.65,2.0,23
587,Crysencio Summerville,0.8199999999999998,0.0,23
588,Guido Rodríguez,1.1600000000000001,1.0,23
595,Brajan Gruda,1.6600000000000001,1.0,23
596,João Pedro Ferreira Silva,1.62,1.0,23
597,Myles Lewis-Skelly,1.8600000000000003,-2.0,23
600,Yasin Ayari,1.8499999999999996,2.0,23
601,Andrew Moran,0.0,0.0,23
602,Ryan Trevitt,0.0,0.0,23
603,Harrison Armstrong,0.18999999999999995,0.0,23
604,Josh King,1.3399999999999999,0.0,23
605,Martial Godo,0.009999999999999787,0.0,23
606,Will Alves,0.06000000000000005,0.0,23
607,Nico O'Reilly,1.1399999999999997,0.0,23
608,Tyler Dibling,1.4900000000000002,0.0,23
610,Mikey Moore,1.25,1.0,23
611,Sam Szmodics,1.5899999999999999,0.0,23
612,Wilson Odobert,0.6000000000000001,0.0,23
613,Toby Collyer,1.0899999999999999,1.0,23
614,Jenson Metcalfe,0.0,0.0,23
618,Georginio Rutter,2.33,1.0,23
619,Jens Cajuste,1.7300000000000004,0.0,23
620,Ramón Sosa,1.25,0.0,23
621,João Félix Sequeira,0.7200000000000002,0.0,23
622,Sander Berge,2.37,2.0,23
623,Mateus Gonçalo Espanha Fernandes,2.38,1.0,23
625,Ilkay Gündogan,2.05,2.0,23
629,Matt O'Riley,2.1900000000000004,1.0,23
631,Jack Clarke,1.54,0.0,23
632,Chiedozie Ogbene,0.029999999999999805,0.0,23
633,Mikel Merino,2.33,0.0,23
634,Gustavo Nunes Fernandes Gomes,0.020000000000000018,0.0,23
635,Bilal El Khannouss,2.0300000000000002,7.0,23
636,Federico Chiesa,0.6800000000000002,1.0,23
638,Salah-Eddine Oulad M'hand,0.0,0.0,23
642,André Trindade da Costa Neto,1.87,2.0,23
644,Franco Umeh-Chibueze,0.009999999999999787,0.0,23
645,Justin Devenny,0.6699999999999999,0.0,23
646,Asher Agbinone,0.08000000000000007,0.0,23
647,Kaden Rodney,0.0,0.0,23
651,Orel Mangala,1.9100000000000001,3.0,23
652,Manuel Ugarte,1.63,2.0,23
654,Carlos Soler,1.54,2.0,23
655,Carlos Roberto Forbs Borges,0.6800000000000002,0.0,23
656,Kadan Young,0.0,0.0,23
659,Ismeal Kabia,0.0,0.0,23
661,Tony Yogane,0.029999999999999805,0.0,23
667,Jack Fletcher,0.0,0.0,23
671,Jacob Wright,0.0,0.0,23
673,Jayce Fitzgerald,0.0,0.0,23
674,Paris Maghoma,0.7200000000000002,0.0,23
678,Callum Bates,0.06000000000000005,0.0,23
679,Ben Broggio,0.0,0.0,23
682,Tom Edozie,0.029999999999999805,0.0,23
683,Callum Olusesi,0.0,0.0,23
687,Ben Winterburn,0.1499999999999999,0.0,23
688,Treymaurice Nyoni,0.2599999999999998,0.0,23
689,Luca Williams-Barnett,0.0,0.0,23
693,Joseph O'Brien-Whitmarsh,0.0,0.0,23
694,Henry Cartwright,0.0,0.0,23
695,Samuel Rak-Sakyi,0.0,0.0,23
696,Tyrique George,0.25,0.0,23
701,Lewis Orford,1.9800000000000004,0.0,23
710,Jamaldeen Jimoh,0.0,0.0,23
714,Diego Gómez,0.2799999999999998,0.0,23
717,Min-Hyeok Yang,0.0,0.0,23
723,Dominic Sadi,0.077666666666667,0.0,23
725,Donyell Malen,0.009999999999999787,1.0,23
728,Zain Silcott-Duberry,0.0,1.0,23
729,Damola Ajayi,0.0,0.0,23
730,Romain Esse,0.0,6.0,23
734,Albert Grønbæk,0.0,0.0,23
1,Fábio Ferreira Vieira,0.0,0.0,24
7,Jorge Luiz Frello Filho,0.5099999999999998,0.0,24
9,Gabriel Martinelli Silva,3.0,5.0,24
10,Reiss Nelson,0.04999999999999982,0.0,24
12,Ethan Nwaneri,1.04,6.0,24
13,Martin Ødegaard,2.7699999999999996,6.0,24
16,Declan Rice,2.88,8.0,24
17,Bukayo Saka,0.54,0.0,24
19,Emile Smith Rowe,2.08,2.0,24
20,Thomas Partey,1.8499999999999996,7.0,24
23,Leandro Trossard,2.7300000000000004,2.0,24
28,Leon Bailey,3.0300000000000002,1.0,24
29,Ross Barkley,1.0199999999999996,0.0,24
30,Enzo Barrenechea,0.0,0.0,24
31,Emiliano Buendía Stati,0.8900000000000001,0.0,24
33,Leander Dendoncker,0.04999999999999982,0.0,24
34,Moussa Diaby,0.0,0.0,24
37,Lewis Dobbin,0.0,0.0,24
41,Samuel Iling-Junior,0.0,0.0,24
42,Boubacar Kamara,3.1900000000000004,2.0,24
48,John McGinn,1.3099999999999996,1.0,24
53,Jacob Ramsey,1.9800000000000004,1.0,24
54,Morgan Rogers,2.4000000000000004,1.0,24
57,Youri Tielemans,3.38,2.0,24
60,Tyler Adams,4.11,2.0,24
61,Jaidon Anthony,0.009999999999999787,0.0,24
62,David Brooks,3.2800000000000002,2.0,24
63,Ryan Christie,1.8399999999999999,1.0,24
64,Lewis Cook,1.9299999999999997,2.0,24
66,Romain Faivre,0.0,0.0,24
67,Hamed Traorè,0.10999999999999988,0.0,24
71,Justin Kluivert,4.32,2.0,24
74,Dango Ouattara,4.07,2.0,24
76,Philip Billing,0.4700000000000002,0.0,24
77,Alex Scott,0.06999999999999984,0.0,24
78,Antoine Semenyo,3.4800000000000004,2.0,24
80,Luis Sinisterra,0.009999999999999787,0.0,24
83,Marcus Tavernier,1.3399999999999999,1.0,24
87,Ethan Brierley,0.08000000000000007,0.0,24
89,Mikkel Damsgaard,3.66,2.0,24
90,Josh Dasilva,0.0,0.0,24
94,Vitaly Janelt,2.2800000000000002,0.0,24
95,Mathias Jensen,2.0300000000000002,1.0,24
97,Yunus Emre Konak,0.1299999999999999,0.0,24
98,Keane Lewis-Potter,1.6500000000000004,2.0,24
99,Bryan Mbeumo,3.9400000000000004,2.0,24
101,Christian Nørgaard,1.9500000000000002,2.0,24
102,Frank Onyeka,0.009999999999999787,0.0,24
103,Myles Peart-Harris,0.0,0.0,24
106,Kevin Schade,3.96,2.0,24
111,Yehor Yarmoliuk,1.3499999999999996,0.0,24
113,Simon Adingra,0.6000000000000001,1.0,24
114,Benicio Baker-Boaitey,0.0,0.0,24
115,Carlos Baleba,2.41,0.0,24
117,Facundo Buonanotte,1.7400000000000002,0.0,24
118,Amario Cozier-Duberry,0.0,0.0,24
119,Mahmoud Dahoud,0.0,0.0,24
121,Julio Enciso,1.5199999999999996,2.0,24
124,Billy Gilmour,0.0,0.0,24
125,Pascal Groß,0.0,0.0,24
126,Jack Hinshelwood,1.0300000000000002,0.0,24
127,Ibrahim Osman,0.0,0.0,24
130,Kacper Kozłowski,0.0,0.0,24
132,Solly March,0.5899999999999999,0.0,24
133,Adrian Mazilu,0.0,0.0,24
134,James Milner,0.06000000000000005,0.0,24
135,Yankuba Minteh,2.2199999999999998,2.0,24
136,Mitoma Kaoru,2.49,1.0,24
137,Jakub Moder,0.2200000000000002,0.0,24
140,Cameron Peupion,0.0,0.0,24
141,Jeremy Sarmiento Morante,0.0,0.0,24
149,Mats Wieffer,0.45999999999999996,0.0,24
150,Andrey Nascimento dos Santos,0.0,0.0,24
151,Ângelo Gabriel Borges Damaceno,0.0,0.0,24
157,Moisés Caicedo Corozo,2.55,2.0,24
158,Cesare Casadei,0.0,0.0,24
161,Carney Chukwuemeka,0.0,0.0,24
166,Kiernan Dewsbury-Hall,1.2300000000000004,0.0,24
168,Enzo Fernández,3.92,4.0,24
169,Conor Gallagher,0.0,0.0,24
173,Omari Kellyman,0.0,0.0,24
174,Roméo Lavia,0.4900000000000002,0.0,24
177,Noni Madueke,6.32,2.0,24
179,Mykhailo Mudryk,0.2200000000000002,0.0,24
181,Christopher Nkunku,1.4500000000000002,1.0,24
182,Cole Palmer,2.8899999999999997,4.0,24
184,Renato Palma Veiga,0.31999999999999984,0.0,24
186,Raheem Sterling,1.0300000000000002,1.0,24
188,Lesley Ugochukwu,2.21,2.0,24
190,Naouirou Ahamada,0.0,0.0,24
192,Jordan Ayew,1.71,2.0,24
193,Cheick Doucouré,0.5,0.0,24
197,Malcolm Ebiowei,0.0,0.0,24
199,Eberechi Eze,2.09,1.0,24
203,Will Hughes,1.4400000000000004,2.0,24
205,Daichi Kamada,1.3499999999999996,3.0,24
206,Jefferson Lerma Solís,1.9500000000000002,3.0,24
208,Matheus França de Oliveira,0.06000000000000005,0.0,24
212,David Ozoh,0.0,0.0,24
213,Jesurun Rak-Sakyi,0.0,0.0,24
214,Jeffrey Schlupp,0.41999999999999993,0.0,24
216,Adam Wharton,0.08000000000000007,1.0,24
217,Abdoulaye Doucouré,1.75,8.0,24
222,Idrissa Gueye,2.84,3.0,24
223,James Garner,0.3799999999999999,6.0,24
224,Jack Harrison,0.2999999999999998,1.0,24
226,Tim Iroegbunam,0.6600000000000001,1.0,24
230,Dwight McNeil,0.6299999999999999,0.0,24
233,Amadou Onana,1.4299999999999997,1.0,24
239,Adama Traoré,1.6600000000000001,2.0,24
240,Andreas Hoelgebaum Pereira,1.1399999999999997,3.0,24
243,Tom Cairney,1.1100000000000003,0.0,24
246,Luke Harris,0.009999999999999787,0.0,24
247,Alex Iwobi,3.16,2.0,24
249,Saša Lukić,1.8399999999999999,2.0,24
254,Harrison Reed,0.06999999999999984,0.0,24
259,Harry Wilson,2.88,0.0,24
262,Nathan Broadhead,2.46,2.0,24
264,Wes Burns,1.0499999999999998,0.0,24
265,Conor Chaplin,0.5800000000000001,0.0,24
271,Marcus Myers-Harness,0.0,0.0,24
273,Cameron Humphreys,0.0,0.0,24
274,Omari Giraud-Hutchinson,2.6500000000000004,2.0,24
277,Massimo Luongo,0.41000000000000014,0.0,24
278,Sam Morsy,1.5899999999999999,2.0,24
281,Jack Taylor,0.81,1.0,24
285,Boubakary Soumaré,1.9500000000000002,2.0,24
287,Hamza Choudhury,0.5699999999999998,0.0,24
290,Bobby De Cordova-Reid,3.0599999999999996,2.0,24
292,Michael Golding,0.2599999999999998,0.0,24
297,Wanya Marçal-Madivádua,0.0,0.0,24
298,Stephy Mavididi,1.4000000000000004,1.0,24
299,Kasey McAteer,0.6699999999999999,0.0,24
300,Wilfred Ndidi,0.20999999999999996,0.0,24
309,Harry Winks,1.8499999999999996,2.0,24
312,Stefan Bajčetić Maquieira,0.0,0.0,24
314,Fábio Freitas Gouveia Carvalho,0.2200000000000002,1.0,24
315,Bobby Clark,0.0,0.0,24
317,Diogo Teixeira da Silva,2.6900000000000004,0.0,24
318,Ben Doak,0.0,0.0,24
319,Harvey Elliott,1.6500000000000004,0.0,24
320,Endo Wataru,1.2699999999999996,1.0,24
323,Ryan Gravenberch,2.3600000000000003,2.0,24
324,Curtis Jones,1.5099999999999998,4.0,24
327,Luis Díaz,3.2800000000000002,3.0,24
328,Mohamed Salah,6.41,13.0,24
329,Alexis Mac Allister,3.37,2.0,24
330,James McConnell,0.029999999999999805,0.0,24
331,Tyler Morton,0.0,0.0,24
336,Dominik Szoboszlai,4.45,3.0,24
342,Bernardo Veiga de Carvalho e Silva,2.4699999999999998,2.0,24
343,Oscar Bobb,0.0,0.0,24
345,Kevin De Bruyne,3.59,1.0,24
346,Jérémy Doku,3.49,0.0,24
348,Phil Foden,4.52,2.0,24
349,Jack Grealish,0.48,0.0,24
354,Mateo Kovačić,2.9400000000000004,2.0,24
356,Matheus Luiz Nunes,3.54,2.0,24
357,James McAtee,1.9800000000000004,1.0,24
359,Kalvin Phillips,1.8499999999999996,0.0,24
360,Rodrigo 'Rodri' Hernandez,0.009999999999999787,0.0,24
364,Amad Diallo,3.4400000000000004,2.0,24
365,Antony Matheus dos Santos,0.9500000000000002,0.0,24
366,Bruno Borges Fernandes,3.87,1.0,24
368,Carlos Henrique Casimiro,0.1499999999999999,0.0,24
370,Christian Eriksen,0.6200000000000001,1.0,24
372,Alejandro Garnacho,2.51,2.0,24
373,Hannibal Mejbri,0.0,0.0,24
378,Kobbie Mainoo,1.2999999999999998,2.0,24
381,Scott McTominay,0.48,0.0,24
382,Mason Mount,0.31000000000000005,0.0,24
384,Facundo Pellistri Rebollo,0.0,0.0,24
385,Marcus Rashford,1.0,0.0,24
386,Jadon Sancho,2.9699999999999998,1.0,24
391,Miguel Almirón Rejala,1.7400000000000002,0.0,24
392,Harvey Barnes,0.6099999999999999,0.0,24
394,Bruno Guimarães Rodriguez Moura,3.8600000000000003,2.0,24
397,Ryan Fraser,0.43999999999999995,0.0,24
398,Anthony Gordon,2.62,1.0,24
400,Isaac Hayden,0.0,0.0,24
402,Jacob Murphy,2.9000000000000004,7.0,24
403,Joelinton Cássio Apolinário de Lira,2.42,1.0,24
406,Garang Kuol,0.0,0.0,24
410,Sean Longstaff,0.6099999999999999,0.0,24
411,Lewis Miley,1.0599999999999996,1.0,24
417,Sandro Tonali,4.07,1.0,24
419,Joe White,0.0,0.0,24
420,Joe Willock,1.9100000000000001,1.0,24
423,Elliot Anderson,2.04,3.0,24
426,Josh Bowler,0.0,0.0,24
428,Eric da Silva Moreira,0.08000000000000007,0.0,24
429,Danilo dos Santos de Oliveira,0.0,3.0,24
431,Nicolás Domínguez,1.54,1.0,24
432,Anthony Elanga,3.4400000000000004,12.0,24
433,Morgan Gibbs-White,3.71,14.0,24
434,Callum Hudson-Odoi,2.17,0.0,24
435,Alex Mighten,0.0,0.0,24
439,Lewis O'Brien,0.0,0.0,24
442,Ibrahim Sangaré,0.020000000000000018,4.0,24
449,Ryan Yates,1.5300000000000002,0.0,24
450,Carlos Alcaraz Durán,0.009999999999999787,0.0,24
451,Samuel Amo-Ameyaw,0.16000000000000014,0.0,24
452,Joe Aribo,2.08,7.0,24
458,Shea Charles,0.0,0.0,24
459,Samuel Edozie,0.0,0.0,24
462,Kamaldeen Sulemana,1.87,4.0,24
463,Adam Lallana,0.48,1.0,24
471,Will Smallbone,1.0899999999999999,1.0,24
480,Rodrigo Bentancur,1.33,3.0,24
481,Lucas Bergvall,2.91,1.0,24
482,Yves Bissouma,1.0899999999999999,3.0,24
483,Bryan Gil Salvatierra,0.0,0.0,24
485,Alfie Devine,0.0,0.0,24
489,Archie Gray,1.7999999999999998,3.0,24
490,Pierre-Emile Højbjerg,0.0,0.0,24
491,Brennan Johnson,1.3499999999999996,0.0,24
492,Dejan Kulusevski,3.9699999999999998,3.0,24
493,Giovani Lo Celso,0.0,0.0,24
494,James Maddison,1.2999999999999998,0.0,24
499,Pape Matar Sarr,1.7400000000000002,6.0,24
501,Oliver Skipp,1.21,0.0,24
502,Manor Solomon,0.0,0.0,24
503,Son Heung-min,3.05,8.0,24
509,Timo Werner,0.3599999999999999,0.0,24
511,Edson Álvarez Velázquez,2.7699999999999996,0.0,24
514,Jarrod Bowen,1.1900000000000004,7.0,24
515,Maxwel Cornet,0.5099999999999998,0.0,24
518,Flynn Downes,0.6299999999999999,0.0,24
519,George Earthy,0.009999999999999787,0.0,24
525,Mohammed Kudus,2.1399999999999997,2.0,24
526,Luis Guilherme Lira dos Santos,0.8300000000000001,1.0,24
527,Lucas Tolentino Coelho de Lima,2.08,0.0,24
530,Tomáš Souček,2.4699999999999998,2.0,24
531,James Ward-Prowse,0.3999999999999999,0.0,24
534,Boubacar Traoré,0.009999999999999787,0.0,24
535,Jean-Ricner Bellegarde,1.46,8.0,24
537,Francisco Jorge Tomás Oliveira,0.1499999999999999,0.0,24
538,Tawanda Chirewa,0.0,0.0,24
540,Luke Cundle,0.009999999999999787,0.0,24
544,Tommy Doyle,1.0,1.0,24
547,Enso González,0.009999999999999787,0.0,24
548,Gonçalo Manuel Ganchinho Guedes,1.46,3.0,24
550,Hwang Hee-chan,1.4800000000000004,4.0,24
551,Joe Hodge,0.009999999999999787,0.0,24
553,João Victor Gomes da Silva,2.01,0.0,24
557,Mario Lemina,0.16000000000000014,0.0,24
560,Pedro Lomba Neto,0.8700000000000001,6.0,24
562,Daniel Castelo Podence,0.0,0.0,24
563,Rodrigo Martins Gomes,1.3499999999999996,1.0,24
565,Pablo Sarabia,2.21,5.0,24
569,Jaden Philogene,1.62,1.0,24
570,Abdul Fatawu,0.7200000000000002,0.0,24
571,Sávio 'Savinho' Moreira de Oliveira,2.83,5.0,24
576,Andy Irving,1.4500000000000002,1.0,24
577,Jesper Lindstrøm,2.5300000000000002,3.0,24
584,Ben Brereton Díaz,0.1200000000000001,0.0,24
585,Ismaïla Sarr,1.9500000000000002,3.0,24
587,Crysencio Summerville,0.3599999999999999,0.0,24
588,Guido Rodríguez,1.2400000000000002,0.0,24
595,Brajan Gruda,1.83,0.0,24
596,João Pedro Ferreira Silva,2.17,6.0,24
597,Myles Lewis-Skelly,0.7599999999999998,7.0,24
600,Yasin Ayari,1.87,0.0,24
601,Andrew Moran,0.0,0.0,24
602,Ryan Trevitt,0.08000000000000007,0.0,24
603,Harrison Armstrong,0.43000000000000016,0.0,24
604,Josh King,1.12,0.0,24
605,Martial Godo,0.1299999999999999,0.0,24
606,Will Alves,0.009999999999999787,0.0,24
607,Nico O'Reilly,0.5800000000000001,0.0,24
608,Tyler Dibling,0.8700000000000001,0.0,24
610,Mikey Moore,0.8500000000000001,1.0,24
611,Sam Szmodics,0.7000000000000002,0.0,24
612,Wilson Odobert,0.020000000000000018,0.0,24
613,Toby Collyer,0.8700000000000001,0.0,24
614,Jenson Metcalfe,0.0,0.0,24
618,Georginio Rutter,1.0899999999999999,2.0,24
619,Jens Cajuste,0.9300000000000002,2.0,24
620,Ramón Sosa,1.7400000000000002,0.0,24
621,João Félix Sequeira,0.56,0.0,24
622,Sander Berge,1.7000000000000002,2.0,24
623,Mateus Gonçalo Espanha Fernandes,3.08,2.0,24
625,Ilkay Gündogan,2.71,0.0,24
629,Matt O'Riley,0.7400000000000002,1.0,24
631,Jack Clarke,1.42,1.0,24
632,Chiedozie Ogbene,0.06000000000000005,0.0,24
633,Mikel Merino,1.83,1.0,24
634,Gustavo Nunes Fernandes Gomes,0.0,0.0,24
635,Bilal El Khannouss,2.09,2.0,24
636,Federico Chiesa,0.69,0.0,24
638,Salah-Eddine Oulad M'hand,0.0,0.0,24
642,André Trindade da Costa Neto,2.17,3.0,24
644,Franco Umeh-Chibueze,0.009999999999999787,0.0,24
645,Justin Devenny,0.3700000000000001,1.0,24
646,Asher Agbinone,0.1200000000000001,0.0,24
647,Kaden Rodney,0.009999999999999787,0.0,24
651,Orel Mangala,2.88,0.0,24
652,Manuel Ugarte,1.9100000000000001,1.0,24
654,Carlos Soler,1.33,2.0,24
655,Carlos Roberto Forbs Borges,0.79,0.0,24
656,Kadan Young,0.0,0.0,24
659,Ismeal Kabia,0.0,0.0,24
661,Tony Yogane,0.009999999999999787,0.0,24
667,Jack Fletcher,0.023666666666666725,0.0,24
671,Jacob Wright,0.0,0.0,24
673,Jayce Fitzgerald,0.0,0.0,24
674,Paris Maghoma,0.3500000000000001,0.0,24
678,Callum Bates,0.029999999999999805,0.0,24
679,Ben Broggio,0.009999999999999787,0.0,24
682,Tom Edozie,0.06999999999999984,0.0,24
683,Callum Olusesi,0.0,0.0,24
687,Ben Winterburn,0.04999999999999982,0.0,24
688,Treymaurice Nyoni,0.0,0.0,24
689,Luca Williams-Barnett,0.0,0.0,24
693,Joseph O'Brien-Whitmarsh,0.0,0.0,24
694,Henry Cartwright,0.0,0.0,24
695,Samuel Rak-Sakyi,0.0,0.0,24
696,Tyrique George,0.2200000000000002,0.0,24
701,Lewis Orford,1.2300000000000004,1.0,24
710,Jamaldeen Jimoh,0.0,0.0,24
714,Diego Gómez,0.009999999999999787,1.0,24
717,Min-Hyeok Yang,0.0,0.0,24
723,Dominic Sadi,0.0,0.0,24
725,Donyell Malen,0.6299999999999999,1.0,24
728,Zain Silcott-Duberry,0.7400000000000002,0.0,24
729,Damola Ajayi,0.0,0.0,24
730,Romain Esse,2.8099999999999996,0.0,24
734,Albert Grønbæk,0.0,2.0,24
758,Joe Knight,0.0,0.0,24
773,Isaac Heath,0.0,0.0,24
1,Fábio Ferreira Vieira,0.0,0.0,25
7,Jorge Luiz Frello Filho,0.7200000000000002,0.0,25
9,Gabriel Martinelli Silva,3.24,0.0,25
10,Reiss Nelson,0.06000000000000005,0.0,25
12,Ethan Nwaneri,2.17,6.0,25
13,Martin Ødegaard,3.46,3.0,25
16,Declan Rice,4.43,3.0,25
17,Bukayo Saka,1.12,0.0,25
19,Emile Smith Rowe,2.01,7.0,25
20,Thomas Partey,2.96,3.0,25
23,Leandro Trossard,3.7,6.0,25
28,Leon Bailey,2.92,0.0,25
29,Ross Barkley,0.73,0.0,25
30,Enzo Barrenechea,0.0,0.0,25
31,Emiliano Buendía Stati,0.4700000000000002,0.0,25
33,Leander Dendoncker,0.0,0.0,25
34,Moussa Diaby,0.0,0.0,25
37,Lewis Dobbin,0.0,0.0,25
41,Samuel Iling-Junior,0.0,0.0,25
42,Boubacar Kamara,2.24,1.0,25
48,John McGinn,2.0300000000000002,2.0,25
53,Jacob Ramsey,1.71,1.0,25
54,Morgan Rogers,2.5999999999999996,2.0,25
57,Youri Tielemans,2.3099999999999996,2.0,25
60,Tyler Adams,2.8200000000000003,2.0,25
61,Jaidon Anthony,0.009999999999999787,0.0,25
62,David Brooks,3.2800000000000002,3.0,25
63,Ryan Christie,2.88,10.0,25
64,Lewis Cook,2.4699999999999998,1.0,25
66,Romain Faivre,0.0,0.0,25
67,Hamed Traorè,0.0,0.0,25
71,Justin Kluivert,4.69,5.0,25
74,Dango Ouattara,6.789999999999999,7.0,25
76,Philip Billing,0.52,0.0,25
77,Alex Scott,0.029999999999999805,1.0,25
78,Antoine Semenyo,4.97,4.0,25
80,Luis Sinisterra,0.020000000000000018,1.0,25
83,Marcus Tavernier,1.8200000000000003,5.0,25
87,Ethan Brierley,0.0,0.0,25
89,Mikkel Damsgaard,3.2800000000000002,2.0,25
90,Josh Dasilva,0.0,0.0,25
94,Vitaly Janelt,1.7699999999999996,3.0,25
95,Mathias Jensen,1.4100000000000001,1.0,25
97,Yunus Emre Konak,0.04999999999999982,0.0,25
98,Keane Lewis-Potter,2.1399999999999997,3.0,25
99,Bryan Mbeumo,3.34,3.0,25
101,Christian Nørgaard,1.9699999999999998,3.0,25
102,Frank Onyeka,0.0,0.0,25
103,Myles Peart-Harris,0.0,0.0,25
106,Kevin Schade,3.2699999999999996,8.0,25
111,Yehor Yarmoliuk,0.8500000000000001,1.0,25
113,Simon Adingra,1.0700000000000003,1.0,25
114,Benicio Baker-Boaitey,0.0,0.0,25
115,Carlos Baleba,1.54,3.0,25
117,Facundo Buonanotte,1.83,1.0,25
118,Amario Cozier-Duberry,0.029999999999999805,0.0,25
119,Mahmoud Dahoud,0.0,0.0,25
121,Julio Enciso,1.88,1.0,25
124,Billy Gilmour,0.0,0.0,25
125,Pascal Groß,0.0,0.0,25
126,Jack Hinshelwood,1.2699999999999996,3.0,25
127,Ibrahim Osman,0.0,0.0,25
130,Kacper Kozłowski,0.0,0.0,25
132,Solly March,0.22999999999999998,0.0,25
133,Adrian Mazilu,0.0,0.0,25
134,James Milner,0.0,0.0,25
135,Yankuba Minteh,2.8,12.0,25
136,Mitoma Kaoru,1.7800000000000002,8.0,25
137,Jakub Moder,0.6000000000000001,0.0,25
140,Cameron Peupion,0.0,0.0,25
141,Jeremy Sarmiento Morante,0.009999999999999787,0.0,25
149,Mats Wieffer,0.10999999999999988,0.0,25
150,Andrey Nascimento dos Santos,0.0,0.0,25
151,Ângelo Gabriel Borges Damaceno,0.040000000000000036,0.0,25
157,Moisés Caicedo Corozo,2.05,1.0,25
158,Cesare Casadei,0.029999999999999805,0.0,25
161,Carney Chukwuemeka,0.16000000000000014,0.0,25
166,Kiernan Dewsbury-Hall,0.5,1.0,25
168,Enzo Fernández,2.2300000000000004,1.0,25
169,Conor Gallagher,0.0,0.0,25
173,Omari Kellyman,0.04999999999999982,0.0,25
174,Roméo Lavia,0.1499999999999999,0.0,25
177,Noni Madueke,4.72,1.0,25
179,Mykhailo Mudryk,0.5499999999999998,0.0,25
181,Christopher Nkunku,0.9300000000000002,2.0,25
182,Cole Palmer,2.63,2.0,25
184,Renato Palma Veiga,0.31999999999999984,0.0,25
186,Raheem Sterling,1.3600000000000003,3.0,25
188,Lesley Ugochukwu,2.2199999999999998,1.0,25
190,Naouirou Ahamada,0.0,0.0,25
192,Jordan Ayew,2.0300000000000002,2.0,25
193,Cheick Doucouré,0.2799999999999998,0.0,25
197,Malcolm Ebiowei,0.0,0.0,25
199,Eberechi Eze,2.84,1.0,25
203,Will Hughes,1.7800000000000002,2.0,25
205,Daichi Kamada,2.01,1.0,25
206,Jefferson Lerma Solís,2.79,1.0,25
208,Matheus França de Oliveira,0.0,0.0,25
212,David Ozoh,0.0,0.0,25
213,Jesurun Rak-Sakyi,0.0,0.0,25
214,Jeffrey Schlupp,0.7200000000000002,0.0,25
216,Adam Wharton,0.77,1.0,25
217,Abdoulaye Doucouré,2.4299999999999997,0.0,25
222,Idrissa Gueye,1.9800000000000004,2.0,25
223,James Garner,2.7,1.0,25
224,Jack Harrison,0.8199999999999998,2.0,25
226,Tim Iroegbunam,1.0599999999999996,1.0,25
230,Dwight McNeil,0.08999999999999986,0.0,25
233,Amadou Onana,1.4800000000000004,0.0,25
239,Adama Traoré,1.5300000000000002,5.0,25
240,Andreas Hoelgebaum Pereira,1.3200000000000003,1.0,25
243,Tom Cairney,0.9500000000000002,0.0,25
246,Luke Harris,0.0,0.0,25
247,Alex Iwobi,3.1399999999999997,2.0,25
249,Saša Lukić,2.12,2.0,25
254,Harrison Reed,0.040000000000000036,1.0,25
259,Harry Wilson,1.83,0.0,25
262,Nathan Broadhead,2.12,0.0,25
264,Wes Burns,0.8199999999999998,0.0,25
265,Conor Chaplin,0.1200000000000001,0.0,25
271,Marcus Myers-Harness,0.0,0.0,25
273,Cameron Humphreys,0.0,0.0,25
274,Omari Giraud-Hutchinson,2.54,4.0,25
277,Massimo Luongo,0.3700000000000001,1.0,25
278,Sam Morsy,1.6799999999999997,0.0,25
281,Jack Taylor,1.29,1.0,25
285,Boubakary Soumaré,2.2699999999999996,2.0,25
287,Hamza Choudhury,0.6499999999999999,0.0,25
290,Bobby De Cordova-Reid,1.7400000000000002,2.0,25
292,Michael Golding,0.0,0.0,25
297,Wanya Marçal-Madivádua,0.0,0.0,25
298,Stephy Mavididi,1.21,1.0,25
299,Kasey McAteer,0.48,0.0,25
300,Wilfred Ndidi,0.18999999999999995,2.0,25
309,Harry Winks,1.5899999999999999,0.0,25
312,Stefan Bajčetić Maquieira,0.0,0.0,25
314,Fábio Freitas Gouveia Carvalho,1.0300000000000002,1.0,25
315,Bobby Clark,0.0,0.0,25
317,Diogo Teixeira da Silva,1.7400000000000002,3.0,25
318,Ben Doak,0.0,0.0,25
319,Harvey Elliott,0.94,0.0,25
320,Endo Wataru,0.5800000000000001,1.0,25
323,Ryan Gravenberch,3.3499999999999996,2.0,25
324,Curtis Jones,3.58,0.0,25
327,Luis Díaz,5.130000000000001,10.0,25
328,Mohamed Salah,7.41,7.0,25
329,Alexis Mac Allister,5.800000000000001,2.0,25
330,James McConnell,0.009999999999999787,0.0,25
331,Tyler Morton,0.0,0.0,25
336,Dominik Szoboszlai,3.1799999999999997,2.0,25
342,Bernardo Veiga de Carvalho e Silva,2.0199999999999996,0.0,25
343,Oscar Bobb,0.0,0.0,25
345,Kevin De Bruyne,2.87,0.0,25
346,Jérémy Doku,1.46,1.0,25
348,Phil Foden,3.67,3.0,25
349,Jack Grealish,0.3799999999999999,0.0,25
354,Mateo Kovačić,3.59,1.0,25
356,Matheus Luiz Nunes,2.84,1.0,25
357,James McAtee,2.0599999999999996,6.0,25
359,Kalvin Phillips,1.17,1.0,25
360,Rodrigo 'Rodri' Hernandez,0.3999999999999999,0.0,25
364,Amad Diallo,3.8499999999999996,0.0,25
365,Antony Matheus dos Santos,0.5899999999999999,0.0,25
366,Bruno Borges Fernandes,2.63,2.0,25
368,Carlos Henrique Casimiro,0.16000000000000014,1.0,25
370,Christian Eriksen,1.2599999999999998,0.0,25
372,Alejandro Garnacho,2.26,2.0,25
373,Hannibal Mejbri,0.0,0.0,25
378,Kobbie Mainoo,1.3899999999999997,0.0,25
381,Scott McTominay,0.06000000000000005,0.0,25
382,Mason Mount,0.22999999999999998,0.0,25
384,Facundo Pellistri Rebollo,0.0,0.0,25
385,Marcus Rashford,0.69,4.0,25
386,Jadon Sancho,2.76,2.0,25
391,Miguel Almirón Rejala,0.8700000000000001,0.0,25
392,Harvey Barnes,0.6000000000000001,0.0,25
394,Bruno Guimarães Rodriguez Moura,3.3499999999999996,1.0,25
397,Ryan Fraser,0.3500000000000001,0.0,25
398,Anthony Gordon,3.2300000000000004,2.0,25
400,Isaac Hayden,0.0,0.0,25
402,Jacob Murphy,4.08,2.0,25
403,Joelinton Cássio Apolinário de Lira,1.7599999999999998,0.0,25
406,Garang Kuol,0.0,0.0,25
410,Sean Longstaff,0.69,1.0,25
411,Lewis Miley,0.6099999999999999,1.0,25
417,Sandro Tonali,1.96,2.0,25
419,Joe White,0.0,0.0,25
420,Joe Willock,1.4100000000000001,1.0,25
423,Elliot Anderson,2.3,2.0,25
426,Josh Bowler,0.0,0.0,25
428,Eric da Silva Moreira,0.009999999999999787,0.0,25
429,Danilo dos Santos de Oliveira,1.8899999999999997,2.0,25
431,Nicolás Domínguez,1.5199999999999996,0.0,25
432,Anthony Elanga,3.13,2.0,25
433,Morgan Gibbs-White,4.18,5.0,25
434,Callum Hudson-Odoi,0.8399999999999999,1.0,25
435,Alex Mighten,0.0,0.0,25
439,Lewis O'Brien,0.009999999999999787,0.0,25
442,Ibrahim Sangaré,0.5899999999999999,1.0,25
449,Ryan Yates,0.8599999999999999,0.0,25
450,Carlos Alcaraz Durán,0.0,10.0,25
451,Samuel Amo-Ameyaw,0.04999999999999982,0.0,25
452,Joe Aribo,2.42,2.0,25
458,Shea Charles,0.10000000000000009,0.0,25
459,Samuel Edozie,0.0,0.0,25
462,Kamaldeen Sulemana,1.5999999999999996,7.0,25
463,Adam Lallana,1.0199999999999996,0.0,25
471,Will Smallbone,0.8300000000000001,0.0,25
480,Rodrigo Bentancur,3.4400000000000004,3.0,25
481,Lucas Bergvall,2.09,6.0,25
482,Yves Bissouma,2.87,1.0,25
483,Bryan Gil Salvatierra,0.0,0.0,25
485,Alfie Devine,0.04999999999999982,0.0,25
489,Archie Gray,2.1900000000000004,1.0,25
490,Pierre-Emile Højbjerg,0.0,0.0,25
491,Brennan Johnson,0.41999999999999993,1.0,25
492,Dejan Kulusevski,2.9400000000000004,3.0,25
493,Giovani Lo Celso,0.0,0.0,25
494,James Maddison,1.12,8.0,25
499,Pape Matar Sarr,2.67,1.0,25
501,Oliver Skipp,1.04,0.0,25
502,Manor Solomon,0.0,0.0,25
503,Son Heung-min,3.29,3.0,25
509,Timo Werner,0.43999999999999995,0.0,25
511,Edson Álvarez Velázquez,1.6900000000000004,2.0,25
514,Jarrod Bowen,4.41,2.0,25
515,Maxwel Cornet,0.31000000000000005,0.0,25
518,Flynn Downes,0.16000000000000014,0.0,25
519,George Earthy,0.0,0.0,25
525,Mohammed Kudus,1.8399999999999999,2.0,25
526,Luis Guilherme Lira dos Santos,1.7999999999999998,1.0,25
527,Lucas Tolentino Coelho de Lima,1.4500000000000002,2.0,25
530,Tomáš Souček,2.8499999999999996,0.0,25
531,James Ward-Prowse,0.3799999999999999,1.0,25
534,Boubacar Traoré,0.0,0.0,25
535,Jean-Ricner Bellegarde,1.4000000000000004,4.0,25
537,Francisco Jorge Tomás Oliveira,0.10000000000000009,0.0,25
538,Tawanda Chirewa,0.0,0.0,25
540,Luke Cundle,0.0,0.0,25
544,Tommy Doyle,1.33,1.0,25
547,Enso González,0.0,0.0,25
548,Gonçalo Manuel Ganchinho Guedes,2.1100000000000003,1.0,25
550,Hwang Hee-chan,1.6500000000000004,0.0,25
551,Joe Hodge,0.06000000000000005,0.0,25
553,João Victor Gomes da Silva,1.7999999999999998,2.0,25
557,Mario Lemina,0.2999999999999998,0.0,25
560,Pedro Lomba Neto,1.87,2.0,25
562,Daniel Castelo Podence,0.0,0.0,25
563,Rodrigo Martins Gomes,1.2999999999999998,0.0,25
565,Pablo Sarabia,2.3499999999999996,1.0,25
569,Jaden Philogene,1.4299999999999997,0.0,25
570,Abdul Fatawu,0.06999999999999984,0.0,25
571,Sávio 'Savinho' Moreira de Oliveira,4.27,6.0,25
576,Andy Irving,3.4299999999999997,0.0,25
577,Jesper Lindstrøm,2.3,2.0,25
584,Ben Brereton Díaz,0.06000000000000005,0.0,25
585,Ismaïla Sarr,2.67,2.0,25
587,Crysencio Summerville,0.25,0.0,25
588,Guido Rodríguez,0.41999999999999993,0.0,25
595,Brajan Gruda,1.38,0.0,25
596,João Pedro Ferreira Silva,1.3200000000000003,1.0,25
597,Myles Lewis-Skelly,2.45,3.0,25
600,Yasin Ayari,1.58,1.0,25
601,Andrew Moran,0.009999999999999787,0.0,25
602,Ryan Trevitt,0.06999999999999984,0.0,25
603,Harrison Armstrong,0.2599999999999998,0.0,25
604,Josh King,0.25,0.0,25
605,Martial Godo,0.04999999999999982,0.0,25
606,Will Alves,0.0,0.0,25
607,Nico O'Reilly,0.5299999999999998,1.0,25
608,Tyler Dibling,0.41000000000000014,1.0,25
610,Mikey Moore,1.0099999999999998,0.0,25
611,Sam Szmodics,0.5899999999999999,0.0,25
612,Wilson Odobert,0.0,1.0,25
613,Toby Collyer,0.9300000000000002,0.0,25
614,Jenson Metcalfe,0.0,0.0,25
618,Georginio Rutter,2.24,3.0,25
619,Jens Cajuste,1.6100000000000003,2.0,25
620,Ramón Sosa,0.9700000000000002,0.0,25
621,João Félix Sequeira,0.3900000000000001,0.0,25
622,Sander Berge,1.5,2.0,25
623,Mateus Gonçalo Espanha Fernandes,2.21,2.0,25
625,Ilkay Gündogan,1.0599999999999996,6.0,25
629,Matt O'Riley,1.3499999999999996,1.0,25
631,Jack Clarke,0.8199999999999998,1.0,25
632,Chiedozie Ogbene,0.0,0.0,25
633,Mikel Merino,1.5499999999999998,11.0,25
634,Gustavo Nunes Fernandes Gomes,0.0,0.0,25
635,Bilal El Khannouss,1.63,1.0,25
636,Federico Chiesa,0.4700000000000002,0.0,25
638,Salah-Eddine Oulad M'hand,0.0,0.0,25
642,André Trindade da Costa Neto,2.01,2.0,25
644,Franco Umeh-Chibueze,0.0,0.0,25
645,Justin Devenny,0.6600000000000001,1.0,25
646,Asher Agbinone,0.27,0.0,25
647,Kaden Rodney,0.0,0.0,25
651,Orel Mangala,1.5599999999999996,0.0,25
652,Manuel Ugarte,2.04,0.0,25
654,Carlos Soler,1.4699999999999998,1.0,25
655,Carlos Roberto Forbs Borges,0.41000000000000014,0.0,25
656,Kadan Young,0.20000000000000018,0.0,25
659,Ismeal Kabia,0.0,0.0,25
661,Tony Yogane,0.06000000000000005,0.0,25
667,Jack Fletcher,0.3433333333333337,0.0,25
671,Jacob Wright,0.009999999999999787,0.0,25
673,Jayce Fitzgerald,0.0,0.0,25
674,Paris Maghoma,0.29000000000000004,0.0,25
678,Callum Bates,0.0,0.0,25
679,Ben Broggio,0.0,0.0,25
682,Tom Edozie,0.0,0.0,25
683,Callum Olusesi,0.0,0.0,25
687,Ben Winterburn,0.20000000000000018,0.0,25
688,Treymaurice Nyoni,0.0,0.0,25
689,Luca Williams-Barnett,0.0,0.0,25
693,Joseph O'Brien-Whitmarsh,0.0,0.0,25
694,Henry Cartwright,0.0,0.0,25
695,Samuel Rak-Sakyi,0.020000000000000018,0.0,25
696,Tyrique George,0.6200000000000001,1.0,25
701,Lewis Orford,1.4400000000000004,0.0,25
710,Jamaldeen Jimoh,0.0,0.0,25
714,Diego Gómez,0.7999999999999998,1.0,25
717,Min-Hyeok Yang,0.0,0.0,25
723,Dominic Sadi,0.0,0.0,25
725,Donyell Malen,1.4299999999999997,2.0,25
728,Zain Silcott-Duberry,0.9700000000000002,0.0,25
729,Damola Ajayi,0.0,0.0,25
730,Romain Esse,3.0,0.0,25
734,Albert Grønbæk,1.6399999999999997,0.0,25
758,Joe Knight,0.0,0.0,25
762,Marco Asensio,0.16999999999999993,1.0,25
765,Nico González,0.0,3.0,25
768,Mathys Tel,0.0,3.0,25
770,Marshall Munetsi,0.0,1.0,25
771,Mathis Amougou,0.0,0.0,25
772,Willian Borges da Silva,0.0,1.0,25
773,Isaac Heath,0.009999999999999787,0.0,25
775,Coby Ebere,0.029999999999999805,0.0,25
778,Jack Moorhouse,0.0,0.0,25
779,Sékou Koné,0.0,0.0,25
1,Fábio Ferreira Vieira,0.0749728987642233,0.0,26
7,Jorge Luiz Frello Filho,0.8552142361762836,0.0,26
9,Gabriel Martinelli Silva,2.7662770158606556,0.0,26
10,Reiss Nelson,0.10683846271499942,0.0,26
12,Ethan Nwaneri,2.658482967778389,2.0,26
13,Martin Ødegaard,3.810701172010921,2.0,26
16,Declan Rice,3.715868686139312,1.0,26
17,Bukayo Saka,0.8442642778630409,0.0,26
19,Emile Smith Rowe,3.482968221134949,1.0,26
20,Thomas Partey,2.7611019471757565,1.0,26
23,Leandro Trossard,3.728682763796213,2.0,26
28,Leon Bailey,1.2208612457962618,1.0,26
29,Ross Barkley,0.25763827993582744,0.0,26
30,Enzo Barrenechea,0.0645652984901286,0.0,26
31,Emiliano Buendía Stati,0.384390743911629,0.0,26
33,Leander Dendoncker,0.07749933705909617,0.0,26
34,Moussa Diaby,0.0645652984901286,0.0,26
37,Lewis Dobbin,0.0645652984901286,0.0,26
41,Samuel Iling-Junior,0.0645652984901286,0.0,26
42,Boubacar Kamara,1.7309356381521894,0.0,26
48,John McGinn,1.763878815860437,1.0,26
53,Jacob Ramsey,1.383564919089558,1.0,26
54,Morgan Rogers,4.52705616637865,2.0,26
57,Youri Tielemans,3.0982659652641287,2.0,26
60,Tyler Adams,2.169560696713684,1.0,26
61,Jaidon Anthony,0.08051282276627525,0.0,26
62,David Brooks,2.449526728132378,1.0,26
63,Ryan Christie,3.8308033025336403,1.0,26
64,Lewis Cook,2.3487881406155875,2.0,26
66,Romain Faivre,0.07008110643690824,0.0,26
67,Hamed Traorè,0.07080179863363156,0.0,26
71,Justin Kluivert,6.460967300608358,2.0,26
74,Dango Ouattara,7.2834108644191655,2.0,26
76,Philip Billing,0.36583766884479685,0.0,26
77,Alex Scott,0.6286034706800967,0.0,26
78,Antoine Semenyo,5.266693710408118,2.0,26
80,Luis Sinisterra,0.7226115362406897,0.0,26
83,Marcus Tavernier,2.2143125779807686,2.0,26
87,Ethan Brierley,0.0865886153747093,0.0,26
89,Mikkel Damsgaard,2.7851362829271276,9.0,26
90,Josh Dasilva,0.06922826017133632,0.0,26
94,Vitaly Janelt,1.8867649643317002,3.0,26
95,Mathias Jensen,1.5606752002011444,0.0,26
97,Yunus Emre Konak,0.11026017288840073,1.0,26
98,Keane Lewis-Potter,3.104974003659394,3.0,26
99,Bryan Mbeumo,5.940396138514046,11.0,26
101,Christian Nørgaard,2.143235666272214,6.0,26
102,Frank Onyeka,0.07184908321345018,0.0,26
103,Myles Peart-Harris,0.06922826017133632,0.0,26
106,Kevin Schade,4.209811909960852,3.0,26
111,Yehor Yarmoliuk,1.2557810578462867,1.0,26
113,Simon Adingra,0.6763868808189573,1.0,26
114,Benicio Baker-Boaitey,0.07110339578098746,0.0,26
115,Carlos Baleba,1.9594570645631748,3.0,26
117,Facundo Buonanotte,1.3250086902920728,0.0,26
118,Amario Cozier-Duberry,0.07147449380961746,0.0,26
119,Mahmoud Dahoud,0.07110339578098746,0.0,26
121,Julio Enciso,1.5424051884351888,0.0,26
124,Billy Gilmour,0.0786412949886186,0.0,26
125,Pascal Groß,0.07110339578098746,0.0,26
126,Jack Hinshelwood,1.08028367518485,8.0,26
127,Ibrahim Osman,0.07110339578098746,0.0,26
130,Kacper Kozłowski,0.07110339578098746,0.0,26
132,Solly March,0.2951750895173033,0.0,26
133,Adrian Mazilu,0.07110339578098746,0.0,26
134,James Milner,0.15892432569976522,0.0,26
135,Yankuba Minteh,4.813758817494904,6.0,26
136,Mitoma Kaoru,2.989808604852998,8.0,26
137,Jakub Moder,0.4427788403678612,0.0,26
140,Cameron Peupion,0.08846375098436043,0.0,26
141,Jeremy Sarmiento Morante,0.07110339578098746,0.0,26
149,Mats Wieffer,0.28629186741093937,1.0,26
150,Andrey Nascimento dos Santos,0.06794142764574529,0.0,26
151,Ângelo Gabriel Borges Damaceno,0.0783731439751123,0.0,26
157,Moisés Caicedo Corozo,1.8883306230536983,1.0,26
158,Cesare Casadei,0.08677136237863614,0.0,26
161,Carney Chukwuemeka,0.08008732817108033,0.0,26
166,Kiernan Dewsbury-Hall,0.5138079566660032,0.0,26
168,Enzo Fernández,2.27142376364214,6.0,26
169,Conor Gallagher,0.06866211984246862,0.0,26
173,Omari Kellyman,0.08731956599747592,0.0,26
174,Roméo Lavia,0.22237001790157684,0.0,26
177,Noni Madueke,4.760306475700895,0.0,26
179,Mykhailo Mudryk,0.10666178053122088,0.0,26
181,Christopher Nkunku,1.484891992067543,1.0,26
182,Cole Palmer,2.813991021719503,2.0,26
184,Renato Palma Veiga,0.13154594613750037,0.0,26
186,Raheem Sterling,1.7981947147825208,1.0,26
188,Lesley Ugochukwu,1.4851741844656017,1.0,26
190,Naouirou Ahamada,0.07499701481949561,0.0,26
192,Jordan Ayew,2.140001968266006,1.0,26
193,Cheick Doucouré,0.3118849884219208,0.0,26
197,Malcolm Ebiowei,0.0645652984901286,0.0,26
199,Eberechi Eze,2.905216900368262,3.0,26
203,Will Hughes,1.8343755148478769,5.0,26
205,Daichi Kamada,1.2180189286848888,1.0,26
206,Jefferson Lerma Solís,1.7958603548912366,3.0,26
208,Matheus França de Oliveira,0.08339523322301945,0.0,26
212,David Ozoh,0.0645652984901286,0.0,26
213,Jesurun Rak-Sakyi,0.0645652984901286,0.0,26
214,Jeffrey Schlupp,0.2759475729106158,0.0,26
216,Adam Wharton,1.2949020836915635,1.0,26
217,Abdoulaye Doucouré,1.7385076515709672,10.0,26
222,Idrissa Gueye,1.6019515609254,1.0,26
223,James Garner,2.0848394392781335,1.0,26
224,Jack Harrison,1.3818219604934097,5.0,26
226,Tim Iroegbunam,0.8618111494141121,1.0,26
230,Dwight McNeil,0.15517598781587605,0.0,26
233,Amadou Onana,0.5724940993468843,0.0,26
239,Adama Traoré,2.5747962136956417,2.0,26
240,Andreas Hoelgebaum Pereira,0.9382341435879122,1.0,26
243,Tom Cairney,0.8227547640034807,1.0,26
246,Luke Harris,0.06794142764574529,0.0,26
247,Alex Iwobi,3.392853966111903,2.0,26
249,Saša Lukić,3.526619815516108,2.0,26
254,Harrison Reed,0.9171679927084204,0.0,26
259,Harry Wilson,1.6818910418652555,0.0,26
262,Nathan Broadhead,1.522094968605515,1.0,26
264,Wes Burns,0.36391901994355,0.0,26
265,Conor Chaplin,0.1717706054721999,0.0,26
271,Marcus Myers-Harness,0.0645652984901286,0.0,26
273,Cameron Humphreys,0.0645652984901286,0.0,26
274,Omari Giraud-Hutchinson,2.492727025294019,7.0,26
277,Massimo Luongo,0.4208512864802407,0.0,26
278,Sam Morsy,1.1016462048528295,1.0,26
281,Jack Taylor,0.6981601138861429,1.0,26
285,Boubakary Soumaré,1.75881705698706,2.0,26
287,Hamza Choudhury,0.16200393038088068,0.0,26
290,Bobby De Cordova-Reid,1.7626876512713032,0.0,26
292,Michael Golding,0.08203962920517283,0.0,26
297,Wanya Marçal-Madivádua,0.0645652984901286,0.0,26
298,Stephy Mavididi,1.5549330473004561,1.0,26
299,Kasey McAteer,0.3298395731009469,0.0,26
300,Wilfred Ndidi,1.3509530599073463,2.0,26
309,Harry Winks,1.2113195887810795,0.0,26
312,Stefan Bajčetić Maquieira,0.0645652984901286,0.0,26
314,Fábio Freitas Gouveia Carvalho,1.1383321188167477,6.0,26
315,Bobby Clark,0.0645652984901286,0.0,26
317,Diogo Teixeira da Silva,1.843230365361304,0.0,26
318,Ben Doak,0.0645652984901286,0.0,26
319,Harvey Elliott,0.5261314034021121,1.0,26
320,Endo Wataru,0.4138485911801393,1.0,26
323,Ryan Gravenberch,1.8746420095794392,3.0,26
324,Curtis Jones,1.3177046965277626,3.0,26
327,Luis Díaz,3.8694058078534646,3.0,26
328,Mohamed Salah,5.626259944920854,11.0,26
329,Alexis Mac Allister,2.8867355637137546,3.0,26
330,James McConnell,0.07749933705909617,0.0,26
331,Tyler Morton,0.08192565369350158,0.0,26
336,Dominik Szoboszlai,3.2613287196488505,11.0,26
342,Bernardo Veiga de Carvalho e Silva,1.027245382187222,0.0,26
343,Oscar Bobb,0.07749933705909617,0.0,26
345,Kevin De Bruyne,1.5237056442473893,2.0,26
346,Jérémy Doku,1.1693857293756151,2.0,26
348,Phil Foden,3.9666250439338953,2.0,26
349,Jack Grealish,0.299100895106867,0.0,26
354,Mateo Kovačić,1.9101248420141195,1.0,26
356,Matheus Luiz Nunes,1.4751976581107353,0.0,26
357,James McAtee,1.48763996285847,1.0,26
359,Kalvin Phillips,1.5424770099156309,2.0,26
360,Rodrigo 'Rodri' Hernandez,0.1275826213779636,0.0,26
364,Amad Diallo,3.421671464304783,0.0,26
365,Antony Matheus dos Santos,0.8369279974586252,0.0,26
366,Bruno Borges Fernandes,3.904690605404496,7.0,26
368,Carlos Henrique Casimiro,2.232099578361969,2.0,26
370,Christian Eriksen,0.6567991842394085,0.0,26
372,Alejandro Garnacho,3.1421191427249564,1.0,26
373,Hannibal Mejbri,0.07035964200038247,0.0,26
378,Kobbie Mainoo,1.2602196393153564,0.0,26
381,Scott McTominay,0.08855495318681195,0.0,26
382,Mason Mount,0.1491689026442029,0.0,26
384,Facundo Pellistri Rebollo,0.06922826017133632,0.0,26
385,Marcus Rashford,1.941474233368493,7.0,26
386,Jadon Sancho,2.217745316043551,1.0,26
391,Miguel Almirón Rejala,0.5109398650100871,0.0,26
392,Harvey Barnes,0.29722336125680693,1.0,26
394,Bruno Guimarães Rodriguez Moura,3.082474335915463,2.0,26
397,Ryan Fraser,0.3305599942614168,0.0,26
398,Anthony Gordon,3.907063279389255,2.0,26
400,Isaac Hayden,0.08186899404663395,0.0,26
402,Jacob Murphy,3.73342642084262,7.0,26
403,Joelinton Cássio Apolinário de Lira,2.15661095741703,0.0,26
406,Garang Kuol,0.08530178284911827,0.0,26
410,Sean Longstaff,1.003440630030016,0.0,26
411,Lewis Miley,1.6818276305974882,7.0,26
417,Sandro Tonali,2.521959235750196,1.0,26
419,Joe White,0.0783731439751123,0.0,26
420,Joe Willock,1.8789704125876323,5.0,26
423,Elliot Anderson,1.7678162349479019,1.0,26
426,Josh Bowler,0.0645652984901286,0.0,26
428,Eric da Silva Moreira,0.09310896441303562,0.0,26
429,Danilo dos Santos de Oliveira,1.2039222372607377,0.0,26
431,Nicolás Domínguez,1.4115097665641736,1.0,26
432,Anthony Elanga,3.0595287409976075,2.0,26
433,Morgan Gibbs-White,3.163717768960028,5.0,26
434,Callum Hudson-Odoi,1.4904017369275522,7.0,26
435,Alex Mighten,0.0645652984901286,0.0,26
439,Lewis O'Brien,0.0645652984901286,0.0,26
442,Ibrahim Sangaré,0.8729001365922588,1.0,26
449,Ryan Yates,0.6859806544792275,5.0,26
450,Carlos Alcaraz Durán,2.9661277733036018,1.0,26
451,Samuel Amo-Ameyaw,0.19013166926408642,0.0,26
452,Joe Aribo,1.893170958651325,2.0,26
458,Shea Charles,0.0645652984901286,0.0,26
459,Samuel Edozie,0.10952010871050577,0.0,26
462,Kamaldeen Sulemana,1.79686277817002,2.0,26
463,Adam Lallana,0.5828279717862457,0.0,26
471,Will Smallbone,1.2352460034361714,1.0,26
480,Rodrigo Bentancur,2.356561630491858,2.0,26
481,Lucas Bergvall,3.017120798157676,2.0,26
482,Yves Bissouma,2.3353536502044925,1.0,26
483,Bryan Gil Salvatierra,0.0657705259539414,0.0,26
485,Alfie Devine,0.06649121815066472,0.0,26
489,Archie Gray,1.4530780363613047,2.0,26
490,Pierre-Emile Højbjerg,0.0657705259539414,0.0,26
491,Brennan Johnson,1.0100571879043105,11.0,26
492,Dejan Kulusevski,3.9239068328947253,7.0,26
493,Giovani Lo Celso,0.0657705259539414,0.0,26
494,James Maddison,3.553385779082662,4.0,26
499,Pape Matar Sarr,3.486240169322244,0.0,26
501,Oliver Skipp,0.85867851822346,1.0,26
502,Manor Solomon,0.0657705259539414,0.0,26
503,Son Heung-min,3.9441943362585707,8.0,26
509,Timo Werner,0.33203862559366426,0.0,26
511,Edson Álvarez Velázquez,1.5285881304539064,3.0,26
514,Jarrod Bowen,1.9895111583325056,8.0,26
515,Maxwel Cornet,0.10592999647522872,0.0,26
518,Flynn Downes,0.35630578846464633,0.0,26
519,George Earthy,0.0645652984901286,0.0,26
525,Mohammed Kudus,1.760952168125331,3.0,26
526,Luis Guilherme Lira dos Santos,0.6580961665116654,0.0,26
527,Lucas Tolentino Coelho de Lima,1.8345495313123807,0.0,26
530,Tomáš Souček,1.2293560433319763,3.0,26
531,James Ward-Prowse,0.7578478595678471,2.0,26
534,Boubacar Traoré,0.06537751980033946,0.0,26
535,Jean-Ricner Bellegarde,1.5528958735046077,3.0,26
537,Francisco Jorge Tomás Oliveira,0.12981734963291736,0.0,26
538,Tawanda Chirewa,0.06537751980033946,0.0,26
540,Luke Cundle,0.08192565369350158,0.0,26
544,Tommy Doyle,0.7160405145469895,1.0,26
547,Enso González,0.07849286489101726,0.0,26
548,Gonçalo Manuel Ganchinho Guedes,1.6660813612491205,0.0,26
550,Hwang Hee-chan,0.9532774331466527,0.0,26
551,Joe Hodge,0.07749933705909617,0.0,26
553,João Victor Gomes da Silva,1.7984365941429248,0.0,26
557,Mario Lemina,0.2732941519311054,0.0,26
560,Pedro Lomba Neto,2.0846363581167786,5.0,26
562,Daniel Castelo Podence,0.07210319769775975,0.0,26
563,Rodrigo Martins Gomes,1.0369804976614247,0.0,26
565,Pablo Sarabia,1.8790653970499207,1.0,26
569,Jaden Philogene,0.8782712648757198,2.0,26
570,Abdul Fatawu,0.1063342796563207,0.0,26
571,Sávio 'Savinho' Moreira de Oliveira,2.933592640471149,2.0,26
576,Andy Irving,1.2107093898632124,0.0,26
577,Jesper Lindstrøm,2.029882016509447,1.0,26
584,Ben Brereton Díaz,0.12594118993574321,0.0,26
585,Ismaïla Sarr,2.4090968109326383,3.0,26
587,Crysencio Summerville,0.26662546050153946,0.0,26
588,Guido Rodríguez,0.4499114436258269,0.0,26
595,Brajan Gruda,0.5254823988738835,4.0,26
596,João Pedro Ferreira Silva,1.4583997867376688,0.0,26
597,Myles Lewis-Skelly,2.3884954231881483,-2.0,26
600,Yasin Ayari,1.9340522241087532,3.0,26
601,Andrew Moran,0.07110339578098746,0.0,26
602,Ryan Trevitt,0.08879635998899627,0.0,26
603,Harrison Armstrong,0.18560379696220108,0.0,26
604,Josh King,0.5118335284690589,0.0,26
605,Martial Godo,0.08985103231995994,0.0,26
606,Will Alves,0.08192565369350158,0.0,26
607,Nico O'Reilly,0.6958101184265821,0.0,26
608,Tyler Dibling,0.9964753340024664,2.0,26
610,Mikey Moore,1.2689518164832556,0.0,26
611,Sam Szmodics,0.2506313001866598,0.0,26
612,Wilson Odobert,0.5414262645808283,1.0,26
613,Toby Collyer,0.9457725892955664,0.0,26
614,Jenson Metcalfe,0.0645652984901286,0.0,26
618,Georginio Rutter,2.0426257129409553,8.0,26
619,Jens Cajuste,1.367310828055941,1.0,26
620,Ramón Sosa,0.8944700963923071,0.0,26
621,João Félix Sequeira,0.48683634544994536,0.0,26
622,Sander Berge,1.9715888887790367,0.0,26
623,Mateus Gonçalo Espanha Fernandes,2.0388406827343806,2.0,26
625,Ilkay Gündogan,2.220859596086946,1.0,26
629,Matt O'Riley,1.291028394744128,0.0,26
631,Jack Clarke,0.6892835691464905,4.0,26
632,Chiedozie Ogbene,0.14838020681385,0.0,26
633,Mikel Merino,3.677161851632005,2.0,26
634,Gustavo Nunes Fernandes Gomes,0.06922826017133632,0.0,26
635,Bilal El Khannouss,2.001129253130382,2.0,26
636,Federico Chiesa,0.3289588386418183,0.0,26
638,Salah-Eddine Oulad M'hand,0.08460335745978043,0.0,26
642,André Trindade da Costa Neto,1.6641094010626345,3.0,26
644,Franco Umeh-Chibueze,0.07749933705909617,0.0,26
645,Justin Devenny,0.8921688473637253,1.0,26
646,Asher Agbinone,0.12378715224725179,0.0,26
647,Kaden Rodney,0.07419575718568572,0.0,26
651,Orel Mangala,0.9127414952856747,0.0,26
652,Manuel Ugarte,1.5413655154668344,7.0,26
654,Carlos Soler,1.6450336501167904,1.0,26
655,Carlos Roberto Forbs Borges,0.13783774496522483,0.0,26
656,Kadan Young,0.0866076078438951,0.0,26
659,Ismeal Kabia,0.08540461509359032,0.0,26
661,Tony Yogane,0.06994895236805965,0.0,26
667,Jack Fletcher,0.07035964200038247,0.0,26
671,Jacob Wright,0.07499701481949561,0.0,26
673,Jayce Fitzgerald,0.07035964200038247,0.0,26
674,Paris Maghoma,0.10332885295517924,1.0,26
678,Callum Bates,0.07419575718568572,0.0,26
679,Ben Broggio,0.07419575718568572,0.0,26
682,Tom Edozie,0.07499701481949561,0.0,26
683,Callum Olusesi,0.06690190778298755,0.0,26
687,Ben Winterburn,0.2466031720131867,0.0,26
688,Treymaurice Nyoni,0.0649363965187586,0.0,26
689,Luca Williams-Barnett,0.0657705259539414,0.0,26
693,Joseph O'Brien-Whitmarsh,0.0649363965187586,0.0,26
694,Henry Cartwright,0.07419575718568572,0.0,26
695,Samuel Rak-Sakyi,0.06875364895595615,0.0,26
696,Tyrique George,0.5663190585463513,0.0,26
701,Lewis Orford,0.8899786275185102,0.0,26
710,Jamaldeen Jimoh,0.0649363965187586,0.0,26
714,Diego Gómez,0.8215428967794782,1.0,26
717,Min-Hyeok Yang,0.0661416239825714,0.0,26
723,Dominic Sadi,0.07080179863363156,0.0,26
725,Donyell Malen,1.3602289340091671,1.0,26
728,Zain Silcott-Duberry,0.30886447277222073,0.0,26
729,Damola Ajayi,0.07540098464949851,0.0,26
730,Romain Esse,0.9407811508420911,0.0,26
734,Albert Grønbæk,0.5007153905841126,1.0,26
758,Joe Knight,0.07110339578098746,0.0,26
762,Marco Asensio,1.084905062660713,12.0,26
765,Nico González,0.7535879167538497,2.0,26
768,Mathys Tel,2.4230113490537173,2.0,26
770,Marshall Munetsi,1.068526618197689,6.0,26
771,Mathis Amougou,0.06794142764574529,0.0,26
772,Willian Borges da Silva,0.5144566609794357,1.0,26
773,Isaac Heath,0.0645652984901286,0.0,26
775,Coby Ebere,0.0645652984901286,0.0,26
778,Jack Moorhouse,0.06922826017133632,0.0,26
779,Sékou Koné,0.06922826017133632,0.0,26
1,Fábio Ferreira Vieira,0.07668336728173175,0.0,27
7,Jorge Luiz Frello Filho,0.7043672986714022,3.0,27
9,Gabriel Martinelli Silva,2.3840713598571464,0.0,27
10,Reiss Nelson,0.1359239306934863,0.0,27
12,Ethan Nwaneri,2.480281893500238,3.0,27
13,Martin Ødegaard,3.3897946087116084,3.0,27
16,Declan Rice,3.34288269750831,3.0,27
17,Bukayo Saka,1.1027900003960864,0.0,27
19,Emile Smith Rowe,2.5714608684734133,0.0,27
20,Thomas Partey,2.7702509595448683,1.0,27
23,Leandro Trossard,3.3291151371302456,3.0,27
28,Leon Bailey,2.038855972201289,0.0,27
29,Ross Barkley,0.23057735649288702,0.0,27
30,Enzo Barrenechea,0.06769369408440218,0.0,27
31,Emiliano Buendía Stati,0.25469568309420065,0.0,27
33,Leander Dendoncker,0.07421725063525342,0.0,27
34,Moussa Diaby,0.06769369408440218,0.0,27
37,Lewis Dobbin,0.06769369408440218,0.0,27
41,Samuel Iling-Junior,0.06769369408440218,0.0,27
42,Boubacar Kamara,1.0830626949522708,0.0,27
48,John McGinn,1.830149053412062,2.0,27
53,Jacob Ramsey,1.5551556403715008,2.0,27
54,Morgan Rogers,3.6494906954551753,7.0,27
57,Youri Tielemans,3.318408840305631,2.0,27
60,Tyler Adams,1.5758239710069368,2.0,27
61,Jaidon Anthony,0.0723942961344668,0.0,27
62,David Brooks,1.5273003199357618,1.0,27
63,Ryan Christie,2.6525482815415202,1.0,27
64,Lewis Cook,1.7358639032876404,2.0,27
66,Romain Faivre,0.06752006178931458,0.0,27
67,Hamed Traorè,0.06752006178931458,0.0,27
71,Justin Kluivert,4.64585160326353,7.0,27
74,Dango Ouattara,4.111307721493909,2.0,27
76,Philip Billing,0.27310344252326235,0.0,27
77,Alex Scott,0.9438396454468547,2.0,27
78,Antoine Semenyo,3.5139306828602797,1.0,27
80,Luis Sinisterra,0.6225722277609065,1.0,27
83,Marcus Tavernier,1.6530748426653563,1.0,27
87,Ethan Brierley,0.07481692994038358,0.0,27
89,Mikkel Damsgaard,3.704849936367724,2.0,27
90,Josh Dasilva,0.06794876025616725,0.0,27
94,Vitaly Janelt,1.6727790371034343,2.0,27
95,Mathias Jensen,1.050114835302832,0.0,27
97,Yunus Emre Konak,0.5982029565507059,0.0,27
98,Keane Lewis-Potter,3.2779433650321765,2.0,27
99,Bryan Mbeumo,5.1707474815331675,5.0,27
101,Christian Nørgaard,2.659304686669315,0.0,27
102,Frank Onyeka,0.06794876025616725,0.0,27
103,Myles Peart-Harris,0.06794876025616725,0.0,27
106,Kevin Schade,3.8786031592592503,3.0,27
111,Yehor Yarmoliuk,2.06244871061289,1.0,27
113,Simon Adingra,1.0175892632516073,0.0,27
114,Benicio Baker-Boaitey,0.06752006178931458,0.0,27
115,Carlos Baleba,2.7753941671435163,2.0,27
117,Facundo Buonanotte,1.4106114160919514,2.0,27
118,Amario Cozier-Duberry,0.06752006178931458,0.0,27
119,Mahmoud Dahoud,0.06752006178931458,0.0,27
121,Julio Enciso,1.1975807667292342,0.0,27
124,Billy Gilmour,0.0700453338381406,0.0,27
125,Pascal Groß,0.06752006178931458,0.0,27
126,Jack Hinshelwood,1.4494659360710838,1.0,27
127,Ibrahim Osman,0.06752006178931458,0.0,27
130,Kacper Kozłowski,0.06752006178931458,0.0,27
132,Solly March,0.16783154529752808,1.0,27
133,Adrian Mazilu,0.06752006178931458,0.0,27
134,James Milner,0.09549432716154493,0.0,27
135,Yankuba Minteh,3.410247936469922,2.0,27
136,Mitoma Kaoru,3.1133229361957397,2.0,27
137,Jakub Moder,0.14200745070660714,0.0,27
140,Cameron Peupion,0.07438823147353091,0.0,27
141,Jeremy Sarmiento Morante,0.06752006178931458,0.0,27
149,Mats Wieffer,1.2019189961289483,0.0,27
150,Andrey Nascimento dos Santos,0.07354959567577302,0.0,27
151,Ângelo Gabriel Borges Damaceno,0.0786788961926903,0.0,27
157,Moisés Caicedo Corozo,1.9602297516692895,2.0,27
158,Cesare Casadei,0.08359350690166156,0.0,27
161,Carney Chukwuemeka,0.0786788961926903,0.0,27
166,Kiernan Dewsbury-Hall,0.7251446084456448,1.0,27
168,Enzo Fernández,5.164267994060076,3.0,27
169,Conor Gallagher,0.07354959567577302,0.0,27
173,Omari Kellyman,0.08480497578685142,0.0,27
174,Roméo Lavia,0.21406287247525668,0.0,27
177,Noni Madueke,2.789583259415366,0.0,27
179,Mykhailo Mudryk,0.1336290637712958,0.0,27
181,Christopher Nkunku,2.322837280568945,11.0,27
182,Cole Palmer,4.920901140640813,3.0,27
184,Renato Palma Veiga,0.1845522049694699,0.0,27
186,Raheem Sterling,2.027314083077708,1.0,27
188,Lesley Ugochukwu,1.3762734164337633,0.0,27
190,Naouirou Ahamada,0.0723942961344668,0.0,27
192,Jordan Ayew,2.1141120031089757,0.0,27
193,Cheick Doucouré,0.20057305935258274,0.0,27
197,Malcolm Ebiowei,0.06752006178931458,0.0,27
199,Eberechi Eze,2.8751474153153893,5.0,27
203,Will Hughes,2.4238807219290885,0.0,27
205,Daichi Kamada,1.1387817476706132,1.0,27
206,Jefferson Lerma Solís,1.682483495883349,0.0,27
208,Matheus França de Oliveira,0.07815095004016204,0.0,27
212,David Ozoh,0.06752006178931458,0.0,27
213,Jesurun Rak-Sakyi,0.06752006178931458,0.0,27
214,Jeffrey Schlupp,0.2667844093871352,0.0,27
216,Adam Wharton,1.2353900179817474,2.0,27
217,Abdoulaye Doucouré,2.567511330747106,0.0,27
222,Idrissa Gueye,1.7392270925181803,2.0,27
223,James Garner,1.762482960942557,2.0,27
224,Jack Harrison,2.3350673561969364,2.0,27
226,Tim Iroegbunam,0.8100710625631682,1.0,27
230,Dwight McNeil,0.15073594073717755,0.0,27
233,Amadou Onana,0.5151772739779714,0.0,27
239,Adama Traoré,2.412748600432497,5.0,27
240,Andreas Hoelgebaum Pereira,1.464350004307784,5.0,27
243,Tom Cairney,1.5164555059925977,0.0,27
246,Luke Harris,0.06769369408440218,0.0,27
247,Alex Iwobi,4.091138939354814,1.0,27
249,Saša Lukić,3.4522795461457925,1.0,27
254,Harrison Reed,0.8069833982752854,0.0,27
259,Harry Wilson,1.1995421022492998,0.0,27
262,Nathan Broadhead,1.5271873282036097,1.0,27
264,Wes Burns,0.3087666827464668,0.0,27
265,Conor Chaplin,0.14588228097531308,0.0,27
271,Marcus Myers-Harness,0.06752006178931458,0.0,27
273,Cameron Humphreys,0.06752006178931458,0.0,27
274,Omari Giraud-Hutchinson,2.5750145825851005,2.0,27
277,Massimo Luongo,0.3372697930652637,0.0,27
278,Sam Morsy,1.1027563852372309,-1.0,27
281,Jack Taylor,0.9531193186545095,1.0,27
285,Boubakary Soumaré,2.0564591819236826,2.0,27
287,Hamza Choudhury,0.2470278984267522,0.0,27
290,Bobby De Cordova-Reid,1.3423259326081505,2.0,27
292,Michael Golding,0.07693948115497218,0.0,27
297,Wanya Marçal-Madivádua,0.06752006178931458,0.0,27
298,Stephy Mavididi,1.402422243474934,1.0,27
299,Kasey McAteer,0.2746408712548196,0.0,27
300,Wilfred Ndidi,1.2358481323000996,2.0,27
309,Harry Winks,0.6838232837283726,1.0,27
312,Stefan Bajčetić Maquieira,0.06769369408440218,0.0,27
314,Fábio Freitas Gouveia Carvalho,2.114832664063246,0.0,27
315,Bobby Clark,0.06769369408440218,0.0,27
317,Diogo Teixeira da Silva,1.6880355467864492,3.0,27
318,Ben Doak,0.06769369408440218,0.0,27
319,Harvey Elliott,0.6746652919544176,0.0,27
320,Endo Wataru,0.9049622266213837,1.0,27
323,Ryan Gravenberch,2.1132333714802103,3.0,27
324,Curtis Jones,1.700920198462268,1.0,27
327,Luis Díaz,3.048288030489772,6.0,27
328,Mohamed Salah,7.1987426488877855,6.0,27
329,Alexis Mac Allister,2.4323320306120575,8.0,27
330,James McConnell,0.07421725063525342,0.0,27
331,Tyler Morton,0.07678656319733568,0.0,27
336,Dominik Szoboszlai,3.020378910798631,8.0,27
342,Bernardo Veiga de Carvalho e Silva,0.9597182465690683,1.0,27
343,Oscar Bobb,0.0743946464625802,0.0,27
345,Kevin De Bruyne,2.5910941857856695,0.0,27
346,Jérémy Doku,2.717647103712098,3.0,27
348,Phil Foden,3.0057137347455356,1.0,27
349,Jack Grealish,0.4409837579274778,1.0,27
354,Mateo Kovačić,1.9505994299506781,3.0,27
356,Matheus Luiz Nunes,1.384956819654744,3.0,27
357,James McAtee,2.427932285370634,1.0,27
359,Kalvin Phillips,1.9687721943632148,0.0,27
360,Rodrigo 'Rodri' Hernandez,0.09619488146959165,0.0,27
364,Amad Diallo,2.03465490874207,0.0,27
365,Antony Matheus dos Santos,0.5722135309610175,0.0,27
366,Bruno Borges Fernandes,5.04333912927399,8.0,27
368,Carlos Henrique Casimiro,1.8895734368305135,1.0,27
370,Christian Eriksen,1.0318465363194242,1.0,27
372,Alejandro Garnacho,3.003543449762108,1.0,27
373,Hannibal Mejbri,0.06769369408440218,0.0,27
378,Kobbie Mainoo,0.8801906224676195,0.0,27
381,Scott McTominay,0.0702189661332282,0.0,27
382,Mason Mount,0.11844935645508547,0.0,27
384,Facundo Pellistri Rebollo,0.06769369408440218,0.0,27
385,Marcus Rashford,2.017238024329231,1.0,27
386,Jadon Sancho,3.323968323915973,3.0,27
391,Miguel Almirón Rejala,0.48870553245402215,0.0,27
392,Harvey Barnes,0.5358196583655634,1.0,27
394,Bruno Guimarães Rodriguez Moura,2.230841583986135,2.0,27
397,Ryan Fraser,0.37950732716366087,0.0,27
398,Anthony Gordon,2.4345822485208473,2.0,27
400,Isaac Hayden,0.07438823147353091,0.0,27
402,Jacob Murphy,3.620109989451203,1.0,27
403,Joelinton Cássio Apolinário de Lira,1.0766342565362557,0.0,27
406,Garang Kuol,0.07438823147353091,0.0,27
410,Sean Longstaff,0.5412196670063096,1.0,27
411,Lewis Miley,1.962356209550526,1.0,27
417,Sandro Tonali,1.5670932326370242,2.0,27
419,Joe White,0.0723942961344668,0.0,27
420,Joe Willock,1.4949337621948136,2.0,27
423,Elliot Anderson,1.7937036493935556,3.0,27
426,Josh Bowler,0.06648251201424715,0.0,27
428,Eric da Silva Moreira,0.09025775860334884,0.0,27
429,Danilo dos Santos de Oliveira,0.49946608463284603,1.0,27
431,Nicolás Domínguez,1.6498323415305212,3.0,27
432,Anthony Elanga,3.1996151487346998,3.0,27
433,Morgan Gibbs-White,3.2633826284858047,3.0,27
434,Callum Hudson-Odoi,2.3134800070717736,3.0,27
435,Alex Mighten,0.06648251201424715,0.0,27
439,Lewis O'Brien,0.06648251201424715,0.0,27
442,Ibrahim Sangaré,1.0155383466728685,0.0,27
449,Ryan Yates,1.9278448256002099,1.0,27
450,Carlos Alcaraz Durán,1.8203789122856904,1.0,27
451,Samuel Amo-Ameyaw,0.1651340841598148,0.0,27
452,Joe Aribo,1.6381654143671316,2.0,27
458,Shea Charles,0.06806782655172983,0.0,27
459,Samuel Edozie,0.06806782655172983,0.0,27
462,Kamaldeen Sulemana,1.8201064700697165,2.0,27
463,Adam Lallana,0.4397650193248839,0.0,27
471,Will Smallbone,1.3336183145451805,2.0,27
480,Rodrigo Bentancur,1.8378762364240995,1.0,27
481,Lucas Bergvall,1.863976854834438,2.0,27
482,Yves Bissouma,1.2766371328259805,0.0,27
483,Bryan Gil Salvatierra,0.06752006178931458,0.0,27
485,Alfie Devine,0.06752006178931458,0.0,27
489,Archie Gray,1.0633256309012369,2.0,27
490,Pierre-Emile Højbjerg,0.06752006178931458,0.0,27
491,Brennan Johnson,3.433215363197668,2.0,27
492,Dejan Kulusevski,3.2411501511348515,1.0,27
493,Giovani Lo Celso,0.06752006178931458,0.0,27
494,James Maddison,2.2113845265227585,1.0,27
499,Pape Matar Sarr,1.5010521603652114,0.0,27
501,Oliver Skipp,0.9677560227049691,0.0,27
502,Manor Solomon,0.06752006178931458,0.0,27
503,Son Heung-min,3.1367787048112836,1.0,27
509,Timo Werner,0.1540746648122755,1.0,27
511,Edson Álvarez Velázquez,1.657573556448118,3.0,27
514,Jarrod Bowen,3.2570963772678185,6.0,27
515,Maxwel Cornet,0.09306263263745107,0.0,27
518,Flynn Downes,0.23441077521452547,2.0,27
519,George Earthy,0.06769369408440218,0.0,27
525,Mohammed Kudus,2.676739752303777,6.0,27
526,Luis Guilherme Lira dos Santos,0.660827174346625,0.0,27
527,Lucas Tolentino Coelho de Lima,1.658815885279913,0.0,27
530,Tomáš Souček,2.1644522660111516,8.0,27
531,James Ward-Prowse,2.2258767943109152,3.0,27
534,Boubacar Traoré,0.06752006178931458,0.0,27
535,Jean-Ricner Bellegarde,2.619227726044792,2.0,27
537,Francisco Jorge Tomás Oliveira,0.09388782409817242,0.0,27
538,Tawanda Chirewa,0.06752006178931458,0.0,27
540,Luke Cundle,0.07693948115497218,0.0,27
544,Tommy Doyle,0.9155468489191407,1.0,27
547,Enso González,0.07438823147353091,0.0,27
548,Gonçalo Manuel Ganchinho Guedes,1.1878072559862565,0.0,27
550,Hwang Hee-chan,0.6554738006232772,0.0,27
551,Joe Hodge,0.0723942961344668,0.0,27
553,João Victor Gomes da Silva,1.9115922225837298,7.0,27
557,Mario Lemina,0.19012227589133301,0.0,27
560,Pedro Lomba Neto,3.239079693351335,11.0,27
562,Daniel Castelo Podence,0.0700453338381406,0.0,27
563,Rodrigo Martins Gomes,0.6959998798629292,0.0,27
565,Pablo Sarabia,1.442152316102879,1.0,27
569,Jaden Philogene,1.8753189547622373,12.0,27
570,Abdul Fatawu,0.11967777130286006,0.0,27
571,Sávio 'Savinho' Moreira de Oliveira,2.6444632708047653,3.0,27
576,Andy Irving,1.2123582686977015,1.0,27
577,Jesper Lindstrøm,1.4899585257234023,2.0,27
584,Ben Brereton Díaz,0.10582713861172355,0.0,27
585,Ismaïla Sarr,1.9842538562630851,12.0,27
587,Crysencio Summerville,0.2558545860363681,0.0,27
588,Guido Rodríguez,0.4972981176810922,0.0,27
595,Brajan Gruda,1.2439420645584054,0.0,27
596,João Pedro Ferreira Silva,1.159402015941998,0.0,27
597,Myles Lewis-Skelly,1.76409652876485,0.0,27
600,Yasin Ayari,1.520598846489733,1.0,27
601,Andrew Moran,0.06752006178931458,0.0,27
602,Ryan Trevitt,0.07890441651919788,0.0,27
603,Harrison Armstrong,0.15844652834256978,0.0,27
604,Josh King,0.44772970287607317,0.0,27
605,Martial Godo,0.09067656252090117,0.0,27
606,Will Alves,0.07438823147353091,0.0,27
607,Nico O'Reilly,0.5967282804979197,0.0,27
608,Tyler Dibling,1.4785705366518895,1.0,27
610,Mikey Moore,0.5215623825056332,0.0,27
611,Sam Szmodics,0.23088556751263845,1.0,27
612,Wilson Odobert,0.6382533202433254,2.0,27
613,Toby Collyer,0.5812417296514378,0.0,27
614,Jenson Metcalfe,0.06752006178931458,0.0,27
618,Georginio Rutter,2.5716920543401782,5.0,27
619,Jens Cajuste,1.3810561368422842,2.0,27
620,Ramón Sosa,0.7758325022873165,0.0,27
621,João Félix Sequeira,0.6162165441480707,0.0,27
622,Sander Berge,1.7866334982130239,1.0,27
623,Mateus Gonçalo Espanha Fernandes,1.7473857099835044,2.0,27
625,Ilkay Gündogan,1.963023545144452,1.0,27
629,Matt O'Riley,0.7674516914695988,0.0,27
631,Jack Clarke,1.614641642833023,2.0,27
632,Chiedozie Ogbene,0.10883015469903423,0.0,27
633,Mikel Merino,4.112831637854118,3.0,27
634,Gustavo Nunes Fernandes Gomes,0.06794876025616725,0.0,27
635,Bilal El Khannouss,2.6149705626316946,2.0,27
636,Federico Chiesa,0.35850381984517377,0.0,27
638,Salah-Eddine Oulad M'hand,0.07668336728173175,0.0,27
642,André Trindade da Costa Neto,1.6470998847296094,2.0,27
644,Franco Umeh-Chibueze,0.07378855216840075,0.0,27
645,Justin Devenny,0.7354885832959837,0.0,27
646,Asher Agbinone,0.17496812258157668,0.0,27
647,Kaden Rodney,0.0723942961344668,0.0,27
651,Orel Mangala,0.769731494301102,0.0,27
652,Manuel Ugarte,2.1095093969978773,2.0,27
654,Carlos Soler,1.2380124204224936,1.0,27
655,Carlos Roberto Forbs Borges,0.11544396681859936,0.0,27
656,Kadan Young,0.07894907419548058,0.0,27
659,Ismeal Kabia,0.08181266779864904,0.0,27
661,Tony Yogane,0.06794876025616725,0.0,27
667,Jack Fletcher,0.06769369408440218,0.0,27
671,Jacob Wright,0.07386849271908158,0.0,27
673,Jayce Fitzgerald,0.06769369408440218,0.0,27
674,Paris Maghoma,0.42270356508370943,1.0,27
678,Callum Bates,0.0723942961344668,0.0,27
679,Ben Broggio,0.07282299460131947,0.0,27
682,Tom Edozie,0.0723942961344668,0.0,27
683,Callum Olusesi,0.0683254658915664,0.0,27
687,Ben Winterburn,0.21467718480253994,0.0,27
688,Treymaurice Nyoni,0.06769369408440218,0.0,27
689,Luca Williams-Barnett,0.06752006178931458,0.0,27
693,Joseph O'Brien-Whitmarsh,0.06806782655172983,0.0,27
694,Henry Cartwright,0.0683254658915664,0.0,27
695,Samuel Rak-Sakyi,0.07354959567577302,0.0,27
696,Tyrique George,0.7716806221271928,4.0,27
701,Lewis Orford,0.5458438778333314,0.0,27
710,Jamaldeen Jimoh,0.06769369408440218,0.0,27
714,Diego Gómez,1.153391412238392,2.0,27
717,Min-Hyeok Yang,0.06752006178931458,0.0,27
723,Dominic Sadi,0.06752006178931458,0.0,27
725,Donyell Malen,2.213313129007955,0.0,27
728,Zain Silcott-Duberry,0.3046588767521601,0.0,27
729,Damola Ajayi,0.07186814239096817,0.0,27
730,Romain Esse,0.8907691497085981,0.0,27
734,Albert Grønbæk,0.5978730862951593,0.0,27
758,Joe Knight,0.06752006178931458,0.0,27
762,Marco Asensio,3.79828792571809,1.0,27
765,Nico González,1.355909453573986,3.0,27
768,Mathys Tel,1.6295517042600105,2.0,27
770,Marshall Munetsi,2.1711592450802844,2.0,27
771,Mathis Amougou,0.07354959567577302,1.0,27
772,Willian Borges da Silva,0.5361781570043882,1.0,27
773,Isaac Heath,0.06752006178931458,0.0,27
775,Coby Ebere,0.06752006178931458,0.0,27
778,Jack Moorhouse,0.06769369408440218,0.0,27
779,Sékou Koné,0.06769369408440218,0.0,27
1,Fábio Ferreira Vieira,0.06327476027052548,0.0,28
7,Jorge Luiz Frello Filho,1.105657281128332,0.0,28
9,Gabriel Martinelli Silva,1.0105332204013333,1.0,28
10,Reiss Nelson,0.09936930699948032,0.0,28
12,Ethan Nwaneri,3.2184655196650356,1.0,28
13,Martin Ødegaard,3.1070882248768985,2.0,28
16,Declan Rice,3.315528161296406,7.0,28
17,Bukayo Saka,0.9559960849491391,0.0,28
19,Emile Smith Rowe,1.3516427215455273,2.0,28
20,Thomas Partey,2.4267028356535105,2.0,28
23,Leandro Trossard,3.049218569965632,1.0,28
28,Leon Bailey,2.511398956074463,1.0,28
29,Ross Barkley,0.24707519786793375,0.0,28
30,Enzo Barrenechea,0.06327476027052548,0.0,28
31,Emiliano Buendía Stati,0.3138491276432691,0.0,28
33,Leander Dendoncker,0.07629821677359327,0.0,28
34,Moussa Diaby,0.06327476027052548,0.0,28
37,Lewis Dobbin,0.06327476027052548,0.0,28
41,Samuel Iling-Junior,0.06327476027052548,0.0,28
42,Boubacar Kamara,0.8339568488702911,1.0,28
48,John McGinn,2.3321077666780523,2.0,28
53,Jacob Ramsey,1.206248320350439,6.0,28
54,Morgan Rogers,3.1912313145909934,3.0,28
57,Youri Tielemans,3.286485475820217,3.0,28
60,Tyler Adams,1.5533103000642683,2.0,28
61,Jaidon Anthony,0.07475405862298823,0.0,28
62,David Brooks,1.5467711865935359,1.0,28
63,Ryan Christie,2.523007832121486,2.0,28
64,Lewis Cook,1.890721720988318,2.0,28
66,Romain Faivre,0.0634796812045697,0.0,28
67,Hamed Traorè,0.0634796812045697,0.0,28
71,Justin Kluivert,3.3628123159611585,5.0,28
74,Dango Ouattara,4.224083154200262,1.0,28
76,Philip Billing,0.1618424097043092,0.0,28
77,Alex Scott,1.7412684859312355,1.0,28
78,Antoine Semenyo,2.95845747699304,1.0,28
80,Luis Sinisterra,1.3684492338085548,1.0,28
83,Marcus Tavernier,1.6006429471387111,6.0,28
87,Ethan Brierley,0.07811681195875764,0.0,28
89,Mikkel Damsgaard,2.541385236875226,2.0,28
90,Josh Dasilva,0.0634796812045697,0.0,28
94,Vitaly Janelt,1.5534990461779632,2.0,28
95,Mathias Jensen,0.4771969154852691,1.0,28
97,Yunus Emre Konak,0.25387625856865803,0.0,28
98,Keane Lewis-Potter,2.8328451175768707,2.0,28
99,Bryan Mbeumo,3.6978400103711895,2.0,28
101,Christian Nørgaard,1.7868236598331801,2.0,28
102,Frank Onyeka,0.0634796812045697,0.0,28
103,Myles Peart-Harris,0.0634796812045697,0.0,28
106,Kevin Schade,2.6020972201572192,2.0,28
111,Yehor Yarmoliuk,1.5513225328597855,0.0,28
113,Simon Adingra,0.7956080556432816,1.0,28
114,Benicio Baker-Boaitey,0.06327476027052548,0.0,28
115,Carlos Baleba,2.1259904604951485,2.0,28
117,Facundo Buonanotte,1.4361348551464728,1.0,28
118,Amario Cozier-Duberry,0.06327476027052548,0.0,28
119,Mahmoud Dahoud,0.06327476027052548,0.0,28
121,Julio Enciso,1.061162566066744,2.0,28
124,Billy Gilmour,0.06327476027052548,0.0,28
125,Pascal Groß,0.06327476027052548,0.0,28
126,Jack Hinshelwood,1.4791090621435128,2.0,28
127,Ibrahim Osman,0.06327476027052548,0.0,28
130,Kacper Kozłowski,0.06327476027052548,0.0,28
132,Solly March,0.3020733004483587,1.0,28
133,Adrian Mazilu,0.06327476027052548,0.0,28
134,James Milner,0.06634718946149754,0.0,28
135,Yankuba Minteh,4.722965804037115,2.0,28
136,Mitoma Kaoru,3.4907662435164264,2.0,28
137,Jakub Moder,0.14698003503224655,0.0,28
140,Cameron Peupion,0.07730138019975374,0.0,28
141,Jeremy Sarmiento Morante,0.06327476027052548,0.0,28
149,Mats Wieffer,0.918993707317914,1.0,28
150,Andrey Nascimento dos Santos,0.0645025264277237,0.0,28
151,Ângelo Gabriel Borges Damaceno,0.0751135659726283,0.0,28
157,Moisés Caicedo Corozo,2.649559109458602,3.0,28
158,Cesare Casadei,0.07913965718191207,0.0,28
161,Carney Chukwuemeka,0.0751135659726283,0.0,28
166,Kiernan Dewsbury-Hall,1.0675958415197542,0.0,28
168,Enzo Fernández,4.470972475183437,6.0,28
169,Conor Gallagher,0.06474040211288301,0.0,28
173,Omari Kellyman,0.08185774941734891,0.0,28
174,Roméo Lavia,0.15755057437173736,0.0,28
177,Noni Madueke,2.3538022086507784,0.0,28
179,Mykhailo Mudryk,0.10934825029102857,0.0,28
181,Christopher Nkunku,3.114896310789632,3.0,28
182,Cole Palmer,4.611714058051515,1.0,28
184,Renato Palma Veiga,0.1361645200105075,0.0,28
186,Raheem Sterling,1.1344344406076896,0.0,28
188,Lesley Ugochukwu,1.2021022888359498,2.0,28
190,Naouirou Ahamada,0.07577690384614266,0.0,28
192,Jordan Ayew,1.631150559238578,0.0,28
193,Cheick Doucouré,0.2245452837103965,0.0,28
197,Malcolm Ebiowei,0.0645025264277237,0.0,28
199,Eberechi Eze,3.278450256022996,3.0,28
203,Will Hughes,1.7090151282036725,0.0,28
205,Daichi Kamada,1.1588817049098754,1.0,28
206,Jefferson Lerma Solís,1.5850732930981861,3.0,28
208,Matheus França de Oliveira,0.08013760446107154,0.0,28
212,David Ozoh,0.0645025264277237,0.0,28
213,Jesurun Rak-Sakyi,0.0645025264277237,0.0,28
214,Jeffrey Schlupp,0.12861210015754265,0.0,28
216,Adam Wharton,1.7099033191625246,2.0,28
217,Abdoulaye Doucouré,1.9530681873033906,2.0,28
222,Idrissa Gueye,1.9118461120411387,2.0,28
223,James Garner,2.082165820056421,2.0,28
224,Jack Harrison,2.683483239796943,7.0,28
226,Tim Iroegbunam,0.61912381457691,0.0,28
230,Dwight McNeil,0.12078790569797349,0.0,28
233,Amadou Onana,0.39871929689198815,0.0,28
239,Adama Traoré,2.7294949388779735,0.0,28
240,Andreas Hoelgebaum Pereira,2.152840172100154,2.0,28
243,Tom Cairney,0.916677818018865,0.0,28
246,Luke Harris,0.0634796812045697,0.0,28
247,Alex Iwobi,2.2429308371660817,5.0,28
249,Saša Lukić,2.8750218253455433,0.0,28
254,Harrison Reed,0.540449899021981,1.0,28
259,Harry Wilson,0.9111787812065595,0.0,28
262,Nathan Broadhead,1.3289977334689373,1.0,28
264,Wes Burns,0.24775632861039387,0.0,28
265,Conor Chaplin,0.11117127764514789,0.0,28
271,Marcus Myers-Harness,0.0634796812045697,0.0,28
273,Cameron Humphreys,0.0634796812045697,0.0,28
274,Omari Giraud-Hutchinson,2.791747169429593,1.0,28
277,Massimo Luongo,0.2597403926938928,0.0,28
278,Sam Morsy,1.2768845126124093,0.0,28
281,Jack Taylor,0.6742049511266801,1.0,28
285,Boubakary Soumaré,1.7449679069462212,2.0,28
287,Hamza Choudhury,0.2696344637942687,0.0,28
290,Bobby De Cordova-Reid,1.408838093441875,1.0,28
292,Michael Golding,0.07649611098708808,0.0,28
297,Wanya Marçal-Madivádua,0.06185898023290015,0.0,28
298,Stephy Mavididi,1.5050361174950195,1.0,28
299,Kasey McAteer,0.22466625700347453,0.0,28
300,Wilfred Ndidi,1.754954297602068,2.0,28
309,Harry Winks,0.7233067047875514,1.0,28
312,Stefan Bajčetić Maquieira,0.13367764801375515,0.0,28
314,Fábio Freitas Gouveia Carvalho,1.0363530383840152,0.0,28
315,Bobby Clark,0.13367764801375515,0.0,28
317,Diogo Teixeira da Silva,3.2935490707610553,1.0,28
318,Ben Doak,0.13367764801375515,0.0,28
319,Harvey Elliott,0.8072476944093578,1.0,28
320,Endo Wataru,1.0843168428765262,1.0,28
323,Ryan Gravenberch,2.707145914640569,2.0,28
324,Curtis Jones,2.238518205258039,1.0,28
327,Luis Díaz,3.8725104006733666,5.0,28
328,Mohamed Salah,7.178567533462877,12.0,28
329,Alexis Mac Allister,3.459734808565667,1.0,28
330,James McConnell,0.1505450846652061,0.0,28
331,Tyler Morton,0.15115559549016577,0.0,28
336,Dominik Szoboszlai,4.0882842604749206,1.0,28
342,Bernardo Veiga de Carvalho e Silva,1.7280044065725537,2.0,28
343,Oscar Bobb,0.07886875007335936,0.0,28
345,Kevin De Bruyne,2.0990872477590274,1.0,28
346,Jérémy Doku,2.8744443480731663,2.0,28
348,Phil Foden,2.8419878388133677,3.0,28
349,Jack Grealish,0.6362988604467739,0.0,28
354,Mateo Kovačić,2.34759910632276,1.0,28
356,Matheus Luiz Nunes,2.2986562133721877,2.0,28
357,James McAtee,2.0305108882193865,0.0,28
359,Kalvin Phillips,1.0699266697934817,1.0,28
360,Rodrigo 'Rodri' Hernandez,0.08427487524905475,0.0,28
364,Amad Diallo,1.4289912705639018,0.0,28
365,Antony Matheus dos Santos,0.24822879833358247,0.0,28
366,Bruno Borges Fernandes,2.775811715619464,7.0,28
368,Carlos Henrique Casimiro,1.545754776402446,2.0,28
370,Christian Eriksen,0.7546804643559164,2.0,28
372,Alejandro Garnacho,2.197913478047546,5.0,28
373,Hannibal Mejbri,0.060654756913332886,0.0,28
378,Kobbie Mainoo,0.5053926805507403,0.0,28
381,Scott McTominay,0.061970345858092024,0.0,28
382,Mason Mount,0.12762827856716719,0.0,28
384,Facundo Pellistri Rebollo,0.060654756913332886,0.0,28
385,Marcus Rashford,2.754722280064599,1.0,28
386,Jadon Sancho,3.23700185975375,3.0,28
391,Miguel Almirón Rejala,0.3658914794938246,0.0,28
392,Harvey Barnes,0.6779567678756373,6.0,28
394,Bruno Guimarães Rodriguez Moura,2.185165428242219,8.0,28
397,Ryan Fraser,0.3191655105640687,0.0,28
398,Anthony Gordon,2.344624609252614,0.0,28
400,Isaac Hayden,0.07629821677359327,0.0,28
402,Jacob Murphy,4.427126976756573,3.0,28
403,Joelinton Cássio Apolinário de Lira,0.7377562108304736,3.0,28
406,Garang Kuol,0.07791189102471341,0.0,28
410,Sean Longstaff,0.6337067876101043,1.0,28
411,Lewis Miley,2.0334251908885257,0.0,28
417,Sandro Tonali,1.8704264764850889,3.0,28
419,Joe White,0.07388579981542964,0.0,28
420,Joe Willock,1.79144815955791,1.0,28
423,Elliot Anderson,2.163826625563642,3.0,28
426,Josh Bowler,0.0634796812045697,0.0,28
428,Eric da Silva Moreira,0.09553486489121887,0.0,28
429,Danilo dos Santos de Oliveira,0.6438221322588471,0.0,28
431,Nicolás Domínguez,2.1613430830788074,3.0,28
432,Anthony Elanga,2.523429510308456,3.0,28
433,Morgan Gibbs-White,2.8507067567843754,5.0,28
434,Callum Hudson-Odoi,2.4710815079118715,7.0,28
435,Alex Mighten,0.0634796812045697,0.0,28
439,Lewis O'Brien,0.0634796812045697,0.0,28
442,Ibrahim Sangaré,0.8595995409305619,1.0,28
449,Ryan Yates,1.3167613154377031,0.0,28
450,Carlos Alcaraz Durán,2.149216972405001,0.0,28
451,Samuel Amo-Ameyaw,0.12338765446111966,0.0,28
452,Joe Aribo,1.5539178429693585,1.0,28
458,Shea Charles,0.0639211757898912,0.0,28
459,Samuel Edozie,0.0639211757898912,0.0,28
462,Kamaldeen Sulemana,1.915290854117731,2.0,28
463,Adam Lallana,0.35088805772540166,1.0,28
471,Will Smallbone,1.8046440419153225,7.0,28
480,Rodrigo Bentancur,2.0035715729308823,1.0,28
481,Lucas Bergvall,1.8276075401111571,4.0,28
482,Yves Bissouma,0.6767440476838935,0.0,28
483,Bryan Gil Salvatierra,0.06327476027052548,0.0,28
485,Alfie Devine,0.0635126359556839,0.0,28
489,Archie Gray,1.3744887082344563,0.0,28
490,Pierre-Emile Højbjerg,0.06327476027052548,0.0,28
491,Brennan Johnson,3.136665552594824,1.0,28
492,Dejan Kulusevski,2.698470642352561,0.0,28
493,Giovani Lo Celso,0.06327476027052548,0.0,28
494,James Maddison,3.232575330537915,0.0,28
499,Pape Matar Sarr,2.2459450343773035,7.0,28
501,Oliver Skipp,0.722786456650617,0.0,28
502,Manor Solomon,0.06327476027052548,0.0,28
503,Son Heung-min,2.31020251299812,6.0,28
509,Timo Werner,0.32173245067913747,0.0,28
511,Edson Álvarez Velázquez,1.404201661013297,2.0,28
514,Jarrod Bowen,2.6822908938493297,2.0,28
515,Maxwel Cornet,0.06866511142315623,0.0,28
518,Flynn Downes,0.9434303594594362,0.0,28
519,George Earthy,0.06371755688972813,0.0,28
525,Mohammed Kudus,2.4008592923359515,2.0,28
526,Luis Guilherme Lira dos Santos,0.6314441172016796,0.0,28
527,Lucas Tolentino Coelho de Lima,0.9299164855082398,1.0,28
530,Tomáš Souček,2.4935117452659306,2.0,28
531,James Ward-Prowse,1.6580849626131702,2.0,28
534,Boubacar Traoré,0.07270292870000583,0.0,28
535,Jean-Ricner Bellegarde,2.305644316840188,5.0,28
537,Francisco Jorge Tomás Oliveira,0.10439577306427505,0.0,28
538,Tawanda Chirewa,0.0634796812045697,0.0,28
540,Luke Cundle,0.07811681195875764,0.0,28
544,Tommy Doyle,0.9896787350492238,1.0,28
547,Enso González,0.07750630113379797,0.0,28
548,Gonçalo Manuel Ganchinho Guedes,1.032998941205964,1.0,28
550,Hwang Hee-chan,0.5195089570123068,1.0,28
551,Joe Hodge,0.07590591178507511,0.0,28
553,João Victor Gomes da Silva,2.4047949911693216,2.0,28
557,Mario Lemina,0.18333535822121494,0.0,28
560,Pedro Lomba Neto,3.6883365513819184,3.0,28
562,Daniel Castelo Podence,0.06455739446417041,0.0,28
563,Rodrigo Martins Gomes,0.47614963885897765,0.0,28
565,Pablo Sarabia,1.3279620824690825,1.0,28
569,Jaden Philogene,2.990331428628557,3.0,28
570,Abdul Fatawu,0.10068122451154737,0.0,28
571,Sávio 'Savinho' Moreira de Oliveira,3.8493074096813125,3.0,28
576,Andy Irving,0.8522378512403366,0.0,28
577,Jesper Lindstrøm,2.0547559886800766,5.0,28
584,Ben Brereton Díaz,0.09627914216480127,0.0,28
585,Ismaïla Sarr,4.657503124673639,8.0,28
587,Crysencio Summerville,0.2244387781430084,0.0,28
588,Guido Rodríguez,0.29000381063565994,0.0,28
595,Brajan Gruda,0.9444004861786812,0.0,28
596,João Pedro Ferreira Silva,0.9283853004140159,0.0,28
597,Myles Lewis-Skelly,1.0822025845671455,1.0,28
600,Yasin Ayari,1.535989617254125,5.0,28
601,Andrew Moran,0.06327476027052548,0.0,28
602,Ryan Trevitt,0.08177652598171514,0.0,28
603,Harrison Armstrong,0.1430151567875817,0.0,28
604,Josh King,0.22851645652157515,0.0,28
605,Martial Godo,0.08878550892808779,0.0,28
606,Will Alves,0.07588560016212842,0.0,28
607,Nico O'Reilly,0.519840533018161,0.0,28
608,Tyler Dibling,1.0594297042257974,2.0,28
610,Mikey Moore,0.3934416441545263,0.0,28
611,Sam Szmodics,0.4519023121706707,0.0,28
612,Wilson Odobert,1.6852978503536775,2.0,28
613,Toby Collyer,0.26359635752033705,1.0,28
614,Jenson Metcalfe,0.06327476027052548,0.0,28
618,Georginio Rutter,3.2870418651098845,2.0,28
619,Jens Cajuste,1.492821838408572,2.0,28
620,Ramón Sosa,0.4043422041308635,0.0,28
621,João Félix Sequeira,0.3336548326957822,0.0,28
622,Sander Berge,1.0985720519377908,2.0,28
623,Mateus Gonçalo Espanha Fernandes,1.8347864538471663,2.0,28
625,Ilkay Gündogan,1.5587628612416244,0.0,28
629,Matt O'Riley,0.5637948139415454,0.0,28
631,Jack Clarke,1.7619063831044954,3.0,28
632,Chiedozie Ogbene,0.0634796812045697,0.0,28
633,Mikel Merino,4.271904371036268,2.0,28
634,Gustavo Nunes Fernandes Gomes,0.0634796812045697,0.0,28
635,Bilal El Khannouss,2.5021029031504636,2.0,28
636,Federico Chiesa,0.5417612529087887,0.0,28
638,Salah-Eddine Oulad M'hand,0.07318485978793943,0.0,28
642,André Trindade da Costa Neto,1.3503949464026492,1.0,28
644,Franco Umeh-Chibueze,0.07752598293079194,0.0,28
645,Justin Devenny,0.6120476471408947,1.0,28
646,Asher Agbinone,0.10970130806308287,0.0,28
647,Kaden Rodney,0.07441262594513853,0.0,28
651,Orel Mangala,0.5270139626535215,0.0,28
652,Manuel Ugarte,1.7219470771068366,0.0,28
654,Carlos Soler,0.9619954875487444,1.0,28
655,Carlos Roberto Forbs Borges,0.10823410169468639,0.0,28
656,Kadan Young,0.09016849793262427,0.0,28
659,Ismeal Kabia,0.0724980077659616,0.0,28
661,Tony Yogane,0.0634796812045697,0.0,28
667,Jack Fletcher,0.060654756913332886,0.0,28
671,Jacob Wright,0.07750447217235523,0.0,28
673,Jayce Fitzgerald,0.060654756913332886,0.0,28
674,Paris Maghoma,1.3307156521217385,0.0,28
678,Callum Bates,0.074549137688944,0.0,28
679,Ben Broggio,0.07388579981542964,0.0,28
682,Tom Edozie,0.0765031377076375,0.0,28
683,Callum Olusesi,0.06616573689346605,0.0,28
687,Ben Winterburn,0.08017613663299228,0.0,28
688,Treymaurice Nyoni,0.13391552369891446,0.0,28
689,Luca Williams-Barnett,0.06327476027052548,0.0,28
693,Joseph O'Brien-Whitmarsh,0.0639211757898912,0.0,28
694,Henry Cartwright,0.0638536961642715,0.0,28
695,Samuel Rak-Sakyi,0.06474040211288301,0.0,28
696,Tyrique George,2.444357326172585,1.0,28
701,Lewis Orford,0.4001088078921642,0.0,28
710,Jamaldeen Jimoh,0.0635126359556839,0.0,28
714,Diego Gómez,1.7284920224290117,1.0,28
717,Min-Hyeok Yang,0.06327476027052548,0.0,28
723,Dominic Sadi,0.07270292870000583,0.0,28
725,Donyell Malen,1.1709906470737792,1.0,28
728,Zain Silcott-Duberry,0.2721431068316833,0.0,28
729,Damola Ajayi,0.0724980077659616,0.0,28
730,Romain Esse,0.5675676207393141,1.0,28
734,Albert Grønbæk,0.4643619380213271,2.0,28
758,Joe Knight,0.0724980077659616,0.0,28
762,Marco Asensio,2.9004520921372725,0.0,28
765,Nico González,2.0455108923637377,2.0,28
768,Mathys Tel,1.6053819553181405,0.0,28
770,Marshall Munetsi,1.9534647314750266,6.0,28
771,Mathis Amougou,0.47790564416444337,0.0,28
772,Willian Borges da Silva,0.9665820591299918,1.0,28
773,Isaac Heath,0.06327476027052548,0.0,28
775,Coby Ebere,0.06327476027052548,0.0,28
778,Jack Moorhouse,0.060654756913332886,0.0,28
779,Sékou Koné,0.060654756913332886,0.0,28
785,Claudio Echeverri,0.0675943726549404,0.0,28
1,Fábio Ferreira Vieira,0.06271390785027053,0.0,29
7,Jorge Luiz Frello Filho,0.6687225861458113,0.0,29
9,Gabriel Martinelli Silva,2.1859337011966167,3.0,29
10,Reiss Nelson,0.0922460851928415,0.0,29
12,Ethan Nwaneri,2.2226975139581624,1.0,29
13,Martin Ødegaard,3.2105768435068978,5.0,29
16,Declan Rice,4.042953365746033,3.0,29
17,Bukayo Saka,0.4574819731194104,0.0,29
19,Emile Smith Rowe,1.8145685155110192,3.0,29
20,Thomas Partey,2.3747422643100267,2.0,29
23,Leandro Trossard,3.5337765977056543,3.0,29
60,Tyler Adams,2.0093542536627256,2.0,29
61,Jaidon Anthony,0.07274388510548446,0.0,29
62,David Brooks,1.6645772233228735,1.0,29
63,Ryan Christie,2.595707502866416,2.0,29
64,Lewis Cook,2.3142622047910946,2.0,29
66,Romain Faivre,0.06269416892042212,0.0,29
67,Hamed Traorè,0.063485935797849,0.0,29
71,Justin Kluivert,5.064776663257316,2.0,29
74,Dango Ouattara,5.034096814583043,1.0,29
76,Philip Billing,0.1461143530024125,0.0,29
77,Alex Scott,1.855385190772802,0.0,29
78,Antoine Semenyo,3.6199682355910365,1.0,29
80,Luis Sinisterra,1.4137672371580257,1.0,29
83,Marcus Tavernier,2.460663047456185,1.0,29
87,Ethan Brierley,0.07417263917946215,0.0,29
89,Mikkel Damsgaard,2.7409393403638447,2.0,29
90,Josh Dasilva,0.062392178452860936,0.0,29
94,Vitaly Janelt,1.334240313894508,0.0,29
95,Mathias Jensen,1.1481769604474747,0.0,29
97,Yunus Emre Konak,0.20311238572157597,1.0,29
98,Keane Lewis-Potter,2.7142884375165153,2.0,29
99,Bryan Mbeumo,3.7518844398881495,5.0,29
101,Christian Nørgaard,1.7425267649623803,7.0,29
102,Frank Onyeka,0.062392178452860936,0.0,29
103,Myles Peart-Harris,0.062392178452860936,0.0,29
106,Kevin Schade,2.5620035258643146,2.0,29
111,Yehor Yarmoliuk,1.5368201247931692,1.0,29
113,Simon Adingra,0.600605326341086,1.0,29
114,Benicio Baker-Boaitey,0.06983784578843988,0.0,29
115,Carlos Baleba,1.7643742160608245,1.0,29
117,Facundo Buonanotte,1.2441890160955538,1.0,29
118,Amario Cozier-Duberry,0.06983784578843988,0.0,29
119,Mahmoud Dahoud,0.06983784578843988,0.0,29
121,Julio Enciso,1.8814664021000551,2.0,29
124,Billy Gilmour,0.06983784578843988,0.0,29
125,Pascal Groß,0.06983784578843988,0.0,29
126,Jack Hinshelwood,1.5095686467235314,5.0,29
127,Ibrahim Osman,0.06983784578843988,0.0,29
130,Kacper Kozłowski,0.06983784578843988,0.0,29
132,Solly March,0.6383830455880939,0.0,29
133,Adrian Mazilu,0.06983784578843988,0.0,29
134,James Milner,0.07062961266586676,0.0,29
135,Yankuba Minteh,2.288634259935674,2.0,29
136,Mitoma Kaoru,2.0919468256011795,1.0,29
137,Jakub Moder,0.11613762806827355,0.0,29
140,Cameron Peupion,0.0794272899757793,0.0,29
141,Jeremy Sarmiento Morante,0.06983784578843988,0.0,29
149,Mats Wieffer,0.7854474274590539,0.0,29
150,Andrey Nascimento dos Santos,0.062392178452860936,0.0,29
151,Ângelo Gabriel Borges Damaceno,0.07066107105013497,0.0,29
157,Moisés Caicedo Corozo,2.005661337349517,2.0,29
158,Cesare Casadei,0.07417263917946215,0.0,29
161,Carney Chukwuemeka,0.06318394533028782,0.0,29
166,Kiernan Dewsbury-Hall,0.37162798443186995,1.0,29
168,Enzo Fernández,2.7401246710210057,2.0,29
169,Conor Gallagher,0.062392178452860936,0.0,29
173,Omari Kellyman,0.07932048313889517,0.0,29
174,Roméo Lavia,0.11769191244201327,1.0,29
177,Noni Madueke,0.9323625542027267,0.0,29
179,Mykhailo Mudryk,0.10207717484995715,0.0,29
181,Christopher Nkunku,2.6726924181302207,2.0,29
182,Cole Palmer,3.470854291314785,0.0,29
184,Renato Palma Veiga,0.08035475378423884,0.0,29
186,Raheem Sterling,0.7463744344510048,0.0,29
188,Lesley Ugochukwu,1.2507595948430357,2.0,29
192,Jordan Ayew,0.8500603562350237,1.0,29
217,Abdoulaye Doucouré,2.7306088350143494,2.0,29
222,Idrissa Gueye,2.1213073444950865,5.0,29
223,James Garner,2.1132405403907955,2.0,29
224,Jack Harrison,3.0793034169311255,2.0,29
226,Tim Iroegbunam,1.0148583309956738,1.0,29
230,Dwight McNeil,0.149174554466589,0.0,29
239,Adama Traoré,2.0546751541249124,1.0,29
240,Andreas Hoelgebaum Pereira,2.078211854884847,6.0,29
243,Tom Cairney,0.4825389143693761,1.0,29
246,Luke Harris,0.062392178452860936,0.0,29
247,Alex Iwobi,2.6695717440500397,3.0,29
249,Saša Lukić,1.575419028910094,0.0,29
254,Harrison Reed,1.2240407575748282,0.0,29
259,Harry Wilson,0.4786863360839191,0.0,29
262,Nathan Broadhead,1.450489718580375,1.0,29
264,Wes Burns,0.17354470767679153,0.0,29
265,Conor Chaplin,0.10643359007174835,0.0,29
271,Marcus Myers-Harness,0.062392178452860936,0.0,29
273,Cameron Humphreys,0.062392178452860936,0.0,29
274,Omari Giraud-Hutchinson,1.655457061695623,2.0,29
277,Massimo Luongo,0.3336326711979192,0.0,29
278,Sam Morsy,0.9064937634300376,0.0,29
281,Jack Taylor,0.6685934141199525,1.0,29
285,Boubakary Soumaré,1.762083455560533,2.0,29
287,Hamza Choudhury,0.20477110404272603,0.0,29
290,Bobby De Cordova-Reid,0.7333175017008355,0.0,29
292,Michael Golding,0.0752093771810074,0.0,29
297,Wanya Marçal-Madivádua,0.062392178452860936,0.0,29
298,Stephy Mavididi,1.0692921817694545,1.0,29
299,Kasey McAteer,0.19231466716096657,1.0,29
300,Wilfred Ndidi,1.9063603922382661,1.0,29
309,Harry Winks,1.1044118471820514,1.0,29
314,Fábio Freitas Gouveia Carvalho,0.7998927426011657,0.0,29
342,Bernardo Veiga de Carvalho e Silva,1.8625459507208202,1.0,29
343,Oscar Bobb,0.07276362403533287,0.0,29
345,Kevin De Bruyne,1.8289533976433017,1.0,29
346,Jérémy Doku,2.735112425564309,1.0,29
348,Phil Foden,2.7538490717133524,1.0,29
349,Jack Grealish,0.4280086570892938,0.0,29
354,Mateo Kovačić,1.903782782659361,0.0,29
356,Matheus Luiz Nunes,1.6695074264912666,0.0,29
357,James McAtee,1.2321434768757706,0.0,29
359,Kalvin Phillips,1.623105346347506,1.0,29
360,Rodrigo 'Rodri' Hernandez,0.0758641708111858,0.0,29
364,Amad Diallo,0.9470968245244502,0.0,29
365,Antony Matheus dos Santos,0.2320915311592997,0.0,29
366,Bruno Borges Fernandes,4.8782537326415065,14.0,29
368,Carlos Henrique Casimiro,2.1119479463426307,1.0,29
370,Christian Eriksen,1.5793048246670036,3.0,29
372,Alejandro Garnacho,2.8881262075427117,8.0,29
373,Hannibal Mejbri,0.06271390785027053,0.0,29
378,Kobbie Mainoo,0.34060842928787194,0.0,29
381,Scott McTominay,0.06350567472769741,0.0,29
382,Mason Mount,0.11014439264415055,0.0,29
384,Facundo Pellistri Rebollo,0.06271390785027053,0.0,29
386,Jadon Sancho,2.6589995536973783,2.0,29
397,Ryan Fraser,0.092962046443676,0.0,29
423,Elliot Anderson,2.2984359815117195,5.0,29
426,Josh Bowler,0.06271390785027053,0.0,29
428,Eric da Silva Moreira,0.128911648780639,0.0,29
429,Danilo dos Santos de Oliveira,0.5515140762267023,1.0,29
431,Nicolás Domínguez,2.0911358908094675,2.0,29
432,Anthony Elanga,3.2694812223846252,13.0,29
433,Morgan Gibbs-White,3.386477865355607,5.0,29
434,Callum Hudson-Odoi,3.8280965616864195,3.0,29
435,Alex Mighten,0.06271390785027053,0.0,29
439,Lewis O'Brien,0.06271390785027053,0.0,29
442,Ibrahim Sangaré,0.7597966922117987,0.0,29
449,Ryan Yates,2.471639936768443,1.0,29
450,Carlos Alcaraz Durán,1.840994883511482,2.0,29
451,Samuel Amo-Ameyaw,0.0940418451668017,0.0,29
452,Joe Aribo,1.407973030121239,2.0,29
458,Shea Charles,0.062392178452860936,0.0,29
459,Samuel Edozie,0.062392178452860936,0.0,29
462,Kamaldeen Sulemana,1.8414716891216178,2.0,29
463,Adam Lallana,0.7041498239547601,0.0,29
471,Will Smallbone,1.90200223820207,0.0,29
480,Rodrigo Bentancur,2.4282202367388823,2.0,29
481,Lucas Bergvall,2.4747792078903386,1.0,29
482,Yves Bissouma,1.9907097322391785,1.0,29
483,Bryan Gil Salvatierra,0.06343910762660432,0.0,29
485,Alfie Devine,0.06343910762660432,0.0,29
489,Archie Gray,1.1689757690252547,2.0,29
490,Pierre-Emile Højbjerg,0.06343910762660432,0.0,29
491,Brennan Johnson,2.6012386953283038,1.0,29
492,Dejan Kulusevski,2.375491676685021,0.0,29
493,Giovani Lo Celso,0.06343910762660432,0.0,29
494,James Maddison,2.1189648053508066,1.0,29
499,Pape Matar Sarr,2.382075488467012,0.0,29
501,Oliver Skipp,0.41886771793293853,0.0,29
502,Manor Solomon,0.06343910762660432,0.0,29
503,Son Heung-min,3.376488734165667,1.0,29
509,Timo Werner,0.29003587227180816,0.0,29
511,Edson Álvarez Velázquez,1.6861327375774495,0.0,29
514,Jarrod Bowen,2.368107256468985,5.0,29
515,Maxwel Cornet,0.062392178452860936,0.0,29
518,Flynn Downes,0.3390610455982843,1.0,29
519,George Earthy,0.06269416892042212,0.0,29
525,Mohammed Kudus,2.4883693941754297,2.0,29
526,Luis Guilherme Lira dos Santos,0.43108090915296815,0.0,29
527,Lucas Tolentino Coelho de Lima,1.0323942908037989,2.0,29
530,Tomáš Souček,2.5602913354490964,7.0,29
531,James Ward-Prowse,1.8437879398203032,2.0,29
534,Boubacar Traoré,0.07096306151769616,0.0,29
535,Jean-Ricner Bellegarde,2.5056552661483904,9.0,29
537,Francisco Jorge Tomás Oliveira,0.08211375347685346,0.0,29
538,Tawanda Chirewa,0.06269416892042212,0.0,29
540,Luke Cundle,0.07447462964702334,0.0,29
544,Tommy Doyle,0.8944699284368132,1.0,29
547,Enso González,0.07447462964702334,0.0,29
548,Gonçalo Manuel Ganchinho Guedes,0.9309076982475344,1.0,29
550,Hwang Hee-chan,0.4508250105747398,0.0,29
551,Joe Hodge,0.07274388510548446,0.0,29
553,João Victor Gomes da Silva,2.656825501512764,2.0,29
557,Mario Lemina,0.14820844871615568,0.0,29
560,Pedro Lomba Neto,3.019916623679001,1.0,29
562,Daniel Castelo Podence,0.06269416892042212,0.0,29
563,Rodrigo Martins Gomes,0.35777383379142913,0.0,29
565,Pablo Sarabia,1.6694258420590744,1.0,29
569,Jaden Philogene,2.4065157453833868,2.0,29
570,Abdul Fatawu,0.09816226788661453,0.0,29
571,Sávio 'Savinho' Moreira de Oliveira,3.6467211624734235,0.0,29
576,Andy Irving,0.8162736966919755,0.0,29
577,Jesper Lindstrøm,2.125070015831736,1.0,29
584,Ben Brereton Díaz,0.09960239378163349,0.0,29
587,Crysencio Summerville,0.160588038610888,0.0,29
588,Guido Rodríguez,0.18368885610701913,1.0,29
595,Brajan Gruda,0.6055305031430742,1.0,29
596,João Pedro Ferreira Silva,0.7229434001661197,6.0,29
597,Myles Lewis-Skelly,0.7749188552035671,3.0,29
600,Yasin Ayari,1.6109325853703398,1.0,29
601,Andrew Moran,0.06983784578843988,0.0,29
602,Ryan Trevitt,0.08414879086682436,0.0,29
603,Harrison Armstrong,0.12178031682139556,0.0,29
604,Josh King,0.18370866004975817,0.0,29
605,Martial Godo,0.09125566972411336,0.0,29
606,Will Alves,0.07244189463792328,0.0,29
607,Nico O'Reilly,0.4420284426998471,0.0,29
608,Tyler Dibling,1.4969284220247285,5.0,29
610,Mikey Moore,0.30877122693010106,0.0,29
611,Sam Szmodics,0.30458173234854424,0.0,29
612,Wilson Odobert,1.8015821906221205,1.0,29
613,Toby Collyer,0.7304290768756521,1.0,29
614,Jenson Metcalfe,0.06269416892042212,0.0,29
618,Georginio Rutter,2.427322968702497,5.0,29
619,Jens Cajuste,1.4167632983568978,7.0,29
620,Ramón Sosa,0.2026754723134534,0.0,29
621,João Félix Sequeira,0.16810430698896583,0.0,29
622,Sander Berge,1.3531718782473252,3.0,29
623,Mateus Gonçalo Espanha Fernandes,1.8162117530430377,1.0,29
625,Ilkay Gündogan,1.1496734646963649,5.0,29
629,Matt O'Riley,0.5336946208459623,0.0,29
631,Jack Clarke,1.668103069539593,4.0,29
632,Chiedozie Ogbene,0.062392178452860936,0.0,29
633,Mikel Merino,3.6014117367797676,8.0,29
634,Gustavo Nunes Fernandes Gomes,0.062392178452860936,0.0,29
635,Bilal El Khannouss,1.8700315919764945,1.0,29
638,Salah-Eddine Oulad M'hand,0.06350567472769741,0.0,29
642,André Trindade da Costa Neto,2.012411555551661,2.0,29
651,Orel Mangala,0.3296885354276333,0.0,29
652,Manuel Ugarte,1.528427886799407,3.0,29
654,Carlos Soler,1.0985079628371848,1.0,29
655,Carlos Roberto Forbs Borges,0.09632511178307013,0.0,29
659,Ismeal Kabia,0.06875007061956806,0.0,29
661,Tony Yogane,0.06318394533028782,0.0,29
667,Jack Fletcher,0.06271390785027053,0.0,29
671,Jacob Wright,0.06350567472769741,0.0,29
673,Jayce Fitzgerald,0.06271390785027053,0.0,29
674,Paris Maghoma,0.8913560971439907,0.0,29
678,Callum Bates,0.07176162055608293,0.0,29
682,Tom Edozie,0.0730919337023268,0.0,29
683,Callum Olusesi,0.0642308745040312,0.0,29
687,Ben Winterburn,0.07499138176940656,0.0,29
689,Luca Williams-Barnett,0.06343910762660432,0.0,29
693,Joseph O'Brien-Whitmarsh,0.062392178452860936,0.0,29
694,Henry Cartwright,0.06318394533028782,0.0,29
695,Samuel Rak-Sakyi,0.06318394533028782,0.0,29
696,Tyrique George,1.1990158273996183,1.0,29
701,Lewis Orford,0.28862272831069147,0.0,29
714,Diego Gómez,1.337108481487551,2.0,29
717,Min-Hyeok Yang,0.06343910762660432,0.0,29
723,Dominic Sadi,0.063485935797849,0.0,29
728,Zain Silcott-Duberry,0.08123219678058602,0.0,29
729,Damola Ajayi,0.07250655926226512,0.0,29
734,Albert Grønbæk,0.7287203878934663,1.0,29
758,Joe Knight,0.07890529742410068,0.0,29
765,Nico González,1.7747216418849137,2.0,29
768,Mathys Tel,1.1991276766610852,3.0,29
770,Marshall Munetsi,2.52627443760747,3.0,29
771,Mathis Amougou,0.4920868944781982,0.0,29
772,Willian Borges da Silva,0.9862435495966912,3.0,29
773,Isaac Heath,0.06269416892042212,0.0,29
775,Coby Ebere,0.06269416892042212,0.0,29
778,Jack Moorhouse,0.06271390785027053,0.0,29
779,Sékou Koné,0.06350567472769741,0.0,29
785,Claudio Echeverri,0.07276362403533287,0.0,29
1,Fábio Ferreira Vieira,0.059285332523297374,0.0,30
7,Jorge Luiz Frello Filho,0.341442951089002,0.0,30
9,Gabriel Martinelli Silva,2.287044718846989,5.0,30
10,Reiss Nelson,0.06804948637315933,0.0,30
12,Ethan Nwaneri,2.0769938873876415,6.0,30
13,Martin Ødegaard,2.9920866281910286,2.0,30
16,Declan Rice,3.262922410723715,1.0,30
17,Bukayo Saka,1.8857566131463885,6.0,30
19,Emile Smith Rowe,1.654508843270821,2.0,30
20,Thomas Partey,2.228786894786473,2.0,30
23,Leandro Trossard,2.847521822742955,1.0,30
28,Leon Bailey,2.1206193206465507,0.0,30
29,Ross Barkley,1.2381333630111326,0.0,30
30,Enzo Barrenechea,0.41762263444763903,0.0,30
31,Emiliano Buendía Stati,0.7799734070182596,0.0,30
33,Leander Dendoncker,0.9133919569202571,0.0,30
34,Moussa Diaby,0.4135588747218666,0.0,30
37,Lewis Dobbin,0.2020583667657978,0.0,30
41,Samuel Iling-Junior,0.41762263444763903,0.0,30
42,Boubacar Kamara,1.230093738886918,3.0,30
48,John McGinn,1.9489184915172864,3.0,30
53,Jacob Ramsey,1.9347389912867854,3.0,30
54,Morgan Rogers,2.774534225175346,9.0,30
57,Youri Tielemans,2.6915017648533706,3.0,30
60,Tyler Adams,1.9685165223328216,1.0,30
61,Jaidon Anthony,0.059285332523297374,0.0,30
62,David Brooks,2.7573330875289264,1.0,30
63,Ryan Christie,2.4032414882314432,1.0,30
64,Lewis Cook,2.224737329906554,5.0,30
66,Romain Faivre,0.059285332523297374,0.0,30
67,Hamed Traorè,0.059285332523297374,0.0,30
71,Justin Kluivert,2.933208104785817,0.0,30
74,Dango Ouattara,2.872276626344809,2.0,30
76,Philip Billing,0.10399789608689503,0.0,30
77,Alex Scott,1.9645388784917737,1.0,30
78,Antoine Semenyo,3.132811856000579,2.0,30
80,Luis Sinisterra,1.5556906883880668,0.0,30
83,Marcus Tavernier,2.6617160697007822,0.0,30
87,Ethan Brierley,0.05156696352508883,0.0,30
89,Mikkel Damsgaard,2.5611914428781333,1.0,30
90,Josh Dasilva,0.05156696352508883,0.0,30
94,Vitaly Janelt,1.468739333447524,1.0,30
95,Mathias Jensen,0.7100268911878205,0.0,30
97,Yunus Emre Konak,0.49540975174808066,0.0,30
98,Keane Lewis-Potter,2.134949047365998,1.0,30
99,Bryan Mbeumo,4.271676269038767,7.0,30
101,Christian Nørgaard,2.0572530980827475,2.0,30
102,Frank Onyeka,0.05156696352508883,0.0,30
103,Myles Peart-Harris,0.05156696352508883,0.0,30
106,Kevin Schade,2.88227325017019,2.0,30
111,Yehor Yarmoliuk,1.4801998146372304,2.0,30
113,Simon Adingra,0.6950233907685801,2.0,30
114,Benicio Baker-Boaitey,0.05156696352508883,0.0,30
115,Carlos Baleba,1.996765499842443,1.0,30
117,Facundo Buonanotte,1.3093204087148562,1.0,30
118,Amario Cozier-Duberry,0.05156696352508883,0.0,30
119,Mahmoud Dahoud,0.05156696352508883,0.0,30
121,Julio Enciso,1.7264451655819872,5.0,30
124,Billy Gilmour,0.05156696352508883,0.0,30
125,Pascal Groß,0.05156696352508883,0.0,30
126,Jack Hinshelwood,2.246502271269967,1.0,30
127,Ibrahim Osman,0.05156696352508883,0.0,30
130,Kacper Kozłowski,0.05156696352508883,0.0,30
132,Solly March,0.3981498115894766,0.0,30
133,Adrian Mazilu,0.05156696352508883,0.0,30
134,James Milner,0.05156696352508883,0.0,30
135,Yankuba Minteh,2.950556014960907,0.0,30
136,Mitoma Kaoru,2.6241428065040084,2.0,30
137,Jakub Moder,0.06822119598232934,0.0,30
140,Cameron Peupion,0.05156696352508883,0.0,30
141,Jeremy Sarmiento Morante,0.05156696352508883,0.0,30
149,Mats Wieffer,0.5416275461880153,1.0,30
150,Andrey Nascimento dos Santos,0.053473051425217744,0.0,30
151,Ângelo Gabriel Borges Damaceno,0.053473051425217744,0.0,30
157,Moisés Caicedo Corozo,2.1415305373626277,3.0,30
158,Cesare Casadei,0.053473051425217744,0.0,30
161,Carney Chukwuemeka,0.053473051425217744,0.0,30
166,Kiernan Dewsbury-Hall,0.4744830045693247,1.0,30
168,Enzo Fernández,3.4517143401740764,8.0,30
169,Conor Gallagher,0.053473051425217744,0.0,30
173,Omari Kellyman,0.0851484439001089,0.0,30
174,Roméo Lavia,0.25934833733453955,0.0,30
177,Noni Madueke,0.6492130334358643,1.0,30
179,Mykhailo Mudryk,0.07442826124844171,0.0,30
181,Christopher Nkunku,3.3570904890524265,0.0,30
182,Cole Palmer,2.6752137325186878,5.0,30
184,Renato Palma Veiga,0.05776683126101512,0.0,30
186,Raheem Sterling,1.1321083619312056,0.0,30
188,Lesley Ugochukwu,1.3246327262034319,3.0,30
190,Naouirou Ahamada,0.6741588043873827,0.0,30
192,Jordan Ayew,0.9650878000097016,1.0,30
193,Cheick Doucouré,0.7231640841888956,0.0,30
197,Malcolm Ebiowei,0.26444501580216473,0.0,30
199,Eberechi Eze,2.243351688924652,2.0,30
203,Will Hughes,1.2339907110473929,0.0,30
205,Daichi Kamada,1.2688887700575675,1.0,30
206,Jefferson Lerma Solís,1.7371526100064338,5.0,30
208,Matheus França de Oliveira,0.8796261501958837,6.0,30
212,David Ozoh,0.07492156152115959,0.0,30
213,Jesurun Rak-Sakyi,0.4192459165362128,0.0,30
214,Jeffrey Schlupp,0.5944808250709848,0.0,30
216,Adam Wharton,2.1760620011028564,1.0,30
217,Abdoulaye Doucouré,1.8851116948304485,2.0,30
222,Idrissa Gueye,2.05695711901509,2.0,30
223,James Garner,1.9652533419709206,2.0,30
224,Jack Harrison,2.7213689320776364,2.0,30
226,Tim Iroegbunam,0.6766611706454011,1.0,30
230,Dwight McNeil,0.06472945771346383,0.0,30
233,Amadou Onana,1.5986660895490123,1.0,30
239,Adama Traoré,1.9169627972761463,2.0,30
240,Andreas Hoelgebaum Pereira,2.7330264179421846,0.0,30
243,Tom Cairney,0.8282626397431816,0.0,30
246,Luke Harris,0.05156696352508883,0.0,30
247,Alex Iwobi,2.333753106153172,1.0,30
249,Saša Lukić,1.4056408726285161,1.0,30
254,Harrison Reed,0.5643163352539236,0.0,30
259,Harry Wilson,0.27120857928470565,0.0,30
262,Nathan Broadhead,0.996503178874268,7.0,30
264,Wes Burns,0.13959940605079169,0.0,30
265,Conor Chaplin,0.07554454370074382,0.0,30
271,Marcus Myers-Harness,0.05156696352508883,0.0,30
273,Cameron Humphreys,0.05156696352508883,0.0,30
274,Omari Giraud-Hutchinson,2.0017894740499296,0.0,30
277,Massimo Luongo,0.2519316425550602,0.0,30
278,Sam Morsy,0.4141511446956634,2.0,30
281,Jack Taylor,0.8397412299141487,1.0,30
285,Boubakary Soumaré,2.0461069215406225,2.0,30
287,Hamza Choudhury,0.710626736140759,0.0,30
290,Bobby De Cordova-Reid,0.6743509465131825,0.0,30
292,Michael Golding,0.05156696352508883,0.0,30
297,Wanya Marçal-Madivádua,0.05156696352508883,0.0,30
298,Stephy Mavididi,0.9363948144388283,0.0,30
299,Kasey McAteer,0.5609600104082735,0.0,30
300,Wilfred Ndidi,2.031728768540362,2.0,30
309,Harry Winks,1.205054725720891,0.0,30
312,Stefan Bajčetić Maquieira,0.4619698297716699,0.0,30
314,Fábio Freitas Gouveia Carvalho,0.6406573622813583,0.0,30
315,Bobby Clark,0.42479901799133746,0.0,30
317,Diogo Teixeira da Silva,2.27535544337153,7.0,30
318,Ben Doak,0.42479901799133746,0.0,30
319,Harvey Elliott,1.5109039935197996,0.0,30
320,Endo Wataru,0.9260398687485694,1.0,30
323,Ryan Gravenberch,2.499472204724735,3.0,30
324,Curtis Jones,2.131080781643009,3.0,30
327,Luis Díaz,3.2872046238896457,6.0,30
328,Mohamed Salah,5.520461214552771,3.0,30
329,Alexis Mac Allister,3.0149887025259936,3.0,30
330,James McConnell,0.40557336232512986,0.0,30
331,Tyler Morton,0.7093222725828552,0.0,30
336,Dominik Szoboszlai,3.574140022708818,3.0,30
342,Bernardo Veiga de Carvalho e Silva,2.0908287794743927,0.0,30
343,Oscar Bobb,0.07408732949679164,1.0,30
345,Kevin De Bruyne,1.730419223547039,0.0,30
346,Jérémy Doku,2.8210091935714265,3.0,30
348,Phil Foden,2.7164242889082963,0.0,30
349,Jack Grealish,0.44246257234288056,8.0,30
354,Mateo Kovačić,2.070643732065606,0.0,30
356,Matheus Luiz Nunes,1.595519335878751,3.0,30
357,James McAtee,1.476151256965501,1.0,30
359,Kalvin Phillips,1.4264763722910256,1.0,30
360,Rodrigo 'Rodri' Hernandez,0.06658985942434192,0.0,30
364,Amad Diallo,0.7968377096196577,0.0,30
365,Antony Matheus dos Santos,0.12867463317190309,0.0,30
366,Bruno Borges Fernandes,4.448543716980184,2.0,30
368,Carlos Henrique Casimiro,2.352556837663383,0.0,30
370,Christian Eriksen,1.2366202666042767,0.0,30
372,Alejandro Garnacho,2.5479756030521665,1.0,30
373,Hannibal Mejbri,0.053473051425217744,0.0,30
378,Kobbie Mainoo,0.19435783464466283,0.0,30
381,Scott McTominay,0.05393760601248454,0.0,30
382,Mason Mount,0.3785812580980146,1.0,30
384,Facundo Pellistri Rebollo,0.053473051425217744,0.0,30
385,Marcus Rashford,2.3636319464828457,8.0,30
386,Jadon Sancho,2.1986291348379927,3.0,30
391,Miguel Almirón Rejala,1.2412077983791594,0.0,30
392,Harvey Barnes,2.6775732408228814,5.0,30
394,Bruno Guimarães Rodriguez Moura,3.1844024643994127,2.0,30
397,Ryan Fraser,0.06389382618797956,0.0,30
398,Anthony Gordon,1.4124642984463183,0.0,30
400,Isaac Hayden,0.4304538993150664,0.0,30
402,Jacob Murphy,2.8896162865604333,5.0,30
403,Joelinton Cássio Apolinário de Lira,1.8003088945974746,2.0,30
406,Garang Kuol,0.39115548795809607,0.0,30
410,Sean Longstaff,1.3053183222432487,0.0,30
411,Lewis Miley,1.407115011979669,1.0,30
417,Sandro Tonali,2.44889169969169,7.0,30
419,Joe White,0.7687464528422501,0.0,30
420,Joe Willock,1.72888899255826,1.0,30
423,Elliot Anderson,2.323466626430763,3.0,30
426,Josh Bowler,0.053473051425217744,0.0,30
428,Eric da Silva Moreira,0.24463057210086925,0.0,30
429,Danilo dos Santos de Oliveira,0.6657031258135557,1.0,30
431,Nicolás Domínguez,2.074194256592537,1.0,30
432,Anthony Elanga,3.2204546853309637,8.0,30
433,Morgan Gibbs-White,3.3146286365286466,3.0,30
434,Callum Hudson-Odoi,2.5516010515808576,0.0,30
435,Alex Mighten,0.053473051425217744,0.0,30
439,Lewis O'Brien,0.053473051425217744,0.0,30
442,Ibrahim Sangaré,1.1259374326792804,1.0,30
449,Ryan Yates,1.7549589666677186,6.0,30
450,Carlos Alcaraz Durán,2.177088595875828,2.0,30
451,Samuel Amo-Ameyaw,0.05862415810431454,0.0,30
452,Joe Aribo,1.7822875879031503,1.0,30
458,Shea Charles,0.05156696352508883,0.0,30
459,Samuel Edozie,0.05156696352508883,0.0,30
462,Kamaldeen Sulemana,1.7314079890906875,3.0,30
463,Adam Lallana,0.24943720802992342,0.0,30
471,Will Smallbone,1.6183704176616232,0.0,30
480,Rodrigo Bentancur,1.9210347615657497,2.0,30
481,Lucas Bergvall,1.927714544601188,2.0,30
482,Yves Bissouma,0.8983403236654057,0.0,30
483,Bryan Gil Salvatierra,0.05156696352508883,0.0,30
485,Alfie Devine,0.05156696352508883,0.0,30
489,Archie Gray,1.7722761108203526,0.0,30
490,Pierre-Emile Højbjerg,0.05156696352508883,0.0,30
491,Brennan Johnson,1.6019214521955476,0.0,30
492,Dejan Kulusevski,1.4427758116604386,0.0,30
493,Giovani Lo Celso,0.05156696352508883,0.0,30
494,James Maddison,1.6417503885631621,2.0,30
499,Pape Matar Sarr,1.9805901099278342,0.0,30
501,Oliver Skipp,0.25448654452484964,0.0,30
502,Manor Solomon,0.05156696352508883,0.0,30
503,Son Heung-min,2.2847945045332487,2.0,30
509,Timo Werner,0.19572636186701864,0.0,30
511,Edson Álvarez Velázquez,1.0044045446522567,1.0,30
514,Jarrod Bowen,2.0346082814854016,2.0,30
515,Maxwel Cornet,0.053781061653552786,0.0,30
518,Flynn Downes,0.7123517750692971,2.0,30
519,George Earthy,0.053473051425217744,0.0,30
525,Mohammed Kudus,2.342735123027974,0.0,30
526,Luis Guilherme Lira dos Santos,0.24723682795930246,1.0,30
527,Lucas Tolentino Coelho de Lima,1.768974184352098,2.0,30
530,Tomáš Souček,2.8394079491546593,1.0,30
531,James Ward-Prowse,2.9710957674939387,2.0,30
534,Boubacar Traoré,0.05156696352508883,1.0,30
535,Jean-Ricner Bellegarde,2.425323475960851,3.0,30
537,Francisco Jorge Tomás Oliveira,0.05156696352508883,0.0,30
538,Tawanda Chirewa,0.05156696352508883,0.0,30
540,Luke Cundle,0.05156696352508883,0.0,30
544,Tommy Doyle,0.8206924495449366,0.0,30
547,Enso González,0.05156696352508883,0.0,30
548,Gonçalo Manuel Ganchinho Guedes,0.8980354849090477,0.0,30
550,Hwang Hee-chan,0.2723877388966147,0.0,30
551,Joe Hodge,0.05156696352508883,0.0,30
553,João Victor Gomes da Silva,2.147227703667811,2.0,30
557,Mario Lemina,0.09958964460088415,0.0,30
560,Pedro Lomba Neto,2.888093207040236,2.0,30
562,Daniel Castelo Podence,0.052031518112355624,0.0,30
563,Rodrigo Martins Gomes,0.18986717102693706,0.0,30
565,Pablo Sarabia,1.3239846202520855,1.0,30
569,Jaden Philogene,2.5773658876500694,0.0,30
570,Abdul Fatawu,0.062032519247777085,0.0,30
571,Sávio 'Savinho' Moreira de Oliveira,3.748416905993583,6.0,30
576,Andy Irving,0.6601210489156668,0.0,30
577,Jesper Lindstrøm,1.48256783983956,0.0,30
584,Ben Brereton Díaz,0.059832479964964325,0.0,30
585,Ismaïla Sarr,3.740792448753668,2.0,30
587,Crysencio Summerville,0.13997620286155144,0.0,30
588,Guido Rodríguez,0.29968717142636114,0.0,30
595,Brajan Gruda,0.760711957095773,2.0,30
596,João Pedro Ferreira Silva,2.23395912819107,0.0,30
597,Myles Lewis-Skelly,1.6672087577885346,2.0,30
600,Yasin Ayari,1.412397829923493,2.0,30
601,Andrew Moran,0.05156696352508883,0.0,30
602,Ryan Trevitt,0.05232594304367533,0.0,30
603,Harrison Armstrong,0.0720727238648502,0.0,30
604,Josh King,0.12247968001720855,0.0,30
605,Martial Godo,0.057363141021180564,0.0,30
606,Will Alves,0.05156696352508883,0.0,30
607,Nico O'Reilly,0.8579646813753419,3.0,30
608,Tyler Dibling,1.9001575083760232,1.0,30
610,Mikey Moore,0.16904657965533465,0.0,30
611,Sam Szmodics,0.2533497212223681,0.0,30
612,Wilson Odobert,1.2581704310369668,2.0,30
613,Toby Collyer,1.368108098177017,0.0,30
614,Jenson Metcalfe,0.05156696352508883,0.0,30
618,Georginio Rutter,2.081976586901397,0.0,30
619,Jens Cajuste,1.6797833660726935,2.0,30
620,Ramón Sosa,0.17782288303288762,1.0,30
621,João Félix Sequeira,0.09503871601614611,0.0,30
622,Sander Berge,1.7178754571765849,2.0,30
623,Mateus Gonçalo Espanha Fernandes,1.6570852462954644,5.0,30
625,Ilkay Gündogan,2.3556623786246558,3.0,30
629,Matt O'Riley,0.3349175339507626,1.0,30
631,Jack Clarke,1.4391131281301828,1.0,30
632,Chiedozie Ogbene,0.06092055246694361,0.0,30
633,Mikel Merino,3.346990378604982,7.0,30
634,Gustavo Nunes Fernandes Gomes,0.05156696352508883,0.0,30
635,Bilal El Khannouss,1.8357361879758347,1.0,30
636,Federico Chiesa,0.9866367815763075,0.0,30
638,Salah-Eddine Oulad M'hand,0.059285332523297374,0.0,30
642,André Trindade da Costa Neto,1.6055664779428351,2.0,30
644,Franco Umeh-Chibueze,0.33261288550179025,0.0,30
645,Justin Devenny,1.0318815588993546,1.0,30
646,Asher Agbinone,0.6804375921983481,0.0,30
647,Kaden Rodney,0.4098398199560207,0.0,30
651,Orel Mangala,0.23999064274846837,0.0,30
652,Manuel Ugarte,1.8786999290385271,1.0,30
654,Carlos Soler,1.322148096710193,1.0,30
655,Carlos Roberto Forbs Borges,0.06734779917004863,0.0,30
656,Kadan Young,0.8396153833129092,0.0,30
659,Ismeal Kabia,0.059285332523297374,0.0,30
661,Tony Yogane,0.05156696352508883,0.0,30
667,Jack Fletcher,0.053473051425217744,0.0,30
671,Jacob Wright,0.06658985942434192,0.0,30
673,Jayce Fitzgerald,0.053473051425217744,0.0,30
674,Paris Maghoma,0.5506554316018044,1.0,30
678,Callum Bates,0.05156696352508883,0.0,30
679,Ben Broggio,0.4007846291091304,0.0,30
682,Tom Edozie,0.05156696352508883,0.0,30
683,Callum Olusesi,0.05156696352508883,0.0,30
687,Ben Winterburn,0.05939112844182537,0.0,30
688,Treymaurice Nyoni,0.3291331335694485,0.0,30
689,Luca Williams-Barnett,0.05156696352508883,0.0,30
693,Joseph O'Brien-Whitmarsh,0.05156696352508883,0.0,30
694,Henry Cartwright,0.06092055246694361,0.0,30
695,Samuel Rak-Sakyi,0.06282664036707253,0.0,30
696,Tyrique George,1.1113139325948103,0.0,30
701,Lewis Orford,0.13105038621354792,0.0,30
710,Jamaldeen Jimoh,0.3103926709045144,0.0,30
714,Diego Gómez,2.05843812717111,2.0,30
717,Min-Hyeok Yang,0.05156696352508883,0.0,30
723,Dominic Sadi,0.059285332523297374,0.0,30
725,Donyell Malen,1.023848490150522,6.0,30
728,Zain Silcott-Duberry,0.07443509896124301,0.0,30
729,Damola Ajayi,0.05156696352508883,0.0,30
730,Romain Esse,1.05195103885778,0.0,30
734,Albert Grønbæk,0.5104515537844789,0.0,30
758,Joe Knight,0.05156696352508883,0.0,30
762,Marco Asensio,2.3294998123602184,9.0,30
765,Nico González,2.880743595743297,2.0,30
768,Mathys Tel,1.6100043358755576,1.0,30
770,Marshall Munetsi,1.6885431335427352,3.0,30
771,Mathis Amougou,0.4658077425883391,0.0,30
772,Willian Borges da Silva,1.2469022235188696,1.0,30
773,Isaac Heath,0.05156696352508883,0.0,30
775,Coby Ebere,0.05156696352508883,0.0,30
778,Jack Moorhouse,0.05457383558925111,0.0,30
779,Sékou Koné,0.053473051425217744,0.0,30
785,Claudio Echeverri,0.06658985942434192,0.0,30
790,Jimi Gower,0.059285332523297374,0.0,30
1,Fábio Ferreira Vieira,0.0,0.0,31
7,Jorge Luiz Frello Filho,0.6499999999999999,1.0,31
9,Gabriel Martinelli Silva,2.75,1.0,31
10,Reiss Nelson,0.0,0.0,31
12,Ethan Nwaneri,3.17,1.0,31
13,Martin Ødegaard,3.75,1.0,31
16,Declan Rice,3.0599999999999996,2.0,31
17,Bukayo Saka,3.2300000000000004,1.0,31
19,Emile Smith Rowe,1.4800000000000004,0.0,31
20,Thomas Partey,2.71,0.0,31
23,Leandro Trossard,2.4299999999999997,7.0,31
28,Leon Bailey,0.4900000000000002,0.0,31
29,Ross Barkley,0.06000000000000005,0.0,31
30,Enzo Barrenechea,0.0,0.0,31
31,Emiliano Buendía Stati,0.16999999999999993,0.0,31
33,Leander Dendoncker,0.0,0.0,31
34,Moussa Diaby,0.0,0.0,31
37,Lewis Dobbin,0.0,0.0,31
41,Samuel Iling-Junior,0.0,0.0,31
42,Boubacar Kamara,1.9000000000000004,1.0,31
48,John McGinn,1.5599999999999996,1.0,31
53,Jacob Ramsey,1.7199999999999998,1.0,31
54,Morgan Rogers,4.14,7.0,31
57,Youri Tielemans,2.3200000000000003,5.0,31
60,Tyler Adams,1.6900000000000004,2.0,31
61,Jaidon Anthony,0.1672857142857147,0.0,31
62,David Brooks,1.7800000000000002,1.0,31
63,Ryan Christie,3.4299999999999997,0.0,31
64,Lewis Cook,3.33,1.0,31
66,Romain Faivre,0.0,0.0,31
67,Hamed Traorè,0.0,0.0,31
71,Justin Kluivert,2.1100000000000003,0.0,31
74,Dango Ouattara,2.7699999999999996,2.0,31
76,Philip Billing,0.8399999999999999,0.0,31
77,Alex Scott,1.8600000000000003,2.0,31
78,Antoine Semenyo,3.3499999999999996,5.0,31
80,Luis Sinisterra,1.12,0.0,31
83,Marcus Tavernier,2.0700000000000003,0.0,31
87,Ethan Brierley,0.1200000000000001,0.0,31
89,Mikkel Damsgaard,2.3600000000000003,3.0,31
90,Josh Dasilva,0.0,0.0,31
94,Vitaly Janelt,1.2699999999999996,1.0,31
95,Mathias Jensen,0.8999999999999999,1.0,31
97,Yunus Emre Konak,0.3500000000000001,0.0,31
98,Keane Lewis-Potter,2.13,3.0,31
99,Bryan Mbeumo,4.65,3.0,31
101,Christian Nørgaard,2.5,3.0,31
102,Frank Onyeka,0.0,0.0,31
103,Myles Peart-Harris,0.0,0.0,31
106,Kevin Schade,2.95,3.0,31
111,Yehor Yarmoliuk,1.37,3.0,31
113,Simon Adingra,1.5700000000000003,1.0,31
114,Benicio Baker-Boaitey,0.0,0.0,31
115,Carlos Baleba,2.5700000000000003,2.0,31
117,Facundo Buonanotte,0.77,1.0,31
118,Amario Cozier-Duberry,0.0,0.0,31
119,Mahmoud Dahoud,0.0,0.0,31
121,Julio Enciso,2.4000000000000004,1.0,31
124,Billy Gilmour,0.0,0.0,31
125,Pascal Groß,0.0,0.0,31
126,Jack Hinshelwood,2.0199999999999996,2.0,31
127,Ibrahim Osman,0.0,0.0,31
130,Kacper Kozłowski,0.0,0.0,31
132,Solly March,0.48,0.0,31
133,Adrian Mazilu,0.0,0.0,31
134,James Milner,0.0,0.0,31
135,Yankuba Minteh,2.0700000000000003,5.0,31
136,Mitoma Kaoru,2.91,2.0,31
137,Jakub Moder,0.08999999999999986,0.0,31
140,Cameron Peupion,0.0,0.0,31
141,Jeremy Sarmiento Morante,0.0,0.0,31
149,Mats Wieffer,1.5599999999999996,1.0,31
150,Andrey Nascimento dos Santos,0.0,0.0,31
151,Ângelo Gabriel Borges Damaceno,0.0,0.0,31
157,Moisés Caicedo Corozo,2.8200000000000003,3.0,31
158,Cesare Casadei,0.029999999999999805,0.0,31
161,Carney Chukwuemeka,0.0,0.0,31
166,Kiernan Dewsbury-Hall,0.77,1.0,31
168,Enzo Fernández,4.3,2.0,31
169,Conor Gallagher,0.0,0.0,31
173,Omari Kellyman,0.3700000000000001,0.0,31
174,Roméo Lavia,0.16999999999999993,0.0,31
177,Noni Madueke,0.7599999999999998,1.0,31
179,Mykhailo Mudryk,0.9199999999999999,0.0,31
181,Christopher Nkunku,2.05,1.0,31
182,Cole Palmer,5.91,1.0,31
184,Renato Palma Veiga,0.009999999999999787,0.0,31
186,Raheem Sterling,0.81,4.0,31
188,Lesley Ugochukwu,1.67,1.0,31
190,Naouirou Ahamada,0.0066666666666663765,0.0,31
192,Jordan Ayew,1.7000000000000002,0.0,31
193,Cheick Doucouré,0.020000000000000018,0.0,31
197,Malcolm Ebiowei,0.0,0.0,31
199,Eberechi Eze,2.9699999999999998,8.0,31
203,Will Hughes,1.04,1.0,31
205,Daichi Kamada,1.6100000000000003,2.0,31
206,Jefferson Lerma Solís,2.2699999999999996,2.0,31
208,Matheus França de Oliveira,1.6600000000000001,0.0,31
212,David Ozoh,0.0,0.0,31
213,Jesurun Rak-Sakyi,0.0,0.0,31
214,Jeffrey Schlupp,0.009999999999999787,0.0,31
216,Adam Wharton,2.1500000000000004,2.0,31
217,Abdoulaye Doucouré,1.6100000000000003,2.0,31
222,Idrissa Gueye,2.05,2.0,31
223,James Garner,1.9699999999999998,1.0,31
224,Jack Harrison,2.1500000000000004,5.0,31
226,Tim Iroegbunam,0.9300000000000002,2.0,31
230,Dwight McNeil,0.040000000000000036,1.0,31
233,Amadou Onana,0.33000000000000007,2.0,31
239,Adama Traoré,1.33,1.0,31
240,Andreas Hoelgebaum Pereira,1.67,2.0,31
243,Tom Cairney,0.4700000000000002,0.0,31
246,Luke Harris,0.0,0.0,31
247,Alex Iwobi,1.4900000000000002,10.0,31
249,Saša Lukić,1.79,1.0,31
254,Harrison Reed,0.43000000000000016,1.0,31
259,Harry Wilson,0.20999999999999996,0.0,31
262,Nathan Broadhead,2.2300000000000004,3.0,31
264,Wes Burns,0.06000000000000005,0.0,31
265,Conor Chaplin,0.0,1.0,31
271,Marcus Myers-Harness,0.0,0.0,31
273,Cameron Humphreys,0.0,0.0,31
274,Omari Giraud-Hutchinson,1.25,0.0,31
277,Massimo Luongo,0.0,0.0,31
278,Sam Morsy,1.1500000000000004,2.0,31
281,Jack Taylor,1.42,1.0,31
285,Boubakary Soumaré,1.7699999999999996,2.0,31
287,Hamza Choudhury,0.3500000000000001,0.0,31
290,Bobby De Cordova-Reid,0.4700000000000002,0.0,31
292,Michael Golding,0.0,0.0,31
297,Wanya Marçal-Madivádua,0.0,0.0,31
298,Stephy Mavididi,0.5699999999999998,1.0,31
299,Kasey McAteer,0.10000000000000009,0.0,31
300,Wilfred Ndidi,2.1799999999999997,1.0,31
309,Harry Winks,1.2699999999999996,0.0,31
312,Stefan Bajčetić Maquieira,0.0,0.0,31
314,Fábio Freitas Gouveia Carvalho,0.3700000000000001,0.0,31
315,Bobby Clark,0.0,0.0,31
317,Diogo Teixeira da Silva,3.88,2.0,31
318,Ben Doak,0.0,0.0,31
319,Harvey Elliott,2.1399999999999997,1.0,31
320,Endo Wataru,0.75,0.0,31
323,Ryan Gravenberch,1.8899999999999997,5.0,31
324,Curtis Jones,3.5300000000000002,2.0,31
327,Luis Díaz,5.65,6.0,31
328,Mohamed Salah,8.76,2.0,31
329,Alexis Mac Allister,1.8499999999999996,7.0,31
330,James McConnell,0.0,0.0,31
331,Tyler Morton,0.009999999999999787,0.0,31
336,Dominik Szoboszlai,2.8899999999999997,1.0,31
342,Bernardo Veiga de Carvalho e Silva,0.71,2.0,31
343,Oscar Bobb,0.54,0.0,31
345,Kevin De Bruyne,0.6600000000000001,3.0,31
346,Jérémy Doku,2.6799999999999997,1.0,31
348,Phil Foden,1.1100000000000003,1.0,31
349,Jack Grealish,3.37,1.0,31
354,Mateo Kovačić,0.81,3.0,31
356,Matheus Luiz Nunes,1.5899999999999999,3.0,31
357,James McAtee,1.6900000000000004,0.0,31
359,Kalvin Phillips,1.9500000000000002,0.0,31
360,Rodrigo 'Rodri' Hernandez,0.0,0.0,31
364,Amad Diallo,0.3500000000000001,0.0,31
365,Antony Matheus dos Santos,0.1200000000000001,0.0,31
366,Bruno Borges Fernandes,3.09,3.0,31
368,Carlos Henrique Casimiro,2.24,3.0,31
370,Christian Eriksen,1.4699999999999998,0.0,31
372,Alejandro Garnacho,2.6100000000000003,3.0,31
373,Hannibal Mejbri,0.0,0.0,31
378,Kobbie Mainoo,0.16999999999999993,0.0,31
381,Scott McTominay,0.0,0.0,31
382,Mason Mount,0.7400000000000002,0.0,31
384,Facundo Pellistri Rebollo,0.0,0.0,31
385,Marcus Rashford,2.3,1.0,31
386,Jadon Sancho,2.84,3.0,31
391,Miguel Almirón Rejala,0.25,0.0,31
392,Harvey Barnes,3.8,8.0,31
394,Bruno Guimarães Rodriguez Moura,2.2800000000000002,3.0,31
397,Ryan Fraser,0.029999999999999805,0.0,31
398,Anthony Gordon,0.81,0.0,31
400,Isaac Hayden,0.0,0.0,31
402,Jacob Murphy,2.5300000000000002,13.0,31
403,Joelinton Cássio Apolinário de Lira,1.7699999999999996,6.0,31
406,Garang Kuol,0.0,0.0,31
410,Sean Longstaff,0.6499999999999999,1.0,31
411,Lewis Miley,2.3200000000000003,1.0,31
417,Sandro Tonali,2.4000000000000004,3.0,31
419,Joe White,0.0,0.0,31
420,Joe Willock,1.33,0.0,31
423,Elliot Anderson,1.7199999999999998,2.0,31
426,Josh Bowler,0.0,0.0,31
428,Eric da Silva Moreira,0.020000000000000018,0.0,31
429,Danilo dos Santos de Oliveira,0.5099999999999998,0.0,31
431,Nicolás Domínguez,1.4500000000000002,2.0,31
432,Anthony Elanga,3.1100000000000003,1.0,31
433,Morgan Gibbs-White,3.4699999999999998,2.0,31
434,Callum Hudson-Odoi,1.5099999999999998,2.0,31
435,Alex Mighten,0.0,0.0,31
439,Lewis O'Brien,0.0,0.0,31
442,Ibrahim Sangaré,0.71,0.0,31
449,Ryan Yates,2.0700000000000003,2.0,31
450,Carlos Alcaraz Durán,1.79,0.0,31
451,Samuel Amo-Ameyaw,0.0,0.0,31
452,Joe Aribo,1.87,2.0,31
458,Shea Charles,0.0,0.0,31
459,Samuel Edozie,0.0,0.0,31
462,Kamaldeen Sulemana,2.33,5.0,31
463,Adam Lallana,0.3700000000000001,0.0,31
471,Will Smallbone,2.12,1.0,31
480,Rodrigo Bentancur,2.2800000000000002,1.0,31
481,Lucas Bergvall,2.4699999999999998,3.0,31
482,Yves Bissouma,1.1600000000000001,1.0,31
483,Bryan Gil Salvatierra,0.0,0.0,31
485,Alfie Devine,0.0,0.0,31
489,Archie Gray,2.3600000000000003,1.0,31
490,Pierre-Emile Højbjerg,0.0,0.0,31
491,Brennan Johnson,2.84,15.0,31
492,Dejan Kulusevski,0.7799999999999998,0.0,31
493,Giovani Lo Celso,0.0,0.0,31
494,James Maddison,2.21,6.0,31
499,Pape Matar Sarr,2.41,1.0,31
501,Oliver Skipp,0.6200000000000001,0.0,31
502,Manor Solomon,0.0,0.0,31
503,Son Heung-min,2.79,1.0,31
509,Timo Werner,0.77,0.0,31
511,Edson Álvarez Velázquez,1.0999999999999996,1.0,31
514,Jarrod Bowen,1.9800000000000004,7.0,31
515,Maxwel Cornet,0.0,0.0,31
518,Flynn Downes,1.4100000000000001,0.0,31
519,George Earthy,0.0,0.0,31
525,Mohammed Kudus,1.8600000000000003,4.0,31
526,Luis Guilherme Lira dos Santos,1.1500000000000004,1.0,31
527,Lucas Tolentino Coelho de Lima,2.55,2.0,31
530,Tomáš Souček,1.9699999999999998,1.0,31
531,James Ward-Prowse,1.7999999999999998,4.0,31
534,Boubacar Traoré,0.6600000000000001,0.0,31
535,Jean-Ricner Bellegarde,3.1900000000000004,2.0,31
537,Francisco Jorge Tomás Oliveira,0.0,0.0,31
538,Tawanda Chirewa,0.0,0.0,31
540,Luke Cundle,0.18999999999999995,0.0,31
544,Tommy Doyle,1.0499999999999998,0.0,31
547,Enso González,0.0,0.0,31
548,Gonçalo Manuel Ganchinho Guedes,0.79,0.0,31
550,Hwang Hee-chan,0.18999999999999995,0.0,31
551,Joe Hodge,0.0,0.0,31
553,João Victor Gomes da Silva,2.3,2.0,31
557,Mario Lemina,0.1299999999999999,0.0,31
560,Pedro Lomba Neto,3.2300000000000004,1.0,31
562,Daniel Castelo Podence,0.0,0.0,31
563,Rodrigo Martins Gomes,0.25,1.0,31
565,Pablo Sarabia,2.7,9.0,31
569,Jaden Philogene,1.7599999999999998,1.0,31
570,Abdul Fatawu,0.040000000000000036,0.0,31
571,Sávio 'Savinho' Moreira de Oliveira,3.55,0.0,31
576,Andy Irving,0.6800000000000002,0.0,31
577,Jesper Lindstrøm,1.4100000000000001,0.0,31
584,Ben Brereton Díaz,0.040000000000000036,0.0,31
585,Ismaïla Sarr,3.55,2.0,31
587,Crysencio Summerville,0.020000000000000018,0.0,31
588,Guido Rodríguez,0.2599999999999998,0.0,31
595,Brajan Gruda,2.38,1.0,31
596,João Pedro Ferreira Silva,1.4000000000000004,5.0,31
597,Myles Lewis-Skelly,2.0599999999999996,2.0,31
600,Yasin Ayari,2.24,1.0,31
601,Andrew Moran,0.0,0.0,31
602,Ryan Trevitt,0.18000000000000016,0.0,31
603,Harrison Armstrong,0.009999999999999787,0.0,31
604,Josh King,0.08000000000000007,0.0,31
605,Martial Godo,0.1499999999999999,0.0,31
606,Will Alves,0.0,0.0,31
607,Nico O'Reilly,2.1900000000000004,3.0,31
608,Tyler Dibling,1.5300000000000002,2.0,31
610,Mikey Moore,0.2799999999999998,0.0,31
611,Sam Szmodics,0.2599999999999998,0.0,31
612,Wilson Odobert,1.9900000000000002,1.0,31
613,Toby Collyer,0.8700000000000001,0.0,31
614,Jenson Metcalfe,0.0,0.0,31
618,Georginio Rutter,1.17,0.0,31
619,Jens Cajuste,1.71,2.0,31
620,Ramón Sosa,0.7599999999999998,1.0,31
621,João Félix Sequeira,0.08999999999999986,0.0,31
622,Sander Berge,2.41,2.0,31
623,Mateus Gonçalo Espanha Fernandes,1.7000000000000002,7.0,31
625,Ilkay Gündogan,2.8099999999999996,3.0,31
629,Matt O'Riley,0.6600000000000001,2.0,31
631,Jack Clarke,1.37,0.0,31
632,Chiedozie Ogbene,0.0,0.0,31
633,Mikel Merino,3.0599999999999996,2.0,31
634,Gustavo Nunes Fernandes Gomes,0.0,0.0,31
635,Bilal El Khannouss,2.16,2.0,31
636,Federico Chiesa,0.10999999999999988,1.0,31
638,Salah-Eddine Oulad M'hand,0.0,0.0,31
642,André Trindade da Costa Neto,2.46,1.0,31
644,Franco Umeh-Chibueze,0.7799999999999998,0.0,31
645,Justin Devenny,0.75,1.0,31
646,Asher Agbinone,0.5800000000000001,0.0,31
647,Kaden Rodney,0.0066666666666663765,0.0,31
651,Orel Mangala,0.41000000000000014,0.0,31
652,Manuel Ugarte,1.67,3.0,31
654,Carlos Soler,1.1399999999999997,1.0,31
655,Carlos Roberto Forbs Borges,0.020000000000000018,0.0,31
656,Kadan Young,0.0,0.0,31
659,Ismeal Kabia,0.0,0.0,31
661,Tony Yogane,0.0,0.0,31
667,Jack Fletcher,0.0,0.0,31
671,Jacob Wright,0.0,0.0,31
673,Jayce Fitzgerald,0.0,0.0,31
674,Paris Maghoma,1.2000000000000002,0.0,31
678,Callum Bates,0.0,0.0,31
679,Ben Broggio,0.0,0.0,31
682,Tom Edozie,0.020000000000000018,0.0,31
683,Callum Olusesi,0.0,0.0,31
687,Ben Winterburn,0.06000000000000005,1.0,31
688,Treymaurice Nyoni,0.0,0.0,31
689,Luca Williams-Barnett,0.0,0.0,31
693,Joseph O'Brien-Whitmarsh,0.0,0.0,31
694,Henry Cartwright,0.0,0.0,31
695,Samuel Rak-Sakyi,0.0,0.0,31
696,Tyrique George,0.75,0.0,31
701,Lewis Orford,0.08999999999999986,0.0,31
710,Jamaldeen Jimoh,0.02666666666666684,0.0,31
714,Diego Gómez,2.29,2.0,31
717,Min-Hyeok Yang,0.0,0.0,31
723,Dominic Sadi,0.02666666666666684,0.0,31
725,Donyell Malen,2.83,7.0,31
728,Zain Silcott-Duberry,0.0,0.0,31
729,Damola Ajayi,0.0,0.0,31
730,Romain Esse,0.3599999999999999,0.0,31
734,Albert Grønbæk,0.52,0.0,31
758,Joe Knight,0.0,0.0,31
762,Marco Asensio,3.1500000000000004,1.0,31
765,Nico González,2.58,0.0,31
768,Mathys Tel,2.29,6.0,31
770,Marshall Munetsi,3.2300000000000004,2.0,31
771,Mathis Amougou,0.22999999999999998,0.0,31
772,Willian Borges da Silva,1.7300000000000004,0.0,31
773,Isaac Heath,0.0,0.0,31
775,Coby Ebere,0.0,0.0,31
778,Jack Moorhouse,0.0,0.0,31
779,Sékou Koné,0.0,0.0,31
785,Claudio Echeverri,0.0,0.0,31
790,Jimi Gower,0.0,0.0,31
792,Jeremy Monga,0.0,1.0,31
1,Fábio Ferreira Vieira,0.0,0.0,32
7,Jorge Luiz Frello Filho,1.3600000000000003,2.0,32
9,Gabriel Martinelli Silva,2.0700000000000003,2.0,32
10,Reiss Nelson,0.040000000000000036,0.0,32
12,Ethan Nwaneri,2.7699999999999996,3.0,32
13,Martin Ødegaard,2.9800000000000004,0.0,32
16,Declan Rice,3.05,5.0,32
17,Bukayo Saka,1.9699999999999998,1.0,32
19,Emile Smith Rowe,0.9700000000000002,1.0,32
20,Thomas Partey,1.67,8.0,32
23,Leandro Trossard,3.8499999999999996,2.0,32
28,Leon Bailey,0.54,0.0,32
29,Ross Barkley,0.009999999999999787,0.0,32
30,Enzo Barrenechea,0.0,0.0,32
31,Emiliano Buendía Stati,0.08999999999999986,0.0,32
33,Leander Dendoncker,0.020000000000000018,0.0,32
34,Moussa Diaby,0.0,0.0,32
37,Lewis Dobbin,0.0,0.0,32
41,Samuel Iling-Junior,0.0,0.0,32
42,Boubacar Kamara,1.9400000000000004,1.0,32
48,John McGinn,1.46,5.0,32
53,Jacob Ramsey,2.0,3.0,32
54,Morgan Rogers,2.71,6.0,32
57,Youri Tielemans,3.1100000000000003,6.0,32
60,Tyler Adams,1.67,2.0,32
61,Jaidon Anthony,0.029999999999999805,0.0,32
62,David Brooks,1.4400000000000004,0.0,32
63,Ryan Christie,1.9900000000000002,0.0,32
64,Lewis Cook,2.08,2.0,32
66,Romain Faivre,0.0,0.0,32
67,Hamed Traorè,0.0,0.0,32
71,Justin Kluivert,3.4400000000000004,0.0,32
74,Dango Ouattara,2.66,3.0,32
76,Philip Billing,0.009999999999999787,0.0,32
77,Alex Scott,1.87,3.0,32
78,Antoine Semenyo,3.3099999999999996,8.0,32
80,Luis Sinisterra,0.9700000000000002,0.0,32
83,Marcus Tavernier,2.42,1.0,32
87,Ethan Brierley,0.01100000000000012,0.0,32
89,Mikkel Damsgaard,3.3099999999999996,2.0,32
90,Josh Dasilva,0.0,0.0,32
94,Vitaly Janelt,1.2999999999999998,2.0,32
95,Mathias Jensen,0.69,1.0,32
97,Yunus Emre Konak,0.5099999999999998,0.0,32
98,Keane Lewis-Potter,2.37,2.0,32
99,Bryan Mbeumo,3.4000000000000004,2.0,32
101,Christian Nørgaard,2.4000000000000004,1.0,32
102,Frank Onyeka,0.015000000000000124,0.0,32
103,Myles Peart-Harris,0.0,0.0,32
106,Kevin Schade,2.8899999999999997,1.0,32
111,Yehor Yarmoliuk,1.37,0.0,32
113,Simon Adingra,0.6499999999999999,5.0,32
114,Benicio Baker-Boaitey,0.0,0.0,32
115,Carlos Baleba,2.76,2.0,32
117,Facundo Buonanotte,1.7699999999999996,0.0,32
118,Amario Cozier-Duberry,0.0,0.0,32
119,Mahmoud Dahoud,0.0,0.0,32
121,Julio Enciso,2.1900000000000004,10.0,32
124,Billy Gilmour,0.0,0.0,32
125,Pascal Groß,0.0,0.0,32
126,Jack Hinshelwood,2.3200000000000003,2.0,32
127,Ibrahim Osman,0.0,0.0,32
130,Kacper Kozłowski,0.0,0.0,32
132,Solly March,1.1600000000000001,1.0,32
133,Adrian Mazilu,0.0,0.0,32
134,James Milner,0.0,0.0,32
135,Yankuba Minteh,4.01,2.0,32
136,Mitoma Kaoru,2.67,0.0,32
137,Jakub Moder,0.2200000000000002,0.0,32
140,Cameron Peupion,0.0,0.0,32
141,Jeremy Sarmiento Morante,0.0,0.0,32
149,Mats Wieffer,2.7300000000000004,0.0,32
150,Andrey Nascimento dos Santos,0.0,0.0,32
151,Ângelo Gabriel Borges Damaceno,0.0,0.0,32
157,Moisés Caicedo Corozo,2.0199999999999996,2.0,32
158,Cesare Casadei,0.0,0.0,32
161,Carney Chukwuemeka,0.0,0.0,32
166,Kiernan Dewsbury-Hall,1.88,0.0,32
168,Enzo Fernández,4.51,2.0,32
169,Conor Gallagher,0.0,0.0,32
173,Omari Kellyman,0.0,0.0,32
174,Roméo Lavia,0.25,0.0,32
177,Noni Madueke,1.6600000000000001,5.0,32
179,Mykhailo Mudryk,0.20000000000000018,0.0,32
181,Christopher Nkunku,2.84,1.0,32
182,Cole Palmer,5.34,4.0,32
184,Renato Palma Veiga,0.10000000000000009,0.0,32
186,Raheem Sterling,1.6900000000000004,0.0,32
188,Lesley Ugochukwu,1.71,2.0,32
190,Naouirou Ahamada,0.009999999999999787,0.0,32
192,Jordan Ayew,1.0499999999999998,0.0,32
193,Cheick Doucouré,0.08999999999999986,0.0,32
197,Malcolm Ebiowei,0.0,0.0,32
199,Eberechi Eze,3.1799999999999997,7.0,32
203,Will Hughes,1.17,1.0,32
205,Daichi Kamada,1.29,1.0,32
206,Jefferson Lerma Solís,2.1399999999999997,1.0,32
208,Matheus França de Oliveira,1.3899999999999997,1.0,32
212,David Ozoh,0.06666666666666643,0.0,32
213,Jesurun Rak-Sakyi,0.0,0.0,32
214,Jeffrey Schlupp,0.18000000000000016,0.0,32
216,Adam Wharton,2.0300000000000002,5.0,32
217,Abdoulaye Doucouré,2.05,7.0,32
222,Idrissa Gueye,2.17,2.0,32
223,James Garner,1.17,3.0,32
224,Jack Harrison,2.38,3.0,32
226,Tim Iroegbunam,1.2999999999999998,0.0,32
230,Dwight McNeil,0.14000000000000012,4.0,32
233,Amadou Onana,0.9500000000000002,3.0,32
239,Adama Traoré,1.3600000000000003,1.0,32
240,Andreas Hoelgebaum Pereira,2.0599999999999996,2.0,32
243,Tom Cairney,0.18000000000000016,0.0,32
246,Luke Harris,0.0,0.0,32
247,Alex Iwobi,2.95,2.0,32
249,Saša Lukić,1.6500000000000004,2.0,32
254,Harrison Reed,1.8399999999999999,0.0,32
259,Harry Wilson,0.10000000000000009,0.0,32
262,Nathan Broadhead,2.0700000000000003,1.0,32
264,Wes Burns,0.14000000000000012,0.0,32
265,Conor Chaplin,0.6000000000000001,0.0,32
271,Marcus Myers-Harness,0.0,0.0,32
273,Cameron Humphreys,0.0,0.0,32
274,Omari Giraud-Hutchinson,0.7799999999999998,0.0,32
277,Massimo Luongo,0.1299999999999999,0.0,32
278,Sam Morsy,1.1799999999999997,1.0,32
281,Jack Taylor,2.05,1.0,32
285,Boubakary Soumaré,1.71,2.0,32
287,Hamza Choudhury,0.04999999999999982,0.0,32
290,Bobby De Cordova-Reid,0.2400000000000002,1.0,32
292,Michael Golding,0.0,0.0,32
297,Wanya Marçal-Madivádua,0.0,0.0,32
298,Stephy Mavididi,1.4699999999999998,7.0,32
299,Kasey McAteer,0.10000000000000009,2.0,32
300,Wilfred Ndidi,2.25,2.0,32
309,Harry Winks,0.69,0.0,32
312,Stefan Bajčetić Maquieira,0.0,0.0,32
314,Fábio Freitas Gouveia Carvalho,0.4900000000000002,0.0,32
315,Bobby Clark,0.0,0.0,32
317,Diogo Teixeira da Silva,3.24,1.0,32
318,Ben Doak,0.0,0.0,32
319,Harvey Elliott,1.5099999999999998,0.0,32
320,Endo Wataru,0.71,1.0,32
323,Ryan Gravenberch,2.8499999999999996,2.0,32
324,Curtis Jones,3.29,3.0,32
327,Luis Díaz,5.3100000000000005,7.0,32
328,Mohamed Salah,3.3,6.0,32
329,Alexis Mac Allister,3.75,5.0,32
330,James McConnell,0.0,0.0,32
331,Tyler Morton,0.0,0.0,32
336,Dominik Szoboszlai,2.58,1.0,32
342,Bernardo Veiga de Carvalho e Silva,2.33,0.0,32
343,Oscar Bobb,0.2599999999999998,1.0,32
345,Kevin De Bruyne,1.0499999999999998,10.0,32
346,Jérémy Doku,1.7699999999999996,1.0,32
348,Phil Foden,2.2300000000000004,0.0,32
349,Jack Grealish,1.9100000000000001,1.0,32
354,Mateo Kovačić,2.21,7.0,32
356,Matheus Luiz Nunes,1.5499999999999998,0.0,32
357,James McAtee,0.56,6.0,32
359,Kalvin Phillips,1.0599999999999996,0.0,32
360,Rodrigo 'Rodri' Hernandez,0.1200000000000001,0.0,32
364,Amad Diallo,0.16000000000000014,0.0,32
365,Antony Matheus dos Santos,0.06000000000000005,0.0,32
366,Bruno Borges Fernandes,2.2699999999999996,2.0,32
368,Carlos Henrique Casimiro,3.45,0.0,32
370,Christian Eriksen,0.96,2.0,32
372,Alejandro Garnacho,2.3600000000000003,6.0,32
373,Hannibal Mejbri,0.0,0.0,32
378,Kobbie Mainoo,0.029999999999999805,1.0,32
381,Scott McTominay,0.0,0.0,32
382,Mason Mount,1.92,1.0,32
384,Facundo Pellistri Rebollo,0.0,0.0,32
385,Marcus Rashford,2.09,3.0,32
386,Jadon Sancho,2.8099999999999996,6.0,32
391,Miguel Almirón Rejala,0.08999999999999986,0.0,32
392,Harvey Barnes,3.6500000000000004,12.0,32
394,Bruno Guimarães Rodriguez Moura,2.55,7.0,32
397,Ryan Fraser,0.1299999999999999,0.0,32
398,Anthony Gordon,0.7200000000000002,1.0,32
400,Isaac Hayden,0.0,0.0,32
402,Jacob Murphy,4.35,5.0,32
403,Joelinton Cássio Apolinário de Lira,2.2300000000000004,5.0,32
406,Garang Kuol,0.0,0.0,32
410,Sean Longstaff,0.6499999999999999,1.0,32
411,Lewis Miley,1.0,1.0,32
417,Sandro Tonali,2.4800000000000004,7.0,32
419,Joe White,0.0,0.0,32
420,Joe Willock,1.5199999999999996,0.0,32
423,Elliot Anderson,2.0199999999999996,2.0,32
426,Josh Bowler,0.0,0.0,32
428,Eric da Silva Moreira,0.0,0.0,32
429,Danilo dos Santos de Oliveira,0.43999999999999995,0.0,32
431,Nicolás Domínguez,2.2,3.0,32
432,Anthony Elanga,3.7800000000000002,1.0,32
433,Morgan Gibbs-White,3.3899999999999997,2.0,32
434,Callum Hudson-Odoi,2.4699999999999998,2.0,32
435,Alex Mighten,0.0,0.0,32
439,Lewis O'Brien,0.0,0.0,32
442,Ibrahim Sangaré,0.77,0.0,32
449,Ryan Yates,1.6900000000000004,1.0,32
450,Carlos Alcaraz Durán,1.6799999999999997,1.0,32
451,Samuel Amo-Ameyaw,0.040000000000000036,0.0,32
452,Joe Aribo,1.7300000000000004,0.0,32
458,Shea Charles,0.0,0.0,32
459,Samuel Edozie,0.0,0.0,32
462,Kamaldeen Sulemana,2.88,3.0,32
463,Adam Lallana,0.1499999999999999,0.0,32
471,Will Smallbone,1.96,1.0,32
480,Rodrigo Bentancur,2.24,1.0,32
481,Lucas Bergvall,2.71,1.0,32
482,Yves Bissouma,1.5700000000000003,0.0,32
483,Bryan Gil Salvatierra,0.0,0.0,32
485,Alfie Devine,0.0,0.0,32
489,Archie Gray,2.0,2.0,32
490,Pierre-Emile Højbjerg,0.0,0.0,32
491,Brennan Johnson,3.12,5.0,32
492,Dejan Kulusevski,0.5499999999999998,1.0,32
493,Giovani Lo Celso,0.0,0.0,32
494,James Maddison,2.8099999999999996,2.0,32
499,Pape Matar Sarr,1.83,1.0,32
501,Oliver Skipp,0.31000000000000005,0.0,32
502,Manor Solomon,0.0,0.0,32
503,Son Heung-min,3.34,0.0,32
509,Timo Werner,0.18000000000000016,0.0,32
511,Edson Álvarez Velázquez,0.9500000000000002,0.0,32
514,Jarrod Bowen,3.58,2.0,32
515,Maxwel Cornet,0.0,0.0,32
518,Flynn Downes,1.0300000000000002,0.0,32
519,George Earthy,0.0,0.0,32
525,Mohammed Kudus,2.01,2.0,32
526,Luis Guilherme Lira dos Santos,1.2400000000000002,1.0,32
527,Lucas Tolentino Coelho de Lima,1.9299999999999997,1.0,32
530,Tomáš Souček,1.6399999999999997,0.0,32
531,James Ward-Prowse,1.7699999999999996,2.0,32
534,Boubacar Traoré,0.3799999999999999,0.0,32
535,Jean-Ricner Bellegarde,3.45,1.0,32
537,Francisco Jorge Tomás Oliveira,0.009999999999999787,0.0,32
538,Tawanda Chirewa,0.0,0.0,32
540,Luke Cundle,0.0,0.0,32
544,Tommy Doyle,0.4900000000000002,0.0,32
547,Enso González,0.0,0.0,32
548,Gonçalo Manuel Ganchinho Guedes,0.6600000000000001,0.0,32
550,Hwang Hee-chan,0.1299999999999999,1.0,32
551,Joe Hodge,0.0,0.0,32
553,João Victor Gomes da Silva,2.1799999999999997,2.0,32
557,Mario Lemina,0.6200000000000001,0.0,32
560,Pedro Lomba Neto,2.8099999999999996,2.0,32
562,Daniel Castelo Podence,0.020000000000000018,0.0,32
563,Rodrigo Martins Gomes,1.6500000000000004,1.0,32
565,Pablo Sarabia,2.2699999999999996,1.0,32
569,Jaden Philogene,1.67,1.0,32
570,Abdul Fatawu,0.10000000000000009,0.0,32
571,Sávio 'Savinho' Moreira de Oliveira,2.59,1.0,32
576,Andy Irving,0.52,0.0,32
577,Jesper Lindstrøm,0.3900000000000001,0.0,32
584,Ben Brereton Díaz,0.10999999999999988,0.0,32
585,Ismaïla Sarr,2.74,5.0,32
587,Crysencio Summerville,0.10999999999999988,0.0,32
588,Guido Rodríguez,0.3799999999999999,0.0,32
595,Brajan Gruda,1.5899999999999999,1.0,32
596,João Pedro Ferreira Silva,2.45,1.0,32
597,Myles Lewis-Skelly,1.6600000000000001,1.0,32
600,Yasin Ayari,2.99,2.0,32
601,Andrew Moran,0.0,0.0,32
602,Ryan Trevitt,0.009999999999999787,0.0,32
603,Harrison Armstrong,0.10000000000000009,0.0,32
604,Josh King,0.04999999999999982,0.0,32
605,Martial Godo,0.18000000000000016,0.0,32
606,Will Alves,0.020000000000000018,0.0,32
607,Nico O'Reilly,2.2300000000000004,7.0,32
608,Tyler Dibling,1.6799999999999997,1.0,32
610,Mikey Moore,0.1200000000000001,0.0,32
611,Sam Szmodics,0.2400000000000002,0.0,32
612,Wilson Odobert,1.58,0.0,32
613,Toby Collyer,0.7000000000000002,0.0,32
614,Jenson Metcalfe,0.0,0.0,32
618,Georginio Rutter,1.17,0.0,32
619,Jens Cajuste,1.9000000000000004,2.0,32
620,Ramón Sosa,1.0700000000000003,0.0,32
621,João Félix Sequeira,0.16000000000000014,0.0,32
622,Sander Berge,2.58,1.0,32
623,Mateus Gonçalo Espanha Fernandes,2.38,1.0,32
625,Ilkay Gündogan,2.37,5.0,32
629,Matt O'Riley,2.2199999999999998,5.0,32
631,Jack Clarke,1.1799999999999997,2.0,32
632,Chiedozie Ogbene,0.0,0.0,32
633,Mikel Merino,3.6799999999999997,1.0,32
634,Gustavo Nunes Fernandes Gomes,0.0,1.0,32
635,Bilal El Khannouss,1.9299999999999997,4.0,32
636,Federico Chiesa,1.3099999999999996,0.0,32
638,Salah-Eddine Oulad M'hand,0.0,0.0,32
642,André Trindade da Costa Neto,1.6799999999999997,2.0,32
644,Franco Umeh-Chibueze,0.0,0.0,32
645,Justin Devenny,1.3099999999999996,1.0,32
646,Asher Agbinone,0.1200000000000001,0.0,32
647,Kaden Rodney,0.0,0.0,32
651,Orel Mangala,0.18000000000000016,0.0,32
652,Manuel Ugarte,1.4800000000000004,1.0,32
654,Carlos Soler,1.9000000000000004,2.0,32
655,Carlos Roberto Forbs Borges,0.0,0.0,32
656,Kadan Young,0.0,0.0,32
659,Ismeal Kabia,0.0,0.0,32
661,Tony Yogane,0.0,0.0,32
667,Jack Fletcher,0.0,0.0,32
671,Jacob Wright,0.0,0.0,32
673,Jayce Fitzgerald,0.0,0.0,32
674,Paris Maghoma,0.8700000000000001,0.0,32
678,Callum Bates,0.14000000000000012,0.0,32
679,Ben Broggio,0.0,0.0,32
682,Tom Edozie,0.06000000000000005,0.0,32
683,Callum Olusesi,0.0,0.0,32
687,Ben Winterburn,0.6600000000000001,0.0,32
688,Treymaurice Nyoni,0.0,0.0,32
689,Luca Williams-Barnett,0.0,0.0,32
693,Joseph O'Brien-Whitmarsh,0.0,0.0,32
694,Henry Cartwright,0.0,0.0,32
695,Samuel Rak-Sakyi,0.04999999999999982,0.0,32
696,Tyrique George,1.87,0.0,32
701,Lewis Orford,0.10999999999999988,0.0,32
710,Jamaldeen Jimoh,0.0,0.0,32
714,Diego Gómez,2.16,1.0,32
717,Min-Hyeok Yang,0.0,0.0,32
723,Dominic Sadi,0.020000000000000018,0.0,32
725,Donyell Malen,3.99,6.0,32
728,Zain Silcott-Duberry,0.14000000000000012,0.0,32
729,Damola Ajayi,0.0,0.0,32
730,Romain Esse,0.41000000000000014,0.0,32
734,Albert Grønbæk,0.29000000000000004,0.0,32
758,Joe Knight,0.0,0.0,32
762,Marco Asensio,3.34,2.0,32
765,Nico González,1.6399999999999997,4.0,32
768,Mathys Tel,3.29,7.0,32
770,Marshall Munetsi,2.3600000000000003,5.0,32
771,Mathis Amougou,0.20999999999999996,0.0,32
772,Willian Borges da Silva,0.8500000000000001,1.0,32
773,Isaac Heath,0.0,0.0,32
775,Coby Ebere,0.0,0.0,32
778,Jack Moorhouse,0.0,0.0,32
779,Sékou Koné,0.0,0.0,32
785,Claudio Echeverri,0.0,0.0,32
790,Jimi Gower,0.0,0.0,32
792,Jeremy Monga,0.31000000000000005,0.0,32
793,Jack Henry-Francis,0.0,0.0,32
795,Harry Howell,0.0,0.0,32
797,Jake Evans,0.0,1.0,32
1,Fábio Ferreira Vieira,0.0,0.0,33
7,Jorge Luiz Frello Filho,2.24,0.0,33
9,Gabriel Martinelli Silva,3.4699999999999998,8.0,33
10,Reiss Nelson,0.0,0.0,33
12,Ethan Nwaneri,2.33,6.0,33
13,Martin Ødegaard,4.57,6.0,33
16,Declan Rice,2.8600000000000003,6.0,33
17,Bukayo Saka,3.01,1.0,33
19,Emile Smith Rowe,1.08,0.0,33
20,Thomas Partey,3.1900000000000004,0.0,33
23,Leandro Trossard,3.5700000000000003,13.0,33
28,Leon Bailey,0.27,0.0,33
29,Ross Barkley,0.020000000000000018,1.0,33
30,Enzo Barrenechea,0.0,0.0,33
31,Emiliano Buendía Stati,0.1499999999999999,0.0,33
33,Leander Dendoncker,0.0,0.0,33
34,Moussa Diaby,0.0,0.0,33
37,Lewis Dobbin,0.0,0.0,33
41,Samuel Iling-Junior,0.0,0.0,33
42,Boubacar Kamara,0.8599999999999999,2.0,33
48,John McGinn,2.04,2.0,33
53,Jacob Ramsey,2.29,0.0,33
54,Morgan Rogers,3.71,5.0,33
57,Youri Tielemans,3.08,5.0,33
60,Tyler Adams,2.51,2.0,33
61,Jaidon Anthony,0.1660000000000008,0.0,33
62,David Brooks,1.71,1.0,33
63,Ryan Christie,1.8499999999999996,0.0,33
64,Lewis Cook,3.37,1.0,33
66,Romain Faivre,0.0,0.0,33
67,Hamed Traorè,0.0,0.0,33
71,Justin Kluivert,1.2199999999999998,2.0,33
74,Dango Ouattara,3.88,2.0,33
76,Philip Billing,0.009999999999999787,0.0,33
77,Alex Scott,1.7400000000000002,0.0,33
78,Antoine Semenyo,3.7699999999999996,3.0,33
80,Luis Sinisterra,0.5800000000000001,0.0,33
83,Marcus Tavernier,1.6600000000000001,1.0,33
87,Ethan Brierley,0.18000000000000016,0.0,33
89,Mikkel Damsgaard,2.54,2.0,33
90,Josh Dasilva,0.0,0.0,33
94,Vitaly Janelt,1.58,1.0,33
95,Mathias Jensen,0.4500000000000002,3.0,33
97,Yunus Emre Konak,0.14000000000000012,1.0,33
98,Keane Lewis-Potter,2.1900000000000004,5.0,33
99,Bryan Mbeumo,3.09,15.0,33
101,Christian Nørgaard,2.0700000000000003,7.0,33
102,Frank Onyeka,0.0,0.0,33
103,Myles Peart-Harris,0.0,0.0,33
106,Kevin Schade,2.3600000000000003,2.0,33
111,Yehor Yarmoliuk,1.0300000000000002,2.0,33
113,Simon Adingra,2.8899999999999997,1.0,33
114,Benicio Baker-Boaitey,0.0,0.0,33
115,Carlos Baleba,1.87,2.0,33
117,Facundo Buonanotte,0.6200000000000001,1.0,33
118,Amario Cozier-Duberry,0.009999999999999787,0.0,33
119,Mahmoud Dahoud,0.0,0.0,33
121,Julio Enciso,2.9400000000000004,1.0,33
124,Billy Gilmour,0.0,0.0,33
125,Pascal Groß,0.0,0.0,33
126,Jack Hinshelwood,2.12,5.0,33
127,Ibrahim Osman,0.0,0.0,33
130,Kacper Kozłowski,0.0,0.0,33
132,Solly March,1.2000000000000002,1.0,33
133,Adrian Mazilu,0.0,0.0,33
134,James Milner,0.0,0.0,33
135,Yankuba Minteh,3.79,2.0,33
136,Mitoma Kaoru,2.3099999999999996,6.0,33
137,Jakub Moder,0.08999999999999986,0.0,33
140,Cameron Peupion,0.1191666666666662,0.0,33
141,Jeremy Sarmiento Morante,0.0,0.0,33
149,Mats Wieffer,1.63,5.0,33
150,Andrey Nascimento dos Santos,0.0,0.0,33
151,Ângelo Gabriel Borges Damaceno,0.0,0.0,33
157,Moisés Caicedo Corozo,2.3499999999999996,1.0,33
158,Cesare Casadei,0.0,0.0,33
161,Carney Chukwuemeka,0.0,0.0,33
166,Kiernan Dewsbury-Hall,1.1500000000000004,0.0,33
168,Enzo Fernández,4.57,5.0,33
169,Conor Gallagher,0.0,0.0,33
173,Omari Kellyman,0.0,0.0,33
174,Roméo Lavia,0.1499999999999999,0.0,33
177,Noni Madueke,3.0599999999999996,1.0,33
179,Mykhailo Mudryk,0.08000000000000007,0.0,33
181,Christopher Nkunku,2.5999999999999996,0.0,33
182,Cole Palmer,4.58,2.0,33
184,Renato Palma Veiga,0.040000000000000036,0.0,33
186,Raheem Sterling,1.4699999999999998,1.0,33
188,Lesley Ugochukwu,1.63,7.0,33
190,Naouirou Ahamada,0.020000000000000018,0.0,33
192,Jordan Ayew,0.41999999999999993,0.0,33
193,Cheick Doucouré,0.14000000000000012,0.0,33
197,Malcolm Ebiowei,0.0,0.0,33
199,Eberechi Eze,4.05,1.0,33
203,Will Hughes,1.33,3.0,33
205,Daichi Kamada,1.6799999999999997,1.0,33
206,Jefferson Lerma Solís,2.96,0.0,33
208,Matheus França de Oliveira,1.79,0.0,33
212,David Ozoh,0.0,0.0,33
213,Jesurun Rak-Sakyi,0.0,0.0,33
214,Jeffrey Schlupp,0.16999999999999993,0.0,33
216,Adam Wharton,2.0,3.0,33
217,Abdoulaye Doucouré,2.5700000000000003,2.0,33
222,Idrissa Gueye,2.71,2.0,33
223,James Garner,1.7699999999999996,2.0,33
224,Jack Harrison,2.99,3.0,33
226,Tim Iroegbunam,1.3200000000000003,0.0,33
230,Dwight McNeil,1.21,1.0,33
233,Amadou Onana,2.45,6.0,33
239,Adama Traoré,1.7999999999999998,1.0,33
240,Andreas Hoelgebaum Pereira,2.63,2.0,33
243,Tom Cairney,2.54,1.0,33
246,Luke Harris,0.20000000000000018,0.0,33
247,Alex Iwobi,2.9000000000000004,7.0,33
249,Saša Lukić,1.8600000000000003,3.0,33
254,Harrison Reed,0.8799999999999999,0.0,33
259,Harry Wilson,0.10000000000000009,1.0,33
262,Nathan Broadhead,1.3099999999999996,0.0,33
264,Wes Burns,0.2400000000000002,0.0,33
265,Conor Chaplin,0.3900000000000001,1.0,33
271,Marcus Myers-Harness,0.0,0.0,33
273,Cameron Humphreys,0.0,0.0,33
274,Omari Giraud-Hutchinson,0.52,0.0,33
277,Massimo Luongo,0.06999999999999984,1.0,33
278,Sam Morsy,1.1100000000000003,2.0,33
281,Jack Taylor,1.46,1.0,33
285,Boubakary Soumaré,2.5,2.0,33
287,Hamza Choudhury,0.10000000000000009,0.0,33
290,Bobby De Cordova-Reid,0.7200000000000002,3.0,33
292,Michael Golding,0.009999999999999787,0.0,33
297,Wanya Marçal-Madivádua,0.0,0.0,33
298,Stephy Mavididi,2.5,2.0,33
299,Kasey McAteer,1.6799999999999997,0.0,33
300,Wilfred Ndidi,2.1100000000000003,1.0,33
309,Harry Winks,0.33000000000000007,0.0,33
312,Stefan Bajčetić Maquieira,0.0,0.0,33
314,Fábio Freitas Gouveia Carvalho,0.22999999999999998,0.0,33
315,Bobby Clark,0.0,0.0,33
317,Diogo Teixeira da Silva,2.04,1.0,33
318,Ben Doak,0.0,0.0,33
319,Harvey Elliott,2.21,1.0,33
320,Endo Wataru,2.0999999999999996,0.0,33
323,Ryan Gravenberch,2.33,3.0,33
324,Curtis Jones,2.9400000000000004,1.0,33
327,Luis Díaz,5.68,3.0,33
328,Mohamed Salah,3.08,3.0,33
329,Alexis Mac Allister,3.26,3.0,33
330,James McConnell,0.0,0.0,33
331,Tyler Morton,0.0,0.0,33
336,Dominik Szoboszlai,1.8399999999999999,3.0,33
342,Bernardo Veiga de Carvalho e Silva,1.7599999999999998,3.0,33
343,Oscar Bobb,0.73,0.0,33
345,Kevin De Bruyne,2.63,3.0,33
346,Jérémy Doku,2.58,1.0,33
348,Phil Foden,1.33,0.0,33
349,Jack Grealish,1.5999999999999996,0.0,33
354,Mateo Kovačić,2.8099999999999996,6.0,33
356,Matheus Luiz Nunes,1.3099999999999996,6.0,33
357,James McAtee,2.7,0.0,33
359,Kalvin Phillips,0.9199999999999999,0.0,33
360,Rodrigo 'Rodri' Hernandez,0.009999999999999787,0.0,33
364,Amad Diallo,0.6400000000000001,0.0,33
365,Antony Matheus dos Santos,0.029999999999999805,0.0,33
366,Bruno Borges Fernandes,4.35,1.0,33
368,Carlos Henrique Casimiro,1.58,0.0,33
370,Christian Eriksen,2.05,1.0,33
372,Alejandro Garnacho,2.5999999999999996,2.0,33
373,Hannibal Mejbri,0.0,0.0,33
378,Kobbie Mainoo,0.2999999999999998,1.0,33
381,Scott McTominay,0.0,0.0,33
382,Mason Mount,1.7800000000000002,1.0,33
384,Facundo Pellistri Rebollo,0.0,0.0,33
385,Marcus Rashford,2.9000000000000004,1.0,33
386,Jadon Sancho,2.8899999999999997,1.0,33
391,Miguel Almirón Rejala,0.1299999999999999,0.0,33
392,Harvey Barnes,5.15,5.0,33
394,Bruno Guimarães Rodriguez Moura,3.04,1.0,33
397,Ryan Fraser,0.0,0.0,33
398,Anthony Gordon,2.13,1.0,33
400,Isaac Hayden,0.1299999999999999,0.0,33
402,Jacob Murphy,3.87,2.0,33
403,Joelinton Cássio Apolinário de Lira,3.29,1.0,33
406,Garang Kuol,0.029999999999999805,0.0,33
410,Sean Longstaff,0.6200000000000001,0.0,33
411,Lewis Miley,0.7400000000000002,0.0,33
417,Sandro Tonali,2.67,2.0,33
419,Joe White,0.1299999999999999,0.0,33
420,Joe Willock,0.48,1.0,33
423,Elliot Anderson,1.67,7.0,33
426,Josh Bowler,0.0,0.0,33
428,Eric da Silva Moreira,0.040000000000000036,0.0,33
429,Danilo dos Santos de Oliveira,0.16999999999999993,1.0,33
431,Nicolás Domínguez,2.0,4.0,33
432,Anthony Elanga,1.9100000000000001,4.0,33
433,Morgan Gibbs-White,2.21,1.0,33
434,Callum Hudson-Odoi,2.4000000000000004,1.0,33
435,Alex Mighten,0.0,0.0,33
439,Lewis O'Brien,0.020000000000000018,0.0,33
442,Ibrahim Sangaré,0.22999999999999998,0.0,33
449,Ryan Yates,1.1799999999999997,0.0,33
450,Carlos Alcaraz Durán,1.9299999999999997,1.0,33
451,Samuel Amo-Ameyaw,0.1200000000000001,0.0,33
452,Joe Aribo,0.94,0.0,33
458,Shea Charles,0.0,0.0,33
459,Samuel Edozie,0.0,0.0,33
462,Kamaldeen Sulemana,2.7199999999999998,2.0,33
463,Adam Lallana,0.1499999999999999,0.0,33
471,Will Smallbone,1.79,0.0,33
480,Rodrigo Bentancur,1.9299999999999997,2.0,33
481,Lucas Bergvall,2.01,1.0,33
482,Yves Bissouma,1.46,0.0,33
483,Bryan Gil Salvatierra,0.0,0.0,33
485,Alfie Devine,0.0,0.0,33
489,Archie Gray,1.3899999999999997,0.0,33
490,Pierre-Emile Højbjerg,0.0,0.0,33
491,Brennan Johnson,2.9400000000000004,1.0,33
492,Dejan Kulusevski,1.0899999999999999,2.0,33
493,Giovani Lo Celso,0.0,0.0,33
494,James Maddison,2.3099999999999996,0.0,33
499,Pape Matar Sarr,1.6100000000000003,2.0,33
501,Oliver Skipp,1.4100000000000001,1.0,33
502,Manor Solomon,0.0,0.0,33
503,Son Heung-min,1.8499999999999996,0.0,33
509,Timo Werner,0.0,0.0,33
511,Edson Álvarez Velázquez,0.48,0.0,33
514,Jarrod Bowen,3.3499999999999996,8.0,33
515,Maxwel Cornet,0.0,0.0,33
518,Flynn Downes,0.5499999999999998,2.0,33
519,George Earthy,0.0,0.0,33
525,Mohammed Kudus,3.6399999999999997,3.0,33
526,Luis Guilherme Lira dos Santos,1.54,1.0,33
527,Lucas Tolentino Coelho de Lima,2.37,2.0,33
530,Tomáš Souček,3.2199999999999998,1.0,33
531,James Ward-Prowse,2.7300000000000004,3.0,33
534,Boubacar Traoré,0.20999999999999996,0.0,33
535,Jean-Ricner Bellegarde,1.08,0.0,33
537,Francisco Jorge Tomás Oliveira,0.040000000000000036,0.0,33
538,Tawanda Chirewa,0.0,0.0,33
540,Luke Cundle,0.0,0.0,33
544,Tommy Doyle,0.3999999999999999,0.0,33
547,Enso González,0.009999999999999787,0.0,33
548,Gonçalo Manuel Ganchinho Guedes,0.43999999999999995,0.0,33
550,Hwang Hee-chan,0.8700000000000001,0.0,33
551,Joe Hodge,0.1499999999999999,0.0,33
553,João Victor Gomes da Silva,1.8499999999999996,3.0,33
557,Mario Lemina,0.16000000000000014,0.0,33
560,Pedro Lomba Neto,3.76,7.0,33
562,Daniel Castelo Podence,0.0,0.0,33
563,Rodrigo Martins Gomes,1.54,1.0,33
565,Pablo Sarabia,1.6100000000000003,5.0,33
569,Jaden Philogene,1.1600000000000001,0.0,33
570,Abdul Fatawu,0.020000000000000018,0.0,33
571,Sávio 'Savinho' Moreira de Oliveira,2.0700000000000003,3.0,33
576,Andy Irving,0.5499999999999998,0.0,33
577,Jesper Lindstrøm,0.48,0.0,33
584,Ben Brereton Díaz,0.020000000000000018,0.0,33
585,Ismaïla Sarr,4.41,2.0,33
587,Crysencio Summerville,0.06000000000000005,0.0,33
588,Guido Rodríguez,0.2599999999999998,0.0,33
595,Brajan Gruda,1.37,0.0,33
596,João Pedro Ferreira Silva,1.9900000000000002,0.0,33
597,Myles Lewis-Skelly,2.8600000000000003,1.0,33
600,Yasin Ayari,1.8899999999999997,1.0,33
601,Andrew Moran,0.0,0.0,33
602,Ryan Trevitt,0.10000000000000009,0.0,33
603,Harrison Armstrong,0.009999999999999787,0.0,33
604,Josh King,0.08999999999999986,0.0,33
605,Martial Godo,0.0,0.0,33
606,Will Alves,0.04999999999999982,0.0,33
607,Nico O'Reilly,2.5700000000000003,8.0,33
608,Tyler Dibling,2.26,1.0,33
610,Mikey Moore,0.06999999999999984,0.0,33
611,Sam Szmodics,0.04999999999999982,0.0,33
612,Wilson Odobert,0.5099999999999998,2.0,33
613,Toby Collyer,0.2400000000000002,0.0,33
614,Jenson Metcalfe,0.0,0.0,33
618,Georginio Rutter,0.73,0.0,33
619,Jens Cajuste,2.3099999999999996,2.0,33
620,Ramón Sosa,1.2699999999999996,1.0,33
621,João Félix Sequeira,0.16000000000000014,0.0,33
622,Sander Berge,1.8499999999999996,2.0,33
623,Mateus Gonçalo Espanha Fernandes,2.0300000000000002,2.0,33
625,Ilkay Gündogan,2.7800000000000002,6.0,33
629,Matt O'Riley,2.1799999999999997,2.0,33
631,Jack Clarke,2.12,1.0,33
632,Chiedozie Ogbene,0.0,0.0,33
633,Mikel Merino,3.05,4.0,33
634,Gustavo Nunes Fernandes Gomes,0.56,1.0,33
635,Bilal El Khannouss,2.4800000000000004,2.0,33
636,Federico Chiesa,0.7999999999999998,0.0,33
638,Salah-Eddine Oulad M'hand,0.009999999999999787,0.0,33
642,André Trindade da Costa Neto,1.75,2.0,33
644,Franco Umeh-Chibueze,0.020000000000000018,0.0,33
645,Justin Devenny,0.8300000000000001,1.0,33
646,Asher Agbinone,0.5,0.0,33
647,Kaden Rodney,0.0,0.0,33
651,Orel Mangala,0.1299999999999999,0.0,33
652,Manuel Ugarte,2.66,1.0,33
654,Carlos Soler,2.0,2.0,33
655,Carlos Roberto Forbs Borges,0.0,0.0,33
656,Kadan Young,0.009999999999999787,0.0,33
659,Ismeal Kabia,0.009999999999999787,0.0,33
661,Tony Yogane,0.0,0.0,33
667,Jack Fletcher,0.0,0.0,33
671,Jacob Wright,0.0,0.0,33
673,Jayce Fitzgerald,0.0,0.0,33
674,Paris Maghoma,0.5299999999999998,0.0,33
678,Callum Bates,0.1499999999999999,0.0,33
679,Ben Broggio,0.0,0.0,33
682,Tom Edozie,0.08999999999999986,0.0,33
683,Callum Olusesi,0.0,0.0,33
687,Ben Winterburn,0.3900000000000001,0.0,33
688,Treymaurice Nyoni,0.009999999999999787,0.0,33
689,Luca Williams-Barnett,0.0,0.0,33
693,Joseph O'Brien-Whitmarsh,0.0,0.0,33
694,Henry Cartwright,0.009999999999999787,0.0,33
695,Samuel Rak-Sakyi,0.0,0.0,33
696,Tyrique George,0.48,6.0,33
701,Lewis Orford,0.029999999999999805,0.0,33
710,Jamaldeen Jimoh,0.0,0.0,33
714,Diego Gómez,1.9800000000000004,1.0,33
717,Min-Hyeok Yang,0.0,0.0,33
723,Dominic Sadi,0.0,0.0,33
725,Donyell Malen,3.38,1.0,33
728,Zain Silcott-Duberry,0.029999999999999805,0.0,33
729,Damola Ajayi,0.0,0.0,33
730,Romain Esse,0.20000000000000018,0.0,33
734,Albert Grønbæk,0.16999999999999993,0.0,33
758,Joe Knight,0.16649999999999965,0.0,33
762,Marco Asensio,3.49,2.0,33
765,Nico González,2.4699999999999998,3.0,33
768,Mathys Tel,4.65,2.0,33
770,Marshall Munetsi,2.42,3.0,33
771,Mathis Amougou,0.029999999999999805,0.0,33
772,Willian Borges da Silva,0.7599999999999998,0.0,33
773,Isaac Heath,0.0,0.0,33
775,Coby Ebere,0.0,0.0,33
778,Jack Moorhouse,0.0,0.0,33
779,Sékou Koné,0.0,0.0,33
785,Claudio Echeverri,0.0,0.0,33
790,Jimi Gower,0.0,0.0,33
792,Jeremy Monga,0.33000000000000007,1.0,33
793,Jack Henry-Francis,0.0,0.0,33
795,Harry Howell,0.0,0.0,33
797,Jake Evans,0.1499999999999999,0.0,33
10,Reiss Nelson,0.16000000000000014,0.0,34
19,Emile Smith Rowe,1.13,6.0,34
60,Tyler Adams,2.1500000000000004,1.0,34
61,Jaidon Anthony,0.0,0.0,34
62,David Brooks,0.75,0.0,34
63,Ryan Christie,0.2999999999999998,0.0,34
64,Lewis Cook,2.1799999999999997,1.0,34
66,Romain Faivre,0.0,0.0,34
67,Hamed Traorè,0.0,0.0,34
71,Justin Kluivert,4.34,2.0,34
74,Dango Ouattara,4.37,2.0,34
76,Philip Billing,0.0,0.0,34
77,Alex Scott,1.5899999999999999,3.0,34
78,Antoine Semenyo,3.38,8.0,34
80,Luis Sinisterra,0.16000000000000014,0.0,34
83,Marcus Tavernier,1.7800000000000002,1.0,34
87,Ethan Brierley,0.020000000000000018,0.0,34
89,Mikkel Damsgaard,2.4800000000000004,3.0,34
90,Josh Dasilva,0.0,0.0,34
94,Vitaly Janelt,1.2800000000000002,0.0,34
95,Mathias Jensen,1.79,1.0,34
97,Yunus Emre Konak,0.18000000000000016,1.0,34
98,Keane Lewis-Potter,1.9299999999999997,0.0,34
99,Bryan Mbeumo,3.5199999999999996,2.0,34
101,Christian Nørgaard,2.1799999999999997,2.0,34
102,Frank Onyeka,0.0,0.0,34
103,Myles Peart-Harris,0.0,0.0,34
106,Kevin Schade,2.7800000000000002,8.0,34
111,Yehor Yarmoliuk,1.6799999999999997,2.0,34
113,Simon Adingra,1.42,2.0,34
114,Benicio Baker-Boaitey,0.0,0.0,34
115,Carlos Baleba,2.0300000000000002,7.0,34
117,Facundo Buonanotte,1.13,1.0,34
118,Amario Cozier-Duberry,0.0,0.0,34
119,Mahmoud Dahoud,0.0,0.0,34
121,Julio Enciso,2.13,2.0,34
124,Billy Gilmour,0.0,0.0,34
125,Pascal Groß,0.0,0.0,34
126,Jack Hinshelwood,3.5700000000000003,4.0,34
127,Ibrahim Osman,0.0,0.0,34
130,Kacper Kozłowski,0.0,0.0,34
132,Solly March,1.87,2.0,34
133,Adrian Mazilu,0.0,0.0,34
134,James Milner,0.0,0.0,34
135,Yankuba Minteh,2.21,1.0,34
136,Mitoma Kaoru,2.62,6.0,34
137,Jakub Moder,0.0,0.0,34
140,Cameron Peupion,0.0,0.0,34
141,Jeremy Sarmiento Morante,0.0,0.0,34
149,Mats Wieffer,2.51,2.0,34
150,Andrey Nascimento dos Santos,0.0,0.0,34
151,Ângelo Gabriel Borges Damaceno,0.0,0.0,34
157,Moisés Caicedo Corozo,1.87,3.0,34
158,Cesare Casadei,0.0,0.0,34
161,Carney Chukwuemeka,0.0,0.0,34
166,Kiernan Dewsbury-Hall,0.77,1.0,34
168,Enzo Fernández,3.5999999999999996,6.0,34
169,Conor Gallagher,0.0,0.0,34
173,Omari Kellyman,0.029999999999999805,0.0,34
174,Roméo Lavia,0.040000000000000036,3.0,34
177,Noni Madueke,1.7599999999999998,3.0,34
179,Mykhailo Mudryk,0.040000000000000036,0.0,34
181,Christopher Nkunku,1.04,0.0,34
182,Cole Palmer,4.56,3.0,34
184,Renato Palma Veiga,0.0,0.0,34
188,Lesley Ugochukwu,2.0599999999999996,2.0,34
192,Jordan Ayew,0.2999999999999998,1.0,34
217,Abdoulaye Doucouré,2.62,2.0,34
222,Idrissa Gueye,2.2800000000000002,2.0,34
223,James Garner,1.9100000000000001,2.0,34
224,Jack Harrison,1.79,2.0,34
226,Tim Iroegbunam,1.0300000000000002,0.0,34
230,Dwight McNeil,0.77,1.0,34
239,Adama Traoré,1.5199999999999996,4.0,34
240,Andreas Hoelgebaum Pereira,3.3200000000000003,1.0,34
243,Tom Cairney,1.6799999999999997,1.0,34
246,Luke Harris,0.0,0.0,34
247,Alex Iwobi,4.73,5.0,34
249,Saša Lukić,2.0300000000000002,1.0,34
254,Harrison Reed,0.3700000000000001,0.0,34
259,Harry Wilson,1.4400000000000004,2.0,34
262,Nathan Broadhead,0.77,0.0,34
264,Wes Burns,0.1200000000000001,0.0,34
265,Conor Chaplin,0.31999999999999984,1.0,34
271,Marcus Myers-Harness,0.0,0.0,34
273,Cameron Humphreys,0.0,0.0,34
274,Omari Giraud-Hutchinson,0.2599999999999998,0.0,34
277,Massimo Luongo,0.6200000000000001,1.0,34
278,Sam Morsy,2.21,2.0,34
281,Jack Taylor,2.3499999999999996,2.0,34
285,Boubakary Soumaré,1.9699999999999998,1.0,34
287,Hamza Choudhury,0.0,0.0,34
290,Bobby De Cordova-Reid,1.1600000000000001,1.0,34
292,Michael Golding,0.0,0.0,34
297,Wanya Marçal-Madivádua,0.0,0.0,34
298,Stephy Mavididi,2.08,0.0,34
299,Kasey McAteer,0.6299999999999999,0.0,34
300,Wilfred Ndidi,2.3899999999999997,1.0,34
309,Harry Winks,0.69,0.0,34
312,Stefan Bajčetić Maquieira,0.0,0.0,34
314,Fábio Freitas Gouveia Carvalho,0.020000000000000018,0.0,34
315,Bobby Clark,0.0,0.0,34
317,Diogo Teixeira da Silva,3.46,1.0,34
318,Ben Doak,0.0,0.0,34
319,Harvey Elliott,1.4800000000000004,0.0,34
320,Endo Wataru,0.31000000000000005,1.0,34
323,Ryan Gravenberch,2.87,5.0,34
324,Curtis Jones,2.0999999999999996,1.0,34
327,Luis Díaz,4.65,7.0,34
328,Mohamed Salah,3.5999999999999996,7.0,34
329,Alexis Mac Allister,3.62,7.0,34
330,James McConnell,0.020000000000000018,0.0,34
331,Tyler Morton,0.0,0.0,34
336,Dominik Szoboszlai,2.8200000000000003,8.0,34
359,Kalvin Phillips,0.2599999999999998,0.0,34
364,Amad Diallo,0.06000000000000005,0.0,34
365,Antony Matheus dos Santos,0.0,0.0,34
366,Bruno Borges Fernandes,4.59,2.0,34
368,Carlos Henrique Casimiro,2.0199999999999996,2.0,34
370,Christian Eriksen,1.4900000000000002,1.0,34
372,Alejandro Garnacho,2.84,2.0,34
373,Hannibal Mejbri,0.0,0.0,34
378,Kobbie Mainoo,1.17,2.0,34
381,Scott McTominay,0.0,0.0,34
382,Mason Mount,1.25,1.0,34
384,Facundo Pellistri Rebollo,0.0,0.0,34
386,Jadon Sancho,2.4699999999999998,1.0,34
391,Miguel Almirón Rejala,0.0,0.0,34
392,Harvey Barnes,4.53,3.0,34
394,Bruno Guimarães Rodriguez Moura,2.58,3.0,34
397,Ryan Fraser,0.1200000000000001,0.0,34
398,Anthony Gordon,2.01,1.0,34
400,Isaac Hayden,0.0,0.0,34
402,Jacob Murphy,3.8600000000000003,6.0,34
403,Joelinton Cássio Apolinário de Lira,2.84,0.0,34
406,Garang Kuol,0.18000000000000016,0.0,34
410,Sean Longstaff,0.6499999999999999,0.0,34
411,Lewis Miley,0.5299999999999998,1.0,34
417,Sandro Tonali,3.8600000000000003,3.0,34
419,Joe White,0.0,0.0,34
420,Joe Willock,1.2199999999999998,3.0,34
423,Elliot Anderson,2.3200000000000003,1.0,34
426,Josh Bowler,0.0,0.0,34
428,Eric da Silva Moreira,0.3799999999999999,0.0,34
429,Danilo dos Santos de Oliveira,1.6399999999999997,0.0,34
431,Nicolás Domínguez,2.46,1.0,34
432,Anthony Elanga,2.74,2.0,34
433,Morgan Gibbs-White,3.9000000000000004,1.0,34
434,Callum Hudson-Odoi,2.5300000000000002,1.0,34
435,Alex Mighten,0.0,0.0,34
439,Lewis O'Brien,0.0,0.0,34
442,Ibrahim Sangaré,0.25,1.0,34
449,Ryan Yates,1.5499999999999998,2.0,34
450,Carlos Alcaraz Durán,1.2199999999999998,1.0,34
451,Samuel Amo-Ameyaw,0.0,0.0,34
452,Joe Aribo,0.52,0.0,34
458,Shea Charles,0.0,0.0,34
459,Samuel Edozie,0.0,0.0,34
462,Kamaldeen Sulemana,2.49,1.0,34
463,Adam Lallana,0.10000000000000009,0.0,34
471,Will Smallbone,0.98,0.0,34
480,Rodrigo Bentancur,1.8099999999999996,0.0,34
481,Lucas Bergvall,1.2199999999999998,2.0,34
482,Yves Bissouma,0.41999999999999993,0.0,34
483,Bryan Gil Salvatierra,0.0,0.0,34
485,Alfie Devine,0.0,0.0,34
489,Archie Gray,0.4900000000000002,1.0,34
490,Pierre-Emile Højbjerg,0.0,0.0,34
491,Brennan Johnson,2.41,2.0,34
492,Dejan Kulusevski,1.9500000000000002,1.0,34
493,Giovani Lo Celso,0.0,0.0,34
494,James Maddison,2.29,4.0,34
499,Pape Matar Sarr,1.3200000000000003,1.0,34
501,Oliver Skipp,0.6699999999999999,0.0,34
502,Manor Solomon,0.0,0.0,34
503,Son Heung-min,0.25,0.0,34
509,Timo Werner,0.06999999999999984,0.0,34
511,Edson Álvarez Velázquez,0.3799999999999999,0.0,34
514,Jarrod Bowen,3.2699999999999996,8.0,34
515,Maxwel Cornet,0.0,0.0,34
518,Flynn Downes,1.3200000000000003,2.0,34
519,George Earthy,0.0,0.0,34
525,Mohammed Kudus,3.13,7.0,34
526,Luis Guilherme Lira dos Santos,1.6100000000000003,0.0,34
527,Lucas Tolentino Coelho de Lima,2.96,2.0,34
530,Tomáš Souček,1.75,7.0,34
531,James Ward-Prowse,2.4800000000000004,1.0,34
534,Boubacar Traoré,0.18000000000000016,0.0,34
535,Jean-Ricner Bellegarde,0.4500000000000002,1.0,34
537,Francisco Jorge Tomás Oliveira,0.0,0.0,34
538,Tawanda Chirewa,0.0,0.0,34
540,Luke Cundle,0.0,0.0,34
544,Tommy Doyle,0.10000000000000009,0.0,34
547,Enso González,0.0,0.0,34
548,Gonçalo Manuel Ganchinho Guedes,1.33,1.0,34
550,Hwang Hee-chan,0.6699999999999999,0.0,34
551,Joe Hodge,0.0,0.0,34
553,João Victor Gomes da Silva,2.13,3.0,34
557,Mario Lemina,0.029999999999999805,0.0,34
560,Pedro Lomba Neto,5.539999999999999,3.0,34
562,Daniel Castelo Podence,0.0,0.0,34
563,Rodrigo Martins Gomes,1.6799999999999997,6.0,34
565,Pablo Sarabia,2.66,1.0,34
569,Jaden Philogene,1.2199999999999998,0.0,34
570,Abdul Fatawu,0.029999999999999805,0.0,34
576,Andy Irving,0.52,0.0,34
577,Jesper Lindstrøm,0.18999999999999995,0.0,34
584,Ben Brereton Díaz,0.0,0.0,34
587,Crysencio Summerville,0.10999999999999988,0.0,34
588,Guido Rodríguez,0.43000000000000016,0.0,34
595,Brajan Gruda,0.41000000000000014,7.0,34
596,João Pedro Ferreira Silva,1.3399999999999999,1.0,34
600,Yasin Ayari,1.46,6.0,34
601,Andrew Moran,0.0,0.0,34
602,Ryan Trevitt,0.0,0.0,34
603,Harrison Armstrong,0.009999999999999787,0.0,34
604,Josh King,0.2200000000000002,0.0,34
605,Martial Godo,0.029999999999999805,0.0,34
606,Will Alves,0.0,0.0,34
608,Tyler Dibling,1.7599999999999998,1.0,34
610,Mikey Moore,0.009999999999999787,0.0,34
611,Sam Szmodics,0.14000000000000012,0.0,34
612,Wilson Odobert,1.2400000000000002,1.0,34
613,Toby Collyer,0.08999999999999986,0.0,34
614,Jenson Metcalfe,0.0,0.0,34
618,Georginio Rutter,0.43999999999999995,0.0,34
619,Jens Cajuste,1.79,0.0,34
620,Ramón Sosa,1.6100000000000003,1.0,34
621,João Félix Sequeira,0.0,0.0,34
622,Sander Berge,2.2300000000000004,1.0,34
623,Mateus Gonçalo Espanha Fernandes,2.2199999999999998,2.0,34
629,Matt O'Riley,2.37,2.0,34
631,Jack Clarke,2.29,1.0,34
632,Chiedozie Ogbene,0.2400000000000002,0.0,34
634,Gustavo Nunes Fernandes Gomes,0.7799999999999998,0.0,34
635,Bilal El Khannouss,3.0199999999999996,2.0,34
636,Federico Chiesa,0.7400000000000002,0.0,34
642,André Trindade da Costa Neto,2.45,3.0,34
651,Orel Mangala,0.1200000000000001,0.0,34
652,Manuel Ugarte,1.7999999999999998,4.0,34
654,Carlos Soler,1.9699999999999998,0.0,34
655,Carlos Roberto Forbs Borges,0.9700000000000002,1.0,34
661,Tony Yogane,0.0,0.0,34
667,Jack Fletcher,0.0,0.0,34
673,Jayce Fitzgerald,0.0,0.0,34
674,Paris Maghoma,0.2599999999999998,0.0,34
678,Callum Bates,0.0,0.0,34
682,Tom Edozie,0.0,0.0,34
683,Callum Olusesi,0.0,0.0,34
687,Ben Winterburn,0.33999999999999986,0.0,34
688,Treymaurice Nyoni,0.0,0.0,34
689,Luca Williams-Barnett,0.0,0.0,34
693,Joseph O'Brien-Whitmarsh,0.0,0.0,34
694,Henry Cartwright,0.0,0.0,34
695,Samuel Rak-Sakyi,0.0,0.0,34
696,Tyrique George,2.33,1.0,34
701,Lewis Orford,0.029999999999999805,0.0,34
714,Diego Gómez,1.71,1.0,34
717,Min-Hyeok Yang,0.0,0.0,34
723,Dominic Sadi,0.25,0.0,34
728,Zain Silcott-Duberry,0.0,0.0,34
729,Damola Ajayi,0.0,0.0,34
734,Albert Grønbæk,0.16000000000000014,0.0,34
758,Joe Knight,0.0,0.0,34
768,Mathys Tel,3.92,2.0,34
770,Marshall Munetsi,2.5,3.0,34
771,Mathis Amougou,0.029999999999999805,0.0,34
772,Willian Borges da Silva,0.8799999999999999,2.0,34
773,Isaac Heath,0.0,0.0,34
775,Coby Ebere,0.0,0.0,34
778,Jack Moorhouse,0.009999999999999787,0.0,34
779,Sékou Koné,0.0,0.0,34
792,Jeremy Monga,0.3500000000000001,1.0,34
795,Harry Howell,0.18999999999999995,0.0,34
797,Jake Evans,0.16999999999999993,0.0,34
800,Tom Taylor,0.0,0.0,34
1,Fábio Ferreira Vieira,0.0,0.0,35
7,Jorge Luiz Frello Filho,0.18000000000000016,0.0,35
9,Gabriel Martinelli Silva,2.6900000000000004,2.0,35
10,Reiss Nelson,0.08000000000000007,0.0,35
12,Ethan Nwaneri,2.7199999999999998,1.0,35
13,Martin Ødegaard,3.95,5.0,35
16,Declan Rice,2.88,7.0,35
17,Bukayo Saka,3.99,2.0,35
19,Emile Smith Rowe,2.5199999999999996,1.0,35
20,Thomas Partey,2.3200000000000003,2.0,35
23,Leandro Trossard,3.01,2.0,35
28,Leon Bailey,0.6699999999999999,0.0,35
29,Ross Barkley,1.5599999999999996,1.0,35
30,Enzo Barrenechea,0.0,0.0,35
31,Emiliano Buendía Stati,0.009999999999999787,0.0,35
33,Leander Dendoncker,0.0,0.0,35
34,Moussa Diaby,0.0,0.0,35
37,Lewis Dobbin,0.0,0.0,35
41,Samuel Iling-Junior,0.0,0.0,35
42,Boubacar Kamara,1.67,3.0,35
48,John McGinn,1.88,6.0,35
53,Jacob Ramsey,2.0999999999999996,1.0,35
54,Morgan Rogers,3.6799999999999997,3.0,35
57,Youri Tielemans,2.96,8.0,35
60,Tyler Adams,1.9699999999999998,2.0,35
61,Jaidon Anthony,0.0,0.0,35
62,David Brooks,0.8199999999999998,1.0,35
63,Ryan Christie,0.16999999999999993,0.0,35
64,Lewis Cook,1.9299999999999997,2.0,35
66,Romain Faivre,0.0,0.0,35
67,Hamed Traorè,0.0,0.0,35
71,Justin Kluivert,3.4299999999999997,2.0,35
74,Dango Ouattara,2.1399999999999997,1.0,35
76,Philip Billing,0.0,0.0,35
77,Alex Scott,2.16,1.0,35
78,Antoine Semenyo,2.9000000000000004,4.0,35
80,Luis Sinisterra,0.27,0.0,35
83,Marcus Tavernier,0.96,5.0,35
87,Ethan Brierley,0.020000000000000018,0.0,35
89,Mikkel Damsgaard,1.9500000000000002,5.0,35
90,Josh Dasilva,0.029999999999999805,0.0,35
94,Vitaly Janelt,0.18999999999999995,0.0,35
95,Mathias Jensen,1.63,1.0,35
97,Yunus Emre Konak,0.18999999999999995,0.0,35
98,Keane Lewis-Potter,1.9100000000000001,2.0,35
99,Bryan Mbeumo,3.91,5.0,35
101,Christian Nørgaard,3.2199999999999998,5.0,35
102,Frank Onyeka,0.0,0.0,35
103,Myles Peart-Harris,0.0,0.0,35
106,Kevin Schade,2.9299999999999997,12.0,35
111,Yehor Yarmoliuk,2.46,2.0,35
113,Simon Adingra,1.54,3.0,35
114,Benicio Baker-Boaitey,0.08999999999999986,0.0,35
115,Carlos Baleba,1.7999999999999998,2.0,35
117,Facundo Buonanotte,1.6100000000000003,0.0,35
118,Amario Cozier-Duberry,0.0,0.0,35
119,Mahmoud Dahoud,0.0,0.0,35
121,Julio Enciso,1.92,7.0,35
124,Billy Gilmour,0.0,0.0,35
125,Pascal Groß,0.0,0.0,35
126,Jack Hinshelwood,1.42,3.0,35
127,Ibrahim Osman,0.08999999999999986,0.0,35
130,Kacper Kozłowski,0.08999999999999986,0.0,35
132,Solly March,0.6600000000000001,0.0,35
133,Adrian Mazilu,0.08999999999999986,0.0,35
134,James Milner,0.020000000000000018,0.0,35
135,Yankuba Minteh,1.37,7.0,35
136,Mitoma Kaoru,3.01,0.0,35
137,Jakub Moder,0.0,0.0,35
140,Cameron Peupion,0.0,0.0,35
141,Jeremy Sarmiento Morante,0.0,0.0,35
149,Mats Wieffer,1.46,3.0,35
150,Andrey Nascimento dos Santos,0.0,0.0,35
151,Ângelo Gabriel Borges Damaceno,0.0,0.0,35
157,Moisés Caicedo Corozo,2.3099999999999996,5.0,35
158,Cesare Casadei,0.0,0.0,35
161,Carney Chukwuemeka,0.0,0.0,35
166,Kiernan Dewsbury-Hall,0.94,0.0,35
168,Enzo Fernández,3.1500000000000004,7.0,35
169,Conor Gallagher,0.0,0.0,35
173,Omari Kellyman,0.009999999999999787,0.0,35
174,Roméo Lavia,1.3600000000000003,3.0,35
177,Noni Madueke,2.4699999999999998,2.0,35
179,Mykhailo Mudryk,0.31000000000000005,0.0,35
181,Christopher Nkunku,0.45999999999999996,0.0,35
182,Cole Palmer,3.8200000000000003,7.0,35
184,Renato Palma Veiga,0.0,0.0,35
186,Raheem Sterling,1.2300000000000004,1.0,35
188,Lesley Ugochukwu,1.8200000000000003,1.0,35
190,Naouirou Ahamada,0.0,0.0,35
192,Jordan Ayew,1.9299999999999997,8.0,35
193,Cheick Doucouré,0.009999999999999787,0.0,35
197,Malcolm Ebiowei,0.0,0.0,35
199,Eberechi Eze,3.3,7.0,35
203,Will Hughes,0.7400000000000002,1.0,35
205,Daichi Kamada,0.5299999999999998,1.0,35
206,Jefferson Lerma Solís,0.33999999999999986,1.0,35
208,Matheus França de Oliveira,0.75,0.0,35
212,David Ozoh,0.0,0.0,35
213,Jesurun Rak-Sakyi,0.0,0.0,35
214,Jeffrey Schlupp,0.0,0.0,35
216,Adam Wharton,1.7400000000000002,3.0,35
217,Abdoulaye Doucouré,3.62,0.0,35
222,Idrissa Gueye,2.0599999999999996,2.0,35
223,James Garner,1.7999999999999998,2.0,35
224,Jack Harrison,2.3499999999999996,1.0,35
226,Tim Iroegbunam,0.8599999999999999,1.0,35
230,Dwight McNeil,2.24,7.0,35
233,Amadou Onana,2.4800000000000004,1.0,35
239,Adama Traoré,2.1799999999999997,0.0,35
240,Andreas Hoelgebaum Pereira,1.9000000000000004,0.0,35
243,Tom Cairney,0.9500000000000002,0.0,35
246,Luke Harris,0.0,0.0,35
247,Alex Iwobi,2.6799999999999997,2.0,35
249,Saša Lukić,1.0899999999999999,2.0,35
254,Harrison Reed,0.3700000000000001,1.0,35
259,Harry Wilson,1.54,2.0,35
262,Nathan Broadhead,0.8799999999999999,0.0,35
264,Wes Burns,0.040000000000000036,0.0,35
265,Conor Chaplin,0.73,1.0,35
271,Marcus Myers-Harness,0.0,0.0,35
273,Cameron Humphreys,0.0,0.0,35
274,Omari Giraud-Hutchinson,0.54,5.0,35
277,Massimo Luongo,0.4700000000000002,0.0,35
278,Sam Morsy,1.8600000000000003,1.0,35
281,Jack Taylor,2.12,2.0,35
285,Boubakary Soumaré,1.5999999999999996,1.0,35
287,Hamza Choudhury,0.0,0.0,35
290,Bobby De Cordova-Reid,0.3900000000000001,0.0,35
292,Michael Golding,0.009999999999999787,1.0,35
297,Wanya Marçal-Madivádua,0.0,0.0,35
298,Stephy Mavididi,0.5,0.0,35
299,Kasey McAteer,2.8200000000000003,3.0,35
300,Wilfred Ndidi,5.1,3.0,35
309,Harry Winks,0.7000000000000002,0.0,35
312,Stefan Bajčetić Maquieira,0.0,0.0,35
314,Fábio Freitas Gouveia Carvalho,0.06000000000000005,0.0,35
315,Bobby Clark,0.0,0.0,35
317,Diogo Teixeira da Silva,2.05,1.0,35
318,Ben Doak,0.0,0.0,35
319,Harvey Elliott,1.96,2.0,35
320,Endo Wataru,0.4700000000000002,2.0,35
323,Ryan Gravenberch,2.51,0.0,35
324,Curtis Jones,1.3600000000000003,2.0,35
327,Luis Díaz,4.21,0.0,35
328,Mohamed Salah,3.5199999999999996,2.0,35
329,Alexis Mac Allister,3.0199999999999996,4.0,35
330,James McConnell,0.0,0.0,35
331,Tyler Morton,0.0,0.0,35
336,Dominik Szoboszlai,4.07,1.0,35
342,Bernardo Veiga de Carvalho e Silva,2.0,3.0,35
343,Oscar Bobb,0.71,0.0,35
345,Kevin De Bruyne,3.7800000000000002,8.0,35
346,Jérémy Doku,1.38,6.0,35
348,Phil Foden,0.9199999999999999,1.0,35
349,Jack Grealish,0.81,0.0,35
354,Mateo Kovačić,2.6799999999999997,3.0,35
356,Matheus Luiz Nunes,2.79,3.0,35
357,James McAtee,1.9800000000000004,1.0,35
359,Kalvin Phillips,0.1299999999999999,1.0,35
360,Rodrigo 'Rodri' Hernandez,0.029999999999999805,0.0,35
364,Amad Diallo,0.7999999999999998,6.0,35
365,Antony Matheus dos Santos,0.0,0.0,35
366,Bruno Borges Fernandes,4.42,0.0,35
368,Carlos Henrique Casimiro,2.3499999999999996,0.0,35
370,Christian Eriksen,1.87,4.0,35
372,Alejandro Garnacho,3.25,9.0,35
373,Hannibal Mejbri,0.0,0.0,35
378,Kobbie Mainoo,2.2800000000000002,2.0,35
381,Scott McTominay,0.0,0.0,35
382,Mason Mount,2.08,6.0,35
384,Facundo Pellistri Rebollo,0.0,0.0,35
385,Marcus Rashford,2.4699999999999998,0.0,35
386,Jadon Sancho,1.6100000000000003,0.0,35
391,Miguel Almirón Rejala,0.0,0.0,35
392,Harvey Barnes,2.59,2.0,35
394,Bruno Guimarães Rodriguez Moura,2.76,2.0,35
397,Ryan Fraser,0.18000000000000016,0.0,35
398,Anthony Gordon,1.5199999999999996,1.0,35
400,Isaac Hayden,0.0,0.0,35
402,Jacob Murphy,2.8,1.0,35
403,Joelinton Cássio Apolinário de Lira,0.6099999999999999,0.0,35
406,Garang Kuol,0.020000000000000018,0.0,35
410,Sean Longstaff,0.4700000000000002,0.0,35
411,Lewis Miley,0.98,0.0,35
417,Sandro Tonali,2.7800000000000002,2.0,35
419,Joe White,0.0,0.0,35
420,Joe Willock,1.8200000000000003,1.0,35
423,Elliot Anderson,2.3600000000000003,2.0,35
426,Josh Bowler,0.0,0.0,35
428,Eric da Silva Moreira,0.41000000000000014,0.0,35
429,Danilo dos Santos de Oliveira,0.3700000000000001,0.0,35
431,Nicolás Domínguez,1.8099999999999996,1.0,35
432,Anthony Elanga,3.5700000000000003,2.0,35
433,Morgan Gibbs-White,3.1799999999999997,1.0,35
434,Callum Hudson-Odoi,2.0300000000000002,0.0,35
435,Alex Mighten,0.0,0.0,35
439,Lewis O'Brien,0.0,0.0,35
442,Ibrahim Sangaré,0.7200000000000002,1.0,35
449,Ryan Yates,2.01,0.0,35
450,Carlos Alcaraz Durán,2.13,4.0,35
451,Samuel Amo-Ameyaw,0.0,0.0,35
452,Joe Aribo,0.4500000000000002,0.0,35
458,Shea Charles,0.0,0.0,35
459,Samuel Edozie,0.6400000000000001,0.0,35
462,Kamaldeen Sulemana,2.1799999999999997,0.0,35
463,Adam Lallana,0.1499999999999999,0.0,35
471,Will Smallbone,0.7200000000000002,1.0,35
480,Rodrigo Bentancur,1.3399999999999999,0.0,35
481,Lucas Bergvall,2.0199999999999996,0.0,35
482,Yves Bissouma,0.45999999999999996,2.0,35
483,Bryan Gil Salvatierra,0.0,0.0,35
485,Alfie Devine,0.0,0.0,35
489,Archie Gray,1.0099999999999998,2.0,35
490,Pierre-Emile Højbjerg,0.0,0.0,35
491,Brennan Johnson,4.03,0.0,35
492,Dejan Kulusevski,1.9100000000000001,2.0,35
493,Giovani Lo Celso,0.0,0.0,35
494,James Maddison,2.2300000000000004,0.0,35
499,Pape Matar Sarr,1.54,2.0,35
501,Oliver Skipp,0.8799999999999999,2.0,35
502,Manor Solomon,0.0,0.0,35
503,Son Heung-min,0.22999999999999998,0.0,35
509,Timo Werner,0.10000000000000009,0.0,35
511,Edson Álvarez Velázquez,0.14000000000000012,0.0,35
514,Jarrod Bowen,3.54,7.0,35
515,Maxwel Cornet,0.0,0.0,35
518,Flynn Downes,1.7699999999999996,2.0,35
519,George Earthy,0.0,0.0,35
525,Mohammed Kudus,2.91,1.0,35
526,Luis Guilherme Lira dos Santos,0.8199999999999998,0.0,35
527,Lucas Tolentino Coelho de Lima,1.9699999999999998,1.0,35
530,Tomáš Souček,2.66,2.0,35
531,James Ward-Prowse,1.8499999999999996,1.0,35
534,Boubacar Traoré,0.16000000000000014,0.0,35
535,Jean-Ricner Bellegarde,0.7400000000000002,2.0,35
537,Francisco Jorge Tomás Oliveira,0.0,0.0,35
538,Tawanda Chirewa,0.0,0.0,35
540,Luke Cundle,0.0,0.0,35
544,Tommy Doyle,0.10999999999999988,0.0,35
547,Enso González,0.009999999999999787,0.0,35
548,Gonçalo Manuel Ganchinho Guedes,0.7599999999999998,1.0,35
550,Hwang Hee-chan,0.45999999999999996,1.0,35
551,Joe Hodge,0.0,0.0,35
553,João Victor Gomes da Silva,2.3899999999999997,2.0,35
557,Mario Lemina,0.08000000000000007,0.0,35
560,Pedro Lomba Neto,2.5199999999999996,5.0,35
562,Daniel Castelo Podence,0.0,0.0,35
563,Rodrigo Martins Gomes,1.5300000000000002,1.0,35
565,Pablo Sarabia,2.17,1.0,35
569,Jaden Philogene,1.1100000000000003,0.0,35
570,Abdul Fatawu,0.029999999999999805,0.0,35
571,Sávio 'Savinho' Moreira de Oliveira,2.8,0.0,35
576,Andy Irving,0.020000000000000018,0.0,35
577,Jesper Lindstrøm,0.08999999999999986,0.0,35
584,Ben Brereton Díaz,0.0,0.0,35
585,Ismaïla Sarr,3.4699999999999998,2.0,35
587,Crysencio Summerville,0.040000000000000036,0.0,35
588,Guido Rodríguez,0.08999999999999986,0.0,35
595,Brajan Gruda,2.1399999999999997,1.0,35
596,João Pedro Ferreira Silva,1.2800000000000002,0.0,35
597,Myles Lewis-Skelly,1.38,2.0,35
600,Yasin Ayari,1.8399999999999999,1.0,35
601,Andrew Moran,0.08999999999999986,0.0,35
602,Ryan Trevitt,0.0,0.0,35
603,Harrison Armstrong,0.0,0.0,35
604,Josh King,0.1499999999999999,0.0,35
605,Martial Godo,0.0,0.0,35
606,Will Alves,0.0,0.0,35
607,Nico O'Reilly,4.35,1.0,35
608,Tyler Dibling,1.8099999999999996,1.0,35
610,Mikey Moore,0.0,1.0,35
611,Sam Szmodics,0.1299999999999999,0.0,35
612,Wilson Odobert,1.0599999999999996,7.0,35
613,Toby Collyer,0.10000000000000009,0.0,35
614,Jenson Metcalfe,0.0,0.0,35
618,Georginio Rutter,0.029999999999999805,0.0,35
619,Jens Cajuste,1.5300000000000002,1.0,35
620,Ramón Sosa,1.0300000000000002,1.0,35
621,João Félix Sequeira,0.0,0.0,35
622,Sander Berge,1.29,1.0,35
623,Mateus Gonçalo Espanha Fernandes,2.04,1.0,35
625,Ilkay Gündogan,2.75,3.0,35
629,Matt O'Riley,1.5999999999999996,2.0,35
631,Jack Clarke,1.5,1.0,35
632,Chiedozie Ogbene,0.10000000000000009,0.0,35
633,Mikel Merino,2.5300000000000002,1.0,35
634,Gustavo Nunes Fernandes Gomes,0.45999999999999996,1.0,35
635,Bilal El Khannouss,2.66,6.0,35
636,Federico Chiesa,0.7599999999999998,1.0,35
638,Salah-Eddine Oulad M'hand,0.0,0.0,35
642,André Trindade da Costa Neto,2.79,2.0,35
644,Franco Umeh-Chibueze,0.0,0.0,35
645,Justin Devenny,0.5,0.0,35
646,Asher Agbinone,0.0,0.0,35
647,Kaden Rodney,0.06999999999999984,0.0,35
651,Orel Mangala,0.040000000000000036,0.0,35
652,Manuel Ugarte,1.2300000000000004,4.0,35
654,Carlos Soler,1.0599999999999996,1.0,35
655,Carlos Roberto Forbs Borges,0.5800000000000001,0.0,35
656,Kadan Young,0.0,0.0,35
659,Ismeal Kabia,0.0,0.0,35
661,Tony Yogane,0.0,0.0,35
667,Jack Fletcher,0.0,0.0,35
671,Jacob Wright,0.0,0.0,35
673,Jayce Fitzgerald,0.1200000000000001,0.0,35
674,Paris Maghoma,0.22999999999999998,0.0,35
678,Callum Bates,0.0,0.0,35
679,Ben Broggio,0.2200000000000002,0.0,35
682,Tom Edozie,0.0,0.0,35
683,Callum Olusesi,0.0,0.0,35
687,Ben Winterburn,0.2200000000000002,0.0,35
688,Treymaurice Nyoni,0.0,0.0,35
689,Luca Williams-Barnett,0.0,0.0,35
693,Joseph O'Brien-Whitmarsh,0.0,0.0,35
694,Henry Cartwright,0.0,0.0,35
695,Samuel Rak-Sakyi,0.0,0.0,35
696,Tyrique George,1.2300000000000004,0.0,35
701,Lewis Orford,0.009999999999999787,0.0,35
710,Jamaldeen Jimoh,0.0,0.0,35
714,Diego Gómez,1.1799999999999997,1.0,35
717,Min-Hyeok Yang,0.0,0.0,35
723,Dominic Sadi,0.0,0.0,35
725,Donyell Malen,1.92,1.0,35
728,Zain Silcott-Duberry,0.04999999999999982,0.0,35
729,Damola Ajayi,0.0,0.0,35
730,Romain Esse,0.18999999999999995,0.0,35
734,Albert Grønbæk,0.14000000000000012,0.0,35
758,Joe Knight,0.009999999999999787,0.0,35
762,Marco Asensio,3.3600000000000003,1.0,35
765,Nico González,2.26,1.0,35
768,Mathys Tel,2.9699999999999998,4.0,35
770,Marshall Munetsi,2.09,2.0,35
771,Mathis Amougou,0.0,0.0,35
772,Willian Borges da Silva,1.5300000000000002,1.0,35
773,Isaac Heath,0.0,0.0,35
775,Coby Ebere,0.020000000000000018,0.0,35
778,Jack Moorhouse,0.04999999999999982,0.0,35
779,Sékou Koné,0.0,0.0,35
785,Claudio Echeverri,0.0,0.0,35
790,Jimi Gower,0.04999999999999982,0.0,35
792,Jeremy Monga,1.04,1.0,35
793,Jack Henry-Francis,0.04999999999999982,0.0,35
795,Harry Howell,0.020000000000000018,0.0,35
797,Jake Evans,0.06999999999999984,1.0,35
800,Tom Taylor,0.040000000000000036,0.0,35
1,Fábio Ferreira Vieira,0.0,0.0,36
7,Jorge Luiz Frello Filho,0.2599999999999998,0.0,36
9,Gabriel Martinelli Silva,2.5599999999999996,7.0,36
10,Reiss Nelson,0.16000000000000014,0.0,36
12,Ethan Nwaneri,1.6100000000000003,0.0,36
13,Martin Ødegaard,2.74,5.0,36
16,Declan Rice,3.09,0.0,36
17,Bukayo Saka,3.34,2.0,36
19,Emile Smith Rowe,2.1100000000000003,5.0,36
20,Thomas Partey,1.79,2.0,36
23,Leandro Trossard,2.66,5.0,36
28,Leon Bailey,0.77,0.0,36
29,Ross Barkley,1.6399999999999997,0.0,36
30,Enzo Barrenechea,0.0,0.0,36
31,Emiliano Buendía Stati,0.08000000000000007,0.0,36
33,Leander Dendoncker,0.0,0.0,36
34,Moussa Diaby,0.0,0.0,36
37,Lewis Dobbin,0.0,0.0,36
41,Samuel Iling-Junior,0.0,0.0,36
42,Boubacar Kamara,1.4699999999999998,3.0,36
48,John McGinn,2.2,1.0,36
53,Jacob Ramsey,1.9800000000000004,0.0,36
54,Morgan Rogers,2.5599999999999996,6.0,36
57,Youri Tielemans,2.37,0.0,36
60,Tyler Adams,1.8499999999999996,2.0,36
61,Jaidon Anthony,0.0,0.0,36
62,David Brooks,0.7999999999999998,1.0,36
63,Ryan Christie,0.040000000000000036,0.0,36
64,Lewis Cook,1.29,2.0,36
66,Romain Faivre,0.0,0.0,36
67,Hamed Traorè,0.0,0.0,36
71,Justin Kluivert,3.21,1.0,36
74,Dango Ouattara,2.49,0.0,36
76,Philip Billing,0.0,0.0,36
77,Alex Scott,2.2800000000000002,0.0,36
78,Antoine Semenyo,3.1500000000000004,2.0,36
80,Luis Sinisterra,0.06999999999999984,0.0,36
83,Marcus Tavernier,1.6799999999999997,2.0,36
87,Ethan Brierley,0.020000000000000018,0.0,36
89,Mikkel Damsgaard,2.6799999999999997,3.0,36
90,Josh Dasilva,0.0,0.0,36
94,Vitaly Janelt,0.16999999999999993,0.0,36
95,Mathias Jensen,1.8099999999999996,1.0,36
97,Yunus Emre Konak,0.20999999999999996,1.0,36
98,Keane Lewis-Potter,1.9900000000000002,3.0,36
99,Bryan Mbeumo,5.029999999999999,6.0,36
101,Christian Nørgaard,2.6799999999999997,2.0,36
102,Frank Onyeka,0.0,0.0,36
103,Myles Peart-Harris,0.0,0.0,36
106,Kevin Schade,5.26,8.0,36
111,Yehor Yarmoliuk,2.1500000000000004,2.0,36
113,Simon Adingra,2.4299999999999997,4.0,36
114,Benicio Baker-Boaitey,0.0,0.0,36
115,Carlos Baleba,2.3899999999999997,3.0,36
117,Facundo Buonanotte,0.54,5.0,36
118,Amario Cozier-Duberry,0.0,0.0,36
119,Mahmoud Dahoud,0.0,0.0,36
121,Julio Enciso,2.5700000000000003,2.0,36
124,Billy Gilmour,0.0,0.0,36
125,Pascal Groß,0.0,0.0,36
126,Jack Hinshelwood,1.8899999999999997,1.0,36
127,Ibrahim Osman,0.0,0.0,36
130,Kacper Kozłowski,0.0,0.0,36
132,Solly March,0.7400000000000002,0.0,36
133,Adrian Mazilu,0.0,0.0,36
134,James Milner,0.009999999999999787,0.0,36
135,Yankuba Minteh,2.2300000000000004,3.0,36
136,Mitoma Kaoru,2.9299999999999997,1.0,36
137,Jakub Moder,0.009999999999999787,0.0,36
140,Cameron Peupion,0.0,0.0,36
141,Jeremy Sarmiento Morante,0.0,0.0,36
149,Mats Wieffer,1.58,5.0,36
150,Andrey Nascimento dos Santos,0.0,0.0,36
151,Ângelo Gabriel Borges Damaceno,0.0,0.0,36
157,Moisés Caicedo Corozo,2.3,2.0,36
158,Cesare Casadei,0.0,0.0,36
161,Carney Chukwuemeka,0.0,0.0,36
166,Kiernan Dewsbury-Hall,0.6299999999999999,0.0,36
168,Enzo Fernández,3.71,1.0,36
169,Conor Gallagher,0.0,0.0,36
173,Omari Kellyman,0.020000000000000018,0.0,36
174,Roméo Lavia,1.7000000000000002,2.0,36
177,Noni Madueke,3.17,1.0,36
179,Mykhailo Mudryk,0.14000000000000012,0.0,36
181,Christopher Nkunku,0.040000000000000036,0.0,36
182,Cole Palmer,4.8,2.0,36
184,Renato Palma Veiga,0.0,0.0,36
186,Raheem Sterling,0.3799999999999999,0.0,36
188,Lesley Ugochukwu,2.26,0.0,36
190,Naouirou Ahamada,0.0,0.0,36
192,Jordan Ayew,1.21,2.0,36
193,Cheick Doucouré,0.0,0.0,36
197,Malcolm Ebiowei,0.0,0.0,36
199,Eberechi Eze,3.21,13.0,36
203,Will Hughes,1.0999999999999996,3.0,36
205,Daichi Kamada,1.38,1.0,36
206,Jefferson Lerma Solís,0.5499999999999998,2.0,36
208,Matheus França de Oliveira,0.33000000000000007,0.0,36
212,David Ozoh,0.0,0.0,36
213,Jesurun Rak-Sakyi,0.0,0.0,36
214,Jeffrey Schlupp,0.0,0.0,36
216,Adam Wharton,1.7199999999999998,0.0,36
217,Abdoulaye Doucouré,1.9000000000000004,5.0,36
222,Idrissa Gueye,2.0700000000000003,2.0,36
223,James Garner,1.6399999999999997,2.0,36
224,Jack Harrison,1.4000000000000004,2.0,36
226,Tim Iroegbunam,0.81,1.0,36
230,Dwight McNeil,3.24,4.0,36
233,Amadou Onana,1.8200000000000003,3.0,36
239,Adama Traoré,1.96,1.0,36
240,Andreas Hoelgebaum Pereira,0.8900000000000001,2.0,36
243,Tom Cairney,0.7000000000000002,1.0,36
246,Luke Harris,0.0,0.0,36
247,Alex Iwobi,2.5999999999999996,2.0,36
249,Saša Lukić,1.75,0.0,36
254,Harrison Reed,0.33999999999999986,0.0,36
259,Harry Wilson,2.3,2.0,36
262,Nathan Broadhead,0.08999999999999986,0.0,36
264,Wes Burns,0.029999999999999805,0.0,36
265,Conor Chaplin,1.8399999999999999,1.0,36
271,Marcus Myers-Harness,0.0,0.0,36
273,Cameron Humphreys,0.0,0.0,36
274,Omari Giraud-Hutchinson,1.8899999999999997,2.0,36
277,Massimo Luongo,0.2400000000000002,0.0,36
278,Sam Morsy,1.9000000000000004,2.0,36
281,Jack Taylor,1.6900000000000004,1.0,36
285,Boubakary Soumaré,1.13,1.0,36
287,Hamza Choudhury,0.0,0.0,36
290,Bobby De Cordova-Reid,0.2599999999999998,0.0,36
292,Michael Golding,0.14000000000000012,0.0,36
297,Wanya Marçal-Madivádua,0.0,0.0,36
298,Stephy Mavididi,0.1499999999999999,0.0,36
299,Kasey McAteer,1.5899999999999999,2.0,36
300,Wilfred Ndidi,1.7999999999999998,2.0,36
309,Harry Winks,0.9199999999999999,0.0,36
312,Stefan Bajčetić Maquieira,0.0,0.0,36
314,Fábio Freitas Gouveia Carvalho,0.029999999999999805,0.0,36
315,Bobby Clark,0.0,0.0,36
317,Diogo Teixeira da Silva,2.26,1.0,36
318,Ben Doak,0.0,0.0,36
319,Harvey Elliott,1.63,1.0,36
320,Endo Wataru,1.6399999999999997,0.0,36
323,Ryan Gravenberch,2.3200000000000003,2.0,36
324,Curtis Jones,2.2,2.0,36
327,Luis Díaz,2.58,7.0,36
328,Mohamed Salah,2.66,2.0,36
329,Alexis Mac Allister,3.8200000000000003,1.0,36
330,James McConnell,0.1200000000000001,0.0,36
331,Tyler Morton,0.009999999999999787,0.0,36
336,Dominik Szoboszlai,2.9400000000000004,5.0,36
342,Bernardo Veiga de Carvalho e Silva,4.88,3.0,36
343,Oscar Bobb,0.8399999999999999,0.0,36
345,Kevin De Bruyne,3.3899999999999997,3.0,36
346,Jérémy Doku,4.04,1.0,36
348,Phil Foden,2.5300000000000002,3.0,36
349,Jack Grealish,2.21,0.0,36
354,Mateo Kovačić,4.02,3.0,36
356,Matheus Luiz Nunes,5.08,0.0,36
357,James McAtee,3.38,1.0,36
359,Kalvin Phillips,1.17,0.0,36
360,Rodrigo 'Rodri' Hernandez,0.08000000000000007,0.0,36
364,Amad Diallo,4.17,2.0,36
365,Antony Matheus dos Santos,0.0,0.0,36
366,Bruno Borges Fernandes,2.87,2.0,36
368,Carlos Henrique Casimiro,2.16,0.0,36
370,Christian Eriksen,2.4299999999999997,1.0,36
372,Alejandro Garnacho,4.97,1.0,36
373,Hannibal Mejbri,0.0,0.0,36
378,Kobbie Mainoo,2.1900000000000004,2.0,36
381,Scott McTominay,0.0,0.0,36
382,Mason Mount,3.13,1.0,36
384,Facundo Pellistri Rebollo,0.0,0.0,36
385,Marcus Rashford,0.9900000000000002,0.0,36
386,Jadon Sancho,2.1900000000000004,1.0,36
391,Miguel Almirón Rejala,0.0,0.0,36
392,Harvey Barnes,2.7699999999999996,3.0,36
394,Bruno Guimarães Rodriguez Moura,2.1900000000000004,7.0,36
397,Ryan Fraser,0.04999999999999982,0.0,36
398,Anthony Gordon,1.4500000000000002,3.0,36
400,Isaac Hayden,0.0,0.0,36
402,Jacob Murphy,4.04,5.0,36
403,Joelinton Cássio Apolinário de Lira,0.18000000000000016,0.0,36
406,Garang Kuol,0.04999999999999982,0.0,36
410,Sean Longstaff,0.2400000000000002,1.0,36
411,Lewis Miley,0.3700000000000001,1.0,36
417,Sandro Tonali,2.42,8.0,36
419,Joe White,0.0,0.0,36
420,Joe Willock,2.1500000000000004,0.0,36
423,Elliot Anderson,3.25,1.0,36
426,Josh Bowler,0.0,0.0,36
428,Eric da Silva Moreira,0.14000000000000012,0.0,36
429,Danilo dos Santos de Oliveira,0.8199999999999998,0.0,36
431,Nicolás Domínguez,1.9500000000000002,2.0,36
432,Anthony Elanga,4.56,5.0,36
433,Morgan Gibbs-White,3.6900000000000004,10.0,36
434,Callum Hudson-Odoi,0.16000000000000014,0.0,36
435,Alex Mighten,0.0,0.0,36
439,Lewis O'Brien,0.0,0.0,36
442,Ibrahim Sangaré,1.7400000000000002,2.0,36
449,Ryan Yates,1.7300000000000004,1.0,36
450,Carlos Alcaraz Durán,2.09,5.0,36
451,Samuel Amo-Ameyaw,0.0,0.0,36
452,Joe Aribo,0.7400000000000002,1.0,36
458,Shea Charles,0.0,0.0,36
459,Samuel Edozie,0.004999999999999893,0.0,36
462,Kamaldeen Sulemana,3.01,3.0,36
463,Adam Lallana,0.22999999999999998,0.0,36
471,Will Smallbone,0.8300000000000001,1.0,36
480,Rodrigo Bentancur,1.1100000000000003,0.0,36
481,Lucas Bergvall,0.7799999999999998,0.0,36
482,Yves Bissouma,1.0999999999999996,1.0,36
483,Bryan Gil Salvatierra,0.0,0.0,36
485,Alfie Devine,0.0,0.0,36
489,Archie Gray,0.8399999999999999,2.0,36
490,Pierre-Emile Højbjerg,0.0,0.0,36
491,Brennan Johnson,2.33,0.0,36
492,Dejan Kulusevski,1.7599999999999998,1.0,36
493,Giovani Lo Celso,0.0,0.0,36
494,James Maddison,0.3700000000000001,0.0,36
499,Pape Matar Sarr,1.5499999999999998,2.0,36
501,Oliver Skipp,1.9900000000000002,1.0,36
502,Manor Solomon,0.0,0.0,36
503,Son Heung-min,0.2999999999999998,1.0,36
509,Timo Werner,0.2200000000000002,0.0,36
511,Edson Álvarez Velázquez,0.2400000000000002,1.0,36
514,Jarrod Bowen,4.25,8.0,36
515,Maxwel Cornet,0.0,0.0,36
518,Flynn Downes,1.71,2.0,36
519,George Earthy,0.0,0.0,36
525,Mohammed Kudus,2.58,6.0,36
526,Luis Guilherme Lira dos Santos,0.33000000000000007,0.0,36
527,Lucas Tolentino Coelho de Lima,2.1399999999999997,0.0,36
530,Tomáš Souček,1.96,8.0,36
531,James Ward-Prowse,1.2300000000000004,3.0,36
534,Boubacar Traoré,0.1299999999999999,0.0,36
535,Jean-Ricner Bellegarde,1.4900000000000002,1.0,36
537,Francisco Jorge Tomás Oliveira,0.0,0.0,36
538,Tawanda Chirewa,0.0,0.0,36
540,Luke Cundle,0.0,0.0,36
544,Tommy Doyle,0.10000000000000009,0.0,36
547,Enso González,0.020000000000000018,0.0,36
548,Gonçalo Manuel Ganchinho Guedes,0.8999999999999999,1.0,36
550,Hwang Hee-chan,0.43000000000000016,0.0,36
551,Joe Hodge,0.0,0.0,36
553,João Victor Gomes da Silva,1.87,1.0,36
557,Mario Lemina,0.009999999999999787,0.0,36
560,Pedro Lomba Neto,3.1100000000000003,2.0,36
562,Daniel Castelo Podence,0.0,0.0,36
563,Rodrigo Martins Gomes,0.94,1.0,36
565,Pablo Sarabia,1.5999999999999996,1.0,36
569,Jaden Philogene,0.2200000000000002,0.0,36
570,Abdul Fatawu,0.0,0.0,36
571,Sávio 'Savinho' Moreira de Oliveira,3.91,1.0,36
576,Andy Irving,0.1200000000000001,0.0,36
577,Jesper Lindstrøm,0.1200000000000001,0.0,36
584,Ben Brereton Díaz,0.0,0.0,36
585,Ismaïla Sarr,3.01,6.0,36
587,Crysencio Summerville,0.1200000000000001,0.0,36
588,Guido Rodríguez,0.08000000000000007,3.0,36
595,Brajan Gruda,1.6900000000000004,6.0,36
596,João Pedro Ferreira Silva,1.0999999999999996,1.0,36
597,Myles Lewis-Skelly,1.8499999999999996,1.0,36
600,Yasin Ayari,1.7300000000000004,3.0,36
601,Andrew Moran,0.0,0.0,36
602,Ryan Trevitt,0.0,0.0,36
603,Harrison Armstrong,0.009999999999999787,0.0,36
604,Josh King,0.16999999999999993,1.0,36
605,Martial Godo,0.009999999999999787,1.0,36
606,Will Alves,0.0,0.0,36
607,Nico O'Reilly,4.0,1.0,36
608,Tyler Dibling,2.17,3.0,36
610,Mikey Moore,0.5499999999999998,2.0,36
611,Sam Szmodics,0.25,0.0,36
612,Wilson Odobert,2.42,2.0,36
613,Toby Collyer,0.06000000000000005,0.0,36
614,Jenson Metcalfe,0.0,0.0,36
618,Georginio Rutter,0.52,0.0,36
619,Jens Cajuste,1.2300000000000004,1.0,36
620,Ramón Sosa,1.8499999999999996,0.0,36
621,João Félix Sequeira,0.0,0.0,36
622,Sander Berge,1.7400000000000002,1.0,36
623,Mateus Gonçalo Espanha Fernandes,1.7400000000000002,3.0,36
625,Ilkay Gündogan,4.51,0.0,36
629,Matt O'Riley,2.4800000000000004,1.0,36
631,Jack Clarke,1.4100000000000001,1.0,36
632,Chiedozie Ogbene,0.0,0.0,36
633,Mikel Merino,1.8200000000000003,4.0,36
634,Gustavo Nunes Fernandes Gomes,0.98,0.0,36
635,Bilal El Khannouss,2.6799999999999997,5.0,36
636,Federico Chiesa,2.37,0.0,36
638,Salah-Eddine Oulad M'hand,0.040000000000000036,0.0,36
642,André Trindade da Costa Neto,1.88,2.0,36
644,Franco Umeh-Chibueze,0.009999999999999787,0.0,36
645,Justin Devenny,0.5299999999999998,1.0,36
646,Asher Agbinone,0.0,0.0,36
647,Kaden Rodney,0.040000000000000036,0.0,36
651,Orel Mangala,0.31999999999999984,0.0,36
652,Manuel Ugarte,1.83,1.0,36
654,Carlos Soler,1.0300000000000002,1.0,36
655,Carlos Roberto Forbs Borges,0.31000000000000005,0.0,36
656,Kadan Young,0.0,0.0,36
659,Ismeal Kabia,0.06999999999999984,0.0,36
661,Tony Yogane,0.0,0.0,36
667,Jack Fletcher,0.0,0.0,36
671,Jacob Wright,0.1499999999999999,0.0,36
673,Jayce Fitzgerald,0.0,0.0,36
674,Paris Maghoma,0.14000000000000012,0.0,36
678,Callum Bates,0.0,0.0,36
679,Ben Broggio,0.0,0.0,36
682,Tom Edozie,0.020000000000000018,0.0,36
683,Callum Olusesi,0.020000000000000018,0.0,36
687,Ben Winterburn,0.27,0.0,36
688,Treymaurice Nyoni,0.009999999999999787,0.0,36
689,Luca Williams-Barnett,0.0,0.0,36
693,Joseph O'Brien-Whitmarsh,0.0,0.0,36
694,Henry Cartwright,0.0,0.0,36
695,Samuel Rak-Sakyi,0.0,0.0,36
696,Tyrique George,0.9900000000000002,0.0,36
701,Lewis Orford,0.06999999999999984,0.0,36
710,Jamaldeen Jimoh,0.0,0.0,36
714,Diego Gómez,2.2300000000000004,1.0,36
717,Min-Hyeok Yang,0.0,0.0,36
723,Dominic Sadi,0.009999999999999787,0.0,36
725,Donyell Malen,1.6799999999999997,0.0,36
728,Zain Silcott-Duberry,0.0,0.0,36
729,Damola Ajayi,0.0,0.0,36
730,Romain Esse,0.020000000000000018,1.0,36
734,Albert Grønbæk,0.33000000000000007,0.0,36
758,Joe Knight,0.0,0.0,36
762,Marco Asensio,1.9800000000000004,2.0,36
765,Nico González,2.51,0.0,36
768,Mathys Tel,2.54,2.0,36
770,Marshall Munetsi,2.05,2.0,36
771,Mathis Amougou,0.08999999999999986,0.0,36
772,Willian Borges da Silva,1.6399999999999997,1.0,36
773,Isaac Heath,0.0,0.0,36
775,Coby Ebere,0.0,0.0,36
778,Jack Moorhouse,0.0,0.0,36
779,Sékou Koné,0.0,0.0,36
785,Claudio Echeverri,0.45999999999999996,0.0,36
790,Jimi Gower,0.020000000000000018,0.0,36
792,Jeremy Monga,1.0700000000000003,1.0,36
793,Jack Henry-Francis,0.08000000000000007,0.0,36
795,Harry Howell,0.0,0.0,36
797,Jake Evans,0.69,0.0,36
800,Tom Taylor,0.0,0.0,36
1,Fábio Ferreira Vieira,0.0,0.0,37
7,Jorge Luiz Frello Filho,0.8300000000000001,1.0,37
9,Gabriel Martinelli Silva,3.45,3.0,37
10,Reiss Nelson,0.06999999999999984,0.0,37
12,Ethan Nwaneri,2.25,0.0,37
13,Martin Ødegaard,2.74,6.0,37
16,Declan Rice,2.1399999999999997,8.0,37
17,Bukayo Saka,3.3,3.0,37
19,Emile Smith Rowe,3.3200000000000003,1.0,37
20,Thomas Partey,2.34,3.0,37
23,Leandro Trossard,3.2199999999999998,3.0,37
28,Leon Bailey,0.7000000000000002,1.0,37
29,Ross Barkley,0.98,1.0,37
30,Enzo Barrenechea,0.0,0.0,37
31,Emiliano Buendía Stati,0.0,0.0,37
33,Leander Dendoncker,0.0,0.0,37
34,Moussa Diaby,0.0,0.0,37
37,Lewis Dobbin,0.0,0.0,37
41,Samuel Iling-Junior,0.0,0.0,37
42,Boubacar Kamara,1.5599999999999996,8.0,37
48,John McGinn,3.3099999999999996,3.0,37
53,Jacob Ramsey,1.5199999999999996,0.0,37
54,Morgan Rogers,3.1799999999999997,6.0,37
57,Youri Tielemans,0.45999999999999996,0.0,37
60,Tyler Adams,2.13,2.0,37
61,Jaidon Anthony,0.0,0.0,37
62,David Brooks,0.94,1.0,37
63,Ryan Christie,0.08999999999999986,0.0,37
64,Lewis Cook,1.63,-1.0,37
66,Romain Faivre,0.006666666666666821,0.0,37
67,Hamed Traorè,0.0,0.0,37
71,Justin Kluivert,1.6799999999999997,1.0,37
74,Dango Ouattara,0.2400000000000002,0.0,37
76,Philip Billing,0.0,0.0,37
77,Alex Scott,1.54,0.0,37
78,Antoine Semenyo,2.75,2.0,37
80,Luis Sinisterra,0.08999999999999986,0.0,37
83,Marcus Tavernier,1.7000000000000002,1.0,37
87,Ethan Brierley,0.10000000000000009,0.0,37
89,Mikkel Damsgaard,2.5599999999999996,2.0,37
90,Josh Dasilva,0.0,0.0,37
94,Vitaly Janelt,0.040000000000000036,0.0,37
95,Mathias Jensen,1.3600000000000003,1.0,37
97,Yunus Emre Konak,0.5,0.0,37
98,Keane Lewis-Potter,2.3499999999999996,1.0,37
99,Bryan Mbeumo,4.02,5.0,37
101,Christian Nørgaard,2.8600000000000003,4.0,37
102,Frank Onyeka,0.0,0.0,37
103,Myles Peart-Harris,0.0,0.0,37
106,Kevin Schade,4.49,2.0,37
111,Yehor Yarmoliuk,2.17,2.0,37
113,Simon Adingra,1.9800000000000004,2.0,37
114,Benicio Baker-Boaitey,0.0,0.0,37
115,Carlos Baleba,2.25,2.0,37
117,Facundo Buonanotte,1.8899999999999997,0.0,37
118,Amario Cozier-Duberry,0.0,0.0,37
119,Mahmoud Dahoud,0.0,0.0,37
121,Julio Enciso,2.71,2.0,37
124,Billy Gilmour,0.0,0.0,37
125,Pascal Groß,0.0,0.0,37
126,Jack Hinshelwood,0.6099999999999999,6.0,37
127,Ibrahim Osman,0.0,0.0,37
130,Kacper Kozłowski,0.0,0.0,37
132,Solly March,0.45999999999999996,0.0,37
133,Adrian Mazilu,0.0,0.0,37
134,James Milner,0.009999999999999787,0.0,37
135,Yankuba Minteh,1.8600000000000003,2.0,37
136,Mitoma Kaoru,1.4699999999999998,6.0,37
137,Jakub Moder,0.0,0.0,37
140,Cameron Peupion,0.0,0.0,37
141,Jeremy Sarmiento Morante,0.0,0.0,37
149,Mats Wieffer,2.7199999999999998,2.0,37
150,Andrey Nascimento dos Santos,0.0,0.0,37
151,Ângelo Gabriel Borges Damaceno,0.0,0.0,37
157,Moisés Caicedo Corozo,2.0300000000000002,3.0,37
158,Cesare Casadei,0.0,0.0,37
161,Carney Chukwuemeka,0.0,0.0,37
166,Kiernan Dewsbury-Hall,1.9299999999999997,0.0,37
168,Enzo Fernández,3.67,3.0,37
169,Conor Gallagher,0.0,0.0,37
173,Omari Kellyman,0.0,0.0,37
174,Roméo Lavia,2.04,1.0,37
177,Noni Madueke,2.51,3.0,37
179,Mykhailo Mudryk,0.040000000000000036,0.0,37
181,Christopher Nkunku,0.0,0.0,37
182,Cole Palmer,3.83,2.0,37
184,Renato Palma Veiga,0.0,0.0,37
186,Raheem Sterling,1.33,0.0,37
188,Lesley Ugochukwu,2.1399999999999997,0.0,37
190,Naouirou Ahamada,0.0,0.0,37
192,Jordan Ayew,2.0300000000000002,3.0,37
193,Cheick Doucouré,0.06999999999999984,0.0,37
197,Malcolm Ebiowei,0.0,0.0,37
199,Eberechi Eze,2.8499999999999996,6.0,37
203,Will Hughes,1.5599999999999996,1.0,37
205,Daichi Kamada,1.6600000000000001,1.0,37
206,Jefferson Lerma Solís,1.6900000000000004,2.0,37
208,Matheus França de Oliveira,0.1299999999999999,1.0,37
212,David Ozoh,0.0,0.0,37
213,Jesurun Rak-Sakyi,0.0,0.0,37
214,Jeffrey Schlupp,0.0,0.0,37
216,Adam Wharton,0.6499999999999999,0.0,37
217,Abdoulaye Doucouré,3.0,3.0,37
222,Idrissa Gueye,1.9400000000000004,3.0,37
223,James Garner,2.1799999999999997,2.0,37
224,Jack Harrison,2.05,1.0,37
226,Tim Iroegbunam,1.83,0.0,37
230,Dwight McNeil,3.3600000000000003,6.0,37
233,Amadou Onana,2.91,3.0,37
239,Adama Traoré,1.5999999999999996,8.0,37
240,Andreas Hoelgebaum Pereira,1.6100000000000003,0.0,37
243,Tom Cairney,1.04,6.0,37
246,Luke Harris,0.0,0.0,37
247,Alex Iwobi,4.12,2.0,37
249,Saša Lukić,0.7599999999999998,2.0,37
254,Harrison Reed,0.10999999999999988,0.0,37
259,Harry Wilson,2.0999999999999996,6.0,37
262,Nathan Broadhead,0.1299999999999999,1.0,37
264,Wes Burns,0.10999999999999988,0.0,37
265,Conor Chaplin,0.96,1.0,37
271,Marcus Myers-Harness,0.5099999999999998,0.0,37
273,Cameron Humphreys,0.0,0.0,37
274,Omari Giraud-Hutchinson,2.1900000000000004,2.0,37
277,Massimo Luongo,0.2400000000000002,1.0,37
278,Sam Morsy,1.88,2.0,37
281,Jack Taylor,1.1799999999999997,1.0,37
285,Boubakary Soumaré,1.3899999999999997,3.0,37
287,Hamza Choudhury,0.0,0.0,37
290,Bobby De Cordova-Reid,0.10000000000000009,0.0,37
292,Michael Golding,0.0,0.0,37
297,Wanya Marçal-Madivádua,0.0,0.0,37
298,Stephy Mavididi,0.33999999999999986,0.0,37
299,Kasey McAteer,1.9500000000000002,7.0,37
300,Wilfred Ndidi,1.9699999999999998,6.0,37
309,Harry Winks,0.6000000000000001,0.0,37
312,Stefan Bajčetić Maquieira,0.0,0.0,37
314,Fábio Freitas Gouveia Carvalho,0.0,0.0,37
315,Bobby Clark,0.0,0.0,37
317,Diogo Teixeira da Silva,2.3099999999999996,0.0,37
318,Ben Doak,0.0,0.0,37
319,Harvey Elliott,1.2000000000000002,10.0,37
320,Endo Wataru,1.0700000000000003,1.0,37
323,Ryan Gravenberch,1.6900000000000004,2.0,37
324,Curtis Jones,2.2199999999999998,1.0,37
327,Luis Díaz,2.5599999999999996,1.0,37
328,Mohamed Salah,2.58,2.0,37
329,Alexis Mac Allister,2.55,0.0,37
330,James McConnell,0.0,0.0,37
331,Tyler Morton,0.0,0.0,37
336,Dominik Szoboszlai,3.6399999999999997,7.0,37
342,Bernardo Veiga de Carvalho e Silva,3.37,8.0,37
343,Oscar Bobb,0.04999999999999982,1.0,37
345,Kevin De Bruyne,2.51,3.0,37
346,Jérémy Doku,3.0599999999999996,1.0,37
348,Phil Foden,2.5300000000000002,0.0,37
349,Jack Grealish,0.3700000000000001,1.0,37
354,Mateo Kovačić,2.91,2.0,37
356,Matheus Luiz Nunes,2.37,5.0,37
357,James McAtee,1.7000000000000002,0.0,37
359,Kalvin Phillips,0.31999999999999984,0.0,37
360,Rodrigo 'Rodri' Hernandez,0.009999999999999787,1.0,37
364,Amad Diallo,2.3099999999999996,1.0,37
365,Antony Matheus dos Santos,0.0,0.0,37
366,Bruno Borges Fernandes,4.05,1.0,37
368,Carlos Henrique Casimiro,1.25,2.0,37
370,Christian Eriksen,2.83,0.0,37
372,Alejandro Garnacho,2.76,1.0,37
373,Hannibal Mejbri,0.0,0.0,37
378,Kobbie Mainoo,1.4699999999999998,1.0,37
381,Scott McTominay,0.0,0.0,37
382,Mason Mount,2.4000000000000004,3.0,37
384,Facundo Pellistri Rebollo,0.0,0.0,37
385,Marcus Rashford,0.4500000000000002,0.0,37
386,Jadon Sancho,1.5,0.0,37
391,Miguel Almirón Rejala,0.0,0.0,37
392,Harvey Barnes,4.44,2.0,37
394,Bruno Guimarães Rodriguez Moura,2.3899999999999997,2.0,37
397,Ryan Fraser,0.029999999999999805,0.0,37
398,Anthony Gordon,0.94,2.0,37
400,Isaac Hayden,0.0,0.0,37
402,Jacob Murphy,4.07,2.0,37
403,Joelinton Cássio Apolinário de Lira,0.10000000000000009,0.0,37
406,Garang Kuol,0.029999999999999805,0.0,37
410,Sean Longstaff,0.33999999999999986,0.0,37
411,Lewis Miley,0.8900000000000001,1.0,37
417,Sandro Tonali,2.9400000000000004,2.0,37
419,Joe White,0.0,0.0,37
420,Joe Willock,0.7200000000000002,0.0,37
423,Elliot Anderson,2.42,2.0,37
426,Josh Bowler,0.0,0.0,37
428,Eric da Silva Moreira,0.18999999999999995,0.0,37
429,Danilo dos Santos de Oliveira,0.43999999999999995,1.0,37
431,Nicolás Domínguez,1.9000000000000004,2.0,37
432,Anthony Elanga,2.83,5.0,37
433,Morgan Gibbs-White,3.2300000000000004,8.0,37
434,Callum Hudson-Odoi,0.1299999999999999,1.0,37
435,Alex Mighten,0.0,0.0,37
439,Lewis O'Brien,0.0,0.0,37
442,Ibrahim Sangaré,1.67,3.0,37
449,Ryan Yates,1.0599999999999996,1.0,37
450,Carlos Alcaraz Durán,3.21,1.0,37
451,Samuel Amo-Ameyaw,0.0,0.0,37
452,Joe Aribo,1.2800000000000002,1.0,37
458,Shea Charles,0.0,0.0,37
459,Samuel Edozie,0.0,0.0,37
462,Kamaldeen Sulemana,2.05,1.0,37
463,Adam Lallana,0.06000000000000005,0.0,37
471,Will Smallbone,0.94,1.0,37
480,Rodrigo Bentancur,1.3200000000000003,1.0,37
481,Lucas Bergvall,0.22999999999999998,0.0,37
482,Yves Bissouma,1.3099999999999996,1.0,37
483,Bryan Gil Salvatierra,0.0,0.0,37
485,Alfie Devine,0.0,0.0,37
489,Archie Gray,0.7599999999999998,1.0,37
490,Pierre-Emile Højbjerg,0.0,0.0,37
491,Brennan Johnson,1.2000000000000002,1.0,37
492,Dejan Kulusevski,1.6500000000000004,0.0,37
493,Giovani Lo Celso,0.0,0.0,37
494,James Maddison,0.41000000000000014,0.0,37
499,Pape Matar Sarr,1.8399999999999999,1.0,37
501,Oliver Skipp,1.12,1.0,37
502,Manor Solomon,0.0,0.0,37
503,Son Heung-min,1.79,2.0,37
509,Timo Werner,0.2400000000000002,0.0,37
511,Edson Álvarez Velázquez,1.2199999999999998,0.0,37
514,Jarrod Bowen,3.2800000000000002,7.0,37
515,Maxwel Cornet,0.0,0.0,37
518,Flynn Downes,2.4800000000000004,1.0,37
519,George Earthy,0.0,0.0,37
525,Mohammed Kudus,2.8499999999999996,2.0,37
526,Luis Guilherme Lira dos Santos,0.5099999999999998,1.0,37
527,Lucas Tolentino Coelho de Lima,1.7300000000000004,0.0,37
530,Tomáš Souček,2.54,1.0,37
531,James Ward-Prowse,2.54,1.0,37
534,Boubacar Traoré,0.020000000000000018,0.0,37
535,Jean-Ricner Bellegarde,1.2199999999999998,5.0,37
537,Francisco Jorge Tomás Oliveira,0.0,0.0,37
538,Tawanda Chirewa,0.0,0.0,37
540,Luke Cundle,0.0,0.0,37
544,Tommy Doyle,0.04999999999999982,0.0,37
547,Enso González,0.0,0.0,37
548,Gonçalo Manuel Ganchinho Guedes,0.94,2.0,37
550,Hwang Hee-chan,0.18000000000000016,1.0,37
551,Joe Hodge,0.0,0.0,37
553,João Victor Gomes da Silva,1.67,1.0,37
557,Mario Lemina,0.0,0.0,37
560,Pedro Lomba Neto,3.7,3.0,37
562,Daniel Castelo Podence,0.0,0.0,37
563,Rodrigo Martins Gomes,1.1900000000000004,2.0,37
565,Pablo Sarabia,0.98,2.0,37
569,Jaden Philogene,0.1499999999999999,0.0,37
570,Abdul Fatawu,0.06999999999999984,0.0,37
571,Sávio 'Savinho' Moreira de Oliveira,1.9900000000000002,0.0,37
576,Andy Irving,0.10999999999999988,0.0,37
577,Jesper Lindstrøm,0.06000000000000005,0.0,37
584,Ben Brereton Díaz,0.0,0.0,37
585,Ismaïla Sarr,3.51,5.0,37
587,Crysencio Summerville,0.040000000000000036,0.0,37
588,Guido Rodríguez,1.4699999999999998,0.0,37
595,Brajan Gruda,2.76,5.0,37
596,João Pedro Ferreira Silva,0.96,1.0,37
597,Myles Lewis-Skelly,2.2300000000000004,3.0,37
600,Yasin Ayari,1.92,7.0,37
601,Andrew Moran,0.0,0.0,37
602,Ryan Trevitt,0.0,0.0,37
603,Harrison Armstrong,0.0,0.0,37
604,Josh King,0.7599999999999998,1.0,37
605,Martial Godo,1.0499999999999998,0.0,37
606,Will Alves,0.0,0.0,37
607,Nico O'Reilly,2.55,0.0,37
608,Tyler Dibling,1.3099999999999996,2.0,37
610,Mikey Moore,1.1500000000000004,2.0,37
611,Sam Szmodics,0.16999999999999993,0.0,37
612,Wilson Odobert,1.8499999999999996,2.0,37
613,Toby Collyer,0.08000000000000007,0.0,37
614,Jenson Metcalfe,0.0,0.0,37
618,Georginio Rutter,0.020000000000000018,0.0,37
619,Jens Cajuste,1.1799999999999997,2.0,37
620,Ramón Sosa,0.4700000000000002,0.0,37
621,João Félix Sequeira,0.0,0.0,37
622,Sander Berge,1.87,1.0,37
623,Mateus Gonçalo Espanha Fernandes,2.79,2.0,37
625,Ilkay Gündogan,2.1900000000000004,6.0,37
629,Matt O'Riley,1.5199999999999996,4.0,37
631,Jack Clarke,1.4500000000000002,2.0,37
632,Chiedozie Ogbene,0.06999999999999984,0.0,37
633,Mikel Merino,2.0599999999999996,0.0,37
634,Gustavo Nunes Fernandes Gomes,0.45999999999999996,0.0,37
635,Bilal El Khannouss,3.84,3.0,37
636,Federico Chiesa,0.3500000000000001,2.0,37
638,Salah-Eddine Oulad M'hand,0.0,0.0,37
642,André Trindade da Costa Neto,2.29,1.0,37
644,Franco Umeh-Chibueze,0.06999999999999984,0.0,37
645,Justin Devenny,1.1799999999999997,4.0,37
646,Asher Agbinone,0.0,0.0,37
647,Kaden Rodney,0.009999999999999787,0.0,37
651,Orel Mangala,0.18000000000000016,0.0,37
652,Manuel Ugarte,1.5700000000000003,0.0,37
654,Carlos Soler,1.17,0.0,37
655,Carlos Roberto Forbs Borges,0.06999999999999984,0.0,37
656,Kadan Young,0.0,0.0,37
659,Ismeal Kabia,0.0,0.0,37
661,Tony Yogane,0.0,0.0,37
667,Jack Fletcher,0.0,0.0,37
671,Jacob Wright,0.0,0.0,37
673,Jayce Fitzgerald,0.009999999999999787,0.0,37
674,Paris Maghoma,0.08999999999999986,0.0,37
678,Callum Bates,0.0,0.0,37
679,Ben Broggio,0.0,0.0,37
682,Tom Edozie,0.029999999999999805,0.0,37
683,Callum Olusesi,0.04999999999999982,0.0,37
687,Ben Winterburn,0.2799999999999998,0.0,37
688,Treymaurice Nyoni,0.0,0.0,37
689,Luca Williams-Barnett,0.0,0.0,37
693,Joseph O'Brien-Whitmarsh,0.0,0.0,37
694,Henry Cartwright,0.0,0.0,37
695,Samuel Rak-Sakyi,0.0,0.0,37
696,Tyrique George,1.3399999999999999,3.0,37
701,Lewis Orford,0.029999999999999805,0.0,37
710,Jamaldeen Jimoh,0.04999999999999982,0.0,37
714,Diego Gómez,1.4500000000000002,1.0,37
717,Min-Hyeok Yang,0.0,0.0,37
723,Dominic Sadi,0.0,0.0,37
725,Donyell Malen,0.8399999999999999,1.0,37
728,Zain Silcott-Duberry,0.16000000000000014,0.0,37
729,Damola Ajayi,0.08999999999999986,0.0,37
730,Romain Esse,0.6099999999999999,8.0,37
734,Albert Grønbæk,0.04999999999999982,0.0,37
758,Joe Knight,0.009999999999999787,0.0,37
762,Marco Asensio,2.66,3.0,37
765,Nico González,0.3500000000000001,6.0,37
768,Mathys Tel,2.75,1.0,37
770,Marshall Munetsi,1.9699999999999998,1.0,37
771,Mathis Amougou,0.009999999999999787,0.0,37
772,Willian Borges da Silva,1.5099999999999998,0.0,37
773,Isaac Heath,0.04999999999999982,0.0,37
775,Coby Ebere,0.0,0.0,37
778,Jack Moorhouse,0.06999999999999984,0.0,37
779,Sékou Koné,0.04999999999999982,0.0,37
785,Claudio Echeverri,0.0,0.0,37
790,Jimi Gower,0.020000000000000018,0.0,37
792,Jeremy Monga,2.63,1.0,37
793,Jack Henry-Francis,0.0,0.0,37
795,Harry Howell,0.009999999999999787,1.0,37
797,Jake Evans,0.33000000000000007,1.0,37
800,Tom Taylor,0.06999999999999984,0.0,37
1,Fábio Ferreira Vieira,0.0,0.0,38
7,Jorge Luiz Frello Filho,1.4400000000000004,0.0,38
9,Gabriel Martinelli Silva,4.84,2.0,38
10,Reiss Nelson,0.0,0.0,38
12,Ethan Nwaneri,2.6500000000000004,2.0,38
13,Martin Ødegaard,5.220000000000001,6.0,38
16,Declan Rice,4.14,2.0,38
17,Bukayo Saka,3.49,1.0,38
19,Emile Smith Rowe,2.2800000000000002,1.0,38
20,Thomas Partey,2.58,2.0,38
23,Leandro Trossard,5.119999999999999,4.0,38
28,Leon Bailey,0.6800000000000002,0.0,38
29,Ross Barkley,0.7400000000000002,1.0,38
30,Enzo Barrenechea,0.0,0.0,38
31,Emiliano Buendía Stati,0.0,0.0,38
33,Leander Dendoncker,0.0,0.0,38
34,Moussa Diaby,0.0,0.0,38
37,Lewis Dobbin,0.0,0.0,38
41,Samuel Iling-Junior,0.0,0.0,38
42,Boubacar Kamara,2.3099999999999996,2.0,38
48,John McGinn,1.9000000000000004,3.0,38
53,Jacob Ramsey,1.83,1.0,38
54,Morgan Rogers,2.75,1.0,38
57,Youri Tielemans,0.81,1.0,38
60,Tyler Adams,2.05,3.0,38
61,Jaidon Anthony,0.0,0.0,38
62,David Brooks,1.2999999999999998,3.0,38
63,Ryan Christie,0.08000000000000007,0.0,38
64,Lewis Cook,1.2199999999999998,0.0,38
66,Romain Faivre,0.0,0.0,38
67,Hamed Traorè,0.0,0.0,38
71,Justin Kluivert,4.4,3.0,38
74,Dango Ouattara,0.25,0.0,38
76,Philip Billing,0.0,0.0,38
77,Alex Scott,0.94,1.0,38
78,Antoine Semenyo,3.34,13.0,38
80,Luis Sinisterra,0.2200000000000002,0.0,38
83,Marcus Tavernier,2.08,3.0,38
87,Ethan Brierley,0.0,0.0,38
89,Mikkel Damsgaard,2.4800000000000004,2.0,38
90,Josh Dasilva,0.009999999999999787,0.0,38
94,Vitaly Janelt,0.18000000000000016,0.0,38
95,Mathias Jensen,1.4500000000000002,1.0,38
97,Yunus Emre Konak,0.43999999999999995,0.0,38
98,Keane Lewis-Potter,2.3600000000000003,2.0,38
99,Bryan Mbeumo,4.09,7.0,38
101,Christian Nørgaard,2.6500000000000004,5.0,38
102,Frank Onyeka,0.0,0.0,38
103,Myles Peart-Harris,0.0,0.0,38
106,Kevin Schade,3.83,2.0,38
111,Yehor Yarmoliuk,2.25,2.0,38
113,Simon Adingra,2.0,1.0,38
114,Benicio Baker-Boaitey,0.0,0.0,38
115,Carlos Baleba,1.7300000000000004,2.0,38
117,Facundo Buonanotte,1.33,1.0,38
118,Amario Cozier-Duberry,0.0,0.0,38
119,Mahmoud Dahoud,0.0,0.0,38
121,Julio Enciso,2.83,0.0,38
124,Billy Gilmour,0.0,0.0,38
125,Pascal Groß,0.0,0.0,38
126,Jack Hinshelwood,2.51,12.0,38
127,Ibrahim Osman,0.0,0.0,38
130,Kacper Kozłowski,0.0,0.0,38
132,Solly March,0.33000000000000007,0.0,38
133,Adrian Mazilu,0.0,0.0,38
134,James Milner,0.16000000000000014,1.0,38
135,Yankuba Minteh,2.1799999999999997,2.0,38
136,Mitoma Kaoru,2.7199999999999998,4.0,38
137,Jakub Moder,0.0,0.0,38
140,Cameron Peupion,0.0,0.0,38
141,Jeremy Sarmiento Morante,0.0,0.0,38
149,Mats Wieffer,2.5199999999999996,2.0,38
150,Andrey Nascimento dos Santos,0.0,0.0,38
151,Ângelo Gabriel Borges Damaceno,0.0,0.0,38
157,Moisés Caicedo Corozo,2.74,2.0,38
158,Cesare Casadei,0.0,0.0,38
161,Carney Chukwuemeka,0.0,0.0,38
166,Kiernan Dewsbury-Hall,0.3599999999999999,1.0,38
168,Enzo Fernández,3.2699999999999996,3.0,38
169,Conor Gallagher,0.0,0.0,38
173,Omari Kellyman,0.029999999999999805,0.0,38
174,Roméo Lavia,1.0899999999999999,1.0,38
177,Noni Madueke,2.6900000000000004,3.0,38
179,Mykhailo Mudryk,0.3799999999999999,0.0,38
181,Christopher Nkunku,0.6299999999999999,0.0,38
182,Cole Palmer,2.1900000000000004,3.0,38
184,Renato Palma Veiga,0.0,0.0,38
186,Raheem Sterling,1.0700000000000003,2.0,38
188,Lesley Ugochukwu,1.5899999999999999,2.0,38
190,Naouirou Ahamada,0.0,0.0,38
192,Jordan Ayew,1.5,2.0,38
193,Cheick Doucouré,0.10999999999999988,0.0,38
197,Malcolm Ebiowei,0.0,0.0,38
199,Eberechi Eze,3.79,3.0,38
203,Will Hughes,0.9700000000000002,3.0,38
205,Daichi Kamada,1.4800000000000004,2.0,38
206,Jefferson Lerma Solís,1.6600000000000001,2.0,38
208,Matheus França de Oliveira,1.3099999999999996,1.0,38
212,David Ozoh,0.0,0.0,38
213,Jesurun Rak-Sakyi,0.0,0.0,38
214,Jeffrey Schlupp,0.0,0.0,38
216,Adam Wharton,0.2999999999999998,0.0,38
217,Abdoulaye Doucouré,1.79,1.0,38
222,Idrissa Gueye,1.3499999999999996,2.0,38
223,James Garner,1.4400000000000004,2.0,38
224,Jack Harrison,0.9900000000000002,3.0,38
226,Tim Iroegbunam,0.5899999999999999,0.0,38
230,Dwight McNeil,1.5300000000000002,1.0,38
233,Amadou Onana,3.33,3.0,38
239,Adama Traoré,3.54,2.0,38
240,Andreas Hoelgebaum Pereira,1.2000000000000002,2.0,38
243,Tom Cairney,2.2800000000000002,2.0,38
246,Luke Harris,0.0,0.0,38
247,Alex Iwobi,2.1100000000000003,1.0,38
249,Saša Lukić,1.8200000000000003,2.0,38
254,Harrison Reed,0.08999999999999986,0.0,38
259,Harry Wilson,3.04,2.0,38
262,Nathan Broadhead,0.7000000000000002,7.0,38
264,Wes Burns,0.22999999999999998,0.0,38
265,Conor Chaplin,1.0199999999999996,2.0,38
271,Marcus Myers-Harness,0.0,0.0,38
273,Cameron Humphreys,0.0,0.0,38
274,Omari Giraud-Hutchinson,2.88,2.0,38
277,Massimo Luongo,0.8199999999999998,1.0,38
278,Sam Morsy,2.17,2.0,38
281,Jack Taylor,1.33,1.0,38
285,Boubakary Soumaré,1.7000000000000002,2.0,38
287,Hamza Choudhury,0.0,0.0,38
290,Bobby De Cordova-Reid,0.4500000000000002,0.0,38
292,Michael Golding,0.16999999999999993,0.0,38
297,Wanya Marçal-Madivádua,0.0,0.0,38
298,Stephy Mavididi,0.2400000000000002,0.0,38
299,Kasey McAteer,1.9800000000000004,2.0,38
300,Wilfred Ndidi,1.67,0.0,38
309,Harry Winks,0.25,0.0,38
312,Stefan Bajčetić Maquieira,0.0,0.0,38
314,Fábio Freitas Gouveia Carvalho,0.04999999999999982,0.0,38
315,Bobby Clark,0.0,0.0,38
317,Diogo Teixeira da Silva,0.3999999999999999,1.0,38
318,Ben Doak,0.0,0.0,38
319,Harvey Elliott,2.8499999999999996,1.0,38
320,Endo Wataru,1.0499999999999998,1.0,38
323,Ryan Gravenberch,2.05,-1.0,38
324,Curtis Jones,1.58,2.0,38
327,Luis Díaz,2.8899999999999997,2.0,38
328,Mohamed Salah,3.4299999999999997,7.0,38
329,Alexis Mac Allister,1.9400000000000004,0.0,38
330,James McConnell,0.18000000000000016,0.0,38
331,Tyler Morton,0.0,0.0,38
336,Dominik Szoboszlai,3.1799999999999997,2.0,38
342,Bernardo Veiga de Carvalho e Silva,3.8200000000000003,3.0,38
343,Oscar Bobb,1.08,0.0,38
345,Kevin De Bruyne,2.9699999999999998,1.0,38
346,Jérémy Doku,3.24,3.0,38
348,Phil Foden,3.29,1.0,38
349,Jack Grealish,1.6399999999999997,0.0,38
354,Mateo Kovačić,2.3099999999999996,0.0,38
356,Matheus Luiz Nunes,3.17,6.0,38
357,James McAtee,2.76,0.0,38
359,Kalvin Phillips,0.3999999999999999,0.0,38
360,Rodrigo 'Rodri' Hernandez,1.1100000000000003,0.0,38
364,Amad Diallo,2.87,10.0,38
365,Antony Matheus dos Santos,0.0,0.0,38
366,Bruno Borges Fernandes,3.26,6.0,38
368,Carlos Henrique Casimiro,2.3,2.0,38
370,Christian Eriksen,2.08,6.0,38
372,Alejandro Garnacho,2.4400000000000004,0.0,38
373,Hannibal Mejbri,0.0,0.0,38
378,Kobbie Mainoo,1.5599999999999996,1.0,38
381,Scott McTominay,0.0,0.0,38
382,Mason Mount,2.13,3.0,38
384,Facundo Pellistri Rebollo,0.0,0.0,38
385,Marcus Rashford,0.5099999999999998,0.0,38
386,Jadon Sancho,1.8499999999999996,3.0,38
391,Miguel Almirón Rejala,0.0,0.0,38
392,Harvey Barnes,3.8200000000000003,2.0,38
394,Bruno Guimarães Rodriguez Moura,3.2699999999999996,2.0,38
397,Ryan Fraser,0.0,0.0,38
398,Anthony Gordon,2.3499999999999996,1.0,38
400,Isaac Hayden,0.0,0.0,38
402,Jacob Murphy,4.67,2.0,38
403,Joelinton Cássio Apolinário de Lira,0.4700000000000002,0.0,38
406,Garang Kuol,0.10000000000000009,0.0,38
410,Sean Longstaff,0.5800000000000001,0.0,38
411,Lewis Miley,1.1799999999999997,0.0,38
417,Sandro Tonali,3.1799999999999997,2.0,38
419,Joe White,0.0,0.0,38
420,Joe Willock,1.2599999999999998,1.0,38
423,Elliot Anderson,2.08,1.0,38
426,Josh Bowler,0.0,0.0,38
428,Eric da Silva Moreira,0.2999999999999998,0.0,38
429,Danilo dos Santos de Oliveira,1.04,0.0,38
431,Nicolás Domínguez,2.1500000000000004,2.0,38
432,Anthony Elanga,3.1900000000000004,2.0,38
433,Morgan Gibbs-White,3.37,2.0,38
434,Callum Hudson-Odoi,1.8200000000000003,1.0,38
435,Alex Mighten,0.0,0.0,38
439,Lewis O'Brien,0.0,0.0,38
442,Ibrahim Sangaré,2.41,1.0,38
449,Ryan Yates,1.0599999999999996,1.0,38
450,Carlos Alcaraz Durán,1.6399999999999997,8.0,38
451,Samuel Amo-Ameyaw,0.0,0.0,38
452,Joe Aribo,0.8700000000000001,0.0,38
458,Shea Charles,0.0,0.0,38
459,Samuel Edozie,0.0,0.0,38
462,Kamaldeen Sulemana,1.4400000000000004,2.0,38
463,Adam Lallana,0.06999999999999984,0.0,38
471,Will Smallbone,1.71,1.0,38
480,Rodrigo Bentancur,1.0599999999999996,1.0,38
481,Lucas Bergvall,0.22999999999999998,0.0,38
482,Yves Bissouma,1.25,1.0,38
483,Bryan Gil Salvatierra,0.0,0.0,38
485,Alfie Devine,0.0,0.0,38
489,Archie Gray,1.29,2.0,38
490,Pierre-Emile Højbjerg,0.0,0.0,38
491,Brennan Johnson,1.4900000000000002,2.0,38
492,Dejan Kulusevski,0.8399999999999999,0.0,38
493,Giovani Lo Celso,0.0,0.0,38
494,James Maddison,0.48,0.0,38
499,Pape Matar Sarr,1.46,1.0,38
501,Oliver Skipp,1.1100000000000003,3.0,38
502,Manor Solomon,0.0,0.0,38
503,Son Heung-min,1.2000000000000002,0.0,38
509,Timo Werner,0.71,0.0,38
511,Edson Álvarez Velázquez,1.4100000000000001,2.0,38
514,Jarrod Bowen,4.41,10.0,38
515,Maxwel Cornet,0.0,0.0,38
518,Flynn Downes,2.2,2.0,38
519,George Earthy,0.0,0.0,38
525,Mohammed Kudus,3.3099999999999996,6.0,38
526,Luis Guilherme Lira dos Santos,1.2300000000000004,0.0,38
527,Lucas Tolentino Coelho de Lima,2.13,1.0,38
530,Tomáš Souček,2.9699999999999998,2.0,38
531,James Ward-Prowse,2.1799999999999997,7.0,38
534,Boubacar Traoré,0.16000000000000014,0.0,38
535,Jean-Ricner Bellegarde,1.4900000000000002,1.0,38
537,Francisco Jorge Tomás Oliveira,0.0,0.0,38
538,Tawanda Chirewa,0.0,0.0,38
540,Luke Cundle,0.0,0.0,38
544,Tommy Doyle,0.16999999999999993,0.0,38
547,Enso González,0.06999999999999984,0.0,38
548,Gonçalo Manuel Ganchinho Guedes,2.0199999999999996,2.0,38
550,Hwang Hee-chan,0.8900000000000001,0.0,38
551,Joe Hodge,0.0,0.0,38
553,João Victor Gomes da Silva,1.25,1.0,38
557,Mario Lemina,0.0,0.0,38
560,Pedro Lomba Neto,2.76,6.0,38
562,Daniel Castelo Podence,0.0,0.0,38
563,Rodrigo Martins Gomes,1.54,1.0,38
565,Pablo Sarabia,1.5599999999999996,0.0,38
569,Jaden Philogene,0.31999999999999984,0.0,38
570,Abdul Fatawu,0.1299999999999999,0.0,38
571,Sávio 'Savinho' Moreira de Oliveira,1.0099999999999998,1.0,38
576,Andy Irving,0.16000000000000014,0.0,38
577,Jesper Lindstrøm,0.040000000000000036,0.0,38
584,Ben Brereton Díaz,0.0,0.0,38
585,Ismaïla Sarr,3.7199999999999998,7.0,38
587,Crysencio Summerville,0.22999999999999998,0.0,38
588,Guido Rodríguez,2.1399999999999997,4.0,38
595,Brajan Gruda,3.1900000000000004,2.0,38
596,João Pedro Ferreira Silva,1.3200000000000003,1.0,38
597,Myles Lewis-Skelly,2.2300000000000004,1.0,38
600,Yasin Ayari,1.96,1.0,38
601,Andrew Moran,0.0,0.0,38
602,Ryan Trevitt,0.0,0.0,38
603,Harrison Armstrong,0.0,0.0,38
604,Josh King,0.8199999999999998,1.0,38
605,Martial Godo,0.9199999999999999,0.0,38
606,Will Alves,0.0,0.0,38
607,Nico O'Reilly,2.0700000000000003,0.0,38
608,Tyler Dibling,1.2000000000000002,0.0,38
610,Mikey Moore,1.1500000000000004,0.0,38
611,Sam Szmodics,0.10000000000000009,1.0,38
612,Wilson Odobert,2.13,1.0,38
613,Toby Collyer,0.10999999999999988,0.0,38
614,Jenson Metcalfe,0.0,0.0,38
618,Georginio Rutter,0.08999999999999986,0.0,38
619,Jens Cajuste,1.5700000000000003,5.0,38
620,Ramón Sosa,0.5499999999999998,0.0,38
621,João Félix Sequeira,0.0,0.0,38
622,Sander Berge,1.4100000000000001,1.0,38
623,Mateus Gonçalo Espanha Fernandes,1.71,5.0,38
625,Ilkay Gündogan,3.17,11.0,38
629,Matt O'Riley,1.7599999999999998,6.0,38
631,Jack Clarke,1.7199999999999998,1.0,38
632,Chiedozie Ogbene,0.0,0.0,38
633,Mikel Merino,2.55,2.0,38
634,Gustavo Nunes Fernandes Gomes,0.3700000000000001,0.0,38
635,Bilal El Khannouss,2.54,0.0,38
636,Federico Chiesa,1.5499999999999998,0.0,38
638,Salah-Eddine Oulad M'hand,0.029999999999999805,0.0,38
642,André Trindade da Costa Neto,2.24,2.0,38
644,Franco Umeh-Chibueze,0.5800000000000001,0.0,38
645,Justin Devenny,2.17,1.0,38
646,Asher Agbinone,0.0,0.0,38
647,Kaden Rodney,0.1299999999999999,0.0,38
651,Orel Mangala,0.20999999999999996,0.0,38
652,Manuel Ugarte,1.38,0.0,38
654,Carlos Soler,1.8600000000000003,0.0,38
655,Carlos Roberto Forbs Borges,0.2200000000000002,0.0,38
656,Kadan Young,0.0,0.0,38
659,Ismeal Kabia,0.040000000000000036,0.0,38
661,Tony Yogane,0.0,0.0,38
667,Jack Fletcher,0.0,0.0,38
671,Jacob Wright,0.0,0.0,38
673,Jayce Fitzgerald,0.0,0.0,38
674,Paris Maghoma,0.029999999999999805,0.0,38
678,Callum Bates,0.0,0.0,38
679,Ben Broggio,0.18000000000000016,0.0,38
682,Tom Edozie,0.06999999999999984,0.0,38
683,Callum Olusesi,0.0,0.0,38
687,Ben Winterburn,0.18999999999999995,1.0,38
688,Treymaurice Nyoni,0.1200000000000001,0.0,38
689,Luca Williams-Barnett,0.0,0.0,38
693,Joseph O'Brien-Whitmarsh,0.0,0.0,38
694,Henry Cartwright,0.0,0.0,38
695,Samuel Rak-Sakyi,0.0,0.0,38
696,Tyrique George,1.6399999999999997,0.0,38
701,Lewis Orford,0.020000000000000018,0.0,38
710,Jamaldeen Jimoh,0.10999999999999988,0.0,38
714,Diego Gómez,1.38,9.0,38
717,Min-Hyeok Yang,0.0,0.0,38
723,Dominic Sadi,0.0,0.0,38
725,Donyell Malen,0.8399999999999999,1.0,38
728,Zain Silcott-Duberry,0.0,0.0,38
729,Damola Ajayi,0.009999999999999787,0.0,38
730,Romain Esse,2.5199999999999996,1.0,38
734,Albert Grønbæk,0.18000000000000016,0.0,38
758,Joe Knight,0.08999999999999986,0.0,38
762,Marco Asensio,2.91,1.0,38
765,Nico González,2.83,3.0,38
768,Mathys Tel,2.49,5.0,38
770,Marshall Munetsi,1.62,7.0,38
771,Mathis Amougou,0.0,0.0,38
772,Willian Borges da Silva,0.96,0.0,38
773,Isaac Heath,0.0,0.0,38
775,Coby Ebere,0.0,0.0,38
778,Jack Moorhouse,0.0,0.0,38
779,Sékou Koné,0.020000000000000018,0.0,38
785,Claudio Echeverri,0.0,1.0,38
790,Jimi Gower,0.04999999999999982,0.0,38
792,Jeremy Monga,1.87,1.0,38
793,Jack Henry-Francis,0.04999999999999982,0.0,38
795,Harry Howell,1.0700000000000003,0.0,38
797,Jake Evans,0.5800000000000001,1.0,38
800,Tom Taylor,0.06000000000000005,0.0,38
802,Sammy Braybrooke,0.0,0.0,38
