2026-08-24 20:10:32,322:WARNING:
'cuml' is a soft dependency and not included in the pycaret installation. Please run: `pip install cuml` to install.
2026-08-24 20:10:32,322:WARNING:
'cuml' is a soft dependency and not included in the pycaret installation. Please run: `pip install cuml` to install.
2026-08-24 20:10:32,322:WARNING:
'cuml' is a soft dependency and not included in the pycaret installation. Please run: `pip install cuml` to install.
2026-08-24 20:10:32,322:WARNING:
'cuml' is a soft dependency and not included in the pycaret installation. Please run: `pip install cuml` to install.
2026-08-24 20:49:29,697:WARNING:
'cuml' is a soft dependency and not included in the pycaret installation. Please run: `pip install cuml` to install.
2026-08-24 20:49:29,697:WARNING:
'cuml' is a soft dependency and not included in the pycaret installation. Please run: `pip install cuml` to install.
2026-08-24 20:49:29,697:WARNING:
'cuml' is a soft dependency and not included in the pycaret installation. Please run: `pip install cuml` to install.
2026-08-24 20:49:29,697:WARNING:
'cuml' is a soft dependency and not included in the pycaret installation. Please run: `pip install cuml` to install.
2026-08-24 20:50:59,570:WARNING:
'cuml' is a soft dependency and not included in the pycaret installation. Please run: `pip install cuml` to install.
2026-08-24 20:50:59,570:WARNING:
'cuml' is a soft dependency and not included in the pycaret installation. Please run: `pip install cuml` to install.
2026-08-24 20:50:59,570:WARNING:
'cuml' is a soft dependency and not included in the pycaret installation. Please run: `pip install cuml` to install.
2026-08-24 20:50:59,570:WARNING:
'cuml' is a soft dependency and not included in the pycaret installation. Please run: `pip install cuml` to install.
2026-08-24 20:59:07,268:WARNING:/home/ilyandho/micromamba/envs/pycaret/lib/python3.10/site-packages/sklearn/utils/extmath.py:1137: RuntimeWarning: invalid value encountered in divide
  updated_mean = (last_sum + new_sum) / updated_sample_count

2026-08-24 20:59:07,269:WARNING:/home/ilyandho/micromamba/envs/pycaret/lib/python3.10/site-packages/sklearn/utils/extmath.py:1142: RuntimeWarning: invalid value encountered in divide
  T = new_sum / new_sample_count

2026-08-24 20:59:07,269:WARNING:/home/ilyandho/micromamba/envs/pycaret/lib/python3.10/site-packages/sklearn/utils/extmath.py:1162: RuntimeWarning: invalid value encountered in divide
  new_unnormalized_variance -= correction**2 / new_sample_count

2026-08-24 20:59:09,775:WARNING:/home/ilyandho/micromamba/envs/pycaret/lib/python3.10/site-packages/sklearn/utils/extmath.py:1137: RuntimeWarning: invalid value encountered in divide
  updated_mean = (last_sum + new_sum) / updated_sample_count

2026-08-24 20:59:09,776:WARNING:/home/ilyandho/micromamba/envs/pycaret/lib/python3.10/site-packages/sklearn/utils/extmath.py:1142: RuntimeWarning: invalid value encountered in divide
  T = new_sum / new_sample_count

2026-08-24 20:59:09,776:WARNING:/home/ilyandho/micromamba/envs/pycaret/lib/python3.10/site-packages/sklearn/utils/extmath.py:1162: RuntimeWarning: invalid value encountered in divide
  new_unnormalized_variance -= correction**2 / new_sample_count

2026-08-24 20:59:33,486:WARNING:/home/ilyandho/micromamba/envs/pycaret/lib/python3.10/site-packages/sklearn/utils/extmath.py:1137: RuntimeWarning: invalid value encountered in divide
  updated_mean = (last_sum + new_sum) / updated_sample_count

2026-08-24 20:59:33,486:WARNING:/home/ilyandho/micromamba/envs/pycaret/lib/python3.10/site-packages/sklearn/utils/extmath.py:1142: RuntimeWarning: invalid value encountered in divide
  T = new_sum / new_sample_count

2026-08-24 20:59:33,486:WARNING:/home/ilyandho/micromamba/envs/pycaret/lib/python3.10/site-packages/sklearn/utils/extmath.py:1162: RuntimeWarning: invalid value encountered in divide
  new_unnormalized_variance -= correction**2 / new_sample_count

2026-08-24 20:59:36,713:WARNING:/home/ilyandho/micromamba/envs/pycaret/lib/python3.10/site-packages/sklearn/utils/extmath.py:1137: RuntimeWarning: invalid value encountered in divide
  updated_mean = (last_sum + new_sum) / updated_sample_count

2026-08-24 20:59:36,713:WARNING:/home/ilyandho/micromamba/envs/pycaret/lib/python3.10/site-packages/sklearn/utils/extmath.py:1142: RuntimeWarning: invalid value encountered in divide
  T = new_sum / new_sample_count

2026-08-24 20:59:36,713:WARNING:/home/ilyandho/micromamba/envs/pycaret/lib/python3.10/site-packages/sklearn/utils/extmath.py:1162: RuntimeWarning: invalid value encountered in divide
  new_unnormalized_variance -= correction**2 / new_sample_count

2026-08-24 21:00:00,755:WARNING:/home/ilyandho/micromamba/envs/pycaret/lib/python3.10/site-packages/sklearn/utils/extmath.py:1137: RuntimeWarning: invalid value encountered in divide
  updated_mean = (last_sum + new_sum) / updated_sample_count

2026-08-24 21:00:00,755:WARNING:/home/ilyandho/micromamba/envs/pycaret/lib/python3.10/site-packages/sklearn/utils/extmath.py:1142: RuntimeWarning: invalid value encountered in divide
  T = new_sum / new_sample_count

2026-08-24 21:00:00,756:WARNING:/home/ilyandho/micromamba/envs/pycaret/lib/python3.10/site-packages/sklearn/utils/extmath.py:1162: RuntimeWarning: invalid value encountered in divide
  new_unnormalized_variance -= correction**2 / new_sample_count

2026-08-24 21:00:04,869:WARNING:/home/ilyandho/micromamba/envs/pycaret/lib/python3.10/site-packages/sklearn/utils/extmath.py:1137: RuntimeWarning: invalid value encountered in divide
  updated_mean = (last_sum + new_sum) / updated_sample_count

2026-08-24 21:00:04,869:WARNING:/home/ilyandho/micromamba/envs/pycaret/lib/python3.10/site-packages/sklearn/utils/extmath.py:1142: RuntimeWarning: invalid value encountered in divide
  T = new_sum / new_sample_count

2026-08-24 21:00:04,869:WARNING:/home/ilyandho/micromamba/envs/pycaret/lib/python3.10/site-packages/sklearn/utils/extmath.py:1162: RuntimeWarning: invalid value encountered in divide
  new_unnormalized_variance -= correction**2 / new_sample_count

2026-08-24 21:00:11,638:WARNING:/home/ilyandho/micromamba/envs/pycaret/lib/python3.10/site-packages/sklearn/utils/extmath.py:1137: RuntimeWarning: invalid value encountered in divide
  updated_mean = (last_sum + new_sum) / updated_sample_count

2026-08-24 21:00:11,638:WARNING:/home/ilyandho/micromamba/envs/pycaret/lib/python3.10/site-packages/sklearn/utils/extmath.py:1142: RuntimeWarning: invalid value encountered in divide
  T = new_sum / new_sample_count

2026-08-24 21:00:11,638:WARNING:/home/ilyandho/micromamba/envs/pycaret/lib/python3.10/site-packages/sklearn/utils/extmath.py:1162: RuntimeWarning: invalid value encountered in divide
  new_unnormalized_variance -= correction**2 / new_sample_count

2026-08-24 21:00:19,453:WARNING:/home/ilyandho/micromamba/envs/pycaret/lib/python3.10/site-packages/sklearn/utils/extmath.py:1137: RuntimeWarning: invalid value encountered in divide
  updated_mean = (last_sum + new_sum) / updated_sample_count

2026-08-24 21:00:19,454:WARNING:/home/ilyandho/micromamba/envs/pycaret/lib/python3.10/site-packages/sklearn/utils/extmath.py:1142: RuntimeWarning: invalid value encountered in divide
  T = new_sum / new_sample_count

2026-08-24 21:00:19,454:WARNING:/home/ilyandho/micromamba/envs/pycaret/lib/python3.10/site-packages/sklearn/utils/extmath.py:1162: RuntimeWarning: invalid value encountered in divide
  new_unnormalized_variance -= correction**2 / new_sample_count

2026-08-24 21:00:48,600:WARNING:/home/ilyandho/micromamba/envs/pycaret/lib/python3.10/site-packages/sklearn/utils/extmath.py:1137: RuntimeWarning: invalid value encountered in divide
  updated_mean = (last_sum + new_sum) / updated_sample_count

2026-08-24 21:00:48,600:WARNING:/home/ilyandho/micromamba/envs/pycaret/lib/python3.10/site-packages/sklearn/utils/extmath.py:1142: RuntimeWarning: invalid value encountered in divide
  T = new_sum / new_sample_count

2026-08-24 21:00:48,600:WARNING:/home/ilyandho/micromamba/envs/pycaret/lib/python3.10/site-packages/sklearn/utils/extmath.py:1162: RuntimeWarning: invalid value encountered in divide
  new_unnormalized_variance -= correction**2 / new_sample_count

2026-08-24 21:00:52,890:WARNING:/home/ilyandho/micromamba/envs/pycaret/lib/python3.10/site-packages/sklearn/utils/extmath.py:1137: RuntimeWarning: invalid value encountered in divide
  updated_mean = (last_sum + new_sum) / updated_sample_count

2026-08-24 21:00:52,890:WARNING:/home/ilyandho/micromamba/envs/pycaret/lib/python3.10/site-packages/sklearn/utils/extmath.py:1142: RuntimeWarning: invalid value encountered in divide
  T = new_sum / new_sample_count

2026-08-24 21:00:52,890:WARNING:/home/ilyandho/micromamba/envs/pycaret/lib/python3.10/site-packages/sklearn/utils/extmath.py:1162: RuntimeWarning: invalid value encountered in divide
  new_unnormalized_variance -= correction**2 / new_sample_count

2026-08-24 21:01:01,266:WARNING:/home/ilyandho/micromamba/envs/pycaret/lib/python3.10/site-packages/sklearn/utils/extmath.py:1137: RuntimeWarning: invalid value encountered in divide
  updated_mean = (last_sum + new_sum) / updated_sample_count

2026-08-24 21:01:01,266:WARNING:/home/ilyandho/micromamba/envs/pycaret/lib/python3.10/site-packages/sklearn/utils/extmath.py:1142: RuntimeWarning: invalid value encountered in divide
  T = new_sum / new_sample_count

2026-08-24 21:01:01,266:WARNING:/home/ilyandho/micromamba/envs/pycaret/lib/python3.10/site-packages/sklearn/utils/extmath.py:1162: RuntimeWarning: invalid value encountered in divide
  new_unnormalized_variance -= correction**2 / new_sample_count

2026-08-24 21:01:05,809:WARNING:/home/ilyandho/micromamba/envs/pycaret/lib/python3.10/site-packages/sklearn/utils/extmath.py:1137: RuntimeWarning: invalid value encountered in divide
  updated_mean = (last_sum + new_sum) / updated_sample_count

2026-08-24 21:01:05,809:WARNING:/home/ilyandho/micromamba/envs/pycaret/lib/python3.10/site-packages/sklearn/utils/extmath.py:1142: RuntimeWarning: invalid value encountered in divide
  T = new_sum / new_sample_count

2026-08-24 21:01:05,809:WARNING:/home/ilyandho/micromamba/envs/pycaret/lib/python3.10/site-packages/sklearn/utils/extmath.py:1162: RuntimeWarning: invalid value encountered in divide
  new_unnormalized_variance -= correction**2 / new_sample_count

2026-08-24 21:01:49,616:WARNING:/home/ilyandho/micromamba/envs/pycaret/lib/python3.10/site-packages/sklearn/utils/extmath.py:1137: RuntimeWarning: invalid value encountered in divide
  updated_mean = (last_sum + new_sum) / updated_sample_count

2026-08-24 21:01:49,616:WARNING:/home/ilyandho/micromamba/envs/pycaret/lib/python3.10/site-packages/sklearn/utils/extmath.py:1142: RuntimeWarning: invalid value encountered in divide
  T = new_sum / new_sample_count

2026-08-24 21:01:49,616:WARNING:/home/ilyandho/micromamba/envs/pycaret/lib/python3.10/site-packages/sklearn/utils/extmath.py:1162: RuntimeWarning: invalid value encountered in divide
  new_unnormalized_variance -= correction**2 / new_sample_count

2026-08-24 21:01:53,641:WARNING:/home/ilyandho/micromamba/envs/pycaret/lib/python3.10/site-packages/sklearn/utils/extmath.py:1137: RuntimeWarning: invalid value encountered in divide
  updated_mean = (last_sum + new_sum) / updated_sample_count

2026-08-24 21:01:53,641:WARNING:/home/ilyandho/micromamba/envs/pycaret/lib/python3.10/site-packages/sklearn/utils/extmath.py:1142: RuntimeWarning: invalid value encountered in divide
  T = new_sum / new_sample_count

2026-08-24 21:01:53,641:WARNING:/home/ilyandho/micromamba/envs/pycaret/lib/python3.10/site-packages/sklearn/utils/extmath.py:1162: RuntimeWarning: invalid value encountered in divide
  new_unnormalized_variance -= correction**2 / new_sample_count

2026-08-24 21:01:58,581:WARNING:/home/ilyandho/micromamba/envs/pycaret/lib/python3.10/site-packages/sklearn/utils/extmath.py:1137: RuntimeWarning: invalid value encountered in divide
  updated_mean = (last_sum + new_sum) / updated_sample_count

2026-08-24 21:01:58,581:WARNING:/home/ilyandho/micromamba/envs/pycaret/lib/python3.10/site-packages/sklearn/utils/extmath.py:1142: RuntimeWarning: invalid value encountered in divide
  T = new_sum / new_sample_count

2026-08-24 21:01:58,581:WARNING:/home/ilyandho/micromamba/envs/pycaret/lib/python3.10/site-packages/sklearn/utils/extmath.py:1162: RuntimeWarning: invalid value encountered in divide
  new_unnormalized_variance -= correction**2 / new_sample_count

2026-08-24 21:02:10,269:WARNING:/home/ilyandho/micromamba/envs/pycaret/lib/python3.10/site-packages/sklearn/utils/extmath.py:1137: RuntimeWarning: invalid value encountered in divide
  updated_mean = (last_sum + new_sum) / updated_sample_count

2026-08-24 21:02:10,270:WARNING:/home/ilyandho/micromamba/envs/pycaret/lib/python3.10/site-packages/sklearn/utils/extmath.py:1142: RuntimeWarning: invalid value encountered in divide
  T = new_sum / new_sample_count

2026-08-24 21:02:10,270:WARNING:/home/ilyandho/micromamba/envs/pycaret/lib/python3.10/site-packages/sklearn/utils/extmath.py:1162: RuntimeWarning: invalid value encountered in divide
  new_unnormalized_variance -= correction**2 / new_sample_count

2026-08-24 21:03:08,866:WARNING:/home/ilyandho/micromamba/envs/pycaret/lib/python3.10/site-packages/sklearn/utils/extmath.py:1137: RuntimeWarning: invalid value encountered in divide
  updated_mean = (last_sum + new_sum) / updated_sample_count

2026-08-24 21:03:08,866:WARNING:/home/ilyandho/micromamba/envs/pycaret/lib/python3.10/site-packages/sklearn/utils/extmath.py:1142: RuntimeWarning: invalid value encountered in divide
  T = new_sum / new_sample_count

2026-08-24 21:03:08,866:WARNING:/home/ilyandho/micromamba/envs/pycaret/lib/python3.10/site-packages/sklearn/utils/extmath.py:1162: RuntimeWarning: invalid value encountered in divide
  new_unnormalized_variance -= correction**2 / new_sample_count

2026-08-24 21:03:11,772:WARNING:/home/ilyandho/micromamba/envs/pycaret/lib/python3.10/site-packages/sklearn/utils/extmath.py:1137: RuntimeWarning: invalid value encountered in divide
  updated_mean = (last_sum + new_sum) / updated_sample_count

2026-08-24 21:03:11,772:WARNING:/home/ilyandho/micromamba/envs/pycaret/lib/python3.10/site-packages/sklearn/utils/extmath.py:1142: RuntimeWarning: invalid value encountered in divide
  T = new_sum / new_sample_count

2026-08-24 21:03:11,773:WARNING:/home/ilyandho/micromamba/envs/pycaret/lib/python3.10/site-packages/sklearn/utils/extmath.py:1162: RuntimeWarning: invalid value encountered in divide
  new_unnormalized_variance -= correction**2 / new_sample_count

2026-08-24 21:03:17,791:WARNING:/home/ilyandho/micromamba/envs/pycaret/lib/python3.10/site-packages/sklearn/utils/extmath.py:1137: RuntimeWarning: invalid value encountered in divide
  updated_mean = (last_sum + new_sum) / updated_sample_count

2026-08-24 21:03:17,792:WARNING:/home/ilyandho/micromamba/envs/pycaret/lib/python3.10/site-packages/sklearn/utils/extmath.py:1142: RuntimeWarning: invalid value encountered in divide
  T = new_sum / new_sample_count

2026-08-24 21:03:17,792:WARNING:/home/ilyandho/micromamba/envs/pycaret/lib/python3.10/site-packages/sklearn/utils/extmath.py:1162: RuntimeWarning: invalid value encountered in divide
  new_unnormalized_variance -= correction**2 / new_sample_count

2026-08-24 21:03:23,652:WARNING:/home/ilyandho/micromamba/envs/pycaret/lib/python3.10/site-packages/sklearn/utils/extmath.py:1137: RuntimeWarning: invalid value encountered in divide
  updated_mean = (last_sum + new_sum) / updated_sample_count

2026-08-24 21:03:23,652:WARNING:/home/ilyandho/micromamba/envs/pycaret/lib/python3.10/site-packages/sklearn/utils/extmath.py:1142: RuntimeWarning: invalid value encountered in divide
  T = new_sum / new_sample_count

2026-08-24 21:03:23,652:WARNING:/home/ilyandho/micromamba/envs/pycaret/lib/python3.10/site-packages/sklearn/utils/extmath.py:1162: RuntimeWarning: invalid value encountered in divide
  new_unnormalized_variance -= correction**2 / new_sample_count

2026-08-24 21:04:32,085:WARNING:/home/ilyandho/micromamba/envs/pycaret/lib/python3.10/site-packages/sklearn/utils/extmath.py:1137: RuntimeWarning: invalid value encountered in divide
  updated_mean = (last_sum + new_sum) / updated_sample_count

2026-08-24 21:04:32,085:WARNING:/home/ilyandho/micromamba/envs/pycaret/lib/python3.10/site-packages/sklearn/utils/extmath.py:1142: RuntimeWarning: invalid value encountered in divide
  T = new_sum / new_sample_count

2026-08-24 21:04:32,086:WARNING:/home/ilyandho/micromamba/envs/pycaret/lib/python3.10/site-packages/sklearn/utils/extmath.py:1162: RuntimeWarning: invalid value encountered in divide
  new_unnormalized_variance -= correction**2 / new_sample_count

2026-08-24 21:04:35,420:WARNING:/home/ilyandho/micromamba/envs/pycaret/lib/python3.10/site-packages/sklearn/utils/extmath.py:1137: RuntimeWarning: invalid value encountered in divide
  updated_mean = (last_sum + new_sum) / updated_sample_count

2026-08-24 21:04:35,420:WARNING:/home/ilyandho/micromamba/envs/pycaret/lib/python3.10/site-packages/sklearn/utils/extmath.py:1142: RuntimeWarning: invalid value encountered in divide
  T = new_sum / new_sample_count

2026-08-24 21:04:35,420:WARNING:/home/ilyandho/micromamba/envs/pycaret/lib/python3.10/site-packages/sklearn/utils/extmath.py:1162: RuntimeWarning: invalid value encountered in divide
  new_unnormalized_variance -= correction**2 / new_sample_count

2026-08-24 21:04:39,919:WARNING:/home/ilyandho/micromamba/envs/pycaret/lib/python3.10/site-packages/sklearn/utils/extmath.py:1137: RuntimeWarning: invalid value encountered in divide
  updated_mean = (last_sum + new_sum) / updated_sample_count

2026-08-24 21:04:39,920:WARNING:/home/ilyandho/micromamba/envs/pycaret/lib/python3.10/site-packages/sklearn/utils/extmath.py:1142: RuntimeWarning: invalid value encountered in divide
  T = new_sum / new_sample_count

2026-08-24 21:04:39,920:WARNING:/home/ilyandho/micromamba/envs/pycaret/lib/python3.10/site-packages/sklearn/utils/extmath.py:1162: RuntimeWarning: invalid value encountered in divide
  new_unnormalized_variance -= correction**2 / new_sample_count

2026-08-24 21:04:48,199:WARNING:/home/ilyandho/micromamba/envs/pycaret/lib/python3.10/site-packages/sklearn/utils/extmath.py:1137: RuntimeWarning: invalid value encountered in divide
  updated_mean = (last_sum + new_sum) / updated_sample_count

2026-08-24 21:04:48,199:WARNING:/home/ilyandho/micromamba/envs/pycaret/lib/python3.10/site-packages/sklearn/utils/extmath.py:1142: RuntimeWarning: invalid value encountered in divide
  T = new_sum / new_sample_count

2026-08-24 21:04:48,199:WARNING:/home/ilyandho/micromamba/envs/pycaret/lib/python3.10/site-packages/sklearn/utils/extmath.py:1162: RuntimeWarning: invalid value encountered in divide
  new_unnormalized_variance -= correction**2 / new_sample_count

2026-08-24 21:05:55,361:WARNING:/home/ilyandho/micromamba/envs/pycaret/lib/python3.10/site-packages/sklearn/utils/extmath.py:1137: RuntimeWarning: invalid value encountered in divide
  updated_mean = (last_sum + new_sum) / updated_sample_count

2026-08-24 21:05:55,361:WARNING:/home/ilyandho/micromamba/envs/pycaret/lib/python3.10/site-packages/sklearn/utils/extmath.py:1142: RuntimeWarning: invalid value encountered in divide
  T = new_sum / new_sample_count

2026-08-24 21:05:55,362:WARNING:/home/ilyandho/micromamba/envs/pycaret/lib/python3.10/site-packages/sklearn/utils/extmath.py:1162: RuntimeWarning: invalid value encountered in divide
  new_unnormalized_variance -= correction**2 / new_sample_count

2026-08-24 21:06:00,392:WARNING:/home/ilyandho/micromamba/envs/pycaret/lib/python3.10/site-packages/sklearn/utils/extmath.py:1137: RuntimeWarning: invalid value encountered in divide
  updated_mean = (last_sum + new_sum) / updated_sample_count

2026-08-24 21:06:00,392:WARNING:/home/ilyandho/micromamba/envs/pycaret/lib/python3.10/site-packages/sklearn/utils/extmath.py:1142: RuntimeWarning: invalid value encountered in divide
  T = new_sum / new_sample_count

2026-08-24 21:06:00,392:WARNING:/home/ilyandho/micromamba/envs/pycaret/lib/python3.10/site-packages/sklearn/utils/extmath.py:1162: RuntimeWarning: invalid value encountered in divide
  new_unnormalized_variance -= correction**2 / new_sample_count

2026-08-24 21:06:29,246:WARNING:/home/ilyandho/micromamba/envs/pycaret/lib/python3.10/site-packages/sklearn/utils/extmath.py:1137: RuntimeWarning: invalid value encountered in divide
  updated_mean = (last_sum + new_sum) / updated_sample_count

2026-08-24 21:06:29,246:WARNING:/home/ilyandho/micromamba/envs/pycaret/lib/python3.10/site-packages/sklearn/utils/extmath.py:1142: RuntimeWarning: invalid value encountered in divide
  T = new_sum / new_sample_count

2026-08-24 21:06:29,246:WARNING:/home/ilyandho/micromamba/envs/pycaret/lib/python3.10/site-packages/sklearn/utils/extmath.py:1162: RuntimeWarning: invalid value encountered in divide
  new_unnormalized_variance -= correction**2 / new_sample_count

2026-08-24 21:06:33,974:WARNING:/home/ilyandho/micromamba/envs/pycaret/lib/python3.10/site-packages/sklearn/utils/extmath.py:1137: RuntimeWarning: invalid value encountered in divide
  updated_mean = (last_sum + new_sum) / updated_sample_count

2026-08-24 21:06:33,974:WARNING:/home/ilyandho/micromamba/envs/pycaret/lib/python3.10/site-packages/sklearn/utils/extmath.py:1142: RuntimeWarning: invalid value encountered in divide
  T = new_sum / new_sample_count

2026-08-24 21:06:33,975:WARNING:/home/ilyandho/micromamba/envs/pycaret/lib/python3.10/site-packages/sklearn/utils/extmath.py:1162: RuntimeWarning: invalid value encountered in divide
  new_unnormalized_variance -= correction**2 / new_sample_count

2026-08-24 21:06:40,079:WARNING:/home/ilyandho/micromamba/envs/pycaret/lib/python3.10/site-packages/sklearn/utils/extmath.py:1137: RuntimeWarning: invalid value encountered in divide
  updated_mean = (last_sum + new_sum) / updated_sample_count

2026-08-24 21:06:40,079:WARNING:/home/ilyandho/micromamba/envs/pycaret/lib/python3.10/site-packages/sklearn/utils/extmath.py:1142: RuntimeWarning: invalid value encountered in divide
  T = new_sum / new_sample_count

2026-08-24 21:06:40,080:WARNING:/home/ilyandho/micromamba/envs/pycaret/lib/python3.10/site-packages/sklearn/utils/extmath.py:1162: RuntimeWarning: invalid value encountered in divide
  new_unnormalized_variance -= correction**2 / new_sample_count

2026-08-24 21:06:46,297:WARNING:/home/ilyandho/micromamba/envs/pycaret/lib/python3.10/site-packages/sklearn/utils/extmath.py:1137: RuntimeWarning: invalid value encountered in divide
  updated_mean = (last_sum + new_sum) / updated_sample_count

2026-08-24 21:06:46,297:WARNING:/home/ilyandho/micromamba/envs/pycaret/lib/python3.10/site-packages/sklearn/utils/extmath.py:1142: RuntimeWarning: invalid value encountered in divide
  T = new_sum / new_sample_count

2026-08-24 21:06:46,297:WARNING:/home/ilyandho/micromamba/envs/pycaret/lib/python3.10/site-packages/sklearn/utils/extmath.py:1162: RuntimeWarning: invalid value encountered in divide
  new_unnormalized_variance -= correction**2 / new_sample_count

2026-08-24 21:07:08,996:WARNING:/home/ilyandho/micromamba/envs/pycaret/lib/python3.10/site-packages/sklearn/utils/extmath.py:1137: RuntimeWarning: invalid value encountered in divide
  updated_mean = (last_sum + new_sum) / updated_sample_count

2026-08-24 21:07:08,997:WARNING:/home/ilyandho/micromamba/envs/pycaret/lib/python3.10/site-packages/sklearn/utils/extmath.py:1142: RuntimeWarning: invalid value encountered in divide
  T = new_sum / new_sample_count

2026-08-24 21:07:08,997:WARNING:/home/ilyandho/micromamba/envs/pycaret/lib/python3.10/site-packages/sklearn/utils/extmath.py:1162: RuntimeWarning: invalid value encountered in divide
  new_unnormalized_variance -= correction**2 / new_sample_count

2026-08-24 21:07:12,413:WARNING:/home/ilyandho/micromamba/envs/pycaret/lib/python3.10/site-packages/sklearn/utils/extmath.py:1137: RuntimeWarning: invalid value encountered in divide
  updated_mean = (last_sum + new_sum) / updated_sample_count

2026-08-24 21:07:12,414:WARNING:/home/ilyandho/micromamba/envs/pycaret/lib/python3.10/site-packages/sklearn/utils/extmath.py:1142: RuntimeWarning: invalid value encountered in divide
  T = new_sum / new_sample_count

2026-08-24 21:07:12,414:WARNING:/home/ilyandho/micromamba/envs/pycaret/lib/python3.10/site-packages/sklearn/utils/extmath.py:1162: RuntimeWarning: invalid value encountered in divide
  new_unnormalized_variance -= correction**2 / new_sample_count

2026-08-24 21:07:22,419:WARNING:/home/ilyandho/micromamba/envs/pycaret/lib/python3.10/site-packages/sklearn/utils/extmath.py:1137: RuntimeWarning: invalid value encountered in divide
  updated_mean = (last_sum + new_sum) / updated_sample_count

2026-08-24 21:07:22,419:WARNING:/home/ilyandho/micromamba/envs/pycaret/lib/python3.10/site-packages/sklearn/utils/extmath.py:1142: RuntimeWarning: invalid value encountered in divide
  T = new_sum / new_sample_count

2026-08-24 21:07:22,420:WARNING:/home/ilyandho/micromamba/envs/pycaret/lib/python3.10/site-packages/sklearn/utils/extmath.py:1162: RuntimeWarning: invalid value encountered in divide
  new_unnormalized_variance -= correction**2 / new_sample_count

2026-08-24 21:07:35,904:WARNING:/home/ilyandho/micromamba/envs/pycaret/lib/python3.10/site-packages/sklearn/utils/extmath.py:1137: RuntimeWarning: invalid value encountered in divide
  updated_mean = (last_sum + new_sum) / updated_sample_count

2026-08-24 21:07:35,904:WARNING:/home/ilyandho/micromamba/envs/pycaret/lib/python3.10/site-packages/sklearn/utils/extmath.py:1142: RuntimeWarning: invalid value encountered in divide
  T = new_sum / new_sample_count

2026-08-24 21:07:35,904:WARNING:/home/ilyandho/micromamba/envs/pycaret/lib/python3.10/site-packages/sklearn/utils/extmath.py:1162: RuntimeWarning: invalid value encountered in divide
  new_unnormalized_variance -= correction**2 / new_sample_count

2026-08-24 21:08:22,792:WARNING:/home/ilyandho/micromamba/envs/pycaret/lib/python3.10/site-packages/sklearn/utils/extmath.py:1137: RuntimeWarning: invalid value encountered in divide
  updated_mean = (last_sum + new_sum) / updated_sample_count

2026-08-24 21:08:22,792:WARNING:/home/ilyandho/micromamba/envs/pycaret/lib/python3.10/site-packages/sklearn/utils/extmath.py:1142: RuntimeWarning: invalid value encountered in divide
  T = new_sum / new_sample_count

2026-08-24 21:08:22,792:WARNING:/home/ilyandho/micromamba/envs/pycaret/lib/python3.10/site-packages/sklearn/utils/extmath.py:1162: RuntimeWarning: invalid value encountered in divide
  new_unnormalized_variance -= correction**2 / new_sample_count

2026-08-24 21:08:29,101:WARNING:/home/ilyandho/micromamba/envs/pycaret/lib/python3.10/site-packages/sklearn/utils/extmath.py:1137: RuntimeWarning: invalid value encountered in divide
  updated_mean = (last_sum + new_sum) / updated_sample_count

2026-08-24 21:08:29,102:WARNING:/home/ilyandho/micromamba/envs/pycaret/lib/python3.10/site-packages/sklearn/utils/extmath.py:1142: RuntimeWarning: invalid value encountered in divide
  T = new_sum / new_sample_count

2026-08-24 21:08:29,102:WARNING:/home/ilyandho/micromamba/envs/pycaret/lib/python3.10/site-packages/sklearn/utils/extmath.py:1162: RuntimeWarning: invalid value encountered in divide
  new_unnormalized_variance -= correction**2 / new_sample_count

2026-08-24 21:08:35,591:WARNING:/home/ilyandho/micromamba/envs/pycaret/lib/python3.10/site-packages/sklearn/utils/extmath.py:1137: RuntimeWarning: invalid value encountered in divide
  updated_mean = (last_sum + new_sum) / updated_sample_count

2026-08-24 21:08:35,591:WARNING:/home/ilyandho/micromamba/envs/pycaret/lib/python3.10/site-packages/sklearn/utils/extmath.py:1142: RuntimeWarning: invalid value encountered in divide
  T = new_sum / new_sample_count

2026-08-24 21:08:35,591:WARNING:/home/ilyandho/micromamba/envs/pycaret/lib/python3.10/site-packages/sklearn/utils/extmath.py:1162: RuntimeWarning: invalid value encountered in divide
  new_unnormalized_variance -= correction**2 / new_sample_count

2026-08-24 21:08:43,397:WARNING:/home/ilyandho/micromamba/envs/pycaret/lib/python3.10/site-packages/sklearn/utils/extmath.py:1137: RuntimeWarning: invalid value encountered in divide
  updated_mean = (last_sum + new_sum) / updated_sample_count

2026-08-24 21:08:43,397:WARNING:/home/ilyandho/micromamba/envs/pycaret/lib/python3.10/site-packages/sklearn/utils/extmath.py:1142: RuntimeWarning: invalid value encountered in divide
  T = new_sum / new_sample_count

2026-08-24 21:08:43,397:WARNING:/home/ilyandho/micromamba/envs/pycaret/lib/python3.10/site-packages/sklearn/utils/extmath.py:1162: RuntimeWarning: invalid value encountered in divide
  new_unnormalized_variance -= correction**2 / new_sample_count

2026-08-24 21:09:21,590:WARNING:
'cuml' is a soft dependency and not included in the pycaret installation. Please run: `pip install cuml` to install.
2026-08-24 21:09:21,590:WARNING:
'cuml' is a soft dependency and not included in the pycaret installation. Please run: `pip install cuml` to install.
2026-08-24 21:09:21,590:WARNING:
'cuml' is a soft dependency and not included in the pycaret installation. Please run: `pip install cuml` to install.
2026-08-24 21:09:21,590:WARNING:
'cuml' is a soft dependency and not included in the pycaret installation. Please run: `pip install cuml` to install.
2026-08-24 21:09:39,776:WARNING:/home/ilyandho/micromamba/envs/pycaret/lib/python3.10/site-packages/sklearn/utils/extmath.py:1137: RuntimeWarning: invalid value encountered in divide
  updated_mean = (last_sum + new_sum) / updated_sample_count

2026-08-24 21:09:39,776:WARNING:/home/ilyandho/micromamba/envs/pycaret/lib/python3.10/site-packages/sklearn/utils/extmath.py:1142: RuntimeWarning: invalid value encountered in divide
  T = new_sum / new_sample_count

2026-08-24 21:09:39,776:WARNING:/home/ilyandho/micromamba/envs/pycaret/lib/python3.10/site-packages/sklearn/utils/extmath.py:1162: RuntimeWarning: invalid value encountered in divide
  new_unnormalized_variance -= correction**2 / new_sample_count

2026-08-24 21:09:43,515:WARNING:/home/ilyandho/micromamba/envs/pycaret/lib/python3.10/site-packages/sklearn/utils/extmath.py:1137: RuntimeWarning: invalid value encountered in divide
  updated_mean = (last_sum + new_sum) / updated_sample_count

2026-08-24 21:09:43,515:WARNING:/home/ilyandho/micromamba/envs/pycaret/lib/python3.10/site-packages/sklearn/utils/extmath.py:1142: RuntimeWarning: invalid value encountered in divide
  T = new_sum / new_sample_count

2026-08-24 21:09:43,515:WARNING:/home/ilyandho/micromamba/envs/pycaret/lib/python3.10/site-packages/sklearn/utils/extmath.py:1162: RuntimeWarning: invalid value encountered in divide
  new_unnormalized_variance -= correction**2 / new_sample_count

2026-08-24 21:09:51,301:WARNING:/home/ilyandho/micromamba/envs/pycaret/lib/python3.10/site-packages/sklearn/utils/extmath.py:1137: RuntimeWarning: invalid value encountered in divide
  updated_mean = (last_sum + new_sum) / updated_sample_count

2026-08-24 21:09:51,301:WARNING:/home/ilyandho/micromamba/envs/pycaret/lib/python3.10/site-packages/sklearn/utils/extmath.py:1142: RuntimeWarning: invalid value encountered in divide
  T = new_sum / new_sample_count

2026-08-24 21:09:51,301:WARNING:/home/ilyandho/micromamba/envs/pycaret/lib/python3.10/site-packages/sklearn/utils/extmath.py:1162: RuntimeWarning: invalid value encountered in divide
  new_unnormalized_variance -= correction**2 / new_sample_count

2026-08-24 21:09:55,986:WARNING:/home/ilyandho/micromamba/envs/pycaret/lib/python3.10/site-packages/sklearn/utils/extmath.py:1137: RuntimeWarning: invalid value encountered in divide
  updated_mean = (last_sum + new_sum) / updated_sample_count

2026-08-24 21:09:55,986:WARNING:/home/ilyandho/micromamba/envs/pycaret/lib/python3.10/site-packages/sklearn/utils/extmath.py:1142: RuntimeWarning: invalid value encountered in divide
  T = new_sum / new_sample_count

2026-08-24 21:09:55,986:WARNING:/home/ilyandho/micromamba/envs/pycaret/lib/python3.10/site-packages/sklearn/utils/extmath.py:1162: RuntimeWarning: invalid value encountered in divide
  new_unnormalized_variance -= correction**2 / new_sample_count

2026-08-24 21:11:15,650:WARNING:/home/ilyandho/micromamba/envs/pycaret/lib/python3.10/site-packages/sklearn/utils/extmath.py:1137: RuntimeWarning: invalid value encountered in divide
  updated_mean = (last_sum + new_sum) / updated_sample_count

2026-08-24 21:11:15,650:WARNING:/home/ilyandho/micromamba/envs/pycaret/lib/python3.10/site-packages/sklearn/utils/extmath.py:1142: RuntimeWarning: invalid value encountered in divide
  T = new_sum / new_sample_count

2026-08-24 21:11:15,650:WARNING:/home/ilyandho/micromamba/envs/pycaret/lib/python3.10/site-packages/sklearn/utils/extmath.py:1162: RuntimeWarning: invalid value encountered in divide
  new_unnormalized_variance -= correction**2 / new_sample_count

2026-08-24 21:11:26,122:WARNING:/home/ilyandho/micromamba/envs/pycaret/lib/python3.10/site-packages/sklearn/utils/extmath.py:1137: RuntimeWarning: invalid value encountered in divide
  updated_mean = (last_sum + new_sum) / updated_sample_count

2026-08-24 21:11:26,123:WARNING:/home/ilyandho/micromamba/envs/pycaret/lib/python3.10/site-packages/sklearn/utils/extmath.py:1142: RuntimeWarning: invalid value encountered in divide
  T = new_sum / new_sample_count

2026-08-24 21:11:26,123:WARNING:/home/ilyandho/micromamba/envs/pycaret/lib/python3.10/site-packages/sklearn/utils/extmath.py:1162: RuntimeWarning: invalid value encountered in divide
  new_unnormalized_variance -= correction**2 / new_sample_count

2026-08-24 21:11:39,710:WARNING:/home/ilyandho/micromamba/envs/pycaret/lib/python3.10/site-packages/sklearn/utils/extmath.py:1137: RuntimeWarning: invalid value encountered in divide
  updated_mean = (last_sum + new_sum) / updated_sample_count

2026-08-24 21:11:39,710:WARNING:/home/ilyandho/micromamba/envs/pycaret/lib/python3.10/site-packages/sklearn/utils/extmath.py:1142: RuntimeWarning: invalid value encountered in divide
  T = new_sum / new_sample_count

2026-08-24 21:11:39,710:WARNING:/home/ilyandho/micromamba/envs/pycaret/lib/python3.10/site-packages/sklearn/utils/extmath.py:1162: RuntimeWarning: invalid value encountered in divide
  new_unnormalized_variance -= correction**2 / new_sample_count

2026-08-24 21:12:13,959:WARNING:/home/ilyandho/micromamba/envs/pycaret/lib/python3.10/site-packages/sklearn/utils/extmath.py:1137: RuntimeWarning: invalid value encountered in divide
  updated_mean = (last_sum + new_sum) / updated_sample_count

2026-08-24 21:12:13,960:WARNING:/home/ilyandho/micromamba/envs/pycaret/lib/python3.10/site-packages/sklearn/utils/extmath.py:1142: RuntimeWarning: invalid value encountered in divide
  T = new_sum / new_sample_count

2026-08-24 21:12:13,960:WARNING:/home/ilyandho/micromamba/envs/pycaret/lib/python3.10/site-packages/sklearn/utils/extmath.py:1162: RuntimeWarning: invalid value encountered in divide
  new_unnormalized_variance -= correction**2 / new_sample_count

2026-08-24 21:14:48,320:WARNING:/home/ilyandho/micromamba/envs/pycaret/lib/python3.10/site-packages/sklearn/utils/extmath.py:1137: RuntimeWarning: invalid value encountered in divide
  updated_mean = (last_sum + new_sum) / updated_sample_count

2026-08-24 21:14:48,320:WARNING:/home/ilyandho/micromamba/envs/pycaret/lib/python3.10/site-packages/sklearn/utils/extmath.py:1142: RuntimeWarning: invalid value encountered in divide
  T = new_sum / new_sample_count

2026-08-24 21:14:48,320:WARNING:/home/ilyandho/micromamba/envs/pycaret/lib/python3.10/site-packages/sklearn/utils/extmath.py:1162: RuntimeWarning: invalid value encountered in divide
  new_unnormalized_variance -= correction**2 / new_sample_count

2026-08-24 21:15:13,533:WARNING:/home/ilyandho/micromamba/envs/pycaret/lib/python3.10/site-packages/sklearn/utils/extmath.py:1137: RuntimeWarning: invalid value encountered in divide
  updated_mean = (last_sum + new_sum) / updated_sample_count

2026-08-24 21:15:13,533:WARNING:/home/ilyandho/micromamba/envs/pycaret/lib/python3.10/site-packages/sklearn/utils/extmath.py:1142: RuntimeWarning: invalid value encountered in divide
  T = new_sum / new_sample_count

2026-08-24 21:15:13,533:WARNING:/home/ilyandho/micromamba/envs/pycaret/lib/python3.10/site-packages/sklearn/utils/extmath.py:1162: RuntimeWarning: invalid value encountered in divide
  new_unnormalized_variance -= correction**2 / new_sample_count

2026-08-24 21:15:43,147:WARNING:/home/ilyandho/micromamba/envs/pycaret/lib/python3.10/site-packages/sklearn/utils/extmath.py:1137: RuntimeWarning: invalid value encountered in divide
  updated_mean = (last_sum + new_sum) / updated_sample_count

2026-08-24 21:15:43,147:WARNING:/home/ilyandho/micromamba/envs/pycaret/lib/python3.10/site-packages/sklearn/utils/extmath.py:1142: RuntimeWarning: invalid value encountered in divide
  T = new_sum / new_sample_count

2026-08-24 21:15:43,148:WARNING:/home/ilyandho/micromamba/envs/pycaret/lib/python3.10/site-packages/sklearn/utils/extmath.py:1162: RuntimeWarning: invalid value encountered in divide
  new_unnormalized_variance -= correction**2 / new_sample_count

2026-08-24 21:16:14,029:WARNING:/home/ilyandho/micromamba/envs/pycaret/lib/python3.10/site-packages/sklearn/utils/extmath.py:1137: RuntimeWarning: invalid value encountered in divide
  updated_mean = (last_sum + new_sum) / updated_sample_count

2026-08-24 21:16:14,029:WARNING:/home/ilyandho/micromamba/envs/pycaret/lib/python3.10/site-packages/sklearn/utils/extmath.py:1142: RuntimeWarning: invalid value encountered in divide
  T = new_sum / new_sample_count

2026-08-24 21:16:14,030:WARNING:/home/ilyandho/micromamba/envs/pycaret/lib/python3.10/site-packages/sklearn/utils/extmath.py:1162: RuntimeWarning: invalid value encountered in divide
  new_unnormalized_variance -= correction**2 / new_sample_count

2026-08-24 21:16:35,236:WARNING:/home/ilyandho/micromamba/envs/pycaret/lib/python3.10/site-packages/sklearn/utils/extmath.py:1137: RuntimeWarning: invalid value encountered in divide
  updated_mean = (last_sum + new_sum) / updated_sample_count

2026-08-24 21:16:35,236:WARNING:/home/ilyandho/micromamba/envs/pycaret/lib/python3.10/site-packages/sklearn/utils/extmath.py:1142: RuntimeWarning: invalid value encountered in divide
  T = new_sum / new_sample_count

2026-08-24 21:16:35,236:WARNING:/home/ilyandho/micromamba/envs/pycaret/lib/python3.10/site-packages/sklearn/utils/extmath.py:1162: RuntimeWarning: invalid value encountered in divide
  new_unnormalized_variance -= correction**2 / new_sample_count

2026-08-24 21:19:48,988:WARNING:/home/ilyandho/micromamba/envs/pycaret/lib/python3.10/site-packages/sklearn/utils/extmath.py:1137: RuntimeWarning: invalid value encountered in divide
  updated_mean = (last_sum + new_sum) / updated_sample_count

2026-08-24 21:19:48,988:WARNING:/home/ilyandho/micromamba/envs/pycaret/lib/python3.10/site-packages/sklearn/utils/extmath.py:1142: RuntimeWarning: invalid value encountered in divide
  T = new_sum / new_sample_count

2026-08-24 21:19:48,989:WARNING:/home/ilyandho/micromamba/envs/pycaret/lib/python3.10/site-packages/sklearn/utils/extmath.py:1162: RuntimeWarning: invalid value encountered in divide
  new_unnormalized_variance -= correction**2 / new_sample_count

2026-08-24 21:29:43,965:WARNING:/home/ilyandho/micromamba/envs/pycaret/lib/python3.10/site-packages/sklearn/utils/extmath.py:1137: RuntimeWarning: invalid value encountered in divide
  updated_mean = (last_sum + new_sum) / updated_sample_count

2026-08-24 21:29:43,965:WARNING:/home/ilyandho/micromamba/envs/pycaret/lib/python3.10/site-packages/sklearn/utils/extmath.py:1142: RuntimeWarning: invalid value encountered in divide
  T = new_sum / new_sample_count

2026-08-24 21:29:43,965:WARNING:/home/ilyandho/micromamba/envs/pycaret/lib/python3.10/site-packages/sklearn/utils/extmath.py:1162: RuntimeWarning: invalid value encountered in divide
  new_unnormalized_variance -= correction**2 / new_sample_count

2026-08-24 21:32:43,962:WARNING:/home/ilyandho/micromamba/envs/pycaret/lib/python3.10/site-packages/sklearn/utils/extmath.py:1137: RuntimeWarning: invalid value encountered in divide
  updated_mean = (last_sum + new_sum) / updated_sample_count

2026-08-24 21:32:43,962:WARNING:/home/ilyandho/micromamba/envs/pycaret/lib/python3.10/site-packages/sklearn/utils/extmath.py:1142: RuntimeWarning: invalid value encountered in divide
  T = new_sum / new_sample_count

2026-08-24 21:32:43,963:WARNING:/home/ilyandho/micromamba/envs/pycaret/lib/python3.10/site-packages/sklearn/utils/extmath.py:1162: RuntimeWarning: invalid value encountered in divide
  new_unnormalized_variance -= correction**2 / new_sample_count

2026-08-24 21:36:14,578:WARNING:/home/ilyandho/micromamba/envs/pycaret/lib/python3.10/site-packages/sklearn/utils/extmath.py:1137: RuntimeWarning: invalid value encountered in divide
  updated_mean = (last_sum + new_sum) / updated_sample_count

2026-08-24 21:36:14,578:WARNING:/home/ilyandho/micromamba/envs/pycaret/lib/python3.10/site-packages/sklearn/utils/extmath.py:1142: RuntimeWarning: invalid value encountered in divide
  T = new_sum / new_sample_count

2026-08-24 21:36:14,578:WARNING:/home/ilyandho/micromamba/envs/pycaret/lib/python3.10/site-packages/sklearn/utils/extmath.py:1162: RuntimeWarning: invalid value encountered in divide
  new_unnormalized_variance -= correction**2 / new_sample_count

2026-08-24 21:40:01,122:WARNING:/home/ilyandho/micromamba/envs/pycaret/lib/python3.10/site-packages/sklearn/utils/extmath.py:1137: RuntimeWarning: invalid value encountered in divide
  updated_mean = (last_sum + new_sum) / updated_sample_count

2026-08-24 21:40:01,122:WARNING:/home/ilyandho/micromamba/envs/pycaret/lib/python3.10/site-packages/sklearn/utils/extmath.py:1142: RuntimeWarning: invalid value encountered in divide
  T = new_sum / new_sample_count

2026-08-24 21:40:01,122:WARNING:/home/ilyandho/micromamba/envs/pycaret/lib/python3.10/site-packages/sklearn/utils/extmath.py:1162: RuntimeWarning: invalid value encountered in divide
  new_unnormalized_variance -= correction**2 / new_sample_count

2026-08-24 21:41:35,710:WARNING:/home/ilyandho/micromamba/envs/pycaret/lib/python3.10/site-packages/sklearn/utils/extmath.py:1137: RuntimeWarning: invalid value encountered in divide
  updated_mean = (last_sum + new_sum) / updated_sample_count

2026-08-24 21:41:35,711:WARNING:/home/ilyandho/micromamba/envs/pycaret/lib/python3.10/site-packages/sklearn/utils/extmath.py:1142: RuntimeWarning: invalid value encountered in divide
  T = new_sum / new_sample_count

2026-08-24 21:41:35,711:WARNING:/home/ilyandho/micromamba/envs/pycaret/lib/python3.10/site-packages/sklearn/utils/extmath.py:1162: RuntimeWarning: invalid value encountered in divide
  new_unnormalized_variance -= correction**2 / new_sample_count

2026-08-24 21:41:39,614:WARNING:/home/ilyandho/micromamba/envs/pycaret/lib/python3.10/site-packages/sklearn/utils/extmath.py:1137: RuntimeWarning: invalid value encountered in divide
  updated_mean = (last_sum + new_sum) / updated_sample_count

2026-08-24 21:41:39,614:WARNING:/home/ilyandho/micromamba/envs/pycaret/lib/python3.10/site-packages/sklearn/utils/extmath.py:1142: RuntimeWarning: invalid value encountered in divide
  T = new_sum / new_sample_count

2026-08-24 21:41:39,615:WARNING:/home/ilyandho/micromamba/envs/pycaret/lib/python3.10/site-packages/sklearn/utils/extmath.py:1162: RuntimeWarning: invalid value encountered in divide
  new_unnormalized_variance -= correction**2 / new_sample_count

2026-08-24 21:44:14,714:WARNING:/home/ilyandho/micromamba/envs/pycaret/lib/python3.10/site-packages/sklearn/utils/extmath.py:1137: RuntimeWarning: invalid value encountered in divide
  updated_mean = (last_sum + new_sum) / updated_sample_count

2026-08-24 21:44:14,714:WARNING:/home/ilyandho/micromamba/envs/pycaret/lib/python3.10/site-packages/sklearn/utils/extmath.py:1142: RuntimeWarning: invalid value encountered in divide
  T = new_sum / new_sample_count

2026-08-24 21:44:14,714:WARNING:/home/ilyandho/micromamba/envs/pycaret/lib/python3.10/site-packages/sklearn/utils/extmath.py:1162: RuntimeWarning: invalid value encountered in divide
  new_unnormalized_variance -= correction**2 / new_sample_count

2026-08-24 21:47:12,992:WARNING:/home/ilyandho/micromamba/envs/pycaret/lib/python3.10/site-packages/sklearn/utils/extmath.py:1137: RuntimeWarning: invalid value encountered in divide
  updated_mean = (last_sum + new_sum) / updated_sample_count

2026-08-24 21:47:12,992:WARNING:/home/ilyandho/micromamba/envs/pycaret/lib/python3.10/site-packages/sklearn/utils/extmath.py:1142: RuntimeWarning: invalid value encountered in divide
  T = new_sum / new_sample_count

2026-08-24 21:47:12,993:WARNING:/home/ilyandho/micromamba/envs/pycaret/lib/python3.10/site-packages/sklearn/utils/extmath.py:1162: RuntimeWarning: invalid value encountered in divide
  new_unnormalized_variance -= correction**2 / new_sample_count

2026-08-24 21:47:54,953:WARNING:/home/ilyandho/micromamba/envs/pycaret/lib/python3.10/site-packages/sklearn/utils/extmath.py:1137: RuntimeWarning: invalid value encountered in divide
  updated_mean = (last_sum + new_sum) / updated_sample_count

2026-08-24 21:47:54,955:WARNING:/home/ilyandho/micromamba/envs/pycaret/lib/python3.10/site-packages/sklearn/utils/extmath.py:1142: RuntimeWarning: invalid value encountered in divide
  T = new_sum / new_sample_count

2026-08-24 21:47:54,956:WARNING:/home/ilyandho/micromamba/envs/pycaret/lib/python3.10/site-packages/sklearn/utils/extmath.py:1162: RuntimeWarning: invalid value encountered in divide
  new_unnormalized_variance -= correction**2 / new_sample_count

2026-08-24 21:51:14,802:WARNING:/home/ilyandho/micromamba/envs/pycaret/lib/python3.10/site-packages/sklearn/utils/extmath.py:1137: RuntimeWarning: invalid value encountered in divide
  updated_mean = (last_sum + new_sum) / updated_sample_count

2026-08-24 21:51:14,802:WARNING:/home/ilyandho/micromamba/envs/pycaret/lib/python3.10/site-packages/sklearn/utils/extmath.py:1142: RuntimeWarning: invalid value encountered in divide
  T = new_sum / new_sample_count

2026-08-24 21:51:14,809:WARNING:/home/ilyandho/micromamba/envs/pycaret/lib/python3.10/site-packages/sklearn/utils/extmath.py:1162: RuntimeWarning: invalid value encountered in divide
  new_unnormalized_variance -= correction**2 / new_sample_count

2026-08-24 21:54:35,412:WARNING:/home/ilyandho/micromamba/envs/pycaret/lib/python3.10/site-packages/sklearn/utils/extmath.py:1137: RuntimeWarning: invalid value encountered in divide
  updated_mean = (last_sum + new_sum) / updated_sample_count

2026-08-24 21:54:35,412:WARNING:/home/ilyandho/micromamba/envs/pycaret/lib/python3.10/site-packages/sklearn/utils/extmath.py:1142: RuntimeWarning: invalid value encountered in divide
  T = new_sum / new_sample_count

2026-08-24 21:54:35,413:WARNING:/home/ilyandho/micromamba/envs/pycaret/lib/python3.10/site-packages/sklearn/utils/extmath.py:1162: RuntimeWarning: invalid value encountered in divide
  new_unnormalized_variance -= correction**2 / new_sample_count

2026-08-24 21:59:42,764:WARNING:/home/ilyandho/micromamba/envs/pycaret/lib/python3.10/site-packages/sklearn/utils/extmath.py:1137: RuntimeWarning: invalid value encountered in divide
  updated_mean = (last_sum + new_sum) / updated_sample_count

2026-08-24 21:59:42,764:WARNING:/home/ilyandho/micromamba/envs/pycaret/lib/python3.10/site-packages/sklearn/utils/extmath.py:1142: RuntimeWarning: invalid value encountered in divide
  T = new_sum / new_sample_count

2026-08-24 21:59:42,768:WARNING:/home/ilyandho/micromamba/envs/pycaret/lib/python3.10/site-packages/sklearn/utils/extmath.py:1162: RuntimeWarning: invalid value encountered in divide
  new_unnormalized_variance -= correction**2 / new_sample_count

2026-08-24 22:12:36,152:WARNING:/home/ilyandho/micromamba/envs/pycaret/lib/python3.10/site-packages/sklearn/utils/extmath.py:1137: RuntimeWarning: invalid value encountered in divide
  updated_mean = (last_sum + new_sum) / updated_sample_count

2026-08-24 22:12:36,153:WARNING:/home/ilyandho/micromamba/envs/pycaret/lib/python3.10/site-packages/sklearn/utils/extmath.py:1142: RuntimeWarning: invalid value encountered in divide
  T = new_sum / new_sample_count

2026-08-24 22:12:36,153:WARNING:/home/ilyandho/micromamba/envs/pycaret/lib/python3.10/site-packages/sklearn/utils/extmath.py:1162: RuntimeWarning: invalid value encountered in divide
  new_unnormalized_variance -= correction**2 / new_sample_count

2026-08-24 22:15:48,935:WARNING:/home/ilyandho/micromamba/envs/pycaret/lib/python3.10/site-packages/sklearn/utils/extmath.py:1137: RuntimeWarning: invalid value encountered in divide
  updated_mean = (last_sum + new_sum) / updated_sample_count

2026-08-24 22:15:48,935:WARNING:/home/ilyandho/micromamba/envs/pycaret/lib/python3.10/site-packages/sklearn/utils/extmath.py:1142: RuntimeWarning: invalid value encountered in divide
  T = new_sum / new_sample_count

2026-08-24 22:15:48,935:WARNING:/home/ilyandho/micromamba/envs/pycaret/lib/python3.10/site-packages/sklearn/utils/extmath.py:1162: RuntimeWarning: invalid value encountered in divide
  new_unnormalized_variance -= correction**2 / new_sample_count

2026-08-24 22:18:43,771:WARNING:/home/ilyandho/micromamba/envs/pycaret/lib/python3.10/site-packages/sklearn/utils/extmath.py:1137: RuntimeWarning: invalid value encountered in divide
  updated_mean = (last_sum + new_sum) / updated_sample_count

2026-08-24 22:18:43,771:WARNING:/home/ilyandho/micromamba/envs/pycaret/lib/python3.10/site-packages/sklearn/utils/extmath.py:1142: RuntimeWarning: invalid value encountered in divide
  T = new_sum / new_sample_count

2026-08-24 22:18:43,772:WARNING:/home/ilyandho/micromamba/envs/pycaret/lib/python3.10/site-packages/sklearn/utils/extmath.py:1162: RuntimeWarning: invalid value encountered in divide
  new_unnormalized_variance -= correction**2 / new_sample_count

2026-08-24 22:20:32,735:WARNING:/home/ilyandho/micromamba/envs/pycaret/lib/python3.10/site-packages/sklearn/utils/extmath.py:1137: RuntimeWarning: invalid value encountered in divide
  updated_mean = (last_sum + new_sum) / updated_sample_count

2026-08-24 22:20:32,735:WARNING:/home/ilyandho/micromamba/envs/pycaret/lib/python3.10/site-packages/sklearn/utils/extmath.py:1142: RuntimeWarning: invalid value encountered in divide
  T = new_sum / new_sample_count

2026-08-24 22:20:32,735:WARNING:/home/ilyandho/micromamba/envs/pycaret/lib/python3.10/site-packages/sklearn/utils/extmath.py:1162: RuntimeWarning: invalid value encountered in divide
  new_unnormalized_variance -= correction**2 / new_sample_count

2026-08-24 22:20:38,088:WARNING:/home/ilyandho/micromamba/envs/pycaret/lib/python3.10/site-packages/sklearn/utils/extmath.py:1137: RuntimeWarning: invalid value encountered in divide
  updated_mean = (last_sum + new_sum) / updated_sample_count

2026-08-24 22:20:38,089:WARNING:/home/ilyandho/micromamba/envs/pycaret/lib/python3.10/site-packages/sklearn/utils/extmath.py:1142: RuntimeWarning: invalid value encountered in divide
  T = new_sum / new_sample_count

2026-08-24 22:20:38,094:WARNING:/home/ilyandho/micromamba/envs/pycaret/lib/python3.10/site-packages/sklearn/utils/extmath.py:1162: RuntimeWarning: invalid value encountered in divide
  new_unnormalized_variance -= correction**2 / new_sample_count

2026-08-24 22:22:58,511:WARNING:/home/ilyandho/micromamba/envs/pycaret/lib/python3.10/site-packages/sklearn/utils/extmath.py:1137: RuntimeWarning: invalid value encountered in divide
  updated_mean = (last_sum + new_sum) / updated_sample_count

2026-08-24 22:22:58,512:WARNING:/home/ilyandho/micromamba/envs/pycaret/lib/python3.10/site-packages/sklearn/utils/extmath.py:1142: RuntimeWarning: invalid value encountered in divide
  T = new_sum / new_sample_count

2026-08-24 22:22:58,512:WARNING:/home/ilyandho/micromamba/envs/pycaret/lib/python3.10/site-packages/sklearn/utils/extmath.py:1162: RuntimeWarning: invalid value encountered in divide
  new_unnormalized_variance -= correction**2 / new_sample_count

2026-08-24 22:25:49,832:WARNING:/home/ilyandho/micromamba/envs/pycaret/lib/python3.10/site-packages/sklearn/utils/extmath.py:1137: RuntimeWarning: invalid value encountered in divide
  updated_mean = (last_sum + new_sum) / updated_sample_count

2026-08-24 22:25:49,834:WARNING:/home/ilyandho/micromamba/envs/pycaret/lib/python3.10/site-packages/sklearn/utils/extmath.py:1142: RuntimeWarning: invalid value encountered in divide
  T = new_sum / new_sample_count

2026-08-24 22:25:49,834:WARNING:/home/ilyandho/micromamba/envs/pycaret/lib/python3.10/site-packages/sklearn/utils/extmath.py:1162: RuntimeWarning: invalid value encountered in divide
  new_unnormalized_variance -= correction**2 / new_sample_count

2026-08-24 22:26:19,640:WARNING:/home/ilyandho/micromamba/envs/pycaret/lib/python3.10/site-packages/sklearn/utils/extmath.py:1137: RuntimeWarning: invalid value encountered in divide
  updated_mean = (last_sum + new_sum) / updated_sample_count

2026-08-24 22:26:19,640:WARNING:/home/ilyandho/micromamba/envs/pycaret/lib/python3.10/site-packages/sklearn/utils/extmath.py:1142: RuntimeWarning: invalid value encountered in divide
  T = new_sum / new_sample_count

2026-08-24 22:26:19,641:WARNING:/home/ilyandho/micromamba/envs/pycaret/lib/python3.10/site-packages/sklearn/utils/extmath.py:1162: RuntimeWarning: invalid value encountered in divide
  new_unnormalized_variance -= correction**2 / new_sample_count

2026-08-24 22:28:18,497:WARNING:
'cuml' is a soft dependency and not included in the pycaret installation. Please run: `pip install cuml` to install.
2026-08-24 22:28:18,497:WARNING:
'cuml' is a soft dependency and not included in the pycaret installation. Please run: `pip install cuml` to install.
2026-08-24 22:28:18,497:WARNING:
'cuml' is a soft dependency and not included in the pycaret installation. Please run: `pip install cuml` to install.
2026-08-24 22:28:18,497:WARNING:
'cuml' is a soft dependency and not included in the pycaret installation. Please run: `pip install cuml` to install.
2026-08-24 22:35:48,695:WARNING:/home/ilyandho/micromamba/envs/pycaret/lib/python3.10/site-packages/sklearn/utils/extmath.py:1137: RuntimeWarning: invalid value encountered in divide
  updated_mean = (last_sum + new_sum) / updated_sample_count

2026-08-24 22:35:48,695:WARNING:/home/ilyandho/micromamba/envs/pycaret/lib/python3.10/site-packages/sklearn/utils/extmath.py:1142: RuntimeWarning: invalid value encountered in divide
  T = new_sum / new_sample_count

2026-08-24 22:35:48,695:WARNING:/home/ilyandho/micromamba/envs/pycaret/lib/python3.10/site-packages/sklearn/utils/extmath.py:1162: RuntimeWarning: invalid value encountered in divide
  new_unnormalized_variance -= correction**2 / new_sample_count

2026-08-24 22:39:45,137:WARNING:
'cuml' is a soft dependency and not included in the pycaret installation. Please run: `pip install cuml` to install.
2026-08-24 22:39:45,138:WARNING:
'cuml' is a soft dependency and not included in the pycaret installation. Please run: `pip install cuml` to install.
2026-08-24 22:39:45,138:WARNING:
'cuml' is a soft dependency and not included in the pycaret installation. Please run: `pip install cuml` to install.
2026-08-24 22:39:45,138:WARNING:
'cuml' is a soft dependency and not included in the pycaret installation. Please run: `pip install cuml` to install.
2026-08-24 22:41:06,723:WARNING:/home/ilyandho/micromamba/envs/pycaret/lib/python3.10/site-packages/sklearn/utils/extmath.py:1137: RuntimeWarning: invalid value encountered in divide
  updated_mean = (last_sum + new_sum) / updated_sample_count

2026-08-24 22:41:06,723:WARNING:/home/ilyandho/micromamba/envs/pycaret/lib/python3.10/site-packages/sklearn/utils/extmath.py:1142: RuntimeWarning: invalid value encountered in divide
  T = new_sum / new_sample_count

2026-08-24 22:41:06,724:WARNING:/home/ilyandho/micromamba/envs/pycaret/lib/python3.10/site-packages/sklearn/utils/extmath.py:1162: RuntimeWarning: invalid value encountered in divide
  new_unnormalized_variance -= correction**2 / new_sample_count

2026-08-24 22:43:07,986:WARNING:/home/ilyandho/micromamba/envs/pycaret/lib/python3.10/site-packages/sklearn/utils/extmath.py:1137: RuntimeWarning: invalid value encountered in divide
  updated_mean = (last_sum + new_sum) / updated_sample_count

2026-08-24 22:43:07,986:WARNING:/home/ilyandho/micromamba/envs/pycaret/lib/python3.10/site-packages/sklearn/utils/extmath.py:1142: RuntimeWarning: invalid value encountered in divide
  T = new_sum / new_sample_count

2026-08-24 22:43:07,987:WARNING:/home/ilyandho/micromamba/envs/pycaret/lib/python3.10/site-packages/sklearn/utils/extmath.py:1162: RuntimeWarning: invalid value encountered in divide
  new_unnormalized_variance -= correction**2 / new_sample_count

2026-08-24 22:45:24,342:WARNING:/home/ilyandho/micromamba/envs/pycaret/lib/python3.10/site-packages/sklearn/utils/extmath.py:1137: RuntimeWarning: invalid value encountered in divide
  updated_mean = (last_sum + new_sum) / updated_sample_count

2026-08-24 22:45:24,342:WARNING:/home/ilyandho/micromamba/envs/pycaret/lib/python3.10/site-packages/sklearn/utils/extmath.py:1142: RuntimeWarning: invalid value encountered in divide
  T = new_sum / new_sample_count

2026-08-24 22:45:24,342:WARNING:/home/ilyandho/micromamba/envs/pycaret/lib/python3.10/site-packages/sklearn/utils/extmath.py:1162: RuntimeWarning: invalid value encountered in divide
  new_unnormalized_variance -= correction**2 / new_sample_count

2026-08-24 22:56:13,718:WARNING:/home/ilyandho/micromamba/envs/pycaret/lib/python3.10/site-packages/sklearn/utils/extmath.py:1137: RuntimeWarning: invalid value encountered in divide
  updated_mean = (last_sum + new_sum) / updated_sample_count

2026-08-24 22:56:13,718:WARNING:/home/ilyandho/micromamba/envs/pycaret/lib/python3.10/site-packages/sklearn/utils/extmath.py:1142: RuntimeWarning: invalid value encountered in divide
  T = new_sum / new_sample_count

2026-08-24 22:56:13,718:WARNING:/home/ilyandho/micromamba/envs/pycaret/lib/python3.10/site-packages/sklearn/utils/extmath.py:1162: RuntimeWarning: invalid value encountered in divide
  new_unnormalized_variance -= correction**2 / new_sample_count

2026-08-24 22:57:02,446:WARNING:/home/ilyandho/micromamba/envs/pycaret/lib/python3.10/site-packages/sklearn/utils/extmath.py:1137: RuntimeWarning: invalid value encountered in divide
  updated_mean = (last_sum + new_sum) / updated_sample_count

2026-08-24 22:57:02,447:WARNING:/home/ilyandho/micromamba/envs/pycaret/lib/python3.10/site-packages/sklearn/utils/extmath.py:1142: RuntimeWarning: invalid value encountered in divide
  T = new_sum / new_sample_count

2026-08-24 22:57:02,447:WARNING:/home/ilyandho/micromamba/envs/pycaret/lib/python3.10/site-packages/sklearn/utils/extmath.py:1162: RuntimeWarning: invalid value encountered in divide
  new_unnormalized_variance -= correction**2 / new_sample_count

2026-08-24 23:00:28,788:WARNING:/home/ilyandho/micromamba/envs/pycaret/lib/python3.10/site-packages/sklearn/utils/extmath.py:1137: RuntimeWarning: invalid value encountered in divide
  updated_mean = (last_sum + new_sum) / updated_sample_count

2026-08-24 23:00:28,788:WARNING:/home/ilyandho/micromamba/envs/pycaret/lib/python3.10/site-packages/sklearn/utils/extmath.py:1142: RuntimeWarning: invalid value encountered in divide
  T = new_sum / new_sample_count

2026-08-24 23:00:28,788:WARNING:/home/ilyandho/micromamba/envs/pycaret/lib/python3.10/site-packages/sklearn/utils/extmath.py:1162: RuntimeWarning: invalid value encountered in divide
  new_unnormalized_variance -= correction**2 / new_sample_count

2026-08-24 23:03:29,151:WARNING:/home/ilyandho/micromamba/envs/pycaret/lib/python3.10/site-packages/sklearn/utils/extmath.py:1137: RuntimeWarning: invalid value encountered in divide
  updated_mean = (last_sum + new_sum) / updated_sample_count

2026-08-24 23:03:29,154:WARNING:/home/ilyandho/micromamba/envs/pycaret/lib/python3.10/site-packages/sklearn/utils/extmath.py:1142: RuntimeWarning: invalid value encountered in divide
  T = new_sum / new_sample_count

2026-08-24 23:03:29,155:WARNING:/home/ilyandho/micromamba/envs/pycaret/lib/python3.10/site-packages/sklearn/utils/extmath.py:1162: RuntimeWarning: invalid value encountered in divide
  new_unnormalized_variance -= correction**2 / new_sample_count

2026-08-24 23:06:38,488:WARNING:/home/ilyandho/micromamba/envs/pycaret/lib/python3.10/site-packages/sklearn/utils/extmath.py:1137: RuntimeWarning: invalid value encountered in divide
  updated_mean = (last_sum + new_sum) / updated_sample_count

2026-08-24 23:06:38,493:WARNING:/home/ilyandho/micromamba/envs/pycaret/lib/python3.10/site-packages/sklearn/utils/extmath.py:1142: RuntimeWarning: invalid value encountered in divide
  T = new_sum / new_sample_count

2026-08-24 23:06:38,494:WARNING:/home/ilyandho/micromamba/envs/pycaret/lib/python3.10/site-packages/sklearn/utils/extmath.py:1162: RuntimeWarning: invalid value encountered in divide
  new_unnormalized_variance -= correction**2 / new_sample_count

2026-08-24 23:11:49,282:WARNING:/home/ilyandho/micromamba/envs/pycaret/lib/python3.10/site-packages/sklearn/utils/extmath.py:1137: RuntimeWarning: invalid value encountered in divide
  updated_mean = (last_sum + new_sum) / updated_sample_count

2026-08-24 23:11:49,282:WARNING:/home/ilyandho/micromamba/envs/pycaret/lib/python3.10/site-packages/sklearn/utils/extmath.py:1142: RuntimeWarning: invalid value encountered in divide
  T = new_sum / new_sample_count

2026-08-24 23:11:49,283:WARNING:/home/ilyandho/micromamba/envs/pycaret/lib/python3.10/site-packages/sklearn/utils/extmath.py:1162: RuntimeWarning: invalid value encountered in divide
  new_unnormalized_variance -= correction**2 / new_sample_count

2026-08-24 23:12:19,758:WARNING:/home/ilyandho/micromamba/envs/pycaret/lib/python3.10/site-packages/sklearn/utils/extmath.py:1137: RuntimeWarning: invalid value encountered in divide
  updated_mean = (last_sum + new_sum) / updated_sample_count

2026-08-24 23:12:19,758:WARNING:/home/ilyandho/micromamba/envs/pycaret/lib/python3.10/site-packages/sklearn/utils/extmath.py:1142: RuntimeWarning: invalid value encountered in divide
  T = new_sum / new_sample_count

2026-08-24 23:12:19,758:WARNING:/home/ilyandho/micromamba/envs/pycaret/lib/python3.10/site-packages/sklearn/utils/extmath.py:1162: RuntimeWarning: invalid value encountered in divide
  new_unnormalized_variance -= correction**2 / new_sample_count

2026-08-24 23:12:26,352:WARNING:/home/ilyandho/micromamba/envs/pycaret/lib/python3.10/site-packages/sklearn/utils/extmath.py:1137: RuntimeWarning: invalid value encountered in divide
  updated_mean = (last_sum + new_sum) / updated_sample_count

2026-08-24 23:12:26,352:WARNING:/home/ilyandho/micromamba/envs/pycaret/lib/python3.10/site-packages/sklearn/utils/extmath.py:1142: RuntimeWarning: invalid value encountered in divide
  T = new_sum / new_sample_count

2026-08-24 23:12:26,352:WARNING:/home/ilyandho/micromamba/envs/pycaret/lib/python3.10/site-packages/sklearn/utils/extmath.py:1162: RuntimeWarning: invalid value encountered in divide
  new_unnormalized_variance -= correction**2 / new_sample_count

2026-08-24 23:12:30,886:WARNING:/home/ilyandho/micromamba/envs/pycaret/lib/python3.10/site-packages/sklearn/utils/extmath.py:1137: RuntimeWarning: invalid value encountered in divide
  updated_mean = (last_sum + new_sum) / updated_sample_count

2026-08-24 23:12:30,886:WARNING:/home/ilyandho/micromamba/envs/pycaret/lib/python3.10/site-packages/sklearn/utils/extmath.py:1142: RuntimeWarning: invalid value encountered in divide
  T = new_sum / new_sample_count

2026-08-24 23:12:30,886:WARNING:/home/ilyandho/micromamba/envs/pycaret/lib/python3.10/site-packages/sklearn/utils/extmath.py:1162: RuntimeWarning: invalid value encountered in divide
  new_unnormalized_variance -= correction**2 / new_sample_count

2026-08-24 23:12:41,633:WARNING:/home/ilyandho/micromamba/envs/pycaret/lib/python3.10/site-packages/sklearn/utils/extmath.py:1137: RuntimeWarning: invalid value encountered in divide
  updated_mean = (last_sum + new_sum) / updated_sample_count

2026-08-24 23:12:41,633:WARNING:/home/ilyandho/micromamba/envs/pycaret/lib/python3.10/site-packages/sklearn/utils/extmath.py:1142: RuntimeWarning: invalid value encountered in divide
  T = new_sum / new_sample_count

2026-08-24 23:12:41,633:WARNING:/home/ilyandho/micromamba/envs/pycaret/lib/python3.10/site-packages/sklearn/utils/extmath.py:1162: RuntimeWarning: invalid value encountered in divide
  new_unnormalized_variance -= correction**2 / new_sample_count

2026-08-24 23:12:57,999:WARNING:
'cuml' is a soft dependency and not included in the pycaret installation. Please run: `pip install cuml` to install.
2026-08-24 23:12:57,999:WARNING:
'cuml' is a soft dependency and not included in the pycaret installation. Please run: `pip install cuml` to install.
2026-08-24 23:12:57,999:WARNING:
'cuml' is a soft dependency and not included in the pycaret installation. Please run: `pip install cuml` to install.
2026-08-24 23:12:57,999:WARNING:
'cuml' is a soft dependency and not included in the pycaret installation. Please run: `pip install cuml` to install.
2026-08-24 23:13:35,510:WARNING:/home/ilyandho/micromamba/envs/pycaret/lib/python3.10/site-packages/sklearn/utils/extmath.py:1137: RuntimeWarning: invalid value encountered in divide
  updated_mean = (last_sum + new_sum) / updated_sample_count

2026-08-24 23:13:35,510:WARNING:/home/ilyandho/micromamba/envs/pycaret/lib/python3.10/site-packages/sklearn/utils/extmath.py:1142: RuntimeWarning: invalid value encountered in divide
  T = new_sum / new_sample_count

2026-08-24 23:13:35,510:WARNING:/home/ilyandho/micromamba/envs/pycaret/lib/python3.10/site-packages/sklearn/utils/extmath.py:1162: RuntimeWarning: invalid value encountered in divide
  new_unnormalized_variance -= correction**2 / new_sample_count

2026-08-24 23:13:42,932:WARNING:/home/ilyandho/micromamba/envs/pycaret/lib/python3.10/site-packages/sklearn/utils/extmath.py:1137: RuntimeWarning: invalid value encountered in divide
  updated_mean = (last_sum + new_sum) / updated_sample_count

2026-08-24 23:13:42,932:WARNING:/home/ilyandho/micromamba/envs/pycaret/lib/python3.10/site-packages/sklearn/utils/extmath.py:1142: RuntimeWarning: invalid value encountered in divide
  T = new_sum / new_sample_count

2026-08-24 23:13:42,932:WARNING:/home/ilyandho/micromamba/envs/pycaret/lib/python3.10/site-packages/sklearn/utils/extmath.py:1162: RuntimeWarning: invalid value encountered in divide
  new_unnormalized_variance -= correction**2 / new_sample_count

2026-08-24 23:13:50,795:WARNING:/home/ilyandho/micromamba/envs/pycaret/lib/python3.10/site-packages/sklearn/utils/extmath.py:1137: RuntimeWarning: invalid value encountered in divide
  updated_mean = (last_sum + new_sum) / updated_sample_count

2026-08-24 23:13:50,795:WARNING:/home/ilyandho/micromamba/envs/pycaret/lib/python3.10/site-packages/sklearn/utils/extmath.py:1142: RuntimeWarning: invalid value encountered in divide
  T = new_sum / new_sample_count

2026-08-24 23:13:50,795:WARNING:/home/ilyandho/micromamba/envs/pycaret/lib/python3.10/site-packages/sklearn/utils/extmath.py:1162: RuntimeWarning: invalid value encountered in divide
  new_unnormalized_variance -= correction**2 / new_sample_count

2026-08-24 23:14:07,302:WARNING:/home/ilyandho/micromamba/envs/pycaret/lib/python3.10/site-packages/sklearn/utils/extmath.py:1137: RuntimeWarning: invalid value encountered in divide
  updated_mean = (last_sum + new_sum) / updated_sample_count

2026-08-24 23:14:07,302:WARNING:/home/ilyandho/micromamba/envs/pycaret/lib/python3.10/site-packages/sklearn/utils/extmath.py:1142: RuntimeWarning: invalid value encountered in divide
  T = new_sum / new_sample_count

2026-08-24 23:14:07,302:WARNING:/home/ilyandho/micromamba/envs/pycaret/lib/python3.10/site-packages/sklearn/utils/extmath.py:1162: RuntimeWarning: invalid value encountered in divide
  new_unnormalized_variance -= correction**2 / new_sample_count

2026-08-24 23:15:02,888:WARNING:/home/ilyandho/micromamba/envs/pycaret/lib/python3.10/site-packages/sklearn/utils/extmath.py:1137: RuntimeWarning: invalid value encountered in divide
  updated_mean = (last_sum + new_sum) / updated_sample_count

2026-08-24 23:15:02,888:WARNING:/home/ilyandho/micromamba/envs/pycaret/lib/python3.10/site-packages/sklearn/utils/extmath.py:1142: RuntimeWarning: invalid value encountered in divide
  T = new_sum / new_sample_count

2026-08-24 23:15:02,888:WARNING:/home/ilyandho/micromamba/envs/pycaret/lib/python3.10/site-packages/sklearn/utils/extmath.py:1162: RuntimeWarning: invalid value encountered in divide
  new_unnormalized_variance -= correction**2 / new_sample_count

2026-08-24 23:15:05,353:WARNING:/home/ilyandho/micromamba/envs/pycaret/lib/python3.10/site-packages/sklearn/utils/extmath.py:1137: RuntimeWarning: invalid value encountered in divide
  updated_mean = (last_sum + new_sum) / updated_sample_count

2026-08-24 23:15:05,353:WARNING:/home/ilyandho/micromamba/envs/pycaret/lib/python3.10/site-packages/sklearn/utils/extmath.py:1142: RuntimeWarning: invalid value encountered in divide
  T = new_sum / new_sample_count

2026-08-24 23:15:05,353:WARNING:/home/ilyandho/micromamba/envs/pycaret/lib/python3.10/site-packages/sklearn/utils/extmath.py:1162: RuntimeWarning: invalid value encountered in divide
  new_unnormalized_variance -= correction**2 / new_sample_count

2026-08-24 23:15:10,001:WARNING:/home/ilyandho/micromamba/envs/pycaret/lib/python3.10/site-packages/sklearn/utils/extmath.py:1137: RuntimeWarning: invalid value encountered in divide
  updated_mean = (last_sum + new_sum) / updated_sample_count

2026-08-24 23:15:10,001:WARNING:/home/ilyandho/micromamba/envs/pycaret/lib/python3.10/site-packages/sklearn/utils/extmath.py:1142: RuntimeWarning: invalid value encountered in divide
  T = new_sum / new_sample_count

2026-08-24 23:15:10,002:WARNING:/home/ilyandho/micromamba/envs/pycaret/lib/python3.10/site-packages/sklearn/utils/extmath.py:1162: RuntimeWarning: invalid value encountered in divide
  new_unnormalized_variance -= correction**2 / new_sample_count

2026-08-24 23:15:14,363:WARNING:/home/ilyandho/micromamba/envs/pycaret/lib/python3.10/site-packages/sklearn/utils/extmath.py:1137: RuntimeWarning: invalid value encountered in divide
  updated_mean = (last_sum + new_sum) / updated_sample_count

2026-08-24 23:15:14,363:WARNING:/home/ilyandho/micromamba/envs/pycaret/lib/python3.10/site-packages/sklearn/utils/extmath.py:1142: RuntimeWarning: invalid value encountered in divide
  T = new_sum / new_sample_count

2026-08-24 23:15:14,364:WARNING:/home/ilyandho/micromamba/envs/pycaret/lib/python3.10/site-packages/sklearn/utils/extmath.py:1162: RuntimeWarning: invalid value encountered in divide
  new_unnormalized_variance -= correction**2 / new_sample_count

2026-08-24 23:16:29,349:WARNING:/home/ilyandho/micromamba/envs/pycaret/lib/python3.10/site-packages/sklearn/utils/extmath.py:1137: RuntimeWarning: invalid value encountered in divide
  updated_mean = (last_sum + new_sum) / updated_sample_count

2026-08-24 23:16:29,349:WARNING:/home/ilyandho/micromamba/envs/pycaret/lib/python3.10/site-packages/sklearn/utils/extmath.py:1142: RuntimeWarning: invalid value encountered in divide
  T = new_sum / new_sample_count

2026-08-24 23:16:29,350:WARNING:/home/ilyandho/micromamba/envs/pycaret/lib/python3.10/site-packages/sklearn/utils/extmath.py:1162: RuntimeWarning: invalid value encountered in divide
  new_unnormalized_variance -= correction**2 / new_sample_count

2026-08-24 23:16:32,676:WARNING:/home/ilyandho/micromamba/envs/pycaret/lib/python3.10/site-packages/sklearn/utils/extmath.py:1137: RuntimeWarning: invalid value encountered in divide
  updated_mean = (last_sum + new_sum) / updated_sample_count

2026-08-24 23:16:32,676:WARNING:/home/ilyandho/micromamba/envs/pycaret/lib/python3.10/site-packages/sklearn/utils/extmath.py:1142: RuntimeWarning: invalid value encountered in divide
  T = new_sum / new_sample_count

2026-08-24 23:16:32,676:WARNING:/home/ilyandho/micromamba/envs/pycaret/lib/python3.10/site-packages/sklearn/utils/extmath.py:1162: RuntimeWarning: invalid value encountered in divide
  new_unnormalized_variance -= correction**2 / new_sample_count

2026-08-24 23:16:36,837:WARNING:/home/ilyandho/micromamba/envs/pycaret/lib/python3.10/site-packages/sklearn/utils/extmath.py:1137: RuntimeWarning: invalid value encountered in divide
  updated_mean = (last_sum + new_sum) / updated_sample_count

2026-08-24 23:16:36,838:WARNING:/home/ilyandho/micromamba/envs/pycaret/lib/python3.10/site-packages/sklearn/utils/extmath.py:1142: RuntimeWarning: invalid value encountered in divide
  T = new_sum / new_sample_count

2026-08-24 23:16:36,838:WARNING:/home/ilyandho/micromamba/envs/pycaret/lib/python3.10/site-packages/sklearn/utils/extmath.py:1162: RuntimeWarning: invalid value encountered in divide
  new_unnormalized_variance -= correction**2 / new_sample_count

2026-08-24 23:16:43,280:WARNING:/home/ilyandho/micromamba/envs/pycaret/lib/python3.10/site-packages/sklearn/utils/extmath.py:1137: RuntimeWarning: invalid value encountered in divide
  updated_mean = (last_sum + new_sum) / updated_sample_count

2026-08-24 23:16:43,280:WARNING:/home/ilyandho/micromamba/envs/pycaret/lib/python3.10/site-packages/sklearn/utils/extmath.py:1142: RuntimeWarning: invalid value encountered in divide
  T = new_sum / new_sample_count

2026-08-24 23:16:43,281:WARNING:/home/ilyandho/micromamba/envs/pycaret/lib/python3.10/site-packages/sklearn/utils/extmath.py:1162: RuntimeWarning: invalid value encountered in divide
  new_unnormalized_variance -= correction**2 / new_sample_count

2026-08-24 23:18:13,459:WARNING:/home/ilyandho/micromamba/envs/pycaret/lib/python3.10/site-packages/sklearn/utils/extmath.py:1137: RuntimeWarning: invalid value encountered in divide
  updated_mean = (last_sum + new_sum) / updated_sample_count

2026-08-24 23:18:13,459:WARNING:/home/ilyandho/micromamba/envs/pycaret/lib/python3.10/site-packages/sklearn/utils/extmath.py:1142: RuntimeWarning: invalid value encountered in divide
  T = new_sum / new_sample_count

2026-08-24 23:18:13,460:WARNING:/home/ilyandho/micromamba/envs/pycaret/lib/python3.10/site-packages/sklearn/utils/extmath.py:1162: RuntimeWarning: invalid value encountered in divide
  new_unnormalized_variance -= correction**2 / new_sample_count

2026-08-24 23:18:18,390:WARNING:/home/ilyandho/micromamba/envs/pycaret/lib/python3.10/site-packages/sklearn/utils/extmath.py:1137: RuntimeWarning: invalid value encountered in divide
  updated_mean = (last_sum + new_sum) / updated_sample_count

2026-08-24 23:18:18,390:WARNING:/home/ilyandho/micromamba/envs/pycaret/lib/python3.10/site-packages/sklearn/utils/extmath.py:1142: RuntimeWarning: invalid value encountered in divide
  T = new_sum / new_sample_count

2026-08-24 23:18:18,390:WARNING:/home/ilyandho/micromamba/envs/pycaret/lib/python3.10/site-packages/sklearn/utils/extmath.py:1162: RuntimeWarning: invalid value encountered in divide
  new_unnormalized_variance -= correction**2 / new_sample_count

2026-08-24 23:18:23,572:WARNING:/home/ilyandho/micromamba/envs/pycaret/lib/python3.10/site-packages/sklearn/utils/extmath.py:1137: RuntimeWarning: invalid value encountered in divide
  updated_mean = (last_sum + new_sum) / updated_sample_count

2026-08-24 23:18:23,572:WARNING:/home/ilyandho/micromamba/envs/pycaret/lib/python3.10/site-packages/sklearn/utils/extmath.py:1142: RuntimeWarning: invalid value encountered in divide
  T = new_sum / new_sample_count

2026-08-24 23:18:23,572:WARNING:/home/ilyandho/micromamba/envs/pycaret/lib/python3.10/site-packages/sklearn/utils/extmath.py:1162: RuntimeWarning: invalid value encountered in divide
  new_unnormalized_variance -= correction**2 / new_sample_count

2026-08-24 23:18:32,228:WARNING:/home/ilyandho/micromamba/envs/pycaret/lib/python3.10/site-packages/sklearn/utils/extmath.py:1137: RuntimeWarning: invalid value encountered in divide
  updated_mean = (last_sum + new_sum) / updated_sample_count

2026-08-24 23:18:32,228:WARNING:/home/ilyandho/micromamba/envs/pycaret/lib/python3.10/site-packages/sklearn/utils/extmath.py:1142: RuntimeWarning: invalid value encountered in divide
  T = new_sum / new_sample_count

2026-08-24 23:18:32,228:WARNING:/home/ilyandho/micromamba/envs/pycaret/lib/python3.10/site-packages/sklearn/utils/extmath.py:1162: RuntimeWarning: invalid value encountered in divide
  new_unnormalized_variance -= correction**2 / new_sample_count

2026-08-24 23:20:21,532:WARNING:/home/ilyandho/micromamba/envs/pycaret/lib/python3.10/site-packages/sklearn/utils/extmath.py:1137: RuntimeWarning: invalid value encountered in divide
  updated_mean = (last_sum + new_sum) / updated_sample_count

2026-08-24 23:20:21,532:WARNING:/home/ilyandho/micromamba/envs/pycaret/lib/python3.10/site-packages/sklearn/utils/extmath.py:1142: RuntimeWarning: invalid value encountered in divide
  T = new_sum / new_sample_count

2026-08-24 23:20:21,532:WARNING:/home/ilyandho/micromamba/envs/pycaret/lib/python3.10/site-packages/sklearn/utils/extmath.py:1162: RuntimeWarning: invalid value encountered in divide
  new_unnormalized_variance -= correction**2 / new_sample_count

2026-08-24 23:20:25,230:WARNING:/home/ilyandho/micromamba/envs/pycaret/lib/python3.10/site-packages/sklearn/utils/extmath.py:1137: RuntimeWarning: invalid value encountered in divide
  updated_mean = (last_sum + new_sum) / updated_sample_count

2026-08-24 23:20:25,231:WARNING:/home/ilyandho/micromamba/envs/pycaret/lib/python3.10/site-packages/sklearn/utils/extmath.py:1142: RuntimeWarning: invalid value encountered in divide
  T = new_sum / new_sample_count

2026-08-24 23:20:25,231:WARNING:/home/ilyandho/micromamba/envs/pycaret/lib/python3.10/site-packages/sklearn/utils/extmath.py:1162: RuntimeWarning: invalid value encountered in divide
  new_unnormalized_variance -= correction**2 / new_sample_count

2026-08-24 23:20:31,962:WARNING:/home/ilyandho/micromamba/envs/pycaret/lib/python3.10/site-packages/sklearn/utils/extmath.py:1137: RuntimeWarning: invalid value encountered in divide
  updated_mean = (last_sum + new_sum) / updated_sample_count

2026-08-24 23:20:31,962:WARNING:/home/ilyandho/micromamba/envs/pycaret/lib/python3.10/site-packages/sklearn/utils/extmath.py:1142: RuntimeWarning: invalid value encountered in divide
  T = new_sum / new_sample_count

2026-08-24 23:20:31,962:WARNING:/home/ilyandho/micromamba/envs/pycaret/lib/python3.10/site-packages/sklearn/utils/extmath.py:1162: RuntimeWarning: invalid value encountered in divide
  new_unnormalized_variance -= correction**2 / new_sample_count

2026-08-24 23:20:37,138:WARNING:/home/ilyandho/micromamba/envs/pycaret/lib/python3.10/site-packages/sklearn/utils/extmath.py:1137: RuntimeWarning: invalid value encountered in divide
  updated_mean = (last_sum + new_sum) / updated_sample_count

2026-08-24 23:20:37,138:WARNING:/home/ilyandho/micromamba/envs/pycaret/lib/python3.10/site-packages/sklearn/utils/extmath.py:1142: RuntimeWarning: invalid value encountered in divide
  T = new_sum / new_sample_count

2026-08-24 23:20:37,138:WARNING:/home/ilyandho/micromamba/envs/pycaret/lib/python3.10/site-packages/sklearn/utils/extmath.py:1162: RuntimeWarning: invalid value encountered in divide
  new_unnormalized_variance -= correction**2 / new_sample_count

2026-08-24 23:22:28,115:WARNING:/home/ilyandho/micromamba/envs/pycaret/lib/python3.10/site-packages/sklearn/utils/extmath.py:1137: RuntimeWarning: invalid value encountered in divide
  updated_mean = (last_sum + new_sum) / updated_sample_count

2026-08-24 23:22:28,115:WARNING:/home/ilyandho/micromamba/envs/pycaret/lib/python3.10/site-packages/sklearn/utils/extmath.py:1142: RuntimeWarning: invalid value encountered in divide
  T = new_sum / new_sample_count

2026-08-24 23:22:28,115:WARNING:/home/ilyandho/micromamba/envs/pycaret/lib/python3.10/site-packages/sklearn/utils/extmath.py:1162: RuntimeWarning: invalid value encountered in divide
  new_unnormalized_variance -= correction**2 / new_sample_count

2026-08-24 23:22:31,357:WARNING:/home/ilyandho/micromamba/envs/pycaret/lib/python3.10/site-packages/sklearn/utils/extmath.py:1137: RuntimeWarning: invalid value encountered in divide
  updated_mean = (last_sum + new_sum) / updated_sample_count

2026-08-24 23:22:31,357:WARNING:/home/ilyandho/micromamba/envs/pycaret/lib/python3.10/site-packages/sklearn/utils/extmath.py:1142: RuntimeWarning: invalid value encountered in divide
  T = new_sum / new_sample_count

2026-08-24 23:22:31,357:WARNING:/home/ilyandho/micromamba/envs/pycaret/lib/python3.10/site-packages/sklearn/utils/extmath.py:1162: RuntimeWarning: invalid value encountered in divide
  new_unnormalized_variance -= correction**2 / new_sample_count

2026-08-24 23:22:35,403:WARNING:/home/ilyandho/micromamba/envs/pycaret/lib/python3.10/site-packages/sklearn/utils/extmath.py:1137: RuntimeWarning: invalid value encountered in divide
  updated_mean = (last_sum + new_sum) / updated_sample_count

2026-08-24 23:22:35,403:WARNING:/home/ilyandho/micromamba/envs/pycaret/lib/python3.10/site-packages/sklearn/utils/extmath.py:1142: RuntimeWarning: invalid value encountered in divide
  T = new_sum / new_sample_count

2026-08-24 23:22:35,403:WARNING:/home/ilyandho/micromamba/envs/pycaret/lib/python3.10/site-packages/sklearn/utils/extmath.py:1162: RuntimeWarning: invalid value encountered in divide
  new_unnormalized_variance -= correction**2 / new_sample_count

2026-08-24 23:22:39,801:WARNING:/home/ilyandho/micromamba/envs/pycaret/lib/python3.10/site-packages/sklearn/utils/extmath.py:1137: RuntimeWarning: invalid value encountered in divide
  updated_mean = (last_sum + new_sum) / updated_sample_count

2026-08-24 23:22:39,801:WARNING:/home/ilyandho/micromamba/envs/pycaret/lib/python3.10/site-packages/sklearn/utils/extmath.py:1142: RuntimeWarning: invalid value encountered in divide
  T = new_sum / new_sample_count

2026-08-24 23:22:39,801:WARNING:/home/ilyandho/micromamba/envs/pycaret/lib/python3.10/site-packages/sklearn/utils/extmath.py:1162: RuntimeWarning: invalid value encountered in divide
  new_unnormalized_variance -= correction**2 / new_sample_count

2026-08-24 23:24:51,469:WARNING:/home/ilyandho/micromamba/envs/pycaret/lib/python3.10/site-packages/sklearn/utils/extmath.py:1137: RuntimeWarning: invalid value encountered in divide
  updated_mean = (last_sum + new_sum) / updated_sample_count

2026-08-24 23:24:51,469:WARNING:/home/ilyandho/micromamba/envs/pycaret/lib/python3.10/site-packages/sklearn/utils/extmath.py:1142: RuntimeWarning: invalid value encountered in divide
  T = new_sum / new_sample_count

2026-08-24 23:24:51,470:WARNING:/home/ilyandho/micromamba/envs/pycaret/lib/python3.10/site-packages/sklearn/utils/extmath.py:1162: RuntimeWarning: invalid value encountered in divide
  new_unnormalized_variance -= correction**2 / new_sample_count

2026-08-24 23:24:57,574:WARNING:/home/ilyandho/micromamba/envs/pycaret/lib/python3.10/site-packages/sklearn/utils/extmath.py:1137: RuntimeWarning: invalid value encountered in divide
  updated_mean = (last_sum + new_sum) / updated_sample_count

2026-08-24 23:24:57,574:WARNING:/home/ilyandho/micromamba/envs/pycaret/lib/python3.10/site-packages/sklearn/utils/extmath.py:1142: RuntimeWarning: invalid value encountered in divide
  T = new_sum / new_sample_count

2026-08-24 23:24:57,574:WARNING:/home/ilyandho/micromamba/envs/pycaret/lib/python3.10/site-packages/sklearn/utils/extmath.py:1162: RuntimeWarning: invalid value encountered in divide
  new_unnormalized_variance -= correction**2 / new_sample_count

2026-08-24 23:25:01,570:WARNING:/home/ilyandho/micromamba/envs/pycaret/lib/python3.10/site-packages/sklearn/utils/extmath.py:1137: RuntimeWarning: invalid value encountered in divide
  updated_mean = (last_sum + new_sum) / updated_sample_count

2026-08-24 23:25:01,570:WARNING:/home/ilyandho/micromamba/envs/pycaret/lib/python3.10/site-packages/sklearn/utils/extmath.py:1142: RuntimeWarning: invalid value encountered in divide
  T = new_sum / new_sample_count

2026-08-24 23:25:01,571:WARNING:/home/ilyandho/micromamba/envs/pycaret/lib/python3.10/site-packages/sklearn/utils/extmath.py:1162: RuntimeWarning: invalid value encountered in divide
  new_unnormalized_variance -= correction**2 / new_sample_count

2026-08-24 23:25:06,161:WARNING:/home/ilyandho/micromamba/envs/pycaret/lib/python3.10/site-packages/sklearn/utils/extmath.py:1137: RuntimeWarning: invalid value encountered in divide
  updated_mean = (last_sum + new_sum) / updated_sample_count

2026-08-24 23:25:06,162:WARNING:/home/ilyandho/micromamba/envs/pycaret/lib/python3.10/site-packages/sklearn/utils/extmath.py:1142: RuntimeWarning: invalid value encountered in divide
  T = new_sum / new_sample_count

2026-08-24 23:25:06,162:WARNING:/home/ilyandho/micromamba/envs/pycaret/lib/python3.10/site-packages/sklearn/utils/extmath.py:1162: RuntimeWarning: invalid value encountered in divide
  new_unnormalized_variance -= correction**2 / new_sample_count

2026-08-24 23:27:44,906:WARNING:/home/ilyandho/micromamba/envs/pycaret/lib/python3.10/site-packages/sklearn/utils/extmath.py:1137: RuntimeWarning: invalid value encountered in divide
  updated_mean = (last_sum + new_sum) / updated_sample_count

2026-08-24 23:27:44,906:WARNING:/home/ilyandho/micromamba/envs/pycaret/lib/python3.10/site-packages/sklearn/utils/extmath.py:1142: RuntimeWarning: invalid value encountered in divide
  T = new_sum / new_sample_count

2026-08-24 23:27:44,907:WARNING:/home/ilyandho/micromamba/envs/pycaret/lib/python3.10/site-packages/sklearn/utils/extmath.py:1162: RuntimeWarning: invalid value encountered in divide
  new_unnormalized_variance -= correction**2 / new_sample_count

2026-08-24 23:27:54,619:WARNING:/home/ilyandho/micromamba/envs/pycaret/lib/python3.10/site-packages/sklearn/utils/extmath.py:1137: RuntimeWarning: invalid value encountered in divide
  updated_mean = (last_sum + new_sum) / updated_sample_count

2026-08-24 23:27:54,619:WARNING:/home/ilyandho/micromamba/envs/pycaret/lib/python3.10/site-packages/sklearn/utils/extmath.py:1142: RuntimeWarning: invalid value encountered in divide
  T = new_sum / new_sample_count

2026-08-24 23:27:54,620:WARNING:/home/ilyandho/micromamba/envs/pycaret/lib/python3.10/site-packages/sklearn/utils/extmath.py:1162: RuntimeWarning: invalid value encountered in divide
  new_unnormalized_variance -= correction**2 / new_sample_count

2026-08-24 23:27:57,778:WARNING:/home/ilyandho/micromamba/envs/pycaret/lib/python3.10/site-packages/sklearn/utils/extmath.py:1137: RuntimeWarning: invalid value encountered in divide
  updated_mean = (last_sum + new_sum) / updated_sample_count

2026-08-24 23:27:57,778:WARNING:/home/ilyandho/micromamba/envs/pycaret/lib/python3.10/site-packages/sklearn/utils/extmath.py:1142: RuntimeWarning: invalid value encountered in divide
  T = new_sum / new_sample_count

2026-08-24 23:27:57,780:WARNING:/home/ilyandho/micromamba/envs/pycaret/lib/python3.10/site-packages/sklearn/utils/extmath.py:1162: RuntimeWarning: invalid value encountered in divide
  new_unnormalized_variance -= correction**2 / new_sample_count

2026-08-24 23:28:04,230:WARNING:/home/ilyandho/micromamba/envs/pycaret/lib/python3.10/site-packages/sklearn/utils/extmath.py:1137: RuntimeWarning: invalid value encountered in divide
  updated_mean = (last_sum + new_sum) / updated_sample_count

2026-08-24 23:28:04,230:WARNING:/home/ilyandho/micromamba/envs/pycaret/lib/python3.10/site-packages/sklearn/utils/extmath.py:1142: RuntimeWarning: invalid value encountered in divide
  T = new_sum / new_sample_count

2026-08-24 23:28:04,230:WARNING:/home/ilyandho/micromamba/envs/pycaret/lib/python3.10/site-packages/sklearn/utils/extmath.py:1162: RuntimeWarning: invalid value encountered in divide
  new_unnormalized_variance -= correction**2 / new_sample_count

2026-08-24 23:30:56,514:WARNING:/home/ilyandho/micromamba/envs/pycaret/lib/python3.10/site-packages/sklearn/utils/extmath.py:1137: RuntimeWarning: invalid value encountered in divide
  updated_mean = (last_sum + new_sum) / updated_sample_count

2026-08-24 23:30:56,514:WARNING:/home/ilyandho/micromamba/envs/pycaret/lib/python3.10/site-packages/sklearn/utils/extmath.py:1142: RuntimeWarning: invalid value encountered in divide
  T = new_sum / new_sample_count

2026-08-24 23:30:56,514:WARNING:/home/ilyandho/micromamba/envs/pycaret/lib/python3.10/site-packages/sklearn/utils/extmath.py:1162: RuntimeWarning: invalid value encountered in divide
  new_unnormalized_variance -= correction**2 / new_sample_count

2026-08-24 23:31:06,713:WARNING:/home/ilyandho/micromamba/envs/pycaret/lib/python3.10/site-packages/sklearn/utils/extmath.py:1137: RuntimeWarning: invalid value encountered in divide
  updated_mean = (last_sum + new_sum) / updated_sample_count

2026-08-24 23:31:06,713:WARNING:/home/ilyandho/micromamba/envs/pycaret/lib/python3.10/site-packages/sklearn/utils/extmath.py:1142: RuntimeWarning: invalid value encountered in divide
  T = new_sum / new_sample_count

2026-08-24 23:31:06,713:WARNING:/home/ilyandho/micromamba/envs/pycaret/lib/python3.10/site-packages/sklearn/utils/extmath.py:1162: RuntimeWarning: invalid value encountered in divide
  new_unnormalized_variance -= correction**2 / new_sample_count

2026-08-24 23:31:20,788:WARNING:/home/ilyandho/micromamba/envs/pycaret/lib/python3.10/site-packages/sklearn/utils/extmath.py:1137: RuntimeWarning: invalid value encountered in divide
  updated_mean = (last_sum + new_sum) / updated_sample_count

2026-08-24 23:31:20,788:WARNING:/home/ilyandho/micromamba/envs/pycaret/lib/python3.10/site-packages/sklearn/utils/extmath.py:1142: RuntimeWarning: invalid value encountered in divide
  T = new_sum / new_sample_count

2026-08-24 23:31:20,788:WARNING:/home/ilyandho/micromamba/envs/pycaret/lib/python3.10/site-packages/sklearn/utils/extmath.py:1162: RuntimeWarning: invalid value encountered in divide
  new_unnormalized_variance -= correction**2 / new_sample_count

2026-08-24 23:31:26,878:WARNING:/home/ilyandho/micromamba/envs/pycaret/lib/python3.10/site-packages/sklearn/utils/extmath.py:1137: RuntimeWarning: invalid value encountered in divide
  updated_mean = (last_sum + new_sum) / updated_sample_count

2026-08-24 23:31:26,878:WARNING:/home/ilyandho/micromamba/envs/pycaret/lib/python3.10/site-packages/sklearn/utils/extmath.py:1142: RuntimeWarning: invalid value encountered in divide
  T = new_sum / new_sample_count

2026-08-24 23:31:26,878:WARNING:/home/ilyandho/micromamba/envs/pycaret/lib/python3.10/site-packages/sklearn/utils/extmath.py:1162: RuntimeWarning: invalid value encountered in divide
  new_unnormalized_variance -= correction**2 / new_sample_count

2026-08-24 23:35:09,562:WARNING:/home/ilyandho/micromamba/envs/pycaret/lib/python3.10/site-packages/sklearn/utils/extmath.py:1137: RuntimeWarning: invalid value encountered in divide
  updated_mean = (last_sum + new_sum) / updated_sample_count

2026-08-24 23:35:09,562:WARNING:/home/ilyandho/micromamba/envs/pycaret/lib/python3.10/site-packages/sklearn/utils/extmath.py:1142: RuntimeWarning: invalid value encountered in divide
  T = new_sum / new_sample_count

2026-08-24 23:35:09,562:WARNING:/home/ilyandho/micromamba/envs/pycaret/lib/python3.10/site-packages/sklearn/utils/extmath.py:1162: RuntimeWarning: invalid value encountered in divide
  new_unnormalized_variance -= correction**2 / new_sample_count

2026-08-24 23:35:16,939:WARNING:/home/ilyandho/micromamba/envs/pycaret/lib/python3.10/site-packages/sklearn/utils/extmath.py:1137: RuntimeWarning: invalid value encountered in divide
  updated_mean = (last_sum + new_sum) / updated_sample_count

2026-08-24 23:35:16,939:WARNING:/home/ilyandho/micromamba/envs/pycaret/lib/python3.10/site-packages/sklearn/utils/extmath.py:1142: RuntimeWarning: invalid value encountered in divide
  T = new_sum / new_sample_count

2026-08-24 23:35:16,939:WARNING:/home/ilyandho/micromamba/envs/pycaret/lib/python3.10/site-packages/sklearn/utils/extmath.py:1162: RuntimeWarning: invalid value encountered in divide
  new_unnormalized_variance -= correction**2 / new_sample_count

2026-08-24 23:35:23,058:WARNING:/home/ilyandho/micromamba/envs/pycaret/lib/python3.10/site-packages/sklearn/utils/extmath.py:1137: RuntimeWarning: invalid value encountered in divide
  updated_mean = (last_sum + new_sum) / updated_sample_count

2026-08-24 23:35:23,059:WARNING:/home/ilyandho/micromamba/envs/pycaret/lib/python3.10/site-packages/sklearn/utils/extmath.py:1142: RuntimeWarning: invalid value encountered in divide
  T = new_sum / new_sample_count

2026-08-24 23:35:23,059:WARNING:/home/ilyandho/micromamba/envs/pycaret/lib/python3.10/site-packages/sklearn/utils/extmath.py:1162: RuntimeWarning: invalid value encountered in divide
  new_unnormalized_variance -= correction**2 / new_sample_count

2026-08-24 23:35:36,782:WARNING:/home/ilyandho/micromamba/envs/pycaret/lib/python3.10/site-packages/sklearn/utils/extmath.py:1137: RuntimeWarning: invalid value encountered in divide
  updated_mean = (last_sum + new_sum) / updated_sample_count

2026-08-24 23:35:36,782:WARNING:/home/ilyandho/micromamba/envs/pycaret/lib/python3.10/site-packages/sklearn/utils/extmath.py:1142: RuntimeWarning: invalid value encountered in divide
  T = new_sum / new_sample_count

2026-08-24 23:35:36,782:WARNING:/home/ilyandho/micromamba/envs/pycaret/lib/python3.10/site-packages/sklearn/utils/extmath.py:1162: RuntimeWarning: invalid value encountered in divide
  new_unnormalized_variance -= correction**2 / new_sample_count

2026-08-24 23:40:11,535:WARNING:/home/ilyandho/micromamba/envs/pycaret/lib/python3.10/site-packages/sklearn/utils/extmath.py:1137: RuntimeWarning: invalid value encountered in divide
  updated_mean = (last_sum + new_sum) / updated_sample_count

2026-08-24 23:40:11,535:WARNING:/home/ilyandho/micromamba/envs/pycaret/lib/python3.10/site-packages/sklearn/utils/extmath.py:1142: RuntimeWarning: invalid value encountered in divide
  T = new_sum / new_sample_count

2026-08-24 23:40:11,535:WARNING:/home/ilyandho/micromamba/envs/pycaret/lib/python3.10/site-packages/sklearn/utils/extmath.py:1162: RuntimeWarning: invalid value encountered in divide
  new_unnormalized_variance -= correction**2 / new_sample_count

2026-08-24 23:40:15,137:WARNING:/home/ilyandho/micromamba/envs/pycaret/lib/python3.10/site-packages/sklearn/utils/extmath.py:1137: RuntimeWarning: invalid value encountered in divide
  updated_mean = (last_sum + new_sum) / updated_sample_count

2026-08-24 23:40:15,137:WARNING:/home/ilyandho/micromamba/envs/pycaret/lib/python3.10/site-packages/sklearn/utils/extmath.py:1142: RuntimeWarning: invalid value encountered in divide
  T = new_sum / new_sample_count

2026-08-24 23:40:15,138:WARNING:/home/ilyandho/micromamba/envs/pycaret/lib/python3.10/site-packages/sklearn/utils/extmath.py:1162: RuntimeWarning: invalid value encountered in divide
  new_unnormalized_variance -= correction**2 / new_sample_count

2026-08-24 23:40:20,346:WARNING:/home/ilyandho/micromamba/envs/pycaret/lib/python3.10/site-packages/sklearn/utils/extmath.py:1137: RuntimeWarning: invalid value encountered in divide
  updated_mean = (last_sum + new_sum) / updated_sample_count

2026-08-24 23:40:20,346:WARNING:/home/ilyandho/micromamba/envs/pycaret/lib/python3.10/site-packages/sklearn/utils/extmath.py:1142: RuntimeWarning: invalid value encountered in divide
  T = new_sum / new_sample_count

2026-08-24 23:40:20,346:WARNING:/home/ilyandho/micromamba/envs/pycaret/lib/python3.10/site-packages/sklearn/utils/extmath.py:1162: RuntimeWarning: invalid value encountered in divide
  new_unnormalized_variance -= correction**2 / new_sample_count

2026-08-24 23:40:25,407:WARNING:/home/ilyandho/micromamba/envs/pycaret/lib/python3.10/site-packages/sklearn/utils/extmath.py:1137: RuntimeWarning: invalid value encountered in divide
  updated_mean = (last_sum + new_sum) / updated_sample_count

2026-08-24 23:40:25,407:WARNING:/home/ilyandho/micromamba/envs/pycaret/lib/python3.10/site-packages/sklearn/utils/extmath.py:1142: RuntimeWarning: invalid value encountered in divide
  T = new_sum / new_sample_count

2026-08-24 23:40:25,408:WARNING:/home/ilyandho/micromamba/envs/pycaret/lib/python3.10/site-packages/sklearn/utils/extmath.py:1162: RuntimeWarning: invalid value encountered in divide
  new_unnormalized_variance -= correction**2 / new_sample_count

2026-08-24 23:45:13,725:WARNING:/home/ilyandho/micromamba/envs/pycaret/lib/python3.10/site-packages/sklearn/utils/extmath.py:1137: RuntimeWarning: invalid value encountered in divide
  updated_mean = (last_sum + new_sum) / updated_sample_count

2026-08-24 23:45:13,725:WARNING:/home/ilyandho/micromamba/envs/pycaret/lib/python3.10/site-packages/sklearn/utils/extmath.py:1142: RuntimeWarning: invalid value encountered in divide
  T = new_sum / new_sample_count

2026-08-24 23:45:13,725:WARNING:/home/ilyandho/micromamba/envs/pycaret/lib/python3.10/site-packages/sklearn/utils/extmath.py:1162: RuntimeWarning: invalid value encountered in divide
  new_unnormalized_variance -= correction**2 / new_sample_count

2026-08-24 23:45:16,947:WARNING:/home/ilyandho/micromamba/envs/pycaret/lib/python3.10/site-packages/sklearn/utils/extmath.py:1137: RuntimeWarning: invalid value encountered in divide
  updated_mean = (last_sum + new_sum) / updated_sample_count

2026-08-24 23:45:16,947:WARNING:/home/ilyandho/micromamba/envs/pycaret/lib/python3.10/site-packages/sklearn/utils/extmath.py:1142: RuntimeWarning: invalid value encountered in divide
  T = new_sum / new_sample_count

2026-08-24 23:45:16,947:WARNING:/home/ilyandho/micromamba/envs/pycaret/lib/python3.10/site-packages/sklearn/utils/extmath.py:1162: RuntimeWarning: invalid value encountered in divide
  new_unnormalized_variance -= correction**2 / new_sample_count

2026-08-24 23:45:25,509:WARNING:/home/ilyandho/micromamba/envs/pycaret/lib/python3.10/site-packages/sklearn/utils/extmath.py:1137: RuntimeWarning: invalid value encountered in divide
  updated_mean = (last_sum + new_sum) / updated_sample_count

2026-08-24 23:45:25,509:WARNING:/home/ilyandho/micromamba/envs/pycaret/lib/python3.10/site-packages/sklearn/utils/extmath.py:1142: RuntimeWarning: invalid value encountered in divide
  T = new_sum / new_sample_count

2026-08-24 23:45:25,509:WARNING:/home/ilyandho/micromamba/envs/pycaret/lib/python3.10/site-packages/sklearn/utils/extmath.py:1162: RuntimeWarning: invalid value encountered in divide
  new_unnormalized_variance -= correction**2 / new_sample_count

2026-08-24 23:45:33,181:WARNING:/home/ilyandho/micromamba/envs/pycaret/lib/python3.10/site-packages/sklearn/utils/extmath.py:1137: RuntimeWarning: invalid value encountered in divide
  updated_mean = (last_sum + new_sum) / updated_sample_count

2026-08-24 23:45:33,181:WARNING:/home/ilyandho/micromamba/envs/pycaret/lib/python3.10/site-packages/sklearn/utils/extmath.py:1142: RuntimeWarning: invalid value encountered in divide
  T = new_sum / new_sample_count

2026-08-24 23:45:33,181:WARNING:/home/ilyandho/micromamba/envs/pycaret/lib/python3.10/site-packages/sklearn/utils/extmath.py:1162: RuntimeWarning: invalid value encountered in divide
  new_unnormalized_variance -= correction**2 / new_sample_count

2026-08-24 23:49:36,727:WARNING:/home/ilyandho/micromamba/envs/pycaret/lib/python3.10/site-packages/sklearn/utils/extmath.py:1137: RuntimeWarning: invalid value encountered in divide
  updated_mean = (last_sum + new_sum) / updated_sample_count

2026-08-24 23:49:36,728:WARNING:/home/ilyandho/micromamba/envs/pycaret/lib/python3.10/site-packages/sklearn/utils/extmath.py:1142: RuntimeWarning: invalid value encountered in divide
  T = new_sum / new_sample_count

2026-08-24 23:49:36,728:WARNING:/home/ilyandho/micromamba/envs/pycaret/lib/python3.10/site-packages/sklearn/utils/extmath.py:1162: RuntimeWarning: invalid value encountered in divide
  new_unnormalized_variance -= correction**2 / new_sample_count

2026-08-24 23:49:40,536:WARNING:/home/ilyandho/micromamba/envs/pycaret/lib/python3.10/site-packages/sklearn/utils/extmath.py:1137: RuntimeWarning: invalid value encountered in divide
  updated_mean = (last_sum + new_sum) / updated_sample_count

2026-08-24 23:49:40,536:WARNING:/home/ilyandho/micromamba/envs/pycaret/lib/python3.10/site-packages/sklearn/utils/extmath.py:1142: RuntimeWarning: invalid value encountered in divide
  T = new_sum / new_sample_count

2026-08-24 23:49:40,536:WARNING:/home/ilyandho/micromamba/envs/pycaret/lib/python3.10/site-packages/sklearn/utils/extmath.py:1162: RuntimeWarning: invalid value encountered in divide
  new_unnormalized_variance -= correction**2 / new_sample_count

2026-08-24 23:49:46,475:WARNING:/home/ilyandho/micromamba/envs/pycaret/lib/python3.10/site-packages/sklearn/utils/extmath.py:1137: RuntimeWarning: invalid value encountered in divide
  updated_mean = (last_sum + new_sum) / updated_sample_count

2026-08-24 23:49:46,475:WARNING:/home/ilyandho/micromamba/envs/pycaret/lib/python3.10/site-packages/sklearn/utils/extmath.py:1142: RuntimeWarning: invalid value encountered in divide
  T = new_sum / new_sample_count

2026-08-24 23:49:46,476:WARNING:/home/ilyandho/micromamba/envs/pycaret/lib/python3.10/site-packages/sklearn/utils/extmath.py:1162: RuntimeWarning: invalid value encountered in divide
  new_unnormalized_variance -= correction**2 / new_sample_count

2026-08-24 23:49:53,359:WARNING:/home/ilyandho/micromamba/envs/pycaret/lib/python3.10/site-packages/sklearn/utils/extmath.py:1137: RuntimeWarning: invalid value encountered in divide
  updated_mean = (last_sum + new_sum) / updated_sample_count

2026-08-24 23:49:53,359:WARNING:/home/ilyandho/micromamba/envs/pycaret/lib/python3.10/site-packages/sklearn/utils/extmath.py:1142: RuntimeWarning: invalid value encountered in divide
  T = new_sum / new_sample_count

2026-08-24 23:49:53,359:WARNING:/home/ilyandho/micromamba/envs/pycaret/lib/python3.10/site-packages/sklearn/utils/extmath.py:1162: RuntimeWarning: invalid value encountered in divide
  new_unnormalized_variance -= correction**2 / new_sample_count

2026-08-24 23:56:02,013:WARNING:
'cuml' is a soft dependency and not included in the pycaret installation. Please run: `pip install cuml` to install.
2026-08-24 23:56:02,013:WARNING:
'cuml' is a soft dependency and not included in the pycaret installation. Please run: `pip install cuml` to install.
2026-08-24 23:56:02,013:WARNING:
'cuml' is a soft dependency and not included in the pycaret installation. Please run: `pip install cuml` to install.
2026-08-24 23:56:02,013:WARNING:
'cuml' is a soft dependency and not included in the pycaret installation. Please run: `pip install cuml` to install.
2026-08-24 23:56:23,496:WARNING:/home/ilyandho/micromamba/envs/pycaret/lib/python3.10/site-packages/sklearn/utils/extmath.py:1137: RuntimeWarning: invalid value encountered in divide
  updated_mean = (last_sum + new_sum) / updated_sample_count

2026-08-24 23:56:23,496:WARNING:/home/ilyandho/micromamba/envs/pycaret/lib/python3.10/site-packages/sklearn/utils/extmath.py:1142: RuntimeWarning: invalid value encountered in divide
  T = new_sum / new_sample_count

2026-08-24 23:56:23,497:WARNING:/home/ilyandho/micromamba/envs/pycaret/lib/python3.10/site-packages/sklearn/utils/extmath.py:1162: RuntimeWarning: invalid value encountered in divide
  new_unnormalized_variance -= correction**2 / new_sample_count

2026-08-24 23:56:24,184:WARNING:/home/ilyandho/micromamba/envs/pycaret/lib/python3.10/site-packages/sklearn/utils/extmath.py:1137: RuntimeWarning: invalid value encountered in divide
  updated_mean = (last_sum + new_sum) / updated_sample_count

2026-08-24 23:56:24,184:WARNING:/home/ilyandho/micromamba/envs/pycaret/lib/python3.10/site-packages/sklearn/utils/extmath.py:1142: RuntimeWarning: invalid value encountered in divide
  T = new_sum / new_sample_count

2026-08-24 23:56:24,184:WARNING:/home/ilyandho/micromamba/envs/pycaret/lib/python3.10/site-packages/sklearn/utils/extmath.py:1162: RuntimeWarning: invalid value encountered in divide
  new_unnormalized_variance -= correction**2 / new_sample_count

2026-08-24 23:56:38,428:WARNING:/home/ilyandho/micromamba/envs/pycaret/lib/python3.10/site-packages/sklearn/utils/extmath.py:1137: RuntimeWarning: invalid value encountered in divide
  updated_mean = (last_sum + new_sum) / updated_sample_count

2026-08-24 23:56:38,428:WARNING:/home/ilyandho/micromamba/envs/pycaret/lib/python3.10/site-packages/sklearn/utils/extmath.py:1142: RuntimeWarning: invalid value encountered in divide
  T = new_sum / new_sample_count

2026-08-24 23:56:38,429:WARNING:/home/ilyandho/micromamba/envs/pycaret/lib/python3.10/site-packages/sklearn/utils/extmath.py:1162: RuntimeWarning: invalid value encountered in divide
  new_unnormalized_variance -= correction**2 / new_sample_count

2026-08-24 23:56:39,085:WARNING:/home/ilyandho/micromamba/envs/pycaret/lib/python3.10/site-packages/sklearn/utils/extmath.py:1137: RuntimeWarning: invalid value encountered in divide
  updated_mean = (last_sum + new_sum) / updated_sample_count

2026-08-24 23:56:39,085:WARNING:/home/ilyandho/micromamba/envs/pycaret/lib/python3.10/site-packages/sklearn/utils/extmath.py:1142: RuntimeWarning: invalid value encountered in divide
  T = new_sum / new_sample_count

2026-08-24 23:56:39,085:WARNING:/home/ilyandho/micromamba/envs/pycaret/lib/python3.10/site-packages/sklearn/utils/extmath.py:1162: RuntimeWarning: invalid value encountered in divide
  new_unnormalized_variance -= correction**2 / new_sample_count

2026-08-24 23:56:39,800:WARNING:/home/ilyandho/micromamba/envs/pycaret/lib/python3.10/site-packages/sklearn/utils/extmath.py:1137: RuntimeWarning: invalid value encountered in divide
  updated_mean = (last_sum + new_sum) / updated_sample_count

2026-08-24 23:56:39,800:WARNING:/home/ilyandho/micromamba/envs/pycaret/lib/python3.10/site-packages/sklearn/utils/extmath.py:1142: RuntimeWarning: invalid value encountered in divide
  T = new_sum / new_sample_count

2026-08-24 23:56:39,800:WARNING:/home/ilyandho/micromamba/envs/pycaret/lib/python3.10/site-packages/sklearn/utils/extmath.py:1162: RuntimeWarning: invalid value encountered in divide
  new_unnormalized_variance -= correction**2 / new_sample_count

2026-08-24 23:56:40,609:WARNING:/home/ilyandho/micromamba/envs/pycaret/lib/python3.10/site-packages/sklearn/utils/extmath.py:1137: RuntimeWarning: invalid value encountered in divide
  updated_mean = (last_sum + new_sum) / updated_sample_count

2026-08-24 23:56:40,610:WARNING:/home/ilyandho/micromamba/envs/pycaret/lib/python3.10/site-packages/sklearn/utils/extmath.py:1142: RuntimeWarning: invalid value encountered in divide
  T = new_sum / new_sample_count

2026-08-24 23:56:40,610:WARNING:/home/ilyandho/micromamba/envs/pycaret/lib/python3.10/site-packages/sklearn/utils/extmath.py:1162: RuntimeWarning: invalid value encountered in divide
  new_unnormalized_variance -= correction**2 / new_sample_count

2026-08-24 23:56:56,573:WARNING:/home/ilyandho/micromamba/envs/pycaret/lib/python3.10/site-packages/sklearn/utils/extmath.py:1137: RuntimeWarning: invalid value encountered in divide
  updated_mean = (last_sum + new_sum) / updated_sample_count

2026-08-24 23:56:56,573:WARNING:/home/ilyandho/micromamba/envs/pycaret/lib/python3.10/site-packages/sklearn/utils/extmath.py:1142: RuntimeWarning: invalid value encountered in divide
  T = new_sum / new_sample_count

2026-08-24 23:56:56,573:WARNING:/home/ilyandho/micromamba/envs/pycaret/lib/python3.10/site-packages/sklearn/utils/extmath.py:1162: RuntimeWarning: invalid value encountered in divide
  new_unnormalized_variance -= correction**2 / new_sample_count

2026-08-24 23:56:57,185:WARNING:/home/ilyandho/micromamba/envs/pycaret/lib/python3.10/site-packages/sklearn/utils/extmath.py:1137: RuntimeWarning: invalid value encountered in divide
  updated_mean = (last_sum + new_sum) / updated_sample_count

2026-08-24 23:56:57,185:WARNING:/home/ilyandho/micromamba/envs/pycaret/lib/python3.10/site-packages/sklearn/utils/extmath.py:1142: RuntimeWarning: invalid value encountered in divide
  T = new_sum / new_sample_count

2026-08-24 23:56:57,185:WARNING:/home/ilyandho/micromamba/envs/pycaret/lib/python3.10/site-packages/sklearn/utils/extmath.py:1162: RuntimeWarning: invalid value encountered in divide
  new_unnormalized_variance -= correction**2 / new_sample_count

2026-08-24 23:56:58,037:WARNING:/home/ilyandho/micromamba/envs/pycaret/lib/python3.10/site-packages/sklearn/utils/extmath.py:1137: RuntimeWarning: invalid value encountered in divide
  updated_mean = (last_sum + new_sum) / updated_sample_count

2026-08-24 23:56:58,037:WARNING:/home/ilyandho/micromamba/envs/pycaret/lib/python3.10/site-packages/sklearn/utils/extmath.py:1142: RuntimeWarning: invalid value encountered in divide
  T = new_sum / new_sample_count

2026-08-24 23:56:58,037:WARNING:/home/ilyandho/micromamba/envs/pycaret/lib/python3.10/site-packages/sklearn/utils/extmath.py:1162: RuntimeWarning: invalid value encountered in divide
  new_unnormalized_variance -= correction**2 / new_sample_count

2026-08-24 23:56:58,878:WARNING:/home/ilyandho/micromamba/envs/pycaret/lib/python3.10/site-packages/sklearn/utils/extmath.py:1137: RuntimeWarning: invalid value encountered in divide
  updated_mean = (last_sum + new_sum) / updated_sample_count

2026-08-24 23:56:58,878:WARNING:/home/ilyandho/micromamba/envs/pycaret/lib/python3.10/site-packages/sklearn/utils/extmath.py:1142: RuntimeWarning: invalid value encountered in divide
  T = new_sum / new_sample_count

2026-08-24 23:56:58,878:WARNING:/home/ilyandho/micromamba/envs/pycaret/lib/python3.10/site-packages/sklearn/utils/extmath.py:1162: RuntimeWarning: invalid value encountered in divide
  new_unnormalized_variance -= correction**2 / new_sample_count

2026-08-24 23:57:19,169:WARNING:/home/ilyandho/micromamba/envs/pycaret/lib/python3.10/site-packages/sklearn/utils/extmath.py:1137: RuntimeWarning: invalid value encountered in divide
  updated_mean = (last_sum + new_sum) / updated_sample_count

2026-08-24 23:57:19,170:WARNING:/home/ilyandho/micromamba/envs/pycaret/lib/python3.10/site-packages/sklearn/utils/extmath.py:1142: RuntimeWarning: invalid value encountered in divide
  T = new_sum / new_sample_count

2026-08-24 23:57:19,171:WARNING:/home/ilyandho/micromamba/envs/pycaret/lib/python3.10/site-packages/sklearn/utils/extmath.py:1162: RuntimeWarning: invalid value encountered in divide
  new_unnormalized_variance -= correction**2 / new_sample_count

2026-08-24 23:57:19,807:WARNING:/home/ilyandho/micromamba/envs/pycaret/lib/python3.10/site-packages/sklearn/utils/extmath.py:1137: RuntimeWarning: invalid value encountered in divide
  updated_mean = (last_sum + new_sum) / updated_sample_count

2026-08-24 23:57:19,807:WARNING:/home/ilyandho/micromamba/envs/pycaret/lib/python3.10/site-packages/sklearn/utils/extmath.py:1142: RuntimeWarning: invalid value encountered in divide
  T = new_sum / new_sample_count

2026-08-24 23:57:19,807:WARNING:/home/ilyandho/micromamba/envs/pycaret/lib/python3.10/site-packages/sklearn/utils/extmath.py:1162: RuntimeWarning: invalid value encountered in divide
  new_unnormalized_variance -= correction**2 / new_sample_count

2026-08-24 23:57:20,628:WARNING:/home/ilyandho/micromamba/envs/pycaret/lib/python3.10/site-packages/sklearn/utils/extmath.py:1137: RuntimeWarning: invalid value encountered in divide
  updated_mean = (last_sum + new_sum) / updated_sample_count

2026-08-24 23:57:20,628:WARNING:/home/ilyandho/micromamba/envs/pycaret/lib/python3.10/site-packages/sklearn/utils/extmath.py:1142: RuntimeWarning: invalid value encountered in divide
  T = new_sum / new_sample_count

2026-08-24 23:57:20,628:WARNING:/home/ilyandho/micromamba/envs/pycaret/lib/python3.10/site-packages/sklearn/utils/extmath.py:1162: RuntimeWarning: invalid value encountered in divide
  new_unnormalized_variance -= correction**2 / new_sample_count

2026-08-24 23:57:21,438:WARNING:/home/ilyandho/micromamba/envs/pycaret/lib/python3.10/site-packages/sklearn/utils/extmath.py:1137: RuntimeWarning: invalid value encountered in divide
  updated_mean = (last_sum + new_sum) / updated_sample_count

2026-08-24 23:57:21,438:WARNING:/home/ilyandho/micromamba/envs/pycaret/lib/python3.10/site-packages/sklearn/utils/extmath.py:1142: RuntimeWarning: invalid value encountered in divide
  T = new_sum / new_sample_count

2026-08-24 23:57:21,438:WARNING:/home/ilyandho/micromamba/envs/pycaret/lib/python3.10/site-packages/sklearn/utils/extmath.py:1162: RuntimeWarning: invalid value encountered in divide
  new_unnormalized_variance -= correction**2 / new_sample_count

2026-08-24 23:57:47,374:WARNING:/home/ilyandho/micromamba/envs/pycaret/lib/python3.10/site-packages/sklearn/utils/extmath.py:1137: RuntimeWarning: invalid value encountered in divide
  updated_mean = (last_sum + new_sum) / updated_sample_count

2026-08-24 23:57:47,374:WARNING:/home/ilyandho/micromamba/envs/pycaret/lib/python3.10/site-packages/sklearn/utils/extmath.py:1142: RuntimeWarning: invalid value encountered in divide
  T = new_sum / new_sample_count

2026-08-24 23:57:47,374:WARNING:/home/ilyandho/micromamba/envs/pycaret/lib/python3.10/site-packages/sklearn/utils/extmath.py:1162: RuntimeWarning: invalid value encountered in divide
  new_unnormalized_variance -= correction**2 / new_sample_count

2026-08-24 23:57:48,051:WARNING:/home/ilyandho/micromamba/envs/pycaret/lib/python3.10/site-packages/sklearn/utils/extmath.py:1137: RuntimeWarning: invalid value encountered in divide
  updated_mean = (last_sum + new_sum) / updated_sample_count

2026-08-24 23:57:48,051:WARNING:/home/ilyandho/micromamba/envs/pycaret/lib/python3.10/site-packages/sklearn/utils/extmath.py:1142: RuntimeWarning: invalid value encountered in divide
  T = new_sum / new_sample_count

2026-08-24 23:57:48,051:WARNING:/home/ilyandho/micromamba/envs/pycaret/lib/python3.10/site-packages/sklearn/utils/extmath.py:1162: RuntimeWarning: invalid value encountered in divide
  new_unnormalized_variance -= correction**2 / new_sample_count

2026-08-24 23:57:48,920:WARNING:/home/ilyandho/micromamba/envs/pycaret/lib/python3.10/site-packages/sklearn/utils/extmath.py:1137: RuntimeWarning: invalid value encountered in divide
  updated_mean = (last_sum + new_sum) / updated_sample_count

2026-08-24 23:57:48,920:WARNING:/home/ilyandho/micromamba/envs/pycaret/lib/python3.10/site-packages/sklearn/utils/extmath.py:1142: RuntimeWarning: invalid value encountered in divide
  T = new_sum / new_sample_count

2026-08-24 23:57:48,920:WARNING:/home/ilyandho/micromamba/envs/pycaret/lib/python3.10/site-packages/sklearn/utils/extmath.py:1162: RuntimeWarning: invalid value encountered in divide
  new_unnormalized_variance -= correction**2 / new_sample_count

2026-08-24 23:57:49,750:WARNING:/home/ilyandho/micromamba/envs/pycaret/lib/python3.10/site-packages/sklearn/utils/extmath.py:1137: RuntimeWarning: invalid value encountered in divide
  updated_mean = (last_sum + new_sum) / updated_sample_count

2026-08-24 23:57:49,751:WARNING:/home/ilyandho/micromamba/envs/pycaret/lib/python3.10/site-packages/sklearn/utils/extmath.py:1142: RuntimeWarning: invalid value encountered in divide
  T = new_sum / new_sample_count

2026-08-24 23:57:49,751:WARNING:/home/ilyandho/micromamba/envs/pycaret/lib/python3.10/site-packages/sklearn/utils/extmath.py:1162: RuntimeWarning: invalid value encountered in divide
  new_unnormalized_variance -= correction**2 / new_sample_count

2026-08-24 23:58:21,920:WARNING:/home/ilyandho/micromamba/envs/pycaret/lib/python3.10/site-packages/sklearn/utils/extmath.py:1137: RuntimeWarning: invalid value encountered in divide
  updated_mean = (last_sum + new_sum) / updated_sample_count

2026-08-24 23:58:21,921:WARNING:/home/ilyandho/micromamba/envs/pycaret/lib/python3.10/site-packages/sklearn/utils/extmath.py:1142: RuntimeWarning: invalid value encountered in divide
  T = new_sum / new_sample_count

2026-08-24 23:58:21,921:WARNING:/home/ilyandho/micromamba/envs/pycaret/lib/python3.10/site-packages/sklearn/utils/extmath.py:1162: RuntimeWarning: invalid value encountered in divide
  new_unnormalized_variance -= correction**2 / new_sample_count

2026-08-24 23:58:22,613:WARNING:/home/ilyandho/micromamba/envs/pycaret/lib/python3.10/site-packages/sklearn/utils/extmath.py:1137: RuntimeWarning: invalid value encountered in divide
  updated_mean = (last_sum + new_sum) / updated_sample_count

2026-08-24 23:58:22,613:WARNING:/home/ilyandho/micromamba/envs/pycaret/lib/python3.10/site-packages/sklearn/utils/extmath.py:1142: RuntimeWarning: invalid value encountered in divide
  T = new_sum / new_sample_count

2026-08-24 23:58:22,613:WARNING:/home/ilyandho/micromamba/envs/pycaret/lib/python3.10/site-packages/sklearn/utils/extmath.py:1162: RuntimeWarning: invalid value encountered in divide
  new_unnormalized_variance -= correction**2 / new_sample_count

2026-08-24 23:58:23,547:WARNING:/home/ilyandho/micromamba/envs/pycaret/lib/python3.10/site-packages/sklearn/utils/extmath.py:1137: RuntimeWarning: invalid value encountered in divide
  updated_mean = (last_sum + new_sum) / updated_sample_count

2026-08-24 23:58:23,547:WARNING:/home/ilyandho/micromamba/envs/pycaret/lib/python3.10/site-packages/sklearn/utils/extmath.py:1142: RuntimeWarning: invalid value encountered in divide
  T = new_sum / new_sample_count

2026-08-24 23:58:23,547:WARNING:/home/ilyandho/micromamba/envs/pycaret/lib/python3.10/site-packages/sklearn/utils/extmath.py:1162: RuntimeWarning: invalid value encountered in divide
  new_unnormalized_variance -= correction**2 / new_sample_count

2026-08-24 23:58:24,356:WARNING:/home/ilyandho/micromamba/envs/pycaret/lib/python3.10/site-packages/sklearn/utils/extmath.py:1137: RuntimeWarning: invalid value encountered in divide
  updated_mean = (last_sum + new_sum) / updated_sample_count

2026-08-24 23:58:24,356:WARNING:/home/ilyandho/micromamba/envs/pycaret/lib/python3.10/site-packages/sklearn/utils/extmath.py:1142: RuntimeWarning: invalid value encountered in divide
  T = new_sum / new_sample_count

2026-08-24 23:58:24,357:WARNING:/home/ilyandho/micromamba/envs/pycaret/lib/python3.10/site-packages/sklearn/utils/extmath.py:1162: RuntimeWarning: invalid value encountered in divide
  new_unnormalized_variance -= correction**2 / new_sample_count

2026-08-24 23:59:03,145:WARNING:/home/ilyandho/micromamba/envs/pycaret/lib/python3.10/site-packages/sklearn/utils/extmath.py:1137: RuntimeWarning: invalid value encountered in divide
  updated_mean = (last_sum + new_sum) / updated_sample_count

2026-08-24 23:59:03,145:WARNING:/home/ilyandho/micromamba/envs/pycaret/lib/python3.10/site-packages/sklearn/utils/extmath.py:1142: RuntimeWarning: invalid value encountered in divide
  T = new_sum / new_sample_count

2026-08-24 23:59:03,145:WARNING:/home/ilyandho/micromamba/envs/pycaret/lib/python3.10/site-packages/sklearn/utils/extmath.py:1162: RuntimeWarning: invalid value encountered in divide
  new_unnormalized_variance -= correction**2 / new_sample_count

2026-08-24 23:59:03,800:WARNING:/home/ilyandho/micromamba/envs/pycaret/lib/python3.10/site-packages/sklearn/utils/extmath.py:1137: RuntimeWarning: invalid value encountered in divide
  updated_mean = (last_sum + new_sum) / updated_sample_count

2026-08-24 23:59:03,800:WARNING:/home/ilyandho/micromamba/envs/pycaret/lib/python3.10/site-packages/sklearn/utils/extmath.py:1142: RuntimeWarning: invalid value encountered in divide
  T = new_sum / new_sample_count

2026-08-24 23:59:03,801:WARNING:/home/ilyandho/micromamba/envs/pycaret/lib/python3.10/site-packages/sklearn/utils/extmath.py:1162: RuntimeWarning: invalid value encountered in divide
  new_unnormalized_variance -= correction**2 / new_sample_count

2026-08-24 23:59:04,711:WARNING:/home/ilyandho/micromamba/envs/pycaret/lib/python3.10/site-packages/sklearn/utils/extmath.py:1137: RuntimeWarning: invalid value encountered in divide
  updated_mean = (last_sum + new_sum) / updated_sample_count

2026-08-24 23:59:04,712:WARNING:/home/ilyandho/micromamba/envs/pycaret/lib/python3.10/site-packages/sklearn/utils/extmath.py:1142: RuntimeWarning: invalid value encountered in divide
  T = new_sum / new_sample_count

2026-08-24 23:59:04,712:WARNING:/home/ilyandho/micromamba/envs/pycaret/lib/python3.10/site-packages/sklearn/utils/extmath.py:1162: RuntimeWarning: invalid value encountered in divide
  new_unnormalized_variance -= correction**2 / new_sample_count

2026-08-24 23:59:05,573:WARNING:/home/ilyandho/micromamba/envs/pycaret/lib/python3.10/site-packages/sklearn/utils/extmath.py:1137: RuntimeWarning: invalid value encountered in divide
  updated_mean = (last_sum + new_sum) / updated_sample_count

2026-08-24 23:59:05,573:WARNING:/home/ilyandho/micromamba/envs/pycaret/lib/python3.10/site-packages/sklearn/utils/extmath.py:1142: RuntimeWarning: invalid value encountered in divide
  T = new_sum / new_sample_count

2026-08-24 23:59:05,574:WARNING:/home/ilyandho/micromamba/envs/pycaret/lib/python3.10/site-packages/sklearn/utils/extmath.py:1162: RuntimeWarning: invalid value encountered in divide
  new_unnormalized_variance -= correction**2 / new_sample_count

2026-08-24 23:59:52,738:WARNING:/home/ilyandho/micromamba/envs/pycaret/lib/python3.10/site-packages/sklearn/utils/extmath.py:1137: RuntimeWarning: invalid value encountered in divide
  updated_mean = (last_sum + new_sum) / updated_sample_count

2026-08-24 23:59:52,738:WARNING:/home/ilyandho/micromamba/envs/pycaret/lib/python3.10/site-packages/sklearn/utils/extmath.py:1142: RuntimeWarning: invalid value encountered in divide
  T = new_sum / new_sample_count

2026-08-24 23:59:52,739:WARNING:/home/ilyandho/micromamba/envs/pycaret/lib/python3.10/site-packages/sklearn/utils/extmath.py:1162: RuntimeWarning: invalid value encountered in divide
  new_unnormalized_variance -= correction**2 / new_sample_count

2026-08-24 23:59:53,606:WARNING:/home/ilyandho/micromamba/envs/pycaret/lib/python3.10/site-packages/sklearn/utils/extmath.py:1137: RuntimeWarning: invalid value encountered in divide
  updated_mean = (last_sum + new_sum) / updated_sample_count

2026-08-24 23:59:53,606:WARNING:/home/ilyandho/micromamba/envs/pycaret/lib/python3.10/site-packages/sklearn/utils/extmath.py:1142: RuntimeWarning: invalid value encountered in divide
  T = new_sum / new_sample_count

2026-08-24 23:59:53,606:WARNING:/home/ilyandho/micromamba/envs/pycaret/lib/python3.10/site-packages/sklearn/utils/extmath.py:1162: RuntimeWarning: invalid value encountered in divide
  new_unnormalized_variance -= correction**2 / new_sample_count

2026-08-24 23:59:54,355:WARNING:/home/ilyandho/micromamba/envs/pycaret/lib/python3.10/site-packages/sklearn/utils/extmath.py:1137: RuntimeWarning: invalid value encountered in divide
  updated_mean = (last_sum + new_sum) / updated_sample_count

2026-08-24 23:59:54,355:WARNING:/home/ilyandho/micromamba/envs/pycaret/lib/python3.10/site-packages/sklearn/utils/extmath.py:1142: RuntimeWarning: invalid value encountered in divide
  T = new_sum / new_sample_count

2026-08-24 23:59:54,355:WARNING:/home/ilyandho/micromamba/envs/pycaret/lib/python3.10/site-packages/sklearn/utils/extmath.py:1162: RuntimeWarning: invalid value encountered in divide
  new_unnormalized_variance -= correction**2 / new_sample_count

2026-08-24 23:59:55,181:WARNING:/home/ilyandho/micromamba/envs/pycaret/lib/python3.10/site-packages/sklearn/utils/extmath.py:1137: RuntimeWarning: invalid value encountered in divide
  updated_mean = (last_sum + new_sum) / updated_sample_count

2026-08-24 23:59:55,181:WARNING:/home/ilyandho/micromamba/envs/pycaret/lib/python3.10/site-packages/sklearn/utils/extmath.py:1142: RuntimeWarning: invalid value encountered in divide
  T = new_sum / new_sample_count

2026-08-24 23:59:55,182:WARNING:/home/ilyandho/micromamba/envs/pycaret/lib/python3.10/site-packages/sklearn/utils/extmath.py:1162: RuntimeWarning: invalid value encountered in divide
  new_unnormalized_variance -= correction**2 / new_sample_count

2026-08-25 00:00:49,654:WARNING:/home/ilyandho/micromamba/envs/pycaret/lib/python3.10/site-packages/sklearn/utils/extmath.py:1137: RuntimeWarning: invalid value encountered in divide
  updated_mean = (last_sum + new_sum) / updated_sample_count

2026-08-25 00:00:49,654:WARNING:/home/ilyandho/micromamba/envs/pycaret/lib/python3.10/site-packages/sklearn/utils/extmath.py:1142: RuntimeWarning: invalid value encountered in divide
  T = new_sum / new_sample_count

2026-08-25 00:00:49,654:WARNING:/home/ilyandho/micromamba/envs/pycaret/lib/python3.10/site-packages/sklearn/utils/extmath.py:1162: RuntimeWarning: invalid value encountered in divide
  new_unnormalized_variance -= correction**2 / new_sample_count

2026-08-25 00:00:50,291:WARNING:/home/ilyandho/micromamba/envs/pycaret/lib/python3.10/site-packages/sklearn/utils/extmath.py:1137: RuntimeWarning: invalid value encountered in divide
  updated_mean = (last_sum + new_sum) / updated_sample_count

2026-08-25 00:00:50,291:WARNING:/home/ilyandho/micromamba/envs/pycaret/lib/python3.10/site-packages/sklearn/utils/extmath.py:1142: RuntimeWarning: invalid value encountered in divide
  T = new_sum / new_sample_count

2026-08-25 00:00:50,292:WARNING:/home/ilyandho/micromamba/envs/pycaret/lib/python3.10/site-packages/sklearn/utils/extmath.py:1162: RuntimeWarning: invalid value encountered in divide
  new_unnormalized_variance -= correction**2 / new_sample_count

2026-08-25 00:00:51,204:WARNING:/home/ilyandho/micromamba/envs/pycaret/lib/python3.10/site-packages/sklearn/utils/extmath.py:1137: RuntimeWarning: invalid value encountered in divide
  updated_mean = (last_sum + new_sum) / updated_sample_count

2026-08-25 00:00:51,205:WARNING:/home/ilyandho/micromamba/envs/pycaret/lib/python3.10/site-packages/sklearn/utils/extmath.py:1142: RuntimeWarning: invalid value encountered in divide
  T = new_sum / new_sample_count

2026-08-25 00:00:51,205:WARNING:/home/ilyandho/micromamba/envs/pycaret/lib/python3.10/site-packages/sklearn/utils/extmath.py:1162: RuntimeWarning: invalid value encountered in divide
  new_unnormalized_variance -= correction**2 / new_sample_count

2026-08-25 00:00:52,022:WARNING:/home/ilyandho/micromamba/envs/pycaret/lib/python3.10/site-packages/sklearn/utils/extmath.py:1137: RuntimeWarning: invalid value encountered in divide
  updated_mean = (last_sum + new_sum) / updated_sample_count

2026-08-25 00:00:52,022:WARNING:/home/ilyandho/micromamba/envs/pycaret/lib/python3.10/site-packages/sklearn/utils/extmath.py:1142: RuntimeWarning: invalid value encountered in divide
  T = new_sum / new_sample_count

2026-08-25 00:00:52,022:WARNING:/home/ilyandho/micromamba/envs/pycaret/lib/python3.10/site-packages/sklearn/utils/extmath.py:1162: RuntimeWarning: invalid value encountered in divide
  new_unnormalized_variance -= correction**2 / new_sample_count

2026-08-25 00:01:55,614:WARNING:/home/ilyandho/micromamba/envs/pycaret/lib/python3.10/site-packages/sklearn/utils/extmath.py:1137: RuntimeWarning: invalid value encountered in divide
  updated_mean = (last_sum + new_sum) / updated_sample_count

2026-08-25 00:01:55,614:WARNING:/home/ilyandho/micromamba/envs/pycaret/lib/python3.10/site-packages/sklearn/utils/extmath.py:1142: RuntimeWarning: invalid value encountered in divide
  T = new_sum / new_sample_count

2026-08-25 00:01:55,614:WARNING:/home/ilyandho/micromamba/envs/pycaret/lib/python3.10/site-packages/sklearn/utils/extmath.py:1162: RuntimeWarning: invalid value encountered in divide
  new_unnormalized_variance -= correction**2 / new_sample_count

2026-08-25 00:01:56,246:WARNING:/home/ilyandho/micromamba/envs/pycaret/lib/python3.10/site-packages/sklearn/utils/extmath.py:1137: RuntimeWarning: invalid value encountered in divide
  updated_mean = (last_sum + new_sum) / updated_sample_count

2026-08-25 00:01:56,246:WARNING:/home/ilyandho/micromamba/envs/pycaret/lib/python3.10/site-packages/sklearn/utils/extmath.py:1142: RuntimeWarning: invalid value encountered in divide
  T = new_sum / new_sample_count

2026-08-25 00:01:56,246:WARNING:/home/ilyandho/micromamba/envs/pycaret/lib/python3.10/site-packages/sklearn/utils/extmath.py:1162: RuntimeWarning: invalid value encountered in divide
  new_unnormalized_variance -= correction**2 / new_sample_count

2026-08-25 00:01:57,054:WARNING:/home/ilyandho/micromamba/envs/pycaret/lib/python3.10/site-packages/sklearn/utils/extmath.py:1137: RuntimeWarning: invalid value encountered in divide
  updated_mean = (last_sum + new_sum) / updated_sample_count

2026-08-25 00:01:57,055:WARNING:/home/ilyandho/micromamba/envs/pycaret/lib/python3.10/site-packages/sklearn/utils/extmath.py:1142: RuntimeWarning: invalid value encountered in divide
  T = new_sum / new_sample_count

2026-08-25 00:01:57,055:WARNING:/home/ilyandho/micromamba/envs/pycaret/lib/python3.10/site-packages/sklearn/utils/extmath.py:1162: RuntimeWarning: invalid value encountered in divide
  new_unnormalized_variance -= correction**2 / new_sample_count

2026-08-25 00:01:57,908:WARNING:/home/ilyandho/micromamba/envs/pycaret/lib/python3.10/site-packages/sklearn/utils/extmath.py:1137: RuntimeWarning: invalid value encountered in divide
  updated_mean = (last_sum + new_sum) / updated_sample_count

2026-08-25 00:01:57,908:WARNING:/home/ilyandho/micromamba/envs/pycaret/lib/python3.10/site-packages/sklearn/utils/extmath.py:1142: RuntimeWarning: invalid value encountered in divide
  T = new_sum / new_sample_count

2026-08-25 00:01:57,908:WARNING:/home/ilyandho/micromamba/envs/pycaret/lib/python3.10/site-packages/sklearn/utils/extmath.py:1162: RuntimeWarning: invalid value encountered in divide
  new_unnormalized_variance -= correction**2 / new_sample_count

2026-08-25 00:03:11,482:WARNING:/home/ilyandho/micromamba/envs/pycaret/lib/python3.10/site-packages/sklearn/utils/extmath.py:1137: RuntimeWarning: invalid value encountered in divide
  updated_mean = (last_sum + new_sum) / updated_sample_count

2026-08-25 00:03:11,482:WARNING:/home/ilyandho/micromamba/envs/pycaret/lib/python3.10/site-packages/sklearn/utils/extmath.py:1142: RuntimeWarning: invalid value encountered in divide
  T = new_sum / new_sample_count

2026-08-25 00:03:11,482:WARNING:/home/ilyandho/micromamba/envs/pycaret/lib/python3.10/site-packages/sklearn/utils/extmath.py:1162: RuntimeWarning: invalid value encountered in divide
  new_unnormalized_variance -= correction**2 / new_sample_count

2026-08-25 00:03:12,106:WARNING:/home/ilyandho/micromamba/envs/pycaret/lib/python3.10/site-packages/sklearn/utils/extmath.py:1137: RuntimeWarning: invalid value encountered in divide
  updated_mean = (last_sum + new_sum) / updated_sample_count

2026-08-25 00:03:12,106:WARNING:/home/ilyandho/micromamba/envs/pycaret/lib/python3.10/site-packages/sklearn/utils/extmath.py:1142: RuntimeWarning: invalid value encountered in divide
  T = new_sum / new_sample_count

2026-08-25 00:03:12,106:WARNING:/home/ilyandho/micromamba/envs/pycaret/lib/python3.10/site-packages/sklearn/utils/extmath.py:1162: RuntimeWarning: invalid value encountered in divide
  new_unnormalized_variance -= correction**2 / new_sample_count

2026-08-25 00:03:12,977:WARNING:/home/ilyandho/micromamba/envs/pycaret/lib/python3.10/site-packages/sklearn/utils/extmath.py:1137: RuntimeWarning: invalid value encountered in divide
  updated_mean = (last_sum + new_sum) / updated_sample_count

2026-08-25 00:03:12,977:WARNING:/home/ilyandho/micromamba/envs/pycaret/lib/python3.10/site-packages/sklearn/utils/extmath.py:1142: RuntimeWarning: invalid value encountered in divide
  T = new_sum / new_sample_count

2026-08-25 00:03:12,977:WARNING:/home/ilyandho/micromamba/envs/pycaret/lib/python3.10/site-packages/sklearn/utils/extmath.py:1162: RuntimeWarning: invalid value encountered in divide
  new_unnormalized_variance -= correction**2 / new_sample_count

2026-08-25 00:03:13,784:WARNING:/home/ilyandho/micromamba/envs/pycaret/lib/python3.10/site-packages/sklearn/utils/extmath.py:1137: RuntimeWarning: invalid value encountered in divide
  updated_mean = (last_sum + new_sum) / updated_sample_count

2026-08-25 00:03:13,784:WARNING:/home/ilyandho/micromamba/envs/pycaret/lib/python3.10/site-packages/sklearn/utils/extmath.py:1142: RuntimeWarning: invalid value encountered in divide
  T = new_sum / new_sample_count

2026-08-25 00:03:13,785:WARNING:/home/ilyandho/micromamba/envs/pycaret/lib/python3.10/site-packages/sklearn/utils/extmath.py:1162: RuntimeWarning: invalid value encountered in divide
  new_unnormalized_variance -= correction**2 / new_sample_count

2026-08-25 00:04:35,683:WARNING:/home/ilyandho/micromamba/envs/pycaret/lib/python3.10/site-packages/sklearn/utils/extmath.py:1137: RuntimeWarning: invalid value encountered in divide
  updated_mean = (last_sum + new_sum) / updated_sample_count

2026-08-25 00:04:35,684:WARNING:/home/ilyandho/micromamba/envs/pycaret/lib/python3.10/site-packages/sklearn/utils/extmath.py:1142: RuntimeWarning: invalid value encountered in divide
  T = new_sum / new_sample_count

2026-08-25 00:04:35,684:WARNING:/home/ilyandho/micromamba/envs/pycaret/lib/python3.10/site-packages/sklearn/utils/extmath.py:1162: RuntimeWarning: invalid value encountered in divide
  new_unnormalized_variance -= correction**2 / new_sample_count

2026-08-25 00:04:36,340:WARNING:/home/ilyandho/micromamba/envs/pycaret/lib/python3.10/site-packages/sklearn/utils/extmath.py:1137: RuntimeWarning: invalid value encountered in divide
  updated_mean = (last_sum + new_sum) / updated_sample_count

2026-08-25 00:04:36,340:WARNING:/home/ilyandho/micromamba/envs/pycaret/lib/python3.10/site-packages/sklearn/utils/extmath.py:1142: RuntimeWarning: invalid value encountered in divide
  T = new_sum / new_sample_count

2026-08-25 00:04:36,340:WARNING:/home/ilyandho/micromamba/envs/pycaret/lib/python3.10/site-packages/sklearn/utils/extmath.py:1162: RuntimeWarning: invalid value encountered in divide
  new_unnormalized_variance -= correction**2 / new_sample_count

2026-08-25 00:04:37,120:WARNING:/home/ilyandho/micromamba/envs/pycaret/lib/python3.10/site-packages/sklearn/utils/extmath.py:1137: RuntimeWarning: invalid value encountered in divide
  updated_mean = (last_sum + new_sum) / updated_sample_count

2026-08-25 00:04:37,120:WARNING:/home/ilyandho/micromamba/envs/pycaret/lib/python3.10/site-packages/sklearn/utils/extmath.py:1142: RuntimeWarning: invalid value encountered in divide
  T = new_sum / new_sample_count

2026-08-25 00:04:37,121:WARNING:/home/ilyandho/micromamba/envs/pycaret/lib/python3.10/site-packages/sklearn/utils/extmath.py:1162: RuntimeWarning: invalid value encountered in divide
  new_unnormalized_variance -= correction**2 / new_sample_count

2026-08-25 00:04:37,972:WARNING:/home/ilyandho/micromamba/envs/pycaret/lib/python3.10/site-packages/sklearn/utils/extmath.py:1137: RuntimeWarning: invalid value encountered in divide
  updated_mean = (last_sum + new_sum) / updated_sample_count

2026-08-25 00:04:37,972:WARNING:/home/ilyandho/micromamba/envs/pycaret/lib/python3.10/site-packages/sklearn/utils/extmath.py:1142: RuntimeWarning: invalid value encountered in divide
  T = new_sum / new_sample_count

2026-08-25 00:04:37,972:WARNING:/home/ilyandho/micromamba/envs/pycaret/lib/python3.10/site-packages/sklearn/utils/extmath.py:1162: RuntimeWarning: invalid value encountered in divide
  new_unnormalized_variance -= correction**2 / new_sample_count

2026-08-25 00:06:07,004:WARNING:/home/ilyandho/micromamba/envs/pycaret/lib/python3.10/site-packages/sklearn/utils/extmath.py:1137: RuntimeWarning: invalid value encountered in divide
  updated_mean = (last_sum + new_sum) / updated_sample_count

2026-08-25 00:06:07,004:WARNING:/home/ilyandho/micromamba/envs/pycaret/lib/python3.10/site-packages/sklearn/utils/extmath.py:1142: RuntimeWarning: invalid value encountered in divide
  T = new_sum / new_sample_count

2026-08-25 00:06:07,004:WARNING:/home/ilyandho/micromamba/envs/pycaret/lib/python3.10/site-packages/sklearn/utils/extmath.py:1162: RuntimeWarning: invalid value encountered in divide
  new_unnormalized_variance -= correction**2 / new_sample_count

2026-08-25 00:06:07,576:WARNING:/home/ilyandho/micromamba/envs/pycaret/lib/python3.10/site-packages/sklearn/utils/extmath.py:1137: RuntimeWarning: invalid value encountered in divide
  updated_mean = (last_sum + new_sum) / updated_sample_count

2026-08-25 00:06:07,576:WARNING:/home/ilyandho/micromamba/envs/pycaret/lib/python3.10/site-packages/sklearn/utils/extmath.py:1142: RuntimeWarning: invalid value encountered in divide
  T = new_sum / new_sample_count

2026-08-25 00:06:07,576:WARNING:/home/ilyandho/micromamba/envs/pycaret/lib/python3.10/site-packages/sklearn/utils/extmath.py:1162: RuntimeWarning: invalid value encountered in divide
  new_unnormalized_variance -= correction**2 / new_sample_count

2026-08-25 00:06:08,341:WARNING:/home/ilyandho/micromamba/envs/pycaret/lib/python3.10/site-packages/sklearn/utils/extmath.py:1137: RuntimeWarning: invalid value encountered in divide
  updated_mean = (last_sum + new_sum) / updated_sample_count

2026-08-25 00:06:08,341:WARNING:/home/ilyandho/micromamba/envs/pycaret/lib/python3.10/site-packages/sklearn/utils/extmath.py:1142: RuntimeWarning: invalid value encountered in divide
  T = new_sum / new_sample_count

2026-08-25 00:06:08,342:WARNING:/home/ilyandho/micromamba/envs/pycaret/lib/python3.10/site-packages/sklearn/utils/extmath.py:1162: RuntimeWarning: invalid value encountered in divide
  new_unnormalized_variance -= correction**2 / new_sample_count

2026-08-25 00:06:09,056:WARNING:/home/ilyandho/micromamba/envs/pycaret/lib/python3.10/site-packages/sklearn/utils/extmath.py:1137: RuntimeWarning: invalid value encountered in divide
  updated_mean = (last_sum + new_sum) / updated_sample_count

2026-08-25 00:06:09,056:WARNING:/home/ilyandho/micromamba/envs/pycaret/lib/python3.10/site-packages/sklearn/utils/extmath.py:1142: RuntimeWarning: invalid value encountered in divide
  T = new_sum / new_sample_count

2026-08-25 00:06:09,056:WARNING:/home/ilyandho/micromamba/envs/pycaret/lib/python3.10/site-packages/sklearn/utils/extmath.py:1162: RuntimeWarning: invalid value encountered in divide
  new_unnormalized_variance -= correction**2 / new_sample_count

2026-08-25 00:07:40,945:WARNING:/home/ilyandho/micromamba/envs/pycaret/lib/python3.10/site-packages/sklearn/utils/extmath.py:1137: RuntimeWarning: invalid value encountered in divide
  updated_mean = (last_sum + new_sum) / updated_sample_count

2026-08-25 00:07:40,945:WARNING:/home/ilyandho/micromamba/envs/pycaret/lib/python3.10/site-packages/sklearn/utils/extmath.py:1142: RuntimeWarning: invalid value encountered in divide
  T = new_sum / new_sample_count

2026-08-25 00:07:40,945:WARNING:/home/ilyandho/micromamba/envs/pycaret/lib/python3.10/site-packages/sklearn/utils/extmath.py:1162: RuntimeWarning: invalid value encountered in divide
  new_unnormalized_variance -= correction**2 / new_sample_count

2026-08-25 00:07:41,610:WARNING:/home/ilyandho/micromamba/envs/pycaret/lib/python3.10/site-packages/sklearn/utils/extmath.py:1137: RuntimeWarning: invalid value encountered in divide
  updated_mean = (last_sum + new_sum) / updated_sample_count

2026-08-25 00:07:41,610:WARNING:/home/ilyandho/micromamba/envs/pycaret/lib/python3.10/site-packages/sklearn/utils/extmath.py:1142: RuntimeWarning: invalid value encountered in divide
  T = new_sum / new_sample_count

2026-08-25 00:07:41,610:WARNING:/home/ilyandho/micromamba/envs/pycaret/lib/python3.10/site-packages/sklearn/utils/extmath.py:1162: RuntimeWarning: invalid value encountered in divide
  new_unnormalized_variance -= correction**2 / new_sample_count

2026-08-25 00:07:42,308:WARNING:/home/ilyandho/micromamba/envs/pycaret/lib/python3.10/site-packages/sklearn/utils/extmath.py:1137: RuntimeWarning: invalid value encountered in divide
  updated_mean = (last_sum + new_sum) / updated_sample_count

2026-08-25 00:07:42,308:WARNING:/home/ilyandho/micromamba/envs/pycaret/lib/python3.10/site-packages/sklearn/utils/extmath.py:1142: RuntimeWarning: invalid value encountered in divide
  T = new_sum / new_sample_count

2026-08-25 00:07:42,309:WARNING:/home/ilyandho/micromamba/envs/pycaret/lib/python3.10/site-packages/sklearn/utils/extmath.py:1162: RuntimeWarning: invalid value encountered in divide
  new_unnormalized_variance -= correction**2 / new_sample_count

2026-08-25 00:07:43,028:WARNING:/home/ilyandho/micromamba/envs/pycaret/lib/python3.10/site-packages/sklearn/utils/extmath.py:1137: RuntimeWarning: invalid value encountered in divide
  updated_mean = (last_sum + new_sum) / updated_sample_count

2026-08-25 00:07:43,028:WARNING:/home/ilyandho/micromamba/envs/pycaret/lib/python3.10/site-packages/sklearn/utils/extmath.py:1142: RuntimeWarning: invalid value encountered in divide
  T = new_sum / new_sample_count

2026-08-25 00:07:43,028:WARNING:/home/ilyandho/micromamba/envs/pycaret/lib/python3.10/site-packages/sklearn/utils/extmath.py:1162: RuntimeWarning: invalid value encountered in divide
  new_unnormalized_variance -= correction**2 / new_sample_count

2026-08-25 00:09:21,260:WARNING:/home/ilyandho/micromamba/envs/pycaret/lib/python3.10/site-packages/sklearn/utils/extmath.py:1137: RuntimeWarning: invalid value encountered in divide
  updated_mean = (last_sum + new_sum) / updated_sample_count

2026-08-25 00:09:21,260:WARNING:/home/ilyandho/micromamba/envs/pycaret/lib/python3.10/site-packages/sklearn/utils/extmath.py:1142: RuntimeWarning: invalid value encountered in divide
  T = new_sum / new_sample_count

2026-08-25 00:09:21,260:WARNING:/home/ilyandho/micromamba/envs/pycaret/lib/python3.10/site-packages/sklearn/utils/extmath.py:1162: RuntimeWarning: invalid value encountered in divide
  new_unnormalized_variance -= correction**2 / new_sample_count

2026-08-25 00:09:21,810:WARNING:/home/ilyandho/micromamba/envs/pycaret/lib/python3.10/site-packages/sklearn/utils/extmath.py:1137: RuntimeWarning: invalid value encountered in divide
  updated_mean = (last_sum + new_sum) / updated_sample_count

2026-08-25 00:09:21,810:WARNING:/home/ilyandho/micromamba/envs/pycaret/lib/python3.10/site-packages/sklearn/utils/extmath.py:1142: RuntimeWarning: invalid value encountered in divide
  T = new_sum / new_sample_count

2026-08-25 00:09:21,810:WARNING:/home/ilyandho/micromamba/envs/pycaret/lib/python3.10/site-packages/sklearn/utils/extmath.py:1162: RuntimeWarning: invalid value encountered in divide
  new_unnormalized_variance -= correction**2 / new_sample_count

2026-08-25 00:09:22,436:WARNING:/home/ilyandho/micromamba/envs/pycaret/lib/python3.10/site-packages/sklearn/utils/extmath.py:1137: RuntimeWarning: invalid value encountered in divide
  updated_mean = (last_sum + new_sum) / updated_sample_count

2026-08-25 00:09:22,436:WARNING:/home/ilyandho/micromamba/envs/pycaret/lib/python3.10/site-packages/sklearn/utils/extmath.py:1142: RuntimeWarning: invalid value encountered in divide
  T = new_sum / new_sample_count

2026-08-25 00:09:22,436:WARNING:/home/ilyandho/micromamba/envs/pycaret/lib/python3.10/site-packages/sklearn/utils/extmath.py:1162: RuntimeWarning: invalid value encountered in divide
  new_unnormalized_variance -= correction**2 / new_sample_count

2026-08-25 00:09:23,189:WARNING:/home/ilyandho/micromamba/envs/pycaret/lib/python3.10/site-packages/sklearn/utils/extmath.py:1137: RuntimeWarning: invalid value encountered in divide
  updated_mean = (last_sum + new_sum) / updated_sample_count

2026-08-25 00:09:23,189:WARNING:/home/ilyandho/micromamba/envs/pycaret/lib/python3.10/site-packages/sklearn/utils/extmath.py:1142: RuntimeWarning: invalid value encountered in divide
  T = new_sum / new_sample_count

2026-08-25 00:09:23,189:WARNING:/home/ilyandho/micromamba/envs/pycaret/lib/python3.10/site-packages/sklearn/utils/extmath.py:1162: RuntimeWarning: invalid value encountered in divide
  new_unnormalized_variance -= correction**2 / new_sample_count

2026-08-25 00:11:09,586:WARNING:/home/ilyandho/micromamba/envs/pycaret/lib/python3.10/site-packages/sklearn/utils/extmath.py:1137: RuntimeWarning: invalid value encountered in divide
  updated_mean = (last_sum + new_sum) / updated_sample_count

2026-08-25 00:11:09,586:WARNING:/home/ilyandho/micromamba/envs/pycaret/lib/python3.10/site-packages/sklearn/utils/extmath.py:1142: RuntimeWarning: invalid value encountered in divide
  T = new_sum / new_sample_count

2026-08-25 00:11:09,586:WARNING:/home/ilyandho/micromamba/envs/pycaret/lib/python3.10/site-packages/sklearn/utils/extmath.py:1162: RuntimeWarning: invalid value encountered in divide
  new_unnormalized_variance -= correction**2 / new_sample_count

2026-08-25 00:11:10,123:WARNING:/home/ilyandho/micromamba/envs/pycaret/lib/python3.10/site-packages/sklearn/utils/extmath.py:1137: RuntimeWarning: invalid value encountered in divide
  updated_mean = (last_sum + new_sum) / updated_sample_count

2026-08-25 00:11:10,123:WARNING:/home/ilyandho/micromamba/envs/pycaret/lib/python3.10/site-packages/sklearn/utils/extmath.py:1142: RuntimeWarning: invalid value encountered in divide
  T = new_sum / new_sample_count

2026-08-25 00:11:10,124:WARNING:/home/ilyandho/micromamba/envs/pycaret/lib/python3.10/site-packages/sklearn/utils/extmath.py:1162: RuntimeWarning: invalid value encountered in divide
  new_unnormalized_variance -= correction**2 / new_sample_count

2026-08-25 00:11:10,781:WARNING:/home/ilyandho/micromamba/envs/pycaret/lib/python3.10/site-packages/sklearn/utils/extmath.py:1137: RuntimeWarning: invalid value encountered in divide
  updated_mean = (last_sum + new_sum) / updated_sample_count

2026-08-25 00:11:10,781:WARNING:/home/ilyandho/micromamba/envs/pycaret/lib/python3.10/site-packages/sklearn/utils/extmath.py:1142: RuntimeWarning: invalid value encountered in divide
  T = new_sum / new_sample_count

2026-08-25 00:11:10,782:WARNING:/home/ilyandho/micromamba/envs/pycaret/lib/python3.10/site-packages/sklearn/utils/extmath.py:1162: RuntimeWarning: invalid value encountered in divide
  new_unnormalized_variance -= correction**2 / new_sample_count

2026-08-25 00:11:11,538:WARNING:/home/ilyandho/micromamba/envs/pycaret/lib/python3.10/site-packages/sklearn/utils/extmath.py:1137: RuntimeWarning: invalid value encountered in divide
  updated_mean = (last_sum + new_sum) / updated_sample_count

2026-08-25 00:11:11,538:WARNING:/home/ilyandho/micromamba/envs/pycaret/lib/python3.10/site-packages/sklearn/utils/extmath.py:1142: RuntimeWarning: invalid value encountered in divide
  T = new_sum / new_sample_count

2026-08-25 00:11:11,538:WARNING:/home/ilyandho/micromamba/envs/pycaret/lib/python3.10/site-packages/sklearn/utils/extmath.py:1162: RuntimeWarning: invalid value encountered in divide
  new_unnormalized_variance -= correction**2 / new_sample_count

2026-08-25 00:13:04,677:WARNING:/home/ilyandho/micromamba/envs/pycaret/lib/python3.10/site-packages/sklearn/utils/extmath.py:1137: RuntimeWarning: invalid value encountered in divide
  updated_mean = (last_sum + new_sum) / updated_sample_count

2026-08-25 00:13:04,677:WARNING:/home/ilyandho/micromamba/envs/pycaret/lib/python3.10/site-packages/sklearn/utils/extmath.py:1142: RuntimeWarning: invalid value encountered in divide
  T = new_sum / new_sample_count

2026-08-25 00:13:04,677:WARNING:/home/ilyandho/micromamba/envs/pycaret/lib/python3.10/site-packages/sklearn/utils/extmath.py:1162: RuntimeWarning: invalid value encountered in divide
  new_unnormalized_variance -= correction**2 / new_sample_count

2026-08-25 00:13:05,218:WARNING:/home/ilyandho/micromamba/envs/pycaret/lib/python3.10/site-packages/sklearn/utils/extmath.py:1137: RuntimeWarning: invalid value encountered in divide
  updated_mean = (last_sum + new_sum) / updated_sample_count

2026-08-25 00:13:05,218:WARNING:/home/ilyandho/micromamba/envs/pycaret/lib/python3.10/site-packages/sklearn/utils/extmath.py:1142: RuntimeWarning: invalid value encountered in divide
  T = new_sum / new_sample_count

2026-08-25 00:13:05,218:WARNING:/home/ilyandho/micromamba/envs/pycaret/lib/python3.10/site-packages/sklearn/utils/extmath.py:1162: RuntimeWarning: invalid value encountered in divide
  new_unnormalized_variance -= correction**2 / new_sample_count

2026-08-25 00:13:05,848:WARNING:/home/ilyandho/micromamba/envs/pycaret/lib/python3.10/site-packages/sklearn/utils/extmath.py:1137: RuntimeWarning: invalid value encountered in divide
  updated_mean = (last_sum + new_sum) / updated_sample_count

2026-08-25 00:13:05,848:WARNING:/home/ilyandho/micromamba/envs/pycaret/lib/python3.10/site-packages/sklearn/utils/extmath.py:1142: RuntimeWarning: invalid value encountered in divide
  T = new_sum / new_sample_count

2026-08-25 00:13:05,849:WARNING:/home/ilyandho/micromamba/envs/pycaret/lib/python3.10/site-packages/sklearn/utils/extmath.py:1162: RuntimeWarning: invalid value encountered in divide
  new_unnormalized_variance -= correction**2 / new_sample_count

2026-08-25 00:13:06,599:WARNING:/home/ilyandho/micromamba/envs/pycaret/lib/python3.10/site-packages/sklearn/utils/extmath.py:1137: RuntimeWarning: invalid value encountered in divide
  updated_mean = (last_sum + new_sum) / updated_sample_count

2026-08-25 00:13:06,599:WARNING:/home/ilyandho/micromamba/envs/pycaret/lib/python3.10/site-packages/sklearn/utils/extmath.py:1142: RuntimeWarning: invalid value encountered in divide
  T = new_sum / new_sample_count

2026-08-25 00:13:06,599:WARNING:/home/ilyandho/micromamba/envs/pycaret/lib/python3.10/site-packages/sklearn/utils/extmath.py:1162: RuntimeWarning: invalid value encountered in divide
  new_unnormalized_variance -= correction**2 / new_sample_count

2026-08-25 00:15:07,007:WARNING:/home/ilyandho/micromamba/envs/pycaret/lib/python3.10/site-packages/sklearn/utils/extmath.py:1137: RuntimeWarning: invalid value encountered in divide
  updated_mean = (last_sum + new_sum) / updated_sample_count

2026-08-25 00:15:07,007:WARNING:/home/ilyandho/micromamba/envs/pycaret/lib/python3.10/site-packages/sklearn/utils/extmath.py:1142: RuntimeWarning: invalid value encountered in divide
  T = new_sum / new_sample_count

2026-08-25 00:15:07,008:WARNING:/home/ilyandho/micromamba/envs/pycaret/lib/python3.10/site-packages/sklearn/utils/extmath.py:1162: RuntimeWarning: invalid value encountered in divide
  new_unnormalized_variance -= correction**2 / new_sample_count

2026-08-25 00:15:07,613:WARNING:/home/ilyandho/micromamba/envs/pycaret/lib/python3.10/site-packages/sklearn/utils/extmath.py:1137: RuntimeWarning: invalid value encountered in divide
  updated_mean = (last_sum + new_sum) / updated_sample_count

2026-08-25 00:15:07,613:WARNING:/home/ilyandho/micromamba/envs/pycaret/lib/python3.10/site-packages/sklearn/utils/extmath.py:1142: RuntimeWarning: invalid value encountered in divide
  T = new_sum / new_sample_count

2026-08-25 00:15:07,613:WARNING:/home/ilyandho/micromamba/envs/pycaret/lib/python3.10/site-packages/sklearn/utils/extmath.py:1162: RuntimeWarning: invalid value encountered in divide
  new_unnormalized_variance -= correction**2 / new_sample_count

2026-08-25 00:15:08,240:WARNING:/home/ilyandho/micromamba/envs/pycaret/lib/python3.10/site-packages/sklearn/utils/extmath.py:1137: RuntimeWarning: invalid value encountered in divide
  updated_mean = (last_sum + new_sum) / updated_sample_count

2026-08-25 00:15:08,240:WARNING:/home/ilyandho/micromamba/envs/pycaret/lib/python3.10/site-packages/sklearn/utils/extmath.py:1142: RuntimeWarning: invalid value encountered in divide
  T = new_sum / new_sample_count

2026-08-25 00:15:08,240:WARNING:/home/ilyandho/micromamba/envs/pycaret/lib/python3.10/site-packages/sklearn/utils/extmath.py:1162: RuntimeWarning: invalid value encountered in divide
  new_unnormalized_variance -= correction**2 / new_sample_count

2026-08-25 00:15:08,996:WARNING:/home/ilyandho/micromamba/envs/pycaret/lib/python3.10/site-packages/sklearn/utils/extmath.py:1137: RuntimeWarning: invalid value encountered in divide
  updated_mean = (last_sum + new_sum) / updated_sample_count

2026-08-25 00:15:08,996:WARNING:/home/ilyandho/micromamba/envs/pycaret/lib/python3.10/site-packages/sklearn/utils/extmath.py:1142: RuntimeWarning: invalid value encountered in divide
  T = new_sum / new_sample_count

2026-08-25 00:15:08,996:WARNING:/home/ilyandho/micromamba/envs/pycaret/lib/python3.10/site-packages/sklearn/utils/extmath.py:1162: RuntimeWarning: invalid value encountered in divide
  new_unnormalized_variance -= correction**2 / new_sample_count

2026-08-25 00:17:23,372:WARNING:/home/ilyandho/micromamba/envs/pycaret/lib/python3.10/site-packages/sklearn/utils/extmath.py:1137: RuntimeWarning: invalid value encountered in divide
  updated_mean = (last_sum + new_sum) / updated_sample_count

2026-08-25 00:17:23,372:WARNING:/home/ilyandho/micromamba/envs/pycaret/lib/python3.10/site-packages/sklearn/utils/extmath.py:1142: RuntimeWarning: invalid value encountered in divide
  T = new_sum / new_sample_count

2026-08-25 00:17:23,372:WARNING:/home/ilyandho/micromamba/envs/pycaret/lib/python3.10/site-packages/sklearn/utils/extmath.py:1162: RuntimeWarning: invalid value encountered in divide
  new_unnormalized_variance -= correction**2 / new_sample_count

2026-08-25 00:17:23,968:WARNING:/home/ilyandho/micromamba/envs/pycaret/lib/python3.10/site-packages/sklearn/utils/extmath.py:1137: RuntimeWarning: invalid value encountered in divide
  updated_mean = (last_sum + new_sum) / updated_sample_count

2026-08-25 00:17:23,968:WARNING:/home/ilyandho/micromamba/envs/pycaret/lib/python3.10/site-packages/sklearn/utils/extmath.py:1142: RuntimeWarning: invalid value encountered in divide
  T = new_sum / new_sample_count

2026-08-25 00:17:23,968:WARNING:/home/ilyandho/micromamba/envs/pycaret/lib/python3.10/site-packages/sklearn/utils/extmath.py:1162: RuntimeWarning: invalid value encountered in divide
  new_unnormalized_variance -= correction**2 / new_sample_count

2026-08-25 00:17:24,716:WARNING:/home/ilyandho/micromamba/envs/pycaret/lib/python3.10/site-packages/sklearn/utils/extmath.py:1137: RuntimeWarning: invalid value encountered in divide
  updated_mean = (last_sum + new_sum) / updated_sample_count

2026-08-25 00:17:24,716:WARNING:/home/ilyandho/micromamba/envs/pycaret/lib/python3.10/site-packages/sklearn/utils/extmath.py:1142: RuntimeWarning: invalid value encountered in divide
  T = new_sum / new_sample_count

2026-08-25 00:17:24,716:WARNING:/home/ilyandho/micromamba/envs/pycaret/lib/python3.10/site-packages/sklearn/utils/extmath.py:1162: RuntimeWarning: invalid value encountered in divide
  new_unnormalized_variance -= correction**2 / new_sample_count

2026-08-25 00:17:25,453:WARNING:/home/ilyandho/micromamba/envs/pycaret/lib/python3.10/site-packages/sklearn/utils/extmath.py:1137: RuntimeWarning: invalid value encountered in divide
  updated_mean = (last_sum + new_sum) / updated_sample_count

2026-08-25 00:17:25,453:WARNING:/home/ilyandho/micromamba/envs/pycaret/lib/python3.10/site-packages/sklearn/utils/extmath.py:1142: RuntimeWarning: invalid value encountered in divide
  T = new_sum / new_sample_count

2026-08-25 00:17:25,454:WARNING:/home/ilyandho/micromamba/envs/pycaret/lib/python3.10/site-packages/sklearn/utils/extmath.py:1162: RuntimeWarning: invalid value encountered in divide
  new_unnormalized_variance -= correction**2 / new_sample_count

2026-08-25 00:19:48,909:WARNING:/home/ilyandho/micromamba/envs/pycaret/lib/python3.10/site-packages/sklearn/utils/extmath.py:1137: RuntimeWarning: invalid value encountered in divide
  updated_mean = (last_sum + new_sum) / updated_sample_count

2026-08-25 00:19:48,909:WARNING:/home/ilyandho/micromamba/envs/pycaret/lib/python3.10/site-packages/sklearn/utils/extmath.py:1142: RuntimeWarning: invalid value encountered in divide
  T = new_sum / new_sample_count

2026-08-25 00:19:48,909:WARNING:/home/ilyandho/micromamba/envs/pycaret/lib/python3.10/site-packages/sklearn/utils/extmath.py:1162: RuntimeWarning: invalid value encountered in divide
  new_unnormalized_variance -= correction**2 / new_sample_count

2026-08-25 00:19:49,455:WARNING:/home/ilyandho/micromamba/envs/pycaret/lib/python3.10/site-packages/sklearn/utils/extmath.py:1137: RuntimeWarning: invalid value encountered in divide
  updated_mean = (last_sum + new_sum) / updated_sample_count

2026-08-25 00:19:49,455:WARNING:/home/ilyandho/micromamba/envs/pycaret/lib/python3.10/site-packages/sklearn/utils/extmath.py:1142: RuntimeWarning: invalid value encountered in divide
  T = new_sum / new_sample_count

2026-08-25 00:19:49,455:WARNING:/home/ilyandho/micromamba/envs/pycaret/lib/python3.10/site-packages/sklearn/utils/extmath.py:1162: RuntimeWarning: invalid value encountered in divide
  new_unnormalized_variance -= correction**2 / new_sample_count

2026-08-25 00:19:50,082:WARNING:/home/ilyandho/micromamba/envs/pycaret/lib/python3.10/site-packages/sklearn/utils/extmath.py:1137: RuntimeWarning: invalid value encountered in divide
  updated_mean = (last_sum + new_sum) / updated_sample_count

2026-08-25 00:19:50,083:WARNING:/home/ilyandho/micromamba/envs/pycaret/lib/python3.10/site-packages/sklearn/utils/extmath.py:1142: RuntimeWarning: invalid value encountered in divide
  T = new_sum / new_sample_count

2026-08-25 00:19:50,083:WARNING:/home/ilyandho/micromamba/envs/pycaret/lib/python3.10/site-packages/sklearn/utils/extmath.py:1162: RuntimeWarning: invalid value encountered in divide
  new_unnormalized_variance -= correction**2 / new_sample_count

2026-08-25 00:19:50,830:WARNING:/home/ilyandho/micromamba/envs/pycaret/lib/python3.10/site-packages/sklearn/utils/extmath.py:1137: RuntimeWarning: invalid value encountered in divide
  updated_mean = (last_sum + new_sum) / updated_sample_count

2026-08-25 00:19:50,830:WARNING:/home/ilyandho/micromamba/envs/pycaret/lib/python3.10/site-packages/sklearn/utils/extmath.py:1142: RuntimeWarning: invalid value encountered in divide
  T = new_sum / new_sample_count

2026-08-25 00:19:50,830:WARNING:/home/ilyandho/micromamba/envs/pycaret/lib/python3.10/site-packages/sklearn/utils/extmath.py:1162: RuntimeWarning: invalid value encountered in divide
  new_unnormalized_variance -= correction**2 / new_sample_count

2026-08-25 00:22:30,930:WARNING:/home/ilyandho/micromamba/envs/pycaret/lib/python3.10/site-packages/sklearn/utils/extmath.py:1137: RuntimeWarning: invalid value encountered in divide
  updated_mean = (last_sum + new_sum) / updated_sample_count

2026-08-25 00:22:30,930:WARNING:/home/ilyandho/micromamba/envs/pycaret/lib/python3.10/site-packages/sklearn/utils/extmath.py:1142: RuntimeWarning: invalid value encountered in divide
  T = new_sum / new_sample_count

2026-08-25 00:22:30,930:WARNING:/home/ilyandho/micromamba/envs/pycaret/lib/python3.10/site-packages/sklearn/utils/extmath.py:1162: RuntimeWarning: invalid value encountered in divide
  new_unnormalized_variance -= correction**2 / new_sample_count

2026-08-25 00:22:31,538:WARNING:/home/ilyandho/micromamba/envs/pycaret/lib/python3.10/site-packages/sklearn/utils/extmath.py:1137: RuntimeWarning: invalid value encountered in divide
  updated_mean = (last_sum + new_sum) / updated_sample_count

2026-08-25 00:22:31,538:WARNING:/home/ilyandho/micromamba/envs/pycaret/lib/python3.10/site-packages/sklearn/utils/extmath.py:1142: RuntimeWarning: invalid value encountered in divide
  T = new_sum / new_sample_count

2026-08-25 00:22:31,538:WARNING:/home/ilyandho/micromamba/envs/pycaret/lib/python3.10/site-packages/sklearn/utils/extmath.py:1162: RuntimeWarning: invalid value encountered in divide
  new_unnormalized_variance -= correction**2 / new_sample_count

2026-08-25 00:22:32,153:WARNING:/home/ilyandho/micromamba/envs/pycaret/lib/python3.10/site-packages/sklearn/utils/extmath.py:1137: RuntimeWarning: invalid value encountered in divide
  updated_mean = (last_sum + new_sum) / updated_sample_count

2026-08-25 00:22:32,154:WARNING:/home/ilyandho/micromamba/envs/pycaret/lib/python3.10/site-packages/sklearn/utils/extmath.py:1142: RuntimeWarning: invalid value encountered in divide
  T = new_sum / new_sample_count

2026-08-25 00:22:32,154:WARNING:/home/ilyandho/micromamba/envs/pycaret/lib/python3.10/site-packages/sklearn/utils/extmath.py:1162: RuntimeWarning: invalid value encountered in divide
  new_unnormalized_variance -= correction**2 / new_sample_count

2026-08-25 00:22:32,910:WARNING:/home/ilyandho/micromamba/envs/pycaret/lib/python3.10/site-packages/sklearn/utils/extmath.py:1137: RuntimeWarning: invalid value encountered in divide
  updated_mean = (last_sum + new_sum) / updated_sample_count

2026-08-25 00:22:32,910:WARNING:/home/ilyandho/micromamba/envs/pycaret/lib/python3.10/site-packages/sklearn/utils/extmath.py:1142: RuntimeWarning: invalid value encountered in divide
  T = new_sum / new_sample_count

2026-08-25 00:22:32,910:WARNING:/home/ilyandho/micromamba/envs/pycaret/lib/python3.10/site-packages/sklearn/utils/extmath.py:1162: RuntimeWarning: invalid value encountered in divide
  new_unnormalized_variance -= correction**2 / new_sample_count

2026-08-25 00:25:21,562:WARNING:/home/ilyandho/micromamba/envs/pycaret/lib/python3.10/site-packages/sklearn/utils/extmath.py:1137: RuntimeWarning: invalid value encountered in divide
  updated_mean = (last_sum + new_sum) / updated_sample_count

2026-08-25 00:25:21,562:WARNING:/home/ilyandho/micromamba/envs/pycaret/lib/python3.10/site-packages/sklearn/utils/extmath.py:1142: RuntimeWarning: invalid value encountered in divide
  T = new_sum / new_sample_count

2026-08-25 00:25:21,563:WARNING:/home/ilyandho/micromamba/envs/pycaret/lib/python3.10/site-packages/sklearn/utils/extmath.py:1162: RuntimeWarning: invalid value encountered in divide
  new_unnormalized_variance -= correction**2 / new_sample_count

2026-08-25 00:25:22,149:WARNING:/home/ilyandho/micromamba/envs/pycaret/lib/python3.10/site-packages/sklearn/utils/extmath.py:1137: RuntimeWarning: invalid value encountered in divide
  updated_mean = (last_sum + new_sum) / updated_sample_count

2026-08-25 00:25:22,149:WARNING:/home/ilyandho/micromamba/envs/pycaret/lib/python3.10/site-packages/sklearn/utils/extmath.py:1142: RuntimeWarning: invalid value encountered in divide
  T = new_sum / new_sample_count

2026-08-25 00:25:22,150:WARNING:/home/ilyandho/micromamba/envs/pycaret/lib/python3.10/site-packages/sklearn/utils/extmath.py:1162: RuntimeWarning: invalid value encountered in divide
  new_unnormalized_variance -= correction**2 / new_sample_count

2026-08-25 00:25:22,807:WARNING:/home/ilyandho/micromamba/envs/pycaret/lib/python3.10/site-packages/sklearn/utils/extmath.py:1137: RuntimeWarning: invalid value encountered in divide
  updated_mean = (last_sum + new_sum) / updated_sample_count

2026-08-25 00:25:22,807:WARNING:/home/ilyandho/micromamba/envs/pycaret/lib/python3.10/site-packages/sklearn/utils/extmath.py:1142: RuntimeWarning: invalid value encountered in divide
  T = new_sum / new_sample_count

2026-08-25 00:25:22,808:WARNING:/home/ilyandho/micromamba/envs/pycaret/lib/python3.10/site-packages/sklearn/utils/extmath.py:1162: RuntimeWarning: invalid value encountered in divide
  new_unnormalized_variance -= correction**2 / new_sample_count

2026-08-25 00:25:23,494:WARNING:/home/ilyandho/micromamba/envs/pycaret/lib/python3.10/site-packages/sklearn/utils/extmath.py:1137: RuntimeWarning: invalid value encountered in divide
  updated_mean = (last_sum + new_sum) / updated_sample_count

2026-08-25 00:25:23,495:WARNING:/home/ilyandho/micromamba/envs/pycaret/lib/python3.10/site-packages/sklearn/utils/extmath.py:1142: RuntimeWarning: invalid value encountered in divide
  T = new_sum / new_sample_count

2026-08-25 00:25:23,495:WARNING:/home/ilyandho/micromamba/envs/pycaret/lib/python3.10/site-packages/sklearn/utils/extmath.py:1162: RuntimeWarning: invalid value encountered in divide
  new_unnormalized_variance -= correction**2 / new_sample_count

2026-08-25 06:18:39,594:WARNING:/home/ilyandho/micromamba/envs/pycaret/lib/python3.10/site-packages/sklearn/utils/extmath.py:1137: RuntimeWarning: invalid value encountered in divide
  updated_mean = (last_sum + new_sum) / updated_sample_count

2026-08-25 06:18:39,594:WARNING:/home/ilyandho/micromamba/envs/pycaret/lib/python3.10/site-packages/sklearn/utils/extmath.py:1142: RuntimeWarning: invalid value encountered in divide
  T = new_sum / new_sample_count

2026-08-25 06:18:39,594:WARNING:/home/ilyandho/micromamba/envs/pycaret/lib/python3.10/site-packages/sklearn/utils/extmath.py:1162: RuntimeWarning: invalid value encountered in divide
  new_unnormalized_variance -= correction**2 / new_sample_count

2026-08-25 06:18:40,239:WARNING:/home/ilyandho/micromamba/envs/pycaret/lib/python3.10/site-packages/sklearn/utils/extmath.py:1137: RuntimeWarning: invalid value encountered in divide
  updated_mean = (last_sum + new_sum) / updated_sample_count

2026-08-25 06:18:40,240:WARNING:/home/ilyandho/micromamba/envs/pycaret/lib/python3.10/site-packages/sklearn/utils/extmath.py:1142: RuntimeWarning: invalid value encountered in divide
  T = new_sum / new_sample_count

2026-08-25 06:18:40,240:WARNING:/home/ilyandho/micromamba/envs/pycaret/lib/python3.10/site-packages/sklearn/utils/extmath.py:1162: RuntimeWarning: invalid value encountered in divide
  new_unnormalized_variance -= correction**2 / new_sample_count

2026-08-25 06:18:41,079:WARNING:/home/ilyandho/micromamba/envs/pycaret/lib/python3.10/site-packages/sklearn/utils/extmath.py:1137: RuntimeWarning: invalid value encountered in divide
  updated_mean = (last_sum + new_sum) / updated_sample_count

2026-08-25 06:18:41,079:WARNING:/home/ilyandho/micromamba/envs/pycaret/lib/python3.10/site-packages/sklearn/utils/extmath.py:1142: RuntimeWarning: invalid value encountered in divide
  T = new_sum / new_sample_count

2026-08-25 06:18:41,079:WARNING:/home/ilyandho/micromamba/envs/pycaret/lib/python3.10/site-packages/sklearn/utils/extmath.py:1162: RuntimeWarning: invalid value encountered in divide
  new_unnormalized_variance -= correction**2 / new_sample_count

2026-08-25 06:18:41,856:WARNING:/home/ilyandho/micromamba/envs/pycaret/lib/python3.10/site-packages/sklearn/utils/extmath.py:1137: RuntimeWarning: invalid value encountered in divide
  updated_mean = (last_sum + new_sum) / updated_sample_count

2026-08-25 06:18:41,856:WARNING:/home/ilyandho/micromamba/envs/pycaret/lib/python3.10/site-packages/sklearn/utils/extmath.py:1142: RuntimeWarning: invalid value encountered in divide
  T = new_sum / new_sample_count

2026-08-25 06:18:41,856:WARNING:/home/ilyandho/micromamba/envs/pycaret/lib/python3.10/site-packages/sklearn/utils/extmath.py:1162: RuntimeWarning: invalid value encountered in divide
  new_unnormalized_variance -= correction**2 / new_sample_count

2026-08-25 06:21:58,572:WARNING:/home/ilyandho/micromamba/envs/pycaret/lib/python3.10/site-packages/sklearn/utils/extmath.py:1137: RuntimeWarning: invalid value encountered in divide
  updated_mean = (last_sum + new_sum) / updated_sample_count

2026-08-25 06:21:58,572:WARNING:/home/ilyandho/micromamba/envs/pycaret/lib/python3.10/site-packages/sklearn/utils/extmath.py:1142: RuntimeWarning: invalid value encountered in divide
  T = new_sum / new_sample_count

2026-08-25 06:21:58,572:WARNING:/home/ilyandho/micromamba/envs/pycaret/lib/python3.10/site-packages/sklearn/utils/extmath.py:1162: RuntimeWarning: invalid value encountered in divide
  new_unnormalized_variance -= correction**2 / new_sample_count

2026-08-25 06:21:59,267:WARNING:/home/ilyandho/micromamba/envs/pycaret/lib/python3.10/site-packages/sklearn/utils/extmath.py:1137: RuntimeWarning: invalid value encountered in divide
  updated_mean = (last_sum + new_sum) / updated_sample_count

2026-08-25 06:21:59,267:WARNING:/home/ilyandho/micromamba/envs/pycaret/lib/python3.10/site-packages/sklearn/utils/extmath.py:1142: RuntimeWarning: invalid value encountered in divide
  T = new_sum / new_sample_count

2026-08-25 06:21:59,267:WARNING:/home/ilyandho/micromamba/envs/pycaret/lib/python3.10/site-packages/sklearn/utils/extmath.py:1162: RuntimeWarning: invalid value encountered in divide
  new_unnormalized_variance -= correction**2 / new_sample_count

2026-08-25 06:22:00,003:WARNING:/home/ilyandho/micromamba/envs/pycaret/lib/python3.10/site-packages/sklearn/utils/extmath.py:1137: RuntimeWarning: invalid value encountered in divide
  updated_mean = (last_sum + new_sum) / updated_sample_count

2026-08-25 06:22:00,003:WARNING:/home/ilyandho/micromamba/envs/pycaret/lib/python3.10/site-packages/sklearn/utils/extmath.py:1142: RuntimeWarning: invalid value encountered in divide
  T = new_sum / new_sample_count

2026-08-25 06:22:00,003:WARNING:/home/ilyandho/micromamba/envs/pycaret/lib/python3.10/site-packages/sklearn/utils/extmath.py:1162: RuntimeWarning: invalid value encountered in divide
  new_unnormalized_variance -= correction**2 / new_sample_count

2026-08-25 06:22:00,785:WARNING:/home/ilyandho/micromamba/envs/pycaret/lib/python3.10/site-packages/sklearn/utils/extmath.py:1137: RuntimeWarning: invalid value encountered in divide
  updated_mean = (last_sum + new_sum) / updated_sample_count

2026-08-25 06:22:00,785:WARNING:/home/ilyandho/micromamba/envs/pycaret/lib/python3.10/site-packages/sklearn/utils/extmath.py:1142: RuntimeWarning: invalid value encountered in divide
  T = new_sum / new_sample_count

2026-08-25 06:22:00,785:WARNING:/home/ilyandho/micromamba/envs/pycaret/lib/python3.10/site-packages/sklearn/utils/extmath.py:1162: RuntimeWarning: invalid value encountered in divide
  new_unnormalized_variance -= correction**2 / new_sample_count

2026-08-25 06:25:34,029:WARNING:/home/ilyandho/micromamba/envs/pycaret/lib/python3.10/site-packages/sklearn/utils/extmath.py:1137: RuntimeWarning: invalid value encountered in divide
  updated_mean = (last_sum + new_sum) / updated_sample_count

2026-08-25 06:25:34,029:WARNING:/home/ilyandho/micromamba/envs/pycaret/lib/python3.10/site-packages/sklearn/utils/extmath.py:1142: RuntimeWarning: invalid value encountered in divide
  T = new_sum / new_sample_count

2026-08-25 06:25:34,029:WARNING:/home/ilyandho/micromamba/envs/pycaret/lib/python3.10/site-packages/sklearn/utils/extmath.py:1162: RuntimeWarning: invalid value encountered in divide
  new_unnormalized_variance -= correction**2 / new_sample_count

2026-08-25 06:25:34,661:WARNING:/home/ilyandho/micromamba/envs/pycaret/lib/python3.10/site-packages/sklearn/utils/extmath.py:1137: RuntimeWarning: invalid value encountered in divide
  updated_mean = (last_sum + new_sum) / updated_sample_count

2026-08-25 06:25:34,661:WARNING:/home/ilyandho/micromamba/envs/pycaret/lib/python3.10/site-packages/sklearn/utils/extmath.py:1142: RuntimeWarning: invalid value encountered in divide
  T = new_sum / new_sample_count

2026-08-25 06:25:34,661:WARNING:/home/ilyandho/micromamba/envs/pycaret/lib/python3.10/site-packages/sklearn/utils/extmath.py:1162: RuntimeWarning: invalid value encountered in divide
  new_unnormalized_variance -= correction**2 / new_sample_count

2026-08-25 06:25:35,423:WARNING:/home/ilyandho/micromamba/envs/pycaret/lib/python3.10/site-packages/sklearn/utils/extmath.py:1137: RuntimeWarning: invalid value encountered in divide
  updated_mean = (last_sum + new_sum) / updated_sample_count

2026-08-25 06:25:35,423:WARNING:/home/ilyandho/micromamba/envs/pycaret/lib/python3.10/site-packages/sklearn/utils/extmath.py:1142: RuntimeWarning: invalid value encountered in divide
  T = new_sum / new_sample_count

2026-08-25 06:25:35,423:WARNING:/home/ilyandho/micromamba/envs/pycaret/lib/python3.10/site-packages/sklearn/utils/extmath.py:1162: RuntimeWarning: invalid value encountered in divide
  new_unnormalized_variance -= correction**2 / new_sample_count

2026-08-25 06:25:36,232:WARNING:/home/ilyandho/micromamba/envs/pycaret/lib/python3.10/site-packages/sklearn/utils/extmath.py:1137: RuntimeWarning: invalid value encountered in divide
  updated_mean = (last_sum + new_sum) / updated_sample_count

2026-08-25 06:25:36,232:WARNING:/home/ilyandho/micromamba/envs/pycaret/lib/python3.10/site-packages/sklearn/utils/extmath.py:1142: RuntimeWarning: invalid value encountered in divide
  T = new_sum / new_sample_count

2026-08-25 06:25:36,232:WARNING:/home/ilyandho/micromamba/envs/pycaret/lib/python3.10/site-packages/sklearn/utils/extmath.py:1162: RuntimeWarning: invalid value encountered in divide
  new_unnormalized_variance -= correction**2 / new_sample_count

2026-08-25 06:29:25,550:WARNING:/home/ilyandho/micromamba/envs/pycaret/lib/python3.10/site-packages/sklearn/utils/extmath.py:1137: RuntimeWarning: invalid value encountered in divide
  updated_mean = (last_sum + new_sum) / updated_sample_count

2026-08-25 06:29:25,550:WARNING:/home/ilyandho/micromamba/envs/pycaret/lib/python3.10/site-packages/sklearn/utils/extmath.py:1142: RuntimeWarning: invalid value encountered in divide
  T = new_sum / new_sample_count

2026-08-25 06:29:25,550:WARNING:/home/ilyandho/micromamba/envs/pycaret/lib/python3.10/site-packages/sklearn/utils/extmath.py:1162: RuntimeWarning: invalid value encountered in divide
  new_unnormalized_variance -= correction**2 / new_sample_count

2026-08-25 06:29:26,154:WARNING:/home/ilyandho/micromamba/envs/pycaret/lib/python3.10/site-packages/sklearn/utils/extmath.py:1137: RuntimeWarning: invalid value encountered in divide
  updated_mean = (last_sum + new_sum) / updated_sample_count

2026-08-25 06:29:26,154:WARNING:/home/ilyandho/micromamba/envs/pycaret/lib/python3.10/site-packages/sklearn/utils/extmath.py:1142: RuntimeWarning: invalid value encountered in divide
  T = new_sum / new_sample_count

2026-08-25 06:29:26,154:WARNING:/home/ilyandho/micromamba/envs/pycaret/lib/python3.10/site-packages/sklearn/utils/extmath.py:1162: RuntimeWarning: invalid value encountered in divide
  new_unnormalized_variance -= correction**2 / new_sample_count

2026-08-25 06:29:26,909:WARNING:/home/ilyandho/micromamba/envs/pycaret/lib/python3.10/site-packages/sklearn/utils/extmath.py:1137: RuntimeWarning: invalid value encountered in divide
  updated_mean = (last_sum + new_sum) / updated_sample_count

2026-08-25 06:29:26,909:WARNING:/home/ilyandho/micromamba/envs/pycaret/lib/python3.10/site-packages/sklearn/utils/extmath.py:1142: RuntimeWarning: invalid value encountered in divide
  T = new_sum / new_sample_count

2026-08-25 06:29:26,909:WARNING:/home/ilyandho/micromamba/envs/pycaret/lib/python3.10/site-packages/sklearn/utils/extmath.py:1162: RuntimeWarning: invalid value encountered in divide
  new_unnormalized_variance -= correction**2 / new_sample_count

2026-08-25 06:29:27,681:WARNING:/home/ilyandho/micromamba/envs/pycaret/lib/python3.10/site-packages/sklearn/utils/extmath.py:1137: RuntimeWarning: invalid value encountered in divide
  updated_mean = (last_sum + new_sum) / updated_sample_count

2026-08-25 06:29:27,681:WARNING:/home/ilyandho/micromamba/envs/pycaret/lib/python3.10/site-packages/sklearn/utils/extmath.py:1142: RuntimeWarning: invalid value encountered in divide
  T = new_sum / new_sample_count

2026-08-25 06:29:27,682:WARNING:/home/ilyandho/micromamba/envs/pycaret/lib/python3.10/site-packages/sklearn/utils/extmath.py:1162: RuntimeWarning: invalid value encountered in divide
  new_unnormalized_variance -= correction**2 / new_sample_count

2026-08-25 06:33:16,785:WARNING:/home/ilyandho/micromamba/envs/pycaret/lib/python3.10/site-packages/sklearn/utils/extmath.py:1137: RuntimeWarning: invalid value encountered in divide
  updated_mean = (last_sum + new_sum) / updated_sample_count

2026-08-25 06:33:16,786:WARNING:/home/ilyandho/micromamba/envs/pycaret/lib/python3.10/site-packages/sklearn/utils/extmath.py:1142: RuntimeWarning: invalid value encountered in divide
  T = new_sum / new_sample_count

2026-08-25 06:33:16,787:WARNING:/home/ilyandho/micromamba/envs/pycaret/lib/python3.10/site-packages/sklearn/utils/extmath.py:1162: RuntimeWarning: invalid value encountered in divide
  new_unnormalized_variance -= correction**2 / new_sample_count

2026-08-25 06:33:17,446:WARNING:/home/ilyandho/micromamba/envs/pycaret/lib/python3.10/site-packages/sklearn/utils/extmath.py:1137: RuntimeWarning: invalid value encountered in divide
  updated_mean = (last_sum + new_sum) / updated_sample_count

2026-08-25 06:33:17,446:WARNING:/home/ilyandho/micromamba/envs/pycaret/lib/python3.10/site-packages/sklearn/utils/extmath.py:1142: RuntimeWarning: invalid value encountered in divide
  T = new_sum / new_sample_count

2026-08-25 06:33:17,446:WARNING:/home/ilyandho/micromamba/envs/pycaret/lib/python3.10/site-packages/sklearn/utils/extmath.py:1162: RuntimeWarning: invalid value encountered in divide
  new_unnormalized_variance -= correction**2 / new_sample_count

2026-08-25 06:33:18,169:WARNING:/home/ilyandho/micromamba/envs/pycaret/lib/python3.10/site-packages/sklearn/utils/extmath.py:1137: RuntimeWarning: invalid value encountered in divide
  updated_mean = (last_sum + new_sum) / updated_sample_count

2026-08-25 06:33:18,169:WARNING:/home/ilyandho/micromamba/envs/pycaret/lib/python3.10/site-packages/sklearn/utils/extmath.py:1142: RuntimeWarning: invalid value encountered in divide
  T = new_sum / new_sample_count

2026-08-25 06:33:18,170:WARNING:/home/ilyandho/micromamba/envs/pycaret/lib/python3.10/site-packages/sklearn/utils/extmath.py:1162: RuntimeWarning: invalid value encountered in divide
  new_unnormalized_variance -= correction**2 / new_sample_count

2026-08-25 06:33:18,878:WARNING:/home/ilyandho/micromamba/envs/pycaret/lib/python3.10/site-packages/sklearn/utils/extmath.py:1137: RuntimeWarning: invalid value encountered in divide
  updated_mean = (last_sum + new_sum) / updated_sample_count

2026-08-25 06:33:18,878:WARNING:/home/ilyandho/micromamba/envs/pycaret/lib/python3.10/site-packages/sklearn/utils/extmath.py:1142: RuntimeWarning: invalid value encountered in divide
  T = new_sum / new_sample_count

2026-08-25 06:33:18,879:WARNING:/home/ilyandho/micromamba/envs/pycaret/lib/python3.10/site-packages/sklearn/utils/extmath.py:1162: RuntimeWarning: invalid value encountered in divide
  new_unnormalized_variance -= correction**2 / new_sample_count

2026-08-25 06:37:18,233:WARNING:/home/ilyandho/micromamba/envs/pycaret/lib/python3.10/site-packages/sklearn/utils/extmath.py:1137: RuntimeWarning: invalid value encountered in divide
  updated_mean = (last_sum + new_sum) / updated_sample_count

2026-08-25 06:37:18,233:WARNING:/home/ilyandho/micromamba/envs/pycaret/lib/python3.10/site-packages/sklearn/utils/extmath.py:1142: RuntimeWarning: invalid value encountered in divide
  T = new_sum / new_sample_count

2026-08-25 06:37:18,233:WARNING:/home/ilyandho/micromamba/envs/pycaret/lib/python3.10/site-packages/sklearn/utils/extmath.py:1162: RuntimeWarning: invalid value encountered in divide
  new_unnormalized_variance -= correction**2 / new_sample_count

2026-08-25 06:37:18,786:WARNING:/home/ilyandho/micromamba/envs/pycaret/lib/python3.10/site-packages/sklearn/utils/extmath.py:1137: RuntimeWarning: invalid value encountered in divide
  updated_mean = (last_sum + new_sum) / updated_sample_count

2026-08-25 06:37:18,787:WARNING:/home/ilyandho/micromamba/envs/pycaret/lib/python3.10/site-packages/sklearn/utils/extmath.py:1142: RuntimeWarning: invalid value encountered in divide
  T = new_sum / new_sample_count

2026-08-25 06:37:18,787:WARNING:/home/ilyandho/micromamba/envs/pycaret/lib/python3.10/site-packages/sklearn/utils/extmath.py:1162: RuntimeWarning: invalid value encountered in divide
  new_unnormalized_variance -= correction**2 / new_sample_count

2026-08-25 06:37:19,429:WARNING:/home/ilyandho/micromamba/envs/pycaret/lib/python3.10/site-packages/sklearn/utils/extmath.py:1137: RuntimeWarning: invalid value encountered in divide
  updated_mean = (last_sum + new_sum) / updated_sample_count

2026-08-25 06:37:19,429:WARNING:/home/ilyandho/micromamba/envs/pycaret/lib/python3.10/site-packages/sklearn/utils/extmath.py:1142: RuntimeWarning: invalid value encountered in divide
  T = new_sum / new_sample_count

2026-08-25 06:37:19,430:WARNING:/home/ilyandho/micromamba/envs/pycaret/lib/python3.10/site-packages/sklearn/utils/extmath.py:1162: RuntimeWarning: invalid value encountered in divide
  new_unnormalized_variance -= correction**2 / new_sample_count

2026-08-25 06:37:20,127:WARNING:/home/ilyandho/micromamba/envs/pycaret/lib/python3.10/site-packages/sklearn/utils/extmath.py:1137: RuntimeWarning: invalid value encountered in divide
  updated_mean = (last_sum + new_sum) / updated_sample_count

2026-08-25 06:37:20,127:WARNING:/home/ilyandho/micromamba/envs/pycaret/lib/python3.10/site-packages/sklearn/utils/extmath.py:1142: RuntimeWarning: invalid value encountered in divide
  T = new_sum / new_sample_count

2026-08-25 06:37:20,127:WARNING:/home/ilyandho/micromamba/envs/pycaret/lib/python3.10/site-packages/sklearn/utils/extmath.py:1162: RuntimeWarning: invalid value encountered in divide
  new_unnormalized_variance -= correction**2 / new_sample_count

2026-08-25 06:41:41,118:WARNING:/home/ilyandho/micromamba/envs/pycaret/lib/python3.10/site-packages/sklearn/utils/extmath.py:1137: RuntimeWarning: invalid value encountered in divide
  updated_mean = (last_sum + new_sum) / updated_sample_count

2026-08-25 06:41:41,118:WARNING:/home/ilyandho/micromamba/envs/pycaret/lib/python3.10/site-packages/sklearn/utils/extmath.py:1142: RuntimeWarning: invalid value encountered in divide
  T = new_sum / new_sample_count

2026-08-25 06:41:41,118:WARNING:/home/ilyandho/micromamba/envs/pycaret/lib/python3.10/site-packages/sklearn/utils/extmath.py:1162: RuntimeWarning: invalid value encountered in divide
  new_unnormalized_variance -= correction**2 / new_sample_count

2026-08-25 06:41:50,315:WARNING:/home/ilyandho/micromamba/envs/pycaret/lib/python3.10/site-packages/sklearn/utils/extmath.py:1137: RuntimeWarning: invalid value encountered in divide
  updated_mean = (last_sum + new_sum) / updated_sample_count

2026-08-25 06:41:50,315:WARNING:/home/ilyandho/micromamba/envs/pycaret/lib/python3.10/site-packages/sklearn/utils/extmath.py:1142: RuntimeWarning: invalid value encountered in divide
  T = new_sum / new_sample_count

2026-08-25 06:41:50,315:WARNING:/home/ilyandho/micromamba/envs/pycaret/lib/python3.10/site-packages/sklearn/utils/extmath.py:1162: RuntimeWarning: invalid value encountered in divide
  new_unnormalized_variance -= correction**2 / new_sample_count

2026-08-25 06:42:16,900:WARNING:/home/ilyandho/micromamba/envs/pycaret/lib/python3.10/site-packages/sklearn/utils/extmath.py:1137: RuntimeWarning: invalid value encountered in divide
  updated_mean = (last_sum + new_sum) / updated_sample_count

2026-08-25 06:42:16,900:WARNING:/home/ilyandho/micromamba/envs/pycaret/lib/python3.10/site-packages/sklearn/utils/extmath.py:1142: RuntimeWarning: invalid value encountered in divide
  T = new_sum / new_sample_count

2026-08-25 06:42:16,900:WARNING:/home/ilyandho/micromamba/envs/pycaret/lib/python3.10/site-packages/sklearn/utils/extmath.py:1162: RuntimeWarning: invalid value encountered in divide
  new_unnormalized_variance -= correction**2 / new_sample_count

2026-08-25 06:42:18,394:WARNING:/home/ilyandho/micromamba/envs/pycaret/lib/python3.10/site-packages/sklearn/utils/extmath.py:1137: RuntimeWarning: invalid value encountered in divide
  updated_mean = (last_sum + new_sum) / updated_sample_count

2026-08-25 06:42:18,394:WARNING:/home/ilyandho/micromamba/envs/pycaret/lib/python3.10/site-packages/sklearn/utils/extmath.py:1142: RuntimeWarning: invalid value encountered in divide
  T = new_sum / new_sample_count

2026-08-25 06:42:18,394:WARNING:/home/ilyandho/micromamba/envs/pycaret/lib/python3.10/site-packages/sklearn/utils/extmath.py:1162: RuntimeWarning: invalid value encountered in divide
  new_unnormalized_variance -= correction**2 / new_sample_count

2026-08-25 06:47:34,386:WARNING:/home/ilyandho/micromamba/envs/pycaret/lib/python3.10/site-packages/sklearn/utils/extmath.py:1137: RuntimeWarning: invalid value encountered in divide
  updated_mean = (last_sum + new_sum) / updated_sample_count

2026-08-25 06:47:34,386:WARNING:/home/ilyandho/micromamba/envs/pycaret/lib/python3.10/site-packages/sklearn/utils/extmath.py:1142: RuntimeWarning: invalid value encountered in divide
  T = new_sum / new_sample_count

2026-08-25 06:47:34,386:WARNING:/home/ilyandho/micromamba/envs/pycaret/lib/python3.10/site-packages/sklearn/utils/extmath.py:1162: RuntimeWarning: invalid value encountered in divide
  new_unnormalized_variance -= correction**2 / new_sample_count

2026-08-25 06:47:35,030:WARNING:/home/ilyandho/micromamba/envs/pycaret/lib/python3.10/site-packages/sklearn/utils/extmath.py:1137: RuntimeWarning: invalid value encountered in divide
  updated_mean = (last_sum + new_sum) / updated_sample_count

2026-08-25 06:47:35,030:WARNING:/home/ilyandho/micromamba/envs/pycaret/lib/python3.10/site-packages/sklearn/utils/extmath.py:1142: RuntimeWarning: invalid value encountered in divide
  T = new_sum / new_sample_count

2026-08-25 06:47:35,030:WARNING:/home/ilyandho/micromamba/envs/pycaret/lib/python3.10/site-packages/sklearn/utils/extmath.py:1162: RuntimeWarning: invalid value encountered in divide
  new_unnormalized_variance -= correction**2 / new_sample_count

2026-08-25 06:47:35,694:WARNING:/home/ilyandho/micromamba/envs/pycaret/lib/python3.10/site-packages/sklearn/utils/extmath.py:1137: RuntimeWarning: invalid value encountered in divide
  updated_mean = (last_sum + new_sum) / updated_sample_count

2026-08-25 06:47:35,694:WARNING:/home/ilyandho/micromamba/envs/pycaret/lib/python3.10/site-packages/sklearn/utils/extmath.py:1142: RuntimeWarning: invalid value encountered in divide
  T = new_sum / new_sample_count

2026-08-25 06:47:35,694:WARNING:/home/ilyandho/micromamba/envs/pycaret/lib/python3.10/site-packages/sklearn/utils/extmath.py:1162: RuntimeWarning: invalid value encountered in divide
  new_unnormalized_variance -= correction**2 / new_sample_count

2026-08-25 06:47:36,398:WARNING:/home/ilyandho/micromamba/envs/pycaret/lib/python3.10/site-packages/sklearn/utils/extmath.py:1137: RuntimeWarning: invalid value encountered in divide
  updated_mean = (last_sum + new_sum) / updated_sample_count

2026-08-25 06:47:36,399:WARNING:/home/ilyandho/micromamba/envs/pycaret/lib/python3.10/site-packages/sklearn/utils/extmath.py:1142: RuntimeWarning: invalid value encountered in divide
  T = new_sum / new_sample_count

2026-08-25 06:47:36,399:WARNING:/home/ilyandho/micromamba/envs/pycaret/lib/python3.10/site-packages/sklearn/utils/extmath.py:1162: RuntimeWarning: invalid value encountered in divide
  new_unnormalized_variance -= correction**2 / new_sample_count

2026-08-25 06:52:50,016:WARNING:/home/ilyandho/micromamba/envs/pycaret/lib/python3.10/site-packages/sklearn/utils/extmath.py:1137: RuntimeWarning: invalid value encountered in divide
  updated_mean = (last_sum + new_sum) / updated_sample_count

2026-08-25 06:52:50,016:WARNING:/home/ilyandho/micromamba/envs/pycaret/lib/python3.10/site-packages/sklearn/utils/extmath.py:1142: RuntimeWarning: invalid value encountered in divide
  T = new_sum / new_sample_count

2026-08-25 06:52:50,016:WARNING:/home/ilyandho/micromamba/envs/pycaret/lib/python3.10/site-packages/sklearn/utils/extmath.py:1162: RuntimeWarning: invalid value encountered in divide
  new_unnormalized_variance -= correction**2 / new_sample_count

2026-08-25 06:52:50,573:WARNING:/home/ilyandho/micromamba/envs/pycaret/lib/python3.10/site-packages/sklearn/utils/extmath.py:1137: RuntimeWarning: invalid value encountered in divide
  updated_mean = (last_sum + new_sum) / updated_sample_count

2026-08-25 06:52:50,573:WARNING:/home/ilyandho/micromamba/envs/pycaret/lib/python3.10/site-packages/sklearn/utils/extmath.py:1142: RuntimeWarning: invalid value encountered in divide
  T = new_sum / new_sample_count

2026-08-25 06:52:50,573:WARNING:/home/ilyandho/micromamba/envs/pycaret/lib/python3.10/site-packages/sklearn/utils/extmath.py:1162: RuntimeWarning: invalid value encountered in divide
  new_unnormalized_variance -= correction**2 / new_sample_count

2026-08-25 06:52:51,236:WARNING:/home/ilyandho/micromamba/envs/pycaret/lib/python3.10/site-packages/sklearn/utils/extmath.py:1137: RuntimeWarning: invalid value encountered in divide
  updated_mean = (last_sum + new_sum) / updated_sample_count

2026-08-25 06:52:51,237:WARNING:/home/ilyandho/micromamba/envs/pycaret/lib/python3.10/site-packages/sklearn/utils/extmath.py:1142: RuntimeWarning: invalid value encountered in divide
  T = new_sum / new_sample_count

2026-08-25 06:52:51,237:WARNING:/home/ilyandho/micromamba/envs/pycaret/lib/python3.10/site-packages/sklearn/utils/extmath.py:1162: RuntimeWarning: invalid value encountered in divide
  new_unnormalized_variance -= correction**2 / new_sample_count

2026-08-25 06:52:52,021:WARNING:/home/ilyandho/micromamba/envs/pycaret/lib/python3.10/site-packages/sklearn/utils/extmath.py:1137: RuntimeWarning: invalid value encountered in divide
  updated_mean = (last_sum + new_sum) / updated_sample_count

2026-08-25 06:52:52,021:WARNING:/home/ilyandho/micromamba/envs/pycaret/lib/python3.10/site-packages/sklearn/utils/extmath.py:1142: RuntimeWarning: invalid value encountered in divide
  T = new_sum / new_sample_count

2026-08-25 06:52:52,021:WARNING:/home/ilyandho/micromamba/envs/pycaret/lib/python3.10/site-packages/sklearn/utils/extmath.py:1162: RuntimeWarning: invalid value encountered in divide
  new_unnormalized_variance -= correction**2 / new_sample_count

2026-08-25 06:58:23,400:WARNING:/home/ilyandho/micromamba/envs/pycaret/lib/python3.10/site-packages/sklearn/utils/extmath.py:1137: RuntimeWarning: invalid value encountered in divide
  updated_mean = (last_sum + new_sum) / updated_sample_count

2026-08-25 06:58:23,400:WARNING:/home/ilyandho/micromamba/envs/pycaret/lib/python3.10/site-packages/sklearn/utils/extmath.py:1142: RuntimeWarning: invalid value encountered in divide
  T = new_sum / new_sample_count

2026-08-25 06:58:23,400:WARNING:/home/ilyandho/micromamba/envs/pycaret/lib/python3.10/site-packages/sklearn/utils/extmath.py:1162: RuntimeWarning: invalid value encountered in divide
  new_unnormalized_variance -= correction**2 / new_sample_count

2026-08-25 06:58:24,178:WARNING:/home/ilyandho/micromamba/envs/pycaret/lib/python3.10/site-packages/sklearn/utils/extmath.py:1137: RuntimeWarning: invalid value encountered in divide
  updated_mean = (last_sum + new_sum) / updated_sample_count

2026-08-25 06:58:24,179:WARNING:/home/ilyandho/micromamba/envs/pycaret/lib/python3.10/site-packages/sklearn/utils/extmath.py:1142: RuntimeWarning: invalid value encountered in divide
  T = new_sum / new_sample_count

2026-08-25 06:58:24,179:WARNING:/home/ilyandho/micromamba/envs/pycaret/lib/python3.10/site-packages/sklearn/utils/extmath.py:1162: RuntimeWarning: invalid value encountered in divide
  new_unnormalized_variance -= correction**2 / new_sample_count

2026-08-25 06:58:24,976:WARNING:/home/ilyandho/micromamba/envs/pycaret/lib/python3.10/site-packages/sklearn/utils/extmath.py:1137: RuntimeWarning: invalid value encountered in divide
  updated_mean = (last_sum + new_sum) / updated_sample_count

2026-08-25 06:58:24,977:WARNING:/home/ilyandho/micromamba/envs/pycaret/lib/python3.10/site-packages/sklearn/utils/extmath.py:1142: RuntimeWarning: invalid value encountered in divide
  T = new_sum / new_sample_count

2026-08-25 06:58:24,977:WARNING:/home/ilyandho/micromamba/envs/pycaret/lib/python3.10/site-packages/sklearn/utils/extmath.py:1162: RuntimeWarning: invalid value encountered in divide
  new_unnormalized_variance -= correction**2 / new_sample_count

2026-08-25 06:58:26,345:WARNING:/home/ilyandho/micromamba/envs/pycaret/lib/python3.10/site-packages/sklearn/utils/extmath.py:1137: RuntimeWarning: invalid value encountered in divide
  updated_mean = (last_sum + new_sum) / updated_sample_count

2026-08-25 06:58:26,346:WARNING:/home/ilyandho/micromamba/envs/pycaret/lib/python3.10/site-packages/sklearn/utils/extmath.py:1142: RuntimeWarning: invalid value encountered in divide
  T = new_sum / new_sample_count

2026-08-25 06:58:26,346:WARNING:/home/ilyandho/micromamba/envs/pycaret/lib/python3.10/site-packages/sklearn/utils/extmath.py:1162: RuntimeWarning: invalid value encountered in divide
  new_unnormalized_variance -= correction**2 / new_sample_count

2026-08-25 07:04:10,024:WARNING:/home/ilyandho/micromamba/envs/pycaret/lib/python3.10/site-packages/sklearn/utils/extmath.py:1137: RuntimeWarning: invalid value encountered in divide
  updated_mean = (last_sum + new_sum) / updated_sample_count

2026-08-25 07:04:10,025:WARNING:/home/ilyandho/micromamba/envs/pycaret/lib/python3.10/site-packages/sklearn/utils/extmath.py:1142: RuntimeWarning: invalid value encountered in divide
  T = new_sum / new_sample_count

2026-08-25 07:04:10,026:WARNING:/home/ilyandho/micromamba/envs/pycaret/lib/python3.10/site-packages/sklearn/utils/extmath.py:1162: RuntimeWarning: invalid value encountered in divide
  new_unnormalized_variance -= correction**2 / new_sample_count

2026-08-25 07:04:10,662:WARNING:/home/ilyandho/micromamba/envs/pycaret/lib/python3.10/site-packages/sklearn/utils/extmath.py:1137: RuntimeWarning: invalid value encountered in divide
  updated_mean = (last_sum + new_sum) / updated_sample_count

2026-08-25 07:04:10,662:WARNING:/home/ilyandho/micromamba/envs/pycaret/lib/python3.10/site-packages/sklearn/utils/extmath.py:1142: RuntimeWarning: invalid value encountered in divide
  T = new_sum / new_sample_count

2026-08-25 07:04:10,663:WARNING:/home/ilyandho/micromamba/envs/pycaret/lib/python3.10/site-packages/sklearn/utils/extmath.py:1162: RuntimeWarning: invalid value encountered in divide
  new_unnormalized_variance -= correction**2 / new_sample_count

2026-08-25 07:04:11,323:WARNING:/home/ilyandho/micromamba/envs/pycaret/lib/python3.10/site-packages/sklearn/utils/extmath.py:1137: RuntimeWarning: invalid value encountered in divide
  updated_mean = (last_sum + new_sum) / updated_sample_count

2026-08-25 07:04:11,323:WARNING:/home/ilyandho/micromamba/envs/pycaret/lib/python3.10/site-packages/sklearn/utils/extmath.py:1142: RuntimeWarning: invalid value encountered in divide
  T = new_sum / new_sample_count

2026-08-25 07:04:11,323:WARNING:/home/ilyandho/micromamba/envs/pycaret/lib/python3.10/site-packages/sklearn/utils/extmath.py:1162: RuntimeWarning: invalid value encountered in divide
  new_unnormalized_variance -= correction**2 / new_sample_count

2026-08-25 07:04:12,059:WARNING:/home/ilyandho/micromamba/envs/pycaret/lib/python3.10/site-packages/sklearn/utils/extmath.py:1137: RuntimeWarning: invalid value encountered in divide
  updated_mean = (last_sum + new_sum) / updated_sample_count

2026-08-25 07:04:12,059:WARNING:/home/ilyandho/micromamba/envs/pycaret/lib/python3.10/site-packages/sklearn/utils/extmath.py:1142: RuntimeWarning: invalid value encountered in divide
  T = new_sum / new_sample_count

2026-08-25 07:04:12,059:WARNING:/home/ilyandho/micromamba/envs/pycaret/lib/python3.10/site-packages/sklearn/utils/extmath.py:1162: RuntimeWarning: invalid value encountered in divide
  new_unnormalized_variance -= correction**2 / new_sample_count

2026-08-25 07:11:18,937:WARNING:/home/ilyandho/micromamba/envs/pycaret/lib/python3.10/site-packages/sklearn/utils/extmath.py:1137: RuntimeWarning: invalid value encountered in divide
  updated_mean = (last_sum + new_sum) / updated_sample_count

2026-08-25 07:11:18,937:WARNING:/home/ilyandho/micromamba/envs/pycaret/lib/python3.10/site-packages/sklearn/utils/extmath.py:1142: RuntimeWarning: invalid value encountered in divide
  T = new_sum / new_sample_count

2026-08-25 07:11:18,937:WARNING:/home/ilyandho/micromamba/envs/pycaret/lib/python3.10/site-packages/sklearn/utils/extmath.py:1162: RuntimeWarning: invalid value encountered in divide
  new_unnormalized_variance -= correction**2 / new_sample_count

2026-08-25 07:11:19,613:WARNING:/home/ilyandho/micromamba/envs/pycaret/lib/python3.10/site-packages/sklearn/utils/extmath.py:1137: RuntimeWarning: invalid value encountered in divide
  updated_mean = (last_sum + new_sum) / updated_sample_count

2026-08-25 07:11:19,613:WARNING:/home/ilyandho/micromamba/envs/pycaret/lib/python3.10/site-packages/sklearn/utils/extmath.py:1142: RuntimeWarning: invalid value encountered in divide
  T = new_sum / new_sample_count

2026-08-25 07:11:19,614:WARNING:/home/ilyandho/micromamba/envs/pycaret/lib/python3.10/site-packages/sklearn/utils/extmath.py:1162: RuntimeWarning: invalid value encountered in divide
  new_unnormalized_variance -= correction**2 / new_sample_count

2026-08-25 07:11:33,016:WARNING:/home/ilyandho/micromamba/envs/pycaret/lib/python3.10/site-packages/sklearn/utils/extmath.py:1137: RuntimeWarning: invalid value encountered in divide
  updated_mean = (last_sum + new_sum) / updated_sample_count

2026-08-25 07:11:33,016:WARNING:/home/ilyandho/micromamba/envs/pycaret/lib/python3.10/site-packages/sklearn/utils/extmath.py:1142: RuntimeWarning: invalid value encountered in divide
  T = new_sum / new_sample_count

2026-08-25 07:11:33,017:WARNING:/home/ilyandho/micromamba/envs/pycaret/lib/python3.10/site-packages/sklearn/utils/extmath.py:1162: RuntimeWarning: invalid value encountered in divide
  new_unnormalized_variance -= correction**2 / new_sample_count

2026-08-25 07:11:33,920:WARNING:/home/ilyandho/micromamba/envs/pycaret/lib/python3.10/site-packages/sklearn/utils/extmath.py:1137: RuntimeWarning: invalid value encountered in divide
  updated_mean = (last_sum + new_sum) / updated_sample_count

2026-08-25 07:11:33,920:WARNING:/home/ilyandho/micromamba/envs/pycaret/lib/python3.10/site-packages/sklearn/utils/extmath.py:1142: RuntimeWarning: invalid value encountered in divide
  T = new_sum / new_sample_count

2026-08-25 07:11:33,921:WARNING:/home/ilyandho/micromamba/envs/pycaret/lib/python3.10/site-packages/sklearn/utils/extmath.py:1162: RuntimeWarning: invalid value encountered in divide
  new_unnormalized_variance -= correction**2 / new_sample_count

2026-08-25 07:11:34,933:WARNING:/home/ilyandho/micromamba/envs/pycaret/lib/python3.10/site-packages/sklearn/utils/extmath.py:1137: RuntimeWarning: invalid value encountered in divide
  updated_mean = (last_sum + new_sum) / updated_sample_count

2026-08-25 07:11:34,933:WARNING:/home/ilyandho/micromamba/envs/pycaret/lib/python3.10/site-packages/sklearn/utils/extmath.py:1142: RuntimeWarning: invalid value encountered in divide
  T = new_sum / new_sample_count

2026-08-25 07:11:34,933:WARNING:/home/ilyandho/micromamba/envs/pycaret/lib/python3.10/site-packages/sklearn/utils/extmath.py:1162: RuntimeWarning: invalid value encountered in divide
  new_unnormalized_variance -= correction**2 / new_sample_count

2026-08-25 07:11:36,488:WARNING:/home/ilyandho/micromamba/envs/pycaret/lib/python3.10/site-packages/sklearn/utils/extmath.py:1137: RuntimeWarning: invalid value encountered in divide
  updated_mean = (last_sum + new_sum) / updated_sample_count

2026-08-25 07:11:36,489:WARNING:/home/ilyandho/micromamba/envs/pycaret/lib/python3.10/site-packages/sklearn/utils/extmath.py:1142: RuntimeWarning: invalid value encountered in divide
  T = new_sum / new_sample_count

2026-08-25 07:11:36,489:WARNING:/home/ilyandho/micromamba/envs/pycaret/lib/python3.10/site-packages/sklearn/utils/extmath.py:1162: RuntimeWarning: invalid value encountered in divide
  new_unnormalized_variance -= correction**2 / new_sample_count

2026-08-25 07:11:54,940:WARNING:/home/ilyandho/micromamba/envs/pycaret/lib/python3.10/site-packages/sklearn/utils/extmath.py:1137: RuntimeWarning: invalid value encountered in divide
  updated_mean = (last_sum + new_sum) / updated_sample_count

2026-08-25 07:11:54,940:WARNING:/home/ilyandho/micromamba/envs/pycaret/lib/python3.10/site-packages/sklearn/utils/extmath.py:1142: RuntimeWarning: invalid value encountered in divide
  T = new_sum / new_sample_count

2026-08-25 07:11:54,940:WARNING:/home/ilyandho/micromamba/envs/pycaret/lib/python3.10/site-packages/sklearn/utils/extmath.py:1162: RuntimeWarning: invalid value encountered in divide
  new_unnormalized_variance -= correction**2 / new_sample_count

2026-08-25 07:11:55,706:WARNING:/home/ilyandho/micromamba/envs/pycaret/lib/python3.10/site-packages/sklearn/utils/extmath.py:1137: RuntimeWarning: invalid value encountered in divide
  updated_mean = (last_sum + new_sum) / updated_sample_count

2026-08-25 07:11:55,706:WARNING:/home/ilyandho/micromamba/envs/pycaret/lib/python3.10/site-packages/sklearn/utils/extmath.py:1142: RuntimeWarning: invalid value encountered in divide
  T = new_sum / new_sample_count

2026-08-25 07:11:55,707:WARNING:/home/ilyandho/micromamba/envs/pycaret/lib/python3.10/site-packages/sklearn/utils/extmath.py:1162: RuntimeWarning: invalid value encountered in divide
  new_unnormalized_variance -= correction**2 / new_sample_count

2026-08-25 07:11:56,843:WARNING:/home/ilyandho/micromamba/envs/pycaret/lib/python3.10/site-packages/sklearn/utils/extmath.py:1137: RuntimeWarning: invalid value encountered in divide
  updated_mean = (last_sum + new_sum) / updated_sample_count

2026-08-25 07:11:56,843:WARNING:/home/ilyandho/micromamba/envs/pycaret/lib/python3.10/site-packages/sklearn/utils/extmath.py:1142: RuntimeWarning: invalid value encountered in divide
  T = new_sum / new_sample_count

2026-08-25 07:11:56,843:WARNING:/home/ilyandho/micromamba/envs/pycaret/lib/python3.10/site-packages/sklearn/utils/extmath.py:1162: RuntimeWarning: invalid value encountered in divide
  new_unnormalized_variance -= correction**2 / new_sample_count

2026-08-25 07:11:58,073:WARNING:/home/ilyandho/micromamba/envs/pycaret/lib/python3.10/site-packages/sklearn/utils/extmath.py:1137: RuntimeWarning: invalid value encountered in divide
  updated_mean = (last_sum + new_sum) / updated_sample_count

2026-08-25 07:11:58,073:WARNING:/home/ilyandho/micromamba/envs/pycaret/lib/python3.10/site-packages/sklearn/utils/extmath.py:1142: RuntimeWarning: invalid value encountered in divide
  T = new_sum / new_sample_count

2026-08-25 07:11:58,074:WARNING:/home/ilyandho/micromamba/envs/pycaret/lib/python3.10/site-packages/sklearn/utils/extmath.py:1162: RuntimeWarning: invalid value encountered in divide
  new_unnormalized_variance -= correction**2 / new_sample_count

2026-08-25 07:12:24,225:WARNING:/home/ilyandho/micromamba/envs/pycaret/lib/python3.10/site-packages/sklearn/utils/extmath.py:1137: RuntimeWarning: invalid value encountered in divide
  updated_mean = (last_sum + new_sum) / updated_sample_count

2026-08-25 07:12:24,225:WARNING:/home/ilyandho/micromamba/envs/pycaret/lib/python3.10/site-packages/sklearn/utils/extmath.py:1142: RuntimeWarning: invalid value encountered in divide
  T = new_sum / new_sample_count

2026-08-25 07:12:24,225:WARNING:/home/ilyandho/micromamba/envs/pycaret/lib/python3.10/site-packages/sklearn/utils/extmath.py:1162: RuntimeWarning: invalid value encountered in divide
  new_unnormalized_variance -= correction**2 / new_sample_count

2026-08-25 07:12:25,104:WARNING:/home/ilyandho/micromamba/envs/pycaret/lib/python3.10/site-packages/sklearn/utils/extmath.py:1137: RuntimeWarning: invalid value encountered in divide
  updated_mean = (last_sum + new_sum) / updated_sample_count

2026-08-25 07:12:25,104:WARNING:/home/ilyandho/micromamba/envs/pycaret/lib/python3.10/site-packages/sklearn/utils/extmath.py:1142: RuntimeWarning: invalid value encountered in divide
  T = new_sum / new_sample_count

2026-08-25 07:12:25,105:WARNING:/home/ilyandho/micromamba/envs/pycaret/lib/python3.10/site-packages/sklearn/utils/extmath.py:1162: RuntimeWarning: invalid value encountered in divide
  new_unnormalized_variance -= correction**2 / new_sample_count

2026-08-25 07:12:27,495:WARNING:/home/ilyandho/micromamba/envs/pycaret/lib/python3.10/site-packages/sklearn/utils/extmath.py:1137: RuntimeWarning: invalid value encountered in divide
  updated_mean = (last_sum + new_sum) / updated_sample_count

2026-08-25 07:12:27,495:WARNING:/home/ilyandho/micromamba/envs/pycaret/lib/python3.10/site-packages/sklearn/utils/extmath.py:1142: RuntimeWarning: invalid value encountered in divide
  T = new_sum / new_sample_count

2026-08-25 07:12:27,495:WARNING:/home/ilyandho/micromamba/envs/pycaret/lib/python3.10/site-packages/sklearn/utils/extmath.py:1162: RuntimeWarning: invalid value encountered in divide
  new_unnormalized_variance -= correction**2 / new_sample_count

2026-08-25 07:12:28,899:WARNING:/home/ilyandho/micromamba/envs/pycaret/lib/python3.10/site-packages/sklearn/utils/extmath.py:1137: RuntimeWarning: invalid value encountered in divide
  updated_mean = (last_sum + new_sum) / updated_sample_count

2026-08-25 07:12:28,899:WARNING:/home/ilyandho/micromamba/envs/pycaret/lib/python3.10/site-packages/sklearn/utils/extmath.py:1142: RuntimeWarning: invalid value encountered in divide
  T = new_sum / new_sample_count

2026-08-25 07:12:28,899:WARNING:/home/ilyandho/micromamba/envs/pycaret/lib/python3.10/site-packages/sklearn/utils/extmath.py:1162: RuntimeWarning: invalid value encountered in divide
  new_unnormalized_variance -= correction**2 / new_sample_count

2026-08-25 07:13:09,719:WARNING:/home/ilyandho/micromamba/envs/pycaret/lib/python3.10/site-packages/sklearn/utils/extmath.py:1137: RuntimeWarning: invalid value encountered in divide
  updated_mean = (last_sum + new_sum) / updated_sample_count

2026-08-25 07:13:09,719:WARNING:/home/ilyandho/micromamba/envs/pycaret/lib/python3.10/site-packages/sklearn/utils/extmath.py:1142: RuntimeWarning: invalid value encountered in divide
  T = new_sum / new_sample_count

2026-08-25 07:13:09,719:WARNING:/home/ilyandho/micromamba/envs/pycaret/lib/python3.10/site-packages/sklearn/utils/extmath.py:1162: RuntimeWarning: invalid value encountered in divide
  new_unnormalized_variance -= correction**2 / new_sample_count

2026-08-25 07:13:10,543:WARNING:/home/ilyandho/micromamba/envs/pycaret/lib/python3.10/site-packages/sklearn/utils/extmath.py:1137: RuntimeWarning: invalid value encountered in divide
  updated_mean = (last_sum + new_sum) / updated_sample_count

2026-08-25 07:13:10,543:WARNING:/home/ilyandho/micromamba/envs/pycaret/lib/python3.10/site-packages/sklearn/utils/extmath.py:1142: RuntimeWarning: invalid value encountered in divide
  T = new_sum / new_sample_count

2026-08-25 07:13:10,543:WARNING:/home/ilyandho/micromamba/envs/pycaret/lib/python3.10/site-packages/sklearn/utils/extmath.py:1162: RuntimeWarning: invalid value encountered in divide
  new_unnormalized_variance -= correction**2 / new_sample_count

2026-08-25 07:13:11,582:WARNING:/home/ilyandho/micromamba/envs/pycaret/lib/python3.10/site-packages/sklearn/utils/extmath.py:1137: RuntimeWarning: invalid value encountered in divide
  updated_mean = (last_sum + new_sum) / updated_sample_count

2026-08-25 07:13:11,582:WARNING:/home/ilyandho/micromamba/envs/pycaret/lib/python3.10/site-packages/sklearn/utils/extmath.py:1142: RuntimeWarning: invalid value encountered in divide
  T = new_sum / new_sample_count

2026-08-25 07:13:11,582:WARNING:/home/ilyandho/micromamba/envs/pycaret/lib/python3.10/site-packages/sklearn/utils/extmath.py:1162: RuntimeWarning: invalid value encountered in divide
  new_unnormalized_variance -= correction**2 / new_sample_count

2026-08-25 07:13:12,874:WARNING:/home/ilyandho/micromamba/envs/pycaret/lib/python3.10/site-packages/sklearn/utils/extmath.py:1137: RuntimeWarning: invalid value encountered in divide
  updated_mean = (last_sum + new_sum) / updated_sample_count

2026-08-25 07:13:12,874:WARNING:/home/ilyandho/micromamba/envs/pycaret/lib/python3.10/site-packages/sklearn/utils/extmath.py:1142: RuntimeWarning: invalid value encountered in divide
  T = new_sum / new_sample_count

2026-08-25 07:13:12,875:WARNING:/home/ilyandho/micromamba/envs/pycaret/lib/python3.10/site-packages/sklearn/utils/extmath.py:1162: RuntimeWarning: invalid value encountered in divide
  new_unnormalized_variance -= correction**2 / new_sample_count

2026-08-25 07:14:05,625:WARNING:/home/ilyandho/micromamba/envs/pycaret/lib/python3.10/site-packages/sklearn/utils/extmath.py:1137: RuntimeWarning: invalid value encountered in divide
  updated_mean = (last_sum + new_sum) / updated_sample_count

2026-08-25 07:14:05,625:WARNING:/home/ilyandho/micromamba/envs/pycaret/lib/python3.10/site-packages/sklearn/utils/extmath.py:1142: RuntimeWarning: invalid value encountered in divide
  T = new_sum / new_sample_count

2026-08-25 07:14:05,626:WARNING:/home/ilyandho/micromamba/envs/pycaret/lib/python3.10/site-packages/sklearn/utils/extmath.py:1162: RuntimeWarning: invalid value encountered in divide
  new_unnormalized_variance -= correction**2 / new_sample_count

2026-08-25 07:14:06,583:WARNING:/home/ilyandho/micromamba/envs/pycaret/lib/python3.10/site-packages/sklearn/utils/extmath.py:1137: RuntimeWarning: invalid value encountered in divide
  updated_mean = (last_sum + new_sum) / updated_sample_count

2026-08-25 07:14:06,583:WARNING:/home/ilyandho/micromamba/envs/pycaret/lib/python3.10/site-packages/sklearn/utils/extmath.py:1142: RuntimeWarning: invalid value encountered in divide
  T = new_sum / new_sample_count

2026-08-25 07:14:06,583:WARNING:/home/ilyandho/micromamba/envs/pycaret/lib/python3.10/site-packages/sklearn/utils/extmath.py:1162: RuntimeWarning: invalid value encountered in divide
  new_unnormalized_variance -= correction**2 / new_sample_count

2026-08-25 07:14:08,575:WARNING:/home/ilyandho/micromamba/envs/pycaret/lib/python3.10/site-packages/sklearn/utils/extmath.py:1137: RuntimeWarning: invalid value encountered in divide
  updated_mean = (last_sum + new_sum) / updated_sample_count

2026-08-25 07:14:08,575:WARNING:/home/ilyandho/micromamba/envs/pycaret/lib/python3.10/site-packages/sklearn/utils/extmath.py:1142: RuntimeWarning: invalid value encountered in divide
  T = new_sum / new_sample_count

2026-08-25 07:14:08,576:WARNING:/home/ilyandho/micromamba/envs/pycaret/lib/python3.10/site-packages/sklearn/utils/extmath.py:1162: RuntimeWarning: invalid value encountered in divide
  new_unnormalized_variance -= correction**2 / new_sample_count

2026-08-25 07:14:10,127:WARNING:/home/ilyandho/micromamba/envs/pycaret/lib/python3.10/site-packages/sklearn/utils/extmath.py:1137: RuntimeWarning: invalid value encountered in divide
  updated_mean = (last_sum + new_sum) / updated_sample_count

2026-08-25 07:14:10,127:WARNING:/home/ilyandho/micromamba/envs/pycaret/lib/python3.10/site-packages/sklearn/utils/extmath.py:1142: RuntimeWarning: invalid value encountered in divide
  T = new_sum / new_sample_count

2026-08-25 07:14:10,128:WARNING:/home/ilyandho/micromamba/envs/pycaret/lib/python3.10/site-packages/sklearn/utils/extmath.py:1162: RuntimeWarning: invalid value encountered in divide
  new_unnormalized_variance -= correction**2 / new_sample_count

2026-08-25 07:15:13,939:WARNING:/home/ilyandho/micromamba/envs/pycaret/lib/python3.10/site-packages/sklearn/utils/extmath.py:1137: RuntimeWarning: invalid value encountered in divide
  updated_mean = (last_sum + new_sum) / updated_sample_count

2026-08-25 07:15:13,940:WARNING:/home/ilyandho/micromamba/envs/pycaret/lib/python3.10/site-packages/sklearn/utils/extmath.py:1142: RuntimeWarning: invalid value encountered in divide
  T = new_sum / new_sample_count

2026-08-25 07:15:13,940:WARNING:/home/ilyandho/micromamba/envs/pycaret/lib/python3.10/site-packages/sklearn/utils/extmath.py:1162: RuntimeWarning: invalid value encountered in divide
  new_unnormalized_variance -= correction**2 / new_sample_count

2026-08-25 07:15:14,823:WARNING:/home/ilyandho/micromamba/envs/pycaret/lib/python3.10/site-packages/sklearn/utils/extmath.py:1137: RuntimeWarning: invalid value encountered in divide
  updated_mean = (last_sum + new_sum) / updated_sample_count

2026-08-25 07:15:14,823:WARNING:/home/ilyandho/micromamba/envs/pycaret/lib/python3.10/site-packages/sklearn/utils/extmath.py:1142: RuntimeWarning: invalid value encountered in divide
  T = new_sum / new_sample_count

2026-08-25 07:15:14,823:WARNING:/home/ilyandho/micromamba/envs/pycaret/lib/python3.10/site-packages/sklearn/utils/extmath.py:1162: RuntimeWarning: invalid value encountered in divide
  new_unnormalized_variance -= correction**2 / new_sample_count

2026-08-25 07:15:16,150:WARNING:/home/ilyandho/micromamba/envs/pycaret/lib/python3.10/site-packages/sklearn/utils/extmath.py:1137: RuntimeWarning: invalid value encountered in divide
  updated_mean = (last_sum + new_sum) / updated_sample_count

2026-08-25 07:15:16,150:WARNING:/home/ilyandho/micromamba/envs/pycaret/lib/python3.10/site-packages/sklearn/utils/extmath.py:1142: RuntimeWarning: invalid value encountered in divide
  T = new_sum / new_sample_count

2026-08-25 07:15:16,150:WARNING:/home/ilyandho/micromamba/envs/pycaret/lib/python3.10/site-packages/sklearn/utils/extmath.py:1162: RuntimeWarning: invalid value encountered in divide
  new_unnormalized_variance -= correction**2 / new_sample_count

2026-08-25 07:15:17,587:WARNING:/home/ilyandho/micromamba/envs/pycaret/lib/python3.10/site-packages/sklearn/utils/extmath.py:1137: RuntimeWarning: invalid value encountered in divide
  updated_mean = (last_sum + new_sum) / updated_sample_count

2026-08-25 07:15:17,587:WARNING:/home/ilyandho/micromamba/envs/pycaret/lib/python3.10/site-packages/sklearn/utils/extmath.py:1142: RuntimeWarning: invalid value encountered in divide
  T = new_sum / new_sample_count

2026-08-25 07:15:17,588:WARNING:/home/ilyandho/micromamba/envs/pycaret/lib/python3.10/site-packages/sklearn/utils/extmath.py:1162: RuntimeWarning: invalid value encountered in divide
  new_unnormalized_variance -= correction**2 / new_sample_count

2026-08-25 07:16:38,820:WARNING:/home/ilyandho/micromamba/envs/pycaret/lib/python3.10/site-packages/sklearn/utils/extmath.py:1137: RuntimeWarning: invalid value encountered in divide
  updated_mean = (last_sum + new_sum) / updated_sample_count

2026-08-25 07:16:38,821:WARNING:/home/ilyandho/micromamba/envs/pycaret/lib/python3.10/site-packages/sklearn/utils/extmath.py:1142: RuntimeWarning: invalid value encountered in divide
  T = new_sum / new_sample_count

2026-08-25 07:16:38,821:WARNING:/home/ilyandho/micromamba/envs/pycaret/lib/python3.10/site-packages/sklearn/utils/extmath.py:1162: RuntimeWarning: invalid value encountered in divide
  new_unnormalized_variance -= correction**2 / new_sample_count

2026-08-25 07:16:40,518:WARNING:/home/ilyandho/micromamba/envs/pycaret/lib/python3.10/site-packages/sklearn/utils/extmath.py:1137: RuntimeWarning: invalid value encountered in divide
  updated_mean = (last_sum + new_sum) / updated_sample_count

2026-08-25 07:16:40,518:WARNING:/home/ilyandho/micromamba/envs/pycaret/lib/python3.10/site-packages/sklearn/utils/extmath.py:1142: RuntimeWarning: invalid value encountered in divide
  T = new_sum / new_sample_count

2026-08-25 07:16:40,518:WARNING:/home/ilyandho/micromamba/envs/pycaret/lib/python3.10/site-packages/sklearn/utils/extmath.py:1162: RuntimeWarning: invalid value encountered in divide
  new_unnormalized_variance -= correction**2 / new_sample_count

2026-08-25 07:16:41,733:WARNING:/home/ilyandho/micromamba/envs/pycaret/lib/python3.10/site-packages/sklearn/utils/extmath.py:1137: RuntimeWarning: invalid value encountered in divide
  updated_mean = (last_sum + new_sum) / updated_sample_count

2026-08-25 07:16:41,733:WARNING:/home/ilyandho/micromamba/envs/pycaret/lib/python3.10/site-packages/sklearn/utils/extmath.py:1142: RuntimeWarning: invalid value encountered in divide
  T = new_sum / new_sample_count

2026-08-25 07:16:41,734:WARNING:/home/ilyandho/micromamba/envs/pycaret/lib/python3.10/site-packages/sklearn/utils/extmath.py:1162: RuntimeWarning: invalid value encountered in divide
  new_unnormalized_variance -= correction**2 / new_sample_count

2026-08-25 07:16:43,216:WARNING:/home/ilyandho/micromamba/envs/pycaret/lib/python3.10/site-packages/sklearn/utils/extmath.py:1137: RuntimeWarning: invalid value encountered in divide
  updated_mean = (last_sum + new_sum) / updated_sample_count

2026-08-25 07:16:43,216:WARNING:/home/ilyandho/micromamba/envs/pycaret/lib/python3.10/site-packages/sklearn/utils/extmath.py:1142: RuntimeWarning: invalid value encountered in divide
  T = new_sum / new_sample_count

2026-08-25 07:16:43,216:WARNING:/home/ilyandho/micromamba/envs/pycaret/lib/python3.10/site-packages/sklearn/utils/extmath.py:1162: RuntimeWarning: invalid value encountered in divide
  new_unnormalized_variance -= correction**2 / new_sample_count

2026-08-25 07:18:26,326:WARNING:/home/ilyandho/micromamba/envs/pycaret/lib/python3.10/site-packages/sklearn/utils/extmath.py:1137: RuntimeWarning: invalid value encountered in divide
  updated_mean = (last_sum + new_sum) / updated_sample_count

2026-08-25 07:18:26,326:WARNING:/home/ilyandho/micromamba/envs/pycaret/lib/python3.10/site-packages/sklearn/utils/extmath.py:1142: RuntimeWarning: invalid value encountered in divide
  T = new_sum / new_sample_count

2026-08-25 07:18:26,327:WARNING:/home/ilyandho/micromamba/envs/pycaret/lib/python3.10/site-packages/sklearn/utils/extmath.py:1162: RuntimeWarning: invalid value encountered in divide
  new_unnormalized_variance -= correction**2 / new_sample_count

2026-08-25 07:18:27,282:WARNING:/home/ilyandho/micromamba/envs/pycaret/lib/python3.10/site-packages/sklearn/utils/extmath.py:1137: RuntimeWarning: invalid value encountered in divide
  updated_mean = (last_sum + new_sum) / updated_sample_count

2026-08-25 07:18:27,283:WARNING:/home/ilyandho/micromamba/envs/pycaret/lib/python3.10/site-packages/sklearn/utils/extmath.py:1142: RuntimeWarning: invalid value encountered in divide
  T = new_sum / new_sample_count

2026-08-25 07:18:27,283:WARNING:/home/ilyandho/micromamba/envs/pycaret/lib/python3.10/site-packages/sklearn/utils/extmath.py:1162: RuntimeWarning: invalid value encountered in divide
  new_unnormalized_variance -= correction**2 / new_sample_count

2026-08-25 07:18:29,314:WARNING:/home/ilyandho/micromamba/envs/pycaret/lib/python3.10/site-packages/sklearn/utils/extmath.py:1137: RuntimeWarning: invalid value encountered in divide
  updated_mean = (last_sum + new_sum) / updated_sample_count

2026-08-25 07:18:29,314:WARNING:/home/ilyandho/micromamba/envs/pycaret/lib/python3.10/site-packages/sklearn/utils/extmath.py:1142: RuntimeWarning: invalid value encountered in divide
  T = new_sum / new_sample_count

2026-08-25 07:18:29,315:WARNING:/home/ilyandho/micromamba/envs/pycaret/lib/python3.10/site-packages/sklearn/utils/extmath.py:1162: RuntimeWarning: invalid value encountered in divide
  new_unnormalized_variance -= correction**2 / new_sample_count

2026-08-25 07:18:30,706:WARNING:/home/ilyandho/micromamba/envs/pycaret/lib/python3.10/site-packages/sklearn/utils/extmath.py:1137: RuntimeWarning: invalid value encountered in divide
  updated_mean = (last_sum + new_sum) / updated_sample_count

2026-08-25 07:18:30,706:WARNING:/home/ilyandho/micromamba/envs/pycaret/lib/python3.10/site-packages/sklearn/utils/extmath.py:1142: RuntimeWarning: invalid value encountered in divide
  T = new_sum / new_sample_count

2026-08-25 07:18:30,707:WARNING:/home/ilyandho/micromamba/envs/pycaret/lib/python3.10/site-packages/sklearn/utils/extmath.py:1162: RuntimeWarning: invalid value encountered in divide
  new_unnormalized_variance -= correction**2 / new_sample_count

2026-08-25 07:20:31,889:WARNING:/home/ilyandho/micromamba/envs/pycaret/lib/python3.10/site-packages/sklearn/utils/extmath.py:1137: RuntimeWarning: invalid value encountered in divide
  updated_mean = (last_sum + new_sum) / updated_sample_count

2026-08-25 07:20:31,889:WARNING:/home/ilyandho/micromamba/envs/pycaret/lib/python3.10/site-packages/sklearn/utils/extmath.py:1142: RuntimeWarning: invalid value encountered in divide
  T = new_sum / new_sample_count

2026-08-25 07:20:31,890:WARNING:/home/ilyandho/micromamba/envs/pycaret/lib/python3.10/site-packages/sklearn/utils/extmath.py:1162: RuntimeWarning: invalid value encountered in divide
  new_unnormalized_variance -= correction**2 / new_sample_count

2026-08-25 07:20:33,543:WARNING:/home/ilyandho/micromamba/envs/pycaret/lib/python3.10/site-packages/sklearn/utils/extmath.py:1137: RuntimeWarning: invalid value encountered in divide
  updated_mean = (last_sum + new_sum) / updated_sample_count

2026-08-25 07:20:33,543:WARNING:/home/ilyandho/micromamba/envs/pycaret/lib/python3.10/site-packages/sklearn/utils/extmath.py:1142: RuntimeWarning: invalid value encountered in divide
  T = new_sum / new_sample_count

2026-08-25 07:20:33,543:WARNING:/home/ilyandho/micromamba/envs/pycaret/lib/python3.10/site-packages/sklearn/utils/extmath.py:1162: RuntimeWarning: invalid value encountered in divide
  new_unnormalized_variance -= correction**2 / new_sample_count

2026-08-25 07:20:35,354:WARNING:/home/ilyandho/micromamba/envs/pycaret/lib/python3.10/site-packages/sklearn/utils/extmath.py:1137: RuntimeWarning: invalid value encountered in divide
  updated_mean = (last_sum + new_sum) / updated_sample_count

2026-08-25 07:20:35,354:WARNING:/home/ilyandho/micromamba/envs/pycaret/lib/python3.10/site-packages/sklearn/utils/extmath.py:1142: RuntimeWarning: invalid value encountered in divide
  T = new_sum / new_sample_count

2026-08-25 07:20:35,355:WARNING:/home/ilyandho/micromamba/envs/pycaret/lib/python3.10/site-packages/sklearn/utils/extmath.py:1162: RuntimeWarning: invalid value encountered in divide
  new_unnormalized_variance -= correction**2 / new_sample_count

2026-08-25 07:20:37,402:WARNING:/home/ilyandho/micromamba/envs/pycaret/lib/python3.10/site-packages/sklearn/utils/extmath.py:1137: RuntimeWarning: invalid value encountered in divide
  updated_mean = (last_sum + new_sum) / updated_sample_count

2026-08-25 07:20:37,402:WARNING:/home/ilyandho/micromamba/envs/pycaret/lib/python3.10/site-packages/sklearn/utils/extmath.py:1142: RuntimeWarning: invalid value encountered in divide
  T = new_sum / new_sample_count

2026-08-25 07:20:37,403:WARNING:/home/ilyandho/micromamba/envs/pycaret/lib/python3.10/site-packages/sklearn/utils/extmath.py:1162: RuntimeWarning: invalid value encountered in divide
  new_unnormalized_variance -= correction**2 / new_sample_count

2026-08-25 07:23:12,361:WARNING:/home/ilyandho/micromamba/envs/pycaret/lib/python3.10/site-packages/sklearn/utils/extmath.py:1137: RuntimeWarning: invalid value encountered in divide
  updated_mean = (last_sum + new_sum) / updated_sample_count

2026-08-25 07:23:12,362:WARNING:/home/ilyandho/micromamba/envs/pycaret/lib/python3.10/site-packages/sklearn/utils/extmath.py:1142: RuntimeWarning: invalid value encountered in divide
  T = new_sum / new_sample_count

2026-08-25 07:23:12,362:WARNING:/home/ilyandho/micromamba/envs/pycaret/lib/python3.10/site-packages/sklearn/utils/extmath.py:1162: RuntimeWarning: invalid value encountered in divide
  new_unnormalized_variance -= correction**2 / new_sample_count

2026-08-25 07:23:24,175:WARNING:/home/ilyandho/micromamba/envs/pycaret/lib/python3.10/site-packages/sklearn/utils/extmath.py:1137: RuntimeWarning: invalid value encountered in divide
  updated_mean = (last_sum + new_sum) / updated_sample_count

2026-08-25 07:23:24,175:WARNING:/home/ilyandho/micromamba/envs/pycaret/lib/python3.10/site-packages/sklearn/utils/extmath.py:1142: RuntimeWarning: invalid value encountered in divide
  T = new_sum / new_sample_count

2026-08-25 07:23:24,175:WARNING:/home/ilyandho/micromamba/envs/pycaret/lib/python3.10/site-packages/sklearn/utils/extmath.py:1162: RuntimeWarning: invalid value encountered in divide
  new_unnormalized_variance -= correction**2 / new_sample_count

2026-08-25 07:23:26,034:WARNING:/home/ilyandho/micromamba/envs/pycaret/lib/python3.10/site-packages/sklearn/utils/extmath.py:1137: RuntimeWarning: invalid value encountered in divide
  updated_mean = (last_sum + new_sum) / updated_sample_count

2026-08-25 07:23:26,035:WARNING:/home/ilyandho/micromamba/envs/pycaret/lib/python3.10/site-packages/sklearn/utils/extmath.py:1142: RuntimeWarning: invalid value encountered in divide
  T = new_sum / new_sample_count

2026-08-25 07:23:26,035:WARNING:/home/ilyandho/micromamba/envs/pycaret/lib/python3.10/site-packages/sklearn/utils/extmath.py:1162: RuntimeWarning: invalid value encountered in divide
  new_unnormalized_variance -= correction**2 / new_sample_count

2026-08-25 07:23:28,435:WARNING:/home/ilyandho/micromamba/envs/pycaret/lib/python3.10/site-packages/sklearn/utils/extmath.py:1137: RuntimeWarning: invalid value encountered in divide
  updated_mean = (last_sum + new_sum) / updated_sample_count

2026-08-25 07:23:28,435:WARNING:/home/ilyandho/micromamba/envs/pycaret/lib/python3.10/site-packages/sklearn/utils/extmath.py:1142: RuntimeWarning: invalid value encountered in divide
  T = new_sum / new_sample_count

2026-08-25 07:23:28,435:WARNING:/home/ilyandho/micromamba/envs/pycaret/lib/python3.10/site-packages/sklearn/utils/extmath.py:1162: RuntimeWarning: invalid value encountered in divide
  new_unnormalized_variance -= correction**2 / new_sample_count

2026-08-25 07:26:19,762:WARNING:/home/ilyandho/micromamba/envs/pycaret/lib/python3.10/site-packages/sklearn/utils/extmath.py:1137: RuntimeWarning: invalid value encountered in divide
  updated_mean = (last_sum + new_sum) / updated_sample_count

2026-08-25 07:26:19,762:WARNING:/home/ilyandho/micromamba/envs/pycaret/lib/python3.10/site-packages/sklearn/utils/extmath.py:1142: RuntimeWarning: invalid value encountered in divide
  T = new_sum / new_sample_count

2026-08-25 07:26:19,762:WARNING:/home/ilyandho/micromamba/envs/pycaret/lib/python3.10/site-packages/sklearn/utils/extmath.py:1162: RuntimeWarning: invalid value encountered in divide
  new_unnormalized_variance -= correction**2 / new_sample_count

2026-08-25 07:26:20,789:WARNING:/home/ilyandho/micromamba/envs/pycaret/lib/python3.10/site-packages/sklearn/utils/extmath.py:1137: RuntimeWarning: invalid value encountered in divide
  updated_mean = (last_sum + new_sum) / updated_sample_count

2026-08-25 07:26:20,789:WARNING:/home/ilyandho/micromamba/envs/pycaret/lib/python3.10/site-packages/sklearn/utils/extmath.py:1142: RuntimeWarning: invalid value encountered in divide
  T = new_sum / new_sample_count

2026-08-25 07:26:20,789:WARNING:/home/ilyandho/micromamba/envs/pycaret/lib/python3.10/site-packages/sklearn/utils/extmath.py:1162: RuntimeWarning: invalid value encountered in divide
  new_unnormalized_variance -= correction**2 / new_sample_count

2026-08-25 07:26:22,408:WARNING:/home/ilyandho/micromamba/envs/pycaret/lib/python3.10/site-packages/sklearn/utils/extmath.py:1137: RuntimeWarning: invalid value encountered in divide
  updated_mean = (last_sum + new_sum) / updated_sample_count

2026-08-25 07:26:22,408:WARNING:/home/ilyandho/micromamba/envs/pycaret/lib/python3.10/site-packages/sklearn/utils/extmath.py:1142: RuntimeWarning: invalid value encountered in divide
  T = new_sum / new_sample_count

2026-08-25 07:26:22,409:WARNING:/home/ilyandho/micromamba/envs/pycaret/lib/python3.10/site-packages/sklearn/utils/extmath.py:1162: RuntimeWarning: invalid value encountered in divide
  new_unnormalized_variance -= correction**2 / new_sample_count

2026-08-25 07:26:24,224:WARNING:/home/ilyandho/micromamba/envs/pycaret/lib/python3.10/site-packages/sklearn/utils/extmath.py:1137: RuntimeWarning: invalid value encountered in divide
  updated_mean = (last_sum + new_sum) / updated_sample_count

2026-08-25 07:26:24,224:WARNING:/home/ilyandho/micromamba/envs/pycaret/lib/python3.10/site-packages/sklearn/utils/extmath.py:1142: RuntimeWarning: invalid value encountered in divide
  T = new_sum / new_sample_count

2026-08-25 07:26:24,225:WARNING:/home/ilyandho/micromamba/envs/pycaret/lib/python3.10/site-packages/sklearn/utils/extmath.py:1162: RuntimeWarning: invalid value encountered in divide
  new_unnormalized_variance -= correction**2 / new_sample_count

2026-08-25 07:29:26,557:WARNING:/home/ilyandho/micromamba/envs/pycaret/lib/python3.10/site-packages/sklearn/utils/extmath.py:1137: RuntimeWarning: invalid value encountered in divide
  updated_mean = (last_sum + new_sum) / updated_sample_count

2026-08-25 07:29:26,557:WARNING:/home/ilyandho/micromamba/envs/pycaret/lib/python3.10/site-packages/sklearn/utils/extmath.py:1142: RuntimeWarning: invalid value encountered in divide
  T = new_sum / new_sample_count

2026-08-25 07:29:26,557:WARNING:/home/ilyandho/micromamba/envs/pycaret/lib/python3.10/site-packages/sklearn/utils/extmath.py:1162: RuntimeWarning: invalid value encountered in divide
  new_unnormalized_variance -= correction**2 / new_sample_count

2026-08-25 07:29:27,518:WARNING:/home/ilyandho/micromamba/envs/pycaret/lib/python3.10/site-packages/sklearn/utils/extmath.py:1137: RuntimeWarning: invalid value encountered in divide
  updated_mean = (last_sum + new_sum) / updated_sample_count

2026-08-25 07:29:27,518:WARNING:/home/ilyandho/micromamba/envs/pycaret/lib/python3.10/site-packages/sklearn/utils/extmath.py:1142: RuntimeWarning: invalid value encountered in divide
  T = new_sum / new_sample_count

2026-08-25 07:29:27,518:WARNING:/home/ilyandho/micromamba/envs/pycaret/lib/python3.10/site-packages/sklearn/utils/extmath.py:1162: RuntimeWarning: invalid value encountered in divide
  new_unnormalized_variance -= correction**2 / new_sample_count

2026-08-25 07:29:29,127:WARNING:/home/ilyandho/micromamba/envs/pycaret/lib/python3.10/site-packages/sklearn/utils/extmath.py:1137: RuntimeWarning: invalid value encountered in divide
  updated_mean = (last_sum + new_sum) / updated_sample_count

2026-08-25 07:29:29,127:WARNING:/home/ilyandho/micromamba/envs/pycaret/lib/python3.10/site-packages/sklearn/utils/extmath.py:1142: RuntimeWarning: invalid value encountered in divide
  T = new_sum / new_sample_count

2026-08-25 07:29:29,127:WARNING:/home/ilyandho/micromamba/envs/pycaret/lib/python3.10/site-packages/sklearn/utils/extmath.py:1162: RuntimeWarning: invalid value encountered in divide
  new_unnormalized_variance -= correction**2 / new_sample_count

2026-08-25 07:29:30,498:WARNING:/home/ilyandho/micromamba/envs/pycaret/lib/python3.10/site-packages/sklearn/utils/extmath.py:1137: RuntimeWarning: invalid value encountered in divide
  updated_mean = (last_sum + new_sum) / updated_sample_count

2026-08-25 07:29:30,498:WARNING:/home/ilyandho/micromamba/envs/pycaret/lib/python3.10/site-packages/sklearn/utils/extmath.py:1142: RuntimeWarning: invalid value encountered in divide
  T = new_sum / new_sample_count

2026-08-25 07:29:30,499:WARNING:/home/ilyandho/micromamba/envs/pycaret/lib/python3.10/site-packages/sklearn/utils/extmath.py:1162: RuntimeWarning: invalid value encountered in divide
  new_unnormalized_variance -= correction**2 / new_sample_count

2026-08-25 07:32:59,178:WARNING:/home/ilyandho/micromamba/envs/pycaret/lib/python3.10/site-packages/sklearn/utils/extmath.py:1137: RuntimeWarning: invalid value encountered in divide
  updated_mean = (last_sum + new_sum) / updated_sample_count

2026-08-25 07:32:59,178:WARNING:/home/ilyandho/micromamba/envs/pycaret/lib/python3.10/site-packages/sklearn/utils/extmath.py:1142: RuntimeWarning: invalid value encountered in divide
  T = new_sum / new_sample_count

2026-08-25 07:32:59,178:WARNING:/home/ilyandho/micromamba/envs/pycaret/lib/python3.10/site-packages/sklearn/utils/extmath.py:1162: RuntimeWarning: invalid value encountered in divide
  new_unnormalized_variance -= correction**2 / new_sample_count

2026-08-25 07:32:59,981:WARNING:/home/ilyandho/micromamba/envs/pycaret/lib/python3.10/site-packages/sklearn/utils/extmath.py:1137: RuntimeWarning: invalid value encountered in divide
  updated_mean = (last_sum + new_sum) / updated_sample_count

2026-08-25 07:32:59,981:WARNING:/home/ilyandho/micromamba/envs/pycaret/lib/python3.10/site-packages/sklearn/utils/extmath.py:1142: RuntimeWarning: invalid value encountered in divide
  T = new_sum / new_sample_count

2026-08-25 07:32:59,981:WARNING:/home/ilyandho/micromamba/envs/pycaret/lib/python3.10/site-packages/sklearn/utils/extmath.py:1162: RuntimeWarning: invalid value encountered in divide
  new_unnormalized_variance -= correction**2 / new_sample_count

2026-08-25 07:33:01,022:WARNING:/home/ilyandho/micromamba/envs/pycaret/lib/python3.10/site-packages/sklearn/utils/extmath.py:1137: RuntimeWarning: invalid value encountered in divide
  updated_mean = (last_sum + new_sum) / updated_sample_count

2026-08-25 07:33:01,022:WARNING:/home/ilyandho/micromamba/envs/pycaret/lib/python3.10/site-packages/sklearn/utils/extmath.py:1142: RuntimeWarning: invalid value encountered in divide
  T = new_sum / new_sample_count

2026-08-25 07:33:01,022:WARNING:/home/ilyandho/micromamba/envs/pycaret/lib/python3.10/site-packages/sklearn/utils/extmath.py:1162: RuntimeWarning: invalid value encountered in divide
  new_unnormalized_variance -= correction**2 / new_sample_count

2026-08-25 07:33:02,368:WARNING:/home/ilyandho/micromamba/envs/pycaret/lib/python3.10/site-packages/sklearn/utils/extmath.py:1137: RuntimeWarning: invalid value encountered in divide
  updated_mean = (last_sum + new_sum) / updated_sample_count

2026-08-25 07:33:02,368:WARNING:/home/ilyandho/micromamba/envs/pycaret/lib/python3.10/site-packages/sklearn/utils/extmath.py:1142: RuntimeWarning: invalid value encountered in divide
  T = new_sum / new_sample_count

2026-08-25 07:33:02,369:WARNING:/home/ilyandho/micromamba/envs/pycaret/lib/python3.10/site-packages/sklearn/utils/extmath.py:1162: RuntimeWarning: invalid value encountered in divide
  new_unnormalized_variance -= correction**2 / new_sample_count

2026-08-25 07:36:34,393:WARNING:/home/ilyandho/micromamba/envs/pycaret/lib/python3.10/site-packages/sklearn/utils/extmath.py:1137: RuntimeWarning: invalid value encountered in divide
  updated_mean = (last_sum + new_sum) / updated_sample_count

2026-08-25 07:36:34,393:WARNING:/home/ilyandho/micromamba/envs/pycaret/lib/python3.10/site-packages/sklearn/utils/extmath.py:1142: RuntimeWarning: invalid value encountered in divide
  T = new_sum / new_sample_count

2026-08-25 07:36:34,393:WARNING:/home/ilyandho/micromamba/envs/pycaret/lib/python3.10/site-packages/sklearn/utils/extmath.py:1162: RuntimeWarning: invalid value encountered in divide
  new_unnormalized_variance -= correction**2 / new_sample_count

2026-08-25 07:36:35,169:WARNING:/home/ilyandho/micromamba/envs/pycaret/lib/python3.10/site-packages/sklearn/utils/extmath.py:1137: RuntimeWarning: invalid value encountered in divide
  updated_mean = (last_sum + new_sum) / updated_sample_count

2026-08-25 07:36:35,169:WARNING:/home/ilyandho/micromamba/envs/pycaret/lib/python3.10/site-packages/sklearn/utils/extmath.py:1142: RuntimeWarning: invalid value encountered in divide
  T = new_sum / new_sample_count

2026-08-25 07:36:35,170:WARNING:/home/ilyandho/micromamba/envs/pycaret/lib/python3.10/site-packages/sklearn/utils/extmath.py:1162: RuntimeWarning: invalid value encountered in divide
  new_unnormalized_variance -= correction**2 / new_sample_count

2026-08-25 07:36:36,251:WARNING:/home/ilyandho/micromamba/envs/pycaret/lib/python3.10/site-packages/sklearn/utils/extmath.py:1137: RuntimeWarning: invalid value encountered in divide
  updated_mean = (last_sum + new_sum) / updated_sample_count

2026-08-25 07:36:36,251:WARNING:/home/ilyandho/micromamba/envs/pycaret/lib/python3.10/site-packages/sklearn/utils/extmath.py:1142: RuntimeWarning: invalid value encountered in divide
  T = new_sum / new_sample_count

2026-08-25 07:36:36,252:WARNING:/home/ilyandho/micromamba/envs/pycaret/lib/python3.10/site-packages/sklearn/utils/extmath.py:1162: RuntimeWarning: invalid value encountered in divide
  new_unnormalized_variance -= correction**2 / new_sample_count

2026-08-25 07:36:37,556:WARNING:/home/ilyandho/micromamba/envs/pycaret/lib/python3.10/site-packages/sklearn/utils/extmath.py:1137: RuntimeWarning: invalid value encountered in divide
  updated_mean = (last_sum + new_sum) / updated_sample_count

2026-08-25 07:36:37,556:WARNING:/home/ilyandho/micromamba/envs/pycaret/lib/python3.10/site-packages/sklearn/utils/extmath.py:1142: RuntimeWarning: invalid value encountered in divide
  T = new_sum / new_sample_count

2026-08-25 07:36:37,556:WARNING:/home/ilyandho/micromamba/envs/pycaret/lib/python3.10/site-packages/sklearn/utils/extmath.py:1162: RuntimeWarning: invalid value encountered in divide
  new_unnormalized_variance -= correction**2 / new_sample_count

2026-08-25 07:40:44,727:WARNING:/home/ilyandho/micromamba/envs/pycaret/lib/python3.10/site-packages/sklearn/utils/extmath.py:1137: RuntimeWarning: invalid value encountered in divide
  updated_mean = (last_sum + new_sum) / updated_sample_count

2026-08-25 07:40:44,727:WARNING:/home/ilyandho/micromamba/envs/pycaret/lib/python3.10/site-packages/sklearn/utils/extmath.py:1142: RuntimeWarning: invalid value encountered in divide
  T = new_sum / new_sample_count

2026-08-25 07:40:44,728:WARNING:/home/ilyandho/micromamba/envs/pycaret/lib/python3.10/site-packages/sklearn/utils/extmath.py:1162: RuntimeWarning: invalid value encountered in divide
  new_unnormalized_variance -= correction**2 / new_sample_count

2026-08-25 07:40:45,432:WARNING:/home/ilyandho/micromamba/envs/pycaret/lib/python3.10/site-packages/sklearn/utils/extmath.py:1137: RuntimeWarning: invalid value encountered in divide
  updated_mean = (last_sum + new_sum) / updated_sample_count

2026-08-25 07:40:45,432:WARNING:/home/ilyandho/micromamba/envs/pycaret/lib/python3.10/site-packages/sklearn/utils/extmath.py:1142: RuntimeWarning: invalid value encountered in divide
  T = new_sum / new_sample_count

2026-08-25 07:40:45,432:WARNING:/home/ilyandho/micromamba/envs/pycaret/lib/python3.10/site-packages/sklearn/utils/extmath.py:1162: RuntimeWarning: invalid value encountered in divide
  new_unnormalized_variance -= correction**2 / new_sample_count

2026-08-25 07:40:46,418:WARNING:/home/ilyandho/micromamba/envs/pycaret/lib/python3.10/site-packages/sklearn/utils/extmath.py:1137: RuntimeWarning: invalid value encountered in divide
  updated_mean = (last_sum + new_sum) / updated_sample_count

2026-08-25 07:40:46,418:WARNING:/home/ilyandho/micromamba/envs/pycaret/lib/python3.10/site-packages/sklearn/utils/extmath.py:1142: RuntimeWarning: invalid value encountered in divide
  T = new_sum / new_sample_count

2026-08-25 07:40:46,418:WARNING:/home/ilyandho/micromamba/envs/pycaret/lib/python3.10/site-packages/sklearn/utils/extmath.py:1162: RuntimeWarning: invalid value encountered in divide
  new_unnormalized_variance -= correction**2 / new_sample_count

2026-08-25 07:40:47,594:WARNING:/home/ilyandho/micromamba/envs/pycaret/lib/python3.10/site-packages/sklearn/utils/extmath.py:1137: RuntimeWarning: invalid value encountered in divide
  updated_mean = (last_sum + new_sum) / updated_sample_count

2026-08-25 07:40:47,594:WARNING:/home/ilyandho/micromamba/envs/pycaret/lib/python3.10/site-packages/sklearn/utils/extmath.py:1142: RuntimeWarning: invalid value encountered in divide
  T = new_sum / new_sample_count

2026-08-25 07:40:47,594:WARNING:/home/ilyandho/micromamba/envs/pycaret/lib/python3.10/site-packages/sklearn/utils/extmath.py:1162: RuntimeWarning: invalid value encountered in divide
  new_unnormalized_variance -= correction**2 / new_sample_count

2026-08-25 07:45:23,781:WARNING:/home/ilyandho/micromamba/envs/pycaret/lib/python3.10/site-packages/sklearn/utils/extmath.py:1137: RuntimeWarning: invalid value encountered in divide
  updated_mean = (last_sum + new_sum) / updated_sample_count

2026-08-25 07:45:23,781:WARNING:/home/ilyandho/micromamba/envs/pycaret/lib/python3.10/site-packages/sklearn/utils/extmath.py:1142: RuntimeWarning: invalid value encountered in divide
  T = new_sum / new_sample_count

2026-08-25 07:45:23,781:WARNING:/home/ilyandho/micromamba/envs/pycaret/lib/python3.10/site-packages/sklearn/utils/extmath.py:1162: RuntimeWarning: invalid value encountered in divide
  new_unnormalized_variance -= correction**2 / new_sample_count

2026-08-25 07:45:24,760:WARNING:/home/ilyandho/micromamba/envs/pycaret/lib/python3.10/site-packages/sklearn/utils/extmath.py:1137: RuntimeWarning: invalid value encountered in divide
  updated_mean = (last_sum + new_sum) / updated_sample_count

2026-08-25 07:45:24,760:WARNING:/home/ilyandho/micromamba/envs/pycaret/lib/python3.10/site-packages/sklearn/utils/extmath.py:1142: RuntimeWarning: invalid value encountered in divide
  T = new_sum / new_sample_count

2026-08-25 07:45:24,760:WARNING:/home/ilyandho/micromamba/envs/pycaret/lib/python3.10/site-packages/sklearn/utils/extmath.py:1162: RuntimeWarning: invalid value encountered in divide
  new_unnormalized_variance -= correction**2 / new_sample_count

2026-08-25 07:45:26,315:WARNING:/home/ilyandho/micromamba/envs/pycaret/lib/python3.10/site-packages/sklearn/utils/extmath.py:1137: RuntimeWarning: invalid value encountered in divide
  updated_mean = (last_sum + new_sum) / updated_sample_count

2026-08-25 07:45:26,315:WARNING:/home/ilyandho/micromamba/envs/pycaret/lib/python3.10/site-packages/sklearn/utils/extmath.py:1142: RuntimeWarning: invalid value encountered in divide
  T = new_sum / new_sample_count

2026-08-25 07:45:26,315:WARNING:/home/ilyandho/micromamba/envs/pycaret/lib/python3.10/site-packages/sklearn/utils/extmath.py:1162: RuntimeWarning: invalid value encountered in divide
  new_unnormalized_variance -= correction**2 / new_sample_count

2026-08-25 07:45:27,710:WARNING:/home/ilyandho/micromamba/envs/pycaret/lib/python3.10/site-packages/sklearn/utils/extmath.py:1137: RuntimeWarning: invalid value encountered in divide
  updated_mean = (last_sum + new_sum) / updated_sample_count

2026-08-25 07:45:27,710:WARNING:/home/ilyandho/micromamba/envs/pycaret/lib/python3.10/site-packages/sklearn/utils/extmath.py:1142: RuntimeWarning: invalid value encountered in divide
  T = new_sum / new_sample_count

2026-08-25 07:45:27,710:WARNING:/home/ilyandho/micromamba/envs/pycaret/lib/python3.10/site-packages/sklearn/utils/extmath.py:1162: RuntimeWarning: invalid value encountered in divide
  new_unnormalized_variance -= correction**2 / new_sample_count

2026-08-25 07:50:54,128:WARNING:/home/ilyandho/micromamba/envs/pycaret/lib/python3.10/site-packages/sklearn/utils/extmath.py:1137: RuntimeWarning: invalid value encountered in divide
  updated_mean = (last_sum + new_sum) / updated_sample_count

2026-08-25 07:50:54,128:WARNING:/home/ilyandho/micromamba/envs/pycaret/lib/python3.10/site-packages/sklearn/utils/extmath.py:1142: RuntimeWarning: invalid value encountered in divide
  T = new_sum / new_sample_count

2026-08-25 07:50:54,128:WARNING:/home/ilyandho/micromamba/envs/pycaret/lib/python3.10/site-packages/sklearn/utils/extmath.py:1162: RuntimeWarning: invalid value encountered in divide
  new_unnormalized_variance -= correction**2 / new_sample_count

2026-08-25 07:50:55,023:WARNING:/home/ilyandho/micromamba/envs/pycaret/lib/python3.10/site-packages/sklearn/utils/extmath.py:1137: RuntimeWarning: invalid value encountered in divide
  updated_mean = (last_sum + new_sum) / updated_sample_count

2026-08-25 07:50:55,023:WARNING:/home/ilyandho/micromamba/envs/pycaret/lib/python3.10/site-packages/sklearn/utils/extmath.py:1142: RuntimeWarning: invalid value encountered in divide
  T = new_sum / new_sample_count

2026-08-25 07:50:55,024:WARNING:/home/ilyandho/micromamba/envs/pycaret/lib/python3.10/site-packages/sklearn/utils/extmath.py:1162: RuntimeWarning: invalid value encountered in divide
  new_unnormalized_variance -= correction**2 / new_sample_count

2026-08-25 07:50:56,663:WARNING:/home/ilyandho/micromamba/envs/pycaret/lib/python3.10/site-packages/sklearn/utils/extmath.py:1137: RuntimeWarning: invalid value encountered in divide
  updated_mean = (last_sum + new_sum) / updated_sample_count

2026-08-25 07:50:56,664:WARNING:/home/ilyandho/micromamba/envs/pycaret/lib/python3.10/site-packages/sklearn/utils/extmath.py:1142: RuntimeWarning: invalid value encountered in divide
  T = new_sum / new_sample_count

2026-08-25 07:50:56,664:WARNING:/home/ilyandho/micromamba/envs/pycaret/lib/python3.10/site-packages/sklearn/utils/extmath.py:1162: RuntimeWarning: invalid value encountered in divide
  new_unnormalized_variance -= correction**2 / new_sample_count

2026-08-25 07:50:58,116:WARNING:/home/ilyandho/micromamba/envs/pycaret/lib/python3.10/site-packages/sklearn/utils/extmath.py:1137: RuntimeWarning: invalid value encountered in divide
  updated_mean = (last_sum + new_sum) / updated_sample_count

2026-08-25 07:50:58,116:WARNING:/home/ilyandho/micromamba/envs/pycaret/lib/python3.10/site-packages/sklearn/utils/extmath.py:1142: RuntimeWarning: invalid value encountered in divide
  T = new_sum / new_sample_count

2026-08-25 07:50:58,116:WARNING:/home/ilyandho/micromamba/envs/pycaret/lib/python3.10/site-packages/sklearn/utils/extmath.py:1162: RuntimeWarning: invalid value encountered in divide
  new_unnormalized_variance -= correction**2 / new_sample_count

2026-08-25 07:57:47,638:WARNING:/home/ilyandho/micromamba/envs/pycaret/lib/python3.10/site-packages/sklearn/utils/extmath.py:1137: RuntimeWarning: invalid value encountered in divide
  updated_mean = (last_sum + new_sum) / updated_sample_count

2026-08-25 07:57:47,638:WARNING:/home/ilyandho/micromamba/envs/pycaret/lib/python3.10/site-packages/sklearn/utils/extmath.py:1142: RuntimeWarning: invalid value encountered in divide
  T = new_sum / new_sample_count

2026-08-25 07:57:47,638:WARNING:/home/ilyandho/micromamba/envs/pycaret/lib/python3.10/site-packages/sklearn/utils/extmath.py:1162: RuntimeWarning: invalid value encountered in divide
  new_unnormalized_variance -= correction**2 / new_sample_count

2026-08-25 07:57:48,653:WARNING:/home/ilyandho/micromamba/envs/pycaret/lib/python3.10/site-packages/sklearn/utils/extmath.py:1137: RuntimeWarning: invalid value encountered in divide
  updated_mean = (last_sum + new_sum) / updated_sample_count

2026-08-25 07:57:48,653:WARNING:/home/ilyandho/micromamba/envs/pycaret/lib/python3.10/site-packages/sklearn/utils/extmath.py:1142: RuntimeWarning: invalid value encountered in divide
  T = new_sum / new_sample_count

2026-08-25 07:57:48,654:WARNING:/home/ilyandho/micromamba/envs/pycaret/lib/python3.10/site-packages/sklearn/utils/extmath.py:1162: RuntimeWarning: invalid value encountered in divide
  new_unnormalized_variance -= correction**2 / new_sample_count

2026-08-25 07:57:50,206:WARNING:/home/ilyandho/micromamba/envs/pycaret/lib/python3.10/site-packages/sklearn/utils/extmath.py:1137: RuntimeWarning: invalid value encountered in divide
  updated_mean = (last_sum + new_sum) / updated_sample_count

2026-08-25 07:57:50,206:WARNING:/home/ilyandho/micromamba/envs/pycaret/lib/python3.10/site-packages/sklearn/utils/extmath.py:1142: RuntimeWarning: invalid value encountered in divide
  T = new_sum / new_sample_count

2026-08-25 07:57:50,207:WARNING:/home/ilyandho/micromamba/envs/pycaret/lib/python3.10/site-packages/sklearn/utils/extmath.py:1162: RuntimeWarning: invalid value encountered in divide
  new_unnormalized_variance -= correction**2 / new_sample_count

2026-08-25 07:57:51,832:WARNING:/home/ilyandho/micromamba/envs/pycaret/lib/python3.10/site-packages/sklearn/utils/extmath.py:1137: RuntimeWarning: invalid value encountered in divide
  updated_mean = (last_sum + new_sum) / updated_sample_count

2026-08-25 07:57:51,832:WARNING:/home/ilyandho/micromamba/envs/pycaret/lib/python3.10/site-packages/sklearn/utils/extmath.py:1142: RuntimeWarning: invalid value encountered in divide
  T = new_sum / new_sample_count

2026-08-25 07:57:51,832:WARNING:/home/ilyandho/micromamba/envs/pycaret/lib/python3.10/site-packages/sklearn/utils/extmath.py:1162: RuntimeWarning: invalid value encountered in divide
  new_unnormalized_variance -= correction**2 / new_sample_count

2026-08-25 08:04:43,107:WARNING:/home/ilyandho/micromamba/envs/pycaret/lib/python3.10/site-packages/sklearn/utils/extmath.py:1137: RuntimeWarning: invalid value encountered in divide
  updated_mean = (last_sum + new_sum) / updated_sample_count

2026-08-25 08:04:43,107:WARNING:/home/ilyandho/micromamba/envs/pycaret/lib/python3.10/site-packages/sklearn/utils/extmath.py:1142: RuntimeWarning: invalid value encountered in divide
  T = new_sum / new_sample_count

2026-08-25 08:04:43,107:WARNING:/home/ilyandho/micromamba/envs/pycaret/lib/python3.10/site-packages/sklearn/utils/extmath.py:1162: RuntimeWarning: invalid value encountered in divide
  new_unnormalized_variance -= correction**2 / new_sample_count

2026-08-25 08:04:44,211:WARNING:/home/ilyandho/micromamba/envs/pycaret/lib/python3.10/site-packages/sklearn/utils/extmath.py:1137: RuntimeWarning: invalid value encountered in divide
  updated_mean = (last_sum + new_sum) / updated_sample_count

2026-08-25 08:04:44,211:WARNING:/home/ilyandho/micromamba/envs/pycaret/lib/python3.10/site-packages/sklearn/utils/extmath.py:1142: RuntimeWarning: invalid value encountered in divide
  T = new_sum / new_sample_count

2026-08-25 08:04:44,211:WARNING:/home/ilyandho/micromamba/envs/pycaret/lib/python3.10/site-packages/sklearn/utils/extmath.py:1162: RuntimeWarning: invalid value encountered in divide
  new_unnormalized_variance -= correction**2 / new_sample_count

2026-08-25 08:04:45,575:WARNING:/home/ilyandho/micromamba/envs/pycaret/lib/python3.10/site-packages/sklearn/utils/extmath.py:1137: RuntimeWarning: invalid value encountered in divide
  updated_mean = (last_sum + new_sum) / updated_sample_count

2026-08-25 08:04:45,576:WARNING:/home/ilyandho/micromamba/envs/pycaret/lib/python3.10/site-packages/sklearn/utils/extmath.py:1142: RuntimeWarning: invalid value encountered in divide
  T = new_sum / new_sample_count

2026-08-25 08:04:45,576:WARNING:/home/ilyandho/micromamba/envs/pycaret/lib/python3.10/site-packages/sklearn/utils/extmath.py:1162: RuntimeWarning: invalid value encountered in divide
  new_unnormalized_variance -= correction**2 / new_sample_count

2026-08-25 08:04:47,030:WARNING:/home/ilyandho/micromamba/envs/pycaret/lib/python3.10/site-packages/sklearn/utils/extmath.py:1137: RuntimeWarning: invalid value encountered in divide
  updated_mean = (last_sum + new_sum) / updated_sample_count

2026-08-25 08:04:47,030:WARNING:/home/ilyandho/micromamba/envs/pycaret/lib/python3.10/site-packages/sklearn/utils/extmath.py:1142: RuntimeWarning: invalid value encountered in divide
  T = new_sum / new_sample_count

2026-08-25 08:04:47,030:WARNING:/home/ilyandho/micromamba/envs/pycaret/lib/python3.10/site-packages/sklearn/utils/extmath.py:1162: RuntimeWarning: invalid value encountered in divide
  new_unnormalized_variance -= correction**2 / new_sample_count

2026-08-25 08:12:04,179:WARNING:/home/ilyandho/micromamba/envs/pycaret/lib/python3.10/site-packages/sklearn/utils/extmath.py:1137: RuntimeWarning: invalid value encountered in divide
  updated_mean = (last_sum + new_sum) / updated_sample_count

2026-08-25 08:12:04,180:WARNING:/home/ilyandho/micromamba/envs/pycaret/lib/python3.10/site-packages/sklearn/utils/extmath.py:1142: RuntimeWarning: invalid value encountered in divide
  T = new_sum / new_sample_count

2026-08-25 08:12:04,180:WARNING:/home/ilyandho/micromamba/envs/pycaret/lib/python3.10/site-packages/sklearn/utils/extmath.py:1162: RuntimeWarning: invalid value encountered in divide
  new_unnormalized_variance -= correction**2 / new_sample_count

2026-08-25 08:12:05,076:WARNING:/home/ilyandho/micromamba/envs/pycaret/lib/python3.10/site-packages/sklearn/utils/extmath.py:1137: RuntimeWarning: invalid value encountered in divide
  updated_mean = (last_sum + new_sum) / updated_sample_count

2026-08-25 08:12:05,076:WARNING:/home/ilyandho/micromamba/envs/pycaret/lib/python3.10/site-packages/sklearn/utils/extmath.py:1142: RuntimeWarning: invalid value encountered in divide
  T = new_sum / new_sample_count

2026-08-25 08:12:05,076:WARNING:/home/ilyandho/micromamba/envs/pycaret/lib/python3.10/site-packages/sklearn/utils/extmath.py:1162: RuntimeWarning: invalid value encountered in divide
  new_unnormalized_variance -= correction**2 / new_sample_count

2026-08-25 08:12:06,689:WARNING:/home/ilyandho/micromamba/envs/pycaret/lib/python3.10/site-packages/sklearn/utils/extmath.py:1137: RuntimeWarning: invalid value encountered in divide
  updated_mean = (last_sum + new_sum) / updated_sample_count

2026-08-25 08:12:06,690:WARNING:/home/ilyandho/micromamba/envs/pycaret/lib/python3.10/site-packages/sklearn/utils/extmath.py:1142: RuntimeWarning: invalid value encountered in divide
  T = new_sum / new_sample_count

2026-08-25 08:12:06,690:WARNING:/home/ilyandho/micromamba/envs/pycaret/lib/python3.10/site-packages/sklearn/utils/extmath.py:1162: RuntimeWarning: invalid value encountered in divide
  new_unnormalized_variance -= correction**2 / new_sample_count

2026-08-25 08:12:08,152:WARNING:/home/ilyandho/micromamba/envs/pycaret/lib/python3.10/site-packages/sklearn/utils/extmath.py:1137: RuntimeWarning: invalid value encountered in divide
  updated_mean = (last_sum + new_sum) / updated_sample_count

2026-08-25 08:12:08,152:WARNING:/home/ilyandho/micromamba/envs/pycaret/lib/python3.10/site-packages/sklearn/utils/extmath.py:1142: RuntimeWarning: invalid value encountered in divide
  T = new_sum / new_sample_count

2026-08-25 08:12:08,152:WARNING:/home/ilyandho/micromamba/envs/pycaret/lib/python3.10/site-packages/sklearn/utils/extmath.py:1162: RuntimeWarning: invalid value encountered in divide
  new_unnormalized_variance -= correction**2 / new_sample_count

2026-08-25 08:19:59,757:WARNING:/home/ilyandho/micromamba/envs/pycaret/lib/python3.10/site-packages/sklearn/utils/extmath.py:1137: RuntimeWarning: invalid value encountered in divide
  updated_mean = (last_sum + new_sum) / updated_sample_count

2026-08-25 08:19:59,757:WARNING:/home/ilyandho/micromamba/envs/pycaret/lib/python3.10/site-packages/sklearn/utils/extmath.py:1142: RuntimeWarning: invalid value encountered in divide
  T = new_sum / new_sample_count

2026-08-25 08:19:59,757:WARNING:/home/ilyandho/micromamba/envs/pycaret/lib/python3.10/site-packages/sklearn/utils/extmath.py:1162: RuntimeWarning: invalid value encountered in divide
  new_unnormalized_variance -= correction**2 / new_sample_count

2026-08-25 08:20:00,686:WARNING:/home/ilyandho/micromamba/envs/pycaret/lib/python3.10/site-packages/sklearn/utils/extmath.py:1137: RuntimeWarning: invalid value encountered in divide
  updated_mean = (last_sum + new_sum) / updated_sample_count

2026-08-25 08:20:00,686:WARNING:/home/ilyandho/micromamba/envs/pycaret/lib/python3.10/site-packages/sklearn/utils/extmath.py:1142: RuntimeWarning: invalid value encountered in divide
  T = new_sum / new_sample_count

2026-08-25 08:20:00,687:WARNING:/home/ilyandho/micromamba/envs/pycaret/lib/python3.10/site-packages/sklearn/utils/extmath.py:1162: RuntimeWarning: invalid value encountered in divide
  new_unnormalized_variance -= correction**2 / new_sample_count

2026-08-25 08:20:02,312:WARNING:/home/ilyandho/micromamba/envs/pycaret/lib/python3.10/site-packages/sklearn/utils/extmath.py:1137: RuntimeWarning: invalid value encountered in divide
  updated_mean = (last_sum + new_sum) / updated_sample_count

2026-08-25 08:20:02,312:WARNING:/home/ilyandho/micromamba/envs/pycaret/lib/python3.10/site-packages/sklearn/utils/extmath.py:1142: RuntimeWarning: invalid value encountered in divide
  T = new_sum / new_sample_count

2026-08-25 08:20:02,312:WARNING:/home/ilyandho/micromamba/envs/pycaret/lib/python3.10/site-packages/sklearn/utils/extmath.py:1162: RuntimeWarning: invalid value encountered in divide
  new_unnormalized_variance -= correction**2 / new_sample_count

2026-08-25 08:20:03,760:WARNING:/home/ilyandho/micromamba/envs/pycaret/lib/python3.10/site-packages/sklearn/utils/extmath.py:1137: RuntimeWarning: invalid value encountered in divide
  updated_mean = (last_sum + new_sum) / updated_sample_count

2026-08-25 08:20:03,760:WARNING:/home/ilyandho/micromamba/envs/pycaret/lib/python3.10/site-packages/sklearn/utils/extmath.py:1142: RuntimeWarning: invalid value encountered in divide
  T = new_sum / new_sample_count

2026-08-25 08:20:03,761:WARNING:/home/ilyandho/micromamba/envs/pycaret/lib/python3.10/site-packages/sklearn/utils/extmath.py:1162: RuntimeWarning: invalid value encountered in divide
  new_unnormalized_variance -= correction**2 / new_sample_count

2026-08-25 08:24:18,933:WARNING:/home/ilyandho/micromamba/envs/pycaret/lib/python3.10/site-packages/sklearn/utils/extmath.py:1137: RuntimeWarning: invalid value encountered in divide
  updated_mean = (last_sum + new_sum) / updated_sample_count

2026-08-25 08:24:18,933:WARNING:/home/ilyandho/micromamba/envs/pycaret/lib/python3.10/site-packages/sklearn/utils/extmath.py:1142: RuntimeWarning: invalid value encountered in divide
  T = new_sum / new_sample_count

2026-08-25 08:24:18,933:WARNING:/home/ilyandho/micromamba/envs/pycaret/lib/python3.10/site-packages/sklearn/utils/extmath.py:1162: RuntimeWarning: invalid value encountered in divide
  new_unnormalized_variance -= correction**2 / new_sample_count

2026-08-25 08:24:19,685:WARNING:/home/ilyandho/micromamba/envs/pycaret/lib/python3.10/site-packages/sklearn/utils/extmath.py:1137: RuntimeWarning: invalid value encountered in divide
  updated_mean = (last_sum + new_sum) / updated_sample_count

2026-08-25 08:24:19,685:WARNING:/home/ilyandho/micromamba/envs/pycaret/lib/python3.10/site-packages/sklearn/utils/extmath.py:1142: RuntimeWarning: invalid value encountered in divide
  T = new_sum / new_sample_count

2026-08-25 08:24:19,685:WARNING:/home/ilyandho/micromamba/envs/pycaret/lib/python3.10/site-packages/sklearn/utils/extmath.py:1162: RuntimeWarning: invalid value encountered in divide
  new_unnormalized_variance -= correction**2 / new_sample_count

2026-08-25 08:24:20,744:WARNING:/home/ilyandho/micromamba/envs/pycaret/lib/python3.10/site-packages/sklearn/utils/extmath.py:1137: RuntimeWarning: invalid value encountered in divide
  updated_mean = (last_sum + new_sum) / updated_sample_count

2026-08-25 08:24:20,744:WARNING:/home/ilyandho/micromamba/envs/pycaret/lib/python3.10/site-packages/sklearn/utils/extmath.py:1142: RuntimeWarning: invalid value encountered in divide
  T = new_sum / new_sample_count

2026-08-25 08:24:20,744:WARNING:/home/ilyandho/micromamba/envs/pycaret/lib/python3.10/site-packages/sklearn/utils/extmath.py:1162: RuntimeWarning: invalid value encountered in divide
  new_unnormalized_variance -= correction**2 / new_sample_count

2026-08-25 08:24:21,948:WARNING:/home/ilyandho/micromamba/envs/pycaret/lib/python3.10/site-packages/sklearn/utils/extmath.py:1137: RuntimeWarning: invalid value encountered in divide
  updated_mean = (last_sum + new_sum) / updated_sample_count

2026-08-25 08:24:21,948:WARNING:/home/ilyandho/micromamba/envs/pycaret/lib/python3.10/site-packages/sklearn/utils/extmath.py:1142: RuntimeWarning: invalid value encountered in divide
  T = new_sum / new_sample_count

2026-08-25 08:24:21,949:WARNING:/home/ilyandho/micromamba/envs/pycaret/lib/python3.10/site-packages/sklearn/utils/extmath.py:1162: RuntimeWarning: invalid value encountered in divide
  new_unnormalized_variance -= correction**2 / new_sample_count

2026-08-25 08:33:08,731:WARNING:/home/ilyandho/micromamba/envs/pycaret/lib/python3.10/site-packages/sklearn/utils/extmath.py:1137: RuntimeWarning: invalid value encountered in divide
  updated_mean = (last_sum + new_sum) / updated_sample_count

2026-08-25 08:33:08,731:WARNING:/home/ilyandho/micromamba/envs/pycaret/lib/python3.10/site-packages/sklearn/utils/extmath.py:1142: RuntimeWarning: invalid value encountered in divide
  T = new_sum / new_sample_count

2026-08-25 08:33:08,731:WARNING:/home/ilyandho/micromamba/envs/pycaret/lib/python3.10/site-packages/sklearn/utils/extmath.py:1162: RuntimeWarning: invalid value encountered in divide
  new_unnormalized_variance -= correction**2 / new_sample_count

2026-08-25 08:33:09,441:WARNING:/home/ilyandho/micromamba/envs/pycaret/lib/python3.10/site-packages/sklearn/utils/extmath.py:1137: RuntimeWarning: invalid value encountered in divide
  updated_mean = (last_sum + new_sum) / updated_sample_count

2026-08-25 08:33:09,441:WARNING:/home/ilyandho/micromamba/envs/pycaret/lib/python3.10/site-packages/sklearn/utils/extmath.py:1142: RuntimeWarning: invalid value encountered in divide
  T = new_sum / new_sample_count

2026-08-25 08:33:09,441:WARNING:/home/ilyandho/micromamba/envs/pycaret/lib/python3.10/site-packages/sklearn/utils/extmath.py:1162: RuntimeWarning: invalid value encountered in divide
  new_unnormalized_variance -= correction**2 / new_sample_count

2026-08-25 08:33:10,397:WARNING:/home/ilyandho/micromamba/envs/pycaret/lib/python3.10/site-packages/sklearn/utils/extmath.py:1137: RuntimeWarning: invalid value encountered in divide
  updated_mean = (last_sum + new_sum) / updated_sample_count

2026-08-25 08:33:10,397:WARNING:/home/ilyandho/micromamba/envs/pycaret/lib/python3.10/site-packages/sklearn/utils/extmath.py:1142: RuntimeWarning: invalid value encountered in divide
  T = new_sum / new_sample_count

2026-08-25 08:33:10,397:WARNING:/home/ilyandho/micromamba/envs/pycaret/lib/python3.10/site-packages/sklearn/utils/extmath.py:1162: RuntimeWarning: invalid value encountered in divide
  new_unnormalized_variance -= correction**2 / new_sample_count

2026-08-25 08:33:11,567:WARNING:/home/ilyandho/micromamba/envs/pycaret/lib/python3.10/site-packages/sklearn/utils/extmath.py:1137: RuntimeWarning: invalid value encountered in divide
  updated_mean = (last_sum + new_sum) / updated_sample_count

2026-08-25 08:33:11,567:WARNING:/home/ilyandho/micromamba/envs/pycaret/lib/python3.10/site-packages/sklearn/utils/extmath.py:1142: RuntimeWarning: invalid value encountered in divide
  T = new_sum / new_sample_count

2026-08-25 08:33:11,567:WARNING:/home/ilyandho/micromamba/envs/pycaret/lib/python3.10/site-packages/sklearn/utils/extmath.py:1162: RuntimeWarning: invalid value encountered in divide
  new_unnormalized_variance -= correction**2 / new_sample_count

2026-08-25 08:42:48,019:WARNING:/home/ilyandho/micromamba/envs/pycaret/lib/python3.10/site-packages/sklearn/utils/extmath.py:1137: RuntimeWarning: invalid value encountered in divide
  updated_mean = (last_sum + new_sum) / updated_sample_count

2026-08-25 08:42:48,019:WARNING:/home/ilyandho/micromamba/envs/pycaret/lib/python3.10/site-packages/sklearn/utils/extmath.py:1142: RuntimeWarning: invalid value encountered in divide
  T = new_sum / new_sample_count

2026-08-25 08:42:48,019:WARNING:/home/ilyandho/micromamba/envs/pycaret/lib/python3.10/site-packages/sklearn/utils/extmath.py:1162: RuntimeWarning: invalid value encountered in divide
  new_unnormalized_variance -= correction**2 / new_sample_count

2026-08-25 08:42:48,991:WARNING:/home/ilyandho/micromamba/envs/pycaret/lib/python3.10/site-packages/sklearn/utils/extmath.py:1137: RuntimeWarning: invalid value encountered in divide
  updated_mean = (last_sum + new_sum) / updated_sample_count

2026-08-25 08:42:48,991:WARNING:/home/ilyandho/micromamba/envs/pycaret/lib/python3.10/site-packages/sklearn/utils/extmath.py:1142: RuntimeWarning: invalid value encountered in divide
  T = new_sum / new_sample_count

2026-08-25 08:42:48,991:WARNING:/home/ilyandho/micromamba/envs/pycaret/lib/python3.10/site-packages/sklearn/utils/extmath.py:1162: RuntimeWarning: invalid value encountered in divide
  new_unnormalized_variance -= correction**2 / new_sample_count

2026-08-25 08:42:49,951:WARNING:/home/ilyandho/micromamba/envs/pycaret/lib/python3.10/site-packages/sklearn/utils/extmath.py:1137: RuntimeWarning: invalid value encountered in divide
  updated_mean = (last_sum + new_sum) / updated_sample_count

2026-08-25 08:42:49,951:WARNING:/home/ilyandho/micromamba/envs/pycaret/lib/python3.10/site-packages/sklearn/utils/extmath.py:1142: RuntimeWarning: invalid value encountered in divide
  T = new_sum / new_sample_count

2026-08-25 08:42:49,952:WARNING:/home/ilyandho/micromamba/envs/pycaret/lib/python3.10/site-packages/sklearn/utils/extmath.py:1162: RuntimeWarning: invalid value encountered in divide
  new_unnormalized_variance -= correction**2 / new_sample_count

2026-08-25 08:42:51,121:WARNING:/home/ilyandho/micromamba/envs/pycaret/lib/python3.10/site-packages/sklearn/utils/extmath.py:1137: RuntimeWarning: invalid value encountered in divide
  updated_mean = (last_sum + new_sum) / updated_sample_count

2026-08-25 08:42:51,121:WARNING:/home/ilyandho/micromamba/envs/pycaret/lib/python3.10/site-packages/sklearn/utils/extmath.py:1142: RuntimeWarning: invalid value encountered in divide
  T = new_sum / new_sample_count

2026-08-25 08:42:51,121:WARNING:/home/ilyandho/micromamba/envs/pycaret/lib/python3.10/site-packages/sklearn/utils/extmath.py:1162: RuntimeWarning: invalid value encountered in divide
  new_unnormalized_variance -= correction**2 / new_sample_count

2026-08-25 08:54:52,334:WARNING:/home/ilyandho/micromamba/envs/pycaret/lib/python3.10/site-packages/sklearn/utils/extmath.py:1137: RuntimeWarning: invalid value encountered in divide
  updated_mean = (last_sum + new_sum) / updated_sample_count

2026-08-25 08:54:52,334:WARNING:/home/ilyandho/micromamba/envs/pycaret/lib/python3.10/site-packages/sklearn/utils/extmath.py:1142: RuntimeWarning: invalid value encountered in divide
  T = new_sum / new_sample_count

2026-08-25 08:54:52,334:WARNING:/home/ilyandho/micromamba/envs/pycaret/lib/python3.10/site-packages/sklearn/utils/extmath.py:1162: RuntimeWarning: invalid value encountered in divide
  new_unnormalized_variance -= correction**2 / new_sample_count

2026-08-25 08:54:53,181:WARNING:/home/ilyandho/micromamba/envs/pycaret/lib/python3.10/site-packages/sklearn/utils/extmath.py:1137: RuntimeWarning: invalid value encountered in divide
  updated_mean = (last_sum + new_sum) / updated_sample_count

2026-08-25 08:54:53,181:WARNING:/home/ilyandho/micromamba/envs/pycaret/lib/python3.10/site-packages/sklearn/utils/extmath.py:1142: RuntimeWarning: invalid value encountered in divide
  T = new_sum / new_sample_count

2026-08-25 08:54:53,181:WARNING:/home/ilyandho/micromamba/envs/pycaret/lib/python3.10/site-packages/sklearn/utils/extmath.py:1162: RuntimeWarning: invalid value encountered in divide
  new_unnormalized_variance -= correction**2 / new_sample_count

2026-08-25 08:54:54,156:WARNING:/home/ilyandho/micromamba/envs/pycaret/lib/python3.10/site-packages/sklearn/utils/extmath.py:1137: RuntimeWarning: invalid value encountered in divide
  updated_mean = (last_sum + new_sum) / updated_sample_count

2026-08-25 08:54:54,156:WARNING:/home/ilyandho/micromamba/envs/pycaret/lib/python3.10/site-packages/sklearn/utils/extmath.py:1142: RuntimeWarning: invalid value encountered in divide
  T = new_sum / new_sample_count

2026-08-25 08:54:54,157:WARNING:/home/ilyandho/micromamba/envs/pycaret/lib/python3.10/site-packages/sklearn/utils/extmath.py:1162: RuntimeWarning: invalid value encountered in divide
  new_unnormalized_variance -= correction**2 / new_sample_count

2026-08-25 08:54:55,742:WARNING:/home/ilyandho/micromamba/envs/pycaret/lib/python3.10/site-packages/sklearn/utils/extmath.py:1137: RuntimeWarning: invalid value encountered in divide
  updated_mean = (last_sum + new_sum) / updated_sample_count

2026-08-25 08:54:55,742:WARNING:/home/ilyandho/micromamba/envs/pycaret/lib/python3.10/site-packages/sklearn/utils/extmath.py:1142: RuntimeWarning: invalid value encountered in divide
  T = new_sum / new_sample_count

2026-08-25 08:54:55,742:WARNING:/home/ilyandho/micromamba/envs/pycaret/lib/python3.10/site-packages/sklearn/utils/extmath.py:1162: RuntimeWarning: invalid value encountered in divide
  new_unnormalized_variance -= correction**2 / new_sample_count

2026-08-25 09:07:01,787:WARNING:/home/ilyandho/micromamba/envs/pycaret/lib/python3.10/site-packages/sklearn/utils/extmath.py:1137: RuntimeWarning: invalid value encountered in divide
  updated_mean = (last_sum + new_sum) / updated_sample_count

2026-08-25 09:07:01,787:WARNING:/home/ilyandho/micromamba/envs/pycaret/lib/python3.10/site-packages/sklearn/utils/extmath.py:1142: RuntimeWarning: invalid value encountered in divide
  T = new_sum / new_sample_count

2026-08-25 09:07:01,787:WARNING:/home/ilyandho/micromamba/envs/pycaret/lib/python3.10/site-packages/sklearn/utils/extmath.py:1162: RuntimeWarning: invalid value encountered in divide
  new_unnormalized_variance -= correction**2 / new_sample_count

2026-08-25 09:07:02,588:WARNING:/home/ilyandho/micromamba/envs/pycaret/lib/python3.10/site-packages/sklearn/utils/extmath.py:1137: RuntimeWarning: invalid value encountered in divide
  updated_mean = (last_sum + new_sum) / updated_sample_count

2026-08-25 09:07:02,588:WARNING:/home/ilyandho/micromamba/envs/pycaret/lib/python3.10/site-packages/sklearn/utils/extmath.py:1142: RuntimeWarning: invalid value encountered in divide
  T = new_sum / new_sample_count

2026-08-25 09:07:02,589:WARNING:/home/ilyandho/micromamba/envs/pycaret/lib/python3.10/site-packages/sklearn/utils/extmath.py:1162: RuntimeWarning: invalid value encountered in divide
  new_unnormalized_variance -= correction**2 / new_sample_count

2026-08-25 09:07:03,583:WARNING:/home/ilyandho/micromamba/envs/pycaret/lib/python3.10/site-packages/sklearn/utils/extmath.py:1137: RuntimeWarning: invalid value encountered in divide
  updated_mean = (last_sum + new_sum) / updated_sample_count

2026-08-25 09:07:03,583:WARNING:/home/ilyandho/micromamba/envs/pycaret/lib/python3.10/site-packages/sklearn/utils/extmath.py:1142: RuntimeWarning: invalid value encountered in divide
  T = new_sum / new_sample_count

2026-08-25 09:07:03,584:WARNING:/home/ilyandho/micromamba/envs/pycaret/lib/python3.10/site-packages/sklearn/utils/extmath.py:1162: RuntimeWarning: invalid value encountered in divide
  new_unnormalized_variance -= correction**2 / new_sample_count

2026-08-25 09:07:04,744:WARNING:/home/ilyandho/micromamba/envs/pycaret/lib/python3.10/site-packages/sklearn/utils/extmath.py:1137: RuntimeWarning: invalid value encountered in divide
  updated_mean = (last_sum + new_sum) / updated_sample_count

2026-08-25 09:07:04,744:WARNING:/home/ilyandho/micromamba/envs/pycaret/lib/python3.10/site-packages/sklearn/utils/extmath.py:1142: RuntimeWarning: invalid value encountered in divide
  T = new_sum / new_sample_count

2026-08-25 09:07:04,745:WARNING:/home/ilyandho/micromamba/envs/pycaret/lib/python3.10/site-packages/sklearn/utils/extmath.py:1162: RuntimeWarning: invalid value encountered in divide
  new_unnormalized_variance -= correction**2 / new_sample_count

2026-08-25 09:12:44,639:WARNING:/home/ilyandho/micromamba/envs/pycaret/lib/python3.10/site-packages/sklearn/utils/extmath.py:1137: RuntimeWarning: invalid value encountered in divide
  updated_mean = (last_sum + new_sum) / updated_sample_count

2026-08-25 09:12:44,639:WARNING:/home/ilyandho/micromamba/envs/pycaret/lib/python3.10/site-packages/sklearn/utils/extmath.py:1142: RuntimeWarning: invalid value encountered in divide
  T = new_sum / new_sample_count

2026-08-25 09:12:44,639:WARNING:/home/ilyandho/micromamba/envs/pycaret/lib/python3.10/site-packages/sklearn/utils/extmath.py:1162: RuntimeWarning: invalid value encountered in divide
  new_unnormalized_variance -= correction**2 / new_sample_count

2026-08-25 09:12:45,423:WARNING:/home/ilyandho/micromamba/envs/pycaret/lib/python3.10/site-packages/sklearn/utils/extmath.py:1137: RuntimeWarning: invalid value encountered in divide
  updated_mean = (last_sum + new_sum) / updated_sample_count

2026-08-25 09:12:45,423:WARNING:/home/ilyandho/micromamba/envs/pycaret/lib/python3.10/site-packages/sklearn/utils/extmath.py:1142: RuntimeWarning: invalid value encountered in divide
  T = new_sum / new_sample_count

2026-08-25 09:12:45,423:WARNING:/home/ilyandho/micromamba/envs/pycaret/lib/python3.10/site-packages/sklearn/utils/extmath.py:1162: RuntimeWarning: invalid value encountered in divide
  new_unnormalized_variance -= correction**2 / new_sample_count

2026-08-25 09:12:46,421:WARNING:/home/ilyandho/micromamba/envs/pycaret/lib/python3.10/site-packages/sklearn/utils/extmath.py:1137: RuntimeWarning: invalid value encountered in divide
  updated_mean = (last_sum + new_sum) / updated_sample_count

2026-08-25 09:12:46,421:WARNING:/home/ilyandho/micromamba/envs/pycaret/lib/python3.10/site-packages/sklearn/utils/extmath.py:1142: RuntimeWarning: invalid value encountered in divide
  T = new_sum / new_sample_count

2026-08-25 09:12:46,421:WARNING:/home/ilyandho/micromamba/envs/pycaret/lib/python3.10/site-packages/sklearn/utils/extmath.py:1162: RuntimeWarning: invalid value encountered in divide
  new_unnormalized_variance -= correction**2 / new_sample_count

2026-08-25 09:12:47,605:WARNING:/home/ilyandho/micromamba/envs/pycaret/lib/python3.10/site-packages/sklearn/utils/extmath.py:1137: RuntimeWarning: invalid value encountered in divide
  updated_mean = (last_sum + new_sum) / updated_sample_count

2026-08-25 09:12:47,605:WARNING:/home/ilyandho/micromamba/envs/pycaret/lib/python3.10/site-packages/sklearn/utils/extmath.py:1142: RuntimeWarning: invalid value encountered in divide
  T = new_sum / new_sample_count

2026-08-25 09:12:47,606:WARNING:/home/ilyandho/micromamba/envs/pycaret/lib/python3.10/site-packages/sklearn/utils/extmath.py:1162: RuntimeWarning: invalid value encountered in divide
  new_unnormalized_variance -= correction**2 / new_sample_count

2026-08-25 09:20:53,765:WARNING:/home/ilyandho/micromamba/envs/pycaret/lib/python3.10/site-packages/joblib/externals/loky/process_executor.py:752: UserWarning: A worker stopped while some jobs were given to the executor. This can be caused by a too short worker timeout or by a memory leak.
  warnings.warn(

2026-08-25 09:24:07,676:WARNING:/home/ilyandho/micromamba/envs/pycaret/lib/python3.10/site-packages/sklearn/utils/extmath.py:1137: RuntimeWarning: invalid value encountered in divide
  updated_mean = (last_sum + new_sum) / updated_sample_count

2026-08-25 09:24:07,676:WARNING:/home/ilyandho/micromamba/envs/pycaret/lib/python3.10/site-packages/sklearn/utils/extmath.py:1142: RuntimeWarning: invalid value encountered in divide
  T = new_sum / new_sample_count

2026-08-25 09:24:07,677:WARNING:/home/ilyandho/micromamba/envs/pycaret/lib/python3.10/site-packages/sklearn/utils/extmath.py:1162: RuntimeWarning: invalid value encountered in divide
  new_unnormalized_variance -= correction**2 / new_sample_count

2026-08-25 09:24:08,545:WARNING:/home/ilyandho/micromamba/envs/pycaret/lib/python3.10/site-packages/sklearn/utils/extmath.py:1137: RuntimeWarning: invalid value encountered in divide
  updated_mean = (last_sum + new_sum) / updated_sample_count

2026-08-25 09:24:08,545:WARNING:/home/ilyandho/micromamba/envs/pycaret/lib/python3.10/site-packages/sklearn/utils/extmath.py:1142: RuntimeWarning: invalid value encountered in divide
  T = new_sum / new_sample_count

2026-08-25 09:24:08,546:WARNING:/home/ilyandho/micromamba/envs/pycaret/lib/python3.10/site-packages/sklearn/utils/extmath.py:1162: RuntimeWarning: invalid value encountered in divide
  new_unnormalized_variance -= correction**2 / new_sample_count

2026-08-25 09:24:10,091:WARNING:/home/ilyandho/micromamba/envs/pycaret/lib/python3.10/site-packages/sklearn/utils/extmath.py:1137: RuntimeWarning: invalid value encountered in divide
  updated_mean = (last_sum + new_sum) / updated_sample_count

2026-08-25 09:24:10,091:WARNING:/home/ilyandho/micromamba/envs/pycaret/lib/python3.10/site-packages/sklearn/utils/extmath.py:1142: RuntimeWarning: invalid value encountered in divide
  T = new_sum / new_sample_count

2026-08-25 09:24:10,092:WARNING:/home/ilyandho/micromamba/envs/pycaret/lib/python3.10/site-packages/sklearn/utils/extmath.py:1162: RuntimeWarning: invalid value encountered in divide
  new_unnormalized_variance -= correction**2 / new_sample_count

2026-08-25 09:24:11,588:WARNING:/home/ilyandho/micromamba/envs/pycaret/lib/python3.10/site-packages/sklearn/utils/extmath.py:1137: RuntimeWarning: invalid value encountered in divide
  updated_mean = (last_sum + new_sum) / updated_sample_count

2026-08-25 09:24:11,588:WARNING:/home/ilyandho/micromamba/envs/pycaret/lib/python3.10/site-packages/sklearn/utils/extmath.py:1142: RuntimeWarning: invalid value encountered in divide
  T = new_sum / new_sample_count

2026-08-25 09:24:11,588:WARNING:/home/ilyandho/micromamba/envs/pycaret/lib/python3.10/site-packages/sklearn/utils/extmath.py:1162: RuntimeWarning: invalid value encountered in divide
  new_unnormalized_variance -= correction**2 / new_sample_count

2026-08-25 09:28:13,744:WARNING:/home/ilyandho/micromamba/envs/pycaret/lib/python3.10/site-packages/joblib/externals/loky/process_executor.py:752: UserWarning: A worker stopped while some jobs were given to the executor. This can be caused by a too short worker timeout or by a memory leak.
  warnings.warn(

2026-08-25 09:39:46,233:WARNING:/home/ilyandho/micromamba/envs/pycaret/lib/python3.10/site-packages/sklearn/utils/extmath.py:1137: RuntimeWarning: invalid value encountered in divide
  updated_mean = (last_sum + new_sum) / updated_sample_count

2026-08-25 09:39:46,233:WARNING:/home/ilyandho/micromamba/envs/pycaret/lib/python3.10/site-packages/sklearn/utils/extmath.py:1142: RuntimeWarning: invalid value encountered in divide
  T = new_sum / new_sample_count

2026-08-25 09:39:46,233:WARNING:/home/ilyandho/micromamba/envs/pycaret/lib/python3.10/site-packages/sklearn/utils/extmath.py:1162: RuntimeWarning: invalid value encountered in divide
  new_unnormalized_variance -= correction**2 / new_sample_count

2026-08-25 09:39:46,991:WARNING:/home/ilyandho/micromamba/envs/pycaret/lib/python3.10/site-packages/sklearn/utils/extmath.py:1137: RuntimeWarning: invalid value encountered in divide
  updated_mean = (last_sum + new_sum) / updated_sample_count

2026-08-25 09:39:46,991:WARNING:/home/ilyandho/micromamba/envs/pycaret/lib/python3.10/site-packages/sklearn/utils/extmath.py:1142: RuntimeWarning: invalid value encountered in divide
  T = new_sum / new_sample_count

2026-08-25 09:39:46,992:WARNING:/home/ilyandho/micromamba/envs/pycaret/lib/python3.10/site-packages/sklearn/utils/extmath.py:1162: RuntimeWarning: invalid value encountered in divide
  new_unnormalized_variance -= correction**2 / new_sample_count

2026-08-25 09:39:48,000:WARNING:/home/ilyandho/micromamba/envs/pycaret/lib/python3.10/site-packages/sklearn/utils/extmath.py:1137: RuntimeWarning: invalid value encountered in divide
  updated_mean = (last_sum + new_sum) / updated_sample_count

2026-08-25 09:39:48,001:WARNING:/home/ilyandho/micromamba/envs/pycaret/lib/python3.10/site-packages/sklearn/utils/extmath.py:1142: RuntimeWarning: invalid value encountered in divide
  T = new_sum / new_sample_count

2026-08-25 09:39:48,001:WARNING:/home/ilyandho/micromamba/envs/pycaret/lib/python3.10/site-packages/sklearn/utils/extmath.py:1162: RuntimeWarning: invalid value encountered in divide
  new_unnormalized_variance -= correction**2 / new_sample_count

2026-08-25 09:39:49,189:WARNING:/home/ilyandho/micromamba/envs/pycaret/lib/python3.10/site-packages/sklearn/utils/extmath.py:1137: RuntimeWarning: invalid value encountered in divide
  updated_mean = (last_sum + new_sum) / updated_sample_count

2026-08-25 09:39:49,189:WARNING:/home/ilyandho/micromamba/envs/pycaret/lib/python3.10/site-packages/sklearn/utils/extmath.py:1142: RuntimeWarning: invalid value encountered in divide
  T = new_sum / new_sample_count

2026-08-25 09:39:49,189:WARNING:/home/ilyandho/micromamba/envs/pycaret/lib/python3.10/site-packages/sklearn/utils/extmath.py:1162: RuntimeWarning: invalid value encountered in divide
  new_unnormalized_variance -= correction**2 / new_sample_count

2026-08-25 09:57:16,038:WARNING:/home/ilyandho/micromamba/envs/pycaret/lib/python3.10/site-packages/sklearn/utils/extmath.py:1137: RuntimeWarning: invalid value encountered in divide
  updated_mean = (last_sum + new_sum) / updated_sample_count

2026-08-25 09:57:16,038:WARNING:/home/ilyandho/micromamba/envs/pycaret/lib/python3.10/site-packages/sklearn/utils/extmath.py:1142: RuntimeWarning: invalid value encountered in divide
  T = new_sum / new_sample_count

2026-08-25 09:57:16,038:WARNING:/home/ilyandho/micromamba/envs/pycaret/lib/python3.10/site-packages/sklearn/utils/extmath.py:1162: RuntimeWarning: invalid value encountered in divide
  new_unnormalized_variance -= correction**2 / new_sample_count

2026-08-25 09:57:16,926:WARNING:/home/ilyandho/micromamba/envs/pycaret/lib/python3.10/site-packages/sklearn/utils/extmath.py:1137: RuntimeWarning: invalid value encountered in divide
  updated_mean = (last_sum + new_sum) / updated_sample_count

2026-08-25 09:57:16,926:WARNING:/home/ilyandho/micromamba/envs/pycaret/lib/python3.10/site-packages/sklearn/utils/extmath.py:1142: RuntimeWarning: invalid value encountered in divide
  T = new_sum / new_sample_count

2026-08-25 09:57:16,926:WARNING:/home/ilyandho/micromamba/envs/pycaret/lib/python3.10/site-packages/sklearn/utils/extmath.py:1162: RuntimeWarning: invalid value encountered in divide
  new_unnormalized_variance -= correction**2 / new_sample_count

2026-08-25 09:57:18,564:WARNING:/home/ilyandho/micromamba/envs/pycaret/lib/python3.10/site-packages/sklearn/utils/extmath.py:1137: RuntimeWarning: invalid value encountered in divide
  updated_mean = (last_sum + new_sum) / updated_sample_count

2026-08-25 09:57:18,564:WARNING:/home/ilyandho/micromamba/envs/pycaret/lib/python3.10/site-packages/sklearn/utils/extmath.py:1142: RuntimeWarning: invalid value encountered in divide
  T = new_sum / new_sample_count

2026-08-25 09:57:18,565:WARNING:/home/ilyandho/micromamba/envs/pycaret/lib/python3.10/site-packages/sklearn/utils/extmath.py:1162: RuntimeWarning: invalid value encountered in divide
  new_unnormalized_variance -= correction**2 / new_sample_count

2026-08-25 09:57:20,050:WARNING:/home/ilyandho/micromamba/envs/pycaret/lib/python3.10/site-packages/sklearn/utils/extmath.py:1137: RuntimeWarning: invalid value encountered in divide
  updated_mean = (last_sum + new_sum) / updated_sample_count

2026-08-25 09:57:20,050:WARNING:/home/ilyandho/micromamba/envs/pycaret/lib/python3.10/site-packages/sklearn/utils/extmath.py:1142: RuntimeWarning: invalid value encountered in divide
  T = new_sum / new_sample_count

2026-08-25 09:57:20,050:WARNING:/home/ilyandho/micromamba/envs/pycaret/lib/python3.10/site-packages/sklearn/utils/extmath.py:1162: RuntimeWarning: invalid value encountered in divide
  new_unnormalized_variance -= correction**2 / new_sample_count

2026-08-25 11:23:13,983:WARNING:/home/ilyandho/micromamba/envs/pycaret/lib/python3.10/site-packages/sklearn/utils/extmath.py:1137: RuntimeWarning: invalid value encountered in divide
  updated_mean = (last_sum + new_sum) / updated_sample_count

2026-08-25 11:23:13,983:WARNING:/home/ilyandho/micromamba/envs/pycaret/lib/python3.10/site-packages/sklearn/utils/extmath.py:1142: RuntimeWarning: invalid value encountered in divide
  T = new_sum / new_sample_count

2026-08-25 11:23:13,983:WARNING:/home/ilyandho/micromamba/envs/pycaret/lib/python3.10/site-packages/sklearn/utils/extmath.py:1162: RuntimeWarning: invalid value encountered in divide
  new_unnormalized_variance -= correction**2 / new_sample_count

2026-08-25 11:23:14,735:WARNING:/home/ilyandho/micromamba/envs/pycaret/lib/python3.10/site-packages/sklearn/utils/extmath.py:1137: RuntimeWarning: invalid value encountered in divide
  updated_mean = (last_sum + new_sum) / updated_sample_count

2026-08-25 11:23:14,735:WARNING:/home/ilyandho/micromamba/envs/pycaret/lib/python3.10/site-packages/sklearn/utils/extmath.py:1142: RuntimeWarning: invalid value encountered in divide
  T = new_sum / new_sample_count

2026-08-25 11:23:14,736:WARNING:/home/ilyandho/micromamba/envs/pycaret/lib/python3.10/site-packages/sklearn/utils/extmath.py:1162: RuntimeWarning: invalid value encountered in divide
  new_unnormalized_variance -= correction**2 / new_sample_count

2026-08-25 11:23:15,785:WARNING:/home/ilyandho/micromamba/envs/pycaret/lib/python3.10/site-packages/sklearn/utils/extmath.py:1137: RuntimeWarning: invalid value encountered in divide
  updated_mean = (last_sum + new_sum) / updated_sample_count

2026-08-25 11:23:15,785:WARNING:/home/ilyandho/micromamba/envs/pycaret/lib/python3.10/site-packages/sklearn/utils/extmath.py:1142: RuntimeWarning: invalid value encountered in divide
  T = new_sum / new_sample_count

2026-08-25 11:23:15,786:WARNING:/home/ilyandho/micromamba/envs/pycaret/lib/python3.10/site-packages/sklearn/utils/extmath.py:1162: RuntimeWarning: invalid value encountered in divide
  new_unnormalized_variance -= correction**2 / new_sample_count

2026-08-25 11:23:17,031:WARNING:/home/ilyandho/micromamba/envs/pycaret/lib/python3.10/site-packages/sklearn/utils/extmath.py:1137: RuntimeWarning: invalid value encountered in divide
  updated_mean = (last_sum + new_sum) / updated_sample_count

2026-08-25 11:23:17,031:WARNING:/home/ilyandho/micromamba/envs/pycaret/lib/python3.10/site-packages/sklearn/utils/extmath.py:1142: RuntimeWarning: invalid value encountered in divide
  T = new_sum / new_sample_count

2026-08-25 11:23:17,032:WARNING:/home/ilyandho/micromamba/envs/pycaret/lib/python3.10/site-packages/sklearn/utils/extmath.py:1162: RuntimeWarning: invalid value encountered in divide
  new_unnormalized_variance -= correction**2 / new_sample_count

2026-08-25 11:43:15,482:WARNING:/home/ilyandho/micromamba/envs/pycaret/lib/python3.10/site-packages/sklearn/utils/extmath.py:1137: RuntimeWarning: invalid value encountered in divide
  updated_mean = (last_sum + new_sum) / updated_sample_count

2026-08-25 11:43:15,483:WARNING:/home/ilyandho/micromamba/envs/pycaret/lib/python3.10/site-packages/sklearn/utils/extmath.py:1142: RuntimeWarning: invalid value encountered in divide
  T = new_sum / new_sample_count

2026-08-25 11:43:15,483:WARNING:/home/ilyandho/micromamba/envs/pycaret/lib/python3.10/site-packages/sklearn/utils/extmath.py:1162: RuntimeWarning: invalid value encountered in divide
  new_unnormalized_variance -= correction**2 / new_sample_count

2026-08-25 11:43:16,261:WARNING:/home/ilyandho/micromamba/envs/pycaret/lib/python3.10/site-packages/sklearn/utils/extmath.py:1137: RuntimeWarning: invalid value encountered in divide
  updated_mean = (last_sum + new_sum) / updated_sample_count

2026-08-25 11:43:16,261:WARNING:/home/ilyandho/micromamba/envs/pycaret/lib/python3.10/site-packages/sklearn/utils/extmath.py:1142: RuntimeWarning: invalid value encountered in divide
  T = new_sum / new_sample_count

2026-08-25 11:43:16,261:WARNING:/home/ilyandho/micromamba/envs/pycaret/lib/python3.10/site-packages/sklearn/utils/extmath.py:1162: RuntimeWarning: invalid value encountered in divide
  new_unnormalized_variance -= correction**2 / new_sample_count

2026-08-25 11:43:17,393:WARNING:/home/ilyandho/micromamba/envs/pycaret/lib/python3.10/site-packages/sklearn/utils/extmath.py:1137: RuntimeWarning: invalid value encountered in divide
  updated_mean = (last_sum + new_sum) / updated_sample_count

2026-08-25 11:43:17,393:WARNING:/home/ilyandho/micromamba/envs/pycaret/lib/python3.10/site-packages/sklearn/utils/extmath.py:1142: RuntimeWarning: invalid value encountered in divide
  T = new_sum / new_sample_count

2026-08-25 11:43:17,393:WARNING:/home/ilyandho/micromamba/envs/pycaret/lib/python3.10/site-packages/sklearn/utils/extmath.py:1162: RuntimeWarning: invalid value encountered in divide
  new_unnormalized_variance -= correction**2 / new_sample_count

2026-08-25 11:43:18,665:WARNING:/home/ilyandho/micromamba/envs/pycaret/lib/python3.10/site-packages/sklearn/utils/extmath.py:1137: RuntimeWarning: invalid value encountered in divide
  updated_mean = (last_sum + new_sum) / updated_sample_count

2026-08-25 11:43:18,665:WARNING:/home/ilyandho/micromamba/envs/pycaret/lib/python3.10/site-packages/sklearn/utils/extmath.py:1142: RuntimeWarning: invalid value encountered in divide
  T = new_sum / new_sample_count

2026-08-25 11:43:18,666:WARNING:/home/ilyandho/micromamba/envs/pycaret/lib/python3.10/site-packages/sklearn/utils/extmath.py:1162: RuntimeWarning: invalid value encountered in divide
  new_unnormalized_variance -= correction**2 / new_sample_count

2026-08-25 12:05:37,181:WARNING:/home/ilyandho/micromamba/envs/pycaret/lib/python3.10/site-packages/sklearn/utils/extmath.py:1137: RuntimeWarning: invalid value encountered in divide
  updated_mean = (last_sum + new_sum) / updated_sample_count

2026-08-25 12:05:37,181:WARNING:/home/ilyandho/micromamba/envs/pycaret/lib/python3.10/site-packages/sklearn/utils/extmath.py:1142: RuntimeWarning: invalid value encountered in divide
  T = new_sum / new_sample_count

2026-08-25 12:05:37,182:WARNING:/home/ilyandho/micromamba/envs/pycaret/lib/python3.10/site-packages/sklearn/utils/extmath.py:1162: RuntimeWarning: invalid value encountered in divide
  new_unnormalized_variance -= correction**2 / new_sample_count

2026-08-25 12:05:37,931:WARNING:/home/ilyandho/micromamba/envs/pycaret/lib/python3.10/site-packages/sklearn/utils/extmath.py:1137: RuntimeWarning: invalid value encountered in divide
  updated_mean = (last_sum + new_sum) / updated_sample_count

2026-08-25 12:05:37,931:WARNING:/home/ilyandho/micromamba/envs/pycaret/lib/python3.10/site-packages/sklearn/utils/extmath.py:1142: RuntimeWarning: invalid value encountered in divide
  T = new_sum / new_sample_count

2026-08-25 12:05:37,931:WARNING:/home/ilyandho/micromamba/envs/pycaret/lib/python3.10/site-packages/sklearn/utils/extmath.py:1162: RuntimeWarning: invalid value encountered in divide
  new_unnormalized_variance -= correction**2 / new_sample_count

2026-08-25 12:05:52,340:WARNING:/home/ilyandho/micromamba/envs/pycaret/lib/python3.10/site-packages/sklearn/utils/extmath.py:1137: RuntimeWarning: invalid value encountered in divide
  updated_mean = (last_sum + new_sum) / updated_sample_count

2026-08-25 12:05:52,340:WARNING:/home/ilyandho/micromamba/envs/pycaret/lib/python3.10/site-packages/sklearn/utils/extmath.py:1142: RuntimeWarning: invalid value encountered in divide
  T = new_sum / new_sample_count

2026-08-25 12:05:52,340:WARNING:/home/ilyandho/micromamba/envs/pycaret/lib/python3.10/site-packages/sklearn/utils/extmath.py:1162: RuntimeWarning: invalid value encountered in divide
  new_unnormalized_variance -= correction**2 / new_sample_count

2026-08-25 12:05:53,240:WARNING:/home/ilyandho/micromamba/envs/pycaret/lib/python3.10/site-packages/sklearn/utils/extmath.py:1137: RuntimeWarning: invalid value encountered in divide
  updated_mean = (last_sum + new_sum) / updated_sample_count

2026-08-25 12:05:53,240:WARNING:/home/ilyandho/micromamba/envs/pycaret/lib/python3.10/site-packages/sklearn/utils/extmath.py:1142: RuntimeWarning: invalid value encountered in divide
  T = new_sum / new_sample_count

2026-08-25 12:05:53,240:WARNING:/home/ilyandho/micromamba/envs/pycaret/lib/python3.10/site-packages/sklearn/utils/extmath.py:1162: RuntimeWarning: invalid value encountered in divide
  new_unnormalized_variance -= correction**2 / new_sample_count

2026-08-25 12:05:54,468:WARNING:/home/ilyandho/micromamba/envs/pycaret/lib/python3.10/site-packages/sklearn/utils/extmath.py:1137: RuntimeWarning: invalid value encountered in divide
  updated_mean = (last_sum + new_sum) / updated_sample_count

2026-08-25 12:05:54,468:WARNING:/home/ilyandho/micromamba/envs/pycaret/lib/python3.10/site-packages/sklearn/utils/extmath.py:1142: RuntimeWarning: invalid value encountered in divide
  T = new_sum / new_sample_count

2026-08-25 12:05:54,468:WARNING:/home/ilyandho/micromamba/envs/pycaret/lib/python3.10/site-packages/sklearn/utils/extmath.py:1162: RuntimeWarning: invalid value encountered in divide
  new_unnormalized_variance -= correction**2 / new_sample_count

2026-08-25 12:05:55,828:WARNING:/home/ilyandho/micromamba/envs/pycaret/lib/python3.10/site-packages/sklearn/utils/extmath.py:1137: RuntimeWarning: invalid value encountered in divide
  updated_mean = (last_sum + new_sum) / updated_sample_count

2026-08-25 12:05:55,828:WARNING:/home/ilyandho/micromamba/envs/pycaret/lib/python3.10/site-packages/sklearn/utils/extmath.py:1142: RuntimeWarning: invalid value encountered in divide
  T = new_sum / new_sample_count

2026-08-25 12:05:55,829:WARNING:/home/ilyandho/micromamba/envs/pycaret/lib/python3.10/site-packages/sklearn/utils/extmath.py:1162: RuntimeWarning: invalid value encountered in divide
  new_unnormalized_variance -= correction**2 / new_sample_count

2026-08-25 12:06:16,162:WARNING:/home/ilyandho/micromamba/envs/pycaret/lib/python3.10/site-packages/sklearn/utils/extmath.py:1137: RuntimeWarning: invalid value encountered in divide
  updated_mean = (last_sum + new_sum) / updated_sample_count

2026-08-25 12:06:16,162:WARNING:/home/ilyandho/micromamba/envs/pycaret/lib/python3.10/site-packages/sklearn/utils/extmath.py:1142: RuntimeWarning: invalid value encountered in divide
  T = new_sum / new_sample_count

2026-08-25 12:06:16,162:WARNING:/home/ilyandho/micromamba/envs/pycaret/lib/python3.10/site-packages/sklearn/utils/extmath.py:1162: RuntimeWarning: invalid value encountered in divide
  new_unnormalized_variance -= correction**2 / new_sample_count

2026-08-25 12:06:17,028:WARNING:/home/ilyandho/micromamba/envs/pycaret/lib/python3.10/site-packages/sklearn/utils/extmath.py:1137: RuntimeWarning: invalid value encountered in divide
  updated_mean = (last_sum + new_sum) / updated_sample_count

2026-08-25 12:06:17,028:WARNING:/home/ilyandho/micromamba/envs/pycaret/lib/python3.10/site-packages/sklearn/utils/extmath.py:1142: RuntimeWarning: invalid value encountered in divide
  T = new_sum / new_sample_count

2026-08-25 12:06:17,029:WARNING:/home/ilyandho/micromamba/envs/pycaret/lib/python3.10/site-packages/sklearn/utils/extmath.py:1162: RuntimeWarning: invalid value encountered in divide
  new_unnormalized_variance -= correction**2 / new_sample_count

2026-08-25 12:06:18,350:WARNING:/home/ilyandho/micromamba/envs/pycaret/lib/python3.10/site-packages/sklearn/utils/extmath.py:1137: RuntimeWarning: invalid value encountered in divide
  updated_mean = (last_sum + new_sum) / updated_sample_count

2026-08-25 12:06:18,350:WARNING:/home/ilyandho/micromamba/envs/pycaret/lib/python3.10/site-packages/sklearn/utils/extmath.py:1142: RuntimeWarning: invalid value encountered in divide
  T = new_sum / new_sample_count

2026-08-25 12:06:18,350:WARNING:/home/ilyandho/micromamba/envs/pycaret/lib/python3.10/site-packages/sklearn/utils/extmath.py:1162: RuntimeWarning: invalid value encountered in divide
  new_unnormalized_variance -= correction**2 / new_sample_count

2026-08-25 12:06:19,823:WARNING:/home/ilyandho/micromamba/envs/pycaret/lib/python3.10/site-packages/sklearn/utils/extmath.py:1137: RuntimeWarning: invalid value encountered in divide
  updated_mean = (last_sum + new_sum) / updated_sample_count

2026-08-25 12:06:19,823:WARNING:/home/ilyandho/micromamba/envs/pycaret/lib/python3.10/site-packages/sklearn/utils/extmath.py:1142: RuntimeWarning: invalid value encountered in divide
  T = new_sum / new_sample_count

2026-08-25 12:06:19,823:WARNING:/home/ilyandho/micromamba/envs/pycaret/lib/python3.10/site-packages/sklearn/utils/extmath.py:1162: RuntimeWarning: invalid value encountered in divide
  new_unnormalized_variance -= correction**2 / new_sample_count

2026-08-25 12:06:51,860:WARNING:/home/ilyandho/micromamba/envs/pycaret/lib/python3.10/site-packages/sklearn/utils/extmath.py:1137: RuntimeWarning: invalid value encountered in divide
  updated_mean = (last_sum + new_sum) / updated_sample_count

2026-08-25 12:06:51,860:WARNING:/home/ilyandho/micromamba/envs/pycaret/lib/python3.10/site-packages/sklearn/utils/extmath.py:1142: RuntimeWarning: invalid value encountered in divide
  T = new_sum / new_sample_count

2026-08-25 12:06:51,861:WARNING:/home/ilyandho/micromamba/envs/pycaret/lib/python3.10/site-packages/sklearn/utils/extmath.py:1162: RuntimeWarning: invalid value encountered in divide
  new_unnormalized_variance -= correction**2 / new_sample_count

2026-08-25 12:06:53,694:WARNING:/home/ilyandho/micromamba/envs/pycaret/lib/python3.10/site-packages/sklearn/utils/extmath.py:1137: RuntimeWarning: invalid value encountered in divide
  updated_mean = (last_sum + new_sum) / updated_sample_count

2026-08-25 12:06:53,694:WARNING:/home/ilyandho/micromamba/envs/pycaret/lib/python3.10/site-packages/sklearn/utils/extmath.py:1142: RuntimeWarning: invalid value encountered in divide
  T = new_sum / new_sample_count

2026-08-25 12:06:53,694:WARNING:/home/ilyandho/micromamba/envs/pycaret/lib/python3.10/site-packages/sklearn/utils/extmath.py:1162: RuntimeWarning: invalid value encountered in divide
  new_unnormalized_variance -= correction**2 / new_sample_count

2026-08-25 12:06:55,151:WARNING:/home/ilyandho/micromamba/envs/pycaret/lib/python3.10/site-packages/sklearn/utils/extmath.py:1137: RuntimeWarning: invalid value encountered in divide
  updated_mean = (last_sum + new_sum) / updated_sample_count

2026-08-25 12:06:55,151:WARNING:/home/ilyandho/micromamba/envs/pycaret/lib/python3.10/site-packages/sklearn/utils/extmath.py:1142: RuntimeWarning: invalid value encountered in divide
  T = new_sum / new_sample_count

2026-08-25 12:06:55,152:WARNING:/home/ilyandho/micromamba/envs/pycaret/lib/python3.10/site-packages/sklearn/utils/extmath.py:1162: RuntimeWarning: invalid value encountered in divide
  new_unnormalized_variance -= correction**2 / new_sample_count

2026-08-25 12:06:56,902:WARNING:/home/ilyandho/micromamba/envs/pycaret/lib/python3.10/site-packages/sklearn/utils/extmath.py:1137: RuntimeWarning: invalid value encountered in divide
  updated_mean = (last_sum + new_sum) / updated_sample_count

2026-08-25 12:06:56,903:WARNING:/home/ilyandho/micromamba/envs/pycaret/lib/python3.10/site-packages/sklearn/utils/extmath.py:1142: RuntimeWarning: invalid value encountered in divide
  T = new_sum / new_sample_count

2026-08-25 12:06:56,903:WARNING:/home/ilyandho/micromamba/envs/pycaret/lib/python3.10/site-packages/sklearn/utils/extmath.py:1162: RuntimeWarning: invalid value encountered in divide
  new_unnormalized_variance -= correction**2 / new_sample_count

2026-08-25 12:07:29,544:WARNING:/home/ilyandho/micromamba/envs/pycaret/lib/python3.10/site-packages/sklearn/utils/extmath.py:1137: RuntimeWarning: invalid value encountered in divide
  updated_mean = (last_sum + new_sum) / updated_sample_count

2026-08-25 12:07:29,544:WARNING:/home/ilyandho/micromamba/envs/pycaret/lib/python3.10/site-packages/sklearn/utils/extmath.py:1142: RuntimeWarning: invalid value encountered in divide
  T = new_sum / new_sample_count

2026-08-25 12:07:29,544:WARNING:/home/ilyandho/micromamba/envs/pycaret/lib/python3.10/site-packages/sklearn/utils/extmath.py:1162: RuntimeWarning: invalid value encountered in divide
  new_unnormalized_variance -= correction**2 / new_sample_count

2026-08-25 12:07:31,411:WARNING:/home/ilyandho/micromamba/envs/pycaret/lib/python3.10/site-packages/sklearn/utils/extmath.py:1137: RuntimeWarning: invalid value encountered in divide
  updated_mean = (last_sum + new_sum) / updated_sample_count

2026-08-25 12:07:31,411:WARNING:/home/ilyandho/micromamba/envs/pycaret/lib/python3.10/site-packages/sklearn/utils/extmath.py:1142: RuntimeWarning: invalid value encountered in divide
  T = new_sum / new_sample_count

2026-08-25 12:07:31,411:WARNING:/home/ilyandho/micromamba/envs/pycaret/lib/python3.10/site-packages/sklearn/utils/extmath.py:1162: RuntimeWarning: invalid value encountered in divide
  new_unnormalized_variance -= correction**2 / new_sample_count

2026-08-25 12:07:32,938:WARNING:/home/ilyandho/micromamba/envs/pycaret/lib/python3.10/site-packages/sklearn/utils/extmath.py:1137: RuntimeWarning: invalid value encountered in divide
  updated_mean = (last_sum + new_sum) / updated_sample_count

2026-08-25 12:07:32,938:WARNING:/home/ilyandho/micromamba/envs/pycaret/lib/python3.10/site-packages/sklearn/utils/extmath.py:1142: RuntimeWarning: invalid value encountered in divide
  T = new_sum / new_sample_count

2026-08-25 12:07:32,938:WARNING:/home/ilyandho/micromamba/envs/pycaret/lib/python3.10/site-packages/sklearn/utils/extmath.py:1162: RuntimeWarning: invalid value encountered in divide
  new_unnormalized_variance -= correction**2 / new_sample_count

2026-08-25 12:07:34,608:WARNING:/home/ilyandho/micromamba/envs/pycaret/lib/python3.10/site-packages/sklearn/utils/extmath.py:1137: RuntimeWarning: invalid value encountered in divide
  updated_mean = (last_sum + new_sum) / updated_sample_count

2026-08-25 12:07:34,608:WARNING:/home/ilyandho/micromamba/envs/pycaret/lib/python3.10/site-packages/sklearn/utils/extmath.py:1142: RuntimeWarning: invalid value encountered in divide
  T = new_sum / new_sample_count

2026-08-25 12:07:34,609:WARNING:/home/ilyandho/micromamba/envs/pycaret/lib/python3.10/site-packages/sklearn/utils/extmath.py:1162: RuntimeWarning: invalid value encountered in divide
  new_unnormalized_variance -= correction**2 / new_sample_count

2026-08-25 12:08:36,335:WARNING:/home/ilyandho/micromamba/envs/pycaret/lib/python3.10/site-packages/sklearn/utils/extmath.py:1137: RuntimeWarning: invalid value encountered in divide
  updated_mean = (last_sum + new_sum) / updated_sample_count

2026-08-25 12:08:36,335:WARNING:/home/ilyandho/micromamba/envs/pycaret/lib/python3.10/site-packages/sklearn/utils/extmath.py:1142: RuntimeWarning: invalid value encountered in divide
  T = new_sum / new_sample_count

2026-08-25 12:08:36,336:WARNING:/home/ilyandho/micromamba/envs/pycaret/lib/python3.10/site-packages/sklearn/utils/extmath.py:1162: RuntimeWarning: invalid value encountered in divide
  new_unnormalized_variance -= correction**2 / new_sample_count

2026-08-25 12:08:38,080:WARNING:/home/ilyandho/micromamba/envs/pycaret/lib/python3.10/site-packages/sklearn/utils/extmath.py:1137: RuntimeWarning: invalid value encountered in divide
  updated_mean = (last_sum + new_sum) / updated_sample_count

2026-08-25 12:08:38,081:WARNING:/home/ilyandho/micromamba/envs/pycaret/lib/python3.10/site-packages/sklearn/utils/extmath.py:1142: RuntimeWarning: invalid value encountered in divide
  T = new_sum / new_sample_count

2026-08-25 12:08:38,081:WARNING:/home/ilyandho/micromamba/envs/pycaret/lib/python3.10/site-packages/sklearn/utils/extmath.py:1162: RuntimeWarning: invalid value encountered in divide
  new_unnormalized_variance -= correction**2 / new_sample_count

2026-08-25 12:08:39,601:WARNING:/home/ilyandho/micromamba/envs/pycaret/lib/python3.10/site-packages/sklearn/utils/extmath.py:1137: RuntimeWarning: invalid value encountered in divide
  updated_mean = (last_sum + new_sum) / updated_sample_count

2026-08-25 12:08:39,601:WARNING:/home/ilyandho/micromamba/envs/pycaret/lib/python3.10/site-packages/sklearn/utils/extmath.py:1142: RuntimeWarning: invalid value encountered in divide
  T = new_sum / new_sample_count

2026-08-25 12:08:39,601:WARNING:/home/ilyandho/micromamba/envs/pycaret/lib/python3.10/site-packages/sklearn/utils/extmath.py:1162: RuntimeWarning: invalid value encountered in divide
  new_unnormalized_variance -= correction**2 / new_sample_count

2026-08-25 12:08:41,308:WARNING:/home/ilyandho/micromamba/envs/pycaret/lib/python3.10/site-packages/sklearn/utils/extmath.py:1137: RuntimeWarning: invalid value encountered in divide
  updated_mean = (last_sum + new_sum) / updated_sample_count

2026-08-25 12:08:41,308:WARNING:/home/ilyandho/micromamba/envs/pycaret/lib/python3.10/site-packages/sklearn/utils/extmath.py:1142: RuntimeWarning: invalid value encountered in divide
  T = new_sum / new_sample_count

2026-08-25 12:08:41,309:WARNING:/home/ilyandho/micromamba/envs/pycaret/lib/python3.10/site-packages/sklearn/utils/extmath.py:1162: RuntimeWarning: invalid value encountered in divide
  new_unnormalized_variance -= correction**2 / new_sample_count

2026-08-25 12:10:04,460:WARNING:/home/ilyandho/micromamba/envs/pycaret/lib/python3.10/site-packages/sklearn/utils/extmath.py:1137: RuntimeWarning: invalid value encountered in divide
  updated_mean = (last_sum + new_sum) / updated_sample_count

2026-08-25 12:10:04,461:WARNING:/home/ilyandho/micromamba/envs/pycaret/lib/python3.10/site-packages/sklearn/utils/extmath.py:1142: RuntimeWarning: invalid value encountered in divide
  T = new_sum / new_sample_count

2026-08-25 12:10:04,461:WARNING:/home/ilyandho/micromamba/envs/pycaret/lib/python3.10/site-packages/sklearn/utils/extmath.py:1162: RuntimeWarning: invalid value encountered in divide
  new_unnormalized_variance -= correction**2 / new_sample_count

2026-08-25 12:10:06,451:WARNING:/home/ilyandho/micromamba/envs/pycaret/lib/python3.10/site-packages/sklearn/utils/extmath.py:1137: RuntimeWarning: invalid value encountered in divide
  updated_mean = (last_sum + new_sum) / updated_sample_count

2026-08-25 12:10:06,451:WARNING:/home/ilyandho/micromamba/envs/pycaret/lib/python3.10/site-packages/sklearn/utils/extmath.py:1142: RuntimeWarning: invalid value encountered in divide
  T = new_sum / new_sample_count

2026-08-25 12:10:06,451:WARNING:/home/ilyandho/micromamba/envs/pycaret/lib/python3.10/site-packages/sklearn/utils/extmath.py:1162: RuntimeWarning: invalid value encountered in divide
  new_unnormalized_variance -= correction**2 / new_sample_count

2026-08-25 12:10:08,064:WARNING:/home/ilyandho/micromamba/envs/pycaret/lib/python3.10/site-packages/sklearn/utils/extmath.py:1137: RuntimeWarning: invalid value encountered in divide
  updated_mean = (last_sum + new_sum) / updated_sample_count

2026-08-25 12:10:08,064:WARNING:/home/ilyandho/micromamba/envs/pycaret/lib/python3.10/site-packages/sklearn/utils/extmath.py:1142: RuntimeWarning: invalid value encountered in divide
  T = new_sum / new_sample_count

2026-08-25 12:10:08,065:WARNING:/home/ilyandho/micromamba/envs/pycaret/lib/python3.10/site-packages/sklearn/utils/extmath.py:1162: RuntimeWarning: invalid value encountered in divide
  new_unnormalized_variance -= correction**2 / new_sample_count

2026-08-25 12:10:09,707:WARNING:/home/ilyandho/micromamba/envs/pycaret/lib/python3.10/site-packages/sklearn/utils/extmath.py:1137: RuntimeWarning: invalid value encountered in divide
  updated_mean = (last_sum + new_sum) / updated_sample_count

2026-08-25 12:10:09,707:WARNING:/home/ilyandho/micromamba/envs/pycaret/lib/python3.10/site-packages/sklearn/utils/extmath.py:1142: RuntimeWarning: invalid value encountered in divide
  T = new_sum / new_sample_count

2026-08-25 12:10:09,707:WARNING:/home/ilyandho/micromamba/envs/pycaret/lib/python3.10/site-packages/sklearn/utils/extmath.py:1162: RuntimeWarning: invalid value encountered in divide
  new_unnormalized_variance -= correction**2 / new_sample_count

2026-08-25 12:11:14,849:WARNING:/home/ilyandho/micromamba/envs/pycaret/lib/python3.10/site-packages/sklearn/utils/extmath.py:1137: RuntimeWarning: invalid value encountered in divide
  updated_mean = (last_sum + new_sum) / updated_sample_count

2026-08-25 12:11:14,850:WARNING:/home/ilyandho/micromamba/envs/pycaret/lib/python3.10/site-packages/sklearn/utils/extmath.py:1142: RuntimeWarning: invalid value encountered in divide
  T = new_sum / new_sample_count

2026-08-25 12:11:14,850:WARNING:/home/ilyandho/micromamba/envs/pycaret/lib/python3.10/site-packages/sklearn/utils/extmath.py:1162: RuntimeWarning: invalid value encountered in divide
  new_unnormalized_variance -= correction**2 / new_sample_count

2026-08-25 12:11:16,606:WARNING:/home/ilyandho/micromamba/envs/pycaret/lib/python3.10/site-packages/sklearn/utils/extmath.py:1137: RuntimeWarning: invalid value encountered in divide
  updated_mean = (last_sum + new_sum) / updated_sample_count

2026-08-25 12:11:16,606:WARNING:/home/ilyandho/micromamba/envs/pycaret/lib/python3.10/site-packages/sklearn/utils/extmath.py:1142: RuntimeWarning: invalid value encountered in divide
  T = new_sum / new_sample_count

2026-08-25 12:11:16,607:WARNING:/home/ilyandho/micromamba/envs/pycaret/lib/python3.10/site-packages/sklearn/utils/extmath.py:1162: RuntimeWarning: invalid value encountered in divide
  new_unnormalized_variance -= correction**2 / new_sample_count

2026-08-25 12:11:18,116:WARNING:/home/ilyandho/micromamba/envs/pycaret/lib/python3.10/site-packages/sklearn/utils/extmath.py:1137: RuntimeWarning: invalid value encountered in divide
  updated_mean = (last_sum + new_sum) / updated_sample_count

2026-08-25 12:11:18,116:WARNING:/home/ilyandho/micromamba/envs/pycaret/lib/python3.10/site-packages/sklearn/utils/extmath.py:1142: RuntimeWarning: invalid value encountered in divide
  T = new_sum / new_sample_count

2026-08-25 12:11:18,117:WARNING:/home/ilyandho/micromamba/envs/pycaret/lib/python3.10/site-packages/sklearn/utils/extmath.py:1162: RuntimeWarning: invalid value encountered in divide
  new_unnormalized_variance -= correction**2 / new_sample_count

2026-08-25 12:11:19,989:WARNING:/home/ilyandho/micromamba/envs/pycaret/lib/python3.10/site-packages/sklearn/utils/extmath.py:1137: RuntimeWarning: invalid value encountered in divide
  updated_mean = (last_sum + new_sum) / updated_sample_count

2026-08-25 12:11:19,989:WARNING:/home/ilyandho/micromamba/envs/pycaret/lib/python3.10/site-packages/sklearn/utils/extmath.py:1142: RuntimeWarning: invalid value encountered in divide
  T = new_sum / new_sample_count

2026-08-25 12:11:19,989:WARNING:/home/ilyandho/micromamba/envs/pycaret/lib/python3.10/site-packages/sklearn/utils/extmath.py:1162: RuntimeWarning: invalid value encountered in divide
  new_unnormalized_variance -= correction**2 / new_sample_count

2026-08-25 12:12:36,498:WARNING:/home/ilyandho/micromamba/envs/pycaret/lib/python3.10/site-packages/sklearn/utils/extmath.py:1137: RuntimeWarning: invalid value encountered in divide
  updated_mean = (last_sum + new_sum) / updated_sample_count

2026-08-25 12:12:36,498:WARNING:/home/ilyandho/micromamba/envs/pycaret/lib/python3.10/site-packages/sklearn/utils/extmath.py:1142: RuntimeWarning: invalid value encountered in divide
  T = new_sum / new_sample_count

2026-08-25 12:12:36,498:WARNING:/home/ilyandho/micromamba/envs/pycaret/lib/python3.10/site-packages/sklearn/utils/extmath.py:1162: RuntimeWarning: invalid value encountered in divide
  new_unnormalized_variance -= correction**2 / new_sample_count

2026-08-25 12:12:38,387:WARNING:/home/ilyandho/micromamba/envs/pycaret/lib/python3.10/site-packages/sklearn/utils/extmath.py:1137: RuntimeWarning: invalid value encountered in divide
  updated_mean = (last_sum + new_sum) / updated_sample_count

2026-08-25 12:12:38,387:WARNING:/home/ilyandho/micromamba/envs/pycaret/lib/python3.10/site-packages/sklearn/utils/extmath.py:1142: RuntimeWarning: invalid value encountered in divide
  T = new_sum / new_sample_count

2026-08-25 12:12:38,388:WARNING:/home/ilyandho/micromamba/envs/pycaret/lib/python3.10/site-packages/sklearn/utils/extmath.py:1162: RuntimeWarning: invalid value encountered in divide
  new_unnormalized_variance -= correction**2 / new_sample_count

2026-08-25 12:12:39,893:WARNING:/home/ilyandho/micromamba/envs/pycaret/lib/python3.10/site-packages/sklearn/utils/extmath.py:1137: RuntimeWarning: invalid value encountered in divide
  updated_mean = (last_sum + new_sum) / updated_sample_count

2026-08-25 12:12:39,893:WARNING:/home/ilyandho/micromamba/envs/pycaret/lib/python3.10/site-packages/sklearn/utils/extmath.py:1142: RuntimeWarning: invalid value encountered in divide
  T = new_sum / new_sample_count

2026-08-25 12:12:39,893:WARNING:/home/ilyandho/micromamba/envs/pycaret/lib/python3.10/site-packages/sklearn/utils/extmath.py:1162: RuntimeWarning: invalid value encountered in divide
  new_unnormalized_variance -= correction**2 / new_sample_count

2026-08-25 12:12:41,611:WARNING:/home/ilyandho/micromamba/envs/pycaret/lib/python3.10/site-packages/sklearn/utils/extmath.py:1137: RuntimeWarning: invalid value encountered in divide
  updated_mean = (last_sum + new_sum) / updated_sample_count

2026-08-25 12:12:41,611:WARNING:/home/ilyandho/micromamba/envs/pycaret/lib/python3.10/site-packages/sklearn/utils/extmath.py:1142: RuntimeWarning: invalid value encountered in divide
  T = new_sum / new_sample_count

2026-08-25 12:12:41,612:WARNING:/home/ilyandho/micromamba/envs/pycaret/lib/python3.10/site-packages/sklearn/utils/extmath.py:1162: RuntimeWarning: invalid value encountered in divide
  new_unnormalized_variance -= correction**2 / new_sample_count

2026-08-25 12:14:07,427:WARNING:/home/ilyandho/micromamba/envs/pycaret/lib/python3.10/site-packages/sklearn/utils/extmath.py:1137: RuntimeWarning: invalid value encountered in divide
  updated_mean = (last_sum + new_sum) / updated_sample_count

2026-08-25 12:14:07,427:WARNING:/home/ilyandho/micromamba/envs/pycaret/lib/python3.10/site-packages/sklearn/utils/extmath.py:1142: RuntimeWarning: invalid value encountered in divide
  T = new_sum / new_sample_count

2026-08-25 12:14:07,427:WARNING:/home/ilyandho/micromamba/envs/pycaret/lib/python3.10/site-packages/sklearn/utils/extmath.py:1162: RuntimeWarning: invalid value encountered in divide
  new_unnormalized_variance -= correction**2 / new_sample_count

2026-08-25 12:14:09,215:WARNING:/home/ilyandho/micromamba/envs/pycaret/lib/python3.10/site-packages/sklearn/utils/extmath.py:1137: RuntimeWarning: invalid value encountered in divide
  updated_mean = (last_sum + new_sum) / updated_sample_count

2026-08-25 12:14:09,215:WARNING:/home/ilyandho/micromamba/envs/pycaret/lib/python3.10/site-packages/sklearn/utils/extmath.py:1142: RuntimeWarning: invalid value encountered in divide
  T = new_sum / new_sample_count

2026-08-25 12:14:09,216:WARNING:/home/ilyandho/micromamba/envs/pycaret/lib/python3.10/site-packages/sklearn/utils/extmath.py:1162: RuntimeWarning: invalid value encountered in divide
  new_unnormalized_variance -= correction**2 / new_sample_count

2026-08-25 12:14:10,738:WARNING:/home/ilyandho/micromamba/envs/pycaret/lib/python3.10/site-packages/sklearn/utils/extmath.py:1137: RuntimeWarning: invalid value encountered in divide
  updated_mean = (last_sum + new_sum) / updated_sample_count

2026-08-25 12:14:10,738:WARNING:/home/ilyandho/micromamba/envs/pycaret/lib/python3.10/site-packages/sklearn/utils/extmath.py:1142: RuntimeWarning: invalid value encountered in divide
  T = new_sum / new_sample_count

2026-08-25 12:14:10,739:WARNING:/home/ilyandho/micromamba/envs/pycaret/lib/python3.10/site-packages/sklearn/utils/extmath.py:1162: RuntimeWarning: invalid value encountered in divide
  new_unnormalized_variance -= correction**2 / new_sample_count

2026-08-25 12:14:12,453:WARNING:/home/ilyandho/micromamba/envs/pycaret/lib/python3.10/site-packages/sklearn/utils/extmath.py:1137: RuntimeWarning: invalid value encountered in divide
  updated_mean = (last_sum + new_sum) / updated_sample_count

2026-08-25 12:14:12,453:WARNING:/home/ilyandho/micromamba/envs/pycaret/lib/python3.10/site-packages/sklearn/utils/extmath.py:1142: RuntimeWarning: invalid value encountered in divide
  T = new_sum / new_sample_count

2026-08-25 12:14:12,453:WARNING:/home/ilyandho/micromamba/envs/pycaret/lib/python3.10/site-packages/sklearn/utils/extmath.py:1162: RuntimeWarning: invalid value encountered in divide
  new_unnormalized_variance -= correction**2 / new_sample_count

2026-08-25 12:15:51,091:WARNING:/home/ilyandho/micromamba/envs/pycaret/lib/python3.10/site-packages/sklearn/utils/extmath.py:1137: RuntimeWarning: invalid value encountered in divide
  updated_mean = (last_sum + new_sum) / updated_sample_count

2026-08-25 12:15:51,091:WARNING:/home/ilyandho/micromamba/envs/pycaret/lib/python3.10/site-packages/sklearn/utils/extmath.py:1142: RuntimeWarning: invalid value encountered in divide
  T = new_sum / new_sample_count

2026-08-25 12:15:51,091:WARNING:/home/ilyandho/micromamba/envs/pycaret/lib/python3.10/site-packages/sklearn/utils/extmath.py:1162: RuntimeWarning: invalid value encountered in divide
  new_unnormalized_variance -= correction**2 / new_sample_count

2026-08-25 12:15:52,024:WARNING:/home/ilyandho/micromamba/envs/pycaret/lib/python3.10/site-packages/sklearn/utils/extmath.py:1137: RuntimeWarning: invalid value encountered in divide
  updated_mean = (last_sum + new_sum) / updated_sample_count

2026-08-25 12:15:52,024:WARNING:/home/ilyandho/micromamba/envs/pycaret/lib/python3.10/site-packages/sklearn/utils/extmath.py:1142: RuntimeWarning: invalid value encountered in divide
  T = new_sum / new_sample_count

2026-08-25 12:15:52,024:WARNING:/home/ilyandho/micromamba/envs/pycaret/lib/python3.10/site-packages/sklearn/utils/extmath.py:1162: RuntimeWarning: invalid value encountered in divide
  new_unnormalized_variance -= correction**2 / new_sample_count

2026-08-25 12:15:53,258:WARNING:/home/ilyandho/micromamba/envs/pycaret/lib/python3.10/site-packages/sklearn/utils/extmath.py:1137: RuntimeWarning: invalid value encountered in divide
  updated_mean = (last_sum + new_sum) / updated_sample_count

2026-08-25 12:15:53,258:WARNING:/home/ilyandho/micromamba/envs/pycaret/lib/python3.10/site-packages/sklearn/utils/extmath.py:1142: RuntimeWarning: invalid value encountered in divide
  T = new_sum / new_sample_count

2026-08-25 12:15:53,258:WARNING:/home/ilyandho/micromamba/envs/pycaret/lib/python3.10/site-packages/sklearn/utils/extmath.py:1162: RuntimeWarning: invalid value encountered in divide
  new_unnormalized_variance -= correction**2 / new_sample_count

2026-08-25 12:15:54,777:WARNING:/home/ilyandho/micromamba/envs/pycaret/lib/python3.10/site-packages/sklearn/utils/extmath.py:1137: RuntimeWarning: invalid value encountered in divide
  updated_mean = (last_sum + new_sum) / updated_sample_count

2026-08-25 12:15:54,777:WARNING:/home/ilyandho/micromamba/envs/pycaret/lib/python3.10/site-packages/sklearn/utils/extmath.py:1142: RuntimeWarning: invalid value encountered in divide
  T = new_sum / new_sample_count

2026-08-25 12:15:54,777:WARNING:/home/ilyandho/micromamba/envs/pycaret/lib/python3.10/site-packages/sklearn/utils/extmath.py:1162: RuntimeWarning: invalid value encountered in divide
  new_unnormalized_variance -= correction**2 / new_sample_count

2026-08-25 12:17:45,519:WARNING:/home/ilyandho/micromamba/envs/pycaret/lib/python3.10/site-packages/sklearn/utils/extmath.py:1137: RuntimeWarning: invalid value encountered in divide
  updated_mean = (last_sum + new_sum) / updated_sample_count

2026-08-25 12:17:45,519:WARNING:/home/ilyandho/micromamba/envs/pycaret/lib/python3.10/site-packages/sklearn/utils/extmath.py:1142: RuntimeWarning: invalid value encountered in divide
  T = new_sum / new_sample_count

2026-08-25 12:17:45,519:WARNING:/home/ilyandho/micromamba/envs/pycaret/lib/python3.10/site-packages/sklearn/utils/extmath.py:1162: RuntimeWarning: invalid value encountered in divide
  new_unnormalized_variance -= correction**2 / new_sample_count

2026-08-25 12:17:47,297:WARNING:/home/ilyandho/micromamba/envs/pycaret/lib/python3.10/site-packages/sklearn/utils/extmath.py:1137: RuntimeWarning: invalid value encountered in divide
  updated_mean = (last_sum + new_sum) / updated_sample_count

2026-08-25 12:17:47,297:WARNING:/home/ilyandho/micromamba/envs/pycaret/lib/python3.10/site-packages/sklearn/utils/extmath.py:1142: RuntimeWarning: invalid value encountered in divide
  T = new_sum / new_sample_count

2026-08-25 12:17:47,297:WARNING:/home/ilyandho/micromamba/envs/pycaret/lib/python3.10/site-packages/sklearn/utils/extmath.py:1162: RuntimeWarning: invalid value encountered in divide
  new_unnormalized_variance -= correction**2 / new_sample_count

2026-08-25 12:17:48,742:WARNING:/home/ilyandho/micromamba/envs/pycaret/lib/python3.10/site-packages/sklearn/utils/extmath.py:1137: RuntimeWarning: invalid value encountered in divide
  updated_mean = (last_sum + new_sum) / updated_sample_count

2026-08-25 12:17:48,742:WARNING:/home/ilyandho/micromamba/envs/pycaret/lib/python3.10/site-packages/sklearn/utils/extmath.py:1142: RuntimeWarning: invalid value encountered in divide
  T = new_sum / new_sample_count

2026-08-25 12:17:48,742:WARNING:/home/ilyandho/micromamba/envs/pycaret/lib/python3.10/site-packages/sklearn/utils/extmath.py:1162: RuntimeWarning: invalid value encountered in divide
  new_unnormalized_variance -= correction**2 / new_sample_count

2026-08-25 12:17:50,420:WARNING:/home/ilyandho/micromamba/envs/pycaret/lib/python3.10/site-packages/sklearn/utils/extmath.py:1137: RuntimeWarning: invalid value encountered in divide
  updated_mean = (last_sum + new_sum) / updated_sample_count

2026-08-25 12:17:50,420:WARNING:/home/ilyandho/micromamba/envs/pycaret/lib/python3.10/site-packages/sklearn/utils/extmath.py:1142: RuntimeWarning: invalid value encountered in divide
  T = new_sum / new_sample_count

2026-08-25 12:17:50,421:WARNING:/home/ilyandho/micromamba/envs/pycaret/lib/python3.10/site-packages/sklearn/utils/extmath.py:1162: RuntimeWarning: invalid value encountered in divide
  new_unnormalized_variance -= correction**2 / new_sample_count

2026-08-25 12:21:31,427:WARNING:/home/ilyandho/micromamba/envs/pycaret/lib/python3.10/site-packages/sklearn/utils/extmath.py:1137: RuntimeWarning: invalid value encountered in divide
  updated_mean = (last_sum + new_sum) / updated_sample_count

2026-08-25 12:21:31,427:WARNING:/home/ilyandho/micromamba/envs/pycaret/lib/python3.10/site-packages/sklearn/utils/extmath.py:1142: RuntimeWarning: invalid value encountered in divide
  T = new_sum / new_sample_count

2026-08-25 12:21:31,427:WARNING:/home/ilyandho/micromamba/envs/pycaret/lib/python3.10/site-packages/sklearn/utils/extmath.py:1162: RuntimeWarning: invalid value encountered in divide
  new_unnormalized_variance -= correction**2 / new_sample_count

2026-08-25 12:21:33,505:WARNING:/home/ilyandho/micromamba/envs/pycaret/lib/python3.10/site-packages/sklearn/utils/extmath.py:1137: RuntimeWarning: invalid value encountered in divide
  updated_mean = (last_sum + new_sum) / updated_sample_count

2026-08-25 12:21:33,505:WARNING:/home/ilyandho/micromamba/envs/pycaret/lib/python3.10/site-packages/sklearn/utils/extmath.py:1142: RuntimeWarning: invalid value encountered in divide
  T = new_sum / new_sample_count

2026-08-25 12:21:33,506:WARNING:/home/ilyandho/micromamba/envs/pycaret/lib/python3.10/site-packages/sklearn/utils/extmath.py:1162: RuntimeWarning: invalid value encountered in divide
  new_unnormalized_variance -= correction**2 / new_sample_count

2026-08-25 12:21:34,870:WARNING:/home/ilyandho/micromamba/envs/pycaret/lib/python3.10/site-packages/sklearn/utils/extmath.py:1137: RuntimeWarning: invalid value encountered in divide
  updated_mean = (last_sum + new_sum) / updated_sample_count

2026-08-25 12:21:34,870:WARNING:/home/ilyandho/micromamba/envs/pycaret/lib/python3.10/site-packages/sklearn/utils/extmath.py:1142: RuntimeWarning: invalid value encountered in divide
  T = new_sum / new_sample_count

2026-08-25 12:21:34,870:WARNING:/home/ilyandho/micromamba/envs/pycaret/lib/python3.10/site-packages/sklearn/utils/extmath.py:1162: RuntimeWarning: invalid value encountered in divide
  new_unnormalized_variance -= correction**2 / new_sample_count

2026-08-25 12:21:36,329:WARNING:/home/ilyandho/micromamba/envs/pycaret/lib/python3.10/site-packages/sklearn/utils/extmath.py:1137: RuntimeWarning: invalid value encountered in divide
  updated_mean = (last_sum + new_sum) / updated_sample_count

2026-08-25 12:21:36,329:WARNING:/home/ilyandho/micromamba/envs/pycaret/lib/python3.10/site-packages/sklearn/utils/extmath.py:1142: RuntimeWarning: invalid value encountered in divide
  T = new_sum / new_sample_count

2026-08-25 12:21:36,329:WARNING:/home/ilyandho/micromamba/envs/pycaret/lib/python3.10/site-packages/sklearn/utils/extmath.py:1162: RuntimeWarning: invalid value encountered in divide
  new_unnormalized_variance -= correction**2 / new_sample_count

2026-08-25 12:25:51,928:WARNING:/home/ilyandho/micromamba/envs/pycaret/lib/python3.10/site-packages/sklearn/utils/extmath.py:1137: RuntimeWarning: invalid value encountered in divide
  updated_mean = (last_sum + new_sum) / updated_sample_count

2026-08-25 12:25:51,928:WARNING:/home/ilyandho/micromamba/envs/pycaret/lib/python3.10/site-packages/sklearn/utils/extmath.py:1142: RuntimeWarning: invalid value encountered in divide
  T = new_sum / new_sample_count

2026-08-25 12:25:51,929:WARNING:/home/ilyandho/micromamba/envs/pycaret/lib/python3.10/site-packages/sklearn/utils/extmath.py:1162: RuntimeWarning: invalid value encountered in divide
  new_unnormalized_variance -= correction**2 / new_sample_count

2026-08-25 12:25:53,760:WARNING:/home/ilyandho/micromamba/envs/pycaret/lib/python3.10/site-packages/sklearn/utils/extmath.py:1137: RuntimeWarning: invalid value encountered in divide
  updated_mean = (last_sum + new_sum) / updated_sample_count

2026-08-25 12:25:53,761:WARNING:/home/ilyandho/micromamba/envs/pycaret/lib/python3.10/site-packages/sklearn/utils/extmath.py:1142: RuntimeWarning: invalid value encountered in divide
  T = new_sum / new_sample_count

2026-08-25 12:25:53,761:WARNING:/home/ilyandho/micromamba/envs/pycaret/lib/python3.10/site-packages/sklearn/utils/extmath.py:1162: RuntimeWarning: invalid value encountered in divide
  new_unnormalized_variance -= correction**2 / new_sample_count

2026-08-25 12:25:55,477:WARNING:/home/ilyandho/micromamba/envs/pycaret/lib/python3.10/site-packages/sklearn/utils/extmath.py:1137: RuntimeWarning: invalid value encountered in divide
  updated_mean = (last_sum + new_sum) / updated_sample_count

2026-08-25 12:25:55,477:WARNING:/home/ilyandho/micromamba/envs/pycaret/lib/python3.10/site-packages/sklearn/utils/extmath.py:1142: RuntimeWarning: invalid value encountered in divide
  T = new_sum / new_sample_count

2026-08-25 12:25:55,477:WARNING:/home/ilyandho/micromamba/envs/pycaret/lib/python3.10/site-packages/sklearn/utils/extmath.py:1162: RuntimeWarning: invalid value encountered in divide
  new_unnormalized_variance -= correction**2 / new_sample_count

2026-08-25 12:25:56,903:WARNING:/home/ilyandho/micromamba/envs/pycaret/lib/python3.10/site-packages/sklearn/utils/extmath.py:1137: RuntimeWarning: invalid value encountered in divide
  updated_mean = (last_sum + new_sum) / updated_sample_count

2026-08-25 12:25:56,903:WARNING:/home/ilyandho/micromamba/envs/pycaret/lib/python3.10/site-packages/sklearn/utils/extmath.py:1142: RuntimeWarning: invalid value encountered in divide
  T = new_sum / new_sample_count

2026-08-25 12:25:56,903:WARNING:/home/ilyandho/micromamba/envs/pycaret/lib/python3.10/site-packages/sklearn/utils/extmath.py:1162: RuntimeWarning: invalid value encountered in divide
  new_unnormalized_variance -= correction**2 / new_sample_count

2026-08-25 12:28:19,605:WARNING:/home/ilyandho/micromamba/envs/pycaret/lib/python3.10/site-packages/sklearn/utils/extmath.py:1137: RuntimeWarning: invalid value encountered in divide
  updated_mean = (last_sum + new_sum) / updated_sample_count

2026-08-25 12:28:19,605:WARNING:/home/ilyandho/micromamba/envs/pycaret/lib/python3.10/site-packages/sklearn/utils/extmath.py:1142: RuntimeWarning: invalid value encountered in divide
  T = new_sum / new_sample_count

2026-08-25 12:28:19,605:WARNING:/home/ilyandho/micromamba/envs/pycaret/lib/python3.10/site-packages/sklearn/utils/extmath.py:1162: RuntimeWarning: invalid value encountered in divide
  new_unnormalized_variance -= correction**2 / new_sample_count

2026-08-25 12:28:21,080:WARNING:/home/ilyandho/micromamba/envs/pycaret/lib/python3.10/site-packages/sklearn/utils/extmath.py:1137: RuntimeWarning: invalid value encountered in divide
  updated_mean = (last_sum + new_sum) / updated_sample_count

2026-08-25 12:28:21,080:WARNING:/home/ilyandho/micromamba/envs/pycaret/lib/python3.10/site-packages/sklearn/utils/extmath.py:1142: RuntimeWarning: invalid value encountered in divide
  T = new_sum / new_sample_count

2026-08-25 12:28:21,080:WARNING:/home/ilyandho/micromamba/envs/pycaret/lib/python3.10/site-packages/sklearn/utils/extmath.py:1162: RuntimeWarning: invalid value encountered in divide
  new_unnormalized_variance -= correction**2 / new_sample_count

2026-08-25 12:28:22,182:WARNING:/home/ilyandho/micromamba/envs/pycaret/lib/python3.10/site-packages/sklearn/utils/extmath.py:1137: RuntimeWarning: invalid value encountered in divide
  updated_mean = (last_sum + new_sum) / updated_sample_count

2026-08-25 12:28:22,182:WARNING:/home/ilyandho/micromamba/envs/pycaret/lib/python3.10/site-packages/sklearn/utils/extmath.py:1142: RuntimeWarning: invalid value encountered in divide
  T = new_sum / new_sample_count

2026-08-25 12:28:22,182:WARNING:/home/ilyandho/micromamba/envs/pycaret/lib/python3.10/site-packages/sklearn/utils/extmath.py:1162: RuntimeWarning: invalid value encountered in divide
  new_unnormalized_variance -= correction**2 / new_sample_count

2026-08-25 12:28:23,544:WARNING:/home/ilyandho/micromamba/envs/pycaret/lib/python3.10/site-packages/sklearn/utils/extmath.py:1137: RuntimeWarning: invalid value encountered in divide
  updated_mean = (last_sum + new_sum) / updated_sample_count

2026-08-25 12:28:23,544:WARNING:/home/ilyandho/micromamba/envs/pycaret/lib/python3.10/site-packages/sklearn/utils/extmath.py:1142: RuntimeWarning: invalid value encountered in divide
  T = new_sum / new_sample_count

2026-08-25 12:28:23,544:WARNING:/home/ilyandho/micromamba/envs/pycaret/lib/python3.10/site-packages/sklearn/utils/extmath.py:1162: RuntimeWarning: invalid value encountered in divide
  new_unnormalized_variance -= correction**2 / new_sample_count

2026-08-25 12:31:14,055:WARNING:/home/ilyandho/micromamba/envs/pycaret/lib/python3.10/site-packages/sklearn/utils/extmath.py:1137: RuntimeWarning: invalid value encountered in divide
  updated_mean = (last_sum + new_sum) / updated_sample_count

2026-08-25 12:31:14,055:WARNING:/home/ilyandho/micromamba/envs/pycaret/lib/python3.10/site-packages/sklearn/utils/extmath.py:1142: RuntimeWarning: invalid value encountered in divide
  T = new_sum / new_sample_count

2026-08-25 12:31:14,055:WARNING:/home/ilyandho/micromamba/envs/pycaret/lib/python3.10/site-packages/sklearn/utils/extmath.py:1162: RuntimeWarning: invalid value encountered in divide
  new_unnormalized_variance -= correction**2 / new_sample_count

2026-08-25 12:31:15,044:WARNING:/home/ilyandho/micromamba/envs/pycaret/lib/python3.10/site-packages/sklearn/utils/extmath.py:1137: RuntimeWarning: invalid value encountered in divide
  updated_mean = (last_sum + new_sum) / updated_sample_count

2026-08-25 12:31:15,045:WARNING:/home/ilyandho/micromamba/envs/pycaret/lib/python3.10/site-packages/sklearn/utils/extmath.py:1142: RuntimeWarning: invalid value encountered in divide
  T = new_sum / new_sample_count

2026-08-25 12:31:15,045:WARNING:/home/ilyandho/micromamba/envs/pycaret/lib/python3.10/site-packages/sklearn/utils/extmath.py:1162: RuntimeWarning: invalid value encountered in divide
  new_unnormalized_variance -= correction**2 / new_sample_count

2026-08-25 12:31:16,294:WARNING:/home/ilyandho/micromamba/envs/pycaret/lib/python3.10/site-packages/sklearn/utils/extmath.py:1137: RuntimeWarning: invalid value encountered in divide
  updated_mean = (last_sum + new_sum) / updated_sample_count

2026-08-25 12:31:16,295:WARNING:/home/ilyandho/micromamba/envs/pycaret/lib/python3.10/site-packages/sklearn/utils/extmath.py:1142: RuntimeWarning: invalid value encountered in divide
  T = new_sum / new_sample_count

2026-08-25 12:31:16,295:WARNING:/home/ilyandho/micromamba/envs/pycaret/lib/python3.10/site-packages/sklearn/utils/extmath.py:1162: RuntimeWarning: invalid value encountered in divide
  new_unnormalized_variance -= correction**2 / new_sample_count

2026-08-25 12:31:17,699:WARNING:/home/ilyandho/micromamba/envs/pycaret/lib/python3.10/site-packages/sklearn/utils/extmath.py:1137: RuntimeWarning: invalid value encountered in divide
  updated_mean = (last_sum + new_sum) / updated_sample_count

2026-08-25 12:31:17,699:WARNING:/home/ilyandho/micromamba/envs/pycaret/lib/python3.10/site-packages/sklearn/utils/extmath.py:1142: RuntimeWarning: invalid value encountered in divide
  T = new_sum / new_sample_count

2026-08-25 12:31:17,700:WARNING:/home/ilyandho/micromamba/envs/pycaret/lib/python3.10/site-packages/sklearn/utils/extmath.py:1162: RuntimeWarning: invalid value encountered in divide
  new_unnormalized_variance -= correction**2 / new_sample_count

2026-08-25 12:37:57,180:WARNING:/home/ilyandho/micromamba/envs/pycaret/lib/python3.10/site-packages/sklearn/utils/extmath.py:1137: RuntimeWarning: invalid value encountered in divide
  updated_mean = (last_sum + new_sum) / updated_sample_count

2026-08-25 12:37:57,180:WARNING:/home/ilyandho/micromamba/envs/pycaret/lib/python3.10/site-packages/sklearn/utils/extmath.py:1142: RuntimeWarning: invalid value encountered in divide
  T = new_sum / new_sample_count

2026-08-25 12:37:57,181:WARNING:/home/ilyandho/micromamba/envs/pycaret/lib/python3.10/site-packages/sklearn/utils/extmath.py:1162: RuntimeWarning: invalid value encountered in divide
  new_unnormalized_variance -= correction**2 / new_sample_count

2026-08-25 12:37:58,215:WARNING:/home/ilyandho/micromamba/envs/pycaret/lib/python3.10/site-packages/sklearn/utils/extmath.py:1137: RuntimeWarning: invalid value encountered in divide
  updated_mean = (last_sum + new_sum) / updated_sample_count

2026-08-25 12:37:58,216:WARNING:/home/ilyandho/micromamba/envs/pycaret/lib/python3.10/site-packages/sklearn/utils/extmath.py:1142: RuntimeWarning: invalid value encountered in divide
  T = new_sum / new_sample_count

2026-08-25 12:37:58,216:WARNING:/home/ilyandho/micromamba/envs/pycaret/lib/python3.10/site-packages/sklearn/utils/extmath.py:1162: RuntimeWarning: invalid value encountered in divide
  new_unnormalized_variance -= correction**2 / new_sample_count

2026-08-25 12:37:59,519:WARNING:/home/ilyandho/micromamba/envs/pycaret/lib/python3.10/site-packages/sklearn/utils/extmath.py:1137: RuntimeWarning: invalid value encountered in divide
  updated_mean = (last_sum + new_sum) / updated_sample_count

2026-08-25 12:37:59,519:WARNING:/home/ilyandho/micromamba/envs/pycaret/lib/python3.10/site-packages/sklearn/utils/extmath.py:1142: RuntimeWarning: invalid value encountered in divide
  T = new_sum / new_sample_count

2026-08-25 12:37:59,519:WARNING:/home/ilyandho/micromamba/envs/pycaret/lib/python3.10/site-packages/sklearn/utils/extmath.py:1162: RuntimeWarning: invalid value encountered in divide
  new_unnormalized_variance -= correction**2 / new_sample_count

2026-08-25 12:38:00,968:WARNING:/home/ilyandho/micromamba/envs/pycaret/lib/python3.10/site-packages/sklearn/utils/extmath.py:1137: RuntimeWarning: invalid value encountered in divide
  updated_mean = (last_sum + new_sum) / updated_sample_count

2026-08-25 12:38:00,968:WARNING:/home/ilyandho/micromamba/envs/pycaret/lib/python3.10/site-packages/sklearn/utils/extmath.py:1142: RuntimeWarning: invalid value encountered in divide
  T = new_sum / new_sample_count

2026-08-25 12:38:00,969:WARNING:/home/ilyandho/micromamba/envs/pycaret/lib/python3.10/site-packages/sklearn/utils/extmath.py:1162: RuntimeWarning: invalid value encountered in divide
  new_unnormalized_variance -= correction**2 / new_sample_count

2026-08-25 12:45:25,488:WARNING:/home/ilyandho/micromamba/envs/pycaret/lib/python3.10/site-packages/sklearn/utils/extmath.py:1137: RuntimeWarning: invalid value encountered in divide
  updated_mean = (last_sum + new_sum) / updated_sample_count

2026-08-25 12:45:25,488:WARNING:/home/ilyandho/micromamba/envs/pycaret/lib/python3.10/site-packages/sklearn/utils/extmath.py:1142: RuntimeWarning: invalid value encountered in divide
  T = new_sum / new_sample_count

2026-08-25 12:45:25,488:WARNING:/home/ilyandho/micromamba/envs/pycaret/lib/python3.10/site-packages/sklearn/utils/extmath.py:1162: RuntimeWarning: invalid value encountered in divide
  new_unnormalized_variance -= correction**2 / new_sample_count

2026-08-25 12:45:26,404:WARNING:/home/ilyandho/micromamba/envs/pycaret/lib/python3.10/site-packages/sklearn/utils/extmath.py:1137: RuntimeWarning: invalid value encountered in divide
  updated_mean = (last_sum + new_sum) / updated_sample_count

2026-08-25 12:45:26,405:WARNING:/home/ilyandho/micromamba/envs/pycaret/lib/python3.10/site-packages/sklearn/utils/extmath.py:1142: RuntimeWarning: invalid value encountered in divide
  T = new_sum / new_sample_count

2026-08-25 12:45:26,405:WARNING:/home/ilyandho/micromamba/envs/pycaret/lib/python3.10/site-packages/sklearn/utils/extmath.py:1162: RuntimeWarning: invalid value encountered in divide
  new_unnormalized_variance -= correction**2 / new_sample_count

2026-08-25 12:45:27,515:WARNING:/home/ilyandho/micromamba/envs/pycaret/lib/python3.10/site-packages/sklearn/utils/extmath.py:1137: RuntimeWarning: invalid value encountered in divide
  updated_mean = (last_sum + new_sum) / updated_sample_count

2026-08-25 12:45:27,515:WARNING:/home/ilyandho/micromamba/envs/pycaret/lib/python3.10/site-packages/sklearn/utils/extmath.py:1142: RuntimeWarning: invalid value encountered in divide
  T = new_sum / new_sample_count

2026-08-25 12:45:27,516:WARNING:/home/ilyandho/micromamba/envs/pycaret/lib/python3.10/site-packages/sklearn/utils/extmath.py:1162: RuntimeWarning: invalid value encountered in divide
  new_unnormalized_variance -= correction**2 / new_sample_count

2026-08-25 12:45:28,866:WARNING:/home/ilyandho/micromamba/envs/pycaret/lib/python3.10/site-packages/sklearn/utils/extmath.py:1137: RuntimeWarning: invalid value encountered in divide
  updated_mean = (last_sum + new_sum) / updated_sample_count

2026-08-25 12:45:28,866:WARNING:/home/ilyandho/micromamba/envs/pycaret/lib/python3.10/site-packages/sklearn/utils/extmath.py:1142: RuntimeWarning: invalid value encountered in divide
  T = new_sum / new_sample_count

2026-08-25 12:45:28,866:WARNING:/home/ilyandho/micromamba/envs/pycaret/lib/python3.10/site-packages/sklearn/utils/extmath.py:1162: RuntimeWarning: invalid value encountered in divide
  new_unnormalized_variance -= correction**2 / new_sample_count

2026-08-25 12:46:24,208:WARNING:/home/ilyandho/micromamba/envs/pycaret/lib/python3.10/site-packages/joblib/externals/loky/process_executor.py:752: UserWarning: A worker stopped while some jobs were given to the executor. This can be caused by a too short worker timeout or by a memory leak.
  warnings.warn(

2026-08-25 12:49:00,277:WARNING:/home/ilyandho/micromamba/envs/pycaret/lib/python3.10/site-packages/sklearn/utils/extmath.py:1137: RuntimeWarning: invalid value encountered in divide
  updated_mean = (last_sum + new_sum) / updated_sample_count

2026-08-25 12:49:00,278:WARNING:/home/ilyandho/micromamba/envs/pycaret/lib/python3.10/site-packages/sklearn/utils/extmath.py:1142: RuntimeWarning: invalid value encountered in divide
  T = new_sum / new_sample_count

2026-08-25 12:49:00,278:WARNING:/home/ilyandho/micromamba/envs/pycaret/lib/python3.10/site-packages/sklearn/utils/extmath.py:1162: RuntimeWarning: invalid value encountered in divide
  new_unnormalized_variance -= correction**2 / new_sample_count

2026-08-25 12:49:01,157:WARNING:/home/ilyandho/micromamba/envs/pycaret/lib/python3.10/site-packages/sklearn/utils/extmath.py:1137: RuntimeWarning: invalid value encountered in divide
  updated_mean = (last_sum + new_sum) / updated_sample_count

2026-08-25 12:49:01,157:WARNING:/home/ilyandho/micromamba/envs/pycaret/lib/python3.10/site-packages/sklearn/utils/extmath.py:1142: RuntimeWarning: invalid value encountered in divide
  T = new_sum / new_sample_count

2026-08-25 12:49:01,158:WARNING:/home/ilyandho/micromamba/envs/pycaret/lib/python3.10/site-packages/sklearn/utils/extmath.py:1162: RuntimeWarning: invalid value encountered in divide
  new_unnormalized_variance -= correction**2 / new_sample_count

2026-08-25 12:49:02,392:WARNING:/home/ilyandho/micromamba/envs/pycaret/lib/python3.10/site-packages/sklearn/utils/extmath.py:1137: RuntimeWarning: invalid value encountered in divide
  updated_mean = (last_sum + new_sum) / updated_sample_count

2026-08-25 12:49:02,393:WARNING:/home/ilyandho/micromamba/envs/pycaret/lib/python3.10/site-packages/sklearn/utils/extmath.py:1142: RuntimeWarning: invalid value encountered in divide
  T = new_sum / new_sample_count

2026-08-25 12:49:02,393:WARNING:/home/ilyandho/micromamba/envs/pycaret/lib/python3.10/site-packages/sklearn/utils/extmath.py:1162: RuntimeWarning: invalid value encountered in divide
  new_unnormalized_variance -= correction**2 / new_sample_count

2026-08-25 12:49:03,718:WARNING:/home/ilyandho/micromamba/envs/pycaret/lib/python3.10/site-packages/sklearn/utils/extmath.py:1137: RuntimeWarning: invalid value encountered in divide
  updated_mean = (last_sum + new_sum) / updated_sample_count

2026-08-25 12:49:03,718:WARNING:/home/ilyandho/micromamba/envs/pycaret/lib/python3.10/site-packages/sklearn/utils/extmath.py:1142: RuntimeWarning: invalid value encountered in divide
  T = new_sum / new_sample_count

2026-08-25 12:49:03,719:WARNING:/home/ilyandho/micromamba/envs/pycaret/lib/python3.10/site-packages/sklearn/utils/extmath.py:1162: RuntimeWarning: invalid value encountered in divide
  new_unnormalized_variance -= correction**2 / new_sample_count

2026-08-25 12:51:45,507:WARNING:/home/ilyandho/micromamba/envs/pycaret/lib/python3.10/site-packages/joblib/externals/loky/process_executor.py:752: UserWarning: A worker stopped while some jobs were given to the executor. This can be caused by a too short worker timeout or by a memory leak.
  warnings.warn(

2026-08-25 12:57:20,733:WARNING:/home/ilyandho/micromamba/envs/pycaret/lib/python3.10/site-packages/sklearn/utils/extmath.py:1137: RuntimeWarning: invalid value encountered in divide
  updated_mean = (last_sum + new_sum) / updated_sample_count

2026-08-25 12:57:20,733:WARNING:/home/ilyandho/micromamba/envs/pycaret/lib/python3.10/site-packages/sklearn/utils/extmath.py:1142: RuntimeWarning: invalid value encountered in divide
  T = new_sum / new_sample_count

2026-08-25 12:57:20,734:WARNING:/home/ilyandho/micromamba/envs/pycaret/lib/python3.10/site-packages/sklearn/utils/extmath.py:1162: RuntimeWarning: invalid value encountered in divide
  new_unnormalized_variance -= correction**2 / new_sample_count

2026-08-25 12:57:21,605:WARNING:/home/ilyandho/micromamba/envs/pycaret/lib/python3.10/site-packages/sklearn/utils/extmath.py:1137: RuntimeWarning: invalid value encountered in divide
  updated_mean = (last_sum + new_sum) / updated_sample_count

2026-08-25 12:57:21,605:WARNING:/home/ilyandho/micromamba/envs/pycaret/lib/python3.10/site-packages/sklearn/utils/extmath.py:1142: RuntimeWarning: invalid value encountered in divide
  T = new_sum / new_sample_count

2026-08-25 12:57:21,606:WARNING:/home/ilyandho/micromamba/envs/pycaret/lib/python3.10/site-packages/sklearn/utils/extmath.py:1162: RuntimeWarning: invalid value encountered in divide
  new_unnormalized_variance -= correction**2 / new_sample_count

2026-08-25 12:57:22,783:WARNING:/home/ilyandho/micromamba/envs/pycaret/lib/python3.10/site-packages/sklearn/utils/extmath.py:1137: RuntimeWarning: invalid value encountered in divide
  updated_mean = (last_sum + new_sum) / updated_sample_count

2026-08-25 12:57:22,783:WARNING:/home/ilyandho/micromamba/envs/pycaret/lib/python3.10/site-packages/sklearn/utils/extmath.py:1142: RuntimeWarning: invalid value encountered in divide
  T = new_sum / new_sample_count

2026-08-25 12:57:22,783:WARNING:/home/ilyandho/micromamba/envs/pycaret/lib/python3.10/site-packages/sklearn/utils/extmath.py:1162: RuntimeWarning: invalid value encountered in divide
  new_unnormalized_variance -= correction**2 / new_sample_count

2026-08-25 12:57:24,070:WARNING:/home/ilyandho/micromamba/envs/pycaret/lib/python3.10/site-packages/sklearn/utils/extmath.py:1137: RuntimeWarning: invalid value encountered in divide
  updated_mean = (last_sum + new_sum) / updated_sample_count

2026-08-25 12:57:24,070:WARNING:/home/ilyandho/micromamba/envs/pycaret/lib/python3.10/site-packages/sklearn/utils/extmath.py:1142: RuntimeWarning: invalid value encountered in divide
  T = new_sum / new_sample_count

2026-08-25 12:57:24,071:WARNING:/home/ilyandho/micromamba/envs/pycaret/lib/python3.10/site-packages/sklearn/utils/extmath.py:1162: RuntimeWarning: invalid value encountered in divide
  new_unnormalized_variance -= correction**2 / new_sample_count

2026-08-25 13:01:21,170:WARNING:/home/ilyandho/micromamba/envs/pycaret/lib/python3.10/site-packages/sklearn/utils/extmath.py:1137: RuntimeWarning: invalid value encountered in divide
  updated_mean = (last_sum + new_sum) / updated_sample_count

2026-08-25 13:01:21,171:WARNING:/home/ilyandho/micromamba/envs/pycaret/lib/python3.10/site-packages/sklearn/utils/extmath.py:1142: RuntimeWarning: invalid value encountered in divide
  T = new_sum / new_sample_count

2026-08-25 13:01:21,171:WARNING:/home/ilyandho/micromamba/envs/pycaret/lib/python3.10/site-packages/sklearn/utils/extmath.py:1162: RuntimeWarning: invalid value encountered in divide
  new_unnormalized_variance -= correction**2 / new_sample_count

2026-08-25 13:01:21,965:WARNING:/home/ilyandho/micromamba/envs/pycaret/lib/python3.10/site-packages/sklearn/utils/extmath.py:1137: RuntimeWarning: invalid value encountered in divide
  updated_mean = (last_sum + new_sum) / updated_sample_count

2026-08-25 13:01:21,965:WARNING:/home/ilyandho/micromamba/envs/pycaret/lib/python3.10/site-packages/sklearn/utils/extmath.py:1142: RuntimeWarning: invalid value encountered in divide
  T = new_sum / new_sample_count

2026-08-25 13:01:21,965:WARNING:/home/ilyandho/micromamba/envs/pycaret/lib/python3.10/site-packages/sklearn/utils/extmath.py:1162: RuntimeWarning: invalid value encountered in divide
  new_unnormalized_variance -= correction**2 / new_sample_count

2026-08-25 13:01:23,177:WARNING:/home/ilyandho/micromamba/envs/pycaret/lib/python3.10/site-packages/sklearn/utils/extmath.py:1137: RuntimeWarning: invalid value encountered in divide
  updated_mean = (last_sum + new_sum) / updated_sample_count

2026-08-25 13:01:23,177:WARNING:/home/ilyandho/micromamba/envs/pycaret/lib/python3.10/site-packages/sklearn/utils/extmath.py:1142: RuntimeWarning: invalid value encountered in divide
  T = new_sum / new_sample_count

2026-08-25 13:01:23,177:WARNING:/home/ilyandho/micromamba/envs/pycaret/lib/python3.10/site-packages/sklearn/utils/extmath.py:1162: RuntimeWarning: invalid value encountered in divide
  new_unnormalized_variance -= correction**2 / new_sample_count

2026-08-25 13:01:24,450:WARNING:/home/ilyandho/micromamba/envs/pycaret/lib/python3.10/site-packages/sklearn/utils/extmath.py:1137: RuntimeWarning: invalid value encountered in divide
  updated_mean = (last_sum + new_sum) / updated_sample_count

2026-08-25 13:01:24,451:WARNING:/home/ilyandho/micromamba/envs/pycaret/lib/python3.10/site-packages/sklearn/utils/extmath.py:1142: RuntimeWarning: invalid value encountered in divide
  T = new_sum / new_sample_count

2026-08-25 13:01:24,451:WARNING:/home/ilyandho/micromamba/envs/pycaret/lib/python3.10/site-packages/sklearn/utils/extmath.py:1162: RuntimeWarning: invalid value encountered in divide
  new_unnormalized_variance -= correction**2 / new_sample_count

2026-08-25 13:05:44,529:WARNING:/home/ilyandho/micromamba/envs/pycaret/lib/python3.10/site-packages/sklearn/utils/extmath.py:1137: RuntimeWarning: invalid value encountered in divide
  updated_mean = (last_sum + new_sum) / updated_sample_count

2026-08-25 13:05:44,529:WARNING:/home/ilyandho/micromamba/envs/pycaret/lib/python3.10/site-packages/sklearn/utils/extmath.py:1142: RuntimeWarning: invalid value encountered in divide
  T = new_sum / new_sample_count

2026-08-25 13:05:44,529:WARNING:/home/ilyandho/micromamba/envs/pycaret/lib/python3.10/site-packages/sklearn/utils/extmath.py:1162: RuntimeWarning: invalid value encountered in divide
  new_unnormalized_variance -= correction**2 / new_sample_count

2026-08-25 13:05:45,372:WARNING:/home/ilyandho/micromamba/envs/pycaret/lib/python3.10/site-packages/sklearn/utils/extmath.py:1137: RuntimeWarning: invalid value encountered in divide
  updated_mean = (last_sum + new_sum) / updated_sample_count

2026-08-25 13:05:45,372:WARNING:/home/ilyandho/micromamba/envs/pycaret/lib/python3.10/site-packages/sklearn/utils/extmath.py:1142: RuntimeWarning: invalid value encountered in divide
  T = new_sum / new_sample_count

2026-08-25 13:05:45,372:WARNING:/home/ilyandho/micromamba/envs/pycaret/lib/python3.10/site-packages/sklearn/utils/extmath.py:1162: RuntimeWarning: invalid value encountered in divide
  new_unnormalized_variance -= correction**2 / new_sample_count

2026-08-25 13:05:46,588:WARNING:/home/ilyandho/micromamba/envs/pycaret/lib/python3.10/site-packages/sklearn/utils/extmath.py:1137: RuntimeWarning: invalid value encountered in divide
  updated_mean = (last_sum + new_sum) / updated_sample_count

2026-08-25 13:05:46,588:WARNING:/home/ilyandho/micromamba/envs/pycaret/lib/python3.10/site-packages/sklearn/utils/extmath.py:1142: RuntimeWarning: invalid value encountered in divide
  T = new_sum / new_sample_count

2026-08-25 13:05:46,588:WARNING:/home/ilyandho/micromamba/envs/pycaret/lib/python3.10/site-packages/sklearn/utils/extmath.py:1162: RuntimeWarning: invalid value encountered in divide
  new_unnormalized_variance -= correction**2 / new_sample_count

2026-08-25 13:05:47,898:WARNING:/home/ilyandho/micromamba/envs/pycaret/lib/python3.10/site-packages/sklearn/utils/extmath.py:1137: RuntimeWarning: invalid value encountered in divide
  updated_mean = (last_sum + new_sum) / updated_sample_count

2026-08-25 13:05:47,898:WARNING:/home/ilyandho/micromamba/envs/pycaret/lib/python3.10/site-packages/sklearn/utils/extmath.py:1142: RuntimeWarning: invalid value encountered in divide
  T = new_sum / new_sample_count

2026-08-25 13:05:47,898:WARNING:/home/ilyandho/micromamba/envs/pycaret/lib/python3.10/site-packages/sklearn/utils/extmath.py:1162: RuntimeWarning: invalid value encountered in divide
  new_unnormalized_variance -= correction**2 / new_sample_count

2026-08-25 13:10:18,850:WARNING:/home/ilyandho/micromamba/envs/pycaret/lib/python3.10/site-packages/sklearn/utils/extmath.py:1137: RuntimeWarning: invalid value encountered in divide
  updated_mean = (last_sum + new_sum) / updated_sample_count

2026-08-25 13:10:18,850:WARNING:/home/ilyandho/micromamba/envs/pycaret/lib/python3.10/site-packages/sklearn/utils/extmath.py:1142: RuntimeWarning: invalid value encountered in divide
  T = new_sum / new_sample_count

2026-08-25 13:10:18,850:WARNING:/home/ilyandho/micromamba/envs/pycaret/lib/python3.10/site-packages/sklearn/utils/extmath.py:1162: RuntimeWarning: invalid value encountered in divide
  new_unnormalized_variance -= correction**2 / new_sample_count

2026-08-25 13:10:19,713:WARNING:/home/ilyandho/micromamba/envs/pycaret/lib/python3.10/site-packages/sklearn/utils/extmath.py:1137: RuntimeWarning: invalid value encountered in divide
  updated_mean = (last_sum + new_sum) / updated_sample_count

2026-08-25 13:10:19,713:WARNING:/home/ilyandho/micromamba/envs/pycaret/lib/python3.10/site-packages/sklearn/utils/extmath.py:1142: RuntimeWarning: invalid value encountered in divide
  T = new_sum / new_sample_count

2026-08-25 13:10:19,714:WARNING:/home/ilyandho/micromamba/envs/pycaret/lib/python3.10/site-packages/sklearn/utils/extmath.py:1162: RuntimeWarning: invalid value encountered in divide
  new_unnormalized_variance -= correction**2 / new_sample_count

2026-08-25 13:10:20,893:WARNING:/home/ilyandho/micromamba/envs/pycaret/lib/python3.10/site-packages/sklearn/utils/extmath.py:1137: RuntimeWarning: invalid value encountered in divide
  updated_mean = (last_sum + new_sum) / updated_sample_count

2026-08-25 13:10:20,893:WARNING:/home/ilyandho/micromamba/envs/pycaret/lib/python3.10/site-packages/sklearn/utils/extmath.py:1142: RuntimeWarning: invalid value encountered in divide
  T = new_sum / new_sample_count

2026-08-25 13:10:20,894:WARNING:/home/ilyandho/micromamba/envs/pycaret/lib/python3.10/site-packages/sklearn/utils/extmath.py:1162: RuntimeWarning: invalid value encountered in divide
  new_unnormalized_variance -= correction**2 / new_sample_count

2026-08-25 13:10:22,206:WARNING:/home/ilyandho/micromamba/envs/pycaret/lib/python3.10/site-packages/sklearn/utils/extmath.py:1137: RuntimeWarning: invalid value encountered in divide
  updated_mean = (last_sum + new_sum) / updated_sample_count

2026-08-25 13:10:22,206:WARNING:/home/ilyandho/micromamba/envs/pycaret/lib/python3.10/site-packages/sklearn/utils/extmath.py:1142: RuntimeWarning: invalid value encountered in divide
  T = new_sum / new_sample_count

2026-08-25 13:10:22,207:WARNING:/home/ilyandho/micromamba/envs/pycaret/lib/python3.10/site-packages/sklearn/utils/extmath.py:1162: RuntimeWarning: invalid value encountered in divide
  new_unnormalized_variance -= correction**2 / new_sample_count

2026-08-25 13:13:13,176:WARNING:/home/ilyandho/micromamba/envs/pycaret/lib/python3.10/site-packages/joblib/externals/loky/process_executor.py:752: UserWarning: A worker stopped while some jobs were given to the executor. This can be caused by a too short worker timeout or by a memory leak.
  warnings.warn(

2026-08-25 13:22:14,815:WARNING:/home/ilyandho/micromamba/envs/pycaret/lib/python3.10/site-packages/sklearn/utils/extmath.py:1137: RuntimeWarning: invalid value encountered in divide
  updated_mean = (last_sum + new_sum) / updated_sample_count

2026-08-25 13:22:14,815:WARNING:/home/ilyandho/micromamba/envs/pycaret/lib/python3.10/site-packages/sklearn/utils/extmath.py:1142: RuntimeWarning: invalid value encountered in divide
  T = new_sum / new_sample_count

2026-08-25 13:22:14,815:WARNING:/home/ilyandho/micromamba/envs/pycaret/lib/python3.10/site-packages/sklearn/utils/extmath.py:1162: RuntimeWarning: invalid value encountered in divide
  new_unnormalized_variance -= correction**2 / new_sample_count

2026-08-25 13:22:16,275:WARNING:/home/ilyandho/micromamba/envs/pycaret/lib/python3.10/site-packages/sklearn/utils/extmath.py:1137: RuntimeWarning: invalid value encountered in divide
  updated_mean = (last_sum + new_sum) / updated_sample_count

2026-08-25 13:22:16,275:WARNING:/home/ilyandho/micromamba/envs/pycaret/lib/python3.10/site-packages/sklearn/utils/extmath.py:1142: RuntimeWarning: invalid value encountered in divide
  T = new_sum / new_sample_count

2026-08-25 13:22:16,276:WARNING:/home/ilyandho/micromamba/envs/pycaret/lib/python3.10/site-packages/sklearn/utils/extmath.py:1162: RuntimeWarning: invalid value encountered in divide
  new_unnormalized_variance -= correction**2 / new_sample_count

2026-08-25 13:22:18,817:WARNING:/home/ilyandho/micromamba/envs/pycaret/lib/python3.10/site-packages/sklearn/utils/extmath.py:1137: RuntimeWarning: invalid value encountered in divide
  updated_mean = (last_sum + new_sum) / updated_sample_count

2026-08-25 13:22:18,817:WARNING:/home/ilyandho/micromamba/envs/pycaret/lib/python3.10/site-packages/sklearn/utils/extmath.py:1142: RuntimeWarning: invalid value encountered in divide
  T = new_sum / new_sample_count

2026-08-25 13:22:18,818:WARNING:/home/ilyandho/micromamba/envs/pycaret/lib/python3.10/site-packages/sklearn/utils/extmath.py:1162: RuntimeWarning: invalid value encountered in divide
  new_unnormalized_variance -= correction**2 / new_sample_count

2026-08-25 13:22:20,093:WARNING:/home/ilyandho/micromamba/envs/pycaret/lib/python3.10/site-packages/sklearn/utils/extmath.py:1137: RuntimeWarning: invalid value encountered in divide
  updated_mean = (last_sum + new_sum) / updated_sample_count

2026-08-25 13:22:20,093:WARNING:/home/ilyandho/micromamba/envs/pycaret/lib/python3.10/site-packages/sklearn/utils/extmath.py:1142: RuntimeWarning: invalid value encountered in divide
  T = new_sum / new_sample_count

2026-08-25 13:22:20,093:WARNING:/home/ilyandho/micromamba/envs/pycaret/lib/python3.10/site-packages/sklearn/utils/extmath.py:1162: RuntimeWarning: invalid value encountered in divide
  new_unnormalized_variance -= correction**2 / new_sample_count

2026-08-25 13:27:26,136:WARNING:/home/ilyandho/micromamba/envs/pycaret/lib/python3.10/site-packages/sklearn/utils/extmath.py:1137: RuntimeWarning: invalid value encountered in divide
  updated_mean = (last_sum + new_sum) / updated_sample_count

2026-08-25 13:27:26,137:WARNING:/home/ilyandho/micromamba/envs/pycaret/lib/python3.10/site-packages/sklearn/utils/extmath.py:1142: RuntimeWarning: invalid value encountered in divide
  T = new_sum / new_sample_count

2026-08-25 13:27:26,137:WARNING:/home/ilyandho/micromamba/envs/pycaret/lib/python3.10/site-packages/sklearn/utils/extmath.py:1162: RuntimeWarning: invalid value encountered in divide
  new_unnormalized_variance -= correction**2 / new_sample_count

2026-08-25 13:27:26,988:WARNING:/home/ilyandho/micromamba/envs/pycaret/lib/python3.10/site-packages/sklearn/utils/extmath.py:1137: RuntimeWarning: invalid value encountered in divide
  updated_mean = (last_sum + new_sum) / updated_sample_count

2026-08-25 13:27:26,988:WARNING:/home/ilyandho/micromamba/envs/pycaret/lib/python3.10/site-packages/sklearn/utils/extmath.py:1142: RuntimeWarning: invalid value encountered in divide
  T = new_sum / new_sample_count

2026-08-25 13:27:26,988:WARNING:/home/ilyandho/micromamba/envs/pycaret/lib/python3.10/site-packages/sklearn/utils/extmath.py:1162: RuntimeWarning: invalid value encountered in divide
  new_unnormalized_variance -= correction**2 / new_sample_count

2026-08-25 13:27:28,541:WARNING:/home/ilyandho/micromamba/envs/pycaret/lib/python3.10/site-packages/sklearn/utils/extmath.py:1137: RuntimeWarning: invalid value encountered in divide
  updated_mean = (last_sum + new_sum) / updated_sample_count

2026-08-25 13:27:28,541:WARNING:/home/ilyandho/micromamba/envs/pycaret/lib/python3.10/site-packages/sklearn/utils/extmath.py:1142: RuntimeWarning: invalid value encountered in divide
  T = new_sum / new_sample_count

2026-08-25 13:27:28,542:WARNING:/home/ilyandho/micromamba/envs/pycaret/lib/python3.10/site-packages/sklearn/utils/extmath.py:1162: RuntimeWarning: invalid value encountered in divide
  new_unnormalized_variance -= correction**2 / new_sample_count

2026-08-25 13:27:29,979:WARNING:/home/ilyandho/micromamba/envs/pycaret/lib/python3.10/site-packages/sklearn/utils/extmath.py:1137: RuntimeWarning: invalid value encountered in divide
  updated_mean = (last_sum + new_sum) / updated_sample_count

2026-08-25 13:27:29,979:WARNING:/home/ilyandho/micromamba/envs/pycaret/lib/python3.10/site-packages/sklearn/utils/extmath.py:1142: RuntimeWarning: invalid value encountered in divide
  T = new_sum / new_sample_count

2026-08-25 13:27:29,980:WARNING:/home/ilyandho/micromamba/envs/pycaret/lib/python3.10/site-packages/sklearn/utils/extmath.py:1162: RuntimeWarning: invalid value encountered in divide
  new_unnormalized_variance -= correction**2 / new_sample_count

2026-08-25 13:40:41,618:WARNING:/home/ilyandho/micromamba/envs/pycaret/lib/python3.10/site-packages/sklearn/utils/extmath.py:1137: RuntimeWarning: invalid value encountered in divide
  updated_mean = (last_sum + new_sum) / updated_sample_count

2026-08-25 13:40:41,619:WARNING:/home/ilyandho/micromamba/envs/pycaret/lib/python3.10/site-packages/sklearn/utils/extmath.py:1142: RuntimeWarning: invalid value encountered in divide
  T = new_sum / new_sample_count

2026-08-25 13:40:41,619:WARNING:/home/ilyandho/micromamba/envs/pycaret/lib/python3.10/site-packages/sklearn/utils/extmath.py:1162: RuntimeWarning: invalid value encountered in divide
  new_unnormalized_variance -= correction**2 / new_sample_count

2026-08-25 13:40:42,372:WARNING:/home/ilyandho/micromamba/envs/pycaret/lib/python3.10/site-packages/sklearn/utils/extmath.py:1137: RuntimeWarning: invalid value encountered in divide
  updated_mean = (last_sum + new_sum) / updated_sample_count

2026-08-25 13:40:42,372:WARNING:/home/ilyandho/micromamba/envs/pycaret/lib/python3.10/site-packages/sklearn/utils/extmath.py:1142: RuntimeWarning: invalid value encountered in divide
  T = new_sum / new_sample_count

2026-08-25 13:40:42,372:WARNING:/home/ilyandho/micromamba/envs/pycaret/lib/python3.10/site-packages/sklearn/utils/extmath.py:1162: RuntimeWarning: invalid value encountered in divide
  new_unnormalized_variance -= correction**2 / new_sample_count

2026-08-25 13:40:43,451:WARNING:/home/ilyandho/micromamba/envs/pycaret/lib/python3.10/site-packages/sklearn/utils/extmath.py:1137: RuntimeWarning: invalid value encountered in divide
  updated_mean = (last_sum + new_sum) / updated_sample_count

2026-08-25 13:40:43,452:WARNING:/home/ilyandho/micromamba/envs/pycaret/lib/python3.10/site-packages/sklearn/utils/extmath.py:1142: RuntimeWarning: invalid value encountered in divide
  T = new_sum / new_sample_count

2026-08-25 13:40:43,452:WARNING:/home/ilyandho/micromamba/envs/pycaret/lib/python3.10/site-packages/sklearn/utils/extmath.py:1162: RuntimeWarning: invalid value encountered in divide
  new_unnormalized_variance -= correction**2 / new_sample_count

2026-08-25 13:40:44,634:WARNING:/home/ilyandho/micromamba/envs/pycaret/lib/python3.10/site-packages/sklearn/utils/extmath.py:1137: RuntimeWarning: invalid value encountered in divide
  updated_mean = (last_sum + new_sum) / updated_sample_count

2026-08-25 13:40:44,634:WARNING:/home/ilyandho/micromamba/envs/pycaret/lib/python3.10/site-packages/sklearn/utils/extmath.py:1142: RuntimeWarning: invalid value encountered in divide
  T = new_sum / new_sample_count

2026-08-25 13:40:44,634:WARNING:/home/ilyandho/micromamba/envs/pycaret/lib/python3.10/site-packages/sklearn/utils/extmath.py:1162: RuntimeWarning: invalid value encountered in divide
  new_unnormalized_variance -= correction**2 / new_sample_count

2026-08-25 13:54:28,706:WARNING:/home/ilyandho/micromamba/envs/pycaret/lib/python3.10/site-packages/sklearn/utils/extmath.py:1137: RuntimeWarning: invalid value encountered in divide
  updated_mean = (last_sum + new_sum) / updated_sample_count

2026-08-25 13:54:28,707:WARNING:/home/ilyandho/micromamba/envs/pycaret/lib/python3.10/site-packages/sklearn/utils/extmath.py:1142: RuntimeWarning: invalid value encountered in divide
  T = new_sum / new_sample_count

2026-08-25 13:54:28,707:WARNING:/home/ilyandho/micromamba/envs/pycaret/lib/python3.10/site-packages/sklearn/utils/extmath.py:1162: RuntimeWarning: invalid value encountered in divide
  new_unnormalized_variance -= correction**2 / new_sample_count

2026-08-25 13:54:29,915:WARNING:/home/ilyandho/micromamba/envs/pycaret/lib/python3.10/site-packages/sklearn/utils/extmath.py:1137: RuntimeWarning: invalid value encountered in divide
  updated_mean = (last_sum + new_sum) / updated_sample_count

2026-08-25 13:54:29,915:WARNING:/home/ilyandho/micromamba/envs/pycaret/lib/python3.10/site-packages/sklearn/utils/extmath.py:1142: RuntimeWarning: invalid value encountered in divide
  T = new_sum / new_sample_count

2026-08-25 13:54:29,916:WARNING:/home/ilyandho/micromamba/envs/pycaret/lib/python3.10/site-packages/sklearn/utils/extmath.py:1162: RuntimeWarning: invalid value encountered in divide
  new_unnormalized_variance -= correction**2 / new_sample_count

2026-08-25 13:54:31,763:WARNING:/home/ilyandho/micromamba/envs/pycaret/lib/python3.10/site-packages/sklearn/utils/extmath.py:1137: RuntimeWarning: invalid value encountered in divide
  updated_mean = (last_sum + new_sum) / updated_sample_count

2026-08-25 13:54:31,763:WARNING:/home/ilyandho/micromamba/envs/pycaret/lib/python3.10/site-packages/sklearn/utils/extmath.py:1142: RuntimeWarning: invalid value encountered in divide
  T = new_sum / new_sample_count

2026-08-25 13:54:31,763:WARNING:/home/ilyandho/micromamba/envs/pycaret/lib/python3.10/site-packages/sklearn/utils/extmath.py:1162: RuntimeWarning: invalid value encountered in divide
  new_unnormalized_variance -= correction**2 / new_sample_count

2026-08-25 13:54:33,256:WARNING:/home/ilyandho/micromamba/envs/pycaret/lib/python3.10/site-packages/sklearn/utils/extmath.py:1137: RuntimeWarning: invalid value encountered in divide
  updated_mean = (last_sum + new_sum) / updated_sample_count

2026-08-25 13:54:33,256:WARNING:/home/ilyandho/micromamba/envs/pycaret/lib/python3.10/site-packages/sklearn/utils/extmath.py:1142: RuntimeWarning: invalid value encountered in divide
  T = new_sum / new_sample_count

2026-08-25 13:54:33,256:WARNING:/home/ilyandho/micromamba/envs/pycaret/lib/python3.10/site-packages/sklearn/utils/extmath.py:1162: RuntimeWarning: invalid value encountered in divide
  new_unnormalized_variance -= correction**2 / new_sample_count

2026-08-25 13:58:45,523:WARNING:/home/ilyandho/micromamba/envs/pycaret/lib/python3.10/site-packages/joblib/externals/loky/process_executor.py:752: UserWarning: A worker stopped while some jobs were given to the executor. This can be caused by a too short worker timeout or by a memory leak.
  warnings.warn(

2026-08-25 14:00:12,071:WARNING:/home/ilyandho/micromamba/envs/pycaret/lib/python3.10/site-packages/sklearn/utils/extmath.py:1137: RuntimeWarning: invalid value encountered in divide
  updated_mean = (last_sum + new_sum) / updated_sample_count

2026-08-25 14:00:12,072:WARNING:/home/ilyandho/micromamba/envs/pycaret/lib/python3.10/site-packages/sklearn/utils/extmath.py:1142: RuntimeWarning: invalid value encountered in divide
  T = new_sum / new_sample_count

2026-08-25 14:00:12,072:WARNING:/home/ilyandho/micromamba/envs/pycaret/lib/python3.10/site-packages/sklearn/utils/extmath.py:1162: RuntimeWarning: invalid value encountered in divide
  new_unnormalized_variance -= correction**2 / new_sample_count

2026-08-25 14:00:12,973:WARNING:/home/ilyandho/micromamba/envs/pycaret/lib/python3.10/site-packages/sklearn/utils/extmath.py:1137: RuntimeWarning: invalid value encountered in divide
  updated_mean = (last_sum + new_sum) / updated_sample_count

2026-08-25 14:00:12,973:WARNING:/home/ilyandho/micromamba/envs/pycaret/lib/python3.10/site-packages/sklearn/utils/extmath.py:1142: RuntimeWarning: invalid value encountered in divide
  T = new_sum / new_sample_count

2026-08-25 14:00:12,973:WARNING:/home/ilyandho/micromamba/envs/pycaret/lib/python3.10/site-packages/sklearn/utils/extmath.py:1162: RuntimeWarning: invalid value encountered in divide
  new_unnormalized_variance -= correction**2 / new_sample_count

2026-08-25 14:00:14,707:WARNING:/home/ilyandho/micromamba/envs/pycaret/lib/python3.10/site-packages/sklearn/utils/extmath.py:1137: RuntimeWarning: invalid value encountered in divide
  updated_mean = (last_sum + new_sum) / updated_sample_count

2026-08-25 14:00:14,707:WARNING:/home/ilyandho/micromamba/envs/pycaret/lib/python3.10/site-packages/sklearn/utils/extmath.py:1142: RuntimeWarning: invalid value encountered in divide
  T = new_sum / new_sample_count

2026-08-25 14:00:14,708:WARNING:/home/ilyandho/micromamba/envs/pycaret/lib/python3.10/site-packages/sklearn/utils/extmath.py:1162: RuntimeWarning: invalid value encountered in divide
  new_unnormalized_variance -= correction**2 / new_sample_count

2026-08-25 14:00:16,032:WARNING:/home/ilyandho/micromamba/envs/pycaret/lib/python3.10/site-packages/sklearn/utils/extmath.py:1137: RuntimeWarning: invalid value encountered in divide
  updated_mean = (last_sum + new_sum) / updated_sample_count

2026-08-25 14:00:16,033:WARNING:/home/ilyandho/micromamba/envs/pycaret/lib/python3.10/site-packages/sklearn/utils/extmath.py:1142: RuntimeWarning: invalid value encountered in divide
  T = new_sum / new_sample_count

2026-08-25 14:00:16,033:WARNING:/home/ilyandho/micromamba/envs/pycaret/lib/python3.10/site-packages/sklearn/utils/extmath.py:1162: RuntimeWarning: invalid value encountered in divide
  new_unnormalized_variance -= correction**2 / new_sample_count

2026-08-25 14:06:50,074:WARNING:/home/ilyandho/micromamba/envs/pycaret/lib/python3.10/site-packages/sklearn/utils/extmath.py:1137: RuntimeWarning: invalid value encountered in divide
  updated_mean = (last_sum + new_sum) / updated_sample_count

2026-08-25 14:06:50,074:WARNING:/home/ilyandho/micromamba/envs/pycaret/lib/python3.10/site-packages/sklearn/utils/extmath.py:1142: RuntimeWarning: invalid value encountered in divide
  T = new_sum / new_sample_count

2026-08-25 14:06:50,074:WARNING:/home/ilyandho/micromamba/envs/pycaret/lib/python3.10/site-packages/sklearn/utils/extmath.py:1162: RuntimeWarning: invalid value encountered in divide
  new_unnormalized_variance -= correction**2 / new_sample_count

2026-08-25 14:06:52,039:WARNING:/home/ilyandho/micromamba/envs/pycaret/lib/python3.10/site-packages/sklearn/utils/extmath.py:1137: RuntimeWarning: invalid value encountered in divide
  updated_mean = (last_sum + new_sum) / updated_sample_count

2026-08-25 14:06:52,039:WARNING:/home/ilyandho/micromamba/envs/pycaret/lib/python3.10/site-packages/sklearn/utils/extmath.py:1142: RuntimeWarning: invalid value encountered in divide
  T = new_sum / new_sample_count

2026-08-25 14:06:52,040:WARNING:/home/ilyandho/micromamba/envs/pycaret/lib/python3.10/site-packages/sklearn/utils/extmath.py:1162: RuntimeWarning: invalid value encountered in divide
  new_unnormalized_variance -= correction**2 / new_sample_count

2026-08-25 14:06:53,449:WARNING:/home/ilyandho/micromamba/envs/pycaret/lib/python3.10/site-packages/sklearn/utils/extmath.py:1137: RuntimeWarning: invalid value encountered in divide
  updated_mean = (last_sum + new_sum) / updated_sample_count

2026-08-25 14:06:53,449:WARNING:/home/ilyandho/micromamba/envs/pycaret/lib/python3.10/site-packages/sklearn/utils/extmath.py:1142: RuntimeWarning: invalid value encountered in divide
  T = new_sum / new_sample_count

2026-08-25 14:06:53,450:WARNING:/home/ilyandho/micromamba/envs/pycaret/lib/python3.10/site-packages/sklearn/utils/extmath.py:1162: RuntimeWarning: invalid value encountered in divide
  new_unnormalized_variance -= correction**2 / new_sample_count

2026-08-25 14:06:54,763:WARNING:/home/ilyandho/micromamba/envs/pycaret/lib/python3.10/site-packages/sklearn/utils/extmath.py:1137: RuntimeWarning: invalid value encountered in divide
  updated_mean = (last_sum + new_sum) / updated_sample_count

2026-08-25 14:06:54,764:WARNING:/home/ilyandho/micromamba/envs/pycaret/lib/python3.10/site-packages/sklearn/utils/extmath.py:1142: RuntimeWarning: invalid value encountered in divide
  T = new_sum / new_sample_count

2026-08-25 14:06:54,764:WARNING:/home/ilyandho/micromamba/envs/pycaret/lib/python3.10/site-packages/sklearn/utils/extmath.py:1162: RuntimeWarning: invalid value encountered in divide
  new_unnormalized_variance -= correction**2 / new_sample_count

2026-08-25 14:11:40,381:WARNING:/home/ilyandho/micromamba/envs/pycaret/lib/python3.10/site-packages/joblib/externals/loky/process_executor.py:752: UserWarning: A worker stopped while some jobs were given to the executor. This can be caused by a too short worker timeout or by a memory leak.
  warnings.warn(

2026-08-25 14:27:05,356:WARNING:/home/ilyandho/micromamba/envs/pycaret/lib/python3.10/site-packages/sklearn/utils/extmath.py:1137: RuntimeWarning: invalid value encountered in divide
  updated_mean = (last_sum + new_sum) / updated_sample_count

2026-08-25 14:27:05,357:WARNING:/home/ilyandho/micromamba/envs/pycaret/lib/python3.10/site-packages/sklearn/utils/extmath.py:1142: RuntimeWarning: invalid value encountered in divide
  T = new_sum / new_sample_count

2026-08-25 14:27:05,357:WARNING:/home/ilyandho/micromamba/envs/pycaret/lib/python3.10/site-packages/sklearn/utils/extmath.py:1162: RuntimeWarning: invalid value encountered in divide
  new_unnormalized_variance -= correction**2 / new_sample_count

2026-08-25 14:27:06,374:WARNING:/home/ilyandho/micromamba/envs/pycaret/lib/python3.10/site-packages/sklearn/utils/extmath.py:1137: RuntimeWarning: invalid value encountered in divide
  updated_mean = (last_sum + new_sum) / updated_sample_count

2026-08-25 14:27:06,374:WARNING:/home/ilyandho/micromamba/envs/pycaret/lib/python3.10/site-packages/sklearn/utils/extmath.py:1142: RuntimeWarning: invalid value encountered in divide
  T = new_sum / new_sample_count

2026-08-25 14:27:06,374:WARNING:/home/ilyandho/micromamba/envs/pycaret/lib/python3.10/site-packages/sklearn/utils/extmath.py:1162: RuntimeWarning: invalid value encountered in divide
  new_unnormalized_variance -= correction**2 / new_sample_count

2026-08-25 14:27:07,716:WARNING:/home/ilyandho/micromamba/envs/pycaret/lib/python3.10/site-packages/sklearn/utils/extmath.py:1137: RuntimeWarning: invalid value encountered in divide
  updated_mean = (last_sum + new_sum) / updated_sample_count

2026-08-25 14:27:07,716:WARNING:/home/ilyandho/micromamba/envs/pycaret/lib/python3.10/site-packages/sklearn/utils/extmath.py:1142: RuntimeWarning: invalid value encountered in divide
  T = new_sum / new_sample_count

2026-08-25 14:27:07,717:WARNING:/home/ilyandho/micromamba/envs/pycaret/lib/python3.10/site-packages/sklearn/utils/extmath.py:1162: RuntimeWarning: invalid value encountered in divide
  new_unnormalized_variance -= correction**2 / new_sample_count

2026-08-25 14:27:09,120:WARNING:/home/ilyandho/micromamba/envs/pycaret/lib/python3.10/site-packages/sklearn/utils/extmath.py:1137: RuntimeWarning: invalid value encountered in divide
  updated_mean = (last_sum + new_sum) / updated_sample_count

2026-08-25 14:27:09,120:WARNING:/home/ilyandho/micromamba/envs/pycaret/lib/python3.10/site-packages/sklearn/utils/extmath.py:1142: RuntimeWarning: invalid value encountered in divide
  T = new_sum / new_sample_count

2026-08-25 14:27:09,120:WARNING:/home/ilyandho/micromamba/envs/pycaret/lib/python3.10/site-packages/sklearn/utils/extmath.py:1162: RuntimeWarning: invalid value encountered in divide
  new_unnormalized_variance -= correction**2 / new_sample_count

2026-08-25 14:33:08,722:WARNING:/home/ilyandho/micromamba/envs/pycaret/lib/python3.10/site-packages/joblib/externals/loky/process_executor.py:752: UserWarning: A worker stopped while some jobs were given to the executor. This can be caused by a too short worker timeout or by a memory leak.
  warnings.warn(

2026-08-25 14:34:40,333:WARNING:/home/ilyandho/micromamba/envs/pycaret/lib/python3.10/site-packages/sklearn/utils/extmath.py:1137: RuntimeWarning: invalid value encountered in divide
  updated_mean = (last_sum + new_sum) / updated_sample_count

2026-08-25 14:34:40,334:WARNING:/home/ilyandho/micromamba/envs/pycaret/lib/python3.10/site-packages/sklearn/utils/extmath.py:1142: RuntimeWarning: invalid value encountered in divide
  T = new_sum / new_sample_count

2026-08-25 14:34:40,334:WARNING:/home/ilyandho/micromamba/envs/pycaret/lib/python3.10/site-packages/sklearn/utils/extmath.py:1162: RuntimeWarning: invalid value encountered in divide
  new_unnormalized_variance -= correction**2 / new_sample_count

2026-08-25 14:34:41,357:WARNING:/home/ilyandho/micromamba/envs/pycaret/lib/python3.10/site-packages/sklearn/utils/extmath.py:1137: RuntimeWarning: invalid value encountered in divide
  updated_mean = (last_sum + new_sum) / updated_sample_count

2026-08-25 14:34:41,357:WARNING:/home/ilyandho/micromamba/envs/pycaret/lib/python3.10/site-packages/sklearn/utils/extmath.py:1142: RuntimeWarning: invalid value encountered in divide
  T = new_sum / new_sample_count

2026-08-25 14:34:41,358:WARNING:/home/ilyandho/micromamba/envs/pycaret/lib/python3.10/site-packages/sklearn/utils/extmath.py:1162: RuntimeWarning: invalid value encountered in divide
  new_unnormalized_variance -= correction**2 / new_sample_count

2026-08-25 14:34:42,601:WARNING:/home/ilyandho/micromamba/envs/pycaret/lib/python3.10/site-packages/sklearn/utils/extmath.py:1137: RuntimeWarning: invalid value encountered in divide
  updated_mean = (last_sum + new_sum) / updated_sample_count

2026-08-25 14:34:42,602:WARNING:/home/ilyandho/micromamba/envs/pycaret/lib/python3.10/site-packages/sklearn/utils/extmath.py:1142: RuntimeWarning: invalid value encountered in divide
  T = new_sum / new_sample_count

2026-08-25 14:34:42,602:WARNING:/home/ilyandho/micromamba/envs/pycaret/lib/python3.10/site-packages/sklearn/utils/extmath.py:1162: RuntimeWarning: invalid value encountered in divide
  new_unnormalized_variance -= correction**2 / new_sample_count

2026-08-25 14:34:44,077:WARNING:/home/ilyandho/micromamba/envs/pycaret/lib/python3.10/site-packages/sklearn/utils/extmath.py:1137: RuntimeWarning: invalid value encountered in divide
  updated_mean = (last_sum + new_sum) / updated_sample_count

2026-08-25 14:34:44,077:WARNING:/home/ilyandho/micromamba/envs/pycaret/lib/python3.10/site-packages/sklearn/utils/extmath.py:1142: RuntimeWarning: invalid value encountered in divide
  T = new_sum / new_sample_count

2026-08-25 14:34:44,078:WARNING:/home/ilyandho/micromamba/envs/pycaret/lib/python3.10/site-packages/sklearn/utils/extmath.py:1162: RuntimeWarning: invalid value encountered in divide
  new_unnormalized_variance -= correction**2 / new_sample_count

2026-08-25 14:42:05,821:WARNING:/home/ilyandho/micromamba/envs/pycaret/lib/python3.10/site-packages/sklearn/utils/extmath.py:1137: RuntimeWarning: invalid value encountered in divide
  updated_mean = (last_sum + new_sum) / updated_sample_count

2026-08-25 14:42:05,821:WARNING:/home/ilyandho/micromamba/envs/pycaret/lib/python3.10/site-packages/sklearn/utils/extmath.py:1142: RuntimeWarning: invalid value encountered in divide
  T = new_sum / new_sample_count

2026-08-25 14:42:05,821:WARNING:/home/ilyandho/micromamba/envs/pycaret/lib/python3.10/site-packages/sklearn/utils/extmath.py:1162: RuntimeWarning: invalid value encountered in divide
  new_unnormalized_variance -= correction**2 / new_sample_count

2026-08-25 14:42:06,805:WARNING:/home/ilyandho/micromamba/envs/pycaret/lib/python3.10/site-packages/sklearn/utils/extmath.py:1137: RuntimeWarning: invalid value encountered in divide
  updated_mean = (last_sum + new_sum) / updated_sample_count

2026-08-25 14:42:06,805:WARNING:/home/ilyandho/micromamba/envs/pycaret/lib/python3.10/site-packages/sklearn/utils/extmath.py:1142: RuntimeWarning: invalid value encountered in divide
  T = new_sum / new_sample_count

2026-08-25 14:42:06,805:WARNING:/home/ilyandho/micromamba/envs/pycaret/lib/python3.10/site-packages/sklearn/utils/extmath.py:1162: RuntimeWarning: invalid value encountered in divide
  new_unnormalized_variance -= correction**2 / new_sample_count

2026-08-25 14:42:08,071:WARNING:/home/ilyandho/micromamba/envs/pycaret/lib/python3.10/site-packages/sklearn/utils/extmath.py:1137: RuntimeWarning: invalid value encountered in divide
  updated_mean = (last_sum + new_sum) / updated_sample_count

2026-08-25 14:42:08,072:WARNING:/home/ilyandho/micromamba/envs/pycaret/lib/python3.10/site-packages/sklearn/utils/extmath.py:1142: RuntimeWarning: invalid value encountered in divide
  T = new_sum / new_sample_count

2026-08-25 14:42:08,072:WARNING:/home/ilyandho/micromamba/envs/pycaret/lib/python3.10/site-packages/sklearn/utils/extmath.py:1162: RuntimeWarning: invalid value encountered in divide
  new_unnormalized_variance -= correction**2 / new_sample_count

2026-08-25 14:42:09,583:WARNING:/home/ilyandho/micromamba/envs/pycaret/lib/python3.10/site-packages/sklearn/utils/extmath.py:1137: RuntimeWarning: invalid value encountered in divide
  updated_mean = (last_sum + new_sum) / updated_sample_count

2026-08-25 14:42:09,583:WARNING:/home/ilyandho/micromamba/envs/pycaret/lib/python3.10/site-packages/sklearn/utils/extmath.py:1142: RuntimeWarning: invalid value encountered in divide
  T = new_sum / new_sample_count

2026-08-25 14:42:09,584:WARNING:/home/ilyandho/micromamba/envs/pycaret/lib/python3.10/site-packages/sklearn/utils/extmath.py:1162: RuntimeWarning: invalid value encountered in divide
  new_unnormalized_variance -= correction**2 / new_sample_count

2026-08-25 15:31:59,391:WARNING:/home/ilyandho/micromamba/envs/pycaret/lib/python3.10/site-packages/sklearn/utils/extmath.py:1137: RuntimeWarning: invalid value encountered in divide
  updated_mean = (last_sum + new_sum) / updated_sample_count

2026-08-25 15:31:59,391:WARNING:/home/ilyandho/micromamba/envs/pycaret/lib/python3.10/site-packages/sklearn/utils/extmath.py:1142: RuntimeWarning: invalid value encountered in divide
  T = new_sum / new_sample_count

2026-08-25 15:31:59,391:WARNING:/home/ilyandho/micromamba/envs/pycaret/lib/python3.10/site-packages/sklearn/utils/extmath.py:1162: RuntimeWarning: invalid value encountered in divide
  new_unnormalized_variance -= correction**2 / new_sample_count

2026-08-25 15:32:00,417:WARNING:/home/ilyandho/micromamba/envs/pycaret/lib/python3.10/site-packages/sklearn/utils/extmath.py:1137: RuntimeWarning: invalid value encountered in divide
  updated_mean = (last_sum + new_sum) / updated_sample_count

2026-08-25 15:32:00,417:WARNING:/home/ilyandho/micromamba/envs/pycaret/lib/python3.10/site-packages/sklearn/utils/extmath.py:1142: RuntimeWarning: invalid value encountered in divide
  T = new_sum / new_sample_count

2026-08-25 15:32:00,417:WARNING:/home/ilyandho/micromamba/envs/pycaret/lib/python3.10/site-packages/sklearn/utils/extmath.py:1162: RuntimeWarning: invalid value encountered in divide
  new_unnormalized_variance -= correction**2 / new_sample_count

2026-08-25 15:32:01,738:WARNING:/home/ilyandho/micromamba/envs/pycaret/lib/python3.10/site-packages/sklearn/utils/extmath.py:1137: RuntimeWarning: invalid value encountered in divide
  updated_mean = (last_sum + new_sum) / updated_sample_count

2026-08-25 15:32:01,738:WARNING:/home/ilyandho/micromamba/envs/pycaret/lib/python3.10/site-packages/sklearn/utils/extmath.py:1142: RuntimeWarning: invalid value encountered in divide
  T = new_sum / new_sample_count

2026-08-25 15:32:01,739:WARNING:/home/ilyandho/micromamba/envs/pycaret/lib/python3.10/site-packages/sklearn/utils/extmath.py:1162: RuntimeWarning: invalid value encountered in divide
  new_unnormalized_variance -= correction**2 / new_sample_count

2026-08-25 15:32:03,268:WARNING:/home/ilyandho/micromamba/envs/pycaret/lib/python3.10/site-packages/sklearn/utils/extmath.py:1137: RuntimeWarning: invalid value encountered in divide
  updated_mean = (last_sum + new_sum) / updated_sample_count

2026-08-25 15:32:03,268:WARNING:/home/ilyandho/micromamba/envs/pycaret/lib/python3.10/site-packages/sklearn/utils/extmath.py:1142: RuntimeWarning: invalid value encountered in divide
  T = new_sum / new_sample_count

2026-08-25 15:32:03,269:WARNING:/home/ilyandho/micromamba/envs/pycaret/lib/python3.10/site-packages/sklearn/utils/extmath.py:1162: RuntimeWarning: invalid value encountered in divide
  new_unnormalized_variance -= correction**2 / new_sample_count

2026-08-25 15:40:37,423:WARNING:/home/ilyandho/micromamba/envs/pycaret/lib/python3.10/site-packages/sklearn/utils/extmath.py:1137: RuntimeWarning: invalid value encountered in divide
  updated_mean = (last_sum + new_sum) / updated_sample_count

2026-08-25 15:40:37,423:WARNING:/home/ilyandho/micromamba/envs/pycaret/lib/python3.10/site-packages/sklearn/utils/extmath.py:1142: RuntimeWarning: invalid value encountered in divide
  T = new_sum / new_sample_count

2026-08-25 15:40:37,423:WARNING:/home/ilyandho/micromamba/envs/pycaret/lib/python3.10/site-packages/sklearn/utils/extmath.py:1162: RuntimeWarning: invalid value encountered in divide
  new_unnormalized_variance -= correction**2 / new_sample_count

2026-08-25 15:40:37,987:WARNING:/home/ilyandho/micromamba/envs/pycaret/lib/python3.10/site-packages/sklearn/utils/extmath.py:1137: RuntimeWarning: invalid value encountered in divide
  updated_mean = (last_sum + new_sum) / updated_sample_count

2026-08-25 15:40:37,987:WARNING:/home/ilyandho/micromamba/envs/pycaret/lib/python3.10/site-packages/sklearn/utils/extmath.py:1142: RuntimeWarning: invalid value encountered in divide
  T = new_sum / new_sample_count

2026-08-25 15:40:37,987:WARNING:/home/ilyandho/micromamba/envs/pycaret/lib/python3.10/site-packages/sklearn/utils/extmath.py:1162: RuntimeWarning: invalid value encountered in divide
  new_unnormalized_variance -= correction**2 / new_sample_count

2026-08-25 15:40:49,114:WARNING:/home/ilyandho/micromamba/envs/pycaret/lib/python3.10/site-packages/sklearn/utils/extmath.py:1137: RuntimeWarning: invalid value encountered in divide
  updated_mean = (last_sum + new_sum) / updated_sample_count

2026-08-25 15:40:49,114:WARNING:/home/ilyandho/micromamba/envs/pycaret/lib/python3.10/site-packages/sklearn/utils/extmath.py:1142: RuntimeWarning: invalid value encountered in divide
  T = new_sum / new_sample_count

2026-08-25 15:40:49,115:WARNING:/home/ilyandho/micromamba/envs/pycaret/lib/python3.10/site-packages/sklearn/utils/extmath.py:1162: RuntimeWarning: invalid value encountered in divide
  new_unnormalized_variance -= correction**2 / new_sample_count

2026-08-25 15:40:50,517:WARNING:/home/ilyandho/micromamba/envs/pycaret/lib/python3.10/site-packages/sklearn/utils/extmath.py:1137: RuntimeWarning: invalid value encountered in divide
  updated_mean = (last_sum + new_sum) / updated_sample_count

2026-08-25 15:40:50,517:WARNING:/home/ilyandho/micromamba/envs/pycaret/lib/python3.10/site-packages/sklearn/utils/extmath.py:1142: RuntimeWarning: invalid value encountered in divide
  T = new_sum / new_sample_count

2026-08-25 15:40:50,517:WARNING:/home/ilyandho/micromamba/envs/pycaret/lib/python3.10/site-packages/sklearn/utils/extmath.py:1162: RuntimeWarning: invalid value encountered in divide
  new_unnormalized_variance -= correction**2 / new_sample_count

2026-08-25 15:40:51,733:WARNING:/home/ilyandho/micromamba/envs/pycaret/lib/python3.10/site-packages/sklearn/utils/extmath.py:1137: RuntimeWarning: invalid value encountered in divide
  updated_mean = (last_sum + new_sum) / updated_sample_count

2026-08-25 15:40:51,734:WARNING:/home/ilyandho/micromamba/envs/pycaret/lib/python3.10/site-packages/sklearn/utils/extmath.py:1142: RuntimeWarning: invalid value encountered in divide
  T = new_sum / new_sample_count

2026-08-25 15:40:51,734:WARNING:/home/ilyandho/micromamba/envs/pycaret/lib/python3.10/site-packages/sklearn/utils/extmath.py:1162: RuntimeWarning: invalid value encountered in divide
  new_unnormalized_variance -= correction**2 / new_sample_count

2026-08-25 15:40:53,059:WARNING:/home/ilyandho/micromamba/envs/pycaret/lib/python3.10/site-packages/sklearn/utils/extmath.py:1137: RuntimeWarning: invalid value encountered in divide
  updated_mean = (last_sum + new_sum) / updated_sample_count

2026-08-25 15:40:53,059:WARNING:/home/ilyandho/micromamba/envs/pycaret/lib/python3.10/site-packages/sklearn/utils/extmath.py:1142: RuntimeWarning: invalid value encountered in divide
  T = new_sum / new_sample_count

2026-08-25 15:40:53,059:WARNING:/home/ilyandho/micromamba/envs/pycaret/lib/python3.10/site-packages/sklearn/utils/extmath.py:1162: RuntimeWarning: invalid value encountered in divide
  new_unnormalized_variance -= correction**2 / new_sample_count

2026-08-25 15:41:07,130:WARNING:/home/ilyandho/micromamba/envs/pycaret/lib/python3.10/site-packages/sklearn/utils/extmath.py:1137: RuntimeWarning: invalid value encountered in divide
  updated_mean = (last_sum + new_sum) / updated_sample_count

2026-08-25 15:41:07,131:WARNING:/home/ilyandho/micromamba/envs/pycaret/lib/python3.10/site-packages/sklearn/utils/extmath.py:1142: RuntimeWarning: invalid value encountered in divide
  T = new_sum / new_sample_count

2026-08-25 15:41:07,131:WARNING:/home/ilyandho/micromamba/envs/pycaret/lib/python3.10/site-packages/sklearn/utils/extmath.py:1162: RuntimeWarning: invalid value encountered in divide
  new_unnormalized_variance -= correction**2 / new_sample_count

2026-08-25 15:41:08,581:WARNING:/home/ilyandho/micromamba/envs/pycaret/lib/python3.10/site-packages/sklearn/utils/extmath.py:1137: RuntimeWarning: invalid value encountered in divide
  updated_mean = (last_sum + new_sum) / updated_sample_count

2026-08-25 15:41:08,581:WARNING:/home/ilyandho/micromamba/envs/pycaret/lib/python3.10/site-packages/sklearn/utils/extmath.py:1142: RuntimeWarning: invalid value encountered in divide
  T = new_sum / new_sample_count

2026-08-25 15:41:08,582:WARNING:/home/ilyandho/micromamba/envs/pycaret/lib/python3.10/site-packages/sklearn/utils/extmath.py:1162: RuntimeWarning: invalid value encountered in divide
  new_unnormalized_variance -= correction**2 / new_sample_count

2026-08-25 15:41:09,964:WARNING:/home/ilyandho/micromamba/envs/pycaret/lib/python3.10/site-packages/sklearn/utils/extmath.py:1137: RuntimeWarning: invalid value encountered in divide
  updated_mean = (last_sum + new_sum) / updated_sample_count

2026-08-25 15:41:09,964:WARNING:/home/ilyandho/micromamba/envs/pycaret/lib/python3.10/site-packages/sklearn/utils/extmath.py:1142: RuntimeWarning: invalid value encountered in divide
  T = new_sum / new_sample_count

2026-08-25 15:41:09,965:WARNING:/home/ilyandho/micromamba/envs/pycaret/lib/python3.10/site-packages/sklearn/utils/extmath.py:1162: RuntimeWarning: invalid value encountered in divide
  new_unnormalized_variance -= correction**2 / new_sample_count

2026-08-25 15:41:11,260:WARNING:/home/ilyandho/micromamba/envs/pycaret/lib/python3.10/site-packages/sklearn/utils/extmath.py:1137: RuntimeWarning: invalid value encountered in divide
  updated_mean = (last_sum + new_sum) / updated_sample_count

2026-08-25 15:41:11,260:WARNING:/home/ilyandho/micromamba/envs/pycaret/lib/python3.10/site-packages/sklearn/utils/extmath.py:1142: RuntimeWarning: invalid value encountered in divide
  T = new_sum / new_sample_count

2026-08-25 15:41:11,260:WARNING:/home/ilyandho/micromamba/envs/pycaret/lib/python3.10/site-packages/sklearn/utils/extmath.py:1162: RuntimeWarning: invalid value encountered in divide
  new_unnormalized_variance -= correction**2 / new_sample_count

2026-08-25 15:41:29,737:WARNING:/home/ilyandho/micromamba/envs/pycaret/lib/python3.10/site-packages/sklearn/utils/extmath.py:1137: RuntimeWarning: invalid value encountered in divide
  updated_mean = (last_sum + new_sum) / updated_sample_count

2026-08-25 15:41:29,737:WARNING:/home/ilyandho/micromamba/envs/pycaret/lib/python3.10/site-packages/sklearn/utils/extmath.py:1142: RuntimeWarning: invalid value encountered in divide
  T = new_sum / new_sample_count

2026-08-25 15:41:29,737:WARNING:/home/ilyandho/micromamba/envs/pycaret/lib/python3.10/site-packages/sklearn/utils/extmath.py:1162: RuntimeWarning: invalid value encountered in divide
  new_unnormalized_variance -= correction**2 / new_sample_count

2026-08-25 15:41:30,262:WARNING:/home/ilyandho/micromamba/envs/pycaret/lib/python3.10/site-packages/sklearn/utils/extmath.py:1137: RuntimeWarning: invalid value encountered in divide
  updated_mean = (last_sum + new_sum) / updated_sample_count

2026-08-25 15:41:30,262:WARNING:/home/ilyandho/micromamba/envs/pycaret/lib/python3.10/site-packages/sklearn/utils/extmath.py:1142: RuntimeWarning: invalid value encountered in divide
  T = new_sum / new_sample_count

2026-08-25 15:41:30,262:WARNING:/home/ilyandho/micromamba/envs/pycaret/lib/python3.10/site-packages/sklearn/utils/extmath.py:1162: RuntimeWarning: invalid value encountered in divide
  new_unnormalized_variance -= correction**2 / new_sample_count

2026-08-25 15:41:31,308:WARNING:/home/ilyandho/micromamba/envs/pycaret/lib/python3.10/site-packages/sklearn/utils/extmath.py:1137: RuntimeWarning: invalid value encountered in divide
  updated_mean = (last_sum + new_sum) / updated_sample_count

2026-08-25 15:41:31,308:WARNING:/home/ilyandho/micromamba/envs/pycaret/lib/python3.10/site-packages/sklearn/utils/extmath.py:1142: RuntimeWarning: invalid value encountered in divide
  T = new_sum / new_sample_count

2026-08-25 15:41:31,309:WARNING:/home/ilyandho/micromamba/envs/pycaret/lib/python3.10/site-packages/sklearn/utils/extmath.py:1162: RuntimeWarning: invalid value encountered in divide
  new_unnormalized_variance -= correction**2 / new_sample_count

2026-08-25 15:41:31,959:WARNING:/home/ilyandho/micromamba/envs/pycaret/lib/python3.10/site-packages/sklearn/utils/extmath.py:1137: RuntimeWarning: invalid value encountered in divide
  updated_mean = (last_sum + new_sum) / updated_sample_count

2026-08-25 15:41:31,959:WARNING:/home/ilyandho/micromamba/envs/pycaret/lib/python3.10/site-packages/sklearn/utils/extmath.py:1142: RuntimeWarning: invalid value encountered in divide
  T = new_sum / new_sample_count

2026-08-25 15:41:31,959:WARNING:/home/ilyandho/micromamba/envs/pycaret/lib/python3.10/site-packages/sklearn/utils/extmath.py:1162: RuntimeWarning: invalid value encountered in divide
  new_unnormalized_variance -= correction**2 / new_sample_count

2026-08-25 15:41:54,549:WARNING:/home/ilyandho/micromamba/envs/pycaret/lib/python3.10/site-packages/sklearn/utils/extmath.py:1137: RuntimeWarning: invalid value encountered in divide
  updated_mean = (last_sum + new_sum) / updated_sample_count

2026-08-25 15:41:54,550:WARNING:/home/ilyandho/micromamba/envs/pycaret/lib/python3.10/site-packages/sklearn/utils/extmath.py:1142: RuntimeWarning: invalid value encountered in divide
  T = new_sum / new_sample_count

2026-08-25 15:41:54,550:WARNING:/home/ilyandho/micromamba/envs/pycaret/lib/python3.10/site-packages/sklearn/utils/extmath.py:1162: RuntimeWarning: invalid value encountered in divide
  new_unnormalized_variance -= correction**2 / new_sample_count

2026-08-25 15:41:55,108:WARNING:/home/ilyandho/micromamba/envs/pycaret/lib/python3.10/site-packages/sklearn/utils/extmath.py:1137: RuntimeWarning: invalid value encountered in divide
  updated_mean = (last_sum + new_sum) / updated_sample_count

2026-08-25 15:41:55,108:WARNING:/home/ilyandho/micromamba/envs/pycaret/lib/python3.10/site-packages/sklearn/utils/extmath.py:1142: RuntimeWarning: invalid value encountered in divide
  T = new_sum / new_sample_count

2026-08-25 15:41:55,108:WARNING:/home/ilyandho/micromamba/envs/pycaret/lib/python3.10/site-packages/sklearn/utils/extmath.py:1162: RuntimeWarning: invalid value encountered in divide
  new_unnormalized_variance -= correction**2 / new_sample_count

2026-08-25 15:41:55,709:WARNING:/home/ilyandho/micromamba/envs/pycaret/lib/python3.10/site-packages/sklearn/utils/extmath.py:1137: RuntimeWarning: invalid value encountered in divide
  updated_mean = (last_sum + new_sum) / updated_sample_count

2026-08-25 15:41:55,709:WARNING:/home/ilyandho/micromamba/envs/pycaret/lib/python3.10/site-packages/sklearn/utils/extmath.py:1142: RuntimeWarning: invalid value encountered in divide
  T = new_sum / new_sample_count

2026-08-25 15:41:55,710:WARNING:/home/ilyandho/micromamba/envs/pycaret/lib/python3.10/site-packages/sklearn/utils/extmath.py:1162: RuntimeWarning: invalid value encountered in divide
  new_unnormalized_variance -= correction**2 / new_sample_count

2026-08-25 15:41:56,483:WARNING:/home/ilyandho/micromamba/envs/pycaret/lib/python3.10/site-packages/sklearn/utils/extmath.py:1137: RuntimeWarning: invalid value encountered in divide
  updated_mean = (last_sum + new_sum) / updated_sample_count

2026-08-25 15:41:56,483:WARNING:/home/ilyandho/micromamba/envs/pycaret/lib/python3.10/site-packages/sklearn/utils/extmath.py:1142: RuntimeWarning: invalid value encountered in divide
  T = new_sum / new_sample_count

2026-08-25 15:41:56,483:WARNING:/home/ilyandho/micromamba/envs/pycaret/lib/python3.10/site-packages/sklearn/utils/extmath.py:1162: RuntimeWarning: invalid value encountered in divide
  new_unnormalized_variance -= correction**2 / new_sample_count

2026-08-25 15:42:24,204:WARNING:/home/ilyandho/micromamba/envs/pycaret/lib/python3.10/site-packages/sklearn/utils/extmath.py:1137: RuntimeWarning: invalid value encountered in divide
  updated_mean = (last_sum + new_sum) / updated_sample_count

2026-08-25 15:42:24,204:WARNING:/home/ilyandho/micromamba/envs/pycaret/lib/python3.10/site-packages/sklearn/utils/extmath.py:1142: RuntimeWarning: invalid value encountered in divide
  T = new_sum / new_sample_count

2026-08-25 15:42:24,204:WARNING:/home/ilyandho/micromamba/envs/pycaret/lib/python3.10/site-packages/sklearn/utils/extmath.py:1162: RuntimeWarning: invalid value encountered in divide
  new_unnormalized_variance -= correction**2 / new_sample_count

2026-08-25 15:42:24,768:WARNING:/home/ilyandho/micromamba/envs/pycaret/lib/python3.10/site-packages/sklearn/utils/extmath.py:1137: RuntimeWarning: invalid value encountered in divide
  updated_mean = (last_sum + new_sum) / updated_sample_count

2026-08-25 15:42:24,768:WARNING:/home/ilyandho/micromamba/envs/pycaret/lib/python3.10/site-packages/sklearn/utils/extmath.py:1142: RuntimeWarning: invalid value encountered in divide
  T = new_sum / new_sample_count

2026-08-25 15:42:24,768:WARNING:/home/ilyandho/micromamba/envs/pycaret/lib/python3.10/site-packages/sklearn/utils/extmath.py:1162: RuntimeWarning: invalid value encountered in divide
  new_unnormalized_variance -= correction**2 / new_sample_count

2026-08-25 15:42:25,383:WARNING:/home/ilyandho/micromamba/envs/pycaret/lib/python3.10/site-packages/sklearn/utils/extmath.py:1137: RuntimeWarning: invalid value encountered in divide
  updated_mean = (last_sum + new_sum) / updated_sample_count

2026-08-25 15:42:25,384:WARNING:/home/ilyandho/micromamba/envs/pycaret/lib/python3.10/site-packages/sklearn/utils/extmath.py:1142: RuntimeWarning: invalid value encountered in divide
  T = new_sum / new_sample_count

2026-08-25 15:42:25,384:WARNING:/home/ilyandho/micromamba/envs/pycaret/lib/python3.10/site-packages/sklearn/utils/extmath.py:1162: RuntimeWarning: invalid value encountered in divide
  new_unnormalized_variance -= correction**2 / new_sample_count

2026-08-25 15:42:26,170:WARNING:/home/ilyandho/micromamba/envs/pycaret/lib/python3.10/site-packages/sklearn/utils/extmath.py:1137: RuntimeWarning: invalid value encountered in divide
  updated_mean = (last_sum + new_sum) / updated_sample_count

2026-08-25 15:42:26,171:WARNING:/home/ilyandho/micromamba/envs/pycaret/lib/python3.10/site-packages/sklearn/utils/extmath.py:1142: RuntimeWarning: invalid value encountered in divide
  T = new_sum / new_sample_count

2026-08-25 15:42:26,171:WARNING:/home/ilyandho/micromamba/envs/pycaret/lib/python3.10/site-packages/sklearn/utils/extmath.py:1162: RuntimeWarning: invalid value encountered in divide
  new_unnormalized_variance -= correction**2 / new_sample_count

2026-08-25 15:42:59,360:WARNING:/home/ilyandho/micromamba/envs/pycaret/lib/python3.10/site-packages/sklearn/utils/extmath.py:1137: RuntimeWarning: invalid value encountered in divide
  updated_mean = (last_sum + new_sum) / updated_sample_count

2026-08-25 15:42:59,360:WARNING:/home/ilyandho/micromamba/envs/pycaret/lib/python3.10/site-packages/sklearn/utils/extmath.py:1142: RuntimeWarning: invalid value encountered in divide
  T = new_sum / new_sample_count

2026-08-25 15:42:59,361:WARNING:/home/ilyandho/micromamba/envs/pycaret/lib/python3.10/site-packages/sklearn/utils/extmath.py:1162: RuntimeWarning: invalid value encountered in divide
  new_unnormalized_variance -= correction**2 / new_sample_count

2026-08-25 15:42:59,926:WARNING:/home/ilyandho/micromamba/envs/pycaret/lib/python3.10/site-packages/sklearn/utils/extmath.py:1137: RuntimeWarning: invalid value encountered in divide
  updated_mean = (last_sum + new_sum) / updated_sample_count

2026-08-25 15:42:59,926:WARNING:/home/ilyandho/micromamba/envs/pycaret/lib/python3.10/site-packages/sklearn/utils/extmath.py:1142: RuntimeWarning: invalid value encountered in divide
  T = new_sum / new_sample_count

2026-08-25 15:42:59,926:WARNING:/home/ilyandho/micromamba/envs/pycaret/lib/python3.10/site-packages/sklearn/utils/extmath.py:1162: RuntimeWarning: invalid value encountered in divide
  new_unnormalized_variance -= correction**2 / new_sample_count

2026-08-25 15:43:00,541:WARNING:/home/ilyandho/micromamba/envs/pycaret/lib/python3.10/site-packages/sklearn/utils/extmath.py:1137: RuntimeWarning: invalid value encountered in divide
  updated_mean = (last_sum + new_sum) / updated_sample_count

2026-08-25 15:43:00,541:WARNING:/home/ilyandho/micromamba/envs/pycaret/lib/python3.10/site-packages/sklearn/utils/extmath.py:1142: RuntimeWarning: invalid value encountered in divide
  T = new_sum / new_sample_count

2026-08-25 15:43:00,541:WARNING:/home/ilyandho/micromamba/envs/pycaret/lib/python3.10/site-packages/sklearn/utils/extmath.py:1162: RuntimeWarning: invalid value encountered in divide
  new_unnormalized_variance -= correction**2 / new_sample_count

2026-08-25 15:43:01,349:WARNING:/home/ilyandho/micromamba/envs/pycaret/lib/python3.10/site-packages/sklearn/utils/extmath.py:1137: RuntimeWarning: invalid value encountered in divide
  updated_mean = (last_sum + new_sum) / updated_sample_count

2026-08-25 15:43:01,349:WARNING:/home/ilyandho/micromamba/envs/pycaret/lib/python3.10/site-packages/sklearn/utils/extmath.py:1142: RuntimeWarning: invalid value encountered in divide
  T = new_sum / new_sample_count

2026-08-25 15:43:01,349:WARNING:/home/ilyandho/micromamba/envs/pycaret/lib/python3.10/site-packages/sklearn/utils/extmath.py:1162: RuntimeWarning: invalid value encountered in divide
  new_unnormalized_variance -= correction**2 / new_sample_count

2026-08-25 15:43:40,221:WARNING:/home/ilyandho/micromamba/envs/pycaret/lib/python3.10/site-packages/sklearn/utils/extmath.py:1137: RuntimeWarning: invalid value encountered in divide
  updated_mean = (last_sum + new_sum) / updated_sample_count

2026-08-25 15:43:40,221:WARNING:/home/ilyandho/micromamba/envs/pycaret/lib/python3.10/site-packages/sklearn/utils/extmath.py:1142: RuntimeWarning: invalid value encountered in divide
  T = new_sum / new_sample_count

2026-08-25 15:43:40,221:WARNING:/home/ilyandho/micromamba/envs/pycaret/lib/python3.10/site-packages/sklearn/utils/extmath.py:1162: RuntimeWarning: invalid value encountered in divide
  new_unnormalized_variance -= correction**2 / new_sample_count

2026-08-25 15:43:40,835:WARNING:/home/ilyandho/micromamba/envs/pycaret/lib/python3.10/site-packages/sklearn/utils/extmath.py:1137: RuntimeWarning: invalid value encountered in divide
  updated_mean = (last_sum + new_sum) / updated_sample_count

2026-08-25 15:43:40,836:WARNING:/home/ilyandho/micromamba/envs/pycaret/lib/python3.10/site-packages/sklearn/utils/extmath.py:1142: RuntimeWarning: invalid value encountered in divide
  T = new_sum / new_sample_count

2026-08-25 15:43:40,836:WARNING:/home/ilyandho/micromamba/envs/pycaret/lib/python3.10/site-packages/sklearn/utils/extmath.py:1162: RuntimeWarning: invalid value encountered in divide
  new_unnormalized_variance -= correction**2 / new_sample_count

2026-08-25 15:43:41,441:WARNING:/home/ilyandho/micromamba/envs/pycaret/lib/python3.10/site-packages/sklearn/utils/extmath.py:1137: RuntimeWarning: invalid value encountered in divide
  updated_mean = (last_sum + new_sum) / updated_sample_count

2026-08-25 15:43:41,441:WARNING:/home/ilyandho/micromamba/envs/pycaret/lib/python3.10/site-packages/sklearn/utils/extmath.py:1142: RuntimeWarning: invalid value encountered in divide
  T = new_sum / new_sample_count

2026-08-25 15:43:41,442:WARNING:/home/ilyandho/micromamba/envs/pycaret/lib/python3.10/site-packages/sklearn/utils/extmath.py:1162: RuntimeWarning: invalid value encountered in divide
  new_unnormalized_variance -= correction**2 / new_sample_count

2026-08-25 15:43:42,185:WARNING:/home/ilyandho/micromamba/envs/pycaret/lib/python3.10/site-packages/sklearn/utils/extmath.py:1137: RuntimeWarning: invalid value encountered in divide
  updated_mean = (last_sum + new_sum) / updated_sample_count

2026-08-25 15:43:42,185:WARNING:/home/ilyandho/micromamba/envs/pycaret/lib/python3.10/site-packages/sklearn/utils/extmath.py:1142: RuntimeWarning: invalid value encountered in divide
  T = new_sum / new_sample_count

2026-08-25 15:43:42,185:WARNING:/home/ilyandho/micromamba/envs/pycaret/lib/python3.10/site-packages/sklearn/utils/extmath.py:1162: RuntimeWarning: invalid value encountered in divide
  new_unnormalized_variance -= correction**2 / new_sample_count

2026-08-25 15:44:26,726:WARNING:/home/ilyandho/micromamba/envs/pycaret/lib/python3.10/site-packages/sklearn/utils/extmath.py:1137: RuntimeWarning: invalid value encountered in divide
  updated_mean = (last_sum + new_sum) / updated_sample_count

2026-08-25 15:44:26,726:WARNING:/home/ilyandho/micromamba/envs/pycaret/lib/python3.10/site-packages/sklearn/utils/extmath.py:1142: RuntimeWarning: invalid value encountered in divide
  T = new_sum / new_sample_count

2026-08-25 15:44:26,726:WARNING:/home/ilyandho/micromamba/envs/pycaret/lib/python3.10/site-packages/sklearn/utils/extmath.py:1162: RuntimeWarning: invalid value encountered in divide
  new_unnormalized_variance -= correction**2 / new_sample_count

2026-08-25 15:44:27,272:WARNING:/home/ilyandho/micromamba/envs/pycaret/lib/python3.10/site-packages/sklearn/utils/extmath.py:1137: RuntimeWarning: invalid value encountered in divide
  updated_mean = (last_sum + new_sum) / updated_sample_count

2026-08-25 15:44:27,272:WARNING:/home/ilyandho/micromamba/envs/pycaret/lib/python3.10/site-packages/sklearn/utils/extmath.py:1142: RuntimeWarning: invalid value encountered in divide
  T = new_sum / new_sample_count

2026-08-25 15:44:27,272:WARNING:/home/ilyandho/micromamba/envs/pycaret/lib/python3.10/site-packages/sklearn/utils/extmath.py:1162: RuntimeWarning: invalid value encountered in divide
  new_unnormalized_variance -= correction**2 / new_sample_count

2026-08-25 15:44:27,846:WARNING:/home/ilyandho/micromamba/envs/pycaret/lib/python3.10/site-packages/sklearn/utils/extmath.py:1137: RuntimeWarning: invalid value encountered in divide
  updated_mean = (last_sum + new_sum) / updated_sample_count

2026-08-25 15:44:27,847:WARNING:/home/ilyandho/micromamba/envs/pycaret/lib/python3.10/site-packages/sklearn/utils/extmath.py:1142: RuntimeWarning: invalid value encountered in divide
  T = new_sum / new_sample_count

2026-08-25 15:44:27,847:WARNING:/home/ilyandho/micromamba/envs/pycaret/lib/python3.10/site-packages/sklearn/utils/extmath.py:1162: RuntimeWarning: invalid value encountered in divide
  new_unnormalized_variance -= correction**2 / new_sample_count

2026-08-25 15:44:28,534:WARNING:/home/ilyandho/micromamba/envs/pycaret/lib/python3.10/site-packages/sklearn/utils/extmath.py:1137: RuntimeWarning: invalid value encountered in divide
  updated_mean = (last_sum + new_sum) / updated_sample_count

2026-08-25 15:44:28,534:WARNING:/home/ilyandho/micromamba/envs/pycaret/lib/python3.10/site-packages/sklearn/utils/extmath.py:1142: RuntimeWarning: invalid value encountered in divide
  T = new_sum / new_sample_count

2026-08-25 15:44:28,534:WARNING:/home/ilyandho/micromamba/envs/pycaret/lib/python3.10/site-packages/sklearn/utils/extmath.py:1162: RuntimeWarning: invalid value encountered in divide
  new_unnormalized_variance -= correction**2 / new_sample_count

2026-08-25 15:45:20,677:WARNING:/home/ilyandho/micromamba/envs/pycaret/lib/python3.10/site-packages/sklearn/utils/extmath.py:1137: RuntimeWarning: invalid value encountered in divide
  updated_mean = (last_sum + new_sum) / updated_sample_count

2026-08-25 15:45:20,677:WARNING:/home/ilyandho/micromamba/envs/pycaret/lib/python3.10/site-packages/sklearn/utils/extmath.py:1142: RuntimeWarning: invalid value encountered in divide
  T = new_sum / new_sample_count

2026-08-25 15:45:20,677:WARNING:/home/ilyandho/micromamba/envs/pycaret/lib/python3.10/site-packages/sklearn/utils/extmath.py:1162: RuntimeWarning: invalid value encountered in divide
  new_unnormalized_variance -= correction**2 / new_sample_count

2026-08-25 15:45:21,243:WARNING:/home/ilyandho/micromamba/envs/pycaret/lib/python3.10/site-packages/sklearn/utils/extmath.py:1137: RuntimeWarning: invalid value encountered in divide
  updated_mean = (last_sum + new_sum) / updated_sample_count

2026-08-25 15:45:21,243:WARNING:/home/ilyandho/micromamba/envs/pycaret/lib/python3.10/site-packages/sklearn/utils/extmath.py:1142: RuntimeWarning: invalid value encountered in divide
  T = new_sum / new_sample_count

2026-08-25 15:45:21,244:WARNING:/home/ilyandho/micromamba/envs/pycaret/lib/python3.10/site-packages/sklearn/utils/extmath.py:1162: RuntimeWarning: invalid value encountered in divide
  new_unnormalized_variance -= correction**2 / new_sample_count

2026-08-25 15:45:21,824:WARNING:/home/ilyandho/micromamba/envs/pycaret/lib/python3.10/site-packages/sklearn/utils/extmath.py:1137: RuntimeWarning: invalid value encountered in divide
  updated_mean = (last_sum + new_sum) / updated_sample_count

2026-08-25 15:45:21,824:WARNING:/home/ilyandho/micromamba/envs/pycaret/lib/python3.10/site-packages/sklearn/utils/extmath.py:1142: RuntimeWarning: invalid value encountered in divide
  T = new_sum / new_sample_count

2026-08-25 15:45:21,824:WARNING:/home/ilyandho/micromamba/envs/pycaret/lib/python3.10/site-packages/sklearn/utils/extmath.py:1162: RuntimeWarning: invalid value encountered in divide
  new_unnormalized_variance -= correction**2 / new_sample_count

2026-08-25 15:45:22,589:WARNING:/home/ilyandho/micromamba/envs/pycaret/lib/python3.10/site-packages/sklearn/utils/extmath.py:1137: RuntimeWarning: invalid value encountered in divide
  updated_mean = (last_sum + new_sum) / updated_sample_count

2026-08-25 15:45:22,590:WARNING:/home/ilyandho/micromamba/envs/pycaret/lib/python3.10/site-packages/sklearn/utils/extmath.py:1142: RuntimeWarning: invalid value encountered in divide
  T = new_sum / new_sample_count

2026-08-25 15:45:22,590:WARNING:/home/ilyandho/micromamba/envs/pycaret/lib/python3.10/site-packages/sklearn/utils/extmath.py:1162: RuntimeWarning: invalid value encountered in divide
  new_unnormalized_variance -= correction**2 / new_sample_count

2026-08-25 15:46:20,138:WARNING:/home/ilyandho/micromamba/envs/pycaret/lib/python3.10/site-packages/sklearn/utils/extmath.py:1137: RuntimeWarning: invalid value encountered in divide
  updated_mean = (last_sum + new_sum) / updated_sample_count

2026-08-25 15:46:20,138:WARNING:/home/ilyandho/micromamba/envs/pycaret/lib/python3.10/site-packages/sklearn/utils/extmath.py:1142: RuntimeWarning: invalid value encountered in divide
  T = new_sum / new_sample_count

2026-08-25 15:46:20,138:WARNING:/home/ilyandho/micromamba/envs/pycaret/lib/python3.10/site-packages/sklearn/utils/extmath.py:1162: RuntimeWarning: invalid value encountered in divide
  new_unnormalized_variance -= correction**2 / new_sample_count

2026-08-25 15:46:20,676:WARNING:/home/ilyandho/micromamba/envs/pycaret/lib/python3.10/site-packages/sklearn/utils/extmath.py:1137: RuntimeWarning: invalid value encountered in divide
  updated_mean = (last_sum + new_sum) / updated_sample_count

2026-08-25 15:46:20,676:WARNING:/home/ilyandho/micromamba/envs/pycaret/lib/python3.10/site-packages/sklearn/utils/extmath.py:1142: RuntimeWarning: invalid value encountered in divide
  T = new_sum / new_sample_count

2026-08-25 15:46:20,676:WARNING:/home/ilyandho/micromamba/envs/pycaret/lib/python3.10/site-packages/sklearn/utils/extmath.py:1162: RuntimeWarning: invalid value encountered in divide
  new_unnormalized_variance -= correction**2 / new_sample_count

2026-08-25 15:46:21,300:WARNING:/home/ilyandho/micromamba/envs/pycaret/lib/python3.10/site-packages/sklearn/utils/extmath.py:1137: RuntimeWarning: invalid value encountered in divide
  updated_mean = (last_sum + new_sum) / updated_sample_count

2026-08-25 15:46:21,300:WARNING:/home/ilyandho/micromamba/envs/pycaret/lib/python3.10/site-packages/sklearn/utils/extmath.py:1142: RuntimeWarning: invalid value encountered in divide
  T = new_sum / new_sample_count

2026-08-25 15:46:21,300:WARNING:/home/ilyandho/micromamba/envs/pycaret/lib/python3.10/site-packages/sklearn/utils/extmath.py:1162: RuntimeWarning: invalid value encountered in divide
  new_unnormalized_variance -= correction**2 / new_sample_count

2026-08-25 15:46:22,159:WARNING:/home/ilyandho/micromamba/envs/pycaret/lib/python3.10/site-packages/sklearn/utils/extmath.py:1137: RuntimeWarning: invalid value encountered in divide
  updated_mean = (last_sum + new_sum) / updated_sample_count

2026-08-25 15:46:22,159:WARNING:/home/ilyandho/micromamba/envs/pycaret/lib/python3.10/site-packages/sklearn/utils/extmath.py:1142: RuntimeWarning: invalid value encountered in divide
  T = new_sum / new_sample_count

2026-08-25 15:46:22,159:WARNING:/home/ilyandho/micromamba/envs/pycaret/lib/python3.10/site-packages/sklearn/utils/extmath.py:1162: RuntimeWarning: invalid value encountered in divide
  new_unnormalized_variance -= correction**2 / new_sample_count

2026-08-25 15:47:27,595:WARNING:/home/ilyandho/micromamba/envs/pycaret/lib/python3.10/site-packages/sklearn/utils/extmath.py:1137: RuntimeWarning: invalid value encountered in divide
  updated_mean = (last_sum + new_sum) / updated_sample_count

2026-08-25 15:47:27,595:WARNING:/home/ilyandho/micromamba/envs/pycaret/lib/python3.10/site-packages/sklearn/utils/extmath.py:1142: RuntimeWarning: invalid value encountered in divide
  T = new_sum / new_sample_count

2026-08-25 15:47:27,596:WARNING:/home/ilyandho/micromamba/envs/pycaret/lib/python3.10/site-packages/sklearn/utils/extmath.py:1162: RuntimeWarning: invalid value encountered in divide
  new_unnormalized_variance -= correction**2 / new_sample_count

2026-08-25 15:47:28,131:WARNING:/home/ilyandho/micromamba/envs/pycaret/lib/python3.10/site-packages/sklearn/utils/extmath.py:1137: RuntimeWarning: invalid value encountered in divide
  updated_mean = (last_sum + new_sum) / updated_sample_count

2026-08-25 15:47:28,131:WARNING:/home/ilyandho/micromamba/envs/pycaret/lib/python3.10/site-packages/sklearn/utils/extmath.py:1142: RuntimeWarning: invalid value encountered in divide
  T = new_sum / new_sample_count

2026-08-25 15:47:28,132:WARNING:/home/ilyandho/micromamba/envs/pycaret/lib/python3.10/site-packages/sklearn/utils/extmath.py:1162: RuntimeWarning: invalid value encountered in divide
  new_unnormalized_variance -= correction**2 / new_sample_count

2026-08-25 15:47:28,704:WARNING:/home/ilyandho/micromamba/envs/pycaret/lib/python3.10/site-packages/sklearn/utils/extmath.py:1137: RuntimeWarning: invalid value encountered in divide
  updated_mean = (last_sum + new_sum) / updated_sample_count

2026-08-25 15:47:28,704:WARNING:/home/ilyandho/micromamba/envs/pycaret/lib/python3.10/site-packages/sklearn/utils/extmath.py:1142: RuntimeWarning: invalid value encountered in divide
  T = new_sum / new_sample_count

2026-08-25 15:47:28,704:WARNING:/home/ilyandho/micromamba/envs/pycaret/lib/python3.10/site-packages/sklearn/utils/extmath.py:1162: RuntimeWarning: invalid value encountered in divide
  new_unnormalized_variance -= correction**2 / new_sample_count

2026-08-25 15:47:29,384:WARNING:/home/ilyandho/micromamba/envs/pycaret/lib/python3.10/site-packages/sklearn/utils/extmath.py:1137: RuntimeWarning: invalid value encountered in divide
  updated_mean = (last_sum + new_sum) / updated_sample_count

2026-08-25 15:47:29,384:WARNING:/home/ilyandho/micromamba/envs/pycaret/lib/python3.10/site-packages/sklearn/utils/extmath.py:1142: RuntimeWarning: invalid value encountered in divide
  T = new_sum / new_sample_count

2026-08-25 15:47:29,384:WARNING:/home/ilyandho/micromamba/envs/pycaret/lib/python3.10/site-packages/sklearn/utils/extmath.py:1162: RuntimeWarning: invalid value encountered in divide
  new_unnormalized_variance -= correction**2 / new_sample_count

2026-08-25 15:48:41,718:WARNING:/home/ilyandho/micromamba/envs/pycaret/lib/python3.10/site-packages/sklearn/utils/extmath.py:1137: RuntimeWarning: invalid value encountered in divide
  updated_mean = (last_sum + new_sum) / updated_sample_count

2026-08-25 15:48:41,718:WARNING:/home/ilyandho/micromamba/envs/pycaret/lib/python3.10/site-packages/sklearn/utils/extmath.py:1142: RuntimeWarning: invalid value encountered in divide
  T = new_sum / new_sample_count

2026-08-25 15:48:41,719:WARNING:/home/ilyandho/micromamba/envs/pycaret/lib/python3.10/site-packages/sklearn/utils/extmath.py:1162: RuntimeWarning: invalid value encountered in divide
  new_unnormalized_variance -= correction**2 / new_sample_count

2026-08-25 15:48:42,282:WARNING:/home/ilyandho/micromamba/envs/pycaret/lib/python3.10/site-packages/sklearn/utils/extmath.py:1137: RuntimeWarning: invalid value encountered in divide
  updated_mean = (last_sum + new_sum) / updated_sample_count

2026-08-25 15:48:42,282:WARNING:/home/ilyandho/micromamba/envs/pycaret/lib/python3.10/site-packages/sklearn/utils/extmath.py:1142: RuntimeWarning: invalid value encountered in divide
  T = new_sum / new_sample_count

2026-08-25 15:48:42,282:WARNING:/home/ilyandho/micromamba/envs/pycaret/lib/python3.10/site-packages/sklearn/utils/extmath.py:1162: RuntimeWarning: invalid value encountered in divide
  new_unnormalized_variance -= correction**2 / new_sample_count

2026-08-25 15:48:42,865:WARNING:/home/ilyandho/micromamba/envs/pycaret/lib/python3.10/site-packages/sklearn/utils/extmath.py:1137: RuntimeWarning: invalid value encountered in divide
  updated_mean = (last_sum + new_sum) / updated_sample_count

2026-08-25 15:48:42,865:WARNING:/home/ilyandho/micromamba/envs/pycaret/lib/python3.10/site-packages/sklearn/utils/extmath.py:1142: RuntimeWarning: invalid value encountered in divide
  T = new_sum / new_sample_count

2026-08-25 15:48:42,865:WARNING:/home/ilyandho/micromamba/envs/pycaret/lib/python3.10/site-packages/sklearn/utils/extmath.py:1162: RuntimeWarning: invalid value encountered in divide
  new_unnormalized_variance -= correction**2 / new_sample_count

2026-08-25 15:48:43,814:WARNING:/home/ilyandho/micromamba/envs/pycaret/lib/python3.10/site-packages/sklearn/utils/extmath.py:1137: RuntimeWarning: invalid value encountered in divide
  updated_mean = (last_sum + new_sum) / updated_sample_count

2026-08-25 15:48:43,814:WARNING:/home/ilyandho/micromamba/envs/pycaret/lib/python3.10/site-packages/sklearn/utils/extmath.py:1142: RuntimeWarning: invalid value encountered in divide
  T = new_sum / new_sample_count

2026-08-25 15:48:43,814:WARNING:/home/ilyandho/micromamba/envs/pycaret/lib/python3.10/site-packages/sklearn/utils/extmath.py:1162: RuntimeWarning: invalid value encountered in divide
  new_unnormalized_variance -= correction**2 / new_sample_count

2026-08-25 15:50:03,214:WARNING:/home/ilyandho/micromamba/envs/pycaret/lib/python3.10/site-packages/sklearn/utils/extmath.py:1137: RuntimeWarning: invalid value encountered in divide
  updated_mean = (last_sum + new_sum) / updated_sample_count

2026-08-25 15:50:03,214:WARNING:/home/ilyandho/micromamba/envs/pycaret/lib/python3.10/site-packages/sklearn/utils/extmath.py:1142: RuntimeWarning: invalid value encountered in divide
  T = new_sum / new_sample_count

2026-08-25 15:50:03,214:WARNING:/home/ilyandho/micromamba/envs/pycaret/lib/python3.10/site-packages/sklearn/utils/extmath.py:1162: RuntimeWarning: invalid value encountered in divide
  new_unnormalized_variance -= correction**2 / new_sample_count

2026-08-25 15:50:03,823:WARNING:/home/ilyandho/micromamba/envs/pycaret/lib/python3.10/site-packages/sklearn/utils/extmath.py:1137: RuntimeWarning: invalid value encountered in divide
  updated_mean = (last_sum + new_sum) / updated_sample_count

2026-08-25 15:50:03,823:WARNING:/home/ilyandho/micromamba/envs/pycaret/lib/python3.10/site-packages/sklearn/utils/extmath.py:1142: RuntimeWarning: invalid value encountered in divide
  T = new_sum / new_sample_count

2026-08-25 15:50:03,823:WARNING:/home/ilyandho/micromamba/envs/pycaret/lib/python3.10/site-packages/sklearn/utils/extmath.py:1162: RuntimeWarning: invalid value encountered in divide
  new_unnormalized_variance -= correction**2 / new_sample_count

2026-08-25 15:50:04,815:WARNING:/home/ilyandho/micromamba/envs/pycaret/lib/python3.10/site-packages/sklearn/utils/extmath.py:1137: RuntimeWarning: invalid value encountered in divide
  updated_mean = (last_sum + new_sum) / updated_sample_count

2026-08-25 15:50:04,816:WARNING:/home/ilyandho/micromamba/envs/pycaret/lib/python3.10/site-packages/sklearn/utils/extmath.py:1142: RuntimeWarning: invalid value encountered in divide
  T = new_sum / new_sample_count

2026-08-25 15:50:04,816:WARNING:/home/ilyandho/micromamba/envs/pycaret/lib/python3.10/site-packages/sklearn/utils/extmath.py:1162: RuntimeWarning: invalid value encountered in divide
  new_unnormalized_variance -= correction**2 / new_sample_count

2026-08-25 15:50:06,124:WARNING:/home/ilyandho/micromamba/envs/pycaret/lib/python3.10/site-packages/sklearn/utils/extmath.py:1137: RuntimeWarning: invalid value encountered in divide
  updated_mean = (last_sum + new_sum) / updated_sample_count

2026-08-25 15:50:06,124:WARNING:/home/ilyandho/micromamba/envs/pycaret/lib/python3.10/site-packages/sklearn/utils/extmath.py:1142: RuntimeWarning: invalid value encountered in divide
  T = new_sum / new_sample_count

2026-08-25 15:50:06,124:WARNING:/home/ilyandho/micromamba/envs/pycaret/lib/python3.10/site-packages/sklearn/utils/extmath.py:1162: RuntimeWarning: invalid value encountered in divide
  new_unnormalized_variance -= correction**2 / new_sample_count

2026-08-25 15:51:37,893:WARNING:/home/ilyandho/micromamba/envs/pycaret/lib/python3.10/site-packages/sklearn/utils/extmath.py:1137: RuntimeWarning: invalid value encountered in divide
  updated_mean = (last_sum + new_sum) / updated_sample_count

2026-08-25 15:51:37,893:WARNING:/home/ilyandho/micromamba/envs/pycaret/lib/python3.10/site-packages/sklearn/utils/extmath.py:1142: RuntimeWarning: invalid value encountered in divide
  T = new_sum / new_sample_count

2026-08-25 15:51:37,893:WARNING:/home/ilyandho/micromamba/envs/pycaret/lib/python3.10/site-packages/sklearn/utils/extmath.py:1162: RuntimeWarning: invalid value encountered in divide
  new_unnormalized_variance -= correction**2 / new_sample_count

2026-08-25 15:51:38,465:WARNING:/home/ilyandho/micromamba/envs/pycaret/lib/python3.10/site-packages/sklearn/utils/extmath.py:1137: RuntimeWarning: invalid value encountered in divide
  updated_mean = (last_sum + new_sum) / updated_sample_count

2026-08-25 15:51:38,465:WARNING:/home/ilyandho/micromamba/envs/pycaret/lib/python3.10/site-packages/sklearn/utils/extmath.py:1142: RuntimeWarning: invalid value encountered in divide
  T = new_sum / new_sample_count

2026-08-25 15:51:38,465:WARNING:/home/ilyandho/micromamba/envs/pycaret/lib/python3.10/site-packages/sklearn/utils/extmath.py:1162: RuntimeWarning: invalid value encountered in divide
  new_unnormalized_variance -= correction**2 / new_sample_count

2026-08-25 15:51:39,320:WARNING:/home/ilyandho/micromamba/envs/pycaret/lib/python3.10/site-packages/sklearn/utils/extmath.py:1137: RuntimeWarning: invalid value encountered in divide
  updated_mean = (last_sum + new_sum) / updated_sample_count

2026-08-25 15:51:39,320:WARNING:/home/ilyandho/micromamba/envs/pycaret/lib/python3.10/site-packages/sklearn/utils/extmath.py:1142: RuntimeWarning: invalid value encountered in divide
  T = new_sum / new_sample_count

2026-08-25 15:51:39,320:WARNING:/home/ilyandho/micromamba/envs/pycaret/lib/python3.10/site-packages/sklearn/utils/extmath.py:1162: RuntimeWarning: invalid value encountered in divide
  new_unnormalized_variance -= correction**2 / new_sample_count

2026-08-25 15:51:40,033:WARNING:/home/ilyandho/micromamba/envs/pycaret/lib/python3.10/site-packages/sklearn/utils/extmath.py:1137: RuntimeWarning: invalid value encountered in divide
  updated_mean = (last_sum + new_sum) / updated_sample_count

2026-08-25 15:51:40,033:WARNING:/home/ilyandho/micromamba/envs/pycaret/lib/python3.10/site-packages/sklearn/utils/extmath.py:1142: RuntimeWarning: invalid value encountered in divide
  T = new_sum / new_sample_count

2026-08-25 15:51:40,033:WARNING:/home/ilyandho/micromamba/envs/pycaret/lib/python3.10/site-packages/sklearn/utils/extmath.py:1162: RuntimeWarning: invalid value encountered in divide
  new_unnormalized_variance -= correction**2 / new_sample_count

2026-08-25 15:53:20,072:WARNING:/home/ilyandho/micromamba/envs/pycaret/lib/python3.10/site-packages/sklearn/utils/extmath.py:1137: RuntimeWarning: invalid value encountered in divide
  updated_mean = (last_sum + new_sum) / updated_sample_count

2026-08-25 15:53:20,072:WARNING:/home/ilyandho/micromamba/envs/pycaret/lib/python3.10/site-packages/sklearn/utils/extmath.py:1142: RuntimeWarning: invalid value encountered in divide
  T = new_sum / new_sample_count

2026-08-25 15:53:20,072:WARNING:/home/ilyandho/micromamba/envs/pycaret/lib/python3.10/site-packages/sklearn/utils/extmath.py:1162: RuntimeWarning: invalid value encountered in divide
  new_unnormalized_variance -= correction**2 / new_sample_count

2026-08-25 15:53:20,626:WARNING:/home/ilyandho/micromamba/envs/pycaret/lib/python3.10/site-packages/sklearn/utils/extmath.py:1137: RuntimeWarning: invalid value encountered in divide
  updated_mean = (last_sum + new_sum) / updated_sample_count

2026-08-25 15:53:20,626:WARNING:/home/ilyandho/micromamba/envs/pycaret/lib/python3.10/site-packages/sklearn/utils/extmath.py:1142: RuntimeWarning: invalid value encountered in divide
  T = new_sum / new_sample_count

2026-08-25 15:53:20,626:WARNING:/home/ilyandho/micromamba/envs/pycaret/lib/python3.10/site-packages/sklearn/utils/extmath.py:1162: RuntimeWarning: invalid value encountered in divide
  new_unnormalized_variance -= correction**2 / new_sample_count

2026-08-25 15:53:21,272:WARNING:/home/ilyandho/micromamba/envs/pycaret/lib/python3.10/site-packages/sklearn/utils/extmath.py:1137: RuntimeWarning: invalid value encountered in divide
  updated_mean = (last_sum + new_sum) / updated_sample_count

2026-08-25 15:53:21,273:WARNING:/home/ilyandho/micromamba/envs/pycaret/lib/python3.10/site-packages/sklearn/utils/extmath.py:1142: RuntimeWarning: invalid value encountered in divide
  T = new_sum / new_sample_count

2026-08-25 15:53:21,273:WARNING:/home/ilyandho/micromamba/envs/pycaret/lib/python3.10/site-packages/sklearn/utils/extmath.py:1162: RuntimeWarning: invalid value encountered in divide
  new_unnormalized_variance -= correction**2 / new_sample_count

2026-08-25 15:53:22,058:WARNING:/home/ilyandho/micromamba/envs/pycaret/lib/python3.10/site-packages/sklearn/utils/extmath.py:1137: RuntimeWarning: invalid value encountered in divide
  updated_mean = (last_sum + new_sum) / updated_sample_count

2026-08-25 15:53:22,058:WARNING:/home/ilyandho/micromamba/envs/pycaret/lib/python3.10/site-packages/sklearn/utils/extmath.py:1142: RuntimeWarning: invalid value encountered in divide
  T = new_sum / new_sample_count

2026-08-25 15:53:22,058:WARNING:/home/ilyandho/micromamba/envs/pycaret/lib/python3.10/site-packages/sklearn/utils/extmath.py:1162: RuntimeWarning: invalid value encountered in divide
  new_unnormalized_variance -= correction**2 / new_sample_count

2026-08-25 15:55:10,712:WARNING:/home/ilyandho/micromamba/envs/pycaret/lib/python3.10/site-packages/sklearn/utils/extmath.py:1137: RuntimeWarning: invalid value encountered in divide
  updated_mean = (last_sum + new_sum) / updated_sample_count

2026-08-25 15:55:10,712:WARNING:/home/ilyandho/micromamba/envs/pycaret/lib/python3.10/site-packages/sklearn/utils/extmath.py:1142: RuntimeWarning: invalid value encountered in divide
  T = new_sum / new_sample_count

2026-08-25 15:55:10,712:WARNING:/home/ilyandho/micromamba/envs/pycaret/lib/python3.10/site-packages/sklearn/utils/extmath.py:1162: RuntimeWarning: invalid value encountered in divide
  new_unnormalized_variance -= correction**2 / new_sample_count

2026-08-25 15:55:11,271:WARNING:/home/ilyandho/micromamba/envs/pycaret/lib/python3.10/site-packages/sklearn/utils/extmath.py:1137: RuntimeWarning: invalid value encountered in divide
  updated_mean = (last_sum + new_sum) / updated_sample_count

2026-08-25 15:55:11,271:WARNING:/home/ilyandho/micromamba/envs/pycaret/lib/python3.10/site-packages/sklearn/utils/extmath.py:1142: RuntimeWarning: invalid value encountered in divide
  T = new_sum / new_sample_count

2026-08-25 15:55:11,271:WARNING:/home/ilyandho/micromamba/envs/pycaret/lib/python3.10/site-packages/sklearn/utils/extmath.py:1162: RuntimeWarning: invalid value encountered in divide
  new_unnormalized_variance -= correction**2 / new_sample_count

2026-08-25 15:55:11,899:WARNING:/home/ilyandho/micromamba/envs/pycaret/lib/python3.10/site-packages/sklearn/utils/extmath.py:1137: RuntimeWarning: invalid value encountered in divide
  updated_mean = (last_sum + new_sum) / updated_sample_count

2026-08-25 15:55:11,899:WARNING:/home/ilyandho/micromamba/envs/pycaret/lib/python3.10/site-packages/sklearn/utils/extmath.py:1142: RuntimeWarning: invalid value encountered in divide
  T = new_sum / new_sample_count

2026-08-25 15:55:11,899:WARNING:/home/ilyandho/micromamba/envs/pycaret/lib/python3.10/site-packages/sklearn/utils/extmath.py:1162: RuntimeWarning: invalid value encountered in divide
  new_unnormalized_variance -= correction**2 / new_sample_count

2026-08-25 15:55:12,671:WARNING:/home/ilyandho/micromamba/envs/pycaret/lib/python3.10/site-packages/sklearn/utils/extmath.py:1137: RuntimeWarning: invalid value encountered in divide
  updated_mean = (last_sum + new_sum) / updated_sample_count

2026-08-25 15:55:12,672:WARNING:/home/ilyandho/micromamba/envs/pycaret/lib/python3.10/site-packages/sklearn/utils/extmath.py:1142: RuntimeWarning: invalid value encountered in divide
  T = new_sum / new_sample_count

2026-08-25 15:55:12,672:WARNING:/home/ilyandho/micromamba/envs/pycaret/lib/python3.10/site-packages/sklearn/utils/extmath.py:1162: RuntimeWarning: invalid value encountered in divide
  new_unnormalized_variance -= correction**2 / new_sample_count

2026-08-25 15:57:10,294:WARNING:/home/ilyandho/micromamba/envs/pycaret/lib/python3.10/site-packages/sklearn/utils/extmath.py:1137: RuntimeWarning: invalid value encountered in divide
  updated_mean = (last_sum + new_sum) / updated_sample_count

2026-08-25 15:57:10,294:WARNING:/home/ilyandho/micromamba/envs/pycaret/lib/python3.10/site-packages/sklearn/utils/extmath.py:1142: RuntimeWarning: invalid value encountered in divide
  T = new_sum / new_sample_count

2026-08-25 15:57:10,294:WARNING:/home/ilyandho/micromamba/envs/pycaret/lib/python3.10/site-packages/sklearn/utils/extmath.py:1162: RuntimeWarning: invalid value encountered in divide
  new_unnormalized_variance -= correction**2 / new_sample_count

2026-08-25 15:57:10,856:WARNING:/home/ilyandho/micromamba/envs/pycaret/lib/python3.10/site-packages/sklearn/utils/extmath.py:1137: RuntimeWarning: invalid value encountered in divide
  updated_mean = (last_sum + new_sum) / updated_sample_count

2026-08-25 15:57:10,857:WARNING:/home/ilyandho/micromamba/envs/pycaret/lib/python3.10/site-packages/sklearn/utils/extmath.py:1142: RuntimeWarning: invalid value encountered in divide
  T = new_sum / new_sample_count

2026-08-25 15:57:10,857:WARNING:/home/ilyandho/micromamba/envs/pycaret/lib/python3.10/site-packages/sklearn/utils/extmath.py:1162: RuntimeWarning: invalid value encountered in divide
  new_unnormalized_variance -= correction**2 / new_sample_count

2026-08-25 15:57:11,473:WARNING:/home/ilyandho/micromamba/envs/pycaret/lib/python3.10/site-packages/sklearn/utils/extmath.py:1137: RuntimeWarning: invalid value encountered in divide
  updated_mean = (last_sum + new_sum) / updated_sample_count

2026-08-25 15:57:11,473:WARNING:/home/ilyandho/micromamba/envs/pycaret/lib/python3.10/site-packages/sklearn/utils/extmath.py:1142: RuntimeWarning: invalid value encountered in divide
  T = new_sum / new_sample_count

2026-08-25 15:57:11,473:WARNING:/home/ilyandho/micromamba/envs/pycaret/lib/python3.10/site-packages/sklearn/utils/extmath.py:1162: RuntimeWarning: invalid value encountered in divide
  new_unnormalized_variance -= correction**2 / new_sample_count

2026-08-25 15:57:12,201:WARNING:/home/ilyandho/micromamba/envs/pycaret/lib/python3.10/site-packages/sklearn/utils/extmath.py:1137: RuntimeWarning: invalid value encountered in divide
  updated_mean = (last_sum + new_sum) / updated_sample_count

2026-08-25 15:57:12,201:WARNING:/home/ilyandho/micromamba/envs/pycaret/lib/python3.10/site-packages/sklearn/utils/extmath.py:1142: RuntimeWarning: invalid value encountered in divide
  T = new_sum / new_sample_count

2026-08-25 15:57:12,201:WARNING:/home/ilyandho/micromamba/envs/pycaret/lib/python3.10/site-packages/sklearn/utils/extmath.py:1162: RuntimeWarning: invalid value encountered in divide
  new_unnormalized_variance -= correction**2 / new_sample_count

2026-08-25 15:59:17,783:WARNING:/home/ilyandho/micromamba/envs/pycaret/lib/python3.10/site-packages/sklearn/utils/extmath.py:1137: RuntimeWarning: invalid value encountered in divide
  updated_mean = (last_sum + new_sum) / updated_sample_count

2026-08-25 15:59:17,783:WARNING:/home/ilyandho/micromamba/envs/pycaret/lib/python3.10/site-packages/sklearn/utils/extmath.py:1142: RuntimeWarning: invalid value encountered in divide
  T = new_sum / new_sample_count

2026-08-25 15:59:17,783:WARNING:/home/ilyandho/micromamba/envs/pycaret/lib/python3.10/site-packages/sklearn/utils/extmath.py:1162: RuntimeWarning: invalid value encountered in divide
  new_unnormalized_variance -= correction**2 / new_sample_count

2026-08-25 15:59:18,316:WARNING:/home/ilyandho/micromamba/envs/pycaret/lib/python3.10/site-packages/sklearn/utils/extmath.py:1137: RuntimeWarning: invalid value encountered in divide
  updated_mean = (last_sum + new_sum) / updated_sample_count

2026-08-25 15:59:18,316:WARNING:/home/ilyandho/micromamba/envs/pycaret/lib/python3.10/site-packages/sklearn/utils/extmath.py:1142: RuntimeWarning: invalid value encountered in divide
  T = new_sum / new_sample_count

2026-08-25 15:59:18,316:WARNING:/home/ilyandho/micromamba/envs/pycaret/lib/python3.10/site-packages/sklearn/utils/extmath.py:1162: RuntimeWarning: invalid value encountered in divide
  new_unnormalized_variance -= correction**2 / new_sample_count

2026-08-25 15:59:18,919:WARNING:/home/ilyandho/micromamba/envs/pycaret/lib/python3.10/site-packages/sklearn/utils/extmath.py:1137: RuntimeWarning: invalid value encountered in divide
  updated_mean = (last_sum + new_sum) / updated_sample_count

2026-08-25 15:59:18,919:WARNING:/home/ilyandho/micromamba/envs/pycaret/lib/python3.10/site-packages/sklearn/utils/extmath.py:1142: RuntimeWarning: invalid value encountered in divide
  T = new_sum / new_sample_count

2026-08-25 15:59:18,919:WARNING:/home/ilyandho/micromamba/envs/pycaret/lib/python3.10/site-packages/sklearn/utils/extmath.py:1162: RuntimeWarning: invalid value encountered in divide
  new_unnormalized_variance -= correction**2 / new_sample_count

2026-08-25 15:59:19,674:WARNING:/home/ilyandho/micromamba/envs/pycaret/lib/python3.10/site-packages/sklearn/utils/extmath.py:1137: RuntimeWarning: invalid value encountered in divide
  updated_mean = (last_sum + new_sum) / updated_sample_count

2026-08-25 15:59:19,674:WARNING:/home/ilyandho/micromamba/envs/pycaret/lib/python3.10/site-packages/sklearn/utils/extmath.py:1142: RuntimeWarning: invalid value encountered in divide
  T = new_sum / new_sample_count

2026-08-25 15:59:19,675:WARNING:/home/ilyandho/micromamba/envs/pycaret/lib/python3.10/site-packages/sklearn/utils/extmath.py:1162: RuntimeWarning: invalid value encountered in divide
  new_unnormalized_variance -= correction**2 / new_sample_count

2026-08-25 16:01:32,412:WARNING:/home/ilyandho/micromamba/envs/pycaret/lib/python3.10/site-packages/sklearn/utils/extmath.py:1137: RuntimeWarning: invalid value encountered in divide
  updated_mean = (last_sum + new_sum) / updated_sample_count

2026-08-25 16:01:32,412:WARNING:/home/ilyandho/micromamba/envs/pycaret/lib/python3.10/site-packages/sklearn/utils/extmath.py:1142: RuntimeWarning: invalid value encountered in divide
  T = new_sum / new_sample_count

2026-08-25 16:01:32,412:WARNING:/home/ilyandho/micromamba/envs/pycaret/lib/python3.10/site-packages/sklearn/utils/extmath.py:1162: RuntimeWarning: invalid value encountered in divide
  new_unnormalized_variance -= correction**2 / new_sample_count

2026-08-25 16:01:32,961:WARNING:/home/ilyandho/micromamba/envs/pycaret/lib/python3.10/site-packages/sklearn/utils/extmath.py:1137: RuntimeWarning: invalid value encountered in divide
  updated_mean = (last_sum + new_sum) / updated_sample_count

2026-08-25 16:01:32,961:WARNING:/home/ilyandho/micromamba/envs/pycaret/lib/python3.10/site-packages/sklearn/utils/extmath.py:1142: RuntimeWarning: invalid value encountered in divide
  T = new_sum / new_sample_count

2026-08-25 16:01:32,961:WARNING:/home/ilyandho/micromamba/envs/pycaret/lib/python3.10/site-packages/sklearn/utils/extmath.py:1162: RuntimeWarning: invalid value encountered in divide
  new_unnormalized_variance -= correction**2 / new_sample_count

2026-08-25 16:01:33,514:WARNING:/home/ilyandho/micromamba/envs/pycaret/lib/python3.10/site-packages/sklearn/utils/extmath.py:1137: RuntimeWarning: invalid value encountered in divide
  updated_mean = (last_sum + new_sum) / updated_sample_count

2026-08-25 16:01:33,514:WARNING:/home/ilyandho/micromamba/envs/pycaret/lib/python3.10/site-packages/sklearn/utils/extmath.py:1142: RuntimeWarning: invalid value encountered in divide
  T = new_sum / new_sample_count

2026-08-25 16:01:33,514:WARNING:/home/ilyandho/micromamba/envs/pycaret/lib/python3.10/site-packages/sklearn/utils/extmath.py:1162: RuntimeWarning: invalid value encountered in divide
  new_unnormalized_variance -= correction**2 / new_sample_count

2026-08-25 16:01:34,238:WARNING:/home/ilyandho/micromamba/envs/pycaret/lib/python3.10/site-packages/sklearn/utils/extmath.py:1137: RuntimeWarning: invalid value encountered in divide
  updated_mean = (last_sum + new_sum) / updated_sample_count

2026-08-25 16:01:34,238:WARNING:/home/ilyandho/micromamba/envs/pycaret/lib/python3.10/site-packages/sklearn/utils/extmath.py:1142: RuntimeWarning: invalid value encountered in divide
  T = new_sum / new_sample_count

2026-08-25 16:01:34,238:WARNING:/home/ilyandho/micromamba/envs/pycaret/lib/python3.10/site-packages/sklearn/utils/extmath.py:1162: RuntimeWarning: invalid value encountered in divide
  new_unnormalized_variance -= correction**2 / new_sample_count

2026-08-25 16:03:55,506:WARNING:/home/ilyandho/micromamba/envs/pycaret/lib/python3.10/site-packages/sklearn/utils/extmath.py:1137: RuntimeWarning: invalid value encountered in divide
  updated_mean = (last_sum + new_sum) / updated_sample_count

2026-08-25 16:03:55,506:WARNING:/home/ilyandho/micromamba/envs/pycaret/lib/python3.10/site-packages/sklearn/utils/extmath.py:1142: RuntimeWarning: invalid value encountered in divide
  T = new_sum / new_sample_count

2026-08-25 16:03:55,507:WARNING:/home/ilyandho/micromamba/envs/pycaret/lib/python3.10/site-packages/sklearn/utils/extmath.py:1162: RuntimeWarning: invalid value encountered in divide
  new_unnormalized_variance -= correction**2 / new_sample_count

2026-08-25 16:03:56,093:WARNING:/home/ilyandho/micromamba/envs/pycaret/lib/python3.10/site-packages/sklearn/utils/extmath.py:1137: RuntimeWarning: invalid value encountered in divide
  updated_mean = (last_sum + new_sum) / updated_sample_count

2026-08-25 16:03:56,093:WARNING:/home/ilyandho/micromamba/envs/pycaret/lib/python3.10/site-packages/sklearn/utils/extmath.py:1142: RuntimeWarning: invalid value encountered in divide
  T = new_sum / new_sample_count

2026-08-25 16:03:56,093:WARNING:/home/ilyandho/micromamba/envs/pycaret/lib/python3.10/site-packages/sklearn/utils/extmath.py:1162: RuntimeWarning: invalid value encountered in divide
  new_unnormalized_variance -= correction**2 / new_sample_count

2026-08-25 16:03:56,693:WARNING:/home/ilyandho/micromamba/envs/pycaret/lib/python3.10/site-packages/sklearn/utils/extmath.py:1137: RuntimeWarning: invalid value encountered in divide
  updated_mean = (last_sum + new_sum) / updated_sample_count

2026-08-25 16:03:56,693:WARNING:/home/ilyandho/micromamba/envs/pycaret/lib/python3.10/site-packages/sklearn/utils/extmath.py:1142: RuntimeWarning: invalid value encountered in divide
  T = new_sum / new_sample_count

2026-08-25 16:03:56,694:WARNING:/home/ilyandho/micromamba/envs/pycaret/lib/python3.10/site-packages/sklearn/utils/extmath.py:1162: RuntimeWarning: invalid value encountered in divide
  new_unnormalized_variance -= correction**2 / new_sample_count

2026-08-25 16:03:57,466:WARNING:/home/ilyandho/micromamba/envs/pycaret/lib/python3.10/site-packages/sklearn/utils/extmath.py:1137: RuntimeWarning: invalid value encountered in divide
  updated_mean = (last_sum + new_sum) / updated_sample_count

2026-08-25 16:03:57,466:WARNING:/home/ilyandho/micromamba/envs/pycaret/lib/python3.10/site-packages/sklearn/utils/extmath.py:1142: RuntimeWarning: invalid value encountered in divide
  T = new_sum / new_sample_count

2026-08-25 16:03:57,467:WARNING:/home/ilyandho/micromamba/envs/pycaret/lib/python3.10/site-packages/sklearn/utils/extmath.py:1162: RuntimeWarning: invalid value encountered in divide
  new_unnormalized_variance -= correction**2 / new_sample_count

2026-08-25 16:06:31,243:WARNING:/home/ilyandho/micromamba/envs/pycaret/lib/python3.10/site-packages/sklearn/utils/extmath.py:1137: RuntimeWarning: invalid value encountered in divide
  updated_mean = (last_sum + new_sum) / updated_sample_count

2026-08-25 16:06:31,243:WARNING:/home/ilyandho/micromamba/envs/pycaret/lib/python3.10/site-packages/sklearn/utils/extmath.py:1142: RuntimeWarning: invalid value encountered in divide
  T = new_sum / new_sample_count

2026-08-25 16:06:31,243:WARNING:/home/ilyandho/micromamba/envs/pycaret/lib/python3.10/site-packages/sklearn/utils/extmath.py:1162: RuntimeWarning: invalid value encountered in divide
  new_unnormalized_variance -= correction**2 / new_sample_count

2026-08-25 16:06:31,817:WARNING:/home/ilyandho/micromamba/envs/pycaret/lib/python3.10/site-packages/sklearn/utils/extmath.py:1137: RuntimeWarning: invalid value encountered in divide
  updated_mean = (last_sum + new_sum) / updated_sample_count

2026-08-25 16:06:31,817:WARNING:/home/ilyandho/micromamba/envs/pycaret/lib/python3.10/site-packages/sklearn/utils/extmath.py:1142: RuntimeWarning: invalid value encountered in divide
  T = new_sum / new_sample_count

2026-08-25 16:06:31,818:WARNING:/home/ilyandho/micromamba/envs/pycaret/lib/python3.10/site-packages/sklearn/utils/extmath.py:1162: RuntimeWarning: invalid value encountered in divide
  new_unnormalized_variance -= correction**2 / new_sample_count

2026-08-25 16:06:32,410:WARNING:/home/ilyandho/micromamba/envs/pycaret/lib/python3.10/site-packages/sklearn/utils/extmath.py:1137: RuntimeWarning: invalid value encountered in divide
  updated_mean = (last_sum + new_sum) / updated_sample_count

2026-08-25 16:06:32,410:WARNING:/home/ilyandho/micromamba/envs/pycaret/lib/python3.10/site-packages/sklearn/utils/extmath.py:1142: RuntimeWarning: invalid value encountered in divide
  T = new_sum / new_sample_count

2026-08-25 16:06:32,410:WARNING:/home/ilyandho/micromamba/envs/pycaret/lib/python3.10/site-packages/sklearn/utils/extmath.py:1162: RuntimeWarning: invalid value encountered in divide
  new_unnormalized_variance -= correction**2 / new_sample_count

2026-08-25 16:06:33,367:WARNING:/home/ilyandho/micromamba/envs/pycaret/lib/python3.10/site-packages/sklearn/utils/extmath.py:1137: RuntimeWarning: invalid value encountered in divide
  updated_mean = (last_sum + new_sum) / updated_sample_count

2026-08-25 16:06:33,367:WARNING:/home/ilyandho/micromamba/envs/pycaret/lib/python3.10/site-packages/sklearn/utils/extmath.py:1142: RuntimeWarning: invalid value encountered in divide
  T = new_sum / new_sample_count

2026-08-25 16:06:33,367:WARNING:/home/ilyandho/micromamba/envs/pycaret/lib/python3.10/site-packages/sklearn/utils/extmath.py:1162: RuntimeWarning: invalid value encountered in divide
  new_unnormalized_variance -= correction**2 / new_sample_count

2026-08-25 16:09:04,711:WARNING:/home/ilyandho/micromamba/envs/pycaret/lib/python3.10/site-packages/sklearn/utils/extmath.py:1137: RuntimeWarning: invalid value encountered in divide
  updated_mean = (last_sum + new_sum) / updated_sample_count

2026-08-25 16:09:04,711:WARNING:/home/ilyandho/micromamba/envs/pycaret/lib/python3.10/site-packages/sklearn/utils/extmath.py:1142: RuntimeWarning: invalid value encountered in divide
  T = new_sum / new_sample_count

2026-08-25 16:09:04,712:WARNING:/home/ilyandho/micromamba/envs/pycaret/lib/python3.10/site-packages/sklearn/utils/extmath.py:1162: RuntimeWarning: invalid value encountered in divide
  new_unnormalized_variance -= correction**2 / new_sample_count

2026-08-25 16:09:05,277:WARNING:/home/ilyandho/micromamba/envs/pycaret/lib/python3.10/site-packages/sklearn/utils/extmath.py:1137: RuntimeWarning: invalid value encountered in divide
  updated_mean = (last_sum + new_sum) / updated_sample_count

2026-08-25 16:09:05,277:WARNING:/home/ilyandho/micromamba/envs/pycaret/lib/python3.10/site-packages/sklearn/utils/extmath.py:1142: RuntimeWarning: invalid value encountered in divide
  T = new_sum / new_sample_count

2026-08-25 16:09:05,277:WARNING:/home/ilyandho/micromamba/envs/pycaret/lib/python3.10/site-packages/sklearn/utils/extmath.py:1162: RuntimeWarning: invalid value encountered in divide
  new_unnormalized_variance -= correction**2 / new_sample_count

2026-08-25 16:09:05,870:WARNING:/home/ilyandho/micromamba/envs/pycaret/lib/python3.10/site-packages/sklearn/utils/extmath.py:1137: RuntimeWarning: invalid value encountered in divide
  updated_mean = (last_sum + new_sum) / updated_sample_count

2026-08-25 16:09:05,870:WARNING:/home/ilyandho/micromamba/envs/pycaret/lib/python3.10/site-packages/sklearn/utils/extmath.py:1142: RuntimeWarning: invalid value encountered in divide
  T = new_sum / new_sample_count

2026-08-25 16:09:05,870:WARNING:/home/ilyandho/micromamba/envs/pycaret/lib/python3.10/site-packages/sklearn/utils/extmath.py:1162: RuntimeWarning: invalid value encountered in divide
  new_unnormalized_variance -= correction**2 / new_sample_count

2026-08-25 16:09:06,633:WARNING:/home/ilyandho/micromamba/envs/pycaret/lib/python3.10/site-packages/sklearn/utils/extmath.py:1137: RuntimeWarning: invalid value encountered in divide
  updated_mean = (last_sum + new_sum) / updated_sample_count

2026-08-25 16:09:06,633:WARNING:/home/ilyandho/micromamba/envs/pycaret/lib/python3.10/site-packages/sklearn/utils/extmath.py:1142: RuntimeWarning: invalid value encountered in divide
  T = new_sum / new_sample_count

2026-08-25 16:09:06,634:WARNING:/home/ilyandho/micromamba/envs/pycaret/lib/python3.10/site-packages/sklearn/utils/extmath.py:1162: RuntimeWarning: invalid value encountered in divide
  new_unnormalized_variance -= correction**2 / new_sample_count

2026-08-25 16:11:47,711:WARNING:/home/ilyandho/micromamba/envs/pycaret/lib/python3.10/site-packages/sklearn/utils/extmath.py:1137: RuntimeWarning: invalid value encountered in divide
  updated_mean = (last_sum + new_sum) / updated_sample_count

2026-08-25 16:11:47,711:WARNING:/home/ilyandho/micromamba/envs/pycaret/lib/python3.10/site-packages/sklearn/utils/extmath.py:1142: RuntimeWarning: invalid value encountered in divide
  T = new_sum / new_sample_count

2026-08-25 16:11:47,712:WARNING:/home/ilyandho/micromamba/envs/pycaret/lib/python3.10/site-packages/sklearn/utils/extmath.py:1162: RuntimeWarning: invalid value encountered in divide
  new_unnormalized_variance -= correction**2 / new_sample_count

2026-08-25 16:11:48,216:WARNING:/home/ilyandho/micromamba/envs/pycaret/lib/python3.10/site-packages/sklearn/utils/extmath.py:1137: RuntimeWarning: invalid value encountered in divide
  updated_mean = (last_sum + new_sum) / updated_sample_count

2026-08-25 16:11:48,216:WARNING:/home/ilyandho/micromamba/envs/pycaret/lib/python3.10/site-packages/sklearn/utils/extmath.py:1142: RuntimeWarning: invalid value encountered in divide
  T = new_sum / new_sample_count

2026-08-25 16:11:48,216:WARNING:/home/ilyandho/micromamba/envs/pycaret/lib/python3.10/site-packages/sklearn/utils/extmath.py:1162: RuntimeWarning: invalid value encountered in divide
  new_unnormalized_variance -= correction**2 / new_sample_count

2026-08-25 16:11:48,777:WARNING:/home/ilyandho/micromamba/envs/pycaret/lib/python3.10/site-packages/sklearn/utils/extmath.py:1137: RuntimeWarning: invalid value encountered in divide
  updated_mean = (last_sum + new_sum) / updated_sample_count

2026-08-25 16:11:48,777:WARNING:/home/ilyandho/micromamba/envs/pycaret/lib/python3.10/site-packages/sklearn/utils/extmath.py:1142: RuntimeWarning: invalid value encountered in divide
  T = new_sum / new_sample_count

2026-08-25 16:11:48,777:WARNING:/home/ilyandho/micromamba/envs/pycaret/lib/python3.10/site-packages/sklearn/utils/extmath.py:1162: RuntimeWarning: invalid value encountered in divide
  new_unnormalized_variance -= correction**2 / new_sample_count

2026-08-25 16:11:49,513:WARNING:/home/ilyandho/micromamba/envs/pycaret/lib/python3.10/site-packages/sklearn/utils/extmath.py:1137: RuntimeWarning: invalid value encountered in divide
  updated_mean = (last_sum + new_sum) / updated_sample_count

2026-08-25 16:11:49,514:WARNING:/home/ilyandho/micromamba/envs/pycaret/lib/python3.10/site-packages/sklearn/utils/extmath.py:1142: RuntimeWarning: invalid value encountered in divide
  T = new_sum / new_sample_count

2026-08-25 16:11:49,514:WARNING:/home/ilyandho/micromamba/envs/pycaret/lib/python3.10/site-packages/sklearn/utils/extmath.py:1162: RuntimeWarning: invalid value encountered in divide
  new_unnormalized_variance -= correction**2 / new_sample_count

2026-08-25 16:14:49,043:WARNING:/home/ilyandho/micromamba/envs/pycaret/lib/python3.10/site-packages/sklearn/utils/extmath.py:1137: RuntimeWarning: invalid value encountered in divide
  updated_mean = (last_sum + new_sum) / updated_sample_count

2026-08-25 16:14:49,043:WARNING:/home/ilyandho/micromamba/envs/pycaret/lib/python3.10/site-packages/sklearn/utils/extmath.py:1142: RuntimeWarning: invalid value encountered in divide
  T = new_sum / new_sample_count

2026-08-25 16:14:49,043:WARNING:/home/ilyandho/micromamba/envs/pycaret/lib/python3.10/site-packages/sklearn/utils/extmath.py:1162: RuntimeWarning: invalid value encountered in divide
  new_unnormalized_variance -= correction**2 / new_sample_count

2026-08-25 16:14:49,628:WARNING:/home/ilyandho/micromamba/envs/pycaret/lib/python3.10/site-packages/sklearn/utils/extmath.py:1137: RuntimeWarning: invalid value encountered in divide
  updated_mean = (last_sum + new_sum) / updated_sample_count

2026-08-25 16:14:49,628:WARNING:/home/ilyandho/micromamba/envs/pycaret/lib/python3.10/site-packages/sklearn/utils/extmath.py:1142: RuntimeWarning: invalid value encountered in divide
  T = new_sum / new_sample_count

2026-08-25 16:14:49,628:WARNING:/home/ilyandho/micromamba/envs/pycaret/lib/python3.10/site-packages/sklearn/utils/extmath.py:1162: RuntimeWarning: invalid value encountered in divide
  new_unnormalized_variance -= correction**2 / new_sample_count

2026-08-25 16:14:50,233:WARNING:/home/ilyandho/micromamba/envs/pycaret/lib/python3.10/site-packages/sklearn/utils/extmath.py:1137: RuntimeWarning: invalid value encountered in divide
  updated_mean = (last_sum + new_sum) / updated_sample_count

2026-08-25 16:14:50,233:WARNING:/home/ilyandho/micromamba/envs/pycaret/lib/python3.10/site-packages/sklearn/utils/extmath.py:1142: RuntimeWarning: invalid value encountered in divide
  T = new_sum / new_sample_count

2026-08-25 16:14:50,233:WARNING:/home/ilyandho/micromamba/envs/pycaret/lib/python3.10/site-packages/sklearn/utils/extmath.py:1162: RuntimeWarning: invalid value encountered in divide
  new_unnormalized_variance -= correction**2 / new_sample_count

2026-08-25 16:14:50,972:WARNING:/home/ilyandho/micromamba/envs/pycaret/lib/python3.10/site-packages/sklearn/utils/extmath.py:1137: RuntimeWarning: invalid value encountered in divide
  updated_mean = (last_sum + new_sum) / updated_sample_count

2026-08-25 16:14:50,972:WARNING:/home/ilyandho/micromamba/envs/pycaret/lib/python3.10/site-packages/sklearn/utils/extmath.py:1142: RuntimeWarning: invalid value encountered in divide
  T = new_sum / new_sample_count

2026-08-25 16:14:50,972:WARNING:/home/ilyandho/micromamba/envs/pycaret/lib/python3.10/site-packages/sklearn/utils/extmath.py:1162: RuntimeWarning: invalid value encountered in divide
  new_unnormalized_variance -= correction**2 / new_sample_count

2026-08-25 16:17:51,516:WARNING:/home/ilyandho/micromamba/envs/pycaret/lib/python3.10/site-packages/sklearn/utils/extmath.py:1137: RuntimeWarning: invalid value encountered in divide
  updated_mean = (last_sum + new_sum) / updated_sample_count

2026-08-25 16:17:51,516:WARNING:/home/ilyandho/micromamba/envs/pycaret/lib/python3.10/site-packages/sklearn/utils/extmath.py:1142: RuntimeWarning: invalid value encountered in divide
  T = new_sum / new_sample_count

2026-08-25 16:17:51,516:WARNING:/home/ilyandho/micromamba/envs/pycaret/lib/python3.10/site-packages/sklearn/utils/extmath.py:1162: RuntimeWarning: invalid value encountered in divide
  new_unnormalized_variance -= correction**2 / new_sample_count

2026-08-25 16:17:52,019:WARNING:/home/ilyandho/micromamba/envs/pycaret/lib/python3.10/site-packages/sklearn/utils/extmath.py:1137: RuntimeWarning: invalid value encountered in divide
  updated_mean = (last_sum + new_sum) / updated_sample_count

2026-08-25 16:17:52,019:WARNING:/home/ilyandho/micromamba/envs/pycaret/lib/python3.10/site-packages/sklearn/utils/extmath.py:1142: RuntimeWarning: invalid value encountered in divide
  T = new_sum / new_sample_count

2026-08-25 16:17:52,019:WARNING:/home/ilyandho/micromamba/envs/pycaret/lib/python3.10/site-packages/sklearn/utils/extmath.py:1162: RuntimeWarning: invalid value encountered in divide
  new_unnormalized_variance -= correction**2 / new_sample_count

2026-08-25 16:17:52,622:WARNING:/home/ilyandho/micromamba/envs/pycaret/lib/python3.10/site-packages/sklearn/utils/extmath.py:1137: RuntimeWarning: invalid value encountered in divide
  updated_mean = (last_sum + new_sum) / updated_sample_count

2026-08-25 16:17:52,622:WARNING:/home/ilyandho/micromamba/envs/pycaret/lib/python3.10/site-packages/sklearn/utils/extmath.py:1142: RuntimeWarning: invalid value encountered in divide
  T = new_sum / new_sample_count

2026-08-25 16:17:52,622:WARNING:/home/ilyandho/micromamba/envs/pycaret/lib/python3.10/site-packages/sklearn/utils/extmath.py:1162: RuntimeWarning: invalid value encountered in divide
  new_unnormalized_variance -= correction**2 / new_sample_count

2026-08-25 16:17:53,384:WARNING:/home/ilyandho/micromamba/envs/pycaret/lib/python3.10/site-packages/sklearn/utils/extmath.py:1137: RuntimeWarning: invalid value encountered in divide
  updated_mean = (last_sum + new_sum) / updated_sample_count

2026-08-25 16:17:53,384:WARNING:/home/ilyandho/micromamba/envs/pycaret/lib/python3.10/site-packages/sklearn/utils/extmath.py:1142: RuntimeWarning: invalid value encountered in divide
  T = new_sum / new_sample_count

2026-08-25 16:17:53,384:WARNING:/home/ilyandho/micromamba/envs/pycaret/lib/python3.10/site-packages/sklearn/utils/extmath.py:1162: RuntimeWarning: invalid value encountered in divide
  new_unnormalized_variance -= correction**2 / new_sample_count

2026-08-25 16:42:30,207:WARNING:/home/ilyandho/micromamba/envs/pycaret/lib/python3.10/site-packages/sklearn/utils/extmath.py:1137: RuntimeWarning: invalid value encountered in divide
  updated_mean = (last_sum + new_sum) / updated_sample_count

2026-08-25 16:42:30,207:WARNING:/home/ilyandho/micromamba/envs/pycaret/lib/python3.10/site-packages/sklearn/utils/extmath.py:1142: RuntimeWarning: invalid value encountered in divide
  T = new_sum / new_sample_count

2026-08-25 16:42:30,208:WARNING:/home/ilyandho/micromamba/envs/pycaret/lib/python3.10/site-packages/sklearn/utils/extmath.py:1162: RuntimeWarning: invalid value encountered in divide
  new_unnormalized_variance -= correction**2 / new_sample_count

2026-08-25 16:42:30,783:WARNING:/home/ilyandho/micromamba/envs/pycaret/lib/python3.10/site-packages/sklearn/utils/extmath.py:1137: RuntimeWarning: invalid value encountered in divide
  updated_mean = (last_sum + new_sum) / updated_sample_count

2026-08-25 16:42:30,783:WARNING:/home/ilyandho/micromamba/envs/pycaret/lib/python3.10/site-packages/sklearn/utils/extmath.py:1142: RuntimeWarning: invalid value encountered in divide
  T = new_sum / new_sample_count

2026-08-25 16:42:30,783:WARNING:/home/ilyandho/micromamba/envs/pycaret/lib/python3.10/site-packages/sklearn/utils/extmath.py:1162: RuntimeWarning: invalid value encountered in divide
  new_unnormalized_variance -= correction**2 / new_sample_count

2026-08-25 16:42:31,545:WARNING:/home/ilyandho/micromamba/envs/pycaret/lib/python3.10/site-packages/sklearn/utils/extmath.py:1137: RuntimeWarning: invalid value encountered in divide
  updated_mean = (last_sum + new_sum) / updated_sample_count

2026-08-25 16:42:31,545:WARNING:/home/ilyandho/micromamba/envs/pycaret/lib/python3.10/site-packages/sklearn/utils/extmath.py:1142: RuntimeWarning: invalid value encountered in divide
  T = new_sum / new_sample_count

2026-08-25 16:42:31,545:WARNING:/home/ilyandho/micromamba/envs/pycaret/lib/python3.10/site-packages/sklearn/utils/extmath.py:1162: RuntimeWarning: invalid value encountered in divide
  new_unnormalized_variance -= correction**2 / new_sample_count

2026-08-25 16:42:32,281:WARNING:/home/ilyandho/micromamba/envs/pycaret/lib/python3.10/site-packages/sklearn/utils/extmath.py:1137: RuntimeWarning: invalid value encountered in divide
  updated_mean = (last_sum + new_sum) / updated_sample_count

2026-08-25 16:42:32,281:WARNING:/home/ilyandho/micromamba/envs/pycaret/lib/python3.10/site-packages/sklearn/utils/extmath.py:1142: RuntimeWarning: invalid value encountered in divide
  T = new_sum / new_sample_count

2026-08-25 16:42:32,281:WARNING:/home/ilyandho/micromamba/envs/pycaret/lib/python3.10/site-packages/sklearn/utils/extmath.py:1162: RuntimeWarning: invalid value encountered in divide
  new_unnormalized_variance -= correction**2 / new_sample_count

2026-08-25 16:45:59,353:WARNING:/home/ilyandho/micromamba/envs/pycaret/lib/python3.10/site-packages/sklearn/utils/extmath.py:1137: RuntimeWarning: invalid value encountered in divide
  updated_mean = (last_sum + new_sum) / updated_sample_count

2026-08-25 16:45:59,353:WARNING:/home/ilyandho/micromamba/envs/pycaret/lib/python3.10/site-packages/sklearn/utils/extmath.py:1142: RuntimeWarning: invalid value encountered in divide
  T = new_sum / new_sample_count

2026-08-25 16:45:59,353:WARNING:/home/ilyandho/micromamba/envs/pycaret/lib/python3.10/site-packages/sklearn/utils/extmath.py:1162: RuntimeWarning: invalid value encountered in divide
  new_unnormalized_variance -= correction**2 / new_sample_count

2026-08-25 16:45:59,895:WARNING:/home/ilyandho/micromamba/envs/pycaret/lib/python3.10/site-packages/sklearn/utils/extmath.py:1137: RuntimeWarning: invalid value encountered in divide
  updated_mean = (last_sum + new_sum) / updated_sample_count

2026-08-25 16:45:59,895:WARNING:/home/ilyandho/micromamba/envs/pycaret/lib/python3.10/site-packages/sklearn/utils/extmath.py:1142: RuntimeWarning: invalid value encountered in divide
  T = new_sum / new_sample_count

2026-08-25 16:45:59,895:WARNING:/home/ilyandho/micromamba/envs/pycaret/lib/python3.10/site-packages/sklearn/utils/extmath.py:1162: RuntimeWarning: invalid value encountered in divide
  new_unnormalized_variance -= correction**2 / new_sample_count

2026-08-25 16:46:00,491:WARNING:/home/ilyandho/micromamba/envs/pycaret/lib/python3.10/site-packages/sklearn/utils/extmath.py:1137: RuntimeWarning: invalid value encountered in divide
  updated_mean = (last_sum + new_sum) / updated_sample_count

2026-08-25 16:46:00,491:WARNING:/home/ilyandho/micromamba/envs/pycaret/lib/python3.10/site-packages/sklearn/utils/extmath.py:1142: RuntimeWarning: invalid value encountered in divide
  T = new_sum / new_sample_count

2026-08-25 16:46:00,491:WARNING:/home/ilyandho/micromamba/envs/pycaret/lib/python3.10/site-packages/sklearn/utils/extmath.py:1162: RuntimeWarning: invalid value encountered in divide
  new_unnormalized_variance -= correction**2 / new_sample_count

2026-08-25 16:46:01,367:WARNING:/home/ilyandho/micromamba/envs/pycaret/lib/python3.10/site-packages/sklearn/utils/extmath.py:1137: RuntimeWarning: invalid value encountered in divide
  updated_mean = (last_sum + new_sum) / updated_sample_count

2026-08-25 16:46:01,367:WARNING:/home/ilyandho/micromamba/envs/pycaret/lib/python3.10/site-packages/sklearn/utils/extmath.py:1142: RuntimeWarning: invalid value encountered in divide
  T = new_sum / new_sample_count

2026-08-25 16:46:01,367:WARNING:/home/ilyandho/micromamba/envs/pycaret/lib/python3.10/site-packages/sklearn/utils/extmath.py:1162: RuntimeWarning: invalid value encountered in divide
  new_unnormalized_variance -= correction**2 / new_sample_count

2026-08-25 16:49:47,360:WARNING:/home/ilyandho/micromamba/envs/pycaret/lib/python3.10/site-packages/sklearn/utils/extmath.py:1137: RuntimeWarning: invalid value encountered in divide
  updated_mean = (last_sum + new_sum) / updated_sample_count

2026-08-25 16:49:47,360:WARNING:/home/ilyandho/micromamba/envs/pycaret/lib/python3.10/site-packages/sklearn/utils/extmath.py:1142: RuntimeWarning: invalid value encountered in divide
  T = new_sum / new_sample_count

2026-08-25 16:49:47,360:WARNING:/home/ilyandho/micromamba/envs/pycaret/lib/python3.10/site-packages/sklearn/utils/extmath.py:1162: RuntimeWarning: invalid value encountered in divide
  new_unnormalized_variance -= correction**2 / new_sample_count

2026-08-25 16:49:47,917:WARNING:/home/ilyandho/micromamba/envs/pycaret/lib/python3.10/site-packages/sklearn/utils/extmath.py:1137: RuntimeWarning: invalid value encountered in divide
  updated_mean = (last_sum + new_sum) / updated_sample_count

2026-08-25 16:49:47,918:WARNING:/home/ilyandho/micromamba/envs/pycaret/lib/python3.10/site-packages/sklearn/utils/extmath.py:1142: RuntimeWarning: invalid value encountered in divide
  T = new_sum / new_sample_count

2026-08-25 16:49:47,918:WARNING:/home/ilyandho/micromamba/envs/pycaret/lib/python3.10/site-packages/sklearn/utils/extmath.py:1162: RuntimeWarning: invalid value encountered in divide
  new_unnormalized_variance -= correction**2 / new_sample_count

2026-08-25 16:49:48,523:WARNING:/home/ilyandho/micromamba/envs/pycaret/lib/python3.10/site-packages/sklearn/utils/extmath.py:1137: RuntimeWarning: invalid value encountered in divide
  updated_mean = (last_sum + new_sum) / updated_sample_count

2026-08-25 16:49:48,523:WARNING:/home/ilyandho/micromamba/envs/pycaret/lib/python3.10/site-packages/sklearn/utils/extmath.py:1142: RuntimeWarning: invalid value encountered in divide
  T = new_sum / new_sample_count

2026-08-25 16:49:48,524:WARNING:/home/ilyandho/micromamba/envs/pycaret/lib/python3.10/site-packages/sklearn/utils/extmath.py:1162: RuntimeWarning: invalid value encountered in divide
  new_unnormalized_variance -= correction**2 / new_sample_count

2026-08-25 16:49:49,221:WARNING:/home/ilyandho/micromamba/envs/pycaret/lib/python3.10/site-packages/sklearn/utils/extmath.py:1137: RuntimeWarning: invalid value encountered in divide
  updated_mean = (last_sum + new_sum) / updated_sample_count

2026-08-25 16:49:49,221:WARNING:/home/ilyandho/micromamba/envs/pycaret/lib/python3.10/site-packages/sklearn/utils/extmath.py:1142: RuntimeWarning: invalid value encountered in divide
  T = new_sum / new_sample_count

2026-08-25 16:49:49,221:WARNING:/home/ilyandho/micromamba/envs/pycaret/lib/python3.10/site-packages/sklearn/utils/extmath.py:1162: RuntimeWarning: invalid value encountered in divide
  new_unnormalized_variance -= correction**2 / new_sample_count

2026-08-25 16:53:49,190:WARNING:/home/ilyandho/micromamba/envs/pycaret/lib/python3.10/site-packages/sklearn/utils/extmath.py:1137: RuntimeWarning: invalid value encountered in divide
  updated_mean = (last_sum + new_sum) / updated_sample_count

2026-08-25 16:53:49,190:WARNING:/home/ilyandho/micromamba/envs/pycaret/lib/python3.10/site-packages/sklearn/utils/extmath.py:1142: RuntimeWarning: invalid value encountered in divide
  T = new_sum / new_sample_count

2026-08-25 16:53:49,190:WARNING:/home/ilyandho/micromamba/envs/pycaret/lib/python3.10/site-packages/sklearn/utils/extmath.py:1162: RuntimeWarning: invalid value encountered in divide
  new_unnormalized_variance -= correction**2 / new_sample_count

2026-08-25 16:53:49,738:WARNING:/home/ilyandho/micromamba/envs/pycaret/lib/python3.10/site-packages/sklearn/utils/extmath.py:1137: RuntimeWarning: invalid value encountered in divide
  updated_mean = (last_sum + new_sum) / updated_sample_count

2026-08-25 16:53:49,738:WARNING:/home/ilyandho/micromamba/envs/pycaret/lib/python3.10/site-packages/sklearn/utils/extmath.py:1142: RuntimeWarning: invalid value encountered in divide
  T = new_sum / new_sample_count

2026-08-25 16:53:49,738:WARNING:/home/ilyandho/micromamba/envs/pycaret/lib/python3.10/site-packages/sklearn/utils/extmath.py:1162: RuntimeWarning: invalid value encountered in divide
  new_unnormalized_variance -= correction**2 / new_sample_count

2026-08-25 16:53:50,354:WARNING:/home/ilyandho/micromamba/envs/pycaret/lib/python3.10/site-packages/sklearn/utils/extmath.py:1137: RuntimeWarning: invalid value encountered in divide
  updated_mean = (last_sum + new_sum) / updated_sample_count

2026-08-25 16:53:50,354:WARNING:/home/ilyandho/micromamba/envs/pycaret/lib/python3.10/site-packages/sklearn/utils/extmath.py:1142: RuntimeWarning: invalid value encountered in divide
  T = new_sum / new_sample_count

2026-08-25 16:53:50,355:WARNING:/home/ilyandho/micromamba/envs/pycaret/lib/python3.10/site-packages/sklearn/utils/extmath.py:1162: RuntimeWarning: invalid value encountered in divide
  new_unnormalized_variance -= correction**2 / new_sample_count

2026-08-25 16:53:51,133:WARNING:/home/ilyandho/micromamba/envs/pycaret/lib/python3.10/site-packages/sklearn/utils/extmath.py:1137: RuntimeWarning: invalid value encountered in divide
  updated_mean = (last_sum + new_sum) / updated_sample_count

2026-08-25 16:53:51,133:WARNING:/home/ilyandho/micromamba/envs/pycaret/lib/python3.10/site-packages/sklearn/utils/extmath.py:1142: RuntimeWarning: invalid value encountered in divide
  T = new_sum / new_sample_count

2026-08-25 16:53:51,133:WARNING:/home/ilyandho/micromamba/envs/pycaret/lib/python3.10/site-packages/sklearn/utils/extmath.py:1162: RuntimeWarning: invalid value encountered in divide
  new_unnormalized_variance -= correction**2 / new_sample_count

2026-08-25 16:58:03,433:WARNING:/home/ilyandho/micromamba/envs/pycaret/lib/python3.10/site-packages/sklearn/utils/extmath.py:1137: RuntimeWarning: invalid value encountered in divide
  updated_mean = (last_sum + new_sum) / updated_sample_count

2026-08-25 16:58:03,433:WARNING:/home/ilyandho/micromamba/envs/pycaret/lib/python3.10/site-packages/sklearn/utils/extmath.py:1142: RuntimeWarning: invalid value encountered in divide
  T = new_sum / new_sample_count

2026-08-25 16:58:03,434:WARNING:/home/ilyandho/micromamba/envs/pycaret/lib/python3.10/site-packages/sklearn/utils/extmath.py:1162: RuntimeWarning: invalid value encountered in divide
  new_unnormalized_variance -= correction**2 / new_sample_count

2026-08-25 16:58:04,066:WARNING:/home/ilyandho/micromamba/envs/pycaret/lib/python3.10/site-packages/sklearn/utils/extmath.py:1137: RuntimeWarning: invalid value encountered in divide
  updated_mean = (last_sum + new_sum) / updated_sample_count

2026-08-25 16:58:04,066:WARNING:/home/ilyandho/micromamba/envs/pycaret/lib/python3.10/site-packages/sklearn/utils/extmath.py:1142: RuntimeWarning: invalid value encountered in divide
  T = new_sum / new_sample_count

2026-08-25 16:58:04,067:WARNING:/home/ilyandho/micromamba/envs/pycaret/lib/python3.10/site-packages/sklearn/utils/extmath.py:1162: RuntimeWarning: invalid value encountered in divide
  new_unnormalized_variance -= correction**2 / new_sample_count

2026-08-25 16:58:04,639:WARNING:/home/ilyandho/micromamba/envs/pycaret/lib/python3.10/site-packages/sklearn/utils/extmath.py:1137: RuntimeWarning: invalid value encountered in divide
  updated_mean = (last_sum + new_sum) / updated_sample_count

2026-08-25 16:58:04,639:WARNING:/home/ilyandho/micromamba/envs/pycaret/lib/python3.10/site-packages/sklearn/utils/extmath.py:1142: RuntimeWarning: invalid value encountered in divide
  T = new_sum / new_sample_count

2026-08-25 16:58:04,639:WARNING:/home/ilyandho/micromamba/envs/pycaret/lib/python3.10/site-packages/sklearn/utils/extmath.py:1162: RuntimeWarning: invalid value encountered in divide
  new_unnormalized_variance -= correction**2 / new_sample_count

2026-08-25 16:58:05,362:WARNING:/home/ilyandho/micromamba/envs/pycaret/lib/python3.10/site-packages/sklearn/utils/extmath.py:1137: RuntimeWarning: invalid value encountered in divide
  updated_mean = (last_sum + new_sum) / updated_sample_count

2026-08-25 16:58:05,363:WARNING:/home/ilyandho/micromamba/envs/pycaret/lib/python3.10/site-packages/sklearn/utils/extmath.py:1142: RuntimeWarning: invalid value encountered in divide
  T = new_sum / new_sample_count

2026-08-25 16:58:05,363:WARNING:/home/ilyandho/micromamba/envs/pycaret/lib/python3.10/site-packages/sklearn/utils/extmath.py:1162: RuntimeWarning: invalid value encountered in divide
  new_unnormalized_variance -= correction**2 / new_sample_count

2026-08-25 17:02:32,894:WARNING:/home/ilyandho/micromamba/envs/pycaret/lib/python3.10/site-packages/sklearn/utils/extmath.py:1137: RuntimeWarning: invalid value encountered in divide
  updated_mean = (last_sum + new_sum) / updated_sample_count

2026-08-25 17:02:32,894:WARNING:/home/ilyandho/micromamba/envs/pycaret/lib/python3.10/site-packages/sklearn/utils/extmath.py:1142: RuntimeWarning: invalid value encountered in divide
  T = new_sum / new_sample_count

2026-08-25 17:02:32,894:WARNING:/home/ilyandho/micromamba/envs/pycaret/lib/python3.10/site-packages/sklearn/utils/extmath.py:1162: RuntimeWarning: invalid value encountered in divide
  new_unnormalized_variance -= correction**2 / new_sample_count

2026-08-25 17:02:33,426:WARNING:/home/ilyandho/micromamba/envs/pycaret/lib/python3.10/site-packages/sklearn/utils/extmath.py:1137: RuntimeWarning: invalid value encountered in divide
  updated_mean = (last_sum + new_sum) / updated_sample_count

2026-08-25 17:02:33,426:WARNING:/home/ilyandho/micromamba/envs/pycaret/lib/python3.10/site-packages/sklearn/utils/extmath.py:1142: RuntimeWarning: invalid value encountered in divide
  T = new_sum / new_sample_count

2026-08-25 17:02:33,426:WARNING:/home/ilyandho/micromamba/envs/pycaret/lib/python3.10/site-packages/sklearn/utils/extmath.py:1162: RuntimeWarning: invalid value encountered in divide
  new_unnormalized_variance -= correction**2 / new_sample_count

2026-08-25 17:02:34,003:WARNING:/home/ilyandho/micromamba/envs/pycaret/lib/python3.10/site-packages/sklearn/utils/extmath.py:1137: RuntimeWarning: invalid value encountered in divide
  updated_mean = (last_sum + new_sum) / updated_sample_count

2026-08-25 17:02:34,004:WARNING:/home/ilyandho/micromamba/envs/pycaret/lib/python3.10/site-packages/sklearn/utils/extmath.py:1142: RuntimeWarning: invalid value encountered in divide
  T = new_sum / new_sample_count

2026-08-25 17:02:34,004:WARNING:/home/ilyandho/micromamba/envs/pycaret/lib/python3.10/site-packages/sklearn/utils/extmath.py:1162: RuntimeWarning: invalid value encountered in divide
  new_unnormalized_variance -= correction**2 / new_sample_count

2026-08-25 17:02:34,822:WARNING:/home/ilyandho/micromamba/envs/pycaret/lib/python3.10/site-packages/sklearn/utils/extmath.py:1137: RuntimeWarning: invalid value encountered in divide
  updated_mean = (last_sum + new_sum) / updated_sample_count

2026-08-25 17:02:34,822:WARNING:/home/ilyandho/micromamba/envs/pycaret/lib/python3.10/site-packages/sklearn/utils/extmath.py:1142: RuntimeWarning: invalid value encountered in divide
  T = new_sum / new_sample_count

2026-08-25 17:02:34,822:WARNING:/home/ilyandho/micromamba/envs/pycaret/lib/python3.10/site-packages/sklearn/utils/extmath.py:1162: RuntimeWarning: invalid value encountered in divide
  new_unnormalized_variance -= correction**2 / new_sample_count

2026-08-25 17:07:20,730:WARNING:/home/ilyandho/micromamba/envs/pycaret/lib/python3.10/site-packages/sklearn/utils/extmath.py:1137: RuntimeWarning: invalid value encountered in divide
  updated_mean = (last_sum + new_sum) / updated_sample_count

2026-08-25 17:07:20,730:WARNING:/home/ilyandho/micromamba/envs/pycaret/lib/python3.10/site-packages/sklearn/utils/extmath.py:1142: RuntimeWarning: invalid value encountered in divide
  T = new_sum / new_sample_count

2026-08-25 17:07:20,730:WARNING:/home/ilyandho/micromamba/envs/pycaret/lib/python3.10/site-packages/sklearn/utils/extmath.py:1162: RuntimeWarning: invalid value encountered in divide
  new_unnormalized_variance -= correction**2 / new_sample_count

2026-08-25 17:07:21,300:WARNING:/home/ilyandho/micromamba/envs/pycaret/lib/python3.10/site-packages/sklearn/utils/extmath.py:1137: RuntimeWarning: invalid value encountered in divide
  updated_mean = (last_sum + new_sum) / updated_sample_count

2026-08-25 17:07:21,301:WARNING:/home/ilyandho/micromamba/envs/pycaret/lib/python3.10/site-packages/sklearn/utils/extmath.py:1142: RuntimeWarning: invalid value encountered in divide
  T = new_sum / new_sample_count

2026-08-25 17:07:21,301:WARNING:/home/ilyandho/micromamba/envs/pycaret/lib/python3.10/site-packages/sklearn/utils/extmath.py:1162: RuntimeWarning: invalid value encountered in divide
  new_unnormalized_variance -= correction**2 / new_sample_count

2026-08-25 17:07:21,912:WARNING:/home/ilyandho/micromamba/envs/pycaret/lib/python3.10/site-packages/sklearn/utils/extmath.py:1137: RuntimeWarning: invalid value encountered in divide
  updated_mean = (last_sum + new_sum) / updated_sample_count

2026-08-25 17:07:21,912:WARNING:/home/ilyandho/micromamba/envs/pycaret/lib/python3.10/site-packages/sklearn/utils/extmath.py:1142: RuntimeWarning: invalid value encountered in divide
  T = new_sum / new_sample_count

2026-08-25 17:07:21,912:WARNING:/home/ilyandho/micromamba/envs/pycaret/lib/python3.10/site-packages/sklearn/utils/extmath.py:1162: RuntimeWarning: invalid value encountered in divide
  new_unnormalized_variance -= correction**2 / new_sample_count

2026-08-25 17:07:22,677:WARNING:/home/ilyandho/micromamba/envs/pycaret/lib/python3.10/site-packages/sklearn/utils/extmath.py:1137: RuntimeWarning: invalid value encountered in divide
  updated_mean = (last_sum + new_sum) / updated_sample_count

2026-08-25 17:07:22,678:WARNING:/home/ilyandho/micromamba/envs/pycaret/lib/python3.10/site-packages/sklearn/utils/extmath.py:1142: RuntimeWarning: invalid value encountered in divide
  T = new_sum / new_sample_count

2026-08-25 17:07:22,678:WARNING:/home/ilyandho/micromamba/envs/pycaret/lib/python3.10/site-packages/sklearn/utils/extmath.py:1162: RuntimeWarning: invalid value encountered in divide
  new_unnormalized_variance -= correction**2 / new_sample_count

2026-08-26 22:57:27,181:WARNING:/home/ilyandho/micromamba/envs/pycaret/lib/python3.10/site-packages/sklearn/utils/extmath.py:1137: RuntimeWarning: invalid value encountered in divide
  updated_mean = (last_sum + new_sum) / updated_sample_count

2026-08-26 22:57:27,181:WARNING:/home/ilyandho/micromamba/envs/pycaret/lib/python3.10/site-packages/sklearn/utils/extmath.py:1142: RuntimeWarning: invalid value encountered in divide
  T = new_sum / new_sample_count

2026-08-26 22:57:27,182:WARNING:/home/ilyandho/micromamba/envs/pycaret/lib/python3.10/site-packages/sklearn/utils/extmath.py:1162: RuntimeWarning: invalid value encountered in divide
  new_unnormalized_variance -= correction**2 / new_sample_count

2026-08-26 22:57:33,262:WARNING:/home/ilyandho/micromamba/envs/pycaret/lib/python3.10/site-packages/sklearn/utils/extmath.py:1137: RuntimeWarning: invalid value encountered in divide
  updated_mean = (last_sum + new_sum) / updated_sample_count

2026-08-26 22:57:33,262:WARNING:/home/ilyandho/micromamba/envs/pycaret/lib/python3.10/site-packages/sklearn/utils/extmath.py:1142: RuntimeWarning: invalid value encountered in divide
  T = new_sum / new_sample_count

2026-08-26 22:57:33,263:WARNING:/home/ilyandho/micromamba/envs/pycaret/lib/python3.10/site-packages/sklearn/utils/extmath.py:1162: RuntimeWarning: invalid value encountered in divide
  new_unnormalized_variance -= correction**2 / new_sample_count

2026-08-26 22:57:57,359:WARNING:/home/ilyandho/micromamba/envs/pycaret/lib/python3.10/site-packages/sklearn/utils/extmath.py:1137: RuntimeWarning: invalid value encountered in divide
  updated_mean = (last_sum + new_sum) / updated_sample_count

2026-08-26 22:57:57,359:WARNING:/home/ilyandho/micromamba/envs/pycaret/lib/python3.10/site-packages/sklearn/utils/extmath.py:1142: RuntimeWarning: invalid value encountered in divide
  T = new_sum / new_sample_count

2026-08-26 22:57:57,359:WARNING:/home/ilyandho/micromamba/envs/pycaret/lib/python3.10/site-packages/sklearn/utils/extmath.py:1162: RuntimeWarning: invalid value encountered in divide
  new_unnormalized_variance -= correction**2 / new_sample_count

2026-08-26 22:58:02,035:WARNING:/home/ilyandho/micromamba/envs/pycaret/lib/python3.10/site-packages/sklearn/utils/extmath.py:1137: RuntimeWarning: invalid value encountered in divide
  updated_mean = (last_sum + new_sum) / updated_sample_count

2026-08-26 22:58:02,035:WARNING:/home/ilyandho/micromamba/envs/pycaret/lib/python3.10/site-packages/sklearn/utils/extmath.py:1142: RuntimeWarning: invalid value encountered in divide
  T = new_sum / new_sample_count

2026-08-26 22:58:02,035:WARNING:/home/ilyandho/micromamba/envs/pycaret/lib/python3.10/site-packages/sklearn/utils/extmath.py:1162: RuntimeWarning: invalid value encountered in divide
  new_unnormalized_variance -= correction**2 / new_sample_count

2026-08-26 22:58:07,178:WARNING:/home/ilyandho/micromamba/envs/pycaret/lib/python3.10/site-packages/sklearn/utils/extmath.py:1137: RuntimeWarning: invalid value encountered in divide
  updated_mean = (last_sum + new_sum) / updated_sample_count

2026-08-26 22:58:07,178:WARNING:/home/ilyandho/micromamba/envs/pycaret/lib/python3.10/site-packages/sklearn/utils/extmath.py:1142: RuntimeWarning: invalid value encountered in divide
  T = new_sum / new_sample_count

2026-08-26 22:58:07,178:WARNING:/home/ilyandho/micromamba/envs/pycaret/lib/python3.10/site-packages/sklearn/utils/extmath.py:1162: RuntimeWarning: invalid value encountered in divide
  new_unnormalized_variance -= correction**2 / new_sample_count

2026-08-26 22:58:13,051:WARNING:/home/ilyandho/micromamba/envs/pycaret/lib/python3.10/site-packages/sklearn/utils/extmath.py:1137: RuntimeWarning: invalid value encountered in divide
  updated_mean = (last_sum + new_sum) / updated_sample_count

2026-08-26 22:58:13,051:WARNING:/home/ilyandho/micromamba/envs/pycaret/lib/python3.10/site-packages/sklearn/utils/extmath.py:1142: RuntimeWarning: invalid value encountered in divide
  T = new_sum / new_sample_count

2026-08-26 22:58:13,051:WARNING:/home/ilyandho/micromamba/envs/pycaret/lib/python3.10/site-packages/sklearn/utils/extmath.py:1162: RuntimeWarning: invalid value encountered in divide
  new_unnormalized_variance -= correction**2 / new_sample_count

2026-08-26 22:58:33,837:WARNING:/home/ilyandho/micromamba/envs/pycaret/lib/python3.10/site-packages/sklearn/utils/extmath.py:1137: RuntimeWarning: invalid value encountered in divide
  updated_mean = (last_sum + new_sum) / updated_sample_count

2026-08-26 22:58:33,837:WARNING:/home/ilyandho/micromamba/envs/pycaret/lib/python3.10/site-packages/sklearn/utils/extmath.py:1142: RuntimeWarning: invalid value encountered in divide
  T = new_sum / new_sample_count

2026-08-26 22:58:33,837:WARNING:/home/ilyandho/micromamba/envs/pycaret/lib/python3.10/site-packages/sklearn/utils/extmath.py:1162: RuntimeWarning: invalid value encountered in divide
  new_unnormalized_variance -= correction**2 / new_sample_count

2026-08-26 22:58:39,092:WARNING:/home/ilyandho/micromamba/envs/pycaret/lib/python3.10/site-packages/sklearn/utils/extmath.py:1137: RuntimeWarning: invalid value encountered in divide
  updated_mean = (last_sum + new_sum) / updated_sample_count

2026-08-26 22:58:39,092:WARNING:/home/ilyandho/micromamba/envs/pycaret/lib/python3.10/site-packages/sklearn/utils/extmath.py:1142: RuntimeWarning: invalid value encountered in divide
  T = new_sum / new_sample_count

2026-08-26 22:58:39,092:WARNING:/home/ilyandho/micromamba/envs/pycaret/lib/python3.10/site-packages/sklearn/utils/extmath.py:1162: RuntimeWarning: invalid value encountered in divide
  new_unnormalized_variance -= correction**2 / new_sample_count

2026-08-26 22:58:43,118:WARNING:/home/ilyandho/micromamba/envs/pycaret/lib/python3.10/site-packages/sklearn/utils/extmath.py:1137: RuntimeWarning: invalid value encountered in divide
  updated_mean = (last_sum + new_sum) / updated_sample_count

2026-08-26 22:58:43,118:WARNING:/home/ilyandho/micromamba/envs/pycaret/lib/python3.10/site-packages/sklearn/utils/extmath.py:1142: RuntimeWarning: invalid value encountered in divide
  T = new_sum / new_sample_count

2026-08-26 22:58:43,118:WARNING:/home/ilyandho/micromamba/envs/pycaret/lib/python3.10/site-packages/sklearn/utils/extmath.py:1162: RuntimeWarning: invalid value encountered in divide
  new_unnormalized_variance -= correction**2 / new_sample_count

2026-08-26 22:58:50,892:WARNING:/home/ilyandho/micromamba/envs/pycaret/lib/python3.10/site-packages/sklearn/utils/extmath.py:1137: RuntimeWarning: invalid value encountered in divide
  updated_mean = (last_sum + new_sum) / updated_sample_count

2026-08-26 22:58:50,892:WARNING:/home/ilyandho/micromamba/envs/pycaret/lib/python3.10/site-packages/sklearn/utils/extmath.py:1142: RuntimeWarning: invalid value encountered in divide
  T = new_sum / new_sample_count

2026-08-26 22:58:50,892:WARNING:/home/ilyandho/micromamba/envs/pycaret/lib/python3.10/site-packages/sklearn/utils/extmath.py:1162: RuntimeWarning: invalid value encountered in divide
  new_unnormalized_variance -= correction**2 / new_sample_count

2026-08-26 22:59:25,667:WARNING:/home/ilyandho/micromamba/envs/pycaret/lib/python3.10/site-packages/sklearn/utils/extmath.py:1137: RuntimeWarning: invalid value encountered in divide
  updated_mean = (last_sum + new_sum) / updated_sample_count

2026-08-26 22:59:25,667:WARNING:/home/ilyandho/micromamba/envs/pycaret/lib/python3.10/site-packages/sklearn/utils/extmath.py:1142: RuntimeWarning: invalid value encountered in divide
  T = new_sum / new_sample_count

2026-08-26 22:59:25,667:WARNING:/home/ilyandho/micromamba/envs/pycaret/lib/python3.10/site-packages/sklearn/utils/extmath.py:1162: RuntimeWarning: invalid value encountered in divide
  new_unnormalized_variance -= correction**2 / new_sample_count

2026-08-26 22:59:31,434:WARNING:/home/ilyandho/micromamba/envs/pycaret/lib/python3.10/site-packages/sklearn/utils/extmath.py:1137: RuntimeWarning: invalid value encountered in divide
  updated_mean = (last_sum + new_sum) / updated_sample_count

2026-08-26 22:59:31,434:WARNING:/home/ilyandho/micromamba/envs/pycaret/lib/python3.10/site-packages/sklearn/utils/extmath.py:1142: RuntimeWarning: invalid value encountered in divide
  T = new_sum / new_sample_count

2026-08-26 22:59:31,434:WARNING:/home/ilyandho/micromamba/envs/pycaret/lib/python3.10/site-packages/sklearn/utils/extmath.py:1162: RuntimeWarning: invalid value encountered in divide
  new_unnormalized_variance -= correction**2 / new_sample_count

2026-08-26 22:59:36,703:WARNING:/home/ilyandho/micromamba/envs/pycaret/lib/python3.10/site-packages/sklearn/utils/extmath.py:1137: RuntimeWarning: invalid value encountered in divide
  updated_mean = (last_sum + new_sum) / updated_sample_count

2026-08-26 22:59:36,703:WARNING:/home/ilyandho/micromamba/envs/pycaret/lib/python3.10/site-packages/sklearn/utils/extmath.py:1142: RuntimeWarning: invalid value encountered in divide
  T = new_sum / new_sample_count

2026-08-26 22:59:36,704:WARNING:/home/ilyandho/micromamba/envs/pycaret/lib/python3.10/site-packages/sklearn/utils/extmath.py:1162: RuntimeWarning: invalid value encountered in divide
  new_unnormalized_variance -= correction**2 / new_sample_count

2026-08-26 22:59:44,820:WARNING:/home/ilyandho/micromamba/envs/pycaret/lib/python3.10/site-packages/sklearn/utils/extmath.py:1137: RuntimeWarning: invalid value encountered in divide
  updated_mean = (last_sum + new_sum) / updated_sample_count

2026-08-26 22:59:44,821:WARNING:/home/ilyandho/micromamba/envs/pycaret/lib/python3.10/site-packages/sklearn/utils/extmath.py:1142: RuntimeWarning: invalid value encountered in divide
  T = new_sum / new_sample_count

2026-08-26 22:59:44,821:WARNING:/home/ilyandho/micromamba/envs/pycaret/lib/python3.10/site-packages/sklearn/utils/extmath.py:1162: RuntimeWarning: invalid value encountered in divide
  new_unnormalized_variance -= correction**2 / new_sample_count

2026-08-26 23:01:40,564:WARNING:/home/ilyandho/micromamba/envs/pycaret/lib/python3.10/site-packages/sklearn/utils/extmath.py:1137: RuntimeWarning: invalid value encountered in divide
  updated_mean = (last_sum + new_sum) / updated_sample_count

2026-08-26 23:01:40,564:WARNING:/home/ilyandho/micromamba/envs/pycaret/lib/python3.10/site-packages/sklearn/utils/extmath.py:1142: RuntimeWarning: invalid value encountered in divide
  T = new_sum / new_sample_count

2026-08-26 23:01:40,564:WARNING:/home/ilyandho/micromamba/envs/pycaret/lib/python3.10/site-packages/sklearn/utils/extmath.py:1162: RuntimeWarning: invalid value encountered in divide
  new_unnormalized_variance -= correction**2 / new_sample_count

2026-08-26 23:02:27,162:WARNING:/home/ilyandho/micromamba/envs/pycaret/lib/python3.10/site-packages/sklearn/utils/extmath.py:1137: RuntimeWarning: invalid value encountered in divide
  updated_mean = (last_sum + new_sum) / updated_sample_count

2026-08-26 23:02:27,162:WARNING:/home/ilyandho/micromamba/envs/pycaret/lib/python3.10/site-packages/sklearn/utils/extmath.py:1142: RuntimeWarning: invalid value encountered in divide
  T = new_sum / new_sample_count

2026-08-26 23:02:27,162:WARNING:/home/ilyandho/micromamba/envs/pycaret/lib/python3.10/site-packages/sklearn/utils/extmath.py:1162: RuntimeWarning: invalid value encountered in divide
  new_unnormalized_variance -= correction**2 / new_sample_count

2026-08-26 23:02:57,691:WARNING:/home/ilyandho/micromamba/envs/pycaret/lib/python3.10/site-packages/sklearn/utils/extmath.py:1137: RuntimeWarning: invalid value encountered in divide
  updated_mean = (last_sum + new_sum) / updated_sample_count

2026-08-26 23:02:57,691:WARNING:/home/ilyandho/micromamba/envs/pycaret/lib/python3.10/site-packages/sklearn/utils/extmath.py:1142: RuntimeWarning: invalid value encountered in divide
  T = new_sum / new_sample_count

2026-08-26 23:02:57,692:WARNING:/home/ilyandho/micromamba/envs/pycaret/lib/python3.10/site-packages/sklearn/utils/extmath.py:1162: RuntimeWarning: invalid value encountered in divide
  new_unnormalized_variance -= correction**2 / new_sample_count

2026-08-26 23:03:18,527:WARNING:/home/ilyandho/micromamba/envs/pycaret/lib/python3.10/site-packages/sklearn/utils/extmath.py:1137: RuntimeWarning: invalid value encountered in divide
  updated_mean = (last_sum + new_sum) / updated_sample_count

2026-08-26 23:03:18,527:WARNING:/home/ilyandho/micromamba/envs/pycaret/lib/python3.10/site-packages/sklearn/utils/extmath.py:1142: RuntimeWarning: invalid value encountered in divide
  T = new_sum / new_sample_count

2026-08-26 23:03:18,527:WARNING:/home/ilyandho/micromamba/envs/pycaret/lib/python3.10/site-packages/sklearn/utils/extmath.py:1162: RuntimeWarning: invalid value encountered in divide
  new_unnormalized_variance -= correction**2 / new_sample_count

2026-08-26 23:04:19,926:WARNING:/home/ilyandho/micromamba/envs/pycaret/lib/python3.10/site-packages/sklearn/utils/extmath.py:1137: RuntimeWarning: invalid value encountered in divide
  updated_mean = (last_sum + new_sum) / updated_sample_count

2026-08-26 23:04:19,927:WARNING:/home/ilyandho/micromamba/envs/pycaret/lib/python3.10/site-packages/sklearn/utils/extmath.py:1142: RuntimeWarning: invalid value encountered in divide
  T = new_sum / new_sample_count

2026-08-26 23:04:19,927:WARNING:/home/ilyandho/micromamba/envs/pycaret/lib/python3.10/site-packages/sklearn/utils/extmath.py:1162: RuntimeWarning: invalid value encountered in divide
  new_unnormalized_variance -= correction**2 / new_sample_count

2026-08-26 23:04:24,809:WARNING:/home/ilyandho/micromamba/envs/pycaret/lib/python3.10/site-packages/sklearn/utils/extmath.py:1137: RuntimeWarning: invalid value encountered in divide
  updated_mean = (last_sum + new_sum) / updated_sample_count

2026-08-26 23:04:24,809:WARNING:/home/ilyandho/micromamba/envs/pycaret/lib/python3.10/site-packages/sklearn/utils/extmath.py:1142: RuntimeWarning: invalid value encountered in divide
  T = new_sum / new_sample_count

2026-08-26 23:04:24,809:WARNING:/home/ilyandho/micromamba/envs/pycaret/lib/python3.10/site-packages/sklearn/utils/extmath.py:1162: RuntimeWarning: invalid value encountered in divide
  new_unnormalized_variance -= correction**2 / new_sample_count

2026-08-26 23:04:29,692:WARNING:/home/ilyandho/micromamba/envs/pycaret/lib/python3.10/site-packages/sklearn/utils/extmath.py:1137: RuntimeWarning: invalid value encountered in divide
  updated_mean = (last_sum + new_sum) / updated_sample_count

2026-08-26 23:04:29,693:WARNING:/home/ilyandho/micromamba/envs/pycaret/lib/python3.10/site-packages/sklearn/utils/extmath.py:1142: RuntimeWarning: invalid value encountered in divide
  T = new_sum / new_sample_count

2026-08-26 23:04:29,693:WARNING:/home/ilyandho/micromamba/envs/pycaret/lib/python3.10/site-packages/sklearn/utils/extmath.py:1162: RuntimeWarning: invalid value encountered in divide
  new_unnormalized_variance -= correction**2 / new_sample_count

2026-08-26 23:04:34,547:WARNING:/home/ilyandho/micromamba/envs/pycaret/lib/python3.10/site-packages/sklearn/utils/extmath.py:1137: RuntimeWarning: invalid value encountered in divide
  updated_mean = (last_sum + new_sum) / updated_sample_count

2026-08-26 23:04:34,547:WARNING:/home/ilyandho/micromamba/envs/pycaret/lib/python3.10/site-packages/sklearn/utils/extmath.py:1142: RuntimeWarning: invalid value encountered in divide
  T = new_sum / new_sample_count

2026-08-26 23:04:34,547:WARNING:/home/ilyandho/micromamba/envs/pycaret/lib/python3.10/site-packages/sklearn/utils/extmath.py:1162: RuntimeWarning: invalid value encountered in divide
  new_unnormalized_variance -= correction**2 / new_sample_count

2026-08-26 23:07:41,199:WARNING:/home/ilyandho/micromamba/envs/pycaret/lib/python3.10/site-packages/sklearn/utils/extmath.py:1137: RuntimeWarning: invalid value encountered in divide
  updated_mean = (last_sum + new_sum) / updated_sample_count

2026-08-26 23:07:41,199:WARNING:/home/ilyandho/micromamba/envs/pycaret/lib/python3.10/site-packages/sklearn/utils/extmath.py:1142: RuntimeWarning: invalid value encountered in divide
  T = new_sum / new_sample_count

2026-08-26 23:07:41,200:WARNING:/home/ilyandho/micromamba/envs/pycaret/lib/python3.10/site-packages/sklearn/utils/extmath.py:1162: RuntimeWarning: invalid value encountered in divide
  new_unnormalized_variance -= correction**2 / new_sample_count

2026-08-26 23:08:05,692:WARNING:/home/ilyandho/micromamba/envs/pycaret/lib/python3.10/site-packages/sklearn/utils/extmath.py:1137: RuntimeWarning: invalid value encountered in divide
  updated_mean = (last_sum + new_sum) / updated_sample_count

2026-08-26 23:08:05,692:WARNING:/home/ilyandho/micromamba/envs/pycaret/lib/python3.10/site-packages/sklearn/utils/extmath.py:1142: RuntimeWarning: invalid value encountered in divide
  T = new_sum / new_sample_count

2026-08-26 23:08:05,692:WARNING:/home/ilyandho/micromamba/envs/pycaret/lib/python3.10/site-packages/sklearn/utils/extmath.py:1162: RuntimeWarning: invalid value encountered in divide
  new_unnormalized_variance -= correction**2 / new_sample_count

2026-08-26 23:08:10,777:WARNING:/home/ilyandho/micromamba/envs/pycaret/lib/python3.10/site-packages/sklearn/utils/extmath.py:1137: RuntimeWarning: invalid value encountered in divide
  updated_mean = (last_sum + new_sum) / updated_sample_count

2026-08-26 23:08:10,777:WARNING:/home/ilyandho/micromamba/envs/pycaret/lib/python3.10/site-packages/sklearn/utils/extmath.py:1142: RuntimeWarning: invalid value encountered in divide
  T = new_sum / new_sample_count

2026-08-26 23:08:10,777:WARNING:/home/ilyandho/micromamba/envs/pycaret/lib/python3.10/site-packages/sklearn/utils/extmath.py:1162: RuntimeWarning: invalid value encountered in divide
  new_unnormalized_variance -= correction**2 / new_sample_count

2026-08-26 23:08:16,680:WARNING:/home/ilyandho/micromamba/envs/pycaret/lib/python3.10/site-packages/sklearn/utils/extmath.py:1137: RuntimeWarning: invalid value encountered in divide
  updated_mean = (last_sum + new_sum) / updated_sample_count

2026-08-26 23:08:16,680:WARNING:/home/ilyandho/micromamba/envs/pycaret/lib/python3.10/site-packages/sklearn/utils/extmath.py:1142: RuntimeWarning: invalid value encountered in divide
  T = new_sum / new_sample_count

2026-08-26 23:08:16,680:WARNING:/home/ilyandho/micromamba/envs/pycaret/lib/python3.10/site-packages/sklearn/utils/extmath.py:1162: RuntimeWarning: invalid value encountered in divide
  new_unnormalized_variance -= correction**2 / new_sample_count

2026-08-26 23:10:51,831:WARNING:/home/ilyandho/micromamba/envs/pycaret/lib/python3.10/site-packages/sklearn/utils/extmath.py:1137: RuntimeWarning: invalid value encountered in divide
  updated_mean = (last_sum + new_sum) / updated_sample_count

2026-08-26 23:10:51,831:WARNING:/home/ilyandho/micromamba/envs/pycaret/lib/python3.10/site-packages/sklearn/utils/extmath.py:1142: RuntimeWarning: invalid value encountered in divide
  T = new_sum / new_sample_count

2026-08-26 23:10:51,831:WARNING:/home/ilyandho/micromamba/envs/pycaret/lib/python3.10/site-packages/sklearn/utils/extmath.py:1162: RuntimeWarning: invalid value encountered in divide
  new_unnormalized_variance -= correction**2 / new_sample_count

2026-08-26 23:10:59,410:WARNING:/home/ilyandho/micromamba/envs/pycaret/lib/python3.10/site-packages/sklearn/utils/extmath.py:1137: RuntimeWarning: invalid value encountered in divide
  updated_mean = (last_sum + new_sum) / updated_sample_count

2026-08-26 23:10:59,410:WARNING:/home/ilyandho/micromamba/envs/pycaret/lib/python3.10/site-packages/sklearn/utils/extmath.py:1142: RuntimeWarning: invalid value encountered in divide
  T = new_sum / new_sample_count

2026-08-26 23:10:59,410:WARNING:/home/ilyandho/micromamba/envs/pycaret/lib/python3.10/site-packages/sklearn/utils/extmath.py:1162: RuntimeWarning: invalid value encountered in divide
  new_unnormalized_variance -= correction**2 / new_sample_count

2026-08-26 23:11:57,654:WARNING:/home/ilyandho/micromamba/envs/pycaret/lib/python3.10/site-packages/sklearn/utils/extmath.py:1137: RuntimeWarning: invalid value encountered in divide
  updated_mean = (last_sum + new_sum) / updated_sample_count

2026-08-26 23:11:57,655:WARNING:/home/ilyandho/micromamba/envs/pycaret/lib/python3.10/site-packages/sklearn/utils/extmath.py:1142: RuntimeWarning: invalid value encountered in divide
  T = new_sum / new_sample_count

2026-08-26 23:11:57,655:WARNING:/home/ilyandho/micromamba/envs/pycaret/lib/python3.10/site-packages/sklearn/utils/extmath.py:1162: RuntimeWarning: invalid value encountered in divide
  new_unnormalized_variance -= correction**2 / new_sample_count

2026-08-26 23:12:13,241:WARNING:/home/ilyandho/micromamba/envs/pycaret/lib/python3.10/site-packages/sklearn/utils/extmath.py:1137: RuntimeWarning: invalid value encountered in divide
  updated_mean = (last_sum + new_sum) / updated_sample_count

2026-08-26 23:12:13,242:WARNING:/home/ilyandho/micromamba/envs/pycaret/lib/python3.10/site-packages/sklearn/utils/extmath.py:1142: RuntimeWarning: invalid value encountered in divide
  T = new_sum / new_sample_count

2026-08-26 23:12:13,242:WARNING:/home/ilyandho/micromamba/envs/pycaret/lib/python3.10/site-packages/sklearn/utils/extmath.py:1162: RuntimeWarning: invalid value encountered in divide
  new_unnormalized_variance -= correction**2 / new_sample_count

2026-08-26 23:13:44,303:WARNING:/home/ilyandho/micromamba/envs/pycaret/lib/python3.10/site-packages/sklearn/utils/extmath.py:1137: RuntimeWarning: invalid value encountered in divide
  updated_mean = (last_sum + new_sum) / updated_sample_count

2026-08-26 23:13:44,303:WARNING:/home/ilyandho/micromamba/envs/pycaret/lib/python3.10/site-packages/sklearn/utils/extmath.py:1142: RuntimeWarning: invalid value encountered in divide
  T = new_sum / new_sample_count

2026-08-26 23:13:44,303:WARNING:/home/ilyandho/micromamba/envs/pycaret/lib/python3.10/site-packages/sklearn/utils/extmath.py:1162: RuntimeWarning: invalid value encountered in divide
  new_unnormalized_variance -= correction**2 / new_sample_count

2026-08-26 23:13:47,579:WARNING:/home/ilyandho/micromamba/envs/pycaret/lib/python3.10/site-packages/sklearn/utils/extmath.py:1137: RuntimeWarning: invalid value encountered in divide
  updated_mean = (last_sum + new_sum) / updated_sample_count

2026-08-26 23:13:47,579:WARNING:/home/ilyandho/micromamba/envs/pycaret/lib/python3.10/site-packages/sklearn/utils/extmath.py:1142: RuntimeWarning: invalid value encountered in divide
  T = new_sum / new_sample_count

2026-08-26 23:13:47,579:WARNING:/home/ilyandho/micromamba/envs/pycaret/lib/python3.10/site-packages/sklearn/utils/extmath.py:1162: RuntimeWarning: invalid value encountered in divide
  new_unnormalized_variance -= correction**2 / new_sample_count

2026-08-26 23:13:52,709:WARNING:/home/ilyandho/micromamba/envs/pycaret/lib/python3.10/site-packages/sklearn/utils/extmath.py:1137: RuntimeWarning: invalid value encountered in divide
  updated_mean = (last_sum + new_sum) / updated_sample_count

2026-08-26 23:13:52,709:WARNING:/home/ilyandho/micromamba/envs/pycaret/lib/python3.10/site-packages/sklearn/utils/extmath.py:1142: RuntimeWarning: invalid value encountered in divide
  T = new_sum / new_sample_count

2026-08-26 23:13:52,709:WARNING:/home/ilyandho/micromamba/envs/pycaret/lib/python3.10/site-packages/sklearn/utils/extmath.py:1162: RuntimeWarning: invalid value encountered in divide
  new_unnormalized_variance -= correction**2 / new_sample_count

2026-08-26 23:13:58,313:WARNING:/home/ilyandho/micromamba/envs/pycaret/lib/python3.10/site-packages/sklearn/utils/extmath.py:1137: RuntimeWarning: invalid value encountered in divide
  updated_mean = (last_sum + new_sum) / updated_sample_count

2026-08-26 23:13:58,313:WARNING:/home/ilyandho/micromamba/envs/pycaret/lib/python3.10/site-packages/sklearn/utils/extmath.py:1142: RuntimeWarning: invalid value encountered in divide
  T = new_sum / new_sample_count

2026-08-26 23:13:58,313:WARNING:/home/ilyandho/micromamba/envs/pycaret/lib/python3.10/site-packages/sklearn/utils/extmath.py:1162: RuntimeWarning: invalid value encountered in divide
  new_unnormalized_variance -= correction**2 / new_sample_count

2026-08-26 23:15:53,385:WARNING:/home/ilyandho/micromamba/envs/pycaret/lib/python3.10/site-packages/sklearn/utils/extmath.py:1137: RuntimeWarning: invalid value encountered in divide
  updated_mean = (last_sum + new_sum) / updated_sample_count

2026-08-26 23:15:53,385:WARNING:/home/ilyandho/micromamba/envs/pycaret/lib/python3.10/site-packages/sklearn/utils/extmath.py:1142: RuntimeWarning: invalid value encountered in divide
  T = new_sum / new_sample_count

2026-08-26 23:15:53,385:WARNING:/home/ilyandho/micromamba/envs/pycaret/lib/python3.10/site-packages/sklearn/utils/extmath.py:1162: RuntimeWarning: invalid value encountered in divide
  new_unnormalized_variance -= correction**2 / new_sample_count

2026-08-26 23:15:56,402:WARNING:/home/ilyandho/micromamba/envs/pycaret/lib/python3.10/site-packages/sklearn/utils/extmath.py:1137: RuntimeWarning: invalid value encountered in divide
  updated_mean = (last_sum + new_sum) / updated_sample_count

2026-08-26 23:15:56,403:WARNING:/home/ilyandho/micromamba/envs/pycaret/lib/python3.10/site-packages/sklearn/utils/extmath.py:1142: RuntimeWarning: invalid value encountered in divide
  T = new_sum / new_sample_count

2026-08-26 23:15:56,403:WARNING:/home/ilyandho/micromamba/envs/pycaret/lib/python3.10/site-packages/sklearn/utils/extmath.py:1162: RuntimeWarning: invalid value encountered in divide
  new_unnormalized_variance -= correction**2 / new_sample_count

2026-08-26 23:16:00,904:WARNING:/home/ilyandho/micromamba/envs/pycaret/lib/python3.10/site-packages/sklearn/utils/extmath.py:1137: RuntimeWarning: invalid value encountered in divide
  updated_mean = (last_sum + new_sum) / updated_sample_count

2026-08-26 23:16:00,904:WARNING:/home/ilyandho/micromamba/envs/pycaret/lib/python3.10/site-packages/sklearn/utils/extmath.py:1142: RuntimeWarning: invalid value encountered in divide
  T = new_sum / new_sample_count

2026-08-26 23:16:00,904:WARNING:/home/ilyandho/micromamba/envs/pycaret/lib/python3.10/site-packages/sklearn/utils/extmath.py:1162: RuntimeWarning: invalid value encountered in divide
  new_unnormalized_variance -= correction**2 / new_sample_count

2026-08-26 23:16:06,394:WARNING:/home/ilyandho/micromamba/envs/pycaret/lib/python3.10/site-packages/sklearn/utils/extmath.py:1137: RuntimeWarning: invalid value encountered in divide
  updated_mean = (last_sum + new_sum) / updated_sample_count

2026-08-26 23:16:06,394:WARNING:/home/ilyandho/micromamba/envs/pycaret/lib/python3.10/site-packages/sklearn/utils/extmath.py:1142: RuntimeWarning: invalid value encountered in divide
  T = new_sum / new_sample_count

2026-08-26 23:16:06,395:WARNING:/home/ilyandho/micromamba/envs/pycaret/lib/python3.10/site-packages/sklearn/utils/extmath.py:1162: RuntimeWarning: invalid value encountered in divide
  new_unnormalized_variance -= correction**2 / new_sample_count

2026-08-27 06:15:34,183:WARNING:
'cuml' is a soft dependency and not included in the pycaret installation. Please run: `pip install cuml` to install.
2026-08-27 06:15:34,183:WARNING:
'cuml' is a soft dependency and not included in the pycaret installation. Please run: `pip install cuml` to install.
2026-08-27 06:15:34,183:WARNING:
'cuml' is a soft dependency and not included in the pycaret installation. Please run: `pip install cuml` to install.
2026-08-27 06:15:34,183:WARNING:
'cuml' is a soft dependency and not included in the pycaret installation. Please run: `pip install cuml` to install.
2026-08-27 06:15:52,934:WARNING:/home/ilyandho/micromamba/envs/pycaret/lib/python3.10/site-packages/sklearn/utils/extmath.py:1137: RuntimeWarning: invalid value encountered in divide
  updated_mean = (last_sum + new_sum) / updated_sample_count

2026-08-27 06:15:52,934:WARNING:/home/ilyandho/micromamba/envs/pycaret/lib/python3.10/site-packages/sklearn/utils/extmath.py:1142: RuntimeWarning: invalid value encountered in divide
  T = new_sum / new_sample_count

2026-08-27 06:15:52,934:WARNING:/home/ilyandho/micromamba/envs/pycaret/lib/python3.10/site-packages/sklearn/utils/extmath.py:1162: RuntimeWarning: invalid value encountered in divide
  new_unnormalized_variance -= correction**2 / new_sample_count

2026-08-27 06:15:55,721:WARNING:/home/ilyandho/micromamba/envs/pycaret/lib/python3.10/site-packages/sklearn/utils/extmath.py:1137: RuntimeWarning: invalid value encountered in divide
  updated_mean = (last_sum + new_sum) / updated_sample_count

2026-08-27 06:15:55,721:WARNING:/home/ilyandho/micromamba/envs/pycaret/lib/python3.10/site-packages/sklearn/utils/extmath.py:1142: RuntimeWarning: invalid value encountered in divide
  T = new_sum / new_sample_count

2026-08-27 06:15:55,721:WARNING:/home/ilyandho/micromamba/envs/pycaret/lib/python3.10/site-packages/sklearn/utils/extmath.py:1162: RuntimeWarning: invalid value encountered in divide
  new_unnormalized_variance -= correction**2 / new_sample_count

2026-08-27 06:16:16,319:WARNING:/home/ilyandho/micromamba/envs/pycaret/lib/python3.10/site-packages/sklearn/utils/extmath.py:1137: RuntimeWarning: invalid value encountered in divide
  updated_mean = (last_sum + new_sum) / updated_sample_count

2026-08-27 06:16:16,319:WARNING:/home/ilyandho/micromamba/envs/pycaret/lib/python3.10/site-packages/sklearn/utils/extmath.py:1142: RuntimeWarning: invalid value encountered in divide
  T = new_sum / new_sample_count

2026-08-27 06:16:16,319:WARNING:/home/ilyandho/micromamba/envs/pycaret/lib/python3.10/site-packages/sklearn/utils/extmath.py:1162: RuntimeWarning: invalid value encountered in divide
  new_unnormalized_variance -= correction**2 / new_sample_count

2026-08-27 06:16:19,800:WARNING:/home/ilyandho/micromamba/envs/pycaret/lib/python3.10/site-packages/sklearn/utils/extmath.py:1137: RuntimeWarning: invalid value encountered in divide
  updated_mean = (last_sum + new_sum) / updated_sample_count

2026-08-27 06:16:19,801:WARNING:/home/ilyandho/micromamba/envs/pycaret/lib/python3.10/site-packages/sklearn/utils/extmath.py:1142: RuntimeWarning: invalid value encountered in divide
  T = new_sum / new_sample_count

2026-08-27 06:16:19,801:WARNING:/home/ilyandho/micromamba/envs/pycaret/lib/python3.10/site-packages/sklearn/utils/extmath.py:1162: RuntimeWarning: invalid value encountered in divide
  new_unnormalized_variance -= correction**2 / new_sample_count

2026-08-27 06:16:23,833:WARNING:/home/ilyandho/micromamba/envs/pycaret/lib/python3.10/site-packages/sklearn/utils/extmath.py:1137: RuntimeWarning: invalid value encountered in divide
  updated_mean = (last_sum + new_sum) / updated_sample_count

2026-08-27 06:16:23,833:WARNING:/home/ilyandho/micromamba/envs/pycaret/lib/python3.10/site-packages/sklearn/utils/extmath.py:1142: RuntimeWarning: invalid value encountered in divide
  T = new_sum / new_sample_count

2026-08-27 06:16:23,834:WARNING:/home/ilyandho/micromamba/envs/pycaret/lib/python3.10/site-packages/sklearn/utils/extmath.py:1162: RuntimeWarning: invalid value encountered in divide
  new_unnormalized_variance -= correction**2 / new_sample_count

2026-08-27 06:16:27,827:WARNING:/home/ilyandho/micromamba/envs/pycaret/lib/python3.10/site-packages/sklearn/utils/extmath.py:1137: RuntimeWarning: invalid value encountered in divide
  updated_mean = (last_sum + new_sum) / updated_sample_count

2026-08-27 06:16:27,827:WARNING:/home/ilyandho/micromamba/envs/pycaret/lib/python3.10/site-packages/sklearn/utils/extmath.py:1142: RuntimeWarning: invalid value encountered in divide
  T = new_sum / new_sample_count

2026-08-27 06:16:27,827:WARNING:/home/ilyandho/micromamba/envs/pycaret/lib/python3.10/site-packages/sklearn/utils/extmath.py:1162: RuntimeWarning: invalid value encountered in divide
  new_unnormalized_variance -= correction**2 / new_sample_count

2026-08-27 06:16:49,490:WARNING:/home/ilyandho/micromamba/envs/pycaret/lib/python3.10/site-packages/sklearn/utils/extmath.py:1137: RuntimeWarning: invalid value encountered in divide
  updated_mean = (last_sum + new_sum) / updated_sample_count

2026-08-27 06:16:49,490:WARNING:/home/ilyandho/micromamba/envs/pycaret/lib/python3.10/site-packages/sklearn/utils/extmath.py:1142: RuntimeWarning: invalid value encountered in divide
  T = new_sum / new_sample_count

2026-08-27 06:16:49,490:WARNING:/home/ilyandho/micromamba/envs/pycaret/lib/python3.10/site-packages/sklearn/utils/extmath.py:1162: RuntimeWarning: invalid value encountered in divide
  new_unnormalized_variance -= correction**2 / new_sample_count

2026-08-27 06:16:52,937:WARNING:/home/ilyandho/micromamba/envs/pycaret/lib/python3.10/site-packages/sklearn/utils/extmath.py:1137: RuntimeWarning: invalid value encountered in divide
  updated_mean = (last_sum + new_sum) / updated_sample_count

2026-08-27 06:16:52,937:WARNING:/home/ilyandho/micromamba/envs/pycaret/lib/python3.10/site-packages/sklearn/utils/extmath.py:1142: RuntimeWarning: invalid value encountered in divide
  T = new_sum / new_sample_count

2026-08-27 06:16:52,938:WARNING:/home/ilyandho/micromamba/envs/pycaret/lib/python3.10/site-packages/sklearn/utils/extmath.py:1162: RuntimeWarning: invalid value encountered in divide
  new_unnormalized_variance -= correction**2 / new_sample_count

2026-08-27 06:17:01,878:WARNING:/home/ilyandho/micromamba/envs/pycaret/lib/python3.10/site-packages/sklearn/utils/extmath.py:1137: RuntimeWarning: invalid value encountered in divide
  updated_mean = (last_sum + new_sum) / updated_sample_count

2026-08-27 06:17:01,878:WARNING:/home/ilyandho/micromamba/envs/pycaret/lib/python3.10/site-packages/sklearn/utils/extmath.py:1142: RuntimeWarning: invalid value encountered in divide
  T = new_sum / new_sample_count

2026-08-27 06:17:01,878:WARNING:/home/ilyandho/micromamba/envs/pycaret/lib/python3.10/site-packages/sklearn/utils/extmath.py:1162: RuntimeWarning: invalid value encountered in divide
  new_unnormalized_variance -= correction**2 / new_sample_count

2026-08-27 06:17:06,662:WARNING:/home/ilyandho/micromamba/envs/pycaret/lib/python3.10/site-packages/sklearn/utils/extmath.py:1137: RuntimeWarning: invalid value encountered in divide
  updated_mean = (last_sum + new_sum) / updated_sample_count

2026-08-27 06:17:06,662:WARNING:/home/ilyandho/micromamba/envs/pycaret/lib/python3.10/site-packages/sklearn/utils/extmath.py:1142: RuntimeWarning: invalid value encountered in divide
  T = new_sum / new_sample_count

2026-08-27 06:17:06,662:WARNING:/home/ilyandho/micromamba/envs/pycaret/lib/python3.10/site-packages/sklearn/utils/extmath.py:1162: RuntimeWarning: invalid value encountered in divide
  new_unnormalized_variance -= correction**2 / new_sample_count

2026-08-27 06:17:41,045:WARNING:/home/ilyandho/micromamba/envs/pycaret/lib/python3.10/site-packages/sklearn/utils/extmath.py:1137: RuntimeWarning: invalid value encountered in divide
  updated_mean = (last_sum + new_sum) / updated_sample_count

2026-08-27 06:17:41,046:WARNING:/home/ilyandho/micromamba/envs/pycaret/lib/python3.10/site-packages/sklearn/utils/extmath.py:1142: RuntimeWarning: invalid value encountered in divide
  T = new_sum / new_sample_count

2026-08-27 06:17:41,046:WARNING:/home/ilyandho/micromamba/envs/pycaret/lib/python3.10/site-packages/sklearn/utils/extmath.py:1162: RuntimeWarning: invalid value encountered in divide
  new_unnormalized_variance -= correction**2 / new_sample_count

2026-08-27 06:17:44,267:WARNING:/home/ilyandho/micromamba/envs/pycaret/lib/python3.10/site-packages/sklearn/utils/extmath.py:1137: RuntimeWarning: invalid value encountered in divide
  updated_mean = (last_sum + new_sum) / updated_sample_count

2026-08-27 06:17:44,267:WARNING:/home/ilyandho/micromamba/envs/pycaret/lib/python3.10/site-packages/sklearn/utils/extmath.py:1142: RuntimeWarning: invalid value encountered in divide
  T = new_sum / new_sample_count

2026-08-27 06:17:44,267:WARNING:/home/ilyandho/micromamba/envs/pycaret/lib/python3.10/site-packages/sklearn/utils/extmath.py:1162: RuntimeWarning: invalid value encountered in divide
  new_unnormalized_variance -= correction**2 / new_sample_count

2026-08-27 06:17:47,126:WARNING:/home/ilyandho/micromamba/envs/pycaret/lib/python3.10/site-packages/sklearn/utils/extmath.py:1137: RuntimeWarning: invalid value encountered in divide
  updated_mean = (last_sum + new_sum) / updated_sample_count

2026-08-27 06:17:47,126:WARNING:/home/ilyandho/micromamba/envs/pycaret/lib/python3.10/site-packages/sklearn/utils/extmath.py:1142: RuntimeWarning: invalid value encountered in divide
  T = new_sum / new_sample_count

2026-08-27 06:17:47,126:WARNING:/home/ilyandho/micromamba/envs/pycaret/lib/python3.10/site-packages/sklearn/utils/extmath.py:1162: RuntimeWarning: invalid value encountered in divide
  new_unnormalized_variance -= correction**2 / new_sample_count

2026-08-27 06:17:57,687:WARNING:/home/ilyandho/micromamba/envs/pycaret/lib/python3.10/site-packages/sklearn/utils/extmath.py:1137: RuntimeWarning: invalid value encountered in divide
  updated_mean = (last_sum + new_sum) / updated_sample_count

2026-08-27 06:17:57,687:WARNING:/home/ilyandho/micromamba/envs/pycaret/lib/python3.10/site-packages/sklearn/utils/extmath.py:1142: RuntimeWarning: invalid value encountered in divide
  T = new_sum / new_sample_count

2026-08-27 06:17:57,688:WARNING:/home/ilyandho/micromamba/envs/pycaret/lib/python3.10/site-packages/sklearn/utils/extmath.py:1162: RuntimeWarning: invalid value encountered in divide
  new_unnormalized_variance -= correction**2 / new_sample_count

2026-08-27 06:18:37,638:WARNING:/home/ilyandho/micromamba/envs/pycaret/lib/python3.10/site-packages/sklearn/utils/extmath.py:1137: RuntimeWarning: invalid value encountered in divide
  updated_mean = (last_sum + new_sum) / updated_sample_count

2026-08-27 06:18:37,638:WARNING:/home/ilyandho/micromamba/envs/pycaret/lib/python3.10/site-packages/sklearn/utils/extmath.py:1142: RuntimeWarning: invalid value encountered in divide
  T = new_sum / new_sample_count

2026-08-27 06:18:37,639:WARNING:/home/ilyandho/micromamba/envs/pycaret/lib/python3.10/site-packages/sklearn/utils/extmath.py:1162: RuntimeWarning: invalid value encountered in divide
  new_unnormalized_variance -= correction**2 / new_sample_count

2026-08-27 06:18:50,422:WARNING:/home/ilyandho/micromamba/envs/pycaret/lib/python3.10/site-packages/sklearn/utils/extmath.py:1137: RuntimeWarning: invalid value encountered in divide
  updated_mean = (last_sum + new_sum) / updated_sample_count

2026-08-27 06:18:50,422:WARNING:/home/ilyandho/micromamba/envs/pycaret/lib/python3.10/site-packages/sklearn/utils/extmath.py:1142: RuntimeWarning: invalid value encountered in divide
  T = new_sum / new_sample_count

2026-08-27 06:18:50,422:WARNING:/home/ilyandho/micromamba/envs/pycaret/lib/python3.10/site-packages/sklearn/utils/extmath.py:1162: RuntimeWarning: invalid value encountered in divide
  new_unnormalized_variance -= correction**2 / new_sample_count

2026-08-27 06:18:54,543:WARNING:/home/ilyandho/micromamba/envs/pycaret/lib/python3.10/site-packages/sklearn/utils/extmath.py:1137: RuntimeWarning: invalid value encountered in divide
  updated_mean = (last_sum + new_sum) / updated_sample_count

2026-08-27 06:18:54,543:WARNING:/home/ilyandho/micromamba/envs/pycaret/lib/python3.10/site-packages/sklearn/utils/extmath.py:1142: RuntimeWarning: invalid value encountered in divide
  T = new_sum / new_sample_count

2026-08-27 06:18:54,544:WARNING:/home/ilyandho/micromamba/envs/pycaret/lib/python3.10/site-packages/sklearn/utils/extmath.py:1162: RuntimeWarning: invalid value encountered in divide
  new_unnormalized_variance -= correction**2 / new_sample_count

2026-08-27 06:19:00,472:WARNING:/home/ilyandho/micromamba/envs/pycaret/lib/python3.10/site-packages/sklearn/utils/extmath.py:1137: RuntimeWarning: invalid value encountered in divide
  updated_mean = (last_sum + new_sum) / updated_sample_count

2026-08-27 06:19:00,472:WARNING:/home/ilyandho/micromamba/envs/pycaret/lib/python3.10/site-packages/sklearn/utils/extmath.py:1142: RuntimeWarning: invalid value encountered in divide
  T = new_sum / new_sample_count

2026-08-27 06:19:00,472:WARNING:/home/ilyandho/micromamba/envs/pycaret/lib/python3.10/site-packages/sklearn/utils/extmath.py:1162: RuntimeWarning: invalid value encountered in divide
  new_unnormalized_variance -= correction**2 / new_sample_count

2026-08-27 06:19:55,986:WARNING:/home/ilyandho/micromamba/envs/pycaret/lib/python3.10/site-packages/sklearn/utils/extmath.py:1137: RuntimeWarning: invalid value encountered in divide
  updated_mean = (last_sum + new_sum) / updated_sample_count

2026-08-27 06:19:55,986:WARNING:/home/ilyandho/micromamba/envs/pycaret/lib/python3.10/site-packages/sklearn/utils/extmath.py:1142: RuntimeWarning: invalid value encountered in divide
  T = new_sum / new_sample_count

2026-08-27 06:19:55,986:WARNING:/home/ilyandho/micromamba/envs/pycaret/lib/python3.10/site-packages/sklearn/utils/extmath.py:1162: RuntimeWarning: invalid value encountered in divide
  new_unnormalized_variance -= correction**2 / new_sample_count

2026-08-27 06:19:59,892:WARNING:/home/ilyandho/micromamba/envs/pycaret/lib/python3.10/site-packages/sklearn/utils/extmath.py:1137: RuntimeWarning: invalid value encountered in divide
  updated_mean = (last_sum + new_sum) / updated_sample_count

2026-08-27 06:19:59,892:WARNING:/home/ilyandho/micromamba/envs/pycaret/lib/python3.10/site-packages/sklearn/utils/extmath.py:1142: RuntimeWarning: invalid value encountered in divide
  T = new_sum / new_sample_count

2026-08-27 06:19:59,892:WARNING:/home/ilyandho/micromamba/envs/pycaret/lib/python3.10/site-packages/sklearn/utils/extmath.py:1162: RuntimeWarning: invalid value encountered in divide
  new_unnormalized_variance -= correction**2 / new_sample_count

2026-08-27 06:20:06,704:WARNING:/home/ilyandho/micromamba/envs/pycaret/lib/python3.10/site-packages/sklearn/utils/extmath.py:1137: RuntimeWarning: invalid value encountered in divide
  updated_mean = (last_sum + new_sum) / updated_sample_count

2026-08-27 06:20:06,704:WARNING:/home/ilyandho/micromamba/envs/pycaret/lib/python3.10/site-packages/sklearn/utils/extmath.py:1142: RuntimeWarning: invalid value encountered in divide
  T = new_sum / new_sample_count

2026-08-27 06:20:06,704:WARNING:/home/ilyandho/micromamba/envs/pycaret/lib/python3.10/site-packages/sklearn/utils/extmath.py:1162: RuntimeWarning: invalid value encountered in divide
  new_unnormalized_variance -= correction**2 / new_sample_count

2026-08-27 06:20:22,602:WARNING:/home/ilyandho/micromamba/envs/pycaret/lib/python3.10/site-packages/sklearn/utils/extmath.py:1137: RuntimeWarning: invalid value encountered in divide
  updated_mean = (last_sum + new_sum) / updated_sample_count

2026-08-27 06:20:22,602:WARNING:/home/ilyandho/micromamba/envs/pycaret/lib/python3.10/site-packages/sklearn/utils/extmath.py:1142: RuntimeWarning: invalid value encountered in divide
  T = new_sum / new_sample_count

2026-08-27 06:20:22,603:WARNING:/home/ilyandho/micromamba/envs/pycaret/lib/python3.10/site-packages/sklearn/utils/extmath.py:1162: RuntimeWarning: invalid value encountered in divide
  new_unnormalized_variance -= correction**2 / new_sample_count

2026-08-27 06:21:29,457:WARNING:/home/ilyandho/micromamba/envs/pycaret/lib/python3.10/site-packages/sklearn/utils/extmath.py:1137: RuntimeWarning: invalid value encountered in divide
  updated_mean = (last_sum + new_sum) / updated_sample_count

2026-08-27 06:21:29,457:WARNING:/home/ilyandho/micromamba/envs/pycaret/lib/python3.10/site-packages/sklearn/utils/extmath.py:1142: RuntimeWarning: invalid value encountered in divide
  T = new_sum / new_sample_count

2026-08-27 06:21:29,457:WARNING:/home/ilyandho/micromamba/envs/pycaret/lib/python3.10/site-packages/sklearn/utils/extmath.py:1162: RuntimeWarning: invalid value encountered in divide
  new_unnormalized_variance -= correction**2 / new_sample_count

2026-08-27 06:21:33,337:WARNING:/home/ilyandho/micromamba/envs/pycaret/lib/python3.10/site-packages/sklearn/utils/extmath.py:1137: RuntimeWarning: invalid value encountered in divide
  updated_mean = (last_sum + new_sum) / updated_sample_count

2026-08-27 06:21:33,338:WARNING:/home/ilyandho/micromamba/envs/pycaret/lib/python3.10/site-packages/sklearn/utils/extmath.py:1142: RuntimeWarning: invalid value encountered in divide
  T = new_sum / new_sample_count

2026-08-27 06:21:33,338:WARNING:/home/ilyandho/micromamba/envs/pycaret/lib/python3.10/site-packages/sklearn/utils/extmath.py:1162: RuntimeWarning: invalid value encountered in divide
  new_unnormalized_variance -= correction**2 / new_sample_count

2026-08-27 06:21:37,678:WARNING:/home/ilyandho/micromamba/envs/pycaret/lib/python3.10/site-packages/sklearn/utils/extmath.py:1137: RuntimeWarning: invalid value encountered in divide
  updated_mean = (last_sum + new_sum) / updated_sample_count

2026-08-27 06:21:37,678:WARNING:/home/ilyandho/micromamba/envs/pycaret/lib/python3.10/site-packages/sklearn/utils/extmath.py:1142: RuntimeWarning: invalid value encountered in divide
  T = new_sum / new_sample_count

2026-08-27 06:21:37,678:WARNING:/home/ilyandho/micromamba/envs/pycaret/lib/python3.10/site-packages/sklearn/utils/extmath.py:1162: RuntimeWarning: invalid value encountered in divide
  new_unnormalized_variance -= correction**2 / new_sample_count

2026-08-27 06:21:44,208:WARNING:/home/ilyandho/micromamba/envs/pycaret/lib/python3.10/site-packages/sklearn/utils/extmath.py:1137: RuntimeWarning: invalid value encountered in divide
  updated_mean = (last_sum + new_sum) / updated_sample_count

2026-08-27 06:21:44,208:WARNING:/home/ilyandho/micromamba/envs/pycaret/lib/python3.10/site-packages/sklearn/utils/extmath.py:1142: RuntimeWarning: invalid value encountered in divide
  T = new_sum / new_sample_count

2026-08-27 06:21:44,208:WARNING:/home/ilyandho/micromamba/envs/pycaret/lib/python3.10/site-packages/sklearn/utils/extmath.py:1162: RuntimeWarning: invalid value encountered in divide
  new_unnormalized_variance -= correction**2 / new_sample_count

2026-08-27 06:23:12,031:WARNING:/home/ilyandho/micromamba/envs/pycaret/lib/python3.10/site-packages/sklearn/utils/extmath.py:1137: RuntimeWarning: invalid value encountered in divide
  updated_mean = (last_sum + new_sum) / updated_sample_count

2026-08-27 06:23:12,031:WARNING:/home/ilyandho/micromamba/envs/pycaret/lib/python3.10/site-packages/sklearn/utils/extmath.py:1142: RuntimeWarning: invalid value encountered in divide
  T = new_sum / new_sample_count

2026-08-27 06:23:12,031:WARNING:/home/ilyandho/micromamba/envs/pycaret/lib/python3.10/site-packages/sklearn/utils/extmath.py:1162: RuntimeWarning: invalid value encountered in divide
  new_unnormalized_variance -= correction**2 / new_sample_count

2026-08-27 06:23:14,811:WARNING:/home/ilyandho/micromamba/envs/pycaret/lib/python3.10/site-packages/sklearn/utils/extmath.py:1137: RuntimeWarning: invalid value encountered in divide
  updated_mean = (last_sum + new_sum) / updated_sample_count

2026-08-27 06:23:14,811:WARNING:/home/ilyandho/micromamba/envs/pycaret/lib/python3.10/site-packages/sklearn/utils/extmath.py:1142: RuntimeWarning: invalid value encountered in divide
  T = new_sum / new_sample_count

2026-08-27 06:23:14,811:WARNING:/home/ilyandho/micromamba/envs/pycaret/lib/python3.10/site-packages/sklearn/utils/extmath.py:1162: RuntimeWarning: invalid value encountered in divide
  new_unnormalized_variance -= correction**2 / new_sample_count

2026-08-27 06:23:21,082:WARNING:/home/ilyandho/micromamba/envs/pycaret/lib/python3.10/site-packages/sklearn/utils/extmath.py:1137: RuntimeWarning: invalid value encountered in divide
  updated_mean = (last_sum + new_sum) / updated_sample_count

2026-08-27 06:23:21,082:WARNING:/home/ilyandho/micromamba/envs/pycaret/lib/python3.10/site-packages/sklearn/utils/extmath.py:1142: RuntimeWarning: invalid value encountered in divide
  T = new_sum / new_sample_count

2026-08-27 06:23:21,083:WARNING:/home/ilyandho/micromamba/envs/pycaret/lib/python3.10/site-packages/sklearn/utils/extmath.py:1162: RuntimeWarning: invalid value encountered in divide
  new_unnormalized_variance -= correction**2 / new_sample_count

2026-08-27 06:23:27,357:WARNING:/home/ilyandho/micromamba/envs/pycaret/lib/python3.10/site-packages/sklearn/utils/extmath.py:1137: RuntimeWarning: invalid value encountered in divide
  updated_mean = (last_sum + new_sum) / updated_sample_count

2026-08-27 06:23:27,357:WARNING:/home/ilyandho/micromamba/envs/pycaret/lib/python3.10/site-packages/sklearn/utils/extmath.py:1142: RuntimeWarning: invalid value encountered in divide
  T = new_sum / new_sample_count

2026-08-27 06:23:27,357:WARNING:/home/ilyandho/micromamba/envs/pycaret/lib/python3.10/site-packages/sklearn/utils/extmath.py:1162: RuntimeWarning: invalid value encountered in divide
  new_unnormalized_variance -= correction**2 / new_sample_count

2026-08-27 06:25:34,961:WARNING:/home/ilyandho/micromamba/envs/pycaret/lib/python3.10/site-packages/sklearn/utils/extmath.py:1137: RuntimeWarning: invalid value encountered in divide
  updated_mean = (last_sum + new_sum) / updated_sample_count

2026-08-27 06:25:34,961:WARNING:/home/ilyandho/micromamba/envs/pycaret/lib/python3.10/site-packages/sklearn/utils/extmath.py:1142: RuntimeWarning: invalid value encountered in divide
  T = new_sum / new_sample_count

2026-08-27 06:25:34,961:WARNING:/home/ilyandho/micromamba/envs/pycaret/lib/python3.10/site-packages/sklearn/utils/extmath.py:1162: RuntimeWarning: invalid value encountered in divide
  new_unnormalized_variance -= correction**2 / new_sample_count

2026-08-27 06:25:39,188:WARNING:/home/ilyandho/micromamba/envs/pycaret/lib/python3.10/site-packages/sklearn/utils/extmath.py:1137: RuntimeWarning: invalid value encountered in divide
  updated_mean = (last_sum + new_sum) / updated_sample_count

2026-08-27 06:25:39,188:WARNING:/home/ilyandho/micromamba/envs/pycaret/lib/python3.10/site-packages/sklearn/utils/extmath.py:1142: RuntimeWarning: invalid value encountered in divide
  T = new_sum / new_sample_count

2026-08-27 06:25:39,188:WARNING:/home/ilyandho/micromamba/envs/pycaret/lib/python3.10/site-packages/sklearn/utils/extmath.py:1162: RuntimeWarning: invalid value encountered in divide
  new_unnormalized_variance -= correction**2 / new_sample_count

2026-08-27 06:25:44,868:WARNING:/home/ilyandho/micromamba/envs/pycaret/lib/python3.10/site-packages/sklearn/utils/extmath.py:1137: RuntimeWarning: invalid value encountered in divide
  updated_mean = (last_sum + new_sum) / updated_sample_count

2026-08-27 06:25:44,868:WARNING:/home/ilyandho/micromamba/envs/pycaret/lib/python3.10/site-packages/sklearn/utils/extmath.py:1142: RuntimeWarning: invalid value encountered in divide
  T = new_sum / new_sample_count

2026-08-27 06:25:44,869:WARNING:/home/ilyandho/micromamba/envs/pycaret/lib/python3.10/site-packages/sklearn/utils/extmath.py:1162: RuntimeWarning: invalid value encountered in divide
  new_unnormalized_variance -= correction**2 / new_sample_count

2026-08-27 06:25:49,271:WARNING:/home/ilyandho/micromamba/envs/pycaret/lib/python3.10/site-packages/sklearn/utils/extmath.py:1137: RuntimeWarning: invalid value encountered in divide
  updated_mean = (last_sum + new_sum) / updated_sample_count

2026-08-27 06:25:49,271:WARNING:/home/ilyandho/micromamba/envs/pycaret/lib/python3.10/site-packages/sklearn/utils/extmath.py:1142: RuntimeWarning: invalid value encountered in divide
  T = new_sum / new_sample_count

2026-08-27 06:25:49,271:WARNING:/home/ilyandho/micromamba/envs/pycaret/lib/python3.10/site-packages/sklearn/utils/extmath.py:1162: RuntimeWarning: invalid value encountered in divide
  new_unnormalized_variance -= correction**2 / new_sample_count

2026-08-27 06:27:35,478:WARNING:/home/ilyandho/micromamba/envs/pycaret/lib/python3.10/site-packages/sklearn/utils/extmath.py:1137: RuntimeWarning: invalid value encountered in divide
  updated_mean = (last_sum + new_sum) / updated_sample_count

2026-08-27 06:27:35,478:WARNING:/home/ilyandho/micromamba/envs/pycaret/lib/python3.10/site-packages/sklearn/utils/extmath.py:1142: RuntimeWarning: invalid value encountered in divide
  T = new_sum / new_sample_count

2026-08-27 06:27:35,478:WARNING:/home/ilyandho/micromamba/envs/pycaret/lib/python3.10/site-packages/sklearn/utils/extmath.py:1162: RuntimeWarning: invalid value encountered in divide
  new_unnormalized_variance -= correction**2 / new_sample_count

2026-08-27 06:27:38,700:WARNING:/home/ilyandho/micromamba/envs/pycaret/lib/python3.10/site-packages/sklearn/utils/extmath.py:1137: RuntimeWarning: invalid value encountered in divide
  updated_mean = (last_sum + new_sum) / updated_sample_count

2026-08-27 06:27:38,700:WARNING:/home/ilyandho/micromamba/envs/pycaret/lib/python3.10/site-packages/sklearn/utils/extmath.py:1142: RuntimeWarning: invalid value encountered in divide
  T = new_sum / new_sample_count

2026-08-27 06:27:38,700:WARNING:/home/ilyandho/micromamba/envs/pycaret/lib/python3.10/site-packages/sklearn/utils/extmath.py:1162: RuntimeWarning: invalid value encountered in divide
  new_unnormalized_variance -= correction**2 / new_sample_count

2026-08-27 06:27:42,497:WARNING:/home/ilyandho/micromamba/envs/pycaret/lib/python3.10/site-packages/sklearn/utils/extmath.py:1137: RuntimeWarning: invalid value encountered in divide
  updated_mean = (last_sum + new_sum) / updated_sample_count

2026-08-27 06:27:42,497:WARNING:/home/ilyandho/micromamba/envs/pycaret/lib/python3.10/site-packages/sklearn/utils/extmath.py:1142: RuntimeWarning: invalid value encountered in divide
  T = new_sum / new_sample_count

2026-08-27 06:27:42,498:WARNING:/home/ilyandho/micromamba/envs/pycaret/lib/python3.10/site-packages/sklearn/utils/extmath.py:1162: RuntimeWarning: invalid value encountered in divide
  new_unnormalized_variance -= correction**2 / new_sample_count

2026-08-27 06:27:46,668:WARNING:/home/ilyandho/micromamba/envs/pycaret/lib/python3.10/site-packages/sklearn/utils/extmath.py:1137: RuntimeWarning: invalid value encountered in divide
  updated_mean = (last_sum + new_sum) / updated_sample_count

2026-08-27 06:27:46,668:WARNING:/home/ilyandho/micromamba/envs/pycaret/lib/python3.10/site-packages/sklearn/utils/extmath.py:1142: RuntimeWarning: invalid value encountered in divide
  T = new_sum / new_sample_count

2026-08-27 06:27:46,668:WARNING:/home/ilyandho/micromamba/envs/pycaret/lib/python3.10/site-packages/sklearn/utils/extmath.py:1162: RuntimeWarning: invalid value encountered in divide
  new_unnormalized_variance -= correction**2 / new_sample_count

2026-08-27 21:46:48,954:WARNING:/home/ilyandho/micromamba/envs/pycaret/lib/python3.10/site-packages/sklearn/utils/extmath.py:1137: RuntimeWarning: invalid value encountered in divide
  updated_mean = (last_sum + new_sum) / updated_sample_count

2026-08-27 21:46:48,954:WARNING:/home/ilyandho/micromamba/envs/pycaret/lib/python3.10/site-packages/sklearn/utils/extmath.py:1142: RuntimeWarning: invalid value encountered in divide
  T = new_sum / new_sample_count

2026-08-27 21:46:48,954:WARNING:/home/ilyandho/micromamba/envs/pycaret/lib/python3.10/site-packages/sklearn/utils/extmath.py:1162: RuntimeWarning: invalid value encountered in divide
  new_unnormalized_variance -= correction**2 / new_sample_count

2026-08-27 21:47:11,270:WARNING:/home/ilyandho/micromamba/envs/pycaret/lib/python3.10/site-packages/sklearn/utils/extmath.py:1137: RuntimeWarning: invalid value encountered in divide
  updated_mean = (last_sum + new_sum) / updated_sample_count

2026-08-27 21:47:11,270:WARNING:/home/ilyandho/micromamba/envs/pycaret/lib/python3.10/site-packages/sklearn/utils/extmath.py:1142: RuntimeWarning: invalid value encountered in divide
  T = new_sum / new_sample_count

2026-08-27 21:47:11,270:WARNING:/home/ilyandho/micromamba/envs/pycaret/lib/python3.10/site-packages/sklearn/utils/extmath.py:1162: RuntimeWarning: invalid value encountered in divide
  new_unnormalized_variance -= correction**2 / new_sample_count

2026-08-27 21:47:17,372:WARNING:/home/ilyandho/micromamba/envs/pycaret/lib/python3.10/site-packages/sklearn/utils/extmath.py:1137: RuntimeWarning: invalid value encountered in divide
  updated_mean = (last_sum + new_sum) / updated_sample_count

2026-08-27 21:47:17,372:WARNING:/home/ilyandho/micromamba/envs/pycaret/lib/python3.10/site-packages/sklearn/utils/extmath.py:1142: RuntimeWarning: invalid value encountered in divide
  T = new_sum / new_sample_count

2026-08-27 21:47:17,372:WARNING:/home/ilyandho/micromamba/envs/pycaret/lib/python3.10/site-packages/sklearn/utils/extmath.py:1162: RuntimeWarning: invalid value encountered in divide
  new_unnormalized_variance -= correction**2 / new_sample_count

2026-08-27 21:47:24,712:WARNING:/home/ilyandho/micromamba/envs/pycaret/lib/python3.10/site-packages/sklearn/utils/extmath.py:1137: RuntimeWarning: invalid value encountered in divide
  updated_mean = (last_sum + new_sum) / updated_sample_count

2026-08-27 21:47:24,712:WARNING:/home/ilyandho/micromamba/envs/pycaret/lib/python3.10/site-packages/sklearn/utils/extmath.py:1142: RuntimeWarning: invalid value encountered in divide
  T = new_sum / new_sample_count

2026-08-27 21:47:24,712:WARNING:/home/ilyandho/micromamba/envs/pycaret/lib/python3.10/site-packages/sklearn/utils/extmath.py:1162: RuntimeWarning: invalid value encountered in divide
  new_unnormalized_variance -= correction**2 / new_sample_count

2026-08-27 21:52:02,541:WARNING:
'cuml' is a soft dependency and not included in the pycaret installation. Please run: `pip install cuml` to install.
2026-08-27 21:52:02,541:WARNING:
'cuml' is a soft dependency and not included in the pycaret installation. Please run: `pip install cuml` to install.
2026-08-27 21:52:02,541:WARNING:
'cuml' is a soft dependency and not included in the pycaret installation. Please run: `pip install cuml` to install.
2026-08-27 21:52:02,541:WARNING:
'cuml' is a soft dependency and not included in the pycaret installation. Please run: `pip install cuml` to install.
2026-08-27 21:54:20,864:WARNING:/home/ilyandho/micromamba/envs/pycaret/lib/python3.10/site-packages/sklearn/utils/extmath.py:1137: RuntimeWarning: invalid value encountered in divide
  updated_mean = (last_sum + new_sum) / updated_sample_count

2026-08-27 21:54:20,864:WARNING:/home/ilyandho/micromamba/envs/pycaret/lib/python3.10/site-packages/sklearn/utils/extmath.py:1142: RuntimeWarning: invalid value encountered in divide
  T = new_sum / new_sample_count

2026-08-27 21:54:20,865:WARNING:/home/ilyandho/micromamba/envs/pycaret/lib/python3.10/site-packages/sklearn/utils/extmath.py:1162: RuntimeWarning: invalid value encountered in divide
  new_unnormalized_variance -= correction**2 / new_sample_count

2026-08-27 21:54:23,993:WARNING:/home/ilyandho/micromamba/envs/pycaret/lib/python3.10/site-packages/sklearn/utils/extmath.py:1137: RuntimeWarning: invalid value encountered in divide
  updated_mean = (last_sum + new_sum) / updated_sample_count

2026-08-27 21:54:23,993:WARNING:/home/ilyandho/micromamba/envs/pycaret/lib/python3.10/site-packages/sklearn/utils/extmath.py:1142: RuntimeWarning: invalid value encountered in divide
  T = new_sum / new_sample_count

2026-08-27 21:54:23,993:WARNING:/home/ilyandho/micromamba/envs/pycaret/lib/python3.10/site-packages/sklearn/utils/extmath.py:1162: RuntimeWarning: invalid value encountered in divide
  new_unnormalized_variance -= correction**2 / new_sample_count

2026-08-27 21:54:28,574:WARNING:/home/ilyandho/micromamba/envs/pycaret/lib/python3.10/site-packages/sklearn/utils/extmath.py:1137: RuntimeWarning: invalid value encountered in divide
  updated_mean = (last_sum + new_sum) / updated_sample_count

2026-08-27 21:54:28,575:WARNING:/home/ilyandho/micromamba/envs/pycaret/lib/python3.10/site-packages/sklearn/utils/extmath.py:1142: RuntimeWarning: invalid value encountered in divide
  T = new_sum / new_sample_count

2026-08-27 21:54:28,575:WARNING:/home/ilyandho/micromamba/envs/pycaret/lib/python3.10/site-packages/sklearn/utils/extmath.py:1162: RuntimeWarning: invalid value encountered in divide
  new_unnormalized_variance -= correction**2 / new_sample_count

2026-08-27 21:54:39,342:WARNING:/home/ilyandho/micromamba/envs/pycaret/lib/python3.10/site-packages/sklearn/utils/extmath.py:1137: RuntimeWarning: invalid value encountered in divide
  updated_mean = (last_sum + new_sum) / updated_sample_count

2026-08-27 21:54:39,342:WARNING:/home/ilyandho/micromamba/envs/pycaret/lib/python3.10/site-packages/sklearn/utils/extmath.py:1142: RuntimeWarning: invalid value encountered in divide
  T = new_sum / new_sample_count

2026-08-27 21:54:39,342:WARNING:/home/ilyandho/micromamba/envs/pycaret/lib/python3.10/site-packages/sklearn/utils/extmath.py:1162: RuntimeWarning: invalid value encountered in divide
  new_unnormalized_variance -= correction**2 / new_sample_count

2026-08-27 22:13:28,144:WARNING:
'cuml' is a soft dependency and not included in the pycaret installation. Please run: `pip install cuml` to install.
2026-08-27 22:13:28,145:WARNING:
'cuml' is a soft dependency and not included in the pycaret installation. Please run: `pip install cuml` to install.
2026-08-27 22:13:28,145:WARNING:
'cuml' is a soft dependency and not included in the pycaret installation. Please run: `pip install cuml` to install.
2026-08-27 22:13:28,145:WARNING:
'cuml' is a soft dependency and not included in the pycaret installation. Please run: `pip install cuml` to install.
2026-08-27 22:13:49,037:WARNING:/home/ilyandho/micromamba/envs/pycaret/lib/python3.10/site-packages/sklearn/utils/extmath.py:1137: RuntimeWarning: invalid value encountered in divide
  updated_mean = (last_sum + new_sum) / updated_sample_count

2026-08-27 22:13:49,037:WARNING:/home/ilyandho/micromamba/envs/pycaret/lib/python3.10/site-packages/sklearn/utils/extmath.py:1142: RuntimeWarning: invalid value encountered in divide
  T = new_sum / new_sample_count

2026-08-27 22:13:49,037:WARNING:/home/ilyandho/micromamba/envs/pycaret/lib/python3.10/site-packages/sklearn/utils/extmath.py:1162: RuntimeWarning: invalid value encountered in divide
  new_unnormalized_variance -= correction**2 / new_sample_count

2026-08-27 22:13:49,937:WARNING:/home/ilyandho/micromamba/envs/pycaret/lib/python3.10/site-packages/sklearn/utils/extmath.py:1137: RuntimeWarning: invalid value encountered in divide
  updated_mean = (last_sum + new_sum) / updated_sample_count

2026-08-27 22:13:49,937:WARNING:/home/ilyandho/micromamba/envs/pycaret/lib/python3.10/site-packages/sklearn/utils/extmath.py:1142: RuntimeWarning: invalid value encountered in divide
  T = new_sum / new_sample_count

2026-08-27 22:13:49,938:WARNING:/home/ilyandho/micromamba/envs/pycaret/lib/python3.10/site-packages/sklearn/utils/extmath.py:1162: RuntimeWarning: invalid value encountered in divide
  new_unnormalized_variance -= correction**2 / new_sample_count

2026-08-27 22:13:50,974:WARNING:/home/ilyandho/micromamba/envs/pycaret/lib/python3.10/site-packages/sklearn/utils/extmath.py:1137: RuntimeWarning: invalid value encountered in divide
  updated_mean = (last_sum + new_sum) / updated_sample_count

2026-08-27 22:13:50,974:WARNING:/home/ilyandho/micromamba/envs/pycaret/lib/python3.10/site-packages/sklearn/utils/extmath.py:1142: RuntimeWarning: invalid value encountered in divide
  T = new_sum / new_sample_count

2026-08-27 22:13:50,974:WARNING:/home/ilyandho/micromamba/envs/pycaret/lib/python3.10/site-packages/sklearn/utils/extmath.py:1162: RuntimeWarning: invalid value encountered in divide
  new_unnormalized_variance -= correction**2 / new_sample_count

2026-08-27 22:13:52,547:WARNING:/home/ilyandho/micromamba/envs/pycaret/lib/python3.10/site-packages/sklearn/utils/extmath.py:1137: RuntimeWarning: invalid value encountered in divide
  updated_mean = (last_sum + new_sum) / updated_sample_count

2026-08-27 22:13:52,548:WARNING:/home/ilyandho/micromamba/envs/pycaret/lib/python3.10/site-packages/sklearn/utils/extmath.py:1142: RuntimeWarning: invalid value encountered in divide
  T = new_sum / new_sample_count

2026-08-27 22:13:52,548:WARNING:/home/ilyandho/micromamba/envs/pycaret/lib/python3.10/site-packages/sklearn/utils/extmath.py:1162: RuntimeWarning: invalid value encountered in divide
  new_unnormalized_variance -= correction**2 / new_sample_count

2026-08-27 22:19:00,407:WARNING:/home/ilyandho/micromamba/envs/pycaret/lib/python3.10/site-packages/sklearn/utils/extmath.py:1137: RuntimeWarning: invalid value encountered in divide
  updated_mean = (last_sum + new_sum) / updated_sample_count

2026-08-27 22:19:00,407:WARNING:/home/ilyandho/micromamba/envs/pycaret/lib/python3.10/site-packages/sklearn/utils/extmath.py:1142: RuntimeWarning: invalid value encountered in divide
  T = new_sum / new_sample_count

2026-08-27 22:19:00,408:WARNING:/home/ilyandho/micromamba/envs/pycaret/lib/python3.10/site-packages/sklearn/utils/extmath.py:1162: RuntimeWarning: invalid value encountered in divide
  new_unnormalized_variance -= correction**2 / new_sample_count

2026-08-27 22:19:01,182:WARNING:/home/ilyandho/micromamba/envs/pycaret/lib/python3.10/site-packages/sklearn/utils/extmath.py:1137: RuntimeWarning: invalid value encountered in divide
  updated_mean = (last_sum + new_sum) / updated_sample_count

2026-08-27 22:19:01,182:WARNING:/home/ilyandho/micromamba/envs/pycaret/lib/python3.10/site-packages/sklearn/utils/extmath.py:1142: RuntimeWarning: invalid value encountered in divide
  T = new_sum / new_sample_count

2026-08-27 22:19:01,182:WARNING:/home/ilyandho/micromamba/envs/pycaret/lib/python3.10/site-packages/sklearn/utils/extmath.py:1162: RuntimeWarning: invalid value encountered in divide
  new_unnormalized_variance -= correction**2 / new_sample_count

2026-08-27 22:19:02,673:WARNING:/home/ilyandho/micromamba/envs/pycaret/lib/python3.10/site-packages/sklearn/utils/extmath.py:1137: RuntimeWarning: invalid value encountered in divide
  updated_mean = (last_sum + new_sum) / updated_sample_count

2026-08-27 22:19:02,673:WARNING:/home/ilyandho/micromamba/envs/pycaret/lib/python3.10/site-packages/sklearn/utils/extmath.py:1142: RuntimeWarning: invalid value encountered in divide
  T = new_sum / new_sample_count

2026-08-27 22:19:02,673:WARNING:/home/ilyandho/micromamba/envs/pycaret/lib/python3.10/site-packages/sklearn/utils/extmath.py:1162: RuntimeWarning: invalid value encountered in divide
  new_unnormalized_variance -= correction**2 / new_sample_count

2026-08-27 22:19:04,377:WARNING:/home/ilyandho/micromamba/envs/pycaret/lib/python3.10/site-packages/sklearn/utils/extmath.py:1137: RuntimeWarning: invalid value encountered in divide
  updated_mean = (last_sum + new_sum) / updated_sample_count

2026-08-27 22:19:04,377:WARNING:/home/ilyandho/micromamba/envs/pycaret/lib/python3.10/site-packages/sklearn/utils/extmath.py:1142: RuntimeWarning: invalid value encountered in divide
  T = new_sum / new_sample_count

2026-08-27 22:19:04,378:WARNING:/home/ilyandho/micromamba/envs/pycaret/lib/python3.10/site-packages/sklearn/utils/extmath.py:1162: RuntimeWarning: invalid value encountered in divide
  new_unnormalized_variance -= correction**2 / new_sample_count

2026-08-27 22:27:44,899:WARNING:/home/ilyandho/micromamba/envs/pycaret/lib/python3.10/site-packages/sklearn/utils/extmath.py:1137: RuntimeWarning: invalid value encountered in divide
  updated_mean = (last_sum + new_sum) / updated_sample_count

2026-08-27 22:27:44,899:WARNING:/home/ilyandho/micromamba/envs/pycaret/lib/python3.10/site-packages/sklearn/utils/extmath.py:1142: RuntimeWarning: invalid value encountered in divide
  T = new_sum / new_sample_count

2026-08-27 22:27:44,900:WARNING:/home/ilyandho/micromamba/envs/pycaret/lib/python3.10/site-packages/sklearn/utils/extmath.py:1162: RuntimeWarning: invalid value encountered in divide
  new_unnormalized_variance -= correction**2 / new_sample_count

2026-08-27 22:27:45,450:WARNING:/home/ilyandho/micromamba/envs/pycaret/lib/python3.10/site-packages/sklearn/utils/extmath.py:1137: RuntimeWarning: invalid value encountered in divide
  updated_mean = (last_sum + new_sum) / updated_sample_count

2026-08-27 22:27:45,450:WARNING:/home/ilyandho/micromamba/envs/pycaret/lib/python3.10/site-packages/sklearn/utils/extmath.py:1142: RuntimeWarning: invalid value encountered in divide
  T = new_sum / new_sample_count

2026-08-27 22:27:45,450:WARNING:/home/ilyandho/micromamba/envs/pycaret/lib/python3.10/site-packages/sklearn/utils/extmath.py:1162: RuntimeWarning: invalid value encountered in divide
  new_unnormalized_variance -= correction**2 / new_sample_count

2026-08-27 22:27:46,169:WARNING:/home/ilyandho/micromamba/envs/pycaret/lib/python3.10/site-packages/sklearn/utils/extmath.py:1137: RuntimeWarning: invalid value encountered in divide
  updated_mean = (last_sum + new_sum) / updated_sample_count

2026-08-27 22:27:46,169:WARNING:/home/ilyandho/micromamba/envs/pycaret/lib/python3.10/site-packages/sklearn/utils/extmath.py:1142: RuntimeWarning: invalid value encountered in divide
  T = new_sum / new_sample_count

2026-08-27 22:27:46,169:WARNING:/home/ilyandho/micromamba/envs/pycaret/lib/python3.10/site-packages/sklearn/utils/extmath.py:1162: RuntimeWarning: invalid value encountered in divide
  new_unnormalized_variance -= correction**2 / new_sample_count

2026-08-27 22:27:46,895:WARNING:/home/ilyandho/micromamba/envs/pycaret/lib/python3.10/site-packages/sklearn/utils/extmath.py:1137: RuntimeWarning: invalid value encountered in divide
  updated_mean = (last_sum + new_sum) / updated_sample_count

2026-08-27 22:27:46,895:WARNING:/home/ilyandho/micromamba/envs/pycaret/lib/python3.10/site-packages/sklearn/utils/extmath.py:1142: RuntimeWarning: invalid value encountered in divide
  T = new_sum / new_sample_count

2026-08-27 22:27:46,896:WARNING:/home/ilyandho/micromamba/envs/pycaret/lib/python3.10/site-packages/sklearn/utils/extmath.py:1162: RuntimeWarning: invalid value encountered in divide
  new_unnormalized_variance -= correction**2 / new_sample_count

2026-08-27 22:50:09,357:WARNING:/home/ilyandho/micromamba/envs/pycaret/lib/python3.10/site-packages/sklearn/utils/extmath.py:1137: RuntimeWarning: invalid value encountered in divide
  updated_mean = (last_sum + new_sum) / updated_sample_count

2026-08-27 22:50:09,357:WARNING:/home/ilyandho/micromamba/envs/pycaret/lib/python3.10/site-packages/sklearn/utils/extmath.py:1142: RuntimeWarning: invalid value encountered in divide
  T = new_sum / new_sample_count

2026-08-27 22:50:09,358:WARNING:/home/ilyandho/micromamba/envs/pycaret/lib/python3.10/site-packages/sklearn/utils/extmath.py:1162: RuntimeWarning: invalid value encountered in divide
  new_unnormalized_variance -= correction**2 / new_sample_count

2026-08-27 22:50:09,962:WARNING:/home/ilyandho/micromamba/envs/pycaret/lib/python3.10/site-packages/sklearn/utils/extmath.py:1137: RuntimeWarning: invalid value encountered in divide
  updated_mean = (last_sum + new_sum) / updated_sample_count

2026-08-27 22:50:09,962:WARNING:/home/ilyandho/micromamba/envs/pycaret/lib/python3.10/site-packages/sklearn/utils/extmath.py:1142: RuntimeWarning: invalid value encountered in divide
  T = new_sum / new_sample_count

2026-08-27 22:50:09,962:WARNING:/home/ilyandho/micromamba/envs/pycaret/lib/python3.10/site-packages/sklearn/utils/extmath.py:1162: RuntimeWarning: invalid value encountered in divide
  new_unnormalized_variance -= correction**2 / new_sample_count

2026-08-27 22:50:10,734:WARNING:/home/ilyandho/micromamba/envs/pycaret/lib/python3.10/site-packages/sklearn/utils/extmath.py:1137: RuntimeWarning: invalid value encountered in divide
  updated_mean = (last_sum + new_sum) / updated_sample_count

2026-08-27 22:50:10,734:WARNING:/home/ilyandho/micromamba/envs/pycaret/lib/python3.10/site-packages/sklearn/utils/extmath.py:1142: RuntimeWarning: invalid value encountered in divide
  T = new_sum / new_sample_count

2026-08-27 22:50:10,734:WARNING:/home/ilyandho/micromamba/envs/pycaret/lib/python3.10/site-packages/sklearn/utils/extmath.py:1162: RuntimeWarning: invalid value encountered in divide
  new_unnormalized_variance -= correction**2 / new_sample_count

2026-08-27 22:50:11,508:WARNING:/home/ilyandho/micromamba/envs/pycaret/lib/python3.10/site-packages/sklearn/utils/extmath.py:1137: RuntimeWarning: invalid value encountered in divide
  updated_mean = (last_sum + new_sum) / updated_sample_count

2026-08-27 22:50:11,508:WARNING:/home/ilyandho/micromamba/envs/pycaret/lib/python3.10/site-packages/sklearn/utils/extmath.py:1142: RuntimeWarning: invalid value encountered in divide
  T = new_sum / new_sample_count

2026-08-27 22:50:11,509:WARNING:/home/ilyandho/micromamba/envs/pycaret/lib/python3.10/site-packages/sklearn/utils/extmath.py:1162: RuntimeWarning: invalid value encountered in divide
  new_unnormalized_variance -= correction**2 / new_sample_count

2026-08-27 22:51:31,747:WARNING:/home/ilyandho/micromamba/envs/pycaret/lib/python3.10/site-packages/sklearn/utils/extmath.py:1137: RuntimeWarning: invalid value encountered in divide
  updated_mean = (last_sum + new_sum) / updated_sample_count

2026-08-27 22:51:31,747:WARNING:/home/ilyandho/micromamba/envs/pycaret/lib/python3.10/site-packages/sklearn/utils/extmath.py:1142: RuntimeWarning: invalid value encountered in divide
  T = new_sum / new_sample_count

2026-08-27 22:51:31,747:WARNING:/home/ilyandho/micromamba/envs/pycaret/lib/python3.10/site-packages/sklearn/utils/extmath.py:1162: RuntimeWarning: invalid value encountered in divide
  new_unnormalized_variance -= correction**2 / new_sample_count

2026-08-27 22:51:32,357:WARNING:/home/ilyandho/micromamba/envs/pycaret/lib/python3.10/site-packages/sklearn/utils/extmath.py:1137: RuntimeWarning: invalid value encountered in divide
  updated_mean = (last_sum + new_sum) / updated_sample_count

2026-08-27 22:51:32,357:WARNING:/home/ilyandho/micromamba/envs/pycaret/lib/python3.10/site-packages/sklearn/utils/extmath.py:1142: RuntimeWarning: invalid value encountered in divide
  T = new_sum / new_sample_count

2026-08-27 22:51:32,357:WARNING:/home/ilyandho/micromamba/envs/pycaret/lib/python3.10/site-packages/sklearn/utils/extmath.py:1162: RuntimeWarning: invalid value encountered in divide
  new_unnormalized_variance -= correction**2 / new_sample_count

2026-08-27 22:51:33,082:WARNING:/home/ilyandho/micromamba/envs/pycaret/lib/python3.10/site-packages/sklearn/utils/extmath.py:1137: RuntimeWarning: invalid value encountered in divide
  updated_mean = (last_sum + new_sum) / updated_sample_count

2026-08-27 22:51:33,082:WARNING:/home/ilyandho/micromamba/envs/pycaret/lib/python3.10/site-packages/sklearn/utils/extmath.py:1142: RuntimeWarning: invalid value encountered in divide
  T = new_sum / new_sample_count

2026-08-27 22:51:33,083:WARNING:/home/ilyandho/micromamba/envs/pycaret/lib/python3.10/site-packages/sklearn/utils/extmath.py:1162: RuntimeWarning: invalid value encountered in divide
  new_unnormalized_variance -= correction**2 / new_sample_count

2026-08-27 22:51:33,904:WARNING:/home/ilyandho/micromamba/envs/pycaret/lib/python3.10/site-packages/sklearn/utils/extmath.py:1137: RuntimeWarning: invalid value encountered in divide
  updated_mean = (last_sum + new_sum) / updated_sample_count

2026-08-27 22:51:33,904:WARNING:/home/ilyandho/micromamba/envs/pycaret/lib/python3.10/site-packages/sklearn/utils/extmath.py:1142: RuntimeWarning: invalid value encountered in divide
  T = new_sum / new_sample_count

2026-08-27 22:51:33,904:WARNING:/home/ilyandho/micromamba/envs/pycaret/lib/python3.10/site-packages/sklearn/utils/extmath.py:1162: RuntimeWarning: invalid value encountered in divide
  new_unnormalized_variance -= correction**2 / new_sample_count

2026-08-27 22:52:29,987:WARNING:/home/ilyandho/micromamba/envs/pycaret/lib/python3.10/site-packages/sklearn/utils/extmath.py:1137: RuntimeWarning: invalid value encountered in divide
  updated_mean = (last_sum + new_sum) / updated_sample_count

2026-08-27 22:52:29,987:WARNING:/home/ilyandho/micromamba/envs/pycaret/lib/python3.10/site-packages/sklearn/utils/extmath.py:1142: RuntimeWarning: invalid value encountered in divide
  T = new_sum / new_sample_count

2026-08-27 22:52:29,987:WARNING:/home/ilyandho/micromamba/envs/pycaret/lib/python3.10/site-packages/sklearn/utils/extmath.py:1162: RuntimeWarning: invalid value encountered in divide
  new_unnormalized_variance -= correction**2 / new_sample_count

2026-08-27 22:52:30,597:WARNING:/home/ilyandho/micromamba/envs/pycaret/lib/python3.10/site-packages/sklearn/utils/extmath.py:1137: RuntimeWarning: invalid value encountered in divide
  updated_mean = (last_sum + new_sum) / updated_sample_count

2026-08-27 22:52:30,597:WARNING:/home/ilyandho/micromamba/envs/pycaret/lib/python3.10/site-packages/sklearn/utils/extmath.py:1142: RuntimeWarning: invalid value encountered in divide
  T = new_sum / new_sample_count

2026-08-27 22:52:30,598:WARNING:/home/ilyandho/micromamba/envs/pycaret/lib/python3.10/site-packages/sklearn/utils/extmath.py:1162: RuntimeWarning: invalid value encountered in divide
  new_unnormalized_variance -= correction**2 / new_sample_count

2026-08-27 22:52:31,537:WARNING:/home/ilyandho/micromamba/envs/pycaret/lib/python3.10/site-packages/sklearn/utils/extmath.py:1137: RuntimeWarning: invalid value encountered in divide
  updated_mean = (last_sum + new_sum) / updated_sample_count

2026-08-27 22:52:31,537:WARNING:/home/ilyandho/micromamba/envs/pycaret/lib/python3.10/site-packages/sklearn/utils/extmath.py:1142: RuntimeWarning: invalid value encountered in divide
  T = new_sum / new_sample_count

2026-08-27 22:52:31,537:WARNING:/home/ilyandho/micromamba/envs/pycaret/lib/python3.10/site-packages/sklearn/utils/extmath.py:1162: RuntimeWarning: invalid value encountered in divide
  new_unnormalized_variance -= correction**2 / new_sample_count

2026-08-27 22:52:32,379:WARNING:/home/ilyandho/micromamba/envs/pycaret/lib/python3.10/site-packages/sklearn/utils/extmath.py:1137: RuntimeWarning: invalid value encountered in divide
  updated_mean = (last_sum + new_sum) / updated_sample_count

2026-08-27 22:52:32,379:WARNING:/home/ilyandho/micromamba/envs/pycaret/lib/python3.10/site-packages/sklearn/utils/extmath.py:1142: RuntimeWarning: invalid value encountered in divide
  T = new_sum / new_sample_count

2026-08-27 22:52:32,379:WARNING:/home/ilyandho/micromamba/envs/pycaret/lib/python3.10/site-packages/sklearn/utils/extmath.py:1162: RuntimeWarning: invalid value encountered in divide
  new_unnormalized_variance -= correction**2 / new_sample_count

2026-08-27 23:05:40,813:WARNING:/home/ilyandho/micromamba/envs/pycaret/lib/python3.10/site-packages/sklearn/utils/extmath.py:1137: RuntimeWarning: invalid value encountered in divide
  updated_mean = (last_sum + new_sum) / updated_sample_count

2026-08-27 23:05:40,813:WARNING:/home/ilyandho/micromamba/envs/pycaret/lib/python3.10/site-packages/sklearn/utils/extmath.py:1142: RuntimeWarning: invalid value encountered in divide
  T = new_sum / new_sample_count

2026-08-27 23:05:40,814:WARNING:/home/ilyandho/micromamba/envs/pycaret/lib/python3.10/site-packages/sklearn/utils/extmath.py:1162: RuntimeWarning: invalid value encountered in divide
  new_unnormalized_variance -= correction**2 / new_sample_count

2026-08-27 23:05:41,404:WARNING:/home/ilyandho/micromamba/envs/pycaret/lib/python3.10/site-packages/sklearn/utils/extmath.py:1137: RuntimeWarning: invalid value encountered in divide
  updated_mean = (last_sum + new_sum) / updated_sample_count

2026-08-27 23:05:41,405:WARNING:/home/ilyandho/micromamba/envs/pycaret/lib/python3.10/site-packages/sklearn/utils/extmath.py:1142: RuntimeWarning: invalid value encountered in divide
  T = new_sum / new_sample_count

2026-08-27 23:05:41,405:WARNING:/home/ilyandho/micromamba/envs/pycaret/lib/python3.10/site-packages/sklearn/utils/extmath.py:1162: RuntimeWarning: invalid value encountered in divide
  new_unnormalized_variance -= correction**2 / new_sample_count

2026-08-27 23:05:42,460:WARNING:/home/ilyandho/micromamba/envs/pycaret/lib/python3.10/site-packages/sklearn/utils/extmath.py:1137: RuntimeWarning: invalid value encountered in divide
  updated_mean = (last_sum + new_sum) / updated_sample_count

2026-08-27 23:05:42,461:WARNING:/home/ilyandho/micromamba/envs/pycaret/lib/python3.10/site-packages/sklearn/utils/extmath.py:1142: RuntimeWarning: invalid value encountered in divide
  T = new_sum / new_sample_count

2026-08-27 23:05:42,461:WARNING:/home/ilyandho/micromamba/envs/pycaret/lib/python3.10/site-packages/sklearn/utils/extmath.py:1162: RuntimeWarning: invalid value encountered in divide
  new_unnormalized_variance -= correction**2 / new_sample_count

2026-08-27 23:05:43,266:WARNING:/home/ilyandho/micromamba/envs/pycaret/lib/python3.10/site-packages/sklearn/utils/extmath.py:1137: RuntimeWarning: invalid value encountered in divide
  updated_mean = (last_sum + new_sum) / updated_sample_count

2026-08-27 23:05:43,267:WARNING:/home/ilyandho/micromamba/envs/pycaret/lib/python3.10/site-packages/sklearn/utils/extmath.py:1142: RuntimeWarning: invalid value encountered in divide
  T = new_sum / new_sample_count

2026-08-27 23:05:43,267:WARNING:/home/ilyandho/micromamba/envs/pycaret/lib/python3.10/site-packages/sklearn/utils/extmath.py:1162: RuntimeWarning: invalid value encountered in divide
  new_unnormalized_variance -= correction**2 / new_sample_count

2026-08-27 23:24:02,438:WARNING:/home/ilyandho/micromamba/envs/pycaret/lib/python3.10/site-packages/sklearn/utils/extmath.py:1137: RuntimeWarning: invalid value encountered in divide
  updated_mean = (last_sum + new_sum) / updated_sample_count

2026-08-27 23:24:02,438:WARNING:/home/ilyandho/micromamba/envs/pycaret/lib/python3.10/site-packages/sklearn/utils/extmath.py:1142: RuntimeWarning: invalid value encountered in divide
  T = new_sum / new_sample_count

2026-08-27 23:24:02,439:WARNING:/home/ilyandho/micromamba/envs/pycaret/lib/python3.10/site-packages/sklearn/utils/extmath.py:1162: RuntimeWarning: invalid value encountered in divide
  new_unnormalized_variance -= correction**2 / new_sample_count

2026-08-27 23:24:03,227:WARNING:/home/ilyandho/micromamba/envs/pycaret/lib/python3.10/site-packages/sklearn/utils/extmath.py:1137: RuntimeWarning: invalid value encountered in divide
  updated_mean = (last_sum + new_sum) / updated_sample_count

2026-08-27 23:24:03,227:WARNING:/home/ilyandho/micromamba/envs/pycaret/lib/python3.10/site-packages/sklearn/utils/extmath.py:1142: RuntimeWarning: invalid value encountered in divide
  T = new_sum / new_sample_count

2026-08-27 23:24:03,227:WARNING:/home/ilyandho/micromamba/envs/pycaret/lib/python3.10/site-packages/sklearn/utils/extmath.py:1162: RuntimeWarning: invalid value encountered in divide
  new_unnormalized_variance -= correction**2 / new_sample_count

2026-08-27 23:24:04,039:WARNING:/home/ilyandho/micromamba/envs/pycaret/lib/python3.10/site-packages/sklearn/utils/extmath.py:1137: RuntimeWarning: invalid value encountered in divide
  updated_mean = (last_sum + new_sum) / updated_sample_count

2026-08-27 23:24:04,039:WARNING:/home/ilyandho/micromamba/envs/pycaret/lib/python3.10/site-packages/sklearn/utils/extmath.py:1142: RuntimeWarning: invalid value encountered in divide
  T = new_sum / new_sample_count

2026-08-27 23:24:04,039:WARNING:/home/ilyandho/micromamba/envs/pycaret/lib/python3.10/site-packages/sklearn/utils/extmath.py:1162: RuntimeWarning: invalid value encountered in divide
  new_unnormalized_variance -= correction**2 / new_sample_count

2026-08-27 23:24:04,767:WARNING:/home/ilyandho/micromamba/envs/pycaret/lib/python3.10/site-packages/sklearn/utils/extmath.py:1137: RuntimeWarning: invalid value encountered in divide
  updated_mean = (last_sum + new_sum) / updated_sample_count

2026-08-27 23:24:04,767:WARNING:/home/ilyandho/micromamba/envs/pycaret/lib/python3.10/site-packages/sklearn/utils/extmath.py:1142: RuntimeWarning: invalid value encountered in divide
  T = new_sum / new_sample_count

2026-08-27 23:24:04,767:WARNING:/home/ilyandho/micromamba/envs/pycaret/lib/python3.10/site-packages/sklearn/utils/extmath.py:1162: RuntimeWarning: invalid value encountered in divide
  new_unnormalized_variance -= correction**2 / new_sample_count

2026-08-27 23:34:00,541:WARNING:
'cuml' is a soft dependency and not included in the pycaret installation. Please run: `pip install cuml` to install.
2026-08-27 23:34:00,541:WARNING:
'cuml' is a soft dependency and not included in the pycaret installation. Please run: `pip install cuml` to install.
2026-08-27 23:34:00,541:WARNING:
'cuml' is a soft dependency and not included in the pycaret installation. Please run: `pip install cuml` to install.
2026-08-27 23:34:00,541:WARNING:
'cuml' is a soft dependency and not included in the pycaret installation. Please run: `pip install cuml` to install.
2026-08-27 23:34:18,712:WARNING:/home/ilyandho/micromamba/envs/pycaret/lib/python3.10/site-packages/sklearn/utils/extmath.py:1137: RuntimeWarning: invalid value encountered in divide
  updated_mean = (last_sum + new_sum) / updated_sample_count

2026-08-27 23:34:18,713:WARNING:/home/ilyandho/micromamba/envs/pycaret/lib/python3.10/site-packages/sklearn/utils/extmath.py:1142: RuntimeWarning: invalid value encountered in divide
  T = new_sum / new_sample_count

2026-08-27 23:34:18,713:WARNING:/home/ilyandho/micromamba/envs/pycaret/lib/python3.10/site-packages/sklearn/utils/extmath.py:1162: RuntimeWarning: invalid value encountered in divide
  new_unnormalized_variance -= correction**2 / new_sample_count

2026-08-27 23:35:02,134:WARNING:/home/ilyandho/micromamba/envs/pycaret/lib/python3.10/site-packages/sklearn/utils/extmath.py:1137: RuntimeWarning: invalid value encountered in divide
  updated_mean = (last_sum + new_sum) / updated_sample_count

2026-08-27 23:35:02,134:WARNING:/home/ilyandho/micromamba/envs/pycaret/lib/python3.10/site-packages/sklearn/utils/extmath.py:1142: RuntimeWarning: invalid value encountered in divide
  T = new_sum / new_sample_count

2026-08-27 23:35:02,135:WARNING:/home/ilyandho/micromamba/envs/pycaret/lib/python3.10/site-packages/sklearn/utils/extmath.py:1162: RuntimeWarning: invalid value encountered in divide
  new_unnormalized_variance -= correction**2 / new_sample_count

2026-08-27 23:35:11,466:WARNING:
'cuml' is a soft dependency and not included in the pycaret installation. Please run: `pip install cuml` to install.
2026-08-27 23:35:11,466:WARNING:
'cuml' is a soft dependency and not included in the pycaret installation. Please run: `pip install cuml` to install.
2026-08-27 23:35:11,467:WARNING:
'cuml' is a soft dependency and not included in the pycaret installation. Please run: `pip install cuml` to install.
2026-08-27 23:35:11,467:WARNING:
'cuml' is a soft dependency and not included in the pycaret installation. Please run: `pip install cuml` to install.
2026-08-27 23:35:29,808:WARNING:/home/ilyandho/micromamba/envs/pycaret/lib/python3.10/site-packages/sklearn/utils/extmath.py:1137: RuntimeWarning: invalid value encountered in divide
  updated_mean = (last_sum + new_sum) / updated_sample_count

2026-08-27 23:35:29,808:WARNING:/home/ilyandho/micromamba/envs/pycaret/lib/python3.10/site-packages/sklearn/utils/extmath.py:1142: RuntimeWarning: invalid value encountered in divide
  T = new_sum / new_sample_count

2026-08-27 23:35:29,808:WARNING:/home/ilyandho/micromamba/envs/pycaret/lib/python3.10/site-packages/sklearn/utils/extmath.py:1162: RuntimeWarning: invalid value encountered in divide
  new_unnormalized_variance -= correction**2 / new_sample_count

2026-08-27 23:35:30,259:WARNING:/home/ilyandho/micromamba/envs/pycaret/lib/python3.10/site-packages/sklearn/utils/extmath.py:1137: RuntimeWarning: invalid value encountered in divide
  updated_mean = (last_sum + new_sum) / updated_sample_count

2026-08-27 23:35:30,259:WARNING:/home/ilyandho/micromamba/envs/pycaret/lib/python3.10/site-packages/sklearn/utils/extmath.py:1142: RuntimeWarning: invalid value encountered in divide
  T = new_sum / new_sample_count

2026-08-27 23:35:30,259:WARNING:/home/ilyandho/micromamba/envs/pycaret/lib/python3.10/site-packages/sklearn/utils/extmath.py:1162: RuntimeWarning: invalid value encountered in divide
  new_unnormalized_variance -= correction**2 / new_sample_count

2026-08-27 23:35:30,790:WARNING:/home/ilyandho/micromamba/envs/pycaret/lib/python3.10/site-packages/sklearn/utils/extmath.py:1137: RuntimeWarning: invalid value encountered in divide
  updated_mean = (last_sum + new_sum) / updated_sample_count

2026-08-27 23:35:30,790:WARNING:/home/ilyandho/micromamba/envs/pycaret/lib/python3.10/site-packages/sklearn/utils/extmath.py:1142: RuntimeWarning: invalid value encountered in divide
  T = new_sum / new_sample_count

2026-08-27 23:35:30,790:WARNING:/home/ilyandho/micromamba/envs/pycaret/lib/python3.10/site-packages/sklearn/utils/extmath.py:1162: RuntimeWarning: invalid value encountered in divide
  new_unnormalized_variance -= correction**2 / new_sample_count

2026-08-27 23:35:31,359:WARNING:/home/ilyandho/micromamba/envs/pycaret/lib/python3.10/site-packages/sklearn/utils/extmath.py:1137: RuntimeWarning: invalid value encountered in divide
  updated_mean = (last_sum + new_sum) / updated_sample_count

2026-08-27 23:35:31,360:WARNING:/home/ilyandho/micromamba/envs/pycaret/lib/python3.10/site-packages/sklearn/utils/extmath.py:1142: RuntimeWarning: invalid value encountered in divide
  T = new_sum / new_sample_count

2026-08-27 23:35:31,360:WARNING:/home/ilyandho/micromamba/envs/pycaret/lib/python3.10/site-packages/sklearn/utils/extmath.py:1162: RuntimeWarning: invalid value encountered in divide
  new_unnormalized_variance -= correction**2 / new_sample_count

2026-08-27 23:37:51,028:WARNING:
'cuml' is a soft dependency and not included in the pycaret installation. Please run: `pip install cuml` to install.
2026-08-27 23:37:51,028:WARNING:
'cuml' is a soft dependency and not included in the pycaret installation. Please run: `pip install cuml` to install.
2026-08-27 23:37:51,028:WARNING:
'cuml' is a soft dependency and not included in the pycaret installation. Please run: `pip install cuml` to install.
2026-08-27 23:37:51,028:WARNING:
'cuml' is a soft dependency and not included in the pycaret installation. Please run: `pip install cuml` to install.
2026-08-27 23:38:09,345:WARNING:/home/ilyandho/micromamba/envs/pycaret/lib/python3.10/site-packages/sklearn/utils/extmath.py:1137: RuntimeWarning: invalid value encountered in divide
  updated_mean = (last_sum + new_sum) / updated_sample_count

2026-08-27 23:38:09,346:WARNING:/home/ilyandho/micromamba/envs/pycaret/lib/python3.10/site-packages/sklearn/utils/extmath.py:1142: RuntimeWarning: invalid value encountered in divide
  T = new_sum / new_sample_count

2026-08-27 23:38:09,346:WARNING:/home/ilyandho/micromamba/envs/pycaret/lib/python3.10/site-packages/sklearn/utils/extmath.py:1162: RuntimeWarning: invalid value encountered in divide
  new_unnormalized_variance -= correction**2 / new_sample_count

2026-08-27 23:38:09,824:WARNING:/home/ilyandho/micromamba/envs/pycaret/lib/python3.10/site-packages/sklearn/utils/extmath.py:1137: RuntimeWarning: invalid value encountered in divide
  updated_mean = (last_sum + new_sum) / updated_sample_count

2026-08-27 23:38:09,824:WARNING:/home/ilyandho/micromamba/envs/pycaret/lib/python3.10/site-packages/sklearn/utils/extmath.py:1142: RuntimeWarning: invalid value encountered in divide
  T = new_sum / new_sample_count

2026-08-27 23:38:09,824:WARNING:/home/ilyandho/micromamba/envs/pycaret/lib/python3.10/site-packages/sklearn/utils/extmath.py:1162: RuntimeWarning: invalid value encountered in divide
  new_unnormalized_variance -= correction**2 / new_sample_count

2026-08-27 23:38:22,332:WARNING:/home/ilyandho/micromamba/envs/pycaret/lib/python3.10/site-packages/sklearn/utils/extmath.py:1137: RuntimeWarning: invalid value encountered in divide
  updated_mean = (last_sum + new_sum) / updated_sample_count

2026-08-27 23:38:22,332:WARNING:/home/ilyandho/micromamba/envs/pycaret/lib/python3.10/site-packages/sklearn/utils/extmath.py:1142: RuntimeWarning: invalid value encountered in divide
  T = new_sum / new_sample_count

2026-08-27 23:38:22,332:WARNING:/home/ilyandho/micromamba/envs/pycaret/lib/python3.10/site-packages/sklearn/utils/extmath.py:1162: RuntimeWarning: invalid value encountered in divide
  new_unnormalized_variance -= correction**2 / new_sample_count

2026-08-27 23:38:22,772:WARNING:/home/ilyandho/micromamba/envs/pycaret/lib/python3.10/site-packages/sklearn/utils/extmath.py:1137: RuntimeWarning: invalid value encountered in divide
  updated_mean = (last_sum + new_sum) / updated_sample_count

2026-08-27 23:38:22,772:WARNING:/home/ilyandho/micromamba/envs/pycaret/lib/python3.10/site-packages/sklearn/utils/extmath.py:1142: RuntimeWarning: invalid value encountered in divide
  T = new_sum / new_sample_count

2026-08-27 23:38:22,773:WARNING:/home/ilyandho/micromamba/envs/pycaret/lib/python3.10/site-packages/sklearn/utils/extmath.py:1162: RuntimeWarning: invalid value encountered in divide
  new_unnormalized_variance -= correction**2 / new_sample_count

2026-08-27 23:38:23,534:WARNING:/home/ilyandho/micromamba/envs/pycaret/lib/python3.10/site-packages/sklearn/utils/extmath.py:1137: RuntimeWarning: invalid value encountered in divide
  updated_mean = (last_sum + new_sum) / updated_sample_count

2026-08-27 23:38:23,535:WARNING:/home/ilyandho/micromamba/envs/pycaret/lib/python3.10/site-packages/sklearn/utils/extmath.py:1142: RuntimeWarning: invalid value encountered in divide
  T = new_sum / new_sample_count

2026-08-27 23:38:23,535:WARNING:/home/ilyandho/micromamba/envs/pycaret/lib/python3.10/site-packages/sklearn/utils/extmath.py:1162: RuntimeWarning: invalid value encountered in divide
  new_unnormalized_variance -= correction**2 / new_sample_count

2026-08-27 23:38:24,393:WARNING:/home/ilyandho/micromamba/envs/pycaret/lib/python3.10/site-packages/sklearn/utils/extmath.py:1137: RuntimeWarning: invalid value encountered in divide
  updated_mean = (last_sum + new_sum) / updated_sample_count

2026-08-27 23:38:24,393:WARNING:/home/ilyandho/micromamba/envs/pycaret/lib/python3.10/site-packages/sklearn/utils/extmath.py:1142: RuntimeWarning: invalid value encountered in divide
  T = new_sum / new_sample_count

2026-08-27 23:38:24,393:WARNING:/home/ilyandho/micromamba/envs/pycaret/lib/python3.10/site-packages/sklearn/utils/extmath.py:1162: RuntimeWarning: invalid value encountered in divide
  new_unnormalized_variance -= correction**2 / new_sample_count

2026-08-27 23:38:38,358:WARNING:/home/ilyandho/micromamba/envs/pycaret/lib/python3.10/site-packages/sklearn/utils/extmath.py:1137: RuntimeWarning: invalid value encountered in divide
  updated_mean = (last_sum + new_sum) / updated_sample_count

2026-08-27 23:38:38,358:WARNING:/home/ilyandho/micromamba/envs/pycaret/lib/python3.10/site-packages/sklearn/utils/extmath.py:1142: RuntimeWarning: invalid value encountered in divide
  T = new_sum / new_sample_count

2026-08-27 23:38:38,358:WARNING:/home/ilyandho/micromamba/envs/pycaret/lib/python3.10/site-packages/sklearn/utils/extmath.py:1162: RuntimeWarning: invalid value encountered in divide
  new_unnormalized_variance -= correction**2 / new_sample_count

2026-08-27 23:38:38,743:WARNING:/home/ilyandho/micromamba/envs/pycaret/lib/python3.10/site-packages/sklearn/utils/extmath.py:1137: RuntimeWarning: invalid value encountered in divide
  updated_mean = (last_sum + new_sum) / updated_sample_count

2026-08-27 23:38:38,743:WARNING:/home/ilyandho/micromamba/envs/pycaret/lib/python3.10/site-packages/sklearn/utils/extmath.py:1142: RuntimeWarning: invalid value encountered in divide
  T = new_sum / new_sample_count

2026-08-27 23:38:38,743:WARNING:/home/ilyandho/micromamba/envs/pycaret/lib/python3.10/site-packages/sklearn/utils/extmath.py:1162: RuntimeWarning: invalid value encountered in divide
  new_unnormalized_variance -= correction**2 / new_sample_count

2026-08-27 23:38:39,181:WARNING:/home/ilyandho/micromamba/envs/pycaret/lib/python3.10/site-packages/sklearn/utils/extmath.py:1137: RuntimeWarning: invalid value encountered in divide
  updated_mean = (last_sum + new_sum) / updated_sample_count

2026-08-27 23:38:39,181:WARNING:/home/ilyandho/micromamba/envs/pycaret/lib/python3.10/site-packages/sklearn/utils/extmath.py:1142: RuntimeWarning: invalid value encountered in divide
  T = new_sum / new_sample_count

2026-08-27 23:38:39,181:WARNING:/home/ilyandho/micromamba/envs/pycaret/lib/python3.10/site-packages/sklearn/utils/extmath.py:1162: RuntimeWarning: invalid value encountered in divide
  new_unnormalized_variance -= correction**2 / new_sample_count

2026-08-27 23:38:39,677:WARNING:/home/ilyandho/micromamba/envs/pycaret/lib/python3.10/site-packages/sklearn/utils/extmath.py:1137: RuntimeWarning: invalid value encountered in divide
  updated_mean = (last_sum + new_sum) / updated_sample_count

2026-08-27 23:38:39,677:WARNING:/home/ilyandho/micromamba/envs/pycaret/lib/python3.10/site-packages/sklearn/utils/extmath.py:1142: RuntimeWarning: invalid value encountered in divide
  T = new_sum / new_sample_count

2026-08-27 23:38:39,677:WARNING:/home/ilyandho/micromamba/envs/pycaret/lib/python3.10/site-packages/sklearn/utils/extmath.py:1162: RuntimeWarning: invalid value encountered in divide
  new_unnormalized_variance -= correction**2 / new_sample_count

2026-08-27 23:38:52,643:WARNING:
'cuml' is a soft dependency and not included in the pycaret installation. Please run: `pip install cuml` to install.
2026-08-27 23:38:52,643:WARNING:
'cuml' is a soft dependency and not included in the pycaret installation. Please run: `pip install cuml` to install.
2026-08-27 23:38:52,643:WARNING:
'cuml' is a soft dependency and not included in the pycaret installation. Please run: `pip install cuml` to install.
2026-08-27 23:38:52,643:WARNING:
'cuml' is a soft dependency and not included in the pycaret installation. Please run: `pip install cuml` to install.
2026-08-27 23:39:11,036:WARNING:/home/ilyandho/micromamba/envs/pycaret/lib/python3.10/site-packages/sklearn/utils/extmath.py:1137: RuntimeWarning: invalid value encountered in divide
  updated_mean = (last_sum + new_sum) / updated_sample_count

2026-08-27 23:39:11,036:WARNING:/home/ilyandho/micromamba/envs/pycaret/lib/python3.10/site-packages/sklearn/utils/extmath.py:1142: RuntimeWarning: invalid value encountered in divide
  T = new_sum / new_sample_count

2026-08-27 23:39:11,036:WARNING:/home/ilyandho/micromamba/envs/pycaret/lib/python3.10/site-packages/sklearn/utils/extmath.py:1162: RuntimeWarning: invalid value encountered in divide
  new_unnormalized_variance -= correction**2 / new_sample_count

2026-08-27 23:39:11,477:WARNING:/home/ilyandho/micromamba/envs/pycaret/lib/python3.10/site-packages/sklearn/utils/extmath.py:1137: RuntimeWarning: invalid value encountered in divide
  updated_mean = (last_sum + new_sum) / updated_sample_count

2026-08-27 23:39:11,477:WARNING:/home/ilyandho/micromamba/envs/pycaret/lib/python3.10/site-packages/sklearn/utils/extmath.py:1142: RuntimeWarning: invalid value encountered in divide
  T = new_sum / new_sample_count

2026-08-27 23:39:11,477:WARNING:/home/ilyandho/micromamba/envs/pycaret/lib/python3.10/site-packages/sklearn/utils/extmath.py:1162: RuntimeWarning: invalid value encountered in divide
  new_unnormalized_variance -= correction**2 / new_sample_count

2026-08-27 23:39:24,495:WARNING:/home/ilyandho/micromamba/envs/pycaret/lib/python3.10/site-packages/sklearn/utils/extmath.py:1137: RuntimeWarning: invalid value encountered in divide
  updated_mean = (last_sum + new_sum) / updated_sample_count

2026-08-27 23:39:24,495:WARNING:/home/ilyandho/micromamba/envs/pycaret/lib/python3.10/site-packages/sklearn/utils/extmath.py:1142: RuntimeWarning: invalid value encountered in divide
  T = new_sum / new_sample_count

2026-08-27 23:39:24,495:WARNING:/home/ilyandho/micromamba/envs/pycaret/lib/python3.10/site-packages/sklearn/utils/extmath.py:1162: RuntimeWarning: invalid value encountered in divide
  new_unnormalized_variance -= correction**2 / new_sample_count

2026-08-27 23:39:24,934:WARNING:/home/ilyandho/micromamba/envs/pycaret/lib/python3.10/site-packages/sklearn/utils/extmath.py:1137: RuntimeWarning: invalid value encountered in divide
  updated_mean = (last_sum + new_sum) / updated_sample_count

2026-08-27 23:39:24,934:WARNING:/home/ilyandho/micromamba/envs/pycaret/lib/python3.10/site-packages/sklearn/utils/extmath.py:1142: RuntimeWarning: invalid value encountered in divide
  T = new_sum / new_sample_count

2026-08-27 23:39:24,935:WARNING:/home/ilyandho/micromamba/envs/pycaret/lib/python3.10/site-packages/sklearn/utils/extmath.py:1162: RuntimeWarning: invalid value encountered in divide
  new_unnormalized_variance -= correction**2 / new_sample_count

2026-08-27 23:39:25,419:WARNING:/home/ilyandho/micromamba/envs/pycaret/lib/python3.10/site-packages/sklearn/utils/extmath.py:1137: RuntimeWarning: invalid value encountered in divide
  updated_mean = (last_sum + new_sum) / updated_sample_count

2026-08-27 23:39:25,419:WARNING:/home/ilyandho/micromamba/envs/pycaret/lib/python3.10/site-packages/sklearn/utils/extmath.py:1142: RuntimeWarning: invalid value encountered in divide
  T = new_sum / new_sample_count

2026-08-27 23:39:25,419:WARNING:/home/ilyandho/micromamba/envs/pycaret/lib/python3.10/site-packages/sklearn/utils/extmath.py:1162: RuntimeWarning: invalid value encountered in divide
  new_unnormalized_variance -= correction**2 / new_sample_count

2026-08-27 23:39:26,093:WARNING:/home/ilyandho/micromamba/envs/pycaret/lib/python3.10/site-packages/sklearn/utils/extmath.py:1137: RuntimeWarning: invalid value encountered in divide
  updated_mean = (last_sum + new_sum) / updated_sample_count

2026-08-27 23:39:26,093:WARNING:/home/ilyandho/micromamba/envs/pycaret/lib/python3.10/site-packages/sklearn/utils/extmath.py:1142: RuntimeWarning: invalid value encountered in divide
  T = new_sum / new_sample_count

2026-08-27 23:39:26,093:WARNING:/home/ilyandho/micromamba/envs/pycaret/lib/python3.10/site-packages/sklearn/utils/extmath.py:1162: RuntimeWarning: invalid value encountered in divide
  new_unnormalized_variance -= correction**2 / new_sample_count

2026-08-27 23:39:40,153:WARNING:/home/ilyandho/micromamba/envs/pycaret/lib/python3.10/site-packages/sklearn/utils/extmath.py:1137: RuntimeWarning: invalid value encountered in divide
  updated_mean = (last_sum + new_sum) / updated_sample_count

2026-08-27 23:39:40,153:WARNING:/home/ilyandho/micromamba/envs/pycaret/lib/python3.10/site-packages/sklearn/utils/extmath.py:1142: RuntimeWarning: invalid value encountered in divide
  T = new_sum / new_sample_count

2026-08-27 23:39:40,154:WARNING:/home/ilyandho/micromamba/envs/pycaret/lib/python3.10/site-packages/sklearn/utils/extmath.py:1162: RuntimeWarning: invalid value encountered in divide
  new_unnormalized_variance -= correction**2 / new_sample_count

2026-08-27 23:39:40,597:WARNING:/home/ilyandho/micromamba/envs/pycaret/lib/python3.10/site-packages/sklearn/utils/extmath.py:1137: RuntimeWarning: invalid value encountered in divide
  updated_mean = (last_sum + new_sum) / updated_sample_count

2026-08-27 23:39:40,597:WARNING:/home/ilyandho/micromamba/envs/pycaret/lib/python3.10/site-packages/sklearn/utils/extmath.py:1142: RuntimeWarning: invalid value encountered in divide
  T = new_sum / new_sample_count

2026-08-27 23:39:40,597:WARNING:/home/ilyandho/micromamba/envs/pycaret/lib/python3.10/site-packages/sklearn/utils/extmath.py:1162: RuntimeWarning: invalid value encountered in divide
  new_unnormalized_variance -= correction**2 / new_sample_count

2026-08-27 23:39:41,061:WARNING:/home/ilyandho/micromamba/envs/pycaret/lib/python3.10/site-packages/sklearn/utils/extmath.py:1137: RuntimeWarning: invalid value encountered in divide
  updated_mean = (last_sum + new_sum) / updated_sample_count

2026-08-27 23:39:41,061:WARNING:/home/ilyandho/micromamba/envs/pycaret/lib/python3.10/site-packages/sklearn/utils/extmath.py:1142: RuntimeWarning: invalid value encountered in divide
  T = new_sum / new_sample_count

2026-08-27 23:39:41,062:WARNING:/home/ilyandho/micromamba/envs/pycaret/lib/python3.10/site-packages/sklearn/utils/extmath.py:1162: RuntimeWarning: invalid value encountered in divide
  new_unnormalized_variance -= correction**2 / new_sample_count

2026-08-27 23:39:41,632:WARNING:/home/ilyandho/micromamba/envs/pycaret/lib/python3.10/site-packages/sklearn/utils/extmath.py:1137: RuntimeWarning: invalid value encountered in divide
  updated_mean = (last_sum + new_sum) / updated_sample_count

2026-08-27 23:39:41,633:WARNING:/home/ilyandho/micromamba/envs/pycaret/lib/python3.10/site-packages/sklearn/utils/extmath.py:1142: RuntimeWarning: invalid value encountered in divide
  T = new_sum / new_sample_count

2026-08-27 23:39:41,633:WARNING:/home/ilyandho/micromamba/envs/pycaret/lib/python3.10/site-packages/sklearn/utils/extmath.py:1162: RuntimeWarning: invalid value encountered in divide
  new_unnormalized_variance -= correction**2 / new_sample_count

2026-08-27 23:40:00,338:WARNING:/home/ilyandho/micromamba/envs/pycaret/lib/python3.10/site-packages/sklearn/utils/extmath.py:1137: RuntimeWarning: invalid value encountered in divide
  updated_mean = (last_sum + new_sum) / updated_sample_count

2026-08-27 23:40:00,338:WARNING:/home/ilyandho/micromamba/envs/pycaret/lib/python3.10/site-packages/sklearn/utils/extmath.py:1142: RuntimeWarning: invalid value encountered in divide
  T = new_sum / new_sample_count

2026-08-27 23:40:00,338:WARNING:/home/ilyandho/micromamba/envs/pycaret/lib/python3.10/site-packages/sklearn/utils/extmath.py:1162: RuntimeWarning: invalid value encountered in divide
  new_unnormalized_variance -= correction**2 / new_sample_count

2026-08-27 23:40:00,759:WARNING:/home/ilyandho/micromamba/envs/pycaret/lib/python3.10/site-packages/sklearn/utils/extmath.py:1137: RuntimeWarning: invalid value encountered in divide
  updated_mean = (last_sum + new_sum) / updated_sample_count

2026-08-27 23:40:00,759:WARNING:/home/ilyandho/micromamba/envs/pycaret/lib/python3.10/site-packages/sklearn/utils/extmath.py:1142: RuntimeWarning: invalid value encountered in divide
  T = new_sum / new_sample_count

2026-08-27 23:40:00,759:WARNING:/home/ilyandho/micromamba/envs/pycaret/lib/python3.10/site-packages/sklearn/utils/extmath.py:1162: RuntimeWarning: invalid value encountered in divide
  new_unnormalized_variance -= correction**2 / new_sample_count

2026-08-27 23:40:01,258:WARNING:/home/ilyandho/micromamba/envs/pycaret/lib/python3.10/site-packages/sklearn/utils/extmath.py:1137: RuntimeWarning: invalid value encountered in divide
  updated_mean = (last_sum + new_sum) / updated_sample_count

2026-08-27 23:40:01,258:WARNING:/home/ilyandho/micromamba/envs/pycaret/lib/python3.10/site-packages/sklearn/utils/extmath.py:1142: RuntimeWarning: invalid value encountered in divide
  T = new_sum / new_sample_count

2026-08-27 23:40:01,259:WARNING:/home/ilyandho/micromamba/envs/pycaret/lib/python3.10/site-packages/sklearn/utils/extmath.py:1162: RuntimeWarning: invalid value encountered in divide
  new_unnormalized_variance -= correction**2 / new_sample_count

2026-08-27 23:40:01,851:WARNING:/home/ilyandho/micromamba/envs/pycaret/lib/python3.10/site-packages/sklearn/utils/extmath.py:1137: RuntimeWarning: invalid value encountered in divide
  updated_mean = (last_sum + new_sum) / updated_sample_count

2026-08-27 23:40:01,851:WARNING:/home/ilyandho/micromamba/envs/pycaret/lib/python3.10/site-packages/sklearn/utils/extmath.py:1142: RuntimeWarning: invalid value encountered in divide
  T = new_sum / new_sample_count

2026-08-27 23:40:01,851:WARNING:/home/ilyandho/micromamba/envs/pycaret/lib/python3.10/site-packages/sklearn/utils/extmath.py:1162: RuntimeWarning: invalid value encountered in divide
  new_unnormalized_variance -= correction**2 / new_sample_count

2026-08-27 23:40:26,733:WARNING:/home/ilyandho/micromamba/envs/pycaret/lib/python3.10/site-packages/sklearn/utils/extmath.py:1137: RuntimeWarning: invalid value encountered in divide
  updated_mean = (last_sum + new_sum) / updated_sample_count

2026-08-27 23:40:26,733:WARNING:/home/ilyandho/micromamba/envs/pycaret/lib/python3.10/site-packages/sklearn/utils/extmath.py:1142: RuntimeWarning: invalid value encountered in divide
  T = new_sum / new_sample_count

2026-08-27 23:40:26,734:WARNING:/home/ilyandho/micromamba/envs/pycaret/lib/python3.10/site-packages/sklearn/utils/extmath.py:1162: RuntimeWarning: invalid value encountered in divide
  new_unnormalized_variance -= correction**2 / new_sample_count

2026-08-27 23:40:27,225:WARNING:/home/ilyandho/micromamba/envs/pycaret/lib/python3.10/site-packages/sklearn/utils/extmath.py:1137: RuntimeWarning: invalid value encountered in divide
  updated_mean = (last_sum + new_sum) / updated_sample_count

2026-08-27 23:40:27,225:WARNING:/home/ilyandho/micromamba/envs/pycaret/lib/python3.10/site-packages/sklearn/utils/extmath.py:1142: RuntimeWarning: invalid value encountered in divide
  T = new_sum / new_sample_count

2026-08-27 23:40:27,225:WARNING:/home/ilyandho/micromamba/envs/pycaret/lib/python3.10/site-packages/sklearn/utils/extmath.py:1162: RuntimeWarning: invalid value encountered in divide
  new_unnormalized_variance -= correction**2 / new_sample_count

2026-08-27 23:40:27,746:WARNING:/home/ilyandho/micromamba/envs/pycaret/lib/python3.10/site-packages/sklearn/utils/extmath.py:1137: RuntimeWarning: invalid value encountered in divide
  updated_mean = (last_sum + new_sum) / updated_sample_count

2026-08-27 23:40:27,746:WARNING:/home/ilyandho/micromamba/envs/pycaret/lib/python3.10/site-packages/sklearn/utils/extmath.py:1142: RuntimeWarning: invalid value encountered in divide
  T = new_sum / new_sample_count

2026-08-27 23:40:27,747:WARNING:/home/ilyandho/micromamba/envs/pycaret/lib/python3.10/site-packages/sklearn/utils/extmath.py:1162: RuntimeWarning: invalid value encountered in divide
  new_unnormalized_variance -= correction**2 / new_sample_count

2026-08-27 23:40:28,328:WARNING:/home/ilyandho/micromamba/envs/pycaret/lib/python3.10/site-packages/sklearn/utils/extmath.py:1137: RuntimeWarning: invalid value encountered in divide
  updated_mean = (last_sum + new_sum) / updated_sample_count

2026-08-27 23:40:28,329:WARNING:/home/ilyandho/micromamba/envs/pycaret/lib/python3.10/site-packages/sklearn/utils/extmath.py:1142: RuntimeWarning: invalid value encountered in divide
  T = new_sum / new_sample_count

2026-08-27 23:40:28,329:WARNING:/home/ilyandho/micromamba/envs/pycaret/lib/python3.10/site-packages/sklearn/utils/extmath.py:1162: RuntimeWarning: invalid value encountered in divide
  new_unnormalized_variance -= correction**2 / new_sample_count

2026-08-27 23:40:59,503:WARNING:/home/ilyandho/micromamba/envs/pycaret/lib/python3.10/site-packages/sklearn/utils/extmath.py:1137: RuntimeWarning: invalid value encountered in divide
  updated_mean = (last_sum + new_sum) / updated_sample_count

2026-08-27 23:40:59,503:WARNING:/home/ilyandho/micromamba/envs/pycaret/lib/python3.10/site-packages/sklearn/utils/extmath.py:1142: RuntimeWarning: invalid value encountered in divide
  T = new_sum / new_sample_count

2026-08-27 23:40:59,503:WARNING:/home/ilyandho/micromamba/envs/pycaret/lib/python3.10/site-packages/sklearn/utils/extmath.py:1162: RuntimeWarning: invalid value encountered in divide
  new_unnormalized_variance -= correction**2 / new_sample_count

2026-08-27 23:40:59,940:WARNING:/home/ilyandho/micromamba/envs/pycaret/lib/python3.10/site-packages/sklearn/utils/extmath.py:1137: RuntimeWarning: invalid value encountered in divide
  updated_mean = (last_sum + new_sum) / updated_sample_count

2026-08-27 23:40:59,940:WARNING:/home/ilyandho/micromamba/envs/pycaret/lib/python3.10/site-packages/sklearn/utils/extmath.py:1142: RuntimeWarning: invalid value encountered in divide
  T = new_sum / new_sample_count

2026-08-27 23:40:59,941:WARNING:/home/ilyandho/micromamba/envs/pycaret/lib/python3.10/site-packages/sklearn/utils/extmath.py:1162: RuntimeWarning: invalid value encountered in divide
  new_unnormalized_variance -= correction**2 / new_sample_count

2026-08-27 23:41:00,456:WARNING:/home/ilyandho/micromamba/envs/pycaret/lib/python3.10/site-packages/sklearn/utils/extmath.py:1137: RuntimeWarning: invalid value encountered in divide
  updated_mean = (last_sum + new_sum) / updated_sample_count

2026-08-27 23:41:00,457:WARNING:/home/ilyandho/micromamba/envs/pycaret/lib/python3.10/site-packages/sklearn/utils/extmath.py:1142: RuntimeWarning: invalid value encountered in divide
  T = new_sum / new_sample_count

2026-08-27 23:41:00,457:WARNING:/home/ilyandho/micromamba/envs/pycaret/lib/python3.10/site-packages/sklearn/utils/extmath.py:1162: RuntimeWarning: invalid value encountered in divide
  new_unnormalized_variance -= correction**2 / new_sample_count

2026-08-27 23:41:00,972:WARNING:/home/ilyandho/micromamba/envs/pycaret/lib/python3.10/site-packages/sklearn/utils/extmath.py:1137: RuntimeWarning: invalid value encountered in divide
  updated_mean = (last_sum + new_sum) / updated_sample_count

2026-08-27 23:41:00,972:WARNING:/home/ilyandho/micromamba/envs/pycaret/lib/python3.10/site-packages/sklearn/utils/extmath.py:1142: RuntimeWarning: invalid value encountered in divide
  T = new_sum / new_sample_count

2026-08-27 23:41:00,972:WARNING:/home/ilyandho/micromamba/envs/pycaret/lib/python3.10/site-packages/sklearn/utils/extmath.py:1162: RuntimeWarning: invalid value encountered in divide
  new_unnormalized_variance -= correction**2 / new_sample_count

2026-08-27 23:41:35,205:WARNING:/home/ilyandho/micromamba/envs/pycaret/lib/python3.10/site-packages/sklearn/utils/extmath.py:1137: RuntimeWarning: invalid value encountered in divide
  updated_mean = (last_sum + new_sum) / updated_sample_count

2026-08-27 23:41:35,205:WARNING:/home/ilyandho/micromamba/envs/pycaret/lib/python3.10/site-packages/sklearn/utils/extmath.py:1142: RuntimeWarning: invalid value encountered in divide
  T = new_sum / new_sample_count

2026-08-27 23:41:35,205:WARNING:/home/ilyandho/micromamba/envs/pycaret/lib/python3.10/site-packages/sklearn/utils/extmath.py:1162: RuntimeWarning: invalid value encountered in divide
  new_unnormalized_variance -= correction**2 / new_sample_count

2026-08-27 23:41:35,629:WARNING:/home/ilyandho/micromamba/envs/pycaret/lib/python3.10/site-packages/sklearn/utils/extmath.py:1137: RuntimeWarning: invalid value encountered in divide
  updated_mean = (last_sum + new_sum) / updated_sample_count

2026-08-27 23:41:35,630:WARNING:/home/ilyandho/micromamba/envs/pycaret/lib/python3.10/site-packages/sklearn/utils/extmath.py:1142: RuntimeWarning: invalid value encountered in divide
  T = new_sum / new_sample_count

2026-08-27 23:41:35,630:WARNING:/home/ilyandho/micromamba/envs/pycaret/lib/python3.10/site-packages/sklearn/utils/extmath.py:1162: RuntimeWarning: invalid value encountered in divide
  new_unnormalized_variance -= correction**2 / new_sample_count

2026-08-27 23:41:36,097:WARNING:/home/ilyandho/micromamba/envs/pycaret/lib/python3.10/site-packages/sklearn/utils/extmath.py:1137: RuntimeWarning: invalid value encountered in divide
  updated_mean = (last_sum + new_sum) / updated_sample_count

2026-08-27 23:41:36,098:WARNING:/home/ilyandho/micromamba/envs/pycaret/lib/python3.10/site-packages/sklearn/utils/extmath.py:1142: RuntimeWarning: invalid value encountered in divide
  T = new_sum / new_sample_count

2026-08-27 23:41:36,098:WARNING:/home/ilyandho/micromamba/envs/pycaret/lib/python3.10/site-packages/sklearn/utils/extmath.py:1162: RuntimeWarning: invalid value encountered in divide
  new_unnormalized_variance -= correction**2 / new_sample_count

2026-08-27 23:41:36,700:WARNING:/home/ilyandho/micromamba/envs/pycaret/lib/python3.10/site-packages/sklearn/utils/extmath.py:1137: RuntimeWarning: invalid value encountered in divide
  updated_mean = (last_sum + new_sum) / updated_sample_count

2026-08-27 23:41:36,700:WARNING:/home/ilyandho/micromamba/envs/pycaret/lib/python3.10/site-packages/sklearn/utils/extmath.py:1142: RuntimeWarning: invalid value encountered in divide
  T = new_sum / new_sample_count

2026-08-27 23:41:36,700:WARNING:/home/ilyandho/micromamba/envs/pycaret/lib/python3.10/site-packages/sklearn/utils/extmath.py:1162: RuntimeWarning: invalid value encountered in divide
  new_unnormalized_variance -= correction**2 / new_sample_count

2026-08-27 23:42:18,098:WARNING:/home/ilyandho/micromamba/envs/pycaret/lib/python3.10/site-packages/sklearn/utils/extmath.py:1137: RuntimeWarning: invalid value encountered in divide
  updated_mean = (last_sum + new_sum) / updated_sample_count

2026-08-27 23:42:18,099:WARNING:/home/ilyandho/micromamba/envs/pycaret/lib/python3.10/site-packages/sklearn/utils/extmath.py:1142: RuntimeWarning: invalid value encountered in divide
  T = new_sum / new_sample_count

2026-08-27 23:42:18,099:WARNING:/home/ilyandho/micromamba/envs/pycaret/lib/python3.10/site-packages/sklearn/utils/extmath.py:1162: RuntimeWarning: invalid value encountered in divide
  new_unnormalized_variance -= correction**2 / new_sample_count

2026-08-27 23:42:18,615:WARNING:/home/ilyandho/micromamba/envs/pycaret/lib/python3.10/site-packages/sklearn/utils/extmath.py:1137: RuntimeWarning: invalid value encountered in divide
  updated_mean = (last_sum + new_sum) / updated_sample_count

2026-08-27 23:42:18,615:WARNING:/home/ilyandho/micromamba/envs/pycaret/lib/python3.10/site-packages/sklearn/utils/extmath.py:1142: RuntimeWarning: invalid value encountered in divide
  T = new_sum / new_sample_count

2026-08-27 23:42:18,615:WARNING:/home/ilyandho/micromamba/envs/pycaret/lib/python3.10/site-packages/sklearn/utils/extmath.py:1162: RuntimeWarning: invalid value encountered in divide
  new_unnormalized_variance -= correction**2 / new_sample_count

2026-08-27 23:42:19,088:WARNING:/home/ilyandho/micromamba/envs/pycaret/lib/python3.10/site-packages/sklearn/utils/extmath.py:1137: RuntimeWarning: invalid value encountered in divide
  updated_mean = (last_sum + new_sum) / updated_sample_count

2026-08-27 23:42:19,088:WARNING:/home/ilyandho/micromamba/envs/pycaret/lib/python3.10/site-packages/sklearn/utils/extmath.py:1142: RuntimeWarning: invalid value encountered in divide
  T = new_sum / new_sample_count

2026-08-27 23:42:19,088:WARNING:/home/ilyandho/micromamba/envs/pycaret/lib/python3.10/site-packages/sklearn/utils/extmath.py:1162: RuntimeWarning: invalid value encountered in divide
  new_unnormalized_variance -= correction**2 / new_sample_count

2026-08-27 23:42:19,792:WARNING:/home/ilyandho/micromamba/envs/pycaret/lib/python3.10/site-packages/sklearn/utils/extmath.py:1137: RuntimeWarning: invalid value encountered in divide
  updated_mean = (last_sum + new_sum) / updated_sample_count

2026-08-27 23:42:19,792:WARNING:/home/ilyandho/micromamba/envs/pycaret/lib/python3.10/site-packages/sklearn/utils/extmath.py:1142: RuntimeWarning: invalid value encountered in divide
  T = new_sum / new_sample_count

2026-08-27 23:42:19,793:WARNING:/home/ilyandho/micromamba/envs/pycaret/lib/python3.10/site-packages/sklearn/utils/extmath.py:1162: RuntimeWarning: invalid value encountered in divide
  new_unnormalized_variance -= correction**2 / new_sample_count

2026-08-27 23:43:06,731:WARNING:/home/ilyandho/micromamba/envs/pycaret/lib/python3.10/site-packages/sklearn/utils/extmath.py:1137: RuntimeWarning: invalid value encountered in divide
  updated_mean = (last_sum + new_sum) / updated_sample_count

2026-08-27 23:43:06,731:WARNING:/home/ilyandho/micromamba/envs/pycaret/lib/python3.10/site-packages/sklearn/utils/extmath.py:1142: RuntimeWarning: invalid value encountered in divide
  T = new_sum / new_sample_count

2026-08-27 23:43:06,731:WARNING:/home/ilyandho/micromamba/envs/pycaret/lib/python3.10/site-packages/sklearn/utils/extmath.py:1162: RuntimeWarning: invalid value encountered in divide
  new_unnormalized_variance -= correction**2 / new_sample_count

2026-08-27 23:43:07,209:WARNING:/home/ilyandho/micromamba/envs/pycaret/lib/python3.10/site-packages/sklearn/utils/extmath.py:1137: RuntimeWarning: invalid value encountered in divide
  updated_mean = (last_sum + new_sum) / updated_sample_count

2026-08-27 23:43:07,209:WARNING:/home/ilyandho/micromamba/envs/pycaret/lib/python3.10/site-packages/sklearn/utils/extmath.py:1142: RuntimeWarning: invalid value encountered in divide
  T = new_sum / new_sample_count

2026-08-27 23:43:07,210:WARNING:/home/ilyandho/micromamba/envs/pycaret/lib/python3.10/site-packages/sklearn/utils/extmath.py:1162: RuntimeWarning: invalid value encountered in divide
  new_unnormalized_variance -= correction**2 / new_sample_count

2026-08-27 23:43:07,722:WARNING:/home/ilyandho/micromamba/envs/pycaret/lib/python3.10/site-packages/sklearn/utils/extmath.py:1137: RuntimeWarning: invalid value encountered in divide
  updated_mean = (last_sum + new_sum) / updated_sample_count

2026-08-27 23:43:07,722:WARNING:/home/ilyandho/micromamba/envs/pycaret/lib/python3.10/site-packages/sklearn/utils/extmath.py:1142: RuntimeWarning: invalid value encountered in divide
  T = new_sum / new_sample_count

2026-08-27 23:43:07,722:WARNING:/home/ilyandho/micromamba/envs/pycaret/lib/python3.10/site-packages/sklearn/utils/extmath.py:1162: RuntimeWarning: invalid value encountered in divide
  new_unnormalized_variance -= correction**2 / new_sample_count

2026-08-27 23:43:08,391:WARNING:/home/ilyandho/micromamba/envs/pycaret/lib/python3.10/site-packages/sklearn/utils/extmath.py:1137: RuntimeWarning: invalid value encountered in divide
  updated_mean = (last_sum + new_sum) / updated_sample_count

2026-08-27 23:43:08,391:WARNING:/home/ilyandho/micromamba/envs/pycaret/lib/python3.10/site-packages/sklearn/utils/extmath.py:1142: RuntimeWarning: invalid value encountered in divide
  T = new_sum / new_sample_count

2026-08-27 23:43:08,391:WARNING:/home/ilyandho/micromamba/envs/pycaret/lib/python3.10/site-packages/sklearn/utils/extmath.py:1162: RuntimeWarning: invalid value encountered in divide
  new_unnormalized_variance -= correction**2 / new_sample_count

2026-08-27 23:44:03,790:WARNING:/home/ilyandho/micromamba/envs/pycaret/lib/python3.10/site-packages/sklearn/utils/extmath.py:1137: RuntimeWarning: invalid value encountered in divide
  updated_mean = (last_sum + new_sum) / updated_sample_count

2026-08-27 23:44:03,790:WARNING:/home/ilyandho/micromamba/envs/pycaret/lib/python3.10/site-packages/sklearn/utils/extmath.py:1142: RuntimeWarning: invalid value encountered in divide
  T = new_sum / new_sample_count

2026-08-27 23:44:03,790:WARNING:/home/ilyandho/micromamba/envs/pycaret/lib/python3.10/site-packages/sklearn/utils/extmath.py:1162: RuntimeWarning: invalid value encountered in divide
  new_unnormalized_variance -= correction**2 / new_sample_count

2026-08-27 23:44:04,232:WARNING:/home/ilyandho/micromamba/envs/pycaret/lib/python3.10/site-packages/sklearn/utils/extmath.py:1137: RuntimeWarning: invalid value encountered in divide
  updated_mean = (last_sum + new_sum) / updated_sample_count

2026-08-27 23:44:04,232:WARNING:/home/ilyandho/micromamba/envs/pycaret/lib/python3.10/site-packages/sklearn/utils/extmath.py:1142: RuntimeWarning: invalid value encountered in divide
  T = new_sum / new_sample_count

2026-08-27 23:44:04,232:WARNING:/home/ilyandho/micromamba/envs/pycaret/lib/python3.10/site-packages/sklearn/utils/extmath.py:1162: RuntimeWarning: invalid value encountered in divide
  new_unnormalized_variance -= correction**2 / new_sample_count

2026-08-27 23:44:04,730:WARNING:/home/ilyandho/micromamba/envs/pycaret/lib/python3.10/site-packages/sklearn/utils/extmath.py:1137: RuntimeWarning: invalid value encountered in divide
  updated_mean = (last_sum + new_sum) / updated_sample_count

2026-08-27 23:44:04,731:WARNING:/home/ilyandho/micromamba/envs/pycaret/lib/python3.10/site-packages/sklearn/utils/extmath.py:1142: RuntimeWarning: invalid value encountered in divide
  T = new_sum / new_sample_count

2026-08-27 23:44:04,731:WARNING:/home/ilyandho/micromamba/envs/pycaret/lib/python3.10/site-packages/sklearn/utils/extmath.py:1162: RuntimeWarning: invalid value encountered in divide
  new_unnormalized_variance -= correction**2 / new_sample_count

2026-08-27 23:44:05,282:WARNING:/home/ilyandho/micromamba/envs/pycaret/lib/python3.10/site-packages/sklearn/utils/extmath.py:1137: RuntimeWarning: invalid value encountered in divide
  updated_mean = (last_sum + new_sum) / updated_sample_count

2026-08-27 23:44:05,282:WARNING:/home/ilyandho/micromamba/envs/pycaret/lib/python3.10/site-packages/sklearn/utils/extmath.py:1142: RuntimeWarning: invalid value encountered in divide
  T = new_sum / new_sample_count

2026-08-27 23:44:05,282:WARNING:/home/ilyandho/micromamba/envs/pycaret/lib/python3.10/site-packages/sklearn/utils/extmath.py:1162: RuntimeWarning: invalid value encountered in divide
  new_unnormalized_variance -= correction**2 / new_sample_count

2026-08-27 23:45:09,101:WARNING:/home/ilyandho/micromamba/envs/pycaret/lib/python3.10/site-packages/sklearn/utils/extmath.py:1137: RuntimeWarning: invalid value encountered in divide
  updated_mean = (last_sum + new_sum) / updated_sample_count

2026-08-27 23:45:09,101:WARNING:/home/ilyandho/micromamba/envs/pycaret/lib/python3.10/site-packages/sklearn/utils/extmath.py:1142: RuntimeWarning: invalid value encountered in divide
  T = new_sum / new_sample_count

2026-08-27 23:45:09,102:WARNING:/home/ilyandho/micromamba/envs/pycaret/lib/python3.10/site-packages/sklearn/utils/extmath.py:1162: RuntimeWarning: invalid value encountered in divide
  new_unnormalized_variance -= correction**2 / new_sample_count

2026-08-27 23:45:09,589:WARNING:/home/ilyandho/micromamba/envs/pycaret/lib/python3.10/site-packages/sklearn/utils/extmath.py:1137: RuntimeWarning: invalid value encountered in divide
  updated_mean = (last_sum + new_sum) / updated_sample_count

2026-08-27 23:45:09,589:WARNING:/home/ilyandho/micromamba/envs/pycaret/lib/python3.10/site-packages/sklearn/utils/extmath.py:1142: RuntimeWarning: invalid value encountered in divide
  T = new_sum / new_sample_count

2026-08-27 23:45:09,590:WARNING:/home/ilyandho/micromamba/envs/pycaret/lib/python3.10/site-packages/sklearn/utils/extmath.py:1162: RuntimeWarning: invalid value encountered in divide
  new_unnormalized_variance -= correction**2 / new_sample_count

2026-08-27 23:45:10,086:WARNING:/home/ilyandho/micromamba/envs/pycaret/lib/python3.10/site-packages/sklearn/utils/extmath.py:1137: RuntimeWarning: invalid value encountered in divide
  updated_mean = (last_sum + new_sum) / updated_sample_count

2026-08-27 23:45:10,086:WARNING:/home/ilyandho/micromamba/envs/pycaret/lib/python3.10/site-packages/sklearn/utils/extmath.py:1142: RuntimeWarning: invalid value encountered in divide
  T = new_sum / new_sample_count

2026-08-27 23:45:10,086:WARNING:/home/ilyandho/micromamba/envs/pycaret/lib/python3.10/site-packages/sklearn/utils/extmath.py:1162: RuntimeWarning: invalid value encountered in divide
  new_unnormalized_variance -= correction**2 / new_sample_count

2026-08-27 23:45:10,721:WARNING:/home/ilyandho/micromamba/envs/pycaret/lib/python3.10/site-packages/sklearn/utils/extmath.py:1137: RuntimeWarning: invalid value encountered in divide
  updated_mean = (last_sum + new_sum) / updated_sample_count

2026-08-27 23:45:10,721:WARNING:/home/ilyandho/micromamba/envs/pycaret/lib/python3.10/site-packages/sklearn/utils/extmath.py:1142: RuntimeWarning: invalid value encountered in divide
  T = new_sum / new_sample_count

2026-08-27 23:45:10,721:WARNING:/home/ilyandho/micromamba/envs/pycaret/lib/python3.10/site-packages/sklearn/utils/extmath.py:1162: RuntimeWarning: invalid value encountered in divide
  new_unnormalized_variance -= correction**2 / new_sample_count

2026-08-27 23:46:22,017:WARNING:/home/ilyandho/micromamba/envs/pycaret/lib/python3.10/site-packages/sklearn/utils/extmath.py:1137: RuntimeWarning: invalid value encountered in divide
  updated_mean = (last_sum + new_sum) / updated_sample_count

2026-08-27 23:46:22,017:WARNING:/home/ilyandho/micromamba/envs/pycaret/lib/python3.10/site-packages/sklearn/utils/extmath.py:1142: RuntimeWarning: invalid value encountered in divide
  T = new_sum / new_sample_count

2026-08-27 23:46:22,017:WARNING:/home/ilyandho/micromamba/envs/pycaret/lib/python3.10/site-packages/sklearn/utils/extmath.py:1162: RuntimeWarning: invalid value encountered in divide
  new_unnormalized_variance -= correction**2 / new_sample_count

2026-08-27 23:46:22,463:WARNING:/home/ilyandho/micromamba/envs/pycaret/lib/python3.10/site-packages/sklearn/utils/extmath.py:1137: RuntimeWarning: invalid value encountered in divide
  updated_mean = (last_sum + new_sum) / updated_sample_count

2026-08-27 23:46:22,463:WARNING:/home/ilyandho/micromamba/envs/pycaret/lib/python3.10/site-packages/sklearn/utils/extmath.py:1142: RuntimeWarning: invalid value encountered in divide
  T = new_sum / new_sample_count

2026-08-27 23:46:22,463:WARNING:/home/ilyandho/micromamba/envs/pycaret/lib/python3.10/site-packages/sklearn/utils/extmath.py:1162: RuntimeWarning: invalid value encountered in divide
  new_unnormalized_variance -= correction**2 / new_sample_count

2026-08-27 23:46:23,009:WARNING:/home/ilyandho/micromamba/envs/pycaret/lib/python3.10/site-packages/sklearn/utils/extmath.py:1137: RuntimeWarning: invalid value encountered in divide
  updated_mean = (last_sum + new_sum) / updated_sample_count

2026-08-27 23:46:23,009:WARNING:/home/ilyandho/micromamba/envs/pycaret/lib/python3.10/site-packages/sklearn/utils/extmath.py:1142: RuntimeWarning: invalid value encountered in divide
  T = new_sum / new_sample_count

2026-08-27 23:46:23,010:WARNING:/home/ilyandho/micromamba/envs/pycaret/lib/python3.10/site-packages/sklearn/utils/extmath.py:1162: RuntimeWarning: invalid value encountered in divide
  new_unnormalized_variance -= correction**2 / new_sample_count

2026-08-27 23:46:23,565:WARNING:/home/ilyandho/micromamba/envs/pycaret/lib/python3.10/site-packages/sklearn/utils/extmath.py:1137: RuntimeWarning: invalid value encountered in divide
  updated_mean = (last_sum + new_sum) / updated_sample_count

2026-08-27 23:46:23,565:WARNING:/home/ilyandho/micromamba/envs/pycaret/lib/python3.10/site-packages/sklearn/utils/extmath.py:1142: RuntimeWarning: invalid value encountered in divide
  T = new_sum / new_sample_count

2026-08-27 23:46:23,566:WARNING:/home/ilyandho/micromamba/envs/pycaret/lib/python3.10/site-packages/sklearn/utils/extmath.py:1162: RuntimeWarning: invalid value encountered in divide
  new_unnormalized_variance -= correction**2 / new_sample_count

2026-08-27 23:47:41,908:WARNING:/home/ilyandho/micromamba/envs/pycaret/lib/python3.10/site-packages/sklearn/utils/extmath.py:1137: RuntimeWarning: invalid value encountered in divide
  updated_mean = (last_sum + new_sum) / updated_sample_count

2026-08-27 23:47:41,909:WARNING:/home/ilyandho/micromamba/envs/pycaret/lib/python3.10/site-packages/sklearn/utils/extmath.py:1142: RuntimeWarning: invalid value encountered in divide
  T = new_sum / new_sample_count

2026-08-27 23:47:41,909:WARNING:/home/ilyandho/micromamba/envs/pycaret/lib/python3.10/site-packages/sklearn/utils/extmath.py:1162: RuntimeWarning: invalid value encountered in divide
  new_unnormalized_variance -= correction**2 / new_sample_count

2026-08-27 23:47:42,423:WARNING:/home/ilyandho/micromamba/envs/pycaret/lib/python3.10/site-packages/sklearn/utils/extmath.py:1137: RuntimeWarning: invalid value encountered in divide
  updated_mean = (last_sum + new_sum) / updated_sample_count

2026-08-27 23:47:42,423:WARNING:/home/ilyandho/micromamba/envs/pycaret/lib/python3.10/site-packages/sklearn/utils/extmath.py:1142: RuntimeWarning: invalid value encountered in divide
  T = new_sum / new_sample_count

2026-08-27 23:47:42,423:WARNING:/home/ilyandho/micromamba/envs/pycaret/lib/python3.10/site-packages/sklearn/utils/extmath.py:1162: RuntimeWarning: invalid value encountered in divide
  new_unnormalized_variance -= correction**2 / new_sample_count

2026-08-27 23:47:42,938:WARNING:/home/ilyandho/micromamba/envs/pycaret/lib/python3.10/site-packages/sklearn/utils/extmath.py:1137: RuntimeWarning: invalid value encountered in divide
  updated_mean = (last_sum + new_sum) / updated_sample_count

2026-08-27 23:47:42,938:WARNING:/home/ilyandho/micromamba/envs/pycaret/lib/python3.10/site-packages/sklearn/utils/extmath.py:1142: RuntimeWarning: invalid value encountered in divide
  T = new_sum / new_sample_count

2026-08-27 23:47:42,938:WARNING:/home/ilyandho/micromamba/envs/pycaret/lib/python3.10/site-packages/sklearn/utils/extmath.py:1162: RuntimeWarning: invalid value encountered in divide
  new_unnormalized_variance -= correction**2 / new_sample_count

2026-08-27 23:47:43,510:WARNING:/home/ilyandho/micromamba/envs/pycaret/lib/python3.10/site-packages/sklearn/utils/extmath.py:1137: RuntimeWarning: invalid value encountered in divide
  updated_mean = (last_sum + new_sum) / updated_sample_count

2026-08-27 23:47:43,510:WARNING:/home/ilyandho/micromamba/envs/pycaret/lib/python3.10/site-packages/sklearn/utils/extmath.py:1142: RuntimeWarning: invalid value encountered in divide
  T = new_sum / new_sample_count

2026-08-27 23:47:43,511:WARNING:/home/ilyandho/micromamba/envs/pycaret/lib/python3.10/site-packages/sklearn/utils/extmath.py:1162: RuntimeWarning: invalid value encountered in divide
  new_unnormalized_variance -= correction**2 / new_sample_count

2026-08-27 23:49:12,506:WARNING:/home/ilyandho/micromamba/envs/pycaret/lib/python3.10/site-packages/sklearn/utils/extmath.py:1137: RuntimeWarning: invalid value encountered in divide
  updated_mean = (last_sum + new_sum) / updated_sample_count

2026-08-27 23:49:12,506:WARNING:/home/ilyandho/micromamba/envs/pycaret/lib/python3.10/site-packages/sklearn/utils/extmath.py:1142: RuntimeWarning: invalid value encountered in divide
  T = new_sum / new_sample_count

2026-08-27 23:49:12,506:WARNING:/home/ilyandho/micromamba/envs/pycaret/lib/python3.10/site-packages/sklearn/utils/extmath.py:1162: RuntimeWarning: invalid value encountered in divide
  new_unnormalized_variance -= correction**2 / new_sample_count

2026-08-27 23:49:12,942:WARNING:/home/ilyandho/micromamba/envs/pycaret/lib/python3.10/site-packages/sklearn/utils/extmath.py:1137: RuntimeWarning: invalid value encountered in divide
  updated_mean = (last_sum + new_sum) / updated_sample_count

2026-08-27 23:49:12,942:WARNING:/home/ilyandho/micromamba/envs/pycaret/lib/python3.10/site-packages/sklearn/utils/extmath.py:1142: RuntimeWarning: invalid value encountered in divide
  T = new_sum / new_sample_count

2026-08-27 23:49:12,942:WARNING:/home/ilyandho/micromamba/envs/pycaret/lib/python3.10/site-packages/sklearn/utils/extmath.py:1162: RuntimeWarning: invalid value encountered in divide
  new_unnormalized_variance -= correction**2 / new_sample_count

2026-08-27 23:49:13,460:WARNING:/home/ilyandho/micromamba/envs/pycaret/lib/python3.10/site-packages/sklearn/utils/extmath.py:1137: RuntimeWarning: invalid value encountered in divide
  updated_mean = (last_sum + new_sum) / updated_sample_count

2026-08-27 23:49:13,460:WARNING:/home/ilyandho/micromamba/envs/pycaret/lib/python3.10/site-packages/sklearn/utils/extmath.py:1142: RuntimeWarning: invalid value encountered in divide
  T = new_sum / new_sample_count

2026-08-27 23:49:13,460:WARNING:/home/ilyandho/micromamba/envs/pycaret/lib/python3.10/site-packages/sklearn/utils/extmath.py:1162: RuntimeWarning: invalid value encountered in divide
  new_unnormalized_variance -= correction**2 / new_sample_count

2026-08-27 23:49:14,014:WARNING:/home/ilyandho/micromamba/envs/pycaret/lib/python3.10/site-packages/sklearn/utils/extmath.py:1137: RuntimeWarning: invalid value encountered in divide
  updated_mean = (last_sum + new_sum) / updated_sample_count

2026-08-27 23:49:14,014:WARNING:/home/ilyandho/micromamba/envs/pycaret/lib/python3.10/site-packages/sklearn/utils/extmath.py:1142: RuntimeWarning: invalid value encountered in divide
  T = new_sum / new_sample_count

2026-08-27 23:49:14,014:WARNING:/home/ilyandho/micromamba/envs/pycaret/lib/python3.10/site-packages/sklearn/utils/extmath.py:1162: RuntimeWarning: invalid value encountered in divide
  new_unnormalized_variance -= correction**2 / new_sample_count

2026-08-27 23:50:50,035:WARNING:/home/ilyandho/micromamba/envs/pycaret/lib/python3.10/site-packages/sklearn/utils/extmath.py:1137: RuntimeWarning: invalid value encountered in divide
  updated_mean = (last_sum + new_sum) / updated_sample_count

2026-08-27 23:50:50,035:WARNING:/home/ilyandho/micromamba/envs/pycaret/lib/python3.10/site-packages/sklearn/utils/extmath.py:1142: RuntimeWarning: invalid value encountered in divide
  T = new_sum / new_sample_count

2026-08-27 23:50:50,035:WARNING:/home/ilyandho/micromamba/envs/pycaret/lib/python3.10/site-packages/sklearn/utils/extmath.py:1162: RuntimeWarning: invalid value encountered in divide
  new_unnormalized_variance -= correction**2 / new_sample_count

2026-08-27 23:50:50,448:WARNING:/home/ilyandho/micromamba/envs/pycaret/lib/python3.10/site-packages/sklearn/utils/extmath.py:1137: RuntimeWarning: invalid value encountered in divide
  updated_mean = (last_sum + new_sum) / updated_sample_count

2026-08-27 23:50:50,448:WARNING:/home/ilyandho/micromamba/envs/pycaret/lib/python3.10/site-packages/sklearn/utils/extmath.py:1142: RuntimeWarning: invalid value encountered in divide
  T = new_sum / new_sample_count

2026-08-27 23:50:50,448:WARNING:/home/ilyandho/micromamba/envs/pycaret/lib/python3.10/site-packages/sklearn/utils/extmath.py:1162: RuntimeWarning: invalid value encountered in divide
  new_unnormalized_variance -= correction**2 / new_sample_count

2026-08-27 23:50:51,250:WARNING:/home/ilyandho/micromamba/envs/pycaret/lib/python3.10/site-packages/sklearn/utils/extmath.py:1137: RuntimeWarning: invalid value encountered in divide
  updated_mean = (last_sum + new_sum) / updated_sample_count

2026-08-27 23:50:51,251:WARNING:/home/ilyandho/micromamba/envs/pycaret/lib/python3.10/site-packages/sklearn/utils/extmath.py:1142: RuntimeWarning: invalid value encountered in divide
  T = new_sum / new_sample_count

2026-08-27 23:50:51,251:WARNING:/home/ilyandho/micromamba/envs/pycaret/lib/python3.10/site-packages/sklearn/utils/extmath.py:1162: RuntimeWarning: invalid value encountered in divide
  new_unnormalized_variance -= correction**2 / new_sample_count

2026-08-27 23:50:51,827:WARNING:/home/ilyandho/micromamba/envs/pycaret/lib/python3.10/site-packages/sklearn/utils/extmath.py:1137: RuntimeWarning: invalid value encountered in divide
  updated_mean = (last_sum + new_sum) / updated_sample_count

2026-08-27 23:50:51,827:WARNING:/home/ilyandho/micromamba/envs/pycaret/lib/python3.10/site-packages/sklearn/utils/extmath.py:1142: RuntimeWarning: invalid value encountered in divide
  T = new_sum / new_sample_count

2026-08-27 23:50:51,827:WARNING:/home/ilyandho/micromamba/envs/pycaret/lib/python3.10/site-packages/sklearn/utils/extmath.py:1162: RuntimeWarning: invalid value encountered in divide
  new_unnormalized_variance -= correction**2 / new_sample_count

2026-08-27 23:52:33,307:WARNING:/home/ilyandho/micromamba/envs/pycaret/lib/python3.10/site-packages/sklearn/utils/extmath.py:1137: RuntimeWarning: invalid value encountered in divide
  updated_mean = (last_sum + new_sum) / updated_sample_count

2026-08-27 23:52:33,307:WARNING:/home/ilyandho/micromamba/envs/pycaret/lib/python3.10/site-packages/sklearn/utils/extmath.py:1142: RuntimeWarning: invalid value encountered in divide
  T = new_sum / new_sample_count

2026-08-27 23:52:33,307:WARNING:/home/ilyandho/micromamba/envs/pycaret/lib/python3.10/site-packages/sklearn/utils/extmath.py:1162: RuntimeWarning: invalid value encountered in divide
  new_unnormalized_variance -= correction**2 / new_sample_count

2026-08-27 23:52:33,760:WARNING:/home/ilyandho/micromamba/envs/pycaret/lib/python3.10/site-packages/sklearn/utils/extmath.py:1137: RuntimeWarning: invalid value encountered in divide
  updated_mean = (last_sum + new_sum) / updated_sample_count

2026-08-27 23:52:33,760:WARNING:/home/ilyandho/micromamba/envs/pycaret/lib/python3.10/site-packages/sklearn/utils/extmath.py:1142: RuntimeWarning: invalid value encountered in divide
  T = new_sum / new_sample_count

2026-08-27 23:52:33,760:WARNING:/home/ilyandho/micromamba/envs/pycaret/lib/python3.10/site-packages/sklearn/utils/extmath.py:1162: RuntimeWarning: invalid value encountered in divide
  new_unnormalized_variance -= correction**2 / new_sample_count

2026-08-27 23:52:34,248:WARNING:/home/ilyandho/micromamba/envs/pycaret/lib/python3.10/site-packages/sklearn/utils/extmath.py:1137: RuntimeWarning: invalid value encountered in divide
  updated_mean = (last_sum + new_sum) / updated_sample_count

2026-08-27 23:52:34,249:WARNING:/home/ilyandho/micromamba/envs/pycaret/lib/python3.10/site-packages/sklearn/utils/extmath.py:1142: RuntimeWarning: invalid value encountered in divide
  T = new_sum / new_sample_count

2026-08-27 23:52:34,249:WARNING:/home/ilyandho/micromamba/envs/pycaret/lib/python3.10/site-packages/sklearn/utils/extmath.py:1162: RuntimeWarning: invalid value encountered in divide
  new_unnormalized_variance -= correction**2 / new_sample_count

2026-08-27 23:52:34,881:WARNING:/home/ilyandho/micromamba/envs/pycaret/lib/python3.10/site-packages/sklearn/utils/extmath.py:1137: RuntimeWarning: invalid value encountered in divide
  updated_mean = (last_sum + new_sum) / updated_sample_count

2026-08-27 23:52:34,881:WARNING:/home/ilyandho/micromamba/envs/pycaret/lib/python3.10/site-packages/sklearn/utils/extmath.py:1142: RuntimeWarning: invalid value encountered in divide
  T = new_sum / new_sample_count

2026-08-27 23:52:34,881:WARNING:/home/ilyandho/micromamba/envs/pycaret/lib/python3.10/site-packages/sklearn/utils/extmath.py:1162: RuntimeWarning: invalid value encountered in divide
  new_unnormalized_variance -= correction**2 / new_sample_count

2026-08-27 23:54:27,956:WARNING:/home/ilyandho/micromamba/envs/pycaret/lib/python3.10/site-packages/sklearn/utils/extmath.py:1137: RuntimeWarning: invalid value encountered in divide
  updated_mean = (last_sum + new_sum) / updated_sample_count

2026-08-27 23:54:27,956:WARNING:/home/ilyandho/micromamba/envs/pycaret/lib/python3.10/site-packages/sklearn/utils/extmath.py:1142: RuntimeWarning: invalid value encountered in divide
  T = new_sum / new_sample_count

2026-08-27 23:54:27,956:WARNING:/home/ilyandho/micromamba/envs/pycaret/lib/python3.10/site-packages/sklearn/utils/extmath.py:1162: RuntimeWarning: invalid value encountered in divide
  new_unnormalized_variance -= correction**2 / new_sample_count

2026-08-27 23:54:28,414:WARNING:/home/ilyandho/micromamba/envs/pycaret/lib/python3.10/site-packages/sklearn/utils/extmath.py:1137: RuntimeWarning: invalid value encountered in divide
  updated_mean = (last_sum + new_sum) / updated_sample_count

2026-08-27 23:54:28,414:WARNING:/home/ilyandho/micromamba/envs/pycaret/lib/python3.10/site-packages/sklearn/utils/extmath.py:1142: RuntimeWarning: invalid value encountered in divide
  T = new_sum / new_sample_count

2026-08-27 23:54:28,414:WARNING:/home/ilyandho/micromamba/envs/pycaret/lib/python3.10/site-packages/sklearn/utils/extmath.py:1162: RuntimeWarning: invalid value encountered in divide
  new_unnormalized_variance -= correction**2 / new_sample_count

2026-08-27 23:54:28,899:WARNING:/home/ilyandho/micromamba/envs/pycaret/lib/python3.10/site-packages/sklearn/utils/extmath.py:1137: RuntimeWarning: invalid value encountered in divide
  updated_mean = (last_sum + new_sum) / updated_sample_count

2026-08-27 23:54:28,899:WARNING:/home/ilyandho/micromamba/envs/pycaret/lib/python3.10/site-packages/sklearn/utils/extmath.py:1142: RuntimeWarning: invalid value encountered in divide
  T = new_sum / new_sample_count

2026-08-27 23:54:28,899:WARNING:/home/ilyandho/micromamba/envs/pycaret/lib/python3.10/site-packages/sklearn/utils/extmath.py:1162: RuntimeWarning: invalid value encountered in divide
  new_unnormalized_variance -= correction**2 / new_sample_count

2026-08-27 23:54:29,460:WARNING:/home/ilyandho/micromamba/envs/pycaret/lib/python3.10/site-packages/sklearn/utils/extmath.py:1137: RuntimeWarning: invalid value encountered in divide
  updated_mean = (last_sum + new_sum) / updated_sample_count

2026-08-27 23:54:29,460:WARNING:/home/ilyandho/micromamba/envs/pycaret/lib/python3.10/site-packages/sklearn/utils/extmath.py:1142: RuntimeWarning: invalid value encountered in divide
  T = new_sum / new_sample_count

2026-08-27 23:54:29,460:WARNING:/home/ilyandho/micromamba/envs/pycaret/lib/python3.10/site-packages/sklearn/utils/extmath.py:1162: RuntimeWarning: invalid value encountered in divide
  new_unnormalized_variance -= correction**2 / new_sample_count

2026-08-27 23:56:28,578:WARNING:/home/ilyandho/micromamba/envs/pycaret/lib/python3.10/site-packages/sklearn/utils/extmath.py:1137: RuntimeWarning: invalid value encountered in divide
  updated_mean = (last_sum + new_sum) / updated_sample_count

2026-08-27 23:56:28,578:WARNING:/home/ilyandho/micromamba/envs/pycaret/lib/python3.10/site-packages/sklearn/utils/extmath.py:1142: RuntimeWarning: invalid value encountered in divide
  T = new_sum / new_sample_count

2026-08-27 23:56:28,579:WARNING:/home/ilyandho/micromamba/envs/pycaret/lib/python3.10/site-packages/sklearn/utils/extmath.py:1162: RuntimeWarning: invalid value encountered in divide
  new_unnormalized_variance -= correction**2 / new_sample_count

2026-08-27 23:56:29,029:WARNING:/home/ilyandho/micromamba/envs/pycaret/lib/python3.10/site-packages/sklearn/utils/extmath.py:1137: RuntimeWarning: invalid value encountered in divide
  updated_mean = (last_sum + new_sum) / updated_sample_count

2026-08-27 23:56:29,030:WARNING:/home/ilyandho/micromamba/envs/pycaret/lib/python3.10/site-packages/sklearn/utils/extmath.py:1142: RuntimeWarning: invalid value encountered in divide
  T = new_sum / new_sample_count

2026-08-27 23:56:29,030:WARNING:/home/ilyandho/micromamba/envs/pycaret/lib/python3.10/site-packages/sklearn/utils/extmath.py:1162: RuntimeWarning: invalid value encountered in divide
  new_unnormalized_variance -= correction**2 / new_sample_count

2026-08-27 23:56:29,509:WARNING:/home/ilyandho/micromamba/envs/pycaret/lib/python3.10/site-packages/sklearn/utils/extmath.py:1137: RuntimeWarning: invalid value encountered in divide
  updated_mean = (last_sum + new_sum) / updated_sample_count

2026-08-27 23:56:29,509:WARNING:/home/ilyandho/micromamba/envs/pycaret/lib/python3.10/site-packages/sklearn/utils/extmath.py:1142: RuntimeWarning: invalid value encountered in divide
  T = new_sum / new_sample_count

2026-08-27 23:56:29,509:WARNING:/home/ilyandho/micromamba/envs/pycaret/lib/python3.10/site-packages/sklearn/utils/extmath.py:1162: RuntimeWarning: invalid value encountered in divide
  new_unnormalized_variance -= correction**2 / new_sample_count

2026-08-27 23:56:30,128:WARNING:/home/ilyandho/micromamba/envs/pycaret/lib/python3.10/site-packages/sklearn/utils/extmath.py:1137: RuntimeWarning: invalid value encountered in divide
  updated_mean = (last_sum + new_sum) / updated_sample_count

2026-08-27 23:56:30,128:WARNING:/home/ilyandho/micromamba/envs/pycaret/lib/python3.10/site-packages/sklearn/utils/extmath.py:1142: RuntimeWarning: invalid value encountered in divide
  T = new_sum / new_sample_count

2026-08-27 23:56:30,128:WARNING:/home/ilyandho/micromamba/envs/pycaret/lib/python3.10/site-packages/sklearn/utils/extmath.py:1162: RuntimeWarning: invalid value encountered in divide
  new_unnormalized_variance -= correction**2 / new_sample_count

2026-08-27 23:58:41,791:WARNING:/home/ilyandho/micromamba/envs/pycaret/lib/python3.10/site-packages/sklearn/utils/extmath.py:1137: RuntimeWarning: invalid value encountered in divide
  updated_mean = (last_sum + new_sum) / updated_sample_count

2026-08-27 23:58:41,791:WARNING:/home/ilyandho/micromamba/envs/pycaret/lib/python3.10/site-packages/sklearn/utils/extmath.py:1142: RuntimeWarning: invalid value encountered in divide
  T = new_sum / new_sample_count

2026-08-27 23:58:41,791:WARNING:/home/ilyandho/micromamba/envs/pycaret/lib/python3.10/site-packages/sklearn/utils/extmath.py:1162: RuntimeWarning: invalid value encountered in divide
  new_unnormalized_variance -= correction**2 / new_sample_count

2026-08-27 23:58:42,228:WARNING:/home/ilyandho/micromamba/envs/pycaret/lib/python3.10/site-packages/sklearn/utils/extmath.py:1137: RuntimeWarning: invalid value encountered in divide
  updated_mean = (last_sum + new_sum) / updated_sample_count

2026-08-27 23:58:42,228:WARNING:/home/ilyandho/micromamba/envs/pycaret/lib/python3.10/site-packages/sklearn/utils/extmath.py:1142: RuntimeWarning: invalid value encountered in divide
  T = new_sum / new_sample_count

2026-08-27 23:58:42,229:WARNING:/home/ilyandho/micromamba/envs/pycaret/lib/python3.10/site-packages/sklearn/utils/extmath.py:1162: RuntimeWarning: invalid value encountered in divide
  new_unnormalized_variance -= correction**2 / new_sample_count

2026-08-27 23:58:42,749:WARNING:/home/ilyandho/micromamba/envs/pycaret/lib/python3.10/site-packages/sklearn/utils/extmath.py:1137: RuntimeWarning: invalid value encountered in divide
  updated_mean = (last_sum + new_sum) / updated_sample_count

2026-08-27 23:58:42,750:WARNING:/home/ilyandho/micromamba/envs/pycaret/lib/python3.10/site-packages/sklearn/utils/extmath.py:1142: RuntimeWarning: invalid value encountered in divide
  T = new_sum / new_sample_count

2026-08-27 23:58:42,750:WARNING:/home/ilyandho/micromamba/envs/pycaret/lib/python3.10/site-packages/sklearn/utils/extmath.py:1162: RuntimeWarning: invalid value encountered in divide
  new_unnormalized_variance -= correction**2 / new_sample_count

2026-08-27 23:58:43,309:WARNING:/home/ilyandho/micromamba/envs/pycaret/lib/python3.10/site-packages/sklearn/utils/extmath.py:1137: RuntimeWarning: invalid value encountered in divide
  updated_mean = (last_sum + new_sum) / updated_sample_count

2026-08-27 23:58:43,310:WARNING:/home/ilyandho/micromamba/envs/pycaret/lib/python3.10/site-packages/sklearn/utils/extmath.py:1142: RuntimeWarning: invalid value encountered in divide
  T = new_sum / new_sample_count

2026-08-27 23:58:43,310:WARNING:/home/ilyandho/micromamba/envs/pycaret/lib/python3.10/site-packages/sklearn/utils/extmath.py:1162: RuntimeWarning: invalid value encountered in divide
  new_unnormalized_variance -= correction**2 / new_sample_count

2026-08-28 00:01:05,963:WARNING:/home/ilyandho/micromamba/envs/pycaret/lib/python3.10/site-packages/sklearn/utils/extmath.py:1137: RuntimeWarning: invalid value encountered in divide
  updated_mean = (last_sum + new_sum) / updated_sample_count

2026-08-28 00:01:05,963:WARNING:/home/ilyandho/micromamba/envs/pycaret/lib/python3.10/site-packages/sklearn/utils/extmath.py:1142: RuntimeWarning: invalid value encountered in divide
  T = new_sum / new_sample_count

2026-08-28 00:01:05,963:WARNING:/home/ilyandho/micromamba/envs/pycaret/lib/python3.10/site-packages/sklearn/utils/extmath.py:1162: RuntimeWarning: invalid value encountered in divide
  new_unnormalized_variance -= correction**2 / new_sample_count

2026-08-28 00:01:06,455:WARNING:/home/ilyandho/micromamba/envs/pycaret/lib/python3.10/site-packages/sklearn/utils/extmath.py:1137: RuntimeWarning: invalid value encountered in divide
  updated_mean = (last_sum + new_sum) / updated_sample_count

2026-08-28 00:01:06,455:WARNING:/home/ilyandho/micromamba/envs/pycaret/lib/python3.10/site-packages/sklearn/utils/extmath.py:1142: RuntimeWarning: invalid value encountered in divide
  T = new_sum / new_sample_count

2026-08-28 00:01:06,455:WARNING:/home/ilyandho/micromamba/envs/pycaret/lib/python3.10/site-packages/sklearn/utils/extmath.py:1162: RuntimeWarning: invalid value encountered in divide
  new_unnormalized_variance -= correction**2 / new_sample_count

2026-08-28 00:01:07,061:WARNING:/home/ilyandho/micromamba/envs/pycaret/lib/python3.10/site-packages/sklearn/utils/extmath.py:1137: RuntimeWarning: invalid value encountered in divide
  updated_mean = (last_sum + new_sum) / updated_sample_count

2026-08-28 00:01:07,061:WARNING:/home/ilyandho/micromamba/envs/pycaret/lib/python3.10/site-packages/sklearn/utils/extmath.py:1142: RuntimeWarning: invalid value encountered in divide
  T = new_sum / new_sample_count

2026-08-28 00:01:07,062:WARNING:/home/ilyandho/micromamba/envs/pycaret/lib/python3.10/site-packages/sklearn/utils/extmath.py:1162: RuntimeWarning: invalid value encountered in divide
  new_unnormalized_variance -= correction**2 / new_sample_count

2026-08-28 00:01:07,655:WARNING:/home/ilyandho/micromamba/envs/pycaret/lib/python3.10/site-packages/sklearn/utils/extmath.py:1137: RuntimeWarning: invalid value encountered in divide
  updated_mean = (last_sum + new_sum) / updated_sample_count

2026-08-28 00:01:07,655:WARNING:/home/ilyandho/micromamba/envs/pycaret/lib/python3.10/site-packages/sklearn/utils/extmath.py:1142: RuntimeWarning: invalid value encountered in divide
  T = new_sum / new_sample_count

2026-08-28 00:01:07,655:WARNING:/home/ilyandho/micromamba/envs/pycaret/lib/python3.10/site-packages/sklearn/utils/extmath.py:1162: RuntimeWarning: invalid value encountered in divide
  new_unnormalized_variance -= correction**2 / new_sample_count

2026-08-28 00:03:37,069:WARNING:/home/ilyandho/micromamba/envs/pycaret/lib/python3.10/site-packages/sklearn/utils/extmath.py:1137: RuntimeWarning: invalid value encountered in divide
  updated_mean = (last_sum + new_sum) / updated_sample_count

2026-08-28 00:03:37,069:WARNING:/home/ilyandho/micromamba/envs/pycaret/lib/python3.10/site-packages/sklearn/utils/extmath.py:1142: RuntimeWarning: invalid value encountered in divide
  T = new_sum / new_sample_count

2026-08-28 00:03:37,070:WARNING:/home/ilyandho/micromamba/envs/pycaret/lib/python3.10/site-packages/sklearn/utils/extmath.py:1162: RuntimeWarning: invalid value encountered in divide
  new_unnormalized_variance -= correction**2 / new_sample_count

2026-08-28 00:03:37,459:WARNING:/home/ilyandho/micromamba/envs/pycaret/lib/python3.10/site-packages/sklearn/utils/extmath.py:1137: RuntimeWarning: invalid value encountered in divide
  updated_mean = (last_sum + new_sum) / updated_sample_count

2026-08-28 00:03:37,460:WARNING:/home/ilyandho/micromamba/envs/pycaret/lib/python3.10/site-packages/sklearn/utils/extmath.py:1142: RuntimeWarning: invalid value encountered in divide
  T = new_sum / new_sample_count

2026-08-28 00:03:37,460:WARNING:/home/ilyandho/micromamba/envs/pycaret/lib/python3.10/site-packages/sklearn/utils/extmath.py:1162: RuntimeWarning: invalid value encountered in divide
  new_unnormalized_variance -= correction**2 / new_sample_count

2026-08-28 00:03:37,895:WARNING:/home/ilyandho/micromamba/envs/pycaret/lib/python3.10/site-packages/sklearn/utils/extmath.py:1137: RuntimeWarning: invalid value encountered in divide
  updated_mean = (last_sum + new_sum) / updated_sample_count

2026-08-28 00:03:37,895:WARNING:/home/ilyandho/micromamba/envs/pycaret/lib/python3.10/site-packages/sklearn/utils/extmath.py:1142: RuntimeWarning: invalid value encountered in divide
  T = new_sum / new_sample_count

2026-08-28 00:03:37,895:WARNING:/home/ilyandho/micromamba/envs/pycaret/lib/python3.10/site-packages/sklearn/utils/extmath.py:1162: RuntimeWarning: invalid value encountered in divide
  new_unnormalized_variance -= correction**2 / new_sample_count

2026-08-28 00:03:38,456:WARNING:/home/ilyandho/micromamba/envs/pycaret/lib/python3.10/site-packages/sklearn/utils/extmath.py:1137: RuntimeWarning: invalid value encountered in divide
  updated_mean = (last_sum + new_sum) / updated_sample_count

2026-08-28 00:03:38,456:WARNING:/home/ilyandho/micromamba/envs/pycaret/lib/python3.10/site-packages/sklearn/utils/extmath.py:1142: RuntimeWarning: invalid value encountered in divide
  T = new_sum / new_sample_count

2026-08-28 00:03:38,457:WARNING:/home/ilyandho/micromamba/envs/pycaret/lib/python3.10/site-packages/sklearn/utils/extmath.py:1162: RuntimeWarning: invalid value encountered in divide
  new_unnormalized_variance -= correction**2 / new_sample_count

2026-08-28 00:06:15,279:WARNING:/home/ilyandho/micromamba/envs/pycaret/lib/python3.10/site-packages/sklearn/utils/extmath.py:1137: RuntimeWarning: invalid value encountered in divide
  updated_mean = (last_sum + new_sum) / updated_sample_count

2026-08-28 00:06:15,279:WARNING:/home/ilyandho/micromamba/envs/pycaret/lib/python3.10/site-packages/sklearn/utils/extmath.py:1142: RuntimeWarning: invalid value encountered in divide
  T = new_sum / new_sample_count

2026-08-28 00:06:15,279:WARNING:/home/ilyandho/micromamba/envs/pycaret/lib/python3.10/site-packages/sklearn/utils/extmath.py:1162: RuntimeWarning: invalid value encountered in divide
  new_unnormalized_variance -= correction**2 / new_sample_count

2026-08-28 00:06:15,684:WARNING:/home/ilyandho/micromamba/envs/pycaret/lib/python3.10/site-packages/sklearn/utils/extmath.py:1137: RuntimeWarning: invalid value encountered in divide
  updated_mean = (last_sum + new_sum) / updated_sample_count

2026-08-28 00:06:15,685:WARNING:/home/ilyandho/micromamba/envs/pycaret/lib/python3.10/site-packages/sklearn/utils/extmath.py:1142: RuntimeWarning: invalid value encountered in divide
  T = new_sum / new_sample_count

2026-08-28 00:06:15,685:WARNING:/home/ilyandho/micromamba/envs/pycaret/lib/python3.10/site-packages/sklearn/utils/extmath.py:1162: RuntimeWarning: invalid value encountered in divide
  new_unnormalized_variance -= correction**2 / new_sample_count

2026-08-28 00:06:16,169:WARNING:/home/ilyandho/micromamba/envs/pycaret/lib/python3.10/site-packages/sklearn/utils/extmath.py:1137: RuntimeWarning: invalid value encountered in divide
  updated_mean = (last_sum + new_sum) / updated_sample_count

2026-08-28 00:06:16,169:WARNING:/home/ilyandho/micromamba/envs/pycaret/lib/python3.10/site-packages/sklearn/utils/extmath.py:1142: RuntimeWarning: invalid value encountered in divide
  T = new_sum / new_sample_count

2026-08-28 00:06:16,169:WARNING:/home/ilyandho/micromamba/envs/pycaret/lib/python3.10/site-packages/sklearn/utils/extmath.py:1162: RuntimeWarning: invalid value encountered in divide
  new_unnormalized_variance -= correction**2 / new_sample_count

2026-08-28 00:06:16,704:WARNING:/home/ilyandho/micromamba/envs/pycaret/lib/python3.10/site-packages/sklearn/utils/extmath.py:1137: RuntimeWarning: invalid value encountered in divide
  updated_mean = (last_sum + new_sum) / updated_sample_count

2026-08-28 00:06:16,704:WARNING:/home/ilyandho/micromamba/envs/pycaret/lib/python3.10/site-packages/sklearn/utils/extmath.py:1142: RuntimeWarning: invalid value encountered in divide
  T = new_sum / new_sample_count

2026-08-28 00:06:16,704:WARNING:/home/ilyandho/micromamba/envs/pycaret/lib/python3.10/site-packages/sklearn/utils/extmath.py:1162: RuntimeWarning: invalid value encountered in divide
  new_unnormalized_variance -= correction**2 / new_sample_count

2026-08-28 00:09:03,755:WARNING:/home/ilyandho/micromamba/envs/pycaret/lib/python3.10/site-packages/sklearn/utils/extmath.py:1137: RuntimeWarning: invalid value encountered in divide
  updated_mean = (last_sum + new_sum) / updated_sample_count

2026-08-28 00:09:03,755:WARNING:/home/ilyandho/micromamba/envs/pycaret/lib/python3.10/site-packages/sklearn/utils/extmath.py:1142: RuntimeWarning: invalid value encountered in divide
  T = new_sum / new_sample_count

2026-08-28 00:09:03,755:WARNING:/home/ilyandho/micromamba/envs/pycaret/lib/python3.10/site-packages/sklearn/utils/extmath.py:1162: RuntimeWarning: invalid value encountered in divide
  new_unnormalized_variance -= correction**2 / new_sample_count

2026-08-28 00:09:04,166:WARNING:/home/ilyandho/micromamba/envs/pycaret/lib/python3.10/site-packages/sklearn/utils/extmath.py:1137: RuntimeWarning: invalid value encountered in divide
  updated_mean = (last_sum + new_sum) / updated_sample_count

2026-08-28 00:09:04,166:WARNING:/home/ilyandho/micromamba/envs/pycaret/lib/python3.10/site-packages/sklearn/utils/extmath.py:1142: RuntimeWarning: invalid value encountered in divide
  T = new_sum / new_sample_count

2026-08-28 00:09:04,167:WARNING:/home/ilyandho/micromamba/envs/pycaret/lib/python3.10/site-packages/sklearn/utils/extmath.py:1162: RuntimeWarning: invalid value encountered in divide
  new_unnormalized_variance -= correction**2 / new_sample_count

2026-08-28 00:09:04,644:WARNING:/home/ilyandho/micromamba/envs/pycaret/lib/python3.10/site-packages/sklearn/utils/extmath.py:1137: RuntimeWarning: invalid value encountered in divide
  updated_mean = (last_sum + new_sum) / updated_sample_count

2026-08-28 00:09:04,644:WARNING:/home/ilyandho/micromamba/envs/pycaret/lib/python3.10/site-packages/sklearn/utils/extmath.py:1142: RuntimeWarning: invalid value encountered in divide
  T = new_sum / new_sample_count

2026-08-28 00:09:04,644:WARNING:/home/ilyandho/micromamba/envs/pycaret/lib/python3.10/site-packages/sklearn/utils/extmath.py:1162: RuntimeWarning: invalid value encountered in divide
  new_unnormalized_variance -= correction**2 / new_sample_count

2026-08-28 00:09:05,186:WARNING:/home/ilyandho/micromamba/envs/pycaret/lib/python3.10/site-packages/sklearn/utils/extmath.py:1137: RuntimeWarning: invalid value encountered in divide
  updated_mean = (last_sum + new_sum) / updated_sample_count

2026-08-28 00:09:05,186:WARNING:/home/ilyandho/micromamba/envs/pycaret/lib/python3.10/site-packages/sklearn/utils/extmath.py:1142: RuntimeWarning: invalid value encountered in divide
  T = new_sum / new_sample_count

2026-08-28 00:09:05,186:WARNING:/home/ilyandho/micromamba/envs/pycaret/lib/python3.10/site-packages/sklearn/utils/extmath.py:1162: RuntimeWarning: invalid value encountered in divide
  new_unnormalized_variance -= correction**2 / new_sample_count

2026-08-28 00:12:04,215:WARNING:/home/ilyandho/micromamba/envs/pycaret/lib/python3.10/site-packages/sklearn/utils/extmath.py:1137: RuntimeWarning: invalid value encountered in divide
  updated_mean = (last_sum + new_sum) / updated_sample_count

2026-08-28 00:12:04,215:WARNING:/home/ilyandho/micromamba/envs/pycaret/lib/python3.10/site-packages/sklearn/utils/extmath.py:1142: RuntimeWarning: invalid value encountered in divide
  T = new_sum / new_sample_count

2026-08-28 00:12:04,215:WARNING:/home/ilyandho/micromamba/envs/pycaret/lib/python3.10/site-packages/sklearn/utils/extmath.py:1162: RuntimeWarning: invalid value encountered in divide
  new_unnormalized_variance -= correction**2 / new_sample_count

2026-08-28 00:12:04,707:WARNING:/home/ilyandho/micromamba/envs/pycaret/lib/python3.10/site-packages/sklearn/utils/extmath.py:1137: RuntimeWarning: invalid value encountered in divide
  updated_mean = (last_sum + new_sum) / updated_sample_count

2026-08-28 00:12:04,707:WARNING:/home/ilyandho/micromamba/envs/pycaret/lib/python3.10/site-packages/sklearn/utils/extmath.py:1142: RuntimeWarning: invalid value encountered in divide
  T = new_sum / new_sample_count

2026-08-28 00:12:04,707:WARNING:/home/ilyandho/micromamba/envs/pycaret/lib/python3.10/site-packages/sklearn/utils/extmath.py:1162: RuntimeWarning: invalid value encountered in divide
  new_unnormalized_variance -= correction**2 / new_sample_count

2026-08-28 00:12:05,149:WARNING:/home/ilyandho/micromamba/envs/pycaret/lib/python3.10/site-packages/sklearn/utils/extmath.py:1137: RuntimeWarning: invalid value encountered in divide
  updated_mean = (last_sum + new_sum) / updated_sample_count

2026-08-28 00:12:05,149:WARNING:/home/ilyandho/micromamba/envs/pycaret/lib/python3.10/site-packages/sklearn/utils/extmath.py:1142: RuntimeWarning: invalid value encountered in divide
  T = new_sum / new_sample_count

2026-08-28 00:12:05,150:WARNING:/home/ilyandho/micromamba/envs/pycaret/lib/python3.10/site-packages/sklearn/utils/extmath.py:1162: RuntimeWarning: invalid value encountered in divide
  new_unnormalized_variance -= correction**2 / new_sample_count

2026-08-28 00:12:05,712:WARNING:/home/ilyandho/micromamba/envs/pycaret/lib/python3.10/site-packages/sklearn/utils/extmath.py:1137: RuntimeWarning: invalid value encountered in divide
  updated_mean = (last_sum + new_sum) / updated_sample_count

2026-08-28 00:12:05,712:WARNING:/home/ilyandho/micromamba/envs/pycaret/lib/python3.10/site-packages/sklearn/utils/extmath.py:1142: RuntimeWarning: invalid value encountered in divide
  T = new_sum / new_sample_count

2026-08-28 00:12:05,712:WARNING:/home/ilyandho/micromamba/envs/pycaret/lib/python3.10/site-packages/sklearn/utils/extmath.py:1162: RuntimeWarning: invalid value encountered in divide
  new_unnormalized_variance -= correction**2 / new_sample_count

2026-08-28 00:15:15,217:WARNING:/home/ilyandho/micromamba/envs/pycaret/lib/python3.10/site-packages/sklearn/utils/extmath.py:1137: RuntimeWarning: invalid value encountered in divide
  updated_mean = (last_sum + new_sum) / updated_sample_count

2026-08-28 00:15:15,217:WARNING:/home/ilyandho/micromamba/envs/pycaret/lib/python3.10/site-packages/sklearn/utils/extmath.py:1142: RuntimeWarning: invalid value encountered in divide
  T = new_sum / new_sample_count

2026-08-28 00:15:15,218:WARNING:/home/ilyandho/micromamba/envs/pycaret/lib/python3.10/site-packages/sklearn/utils/extmath.py:1162: RuntimeWarning: invalid value encountered in divide
  new_unnormalized_variance -= correction**2 / new_sample_count

2026-08-28 00:15:15,615:WARNING:/home/ilyandho/micromamba/envs/pycaret/lib/python3.10/site-packages/sklearn/utils/extmath.py:1137: RuntimeWarning: invalid value encountered in divide
  updated_mean = (last_sum + new_sum) / updated_sample_count

2026-08-28 00:15:15,615:WARNING:/home/ilyandho/micromamba/envs/pycaret/lib/python3.10/site-packages/sklearn/utils/extmath.py:1142: RuntimeWarning: invalid value encountered in divide
  T = new_sum / new_sample_count

2026-08-28 00:15:15,615:WARNING:/home/ilyandho/micromamba/envs/pycaret/lib/python3.10/site-packages/sklearn/utils/extmath.py:1162: RuntimeWarning: invalid value encountered in divide
  new_unnormalized_variance -= correction**2 / new_sample_count

2026-08-28 00:15:16,142:WARNING:/home/ilyandho/micromamba/envs/pycaret/lib/python3.10/site-packages/sklearn/utils/extmath.py:1137: RuntimeWarning: invalid value encountered in divide
  updated_mean = (last_sum + new_sum) / updated_sample_count

2026-08-28 00:15:16,142:WARNING:/home/ilyandho/micromamba/envs/pycaret/lib/python3.10/site-packages/sklearn/utils/extmath.py:1142: RuntimeWarning: invalid value encountered in divide
  T = new_sum / new_sample_count

2026-08-28 00:15:16,142:WARNING:/home/ilyandho/micromamba/envs/pycaret/lib/python3.10/site-packages/sklearn/utils/extmath.py:1162: RuntimeWarning: invalid value encountered in divide
  new_unnormalized_variance -= correction**2 / new_sample_count

2026-08-28 00:15:16,665:WARNING:/home/ilyandho/micromamba/envs/pycaret/lib/python3.10/site-packages/sklearn/utils/extmath.py:1137: RuntimeWarning: invalid value encountered in divide
  updated_mean = (last_sum + new_sum) / updated_sample_count

2026-08-28 00:15:16,665:WARNING:/home/ilyandho/micromamba/envs/pycaret/lib/python3.10/site-packages/sklearn/utils/extmath.py:1142: RuntimeWarning: invalid value encountered in divide
  T = new_sum / new_sample_count

2026-08-28 00:15:16,665:WARNING:/home/ilyandho/micromamba/envs/pycaret/lib/python3.10/site-packages/sklearn/utils/extmath.py:1162: RuntimeWarning: invalid value encountered in divide
  new_unnormalized_variance -= correction**2 / new_sample_count

2026-08-28 00:18:38,069:WARNING:/home/ilyandho/micromamba/envs/pycaret/lib/python3.10/site-packages/sklearn/utils/extmath.py:1137: RuntimeWarning: invalid value encountered in divide
  updated_mean = (last_sum + new_sum) / updated_sample_count

2026-08-28 00:18:38,070:WARNING:/home/ilyandho/micromamba/envs/pycaret/lib/python3.10/site-packages/sklearn/utils/extmath.py:1142: RuntimeWarning: invalid value encountered in divide
  T = new_sum / new_sample_count

2026-08-28 00:18:38,070:WARNING:/home/ilyandho/micromamba/envs/pycaret/lib/python3.10/site-packages/sklearn/utils/extmath.py:1162: RuntimeWarning: invalid value encountered in divide
  new_unnormalized_variance -= correction**2 / new_sample_count

2026-08-28 00:18:38,507:WARNING:/home/ilyandho/micromamba/envs/pycaret/lib/python3.10/site-packages/sklearn/utils/extmath.py:1137: RuntimeWarning: invalid value encountered in divide
  updated_mean = (last_sum + new_sum) / updated_sample_count

2026-08-28 00:18:38,508:WARNING:/home/ilyandho/micromamba/envs/pycaret/lib/python3.10/site-packages/sklearn/utils/extmath.py:1142: RuntimeWarning: invalid value encountered in divide
  T = new_sum / new_sample_count

2026-08-28 00:18:38,508:WARNING:/home/ilyandho/micromamba/envs/pycaret/lib/python3.10/site-packages/sklearn/utils/extmath.py:1162: RuntimeWarning: invalid value encountered in divide
  new_unnormalized_variance -= correction**2 / new_sample_count

2026-08-28 00:18:38,995:WARNING:/home/ilyandho/micromamba/envs/pycaret/lib/python3.10/site-packages/sklearn/utils/extmath.py:1137: RuntimeWarning: invalid value encountered in divide
  updated_mean = (last_sum + new_sum) / updated_sample_count

2026-08-28 00:18:38,995:WARNING:/home/ilyandho/micromamba/envs/pycaret/lib/python3.10/site-packages/sklearn/utils/extmath.py:1142: RuntimeWarning: invalid value encountered in divide
  T = new_sum / new_sample_count

2026-08-28 00:18:38,995:WARNING:/home/ilyandho/micromamba/envs/pycaret/lib/python3.10/site-packages/sklearn/utils/extmath.py:1162: RuntimeWarning: invalid value encountered in divide
  new_unnormalized_variance -= correction**2 / new_sample_count

2026-08-28 00:18:39,537:WARNING:/home/ilyandho/micromamba/envs/pycaret/lib/python3.10/site-packages/sklearn/utils/extmath.py:1137: RuntimeWarning: invalid value encountered in divide
  updated_mean = (last_sum + new_sum) / updated_sample_count

2026-08-28 00:18:39,537:WARNING:/home/ilyandho/micromamba/envs/pycaret/lib/python3.10/site-packages/sklearn/utils/extmath.py:1142: RuntimeWarning: invalid value encountered in divide
  T = new_sum / new_sample_count

2026-08-28 00:18:39,538:WARNING:/home/ilyandho/micromamba/envs/pycaret/lib/python3.10/site-packages/sklearn/utils/extmath.py:1162: RuntimeWarning: invalid value encountered in divide
  new_unnormalized_variance -= correction**2 / new_sample_count

2026-08-28 04:35:25,849:WARNING:/home/ilyandho/micromamba/envs/pycaret/lib/python3.10/site-packages/sklearn/utils/extmath.py:1137: RuntimeWarning: invalid value encountered in divide
  updated_mean = (last_sum + new_sum) / updated_sample_count

2026-08-28 04:35:25,849:WARNING:/home/ilyandho/micromamba/envs/pycaret/lib/python3.10/site-packages/sklearn/utils/extmath.py:1142: RuntimeWarning: invalid value encountered in divide
  T = new_sum / new_sample_count

2026-08-28 04:35:25,849:WARNING:/home/ilyandho/micromamba/envs/pycaret/lib/python3.10/site-packages/sklearn/utils/extmath.py:1162: RuntimeWarning: invalid value encountered in divide
  new_unnormalized_variance -= correction**2 / new_sample_count

2026-08-28 04:35:27,263:WARNING:/home/ilyandho/micromamba/envs/pycaret/lib/python3.10/site-packages/sklearn/utils/extmath.py:1137: RuntimeWarning: invalid value encountered in divide
  updated_mean = (last_sum + new_sum) / updated_sample_count

2026-08-28 04:35:27,263:WARNING:/home/ilyandho/micromamba/envs/pycaret/lib/python3.10/site-packages/sklearn/utils/extmath.py:1142: RuntimeWarning: invalid value encountered in divide
  T = new_sum / new_sample_count

2026-08-28 04:35:27,263:WARNING:/home/ilyandho/micromamba/envs/pycaret/lib/python3.10/site-packages/sklearn/utils/extmath.py:1162: RuntimeWarning: invalid value encountered in divide
  new_unnormalized_variance -= correction**2 / new_sample_count

2026-08-28 04:35:27,879:WARNING:/home/ilyandho/micromamba/envs/pycaret/lib/python3.10/site-packages/sklearn/utils/extmath.py:1137: RuntimeWarning: invalid value encountered in divide
  updated_mean = (last_sum + new_sum) / updated_sample_count

2026-08-28 04:35:27,879:WARNING:/home/ilyandho/micromamba/envs/pycaret/lib/python3.10/site-packages/sklearn/utils/extmath.py:1142: RuntimeWarning: invalid value encountered in divide
  T = new_sum / new_sample_count

2026-08-28 04:35:27,879:WARNING:/home/ilyandho/micromamba/envs/pycaret/lib/python3.10/site-packages/sklearn/utils/extmath.py:1162: RuntimeWarning: invalid value encountered in divide
  new_unnormalized_variance -= correction**2 / new_sample_count

2026-08-28 04:35:29,543:WARNING:/home/ilyandho/micromamba/envs/pycaret/lib/python3.10/site-packages/sklearn/utils/extmath.py:1137: RuntimeWarning: invalid value encountered in divide
  updated_mean = (last_sum + new_sum) / updated_sample_count

2026-08-28 04:35:29,543:WARNING:/home/ilyandho/micromamba/envs/pycaret/lib/python3.10/site-packages/sklearn/utils/extmath.py:1142: RuntimeWarning: invalid value encountered in divide
  T = new_sum / new_sample_count

2026-08-28 04:35:29,544:WARNING:/home/ilyandho/micromamba/envs/pycaret/lib/python3.10/site-packages/sklearn/utils/extmath.py:1162: RuntimeWarning: invalid value encountered in divide
  new_unnormalized_variance -= correction**2 / new_sample_count

2026-08-28 04:39:17,099:WARNING:/home/ilyandho/micromamba/envs/pycaret/lib/python3.10/site-packages/sklearn/utils/extmath.py:1137: RuntimeWarning: invalid value encountered in divide
  updated_mean = (last_sum + new_sum) / updated_sample_count

2026-08-28 04:39:17,100:WARNING:/home/ilyandho/micromamba/envs/pycaret/lib/python3.10/site-packages/sklearn/utils/extmath.py:1142: RuntimeWarning: invalid value encountered in divide
  T = new_sum / new_sample_count

2026-08-28 04:39:17,100:WARNING:/home/ilyandho/micromamba/envs/pycaret/lib/python3.10/site-packages/sklearn/utils/extmath.py:1162: RuntimeWarning: invalid value encountered in divide
  new_unnormalized_variance -= correction**2 / new_sample_count

2026-08-28 04:39:17,526:WARNING:/home/ilyandho/micromamba/envs/pycaret/lib/python3.10/site-packages/sklearn/utils/extmath.py:1137: RuntimeWarning: invalid value encountered in divide
  updated_mean = (last_sum + new_sum) / updated_sample_count

2026-08-28 04:39:17,526:WARNING:/home/ilyandho/micromamba/envs/pycaret/lib/python3.10/site-packages/sklearn/utils/extmath.py:1142: RuntimeWarning: invalid value encountered in divide
  T = new_sum / new_sample_count

2026-08-28 04:39:17,527:WARNING:/home/ilyandho/micromamba/envs/pycaret/lib/python3.10/site-packages/sklearn/utils/extmath.py:1162: RuntimeWarning: invalid value encountered in divide
  new_unnormalized_variance -= correction**2 / new_sample_count

2026-08-28 04:39:18,033:WARNING:/home/ilyandho/micromamba/envs/pycaret/lib/python3.10/site-packages/sklearn/utils/extmath.py:1137: RuntimeWarning: invalid value encountered in divide
  updated_mean = (last_sum + new_sum) / updated_sample_count

2026-08-28 04:39:18,033:WARNING:/home/ilyandho/micromamba/envs/pycaret/lib/python3.10/site-packages/sklearn/utils/extmath.py:1142: RuntimeWarning: invalid value encountered in divide
  T = new_sum / new_sample_count

2026-08-28 04:39:18,033:WARNING:/home/ilyandho/micromamba/envs/pycaret/lib/python3.10/site-packages/sklearn/utils/extmath.py:1162: RuntimeWarning: invalid value encountered in divide
  new_unnormalized_variance -= correction**2 / new_sample_count

2026-08-28 04:39:18,555:WARNING:/home/ilyandho/micromamba/envs/pycaret/lib/python3.10/site-packages/sklearn/utils/extmath.py:1137: RuntimeWarning: invalid value encountered in divide
  updated_mean = (last_sum + new_sum) / updated_sample_count

2026-08-28 04:39:18,555:WARNING:/home/ilyandho/micromamba/envs/pycaret/lib/python3.10/site-packages/sklearn/utils/extmath.py:1142: RuntimeWarning: invalid value encountered in divide
  T = new_sum / new_sample_count

2026-08-28 04:39:18,555:WARNING:/home/ilyandho/micromamba/envs/pycaret/lib/python3.10/site-packages/sklearn/utils/extmath.py:1162: RuntimeWarning: invalid value encountered in divide
  new_unnormalized_variance -= correction**2 / new_sample_count

2026-08-28 04:43:25,913:WARNING:/home/ilyandho/micromamba/envs/pycaret/lib/python3.10/site-packages/sklearn/utils/extmath.py:1137: RuntimeWarning: invalid value encountered in divide
  updated_mean = (last_sum + new_sum) / updated_sample_count

2026-08-28 04:43:25,913:WARNING:/home/ilyandho/micromamba/envs/pycaret/lib/python3.10/site-packages/sklearn/utils/extmath.py:1142: RuntimeWarning: invalid value encountered in divide
  T = new_sum / new_sample_count

2026-08-28 04:43:25,913:WARNING:/home/ilyandho/micromamba/envs/pycaret/lib/python3.10/site-packages/sklearn/utils/extmath.py:1162: RuntimeWarning: invalid value encountered in divide
  new_unnormalized_variance -= correction**2 / new_sample_count

2026-08-28 04:43:26,380:WARNING:/home/ilyandho/micromamba/envs/pycaret/lib/python3.10/site-packages/sklearn/utils/extmath.py:1137: RuntimeWarning: invalid value encountered in divide
  updated_mean = (last_sum + new_sum) / updated_sample_count

2026-08-28 04:43:26,380:WARNING:/home/ilyandho/micromamba/envs/pycaret/lib/python3.10/site-packages/sklearn/utils/extmath.py:1142: RuntimeWarning: invalid value encountered in divide
  T = new_sum / new_sample_count

2026-08-28 04:43:26,380:WARNING:/home/ilyandho/micromamba/envs/pycaret/lib/python3.10/site-packages/sklearn/utils/extmath.py:1162: RuntimeWarning: invalid value encountered in divide
  new_unnormalized_variance -= correction**2 / new_sample_count

2026-08-28 04:43:26,956:WARNING:/home/ilyandho/micromamba/envs/pycaret/lib/python3.10/site-packages/sklearn/utils/extmath.py:1137: RuntimeWarning: invalid value encountered in divide
  updated_mean = (last_sum + new_sum) / updated_sample_count

2026-08-28 04:43:26,956:WARNING:/home/ilyandho/micromamba/envs/pycaret/lib/python3.10/site-packages/sklearn/utils/extmath.py:1142: RuntimeWarning: invalid value encountered in divide
  T = new_sum / new_sample_count

2026-08-28 04:43:26,956:WARNING:/home/ilyandho/micromamba/envs/pycaret/lib/python3.10/site-packages/sklearn/utils/extmath.py:1162: RuntimeWarning: invalid value encountered in divide
  new_unnormalized_variance -= correction**2 / new_sample_count

2026-08-28 04:43:27,485:WARNING:/home/ilyandho/micromamba/envs/pycaret/lib/python3.10/site-packages/sklearn/utils/extmath.py:1137: RuntimeWarning: invalid value encountered in divide
  updated_mean = (last_sum + new_sum) / updated_sample_count

2026-08-28 04:43:27,485:WARNING:/home/ilyandho/micromamba/envs/pycaret/lib/python3.10/site-packages/sklearn/utils/extmath.py:1142: RuntimeWarning: invalid value encountered in divide
  T = new_sum / new_sample_count

2026-08-28 04:43:27,485:WARNING:/home/ilyandho/micromamba/envs/pycaret/lib/python3.10/site-packages/sklearn/utils/extmath.py:1162: RuntimeWarning: invalid value encountered in divide
  new_unnormalized_variance -= correction**2 / new_sample_count

2026-08-28 04:47:53,114:WARNING:/home/ilyandho/micromamba/envs/pycaret/lib/python3.10/site-packages/sklearn/utils/extmath.py:1137: RuntimeWarning: invalid value encountered in divide
  updated_mean = (last_sum + new_sum) / updated_sample_count

2026-08-28 04:47:53,114:WARNING:/home/ilyandho/micromamba/envs/pycaret/lib/python3.10/site-packages/sklearn/utils/extmath.py:1142: RuntimeWarning: invalid value encountered in divide
  T = new_sum / new_sample_count

2026-08-28 04:47:53,114:WARNING:/home/ilyandho/micromamba/envs/pycaret/lib/python3.10/site-packages/sklearn/utils/extmath.py:1162: RuntimeWarning: invalid value encountered in divide
  new_unnormalized_variance -= correction**2 / new_sample_count

2026-08-28 04:47:53,539:WARNING:/home/ilyandho/micromamba/envs/pycaret/lib/python3.10/site-packages/sklearn/utils/extmath.py:1137: RuntimeWarning: invalid value encountered in divide
  updated_mean = (last_sum + new_sum) / updated_sample_count

2026-08-28 04:47:53,539:WARNING:/home/ilyandho/micromamba/envs/pycaret/lib/python3.10/site-packages/sklearn/utils/extmath.py:1142: RuntimeWarning: invalid value encountered in divide
  T = new_sum / new_sample_count

2026-08-28 04:47:53,539:WARNING:/home/ilyandho/micromamba/envs/pycaret/lib/python3.10/site-packages/sklearn/utils/extmath.py:1162: RuntimeWarning: invalid value encountered in divide
  new_unnormalized_variance -= correction**2 / new_sample_count

2026-08-28 04:47:53,993:WARNING:/home/ilyandho/micromamba/envs/pycaret/lib/python3.10/site-packages/sklearn/utils/extmath.py:1137: RuntimeWarning: invalid value encountered in divide
  updated_mean = (last_sum + new_sum) / updated_sample_count

2026-08-28 04:47:53,993:WARNING:/home/ilyandho/micromamba/envs/pycaret/lib/python3.10/site-packages/sklearn/utils/extmath.py:1142: RuntimeWarning: invalid value encountered in divide
  T = new_sum / new_sample_count

2026-08-28 04:47:53,993:WARNING:/home/ilyandho/micromamba/envs/pycaret/lib/python3.10/site-packages/sklearn/utils/extmath.py:1162: RuntimeWarning: invalid value encountered in divide
  new_unnormalized_variance -= correction**2 / new_sample_count

2026-08-28 04:47:54,527:WARNING:/home/ilyandho/micromamba/envs/pycaret/lib/python3.10/site-packages/sklearn/utils/extmath.py:1137: RuntimeWarning: invalid value encountered in divide
  updated_mean = (last_sum + new_sum) / updated_sample_count

2026-08-28 04:47:54,528:WARNING:/home/ilyandho/micromamba/envs/pycaret/lib/python3.10/site-packages/sklearn/utils/extmath.py:1142: RuntimeWarning: invalid value encountered in divide
  T = new_sum / new_sample_count

2026-08-28 04:47:54,528:WARNING:/home/ilyandho/micromamba/envs/pycaret/lib/python3.10/site-packages/sklearn/utils/extmath.py:1162: RuntimeWarning: invalid value encountered in divide
  new_unnormalized_variance -= correction**2 / new_sample_count

2026-08-28 04:52:28,444:WARNING:/home/ilyandho/micromamba/envs/pycaret/lib/python3.10/site-packages/sklearn/utils/extmath.py:1137: RuntimeWarning: invalid value encountered in divide
  updated_mean = (last_sum + new_sum) / updated_sample_count

2026-08-28 04:52:28,444:WARNING:/home/ilyandho/micromamba/envs/pycaret/lib/python3.10/site-packages/sklearn/utils/extmath.py:1142: RuntimeWarning: invalid value encountered in divide
  T = new_sum / new_sample_count

2026-08-28 04:52:28,444:WARNING:/home/ilyandho/micromamba/envs/pycaret/lib/python3.10/site-packages/sklearn/utils/extmath.py:1162: RuntimeWarning: invalid value encountered in divide
  new_unnormalized_variance -= correction**2 / new_sample_count

2026-08-28 04:52:28,833:WARNING:/home/ilyandho/micromamba/envs/pycaret/lib/python3.10/site-packages/sklearn/utils/extmath.py:1137: RuntimeWarning: invalid value encountered in divide
  updated_mean = (last_sum + new_sum) / updated_sample_count

2026-08-28 04:52:28,833:WARNING:/home/ilyandho/micromamba/envs/pycaret/lib/python3.10/site-packages/sklearn/utils/extmath.py:1142: RuntimeWarning: invalid value encountered in divide
  T = new_sum / new_sample_count

2026-08-28 04:52:28,834:WARNING:/home/ilyandho/micromamba/envs/pycaret/lib/python3.10/site-packages/sklearn/utils/extmath.py:1162: RuntimeWarning: invalid value encountered in divide
  new_unnormalized_variance -= correction**2 / new_sample_count

2026-08-28 04:52:29,271:WARNING:/home/ilyandho/micromamba/envs/pycaret/lib/python3.10/site-packages/sklearn/utils/extmath.py:1137: RuntimeWarning: invalid value encountered in divide
  updated_mean = (last_sum + new_sum) / updated_sample_count

2026-08-28 04:52:29,271:WARNING:/home/ilyandho/micromamba/envs/pycaret/lib/python3.10/site-packages/sklearn/utils/extmath.py:1142: RuntimeWarning: invalid value encountered in divide
  T = new_sum / new_sample_count

2026-08-28 04:52:29,271:WARNING:/home/ilyandho/micromamba/envs/pycaret/lib/python3.10/site-packages/sklearn/utils/extmath.py:1162: RuntimeWarning: invalid value encountered in divide
  new_unnormalized_variance -= correction**2 / new_sample_count

2026-08-28 04:52:29,832:WARNING:/home/ilyandho/micromamba/envs/pycaret/lib/python3.10/site-packages/sklearn/utils/extmath.py:1137: RuntimeWarning: invalid value encountered in divide
  updated_mean = (last_sum + new_sum) / updated_sample_count

2026-08-28 04:52:29,832:WARNING:/home/ilyandho/micromamba/envs/pycaret/lib/python3.10/site-packages/sklearn/utils/extmath.py:1142: RuntimeWarning: invalid value encountered in divide
  T = new_sum / new_sample_count

2026-08-28 04:52:29,832:WARNING:/home/ilyandho/micromamba/envs/pycaret/lib/python3.10/site-packages/sklearn/utils/extmath.py:1162: RuntimeWarning: invalid value encountered in divide
  new_unnormalized_variance -= correction**2 / new_sample_count

2026-08-28 04:57:12,444:WARNING:/home/ilyandho/micromamba/envs/pycaret/lib/python3.10/site-packages/sklearn/utils/extmath.py:1137: RuntimeWarning: invalid value encountered in divide
  updated_mean = (last_sum + new_sum) / updated_sample_count

2026-08-28 04:57:12,444:WARNING:/home/ilyandho/micromamba/envs/pycaret/lib/python3.10/site-packages/sklearn/utils/extmath.py:1142: RuntimeWarning: invalid value encountered in divide
  T = new_sum / new_sample_count

2026-08-28 04:57:12,445:WARNING:/home/ilyandho/micromamba/envs/pycaret/lib/python3.10/site-packages/sklearn/utils/extmath.py:1162: RuntimeWarning: invalid value encountered in divide
  new_unnormalized_variance -= correction**2 / new_sample_count

2026-08-28 04:57:12,846:WARNING:/home/ilyandho/micromamba/envs/pycaret/lib/python3.10/site-packages/sklearn/utils/extmath.py:1137: RuntimeWarning: invalid value encountered in divide
  updated_mean = (last_sum + new_sum) / updated_sample_count

2026-08-28 04:57:12,846:WARNING:/home/ilyandho/micromamba/envs/pycaret/lib/python3.10/site-packages/sklearn/utils/extmath.py:1142: RuntimeWarning: invalid value encountered in divide
  T = new_sum / new_sample_count

2026-08-28 04:57:12,847:WARNING:/home/ilyandho/micromamba/envs/pycaret/lib/python3.10/site-packages/sklearn/utils/extmath.py:1162: RuntimeWarning: invalid value encountered in divide
  new_unnormalized_variance -= correction**2 / new_sample_count

2026-08-28 04:57:13,304:WARNING:/home/ilyandho/micromamba/envs/pycaret/lib/python3.10/site-packages/sklearn/utils/extmath.py:1137: RuntimeWarning: invalid value encountered in divide
  updated_mean = (last_sum + new_sum) / updated_sample_count

2026-08-28 04:57:13,304:WARNING:/home/ilyandho/micromamba/envs/pycaret/lib/python3.10/site-packages/sklearn/utils/extmath.py:1142: RuntimeWarning: invalid value encountered in divide
  T = new_sum / new_sample_count

2026-08-28 04:57:13,305:WARNING:/home/ilyandho/micromamba/envs/pycaret/lib/python3.10/site-packages/sklearn/utils/extmath.py:1162: RuntimeWarning: invalid value encountered in divide
  new_unnormalized_variance -= correction**2 / new_sample_count

2026-08-28 04:57:13,789:WARNING:/home/ilyandho/micromamba/envs/pycaret/lib/python3.10/site-packages/sklearn/utils/extmath.py:1137: RuntimeWarning: invalid value encountered in divide
  updated_mean = (last_sum + new_sum) / updated_sample_count

2026-08-28 04:57:13,790:WARNING:/home/ilyandho/micromamba/envs/pycaret/lib/python3.10/site-packages/sklearn/utils/extmath.py:1142: RuntimeWarning: invalid value encountered in divide
  T = new_sum / new_sample_count

2026-08-28 04:57:13,790:WARNING:/home/ilyandho/micromamba/envs/pycaret/lib/python3.10/site-packages/sklearn/utils/extmath.py:1162: RuntimeWarning: invalid value encountered in divide
  new_unnormalized_variance -= correction**2 / new_sample_count

2026-08-28 05:02:12,169:WARNING:/home/ilyandho/micromamba/envs/pycaret/lib/python3.10/site-packages/sklearn/utils/extmath.py:1137: RuntimeWarning: invalid value encountered in divide
  updated_mean = (last_sum + new_sum) / updated_sample_count

2026-08-28 05:02:12,170:WARNING:/home/ilyandho/micromamba/envs/pycaret/lib/python3.10/site-packages/sklearn/utils/extmath.py:1142: RuntimeWarning: invalid value encountered in divide
  T = new_sum / new_sample_count

2026-08-28 05:02:12,170:WARNING:/home/ilyandho/micromamba/envs/pycaret/lib/python3.10/site-packages/sklearn/utils/extmath.py:1162: RuntimeWarning: invalid value encountered in divide
  new_unnormalized_variance -= correction**2 / new_sample_count

2026-08-28 05:02:12,576:WARNING:/home/ilyandho/micromamba/envs/pycaret/lib/python3.10/site-packages/sklearn/utils/extmath.py:1137: RuntimeWarning: invalid value encountered in divide
  updated_mean = (last_sum + new_sum) / updated_sample_count

2026-08-28 05:02:12,576:WARNING:/home/ilyandho/micromamba/envs/pycaret/lib/python3.10/site-packages/sklearn/utils/extmath.py:1142: RuntimeWarning: invalid value encountered in divide
  T = new_sum / new_sample_count

2026-08-28 05:02:12,576:WARNING:/home/ilyandho/micromamba/envs/pycaret/lib/python3.10/site-packages/sklearn/utils/extmath.py:1162: RuntimeWarning: invalid value encountered in divide
  new_unnormalized_variance -= correction**2 / new_sample_count

2026-08-28 05:02:13,037:WARNING:/home/ilyandho/micromamba/envs/pycaret/lib/python3.10/site-packages/sklearn/utils/extmath.py:1137: RuntimeWarning: invalid value encountered in divide
  updated_mean = (last_sum + new_sum) / updated_sample_count

2026-08-28 05:02:13,037:WARNING:/home/ilyandho/micromamba/envs/pycaret/lib/python3.10/site-packages/sklearn/utils/extmath.py:1142: RuntimeWarning: invalid value encountered in divide
  T = new_sum / new_sample_count

2026-08-28 05:02:13,037:WARNING:/home/ilyandho/micromamba/envs/pycaret/lib/python3.10/site-packages/sklearn/utils/extmath.py:1162: RuntimeWarning: invalid value encountered in divide
  new_unnormalized_variance -= correction**2 / new_sample_count

2026-08-28 05:02:13,568:WARNING:/home/ilyandho/micromamba/envs/pycaret/lib/python3.10/site-packages/sklearn/utils/extmath.py:1137: RuntimeWarning: invalid value encountered in divide
  updated_mean = (last_sum + new_sum) / updated_sample_count

2026-08-28 05:02:13,569:WARNING:/home/ilyandho/micromamba/envs/pycaret/lib/python3.10/site-packages/sklearn/utils/extmath.py:1142: RuntimeWarning: invalid value encountered in divide
  T = new_sum / new_sample_count

2026-08-28 05:02:13,569:WARNING:/home/ilyandho/micromamba/envs/pycaret/lib/python3.10/site-packages/sklearn/utils/extmath.py:1162: RuntimeWarning: invalid value encountered in divide
  new_unnormalized_variance -= correction**2 / new_sample_count

