2026-01-03 14:05:33,130:WARNING:
'cuml' is a soft dependency and not included in the pycaret installation. Please run: `pip install cuml` to install.
2026-01-03 14:05:33,130:WARNING:
'cuml' is a soft dependency and not included in the pycaret installation. Please run: `pip install cuml` to install.
2026-01-03 14:05:33,130:WARNING:
'cuml' is a soft dependency and not included in the pycaret installation. Please run: `pip install cuml` to install.
2026-01-03 14:05:33,130:WARNING:
'cuml' is a soft dependency and not included in the pycaret installation. Please run: `pip install cuml` to install.
2026-01-03 14:06:49,406:WARNING:/tmp/ipykernel_29497/2925878775.py:814: UserWarning: pkg_resources is deprecated as an API. See https://setuptools.pypa.io/en/latest/pkg_resources.html. The pkg_resources package is slated for removal as early as 2025-11-30. Refrain from using this package or pin to Setuptools<81.
  import pkg_resources

2026-01-03 14:22:26,473:INFO:PyCaret RegressionExperiment
2026-01-03 14:22:26,473:INFO:Logging name: reg-default-name
2026-01-03 14:22:26,473:INFO:ML Usecase: MLUsecase.REGRESSION
2026-01-03 14:22:26,473:INFO:version 3.3.2
2026-01-03 14:22:26,473:INFO:Initializing setup()
2026-01-03 14:22:26,473:INFO:self.USI: a8a2
2026-01-03 14:22:26,473:INFO:self._variable_keys: {'exp_id', 'n_jobs_param', 'y_test', 'fold_generator', 'seed', 'y_train', 'transform_target_param', 'X', 'memory', 'X_train', '_ml_usecase', 'data', 'log_plots_param', 'USI', 'X_test', '_available_plots', 'logging_param', 'fold_shuffle_param', 'y', 'pipeline', 'gpu_n_jobs_param', 'target_param', 'exp_name_log', 'gpu_param', 'html_param', 'idx', 'fold_groups_param'}
2026-01-03 14:22:26,473:INFO:Checking environment
2026-01-03 14:22:26,473:INFO:python_version: 3.10.19
2026-01-03 14:22:26,474:INFO:python_build: ('main', 'Oct 22 2025 22:29:10')
2026-01-03 14:22:26,474:INFO:machine: x86_64
2026-01-03 14:22:26,474:INFO:platform: Linux-6.17.9-arch1-1-x86_64-with-glibc2.42
2026-01-03 14:22:26,474:INFO:Memory: svmem(total=16650608640, available=7692025856, percent=53.8, used=8958582784, free=2070147072, active=9012969472, inactive=3958755328, buffers=139345920, cached=7556067328, shared=1727954944, slab=631709696)
2026-01-03 14:22:26,475:INFO:Physical Core: 2
2026-01-03 14:22:26,475:INFO:Logical Core: 4
2026-01-03 14:22:26,475:INFO:Checking libraries
2026-01-03 14:22:26,475:INFO:System:
2026-01-03 14:22:26,475:INFO:    python: 3.10.19 | packaged by conda-forge | (main, Oct 22 2025, 22:29:10) [GCC 14.3.0]
2026-01-03 14:22:26,475:INFO:executable: /home/ilyandho/.local/share/mamba/envs/pycaret/bin/python
2026-01-03 14:22:26,475:INFO:   machine: Linux-6.17.9-arch1-1-x86_64-with-glibc2.42
2026-01-03 14:22:26,475:INFO:PyCaret required dependencies:
2026-01-03 14:22:26,477:WARNING:/home/ilyandho/.local/share/mamba/envs/pycaret/lib/python3.10/site-packages/_distutils_hack/__init__.py:30: UserWarning: Setuptools is replacing distutils. Support for replacing an already imported distutils is deprecated. In the future, this condition will fail. Register concerns at https://github.com/pypa/setuptools/issues/new?template=distutils-deprecation.yml
  warnings.warn(

2026-01-03 14:22:26,487:INFO:                 pip: 25.3
2026-01-03 14:22:26,487:INFO:          setuptools: 80.9.0
2026-01-03 14:22:26,487:INFO:             pycaret: 3.3.2
2026-01-03 14:22:26,487:INFO:             IPython: 8.37.0
2026-01-03 14:22:26,487:INFO:          ipywidgets: 8.1.8
2026-01-03 14:22:26,487:INFO:                tqdm: 4.67.1
2026-01-03 14:22:26,487:INFO:               numpy: 1.26.4
2026-01-03 14:22:26,487:INFO:              pandas: 2.1.4
2026-01-03 14:22:26,488:INFO:              jinja2: 3.1.6
2026-01-03 14:22:26,488:INFO:               scipy: 1.11.4
2026-01-03 14:22:26,488:INFO:              joblib: 1.3.2
2026-01-03 14:22:26,488:INFO:             sklearn: 1.4.2
2026-01-03 14:22:26,488:INFO:                pyod: 2.0.6
2026-01-03 14:22:26,488:INFO:            imblearn: 0.14.1
2026-01-03 14:22:26,488:INFO:   category_encoders: 2.7.0
2026-01-03 14:22:26,488:INFO:            lightgbm: 4.6.0
2026-01-03 14:22:26,488:INFO:               numba: 0.63.1
2026-01-03 14:22:26,488:INFO:            requests: 2.32.5
2026-01-03 14:22:26,488:INFO:          matplotlib: 3.10.8
2026-01-03 14:22:26,488:INFO:          scikitplot: 0.3.7
2026-01-03 14:22:26,489:INFO:         yellowbrick: 1.5
2026-01-03 14:22:26,489:INFO:              plotly: 6.5.0
2026-01-03 14:22:26,489:INFO:    plotly-resampler: Not installed
2026-01-03 14:22:26,489:INFO:             kaleido: 0.2.1
2026-01-03 14:22:26,489:INFO:           schemdraw: 0.15
2026-01-03 14:22:26,489:INFO:         statsmodels: 0.14.6
2026-01-03 14:22:26,489:INFO:              sktime: 0.26.0
2026-01-03 14:22:26,490:INFO:               tbats: 1.1.3
2026-01-03 14:22:26,490:INFO:            pmdarima: 2.0.4
2026-01-03 14:22:26,490:INFO:              psutil: 7.2.1
2026-01-03 14:22:26,490:INFO:          markupsafe: 3.0.3
2026-01-03 14:22:26,490:INFO:             pickle5: Not installed
2026-01-03 14:22:26,490:INFO:         cloudpickle: 3.1.2
2026-01-03 14:22:26,490:INFO:         deprecation: 2.1.0
2026-01-03 14:22:26,490:INFO:              xxhash: 3.6.0
2026-01-03 14:22:26,490:INFO:           wurlitzer: 3.1.1
2026-01-03 14:22:26,490:INFO:PyCaret optional dependencies:
2026-01-03 14:22:26,566:INFO:                shap: Not installed
2026-01-03 14:22:26,566:INFO:           interpret: Not installed
2026-01-03 14:22:26,566:INFO:                umap: 0.5.9.post2
2026-01-03 14:22:26,566:INFO:     ydata_profiling: Not installed
2026-01-03 14:22:26,566:INFO:  explainerdashboard: Not installed
2026-01-03 14:22:26,566:INFO:             autoviz: Not installed
2026-01-03 14:22:26,566:INFO:           fairlearn: Not installed
2026-01-03 14:22:26,566:INFO:          deepchecks: Not installed
2026-01-03 14:22:26,566:INFO:             xgboost: Not installed
2026-01-03 14:22:26,566:INFO:            catboost: Not installed
2026-01-03 14:22:26,566:INFO:              kmodes: Not installed
2026-01-03 14:22:26,566:INFO:             mlxtend: Not installed
2026-01-03 14:22:26,566:INFO:       statsforecast: Not installed
2026-01-03 14:22:26,566:INFO:        tune_sklearn: Not installed
2026-01-03 14:22:26,567:INFO:                 ray: Not installed
2026-01-03 14:22:26,567:INFO:            hyperopt: Not installed
2026-01-03 14:22:26,567:INFO:              optuna: Not installed
2026-01-03 14:22:26,567:INFO:               skopt: Not installed
2026-01-03 14:22:26,567:INFO:              mlflow: Not installed
2026-01-03 14:22:26,567:INFO:              gradio: Not installed
2026-01-03 14:22:26,567:INFO:             fastapi: Not installed
2026-01-03 14:22:26,567:INFO:             uvicorn: Not installed
2026-01-03 14:22:26,567:INFO:              m2cgen: Not installed
2026-01-03 14:22:26,567:INFO:           evidently: Not installed
2026-01-03 14:22:26,567:INFO:               fugue: Not installed
2026-01-03 14:22:26,567:INFO:           streamlit: Not installed
2026-01-03 14:22:26,567:INFO:             prophet: Not installed
2026-01-03 14:22:26,567:INFO:None
2026-01-03 14:22:26,567:INFO:Set up data.
2026-01-03 14:22:26,734:INFO:Set up folding strategy.
2026-01-03 14:22:26,734:INFO:Set up train/test split.
2026-01-03 14:22:26,808:INFO:Set up index.
2026-01-03 14:22:26,813:INFO:Assigning column types.
2026-01-03 14:22:26,939:INFO:Engine successfully changes for model 'lr' to 'sklearn'.
2026-01-03 14:22:26,940:INFO:Engine for model 'lasso' has not been set explicitly, hence returning None.
2026-01-03 14:22:26,951:INFO:Engine for model 'ridge' has not been set explicitly, hence returning None.
2026-01-03 14:22:26,966:INFO:Engine for model 'en' has not been set explicitly, hence returning None.
2026-01-03 14:22:27,158:INFO:Engine for model 'svm' has not been set explicitly, hence returning None.
2026-01-03 14:22:27,228:INFO:Engine for model 'knn' has not been set explicitly, hence returning None.
2026-01-03 14:22:27,229:WARNING:
'xgboost' is a soft dependency and not included in the pycaret installation. Please run: `pip install xgboost` to install.
Alternately, you can install this by running `pip install pycaret[models]`
2026-01-03 14:22:27,263:WARNING:
'catboost' is a soft dependency and not included in the pycaret installation. Please run: `pip install catboost` to install.
Alternately, you can install this by running `pip install pycaret[models]`
2026-01-03 14:22:27,263:INFO:Engine for model 'lasso' has not been set explicitly, hence returning None.
2026-01-03 14:22:27,275:INFO:Engine for model 'ridge' has not been set explicitly, hence returning None.
2026-01-03 14:22:27,286:INFO:Engine for model 'en' has not been set explicitly, hence returning None.
2026-01-03 14:22:27,424:INFO:Engine for model 'svm' has not been set explicitly, hence returning None.
2026-01-03 14:22:27,468:INFO:Engine for model 'knn' has not been set explicitly, hence returning None.
2026-01-03 14:22:27,469:WARNING:
'xgboost' is a soft dependency and not included in the pycaret installation. Please run: `pip install xgboost` to install.
Alternately, you can install this by running `pip install pycaret[models]`
2026-01-03 14:22:27,469:WARNING:
'catboost' is a soft dependency and not included in the pycaret installation. Please run: `pip install catboost` to install.
Alternately, you can install this by running `pip install pycaret[models]`
2026-01-03 14:22:27,469:INFO:Engine successfully changes for model 'lasso' to 'sklearn'.
2026-01-03 14:22:27,474:INFO:Engine for model 'ridge' has not been set explicitly, hence returning None.
2026-01-03 14:22:27,480:INFO:Engine for model 'en' has not been set explicitly, hence returning None.
2026-01-03 14:22:27,576:INFO:Engine for model 'svm' has not been set explicitly, hence returning None.
2026-01-03 14:22:27,627:INFO:Engine for model 'knn' has not been set explicitly, hence returning None.
2026-01-03 14:22:27,628:WARNING:
'xgboost' is a soft dependency and not included in the pycaret installation. Please run: `pip install xgboost` to install.
Alternately, you can install this by running `pip install pycaret[models]`
2026-01-03 14:22:27,628:WARNING:
'catboost' is a soft dependency and not included in the pycaret installation. Please run: `pip install catboost` to install.
Alternately, you can install this by running `pip install pycaret[models]`
2026-01-03 14:22:27,633:INFO:Engine for model 'ridge' has not been set explicitly, hence returning None.
2026-01-03 14:22:27,637:INFO:Engine for model 'en' has not been set explicitly, hence returning None.
2026-01-03 14:22:27,736:INFO:Engine for model 'svm' has not been set explicitly, hence returning None.
2026-01-03 14:22:27,780:INFO:Engine for model 'knn' has not been set explicitly, hence returning None.
2026-01-03 14:22:27,781:WARNING:
'xgboost' is a soft dependency and not included in the pycaret installation. Please run: `pip install xgboost` to install.
Alternately, you can install this by running `pip install pycaret[models]`
2026-01-03 14:22:27,781:WARNING:
'catboost' is a soft dependency and not included in the pycaret installation. Please run: `pip install catboost` to install.
Alternately, you can install this by running `pip install pycaret[models]`
2026-01-03 14:22:27,781:INFO:Engine successfully changes for model 'ridge' to 'sklearn'.
2026-01-03 14:22:27,791:INFO:Engine for model 'en' has not been set explicitly, hence returning None.
2026-01-03 14:22:27,888:INFO:Engine for model 'svm' has not been set explicitly, hence returning None.
2026-01-03 14:22:27,939:INFO:Engine for model 'knn' has not been set explicitly, hence returning None.
2026-01-03 14:22:27,940:WARNING:
'xgboost' is a soft dependency and not included in the pycaret installation. Please run: `pip install xgboost` to install.
Alternately, you can install this by running `pip install pycaret[models]`
2026-01-03 14:22:27,940:WARNING:
'catboost' is a soft dependency and not included in the pycaret installation. Please run: `pip install catboost` to install.
Alternately, you can install this by running `pip install pycaret[models]`
2026-01-03 14:22:27,950:INFO:Engine for model 'en' has not been set explicitly, hence returning None.
2026-01-03 14:22:28,041:INFO:Engine for model 'svm' has not been set explicitly, hence returning None.
2026-01-03 14:22:28,087:INFO:Engine for model 'knn' has not been set explicitly, hence returning None.
2026-01-03 14:22:28,087:WARNING:
'xgboost' is a soft dependency and not included in the pycaret installation. Please run: `pip install xgboost` to install.
Alternately, you can install this by running `pip install pycaret[models]`
2026-01-03 14:22:28,088:WARNING:
'catboost' is a soft dependency and not included in the pycaret installation. Please run: `pip install catboost` to install.
Alternately, you can install this by running `pip install pycaret[models]`
2026-01-03 14:22:28,088:INFO:Engine successfully changes for model 'en' to 'sklearn'.
2026-01-03 14:22:28,199:INFO:Engine for model 'svm' has not been set explicitly, hence returning None.
2026-01-03 14:22:28,245:INFO:Engine for model 'knn' has not been set explicitly, hence returning None.
2026-01-03 14:22:28,245:WARNING:
'xgboost' is a soft dependency and not included in the pycaret installation. Please run: `pip install xgboost` to install.
Alternately, you can install this by running `pip install pycaret[models]`
2026-01-03 14:22:28,246:WARNING:
'catboost' is a soft dependency and not included in the pycaret installation. Please run: `pip install catboost` to install.
Alternately, you can install this by running `pip install pycaret[models]`
2026-01-03 14:22:28,354:INFO:Engine for model 'svm' has not been set explicitly, hence returning None.
2026-01-03 14:22:28,401:INFO:Engine for model 'knn' has not been set explicitly, hence returning None.
2026-01-03 14:22:28,401:WARNING:
'xgboost' is a soft dependency and not included in the pycaret installation. Please run: `pip install xgboost` to install.
Alternately, you can install this by running `pip install pycaret[models]`
2026-01-03 14:22:28,401:WARNING:
'catboost' is a soft dependency and not included in the pycaret installation. Please run: `pip install catboost` to install.
Alternately, you can install this by running `pip install pycaret[models]`
2026-01-03 14:22:28,402:INFO:Engine successfully changes for model 'knn' to 'sklearn'.
2026-01-03 14:22:28,503:INFO:Engine for model 'svm' has not been set explicitly, hence returning None.
2026-01-03 14:22:28,550:WARNING:
'xgboost' is a soft dependency and not included in the pycaret installation. Please run: `pip install xgboost` to install.
Alternately, you can install this by running `pip install pycaret[models]`
2026-01-03 14:22:28,550:WARNING:
'catboost' is a soft dependency and not included in the pycaret installation. Please run: `pip install catboost` to install.
Alternately, you can install this by running `pip install pycaret[models]`
2026-01-03 14:22:28,653:INFO:Engine for model 'svm' has not been set explicitly, hence returning None.
2026-01-03 14:22:28,701:WARNING:
'xgboost' is a soft dependency and not included in the pycaret installation. Please run: `pip install xgboost` to install.
Alternately, you can install this by running `pip install pycaret[models]`
2026-01-03 14:22:28,702:WARNING:
'catboost' is a soft dependency and not included in the pycaret installation. Please run: `pip install catboost` to install.
Alternately, you can install this by running `pip install pycaret[models]`
2026-01-03 14:22:28,702:INFO:Engine successfully changes for model 'svm' to 'sklearn'.
2026-01-03 14:22:28,922:WARNING:
'xgboost' is a soft dependency and not included in the pycaret installation. Please run: `pip install xgboost` to install.
Alternately, you can install this by running `pip install pycaret[models]`
2026-01-03 14:22:28,922:WARNING:
'catboost' is a soft dependency and not included in the pycaret installation. Please run: `pip install catboost` to install.
Alternately, you can install this by running `pip install pycaret[models]`
2026-01-03 14:22:29,127:WARNING:
'xgboost' is a soft dependency and not included in the pycaret installation. Please run: `pip install xgboost` to install.
Alternately, you can install this by running `pip install pycaret[models]`
2026-01-03 14:22:29,128:WARNING:
'catboost' is a soft dependency and not included in the pycaret installation. Please run: `pip install catboost` to install.
Alternately, you can install this by running `pip install pycaret[models]`
2026-01-03 14:22:29,129:INFO:Preparing preprocessing pipeline...
2026-01-03 14:22:29,129:INFO:Set up simple imputation.
2026-01-03 14:22:29,151:INFO:Set up encoding of ordinal features.
2026-01-03 14:22:29,165:INFO:Set up encoding of categorical features.
2026-01-03 14:22:29,165:INFO:Set up removing multicollinearity.
2026-01-03 14:22:29,165:INFO:Set up feature selection.
2026-01-03 14:22:29,373:WARNING:
'xgboost' is a soft dependency and not included in the pycaret installation. Please run: `pip install xgboost` to install.
Alternately, you can install this by running `pip install pycaret[models]`
2026-01-03 14:22:29,373:WARNING:
'catboost' is a soft dependency and not included in the pycaret installation. Please run: `pip install catboost` to install.
Alternately, you can install this by running `pip install pycaret[models]`
2026-01-03 14:22:29,405:INFO:Set up column name cleaning.
2026-01-03 14:27:34,574:INFO:PyCaret RegressionExperiment
2026-01-03 14:27:34,577:INFO:Logging name: reg-default-name
2026-01-03 14:27:34,577:INFO:ML Usecase: MLUsecase.REGRESSION
2026-01-03 14:27:34,577:INFO:version 3.3.2
2026-01-03 14:27:34,578:INFO:Initializing setup()
2026-01-03 14:27:34,578:INFO:self.USI: 5ed2
2026-01-03 14:27:34,578:INFO:self._variable_keys: {'exp_id', 'n_jobs_param', 'y_test', 'fold_generator', 'seed', 'y_train', 'transform_target_param', 'X', 'memory', 'X_train', '_ml_usecase', 'data', 'log_plots_param', 'USI', 'X_test', '_available_plots', 'logging_param', 'fold_shuffle_param', 'y', 'pipeline', 'gpu_n_jobs_param', 'target_param', 'exp_name_log', 'gpu_param', 'html_param', 'idx', 'fold_groups_param'}
2026-01-03 14:27:34,578:INFO:Checking environment
2026-01-03 14:27:34,578:INFO:python_version: 3.10.19
2026-01-03 14:27:34,578:INFO:python_build: ('main', 'Oct 22 2025 22:29:10')
2026-01-03 14:27:34,578:INFO:machine: x86_64
2026-01-03 14:27:34,578:INFO:platform: Linux-6.17.9-arch1-1-x86_64-with-glibc2.42
2026-01-03 14:27:34,578:INFO:Memory: svmem(total=16650608640, available=7787175936, percent=53.2, used=8863432704, free=2156208128, active=8995774464, inactive=3967082496, buffers=139345920, cached=7571505152, shared=1734299648, slab=632995840)
2026-01-03 14:27:34,579:INFO:Physical Core: 2
2026-01-03 14:27:34,579:INFO:Logical Core: 4
2026-01-03 14:27:34,579:INFO:Checking libraries
2026-01-03 14:27:34,579:INFO:System:
2026-01-03 14:27:34,579:INFO:    python: 3.10.19 | packaged by conda-forge | (main, Oct 22 2025, 22:29:10) [GCC 14.3.0]
2026-01-03 14:27:34,579:INFO:executable: /home/ilyandho/.local/share/mamba/envs/pycaret/bin/python
2026-01-03 14:27:34,579:INFO:   machine: Linux-6.17.9-arch1-1-x86_64-with-glibc2.42
2026-01-03 14:27:34,579:INFO:PyCaret required dependencies:
2026-01-03 14:27:34,579:INFO:                 pip: 25.3
2026-01-03 14:27:34,579:INFO:          setuptools: 80.9.0
2026-01-03 14:27:34,579:INFO:             pycaret: 3.3.2
2026-01-03 14:27:34,579:INFO:             IPython: 8.37.0
2026-01-03 14:27:34,580:INFO:          ipywidgets: 8.1.8
2026-01-03 14:27:34,580:INFO:                tqdm: 4.67.1
2026-01-03 14:27:34,580:INFO:               numpy: 1.26.4
2026-01-03 14:27:34,580:INFO:              pandas: 2.1.4
2026-01-03 14:27:34,580:INFO:              jinja2: 3.1.6
2026-01-03 14:27:34,580:INFO:               scipy: 1.11.4
2026-01-03 14:27:34,580:INFO:              joblib: 1.3.2
2026-01-03 14:27:34,580:INFO:             sklearn: 1.4.2
2026-01-03 14:27:34,580:INFO:                pyod: 2.0.6
2026-01-03 14:27:34,580:INFO:            imblearn: 0.14.1
2026-01-03 14:27:34,587:INFO:   category_encoders: 2.7.0
2026-01-03 14:27:34,587:INFO:            lightgbm: 4.6.0
2026-01-03 14:27:34,587:INFO:               numba: 0.63.1
2026-01-03 14:27:34,587:INFO:            requests: 2.32.5
2026-01-03 14:27:34,587:INFO:          matplotlib: 3.10.8
2026-01-03 14:27:34,588:INFO:          scikitplot: 0.3.7
2026-01-03 14:27:34,588:INFO:         yellowbrick: 1.5
2026-01-03 14:27:34,588:INFO:              plotly: 6.5.0
2026-01-03 14:27:34,588:INFO:    plotly-resampler: Not installed
2026-01-03 14:27:34,588:INFO:             kaleido: 0.2.1
2026-01-03 14:27:34,588:INFO:           schemdraw: 0.15
2026-01-03 14:27:34,588:INFO:         statsmodels: 0.14.6
2026-01-03 14:27:34,589:INFO:              sktime: 0.26.0
2026-01-03 14:27:34,589:INFO:               tbats: 1.1.3
2026-01-03 14:27:34,589:INFO:            pmdarima: 2.0.4
2026-01-03 14:27:34,589:INFO:              psutil: 7.2.1
2026-01-03 14:27:34,589:INFO:          markupsafe: 3.0.3
2026-01-03 14:27:34,589:INFO:             pickle5: Not installed
2026-01-03 14:27:34,589:INFO:         cloudpickle: 3.1.2
2026-01-03 14:27:34,589:INFO:         deprecation: 2.1.0
2026-01-03 14:27:34,589:INFO:              xxhash: 3.6.0
2026-01-03 14:27:34,589:INFO:           wurlitzer: 3.1.1
2026-01-03 14:27:34,593:INFO:PyCaret optional dependencies:
2026-01-03 14:27:34,593:INFO:                shap: Not installed
2026-01-03 14:27:34,593:INFO:           interpret: Not installed
2026-01-03 14:27:34,593:INFO:                umap: 0.5.9.post2
2026-01-03 14:27:34,593:INFO:     ydata_profiling: Not installed
2026-01-03 14:27:34,593:INFO:  explainerdashboard: Not installed
2026-01-03 14:27:34,593:INFO:             autoviz: Not installed
2026-01-03 14:27:34,593:INFO:           fairlearn: Not installed
2026-01-03 14:27:34,594:INFO:          deepchecks: Not installed
2026-01-03 14:27:34,594:INFO:             xgboost: Not installed
2026-01-03 14:27:34,594:INFO:            catboost: Not installed
2026-01-03 14:27:34,594:INFO:              kmodes: Not installed
2026-01-03 14:27:34,594:INFO:             mlxtend: Not installed
2026-01-03 14:27:34,594:INFO:       statsforecast: Not installed
2026-01-03 14:27:34,594:INFO:        tune_sklearn: Not installed
2026-01-03 14:27:34,594:INFO:                 ray: Not installed
2026-01-03 14:27:34,594:INFO:            hyperopt: Not installed
2026-01-03 14:27:34,594:INFO:              optuna: Not installed
2026-01-03 14:27:34,594:INFO:               skopt: Not installed
2026-01-03 14:27:34,594:INFO:              mlflow: Not installed
2026-01-03 14:27:34,594:INFO:              gradio: Not installed
2026-01-03 14:27:34,597:INFO:             fastapi: Not installed
2026-01-03 14:27:34,597:INFO:             uvicorn: Not installed
2026-01-03 14:27:34,597:INFO:              m2cgen: Not installed
2026-01-03 14:27:34,597:INFO:           evidently: Not installed
2026-01-03 14:27:34,597:INFO:               fugue: Not installed
2026-01-03 14:27:34,597:INFO:           streamlit: Not installed
2026-01-03 14:27:34,597:INFO:             prophet: Not installed
2026-01-03 14:27:34,597:INFO:None
2026-01-03 14:27:34,597:INFO:Set up data.
2026-01-03 14:27:34,837:INFO:Set up folding strategy.
2026-01-03 14:27:34,838:INFO:Set up train/test split.
2026-01-03 14:27:34,930:INFO:Set up index.
2026-01-03 14:27:34,932:INFO:Assigning column types.
2026-01-03 14:27:35,031:INFO:Engine successfully changes for model 'lr' to 'sklearn'.
2026-01-03 14:27:35,032:INFO:Engine for model 'lasso' has not been set explicitly, hence returning None.
2026-01-03 14:27:35,041:INFO:Engine for model 'ridge' has not been set explicitly, hence returning None.
2026-01-03 14:27:35,051:INFO:Engine for model 'en' has not been set explicitly, hence returning None.
2026-01-03 14:27:35,220:INFO:Engine for model 'svm' has not been set explicitly, hence returning None.
2026-01-03 14:27:35,302:INFO:Engine for model 'knn' has not been set explicitly, hence returning None.
2026-01-03 14:27:35,303:WARNING:
'xgboost' is a soft dependency and not included in the pycaret installation. Please run: `pip install xgboost` to install.
Alternately, you can install this by running `pip install pycaret[models]`
2026-01-03 14:27:35,303:WARNING:
'catboost' is a soft dependency and not included in the pycaret installation. Please run: `pip install catboost` to install.
Alternately, you can install this by running `pip install pycaret[models]`
2026-01-03 14:27:35,304:INFO:Engine for model 'lasso' has not been set explicitly, hence returning None.
2026-01-03 14:27:35,310:INFO:Engine for model 'ridge' has not been set explicitly, hence returning None.
2026-01-03 14:27:35,319:INFO:Engine for model 'en' has not been set explicitly, hence returning None.
2026-01-03 14:27:35,467:INFO:Engine for model 'svm' has not been set explicitly, hence returning None.
2026-01-03 14:27:35,565:INFO:Engine for model 'knn' has not been set explicitly, hence returning None.
2026-01-03 14:27:35,566:WARNING:
'xgboost' is a soft dependency and not included in the pycaret installation. Please run: `pip install xgboost` to install.
Alternately, you can install this by running `pip install pycaret[models]`
2026-01-03 14:27:35,567:WARNING:
'catboost' is a soft dependency and not included in the pycaret installation. Please run: `pip install catboost` to install.
Alternately, you can install this by running `pip install pycaret[models]`
2026-01-03 14:27:35,567:INFO:Engine successfully changes for model 'lasso' to 'sklearn'.
2026-01-03 14:27:35,575:INFO:Engine for model 'ridge' has not been set explicitly, hence returning None.
2026-01-03 14:27:35,584:INFO:Engine for model 'en' has not been set explicitly, hence returning None.
2026-01-03 14:27:35,855:INFO:Engine for model 'svm' has not been set explicitly, hence returning None.
2026-01-03 14:27:35,959:INFO:Engine for model 'knn' has not been set explicitly, hence returning None.
2026-01-03 14:27:35,960:WARNING:
'xgboost' is a soft dependency and not included in the pycaret installation. Please run: `pip install xgboost` to install.
Alternately, you can install this by running `pip install pycaret[models]`
2026-01-03 14:27:35,961:WARNING:
'catboost' is a soft dependency and not included in the pycaret installation. Please run: `pip install catboost` to install.
Alternately, you can install this by running `pip install pycaret[models]`
2026-01-03 14:27:35,984:INFO:Engine for model 'ridge' has not been set explicitly, hence returning None.
2026-01-03 14:27:36,007:INFO:Engine for model 'en' has not been set explicitly, hence returning None.
2026-01-03 14:27:36,289:INFO:Engine for model 'svm' has not been set explicitly, hence returning None.
2026-01-03 14:27:36,376:INFO:Engine for model 'knn' has not been set explicitly, hence returning None.
2026-01-03 14:27:36,377:WARNING:
'xgboost' is a soft dependency and not included in the pycaret installation. Please run: `pip install xgboost` to install.
Alternately, you can install this by running `pip install pycaret[models]`
2026-01-03 14:27:36,378:WARNING:
'catboost' is a soft dependency and not included in the pycaret installation. Please run: `pip install catboost` to install.
Alternately, you can install this by running `pip install pycaret[models]`
2026-01-03 14:27:36,378:INFO:Engine successfully changes for model 'ridge' to 'sklearn'.
2026-01-03 14:27:36,396:INFO:Engine for model 'en' has not been set explicitly, hence returning None.
2026-01-03 14:27:36,561:INFO:Engine for model 'svm' has not been set explicitly, hence returning None.
2026-01-03 14:27:36,648:INFO:Engine for model 'knn' has not been set explicitly, hence returning None.
2026-01-03 14:27:36,649:WARNING:
'xgboost' is a soft dependency and not included in the pycaret installation. Please run: `pip install xgboost` to install.
Alternately, you can install this by running `pip install pycaret[models]`
2026-01-03 14:27:36,650:WARNING:
'catboost' is a soft dependency and not included in the pycaret installation. Please run: `pip install catboost` to install.
Alternately, you can install this by running `pip install pycaret[models]`
2026-01-03 14:27:36,668:INFO:Engine for model 'en' has not been set explicitly, hence returning None.
2026-01-03 14:27:36,847:INFO:Engine for model 'svm' has not been set explicitly, hence returning None.
2026-01-03 14:27:36,940:INFO:Engine for model 'knn' has not been set explicitly, hence returning None.
2026-01-03 14:27:36,941:WARNING:
'xgboost' is a soft dependency and not included in the pycaret installation. Please run: `pip install xgboost` to install.
Alternately, you can install this by running `pip install pycaret[models]`
2026-01-03 14:27:36,941:WARNING:
'catboost' is a soft dependency and not included in the pycaret installation. Please run: `pip install catboost` to install.
Alternately, you can install this by running `pip install pycaret[models]`
2026-01-03 14:27:36,942:INFO:Engine successfully changes for model 'en' to 'sklearn'.
2026-01-03 14:27:37,105:INFO:Engine for model 'svm' has not been set explicitly, hence returning None.
2026-01-03 14:27:37,153:INFO:Engine for model 'knn' has not been set explicitly, hence returning None.
2026-01-03 14:27:37,154:WARNING:
'xgboost' is a soft dependency and not included in the pycaret installation. Please run: `pip install xgboost` to install.
Alternately, you can install this by running `pip install pycaret[models]`
2026-01-03 14:27:37,154:WARNING:
'catboost' is a soft dependency and not included in the pycaret installation. Please run: `pip install catboost` to install.
Alternately, you can install this by running `pip install pycaret[models]`
2026-01-03 14:27:37,430:INFO:Engine for model 'svm' has not been set explicitly, hence returning None.
2026-01-03 14:27:37,475:INFO:Engine for model 'knn' has not been set explicitly, hence returning None.
2026-01-03 14:27:37,475:WARNING:
'xgboost' is a soft dependency and not included in the pycaret installation. Please run: `pip install xgboost` to install.
Alternately, you can install this by running `pip install pycaret[models]`
2026-01-03 14:27:37,476:WARNING:
'catboost' is a soft dependency and not included in the pycaret installation. Please run: `pip install catboost` to install.
Alternately, you can install this by running `pip install pycaret[models]`
2026-01-03 14:27:37,476:INFO:Engine successfully changes for model 'knn' to 'sklearn'.
2026-01-03 14:27:37,588:INFO:Engine for model 'svm' has not been set explicitly, hence returning None.
2026-01-03 14:27:37,639:WARNING:
'xgboost' is a soft dependency and not included in the pycaret installation. Please run: `pip install xgboost` to install.
Alternately, you can install this by running `pip install pycaret[models]`
2026-01-03 14:27:37,640:WARNING:
'catboost' is a soft dependency and not included in the pycaret installation. Please run: `pip install catboost` to install.
Alternately, you can install this by running `pip install pycaret[models]`
2026-01-03 14:27:37,751:INFO:Engine for model 'svm' has not been set explicitly, hence returning None.
2026-01-03 14:27:37,797:WARNING:
'xgboost' is a soft dependency and not included in the pycaret installation. Please run: `pip install xgboost` to install.
Alternately, you can install this by running `pip install pycaret[models]`
2026-01-03 14:27:37,797:WARNING:
'catboost' is a soft dependency and not included in the pycaret installation. Please run: `pip install catboost` to install.
Alternately, you can install this by running `pip install pycaret[models]`
2026-01-03 14:27:37,797:INFO:Engine successfully changes for model 'svm' to 'sklearn'.
2026-01-03 14:27:37,950:WARNING:
'xgboost' is a soft dependency and not included in the pycaret installation. Please run: `pip install xgboost` to install.
Alternately, you can install this by running `pip install pycaret[models]`
2026-01-03 14:27:37,951:WARNING:
'catboost' is a soft dependency and not included in the pycaret installation. Please run: `pip install catboost` to install.
Alternately, you can install this by running `pip install pycaret[models]`
2026-01-03 14:27:38,103:WARNING:
'xgboost' is a soft dependency and not included in the pycaret installation. Please run: `pip install xgboost` to install.
Alternately, you can install this by running `pip install pycaret[models]`
2026-01-03 14:27:38,104:WARNING:
'catboost' is a soft dependency and not included in the pycaret installation. Please run: `pip install catboost` to install.
Alternately, you can install this by running `pip install pycaret[models]`
2026-01-03 14:27:38,104:INFO:Preparing preprocessing pipeline...
2026-01-03 14:27:38,104:INFO:Set up simple imputation.
2026-01-03 14:27:38,124:INFO:Set up encoding of ordinal features.
2026-01-03 14:27:38,138:INFO:Set up encoding of categorical features.
2026-01-03 14:27:38,138:INFO:Set up removing multicollinearity.
2026-01-03 14:27:38,138:INFO:Set up feature selection.
2026-01-03 14:27:38,287:WARNING:
'xgboost' is a soft dependency and not included in the pycaret installation. Please run: `pip install xgboost` to install.
Alternately, you can install this by running `pip install pycaret[models]`
2026-01-03 14:27:38,288:WARNING:
'catboost' is a soft dependency and not included in the pycaret installation. Please run: `pip install catboost` to install.
Alternately, you can install this by running `pip install pycaret[models]`
2026-01-03 14:27:38,307:INFO:Set up column name cleaning.
2026-01-03 14:28:14,626:INFO:PyCaret RegressionExperiment
2026-01-03 14:28:14,629:INFO:Logging name: reg-default-name
2026-01-03 14:28:14,629:INFO:ML Usecase: MLUsecase.REGRESSION
2026-01-03 14:28:14,630:INFO:version 3.3.2
2026-01-03 14:28:14,630:INFO:Initializing setup()
2026-01-03 14:28:14,630:INFO:self.USI: 115c
2026-01-03 14:28:14,630:INFO:self._variable_keys: {'exp_id', 'n_jobs_param', 'y_test', 'fold_generator', 'seed', 'y_train', 'transform_target_param', 'X', 'memory', 'X_train', '_ml_usecase', 'data', 'log_plots_param', 'USI', 'X_test', '_available_plots', 'logging_param', 'fold_shuffle_param', 'y', 'pipeline', 'gpu_n_jobs_param', 'target_param', 'exp_name_log', 'gpu_param', 'html_param', 'idx', 'fold_groups_param'}
2026-01-03 14:28:14,630:INFO:Checking environment
2026-01-03 14:28:14,630:INFO:python_version: 3.10.19
2026-01-03 14:28:14,630:INFO:python_build: ('main', 'Oct 22 2025 22:29:10')
2026-01-03 14:28:14,630:INFO:machine: x86_64
2026-01-03 14:28:14,630:INFO:platform: Linux-6.17.9-arch1-1-x86_64-with-glibc2.42
2026-01-03 14:28:14,630:INFO:Memory: svmem(total=16650608640, available=7756906496, percent=53.4, used=8893702144, free=2123288576, active=9049141248, inactive=3969716224, buffers=139345920, cached=7549796352, shared=1709940736, slab=632913920)
2026-01-03 14:28:14,631:INFO:Physical Core: 2
2026-01-03 14:28:14,631:INFO:Logical Core: 4
2026-01-03 14:28:14,635:INFO:Checking libraries
2026-01-03 14:28:14,635:INFO:System:
2026-01-03 14:28:14,635:INFO:    python: 3.10.19 | packaged by conda-forge | (main, Oct 22 2025, 22:29:10) [GCC 14.3.0]
2026-01-03 14:28:14,635:INFO:executable: /home/ilyandho/.local/share/mamba/envs/pycaret/bin/python
2026-01-03 14:28:14,635:INFO:   machine: Linux-6.17.9-arch1-1-x86_64-with-glibc2.42
2026-01-03 14:28:14,635:INFO:PyCaret required dependencies:
2026-01-03 14:28:14,635:INFO:                 pip: 25.3
2026-01-03 14:28:14,636:INFO:          setuptools: 80.9.0
2026-01-03 14:28:14,636:INFO:             pycaret: 3.3.2
2026-01-03 14:28:14,636:INFO:             IPython: 8.37.0
2026-01-03 14:28:14,636:INFO:          ipywidgets: 8.1.8
2026-01-03 14:28:14,636:INFO:                tqdm: 4.67.1
2026-01-03 14:28:14,637:INFO:               numpy: 1.26.4
2026-01-03 14:28:14,637:INFO:              pandas: 2.1.4
2026-01-03 14:28:14,637:INFO:              jinja2: 3.1.6
2026-01-03 14:28:14,637:INFO:               scipy: 1.11.4
2026-01-03 14:28:14,637:INFO:              joblib: 1.3.2
2026-01-03 14:28:14,637:INFO:             sklearn: 1.4.2
2026-01-03 14:28:14,637:INFO:                pyod: 2.0.6
2026-01-03 14:28:14,637:INFO:            imblearn: 0.14.1
2026-01-03 14:28:14,637:INFO:   category_encoders: 2.7.0
2026-01-03 14:28:14,637:INFO:            lightgbm: 4.6.0
2026-01-03 14:28:14,637:INFO:               numba: 0.63.1
2026-01-03 14:28:14,637:INFO:            requests: 2.32.5
2026-01-03 14:28:14,637:INFO:          matplotlib: 3.10.8
2026-01-03 14:28:14,637:INFO:          scikitplot: 0.3.7
2026-01-03 14:28:14,637:INFO:         yellowbrick: 1.5
2026-01-03 14:28:14,637:INFO:              plotly: 6.5.0
2026-01-03 14:28:14,637:INFO:    plotly-resampler: Not installed
2026-01-03 14:28:14,637:INFO:             kaleido: 0.2.1
2026-01-03 14:28:14,637:INFO:           schemdraw: 0.15
2026-01-03 14:28:14,638:INFO:         statsmodels: 0.14.6
2026-01-03 14:28:14,638:INFO:              sktime: 0.26.0
2026-01-03 14:28:14,638:INFO:               tbats: 1.1.3
2026-01-03 14:28:14,638:INFO:            pmdarima: 2.0.4
2026-01-03 14:28:14,638:INFO:              psutil: 7.2.1
2026-01-03 14:28:14,638:INFO:          markupsafe: 3.0.3
2026-01-03 14:28:14,638:INFO:             pickle5: Not installed
2026-01-03 14:28:14,638:INFO:         cloudpickle: 3.1.2
2026-01-03 14:28:14,638:INFO:         deprecation: 2.1.0
2026-01-03 14:28:14,638:INFO:              xxhash: 3.6.0
2026-01-03 14:28:14,645:INFO:           wurlitzer: 3.1.1
2026-01-03 14:28:14,645:INFO:PyCaret optional dependencies:
2026-01-03 14:28:14,646:INFO:                shap: Not installed
2026-01-03 14:28:14,646:INFO:           interpret: Not installed
2026-01-03 14:28:14,646:INFO:                umap: 0.5.9.post2
2026-01-03 14:28:14,646:INFO:     ydata_profiling: Not installed
2026-01-03 14:28:14,646:INFO:  explainerdashboard: Not installed
2026-01-03 14:28:14,646:INFO:             autoviz: Not installed
2026-01-03 14:28:14,646:INFO:           fairlearn: Not installed
2026-01-03 14:28:14,646:INFO:          deepchecks: Not installed
2026-01-03 14:28:14,646:INFO:             xgboost: Not installed
2026-01-03 14:28:14,646:INFO:            catboost: Not installed
2026-01-03 14:28:14,646:INFO:              kmodes: Not installed
2026-01-03 14:28:14,646:INFO:             mlxtend: Not installed
2026-01-03 14:28:14,646:INFO:       statsforecast: Not installed
2026-01-03 14:28:14,646:INFO:        tune_sklearn: Not installed
2026-01-03 14:28:14,646:INFO:                 ray: Not installed
2026-01-03 14:28:14,646:INFO:            hyperopt: Not installed
2026-01-03 14:28:14,646:INFO:              optuna: Not installed
2026-01-03 14:28:14,646:INFO:               skopt: Not installed
2026-01-03 14:28:14,646:INFO:              mlflow: Not installed
2026-01-03 14:28:14,647:INFO:              gradio: Not installed
2026-01-03 14:28:14,647:INFO:             fastapi: Not installed
2026-01-03 14:28:14,647:INFO:             uvicorn: Not installed
2026-01-03 14:28:14,647:INFO:              m2cgen: Not installed
2026-01-03 14:28:14,647:INFO:           evidently: Not installed
2026-01-03 14:28:14,647:INFO:               fugue: Not installed
2026-01-03 14:28:14,647:INFO:           streamlit: Not installed
2026-01-03 14:28:14,647:INFO:             prophet: Not installed
2026-01-03 14:28:14,647:INFO:None
2026-01-03 14:28:14,647:INFO:Set up data.
2026-01-03 14:28:14,878:INFO:Set up folding strategy.
2026-01-03 14:28:14,878:INFO:Set up train/test split.
2026-01-03 14:28:14,943:INFO:Set up index.
2026-01-03 14:28:14,944:INFO:Assigning column types.
2026-01-03 14:28:15,028:INFO:Engine successfully changes for model 'lr' to 'sklearn'.
2026-01-03 14:28:15,028:INFO:Engine for model 'lasso' has not been set explicitly, hence returning None.
2026-01-03 14:28:15,038:INFO:Engine for model 'ridge' has not been set explicitly, hence returning None.
2026-01-03 14:28:15,049:INFO:Engine for model 'en' has not been set explicitly, hence returning None.
2026-01-03 14:28:15,223:INFO:Engine for model 'svm' has not been set explicitly, hence returning None.
2026-01-03 14:28:15,310:INFO:Engine for model 'knn' has not been set explicitly, hence returning None.
2026-01-03 14:28:15,311:WARNING:
'xgboost' is a soft dependency and not included in the pycaret installation. Please run: `pip install xgboost` to install.
Alternately, you can install this by running `pip install pycaret[models]`
2026-01-03 14:28:15,311:WARNING:
'catboost' is a soft dependency and not included in the pycaret installation. Please run: `pip install catboost` to install.
Alternately, you can install this by running `pip install pycaret[models]`
2026-01-03 14:28:15,312:INFO:Engine for model 'lasso' has not been set explicitly, hence returning None.
2026-01-03 14:28:15,317:INFO:Engine for model 'ridge' has not been set explicitly, hence returning None.
2026-01-03 14:28:15,326:INFO:Engine for model 'en' has not been set explicitly, hence returning None.
2026-01-03 14:28:15,484:INFO:Engine for model 'svm' has not been set explicitly, hence returning None.
2026-01-03 14:28:15,553:INFO:Engine for model 'knn' has not been set explicitly, hence returning None.
2026-01-03 14:28:15,554:WARNING:
'xgboost' is a soft dependency and not included in the pycaret installation. Please run: `pip install xgboost` to install.
Alternately, you can install this by running `pip install pycaret[models]`
2026-01-03 14:28:15,555:WARNING:
'catboost' is a soft dependency and not included in the pycaret installation. Please run: `pip install catboost` to install.
Alternately, you can install this by running `pip install pycaret[models]`
2026-01-03 14:28:15,555:INFO:Engine successfully changes for model 'lasso' to 'sklearn'.
2026-01-03 14:28:15,563:INFO:Engine for model 'ridge' has not been set explicitly, hence returning None.
2026-01-03 14:28:15,570:INFO:Engine for model 'en' has not been set explicitly, hence returning None.
2026-01-03 14:28:15,733:INFO:Engine for model 'svm' has not been set explicitly, hence returning None.
2026-01-03 14:28:15,780:INFO:Engine for model 'knn' has not been set explicitly, hence returning None.
2026-01-03 14:28:15,780:WARNING:
'xgboost' is a soft dependency and not included in the pycaret installation. Please run: `pip install xgboost` to install.
Alternately, you can install this by running `pip install pycaret[models]`
2026-01-03 14:28:15,781:WARNING:
'catboost' is a soft dependency and not included in the pycaret installation. Please run: `pip install catboost` to install.
Alternately, you can install this by running `pip install pycaret[models]`
2026-01-03 14:28:15,786:INFO:Engine for model 'ridge' has not been set explicitly, hence returning None.
2026-01-03 14:28:15,791:INFO:Engine for model 'en' has not been set explicitly, hence returning None.
2026-01-03 14:28:15,886:INFO:Engine for model 'svm' has not been set explicitly, hence returning None.
2026-01-03 14:28:15,949:INFO:Engine for model 'knn' has not been set explicitly, hence returning None.
2026-01-03 14:28:15,950:WARNING:
'xgboost' is a soft dependency and not included in the pycaret installation. Please run: `pip install xgboost` to install.
Alternately, you can install this by running `pip install pycaret[models]`
2026-01-03 14:28:15,951:WARNING:
'catboost' is a soft dependency and not included in the pycaret installation. Please run: `pip install catboost` to install.
Alternately, you can install this by running `pip install pycaret[models]`
2026-01-03 14:28:15,952:INFO:Engine successfully changes for model 'ridge' to 'sklearn'.
2026-01-03 14:28:15,972:INFO:Engine for model 'en' has not been set explicitly, hence returning None.
2026-01-03 14:28:16,207:INFO:Engine for model 'svm' has not been set explicitly, hence returning None.
2026-01-03 14:28:16,258:INFO:Engine for model 'knn' has not been set explicitly, hence returning None.
2026-01-03 14:28:16,259:WARNING:
'xgboost' is a soft dependency and not included in the pycaret installation. Please run: `pip install xgboost` to install.
Alternately, you can install this by running `pip install pycaret[models]`
2026-01-03 14:28:16,259:WARNING:
'catboost' is a soft dependency and not included in the pycaret installation. Please run: `pip install catboost` to install.
Alternately, you can install this by running `pip install pycaret[models]`
2026-01-03 14:28:16,269:INFO:Engine for model 'en' has not been set explicitly, hence returning None.
2026-01-03 14:28:16,366:INFO:Engine for model 'svm' has not been set explicitly, hence returning None.
2026-01-03 14:28:16,413:INFO:Engine for model 'knn' has not been set explicitly, hence returning None.
2026-01-03 14:28:16,413:WARNING:
'xgboost' is a soft dependency and not included in the pycaret installation. Please run: `pip install xgboost` to install.
Alternately, you can install this by running `pip install pycaret[models]`
2026-01-03 14:28:16,414:WARNING:
'catboost' is a soft dependency and not included in the pycaret installation. Please run: `pip install catboost` to install.
Alternately, you can install this by running `pip install pycaret[models]`
2026-01-03 14:28:16,414:INFO:Engine successfully changes for model 'en' to 'sklearn'.
2026-01-03 14:28:16,516:INFO:Engine for model 'svm' has not been set explicitly, hence returning None.
2026-01-03 14:28:16,574:INFO:Engine for model 'knn' has not been set explicitly, hence returning None.
2026-01-03 14:28:16,575:WARNING:
'xgboost' is a soft dependency and not included in the pycaret installation. Please run: `pip install xgboost` to install.
Alternately, you can install this by running `pip install pycaret[models]`
2026-01-03 14:28:16,575:WARNING:
'catboost' is a soft dependency and not included in the pycaret installation. Please run: `pip install catboost` to install.
Alternately, you can install this by running `pip install pycaret[models]`
2026-01-03 14:28:16,686:INFO:Engine for model 'svm' has not been set explicitly, hence returning None.
2026-01-03 14:28:16,731:INFO:Engine for model 'knn' has not been set explicitly, hence returning None.
2026-01-03 14:28:16,731:WARNING:
'xgboost' is a soft dependency and not included in the pycaret installation. Please run: `pip install xgboost` to install.
Alternately, you can install this by running `pip install pycaret[models]`
2026-01-03 14:28:16,732:WARNING:
'catboost' is a soft dependency and not included in the pycaret installation. Please run: `pip install catboost` to install.
Alternately, you can install this by running `pip install pycaret[models]`
2026-01-03 14:28:16,732:INFO:Engine successfully changes for model 'knn' to 'sklearn'.
2026-01-03 14:28:16,838:INFO:Engine for model 'svm' has not been set explicitly, hence returning None.
2026-01-03 14:28:16,882:WARNING:
'xgboost' is a soft dependency and not included in the pycaret installation. Please run: `pip install xgboost` to install.
Alternately, you can install this by running `pip install pycaret[models]`
2026-01-03 14:28:16,882:WARNING:
'catboost' is a soft dependency and not included in the pycaret installation. Please run: `pip install catboost` to install.
Alternately, you can install this by running `pip install pycaret[models]`
2026-01-03 14:28:16,986:INFO:Engine for model 'svm' has not been set explicitly, hence returning None.
2026-01-03 14:28:17,038:WARNING:
'xgboost' is a soft dependency and not included in the pycaret installation. Please run: `pip install xgboost` to install.
Alternately, you can install this by running `pip install pycaret[models]`
2026-01-03 14:28:17,038:WARNING:
'catboost' is a soft dependency and not included in the pycaret installation. Please run: `pip install catboost` to install.
Alternately, you can install this by running `pip install pycaret[models]`
2026-01-03 14:28:17,039:INFO:Engine successfully changes for model 'svm' to 'sklearn'.
2026-01-03 14:28:17,195:WARNING:
'xgboost' is a soft dependency and not included in the pycaret installation. Please run: `pip install xgboost` to install.
Alternately, you can install this by running `pip install pycaret[models]`
2026-01-03 14:28:17,195:WARNING:
'catboost' is a soft dependency and not included in the pycaret installation. Please run: `pip install catboost` to install.
Alternately, you can install this by running `pip install pycaret[models]`
2026-01-03 14:28:17,347:WARNING:
'xgboost' is a soft dependency and not included in the pycaret installation. Please run: `pip install xgboost` to install.
Alternately, you can install this by running `pip install pycaret[models]`
2026-01-03 14:28:17,347:WARNING:
'catboost' is a soft dependency and not included in the pycaret installation. Please run: `pip install catboost` to install.
Alternately, you can install this by running `pip install pycaret[models]`
2026-01-03 14:28:17,348:INFO:Preparing preprocessing pipeline...
2026-01-03 14:28:17,348:INFO:Set up simple imputation.
2026-01-03 14:28:17,368:INFO:Set up encoding of ordinal features.
2026-01-03 14:28:17,380:INFO:Set up encoding of categorical features.
2026-01-03 14:28:17,381:INFO:Set up removing multicollinearity.
2026-01-03 14:28:17,387:INFO:Set up column name cleaning.
2026-01-03 14:28:17,993:INFO:Finished creating preprocessing pipeline.
2026-01-03 14:28:18,025:INFO:Pipeline: Pipeline(memory=FastMemory(location=/tmp/joblib),
         steps=[('numerical_imputer',
                 TransformerWrapper(include=['creativity', 'ict_index',
                                             'influence', 'selected', 'threat',
                                             'transfers_balance',
                                             'transfers_in', 'transfers_out',
                                             'value', 'team_h_difficulty',
                                             'team_a_difficulty',
                                             'ownership_change',
                                             'percenatge_net_transfers', 'whh',
                                             'whd', 'wha', 'round',
                                             'opponent_xgc_3',...
                                    transformer=OrdinalEncoder(cols=['team_was_home'],
                                                               handle_missing='return_nan',
                                                               mapping=[{'col': 'team_was_home',
                                                                         'data_type': dtype('O'),
                                                                         'mapping': False    0
True     1
NaN     -1
dtype: int64}]))),
                ('remove_multicollinearity',
                 TransformerWrapper(exclude=[],
                                    transformer=RemoveMulticollinearity(threshold=0.9))),
                ('clean_column_names',
                 TransformerWrapper(transformer=CleanColumnNames()))])
2026-01-03 14:28:18,025:INFO:Creating final display dataframe.
2026-01-03 14:28:18,691:INFO:Setup _display_container:                     Description             Value
0                    Session id              5684
1                        Target                xP
2                   Target type        Regression
3           Original data shape       (4926, 181)
4        Transformed data shape       (4926, 151)
5   Transformed train set shape       (3940, 151)
6    Transformed test set shape        (986, 151)
7              Numeric features               178
8          Categorical features                 1
9      Rows with missing values             10.4%
10                   Preprocess              True
11              Imputation type            simple
12           Numeric imputation              mean
13       Categorical imputation              mode
14     Maximum one-hot encoding                25
15              Encoding method              None
16     Remove multicollinearity              True
17  Multicollinearity threshold               0.9
18               Fold Generator             KFold
19                  Fold Number                10
20                     CPU Jobs                -1
21                      Use GPU             False
22               Log Experiment             False
23              Experiment Name  reg-default-name
24                          USI              115c
2026-01-03 14:28:18,865:WARNING:
'xgboost' is a soft dependency and not included in the pycaret installation. Please run: `pip install xgboost` to install.
Alternately, you can install this by running `pip install pycaret[models]`
2026-01-03 14:28:18,865:WARNING:
'catboost' is a soft dependency and not included in the pycaret installation. Please run: `pip install catboost` to install.
Alternately, you can install this by running `pip install pycaret[models]`
2026-01-03 14:28:19,013:WARNING:
'xgboost' is a soft dependency and not included in the pycaret installation. Please run: `pip install xgboost` to install.
Alternately, you can install this by running `pip install pycaret[models]`
2026-01-03 14:28:19,013:WARNING:
'catboost' is a soft dependency and not included in the pycaret installation. Please run: `pip install catboost` to install.
Alternately, you can install this by running `pip install pycaret[models]`
2026-01-03 14:28:19,014:INFO:setup() successfully completed in 4.39s...............
2026-01-03 14:28:19,014:INFO:Initializing compare_models()
2026-01-03 14:28:19,014:INFO:compare_models(self=<pycaret.regression.oop.RegressionExperiment object at 0x7f6690c40400>, include=None, fold=None, round=4, cross_validation=True, sort=MAE, n_select=1, budget_time=None, turbo=True, errors=ignore, fit_kwargs=None, groups=None, experiment_custom_tags=None, probability_threshold=None, verbose=True, parallel=None, caller_params={'self': <pycaret.regression.oop.RegressionExperiment object at 0x7f6690c40400>, 'include': None, 'exclude': None, 'fold': None, 'round': 4, 'cross_validation': True, 'sort': 'MAE', 'n_select': 1, 'budget_time': None, 'turbo': True, 'errors': 'ignore', 'fit_kwargs': None, 'groups': None, 'experiment_custom_tags': None, 'engine': None, 'verbose': True, 'parallel': None, '__class__': <class 'pycaret.regression.oop.RegressionExperiment'>}, exclude=None)
2026-01-03 14:28:19,014:INFO:Checking exceptions
2026-01-03 14:28:19,032:INFO:Preparing display monitor
2026-01-03 14:28:19,081:INFO:Initializing Linear Regression
2026-01-03 14:28:19,081:INFO:Total runtime is 3.0120213826497395e-06 minutes
2026-01-03 14:28:19,091:INFO:SubProcess create_model() called ==================================
2026-01-03 14:28:19,093:INFO:Initializing create_model()
2026-01-03 14:28:19,093:INFO:create_model(self=<pycaret.regression.oop.RegressionExperiment object at 0x7f6690c40400>, estimator=lr, fold=KFold(n_splits=10, random_state=None, shuffle=False), round=4, cross_validation=True, predict=True, fit_kwargs={}, groups=None, refit=False, probability_threshold=None, experiment_custom_tags=None, verbose=False, system=False, add_to_model_list=True, metrics=None, display=<pycaret.internal.display.display.CommonDisplay object at 0x7f6690ee27d0>, model_only=True, return_train_score=False, error_score=0.0, kwargs={})
2026-01-03 14:28:19,093:INFO:Checking exceptions
2026-01-03 14:28:19,094:INFO:Importing libraries
2026-01-03 14:28:19,094:INFO:Copying training dataset
2026-01-03 14:28:19,181:INFO:Defining folds
2026-01-03 14:28:19,181:INFO:Declaring metric variables
2026-01-03 14:28:19,192:INFO:Importing untrained model
2026-01-03 14:28:19,213:INFO:Linear Regression Imported successfully
2026-01-03 14:28:19,240:INFO:Starting cross validation
2026-01-03 14:28:19,246:INFO:Cross validating with KFold(n_splits=10, random_state=None, shuffle=False), n_jobs=-1
2026-01-03 14:28:22,779:WARNING:/home/ilyandho/.local/share/mamba/envs/pycaret/lib/python3.10/site-packages/_distutils_hack/__init__.py:30: UserWarning: Setuptools is replacing distutils. Support for replacing an already imported distutils is deprecated. In the future, this condition will fail. Register concerns at https://github.com/pypa/setuptools/issues/new?template=distutils-deprecation.yml
  warnings.warn(

2026-01-03 14:28:23,155:WARNING:/home/ilyandho/.local/share/mamba/envs/pycaret/lib/python3.10/site-packages/_distutils_hack/__init__.py:30: UserWarning: Setuptools is replacing distutils. Support for replacing an already imported distutils is deprecated. In the future, this condition will fail. Register concerns at https://github.com/pypa/setuptools/issues/new?template=distutils-deprecation.yml
  warnings.warn(

2026-01-03 14:28:23,480:WARNING:/home/ilyandho/.local/share/mamba/envs/pycaret/lib/python3.10/site-packages/_distutils_hack/__init__.py:30: UserWarning: Setuptools is replacing distutils. Support for replacing an already imported distutils is deprecated. In the future, this condition will fail. Register concerns at https://github.com/pypa/setuptools/issues/new?template=distutils-deprecation.yml
  warnings.warn(

2026-01-03 14:28:23,735:WARNING:/home/ilyandho/.local/share/mamba/envs/pycaret/lib/python3.10/site-packages/_distutils_hack/__init__.py:30: UserWarning: Setuptools is replacing distutils. Support for replacing an already imported distutils is deprecated. In the future, this condition will fail. Register concerns at https://github.com/pypa/setuptools/issues/new?template=distutils-deprecation.yml
  warnings.warn(

2026-01-03 14:28:26,042:INFO:Calculating mean and std
2026-01-03 14:28:26,044:INFO:Creating metrics dataframe
2026-01-03 14:28:26,049:INFO:Uploading results into container
2026-01-03 14:28:26,051:INFO:Uploading model into container now
2026-01-03 14:28:26,052:INFO:_master_model_container: 1
2026-01-03 14:28:26,052:INFO:_display_container: 2
2026-01-03 14:28:26,053:INFO:LinearRegression(n_jobs=-1)
2026-01-03 14:28:26,053:INFO:create_model() successfully completed......................................
2026-01-03 14:28:26,286:INFO:SubProcess create_model() end ==================================
2026-01-03 14:28:26,287:INFO:Creating metrics dataframe
2026-01-03 14:28:26,300:INFO:Initializing Lasso Regression
2026-01-03 14:28:26,300:INFO:Total runtime is 0.1203276554743449 minutes
2026-01-03 14:28:26,312:INFO:SubProcess create_model() called ==================================
2026-01-03 14:28:26,313:INFO:Initializing create_model()
2026-01-03 14:28:26,313:INFO:create_model(self=<pycaret.regression.oop.RegressionExperiment object at 0x7f6690c40400>, estimator=lasso, fold=KFold(n_splits=10, random_state=None, shuffle=False), round=4, cross_validation=True, predict=True, fit_kwargs={}, groups=None, refit=False, probability_threshold=None, experiment_custom_tags=None, verbose=False, system=False, add_to_model_list=True, metrics=None, display=<pycaret.internal.display.display.CommonDisplay object at 0x7f6690ee27d0>, model_only=True, return_train_score=False, error_score=0.0, kwargs={})
2026-01-03 14:28:26,314:INFO:Checking exceptions
2026-01-03 14:28:26,314:INFO:Importing libraries
2026-01-03 14:28:26,314:INFO:Copying training dataset
2026-01-03 14:28:26,393:INFO:Defining folds
2026-01-03 14:28:26,394:INFO:Declaring metric variables
2026-01-03 14:28:26,404:INFO:Importing untrained model
2026-01-03 14:28:26,414:INFO:Lasso Regression Imported successfully
2026-01-03 14:28:26,436:INFO:Starting cross validation
2026-01-03 14:28:26,440:INFO:Cross validating with KFold(n_splits=10, random_state=None, shuffle=False), n_jobs=-1
2026-01-03 14:28:28,024:WARNING:/home/ilyandho/.local/share/mamba/envs/pycaret/lib/python3.10/site-packages/sklearn/linear_model/_coordinate_descent.py:678: ConvergenceWarning: Objective did not converge. You might want to increase the number of iterations, check the scale of the features or consider increasing regularisation. Duality gap: 6.855e+01, tolerance: 1.853e+00
  model = cd_fast.enet_coordinate_descent(

2026-01-03 14:28:29,162:WARNING:/home/ilyandho/.local/share/mamba/envs/pycaret/lib/python3.10/site-packages/sklearn/linear_model/_coordinate_descent.py:678: ConvergenceWarning: Objective did not converge. You might want to increase the number of iterations, check the scale of the features or consider increasing regularisation. Duality gap: 6.942e+01, tolerance: 1.831e+00
  model = cd_fast.enet_coordinate_descent(

2026-01-03 14:28:29,340:WARNING:/home/ilyandho/.local/share/mamba/envs/pycaret/lib/python3.10/site-packages/sklearn/linear_model/_coordinate_descent.py:678: ConvergenceWarning: Objective did not converge. You might want to increase the number of iterations, check the scale of the features or consider increasing regularisation. Duality gap: 6.308e+01, tolerance: 1.858e+00
  model = cd_fast.enet_coordinate_descent(

2026-01-03 14:28:29,672:WARNING:/home/ilyandho/.local/share/mamba/envs/pycaret/lib/python3.10/site-packages/sklearn/linear_model/_coordinate_descent.py:678: ConvergenceWarning: Objective did not converge. You might want to increase the number of iterations, check the scale of the features or consider increasing regularisation. Duality gap: 6.516e+01, tolerance: 1.848e+00
  model = cd_fast.enet_coordinate_descent(

2026-01-03 14:28:30,430:WARNING:/home/ilyandho/.local/share/mamba/envs/pycaret/lib/python3.10/site-packages/sklearn/linear_model/_coordinate_descent.py:678: ConvergenceWarning: Objective did not converge. You might want to increase the number of iterations, check the scale of the features or consider increasing regularisation. Duality gap: 6.598e+01, tolerance: 1.850e+00
  model = cd_fast.enet_coordinate_descent(

2026-01-03 14:28:30,915:WARNING:/home/ilyandho/.local/share/mamba/envs/pycaret/lib/python3.10/site-packages/sklearn/linear_model/_coordinate_descent.py:678: ConvergenceWarning: Objective did not converge. You might want to increase the number of iterations, check the scale of the features or consider increasing regularisation. Duality gap: 6.278e+01, tolerance: 1.842e+00
  model = cd_fast.enet_coordinate_descent(

2026-01-03 14:28:31,434:WARNING:/home/ilyandho/.local/share/mamba/envs/pycaret/lib/python3.10/site-packages/sklearn/linear_model/_coordinate_descent.py:678: ConvergenceWarning: Objective did not converge. You might want to increase the number of iterations, check the scale of the features or consider increasing regularisation. Duality gap: 6.356e+01, tolerance: 1.866e+00
  model = cd_fast.enet_coordinate_descent(

2026-01-03 14:28:31,541:WARNING:/home/ilyandho/.local/share/mamba/envs/pycaret/lib/python3.10/site-packages/sklearn/linear_model/_coordinate_descent.py:678: ConvergenceWarning: Objective did not converge. You might want to increase the number of iterations, check the scale of the features or consider increasing regularisation. Duality gap: 6.978e+01, tolerance: 1.871e+00
  model = cd_fast.enet_coordinate_descent(

2026-01-03 14:28:32,182:WARNING:/home/ilyandho/.local/share/mamba/envs/pycaret/lib/python3.10/site-packages/sklearn/linear_model/_coordinate_descent.py:678: ConvergenceWarning: Objective did not converge. You might want to increase the number of iterations, check the scale of the features or consider increasing regularisation. Duality gap: 6.873e+01, tolerance: 1.874e+00
  model = cd_fast.enet_coordinate_descent(

2026-01-03 14:28:32,366:WARNING:/home/ilyandho/.local/share/mamba/envs/pycaret/lib/python3.10/site-packages/sklearn/linear_model/_coordinate_descent.py:678: ConvergenceWarning: Objective did not converge. You might want to increase the number of iterations, check the scale of the features or consider increasing regularisation. Duality gap: 7.200e+01, tolerance: 1.858e+00
  model = cd_fast.enet_coordinate_descent(

2026-01-03 14:28:32,453:INFO:Calculating mean and std
2026-01-03 14:28:32,455:INFO:Creating metrics dataframe
2026-01-03 14:28:32,457:INFO:Uploading results into container
2026-01-03 14:28:32,458:INFO:Uploading model into container now
2026-01-03 14:28:32,459:INFO:_master_model_container: 2
2026-01-03 14:28:32,460:INFO:_display_container: 2
2026-01-03 14:28:32,460:INFO:Lasso(random_state=5684)
2026-01-03 14:28:32,461:INFO:create_model() successfully completed......................................
2026-01-03 14:28:32,635:INFO:SubProcess create_model() end ==================================
2026-01-03 14:28:32,635:INFO:Creating metrics dataframe
2026-01-03 14:28:32,643:INFO:Initializing Ridge Regression
2026-01-03 14:28:32,643:INFO:Total runtime is 0.2260414282480876 minutes
2026-01-03 14:28:32,651:INFO:SubProcess create_model() called ==================================
2026-01-03 14:28:32,652:INFO:Initializing create_model()
2026-01-03 14:28:32,652:INFO:create_model(self=<pycaret.regression.oop.RegressionExperiment object at 0x7f6690c40400>, estimator=ridge, fold=KFold(n_splits=10, random_state=None, shuffle=False), round=4, cross_validation=True, predict=True, fit_kwargs={}, groups=None, refit=False, probability_threshold=None, experiment_custom_tags=None, verbose=False, system=False, add_to_model_list=True, metrics=None, display=<pycaret.internal.display.display.CommonDisplay object at 0x7f6690ee27d0>, model_only=True, return_train_score=False, error_score=0.0, kwargs={})
2026-01-03 14:28:32,652:INFO:Checking exceptions
2026-01-03 14:28:32,652:INFO:Importing libraries
2026-01-03 14:28:32,652:INFO:Copying training dataset
2026-01-03 14:28:32,736:INFO:Defining folds
2026-01-03 14:28:32,736:INFO:Declaring metric variables
2026-01-03 14:28:32,746:INFO:Importing untrained model
2026-01-03 14:28:32,757:INFO:Ridge Regression Imported successfully
2026-01-03 14:28:32,787:INFO:Starting cross validation
2026-01-03 14:28:32,792:INFO:Cross validating with KFold(n_splits=10, random_state=None, shuffle=False), n_jobs=-1
2026-01-03 14:28:35,273:INFO:Calculating mean and std
2026-01-03 14:28:35,274:INFO:Creating metrics dataframe
2026-01-03 14:28:35,276:INFO:Uploading results into container
2026-01-03 14:28:35,277:INFO:Uploading model into container now
2026-01-03 14:28:35,279:INFO:_master_model_container: 3
2026-01-03 14:28:35,279:INFO:_display_container: 2
2026-01-03 14:28:35,279:INFO:Ridge(random_state=5684)
2026-01-03 14:28:35,280:INFO:create_model() successfully completed......................................
2026-01-03 14:28:35,446:INFO:SubProcess create_model() end ==================================
2026-01-03 14:28:35,446:INFO:Creating metrics dataframe
2026-01-03 14:28:35,456:INFO:Initializing Elastic Net
2026-01-03 14:28:35,457:INFO:Total runtime is 0.27293117443720505 minutes
2026-01-03 14:28:35,465:INFO:SubProcess create_model() called ==================================
2026-01-03 14:28:35,466:INFO:Initializing create_model()
2026-01-03 14:28:35,466:INFO:create_model(self=<pycaret.regression.oop.RegressionExperiment object at 0x7f6690c40400>, estimator=en, fold=KFold(n_splits=10, random_state=None, shuffle=False), round=4, cross_validation=True, predict=True, fit_kwargs={}, groups=None, refit=False, probability_threshold=None, experiment_custom_tags=None, verbose=False, system=False, add_to_model_list=True, metrics=None, display=<pycaret.internal.display.display.CommonDisplay object at 0x7f6690ee27d0>, model_only=True, return_train_score=False, error_score=0.0, kwargs={})
2026-01-03 14:28:35,466:INFO:Checking exceptions
2026-01-03 14:28:35,466:INFO:Importing libraries
2026-01-03 14:28:35,466:INFO:Copying training dataset
2026-01-03 14:28:35,549:INFO:Defining folds
2026-01-03 14:28:35,549:INFO:Declaring metric variables
2026-01-03 14:28:35,557:INFO:Importing untrained model
2026-01-03 14:28:35,571:INFO:Elastic Net Imported successfully
2026-01-03 14:28:35,596:INFO:Starting cross validation
2026-01-03 14:28:35,598:INFO:Cross validating with KFold(n_splits=10, random_state=None, shuffle=False), n_jobs=-1
2026-01-03 14:28:37,393:WARNING:/home/ilyandho/.local/share/mamba/envs/pycaret/lib/python3.10/site-packages/sklearn/linear_model/_coordinate_descent.py:678: ConvergenceWarning: Objective did not converge. You might want to increase the number of iterations, check the scale of the features or consider increasing regularisation. Duality gap: 6.194e+01, tolerance: 1.853e+00
  model = cd_fast.enet_coordinate_descent(

2026-01-03 14:28:38,250:WARNING:/home/ilyandho/.local/share/mamba/envs/pycaret/lib/python3.10/site-packages/sklearn/linear_model/_coordinate_descent.py:678: ConvergenceWarning: Objective did not converge. You might want to increase the number of iterations, check the scale of the features or consider increasing regularisation. Duality gap: 6.009e+01, tolerance: 1.848e+00
  model = cd_fast.enet_coordinate_descent(

2026-01-03 14:28:38,471:WARNING:/home/ilyandho/.local/share/mamba/envs/pycaret/lib/python3.10/site-packages/sklearn/linear_model/_coordinate_descent.py:678: ConvergenceWarning: Objective did not converge. You might want to increase the number of iterations, check the scale of the features or consider increasing regularisation. Duality gap: 6.387e+01, tolerance: 1.831e+00
  model = cd_fast.enet_coordinate_descent(

2026-01-03 14:28:38,654:WARNING:/home/ilyandho/.local/share/mamba/envs/pycaret/lib/python3.10/site-packages/sklearn/linear_model/_coordinate_descent.py:678: ConvergenceWarning: Objective did not converge. You might want to increase the number of iterations, check the scale of the features or consider increasing regularisation. Duality gap: 5.872e+01, tolerance: 1.858e+00
  model = cd_fast.enet_coordinate_descent(

2026-01-03 14:28:39,956:WARNING:/home/ilyandho/.local/share/mamba/envs/pycaret/lib/python3.10/site-packages/sklearn/linear_model/_coordinate_descent.py:678: ConvergenceWarning: Objective did not converge. You might want to increase the number of iterations, check the scale of the features or consider increasing regularisation. Duality gap: 6.098e+01, tolerance: 1.850e+00
  model = cd_fast.enet_coordinate_descent(

2026-01-03 14:28:40,287:WARNING:/home/ilyandho/.local/share/mamba/envs/pycaret/lib/python3.10/site-packages/sklearn/linear_model/_coordinate_descent.py:678: ConvergenceWarning: Objective did not converge. You might want to increase the number of iterations, check the scale of the features or consider increasing regularisation. Duality gap: 5.852e+01, tolerance: 1.866e+00
  model = cd_fast.enet_coordinate_descent(

2026-01-03 14:28:40,741:WARNING:/home/ilyandho/.local/share/mamba/envs/pycaret/lib/python3.10/site-packages/sklearn/linear_model/_coordinate_descent.py:678: ConvergenceWarning: Objective did not converge. You might want to increase the number of iterations, check the scale of the features or consider increasing regularisation. Duality gap: 5.758e+01, tolerance: 1.842e+00
  model = cd_fast.enet_coordinate_descent(

2026-01-03 14:28:40,942:WARNING:/home/ilyandho/.local/share/mamba/envs/pycaret/lib/python3.10/site-packages/sklearn/linear_model/_coordinate_descent.py:678: ConvergenceWarning: Objective did not converge. You might want to increase the number of iterations, check the scale of the features or consider increasing regularisation. Duality gap: 6.496e+01, tolerance: 1.871e+00
  model = cd_fast.enet_coordinate_descent(

2026-01-03 14:28:41,557:WARNING:/home/ilyandho/.local/share/mamba/envs/pycaret/lib/python3.10/site-packages/sklearn/linear_model/_coordinate_descent.py:678: ConvergenceWarning: Objective did not converge. You might want to increase the number of iterations, check the scale of the features or consider increasing regularisation. Duality gap: 6.467e+01, tolerance: 1.874e+00
  model = cd_fast.enet_coordinate_descent(

2026-01-03 14:28:41,777:WARNING:/home/ilyandho/.local/share/mamba/envs/pycaret/lib/python3.10/site-packages/sklearn/linear_model/_coordinate_descent.py:678: ConvergenceWarning: Objective did not converge. You might want to increase the number of iterations, check the scale of the features or consider increasing regularisation. Duality gap: 6.721e+01, tolerance: 1.858e+00
  model = cd_fast.enet_coordinate_descent(

2026-01-03 14:28:41,821:INFO:Calculating mean and std
2026-01-03 14:28:41,823:INFO:Creating metrics dataframe
2026-01-03 14:28:41,828:INFO:Uploading results into container
2026-01-03 14:28:41,830:INFO:Uploading model into container now
2026-01-03 14:28:41,831:INFO:_master_model_container: 4
2026-01-03 14:28:41,831:INFO:_display_container: 2
2026-01-03 14:28:41,831:INFO:ElasticNet(random_state=5684)
2026-01-03 14:28:41,831:INFO:create_model() successfully completed......................................
2026-01-03 14:28:41,992:INFO:SubProcess create_model() end ==================================
2026-01-03 14:28:41,992:INFO:Creating metrics dataframe
2026-01-03 14:28:42,003:INFO:Initializing Least Angle Regression
2026-01-03 14:28:42,003:INFO:Total runtime is 0.38203551769256594 minutes
2026-01-03 14:28:42,010:INFO:SubProcess create_model() called ==================================
2026-01-03 14:28:42,011:INFO:Initializing create_model()
2026-01-03 14:28:42,011:INFO:create_model(self=<pycaret.regression.oop.RegressionExperiment object at 0x7f6690c40400>, estimator=lar, fold=KFold(n_splits=10, random_state=None, shuffle=False), round=4, cross_validation=True, predict=True, fit_kwargs={}, groups=None, refit=False, probability_threshold=None, experiment_custom_tags=None, verbose=False, system=False, add_to_model_list=True, metrics=None, display=<pycaret.internal.display.display.CommonDisplay object at 0x7f6690ee27d0>, model_only=True, return_train_score=False, error_score=0.0, kwargs={})
2026-01-03 14:28:42,011:INFO:Checking exceptions
2026-01-03 14:28:42,011:INFO:Importing libraries
2026-01-03 14:28:42,011:INFO:Copying training dataset
2026-01-03 14:28:42,090:INFO:Defining folds
2026-01-03 14:28:42,090:INFO:Declaring metric variables
2026-01-03 14:28:42,099:INFO:Importing untrained model
2026-01-03 14:28:42,113:INFO:Least Angle Regression Imported successfully
2026-01-03 14:28:42,140:INFO:Starting cross validation
2026-01-03 14:28:42,144:INFO:Cross validating with KFold(n_splits=10, random_state=None, shuffle=False), n_jobs=-1
2026-01-03 14:28:43,358:WARNING:/home/ilyandho/.local/share/mamba/envs/pycaret/lib/python3.10/site-packages/sklearn/metrics/_regression.py:501: RuntimeWarning: overflow encountered in square
  output_errors = np.average((y_true - y_pred) ** 2, axis=0, weights=sample_weight)

2026-01-03 14:28:43,360:WARNING:/home/ilyandho/.local/share/mamba/envs/pycaret/lib/python3.10/site-packages/sklearn/metrics/_regression.py:501: RuntimeWarning: overflow encountered in square
  output_errors = np.average((y_true - y_pred) ** 2, axis=0, weights=sample_weight)

2026-01-03 14:28:43,361:WARNING:/home/ilyandho/.local/share/mamba/envs/pycaret/lib/python3.10/site-packages/sklearn/metrics/_regression.py:1196: RuntimeWarning: overflow encountered in square
  numerator = (weight * (y_true - y_pred) ** 2).sum(axis=0, dtype=np.float64)

2026-01-03 14:28:43,701:WARNING:/home/ilyandho/.local/share/mamba/envs/pycaret/lib/python3.10/site-packages/sklearn/metrics/_regression.py:501: RuntimeWarning: overflow encountered in square
  output_errors = np.average((y_true - y_pred) ** 2, axis=0, weights=sample_weight)

2026-01-03 14:28:43,701:WARNING:/home/ilyandho/.local/share/mamba/envs/pycaret/lib/python3.10/site-packages/numpy/core/_methods.py:118: RuntimeWarning: overflow encountered in reduce
  ret = umr_sum(arr, axis, dtype, out, keepdims, where=where)

2026-01-03 14:28:43,702:WARNING:/home/ilyandho/.local/share/mamba/envs/pycaret/lib/python3.10/site-packages/sklearn/metrics/_regression.py:501: RuntimeWarning: overflow encountered in square
  output_errors = np.average((y_true - y_pred) ** 2, axis=0, weights=sample_weight)

2026-01-03 14:28:43,703:WARNING:/home/ilyandho/.local/share/mamba/envs/pycaret/lib/python3.10/site-packages/numpy/core/_methods.py:118: RuntimeWarning: overflow encountered in reduce
  ret = umr_sum(arr, axis, dtype, out, keepdims, where=where)

2026-01-03 14:28:43,704:WARNING:/home/ilyandho/.local/share/mamba/envs/pycaret/lib/python3.10/site-packages/sklearn/metrics/_regression.py:1196: RuntimeWarning: overflow encountered in square
  numerator = (weight * (y_true - y_pred) ** 2).sum(axis=0, dtype=np.float64)

2026-01-03 14:28:43,704:WARNING:/home/ilyandho/.local/share/mamba/envs/pycaret/lib/python3.10/site-packages/numpy/core/_methods.py:49: RuntimeWarning: overflow encountered in reduce
  return umr_sum(a, axis, dtype, out, keepdims, initial, where)

2026-01-03 14:28:45,162:WARNING:/home/ilyandho/.local/share/mamba/envs/pycaret/lib/python3.10/site-packages/sklearn/metrics/_regression.py:501: RuntimeWarning: overflow encountered in square
  output_errors = np.average((y_true - y_pred) ** 2, axis=0, weights=sample_weight)

2026-01-03 14:28:45,163:WARNING:/home/ilyandho/.local/share/mamba/envs/pycaret/lib/python3.10/site-packages/sklearn/metrics/_regression.py:501: RuntimeWarning: overflow encountered in square
  output_errors = np.average((y_true - y_pred) ** 2, axis=0, weights=sample_weight)

2026-01-03 14:28:45,164:WARNING:/home/ilyandho/.local/share/mamba/envs/pycaret/lib/python3.10/site-packages/sklearn/metrics/_regression.py:1196: RuntimeWarning: overflow encountered in square
  numerator = (weight * (y_true - y_pred) ** 2).sum(axis=0, dtype=np.float64)

2026-01-03 14:28:45,172:INFO:Calculating mean and std
2026-01-03 14:28:45,173:WARNING:/home/ilyandho/.local/share/mamba/envs/pycaret/lib/python3.10/site-packages/numpy/core/_methods.py:176: RuntimeWarning: overflow encountered in multiply
  x = um.multiply(x, x, out=x)

2026-01-03 14:28:45,173:WARNING:/home/ilyandho/.local/share/mamba/envs/pycaret/lib/python3.10/site-packages/numpy/core/_methods.py:173: RuntimeWarning: invalid value encountered in subtract
  x = asanyarray(arr - arrmean)

2026-01-03 14:28:45,174:INFO:Creating metrics dataframe
2026-01-03 14:28:45,177:INFO:Uploading results into container
2026-01-03 14:28:45,179:INFO:Uploading model into container now
2026-01-03 14:28:45,179:INFO:_master_model_container: 5
2026-01-03 14:28:45,179:INFO:_display_container: 2
2026-01-03 14:28:45,180:INFO:Lars(random_state=5684)
2026-01-03 14:28:45,180:INFO:create_model() successfully completed......................................
2026-01-03 14:28:45,340:WARNING:/home/ilyandho/.local/share/mamba/envs/pycaret/lib/python3.10/site-packages/numpy/core/_methods.py:49: RuntimeWarning: invalid value encountered in reduce
  return umr_sum(a, axis, dtype, out, keepdims, initial, where)

2026-01-03 14:28:45,340:INFO:SubProcess create_model() end ==================================
2026-01-03 14:28:45,340:INFO:Creating metrics dataframe
2026-01-03 14:28:45,351:INFO:Initializing Lasso Least Angle Regression
2026-01-03 14:28:45,351:INFO:Total runtime is 0.4378392815589905 minutes
2026-01-03 14:28:45,360:INFO:SubProcess create_model() called ==================================
2026-01-03 14:28:45,361:INFO:Initializing create_model()
2026-01-03 14:28:45,361:INFO:create_model(self=<pycaret.regression.oop.RegressionExperiment object at 0x7f6690c40400>, estimator=llar, fold=KFold(n_splits=10, random_state=None, shuffle=False), round=4, cross_validation=True, predict=True, fit_kwargs={}, groups=None, refit=False, probability_threshold=None, experiment_custom_tags=None, verbose=False, system=False, add_to_model_list=True, metrics=None, display=<pycaret.internal.display.display.CommonDisplay object at 0x7f6690ee27d0>, model_only=True, return_train_score=False, error_score=0.0, kwargs={})
2026-01-03 14:28:45,361:INFO:Checking exceptions
2026-01-03 14:28:45,362:INFO:Importing libraries
2026-01-03 14:28:45,362:INFO:Copying training dataset
2026-01-03 14:28:45,429:INFO:Defining folds
2026-01-03 14:28:45,429:INFO:Declaring metric variables
2026-01-03 14:28:45,438:INFO:Importing untrained model
2026-01-03 14:28:45,451:INFO:Lasso Least Angle Regression Imported successfully
2026-01-03 14:28:45,480:INFO:Starting cross validation
2026-01-03 14:28:45,484:INFO:Cross validating with KFold(n_splits=10, random_state=None, shuffle=False), n_jobs=-1
2026-01-03 14:28:48,265:INFO:Calculating mean and std
2026-01-03 14:28:48,266:INFO:Creating metrics dataframe
2026-01-03 14:28:48,270:INFO:Uploading results into container
2026-01-03 14:28:48,270:INFO:Uploading model into container now
2026-01-03 14:28:48,271:INFO:_master_model_container: 6
2026-01-03 14:28:48,271:INFO:_display_container: 2
2026-01-03 14:28:48,272:INFO:LassoLars(random_state=5684)
2026-01-03 14:28:48,272:INFO:create_model() successfully completed......................................
2026-01-03 14:28:48,430:INFO:SubProcess create_model() end ==================================
2026-01-03 14:28:48,430:INFO:Creating metrics dataframe
2026-01-03 14:28:48,440:INFO:Initializing Orthogonal Matching Pursuit
2026-01-03 14:28:48,441:INFO:Total runtime is 0.4893304149309794 minutes
2026-01-03 14:28:48,450:INFO:SubProcess create_model() called ==================================
2026-01-03 14:28:48,451:INFO:Initializing create_model()
2026-01-03 14:28:48,451:INFO:create_model(self=<pycaret.regression.oop.RegressionExperiment object at 0x7f6690c40400>, estimator=omp, fold=KFold(n_splits=10, random_state=None, shuffle=False), round=4, cross_validation=True, predict=True, fit_kwargs={}, groups=None, refit=False, probability_threshold=None, experiment_custom_tags=None, verbose=False, system=False, add_to_model_list=True, metrics=None, display=<pycaret.internal.display.display.CommonDisplay object at 0x7f6690ee27d0>, model_only=True, return_train_score=False, error_score=0.0, kwargs={})
2026-01-03 14:28:48,451:INFO:Checking exceptions
2026-01-03 14:28:48,451:INFO:Importing libraries
2026-01-03 14:28:48,452:INFO:Copying training dataset
2026-01-03 14:28:48,542:INFO:Defining folds
2026-01-03 14:28:48,542:INFO:Declaring metric variables
2026-01-03 14:28:48,552:INFO:Importing untrained model
2026-01-03 14:28:48,562:INFO:Orthogonal Matching Pursuit Imported successfully
2026-01-03 14:28:48,591:INFO:Starting cross validation
2026-01-03 14:28:48,597:INFO:Cross validating with KFold(n_splits=10, random_state=None, shuffle=False), n_jobs=-1
2026-01-03 14:28:51,286:INFO:Calculating mean and std
2026-01-03 14:28:51,287:INFO:Creating metrics dataframe
2026-01-03 14:28:51,289:INFO:Uploading results into container
2026-01-03 14:28:51,290:INFO:Uploading model into container now
2026-01-03 14:28:51,291:INFO:_master_model_container: 7
2026-01-03 14:28:51,292:INFO:_display_container: 2
2026-01-03 14:28:51,292:INFO:OrthogonalMatchingPursuit()
2026-01-03 14:28:51,292:INFO:create_model() successfully completed......................................
2026-01-03 14:28:51,450:INFO:SubProcess create_model() end ==================================
2026-01-03 14:28:51,450:INFO:Creating metrics dataframe
2026-01-03 14:28:51,463:INFO:Initializing Bayesian Ridge
2026-01-03 14:28:51,463:INFO:Total runtime is 0.5397133270899455 minutes
2026-01-03 14:28:51,471:INFO:SubProcess create_model() called ==================================
2026-01-03 14:28:51,471:INFO:Initializing create_model()
2026-01-03 14:28:51,472:INFO:create_model(self=<pycaret.regression.oop.RegressionExperiment object at 0x7f6690c40400>, estimator=br, fold=KFold(n_splits=10, random_state=None, shuffle=False), round=4, cross_validation=True, predict=True, fit_kwargs={}, groups=None, refit=False, probability_threshold=None, experiment_custom_tags=None, verbose=False, system=False, add_to_model_list=True, metrics=None, display=<pycaret.internal.display.display.CommonDisplay object at 0x7f6690ee27d0>, model_only=True, return_train_score=False, error_score=0.0, kwargs={})
2026-01-03 14:28:51,472:INFO:Checking exceptions
2026-01-03 14:28:51,472:INFO:Importing libraries
2026-01-03 14:28:51,472:INFO:Copying training dataset
2026-01-03 14:28:51,540:INFO:Defining folds
2026-01-03 14:28:51,541:INFO:Declaring metric variables
2026-01-03 14:28:51,551:INFO:Importing untrained model
2026-01-03 14:28:51,559:INFO:Bayesian Ridge Imported successfully
2026-01-03 14:28:51,579:INFO:Starting cross validation
2026-01-03 14:28:51,584:INFO:Cross validating with KFold(n_splits=10, random_state=None, shuffle=False), n_jobs=-1
2026-01-03 14:28:54,703:INFO:Calculating mean and std
2026-01-03 14:28:54,704:INFO:Creating metrics dataframe
2026-01-03 14:28:54,708:INFO:Uploading results into container
2026-01-03 14:28:54,709:INFO:Uploading model into container now
2026-01-03 14:28:54,709:INFO:_master_model_container: 8
2026-01-03 14:28:54,710:INFO:_display_container: 2
2026-01-03 14:28:54,710:INFO:BayesianRidge()
2026-01-03 14:28:54,710:INFO:create_model() successfully completed......................................
2026-01-03 14:28:54,870:INFO:SubProcess create_model() end ==================================
2026-01-03 14:28:54,870:INFO:Creating metrics dataframe
2026-01-03 14:28:54,884:INFO:Initializing Passive Aggressive Regressor
2026-01-03 14:28:54,884:INFO:Total runtime is 0.5967205007870992 minutes
2026-01-03 14:28:54,893:INFO:SubProcess create_model() called ==================================
2026-01-03 14:28:54,894:INFO:Initializing create_model()
2026-01-03 14:28:54,895:INFO:create_model(self=<pycaret.regression.oop.RegressionExperiment object at 0x7f6690c40400>, estimator=par, fold=KFold(n_splits=10, random_state=None, shuffle=False), round=4, cross_validation=True, predict=True, fit_kwargs={}, groups=None, refit=False, probability_threshold=None, experiment_custom_tags=None, verbose=False, system=False, add_to_model_list=True, metrics=None, display=<pycaret.internal.display.display.CommonDisplay object at 0x7f6690ee27d0>, model_only=True, return_train_score=False, error_score=0.0, kwargs={})
2026-01-03 14:28:54,895:INFO:Checking exceptions
2026-01-03 14:28:54,895:INFO:Importing libraries
2026-01-03 14:28:54,895:INFO:Copying training dataset
2026-01-03 14:28:54,986:INFO:Defining folds
2026-01-03 14:28:54,986:INFO:Declaring metric variables
2026-01-03 14:28:54,997:INFO:Importing untrained model
2026-01-03 14:28:55,008:INFO:Passive Aggressive Regressor Imported successfully
2026-01-03 14:28:55,029:INFO:Starting cross validation
2026-01-03 14:28:55,034:INFO:Cross validating with KFold(n_splits=10, random_state=None, shuffle=False), n_jobs=-1
2026-01-03 14:28:58,545:INFO:Calculating mean and std
2026-01-03 14:28:58,547:INFO:Creating metrics dataframe
2026-01-03 14:28:58,549:INFO:Uploading results into container
2026-01-03 14:28:58,549:INFO:Uploading model into container now
2026-01-03 14:28:58,550:INFO:_master_model_container: 9
2026-01-03 14:28:58,550:INFO:_display_container: 2
2026-01-03 14:28:58,550:INFO:PassiveAggressiveRegressor(random_state=5684)
2026-01-03 14:28:58,550:INFO:create_model() successfully completed......................................
2026-01-03 14:28:58,725:INFO:SubProcess create_model() end ==================================
2026-01-03 14:28:58,725:INFO:Creating metrics dataframe
2026-01-03 14:28:58,741:INFO:Initializing Huber Regressor
2026-01-03 14:28:58,742:INFO:Total runtime is 0.6610141277313232 minutes
2026-01-03 14:28:58,748:INFO:SubProcess create_model() called ==================================
2026-01-03 14:28:58,749:INFO:Initializing create_model()
2026-01-03 14:28:58,749:INFO:create_model(self=<pycaret.regression.oop.RegressionExperiment object at 0x7f6690c40400>, estimator=huber, fold=KFold(n_splits=10, random_state=None, shuffle=False), round=4, cross_validation=True, predict=True, fit_kwargs={}, groups=None, refit=False, probability_threshold=None, experiment_custom_tags=None, verbose=False, system=False, add_to_model_list=True, metrics=None, display=<pycaret.internal.display.display.CommonDisplay object at 0x7f6690ee27d0>, model_only=True, return_train_score=False, error_score=0.0, kwargs={})
2026-01-03 14:28:58,749:INFO:Checking exceptions
2026-01-03 14:28:58,749:INFO:Importing libraries
2026-01-03 14:28:58,749:INFO:Copying training dataset
2026-01-03 14:28:58,822:INFO:Defining folds
2026-01-03 14:28:58,822:INFO:Declaring metric variables
2026-01-03 14:28:58,832:INFO:Importing untrained model
2026-01-03 14:28:58,842:INFO:Huber Regressor Imported successfully
2026-01-03 14:28:58,865:INFO:Starting cross validation
2026-01-03 14:28:58,869:INFO:Cross validating with KFold(n_splits=10, random_state=None, shuffle=False), n_jobs=-1
2026-01-03 14:29:02,938:INFO:Calculating mean and std
2026-01-03 14:29:02,940:INFO:Creating metrics dataframe
2026-01-03 14:29:02,942:INFO:Uploading results into container
2026-01-03 14:29:02,942:INFO:Uploading model into container now
2026-01-03 14:29:02,943:INFO:_master_model_container: 10
2026-01-03 14:29:02,943:INFO:_display_container: 2
2026-01-03 14:29:02,943:INFO:HuberRegressor()
2026-01-03 14:29:02,943:INFO:create_model() successfully completed......................................
2026-01-03 14:29:03,105:INFO:SubProcess create_model() end ==================================
2026-01-03 14:29:03,105:INFO:Creating metrics dataframe
2026-01-03 14:29:03,119:INFO:Initializing K Neighbors Regressor
2026-01-03 14:29:03,119:INFO:Total runtime is 0.7339743256568908 minutes
2026-01-03 14:29:03,127:INFO:SubProcess create_model() called ==================================
2026-01-03 14:29:03,128:INFO:Initializing create_model()
2026-01-03 14:29:03,128:INFO:create_model(self=<pycaret.regression.oop.RegressionExperiment object at 0x7f6690c40400>, estimator=knn, fold=KFold(n_splits=10, random_state=None, shuffle=False), round=4, cross_validation=True, predict=True, fit_kwargs={}, groups=None, refit=False, probability_threshold=None, experiment_custom_tags=None, verbose=False, system=False, add_to_model_list=True, metrics=None, display=<pycaret.internal.display.display.CommonDisplay object at 0x7f6690ee27d0>, model_only=True, return_train_score=False, error_score=0.0, kwargs={})
2026-01-03 14:29:03,128:INFO:Checking exceptions
2026-01-03 14:29:03,128:INFO:Importing libraries
2026-01-03 14:29:03,129:INFO:Copying training dataset
2026-01-03 14:29:03,191:INFO:Defining folds
2026-01-03 14:29:03,191:INFO:Declaring metric variables
2026-01-03 14:29:03,199:INFO:Importing untrained model
2026-01-03 14:29:03,207:INFO:K Neighbors Regressor Imported successfully
2026-01-03 14:29:03,230:INFO:Starting cross validation
2026-01-03 14:29:03,236:INFO:Cross validating with KFold(n_splits=10, random_state=None, shuffle=False), n_jobs=-1
2026-01-03 14:29:06,126:INFO:Calculating mean and std
2026-01-03 14:29:06,127:INFO:Creating metrics dataframe
2026-01-03 14:29:06,131:INFO:Uploading results into container
2026-01-03 14:29:06,132:INFO:Uploading model into container now
2026-01-03 14:29:06,133:INFO:_master_model_container: 11
2026-01-03 14:29:06,133:INFO:_display_container: 2
2026-01-03 14:29:06,133:INFO:KNeighborsRegressor(n_jobs=-1)
2026-01-03 14:29:06,133:INFO:create_model() successfully completed......................................
2026-01-03 14:29:06,308:INFO:SubProcess create_model() end ==================================
2026-01-03 14:29:06,308:INFO:Creating metrics dataframe
2026-01-03 14:29:06,323:INFO:Initializing Decision Tree Regressor
2026-01-03 14:29:06,324:INFO:Total runtime is 0.7873814264933268 minutes
2026-01-03 14:29:06,332:INFO:SubProcess create_model() called ==================================
2026-01-03 14:29:06,333:INFO:Initializing create_model()
2026-01-03 14:29:06,333:INFO:create_model(self=<pycaret.regression.oop.RegressionExperiment object at 0x7f6690c40400>, estimator=dt, fold=KFold(n_splits=10, random_state=None, shuffle=False), round=4, cross_validation=True, predict=True, fit_kwargs={}, groups=None, refit=False, probability_threshold=None, experiment_custom_tags=None, verbose=False, system=False, add_to_model_list=True, metrics=None, display=<pycaret.internal.display.display.CommonDisplay object at 0x7f6690ee27d0>, model_only=True, return_train_score=False, error_score=0.0, kwargs={})
2026-01-03 14:29:06,334:INFO:Checking exceptions
2026-01-03 14:29:06,334:INFO:Importing libraries
2026-01-03 14:29:06,334:INFO:Copying training dataset
2026-01-03 14:29:06,425:INFO:Defining folds
2026-01-03 14:29:06,425:INFO:Declaring metric variables
2026-01-03 14:29:06,436:INFO:Importing untrained model
2026-01-03 14:29:06,448:INFO:Decision Tree Regressor Imported successfully
2026-01-03 14:29:06,466:INFO:Starting cross validation
2026-01-03 14:29:06,471:INFO:Cross validating with KFold(n_splits=10, random_state=None, shuffle=False), n_jobs=-1
2026-01-03 14:29:10,604:INFO:Calculating mean and std
2026-01-03 14:29:10,605:INFO:Creating metrics dataframe
2026-01-03 14:29:10,607:INFO:Uploading results into container
2026-01-03 14:29:10,608:INFO:Uploading model into container now
2026-01-03 14:29:10,609:INFO:_master_model_container: 12
2026-01-03 14:29:10,609:INFO:_display_container: 2
2026-01-03 14:29:10,609:INFO:DecisionTreeRegressor(random_state=5684)
2026-01-03 14:29:10,610:INFO:create_model() successfully completed......................................
2026-01-03 14:29:10,769:INFO:SubProcess create_model() end ==================================
2026-01-03 14:29:10,769:INFO:Creating metrics dataframe
2026-01-03 14:29:10,784:INFO:Initializing Random Forest Regressor
2026-01-03 14:29:10,784:INFO:Total runtime is 0.8617218613624572 minutes
2026-01-03 14:29:10,793:INFO:SubProcess create_model() called ==================================
2026-01-03 14:29:10,793:INFO:Initializing create_model()
2026-01-03 14:29:10,793:INFO:create_model(self=<pycaret.regression.oop.RegressionExperiment object at 0x7f6690c40400>, estimator=rf, fold=KFold(n_splits=10, random_state=None, shuffle=False), round=4, cross_validation=True, predict=True, fit_kwargs={}, groups=None, refit=False, probability_threshold=None, experiment_custom_tags=None, verbose=False, system=False, add_to_model_list=True, metrics=None, display=<pycaret.internal.display.display.CommonDisplay object at 0x7f6690ee27d0>, model_only=True, return_train_score=False, error_score=0.0, kwargs={})
2026-01-03 14:29:10,793:INFO:Checking exceptions
2026-01-03 14:29:10,794:INFO:Importing libraries
2026-01-03 14:29:10,794:INFO:Copying training dataset
2026-01-03 14:29:10,888:INFO:Defining folds
2026-01-03 14:29:10,888:INFO:Declaring metric variables
2026-01-03 14:29:10,897:INFO:Importing untrained model
2026-01-03 14:29:10,906:INFO:Random Forest Regressor Imported successfully
2026-01-03 14:29:10,927:INFO:Starting cross validation
2026-01-03 14:29:10,930:INFO:Cross validating with KFold(n_splits=10, random_state=None, shuffle=False), n_jobs=-1
2026-01-03 14:30:32,302:INFO:Calculating mean and std
2026-01-03 14:30:32,303:INFO:Creating metrics dataframe
2026-01-03 14:30:32,305:INFO:Uploading results into container
2026-01-03 14:30:32,306:INFO:Uploading model into container now
2026-01-03 14:30:32,306:INFO:_master_model_container: 13
2026-01-03 14:30:32,306:INFO:_display_container: 2
2026-01-03 14:30:32,307:INFO:RandomForestRegressor(n_jobs=-1, random_state=5684)
2026-01-03 14:30:32,307:INFO:create_model() successfully completed......................................
2026-01-03 14:30:32,465:INFO:SubProcess create_model() end ==================================
2026-01-03 14:30:32,466:INFO:Creating metrics dataframe
2026-01-03 14:30:32,480:INFO:Initializing Extra Trees Regressor
2026-01-03 14:30:32,480:INFO:Total runtime is 2.2233251055081684 minutes
2026-01-03 14:30:32,488:INFO:SubProcess create_model() called ==================================
2026-01-03 14:30:32,488:INFO:Initializing create_model()
2026-01-03 14:30:32,489:INFO:create_model(self=<pycaret.regression.oop.RegressionExperiment object at 0x7f6690c40400>, estimator=et, fold=KFold(n_splits=10, random_state=None, shuffle=False), round=4, cross_validation=True, predict=True, fit_kwargs={}, groups=None, refit=False, probability_threshold=None, experiment_custom_tags=None, verbose=False, system=False, add_to_model_list=True, metrics=None, display=<pycaret.internal.display.display.CommonDisplay object at 0x7f6690ee27d0>, model_only=True, return_train_score=False, error_score=0.0, kwargs={})
2026-01-03 14:30:32,489:INFO:Checking exceptions
2026-01-03 14:30:32,489:INFO:Importing libraries
2026-01-03 14:30:32,489:INFO:Copying training dataset
2026-01-03 14:30:32,565:INFO:Defining folds
2026-01-03 14:30:32,566:INFO:Declaring metric variables
2026-01-03 14:30:32,577:INFO:Importing untrained model
2026-01-03 14:30:32,587:INFO:Extra Trees Regressor Imported successfully
2026-01-03 14:30:32,604:INFO:Starting cross validation
2026-01-03 14:30:32,608:INFO:Cross validating with KFold(n_splits=10, random_state=None, shuffle=False), n_jobs=-1
2026-01-03 14:31:19,910:INFO:Calculating mean and std
2026-01-03 14:31:19,911:INFO:Creating metrics dataframe
2026-01-03 14:31:19,915:INFO:Uploading results into container
2026-01-03 14:31:19,915:INFO:Uploading model into container now
2026-01-03 14:31:19,916:INFO:_master_model_container: 14
2026-01-03 14:31:19,916:INFO:_display_container: 2
2026-01-03 14:31:19,916:INFO:ExtraTreesRegressor(n_jobs=-1, random_state=5684)
2026-01-03 14:31:19,917:INFO:create_model() successfully completed......................................
2026-01-03 14:31:20,091:INFO:SubProcess create_model() end ==================================
2026-01-03 14:31:20,091:INFO:Creating metrics dataframe
2026-01-03 14:31:20,106:INFO:Initializing AdaBoost Regressor
2026-01-03 14:31:20,106:INFO:Total runtime is 3.017084205150604 minutes
2026-01-03 14:31:20,113:INFO:SubProcess create_model() called ==================================
2026-01-03 14:31:20,114:INFO:Initializing create_model()
2026-01-03 14:31:20,114:INFO:create_model(self=<pycaret.regression.oop.RegressionExperiment object at 0x7f6690c40400>, estimator=ada, fold=KFold(n_splits=10, random_state=None, shuffle=False), round=4, cross_validation=True, predict=True, fit_kwargs={}, groups=None, refit=False, probability_threshold=None, experiment_custom_tags=None, verbose=False, system=False, add_to_model_list=True, metrics=None, display=<pycaret.internal.display.display.CommonDisplay object at 0x7f6690ee27d0>, model_only=True, return_train_score=False, error_score=0.0, kwargs={})
2026-01-03 14:31:20,114:INFO:Checking exceptions
2026-01-03 14:31:20,114:INFO:Importing libraries
2026-01-03 14:31:20,114:INFO:Copying training dataset
2026-01-03 14:31:20,195:INFO:Defining folds
2026-01-03 14:31:20,196:INFO:Declaring metric variables
2026-01-03 14:31:20,208:INFO:Importing untrained model
2026-01-03 14:31:20,218:INFO:AdaBoost Regressor Imported successfully
2026-01-03 14:31:20,237:INFO:Starting cross validation
2026-01-03 14:31:20,241:INFO:Cross validating with KFold(n_splits=10, random_state=None, shuffle=False), n_jobs=-1
2026-01-03 14:31:32,533:INFO:Calculating mean and std
2026-01-03 14:31:32,535:INFO:Creating metrics dataframe
2026-01-03 14:31:32,537:INFO:Uploading results into container
2026-01-03 14:31:32,538:INFO:Uploading model into container now
2026-01-03 14:31:32,538:INFO:_master_model_container: 15
2026-01-03 14:31:32,538:INFO:_display_container: 2
2026-01-03 14:31:32,539:INFO:AdaBoostRegressor(random_state=5684)
2026-01-03 14:31:32,539:INFO:create_model() successfully completed......................................
2026-01-03 14:31:32,697:INFO:SubProcess create_model() end ==================================
2026-01-03 14:31:32,697:INFO:Creating metrics dataframe
2026-01-03 14:31:32,712:INFO:Initializing Gradient Boosting Regressor
2026-01-03 14:31:32,712:INFO:Total runtime is 3.227193196614583 minutes
2026-01-03 14:31:32,722:INFO:SubProcess create_model() called ==================================
2026-01-03 14:31:32,723:INFO:Initializing create_model()
2026-01-03 14:31:32,723:INFO:create_model(self=<pycaret.regression.oop.RegressionExperiment object at 0x7f6690c40400>, estimator=gbr, fold=KFold(n_splits=10, random_state=None, shuffle=False), round=4, cross_validation=True, predict=True, fit_kwargs={}, groups=None, refit=False, probability_threshold=None, experiment_custom_tags=None, verbose=False, system=False, add_to_model_list=True, metrics=None, display=<pycaret.internal.display.display.CommonDisplay object at 0x7f6690ee27d0>, model_only=True, return_train_score=False, error_score=0.0, kwargs={})
2026-01-03 14:31:32,723:INFO:Checking exceptions
2026-01-03 14:31:32,723:INFO:Importing libraries
2026-01-03 14:31:32,724:INFO:Copying training dataset
2026-01-03 14:31:32,796:INFO:Defining folds
2026-01-03 14:31:32,797:INFO:Declaring metric variables
2026-01-03 14:31:32,806:INFO:Importing untrained model
2026-01-03 14:31:32,815:INFO:Gradient Boosting Regressor Imported successfully
2026-01-03 14:31:32,836:INFO:Starting cross validation
2026-01-03 14:31:32,842:INFO:Cross validating with KFold(n_splits=10, random_state=None, shuffle=False), n_jobs=-1
2026-01-03 14:31:53,383:INFO:Calculating mean and std
2026-01-03 14:31:53,385:INFO:Creating metrics dataframe
2026-01-03 14:31:53,386:INFO:Uploading results into container
2026-01-03 14:31:53,387:INFO:Uploading model into container now
2026-01-03 14:31:53,387:INFO:_master_model_container: 16
2026-01-03 14:31:53,388:INFO:_display_container: 2
2026-01-03 14:31:53,388:INFO:GradientBoostingRegressor(random_state=5684)
2026-01-03 14:31:53,388:INFO:create_model() successfully completed......................................
2026-01-03 14:31:53,546:INFO:SubProcess create_model() end ==================================
2026-01-03 14:31:53,546:INFO:Creating metrics dataframe
2026-01-03 14:31:53,565:INFO:Initializing Light Gradient Boosting Machine
2026-01-03 14:31:53,565:INFO:Total runtime is 3.5747367858886716 minutes
2026-01-03 14:31:53,572:INFO:SubProcess create_model() called ==================================
2026-01-03 14:31:53,572:INFO:Initializing create_model()
2026-01-03 14:31:53,573:INFO:create_model(self=<pycaret.regression.oop.RegressionExperiment object at 0x7f6690c40400>, estimator=lightgbm, fold=KFold(n_splits=10, random_state=None, shuffle=False), round=4, cross_validation=True, predict=True, fit_kwargs={}, groups=None, refit=False, probability_threshold=None, experiment_custom_tags=None, verbose=False, system=False, add_to_model_list=True, metrics=None, display=<pycaret.internal.display.display.CommonDisplay object at 0x7f6690ee27d0>, model_only=True, return_train_score=False, error_score=0.0, kwargs={})
2026-01-03 14:31:53,573:INFO:Checking exceptions
2026-01-03 14:31:53,573:INFO:Importing libraries
2026-01-03 14:31:53,573:INFO:Copying training dataset
2026-01-03 14:31:53,661:INFO:Defining folds
2026-01-03 14:31:53,661:INFO:Declaring metric variables
2026-01-03 14:31:53,671:INFO:Importing untrained model
2026-01-03 14:31:53,679:INFO:Light Gradient Boosting Machine Imported successfully
2026-01-03 14:31:53,697:INFO:Starting cross validation
2026-01-03 14:31:53,702:INFO:Cross validating with KFold(n_splits=10, random_state=None, shuffle=False), n_jobs=-1
2026-01-03 14:40:28,654:INFO:Calculating mean and std
2026-01-03 14:40:28,659:INFO:Creating metrics dataframe
2026-01-03 14:40:28,662:INFO:Uploading results into container
2026-01-03 14:40:28,663:INFO:Uploading model into container now
2026-01-03 14:40:28,663:INFO:_master_model_container: 17
2026-01-03 14:40:28,663:INFO:_display_container: 2
2026-01-03 14:40:28,664:INFO:LGBMRegressor(n_jobs=-1, random_state=5684)
2026-01-03 14:40:28,664:INFO:create_model() successfully completed......................................
2026-01-03 14:40:28,827:INFO:SubProcess create_model() end ==================================
2026-01-03 14:40:28,827:INFO:Creating metrics dataframe
2026-01-03 14:40:28,843:INFO:Initializing Dummy Regressor
2026-01-03 14:40:28,843:INFO:Total runtime is 12.162704881032306 minutes
2026-01-03 14:40:28,851:INFO:SubProcess create_model() called ==================================
2026-01-03 14:40:28,851:INFO:Initializing create_model()
2026-01-03 14:40:28,851:INFO:create_model(self=<pycaret.regression.oop.RegressionExperiment object at 0x7f6690c40400>, estimator=dummy, fold=KFold(n_splits=10, random_state=None, shuffle=False), round=4, cross_validation=True, predict=True, fit_kwargs={}, groups=None, refit=False, probability_threshold=None, experiment_custom_tags=None, verbose=False, system=False, add_to_model_list=True, metrics=None, display=<pycaret.internal.display.display.CommonDisplay object at 0x7f6690ee27d0>, model_only=True, return_train_score=False, error_score=0.0, kwargs={})
2026-01-03 14:40:28,851:INFO:Checking exceptions
2026-01-03 14:40:28,851:INFO:Importing libraries
2026-01-03 14:40:28,852:INFO:Copying training dataset
2026-01-03 14:40:28,915:INFO:Defining folds
2026-01-03 14:40:28,916:INFO:Declaring metric variables
2026-01-03 14:40:28,927:INFO:Importing untrained model
2026-01-03 14:40:28,935:INFO:Dummy Regressor Imported successfully
2026-01-03 14:40:28,957:INFO:Starting cross validation
2026-01-03 14:40:28,960:INFO:Cross validating with KFold(n_splits=10, random_state=None, shuffle=False), n_jobs=-1
2026-01-03 14:40:31,918:INFO:Calculating mean and std
2026-01-03 14:40:31,920:INFO:Creating metrics dataframe
2026-01-03 14:40:31,922:INFO:Uploading results into container
2026-01-03 14:40:31,924:INFO:Uploading model into container now
2026-01-03 14:40:31,927:INFO:_master_model_container: 18
2026-01-03 14:40:31,927:INFO:_display_container: 2
2026-01-03 14:40:31,927:INFO:DummyRegressor()
2026-01-03 14:40:31,927:INFO:create_model() successfully completed......................................
2026-01-03 14:40:32,089:INFO:SubProcess create_model() end ==================================
2026-01-03 14:40:32,089:INFO:Creating metrics dataframe
2026-01-03 14:40:32,105:WARNING:/home/ilyandho/.local/share/mamba/envs/pycaret/lib/python3.10/site-packages/pycaret/internal/pycaret_experiment/supervised_experiment.py:323: FutureWarning: Styler.applymap has been deprecated. Use Styler.map instead.
  master_display_.apply(

2026-01-03 14:40:32,129:INFO:Initializing create_model()
2026-01-03 14:40:32,130:INFO:create_model(self=<pycaret.regression.oop.RegressionExperiment object at 0x7f6690c40400>, estimator=LGBMRegressor(n_jobs=-1, random_state=5684), fold=KFold(n_splits=10, random_state=None, shuffle=False), round=4, cross_validation=False, predict=False, fit_kwargs={}, groups=None, refit=True, probability_threshold=None, experiment_custom_tags=None, verbose=False, system=False, add_to_model_list=True, metrics=None, display=None, model_only=True, return_train_score=False, error_score=0.0, kwargs={})
2026-01-03 14:40:32,130:INFO:Checking exceptions
2026-01-03 14:40:32,132:INFO:Importing libraries
2026-01-03 14:40:32,133:INFO:Copying training dataset
2026-01-03 14:40:32,197:INFO:Defining folds
2026-01-03 14:40:32,197:INFO:Declaring metric variables
2026-01-03 14:40:32,198:INFO:Importing untrained model
2026-01-03 14:40:32,198:INFO:Declaring custom model
2026-01-03 14:40:32,199:INFO:Light Gradient Boosting Machine Imported successfully
2026-01-03 14:40:32,201:INFO:Cross validation set to False
2026-01-03 14:40:32,201:INFO:Fitting Model
2026-01-03 14:40:32,729:INFO:[LightGBM] [Warning] Found whitespace in feature_names, replace with underlines
2026-01-03 14:40:32,733:INFO:[LightGBM] [Info] Auto-choosing row-wise multi-threading, the overhead of testing was 0.000845 seconds.
2026-01-03 14:40:32,733:INFO:You can set `force_row_wise=true` to remove the overhead.
2026-01-03 14:40:32,733:INFO:And if memory is not enough, you can set `force_col_wise=true`.
2026-01-03 14:40:32,734:INFO:[LightGBM] [Info] Total Bins 10215
2026-01-03 14:40:32,736:INFO:[LightGBM] [Info] Number of data points in the train set: 3940, number of used features: 149
2026-01-03 14:40:32,736:INFO:[LightGBM] [Info] Start training from score 3.509695
2026-01-03 14:40:33,065:INFO:LGBMRegressor(n_jobs=-1, random_state=5684)
2026-01-03 14:40:33,065:INFO:create_model() successfully completed......................................
2026-01-03 14:40:33,264:INFO:_master_model_container: 18
2026-01-03 14:40:33,265:INFO:_display_container: 2
2026-01-03 14:40:33,266:INFO:LGBMRegressor(n_jobs=-1, random_state=5684)
2026-01-03 14:40:33,266:INFO:compare_models() successfully completed......................................
2026-01-03 15:11:50,851:INFO:Initializing evaluate_model()
2026-01-03 15:11:50,851:INFO:evaluate_model(self=<pycaret.regression.oop.RegressionExperiment object at 0x7f6690c40400>, estimator=LGBMRegressor(n_jobs=-1, random_state=5684), fold=None, fit_kwargs=None, plot_kwargs=None, feature_name=None, groups=None)
2026-01-03 15:11:50,911:INFO:Initializing plot_model()
2026-01-03 15:11:50,911:INFO:plot_model(plot=pipeline, fold=KFold(n_splits=10, random_state=None, shuffle=False), verbose=False, display=None, display_format=None, estimator=LGBMRegressor(n_jobs=-1, random_state=5684), feature_name=None, fit_kwargs={}, groups=None, label=False, plot_kwargs=None, save=False, scale=1, self=<pycaret.regression.oop.RegressionExperiment object at 0x7f6690c40400>, system=True)
2026-01-03 15:11:50,911:INFO:Checking exceptions
2026-01-03 15:11:50,939:INFO:Preloading libraries
2026-01-03 15:11:50,950:INFO:Copying training dataset
2026-01-03 15:11:50,950:INFO:Plot type: pipeline
2026-01-03 15:11:51,397:INFO:Visual Rendered Successfully
2026-01-03 15:11:51,623:INFO:plot_model() successfully completed......................................
2026-01-03 15:12:00,433:INFO:Initializing plot_model()
2026-01-03 15:12:00,433:INFO:plot_model(plot=feature, fold=KFold(n_splits=10, random_state=None, shuffle=False), verbose=False, display=None, display_format=None, estimator=LGBMRegressor(n_jobs=-1, random_state=5684), feature_name=None, fit_kwargs={}, groups=None, label=False, plot_kwargs=None, save=False, scale=1, self=<pycaret.regression.oop.RegressionExperiment object at 0x7f6690c40400>, system=True)
2026-01-03 15:12:00,434:INFO:Checking exceptions
2026-01-03 15:12:00,487:INFO:Preloading libraries
2026-01-03 15:12:00,508:INFO:Copying training dataset
2026-01-03 15:12:00,508:INFO:Plot type: feature
2026-01-03 15:12:00,513:WARNING:No coef_ found. Trying feature_importances_
2026-01-03 15:12:00,874:INFO:Visual Rendered Successfully
2026-01-03 15:12:01,145:INFO:plot_model() successfully completed......................................
2026-01-03 15:12:05,492:INFO:Initializing plot_model()
2026-01-03 15:12:05,494:INFO:plot_model(plot=feature_all, fold=KFold(n_splits=10, random_state=None, shuffle=False), verbose=False, display=None, display_format=None, estimator=LGBMRegressor(n_jobs=-1, random_state=5684), feature_name=None, fit_kwargs={}, groups=None, label=False, plot_kwargs=None, save=False, scale=1, self=<pycaret.regression.oop.RegressionExperiment object at 0x7f6690c40400>, system=True)
2026-01-03 15:12:05,495:INFO:Checking exceptions
2026-01-03 15:12:05,564:INFO:Preloading libraries
2026-01-03 15:12:05,573:INFO:Copying training dataset
2026-01-03 15:12:05,573:INFO:Plot type: feature_all
2026-01-03 15:12:05,647:WARNING:No coef_ found. Trying feature_importances_
2026-01-03 15:12:06,896:INFO:Visual Rendered Successfully
2026-01-03 15:12:07,143:INFO:plot_model() successfully completed......................................
2026-01-03 15:12:36,484:INFO:Initializing plot_model()
2026-01-03 15:12:36,484:INFO:plot_model(plot=parameter, fold=KFold(n_splits=10, random_state=None, shuffle=False), verbose=False, display=None, display_format=None, estimator=LGBMRegressor(n_jobs=-1, random_state=5684), feature_name=None, fit_kwargs={}, groups=None, label=False, plot_kwargs=None, save=False, scale=1, self=<pycaret.regression.oop.RegressionExperiment object at 0x7f6690c40400>, system=True)
2026-01-03 15:12:36,484:INFO:Checking exceptions
2026-01-03 15:12:36,507:INFO:Preloading libraries
2026-01-03 15:12:36,512:INFO:Copying training dataset
2026-01-03 15:12:36,512:INFO:Plot type: parameter
2026-01-03 15:12:36,519:INFO:Visual Rendered Successfully
2026-01-03 15:12:36,753:INFO:plot_model() successfully completed......................................
2026-01-03 15:12:41,957:INFO:Initializing plot_model()
2026-01-03 15:12:41,958:INFO:plot_model(plot=tree, fold=KFold(n_splits=10, random_state=None, shuffle=False), verbose=False, display=None, display_format=None, estimator=LGBMRegressor(n_jobs=-1, random_state=5684), feature_name=None, fit_kwargs={}, groups=None, label=False, plot_kwargs=None, save=False, scale=1, self=<pycaret.regression.oop.RegressionExperiment object at 0x7f6690c40400>, system=True)
2026-01-03 15:12:41,958:INFO:Checking exceptions
2026-01-03 15:12:45,366:INFO:Initializing plot_model()
2026-01-03 15:12:45,367:INFO:plot_model(plot=rfe, fold=KFold(n_splits=10, random_state=None, shuffle=False), verbose=False, display=None, display_format=None, estimator=LGBMRegressor(n_jobs=-1, random_state=5684), feature_name=None, fit_kwargs={}, groups=None, label=False, plot_kwargs=None, save=False, scale=1, self=<pycaret.regression.oop.RegressionExperiment object at 0x7f6690c40400>, system=True)
2026-01-03 15:12:45,367:INFO:Checking exceptions
2026-01-03 15:12:45,465:INFO:Preloading libraries
2026-01-03 15:12:45,473:INFO:Copying training dataset
2026-01-03 15:12:45,474:INFO:Plot type: rfe
2026-01-03 15:12:45,886:INFO:Fitting Model
2026-01-03 15:12:45,933:INFO:[LightGBM] [Info] Auto-choosing row-wise multi-threading, the overhead of testing was 0.000914 seconds.
2026-01-03 15:12:45,933:INFO:You can set `force_row_wise=true` to remove the overhead.
2026-01-03 15:12:45,933:INFO:And if memory is not enough, you can set `force_col_wise=true`.
2026-01-03 15:12:45,934:INFO:[LightGBM] [Info] Total Bins 10158
2026-01-03 15:12:45,935:INFO:[LightGBM] [Info] Number of data points in the train set: 3546, number of used features: 149
2026-01-03 15:12:45,936:INFO:[LightGBM] [Info] Start training from score 3.507530
2026-01-03 15:12:46,306:INFO:[LightGBM] [Info] Auto-choosing row-wise multi-threading, the overhead of testing was 0.000817 seconds.
2026-01-03 15:12:46,307:INFO:You can set `force_row_wise=true` to remove the overhead.
2026-01-03 15:12:46,307:INFO:And if memory is not enough, you can set `force_col_wise=true`.
2026-01-03 15:12:46,308:INFO:[LightGBM] [Info] Total Bins 10156
2026-01-03 15:12:46,308:INFO:[LightGBM] [Info] Number of data points in the train set: 3546, number of used features: 148
2026-01-03 15:12:46,310:INFO:[LightGBM] [Info] Start training from score 3.507530
2026-01-03 15:12:46,729:INFO:[LightGBM] [Info] Auto-choosing row-wise multi-threading, the overhead of testing was 0.000761 seconds.
2026-01-03 15:12:46,730:INFO:You can set `force_row_wise=true` to remove the overhead.
2026-01-03 15:12:46,730:INFO:And if memory is not enough, you can set `force_col_wise=true`.
2026-01-03 15:12:46,730:INFO:[LightGBM] [Info] Total Bins 10154
2026-01-03 15:12:46,731:INFO:[LightGBM] [Info] Number of data points in the train set: 3546, number of used features: 147
2026-01-03 15:12:46,732:INFO:[LightGBM] [Info] Start training from score 3.507530
2026-01-03 15:12:47,106:INFO:[LightGBM] [Info] Auto-choosing row-wise multi-threading, the overhead of testing was 0.001487 seconds.
2026-01-03 15:12:47,106:INFO:You can set `force_row_wise=true` to remove the overhead.
2026-01-03 15:12:47,106:INFO:And if memory is not enough, you can set `force_col_wise=true`.
2026-01-03 15:12:47,107:INFO:[LightGBM] [Info] Total Bins 10149
2026-01-03 15:12:47,107:INFO:[LightGBM] [Info] Number of data points in the train set: 3546, number of used features: 146
2026-01-03 15:12:47,108:INFO:[LightGBM] [Info] Start training from score 3.507530
2026-01-03 15:12:47,479:INFO:[LightGBM] [Info] Auto-choosing row-wise multi-threading, the overhead of testing was 0.000725 seconds.
2026-01-03 15:12:47,479:INFO:You can set `force_row_wise=true` to remove the overhead.
2026-01-03 15:12:47,480:INFO:And if memory is not enough, you can set `force_col_wise=true`.
2026-01-03 15:12:47,480:INFO:[LightGBM] [Info] Total Bins 10146
2026-01-03 15:12:47,481:INFO:[LightGBM] [Info] Number of data points in the train set: 3546, number of used features: 145
2026-01-03 15:12:47,482:INFO:[LightGBM] [Info] Start training from score 3.507530
2026-01-03 15:12:47,884:INFO:[LightGBM] [Info] Auto-choosing row-wise multi-threading, the overhead of testing was 0.000731 seconds.
2026-01-03 15:12:47,884:INFO:[LightGBM] [Info] Auto-choosing row-wise multi-threading, the overhead of testing was 0.000731 seconds.
You can set `force_row_wise=true` to remove the overhead.
And if memory is not enough, you can set `force_col_wise=true`.
2026-01-03 15:12:47,885:INFO:You can set `force_row_wise=true` to remove the overhead.
2026-01-03 15:12:47,885:INFO:
2026-01-03 15:12:47,885:INFO:[LightGBM] [Info] Total Bins 10144
2026-01-03 15:12:47,886:INFO:[LightGBM] [Info] Number of data points in the train set: 3546, number of used features: 144
2026-01-03 15:12:47,886:INFO:[LightGBM] [Info] Start training from score 3.507530
2026-01-03 15:12:48,271:INFO:[LightGBM] [Info] Auto-choosing row-wise multi-threading, the overhead of testing was 0.000772 seconds.
2026-01-03 15:12:48,271:INFO:You can set `force_row_wise=true` to remove the overhead.
2026-01-03 15:12:48,272:INFO:And if memory is not enough, you can set `force_col_wise=true`.
2026-01-03 15:12:48,272:INFO:[LightGBM] [Info] Total Bins 10141
2026-01-03 15:12:48,273:INFO:[LightGBM] [Info] Number of data points in the train set: 3546, number of used features: 143
2026-01-03 15:12:48,273:INFO:[LightGBM] [Info] Start training from score 3.507530
2026-01-03 15:12:48,620:INFO:[LightGBM] [Info] Auto-choosing col-wise multi-threading, the overhead of testing was 0.002543 seconds.
2026-01-03 15:12:48,621:INFO:You can set `force_col_wise=true` to remove the overhead.
2026-01-03 15:12:48,621:INFO:[LightGBM] [Info] Total Bins 10138
2026-01-03 15:12:48,622:INFO:[LightGBM] [Info] Number of data points in the train set: 3546, number of used features: 142
2026-01-03 15:12:48,623:INFO:[LightGBM] [Info] Start training from score 3.507530
2026-01-03 15:12:49,030:INFO:[LightGBM] [Info] Auto-choosing row-wise multi-threading, the overhead of testing was 0.000716 seconds.
2026-01-03 15:12:49,030:INFO:You can set `force_row_wise=true` to remove the overhead.
2026-01-03 15:12:49,031:INFO:And if memory is not enough, you can set `force_col_wise=true`.
2026-01-03 15:12:49,031:INFO:[LightGBM] [Info] Total Bins 10138
2026-01-03 15:12:49,032:INFO:[LightGBM] [Info] Number of data points in the train set: 3546, number of used features: 142
2026-01-03 15:12:49,033:INFO:[LightGBM] [Info] Start training from score 3.507530
2026-01-03 15:12:49,415:INFO:[LightGBM] [Info] Auto-choosing row-wise multi-threading, the overhead of testing was 0.002595 seconds.
2026-01-03 15:12:49,416:INFO:You can set `force_row_wise=true` to remove the overhead.
2026-01-03 15:12:49,416:INFO:And if memory is not enough, you can set `force_col_wise=true`.
2026-01-03 15:12:49,416:INFO:[LightGBM] [Info] Total Bins 10135
2026-01-03 15:12:49,417:INFO:[LightGBM] [Info] Number of data points in the train set: 3546, number of used features: 141
2026-01-03 15:12:49,417:INFO:[LightGBM] [Info] Start training from score 3.507530
2026-01-03 15:12:49,822:INFO:[LightGBM] [Info] Auto-choosing col-wise multi-threading, the overhead of testing was 0.002171 seconds.
2026-01-03 15:12:49,822:INFO:You can set `force_col_wise=true` to remove the overhead.
2026-01-03 15:12:49,823:INFO:[LightGBM] [Info] Total Bins 10132
2026-01-03 15:12:49,824:INFO:[LightGBM] [Info] Number of data points in the train set: 3546, number of used features: 140
2026-01-03 15:12:49,824:INFO:[LightGBM] [Info] Start training from score 3.507530
2026-01-03 15:12:50,186:INFO:[LightGBM] [Info] Auto-choosing col-wise multi-threading, the overhead of testing was 0.002157 seconds.
2026-01-03 15:12:50,187:INFO:You can set `force_col_wise=true` to remove the overhead.
2026-01-03 15:12:50,188:INFO:[LightGBM] [Info] Total Bins 10130
2026-01-03 15:12:50,188:INFO:[LightGBM] [Info] Number of data points in the train set: 3546, number of used features: 139
2026-01-03 15:12:50,189:INFO:[LightGBM] [Info] Start training from score 3.507530
2026-01-03 15:12:50,582:INFO:[LightGBM] [Info] Auto-choosing col-wise multi-threading, the overhead of testing was 0.002093 seconds.
2026-01-03 15:12:50,582:INFO:You can set `force_col_wise=true` to remove the overhead.
2026-01-03 15:12:50,583:INFO:[LightGBM] [Info] Total Bins 10127
2026-01-03 15:12:50,583:INFO:[LightGBM] [Info] Number of data points in the train set: 3546, number of used features: 138
2026-01-03 15:12:50,584:INFO:[LightGBM] [Info] Start training from score 3.507530
2026-01-03 15:12:51,015:INFO:[LightGBM] [Info] Auto-choosing col-wise multi-threading, the overhead of testing was 0.002120 seconds.
2026-01-03 15:12:51,015:INFO:You can set `force_col_wise=true` to remove the overhead.
2026-01-03 15:12:51,016:INFO:[LightGBM] [Info] Total Bins 10125
2026-01-03 15:12:51,016:INFO:[LightGBM] [Info] Number of data points in the train set: 3546, number of used features: 137
2026-01-03 15:12:51,017:INFO:[LightGBM] [Info] Start training from score 3.507530
2026-01-03 15:12:51,397:INFO:[LightGBM] [Info] Auto-choosing col-wise multi-threading, the overhead of testing was 0.003710 seconds.
2026-01-03 15:12:51,397:INFO:You can set `force_col_wise=true` to remove the overhead.
2026-01-03 15:12:51,398:INFO:[LightGBM] [Info] Total Bins 10122
2026-01-03 15:12:51,398:INFO:[LightGBM] [Info] Number of data points in the train set: 3546, number of used features: 136
2026-01-03 15:12:51,399:INFO:[LightGBM] [Info] Start training from score 3.507530
2026-01-03 15:12:51,818:INFO:[LightGBM] [Info] Auto-choosing row-wise multi-threading, the overhead of testing was 0.010478 seconds.
2026-01-03 15:12:51,818:INFO:You can set `force_row_wise=true` to remove the overhead.
2026-01-03 15:12:51,819:INFO:And if memory is not enough, you can set `force_col_wise=true`.
2026-01-03 15:12:51,819:INFO:[LightGBM] [Info] Total Bins 10120
2026-01-03 15:12:51,823:INFO:[LightGBM] [Info] Number of data points in the train set: 3546, number of used features: 135
2026-01-03 15:12:51,825:INFO:[LightGBM] [Info] Start training from score 3.507530
2026-01-03 15:12:52,526:INFO:[LightGBM] [Info] Auto-choosing col-wise multi-threading, the overhead of testing was 0.002090 seconds.
2026-01-03 15:12:52,527:INFO:You can set `force_col_wise=true` to remove the overhead.
2026-01-03 15:12:52,528:INFO:[LightGBM] [Info] Total Bins 10118
2026-01-03 15:12:52,528:INFO:[LightGBM] [Info] Number of data points in the train set: 3546, number of used features: 134
2026-01-03 15:12:52,529:INFO:[LightGBM] [Info] Start training from score 3.507530
2026-01-03 15:12:53,414:INFO:[LightGBM] [Info] Auto-choosing col-wise multi-threading, the overhead of testing was 0.002140 seconds.
2026-01-03 15:12:53,415:INFO:You can set `force_col_wise=true` to remove the overhead.
2026-01-03 15:12:53,415:INFO:[LightGBM] [Info] Total Bins 10116
2026-01-03 15:12:53,416:INFO:[LightGBM] [Info] Number of data points in the train set: 3546, number of used features: 133
2026-01-03 15:12:53,416:INFO:[LightGBM] [Info] Start training from score 3.507530
2026-01-03 15:12:54,025:INFO:[LightGBM] [Info] Auto-choosing col-wise multi-threading, the overhead of testing was 0.002135 seconds.
2026-01-03 15:12:54,025:INFO:You can set `force_col_wise=true` to remove the overhead.
2026-01-03 15:12:54,026:INFO:[LightGBM] [Info] Total Bins 10113
2026-01-03 15:12:54,029:INFO:[LightGBM] [Info] Number of data points in the train set: 3546, number of used features: 132
2026-01-03 15:12:54,029:INFO:[LightGBM] [Info] Start training from score 3.507530
2026-01-03 15:12:54,526:INFO:[LightGBM] [Info] Auto-choosing col-wise multi-threading, the overhead of testing was 0.002096 seconds.
2026-01-03 15:12:54,526:INFO:You can set `force_col_wise=true` to remove the overhead.
2026-01-03 15:12:54,527:INFO:[LightGBM] [Info] Total Bins 10111
2026-01-03 15:12:54,527:INFO:[LightGBM] [Info] Number of data points in the train set: 3546, number of used features: 131
2026-01-03 15:12:54,528:INFO:[LightGBM] [Info] Start training from score 3.507530
2026-01-03 15:12:55,196:INFO:[LightGBM] [Info] Auto-choosing col-wise multi-threading, the overhead of testing was 0.002393 seconds.
2026-01-03 15:12:55,197:INFO:You can set `force_col_wise=true` to remove the overhead.
2026-01-03 15:12:55,198:INFO:[LightGBM] [Info] Total Bins 10109
2026-01-03 15:12:55,198:INFO:[LightGBM] [Info] Number of data points in the train set: 3546, number of used features: 130
2026-01-03 15:12:55,198:INFO:[LightGBM] [Info] Start training from score 3.507530
2026-01-03 15:12:55,754:INFO:[LightGBM] [Info] Auto-choosing row-wise multi-threading, the overhead of testing was 0.002943 seconds.
2026-01-03 15:12:55,755:INFO:You can set `force_row_wise=true` to remove the overhead.
2026-01-03 15:12:55,755:INFO:And if memory is not enough, you can set `force_col_wise=true`.
2026-01-03 15:12:55,756:INFO:[LightGBM] [Info] Total Bins 10107
2026-01-03 15:12:55,757:INFO:[LightGBM] [Info] Number of data points in the train set: 3546, number of used features: 129
2026-01-03 15:12:55,757:INFO:[LightGBM] [Info] Start training from score 3.507530
2026-01-03 15:12:56,526:INFO:[LightGBM] [Info] Auto-choosing col-wise multi-threading, the overhead of testing was 0.003938 seconds.
2026-01-03 15:12:56,526:INFO:You can set `force_col_wise=true` to remove the overhead.
2026-01-03 15:12:56,527:INFO:[LightGBM] [Info] Total Bins 10105
2026-01-03 15:12:56,531:INFO:[LightGBM] [Info] Number of data points in the train set: 3546, number of used features: 128
2026-01-03 15:12:56,532:INFO:[LightGBM] [Info] Start training from score 3.507530
2026-01-03 15:12:58,916:INFO:[LightGBM] [Info] Auto-choosing col-wise multi-threading, the overhead of testing was 0.002136 seconds.
2026-01-03 15:12:58,917:INFO:You can set `force_col_wise=true` to remove the overhead.
2026-01-03 15:12:58,918:INFO:[LightGBM] [Info] Total Bins 10103
2026-01-03 15:12:58,919:INFO:[LightGBM] [Info] Number of data points in the train set: 3546, number of used features: 127
2026-01-03 15:12:58,920:INFO:[LightGBM] [Info] Start training from score 3.507530
2026-01-03 15:12:59,353:INFO:[LightGBM] [Info] Auto-choosing col-wise multi-threading, the overhead of testing was 0.003833 seconds.
2026-01-03 15:12:59,353:INFO:You can set `force_col_wise=true` to remove the overhead.
2026-01-03 15:12:59,354:INFO:[LightGBM] [Info] Total Bins 10100
2026-01-03 15:12:59,354:INFO:[LightGBM] [Info] Number of data points in the train set: 3546, number of used features: 126
2026-01-03 15:12:59,357:INFO:[LightGBM] [Info] Start training from score 3.507530
2026-01-03 15:12:59,960:INFO:[LightGBM] [Info] Auto-choosing col-wise multi-threading, the overhead of testing was 0.002114 seconds.
2026-01-03 15:12:59,960:INFO:You can set `force_col_wise=true` to remove the overhead.
2026-01-03 15:12:59,961:INFO:[LightGBM] [Info] Total Bins 10098
2026-01-03 15:12:59,961:INFO:[LightGBM] [Info] Number of data points in the train set: 3546, number of used features: 125
2026-01-03 15:12:59,962:INFO:[LightGBM] [Info] Start training from score 3.507530
2026-01-03 15:13:00,450:INFO:[LightGBM] [Info] Auto-choosing row-wise multi-threading, the overhead of testing was 0.000777 seconds.
2026-01-03 15:13:00,450:INFO:You can set `force_row_wise=true` to remove the overhead.
2026-01-03 15:13:00,450:INFO:And if memory is not enough, you can set `force_col_wise=true`.
2026-01-03 15:13:00,451:INFO:[LightGBM] [Info] Total Bins 10096
2026-01-03 15:13:00,451:INFO:[LightGBM] [Info] Number of data points in the train set: 3546, number of used features: 124
2026-01-03 15:13:00,452:INFO:[LightGBM] [Info] Start training from score 3.507530
2026-01-03 15:13:00,865:INFO:[LightGBM] [Info] Auto-choosing col-wise multi-threading, the overhead of testing was 0.002163 seconds.
2026-01-03 15:13:00,865:INFO:You can set `force_col_wise=true` to remove the overhead.
2026-01-03 15:13:00,866:INFO:[LightGBM] [Info] Total Bins 10094
2026-01-03 15:13:00,866:INFO:[LightGBM] [Info] Number of data points in the train set: 3546, number of used features: 123
2026-01-03 15:13:00,868:INFO:[LightGBM] [Info] Start training from score 3.507530
2026-01-03 15:13:01,308:INFO:[LightGBM] [Info] Auto-choosing col-wise multi-threading, the overhead of testing was 0.004369 seconds.
2026-01-03 15:13:01,308:INFO:You can set `force_col_wise=true` to remove the overhead.
2026-01-03 15:13:01,309:INFO:[LightGBM] [Info] Total Bins 10092
2026-01-03 15:13:01,310:INFO:[LightGBM] [Info] Number of data points in the train set: 3546, number of used features: 122
2026-01-03 15:13:01,311:INFO:[LightGBM] [Info] Start training from score 3.507530
2026-01-03 15:13:01,795:INFO:[LightGBM] [Info] Auto-choosing row-wise multi-threading, the overhead of testing was 0.000721 seconds.
2026-01-03 15:13:01,795:INFO:You can set `force_row_wise=true` to remove the overhead.
2026-01-03 15:13:01,795:INFO:And if memory is not enough, you can set `force_col_wise=true`.
2026-01-03 15:13:01,796:INFO:[LightGBM] [Info] Total Bins 10090
2026-01-03 15:13:01,797:INFO:[LightGBM] [Info] Number of data points in the train set: 3546, number of used features: 121
2026-01-03 15:13:01,798:INFO:[LightGBM] [Info] Start training from score 3.507530
2026-01-03 15:13:02,172:INFO:[LightGBM] [Info] Auto-choosing row-wise multi-threading, the overhead of testing was 0.000736 seconds.
2026-01-03 15:13:02,173:INFO:You can set `force_row_wise=true` to remove the overhead.
2026-01-03 15:13:02,173:INFO:And if memory is not enough, you can set `force_col_wise=true`.
2026-01-03 15:13:02,174:INFO:[LightGBM] [Info] Total Bins 10088
2026-01-03 15:13:02,174:INFO:[LightGBM] [Info] Number of data points in the train set: 3546, number of used features: 120
2026-01-03 15:13:02,175:INFO:[LightGBM] [Info] Start training from score 3.507530
2026-01-03 15:13:02,593:INFO:[LightGBM] [Info] Auto-choosing col-wise multi-threading, the overhead of testing was 0.002221 seconds.
2026-01-03 15:13:02,594:INFO:You can set `force_col_wise=true` to remove the overhead.
2026-01-03 15:13:02,594:INFO:[LightGBM] [Info] Total Bins 10086
2026-01-03 15:13:02,595:INFO:[LightGBM] [Info] Number of data points in the train set: 3546, number of used features: 119
2026-01-03 15:13:02,595:INFO:[LightGBM] [Info] Start training from score 3.507530
2026-01-03 15:13:03,012:INFO:[LightGBM] [Info] Auto-choosing col-wise multi-threading, the overhead of testing was 0.002200 seconds.
2026-01-03 15:13:03,012:INFO:You can set `force_col_wise=true` to remove the overhead.
2026-01-03 15:13:03,013:INFO:[LightGBM] [Info] Total Bins 10080
2026-01-03 15:13:03,014:INFO:[LightGBM] [Info] Number of data points in the train set: 3546, number of used features: 118
2026-01-03 15:13:03,014:INFO:[LightGBM] [Info] Start training from score 3.507530
2026-01-03 15:13:03,364:INFO:[LightGBM] [Info] Auto-choosing row-wise multi-threading, the overhead of testing was 0.000729 seconds.
2026-01-03 15:13:03,364:INFO:You can set `force_row_wise=true` to remove the overhead.
2026-01-03 15:13:03,365:INFO:And if memory is not enough, you can set `force_col_wise=true`.
2026-01-03 15:13:03,365:INFO:[LightGBM] [Info] Total Bins 10078
2026-01-03 15:13:03,367:INFO:[LightGBM] [Info] Number of data points in the train set: 3546, number of used features: 117
2026-01-03 15:13:03,368:INFO:[LightGBM] [Info] Start training from score 3.507530
2026-01-03 15:13:03,881:INFO:[LightGBM] [Info] Auto-choosing row-wise multi-threading, the overhead of testing was 0.004163 seconds.
2026-01-03 15:13:03,881:INFO:You can set `force_row_wise=true` to remove the overhead.
2026-01-03 15:13:03,881:INFO:And if memory is not enough, you can set `force_col_wise=true`.
2026-01-03 15:13:03,882:INFO:[LightGBM] [Info] Total Bins 10076
2026-01-03 15:13:03,884:INFO:[LightGBM] [Info] Number of data points in the train set: 3546, number of used features: 116
2026-01-03 15:13:03,884:INFO:[LightGBM] [Info] Start training from score 3.507530
2026-01-03 15:13:04,303:INFO:[LightGBM] [Info] Auto-choosing row-wise multi-threading, the overhead of testing was 0.000735 seconds.
2026-01-03 15:13:04,304:INFO:You can set `force_row_wise=true` to remove the overhead.
2026-01-03 15:13:04,304:INFO:And if memory is not enough, you can set `force_col_wise=true`.
2026-01-03 15:13:04,304:INFO:[LightGBM] [Info] Total Bins 10074
2026-01-03 15:13:04,305:INFO:[LightGBM] [Info] Number of data points in the train set: 3546, number of used features: 115
2026-01-03 15:13:04,305:INFO:[LightGBM] [Info] Start training from score 3.507530
2026-01-03 15:13:04,786:INFO:[LightGBM] [Info] Auto-choosing row-wise multi-threading, the overhead of testing was 0.000718 seconds.
2026-01-03 15:13:04,786:INFO:You can set `force_row_wise=true` to remove the overhead.
2026-01-03 15:13:04,786:INFO:And if memory is not enough, you can set `force_col_wise=true`.
2026-01-03 15:13:04,787:INFO:[LightGBM] [Info] Total Bins 10072
2026-01-03 15:13:04,787:INFO:[LightGBM] [Info] Number of data points in the train set: 3546, number of used features: 114
2026-01-03 15:13:04,788:INFO:[LightGBM] [Info] Start training from score 3.507530
2026-01-03 15:13:05,193:INFO:[LightGBM] [Info] Auto-choosing row-wise multi-threading, the overhead of testing was 0.000753 seconds.
2026-01-03 15:13:05,193:INFO:You can set `force_row_wise=true` to remove the overhead.
2026-01-03 15:13:05,193:INFO:And if memory is not enough, you can set `force_col_wise=true`.
2026-01-03 15:13:05,194:INFO:[LightGBM] [Info] Total Bins 10070
2026-01-03 15:13:05,194:INFO:[LightGBM] [Info] Number of data points in the train set: 3546, number of used features: 113
2026-01-03 15:13:05,195:INFO:[LightGBM] [Info] Start training from score 3.507530
2026-01-03 15:13:05,558:INFO:[LightGBM] [Info] Auto-choosing row-wise multi-threading, the overhead of testing was 0.000812 seconds.
2026-01-03 15:13:05,559:INFO:You can set `force_row_wise=true` to remove the overhead.
2026-01-03 15:13:05,559:INFO:And if memory is not enough, you can set `force_col_wise=true`.
2026-01-03 15:13:05,560:INFO:[LightGBM] [Info] Total Bins 10068
2026-01-03 15:13:05,560:INFO:[LightGBM] [Info] Number of data points in the train set: 3546, number of used features: 112
2026-01-03 15:13:05,561:INFO:[LightGBM] [Info] Start training from score 3.507530
2026-01-03 15:13:05,877:INFO:[LightGBM] [Info] Auto-choosing row-wise multi-threading, the overhead of testing was 0.000705 seconds.
2026-01-03 15:13:05,877:INFO:You can set `force_row_wise=true` to remove the overhead.
2026-01-03 15:13:05,877:INFO:And if memory is not enough, you can set `force_col_wise=true`.
2026-01-03 15:13:05,878:INFO:[LightGBM] [Info] Total Bins 10063
2026-01-03 15:13:05,878:INFO:[LightGBM] [Info] Number of data points in the train set: 3546, number of used features: 111
2026-01-03 15:13:05,879:INFO:[LightGBM] [Info] Start training from score 3.507530
2026-01-03 15:13:06,411:INFO:[LightGBM] [Info] Auto-choosing row-wise multi-threading, the overhead of testing was 0.000700 seconds.
2026-01-03 15:13:06,411:INFO:You can set `force_row_wise=true` to remove the overhead.
2026-01-03 15:13:06,411:INFO:And if memory is not enough, you can set `force_col_wise=true`.
2026-01-03 15:13:06,412:INFO:[LightGBM] [Info] Total Bins 10056
2026-01-03 15:13:06,412:INFO:[LightGBM] [Info] Number of data points in the train set: 3546, number of used features: 110
2026-01-03 15:13:06,412:INFO:[LightGBM] [Info] Start training from score 3.507530
2026-01-03 15:13:06,889:INFO:[LightGBM] [Info] Auto-choosing row-wise multi-threading, the overhead of testing was 0.000735 seconds.
2026-01-03 15:13:06,889:INFO:You can set `force_row_wise=true` to remove the overhead.
2026-01-03 15:13:06,889:INFO:And if memory is not enough, you can set `force_col_wise=true`.
2026-01-03 15:13:06,890:INFO:[LightGBM] [Info] Total Bins 10034
2026-01-03 15:13:06,891:INFO:[LightGBM] [Info] Number of data points in the train set: 3546, number of used features: 109
2026-01-03 15:13:06,891:INFO:[LightGBM] [Info] Start training from score 3.507530
2026-01-03 15:13:07,740:INFO:[LightGBM] [Info] Auto-choosing row-wise multi-threading, the overhead of testing was 0.011368 seconds.
2026-01-03 15:13:07,740:INFO:You can set `force_row_wise=true` to remove the overhead.
2026-01-03 15:13:07,740:INFO:And if memory is not enough, you can set `force_col_wise=true`.
2026-01-03 15:13:07,741:INFO:[LightGBM] [Info] Total Bins 10032
2026-01-03 15:13:07,742:INFO:[LightGBM] [Info] Number of data points in the train set: 3546, number of used features: 108
2026-01-03 15:13:07,742:INFO:[LightGBM] [Info] Start training from score 3.507530
2026-01-03 15:13:09,009:INFO:[LightGBM] [Info] Auto-choosing row-wise multi-threading, the overhead of testing was 0.000700 seconds.
2026-01-03 15:13:09,009:INFO:You can set `force_row_wise=true` to remove the overhead.
2026-01-03 15:13:09,009:INFO:And if memory is not enough, you can set `force_col_wise=true`.
2026-01-03 15:13:09,010:INFO:[LightGBM] [Info] Total Bins 10030
2026-01-03 15:13:09,010:INFO:[LightGBM] [Info] Number of data points in the train set: 3546, number of used features: 107
2026-01-03 15:13:09,011:INFO:[LightGBM] [Info] Start training from score 3.507530
2026-01-03 15:13:09,951:INFO:[LightGBM] [Info] Auto-choosing row-wise multi-threading, the overhead of testing was 0.001022 seconds.
2026-01-03 15:13:09,952:INFO:You can set `force_row_wise=true` to remove the overhead.
2026-01-03 15:13:09,952:INFO:And if memory is not enough, you can set `force_col_wise=true`.
2026-01-03 15:13:09,952:INFO:[LightGBM] [Info] Total Bins 10028
2026-01-03 15:13:09,953:INFO:[LightGBM] [Info] Number of data points in the train set: 3546, number of used features: 106
2026-01-03 15:13:09,955:INFO:[LightGBM] [Info] Start training from score 3.507530
2026-01-03 15:13:10,499:INFO:[LightGBM] [Info] Auto-choosing row-wise multi-threading, the overhead of testing was 0.002557 seconds.
2026-01-03 15:13:10,500:INFO:You can set `force_row_wise=true` to remove the overhead.
2026-01-03 15:13:10,500:INFO:And if memory is not enough, you can set `force_col_wise=true`.
2026-01-03 15:13:10,500:INFO:[LightGBM] [Info] Total Bins 10026
2026-01-03 15:13:10,503:INFO:[LightGBM] [Info] Number of data points in the train set: 3546, number of used features: 105
2026-01-03 15:13:10,503:INFO:[LightGBM] [Info] Start training from score 3.507530
2026-01-03 15:13:10,922:INFO:[LightGBM] [Info] Auto-choosing col-wise multi-threading, the overhead of testing was 0.002148 seconds.
2026-01-03 15:13:10,922:INFO:You can set `force_col_wise=true` to remove the overhead.
2026-01-03 15:13:10,922:INFO:[LightGBM] [Info] Total Bins 10024
2026-01-03 15:13:10,923:INFO:[LightGBM] [Info] Number of data points in the train set: 3546, number of used features: 104
2026-01-03 15:13:10,923:INFO:[LightGBM] [Info] Start training from score 3.507530
2026-01-03 15:13:17,326:INFO:[LightGBM] [Info] Auto-choosing row-wise multi-threading, the overhead of testing was 0.000722 seconds.
2026-01-03 15:13:17,327:INFO:You can set `force_row_wise=true` to remove the overhead.
2026-01-03 15:13:17,327:INFO:And if memory is not enough, you can set `force_col_wise=true`.
2026-01-03 15:13:17,327:INFO:[LightGBM] [Info] Total Bins 10022
2026-01-03 15:13:17,329:INFO:[LightGBM] [Info] Number of data points in the train set: 3546, number of used features: 103
2026-01-03 15:13:17,329:INFO:[LightGBM] [Info] Start training from score 3.507530
2026-01-03 15:13:17,675:INFO:[LightGBM] [Info] Auto-choosing row-wise multi-threading, the overhead of testing was 0.000854 seconds.
2026-01-03 15:13:17,675:INFO:You can set `force_row_wise=true` to remove the overhead.
2026-01-03 15:13:17,675:INFO:And if memory is not enough, you can set `force_col_wise=true`.
2026-01-03 15:13:17,676:INFO:[LightGBM] [Info] Total Bins 10019
2026-01-03 15:13:17,676:INFO:[LightGBM] [Info] Number of data points in the train set: 3546, number of used features: 102
2026-01-03 15:13:17,677:INFO:[LightGBM] [Info] Start training from score 3.507530
2026-01-03 15:13:18,020:INFO:[LightGBM] [Info] Auto-choosing row-wise multi-threading, the overhead of testing was 0.000686 seconds.
2026-01-03 15:13:18,020:INFO:You can set `force_row_wise=true` to remove the overhead.
2026-01-03 15:13:18,020:INFO:And if memory is not enough, you can set `force_col_wise=true`.
2026-01-03 15:13:18,021:INFO:[LightGBM] [Info] Total Bins 10007
2026-01-03 15:13:18,021:INFO:[LightGBM] [Info] Number of data points in the train set: 3546, number of used features: 101
2026-01-03 15:13:18,022:INFO:[LightGBM] [Info] Start training from score 3.507530
2026-01-03 15:13:18,432:INFO:[LightGBM] [Info] Auto-choosing row-wise multi-threading, the overhead of testing was 0.000698 seconds.
2026-01-03 15:13:18,432:INFO:You can set `force_row_wise=true` to remove the overhead.
2026-01-03 15:13:18,432:INFO:And if memory is not enough, you can set `force_col_wise=true`.
2026-01-03 15:13:18,433:INFO:[LightGBM] [Info] Total Bins 10004
2026-01-03 15:13:18,433:INFO:[LightGBM] [Info] Number of data points in the train set: 3546, number of used features: 100
2026-01-03 15:13:18,434:INFO:[LightGBM] [Info] Start training from score 3.507530
2026-01-03 15:13:18,800:INFO:[LightGBM] [Info] Auto-choosing row-wise multi-threading, the overhead of testing was 0.000782 seconds.
2026-01-03 15:13:18,801:INFO:You can set `force_row_wise=true` to remove the overhead.
2026-01-03 15:13:18,801:INFO:And if memory is not enough, you can set `force_col_wise=true`.
2026-01-03 15:13:18,801:INFO:[LightGBM] [Info] Total Bins 10002
2026-01-03 15:13:18,802:INFO:[LightGBM] [Info] Number of data points in the train set: 3546, number of used features: 99
2026-01-03 15:13:18,802:INFO:[LightGBM] [Info] Start training from score 3.507530
2026-01-03 15:13:19,599:INFO:[LightGBM] [Info] Auto-choosing row-wise multi-threading, the overhead of testing was 0.002500 seconds.
2026-01-03 15:13:19,599:INFO:You can set `force_row_wise=true` to remove the overhead.
2026-01-03 15:13:19,600:INFO:And if memory is not enough, you can set `force_col_wise=true`.
2026-01-03 15:13:19,600:INFO:[LightGBM] [Info] Total Bins 10000
2026-01-03 15:13:19,600:INFO:[LightGBM] [Info] Number of data points in the train set: 3546, number of used features: 98
2026-01-03 15:13:19,601:INFO:[LightGBM] [Info] Start training from score 3.507530
2026-01-03 15:13:19,978:INFO:[LightGBM] [Info] Auto-choosing col-wise multi-threading, the overhead of testing was 0.003231 seconds.
2026-01-03 15:13:19,978:INFO:You can set `force_col_wise=true` to remove the overhead.
2026-01-03 15:13:19,979:INFO:[LightGBM] [Info] Total Bins 9998
2026-01-03 15:13:19,979:INFO:[LightGBM] [Info] Number of data points in the train set: 3546, number of used features: 97
2026-01-03 15:13:19,980:INFO:[LightGBM] [Info] Start training from score 3.507530
2026-01-03 15:13:20,358:INFO:[LightGBM] [Info] Auto-choosing col-wise multi-threading, the overhead of testing was 0.005517 seconds.
2026-01-03 15:13:20,358:INFO:You can set `force_col_wise=true` to remove the overhead.
2026-01-03 15:13:20,359:INFO:[LightGBM] [Info] Total Bins 9995
2026-01-03 15:13:20,366:INFO:[LightGBM] [Info] Number of data points in the train set: 3546, number of used features: 96
2026-01-03 15:13:20,367:INFO:[LightGBM] [Info] Start training from score 3.507530
2026-01-03 15:13:20,756:INFO:[LightGBM] [Info] Auto-choosing col-wise multi-threading, the overhead of testing was 0.001889 seconds.
2026-01-03 15:13:20,756:INFO:You can set `force_col_wise=true` to remove the overhead.
2026-01-03 15:13:20,756:INFO:[LightGBM] [Info] Total Bins 9993
2026-01-03 15:13:20,757:INFO:[LightGBM] [Info] Number of data points in the train set: 3546, number of used features: 95
2026-01-03 15:13:20,757:INFO:[LightGBM] [Info] Start training from score 3.507530
2026-01-03 15:13:21,136:INFO:[LightGBM] [Info] Auto-choosing col-wise multi-threading, the overhead of testing was 0.003209 seconds.
2026-01-03 15:13:21,136:INFO:You can set `force_col_wise=true` to remove the overhead.
2026-01-03 15:13:21,137:INFO:[LightGBM] [Info] Total Bins 9991
2026-01-03 15:13:21,137:INFO:[LightGBM] [Info] Number of data points in the train set: 3546, number of used features: 94
2026-01-03 15:13:21,138:INFO:[LightGBM] [Info] Start training from score 3.507530
2026-01-03 15:13:21,512:INFO:[LightGBM] [Info] Auto-choosing col-wise multi-threading, the overhead of testing was 0.003400 seconds.
2026-01-03 15:13:21,513:INFO:You can set `force_col_wise=true` to remove the overhead.
2026-01-03 15:13:21,513:INFO:[LightGBM] [Info] Total Bins 9977
2026-01-03 15:13:21,514:INFO:[LightGBM] [Info] Number of data points in the train set: 3546, number of used features: 93
2026-01-03 15:13:21,517:INFO:[LightGBM] [Info] Start training from score 3.507530
2026-01-03 15:13:21,890:INFO:[LightGBM] [Info] Auto-choosing col-wise multi-threading, the overhead of testing was 0.002541 seconds.
2026-01-03 15:13:21,891:INFO:You can set `force_col_wise=true` to remove the overhead.
2026-01-03 15:13:21,891:INFO:[LightGBM] [Info] Total Bins 9975
2026-01-03 15:13:21,892:INFO:[LightGBM] [Info] Number of data points in the train set: 3546, number of used features: 92
2026-01-03 15:13:21,896:INFO:[LightGBM] [Info] Start training from score 3.507530
2026-01-03 15:13:22,269:INFO:[LightGBM] [Info] Auto-choosing col-wise multi-threading, the overhead of testing was 0.002051 seconds.
2026-01-03 15:13:22,269:INFO:You can set `force_col_wise=true` to remove the overhead.
2026-01-03 15:13:22,269:INFO:[LightGBM] [Info] Total Bins 9972
2026-01-03 15:13:22,270:INFO:[LightGBM] [Info] Number of data points in the train set: 3546, number of used features: 91
2026-01-03 15:13:22,270:INFO:[LightGBM] [Info] Start training from score 3.507530
2026-01-03 15:13:22,685:INFO:[LightGBM] [Info] Auto-choosing col-wise multi-threading, the overhead of testing was 0.001917 seconds.
2026-01-03 15:13:22,686:INFO:You can set `force_col_wise=true` to remove the overhead.
2026-01-03 15:13:22,686:INFO:[LightGBM] [Info] Total Bins 9967
2026-01-03 15:13:22,686:INFO:[LightGBM] [Info] Number of data points in the train set: 3546, number of used features: 90
2026-01-03 15:13:22,687:INFO:[LightGBM] [Info] Start training from score 3.507530
2026-01-03 15:13:23,036:INFO:[LightGBM] [Info] Auto-choosing col-wise multi-threading, the overhead of testing was 0.001810 seconds.
2026-01-03 15:13:23,037:INFO:You can set `force_col_wise=true` to remove the overhead.
2026-01-03 15:13:23,037:INFO:[LightGBM] [Info] Total Bins 9962
2026-01-03 15:13:23,038:INFO:[LightGBM] [Info] Number of data points in the train set: 3546, number of used features: 89
2026-01-03 15:13:23,038:INFO:[LightGBM] [Info] Start training from score 3.507530
2026-01-03 15:13:23,425:INFO:[LightGBM] [Info] Auto-choosing col-wise multi-threading, the overhead of testing was 0.003258 seconds.
2026-01-03 15:13:23,426:INFO:You can set `force_col_wise=true` to remove the overhead.
2026-01-03 15:13:23,427:INFO:[LightGBM] [Info] Total Bins 9960
2026-01-03 15:13:23,427:INFO:[LightGBM] [Info] Number of data points in the train set: 3546, number of used features: 88
2026-01-03 15:13:23,428:INFO:[LightGBM] [Info] Start training from score 3.507530
2026-01-03 15:13:23,768:INFO:[LightGBM] [Info] Auto-choosing col-wise multi-threading, the overhead of testing was 0.001789 seconds.
2026-01-03 15:13:23,769:INFO:You can set `force_col_wise=true` to remove the overhead.
2026-01-03 15:13:23,769:INFO:[LightGBM] [Info] Total Bins 9948
2026-01-03 15:13:23,769:INFO:[LightGBM] [Info] Number of data points in the train set: 3546, number of used features: 87
2026-01-03 15:13:23,770:INFO:[LightGBM] [Info] Start training from score 3.507530
2026-01-03 15:13:24,104:INFO:[LightGBM] [Info] Auto-choosing col-wise multi-threading, the overhead of testing was 0.001791 seconds.
2026-01-03 15:13:24,104:INFO:You can set `force_col_wise=true` to remove the overhead.
2026-01-03 15:13:24,105:INFO:[LightGBM] [Info] Total Bins 9925
2026-01-03 15:13:24,105:INFO:[LightGBM] [Info] Number of data points in the train set: 3546, number of used features: 86
2026-01-03 15:13:24,105:INFO:[LightGBM] [Info] Start training from score 3.507530
2026-01-03 15:13:24,464:INFO:[LightGBM] [Info] Auto-choosing col-wise multi-threading, the overhead of testing was 0.002175 seconds.
2026-01-03 15:13:24,464:INFO:You can set `force_col_wise=true` to remove the overhead.
2026-01-03 15:13:24,465:INFO:[LightGBM] [Info] Total Bins 9922
2026-01-03 15:13:24,465:INFO:[LightGBM] [Info] Number of data points in the train set: 3546, number of used features: 85
2026-01-03 15:13:24,466:INFO:[LightGBM] [Info] Start training from score 3.507530
2026-01-03 15:13:24,849:INFO:[LightGBM] [Info] Auto-choosing col-wise multi-threading, the overhead of testing was 0.003824 seconds.
2026-01-03 15:13:24,849:INFO:You can set `force_col_wise=true` to remove the overhead.
2026-01-03 15:13:24,850:INFO:[LightGBM] [Info] Total Bins 9920
2026-01-03 15:13:24,850:INFO:[LightGBM] [Info] Number of data points in the train set: 3546, number of used features: 84
2026-01-03 15:13:24,851:INFO:[LightGBM] [Info] Start training from score 3.507530
2026-01-03 15:13:25,734:INFO:[LightGBM] [Info] Auto-choosing col-wise multi-threading, the overhead of testing was 0.058929 seconds.
2026-01-03 15:13:25,734:INFO:You can set `force_col_wise=true` to remove the overhead.
2026-01-03 15:13:25,735:INFO:[LightGBM] [Info] Total Bins 9915
2026-01-03 15:13:25,743:INFO:[LightGBM] [Info] Number of data points in the train set: 3546, number of used features: 83
2026-01-03 15:13:25,751:INFO:[LightGBM] [Info] Start training from score 3.507530
2026-01-03 15:13:26,330:INFO:[LightGBM] [Info] Auto-choosing col-wise multi-threading, the overhead of testing was 0.002921 seconds.
2026-01-03 15:13:26,330:INFO:You can set `force_col_wise=true` to remove the overhead.
2026-01-03 15:13:26,331:INFO:[LightGBM] [Info] Total Bins 9906
2026-01-03 15:13:26,332:INFO:[LightGBM] [Info] Number of data points in the train set: 3546, number of used features: 82
2026-01-03 15:13:26,332:INFO:[LightGBM] [Info] Start training from score 3.507530
2026-01-03 15:13:27,555:INFO:[LightGBM] [Info] Auto-choosing row-wise multi-threading, the overhead of testing was 0.112778 seconds.
2026-01-03 15:13:27,555:INFO:You can set `force_row_wise=true` to remove the overhead.
2026-01-03 15:13:27,555:INFO:And if memory is not enough, you can set `force_col_wise=true`.
2026-01-03 15:13:27,556:INFO:[LightGBM] [Info] Total Bins 9856
2026-01-03 15:13:27,557:INFO:[LightGBM] [Info] Number of data points in the train set: 3546, number of used features: 81
2026-01-03 15:13:27,567:INFO:[LightGBM] [Info] Start training from score 3.507530
2026-01-03 15:13:28,302:INFO:[LightGBM] [Info] Auto-choosing col-wise multi-threading, the overhead of testing was 0.001594 seconds.
2026-01-03 15:13:28,303:INFO:You can set `force_col_wise=true` to remove the overhead.
2026-01-03 15:13:28,303:INFO:[LightGBM] [Info] Total Bins 9849
2026-01-03 15:13:28,304:INFO:[LightGBM] [Info] Number of data points in the train set: 3546, number of used features: 80
2026-01-03 15:13:28,304:INFO:[LightGBM] [Info] Start training from score 3.507530
2026-01-03 15:13:28,640:INFO:[LightGBM] [Info] Auto-choosing col-wise multi-threading, the overhead of testing was 0.001620 seconds.
2026-01-03 15:13:28,640:INFO:You can set `force_col_wise=true` to remove the overhead.
2026-01-03 15:13:28,641:INFO:[LightGBM] [Info] Total Bins 9827
2026-01-03 15:13:28,643:INFO:[LightGBM] [Info] Number of data points in the train set: 3546, number of used features: 79
2026-01-03 15:13:28,644:INFO:[LightGBM] [Info] Start training from score 3.507530
2026-01-03 15:13:29,016:INFO:[LightGBM] [Info] Auto-choosing col-wise multi-threading, the overhead of testing was 0.001750 seconds.
2026-01-03 15:13:29,016:INFO:You can set `force_col_wise=true` to remove the overhead.
2026-01-03 15:13:29,016:INFO:[LightGBM] [Info] Total Bins 9819
2026-01-03 15:13:29,017:INFO:[LightGBM] [Info] Number of data points in the train set: 3546, number of used features: 78
2026-01-03 15:13:29,017:INFO:[LightGBM] [Info] Start training from score 3.507530
2026-01-03 15:13:29,480:INFO:[LightGBM] [Info] Auto-choosing col-wise multi-threading, the overhead of testing was 0.001604 seconds.
2026-01-03 15:13:29,481:INFO:You can set `force_col_wise=true` to remove the overhead.
2026-01-03 15:13:29,481:INFO:[LightGBM] [Info] Total Bins 9757
2026-01-03 15:13:29,482:INFO:[LightGBM] [Info] Number of data points in the train set: 3546, number of used features: 77
2026-01-03 15:13:29,482:INFO:[LightGBM] [Info] Start training from score 3.507530
2026-01-03 15:13:29,913:INFO:[LightGBM] [Info] Auto-choosing col-wise multi-threading, the overhead of testing was 0.003187 seconds.
2026-01-03 15:13:29,913:INFO:You can set `force_col_wise=true` to remove the overhead.
2026-01-03 15:13:29,914:INFO:[LightGBM] [Info] Total Bins 9755
2026-01-03 15:13:29,914:INFO:[LightGBM] [Info] Number of data points in the train set: 3546, number of used features: 76
2026-01-03 15:13:29,916:INFO:[LightGBM] [Info] Start training from score 3.507530
2026-01-03 15:13:30,302:INFO:[LightGBM] [Info] Auto-choosing col-wise multi-threading, the overhead of testing was 0.001508 seconds.
2026-01-03 15:13:30,303:INFO:You can set `force_col_wise=true` to remove the overhead.
2026-01-03 15:13:30,303:INFO:[LightGBM] [Info] Total Bins 9753
2026-01-03 15:13:30,303:INFO:[LightGBM] [Info] Number of data points in the train set: 3546, number of used features: 75
2026-01-03 15:13:30,304:INFO:[LightGBM] [Info] Start training from score 3.507530
2026-01-03 15:13:30,616:INFO:[LightGBM] [Info] Auto-choosing col-wise multi-threading, the overhead of testing was 0.001494 seconds.
2026-01-03 15:13:30,617:INFO:You can set `force_col_wise=true` to remove the overhead.
2026-01-03 15:13:30,617:INFO:[LightGBM] [Info] Total Bins 9747
2026-01-03 15:13:30,617:INFO:[LightGBM] [Info] Number of data points in the train set: 3546, number of used features: 74
2026-01-03 15:13:30,618:INFO:[LightGBM] [Info] Start training from score 3.507530
2026-01-03 15:13:30,968:INFO:[LightGBM] [Info] Auto-choosing col-wise multi-threading, the overhead of testing was 0.001509 seconds.
2026-01-03 15:13:30,968:INFO:You can set `force_col_wise=true` to remove the overhead.
2026-01-03 15:13:30,969:INFO:[LightGBM] [Info] Total Bins 9744
2026-01-03 15:13:30,969:INFO:[LightGBM] [Info] Number of data points in the train set: 3546, number of used features: 73
2026-01-03 15:13:30,970:INFO:[LightGBM] [Info] Start training from score 3.507530
2026-01-03 15:13:31,319:INFO:[LightGBM] [Info] Auto-choosing col-wise multi-threading, the overhead of testing was 0.001503 seconds.
2026-01-03 15:13:31,319:INFO:You can set `force_col_wise=true` to remove the overhead.
2026-01-03 15:13:31,320:INFO:[LightGBM] [Info] Total Bins 9742
2026-01-03 15:13:31,320:INFO:[LightGBM] [Info] Number of data points in the train set: 3546, number of used features: 72
2026-01-03 15:13:31,320:INFO:[LightGBM] [Info] Start training from score 3.507530
2026-01-03 15:13:31,722:INFO:[LightGBM] [Info] Auto-choosing col-wise multi-threading, the overhead of testing was 0.001465 seconds.
2026-01-03 15:13:31,722:INFO:You can set `force_col_wise=true` to remove the overhead.
2026-01-03 15:13:31,724:INFO:[LightGBM] [Info] Total Bins 9642
2026-01-03 15:13:31,725:INFO:[LightGBM] [Info] Number of data points in the train set: 3546, number of used features: 71
2026-01-03 15:13:31,725:INFO:[LightGBM] [Info] Start training from score 3.507530
2026-01-03 15:13:32,063:INFO:[LightGBM] [Info] Auto-choosing col-wise multi-threading, the overhead of testing was 0.001731 seconds.
2026-01-03 15:13:32,063:INFO:You can set `force_col_wise=true` to remove the overhead.
2026-01-03 15:13:32,063:INFO:[LightGBM] [Info] Total Bins 9565
2026-01-03 15:13:32,064:INFO:[LightGBM] [Info] Number of data points in the train set: 3546, number of used features: 70
2026-01-03 15:13:32,064:INFO:[LightGBM] [Info] Start training from score 3.507530
2026-01-03 15:13:32,391:INFO:[LightGBM] [Info] Auto-choosing col-wise multi-threading, the overhead of testing was 0.002648 seconds.
2026-01-03 15:13:32,391:INFO:You can set `force_col_wise=true` to remove the overhead.
2026-01-03 15:13:32,392:INFO:[LightGBM] [Info] Total Bins 9563
2026-01-03 15:13:32,392:INFO:[LightGBM] [Info] Number of data points in the train set: 3546, number of used features: 69
2026-01-03 15:13:32,393:INFO:[LightGBM] [Info] Start training from score 3.507530
2026-01-03 15:13:32,722:INFO:[LightGBM] [Info] Auto-choosing col-wise multi-threading, the overhead of testing was 0.001449 seconds.
2026-01-03 15:13:32,722:INFO:You can set `force_col_wise=true` to remove the overhead.
2026-01-03 15:13:32,723:INFO:[LightGBM] [Info] Total Bins 9554
2026-01-03 15:13:32,724:INFO:[LightGBM] [Info] Number of data points in the train set: 3546, number of used features: 68
2026-01-03 15:13:32,724:INFO:[LightGBM] [Info] Start training from score 3.507530
2026-01-03 15:13:33,067:INFO:[LightGBM] [Info] Auto-choosing col-wise multi-threading, the overhead of testing was 0.001400 seconds.
2026-01-03 15:13:33,067:INFO:You can set `force_col_wise=true` to remove the overhead.
2026-01-03 15:13:33,068:INFO:[LightGBM] [Info] Total Bins 9416
2026-01-03 15:13:33,068:INFO:[LightGBM] [Info] Number of data points in the train set: 3546, number of used features: 67
2026-01-03 15:13:33,068:INFO:[LightGBM] [Info] Start training from score 3.507530
2026-01-03 15:13:33,384:INFO:[LightGBM] [Info] Auto-choosing row-wise multi-threading, the overhead of testing was 0.000435 seconds.
2026-01-03 15:13:33,384:INFO:You can set `force_row_wise=true` to remove the overhead.
2026-01-03 15:13:33,384:INFO:And if memory is not enough, you can set `force_col_wise=true`.
2026-01-03 15:13:33,385:INFO:[LightGBM] [Info] Total Bins 9414
2026-01-03 15:13:33,385:INFO:[LightGBM] [Info] Number of data points in the train set: 3546, number of used features: 66
2026-01-03 15:13:33,385:INFO:[LightGBM] [Info] Start training from score 3.507530
2026-01-03 15:13:33,710:INFO:[LightGBM] [Info] Auto-choosing row-wise multi-threading, the overhead of testing was 0.000500 seconds.
2026-01-03 15:13:33,711:INFO:You can set `force_row_wise=true` to remove the overhead.
2026-01-03 15:13:33,711:INFO:And if memory is not enough, you can set `force_col_wise=true`.
2026-01-03 15:13:33,711:INFO:[LightGBM] [Info] Total Bins 9289
2026-01-03 15:13:33,712:INFO:[LightGBM] [Info] Number of data points in the train set: 3546, number of used features: 65
2026-01-03 15:13:33,712:INFO:[LightGBM] [Info] Start training from score 3.507530
2026-01-03 15:13:34,022:INFO:[LightGBM] [Info] Auto-choosing row-wise multi-threading, the overhead of testing was 0.000908 seconds.
2026-01-03 15:13:34,022:INFO:You can set `force_row_wise=true` to remove the overhead.
2026-01-03 15:13:34,023:INFO:And if memory is not enough, you can set `force_col_wise=true`.
2026-01-03 15:13:34,023:INFO:[LightGBM] [Info] Total Bins 9233
2026-01-03 15:13:34,023:INFO:[LightGBM] [Info] Number of data points in the train set: 3546, number of used features: 64
2026-01-03 15:13:34,024:INFO:[LightGBM] [Info] Start training from score 3.507530
2026-01-03 15:13:34,334:INFO:[LightGBM] [Info] Auto-choosing col-wise multi-threading, the overhead of testing was 0.001270 seconds.
2026-01-03 15:13:34,335:INFO:You can set `force_col_wise=true` to remove the overhead.
2026-01-03 15:13:34,335:INFO:[LightGBM] [Info] Total Bins 9160
2026-01-03 15:13:34,336:INFO:[LightGBM] [Info] Number of data points in the train set: 3546, number of used features: 63
2026-01-03 15:13:34,336:INFO:[LightGBM] [Info] Start training from score 3.507530
2026-01-03 15:13:34,631:INFO:[LightGBM] [Info] Auto-choosing col-wise multi-threading, the overhead of testing was 0.001256 seconds.
2026-01-03 15:13:34,631:INFO:You can set `force_col_wise=true` to remove the overhead.
2026-01-03 15:13:34,631:INFO:[LightGBM] [Info] Total Bins 9153
2026-01-03 15:13:34,632:INFO:[LightGBM] [Info] Number of data points in the train set: 3546, number of used features: 62
2026-01-03 15:13:34,632:INFO:[LightGBM] [Info] Start training from score 3.507530
2026-01-03 15:13:34,930:INFO:[LightGBM] [Info] Auto-choosing col-wise multi-threading, the overhead of testing was 0.001342 seconds.
2026-01-03 15:13:34,930:INFO:You can set `force_col_wise=true` to remove the overhead.
2026-01-03 15:13:34,931:INFO:[LightGBM] [Info] Total Bins 9131
2026-01-03 15:13:34,931:INFO:[LightGBM] [Info] Number of data points in the train set: 3546, number of used features: 61
2026-01-03 15:13:34,931:INFO:[LightGBM] [Info] Start training from score 3.507530
2026-01-03 15:13:35,200:INFO:[LightGBM] [Info] Auto-choosing col-wise multi-threading, the overhead of testing was 0.001224 seconds.
2026-01-03 15:13:35,201:INFO:You can set `force_col_wise=true` to remove the overhead.
2026-01-03 15:13:35,201:INFO:[LightGBM] [Info] Total Bins 9099
2026-01-03 15:13:35,202:INFO:[LightGBM] [Info] Number of data points in the train set: 3546, number of used features: 60
2026-01-03 15:13:35,202:INFO:[LightGBM] [Info] Start training from score 3.507530
2026-01-03 15:13:35,479:INFO:[LightGBM] [Info] Auto-choosing col-wise multi-threading, the overhead of testing was 0.001199 seconds.
2026-01-03 15:13:35,479:INFO:You can set `force_col_wise=true` to remove the overhead.
2026-01-03 15:13:35,479:INFO:[LightGBM] [Info] Total Bins 9079
2026-01-03 15:13:35,479:INFO:[LightGBM] [Info] Number of data points in the train set: 3546, number of used features: 59
2026-01-03 15:13:35,480:INFO:[LightGBM] [Info] Start training from score 3.507530
2026-01-03 15:13:35,752:INFO:[LightGBM] [Info] Auto-choosing col-wise multi-threading, the overhead of testing was 0.001172 seconds.
2026-01-03 15:13:35,752:INFO:You can set `force_col_wise=true` to remove the overhead.
2026-01-03 15:13:35,753:INFO:[LightGBM] [Info] Total Bins 9070
2026-01-03 15:13:35,753:INFO:[LightGBM] [Info] Number of data points in the train set: 3546, number of used features: 58
2026-01-03 15:13:35,753:INFO:[LightGBM] [Info] Start training from score 3.507530
2026-01-03 15:13:36,019:INFO:[LightGBM] [Info] Auto-choosing col-wise multi-threading, the overhead of testing was 0.001287 seconds.
2026-01-03 15:13:36,019:INFO:You can set `force_col_wise=true` to remove the overhead.
2026-01-03 15:13:36,019:INFO:[LightGBM] [Info] Total Bins 8952
2026-01-03 15:13:36,020:INFO:[LightGBM] [Info] Number of data points in the train set: 3546, number of used features: 57
2026-01-03 15:13:36,020:INFO:[LightGBM] [Info] Start training from score 3.507530
2026-01-03 15:13:36,344:INFO:[LightGBM] [Info] Auto-choosing col-wise multi-threading, the overhead of testing was 0.001244 seconds.
2026-01-03 15:13:36,344:INFO:You can set `force_col_wise=true` to remove the overhead.
2026-01-03 15:13:36,345:INFO:[LightGBM] [Info] Total Bins 8848
2026-01-03 15:13:36,345:INFO:[LightGBM] [Info] Number of data points in the train set: 3546, number of used features: 56
2026-01-03 15:13:36,345:INFO:[LightGBM] [Info] Start training from score 3.507530
2026-01-03 15:13:36,602:INFO:[LightGBM] [Info] Auto-choosing col-wise multi-threading, the overhead of testing was 0.001065 seconds.
2026-01-03 15:13:36,603:INFO:You can set `force_col_wise=true` to remove the overhead.
2026-01-03 15:13:36,603:INFO:[LightGBM] [Info] Total Bins 8833
2026-01-03 15:13:36,603:INFO:[LightGBM] [Info] Number of data points in the train set: 3546, number of used features: 55
2026-01-03 15:13:36,604:INFO:[LightGBM] [Info] Start training from score 3.507530
2026-01-03 15:13:36,869:INFO:[LightGBM] [Info] Auto-choosing col-wise multi-threading, the overhead of testing was 0.001130 seconds.
2026-01-03 15:13:36,869:INFO:You can set `force_col_wise=true` to remove the overhead.
2026-01-03 15:13:36,869:INFO:[LightGBM] [Info] Total Bins 8751
2026-01-03 15:13:36,870:INFO:[LightGBM] [Info] Number of data points in the train set: 3546, number of used features: 54
2026-01-03 15:13:36,870:INFO:[LightGBM] [Info] Start training from score 3.507530
2026-01-03 15:13:37,532:INFO:[LightGBM] [Info] Auto-choosing col-wise multi-threading, the overhead of testing was 0.001086 seconds.
2026-01-03 15:13:37,532:INFO:You can set `force_col_wise=true` to remove the overhead.
2026-01-03 15:13:37,532:INFO:[LightGBM] [Info] Total Bins 8743
2026-01-03 15:13:37,533:INFO:[LightGBM] [Info] Number of data points in the train set: 3546, number of used features: 53
2026-01-03 15:13:37,533:INFO:[LightGBM] [Info] Start training from score 3.507530
2026-01-03 15:13:37,798:INFO:[LightGBM] [Info] Auto-choosing col-wise multi-threading, the overhead of testing was 0.001020 seconds.
2026-01-03 15:13:37,798:INFO:You can set `force_col_wise=true` to remove the overhead.
2026-01-03 15:13:37,798:INFO:[LightGBM] [Info] Total Bins 8724
2026-01-03 15:13:37,799:INFO:[LightGBM] [Info] Number of data points in the train set: 3546, number of used features: 52
2026-01-03 15:13:37,799:INFO:[LightGBM] [Info] Start training from score 3.507530
2026-01-03 15:13:38,235:INFO:[LightGBM] [Info] Auto-choosing col-wise multi-threading, the overhead of testing was 0.001086 seconds.
2026-01-03 15:13:38,237:INFO:You can set `force_col_wise=true` to remove the overhead.
2026-01-03 15:13:38,238:INFO:[LightGBM] [Info] Total Bins 8691
2026-01-03 15:13:38,240:INFO:[LightGBM] [Info] Number of data points in the train set: 3546, number of used features: 51
2026-01-03 15:13:38,240:INFO:[LightGBM] [Info] Start training from score 3.507530
2026-01-03 15:13:38,547:INFO:[LightGBM] [Info] Auto-choosing col-wise multi-threading, the overhead of testing was 0.001015 seconds.
2026-01-03 15:13:38,547:INFO:You can set `force_col_wise=true` to remove the overhead.
2026-01-03 15:13:38,547:INFO:[LightGBM] [Info] Total Bins 8580
2026-01-03 15:13:38,547:INFO:[LightGBM] [Info] Number of data points in the train set: 3546, number of used features: 50
2026-01-03 15:13:38,548:INFO:[LightGBM] [Info] Start training from score 3.507530
2026-01-03 15:13:38,807:INFO:[LightGBM] [Info] Auto-choosing col-wise multi-threading, the overhead of testing was 0.001106 seconds.
2026-01-03 15:13:38,808:INFO:You can set `force_col_wise=true` to remove the overhead.
2026-01-03 15:13:38,808:INFO:[LightGBM] [Info] Total Bins 8572
2026-01-03 15:13:38,808:INFO:[LightGBM] [Info] Number of data points in the train set: 3546, number of used features: 49
2026-01-03 15:13:38,809:INFO:[LightGBM] [Info] Start training from score 3.507530
2026-01-03 15:13:39,082:INFO:[LightGBM] [Info] Auto-choosing col-wise multi-threading, the overhead of testing was 0.000994 seconds.
2026-01-03 15:13:39,082:INFO:You can set `force_col_wise=true` to remove the overhead.
2026-01-03 15:13:39,083:INFO:[LightGBM] [Info] Total Bins 8550
2026-01-03 15:13:39,083:INFO:[LightGBM] [Info] Number of data points in the train set: 3546, number of used features: 48
2026-01-03 15:13:39,084:INFO:[LightGBM] [Info] Start training from score 3.507530
2026-01-03 15:13:39,326:INFO:[LightGBM] [Info] Auto-choosing col-wise multi-threading, the overhead of testing was 0.000900 seconds.
2026-01-03 15:13:39,326:INFO:You can set `force_col_wise=true` to remove the overhead.
2026-01-03 15:13:39,327:INFO:[LightGBM] [Info] Total Bins 8410
2026-01-03 15:13:39,327:INFO:[LightGBM] [Info] Number of data points in the train set: 3546, number of used features: 47
2026-01-03 15:13:39,327:INFO:[LightGBM] [Info] Start training from score 3.507530
2026-01-03 15:13:39,567:INFO:[LightGBM] [Info] Auto-choosing col-wise multi-threading, the overhead of testing was 0.001026 seconds.
2026-01-03 15:13:39,567:INFO:You can set `force_col_wise=true` to remove the overhead.
2026-01-03 15:13:39,568:INFO:[LightGBM] [Info] Total Bins 8405
2026-01-03 15:13:39,568:INFO:[LightGBM] [Info] Number of data points in the train set: 3546, number of used features: 46
2026-01-03 15:13:39,568:INFO:[LightGBM] [Info] Start training from score 3.507530
2026-01-03 15:13:39,834:INFO:[LightGBM] [Info] Auto-choosing col-wise multi-threading, the overhead of testing was 0.000903 seconds.
2026-01-03 15:13:39,834:INFO:You can set `force_col_wise=true` to remove the overhead.
2026-01-03 15:13:39,835:INFO:[LightGBM] [Info] Total Bins 8150
2026-01-03 15:13:39,835:INFO:[LightGBM] [Info] Number of data points in the train set: 3546, number of used features: 45
2026-01-03 15:13:39,836:INFO:[LightGBM] [Info] Start training from score 3.507530
2026-01-03 15:13:40,077:INFO:[LightGBM] [Info] Auto-choosing col-wise multi-threading, the overhead of testing was 0.000859 seconds.
2026-01-03 15:13:40,077:INFO:You can set `force_col_wise=true` to remove the overhead.
2026-01-03 15:13:40,077:INFO:[LightGBM] [Info] Total Bins 8047
2026-01-03 15:13:40,077:INFO:[LightGBM] [Info] Number of data points in the train set: 3546, number of used features: 44
2026-01-03 15:13:40,078:INFO:[LightGBM] [Info] Start training from score 3.507530
2026-01-03 15:13:40,359:INFO:[LightGBM] [Info] Auto-choosing col-wise multi-threading, the overhead of testing was 0.000841 seconds.
2026-01-03 15:13:40,362:INFO:You can set `force_col_wise=true` to remove the overhead.
2026-01-03 15:13:40,363:INFO:[LightGBM] [Info] Total Bins 8027
2026-01-03 15:13:40,363:INFO:[LightGBM] [Info] Number of data points in the train set: 3546, number of used features: 43
2026-01-03 15:13:40,365:INFO:[LightGBM] [Info] Start training from score 3.507530
2026-01-03 15:13:40,895:INFO:[LightGBM] [Info] Auto-choosing col-wise multi-threading, the overhead of testing was 0.000883 seconds.
2026-01-03 15:13:40,895:INFO:You can set `force_col_wise=true` to remove the overhead.
2026-01-03 15:13:40,896:INFO:[LightGBM] [Info] Total Bins 7937
2026-01-03 15:13:40,896:INFO:[LightGBM] [Info] Number of data points in the train set: 3546, number of used features: 42
2026-01-03 15:13:40,896:INFO:[LightGBM] [Info] Start training from score 3.507530
2026-01-03 15:13:41,213:INFO:[LightGBM] [Info] Auto-choosing row-wise multi-threading, the overhead of testing was 0.000239 seconds.
2026-01-03 15:13:41,213:INFO:You can set `force_row_wise=true` to remove the overhead.
2026-01-03 15:13:41,213:INFO:And if memory is not enough, you can set `force_col_wise=true`.
2026-01-03 15:13:41,214:INFO:[LightGBM] [Info] Total Bins 7682
2026-01-03 15:13:41,214:INFO:[LightGBM] [Info] Number of data points in the train set: 3546, number of used features: 41
2026-01-03 15:13:41,214:INFO:[LightGBM] [Info] Start training from score 3.507530
2026-01-03 15:13:42,892:INFO:[LightGBM] [Info] Auto-choosing row-wise multi-threading, the overhead of testing was 0.002655 seconds.
2026-01-03 15:13:42,892:INFO:You can set `force_row_wise=true` to remove the overhead.
2026-01-03 15:13:42,892:INFO:And if memory is not enough, you can set `force_col_wise=true`.
2026-01-03 15:13:42,892:INFO:[LightGBM] [Info] Total Bins 7461
2026-01-03 15:13:42,892:INFO:[LightGBM] [Info] Number of data points in the train set: 3546, number of used features: 40
2026-01-03 15:13:42,893:INFO:[LightGBM] [Info] Start training from score 3.507530
2026-01-03 15:13:43,473:INFO:[LightGBM] [Info] Auto-choosing row-wise multi-threading, the overhead of testing was 0.003630 seconds.
2026-01-03 15:13:43,474:INFO:You can set `force_row_wise=true` to remove the overhead.
2026-01-03 15:13:43,474:INFO:And if memory is not enough, you can set `force_col_wise=true`.
2026-01-03 15:13:43,474:INFO:[LightGBM] [Info] Total Bins 7444
2026-01-03 15:13:43,474:INFO:[LightGBM] [Info] Number of data points in the train set: 3546, number of used features: 39
2026-01-03 15:13:43,475:INFO:[LightGBM] [Info] Start training from score 3.507530
2026-01-03 15:13:43,910:INFO:[LightGBM] [Info] Auto-choosing col-wise multi-threading, the overhead of testing was 0.002843 seconds.
2026-01-03 15:13:43,910:INFO:You can set `force_col_wise=true` to remove the overhead.
2026-01-03 15:13:43,910:INFO:[LightGBM] [Info] Total Bins 7280
2026-01-03 15:13:43,911:INFO:[LightGBM] [Info] Number of data points in the train set: 3546, number of used features: 38
2026-01-03 15:13:43,911:INFO:[LightGBM] [Info] Start training from score 3.507530
2026-01-03 15:13:44,227:INFO:[LightGBM] [Info] Auto-choosing col-wise multi-threading, the overhead of testing was 0.000726 seconds.
2026-01-03 15:13:44,227:INFO:You can set `force_col_wise=true` to remove the overhead.
2026-01-03 15:13:44,228:INFO:[LightGBM] [Info] Total Bins 7212
2026-01-03 15:13:44,228:INFO:[LightGBM] [Info] Number of data points in the train set: 3546, number of used features: 37
2026-01-03 15:13:44,229:INFO:[LightGBM] [Info] Start training from score 3.507530
2026-01-03 15:13:44,525:INFO:[LightGBM] [Info] Auto-choosing col-wise multi-threading, the overhead of testing was 0.000824 seconds.
2026-01-03 15:13:44,525:INFO:You can set `force_col_wise=true` to remove the overhead.
2026-01-03 15:13:44,525:INFO:[LightGBM] [Info] Total Bins 7029
2026-01-03 15:13:44,526:INFO:[LightGBM] [Info] Number of data points in the train set: 3546, number of used features: 36
2026-01-03 15:13:44,526:INFO:[LightGBM] [Info] Start training from score 3.507530
2026-01-03 15:13:44,876:INFO:[LightGBM] [Info] Auto-choosing col-wise multi-threading, the overhead of testing was 0.000733 seconds.
2026-01-03 15:13:44,876:INFO:You can set `force_col_wise=true` to remove the overhead.
2026-01-03 15:13:44,876:INFO:[LightGBM] [Info] Total Bins 6960
2026-01-03 15:13:44,876:INFO:[LightGBM] [Info] Number of data points in the train set: 3546, number of used features: 35
2026-01-03 15:13:44,877:INFO:[LightGBM] [Info] Start training from score 3.507530
2026-01-03 15:13:45,196:INFO:[LightGBM] [Info] Auto-choosing col-wise multi-threading, the overhead of testing was 0.000657 seconds.
2026-01-03 15:13:45,196:INFO:You can set `force_col_wise=true` to remove the overhead.
2026-01-03 15:13:45,196:INFO:[LightGBM] [Info] Total Bins 6952
2026-01-03 15:13:45,196:INFO:[LightGBM] [Info] Number of data points in the train set: 3546, number of used features: 34
2026-01-03 15:13:45,197:INFO:[LightGBM] [Info] Start training from score 3.507530
2026-01-03 15:13:45,467:INFO:[LightGBM] [Info] Auto-choosing col-wise multi-threading, the overhead of testing was 0.000653 seconds.
2026-01-03 15:13:45,467:INFO:You can set `force_col_wise=true` to remove the overhead.
2026-01-03 15:13:45,467:INFO:[LightGBM] [Info] Total Bins 6697
2026-01-03 15:13:45,469:INFO:[LightGBM] [Info] Number of data points in the train set: 3546, number of used features: 33
2026-01-03 15:13:45,470:INFO:[LightGBM] [Info] Start training from score 3.507530
2026-01-03 15:13:45,701:INFO:[LightGBM] [Info] Auto-choosing col-wise multi-threading, the overhead of testing was 0.000638 seconds.
2026-01-03 15:13:45,701:INFO:You can set `force_col_wise=true` to remove the overhead.
2026-01-03 15:13:45,702:INFO:[LightGBM] [Info] Total Bins 6527
2026-01-03 15:13:45,705:INFO:[LightGBM] [Info] Number of data points in the train set: 3546, number of used features: 32
2026-01-03 15:13:45,705:INFO:[LightGBM] [Info] Start training from score 3.507530
2026-01-03 15:13:45,937:INFO:[LightGBM] [Info] Auto-choosing col-wise multi-threading, the overhead of testing was 0.002519 seconds.
2026-01-03 15:13:45,937:INFO:You can set `force_col_wise=true` to remove the overhead.
2026-01-03 15:13:45,938:INFO:[LightGBM] [Info] Total Bins 6384
2026-01-03 15:13:45,939:INFO:[LightGBM] [Info] Number of data points in the train set: 3546, number of used features: 31
2026-01-03 15:13:45,940:INFO:[LightGBM] [Info] Start training from score 3.507530
2026-01-03 15:13:46,279:INFO:[LightGBM] [Info] Auto-choosing row-wise multi-threading, the overhead of testing was 0.000782 seconds.
2026-01-03 15:13:46,279:INFO:You can set `force_row_wise=true` to remove the overhead.
2026-01-03 15:13:46,279:INFO:And if memory is not enough, you can set `force_col_wise=true`.
2026-01-03 15:13:46,279:INFO:[LightGBM] [Info] Total Bins 6150
2026-01-03 15:13:46,286:INFO:[LightGBM] [Info] Number of data points in the train set: 3546, number of used features: 30
2026-01-03 15:13:46,288:INFO:[LightGBM] [Info] Start training from score 3.507530
2026-01-03 15:13:46,740:INFO:[LightGBM] [Info] Auto-choosing col-wise multi-threading, the overhead of testing was 0.001406 seconds.
2026-01-03 15:13:46,740:INFO:You can set `force_col_wise=true` to remove the overhead.
2026-01-03 15:13:46,740:INFO:[LightGBM] [Info] Total Bins 5895
2026-01-03 15:13:46,741:INFO:[LightGBM] [Info] Number of data points in the train set: 3546, number of used features: 29
2026-01-03 15:13:46,741:INFO:[LightGBM] [Info] Start training from score 3.507530
2026-01-03 15:13:46,950:INFO:[LightGBM] [Info] Auto-choosing col-wise multi-threading, the overhead of testing was 0.000556 seconds.
2026-01-03 15:13:46,951:INFO:You can set `force_col_wise=true` to remove the overhead.
2026-01-03 15:13:46,951:INFO:[LightGBM] [Info] Total Bins 5810
2026-01-03 15:13:46,952:INFO:[LightGBM] [Info] Number of data points in the train set: 3546, number of used features: 28
2026-01-03 15:13:46,954:INFO:[LightGBM] [Info] Start training from score 3.507530
2026-01-03 15:13:47,222:INFO:[LightGBM] [Info] Auto-choosing col-wise multi-threading, the overhead of testing was 0.002536 seconds.
2026-01-03 15:13:47,223:INFO:You can set `force_col_wise=true` to remove the overhead.
2026-01-03 15:13:47,223:INFO:[LightGBM] [Info] Total Bins 5555
2026-01-03 15:13:47,223:INFO:[LightGBM] [Info] Number of data points in the train set: 3546, number of used features: 27
2026-01-03 15:13:47,223:INFO:[LightGBM] [Info] Start training from score 3.507530
2026-01-03 15:13:47,463:INFO:[LightGBM] [Info] Auto-choosing col-wise multi-threading, the overhead of testing was 0.000533 seconds.
2026-01-03 15:13:47,463:INFO:You can set `force_col_wise=true` to remove the overhead.
2026-01-03 15:13:47,464:INFO:[LightGBM] [Info] Total Bins 5482
2026-01-03 15:13:47,464:INFO:[LightGBM] [Info] Number of data points in the train set: 3546, number of used features: 26
2026-01-03 15:13:47,464:INFO:[LightGBM] [Info] Start training from score 3.507530
2026-01-03 15:13:47,661:INFO:[LightGBM] [Info] Auto-choosing col-wise multi-threading, the overhead of testing was 0.000486 seconds.
2026-01-03 15:13:47,661:INFO:You can set `force_col_wise=true` to remove the overhead.
2026-01-03 15:13:47,661:INFO:[LightGBM] [Info] Total Bins 5395
2026-01-03 15:13:47,661:INFO:[LightGBM] [Info] Number of data points in the train set: 3546, number of used features: 25
2026-01-03 15:13:47,662:INFO:[LightGBM] [Info] Start training from score 3.507530
2026-01-03 15:13:47,849:INFO:[LightGBM] [Info] Auto-choosing col-wise multi-threading, the overhead of testing was 0.000440 seconds.
2026-01-03 15:13:47,849:INFO:You can set `force_col_wise=true` to remove the overhead.
2026-01-03 15:13:47,850:INFO:[LightGBM] [Info] Total Bins 5231
2026-01-03 15:13:47,850:INFO:[LightGBM] [Info] Number of data points in the train set: 3546, number of used features: 24
2026-01-03 15:13:47,850:INFO:[LightGBM] [Info] Start training from score 3.507530
2026-01-03 15:13:48,032:INFO:[LightGBM] [Info] Auto-choosing col-wise multi-threading, the overhead of testing was 0.000416 seconds.
2026-01-03 15:13:48,032:INFO:You can set `force_col_wise=true` to remove the overhead.
2026-01-03 15:13:48,032:INFO:[LightGBM] [Info] Total Bins 4976
2026-01-03 15:13:48,032:INFO:[LightGBM] [Info] Number of data points in the train set: 3546, number of used features: 23
2026-01-03 15:13:48,032:INFO:[LightGBM] [Info] Start training from score 3.507530
2026-01-03 15:13:48,205:INFO:[LightGBM] [Info] Auto-choosing col-wise multi-threading, the overhead of testing was 0.000505 seconds.
2026-01-03 15:13:48,205:INFO:You can set `force_col_wise=true` to remove the overhead.
2026-01-03 15:13:48,206:INFO:[LightGBM] [Info] Total Bins 4721
2026-01-03 15:13:48,206:INFO:[LightGBM] [Info] Number of data points in the train set: 3546, number of used features: 22
2026-01-03 15:13:48,206:INFO:[LightGBM] [Info] Start training from score 3.507530
2026-01-03 15:13:48,376:INFO:[LightGBM] [Info] Auto-choosing col-wise multi-threading, the overhead of testing was 0.000396 seconds.
2026-01-03 15:13:48,376:INFO:You can set `force_col_wise=true` to remove the overhead.
2026-01-03 15:13:48,376:INFO:[LightGBM] [Info] Total Bins 4469
2026-01-03 15:13:48,377:INFO:[LightGBM] [Info] Number of data points in the train set: 3546, number of used features: 21
2026-01-03 15:13:48,377:INFO:[LightGBM] [Info] Start training from score 3.507530
2026-01-03 15:13:48,541:INFO:[LightGBM] [Info] Auto-choosing col-wise multi-threading, the overhead of testing was 0.000400 seconds.
2026-01-03 15:13:48,541:INFO:[LightGBM] [Info] Auto-choosing col-wise multi-threading, the overhead of testing was 0.000400 seconds.
You can set `force_col_wise=true` to remove the overhead.
2026-01-03 15:13:48,541:INFO:You can set `force_col_wise=true` to remove the overhead.
2026-01-03 15:13:48,542:INFO:[LightGBM] [Info] Total Bins 4362
2026-01-03 15:13:48,542:INFO:[LightGBM] [Info] Number of data points in the train set: 3546, number of used features: 20
2026-01-03 15:13:48,542:INFO:[LightGBM] [Info] Start training from score 3.507530
2026-01-03 15:13:48,698:INFO:[LightGBM] [Info] Auto-choosing col-wise multi-threading, the overhead of testing was 0.000350 seconds.
2026-01-03 15:13:48,698:INFO:You can set `force_col_wise=true` to remove the overhead.
2026-01-03 15:13:48,698:INFO:[LightGBM] [Info] Total Bins 4107
2026-01-03 15:13:48,699:INFO:[LightGBM] [Info] Number of data points in the train set: 3546, number of used features: 19
2026-01-03 15:13:48,699:INFO:[LightGBM] [Info] Start training from score 3.507530
2026-01-03 15:13:48,856:INFO:[LightGBM] [Info] Auto-choosing col-wise multi-threading, the overhead of testing was 0.000363 seconds.
2026-01-03 15:13:48,856:INFO:You can set `force_col_wise=true` to remove the overhead.
2026-01-03 15:13:48,857:INFO:[LightGBM] [Info] Total Bins 3857
2026-01-03 15:13:48,857:INFO:[LightGBM] [Info] Number of data points in the train set: 3546, number of used features: 18
2026-01-03 15:13:48,858:INFO:[LightGBM] [Info] Start training from score 3.507530
2026-01-03 15:13:49,009:INFO:[LightGBM] [Info] Auto-choosing col-wise multi-threading, the overhead of testing was 0.000318 seconds.
2026-01-03 15:13:49,009:INFO:You can set `force_col_wise=true` to remove the overhead.
2026-01-03 15:13:49,009:INFO:[LightGBM] [Info] Total Bins 3685
2026-01-03 15:13:49,009:INFO:[LightGBM] [Info] Number of data points in the train set: 3546, number of used features: 17
2026-01-03 15:13:49,009:INFO:[LightGBM] [Info] Start training from score 3.507530
2026-01-03 15:13:49,165:INFO:[LightGBM] [Info] Auto-choosing col-wise multi-threading, the overhead of testing was 0.000296 seconds.
2026-01-03 15:13:49,165:INFO:You can set `force_col_wise=true` to remove the overhead.
2026-01-03 15:13:49,165:INFO:[LightGBM] [Info] Total Bins 3430
2026-01-03 15:13:49,165:INFO:[LightGBM] [Info] Number of data points in the train set: 3546, number of used features: 16
2026-01-03 15:13:49,166:INFO:[LightGBM] [Info] Start training from score 3.507530
2026-01-03 15:13:49,412:INFO:[LightGBM] [Info] Auto-choosing col-wise multi-threading, the overhead of testing was 0.020394 seconds.
2026-01-03 15:13:49,412:INFO:You can set `force_col_wise=true` to remove the overhead.
2026-01-03 15:13:49,413:INFO:[LightGBM] [Info] Total Bins 3388
2026-01-03 15:13:49,413:INFO:[LightGBM] [Info] Number of data points in the train set: 3546, number of used features: 15
2026-01-03 15:13:49,413:INFO:[LightGBM] [Info] Start training from score 3.507530
2026-01-03 15:13:49,660:INFO:[LightGBM] [Info] Auto-choosing row-wise multi-threading, the overhead of testing was 0.000124 seconds.
2026-01-03 15:13:49,661:INFO:You can set `force_row_wise=true` to remove the overhead.
2026-01-03 15:13:49,661:INFO:And if memory is not enough, you can set `force_col_wise=true`.
2026-01-03 15:13:49,661:INFO:[LightGBM] [Info] Total Bins 3168
2026-01-03 15:13:49,661:INFO:[LightGBM] [Info] Number of data points in the train set: 3546, number of used features: 14
2026-01-03 15:13:49,661:INFO:[LightGBM] [Info] Start training from score 3.507530
2026-01-03 15:13:49,840:INFO:[LightGBM] [Info] Auto-choosing col-wise multi-threading, the overhead of testing was 0.000267 seconds.
2026-01-03 15:13:49,840:INFO:You can set `force_col_wise=true` to remove the overhead.
2026-01-03 15:13:49,841:INFO:[LightGBM] [Info] Total Bins 2919
2026-01-03 15:13:49,841:INFO:[LightGBM] [Info] Number of data points in the train set: 3546, number of used features: 13
2026-01-03 15:13:49,841:INFO:[LightGBM] [Info] Start training from score 3.507530
2026-01-03 15:13:50,015:INFO:[LightGBM] [Info] Auto-choosing col-wise multi-threading, the overhead of testing was 0.000224 seconds.
2026-01-03 15:13:50,015:INFO:You can set `force_col_wise=true` to remove the overhead.
2026-01-03 15:13:50,015:INFO:[LightGBM] [Info] Total Bins 2664
2026-01-03 15:13:50,015:INFO:[LightGBM] [Info] Number of data points in the train set: 3546, number of used features: 12
2026-01-03 15:13:50,016:INFO:[LightGBM] [Info] Start training from score 3.507530
2026-01-03 15:13:50,171:INFO:[LightGBM] [Info] Auto-choosing col-wise multi-threading, the overhead of testing was 0.000228 seconds.
2026-01-03 15:13:50,172:INFO:You can set `force_col_wise=true` to remove the overhead.
2026-01-03 15:13:50,172:INFO:[LightGBM] [Info] Total Bins 2415
2026-01-03 15:13:50,172:INFO:[LightGBM] [Info] Number of data points in the train set: 3546, number of used features: 11
2026-01-03 15:13:50,172:INFO:[LightGBM] [Info] Start training from score 3.507530
2026-01-03 15:13:50,319:INFO:[LightGBM] [Info] Auto-choosing col-wise multi-threading, the overhead of testing was 0.000197 seconds.
2026-01-03 15:13:50,320:INFO:You can set `force_col_wise=true` to remove the overhead.
2026-01-03 15:13:50,320:INFO:[LightGBM] [Info] Total Bins 2160
2026-01-03 15:13:50,320:INFO:[LightGBM] [Info] Number of data points in the train set: 3546, number of used features: 10
2026-01-03 15:13:50,321:INFO:[LightGBM] [Info] Start training from score 3.507530
2026-01-03 15:13:50,513:INFO:[LightGBM] [Info] Auto-choosing col-wise multi-threading, the overhead of testing was 0.000176 seconds.
2026-01-03 15:13:50,513:INFO:You can set `force_col_wise=true` to remove the overhead.
2026-01-03 15:13:50,513:INFO:[LightGBM] [Info] Total Bins 1909
2026-01-03 15:13:50,513:INFO:[LightGBM] [Info] Number of data points in the train set: 3546, number of used features: 9
2026-01-03 15:13:50,514:INFO:[LightGBM] [Info] Start training from score 3.507530
2026-01-03 15:13:50,640:INFO:[LightGBM] [Info] Auto-choosing col-wise multi-threading, the overhead of testing was 0.000167 seconds.
2026-01-03 15:13:50,641:INFO:You can set `force_col_wise=true` to remove the overhead.
2026-01-03 15:13:50,641:INFO:[LightGBM] [Info] Total Bins 1657
2026-01-03 15:13:50,641:INFO:[LightGBM] [Info] Number of data points in the train set: 3546, number of used features: 8
2026-01-03 15:13:50,642:INFO:[LightGBM] [Info] Start training from score 3.507530
2026-01-03 15:13:50,741:INFO:[LightGBM] [Info] Auto-choosing col-wise multi-threading, the overhead of testing was 0.000406 seconds.
2026-01-03 15:13:50,742:INFO:You can set `force_col_wise=true` to remove the overhead.
2026-01-03 15:13:50,742:INFO:[LightGBM] [Info] Total Bins 1402
2026-01-03 15:13:50,742:INFO:[LightGBM] [Info] Number of data points in the train set: 3546, number of used features: 7
2026-01-03 15:13:50,742:INFO:[LightGBM] [Info] Start training from score 3.507530
2026-01-03 15:13:50,865:INFO:[LightGBM] [Info] Auto-choosing col-wise multi-threading, the overhead of testing was 0.000123 seconds.
2026-01-03 15:13:50,865:INFO:You can set `force_col_wise=true` to remove the overhead.
2026-01-03 15:13:50,865:INFO:[LightGBM] [Info] Total Bins 1147
2026-01-03 15:13:50,865:INFO:[LightGBM] [Info] Number of data points in the train set: 3546, number of used features: 6
2026-01-03 15:13:50,865:INFO:[LightGBM] [Info] Start training from score 3.507530
2026-01-03 15:13:50,965:INFO:[LightGBM] [Info] Auto-choosing col-wise multi-threading, the overhead of testing was 0.000103 seconds.
2026-01-03 15:13:50,965:INFO:You can set `force_col_wise=true` to remove the overhead.
2026-01-03 15:13:50,965:INFO:[LightGBM] [Info] Total Bins 899
2026-01-03 15:13:50,965:INFO:[LightGBM] [Info] Number of data points in the train set: 3546, number of used features: 5
2026-01-03 15:13:50,966:INFO:[LightGBM] [Info] Start training from score 3.507530
2026-01-03 15:13:51,064:INFO:[LightGBM] [Info] Auto-choosing col-wise multi-threading, the overhead of testing was 0.000086 seconds.
2026-01-03 15:13:51,064:INFO:You can set `force_col_wise=true` to remove the overhead.
2026-01-03 15:13:51,064:INFO:[LightGBM] [Info] Total Bins 790
2026-01-03 15:13:51,064:INFO:[LightGBM] [Info] Number of data points in the train set: 3546, number of used features: 4
2026-01-03 15:13:51,064:INFO:[LightGBM] [Info] Start training from score 3.507530
2026-01-03 15:13:51,158:INFO:[LightGBM] [Info] Auto-choosing col-wise multi-threading, the overhead of testing was 0.000086 seconds.
2026-01-03 15:13:51,158:INFO:You can set `force_col_wise=true` to remove the overhead.
2026-01-03 15:13:51,159:INFO:[LightGBM] [Info] Total Bins 751
2026-01-03 15:13:51,159:INFO:[LightGBM] [Info] Number of data points in the train set: 3546, number of used features: 3
2026-01-03 15:13:51,159:INFO:[LightGBM] [Info] Start training from score 3.507530
2026-01-03 15:13:51,299:INFO:[LightGBM] [Info] Auto-choosing col-wise multi-threading, the overhead of testing was 0.000060 seconds.
2026-01-03 15:13:51,299:INFO:You can set `force_col_wise=true` to remove the overhead.
2026-01-03 15:13:51,300:INFO:[LightGBM] [Info] Total Bins 496
2026-01-03 15:13:51,304:INFO:[LightGBM] [Info] Number of data points in the train set: 3546, number of used features: 2
2026-01-03 15:13:51,309:INFO:[LightGBM] [Info] Start training from score 3.507530
2026-01-03 15:13:51,421:INFO:[LightGBM] [Info] Auto-choosing col-wise multi-threading, the overhead of testing was 0.000045 seconds.
2026-01-03 15:13:51,421:INFO:You can set `force_col_wise=true` to remove the overhead.
2026-01-03 15:13:51,421:INFO:[LightGBM] [Info] Total Bins 241
2026-01-03 15:13:51,421:INFO:[LightGBM] [Info] Number of data points in the train set: 3546, number of used features: 1
2026-01-03 15:13:51,422:INFO:[LightGBM] [Info] Start training from score 3.507530
2026-01-03 15:13:53,164:INFO:Initializing evaluate_model()
2026-01-03 15:13:53,164:INFO:evaluate_model(self=<pycaret.regression.oop.RegressionExperiment object at 0x7f6690c40400>, estimator=LGBMRegressor(n_jobs=-1, random_state=5684), fold=None, fit_kwargs=None, plot_kwargs=None, feature_name=None, groups=None)
2026-01-03 15:13:53,214:INFO:Initializing plot_model()
2026-01-03 15:13:53,214:INFO:plot_model(plot=pipeline, fold=KFold(n_splits=10, random_state=None, shuffle=False), verbose=False, display=None, display_format=None, estimator=LGBMRegressor(n_jobs=-1, random_state=5684), feature_name=None, fit_kwargs={}, groups=None, label=False, plot_kwargs=None, save=False, scale=1, self=<pycaret.regression.oop.RegressionExperiment object at 0x7f6690c40400>, system=True)
2026-01-03 15:13:53,214:INFO:Checking exceptions
2026-01-03 15:13:53,249:INFO:Preloading libraries
2026-01-03 15:13:53,268:INFO:Copying training dataset
2026-01-03 15:13:53,268:INFO:Plot type: pipeline
2026-01-03 15:13:53,772:INFO:Visual Rendered Successfully
2026-01-03 15:13:54,082:INFO:plot_model() successfully completed......................................
2026-01-03 15:13:54,157:INFO:Initializing plot_model()
2026-01-03 15:13:54,157:INFO:plot_model(plot=pipeline, fold=KFold(n_splits=10, random_state=None, shuffle=False), verbose=False, display=None, display_format=None, estimator=LGBMRegressor(n_jobs=-1, random_state=5684), feature_name=None, fit_kwargs={}, groups=None, label=False, plot_kwargs=None, save=False, scale=1, self=<pycaret.regression.oop.RegressionExperiment object at 0x7f6690c40400>, system=True)
2026-01-03 15:13:54,157:INFO:Checking exceptions
2026-01-03 15:13:54,196:INFO:Preloading libraries
2026-01-03 15:13:54,207:INFO:Copying training dataset
2026-01-03 15:13:54,209:INFO:Plot type: pipeline
2026-01-03 15:13:54,768:INFO:Visual Rendered Successfully
2026-01-03 15:13:55,143:INFO:plot_model() successfully completed......................................
2026-01-03 15:13:59,901:INFO:Initializing evaluate_model()
2026-01-03 15:13:59,902:INFO:evaluate_model(self=<pycaret.regression.oop.RegressionExperiment object at 0x7f6690c40400>, estimator=LGBMRegressor(n_jobs=-1, random_state=5684), fold=None, fit_kwargs=None, plot_kwargs=None, feature_name=None, groups=None)
2026-01-03 15:13:59,946:INFO:Initializing plot_model()
2026-01-03 15:13:59,946:INFO:plot_model(plot=pipeline, fold=KFold(n_splits=10, random_state=None, shuffle=False), verbose=False, display=None, display_format=None, estimator=LGBMRegressor(n_jobs=-1, random_state=5684), feature_name=None, fit_kwargs={}, groups=None, label=False, plot_kwargs=None, save=False, scale=1, self=<pycaret.regression.oop.RegressionExperiment object at 0x7f6690c40400>, system=True)
2026-01-03 15:13:59,947:INFO:Checking exceptions
2026-01-03 15:13:59,981:INFO:Preloading libraries
2026-01-03 15:13:59,992:INFO:Copying training dataset
2026-01-03 15:13:59,992:INFO:Plot type: pipeline
2026-01-03 15:14:00,348:INFO:Visual Rendered Successfully
2026-01-03 15:14:00,588:INFO:plot_model() successfully completed......................................
2026-01-03 15:14:03,494:INFO:Initializing plot_model()
2026-01-03 15:14:03,494:INFO:plot_model(plot=rfe, fold=KFold(n_splits=10, random_state=None, shuffle=False), verbose=False, display=None, display_format=None, estimator=LGBMRegressor(n_jobs=-1, random_state=5684), feature_name=None, fit_kwargs={}, groups=None, label=False, plot_kwargs=None, save=False, scale=1, self=<pycaret.regression.oop.RegressionExperiment object at 0x7f6690c40400>, system=True)
2026-01-03 15:14:03,495:INFO:Checking exceptions
2026-01-03 15:14:03,518:INFO:Preloading libraries
2026-01-03 15:14:03,525:INFO:Copying training dataset
2026-01-03 15:14:03,526:INFO:Plot type: rfe
2026-01-03 15:14:03,972:INFO:Fitting Model
2026-01-03 15:14:04,024:INFO:[LightGBM] [Info] Auto-choosing col-wise multi-threading, the overhead of testing was 0.003346 seconds.
2026-01-03 15:14:04,024:INFO:You can set `force_col_wise=true` to remove the overhead.
2026-01-03 15:14:04,025:INFO:[LightGBM] [Info] Total Bins 10158
2026-01-03 15:14:04,026:INFO:[LightGBM] [Info] Number of data points in the train set: 3546, number of used features: 149
2026-01-03 15:14:04,026:INFO:[LightGBM] [Info] Start training from score 3.507530
2026-01-03 15:14:04,424:INFO:[LightGBM] [Info] Auto-choosing row-wise multi-threading, the overhead of testing was 0.000779 seconds.
2026-01-03 15:14:04,425:INFO:You can set `force_row_wise=true` to remove the overhead.
2026-01-03 15:14:04,425:INFO:And if memory is not enough, you can set `force_col_wise=true`.
2026-01-03 15:14:04,425:INFO:[LightGBM] [Info] Total Bins 10156
2026-01-03 15:14:04,426:INFO:[LightGBM] [Info] Number of data points in the train set: 3546, number of used features: 148
2026-01-03 15:14:04,426:INFO:[LightGBM] [Info] Start training from score 3.507530
2026-01-03 15:14:04,835:INFO:[LightGBM] [Info] Auto-choosing row-wise multi-threading, the overhead of testing was 0.000808 seconds.
2026-01-03 15:14:04,835:INFO:You can set `force_row_wise=true` to remove the overhead.
2026-01-03 15:14:04,835:INFO:And if memory is not enough, you can set `force_col_wise=true`.
2026-01-03 15:14:04,836:INFO:[LightGBM] [Info] Total Bins 10154
2026-01-03 15:14:04,836:INFO:[LightGBM] [Info] Number of data points in the train set: 3546, number of used features: 147
2026-01-03 15:14:04,837:INFO:[LightGBM] [Info] Start training from score 3.507530
2026-01-03 15:14:05,286:INFO:[LightGBM] [Info] Auto-choosing row-wise multi-threading, the overhead of testing was 0.000780 seconds.
2026-01-03 15:14:05,287:INFO:You can set `force_row_wise=true` to remove the overhead.
2026-01-03 15:14:05,287:INFO:And if memory is not enough, you can set `force_col_wise=true`.
2026-01-03 15:14:05,288:INFO:[LightGBM] [Info] Total Bins 10149
2026-01-03 15:14:05,288:INFO:[LightGBM] [Info] Number of data points in the train set: 3546, number of used features: 146
2026-01-03 15:14:05,289:INFO:[LightGBM] [Info] Start training from score 3.507530
2026-01-03 15:14:06,032:INFO:[LightGBM] [Info] Auto-choosing row-wise multi-threading, the overhead of testing was 0.005322 seconds.
2026-01-03 15:14:06,033:INFO:You can set `force_row_wise=true` to remove the overhead.
2026-01-03 15:14:06,033:INFO:And if memory is not enough, you can set `force_col_wise=true`.
2026-01-03 15:14:06,034:INFO:[LightGBM] [Info] Total Bins 10146
2026-01-03 15:14:06,036:INFO:[LightGBM] [Info] Number of data points in the train set: 3546, number of used features: 145
2026-01-03 15:14:06,037:INFO:[LightGBM] [Info] Start training from score 3.507530
2026-01-03 15:14:06,746:INFO:[LightGBM] [Info] Auto-choosing row-wise multi-threading, the overhead of testing was 0.004847 seconds.
2026-01-03 15:14:06,746:INFO:You can set `force_row_wise=true` to remove the overhead.
2026-01-03 15:14:06,746:INFO:And if memory is not enough, you can set `force_col_wise=true`.
2026-01-03 15:14:06,747:INFO:[LightGBM] [Info] Total Bins 10144
2026-01-03 15:14:06,748:INFO:[LightGBM] [Info] Number of data points in the train set: 3546, number of used features: 144
2026-01-03 15:14:06,749:INFO:[LightGBM] [Info] Start training from score 3.507530
2026-01-03 15:14:07,454:INFO:[LightGBM] [Info] Auto-choosing row-wise multi-threading, the overhead of testing was 0.000752 seconds.
2026-01-03 15:14:07,455:INFO:You can set `force_row_wise=true` to remove the overhead.
2026-01-03 15:14:07,455:INFO:And if memory is not enough, you can set `force_col_wise=true`.
2026-01-03 15:14:07,456:INFO:[LightGBM] [Info] Total Bins 10141
2026-01-03 15:14:07,456:INFO:[LightGBM] [Info] Number of data points in the train set: 3546, number of used features: 143
2026-01-03 15:14:07,457:INFO:[LightGBM] [Info] Start training from score 3.507530
2026-01-03 15:14:07,814:INFO:[LightGBM] [Info] Auto-choosing row-wise multi-threading, the overhead of testing was 0.000742 seconds.
2026-01-03 15:14:07,814:INFO:You can set `force_row_wise=true` to remove the overhead.
2026-01-03 15:14:07,814:INFO:And if memory is not enough, you can set `force_col_wise=true`.
2026-01-03 15:14:07,815:INFO:[LightGBM] [Info] Total Bins 10138
2026-01-03 15:14:07,816:INFO:[LightGBM] [Info] Number of data points in the train set: 3546, number of used features: 142
2026-01-03 15:14:07,816:INFO:[LightGBM] [Info] Start training from score 3.507530
2026-01-03 15:14:08,324:INFO:[LightGBM] [Info] Auto-choosing row-wise multi-threading, the overhead of testing was 0.000845 seconds.
2026-01-03 15:14:08,324:INFO:You can set `force_row_wise=true` to remove the overhead.
2026-01-03 15:14:08,324:INFO:And if memory is not enough, you can set `force_col_wise=true`.
2026-01-03 15:14:08,325:INFO:[LightGBM] [Info] Total Bins 10138
2026-01-03 15:14:08,325:INFO:[LightGBM] [Info] Number of data points in the train set: 3546, number of used features: 142
2026-01-03 15:14:08,326:INFO:[LightGBM] [Info] Start training from score 3.507530
2026-01-03 15:14:08,787:INFO:[LightGBM] [Info] Auto-choosing col-wise multi-threading, the overhead of testing was 0.002157 seconds.
2026-01-03 15:14:08,787:INFO:You can set `force_col_wise=true` to remove the overhead.
2026-01-03 15:14:08,788:INFO:[LightGBM] [Info] Total Bins 10135
2026-01-03 15:14:08,788:INFO:[LightGBM] [Info] Number of data points in the train set: 3546, number of used features: 141
2026-01-03 15:14:08,789:INFO:[LightGBM] [Info] Start training from score 3.507530
2026-01-03 15:14:09,359:INFO:[LightGBM] [Info] Auto-choosing col-wise multi-threading, the overhead of testing was 0.002624 seconds.
2026-01-03 15:14:09,359:INFO:You can set `force_col_wise=true` to remove the overhead.
2026-01-03 15:14:09,360:INFO:[LightGBM] [Info] Total Bins 10132
2026-01-03 15:14:09,362:INFO:[LightGBM] [Info] Number of data points in the train set: 3546, number of used features: 140
2026-01-03 15:14:09,365:INFO:[LightGBM] [Info] Start training from score 3.507530
2026-01-03 15:14:09,804:INFO:[LightGBM] [Info] Auto-choosing col-wise multi-threading, the overhead of testing was 0.002182 seconds.
2026-01-03 15:14:09,804:INFO:You can set `force_col_wise=true` to remove the overhead.
2026-01-03 15:14:09,805:INFO:[LightGBM] [Info] Total Bins 10130
2026-01-03 15:14:09,805:INFO:[LightGBM] [Info] Number of data points in the train set: 3546, number of used features: 139
2026-01-03 15:14:09,806:INFO:[LightGBM] [Info] Start training from score 3.507530
2026-01-03 15:14:10,224:INFO:[LightGBM] [Info] Auto-choosing col-wise multi-threading, the overhead of testing was 0.002205 seconds.
2026-01-03 15:14:10,224:INFO:You can set `force_col_wise=true` to remove the overhead.
2026-01-03 15:14:10,225:INFO:[LightGBM] [Info] Total Bins 10127
2026-01-03 15:14:10,226:INFO:[LightGBM] [Info] Number of data points in the train set: 3546, number of used features: 138
2026-01-03 15:14:10,227:INFO:[LightGBM] [Info] Start training from score 3.507530
2026-01-03 15:14:10,690:INFO:[LightGBM] [Info] Auto-choosing col-wise multi-threading, the overhead of testing was 0.002178 seconds.
2026-01-03 15:14:10,690:INFO:You can set `force_col_wise=true` to remove the overhead.
2026-01-03 15:14:10,691:INFO:[LightGBM] [Info] Total Bins 10125
2026-01-03 15:14:10,692:INFO:[LightGBM] [Info] Number of data points in the train set: 3546, number of used features: 137
2026-01-03 15:14:10,692:INFO:[LightGBM] [Info] Start training from score 3.507530
2026-01-03 15:14:11,140:INFO:[LightGBM] [Info] Auto-choosing col-wise multi-threading, the overhead of testing was 0.002126 seconds.
2026-01-03 15:14:11,140:INFO:You can set `force_col_wise=true` to remove the overhead.
2026-01-03 15:14:11,141:INFO:[LightGBM] [Info] Total Bins 10122
2026-01-03 15:14:11,141:INFO:[LightGBM] [Info] Number of data points in the train set: 3546, number of used features: 136
2026-01-03 15:14:11,142:INFO:[LightGBM] [Info] Start training from score 3.507530
2026-01-03 15:14:12,007:INFO:[LightGBM] [Info] Auto-choosing col-wise multi-threading, the overhead of testing was 0.002130 seconds.
2026-01-03 15:14:12,008:INFO:You can set `force_col_wise=true` to remove the overhead.
2026-01-03 15:14:12,009:INFO:[LightGBM] [Info] Total Bins 10120
2026-01-03 15:14:12,009:INFO:[LightGBM] [Info] Number of data points in the train set: 3546, number of used features: 135
2026-01-03 15:14:12,012:INFO:[LightGBM] [Info] Start training from score 3.507530
2026-01-03 15:14:12,480:INFO:[LightGBM] [Info] Auto-choosing col-wise multi-threading, the overhead of testing was 0.005316 seconds.
2026-01-03 15:14:12,480:INFO:You can set `force_col_wise=true` to remove the overhead.
2026-01-03 15:14:12,481:INFO:[LightGBM] [Info] Total Bins 10118
2026-01-03 15:14:12,482:INFO:[LightGBM] [Info] Number of data points in the train set: 3546, number of used features: 134
2026-01-03 15:14:12,483:INFO:[LightGBM] [Info] Start training from score 3.507530
2026-01-03 15:14:12,894:INFO:[LightGBM] [Info] Auto-choosing row-wise multi-threading, the overhead of testing was 0.001702 seconds.
2026-01-03 15:14:12,894:INFO:You can set `force_row_wise=true` to remove the overhead.
2026-01-03 15:14:12,894:INFO:And if memory is not enough, you can set `force_col_wise=true`.
2026-01-03 15:14:12,895:INFO:[LightGBM] [Info] Total Bins 10116
2026-01-03 15:14:12,896:INFO:[LightGBM] [Info] Number of data points in the train set: 3546, number of used features: 133
2026-01-03 15:14:12,897:INFO:[LightGBM] [Info] Start training from score 3.507530
2026-01-03 15:14:13,616:INFO:[LightGBM] [Info] Auto-choosing row-wise multi-threading, the overhead of testing was 0.001531 seconds.
2026-01-03 15:14:13,616:INFO:You can set `force_row_wise=true` to remove the overhead.
2026-01-03 15:14:13,616:INFO:And if memory is not enough, you can set `force_col_wise=true`.
2026-01-03 15:14:13,617:INFO:[LightGBM] [Info] Total Bins 10113
2026-01-03 15:14:13,617:INFO:[LightGBM] [Info] Number of data points in the train set: 3546, number of used features: 132
2026-01-03 15:14:13,618:INFO:[LightGBM] [Info] Start training from score 3.507530
2026-01-03 15:14:14,070:INFO:[LightGBM] [Info] Auto-choosing col-wise multi-threading, the overhead of testing was 0.002223 seconds.
2026-01-03 15:14:14,070:INFO:You can set `force_col_wise=true` to remove the overhead.
2026-01-03 15:14:14,071:INFO:[LightGBM] [Info] Total Bins 10111
2026-01-03 15:14:14,072:INFO:[LightGBM] [Info] Number of data points in the train set: 3546, number of used features: 131
2026-01-03 15:14:14,072:INFO:[LightGBM] [Info] Start training from score 3.507530
2026-01-03 15:14:14,517:INFO:[LightGBM] [Info] Auto-choosing col-wise multi-threading, the overhead of testing was 0.002118 seconds.
2026-01-03 15:14:14,517:INFO:You can set `force_col_wise=true` to remove the overhead.
2026-01-03 15:14:14,518:INFO:[LightGBM] [Info] Total Bins 10109
2026-01-03 15:14:14,518:INFO:[LightGBM] [Info] Number of data points in the train set: 3546, number of used features: 130
2026-01-03 15:14:14,519:INFO:[LightGBM] [Info] Start training from score 3.507530
2026-01-03 15:14:15,623:INFO:[LightGBM] [Info] Auto-choosing col-wise multi-threading, the overhead of testing was 0.007498 seconds.
2026-01-03 15:14:15,623:INFO:You can set `force_col_wise=true` to remove the overhead.
2026-01-03 15:14:15,624:INFO:[LightGBM] [Info] Total Bins 10107
2026-01-03 15:14:15,624:INFO:[LightGBM] [Info] Number of data points in the train set: 3546, number of used features: 129
2026-01-03 15:14:15,628:INFO:[LightGBM] [Info] Start training from score 3.507530
2026-01-03 15:14:16,159:INFO:[LightGBM] [Info] Auto-choosing col-wise multi-threading, the overhead of testing was 0.003146 seconds.
2026-01-03 15:14:16,160:INFO:You can set `force_col_wise=true` to remove the overhead.
2026-01-03 15:14:16,161:INFO:[LightGBM] [Info] Total Bins 10105
2026-01-03 15:14:16,162:INFO:[LightGBM] [Info] Number of data points in the train set: 3546, number of used features: 128
2026-01-03 15:14:16,163:INFO:[LightGBM] [Info] Start training from score 3.507530
2026-01-03 15:14:17,603:INFO:Initializing plot_model()
2026-01-03 15:14:17,604:INFO:plot_model(plot=feature, fold=None, verbose=True, display=None, display_format=None, estimator=LGBMRegressor(n_jobs=-1, random_state=5684), feature_name=None, fit_kwargs=None, groups=None, label=False, plot_kwargs=None, save=False, scale=1, self=<pycaret.regression.oop.RegressionExperiment object at 0x7f6690c40400>, system=True)
2026-01-03 15:14:17,604:INFO:Checking exceptions
2026-01-03 15:14:17,646:INFO:Preloading libraries
2026-01-03 15:14:17,671:INFO:Copying training dataset
2026-01-03 15:14:17,674:INFO:Plot type: feature
2026-01-03 15:14:17,685:WARNING:No coef_ found. Trying feature_importances_
2026-01-03 15:14:18,346:INFO:Visual Rendered Successfully
2026-01-03 15:14:18,671:INFO:plot_model() successfully completed......................................
2026-01-03 15:14:22,664:INFO:Initializing evaluate_model()
2026-01-03 15:14:22,664:INFO:evaluate_model(self=<pycaret.regression.oop.RegressionExperiment object at 0x7f6690c40400>, estimator=LGBMRegressor(n_jobs=-1, random_state=5684), fold=None, fit_kwargs=None, plot_kwargs=None, feature_name=None, groups=None)
2026-01-03 15:14:22,734:INFO:Initializing plot_model()
2026-01-03 15:14:22,734:INFO:plot_model(plot=pipeline, fold=KFold(n_splits=10, random_state=None, shuffle=False), verbose=False, display=None, display_format=None, estimator=LGBMRegressor(n_jobs=-1, random_state=5684), feature_name=None, fit_kwargs={}, groups=None, label=False, plot_kwargs=None, save=False, scale=1, self=<pycaret.regression.oop.RegressionExperiment object at 0x7f6690c40400>, system=True)
2026-01-03 15:14:22,734:INFO:Checking exceptions
2026-01-03 15:14:22,772:INFO:Preloading libraries
2026-01-03 15:14:22,791:INFO:Copying training dataset
2026-01-03 15:14:22,791:INFO:Plot type: pipeline
2026-01-03 15:14:23,162:INFO:Visual Rendered Successfully
2026-01-03 15:14:23,388:INFO:plot_model() successfully completed......................................
2026-01-03 15:14:30,301:INFO:Initializing plot_model()
2026-01-03 15:14:30,302:INFO:plot_model(plot=feature_all, fold=KFold(n_splits=10, random_state=None, shuffle=False), verbose=False, display=None, display_format=None, estimator=LGBMRegressor(n_jobs=-1, random_state=5684), feature_name=None, fit_kwargs={}, groups=None, label=False, plot_kwargs=None, save=False, scale=1, self=<pycaret.regression.oop.RegressionExperiment object at 0x7f6690c40400>, system=True)
2026-01-03 15:14:30,302:INFO:Checking exceptions
2026-01-03 15:14:30,328:INFO:Preloading libraries
2026-01-03 15:14:30,337:INFO:Copying training dataset
2026-01-03 15:14:30,337:INFO:Plot type: feature_all
2026-01-03 15:14:30,414:WARNING:No coef_ found. Trying feature_importances_
2026-01-03 15:14:31,557:INFO:Visual Rendered Successfully
2026-01-03 15:14:31,879:INFO:plot_model() successfully completed......................................
2026-01-03 15:14:33,596:INFO:Initializing plot_model()
2026-01-03 15:14:33,598:INFO:plot_model(plot=feature, fold=KFold(n_splits=10, random_state=None, shuffle=False), verbose=False, display=None, display_format=None, estimator=LGBMRegressor(n_jobs=-1, random_state=5684), feature_name=None, fit_kwargs={}, groups=None, label=False, plot_kwargs=None, save=False, scale=1, self=<pycaret.regression.oop.RegressionExperiment object at 0x7f6690c40400>, system=True)
2026-01-03 15:14:33,599:INFO:Checking exceptions
2026-01-03 15:14:33,625:INFO:Preloading libraries
2026-01-03 15:14:33,630:INFO:Copying training dataset
2026-01-03 15:14:33,630:INFO:Plot type: feature
2026-01-03 15:14:33,631:WARNING:No coef_ found. Trying feature_importances_
2026-01-03 15:14:33,886:INFO:Visual Rendered Successfully
2026-01-03 15:14:34,223:INFO:plot_model() successfully completed......................................
2026-01-03 15:15:06,871:INFO:Initializing tune_model()
2026-01-03 15:15:06,871:INFO:tune_model(estimator=LGBMRegressor(n_jobs=-1, random_state=5684), fold=None, round=4, n_iter=10, custom_grid=None, optimize=MAE, custom_scorer=None, search_library=scikit-learn, search_algorithm=None, early_stopping=False, early_stopping_max_iters=10, choose_better=True, fit_kwargs=None, groups=None, return_tuner=False, verbose=True, tuner_verbose=True, return_train_score=False, kwargs={}, self=<pycaret.regression.oop.RegressionExperiment object at 0x7f6690c40400>)
2026-01-03 15:15:06,872:INFO:Checking exceptions
2026-01-03 15:15:06,946:INFO:Copying training dataset
2026-01-03 15:15:07,005:INFO:Checking base model
2026-01-03 15:15:07,005:INFO:Base model : Light Gradient Boosting Machine
2026-01-03 15:15:07,018:INFO:Declaring metric variables
2026-01-03 15:15:07,030:INFO:Defining Hyperparameters
2026-01-03 15:15:07,361:INFO:Tuning with n_jobs=-1
2026-01-03 15:15:07,361:INFO:Initializing RandomizedSearchCV
2026-01-03 15:15:10,497:WARNING:/home/ilyandho/.local/share/mamba/envs/pycaret/lib/python3.10/site-packages/_distutils_hack/__init__.py:30: UserWarning: Setuptools is replacing distutils. Support for replacing an already imported distutils is deprecated. In the future, this condition will fail. Register concerns at https://github.com/pypa/setuptools/issues/new?template=distutils-deprecation.yml
  warnings.warn(

2026-01-03 15:15:11,945:WARNING:/home/ilyandho/.local/share/mamba/envs/pycaret/lib/python3.10/site-packages/_distutils_hack/__init__.py:30: UserWarning: Setuptools is replacing distutils. Support for replacing an already imported distutils is deprecated. In the future, this condition will fail. Register concerns at https://github.com/pypa/setuptools/issues/new?template=distutils-deprecation.yml
  warnings.warn(

2026-01-03 15:15:11,975:WARNING:/home/ilyandho/.local/share/mamba/envs/pycaret/lib/python3.10/site-packages/_distutils_hack/__init__.py:30: UserWarning: Setuptools is replacing distutils. Support for replacing an already imported distutils is deprecated. In the future, this condition will fail. Register concerns at https://github.com/pypa/setuptools/issues/new?template=distutils-deprecation.yml
  warnings.warn(

2026-01-03 15:15:12,441:WARNING:/home/ilyandho/.local/share/mamba/envs/pycaret/lib/python3.10/site-packages/_distutils_hack/__init__.py:30: UserWarning: Setuptools is replacing distutils. Support for replacing an already imported distutils is deprecated. In the future, this condition will fail. Register concerns at https://github.com/pypa/setuptools/issues/new?template=distutils-deprecation.yml
  warnings.warn(

2026-01-03 15:18:25,171:INFO:Initializing tune_model()
2026-01-03 15:18:25,173:INFO:tune_model(estimator=LGBMRegressor(n_jobs=-1, random_state=5684), fold=None, round=4, n_iter=10, custom_grid=None, optimize=MAE, custom_scorer=None, search_library=scikit-learn, search_algorithm=None, early_stopping=False, early_stopping_max_iters=10, choose_better=True, fit_kwargs=None, groups=None, return_tuner=False, verbose=True, tuner_verbose=True, return_train_score=False, kwargs={}, self=<pycaret.regression.oop.RegressionExperiment object at 0x7f6690c40400>)
2026-01-03 15:18:25,173:INFO:Checking exceptions
2026-01-03 15:18:25,272:INFO:Copying training dataset
2026-01-03 15:18:25,334:INFO:Checking base model
2026-01-03 15:18:25,334:INFO:Base model : Light Gradient Boosting Machine
2026-01-03 15:18:25,349:INFO:Declaring metric variables
2026-01-03 15:18:25,364:INFO:Defining Hyperparameters
2026-01-03 15:18:25,829:INFO:Tuning with n_jobs=-1
2026-01-03 15:18:25,830:INFO:Initializing RandomizedSearchCV
2026-01-03 15:18:28,881:WARNING:/home/ilyandho/.local/share/mamba/envs/pycaret/lib/python3.10/site-packages/_distutils_hack/__init__.py:30: UserWarning: Setuptools is replacing distutils. Support for replacing an already imported distutils is deprecated. In the future, this condition will fail. Register concerns at https://github.com/pypa/setuptools/issues/new?template=distutils-deprecation.yml
  warnings.warn(

2026-01-03 15:18:29,905:WARNING:/home/ilyandho/.local/share/mamba/envs/pycaret/lib/python3.10/site-packages/_distutils_hack/__init__.py:30: UserWarning: Setuptools is replacing distutils. Support for replacing an already imported distutils is deprecated. In the future, this condition will fail. Register concerns at https://github.com/pypa/setuptools/issues/new?template=distutils-deprecation.yml
  warnings.warn(

2026-01-03 15:18:30,148:WARNING:/home/ilyandho/.local/share/mamba/envs/pycaret/lib/python3.10/site-packages/_distutils_hack/__init__.py:30: UserWarning: Setuptools is replacing distutils. Support for replacing an already imported distutils is deprecated. In the future, this condition will fail. Register concerns at https://github.com/pypa/setuptools/issues/new?template=distutils-deprecation.yml
  warnings.warn(

2026-01-03 15:18:30,319:WARNING:/home/ilyandho/.local/share/mamba/envs/pycaret/lib/python3.10/site-packages/_distutils_hack/__init__.py:30: UserWarning: Setuptools is replacing distutils. Support for replacing an already imported distutils is deprecated. In the future, this condition will fail. Register concerns at https://github.com/pypa/setuptools/issues/new?template=distutils-deprecation.yml
  warnings.warn(

2026-01-03 15:23:26,059:INFO:Initializing tune_model()
2026-01-03 15:23:26,059:INFO:tune_model(estimator=LGBMRegressor(n_jobs=-1, random_state=5684), fold=None, round=4, n_iter=10, custom_grid=None, optimize=MAE, custom_scorer=None, search_library=scikit-learn, search_algorithm=None, early_stopping=False, early_stopping_max_iters=10, choose_better=True, fit_kwargs=None, groups=None, return_tuner=False, verbose=True, tuner_verbose=True, return_train_score=True, kwargs={}, self=<pycaret.regression.oop.RegressionExperiment object at 0x7f6690c40400>)
2026-01-03 15:23:26,061:INFO:Checking exceptions
2026-01-03 15:23:26,191:INFO:Copying training dataset
2026-01-03 15:23:26,277:INFO:Checking base model
2026-01-03 15:23:26,277:INFO:Base model : Light Gradient Boosting Machine
2026-01-03 15:23:26,291:INFO:Declaring metric variables
2026-01-03 15:23:26,304:INFO:Defining Hyperparameters
2026-01-03 15:23:26,712:INFO:Tuning with n_jobs=-1
2026-01-03 15:23:26,712:INFO:Initializing RandomizedSearchCV
2026-01-03 15:23:30,569:WARNING:/home/ilyandho/.local/share/mamba/envs/pycaret/lib/python3.10/site-packages/_distutils_hack/__init__.py:30: UserWarning: Setuptools is replacing distutils. Support for replacing an already imported distutils is deprecated. In the future, this condition will fail. Register concerns at https://github.com/pypa/setuptools/issues/new?template=distutils-deprecation.yml
  warnings.warn(

2026-01-03 15:23:31,228:WARNING:/home/ilyandho/.local/share/mamba/envs/pycaret/lib/python3.10/site-packages/_distutils_hack/__init__.py:30: UserWarning: Setuptools is replacing distutils. Support for replacing an already imported distutils is deprecated. In the future, this condition will fail. Register concerns at https://github.com/pypa/setuptools/issues/new?template=distutils-deprecation.yml
  warnings.warn(

2026-01-03 15:23:31,965:WARNING:/home/ilyandho/.local/share/mamba/envs/pycaret/lib/python3.10/site-packages/_distutils_hack/__init__.py:30: UserWarning: Setuptools is replacing distutils. Support for replacing an already imported distutils is deprecated. In the future, this condition will fail. Register concerns at https://github.com/pypa/setuptools/issues/new?template=distutils-deprecation.yml
  warnings.warn(

2026-01-03 15:23:32,659:WARNING:/home/ilyandho/.local/share/mamba/envs/pycaret/lib/python3.10/site-packages/_distutils_hack/__init__.py:30: UserWarning: Setuptools is replacing distutils. Support for replacing an already imported distutils is deprecated. In the future, this condition will fail. Register concerns at https://github.com/pypa/setuptools/issues/new?template=distutils-deprecation.yml
  warnings.warn(

2026-01-03 15:23:54,283:INFO:Initializing tune_model()
2026-01-03 15:23:54,286:INFO:tune_model(estimator=LGBMRegressor(n_jobs=-1, random_state=5684), fold=None, round=4, n_iter=10, custom_grid=None, optimize=MAE, custom_scorer=None, search_library=scikit-learn, search_algorithm=None, early_stopping=False, early_stopping_max_iters=10, choose_better=True, fit_kwargs=None, groups=None, return_tuner=False, verbose=False, tuner_verbose=True, return_train_score=True, kwargs={}, self=<pycaret.regression.oop.RegressionExperiment object at 0x7f6690c40400>)
2026-01-03 15:23:54,286:INFO:Checking exceptions
2026-01-03 15:23:54,350:INFO:Copying training dataset
2026-01-03 15:23:54,416:INFO:Checking base model
2026-01-03 15:23:54,417:INFO:Base model : Light Gradient Boosting Machine
2026-01-03 15:23:54,418:INFO:Declaring metric variables
2026-01-03 15:23:54,418:INFO:Defining Hyperparameters
2026-01-03 15:23:54,798:INFO:Tuning with n_jobs=-1
2026-01-03 15:23:54,798:INFO:Initializing RandomizedSearchCV
2026-01-03 15:23:58,565:WARNING:/home/ilyandho/.local/share/mamba/envs/pycaret/lib/python3.10/site-packages/_distutils_hack/__init__.py:30: UserWarning: Setuptools is replacing distutils. Support for replacing an already imported distutils is deprecated. In the future, this condition will fail. Register concerns at https://github.com/pypa/setuptools/issues/new?template=distutils-deprecation.yml
  warnings.warn(

2026-01-03 15:23:59,149:WARNING:/home/ilyandho/.local/share/mamba/envs/pycaret/lib/python3.10/site-packages/_distutils_hack/__init__.py:30: UserWarning: Setuptools is replacing distutils. Support for replacing an already imported distutils is deprecated. In the future, this condition will fail. Register concerns at https://github.com/pypa/setuptools/issues/new?template=distutils-deprecation.yml
  warnings.warn(

2026-01-03 15:23:59,883:WARNING:/home/ilyandho/.local/share/mamba/envs/pycaret/lib/python3.10/site-packages/_distutils_hack/__init__.py:30: UserWarning: Setuptools is replacing distutils. Support for replacing an already imported distutils is deprecated. In the future, this condition will fail. Register concerns at https://github.com/pypa/setuptools/issues/new?template=distutils-deprecation.yml
  warnings.warn(

2026-01-03 15:24:00,216:WARNING:/home/ilyandho/.local/share/mamba/envs/pycaret/lib/python3.10/site-packages/_distutils_hack/__init__.py:30: UserWarning: Setuptools is replacing distutils. Support for replacing an already imported distutils is deprecated. In the future, this condition will fail. Register concerns at https://github.com/pypa/setuptools/issues/new?template=distutils-deprecation.yml
  warnings.warn(

2026-01-03 15:24:42,027:INFO:Initializing tune_model()
2026-01-03 15:24:42,027:INFO:tune_model(estimator=LGBMRegressor(n_jobs=-1, random_state=5684), fold=None, round=4, n_iter=10, custom_grid=None, optimize=MAE, custom_scorer=None, search_library=scikit-learn, search_algorithm=None, early_stopping=False, early_stopping_max_iters=10, choose_better=True, fit_kwargs=None, groups=None, return_tuner=False, verbose=True, tuner_verbose=True, return_train_score=True, kwargs={}, self=<pycaret.regression.oop.RegressionExperiment object at 0x7f6690c40400>)
2026-01-03 15:24:42,028:INFO:Checking exceptions
2026-01-03 15:24:42,108:INFO:Copying training dataset
2026-01-03 15:24:42,169:INFO:Checking base model
2026-01-03 15:24:42,170:INFO:Base model : Light Gradient Boosting Machine
2026-01-03 15:24:42,184:INFO:Declaring metric variables
2026-01-03 15:24:42,196:INFO:Defining Hyperparameters
2026-01-03 15:24:42,557:INFO:Tuning with n_jobs=-1
2026-01-03 15:24:42,558:INFO:Initializing RandomizedSearchCV
2026-01-03 15:24:45,428:WARNING:/home/ilyandho/.local/share/mamba/envs/pycaret/lib/python3.10/site-packages/_distutils_hack/__init__.py:30: UserWarning: Setuptools is replacing distutils. Support for replacing an already imported distutils is deprecated. In the future, this condition will fail. Register concerns at https://github.com/pypa/setuptools/issues/new?template=distutils-deprecation.yml
  warnings.warn(

2026-01-03 15:24:45,759:WARNING:/home/ilyandho/.local/share/mamba/envs/pycaret/lib/python3.10/site-packages/_distutils_hack/__init__.py:30: UserWarning: Setuptools is replacing distutils. Support for replacing an already imported distutils is deprecated. In the future, this condition will fail. Register concerns at https://github.com/pypa/setuptools/issues/new?template=distutils-deprecation.yml
  warnings.warn(

2026-01-03 15:24:46,421:WARNING:/home/ilyandho/.local/share/mamba/envs/pycaret/lib/python3.10/site-packages/_distutils_hack/__init__.py:30: UserWarning: Setuptools is replacing distutils. Support for replacing an already imported distutils is deprecated. In the future, this condition will fail. Register concerns at https://github.com/pypa/setuptools/issues/new?template=distutils-deprecation.yml
  warnings.warn(

2026-01-03 15:24:46,603:WARNING:/home/ilyandho/.local/share/mamba/envs/pycaret/lib/python3.10/site-packages/_distutils_hack/__init__.py:30: UserWarning: Setuptools is replacing distutils. Support for replacing an already imported distutils is deprecated. In the future, this condition will fail. Register concerns at https://github.com/pypa/setuptools/issues/new?template=distutils-deprecation.yml
  warnings.warn(

2026-01-03 15:42:49,438:INFO:PyCaret RegressionExperiment
2026-01-03 15:42:49,440:INFO:Logging name: reg-default-name
2026-01-03 15:42:49,440:INFO:ML Usecase: MLUsecase.REGRESSION
2026-01-03 15:42:49,440:INFO:version 3.3.2
2026-01-03 15:42:49,440:INFO:Initializing setup()
2026-01-03 15:42:49,440:INFO:self.USI: 7179
2026-01-03 15:42:49,440:INFO:self._variable_keys: {'exp_id', 'n_jobs_param', 'y_test', 'fold_generator', 'seed', 'y_train', 'transform_target_param', 'X', 'memory', 'X_train', '_ml_usecase', 'data', 'log_plots_param', 'USI', 'X_test', '_available_plots', 'logging_param', 'fold_shuffle_param', 'y', 'pipeline', 'gpu_n_jobs_param', 'target_param', 'exp_name_log', 'gpu_param', 'html_param', 'idx', 'fold_groups_param'}
2026-01-03 15:42:49,440:INFO:Checking environment
2026-01-03 15:42:49,441:INFO:python_version: 3.10.19
2026-01-03 15:42:49,441:INFO:python_build: ('main', 'Oct 22 2025 22:29:10')
2026-01-03 15:42:49,441:INFO:machine: x86_64
2026-01-03 15:42:49,441:INFO:platform: Linux-6.17.9-arch1-1-x86_64-with-glibc2.42
2026-01-03 15:42:49,441:INFO:Memory: svmem(total=16650608640, available=6080184320, percent=63.5, used=10570424320, free=385605632, active=10447298560, inactive=4192423936, buffers=139345920, cached=7674748928, shared=1773932544, slab=640364544)
2026-01-03 15:42:49,441:INFO:Physical Core: 2
2026-01-03 15:42:49,442:INFO:Logical Core: 4
2026-01-03 15:42:49,442:INFO:Checking libraries
2026-01-03 15:42:49,442:INFO:System:
2026-01-03 15:42:49,442:INFO:    python: 3.10.19 | packaged by conda-forge | (main, Oct 22 2025, 22:29:10) [GCC 14.3.0]
2026-01-03 15:42:49,442:INFO:executable: /home/ilyandho/.local/share/mamba/envs/pycaret/bin/python
2026-01-03 15:42:49,442:INFO:   machine: Linux-6.17.9-arch1-1-x86_64-with-glibc2.42
2026-01-03 15:42:49,442:INFO:PyCaret required dependencies:
2026-01-03 15:42:49,445:INFO:                 pip: 25.3
2026-01-03 15:42:49,445:INFO:          setuptools: 80.9.0
2026-01-03 15:42:49,445:INFO:             pycaret: 3.3.2
2026-01-03 15:42:49,446:INFO:             IPython: 8.37.0
2026-01-03 15:42:49,446:INFO:          ipywidgets: 8.1.8
2026-01-03 15:42:49,446:INFO:                tqdm: 4.67.1
2026-01-03 15:42:49,446:INFO:               numpy: 1.26.4
2026-01-03 15:42:49,446:INFO:              pandas: 2.1.4
2026-01-03 15:42:49,446:INFO:              jinja2: 3.1.6
2026-01-03 15:42:49,446:INFO:               scipy: 1.11.4
2026-01-03 15:42:49,446:INFO:              joblib: 1.3.2
2026-01-03 15:42:49,446:INFO:             sklearn: 1.4.2
2026-01-03 15:42:49,446:INFO:                pyod: 2.0.6
2026-01-03 15:42:49,446:INFO:            imblearn: 0.14.1
2026-01-03 15:42:49,446:INFO:   category_encoders: 2.7.0
2026-01-03 15:42:49,446:INFO:            lightgbm: 4.6.0
2026-01-03 15:42:49,446:INFO:               numba: 0.63.1
2026-01-03 15:42:49,446:INFO:            requests: 2.32.5
2026-01-03 15:42:49,446:INFO:          matplotlib: 3.10.8
2026-01-03 15:42:49,446:INFO:          scikitplot: 0.3.7
2026-01-03 15:42:49,446:INFO:         yellowbrick: 1.5
2026-01-03 15:42:49,446:INFO:              plotly: 6.5.0
2026-01-03 15:42:49,446:INFO:    plotly-resampler: Not installed
2026-01-03 15:42:49,446:INFO:             kaleido: 0.2.1
2026-01-03 15:42:49,447:INFO:           schemdraw: 0.15
2026-01-03 15:42:49,447:INFO:         statsmodels: 0.14.6
2026-01-03 15:42:49,447:INFO:              sktime: 0.26.0
2026-01-03 15:42:49,447:INFO:               tbats: 1.1.3
2026-01-03 15:42:49,447:INFO:            pmdarima: 2.0.4
2026-01-03 15:42:49,447:INFO:              psutil: 7.2.1
2026-01-03 15:42:49,447:INFO:          markupsafe: 3.0.3
2026-01-03 15:42:49,447:INFO:             pickle5: Not installed
2026-01-03 15:42:49,447:INFO:         cloudpickle: 3.1.2
2026-01-03 15:42:49,447:INFO:         deprecation: 2.1.0
2026-01-03 15:42:49,447:INFO:              xxhash: 3.6.0
2026-01-03 15:42:49,447:INFO:           wurlitzer: 3.1.1
2026-01-03 15:42:49,447:INFO:PyCaret optional dependencies:
2026-01-03 15:42:49,447:INFO:                shap: Not installed
2026-01-03 15:42:49,447:INFO:           interpret: Not installed
2026-01-03 15:42:49,447:INFO:                umap: 0.5.9.post2
2026-01-03 15:42:49,447:INFO:     ydata_profiling: Not installed
2026-01-03 15:42:49,447:INFO:  explainerdashboard: Not installed
2026-01-03 15:42:49,447:INFO:             autoviz: Not installed
2026-01-03 15:42:49,447:INFO:           fairlearn: Not installed
2026-01-03 15:42:49,448:INFO:          deepchecks: Not installed
2026-01-03 15:42:49,448:INFO:             xgboost: Not installed
2026-01-03 15:42:49,448:INFO:            catboost: Not installed
2026-01-03 15:42:49,451:INFO:              kmodes: Not installed
2026-01-03 15:42:49,451:INFO:             mlxtend: Not installed
2026-01-03 15:42:49,451:INFO:       statsforecast: Not installed
2026-01-03 15:42:49,451:INFO:        tune_sklearn: Not installed
2026-01-03 15:42:49,452:INFO:                 ray: Not installed
2026-01-03 15:42:49,452:INFO:            hyperopt: Not installed
2026-01-03 15:42:49,452:INFO:              optuna: Not installed
2026-01-03 15:42:49,452:INFO:               skopt: Not installed
2026-01-03 15:42:49,452:INFO:              mlflow: Not installed
2026-01-03 15:42:49,452:INFO:              gradio: Not installed
2026-01-03 15:42:49,452:INFO:             fastapi: Not installed
2026-01-03 15:42:49,452:INFO:             uvicorn: Not installed
2026-01-03 15:42:49,452:INFO:              m2cgen: Not installed
2026-01-03 15:42:49,452:INFO:           evidently: Not installed
2026-01-03 15:42:49,452:INFO:               fugue: Not installed
2026-01-03 15:42:49,452:INFO:           streamlit: Not installed
2026-01-03 15:42:49,452:INFO:             prophet: Not installed
2026-01-03 15:42:49,452:INFO:None
2026-01-03 15:42:49,452:INFO:Set up data.
2026-01-03 15:42:49,598:INFO:Set up folding strategy.
2026-01-03 15:42:49,598:INFO:Set up train/test split.
2026-01-03 15:42:49,674:INFO:Set up index.
2026-01-03 15:42:49,675:INFO:Assigning column types.
2026-01-03 15:42:49,751:INFO:Engine successfully changes for model 'lr' to 'sklearn'.
2026-01-03 15:42:49,752:INFO:Engine for model 'lasso' has not been set explicitly, hence returning None.
2026-01-03 15:42:49,763:INFO:Engine for model 'ridge' has not been set explicitly, hence returning None.
2026-01-03 15:42:49,773:INFO:Engine for model 'en' has not been set explicitly, hence returning None.
2026-01-03 15:42:49,959:INFO:Engine for model 'svm' has not been set explicitly, hence returning None.
2026-01-03 15:42:50,061:INFO:Engine for model 'knn' has not been set explicitly, hence returning None.
2026-01-03 15:42:50,063:WARNING:
'xgboost' is a soft dependency and not included in the pycaret installation. Please run: `pip install xgboost` to install.
Alternately, you can install this by running `pip install pycaret[models]`
2026-01-03 15:42:50,064:WARNING:
'catboost' is a soft dependency and not included in the pycaret installation. Please run: `pip install catboost` to install.
Alternately, you can install this by running `pip install pycaret[models]`
2026-01-03 15:42:50,064:INFO:Engine for model 'lasso' has not been set explicitly, hence returning None.
2026-01-03 15:42:50,076:INFO:Engine for model 'ridge' has not been set explicitly, hence returning None.
2026-01-03 15:42:50,087:INFO:Engine for model 'en' has not been set explicitly, hence returning None.
2026-01-03 15:42:50,297:INFO:Engine for model 'svm' has not been set explicitly, hence returning None.
2026-01-03 15:42:50,403:INFO:Engine for model 'knn' has not been set explicitly, hence returning None.
2026-01-03 15:42:50,405:WARNING:
'xgboost' is a soft dependency and not included in the pycaret installation. Please run: `pip install xgboost` to install.
Alternately, you can install this by running `pip install pycaret[models]`
2026-01-03 15:42:50,406:WARNING:
'catboost' is a soft dependency and not included in the pycaret installation. Please run: `pip install catboost` to install.
Alternately, you can install this by running `pip install pycaret[models]`
2026-01-03 15:42:50,407:INFO:Engine successfully changes for model 'lasso' to 'sklearn'.
2026-01-03 15:42:50,417:INFO:Engine for model 'ridge' has not been set explicitly, hence returning None.
2026-01-03 15:42:50,428:INFO:Engine for model 'en' has not been set explicitly, hence returning None.
2026-01-03 15:42:50,631:INFO:Engine for model 'svm' has not been set explicitly, hence returning None.
2026-01-03 15:42:50,738:INFO:Engine for model 'knn' has not been set explicitly, hence returning None.
2026-01-03 15:42:50,739:WARNING:
'xgboost' is a soft dependency and not included in the pycaret installation. Please run: `pip install xgboost` to install.
Alternately, you can install this by running `pip install pycaret[models]`
2026-01-03 15:42:50,740:WARNING:
'catboost' is a soft dependency and not included in the pycaret installation. Please run: `pip install catboost` to install.
Alternately, you can install this by running `pip install pycaret[models]`
2026-01-03 15:42:50,751:INFO:Engine for model 'ridge' has not been set explicitly, hence returning None.
2026-01-03 15:42:50,763:INFO:Engine for model 'en' has not been set explicitly, hence returning None.
2026-01-03 15:42:50,972:INFO:Engine for model 'svm' has not been set explicitly, hence returning None.
2026-01-03 15:42:51,092:INFO:Engine for model 'knn' has not been set explicitly, hence returning None.
2026-01-03 15:42:51,094:WARNING:
'xgboost' is a soft dependency and not included in the pycaret installation. Please run: `pip install xgboost` to install.
Alternately, you can install this by running `pip install pycaret[models]`
2026-01-03 15:42:51,095:WARNING:
'catboost' is a soft dependency and not included in the pycaret installation. Please run: `pip install catboost` to install.
Alternately, you can install this by running `pip install pycaret[models]`
2026-01-03 15:42:51,096:INFO:Engine successfully changes for model 'ridge' to 'sklearn'.
2026-01-03 15:42:51,120:INFO:Engine for model 'en' has not been set explicitly, hence returning None.
2026-01-03 15:42:51,335:INFO:Engine for model 'svm' has not been set explicitly, hence returning None.
2026-01-03 15:42:51,451:INFO:Engine for model 'knn' has not been set explicitly, hence returning None.
2026-01-03 15:42:51,453:WARNING:
'xgboost' is a soft dependency and not included in the pycaret installation. Please run: `pip install xgboost` to install.
Alternately, you can install this by running `pip install pycaret[models]`
2026-01-03 15:42:51,453:WARNING:
'catboost' is a soft dependency and not included in the pycaret installation. Please run: `pip install catboost` to install.
Alternately, you can install this by running `pip install pycaret[models]`
2026-01-03 15:42:51,475:INFO:Engine for model 'en' has not been set explicitly, hence returning None.
2026-01-03 15:42:51,801:INFO:Engine for model 'svm' has not been set explicitly, hence returning None.
2026-01-03 15:42:51,963:INFO:Engine for model 'knn' has not been set explicitly, hence returning None.
2026-01-03 15:42:51,964:WARNING:
'xgboost' is a soft dependency and not included in the pycaret installation. Please run: `pip install xgboost` to install.
Alternately, you can install this by running `pip install pycaret[models]`
2026-01-03 15:42:51,967:WARNING:
'catboost' is a soft dependency and not included in the pycaret installation. Please run: `pip install catboost` to install.
Alternately, you can install this by running `pip install pycaret[models]`
2026-01-03 15:42:51,968:INFO:Engine successfully changes for model 'en' to 'sklearn'.
2026-01-03 15:42:52,230:INFO:Engine for model 'svm' has not been set explicitly, hence returning None.
2026-01-03 15:42:52,355:INFO:Engine for model 'knn' has not been set explicitly, hence returning None.
2026-01-03 15:42:52,357:WARNING:
'xgboost' is a soft dependency and not included in the pycaret installation. Please run: `pip install xgboost` to install.
Alternately, you can install this by running `pip install pycaret[models]`
2026-01-03 15:42:52,358:WARNING:
'catboost' is a soft dependency and not included in the pycaret installation. Please run: `pip install catboost` to install.
Alternately, you can install this by running `pip install pycaret[models]`
2026-01-03 15:42:52,635:INFO:Engine for model 'svm' has not been set explicitly, hence returning None.
2026-01-03 15:42:52,685:INFO:Engine for model 'knn' has not been set explicitly, hence returning None.
2026-01-03 15:42:52,686:WARNING:
'xgboost' is a soft dependency and not included in the pycaret installation. Please run: `pip install xgboost` to install.
Alternately, you can install this by running `pip install pycaret[models]`
2026-01-03 15:42:52,687:WARNING:
'catboost' is a soft dependency and not included in the pycaret installation. Please run: `pip install catboost` to install.
Alternately, you can install this by running `pip install pycaret[models]`
2026-01-03 15:42:52,688:INFO:Engine successfully changes for model 'knn' to 'sklearn'.
2026-01-03 15:42:52,798:INFO:Engine for model 'svm' has not been set explicitly, hence returning None.
2026-01-03 15:42:52,855:WARNING:
'xgboost' is a soft dependency and not included in the pycaret installation. Please run: `pip install xgboost` to install.
Alternately, you can install this by running `pip install pycaret[models]`
2026-01-03 15:42:52,856:WARNING:
'catboost' is a soft dependency and not included in the pycaret installation. Please run: `pip install catboost` to install.
Alternately, you can install this by running `pip install pycaret[models]`
2026-01-03 15:42:52,971:INFO:Engine for model 'svm' has not been set explicitly, hence returning None.
2026-01-03 15:42:53,018:WARNING:
'xgboost' is a soft dependency and not included in the pycaret installation. Please run: `pip install xgboost` to install.
Alternately, you can install this by running `pip install pycaret[models]`
2026-01-03 15:42:53,019:WARNING:
'catboost' is a soft dependency and not included in the pycaret installation. Please run: `pip install catboost` to install.
Alternately, you can install this by running `pip install pycaret[models]`
2026-01-03 15:42:53,019:INFO:Engine successfully changes for model 'svm' to 'sklearn'.
2026-01-03 15:42:53,194:WARNING:
'xgboost' is a soft dependency and not included in the pycaret installation. Please run: `pip install xgboost` to install.
Alternately, you can install this by running `pip install pycaret[models]`
2026-01-03 15:42:53,194:WARNING:
'catboost' is a soft dependency and not included in the pycaret installation. Please run: `pip install catboost` to install.
Alternately, you can install this by running `pip install pycaret[models]`
2026-01-03 15:42:53,375:WARNING:
'xgboost' is a soft dependency and not included in the pycaret installation. Please run: `pip install xgboost` to install.
Alternately, you can install this by running `pip install pycaret[models]`
2026-01-03 15:42:53,375:WARNING:
'catboost' is a soft dependency and not included in the pycaret installation. Please run: `pip install catboost` to install.
Alternately, you can install this by running `pip install pycaret[models]`
2026-01-03 15:42:53,376:INFO:Preparing preprocessing pipeline...
2026-01-03 15:42:53,376:INFO:Set up simple imputation.
2026-01-03 15:42:53,396:INFO:Set up encoding of ordinal features.
2026-01-03 15:42:53,410:INFO:Set up encoding of categorical features.
2026-01-03 15:42:53,410:INFO:Set up removing multicollinearity.
2026-01-03 15:42:53,415:INFO:Set up column name cleaning.
2026-01-03 15:42:53,979:INFO:Finished creating preprocessing pipeline.
2026-01-03 15:42:54,008:INFO:Pipeline: Pipeline(memory=FastMemory(location=/tmp/joblib),
         steps=[('numerical_imputer',
                 TransformerWrapper(include=['creativity', 'ict_index',
                                             'influence', 'selected', 'threat',
                                             'transfers_balance',
                                             'transfers_in', 'transfers_out',
                                             'value', 'team_h_difficulty',
                                             'team_a_difficulty',
                                             'ownership_change',
                                             'percenatge_net_transfers', 'whh',
                                             'whd', 'wha', 'round',
                                             'opponent_xgc_3',...
                                    transformer=OrdinalEncoder(cols=['team_was_home'],
                                                               handle_missing='return_nan',
                                                               mapping=[{'col': 'team_was_home',
                                                                         'data_type': dtype('O'),
                                                                         'mapping': False    0
True     1
NaN     -1
dtype: int64}]))),
                ('remove_multicollinearity',
                 TransformerWrapper(exclude=[],
                                    transformer=RemoveMulticollinearity(threshold=0.9))),
                ('clean_column_names',
                 TransformerWrapper(transformer=CleanColumnNames()))])
2026-01-03 15:42:54,008:INFO:Creating final display dataframe.
2026-01-03 15:42:54,694:INFO:Setup _display_container:                     Description             Value
0                    Session id              5993
1                        Target                xP
2                   Target type        Regression
3           Original data shape       (3844, 181)
4        Transformed data shape       (3844, 151)
5   Transformed train set shape       (3075, 151)
6    Transformed test set shape        (769, 151)
7              Numeric features               178
8          Categorical features                 1
9      Rows with missing values             10.5%
10                   Preprocess              True
11              Imputation type            simple
12           Numeric imputation              mean
13       Categorical imputation              mode
14     Maximum one-hot encoding                25
15              Encoding method              None
16     Remove multicollinearity              True
17  Multicollinearity threshold               0.9
18               Fold Generator             KFold
19                  Fold Number                10
20                     CPU Jobs                -1
21                      Use GPU             False
22               Log Experiment             False
23              Experiment Name  reg-default-name
24                          USI              7179
2026-01-03 15:42:54,881:WARNING:
'xgboost' is a soft dependency and not included in the pycaret installation. Please run: `pip install xgboost` to install.
Alternately, you can install this by running `pip install pycaret[models]`
2026-01-03 15:42:54,882:WARNING:
'catboost' is a soft dependency and not included in the pycaret installation. Please run: `pip install catboost` to install.
Alternately, you can install this by running `pip install pycaret[models]`
2026-01-03 15:42:55,038:WARNING:
'xgboost' is a soft dependency and not included in the pycaret installation. Please run: `pip install xgboost` to install.
Alternately, you can install this by running `pip install pycaret[models]`
2026-01-03 15:42:55,038:WARNING:
'catboost' is a soft dependency and not included in the pycaret installation. Please run: `pip install catboost` to install.
Alternately, you can install this by running `pip install pycaret[models]`
2026-01-03 15:42:55,039:INFO:setup() successfully completed in 5.61s...............
2026-01-03 15:42:55,039:INFO:Initializing compare_models()
2026-01-03 15:42:55,040:INFO:compare_models(self=<pycaret.regression.oop.RegressionExperiment object at 0x7f6692f2aaa0>, include=None, fold=None, round=4, cross_validation=True, sort=MAE, n_select=1, budget_time=None, turbo=True, errors=ignore, fit_kwargs=None, groups=None, experiment_custom_tags=None, probability_threshold=None, verbose=True, parallel=None, caller_params={'self': <pycaret.regression.oop.RegressionExperiment object at 0x7f6692f2aaa0>, 'include': None, 'exclude': None, 'fold': None, 'round': 4, 'cross_validation': True, 'sort': 'MAE', 'n_select': 1, 'budget_time': None, 'turbo': True, 'errors': 'ignore', 'fit_kwargs': None, 'groups': None, 'experiment_custom_tags': None, 'engine': None, 'verbose': True, 'parallel': None, '__class__': <class 'pycaret.regression.oop.RegressionExperiment'>}, exclude=None)
2026-01-03 15:42:55,040:INFO:Checking exceptions
2026-01-03 15:42:55,057:INFO:Preparing display monitor
2026-01-03 15:42:55,106:INFO:Initializing Linear Regression
2026-01-03 15:42:55,106:INFO:Total runtime is 3.4769376118977866e-06 minutes
2026-01-03 15:42:55,119:INFO:SubProcess create_model() called ==================================
2026-01-03 15:42:55,119:INFO:Initializing create_model()
2026-01-03 15:42:55,119:INFO:create_model(self=<pycaret.regression.oop.RegressionExperiment object at 0x7f6692f2aaa0>, estimator=lr, fold=KFold(n_splits=10, random_state=None, shuffle=False), round=4, cross_validation=True, predict=True, fit_kwargs={}, groups=None, refit=False, probability_threshold=None, experiment_custom_tags=None, verbose=False, system=False, add_to_model_list=True, metrics=None, display=<pycaret.internal.display.display.CommonDisplay object at 0x7f6692f29c30>, model_only=True, return_train_score=False, error_score=0.0, kwargs={})
2026-01-03 15:42:55,120:INFO:Checking exceptions
2026-01-03 15:42:55,120:INFO:Importing libraries
2026-01-03 15:42:55,120:INFO:Copying training dataset
2026-01-03 15:42:55,217:INFO:Defining folds
2026-01-03 15:42:55,217:INFO:Declaring metric variables
2026-01-03 15:42:55,229:INFO:Importing untrained model
2026-01-03 15:42:55,243:INFO:Linear Regression Imported successfully
2026-01-03 15:42:55,265:INFO:Starting cross validation
2026-01-03 15:42:55,269:INFO:Cross validating with KFold(n_splits=10, random_state=None, shuffle=False), n_jobs=-1
2026-01-03 15:42:58,964:WARNING:/home/ilyandho/.local/share/mamba/envs/pycaret/lib/python3.10/site-packages/_distutils_hack/__init__.py:30: UserWarning: Setuptools is replacing distutils. Support for replacing an already imported distutils is deprecated. In the future, this condition will fail. Register concerns at https://github.com/pypa/setuptools/issues/new?template=distutils-deprecation.yml
  warnings.warn(

2026-01-03 15:42:59,873:WARNING:/home/ilyandho/.local/share/mamba/envs/pycaret/lib/python3.10/site-packages/_distutils_hack/__init__.py:30: UserWarning: Setuptools is replacing distutils. Support for replacing an already imported distutils is deprecated. In the future, this condition will fail. Register concerns at https://github.com/pypa/setuptools/issues/new?template=distutils-deprecation.yml
  warnings.warn(

2026-01-03 15:42:59,981:WARNING:/home/ilyandho/.local/share/mamba/envs/pycaret/lib/python3.10/site-packages/_distutils_hack/__init__.py:30: UserWarning: Setuptools is replacing distutils. Support for replacing an already imported distutils is deprecated. In the future, this condition will fail. Register concerns at https://github.com/pypa/setuptools/issues/new?template=distutils-deprecation.yml
  warnings.warn(

2026-01-03 15:43:00,028:WARNING:/home/ilyandho/.local/share/mamba/envs/pycaret/lib/python3.10/site-packages/_distutils_hack/__init__.py:30: UserWarning: Setuptools is replacing distutils. Support for replacing an already imported distutils is deprecated. In the future, this condition will fail. Register concerns at https://github.com/pypa/setuptools/issues/new?template=distutils-deprecation.yml
  warnings.warn(

2026-01-03 15:43:02,012:INFO:Calculating mean and std
2026-01-03 15:43:02,014:INFO:Creating metrics dataframe
2026-01-03 15:43:02,019:INFO:Uploading results into container
2026-01-03 15:43:02,020:INFO:Uploading model into container now
2026-01-03 15:43:02,021:INFO:_master_model_container: 1
2026-01-03 15:43:02,021:INFO:_display_container: 2
2026-01-03 15:43:02,021:INFO:LinearRegression(n_jobs=-1)
2026-01-03 15:43:02,021:INFO:create_model() successfully completed......................................
2026-01-03 15:43:02,306:INFO:SubProcess create_model() end ==================================
2026-01-03 15:43:02,306:INFO:Creating metrics dataframe
2026-01-03 15:43:02,321:INFO:Initializing Lasso Regression
2026-01-03 15:43:02,321:INFO:Total runtime is 0.12025161584218343 minutes
2026-01-03 15:43:02,331:INFO:SubProcess create_model() called ==================================
2026-01-03 15:43:02,331:INFO:Initializing create_model()
2026-01-03 15:43:02,332:INFO:create_model(self=<pycaret.regression.oop.RegressionExperiment object at 0x7f6692f2aaa0>, estimator=lasso, fold=KFold(n_splits=10, random_state=None, shuffle=False), round=4, cross_validation=True, predict=True, fit_kwargs={}, groups=None, refit=False, probability_threshold=None, experiment_custom_tags=None, verbose=False, system=False, add_to_model_list=True, metrics=None, display=<pycaret.internal.display.display.CommonDisplay object at 0x7f6692f29c30>, model_only=True, return_train_score=False, error_score=0.0, kwargs={})
2026-01-03 15:43:02,332:INFO:Checking exceptions
2026-01-03 15:43:02,332:INFO:Importing libraries
2026-01-03 15:43:02,332:INFO:Copying training dataset
2026-01-03 15:43:02,421:INFO:Defining folds
2026-01-03 15:43:02,423:INFO:Declaring metric variables
2026-01-03 15:43:02,436:INFO:Importing untrained model
2026-01-03 15:43:02,446:INFO:Lasso Regression Imported successfully
2026-01-03 15:43:02,476:INFO:Starting cross validation
2026-01-03 15:43:02,481:INFO:Cross validating with KFold(n_splits=10, random_state=None, shuffle=False), n_jobs=-1
2026-01-03 15:43:03,389:WARNING:/home/ilyandho/.local/share/mamba/envs/pycaret/lib/python3.10/site-packages/sklearn/linear_model/_coordinate_descent.py:678: ConvergenceWarning: Objective did not converge. You might want to increase the number of iterations, check the scale of the features or consider increasing regularisation. Duality gap: 5.592e+01, tolerance: 1.399e+00
  model = cd_fast.enet_coordinate_descent(

2026-01-03 15:43:04,587:WARNING:/home/ilyandho/.local/share/mamba/envs/pycaret/lib/python3.10/site-packages/sklearn/linear_model/_coordinate_descent.py:678: ConvergenceWarning: Objective did not converge. You might want to increase the number of iterations, check the scale of the features or consider increasing regularisation. Duality gap: 5.421e+01, tolerance: 1.394e+00
  model = cd_fast.enet_coordinate_descent(

2026-01-03 15:43:04,739:WARNING:/home/ilyandho/.local/share/mamba/envs/pycaret/lib/python3.10/site-packages/sklearn/linear_model/_coordinate_descent.py:678: ConvergenceWarning: Objective did not converge. You might want to increase the number of iterations, check the scale of the features or consider increasing regularisation. Duality gap: 5.533e+01, tolerance: 1.378e+00
  model = cd_fast.enet_coordinate_descent(

2026-01-03 15:43:04,957:WARNING:/home/ilyandho/.local/share/mamba/envs/pycaret/lib/python3.10/site-packages/sklearn/linear_model/_coordinate_descent.py:678: ConvergenceWarning: Objective did not converge. You might want to increase the number of iterations, check the scale of the features or consider increasing regularisation. Duality gap: 5.039e+01, tolerance: 1.377e+00
  model = cd_fast.enet_coordinate_descent(

2026-01-03 15:43:05,393:WARNING:/home/ilyandho/.local/share/mamba/envs/pycaret/lib/python3.10/site-packages/sklearn/linear_model/_coordinate_descent.py:678: ConvergenceWarning: Objective did not converge. You might want to increase the number of iterations, check the scale of the features or consider increasing regularisation. Duality gap: 5.208e+01, tolerance: 1.397e+00
  model = cd_fast.enet_coordinate_descent(

2026-01-03 15:43:05,727:WARNING:/home/ilyandho/.local/share/mamba/envs/pycaret/lib/python3.10/site-packages/sklearn/linear_model/_coordinate_descent.py:678: ConvergenceWarning: Objective did not converge. You might want to increase the number of iterations, check the scale of the features or consider increasing regularisation. Duality gap: 4.661e+01, tolerance: 1.365e+00
  model = cd_fast.enet_coordinate_descent(

2026-01-03 15:43:05,861:WARNING:/home/ilyandho/.local/share/mamba/envs/pycaret/lib/python3.10/site-packages/sklearn/linear_model/_coordinate_descent.py:678: ConvergenceWarning: Objective did not converge. You might want to increase the number of iterations, check the scale of the features or consider increasing regularisation. Duality gap: 6.080e+01, tolerance: 1.404e+00
  model = cd_fast.enet_coordinate_descent(

2026-01-03 15:43:06,032:WARNING:/home/ilyandho/.local/share/mamba/envs/pycaret/lib/python3.10/site-packages/sklearn/linear_model/_coordinate_descent.py:678: ConvergenceWarning: Objective did not converge. You might want to increase the number of iterations, check the scale of the features or consider increasing regularisation. Duality gap: 5.244e+01, tolerance: 1.393e+00
  model = cd_fast.enet_coordinate_descent(

2026-01-03 15:43:06,549:WARNING:/home/ilyandho/.local/share/mamba/envs/pycaret/lib/python3.10/site-packages/sklearn/linear_model/_coordinate_descent.py:678: ConvergenceWarning: Objective did not converge. You might want to increase the number of iterations, check the scale of the features or consider increasing regularisation. Duality gap: 5.701e+01, tolerance: 1.405e+00
  model = cd_fast.enet_coordinate_descent(

2026-01-03 15:43:06,653:WARNING:/home/ilyandho/.local/share/mamba/envs/pycaret/lib/python3.10/site-packages/sklearn/linear_model/_coordinate_descent.py:678: ConvergenceWarning: Objective did not converge. You might want to increase the number of iterations, check the scale of the features or consider increasing regularisation. Duality gap: 4.587e+01, tolerance: 1.376e+00
  model = cd_fast.enet_coordinate_descent(

2026-01-03 15:43:06,727:INFO:Calculating mean and std
2026-01-03 15:43:06,730:INFO:Creating metrics dataframe
2026-01-03 15:43:06,741:INFO:Uploading results into container
2026-01-03 15:43:06,742:INFO:Uploading model into container now
2026-01-03 15:43:06,743:INFO:_master_model_container: 2
2026-01-03 15:43:06,743:INFO:_display_container: 2
2026-01-03 15:43:06,744:INFO:Lasso(random_state=5993)
2026-01-03 15:43:06,744:INFO:create_model() successfully completed......................................
2026-01-03 15:43:07,007:INFO:SubProcess create_model() end ==================================
2026-01-03 15:43:07,007:INFO:Creating metrics dataframe
2026-01-03 15:43:07,017:INFO:Initializing Ridge Regression
2026-01-03 15:43:07,017:INFO:Total runtime is 0.19852433999379476 minutes
2026-01-03 15:43:07,026:INFO:SubProcess create_model() called ==================================
2026-01-03 15:43:07,026:INFO:Initializing create_model()
2026-01-03 15:43:07,026:INFO:create_model(self=<pycaret.regression.oop.RegressionExperiment object at 0x7f6692f2aaa0>, estimator=ridge, fold=KFold(n_splits=10, random_state=None, shuffle=False), round=4, cross_validation=True, predict=True, fit_kwargs={}, groups=None, refit=False, probability_threshold=None, experiment_custom_tags=None, verbose=False, system=False, add_to_model_list=True, metrics=None, display=<pycaret.internal.display.display.CommonDisplay object at 0x7f6692f29c30>, model_only=True, return_train_score=False, error_score=0.0, kwargs={})
2026-01-03 15:43:07,027:INFO:Checking exceptions
2026-01-03 15:43:07,027:INFO:Importing libraries
2026-01-03 15:43:07,027:INFO:Copying training dataset
2026-01-03 15:43:07,093:INFO:Defining folds
2026-01-03 15:43:07,093:INFO:Declaring metric variables
2026-01-03 15:43:07,104:INFO:Importing untrained model
2026-01-03 15:43:07,115:INFO:Ridge Regression Imported successfully
2026-01-03 15:43:07,141:INFO:Starting cross validation
2026-01-03 15:43:07,145:INFO:Cross validating with KFold(n_splits=10, random_state=None, shuffle=False), n_jobs=-1
2026-01-03 15:43:08,974:WARNING:/home/ilyandho/.local/share/mamba/envs/pycaret/lib/python3.10/site-packages/sklearn/linear_model/_ridge.py:204: LinAlgWarning: Ill-conditioned matrix (rcond=1.63589e-16): result may not be accurate.
  return linalg.solve(A, Xy, assume_a="pos", overwrite_a=True).T

2026-01-03 15:43:09,661:INFO:Calculating mean and std
2026-01-03 15:43:09,662:INFO:Creating metrics dataframe
2026-01-03 15:43:09,668:INFO:Uploading results into container
2026-01-03 15:43:09,669:INFO:Uploading model into container now
2026-01-03 15:43:09,670:INFO:_master_model_container: 3
2026-01-03 15:43:09,670:INFO:_display_container: 2
2026-01-03 15:43:09,670:INFO:Ridge(random_state=5993)
2026-01-03 15:43:09,671:INFO:create_model() successfully completed......................................
2026-01-03 15:43:09,961:INFO:SubProcess create_model() end ==================================
2026-01-03 15:43:09,961:INFO:Creating metrics dataframe
2026-01-03 15:43:09,975:INFO:Initializing Elastic Net
2026-01-03 15:43:09,975:INFO:Total runtime is 0.24782232840855917 minutes
2026-01-03 15:43:09,988:INFO:SubProcess create_model() called ==================================
2026-01-03 15:43:09,989:INFO:Initializing create_model()
2026-01-03 15:43:09,990:INFO:create_model(self=<pycaret.regression.oop.RegressionExperiment object at 0x7f6692f2aaa0>, estimator=en, fold=KFold(n_splits=10, random_state=None, shuffle=False), round=4, cross_validation=True, predict=True, fit_kwargs={}, groups=None, refit=False, probability_threshold=None, experiment_custom_tags=None, verbose=False, system=False, add_to_model_list=True, metrics=None, display=<pycaret.internal.display.display.CommonDisplay object at 0x7f6692f29c30>, model_only=True, return_train_score=False, error_score=0.0, kwargs={})
2026-01-03 15:43:09,990:INFO:Checking exceptions
2026-01-03 15:43:09,990:INFO:Importing libraries
2026-01-03 15:43:09,990:INFO:Copying training dataset
2026-01-03 15:43:10,068:INFO:Defining folds
2026-01-03 15:43:10,069:INFO:Declaring metric variables
2026-01-03 15:43:10,080:INFO:Importing untrained model
2026-01-03 15:43:10,092:INFO:Elastic Net Imported successfully
2026-01-03 15:43:10,113:INFO:Starting cross validation
2026-01-03 15:43:10,120:INFO:Cross validating with KFold(n_splits=10, random_state=None, shuffle=False), n_jobs=-1
2026-01-03 15:43:10,955:WARNING:/home/ilyandho/.local/share/mamba/envs/pycaret/lib/python3.10/site-packages/sklearn/linear_model/_coordinate_descent.py:678: ConvergenceWarning: Objective did not converge. You might want to increase the number of iterations, check the scale of the features or consider increasing regularisation. Duality gap: 5.956e+01, tolerance: 1.399e+00
  model = cd_fast.enet_coordinate_descent(

2026-01-03 15:43:11,611:WARNING:/home/ilyandho/.local/share/mamba/envs/pycaret/lib/python3.10/site-packages/sklearn/linear_model/_coordinate_descent.py:678: ConvergenceWarning: Objective did not converge. You might want to increase the number of iterations, check the scale of the features or consider increasing regularisation. Duality gap: 5.246e+01, tolerance: 1.377e+00
  model = cd_fast.enet_coordinate_descent(

2026-01-03 15:43:11,668:WARNING:/home/ilyandho/.local/share/mamba/envs/pycaret/lib/python3.10/site-packages/sklearn/linear_model/_coordinate_descent.py:678: ConvergenceWarning: Objective did not converge. You might want to increase the number of iterations, check the scale of the features or consider increasing regularisation. Duality gap: 5.741e+01, tolerance: 1.394e+00
  model = cd_fast.enet_coordinate_descent(

2026-01-03 15:43:11,884:WARNING:/home/ilyandho/.local/share/mamba/envs/pycaret/lib/python3.10/site-packages/sklearn/linear_model/_coordinate_descent.py:678: ConvergenceWarning: Objective did not converge. You might want to increase the number of iterations, check the scale of the features or consider increasing regularisation. Duality gap: 5.208e+01, tolerance: 1.397e+00
  model = cd_fast.enet_coordinate_descent(

2026-01-03 15:43:12,649:WARNING:/home/ilyandho/.local/share/mamba/envs/pycaret/lib/python3.10/site-packages/sklearn/linear_model/_coordinate_descent.py:678: ConvergenceWarning: Objective did not converge. You might want to increase the number of iterations, check the scale of the features or consider increasing regularisation. Duality gap: 6.007e+01, tolerance: 1.404e+00
  model = cd_fast.enet_coordinate_descent(

2026-01-03 15:43:12,674:WARNING:/home/ilyandho/.local/share/mamba/envs/pycaret/lib/python3.10/site-packages/sklearn/linear_model/_coordinate_descent.py:678: ConvergenceWarning: Objective did not converge. You might want to increase the number of iterations, check the scale of the features or consider increasing regularisation. Duality gap: 5.520e+01, tolerance: 1.378e+00
  model = cd_fast.enet_coordinate_descent(

2026-01-03 15:43:13,230:WARNING:/home/ilyandho/.local/share/mamba/envs/pycaret/lib/python3.10/site-packages/sklearn/linear_model/_coordinate_descent.py:678: ConvergenceWarning: Objective did not converge. You might want to increase the number of iterations, check the scale of the features or consider increasing regularisation. Duality gap: 5.164e+01, tolerance: 1.365e+00
  model = cd_fast.enet_coordinate_descent(

2026-01-03 15:43:13,310:WARNING:/home/ilyandho/.local/share/mamba/envs/pycaret/lib/python3.10/site-packages/sklearn/linear_model/_coordinate_descent.py:678: ConvergenceWarning: Objective did not converge. You might want to increase the number of iterations, check the scale of the features or consider increasing regularisation. Duality gap: 5.763e+01, tolerance: 1.393e+00
  model = cd_fast.enet_coordinate_descent(

2026-01-03 15:43:13,813:WARNING:/home/ilyandho/.local/share/mamba/envs/pycaret/lib/python3.10/site-packages/sklearn/linear_model/_coordinate_descent.py:678: ConvergenceWarning: Objective did not converge. You might want to increase the number of iterations, check the scale of the features or consider increasing regularisation. Duality gap: 5.845e+01, tolerance: 1.405e+00
  model = cd_fast.enet_coordinate_descent(

2026-01-03 15:43:14,006:WARNING:/home/ilyandho/.local/share/mamba/envs/pycaret/lib/python3.10/site-packages/sklearn/linear_model/_coordinate_descent.py:678: ConvergenceWarning: Objective did not converge. You might want to increase the number of iterations, check the scale of the features or consider increasing regularisation. Duality gap: 4.615e+01, tolerance: 1.376e+00
  model = cd_fast.enet_coordinate_descent(

2026-01-03 15:43:14,056:INFO:Calculating mean and std
2026-01-03 15:43:14,057:INFO:Creating metrics dataframe
2026-01-03 15:43:14,059:INFO:Uploading results into container
2026-01-03 15:43:14,060:INFO:Uploading model into container now
2026-01-03 15:43:14,060:INFO:_master_model_container: 4
2026-01-03 15:43:14,060:INFO:_display_container: 2
2026-01-03 15:43:14,061:INFO:ElasticNet(random_state=5993)
2026-01-03 15:43:14,061:INFO:create_model() successfully completed......................................
2026-01-03 15:43:14,350:INFO:SubProcess create_model() end ==================================
2026-01-03 15:43:14,350:INFO:Creating metrics dataframe
2026-01-03 15:43:14,368:INFO:Initializing Least Angle Regression
2026-01-03 15:43:14,368:INFO:Total runtime is 0.3210337003072103 minutes
2026-01-03 15:43:14,380:INFO:SubProcess create_model() called ==================================
2026-01-03 15:43:14,383:INFO:Initializing create_model()
2026-01-03 15:43:14,383:INFO:create_model(self=<pycaret.regression.oop.RegressionExperiment object at 0x7f6692f2aaa0>, estimator=lar, fold=KFold(n_splits=10, random_state=None, shuffle=False), round=4, cross_validation=True, predict=True, fit_kwargs={}, groups=None, refit=False, probability_threshold=None, experiment_custom_tags=None, verbose=False, system=False, add_to_model_list=True, metrics=None, display=<pycaret.internal.display.display.CommonDisplay object at 0x7f6692f29c30>, model_only=True, return_train_score=False, error_score=0.0, kwargs={})
2026-01-03 15:43:14,383:INFO:Checking exceptions
2026-01-03 15:43:14,383:INFO:Importing libraries
2026-01-03 15:43:14,383:INFO:Copying training dataset
2026-01-03 15:43:14,463:INFO:Defining folds
2026-01-03 15:43:14,464:INFO:Declaring metric variables
2026-01-03 15:43:14,480:INFO:Importing untrained model
2026-01-03 15:43:14,496:INFO:Least Angle Regression Imported successfully
2026-01-03 15:43:14,525:INFO:Starting cross validation
2026-01-03 15:43:14,529:INFO:Cross validating with KFold(n_splits=10, random_state=None, shuffle=False), n_jobs=-1
2026-01-03 15:43:15,626:WARNING:/home/ilyandho/.local/share/mamba/envs/pycaret/lib/python3.10/site-packages/sklearn/metrics/_regression.py:501: RuntimeWarning: overflow encountered in square
  output_errors = np.average((y_true - y_pred) ** 2, axis=0, weights=sample_weight)

2026-01-03 15:43:15,628:WARNING:/home/ilyandho/.local/share/mamba/envs/pycaret/lib/python3.10/site-packages/sklearn/metrics/_regression.py:501: RuntimeWarning: overflow encountered in square
  output_errors = np.average((y_true - y_pred) ** 2, axis=0, weights=sample_weight)

2026-01-03 15:43:15,629:WARNING:/home/ilyandho/.local/share/mamba/envs/pycaret/lib/python3.10/site-packages/sklearn/metrics/_regression.py:1196: RuntimeWarning: overflow encountered in square
  numerator = (weight * (y_true - y_pred) ** 2).sum(axis=0, dtype=np.float64)

2026-01-03 15:43:17,202:INFO:Calculating mean and std
2026-01-03 15:43:17,202:WARNING:/home/ilyandho/.local/share/mamba/envs/pycaret/lib/python3.10/site-packages/numpy/core/_methods.py:176: RuntimeWarning: overflow encountered in multiply
  x = um.multiply(x, x, out=x)

2026-01-03 15:43:17,202:WARNING:/home/ilyandho/.local/share/mamba/envs/pycaret/lib/python3.10/site-packages/numpy/core/_methods.py:173: RuntimeWarning: invalid value encountered in subtract
  x = asanyarray(arr - arrmean)

2026-01-03 15:43:17,203:INFO:Creating metrics dataframe
2026-01-03 15:43:17,206:INFO:Uploading results into container
2026-01-03 15:43:17,206:INFO:Uploading model into container now
2026-01-03 15:43:17,207:INFO:_master_model_container: 5
2026-01-03 15:43:17,207:INFO:_display_container: 2
2026-01-03 15:43:17,208:INFO:Lars(random_state=5993)
2026-01-03 15:43:17,208:INFO:create_model() successfully completed......................................
2026-01-03 15:43:17,458:INFO:SubProcess create_model() end ==================================
2026-01-03 15:43:17,458:INFO:Creating metrics dataframe
2026-01-03 15:43:17,471:INFO:Initializing Lasso Least Angle Regression
2026-01-03 15:43:17,471:INFO:Total runtime is 0.3727581898371379 minutes
2026-01-03 15:43:17,482:INFO:SubProcess create_model() called ==================================
2026-01-03 15:43:17,483:INFO:Initializing create_model()
2026-01-03 15:43:17,483:INFO:create_model(self=<pycaret.regression.oop.RegressionExperiment object at 0x7f6692f2aaa0>, estimator=llar, fold=KFold(n_splits=10, random_state=None, shuffle=False), round=4, cross_validation=True, predict=True, fit_kwargs={}, groups=None, refit=False, probability_threshold=None, experiment_custom_tags=None, verbose=False, system=False, add_to_model_list=True, metrics=None, display=<pycaret.internal.display.display.CommonDisplay object at 0x7f6692f29c30>, model_only=True, return_train_score=False, error_score=0.0, kwargs={})
2026-01-03 15:43:17,483:INFO:Checking exceptions
2026-01-03 15:43:17,483:INFO:Importing libraries
2026-01-03 15:43:17,483:INFO:Copying training dataset
2026-01-03 15:43:17,558:INFO:Defining folds
2026-01-03 15:43:17,558:INFO:Declaring metric variables
2026-01-03 15:43:17,568:INFO:Importing untrained model
2026-01-03 15:43:17,586:INFO:Lasso Least Angle Regression Imported successfully
2026-01-03 15:43:17,616:INFO:Starting cross validation
2026-01-03 15:43:17,621:INFO:Cross validating with KFold(n_splits=10, random_state=None, shuffle=False), n_jobs=-1
2026-01-03 15:43:19,843:INFO:Calculating mean and std
2026-01-03 15:43:19,844:INFO:Creating metrics dataframe
2026-01-03 15:43:19,849:INFO:Uploading results into container
2026-01-03 15:43:19,852:INFO:Uploading model into container now
2026-01-03 15:43:19,852:INFO:_master_model_container: 6
2026-01-03 15:43:19,852:INFO:_display_container: 2
2026-01-03 15:43:19,853:INFO:LassoLars(random_state=5993)
2026-01-03 15:43:19,853:INFO:create_model() successfully completed......................................
2026-01-03 15:43:20,086:INFO:SubProcess create_model() end ==================================
2026-01-03 15:43:20,086:INFO:Creating metrics dataframe
2026-01-03 15:43:20,100:INFO:Initializing Orthogonal Matching Pursuit
2026-01-03 15:43:20,100:INFO:Total runtime is 0.4165615161259969 minutes
2026-01-03 15:43:20,107:INFO:SubProcess create_model() called ==================================
2026-01-03 15:43:20,108:INFO:Initializing create_model()
2026-01-03 15:43:20,108:INFO:create_model(self=<pycaret.regression.oop.RegressionExperiment object at 0x7f6692f2aaa0>, estimator=omp, fold=KFold(n_splits=10, random_state=None, shuffle=False), round=4, cross_validation=True, predict=True, fit_kwargs={}, groups=None, refit=False, probability_threshold=None, experiment_custom_tags=None, verbose=False, system=False, add_to_model_list=True, metrics=None, display=<pycaret.internal.display.display.CommonDisplay object at 0x7f6692f29c30>, model_only=True, return_train_score=False, error_score=0.0, kwargs={})
2026-01-03 15:43:20,108:INFO:Checking exceptions
2026-01-03 15:43:20,108:INFO:Importing libraries
2026-01-03 15:43:20,108:INFO:Copying training dataset
2026-01-03 15:43:20,173:INFO:Defining folds
2026-01-03 15:43:20,173:INFO:Declaring metric variables
2026-01-03 15:43:20,188:INFO:Importing untrained model
2026-01-03 15:43:20,198:INFO:Orthogonal Matching Pursuit Imported successfully
2026-01-03 15:43:20,224:INFO:Starting cross validation
2026-01-03 15:43:20,230:INFO:Cross validating with KFold(n_splits=10, random_state=None, shuffle=False), n_jobs=-1
2026-01-03 15:43:22,694:INFO:Calculating mean and std
2026-01-03 15:43:22,696:INFO:Creating metrics dataframe
2026-01-03 15:43:22,699:INFO:Uploading results into container
2026-01-03 15:43:22,700:INFO:Uploading model into container now
2026-01-03 15:43:22,701:INFO:_master_model_container: 7
2026-01-03 15:43:22,701:INFO:_display_container: 2
2026-01-03 15:43:22,702:INFO:OrthogonalMatchingPursuit()
2026-01-03 15:43:22,702:INFO:create_model() successfully completed......................................
2026-01-03 15:43:22,940:INFO:SubProcess create_model() end ==================================
2026-01-03 15:43:22,941:INFO:Creating metrics dataframe
2026-01-03 15:43:22,953:INFO:Initializing Bayesian Ridge
2026-01-03 15:43:22,953:INFO:Total runtime is 0.46411683956782024 minutes
2026-01-03 15:43:22,960:INFO:SubProcess create_model() called ==================================
2026-01-03 15:43:22,961:INFO:Initializing create_model()
2026-01-03 15:43:22,961:INFO:create_model(self=<pycaret.regression.oop.RegressionExperiment object at 0x7f6692f2aaa0>, estimator=br, fold=KFold(n_splits=10, random_state=None, shuffle=False), round=4, cross_validation=True, predict=True, fit_kwargs={}, groups=None, refit=False, probability_threshold=None, experiment_custom_tags=None, verbose=False, system=False, add_to_model_list=True, metrics=None, display=<pycaret.internal.display.display.CommonDisplay object at 0x7f6692f29c30>, model_only=True, return_train_score=False, error_score=0.0, kwargs={})
2026-01-03 15:43:22,962:INFO:Checking exceptions
2026-01-03 15:43:22,962:INFO:Importing libraries
2026-01-03 15:43:22,962:INFO:Copying training dataset
2026-01-03 15:43:23,036:INFO:Defining folds
2026-01-03 15:43:23,036:INFO:Declaring metric variables
2026-01-03 15:43:23,043:INFO:Importing untrained model
2026-01-03 15:43:23,054:INFO:Bayesian Ridge Imported successfully
2026-01-03 15:43:23,088:INFO:Starting cross validation
2026-01-03 15:43:23,096:INFO:Cross validating with KFold(n_splits=10, random_state=None, shuffle=False), n_jobs=-1
2026-01-03 15:43:25,694:INFO:Calculating mean and std
2026-01-03 15:43:25,696:INFO:Creating metrics dataframe
2026-01-03 15:43:25,699:INFO:Uploading results into container
2026-01-03 15:43:25,700:INFO:Uploading model into container now
2026-01-03 15:43:25,701:INFO:_master_model_container: 8
2026-01-03 15:43:25,701:INFO:_display_container: 2
2026-01-03 15:43:25,702:INFO:BayesianRidge()
2026-01-03 15:43:25,702:INFO:create_model() successfully completed......................................
2026-01-03 15:43:25,936:INFO:SubProcess create_model() end ==================================
2026-01-03 15:43:25,936:INFO:Creating metrics dataframe
2026-01-03 15:43:25,949:INFO:Initializing Passive Aggressive Regressor
2026-01-03 15:43:25,949:INFO:Total runtime is 0.5140560984611511 minutes
2026-01-03 15:43:25,957:INFO:SubProcess create_model() called ==================================
2026-01-03 15:43:25,957:INFO:Initializing create_model()
2026-01-03 15:43:25,957:INFO:create_model(self=<pycaret.regression.oop.RegressionExperiment object at 0x7f6692f2aaa0>, estimator=par, fold=KFold(n_splits=10, random_state=None, shuffle=False), round=4, cross_validation=True, predict=True, fit_kwargs={}, groups=None, refit=False, probability_threshold=None, experiment_custom_tags=None, verbose=False, system=False, add_to_model_list=True, metrics=None, display=<pycaret.internal.display.display.CommonDisplay object at 0x7f6692f29c30>, model_only=True, return_train_score=False, error_score=0.0, kwargs={})
2026-01-03 15:43:25,957:INFO:Checking exceptions
2026-01-03 15:43:25,957:INFO:Importing libraries
2026-01-03 15:43:25,957:INFO:Copying training dataset
2026-01-03 15:43:26,020:INFO:Defining folds
2026-01-03 15:43:26,020:INFO:Declaring metric variables
2026-01-03 15:43:26,036:INFO:Importing untrained model
2026-01-03 15:43:26,047:INFO:Passive Aggressive Regressor Imported successfully
2026-01-03 15:43:26,083:INFO:Starting cross validation
2026-01-03 15:43:26,088:INFO:Cross validating with KFold(n_splits=10, random_state=None, shuffle=False), n_jobs=-1
2026-01-03 15:43:28,692:INFO:Calculating mean and std
2026-01-03 15:43:28,693:INFO:Creating metrics dataframe
2026-01-03 15:43:28,696:INFO:Uploading results into container
2026-01-03 15:43:28,697:INFO:Uploading model into container now
2026-01-03 15:43:28,698:INFO:_master_model_container: 9
2026-01-03 15:43:28,698:INFO:_display_container: 2
2026-01-03 15:43:28,698:INFO:PassiveAggressiveRegressor(random_state=5993)
2026-01-03 15:43:28,699:INFO:create_model() successfully completed......................................
2026-01-03 15:43:28,935:INFO:SubProcess create_model() end ==================================
2026-01-03 15:43:28,935:INFO:Creating metrics dataframe
2026-01-03 15:43:28,950:INFO:Initializing Huber Regressor
2026-01-03 15:43:28,950:INFO:Total runtime is 0.564069402217865 minutes
2026-01-03 15:43:28,959:INFO:SubProcess create_model() called ==================================
2026-01-03 15:43:28,960:INFO:Initializing create_model()
2026-01-03 15:43:28,960:INFO:create_model(self=<pycaret.regression.oop.RegressionExperiment object at 0x7f6692f2aaa0>, estimator=huber, fold=KFold(n_splits=10, random_state=None, shuffle=False), round=4, cross_validation=True, predict=True, fit_kwargs={}, groups=None, refit=False, probability_threshold=None, experiment_custom_tags=None, verbose=False, system=False, add_to_model_list=True, metrics=None, display=<pycaret.internal.display.display.CommonDisplay object at 0x7f6692f29c30>, model_only=True, return_train_score=False, error_score=0.0, kwargs={})
2026-01-03 15:43:28,960:INFO:Checking exceptions
2026-01-03 15:43:28,961:INFO:Importing libraries
2026-01-03 15:43:28,961:INFO:Copying training dataset
2026-01-03 15:43:29,050:INFO:Defining folds
2026-01-03 15:43:29,051:INFO:Declaring metric variables
2026-01-03 15:43:29,062:INFO:Importing untrained model
2026-01-03 15:43:29,076:INFO:Huber Regressor Imported successfully
2026-01-03 15:43:29,101:INFO:Starting cross validation
2026-01-03 15:43:29,106:INFO:Cross validating with KFold(n_splits=10, random_state=None, shuffle=False), n_jobs=-1
2026-01-03 15:43:33,238:INFO:Calculating mean and std
2026-01-03 15:43:33,239:INFO:Creating metrics dataframe
2026-01-03 15:43:33,242:INFO:Uploading results into container
2026-01-03 15:43:33,243:INFO:Uploading model into container now
2026-01-03 15:43:33,244:INFO:_master_model_container: 10
2026-01-03 15:43:33,244:INFO:_display_container: 2
2026-01-03 15:43:33,244:INFO:HuberRegressor()
2026-01-03 15:43:33,245:INFO:create_model() successfully completed......................................
2026-01-03 15:43:33,481:INFO:SubProcess create_model() end ==================================
2026-01-03 15:43:33,482:INFO:Creating metrics dataframe
2026-01-03 15:43:33,495:INFO:Initializing K Neighbors Regressor
2026-01-03 15:43:33,495:INFO:Total runtime is 0.6398208777109782 minutes
2026-01-03 15:43:33,502:INFO:SubProcess create_model() called ==================================
2026-01-03 15:43:33,503:INFO:Initializing create_model()
2026-01-03 15:43:33,503:INFO:create_model(self=<pycaret.regression.oop.RegressionExperiment object at 0x7f6692f2aaa0>, estimator=knn, fold=KFold(n_splits=10, random_state=None, shuffle=False), round=4, cross_validation=True, predict=True, fit_kwargs={}, groups=None, refit=False, probability_threshold=None, experiment_custom_tags=None, verbose=False, system=False, add_to_model_list=True, metrics=None, display=<pycaret.internal.display.display.CommonDisplay object at 0x7f6692f29c30>, model_only=True, return_train_score=False, error_score=0.0, kwargs={})
2026-01-03 15:43:33,503:INFO:Checking exceptions
2026-01-03 15:43:33,504:INFO:Importing libraries
2026-01-03 15:43:33,504:INFO:Copying training dataset
2026-01-03 15:43:33,585:INFO:Defining folds
2026-01-03 15:43:33,585:INFO:Declaring metric variables
2026-01-03 15:43:33,597:INFO:Importing untrained model
2026-01-03 15:43:33,607:INFO:K Neighbors Regressor Imported successfully
2026-01-03 15:43:33,629:INFO:Starting cross validation
2026-01-03 15:43:33,632:INFO:Cross validating with KFold(n_splits=10, random_state=None, shuffle=False), n_jobs=-1
2026-01-03 15:43:36,353:INFO:Calculating mean and std
2026-01-03 15:43:36,354:INFO:Creating metrics dataframe
2026-01-03 15:43:36,361:INFO:Uploading results into container
2026-01-03 15:43:36,362:INFO:Uploading model into container now
2026-01-03 15:43:36,362:INFO:_master_model_container: 11
2026-01-03 15:43:36,362:INFO:_display_container: 2
2026-01-03 15:43:36,363:INFO:KNeighborsRegressor(n_jobs=-1)
2026-01-03 15:43:36,363:INFO:create_model() successfully completed......................................
2026-01-03 15:43:36,626:INFO:SubProcess create_model() end ==================================
2026-01-03 15:43:36,626:INFO:Creating metrics dataframe
2026-01-03 15:43:36,645:INFO:Initializing Decision Tree Regressor
2026-01-03 15:43:36,645:INFO:Total runtime is 0.6923238197962442 minutes
2026-01-03 15:43:36,656:INFO:SubProcess create_model() called ==================================
2026-01-03 15:43:36,656:INFO:Initializing create_model()
2026-01-03 15:43:36,656:INFO:create_model(self=<pycaret.regression.oop.RegressionExperiment object at 0x7f6692f2aaa0>, estimator=dt, fold=KFold(n_splits=10, random_state=None, shuffle=False), round=4, cross_validation=True, predict=True, fit_kwargs={}, groups=None, refit=False, probability_threshold=None, experiment_custom_tags=None, verbose=False, system=False, add_to_model_list=True, metrics=None, display=<pycaret.internal.display.display.CommonDisplay object at 0x7f6692f29c30>, model_only=True, return_train_score=False, error_score=0.0, kwargs={})
2026-01-03 15:43:36,656:INFO:Checking exceptions
2026-01-03 15:43:36,656:INFO:Importing libraries
2026-01-03 15:43:36,657:INFO:Copying training dataset
2026-01-03 15:43:36,779:INFO:Defining folds
2026-01-03 15:43:36,779:INFO:Declaring metric variables
2026-01-03 15:43:36,791:INFO:Importing untrained model
2026-01-03 15:43:36,805:INFO:Decision Tree Regressor Imported successfully
2026-01-03 15:43:36,838:INFO:Starting cross validation
2026-01-03 15:43:36,845:INFO:Cross validating with KFold(n_splits=10, random_state=None, shuffle=False), n_jobs=-1
2026-01-03 15:43:40,409:INFO:Calculating mean and std
2026-01-03 15:43:40,411:INFO:Creating metrics dataframe
2026-01-03 15:43:40,412:INFO:Uploading results into container
2026-01-03 15:43:40,413:INFO:Uploading model into container now
2026-01-03 15:43:40,414:INFO:_master_model_container: 12
2026-01-03 15:43:40,414:INFO:_display_container: 2
2026-01-03 15:43:40,415:INFO:DecisionTreeRegressor(random_state=5993)
2026-01-03 15:43:40,415:INFO:create_model() successfully completed......................................
2026-01-03 15:43:40,652:INFO:SubProcess create_model() end ==================================
2026-01-03 15:43:40,652:INFO:Creating metrics dataframe
2026-01-03 15:43:40,667:INFO:Initializing Random Forest Regressor
2026-01-03 15:43:40,667:INFO:Total runtime is 0.7593520601590473 minutes
2026-01-03 15:43:40,677:INFO:SubProcess create_model() called ==================================
2026-01-03 15:43:40,678:INFO:Initializing create_model()
2026-01-03 15:43:40,678:INFO:create_model(self=<pycaret.regression.oop.RegressionExperiment object at 0x7f6692f2aaa0>, estimator=rf, fold=KFold(n_splits=10, random_state=None, shuffle=False), round=4, cross_validation=True, predict=True, fit_kwargs={}, groups=None, refit=False, probability_threshold=None, experiment_custom_tags=None, verbose=False, system=False, add_to_model_list=True, metrics=None, display=<pycaret.internal.display.display.CommonDisplay object at 0x7f6692f29c30>, model_only=True, return_train_score=False, error_score=0.0, kwargs={})
2026-01-03 15:43:40,678:INFO:Checking exceptions
2026-01-03 15:43:40,678:INFO:Importing libraries
2026-01-03 15:43:40,678:INFO:Copying training dataset
2026-01-03 15:43:40,754:INFO:Defining folds
2026-01-03 15:43:40,754:INFO:Declaring metric variables
2026-01-03 15:43:40,765:INFO:Importing untrained model
2026-01-03 15:43:40,780:INFO:Random Forest Regressor Imported successfully
2026-01-03 15:43:40,808:INFO:Starting cross validation
2026-01-03 15:43:40,811:INFO:Cross validating with KFold(n_splits=10, random_state=None, shuffle=False), n_jobs=-1
2026-01-03 15:44:47,353:INFO:Calculating mean and std
2026-01-03 15:44:47,356:INFO:Creating metrics dataframe
2026-01-03 15:44:47,358:INFO:Uploading results into container
2026-01-03 15:44:47,359:INFO:Uploading model into container now
2026-01-03 15:44:47,360:INFO:_master_model_container: 13
2026-01-03 15:44:47,360:INFO:_display_container: 2
2026-01-03 15:44:47,361:INFO:RandomForestRegressor(n_jobs=-1, random_state=5993)
2026-01-03 15:44:47,361:INFO:create_model() successfully completed......................................
2026-01-03 15:44:47,641:INFO:SubProcess create_model() end ==================================
2026-01-03 15:44:47,641:INFO:Creating metrics dataframe
2026-01-03 15:44:47,652:INFO:Initializing Extra Trees Regressor
2026-01-03 15:44:47,652:INFO:Total runtime is 1.8757725358009336 minutes
2026-01-03 15:44:47,660:INFO:SubProcess create_model() called ==================================
2026-01-03 15:44:47,660:INFO:Initializing create_model()
2026-01-03 15:44:47,660:INFO:create_model(self=<pycaret.regression.oop.RegressionExperiment object at 0x7f6692f2aaa0>, estimator=et, fold=KFold(n_splits=10, random_state=None, shuffle=False), round=4, cross_validation=True, predict=True, fit_kwargs={}, groups=None, refit=False, probability_threshold=None, experiment_custom_tags=None, verbose=False, system=False, add_to_model_list=True, metrics=None, display=<pycaret.internal.display.display.CommonDisplay object at 0x7f6692f29c30>, model_only=True, return_train_score=False, error_score=0.0, kwargs={})
2026-01-03 15:44:47,660:INFO:Checking exceptions
2026-01-03 15:44:47,661:INFO:Importing libraries
2026-01-03 15:44:47,661:INFO:Copying training dataset
2026-01-03 15:44:47,713:INFO:Defining folds
2026-01-03 15:44:47,713:INFO:Declaring metric variables
2026-01-03 15:44:47,721:INFO:Importing untrained model
2026-01-03 15:44:47,728:INFO:Extra Trees Regressor Imported successfully
2026-01-03 15:44:47,744:INFO:Starting cross validation
2026-01-03 15:44:47,746:INFO:Cross validating with KFold(n_splits=10, random_state=None, shuffle=False), n_jobs=-1
2026-01-03 15:45:26,046:INFO:Calculating mean and std
2026-01-03 15:45:26,047:INFO:Creating metrics dataframe
2026-01-03 15:45:26,050:INFO:Uploading results into container
2026-01-03 15:45:26,050:INFO:Uploading model into container now
2026-01-03 15:45:26,051:INFO:_master_model_container: 14
2026-01-03 15:45:26,051:INFO:_display_container: 2
2026-01-03 15:45:26,052:INFO:ExtraTreesRegressor(n_jobs=-1, random_state=5993)
2026-01-03 15:45:26,052:INFO:create_model() successfully completed......................................
2026-01-03 15:45:26,294:INFO:SubProcess create_model() end ==================================
2026-01-03 15:45:26,294:INFO:Creating metrics dataframe
2026-01-03 15:45:26,314:INFO:Initializing AdaBoost Regressor
2026-01-03 15:45:26,314:INFO:Total runtime is 2.520131401220957 minutes
2026-01-03 15:45:26,323:INFO:SubProcess create_model() called ==================================
2026-01-03 15:45:26,324:INFO:Initializing create_model()
2026-01-03 15:45:26,324:INFO:create_model(self=<pycaret.regression.oop.RegressionExperiment object at 0x7f6692f2aaa0>, estimator=ada, fold=KFold(n_splits=10, random_state=None, shuffle=False), round=4, cross_validation=True, predict=True, fit_kwargs={}, groups=None, refit=False, probability_threshold=None, experiment_custom_tags=None, verbose=False, system=False, add_to_model_list=True, metrics=None, display=<pycaret.internal.display.display.CommonDisplay object at 0x7f6692f29c30>, model_only=True, return_train_score=False, error_score=0.0, kwargs={})
2026-01-03 15:45:26,324:INFO:Checking exceptions
2026-01-03 15:45:26,324:INFO:Importing libraries
2026-01-03 15:45:26,324:INFO:Copying training dataset
2026-01-03 15:45:26,403:INFO:Defining folds
2026-01-03 15:45:26,403:INFO:Declaring metric variables
2026-01-03 15:45:26,414:INFO:Importing untrained model
2026-01-03 15:45:26,426:INFO:AdaBoost Regressor Imported successfully
2026-01-03 15:45:26,453:INFO:Starting cross validation
2026-01-03 15:45:26,458:INFO:Cross validating with KFold(n_splits=10, random_state=None, shuffle=False), n_jobs=-1
2026-01-03 15:45:36,739:INFO:Calculating mean and std
2026-01-03 15:45:36,741:INFO:Creating metrics dataframe
2026-01-03 15:45:36,744:INFO:Uploading results into container
2026-01-03 15:45:36,745:INFO:Uploading model into container now
2026-01-03 15:45:36,746:INFO:_master_model_container: 15
2026-01-03 15:45:36,746:INFO:_display_container: 2
2026-01-03 15:45:36,747:INFO:AdaBoostRegressor(random_state=5993)
2026-01-03 15:45:36,747:INFO:create_model() successfully completed......................................
2026-01-03 15:45:36,988:INFO:SubProcess create_model() end ==================================
2026-01-03 15:45:36,988:INFO:Creating metrics dataframe
2026-01-03 15:45:37,007:INFO:Initializing Gradient Boosting Regressor
2026-01-03 15:45:37,008:INFO:Total runtime is 2.6983617067337033 minutes
2026-01-03 15:45:37,020:INFO:SubProcess create_model() called ==================================
2026-01-03 15:45:37,021:INFO:Initializing create_model()
2026-01-03 15:45:37,021:INFO:create_model(self=<pycaret.regression.oop.RegressionExperiment object at 0x7f6692f2aaa0>, estimator=gbr, fold=KFold(n_splits=10, random_state=None, shuffle=False), round=4, cross_validation=True, predict=True, fit_kwargs={}, groups=None, refit=False, probability_threshold=None, experiment_custom_tags=None, verbose=False, system=False, add_to_model_list=True, metrics=None, display=<pycaret.internal.display.display.CommonDisplay object at 0x7f6692f29c30>, model_only=True, return_train_score=False, error_score=0.0, kwargs={})
2026-01-03 15:45:37,021:INFO:Checking exceptions
2026-01-03 15:45:37,021:INFO:Importing libraries
2026-01-03 15:45:37,021:INFO:Copying training dataset
2026-01-03 15:45:37,092:INFO:Defining folds
2026-01-03 15:45:37,093:INFO:Declaring metric variables
2026-01-03 15:45:37,104:INFO:Importing untrained model
2026-01-03 15:45:37,115:INFO:Gradient Boosting Regressor Imported successfully
2026-01-03 15:45:37,140:INFO:Starting cross validation
2026-01-03 15:45:37,144:INFO:Cross validating with KFold(n_splits=10, random_state=None, shuffle=False), n_jobs=-1
2026-01-03 15:45:56,176:INFO:Calculating mean and std
2026-01-03 15:45:56,177:INFO:Creating metrics dataframe
2026-01-03 15:45:56,181:INFO:Uploading results into container
2026-01-03 15:45:56,182:INFO:Uploading model into container now
2026-01-03 15:45:56,183:INFO:_master_model_container: 16
2026-01-03 15:45:56,183:INFO:_display_container: 2
2026-01-03 15:45:56,184:INFO:GradientBoostingRegressor(random_state=5993)
2026-01-03 15:45:56,184:INFO:create_model() successfully completed......................................
2026-01-03 15:45:56,426:INFO:SubProcess create_model() end ==================================
2026-01-03 15:45:56,426:INFO:Creating metrics dataframe
2026-01-03 15:45:56,446:INFO:Initializing Light Gradient Boosting Machine
2026-01-03 15:45:56,446:INFO:Total runtime is 3.0223346034685767 minutes
2026-01-03 15:45:56,459:INFO:SubProcess create_model() called ==================================
2026-01-03 15:45:56,460:INFO:Initializing create_model()
2026-01-03 15:45:56,460:INFO:create_model(self=<pycaret.regression.oop.RegressionExperiment object at 0x7f6692f2aaa0>, estimator=lightgbm, fold=KFold(n_splits=10, random_state=None, shuffle=False), round=4, cross_validation=True, predict=True, fit_kwargs={}, groups=None, refit=False, probability_threshold=None, experiment_custom_tags=None, verbose=False, system=False, add_to_model_list=True, metrics=None, display=<pycaret.internal.display.display.CommonDisplay object at 0x7f6692f29c30>, model_only=True, return_train_score=False, error_score=0.0, kwargs={})
2026-01-03 15:45:56,460:INFO:Checking exceptions
2026-01-03 15:45:56,460:INFO:Importing libraries
2026-01-03 15:45:56,461:INFO:Copying training dataset
2026-01-03 15:45:56,554:INFO:Defining folds
2026-01-03 15:45:56,555:INFO:Declaring metric variables
2026-01-03 15:45:56,564:INFO:Importing untrained model
2026-01-03 15:45:56,572:INFO:Light Gradient Boosting Machine Imported successfully
2026-01-03 15:45:56,591:INFO:Starting cross validation
2026-01-03 15:45:56,601:INFO:Cross validating with KFold(n_splits=10, random_state=None, shuffle=False), n_jobs=-1
2026-01-03 15:54:41,253:WARNING:
'cuml' is a soft dependency and not included in the pycaret installation. Please run: `pip install cuml` to install.
2026-01-03 15:54:41,253:WARNING:
'cuml' is a soft dependency and not included in the pycaret installation. Please run: `pip install cuml` to install.
2026-01-03 15:54:41,253:WARNING:
'cuml' is a soft dependency and not included in the pycaret installation. Please run: `pip install cuml` to install.
2026-01-03 15:54:41,253:WARNING:
'cuml' is a soft dependency and not included in the pycaret installation. Please run: `pip install cuml` to install.
2026-01-03 15:54:50,381:INFO:PyCaret RegressionExperiment
2026-01-03 15:54:50,381:INFO:Logging name: reg-default-name
2026-01-03 15:54:50,382:INFO:ML Usecase: MLUsecase.REGRESSION
2026-01-03 15:54:50,382:INFO:version 3.3.2
2026-01-03 15:54:50,382:INFO:Initializing setup()
2026-01-03 15:54:50,382:INFO:self.USI: 5e78
2026-01-03 15:54:50,382:INFO:self._variable_keys: {'memory', 'X_train', 'fold_generator', 'y_test', 'X', '_available_plots', 'n_jobs_param', 'transform_target_param', 'gpu_param', 'target_param', 'log_plots_param', 'pipeline', 'gpu_n_jobs_param', 'USI', 'exp_id', 'html_param', 'data', 'logging_param', 'X_test', 'y_train', 'exp_name_log', 'fold_groups_param', 'y', 'idx', 'seed', '_ml_usecase', 'fold_shuffle_param'}
2026-01-03 15:54:50,383:INFO:Checking environment
2026-01-03 15:54:50,384:INFO:python_version: 3.10.19
2026-01-03 15:54:50,384:INFO:python_build: ('main', 'Oct 22 2025 22:29:10')
2026-01-03 15:54:50,384:INFO:machine: x86_64
2026-01-03 15:54:50,384:INFO:platform: Linux-6.17.9-arch1-1-x86_64-with-glibc2.42
2026-01-03 15:54:50,384:INFO:Memory: svmem(total=16650608640, available=6894350336, percent=58.6, used=9756258304, free=1656356864, active=7701491712, inactive=5624487936, buffers=139018240, cached=7207657472, shared=1763094528, slab=640000000)
2026-01-03 15:54:50,386:INFO:Physical Core: 2
2026-01-03 15:54:50,386:INFO:Logical Core: 4
2026-01-03 15:54:50,387:INFO:Checking libraries
2026-01-03 15:54:50,387:INFO:System:
2026-01-03 15:54:50,387:INFO:    python: 3.10.19 | packaged by conda-forge | (main, Oct 22 2025, 22:29:10) [GCC 14.3.0]
2026-01-03 15:54:50,387:INFO:executable: /home/ilyandho/.local/share/mamba/envs/pycaret/bin/python
2026-01-03 15:54:50,387:INFO:   machine: Linux-6.17.9-arch1-1-x86_64-with-glibc2.42
2026-01-03 15:54:50,387:INFO:PyCaret required dependencies:
2026-01-03 15:54:50,393:WARNING:/home/ilyandho/.local/share/mamba/envs/pycaret/lib/python3.10/site-packages/_distutils_hack/__init__.py:30: UserWarning: Setuptools is replacing distutils. Support for replacing an already imported distutils is deprecated. In the future, this condition will fail. Register concerns at https://github.com/pypa/setuptools/issues/new?template=distutils-deprecation.yml
  warnings.warn(

2026-01-03 15:54:50,407:INFO:                 pip: 25.3
2026-01-03 15:54:50,408:INFO:          setuptools: 80.9.0
2026-01-03 15:54:50,408:INFO:             pycaret: 3.3.2
2026-01-03 15:54:50,408:INFO:             IPython: 8.37.0
2026-01-03 15:54:50,408:INFO:          ipywidgets: 8.1.8
2026-01-03 15:54:50,408:INFO:                tqdm: 4.67.1
2026-01-03 15:54:50,408:INFO:               numpy: 1.26.4
2026-01-03 15:54:50,408:INFO:              pandas: 2.1.4
2026-01-03 15:54:50,408:INFO:              jinja2: 3.1.6
2026-01-03 15:54:50,408:INFO:               scipy: 1.11.4
2026-01-03 15:54:50,408:INFO:              joblib: 1.3.2
2026-01-03 15:54:50,408:INFO:             sklearn: 1.4.2
2026-01-03 15:54:50,408:INFO:                pyod: 2.0.6
2026-01-03 15:54:50,408:INFO:            imblearn: 0.14.1
2026-01-03 15:54:50,408:INFO:   category_encoders: 2.7.0
2026-01-03 15:54:50,408:INFO:            lightgbm: 4.6.0
2026-01-03 15:54:50,408:INFO:               numba: 0.63.1
2026-01-03 15:54:50,408:INFO:            requests: 2.32.5
2026-01-03 15:54:50,408:INFO:          matplotlib: 3.10.8
2026-01-03 15:54:50,408:INFO:          scikitplot: 0.3.7
2026-01-03 15:54:50,409:INFO:         yellowbrick: 1.5
2026-01-03 15:54:50,409:INFO:              plotly: 6.5.0
2026-01-03 15:54:50,409:INFO:    plotly-resampler: Not installed
2026-01-03 15:54:50,409:INFO:             kaleido: 0.2.1
2026-01-03 15:54:50,409:INFO:           schemdraw: 0.15
2026-01-03 15:54:50,409:INFO:         statsmodels: 0.14.6
2026-01-03 15:54:50,409:INFO:              sktime: 0.26.0
2026-01-03 15:54:50,409:INFO:               tbats: 1.1.3
2026-01-03 15:54:50,409:INFO:            pmdarima: 2.0.4
2026-01-03 15:54:50,409:INFO:              psutil: 7.2.1
2026-01-03 15:54:50,409:INFO:          markupsafe: 3.0.3
2026-01-03 15:54:50,409:INFO:             pickle5: Not installed
2026-01-03 15:54:50,410:INFO:         cloudpickle: 3.1.2
2026-01-03 15:54:50,410:INFO:         deprecation: 2.1.0
2026-01-03 15:54:50,410:INFO:              xxhash: 3.6.0
2026-01-03 15:54:50,411:INFO:           wurlitzer: 3.1.1
2026-01-03 15:54:50,411:INFO:PyCaret optional dependencies:
2026-01-03 15:54:50,485:INFO:                shap: Not installed
2026-01-03 15:54:50,486:INFO:           interpret: Not installed
2026-01-03 15:54:50,486:INFO:                umap: 0.5.9.post2
2026-01-03 15:54:50,486:INFO:     ydata_profiling: Not installed
2026-01-03 15:54:50,486:INFO:  explainerdashboard: Not installed
2026-01-03 15:54:50,486:INFO:             autoviz: Not installed
2026-01-03 15:54:50,486:INFO:           fairlearn: Not installed
2026-01-03 15:54:50,486:INFO:          deepchecks: Not installed
2026-01-03 15:54:50,486:INFO:             xgboost: Not installed
2026-01-03 15:54:50,486:INFO:            catboost: Not installed
2026-01-03 15:54:50,487:INFO:              kmodes: Not installed
2026-01-03 15:54:50,487:INFO:             mlxtend: Not installed
2026-01-03 15:54:50,487:INFO:       statsforecast: Not installed
2026-01-03 15:54:50,487:INFO:        tune_sklearn: Not installed
2026-01-03 15:54:50,487:INFO:                 ray: Not installed
2026-01-03 15:54:50,487:INFO:            hyperopt: Not installed
2026-01-03 15:54:50,487:INFO:              optuna: Not installed
2026-01-03 15:54:50,487:INFO:               skopt: Not installed
2026-01-03 15:54:50,487:INFO:              mlflow: Not installed
2026-01-03 15:54:50,487:INFO:              gradio: Not installed
2026-01-03 15:54:50,494:INFO:             fastapi: Not installed
2026-01-03 15:54:50,494:INFO:             uvicorn: Not installed
2026-01-03 15:54:50,494:INFO:              m2cgen: Not installed
2026-01-03 15:54:50,494:INFO:           evidently: Not installed
2026-01-03 15:54:50,495:INFO:               fugue: Not installed
2026-01-03 15:54:50,495:INFO:           streamlit: Not installed
2026-01-03 15:54:50,495:INFO:             prophet: Not installed
2026-01-03 15:54:50,495:INFO:None
2026-01-03 15:54:50,495:INFO:Set up data.
2026-01-03 15:54:50,724:INFO:Set up folding strategy.
2026-01-03 15:54:50,724:INFO:Set up train/test split.
2026-01-03 15:54:50,764:INFO:Set up index.
2026-01-03 15:54:50,765:INFO:Assigning column types.
2026-01-03 15:54:50,835:INFO:Engine successfully changes for model 'lr' to 'sklearn'.
2026-01-03 15:54:50,836:INFO:Engine for model 'lasso' has not been set explicitly, hence returning None.
2026-01-03 15:54:50,842:INFO:Engine for model 'ridge' has not been set explicitly, hence returning None.
2026-01-03 15:54:50,846:INFO:Engine for model 'en' has not been set explicitly, hence returning None.
2026-01-03 15:54:50,935:INFO:Engine for model 'svm' has not been set explicitly, hence returning None.
2026-01-03 15:54:50,980:INFO:Engine for model 'knn' has not been set explicitly, hence returning None.
2026-01-03 15:54:50,981:WARNING:
'xgboost' is a soft dependency and not included in the pycaret installation. Please run: `pip install xgboost` to install.
Alternately, you can install this by running `pip install pycaret[models]`
2026-01-03 15:54:51,074:WARNING:
'catboost' is a soft dependency and not included in the pycaret installation. Please run: `pip install catboost` to install.
Alternately, you can install this by running `pip install pycaret[models]`
2026-01-03 15:54:51,074:INFO:Engine for model 'lasso' has not been set explicitly, hence returning None.
2026-01-03 15:54:51,079:INFO:Engine for model 'ridge' has not been set explicitly, hence returning None.
2026-01-03 15:54:51,084:INFO:Engine for model 'en' has not been set explicitly, hence returning None.
2026-01-03 15:54:51,176:INFO:Engine for model 'svm' has not been set explicitly, hence returning None.
2026-01-03 15:54:51,220:INFO:Engine for model 'knn' has not been set explicitly, hence returning None.
2026-01-03 15:54:51,221:WARNING:
'xgboost' is a soft dependency and not included in the pycaret installation. Please run: `pip install xgboost` to install.
Alternately, you can install this by running `pip install pycaret[models]`
2026-01-03 15:54:51,222:WARNING:
'catboost' is a soft dependency and not included in the pycaret installation. Please run: `pip install catboost` to install.
Alternately, you can install this by running `pip install pycaret[models]`
2026-01-03 15:54:51,222:INFO:Engine successfully changes for model 'lasso' to 'sklearn'.
2026-01-03 15:54:51,230:INFO:Engine for model 'ridge' has not been set explicitly, hence returning None.
2026-01-03 15:54:51,234:INFO:Engine for model 'en' has not been set explicitly, hence returning None.
2026-01-03 15:54:51,325:INFO:Engine for model 'svm' has not been set explicitly, hence returning None.
2026-01-03 15:54:51,370:INFO:Engine for model 'knn' has not been set explicitly, hence returning None.
2026-01-03 15:54:51,372:WARNING:
'xgboost' is a soft dependency and not included in the pycaret installation. Please run: `pip install xgboost` to install.
Alternately, you can install this by running `pip install pycaret[models]`
2026-01-03 15:54:51,372:WARNING:
'catboost' is a soft dependency and not included in the pycaret installation. Please run: `pip install catboost` to install.
Alternately, you can install this by running `pip install pycaret[models]`
2026-01-03 15:54:51,377:INFO:Engine for model 'ridge' has not been set explicitly, hence returning None.
2026-01-03 15:54:51,381:INFO:Engine for model 'en' has not been set explicitly, hence returning None.
2026-01-03 15:54:51,476:INFO:Engine for model 'svm' has not been set explicitly, hence returning None.
2026-01-03 15:54:51,521:INFO:Engine for model 'knn' has not been set explicitly, hence returning None.
2026-01-03 15:54:51,523:WARNING:
'xgboost' is a soft dependency and not included in the pycaret installation. Please run: `pip install xgboost` to install.
Alternately, you can install this by running `pip install pycaret[models]`
2026-01-03 15:54:51,523:WARNING:
'catboost' is a soft dependency and not included in the pycaret installation. Please run: `pip install catboost` to install.
Alternately, you can install this by running `pip install pycaret[models]`
2026-01-03 15:54:51,524:INFO:Engine successfully changes for model 'ridge' to 'sklearn'.
2026-01-03 15:54:51,533:INFO:Engine for model 'en' has not been set explicitly, hence returning None.
2026-01-03 15:54:51,620:INFO:Engine for model 'svm' has not been set explicitly, hence returning None.
2026-01-03 15:54:51,670:INFO:Engine for model 'knn' has not been set explicitly, hence returning None.
2026-01-03 15:54:51,672:WARNING:
'xgboost' is a soft dependency and not included in the pycaret installation. Please run: `pip install xgboost` to install.
Alternately, you can install this by running `pip install pycaret[models]`
2026-01-03 15:54:51,673:WARNING:
'catboost' is a soft dependency and not included in the pycaret installation. Please run: `pip install catboost` to install.
Alternately, you can install this by running `pip install pycaret[models]`
2026-01-03 15:54:51,685:INFO:Engine for model 'en' has not been set explicitly, hence returning None.
2026-01-03 15:54:51,774:INFO:Engine for model 'svm' has not been set explicitly, hence returning None.
2026-01-03 15:54:51,817:INFO:Engine for model 'knn' has not been set explicitly, hence returning None.
2026-01-03 15:54:51,817:WARNING:
'xgboost' is a soft dependency and not included in the pycaret installation. Please run: `pip install xgboost` to install.
Alternately, you can install this by running `pip install pycaret[models]`
2026-01-03 15:54:51,818:WARNING:
'catboost' is a soft dependency and not included in the pycaret installation. Please run: `pip install catboost` to install.
Alternately, you can install this by running `pip install pycaret[models]`
2026-01-03 15:54:51,818:INFO:Engine successfully changes for model 'en' to 'sklearn'.
2026-01-03 15:54:51,913:INFO:Engine for model 'svm' has not been set explicitly, hence returning None.
2026-01-03 15:54:51,963:INFO:Engine for model 'knn' has not been set explicitly, hence returning None.
2026-01-03 15:54:51,963:WARNING:
'xgboost' is a soft dependency and not included in the pycaret installation. Please run: `pip install xgboost` to install.
Alternately, you can install this by running `pip install pycaret[models]`
2026-01-03 15:54:51,963:WARNING:
'catboost' is a soft dependency and not included in the pycaret installation. Please run: `pip install catboost` to install.
Alternately, you can install this by running `pip install pycaret[models]`
2026-01-03 15:54:52,067:INFO:Engine for model 'svm' has not been set explicitly, hence returning None.
2026-01-03 15:54:52,117:INFO:Engine for model 'knn' has not been set explicitly, hence returning None.
2026-01-03 15:54:52,117:WARNING:
'xgboost' is a soft dependency and not included in the pycaret installation. Please run: `pip install xgboost` to install.
Alternately, you can install this by running `pip install pycaret[models]`
2026-01-03 15:54:52,117:WARNING:
'catboost' is a soft dependency and not included in the pycaret installation. Please run: `pip install catboost` to install.
Alternately, you can install this by running `pip install pycaret[models]`
2026-01-03 15:54:52,118:INFO:Engine successfully changes for model 'knn' to 'sklearn'.
2026-01-03 15:54:52,215:INFO:Engine for model 'svm' has not been set explicitly, hence returning None.
2026-01-03 15:54:52,261:WARNING:
'xgboost' is a soft dependency and not included in the pycaret installation. Please run: `pip install xgboost` to install.
Alternately, you can install this by running `pip install pycaret[models]`
2026-01-03 15:54:52,262:WARNING:
'catboost' is a soft dependency and not included in the pycaret installation. Please run: `pip install catboost` to install.
Alternately, you can install this by running `pip install pycaret[models]`
2026-01-03 15:54:52,363:INFO:Engine for model 'svm' has not been set explicitly, hence returning None.
2026-01-03 15:54:52,409:WARNING:
'xgboost' is a soft dependency and not included in the pycaret installation. Please run: `pip install xgboost` to install.
Alternately, you can install this by running `pip install pycaret[models]`
2026-01-03 15:54:52,409:WARNING:
'catboost' is a soft dependency and not included in the pycaret installation. Please run: `pip install catboost` to install.
Alternately, you can install this by running `pip install pycaret[models]`
2026-01-03 15:54:52,409:INFO:Engine successfully changes for model 'svm' to 'sklearn'.
2026-01-03 15:54:52,566:WARNING:
'xgboost' is a soft dependency and not included in the pycaret installation. Please run: `pip install xgboost` to install.
Alternately, you can install this by running `pip install pycaret[models]`
2026-01-03 15:54:52,566:WARNING:
'catboost' is a soft dependency and not included in the pycaret installation. Please run: `pip install catboost` to install.
Alternately, you can install this by running `pip install pycaret[models]`
2026-01-03 15:54:52,714:WARNING:
'xgboost' is a soft dependency and not included in the pycaret installation. Please run: `pip install xgboost` to install.
Alternately, you can install this by running `pip install pycaret[models]`
2026-01-03 15:54:52,715:WARNING:
'catboost' is a soft dependency and not included in the pycaret installation. Please run: `pip install catboost` to install.
Alternately, you can install this by running `pip install pycaret[models]`
2026-01-03 15:54:52,716:INFO:Preparing preprocessing pipeline...
2026-01-03 15:54:52,716:INFO:Set up simple imputation.
2026-01-03 15:54:52,734:INFO:Set up encoding of ordinal features.
2026-01-03 15:54:52,747:INFO:Set up encoding of categorical features.
2026-01-03 15:54:52,747:INFO:Set up removing multicollinearity.
2026-01-03 15:54:52,752:INFO:Set up column name cleaning.
2026-01-03 15:54:53,298:INFO:Finished creating preprocessing pipeline.
2026-01-03 15:54:53,330:INFO:Pipeline: Pipeline(memory=FastMemory(location=/tmp/joblib),
         steps=[('numerical_imputer',
                 TransformerWrapper(include=['creativity', 'ict_index',
                                             'influence', 'selected', 'threat',
                                             'transfers_balance',
                                             'transfers_in', 'transfers_out',
                                             'value', 'team_h_difficulty',
                                             'team_a_difficulty',
                                             'ownership_change',
                                             'percenatge_net_transfers', 'whh',
                                             'whd', 'wha', 'round',
                                             'opponent_xgc_3',...
                                    transformer=OrdinalEncoder(cols=['team_was_home'],
                                                               handle_missing='return_nan',
                                                               mapping=[{'col': 'team_was_home',
                                                                         'data_type': dtype('O'),
                                                                         'mapping': False    0
True     1
NaN     -1
dtype: int64}]))),
                ('remove_multicollinearity',
                 TransformerWrapper(exclude=[],
                                    transformer=RemoveMulticollinearity(threshold=0.9))),
                ('clean_column_names',
                 TransformerWrapper(transformer=CleanColumnNames()))])
2026-01-03 15:54:53,330:INFO:Creating final display dataframe.
2026-01-03 15:54:54,210:INFO:Setup _display_container:                     Description             Value
0                    Session id              6757
1                        Target                xP
2                   Target type        Regression
3           Original data shape       (3844, 181)
4        Transformed data shape       (3844, 150)
5   Transformed train set shape       (3075, 150)
6    Transformed test set shape        (769, 150)
7              Numeric features               178
8          Categorical features                 1
9      Rows with missing values             10.5%
10                   Preprocess              True
11              Imputation type            simple
12           Numeric imputation              mean
13       Categorical imputation              mode
14     Maximum one-hot encoding                25
15              Encoding method              None
16     Remove multicollinearity              True
17  Multicollinearity threshold               0.9
18               Fold Generator             KFold
19                  Fold Number                10
20                     CPU Jobs                -1
21                      Use GPU             False
22               Log Experiment             False
23              Experiment Name  reg-default-name
24                          USI              5e78
2026-01-03 15:54:54,497:WARNING:
'xgboost' is a soft dependency and not included in the pycaret installation. Please run: `pip install xgboost` to install.
Alternately, you can install this by running `pip install pycaret[models]`
2026-01-03 15:54:54,497:WARNING:
'catboost' is a soft dependency and not included in the pycaret installation. Please run: `pip install catboost` to install.
Alternately, you can install this by running `pip install pycaret[models]`
2026-01-03 15:54:54,692:WARNING:
'xgboost' is a soft dependency and not included in the pycaret installation. Please run: `pip install xgboost` to install.
Alternately, you can install this by running `pip install pycaret[models]`
2026-01-03 15:54:54,693:WARNING:
'catboost' is a soft dependency and not included in the pycaret installation. Please run: `pip install catboost` to install.
Alternately, you can install this by running `pip install pycaret[models]`
2026-01-03 15:54:54,694:INFO:setup() successfully completed in 4.32s...............
2026-01-03 15:54:54,694:INFO:Initializing compare_models()
2026-01-03 15:54:54,694:INFO:compare_models(self=<pycaret.regression.oop.RegressionExperiment object at 0x7f8e858bdde0>, include=None, fold=None, round=4, cross_validation=True, sort=MAE, n_select=1, budget_time=None, turbo=True, errors=ignore, fit_kwargs=None, groups=None, experiment_custom_tags=None, probability_threshold=None, verbose=True, parallel=None, caller_params={'self': <pycaret.regression.oop.RegressionExperiment object at 0x7f8e858bdde0>, 'include': None, 'exclude': None, 'fold': None, 'round': 4, 'cross_validation': True, 'sort': 'MAE', 'n_select': 1, 'budget_time': None, 'turbo': True, 'errors': 'ignore', 'fit_kwargs': None, 'groups': None, 'experiment_custom_tags': None, 'engine': None, 'verbose': True, 'parallel': None, '__class__': <class 'pycaret.regression.oop.RegressionExperiment'>}, exclude=None)
2026-01-03 15:54:54,694:INFO:Checking exceptions
2026-01-03 15:54:54,711:INFO:Preparing display monitor
2026-01-03 15:54:54,759:INFO:Initializing Linear Regression
2026-01-03 15:54:54,759:INFO:Total runtime is 2.8967857360839845e-06 minutes
2026-01-03 15:54:54,769:INFO:SubProcess create_model() called ==================================
2026-01-03 15:54:54,769:INFO:Initializing create_model()
2026-01-03 15:54:54,770:INFO:create_model(self=<pycaret.regression.oop.RegressionExperiment object at 0x7f8e858bdde0>, estimator=lr, fold=KFold(n_splits=10, random_state=None, shuffle=False), round=4, cross_validation=True, predict=True, fit_kwargs={}, groups=None, refit=False, probability_threshold=None, experiment_custom_tags=None, verbose=False, system=False, add_to_model_list=True, metrics=None, display=<pycaret.internal.display.display.CommonDisplay object at 0x7f8e85971210>, model_only=True, return_train_score=False, error_score=0.0, kwargs={})
2026-01-03 15:54:54,770:INFO:Checking exceptions
2026-01-03 15:54:54,770:INFO:Importing libraries
2026-01-03 15:54:54,770:INFO:Copying training dataset
2026-01-03 15:54:54,863:INFO:Defining folds
2026-01-03 15:54:54,863:INFO:Declaring metric variables
2026-01-03 15:54:54,876:INFO:Importing untrained model
2026-01-03 15:54:54,889:INFO:Linear Regression Imported successfully
2026-01-03 15:54:54,913:INFO:Starting cross validation
2026-01-03 15:54:54,925:INFO:Cross validating with KFold(n_splits=10, random_state=None, shuffle=False), n_jobs=-1
2026-01-03 15:54:58,222:WARNING:/home/ilyandho/.local/share/mamba/envs/pycaret/lib/python3.10/site-packages/_distutils_hack/__init__.py:30: UserWarning: Setuptools is replacing distutils. Support for replacing an already imported distutils is deprecated. In the future, this condition will fail. Register concerns at https://github.com/pypa/setuptools/issues/new?template=distutils-deprecation.yml
  warnings.warn(

2026-01-03 15:54:58,898:WARNING:/home/ilyandho/.local/share/mamba/envs/pycaret/lib/python3.10/site-packages/_distutils_hack/__init__.py:30: UserWarning: Setuptools is replacing distutils. Support for replacing an already imported distutils is deprecated. In the future, this condition will fail. Register concerns at https://github.com/pypa/setuptools/issues/new?template=distutils-deprecation.yml
  warnings.warn(

2026-01-03 15:54:58,984:WARNING:/home/ilyandho/.local/share/mamba/envs/pycaret/lib/python3.10/site-packages/_distutils_hack/__init__.py:30: UserWarning: Setuptools is replacing distutils. Support for replacing an already imported distutils is deprecated. In the future, this condition will fail. Register concerns at https://github.com/pypa/setuptools/issues/new?template=distutils-deprecation.yml
  warnings.warn(

2026-01-03 15:54:58,996:WARNING:/home/ilyandho/.local/share/mamba/envs/pycaret/lib/python3.10/site-packages/_distutils_hack/__init__.py:30: UserWarning: Setuptools is replacing distutils. Support for replacing an already imported distutils is deprecated. In the future, this condition will fail. Register concerns at https://github.com/pypa/setuptools/issues/new?template=distutils-deprecation.yml
  warnings.warn(

2026-01-03 15:55:01,179:INFO:Calculating mean and std
2026-01-03 15:55:01,181:INFO:Creating metrics dataframe
2026-01-03 15:55:01,187:INFO:Uploading results into container
2026-01-03 15:55:01,189:INFO:Uploading model into container now
2026-01-03 15:55:01,190:INFO:_master_model_container: 1
2026-01-03 15:55:01,190:INFO:_display_container: 2
2026-01-03 15:55:01,191:INFO:LinearRegression(n_jobs=-1)
2026-01-03 15:55:01,191:INFO:create_model() successfully completed......................................
2026-01-03 15:55:01,292:INFO:SubProcess create_model() end ==================================
2026-01-03 15:55:01,293:INFO:Creating metrics dataframe
2026-01-03 15:55:01,300:INFO:Initializing Lasso Regression
2026-01-03 15:55:01,300:INFO:Total runtime is 0.1090283989906311 minutes
2026-01-03 15:55:01,309:INFO:SubProcess create_model() called ==================================
2026-01-03 15:55:01,309:INFO:Initializing create_model()
2026-01-03 15:55:01,310:INFO:create_model(self=<pycaret.regression.oop.RegressionExperiment object at 0x7f8e858bdde0>, estimator=lasso, fold=KFold(n_splits=10, random_state=None, shuffle=False), round=4, cross_validation=True, predict=True, fit_kwargs={}, groups=None, refit=False, probability_threshold=None, experiment_custom_tags=None, verbose=False, system=False, add_to_model_list=True, metrics=None, display=<pycaret.internal.display.display.CommonDisplay object at 0x7f8e85971210>, model_only=True, return_train_score=False, error_score=0.0, kwargs={})
2026-01-03 15:55:01,310:INFO:Checking exceptions
2026-01-03 15:55:01,310:INFO:Importing libraries
2026-01-03 15:55:01,310:INFO:Copying training dataset
2026-01-03 15:55:01,391:INFO:Defining folds
2026-01-03 15:55:01,391:INFO:Declaring metric variables
2026-01-03 15:55:01,403:INFO:Importing untrained model
2026-01-03 15:55:01,414:INFO:Lasso Regression Imported successfully
2026-01-03 15:55:01,439:INFO:Starting cross validation
2026-01-03 15:55:01,444:INFO:Cross validating with KFold(n_splits=10, random_state=None, shuffle=False), n_jobs=-1
2026-01-03 15:55:02,598:WARNING:/home/ilyandho/.local/share/mamba/envs/pycaret/lib/python3.10/site-packages/sklearn/linear_model/_coordinate_descent.py:678: ConvergenceWarning: Objective did not converge. You might want to increase the number of iterations, check the scale of the features or consider increasing regularisation. Duality gap: 4.229e+01, tolerance: 1.401e+00
  model = cd_fast.enet_coordinate_descent(

2026-01-03 15:55:03,063:WARNING:/home/ilyandho/.local/share/mamba/envs/pycaret/lib/python3.10/site-packages/sklearn/linear_model/_coordinate_descent.py:678: ConvergenceWarning: Objective did not converge. You might want to increase the number of iterations, check the scale of the features or consider increasing regularisation. Duality gap: 4.578e+01, tolerance: 1.429e+00
  model = cd_fast.enet_coordinate_descent(

2026-01-03 15:55:03,279:WARNING:/home/ilyandho/.local/share/mamba/envs/pycaret/lib/python3.10/site-packages/sklearn/linear_model/_coordinate_descent.py:678: ConvergenceWarning: Objective did not converge. You might want to increase the number of iterations, check the scale of the features or consider increasing regularisation. Duality gap: 4.276e+01, tolerance: 1.422e+00
  model = cd_fast.enet_coordinate_descent(

2026-01-03 15:55:03,611:WARNING:/home/ilyandho/.local/share/mamba/envs/pycaret/lib/python3.10/site-packages/sklearn/linear_model/_coordinate_descent.py:678: ConvergenceWarning: Objective did not converge. You might want to increase the number of iterations, check the scale of the features or consider increasing regularisation. Duality gap: 4.888e+01, tolerance: 1.377e+00
  model = cd_fast.enet_coordinate_descent(

2026-01-03 15:55:03,861:WARNING:/home/ilyandho/.local/share/mamba/envs/pycaret/lib/python3.10/site-packages/sklearn/linear_model/_coordinate_descent.py:678: ConvergenceWarning: Objective did not converge. You might want to increase the number of iterations, check the scale of the features or consider increasing regularisation. Duality gap: 4.706e+01, tolerance: 1.400e+00
  model = cd_fast.enet_coordinate_descent(

2026-01-03 15:55:04,636:WARNING:/home/ilyandho/.local/share/mamba/envs/pycaret/lib/python3.10/site-packages/sklearn/linear_model/_coordinate_descent.py:678: ConvergenceWarning: Objective did not converge. You might want to increase the number of iterations, check the scale of the features or consider increasing regularisation. Duality gap: 4.626e+01, tolerance: 1.380e+00
  model = cd_fast.enet_coordinate_descent(

2026-01-03 15:55:04,922:WARNING:/home/ilyandho/.local/share/mamba/envs/pycaret/lib/python3.10/site-packages/sklearn/linear_model/_coordinate_descent.py:678: ConvergenceWarning: Objective did not converge. You might want to increase the number of iterations, check the scale of the features or consider increasing regularisation. Duality gap: 4.326e+01, tolerance: 1.395e+00
  model = cd_fast.enet_coordinate_descent(

2026-01-03 15:55:05,376:WARNING:/home/ilyandho/.local/share/mamba/envs/pycaret/lib/python3.10/site-packages/sklearn/linear_model/_coordinate_descent.py:678: ConvergenceWarning: Objective did not converge. You might want to increase the number of iterations, check the scale of the features or consider increasing regularisation. Duality gap: 4.467e+01, tolerance: 1.444e+00
  model = cd_fast.enet_coordinate_descent(

2026-01-03 15:55:05,392:WARNING:/home/ilyandho/.local/share/mamba/envs/pycaret/lib/python3.10/site-packages/sklearn/linear_model/_coordinate_descent.py:678: ConvergenceWarning: Objective did not converge. You might want to increase the number of iterations, check the scale of the features or consider increasing regularisation. Duality gap: 4.389e+01, tolerance: 1.423e+00
  model = cd_fast.enet_coordinate_descent(

2026-01-03 15:55:05,953:WARNING:/home/ilyandho/.local/share/mamba/envs/pycaret/lib/python3.10/site-packages/sklearn/linear_model/_coordinate_descent.py:678: ConvergenceWarning: Objective did not converge. You might want to increase the number of iterations, check the scale of the features or consider increasing regularisation. Duality gap: 4.476e+01, tolerance: 1.443e+00
  model = cd_fast.enet_coordinate_descent(

2026-01-03 15:55:06,001:INFO:Calculating mean and std
2026-01-03 15:55:06,003:INFO:Creating metrics dataframe
2026-01-03 15:55:06,005:INFO:Uploading results into container
2026-01-03 15:55:06,005:INFO:Uploading model into container now
2026-01-03 15:55:06,006:INFO:_master_model_container: 2
2026-01-03 15:55:06,006:INFO:_display_container: 2
2026-01-03 15:55:06,006:INFO:Lasso(random_state=6757)
2026-01-03 15:55:06,006:INFO:create_model() successfully completed......................................
2026-01-03 15:55:06,082:INFO:SubProcess create_model() end ==================================
2026-01-03 15:55:06,082:INFO:Creating metrics dataframe
2026-01-03 15:55:06,097:INFO:Initializing Ridge Regression
2026-01-03 15:55:06,097:INFO:Total runtime is 0.18896851539611817 minutes
2026-01-03 15:55:06,108:INFO:SubProcess create_model() called ==================================
2026-01-03 15:55:06,108:INFO:Initializing create_model()
2026-01-03 15:55:06,108:INFO:create_model(self=<pycaret.regression.oop.RegressionExperiment object at 0x7f8e858bdde0>, estimator=ridge, fold=KFold(n_splits=10, random_state=None, shuffle=False), round=4, cross_validation=True, predict=True, fit_kwargs={}, groups=None, refit=False, probability_threshold=None, experiment_custom_tags=None, verbose=False, system=False, add_to_model_list=True, metrics=None, display=<pycaret.internal.display.display.CommonDisplay object at 0x7f8e85971210>, model_only=True, return_train_score=False, error_score=0.0, kwargs={})
2026-01-03 15:55:06,108:INFO:Checking exceptions
2026-01-03 15:55:06,108:INFO:Importing libraries
2026-01-03 15:55:06,108:INFO:Copying training dataset
2026-01-03 15:55:06,181:INFO:Defining folds
2026-01-03 15:55:06,181:INFO:Declaring metric variables
2026-01-03 15:55:06,194:INFO:Importing untrained model
2026-01-03 15:55:06,206:INFO:Ridge Regression Imported successfully
2026-01-03 15:55:06,228:INFO:Starting cross validation
2026-01-03 15:55:06,237:INFO:Cross validating with KFold(n_splits=10, random_state=None, shuffle=False), n_jobs=-1
2026-01-03 15:55:07,126:WARNING:/home/ilyandho/.local/share/mamba/envs/pycaret/lib/python3.10/site-packages/sklearn/linear_model/_ridge.py:204: LinAlgWarning: Ill-conditioned matrix (rcond=1.7094e-16): result may not be accurate.
  return linalg.solve(A, Xy, assume_a="pos", overwrite_a=True).T

2026-01-03 15:55:08,684:INFO:Calculating mean and std
2026-01-03 15:55:08,685:INFO:Creating metrics dataframe
2026-01-03 15:55:08,688:INFO:Uploading results into container
2026-01-03 15:55:08,689:INFO:Uploading model into container now
2026-01-03 15:55:08,691:INFO:_master_model_container: 3
2026-01-03 15:55:08,691:INFO:_display_container: 2
2026-01-03 15:55:08,692:INFO:Ridge(random_state=6757)
2026-01-03 15:55:08,692:INFO:create_model() successfully completed......................................
2026-01-03 15:55:08,768:INFO:SubProcess create_model() end ==================================
2026-01-03 15:55:08,769:INFO:Creating metrics dataframe
2026-01-03 15:55:08,778:INFO:Initializing Elastic Net
2026-01-03 15:55:08,778:INFO:Total runtime is 0.2336480935414632 minutes
2026-01-03 15:55:08,788:INFO:SubProcess create_model() called ==================================
2026-01-03 15:55:08,788:INFO:Initializing create_model()
2026-01-03 15:55:08,789:INFO:create_model(self=<pycaret.regression.oop.RegressionExperiment object at 0x7f8e858bdde0>, estimator=en, fold=KFold(n_splits=10, random_state=None, shuffle=False), round=4, cross_validation=True, predict=True, fit_kwargs={}, groups=None, refit=False, probability_threshold=None, experiment_custom_tags=None, verbose=False, system=False, add_to_model_list=True, metrics=None, display=<pycaret.internal.display.display.CommonDisplay object at 0x7f8e85971210>, model_only=True, return_train_score=False, error_score=0.0, kwargs={})
2026-01-03 15:55:08,789:INFO:Checking exceptions
2026-01-03 15:55:08,789:INFO:Importing libraries
2026-01-03 15:55:08,789:INFO:Copying training dataset
2026-01-03 15:55:08,853:INFO:Defining folds
2026-01-03 15:55:08,853:INFO:Declaring metric variables
2026-01-03 15:55:08,861:INFO:Importing untrained model
2026-01-03 15:55:08,874:INFO:Elastic Net Imported successfully
2026-01-03 15:55:08,901:INFO:Starting cross validation
2026-01-03 15:55:08,905:INFO:Cross validating with KFold(n_splits=10, random_state=None, shuffle=False), n_jobs=-1
2026-01-03 15:55:10,351:WARNING:/home/ilyandho/.local/share/mamba/envs/pycaret/lib/python3.10/site-packages/sklearn/linear_model/_coordinate_descent.py:678: ConvergenceWarning: Objective did not converge. You might want to increase the number of iterations, check the scale of the features or consider increasing regularisation. Duality gap: 1.151e+02, tolerance: 1.401e+00
  model = cd_fast.enet_coordinate_descent(

2026-01-03 15:55:10,711:WARNING:/home/ilyandho/.local/share/mamba/envs/pycaret/lib/python3.10/site-packages/sklearn/linear_model/_coordinate_descent.py:678: ConvergenceWarning: Objective did not converge. You might want to increase the number of iterations, check the scale of the features or consider increasing regularisation. Duality gap: 4.357e+01, tolerance: 1.422e+00
  model = cd_fast.enet_coordinate_descent(

2026-01-03 15:55:10,728:WARNING:/home/ilyandho/.local/share/mamba/envs/pycaret/lib/python3.10/site-packages/sklearn/linear_model/_coordinate_descent.py:678: ConvergenceWarning: Objective did not converge. You might want to increase the number of iterations, check the scale of the features or consider increasing regularisation. Duality gap: 4.727e+01, tolerance: 1.429e+00
  model = cd_fast.enet_coordinate_descent(

2026-01-03 15:55:10,907:WARNING:/home/ilyandho/.local/share/mamba/envs/pycaret/lib/python3.10/site-packages/sklearn/linear_model/_coordinate_descent.py:678: ConvergenceWarning: Objective did not converge. You might want to increase the number of iterations, check the scale of the features or consider increasing regularisation. Duality gap: 4.888e+01, tolerance: 1.377e+00
  model = cd_fast.enet_coordinate_descent(

2026-01-03 15:55:12,228:WARNING:/home/ilyandho/.local/share/mamba/envs/pycaret/lib/python3.10/site-packages/sklearn/linear_model/_coordinate_descent.py:678: ConvergenceWarning: Objective did not converge. You might want to increase the number of iterations, check the scale of the features or consider increasing regularisation. Duality gap: 4.385e+01, tolerance: 1.400e+00
  model = cd_fast.enet_coordinate_descent(

2026-01-03 15:55:12,375:WARNING:/home/ilyandho/.local/share/mamba/envs/pycaret/lib/python3.10/site-packages/sklearn/linear_model/_coordinate_descent.py:678: ConvergenceWarning: Objective did not converge. You might want to increase the number of iterations, check the scale of the features or consider increasing regularisation. Duality gap: 4.259e+01, tolerance: 1.423e+00
  model = cd_fast.enet_coordinate_descent(

2026-01-03 15:55:12,833:WARNING:/home/ilyandho/.local/share/mamba/envs/pycaret/lib/python3.10/site-packages/sklearn/linear_model/_coordinate_descent.py:678: ConvergenceWarning: Objective did not converge. You might want to increase the number of iterations, check the scale of the features or consider increasing regularisation. Duality gap: 4.373e+01, tolerance: 1.395e+00
  model = cd_fast.enet_coordinate_descent(

2026-01-03 15:55:12,854:WARNING:/home/ilyandho/.local/share/mamba/envs/pycaret/lib/python3.10/site-packages/sklearn/linear_model/_coordinate_descent.py:678: ConvergenceWarning: Objective did not converge. You might want to increase the number of iterations, check the scale of the features or consider increasing regularisation. Duality gap: 4.790e+01, tolerance: 1.380e+00
  model = cd_fast.enet_coordinate_descent(

2026-01-03 15:55:13,649:WARNING:/home/ilyandho/.local/share/mamba/envs/pycaret/lib/python3.10/site-packages/sklearn/linear_model/_coordinate_descent.py:678: ConvergenceWarning: Objective did not converge. You might want to increase the number of iterations, check the scale of the features or consider increasing regularisation. Duality gap: 4.435e+01, tolerance: 1.443e+00
  model = cd_fast.enet_coordinate_descent(

2026-01-03 15:55:13,707:WARNING:/home/ilyandho/.local/share/mamba/envs/pycaret/lib/python3.10/site-packages/sklearn/linear_model/_coordinate_descent.py:678: ConvergenceWarning: Objective did not converge. You might want to increase the number of iterations, check the scale of the features or consider increasing regularisation. Duality gap: 4.517e+01, tolerance: 1.444e+00
  model = cd_fast.enet_coordinate_descent(

2026-01-03 15:55:13,766:INFO:Calculating mean and std
2026-01-03 15:55:13,767:INFO:Creating metrics dataframe
2026-01-03 15:55:13,769:INFO:Uploading results into container
2026-01-03 15:55:13,769:INFO:Uploading model into container now
2026-01-03 15:55:13,770:INFO:_master_model_container: 4
2026-01-03 15:55:13,770:INFO:_display_container: 2
2026-01-03 15:55:13,770:INFO:ElasticNet(random_state=6757)
2026-01-03 15:55:13,770:INFO:create_model() successfully completed......................................
2026-01-03 15:55:13,844:INFO:SubProcess create_model() end ==================================
2026-01-03 15:55:13,844:INFO:Creating metrics dataframe
2026-01-03 15:55:13,857:INFO:Initializing Least Angle Regression
2026-01-03 15:55:13,858:INFO:Total runtime is 0.3183203895886739 minutes
2026-01-03 15:55:13,871:INFO:SubProcess create_model() called ==================================
2026-01-03 15:55:13,872:INFO:Initializing create_model()
2026-01-03 15:55:13,872:INFO:create_model(self=<pycaret.regression.oop.RegressionExperiment object at 0x7f8e858bdde0>, estimator=lar, fold=KFold(n_splits=10, random_state=None, shuffle=False), round=4, cross_validation=True, predict=True, fit_kwargs={}, groups=None, refit=False, probability_threshold=None, experiment_custom_tags=None, verbose=False, system=False, add_to_model_list=True, metrics=None, display=<pycaret.internal.display.display.CommonDisplay object at 0x7f8e85971210>, model_only=True, return_train_score=False, error_score=0.0, kwargs={})
2026-01-03 15:55:13,872:INFO:Checking exceptions
2026-01-03 15:55:13,872:INFO:Importing libraries
2026-01-03 15:55:13,872:INFO:Copying training dataset
2026-01-03 15:55:13,957:INFO:Defining folds
2026-01-03 15:55:13,957:INFO:Declaring metric variables
2026-01-03 15:55:13,969:INFO:Importing untrained model
2026-01-03 15:55:13,978:INFO:Least Angle Regression Imported successfully
2026-01-03 15:55:14,004:INFO:Starting cross validation
2026-01-03 15:55:14,009:INFO:Cross validating with KFold(n_splits=10, random_state=None, shuffle=False), n_jobs=-1
2026-01-03 15:55:14,726:WARNING:/home/ilyandho/.local/share/mamba/envs/pycaret/lib/python3.10/site-packages/sklearn/linear_model/_least_angle.py:812: RuntimeWarning: overflow encountered in add
  coef[active] = prev_coef[active] + gamma_ * least_squares

2026-01-03 15:55:14,726:WARNING:/home/ilyandho/.local/share/mamba/envs/pycaret/lib/python3.10/site-packages/sklearn/linear_model/_least_angle.py:771: RuntimeWarning: overflow encountered in divide
  g1 = arrayfuncs.min_pos((C - Cov) / (AA - corr_eq_dir + tiny32))

2026-01-03 15:55:14,726:WARNING:/home/ilyandho/.local/share/mamba/envs/pycaret/lib/python3.10/site-packages/sklearn/linear_model/_least_angle.py:775: RuntimeWarning: overflow encountered in divide
  g2 = arrayfuncs.min_pos((C + Cov) / (AA + corr_eq_dir + tiny32))

2026-01-03 15:55:14,727:WARNING:/home/ilyandho/.local/share/mamba/envs/pycaret/lib/python3.10/site-packages/sklearn/linear_model/_least_angle.py:812: RuntimeWarning: overflow encountered in multiply
  coef[active] = prev_coef[active] + gamma_ * least_squares

2026-01-03 15:55:14,727:WARNING:/home/ilyandho/.local/share/mamba/envs/pycaret/lib/python3.10/site-packages/sklearn/linear_model/_least_angle.py:780: RuntimeWarning: overflow encountered in divide
  z = -coef[active] / (least_squares + tiny32)

2026-01-03 15:55:14,729:WARNING:/home/ilyandho/.local/share/mamba/envs/pycaret/lib/python3.10/site-packages/sklearn/linear_model/_least_angle.py:812: RuntimeWarning: overflow encountered in cast
  coef[active] = prev_coef[active] + gamma_ * least_squares

2026-01-03 15:55:14,800:WARNING:/home/ilyandho/.local/share/mamba/envs/pycaret/lib/python3.10/site-packages/sklearn/utils/extmath.py:208: RuntimeWarning: overflow encountered in matmul
  ret = a @ b

2026-01-03 15:55:14,800:WARNING:/home/ilyandho/.local/share/mamba/envs/pycaret/lib/python3.10/site-packages/sklearn/utils/extmath.py:208: RuntimeWarning: invalid value encountered in matmul
  ret = a @ b

2026-01-03 15:55:14,806:WARNING:/home/ilyandho/.local/share/mamba/envs/pycaret/lib/python3.10/site-packages/pycaret/internal/metrics.py:204: FitFailedWarning: Metric 'make_scorer(root_mean_squared_log_error, greater_is_better=False, response_method='predict')' failed and error score 0.0 has been returned instead. If this is a custom metric, this usually means that the error is in the metric code. Full exception below:
Traceback (most recent call last):
  File "/home/ilyandho/.local/share/mamba/envs/pycaret/lib/python3.10/site-packages/pycaret/internal/metrics.py", line 196, in _score
    return super()._score(
  File "/home/ilyandho/.local/share/mamba/envs/pycaret/lib/python3.10/site-packages/sklearn/metrics/_scorer.py", line 350, in _score
    return self._sign * self._score_func(y_true, y_pred, **scoring_kwargs)
  File "/home/ilyandho/.local/share/mamba/envs/pycaret/lib/python3.10/site-packages/pycaret/containers/metrics/regression.py", line 209, in root_mean_squared_log_error
    metrics.mean_squared_log_error(
  File "/home/ilyandho/.local/share/mamba/envs/pycaret/lib/python3.10/site-packages/sklearn/utils/_param_validation.py", line 213, in wrapper
    return func(*args, **kwargs)
  File "/home/ilyandho/.local/share/mamba/envs/pycaret/lib/python3.10/site-packages/sklearn/metrics/_regression.py", line 680, in mean_squared_log_error
    y_type, y_true, y_pred, multioutput = _check_reg_targets(
  File "/home/ilyandho/.local/share/mamba/envs/pycaret/lib/python3.10/site-packages/sklearn/metrics/_regression.py", line 104, in _check_reg_targets
    y_pred = check_array(y_pred, ensure_2d=False, dtype=dtype)
  File "/home/ilyandho/.local/share/mamba/envs/pycaret/lib/python3.10/site-packages/sklearn/utils/validation.py", line 1049, in check_array
    _assert_all_finite(
  File "/home/ilyandho/.local/share/mamba/envs/pycaret/lib/python3.10/site-packages/sklearn/utils/validation.py", line 126, in _assert_all_finite
    _assert_all_finite_element_wise(
  File "/home/ilyandho/.local/share/mamba/envs/pycaret/lib/python3.10/site-packages/sklearn/utils/validation.py", line 175, in _assert_all_finite_element_wise
    raise ValueError(msg_err)
ValueError: Input contains NaN.

  warnings.warn(

2026-01-03 15:55:14,807:WARNING:/home/ilyandho/.local/share/mamba/envs/pycaret/lib/python3.10/site-packages/pycaret/internal/metrics.py:204: FitFailedWarning: Metric 'make_scorer(mean_absolute_percentage_error, greater_is_better=False, response_method='predict')' failed and error score 0.0 has been returned instead. If this is a custom metric, this usually means that the error is in the metric code. Full exception below:
Traceback (most recent call last):
  File "/home/ilyandho/.local/share/mamba/envs/pycaret/lib/python3.10/site-packages/pycaret/internal/metrics.py", line 196, in _score
    return super()._score(
  File "/home/ilyandho/.local/share/mamba/envs/pycaret/lib/python3.10/site-packages/sklearn/metrics/_scorer.py", line 350, in _score
    return self._sign * self._score_func(y_true, y_pred, **scoring_kwargs)
  File "/home/ilyandho/.local/share/mamba/envs/pycaret/lib/python3.10/site-packages/pycaret/containers/metrics/regression.py", line 233, in mean_absolute_percentage_error
    y_type, y_true, y_pred, multioutput = _check_reg_targets(
  File "/home/ilyandho/.local/share/mamba/envs/pycaret/lib/python3.10/site-packages/sklearn/metrics/_regression.py", line 104, in _check_reg_targets
    y_pred = check_array(y_pred, ensure_2d=False, dtype=dtype)
  File "/home/ilyandho/.local/share/mamba/envs/pycaret/lib/python3.10/site-packages/sklearn/utils/validation.py", line 1049, in check_array
    _assert_all_finite(
  File "/home/ilyandho/.local/share/mamba/envs/pycaret/lib/python3.10/site-packages/sklearn/utils/validation.py", line 126, in _assert_all_finite
    _assert_all_finite_element_wise(
  File "/home/ilyandho/.local/share/mamba/envs/pycaret/lib/python3.10/site-packages/sklearn/utils/validation.py", line 175, in _assert_all_finite_element_wise
    raise ValueError(msg_err)
ValueError: Input contains NaN.

  warnings.warn(

2026-01-03 15:55:14,808:WARNING:/home/ilyandho/.local/share/mamba/envs/pycaret/lib/python3.10/site-packages/sklearn/model_selection/_validation.py:1011: UserWarning: Scoring failed. The score on this train-test partition for these parameters will be set to 0.0. Details: 
Traceback (most recent call last):
  File "/home/ilyandho/.local/share/mamba/envs/pycaret/lib/python3.10/site-packages/sklearn/metrics/_scorer.py", line 137, in __call__
    score = scorer._score(
  File "/home/ilyandho/.local/share/mamba/envs/pycaret/lib/python3.10/site-packages/sklearn/metrics/_scorer.py", line 350, in _score
    return self._sign * self._score_func(y_true, y_pred, **scoring_kwargs)
  File "/home/ilyandho/.local/share/mamba/envs/pycaret/lib/python3.10/site-packages/sklearn/utils/_param_validation.py", line 213, in wrapper
    return func(*args, **kwargs)
  File "/home/ilyandho/.local/share/mamba/envs/pycaret/lib/python3.10/site-packages/sklearn/metrics/_regression.py", line 207, in mean_absolute_error
    y_type, y_true, y_pred, multioutput = _check_reg_targets(
  File "/home/ilyandho/.local/share/mamba/envs/pycaret/lib/python3.10/site-packages/sklearn/metrics/_regression.py", line 104, in _check_reg_targets
    y_pred = check_array(y_pred, ensure_2d=False, dtype=dtype)
  File "/home/ilyandho/.local/share/mamba/envs/pycaret/lib/python3.10/site-packages/sklearn/utils/validation.py", line 1049, in check_array
    _assert_all_finite(
  File "/home/ilyandho/.local/share/mamba/envs/pycaret/lib/python3.10/site-packages/sklearn/utils/validation.py", line 126, in _assert_all_finite
    _assert_all_finite_element_wise(
  File "/home/ilyandho/.local/share/mamba/envs/pycaret/lib/python3.10/site-packages/sklearn/utils/validation.py", line 175, in _assert_all_finite_element_wise
    raise ValueError(msg_err)
ValueError: Input contains NaN.

  warnings.warn(

2026-01-03 15:55:14,808:WARNING:/home/ilyandho/.local/share/mamba/envs/pycaret/lib/python3.10/site-packages/sklearn/model_selection/_validation.py:1011: UserWarning: Scoring failed. The score on this train-test partition for these parameters will be set to 0.0. Details: 
Traceback (most recent call last):
  File "/home/ilyandho/.local/share/mamba/envs/pycaret/lib/python3.10/site-packages/sklearn/metrics/_scorer.py", line 137, in __call__
    score = scorer._score(
  File "/home/ilyandho/.local/share/mamba/envs/pycaret/lib/python3.10/site-packages/sklearn/metrics/_scorer.py", line 350, in _score
    return self._sign * self._score_func(y_true, y_pred, **scoring_kwargs)
  File "/home/ilyandho/.local/share/mamba/envs/pycaret/lib/python3.10/site-packages/sklearn/utils/_param_validation.py", line 213, in wrapper
    return func(*args, **kwargs)
  File "/home/ilyandho/.local/share/mamba/envs/pycaret/lib/python3.10/site-packages/sklearn/metrics/_regression.py", line 497, in mean_squared_error
    y_type, y_true, y_pred, multioutput = _check_reg_targets(
  File "/home/ilyandho/.local/share/mamba/envs/pycaret/lib/python3.10/site-packages/sklearn/metrics/_regression.py", line 104, in _check_reg_targets
    y_pred = check_array(y_pred, ensure_2d=False, dtype=dtype)
  File "/home/ilyandho/.local/share/mamba/envs/pycaret/lib/python3.10/site-packages/sklearn/utils/validation.py", line 1049, in check_array
    _assert_all_finite(
  File "/home/ilyandho/.local/share/mamba/envs/pycaret/lib/python3.10/site-packages/sklearn/utils/validation.py", line 126, in _assert_all_finite
    _assert_all_finite_element_wise(
  File "/home/ilyandho/.local/share/mamba/envs/pycaret/lib/python3.10/site-packages/sklearn/utils/validation.py", line 175, in _assert_all_finite_element_wise
    raise ValueError(msg_err)
ValueError: Input contains NaN.

  warnings.warn(

2026-01-03 15:55:14,808:WARNING:/home/ilyandho/.local/share/mamba/envs/pycaret/lib/python3.10/site-packages/sklearn/model_selection/_validation.py:1011: UserWarning: Scoring failed. The score on this train-test partition for these parameters will be set to 0.0. Details: 
Traceback (most recent call last):
  File "/home/ilyandho/.local/share/mamba/envs/pycaret/lib/python3.10/site-packages/sklearn/metrics/_scorer.py", line 137, in __call__
    score = scorer._score(
  File "/home/ilyandho/.local/share/mamba/envs/pycaret/lib/python3.10/site-packages/sklearn/metrics/_scorer.py", line 350, in _score
    return self._sign * self._score_func(y_true, y_pred, **scoring_kwargs)
  File "/home/ilyandho/.local/share/mamba/envs/pycaret/lib/python3.10/site-packages/sklearn/utils/_param_validation.py", line 213, in wrapper
    return func(*args, **kwargs)
  File "/home/ilyandho/.local/share/mamba/envs/pycaret/lib/python3.10/site-packages/sklearn/metrics/_regression.py", line 572, in root_mean_squared_error
    mean_squared_error(
  File "/home/ilyandho/.local/share/mamba/envs/pycaret/lib/python3.10/site-packages/sklearn/utils/_param_validation.py", line 186, in wrapper
    return func(*args, **kwargs)
  File "/home/ilyandho/.local/share/mamba/envs/pycaret/lib/python3.10/site-packages/sklearn/metrics/_regression.py", line 497, in mean_squared_error
    y_type, y_true, y_pred, multioutput = _check_reg_targets(
  File "/home/ilyandho/.local/share/mamba/envs/pycaret/lib/python3.10/site-packages/sklearn/metrics/_regression.py", line 104, in _check_reg_targets
    y_pred = check_array(y_pred, ensure_2d=False, dtype=dtype)
  File "/home/ilyandho/.local/share/mamba/envs/pycaret/lib/python3.10/site-packages/sklearn/utils/validation.py", line 1049, in check_array
    _assert_all_finite(
  File "/home/ilyandho/.local/share/mamba/envs/pycaret/lib/python3.10/site-packages/sklearn/utils/validation.py", line 126, in _assert_all_finite
    _assert_all_finite_element_wise(
  File "/home/ilyandho/.local/share/mamba/envs/pycaret/lib/python3.10/site-packages/sklearn/utils/validation.py", line 175, in _assert_all_finite_element_wise
    raise ValueError(msg_err)
ValueError: Input contains NaN.

  warnings.warn(

2026-01-03 15:55:14,808:WARNING:/home/ilyandho/.local/share/mamba/envs/pycaret/lib/python3.10/site-packages/sklearn/model_selection/_validation.py:1011: UserWarning: Scoring failed. The score on this train-test partition for these parameters will be set to 0.0. Details: 
Traceback (most recent call last):
  File "/home/ilyandho/.local/share/mamba/envs/pycaret/lib/python3.10/site-packages/sklearn/metrics/_scorer.py", line 137, in __call__
    score = scorer._score(
  File "/home/ilyandho/.local/share/mamba/envs/pycaret/lib/python3.10/site-packages/sklearn/metrics/_scorer.py", line 350, in _score
    return self._sign * self._score_func(y_true, y_pred, **scoring_kwargs)
  File "/home/ilyandho/.local/share/mamba/envs/pycaret/lib/python3.10/site-packages/sklearn/utils/_param_validation.py", line 213, in wrapper
    return func(*args, **kwargs)
  File "/home/ilyandho/.local/share/mamba/envs/pycaret/lib/python3.10/site-packages/sklearn/metrics/_regression.py", line 1180, in r2_score
    y_type, y_true, y_pred, multioutput = _check_reg_targets(
  File "/home/ilyandho/.local/share/mamba/envs/pycaret/lib/python3.10/site-packages/sklearn/metrics/_regression.py", line 104, in _check_reg_targets
    y_pred = check_array(y_pred, ensure_2d=False, dtype=dtype)
  File "/home/ilyandho/.local/share/mamba/envs/pycaret/lib/python3.10/site-packages/sklearn/utils/validation.py", line 1049, in check_array
    _assert_all_finite(
  File "/home/ilyandho/.local/share/mamba/envs/pycaret/lib/python3.10/site-packages/sklearn/utils/validation.py", line 126, in _assert_all_finite
    _assert_all_finite_element_wise(
  File "/home/ilyandho/.local/share/mamba/envs/pycaret/lib/python3.10/site-packages/sklearn/utils/validation.py", line 175, in _assert_all_finite_element_wise
    raise ValueError(msg_err)
ValueError: Input contains NaN.

  warnings.warn(

2026-01-03 15:55:16,489:INFO:Calculating mean and std
2026-01-03 15:55:16,491:INFO:Creating metrics dataframe
2026-01-03 15:55:16,493:INFO:Uploading results into container
2026-01-03 15:55:16,493:INFO:Uploading model into container now
2026-01-03 15:55:16,494:INFO:_master_model_container: 5
2026-01-03 15:55:16,494:INFO:_display_container: 2
2026-01-03 15:55:16,494:INFO:Lars(random_state=6757)
2026-01-03 15:55:16,494:INFO:create_model() successfully completed......................................
2026-01-03 15:55:16,569:INFO:SubProcess create_model() end ==================================
2026-01-03 15:55:16,569:INFO:Creating metrics dataframe
2026-01-03 15:55:16,586:INFO:Initializing Lasso Least Angle Regression
2026-01-03 15:55:16,587:INFO:Total runtime is 0.36379839181900026 minutes
2026-01-03 15:55:16,596:INFO:SubProcess create_model() called ==================================
2026-01-03 15:55:16,596:INFO:Initializing create_model()
2026-01-03 15:55:16,596:INFO:create_model(self=<pycaret.regression.oop.RegressionExperiment object at 0x7f8e858bdde0>, estimator=llar, fold=KFold(n_splits=10, random_state=None, shuffle=False), round=4, cross_validation=True, predict=True, fit_kwargs={}, groups=None, refit=False, probability_threshold=None, experiment_custom_tags=None, verbose=False, system=False, add_to_model_list=True, metrics=None, display=<pycaret.internal.display.display.CommonDisplay object at 0x7f8e85971210>, model_only=True, return_train_score=False, error_score=0.0, kwargs={})
2026-01-03 15:55:16,596:INFO:Checking exceptions
2026-01-03 15:55:16,596:INFO:Importing libraries
2026-01-03 15:55:16,597:INFO:Copying training dataset
2026-01-03 15:55:16,666:INFO:Defining folds
2026-01-03 15:55:16,666:INFO:Declaring metric variables
2026-01-03 15:55:16,676:INFO:Importing untrained model
2026-01-03 15:55:16,688:INFO:Lasso Least Angle Regression Imported successfully
2026-01-03 15:55:16,710:INFO:Starting cross validation
2026-01-03 15:55:16,715:INFO:Cross validating with KFold(n_splits=10, random_state=None, shuffle=False), n_jobs=-1
2026-01-03 15:55:19,336:INFO:Calculating mean and std
2026-01-03 15:55:19,337:INFO:Creating metrics dataframe
2026-01-03 15:55:19,339:INFO:Uploading results into container
2026-01-03 15:55:19,340:INFO:Uploading model into container now
2026-01-03 15:55:19,340:INFO:_master_model_container: 6
2026-01-03 15:55:19,340:INFO:_display_container: 2
2026-01-03 15:55:19,341:INFO:LassoLars(random_state=6757)
2026-01-03 15:55:19,342:INFO:create_model() successfully completed......................................
2026-01-03 15:55:19,420:INFO:SubProcess create_model() end ==================================
2026-01-03 15:55:19,420:INFO:Creating metrics dataframe
2026-01-03 15:55:19,431:INFO:Initializing Orthogonal Matching Pursuit
2026-01-03 15:55:19,432:INFO:Total runtime is 0.4112163106600444 minutes
2026-01-03 15:55:19,440:INFO:SubProcess create_model() called ==================================
2026-01-03 15:55:19,441:INFO:Initializing create_model()
2026-01-03 15:55:19,441:INFO:create_model(self=<pycaret.regression.oop.RegressionExperiment object at 0x7f8e858bdde0>, estimator=omp, fold=KFold(n_splits=10, random_state=None, shuffle=False), round=4, cross_validation=True, predict=True, fit_kwargs={}, groups=None, refit=False, probability_threshold=None, experiment_custom_tags=None, verbose=False, system=False, add_to_model_list=True, metrics=None, display=<pycaret.internal.display.display.CommonDisplay object at 0x7f8e85971210>, model_only=True, return_train_score=False, error_score=0.0, kwargs={})
2026-01-03 15:55:19,441:INFO:Checking exceptions
2026-01-03 15:55:19,441:INFO:Importing libraries
2026-01-03 15:55:19,441:INFO:Copying training dataset
2026-01-03 15:55:19,504:INFO:Defining folds
2026-01-03 15:55:19,505:INFO:Declaring metric variables
2026-01-03 15:55:19,517:INFO:Importing untrained model
2026-01-03 15:55:19,527:INFO:Orthogonal Matching Pursuit Imported successfully
2026-01-03 15:55:19,550:INFO:Starting cross validation
2026-01-03 15:55:19,555:INFO:Cross validating with KFold(n_splits=10, random_state=None, shuffle=False), n_jobs=-1
2026-01-03 15:55:21,768:INFO:Calculating mean and std
2026-01-03 15:55:21,769:INFO:Creating metrics dataframe
2026-01-03 15:55:21,771:INFO:Uploading results into container
2026-01-03 15:55:21,772:INFO:Uploading model into container now
2026-01-03 15:55:21,772:INFO:_master_model_container: 7
2026-01-03 15:55:21,772:INFO:_display_container: 2
2026-01-03 15:55:21,773:INFO:OrthogonalMatchingPursuit()
2026-01-03 15:55:21,773:INFO:create_model() successfully completed......................................
2026-01-03 15:55:21,852:INFO:SubProcess create_model() end ==================================
2026-01-03 15:55:21,852:INFO:Creating metrics dataframe
2026-01-03 15:55:21,864:INFO:Initializing Bayesian Ridge
2026-01-03 15:55:21,864:INFO:Total runtime is 0.4517570694287618 minutes
2026-01-03 15:55:21,872:INFO:SubProcess create_model() called ==================================
2026-01-03 15:55:21,873:INFO:Initializing create_model()
2026-01-03 15:55:21,873:INFO:create_model(self=<pycaret.regression.oop.RegressionExperiment object at 0x7f8e858bdde0>, estimator=br, fold=KFold(n_splits=10, random_state=None, shuffle=False), round=4, cross_validation=True, predict=True, fit_kwargs={}, groups=None, refit=False, probability_threshold=None, experiment_custom_tags=None, verbose=False, system=False, add_to_model_list=True, metrics=None, display=<pycaret.internal.display.display.CommonDisplay object at 0x7f8e85971210>, model_only=True, return_train_score=False, error_score=0.0, kwargs={})
2026-01-03 15:55:21,873:INFO:Checking exceptions
2026-01-03 15:55:21,873:INFO:Importing libraries
2026-01-03 15:55:21,873:INFO:Copying training dataset
2026-01-03 15:55:21,934:INFO:Defining folds
2026-01-03 15:55:21,934:INFO:Declaring metric variables
2026-01-03 15:55:21,944:INFO:Importing untrained model
2026-01-03 15:55:21,958:INFO:Bayesian Ridge Imported successfully
2026-01-03 15:55:21,983:INFO:Starting cross validation
2026-01-03 15:55:21,987:INFO:Cross validating with KFold(n_splits=10, random_state=None, shuffle=False), n_jobs=-1
2026-01-03 15:55:24,737:INFO:Calculating mean and std
2026-01-03 15:55:24,738:INFO:Creating metrics dataframe
2026-01-03 15:55:24,741:INFO:Uploading results into container
2026-01-03 15:55:24,742:INFO:Uploading model into container now
2026-01-03 15:55:24,743:INFO:_master_model_container: 8
2026-01-03 15:55:24,743:INFO:_display_container: 2
2026-01-03 15:55:24,744:INFO:BayesianRidge()
2026-01-03 15:55:24,745:INFO:create_model() successfully completed......................................
2026-01-03 15:55:24,819:INFO:SubProcess create_model() end ==================================
2026-01-03 15:55:24,819:INFO:Creating metrics dataframe
2026-01-03 15:55:24,830:INFO:Initializing Passive Aggressive Regressor
2026-01-03 15:55:24,830:INFO:Total runtime is 0.5011852860450745 minutes
2026-01-03 15:55:24,840:INFO:SubProcess create_model() called ==================================
2026-01-03 15:55:24,841:INFO:Initializing create_model()
2026-01-03 15:55:24,841:INFO:create_model(self=<pycaret.regression.oop.RegressionExperiment object at 0x7f8e858bdde0>, estimator=par, fold=KFold(n_splits=10, random_state=None, shuffle=False), round=4, cross_validation=True, predict=True, fit_kwargs={}, groups=None, refit=False, probability_threshold=None, experiment_custom_tags=None, verbose=False, system=False, add_to_model_list=True, metrics=None, display=<pycaret.internal.display.display.CommonDisplay object at 0x7f8e85971210>, model_only=True, return_train_score=False, error_score=0.0, kwargs={})
2026-01-03 15:55:24,841:INFO:Checking exceptions
2026-01-03 15:55:24,841:INFO:Importing libraries
2026-01-03 15:55:24,841:INFO:Copying training dataset
2026-01-03 15:55:24,904:INFO:Defining folds
2026-01-03 15:55:24,904:INFO:Declaring metric variables
2026-01-03 15:55:24,914:INFO:Importing untrained model
2026-01-03 15:55:24,924:INFO:Passive Aggressive Regressor Imported successfully
2026-01-03 15:55:24,949:INFO:Starting cross validation
2026-01-03 15:55:24,954:INFO:Cross validating with KFold(n_splits=10, random_state=None, shuffle=False), n_jobs=-1
2026-01-03 15:55:27,589:INFO:Calculating mean and std
2026-01-03 15:55:27,590:INFO:Creating metrics dataframe
2026-01-03 15:55:27,592:INFO:Uploading results into container
2026-01-03 15:55:27,593:INFO:Uploading model into container now
2026-01-03 15:55:27,594:INFO:_master_model_container: 9
2026-01-03 15:55:27,594:INFO:_display_container: 2
2026-01-03 15:55:27,595:INFO:PassiveAggressiveRegressor(random_state=6757)
2026-01-03 15:55:27,596:INFO:create_model() successfully completed......................................
2026-01-03 15:55:27,671:INFO:SubProcess create_model() end ==================================
2026-01-03 15:55:27,671:INFO:Creating metrics dataframe
2026-01-03 15:55:27,683:INFO:Initializing Huber Regressor
2026-01-03 15:55:27,684:INFO:Total runtime is 0.5487491289774578 minutes
2026-01-03 15:55:27,691:INFO:SubProcess create_model() called ==================================
2026-01-03 15:55:27,692:INFO:Initializing create_model()
2026-01-03 15:55:27,692:INFO:create_model(self=<pycaret.regression.oop.RegressionExperiment object at 0x7f8e858bdde0>, estimator=huber, fold=KFold(n_splits=10, random_state=None, shuffle=False), round=4, cross_validation=True, predict=True, fit_kwargs={}, groups=None, refit=False, probability_threshold=None, experiment_custom_tags=None, verbose=False, system=False, add_to_model_list=True, metrics=None, display=<pycaret.internal.display.display.CommonDisplay object at 0x7f8e85971210>, model_only=True, return_train_score=False, error_score=0.0, kwargs={})
2026-01-03 15:55:27,692:INFO:Checking exceptions
2026-01-03 15:55:27,692:INFO:Importing libraries
2026-01-03 15:55:27,692:INFO:Copying training dataset
2026-01-03 15:55:27,750:INFO:Defining folds
2026-01-03 15:55:27,750:INFO:Declaring metric variables
2026-01-03 15:55:27,761:INFO:Importing untrained model
2026-01-03 15:55:27,771:INFO:Huber Regressor Imported successfully
2026-01-03 15:55:27,794:INFO:Starting cross validation
2026-01-03 15:55:27,799:INFO:Cross validating with KFold(n_splits=10, random_state=None, shuffle=False), n_jobs=-1
2026-01-03 15:55:31,847:INFO:Calculating mean and std
2026-01-03 15:55:31,848:INFO:Creating metrics dataframe
2026-01-03 15:55:31,850:INFO:Uploading results into container
2026-01-03 15:55:31,851:INFO:Uploading model into container now
2026-01-03 15:55:31,851:INFO:_master_model_container: 10
2026-01-03 15:55:31,851:INFO:_display_container: 2
2026-01-03 15:55:31,852:INFO:HuberRegressor()
2026-01-03 15:55:31,852:INFO:create_model() successfully completed......................................
2026-01-03 15:55:31,923:INFO:SubProcess create_model() end ==================================
2026-01-03 15:55:31,923:INFO:Creating metrics dataframe
2026-01-03 15:55:31,946:INFO:Initializing K Neighbors Regressor
2026-01-03 15:55:31,946:INFO:Total runtime is 0.6197900970776876 minutes
2026-01-03 15:55:31,955:INFO:SubProcess create_model() called ==================================
2026-01-03 15:55:31,955:INFO:Initializing create_model()
2026-01-03 15:55:31,956:INFO:create_model(self=<pycaret.regression.oop.RegressionExperiment object at 0x7f8e858bdde0>, estimator=knn, fold=KFold(n_splits=10, random_state=None, shuffle=False), round=4, cross_validation=True, predict=True, fit_kwargs={}, groups=None, refit=False, probability_threshold=None, experiment_custom_tags=None, verbose=False, system=False, add_to_model_list=True, metrics=None, display=<pycaret.internal.display.display.CommonDisplay object at 0x7f8e85971210>, model_only=True, return_train_score=False, error_score=0.0, kwargs={})
2026-01-03 15:55:31,956:INFO:Checking exceptions
2026-01-03 15:55:31,956:INFO:Importing libraries
2026-01-03 15:55:31,956:INFO:Copying training dataset
2026-01-03 15:55:32,027:INFO:Defining folds
2026-01-03 15:55:32,027:INFO:Declaring metric variables
2026-01-03 15:55:32,038:INFO:Importing untrained model
2026-01-03 15:55:32,048:INFO:K Neighbors Regressor Imported successfully
2026-01-03 15:55:32,068:INFO:Starting cross validation
2026-01-03 15:55:32,072:INFO:Cross validating with KFold(n_splits=10, random_state=None, shuffle=False), n_jobs=-1
2026-01-03 15:55:34,474:INFO:Calculating mean and std
2026-01-03 15:55:34,476:INFO:Creating metrics dataframe
2026-01-03 15:55:34,479:INFO:Uploading results into container
2026-01-03 15:55:34,481:INFO:Uploading model into container now
2026-01-03 15:55:34,482:INFO:_master_model_container: 11
2026-01-03 15:55:34,482:INFO:_display_container: 2
2026-01-03 15:55:34,482:INFO:KNeighborsRegressor(n_jobs=-1)
2026-01-03 15:55:34,482:INFO:create_model() successfully completed......................................
2026-01-03 15:55:34,562:INFO:SubProcess create_model() end ==================================
2026-01-03 15:55:34,562:INFO:Creating metrics dataframe
2026-01-03 15:55:34,572:INFO:Initializing Decision Tree Regressor
2026-01-03 15:55:34,573:INFO:Total runtime is 0.6635631640752157 minutes
2026-01-03 15:55:34,583:INFO:SubProcess create_model() called ==================================
2026-01-03 15:55:34,583:INFO:Initializing create_model()
2026-01-03 15:55:34,583:INFO:create_model(self=<pycaret.regression.oop.RegressionExperiment object at 0x7f8e858bdde0>, estimator=dt, fold=KFold(n_splits=10, random_state=None, shuffle=False), round=4, cross_validation=True, predict=True, fit_kwargs={}, groups=None, refit=False, probability_threshold=None, experiment_custom_tags=None, verbose=False, system=False, add_to_model_list=True, metrics=None, display=<pycaret.internal.display.display.CommonDisplay object at 0x7f8e85971210>, model_only=True, return_train_score=False, error_score=0.0, kwargs={})
2026-01-03 15:55:34,583:INFO:Checking exceptions
2026-01-03 15:55:34,583:INFO:Importing libraries
2026-01-03 15:55:34,583:INFO:Copying training dataset
2026-01-03 15:55:34,663:INFO:Defining folds
2026-01-03 15:55:34,663:INFO:Declaring metric variables
2026-01-03 15:55:34,676:INFO:Importing untrained model
2026-01-03 15:55:34,687:INFO:Decision Tree Regressor Imported successfully
2026-01-03 15:55:34,711:INFO:Starting cross validation
2026-01-03 15:55:34,715:INFO:Cross validating with KFold(n_splits=10, random_state=None, shuffle=False), n_jobs=-1
2026-01-03 15:55:39,184:INFO:Calculating mean and std
2026-01-03 15:55:39,185:INFO:Creating metrics dataframe
2026-01-03 15:55:39,188:INFO:Uploading results into container
2026-01-03 15:55:39,188:INFO:Uploading model into container now
2026-01-03 15:55:39,189:INFO:_master_model_container: 12
2026-01-03 15:55:39,189:INFO:_display_container: 2
2026-01-03 15:55:39,190:INFO:DecisionTreeRegressor(random_state=6757)
2026-01-03 15:55:39,190:INFO:create_model() successfully completed......................................
2026-01-03 15:55:39,288:INFO:SubProcess create_model() end ==================================
2026-01-03 15:55:39,288:INFO:Creating metrics dataframe
2026-01-03 15:55:39,309:INFO:Initializing Random Forest Regressor
2026-01-03 15:55:39,309:INFO:Total runtime is 0.7425097624460856 minutes
2026-01-03 15:55:39,320:INFO:SubProcess create_model() called ==================================
2026-01-03 15:55:39,320:INFO:Initializing create_model()
2026-01-03 15:55:39,320:INFO:create_model(self=<pycaret.regression.oop.RegressionExperiment object at 0x7f8e858bdde0>, estimator=rf, fold=KFold(n_splits=10, random_state=None, shuffle=False), round=4, cross_validation=True, predict=True, fit_kwargs={}, groups=None, refit=False, probability_threshold=None, experiment_custom_tags=None, verbose=False, system=False, add_to_model_list=True, metrics=None, display=<pycaret.internal.display.display.CommonDisplay object at 0x7f8e85971210>, model_only=True, return_train_score=False, error_score=0.0, kwargs={})
2026-01-03 15:55:39,320:INFO:Checking exceptions
2026-01-03 15:55:39,321:INFO:Importing libraries
2026-01-03 15:55:39,321:INFO:Copying training dataset
2026-01-03 15:55:39,385:INFO:Defining folds
2026-01-03 15:55:39,386:INFO:Declaring metric variables
2026-01-03 15:55:39,397:INFO:Importing untrained model
2026-01-03 15:55:39,407:INFO:Random Forest Regressor Imported successfully
2026-01-03 15:55:39,428:INFO:Starting cross validation
2026-01-03 15:55:39,432:INFO:Cross validating with KFold(n_splits=10, random_state=None, shuffle=False), n_jobs=-1
2026-01-03 15:56:42,813:INFO:Calculating mean and std
2026-01-03 15:56:42,815:INFO:Creating metrics dataframe
2026-01-03 15:56:42,817:INFO:Uploading results into container
2026-01-03 15:56:42,817:INFO:Uploading model into container now
2026-01-03 15:56:42,818:INFO:_master_model_container: 13
2026-01-03 15:56:42,818:INFO:_display_container: 2
2026-01-03 15:56:42,818:INFO:RandomForestRegressor(n_jobs=-1, random_state=6757)
2026-01-03 15:56:42,818:INFO:create_model() successfully completed......................................
2026-01-03 15:56:42,898:INFO:SubProcess create_model() end ==================================
2026-01-03 15:56:42,898:INFO:Creating metrics dataframe
2026-01-03 15:56:42,916:INFO:Initializing Extra Trees Regressor
2026-01-03 15:56:42,916:INFO:Total runtime is 1.8026274601618448 minutes
2026-01-03 15:56:42,927:INFO:SubProcess create_model() called ==================================
2026-01-03 15:56:42,927:INFO:Initializing create_model()
2026-01-03 15:56:42,928:INFO:create_model(self=<pycaret.regression.oop.RegressionExperiment object at 0x7f8e858bdde0>, estimator=et, fold=KFold(n_splits=10, random_state=None, shuffle=False), round=4, cross_validation=True, predict=True, fit_kwargs={}, groups=None, refit=False, probability_threshold=None, experiment_custom_tags=None, verbose=False, system=False, add_to_model_list=True, metrics=None, display=<pycaret.internal.display.display.CommonDisplay object at 0x7f8e85971210>, model_only=True, return_train_score=False, error_score=0.0, kwargs={})
2026-01-03 15:56:42,928:INFO:Checking exceptions
2026-01-03 15:56:42,928:INFO:Importing libraries
2026-01-03 15:56:42,928:INFO:Copying training dataset
2026-01-03 15:56:42,994:INFO:Defining folds
2026-01-03 15:56:42,995:INFO:Declaring metric variables
2026-01-03 15:56:43,003:INFO:Importing untrained model
2026-01-03 15:56:43,023:INFO:Extra Trees Regressor Imported successfully
2026-01-03 15:56:43,052:INFO:Starting cross validation
2026-01-03 15:56:43,056:INFO:Cross validating with KFold(n_splits=10, random_state=None, shuffle=False), n_jobs=-1
2026-01-03 15:57:20,564:INFO:Calculating mean and std
2026-01-03 15:57:20,565:INFO:Creating metrics dataframe
2026-01-03 15:57:20,568:INFO:Uploading results into container
2026-01-03 15:57:20,569:INFO:Uploading model into container now
2026-01-03 15:57:20,570:INFO:_master_model_container: 14
2026-01-03 15:57:20,570:INFO:_display_container: 2
2026-01-03 15:57:20,571:INFO:ExtraTreesRegressor(n_jobs=-1, random_state=6757)
2026-01-03 15:57:20,571:INFO:create_model() successfully completed......................................
2026-01-03 15:57:20,642:INFO:SubProcess create_model() end ==================================
2026-01-03 15:57:20,642:INFO:Creating metrics dataframe
2026-01-03 15:57:20,654:INFO:Initializing AdaBoost Regressor
2026-01-03 15:57:20,654:INFO:Total runtime is 2.431595714886983 minutes
2026-01-03 15:57:20,662:INFO:SubProcess create_model() called ==================================
2026-01-03 15:57:20,662:INFO:Initializing create_model()
2026-01-03 15:57:20,662:INFO:create_model(self=<pycaret.regression.oop.RegressionExperiment object at 0x7f8e858bdde0>, estimator=ada, fold=KFold(n_splits=10, random_state=None, shuffle=False), round=4, cross_validation=True, predict=True, fit_kwargs={}, groups=None, refit=False, probability_threshold=None, experiment_custom_tags=None, verbose=False, system=False, add_to_model_list=True, metrics=None, display=<pycaret.internal.display.display.CommonDisplay object at 0x7f8e85971210>, model_only=True, return_train_score=False, error_score=0.0, kwargs={})
2026-01-03 15:57:20,662:INFO:Checking exceptions
2026-01-03 15:57:20,663:INFO:Importing libraries
2026-01-03 15:57:20,663:INFO:Copying training dataset
2026-01-03 15:57:20,713:INFO:Defining folds
2026-01-03 15:57:20,714:INFO:Declaring metric variables
2026-01-03 15:57:20,721:INFO:Importing untrained model
2026-01-03 15:57:20,732:INFO:AdaBoost Regressor Imported successfully
2026-01-03 15:57:20,751:INFO:Starting cross validation
2026-01-03 15:57:20,756:INFO:Cross validating with KFold(n_splits=10, random_state=None, shuffle=False), n_jobs=-1
2026-01-03 15:57:30,424:INFO:Calculating mean and std
2026-01-03 15:57:30,426:INFO:Creating metrics dataframe
2026-01-03 15:57:30,430:INFO:Uploading results into container
2026-01-03 15:57:30,431:INFO:Uploading model into container now
2026-01-03 15:57:30,431:INFO:_master_model_container: 15
2026-01-03 15:57:30,432:INFO:_display_container: 2
2026-01-03 15:57:30,432:INFO:AdaBoostRegressor(random_state=6757)
2026-01-03 15:57:30,432:INFO:create_model() successfully completed......................................
2026-01-03 15:57:30,508:INFO:SubProcess create_model() end ==================================
2026-01-03 15:57:30,509:INFO:Creating metrics dataframe
2026-01-03 15:57:30,522:INFO:Initializing Gradient Boosting Regressor
2026-01-03 15:57:30,522:INFO:Total runtime is 2.596056552728017 minutes
2026-01-03 15:57:30,532:INFO:SubProcess create_model() called ==================================
2026-01-03 15:57:30,533:INFO:Initializing create_model()
2026-01-03 15:57:30,533:INFO:create_model(self=<pycaret.regression.oop.RegressionExperiment object at 0x7f8e858bdde0>, estimator=gbr, fold=KFold(n_splits=10, random_state=None, shuffle=False), round=4, cross_validation=True, predict=True, fit_kwargs={}, groups=None, refit=False, probability_threshold=None, experiment_custom_tags=None, verbose=False, system=False, add_to_model_list=True, metrics=None, display=<pycaret.internal.display.display.CommonDisplay object at 0x7f8e85971210>, model_only=True, return_train_score=False, error_score=0.0, kwargs={})
2026-01-03 15:57:30,533:INFO:Checking exceptions
2026-01-03 15:57:30,533:INFO:Importing libraries
2026-01-03 15:57:30,533:INFO:Copying training dataset
2026-01-03 15:57:30,595:INFO:Defining folds
2026-01-03 15:57:30,596:INFO:Declaring metric variables
2026-01-03 15:57:30,604:INFO:Importing untrained model
2026-01-03 15:57:30,613:INFO:Gradient Boosting Regressor Imported successfully
2026-01-03 15:57:30,633:INFO:Starting cross validation
2026-01-03 15:57:30,636:INFO:Cross validating with KFold(n_splits=10, random_state=None, shuffle=False), n_jobs=-1
2026-01-03 15:57:48,011:INFO:Calculating mean and std
2026-01-03 15:57:48,012:INFO:Creating metrics dataframe
2026-01-03 15:57:48,014:INFO:Uploading results into container
2026-01-03 15:57:48,014:INFO:Uploading model into container now
2026-01-03 15:57:48,015:INFO:_master_model_container: 16
2026-01-03 15:57:48,015:INFO:_display_container: 2
2026-01-03 15:57:48,016:INFO:GradientBoostingRegressor(random_state=6757)
2026-01-03 15:57:48,016:INFO:create_model() successfully completed......................................
2026-01-03 15:57:48,105:INFO:SubProcess create_model() end ==================================
2026-01-03 15:57:48,105:INFO:Creating metrics dataframe
2026-01-03 15:57:48,121:INFO:Initializing Light Gradient Boosting Machine
2026-01-03 15:57:48,121:INFO:Total runtime is 2.8893727819124857 minutes
2026-01-03 15:57:48,129:INFO:SubProcess create_model() called ==================================
2026-01-03 15:57:48,129:INFO:Initializing create_model()
2026-01-03 15:57:48,130:INFO:create_model(self=<pycaret.regression.oop.RegressionExperiment object at 0x7f8e858bdde0>, estimator=lightgbm, fold=KFold(n_splits=10, random_state=None, shuffle=False), round=4, cross_validation=True, predict=True, fit_kwargs={}, groups=None, refit=False, probability_threshold=None, experiment_custom_tags=None, verbose=False, system=False, add_to_model_list=True, metrics=None, display=<pycaret.internal.display.display.CommonDisplay object at 0x7f8e85971210>, model_only=True, return_train_score=False, error_score=0.0, kwargs={})
2026-01-03 15:57:48,130:INFO:Checking exceptions
2026-01-03 15:57:48,130:INFO:Importing libraries
2026-01-03 15:57:48,130:INFO:Copying training dataset
2026-01-03 15:57:48,179:INFO:Defining folds
2026-01-03 15:57:48,180:INFO:Declaring metric variables
2026-01-03 15:57:48,188:INFO:Importing untrained model
2026-01-03 15:57:48,196:INFO:Light Gradient Boosting Machine Imported successfully
2026-01-03 15:57:48,219:INFO:Starting cross validation
2026-01-03 15:57:48,222:INFO:Cross validating with KFold(n_splits=10, random_state=None, shuffle=False), n_jobs=-1
2026-01-03 16:04:14,799:INFO:Calculating mean and std
2026-01-03 16:04:15,120:INFO:Creating metrics dataframe
2026-01-03 16:04:15,122:INFO:Uploading results into container
2026-01-03 16:04:15,123:INFO:Uploading model into container now
2026-01-03 16:04:15,123:INFO:_master_model_container: 17
2026-01-03 16:04:15,124:INFO:_display_container: 2
2026-01-03 16:04:15,124:INFO:LGBMRegressor(n_jobs=-1, random_state=6757)
2026-01-03 16:04:15,125:INFO:create_model() successfully completed......................................
2026-01-03 16:04:15,203:INFO:SubProcess create_model() end ==================================
2026-01-03 16:04:15,203:INFO:Creating metrics dataframe
2026-01-03 16:04:15,215:INFO:Initializing Dummy Regressor
2026-01-03 16:04:15,215:INFO:Total runtime is 9.340936501820881 minutes
2026-01-03 16:04:15,223:INFO:SubProcess create_model() called ==================================
2026-01-03 16:04:15,224:INFO:Initializing create_model()
2026-01-03 16:04:15,225:INFO:create_model(self=<pycaret.regression.oop.RegressionExperiment object at 0x7f8e858bdde0>, estimator=dummy, fold=KFold(n_splits=10, random_state=None, shuffle=False), round=4, cross_validation=True, predict=True, fit_kwargs={}, groups=None, refit=False, probability_threshold=None, experiment_custom_tags=None, verbose=False, system=False, add_to_model_list=True, metrics=None, display=<pycaret.internal.display.display.CommonDisplay object at 0x7f8e85971210>, model_only=True, return_train_score=False, error_score=0.0, kwargs={})
2026-01-03 16:04:15,225:INFO:Checking exceptions
2026-01-03 16:04:15,225:INFO:Importing libraries
2026-01-03 16:04:15,225:INFO:Copying training dataset
2026-01-03 16:04:15,283:INFO:Defining folds
2026-01-03 16:04:15,283:INFO:Declaring metric variables
2026-01-03 16:04:15,295:INFO:Importing untrained model
2026-01-03 16:04:15,305:INFO:Dummy Regressor Imported successfully
2026-01-03 16:04:15,330:INFO:Starting cross validation
2026-01-03 16:04:15,334:INFO:Cross validating with KFold(n_splits=10, random_state=None, shuffle=False), n_jobs=-1
2026-01-03 16:04:18,672:INFO:Calculating mean and std
2026-01-03 16:04:18,673:INFO:Creating metrics dataframe
2026-01-03 16:04:18,676:INFO:Uploading results into container
2026-01-03 16:04:18,677:INFO:Uploading model into container now
2026-01-03 16:04:18,678:INFO:_master_model_container: 18
2026-01-03 16:04:18,679:INFO:_display_container: 2
2026-01-03 16:04:18,680:INFO:DummyRegressor()
2026-01-03 16:04:18,681:INFO:create_model() successfully completed......................................
2026-01-03 16:04:18,762:INFO:SubProcess create_model() end ==================================
2026-01-03 16:04:18,762:INFO:Creating metrics dataframe
2026-01-03 16:04:18,778:WARNING:/home/ilyandho/.local/share/mamba/envs/pycaret/lib/python3.10/site-packages/pycaret/internal/pycaret_experiment/supervised_experiment.py:323: FutureWarning: Styler.applymap has been deprecated. Use Styler.map instead.
  master_display_.apply(

2026-01-03 16:04:18,810:INFO:Initializing create_model()
2026-01-03 16:04:18,811:INFO:create_model(self=<pycaret.regression.oop.RegressionExperiment object at 0x7f8e858bdde0>, estimator=LGBMRegressor(n_jobs=-1, random_state=6757), fold=KFold(n_splits=10, random_state=None, shuffle=False), round=4, cross_validation=False, predict=False, fit_kwargs={}, groups=None, refit=True, probability_threshold=None, experiment_custom_tags=None, verbose=False, system=False, add_to_model_list=True, metrics=None, display=None, model_only=True, return_train_score=False, error_score=0.0, kwargs={})
2026-01-03 16:04:18,811:INFO:Checking exceptions
2026-01-03 16:04:18,814:INFO:Importing libraries
2026-01-03 16:04:18,815:INFO:Copying training dataset
2026-01-03 16:04:18,899:INFO:Defining folds
2026-01-03 16:04:18,899:INFO:Declaring metric variables
2026-01-03 16:04:18,900:INFO:Importing untrained model
2026-01-03 16:04:18,900:INFO:Declaring custom model
2026-01-03 16:04:18,903:INFO:Light Gradient Boosting Machine Imported successfully
2026-01-03 16:04:18,908:INFO:Cross validation set to False
2026-01-03 16:04:18,908:INFO:Fitting Model
2026-01-03 16:04:19,503:INFO:[LightGBM] [Warning] Found whitespace in feature_names, replace with underlines
2026-01-03 16:04:19,506:INFO:[LightGBM] [Info] Auto-choosing row-wise multi-threading, the overhead of testing was 0.000733 seconds.
2026-01-03 16:04:19,506:INFO:You can set `force_row_wise=true` to remove the overhead.
2026-01-03 16:04:19,507:INFO:And if memory is not enough, you can set `force_col_wise=true`.
2026-01-03 16:04:19,507:INFO:[LightGBM] [Info] Total Bins 9989
2026-01-03 16:04:19,509:INFO:[LightGBM] [Info] Number of data points in the train set: 3075, number of used features: 148
2026-01-03 16:04:19,510:INFO:[LightGBM] [Info] Start training from score 3.405821
2026-01-03 16:04:19,967:INFO:LGBMRegressor(n_jobs=-1, random_state=6757)
2026-01-03 16:04:19,967:INFO:create_model() successfully completed......................................
2026-01-03 16:04:20,101:INFO:_master_model_container: 18
2026-01-03 16:04:20,101:INFO:_display_container: 2
2026-01-03 16:04:20,102:INFO:LGBMRegressor(n_jobs=-1, random_state=6757)
2026-01-03 16:04:20,103:INFO:compare_models() successfully completed......................................
2026-01-03 16:04:21,659:WARNING:/tmp/ipykernel_67919/2925878775.py:814: UserWarning: pkg_resources is deprecated as an API. See https://setuptools.pypa.io/en/latest/pkg_resources.html. The pkg_resources package is slated for removal as early as 2025-11-30. Refrain from using this package or pin to Setuptools<81.
  import pkg_resources

2026-01-03 16:07:19,721:INFO:PyCaret RegressionExperiment
2026-01-03 16:07:19,721:INFO:Logging name: reg-default-name
2026-01-03 16:07:19,721:INFO:ML Usecase: MLUsecase.REGRESSION
2026-01-03 16:07:19,721:INFO:version 3.3.2
2026-01-03 16:07:19,721:INFO:Initializing setup()
2026-01-03 16:07:19,721:INFO:self.USI: ba3f
2026-01-03 16:07:19,721:INFO:self._variable_keys: {'memory', 'X_train', 'fold_generator', 'y_test', 'X', '_available_plots', 'n_jobs_param', 'transform_target_param', 'gpu_param', 'target_param', 'log_plots_param', 'pipeline', 'gpu_n_jobs_param', 'USI', 'exp_id', 'html_param', 'data', 'logging_param', 'X_test', 'y_train', 'exp_name_log', 'fold_groups_param', 'y', 'idx', 'seed', '_ml_usecase', 'fold_shuffle_param'}
2026-01-03 16:07:19,721:INFO:Checking environment
2026-01-03 16:07:19,722:INFO:python_version: 3.10.19
2026-01-03 16:07:19,722:INFO:python_build: ('main', 'Oct 22 2025 22:29:10')
2026-01-03 16:07:19,722:INFO:machine: x86_64
2026-01-03 16:07:19,722:INFO:platform: Linux-6.17.9-arch1-1-x86_64-with-glibc2.42
2026-01-03 16:07:19,722:INFO:Memory: svmem(total=16650608640, available=5115617280, percent=69.3, used=11534991360, free=598335488, active=4701609984, inactive=9656725504, buffers=138989568, cached=6638137344, shared=1884934144, slab=649461760)
2026-01-03 16:07:19,723:INFO:Physical Core: 2
2026-01-03 16:07:19,723:INFO:Logical Core: 4
2026-01-03 16:07:19,723:INFO:Checking libraries
2026-01-03 16:07:19,723:INFO:System:
2026-01-03 16:07:19,723:INFO:    python: 3.10.19 | packaged by conda-forge | (main, Oct 22 2025, 22:29:10) [GCC 14.3.0]
2026-01-03 16:07:19,723:INFO:executable: /home/ilyandho/.local/share/mamba/envs/pycaret/bin/python
2026-01-03 16:07:19,723:INFO:   machine: Linux-6.17.9-arch1-1-x86_64-with-glibc2.42
2026-01-03 16:07:19,723:INFO:PyCaret required dependencies:
2026-01-03 16:07:19,723:INFO:                 pip: 25.3
2026-01-03 16:07:19,723:INFO:          setuptools: 80.9.0
2026-01-03 16:07:19,724:INFO:             pycaret: 3.3.2
2026-01-03 16:07:19,724:INFO:             IPython: 8.37.0
2026-01-03 16:07:19,724:INFO:          ipywidgets: 8.1.8
2026-01-03 16:07:19,724:INFO:                tqdm: 4.67.1
2026-01-03 16:07:19,724:INFO:               numpy: 1.26.4
2026-01-03 16:07:19,724:INFO:              pandas: 2.1.4
2026-01-03 16:07:19,724:INFO:              jinja2: 3.1.6
2026-01-03 16:07:19,724:INFO:               scipy: 1.11.4
2026-01-03 16:07:19,724:INFO:              joblib: 1.3.2
2026-01-03 16:07:19,724:INFO:             sklearn: 1.4.2
2026-01-03 16:07:19,724:INFO:                pyod: 2.0.6
2026-01-03 16:07:19,724:INFO:            imblearn: 0.14.1
2026-01-03 16:07:19,724:INFO:   category_encoders: 2.7.0
2026-01-03 16:07:19,724:INFO:            lightgbm: 4.6.0
2026-01-03 16:07:19,724:INFO:               numba: 0.63.1
2026-01-03 16:07:19,724:INFO:            requests: 2.32.5
2026-01-03 16:07:19,724:INFO:          matplotlib: 3.10.8
2026-01-03 16:07:19,724:INFO:          scikitplot: 0.3.7
2026-01-03 16:07:19,725:INFO:         yellowbrick: 1.5
2026-01-03 16:07:19,725:INFO:              plotly: 6.5.0
2026-01-03 16:07:19,725:INFO:    plotly-resampler: Not installed
2026-01-03 16:07:19,725:INFO:             kaleido: 0.2.1
2026-01-03 16:07:19,725:INFO:           schemdraw: 0.15
2026-01-03 16:07:19,725:INFO:         statsmodels: 0.14.6
2026-01-03 16:07:19,725:INFO:              sktime: 0.26.0
2026-01-03 16:07:19,725:INFO:               tbats: 1.1.3
2026-01-03 16:07:19,725:INFO:            pmdarima: 2.0.4
2026-01-03 16:07:19,725:INFO:              psutil: 7.2.1
2026-01-03 16:07:19,725:INFO:          markupsafe: 3.0.3
2026-01-03 16:07:19,725:INFO:             pickle5: Not installed
2026-01-03 16:07:19,725:INFO:         cloudpickle: 3.1.2
2026-01-03 16:07:19,726:INFO:         deprecation: 2.1.0
2026-01-03 16:07:19,726:INFO:              xxhash: 3.6.0
2026-01-03 16:07:19,726:INFO:           wurlitzer: 3.1.1
2026-01-03 16:07:19,726:INFO:PyCaret optional dependencies:
2026-01-03 16:07:19,726:INFO:                shap: Not installed
2026-01-03 16:07:19,726:INFO:           interpret: Not installed
2026-01-03 16:07:19,726:INFO:                umap: 0.5.9.post2
2026-01-03 16:07:19,726:INFO:     ydata_profiling: Not installed
2026-01-03 16:07:19,726:INFO:  explainerdashboard: Not installed
2026-01-03 16:07:19,726:INFO:             autoviz: Not installed
2026-01-03 16:07:19,726:INFO:           fairlearn: Not installed
2026-01-03 16:07:19,726:INFO:          deepchecks: Not installed
2026-01-03 16:07:19,726:INFO:             xgboost: Not installed
2026-01-03 16:07:19,726:INFO:            catboost: Not installed
2026-01-03 16:07:19,726:INFO:              kmodes: Not installed
2026-01-03 16:07:19,726:INFO:             mlxtend: Not installed
2026-01-03 16:07:19,727:INFO:       statsforecast: Not installed
2026-01-03 16:07:19,727:INFO:        tune_sklearn: Not installed
2026-01-03 16:07:19,727:INFO:                 ray: Not installed
2026-01-03 16:07:19,727:INFO:            hyperopt: Not installed
2026-01-03 16:07:19,727:INFO:              optuna: Not installed
2026-01-03 16:07:19,727:INFO:               skopt: Not installed
2026-01-03 16:07:19,727:INFO:              mlflow: Not installed
2026-01-03 16:07:19,727:INFO:              gradio: Not installed
2026-01-03 16:07:19,727:INFO:             fastapi: Not installed
2026-01-03 16:07:19,727:INFO:             uvicorn: Not installed
2026-01-03 16:07:19,727:INFO:              m2cgen: Not installed
2026-01-03 16:07:19,727:INFO:           evidently: Not installed
2026-01-03 16:07:19,727:INFO:               fugue: Not installed
2026-01-03 16:07:19,727:INFO:           streamlit: Not installed
2026-01-03 16:07:19,727:INFO:             prophet: Not installed
2026-01-03 16:07:19,727:INFO:None
2026-01-03 16:07:19,727:INFO:Set up data.
2026-01-03 16:07:19,842:INFO:Set up folding strategy.
2026-01-03 16:07:19,842:INFO:Set up train/test split.
2026-01-03 16:07:19,881:INFO:Set up index.
2026-01-03 16:07:19,882:INFO:Assigning column types.
2026-01-03 16:07:19,927:INFO:Engine successfully changes for model 'lr' to 'sklearn'.
2026-01-03 16:07:19,928:INFO:Engine for model 'lasso' has not been set explicitly, hence returning None.
2026-01-03 16:07:19,934:INFO:Engine for model 'ridge' has not been set explicitly, hence returning None.
2026-01-03 16:07:19,938:INFO:Engine for model 'en' has not been set explicitly, hence returning None.
2026-01-03 16:07:20,041:INFO:Engine for model 'svm' has not been set explicitly, hence returning None.
2026-01-03 16:07:20,123:INFO:Engine for model 'knn' has not been set explicitly, hence returning None.
2026-01-03 16:07:20,123:WARNING:
'xgboost' is a soft dependency and not included in the pycaret installation. Please run: `pip install xgboost` to install.
Alternately, you can install this by running `pip install pycaret[models]`
2026-01-03 16:07:20,124:WARNING:
'catboost' is a soft dependency and not included in the pycaret installation. Please run: `pip install catboost` to install.
Alternately, you can install this by running `pip install pycaret[models]`
2026-01-03 16:07:20,124:INFO:Engine for model 'lasso' has not been set explicitly, hence returning None.
2026-01-03 16:07:20,131:INFO:Engine for model 'ridge' has not been set explicitly, hence returning None.
2026-01-03 16:07:20,136:INFO:Engine for model 'en' has not been set explicitly, hence returning None.
2026-01-03 16:07:20,237:INFO:Engine for model 'svm' has not been set explicitly, hence returning None.
2026-01-03 16:07:20,291:INFO:Engine for model 'knn' has not been set explicitly, hence returning None.
2026-01-03 16:07:20,292:WARNING:
'xgboost' is a soft dependency and not included in the pycaret installation. Please run: `pip install xgboost` to install.
Alternately, you can install this by running `pip install pycaret[models]`
2026-01-03 16:07:20,292:WARNING:
'catboost' is a soft dependency and not included in the pycaret installation. Please run: `pip install catboost` to install.
Alternately, you can install this by running `pip install pycaret[models]`
2026-01-03 16:07:20,292:INFO:Engine successfully changes for model 'lasso' to 'sklearn'.
2026-01-03 16:07:20,299:INFO:Engine for model 'ridge' has not been set explicitly, hence returning None.
2026-01-03 16:07:20,303:INFO:Engine for model 'en' has not been set explicitly, hence returning None.
2026-01-03 16:07:20,412:INFO:Engine for model 'svm' has not been set explicitly, hence returning None.
2026-01-03 16:07:20,459:INFO:Engine for model 'knn' has not been set explicitly, hence returning None.
2026-01-03 16:07:20,460:WARNING:
'xgboost' is a soft dependency and not included in the pycaret installation. Please run: `pip install xgboost` to install.
Alternately, you can install this by running `pip install pycaret[models]`
2026-01-03 16:07:20,461:WARNING:
'catboost' is a soft dependency and not included in the pycaret installation. Please run: `pip install catboost` to install.
Alternately, you can install this by running `pip install pycaret[models]`
2026-01-03 16:07:20,468:INFO:Engine for model 'ridge' has not been set explicitly, hence returning None.
2026-01-03 16:07:20,472:INFO:Engine for model 'en' has not been set explicitly, hence returning None.
2026-01-03 16:07:20,562:INFO:Engine for model 'svm' has not been set explicitly, hence returning None.
2026-01-03 16:07:20,614:INFO:Engine for model 'knn' has not been set explicitly, hence returning None.
2026-01-03 16:07:20,614:WARNING:
'xgboost' is a soft dependency and not included in the pycaret installation. Please run: `pip install xgboost` to install.
Alternately, you can install this by running `pip install pycaret[models]`
2026-01-03 16:07:20,615:WARNING:
'catboost' is a soft dependency and not included in the pycaret installation. Please run: `pip install catboost` to install.
Alternately, you can install this by running `pip install pycaret[models]`
2026-01-03 16:07:20,615:INFO:Engine successfully changes for model 'ridge' to 'sklearn'.
2026-01-03 16:07:20,623:INFO:Engine for model 'en' has not been set explicitly, hence returning None.
2026-01-03 16:07:20,725:INFO:Engine for model 'svm' has not been set explicitly, hence returning None.
2026-01-03 16:07:20,785:INFO:Engine for model 'knn' has not been set explicitly, hence returning None.
2026-01-03 16:07:20,786:WARNING:
'xgboost' is a soft dependency and not included in the pycaret installation. Please run: `pip install xgboost` to install.
Alternately, you can install this by running `pip install pycaret[models]`
2026-01-03 16:07:20,786:WARNING:
'catboost' is a soft dependency and not included in the pycaret installation. Please run: `pip install catboost` to install.
Alternately, you can install this by running `pip install pycaret[models]`
2026-01-03 16:07:20,804:INFO:Engine for model 'en' has not been set explicitly, hence returning None.
2026-01-03 16:07:20,962:INFO:Engine for model 'svm' has not been set explicitly, hence returning None.
2026-01-03 16:07:21,038:INFO:Engine for model 'knn' has not been set explicitly, hence returning None.
2026-01-03 16:07:21,038:WARNING:
'xgboost' is a soft dependency and not included in the pycaret installation. Please run: `pip install xgboost` to install.
Alternately, you can install this by running `pip install pycaret[models]`
2026-01-03 16:07:21,039:WARNING:
'catboost' is a soft dependency and not included in the pycaret installation. Please run: `pip install catboost` to install.
Alternately, you can install this by running `pip install pycaret[models]`
2026-01-03 16:07:21,039:INFO:Engine successfully changes for model 'en' to 'sklearn'.
2026-01-03 16:07:21,380:INFO:Engine for model 'svm' has not been set explicitly, hence returning None.
2026-01-03 16:07:21,476:INFO:Engine for model 'knn' has not been set explicitly, hence returning None.
2026-01-03 16:07:21,478:WARNING:
'xgboost' is a soft dependency and not included in the pycaret installation. Please run: `pip install xgboost` to install.
Alternately, you can install this by running `pip install pycaret[models]`
2026-01-03 16:07:21,479:WARNING:
'catboost' is a soft dependency and not included in the pycaret installation. Please run: `pip install catboost` to install.
Alternately, you can install this by running `pip install pycaret[models]`
2026-01-03 16:07:21,585:INFO:Engine for model 'svm' has not been set explicitly, hence returning None.
2026-01-03 16:07:21,639:INFO:Engine for model 'knn' has not been set explicitly, hence returning None.
2026-01-03 16:07:21,640:WARNING:
'xgboost' is a soft dependency and not included in the pycaret installation. Please run: `pip install xgboost` to install.
Alternately, you can install this by running `pip install pycaret[models]`
2026-01-03 16:07:21,640:WARNING:
'catboost' is a soft dependency and not included in the pycaret installation. Please run: `pip install catboost` to install.
Alternately, you can install this by running `pip install pycaret[models]`
2026-01-03 16:07:21,641:INFO:Engine successfully changes for model 'knn' to 'sklearn'.
2026-01-03 16:07:21,755:INFO:Engine for model 'svm' has not been set explicitly, hence returning None.
2026-01-03 16:07:21,804:WARNING:
'xgboost' is a soft dependency and not included in the pycaret installation. Please run: `pip install xgboost` to install.
Alternately, you can install this by running `pip install pycaret[models]`
2026-01-03 16:07:21,804:WARNING:
'catboost' is a soft dependency and not included in the pycaret installation. Please run: `pip install catboost` to install.
Alternately, you can install this by running `pip install pycaret[models]`
2026-01-03 16:07:21,916:INFO:Engine for model 'svm' has not been set explicitly, hence returning None.
2026-01-03 16:07:21,977:WARNING:
'xgboost' is a soft dependency and not included in the pycaret installation. Please run: `pip install xgboost` to install.
Alternately, you can install this by running `pip install pycaret[models]`
2026-01-03 16:07:21,977:WARNING:
'catboost' is a soft dependency and not included in the pycaret installation. Please run: `pip install catboost` to install.
Alternately, you can install this by running `pip install pycaret[models]`
2026-01-03 16:07:21,978:INFO:Engine successfully changes for model 'svm' to 'sklearn'.
2026-01-03 16:07:22,147:WARNING:
'xgboost' is a soft dependency and not included in the pycaret installation. Please run: `pip install xgboost` to install.
Alternately, you can install this by running `pip install pycaret[models]`
2026-01-03 16:07:22,148:WARNING:
'catboost' is a soft dependency and not included in the pycaret installation. Please run: `pip install catboost` to install.
Alternately, you can install this by running `pip install pycaret[models]`
2026-01-03 16:07:22,321:WARNING:
'xgboost' is a soft dependency and not included in the pycaret installation. Please run: `pip install xgboost` to install.
Alternately, you can install this by running `pip install pycaret[models]`
2026-01-03 16:07:22,322:WARNING:
'catboost' is a soft dependency and not included in the pycaret installation. Please run: `pip install catboost` to install.
Alternately, you can install this by running `pip install pycaret[models]`
2026-01-03 16:07:22,322:INFO:Preparing preprocessing pipeline...
2026-01-03 16:07:22,323:INFO:Set up simple imputation.
2026-01-03 16:07:22,344:INFO:Set up encoding of ordinal features.
2026-01-03 16:07:22,361:INFO:Set up encoding of categorical features.
2026-01-03 16:07:22,361:INFO:Set up removing multicollinearity.
2026-01-03 16:07:22,367:INFO:Set up column name cleaning.
2026-01-03 16:07:22,996:INFO:Finished creating preprocessing pipeline.
2026-01-03 16:07:23,025:INFO:Pipeline: Pipeline(memory=FastMemory(location=/tmp/joblib),
         steps=[('numerical_imputer',
                 TransformerWrapper(include=['creativity', 'ict_index',
                                             'influence', 'selected', 'threat',
                                             'transfers_balance',
                                             'transfers_in', 'transfers_out',
                                             'value', 'team_h_difficulty',
                                             'team_a_difficulty',
                                             'ownership_change',
                                             'percenatge_net_transfers', 'whh',
                                             'whd', 'wha', 'round',
                                             'opponent_xgc_3',...
                                    transformer=OrdinalEncoder(cols=['team_was_home'],
                                                               handle_missing='return_nan',
                                                               mapping=[{'col': 'team_was_home',
                                                                         'data_type': dtype('O'),
                                                                         'mapping': False    0
True     1
NaN     -1
dtype: int64}]))),
                ('remove_multicollinearity',
                 TransformerWrapper(exclude=[],
                                    transformer=RemoveMulticollinearity(threshold=0.9))),
                ('clean_column_names',
                 TransformerWrapper(transformer=CleanColumnNames()))])
2026-01-03 16:07:23,025:INFO:Creating final display dataframe.
2026-01-03 16:07:23,853:INFO:Setup _display_container:                     Description             Value
0                    Session id              5999
1                        Target                xP
2                   Target type        Regression
3           Original data shape       (3844, 181)
4        Transformed data shape       (3844, 151)
5   Transformed train set shape       (3075, 151)
6    Transformed test set shape        (769, 151)
7              Numeric features               178
8          Categorical features                 1
9      Rows with missing values             10.5%
10                   Preprocess              True
11              Imputation type            simple
12           Numeric imputation              mean
13       Categorical imputation              mode
14     Maximum one-hot encoding                25
15              Encoding method              None
16     Remove multicollinearity              True
17  Multicollinearity threshold               0.9
18               Fold Generator             KFold
19                  Fold Number                10
20                     CPU Jobs                -1
21                      Use GPU             False
22               Log Experiment             False
23              Experiment Name  reg-default-name
24                          USI              ba3f
2026-01-03 16:07:24,042:WARNING:
'xgboost' is a soft dependency and not included in the pycaret installation. Please run: `pip install xgboost` to install.
Alternately, you can install this by running `pip install pycaret[models]`
2026-01-03 16:07:24,043:WARNING:
'catboost' is a soft dependency and not included in the pycaret installation. Please run: `pip install catboost` to install.
Alternately, you can install this by running `pip install pycaret[models]`
2026-01-03 16:07:24,303:WARNING:
'xgboost' is a soft dependency and not included in the pycaret installation. Please run: `pip install xgboost` to install.
Alternately, you can install this by running `pip install pycaret[models]`
2026-01-03 16:07:24,304:WARNING:
'catboost' is a soft dependency and not included in the pycaret installation. Please run: `pip install catboost` to install.
Alternately, you can install this by running `pip install pycaret[models]`
2026-01-03 16:07:24,305:INFO:setup() successfully completed in 4.59s...............
2026-01-03 16:07:24,305:INFO:Initializing compare_models()
2026-01-03 16:07:24,305:INFO:compare_models(self=<pycaret.regression.oop.RegressionExperiment object at 0x7f8e7ea1a7d0>, include=None, fold=None, round=4, cross_validation=True, sort=MAE, n_select=1, budget_time=None, turbo=True, errors=ignore, fit_kwargs=None, groups=None, experiment_custom_tags=None, probability_threshold=None, verbose=True, parallel=None, caller_params={'self': <pycaret.regression.oop.RegressionExperiment object at 0x7f8e7ea1a7d0>, 'include': None, 'exclude': None, 'fold': None, 'round': 4, 'cross_validation': True, 'sort': 'MAE', 'n_select': 1, 'budget_time': None, 'turbo': True, 'errors': 'ignore', 'fit_kwargs': None, 'groups': None, 'experiment_custom_tags': None, 'engine': None, 'verbose': True, 'parallel': None, '__class__': <class 'pycaret.regression.oop.RegressionExperiment'>}, exclude=None)
2026-01-03 16:07:24,305:INFO:Checking exceptions
2026-01-03 16:07:24,335:INFO:Preparing display monitor
2026-01-03 16:07:24,442:INFO:Initializing Linear Regression
2026-01-03 16:07:24,443:INFO:Total runtime is 4.351139068603516e-06 minutes
2026-01-03 16:07:24,457:INFO:SubProcess create_model() called ==================================
2026-01-03 16:07:24,458:INFO:Initializing create_model()
2026-01-03 16:07:24,459:INFO:create_model(self=<pycaret.regression.oop.RegressionExperiment object at 0x7f8e7ea1a7d0>, estimator=lr, fold=KFold(n_splits=10, random_state=None, shuffle=False), round=4, cross_validation=True, predict=True, fit_kwargs={}, groups=None, refit=False, probability_threshold=None, experiment_custom_tags=None, verbose=False, system=False, add_to_model_list=True, metrics=None, display=<pycaret.internal.display.display.CommonDisplay object at 0x7f8e85affe50>, model_only=True, return_train_score=False, error_score=0.0, kwargs={})
2026-01-03 16:07:24,459:INFO:Checking exceptions
2026-01-03 16:07:24,459:INFO:Importing libraries
2026-01-03 16:07:24,460:INFO:Copying training dataset
2026-01-03 16:07:24,563:INFO:Defining folds
2026-01-03 16:07:24,563:INFO:Declaring metric variables
2026-01-03 16:07:24,579:INFO:Importing untrained model
2026-01-03 16:07:24,594:INFO:Linear Regression Imported successfully
2026-01-03 16:07:24,633:INFO:Starting cross validation
2026-01-03 16:07:24,640:INFO:Cross validating with KFold(n_splits=10, random_state=None, shuffle=False), n_jobs=-1
2026-01-03 16:07:29,599:INFO:Calculating mean and std
2026-01-03 16:07:29,602:INFO:Creating metrics dataframe
2026-01-03 16:07:29,609:INFO:Uploading results into container
2026-01-03 16:07:29,611:INFO:Uploading model into container now
2026-01-03 16:07:29,612:INFO:_master_model_container: 1
2026-01-03 16:07:29,612:INFO:_display_container: 2
2026-01-03 16:07:29,613:INFO:LinearRegression(n_jobs=-1)
2026-01-03 16:07:29,613:INFO:create_model() successfully completed......................................
2026-01-03 16:07:29,942:INFO:SubProcess create_model() end ==================================
2026-01-03 16:07:29,942:INFO:Creating metrics dataframe
2026-01-03 16:07:29,991:INFO:Initializing Lasso Regression
2026-01-03 16:07:29,994:INFO:Total runtime is 0.09252417087554932 minutes
2026-01-03 16:07:30,018:INFO:SubProcess create_model() called ==================================
2026-01-03 16:07:30,019:INFO:Initializing create_model()
2026-01-03 16:07:30,020:INFO:create_model(self=<pycaret.regression.oop.RegressionExperiment object at 0x7f8e7ea1a7d0>, estimator=lasso, fold=KFold(n_splits=10, random_state=None, shuffle=False), round=4, cross_validation=True, predict=True, fit_kwargs={}, groups=None, refit=False, probability_threshold=None, experiment_custom_tags=None, verbose=False, system=False, add_to_model_list=True, metrics=None, display=<pycaret.internal.display.display.CommonDisplay object at 0x7f8e85affe50>, model_only=True, return_train_score=False, error_score=0.0, kwargs={})
2026-01-03 16:07:30,021:INFO:Checking exceptions
2026-01-03 16:07:30,021:INFO:Importing libraries
2026-01-03 16:07:30,021:INFO:Copying training dataset
2026-01-03 16:07:30,229:INFO:Defining folds
2026-01-03 16:07:30,229:INFO:Declaring metric variables
2026-01-03 16:07:30,250:INFO:Importing untrained model
2026-01-03 16:07:30,273:INFO:Lasso Regression Imported successfully
2026-01-03 16:07:30,306:INFO:Starting cross validation
2026-01-03 16:07:30,311:INFO:Cross validating with KFold(n_splits=10, random_state=None, shuffle=False), n_jobs=-1
2026-01-03 16:07:32,159:WARNING:/home/ilyandho/.local/share/mamba/envs/pycaret/lib/python3.10/site-packages/sklearn/linear_model/_coordinate_descent.py:678: ConvergenceWarning: Objective did not converge. You might want to increase the number of iterations, check the scale of the features or consider increasing regularisation. Duality gap: 5.001e+01, tolerance: 1.347e+00
  model = cd_fast.enet_coordinate_descent(

2026-01-03 16:07:32,684:WARNING:/home/ilyandho/.local/share/mamba/envs/pycaret/lib/python3.10/site-packages/sklearn/linear_model/_coordinate_descent.py:678: ConvergenceWarning: Objective did not converge. You might want to increase the number of iterations, check the scale of the features or consider increasing regularisation. Duality gap: 4.725e+01, tolerance: 1.379e+00
  model = cd_fast.enet_coordinate_descent(

2026-01-03 16:07:32,715:WARNING:/home/ilyandho/.local/share/mamba/envs/pycaret/lib/python3.10/site-packages/sklearn/linear_model/_coordinate_descent.py:678: ConvergenceWarning: Objective did not converge. You might want to increase the number of iterations, check the scale of the features or consider increasing regularisation. Duality gap: 4.542e+01, tolerance: 1.362e+00
  model = cd_fast.enet_coordinate_descent(

2026-01-03 16:07:33,530:WARNING:/home/ilyandho/.local/share/mamba/envs/pycaret/lib/python3.10/site-packages/sklearn/linear_model/_coordinate_descent.py:678: ConvergenceWarning: Objective did not converge. You might want to increase the number of iterations, check the scale of the features or consider increasing regularisation. Duality gap: 4.668e+01, tolerance: 1.369e+00
  model = cd_fast.enet_coordinate_descent(

2026-01-03 16:07:33,547:WARNING:/home/ilyandho/.local/share/mamba/envs/pycaret/lib/python3.10/site-packages/sklearn/linear_model/_coordinate_descent.py:678: ConvergenceWarning: Objective did not converge. You might want to increase the number of iterations, check the scale of the features or consider increasing regularisation. Duality gap: 5.014e+01, tolerance: 1.406e+00
  model = cd_fast.enet_coordinate_descent(

2026-01-03 16:07:34,282:WARNING:/home/ilyandho/.local/share/mamba/envs/pycaret/lib/python3.10/site-packages/sklearn/linear_model/_coordinate_descent.py:678: ConvergenceWarning: Objective did not converge. You might want to increase the number of iterations, check the scale of the features or consider increasing regularisation. Duality gap: 5.095e+01, tolerance: 1.344e+00
  model = cd_fast.enet_coordinate_descent(

2026-01-03 16:07:34,436:WARNING:/home/ilyandho/.local/share/mamba/envs/pycaret/lib/python3.10/site-packages/sklearn/linear_model/_coordinate_descent.py:678: ConvergenceWarning: Objective did not converge. You might want to increase the number of iterations, check the scale of the features or consider increasing regularisation. Duality gap: 4.878e+01, tolerance: 1.381e+00
  model = cd_fast.enet_coordinate_descent(

2026-01-03 16:07:35,267:WARNING:/home/ilyandho/.local/share/mamba/envs/pycaret/lib/python3.10/site-packages/sklearn/linear_model/_coordinate_descent.py:678: ConvergenceWarning: Objective did not converge. You might want to increase the number of iterations, check the scale of the features or consider increasing regularisation. Duality gap: 4.824e+01, tolerance: 1.379e+00
  model = cd_fast.enet_coordinate_descent(

2026-01-03 16:07:36,152:WARNING:/home/ilyandho/.local/share/mamba/envs/pycaret/lib/python3.10/site-packages/sklearn/linear_model/_coordinate_descent.py:678: ConvergenceWarning: Objective did not converge. You might want to increase the number of iterations, check the scale of the features or consider increasing regularisation. Duality gap: 4.327e+01, tolerance: 1.401e+00
  model = cd_fast.enet_coordinate_descent(

2026-01-03 16:07:37,304:WARNING:/home/ilyandho/.local/share/mamba/envs/pycaret/lib/python3.10/site-packages/sklearn/linear_model/_coordinate_descent.py:678: ConvergenceWarning: Objective did not converge. You might want to increase the number of iterations, check the scale of the features or consider increasing regularisation. Duality gap: 4.949e+01, tolerance: 1.397e+00
  model = cd_fast.enet_coordinate_descent(

2026-01-03 16:07:37,402:INFO:Calculating mean and std
2026-01-03 16:07:37,411:INFO:Creating metrics dataframe
2026-01-03 16:07:37,418:INFO:Uploading results into container
2026-01-03 16:07:37,420:INFO:Uploading model into container now
2026-01-03 16:07:37,420:INFO:_master_model_container: 2
2026-01-03 16:07:37,421:INFO:_display_container: 2
2026-01-03 16:07:37,421:INFO:Lasso(random_state=5999)
2026-01-03 16:07:37,421:INFO:create_model() successfully completed......................................
2026-01-03 16:07:37,563:INFO:SubProcess create_model() end ==================================
2026-01-03 16:07:37,568:INFO:Creating metrics dataframe
2026-01-03 16:07:37,605:INFO:Initializing Ridge Regression
2026-01-03 16:07:37,606:INFO:Total runtime is 0.21939816077550253 minutes
2026-01-03 16:07:37,633:INFO:SubProcess create_model() called ==================================
2026-01-03 16:07:37,633:INFO:Initializing create_model()
2026-01-03 16:07:37,633:INFO:create_model(self=<pycaret.regression.oop.RegressionExperiment object at 0x7f8e7ea1a7d0>, estimator=ridge, fold=KFold(n_splits=10, random_state=None, shuffle=False), round=4, cross_validation=True, predict=True, fit_kwargs={}, groups=None, refit=False, probability_threshold=None, experiment_custom_tags=None, verbose=False, system=False, add_to_model_list=True, metrics=None, display=<pycaret.internal.display.display.CommonDisplay object at 0x7f8e85affe50>, model_only=True, return_train_score=False, error_score=0.0, kwargs={})
2026-01-03 16:07:37,633:INFO:Checking exceptions
2026-01-03 16:07:37,633:INFO:Importing libraries
2026-01-03 16:07:37,633:INFO:Copying training dataset
2026-01-03 16:07:37,758:INFO:Defining folds
2026-01-03 16:07:37,758:INFO:Declaring metric variables
2026-01-03 16:07:37,770:INFO:Importing untrained model
2026-01-03 16:07:37,783:INFO:Ridge Regression Imported successfully
2026-01-03 16:07:37,808:INFO:Starting cross validation
2026-01-03 16:07:37,813:INFO:Cross validating with KFold(n_splits=10, random_state=None, shuffle=False), n_jobs=-1
2026-01-03 16:07:40,518:WARNING:/home/ilyandho/.local/share/mamba/envs/pycaret/lib/python3.10/site-packages/sklearn/linear_model/_ridge.py:204: LinAlgWarning: Ill-conditioned matrix (rcond=1.67336e-16): result may not be accurate.
  return linalg.solve(A, Xy, assume_a="pos", overwrite_a=True).T

2026-01-03 16:07:42,432:INFO:Calculating mean and std
2026-01-03 16:07:42,434:INFO:Creating metrics dataframe
2026-01-03 16:07:42,437:INFO:Uploading results into container
2026-01-03 16:07:42,438:INFO:Uploading model into container now
2026-01-03 16:07:42,440:INFO:_master_model_container: 3
2026-01-03 16:07:42,440:INFO:_display_container: 2
2026-01-03 16:07:42,441:INFO:Ridge(random_state=5999)
2026-01-03 16:07:42,441:INFO:create_model() successfully completed......................................
2026-01-03 16:07:42,549:INFO:SubProcess create_model() end ==================================
2026-01-03 16:07:42,549:INFO:Creating metrics dataframe
2026-01-03 16:07:42,561:INFO:Initializing Elastic Net
2026-01-03 16:07:42,562:INFO:Total runtime is 0.30199277798334756 minutes
2026-01-03 16:07:42,573:INFO:SubProcess create_model() called ==================================
2026-01-03 16:07:42,574:INFO:Initializing create_model()
2026-01-03 16:07:42,575:INFO:create_model(self=<pycaret.regression.oop.RegressionExperiment object at 0x7f8e7ea1a7d0>, estimator=en, fold=KFold(n_splits=10, random_state=None, shuffle=False), round=4, cross_validation=True, predict=True, fit_kwargs={}, groups=None, refit=False, probability_threshold=None, experiment_custom_tags=None, verbose=False, system=False, add_to_model_list=True, metrics=None, display=<pycaret.internal.display.display.CommonDisplay object at 0x7f8e85affe50>, model_only=True, return_train_score=False, error_score=0.0, kwargs={})
2026-01-03 16:07:42,575:INFO:Checking exceptions
2026-01-03 16:07:42,575:INFO:Importing libraries
2026-01-03 16:07:42,575:INFO:Copying training dataset
2026-01-03 16:07:42,691:INFO:Defining folds
2026-01-03 16:07:42,692:INFO:Declaring metric variables
2026-01-03 16:07:42,703:INFO:Importing untrained model
2026-01-03 16:07:42,715:INFO:Elastic Net Imported successfully
2026-01-03 16:07:42,738:INFO:Starting cross validation
2026-01-03 16:07:42,743:INFO:Cross validating with KFold(n_splits=10, random_state=None, shuffle=False), n_jobs=-1
2026-01-03 16:07:44,141:WARNING:/home/ilyandho/.local/share/mamba/envs/pycaret/lib/python3.10/site-packages/sklearn/linear_model/_coordinate_descent.py:678: ConvergenceWarning: Objective did not converge. You might want to increase the number of iterations, check the scale of the features or consider increasing regularisation. Duality gap: 4.732e+01, tolerance: 1.379e+00
  model = cd_fast.enet_coordinate_descent(

2026-01-03 16:07:44,363:WARNING:/home/ilyandho/.local/share/mamba/envs/pycaret/lib/python3.10/site-packages/sklearn/linear_model/_coordinate_descent.py:678: ConvergenceWarning: Objective did not converge. You might want to increase the number of iterations, check the scale of the features or consider increasing regularisation. Duality gap: 5.004e+01, tolerance: 1.362e+00
  model = cd_fast.enet_coordinate_descent(

2026-01-03 16:07:44,915:WARNING:/home/ilyandho/.local/share/mamba/envs/pycaret/lib/python3.10/site-packages/sklearn/linear_model/_coordinate_descent.py:678: ConvergenceWarning: Objective did not converge. You might want to increase the number of iterations, check the scale of the features or consider increasing regularisation. Duality gap: 4.982e+01, tolerance: 1.347e+00
  model = cd_fast.enet_coordinate_descent(

2026-01-03 16:07:45,281:WARNING:/home/ilyandho/.local/share/mamba/envs/pycaret/lib/python3.10/site-packages/sklearn/linear_model/_coordinate_descent.py:678: ConvergenceWarning: Objective did not converge. You might want to increase the number of iterations, check the scale of the features or consider increasing regularisation. Duality gap: 4.877e+01, tolerance: 1.406e+00
  model = cd_fast.enet_coordinate_descent(

2026-01-03 16:07:46,830:WARNING:/home/ilyandho/.local/share/mamba/envs/pycaret/lib/python3.10/site-packages/sklearn/linear_model/_coordinate_descent.py:678: ConvergenceWarning: Objective did not converge. You might want to increase the number of iterations, check the scale of the features or consider increasing regularisation. Duality gap: 4.318e+01, tolerance: 1.401e+00
  model = cd_fast.enet_coordinate_descent(

2026-01-03 16:07:47,167:WARNING:/home/ilyandho/.local/share/mamba/envs/pycaret/lib/python3.10/site-packages/sklearn/linear_model/_coordinate_descent.py:678: ConvergenceWarning: Objective did not converge. You might want to increase the number of iterations, check the scale of the features or consider increasing regularisation. Duality gap: 5.299e+01, tolerance: 1.381e+00
  model = cd_fast.enet_coordinate_descent(

2026-01-03 16:07:47,430:WARNING:/home/ilyandho/.local/share/mamba/envs/pycaret/lib/python3.10/site-packages/sklearn/linear_model/_coordinate_descent.py:678: ConvergenceWarning: Objective did not converge. You might want to increase the number of iterations, check the scale of the features or consider increasing regularisation. Duality gap: 5.076e+01, tolerance: 1.344e+00
  model = cd_fast.enet_coordinate_descent(

2026-01-03 16:07:48,288:WARNING:/home/ilyandho/.local/share/mamba/envs/pycaret/lib/python3.10/site-packages/sklearn/linear_model/_coordinate_descent.py:678: ConvergenceWarning: Objective did not converge. You might want to increase the number of iterations, check the scale of the features or consider increasing regularisation. Duality gap: 4.772e+01, tolerance: 1.397e+00
  model = cd_fast.enet_coordinate_descent(

2026-01-03 16:07:49,157:WARNING:/home/ilyandho/.local/share/mamba/envs/pycaret/lib/python3.10/site-packages/sklearn/linear_model/_coordinate_descent.py:678: ConvergenceWarning: Objective did not converge. You might want to increase the number of iterations, check the scale of the features or consider increasing regularisation. Duality gap: 4.613e+01, tolerance: 1.379e+00
  model = cd_fast.enet_coordinate_descent(

2026-01-03 16:07:49,235:INFO:Calculating mean and std
2026-01-03 16:07:49,238:INFO:Creating metrics dataframe
2026-01-03 16:07:49,240:INFO:Uploading results into container
2026-01-03 16:07:49,240:INFO:Uploading model into container now
2026-01-03 16:07:49,241:INFO:_master_model_container: 4
2026-01-03 16:07:49,241:INFO:_display_container: 2
2026-01-03 16:07:49,241:INFO:ElasticNet(random_state=5999)
2026-01-03 16:07:49,242:INFO:create_model() successfully completed......................................
2026-01-03 16:07:49,340:INFO:SubProcess create_model() end ==================================
2026-01-03 16:07:49,340:INFO:Creating metrics dataframe
2026-01-03 16:07:49,355:INFO:Initializing Least Angle Regression
2026-01-03 16:07:49,356:INFO:Total runtime is 0.41522206862767536 minutes
2026-01-03 16:07:49,364:INFO:SubProcess create_model() called ==================================
2026-01-03 16:07:49,365:INFO:Initializing create_model()
2026-01-03 16:07:49,365:INFO:create_model(self=<pycaret.regression.oop.RegressionExperiment object at 0x7f8e7ea1a7d0>, estimator=lar, fold=KFold(n_splits=10, random_state=None, shuffle=False), round=4, cross_validation=True, predict=True, fit_kwargs={}, groups=None, refit=False, probability_threshold=None, experiment_custom_tags=None, verbose=False, system=False, add_to_model_list=True, metrics=None, display=<pycaret.internal.display.display.CommonDisplay object at 0x7f8e85affe50>, model_only=True, return_train_score=False, error_score=0.0, kwargs={})
2026-01-03 16:07:49,365:INFO:Checking exceptions
2026-01-03 16:07:49,365:INFO:Importing libraries
2026-01-03 16:07:49,365:INFO:Copying training dataset
2026-01-03 16:07:49,422:INFO:Defining folds
2026-01-03 16:07:49,422:INFO:Declaring metric variables
2026-01-03 16:07:49,431:INFO:Importing untrained model
2026-01-03 16:07:49,442:INFO:Least Angle Regression Imported successfully
2026-01-03 16:07:49,460:INFO:Starting cross validation
2026-01-03 16:07:49,462:INFO:Cross validating with KFold(n_splits=10, random_state=None, shuffle=False), n_jobs=-1
2026-01-03 16:07:52,814:INFO:Calculating mean and std
2026-01-03 16:07:52,820:INFO:Creating metrics dataframe
2026-01-03 16:07:52,825:INFO:Uploading results into container
2026-01-03 16:07:52,826:INFO:Uploading model into container now
2026-01-03 16:07:52,827:INFO:_master_model_container: 5
2026-01-03 16:07:52,827:INFO:_display_container: 2
2026-01-03 16:07:52,829:INFO:Lars(random_state=5999)
2026-01-03 16:07:52,829:INFO:create_model() successfully completed......................................
2026-01-03 16:07:53,029:INFO:SubProcess create_model() end ==================================
2026-01-03 16:07:53,030:INFO:Creating metrics dataframe
2026-01-03 16:07:53,077:INFO:Initializing Lasso Least Angle Regression
2026-01-03 16:07:53,077:INFO:Total runtime is 0.4772456884384155 minutes
2026-01-03 16:07:53,108:INFO:SubProcess create_model() called ==================================
2026-01-03 16:07:53,109:INFO:Initializing create_model()
2026-01-03 16:07:53,109:INFO:create_model(self=<pycaret.regression.oop.RegressionExperiment object at 0x7f8e7ea1a7d0>, estimator=llar, fold=KFold(n_splits=10, random_state=None, shuffle=False), round=4, cross_validation=True, predict=True, fit_kwargs={}, groups=None, refit=False, probability_threshold=None, experiment_custom_tags=None, verbose=False, system=False, add_to_model_list=True, metrics=None, display=<pycaret.internal.display.display.CommonDisplay object at 0x7f8e85affe50>, model_only=True, return_train_score=False, error_score=0.0, kwargs={})
2026-01-03 16:07:53,109:INFO:Checking exceptions
2026-01-03 16:07:53,109:INFO:Importing libraries
2026-01-03 16:07:53,109:INFO:Copying training dataset
2026-01-03 16:07:53,243:INFO:Defining folds
2026-01-03 16:07:53,244:INFO:Declaring metric variables
2026-01-03 16:07:53,278:INFO:Importing untrained model
2026-01-03 16:07:53,309:INFO:Lasso Least Angle Regression Imported successfully
2026-01-03 16:07:53,332:INFO:Starting cross validation
2026-01-03 16:07:53,338:INFO:Cross validating with KFold(n_splits=10, random_state=None, shuffle=False), n_jobs=-1
2026-01-03 16:07:56,373:INFO:Calculating mean and std
2026-01-03 16:07:56,376:INFO:Creating metrics dataframe
2026-01-03 16:07:56,378:INFO:Uploading results into container
2026-01-03 16:07:56,379:INFO:Uploading model into container now
2026-01-03 16:07:56,380:INFO:_master_model_container: 6
2026-01-03 16:07:56,380:INFO:_display_container: 2
2026-01-03 16:07:56,380:INFO:LassoLars(random_state=5999)
2026-01-03 16:07:56,380:INFO:create_model() successfully completed......................................
2026-01-03 16:07:56,498:INFO:SubProcess create_model() end ==================================
2026-01-03 16:07:56,498:INFO:Creating metrics dataframe
2026-01-03 16:07:56,513:INFO:Initializing Orthogonal Matching Pursuit
2026-01-03 16:07:56,513:INFO:Total runtime is 0.5345158298810323 minutes
2026-01-03 16:07:56,523:INFO:SubProcess create_model() called ==================================
2026-01-03 16:07:56,524:INFO:Initializing create_model()
2026-01-03 16:07:56,524:INFO:create_model(self=<pycaret.regression.oop.RegressionExperiment object at 0x7f8e7ea1a7d0>, estimator=omp, fold=KFold(n_splits=10, random_state=None, shuffle=False), round=4, cross_validation=True, predict=True, fit_kwargs={}, groups=None, refit=False, probability_threshold=None, experiment_custom_tags=None, verbose=False, system=False, add_to_model_list=True, metrics=None, display=<pycaret.internal.display.display.CommonDisplay object at 0x7f8e85affe50>, model_only=True, return_train_score=False, error_score=0.0, kwargs={})
2026-01-03 16:07:56,524:INFO:Checking exceptions
2026-01-03 16:07:56,524:INFO:Importing libraries
2026-01-03 16:07:56,524:INFO:Copying training dataset
2026-01-03 16:07:56,576:INFO:Defining folds
2026-01-03 16:07:56,576:INFO:Declaring metric variables
2026-01-03 16:07:56,583:INFO:Importing untrained model
2026-01-03 16:07:56,595:INFO:Orthogonal Matching Pursuit Imported successfully
2026-01-03 16:07:56,613:INFO:Starting cross validation
2026-01-03 16:07:56,615:INFO:Cross validating with KFold(n_splits=10, random_state=None, shuffle=False), n_jobs=-1
2026-01-03 16:07:58,906:INFO:Calculating mean and std
2026-01-03 16:07:58,907:INFO:Creating metrics dataframe
2026-01-03 16:07:58,910:INFO:Uploading results into container
2026-01-03 16:07:58,911:INFO:Uploading model into container now
2026-01-03 16:07:58,912:INFO:_master_model_container: 7
2026-01-03 16:07:58,912:INFO:_display_container: 2
2026-01-03 16:07:58,913:INFO:OrthogonalMatchingPursuit()
2026-01-03 16:07:58,913:INFO:create_model() successfully completed......................................
2026-01-03 16:07:59,003:INFO:SubProcess create_model() end ==================================
2026-01-03 16:07:59,003:INFO:Creating metrics dataframe
2026-01-03 16:07:59,018:INFO:Initializing Bayesian Ridge
2026-01-03 16:07:59,018:INFO:Total runtime is 0.5762685378392537 minutes
2026-01-03 16:07:59,028:INFO:SubProcess create_model() called ==================================
2026-01-03 16:07:59,029:INFO:Initializing create_model()
2026-01-03 16:07:59,029:INFO:create_model(self=<pycaret.regression.oop.RegressionExperiment object at 0x7f8e7ea1a7d0>, estimator=br, fold=KFold(n_splits=10, random_state=None, shuffle=False), round=4, cross_validation=True, predict=True, fit_kwargs={}, groups=None, refit=False, probability_threshold=None, experiment_custom_tags=None, verbose=False, system=False, add_to_model_list=True, metrics=None, display=<pycaret.internal.display.display.CommonDisplay object at 0x7f8e85affe50>, model_only=True, return_train_score=False, error_score=0.0, kwargs={})
2026-01-03 16:07:59,029:INFO:Checking exceptions
2026-01-03 16:07:59,029:INFO:Importing libraries
2026-01-03 16:07:59,029:INFO:Copying training dataset
2026-01-03 16:07:59,088:INFO:Defining folds
2026-01-03 16:07:59,088:INFO:Declaring metric variables
2026-01-03 16:07:59,095:INFO:Importing untrained model
2026-01-03 16:07:59,106:INFO:Bayesian Ridge Imported successfully
2026-01-03 16:07:59,123:INFO:Starting cross validation
2026-01-03 16:07:59,126:INFO:Cross validating with KFold(n_splits=10, random_state=None, shuffle=False), n_jobs=-1
2026-01-03 16:08:02,711:INFO:Calculating mean and std
2026-01-03 16:08:02,717:INFO:Creating metrics dataframe
2026-01-03 16:08:02,723:INFO:Uploading results into container
2026-01-03 16:08:02,724:INFO:Uploading model into container now
2026-01-03 16:08:02,725:INFO:_master_model_container: 8
2026-01-03 16:08:02,728:INFO:_display_container: 2
2026-01-03 16:08:02,729:INFO:BayesianRidge()
2026-01-03 16:08:02,729:INFO:create_model() successfully completed......................................
2026-01-03 16:08:02,882:INFO:SubProcess create_model() end ==================================
2026-01-03 16:08:02,883:INFO:Creating metrics dataframe
2026-01-03 16:08:02,908:INFO:Initializing Passive Aggressive Regressor
2026-01-03 16:08:02,909:INFO:Total runtime is 0.6411040941874185 minutes
2026-01-03 16:08:02,923:INFO:SubProcess create_model() called ==================================
2026-01-03 16:08:02,925:INFO:Initializing create_model()
2026-01-03 16:08:02,925:INFO:create_model(self=<pycaret.regression.oop.RegressionExperiment object at 0x7f8e7ea1a7d0>, estimator=par, fold=KFold(n_splits=10, random_state=None, shuffle=False), round=4, cross_validation=True, predict=True, fit_kwargs={}, groups=None, refit=False, probability_threshold=None, experiment_custom_tags=None, verbose=False, system=False, add_to_model_list=True, metrics=None, display=<pycaret.internal.display.display.CommonDisplay object at 0x7f8e85affe50>, model_only=True, return_train_score=False, error_score=0.0, kwargs={})
2026-01-03 16:08:02,925:INFO:Checking exceptions
2026-01-03 16:08:02,925:INFO:Importing libraries
2026-01-03 16:08:02,925:INFO:Copying training dataset
2026-01-03 16:08:03,012:INFO:Defining folds
2026-01-03 16:08:03,013:INFO:Declaring metric variables
2026-01-03 16:08:03,025:INFO:Importing untrained model
2026-01-03 16:08:03,037:INFO:Passive Aggressive Regressor Imported successfully
2026-01-03 16:08:03,062:INFO:Starting cross validation
2026-01-03 16:08:03,070:INFO:Cross validating with KFold(n_splits=10, random_state=None, shuffle=False), n_jobs=-1
2026-01-03 16:08:05,960:INFO:Calculating mean and std
2026-01-03 16:08:05,961:INFO:Creating metrics dataframe
2026-01-03 16:08:05,966:INFO:Uploading results into container
2026-01-03 16:08:05,967:INFO:Uploading model into container now
2026-01-03 16:08:05,968:INFO:_master_model_container: 9
2026-01-03 16:08:05,968:INFO:_display_container: 2
2026-01-03 16:08:05,969:INFO:PassiveAggressiveRegressor(random_state=5999)
2026-01-03 16:08:05,969:INFO:create_model() successfully completed......................................
2026-01-03 16:08:06,059:INFO:SubProcess create_model() end ==================================
2026-01-03 16:08:06,059:INFO:Creating metrics dataframe
2026-01-03 16:08:06,071:INFO:Initializing Huber Regressor
2026-01-03 16:08:06,071:INFO:Total runtime is 0.6938091317812601 minutes
2026-01-03 16:08:06,082:INFO:SubProcess create_model() called ==================================
2026-01-03 16:08:06,082:INFO:Initializing create_model()
2026-01-03 16:08:06,083:INFO:create_model(self=<pycaret.regression.oop.RegressionExperiment object at 0x7f8e7ea1a7d0>, estimator=huber, fold=KFold(n_splits=10, random_state=None, shuffle=False), round=4, cross_validation=True, predict=True, fit_kwargs={}, groups=None, refit=False, probability_threshold=None, experiment_custom_tags=None, verbose=False, system=False, add_to_model_list=True, metrics=None, display=<pycaret.internal.display.display.CommonDisplay object at 0x7f8e85affe50>, model_only=True, return_train_score=False, error_score=0.0, kwargs={})
2026-01-03 16:08:06,083:INFO:Checking exceptions
2026-01-03 16:08:06,083:INFO:Importing libraries
2026-01-03 16:08:06,083:INFO:Copying training dataset
2026-01-03 16:08:06,134:INFO:Defining folds
2026-01-03 16:08:06,135:INFO:Declaring metric variables
2026-01-03 16:08:06,144:INFO:Importing untrained model
2026-01-03 16:08:06,155:INFO:Huber Regressor Imported successfully
2026-01-03 16:08:06,173:INFO:Starting cross validation
2026-01-03 16:08:06,177:INFO:Cross validating with KFold(n_splits=10, random_state=None, shuffle=False), n_jobs=-1
2026-01-03 16:08:09,922:INFO:Calculating mean and std
2026-01-03 16:08:09,926:INFO:Creating metrics dataframe
2026-01-03 16:08:09,931:INFO:Uploading results into container
2026-01-03 16:08:09,932:INFO:Uploading model into container now
2026-01-03 16:08:09,933:INFO:_master_model_container: 10
2026-01-03 16:08:09,933:INFO:_display_container: 2
2026-01-03 16:08:09,933:INFO:HuberRegressor()
2026-01-03 16:08:09,934:INFO:create_model() successfully completed......................................
2026-01-03 16:08:10,066:INFO:SubProcess create_model() end ==================================
2026-01-03 16:08:10,066:INFO:Creating metrics dataframe
2026-01-03 16:08:10,078:INFO:Initializing K Neighbors Regressor
2026-01-03 16:08:10,078:INFO:Total runtime is 0.7606008728345235 minutes
2026-01-03 16:08:10,088:INFO:SubProcess create_model() called ==================================
2026-01-03 16:08:10,089:INFO:Initializing create_model()
2026-01-03 16:08:10,089:INFO:create_model(self=<pycaret.regression.oop.RegressionExperiment object at 0x7f8e7ea1a7d0>, estimator=knn, fold=KFold(n_splits=10, random_state=None, shuffle=False), round=4, cross_validation=True, predict=True, fit_kwargs={}, groups=None, refit=False, probability_threshold=None, experiment_custom_tags=None, verbose=False, system=False, add_to_model_list=True, metrics=None, display=<pycaret.internal.display.display.CommonDisplay object at 0x7f8e85affe50>, model_only=True, return_train_score=False, error_score=0.0, kwargs={})
2026-01-03 16:08:10,090:INFO:Checking exceptions
2026-01-03 16:08:10,090:INFO:Importing libraries
2026-01-03 16:08:10,090:INFO:Copying training dataset
2026-01-03 16:08:10,149:INFO:Defining folds
2026-01-03 16:08:10,150:INFO:Declaring metric variables
2026-01-03 16:08:10,163:INFO:Importing untrained model
2026-01-03 16:08:10,174:INFO:K Neighbors Regressor Imported successfully
2026-01-03 16:08:10,193:INFO:Starting cross validation
2026-01-03 16:08:10,198:INFO:Cross validating with KFold(n_splits=10, random_state=None, shuffle=False), n_jobs=-1
2026-01-03 16:08:13,426:INFO:Calculating mean and std
2026-01-03 16:08:13,433:INFO:Creating metrics dataframe
2026-01-03 16:08:13,436:INFO:Uploading results into container
2026-01-03 16:08:13,437:INFO:Uploading model into container now
2026-01-03 16:08:13,439:INFO:_master_model_container: 11
2026-01-03 16:08:13,439:INFO:_display_container: 2
2026-01-03 16:08:13,439:INFO:KNeighborsRegressor(n_jobs=-1)
2026-01-03 16:08:13,439:INFO:create_model() successfully completed......................................
2026-01-03 16:08:13,567:INFO:SubProcess create_model() end ==================================
2026-01-03 16:08:13,567:INFO:Creating metrics dataframe
2026-01-03 16:08:13,590:INFO:Initializing Decision Tree Regressor
2026-01-03 16:08:13,590:INFO:Total runtime is 0.819134513537089 minutes
2026-01-03 16:08:13,603:INFO:SubProcess create_model() called ==================================
2026-01-03 16:08:13,603:INFO:Initializing create_model()
2026-01-03 16:08:13,603:INFO:create_model(self=<pycaret.regression.oop.RegressionExperiment object at 0x7f8e7ea1a7d0>, estimator=dt, fold=KFold(n_splits=10, random_state=None, shuffle=False), round=4, cross_validation=True, predict=True, fit_kwargs={}, groups=None, refit=False, probability_threshold=None, experiment_custom_tags=None, verbose=False, system=False, add_to_model_list=True, metrics=None, display=<pycaret.internal.display.display.CommonDisplay object at 0x7f8e85affe50>, model_only=True, return_train_score=False, error_score=0.0, kwargs={})
2026-01-03 16:08:13,603:INFO:Checking exceptions
2026-01-03 16:08:13,603:INFO:Importing libraries
2026-01-03 16:08:13,604:INFO:Copying training dataset
2026-01-03 16:08:13,682:INFO:Defining folds
2026-01-03 16:08:13,682:INFO:Declaring metric variables
2026-01-03 16:08:13,691:INFO:Importing untrained model
2026-01-03 16:08:13,701:INFO:Decision Tree Regressor Imported successfully
2026-01-03 16:08:13,719:INFO:Starting cross validation
2026-01-03 16:08:13,722:INFO:Cross validating with KFold(n_splits=10, random_state=None, shuffle=False), n_jobs=-1
2026-01-03 16:08:18,383:INFO:Calculating mean and std
2026-01-03 16:08:18,391:INFO:Creating metrics dataframe
2026-01-03 16:08:18,397:INFO:Uploading results into container
2026-01-03 16:08:18,401:INFO:Uploading model into container now
2026-01-03 16:08:18,403:INFO:_master_model_container: 12
2026-01-03 16:08:18,404:INFO:_display_container: 2
2026-01-03 16:08:18,404:INFO:DecisionTreeRegressor(random_state=5999)
2026-01-03 16:08:18,405:INFO:create_model() successfully completed......................................
2026-01-03 16:08:18,622:INFO:SubProcess create_model() end ==================================
2026-01-03 16:08:18,622:INFO:Creating metrics dataframe
2026-01-03 16:08:18,655:INFO:Initializing Random Forest Regressor
2026-01-03 16:08:18,655:INFO:Total runtime is 0.9035436987876891 minutes
2026-01-03 16:08:18,679:INFO:SubProcess create_model() called ==================================
2026-01-03 16:08:18,682:INFO:Initializing create_model()
2026-01-03 16:08:18,682:INFO:create_model(self=<pycaret.regression.oop.RegressionExperiment object at 0x7f8e7ea1a7d0>, estimator=rf, fold=KFold(n_splits=10, random_state=None, shuffle=False), round=4, cross_validation=True, predict=True, fit_kwargs={}, groups=None, refit=False, probability_threshold=None, experiment_custom_tags=None, verbose=False, system=False, add_to_model_list=True, metrics=None, display=<pycaret.internal.display.display.CommonDisplay object at 0x7f8e85affe50>, model_only=True, return_train_score=False, error_score=0.0, kwargs={})
2026-01-03 16:08:18,682:INFO:Checking exceptions
2026-01-03 16:08:18,682:INFO:Importing libraries
2026-01-03 16:08:18,682:INFO:Copying training dataset
2026-01-03 16:08:18,811:INFO:Defining folds
2026-01-03 16:08:18,812:INFO:Declaring metric variables
2026-01-03 16:08:18,825:INFO:Importing untrained model
2026-01-03 16:08:18,837:INFO:Random Forest Regressor Imported successfully
2026-01-03 16:08:18,862:INFO:Starting cross validation
2026-01-03 16:08:18,865:INFO:Cross validating with KFold(n_splits=10, random_state=None, shuffle=False), n_jobs=-1
2026-01-03 16:09:35,400:INFO:Calculating mean and std
2026-01-03 16:09:35,409:INFO:Creating metrics dataframe
2026-01-03 16:09:35,417:INFO:Uploading results into container
2026-01-03 16:09:35,419:INFO:Uploading model into container now
2026-01-03 16:09:35,421:INFO:_master_model_container: 13
2026-01-03 16:09:35,425:INFO:_display_container: 2
2026-01-03 16:09:35,426:INFO:RandomForestRegressor(n_jobs=-1, random_state=5999)
2026-01-03 16:09:35,426:INFO:create_model() successfully completed......................................
2026-01-03 16:09:35,597:INFO:SubProcess create_model() end ==================================
2026-01-03 16:09:35,598:INFO:Creating metrics dataframe
2026-01-03 16:09:35,629:INFO:Initializing Extra Trees Regressor
2026-01-03 16:09:35,630:INFO:Total runtime is 2.1864545543988547 minutes
2026-01-03 16:09:35,649:INFO:SubProcess create_model() called ==================================
2026-01-03 16:09:35,651:INFO:Initializing create_model()
2026-01-03 16:09:35,651:INFO:create_model(self=<pycaret.regression.oop.RegressionExperiment object at 0x7f8e7ea1a7d0>, estimator=et, fold=KFold(n_splits=10, random_state=None, shuffle=False), round=4, cross_validation=True, predict=True, fit_kwargs={}, groups=None, refit=False, probability_threshold=None, experiment_custom_tags=None, verbose=False, system=False, add_to_model_list=True, metrics=None, display=<pycaret.internal.display.display.CommonDisplay object at 0x7f8e85affe50>, model_only=True, return_train_score=False, error_score=0.0, kwargs={})
2026-01-03 16:09:35,651:INFO:Checking exceptions
2026-01-03 16:09:35,655:INFO:Importing libraries
2026-01-03 16:09:35,656:INFO:Copying training dataset
2026-01-03 16:09:35,870:INFO:Defining folds
2026-01-03 16:09:35,870:INFO:Declaring metric variables
2026-01-03 16:09:35,884:INFO:Importing untrained model
2026-01-03 16:09:35,900:INFO:Extra Trees Regressor Imported successfully
2026-01-03 16:09:35,939:INFO:Starting cross validation
2026-01-03 16:09:35,944:INFO:Cross validating with KFold(n_splits=10, random_state=None, shuffle=False), n_jobs=-1
2026-01-03 16:10:28,343:INFO:Calculating mean and std
2026-01-03 16:10:28,345:INFO:Creating metrics dataframe
2026-01-03 16:10:28,347:INFO:Uploading results into container
2026-01-03 16:10:28,348:INFO:Uploading model into container now
2026-01-03 16:10:28,348:INFO:_master_model_container: 14
2026-01-03 16:10:28,348:INFO:_display_container: 2
2026-01-03 16:10:28,349:INFO:ExtraTreesRegressor(n_jobs=-1, random_state=5999)
2026-01-03 16:10:28,349:INFO:create_model() successfully completed......................................
2026-01-03 16:10:28,446:INFO:SubProcess create_model() end ==================================
2026-01-03 16:10:28,447:INFO:Creating metrics dataframe
2026-01-03 16:10:28,463:INFO:Initializing AdaBoost Regressor
2026-01-03 16:10:28,463:INFO:Total runtime is 3.067018795013428 minutes
2026-01-03 16:10:28,471:INFO:SubProcess create_model() called ==================================
2026-01-03 16:10:28,471:INFO:Initializing create_model()
2026-01-03 16:10:28,471:INFO:create_model(self=<pycaret.regression.oop.RegressionExperiment object at 0x7f8e7ea1a7d0>, estimator=ada, fold=KFold(n_splits=10, random_state=None, shuffle=False), round=4, cross_validation=True, predict=True, fit_kwargs={}, groups=None, refit=False, probability_threshold=None, experiment_custom_tags=None, verbose=False, system=False, add_to_model_list=True, metrics=None, display=<pycaret.internal.display.display.CommonDisplay object at 0x7f8e85affe50>, model_only=True, return_train_score=False, error_score=0.0, kwargs={})
2026-01-03 16:10:28,471:INFO:Checking exceptions
2026-01-03 16:10:28,472:INFO:Importing libraries
2026-01-03 16:10:28,472:INFO:Copying training dataset
2026-01-03 16:10:28,525:INFO:Defining folds
2026-01-03 16:10:28,525:INFO:Declaring metric variables
2026-01-03 16:10:28,533:INFO:Importing untrained model
2026-01-03 16:10:28,542:INFO:AdaBoost Regressor Imported successfully
2026-01-03 16:10:28,559:INFO:Starting cross validation
2026-01-03 16:10:28,563:INFO:Cross validating with KFold(n_splits=10, random_state=None, shuffle=False), n_jobs=-1
2026-01-03 16:10:42,211:INFO:Calculating mean and std
2026-01-03 16:10:42,212:INFO:Creating metrics dataframe
2026-01-03 16:10:42,214:INFO:Uploading results into container
2026-01-03 16:10:42,214:INFO:Uploading model into container now
2026-01-03 16:10:42,215:INFO:_master_model_container: 15
2026-01-03 16:10:42,216:INFO:_display_container: 2
2026-01-03 16:10:42,216:INFO:AdaBoostRegressor(random_state=5999)
2026-01-03 16:10:42,216:INFO:create_model() successfully completed......................................
2026-01-03 16:10:42,323:INFO:SubProcess create_model() end ==================================
2026-01-03 16:10:42,324:INFO:Creating metrics dataframe
2026-01-03 16:10:42,343:INFO:Initializing Gradient Boosting Regressor
2026-01-03 16:10:42,343:INFO:Total runtime is 3.2983481645584107 minutes
2026-01-03 16:10:42,354:INFO:SubProcess create_model() called ==================================
2026-01-03 16:10:42,355:INFO:Initializing create_model()
2026-01-03 16:10:42,355:INFO:create_model(self=<pycaret.regression.oop.RegressionExperiment object at 0x7f8e7ea1a7d0>, estimator=gbr, fold=KFold(n_splits=10, random_state=None, shuffle=False), round=4, cross_validation=True, predict=True, fit_kwargs={}, groups=None, refit=False, probability_threshold=None, experiment_custom_tags=None, verbose=False, system=False, add_to_model_list=True, metrics=None, display=<pycaret.internal.display.display.CommonDisplay object at 0x7f8e85affe50>, model_only=True, return_train_score=False, error_score=0.0, kwargs={})
2026-01-03 16:10:42,355:INFO:Checking exceptions
2026-01-03 16:10:42,355:INFO:Importing libraries
2026-01-03 16:10:42,355:INFO:Copying training dataset
2026-01-03 16:10:42,437:INFO:Defining folds
2026-01-03 16:10:42,437:INFO:Declaring metric variables
2026-01-03 16:10:42,448:INFO:Importing untrained model
2026-01-03 16:10:42,458:INFO:Gradient Boosting Regressor Imported successfully
2026-01-03 16:10:42,478:INFO:Starting cross validation
2026-01-03 16:10:42,483:INFO:Cross validating with KFold(n_splits=10, random_state=None, shuffle=False), n_jobs=-1
2026-01-03 16:11:02,666:INFO:Calculating mean and std
2026-01-03 16:11:02,668:INFO:Creating metrics dataframe
2026-01-03 16:11:02,670:INFO:Uploading results into container
2026-01-03 16:11:02,670:INFO:Uploading model into container now
2026-01-03 16:11:02,671:INFO:_master_model_container: 16
2026-01-03 16:11:02,671:INFO:_display_container: 2
2026-01-03 16:11:02,672:INFO:GradientBoostingRegressor(random_state=5999)
2026-01-03 16:11:02,672:INFO:create_model() successfully completed......................................
2026-01-03 16:11:02,770:INFO:SubProcess create_model() end ==================================
2026-01-03 16:11:02,770:INFO:Creating metrics dataframe
2026-01-03 16:11:02,790:INFO:Initializing Light Gradient Boosting Machine
2026-01-03 16:11:02,790:INFO:Total runtime is 3.6391265869140628 minutes
2026-01-03 16:11:02,799:INFO:SubProcess create_model() called ==================================
2026-01-03 16:11:02,799:INFO:Initializing create_model()
2026-01-03 16:11:02,799:INFO:create_model(self=<pycaret.regression.oop.RegressionExperiment object at 0x7f8e7ea1a7d0>, estimator=lightgbm, fold=KFold(n_splits=10, random_state=None, shuffle=False), round=4, cross_validation=True, predict=True, fit_kwargs={}, groups=None, refit=False, probability_threshold=None, experiment_custom_tags=None, verbose=False, system=False, add_to_model_list=True, metrics=None, display=<pycaret.internal.display.display.CommonDisplay object at 0x7f8e85affe50>, model_only=True, return_train_score=False, error_score=0.0, kwargs={})
2026-01-03 16:11:02,799:INFO:Checking exceptions
2026-01-03 16:11:02,799:INFO:Importing libraries
2026-01-03 16:11:02,800:INFO:Copying training dataset
2026-01-03 16:11:02,885:INFO:Defining folds
2026-01-03 16:11:02,885:INFO:Declaring metric variables
2026-01-03 16:11:02,897:INFO:Importing untrained model
2026-01-03 16:11:02,906:INFO:Light Gradient Boosting Machine Imported successfully
2026-01-03 16:11:02,925:INFO:Starting cross validation
2026-01-03 16:11:02,929:INFO:Cross validating with KFold(n_splits=10, random_state=None, shuffle=False), n_jobs=-1
2026-01-03 16:19:42,103:INFO:Calculating mean and std
2026-01-03 16:19:42,106:INFO:Creating metrics dataframe
2026-01-03 16:19:42,111:INFO:Uploading results into container
2026-01-03 16:19:42,112:INFO:Uploading model into container now
2026-01-03 16:19:42,113:INFO:_master_model_container: 17
2026-01-03 16:19:42,114:INFO:_display_container: 2
2026-01-03 16:19:42,115:INFO:LGBMRegressor(n_jobs=-1, random_state=5999)
2026-01-03 16:19:42,115:INFO:create_model() successfully completed......................................
2026-01-03 16:19:42,218:INFO:SubProcess create_model() end ==================================
2026-01-03 16:19:42,219:INFO:Creating metrics dataframe
2026-01-03 16:19:42,235:INFO:Initializing Dummy Regressor
2026-01-03 16:19:42,235:INFO:Total runtime is 12.29654747247696 minutes
2026-01-03 16:19:42,247:INFO:SubProcess create_model() called ==================================
2026-01-03 16:19:42,248:INFO:Initializing create_model()
2026-01-03 16:19:42,248:INFO:create_model(self=<pycaret.regression.oop.RegressionExperiment object at 0x7f8e7ea1a7d0>, estimator=dummy, fold=KFold(n_splits=10, random_state=None, shuffle=False), round=4, cross_validation=True, predict=True, fit_kwargs={}, groups=None, refit=False, probability_threshold=None, experiment_custom_tags=None, verbose=False, system=False, add_to_model_list=True, metrics=None, display=<pycaret.internal.display.display.CommonDisplay object at 0x7f8e85affe50>, model_only=True, return_train_score=False, error_score=0.0, kwargs={})
2026-01-03 16:19:42,248:INFO:Checking exceptions
2026-01-03 16:19:42,248:INFO:Importing libraries
2026-01-03 16:19:42,248:INFO:Copying training dataset
2026-01-03 16:19:42,339:INFO:Defining folds
2026-01-03 16:19:42,340:INFO:Declaring metric variables
2026-01-03 16:19:42,351:INFO:Importing untrained model
2026-01-03 16:19:42,360:INFO:Dummy Regressor Imported successfully
2026-01-03 16:19:42,385:INFO:Starting cross validation
2026-01-03 16:19:42,390:INFO:Cross validating with KFold(n_splits=10, random_state=None, shuffle=False), n_jobs=-1
2026-01-03 16:19:45,895:INFO:Calculating mean and std
2026-01-03 16:19:45,899:INFO:Creating metrics dataframe
2026-01-03 16:19:45,909:INFO:Uploading results into container
2026-01-03 16:19:45,910:INFO:Uploading model into container now
2026-01-03 16:19:45,911:INFO:_master_model_container: 18
2026-01-03 16:19:45,911:INFO:_display_container: 2
2026-01-03 16:19:45,911:INFO:DummyRegressor()
2026-01-03 16:19:45,911:INFO:create_model() successfully completed......................................
2026-01-03 16:19:46,061:INFO:SubProcess create_model() end ==================================
2026-01-03 16:19:46,062:INFO:Creating metrics dataframe
2026-01-03 16:19:46,079:WARNING:/home/ilyandho/.local/share/mamba/envs/pycaret/lib/python3.10/site-packages/pycaret/internal/pycaret_experiment/supervised_experiment.py:323: FutureWarning: Styler.applymap has been deprecated. Use Styler.map instead.
  master_display_.apply(

2026-01-03 16:19:46,105:INFO:Initializing create_model()
2026-01-03 16:19:46,105:INFO:create_model(self=<pycaret.regression.oop.RegressionExperiment object at 0x7f8e7ea1a7d0>, estimator=LGBMRegressor(n_jobs=-1, random_state=5999), fold=KFold(n_splits=10, random_state=None, shuffle=False), round=4, cross_validation=False, predict=False, fit_kwargs={}, groups=None, refit=True, probability_threshold=None, experiment_custom_tags=None, verbose=False, system=False, add_to_model_list=True, metrics=None, display=None, model_only=True, return_train_score=False, error_score=0.0, kwargs={})
2026-01-03 16:19:46,106:INFO:Checking exceptions
2026-01-03 16:19:46,111:INFO:Importing libraries
2026-01-03 16:19:46,112:INFO:Copying training dataset
2026-01-03 16:19:46,184:INFO:Defining folds
2026-01-03 16:19:46,185:INFO:Declaring metric variables
2026-01-03 16:19:46,185:INFO:Importing untrained model
2026-01-03 16:19:46,185:INFO:Declaring custom model
2026-01-03 16:19:46,186:INFO:Light Gradient Boosting Machine Imported successfully
2026-01-03 16:19:46,189:INFO:Cross validation set to False
2026-01-03 16:19:46,189:INFO:Fitting Model
2026-01-03 16:19:46,731:INFO:[LightGBM] [Warning] Found whitespace in feature_names, replace with underlines
2026-01-03 16:19:46,795:INFO:[LightGBM] [Info] Auto-choosing row-wise multi-threading, the overhead of testing was 0.058285 seconds.
2026-01-03 16:19:46,795:INFO:You can set `force_row_wise=true` to remove the overhead.
2026-01-03 16:19:46,795:INFO:And if memory is not enough, you can set `force_col_wise=true`.
2026-01-03 16:19:46,796:INFO:[LightGBM] [Info] Total Bins 10005
2026-01-03 16:19:46,796:INFO:[LightGBM] [Info] Number of data points in the train set: 3075, number of used features: 149
2026-01-03 16:19:46,803:INFO:[LightGBM] [Info] Start training from score 3.395122
2026-01-03 16:19:48,402:INFO:LGBMRegressor(n_jobs=-1, random_state=5999)
2026-01-03 16:19:48,402:INFO:create_model() successfully completed......................................
2026-01-03 16:19:48,572:INFO:_master_model_container: 18
2026-01-03 16:19:48,572:INFO:_display_container: 2
2026-01-03 16:19:48,575:INFO:LGBMRegressor(n_jobs=-1, random_state=5999)
2026-01-03 16:19:48,575:INFO:compare_models() successfully completed......................................
2026-01-03 16:19:50,030:INFO:Initializing evaluate_model()
2026-01-03 16:19:50,031:INFO:evaluate_model(self=<pycaret.regression.oop.RegressionExperiment object at 0x7f8e7ea1a7d0>, estimator=LGBMRegressor(n_jobs=-1, random_state=5999), fold=None, fit_kwargs=None, plot_kwargs=None, feature_name=None, groups=None)
2026-01-03 16:19:50,089:INFO:Initializing plot_model()
2026-01-03 16:19:50,090:INFO:plot_model(plot=pipeline, fold=KFold(n_splits=10, random_state=None, shuffle=False), verbose=False, display=None, display_format=None, estimator=LGBMRegressor(n_jobs=-1, random_state=5999), feature_name=None, fit_kwargs={}, groups=None, label=False, plot_kwargs=None, save=False, scale=1, self=<pycaret.regression.oop.RegressionExperiment object at 0x7f8e7ea1a7d0>, system=True)
2026-01-03 16:19:50,090:INFO:Checking exceptions
2026-01-03 16:19:50,127:INFO:Preloading libraries
2026-01-03 16:19:50,138:INFO:Copying training dataset
2026-01-03 16:19:50,138:INFO:Plot type: pipeline
2026-01-03 16:19:50,544:INFO:Visual Rendered Successfully
2026-01-03 16:19:50,644:INFO:plot_model() successfully completed......................................
2026-01-03 16:21:10,713:INFO:Initializing evaluate_model()
2026-01-03 16:21:10,713:INFO:evaluate_model(self=<pycaret.regression.oop.RegressionExperiment object at 0x7f8e7ea1a7d0>, estimator=LGBMRegressor(n_jobs=-1, random_state=5999), fold=None, fit_kwargs=None, plot_kwargs=None, feature_name=None, groups=None)
2026-01-03 16:21:10,777:INFO:Initializing plot_model()
2026-01-03 16:21:10,777:INFO:plot_model(plot=pipeline, fold=KFold(n_splits=10, random_state=None, shuffle=False), verbose=False, display=None, display_format=None, estimator=LGBMRegressor(n_jobs=-1, random_state=5999), feature_name=None, fit_kwargs={}, groups=None, label=False, plot_kwargs=None, save=False, scale=1, self=<pycaret.regression.oop.RegressionExperiment object at 0x7f8e7ea1a7d0>, system=True)
2026-01-03 16:21:10,778:INFO:Checking exceptions
2026-01-03 16:21:10,819:INFO:Preloading libraries
2026-01-03 16:21:10,826:INFO:Copying training dataset
2026-01-03 16:21:10,826:INFO:Plot type: pipeline
2026-01-03 16:21:11,043:INFO:Visual Rendered Successfully
2026-01-03 16:21:11,156:INFO:plot_model() successfully completed......................................
2026-01-03 16:21:14,983:INFO:Initializing plot_model()
2026-01-03 16:21:14,984:INFO:plot_model(plot=feature, fold=None, verbose=True, display=None, display_format=None, estimator=LGBMRegressor(n_jobs=-1, random_state=5999), feature_name=None, fit_kwargs=None, groups=None, label=False, plot_kwargs=None, save=False, scale=1, self=<pycaret.regression.oop.RegressionExperiment object at 0x7f8e7ea1a7d0>, system=True)
2026-01-03 16:21:14,984:INFO:Checking exceptions
2026-01-03 16:21:15,022:INFO:Preloading libraries
2026-01-03 16:21:15,038:INFO:Copying training dataset
2026-01-03 16:21:15,039:INFO:Plot type: feature
2026-01-03 16:21:15,040:WARNING:No coef_ found. Trying feature_importances_
2026-01-03 16:21:15,446:INFO:Visual Rendered Successfully
2026-01-03 16:21:15,569:INFO:plot_model() successfully completed......................................
2026-01-03 16:24:16,865:INFO:Initializing predict_model()
2026-01-03 16:24:16,868:INFO:predict_model(self=<pycaret.regression.oop.RegressionExperiment object at 0x7f8e7ea1a7d0>, estimator=LGBMRegressor(n_jobs=-1, random_state=5999), probability_threshold=None, encoded_labels=False, raw_score=False, round=4, verbose=True, ml_usecase=None, preprocess=True, encode_labels=<function _SupervisedExperiment.predict_model.<locals>.encode_labels at 0x7f8e69718d30>)
2026-01-03 16:24:16,868:INFO:Checking exceptions
2026-01-03 16:24:16,869:INFO:Preloading libraries
2026-01-03 16:24:16,876:INFO:Set up data.
2026-01-03 16:24:17,084:INFO:Set up index.
2026-01-03 16:24:51,010:INFO:Initializing predict_model()
2026-01-03 16:24:51,011:INFO:predict_model(self=<pycaret.regression.oop.RegressionExperiment object at 0x7f8e7ea1a7d0>, estimator=LGBMRegressor(n_jobs=-1, random_state=5999), probability_threshold=None, encoded_labels=False, raw_score=False, round=4, verbose=True, ml_usecase=None, preprocess=True, encode_labels=<function _SupervisedExperiment.predict_model.<locals>.encode_labels at 0x7f8e6bafeb90>)
2026-01-03 16:24:51,012:INFO:Checking exceptions
2026-01-03 16:24:51,012:INFO:Preloading libraries
2026-01-03 16:24:51,021:INFO:Set up data.
2026-01-03 16:24:51,161:INFO:Set up index.
2026-01-03 16:24:59,704:INFO:Initializing predict_model()
2026-01-03 16:24:59,705:INFO:predict_model(self=<pycaret.regression.oop.RegressionExperiment object at 0x7f8e7ea1a7d0>, estimator=LGBMRegressor(n_jobs=-1, random_state=5999), probability_threshold=None, encoded_labels=False, raw_score=False, round=4, verbose=True, ml_usecase=None, preprocess=True, encode_labels=<function _SupervisedExperiment.predict_model.<locals>.encode_labels at 0x7f8e6b949900>)
2026-01-03 16:24:59,705:INFO:Checking exceptions
2026-01-03 16:24:59,707:INFO:Preloading libraries
2026-01-03 16:24:59,729:INFO:Set up data.
2026-01-03 16:24:59,961:INFO:Set up index.
2026-01-03 16:25:13,656:INFO:Initializing predict_model()
2026-01-03 16:25:13,658:INFO:predict_model(self=<pycaret.regression.oop.RegressionExperiment object at 0x7f8e7ea1a7d0>, estimator=LGBMRegressor(n_jobs=-1, random_state=5999), probability_threshold=None, encoded_labels=False, raw_score=False, round=4, verbose=True, ml_usecase=None, preprocess=True, encode_labels=<function _SupervisedExperiment.predict_model.<locals>.encode_labels at 0x7f8e6bafe5f0>)
2026-01-03 16:25:13,660:INFO:Checking exceptions
2026-01-03 16:25:13,660:INFO:Preloading libraries
2026-01-03 16:25:13,666:INFO:Set up data.
2026-01-03 16:25:13,818:INFO:Set up index.
2026-01-03 16:29:53,722:INFO:Initializing predict_model()
2026-01-03 16:29:53,724:INFO:predict_model(self=<pycaret.regression.oop.RegressionExperiment object at 0x7f8e7ea1a7d0>, estimator=LGBMRegressor(n_jobs=-1, random_state=5999), probability_threshold=None, encoded_labels=False, raw_score=False, round=4, verbose=True, ml_usecase=None, preprocess=True, encode_labels=<function _SupervisedExperiment.predict_model.<locals>.encode_labels at 0x7f8e69719090>)
2026-01-03 16:29:53,727:INFO:Checking exceptions
2026-01-03 16:29:53,727:INFO:Preloading libraries
2026-01-03 16:29:53,733:INFO:Set up data.
2026-01-03 16:29:53,806:INFO:Set up index.
2026-01-03 16:33:47,529:INFO:Initializing predict_model()
2026-01-03 16:33:47,530:INFO:predict_model(self=<pycaret.regression.oop.RegressionExperiment object at 0x7f8e7ea1a7d0>, estimator=LGBMRegressor(n_jobs=-1, random_state=5999), probability_threshold=None, encoded_labels=False, raw_score=False, round=4, verbose=True, ml_usecase=None, preprocess=True, encode_labels=<function _SupervisedExperiment.predict_model.<locals>.encode_labels at 0x7f8e5bd07490>)
2026-01-03 16:33:47,530:INFO:Checking exceptions
2026-01-03 16:33:47,531:INFO:Preloading libraries
2026-01-03 16:33:47,535:INFO:Set up data.
2026-01-03 16:33:47,625:INFO:Set up index.
2026-01-03 16:34:41,763:WARNING:/tmp/ipykernel_67919/2397913516.py:22: UserWarning: Tight layout not applied. The bottom and top margins cannot be made large enough to accommodate all Axes decorations.
  plt.tight_layout()

2026-01-03 16:36:06,257:WARNING:/tmp/ipykernel_67919/2397913516.py:22: UserWarning: Tight layout not applied. The bottom and top margins cannot be made large enough to accommodate all Axes decorations.
  plt.tight_layout()

